session_code,participant_id_in_session,participant_code,page_index,app_name,page_name,epoch_time_completed,round_number,timeout_happened,is_wait_page
bbxf068v,1,msy0moul,0,,InitializeParticipant,1779911806,1,0,0
bbxf068v,1,msy0moul,1,presurvey,Introduction,1779911816,1,0,0
bbxf068v,2,xq6rq48b,0,,InitializeParticipant,1779911840,1,0,0
bbxf068v,1,msy0moul,2,presurvey,AudioCheck,1779911841,1,0,0
bbxf068v,2,xq6rq48b,1,presurvey,Introduction,1779911851,1,0,0
bbxf068v,1,msy0moul,3,presurvey,Demographics,1779911862,1,0,0
bbxf068v,2,xq6rq48b,2,presurvey,AudioCheck,1779911872,1,0,0
bbxf068v,1,msy0moul,4,presurvey,NeighborhoodInstruction,1779911878,1,0,0
bbxf068v,2,xq6rq48b,3,presurvey,Demographics,1779911893,1,0,0
bbxf068v,1,msy0moul,5,presurvey,Training,1779911910,1,0,0
bbxf068v,3,x5wu24vm,0,,InitializeParticipant,1779911923,1,0,0
bbxf068v,4,50c4a10g,0,,InitializeParticipant,1779911927,1,0,0
bbxf068v,2,xq6rq48b,4,presurvey,NeighborhoodInstruction,1779911928,1,0,0
bbxf068v,4,50c4a10g,1,presurvey,Introduction,1779911933,1,0,0
bbxf068v,4,50c4a10g,2,presurvey,AudioCheck,1779911948,1,0,0
bbxf068v,5,l2r8344f,0,,InitializeParticipant,1779911953,1,0,0
bbxf068v,3,x5wu24vm,1,presurvey,Introduction,1779911953,1,0,0
bbxf068v,1,msy0moul,6,presurvey,TrainingNeighbor_1,1779911956,1,0,0
bbxf068v,6,1t6yaazq,0,,InitializeParticipant,1779911958,1,0,0
bbxf068v,7,hfocqbnb,0,,InitializeParticipant,1779911964,1,0,0
bbxf068v,5,l2r8344f,1,presurvey,Introduction,1779911969,1,0,0
bbxf068v,2,xq6rq48b,5,presurvey,Training,1779911973,1,0,0
bbxf068v,5,l2r8344f,2,presurvey,AudioCheck,1779911981,1,0,0
bbxf068v,8,zl1w4xo0,0,,InitializeParticipant,1779911984,1,0,0
bbxf068v,4,50c4a10g,3,presurvey,Demographics,1779911985,1,0,0
bbxf068v,1,msy0moul,7,presurvey,TrainingNeighbor_2,1779911987,1,0,0
bbxf068v,8,zl1w4xo0,1,presurvey,Introduction,1779911989,1,0,0
bbxf068v,3,x5wu24vm,2,presurvey,AudioCheck,1779911993,1,0,0
bbxf068v,1,msy0moul,10,presurvey,ExperimentInstruction,1779911993,1,0,0
bbxf068v,7,hfocqbnb,1,presurvey,Introduction,1779911993,1,0,0
bbxf068v,5,l2r8344f,3,presurvey,Demographics,1779911995,1,0,0
bbxf068v,6,1t6yaazq,1,presurvey,Introduction,1779911997,1,0,0
bbxf068v,8,zl1w4xo0,2,presurvey,AudioCheck,1779911999,1,0,0
bbxf068v,4,50c4a10g,4,presurvey,NeighborhoodInstruction,1779912000,1,0,0
bbxf068v,9,poxtnk94,0,,InitializeParticipant,1779912003,1,0,0
bbxf068v,10,pibas1jw,0,,InitializeParticipant,1779912004,1,0,0
bbxf068v,3,x5wu24vm,3,presurvey,Demographics,1779912004,1,0,0
bbxf068v,7,hfocqbnb,2,presurvey,AudioCheck,1779912008,1,0,0
bbxf068v,5,l2r8344f,4,presurvey,NeighborhoodInstruction,1779912010,1,0,0
bbxf068v,6,1t6yaazq,2,presurvey,AudioCheck,1779912010,1,0,0
bbxf068v,11,6i0nt4q6,0,,InitializeParticipant,1779912012,1,0,0
bbxf068v,8,zl1w4xo0,3,presurvey,Demographics,1779912013,1,0,0
bbxf068v,12,fhre1wri,0,,InitializeParticipant,1779912015,1,0,0
bbxf068v,11,6i0nt4q6,1,presurvey,Introduction,1779912017,1,0,0
bbxf068v,13,qqacmisc,0,,InitializeParticipant,1779912022,1,0,0
bbxf068v,10,pibas1jw,1,presurvey,Introduction,1779912023,1,0,0
bbxf068v,3,x5wu24vm,4,presurvey,NeighborhoodInstruction,1779912025,1,0,0
bbxf068v,9,poxtnk94,1,presurvey,Introduction,1779912028,1,0,0
bbxf068v,8,zl1w4xo0,4,presurvey,NeighborhoodInstruction,1779912028,1,0,0
bbxf068v,11,6i0nt4q6,2,presurvey,AudioCheck,1779912030,1,0,0
bbxf068v,7,hfocqbnb,3,presurvey,Demographics,1779912031,1,0,0
bbxf068v,14,wx7syaqw,0,,InitializeParticipant,1779912033,1,0,0
bbxf068v,6,1t6yaazq,3,presurvey,Demographics,1779912033,1,0,0
bbxf068v,2,xq6rq48b,6,presurvey,TrainingNeighbor_1,1779912035,1,0,0
bbxf068v,15,b1j2694r,0,,InitializeParticipant,1779912036,1,0,0
bbxf068v,12,fhre1wri,1,presurvey,Introduction,1779912039,1,0,0
bbxf068v,5,l2r8344f,5,presurvey,Training,1779912040,1,0,0
bbxf068v,10,pibas1jw,2,presurvey,AudioCheck,1779912041,1,0,0
bbxf068v,8,zl1w4xo0,5,presurvey,Training,1779912045,1,0,0
bbxf068v,4,50c4a10g,5,presurvey,Training,1779912045,1,0,0
bbxf068v,16,nuzrod57,0,,InitializeParticipant,1779912046,1,0,0
bbxf068v,17,3aotcon0,0,,InitializeParticipant,1779912047,1,0,0
bbxf068v,9,poxtnk94,2,presurvey,AudioCheck,1779912047,1,0,0
bbxf068v,1,msy0moul,11,presurvey,Scenario,1779912049,1,0,0
bbxf068v,3,x5wu24vm,5,presurvey,Training,1779912055,1,0,0
bbxf068v,2,xq6rq48b,7,presurvey,TrainingNeighbor_2,1779912055,1,0,0
bbxf068v,7,hfocqbnb,4,presurvey,NeighborhoodInstruction,1779912055,1,0,0
bbxf068v,14,wx7syaqw,1,presurvey,Introduction,1779912055,1,0,0
bbxf068v,13,qqacmisc,1,presurvey,Introduction,1779912055,1,0,0
bbxf068v,18,tz25ogt7,0,,InitializeParticipant,1779912056,1,0,0
bbxf068v,10,pibas1jw,3,presurvey,Demographics,1779912056,1,0,0
bbxf068v,19,7z3q2v23,0,,InitializeParticipant,1779912060,1,0,0
bbxf068v,18,tz25ogt7,1,presurvey,Introduction,1779912061,1,0,0
bbxf068v,16,nuzrod57,1,presurvey,Introduction,1779912062,1,0,0
bbxf068v,9,poxtnk94,3,presurvey,Demographics,1779912062,1,0,0
bbxf068v,11,6i0nt4q6,3,presurvey,Demographics,1779912067,1,0,0
bbxf068v,17,3aotcon0,1,presurvey,Introduction,1779912068,1,0,0
bbxf068v,9,poxtnk94,4,presurvey,NeighborhoodInstruction,1779912069,1,0,0
bbxf068v,18,tz25ogt7,2,presurvey,AudioCheck,1779912070,1,0,0
bbxf068v,10,pibas1jw,4,presurvey,NeighborhoodInstruction,1779912072,1,0,0
bbxf068v,20,q2v4qxta,0,,InitializeParticipant,1779912072,1,0,0
bbxf068v,12,fhre1wri,2,presurvey,AudioCheck,1779912073,1,0,0
bbxf068v,14,wx7syaqw,2,presurvey,AudioCheck,1779912073,1,0,0
bbxf068v,16,nuzrod57,2,presurvey,AudioCheck,1779912074,1,0,0
bbxf068v,9,poxtnk94,5,presurvey,Training,1779912075,1,0,0
bbxf068v,11,6i0nt4q6,4,presurvey,NeighborhoodInstruction,1779912075,1,0,0
bbxf068v,13,qqacmisc,2,presurvey,AudioCheck,1779912077,1,0,0
bbxf068v,15,b1j2694r,1,presurvey,Introduction,1779912077,1,0,0
bbxf068v,17,3aotcon0,2,presurvey,AudioCheck,1779912080,1,0,0
bbxf068v,2,xq6rq48b,10,presurvey,ExperimentInstruction,1779912081,1,0,0
bbxf068v,5,l2r8344f,6,presurvey,TrainingNeighbor_1,1779912081,1,0,0
bbxf068v,3,x5wu24vm,6,presurvey,TrainingNeighbor_1,1779912084,1,0,0
bbxf068v,16,nuzrod57,3,presurvey,Demographics,1779912085,1,0,0
bbxf068v,21,tgtvr1qy,0,,InitializeParticipant,1779912087,1,0,0
bbxf068v,7,hfocqbnb,5,presurvey,Training,1779912088,1,0,0
bbxf068v,22,7rqykvzw,0,,InitializeParticipant,1779912090,1,0,0
bbxf068v,20,q2v4qxta,1,presurvey,Introduction,1779912090,1,0,0
bbxf068v,21,tgtvr1qy,1,presurvey,Introduction,1779912091,1,0,0
bbxf068v,6,1t6yaazq,4,presurvey,NeighborhoodInstruction,1779912091,1,0,0
bbxf068v,5,l2r8344f,10,presurvey,ExperimentInstruction,1779912094,1,0,0
bbxf068v,17,3aotcon0,3,presurvey,Demographics,1779912094,1,0,0
bbxf068v,19,7z3q2v23,1,presurvey,Introduction,1779912096,1,0,0
bbxf068v,8,zl1w4xo0,6,presurvey,TrainingNeighbor_1,1779912096,1,0,0
bbxf068v,18,tz25ogt7,3,presurvey,Demographics,1779912096,1,0,0
bbxf068v,14,wx7syaqw,3,presurvey,Demographics,1779912099,1,0,0
bbxf068v,21,tgtvr1qy,2,presurvey,AudioCheck,1779912099,1,0,0
bbxf068v,17,3aotcon0,4,presurvey,NeighborhoodInstruction,1779912100,1,0,0
bbxf068v,22,7rqykvzw,1,presurvey,Introduction,1779912101,1,0,0
bbxf068v,12,fhre1wri,3,presurvey,Demographics,1779912102,1,0,0
bbxf068v,9,poxtnk94,6,presurvey,TrainingNeighbor_1,1779912103,1,0,0
bbxf068v,8,zl1w4xo0,7,presurvey,TrainingNeighbor_2,1779912104,1,0,0
bbxf068v,19,7z3q2v23,2,presurvey,AudioCheck,1779912106,1,0,0
bbxf068v,4,50c4a10g,6,presurvey,TrainingNeighbor_1,1779912108,1,0,0
bbxf068v,9,poxtnk94,7,presurvey,TrainingNeighbor_2,1779912110,1,0,0
bbxf068v,21,tgtvr1qy,3,presurvey,Demographics,1779912111,1,0,0
bbxf068v,17,3aotcon0,5,presurvey,Training,1779912111,1,0,0
bbxf068v,18,tz25ogt7,4,presurvey,NeighborhoodInstruction,1779912113,1,0,0
bbxf068v,23,thedduhw,0,,InitializeParticipant,1779912114,1,0,0
bbxf068v,9,poxtnk94,10,presurvey,ExperimentInstruction,1779912115,1,0,0
bbxf068v,11,6i0nt4q6,5,presurvey,Training,1779912115,1,0,0
bbxf068v,19,7z3q2v23,3,presurvey,Demographics,1779912115,1,0,0
bbxf068v,20,q2v4qxta,2,presurvey,AudioCheck,1779912118,1,0,0
bbxf068v,8,zl1w4xo0,10,presurvey,ExperimentInstruction,1779912118,1,0,0
bbxf068v,12,fhre1wri,4,presurvey,NeighborhoodInstruction,1779912118,1,0,0
bbxf068v,15,b1j2694r,2,presurvey,AudioCheck,1779912118,1,0,0
bbxf068v,22,7rqykvzw,2,presurvey,AudioCheck,1779912119,1,0,0
bbxf068v,13,qqacmisc,3,presurvey,Demographics,1779912120,1,0,0
bbxf068v,19,7z3q2v23,4,presurvey,NeighborhoodInstruction,1779912122,1,0,0
bbxf068v,16,nuzrod57,4,presurvey,NeighborhoodInstruction,1779912125,1,0,0
bbxf068v,21,tgtvr1qy,4,presurvey,NeighborhoodInstruction,1779912126,1,0,0
bbxf068v,9,poxtnk94,11,presurvey,Scenario,1779912127,1,0,0
bbxf068v,4,50c4a10g,7,presurvey,TrainingNeighbor_2,1779912127,1,0,0
bbxf068v,2,xq6rq48b,11,presurvey,Scenario,1779912128,1,0,0
bbxf068v,10,pibas1jw,5,presurvey,Training,1779912135,1,0,0
bbxf068v,5,l2r8344f,11,presurvey,Scenario,1779912135,1,0,0
bbxf068v,14,wx7syaqw,4,presurvey,NeighborhoodInstruction,1779912135,1,0,0
bbxf068v,17,3aotcon0,6,presurvey,TrainingNeighbor_1,1779912135,1,0,0
bbxf068v,22,7rqykvzw,3,presurvey,Demographics,1779912135,1,0,0
bbxf068v,8,zl1w4xo0,11,presurvey,Scenario,1779912135,1,0,0
bbxf068v,4,50c4a10g,10,presurvey,ExperimentInstruction,1779912141,1,0,0
bbxf068v,7,hfocqbnb,6,presurvey,TrainingNeighbor_1,1779912141,1,0,0
bbxf068v,20,q2v4qxta,3,presurvey,Demographics,1779912142,1,0,0
bbxf068v,21,tgtvr1qy,5,presurvey,Training,1779912142,1,0,0
bbxf068v,19,7z3q2v23,5,presurvey,Training,1779912142,1,0,0
bbxf068v,23,thedduhw,1,presurvey,Introduction,1779912142,1,0,0
bbxf068v,9,poxtnk94,12,presurvey,Commitment,1779912143,1,0,0
bbxf068v,18,tz25ogt7,5,presurvey,Training,1779912144,1,0,0
bbxf068v,6,1t6yaazq,5,presurvey,Training,1779912146,1,0,0
bbxf068v,17,3aotcon0,10,presurvey,ExperimentInstruction,1779912147,1,0,0
bbxf068v,15,b1j2694r,3,presurvey,Demographics,1779912149,1,0,0
bbxf068v,7,hfocqbnb,7,presurvey,TrainingNeighbor_2,1779912150,1,0,0
bbxf068v,22,7rqykvzw,4,presurvey,NeighborhoodInstruction,1779912152,1,0,0
bbxf068v,12,fhre1wri,5,presurvey,Training,1779912154,1,0,0
bbxf068v,3,x5wu24vm,7,presurvey,TrainingNeighbor_2,1779912154,1,0,0
bbxf068v,21,tgtvr1qy,6,presurvey,TrainingNeighbor_1,1779912154,1,0,0
bbxf068v,16,nuzrod57,5,presurvey,Training,1779912155,1,0,0
bbxf068v,19,7z3q2v23,6,presurvey,TrainingNeighbor_1,1779912157,1,0,0
bbxf068v,17,3aotcon0,11,presurvey,Scenario,1779912158,1,0,0
bbxf068v,21,tgtvr1qy,7,presurvey,TrainingNeighbor_2,1779912165,1,0,0
bbxf068v,23,thedduhw,2,presurvey,AudioCheck,1779912165,1,0,0
bbxf068v,19,7z3q2v23,10,presurvey,ExperimentInstruction,1779912165,1,0,0
bbxf068v,3,x5wu24vm,8,presurvey,AttentionCheck,1779912165,1,0,0
bbxf068v,7,hfocqbnb,10,presurvey,ExperimentInstruction,1779912166,1,0,0
bbxf068v,11,6i0nt4q6,6,presurvey,TrainingNeighbor_1,1779912166,1,0,0
bbxf068v,20,q2v4qxta,4,presurvey,NeighborhoodInstruction,1779912166,1,0,0
bbxf068v,18,tz25ogt7,6,presurvey,TrainingNeighbor_1,1779912168,1,0,0
bbxf068v,24,fwy85lxy,0,,InitializeParticipant,1779912171,1,0,0
bbxf068v,15,b1j2694r,4,presurvey,NeighborhoodInstruction,1779912172,1,0,0
bbxf068v,18,tz25ogt7,7,presurvey,TrainingNeighbor_2,1779912174,1,0,0
bbxf068v,21,tgtvr1qy,8,presurvey,AttentionCheck,1779912176,1,0,0
bbxf068v,11,6i0nt4q6,10,presurvey,ExperimentInstruction,1779912177,1,0,0
bbxf068v,22,7rqykvzw,5,presurvey,Training,1779912178,1,0,0
bbxf068v,3,x5wu24vm,9,presurvey,TrainingNeighbor_3,1779912180,1,0,0
bbxf068v,4,50c4a10g,11,presurvey,Scenario,1779912183,1,0,0
bbxf068v,6,1t6yaazq,6,presurvey,TrainingNeighbor_1,1779912184,1,0,0
bbxf068v,19,7z3q2v23,11,presurvey,Scenario,1779912187,1,0,0
bbxf068v,18,tz25ogt7,10,presurvey,ExperimentInstruction,1779912187,1,0,0
bbxf068v,7,hfocqbnb,11,presurvey,Scenario,1779912187,1,0,0
bbxf068v,5,l2r8344f,12,presurvey,Commitment,1779912188,1,0,0
bbxf068v,10,pibas1jw,6,presurvey,TrainingNeighbor_1,1779912189,1,0,0
bbxf068v,21,tgtvr1qy,9,presurvey,TrainingNeighbor_3,1779912189,1,0,0
bbxf068v,13,qqacmisc,4,presurvey,NeighborhoodInstruction,1779912190,1,0,0
bbxf068v,24,fwy85lxy,1,presurvey,Introduction,1779912191,1,0,0
bbxf068v,23,thedduhw,3,presurvey,Demographics,1779912193,1,0,0
bbxf068v,21,tgtvr1qy,10,presurvey,ExperimentInstruction,1779912194,1,0,0
bbxf068v,6,1t6yaazq,10,presurvey,ExperimentInstruction,1779912197,1,0,0
bbxf068v,12,fhre1wri,6,presurvey,TrainingNeighbor_1,1779912200,1,0,0
bbxf068v,3,x5wu24vm,10,presurvey,ExperimentInstruction,1779912206,1,0,0
bbxf068v,16,nuzrod57,6,presurvey,TrainingNeighbor_1,1779912208,1,0,0
bbxf068v,24,fwy85lxy,2,presurvey,AudioCheck,1779912208,1,0,0
bbxf068v,19,7z3q2v23,12,presurvey,Commitment,1779912212,1,0,0
bbxf068v,14,wx7syaqw,5,presurvey,Training,1779912214,1,0,0
bbxf068v,22,7rqykvzw,6,presurvey,TrainingNeighbor_1,1779912214,1,0,0
bbxf068v,16,nuzrod57,7,presurvey,TrainingNeighbor_2,1779912219,1,0,0
bbxf068v,25,4prqxda8,0,,InitializeParticipant,1779912220,1,0,0
bbxf068v,12,fhre1wri,10,presurvey,ExperimentInstruction,1779912220,1,0,0
bbxf068v,24,fwy85lxy,3,presurvey,Demographics,1779912223,1,0,0
bbxf068v,25,4prqxda8,1,presurvey,Introduction,1779912224,1,0,0
bbxf068v,10,pibas1jw,7,presurvey,TrainingNeighbor_2,1779912224,1,0,0
bbxf068v,23,thedduhw,4,presurvey,NeighborhoodInstruction,1779912224,1,0,0
bbxf068v,20,q2v4qxta,5,presurvey,Training,1779912226,1,0,0
bbxf068v,18,tz25ogt7,11,presurvey,Scenario,1779912228,1,0,0
bbxf068v,10,pibas1jw,10,presurvey,ExperimentInstruction,1779912234,1,0,0
bbxf068v,11,6i0nt4q6,11,presurvey,Scenario,1779912234,1,0,0
bbxf068v,25,4prqxda8,2,presurvey,AudioCheck,1779912234,1,0,0
bbxf068v,21,tgtvr1qy,11,presurvey,Scenario,1779912234,1,0,0
bbxf068v,15,b1j2694r,5,presurvey,Training,1779912242,1,0,0
bbxf068v,22,7rqykvzw,10,presurvey,ExperimentInstruction,1779912242,1,0,0
bbxf068v,24,fwy85lxy,4,presurvey,NeighborhoodInstruction,1779912242,1,0,0
bbxf068v,7,hfocqbnb,12,presurvey,Commitment,1779912242,1,0,0
bbxf068v,16,nuzrod57,10,presurvey,ExperimentInstruction,1779912242,1,0,0
bbxf068v,6,1t6yaazq,11,presurvey,Scenario,1779912242,1,0,0
bbxf068v,3,x5wu24vm,11,presurvey,Scenario,1779912246,1,0,0
bbxf068v,25,4prqxda8,3,presurvey,Demographics,1779912255,1,0,0
bbxf068v,25,4prqxda8,4,presurvey,NeighborhoodInstruction,1779912260,1,0,0
bbxf068v,22,7rqykvzw,11,presurvey,Scenario,1779912262,1,0,0
bbxf068v,10,pibas1jw,11,presurvey,Scenario,1779912263,1,0,0
bbxf068v,4,50c4a10g,12,presurvey,Commitment,1779912264,1,0,0
bbxf068v,12,fhre1wri,11,presurvey,Scenario,1779912264,1,0,0
bbxf068v,13,qqacmisc,5,presurvey,Training,1779912281,1,0,0
bbxf068v,16,nuzrod57,11,presurvey,Scenario,1779912281,1,0,0
bbxf068v,23,thedduhw,5,presurvey,Training,1779912282,1,0,0
bbxf068v,24,fwy85lxy,5,presurvey,Training,1779912282,1,0,0
bbxf068v,14,wx7syaqw,6,presurvey,TrainingNeighbor_1,1779912294,1,0,0
bbxf068v,6,1t6yaazq,12,presurvey,Commitment,1779912300,1,0,0
bbxf068v,20,q2v4qxta,6,presurvey,TrainingNeighbor_1,1779912302,1,0,0
bbxf068v,14,wx7syaqw,7,presurvey,TrainingNeighbor_2,1779912303,1,0,0
bbxf068v,26,u9kx9xnk,0,,InitializeParticipant,1779912304,1,0,0
bbxf068v,25,4prqxda8,5,presurvey,Training,1779912306,1,0,0
bbxf068v,3,x5wu24vm,12,presurvey,Commitment,1779912308,1,0,0
bbxf068v,22,7rqykvzw,12,presurvey,Commitment,1779912310,1,0,0
bbxf068v,15,b1j2694r,6,presurvey,TrainingNeighbor_1,1779912311,1,0,0
bbxf068v,11,6i0nt4q6,12,presurvey,Commitment,1779912312,1,0,0
bbxf068v,24,fwy85lxy,6,presurvey,TrainingNeighbor_1,1779912317,1,0,0
bbxf068v,14,wx7syaqw,10,presurvey,ExperimentInstruction,1779912321,1,0,0
bbxf068v,10,pibas1jw,12,presurvey,Commitment,1779912322,1,0,0
bbxf068v,24,fwy85lxy,10,presurvey,ExperimentInstruction,1779912324,1,0,0
bbxf068v,20,q2v4qxta,7,presurvey,TrainingNeighbor_2,1779912328,1,0,0
bbxf068v,12,fhre1wri,12,presurvey,Commitment,1779912329,1,0,0
bbxf068v,25,4prqxda8,6,presurvey,TrainingNeighbor_1,1779912329,1,0,0
bbxf068v,23,thedduhw,6,presurvey,TrainingNeighbor_1,1779912337,1,0,0
bbxf068v,25,4prqxda8,10,presurvey,ExperimentInstruction,1779912338,1,0,0
bbxf068v,23,thedduhw,10,presurvey,ExperimentInstruction,1779912344,1,0,0
bbxf068v,24,fwy85lxy,11,presurvey,Scenario,1779912348,1,0,0
bbxf068v,14,wx7syaqw,11,presurvey,Scenario,1779912349,1,0,0
bbxf068v,16,nuzrod57,12,presurvey,Commitment,1779912353,1,0,0
bbxf068v,15,b1j2694r,10,presurvey,ExperimentInstruction,1779912353,1,0,0
bbxf068v,27,c6oc8uk8,0,,InitializeParticipant,1779912353,1,0,0
bbxf068v,27,c6oc8uk8,1,presurvey,Introduction,1779912356,1,0,0
bbxf068v,25,4prqxda8,11,presurvey,Scenario,1779912358,1,0,0
bbxf068v,26,u9kx9xnk,1,presurvey,Introduction,1779912358,1,0,0
bbxf068v,27,c6oc8uk8,2,presurvey,AudioCheck,1779912367,1,0,0
bbxf068v,20,q2v4qxta,10,presurvey,ExperimentInstruction,1779912367,1,0,0
bbxf068v,27,c6oc8uk8,3,presurvey,Demographics,1779912381,1,0,0
bbxf068v,25,4prqxda8,12,presurvey,Commitment,1779912385,1,0,0
bbxf068v,27,c6oc8uk8,4,presurvey,NeighborhoodInstruction,1779912387,1,0,0
bbxf068v,23,thedduhw,11,presurvey,Scenario,1779912388,1,0,0
bbxf068v,24,fwy85lxy,12,presurvey,Commitment,1779912392,1,0,0
bbxf068v,14,wx7syaqw,12,presurvey,Commitment,1779912392,1,0,0
bbxf068v,26,u9kx9xnk,2,presurvey,AudioCheck,1779912396,1,0,0
bbxf068v,13,qqacmisc,6,presurvey,TrainingNeighbor_1,1779912398,1,0,0
bbxf068v,15,b1j2694r,11,presurvey,Scenario,1779912403,1,0,0
bbxf068v,27,c6oc8uk8,5,presurvey,Training,1779912418,1,0,0
bbxf068v,23,thedduhw,12,presurvey,Commitment,1779912430,1,0,0
bbxf068v,13,qqacmisc,10,presurvey,ExperimentInstruction,1779912435,1,0,0
bbxf068v,27,c6oc8uk8,6,presurvey,TrainingNeighbor_1,1779912443,1,0,0
bbxf068v,27,c6oc8uk8,10,presurvey,ExperimentInstruction,1779912449,1,0,0
bbxf068v,20,q2v4qxta,11,presurvey,Scenario,1779912453,1,0,0
bbxf068v,26,u9kx9xnk,3,presurvey,Demographics,1779912461,1,0,0
bbxf068v,27,c6oc8uk8,11,presurvey,Scenario,1779912473,1,0,0
bbxf068v,26,u9kx9xnk,4,presurvey,NeighborhoodInstruction,1779912475,1,0,0
bbxf068v,28,op217qcj,0,,InitializeParticipant,1779912481,1,0,0
bbxf068v,13,qqacmisc,11,presurvey,Scenario,1779912495,1,0,0
bbxf068v,28,op217qcj,1,presurvey,Introduction,1779912497,1,0,0
bbxf068v,27,c6oc8uk8,12,presurvey,Commitment,1779912498,1,0,0
bbxf068v,28,op217qcj,2,presurvey,AudioCheck,1779912512,1,0,0
bbxf068v,26,u9kx9xnk,5,presurvey,Training,1779912523,1,0,0
bbxf068v,15,b1j2694r,12,presurvey,Commitment,1779912526,1,0,0
bbxf068v,28,op217qcj,3,presurvey,Demographics,1779912527,1,0,0
bbxf068v,28,op217qcj,4,presurvey,NeighborhoodInstruction,1779912542,1,0,0
bbxf068v,28,op217qcj,5,presurvey,Training,1779912586,1,0,0
bbxf068v,20,q2v4qxta,12,presurvey,Commitment,1779912589,1,0,0
bbxf068v,26,u9kx9xnk,6,presurvey,TrainingNeighbor_1,1779912604,1,0,0
bbxf068v,13,qqacmisc,12,presurvey,Commitment,1779912610,1,0,0
bbxf068v,26,u9kx9xnk,10,presurvey,ExperimentInstruction,1779912612,1,0,0
bbxf068v,29,2aa9megi,0,,InitializeParticipant,1779912646,1,0,0
bbxf068v,28,op217qcj,6,presurvey,TrainingNeighbor_1,1779912649,1,0,0
bbxf068v,28,op217qcj,7,presurvey,TrainingNeighbor_2,1779912654,1,0,0
bbxf068v,26,u9kx9xnk,11,presurvey,Scenario,1779912654,1,0,0
bbxf068v,29,2aa9megi,1,presurvey,Introduction,1779912657,1,0,0
bbxf068v,30,xmdtv26v,0,,InitializeParticipant,1779912662,1,0,0
bbxf068v,28,op217qcj,10,presurvey,ExperimentInstruction,1779912669,1,0,0
bbxf068v,29,2aa9megi,2,presurvey,AudioCheck,1779912680,1,0,0
bbxf068v,30,xmdtv26v,1,presurvey,Introduction,1779912687,1,0,0
bbxf068v,29,2aa9megi,3,presurvey,Demographics,1779912696,1,0,0
bbxf068v,30,xmdtv26v,2,presurvey,AudioCheck,1779912699,1,0,0
bbxf068v,30,xmdtv26v,3,presurvey,Demographics,1779912712,1,0,0
bbxf068v,29,2aa9megi,4,presurvey,NeighborhoodInstruction,1779912714,1,0,0
bbxf068v,30,xmdtv26v,4,presurvey,NeighborhoodInstruction,1779912714,1,0,0
bbxf068v,30,xmdtv26v,5,presurvey,Training,1779912719,1,0,0
bbxf068v,28,op217qcj,11,presurvey,Scenario,1779912729,1,0,0
bbxf068v,30,xmdtv26v,6,presurvey,TrainingNeighbor_1,1779912738,1,0,0
bbxf068v,31,io0kiwv9,0,,InitializeParticipant,1779912741,1,0,0
bbxf068v,30,xmdtv26v,7,presurvey,TrainingNeighbor_2,1779912744,1,0,0
bbxf068v,30,xmdtv26v,10,presurvey,ExperimentInstruction,1779912747,1,0,0
bbxf068v,26,u9kx9xnk,12,presurvey,Commitment,1779912755,1,0,0
bbxf068v,29,2aa9megi,5,presurvey,Training,1779912762,1,0,0
bbxf068v,30,xmdtv26v,11,presurvey,Scenario,1779912766,1,0,0
bbxf068v,31,io0kiwv9,1,presurvey,Introduction,1779912784,1,0,0
bbxf068v,31,io0kiwv9,2,presurvey,AudioCheck,1779912794,1,0,0
bbxf068v,29,2aa9megi,6,presurvey,TrainingNeighbor_1,1779912798,1,0,0
bbxf068v,29,2aa9megi,10,presurvey,ExperimentInstruction,1779912808,1,0,0
bbxf068v,31,io0kiwv9,3,presurvey,Demographics,1779912819,1,0,0
bbxf068v,31,io0kiwv9,4,presurvey,NeighborhoodInstruction,1779912832,1,0,0
bbxf068v,29,2aa9megi,11,presurvey,Scenario,1779912863,1,0,0
bbxf068v,9,poxtnk94,13,mock_N08_N04_Aonly,GroupingWaitPage,1779912865,1,0,1
bbxf068v,9,poxtnk94,14,mock_N08_N04_Aonly,GroupSizeWaitPage,1779912869,1,0,1
bbxf068v,9,poxtnk94,15,mock_N08_N04_Aonly,AttentionCheck,1779912876,1,0,0
bbxf068v,31,io0kiwv9,5,presurvey,Training,1779912879,1,0,0
bbxf068v,32,cvbxphh4,0,,InitializeParticipant,1779912893,1,0,0
bbxf068v,32,cvbxphh4,1,presurvey,Introduction,1779912902,1,0,0
bbxf068v,5,l2r8344f,13,mock_N08_N04_Aonly,GroupingWaitPage,1779912909,1,0,1
bbxf068v,5,l2r8344f,14,mock_N08_N04_Aonly,GroupSizeWaitPage,1779912912,1,0,1
bbxf068v,31,io0kiwv9,6,presurvey,TrainingNeighbor_1,1779912914,1,0,0
bbxf068v,5,l2r8344f,15,mock_N08_N04_Aonly,AttentionCheck,1779912918,1,0,0
bbxf068v,29,2aa9megi,12,presurvey,Commitment,1779912925,1,0,0
bbxf068v,19,7z3q2v23,13,mock_N08_N04_Aonly,GroupingWaitPage,1779912933,1,0,1
bbxf068v,31,io0kiwv9,7,presurvey,TrainingNeighbor_2,1779912938,1,0,0
bbxf068v,19,7z3q2v23,14,mock_N08_N04_Aonly,GroupSizeWaitPage,1779912939,1,0,1
bbxf068v,33,xnj3lgie,0,,InitializeParticipant,1779912943,1,0,0
bbxf068v,19,7z3q2v23,15,mock_N08_N04_Aonly,AttentionCheck,1779912945,1,0,0
bbxf068v,31,io0kiwv9,10,presurvey,ExperimentInstruction,1779912951,1,0,0
bbxf068v,33,xnj3lgie,1,presurvey,Introduction,1779912958,1,0,0
bbxf068v,7,hfocqbnb,13,mock_N08_N04_Aonly,GroupingWaitPage,1779912964,1,0,1
bbxf068v,32,cvbxphh4,2,presurvey,AudioCheck,1779912964,1,0,0
bbxf068v,7,hfocqbnb,14,mock_N08_N04_Aonly,GroupSizeWaitPage,1779912966,1,0,1
bbxf068v,7,hfocqbnb,15,mock_N08_N04_Aonly,AttentionCheck,1779912974,1,0,0
bbxf068v,31,io0kiwv9,11,presurvey,Scenario,1779912981,1,0,0
bbxf068v,33,xnj3lgie,2,presurvey,AudioCheck,1779912982,1,0,0
bbxf068v,4,50c4a10g,13,mock_N08_N04_Aonly,GroupingWaitPage,1779912984,1,0,1
bbxf068v,4,50c4a10g,14,mock_N08_N04_Aonly,GroupSizeWaitPage,1779912987,1,0,1
bbxf068v,33,xnj3lgie,3,presurvey,Demographics,1779912993,1,0,0
bbxf068v,4,50c4a10g,15,mock_N08_N04_Aonly,AttentionCheck,1779912997,1,0,0
bbxf068v,32,cvbxphh4,3,presurvey,Demographics,1779912999,1,0,0
bbxf068v,33,xnj3lgie,4,presurvey,NeighborhoodInstruction,1779913016,1,0,0
bbxf068v,31,io0kiwv9,12,presurvey,Commitment,1779913021,1,0,0
bbxf068v,10,pibas1jw,13,mock_N08_N04_Aonly,GroupingWaitPage,1779913023,1,0,1
bbxf068v,11,6i0nt4q6,13,mock_N08_N04_Aonly,GroupingWaitPage,1779913023,1,0,1
bbxf068v,15,b1j2694r,13,mock_N08_N04_Aonly,GroupingWaitPage,1779913023,1,0,1
bbxf068v,22,7rqykvzw,13,mock_N08_N04_Aonly,GroupingWaitPage,1779913023,1,0,1
bbxf068v,23,thedduhw,13,mock_N08_N04_Aonly,GroupingWaitPage,1779913023,1,0,1
bbxf068v,24,fwy85lxy,13,mock_N08_N04_Aonly,GroupingWaitPage,1779913023,1,0,1
bbxf068v,27,c6oc8uk8,13,mock_N08_N04_Aonly,GroupingWaitPage,1779913023,1,0,1
bbxf068v,31,io0kiwv9,13,mock_N08_N04_Aonly,GroupingWaitPage,1779913023,1,0,1
bbxf068v,6,1t6yaazq,13,mock_N08_N04_Aonly,GroupingWaitPage,1779913023,1,0,1
bbxf068v,6,1t6yaazq,14,mock_N08_N04_Aonly,GroupSizeWaitPage,1779913025,1,0,1
bbxf068v,10,pibas1jw,14,mock_N08_N04_Aonly,GroupSizeWaitPage,1779913025,1,0,1
bbxf068v,11,6i0nt4q6,14,mock_N08_N04_Aonly,GroupSizeWaitPage,1779913025,1,0,1
bbxf068v,15,b1j2694r,14,mock_N08_N04_Aonly,GroupSizeWaitPage,1779913025,1,0,1
bbxf068v,22,7rqykvzw,14,mock_N08_N04_Aonly,GroupSizeWaitPage,1779913025,1,0,1
bbxf068v,23,thedduhw,14,mock_N08_N04_Aonly,GroupSizeWaitPage,1779913025,1,0,1
bbxf068v,24,fwy85lxy,14,mock_N08_N04_Aonly,GroupSizeWaitPage,1779913025,1,0,1
bbxf068v,27,c6oc8uk8,14,mock_N08_N04_Aonly,GroupSizeWaitPage,1779913025,1,0,1
bbxf068v,31,io0kiwv9,14,mock_N08_N04_Aonly,GroupSizeWaitPage,1779913025,1,0,1
bbxf068v,10,pibas1jw,16,mock_N08_N04_Aonly,DiscussionGRPWaitPage,1779913025,1,0,1
bbxf068v,11,6i0nt4q6,16,mock_N08_N04_Aonly,DiscussionGRPWaitPage,1779913025,1,0,1
bbxf068v,15,b1j2694r,16,mock_N08_N04_Aonly,DiscussionGRPWaitPage,1779913025,1,0,1
bbxf068v,22,7rqykvzw,16,mock_N08_N04_Aonly,DiscussionGRPWaitPage,1779913025,1,0,1
bbxf068v,23,thedduhw,16,mock_N08_N04_Aonly,DiscussionGRPWaitPage,1779913025,1,0,1
bbxf068v,24,fwy85lxy,16,mock_N08_N04_Aonly,DiscussionGRPWaitPage,1779913025,1,0,1
bbxf068v,27,c6oc8uk8,16,mock_N08_N04_Aonly,DiscussionGRPWaitPage,1779913025,1,0,1
bbxf068v,31,io0kiwv9,16,mock_N08_N04_Aonly,DiscussionGRPWaitPage,1779913025,1,0,1
bbxf068v,3,x5wu24vm,13,mock_N08_N04_Aonly,GroupingWaitPage,1779913029,1,0,1
bbxf068v,3,x5wu24vm,14,mock_N08_N04_Aonly,GroupSizeWaitPage,1779913030,1,0,1
bbxf068v,6,1t6yaazq,15,mock_N08_N04_Aonly,AttentionCheck,1779913033,1,0,0
bbxf068v,3,x5wu24vm,15,mock_N08_N04_Aonly,AttentionCheck,1779913035,1,0,0
bbxf068v,32,cvbxphh4,4,presurvey,NeighborhoodInstruction,1779913041,1,0,0
bbxf068v,24,fwy85lxy,17,mock_N08_N04_Aonly,Nudge,1779913044,1,0,0
bbxf068v,22,7rqykvzw,17,mock_N08_N04_Aonly,Nudge,1779913044,1,0,0
bbxf068v,23,thedduhw,17,mock_N08_N04_Aonly,Nudge,1779913048,1,0,0
bbxf068v,27,c6oc8uk8,17,mock_N08_N04_Aonly,Nudge,1779913048,1,0,0
bbxf068v,12,fhre1wri,13,mock_N08_N04_Aonly,GroupingWaitPage,1779913050,1,0,1
bbxf068v,31,io0kiwv9,17,mock_N08_N04_Aonly,Nudge,1779913050,1,0,0
bbxf068v,12,fhre1wri,14,mock_N08_N04_Aonly,GroupSizeWaitPage,1779913051,1,0,1
bbxf068v,33,xnj3lgie,5,presurvey,Training,1779913052,1,0,0
bbxf068v,11,6i0nt4q6,17,mock_N08_N04_Aonly,Nudge,1779913055,1,0,0
bbxf068v,24,fwy85lxy,18,mock_N08_N04_Aonly,NudgeTraining,1779913055,1,0,0
bbxf068v,15,b1j2694r,17,mock_N08_N04_Aonly,Nudge,1779913056,1,0,0
bbxf068v,22,7rqykvzw,18,mock_N08_N04_Aonly,NudgeTraining,1779913058,1,0,0
bbxf068v,23,thedduhw,18,mock_N08_N04_Aonly,NudgeTraining,1779913058,1,0,0
bbxf068v,12,fhre1wri,15,mock_N08_N04_Aonly,AttentionCheck,1779913062,1,0,0
bbxf068v,10,pibas1jw,17,mock_N08_N04_Aonly,Nudge,1779913064,1,0,0
bbxf068v,31,io0kiwv9,18,mock_N08_N04_Aonly,NudgeTraining,1779913064,1,0,0
bbxf068v,24,fwy85lxy,19,mock_N08_N04_Aonly,NudgeTrainingLast,1779913065,1,0,0
bbxf068v,22,7rqykvzw,19,mock_N08_N04_Aonly,NudgeTrainingLast,1779913066,1,0,0
bbxf068v,11,6i0nt4q6,18,mock_N08_N04_Aonly,NudgeTraining,1779913067,1,0,0
bbxf068v,23,thedduhw,19,mock_N08_N04_Aonly,NudgeTrainingLast,1779913069,1,0,0
bbxf068v,15,b1j2694r,18,mock_N08_N04_Aonly,NudgeTraining,1779913073,1,0,0
bbxf068v,10,pibas1jw,18,mock_N08_N04_Aonly,NudgeTraining,1779913073,1,0,0
bbxf068v,31,io0kiwv9,19,mock_N08_N04_Aonly,NudgeTrainingLast,1779913086,1,0,0
bbxf068v,11,6i0nt4q6,19,mock_N08_N04_Aonly,NudgeTrainingLast,1779913088,1,0,0
bbxf068v,22,7rqykvzw,20,mock_N08_N04_Aonly,Phase3,1779913089,1,0,0
bbxf068v,33,xnj3lgie,6,presurvey,TrainingNeighbor_1,1779913092,1,0,0
bbxf068v,24,fwy85lxy,20,mock_N08_N04_Aonly,Phase3,1779913093,1,0,0
bbxf068v,31,io0kiwv9,20,mock_N08_N04_Aonly,Phase3,1779913097,1,0,0
bbxf068v,15,b1j2694r,19,mock_N08_N04_Aonly,NudgeTrainingLast,1779913097,1,0,0
bbxf068v,22,7rqykvzw,21,mock_N08_N04_Aonly,Discussion,1779913103,1,0,0
bbxf068v,23,thedduhw,20,mock_N08_N04_Aonly,Phase3,1779913107,1,0,0
bbxf068v,11,6i0nt4q6,20,mock_N08_N04_Aonly,Phase3,1779913108,1,0,0
bbxf068v,25,4prqxda8,13,mock_N08_N04_Aonly,GroupingWaitPage,1779913110,1,0,1
bbxf068v,25,4prqxda8,14,mock_N08_N04_Aonly,GroupSizeWaitPage,1779913110,1,0,1
bbxf068v,31,io0kiwv9,21,mock_N08_N04_Aonly,Discussion,1779913113,1,0,0
bbxf068v,14,wx7syaqw,13,mock_N08_N04_Aonly,GroupingWaitPage,1779913115,1,0,1
bbxf068v,33,xnj3lgie,7,presurvey,TrainingNeighbor_2,1779913115,1,0,0
bbxf068v,14,wx7syaqw,14,mock_N08_N04_Aonly,GroupSizeWaitPage,1779913115,1,0,1
bbxf068v,24,fwy85lxy,21,mock_N08_N04_Aonly,Discussion,1779913118,1,0,0
bbxf068v,25,4prqxda8,15,mock_N08_N04_Aonly,AttentionCheck,1779913119,1,0,0
bbxf068v,23,thedduhw,21,mock_N08_N04_Aonly,Discussion,1779913121,1,0,0
bbxf068v,33,xnj3lgie,10,presurvey,ExperimentInstruction,1779913122,1,0,0
bbxf068v,14,wx7syaqw,15,mock_N08_N04_Aonly,AttentionCheck,1779913122,1,0,0
bbxf068v,11,6i0nt4q6,21,mock_N08_N04_Aonly,Discussion,1779913130,1,0,0
bbxf068v,15,b1j2694r,20,mock_N08_N04_Aonly,Phase3,1779913134,1,0,0
bbxf068v,27,c6oc8uk8,18,mock_N08_N04_Aonly,NudgeTraining,1779913139,1,1,0
bbxf068v,27,c6oc8uk8,19,mock_N08_N04_Aonly,NudgeTrainingLast,1779913145,1,0,0
bbxf068v,33,xnj3lgie,11,presurvey,Scenario,1779913146,1,0,0
bbxf068v,15,b1j2694r,21,mock_N08_N04_Aonly,Discussion,1779913154,1,0,0
bbxf068v,27,c6oc8uk8,20,mock_N08_N04_Aonly,Phase3,1779913164,1,0,0
bbxf068v,10,pibas1jw,19,mock_N08_N04_Aonly,NudgeTrainingLast,1779913165,1,1,0
bbxf068v,34,jm3jyc1t,0,,InitializeParticipant,1779913167,1,0,0
bbxf068v,35,c3uc8xpj,0,,InitializeParticipant,1779913174,1,0,0
bbxf068v,33,xnj3lgie,12,presurvey,Commitment,1779913174,1,0,0
bbxf068v,27,c6oc8uk8,21,mock_N08_N04_Aonly,Discussion,1779913175,1,0,0
bbxf068v,32,cvbxphh4,5,presurvey,Training,1779913175,1,0,0
bbxf068v,34,jm3jyc1t,1,presurvey,Introduction,1779913176,1,0,0
bbxf068v,34,jm3jyc1t,2,presurvey,AudioCheck,1779913186,1,0,0
bbxf068v,34,jm3jyc1t,3,presurvey,Demographics,1779913198,1,0,0
bbxf068v,10,pibas1jw,20,mock_N08_N04_Aonly,Phase3,1779913199,1,0,0
bbxf068v,34,jm3jyc1t,4,presurvey,NeighborhoodInstruction,1779913204,1,0,0
bbxf068v,10,pibas1jw,21,mock_N08_N04_Aonly,Discussion,1779913208,1,0,0
bbxf068v,10,pibas1jw,28,mock_N08_N04_Aonly,DiscussionGRPWaitPage,1779913208,2,0,1
bbxf068v,11,6i0nt4q6,28,mock_N08_N04_Aonly,DiscussionGRPWaitPage,1779913208,2,0,1
bbxf068v,15,b1j2694r,28,mock_N08_N04_Aonly,DiscussionGRPWaitPage,1779913208,2,0,1
bbxf068v,22,7rqykvzw,28,mock_N08_N04_Aonly,DiscussionGRPWaitPage,1779913208,2,0,1
bbxf068v,23,thedduhw,28,mock_N08_N04_Aonly,DiscussionGRPWaitPage,1779913208,2,0,1
bbxf068v,24,fwy85lxy,28,mock_N08_N04_Aonly,DiscussionGRPWaitPage,1779913208,2,0,1
bbxf068v,27,c6oc8uk8,28,mock_N08_N04_Aonly,DiscussionGRPWaitPage,1779913208,2,0,1
bbxf068v,31,io0kiwv9,28,mock_N08_N04_Aonly,DiscussionGRPWaitPage,1779913208,2,0,1
bbxf068v,27,c6oc8uk8,33,mock_N08_N04_Aonly,Discussion,1779913215,2,0,0
bbxf068v,22,7rqykvzw,33,mock_N08_N04_Aonly,Discussion,1779913215,2,0,0
bbxf068v,24,fwy85lxy,33,mock_N08_N04_Aonly,Discussion,1779913217,2,0,0
bbxf068v,10,pibas1jw,33,mock_N08_N04_Aonly,Discussion,1779913218,2,0,0
bbxf068v,23,thedduhw,33,mock_N08_N04_Aonly,Discussion,1779913220,2,0,0
bbxf068v,31,io0kiwv9,33,mock_N08_N04_Aonly,Discussion,1779913222,2,0,0
bbxf068v,15,b1j2694r,33,mock_N08_N04_Aonly,Discussion,1779913224,2,0,0
bbxf068v,34,jm3jyc1t,5,presurvey,Training,1779913226,1,0,0
bbxf068v,11,6i0nt4q6,33,mock_N08_N04_Aonly,Discussion,1779913233,2,0,0
bbxf068v,10,pibas1jw,40,mock_N08_N04_Aonly,DiscussionGRPWaitPage,1779913234,3,0,1
bbxf068v,11,6i0nt4q6,40,mock_N08_N04_Aonly,DiscussionGRPWaitPage,1779913234,3,0,1
bbxf068v,15,b1j2694r,40,mock_N08_N04_Aonly,DiscussionGRPWaitPage,1779913234,3,0,1
bbxf068v,22,7rqykvzw,40,mock_N08_N04_Aonly,DiscussionGRPWaitPage,1779913234,3,0,1
bbxf068v,23,thedduhw,40,mock_N08_N04_Aonly,DiscussionGRPWaitPage,1779913234,3,0,1
bbxf068v,24,fwy85lxy,40,mock_N08_N04_Aonly,DiscussionGRPWaitPage,1779913234,3,0,1
bbxf068v,27,c6oc8uk8,40,mock_N08_N04_Aonly,DiscussionGRPWaitPage,1779913234,3,0,1
bbxf068v,31,io0kiwv9,40,mock_N08_N04_Aonly,DiscussionGRPWaitPage,1779913234,3,0,1
bbxf068v,24,fwy85lxy,45,mock_N08_N04_Aonly,Discussion,1779913241,3,0,0
bbxf068v,32,cvbxphh4,6,presurvey,TrainingNeighbor_1,1779913242,1,0,0
bbxf068v,10,pibas1jw,45,mock_N08_N04_Aonly,Discussion,1779913242,3,0,0
bbxf068v,27,c6oc8uk8,45,mock_N08_N04_Aonly,Discussion,1779913243,3,0,0
bbxf068v,34,jm3jyc1t,6,presurvey,TrainingNeighbor_1,1779913243,1,0,0
bbxf068v,22,7rqykvzw,45,mock_N08_N04_Aonly,Discussion,1779913243,3,0,0
bbxf068v,15,b1j2694r,45,mock_N08_N04_Aonly,Discussion,1779913245,3,0,0
bbxf068v,23,thedduhw,45,mock_N08_N04_Aonly,Discussion,1779913246,3,0,0
bbxf068v,31,io0kiwv9,45,mock_N08_N04_Aonly,Discussion,1779913247,3,0,0
bbxf068v,34,jm3jyc1t,10,presurvey,ExperimentInstruction,1779913250,1,0,0
bbxf068v,11,6i0nt4q6,45,mock_N08_N04_Aonly,Discussion,1779913250,3,0,0
bbxf068v,10,pibas1jw,52,mock_N08_N04_Aonly,DiscussionGRPWaitPage,1779913251,4,0,1
bbxf068v,11,6i0nt4q6,52,mock_N08_N04_Aonly,DiscussionGRPWaitPage,1779913251,4,0,1
bbxf068v,15,b1j2694r,52,mock_N08_N04_Aonly,DiscussionGRPWaitPage,1779913251,4,0,1
bbxf068v,22,7rqykvzw,52,mock_N08_N04_Aonly,DiscussionGRPWaitPage,1779913251,4,0,1
bbxf068v,23,thedduhw,52,mock_N08_N04_Aonly,DiscussionGRPWaitPage,1779913251,4,0,1
bbxf068v,24,fwy85lxy,52,mock_N08_N04_Aonly,DiscussionGRPWaitPage,1779913251,4,0,1
bbxf068v,27,c6oc8uk8,52,mock_N08_N04_Aonly,DiscussionGRPWaitPage,1779913251,4,0,1
bbxf068v,31,io0kiwv9,52,mock_N08_N04_Aonly,DiscussionGRPWaitPage,1779913251,4,0,1
bbxf068v,24,fwy85lxy,57,mock_N08_N04_Aonly,Discussion,1779913256,4,0,0
bbxf068v,32,cvbxphh4,10,presurvey,ExperimentInstruction,1779913258,1,0,0
bbxf068v,10,pibas1jw,57,mock_N08_N04_Aonly,Discussion,1779913259,4,0,0
bbxf068v,22,7rqykvzw,57,mock_N08_N04_Aonly,Discussion,1779913259,4,0,0
bbxf068v,15,b1j2694r,57,mock_N08_N04_Aonly,Discussion,1779913260,4,0,0
bbxf068v,31,io0kiwv9,57,mock_N08_N04_Aonly,Discussion,1779913262,4,0,0
bbxf068v,23,thedduhw,57,mock_N08_N04_Aonly,Discussion,1779913263,4,0,0
bbxf068v,27,c6oc8uk8,57,mock_N08_N04_Aonly,Discussion,1779913266,4,0,0
bbxf068v,34,jm3jyc1t,11,presurvey,Scenario,1779913270,1,0,0
bbxf068v,11,6i0nt4q6,57,mock_N08_N04_Aonly,Discussion,1779913270,4,0,0
bbxf068v,10,pibas1jw,64,mock_N08_N04_Aonly,DiscussionGRPWaitPage,1779913271,5,0,1
bbxf068v,11,6i0nt4q6,64,mock_N08_N04_Aonly,DiscussionGRPWaitPage,1779913271,5,0,1
bbxf068v,15,b1j2694r,64,mock_N08_N04_Aonly,DiscussionGRPWaitPage,1779913271,5,0,1
bbxf068v,22,7rqykvzw,64,mock_N08_N04_Aonly,DiscussionGRPWaitPage,1779913271,5,0,1
bbxf068v,23,thedduhw,64,mock_N08_N04_Aonly,DiscussionGRPWaitPage,1779913271,5,0,1
bbxf068v,24,fwy85lxy,64,mock_N08_N04_Aonly,DiscussionGRPWaitPage,1779913271,5,0,1
bbxf068v,27,c6oc8uk8,64,mock_N08_N04_Aonly,DiscussionGRPWaitPage,1779913271,5,0,1
bbxf068v,31,io0kiwv9,64,mock_N08_N04_Aonly,DiscussionGRPWaitPage,1779913271,5,0,1
bbxf068v,24,fwy85lxy,69,mock_N08_N04_Aonly,Discussion,1779913275,5,0,0
bbxf068v,27,c6oc8uk8,69,mock_N08_N04_Aonly,Discussion,1779913275,5,0,0
bbxf068v,10,pibas1jw,69,mock_N08_N04_Aonly,Discussion,1779913276,5,0,0
bbxf068v,11,6i0nt4q6,69,mock_N08_N04_Aonly,Discussion,1779913278,5,0,0
bbxf068v,31,io0kiwv9,69,mock_N08_N04_Aonly,Discussion,1779913279,5,0,0
bbxf068v,15,b1j2694r,69,mock_N08_N04_Aonly,Discussion,1779913280,5,0,0
bbxf068v,22,7rqykvzw,69,mock_N08_N04_Aonly,Discussion,1779913281,5,0,0
bbxf068v,23,thedduhw,69,mock_N08_N04_Aonly,Discussion,1779913284,5,0,0
bbxf068v,10,pibas1jw,76,mock_N08_N04_Aonly,DiscussionGRPWaitPage,1779913284,6,0,1
bbxf068v,11,6i0nt4q6,76,mock_N08_N04_Aonly,DiscussionGRPWaitPage,1779913284,6,0,1
bbxf068v,15,b1j2694r,76,mock_N08_N04_Aonly,DiscussionGRPWaitPage,1779913284,6,0,1
bbxf068v,22,7rqykvzw,76,mock_N08_N04_Aonly,DiscussionGRPWaitPage,1779913284,6,0,1
bbxf068v,23,thedduhw,76,mock_N08_N04_Aonly,DiscussionGRPWaitPage,1779913284,6,0,1
bbxf068v,24,fwy85lxy,76,mock_N08_N04_Aonly,DiscussionGRPWaitPage,1779913284,6,0,1
bbxf068v,27,c6oc8uk8,76,mock_N08_N04_Aonly,DiscussionGRPWaitPage,1779913284,6,0,1
bbxf068v,31,io0kiwv9,76,mock_N08_N04_Aonly,DiscussionGRPWaitPage,1779913284,6,0,1
bbxf068v,24,fwy85lxy,81,mock_N08_N04_Aonly,Discussion,1779913288,6,0,0
bbxf068v,27,c6oc8uk8,81,mock_N08_N04_Aonly,Discussion,1779913289,6,0,0
bbxf068v,10,pibas1jw,81,mock_N08_N04_Aonly,Discussion,1779913289,6,0,0
bbxf068v,22,7rqykvzw,81,mock_N08_N04_Aonly,Discussion,1779913290,6,0,0
bbxf068v,34,jm3jyc1t,12,presurvey,Commitment,1779913290,1,0,0
bbxf068v,23,thedduhw,81,mock_N08_N04_Aonly,Discussion,1779913291,6,0,0
bbxf068v,15,b1j2694r,81,mock_N08_N04_Aonly,Discussion,1779913292,6,0,0
bbxf068v,31,io0kiwv9,81,mock_N08_N04_Aonly,Discussion,1779913293,6,0,0
bbxf068v,32,cvbxphh4,11,presurvey,Scenario,1779913297,1,0,0
bbxf068v,11,6i0nt4q6,81,mock_N08_N04_Aonly,Discussion,1779913299,6,0,0
bbxf068v,10,pibas1jw,88,mock_N08_N04_Aonly,DiscussionGRPWaitPage,1779913299,7,0,1
bbxf068v,11,6i0nt4q6,88,mock_N08_N04_Aonly,DiscussionGRPWaitPage,1779913299,7,0,1
bbxf068v,15,b1j2694r,88,mock_N08_N04_Aonly,DiscussionGRPWaitPage,1779913299,7,0,1
bbxf068v,22,7rqykvzw,88,mock_N08_N04_Aonly,DiscussionGRPWaitPage,1779913299,7,0,1
bbxf068v,23,thedduhw,88,mock_N08_N04_Aonly,DiscussionGRPWaitPage,1779913299,7,0,1
bbxf068v,24,fwy85lxy,88,mock_N08_N04_Aonly,DiscussionGRPWaitPage,1779913299,7,0,1
bbxf068v,27,c6oc8uk8,88,mock_N08_N04_Aonly,DiscussionGRPWaitPage,1779913299,7,0,1
bbxf068v,31,io0kiwv9,88,mock_N08_N04_Aonly,DiscussionGRPWaitPage,1779913299,7,0,1
bbxf068v,10,pibas1jw,93,mock_N08_N04_Aonly,Discussion,1779913303,7,0,0
bbxf068v,27,c6oc8uk8,93,mock_N08_N04_Aonly,Discussion,1779913303,7,0,0
bbxf068v,22,7rqykvzw,93,mock_N08_N04_Aonly,Discussion,1779913303,7,0,0
bbxf068v,31,io0kiwv9,93,mock_N08_N04_Aonly,Discussion,1779913304,7,0,0
bbxf068v,24,fwy85lxy,93,mock_N08_N04_Aonly,Discussion,1779913305,7,0,0
bbxf068v,15,b1j2694r,93,mock_N08_N04_Aonly,Discussion,1779913307,7,0,0
bbxf068v,11,6i0nt4q6,93,mock_N08_N04_Aonly,Discussion,1779913309,7,0,0
bbxf068v,23,thedduhw,93,mock_N08_N04_Aonly,Discussion,1779913309,7,0,0
bbxf068v,10,pibas1jw,100,mock_N08_N04_Aonly,DiscussionGRPWaitPage,1779913310,8,0,1
bbxf068v,11,6i0nt4q6,100,mock_N08_N04_Aonly,DiscussionGRPWaitPage,1779913310,8,0,1
bbxf068v,15,b1j2694r,100,mock_N08_N04_Aonly,DiscussionGRPWaitPage,1779913310,8,0,1
bbxf068v,22,7rqykvzw,100,mock_N08_N04_Aonly,DiscussionGRPWaitPage,1779913310,8,0,1
bbxf068v,23,thedduhw,100,mock_N08_N04_Aonly,DiscussionGRPWaitPage,1779913310,8,0,1
bbxf068v,24,fwy85lxy,100,mock_N08_N04_Aonly,DiscussionGRPWaitPage,1779913310,8,0,1
bbxf068v,27,c6oc8uk8,100,mock_N08_N04_Aonly,DiscussionGRPWaitPage,1779913310,8,0,1
bbxf068v,31,io0kiwv9,100,mock_N08_N04_Aonly,DiscussionGRPWaitPage,1779913310,8,0,1
bbxf068v,20,q2v4qxta,13,mock_N08_N04_Aonly,GroupingWaitPage,1779913312,1,0,1
bbxf068v,10,pibas1jw,105,mock_N08_N04_Aonly,Discussion,1779913313,8,0,0
bbxf068v,20,q2v4qxta,14,mock_N08_N04_Aonly,GroupSizeWaitPage,1779913313,1,0,1
bbxf068v,27,c6oc8uk8,105,mock_N08_N04_Aonly,Discussion,1779913314,8,0,0
bbxf068v,23,thedduhw,105,mock_N08_N04_Aonly,Discussion,1779913315,8,0,0
bbxf068v,24,fwy85lxy,105,mock_N08_N04_Aonly,Discussion,1779913315,8,0,0
bbxf068v,22,7rqykvzw,105,mock_N08_N04_Aonly,Discussion,1779913315,8,0,0
bbxf068v,31,io0kiwv9,105,mock_N08_N04_Aonly,Discussion,1779913316,8,0,0
bbxf068v,15,b1j2694r,105,mock_N08_N04_Aonly,Discussion,1779913318,8,0,0
bbxf068v,11,6i0nt4q6,105,mock_N08_N04_Aonly,Discussion,1779913318,8,0,0
bbxf068v,10,pibas1jw,112,mock_N08_N04_Aonly,DiscussionGRPWaitPage,1779913318,9,0,1
bbxf068v,11,6i0nt4q6,112,mock_N08_N04_Aonly,DiscussionGRPWaitPage,1779913318,9,0,1
bbxf068v,15,b1j2694r,112,mock_N08_N04_Aonly,DiscussionGRPWaitPage,1779913318,9,0,1
bbxf068v,22,7rqykvzw,112,mock_N08_N04_Aonly,DiscussionGRPWaitPage,1779913318,9,0,1
bbxf068v,23,thedduhw,112,mock_N08_N04_Aonly,DiscussionGRPWaitPage,1779913318,9,0,1
bbxf068v,24,fwy85lxy,112,mock_N08_N04_Aonly,DiscussionGRPWaitPage,1779913318,9,0,1
bbxf068v,27,c6oc8uk8,112,mock_N08_N04_Aonly,DiscussionGRPWaitPage,1779913318,9,0,1
bbxf068v,31,io0kiwv9,112,mock_N08_N04_Aonly,DiscussionGRPWaitPage,1779913318,9,0,1
bbxf068v,27,c6oc8uk8,117,mock_N08_N04_Aonly,Discussion,1779913320,9,0,0
bbxf068v,24,fwy85lxy,117,mock_N08_N04_Aonly,Discussion,1779913322,9,0,0
bbxf068v,20,q2v4qxta,15,mock_N08_N04_Aonly,AttentionCheck,1779913322,1,0,0
bbxf068v,10,pibas1jw,117,mock_N08_N04_Aonly,Discussion,1779913324,9,0,0
bbxf068v,22,7rqykvzw,117,mock_N08_N04_Aonly,Discussion,1779913324,9,0,0
bbxf068v,11,6i0nt4q6,117,mock_N08_N04_Aonly,Discussion,1779913325,9,0,0
bbxf068v,23,thedduhw,117,mock_N08_N04_Aonly,Discussion,1779913325,9,0,0
bbxf068v,31,io0kiwv9,117,mock_N08_N04_Aonly,Discussion,1779913325,9,0,0
bbxf068v,15,b1j2694r,117,mock_N08_N04_Aonly,Discussion,1779913326,9,0,0
bbxf068v,10,pibas1jw,124,mock_N08_N04_Aonly,DiscussionGRPWaitPage,1779913326,10,0,1
bbxf068v,11,6i0nt4q6,124,mock_N08_N04_Aonly,DiscussionGRPWaitPage,1779913326,10,0,1
bbxf068v,15,b1j2694r,124,mock_N08_N04_Aonly,DiscussionGRPWaitPage,1779913326,10,0,1
bbxf068v,22,7rqykvzw,124,mock_N08_N04_Aonly,DiscussionGRPWaitPage,1779913326,10,0,1
bbxf068v,23,thedduhw,124,mock_N08_N04_Aonly,DiscussionGRPWaitPage,1779913326,10,0,1
bbxf068v,24,fwy85lxy,124,mock_N08_N04_Aonly,DiscussionGRPWaitPage,1779913326,10,0,1
bbxf068v,27,c6oc8uk8,124,mock_N08_N04_Aonly,DiscussionGRPWaitPage,1779913326,10,0,1
bbxf068v,31,io0kiwv9,124,mock_N08_N04_Aonly,DiscussionGRPWaitPage,1779913326,10,0,1
bbxf068v,27,c6oc8uk8,129,mock_N08_N04_Aonly,Discussion,1779913329,10,0,0
bbxf068v,10,pibas1jw,129,mock_N08_N04_Aonly,Discussion,1779913330,10,0,0
bbxf068v,24,fwy85lxy,129,mock_N08_N04_Aonly,Discussion,1779913330,10,0,0
bbxf068v,11,6i0nt4q6,129,mock_N08_N04_Aonly,Discussion,1779913331,10,0,0
bbxf068v,22,7rqykvzw,129,mock_N08_N04_Aonly,Discussion,1779913332,10,0,0
bbxf068v,31,io0kiwv9,129,mock_N08_N04_Aonly,Discussion,1779913333,10,0,0
bbxf068v,13,qqacmisc,13,mock_N08_N04_Aonly,GroupingWaitPage,1779913333,1,0,1
bbxf068v,15,b1j2694r,129,mock_N08_N04_Aonly,Discussion,1779913334,10,0,0
bbxf068v,13,qqacmisc,14,mock_N08_N04_Aonly,GroupSizeWaitPage,1779913334,1,0,1
bbxf068v,23,thedduhw,129,mock_N08_N04_Aonly,Discussion,1779913336,10,0,0
bbxf068v,10,pibas1jw,136,mock_N08_N04_Aonly,DiscussionGRPWaitPage,1779913337,11,0,1
bbxf068v,11,6i0nt4q6,136,mock_N08_N04_Aonly,DiscussionGRPWaitPage,1779913337,11,0,1
bbxf068v,15,b1j2694r,136,mock_N08_N04_Aonly,DiscussionGRPWaitPage,1779913337,11,0,1
bbxf068v,22,7rqykvzw,136,mock_N08_N04_Aonly,DiscussionGRPWaitPage,1779913337,11,0,1
bbxf068v,23,thedduhw,136,mock_N08_N04_Aonly,DiscussionGRPWaitPage,1779913337,11,0,1
bbxf068v,24,fwy85lxy,136,mock_N08_N04_Aonly,DiscussionGRPWaitPage,1779913337,11,0,1
bbxf068v,27,c6oc8uk8,136,mock_N08_N04_Aonly,DiscussionGRPWaitPage,1779913337,11,0,1
bbxf068v,31,io0kiwv9,136,mock_N08_N04_Aonly,DiscussionGRPWaitPage,1779913337,11,0,1
bbxf068v,27,c6oc8uk8,141,mock_N08_N04_Aonly,Discussion,1779913339,11,0,0
bbxf068v,31,io0kiwv9,141,mock_N08_N04_Aonly,Discussion,1779913341,11,0,0
bbxf068v,10,pibas1jw,141,mock_N08_N04_Aonly,Discussion,1779913341,11,0,0
bbxf068v,24,fwy85lxy,141,mock_N08_N04_Aonly,Discussion,1779913341,11,0,0
bbxf068v,23,thedduhw,141,mock_N08_N04_Aonly,Discussion,1779913342,11,0,0
bbxf068v,22,7rqykvzw,141,mock_N08_N04_Aonly,Discussion,1779913343,11,0,0
bbxf068v,15,b1j2694r,141,mock_N08_N04_Aonly,Discussion,1779913343,11,0,0
bbxf068v,11,6i0nt4q6,141,mock_N08_N04_Aonly,Discussion,1779913344,11,0,0
bbxf068v,10,pibas1jw,148,mock_N08_N04_Aonly,DiscussionGRPWaitPage,1779913344,12,0,1
bbxf068v,11,6i0nt4q6,148,mock_N08_N04_Aonly,DiscussionGRPWaitPage,1779913344,12,0,1
bbxf068v,15,b1j2694r,148,mock_N08_N04_Aonly,DiscussionGRPWaitPage,1779913344,12,0,1
bbxf068v,22,7rqykvzw,148,mock_N08_N04_Aonly,DiscussionGRPWaitPage,1779913344,12,0,1
bbxf068v,23,thedduhw,148,mock_N08_N04_Aonly,DiscussionGRPWaitPage,1779913344,12,0,1
bbxf068v,24,fwy85lxy,148,mock_N08_N04_Aonly,DiscussionGRPWaitPage,1779913344,12,0,1
bbxf068v,27,c6oc8uk8,148,mock_N08_N04_Aonly,DiscussionGRPWaitPage,1779913344,12,0,1
bbxf068v,31,io0kiwv9,148,mock_N08_N04_Aonly,DiscussionGRPWaitPage,1779913344,12,0,1
bbxf068v,13,qqacmisc,15,mock_N08_N04_Aonly,AttentionCheck,1779913344,1,0,0
bbxf068v,27,c6oc8uk8,153,mock_N08_N04_Aonly,Discussion,1779913347,12,0,0
bbxf068v,10,pibas1jw,153,mock_N08_N04_Aonly,Discussion,1779913347,12,0,0
bbxf068v,31,io0kiwv9,153,mock_N08_N04_Aonly,Discussion,1779913347,12,0,0
bbxf068v,24,fwy85lxy,153,mock_N08_N04_Aonly,Discussion,1779913348,12,0,0
bbxf068v,22,7rqykvzw,153,mock_N08_N04_Aonly,Discussion,1779913348,12,0,0
bbxf068v,23,thedduhw,153,mock_N08_N04_Aonly,Discussion,1779913348,12,0,0
bbxf068v,11,6i0nt4q6,153,mock_N08_N04_Aonly,Discussion,1779913350,12,0,0
bbxf068v,36,xyrlv6rf,0,,InitializeParticipant,1779913351,1,0,0
bbxf068v,15,b1j2694r,153,mock_N08_N04_Aonly,Discussion,1779913352,12,0,0
bbxf068v,10,pibas1jw,160,mock_N08_N04_Aonly,DiscussionGRPWaitPage,1779913353,13,0,1
bbxf068v,11,6i0nt4q6,160,mock_N08_N04_Aonly,DiscussionGRPWaitPage,1779913353,13,0,1
bbxf068v,15,b1j2694r,160,mock_N08_N04_Aonly,DiscussionGRPWaitPage,1779913353,13,0,1
bbxf068v,22,7rqykvzw,160,mock_N08_N04_Aonly,DiscussionGRPWaitPage,1779913353,13,0,1
bbxf068v,23,thedduhw,160,mock_N08_N04_Aonly,DiscussionGRPWaitPage,1779913353,13,0,1
bbxf068v,24,fwy85lxy,160,mock_N08_N04_Aonly,DiscussionGRPWaitPage,1779913353,13,0,1
bbxf068v,27,c6oc8uk8,160,mock_N08_N04_Aonly,DiscussionGRPWaitPage,1779913353,13,0,1
bbxf068v,31,io0kiwv9,160,mock_N08_N04_Aonly,DiscussionGRPWaitPage,1779913353,13,0,1
bbxf068v,27,c6oc8uk8,165,mock_N08_N04_Aonly,Discussion,1779913355,13,0,0
bbxf068v,36,xyrlv6rf,1,presurvey,Introduction,1779913356,1,0,0
bbxf068v,10,pibas1jw,165,mock_N08_N04_Aonly,Discussion,1779913356,13,0,0
bbxf068v,24,fwy85lxy,165,mock_N08_N04_Aonly,Discussion,1779913356,13,0,0
bbxf068v,22,7rqykvzw,165,mock_N08_N04_Aonly,Discussion,1779913356,13,0,0
bbxf068v,11,6i0nt4q6,165,mock_N08_N04_Aonly,Discussion,1779913357,13,0,0
bbxf068v,31,io0kiwv9,165,mock_N08_N04_Aonly,Discussion,1779913358,13,0,0
bbxf068v,23,thedduhw,165,mock_N08_N04_Aonly,Discussion,1779913358,13,0,0
bbxf068v,15,b1j2694r,165,mock_N08_N04_Aonly,Discussion,1779913361,13,0,0
bbxf068v,10,pibas1jw,172,mock_N08_N04_Aonly,DiscussionGRPWaitPage,1779913361,14,0,1
bbxf068v,11,6i0nt4q6,172,mock_N08_N04_Aonly,DiscussionGRPWaitPage,1779913361,14,0,1
bbxf068v,15,b1j2694r,172,mock_N08_N04_Aonly,DiscussionGRPWaitPage,1779913361,14,0,1
bbxf068v,22,7rqykvzw,172,mock_N08_N04_Aonly,DiscussionGRPWaitPage,1779913361,14,0,1
bbxf068v,23,thedduhw,172,mock_N08_N04_Aonly,DiscussionGRPWaitPage,1779913361,14,0,1
bbxf068v,24,fwy85lxy,172,mock_N08_N04_Aonly,DiscussionGRPWaitPage,1779913361,14,0,1
bbxf068v,27,c6oc8uk8,172,mock_N08_N04_Aonly,DiscussionGRPWaitPage,1779913361,14,0,1
bbxf068v,31,io0kiwv9,172,mock_N08_N04_Aonly,DiscussionGRPWaitPage,1779913361,14,0,1
bbxf068v,31,io0kiwv9,177,mock_N08_N04_Aonly,Discussion,1779913365,14,0,0
bbxf068v,24,fwy85lxy,177,mock_N08_N04_Aonly,Discussion,1779913365,14,0,0
bbxf068v,22,7rqykvzw,177,mock_N08_N04_Aonly,Discussion,1779913367,14,0,0
bbxf068v,27,c6oc8uk8,177,mock_N08_N04_Aonly,Discussion,1779913367,14,0,0
bbxf068v,10,pibas1jw,177,mock_N08_N04_Aonly,Discussion,1779913368,14,0,0
bbxf068v,15,b1j2694r,177,mock_N08_N04_Aonly,Discussion,1779913368,14,0,0
bbxf068v,23,thedduhw,177,mock_N08_N04_Aonly,Discussion,1779913369,14,0,0
bbxf068v,11,6i0nt4q6,177,mock_N08_N04_Aonly,Discussion,1779913370,14,0,0
bbxf068v,10,pibas1jw,184,mock_N08_N04_Aonly,DiscussionGRPWaitPage,1779913370,15,0,1
bbxf068v,22,7rqykvzw,184,mock_N08_N04_Aonly,DiscussionGRPWaitPage,1779913370,15,0,1
bbxf068v,11,6i0nt4q6,184,mock_N08_N04_Aonly,DiscussionGRPWaitPage,1779913370,15,0,1
bbxf068v,15,b1j2694r,184,mock_N08_N04_Aonly,DiscussionGRPWaitPage,1779913370,15,0,1
bbxf068v,23,thedduhw,184,mock_N08_N04_Aonly,DiscussionGRPWaitPage,1779913370,15,0,1
bbxf068v,24,fwy85lxy,184,mock_N08_N04_Aonly,DiscussionGRPWaitPage,1779913370,15,0,1
bbxf068v,27,c6oc8uk8,184,mock_N08_N04_Aonly,DiscussionGRPWaitPage,1779913370,15,0,1
bbxf068v,31,io0kiwv9,184,mock_N08_N04_Aonly,DiscussionGRPWaitPage,1779913370,15,0,1
bbxf068v,31,io0kiwv9,189,mock_N08_N04_Aonly,Discussion,1779913373,15,0,0
bbxf068v,10,pibas1jw,189,mock_N08_N04_Aonly,Discussion,1779913374,15,0,0
bbxf068v,27,c6oc8uk8,189,mock_N08_N04_Aonly,Discussion,1779913374,15,0,0
bbxf068v,24,fwy85lxy,189,mock_N08_N04_Aonly,Discussion,1779913374,15,0,0
bbxf068v,22,7rqykvzw,189,mock_N08_N04_Aonly,Discussion,1779913375,15,0,0
bbxf068v,11,6i0nt4q6,189,mock_N08_N04_Aonly,Discussion,1779913375,15,0,0
bbxf068v,15,b1j2694r,189,mock_N08_N04_Aonly,Discussion,1779913377,15,0,0
bbxf068v,36,xyrlv6rf,2,presurvey,AudioCheck,1779913377,1,0,0
bbxf068v,23,thedduhw,189,mock_N08_N04_Aonly,Discussion,1779913378,15,0,0
bbxf068v,10,pibas1jw,196,mock_N08_N04_Aonly,DiscussionGRPWaitPage,1779913379,16,0,1
bbxf068v,11,6i0nt4q6,196,mock_N08_N04_Aonly,DiscussionGRPWaitPage,1779913379,16,0,1
bbxf068v,15,b1j2694r,196,mock_N08_N04_Aonly,DiscussionGRPWaitPage,1779913379,16,0,1
bbxf068v,22,7rqykvzw,196,mock_N08_N04_Aonly,DiscussionGRPWaitPage,1779913379,16,0,1
bbxf068v,23,thedduhw,196,mock_N08_N04_Aonly,DiscussionGRPWaitPage,1779913379,16,0,1
bbxf068v,24,fwy85lxy,196,mock_N08_N04_Aonly,DiscussionGRPWaitPage,1779913379,16,0,1
bbxf068v,27,c6oc8uk8,196,mock_N08_N04_Aonly,DiscussionGRPWaitPage,1779913379,16,0,1
bbxf068v,31,io0kiwv9,196,mock_N08_N04_Aonly,DiscussionGRPWaitPage,1779913379,16,0,1
bbxf068v,27,c6oc8uk8,201,mock_N08_N04_Aonly,Discussion,1779913381,16,0,0
bbxf068v,31,io0kiwv9,201,mock_N08_N04_Aonly,Discussion,1779913382,16,0,0
bbxf068v,10,pibas1jw,201,mock_N08_N04_Aonly,Discussion,1779913382,16,0,0
bbxf068v,32,cvbxphh4,12,presurvey,Commitment,1779913384,1,0,0
bbxf068v,22,7rqykvzw,201,mock_N08_N04_Aonly,Discussion,1779913384,16,0,0
bbxf068v,23,thedduhw,201,mock_N08_N04_Aonly,Discussion,1779913384,16,0,0
bbxf068v,15,b1j2694r,201,mock_N08_N04_Aonly,Discussion,1779913385,16,0,0
bbxf068v,11,6i0nt4q6,201,mock_N08_N04_Aonly,Discussion,1779913387,16,0,0
bbxf068v,24,fwy85lxy,201,mock_N08_N04_Aonly,Discussion,1779913387,16,0,0
bbxf068v,10,pibas1jw,208,mock_N08_N04_Aonly,DiscussionGRPWaitPage,1779913387,17,0,1
bbxf068v,11,6i0nt4q6,208,mock_N08_N04_Aonly,DiscussionGRPWaitPage,1779913387,17,0,1
bbxf068v,15,b1j2694r,208,mock_N08_N04_Aonly,DiscussionGRPWaitPage,1779913387,17,0,1
bbxf068v,22,7rqykvzw,208,mock_N08_N04_Aonly,DiscussionGRPWaitPage,1779913387,17,0,1
bbxf068v,23,thedduhw,208,mock_N08_N04_Aonly,DiscussionGRPWaitPage,1779913387,17,0,1
bbxf068v,24,fwy85lxy,208,mock_N08_N04_Aonly,DiscussionGRPWaitPage,1779913387,17,0,1
bbxf068v,27,c6oc8uk8,208,mock_N08_N04_Aonly,DiscussionGRPWaitPage,1779913387,17,0,1
bbxf068v,31,io0kiwv9,208,mock_N08_N04_Aonly,DiscussionGRPWaitPage,1779913387,17,0,1
bbxf068v,27,c6oc8uk8,213,mock_N08_N04_Aonly,Discussion,1779913389,17,0,0
bbxf068v,31,io0kiwv9,213,mock_N08_N04_Aonly,Discussion,1779913390,17,0,0
bbxf068v,10,pibas1jw,213,mock_N08_N04_Aonly,Discussion,1779913390,17,0,0
bbxf068v,22,7rqykvzw,213,mock_N08_N04_Aonly,Discussion,1779913391,17,0,0
bbxf068v,11,6i0nt4q6,213,mock_N08_N04_Aonly,Discussion,1779913391,17,0,0
bbxf068v,24,fwy85lxy,213,mock_N08_N04_Aonly,Discussion,1779913392,17,0,0
bbxf068v,36,xyrlv6rf,3,presurvey,Demographics,1779913393,1,0,0
bbxf068v,23,thedduhw,213,mock_N08_N04_Aonly,Discussion,1779913393,17,0,0
bbxf068v,15,b1j2694r,213,mock_N08_N04_Aonly,Discussion,1779913393,17,0,0
bbxf068v,15,b1j2694r,220,mock_N08_N04_Aonly,DiscussionGRPWaitPage,1779913393,18,0,1
bbxf068v,11,6i0nt4q6,220,mock_N08_N04_Aonly,DiscussionGRPWaitPage,1779913393,18,0,1
bbxf068v,22,7rqykvzw,220,mock_N08_N04_Aonly,DiscussionGRPWaitPage,1779913393,18,0,1
bbxf068v,23,thedduhw,220,mock_N08_N04_Aonly,DiscussionGRPWaitPage,1779913393,18,0,1
bbxf068v,10,pibas1jw,220,mock_N08_N04_Aonly,DiscussionGRPWaitPage,1779913393,18,0,1
bbxf068v,24,fwy85lxy,220,mock_N08_N04_Aonly,DiscussionGRPWaitPage,1779913393,18,0,1
bbxf068v,27,c6oc8uk8,220,mock_N08_N04_Aonly,DiscussionGRPWaitPage,1779913393,18,0,1
bbxf068v,31,io0kiwv9,220,mock_N08_N04_Aonly,DiscussionGRPWaitPage,1779913393,18,0,1
bbxf068v,27,c6oc8uk8,225,mock_N08_N04_Aonly,Discussion,1779913395,18,0,0
bbxf068v,22,7rqykvzw,225,mock_N08_N04_Aonly,Discussion,1779913397,18,0,0
bbxf068v,10,pibas1jw,225,mock_N08_N04_Aonly,Discussion,1779913397,18,0,0
bbxf068v,11,6i0nt4q6,225,mock_N08_N04_Aonly,Discussion,1779913397,18,0,0
bbxf068v,31,io0kiwv9,225,mock_N08_N04_Aonly,Discussion,1779913398,18,0,0
bbxf068v,24,fwy85lxy,225,mock_N08_N04_Aonly,Discussion,1779913398,18,0,0
bbxf068v,23,thedduhw,225,mock_N08_N04_Aonly,Discussion,1779913398,18,0,0
bbxf068v,36,xyrlv6rf,4,presurvey,NeighborhoodInstruction,1779913401,1,0,0
bbxf068v,15,b1j2694r,225,mock_N08_N04_Aonly,Discussion,1779913401,18,0,0
bbxf068v,10,pibas1jw,232,mock_N08_N04_Aonly,DiscussionGRPWaitPage,1779913402,19,0,1
bbxf068v,11,6i0nt4q6,232,mock_N08_N04_Aonly,DiscussionGRPWaitPage,1779913402,19,0,1
bbxf068v,15,b1j2694r,232,mock_N08_N04_Aonly,DiscussionGRPWaitPage,1779913402,19,0,1
bbxf068v,22,7rqykvzw,232,mock_N08_N04_Aonly,DiscussionGRPWaitPage,1779913402,19,0,1
bbxf068v,23,thedduhw,232,mock_N08_N04_Aonly,DiscussionGRPWaitPage,1779913402,19,0,1
bbxf068v,24,fwy85lxy,232,mock_N08_N04_Aonly,DiscussionGRPWaitPage,1779913402,19,0,1
bbxf068v,27,c6oc8uk8,232,mock_N08_N04_Aonly,DiscussionGRPWaitPage,1779913402,19,0,1
bbxf068v,31,io0kiwv9,232,mock_N08_N04_Aonly,DiscussionGRPWaitPage,1779913402,19,0,1
bbxf068v,27,c6oc8uk8,237,mock_N08_N04_Aonly,Discussion,1779913403,19,0,0
bbxf068v,31,io0kiwv9,237,mock_N08_N04_Aonly,Discussion,1779913405,19,0,0
bbxf068v,10,pibas1jw,237,mock_N08_N04_Aonly,Discussion,1779913405,19,0,0
bbxf068v,11,6i0nt4q6,237,mock_N08_N04_Aonly,Discussion,1779913405,19,0,0
bbxf068v,22,7rqykvzw,237,mock_N08_N04_Aonly,Discussion,1779913405,19,0,0
bbxf068v,24,fwy85lxy,237,mock_N08_N04_Aonly,Discussion,1779913406,19,0,0
bbxf068v,23,thedduhw,237,mock_N08_N04_Aonly,Discussion,1779913407,19,0,0
bbxf068v,15,b1j2694r,237,mock_N08_N04_Aonly,Discussion,1779913409,19,0,0
bbxf068v,10,pibas1jw,244,mock_N08_N04_Aonly,DiscussionGRPWaitPage,1779913409,20,0,1
bbxf068v,11,6i0nt4q6,244,mock_N08_N04_Aonly,DiscussionGRPWaitPage,1779913409,20,0,1
bbxf068v,15,b1j2694r,244,mock_N08_N04_Aonly,DiscussionGRPWaitPage,1779913409,20,0,1
bbxf068v,22,7rqykvzw,244,mock_N08_N04_Aonly,DiscussionGRPWaitPage,1779913409,20,0,1
bbxf068v,23,thedduhw,244,mock_N08_N04_Aonly,DiscussionGRPWaitPage,1779913409,20,0,1
bbxf068v,24,fwy85lxy,244,mock_N08_N04_Aonly,DiscussionGRPWaitPage,1779913409,20,0,1
bbxf068v,27,c6oc8uk8,244,mock_N08_N04_Aonly,DiscussionGRPWaitPage,1779913409,20,0,1
bbxf068v,31,io0kiwv9,244,mock_N08_N04_Aonly,DiscussionGRPWaitPage,1779913409,20,0,1
bbxf068v,27,c6oc8uk8,249,mock_N08_N04_Aonly,Discussion,1779913411,20,0,0
bbxf068v,22,7rqykvzw,249,mock_N08_N04_Aonly,Discussion,1779913413,20,0,0
bbxf068v,24,fwy85lxy,249,mock_N08_N04_Aonly,Discussion,1779913413,20,0,0
bbxf068v,10,pibas1jw,249,mock_N08_N04_Aonly,Discussion,1779913414,20,0,0
bbxf068v,31,io0kiwv9,249,mock_N08_N04_Aonly,Discussion,1779913414,20,0,0
bbxf068v,23,thedduhw,249,mock_N08_N04_Aonly,Discussion,1779913415,20,0,0
bbxf068v,11,6i0nt4q6,249,mock_N08_N04_Aonly,Discussion,1779913416,20,0,0
bbxf068v,15,b1j2694r,249,mock_N08_N04_Aonly,Discussion,1779913417,20,0,0
bbxf068v,27,c6oc8uk8,250,mock_N08_N04_Aonly,Additional,1779913422,20,0,0
bbxf068v,22,7rqykvzw,250,mock_N08_N04_Aonly,Additional,1779913426,20,0,0
bbxf068v,36,xyrlv6rf,5,presurvey,Training,1779913428,1,0,0
bbxf068v,10,pibas1jw,250,mock_N08_N04_Aonly,Additional,1779913431,20,0,0
bbxf068v,24,fwy85lxy,250,mock_N08_N04_Aonly,Additional,1779913438,20,0,0
bbxf068v,23,thedduhw,250,mock_N08_N04_Aonly,Additional,1779913441,20,0,0
bbxf068v,11,6i0nt4q6,250,mock_N08_N04_Aonly,Additional,1779913443,20,0,0
bbxf068v,31,io0kiwv9,250,mock_N08_N04_Aonly,Additional,1779913457,20,0,0
bbxf068v,36,xyrlv6rf,6,presurvey,TrainingNeighbor_1,1779913470,1,0,0
bbxf068v,36,xyrlv6rf,10,presurvey,ExperimentInstruction,1779913474,1,0,0
bbxf068v,26,u9kx9xnk,13,mock_N08_N04_Aonly,GroupingWaitPage,1779913479,1,0,1
bbxf068v,26,u9kx9xnk,14,mock_N08_N04_Aonly,GroupSizeWaitPage,1779913481,1,0,1
bbxf068v,36,xyrlv6rf,11,presurvey,Scenario,1779913484,1,0,0
bbxf068v,26,u9kx9xnk,15,mock_N08_N04_Aonly,AttentionCheck,1779913497,1,0,0
bbxf068v,15,b1j2694r,250,mock_N08_N04_Aonly,Additional,1779913518,20,0,0
bbxf068v,10,pibas1jw,251,mock_N08_N04_Aonly,FinalRoundWaitPage,1779913518,20,0,1
bbxf068v,22,7rqykvzw,251,mock_N08_N04_Aonly,FinalRoundWaitPage,1779913518,20,0,1
bbxf068v,11,6i0nt4q6,251,mock_N08_N04_Aonly,FinalRoundWaitPage,1779913518,20,0,1
bbxf068v,15,b1j2694r,251,mock_N08_N04_Aonly,FinalRoundWaitPage,1779913518,20,0,1
bbxf068v,27,c6oc8uk8,251,mock_N08_N04_Aonly,FinalRoundWaitPage,1779913518,20,0,1
bbxf068v,24,fwy85lxy,251,mock_N08_N04_Aonly,FinalRoundWaitPage,1779913518,20,0,1
bbxf068v,23,thedduhw,251,mock_N08_N04_Aonly,FinalRoundWaitPage,1779913518,20,0,1
bbxf068v,31,io0kiwv9,251,mock_N08_N04_Aonly,FinalRoundWaitPage,1779913518,20,0,1
bbxf068v,31,io0kiwv9,252,mock_N08_N04_Aonly,FinalRound,1779913527,20,0,0
bbxf068v,27,c6oc8uk8,252,mock_N08_N04_Aonly,FinalRound,1779913527,20,0,0
bbxf068v,15,b1j2694r,252,mock_N08_N04_Aonly,FinalRound,1779913528,20,0,0
bbxf068v,23,thedduhw,252,mock_N08_N04_Aonly,FinalRound,1779913529,20,0,0
bbxf068v,22,7rqykvzw,252,mock_N08_N04_Aonly,FinalRound,1779913531,20,0,0
bbxf068v,10,pibas1jw,252,mock_N08_N04_Aonly,FinalRound,1779913532,20,0,0
bbxf068v,11,6i0nt4q6,252,mock_N08_N04_Aonly,FinalRound,1779913532,20,0,0
bbxf068v,24,fwy85lxy,252,mock_N08_N04_Aonly,FinalRound,1779913533,20,0,0
bbxf068v,37,orbiqyi0,0,,InitializeParticipant,1779913553,1,0,0
bbxf068v,37,orbiqyi0,1,presurvey,Introduction,1779913556,1,0,0
bbxf068v,37,orbiqyi0,2,presurvey,AudioCheck,1779913576,1,0,0
bbxf068v,38,vhq2lm9z,0,,InitializeParticipant,1779913579,1,0,0
bbxf068v,35,c3uc8xpj,1,presurvey,Introduction,1779913588,1,0,0
bbxf068v,37,orbiqyi0,3,presurvey,Demographics,1779913596,1,0,0
bbxf068v,35,c3uc8xpj,2,presurvey,AudioCheck,1779913615,1,0,0
bbxf068v,37,orbiqyi0,4,presurvey,NeighborhoodInstruction,1779913632,1,0,0
bbxf068v,38,vhq2lm9z,1,presurvey,Introduction,1779913639,1,0,0
bbxf068v,35,c3uc8xpj,3,presurvey,Demographics,1779913639,1,0,0
bbxf068v,39,050g6kww,0,,InitializeParticipant,1779913653,1,0,0
bbxf068v,39,050g6kww,1,presurvey,Introduction,1779913658,1,0,0
bbxf068v,38,vhq2lm9z,2,presurvey,AudioCheck,1779913660,1,0,0
bbxf068v,39,050g6kww,2,presurvey,AudioCheck,1779913669,1,0,0
bbxf068v,35,c3uc8xpj,4,presurvey,NeighborhoodInstruction,1779913677,1,0,0
bbxf068v,38,vhq2lm9z,3,presurvey,Demographics,1779913680,1,0,0
bbxf068v,37,orbiqyi0,5,presurvey,Training,1779913681,1,0,0
bbxf068v,39,050g6kww,3,presurvey,Demographics,1779913688,1,0,0
bbxf068v,39,050g6kww,4,presurvey,NeighborhoodInstruction,1779913702,1,0,0
bbxf068v,35,c3uc8xpj,5,presurvey,Training,1779913730,1,0,0
bbxf068v,38,vhq2lm9z,4,presurvey,NeighborhoodInstruction,1779913738,1,0,0
bbxf068v,39,050g6kww,5,presurvey,Training,1779913744,1,0,0
bbxf068v,37,orbiqyi0,6,presurvey,TrainingNeighbor_1,1779913753,1,0,0
bbxf068v,37,orbiqyi0,10,presurvey,ExperimentInstruction,1779913759,1,0,0
bbxf068v,39,050g6kww,6,presurvey,TrainingNeighbor_1,1779913761,1,0,0
bbxf068v,39,050g6kww,10,presurvey,ExperimentInstruction,1779913765,1,0,0
bbxf068v,38,vhq2lm9z,5,presurvey,Training,1779913773,1,0,0
bbxf068v,39,050g6kww,11,presurvey,Scenario,1779913790,1,0,0
bbxf068v,38,vhq2lm9z,6,presurvey,TrainingNeighbor_1,1779913796,1,0,0
bbxf068v,35,c3uc8xpj,6,presurvey,TrainingNeighbor_1,1779913804,1,0,0
bbxf068v,40,ifvrebnn,0,,InitializeParticipant,1779913805,1,0,0
bbxf068v,38,vhq2lm9z,10,presurvey,ExperimentInstruction,1779913811,1,0,0
bbxf068v,37,orbiqyi0,11,presurvey,Scenario,1779913813,1,0,0
bbxf068v,35,c3uc8xpj,7,presurvey,TrainingNeighbor_2,1779913815,1,0,0
bbxf068v,39,050g6kww,12,presurvey,Commitment,1779913826,1,0,0
bbxf068v,40,ifvrebnn,1,presurvey,Introduction,1779913828,1,0,0
bbxf068v,35,c3uc8xpj,10,presurvey,ExperimentInstruction,1779913832,1,0,0
bbxf068v,38,vhq2lm9z,11,presurvey,Scenario,1779913843,1,0,0
bbxf068v,40,ifvrebnn,2,presurvey,AudioCheck,1779913846,1,0,0
bbxf068v,40,ifvrebnn,3,presurvey,Demographics,1779913860,1,0,0
bbxf068v,35,c3uc8xpj,11,presurvey,Scenario,1779913861,1,0,0
bbxf068v,40,ifvrebnn,4,presurvey,NeighborhoodInstruction,1779913879,1,0,0
bbxf068v,38,vhq2lm9z,12,presurvey,Commitment,1779913886,1,0,0
bbxf068v,37,orbiqyi0,12,presurvey,Commitment,1779913903,1,0,0
bbxf068v,40,ifvrebnn,5,presurvey,Training,1779913913,1,0,0
bbxf068v,41,rwy931mk,0,,InitializeParticipant,1779913939,1,0,0
bbxf068v,42,kemx810y,0,,InitializeParticipant,1779913951,1,0,0
bbxf068v,41,rwy931mk,1,presurvey,Introduction,1779913958,1,0,0
bbxf068v,40,ifvrebnn,6,presurvey,TrainingNeighbor_1,1779913966,1,0,0
bbxf068v,42,kemx810y,1,presurvey,Introduction,1779913975,1,0,0
bbxf068v,40,ifvrebnn,10,presurvey,ExperimentInstruction,1779913981,1,0,0
bbxf068v,41,rwy931mk,2,presurvey,AudioCheck,1779913981,1,0,0
bbxf068v,42,kemx810y,2,presurvey,AudioCheck,1779913993,1,0,0
bbxf068v,43,tw1yf8jo,0,,InitializeParticipant,1779913995,1,0,0
bbxf068v,41,rwy931mk,3,presurvey,Demographics,1779914000,1,0,0
bbxf068v,43,tw1yf8jo,1,presurvey,Introduction,1779914003,1,0,0
bbxf068v,44,085oe7ia,0,,InitializeParticipant,1779914008,1,0,0
bbxf068v,40,ifvrebnn,11,presurvey,Scenario,1779914009,1,0,0
bbxf068v,45,s9l6ba39,0,,InitializeParticipant,1779914010,1,0,0
bbxf068v,34,jm3jyc1t,13,mock_N08_N04_Aonly,GroupingWaitPage,1779914011,1,0,1
bbxf068v,34,jm3jyc1t,14,mock_N08_N04_Aonly,GroupSizeWaitPage,1779914012,1,0,1
bbxf068v,42,kemx810y,3,presurvey,Demographics,1779914014,1,0,0
bbxf068v,34,jm3jyc1t,15,mock_N08_N04_Aonly,AttentionCheck,1779914018,1,0,0
bbxf068v,44,085oe7ia,1,presurvey,Introduction,1779914022,1,0,0
bbxf068v,41,rwy931mk,4,presurvey,NeighborhoodInstruction,1779914026,1,0,0
bbxf068v,42,kemx810y,4,presurvey,NeighborhoodInstruction,1779914028,1,0,0
bbxf068v,44,085oe7ia,2,presurvey,AudioCheck,1779914046,1,0,0
bbxf068v,40,ifvrebnn,12,presurvey,Commitment,1779914049,1,0,0
bbxf068v,44,085oe7ia,3,presurvey,Demographics,1779914062,1,0,0
bbxf068v,41,rwy931mk,5,presurvey,Training,1779914071,1,0,0
bbxf068v,44,085oe7ia,4,presurvey,NeighborhoodInstruction,1779914076,1,0,0
bbxf068v,42,kemx810y,5,presurvey,Training,1779914080,1,0,0
bbxf068v,44,085oe7ia,5,presurvey,Training,1779914097,1,0,0
bbxf068v,41,rwy931mk,6,presurvey,TrainingNeighbor_1,1779914097,1,0,0
bbxf068v,45,s9l6ba39,1,presurvey,Introduction,1779914107,1,0,0
bbxf068v,32,cvbxphh4,13,mock_N08_N04_Aonly,GroupingWaitPage,1779914108,1,0,1
bbxf068v,32,cvbxphh4,14,mock_N08_N04_Aonly,GroupSizeWaitPage,1779914111,1,0,1
bbxf068v,41,rwy931mk,10,presurvey,ExperimentInstruction,1779914115,1,0,0
bbxf068v,42,kemx810y,6,presurvey,TrainingNeighbor_1,1779914119,1,0,0
bbxf068v,32,cvbxphh4,15,mock_N08_N04_Aonly,AttentionCheck,1779914124,1,0,0
bbxf068v,42,kemx810y,10,presurvey,ExperimentInstruction,1779914128,1,0,0
bbxf068v,44,085oe7ia,6,presurvey,TrainingNeighbor_1,1779914130,1,0,0
bbxf068v,41,rwy931mk,11,presurvey,Scenario,1779914143,1,0,0
bbxf068v,44,085oe7ia,10,presurvey,ExperimentInstruction,1779914150,1,0,0
bbxf068v,45,s9l6ba39,2,presurvey,AudioCheck,1779914153,1,0,0
bbxf068v,42,kemx810y,11,presurvey,Scenario,1779914153,1,0,0
bbxf068v,45,s9l6ba39,3,presurvey,Demographics,1779914181,1,0,0
bbxf068v,44,085oe7ia,11,presurvey,Scenario,1779914182,1,0,0
bbxf068v,42,kemx810y,12,presurvey,Commitment,1779914192,1,0,0
bbxf068v,43,tw1yf8jo,2,presurvey,AudioCheck,1779914207,1,0,0
bbxf068v,46,a6vxur3c,0,,InitializeParticipant,1779914211,1,0,0
bbxf068v,45,s9l6ba39,4,presurvey,NeighborhoodInstruction,1779914215,1,0,0
bbxf068v,46,a6vxur3c,1,presurvey,Introduction,1779914239,1,0,0
bbxf068v,45,s9l6ba39,5,presurvey,Training,1779914253,1,0,0
bbxf068v,46,a6vxur3c,2,presurvey,AudioCheck,1779914263,1,0,0
bbxf068v,47,f4ozpxvg,0,,InitializeParticipant,1779914265,1,0,0
bbxf068v,47,f4ozpxvg,1,presurvey,Introduction,1779914270,1,0,0
bbxf068v,46,a6vxur3c,3,presurvey,Demographics,1779914281,1,0,0
bbxf068v,45,s9l6ba39,6,presurvey,TrainingNeighbor_1,1779914282,1,0,0
bbxf068v,48,obcuwn2s,0,,InitializeParticipant,1779914284,1,0,0
bbxf068v,49,uzz10zbh,0,,InitializeParticipant,1779914285,1,0,0
bbxf068v,50,nca9xph5,0,,InitializeParticipant,1779914290,1,0,0
bbxf068v,49,uzz10zbh,1,presurvey,Introduction,1779914291,1,0,0
bbxf068v,49,uzz10zbh,2,presurvey,AudioCheck,1779914308,1,0,0
bbxf068v,45,s9l6ba39,10,presurvey,ExperimentInstruction,1779914314,1,0,0
bbxf068v,48,obcuwn2s,1,presurvey,Introduction,1779914317,1,0,0
bbxf068v,47,f4ozpxvg,2,presurvey,AudioCheck,1779914323,1,0,0
bbxf068v,49,uzz10zbh,3,presurvey,Demographics,1779914329,1,0,0
bbxf068v,43,tw1yf8jo,3,presurvey,Demographics,1779914329,1,0,0
bbxf068v,50,nca9xph5,1,presurvey,Introduction,1779914333,1,0,0
bbxf068v,51,290zeswc,0,,InitializeParticipant,1779914336,1,0,0
bbxf068v,48,obcuwn2s,2,presurvey,AudioCheck,1779914339,1,0,0
bbxf068v,49,uzz10zbh,4,presurvey,NeighborhoodInstruction,1779914349,1,0,0
bbxf068v,45,s9l6ba39,11,presurvey,Scenario,1779914352,1,0,0
bbxf068v,50,nca9xph5,2,presurvey,AudioCheck,1779914357,1,0,0
bbxf068v,48,obcuwn2s,3,presurvey,Demographics,1779914359,1,0,0
bbxf068v,52,b3dilj0b,0,,InitializeParticipant,1779914360,1,0,0
bbxf068v,53,8t8n07se,0,,InitializeParticipant,1779914367,1,0,0
bbxf068v,52,b3dilj0b,1,presurvey,Introduction,1779914371,1,0,0
bbxf068v,48,obcuwn2s,4,presurvey,NeighborhoodInstruction,1779914374,1,0,0
bbxf068v,50,nca9xph5,3,presurvey,Demographics,1779914376,1,0,0
bbxf068v,33,xnj3lgie,13,mock_N08_N04_Aonly,GroupingWaitPage,1779914380,1,0,1
bbxf068v,46,a6vxur3c,4,presurvey,NeighborhoodInstruction,1779914380,1,0,0
bbxf068v,33,xnj3lgie,14,mock_N08_N04_Aonly,GroupSizeWaitPage,1779914380,1,0,1
bbxf068v,49,uzz10zbh,5,presurvey,Training,1779914384,1,0,0
bbxf068v,33,xnj3lgie,15,mock_N08_N04_Aonly,AttentionCheck,1779914384,1,0,0
bbxf068v,51,290zeswc,1,presurvey,Introduction,1779914386,1,0,0
bbxf068v,50,nca9xph5,4,presurvey,NeighborhoodInstruction,1779914387,1,0,0
bbxf068v,52,b3dilj0b,2,presurvey,AudioCheck,1779914389,1,0,0
bbxf068v,53,8t8n07se,1,presurvey,Introduction,1779914392,1,0,0
bbxf068v,48,obcuwn2s,5,presurvey,Training,1779914405,1,0,0
bbxf068v,50,nca9xph5,5,presurvey,Training,1779914405,1,0,0
bbxf068v,52,b3dilj0b,3,presurvey,Demographics,1779914405,1,0,0
bbxf068v,43,tw1yf8jo,4,presurvey,NeighborhoodInstruction,1779914406,1,0,0
bbxf068v,45,s9l6ba39,12,presurvey,Commitment,1779914410,1,0,0
bbxf068v,53,8t8n07se,2,presurvey,AudioCheck,1779914413,1,0,0
bbxf068v,49,uzz10zbh,6,presurvey,TrainingNeighbor_1,1779914417,1,0,0
bbxf068v,46,a6vxur3c,5,presurvey,Training,1779914423,1,0,0
bbxf068v,49,uzz10zbh,10,presurvey,ExperimentInstruction,1779914424,1,0,0
bbxf068v,48,obcuwn2s,6,presurvey,TrainingNeighbor_1,1779914428,1,0,0
bbxf068v,50,nca9xph5,6,presurvey,TrainingNeighbor_1,1779914429,1,0,0
bbxf068v,52,b3dilj0b,4,presurvey,NeighborhoodInstruction,1779914433,1,0,0
bbxf068v,48,obcuwn2s,10,presurvey,ExperimentInstruction,1779914434,1,0,0
bbxf068v,49,uzz10zbh,11,presurvey,Scenario,1779914437,1,0,0
bbxf068v,51,290zeswc,2,presurvey,AudioCheck,1779914439,1,0,0
bbxf068v,53,8t8n07se,3,presurvey,Demographics,1779914445,1,0,0
bbxf068v,50,nca9xph5,7,presurvey,TrainingNeighbor_2,1779914445,1,0,0
bbxf068v,50,nca9xph5,10,presurvey,ExperimentInstruction,1779914452,1,0,0
bbxf068v,52,b3dilj0b,5,presurvey,Training,1779914462,1,0,0
bbxf068v,53,8t8n07se,4,presurvey,NeighborhoodInstruction,1779914464,1,0,0
bbxf068v,48,obcuwn2s,11,presurvey,Scenario,1779914468,1,0,0
bbxf068v,50,nca9xph5,11,presurvey,Scenario,1779914469,1,0,0
bbxf068v,49,uzz10zbh,12,presurvey,Commitment,1779914470,1,0,0
bbxf068v,46,a6vxur3c,6,presurvey,TrainingNeighbor_1,1779914495,1,0,0
bbxf068v,52,b3dilj0b,6,presurvey,TrainingNeighbor_1,1779914501,1,0,0
bbxf068v,50,nca9xph5,12,presurvey,Commitment,1779914503,1,0,0
bbxf068v,48,obcuwn2s,12,presurvey,Commitment,1779914505,1,0,0
bbxf068v,52,b3dilj0b,10,presurvey,ExperimentInstruction,1779914507,1,0,0
bbxf068v,46,a6vxur3c,7,presurvey,TrainingNeighbor_2,1779914511,1,0,0
bbxf068v,52,b3dilj0b,11,presurvey,Scenario,1779914537,1,0,0
bbxf068v,39,050g6kww,13,mock_N08_N04_Aonly,GroupingWaitPage,1779914546,1,0,1
bbxf068v,54,598q6szz,0,,InitializeParticipant,1779914547,1,0,0
bbxf068v,39,050g6kww,14,mock_N08_N04_Aonly,GroupSizeWaitPage,1779914547,1,0,1
bbxf068v,46,a6vxur3c,10,presurvey,ExperimentInstruction,1779914548,1,0,0
bbxf068v,55,o26qp3v1,0,,InitializeParticipant,1779914565,1,0,0
bbxf068v,55,o26qp3v1,1,presurvey,Introduction,1779914570,1,0,0
bbxf068v,56,0mg9lin0,0,,InitializeParticipant,1779914578,1,0,0
bbxf068v,55,o26qp3v1,2,presurvey,AudioCheck,1779914582,1,0,0
bbxf068v,39,050g6kww,15,mock_N08_N04_Aonly,AttentionCheck,1779914583,1,1,0
bbxf068v,52,b3dilj0b,12,presurvey,Commitment,1779914588,1,0,0
bbxf068v,55,o26qp3v1,3,presurvey,Demographics,1779914593,1,0,0
bbxf068v,46,a6vxur3c,11,presurvey,Scenario,1779914594,1,0,0
bbxf068v,55,o26qp3v1,4,presurvey,NeighborhoodInstruction,1779914600,1,0,0
bbxf068v,54,598q6szz,1,presurvey,Introduction,1779914600,1,0,0
bbxf068v,38,vhq2lm9z,13,mock_N08_N04_Aonly,GroupingWaitPage,1779914607,1,0,1
bbxf068v,53,8t8n07se,5,presurvey,Training,1779914608,1,0,0
bbxf068v,56,0mg9lin0,1,presurvey,Introduction,1779914608,1,0,0
bbxf068v,38,vhq2lm9z,14,mock_N08_N04_Aonly,GroupSizeWaitPage,1779914610,1,0,1
bbxf068v,55,o26qp3v1,5,presurvey,Training,1779914612,1,0,0
bbxf068v,38,vhq2lm9z,15,mock_N08_N04_Aonly,AttentionCheck,1779914623,1,0,0
bbxf068v,55,o26qp3v1,6,presurvey,TrainingNeighbor_1,1779914625,1,0,0
bbxf068v,37,orbiqyi0,13,mock_N08_N04_Aonly,GroupingWaitPage,1779914625,1,0,1
bbxf068v,37,orbiqyi0,14,mock_N08_N04_Aonly,GroupSizeWaitPage,1779914626,1,0,1
bbxf068v,55,o26qp3v1,10,presurvey,ExperimentInstruction,1779914628,1,0,0
bbxf068v,57,3fta7cbu,0,,InitializeParticipant,1779914631,1,0,0
bbxf068v,37,orbiqyi0,15,mock_N08_N04_Aonly,AttentionCheck,1779914637,1,0,0
bbxf068v,43,tw1yf8jo,5,presurvey,Training,1779914639,1,0,0
bbxf068v,55,o26qp3v1,11,presurvey,Scenario,1779914644,1,0,0
bbxf068v,58,ljx2nbun,0,,InitializeParticipant,1779914646,1,0,0
bbxf068v,57,3fta7cbu,1,presurvey,Introduction,1779914651,1,0,0
bbxf068v,56,0mg9lin0,2,presurvey,AudioCheck,1779914653,1,0,0
bbxf068v,55,o26qp3v1,12,presurvey,Commitment,1779914653,1,0,0
bbxf068v,57,3fta7cbu,2,presurvey,AudioCheck,1779914664,1,0,0
bbxf068v,56,0mg9lin0,3,presurvey,Demographics,1779914673,1,0,0
bbxf068v,59,b29bf4az,0,,InitializeParticipant,1779914673,1,0,0
bbxf068v,53,8t8n07se,6,presurvey,TrainingNeighbor_1,1779914675,1,0,0
bbxf068v,58,ljx2nbun,1,presurvey,Introduction,1779914677,1,0,0
bbxf068v,59,b29bf4az,1,presurvey,Introduction,1779914678,1,0,0
bbxf068v,53,8t8n07se,7,presurvey,TrainingNeighbor_2,1779914687,1,0,0
bbxf068v,57,3fta7cbu,3,presurvey,Demographics,1779914690,1,0,0
bbxf068v,59,b29bf4az,2,presurvey,AudioCheck,1779914690,1,0,0
bbxf068v,53,8t8n07se,10,presurvey,ExperimentInstruction,1779914698,1,0,0
bbxf068v,57,3fta7cbu,4,presurvey,NeighborhoodInstruction,1779914702,1,0,0
bbxf068v,59,b29bf4az,3,presurvey,Demographics,1779914703,1,0,0
bbxf068v,58,ljx2nbun,2,presurvey,AudioCheck,1779914706,1,0,0
bbxf068v,59,b29bf4az,4,presurvey,NeighborhoodInstruction,1779914718,1,0,0
bbxf068v,56,0mg9lin0,4,presurvey,NeighborhoodInstruction,1779914722,1,0,0
bbxf068v,53,8t8n07se,11,presurvey,Scenario,1779914729,1,0,0
bbxf068v,59,b29bf4az,5,presurvey,Training,1779914743,1,0,0
bbxf068v,59,b29bf4az,6,presurvey,TrainingNeighbor_1,1779914761,1,0,0
bbxf068v,59,b29bf4az,10,presurvey,ExperimentInstruction,1779914768,1,0,0
bbxf068v,40,ifvrebnn,13,mock_N08_N04_Aonly,GroupingWaitPage,1779914770,1,0,1
bbxf068v,40,ifvrebnn,14,mock_N08_N04_Aonly,GroupSizeWaitPage,1779914771,1,0,1
bbxf068v,53,8t8n07se,12,presurvey,Commitment,1779914775,1,0,0
bbxf068v,40,ifvrebnn,15,mock_N08_N04_Aonly,AttentionCheck,1779914778,1,0,0
bbxf068v,57,3fta7cbu,5,presurvey,Training,1779914788,1,0,0
bbxf068v,56,0mg9lin0,5,presurvey,Training,1779914789,1,0,0
bbxf068v,59,b29bf4az,11,presurvey,Scenario,1779914796,1,0,0
bbxf068v,60,7yyqvbok,0,,InitializeParticipant,1779914807,1,0,0
bbxf068v,61,3fxczajw,0,,InitializeParticipant,1779914808,1,0,0
bbxf068v,60,7yyqvbok,1,presurvey,Introduction,1779914811,1,0,0
bbxf068v,61,3fxczajw,1,presurvey,Introduction,1779914821,1,0,0
bbxf068v,60,7yyqvbok,2,presurvey,AudioCheck,1779914822,1,0,0
bbxf068v,59,b29bf4az,12,presurvey,Commitment,1779914822,1,0,0
bbxf068v,60,7yyqvbok,3,presurvey,Demographics,1779914834,1,0,0
bbxf068v,61,3fxczajw,2,presurvey,AudioCheck,1779914836,1,0,0
bbxf068v,62,64yp1ffz,0,,InitializeParticipant,1779914843,1,0,0
bbxf068v,60,7yyqvbok,4,presurvey,NeighborhoodInstruction,1779914843,1,0,0
bbxf068v,57,3fta7cbu,6,presurvey,TrainingNeighbor_1,1779914844,1,0,0
bbxf068v,62,64yp1ffz,1,presurvey,Introduction,1779914846,1,0,0
bbxf068v,57,3fta7cbu,10,presurvey,ExperimentInstruction,1779914848,1,0,0
bbxf068v,61,3fxczajw,3,presurvey,Demographics,1779914853,1,0,0
bbxf068v,62,64yp1ffz,2,presurvey,AudioCheck,1779914854,1,0,0
bbxf068v,60,7yyqvbok,5,presurvey,Training,1779914857,1,0,0
bbxf068v,63,ufuevovy,0,,InitializeParticipant,1779914866,1,0,0
bbxf068v,61,3fxczajw,4,presurvey,NeighborhoodInstruction,1779914869,1,0,0
bbxf068v,60,7yyqvbok,6,presurvey,TrainingNeighbor_1,1779914871,1,0,0
bbxf068v,62,64yp1ffz,3,presurvey,Demographics,1779914871,1,0,0
bbxf068v,60,7yyqvbok,10,presurvey,ExperimentInstruction,1779914872,1,0,0
bbxf068v,43,tw1yf8jo,6,presurvey,TrainingNeighbor_1,1779914874,1,0,0
bbxf068v,62,64yp1ffz,4,presurvey,NeighborhoodInstruction,1779914879,1,0,0
bbxf068v,62,64yp1ffz,5,presurvey,Training,1779914884,1,0,0
bbxf068v,43,tw1yf8jo,10,presurvey,ExperimentInstruction,1779914886,1,0,0
bbxf068v,57,3fta7cbu,11,presurvey,Scenario,1779914886,1,0,0
bbxf068v,60,7yyqvbok,11,presurvey,Scenario,1779914892,1,0,0
bbxf068v,61,3fxczajw,5,presurvey,Training,1779914892,1,0,0
bbxf068v,56,0mg9lin0,6,presurvey,TrainingNeighbor_1,1779914893,1,0,0
bbxf068v,62,64yp1ffz,6,presurvey,TrainingNeighbor_1,1779914901,1,0,0
bbxf068v,62,64yp1ffz,10,presurvey,ExperimentInstruction,1779914904,1,0,0
bbxf068v,60,7yyqvbok,12,presurvey,Commitment,1779914905,1,0,0
bbxf068v,42,kemx810y,13,mock_N08_N04_Aonly,GroupingWaitPage,1779914913,1,0,1
bbxf068v,42,kemx810y,14,mock_N08_N04_Aonly,GroupSizeWaitPage,1779914914,1,0,1
bbxf068v,62,64yp1ffz,11,presurvey,Scenario,1779914916,1,0,0
bbxf068v,63,ufuevovy,1,presurvey,Introduction,1779914920,1,0,0
bbxf068v,42,kemx810y,15,mock_N08_N04_Aonly,AttentionCheck,1779914922,1,0,0
bbxf068v,62,64yp1ffz,12,presurvey,Commitment,1779914924,1,0,0
bbxf068v,64,4ig12kwy,0,,InitializeParticipant,1779914940,1,0,0
bbxf068v,63,ufuevovy,2,presurvey,AudioCheck,1779914941,1,0,0
bbxf068v,64,4ig12kwy,1,presurvey,Introduction,1779914961,1,0,0
bbxf068v,56,0mg9lin0,7,presurvey,TrainingNeighbor_2,1779914961,1,0,0
bbxf068v,63,ufuevovy,3,presurvey,Demographics,1779914973,1,0,0
bbxf068v,61,3fxczajw,6,presurvey,TrainingNeighbor_1,1779914974,1,0,0
bbxf068v,56,0mg9lin0,10,presurvey,ExperimentInstruction,1779914975,1,0,0
bbxf068v,64,4ig12kwy,2,presurvey,AudioCheck,1779914975,1,0,0
bbxf068v,64,4ig12kwy,3,presurvey,Demographics,1779914984,1,0,0
bbxf068v,61,3fxczajw,10,presurvey,ExperimentInstruction,1779914986,1,0,0
bbxf068v,64,4ig12kwy,4,presurvey,NeighborhoodInstruction,1779914992,1,0,0
bbxf068v,63,ufuevovy,4,presurvey,NeighborhoodInstruction,1779915002,1,0,0
bbxf068v,64,4ig12kwy,5,presurvey,Training,1779915009,1,0,0
bbxf068v,61,3fxczajw,11,presurvey,Scenario,1779915012,1,0,0
bbxf068v,65,akgaumzz,0,,InitializeParticipant,1779915013,1,0,0
bbxf068v,65,akgaumzz,1,presurvey,Introduction,1779915027,1,0,0
bbxf068v,63,ufuevovy,5,presurvey,Training,1779915045,1,0,0
bbxf068v,66,8zfhx3dh,0,,InitializeParticipant,1779915053,1,0,0
bbxf068v,64,4ig12kwy,6,presurvey,TrainingNeighbor_1,1779915055,1,0,0
bbxf068v,66,8zfhx3dh,1,presurvey,Introduction,1779915059,1,0,0
bbxf068v,65,akgaumzz,2,presurvey,AudioCheck,1779915061,1,0,0
bbxf068v,64,4ig12kwy,7,presurvey,TrainingNeighbor_2,1779915070,1,0,0
bbxf068v,64,4ig12kwy,10,presurvey,ExperimentInstruction,1779915074,1,0,0
bbxf068v,56,0mg9lin0,11,presurvey,Scenario,1779915074,1,0,0
bbxf068v,66,8zfhx3dh,2,presurvey,AudioCheck,1779915081,1,0,0
bbxf068v,67,2wufnfi3,0,,InitializeParticipant,1779915082,1,0,0
bbxf068v,65,akgaumzz,3,presurvey,Demographics,1779915084,1,0,0
bbxf068v,63,ufuevovy,6,presurvey,TrainingNeighbor_1,1779915087,1,0,0
bbxf068v,64,4ig12kwy,11,presurvey,Scenario,1779915089,1,0,0
bbxf068v,68,ssfr2iny,0,,InitializeParticipant,1779915095,1,0,0
bbxf068v,66,8zfhx3dh,3,presurvey,Demographics,1779915098,1,0,0
bbxf068v,63,ufuevovy,10,presurvey,ExperimentInstruction,1779915103,1,0,0
bbxf068v,66,8zfhx3dh,4,presurvey,NeighborhoodInstruction,1779915104,1,0,0
bbxf068v,68,ssfr2iny,1,presurvey,Introduction,1779915107,1,0,0
bbxf068v,65,akgaumzz,4,presurvey,NeighborhoodInstruction,1779915109,1,0,0
bbxf068v,61,3fxczajw,12,presurvey,Commitment,1779915113,1,0,0
bbxf068v,66,8zfhx3dh,5,presurvey,Training,1779915117,1,0,0
bbxf068v,65,akgaumzz,5,presurvey,Training,1779915122,1,0,0
bbxf068v,45,s9l6ba39,13,mock_N08_N04_Aonly,GroupingWaitPage,1779915133,1,0,1
bbxf068v,64,4ig12kwy,12,presurvey,Commitment,1779915134,1,0,0
bbxf068v,45,s9l6ba39,14,mock_N08_N04_Aonly,GroupSizeWaitPage,1779915141,1,0,1
bbxf068v,45,s9l6ba39,15,mock_N08_N04_Aonly,AttentionCheck,1779915146,1,0,0
bbxf068v,65,akgaumzz,6,presurvey,TrainingNeighbor_1,1779915149,1,0,0
bbxf068v,63,ufuevovy,11,presurvey,Scenario,1779915149,1,0,0
bbxf068v,43,tw1yf8jo,11,presurvey,Scenario,1779915151,1,0,0
bbxf068v,65,akgaumzz,10,presurvey,ExperimentInstruction,1779915158,1,0,0
bbxf068v,66,8zfhx3dh,6,presurvey,TrainingNeighbor_1,1779915158,1,0,0
bbxf068v,66,8zfhx3dh,7,presurvey,TrainingNeighbor_2,1779915164,1,0,0
bbxf068v,66,8zfhx3dh,10,presurvey,ExperimentInstruction,1779915167,1,0,0
bbxf068v,67,2wufnfi3,1,presurvey,Introduction,1779915175,1,0,0
bbxf068v,66,8zfhx3dh,11,presurvey,Scenario,1779915176,1,0,0
bbxf068v,68,ssfr2iny,2,presurvey,AudioCheck,1779915180,1,0,0
bbxf068v,69,dfl4fzju,0,,InitializeParticipant,1779915181,1,0,0
bbxf068v,66,8zfhx3dh,12,presurvey,Commitment,1779915187,1,0,0
bbxf068v,49,uzz10zbh,13,mock_N08_N04_Aonly,GroupingWaitPage,1779915190,1,0,1
bbxf068v,49,uzz10zbh,14,mock_N08_N04_Aonly,GroupSizeWaitPage,1779915192,1,0,1
bbxf068v,69,dfl4fzju,1,presurvey,Introduction,1779915197,1,0,0
bbxf068v,65,akgaumzz,11,presurvey,Scenario,1779915200,1,0,0
bbxf068v,49,uzz10zbh,15,mock_N08_N04_Aonly,AttentionCheck,1779915202,1,0,0
bbxf068v,63,ufuevovy,12,presurvey,Commitment,1779915204,1,0,0
bbxf068v,67,2wufnfi3,2,presurvey,AudioCheck,1779915204,1,0,0
bbxf068v,68,ssfr2iny,3,presurvey,Demographics,1779915210,1,0,0
bbxf068v,67,2wufnfi3,3,presurvey,Demographics,1779915217,1,0,0
bbxf068v,43,tw1yf8jo,12,presurvey,Commitment,1779915218,1,0,0
bbxf068v,50,nca9xph5,13,mock_N08_N04_Aonly,GroupingWaitPage,1779915224,1,0,1
bbxf068v,50,nca9xph5,14,mock_N08_N04_Aonly,GroupSizeWaitPage,1779915225,1,0,1
bbxf068v,69,dfl4fzju,2,presurvey,AudioCheck,1779915225,1,0,0
bbxf068v,48,obcuwn2s,13,mock_N08_N04_Aonly,GroupingWaitPage,1779915227,1,0,1
bbxf068v,48,obcuwn2s,14,mock_N08_N04_Aonly,GroupSizeWaitPage,1779915228,1,0,1
bbxf068v,50,nca9xph5,15,mock_N08_N04_Aonly,AttentionCheck,1779915230,1,0,0
bbxf068v,67,2wufnfi3,4,presurvey,NeighborhoodInstruction,1779915232,1,0,0
bbxf068v,48,obcuwn2s,15,mock_N08_N04_Aonly,AttentionCheck,1779915235,1,0,0
bbxf068v,68,ssfr2iny,4,presurvey,NeighborhoodInstruction,1779915240,1,0,0
bbxf068v,69,dfl4fzju,3,presurvey,Demographics,1779915244,1,0,0
bbxf068v,67,2wufnfi3,5,presurvey,Training,1779915257,1,0,0
bbxf068v,65,akgaumzz,12,presurvey,Commitment,1779915270,1,0,0
bbxf068v,70,jhkwzug1,0,,InitializeParticipant,1779915272,1,0,0
bbxf068v,67,2wufnfi3,6,presurvey,TrainingNeighbor_1,1779915280,1,0,0
bbxf068v,67,2wufnfi3,10,presurvey,ExperimentInstruction,1779915291,1,0,0
bbxf068v,69,dfl4fzju,4,presurvey,NeighborhoodInstruction,1779915296,1,0,0
bbxf068v,68,ssfr2iny,5,presurvey,Training,1779915307,1,0,0
bbxf068v,70,jhkwzug1,1,presurvey,Introduction,1779915307,1,0,0
bbxf068v,52,b3dilj0b,13,mock_N08_N04_Aonly,GroupingWaitPage,1779915309,1,0,1
bbxf068v,67,2wufnfi3,11,presurvey,Scenario,1779915309,1,0,0
bbxf068v,52,b3dilj0b,14,mock_N08_N04_Aonly,GroupSizeWaitPage,1779915310,1,0,1
bbxf068v,71,tz0ir3g3,0,,InitializeParticipant,1779915312,1,0,0
bbxf068v,69,dfl4fzju,5,presurvey,Training,1779915315,1,0,0
bbxf068v,52,b3dilj0b,15,mock_N08_N04_Aonly,AttentionCheck,1779915318,1,0,0
bbxf068v,72,0i62htkv,0,,InitializeParticipant,1779915327,1,0,0
bbxf068v,67,2wufnfi3,12,presurvey,Commitment,1779915341,1,0,0
bbxf068v,68,ssfr2iny,6,presurvey,TrainingNeighbor_1,1779915344,1,0,0
bbxf068v,70,jhkwzug1,2,presurvey,AudioCheck,1779915347,1,0,0
bbxf068v,71,tz0ir3g3,1,presurvey,Introduction,1779915367,1,0,0
bbxf068v,72,0i62htkv,1,presurvey,Introduction,1779915368,1,0,0
bbxf068v,68,ssfr2iny,10,presurvey,ExperimentInstruction,1779915374,1,0,0
bbxf068v,55,o26qp3v1,13,mock_N08_N04_Aonly,GroupingWaitPage,1779915378,1,0,1
bbxf068v,55,o26qp3v1,14,mock_N08_N04_Aonly,GroupSizeWaitPage,1779915379,1,0,1
bbxf068v,70,jhkwzug1,3,presurvey,Demographics,1779915381,1,0,0
bbxf068v,55,o26qp3v1,15,mock_N08_N04_Aonly,AttentionCheck,1779915384,1,0,0
bbxf068v,70,jhkwzug1,4,presurvey,NeighborhoodInstruction,1779915391,1,0,0
bbxf068v,71,tz0ir3g3,2,presurvey,AudioCheck,1779915398,1,0,0
bbxf068v,72,0i62htkv,2,presurvey,AudioCheck,1779915413,1,0,0
bbxf068v,69,dfl4fzju,6,presurvey,TrainingNeighbor_1,1779915414,1,0,0
bbxf068v,70,jhkwzug1,5,presurvey,Training,1779915429,1,0,0
bbxf068v,68,ssfr2iny,11,presurvey,Scenario,1779915430,1,0,0
bbxf068v,71,tz0ir3g3,3,presurvey,Demographics,1779915438,1,0,0
bbxf068v,73,xt3ugzp2,0,,InitializeParticipant,1779915442,1,0,0
bbxf068v,74,w72lkgoq,0,,InitializeParticipant,1779915450,1,0,0
bbxf068v,75,a3wnumor,0,,InitializeParticipant,1779915453,1,0,0
bbxf068v,69,dfl4fzju,10,presurvey,ExperimentInstruction,1779915457,1,0,0
bbxf068v,76,rp0y7awf,0,,InitializeParticipant,1779915460,1,0,0
bbxf068v,74,w72lkgoq,1,presurvey,Introduction,1779915462,1,0,0
bbxf068v,73,xt3ugzp2,1,presurvey,Introduction,1779915476,1,0,0
bbxf068v,69,dfl4fzju,11,presurvey,Scenario,1779915476,1,0,0
bbxf068v,76,rp0y7awf,1,presurvey,Introduction,1779915483,1,0,0
bbxf068v,71,tz0ir3g3,4,presurvey,NeighborhoodInstruction,1779915483,1,0,0
bbxf068v,72,0i62htkv,3,presurvey,Demographics,1779915484,1,0,0
bbxf068v,74,w72lkgoq,2,presurvey,AudioCheck,1779915486,1,0,0
bbxf068v,70,jhkwzug1,6,presurvey,TrainingNeighbor_1,1779915488,1,0,0
bbxf068v,75,a3wnumor,1,presurvey,Introduction,1779915490,1,0,0
bbxf068v,77,gzvrdmew,0,,InitializeParticipant,1779915497,1,0,0
bbxf068v,76,rp0y7awf,2,presurvey,AudioCheck,1779915497,1,0,0
bbxf068v,53,8t8n07se,13,mock_N08_N04_Aonly,GroupingWaitPage,1779915499,1,0,1
bbxf068v,53,8t8n07se,14,mock_N08_N04_Aonly,GroupSizeWaitPage,1779915500,1,0,1
bbxf068v,74,w72lkgoq,3,presurvey,Demographics,1779915505,1,0,0
bbxf068v,77,gzvrdmew,1,presurvey,Introduction,1779915507,1,0,0
bbxf068v,72,0i62htkv,4,presurvey,NeighborhoodInstruction,1779915508,1,0,0
bbxf068v,75,a3wnumor,2,presurvey,AudioCheck,1779915508,1,0,0
bbxf068v,70,jhkwzug1,7,presurvey,TrainingNeighbor_2,1779915508,1,0,0
bbxf068v,53,8t8n07se,15,mock_N08_N04_Aonly,AttentionCheck,1779915510,1,0,0
bbxf068v,74,w72lkgoq,4,presurvey,NeighborhoodInstruction,1779915514,1,0,0
bbxf068v,78,fj2jbdlk,0,,InitializeParticipant,1779915515,1,0,0
bbxf068v,73,xt3ugzp2,2,presurvey,AudioCheck,1779915517,1,0,0
bbxf068v,75,a3wnumor,3,presurvey,Demographics,1779915523,1,0,0
bbxf068v,77,gzvrdmew,2,presurvey,AudioCheck,1779915525,1,0,0
bbxf068v,70,jhkwzug1,8,presurvey,AttentionCheck,1779915526,1,0,0
bbxf068v,77,gzvrdmew,3,presurvey,Demographics,1779915537,1,0,0
bbxf068v,73,xt3ugzp2,3,presurvey,Demographics,1779915538,1,0,0
bbxf068v,59,b29bf4az,13,mock_N08_N04_Aonly,GroupingWaitPage,1779915544,1,0,1
bbxf068v,77,gzvrdmew,4,presurvey,NeighborhoodInstruction,1779915544,1,0,0
bbxf068v,73,xt3ugzp2,4,presurvey,NeighborhoodInstruction,1779915544,1,0,0
bbxf068v,59,b29bf4az,14,mock_N08_N04_Aonly,GroupSizeWaitPage,1779915545,1,0,1
bbxf068v,72,0i62htkv,5,presurvey,Training,1779915545,1,0,0
bbxf068v,59,b29bf4az,15,mock_N08_N04_Aonly,AttentionCheck,1779915550,1,0,0
bbxf068v,78,fj2jbdlk,1,presurvey,Introduction,1779915552,1,0,0
bbxf068v,73,xt3ugzp2,5,presurvey,Training,1779915553,1,0,0
bbxf068v,74,w72lkgoq,5,presurvey,Training,1779915559,1,0,0
bbxf068v,73,xt3ugzp2,6,presurvey,TrainingNeighbor_1,1779915566,1,0,0
bbxf068v,75,a3wnumor,4,presurvey,NeighborhoodInstruction,1779915566,1,0,0
bbxf068v,70,jhkwzug1,9,presurvey,TrainingNeighbor_3,1779915572,1,0,0
bbxf068v,78,fj2jbdlk,2,presurvey,AudioCheck,1779915572,1,0,0
bbxf068v,74,w72lkgoq,6,presurvey,TrainingNeighbor_1,1779915575,1,0,0
bbxf068v,73,xt3ugzp2,7,presurvey,TrainingNeighbor_2,1779915576,1,0,0
bbxf068v,74,w72lkgoq,10,presurvey,ExperimentInstruction,1779915586,1,0,0
bbxf068v,73,xt3ugzp2,10,presurvey,ExperimentInstruction,1779915587,1,0,0
bbxf068v,77,gzvrdmew,5,presurvey,Training,1779915588,1,0,0
bbxf068v,71,tz0ir3g3,5,presurvey,Training,1779915597,1,0,0
bbxf068v,79,jh6yny5v,0,,InitializeParticipant,1779915598,1,0,0
bbxf068v,78,fj2jbdlk,3,presurvey,Demographics,1779915599,1,0,0
bbxf068v,73,xt3ugzp2,11,presurvey,Scenario,1779915601,1,0,0
bbxf068v,78,fj2jbdlk,4,presurvey,NeighborhoodInstruction,1779915609,1,0,0
bbxf068v,76,rp0y7awf,3,presurvey,Demographics,1779915610,1,0,0
bbxf068v,75,a3wnumor,5,presurvey,Training,1779915610,1,0,0
bbxf068v,79,jh6yny5v,1,presurvey,Introduction,1779915611,1,0,0
bbxf068v,70,jhkwzug1,10,presurvey,ExperimentInstruction,1779915614,1,0,0
bbxf068v,74,w72lkgoq,11,presurvey,Scenario,1779915617,1,0,0
bbxf068v,77,gzvrdmew,6,presurvey,TrainingNeighbor_1,1779915621,1,0,0
bbxf068v,78,fj2jbdlk,5,presurvey,Training,1779915624,1,0,0
bbxf068v,77,gzvrdmew,10,presurvey,ExperimentInstruction,1779915625,1,0,0
bbxf068v,60,7yyqvbok,13,mock_N08_N04_Aonly,GroupingWaitPage,1779915627,1,0,1
bbxf068v,60,7yyqvbok,14,mock_N08_N04_Aonly,GroupSizeWaitPage,1779915628,1,0,1
bbxf068v,79,jh6yny5v,2,presurvey,AudioCheck,1779915631,1,0,0
bbxf068v,80,bsrrne1e,0,,InitializeParticipant,1779915640,1,0,0
bbxf068v,75,a3wnumor,6,presurvey,TrainingNeighbor_1,1779915646,1,0,0
bbxf068v,60,7yyqvbok,15,mock_N08_N04_Aonly,AttentionCheck,1779915646,1,0,0
bbxf068v,62,64yp1ffz,13,mock_N08_N04_Aonly,GroupingWaitPage,1779915649,1,0,1
bbxf068v,62,64yp1ffz,14,mock_N08_N04_Aonly,GroupSizeWaitPage,1779915649,1,0,1
bbxf068v,76,rp0y7awf,4,presurvey,NeighborhoodInstruction,1779915651,1,0,0
bbxf068v,80,bsrrne1e,1,presurvey,Introduction,1779915652,1,0,0
bbxf068v,77,gzvrdmew,11,presurvey,Scenario,1779915653,1,0,0
bbxf068v,75,a3wnumor,7,presurvey,TrainingNeighbor_2,1779915655,1,0,0
bbxf068v,62,64yp1ffz,15,mock_N08_N04_Aonly,AttentionCheck,1779915655,1,0,0
bbxf068v,70,jhkwzug1,11,presurvey,Scenario,1779915658,1,0,0
bbxf068v,79,jh6yny5v,3,presurvey,Demographics,1779915658,1,0,0
bbxf068v,80,bsrrne1e,2,presurvey,AudioCheck,1779915665,1,0,0
bbxf068v,75,a3wnumor,8,presurvey,AttentionCheck,1779915668,1,0,0
bbxf068v,72,0i62htkv,6,presurvey,TrainingNeighbor_1,1779915674,1,0,0
bbxf068v,74,w72lkgoq,12,presurvey,Commitment,1779915676,1,0,0
bbxf068v,79,jh6yny5v,4,presurvey,NeighborhoodInstruction,1779915677,1,0,0
bbxf068v,80,bsrrne1e,3,presurvey,Demographics,1779915680,1,0,0
bbxf068v,77,gzvrdmew,12,presurvey,Commitment,1779915680,1,0,0
bbxf068v,71,tz0ir3g3,6,presurvey,TrainingNeighbor_1,1779915681,1,0,0
bbxf068v,76,rp0y7awf,5,presurvey,Training,1779915682,1,0,0
bbxf068v,78,fj2jbdlk,6,presurvey,TrainingNeighbor_1,1779915691,1,0,0
bbxf068v,72,0i62htkv,10,presurvey,ExperimentInstruction,1779915697,1,0,0
bbxf068v,78,fj2jbdlk,7,presurvey,TrainingNeighbor_2,1779915698,1,0,0
bbxf068v,75,a3wnumor,9,presurvey,TrainingNeighbor_3,1779915698,1,0,0
bbxf068v,78,fj2jbdlk,10,presurvey,ExperimentInstruction,1779915700,1,0,0
bbxf068v,71,tz0ir3g3,10,presurvey,ExperimentInstruction,1779915704,1,0,0
bbxf068v,80,bsrrne1e,4,presurvey,NeighborhoodInstruction,1779915704,1,0,0
bbxf068v,75,a3wnumor,10,presurvey,ExperimentInstruction,1779915714,1,0,0
bbxf068v,78,fj2jbdlk,11,presurvey,Scenario,1779915716,1,0,0
bbxf068v,76,rp0y7awf,6,presurvey,TrainingNeighbor_1,1779915723,1,0,0
bbxf068v,71,tz0ir3g3,11,presurvey,Scenario,1779915729,1,0,0
bbxf068v,80,bsrrne1e,5,presurvey,Training,1779915733,1,0,0
bbxf068v,76,rp0y7awf,10,presurvey,ExperimentInstruction,1779915749,1,0,0
bbxf068v,79,jh6yny5v,5,presurvey,Training,1779915756,1,0,0
bbxf068v,72,0i62htkv,11,presurvey,Scenario,1779915756,1,0,0
bbxf068v,80,bsrrne1e,6,presurvey,TrainingNeighbor_1,1779915763,1,0,0
bbxf068v,75,a3wnumor,11,presurvey,Scenario,1779915767,1,0,0
bbxf068v,76,rp0y7awf,11,presurvey,Scenario,1779915770,1,0,0
bbxf068v,80,bsrrne1e,10,presurvey,ExperimentInstruction,1779915771,1,0,0
bbxf068v,71,tz0ir3g3,12,presurvey,Commitment,1779915772,1,0,0
bbxf068v,76,rp0y7awf,12,presurvey,Commitment,1779915790,1,0,0
bbxf068v,80,bsrrne1e,11,presurvey,Scenario,1779915802,1,0,0
bbxf068v,79,jh6yny5v,6,presurvey,TrainingNeighbor_1,1779915827,1,0,0
bbxf068v,61,3fxczajw,13,mock_N08_N04_Aonly,GroupingWaitPage,1779915834,1,0,1
bbxf068v,61,3fxczajw,14,mock_N08_N04_Aonly,GroupSizeWaitPage,1779915835,1,0,1
bbxf068v,75,a3wnumor,12,presurvey,Commitment,1779915838,1,0,0
bbxf068v,61,3fxczajw,15,mock_N08_N04_Aonly,AttentionCheck,1779915844,1,0,0
bbxf068v,79,jh6yny5v,10,presurvey,ExperimentInstruction,1779915847,1,0,0
bbxf068v,80,bsrrne1e,12,presurvey,Commitment,1779915849,1,0,0
bbxf068v,79,jh6yny5v,11,presurvey,Scenario,1779915878,1,0,0
bbxf068v,66,8zfhx3dh,13,mock_N08_N04_Aonly,GroupingWaitPage,1779915908,1,0,1
bbxf068v,66,8zfhx3dh,14,mock_N08_N04_Aonly,GroupSizeWaitPage,1779915909,1,0,1
bbxf068v,66,8zfhx3dh,15,mock_N08_N04_Aonly,AttentionCheck,1779915919,1,0,0
bbxf068v,63,ufuevovy,13,mock_N08_N04_Aonly,GroupingWaitPage,1779915925,1,0,1
bbxf068v,63,ufuevovy,14,mock_N08_N04_Aonly,GroupSizeWaitPage,1779915926,1,0,1
bbxf068v,63,ufuevovy,15,mock_N08_N04_Aonly,AttentionCheck,1779915935,1,0,0
bbxf068v,79,jh6yny5v,12,presurvey,Commitment,1779915938,1,0,0
bbxf068v,81,yg1emb5t,0,,InitializeParticipant,1779915940,1,0,0
bbxf068v,70,jhkwzug1,12,presurvey,Commitment,1779915943,1,0,0
bbxf068v,81,yg1emb5t,1,presurvey,Introduction,1779915954,1,0,0
bbxf068v,81,yg1emb5t,2,presurvey,AudioCheck,1779915967,1,0,0
bbxf068v,81,yg1emb5t,3,presurvey,Demographics,1779915982,1,0,0
bbxf068v,65,akgaumzz,13,mock_N08_N04_Aonly,GroupingWaitPage,1779915991,1,0,1
bbxf068v,65,akgaumzz,14,mock_N08_N04_Aonly,GroupSizeWaitPage,1779915993,1,0,1
bbxf068v,82,ouqy9kda,0,,InitializeParticipant,1779915999,1,0,0
bbxf068v,65,akgaumzz,15,mock_N08_N04_Aonly,AttentionCheck,1779915999,1,0,0
bbxf068v,83,pcsiboi8,0,,InitializeParticipant,1779916013,1,0,0
bbxf068v,84,caawrmox,0,,InitializeParticipant,1779916024,1,0,0
bbxf068v,85,frdsvf6r,0,,InitializeParticipant,1779916025,1,0,0
bbxf068v,86,leg6r1pu,0,,InitializeParticipant,1779916038,1,0,0
bbxf068v,87,t52hivxi,0,,InitializeParticipant,1779916039,1,0,0
bbxf068v,85,frdsvf6r,1,presurvey,Introduction,1779916042,1,0,0
bbxf068v,84,caawrmox,1,presurvey,Introduction,1779916043,1,0,0
bbxf068v,86,leg6r1pu,1,presurvey,Introduction,1779916044,1,0,0
bbxf068v,82,ouqy9kda,1,presurvey,Introduction,1779916051,1,0,0
bbxf068v,87,t52hivxi,1,presurvey,Introduction,1779916060,1,0,0
bbxf068v,84,caawrmox,2,presurvey,AudioCheck,1779916063,1,0,0
bbxf068v,86,leg6r1pu,2,presurvey,AudioCheck,1779916065,1,0,0
bbxf068v,67,2wufnfi3,13,mock_N08_N04_Aonly,GroupingWaitPage,1779916067,1,0,1
bbxf068v,83,pcsiboi8,1,presurvey,Introduction,1779916067,1,0,0
bbxf068v,67,2wufnfi3,14,mock_N08_N04_Aonly,GroupSizeWaitPage,1779916068,1,0,1
bbxf068v,85,frdsvf6r,2,presurvey,AudioCheck,1779916068,1,0,0
bbxf068v,82,ouqy9kda,2,presurvey,AudioCheck,1779916071,1,0,0
bbxf068v,67,2wufnfi3,15,mock_N08_N04_Aonly,AttentionCheck,1779916074,1,0,0
bbxf068v,86,leg6r1pu,3,presurvey,Demographics,1779916085,1,0,0
bbxf068v,83,pcsiboi8,2,presurvey,AudioCheck,1779916086,1,0,0
bbxf068v,82,ouqy9kda,3,presurvey,Demographics,1779916089,1,0,0
bbxf068v,85,frdsvf6r,3,presurvey,Demographics,1779916090,1,0,0
bbxf068v,83,pcsiboi8,3,presurvey,Demographics,1779916098,1,0,0
bbxf068v,86,leg6r1pu,4,presurvey,NeighborhoodInstruction,1779916110,1,0,0
bbxf068v,87,t52hivxi,2,presurvey,AudioCheck,1779916112,1,0,0
bbxf068v,83,pcsiboi8,4,presurvey,NeighborhoodInstruction,1779916112,1,0,0
bbxf068v,85,frdsvf6r,4,presurvey,NeighborhoodInstruction,1779916122,1,0,0
bbxf068v,86,leg6r1pu,5,presurvey,Training,1779916136,1,0,0
bbxf068v,84,caawrmox,3,presurvey,Demographics,1779916140,1,0,0
bbxf068v,84,caawrmox,4,presurvey,NeighborhoodInstruction,1779916154,1,0,0
bbxf068v,83,pcsiboi8,5,presurvey,Training,1779916157,1,0,0
bbxf068v,82,ouqy9kda,4,presurvey,NeighborhoodInstruction,1779916173,1,0,0
bbxf068v,85,frdsvf6r,5,presurvey,Training,1779916181,1,0,0
bbxf068v,83,pcsiboi8,6,presurvey,TrainingNeighbor_1,1779916182,1,0,0
bbxf068v,81,yg1emb5t,4,presurvey,NeighborhoodInstruction,1779916183,1,0,0
bbxf068v,87,t52hivxi,3,presurvey,Demographics,1779916191,1,0,0
bbxf068v,83,pcsiboi8,10,presurvey,ExperimentInstruction,1779916197,1,0,0
bbxf068v,81,yg1emb5t,5,presurvey,Training,1779916212,1,0,0
bbxf068v,83,pcsiboi8,11,presurvey,Scenario,1779916217,1,0,0
bbxf068v,82,ouqy9kda,5,presurvey,Training,1779916234,1,0,0
bbxf068v,85,frdsvf6r,6,presurvey,TrainingNeighbor_1,1779916236,1,0,0
bbxf068v,84,caawrmox,5,presurvey,Training,1779916242,1,0,0
bbxf068v,88,li66v5lc,0,,InitializeParticipant,1779916249,1,0,0
bbxf068v,85,frdsvf6r,10,presurvey,ExperimentInstruction,1779916251,1,0,0
bbxf068v,86,leg6r1pu,6,presurvey,TrainingNeighbor_1,1779916255,1,0,0
bbxf068v,89,8wj6d8dk,0,,InitializeParticipant,1779916258,1,0,0
bbxf068v,84,caawrmox,6,presurvey,TrainingNeighbor_1,1779916270,1,0,0
bbxf068v,86,leg6r1pu,10,presurvey,ExperimentInstruction,1779916276,1,0,0
bbxf068v,84,caawrmox,10,presurvey,ExperimentInstruction,1779916277,1,0,0
bbxf068v,81,yg1emb5t,6,presurvey,TrainingNeighbor_1,1779916280,1,0,0
bbxf068v,89,8wj6d8dk,1,presurvey,Introduction,1779916280,1,0,0
bbxf068v,81,yg1emb5t,10,presurvey,ExperimentInstruction,1779916289,1,0,0
bbxf068v,87,t52hivxi,4,presurvey,NeighborhoodInstruction,1779916290,1,0,0
bbxf068v,89,8wj6d8dk,2,presurvey,AudioCheck,1779916300,1,0,0
bbxf068v,85,frdsvf6r,11,presurvey,Scenario,1779916300,1,0,0
bbxf068v,84,caawrmox,11,presurvey,Scenario,1779916308,1,0,0
bbxf068v,90,9y7n2pag,0,,InitializeParticipant,1779916310,1,0,0
bbxf068v,81,yg1emb5t,11,presurvey,Scenario,1779916310,1,0,0
bbxf068v,89,8wj6d8dk,3,presurvey,Demographics,1779916313,1,0,0
bbxf068v,86,leg6r1pu,11,presurvey,Scenario,1779916318,1,0,0
bbxf068v,89,8wj6d8dk,4,presurvey,NeighborhoodInstruction,1779916326,1,0,0
bbxf068v,90,9y7n2pag,1,presurvey,Introduction,1779916326,1,0,0
bbxf068v,91,xyvkwhu5,0,,InitializeParticipant,1779916336,1,0,0
bbxf068v,92,lhvp11dj,0,,InitializeParticipant,1779916337,1,0,0
bbxf068v,89,8wj6d8dk,5,presurvey,Training,1779916339,1,0,0
bbxf068v,82,ouqy9kda,6,presurvey,TrainingNeighbor_1,1779916343,1,0,0
bbxf068v,90,9y7n2pag,2,presurvey,AudioCheck,1779916346,1,0,0
bbxf068v,84,caawrmox,12,presurvey,Commitment,1779916348,1,0,0
bbxf068v,81,yg1emb5t,12,presurvey,Commitment,1779916349,1,0,0
bbxf068v,90,9y7n2pag,3,presurvey,Demographics,1779916356,1,0,0
bbxf068v,91,xyvkwhu5,1,presurvey,Introduction,1779916361,1,0,0
bbxf068v,89,8wj6d8dk,6,presurvey,TrainingNeighbor_1,1779916367,1,0,0
bbxf068v,89,8wj6d8dk,10,presurvey,ExperimentInstruction,1779916372,1,0,0
bbxf068v,82,ouqy9kda,7,presurvey,TrainingNeighbor_2,1779916376,1,0,0
bbxf068v,93,hvph4s8q,0,,InitializeParticipant,1779916383,1,0,0
bbxf068v,90,9y7n2pag,4,presurvey,NeighborhoodInstruction,1779916384,1,0,0
bbxf068v,74,w72lkgoq,13,mock_N08_N04_Aonly,GroupingWaitPage,1779916398,1,0,1
bbxf068v,74,w72lkgoq,14,mock_N08_N04_Aonly,GroupSizeWaitPage,1779916398,1,0,1
bbxf068v,94,xtcao950,0,,InitializeParticipant,1779916400,1,0,0
bbxf068v,93,hvph4s8q,1,presurvey,Introduction,1779916401,1,0,0
bbxf068v,89,8wj6d8dk,11,presurvey,Scenario,1779916401,1,0,0
bbxf068v,87,t52hivxi,5,presurvey,Training,1779916401,1,0,0
bbxf068v,90,9y7n2pag,5,presurvey,Training,1779916402,1,0,0
bbxf068v,74,w72lkgoq,15,mock_N08_N04_Aonly,AttentionCheck,1779916404,1,0,0
bbxf068v,95,tu4ak54e,0,,InitializeParticipant,1779916407,1,0,0
bbxf068v,77,gzvrdmew,13,mock_N08_N04_Aonly,GroupingWaitPage,1779916410,1,0,1
bbxf068v,77,gzvrdmew,14,mock_N08_N04_Aonly,GroupSizeWaitPage,1779916410,1,0,1
bbxf068v,77,gzvrdmew,15,mock_N08_N04_Aonly,AttentionCheck,1779916417,1,0,0
bbxf068v,94,xtcao950,1,presurvey,Introduction,1779916420,1,0,0
bbxf068v,90,9y7n2pag,6,presurvey,TrainingNeighbor_1,1779916420,1,0,0
bbxf068v,93,hvph4s8q,2,presurvey,AudioCheck,1779916421,1,0,0
bbxf068v,82,ouqy9kda,10,presurvey,ExperimentInstruction,1779916421,1,0,0
bbxf068v,43,tw1yf8jo,13,mock_N08_N04_Aonly,GroupingWaitPage,1779916422,1,0,1
bbxf068v,91,xyvkwhu5,2,presurvey,AudioCheck,1779916424,1,0,0
bbxf068v,90,9y7n2pag,10,presurvey,ExperimentInstruction,1779916424,1,0,0
bbxf068v,43,tw1yf8jo,14,mock_N08_N04_Aonly,GroupSizeWaitPage,1779916424,1,0,1
bbxf068v,89,8wj6d8dk,12,presurvey,Commitment,1779916435,1,0,0
bbxf068v,93,hvph4s8q,3,presurvey,Demographics,1779916435,1,0,0
bbxf068v,96,6p012vjb,0,,InitializeParticipant,1779916436,1,0,0
bbxf068v,96,6p012vjb,1,presurvey,Introduction,1779916447,1,0,0
bbxf068v,93,hvph4s8q,4,presurvey,NeighborhoodInstruction,1779916447,1,0,0
bbxf068v,90,9y7n2pag,11,presurvey,Scenario,1779916453,1,0,0
bbxf068v,82,ouqy9kda,11,presurvey,Scenario,1779916456,1,0,0
bbxf068v,91,xyvkwhu5,3,presurvey,Demographics,1779916463,1,0,0
bbxf068v,43,tw1yf8jo,15,mock_N08_N04_Aonly,AttentionCheck,1779916463,1,1,0
bbxf068v,97,z7cczd1b,0,,InitializeParticipant,1779916465,1,0,0
bbxf068v,95,tu4ak54e,1,presurvey,Introduction,1779916466,1,0,0
bbxf068v,94,xtcao950,2,presurvey,AudioCheck,1779916469,1,0,0
bbxf068v,96,6p012vjb,2,presurvey,AudioCheck,1779916478,1,0,0
bbxf068v,93,hvph4s8q,5,presurvey,Training,1779916479,1,0,0
bbxf068v,97,z7cczd1b,1,presurvey,Introduction,1779916481,1,0,0
bbxf068v,95,tu4ak54e,2,presurvey,AudioCheck,1779916482,1,0,0
bbxf068v,91,xyvkwhu5,4,presurvey,NeighborhoodInstruction,1779916493,1,0,0
bbxf068v,98,yksks2z2,0,,InitializeParticipant,1779916494,1,0,0
bbxf068v,97,z7cczd1b,2,presurvey,AudioCheck,1779916496,1,0,0
bbxf068v,71,tz0ir3g3,13,mock_N08_N04_Aonly,GroupingWaitPage,1779916499,1,0,1
bbxf068v,71,tz0ir3g3,14,mock_N08_N04_Aonly,GroupSizeWaitPage,1779916500,1,0,1
bbxf068v,95,tu4ak54e,3,presurvey,Demographics,1779916500,1,0,0
bbxf068v,96,6p012vjb,3,presurvey,Demographics,1779916501,1,0,0
bbxf068v,98,yksks2z2,1,presurvey,Introduction,1779916502,1,0,0
bbxf068v,93,hvph4s8q,6,presurvey,TrainingNeighbor_1,1779916503,1,0,0
bbxf068v,94,xtcao950,3,presurvey,Demographics,1779916504,1,0,0
bbxf068v,71,tz0ir3g3,15,mock_N08_N04_Aonly,AttentionCheck,1779916506,1,0,0
bbxf068v,93,hvph4s8q,10,presurvey,ExperimentInstruction,1779916510,1,0,0
bbxf068v,98,yksks2z2,2,presurvey,AudioCheck,1779916512,1,0,0
bbxf068v,97,z7cczd1b,3,presurvey,Demographics,1779916514,1,0,0
bbxf068v,99,lztboclu,0,,InitializeParticipant,1779916516,1,0,0
bbxf068v,95,tu4ak54e,4,presurvey,NeighborhoodInstruction,1779916526,1,0,0
bbxf068v,94,xtcao950,4,presurvey,NeighborhoodInstruction,1779916528,1,0,0
bbxf068v,98,yksks2z2,3,presurvey,Demographics,1779916529,1,0,0
bbxf068v,87,t52hivxi,6,presurvey,TrainingNeighbor_1,1779916530,1,0,0
bbxf068v,93,hvph4s8q,11,presurvey,Scenario,1779916536,1,0,0
bbxf068v,99,lztboclu,1,presurvey,Introduction,1779916536,1,0,0
bbxf068v,91,xyvkwhu5,5,presurvey,Training,1779916537,1,0,0
bbxf068v,97,z7cczd1b,4,presurvey,NeighborhoodInstruction,1779916538,1,0,0
bbxf068v,98,yksks2z2,4,presurvey,NeighborhoodInstruction,1779916542,1,0,0
bbxf068v,90,9y7n2pag,12,presurvey,Commitment,1779916549,1,0,0
bbxf068v,96,6p012vjb,4,presurvey,NeighborhoodInstruction,1779916558,1,0,0
bbxf068v,75,a3wnumor,13,mock_N08_N04_Aonly,GroupingWaitPage,1779916560,1,0,1
bbxf068v,87,t52hivxi,10,presurvey,ExperimentInstruction,1779916560,1,0,0
bbxf068v,75,a3wnumor,14,mock_N08_N04_Aonly,GroupSizeWaitPage,1779916561,1,0,1
bbxf068v,94,xtcao950,5,presurvey,Training,1779916564,1,0,0
bbxf068v,97,z7cczd1b,5,presurvey,Training,1779916565,1,0,0
bbxf068v,98,yksks2z2,5,presurvey,Training,1779916565,1,0,0
bbxf068v,75,a3wnumor,15,mock_N08_N04_Aonly,AttentionCheck,1779916566,1,0,0
bbxf068v,80,bsrrne1e,13,mock_N08_N04_Aonly,GroupingWaitPage,1779916571,1,0,1
bbxf068v,80,bsrrne1e,14,mock_N08_N04_Aonly,GroupSizeWaitPage,1779916571,1,0,1
bbxf068v,95,tu4ak54e,5,presurvey,Training,1779916574,1,0,0
bbxf068v,91,xyvkwhu5,6,presurvey,TrainingNeighbor_1,1779916574,1,0,0
bbxf068v,99,lztboclu,2,presurvey,AudioCheck,1779916577,1,0,0
bbxf068v,80,bsrrne1e,15,mock_N08_N04_Aonly,AttentionCheck,1779916578,1,0,0
bbxf068v,93,hvph4s8q,12,presurvey,Commitment,1779916580,1,0,0
bbxf068v,91,xyvkwhu5,10,presurvey,ExperimentInstruction,1779916583,1,0,0
bbxf068v,96,6p012vjb,5,presurvey,Training,1779916583,1,0,0
bbxf068v,100,wzww6bgh,0,,InitializeParticipant,1779916591,1,0,0
bbxf068v,95,tu4ak54e,6,presurvey,TrainingNeighbor_1,1779916594,1,0,0
bbxf068v,101,v96p06pd,0,,InitializeParticipant,1779916600,1,0,0
bbxf068v,95,tu4ak54e,10,presurvey,ExperimentInstruction,1779916601,1,0,0
bbxf068v,101,v96p06pd,1,presurvey,Introduction,1779916603,1,0,0
bbxf068v,97,z7cczd1b,6,presurvey,TrainingNeighbor_1,1779916604,1,0,0
bbxf068v,102,qseq7jz5,0,,InitializeParticipant,1779916604,1,0,0
bbxf068v,102,qseq7jz5,1,presurvey,Introduction,1779916606,1,0,0
bbxf068v,98,yksks2z2,6,presurvey,TrainingNeighbor_1,1779916607,1,0,0
bbxf068v,97,z7cczd1b,7,presurvey,TrainingNeighbor_2,1779916609,1,0,0
bbxf068v,101,v96p06pd,2,presurvey,AudioCheck,1779916611,1,0,0
bbxf068v,98,yksks2z2,7,presurvey,TrainingNeighbor_2,1779916613,1,0,0
bbxf068v,97,z7cczd1b,10,presurvey,ExperimentInstruction,1779916617,1,0,0
bbxf068v,98,yksks2z2,10,presurvey,ExperimentInstruction,1779916618,1,0,0
bbxf068v,102,qseq7jz5,2,presurvey,AudioCheck,1779916618,1,0,0
bbxf068v,91,xyvkwhu5,11,presurvey,Scenario,1779916620,1,0,0
bbxf068v,101,v96p06pd,3,presurvey,Demographics,1779916624,1,0,0
bbxf068v,96,6p012vjb,6,presurvey,TrainingNeighbor_1,1779916628,1,0,0
bbxf068v,101,v96p06pd,4,presurvey,NeighborhoodInstruction,1779916629,1,0,0
bbxf068v,102,qseq7jz5,3,presurvey,Demographics,1779916630,1,0,0
bbxf068v,95,tu4ak54e,11,presurvey,Scenario,1779916636,1,0,0
bbxf068v,96,6p012vjb,10,presurvey,ExperimentInstruction,1779916636,1,0,0
bbxf068v,94,xtcao950,6,presurvey,TrainingNeighbor_1,1779916638,1,0,0
bbxf068v,99,lztboclu,3,presurvey,Demographics,1779916638,1,0,0
bbxf068v,94,xtcao950,10,presurvey,ExperimentInstruction,1779916645,1,0,0
bbxf068v,101,v96p06pd,5,presurvey,Training,1779916646,1,0,0
bbxf068v,97,z7cczd1b,11,presurvey,Scenario,1779916647,1,0,0
bbxf068v,102,qseq7jz5,4,presurvey,NeighborhoodInstruction,1779916650,1,0,0
bbxf068v,87,t52hivxi,11,presurvey,Scenario,1779916653,1,0,0
bbxf068v,98,yksks2z2,11,presurvey,Scenario,1779916656,1,0,0
bbxf068v,99,lztboclu,4,presurvey,NeighborhoodInstruction,1779916659,1,0,0
bbxf068v,79,jh6yny5v,13,mock_N08_N04_Aonly,GroupingWaitPage,1779916663,1,0,1
bbxf068v,79,jh6yny5v,14,mock_N08_N04_Aonly,GroupSizeWaitPage,1779916664,1,0,1
bbxf068v,95,tu4ak54e,12,presurvey,Commitment,1779916667,1,0,0
bbxf068v,101,v96p06pd,6,presurvey,TrainingNeighbor_1,1779916673,1,0,0
bbxf068v,79,jh6yny5v,15,mock_N08_N04_Aonly,AttentionCheck,1779916673,1,0,0
bbxf068v,102,qseq7jz5,5,presurvey,Training,1779916675,1,0,0
bbxf068v,91,xyvkwhu5,12,presurvey,Commitment,1779916675,1,0,0
bbxf068v,101,v96p06pd,10,presurvey,ExperimentInstruction,1779916680,1,0,0
bbxf068v,96,6p012vjb,11,presurvey,Scenario,1779916681,1,0,0
bbxf068v,99,lztboclu,5,presurvey,Training,1779916681,1,0,0
bbxf068v,98,yksks2z2,12,presurvey,Commitment,1779916698,1,0,0
bbxf068v,94,xtcao950,11,presurvey,Scenario,1779916703,1,0,0
bbxf068v,101,v96p06pd,11,presurvey,Scenario,1779916703,1,0,0
bbxf068v,102,qseq7jz5,6,presurvey,TrainingNeighbor_1,1779916710,1,0,0
bbxf068v,102,qseq7jz5,7,presurvey,TrainingNeighbor_2,1779916713,1,0,0
bbxf068v,102,qseq7jz5,10,presurvey,ExperimentInstruction,1779916717,1,0,0
bbxf068v,99,lztboclu,6,presurvey,TrainingNeighbor_1,1779916728,1,0,0
bbxf068v,96,6p012vjb,12,presurvey,Commitment,1779916731,1,0,0
bbxf068v,99,lztboclu,10,presurvey,ExperimentInstruction,1779916735,1,0,0
bbxf068v,102,qseq7jz5,11,presurvey,Scenario,1779916737,1,0,0
bbxf068v,100,wzww6bgh,1,presurvey,Introduction,1779916740,1,0,0
bbxf068v,97,z7cczd1b,12,presurvey,Commitment,1779916747,1,0,0
bbxf068v,102,qseq7jz5,12,presurvey,Commitment,1779916759,1,0,0
bbxf068v,103,84zmh7bo,0,,InitializeParticipant,1779916760,1,0,0
bbxf068v,99,lztboclu,11,presurvey,Scenario,1779916767,1,0,0
bbxf068v,94,xtcao950,12,presurvey,Commitment,1779916775,1,0,0
bbxf068v,100,wzww6bgh,2,presurvey,AudioCheck,1779916780,1,0,0
bbxf068v,87,t52hivxi,12,presurvey,Commitment,1779916789,1,0,0
bbxf068v,92,lhvp11dj,1,presurvey,Introduction,1779916803,1,0,0
bbxf068v,103,84zmh7bo,1,presurvey,Introduction,1779916815,1,0,0
bbxf068v,100,wzww6bgh,3,presurvey,Demographics,1779916827,1,0,0
bbxf068v,103,84zmh7bo,2,presurvey,AudioCheck,1779916831,1,0,0
bbxf068v,103,84zmh7bo,3,presurvey,Demographics,1779916854,1,0,0
bbxf068v,100,wzww6bgh,4,presurvey,NeighborhoodInstruction,1779916863,1,0,0
bbxf068v,103,84zmh7bo,4,presurvey,NeighborhoodInstruction,1779916879,1,0,0
bbxf068v,100,wzww6bgh,5,presurvey,Training,1779916912,1,0,0
bbxf068v,103,84zmh7bo,5,presurvey,Training,1779916926,1,0,0
bbxf068v,104,s4b6gu6f,0,,InitializeParticipant,1779916952,1,0,0
bbxf068v,103,84zmh7bo,6,presurvey,TrainingNeighbor_1,1779916968,1,0,0
bbxf068v,76,rp0y7awf,13,mock_N08_N04_Aonly,GroupingWaitPage,1779916991,1,0,1
bbxf068v,103,84zmh7bo,10,presurvey,ExperimentInstruction,1779916993,1,0,0
bbxf068v,76,rp0y7awf,14,mock_N08_N04_Aonly,GroupSizeWaitPage,1779916993,1,0,1
bbxf068v,76,rp0y7awf,15,mock_N08_N04_Aonly,AttentionCheck,1779917001,1,0,0
bbxf068v,100,wzww6bgh,6,presurvey,TrainingNeighbor_1,1779917008,1,0,0
bbxf068v,92,lhvp11dj,2,presurvey,AudioCheck,1779917019,1,0,0
bbxf068v,105,wtfhvwyi,0,,InitializeParticipant,1779917026,1,0,0
bbxf068v,103,84zmh7bo,11,presurvey,Scenario,1779917027,1,0,0
bbxf068v,92,lhvp11dj,3,presurvey,Demographics,1779917040,1,0,0
bbxf068v,104,s4b6gu6f,1,presurvey,Introduction,1779917041,1,0,0
bbxf068v,100,wzww6bgh,7,presurvey,TrainingNeighbor_2,1779917057,1,0,0
bbxf068v,92,lhvp11dj,4,presurvey,NeighborhoodInstruction,1779917059,1,0,0
bbxf068v,92,lhvp11dj,5,presurvey,Training,1779917067,1,0,0
bbxf068v,84,caawrmox,13,mock_N08_N04_Aonly,GroupingWaitPage,1779917069,1,0,1
bbxf068v,81,yg1emb5t,13,mock_N08_N04_Aonly,GroupingWaitPage,1779917070,1,0,1
bbxf068v,84,caawrmox,14,mock_N08_N04_Aonly,GroupSizeWaitPage,1779917070,1,0,1
bbxf068v,104,s4b6gu6f,2,presurvey,AudioCheck,1779917072,1,0,0
bbxf068v,81,yg1emb5t,14,mock_N08_N04_Aonly,GroupSizeWaitPage,1779917072,1,0,1
bbxf068v,84,caawrmox,15,mock_N08_N04_Aonly,AttentionCheck,1779917076,1,0,0
bbxf068v,81,yg1emb5t,15,mock_N08_N04_Aonly,AttentionCheck,1779917078,1,0,0
bbxf068v,100,wzww6bgh,10,presurvey,ExperimentInstruction,1779917083,1,0,0
bbxf068v,105,wtfhvwyi,1,presurvey,Introduction,1779917085,1,0,0
bbxf068v,105,wtfhvwyi,2,presurvey,AudioCheck,1779917104,1,0,0
bbxf068v,104,s4b6gu6f,3,presurvey,Demographics,1779917113,1,0,0
bbxf068v,105,wtfhvwyi,3,presurvey,Demographics,1779917125,1,0,0
bbxf068v,104,s4b6gu6f,4,presurvey,NeighborhoodInstruction,1779917134,1,0,0
bbxf068v,70,jhkwzug1,13,mock_N08_N04_Aonly,GroupingWaitPage,1779917145,1,0,1
bbxf068v,70,jhkwzug1,14,mock_N08_N04_Aonly,GroupSizeWaitPage,1779917146,1,0,1
bbxf068v,104,s4b6gu6f,5,presurvey,Training,1779917147,1,0,0
bbxf068v,70,jhkwzug1,15,mock_N08_N04_Aonly,AttentionCheck,1779917154,1,0,0
bbxf068v,89,8wj6d8dk,13,mock_N08_N04_Aonly,GroupingWaitPage,1779917157,1,0,1
bbxf068v,105,wtfhvwyi,4,presurvey,NeighborhoodInstruction,1779917157,1,0,0
bbxf068v,89,8wj6d8dk,14,mock_N08_N04_Aonly,GroupSizeWaitPage,1779917158,1,0,1
bbxf068v,89,8wj6d8dk,15,mock_N08_N04_Aonly,AttentionCheck,1779917162,1,0,0
bbxf068v,105,wtfhvwyi,5,presurvey,Training,1779917184,1,0,0
bbxf068v,92,lhvp11dj,6,presurvey,TrainingNeighbor_1,1779917189,1,0,0
bbxf068v,100,wzww6bgh,11,presurvey,Scenario,1779917192,1,0,0
bbxf068v,104,s4b6gu6f,6,presurvey,TrainingNeighbor_1,1779917213,1,0,0
bbxf068v,105,wtfhvwyi,6,presurvey,TrainingNeighbor_1,1779917221,1,0,0
bbxf068v,92,lhvp11dj,7,presurvey,TrainingNeighbor_2,1779917233,1,0,0
bbxf068v,105,wtfhvwyi,10,presurvey,ExperimentInstruction,1779917239,1,0,0
bbxf068v,106,ilnfm9eq,0,,InitializeParticipant,1779917251,1,0,0
bbxf068v,106,ilnfm9eq,1,presurvey,Introduction,1779917254,1,0,0
bbxf068v,107,rb9fry8x,0,,InitializeParticipant,1779917259,1,0,0
bbxf068v,106,ilnfm9eq,2,presurvey,AudioCheck,1779917262,1,0,0
bbxf068v,90,9y7n2pag,13,mock_N08_N04_Aonly,GroupingWaitPage,1779917270,1,0,1
bbxf068v,92,lhvp11dj,8,presurvey,AttentionCheck,1779917270,1,0,0
bbxf068v,90,9y7n2pag,14,mock_N08_N04_Aonly,GroupSizeWaitPage,1779917271,1,0,1
bbxf068v,106,ilnfm9eq,3,presurvey,Demographics,1779917274,1,0,0
bbxf068v,90,9y7n2pag,15,mock_N08_N04_Aonly,AttentionCheck,1779917277,1,0,0
bbxf068v,106,ilnfm9eq,4,presurvey,NeighborhoodInstruction,1779917279,1,0,0
bbxf068v,108,gc9mm9c1,0,,InitializeParticipant,1779917281,1,0,0
bbxf068v,106,ilnfm9eq,5,presurvey,Training,1779917283,1,0,0
bbxf068v,92,lhvp11dj,9,presurvey,TrainingNeighbor_3,1779917284,1,0,0
bbxf068v,108,gc9mm9c1,1,presurvey,Introduction,1779917285,1,0,0
bbxf068v,105,wtfhvwyi,11,presurvey,Scenario,1779917286,1,0,0
bbxf068v,100,wzww6bgh,12,presurvey,Commitment,1779917297,1,0,0
bbxf068v,106,ilnfm9eq,6,presurvey,TrainingNeighbor_1,1779917297,1,0,0
bbxf068v,104,s4b6gu6f,10,presurvey,ExperimentInstruction,1779917298,1,0,0
bbxf068v,93,hvph4s8q,13,mock_N08_N04_Aonly,GroupingWaitPage,1779917301,1,0,1
bbxf068v,93,hvph4s8q,14,mock_N08_N04_Aonly,GroupSizeWaitPage,1779917301,1,0,1
bbxf068v,106,ilnfm9eq,7,presurvey,TrainingNeighbor_2,1779917302,1,0,0
bbxf068v,106,ilnfm9eq,10,presurvey,ExperimentInstruction,1779917303,1,0,0
bbxf068v,93,hvph4s8q,15,mock_N08_N04_Aonly,AttentionCheck,1779917305,1,0,0
bbxf068v,108,gc9mm9c1,2,presurvey,AudioCheck,1779917308,1,0,0
bbxf068v,106,ilnfm9eq,11,presurvey,Scenario,1779917310,1,0,0
bbxf068v,108,gc9mm9c1,3,presurvey,Demographics,1779917319,1,0,0
bbxf068v,106,ilnfm9eq,12,presurvey,Commitment,1779917328,1,0,0
bbxf068v,108,gc9mm9c1,4,presurvey,NeighborhoodInstruction,1779917341,1,0,0
bbxf068v,104,s4b6gu6f,11,presurvey,Scenario,1779917344,1,0,0
bbxf068v,108,gc9mm9c1,5,presurvey,Training,1779917365,1,0,0
bbxf068v,91,xyvkwhu5,13,mock_N08_N04_Aonly,GroupingWaitPage,1779917397,1,0,1
bbxf068v,108,gc9mm9c1,6,presurvey,TrainingNeighbor_1,1779917397,1,0,0
bbxf068v,91,xyvkwhu5,14,mock_N08_N04_Aonly,GroupSizeWaitPage,1779917398,1,0,1
bbxf068v,91,xyvkwhu5,15,mock_N08_N04_Aonly,AttentionCheck,1779917404,1,0,0
bbxf068v,108,gc9mm9c1,7,presurvey,TrainingNeighbor_2,1779917409,1,0,0
bbxf068v,92,lhvp11dj,10,presurvey,ExperimentInstruction,1779917415,1,0,0
bbxf068v,98,yksks2z2,13,mock_N08_N04_Aonly,GroupingWaitPage,1779917419,1,0,1
bbxf068v,108,gc9mm9c1,10,presurvey,ExperimentInstruction,1779917419,1,0,0
bbxf068v,98,yksks2z2,14,mock_N08_N04_Aonly,GroupSizeWaitPage,1779917420,1,0,1
bbxf068v,98,yksks2z2,15,mock_N08_N04_Aonly,AttentionCheck,1779917426,1,0,0
bbxf068v,96,6p012vjb,13,mock_N08_N04_Aonly,GroupingWaitPage,1779917452,1,0,1
bbxf068v,96,6p012vjb,14,mock_N08_N04_Aonly,GroupSizeWaitPage,1779917454,1,0,1
bbxf068v,108,gc9mm9c1,11,presurvey,Scenario,1779917458,1,0,0
bbxf068v,96,6p012vjb,15,mock_N08_N04_Aonly,AttentionCheck,1779917466,1,0,0
bbxf068v,109,8vouzdqv,0,,InitializeParticipant,1779917469,1,0,0
bbxf068v,97,z7cczd1b,13,mock_N08_N04_Aonly,GroupingWaitPage,1779917473,1,0,1
bbxf068v,97,z7cczd1b,14,mock_N08_N04_Aonly,GroupSizeWaitPage,1779917474,1,0,1
bbxf068v,109,8vouzdqv,1,presurvey,Introduction,1779917479,1,0,0
bbxf068v,97,z7cczd1b,15,mock_N08_N04_Aonly,AttentionCheck,1779917482,1,0,0
bbxf068v,102,qseq7jz5,13,mock_N08_N04_Aonly,GroupingWaitPage,1779917485,1,0,1
bbxf068v,102,qseq7jz5,14,mock_N08_N04_Aonly,GroupSizeWaitPage,1779917485,1,0,1
bbxf068v,102,qseq7jz5,15,mock_N08_N04_Aonly,AttentionCheck,1779917491,1,0,0
bbxf068v,94,xtcao950,13,mock_N08_N04_Aonly,GroupingWaitPage,1779917496,1,0,1
bbxf068v,94,xtcao950,14,mock_N08_N04_Aonly,GroupSizeWaitPage,1779917496,1,0,1
bbxf068v,109,8vouzdqv,2,presurvey,AudioCheck,1779917497,1,0,0
bbxf068v,110,k4h55a2n,0,,InitializeParticipant,1779917507,1,0,0
bbxf068v,109,8vouzdqv,3,presurvey,Demographics,1779917507,1,0,0
bbxf068v,87,t52hivxi,13,mock_N08_N04_Aonly,GroupingWaitPage,1779917510,1,0,1
bbxf068v,87,t52hivxi,14,mock_N08_N04_Aonly,GroupSizeWaitPage,1779917510,1,0,1
bbxf068v,94,xtcao950,15,mock_N08_N04_Aonly,AttentionCheck,1779917514,1,0,0
bbxf068v,109,8vouzdqv,4,presurvey,NeighborhoodInstruction,1779917519,1,0,0
bbxf068v,87,t52hivxi,15,mock_N08_N04_Aonly,AttentionCheck,1779917528,1,0,0
bbxf068v,92,lhvp11dj,11,presurvey,Scenario,1779917531,1,0,0
bbxf068v,109,8vouzdqv,5,presurvey,Training,1779917537,1,0,0
bbxf068v,110,k4h55a2n,1,presurvey,Introduction,1779917537,1,0,0
bbxf068v,110,k4h55a2n,2,presurvey,AudioCheck,1779917555,1,0,0
bbxf068v,109,8vouzdqv,6,presurvey,TrainingNeighbor_1,1779917556,1,0,0
bbxf068v,109,8vouzdqv,7,presurvey,TrainingNeighbor_2,1779917562,1,0,0
bbxf068v,109,8vouzdqv,8,presurvey,AttentionCheck,1779917568,1,0,0
bbxf068v,110,k4h55a2n,3,presurvey,Demographics,1779917576,1,0,0
bbxf068v,111,osqc6d0y,0,,InitializeParticipant,1779917579,1,0,0
bbxf068v,112,w5z8aq6h,0,,InitializeParticipant,1779917580,1,0,0
bbxf068v,109,8vouzdqv,9,presurvey,TrainingNeighbor_3,1779917581,1,0,0
bbxf068v,113,g9fhvbvi,0,,InitializeParticipant,1779917581,1,0,0
bbxf068v,109,8vouzdqv,10,presurvey,ExperimentInstruction,1779917585,1,0,0
bbxf068v,114,4scggn1a,0,,InitializeParticipant,1779917589,1,0,0
bbxf068v,114,4scggn1a,1,presurvey,Introduction,1779917596,1,0,0
bbxf068v,115,ufq7ej3u,0,,InitializeParticipant,1779917598,1,0,0
bbxf068v,109,8vouzdqv,11,presurvey,Scenario,1779917600,1,0,0
bbxf068v,112,w5z8aq6h,1,presurvey,Introduction,1779917606,1,0,0
bbxf068v,116,totu4yc6,0,,InitializeParticipant,1779917612,1,0,0
bbxf068v,117,i4vxvla3,0,,InitializeParticipant,1779917616,1,0,0
bbxf068v,114,4scggn1a,2,presurvey,AudioCheck,1779917619,1,0,0
bbxf068v,110,k4h55a2n,4,presurvey,NeighborhoodInstruction,1779917622,1,0,0
bbxf068v,110,k4h55a2n,5,presurvey,Training,1779917633,1,0,0
bbxf068v,114,4scggn1a,3,presurvey,Demographics,1779917640,1,0,0
bbxf068v,118,6jyev1a5,0,,InitializeParticipant,1779917640,1,0,0
bbxf068v,118,6jyev1a5,1,presurvey,Introduction,1779917646,1,0,0
bbxf068v,113,g9fhvbvi,1,presurvey,Introduction,1779917651,1,0,0
bbxf068v,112,w5z8aq6h,2,presurvey,AudioCheck,1779917652,1,0,0
bbxf068v,115,ufq7ej3u,1,presurvey,Introduction,1779917655,1,0,0
bbxf068v,117,i4vxvla3,1,presurvey,Introduction,1779917656,1,0,0
bbxf068v,116,totu4yc6,1,presurvey,Introduction,1779917659,1,0,0
bbxf068v,110,k4h55a2n,6,presurvey,TrainingNeighbor_1,1779917663,1,0,0
bbxf068v,111,osqc6d0y,1,presurvey,Introduction,1779917664,1,0,0
bbxf068v,114,4scggn1a,4,presurvey,NeighborhoodInstruction,1779917665,1,0,0
bbxf068v,118,6jyev1a5,2,presurvey,AudioCheck,1779917668,1,0,0
bbxf068v,110,k4h55a2n,7,presurvey,TrainingNeighbor_2,1779917676,1,0,0
bbxf068v,113,g9fhvbvi,2,presurvey,AudioCheck,1779917676,1,0,0
bbxf068v,116,totu4yc6,2,presurvey,AudioCheck,1779917677,1,0,0
bbxf068v,118,6jyev1a5,3,presurvey,Demographics,1779917681,1,0,0
bbxf068v,110,k4h55a2n,10,presurvey,ExperimentInstruction,1779917683,1,0,0
bbxf068v,119,iovct59q,0,,InitializeParticipant,1779917685,1,0,0
bbxf068v,116,totu4yc6,3,presurvey,Demographics,1779917692,1,0,0
bbxf068v,117,i4vxvla3,2,presurvey,AudioCheck,1779917693,1,0,0
bbxf068v,113,g9fhvbvi,3,presurvey,Demographics,1779917694,1,0,0
bbxf068v,118,6jyev1a5,4,presurvey,NeighborhoodInstruction,1779917695,1,0,0
bbxf068v,112,w5z8aq6h,3,presurvey,Demographics,1779917695,1,0,0
bbxf068v,120,85ldxgiv,0,,InitializeParticipant,1779917696,1,0,0
bbxf068v,114,4scggn1a,5,presurvey,Training,1779917698,1,0,0
bbxf068v,121,q6iki5qv,0,,InitializeParticipant,1779917701,1,0,0
bbxf068v,111,osqc6d0y,2,presurvey,AudioCheck,1779917702,1,0,0
bbxf068v,122,dn9sjni4,0,,InitializeParticipant,1779917705,1,0,0
bbxf068v,119,iovct59q,1,presurvey,Introduction,1779917707,1,0,0
bbxf068v,118,6jyev1a5,5,presurvey,Training,1779917708,1,0,0
bbxf068v,122,dn9sjni4,1,presurvey,Introduction,1779917710,1,0,0
bbxf068v,121,q6iki5qv,1,presurvey,Introduction,1779917712,1,0,0
bbxf068v,117,i4vxvla3,3,presurvey,Demographics,1779917714,1,0,0
bbxf068v,115,ufq7ej3u,2,presurvey,AudioCheck,1779917719,1,0,0
bbxf068v,123,z33qnd5z,0,,InitializeParticipant,1779917721,1,0,0
bbxf068v,118,6jyev1a5,6,presurvey,TrainingNeighbor_1,1779917722,1,0,0
bbxf068v,122,dn9sjni4,2,presurvey,AudioCheck,1779917724,1,0,0
bbxf068v,119,iovct59q,2,presurvey,AudioCheck,1779917725,1,0,0
bbxf068v,113,g9fhvbvi,4,presurvey,NeighborhoodInstruction,1779917725,1,0,0
bbxf068v,123,z33qnd5z,1,presurvey,Introduction,1779917726,1,0,0
bbxf068v,110,k4h55a2n,11,presurvey,Scenario,1779917727,1,0,0
bbxf068v,121,q6iki5qv,2,presurvey,AudioCheck,1779917734,1,0,0
bbxf068v,118,6jyev1a5,10,presurvey,ExperimentInstruction,1779917734,1,0,0
bbxf068v,111,osqc6d0y,3,presurvey,Demographics,1779917734,1,0,0
bbxf068v,124,dps65wak,0,,InitializeParticipant,1779917734,1,0,0
bbxf068v,122,dn9sjni4,3,presurvey,Demographics,1779917736,1,0,0
bbxf068v,112,w5z8aq6h,4,presurvey,NeighborhoodInstruction,1779917736,1,0,0
bbxf068v,116,totu4yc6,4,presurvey,NeighborhoodInstruction,1779917737,1,0,0
bbxf068v,114,4scggn1a,6,presurvey,TrainingNeighbor_1,1779917738,1,0,0
bbxf068v,114,4scggn1a,10,presurvey,ExperimentInstruction,1779917743,1,0,0
bbxf068v,119,iovct59q,3,presurvey,Demographics,1779917744,1,0,0
bbxf068v,115,ufq7ej3u,3,presurvey,Demographics,1779917745,1,0,0
bbxf068v,118,6jyev1a5,11,presurvey,Scenario,1779917747,1,0,0
bbxf068v,122,dn9sjni4,4,presurvey,NeighborhoodInstruction,1779917748,1,0,0
bbxf068v,123,z33qnd5z,2,presurvey,AudioCheck,1779917749,1,0,0
bbxf068v,121,q6iki5qv,3,presurvey,Demographics,1779917754,1,0,0
bbxf068v,113,g9fhvbvi,5,presurvey,Training,1779917760,1,0,0
bbxf068v,117,i4vxvla3,4,presurvey,NeighborhoodInstruction,1779917764,1,0,0
bbxf068v,123,z33qnd5z,3,presurvey,Demographics,1779917768,1,0,0
bbxf068v,120,85ldxgiv,1,presurvey,Introduction,1779917770,1,0,0
bbxf068v,118,6jyev1a5,12,presurvey,Commitment,1779917776,1,0,0
bbxf068v,112,w5z8aq6h,5,presurvey,Training,1779917776,1,0,0
bbxf068v,111,osqc6d0y,4,presurvey,NeighborhoodInstruction,1779917776,1,0,0
bbxf068v,115,ufq7ej3u,4,presurvey,NeighborhoodInstruction,1779917778,1,0,0
bbxf068v,124,dps65wak,1,presurvey,Introduction,1779917780,1,0,0
bbxf068v,119,iovct59q,4,presurvey,NeighborhoodInstruction,1779917781,1,0,0
bbxf068v,114,4scggn1a,11,presurvey,Scenario,1779917785,1,0,0
bbxf068v,121,q6iki5qv,4,presurvey,NeighborhoodInstruction,1779917785,1,0,0
bbxf068v,122,dn9sjni4,5,presurvey,Training,1779917791,1,0,0
bbxf068v,123,z33qnd5z,4,presurvey,NeighborhoodInstruction,1779917795,1,0,0
bbxf068v,116,totu4yc6,5,presurvey,Training,1779917803,1,0,0
bbxf068v,125,5qxm1or0,0,,InitializeParticipant,1779917803,1,0,0
bbxf068v,126,noplyawk,0,,InitializeParticipant,1779917803,1,0,0
bbxf068v,125,5qxm1or0,1,presurvey,Introduction,1779917806,1,0,0
bbxf068v,113,g9fhvbvi,6,presurvey,TrainingNeighbor_1,1779917808,1,0,0
bbxf068v,126,noplyawk,1,presurvey,Introduction,1779917810,1,0,0
bbxf068v,113,g9fhvbvi,7,presurvey,TrainingNeighbor_2,1779917815,1,0,0
bbxf068v,125,5qxm1or0,2,presurvey,AudioCheck,1779917816,1,0,0
bbxf068v,121,q6iki5qv,5,presurvey,Training,1779917820,1,0,0
bbxf068v,113,g9fhvbvi,10,presurvey,ExperimentInstruction,1779917823,1,0,0
bbxf068v,119,iovct59q,5,presurvey,Training,1779917823,1,0,0
bbxf068v,126,noplyawk,2,presurvey,AudioCheck,1779917824,1,0,0
bbxf068v,125,5qxm1or0,3,presurvey,Demographics,1779917829,1,0,0
bbxf068v,122,dn9sjni4,6,presurvey,TrainingNeighbor_1,1779917830,1,0,0
bbxf068v,115,ufq7ej3u,5,presurvey,Training,1779917831,1,0,0
bbxf068v,125,5qxm1or0,4,presurvey,NeighborhoodInstruction,1779917832,1,0,0
bbxf068v,114,4scggn1a,12,presurvey,Commitment,1779917835,1,0,0
bbxf068v,125,5qxm1or0,5,presurvey,Training,1779917836,1,0,0
bbxf068v,126,noplyawk,3,presurvey,Demographics,1779917837,1,0,0
bbxf068v,123,z33qnd5z,5,presurvey,Training,1779917838,1,0,0
bbxf068v,122,dn9sjni4,10,presurvey,ExperimentInstruction,1779917838,1,0,0
bbxf068v,124,dps65wak,2,presurvey,AudioCheck,1779917841,1,0,0
bbxf068v,126,noplyawk,4,presurvey,NeighborhoodInstruction,1779917847,1,0,0
bbxf068v,112,w5z8aq6h,6,presurvey,TrainingNeighbor_1,1779917847,1,0,0
bbxf068v,119,iovct59q,6,presurvey,TrainingNeighbor_1,1779917862,1,0,0
bbxf068v,121,q6iki5qv,6,presurvey,TrainingNeighbor_1,1779917863,1,0,0
bbxf068v,113,g9fhvbvi,11,presurvey,Scenario,1779917866,1,0,0
bbxf068v,122,dn9sjni4,11,presurvey,Scenario,1779917866,1,0,0
bbxf068v,112,w5z8aq6h,10,presurvey,ExperimentInstruction,1779917872,1,0,0
bbxf068v,119,iovct59q,10,presurvey,ExperimentInstruction,1779917872,1,0,0
bbxf068v,125,5qxm1or0,6,presurvey,TrainingNeighbor_1,1779917873,1,0,0
bbxf068v,126,noplyawk,5,presurvey,Training,1779917873,1,0,0
bbxf068v,116,totu4yc6,6,presurvey,TrainingNeighbor_1,1779917873,1,0,0
bbxf068v,121,q6iki5qv,10,presurvey,ExperimentInstruction,1779917873,1,0,0
bbxf068v,125,5qxm1or0,10,presurvey,ExperimentInstruction,1779917874,1,0,0
bbxf068v,117,i4vxvla3,5,presurvey,Training,1779917875,1,0,0
bbxf068v,115,ufq7ej3u,6,presurvey,TrainingNeighbor_1,1779917879,1,0,0
bbxf068v,111,osqc6d0y,5,presurvey,Training,1779917881,1,0,0
bbxf068v,127,b54sz49b,0,,InitializeParticipant,1779917883,1,0,0
bbxf068v,128,woshgwoy,0,,InitializeParticipant,1779917884,1,0,0
bbxf068v,125,5qxm1or0,11,presurvey,Scenario,1779917887,1,0,0
bbxf068v,116,totu4yc6,7,presurvey,TrainingNeighbor_2,1779917889,1,0,0
bbxf068v,128,woshgwoy,1,presurvey,Introduction,1779917890,1,0,0
bbxf068v,125,5qxm1or0,12,presurvey,Commitment,1779917894,1,0,0
bbxf068v,123,z33qnd5z,6,presurvey,TrainingNeighbor_1,1779917895,1,0,0
bbxf068v,115,ufq7ej3u,7,presurvey,TrainingNeighbor_2,1779917899,1,0,0
bbxf068v,128,woshgwoy,2,presurvey,AudioCheck,1779917902,1,0,0
bbxf068v,126,noplyawk,6,presurvey,TrainingNeighbor_1,1779917907,1,0,0
bbxf068v,123,z33qnd5z,7,presurvey,TrainingNeighbor_2,1779917908,1,0,0
bbxf068v,129,b29havu9,0,,InitializeParticipant,1779917909,1,0,0
bbxf068v,112,w5z8aq6h,11,presurvey,Scenario,1779917910,1,0,0
bbxf068v,126,noplyawk,7,presurvey,TrainingNeighbor_2,1779917916,1,0,0
bbxf068v,116,totu4yc6,10,presurvey,ExperimentInstruction,1779917916,1,0,0
bbxf068v,129,b29havu9,1,presurvey,Introduction,1779917917,1,0,0
bbxf068v,128,woshgwoy,3,presurvey,Demographics,1779917917,1,0,0
bbxf068v,113,g9fhvbvi,12,presurvey,Commitment,1779917917,1,0,0
bbxf068v,123,z33qnd5z,10,presurvey,ExperimentInstruction,1779917919,1,0,0
bbxf068v,126,noplyawk,10,presurvey,ExperimentInstruction,1779917920,1,0,0
bbxf068v,115,ufq7ej3u,10,presurvey,ExperimentInstruction,1779917923,1,0,0
bbxf068v,127,b54sz49b,1,presurvey,Introduction,1779917923,1,0,0
bbxf068v,119,iovct59q,11,presurvey,Scenario,1779917924,1,0,0
bbxf068v,128,woshgwoy,4,presurvey,NeighborhoodInstruction,1779917930,1,0,0
bbxf068v,129,b29havu9,2,presurvey,AudioCheck,1779917933,1,0,0
bbxf068v,126,noplyawk,11,presurvey,Scenario,1779917934,1,0,0
bbxf068v,130,v4puzx4r,0,,InitializeParticipant,1779917941,1,0,0
bbxf068v,129,b29havu9,3,presurvey,Demographics,1779917950,1,0,0
bbxf068v,131,la892pdy,0,,InitializeParticipant,1779917952,1,0,0
bbxf068v,132,mbwxbfeh,0,,InitializeParticipant,1779917954,1,0,0
bbxf068v,123,z33qnd5z,11,presurvey,Scenario,1779917957,1,0,0
bbxf068v,121,q6iki5qv,11,presurvey,Scenario,1779917966,1,0,0
bbxf068v,128,woshgwoy,5,presurvey,Training,1779917972,1,0,0
bbxf068v,115,ufq7ej3u,11,presurvey,Scenario,1779917972,1,0,0
bbxf068v,117,i4vxvla3,6,presurvey,TrainingNeighbor_1,1779917972,1,0,0
bbxf068v,130,v4puzx4r,1,presurvey,Introduction,1779917972,1,0,0
bbxf068v,116,totu4yc6,11,presurvey,Scenario,1779917973,1,0,0
bbxf068v,129,b29havu9,4,presurvey,NeighborhoodInstruction,1779917974,1,0,0
bbxf068v,133,a87qj20c,0,,InitializeParticipant,1779917977,1,0,0
bbxf068v,131,la892pdy,1,presurvey,Introduction,1779917978,1,0,0
bbxf068v,111,osqc6d0y,6,presurvey,TrainingNeighbor_1,1779917984,1,0,0
bbxf068v,132,mbwxbfeh,1,presurvey,Introduction,1779917991,1,0,0
bbxf068v,130,v4puzx4r,2,presurvey,AudioCheck,1779917992,1,0,0
bbxf068v,117,i4vxvla3,7,presurvey,TrainingNeighbor_2,1779917993,1,0,0
bbxf068v,133,a87qj20c,1,presurvey,Introduction,1779917995,1,0,0
bbxf068v,111,osqc6d0y,7,presurvey,TrainingNeighbor_2,1779918002,1,0,0
bbxf068v,131,la892pdy,2,presurvey,AudioCheck,1779918006,1,0,0
bbxf068v,128,woshgwoy,6,presurvey,TrainingNeighbor_1,1779918010,1,0,0
bbxf068v,129,b29havu9,5,presurvey,Training,1779918011,1,0,0
bbxf068v,130,v4puzx4r,3,presurvey,Demographics,1779918013,1,0,0
bbxf068v,133,a87qj20c,2,presurvey,AudioCheck,1779918014,1,0,0
bbxf068v,117,i4vxvla3,8,presurvey,AttentionCheck,1779918015,1,0,0
bbxf068v,132,mbwxbfeh,2,presurvey,AudioCheck,1779918015,1,0,0
bbxf068v,128,woshgwoy,10,presurvey,ExperimentInstruction,1779918016,1,0,0
bbxf068v,131,la892pdy,3,presurvey,Demographics,1779918016,1,0,0
bbxf068v,131,la892pdy,4,presurvey,NeighborhoodInstruction,1779918022,1,0,0
bbxf068v,100,wzww6bgh,13,mock_N08_N04_Aonly,GroupingWaitPage,1779918024,1,0,1
bbxf068v,133,a87qj20c,3,presurvey,Demographics,1779918025,1,0,0
bbxf068v,100,wzww6bgh,14,mock_N08_N04_Aonly,GroupSizeWaitPage,1779918025,1,0,1
bbxf068v,111,osqc6d0y,10,presurvey,ExperimentInstruction,1779918025,1,0,0
bbxf068v,132,mbwxbfeh,3,presurvey,Demographics,1779918028,1,0,0
bbxf068v,115,ufq7ej3u,12,presurvey,Commitment,1779918030,1,0,0
bbxf068v,100,wzww6bgh,15,mock_N08_N04_Aonly,AttentionCheck,1779918034,1,0,0
bbxf068v,133,a87qj20c,4,presurvey,NeighborhoodInstruction,1779918036,1,0,0
bbxf068v,128,woshgwoy,11,presurvey,Scenario,1779918037,1,0,0
bbxf068v,130,v4puzx4r,4,presurvey,NeighborhoodInstruction,1779918038,1,0,0
bbxf068v,117,i4vxvla3,9,presurvey,TrainingNeighbor_3,1779918039,1,0,0
bbxf068v,131,la892pdy,5,presurvey,Training,1779918041,1,0,0
bbxf068v,134,nx2iw5vs,0,,InitializeParticipant,1779918044,1,0,0
bbxf068v,133,a87qj20c,5,presurvey,Training,1779918047,1,0,0
bbxf068v,132,mbwxbfeh,4,presurvey,NeighborhoodInstruction,1779918048,1,0,0
bbxf068v,106,ilnfm9eq,13,mock_N08_N04_Aonly,GroupingWaitPage,1779918050,1,0,1
bbxf068v,106,ilnfm9eq,14,mock_N08_N04_Aonly,GroupSizeWaitPage,1779918050,1,0,1
bbxf068v,134,nx2iw5vs,1,presurvey,Introduction,1779918054,1,0,0
bbxf068v,106,ilnfm9eq,15,mock_N08_N04_Aonly,AttentionCheck,1779918054,1,0,0
bbxf068v,117,i4vxvla3,10,presurvey,ExperimentInstruction,1779918057,1,0,0
bbxf068v,116,totu4yc6,12,presurvey,Commitment,1779918060,1,0,0
bbxf068v,131,la892pdy,6,presurvey,TrainingNeighbor_1,1779918066,1,0,0
bbxf068v,133,a87qj20c,6,presurvey,TrainingNeighbor_1,1779918070,1,0,0
bbxf068v,133,a87qj20c,7,presurvey,TrainingNeighbor_2,1779918073,1,0,0
bbxf068v,130,v4puzx4r,5,presurvey,Training,1779918075,1,0,0
bbxf068v,131,la892pdy,7,presurvey,TrainingNeighbor_2,1779918076,1,0,0
bbxf068v,133,a87qj20c,10,presurvey,ExperimentInstruction,1779918077,1,0,0
bbxf068v,132,mbwxbfeh,5,presurvey,Training,1779918078,1,0,0
bbxf068v,129,b29havu9,6,presurvey,TrainingNeighbor_1,1779918079,1,0,0
bbxf068v,135,dz96qdyd,0,,InitializeParticipant,1779918079,1,0,0
bbxf068v,134,nx2iw5vs,2,presurvey,AudioCheck,1779918086,1,0,0
bbxf068v,131,la892pdy,8,presurvey,AttentionCheck,1779918089,1,0,0
bbxf068v,128,woshgwoy,12,presurvey,Commitment,1779918090,1,0,0
bbxf068v,131,la892pdy,9,presurvey,TrainingNeighbor_3,1779918093,1,0,0
bbxf068v,133,a87qj20c,11,presurvey,Scenario,1779918094,1,0,0
bbxf068v,129,b29havu9,7,presurvey,TrainingNeighbor_2,1779918094,1,0,0
bbxf068v,134,nx2iw5vs,3,presurvey,Demographics,1779918096,1,0,0
bbxf068v,131,la892pdy,10,presurvey,ExperimentInstruction,1779918096,1,0,0
bbxf068v,132,mbwxbfeh,6,presurvey,TrainingNeighbor_1,1779918100,1,0,0
bbxf068v,129,b29havu9,10,presurvey,ExperimentInstruction,1779918101,1,0,0
bbxf068v,111,osqc6d0y,11,presurvey,Scenario,1779918102,1,0,0
bbxf068v,135,dz96qdyd,1,presurvey,Introduction,1779918108,1,0,0
bbxf068v,132,mbwxbfeh,10,presurvey,ExperimentInstruction,1779918116,1,0,0
bbxf068v,130,v4puzx4r,6,presurvey,TrainingNeighbor_1,1779918117,1,0,0
bbxf068v,134,nx2iw5vs,4,presurvey,NeighborhoodInstruction,1779918120,1,0,0
bbxf068v,117,i4vxvla3,11,presurvey,Scenario,1779918127,1,0,0
bbxf068v,130,v4puzx4r,10,presurvey,ExperimentInstruction,1779918134,1,0,0
bbxf068v,136,06ect9dn,0,,InitializeParticipant,1779918136,1,0,0
bbxf068v,134,nx2iw5vs,5,presurvey,Training,1779918138,1,0,0
bbxf068v,131,la892pdy,11,presurvey,Scenario,1779918138,1,0,0
bbxf068v,127,b54sz49b,2,presurvey,AudioCheck,1779918144,1,0,0
bbxf068v,133,a87qj20c,12,presurvey,Commitment,1779918144,1,0,0
bbxf068v,129,b29havu9,11,presurvey,Scenario,1779918145,1,0,0
bbxf068v,132,mbwxbfeh,11,presurvey,Scenario,1779918147,1,0,0
bbxf068v,135,dz96qdyd,2,presurvey,AudioCheck,1779918148,1,0,0
bbxf068v,134,nx2iw5vs,6,presurvey,TrainingNeighbor_1,1779918162,1,0,0
bbxf068v,135,dz96qdyd,3,presurvey,Demographics,1779918167,1,0,0
bbxf068v,130,v4puzx4r,11,presurvey,Scenario,1779918167,1,0,0
bbxf068v,135,dz96qdyd,4,presurvey,NeighborhoodInstruction,1779918169,1,0,0
bbxf068v,134,nx2iw5vs,10,presurvey,ExperimentInstruction,1779918169,1,0,0
bbxf068v,136,06ect9dn,1,presurvey,Introduction,1779918173,1,0,0
bbxf068v,127,b54sz49b,3,presurvey,Demographics,1779918173,1,0,0
bbxf068v,129,b29havu9,12,presurvey,Commitment,1779918179,1,0,0
bbxf068v,132,mbwxbfeh,12,presurvey,Commitment,1779918189,1,0,0
bbxf068v,134,nx2iw5vs,11,presurvey,Scenario,1779918191,1,0,0
bbxf068v,136,06ect9dn,2,presurvey,AudioCheck,1779918195,1,0,0
bbxf068v,136,06ect9dn,3,presurvey,Demographics,1779918212,1,0,0
bbxf068v,134,nx2iw5vs,12,presurvey,Commitment,1779918214,1,0,0
bbxf068v,127,b54sz49b,4,presurvey,NeighborhoodInstruction,1779918214,1,0,0
bbxf068v,135,dz96qdyd,5,presurvey,Training,1779918217,1,0,0
bbxf068v,137,3g8mvqf7,0,,InitializeParticipant,1779918221,1,0,0
bbxf068v,137,3g8mvqf7,1,presurvey,Introduction,1779918234,1,0,0
bbxf068v,135,dz96qdyd,6,presurvey,TrainingNeighbor_1,1779918263,1,0,0
bbxf068v,137,3g8mvqf7,2,presurvey,AudioCheck,1779918263,1,0,0
bbxf068v,135,dz96qdyd,7,presurvey,TrainingNeighbor_2,1779918273,1,0,0
bbxf068v,127,b54sz49b,5,presurvey,Training,1779918276,1,0,0
bbxf068v,138,u2pw9flk,0,,InitializeParticipant,1779918276,1,0,0
bbxf068v,137,3g8mvqf7,3,presurvey,Demographics,1779918279,1,0,0
bbxf068v,135,dz96qdyd,10,presurvey,ExperimentInstruction,1779918288,1,0,0
bbxf068v,139,9yxlgxjv,0,,InitializeParticipant,1779918298,1,0,0
bbxf068v,136,06ect9dn,4,presurvey,NeighborhoodInstruction,1779918306,1,0,0
bbxf068v,137,3g8mvqf7,4,presurvey,NeighborhoodInstruction,1779918306,1,0,0
bbxf068v,138,u2pw9flk,1,presurvey,Introduction,1779918313,1,0,0
bbxf068v,130,v4puzx4r,12,presurvey,Commitment,1779918317,1,0,0
bbxf068v,140,rkapv11y,0,,InitializeParticipant,1779918325,1,0,0
bbxf068v,138,u2pw9flk,2,presurvey,AudioCheck,1779918327,1,0,0
bbxf068v,139,9yxlgxjv,1,presurvey,Introduction,1779918327,1,0,0
bbxf068v,136,06ect9dn,5,presurvey,Training,1779918333,1,0,0
bbxf068v,138,u2pw9flk,3,presurvey,Demographics,1779918337,1,0,0
bbxf068v,137,3g8mvqf7,5,presurvey,Training,1779918338,1,0,0
bbxf068v,141,4lmgw8zj,0,,InitializeParticipant,1779918341,1,0,0
bbxf068v,135,dz96qdyd,11,presurvey,Scenario,1779918345,1,0,0
bbxf068v,137,3g8mvqf7,6,presurvey,TrainingNeighbor_1,1779918359,1,0,0
bbxf068v,138,u2pw9flk,4,presurvey,NeighborhoodInstruction,1779918360,1,0,0
bbxf068v,127,b54sz49b,6,presurvey,TrainingNeighbor_1,1779918362,1,0,0
bbxf068v,137,3g8mvqf7,10,presurvey,ExperimentInstruction,1779918368,1,0,0
bbxf068v,136,06ect9dn,6,presurvey,TrainingNeighbor_1,1779918372,1,0,0
bbxf068v,135,dz96qdyd,12,presurvey,Commitment,1779918374,1,0,0
bbxf068v,139,9yxlgxjv,2,presurvey,AudioCheck,1779918379,1,0,0
bbxf068v,142,yt4atmf7,0,,InitializeParticipant,1779918380,1,0,0
bbxf068v,141,4lmgw8zj,1,presurvey,Introduction,1779918383,1,0,0
bbxf068v,136,06ect9dn,7,presurvey,TrainingNeighbor_2,1779918385,1,0,0
bbxf068v,137,3g8mvqf7,11,presurvey,Scenario,1779918391,1,0,0
bbxf068v,136,06ect9dn,10,presurvey,ExperimentInstruction,1779918393,1,0,0
bbxf068v,142,yt4atmf7,1,presurvey,Introduction,1779918396,1,0,0
bbxf068v,139,9yxlgxjv,3,presurvey,Demographics,1779918397,1,0,0
bbxf068v,127,b54sz49b,7,presurvey,TrainingNeighbor_2,1779918397,1,0,0
bbxf068v,141,4lmgw8zj,2,presurvey,AudioCheck,1779918397,1,0,0
bbxf068v,127,b54sz49b,10,presurvey,ExperimentInstruction,1779918405,1,0,0
bbxf068v,138,u2pw9flk,5,presurvey,Training,1779918407,1,0,0
bbxf068v,143,vabh31f4,0,,InitializeParticipant,1779918410,1,0,0
bbxf068v,139,9yxlgxjv,4,presurvey,NeighborhoodInstruction,1779918419,1,0,0
bbxf068v,137,3g8mvqf7,12,presurvey,Commitment,1779918419,1,0,0
bbxf068v,143,vabh31f4,1,presurvey,Introduction,1779918423,1,0,0
bbxf068v,141,4lmgw8zj,3,presurvey,Demographics,1779918426,1,0,0
bbxf068v,143,vabh31f4,2,presurvey,AudioCheck,1779918434,1,0,0
bbxf068v,138,u2pw9flk,6,presurvey,TrainingNeighbor_1,1779918438,1,0,0
bbxf068v,141,4lmgw8zj,4,presurvey,NeighborhoodInstruction,1779918439,1,0,0
bbxf068v,142,yt4atmf7,2,presurvey,AudioCheck,1779918442,1,0,0
bbxf068v,139,9yxlgxjv,5,presurvey,Training,1779918445,1,0,0
bbxf068v,143,vabh31f4,3,presurvey,Demographics,1779918450,1,0,0
bbxf068v,138,u2pw9flk,7,presurvey,TrainingNeighbor_2,1779918450,1,0,0
bbxf068v,138,u2pw9flk,8,presurvey,AttentionCheck,1779918461,1,0,0
bbxf068v,136,06ect9dn,11,presurvey,Scenario,1779918462,1,0,0
bbxf068v,127,b54sz49b,11,presurvey,Scenario,1779918469,1,0,0
bbxf068v,143,vabh31f4,4,presurvey,NeighborhoodInstruction,1779918470,1,0,0
bbxf068v,141,4lmgw8zj,5,presurvey,Training,1779918471,1,0,0
bbxf068v,142,yt4atmf7,3,presurvey,Demographics,1779918476,1,0,0
bbxf068v,140,rkapv11y,1,presurvey,Introduction,1779918477,1,0,0
bbxf068v,138,u2pw9flk,9,presurvey,TrainingNeighbor_3,1779918482,1,0,0
bbxf068v,143,vabh31f4,5,presurvey,Training,1779918495,1,0,0
bbxf068v,139,9yxlgxjv,6,presurvey,TrainingNeighbor_1,1779918497,1,0,0
bbxf068v,118,6jyev1a5,13,mock_N08_N04_Aonly,GroupingWaitPage,1779918497,1,0,1
bbxf068v,118,6jyev1a5,14,mock_N08_N04_Aonly,GroupSizeWaitPage,1779918499,1,0,1
bbxf068v,139,9yxlgxjv,10,presurvey,ExperimentInstruction,1779918506,1,0,0
bbxf068v,118,6jyev1a5,15,mock_N08_N04_Aonly,AttentionCheck,1779918510,1,0,0
bbxf068v,140,rkapv11y,2,presurvey,AudioCheck,1779918512,1,0,0
bbxf068v,142,yt4atmf7,4,presurvey,NeighborhoodInstruction,1779918515,1,0,0
bbxf068v,141,4lmgw8zj,6,presurvey,TrainingNeighbor_1,1779918527,1,0,0
bbxf068v,143,vabh31f4,6,presurvey,TrainingNeighbor_1,1779918530,1,0,0
bbxf068v,139,9yxlgxjv,11,presurvey,Scenario,1779918531,1,0,0
bbxf068v,141,4lmgw8zj,10,presurvey,ExperimentInstruction,1779918533,1,0,0
bbxf068v,144,6wg9x5lk,0,,InitializeParticipant,1779918535,1,0,0
bbxf068v,143,vabh31f4,10,presurvey,ExperimentInstruction,1779918539,1,0,0
bbxf068v,145,bmrsqbtl,0,,InitializeParticipant,1779918543,1,0,0
bbxf068v,144,6wg9x5lk,1,presurvey,Introduction,1779918548,1,0,0
bbxf068v,114,4scggn1a,13,mock_N08_N04_Aonly,GroupingWaitPage,1779918555,1,0,1
bbxf068v,140,rkapv11y,3,presurvey,Demographics,1779918556,1,0,0
bbxf068v,114,4scggn1a,14,mock_N08_N04_Aonly,GroupSizeWaitPage,1779918557,1,0,1
bbxf068v,143,vabh31f4,11,presurvey,Scenario,1779918557,1,0,0
bbxf068v,144,6wg9x5lk,2,presurvey,AudioCheck,1779918559,1,0,0
bbxf068v,141,4lmgw8zj,11,presurvey,Scenario,1779918560,1,0,0
bbxf068v,114,4scggn1a,15,mock_N08_N04_Aonly,AttentionCheck,1779918566,1,0,0
bbxf068v,144,6wg9x5lk,3,presurvey,Demographics,1779918569,1,0,0
bbxf068v,146,mbtsgplv,0,,InitializeParticipant,1779918569,1,0,0
bbxf068v,146,mbtsgplv,1,presurvey,Introduction,1779918579,1,0,0
bbxf068v,144,6wg9x5lk,4,presurvey,NeighborhoodInstruction,1779918579,1,0,0
bbxf068v,139,9yxlgxjv,12,presurvey,Commitment,1779918584,1,0,0
bbxf068v,144,6wg9x5lk,5,presurvey,Training,1779918592,1,0,0
bbxf068v,143,vabh31f4,12,presurvey,Commitment,1779918595,1,0,0
bbxf068v,125,5qxm1or0,13,mock_N08_N04_Aonly,GroupingWaitPage,1779918616,1,0,1
bbxf068v,146,mbtsgplv,2,presurvey,AudioCheck,1779918616,1,0,0
bbxf068v,141,4lmgw8zj,12,presurvey,Commitment,1779918617,1,0,0
bbxf068v,125,5qxm1or0,14,mock_N08_N04_Aonly,GroupSizeWaitPage,1779918624,1,0,1
bbxf068v,144,6wg9x5lk,6,presurvey,TrainingNeighbor_1,1779918624,1,0,0
bbxf068v,127,b54sz49b,12,presurvey,Commitment,1779918626,1,0,0
bbxf068v,125,5qxm1or0,15,mock_N08_N04_Aonly,AttentionCheck,1779918630,1,0,0
bbxf068v,144,6wg9x5lk,10,presurvey,ExperimentInstruction,1779918632,1,0,0
bbxf068v,113,g9fhvbvi,13,mock_N08_N04_Aonly,GroupingWaitPage,1779918638,1,0,1
bbxf068v,113,g9fhvbvi,14,mock_N08_N04_Aonly,GroupSizeWaitPage,1779918640,1,0,1
bbxf068v,142,yt4atmf7,5,presurvey,Training,1779918640,1,0,0
bbxf068v,146,mbtsgplv,3,presurvey,Demographics,1779918640,1,0,0
bbxf068v,113,g9fhvbvi,15,mock_N08_N04_Aonly,AttentionCheck,1779918650,1,0,0
bbxf068v,146,mbtsgplv,4,presurvey,NeighborhoodInstruction,1779918657,1,0,0
bbxf068v,140,rkapv11y,4,presurvey,NeighborhoodInstruction,1779918661,1,0,0
bbxf068v,144,6wg9x5lk,11,presurvey,Scenario,1779918661,1,0,0
bbxf068v,147,u025653y,0,,InitializeParticipant,1779918672,1,0,0
bbxf068v,147,u025653y,1,presurvey,Introduction,1779918677,1,0,0
bbxf068v,148,79on5iih,0,,InitializeParticipant,1779918677,1,0,0
bbxf068v,146,mbtsgplv,5,presurvey,Training,1779918680,1,0,0
bbxf068v,148,79on5iih,1,presurvey,Introduction,1779918689,1,0,0
bbxf068v,149,s080ho05,0,,InitializeParticipant,1779918693,1,0,0
bbxf068v,147,u025653y,2,presurvey,AudioCheck,1779918695,1,0,0
bbxf068v,140,rkapv11y,5,presurvey,Training,1779918696,1,0,0
bbxf068v,147,u025653y,3,presurvey,Demographics,1779918708,1,0,0
bbxf068v,142,yt4atmf7,6,presurvey,TrainingNeighbor_1,1779918709,1,0,0
bbxf068v,148,79on5iih,2,presurvey,AudioCheck,1779918717,1,0,0
bbxf068v,146,mbtsgplv,6,presurvey,TrainingNeighbor_1,1779918728,1,0,0
bbxf068v,146,mbtsgplv,10,presurvey,ExperimentInstruction,1779918736,1,0,0
bbxf068v,142,yt4atmf7,10,presurvey,ExperimentInstruction,1779918738,1,0,0
bbxf068v,140,rkapv11y,6,presurvey,TrainingNeighbor_1,1779918739,1,0,0
bbxf068v,149,s080ho05,1,presurvey,Introduction,1779918743,1,0,0
bbxf068v,148,79on5iih,3,presurvey,Demographics,1779918746,1,0,0
bbxf068v,115,ufq7ej3u,13,mock_N08_N04_Aonly,GroupingWaitPage,1779918751,1,0,1
bbxf068v,115,ufq7ej3u,14,mock_N08_N04_Aonly,GroupSizeWaitPage,1779918753,1,0,1
bbxf068v,115,ufq7ej3u,15,mock_N08_N04_Aonly,AttentionCheck,1779918760,1,0,0
bbxf068v,140,rkapv11y,10,presurvey,ExperimentInstruction,1779918770,1,0,0
bbxf068v,116,totu4yc6,13,mock_N08_N04_Aonly,GroupingWaitPage,1779918783,1,0,1
bbxf068v,116,totu4yc6,14,mock_N08_N04_Aonly,GroupSizeWaitPage,1779918784,1,0,1
bbxf068v,148,79on5iih,4,presurvey,NeighborhoodInstruction,1779918787,1,0,0
bbxf068v,150,6rxmy8ro,0,,InitializeParticipant,1779918788,1,0,0
bbxf068v,148,79on5iih,5,presurvey,Training,1779918790,1,0,0
bbxf068v,116,totu4yc6,15,mock_N08_N04_Aonly,AttentionCheck,1779918794,1,0,0
bbxf068v,150,6rxmy8ro,1,presurvey,Introduction,1779918796,1,0,0
bbxf068v,149,s080ho05,2,presurvey,AudioCheck,1779918803,1,0,0
bbxf068v,148,79on5iih,6,presurvey,TrainingNeighbor_1,1779918805,1,0,0
bbxf068v,148,79on5iih,10,presurvey,ExperimentInstruction,1779918810,1,0,0
bbxf068v,128,woshgwoy,13,mock_N08_N04_Aonly,GroupingWaitPage,1779918812,1,0,1
bbxf068v,128,woshgwoy,14,mock_N08_N04_Aonly,GroupSizeWaitPage,1779918813,1,0,1
bbxf068v,150,6rxmy8ro,2,presurvey,AudioCheck,1779918816,1,0,0
bbxf068v,140,rkapv11y,11,presurvey,Scenario,1779918816,1,0,0
bbxf068v,142,yt4atmf7,11,presurvey,Scenario,1779918823,1,0,0
bbxf068v,148,79on5iih,11,presurvey,Scenario,1779918823,1,0,0
bbxf068v,128,woshgwoy,15,mock_N08_N04_Aonly,AttentionCheck,1779918823,1,0,0
bbxf068v,149,s080ho05,3,presurvey,Demographics,1779918828,1,0,0
bbxf068v,145,bmrsqbtl,1,presurvey,Introduction,1779918834,1,0,0
bbxf068v,151,ub1v9r9j,0,,InitializeParticipant,1779918842,1,0,0
bbxf068v,150,6rxmy8ro,3,presurvey,Demographics,1779918844,1,0,0
bbxf068v,148,79on5iih,12,presurvey,Commitment,1779918844,1,0,0
bbxf068v,152,xdvtlm68,0,,InitializeParticipant,1779918850,1,0,0
bbxf068v,149,s080ho05,4,presurvey,NeighborhoodInstruction,1779918857,1,0,0
bbxf068v,152,xdvtlm68,1,presurvey,Introduction,1779918862,1,0,0
bbxf068v,133,a87qj20c,13,mock_N08_N04_Aonly,GroupingWaitPage,1779918866,1,0,1
bbxf068v,133,a87qj20c,14,mock_N08_N04_Aonly,GroupSizeWaitPage,1779918867,1,0,1
bbxf068v,151,ub1v9r9j,1,presurvey,Introduction,1779918871,1,0,0
bbxf068v,133,a87qj20c,15,mock_N08_N04_Aonly,AttentionCheck,1779918872,1,0,0
bbxf068v,142,yt4atmf7,12,presurvey,Commitment,1779918874,1,0,0
bbxf068v,149,s080ho05,5,presurvey,Training,1779918877,1,0,0
bbxf068v,145,bmrsqbtl,2,presurvey,AudioCheck,1779918884,1,0,0
bbxf068v,152,xdvtlm68,2,presurvey,AudioCheck,1779918897,1,0,0
bbxf068v,145,bmrsqbtl,3,presurvey,Demographics,1779918898,1,0,0
bbxf068v,151,ub1v9r9j,2,presurvey,AudioCheck,1779918902,1,0,0
bbxf068v,129,b29havu9,13,mock_N08_N04_Aonly,GroupingWaitPage,1779918905,1,0,1
bbxf068v,129,b29havu9,14,mock_N08_N04_Aonly,GroupSizeWaitPage,1779918907,1,0,1
bbxf068v,145,bmrsqbtl,4,presurvey,NeighborhoodInstruction,1779918912,1,0,0
bbxf068v,153,hvq30m3x,0,,InitializeParticipant,1779918912,1,0,0
bbxf068v,129,b29havu9,15,mock_N08_N04_Aonly,AttentionCheck,1779918913,1,0,0
bbxf068v,149,s080ho05,6,presurvey,TrainingNeighbor_1,1779918916,1,0,0
bbxf068v,146,mbtsgplv,11,presurvey,Scenario,1779918924,1,0,0
bbxf068v,152,xdvtlm68,3,presurvey,Demographics,1779918925,1,0,0
bbxf068v,151,ub1v9r9j,3,presurvey,Demographics,1779918926,1,0,0
bbxf068v,153,hvq30m3x,1,presurvey,Introduction,1779918932,1,0,0
bbxf068v,151,ub1v9r9j,4,presurvey,NeighborhoodInstruction,1779918934,1,0,0
bbxf068v,152,xdvtlm68,4,presurvey,NeighborhoodInstruction,1779918935,1,0,0
bbxf068v,134,nx2iw5vs,13,mock_N08_N04_Aonly,GroupingWaitPage,1779918938,1,0,1
bbxf068v,134,nx2iw5vs,14,mock_N08_N04_Aonly,GroupSizeWaitPage,1779918939,1,0,1
bbxf068v,145,bmrsqbtl,5,presurvey,Training,1779918939,1,0,0
bbxf068v,134,nx2iw5vs,15,mock_N08_N04_Aonly,AttentionCheck,1779918946,1,0,0
bbxf068v,149,s080ho05,10,presurvey,ExperimentInstruction,1779918948,1,0,0
bbxf068v,154,cbvofzkz,0,,InitializeParticipant,1779918958,1,0,0
bbxf068v,154,cbvofzkz,1,presurvey,Introduction,1779918963,1,0,0
bbxf068v,145,bmrsqbtl,6,presurvey,TrainingNeighbor_1,1779918964,1,0,0
bbxf068v,152,xdvtlm68,5,presurvey,Training,1779918964,1,0,0
bbxf068v,153,hvq30m3x,2,presurvey,AudioCheck,1779918966,1,0,0
bbxf068v,154,cbvofzkz,2,presurvey,AudioCheck,1779918973,1,0,0
bbxf068v,155,obdddrvu,0,,InitializeParticipant,1779918978,1,0,0
bbxf068v,151,ub1v9r9j,5,presurvey,Training,1779918979,1,0,0
bbxf068v,145,bmrsqbtl,7,presurvey,TrainingNeighbor_2,1779918979,1,0,0
bbxf068v,154,cbvofzkz,3,presurvey,Demographics,1779918984,1,0,0
bbxf068v,149,s080ho05,11,presurvey,Scenario,1779918985,1,0,0
bbxf068v,145,bmrsqbtl,10,presurvey,ExperimentInstruction,1779918986,1,0,0
bbxf068v,153,hvq30m3x,3,presurvey,Demographics,1779918990,1,0,0
bbxf068v,154,cbvofzkz,4,presurvey,NeighborhoodInstruction,1779918991,1,0,0
bbxf068v,155,obdddrvu,1,presurvey,Introduction,1779918992,1,0,0
bbxf068v,154,cbvofzkz,5,presurvey,Training,1779918995,1,0,0
bbxf068v,156,4sfcvxzb,0,,InitializeParticipant,1779919011,1,0,0
bbxf068v,155,obdddrvu,2,presurvey,AudioCheck,1779919011,1,0,0
bbxf068v,154,cbvofzkz,6,presurvey,TrainingNeighbor_1,1779919011,1,0,0
bbxf068v,146,mbtsgplv,12,presurvey,Commitment,1779919013,1,0,0
bbxf068v,127,b54sz49b,13,mock_N08_N04_Aonly,GroupingWaitPage,1779919014,1,0,1
bbxf068v,132,mbwxbfeh,13,mock_N08_N04_Aonly,GroupingWaitPage,1779919014,1,0,1
bbxf068v,139,9yxlgxjv,13,mock_N08_N04_Aonly,GroupingWaitPage,1779919014,1,0,1
bbxf068v,146,mbtsgplv,13,mock_N08_N04_Aonly,GroupingWaitPage,1779919014,1,0,1
bbxf068v,127,b54sz49b,14,mock_N08_N04_Aonly,GroupSizeWaitPage,1779919014,1,0,1
bbxf068v,132,mbwxbfeh,14,mock_N08_N04_Aonly,GroupSizeWaitPage,1779919014,1,0,1
bbxf068v,139,9yxlgxjv,14,mock_N08_N04_Aonly,GroupSizeWaitPage,1779919014,1,0,1
bbxf068v,146,mbtsgplv,14,mock_N08_N04_Aonly,GroupSizeWaitPage,1779919014,1,0,1
bbxf068v,127,b54sz49b,16,mock_N08_N04_Aonly,DiscussionGRPWaitPage,1779919015,1,0,1
bbxf068v,132,mbwxbfeh,16,mock_N08_N04_Aonly,DiscussionGRPWaitPage,1779919015,1,0,1
bbxf068v,146,mbtsgplv,16,mock_N08_N04_Aonly,DiscussionGRPWaitPage,1779919015,1,0,1
bbxf068v,139,9yxlgxjv,16,mock_N08_N04_Aonly,DiscussionGRPWaitPage,1779919015,1,0,1
bbxf068v,153,hvq30m3x,4,presurvey,NeighborhoodInstruction,1779919015,1,0,0
bbxf068v,154,cbvofzkz,7,presurvey,TrainingNeighbor_2,1779919017,1,0,0
bbxf068v,156,4sfcvxzb,1,presurvey,Introduction,1779919019,1,0,0
bbxf068v,154,cbvofzkz,10,presurvey,ExperimentInstruction,1779919020,1,0,0
bbxf068v,154,cbvofzkz,11,presurvey,Scenario,1779919028,1,0,0
bbxf068v,155,obdddrvu,3,presurvey,Demographics,1779919031,1,0,0
bbxf068v,145,bmrsqbtl,11,presurvey,Scenario,1779919031,1,0,0
bbxf068v,156,4sfcvxzb,2,presurvey,AudioCheck,1779919038,1,0,0
bbxf068v,130,v4puzx4r,13,mock_N08_N04_Aonly,GroupingWaitPage,1779919038,1,0,1
bbxf068v,132,mbwxbfeh,17,mock_N08_N04_Aonly,Nudge,1779919038,1,0,0
bbxf068v,139,9yxlgxjv,17,mock_N08_N04_Aonly,Nudge,1779919038,1,0,0
bbxf068v,155,obdddrvu,4,presurvey,NeighborhoodInstruction,1779919038,1,0,0
bbxf068v,154,cbvofzkz,12,presurvey,Commitment,1779919039,1,0,0
bbxf068v,130,v4puzx4r,14,mock_N08_N04_Aonly,GroupSizeWaitPage,1779919039,1,0,1
bbxf068v,152,xdvtlm68,6,presurvey,TrainingNeighbor_1,1779919039,1,0,0
bbxf068v,132,mbwxbfeh,18,mock_N08_N04_Aonly,NudgeTraining,1779919041,1,0,0
bbxf068v,151,ub1v9r9j,6,presurvey,TrainingNeighbor_1,1779919041,1,0,0
bbxf068v,151,ub1v9r9j,10,presurvey,ExperimentInstruction,1779919045,1,0,0
bbxf068v,130,v4puzx4r,15,mock_N08_N04_Aonly,AttentionCheck,1779919048,1,0,0
bbxf068v,152,xdvtlm68,10,presurvey,ExperimentInstruction,1779919050,1,0,0
bbxf068v,146,mbtsgplv,17,mock_N08_N04_Aonly,Nudge,1779919050,1,0,0
bbxf068v,157,lzd3wrws,0,,InitializeParticipant,1779919050,1,0,0
bbxf068v,156,4sfcvxzb,3,presurvey,Demographics,1779919051,1,0,0
bbxf068v,132,mbwxbfeh,19,mock_N08_N04_Aonly,NudgeTrainingLast,1779919051,1,0,0
bbxf068v,139,9yxlgxjv,18,mock_N08_N04_Aonly,NudgeTraining,1779919053,1,0,0
bbxf068v,153,hvq30m3x,5,presurvey,Training,1779919056,1,0,0
bbxf068v,156,4sfcvxzb,4,presurvey,NeighborhoodInstruction,1779919057,1,0,0
bbxf068v,127,b54sz49b,17,mock_N08_N04_Aonly,Nudge,1779919058,1,0,0
bbxf068v,127,b54sz49b,18,mock_N08_N04_Aonly,NudgeTraining,1779919062,1,0,0
bbxf068v,151,ub1v9r9j,11,presurvey,Scenario,1779919063,1,0,0
bbxf068v,132,mbwxbfeh,20,mock_N08_N04_Aonly,Phase3,1779919065,1,0,0
bbxf068v,158,9ywctzoi,0,,InitializeParticipant,1779919065,1,0,0
bbxf068v,146,mbtsgplv,18,mock_N08_N04_Aonly,NudgeTraining,1779919066,1,0,0
bbxf068v,127,b54sz49b,19,mock_N08_N04_Aonly,NudgeTrainingLast,1779919066,1,0,0
bbxf068v,152,xdvtlm68,11,presurvey,Scenario,1779919067,1,0,0
bbxf068v,155,obdddrvu,5,presurvey,Training,1779919067,1,0,0
bbxf068v,139,9yxlgxjv,19,mock_N08_N04_Aonly,NudgeTrainingLast,1779919067,1,0,0
bbxf068v,149,s080ho05,12,presurvey,Commitment,1779919069,1,0,0
bbxf068v,158,9ywctzoi,1,presurvey,Introduction,1779919070,1,0,0
bbxf068v,132,mbwxbfeh,21,mock_N08_N04_Aonly,Discussion,1779919073,1,0,0
bbxf068v,127,b54sz49b,20,mock_N08_N04_Aonly,Phase3,1779919074,1,0,0
bbxf068v,159,txc8w1d6,0,,InitializeParticipant,1779919082,1,0,0
bbxf068v,156,4sfcvxzb,5,presurvey,Training,1779919083,1,0,0
bbxf068v,158,9ywctzoi,2,presurvey,AudioCheck,1779919085,1,0,0
bbxf068v,127,b54sz49b,21,mock_N08_N04_Aonly,Discussion,1779919086,1,0,0
bbxf068v,157,lzd3wrws,1,presurvey,Introduction,1779919087,1,0,0
bbxf068v,153,hvq30m3x,6,presurvey,TrainingNeighbor_1,1779919092,1,0,0
bbxf068v,135,dz96qdyd,13,mock_N08_N04_Aonly,GroupingWaitPage,1779919097,1,0,1
bbxf068v,135,dz96qdyd,14,mock_N08_N04_Aonly,GroupSizeWaitPage,1779919097,1,0,1
bbxf068v,139,9yxlgxjv,20,mock_N08_N04_Aonly,Phase3,1779919102,1,0,0
bbxf068v,160,6ckkk49r,0,,InitializeParticipant,1779919102,1,0,0
bbxf068v,155,obdddrvu,6,presurvey,TrainingNeighbor_1,1779919103,1,0,0
bbxf068v,158,9ywctzoi,3,presurvey,Demographics,1779919106,1,0,0
bbxf068v,155,obdddrvu,10,presurvey,ExperimentInstruction,1779919107,1,0,0
bbxf068v,159,txc8w1d6,1,presurvey,Introduction,1779919107,1,0,0
bbxf068v,151,ub1v9r9j,12,presurvey,Commitment,1779919107,1,0,0
bbxf068v,160,6ckkk49r,1,presurvey,Introduction,1779919107,1,0,0
bbxf068v,153,hvq30m3x,10,presurvey,ExperimentInstruction,1779919109,1,0,0
bbxf068v,135,dz96qdyd,15,mock_N08_N04_Aonly,AttentionCheck,1779919116,1,0,0
bbxf068v,152,xdvtlm68,12,presurvey,Commitment,1779919118,1,0,0
bbxf068v,156,4sfcvxzb,6,presurvey,TrainingNeighbor_1,1779919118,1,0,0
bbxf068v,139,9yxlgxjv,21,mock_N08_N04_Aonly,Discussion,1779919120,1,0,0
bbxf068v,155,obdddrvu,11,presurvey,Scenario,1779919123,1,0,0
bbxf068v,159,txc8w1d6,2,presurvey,AudioCheck,1779919124,1,0,0
bbxf068v,156,4sfcvxzb,7,presurvey,TrainingNeighbor_2,1779919124,1,0,0
bbxf068v,156,4sfcvxzb,10,presurvey,ExperimentInstruction,1779919130,1,0,0
bbxf068v,161,kueb3kg7,0,,InitializeParticipant,1779919131,1,0,0
bbxf068v,158,9ywctzoi,4,presurvey,NeighborhoodInstruction,1779919131,1,0,0
bbxf068v,160,6ckkk49r,2,presurvey,AudioCheck,1779919135,1,0,0
bbxf068v,161,kueb3kg7,1,presurvey,Introduction,1779919136,1,0,0
bbxf068v,157,lzd3wrws,2,presurvey,AudioCheck,1779919139,1,0,0
bbxf068v,162,e9uerepj,0,,InitializeParticipant,1779919141,1,0,0
bbxf068v,160,6ckkk49r,3,presurvey,Demographics,1779919145,1,0,0
bbxf068v,137,3g8mvqf7,13,mock_N08_N04_Aonly,GroupingWaitPage,1779919147,1,0,1
bbxf068v,137,3g8mvqf7,14,mock_N08_N04_Aonly,GroupSizeWaitPage,1779919148,1,0,1
bbxf068v,153,hvq30m3x,11,presurvey,Scenario,1779919149,1,0,0
bbxf068v,159,txc8w1d6,3,presurvey,Demographics,1779919149,1,0,0
bbxf068v,137,3g8mvqf7,15,mock_N08_N04_Aonly,AttentionCheck,1779919155,1,0,0
bbxf068v,146,mbtsgplv,19,mock_N08_N04_Aonly,NudgeTrainingLast,1779919157,1,1,0
bbxf068v,161,kueb3kg7,2,presurvey,AudioCheck,1779919161,1,0,0
bbxf068v,158,9ywctzoi,5,presurvey,Training,1779919163,1,0,0
bbxf068v,162,e9uerepj,1,presurvey,Introduction,1779919168,1,0,0
bbxf068v,155,obdddrvu,12,presurvey,Commitment,1779919172,1,0,0
bbxf068v,159,txc8w1d6,4,presurvey,NeighborhoodInstruction,1779919173,1,0,0
bbxf068v,161,kueb3kg7,3,presurvey,Demographics,1779919173,1,0,0
bbxf068v,161,kueb3kg7,4,presurvey,NeighborhoodInstruction,1779919180,1,0,0
bbxf068v,160,6ckkk49r,4,presurvey,NeighborhoodInstruction,1779919181,1,0,0
bbxf068v,153,hvq30m3x,12,presurvey,Commitment,1779919181,1,0,0
bbxf068v,163,kwu4uwik,0,,InitializeParticipant,1779919183,1,0,0
bbxf068v,161,kueb3kg7,5,presurvey,Training,1779919188,1,0,0
bbxf068v,157,lzd3wrws,3,presurvey,Demographics,1779919191,1,0,0
bbxf068v,163,kwu4uwik,1,presurvey,Introduction,1779919196,1,0,0
bbxf068v,158,9ywctzoi,6,presurvey,TrainingNeighbor_1,1779919197,1,0,0
bbxf068v,162,e9uerepj,2,presurvey,AudioCheck,1779919199,1,0,0
bbxf068v,158,9ywctzoi,10,presurvey,ExperimentInstruction,1779919201,1,0,0
bbxf068v,146,mbtsgplv,20,mock_N08_N04_Aonly,Phase3,1779919202,1,1,0
bbxf068v,160,6ckkk49r,5,presurvey,Training,1779919209,1,0,0
bbxf068v,163,kwu4uwik,2,presurvey,AudioCheck,1779919209,1,0,0
bbxf068v,164,4ildfat4,0,,InitializeParticipant,1779919210,1,0,0
bbxf068v,159,txc8w1d6,5,presurvey,Training,1779919214,1,0,0
bbxf068v,161,kueb3kg7,6,presurvey,TrainingNeighbor_1,1779919215,1,0,0
bbxf068v,163,kwu4uwik,3,presurvey,Demographics,1779919216,1,0,0
bbxf068v,165,z0z3txhs,0,,InitializeParticipant,1779919219,1,0,0
bbxf068v,163,kwu4uwik,4,presurvey,NeighborhoodInstruction,1779919219,1,0,0
bbxf068v,146,mbtsgplv,21,mock_N08_N04_Aonly,Discussion,1779919223,1,0,0
bbxf068v,127,b54sz49b,28,mock_N08_N04_Aonly,DiscussionGRPWaitPage,1779919223,2,0,1
bbxf068v,132,mbwxbfeh,28,mock_N08_N04_Aonly,DiscussionGRPWaitPage,1779919223,2,0,1
bbxf068v,146,mbtsgplv,28,mock_N08_N04_Aonly,DiscussionGRPWaitPage,1779919223,2,0,1
bbxf068v,139,9yxlgxjv,28,mock_N08_N04_Aonly,DiscussionGRPWaitPage,1779919223,2,0,1
bbxf068v,165,z0z3txhs,1,presurvey,Introduction,1779919225,1,0,0
bbxf068v,162,e9uerepj,3,presurvey,Demographics,1779919229,1,0,0
bbxf068v,132,mbwxbfeh,33,mock_N08_N04_Aonly,Discussion,1779919231,2,0,0
bbxf068v,157,lzd3wrws,4,presurvey,NeighborhoodInstruction,1779919233,1,0,0
bbxf068v,146,mbtsgplv,33,mock_N08_N04_Aonly,Discussion,1779919233,2,0,0
bbxf068v,165,z0z3txhs,2,presurvey,AudioCheck,1779919233,1,0,0
bbxf068v,127,b54sz49b,33,mock_N08_N04_Aonly,Discussion,1779919234,2,0,0
bbxf068v,139,9yxlgxjv,33,mock_N08_N04_Aonly,Discussion,1779919236,2,0,0
bbxf068v,127,b54sz49b,40,mock_N08_N04_Aonly,DiscussionGRPWaitPage,1779919237,3,0,1
bbxf068v,132,mbwxbfeh,40,mock_N08_N04_Aonly,DiscussionGRPWaitPage,1779919237,3,0,1
bbxf068v,146,mbtsgplv,40,mock_N08_N04_Aonly,DiscussionGRPWaitPage,1779919237,3,0,1
bbxf068v,139,9yxlgxjv,40,mock_N08_N04_Aonly,DiscussionGRPWaitPage,1779919237,3,0,1
bbxf068v,164,4ildfat4,1,presurvey,Introduction,1779919239,1,0,0
bbxf068v,132,mbwxbfeh,45,mock_N08_N04_Aonly,Discussion,1779919241,3,0,0
bbxf068v,127,b54sz49b,45,mock_N08_N04_Aonly,Discussion,1779919241,3,0,0
bbxf068v,163,kwu4uwik,5,presurvey,Training,1779919242,1,0,0
bbxf068v,166,2oy712h4,0,,InitializeParticipant,1779919243,1,0,0
bbxf068v,167,8mxcauvg,0,,InitializeParticipant,1779919243,1,0,0
bbxf068v,165,z0z3txhs,3,presurvey,Demographics,1779919244,1,0,0
bbxf068v,139,9yxlgxjv,45,mock_N08_N04_Aonly,Discussion,1779919244,3,0,0
bbxf068v,146,mbtsgplv,45,mock_N08_N04_Aonly,Discussion,1779919249,3,0,0
bbxf068v,127,b54sz49b,52,mock_N08_N04_Aonly,DiscussionGRPWaitPage,1779919249,4,0,1
bbxf068v,132,mbwxbfeh,52,mock_N08_N04_Aonly,DiscussionGRPWaitPage,1779919249,4,0,1
bbxf068v,146,mbtsgplv,52,mock_N08_N04_Aonly,DiscussionGRPWaitPage,1779919249,4,0,1
bbxf068v,139,9yxlgxjv,52,mock_N08_N04_Aonly,DiscussionGRPWaitPage,1779919249,4,0,1
bbxf068v,165,z0z3txhs,4,presurvey,NeighborhoodInstruction,1779919249,1,0,0
bbxf068v,162,e9uerepj,4,presurvey,NeighborhoodInstruction,1779919250,1,0,0
bbxf068v,127,b54sz49b,57,mock_N08_N04_Aonly,Discussion,1779919253,4,0,0
bbxf068v,165,z0z3txhs,5,presurvey,Training,1779919253,1,0,0
bbxf068v,163,kwu4uwik,6,presurvey,TrainingNeighbor_1,1779919254,1,0,0
bbxf068v,132,mbwxbfeh,57,mock_N08_N04_Aonly,Discussion,1779919255,4,0,0
bbxf068v,160,6ckkk49r,6,presurvey,TrainingNeighbor_1,1779919255,1,0,0
bbxf068v,159,txc8w1d6,6,presurvey,TrainingNeighbor_1,1779919255,1,0,0
bbxf068v,163,kwu4uwik,7,presurvey,TrainingNeighbor_2,1779919257,1,0,0
bbxf068v,146,mbtsgplv,57,mock_N08_N04_Aonly,Discussion,1779919257,4,0,0
bbxf068v,158,9ywctzoi,11,presurvey,Scenario,1779919258,1,0,0
bbxf068v,164,4ildfat4,2,presurvey,AudioCheck,1779919259,1,0,0
bbxf068v,168,vziwjp5v,0,,InitializeParticipant,1779919259,1,0,0
bbxf068v,163,kwu4uwik,10,presurvey,ExperimentInstruction,1779919261,1,0,0
bbxf068v,167,8mxcauvg,1,presurvey,Introduction,1779919262,1,0,0
bbxf068v,139,9yxlgxjv,57,mock_N08_N04_Aonly,Discussion,1779919263,4,0,0
bbxf068v,127,b54sz49b,64,mock_N08_N04_Aonly,DiscussionGRPWaitPage,1779919263,5,0,1
bbxf068v,132,mbwxbfeh,64,mock_N08_N04_Aonly,DiscussionGRPWaitPage,1779919263,5,0,1
bbxf068v,146,mbtsgplv,64,mock_N08_N04_Aonly,DiscussionGRPWaitPage,1779919263,5,0,1
bbxf068v,139,9yxlgxjv,64,mock_N08_N04_Aonly,DiscussionGRPWaitPage,1779919263,5,0,1
bbxf068v,165,z0z3txhs,6,presurvey,TrainingNeighbor_1,1779919265,1,0,0
bbxf068v,132,mbwxbfeh,69,mock_N08_N04_Aonly,Discussion,1779919266,5,0,0
bbxf068v,159,txc8w1d6,10,presurvey,ExperimentInstruction,1779919266,1,0,0
bbxf068v,160,6ckkk49r,10,presurvey,ExperimentInstruction,1779919267,1,0,0
bbxf068v,163,kwu4uwik,11,presurvey,Scenario,1779919267,1,0,0
bbxf068v,127,b54sz49b,69,mock_N08_N04_Aonly,Discussion,1779919269,5,0,0
bbxf068v,166,2oy712h4,1,presurvey,Introduction,1779919269,1,0,0
bbxf068v,167,8mxcauvg,2,presurvey,AudioCheck,1779919271,1,0,0
bbxf068v,169,bbb53bgq,0,,InitializeParticipant,1779919271,1,0,0
bbxf068v,170,17soww49,0,,InitializeParticipant,1779919271,1,0,0
bbxf068v,146,mbtsgplv,69,mock_N08_N04_Aonly,Discussion,1779919272,5,0,0
bbxf068v,139,9yxlgxjv,69,mock_N08_N04_Aonly,Discussion,1779919273,5,0,0
bbxf068v,132,mbwxbfeh,76,mock_N08_N04_Aonly,DiscussionGRPWaitPage,1779919273,6,0,1
bbxf068v,146,mbtsgplv,76,mock_N08_N04_Aonly,DiscussionGRPWaitPage,1779919273,6,0,1
bbxf068v,127,b54sz49b,76,mock_N08_N04_Aonly,DiscussionGRPWaitPage,1779919273,6,0,1
bbxf068v,139,9yxlgxjv,76,mock_N08_N04_Aonly,DiscussionGRPWaitPage,1779919273,6,0,1
bbxf068v,161,kueb3kg7,7,presurvey,TrainingNeighbor_2,1779919274,1,0,0
bbxf068v,132,mbwxbfeh,81,mock_N08_N04_Aonly,Discussion,1779919276,6,0,0
bbxf068v,170,17soww49,1,presurvey,Introduction,1779919276,1,0,0
bbxf068v,127,b54sz49b,81,mock_N08_N04_Aonly,Discussion,1779919277,6,0,0
bbxf068v,165,z0z3txhs,7,presurvey,TrainingNeighbor_2,1779919278,1,0,0
bbxf068v,169,bbb53bgq,1,presurvey,Introduction,1779919278,1,0,0
bbxf068v,146,mbtsgplv,81,mock_N08_N04_Aonly,Discussion,1779919279,6,0,0
bbxf068v,139,9yxlgxjv,81,mock_N08_N04_Aonly,Discussion,1779919280,6,0,0
bbxf068v,165,z0z3txhs,10,presurvey,ExperimentInstruction,1779919280,1,0,0
bbxf068v,127,b54sz49b,88,mock_N08_N04_Aonly,DiscussionGRPWaitPage,1779919281,7,0,1
bbxf068v,132,mbwxbfeh,88,mock_N08_N04_Aonly,DiscussionGRPWaitPage,1779919281,7,0,1
bbxf068v,146,mbtsgplv,88,mock_N08_N04_Aonly,DiscussionGRPWaitPage,1779919281,7,0,1
bbxf068v,139,9yxlgxjv,88,mock_N08_N04_Aonly,DiscussionGRPWaitPage,1779919281,7,0,1
bbxf068v,164,4ildfat4,3,presurvey,Demographics,1779919282,1,0,0
bbxf068v,156,4sfcvxzb,11,presurvey,Scenario,1779919282,1,0,0
bbxf068v,168,vziwjp5v,1,presurvey,Introduction,1779919283,1,0,0
bbxf068v,132,mbwxbfeh,93,mock_N08_N04_Aonly,Discussion,1779919283,7,0,0
bbxf068v,163,kwu4uwik,12,presurvey,Commitment,1779919283,1,0,0
bbxf068v,171,p6wfohqa,0,,InitializeParticipant,1779919283,1,0,0
bbxf068v,127,b54sz49b,93,mock_N08_N04_Aonly,Discussion,1779919284,7,0,0
bbxf068v,139,9yxlgxjv,93,mock_N08_N04_Aonly,Discussion,1779919285,7,0,0
bbxf068v,165,z0z3txhs,11,presurvey,Scenario,1779919287,1,0,0
bbxf068v,146,mbtsgplv,93,mock_N08_N04_Aonly,Discussion,1779919288,7,0,0
bbxf068v,127,b54sz49b,100,mock_N08_N04_Aonly,DiscussionGRPWaitPage,1779919289,8,0,1
bbxf068v,132,mbwxbfeh,100,mock_N08_N04_Aonly,DiscussionGRPWaitPage,1779919289,8,0,1
bbxf068v,146,mbtsgplv,100,mock_N08_N04_Aonly,DiscussionGRPWaitPage,1779919289,8,0,1
bbxf068v,139,9yxlgxjv,100,mock_N08_N04_Aonly,DiscussionGRPWaitPage,1779919289,8,0,1
bbxf068v,161,kueb3kg7,10,presurvey,ExperimentInstruction,1779919289,1,0,0
bbxf068v,167,8mxcauvg,3,presurvey,Demographics,1779919291,1,0,0
bbxf068v,132,mbwxbfeh,105,mock_N08_N04_Aonly,Discussion,1779919292,8,0,0
bbxf068v,139,9yxlgxjv,105,mock_N08_N04_Aonly,Discussion,1779919294,8,0,0
bbxf068v,168,vziwjp5v,2,presurvey,AudioCheck,1779919295,1,0,0
bbxf068v,146,mbtsgplv,105,mock_N08_N04_Aonly,Discussion,1779919296,8,0,0
bbxf068v,159,txc8w1d6,11,presurvey,Scenario,1779919296,1,0,0
bbxf068v,165,z0z3txhs,12,presurvey,Commitment,1779919298,1,0,0
bbxf068v,127,b54sz49b,105,mock_N08_N04_Aonly,Discussion,1779919300,8,0,0
bbxf068v,132,mbwxbfeh,112,mock_N08_N04_Aonly,DiscussionGRPWaitPage,1779919300,9,0,1
bbxf068v,146,mbtsgplv,112,mock_N08_N04_Aonly,DiscussionGRPWaitPage,1779919300,9,0,1
bbxf068v,127,b54sz49b,112,mock_N08_N04_Aonly,DiscussionGRPWaitPage,1779919300,9,0,1
bbxf068v,139,9yxlgxjv,112,mock_N08_N04_Aonly,DiscussionGRPWaitPage,1779919300,9,0,1
bbxf068v,132,mbwxbfeh,117,mock_N08_N04_Aonly,Discussion,1779919303,9,0,0
bbxf068v,171,p6wfohqa,1,presurvey,Introduction,1779919304,1,0,0
bbxf068v,127,b54sz49b,117,mock_N08_N04_Aonly,Discussion,1779919304,9,0,0
bbxf068v,146,mbtsgplv,117,mock_N08_N04_Aonly,Discussion,1779919306,9,0,0
bbxf068v,139,9yxlgxjv,117,mock_N08_N04_Aonly,Discussion,1779919306,9,0,0
bbxf068v,127,b54sz49b,124,mock_N08_N04_Aonly,DiscussionGRPWaitPage,1779919307,10,0,1
bbxf068v,132,mbwxbfeh,124,mock_N08_N04_Aonly,DiscussionGRPWaitPage,1779919307,10,0,1
bbxf068v,146,mbtsgplv,124,mock_N08_N04_Aonly,DiscussionGRPWaitPage,1779919307,10,0,1
bbxf068v,139,9yxlgxjv,124,mock_N08_N04_Aonly,DiscussionGRPWaitPage,1779919307,10,0,1
bbxf068v,160,6ckkk49r,11,presurvey,Scenario,1779919307,1,0,0
bbxf068v,164,4ildfat4,4,presurvey,NeighborhoodInstruction,1779919313,1,0,0
bbxf068v,156,4sfcvxzb,12,presurvey,Commitment,1779919313,1,0,0
bbxf068v,170,17soww49,2,presurvey,AudioCheck,1779919313,1,0,0
bbxf068v,172,6hji4btm,0,,InitializeParticipant,1779919314,1,0,0
bbxf068v,171,p6wfohqa,2,presurvey,AudioCheck,1779919315,1,0,0
bbxf068v,169,bbb53bgq,2,presurvey,AudioCheck,1779919316,1,0,0
bbxf068v,132,mbwxbfeh,129,mock_N08_N04_Aonly,Discussion,1779919316,10,0,0
bbxf068v,127,b54sz49b,129,mock_N08_N04_Aonly,Discussion,1779919317,10,0,0
bbxf068v,139,9yxlgxjv,129,mock_N08_N04_Aonly,Discussion,1779919318,10,0,0
bbxf068v,172,6hji4btm,1,presurvey,Introduction,1779919318,1,0,0
bbxf068v,162,e9uerepj,5,presurvey,Training,1779919320,1,0,0
bbxf068v,168,vziwjp5v,3,presurvey,Demographics,1779919321,1,0,0
bbxf068v,146,mbtsgplv,129,mock_N08_N04_Aonly,Discussion,1779919322,10,0,0
bbxf068v,127,b54sz49b,136,mock_N08_N04_Aonly,DiscussionGRPWaitPage,1779919322,11,0,1
bbxf068v,132,mbwxbfeh,136,mock_N08_N04_Aonly,DiscussionGRPWaitPage,1779919322,11,0,1
bbxf068v,146,mbtsgplv,136,mock_N08_N04_Aonly,DiscussionGRPWaitPage,1779919322,11,0,1
bbxf068v,139,9yxlgxjv,136,mock_N08_N04_Aonly,DiscussionGRPWaitPage,1779919322,11,0,1
bbxf068v,167,8mxcauvg,4,presurvey,NeighborhoodInstruction,1779919324,1,0,0
bbxf068v,171,p6wfohqa,3,presurvey,Demographics,1779919324,1,0,0
bbxf068v,132,mbwxbfeh,141,mock_N08_N04_Aonly,Discussion,1779919325,11,0,0
bbxf068v,173,zs0xr3pa,0,,InitializeParticipant,1779919325,1,0,0
bbxf068v,127,b54sz49b,141,mock_N08_N04_Aonly,Discussion,1779919326,11,0,0
bbxf068v,139,9yxlgxjv,141,mock_N08_N04_Aonly,Discussion,1779919328,11,0,0
bbxf068v,158,9ywctzoi,12,presurvey,Commitment,1779919329,1,0,0
bbxf068v,146,mbtsgplv,141,mock_N08_N04_Aonly,Discussion,1779919329,11,0,0
bbxf068v,132,mbwxbfeh,148,mock_N08_N04_Aonly,DiscussionGRPWaitPage,1779919329,12,0,1
bbxf068v,146,mbtsgplv,148,mock_N08_N04_Aonly,DiscussionGRPWaitPage,1779919329,12,0,1
bbxf068v,139,9yxlgxjv,148,mock_N08_N04_Aonly,DiscussionGRPWaitPage,1779919329,12,0,1
bbxf068v,127,b54sz49b,148,mock_N08_N04_Aonly,DiscussionGRPWaitPage,1779919329,12,0,1
bbxf068v,132,mbwxbfeh,153,mock_N08_N04_Aonly,Discussion,1779919332,12,0,0
bbxf068v,161,kueb3kg7,11,presurvey,Scenario,1779919333,1,0,0
bbxf068v,127,b54sz49b,153,mock_N08_N04_Aonly,Discussion,1779919339,12,0,0
bbxf068v,159,txc8w1d6,12,presurvey,Commitment,1779919339,1,0,0
bbxf068v,146,mbtsgplv,153,mock_N08_N04_Aonly,Discussion,1779919340,12,0,0
bbxf068v,139,9yxlgxjv,153,mock_N08_N04_Aonly,Discussion,1779919340,12,0,0
bbxf068v,172,6hji4btm,2,presurvey,AudioCheck,1779919340,1,0,0
bbxf068v,127,b54sz49b,160,mock_N08_N04_Aonly,DiscussionGRPWaitPage,1779919340,13,0,1
bbxf068v,132,mbwxbfeh,160,mock_N08_N04_Aonly,DiscussionGRPWaitPage,1779919340,13,0,1
bbxf068v,146,mbtsgplv,160,mock_N08_N04_Aonly,DiscussionGRPWaitPage,1779919340,13,0,1
bbxf068v,139,9yxlgxjv,160,mock_N08_N04_Aonly,DiscussionGRPWaitPage,1779919340,13,0,1
bbxf068v,174,07qfo5tj,0,,InitializeParticipant,1779919341,1,0,0
bbxf068v,173,zs0xr3pa,1,presurvey,Introduction,1779919341,1,0,0
bbxf068v,169,bbb53bgq,3,presurvey,Demographics,1779919342,1,0,0
bbxf068v,175,p4wlqgur,0,,InitializeParticipant,1779919343,1,0,0
bbxf068v,132,mbwxbfeh,165,mock_N08_N04_Aonly,Discussion,1779919344,13,0,0
bbxf068v,127,b54sz49b,165,mock_N08_N04_Aonly,Discussion,1779919345,13,0,0
bbxf068v,170,17soww49,3,presurvey,Demographics,1779919345,1,0,0
bbxf068v,139,9yxlgxjv,165,mock_N08_N04_Aonly,Discussion,1779919345,13,0,0
bbxf068v,146,mbtsgplv,165,mock_N08_N04_Aonly,Discussion,1779919346,13,0,0
bbxf068v,127,b54sz49b,172,mock_N08_N04_Aonly,DiscussionGRPWaitPage,1779919346,14,0,1
bbxf068v,132,mbwxbfeh,172,mock_N08_N04_Aonly,DiscussionGRPWaitPage,1779919346,14,0,1
bbxf068v,146,mbtsgplv,172,mock_N08_N04_Aonly,DiscussionGRPWaitPage,1779919346,14,0,1
bbxf068v,139,9yxlgxjv,172,mock_N08_N04_Aonly,DiscussionGRPWaitPage,1779919346,14,0,1
bbxf068v,167,8mxcauvg,5,presurvey,Training,1779919347,1,0,0
bbxf068v,171,p6wfohqa,4,presurvey,NeighborhoodInstruction,1779919347,1,0,0
bbxf068v,132,mbwxbfeh,177,mock_N08_N04_Aonly,Discussion,1779919348,14,0,0
bbxf068v,168,vziwjp5v,4,presurvey,NeighborhoodInstruction,1779919349,1,0,0
bbxf068v,127,b54sz49b,177,mock_N08_N04_Aonly,Discussion,1779919350,14,0,0
bbxf068v,139,9yxlgxjv,177,mock_N08_N04_Aonly,Discussion,1779919352,14,0,0
bbxf068v,157,lzd3wrws,5,presurvey,Training,1779919352,1,0,0
bbxf068v,172,6hji4btm,3,presurvey,Demographics,1779919353,1,0,0
bbxf068v,146,mbtsgplv,177,mock_N08_N04_Aonly,Discussion,1779919354,14,0,0
bbxf068v,127,b54sz49b,184,mock_N08_N04_Aonly,DiscussionGRPWaitPage,1779919354,15,0,1
bbxf068v,132,mbwxbfeh,184,mock_N08_N04_Aonly,DiscussionGRPWaitPage,1779919354,15,0,1
bbxf068v,146,mbtsgplv,184,mock_N08_N04_Aonly,DiscussionGRPWaitPage,1779919354,15,0,1
bbxf068v,139,9yxlgxjv,184,mock_N08_N04_Aonly,DiscussionGRPWaitPage,1779919354,15,0,1
bbxf068v,170,17soww49,4,presurvey,NeighborhoodInstruction,1779919356,1,0,0
bbxf068v,132,mbwxbfeh,189,mock_N08_N04_Aonly,Discussion,1779919356,15,0,0
bbxf068v,127,b54sz49b,189,mock_N08_N04_Aonly,Discussion,1779919358,15,0,0
bbxf068v,146,mbtsgplv,189,mock_N08_N04_Aonly,Discussion,1779919359,15,0,0
bbxf068v,166,2oy712h4,2,presurvey,AudioCheck,1779919360,1,0,0
bbxf068v,139,9yxlgxjv,189,mock_N08_N04_Aonly,Discussion,1779919360,15,0,0
bbxf068v,127,b54sz49b,196,mock_N08_N04_Aonly,DiscussionGRPWaitPage,1779919361,16,0,1
bbxf068v,132,mbwxbfeh,196,mock_N08_N04_Aonly,DiscussionGRPWaitPage,1779919361,16,0,1
bbxf068v,146,mbtsgplv,196,mock_N08_N04_Aonly,DiscussionGRPWaitPage,1779919361,16,0,1
bbxf068v,139,9yxlgxjv,196,mock_N08_N04_Aonly,DiscussionGRPWaitPage,1779919361,16,0,1
bbxf068v,132,mbwxbfeh,201,mock_N08_N04_Aonly,Discussion,1779919362,16,0,0
bbxf068v,174,07qfo5tj,1,presurvey,Introduction,1779919364,1,0,0
bbxf068v,170,17soww49,5,presurvey,Training,1779919365,1,0,0
bbxf068v,127,b54sz49b,201,mock_N08_N04_Aonly,Discussion,1779919365,16,0,0
bbxf068v,172,6hji4btm,4,presurvey,NeighborhoodInstruction,1779919365,1,0,0
bbxf068v,146,mbtsgplv,201,mock_N08_N04_Aonly,Discussion,1779919367,16,0,0
bbxf068v,173,zs0xr3pa,2,presurvey,AudioCheck,1779919369,1,0,0
bbxf068v,139,9yxlgxjv,201,mock_N08_N04_Aonly,Discussion,1779919369,16,0,0
bbxf068v,127,b54sz49b,208,mock_N08_N04_Aonly,DiscussionGRPWaitPage,1779919369,17,0,1
bbxf068v,132,mbwxbfeh,208,mock_N08_N04_Aonly,DiscussionGRPWaitPage,1779919369,17,0,1
bbxf068v,146,mbtsgplv,208,mock_N08_N04_Aonly,DiscussionGRPWaitPage,1779919369,17,0,1
bbxf068v,139,9yxlgxjv,208,mock_N08_N04_Aonly,DiscussionGRPWaitPage,1779919369,17,0,1
bbxf068v,132,mbwxbfeh,213,mock_N08_N04_Aonly,Discussion,1779919371,17,0,0
bbxf068v,150,6rxmy8ro,4,presurvey,NeighborhoodInstruction,1779919372,1,0,0
bbxf068v,127,b54sz49b,213,mock_N08_N04_Aonly,Discussion,1779919373,17,0,0
bbxf068v,176,28kgoot5,0,,InitializeParticipant,1779919373,1,0,0
bbxf068v,175,p4wlqgur,1,presurvey,Introduction,1779919373,1,0,0
bbxf068v,164,4ildfat4,5,presurvey,Training,1779919375,1,0,0
bbxf068v,176,28kgoot5,1,presurvey,Introduction,1779919376,1,0,0
bbxf068v,146,mbtsgplv,213,mock_N08_N04_Aonly,Discussion,1779919376,17,0,0
bbxf068v,162,e9uerepj,6,presurvey,TrainingNeighbor_1,1779919376,1,0,0
bbxf068v,139,9yxlgxjv,213,mock_N08_N04_Aonly,Discussion,1779919377,17,0,0
bbxf068v,127,b54sz49b,220,mock_N08_N04_Aonly,DiscussionGRPWaitPage,1779919377,18,0,1
bbxf068v,132,mbwxbfeh,220,mock_N08_N04_Aonly,DiscussionGRPWaitPage,1779919377,18,0,1
bbxf068v,146,mbtsgplv,220,mock_N08_N04_Aonly,DiscussionGRPWaitPage,1779919377,18,0,1
bbxf068v,139,9yxlgxjv,220,mock_N08_N04_Aonly,DiscussionGRPWaitPage,1779919377,18,0,1
bbxf068v,171,p6wfohqa,5,presurvey,Training,1779919379,1,0,0
bbxf068v,132,mbwxbfeh,225,mock_N08_N04_Aonly,Discussion,1779919379,18,0,0
bbxf068v,127,b54sz49b,225,mock_N08_N04_Aonly,Discussion,1779919381,18,0,0
bbxf068v,177,7uf4ircp,0,,InitializeParticipant,1779919381,1,0,0
bbxf068v,178,bbdvn7m7,0,,InitializeParticipant,1779919382,1,0,0
bbxf068v,146,mbtsgplv,225,mock_N08_N04_Aonly,Discussion,1779919383,18,0,0
bbxf068v,139,9yxlgxjv,225,mock_N08_N04_Aonly,Discussion,1779919383,18,0,0
bbxf068v,127,b54sz49b,232,mock_N08_N04_Aonly,DiscussionGRPWaitPage,1779919384,19,0,1
bbxf068v,132,mbwxbfeh,232,mock_N08_N04_Aonly,DiscussionGRPWaitPage,1779919384,19,0,1
bbxf068v,146,mbtsgplv,232,mock_N08_N04_Aonly,DiscussionGRPWaitPage,1779919384,19,0,1
bbxf068v,139,9yxlgxjv,232,mock_N08_N04_Aonly,DiscussionGRPWaitPage,1779919384,19,0,1
bbxf068v,132,mbwxbfeh,237,mock_N08_N04_Aonly,Discussion,1779919386,19,0,0
bbxf068v,167,8mxcauvg,6,presurvey,TrainingNeighbor_1,1779919386,1,0,0
bbxf068v,172,6hji4btm,5,presurvey,Training,1779919387,1,0,0
bbxf068v,127,b54sz49b,237,mock_N08_N04_Aonly,Discussion,1779919387,19,0,0
bbxf068v,168,vziwjp5v,5,presurvey,Training,1779919388,1,0,0
bbxf068v,177,7uf4ircp,1,presurvey,Introduction,1779919389,1,0,0
bbxf068v,176,28kgoot5,2,presurvey,AudioCheck,1779919389,1,0,0
bbxf068v,139,9yxlgxjv,237,mock_N08_N04_Aonly,Discussion,1779919390,19,0,0
bbxf068v,178,bbdvn7m7,1,presurvey,Introduction,1779919392,1,0,0
bbxf068v,146,mbtsgplv,237,mock_N08_N04_Aonly,Discussion,1779919393,19,0,0
bbxf068v,127,b54sz49b,244,mock_N08_N04_Aonly,DiscussionGRPWaitPage,1779919393,20,0,1
bbxf068v,132,mbwxbfeh,244,mock_N08_N04_Aonly,DiscussionGRPWaitPage,1779919393,20,0,1
bbxf068v,146,mbtsgplv,244,mock_N08_N04_Aonly,DiscussionGRPWaitPage,1779919393,20,0,1
bbxf068v,139,9yxlgxjv,244,mock_N08_N04_Aonly,DiscussionGRPWaitPage,1779919393,20,0,1
bbxf068v,162,e9uerepj,10,presurvey,ExperimentInstruction,1779919394,1,0,0
bbxf068v,176,28kgoot5,3,presurvey,Demographics,1779919394,1,0,0
bbxf068v,132,mbwxbfeh,249,mock_N08_N04_Aonly,Discussion,1779919394,20,0,0
bbxf068v,167,8mxcauvg,7,presurvey,TrainingNeighbor_2,1779919395,1,0,0
bbxf068v,173,zs0xr3pa,3,presurvey,Demographics,1779919396,1,0,0
bbxf068v,176,28kgoot5,4,presurvey,NeighborhoodInstruction,1779919396,1,0,0
bbxf068v,175,p4wlqgur,2,presurvey,AudioCheck,1779919396,1,0,0
bbxf068v,127,b54sz49b,249,mock_N08_N04_Aonly,Discussion,1779919397,20,0,0
bbxf068v,176,28kgoot5,5,presurvey,Training,1779919397,1,0,0
bbxf068v,171,p6wfohqa,6,presurvey,TrainingNeighbor_1,1779919398,1,0,0
bbxf068v,167,8mxcauvg,10,presurvey,ExperimentInstruction,1779919399,1,0,0
bbxf068v,139,9yxlgxjv,249,mock_N08_N04_Aonly,Discussion,1779919399,20,0,0
bbxf068v,146,mbtsgplv,249,mock_N08_N04_Aonly,Discussion,1779919399,20,0,0
bbxf068v,176,28kgoot5,6,presurvey,TrainingNeighbor_1,1779919401,1,0,0
bbxf068v,178,bbdvn7m7,2,presurvey,AudioCheck,1779919403,1,0,0
bbxf068v,176,28kgoot5,7,presurvey,TrainingNeighbor_2,1779919405,1,0,0
bbxf068v,176,28kgoot5,10,presurvey,ExperimentInstruction,1779919407,1,0,0
bbxf068v,132,mbwxbfeh,250,mock_N08_N04_Aonly,Additional,1779919407,20,0,0
bbxf068v,172,6hji4btm,6,presurvey,TrainingNeighbor_1,1779919407,1,0,0
bbxf068v,172,6hji4btm,10,presurvey,ExperimentInstruction,1779919409,1,0,0
bbxf068v,170,17soww49,6,presurvey,TrainingNeighbor_1,1779919412,1,0,0
bbxf068v,171,p6wfohqa,10,presurvey,ExperimentInstruction,1779919413,1,0,0
bbxf068v,176,28kgoot5,11,presurvey,Scenario,1779919413,1,0,0
bbxf068v,178,bbdvn7m7,3,presurvey,Demographics,1779919414,1,0,0
bbxf068v,167,8mxcauvg,11,presurvey,Scenario,1779919415,1,0,0
bbxf068v,166,2oy712h4,3,presurvey,Demographics,1779919415,1,0,0
bbxf068v,178,bbdvn7m7,4,presurvey,NeighborhoodInstruction,1779919416,1,0,0
bbxf068v,127,b54sz49b,250,mock_N08_N04_Aonly,Additional,1779919416,20,0,0
bbxf068v,170,17soww49,10,presurvey,ExperimentInstruction,1779919417,1,0,0
bbxf068v,175,p4wlqgur,3,presurvey,Demographics,1779919418,1,0,0
bbxf068v,173,zs0xr3pa,4,presurvey,NeighborhoodInstruction,1779919421,1,0,0
bbxf068v,168,vziwjp5v,6,presurvey,TrainingNeighbor_1,1779919425,1,0,0
bbxf068v,139,9yxlgxjv,250,mock_N08_N04_Aonly,Additional,1779919426,20,0,0
bbxf068v,162,e9uerepj,11,presurvey,Scenario,1779919433,1,0,0
bbxf068v,170,17soww49,11,presurvey,Scenario,1779919433,1,0,0
bbxf068v,150,6rxmy8ro,5,presurvey,Training,1779919434,1,0,0
bbxf068v,168,vziwjp5v,10,presurvey,ExperimentInstruction,1779919435,1,0,0
bbxf068v,178,bbdvn7m7,5,presurvey,Training,1779919437,1,0,0
bbxf068v,172,6hji4btm,11,presurvey,Scenario,1779919437,1,0,0
bbxf068v,146,mbtsgplv,250,mock_N08_N04_Aonly,Additional,1779919444,20,0,0
bbxf068v,176,28kgoot5,12,presurvey,Commitment,1779919444,1,0,0
bbxf068v,171,p6wfohqa,11,presurvey,Scenario,1779919444,1,0,0
bbxf068v,132,mbwxbfeh,251,mock_N08_N04_Aonly,FinalRoundWaitPage,1779919451,20,0,1
bbxf068v,146,mbtsgplv,251,mock_N08_N04_Aonly,FinalRoundWaitPage,1779919451,20,0,1
bbxf068v,127,b54sz49b,251,mock_N08_N04_Aonly,FinalRoundWaitPage,1779919451,20,0,1
bbxf068v,139,9yxlgxjv,251,mock_N08_N04_Aonly,FinalRoundWaitPage,1779919451,20,0,1
bbxf068v,173,zs0xr3pa,5,presurvey,Training,1779919451,1,0,0
bbxf068v,175,p4wlqgur,4,presurvey,NeighborhoodInstruction,1779919452,1,0,0
bbxf068v,132,mbwxbfeh,252,mock_N08_N04_Aonly,FinalRound,1779919458,20,0,0
bbxf068v,146,mbtsgplv,252,mock_N08_N04_Aonly,FinalRound,1779919459,20,0,0
bbxf068v,139,9yxlgxjv,252,mock_N08_N04_Aonly,FinalRound,1779919459,20,0,0
bbxf068v,170,17soww49,12,presurvey,Commitment,1779919460,1,0,0
bbxf068v,167,8mxcauvg,12,presurvey,Commitment,1779919460,1,0,0
bbxf068v,179,wx0ii81k,0,,InitializeParticipant,1779919462,1,0,0
bbxf068v,150,6rxmy8ro,6,presurvey,TrainingNeighbor_1,1779919462,1,0,0
bbxf068v,164,4ildfat4,6,presurvey,TrainingNeighbor_1,1779919464,1,0,0
bbxf068v,150,6rxmy8ro,10,presurvey,ExperimentInstruction,1779919465,1,0,0
bbxf068v,168,vziwjp5v,11,presurvey,Scenario,1779919465,1,0,0
bbxf068v,174,07qfo5tj,2,presurvey,AudioCheck,1779919465,1,0,0
bbxf068v,127,b54sz49b,252,mock_N08_N04_Aonly,FinalRound,1779919465,20,0,0
bbxf068v,179,wx0ii81k,1,presurvey,Introduction,1779919474,1,0,0
bbxf068v,157,lzd3wrws,6,presurvey,TrainingNeighbor_1,1779919475,1,0,0
bbxf068v,180,3i97zjrg,0,,InitializeParticipant,1779919484,1,0,0
bbxf068v,157,lzd3wrws,7,presurvey,TrainingNeighbor_2,1779919485,1,0,0
bbxf068v,164,4ildfat4,10,presurvey,ExperimentInstruction,1779919489,1,0,0
bbxf068v,178,bbdvn7m7,6,presurvey,TrainingNeighbor_1,1779919491,1,0,0
bbxf068v,180,3i97zjrg,1,presurvey,Introduction,1779919493,1,0,0
bbxf068v,175,p4wlqgur,5,presurvey,Training,1779919495,1,0,0
bbxf068v,178,bbdvn7m7,7,presurvey,TrainingNeighbor_2,1779919496,1,0,0
bbxf068v,178,bbdvn7m7,10,presurvey,ExperimentInstruction,1779919500,1,0,0
bbxf068v,150,6rxmy8ro,11,presurvey,Scenario,1779919500,1,0,0
bbxf068v,157,lzd3wrws,8,presurvey,AttentionCheck,1779919508,1,0,0
bbxf068v,179,wx0ii81k,2,presurvey,AudioCheck,1779919509,1,0,0
bbxf068v,178,bbdvn7m7,11,presurvey,Scenario,1779919510,1,0,0
bbxf068v,168,vziwjp5v,12,presurvey,Commitment,1779919510,1,0,0
bbxf068v,162,e9uerepj,12,presurvey,Commitment,1779919514,1,0,0
bbxf068v,177,7uf4ircp,2,presurvey,AudioCheck,1779919519,1,0,0
bbxf068v,173,zs0xr3pa,6,presurvey,TrainingNeighbor_1,1779919522,1,0,0
bbxf068v,179,wx0ii81k,3,presurvey,Demographics,1779919524,1,0,0
bbxf068v,180,3i97zjrg,2,presurvey,AudioCheck,1779919526,1,0,0
bbxf068v,150,6rxmy8ro,12,presurvey,Commitment,1779919527,1,0,0
bbxf068v,178,bbdvn7m7,12,presurvey,Commitment,1779919530,1,0,0
bbxf068v,177,7uf4ircp,3,presurvey,Demographics,1779919532,1,0,0
bbxf068v,164,4ildfat4,11,presurvey,Scenario,1779919532,1,0,0
bbxf068v,166,2oy712h4,4,presurvey,NeighborhoodInstruction,1779919540,1,0,0
bbxf068v,179,wx0ii81k,4,presurvey,NeighborhoodInstruction,1779919540,1,0,0
bbxf068v,157,lzd3wrws,9,presurvey,TrainingNeighbor_3,1779919544,1,0,0
bbxf068v,175,p4wlqgur,6,presurvey,TrainingNeighbor_1,1779919550,1,0,0
bbxf068v,180,3i97zjrg,3,presurvey,Demographics,1779919550,1,0,0
bbxf068v,174,07qfo5tj,3,presurvey,Demographics,1779919552,1,0,0
bbxf068v,173,zs0xr3pa,10,presurvey,ExperimentInstruction,1779919562,1,0,0
bbxf068v,175,p4wlqgur,10,presurvey,ExperimentInstruction,1779919562,1,0,0
bbxf068v,179,wx0ii81k,5,presurvey,Training,1779919564,1,0,0
bbxf068v,148,79on5iih,13,mock_N08_N04_Aonly,GroupingWaitPage,1779919565,1,0,1
bbxf068v,148,79on5iih,14,mock_N08_N04_Aonly,GroupSizeWaitPage,1779919568,1,0,1
bbxf068v,180,3i97zjrg,4,presurvey,NeighborhoodInstruction,1779919568,1,0,0
bbxf068v,169,bbb53bgq,4,presurvey,NeighborhoodInstruction,1779919573,1,0,0
bbxf068v,148,79on5iih,15,mock_N08_N04_Aonly,AttentionCheck,1779919582,1,0,0
bbxf068v,173,zs0xr3pa,11,presurvey,Scenario,1779919592,1,0,0
bbxf068v,142,yt4atmf7,13,mock_N08_N04_Aonly,GroupingWaitPage,1779919599,1,0,1
bbxf068v,166,2oy712h4,5,presurvey,Training,1779919600,1,0,0
bbxf068v,175,p4wlqgur,11,presurvey,Scenario,1779919601,1,0,0
bbxf068v,142,yt4atmf7,14,mock_N08_N04_Aonly,GroupSizeWaitPage,1779919605,1,0,1
bbxf068v,164,4ildfat4,12,presurvey,Commitment,1779919609,1,0,0
bbxf068v,179,wx0ii81k,6,presurvey,TrainingNeighbor_1,1779919610,1,0,0
bbxf068v,181,hueoa93p,0,,InitializeParticipant,1779919614,1,0,0
bbxf068v,174,07qfo5tj,4,presurvey,NeighborhoodInstruction,1779919618,1,0,0
bbxf068v,174,07qfo5tj,5,presurvey,Training,1779919626,1,0,0
bbxf068v,142,yt4atmf7,15,mock_N08_N04_Aonly,AttentionCheck,1779919627,1,0,0
bbxf068v,180,3i97zjrg,5,presurvey,Training,1779919631,1,0,0
bbxf068v,179,wx0ii81k,7,presurvey,TrainingNeighbor_2,1779919632,1,0,0
bbxf068v,175,p4wlqgur,12,presurvey,Commitment,1779919641,1,0,0
bbxf068v,179,wx0ii81k,8,presurvey,AttentionCheck,1779919646,1,0,0
bbxf068v,182,mc6poijf,0,,InitializeParticipant,1779919647,1,0,0
bbxf068v,182,mc6poijf,1,presurvey,Introduction,1779919654,1,0,0
bbxf068v,181,hueoa93p,1,presurvey,Introduction,1779919660,1,0,0
bbxf068v,183,uvbelq1x,0,,InitializeParticipant,1779919666,1,0,0
bbxf068v,174,07qfo5tj,6,presurvey,TrainingNeighbor_1,1779919680,1,0,0
bbxf068v,181,hueoa93p,2,presurvey,AudioCheck,1779919685,1,0,0
bbxf068v,180,3i97zjrg,6,presurvey,TrainingNeighbor_1,1779919687,1,0,0
bbxf068v,174,07qfo5tj,7,presurvey,TrainingNeighbor_2,1779919689,1,0,0
bbxf068v,180,3i97zjrg,7,presurvey,TrainingNeighbor_2,1779919695,1,0,0
bbxf068v,179,wx0ii81k,9,presurvey,TrainingNeighbor_3,1779919696,1,0,0
bbxf068v,183,uvbelq1x,1,presurvey,Introduction,1779919698,1,0,0
bbxf068v,180,3i97zjrg,10,presurvey,ExperimentInstruction,1779919701,1,0,0
bbxf068v,174,07qfo5tj,8,presurvey,AttentionCheck,1779919703,1,0,0
bbxf068v,179,wx0ii81k,10,presurvey,ExperimentInstruction,1779919704,1,0,0
bbxf068v,181,hueoa93p,3,presurvey,Demographics,1779919711,1,0,0
bbxf068v,169,bbb53bgq,5,presurvey,Training,1779919712,1,0,0
bbxf068v,184,veu3enws,0,,InitializeParticipant,1779919716,1,0,0
bbxf068v,182,mc6poijf,2,presurvey,AudioCheck,1779919717,1,0,0
bbxf068v,181,hueoa93p,4,presurvey,NeighborhoodInstruction,1779919723,1,0,0
bbxf068v,183,uvbelq1x,2,presurvey,AudioCheck,1779919728,1,0,0
bbxf068v,166,2oy712h4,6,presurvey,TrainingNeighbor_1,1779919729,1,0,0
bbxf068v,174,07qfo5tj,9,presurvey,TrainingNeighbor_3,1779919730,1,0,0
bbxf068v,179,wx0ii81k,11,presurvey,Scenario,1779919733,1,0,0
bbxf068v,174,07qfo5tj,10,presurvey,ExperimentInstruction,1779919740,1,0,0
bbxf068v,183,uvbelq1x,3,presurvey,Demographics,1779919747,1,0,0
bbxf068v,181,hueoa93p,5,presurvey,Training,1779919767,1,0,0
bbxf068v,180,3i97zjrg,11,presurvey,Scenario,1779919770,1,0,0
bbxf068v,166,2oy712h4,7,presurvey,TrainingNeighbor_2,1779919773,1,0,0
bbxf068v,182,mc6poijf,3,presurvey,Demographics,1779919782,1,0,0
bbxf068v,183,uvbelq1x,4,presurvey,NeighborhoodInstruction,1779919782,1,0,0
bbxf068v,166,2oy712h4,10,presurvey,ExperimentInstruction,1779919783,1,0,0
bbxf068v,149,s080ho05,13,mock_N08_N04_Aonly,GroupingWaitPage,1779919790,1,0,1
bbxf068v,149,s080ho05,14,mock_N08_N04_Aonly,GroupSizeWaitPage,1779919793,1,0,1
bbxf068v,149,s080ho05,15,mock_N08_N04_Aonly,AttentionCheck,1779919805,1,0,0
bbxf068v,182,mc6poijf,4,presurvey,NeighborhoodInstruction,1779919807,1,0,0
bbxf068v,181,hueoa93p,6,presurvey,TrainingNeighbor_1,1779919814,1,0,0
bbxf068v,185,ewvr9xfr,0,,InitializeParticipant,1779919820,1,0,0
bbxf068v,166,2oy712h4,11,presurvey,Scenario,1779919825,1,0,0
bbxf068v,182,mc6poijf,5,presurvey,Training,1779919826,1,0,0
bbxf068v,151,ub1v9r9j,13,mock_N08_N04_Aonly,GroupingWaitPage,1779919828,1,0,1
bbxf068v,151,ub1v9r9j,14,mock_N08_N04_Aonly,GroupSizeWaitPage,1779919831,1,0,1
bbxf068v,185,ewvr9xfr,1,presurvey,Introduction,1779919831,1,0,0
bbxf068v,180,3i97zjrg,12,presurvey,Commitment,1779919837,1,0,0
bbxf068v,183,uvbelq1x,5,presurvey,Training,1779919837,1,0,0
bbxf068v,151,ub1v9r9j,15,mock_N08_N04_Aonly,AttentionCheck,1779919839,1,0,0
bbxf068v,152,xdvtlm68,13,mock_N08_N04_Aonly,GroupingWaitPage,1779919844,1,0,1
bbxf068v,152,xdvtlm68,14,mock_N08_N04_Aonly,GroupSizeWaitPage,1779919848,1,0,1
bbxf068v,186,j62sj1ql,0,,InitializeParticipant,1779919859,1,0,0
bbxf068v,181,hueoa93p,7,presurvey,TrainingNeighbor_2,1779919860,1,0,0
bbxf068v,181,hueoa93p,10,presurvey,ExperimentInstruction,1779919865,1,0,0
bbxf068v,152,xdvtlm68,15,mock_N08_N04_Aonly,AttentionCheck,1779919868,1,0,0
bbxf068v,166,2oy712h4,12,presurvey,Commitment,1779919874,1,0,0
bbxf068v,186,j62sj1ql,1,presurvey,Introduction,1779919882,1,0,0
bbxf068v,183,uvbelq1x,6,presurvey,TrainingNeighbor_1,1779919884,1,0,0
bbxf068v,185,ewvr9xfr,2,presurvey,AudioCheck,1779919887,1,0,0
bbxf068v,181,hueoa93p,11,presurvey,Scenario,1779919888,1,0,0
bbxf068v,174,07qfo5tj,11,presurvey,Scenario,1779919889,1,0,0
bbxf068v,155,obdddrvu,13,mock_N08_N04_Aonly,GroupingWaitPage,1779919896,1,0,1
bbxf068v,155,obdddrvu,14,mock_N08_N04_Aonly,GroupSizeWaitPage,1779919900,1,0,1
bbxf068v,150,6rxmy8ro,13,mock_N08_N04_Aonly,GroupingWaitPage,1779919902,1,0,1
bbxf068v,156,4sfcvxzb,13,mock_N08_N04_Aonly,GroupingWaitPage,1779919902,1,0,1
bbxf068v,178,bbdvn7m7,13,mock_N08_N04_Aonly,GroupingWaitPage,1779919902,1,0,1
bbxf068v,180,3i97zjrg,13,mock_N08_N04_Aonly,GroupingWaitPage,1779919902,1,0,1
bbxf068v,150,6rxmy8ro,14,mock_N08_N04_Aonly,GroupSizeWaitPage,1779919903,1,0,1
bbxf068v,156,4sfcvxzb,14,mock_N08_N04_Aonly,GroupSizeWaitPage,1779919903,1,0,1
bbxf068v,178,bbdvn7m7,14,mock_N08_N04_Aonly,GroupSizeWaitPage,1779919903,1,0,1
bbxf068v,180,3i97zjrg,14,mock_N08_N04_Aonly,GroupSizeWaitPage,1779919903,1,0,1
bbxf068v,153,hvq30m3x,13,mock_N08_N04_Aonly,GroupingWaitPage,1779919904,1,0,1
bbxf068v,162,e9uerepj,13,mock_N08_N04_Aonly,GroupingWaitPage,1779919904,1,0,1
bbxf068v,166,2oy712h4,13,mock_N08_N04_Aonly,GroupingWaitPage,1779919904,1,0,1
bbxf068v,175,p4wlqgur,13,mock_N08_N04_Aonly,GroupingWaitPage,1779919904,1,0,1
bbxf068v,180,3i97zjrg,16,mock_N08_N04_Aonly,DiscussionGRPWaitPage,1779919905,1,0,1
bbxf068v,156,4sfcvxzb,16,mock_N08_N04_Aonly,DiscussionGRPWaitPage,1779919905,1,0,1
bbxf068v,150,6rxmy8ro,16,mock_N08_N04_Aonly,DiscussionGRPWaitPage,1779919905,1,0,1
bbxf068v,178,bbdvn7m7,16,mock_N08_N04_Aonly,DiscussionGRPWaitPage,1779919905,1,0,1
bbxf068v,155,obdddrvu,15,mock_N08_N04_Aonly,AttentionCheck,1779919906,1,0,0
bbxf068v,183,uvbelq1x,10,presurvey,ExperimentInstruction,1779919908,1,0,0
bbxf068v,153,hvq30m3x,14,mock_N08_N04_Aonly,GroupSizeWaitPage,1779919908,1,0,1
bbxf068v,162,e9uerepj,14,mock_N08_N04_Aonly,GroupSizeWaitPage,1779919908,1,0,1
bbxf068v,166,2oy712h4,14,mock_N08_N04_Aonly,GroupSizeWaitPage,1779919908,1,0,1
bbxf068v,175,p4wlqgur,14,mock_N08_N04_Aonly,GroupSizeWaitPage,1779919908,1,0,1
bbxf068v,166,2oy712h4,16,mock_N08_N04_Aonly,DiscussionGRPWaitPage,1779919910,1,0,1
bbxf068v,153,hvq30m3x,16,mock_N08_N04_Aonly,DiscussionGRPWaitPage,1779919910,1,0,1
bbxf068v,162,e9uerepj,16,mock_N08_N04_Aonly,DiscussionGRPWaitPage,1779919910,1,0,1
bbxf068v,175,p4wlqgur,16,mock_N08_N04_Aonly,DiscussionGRPWaitPage,1779919910,1,0,1
bbxf068v,156,4sfcvxzb,17,mock_N08_N04_Aonly,Nudge,1779919921,1,0,0
bbxf068v,186,j62sj1ql,2,presurvey,AudioCheck,1779919923,1,0,0
bbxf068v,153,hvq30m3x,17,mock_N08_N04_Aonly,Nudge,1779919924,1,0,0
bbxf068v,150,6rxmy8ro,17,mock_N08_N04_Aonly,Nudge,1779919927,1,0,0
bbxf068v,175,p4wlqgur,17,mock_N08_N04_Aonly,Nudge,1779919927,1,0,0
bbxf068v,153,hvq30m3x,18,mock_N08_N04_Aonly,NudgeTraining,1779919930,1,0,0
bbxf068v,178,bbdvn7m7,17,mock_N08_N04_Aonly,Nudge,1779919932,1,0,0
bbxf068v,166,2oy712h4,17,mock_N08_N04_Aonly,Nudge,1779919934,1,0,0
bbxf068v,182,mc6poijf,6,presurvey,TrainingNeighbor_1,1779919934,1,0,0
bbxf068v,186,j62sj1ql,3,presurvey,Demographics,1779919934,1,0,0
bbxf068v,156,4sfcvxzb,18,mock_N08_N04_Aonly,NudgeTraining,1779919935,1,0,0
bbxf068v,162,e9uerepj,17,mock_N08_N04_Aonly,Nudge,1779919936,1,0,0
bbxf068v,150,6rxmy8ro,18,mock_N08_N04_Aonly,NudgeTraining,1779919938,1,0,0
bbxf068v,187,bdtkfm17,0,,InitializeParticipant,1779919939,1,0,0
bbxf068v,178,bbdvn7m7,18,mock_N08_N04_Aonly,NudgeTraining,1779919943,1,0,0
bbxf068v,156,4sfcvxzb,19,mock_N08_N04_Aonly,NudgeTrainingLast,1779919943,1,0,0
bbxf068v,180,3i97zjrg,17,mock_N08_N04_Aonly,Nudge,1779919943,1,0,0
bbxf068v,175,p4wlqgur,18,mock_N08_N04_Aonly,NudgeTraining,1779919944,1,0,0
bbxf068v,153,hvq30m3x,19,mock_N08_N04_Aonly,NudgeTrainingLast,1779919945,1,0,0
bbxf068v,188,dk5kmfpk,0,,InitializeParticipant,1779919945,1,0,0
bbxf068v,150,6rxmy8ro,19,mock_N08_N04_Aonly,NudgeTrainingLast,1779919949,1,0,0
bbxf068v,188,dk5kmfpk,1,presurvey,Introduction,1779919949,1,0,0
bbxf068v,178,bbdvn7m7,19,mock_N08_N04_Aonly,NudgeTrainingLast,1779919950,1,0,0
bbxf068v,175,p4wlqgur,19,mock_N08_N04_Aonly,NudgeTrainingLast,1779919951,1,0,0
bbxf068v,156,4sfcvxzb,20,mock_N08_N04_Aonly,Phase3,1779919952,1,0,0
bbxf068v,153,hvq30m3x,20,mock_N08_N04_Aonly,Phase3,1779919955,1,0,0
bbxf068v,162,e9uerepj,18,mock_N08_N04_Aonly,NudgeTraining,1779919957,1,0,0
bbxf068v,186,j62sj1ql,4,presurvey,NeighborhoodInstruction,1779919957,1,0,0
bbxf068v,150,6rxmy8ro,20,mock_N08_N04_Aonly,Phase3,1779919959,1,0,0
bbxf068v,156,4sfcvxzb,21,mock_N08_N04_Aonly,Discussion,1779919960,1,0,0
bbxf068v,153,hvq30m3x,21,mock_N08_N04_Aonly,Discussion,1779919962,1,0,0
bbxf068v,180,3i97zjrg,18,mock_N08_N04_Aonly,NudgeTraining,1779919963,1,0,0
bbxf068v,181,hueoa93p,12,presurvey,Commitment,1779919963,1,0,0
bbxf068v,175,p4wlqgur,20,mock_N08_N04_Aonly,Phase3,1779919964,1,0,0
bbxf068v,150,6rxmy8ro,21,mock_N08_N04_Aonly,Discussion,1779919966,1,0,0
bbxf068v,188,dk5kmfpk,2,presurvey,AudioCheck,1779919967,1,0,0
bbxf068v,162,e9uerepj,19,mock_N08_N04_Aonly,NudgeTrainingLast,1779919968,1,0,0
bbxf068v,166,2oy712h4,18,mock_N08_N04_Aonly,NudgeTraining,1779919973,1,0,0
bbxf068v,180,3i97zjrg,19,mock_N08_N04_Aonly,NudgeTrainingLast,1779919975,1,0,0
bbxf068v,178,bbdvn7m7,20,mock_N08_N04_Aonly,Phase3,1779919975,1,0,0
bbxf068v,189,3qbk9nut,0,,InitializeParticipant,1779919983,1,0,0
bbxf068v,187,bdtkfm17,1,presurvey,Introduction,1779919985,1,0,0
bbxf068v,175,p4wlqgur,21,mock_N08_N04_Aonly,Discussion,1779919985,1,0,0
bbxf068v,178,bbdvn7m7,21,mock_N08_N04_Aonly,Discussion,1779919985,1,0,0
bbxf068v,186,j62sj1ql,5,presurvey,Training,1779919988,1,0,0
bbxf068v,189,3qbk9nut,1,presurvey,Introduction,1779919988,1,0,0
bbxf068v,185,ewvr9xfr,3,presurvey,Demographics,1779919988,1,0,0
bbxf068v,183,uvbelq1x,11,presurvey,Scenario,1779919994,1,0,0
bbxf068v,166,2oy712h4,19,mock_N08_N04_Aonly,NudgeTrainingLast,1779920001,1,0,0
bbxf068v,188,dk5kmfpk,3,presurvey,Demographics,1779920001,1,0,0
bbxf068v,180,3i97zjrg,20,mock_N08_N04_Aonly,Phase3,1779920001,1,0,0
bbxf068v,177,7uf4ircp,4,presurvey,NeighborhoodInstruction,1779920002,1,0,0
bbxf068v,163,kwu4uwik,13,mock_N08_N04_Aonly,GroupingWaitPage,1779920004,1,0,1
bbxf068v,163,kwu4uwik,14,mock_N08_N04_Aonly,GroupSizeWaitPage,1779920005,1,0,1
bbxf068v,162,e9uerepj,20,mock_N08_N04_Aonly,Phase3,1779920010,1,0,0
bbxf068v,163,kwu4uwik,15,mock_N08_N04_Aonly,AttentionCheck,1779920010,1,0,0
bbxf068v,186,j62sj1ql,6,presurvey,TrainingNeighbor_1,1779920012,1,0,0
bbxf068v,180,3i97zjrg,21,mock_N08_N04_Aonly,Discussion,1779920012,1,0,0
bbxf068v,156,4sfcvxzb,28,mock_N08_N04_Aonly,DiscussionGRPWaitPage,1779920013,2,0,1
bbxf068v,178,bbdvn7m7,28,mock_N08_N04_Aonly,DiscussionGRPWaitPage,1779920013,2,0,1
bbxf068v,180,3i97zjrg,28,mock_N08_N04_Aonly,DiscussionGRPWaitPage,1779920013,2,0,1
bbxf068v,150,6rxmy8ro,28,mock_N08_N04_Aonly,DiscussionGRPWaitPage,1779920013,2,0,1
bbxf068v,165,z0z3txhs,13,mock_N08_N04_Aonly,GroupingWaitPage,1779920019,1,0,1
bbxf068v,156,4sfcvxzb,33,mock_N08_N04_Aonly,Discussion,1779920019,2,0,0
bbxf068v,165,z0z3txhs,14,mock_N08_N04_Aonly,GroupSizeWaitPage,1779920020,1,0,1
bbxf068v,187,bdtkfm17,2,presurvey,AudioCheck,1779920020,1,0,0
bbxf068v,186,j62sj1ql,10,presurvey,ExperimentInstruction,1779920021,1,0,0
bbxf068v,178,bbdvn7m7,33,mock_N08_N04_Aonly,Discussion,1779920021,2,0,0
bbxf068v,150,6rxmy8ro,33,mock_N08_N04_Aonly,Discussion,1779920021,2,0,0
bbxf068v,188,dk5kmfpk,4,presurvey,NeighborhoodInstruction,1779920023,1,0,0
bbxf068v,180,3i97zjrg,33,mock_N08_N04_Aonly,Discussion,1779920025,2,0,0
bbxf068v,150,6rxmy8ro,40,mock_N08_N04_Aonly,DiscussionGRPWaitPage,1779920025,3,0,1
bbxf068v,156,4sfcvxzb,40,mock_N08_N04_Aonly,DiscussionGRPWaitPage,1779920025,3,0,1
bbxf068v,178,bbdvn7m7,40,mock_N08_N04_Aonly,DiscussionGRPWaitPage,1779920025,3,0,1
bbxf068v,180,3i97zjrg,40,mock_N08_N04_Aonly,DiscussionGRPWaitPage,1779920025,3,0,1
bbxf068v,162,e9uerepj,21,mock_N08_N04_Aonly,Discussion,1779920028,1,0,0
bbxf068v,165,z0z3txhs,15,mock_N08_N04_Aonly,AttentionCheck,1779920029,1,0,0
bbxf068v,156,4sfcvxzb,45,mock_N08_N04_Aonly,Discussion,1779920031,3,0,0
bbxf068v,178,bbdvn7m7,45,mock_N08_N04_Aonly,Discussion,1779920031,3,0,0
bbxf068v,166,2oy712h4,20,mock_N08_N04_Aonly,Phase3,1779920032,1,0,0
bbxf068v,150,6rxmy8ro,45,mock_N08_N04_Aonly,Discussion,1779920035,3,0,0
bbxf068v,166,2oy712h4,21,mock_N08_N04_Aonly,Discussion,1779920048,1,0,0
bbxf068v,166,2oy712h4,28,mock_N08_N04_Aonly,DiscussionGRPWaitPage,1779920048,2,0,1
bbxf068v,153,hvq30m3x,28,mock_N08_N04_Aonly,DiscussionGRPWaitPage,1779920048,2,0,1
bbxf068v,162,e9uerepj,28,mock_N08_N04_Aonly,DiscussionGRPWaitPage,1779920048,2,0,1
bbxf068v,175,p4wlqgur,28,mock_N08_N04_Aonly,DiscussionGRPWaitPage,1779920048,2,0,1
bbxf068v,186,j62sj1ql,11,presurvey,Scenario,1779920049,1,0,0
bbxf068v,180,3i97zjrg,45,mock_N08_N04_Aonly,Discussion,1779920049,3,0,0
bbxf068v,180,3i97zjrg,52,mock_N08_N04_Aonly,DiscussionGRPWaitPage,1779920050,4,0,1
bbxf068v,156,4sfcvxzb,52,mock_N08_N04_Aonly,DiscussionGRPWaitPage,1779920050,4,0,1
bbxf068v,150,6rxmy8ro,52,mock_N08_N04_Aonly,DiscussionGRPWaitPage,1779920050,4,0,1
bbxf068v,178,bbdvn7m7,52,mock_N08_N04_Aonly,DiscussionGRPWaitPage,1779920050,4,0,1
bbxf068v,177,7uf4ircp,5,presurvey,Training,1779920051,1,0,0
bbxf068v,182,mc6poijf,7,presurvey,TrainingNeighbor_2,1779920052,1,0,0
bbxf068v,158,9ywctzoi,13,mock_N08_N04_Aonly,GroupingWaitPage,1779920053,1,0,1
bbxf068v,156,4sfcvxzb,57,mock_N08_N04_Aonly,Discussion,1779920053,4,0,0
bbxf068v,169,bbb53bgq,6,presurvey,TrainingNeighbor_1,1779920053,1,0,0
bbxf068v,158,9ywctzoi,14,mock_N08_N04_Aonly,GroupSizeWaitPage,1779920054,1,0,1
bbxf068v,153,hvq30m3x,33,mock_N08_N04_Aonly,Discussion,1779920054,2,0,0
bbxf068v,178,bbdvn7m7,57,mock_N08_N04_Aonly,Discussion,1779920055,4,0,0
bbxf068v,189,3qbk9nut,2,presurvey,AudioCheck,1779920057,1,0,0
bbxf068v,166,2oy712h4,33,mock_N08_N04_Aonly,Discussion,1779920059,2,0,0
bbxf068v,175,p4wlqgur,33,mock_N08_N04_Aonly,Discussion,1779920060,2,0,0
bbxf068v,158,9ywctzoi,15,mock_N08_N04_Aonly,AttentionCheck,1779920060,1,0,0
bbxf068v,180,3i97zjrg,57,mock_N08_N04_Aonly,Discussion,1779920064,4,0,0
bbxf068v,150,6rxmy8ro,57,mock_N08_N04_Aonly,Discussion,1779920064,4,0,0
bbxf068v,162,e9uerepj,33,mock_N08_N04_Aonly,Discussion,1779920064,2,0,0
bbxf068v,156,4sfcvxzb,64,mock_N08_N04_Aonly,DiscussionGRPWaitPage,1779920064,5,0,1
bbxf068v,178,bbdvn7m7,64,mock_N08_N04_Aonly,DiscussionGRPWaitPage,1779920064,5,0,1
bbxf068v,180,3i97zjrg,64,mock_N08_N04_Aonly,DiscussionGRPWaitPage,1779920064,5,0,1
bbxf068v,150,6rxmy8ro,64,mock_N08_N04_Aonly,DiscussionGRPWaitPage,1779920064,5,0,1
bbxf068v,166,2oy712h4,40,mock_N08_N04_Aonly,DiscussionGRPWaitPage,1779920064,3,0,1
bbxf068v,175,p4wlqgur,40,mock_N08_N04_Aonly,DiscussionGRPWaitPage,1779920064,3,0,1
bbxf068v,153,hvq30m3x,40,mock_N08_N04_Aonly,DiscussionGRPWaitPage,1779920064,3,0,1
bbxf068v,162,e9uerepj,40,mock_N08_N04_Aonly,DiscussionGRPWaitPage,1779920064,3,0,1
bbxf068v,188,dk5kmfpk,5,presurvey,Training,1779920065,1,0,0
bbxf068v,169,bbb53bgq,7,presurvey,TrainingNeighbor_2,1779920065,1,0,0
bbxf068v,156,4sfcvxzb,69,mock_N08_N04_Aonly,Discussion,1779920067,5,0,0
bbxf068v,189,3qbk9nut,3,presurvey,Demographics,1779920068,1,0,0
bbxf068v,153,hvq30m3x,45,mock_N08_N04_Aonly,Discussion,1779920070,3,0,0
bbxf068v,159,txc8w1d6,13,mock_N08_N04_Aonly,GroupingWaitPage,1779920071,1,0,1
bbxf068v,178,bbdvn7m7,69,mock_N08_N04_Aonly,Discussion,1779920071,5,0,0
bbxf068v,187,bdtkfm17,3,presurvey,Demographics,1779920072,1,0,0
bbxf068v,159,txc8w1d6,14,mock_N08_N04_Aonly,GroupSizeWaitPage,1779920072,1,0,1
bbxf068v,162,e9uerepj,45,mock_N08_N04_Aonly,Discussion,1779920073,3,0,0
bbxf068v,180,3i97zjrg,69,mock_N08_N04_Aonly,Discussion,1779920074,5,0,0
bbxf068v,175,p4wlqgur,45,mock_N08_N04_Aonly,Discussion,1779920074,3,0,0
bbxf068v,166,2oy712h4,45,mock_N08_N04_Aonly,Discussion,1779920074,3,0,0
bbxf068v,166,2oy712h4,52,mock_N08_N04_Aonly,DiscussionGRPWaitPage,1779920075,4,0,1
bbxf068v,153,hvq30m3x,52,mock_N08_N04_Aonly,DiscussionGRPWaitPage,1779920075,4,0,1
bbxf068v,162,e9uerepj,52,mock_N08_N04_Aonly,DiscussionGRPWaitPage,1779920075,4,0,1
bbxf068v,175,p4wlqgur,52,mock_N08_N04_Aonly,DiscussionGRPWaitPage,1779920075,4,0,1
bbxf068v,159,txc8w1d6,15,mock_N08_N04_Aonly,AttentionCheck,1779920077,1,0,0
bbxf068v,186,j62sj1ql,12,presurvey,Commitment,1779920079,1,0,0
bbxf068v,150,6rxmy8ro,69,mock_N08_N04_Aonly,Discussion,1779920079,5,0,0
bbxf068v,156,4sfcvxzb,76,mock_N08_N04_Aonly,DiscussionGRPWaitPage,1779920079,6,0,1
bbxf068v,178,bbdvn7m7,76,mock_N08_N04_Aonly,DiscussionGRPWaitPage,1779920079,6,0,1
bbxf068v,150,6rxmy8ro,76,mock_N08_N04_Aonly,DiscussionGRPWaitPage,1779920079,6,0,1
bbxf068v,180,3i97zjrg,76,mock_N08_N04_Aonly,DiscussionGRPWaitPage,1779920079,6,0,1
bbxf068v,153,hvq30m3x,57,mock_N08_N04_Aonly,Discussion,1779920080,4,0,0
bbxf068v,175,p4wlqgur,57,mock_N08_N04_Aonly,Discussion,1779920080,4,0,0
bbxf068v,162,e9uerepj,57,mock_N08_N04_Aonly,Discussion,1779920081,4,0,0
bbxf068v,178,bbdvn7m7,81,mock_N08_N04_Aonly,Discussion,1779920082,6,0,0
bbxf068v,156,4sfcvxzb,81,mock_N08_N04_Aonly,Discussion,1779920082,6,0,0
bbxf068v,189,3qbk9nut,4,presurvey,NeighborhoodInstruction,1779920082,1,0,0
bbxf068v,177,7uf4ircp,6,presurvey,TrainingNeighbor_1,1779920083,1,0,0
bbxf068v,182,mc6poijf,10,presurvey,ExperimentInstruction,1779920083,1,0,0
bbxf068v,166,2oy712h4,57,mock_N08_N04_Aonly,Discussion,1779920085,4,0,0
bbxf068v,166,2oy712h4,64,mock_N08_N04_Aonly,DiscussionGRPWaitPage,1779920086,5,0,1
bbxf068v,153,hvq30m3x,64,mock_N08_N04_Aonly,DiscussionGRPWaitPage,1779920086,5,0,1
bbxf068v,162,e9uerepj,64,mock_N08_N04_Aonly,DiscussionGRPWaitPage,1779920086,5,0,1
bbxf068v,175,p4wlqgur,64,mock_N08_N04_Aonly,DiscussionGRPWaitPage,1779920086,5,0,1
bbxf068v,150,6rxmy8ro,81,mock_N08_N04_Aonly,Discussion,1779920087,6,0,0
bbxf068v,153,hvq30m3x,69,mock_N08_N04_Aonly,Discussion,1779920090,5,0,0
bbxf068v,177,7uf4ircp,10,presurvey,ExperimentInstruction,1779920092,1,0,0
bbxf068v,166,2oy712h4,69,mock_N08_N04_Aonly,Discussion,1779920092,5,0,0
bbxf068v,175,p4wlqgur,69,mock_N08_N04_Aonly,Discussion,1779920092,5,0,0
bbxf068v,162,e9uerepj,69,mock_N08_N04_Aonly,Discussion,1779920094,5,0,0
bbxf068v,175,p4wlqgur,76,mock_N08_N04_Aonly,DiscussionGRPWaitPage,1779920094,6,0,1
bbxf068v,162,e9uerepj,76,mock_N08_N04_Aonly,DiscussionGRPWaitPage,1779920094,6,0,1
bbxf068v,166,2oy712h4,76,mock_N08_N04_Aonly,DiscussionGRPWaitPage,1779920094,6,0,1
bbxf068v,153,hvq30m3x,76,mock_N08_N04_Aonly,DiscussionGRPWaitPage,1779920094,6,0,1
bbxf068v,180,3i97zjrg,81,mock_N08_N04_Aonly,Discussion,1779920095,6,0,0
bbxf068v,156,4sfcvxzb,88,mock_N08_N04_Aonly,DiscussionGRPWaitPage,1779920096,7,0,1
bbxf068v,150,6rxmy8ro,88,mock_N08_N04_Aonly,DiscussionGRPWaitPage,1779920096,7,0,1
bbxf068v,178,bbdvn7m7,88,mock_N08_N04_Aonly,DiscussionGRPWaitPage,1779920096,7,0,1
bbxf068v,180,3i97zjrg,88,mock_N08_N04_Aonly,DiscussionGRPWaitPage,1779920096,7,0,1
bbxf068v,153,hvq30m3x,81,mock_N08_N04_Aonly,Discussion,1779920098,6,0,0
bbxf068v,178,bbdvn7m7,93,mock_N08_N04_Aonly,Discussion,1779920099,7,0,0
bbxf068v,175,p4wlqgur,81,mock_N08_N04_Aonly,Discussion,1779920099,6,0,0
bbxf068v,166,2oy712h4,81,mock_N08_N04_Aonly,Discussion,1779920100,6,0,0
bbxf068v,185,ewvr9xfr,4,presurvey,NeighborhoodInstruction,1779920100,1,0,0
bbxf068v,156,4sfcvxzb,93,mock_N08_N04_Aonly,Discussion,1779920101,7,0,0
bbxf068v,150,6rxmy8ro,93,mock_N08_N04_Aonly,Discussion,1779920102,7,0,0
bbxf068v,180,3i97zjrg,93,mock_N08_N04_Aonly,Discussion,1779920102,7,0,0
bbxf068v,162,e9uerepj,81,mock_N08_N04_Aonly,Discussion,1779920102,6,0,0
bbxf068v,156,4sfcvxzb,100,mock_N08_N04_Aonly,DiscussionGRPWaitPage,1779920103,8,0,1
bbxf068v,178,bbdvn7m7,100,mock_N08_N04_Aonly,DiscussionGRPWaitPage,1779920103,8,0,1
bbxf068v,180,3i97zjrg,100,mock_N08_N04_Aonly,DiscussionGRPWaitPage,1779920103,8,0,1
bbxf068v,150,6rxmy8ro,100,mock_N08_N04_Aonly,DiscussionGRPWaitPage,1779920103,8,0,1
bbxf068v,166,2oy712h4,88,mock_N08_N04_Aonly,DiscussionGRPWaitPage,1779920103,7,0,1
bbxf068v,153,hvq30m3x,88,mock_N08_N04_Aonly,DiscussionGRPWaitPage,1779920103,7,0,1
bbxf068v,175,p4wlqgur,88,mock_N08_N04_Aonly,DiscussionGRPWaitPage,1779920103,7,0,1
bbxf068v,162,e9uerepj,88,mock_N08_N04_Aonly,DiscussionGRPWaitPage,1779920103,7,0,1
bbxf068v,189,3qbk9nut,5,presurvey,Training,1779920104,1,0,0
bbxf068v,182,mc6poijf,11,presurvey,Scenario,1779920105,1,0,0
bbxf068v,188,dk5kmfpk,6,presurvey,TrainingNeighbor_1,1779920106,1,0,0
bbxf068v,150,6rxmy8ro,105,mock_N08_N04_Aonly,Discussion,1779920107,8,0,0
bbxf068v,169,bbb53bgq,10,presurvey,ExperimentInstruction,1779920107,1,0,0
bbxf068v,178,bbdvn7m7,105,mock_N08_N04_Aonly,Discussion,1779920107,8,0,0
bbxf068v,156,4sfcvxzb,105,mock_N08_N04_Aonly,Discussion,1779920107,8,0,0
bbxf068v,153,hvq30m3x,93,mock_N08_N04_Aonly,Discussion,1779920107,7,0,0
bbxf068v,166,2oy712h4,93,mock_N08_N04_Aonly,Discussion,1779920108,7,0,0
bbxf068v,180,3i97zjrg,105,mock_N08_N04_Aonly,Discussion,1779920108,8,0,0
bbxf068v,156,4sfcvxzb,112,mock_N08_N04_Aonly,DiscussionGRPWaitPage,1779920108,9,0,1
bbxf068v,178,bbdvn7m7,112,mock_N08_N04_Aonly,DiscussionGRPWaitPage,1779920108,9,0,1
bbxf068v,180,3i97zjrg,112,mock_N08_N04_Aonly,DiscussionGRPWaitPage,1779920108,9,0,1
bbxf068v,150,6rxmy8ro,112,mock_N08_N04_Aonly,DiscussionGRPWaitPage,1779920108,9,0,1
bbxf068v,185,ewvr9xfr,5,presurvey,Training,1779920109,1,0,0
bbxf068v,175,p4wlqgur,93,mock_N08_N04_Aonly,Discussion,1779920109,7,0,0
bbxf068v,190,3gykxow8,0,,InitializeParticipant,1779920110,1,0,0
bbxf068v,178,bbdvn7m7,117,mock_N08_N04_Aonly,Discussion,1779920111,9,0,0
bbxf068v,156,4sfcvxzb,117,mock_N08_N04_Aonly,Discussion,1779920111,9,0,0
bbxf068v,180,3i97zjrg,117,mock_N08_N04_Aonly,Discussion,1779920112,9,0,0
bbxf068v,150,6rxmy8ro,117,mock_N08_N04_Aonly,Discussion,1779920112,9,0,0
bbxf068v,156,4sfcvxzb,124,mock_N08_N04_Aonly,DiscussionGRPWaitPage,1779920112,10,0,1
bbxf068v,150,6rxmy8ro,124,mock_N08_N04_Aonly,DiscussionGRPWaitPage,1779920112,10,0,1
bbxf068v,178,bbdvn7m7,124,mock_N08_N04_Aonly,DiscussionGRPWaitPage,1779920112,10,0,1
bbxf068v,180,3i97zjrg,124,mock_N08_N04_Aonly,DiscussionGRPWaitPage,1779920112,10,0,1
bbxf068v,162,e9uerepj,93,mock_N08_N04_Aonly,Discussion,1779920114,7,0,0
bbxf068v,166,2oy712h4,100,mock_N08_N04_Aonly,DiscussionGRPWaitPage,1779920114,8,0,1
bbxf068v,153,hvq30m3x,100,mock_N08_N04_Aonly,DiscussionGRPWaitPage,1779920114,8,0,1
bbxf068v,162,e9uerepj,100,mock_N08_N04_Aonly,DiscussionGRPWaitPage,1779920114,8,0,1
bbxf068v,175,p4wlqgur,100,mock_N08_N04_Aonly,DiscussionGRPWaitPage,1779920114,8,0,1
bbxf068v,178,bbdvn7m7,129,mock_N08_N04_Aonly,Discussion,1779920114,10,0,0
bbxf068v,156,4sfcvxzb,129,mock_N08_N04_Aonly,Discussion,1779920115,10,0,0
bbxf068v,180,3i97zjrg,129,mock_N08_N04_Aonly,Discussion,1779920116,10,0,0
bbxf068v,188,dk5kmfpk,10,presurvey,ExperimentInstruction,1779920117,1,0,0
bbxf068v,150,6rxmy8ro,129,mock_N08_N04_Aonly,Discussion,1779920117,10,0,0
bbxf068v,156,4sfcvxzb,136,mock_N08_N04_Aonly,DiscussionGRPWaitPage,1779920117,11,0,1
bbxf068v,178,bbdvn7m7,136,mock_N08_N04_Aonly,DiscussionGRPWaitPage,1779920117,11,0,1
bbxf068v,180,3i97zjrg,136,mock_N08_N04_Aonly,DiscussionGRPWaitPage,1779920117,11,0,1
bbxf068v,150,6rxmy8ro,136,mock_N08_N04_Aonly,DiscussionGRPWaitPage,1779920117,11,0,1
bbxf068v,153,hvq30m3x,105,mock_N08_N04_Aonly,Discussion,1779920118,8,0,0
bbxf068v,175,p4wlqgur,105,mock_N08_N04_Aonly,Discussion,1779920118,8,0,0
bbxf068v,178,bbdvn7m7,141,mock_N08_N04_Aonly,Discussion,1779920119,11,0,0
bbxf068v,156,4sfcvxzb,141,mock_N08_N04_Aonly,Discussion,1779920119,11,0,0
bbxf068v,166,2oy712h4,105,mock_N08_N04_Aonly,Discussion,1779920120,8,0,0
bbxf068v,162,e9uerepj,105,mock_N08_N04_Aonly,Discussion,1779920121,8,0,0
bbxf068v,150,6rxmy8ro,141,mock_N08_N04_Aonly,Discussion,1779920121,11,0,0
bbxf068v,166,2oy712h4,112,mock_N08_N04_Aonly,DiscussionGRPWaitPage,1779920121,9,0,1
bbxf068v,153,hvq30m3x,112,mock_N08_N04_Aonly,DiscussionGRPWaitPage,1779920121,9,0,1
bbxf068v,162,e9uerepj,112,mock_N08_N04_Aonly,DiscussionGRPWaitPage,1779920121,9,0,1
bbxf068v,175,p4wlqgur,112,mock_N08_N04_Aonly,DiscussionGRPWaitPage,1779920121,9,0,1
bbxf068v,180,3i97zjrg,141,mock_N08_N04_Aonly,Discussion,1779920122,11,0,0
bbxf068v,180,3i97zjrg,148,mock_N08_N04_Aonly,DiscussionGRPWaitPage,1779920122,12,0,1
bbxf068v,156,4sfcvxzb,148,mock_N08_N04_Aonly,DiscussionGRPWaitPage,1779920122,12,0,1
bbxf068v,150,6rxmy8ro,148,mock_N08_N04_Aonly,DiscussionGRPWaitPage,1779920122,12,0,1
bbxf068v,178,bbdvn7m7,148,mock_N08_N04_Aonly,DiscussionGRPWaitPage,1779920122,12,0,1
bbxf068v,156,4sfcvxzb,153,mock_N08_N04_Aonly,Discussion,1779920124,12,0,0
bbxf068v,150,6rxmy8ro,153,mock_N08_N04_Aonly,Discussion,1779920125,12,0,0
bbxf068v,178,bbdvn7m7,153,mock_N08_N04_Aonly,Discussion,1779920126,12,0,0
bbxf068v,180,3i97zjrg,153,mock_N08_N04_Aonly,Discussion,1779920126,12,0,0
bbxf068v,156,4sfcvxzb,160,mock_N08_N04_Aonly,DiscussionGRPWaitPage,1779920126,13,0,1
bbxf068v,150,6rxmy8ro,160,mock_N08_N04_Aonly,DiscussionGRPWaitPage,1779920126,13,0,1
bbxf068v,178,bbdvn7m7,160,mock_N08_N04_Aonly,DiscussionGRPWaitPage,1779920126,13,0,1
bbxf068v,180,3i97zjrg,160,mock_N08_N04_Aonly,DiscussionGRPWaitPage,1779920126,13,0,1
bbxf068v,175,p4wlqgur,117,mock_N08_N04_Aonly,Discussion,1779920126,9,0,0
bbxf068v,153,hvq30m3x,117,mock_N08_N04_Aonly,Discussion,1779920127,9,0,0
bbxf068v,189,3qbk9nut,6,presurvey,TrainingNeighbor_1,1779920127,1,0,0
bbxf068v,166,2oy712h4,117,mock_N08_N04_Aonly,Discussion,1779920128,9,0,0
bbxf068v,156,4sfcvxzb,165,mock_N08_N04_Aonly,Discussion,1779920129,13,0,0
bbxf068v,180,3i97zjrg,165,mock_N08_N04_Aonly,Discussion,1779920129,13,0,0
bbxf068v,150,6rxmy8ro,165,mock_N08_N04_Aonly,Discussion,1779920130,13,0,0
bbxf068v,178,bbdvn7m7,165,mock_N08_N04_Aonly,Discussion,1779920130,13,0,0
bbxf068v,156,4sfcvxzb,172,mock_N08_N04_Aonly,DiscussionGRPWaitPage,1779920131,14,0,1
bbxf068v,178,bbdvn7m7,172,mock_N08_N04_Aonly,DiscussionGRPWaitPage,1779920131,14,0,1
bbxf068v,180,3i97zjrg,172,mock_N08_N04_Aonly,DiscussionGRPWaitPage,1779920131,14,0,1
bbxf068v,150,6rxmy8ro,172,mock_N08_N04_Aonly,DiscussionGRPWaitPage,1779920131,14,0,1
bbxf068v,162,e9uerepj,117,mock_N08_N04_Aonly,Discussion,1779920131,9,0,0
bbxf068v,166,2oy712h4,124,mock_N08_N04_Aonly,DiscussionGRPWaitPage,1779920131,10,0,1
bbxf068v,153,hvq30m3x,124,mock_N08_N04_Aonly,DiscussionGRPWaitPage,1779920131,10,0,1
bbxf068v,162,e9uerepj,124,mock_N08_N04_Aonly,DiscussionGRPWaitPage,1779920131,10,0,1
bbxf068v,175,p4wlqgur,124,mock_N08_N04_Aonly,DiscussionGRPWaitPage,1779920131,10,0,1
bbxf068v,189,3qbk9nut,10,presurvey,ExperimentInstruction,1779920133,1,0,0
bbxf068v,156,4sfcvxzb,177,mock_N08_N04_Aonly,Discussion,1779920133,14,0,0
bbxf068v,190,3gykxow8,1,presurvey,Introduction,1779920133,1,0,0
bbxf068v,150,6rxmy8ro,177,mock_N08_N04_Aonly,Discussion,1779920134,14,0,0
bbxf068v,180,3i97zjrg,177,mock_N08_N04_Aonly,Discussion,1779920134,14,0,0
bbxf068v,153,hvq30m3x,129,mock_N08_N04_Aonly,Discussion,1779920135,10,0,0
bbxf068v,166,2oy712h4,129,mock_N08_N04_Aonly,Discussion,1779920135,10,0,0
bbxf068v,178,bbdvn7m7,177,mock_N08_N04_Aonly,Discussion,1779920135,14,0,0
bbxf068v,156,4sfcvxzb,184,mock_N08_N04_Aonly,DiscussionGRPWaitPage,1779920136,15,0,1
bbxf068v,150,6rxmy8ro,184,mock_N08_N04_Aonly,DiscussionGRPWaitPage,1779920136,15,0,1
bbxf068v,178,bbdvn7m7,184,mock_N08_N04_Aonly,DiscussionGRPWaitPage,1779920136,15,0,1
bbxf068v,180,3i97zjrg,184,mock_N08_N04_Aonly,DiscussionGRPWaitPage,1779920136,15,0,1
bbxf068v,177,7uf4ircp,11,presurvey,Scenario,1779920137,1,0,0
bbxf068v,175,p4wlqgur,129,mock_N08_N04_Aonly,Discussion,1779920137,10,0,0
bbxf068v,162,e9uerepj,129,mock_N08_N04_Aonly,Discussion,1779920137,10,0,0
bbxf068v,153,hvq30m3x,136,mock_N08_N04_Aonly,DiscussionGRPWaitPage,1779920137,11,0,1
bbxf068v,166,2oy712h4,136,mock_N08_N04_Aonly,DiscussionGRPWaitPage,1779920137,11,0,1
bbxf068v,162,e9uerepj,136,mock_N08_N04_Aonly,DiscussionGRPWaitPage,1779920137,11,0,1
bbxf068v,175,p4wlqgur,136,mock_N08_N04_Aonly,DiscussionGRPWaitPage,1779920137,11,0,1
bbxf068v,156,4sfcvxzb,189,mock_N08_N04_Aonly,Discussion,1779920138,15,0,0
bbxf068v,178,bbdvn7m7,189,mock_N08_N04_Aonly,Discussion,1779920139,15,0,0
bbxf068v,180,3i97zjrg,189,mock_N08_N04_Aonly,Discussion,1779920139,15,0,0
bbxf068v,150,6rxmy8ro,189,mock_N08_N04_Aonly,Discussion,1779920140,15,0,0
bbxf068v,156,4sfcvxzb,196,mock_N08_N04_Aonly,DiscussionGRPWaitPage,1779920140,16,0,1
bbxf068v,150,6rxmy8ro,196,mock_N08_N04_Aonly,DiscussionGRPWaitPage,1779920140,16,0,1
bbxf068v,178,bbdvn7m7,196,mock_N08_N04_Aonly,DiscussionGRPWaitPage,1779920140,16,0,1
bbxf068v,180,3i97zjrg,196,mock_N08_N04_Aonly,DiscussionGRPWaitPage,1779920140,16,0,1
bbxf068v,191,b46cj355,0,,InitializeParticipant,1779920141,1,0,0
bbxf068v,166,2oy712h4,141,mock_N08_N04_Aonly,Discussion,1779920141,11,0,0
bbxf068v,153,hvq30m3x,141,mock_N08_N04_Aonly,Discussion,1779920141,11,0,0
bbxf068v,175,p4wlqgur,141,mock_N08_N04_Aonly,Discussion,1779920142,11,0,0
bbxf068v,156,4sfcvxzb,201,mock_N08_N04_Aonly,Discussion,1779920142,16,0,0
bbxf068v,178,bbdvn7m7,201,mock_N08_N04_Aonly,Discussion,1779920142,16,0,0
bbxf068v,162,e9uerepj,141,mock_N08_N04_Aonly,Discussion,1779920143,11,0,0
bbxf068v,192,dlvd1olh,0,,InitializeParticipant,1779920143,1,0,0
bbxf068v,166,2oy712h4,148,mock_N08_N04_Aonly,DiscussionGRPWaitPage,1779920143,12,0,1
bbxf068v,153,hvq30m3x,148,mock_N08_N04_Aonly,DiscussionGRPWaitPage,1779920143,12,0,1
bbxf068v,162,e9uerepj,148,mock_N08_N04_Aonly,DiscussionGRPWaitPage,1779920143,12,0,1
bbxf068v,175,p4wlqgur,148,mock_N08_N04_Aonly,DiscussionGRPWaitPage,1779920143,12,0,1
bbxf068v,150,6rxmy8ro,201,mock_N08_N04_Aonly,Discussion,1779920143,16,0,0
bbxf068v,180,3i97zjrg,201,mock_N08_N04_Aonly,Discussion,1779920144,16,0,0
bbxf068v,156,4sfcvxzb,208,mock_N08_N04_Aonly,DiscussionGRPWaitPage,1779920144,17,0,1
bbxf068v,178,bbdvn7m7,208,mock_N08_N04_Aonly,DiscussionGRPWaitPage,1779920144,17,0,1
bbxf068v,180,3i97zjrg,208,mock_N08_N04_Aonly,DiscussionGRPWaitPage,1779920144,17,0,1
bbxf068v,150,6rxmy8ro,208,mock_N08_N04_Aonly,DiscussionGRPWaitPage,1779920144,17,0,1
bbxf068v,178,bbdvn7m7,213,mock_N08_N04_Aonly,Discussion,1779920146,17,0,0
bbxf068v,153,hvq30m3x,153,mock_N08_N04_Aonly,Discussion,1779920146,12,0,0
bbxf068v,156,4sfcvxzb,213,mock_N08_N04_Aonly,Discussion,1779920146,17,0,0
bbxf068v,150,6rxmy8ro,213,mock_N08_N04_Aonly,Discussion,1779920147,17,0,0
bbxf068v,162,e9uerepj,153,mock_N08_N04_Aonly,Discussion,1779920148,12,0,0
bbxf068v,166,2oy712h4,153,mock_N08_N04_Aonly,Discussion,1779920149,12,0,0
bbxf068v,180,3i97zjrg,213,mock_N08_N04_Aonly,Discussion,1779920150,17,0,0
bbxf068v,156,4sfcvxzb,220,mock_N08_N04_Aonly,DiscussionGRPWaitPage,1779920150,18,0,1
bbxf068v,150,6rxmy8ro,220,mock_N08_N04_Aonly,DiscussionGRPWaitPage,1779920150,18,0,1
bbxf068v,178,bbdvn7m7,220,mock_N08_N04_Aonly,DiscussionGRPWaitPage,1779920150,18,0,1
bbxf068v,180,3i97zjrg,220,mock_N08_N04_Aonly,DiscussionGRPWaitPage,1779920150,18,0,1
bbxf068v,175,p4wlqgur,153,mock_N08_N04_Aonly,Discussion,1779920151,12,0,0
bbxf068v,166,2oy712h4,160,mock_N08_N04_Aonly,DiscussionGRPWaitPage,1779920151,13,0,1
bbxf068v,153,hvq30m3x,160,mock_N08_N04_Aonly,DiscussionGRPWaitPage,1779920151,13,0,1
bbxf068v,162,e9uerepj,160,mock_N08_N04_Aonly,DiscussionGRPWaitPage,1779920151,13,0,1
bbxf068v,175,p4wlqgur,160,mock_N08_N04_Aonly,DiscussionGRPWaitPage,1779920151,13,0,1
bbxf068v,178,bbdvn7m7,225,mock_N08_N04_Aonly,Discussion,1779920151,18,0,0
bbxf068v,156,4sfcvxzb,225,mock_N08_N04_Aonly,Discussion,1779920152,18,0,0
bbxf068v,150,6rxmy8ro,225,mock_N08_N04_Aonly,Discussion,1779920152,18,0,0
bbxf068v,180,3i97zjrg,225,mock_N08_N04_Aonly,Discussion,1779920153,18,0,0
bbxf068v,156,4sfcvxzb,232,mock_N08_N04_Aonly,DiscussionGRPWaitPage,1779920153,19,0,1
bbxf068v,150,6rxmy8ro,232,mock_N08_N04_Aonly,DiscussionGRPWaitPage,1779920153,19,0,1
bbxf068v,178,bbdvn7m7,232,mock_N08_N04_Aonly,DiscussionGRPWaitPage,1779920153,19,0,1
bbxf068v,180,3i97zjrg,232,mock_N08_N04_Aonly,DiscussionGRPWaitPage,1779920153,19,0,1
bbxf068v,153,hvq30m3x,165,mock_N08_N04_Aonly,Discussion,1779920154,13,0,0
bbxf068v,175,p4wlqgur,165,mock_N08_N04_Aonly,Discussion,1779920155,13,0,0
bbxf068v,178,bbdvn7m7,237,mock_N08_N04_Aonly,Discussion,1779920155,19,0,0
bbxf068v,156,4sfcvxzb,237,mock_N08_N04_Aonly,Discussion,1779920155,19,0,0
bbxf068v,166,2oy712h4,165,mock_N08_N04_Aonly,Discussion,1779920155,13,0,0
bbxf068v,150,6rxmy8ro,237,mock_N08_N04_Aonly,Discussion,1779920156,19,0,0
bbxf068v,180,3i97zjrg,237,mock_N08_N04_Aonly,Discussion,1779920157,19,0,0
bbxf068v,150,6rxmy8ro,244,mock_N08_N04_Aonly,DiscussionGRPWaitPage,1779920157,20,0,1
bbxf068v,156,4sfcvxzb,244,mock_N08_N04_Aonly,DiscussionGRPWaitPage,1779920157,20,0,1
bbxf068v,178,bbdvn7m7,244,mock_N08_N04_Aonly,DiscussionGRPWaitPage,1779920157,20,0,1
bbxf068v,180,3i97zjrg,244,mock_N08_N04_Aonly,DiscussionGRPWaitPage,1779920157,20,0,1
bbxf068v,182,mc6poijf,12,presurvey,Commitment,1779920158,1,0,0
bbxf068v,162,e9uerepj,165,mock_N08_N04_Aonly,Discussion,1779920158,13,0,0
bbxf068v,178,bbdvn7m7,249,mock_N08_N04_Aonly,Discussion,1779920158,20,0,0
bbxf068v,153,hvq30m3x,172,mock_N08_N04_Aonly,DiscussionGRPWaitPage,1779920159,14,0,1
bbxf068v,175,p4wlqgur,172,mock_N08_N04_Aonly,DiscussionGRPWaitPage,1779920159,14,0,1
bbxf068v,166,2oy712h4,172,mock_N08_N04_Aonly,DiscussionGRPWaitPage,1779920159,14,0,1
bbxf068v,162,e9uerepj,172,mock_N08_N04_Aonly,DiscussionGRPWaitPage,1779920159,14,0,1
bbxf068v,156,4sfcvxzb,249,mock_N08_N04_Aonly,Discussion,1779920159,20,0,0
bbxf068v,150,6rxmy8ro,249,mock_N08_N04_Aonly,Discussion,1779920160,20,0,0
bbxf068v,180,3i97zjrg,249,mock_N08_N04_Aonly,Discussion,1779920160,20,0,0
bbxf068v,187,bdtkfm17,4,presurvey,NeighborhoodInstruction,1779920161,1,0,0
bbxf068v,153,hvq30m3x,177,mock_N08_N04_Aonly,Discussion,1779920161,14,0,0
bbxf068v,166,2oy712h4,177,mock_N08_N04_Aonly,Discussion,1779920162,14,0,0
bbxf068v,162,e9uerepj,177,mock_N08_N04_Aonly,Discussion,1779920163,14,0,0
bbxf068v,175,p4wlqgur,177,mock_N08_N04_Aonly,Discussion,1779920163,14,0,0
bbxf068v,166,2oy712h4,184,mock_N08_N04_Aonly,DiscussionGRPWaitPage,1779920163,15,0,1
bbxf068v,153,hvq30m3x,184,mock_N08_N04_Aonly,DiscussionGRPWaitPage,1779920163,15,0,1
bbxf068v,162,e9uerepj,184,mock_N08_N04_Aonly,DiscussionGRPWaitPage,1779920163,15,0,1
bbxf068v,175,p4wlqgur,184,mock_N08_N04_Aonly,DiscussionGRPWaitPage,1779920163,15,0,1
bbxf068v,177,7uf4ircp,12,presurvey,Commitment,1779920164,1,0,0
bbxf068v,176,28kgoot5,13,mock_N08_N04_Aonly,GroupingWaitPage,1779920166,1,0,1
bbxf068v,176,28kgoot5,14,mock_N08_N04_Aonly,GroupSizeWaitPage,1779920166,1,0,1
bbxf068v,153,hvq30m3x,189,mock_N08_N04_Aonly,Discussion,1779920167,15,0,0
bbxf068v,175,p4wlqgur,189,mock_N08_N04_Aonly,Discussion,1779920167,15,0,0
bbxf068v,166,2oy712h4,189,mock_N08_N04_Aonly,Discussion,1779920168,15,0,0
bbxf068v,162,e9uerepj,189,mock_N08_N04_Aonly,Discussion,1779920168,15,0,0
bbxf068v,166,2oy712h4,196,mock_N08_N04_Aonly,DiscussionGRPWaitPage,1779920169,16,0,1
bbxf068v,153,hvq30m3x,196,mock_N08_N04_Aonly,DiscussionGRPWaitPage,1779920169,16,0,1
bbxf068v,162,e9uerepj,196,mock_N08_N04_Aonly,DiscussionGRPWaitPage,1779920169,16,0,1
bbxf068v,175,p4wlqgur,196,mock_N08_N04_Aonly,DiscussionGRPWaitPage,1779920169,16,0,1
bbxf068v,192,dlvd1olh,1,presurvey,Introduction,1779920169,1,0,0
bbxf068v,189,3qbk9nut,11,presurvey,Scenario,1779920170,1,0,0
bbxf068v,156,4sfcvxzb,250,mock_N08_N04_Aonly,Additional,1779920170,20,0,0
bbxf068v,178,bbdvn7m7,250,mock_N08_N04_Aonly,Additional,1779920171,20,0,0
bbxf068v,162,e9uerepj,201,mock_N08_N04_Aonly,Discussion,1779920173,16,0,0
bbxf068v,176,28kgoot5,15,mock_N08_N04_Aonly,AttentionCheck,1779920173,1,0,0
bbxf068v,175,p4wlqgur,201,mock_N08_N04_Aonly,Discussion,1779920175,16,0,0
bbxf068v,153,hvq30m3x,201,mock_N08_N04_Aonly,Discussion,1779920175,16,0,0
bbxf068v,191,b46cj355,1,presurvey,Introduction,1779920175,1,0,0
bbxf068v,166,2oy712h4,201,mock_N08_N04_Aonly,Discussion,1779920175,16,0,0
bbxf068v,153,hvq30m3x,208,mock_N08_N04_Aonly,DiscussionGRPWaitPage,1779920176,17,0,1
bbxf068v,175,p4wlqgur,208,mock_N08_N04_Aonly,DiscussionGRPWaitPage,1779920176,17,0,1
bbxf068v,166,2oy712h4,208,mock_N08_N04_Aonly,DiscussionGRPWaitPage,1779920176,17,0,1
bbxf068v,162,e9uerepj,208,mock_N08_N04_Aonly,DiscussionGRPWaitPage,1779920176,17,0,1
bbxf068v,188,dk5kmfpk,11,presurvey,Scenario,1779920176,1,0,0
bbxf068v,150,6rxmy8ro,250,mock_N08_N04_Aonly,Additional,1779920176,20,0,0
bbxf068v,166,2oy712h4,213,mock_N08_N04_Aonly,Discussion,1779920179,17,0,0
bbxf068v,153,hvq30m3x,213,mock_N08_N04_Aonly,Discussion,1779920179,17,0,0
bbxf068v,162,e9uerepj,213,mock_N08_N04_Aonly,Discussion,1779920180,17,0,0
bbxf068v,175,p4wlqgur,213,mock_N08_N04_Aonly,Discussion,1779920182,17,0,0
bbxf068v,166,2oy712h4,220,mock_N08_N04_Aonly,DiscussionGRPWaitPage,1779920182,18,0,1
bbxf068v,153,hvq30m3x,220,mock_N08_N04_Aonly,DiscussionGRPWaitPage,1779920182,18,0,1
bbxf068v,162,e9uerepj,220,mock_N08_N04_Aonly,DiscussionGRPWaitPage,1779920182,18,0,1
bbxf068v,175,p4wlqgur,220,mock_N08_N04_Aonly,DiscussionGRPWaitPage,1779920182,18,0,1
bbxf068v,192,dlvd1olh,2,presurvey,AudioCheck,1779920183,1,0,0
bbxf068v,180,3i97zjrg,250,mock_N08_N04_Aonly,Additional,1779920183,20,0,0
bbxf068v,180,3i97zjrg,251,mock_N08_N04_Aonly,FinalRoundWaitPage,1779920184,20,0,1
bbxf068v,156,4sfcvxzb,251,mock_N08_N04_Aonly,FinalRoundWaitPage,1779920184,20,0,1
bbxf068v,178,bbdvn7m7,251,mock_N08_N04_Aonly,FinalRoundWaitPage,1779920184,20,0,1
bbxf068v,150,6rxmy8ro,251,mock_N08_N04_Aonly,FinalRoundWaitPage,1779920184,20,0,1
bbxf068v,167,8mxcauvg,13,mock_N08_N04_Aonly,GroupingWaitPage,1779920185,1,0,1
bbxf068v,166,2oy712h4,225,mock_N08_N04_Aonly,Discussion,1779920185,18,0,0
bbxf068v,153,hvq30m3x,225,mock_N08_N04_Aonly,Discussion,1779920185,18,0,0
bbxf068v,175,p4wlqgur,225,mock_N08_N04_Aonly,Discussion,1779920186,18,0,0
bbxf068v,167,8mxcauvg,14,mock_N08_N04_Aonly,GroupSizeWaitPage,1779920186,1,0,1
bbxf068v,162,e9uerepj,225,mock_N08_N04_Aonly,Discussion,1779920186,18,0,0
bbxf068v,166,2oy712h4,232,mock_N08_N04_Aonly,DiscussionGRPWaitPage,1779920186,19,0,1
bbxf068v,153,hvq30m3x,232,mock_N08_N04_Aonly,DiscussionGRPWaitPage,1779920186,19,0,1
bbxf068v,162,e9uerepj,232,mock_N08_N04_Aonly,DiscussionGRPWaitPage,1779920186,19,0,1
bbxf068v,175,p4wlqgur,232,mock_N08_N04_Aonly,DiscussionGRPWaitPage,1779920186,19,0,1
bbxf068v,156,4sfcvxzb,252,mock_N08_N04_Aonly,FinalRound,1779920189,20,0,0
bbxf068v,175,p4wlqgur,237,mock_N08_N04_Aonly,Discussion,1779920189,19,0,0
bbxf068v,189,3qbk9nut,12,presurvey,Commitment,1779920189,1,0,0
bbxf068v,153,hvq30m3x,237,mock_N08_N04_Aonly,Discussion,1779920189,19,0,0
bbxf068v,166,2oy712h4,237,mock_N08_N04_Aonly,Discussion,1779920189,19,0,0
bbxf068v,191,b46cj355,2,presurvey,AudioCheck,1779920190,1,0,0
bbxf068v,178,bbdvn7m7,252,mock_N08_N04_Aonly,FinalRound,1779920190,20,0,0
bbxf068v,162,e9uerepj,237,mock_N08_N04_Aonly,Discussion,1779920191,19,0,0
bbxf068v,153,hvq30m3x,244,mock_N08_N04_Aonly,DiscussionGRPWaitPage,1779920191,20,0,1
bbxf068v,166,2oy712h4,244,mock_N08_N04_Aonly,DiscussionGRPWaitPage,1779920191,20,0,1
bbxf068v,162,e9uerepj,244,mock_N08_N04_Aonly,DiscussionGRPWaitPage,1779920191,20,0,1
bbxf068v,175,p4wlqgur,244,mock_N08_N04_Aonly,DiscussionGRPWaitPage,1779920191,20,0,1
bbxf068v,180,3i97zjrg,252,mock_N08_N04_Aonly,FinalRound,1779920192,20,0,0
bbxf068v,167,8mxcauvg,15,mock_N08_N04_Aonly,AttentionCheck,1779920194,1,0,0
bbxf068v,166,2oy712h4,249,mock_N08_N04_Aonly,Discussion,1779920196,20,0,0
bbxf068v,175,p4wlqgur,249,mock_N08_N04_Aonly,Discussion,1779920196,20,0,0
bbxf068v,153,hvq30m3x,249,mock_N08_N04_Aonly,Discussion,1779920196,20,0,0
bbxf068v,150,6rxmy8ro,252,mock_N08_N04_Aonly,FinalRound,1779920196,20,0,0
bbxf068v,162,e9uerepj,249,mock_N08_N04_Aonly,Discussion,1779920196,20,0,0
bbxf068v,190,3gykxow8,2,presurvey,AudioCheck,1779920202,1,0,0
bbxf068v,192,dlvd1olh,3,presurvey,Demographics,1779920208,1,0,0
bbxf068v,191,b46cj355,3,presurvey,Demographics,1779920213,1,0,0
bbxf068v,166,2oy712h4,250,mock_N08_N04_Aonly,Additional,1779920215,20,0,0
bbxf068v,175,p4wlqgur,250,mock_N08_N04_Aonly,Additional,1779920216,20,0,0
bbxf068v,193,ajajs32u,0,,InitializeParticipant,1779920216,1,0,0
bbxf068v,169,bbb53bgq,11,presurvey,Scenario,1779920224,1,0,0
bbxf068v,153,hvq30m3x,250,mock_N08_N04_Aonly,Additional,1779920230,20,0,0
bbxf068v,168,vziwjp5v,13,mock_N08_N04_Aonly,GroupingWaitPage,1779920231,1,0,1
bbxf068v,191,b46cj355,4,presurvey,NeighborhoodInstruction,1779920231,1,0,0
bbxf068v,193,ajajs32u,1,presurvey,Introduction,1779920231,1,0,0
bbxf068v,192,dlvd1olh,4,presurvey,NeighborhoodInstruction,1779920238,1,0,0
bbxf068v,168,vziwjp5v,14,mock_N08_N04_Aonly,GroupSizeWaitPage,1779920238,1,0,1
bbxf068v,162,e9uerepj,250,mock_N08_N04_Aonly,Additional,1779920245,20,0,0
bbxf068v,153,hvq30m3x,251,mock_N08_N04_Aonly,FinalRoundWaitPage,1779920245,20,0,1
bbxf068v,166,2oy712h4,251,mock_N08_N04_Aonly,FinalRoundWaitPage,1779920245,20,0,1
bbxf068v,175,p4wlqgur,251,mock_N08_N04_Aonly,FinalRoundWaitPage,1779920245,20,0,1
bbxf068v,162,e9uerepj,251,mock_N08_N04_Aonly,FinalRoundWaitPage,1779920245,20,0,1
bbxf068v,168,vziwjp5v,15,mock_N08_N04_Aonly,AttentionCheck,1779920249,1,0,0
bbxf068v,188,dk5kmfpk,12,presurvey,Commitment,1779920251,1,0,0
bbxf068v,185,ewvr9xfr,6,presurvey,TrainingNeighbor_1,1779920251,1,0,0
bbxf068v,187,bdtkfm17,5,presurvey,Training,1779920251,1,0,0
bbxf068v,162,e9uerepj,252,mock_N08_N04_Aonly,FinalRound,1779920253,20,0,0
bbxf068v,153,hvq30m3x,252,mock_N08_N04_Aonly,FinalRound,1779920253,20,0,0
bbxf068v,191,b46cj355,5,presurvey,Training,1779920254,1,0,0
bbxf068v,175,p4wlqgur,252,mock_N08_N04_Aonly,FinalRound,1779920255,20,0,0
bbxf068v,166,2oy712h4,252,mock_N08_N04_Aonly,FinalRound,1779920262,20,0,0
bbxf068v,194,ibsxyqhb,0,,InitializeParticipant,1779920272,1,0,0
bbxf068v,185,ewvr9xfr,10,presurvey,ExperimentInstruction,1779920273,1,0,0
bbxf068v,192,dlvd1olh,5,presurvey,Training,1779920274,1,0,0
bbxf068v,191,b46cj355,6,presurvey,TrainingNeighbor_1,1779920275,1,0,0
bbxf068v,194,ibsxyqhb,1,presurvey,Introduction,1779920279,1,0,0
bbxf068v,191,b46cj355,10,presurvey,ExperimentInstruction,1779920281,1,0,0
bbxf068v,191,b46cj355,11,presurvey,Scenario,1779920295,1,0,0
bbxf068v,194,ibsxyqhb,2,presurvey,AudioCheck,1779920304,1,0,0
bbxf068v,185,ewvr9xfr,11,presurvey,Scenario,1779920305,1,0,0
bbxf068v,191,b46cj355,12,presurvey,Commitment,1779920323,1,0,0
bbxf068v,194,ibsxyqhb,3,presurvey,Demographics,1779920326,1,0,0
bbxf068v,192,dlvd1olh,6,presurvey,TrainingNeighbor_1,1779920327,1,0,0
bbxf068v,164,4ildfat4,13,mock_N08_N04_Aonly,GroupingWaitPage,1779920330,1,0,1
bbxf068v,164,4ildfat4,14,mock_N08_N04_Aonly,GroupSizeWaitPage,1779920330,1,0,1
bbxf068v,192,dlvd1olh,10,presurvey,ExperimentInstruction,1779920333,1,0,0
bbxf068v,187,bdtkfm17,6,presurvey,TrainingNeighbor_1,1779920333,1,0,0
bbxf068v,195,ithpqlb8,0,,InitializeParticipant,1779920339,1,0,0
bbxf068v,164,4ildfat4,15,mock_N08_N04_Aonly,AttentionCheck,1779920343,1,0,0
bbxf068v,195,ithpqlb8,1,presurvey,Introduction,1779920346,1,0,0
bbxf068v,196,79sekfej,0,,InitializeParticipant,1779920351,1,0,0
bbxf068v,195,ithpqlb8,2,presurvey,AudioCheck,1779920353,1,0,0
bbxf068v,187,bdtkfm17,10,presurvey,ExperimentInstruction,1779920358,1,0,0
bbxf068v,195,ithpqlb8,3,presurvey,Demographics,1779920361,1,0,0
bbxf068v,185,ewvr9xfr,12,presurvey,Commitment,1779920370,1,0,0
bbxf068v,195,ithpqlb8,4,presurvey,NeighborhoodInstruction,1779920370,1,0,0
bbxf068v,192,dlvd1olh,11,presurvey,Scenario,1779920376,1,0,0
bbxf068v,195,ithpqlb8,5,presurvey,Training,1779920378,1,0,0
bbxf068v,197,589spfoj,0,,InitializeParticipant,1779920382,1,0,0
bbxf068v,195,ithpqlb8,6,presurvey,TrainingNeighbor_1,1779920391,1,0,0
bbxf068v,197,589spfoj,1,presurvey,Introduction,1779920391,1,0,0
bbxf068v,197,589spfoj,2,presurvey,AudioCheck,1779920414,1,0,0
bbxf068v,196,79sekfej,1,presurvey,Introduction,1779920420,1,0,0
bbxf068v,195,ithpqlb8,10,presurvey,ExperimentInstruction,1779920422,1,0,0
bbxf068v,197,589spfoj,3,presurvey,Demographics,1779920428,1,0,0
bbxf068v,195,ithpqlb8,11,presurvey,Scenario,1779920432,1,0,0
bbxf068v,194,ibsxyqhb,4,presurvey,NeighborhoodInstruction,1779920439,1,0,0
bbxf068v,195,ithpqlb8,12,presurvey,Commitment,1779920440,1,0,0
bbxf068v,197,589spfoj,4,presurvey,NeighborhoodInstruction,1779920464,1,0,0
bbxf068v,187,bdtkfm17,11,presurvey,Scenario,1779920487,1,0,0
bbxf068v,196,79sekfej,2,presurvey,AudioCheck,1779920493,1,0,0
bbxf068v,198,yrlik1m4,0,,InitializeParticipant,1779920493,1,0,0
bbxf068v,194,ibsxyqhb,5,presurvey,Training,1779920494,1,0,0
bbxf068v,197,589spfoj,5,presurvey,Training,1779920512,1,0,0
bbxf068v,196,79sekfej,3,presurvey,Demographics,1779920542,1,0,0
bbxf068v,198,yrlik1m4,1,presurvey,Introduction,1779920547,1,0,0
bbxf068v,196,79sekfej,4,presurvey,NeighborhoodInstruction,1779920555,1,0,0
bbxf068v,197,589spfoj,6,presurvey,TrainingNeighbor_1,1779920563,1,0,0
bbxf068v,197,589spfoj,10,presurvey,ExperimentInstruction,1779920571,1,0,0
bbxf068v,198,yrlik1m4,2,presurvey,AudioCheck,1779920581,1,0,0
bbxf068v,194,ibsxyqhb,6,presurvey,TrainingNeighbor_1,1779920587,1,0,0
bbxf068v,198,yrlik1m4,3,presurvey,Demographics,1779920597,1,0,0
bbxf068v,194,ibsxyqhb,7,presurvey,TrainingNeighbor_2,1779920598,1,0,0
bbxf068v,196,79sekfej,5,presurvey,Training,1779920613,1,0,0
bbxf068v,198,yrlik1m4,4,presurvey,NeighborhoodInstruction,1779920635,1,0,0
bbxf068v,194,ibsxyqhb,10,presurvey,ExperimentInstruction,1779920646,1,0,0
bbxf068v,198,yrlik1m4,5,presurvey,Training,1779920694,1,0,0
bbxf068v,197,589spfoj,11,presurvey,Scenario,1779920720,1,0,0
bbxf068v,198,yrlik1m4,6,presurvey,TrainingNeighbor_1,1779920730,1,0,0
bbxf068v,198,yrlik1m4,10,presurvey,ExperimentInstruction,1779920741,1,0,0
bbxf068v,194,ibsxyqhb,11,presurvey,Scenario,1779920753,1,0,0
bbxf068v,198,yrlik1m4,11,presurvey,Scenario,1779920775,1,0,0
bbxf068v,196,79sekfej,6,presurvey,TrainingNeighbor_1,1779920786,1,0,0
bbxf068v,196,79sekfej,7,presurvey,TrainingNeighbor_2,1779920798,1,0,0
bbxf068v,197,589spfoj,12,presurvey,Commitment,1779920816,1,0,0
bbxf068v,199,n9fgbze0,0,,InitializeParticipant,1779920820,1,0,0
bbxf068v,199,n9fgbze0,1,presurvey,Introduction,1779920822,1,0,0
bbxf068v,196,79sekfej,8,presurvey,AttentionCheck,1779920827,1,0,0
bbxf068v,199,n9fgbze0,2,presurvey,AudioCheck,1779920834,1,0,0
bbxf068v,199,n9fgbze0,3,presurvey,Demographics,1779920846,1,0,0
bbxf068v,199,n9fgbze0,4,presurvey,NeighborhoodInstruction,1779920859,1,0,0
bbxf068v,182,mc6poijf,13,mock_N08_N04_Aonly,GroupingWaitPage,1779920880,1,0,1
bbxf068v,182,mc6poijf,14,mock_N08_N04_Aonly,GroupSizeWaitPage,1779920881,1,0,1
bbxf068v,199,n9fgbze0,5,presurvey,Training,1779920881,1,0,0
bbxf068v,177,7uf4ircp,13,mock_N08_N04_Aonly,GroupingWaitPage,1779920886,1,0,1
bbxf068v,177,7uf4ircp,14,mock_N08_N04_Aonly,GroupSizeWaitPage,1779920887,1,0,1
bbxf068v,177,7uf4ircp,15,mock_N08_N04_Aonly,AttentionCheck,1779920894,1,0,0
bbxf068v,182,mc6poijf,15,mock_N08_N04_Aonly,AttentionCheck,1779920896,1,0,0
bbxf068v,199,n9fgbze0,6,presurvey,TrainingNeighbor_1,1779920901,1,0,0
bbxf068v,199,n9fgbze0,10,presurvey,ExperimentInstruction,1779920904,1,0,0
bbxf068v,189,3qbk9nut,13,mock_N08_N04_Aonly,GroupingWaitPage,1779920911,1,0,1
bbxf068v,189,3qbk9nut,14,mock_N08_N04_Aonly,GroupSizeWaitPage,1779920912,1,0,1
bbxf068v,189,3qbk9nut,15,mock_N08_N04_Aonly,AttentionCheck,1779920917,1,0,0
bbxf068v,200,j1915rs7,0,,InitializeParticipant,1779920939,1,0,0
bbxf068v,200,j1915rs7,1,presurvey,Introduction,1779920943,1,0,0
bbxf068v,199,n9fgbze0,11,presurvey,Scenario,1779920944,1,0,0
bbxf068v,200,j1915rs7,2,presurvey,AudioCheck,1779920958,1,0,0
bbxf068v,199,n9fgbze0,12,presurvey,Commitment,1779920959,1,0,0
bbxf068v,188,dk5kmfpk,13,mock_N08_N04_Aonly,GroupingWaitPage,1779920972,1,0,1
bbxf068v,200,j1915rs7,3,presurvey,Demographics,1779920972,1,0,0
bbxf068v,188,dk5kmfpk,14,mock_N08_N04_Aonly,GroupSizeWaitPage,1779920973,1,0,1
bbxf068v,188,dk5kmfpk,15,mock_N08_N04_Aonly,AttentionCheck,1779920980,1,0,0
bbxf068v,200,j1915rs7,4,presurvey,NeighborhoodInstruction,1779920983,1,0,0
bbxf068v,200,j1915rs7,5,presurvey,Training,1779921007,1,0,0
bbxf068v,201,byeg610k,0,,InitializeParticipant,1779921011,1,0,0
bbxf068v,202,49txzqck,0,,InitializeParticipant,1779921040,1,0,0
bbxf068v,203,l20hilns,0,,InitializeParticipant,1779921042,1,0,0
bbxf068v,201,byeg610k,1,presurvey,Introduction,1779921044,1,0,0
bbxf068v,191,b46cj355,13,mock_N08_N04_Aonly,GroupingWaitPage,1779921046,1,0,1
bbxf068v,191,b46cj355,14,mock_N08_N04_Aonly,GroupSizeWaitPage,1779921046,1,0,1
bbxf068v,200,j1915rs7,6,presurvey,TrainingNeighbor_1,1779921046,1,0,0
bbxf068v,200,j1915rs7,7,presurvey,TrainingNeighbor_2,1779921050,1,0,0
bbxf068v,191,b46cj355,15,mock_N08_N04_Aonly,AttentionCheck,1779921055,1,0,0
bbxf068v,200,j1915rs7,10,presurvey,ExperimentInstruction,1779921057,1,0,0
bbxf068v,204,zesas36f,0,,InitializeParticipant,1779921065,1,0,0
bbxf068v,201,byeg610k,2,presurvey,AudioCheck,1779921067,1,0,0
bbxf068v,202,49txzqck,1,presurvey,Introduction,1779921067,1,0,0
bbxf068v,205,cs22o9ah,0,,InitializeParticipant,1779921076,1,0,0
bbxf068v,200,j1915rs7,11,presurvey,Scenario,1779921077,1,0,0
bbxf068v,202,49txzqck,2,presurvey,AudioCheck,1779921085,1,0,0
bbxf068v,201,byeg610k,3,presurvey,Demographics,1779921085,1,0,0
bbxf068v,206,zinh56a1,0,,InitializeParticipant,1779921088,1,0,0
bbxf068v,204,zesas36f,1,presurvey,Introduction,1779921099,1,0,0
bbxf068v,203,l20hilns,1,presurvey,Introduction,1779921113,1,0,0
bbxf068v,202,49txzqck,3,presurvey,Demographics,1779921117,1,0,0
bbxf068v,205,cs22o9ah,1,presurvey,Introduction,1779921126,1,0,0
bbxf068v,206,zinh56a1,1,presurvey,Introduction,1779921132,1,0,0
bbxf068v,201,byeg610k,4,presurvey,NeighborhoodInstruction,1779921137,1,0,0
bbxf068v,205,cs22o9ah,2,presurvey,AudioCheck,1779921149,1,0,0
bbxf068v,202,49txzqck,4,presurvey,NeighborhoodInstruction,1779921149,1,0,0
bbxf068v,203,l20hilns,2,presurvey,AudioCheck,1779921149,1,0,0
bbxf068v,206,zinh56a1,2,presurvey,AudioCheck,1779921155,1,0,0
bbxf068v,203,l20hilns,3,presurvey,Demographics,1779921161,1,0,0
bbxf068v,201,byeg610k,5,presurvey,Training,1779921162,1,0,0
bbxf068v,181,hueoa93p,13,mock_N08_N04_Aonly,GroupingWaitPage,1779921168,1,0,1
bbxf068v,206,zinh56a1,3,presurvey,Demographics,1779921168,1,0,0
bbxf068v,181,hueoa93p,14,mock_N08_N04_Aonly,GroupSizeWaitPage,1779921168,1,0,1
bbxf068v,207,zj2d8dhp,0,,InitializeParticipant,1779921176,1,0,0
bbxf068v,181,hueoa93p,15,mock_N08_N04_Aonly,AttentionCheck,1779921179,1,0,0
bbxf068v,203,l20hilns,4,presurvey,NeighborhoodInstruction,1779921181,1,0,0
bbxf068v,201,byeg610k,6,presurvey,TrainingNeighbor_1,1779921198,1,0,0
bbxf068v,207,zj2d8dhp,1,presurvey,Introduction,1779921200,1,0,0
bbxf068v,202,49txzqck,5,presurvey,Training,1779921201,1,0,0
bbxf068v,208,uq7bujw3,0,,InitializeParticipant,1779921203,1,0,0
bbxf068v,206,zinh56a1,4,presurvey,NeighborhoodInstruction,1779921206,1,0,0
bbxf068v,204,zesas36f,2,presurvey,AudioCheck,1779921207,1,0,0
bbxf068v,207,zj2d8dhp,2,presurvey,AudioCheck,1779921219,1,0,0
bbxf068v,201,byeg610k,7,presurvey,TrainingNeighbor_2,1779921219,1,0,0
bbxf068v,203,l20hilns,5,presurvey,Training,1779921221,1,0,0
bbxf068v,208,uq7bujw3,1,presurvey,Introduction,1779921221,1,0,0
bbxf068v,202,49txzqck,6,presurvey,TrainingNeighbor_1,1779921234,1,0,0
bbxf068v,204,zesas36f,3,presurvey,Demographics,1779921237,1,0,0
bbxf068v,207,zj2d8dhp,3,presurvey,Demographics,1779921238,1,0,0
bbxf068v,206,zinh56a1,5,presurvey,Training,1779921240,1,0,0
bbxf068v,201,byeg610k,10,presurvey,ExperimentInstruction,1779921254,1,0,0
bbxf068v,202,49txzqck,10,presurvey,ExperimentInstruction,1779921258,1,0,0
bbxf068v,203,l20hilns,6,presurvey,TrainingNeighbor_1,1779921261,1,0,0
bbxf068v,207,zj2d8dhp,4,presurvey,NeighborhoodInstruction,1779921262,1,0,0
bbxf068v,203,l20hilns,7,presurvey,TrainingNeighbor_2,1779921272,1,0,0
bbxf068v,209,8552a0pc,0,,InitializeParticipant,1779921275,1,0,0
bbxf068v,209,8552a0pc,1,presurvey,Introduction,1779921280,1,0,0
bbxf068v,206,zinh56a1,6,presurvey,TrainingNeighbor_1,1779921282,1,0,0
bbxf068v,201,byeg610k,11,presurvey,Scenario,1779921286,1,0,0
bbxf068v,207,zj2d8dhp,5,presurvey,Training,1779921287,1,0,0
bbxf068v,206,zinh56a1,10,presurvey,ExperimentInstruction,1779921288,1,0,0
bbxf068v,210,polpz2e9,0,,InitializeParticipant,1779921291,1,0,0
bbxf068v,209,8552a0pc,2,presurvey,AudioCheck,1779921293,1,0,0
bbxf068v,210,polpz2e9,1,presurvey,Introduction,1779921296,1,0,0
bbxf068v,202,49txzqck,11,presurvey,Scenario,1779921297,1,0,0
bbxf068v,209,8552a0pc,3,presurvey,Demographics,1779921316,1,0,0
bbxf068v,206,zinh56a1,11,presurvey,Scenario,1779921316,1,0,0
bbxf068v,203,l20hilns,10,presurvey,ExperimentInstruction,1779921317,1,0,0
bbxf068v,210,polpz2e9,2,presurvey,AudioCheck,1779921318,1,0,0
bbxf068v,208,uq7bujw3,2,presurvey,AudioCheck,1779921323,1,0,0
bbxf068v,210,polpz2e9,3,presurvey,Demographics,1779921329,1,0,0
bbxf068v,209,8552a0pc,4,presurvey,NeighborhoodInstruction,1779921334,1,0,0
bbxf068v,207,zj2d8dhp,6,presurvey,TrainingNeighbor_1,1779921339,1,0,0
bbxf068v,210,polpz2e9,4,presurvey,NeighborhoodInstruction,1779921340,1,0,0
bbxf068v,207,zj2d8dhp,7,presurvey,TrainingNeighbor_2,1779921344,1,0,0
bbxf068v,204,zesas36f,4,presurvey,NeighborhoodInstruction,1779921346,1,0,0
bbxf068v,207,zj2d8dhp,10,presurvey,ExperimentInstruction,1779921349,1,0,0
bbxf068v,211,84llfp65,0,,InitializeParticipant,1779921350,1,0,0
bbxf068v,210,polpz2e9,5,presurvey,Training,1779921355,1,0,0
bbxf068v,211,84llfp65,1,presurvey,Introduction,1779921359,1,0,0
bbxf068v,203,l20hilns,11,presurvey,Scenario,1779921360,1,0,0
bbxf068v,209,8552a0pc,5,presurvey,Training,1779921367,1,0,0
bbxf068v,201,byeg610k,12,presurvey,Commitment,1779921367,1,0,0
bbxf068v,207,zj2d8dhp,11,presurvey,Scenario,1779921373,1,0,0
bbxf068v,204,zesas36f,5,presurvey,Training,1779921373,1,0,0
bbxf068v,210,polpz2e9,6,presurvey,TrainingNeighbor_1,1779921373,1,0,0
bbxf068v,210,polpz2e9,10,presurvey,ExperimentInstruction,1779921379,1,0,0
bbxf068v,206,zinh56a1,12,presurvey,Commitment,1779921381,1,0,0
bbxf068v,212,wskp9x2s,0,,InitializeParticipant,1779921385,1,0,0
bbxf068v,209,8552a0pc,6,presurvey,TrainingNeighbor_1,1779921385,1,0,0
bbxf068v,209,8552a0pc,10,presurvey,ExperimentInstruction,1779921389,1,0,0
bbxf068v,207,zj2d8dhp,12,presurvey,Commitment,1779921395,1,0,0
bbxf068v,212,wskp9x2s,1,presurvey,Introduction,1779921401,1,0,0
bbxf068v,213,newecnto,0,,InitializeParticipant,1779921403,1,0,0
bbxf068v,210,polpz2e9,11,presurvey,Scenario,1779921405,1,0,0
bbxf068v,211,84llfp65,2,presurvey,AudioCheck,1779921407,1,0,0
bbxf068v,212,wskp9x2s,2,presurvey,AudioCheck,1779921420,1,0,0
bbxf068v,211,84llfp65,3,presurvey,Demographics,1779921421,1,0,0
bbxf068v,209,8552a0pc,11,presurvey,Scenario,1779921429,1,0,0
bbxf068v,210,polpz2e9,12,presurvey,Commitment,1779921435,1,0,0
bbxf068v,211,84llfp65,4,presurvey,NeighborhoodInstruction,1779921445,1,0,0
bbxf068v,212,wskp9x2s,3,presurvey,Demographics,1779921460,1,0,0
bbxf068v,212,wskp9x2s,4,presurvey,NeighborhoodInstruction,1779921467,1,0,0
bbxf068v,213,newecnto,1,presurvey,Introduction,1779921471,1,0,0
bbxf068v,211,84llfp65,5,presurvey,Training,1779921475,1,0,0
bbxf068v,213,newecnto,2,presurvey,AudioCheck,1779921492,1,0,0
bbxf068v,204,zesas36f,6,presurvey,TrainingNeighbor_1,1779921495,1,0,0
bbxf068v,212,wskp9x2s,5,presurvey,Training,1779921498,1,0,0
bbxf068v,213,newecnto,3,presurvey,Demographics,1779921519,1,0,0
bbxf068v,214,b61lrr7b,0,,InitializeParticipant,1779921532,1,0,0
bbxf068v,204,zesas36f,10,presurvey,ExperimentInstruction,1779921536,1,0,0
bbxf068v,214,b61lrr7b,1,presurvey,Introduction,1779921538,1,0,0
bbxf068v,215,4o5nk16v,0,,InitializeParticipant,1779921539,1,0,0
bbxf068v,205,cs22o9ah,3,presurvey,Demographics,1779921539,1,0,0
bbxf068v,213,newecnto,4,presurvey,NeighborhoodInstruction,1779921540,1,0,0
bbxf068v,211,84llfp65,6,presurvey,TrainingNeighbor_1,1779921545,1,0,0
bbxf068v,215,4o5nk16v,1,presurvey,Introduction,1779921547,1,0,0
bbxf068v,212,wskp9x2s,6,presurvey,TrainingNeighbor_1,1779921550,1,0,0
bbxf068v,214,b61lrr7b,2,presurvey,AudioCheck,1779921555,1,0,0
bbxf068v,216,4qezknux,0,,InitializeParticipant,1779921561,1,0,0
bbxf068v,212,wskp9x2s,10,presurvey,ExperimentInstruction,1779921570,1,0,0
bbxf068v,211,84llfp65,7,presurvey,TrainingNeighbor_2,1779921571,1,0,0
bbxf068v,185,ewvr9xfr,13,mock_N08_N04_Aonly,GroupingWaitPage,1779921572,1,0,1
bbxf068v,215,4o5nk16v,2,presurvey,AudioCheck,1779921573,1,0,0
bbxf068v,185,ewvr9xfr,14,mock_N08_N04_Aonly,GroupSizeWaitPage,1779921573,1,0,1
bbxf068v,211,84llfp65,10,presurvey,ExperimentInstruction,1779921578,1,0,0
bbxf068v,185,ewvr9xfr,15,mock_N08_N04_Aonly,AttentionCheck,1779921579,1,0,0
bbxf068v,204,zesas36f,11,presurvey,Scenario,1779921581,1,0,0
bbxf068v,213,newecnto,5,presurvey,Training,1779921587,1,0,0
bbxf068v,205,cs22o9ah,4,presurvey,NeighborhoodInstruction,1779921587,1,0,0
bbxf068v,212,wskp9x2s,11,presurvey,Scenario,1779921591,1,0,0
bbxf068v,216,4qezknux,1,presurvey,Introduction,1779921601,1,0,0
bbxf068v,215,4o5nk16v,3,presurvey,Demographics,1779921605,1,0,0
bbxf068v,214,b61lrr7b,3,presurvey,Demographics,1779921613,1,0,0
bbxf068v,215,4o5nk16v,4,presurvey,NeighborhoodInstruction,1779921614,1,0,0
bbxf068v,212,wskp9x2s,12,presurvey,Commitment,1779921619,1,0,0
bbxf068v,216,4qezknux,2,presurvey,AudioCheck,1779921623,1,0,0
bbxf068v,215,4o5nk16v,5,presurvey,Training,1779921623,1,0,0
bbxf068v,214,b61lrr7b,4,presurvey,NeighborhoodInstruction,1779921626,1,0,0
bbxf068v,215,4o5nk16v,6,presurvey,TrainingNeighbor_1,1779921632,1,0,0
bbxf068v,213,newecnto,6,presurvey,TrainingNeighbor_1,1779921633,1,0,0
bbxf068v,205,cs22o9ah,5,presurvey,Training,1779921634,1,0,0
bbxf068v,215,4o5nk16v,10,presurvey,ExperimentInstruction,1779921634,1,0,0
bbxf068v,217,y84e09uj,0,,InitializeParticipant,1779921639,1,0,0
bbxf068v,216,4qezknux,3,presurvey,Demographics,1779921644,1,0,0
bbxf068v,215,4o5nk16v,11,presurvey,Scenario,1779921648,1,0,0
bbxf068v,213,newecnto,10,presurvey,ExperimentInstruction,1779921651,1,0,0
bbxf068v,214,b61lrr7b,5,presurvey,Training,1779921658,1,0,0
bbxf068v,217,y84e09uj,1,presurvey,Introduction,1779921659,1,0,0
bbxf068v,217,y84e09uj,2,presurvey,AudioCheck,1779921693,1,0,0
bbxf068v,213,newecnto,11,presurvey,Scenario,1779921699,1,0,0
bbxf068v,215,4o5nk16v,12,presurvey,Commitment,1779921707,1,0,0
bbxf068v,205,cs22o9ah,6,presurvey,TrainingNeighbor_1,1779921709,1,0,0
bbxf068v,214,b61lrr7b,6,presurvey,TrainingNeighbor_1,1779921710,1,0,0
bbxf068v,217,y84e09uj,3,presurvey,Demographics,1779921713,1,0,0
bbxf068v,217,y84e09uj,4,presurvey,NeighborhoodInstruction,1779921720,1,0,0
bbxf068v,205,cs22o9ah,10,presurvey,ExperimentInstruction,1779921720,1,0,0
bbxf068v,214,b61lrr7b,10,presurvey,ExperimentInstruction,1779921730,1,0,0
bbxf068v,218,i8e8nzhw,0,,InitializeParticipant,1779921754,1,0,0
bbxf068v,213,newecnto,12,presurvey,Commitment,1779921755,1,0,0
bbxf068v,218,i8e8nzhw,1,presurvey,Introduction,1779921759,1,0,0
bbxf068v,219,0guhzrm9,0,,InitializeParticipant,1779921761,1,0,0
bbxf068v,217,y84e09uj,5,presurvey,Training,1779921767,1,0,0
bbxf068v,205,cs22o9ah,11,presurvey,Scenario,1779921769,1,0,0
bbxf068v,214,b61lrr7b,11,presurvey,Scenario,1779921775,1,0,0
bbxf068v,218,i8e8nzhw,2,presurvey,AudioCheck,1779921779,1,0,0
bbxf068v,219,0guhzrm9,1,presurvey,Introduction,1779921797,1,0,0
bbxf068v,217,y84e09uj,6,presurvey,TrainingNeighbor_1,1779921797,1,0,0
bbxf068v,217,y84e09uj,10,presurvey,ExperimentInstruction,1779921799,1,0,0
bbxf068v,220,00q717j1,0,,InitializeParticipant,1779921799,1,0,0
bbxf068v,221,eix4n4nu,0,,InitializeParticipant,1779921801,1,0,0
bbxf068v,220,00q717j1,1,presurvey,Introduction,1779921805,1,0,0
bbxf068v,218,i8e8nzhw,3,presurvey,Demographics,1779921817,1,0,0
bbxf068v,211,84llfp65,11,presurvey,Scenario,1779921819,1,0,0
bbxf068v,220,00q717j1,2,presurvey,AudioCheck,1779921825,1,0,0
bbxf068v,214,b61lrr7b,12,presurvey,Commitment,1779921830,1,0,0
bbxf068v,217,y84e09uj,11,presurvey,Scenario,1779921831,1,0,0
bbxf068v,221,eix4n4nu,1,presurvey,Introduction,1779921832,1,0,0
bbxf068v,220,00q717j1,3,presurvey,Demographics,1779921838,1,0,0
bbxf068v,220,00q717j1,4,presurvey,NeighborhoodInstruction,1779921853,1,0,0
bbxf068v,218,i8e8nzhw,4,presurvey,NeighborhoodInstruction,1779921856,1,0,0
bbxf068v,222,zhcrtlj1,0,,InitializeParticipant,1779921861,1,0,0
bbxf068v,217,y84e09uj,12,presurvey,Commitment,1779921874,1,0,0
bbxf068v,220,00q717j1,5,presurvey,Training,1779921880,1,0,0
bbxf068v,216,4qezknux,4,presurvey,NeighborhoodInstruction,1779921892,1,0,0
bbxf068v,218,i8e8nzhw,5,presurvey,Training,1779921903,1,0,0
bbxf068v,223,rbhfd5cu,0,,InitializeParticipant,1779921910,1,0,0
bbxf068v,220,00q717j1,6,presurvey,TrainingNeighbor_1,1779921911,1,0,0
bbxf068v,224,3mjo0mtj,0,,InitializeParticipant,1779921914,1,0,0
bbxf068v,222,zhcrtlj1,1,presurvey,Introduction,1779921917,1,0,0
bbxf068v,224,3mjo0mtj,1,presurvey,Introduction,1779921918,1,0,0
bbxf068v,225,hzg420r3,0,,InitializeParticipant,1779921918,1,0,0
bbxf068v,223,rbhfd5cu,1,presurvey,Introduction,1779921925,1,0,0
bbxf068v,220,00q717j1,10,presurvey,ExperimentInstruction,1779921926,1,0,0
bbxf068v,224,3mjo0mtj,2,presurvey,AudioCheck,1779921938,1,0,0
bbxf068v,219,0guhzrm9,2,presurvey,AudioCheck,1779921938,1,0,0
bbxf068v,225,hzg420r3,1,presurvey,Introduction,1779921939,1,0,0
bbxf068v,222,zhcrtlj1,2,presurvey,AudioCheck,1779921942,1,0,0
bbxf068v,226,s76z0atk,0,,InitializeParticipant,1779921944,1,0,0
bbxf068v,220,00q717j1,11,presurvey,Scenario,1779921945,1,0,0
bbxf068v,227,o1zzi6sh,0,,InitializeParticipant,1779921948,1,0,0
bbxf068v,226,s76z0atk,1,presurvey,Introduction,1779921949,1,0,0
bbxf068v,227,o1zzi6sh,1,presurvey,Introduction,1779921950,1,0,0
bbxf068v,224,3mjo0mtj,3,presurvey,Demographics,1779921950,1,0,0
bbxf068v,219,0guhzrm9,3,presurvey,Demographics,1779921956,1,0,0
bbxf068v,226,s76z0atk,2,presurvey,AudioCheck,1779921961,1,0,0
bbxf068v,218,i8e8nzhw,6,presurvey,TrainingNeighbor_1,1779921964,1,0,0
bbxf068v,223,rbhfd5cu,2,presurvey,AudioCheck,1779921966,1,0,0
bbxf068v,222,zhcrtlj1,3,presurvey,Demographics,1779921967,1,0,0
bbxf068v,227,o1zzi6sh,2,presurvey,AudioCheck,1779921969,1,0,0
bbxf068v,218,i8e8nzhw,10,presurvey,ExperimentInstruction,1779921969,1,0,0
bbxf068v,225,hzg420r3,2,presurvey,AudioCheck,1779921972,1,0,0
bbxf068v,220,00q717j1,12,presurvey,Commitment,1779921978,1,0,0
bbxf068v,228,eamyahc9,0,,InitializeParticipant,1779921982,1,0,0
bbxf068v,226,s76z0atk,3,presurvey,Demographics,1779921983,1,0,0
bbxf068v,227,o1zzi6sh,3,presurvey,Demographics,1779921984,1,0,0
bbxf068v,227,o1zzi6sh,4,presurvey,NeighborhoodInstruction,1779921987,1,0,0
bbxf068v,227,o1zzi6sh,5,presurvey,Training,1779921990,1,0,0
bbxf068v,223,rbhfd5cu,3,presurvey,Demographics,1779921991,1,0,0
bbxf068v,222,zhcrtlj1,4,presurvey,NeighborhoodInstruction,1779921995,1,0,0
bbxf068v,227,o1zzi6sh,6,presurvey,TrainingNeighbor_1,1779922001,1,0,0
bbxf068v,226,s76z0atk,4,presurvey,NeighborhoodInstruction,1779922003,1,0,0
bbxf068v,227,o1zzi6sh,10,presurvey,ExperimentInstruction,1779922004,1,0,0
bbxf068v,197,589spfoj,13,mock_N08_N04_Aonly,GroupingWaitPage,1779922017,1,0,1
bbxf068v,227,o1zzi6sh,11,presurvey,Scenario,1779922018,1,0,0
bbxf068v,218,i8e8nzhw,11,presurvey,Scenario,1779922025,1,0,0
bbxf068v,197,589spfoj,14,mock_N08_N04_Aonly,GroupSizeWaitPage,1779922031,1,0,1
bbxf068v,216,4qezknux,5,presurvey,Training,1779922031,1,0,0
bbxf068v,223,rbhfd5cu,4,presurvey,NeighborhoodInstruction,1779922032,1,0,0
bbxf068v,222,zhcrtlj1,5,presurvey,Training,1779922035,1,0,0
bbxf068v,229,s9c0x8ac,0,,InitializeParticipant,1779922035,1,0,0
bbxf068v,226,s76z0atk,5,presurvey,Training,1779922039,1,0,0
bbxf068v,197,589spfoj,15,mock_N08_N04_Aonly,AttentionCheck,1779922039,1,0,0
bbxf068v,230,k381c7q6,0,,InitializeParticipant,1779922043,1,0,0
bbxf068v,219,0guhzrm9,4,presurvey,NeighborhoodInstruction,1779922054,1,0,0
bbxf068v,230,k381c7q6,1,presurvey,Introduction,1779922061,1,0,0
bbxf068v,223,rbhfd5cu,5,presurvey,Training,1779922071,1,0,0
bbxf068v,229,s9c0x8ac,1,presurvey,Introduction,1779922072,1,0,0
bbxf068v,226,s76z0atk,6,presurvey,TrainingNeighbor_1,1779922074,1,0,0
bbxf068v,222,zhcrtlj1,6,presurvey,TrainingNeighbor_1,1779922079,1,0,0
bbxf068v,219,0guhzrm9,5,presurvey,Training,1779922080,1,0,0
bbxf068v,229,s9c0x8ac,2,presurvey,AudioCheck,1779922092,1,0,0
bbxf068v,226,s76z0atk,10,presurvey,ExperimentInstruction,1779922092,1,0,0
bbxf068v,219,0guhzrm9,6,presurvey,TrainingNeighbor_1,1779922100,1,0,0
bbxf068v,222,zhcrtlj1,10,presurvey,ExperimentInstruction,1779922103,1,0,0
bbxf068v,219,0guhzrm9,10,presurvey,ExperimentInstruction,1779922105,1,0,0
bbxf068v,229,s9c0x8ac,3,presurvey,Demographics,1779922106,1,0,0
bbxf068v,226,s76z0atk,11,presurvey,Scenario,1779922110,1,0,0
bbxf068v,207,zj2d8dhp,13,mock_N08_N04_Aonly,GroupingWaitPage,1779922116,1,0,1
bbxf068v,207,zj2d8dhp,14,mock_N08_N04_Aonly,GroupSizeWaitPage,1779922117,1,0,1
bbxf068v,216,4qezknux,6,presurvey,TrainingNeighbor_1,1779922122,1,0,0
bbxf068v,207,zj2d8dhp,15,mock_N08_N04_Aonly,AttentionCheck,1779922128,1,0,0
bbxf068v,229,s9c0x8ac,4,presurvey,NeighborhoodInstruction,1779922130,1,0,0
bbxf068v,226,s76z0atk,12,presurvey,Commitment,1779922131,1,0,0
bbxf068v,231,qwp5ar44,0,,InitializeParticipant,1779922132,1,0,0
bbxf068v,232,3mkwg8sk,0,,InitializeParticipant,1779922143,1,0,0
bbxf068v,222,zhcrtlj1,11,presurvey,Scenario,1779922148,1,0,0
bbxf068v,216,4qezknux,10,presurvey,ExperimentInstruction,1779922154,1,0,0
bbxf068v,210,polpz2e9,13,mock_N08_N04_Aonly,GroupingWaitPage,1779922157,1,0,1
bbxf068v,210,polpz2e9,14,mock_N08_N04_Aonly,GroupSizeWaitPage,1779922158,1,0,1
bbxf068v,233,m91tsnyb,0,,InitializeParticipant,1779922159,1,0,0
bbxf068v,232,3mkwg8sk,1,presurvey,Introduction,1779922162,1,0,0
bbxf068v,210,polpz2e9,15,mock_N08_N04_Aonly,AttentionCheck,1779922162,1,0,0
bbxf068v,229,s9c0x8ac,5,presurvey,Training,1779922165,1,0,0
bbxf068v,223,rbhfd5cu,6,presurvey,TrainingNeighbor_1,1779922165,1,0,0
bbxf068v,234,exelryo7,0,,InitializeParticipant,1779922167,1,0,0
bbxf068v,224,3mjo0mtj,4,presurvey,NeighborhoodInstruction,1779922169,1,0,0
bbxf068v,219,0guhzrm9,11,presurvey,Scenario,1779922173,1,0,0
bbxf068v,233,m91tsnyb,1,presurvey,Introduction,1779922174,1,0,0
bbxf068v,223,rbhfd5cu,10,presurvey,ExperimentInstruction,1779922176,1,0,0
bbxf068v,234,exelryo7,1,presurvey,Introduction,1779922176,1,0,0
bbxf068v,224,3mjo0mtj,5,presurvey,Training,1779922184,1,0,0
bbxf068v,216,4qezknux,11,presurvey,Scenario,1779922186,1,0,0
bbxf068v,234,exelryo7,2,presurvey,AudioCheck,1779922191,1,0,0
bbxf068v,233,m91tsnyb,2,presurvey,AudioCheck,1779922195,1,0,0
bbxf068v,224,3mjo0mtj,6,presurvey,TrainingNeighbor_1,1779922206,1,0,0
bbxf068v,232,3mkwg8sk,2,presurvey,AudioCheck,1779922208,1,0,0
bbxf068v,224,3mjo0mtj,10,presurvey,ExperimentInstruction,1779922208,1,0,0
bbxf068v,233,m91tsnyb,3,presurvey,Demographics,1779922215,1,0,0
bbxf068v,235,192eealb,0,,InitializeParticipant,1779922218,1,0,0
bbxf068v,229,s9c0x8ac,6,presurvey,TrainingNeighbor_1,1779922222,1,0,0
bbxf068v,233,m91tsnyb,4,presurvey,NeighborhoodInstruction,1779922224,1,0,0
bbxf068v,223,rbhfd5cu,11,presurvey,Scenario,1779922225,1,0,0
bbxf068v,219,0guhzrm9,12,presurvey,Commitment,1779922227,1,0,0
bbxf068v,229,s9c0x8ac,10,presurvey,ExperimentInstruction,1779922231,1,0,0
bbxf068v,234,exelryo7,3,presurvey,Demographics,1779922233,1,0,0
bbxf068v,224,3mjo0mtj,11,presurvey,Scenario,1779922234,1,0,0
bbxf068v,232,3mkwg8sk,3,presurvey,Demographics,1779922240,1,0,0
bbxf068v,235,192eealb,1,presurvey,Introduction,1779922240,1,0,0
bbxf068v,236,ip82x8p3,0,,InitializeParticipant,1779922247,1,0,0
bbxf068v,223,rbhfd5cu,12,presurvey,Commitment,1779922255,1,0,0
bbxf068v,216,4qezknux,12,presurvey,Commitment,1779922261,1,0,0
bbxf068v,229,s9c0x8ac,11,presurvey,Scenario,1779922262,1,0,0
bbxf068v,234,exelryo7,4,presurvey,NeighborhoodInstruction,1779922262,1,0,0
bbxf068v,233,m91tsnyb,5,presurvey,Training,1779922266,1,0,0
bbxf068v,232,3mkwg8sk,4,presurvey,NeighborhoodInstruction,1779922274,1,0,0
bbxf068v,235,192eealb,2,presurvey,AudioCheck,1779922275,1,0,0
bbxf068v,237,39e35nob,0,,InitializeParticipant,1779922280,1,0,0
bbxf068v,237,39e35nob,1,presurvey,Introduction,1779922284,1,0,0
bbxf068v,236,ip82x8p3,1,presurvey,Introduction,1779922305,1,0,0
bbxf068v,235,192eealb,3,presurvey,Demographics,1779922310,1,0,0
bbxf068v,234,exelryo7,5,presurvey,Training,1779922310,1,0,0
bbxf068v,233,m91tsnyb,6,presurvey,TrainingNeighbor_1,1779922315,1,0,0
bbxf068v,233,m91tsnyb,10,presurvey,ExperimentInstruction,1779922319,1,0,0
bbxf068v,236,ip82x8p3,2,presurvey,AudioCheck,1779922319,1,0,0
bbxf068v,235,192eealb,4,presurvey,NeighborhoodInstruction,1779922322,1,0,0
bbxf068v,212,wskp9x2s,13,mock_N08_N04_Aonly,GroupingWaitPage,1779922343,1,0,1
bbxf068v,235,192eealb,5,presurvey,Training,1779922344,1,0,0
bbxf068v,212,wskp9x2s,14,mock_N08_N04_Aonly,GroupSizeWaitPage,1779922344,1,0,1
bbxf068v,238,5pp5pil4,0,,InitializeParticipant,1779922348,1,0,0
bbxf068v,232,3mkwg8sk,5,presurvey,Training,1779922348,1,0,0
bbxf068v,233,m91tsnyb,11,presurvey,Scenario,1779922350,1,0,0
bbxf068v,212,wskp9x2s,15,mock_N08_N04_Aonly,AttentionCheck,1779922356,1,0,0
bbxf068v,229,s9c0x8ac,12,presurvey,Commitment,1779922358,1,0,0
bbxf068v,236,ip82x8p3,3,presurvey,Demographics,1779922361,1,0,0
bbxf068v,234,exelryo7,6,presurvey,TrainingNeighbor_1,1779922371,1,0,0
bbxf068v,235,192eealb,6,presurvey,TrainingNeighbor_1,1779922373,1,0,0
bbxf068v,234,exelryo7,10,presurvey,ExperimentInstruction,1779922379,1,0,0
bbxf068v,235,192eealb,10,presurvey,ExperimentInstruction,1779922384,1,0,0
bbxf068v,239,4zwxc919,0,,InitializeParticipant,1779922388,1,0,0
bbxf068v,238,5pp5pil4,1,presurvey,Introduction,1779922396,1,0,0
bbxf068v,236,ip82x8p3,4,presurvey,NeighborhoodInstruction,1779922413,1,0,0
bbxf068v,239,4zwxc919,1,presurvey,Introduction,1779922414,1,0,0
bbxf068v,235,192eealb,11,presurvey,Scenario,1779922415,1,0,0
bbxf068v,240,h4g7cz1b,0,,InitializeParticipant,1779922425,1,0,0
bbxf068v,239,4zwxc919,2,presurvey,AudioCheck,1779922426,1,0,0
bbxf068v,238,5pp5pil4,2,presurvey,AudioCheck,1779922428,1,0,0
bbxf068v,215,4o5nk16v,13,mock_N08_N04_Aonly,GroupingWaitPage,1779922430,1,0,1
bbxf068v,234,exelryo7,11,presurvey,Scenario,1779922431,1,0,0
bbxf068v,215,4o5nk16v,14,mock_N08_N04_Aonly,GroupSizeWaitPage,1779922431,1,0,1
bbxf068v,240,h4g7cz1b,1,presurvey,Introduction,1779922432,1,0,0
bbxf068v,215,4o5nk16v,15,mock_N08_N04_Aonly,AttentionCheck,1779922437,1,0,0
bbxf068v,239,4zwxc919,3,presurvey,Demographics,1779922440,1,0,0
bbxf068v,239,4zwxc919,4,presurvey,NeighborhoodInstruction,1779922453,1,0,0
bbxf068v,238,5pp5pil4,3,presurvey,Demographics,1779922454,1,0,0
bbxf068v,236,ip82x8p3,5,presurvey,Training,1779922462,1,0,0
bbxf068v,240,h4g7cz1b,2,presurvey,AudioCheck,1779922463,1,0,0
bbxf068v,235,192eealb,12,presurvey,Commitment,1779922465,1,0,0
bbxf068v,241,xtpn5n10,0,,InitializeParticipant,1779922468,1,0,0
bbxf068v,239,4zwxc919,5,presurvey,Training,1779922469,1,0,0
bbxf068v,240,h4g7cz1b,3,presurvey,Demographics,1779922476,1,0,0
bbxf068v,213,newecnto,13,mock_N08_N04_Aonly,GroupingWaitPage,1779922478,1,0,1
bbxf068v,241,xtpn5n10,1,presurvey,Introduction,1779922479,1,0,0
bbxf068v,213,newecnto,14,mock_N08_N04_Aonly,GroupSizeWaitPage,1779922479,1,0,1
bbxf068v,239,4zwxc919,6,presurvey,TrainingNeighbor_1,1779922484,1,0,0
bbxf068v,239,4zwxc919,10,presurvey,ExperimentInstruction,1779922489,1,0,0
bbxf068v,242,dfuxot4g,0,,InitializeParticipant,1779922489,1,0,0
bbxf068v,213,newecnto,15,mock_N08_N04_Aonly,AttentionCheck,1779922489,1,0,0
bbxf068v,238,5pp5pil4,4,presurvey,NeighborhoodInstruction,1779922492,1,0,0
bbxf068v,240,h4g7cz1b,4,presurvey,NeighborhoodInstruction,1779922497,1,0,0
bbxf068v,241,xtpn5n10,2,presurvey,AudioCheck,1779922501,1,0,0
bbxf068v,242,dfuxot4g,1,presurvey,Introduction,1779922501,1,0,0
bbxf068v,232,3mkwg8sk,6,presurvey,TrainingNeighbor_1,1779922503,1,0,0
bbxf068v,239,4zwxc919,11,presurvey,Scenario,1779922513,1,0,0
bbxf068v,232,3mkwg8sk,10,presurvey,ExperimentInstruction,1779922514,1,0,0
bbxf068v,242,dfuxot4g,2,presurvey,AudioCheck,1779922518,1,0,0
bbxf068v,243,jx7tyzvr,0,,InitializeParticipant,1779922520,1,0,0
bbxf068v,241,xtpn5n10,3,presurvey,Demographics,1779922522,1,0,0
bbxf068v,234,exelryo7,12,presurvey,Commitment,1779922523,1,0,0
bbxf068v,243,jx7tyzvr,1,presurvey,Introduction,1779922524,1,0,0
bbxf068v,240,h4g7cz1b,5,presurvey,Training,1779922526,1,0,0
bbxf068v,241,xtpn5n10,4,presurvey,NeighborhoodInstruction,1779922534,1,0,0
bbxf068v,236,ip82x8p3,6,presurvey,TrainingNeighbor_1,1779922538,1,0,0
bbxf068v,243,jx7tyzvr,2,presurvey,AudioCheck,1779922540,1,0,0
bbxf068v,242,dfuxot4g,3,presurvey,Demographics,1779922543,1,0,0
bbxf068v,239,4zwxc919,12,presurvey,Commitment,1779922544,1,0,0
bbxf068v,242,dfuxot4g,4,presurvey,NeighborhoodInstruction,1779922549,1,0,0
bbxf068v,244,kgjzq1mg,0,,InitializeParticipant,1779922549,1,0,0
bbxf068v,236,ip82x8p3,10,presurvey,ExperimentInstruction,1779922550,1,0,0
bbxf068v,214,b61lrr7b,13,mock_N08_N04_Aonly,GroupingWaitPage,1779922552,1,0,1
bbxf068v,214,b61lrr7b,14,mock_N08_N04_Aonly,GroupSizeWaitPage,1779922554,1,0,1
bbxf068v,245,wm99aw8j,0,,InitializeParticipant,1779922554,1,0,0
bbxf068v,238,5pp5pil4,5,presurvey,Training,1779922556,1,0,0
bbxf068v,243,jx7tyzvr,3,presurvey,Demographics,1779922556,1,0,0
bbxf068v,240,h4g7cz1b,6,presurvey,TrainingNeighbor_1,1779922557,1,0,0
bbxf068v,244,kgjzq1mg,1,presurvey,Introduction,1779922558,1,0,0
bbxf068v,214,b61lrr7b,15,mock_N08_N04_Aonly,AttentionCheck,1779922562,1,0,0
bbxf068v,241,xtpn5n10,5,presurvey,Training,1779922564,1,0,0
bbxf068v,240,h4g7cz1b,10,presurvey,ExperimentInstruction,1779922565,1,0,0
bbxf068v,232,3mkwg8sk,11,presurvey,Scenario,1779922568,1,0,0
bbxf068v,201,byeg610k,13,mock_N08_N04_Aonly,GroupingWaitPage,1779922569,1,0,1
bbxf068v,201,byeg610k,14,mock_N08_N04_Aonly,GroupSizeWaitPage,1779922570,1,0,1
bbxf068v,201,byeg610k,15,mock_N08_N04_Aonly,AttentionCheck,1779922575,1,0,0
bbxf068v,245,wm99aw8j,1,presurvey,Introduction,1779922577,1,0,0
bbxf068v,246,sj3mh4ua,0,,InitializeParticipant,1779922577,1,0,0
bbxf068v,242,dfuxot4g,5,presurvey,Training,1779922578,1,0,0
bbxf068v,243,jx7tyzvr,4,presurvey,NeighborhoodInstruction,1779922580,1,0,0
bbxf068v,247,mtdpc8ie,0,,InitializeParticipant,1779922582,1,0,0
bbxf068v,246,sj3mh4ua,1,presurvey,Introduction,1779922590,1,0,0
bbxf068v,241,xtpn5n10,6,presurvey,TrainingNeighbor_1,1779922593,1,0,0
bbxf068v,247,mtdpc8ie,1,presurvey,Introduction,1779922594,1,0,0
bbxf068v,240,h4g7cz1b,11,presurvey,Scenario,1779922596,1,0,0
bbxf068v,245,wm99aw8j,2,presurvey,AudioCheck,1779922602,1,0,0
bbxf068v,247,mtdpc8ie,2,presurvey,AudioCheck,1779922610,1,0,0
bbxf068v,232,3mkwg8sk,12,presurvey,Commitment,1779922612,1,0,0
bbxf068v,243,jx7tyzvr,5,presurvey,Training,1779922612,1,0,0
bbxf068v,241,xtpn5n10,7,presurvey,TrainingNeighbor_2,1779922614,1,0,0
bbxf068v,242,dfuxot4g,6,presurvey,TrainingNeighbor_1,1779922624,1,0,0
bbxf068v,245,wm99aw8j,3,presurvey,Demographics,1779922627,1,0,0
bbxf068v,236,ip82x8p3,11,presurvey,Scenario,1779922628,1,0,0
bbxf068v,241,xtpn5n10,8,presurvey,AttentionCheck,1779922634,1,0,0
bbxf068v,242,dfuxot4g,7,presurvey,TrainingNeighbor_2,1779922635,1,0,0
bbxf068v,238,5pp5pil4,6,presurvey,TrainingNeighbor_1,1779922637,1,0,0
bbxf068v,247,mtdpc8ie,3,presurvey,Demographics,1779922638,1,0,0
bbxf068v,242,dfuxot4g,10,presurvey,ExperimentInstruction,1779922641,1,0,0
bbxf068v,246,sj3mh4ua,2,presurvey,AudioCheck,1779922642,1,0,0
bbxf068v,245,wm99aw8j,4,presurvey,NeighborhoodInstruction,1779922643,1,0,0
bbxf068v,243,jx7tyzvr,6,presurvey,TrainingNeighbor_1,1779922647,1,0,0
bbxf068v,248,4gvnoid7,0,,InitializeParticipant,1779922652,1,0,0
bbxf068v,242,dfuxot4g,11,presurvey,Scenario,1779922655,1,0,0
bbxf068v,241,xtpn5n10,9,presurvey,TrainingNeighbor_3,1779922656,1,0,0
bbxf068v,243,jx7tyzvr,7,presurvey,TrainingNeighbor_2,1779922658,1,0,0
bbxf068v,243,jx7tyzvr,10,presurvey,ExperimentInstruction,1779922662,1,0,0
bbxf068v,247,mtdpc8ie,4,presurvey,NeighborhoodInstruction,1779922662,1,0,0
bbxf068v,238,5pp5pil4,10,presurvey,ExperimentInstruction,1779922664,1,0,0
bbxf068v,249,40a2kadf,0,,InitializeParticipant,1779922669,1,0,0
bbxf068v,241,xtpn5n10,10,presurvey,ExperimentInstruction,1779922673,1,0,0
bbxf068v,249,40a2kadf,1,presurvey,Introduction,1779922684,1,0,0
bbxf068v,245,wm99aw8j,5,presurvey,Training,1779922684,1,0,0
bbxf068v,250,s60lljrx,0,,InitializeParticipant,1779922685,1,0,0
bbxf068v,250,s60lljrx,1,presurvey,Introduction,1779922694,1,0,0
bbxf068v,249,40a2kadf,2,presurvey,AudioCheck,1779922696,1,0,0
bbxf068v,242,dfuxot4g,12,presurvey,Commitment,1779922697,1,0,0
bbxf068v,241,xtpn5n10,11,presurvey,Scenario,1779922698,1,0,0
bbxf068v,220,00q717j1,13,mock_N08_N04_Aonly,GroupingWaitPage,1779922702,1,0,1
bbxf068v,250,s60lljrx,2,presurvey,AudioCheck,1779922702,1,0,0
bbxf068v,220,00q717j1,14,mock_N08_N04_Aonly,GroupSizeWaitPage,1779922703,1,0,1
bbxf068v,243,jx7tyzvr,11,presurvey,Scenario,1779922704,1,0,0
bbxf068v,244,kgjzq1mg,2,presurvey,AudioCheck,1779922710,1,0,0
bbxf068v,249,40a2kadf,3,presurvey,Demographics,1779922710,1,0,0
bbxf068v,248,4gvnoid7,1,presurvey,Introduction,1779922710,1,0,0
bbxf068v,250,s60lljrx,3,presurvey,Demographics,1779922711,1,0,0
bbxf068v,238,5pp5pil4,11,presurvey,Scenario,1779922714,1,0,0
bbxf068v,220,00q717j1,15,mock_N08_N04_Aonly,AttentionCheck,1779922716,1,0,0
bbxf068v,250,s60lljrx,4,presurvey,NeighborhoodInstruction,1779922719,1,0,0
bbxf068v,251,4td51kk5,0,,InitializeParticipant,1779922719,1,0,0
bbxf068v,249,40a2kadf,4,presurvey,NeighborhoodInstruction,1779922720,1,0,0
bbxf068v,245,wm99aw8j,6,presurvey,TrainingNeighbor_1,1779922721,1,0,0
bbxf068v,248,4gvnoid7,2,presurvey,AudioCheck,1779922727,1,0,0
bbxf068v,252,53vutge2,0,,InitializeParticipant,1779922730,1,0,0
bbxf068v,245,wm99aw8j,10,presurvey,ExperimentInstruction,1779922731,1,0,0
bbxf068v,253,8htqzeh8,0,,InitializeParticipant,1779922731,1,0,0
bbxf068v,241,xtpn5n10,12,presurvey,Commitment,1779922732,1,0,0
bbxf068v,247,mtdpc8ie,5,presurvey,Training,1779922738,1,0,0
bbxf068v,250,s60lljrx,5,presurvey,Training,1779922738,1,0,0
bbxf068v,253,8htqzeh8,1,presurvey,Introduction,1779922741,1,0,0
bbxf068v,244,kgjzq1mg,3,presurvey,Demographics,1779922743,1,0,0
bbxf068v,251,4td51kk5,1,presurvey,Introduction,1779922753,1,0,0
bbxf068v,250,s60lljrx,6,presurvey,TrainingNeighbor_1,1779922754,1,0,0
bbxf068v,248,4gvnoid7,3,presurvey,Demographics,1779922757,1,0,0
bbxf068v,250,s60lljrx,10,presurvey,ExperimentInstruction,1779922758,1,0,0
bbxf068v,253,8htqzeh8,2,presurvey,AudioCheck,1779922759,1,0,0
bbxf068v,249,40a2kadf,5,presurvey,Training,1779922762,1,0,0
bbxf068v,252,53vutge2,1,presurvey,Introduction,1779922763,1,0,0
bbxf068v,251,4td51kk5,2,presurvey,AudioCheck,1779922771,1,0,0
bbxf068v,250,s60lljrx,11,presurvey,Scenario,1779922774,1,0,0
bbxf068v,245,wm99aw8j,11,presurvey,Scenario,1779922774,1,0,0
bbxf068v,244,kgjzq1mg,4,presurvey,NeighborhoodInstruction,1779922775,1,0,0
bbxf068v,253,8htqzeh8,3,presurvey,Demographics,1779922780,1,0,0
bbxf068v,254,86nsbfa5,0,,InitializeParticipant,1779922784,1,0,0
bbxf068v,253,8htqzeh8,4,presurvey,NeighborhoodInstruction,1779922786,1,0,0
bbxf068v,251,4td51kk5,3,presurvey,Demographics,1779922788,1,0,0
bbxf068v,254,86nsbfa5,1,presurvey,Introduction,1779922789,1,0,0
bbxf068v,250,s60lljrx,12,presurvey,Commitment,1779922790,1,0,0
bbxf068v,248,4gvnoid7,4,presurvey,NeighborhoodInstruction,1779922790,1,0,0
bbxf068v,249,40a2kadf,6,presurvey,TrainingNeighbor_1,1779922800,1,0,0
bbxf068v,249,40a2kadf,10,presurvey,ExperimentInstruction,1779922805,1,0,0
bbxf068v,238,5pp5pil4,12,presurvey,Commitment,1779922816,1,0,0
bbxf068v,247,mtdpc8ie,6,presurvey,TrainingNeighbor_1,1779922818,1,0,0
bbxf068v,255,z1b6q50x,0,,InitializeParticipant,1779922822,1,0,0
bbxf068v,247,mtdpc8ie,10,presurvey,ExperimentInstruction,1779922822,1,0,0
bbxf068v,254,86nsbfa5,2,presurvey,AudioCheck,1779922824,1,0,0
bbxf068v,249,40a2kadf,11,presurvey,Scenario,1779922824,1,0,0
bbxf068v,251,4td51kk5,4,presurvey,NeighborhoodInstruction,1779922825,1,0,0
bbxf068v,255,z1b6q50x,1,presurvey,Introduction,1779922827,1,0,0
bbxf068v,245,wm99aw8j,12,presurvey,Commitment,1779922833,1,0,0
bbxf068v,253,8htqzeh8,5,presurvey,Training,1779922842,1,0,0
bbxf068v,255,z1b6q50x,2,presurvey,AudioCheck,1779922847,1,0,0
bbxf068v,244,kgjzq1mg,5,presurvey,Training,1779922850,1,0,0
bbxf068v,254,86nsbfa5,3,presurvey,Demographics,1779922851,1,0,0
bbxf068v,248,4gvnoid7,5,presurvey,Training,1779922854,1,0,0
bbxf068v,249,40a2kadf,12,presurvey,Commitment,1779922857,1,0,0
bbxf068v,247,mtdpc8ie,11,presurvey,Scenario,1779922860,1,0,0
bbxf068v,255,z1b6q50x,3,presurvey,Demographics,1779922873,1,0,0
bbxf068v,246,sj3mh4ua,3,presurvey,Demographics,1779922874,1,0,0
bbxf068v,253,8htqzeh8,6,presurvey,TrainingNeighbor_1,1779922878,1,0,0
bbxf068v,254,86nsbfa5,4,presurvey,NeighborhoodInstruction,1779922883,1,0,0
bbxf068v,251,4td51kk5,5,presurvey,Training,1779922884,1,0,0
bbxf068v,253,8htqzeh8,10,presurvey,ExperimentInstruction,1779922891,1,0,0
bbxf068v,255,z1b6q50x,4,presurvey,NeighborhoodInstruction,1779922891,1,0,0
bbxf068v,246,sj3mh4ua,4,presurvey,NeighborhoodInstruction,1779922893,1,0,0
bbxf068v,253,8htqzeh8,11,presurvey,Scenario,1779922907,1,0,0
bbxf068v,244,kgjzq1mg,6,presurvey,TrainingNeighbor_1,1779922909,1,0,0
bbxf068v,248,4gvnoid7,6,presurvey,TrainingNeighbor_1,1779922916,1,0,0
bbxf068v,254,86nsbfa5,5,presurvey,Training,1779922920,1,0,0
bbxf068v,251,4td51kk5,6,presurvey,TrainingNeighbor_1,1779922925,1,0,0
bbxf068v,244,kgjzq1mg,10,presurvey,ExperimentInstruction,1779922930,1,0,0
bbxf068v,247,mtdpc8ie,12,presurvey,Commitment,1779922939,1,0,0
bbxf068v,251,4td51kk5,7,presurvey,TrainingNeighbor_2,1779922944,1,0,0
bbxf068v,248,4gvnoid7,10,presurvey,ExperimentInstruction,1779922945,1,0,0
bbxf068v,253,8htqzeh8,12,presurvey,Commitment,1779922947,1,0,0
bbxf068v,219,0guhzrm9,13,mock_N08_N04_Aonly,GroupingWaitPage,1779922948,1,0,1
bbxf068v,219,0guhzrm9,14,mock_N08_N04_Aonly,GroupSizeWaitPage,1779922951,1,0,1
bbxf068v,251,4td51kk5,10,presurvey,ExperimentInstruction,1779922957,1,0,0
bbxf068v,256,wm6umbyy,0,,InitializeParticipant,1779922957,1,0,0
bbxf068v,219,0guhzrm9,15,mock_N08_N04_Aonly,AttentionCheck,1779922960,1,0,0
bbxf068v,256,wm6umbyy,1,presurvey,Introduction,1779922964,1,0,0
bbxf068v,255,z1b6q50x,5,presurvey,Training,1779922969,1,0,0
bbxf068v,223,rbhfd5cu,13,mock_N08_N04_Aonly,GroupingWaitPage,1779922979,1,0,1
bbxf068v,216,4qezknux,13,mock_N08_N04_Aonly,GroupingWaitPage,1779922983,1,0,1
bbxf068v,223,rbhfd5cu,14,mock_N08_N04_Aonly,GroupSizeWaitPage,1779922986,1,0,1
bbxf068v,216,4qezknux,14,mock_N08_N04_Aonly,GroupSizeWaitPage,1779922986,1,0,1
bbxf068v,257,0qtml0ou,0,,InitializeParticipant,1779922986,1,0,0
bbxf068v,258,jotnlbgh,0,,InitializeParticipant,1779922988,1,0,0
bbxf068v,216,4qezknux,15,mock_N08_N04_Aonly,AttentionCheck,1779922990,1,0,0
bbxf068v,248,4gvnoid7,11,presurvey,Scenario,1779922993,1,0,0
bbxf068v,258,jotnlbgh,1,presurvey,Introduction,1779922993,1,0,0
bbxf068v,256,wm6umbyy,2,presurvey,AudioCheck,1779922993,1,0,0
bbxf068v,223,rbhfd5cu,15,mock_N08_N04_Aonly,AttentionCheck,1779922993,1,0,0
bbxf068v,251,4td51kk5,11,presurvey,Scenario,1779922995,1,0,0
bbxf068v,258,jotnlbgh,2,presurvey,AudioCheck,1779923002,1,0,0
bbxf068v,256,wm6umbyy,3,presurvey,Demographics,1779923010,1,0,0
bbxf068v,257,0qtml0ou,1,presurvey,Introduction,1779923011,1,0,0
bbxf068v,258,jotnlbgh,3,presurvey,Demographics,1779923012,1,0,0
bbxf068v,255,z1b6q50x,6,presurvey,TrainingNeighbor_1,1779923016,1,0,0
bbxf068v,256,wm6umbyy,4,presurvey,NeighborhoodInstruction,1779923018,1,0,0
bbxf068v,258,jotnlbgh,4,presurvey,NeighborhoodInstruction,1779923023,1,0,0
bbxf068v,256,wm6umbyy,5,presurvey,Training,1779923023,1,0,0
bbxf068v,255,z1b6q50x,10,presurvey,ExperimentInstruction,1779923025,1,0,0
bbxf068v,259,8522layl,0,,InitializeParticipant,1779923032,1,0,0
bbxf068v,260,xb528lu6,0,,InitializeParticipant,1779923035,1,0,0
bbxf068v,261,pd42dtt6,0,,InitializeParticipant,1779923036,1,0,0
bbxf068v,262,8gjn9ozl,0,,InitializeParticipant,1779923037,1,0,0
bbxf068v,263,msb544nv,0,,InitializeParticipant,1779923039,1,0,0
bbxf068v,258,jotnlbgh,5,presurvey,Training,1779923040,1,0,0
bbxf068v,262,8gjn9ozl,1,presurvey,Introduction,1779923044,1,0,0
bbxf068v,257,0qtml0ou,2,presurvey,AudioCheck,1779923044,1,0,0
bbxf068v,263,msb544nv,1,presurvey,Introduction,1779923044,1,0,0
bbxf068v,260,xb528lu6,1,presurvey,Introduction,1779923045,1,0,0
bbxf068v,259,8522layl,1,presurvey,Introduction,1779923046,1,0,0
bbxf068v,244,kgjzq1mg,11,presurvey,Scenario,1779923049,1,0,0
bbxf068v,263,msb544nv,2,presurvey,AudioCheck,1779923057,1,0,0
bbxf068v,255,z1b6q50x,11,presurvey,Scenario,1779923059,1,0,0
bbxf068v,261,pd42dtt6,1,presurvey,Introduction,1779923060,1,0,0
bbxf068v,251,4td51kk5,12,presurvey,Commitment,1779923064,1,0,0
bbxf068v,260,xb528lu6,2,presurvey,AudioCheck,1779923065,1,0,0
bbxf068v,257,0qtml0ou,3,presurvey,Demographics,1779923066,1,0,0
bbxf068v,248,4gvnoid7,12,presurvey,Commitment,1779923072,1,0,0
bbxf068v,259,8522layl,2,presurvey,AudioCheck,1779923072,1,0,0
bbxf068v,263,msb544nv,3,presurvey,Demographics,1779923072,1,0,0
bbxf068v,256,wm6umbyy,6,presurvey,TrainingNeighbor_1,1779923073,1,0,0
bbxf068v,262,8gjn9ozl,2,presurvey,AudioCheck,1779923076,1,0,0
bbxf068v,258,jotnlbgh,6,presurvey,TrainingNeighbor_1,1779923076,1,0,0
bbxf068v,263,msb544nv,4,presurvey,NeighborhoodInstruction,1779923077,1,0,0
bbxf068v,229,s9c0x8ac,13,mock_N08_N04_Aonly,GroupingWaitPage,1779923080,1,0,1
bbxf068v,257,0qtml0ou,4,presurvey,NeighborhoodInstruction,1779923080,1,0,0
bbxf068v,256,wm6umbyy,7,presurvey,TrainingNeighbor_2,1779923081,1,0,0
bbxf068v,263,msb544nv,5,presurvey,Training,1779923082,1,0,0
bbxf068v,258,jotnlbgh,7,presurvey,TrainingNeighbor_2,1779923082,1,0,0
bbxf068v,229,s9c0x8ac,14,mock_N08_N04_Aonly,GroupSizeWaitPage,1779923082,1,0,1
bbxf068v,258,jotnlbgh,10,presurvey,ExperimentInstruction,1779923085,1,0,0
bbxf068v,260,xb528lu6,3,presurvey,Demographics,1779923085,1,0,0
bbxf068v,259,8522layl,3,presurvey,Demographics,1779923088,1,0,0
bbxf068v,226,s76z0atk,13,mock_N08_N04_Aonly,GroupingWaitPage,1779923092,1,0,1
bbxf068v,235,192eealb,13,mock_N08_N04_Aonly,GroupingWaitPage,1779923092,1,0,1
bbxf068v,238,5pp5pil4,13,mock_N08_N04_Aonly,GroupingWaitPage,1779923092,1,0,1
bbxf068v,248,4gvnoid7,13,mock_N08_N04_Aonly,GroupingWaitPage,1779923092,1,0,1
bbxf068v,226,s76z0atk,14,mock_N08_N04_Aonly,GroupSizeWaitPage,1779923093,1,0,1
bbxf068v,235,192eealb,14,mock_N08_N04_Aonly,GroupSizeWaitPage,1779923093,1,0,1
bbxf068v,238,5pp5pil4,14,mock_N08_N04_Aonly,GroupSizeWaitPage,1779923093,1,0,1
bbxf068v,248,4gvnoid7,14,mock_N08_N04_Aonly,GroupSizeWaitPage,1779923093,1,0,1
bbxf068v,238,5pp5pil4,16,mock_N08_N04_Aonly,DiscussionGRPWaitPage,1779923094,1,0,1
bbxf068v,226,s76z0atk,16,mock_N08_N04_Aonly,DiscussionGRPWaitPage,1779923094,1,0,1
bbxf068v,248,4gvnoid7,16,mock_N08_N04_Aonly,DiscussionGRPWaitPage,1779923094,1,0,1
bbxf068v,235,192eealb,16,mock_N08_N04_Aonly,DiscussionGRPWaitPage,1779923094,1,0,1
bbxf068v,256,wm6umbyy,10,presurvey,ExperimentInstruction,1779923094,1,0,0
bbxf068v,259,8522layl,4,presurvey,NeighborhoodInstruction,1779923098,1,0,0
bbxf068v,263,msb544nv,6,presurvey,TrainingNeighbor_1,1779923100,1,0,0
bbxf068v,254,86nsbfa5,6,presurvey,TrainingNeighbor_1,1779923101,1,0,0
bbxf068v,239,4zwxc919,13,mock_N08_N04_Aonly,GroupingWaitPage,1779923103,1,0,1
bbxf068v,241,xtpn5n10,13,mock_N08_N04_Aonly,GroupingWaitPage,1779923104,1,0,1
bbxf068v,232,3mkwg8sk,13,mock_N08_N04_Aonly,GroupingWaitPage,1779923105,1,0,1
bbxf068v,234,exelryo7,13,mock_N08_N04_Aonly,GroupingWaitPage,1779923105,1,0,1
bbxf068v,245,wm99aw8j,13,mock_N08_N04_Aonly,GroupingWaitPage,1779923106,1,0,1
bbxf068v,262,8gjn9ozl,3,presurvey,Demographics,1779923106,1,0,0
bbxf068v,247,mtdpc8ie,13,mock_N08_N04_Aonly,GroupingWaitPage,1779923107,1,0,1
bbxf068v,250,s60lljrx,13,mock_N08_N04_Aonly,GroupingWaitPage,1779923107,1,0,1
bbxf068v,251,4td51kk5,13,mock_N08_N04_Aonly,GroupingWaitPage,1779923108,1,0,1
bbxf068v,258,jotnlbgh,11,presurvey,Scenario,1779923108,1,0,0
bbxf068v,253,8htqzeh8,13,mock_N08_N04_Aonly,GroupingWaitPage,1779923115,1,0,1
bbxf068v,263,msb544nv,10,presurvey,ExperimentInstruction,1779923115,1,0,0
bbxf068v,249,40a2kadf,13,mock_N08_N04_Aonly,GroupingWaitPage,1779923115,1,0,1
bbxf068v,261,pd42dtt6,2,presurvey,AudioCheck,1779923116,1,0,0
bbxf068v,250,s60lljrx,14,mock_N08_N04_Aonly,GroupSizeWaitPage,1779923116,1,0,1
bbxf068v,264,e50jf9my,0,,InitializeParticipant,1779923116,1,0,0
bbxf068v,229,s9c0x8ac,15,mock_N08_N04_Aonly,AttentionCheck,1779923116,1,0,0
bbxf068v,226,s76z0atk,17,mock_N08_N04_Aonly,Nudge,1779923118,1,0,0
bbxf068v,254,86nsbfa5,7,presurvey,TrainingNeighbor_2,1779923118,1,0,0
bbxf068v,239,4zwxc919,14,mock_N08_N04_Aonly,GroupSizeWaitPage,1779923118,1,0,1
bbxf068v,251,4td51kk5,14,mock_N08_N04_Aonly,GroupSizeWaitPage,1779923118,1,0,1
bbxf068v,247,mtdpc8ie,14,mock_N08_N04_Aonly,GroupSizeWaitPage,1779923119,1,0,1
bbxf068v,249,40a2kadf,14,mock_N08_N04_Aonly,GroupSizeWaitPage,1779923119,1,0,1
bbxf068v,232,3mkwg8sk,14,mock_N08_N04_Aonly,GroupSizeWaitPage,1779923119,1,0,1
bbxf068v,241,xtpn5n10,14,mock_N08_N04_Aonly,GroupSizeWaitPage,1779923119,1,0,1
bbxf068v,253,8htqzeh8,14,mock_N08_N04_Aonly,GroupSizeWaitPage,1779923119,1,0,1
bbxf068v,257,0qtml0ou,5,presurvey,Training,1779923119,1,0,0
bbxf068v,245,wm99aw8j,14,mock_N08_N04_Aonly,GroupSizeWaitPage,1779923119,1,0,1
bbxf068v,234,exelryo7,14,mock_N08_N04_Aonly,GroupSizeWaitPage,1779923119,1,0,1
bbxf068v,260,xb528lu6,4,presurvey,NeighborhoodInstruction,1779923122,1,0,0
bbxf068v,254,86nsbfa5,10,presurvey,ExperimentInstruction,1779923122,1,0,0
bbxf068v,239,4zwxc919,15,mock_N08_N04_Aonly,AttentionCheck,1779923124,1,0,0
bbxf068v,234,exelryo7,15,mock_N08_N04_Aonly,AttentionCheck,1779923126,1,0,0
bbxf068v,250,s60lljrx,15,mock_N08_N04_Aonly,AttentionCheck,1779923128,1,0,0
bbxf068v,238,5pp5pil4,17,mock_N08_N04_Aonly,Nudge,1779923130,1,0,0
bbxf068v,249,40a2kadf,15,mock_N08_N04_Aonly,AttentionCheck,1779923130,1,0,0
bbxf068v,247,mtdpc8ie,15,mock_N08_N04_Aonly,AttentionCheck,1779923132,1,0,0
bbxf068v,263,msb544nv,11,presurvey,Scenario,1779923135,1,0,0
bbxf068v,241,xtpn5n10,15,mock_N08_N04_Aonly,AttentionCheck,1779923135,1,0,0
bbxf068v,245,wm99aw8j,15,mock_N08_N04_Aonly,AttentionCheck,1779923137,1,0,0
bbxf068v,251,4td51kk5,15,mock_N08_N04_Aonly,AttentionCheck,1779923139,1,0,0
bbxf068v,232,3mkwg8sk,15,mock_N08_N04_Aonly,AttentionCheck,1779923141,1,0,0
bbxf068v,235,192eealb,17,mock_N08_N04_Aonly,Nudge,1779923144,1,0,0
bbxf068v,264,e50jf9my,1,presurvey,Introduction,1779923144,1,0,0
bbxf068v,226,s76z0atk,18,mock_N08_N04_Aonly,NudgeTraining,1779923144,1,0,0
bbxf068v,246,sj3mh4ua,5,presurvey,Training,1779923144,1,0,0
bbxf068v,248,4gvnoid7,17,mock_N08_N04_Aonly,Nudge,1779923144,1,0,0
bbxf068v,257,0qtml0ou,6,presurvey,TrainingNeighbor_1,1779923145,1,0,0
bbxf068v,265,pmoyvpsu,0,,InitializeParticipant,1779923145,1,0,0
bbxf068v,261,pd42dtt6,3,presurvey,Demographics,1779923147,1,0,0
bbxf068v,256,wm6umbyy,11,presurvey,Scenario,1779923149,1,0,0
bbxf068v,260,xb528lu6,5,presurvey,Training,1779923151,1,0,0
bbxf068v,226,s76z0atk,19,mock_N08_N04_Aonly,NudgeTrainingLast,1779923153,1,0,0
bbxf068v,259,8522layl,5,presurvey,Training,1779923154,1,0,0
bbxf068v,255,z1b6q50x,12,presurvey,Commitment,1779923154,1,0,0
bbxf068v,255,z1b6q50x,13,mock_N08_N04_Aonly,GroupingWaitPage,1779923155,1,0,1
bbxf068v,255,z1b6q50x,14,mock_N08_N04_Aonly,GroupSizeWaitPage,1779923155,1,0,1
bbxf068v,253,8htqzeh8,15,mock_N08_N04_Aonly,AttentionCheck,1779923155,1,1,0
bbxf068v,265,pmoyvpsu,1,presurvey,Introduction,1779923157,1,0,0
bbxf068v,238,5pp5pil4,18,mock_N08_N04_Aonly,NudgeTraining,1779923157,1,0,0
bbxf068v,257,0qtml0ou,10,presurvey,ExperimentInstruction,1779923158,1,0,0
bbxf068v,235,192eealb,18,mock_N08_N04_Aonly,NudgeTraining,1779923158,1,0,0
bbxf068v,264,e50jf9my,2,presurvey,AudioCheck,1779923159,1,0,0
bbxf068v,262,8gjn9ozl,4,presurvey,NeighborhoodInstruction,1779923160,1,0,0
bbxf068v,226,s76z0atk,20,mock_N08_N04_Aonly,Phase3,1779923162,1,0,0
bbxf068v,248,4gvnoid7,18,mock_N08_N04_Aonly,NudgeTraining,1779923163,1,0,0
bbxf068v,263,msb544nv,12,presurvey,Commitment,1779923163,1,0,0
bbxf068v,263,msb544nv,13,mock_N08_N04_Aonly,GroupingWaitPage,1779923164,1,0,1
bbxf068v,263,msb544nv,14,mock_N08_N04_Aonly,GroupSizeWaitPage,1779923165,1,0,1
bbxf068v,255,z1b6q50x,15,mock_N08_N04_Aonly,AttentionCheck,1779923167,1,0,0
bbxf068v,266,h50ceod7,0,,InitializeParticipant,1779923169,1,0,0
bbxf068v,226,s76z0atk,21,mock_N08_N04_Aonly,Discussion,1779923169,1,0,0
bbxf068v,235,192eealb,19,mock_N08_N04_Aonly,NudgeTrainingLast,1779923170,1,0,0
bbxf068v,263,msb544nv,15,mock_N08_N04_Aonly,AttentionCheck,1779923171,1,0,0
bbxf068v,264,e50jf9my,3,presurvey,Demographics,1779923173,1,0,0
bbxf068v,260,xb528lu6,6,presurvey,TrainingNeighbor_1,1779923178,1,0,0
bbxf068v,248,4gvnoid7,19,mock_N08_N04_Aonly,NudgeTrainingLast,1779923179,1,0,0
bbxf068v,259,8522layl,6,presurvey,TrainingNeighbor_1,1779923180,1,0,0
bbxf068v,257,0qtml0ou,11,presurvey,Scenario,1779923182,1,0,0
bbxf068v,261,pd42dtt6,4,presurvey,NeighborhoodInstruction,1779923188,1,0,0
bbxf068v,259,8522layl,10,presurvey,ExperimentInstruction,1779923188,1,0,0
bbxf068v,254,86nsbfa5,11,presurvey,Scenario,1779923189,1,0,0
bbxf068v,260,xb528lu6,7,presurvey,TrainingNeighbor_2,1779923189,1,0,0
bbxf068v,266,h50ceod7,1,presurvey,Introduction,1779923194,1,0,0
bbxf068v,235,192eealb,20,mock_N08_N04_Aonly,Phase3,1779923200,1,0,0
bbxf068v,260,xb528lu6,10,presurvey,ExperimentInstruction,1779923200,1,0,0
bbxf068v,264,e50jf9my,4,presurvey,NeighborhoodInstruction,1779923201,1,0,0
bbxf068v,267,842u9byv,0,,InitializeParticipant,1779923206,1,0,0
bbxf068v,259,8522layl,11,presurvey,Scenario,1779923207,1,0,0
bbxf068v,267,842u9byv,1,presurvey,Introduction,1779923213,1,0,0
bbxf068v,262,8gjn9ozl,5,presurvey,Training,1779923214,1,0,0
bbxf068v,265,pmoyvpsu,2,presurvey,AudioCheck,1779923216,1,0,0
bbxf068v,235,192eealb,21,mock_N08_N04_Aonly,Discussion,1779923217,1,0,0
bbxf068v,248,4gvnoid7,20,mock_N08_N04_Aonly,Phase3,1779923218,1,0,0
bbxf068v,267,842u9byv,2,presurvey,AudioCheck,1779923223,1,0,0
bbxf068v,260,xb528lu6,11,presurvey,Scenario,1779923226,1,0,0
bbxf068v,261,pd42dtt6,5,presurvey,Training,1779923229,1,0,0
bbxf068v,267,842u9byv,3,presurvey,Demographics,1779923235,1,0,0
bbxf068v,248,4gvnoid7,21,mock_N08_N04_Aonly,Discussion,1779923240,1,0,0
bbxf068v,267,842u9byv,4,presurvey,NeighborhoodInstruction,1779923241,1,0,0
bbxf068v,265,pmoyvpsu,3,presurvey,Demographics,1779923244,1,0,0
bbxf068v,268,nzry3zb7,0,,InitializeParticipant,1779923247,1,0,0
bbxf068v,264,e50jf9my,5,presurvey,Training,1779923248,1,0,0
bbxf068v,238,5pp5pil4,19,mock_N08_N04_Aonly,NudgeTrainingLast,1779923249,1,1,0
bbxf068v,246,sj3mh4ua,6,presurvey,TrainingNeighbor_1,1779923251,1,0,0
bbxf068v,254,86nsbfa5,12,presurvey,Commitment,1779923255,1,0,0
bbxf068v,254,86nsbfa5,13,mock_N08_N04_Aonly,GroupingWaitPage,1779923256,1,0,1
bbxf068v,254,86nsbfa5,14,mock_N08_N04_Aonly,GroupSizeWaitPage,1779923257,1,0,1
bbxf068v,265,pmoyvpsu,4,presurvey,NeighborhoodInstruction,1779923257,1,0,0
bbxf068v,246,sj3mh4ua,7,presurvey,TrainingNeighbor_2,1779923258,1,0,0
bbxf068v,254,86nsbfa5,15,mock_N08_N04_Aonly,AttentionCheck,1779923264,1,0,0
bbxf068v,268,nzry3zb7,1,presurvey,Introduction,1779923266,1,0,0
bbxf068v,265,pmoyvpsu,5,presurvey,Training,1779923267,1,0,0
bbxf068v,256,wm6umbyy,12,presurvey,Commitment,1779923273,1,0,0
bbxf068v,260,xb528lu6,12,presurvey,Commitment,1779923279,1,0,0
bbxf068v,260,xb528lu6,13,mock_N08_N04_Aonly,GroupingWaitPage,1779923279,1,0,1
bbxf068v,238,5pp5pil4,20,mock_N08_N04_Aonly,Phase3,1779923279,1,0,0
bbxf068v,260,xb528lu6,14,mock_N08_N04_Aonly,GroupSizeWaitPage,1779923280,1,0,1
bbxf068v,265,pmoyvpsu,6,presurvey,TrainingNeighbor_1,1779923284,1,0,0
bbxf068v,260,xb528lu6,15,mock_N08_N04_Aonly,AttentionCheck,1779923290,1,0,0
bbxf068v,268,nzry3zb7,2,presurvey,AudioCheck,1779923292,1,0,0
bbxf068v,267,842u9byv,5,presurvey,Training,1779923292,1,0,0
bbxf068v,264,e50jf9my,6,presurvey,TrainingNeighbor_1,1779923293,1,0,0
bbxf068v,261,pd42dtt6,6,presurvey,TrainingNeighbor_1,1779923294,1,0,0
bbxf068v,238,5pp5pil4,21,mock_N08_N04_Aonly,Discussion,1779923299,1,0,0
bbxf068v,226,s76z0atk,28,mock_N08_N04_Aonly,DiscussionGRPWaitPage,1779923300,2,0,1
bbxf068v,238,5pp5pil4,28,mock_N08_N04_Aonly,DiscussionGRPWaitPage,1779923300,2,0,1
bbxf068v,248,4gvnoid7,28,mock_N08_N04_Aonly,DiscussionGRPWaitPage,1779923300,2,0,1
bbxf068v,235,192eealb,28,mock_N08_N04_Aonly,DiscussionGRPWaitPage,1779923300,2,0,1
bbxf068v,264,e50jf9my,7,presurvey,TrainingNeighbor_2,1779923305,1,0,0
bbxf068v,226,s76z0atk,33,mock_N08_N04_Aonly,Discussion,1779923309,2,0,0
bbxf068v,268,nzry3zb7,3,presurvey,Demographics,1779923314,1,0,0
bbxf068v,261,pd42dtt6,10,presurvey,ExperimentInstruction,1779923315,1,0,0
bbxf068v,246,sj3mh4ua,10,presurvey,ExperimentInstruction,1779923321,1,0,0
bbxf068v,248,4gvnoid7,33,mock_N08_N04_Aonly,Discussion,1779923323,2,0,0
bbxf068v,238,5pp5pil4,33,mock_N08_N04_Aonly,Discussion,1779923325,2,0,0
bbxf068v,267,842u9byv,6,presurvey,TrainingNeighbor_1,1779923330,1,0,0
bbxf068v,268,nzry3zb7,4,presurvey,NeighborhoodInstruction,1779923330,1,0,0
bbxf068v,235,192eealb,33,mock_N08_N04_Aonly,Discussion,1779923331,2,0,0
bbxf068v,248,4gvnoid7,40,mock_N08_N04_Aonly,DiscussionGRPWaitPage,1779923331,3,0,1
bbxf068v,238,5pp5pil4,40,mock_N08_N04_Aonly,DiscussionGRPWaitPage,1779923331,3,0,1
bbxf068v,226,s76z0atk,40,mock_N08_N04_Aonly,DiscussionGRPWaitPage,1779923331,3,0,1
bbxf068v,235,192eealb,40,mock_N08_N04_Aonly,DiscussionGRPWaitPage,1779923331,3,0,1
bbxf068v,226,s76z0atk,45,mock_N08_N04_Aonly,Discussion,1779923336,3,0,0
bbxf068v,267,842u9byv,10,presurvey,ExperimentInstruction,1779923340,1,0,0
bbxf068v,235,192eealb,45,mock_N08_N04_Aonly,Discussion,1779923340,3,0,0
bbxf068v,264,e50jf9my,10,presurvey,ExperimentInstruction,1779923342,1,0,0
bbxf068v,262,8gjn9ozl,6,presurvey,TrainingNeighbor_1,1779923344,1,0,0
bbxf068v,268,nzry3zb7,5,presurvey,Training,1779923351,1,0,0
bbxf068v,248,4gvnoid7,45,mock_N08_N04_Aonly,Discussion,1779923353,3,0,0
bbxf068v,262,8gjn9ozl,10,presurvey,ExperimentInstruction,1779923353,1,0,0
bbxf068v,267,842u9byv,11,presurvey,Scenario,1779923355,1,0,0
bbxf068v,238,5pp5pil4,45,mock_N08_N04_Aonly,Discussion,1779923357,3,0,0
bbxf068v,226,s76z0atk,52,mock_N08_N04_Aonly,DiscussionGRPWaitPage,1779923358,4,0,1
bbxf068v,238,5pp5pil4,52,mock_N08_N04_Aonly,DiscussionGRPWaitPage,1779923358,4,0,1
bbxf068v,248,4gvnoid7,52,mock_N08_N04_Aonly,DiscussionGRPWaitPage,1779923358,4,0,1
bbxf068v,235,192eealb,52,mock_N08_N04_Aonly,DiscussionGRPWaitPage,1779923358,4,0,1
bbxf068v,226,s76z0atk,57,mock_N08_N04_Aonly,Discussion,1779923364,4,0,0
bbxf068v,235,192eealb,57,mock_N08_N04_Aonly,Discussion,1779923371,4,0,0
bbxf068v,264,e50jf9my,11,presurvey,Scenario,1779923372,1,0,0
bbxf068v,261,pd42dtt6,11,presurvey,Scenario,1779923374,1,0,0
bbxf068v,238,5pp5pil4,57,mock_N08_N04_Aonly,Discussion,1779923377,4,0,0
bbxf068v,248,4gvnoid7,57,mock_N08_N04_Aonly,Discussion,1779923388,4,0,0
bbxf068v,226,s76z0atk,64,mock_N08_N04_Aonly,DiscussionGRPWaitPage,1779923388,5,0,1
bbxf068v,235,192eealb,64,mock_N08_N04_Aonly,DiscussionGRPWaitPage,1779923388,5,0,1
bbxf068v,238,5pp5pil4,64,mock_N08_N04_Aonly,DiscussionGRPWaitPage,1779923388,5,0,1
bbxf068v,248,4gvnoid7,64,mock_N08_N04_Aonly,DiscussionGRPWaitPage,1779923388,5,0,1
bbxf068v,226,s76z0atk,69,mock_N08_N04_Aonly,Discussion,1779923393,5,0,0
bbxf068v,248,4gvnoid7,69,mock_N08_N04_Aonly,Discussion,1779923395,5,0,0
bbxf068v,268,nzry3zb7,6,presurvey,TrainingNeighbor_1,1779923399,1,0,0
bbxf068v,235,192eealb,69,mock_N08_N04_Aonly,Discussion,1779923401,5,0,0
bbxf068v,238,5pp5pil4,69,mock_N08_N04_Aonly,Discussion,1779923402,5,0,0
bbxf068v,238,5pp5pil4,76,mock_N08_N04_Aonly,DiscussionGRPWaitPage,1779923403,6,0,1
bbxf068v,248,4gvnoid7,76,mock_N08_N04_Aonly,DiscussionGRPWaitPage,1779923403,6,0,1
bbxf068v,226,s76z0atk,76,mock_N08_N04_Aonly,DiscussionGRPWaitPage,1779923403,6,0,1
bbxf068v,235,192eealb,76,mock_N08_N04_Aonly,DiscussionGRPWaitPage,1779923403,6,0,1
bbxf068v,267,842u9byv,12,presurvey,Commitment,1779923404,1,0,0
bbxf068v,267,842u9byv,13,mock_N08_N04_Aonly,GroupingWaitPage,1779923405,1,0,1
bbxf068v,267,842u9byv,14,mock_N08_N04_Aonly,GroupSizeWaitPage,1779923405,1,0,1
bbxf068v,226,s76z0atk,81,mock_N08_N04_Aonly,Discussion,1779923409,6,0,0
bbxf068v,235,192eealb,81,mock_N08_N04_Aonly,Discussion,1779923410,6,0,0
bbxf068v,248,4gvnoid7,81,mock_N08_N04_Aonly,Discussion,1779923415,6,0,0
bbxf068v,267,842u9byv,15,mock_N08_N04_Aonly,AttentionCheck,1779923416,1,0,0
bbxf068v,264,e50jf9my,12,presurvey,Commitment,1779923419,1,0,0
bbxf068v,264,e50jf9my,13,mock_N08_N04_Aonly,GroupingWaitPage,1779923420,1,0,1
bbxf068v,264,e50jf9my,14,mock_N08_N04_Aonly,GroupSizeWaitPage,1779923420,1,0,1
bbxf068v,261,pd42dtt6,12,presurvey,Commitment,1779923425,1,0,0
bbxf068v,238,5pp5pil4,81,mock_N08_N04_Aonly,Discussion,1779923425,6,0,0
bbxf068v,261,pd42dtt6,13,mock_N08_N04_Aonly,GroupingWaitPage,1779923426,1,0,1
bbxf068v,226,s76z0atk,88,mock_N08_N04_Aonly,DiscussionGRPWaitPage,1779923426,7,0,1
bbxf068v,238,5pp5pil4,88,mock_N08_N04_Aonly,DiscussionGRPWaitPage,1779923426,7,0,1
bbxf068v,248,4gvnoid7,88,mock_N08_N04_Aonly,DiscussionGRPWaitPage,1779923426,7,0,1
bbxf068v,235,192eealb,88,mock_N08_N04_Aonly,DiscussionGRPWaitPage,1779923426,7,0,1
bbxf068v,261,pd42dtt6,14,mock_N08_N04_Aonly,GroupSizeWaitPage,1779923426,1,0,1
bbxf068v,226,s76z0atk,93,mock_N08_N04_Aonly,Discussion,1779923429,7,0,0
bbxf068v,264,e50jf9my,15,mock_N08_N04_Aonly,AttentionCheck,1779923430,1,0,0
bbxf068v,235,192eealb,93,mock_N08_N04_Aonly,Discussion,1779923432,7,0,0
bbxf068v,261,pd42dtt6,15,mock_N08_N04_Aonly,AttentionCheck,1779923434,1,0,0
bbxf068v,248,4gvnoid7,93,mock_N08_N04_Aonly,Discussion,1779923436,7,0,0
bbxf068v,265,pmoyvpsu,7,presurvey,TrainingNeighbor_2,1779923442,1,0,0
bbxf068v,268,nzry3zb7,7,presurvey,TrainingNeighbor_2,1779923444,1,0,0
bbxf068v,238,5pp5pil4,93,mock_N08_N04_Aonly,Discussion,1779923450,7,0,0
bbxf068v,268,nzry3zb7,10,presurvey,ExperimentInstruction,1779923451,1,0,0
bbxf068v,226,s76z0atk,100,mock_N08_N04_Aonly,DiscussionGRPWaitPage,1779923451,8,0,1
bbxf068v,235,192eealb,100,mock_N08_N04_Aonly,DiscussionGRPWaitPage,1779923451,8,0,1
bbxf068v,238,5pp5pil4,100,mock_N08_N04_Aonly,DiscussionGRPWaitPage,1779923451,8,0,1
bbxf068v,248,4gvnoid7,100,mock_N08_N04_Aonly,DiscussionGRPWaitPage,1779923451,8,0,1
bbxf068v,226,s76z0atk,105,mock_N08_N04_Aonly,Discussion,1779923455,8,0,0
bbxf068v,235,192eealb,105,mock_N08_N04_Aonly,Discussion,1779923458,8,0,0
bbxf068v,262,8gjn9ozl,11,presurvey,Scenario,1779923460,1,0,0
bbxf068v,248,4gvnoid7,105,mock_N08_N04_Aonly,Discussion,1779923464,8,0,0
bbxf068v,238,5pp5pil4,105,mock_N08_N04_Aonly,Discussion,1779923466,8,0,0
bbxf068v,238,5pp5pil4,112,mock_N08_N04_Aonly,DiscussionGRPWaitPage,1779923466,9,0,1
bbxf068v,248,4gvnoid7,112,mock_N08_N04_Aonly,DiscussionGRPWaitPage,1779923466,9,0,1
bbxf068v,226,s76z0atk,112,mock_N08_N04_Aonly,DiscussionGRPWaitPage,1779923466,9,0,1
bbxf068v,235,192eealb,112,mock_N08_N04_Aonly,DiscussionGRPWaitPage,1779923466,9,0,1
bbxf068v,235,192eealb,117,mock_N08_N04_Aonly,Discussion,1779923471,9,0,0
bbxf068v,226,s76z0atk,117,mock_N08_N04_Aonly,Discussion,1779923471,9,0,0
bbxf068v,248,4gvnoid7,117,mock_N08_N04_Aonly,Discussion,1779923478,9,0,0
bbxf068v,265,pmoyvpsu,8,presurvey,AttentionCheck,1779923479,1,0,0
bbxf068v,246,sj3mh4ua,11,presurvey,Scenario,1779923481,1,0,0
bbxf068v,268,nzry3zb7,11,presurvey,Scenario,1779923483,1,0,0
bbxf068v,238,5pp5pil4,117,mock_N08_N04_Aonly,Discussion,1779923493,9,0,0
bbxf068v,226,s76z0atk,124,mock_N08_N04_Aonly,DiscussionGRPWaitPage,1779923493,10,0,1
bbxf068v,238,5pp5pil4,124,mock_N08_N04_Aonly,DiscussionGRPWaitPage,1779923493,10,0,1
bbxf068v,248,4gvnoid7,124,mock_N08_N04_Aonly,DiscussionGRPWaitPage,1779923493,10,0,1
bbxf068v,235,192eealb,124,mock_N08_N04_Aonly,DiscussionGRPWaitPage,1779923493,10,0,1
bbxf068v,226,s76z0atk,129,mock_N08_N04_Aonly,Discussion,1779923498,10,0,0
bbxf068v,235,192eealb,129,mock_N08_N04_Aonly,Discussion,1779923499,10,0,0
bbxf068v,248,4gvnoid7,129,mock_N08_N04_Aonly,Discussion,1779923505,10,0,0
bbxf068v,265,pmoyvpsu,9,presurvey,TrainingNeighbor_3,1779923506,1,0,0
bbxf068v,238,5pp5pil4,129,mock_N08_N04_Aonly,Discussion,1779923516,10,0,0
bbxf068v,226,s76z0atk,136,mock_N08_N04_Aonly,DiscussionGRPWaitPage,1779923516,11,0,1
bbxf068v,235,192eealb,136,mock_N08_N04_Aonly,DiscussionGRPWaitPage,1779923516,11,0,1
bbxf068v,238,5pp5pil4,136,mock_N08_N04_Aonly,DiscussionGRPWaitPage,1779923516,11,0,1
bbxf068v,248,4gvnoid7,136,mock_N08_N04_Aonly,DiscussionGRPWaitPage,1779923516,11,0,1
bbxf068v,235,192eealb,141,mock_N08_N04_Aonly,Discussion,1779923521,11,0,0
bbxf068v,226,s76z0atk,141,mock_N08_N04_Aonly,Discussion,1779923523,11,0,0
bbxf068v,248,4gvnoid7,141,mock_N08_N04_Aonly,Discussion,1779923525,11,0,0
bbxf068v,238,5pp5pil4,141,mock_N08_N04_Aonly,Discussion,1779923535,11,0,0
bbxf068v,226,s76z0atk,148,mock_N08_N04_Aonly,DiscussionGRPWaitPage,1779923536,12,0,1
bbxf068v,235,192eealb,148,mock_N08_N04_Aonly,DiscussionGRPWaitPage,1779923536,12,0,1
bbxf068v,238,5pp5pil4,148,mock_N08_N04_Aonly,DiscussionGRPWaitPage,1779923536,12,0,1
bbxf068v,248,4gvnoid7,148,mock_N08_N04_Aonly,DiscussionGRPWaitPage,1779923536,12,0,1
bbxf068v,226,s76z0atk,153,mock_N08_N04_Aonly,Discussion,1779923540,12,0,0
bbxf068v,268,nzry3zb7,12,presurvey,Commitment,1779923541,1,0,0
bbxf068v,235,192eealb,153,mock_N08_N04_Aonly,Discussion,1779923546,12,0,0
bbxf068v,238,5pp5pil4,153,mock_N08_N04_Aonly,Discussion,1779923546,12,0,0
bbxf068v,248,4gvnoid7,153,mock_N08_N04_Aonly,Discussion,1779923547,12,0,0
bbxf068v,226,s76z0atk,160,mock_N08_N04_Aonly,DiscussionGRPWaitPage,1779923547,13,0,1
bbxf068v,238,5pp5pil4,160,mock_N08_N04_Aonly,DiscussionGRPWaitPage,1779923547,13,0,1
bbxf068v,248,4gvnoid7,160,mock_N08_N04_Aonly,DiscussionGRPWaitPage,1779923547,13,0,1
bbxf068v,235,192eealb,160,mock_N08_N04_Aonly,DiscussionGRPWaitPage,1779923547,13,0,1
bbxf068v,226,s76z0atk,165,mock_N08_N04_Aonly,Discussion,1779923551,13,0,0
bbxf068v,262,8gjn9ozl,12,presurvey,Commitment,1779923551,1,0,0
bbxf068v,235,192eealb,165,mock_N08_N04_Aonly,Discussion,1779923551,13,0,0
bbxf068v,262,8gjn9ozl,13,mock_N08_N04_Aonly,GroupingWaitPage,1779923552,1,0,1
bbxf068v,262,8gjn9ozl,14,mock_N08_N04_Aonly,GroupSizeWaitPage,1779923552,1,0,1
bbxf068v,248,4gvnoid7,165,mock_N08_N04_Aonly,Discussion,1779923559,13,0,0
bbxf068v,238,5pp5pil4,165,mock_N08_N04_Aonly,Discussion,1779923562,13,0,0
bbxf068v,238,5pp5pil4,172,mock_N08_N04_Aonly,DiscussionGRPWaitPage,1779923562,14,0,1
bbxf068v,226,s76z0atk,172,mock_N08_N04_Aonly,DiscussionGRPWaitPage,1779923562,14,0,1
bbxf068v,248,4gvnoid7,172,mock_N08_N04_Aonly,DiscussionGRPWaitPage,1779923562,14,0,1
bbxf068v,235,192eealb,172,mock_N08_N04_Aonly,DiscussionGRPWaitPage,1779923562,14,0,1
bbxf068v,235,192eealb,177,mock_N08_N04_Aonly,Discussion,1779923565,14,0,0
bbxf068v,262,8gjn9ozl,15,mock_N08_N04_Aonly,AttentionCheck,1779923567,1,0,0
bbxf068v,226,s76z0atk,177,mock_N08_N04_Aonly,Discussion,1779923569,14,0,0
bbxf068v,248,4gvnoid7,177,mock_N08_N04_Aonly,Discussion,1779923574,14,0,0
bbxf068v,269,nl5yd62h,0,,InitializeParticipant,1779923575,1,0,0
bbxf068v,270,7gjdmkrc,0,,InitializeParticipant,1779923579,1,0,0
bbxf068v,271,cym4tjdr,0,,InitializeParticipant,1779923580,1,0,0
bbxf068v,238,5pp5pil4,177,mock_N08_N04_Aonly,Discussion,1779923581,14,0,0
bbxf068v,226,s76z0atk,184,mock_N08_N04_Aonly,DiscussionGRPWaitPage,1779923582,15,0,1
bbxf068v,235,192eealb,184,mock_N08_N04_Aonly,DiscussionGRPWaitPage,1779923582,15,0,1
bbxf068v,238,5pp5pil4,184,mock_N08_N04_Aonly,DiscussionGRPWaitPage,1779923582,15,0,1
bbxf068v,248,4gvnoid7,184,mock_N08_N04_Aonly,DiscussionGRPWaitPage,1779923582,15,0,1
bbxf068v,235,192eealb,189,mock_N08_N04_Aonly,Discussion,1779923585,15,0,0
bbxf068v,270,7gjdmkrc,1,presurvey,Introduction,1779923586,1,0,0
bbxf068v,271,cym4tjdr,1,presurvey,Introduction,1779923587,1,0,0
bbxf068v,238,5pp5pil4,189,mock_N08_N04_Aonly,Discussion,1779923588,15,0,0
bbxf068v,248,4gvnoid7,189,mock_N08_N04_Aonly,Discussion,1779923589,15,0,0
bbxf068v,269,nl5yd62h,1,presurvey,Introduction,1779923594,1,0,0
bbxf068v,226,s76z0atk,189,mock_N08_N04_Aonly,Discussion,1779923596,15,0,0
bbxf068v,226,s76z0atk,196,mock_N08_N04_Aonly,DiscussionGRPWaitPage,1779923597,16,0,1
bbxf068v,248,4gvnoid7,196,mock_N08_N04_Aonly,DiscussionGRPWaitPage,1779923597,16,0,1
bbxf068v,238,5pp5pil4,196,mock_N08_N04_Aonly,DiscussionGRPWaitPage,1779923597,16,0,1
bbxf068v,235,192eealb,196,mock_N08_N04_Aonly,DiscussionGRPWaitPage,1779923597,16,0,1
bbxf068v,272,gfnligu8,0,,InitializeParticipant,1779923599,1,0,0
bbxf068v,235,192eealb,201,mock_N08_N04_Aonly,Discussion,1779923600,16,0,0
bbxf068v,270,7gjdmkrc,2,presurvey,AudioCheck,1779923602,1,0,0
bbxf068v,226,s76z0atk,201,mock_N08_N04_Aonly,Discussion,1779923603,16,0,0
bbxf068v,248,4gvnoid7,201,mock_N08_N04_Aonly,Discussion,1779923604,16,0,0
bbxf068v,272,gfnligu8,1,presurvey,Introduction,1779923604,1,0,0
bbxf068v,238,5pp5pil4,201,mock_N08_N04_Aonly,Discussion,1779923608,16,0,0
bbxf068v,238,5pp5pil4,208,mock_N08_N04_Aonly,DiscussionGRPWaitPage,1779923609,17,0,1
bbxf068v,226,s76z0atk,208,mock_N08_N04_Aonly,DiscussionGRPWaitPage,1779923609,17,0,1
bbxf068v,235,192eealb,208,mock_N08_N04_Aonly,DiscussionGRPWaitPage,1779923609,17,0,1
bbxf068v,248,4gvnoid7,208,mock_N08_N04_Aonly,DiscussionGRPWaitPage,1779923609,17,0,1
bbxf068v,269,nl5yd62h,2,presurvey,AudioCheck,1779923611,1,0,0
bbxf068v,226,s76z0atk,213,mock_N08_N04_Aonly,Discussion,1779923613,17,0,0
bbxf068v,235,192eealb,213,mock_N08_N04_Aonly,Discussion,1779923613,17,0,0
bbxf068v,270,7gjdmkrc,3,presurvey,Demographics,1779923616,1,0,0
bbxf068v,272,gfnligu8,2,presurvey,AudioCheck,1779923616,1,0,0
bbxf068v,238,5pp5pil4,213,mock_N08_N04_Aonly,Discussion,1779923616,17,0,0
bbxf068v,248,4gvnoid7,213,mock_N08_N04_Aonly,Discussion,1779923617,17,0,0
bbxf068v,226,s76z0atk,220,mock_N08_N04_Aonly,DiscussionGRPWaitPage,1779923618,18,0,1
bbxf068v,235,192eealb,220,mock_N08_N04_Aonly,DiscussionGRPWaitPage,1779923618,18,0,1
bbxf068v,238,5pp5pil4,220,mock_N08_N04_Aonly,DiscussionGRPWaitPage,1779923618,18,0,1
bbxf068v,248,4gvnoid7,220,mock_N08_N04_Aonly,DiscussionGRPWaitPage,1779923618,18,0,1
bbxf068v,270,7gjdmkrc,4,presurvey,NeighborhoodInstruction,1779923619,1,0,0
bbxf068v,271,cym4tjdr,2,presurvey,AudioCheck,1779923620,1,0,0
bbxf068v,226,s76z0atk,225,mock_N08_N04_Aonly,Discussion,1779923620,18,0,0
bbxf068v,235,192eealb,225,mock_N08_N04_Aonly,Discussion,1779923621,18,0,0
bbxf068v,273,u5yxfgte,0,,InitializeParticipant,1779923621,1,0,0
bbxf068v,248,4gvnoid7,225,mock_N08_N04_Aonly,Discussion,1779923624,18,0,0
bbxf068v,269,nl5yd62h,3,presurvey,Demographics,1779923624,1,0,0
bbxf068v,274,zl90bzmu,0,,InitializeParticipant,1779923626,1,0,0
bbxf068v,246,sj3mh4ua,12,presurvey,Commitment,1779923626,1,0,0
bbxf068v,246,sj3mh4ua,13,mock_N08_N04_Aonly,GroupingWaitPage,1779923627,1,0,1
bbxf068v,246,sj3mh4ua,14,mock_N08_N04_Aonly,GroupSizeWaitPage,1779923627,1,0,1
bbxf068v,270,7gjdmkrc,5,presurvey,Training,1779923628,1,0,0
bbxf068v,238,5pp5pil4,225,mock_N08_N04_Aonly,Discussion,1779923629,18,0,0
bbxf068v,226,s76z0atk,232,mock_N08_N04_Aonly,DiscussionGRPWaitPage,1779923630,19,0,1
bbxf068v,238,5pp5pil4,232,mock_N08_N04_Aonly,DiscussionGRPWaitPage,1779923630,19,0,1
bbxf068v,248,4gvnoid7,232,mock_N08_N04_Aonly,DiscussionGRPWaitPage,1779923630,19,0,1
bbxf068v,235,192eealb,232,mock_N08_N04_Aonly,DiscussionGRPWaitPage,1779923630,19,0,1
bbxf068v,271,cym4tjdr,3,presurvey,Demographics,1779923630,1,0,0
bbxf068v,274,zl90bzmu,1,presurvey,Introduction,1779923631,1,0,0
bbxf068v,272,gfnligu8,3,presurvey,Demographics,1779923632,1,0,0
bbxf068v,235,192eealb,237,mock_N08_N04_Aonly,Discussion,1779923634,19,0,0
bbxf068v,226,s76z0atk,237,mock_N08_N04_Aonly,Discussion,1779923635,19,0,0
bbxf068v,248,4gvnoid7,237,mock_N08_N04_Aonly,Discussion,1779923636,19,0,0
bbxf068v,246,sj3mh4ua,15,mock_N08_N04_Aonly,AttentionCheck,1779923638,1,0,0
bbxf068v,238,5pp5pil4,237,mock_N08_N04_Aonly,Discussion,1779923640,19,0,0
bbxf068v,269,nl5yd62h,4,presurvey,NeighborhoodInstruction,1779923640,1,0,0
bbxf068v,238,5pp5pil4,244,mock_N08_N04_Aonly,DiscussionGRPWaitPage,1779923642,20,0,1
bbxf068v,226,s76z0atk,244,mock_N08_N04_Aonly,DiscussionGRPWaitPage,1779923642,20,0,1
bbxf068v,248,4gvnoid7,244,mock_N08_N04_Aonly,DiscussionGRPWaitPage,1779923642,20,0,1
bbxf068v,235,192eealb,244,mock_N08_N04_Aonly,DiscussionGRPWaitPage,1779923642,20,0,1
bbxf068v,270,7gjdmkrc,6,presurvey,TrainingNeighbor_1,1779923642,1,0,0
bbxf068v,273,u5yxfgte,1,presurvey,Introduction,1779923646,1,0,0
bbxf068v,271,cym4tjdr,4,presurvey,NeighborhoodInstruction,1779923646,1,0,0
bbxf068v,235,192eealb,249,mock_N08_N04_Aonly,Discussion,1779923646,20,0,0
bbxf068v,226,s76z0atk,249,mock_N08_N04_Aonly,Discussion,1779923646,20,0,0
bbxf068v,248,4gvnoid7,249,mock_N08_N04_Aonly,Discussion,1779923649,20,0,0
bbxf068v,274,zl90bzmu,2,presurvey,AudioCheck,1779923649,1,0,0
bbxf068v,238,5pp5pil4,249,mock_N08_N04_Aonly,Discussion,1779923649,20,0,0
bbxf068v,270,7gjdmkrc,7,presurvey,TrainingNeighbor_2,1779923651,1,0,0
bbxf068v,270,7gjdmkrc,10,presurvey,ExperimentInstruction,1779923653,1,0,0
bbxf068v,272,gfnligu8,4,presurvey,NeighborhoodInstruction,1779923653,1,0,0
bbxf068v,271,cym4tjdr,5,presurvey,Training,1779923656,1,0,0
bbxf068v,226,s76z0atk,250,mock_N08_N04_Aonly,Additional,1779923658,20,0,0
bbxf068v,270,7gjdmkrc,11,presurvey,Scenario,1779923660,1,0,0
bbxf068v,273,u5yxfgte,2,presurvey,AudioCheck,1779923666,1,0,0
bbxf068v,269,nl5yd62h,5,presurvey,Training,1779923666,1,0,0
bbxf068v,274,zl90bzmu,3,presurvey,Demographics,1779923668,1,0,0
bbxf068v,275,ph6srv4e,0,,InitializeParticipant,1779923673,1,0,0
bbxf068v,248,4gvnoid7,250,mock_N08_N04_Aonly,Additional,1779923673,20,0,0
bbxf068v,272,gfnligu8,5,presurvey,Training,1779923677,1,0,0
bbxf068v,273,u5yxfgte,3,presurvey,Demographics,1779923678,1,0,0
bbxf068v,238,5pp5pil4,250,mock_N08_N04_Aonly,Additional,1779923681,20,0,0
bbxf068v,235,192eealb,250,mock_N08_N04_Aonly,Additional,1779923682,20,0,0
bbxf068v,226,s76z0atk,251,mock_N08_N04_Aonly,FinalRoundWaitPage,1779923682,20,0,1
bbxf068v,238,5pp5pil4,251,mock_N08_N04_Aonly,FinalRoundWaitPage,1779923682,20,0,1
bbxf068v,248,4gvnoid7,251,mock_N08_N04_Aonly,FinalRoundWaitPage,1779923682,20,0,1
bbxf068v,235,192eealb,251,mock_N08_N04_Aonly,FinalRoundWaitPage,1779923682,20,0,1
bbxf068v,269,nl5yd62h,6,presurvey,TrainingNeighbor_1,1779923686,1,0,0
bbxf068v,275,ph6srv4e,1,presurvey,Introduction,1779923688,1,0,0
bbxf068v,276,jv5mt05h,0,,InitializeParticipant,1779923689,1,0,0
bbxf068v,274,zl90bzmu,4,presurvey,NeighborhoodInstruction,1779923689,1,0,0
bbxf068v,271,cym4tjdr,6,presurvey,TrainingNeighbor_1,1779923690,1,0,0
bbxf068v,269,nl5yd62h,10,presurvey,ExperimentInstruction,1779923690,1,0,0
bbxf068v,238,5pp5pil4,252,mock_N08_N04_Aonly,FinalRound,1779923692,20,0,0
bbxf068v,248,4gvnoid7,252,mock_N08_N04_Aonly,FinalRound,1779923693,20,0,0
bbxf068v,226,s76z0atk,252,mock_N08_N04_Aonly,FinalRound,1779923695,20,0,0
bbxf068v,271,cym4tjdr,10,presurvey,ExperimentInstruction,1779923697,1,0,0
bbxf068v,235,192eealb,252,mock_N08_N04_Aonly,FinalRound,1779923697,20,0,0
bbxf068v,276,jv5mt05h,1,presurvey,Introduction,1779923699,1,0,0
bbxf068v,273,u5yxfgte,4,presurvey,NeighborhoodInstruction,1779923699,1,0,0
bbxf068v,272,gfnligu8,6,presurvey,TrainingNeighbor_1,1779923702,1,0,0
bbxf068v,272,gfnligu8,7,presurvey,TrainingNeighbor_2,1779923710,1,0,0
bbxf068v,275,ph6srv4e,2,presurvey,AudioCheck,1779923710,1,0,0
bbxf068v,269,nl5yd62h,11,presurvey,Scenario,1779923713,1,0,0
bbxf068v,276,jv5mt05h,2,presurvey,AudioCheck,1779923718,1,0,0
bbxf068v,271,cym4tjdr,11,presurvey,Scenario,1779923720,1,0,0
bbxf068v,273,u5yxfgte,5,presurvey,Training,1779923725,1,0,0
bbxf068v,242,dfuxot4g,13,mock_N08_N04_Aonly,GroupingWaitPage,1779923727,1,0,1
bbxf068v,275,ph6srv4e,3,presurvey,Demographics,1779923727,1,0,0
bbxf068v,242,dfuxot4g,14,mock_N08_N04_Aonly,GroupSizeWaitPage,1779923728,1,0,1
bbxf068v,274,zl90bzmu,5,presurvey,Training,1779923730,1,0,0
bbxf068v,276,jv5mt05h,3,presurvey,Demographics,1779923731,1,0,0
bbxf068v,242,dfuxot4g,15,mock_N08_N04_Aonly,AttentionCheck,1779923732,1,0,0
bbxf068v,269,nl5yd62h,12,presurvey,Commitment,1779923751,1,0,0
bbxf068v,269,nl5yd62h,13,mock_N08_N04_Aonly,GroupingWaitPage,1779923752,1,0,1
bbxf068v,269,nl5yd62h,14,mock_N08_N04_Aonly,GroupSizeWaitPage,1779923752,1,0,1
bbxf068v,276,jv5mt05h,4,presurvey,NeighborhoodInstruction,1779923753,1,0,0
bbxf068v,269,nl5yd62h,15,mock_N08_N04_Aonly,AttentionCheck,1779923759,1,0,0
bbxf068v,274,zl90bzmu,6,presurvey,TrainingNeighbor_1,1779923768,1,0,0
bbxf068v,275,ph6srv4e,4,presurvey,NeighborhoodInstruction,1779923769,1,0,0
bbxf068v,274,zl90bzmu,10,presurvey,ExperimentInstruction,1779923774,1,0,0
bbxf068v,276,jv5mt05h,5,presurvey,Training,1779923775,1,0,0
bbxf068v,273,u5yxfgte,6,presurvey,TrainingNeighbor_1,1779923800,1,0,0
bbxf068v,276,jv5mt05h,6,presurvey,TrainingNeighbor_1,1779923805,1,0,0
bbxf068v,277,km4pg9cc,0,,InitializeParticipant,1779923810,1,0,0
bbxf068v,276,jv5mt05h,10,presurvey,ExperimentInstruction,1779923811,1,0,0
bbxf068v,273,u5yxfgte,7,presurvey,TrainingNeighbor_2,1779923814,1,0,0
bbxf068v,274,zl90bzmu,11,presurvey,Scenario,1779923816,1,0,0
bbxf068v,273,u5yxfgte,10,presurvey,ExperimentInstruction,1779923820,1,0,0
bbxf068v,275,ph6srv4e,5,presurvey,Training,1779923820,1,0,0
bbxf068v,272,gfnligu8,10,presurvey,ExperimentInstruction,1779923838,1,0,0
bbxf068v,276,jv5mt05h,11,presurvey,Scenario,1779923838,1,0,0
bbxf068v,273,u5yxfgte,11,presurvey,Scenario,1779923843,1,0,0
bbxf068v,277,km4pg9cc,1,presurvey,Introduction,1779923844,1,0,0
bbxf068v,275,ph6srv4e,6,presurvey,TrainingNeighbor_1,1779923844,1,0,0
bbxf068v,275,ph6srv4e,10,presurvey,ExperimentInstruction,1779923851,1,0,0
bbxf068v,274,zl90bzmu,12,presurvey,Commitment,1779923864,1,0,0
bbxf068v,274,zl90bzmu,13,mock_N08_N04_Aonly,GroupingWaitPage,1779923865,1,0,1
bbxf068v,274,zl90bzmu,14,mock_N08_N04_Aonly,GroupSizeWaitPage,1779923865,1,0,1
bbxf068v,277,km4pg9cc,2,presurvey,AudioCheck,1779923870,1,0,0
bbxf068v,273,u5yxfgte,12,presurvey,Commitment,1779923873,1,0,0
bbxf068v,273,u5yxfgte,13,mock_N08_N04_Aonly,GroupingWaitPage,1779923874,1,0,1
bbxf068v,273,u5yxfgte,14,mock_N08_N04_Aonly,GroupSizeWaitPage,1779923874,1,0,1
bbxf068v,274,zl90bzmu,15,mock_N08_N04_Aonly,AttentionCheck,1779923874,1,0,0
bbxf068v,278,w8m398x2,0,,InitializeParticipant,1779923882,1,0,0
bbxf068v,273,u5yxfgte,15,mock_N08_N04_Aonly,AttentionCheck,1779923883,1,0,0
bbxf068v,279,qtjvp8t1,0,,InitializeParticipant,1779923897,1,0,0
bbxf068v,278,w8m398x2,1,presurvey,Introduction,1779923897,1,0,0
bbxf068v,277,km4pg9cc,3,presurvey,Demographics,1779923899,1,0,0
bbxf068v,279,qtjvp8t1,1,presurvey,Introduction,1779923901,1,0,0
bbxf068v,278,w8m398x2,2,presurvey,AudioCheck,1779923908,1,0,0
bbxf068v,279,qtjvp8t1,2,presurvey,AudioCheck,1779923910,1,0,0
bbxf068v,277,km4pg9cc,4,presurvey,NeighborhoodInstruction,1779923922,1,0,0
bbxf068v,279,qtjvp8t1,3,presurvey,Demographics,1779923926,1,0,0
bbxf068v,277,km4pg9cc,5,presurvey,Training,1779923940,1,0,0
bbxf068v,279,qtjvp8t1,4,presurvey,NeighborhoodInstruction,1779923941,1,0,0
bbxf068v,279,qtjvp8t1,5,presurvey,Training,1779923950,1,0,0
bbxf068v,278,w8m398x2,3,presurvey,Demographics,1779923974,1,0,0
bbxf068v,279,qtjvp8t1,6,presurvey,TrainingNeighbor_1,1779923976,1,0,0
bbxf068v,278,w8m398x2,4,presurvey,NeighborhoodInstruction,1779923979,1,0,0
bbxf068v,279,qtjvp8t1,10,presurvey,ExperimentInstruction,1779923979,1,0,0
bbxf068v,279,qtjvp8t1,11,presurvey,Scenario,1779923994,1,0,0
bbxf068v,278,w8m398x2,5,presurvey,Training,1779924007,1,0,0
bbxf068v,277,km4pg9cc,6,presurvey,TrainingNeighbor_1,1779924018,1,0,0
bbxf068v,280,0m86g4vd,0,,InitializeParticipant,1779924019,1,0,0
bbxf068v,277,km4pg9cc,7,presurvey,TrainingNeighbor_2,1779924026,1,0,0
bbxf068v,277,km4pg9cc,10,presurvey,ExperimentInstruction,1779924045,1,0,0
bbxf068v,281,nye6pw0j,0,,InitializeParticipant,1779924050,1,0,0
bbxf068v,278,w8m398x2,6,presurvey,TrainingNeighbor_1,1779924050,1,0,0
bbxf068v,278,w8m398x2,10,presurvey,ExperimentInstruction,1779924053,1,0,0
bbxf068v,280,0m86g4vd,1,presurvey,Introduction,1779924060,1,0,0
bbxf068v,278,w8m398x2,11,presurvey,Scenario,1779924064,1,0,0
bbxf068v,281,nye6pw0j,1,presurvey,Introduction,1779924070,1,0,0
bbxf068v,280,0m86g4vd,2,presurvey,AudioCheck,1779924077,1,0,0
bbxf068v,277,km4pg9cc,11,presurvey,Scenario,1779924091,1,0,0
bbxf068v,280,0m86g4vd,3,presurvey,Demographics,1779924097,1,0,0
bbxf068v,281,nye6pw0j,2,presurvey,AudioCheck,1779924100,1,0,0
bbxf068v,282,drbw9k6p,0,,InitializeParticipant,1779924107,1,0,0
bbxf068v,282,drbw9k6p,1,presurvey,Introduction,1779924113,1,0,0
bbxf068v,280,0m86g4vd,4,presurvey,NeighborhoodInstruction,1779924123,1,0,0
bbxf068v,281,nye6pw0j,3,presurvey,Demographics,1779924124,1,0,0
bbxf068v,278,w8m398x2,12,presurvey,Commitment,1779924126,1,0,0
bbxf068v,278,w8m398x2,13,mock_N08_N04_Aonly,GroupingWaitPage,1779924127,1,0,1
bbxf068v,278,w8m398x2,14,mock_N08_N04_Aonly,GroupSizeWaitPage,1779924127,1,0,1
bbxf068v,283,jbo04l1t,0,,InitializeParticipant,1779924141,1,0,0
bbxf068v,278,w8m398x2,15,mock_N08_N04_Aonly,AttentionCheck,1779924141,1,0,0
bbxf068v,283,jbo04l1t,1,presurvey,Introduction,1779924144,1,0,0
bbxf068v,281,nye6pw0j,4,presurvey,NeighborhoodInstruction,1779924147,1,0,0
bbxf068v,280,0m86g4vd,5,presurvey,Training,1779924150,1,0,0
bbxf068v,282,drbw9k6p,2,presurvey,AudioCheck,1779924150,1,0,0
bbxf068v,272,gfnligu8,11,presurvey,Scenario,1779924151,1,0,0
bbxf068v,283,jbo04l1t,2,presurvey,AudioCheck,1779924157,1,0,0
bbxf068v,284,qg0a9j9u,0,,InitializeParticipant,1779924162,1,0,0
bbxf068v,283,jbo04l1t,3,presurvey,Demographics,1779924166,1,0,0
bbxf068v,282,drbw9k6p,3,presurvey,Demographics,1779924170,1,0,0
bbxf068v,283,jbo04l1t,4,presurvey,NeighborhoodInstruction,1779924171,1,0,0
bbxf068v,283,jbo04l1t,5,presurvey,Training,1779924174,1,0,0
bbxf068v,281,nye6pw0j,5,presurvey,Training,1779924176,1,0,0
bbxf068v,282,drbw9k6p,4,presurvey,NeighborhoodInstruction,1779924176,1,0,0
bbxf068v,285,u8ycyox4,0,,InitializeParticipant,1779924184,1,0,0
bbxf068v,285,u8ycyox4,1,presurvey,Introduction,1779924187,1,0,0
bbxf068v,283,jbo04l1t,6,presurvey,TrainingNeighbor_1,1779924189,1,0,0
bbxf068v,283,jbo04l1t,7,presurvey,TrainingNeighbor_2,1779924192,1,0,0
bbxf068v,284,qg0a9j9u,1,presurvey,Introduction,1779924194,1,0,0
bbxf068v,283,jbo04l1t,10,presurvey,ExperimentInstruction,1779924195,1,0,0
bbxf068v,285,u8ycyox4,2,presurvey,AudioCheck,1779924196,1,0,0
bbxf068v,286,lklckhdx,0,,InitializeParticipant,1779924199,1,0,0
bbxf068v,283,jbo04l1t,11,presurvey,Scenario,1779924201,1,0,0
bbxf068v,280,0m86g4vd,6,presurvey,TrainingNeighbor_1,1779924203,1,0,0
bbxf068v,283,jbo04l1t,12,presurvey,Commitment,1779924208,1,0,0
bbxf068v,283,jbo04l1t,13,mock_N08_N04_Aonly,GroupingWaitPage,1779924208,1,0,1
bbxf068v,285,u8ycyox4,3,presurvey,Demographics,1779924208,1,0,0
bbxf068v,283,jbo04l1t,14,mock_N08_N04_Aonly,GroupSizeWaitPage,1779924209,1,0,1
bbxf068v,287,b9a1kaqo,0,,InitializeParticipant,1779924209,1,0,0
bbxf068v,281,nye6pw0j,6,presurvey,TrainingNeighbor_1,1779924210,1,0,0
bbxf068v,275,ph6srv4e,11,presurvey,Scenario,1779924216,1,0,0
bbxf068v,286,lklckhdx,1,presurvey,Introduction,1779924222,1,0,0
bbxf068v,283,jbo04l1t,15,mock_N08_N04_Aonly,AttentionCheck,1779924222,1,0,0
bbxf068v,281,nye6pw0j,7,presurvey,TrainingNeighbor_2,1779924224,1,0,0
bbxf068v,287,b9a1kaqo,1,presurvey,Introduction,1779924224,1,0,0
bbxf068v,280,0m86g4vd,10,presurvey,ExperimentInstruction,1779924226,1,0,0
bbxf068v,281,nye6pw0j,10,presurvey,ExperimentInstruction,1779924232,1,0,0
bbxf068v,286,lklckhdx,2,presurvey,AudioCheck,1779924234,1,0,0
bbxf068v,284,qg0a9j9u,2,presurvey,AudioCheck,1779924237,1,0,0
bbxf068v,282,drbw9k6p,5,presurvey,Training,1779924244,1,0,0
bbxf068v,286,lklckhdx,3,presurvey,Demographics,1779924253,1,0,0
bbxf068v,280,0m86g4vd,11,presurvey,Scenario,1779924254,1,0,0
bbxf068v,286,lklckhdx,4,presurvey,NeighborhoodInstruction,1779924263,1,0,0
bbxf068v,281,nye6pw0j,11,presurvey,Scenario,1779924270,1,0,0
bbxf068v,287,b9a1kaqo,2,presurvey,AudioCheck,1779924274,1,0,0
bbxf068v,285,u8ycyox4,4,presurvey,NeighborhoodInstruction,1779924274,1,0,0
bbxf068v,288,oweu2y26,0,,InitializeParticipant,1779924277,1,0,0
bbxf068v,288,oweu2y26,1,presurvey,Introduction,1779924282,1,0,0
bbxf068v,286,lklckhdx,5,presurvey,Training,1779924287,1,0,0
bbxf068v,282,drbw9k6p,6,presurvey,TrainingNeighbor_1,1779924302,1,0,0
bbxf068v,280,0m86g4vd,12,presurvey,Commitment,1779924309,1,0,0
bbxf068v,280,0m86g4vd,13,mock_N08_N04_Aonly,GroupingWaitPage,1779924310,1,0,1
bbxf068v,280,0m86g4vd,14,mock_N08_N04_Aonly,GroupSizeWaitPage,1779924310,1,0,1
bbxf068v,281,nye6pw0j,12,presurvey,Commitment,1779924310,1,0,0
bbxf068v,281,nye6pw0j,13,mock_N08_N04_Aonly,GroupingWaitPage,1779924311,1,0,1
bbxf068v,281,nye6pw0j,14,mock_N08_N04_Aonly,GroupSizeWaitPage,1779924311,1,0,1
bbxf068v,282,drbw9k6p,7,presurvey,TrainingNeighbor_2,1779924315,1,0,0
bbxf068v,281,nye6pw0j,15,mock_N08_N04_Aonly,AttentionCheck,1779924319,1,0,0
bbxf068v,286,lklckhdx,6,presurvey,TrainingNeighbor_1,1779924321,1,0,0
bbxf068v,282,drbw9k6p,10,presurvey,ExperimentInstruction,1779924321,1,0,0
bbxf068v,284,qg0a9j9u,3,presurvey,Demographics,1779924326,1,0,0
bbxf068v,288,oweu2y26,2,presurvey,AudioCheck,1779924330,1,0,0
bbxf068v,287,b9a1kaqo,3,presurvey,Demographics,1779924333,1,0,0
bbxf068v,280,0m86g4vd,15,mock_N08_N04_Aonly,AttentionCheck,1779924335,1,0,0
bbxf068v,282,drbw9k6p,11,presurvey,Scenario,1779924340,1,0,0
bbxf068v,286,lklckhdx,7,presurvey,TrainingNeighbor_2,1779924342,1,0,0
bbxf068v,286,lklckhdx,10,presurvey,ExperimentInstruction,1779924346,1,0,0
bbxf068v,288,oweu2y26,3,presurvey,Demographics,1779924348,1,0,0
bbxf068v,288,oweu2y26,4,presurvey,NeighborhoodInstruction,1779924351,1,0,0
bbxf068v,288,oweu2y26,5,presurvey,Training,1779924353,1,0,0
bbxf068v,287,b9a1kaqo,4,presurvey,NeighborhoodInstruction,1779924361,1,0,0
bbxf068v,288,oweu2y26,6,presurvey,TrainingNeighbor_1,1779924361,1,0,0
bbxf068v,288,oweu2y26,10,presurvey,ExperimentInstruction,1779924363,1,0,0
bbxf068v,285,u8ycyox4,5,presurvey,Training,1779924364,1,0,0
bbxf068v,284,qg0a9j9u,4,presurvey,NeighborhoodInstruction,1779924365,1,0,0
bbxf068v,286,lklckhdx,11,presurvey,Scenario,1779924376,1,0,0
bbxf068v,282,drbw9k6p,12,presurvey,Commitment,1779924383,1,0,0
bbxf068v,282,drbw9k6p,13,mock_N08_N04_Aonly,GroupingWaitPage,1779924384,1,0,1
bbxf068v,282,drbw9k6p,14,mock_N08_N04_Aonly,GroupSizeWaitPage,1779924384,1,0,1
bbxf068v,288,oweu2y26,11,presurvey,Scenario,1779924390,1,0,0
bbxf068v,282,drbw9k6p,15,mock_N08_N04_Aonly,AttentionCheck,1779924395,1,0,0
bbxf068v,287,b9a1kaqo,5,presurvey,Training,1779924400,1,0,0
bbxf068v,288,oweu2y26,12,presurvey,Commitment,1779924403,1,0,0
bbxf068v,288,oweu2y26,13,mock_N08_N04_Aonly,GroupingWaitPage,1779924403,1,0,1
bbxf068v,288,oweu2y26,14,mock_N08_N04_Aonly,GroupSizeWaitPage,1779924404,1,0,1
bbxf068v,288,oweu2y26,15,mock_N08_N04_Aonly,AttentionCheck,1779924409,1,0,0
bbxf068v,284,qg0a9j9u,5,presurvey,Training,1779924414,1,0,0
bbxf068v,285,u8ycyox4,6,presurvey,TrainingNeighbor_1,1779924446,1,0,0
bbxf068v,285,u8ycyox4,7,presurvey,TrainingNeighbor_2,1779924451,1,0,0
bbxf068v,285,u8ycyox4,10,presurvey,ExperimentInstruction,1779924457,1,0,0
bbxf068v,285,u8ycyox4,11,presurvey,Scenario,1779924469,1,0,0
bbxf068v,287,b9a1kaqo,6,presurvey,TrainingNeighbor_1,1779924477,1,0,0
bbxf068v,289,z7ruttrk,0,,InitializeParticipant,1779924485,1,0,0
bbxf068v,287,b9a1kaqo,7,presurvey,TrainingNeighbor_2,1779924485,1,0,0
bbxf068v,289,z7ruttrk,1,presurvey,Introduction,1779924489,1,0,0
bbxf068v,287,b9a1kaqo,10,presurvey,ExperimentInstruction,1779924498,1,0,0
bbxf068v,285,u8ycyox4,12,presurvey,Commitment,1779924504,1,0,0
bbxf068v,285,u8ycyox4,13,mock_N08_N04_Aonly,GroupingWaitPage,1779924505,1,0,1
bbxf068v,285,u8ycyox4,14,mock_N08_N04_Aonly,GroupSizeWaitPage,1779924505,1,0,1
bbxf068v,289,z7ruttrk,2,presurvey,AudioCheck,1779924505,1,0,0
bbxf068v,285,u8ycyox4,15,mock_N08_N04_Aonly,AttentionCheck,1779924510,1,0,0
bbxf068v,289,z7ruttrk,3,presurvey,Demographics,1779924528,1,0,0
bbxf068v,289,z7ruttrk,4,presurvey,NeighborhoodInstruction,1779924532,1,0,0
bbxf068v,290,xnm2l7q8,0,,InitializeParticipant,1779924548,1,0,0
bbxf068v,287,b9a1kaqo,11,presurvey,Scenario,1779924565,1,0,0
bbxf068v,290,xnm2l7q8,1,presurvey,Introduction,1779924570,1,0,0
bbxf068v,289,z7ruttrk,5,presurvey,Training,1779924576,1,0,0
bbxf068v,291,jv4gv5fd,0,,InitializeParticipant,1779924580,1,0,0
bbxf068v,291,jv4gv5fd,1,presurvey,Introduction,1779924612,1,0,0
bbxf068v,289,z7ruttrk,6,presurvey,TrainingNeighbor_1,1779924614,1,0,0
bbxf068v,292,l59f6ir0,0,,InitializeParticipant,1779924617,1,0,0
bbxf068v,292,l59f6ir0,1,presurvey,Introduction,1779924621,1,0,0
bbxf068v,289,z7ruttrk,7,presurvey,TrainingNeighbor_2,1779924622,1,0,0
bbxf068v,289,z7ruttrk,10,presurvey,ExperimentInstruction,1779924626,1,0,0
bbxf068v,292,l59f6ir0,2,presurvey,AudioCheck,1779924633,1,0,0
bbxf068v,289,z7ruttrk,11,presurvey,Scenario,1779924641,1,0,0
bbxf068v,292,l59f6ir0,3,presurvey,Demographics,1779924650,1,0,0
bbxf068v,293,8j4w4u5w,0,,InitializeParticipant,1779924650,1,0,0
bbxf068v,291,jv4gv5fd,2,presurvey,AudioCheck,1779924651,1,0,0
bbxf068v,294,y7zt9c6j,0,,InitializeParticipant,1779924658,1,0,0
bbxf068v,294,y7zt9c6j,1,presurvey,Introduction,1779924661,1,0,0
bbxf068v,292,l59f6ir0,4,presurvey,NeighborhoodInstruction,1779924662,1,0,0
bbxf068v,295,k1dyp58u,0,,InitializeParticipant,1779924666,1,0,0
bbxf068v,289,z7ruttrk,12,presurvey,Commitment,1779924674,1,0,0
bbxf068v,289,z7ruttrk,13,mock_N08_N04_Aonly,GroupingWaitPage,1779924675,1,0,1
bbxf068v,289,z7ruttrk,14,mock_N08_N04_Aonly,GroupSizeWaitPage,1779924675,1,0,1
bbxf068v,291,jv4gv5fd,3,presurvey,Demographics,1779924676,1,0,0
bbxf068v,292,l59f6ir0,5,presurvey,Training,1779924682,1,0,0
bbxf068v,294,y7zt9c6j,2,presurvey,AudioCheck,1779924685,1,0,0
bbxf068v,289,z7ruttrk,15,mock_N08_N04_Aonly,AttentionCheck,1779924687,1,0,0
bbxf068v,293,8j4w4u5w,1,presurvey,Introduction,1779924689,1,0,0
bbxf068v,296,0fr42u7o,0,,InitializeParticipant,1779924692,1,0,0
bbxf068v,294,y7zt9c6j,3,presurvey,Demographics,1779924697,1,0,0
bbxf068v,294,y7zt9c6j,4,presurvey,NeighborhoodInstruction,1779924703,1,0,0
bbxf068v,292,l59f6ir0,6,presurvey,TrainingNeighbor_1,1779924704,1,0,0
bbxf068v,296,0fr42u7o,1,presurvey,Introduction,1779924708,1,0,0
bbxf068v,295,k1dyp58u,1,presurvey,Introduction,1779924709,1,0,0
bbxf068v,293,8j4w4u5w,2,presurvey,AudioCheck,1779924713,1,0,0
bbxf068v,292,l59f6ir0,10,presurvey,ExperimentInstruction,1779924717,1,0,0
bbxf068v,291,jv4gv5fd,4,presurvey,NeighborhoodInstruction,1779924719,1,0,0
bbxf068v,294,y7zt9c6j,5,presurvey,Training,1779924725,1,0,0
bbxf068v,293,8j4w4u5w,3,presurvey,Demographics,1779924729,1,0,0
bbxf068v,295,k1dyp58u,2,presurvey,AudioCheck,1779924731,1,0,0
bbxf068v,296,0fr42u7o,2,presurvey,AudioCheck,1779924734,1,0,0
bbxf068v,294,y7zt9c6j,6,presurvey,TrainingNeighbor_1,1779924734,1,0,0
bbxf068v,297,x52fhapd,0,,InitializeParticipant,1779924736,1,0,0
bbxf068v,294,y7zt9c6j,10,presurvey,ExperimentInstruction,1779924736,1,0,0
bbxf068v,294,y7zt9c6j,11,presurvey,Scenario,1779924741,1,0,0
bbxf068v,297,x52fhapd,1,presurvey,Introduction,1779924745,1,0,0
bbxf068v,294,y7zt9c6j,12,presurvey,Commitment,1779924751,1,0,0
bbxf068v,294,y7zt9c6j,13,mock_N08_N04_Aonly,GroupingWaitPage,1779924752,1,0,1
bbxf068v,294,y7zt9c6j,14,mock_N08_N04_Aonly,GroupSizeWaitPage,1779924752,1,0,1
bbxf068v,298,2kmunzd9,0,,InitializeParticipant,1779924753,1,0,0
bbxf068v,293,8j4w4u5w,4,presurvey,NeighborhoodInstruction,1779924753,1,0,0
bbxf068v,296,0fr42u7o,3,presurvey,Demographics,1779924758,1,0,0
bbxf068v,294,y7zt9c6j,15,mock_N08_N04_Aonly,AttentionCheck,1779924759,1,0,0
bbxf068v,295,k1dyp58u,3,presurvey,Demographics,1779924761,1,0,0
bbxf068v,297,x52fhapd,2,presurvey,AudioCheck,1779924774,1,0,0
bbxf068v,292,l59f6ir0,11,presurvey,Scenario,1779924777,1,0,0
bbxf068v,299,cqa75n54,0,,InitializeParticipant,1779924783,1,0,0
bbxf068v,298,2kmunzd9,1,presurvey,Introduction,1779924785,1,0,0
bbxf068v,293,8j4w4u5w,5,presurvey,Training,1779924785,1,0,0
bbxf068v,298,2kmunzd9,2,presurvey,AudioCheck,1779924798,1,0,0
bbxf068v,298,2kmunzd9,3,presurvey,Demographics,1779924811,1,0,0
bbxf068v,293,8j4w4u5w,6,presurvey,TrainingNeighbor_1,1779924813,1,0,0
bbxf068v,295,k1dyp58u,4,presurvey,NeighborhoodInstruction,1779924816,1,0,0
bbxf068v,298,2kmunzd9,4,presurvey,NeighborhoodInstruction,1779924819,1,0,0
bbxf068v,297,x52fhapd,3,presurvey,Demographics,1779924832,1,0,0
bbxf068v,300,c6h5nf0i,0,,InitializeParticipant,1779924834,1,0,0
bbxf068v,293,8j4w4u5w,7,presurvey,TrainingNeighbor_2,1779924834,1,0,0
bbxf068v,298,2kmunzd9,5,presurvey,Training,1779924839,1,0,0
bbxf068v,293,8j4w4u5w,10,presurvey,ExperimentInstruction,1779924841,1,0,0
bbxf068v,299,cqa75n54,1,presurvey,Introduction,1779924845,1,0,0
bbxf068v,300,c6h5nf0i,1,presurvey,Introduction,1779924847,1,0,0
bbxf068v,301,ve8pihfi,0,,InitializeParticipant,1779924847,1,0,0
bbxf068v,296,0fr42u7o,4,presurvey,NeighborhoodInstruction,1779924847,1,0,0
bbxf068v,300,c6h5nf0i,2,presurvey,AudioCheck,1779924860,1,0,0
bbxf068v,299,cqa75n54,2,presurvey,AudioCheck,1779924860,1,0,0
bbxf068v,296,0fr42u7o,5,presurvey,Training,1779924863,1,0,0
bbxf068v,295,k1dyp58u,5,presurvey,Training,1779924870,1,0,0
bbxf068v,300,c6h5nf0i,3,presurvey,Demographics,1779924875,1,0,0
bbxf068v,299,cqa75n54,3,presurvey,Demographics,1779924877,1,0,0
bbxf068v,293,8j4w4u5w,11,presurvey,Scenario,1779924879,1,0,0
bbxf068v,299,cqa75n54,4,presurvey,NeighborhoodInstruction,1779924886,1,0,0
bbxf068v,300,c6h5nf0i,4,presurvey,NeighborhoodInstruction,1779924889,1,0,0
bbxf068v,301,ve8pihfi,1,presurvey,Introduction,1779924893,1,0,0
bbxf068v,298,2kmunzd9,6,presurvey,TrainingNeighbor_1,1779924908,1,0,0
bbxf068v,296,0fr42u7o,6,presurvey,TrainingNeighbor_1,1779924911,1,0,0
bbxf068v,301,ve8pihfi,2,presurvey,AudioCheck,1779924915,1,0,0
bbxf068v,298,2kmunzd9,10,presurvey,ExperimentInstruction,1779924916,1,0,0
bbxf068v,300,c6h5nf0i,5,presurvey,Training,1779924918,1,0,0
bbxf068v,296,0fr42u7o,10,presurvey,ExperimentInstruction,1779924919,1,0,0
bbxf068v,293,8j4w4u5w,12,presurvey,Commitment,1779924926,1,0,0
bbxf068v,293,8j4w4u5w,13,mock_N08_N04_Aonly,GroupingWaitPage,1779924926,1,0,1
bbxf068v,293,8j4w4u5w,14,mock_N08_N04_Aonly,GroupSizeWaitPage,1779924926,1,0,1
bbxf068v,299,cqa75n54,5,presurvey,Training,1779924931,1,0,0
bbxf068v,295,k1dyp58u,6,presurvey,TrainingNeighbor_1,1779924932,1,0,0
bbxf068v,301,ve8pihfi,3,presurvey,Demographics,1779924934,1,0,0
bbxf068v,293,8j4w4u5w,15,mock_N08_N04_Aonly,AttentionCheck,1779924939,1,0,0
bbxf068v,296,0fr42u7o,11,presurvey,Scenario,1779924942,1,0,0
bbxf068v,295,k1dyp58u,7,presurvey,TrainingNeighbor_2,1779924943,1,0,0
bbxf068v,300,c6h5nf0i,6,presurvey,TrainingNeighbor_1,1779924952,1,0,0
bbxf068v,298,2kmunzd9,11,presurvey,Scenario,1779924953,1,0,0
bbxf068v,297,x52fhapd,4,presurvey,NeighborhoodInstruction,1779924953,1,0,0
bbxf068v,300,c6h5nf0i,10,presurvey,ExperimentInstruction,1779924958,1,0,0
bbxf068v,299,cqa75n54,6,presurvey,TrainingNeighbor_1,1779924958,1,0,0
bbxf068v,296,0fr42u7o,12,presurvey,Commitment,1779924968,1,0,0
bbxf068v,296,0fr42u7o,13,mock_N08_N04_Aonly,GroupingWaitPage,1779924969,1,0,1
bbxf068v,296,0fr42u7o,14,mock_N08_N04_Aonly,GroupSizeWaitPage,1779924969,1,0,1
bbxf068v,301,ve8pihfi,4,presurvey,NeighborhoodInstruction,1779924977,1,0,0
bbxf068v,296,0fr42u7o,15,mock_N08_N04_Aonly,AttentionCheck,1779924977,1,0,0
bbxf068v,295,k1dyp58u,10,presurvey,ExperimentInstruction,1779924987,1,0,0
bbxf068v,299,cqa75n54,7,presurvey,TrainingNeighbor_2,1779924991,1,0,0
bbxf068v,300,c6h5nf0i,11,presurvey,Scenario,1779924995,1,0,0
bbxf068v,299,cqa75n54,10,presurvey,ExperimentInstruction,1779924999,1,0,0
bbxf068v,297,x52fhapd,5,presurvey,Training,1779925003,1,0,0
bbxf068v,298,2kmunzd9,12,presurvey,Commitment,1779925015,1,0,0
bbxf068v,298,2kmunzd9,13,mock_N08_N04_Aonly,GroupingWaitPage,1779925016,1,0,1
bbxf068v,298,2kmunzd9,14,mock_N08_N04_Aonly,GroupSizeWaitPage,1779925016,1,0,1
bbxf068v,300,c6h5nf0i,12,presurvey,Commitment,1779925016,1,0,0
bbxf068v,300,c6h5nf0i,13,mock_N08_N04_Aonly,GroupingWaitPage,1779925017,1,0,1
bbxf068v,300,c6h5nf0i,14,mock_N08_N04_Aonly,GroupSizeWaitPage,1779925017,1,0,1
bbxf068v,301,ve8pihfi,5,presurvey,Training,1779925023,1,0,0
bbxf068v,299,cqa75n54,11,presurvey,Scenario,1779925024,1,0,0
bbxf068v,300,c6h5nf0i,15,mock_N08_N04_Aonly,AttentionCheck,1779925028,1,0,0
bbxf068v,298,2kmunzd9,15,mock_N08_N04_Aonly,AttentionCheck,1779925030,1,0,0
bbxf068v,295,k1dyp58u,11,presurvey,Scenario,1779925041,1,0,0
bbxf068v,291,jv4gv5fd,5,presurvey,Training,1779925042,1,0,0
bbxf068v,301,ve8pihfi,6,presurvey,TrainingNeighbor_1,1779925048,1,0,0
bbxf068v,301,ve8pihfi,10,presurvey,ExperimentInstruction,1779925060,1,0,0
bbxf068v,297,x52fhapd,6,presurvey,TrainingNeighbor_1,1779925082,1,0,0
bbxf068v,299,cqa75n54,12,presurvey,Commitment,1779925087,1,0,0
bbxf068v,284,qg0a9j9u,6,presurvey,TrainingNeighbor_1,1779925087,1,0,0
bbxf068v,299,cqa75n54,13,mock_N08_N04_Aonly,GroupingWaitPage,1779925087,1,0,1
bbxf068v,299,cqa75n54,14,mock_N08_N04_Aonly,GroupSizeWaitPage,1779925088,1,0,1
bbxf068v,301,ve8pihfi,11,presurvey,Scenario,1779925091,1,0,0
bbxf068v,295,k1dyp58u,12,presurvey,Commitment,1779925097,1,0,0
bbxf068v,299,cqa75n54,15,mock_N08_N04_Aonly,AttentionCheck,1779925097,1,0,0
bbxf068v,295,k1dyp58u,13,mock_N08_N04_Aonly,GroupingWaitPage,1779925100,1,0,1
bbxf068v,295,k1dyp58u,14,mock_N08_N04_Aonly,GroupSizeWaitPage,1779925100,1,0,1
bbxf068v,302,btfgiw2o,0,,InitializeParticipant,1779925106,1,0,0
bbxf068v,284,qg0a9j9u,7,presurvey,TrainingNeighbor_2,1779925112,1,0,0
bbxf068v,295,k1dyp58u,15,mock_N08_N04_Aonly,AttentionCheck,1779925115,1,0,0
bbxf068v,303,g353otaq,0,,InitializeParticipant,1779925130,1,0,0
bbxf068v,304,mnq40mtr,0,,InitializeParticipant,1779925143,1,0,0
bbxf068v,303,g353otaq,1,presurvey,Introduction,1779925150,1,0,0
bbxf068v,305,mk7qi0wx,0,,InitializeParticipant,1779925153,1,0,0
bbxf068v,304,mnq40mtr,1,presurvey,Introduction,1779925158,1,0,0
bbxf068v,305,mk7qi0wx,1,presurvey,Introduction,1779925159,1,0,0
bbxf068v,306,tn5oo8wn,0,,InitializeParticipant,1779925165,1,0,0
bbxf068v,302,btfgiw2o,1,presurvey,Introduction,1779925167,1,0,0
bbxf068v,284,qg0a9j9u,10,presurvey,ExperimentInstruction,1779925169,1,0,0
bbxf068v,303,g353otaq,2,presurvey,AudioCheck,1779925170,1,0,0
bbxf068v,304,mnq40mtr,2,presurvey,AudioCheck,1779925171,1,0,0
bbxf068v,305,mk7qi0wx,2,presurvey,AudioCheck,1779925173,1,0,0
bbxf068v,284,qg0a9j9u,11,presurvey,Scenario,1779925182,1,0,0
bbxf068v,306,tn5oo8wn,1,presurvey,Introduction,1779925183,1,0,0
bbxf068v,303,g353otaq,3,presurvey,Demographics,1779925185,1,0,0
bbxf068v,304,mnq40mtr,3,presurvey,Demographics,1779925186,1,0,0
bbxf068v,305,mk7qi0wx,3,presurvey,Demographics,1779925192,1,0,0
bbxf068v,297,x52fhapd,10,presurvey,ExperimentInstruction,1779925195,1,0,0
bbxf068v,304,mnq40mtr,4,presurvey,NeighborhoodInstruction,1779925200,1,0,0
bbxf068v,305,mk7qi0wx,4,presurvey,NeighborhoodInstruction,1779925202,1,0,0
bbxf068v,303,g353otaq,4,presurvey,NeighborhoodInstruction,1779925202,1,0,0
bbxf068v,306,tn5oo8wn,2,presurvey,AudioCheck,1779925204,1,0,0
bbxf068v,304,mnq40mtr,5,presurvey,Training,1779925212,1,0,0
bbxf068v,284,qg0a9j9u,12,presurvey,Commitment,1779925213,1,0,0
bbxf068v,284,qg0a9j9u,13,mock_N08_N04_Aonly,GroupingWaitPage,1779925214,1,0,1
bbxf068v,284,qg0a9j9u,14,mock_N08_N04_Aonly,GroupSizeWaitPage,1779925215,1,0,1
bbxf068v,306,tn5oo8wn,3,presurvey,Demographics,1779925218,1,0,0
bbxf068v,284,qg0a9j9u,15,mock_N08_N04_Aonly,AttentionCheck,1779925230,1,0,0
bbxf068v,305,mk7qi0wx,5,presurvey,Training,1779925233,1,0,0
bbxf068v,303,g353otaq,5,presurvey,Training,1779925236,1,0,0
bbxf068v,307,oxyhv0b2,0,,InitializeParticipant,1779925240,1,0,0
bbxf068v,304,mnq40mtr,6,presurvey,TrainingNeighbor_1,1779925241,1,0,0
bbxf068v,302,btfgiw2o,2,presurvey,AudioCheck,1779925248,1,0,0
bbxf068v,304,mnq40mtr,10,presurvey,ExperimentInstruction,1779925248,1,0,0
bbxf068v,304,mnq40mtr,11,presurvey,Scenario,1779925263,1,0,0
bbxf068v,308,mmfjga5w,0,,InitializeParticipant,1779925268,1,0,0
bbxf068v,306,tn5oo8wn,4,presurvey,NeighborhoodInstruction,1779925272,1,0,0
bbxf068v,309,tb79oole,0,,InitializeParticipant,1779925273,1,0,0
bbxf068v,308,mmfjga5w,1,presurvey,Introduction,1779925273,1,0,0
bbxf068v,305,mk7qi0wx,6,presurvey,TrainingNeighbor_1,1779925281,1,0,0
bbxf068v,305,mk7qi0wx,7,presurvey,TrainingNeighbor_2,1779925286,1,0,0
bbxf068v,306,tn5oo8wn,5,presurvey,Training,1779925287,1,0,0
bbxf068v,309,tb79oole,1,presurvey,Introduction,1779925287,1,0,0
bbxf068v,303,g353otaq,6,presurvey,TrainingNeighbor_1,1779925288,1,0,0
bbxf068v,307,oxyhv0b2,1,presurvey,Introduction,1779925288,1,0,0
bbxf068v,308,mmfjga5w,2,presurvey,AudioCheck,1779925288,1,0,0
bbxf068v,305,mk7qi0wx,10,presurvey,ExperimentInstruction,1779925291,1,0,0
bbxf068v,302,btfgiw2o,3,presurvey,Demographics,1779925292,1,0,0
bbxf068v,308,mmfjga5w,3,presurvey,Demographics,1779925300,1,0,0
bbxf068v,304,mnq40mtr,12,presurvey,Commitment,1779925301,1,0,0
bbxf068v,304,mnq40mtr,13,mock_N08_N04_Aonly,GroupingWaitPage,1779925302,1,0,1
bbxf068v,304,mnq40mtr,14,mock_N08_N04_Aonly,GroupSizeWaitPage,1779925302,1,0,1
bbxf068v,303,g353otaq,7,presurvey,TrainingNeighbor_2,1779925303,1,0,0
bbxf068v,303,g353otaq,10,presurvey,ExperimentInstruction,1779925308,1,0,0
bbxf068v,309,tb79oole,2,presurvey,AudioCheck,1779925310,1,0,0
bbxf068v,307,oxyhv0b2,2,presurvey,AudioCheck,1779925312,1,0,0
bbxf068v,304,mnq40mtr,15,mock_N08_N04_Aonly,AttentionCheck,1779925314,1,0,0
bbxf068v,308,mmfjga5w,4,presurvey,NeighborhoodInstruction,1779925317,1,0,0
bbxf068v,305,mk7qi0wx,11,presurvey,Scenario,1779925329,1,0,0
bbxf068v,309,tb79oole,3,presurvey,Demographics,1779925329,1,0,0
bbxf068v,307,oxyhv0b2,3,presurvey,Demographics,1779925332,1,0,0
bbxf068v,302,btfgiw2o,4,presurvey,NeighborhoodInstruction,1779925337,1,0,0
bbxf068v,291,jv4gv5fd,6,presurvey,TrainingNeighbor_1,1779925341,1,0,0
bbxf068v,305,mk7qi0wx,12,presurvey,Commitment,1779925341,1,0,0
bbxf068v,306,tn5oo8wn,6,presurvey,TrainingNeighbor_1,1779925341,1,0,0
bbxf068v,305,mk7qi0wx,13,mock_N08_N04_Aonly,GroupingWaitPage,1779925342,1,0,1
bbxf068v,305,mk7qi0wx,14,mock_N08_N04_Aonly,GroupSizeWaitPage,1779925342,1,0,1
bbxf068v,308,mmfjga5w,5,presurvey,Training,1779925345,1,0,0
bbxf068v,305,mk7qi0wx,15,mock_N08_N04_Aonly,AttentionCheck,1779925349,1,0,0
bbxf068v,306,tn5oo8wn,7,presurvey,TrainingNeighbor_2,1779925351,1,0,0
bbxf068v,303,g353otaq,11,presurvey,Scenario,1779925351,1,0,0
bbxf068v,309,tb79oole,4,presurvey,NeighborhoodInstruction,1779925357,1,0,0
bbxf068v,291,jv4gv5fd,10,presurvey,ExperimentInstruction,1779925357,1,0,0
bbxf068v,307,oxyhv0b2,4,presurvey,NeighborhoodInstruction,1779925360,1,0,0
bbxf068v,297,x52fhapd,11,presurvey,Scenario,1779925361,1,0,0
bbxf068v,310,o426wlke,0,,InitializeParticipant,1779925367,1,0,0
bbxf068v,311,6tx8g1yg,0,,InitializeParticipant,1779925374,1,0,0
bbxf068v,308,mmfjga5w,6,presurvey,TrainingNeighbor_1,1779925377,1,0,0
bbxf068v,308,mmfjga5w,7,presurvey,TrainingNeighbor_2,1779925384,1,0,0
bbxf068v,302,btfgiw2o,5,presurvey,Training,1779925385,1,0,0
bbxf068v,308,mmfjga5w,10,presurvey,ExperimentInstruction,1779925389,1,0,0
bbxf068v,306,tn5oo8wn,10,presurvey,ExperimentInstruction,1779925392,1,0,0
bbxf068v,307,oxyhv0b2,5,presurvey,Training,1779925402,1,0,0
bbxf068v,309,tb79oole,5,presurvey,Training,1779925406,1,0,0
bbxf068v,306,tn5oo8wn,11,presurvey,Scenario,1779925409,1,0,0
bbxf068v,308,mmfjga5w,11,presurvey,Scenario,1779925416,1,0,0
bbxf068v,309,tb79oole,6,presurvey,TrainingNeighbor_1,1779925432,1,0,0
bbxf068v,309,tb79oole,10,presurvey,ExperimentInstruction,1779925438,1,0,0
bbxf068v,311,6tx8g1yg,1,presurvey,Introduction,1779925438,1,0,0
bbxf068v,302,btfgiw2o,6,presurvey,TrainingNeighbor_1,1779925454,1,0,0
bbxf068v,308,mmfjga5w,12,presurvey,Commitment,1779925455,1,0,0
bbxf068v,308,mmfjga5w,13,mock_N08_N04_Aonly,GroupingWaitPage,1779925456,1,0,1
bbxf068v,308,mmfjga5w,14,mock_N08_N04_Aonly,GroupSizeWaitPage,1779925456,1,0,1
bbxf068v,307,oxyhv0b2,6,presurvey,TrainingNeighbor_1,1779925464,1,0,0
bbxf068v,308,mmfjga5w,15,mock_N08_N04_Aonly,AttentionCheck,1779925464,1,0,0
bbxf068v,307,oxyhv0b2,7,presurvey,TrainingNeighbor_2,1779925469,1,0,0
bbxf068v,309,tb79oole,11,presurvey,Scenario,1779925469,1,0,0
bbxf068v,312,jxsc5rce,0,,InitializeParticipant,1779925497,1,0,0
bbxf068v,307,oxyhv0b2,10,presurvey,ExperimentInstruction,1779925504,1,0,0
bbxf068v,313,rkxmd8uo,0,,InitializeParticipant,1779925513,1,0,0
bbxf068v,312,jxsc5rce,1,presurvey,Introduction,1779925514,1,0,0
bbxf068v,313,rkxmd8uo,1,presurvey,Introduction,1779925518,1,0,0
bbxf068v,307,oxyhv0b2,11,presurvey,Scenario,1779925537,1,0,0
bbxf068v,313,rkxmd8uo,2,presurvey,AudioCheck,1779925543,1,0,0
bbxf068v,312,jxsc5rce,2,presurvey,AudioCheck,1779925547,1,0,0
bbxf068v,314,gbuvgnyi,0,,InitializeParticipant,1779925555,1,0,0
bbxf068v,312,jxsc5rce,3,presurvey,Demographics,1779925558,1,0,0
bbxf068v,313,rkxmd8uo,3,presurvey,Demographics,1779925559,1,0,0
bbxf068v,314,gbuvgnyi,1,presurvey,Introduction,1779925561,1,0,0
bbxf068v,312,jxsc5rce,4,presurvey,NeighborhoodInstruction,1779925566,1,0,0
bbxf068v,313,rkxmd8uo,4,presurvey,NeighborhoodInstruction,1779925571,1,0,0
bbxf068v,314,gbuvgnyi,2,presurvey,AudioCheck,1779925577,1,0,0
bbxf068v,312,jxsc5rce,5,presurvey,Training,1779925583,1,0,0
bbxf068v,314,gbuvgnyi,3,presurvey,Demographics,1779925588,1,0,0
bbxf068v,313,rkxmd8uo,5,presurvey,Training,1779925607,1,0,0
bbxf068v,312,jxsc5rce,6,presurvey,TrainingNeighbor_1,1779925614,1,0,0
bbxf068v,312,jxsc5rce,10,presurvey,ExperimentInstruction,1779925618,1,0,0
bbxf068v,315,cixy3rdy,0,,InitializeParticipant,1779925623,1,0,0
bbxf068v,312,jxsc5rce,11,presurvey,Scenario,1779925632,1,0,0
bbxf068v,315,cixy3rdy,1,presurvey,Introduction,1779925645,1,0,0
bbxf068v,302,btfgiw2o,7,presurvey,TrainingNeighbor_2,1779925646,1,0,0
bbxf068v,313,rkxmd8uo,6,presurvey,TrainingNeighbor_1,1779925652,1,0,0
bbxf068v,313,rkxmd8uo,10,presurvey,ExperimentInstruction,1779925662,1,0,0
bbxf068v,302,btfgiw2o,10,presurvey,ExperimentInstruction,1779925678,1,0,0
bbxf068v,315,cixy3rdy,2,presurvey,AudioCheck,1779925678,1,0,0
bbxf068v,316,c3tb7ety,0,,InitializeParticipant,1779925682,1,0,0
bbxf068v,314,gbuvgnyi,4,presurvey,NeighborhoodInstruction,1779925688,1,0,0
bbxf068v,313,rkxmd8uo,11,presurvey,Scenario,1779925692,1,0,0
bbxf068v,291,jv4gv5fd,11,presurvey,Scenario,1779925702,1,0,0
bbxf068v,316,c3tb7ety,1,presurvey,Introduction,1779925708,1,0,0
bbxf068v,314,gbuvgnyi,5,presurvey,Training,1779925708,1,0,0
bbxf068v,310,o426wlke,1,presurvey,Introduction,1779925709,1,0,0
bbxf068v,314,gbuvgnyi,6,presurvey,TrainingNeighbor_1,1779925723,1,0,0
bbxf068v,313,rkxmd8uo,12,presurvey,Commitment,1779925727,1,0,0
bbxf068v,313,rkxmd8uo,13,mock_N08_N04_Aonly,GroupingWaitPage,1779925727,1,0,1
bbxf068v,313,rkxmd8uo,14,mock_N08_N04_Aonly,GroupSizeWaitPage,1779925728,1,0,1
bbxf068v,314,gbuvgnyi,10,presurvey,ExperimentInstruction,1779925728,1,0,0
bbxf068v,310,o426wlke,2,presurvey,AudioCheck,1779925734,1,0,0
bbxf068v,315,cixy3rdy,3,presurvey,Demographics,1779925734,1,0,0
bbxf068v,313,rkxmd8uo,15,mock_N08_N04_Aonly,AttentionCheck,1779925736,1,0,0
bbxf068v,316,c3tb7ety,2,presurvey,AudioCheck,1779925739,1,0,0
bbxf068v,302,btfgiw2o,11,presurvey,Scenario,1779925741,1,0,0
bbxf068v,314,gbuvgnyi,11,presurvey,Scenario,1779925749,1,0,0
bbxf068v,316,c3tb7ety,3,presurvey,Demographics,1779925757,1,0,0
bbxf068v,315,cixy3rdy,4,presurvey,NeighborhoodInstruction,1779925766,1,0,0
bbxf068v,310,o426wlke,3,presurvey,Demographics,1779925772,1,0,0
bbxf068v,314,gbuvgnyi,12,presurvey,Commitment,1779925775,1,0,0
bbxf068v,314,gbuvgnyi,13,mock_N08_N04_Aonly,GroupingWaitPage,1779925776,1,0,1
bbxf068v,314,gbuvgnyi,14,mock_N08_N04_Aonly,GroupSizeWaitPage,1779925776,1,0,1
bbxf068v,314,gbuvgnyi,15,mock_N08_N04_Aonly,AttentionCheck,1779925784,1,0,0
bbxf068v,316,c3tb7ety,4,presurvey,NeighborhoodInstruction,1779925798,1,0,0
bbxf068v,310,o426wlke,4,presurvey,NeighborhoodInstruction,1779925812,1,0,0
bbxf068v,315,cixy3rdy,5,presurvey,Training,1779925819,1,0,0
bbxf068v,316,c3tb7ety,5,presurvey,Training,1779925838,1,0,0
bbxf068v,317,9kquu9se,0,,InitializeParticipant,1779925873,1,0,0
bbxf068v,316,c3tb7ety,6,presurvey,TrainingNeighbor_1,1779925881,1,0,0
bbxf068v,310,o426wlke,5,presurvey,Training,1779925883,1,0,0
bbxf068v,317,9kquu9se,1,presurvey,Introduction,1779925891,1,0,0
bbxf068v,316,c3tb7ety,10,presurvey,ExperimentInstruction,1779925894,1,0,0
bbxf068v,315,cixy3rdy,6,presurvey,TrainingNeighbor_1,1779925906,1,0,0
bbxf068v,318,n3qm4b5n,0,,InitializeParticipant,1779925918,1,0,0
bbxf068v,317,9kquu9se,2,presurvey,AudioCheck,1779925918,1,0,0
bbxf068v,318,n3qm4b5n,1,presurvey,Introduction,1779925924,1,0,0
bbxf068v,319,cug9jfsj,0,,InitializeParticipant,1779925924,1,0,0
bbxf068v,317,9kquu9se,3,presurvey,Demographics,1779925933,1,0,0
bbxf068v,315,cixy3rdy,7,presurvey,TrainingNeighbor_2,1779925933,1,0,0
bbxf068v,315,cixy3rdy,10,presurvey,ExperimentInstruction,1779925943,1,0,0
bbxf068v,316,c3tb7ety,11,presurvey,Scenario,1779925947,1,0,0
bbxf068v,319,cug9jfsj,1,presurvey,Introduction,1779925959,1,0,0
bbxf068v,317,9kquu9se,4,presurvey,NeighborhoodInstruction,1779925963,1,0,0
bbxf068v,320,w9t0z7aw,0,,InitializeParticipant,1779925979,1,0,0
bbxf068v,320,w9t0z7aw,1,presurvey,Introduction,1779925985,1,0,0
bbxf068v,317,9kquu9se,5,presurvey,Training,1779926001,1,0,0
bbxf068v,320,w9t0z7aw,2,presurvey,AudioCheck,1779926003,1,0,0
bbxf068v,310,o426wlke,6,presurvey,TrainingNeighbor_1,1779926008,1,0,0
bbxf068v,315,cixy3rdy,11,presurvey,Scenario,1779926015,1,0,0
bbxf068v,317,9kquu9se,6,presurvey,TrainingNeighbor_1,1779926025,1,0,0
bbxf068v,317,9kquu9se,10,presurvey,ExperimentInstruction,1779926034,1,0,0
bbxf068v,310,o426wlke,7,presurvey,TrainingNeighbor_2,1779926038,1,0,0
bbxf068v,320,w9t0z7aw,3,presurvey,Demographics,1779926038,1,0,0
bbxf068v,317,9kquu9se,11,presurvey,Scenario,1779926082,1,0,0
bbxf068v,321,3ietidhp,0,,InitializeParticipant,1779926091,1,0,0
bbxf068v,319,cug9jfsj,2,presurvey,AudioCheck,1779926095,1,0,0
bbxf068v,318,n3qm4b5n,2,presurvey,AudioCheck,1779926099,1,0,0
bbxf068v,310,o426wlke,10,presurvey,ExperimentInstruction,1779926100,1,0,0
bbxf068v,321,3ietidhp,1,presurvey,Introduction,1779926116,1,0,0
bbxf068v,318,n3qm4b5n,3,presurvey,Demographics,1779926122,1,0,0
bbxf068v,315,cixy3rdy,12,presurvey,Commitment,1779926124,1,0,0
bbxf068v,315,cixy3rdy,13,mock_N08_N04_Aonly,GroupingWaitPage,1779926125,1,0,1
bbxf068v,315,cixy3rdy,14,mock_N08_N04_Aonly,GroupSizeWaitPage,1779926126,1,0,1
bbxf068v,315,cixy3rdy,15,mock_N08_N04_Aonly,AttentionCheck,1779926137,1,0,0
bbxf068v,318,n3qm4b5n,4,presurvey,NeighborhoodInstruction,1779926139,1,0,0
bbxf068v,321,3ietidhp,2,presurvey,AudioCheck,1779926146,1,0,0
bbxf068v,319,cug9jfsj,3,presurvey,Demographics,1779926149,1,0,0
bbxf068v,321,3ietidhp,3,presurvey,Demographics,1779926162,1,0,0
bbxf068v,310,o426wlke,11,presurvey,Scenario,1779926163,1,0,0
bbxf068v,322,0nee0obn,0,,InitializeParticipant,1779926171,1,0,0
bbxf068v,322,0nee0obn,1,presurvey,Introduction,1779926180,1,0,0
bbxf068v,321,3ietidhp,4,presurvey,NeighborhoodInstruction,1779926182,1,0,0
bbxf068v,319,cug9jfsj,4,presurvey,NeighborhoodInstruction,1779926185,1,0,0
bbxf068v,321,3ietidhp,5,presurvey,Training,1779926206,1,0,0
bbxf068v,319,cug9jfsj,5,presurvey,Training,1779926220,1,0,0
bbxf068v,321,3ietidhp,6,presurvey,TrainingNeighbor_1,1779926237,1,0,0
bbxf068v,322,0nee0obn,2,presurvey,AudioCheck,1779926242,1,0,0
bbxf068v,321,3ietidhp,10,presurvey,ExperimentInstruction,1779926248,1,0,0
bbxf068v,319,cug9jfsj,6,presurvey,TrainingNeighbor_1,1779926261,1,0,0
bbxf068v,322,0nee0obn,3,presurvey,Demographics,1779926264,1,0,0
bbxf068v,320,w9t0z7aw,4,presurvey,NeighborhoodInstruction,1779926272,1,0,0
bbxf068v,319,cug9jfsj,10,presurvey,ExperimentInstruction,1779926275,1,0,0
bbxf068v,321,3ietidhp,11,presurvey,Scenario,1779926277,1,0,0
bbxf068v,322,0nee0obn,4,presurvey,NeighborhoodInstruction,1779926280,1,0,0
bbxf068v,323,01581oe5,0,,InitializeParticipant,1779926295,1,0,0
bbxf068v,320,w9t0z7aw,5,presurvey,Training,1779926296,1,0,0
bbxf068v,322,0nee0obn,5,presurvey,Training,1779926305,1,0,0
bbxf068v,319,cug9jfsj,11,presurvey,Scenario,1779926311,1,0,0
bbxf068v,318,n3qm4b5n,5,presurvey,Training,1779926318,1,0,0
bbxf068v,322,0nee0obn,6,presurvey,TrainingNeighbor_1,1779926319,1,0,0
bbxf068v,321,3ietidhp,12,presurvey,Commitment,1779926319,1,0,0
bbxf068v,321,3ietidhp,13,mock_N08_N04_Aonly,GroupingWaitPage,1779926320,1,0,1
bbxf068v,320,w9t0z7aw,6,presurvey,TrainingNeighbor_1,1779926320,1,0,0
bbxf068v,321,3ietidhp,14,mock_N08_N04_Aonly,GroupSizeWaitPage,1779926320,1,0,1
bbxf068v,320,w9t0z7aw,7,presurvey,TrainingNeighbor_2,1779926324,1,0,0
bbxf068v,322,0nee0obn,10,presurvey,ExperimentInstruction,1779926325,1,0,0
bbxf068v,321,3ietidhp,15,mock_N08_N04_Aonly,AttentionCheck,1779926328,1,0,0
bbxf068v,324,snmkj93e,0,,InitializeParticipant,1779926330,1,0,0
bbxf068v,320,w9t0z7aw,10,presurvey,ExperimentInstruction,1779926330,1,0,0
bbxf068v,325,gmtgk7yj,0,,InitializeParticipant,1779926337,1,0,0
bbxf068v,322,0nee0obn,11,presurvey,Scenario,1779926340,1,0,0
bbxf068v,325,gmtgk7yj,1,presurvey,Introduction,1779926347,1,0,0
bbxf068v,318,n3qm4b5n,6,presurvey,TrainingNeighbor_1,1779926347,1,0,0
bbxf068v,323,01581oe5,1,presurvey,Introduction,1779926354,1,0,0
bbxf068v,326,tz8kkrsr,0,,InitializeParticipant,1779926357,1,0,0
bbxf068v,318,n3qm4b5n,7,presurvey,TrainingNeighbor_2,1779926360,1,0,0
bbxf068v,324,snmkj93e,1,presurvey,Introduction,1779926361,1,0,0
bbxf068v,318,n3qm4b5n,10,presurvey,ExperimentInstruction,1779926363,1,0,0
bbxf068v,323,01581oe5,2,presurvey,AudioCheck,1779926374,1,0,0
bbxf068v,326,tz8kkrsr,1,presurvey,Introduction,1779926395,1,0,0
bbxf068v,323,01581oe5,3,presurvey,Demographics,1779926397,1,0,0
bbxf068v,320,w9t0z7aw,11,presurvey,Scenario,1779926398,1,0,0
bbxf068v,318,n3qm4b5n,11,presurvey,Scenario,1779926402,1,0,0
bbxf068v,324,snmkj93e,2,presurvey,AudioCheck,1779926410,1,0,0
bbxf068v,326,tz8kkrsr,2,presurvey,AudioCheck,1779926418,1,0,0
bbxf068v,320,w9t0z7aw,12,presurvey,Commitment,1779926419,1,0,0
bbxf068v,320,w9t0z7aw,13,mock_N08_N04_Aonly,GroupingWaitPage,1779926419,1,0,1
bbxf068v,320,w9t0z7aw,14,mock_N08_N04_Aonly,GroupSizeWaitPage,1779926420,1,0,1
bbxf068v,327,z2r107dr,0,,InitializeParticipant,1779926420,1,0,0
bbxf068v,324,snmkj93e,3,presurvey,Demographics,1779926425,1,0,0
bbxf068v,320,w9t0z7aw,15,mock_N08_N04_Aonly,AttentionCheck,1779926426,1,0,0
bbxf068v,326,tz8kkrsr,3,presurvey,Demographics,1779926429,1,0,0
bbxf068v,323,01581oe5,4,presurvey,NeighborhoodInstruction,1779926433,1,0,0
bbxf068v,327,z2r107dr,1,presurvey,Introduction,1779926435,1,0,0
bbxf068v,323,01581oe5,5,presurvey,Training,1779926461,1,0,0
bbxf068v,326,tz8kkrsr,4,presurvey,NeighborhoodInstruction,1779926469,1,0,0
bbxf068v,324,snmkj93e,4,presurvey,NeighborhoodInstruction,1779926475,1,0,0
bbxf068v,323,01581oe5,6,presurvey,TrainingNeighbor_1,1779926492,1,0,0
bbxf068v,323,01581oe5,10,presurvey,ExperimentInstruction,1779926499,1,0,0
bbxf068v,324,snmkj93e,5,presurvey,Training,1779926500,1,0,0
bbxf068v,327,z2r107dr,2,presurvey,AudioCheck,1779926503,1,0,0
bbxf068v,328,4xkkkt5h,0,,InitializeParticipant,1779926505,1,0,0
bbxf068v,329,3z00h57o,0,,InitializeParticipant,1779926513,1,0,0
bbxf068v,328,4xkkkt5h,1,presurvey,Introduction,1779926517,1,0,0
bbxf068v,324,snmkj93e,6,presurvey,TrainingNeighbor_1,1779926518,1,0,0
bbxf068v,327,z2r107dr,3,presurvey,Demographics,1779926522,1,0,0
bbxf068v,326,tz8kkrsr,5,presurvey,Training,1779926523,1,0,0
bbxf068v,329,3z00h57o,1,presurvey,Introduction,1779926527,1,0,0
bbxf068v,330,nj64epsr,0,,InitializeParticipant,1779926534,1,0,0
bbxf068v,324,snmkj93e,10,presurvey,ExperimentInstruction,1779926537,1,0,0
bbxf068v,323,01581oe5,11,presurvey,Scenario,1779926537,1,0,0
bbxf068v,329,3z00h57o,2,presurvey,AudioCheck,1779926548,1,0,0
bbxf068v,330,nj64epsr,1,presurvey,Introduction,1779926551,1,0,0
bbxf068v,328,4xkkkt5h,2,presurvey,AudioCheck,1779926555,1,0,0
bbxf068v,326,tz8kkrsr,6,presurvey,TrainingNeighbor_1,1779926562,1,0,0
bbxf068v,330,nj64epsr,2,presurvey,AudioCheck,1779926566,1,0,0
bbxf068v,329,3z00h57o,3,presurvey,Demographics,1779926567,1,0,0
bbxf068v,326,tz8kkrsr,7,presurvey,TrainingNeighbor_2,1779926570,1,0,0
bbxf068v,326,tz8kkrsr,10,presurvey,ExperimentInstruction,1779926574,1,0,0
bbxf068v,328,4xkkkt5h,3,presurvey,Demographics,1779926575,1,0,0
bbxf068v,329,3z00h57o,4,presurvey,NeighborhoodInstruction,1779926578,1,0,0
bbxf068v,330,nj64epsr,3,presurvey,Demographics,1779926578,1,0,0
bbxf068v,324,snmkj93e,11,presurvey,Scenario,1779926584,1,0,0
bbxf068v,329,3z00h57o,5,presurvey,Training,1779926590,1,0,0
bbxf068v,330,nj64epsr,4,presurvey,NeighborhoodInstruction,1779926590,1,0,0
bbxf068v,328,4xkkkt5h,4,presurvey,NeighborhoodInstruction,1779926598,1,0,0
bbxf068v,326,tz8kkrsr,11,presurvey,Scenario,1779926611,1,0,0
bbxf068v,329,3z00h57o,6,presurvey,TrainingNeighbor_1,1779926618,1,0,0
bbxf068v,330,nj64epsr,5,presurvey,Training,1779926619,1,0,0
bbxf068v,331,nuo579sq,0,,InitializeParticipant,1779926620,1,0,0
bbxf068v,331,nuo579sq,1,presurvey,Introduction,1779926623,1,0,0
bbxf068v,329,3z00h57o,10,presurvey,ExperimentInstruction,1779926627,1,0,0
bbxf068v,328,4xkkkt5h,5,presurvey,Training,1779926633,1,0,0
bbxf068v,331,nuo579sq,2,presurvey,AudioCheck,1779926640,1,0,0
bbxf068v,329,3z00h57o,11,presurvey,Scenario,1779926641,1,0,0
bbxf068v,330,nj64epsr,6,presurvey,TrainingNeighbor_1,1779926644,1,0,0
bbxf068v,331,nuo579sq,3,presurvey,Demographics,1779926647,1,0,0
bbxf068v,330,nj64epsr,10,presurvey,ExperimentInstruction,1779926648,1,0,0
bbxf068v,331,nuo579sq,4,presurvey,NeighborhoodInstruction,1779926654,1,0,0
bbxf068v,331,nuo579sq,5,presurvey,Training,1779926666,1,0,0
bbxf068v,329,3z00h57o,12,presurvey,Commitment,1779926668,1,0,0
bbxf068v,329,3z00h57o,13,mock_N08_N04_Aonly,GroupingWaitPage,1779926668,1,0,1
bbxf068v,329,3z00h57o,14,mock_N08_N04_Aonly,GroupSizeWaitPage,1779926669,1,0,1
bbxf068v,330,nj64epsr,11,presurvey,Scenario,1779926672,1,0,0
bbxf068v,328,4xkkkt5h,6,presurvey,TrainingNeighbor_1,1779926673,1,0,0
bbxf068v,329,3z00h57o,15,mock_N08_N04_Aonly,AttentionCheck,1779926675,1,0,0
bbxf068v,328,4xkkkt5h,10,presurvey,ExperimentInstruction,1779926680,1,0,0
bbxf068v,331,nuo579sq,6,presurvey,TrainingNeighbor_1,1779926703,1,0,0
bbxf068v,328,4xkkkt5h,11,presurvey,Scenario,1779926706,1,0,0
bbxf068v,330,nj64epsr,12,presurvey,Commitment,1779926707,1,0,0
bbxf068v,330,nj64epsr,13,mock_N08_N04_Aonly,GroupingWaitPage,1779926707,1,0,1
bbxf068v,331,nuo579sq,10,presurvey,ExperimentInstruction,1779926707,1,0,0
bbxf068v,330,nj64epsr,14,mock_N08_N04_Aonly,GroupSizeWaitPage,1779926708,1,0,1
bbxf068v,332,k1ca1zy1,0,,InitializeParticipant,1779926713,1,0,0
bbxf068v,330,nj64epsr,15,mock_N08_N04_Aonly,AttentionCheck,1779926716,1,0,0
bbxf068v,332,k1ca1zy1,1,presurvey,Introduction,1779926724,1,0,0
bbxf068v,328,4xkkkt5h,12,presurvey,Commitment,1779926733,1,0,0
bbxf068v,328,4xkkkt5h,13,mock_N08_N04_Aonly,GroupingWaitPage,1779926734,1,0,1
bbxf068v,328,4xkkkt5h,14,mock_N08_N04_Aonly,GroupSizeWaitPage,1779926734,1,0,1
bbxf068v,332,k1ca1zy1,2,presurvey,AudioCheck,1779926740,1,0,0
bbxf068v,328,4xkkkt5h,15,mock_N08_N04_Aonly,AttentionCheck,1779926743,1,0,0
bbxf068v,332,k1ca1zy1,3,presurvey,Demographics,1779926756,1,0,0
bbxf068v,333,yj2nsc5o,0,,InitializeParticipant,1779926757,1,0,0
bbxf068v,333,yj2nsc5o,1,presurvey,Introduction,1779926760,1,0,0
bbxf068v,333,yj2nsc5o,2,presurvey,AudioCheck,1779926771,1,0,0
bbxf068v,332,k1ca1zy1,4,presurvey,NeighborhoodInstruction,1779926782,1,0,0
bbxf068v,333,yj2nsc5o,3,presurvey,Demographics,1779926786,1,0,0
bbxf068v,333,yj2nsc5o,4,presurvey,NeighborhoodInstruction,1779926789,1,0,0
bbxf068v,332,k1ca1zy1,5,presurvey,Training,1779926810,1,0,0
bbxf068v,333,yj2nsc5o,5,presurvey,Training,1779926818,1,0,0
bbxf068v,331,nuo579sq,11,presurvey,Scenario,1779926824,1,0,0
bbxf068v,334,7yszl327,0,,InitializeParticipant,1779926842,1,0,0
bbxf068v,333,yj2nsc5o,6,presurvey,TrainingNeighbor_1,1779926847,1,0,0
bbxf068v,333,yj2nsc5o,7,presurvey,TrainingNeighbor_2,1779926851,1,0,0
bbxf068v,334,7yszl327,1,presurvey,Introduction,1779926854,1,0,0
bbxf068v,332,k1ca1zy1,6,presurvey,TrainingNeighbor_1,1779926854,1,0,0
bbxf068v,333,yj2nsc5o,10,presurvey,ExperimentInstruction,1779926859,1,0,0
bbxf068v,332,k1ca1zy1,7,presurvey,TrainingNeighbor_2,1779926865,1,0,0
bbxf068v,332,k1ca1zy1,10,presurvey,ExperimentInstruction,1779926871,1,0,0
bbxf068v,334,7yszl327,2,presurvey,AudioCheck,1779926878,1,0,0
bbxf068v,331,nuo579sq,12,presurvey,Commitment,1779926880,1,0,0
bbxf068v,331,nuo579sq,13,mock_N08_N04_Aonly,GroupingWaitPage,1779926880,1,0,1
bbxf068v,331,nuo579sq,14,mock_N08_N04_Aonly,GroupSizeWaitPage,1779926881,1,0,1
bbxf068v,331,nuo579sq,15,mock_N08_N04_Aonly,AttentionCheck,1779926886,1,0,0
bbxf068v,333,yj2nsc5o,11,presurvey,Scenario,1779926889,1,0,0
bbxf068v,332,k1ca1zy1,11,presurvey,Scenario,1779926914,1,0,0
bbxf068v,334,7yszl327,3,presurvey,Demographics,1779926929,1,0,0
bbxf068v,333,yj2nsc5o,12,presurvey,Commitment,1779926932,1,0,0
bbxf068v,333,yj2nsc5o,13,mock_N08_N04_Aonly,GroupingWaitPage,1779926932,1,0,1
bbxf068v,333,yj2nsc5o,14,mock_N08_N04_Aonly,GroupSizeWaitPage,1779926933,1,0,1
bbxf068v,333,yj2nsc5o,15,mock_N08_N04_Aonly,AttentionCheck,1779926942,1,0,0
bbxf068v,335,gmdbbsnd,0,,InitializeParticipant,1779926999,1,0,0
bbxf068v,335,gmdbbsnd,1,presurvey,Introduction,1779927007,1,0,0
bbxf068v,335,gmdbbsnd,2,presurvey,AudioCheck,1779927053,1,0,0
bbxf068v,327,z2r107dr,4,presurvey,NeighborhoodInstruction,1779927055,1,0,0
bbxf068v,334,7yszl327,4,presurvey,NeighborhoodInstruction,1779927069,1,0,0
bbxf068v,335,gmdbbsnd,3,presurvey,Demographics,1779927074,1,0,0
bbxf068v,335,gmdbbsnd,4,presurvey,NeighborhoodInstruction,1779927093,1,0,0
bbxf068v,335,gmdbbsnd,5,presurvey,Training,1779927121,1,0,0
bbxf068v,335,gmdbbsnd,6,presurvey,TrainingNeighbor_1,1779927175,1,0,0
bbxf068v,336,vtxwjtdk,0,,InitializeParticipant,1779927176,1,0,0
bbxf068v,335,gmdbbsnd,10,presurvey,ExperimentInstruction,1779927186,1,0,0
bbxf068v,336,vtxwjtdk,1,presurvey,Introduction,1779927197,1,0,0
bbxf068v,335,gmdbbsnd,11,presurvey,Scenario,1779927225,1,0,0
bbxf068v,337,tprzx674,0,,InitializeParticipant,1779927256,1,0,0
bbxf068v,335,gmdbbsnd,12,presurvey,Commitment,1779927268,1,0,0
bbxf068v,335,gmdbbsnd,13,mock_N08_N04_Aonly,GroupingWaitPage,1779927269,1,0,1
bbxf068v,335,gmdbbsnd,14,mock_N08_N04_Aonly,GroupSizeWaitPage,1779927269,1,0,1
bbxf068v,337,tprzx674,1,presurvey,Introduction,1779927270,1,0,0
bbxf068v,338,owoich57,0,,InitializeParticipant,1779927272,1,0,0
bbxf068v,335,gmdbbsnd,15,mock_N08_N04_Aonly,AttentionCheck,1779927274,1,0,0
bbxf068v,338,owoich57,1,presurvey,Introduction,1779927277,1,0,0
bbxf068v,338,owoich57,2,presurvey,AudioCheck,1779927294,1,0,0
bbxf068v,334,7yszl327,5,presurvey,Training,1779927295,1,0,0
bbxf068v,337,tprzx674,2,presurvey,AudioCheck,1779927298,1,0,0
bbxf068v,327,z2r107dr,5,presurvey,Training,1779927302,1,0,0
bbxf068v,337,tprzx674,3,presurvey,Demographics,1779927308,1,0,0
bbxf068v,338,owoich57,3,presurvey,Demographics,1779927309,1,0,0
bbxf068v,338,owoich57,4,presurvey,NeighborhoodInstruction,1779927330,1,0,0
bbxf068v,334,7yszl327,6,presurvey,TrainingNeighbor_1,1779927344,1,0,0
bbxf068v,337,tprzx674,4,presurvey,NeighborhoodInstruction,1779927346,1,0,0
bbxf068v,334,7yszl327,7,presurvey,TrainingNeighbor_2,1779927354,1,0,0
bbxf068v,325,gmtgk7yj,2,presurvey,AudioCheck,1779927355,1,0,0
bbxf068v,338,owoich57,5,presurvey,Training,1779927362,1,0,0
bbxf068v,334,7yszl327,10,presurvey,ExperimentInstruction,1779927364,1,0,0
bbxf068v,325,gmtgk7yj,3,presurvey,Demographics,1779927374,1,0,0
bbxf068v,325,gmtgk7yj,4,presurvey,NeighborhoodInstruction,1779927390,1,0,0
bbxf068v,337,tprzx674,5,presurvey,Training,1779927391,1,0,0
bbxf068v,327,z2r107dr,6,presurvey,TrainingNeighbor_1,1779927391,1,0,0
bbxf068v,334,7yszl327,11,presurvey,Scenario,1779927403,1,0,0
bbxf068v,327,z2r107dr,7,presurvey,TrainingNeighbor_2,1779927409,1,0,0
bbxf068v,325,gmtgk7yj,5,presurvey,Training,1779927419,1,0,0
bbxf068v,339,qdmdtfu7,0,,InitializeParticipant,1779927425,1,0,0
bbxf068v,339,qdmdtfu7,1,presurvey,Introduction,1779927433,1,0,0
bbxf068v,340,sies627m,0,,InitializeParticipant,1779927433,1,0,0
bbxf068v,327,z2r107dr,10,presurvey,ExperimentInstruction,1779927436,1,0,0
bbxf068v,340,sies627m,1,presurvey,Introduction,1779927442,1,0,0
bbxf068v,325,gmtgk7yj,6,presurvey,TrainingNeighbor_1,1779927446,1,0,0
bbxf068v,338,owoich57,6,presurvey,TrainingNeighbor_1,1779927448,1,0,0
bbxf068v,325,gmtgk7yj,10,presurvey,ExperimentInstruction,1779927451,1,0,0
bbxf068v,339,qdmdtfu7,2,presurvey,AudioCheck,1779927457,1,0,0
bbxf068v,337,tprzx674,6,presurvey,TrainingNeighbor_1,1779927458,1,0,0
bbxf068v,337,tprzx674,10,presurvey,ExperimentInstruction,1779927465,1,0,0
bbxf068v,325,gmtgk7yj,11,presurvey,Scenario,1779927480,1,0,0
bbxf068v,339,qdmdtfu7,3,presurvey,Demographics,1779927484,1,0,0
bbxf068v,340,sies627m,2,presurvey,AudioCheck,1779927500,1,0,0
bbxf068v,337,tprzx674,11,presurvey,Scenario,1779927503,1,0,0
bbxf068v,327,z2r107dr,11,presurvey,Scenario,1779927504,1,0,0
bbxf068v,340,sies627m,3,presurvey,Demographics,1779927518,1,0,0
bbxf068v,325,gmtgk7yj,12,presurvey,Commitment,1779927521,1,0,0
bbxf068v,325,gmtgk7yj,13,mock_N08_N04_Aonly,GroupingWaitPage,1779927521,1,0,1
bbxf068v,325,gmtgk7yj,14,mock_N08_N04_Aonly,GroupSizeWaitPage,1779927522,1,0,1
bbxf068v,325,gmtgk7yj,15,mock_N08_N04_Aonly,AttentionCheck,1779927529,1,0,0
bbxf068v,338,owoich57,7,presurvey,TrainingNeighbor_2,1779927531,1,0,0
bbxf068v,339,qdmdtfu7,4,presurvey,NeighborhoodInstruction,1779927538,1,0,0
bbxf068v,338,owoich57,8,presurvey,AttentionCheck,1779927539,1,0,0
bbxf068v,337,tprzx674,12,presurvey,Commitment,1779927544,1,0,0
bbxf068v,337,tprzx674,13,mock_N08_N04_Aonly,GroupingWaitPage,1779927545,1,0,1
bbxf068v,337,tprzx674,14,mock_N08_N04_Aonly,GroupSizeWaitPage,1779927545,1,0,1
bbxf068v,340,sies627m,4,presurvey,NeighborhoodInstruction,1779927547,1,0,0
bbxf068v,337,tprzx674,15,mock_N08_N04_Aonly,AttentionCheck,1779927559,1,0,0
bbxf068v,338,owoich57,9,presurvey,TrainingNeighbor_3,1779927562,1,0,0
bbxf068v,340,sies627m,5,presurvey,Training,1779927591,1,0,0
bbxf068v,339,qdmdtfu7,5,presurvey,Training,1779927596,1,0,0
bbxf068v,341,8l09u994,0,,InitializeParticipant,1779927616,1,0,0
bbxf068v,339,qdmdtfu7,6,presurvey,TrainingNeighbor_1,1779927627,1,0,0
bbxf068v,341,8l09u994,1,presurvey,Introduction,1779927629,1,0,0
bbxf068v,342,h3u25wkn,0,,InitializeParticipant,1779927631,1,0,0
bbxf068v,342,h3u25wkn,1,presurvey,Introduction,1779927635,1,0,0
bbxf068v,339,qdmdtfu7,7,presurvey,TrainingNeighbor_2,1779927638,1,0,0
bbxf068v,341,8l09u994,2,presurvey,AudioCheck,1779927646,1,0,0
bbxf068v,339,qdmdtfu7,10,presurvey,ExperimentInstruction,1779927653,1,0,0
bbxf068v,342,h3u25wkn,2,presurvey,AudioCheck,1779927654,1,0,0
bbxf068v,340,sies627m,6,presurvey,TrainingNeighbor_1,1779927654,1,0,0
bbxf068v,342,h3u25wkn,3,presurvey,Demographics,1779927668,1,0,0
bbxf068v,341,8l09u994,3,presurvey,Demographics,1779927671,1,0,0
bbxf068v,340,sies627m,10,presurvey,ExperimentInstruction,1779927675,1,0,0
bbxf068v,341,8l09u994,4,presurvey,NeighborhoodInstruction,1779927678,1,0,0
bbxf068v,342,h3u25wkn,4,presurvey,NeighborhoodInstruction,1779927682,1,0,0
bbxf068v,342,h3u25wkn,5,presurvey,Training,1779927704,1,0,0
bbxf068v,341,8l09u994,5,presurvey,Training,1779927714,1,0,0
bbxf068v,339,qdmdtfu7,11,presurvey,Scenario,1779927730,1,0,0
bbxf068v,340,sies627m,11,presurvey,Scenario,1779927743,1,0,0
bbxf068v,341,8l09u994,6,presurvey,TrainingNeighbor_1,1779927744,1,0,0
bbxf068v,341,8l09u994,10,presurvey,ExperimentInstruction,1779927748,1,0,0
bbxf068v,341,8l09u994,11,presurvey,Scenario,1779927773,1,0,0
bbxf068v,342,h3u25wkn,6,presurvey,TrainingNeighbor_1,1779927779,1,0,0
bbxf068v,339,qdmdtfu7,12,presurvey,Commitment,1779927779,1,0,0
bbxf068v,339,qdmdtfu7,13,mock_N08_N04_Aonly,GroupingWaitPage,1779927780,1,0,1
bbxf068v,339,qdmdtfu7,14,mock_N08_N04_Aonly,GroupSizeWaitPage,1779927781,1,0,1
bbxf068v,342,h3u25wkn,7,presurvey,TrainingNeighbor_2,1779927789,1,0,0
bbxf068v,342,h3u25wkn,10,presurvey,ExperimentInstruction,1779927793,1,0,0
bbxf068v,343,crzzo8ql,0,,InitializeParticipant,1779927794,1,0,0
bbxf068v,344,178llc2z,0,,InitializeParticipant,1779927801,1,0,0
bbxf068v,339,qdmdtfu7,15,mock_N08_N04_Aonly,AttentionCheck,1779927804,1,0,0
bbxf068v,343,crzzo8ql,1,presurvey,Introduction,1779927812,1,0,0
bbxf068v,342,h3u25wkn,11,presurvey,Scenario,1779927829,1,0,0
bbxf068v,340,sies627m,12,presurvey,Commitment,1779927836,1,0,0
bbxf068v,340,sies627m,13,mock_N08_N04_Aonly,GroupingWaitPage,1779927837,1,0,1
bbxf068v,340,sies627m,14,mock_N08_N04_Aonly,GroupSizeWaitPage,1779927837,1,0,1
bbxf068v,343,crzzo8ql,2,presurvey,AudioCheck,1779927841,1,0,0
bbxf068v,340,sies627m,15,mock_N08_N04_Aonly,AttentionCheck,1779927849,1,0,0
bbxf068v,343,crzzo8ql,3,presurvey,Demographics,1779927856,1,0,0
bbxf068v,343,crzzo8ql,4,presurvey,NeighborhoodInstruction,1779927880,1,0,0
bbxf068v,345,jtz8pxuk,0,,InitializeParticipant,1779927881,1,0,0
bbxf068v,343,crzzo8ql,5,presurvey,Training,1779927906,1,0,0
bbxf068v,345,jtz8pxuk,1,presurvey,Introduction,1779927912,1,0,0
bbxf068v,346,ofhz1ydb,0,,InitializeParticipant,1779927917,1,0,0
bbxf068v,345,jtz8pxuk,2,presurvey,AudioCheck,1779927927,1,0,0
bbxf068v,344,178llc2z,1,presurvey,Introduction,1779927940,1,0,0
bbxf068v,343,crzzo8ql,6,presurvey,TrainingNeighbor_1,1779927941,1,0,0
bbxf068v,343,crzzo8ql,7,presurvey,TrainingNeighbor_2,1779927946,1,0,0
bbxf068v,347,djea2dup,0,,InitializeParticipant,1779927949,1,0,0
bbxf068v,345,jtz8pxuk,3,presurvey,Demographics,1779927957,1,0,0
bbxf068v,343,crzzo8ql,8,presurvey,AttentionCheck,1779927966,1,0,0
bbxf068v,347,djea2dup,1,presurvey,Introduction,1779927967,1,0,0
bbxf068v,346,ofhz1ydb,1,presurvey,Introduction,1779927980,1,0,0
bbxf068v,343,crzzo8ql,9,presurvey,TrainingNeighbor_3,1779927990,1,0,0
bbxf068v,345,jtz8pxuk,4,presurvey,NeighborhoodInstruction,1779927990,1,0,0
bbxf068v,343,crzzo8ql,10,presurvey,ExperimentInstruction,1779927994,1,0,0
bbxf068v,345,jtz8pxuk,5,presurvey,Training,1779927995,1,0,0
bbxf068v,346,ofhz1ydb,2,presurvey,AudioCheck,1779928002,1,0,0
bbxf068v,347,djea2dup,2,presurvey,AudioCheck,1779928017,1,0,0
bbxf068v,346,ofhz1ydb,3,presurvey,Demographics,1779928019,1,0,0
bbxf068v,344,178llc2z,2,presurvey,AudioCheck,1779928023,1,0,0
bbxf068v,346,ofhz1ydb,4,presurvey,NeighborhoodInstruction,1779928050,1,0,0
bbxf068v,345,jtz8pxuk,6,presurvey,TrainingNeighbor_1,1779928053,1,0,0
bbxf068v,347,djea2dup,3,presurvey,Demographics,1779928053,1,0,0
bbxf068v,345,jtz8pxuk,10,presurvey,ExperimentInstruction,1779928058,1,0,0
bbxf068v,343,crzzo8ql,11,presurvey,Scenario,1779928081,1,0,0
bbxf068v,345,jtz8pxuk,11,presurvey,Scenario,1779928088,1,0,0
bbxf068v,344,178llc2z,3,presurvey,Demographics,1779928097,1,0,0
bbxf068v,347,djea2dup,4,presurvey,NeighborhoodInstruction,1779928100,1,0,0
bbxf068v,346,ofhz1ydb,5,presurvey,Training,1779928102,1,0,0
bbxf068v,345,jtz8pxuk,12,presurvey,Commitment,1779928115,1,0,0
bbxf068v,345,jtz8pxuk,13,mock_N08_N04_Aonly,GroupingWaitPage,1779928116,1,0,1
bbxf068v,345,jtz8pxuk,14,mock_N08_N04_Aonly,GroupSizeWaitPage,1779928116,1,0,1
bbxf068v,348,w2ot4snc,0,,InitializeParticipant,1779928125,1,0,0
bbxf068v,345,jtz8pxuk,15,mock_N08_N04_Aonly,AttentionCheck,1779928126,1,0,0
bbxf068v,349,pyak3a5y,0,,InitializeParticipant,1779928135,1,0,0
bbxf068v,348,w2ot4snc,1,presurvey,Introduction,1779928147,1,0,0
bbxf068v,348,w2ot4snc,2,presurvey,AudioCheck,1779928163,1,0,0
bbxf068v,349,pyak3a5y,1,presurvey,Introduction,1779928170,1,0,0
bbxf068v,348,w2ot4snc,3,presurvey,Demographics,1779928171,1,0,0
bbxf068v,347,djea2dup,5,presurvey,Training,1779928172,1,0,0
bbxf068v,348,w2ot4snc,4,presurvey,NeighborhoodInstruction,1779928187,1,0,0
bbxf068v,346,ofhz1ydb,6,presurvey,TrainingNeighbor_1,1779928187,1,0,0
bbxf068v,349,pyak3a5y,2,presurvey,AudioCheck,1779928192,1,0,0
bbxf068v,346,ofhz1ydb,10,presurvey,ExperimentInstruction,1779928193,1,0,0
bbxf068v,350,z5163ke0,0,,InitializeParticipant,1779928200,1,0,0
bbxf068v,351,edgl6gbg,0,,InitializeParticipant,1779928202,1,0,0
bbxf068v,349,pyak3a5y,3,presurvey,Demographics,1779928206,1,0,0
bbxf068v,351,edgl6gbg,1,presurvey,Introduction,1779928207,1,0,0
bbxf068v,348,w2ot4snc,5,presurvey,Training,1779928207,1,0,0
bbxf068v,350,z5163ke0,1,presurvey,Introduction,1779928219,1,0,0
bbxf068v,349,pyak3a5y,4,presurvey,NeighborhoodInstruction,1779928219,1,0,0
bbxf068v,346,ofhz1ydb,11,presurvey,Scenario,1779928234,1,0,0
bbxf068v,350,z5163ke0,2,presurvey,AudioCheck,1779928240,1,0,0
bbxf068v,351,edgl6gbg,2,presurvey,AudioCheck,1779928244,1,0,0
bbxf068v,348,w2ot4snc,6,presurvey,TrainingNeighbor_1,1779928247,1,0,0
bbxf068v,348,w2ot4snc,10,presurvey,ExperimentInstruction,1779928255,1,0,0
bbxf068v,351,edgl6gbg,3,presurvey,Demographics,1779928259,1,0,0
bbxf068v,350,z5163ke0,3,presurvey,Demographics,1779928259,1,0,0
bbxf068v,349,pyak3a5y,5,presurvey,Training,1779928260,1,0,0
bbxf068v,352,dllf1v8j,0,,InitializeParticipant,1779928265,1,0,0
bbxf068v,352,dllf1v8j,1,presurvey,Introduction,1779928275,1,0,0
bbxf068v,344,178llc2z,4,presurvey,NeighborhoodInstruction,1779928278,1,0,0
bbxf068v,347,djea2dup,6,presurvey,TrainingNeighbor_1,1779928279,1,0,0
bbxf068v,348,w2ot4snc,11,presurvey,Scenario,1779928280,1,0,0
bbxf068v,350,z5163ke0,4,presurvey,NeighborhoodInstruction,1779928286,1,0,0
bbxf068v,349,pyak3a5y,6,presurvey,TrainingNeighbor_1,1779928290,1,0,0
bbxf068v,349,pyak3a5y,7,presurvey,TrainingNeighbor_2,1779928297,1,0,0
bbxf068v,352,dllf1v8j,2,presurvey,AudioCheck,1779928299,1,0,0
bbxf068v,347,djea2dup,7,presurvey,TrainingNeighbor_2,1779928303,1,0,0
bbxf068v,351,edgl6gbg,4,presurvey,NeighborhoodInstruction,1779928308,1,0,0
bbxf068v,347,djea2dup,10,presurvey,ExperimentInstruction,1779928311,1,0,0
bbxf068v,349,pyak3a5y,10,presurvey,ExperimentInstruction,1779928311,1,0,0
bbxf068v,352,dllf1v8j,3,presurvey,Demographics,1779928312,1,0,0
bbxf068v,352,dllf1v8j,4,presurvey,NeighborhoodInstruction,1779928323,1,0,0
bbxf068v,349,pyak3a5y,11,presurvey,Scenario,1779928337,1,0,0
bbxf068v,350,z5163ke0,5,presurvey,Training,1779928362,1,0,0
bbxf068v,347,djea2dup,11,presurvey,Scenario,1779928366,1,0,0
bbxf068v,349,pyak3a5y,12,presurvey,Commitment,1779928371,1,0,0
bbxf068v,352,dllf1v8j,5,presurvey,Training,1779928371,1,0,0
bbxf068v,349,pyak3a5y,13,mock_N08_N04_Aonly,GroupingWaitPage,1779928372,1,0,1
bbxf068v,349,pyak3a5y,14,mock_N08_N04_Aonly,GroupSizeWaitPage,1779928372,1,0,1
bbxf068v,349,pyak3a5y,15,mock_N08_N04_Aonly,AttentionCheck,1779928378,1,0,0
bbxf068v,351,edgl6gbg,5,presurvey,Training,1779928385,1,0,0
bbxf068v,344,178llc2z,5,presurvey,Training,1779928390,1,0,0
bbxf068v,352,dllf1v8j,6,presurvey,TrainingNeighbor_1,1779928391,1,0,0
bbxf068v,353,o5uo7zkt,0,,InitializeParticipant,1779928399,1,0,0
bbxf068v,352,dllf1v8j,10,presurvey,ExperimentInstruction,1779928402,1,0,0
bbxf068v,350,z5163ke0,6,presurvey,TrainingNeighbor_1,1779928406,1,0,0
bbxf068v,353,o5uo7zkt,1,presurvey,Introduction,1779928408,1,0,0
bbxf068v,351,edgl6gbg,6,presurvey,TrainingNeighbor_1,1779928414,1,0,0
bbxf068v,351,edgl6gbg,10,presurvey,ExperimentInstruction,1779928419,1,0,0
bbxf068v,353,o5uo7zkt,2,presurvey,AudioCheck,1779928425,1,0,0
bbxf068v,353,o5uo7zkt,3,presurvey,Demographics,1779928438,1,0,0
bbxf068v,352,dllf1v8j,11,presurvey,Scenario,1779928440,1,0,0
bbxf068v,353,o5uo7zkt,4,presurvey,NeighborhoodInstruction,1779928444,1,0,0
bbxf068v,344,178llc2z,6,presurvey,TrainingNeighbor_1,1779928453,1,0,0
bbxf068v,353,o5uo7zkt,5,presurvey,Training,1779928461,1,0,0
bbxf068v,344,178llc2z,10,presurvey,ExperimentInstruction,1779928467,1,0,0
bbxf068v,352,dllf1v8j,12,presurvey,Commitment,1779928475,1,0,0
bbxf068v,352,dllf1v8j,13,mock_N08_N04_Aonly,GroupingWaitPage,1779928476,1,0,1
bbxf068v,352,dllf1v8j,14,mock_N08_N04_Aonly,GroupSizeWaitPage,1779928476,1,0,1
bbxf068v,352,dllf1v8j,15,mock_N08_N04_Aonly,AttentionCheck,1779928483,1,0,0
bbxf068v,353,o5uo7zkt,6,presurvey,TrainingNeighbor_1,1779928517,1,0,0
bbxf068v,353,o5uo7zkt,7,presurvey,TrainingNeighbor_2,1779928529,1,0,0
bbxf068v,353,o5uo7zkt,10,presurvey,ExperimentInstruction,1779928535,1,0,0
bbxf068v,351,edgl6gbg,11,presurvey,Scenario,1779928538,1,0,0
bbxf068v,353,o5uo7zkt,11,presurvey,Scenario,1779928550,1,0,0
bbxf068v,354,p7mlv1s9,0,,InitializeParticipant,1779928550,1,0,0
bbxf068v,344,178llc2z,11,presurvey,Scenario,1779928555,1,0,0
bbxf068v,354,p7mlv1s9,1,presurvey,Introduction,1779928562,1,0,0
bbxf068v,351,edgl6gbg,12,presurvey,Commitment,1779928566,1,0,0
bbxf068v,351,edgl6gbg,13,mock_N08_N04_Aonly,GroupingWaitPage,1779928567,1,0,1
bbxf068v,351,edgl6gbg,14,mock_N08_N04_Aonly,GroupSizeWaitPage,1779928567,1,0,1
bbxf068v,355,kuk9or3k,0,,InitializeParticipant,1779928568,1,0,0
bbxf068v,351,edgl6gbg,15,mock_N08_N04_Aonly,AttentionCheck,1779928575,1,0,0
bbxf068v,355,kuk9or3k,1,presurvey,Introduction,1779928577,1,0,0
bbxf068v,353,o5uo7zkt,12,presurvey,Commitment,1779928582,1,0,0
bbxf068v,353,o5uo7zkt,13,mock_N08_N04_Aonly,GroupingWaitPage,1779928583,1,0,1
bbxf068v,353,o5uo7zkt,14,mock_N08_N04_Aonly,GroupSizeWaitPage,1779928583,1,0,1
bbxf068v,353,o5uo7zkt,15,mock_N08_N04_Aonly,AttentionCheck,1779928593,1,0,0
bbxf068v,355,kuk9or3k,2,presurvey,AudioCheck,1779928597,1,0,0
bbxf068v,354,p7mlv1s9,2,presurvey,AudioCheck,1779928612,1,0,0
bbxf068v,355,kuk9or3k,3,presurvey,Demographics,1779928614,1,0,0
bbxf068v,354,p7mlv1s9,3,presurvey,Demographics,1779928632,1,0,0
bbxf068v,356,64a7gnfn,0,,InitializeParticipant,1779928636,1,0,0
bbxf068v,354,p7mlv1s9,4,presurvey,NeighborhoodInstruction,1779928639,1,0,0
bbxf068v,356,64a7gnfn,1,presurvey,Introduction,1779928640,1,0,0
bbxf068v,354,p7mlv1s9,5,presurvey,Training,1779928649,1,0,0
bbxf068v,355,kuk9or3k,4,presurvey,NeighborhoodInstruction,1779928650,1,0,0
bbxf068v,356,64a7gnfn,2,presurvey,AudioCheck,1779928653,1,0,0
bbxf068v,356,64a7gnfn,3,presurvey,Demographics,1779928667,1,0,0
bbxf068v,356,64a7gnfn,4,presurvey,NeighborhoodInstruction,1779928670,1,0,0
bbxf068v,356,64a7gnfn,5,presurvey,Training,1779928679,1,0,0
bbxf068v,355,kuk9or3k,5,presurvey,Training,1779928683,1,0,0
bbxf068v,354,p7mlv1s9,6,presurvey,TrainingNeighbor_1,1779928692,1,0,0
bbxf068v,354,p7mlv1s9,10,presurvey,ExperimentInstruction,1779928698,1,0,0
bbxf068v,355,kuk9or3k,6,presurvey,TrainingNeighbor_1,1779928717,1,0,0
bbxf068v,356,64a7gnfn,6,presurvey,TrainingNeighbor_1,1779928718,1,0,0
bbxf068v,354,p7mlv1s9,11,presurvey,Scenario,1779928718,1,0,0
bbxf068v,356,64a7gnfn,10,presurvey,ExperimentInstruction,1779928723,1,0,0
bbxf068v,355,kuk9or3k,10,presurvey,ExperimentInstruction,1779928724,1,0,0
bbxf068v,356,64a7gnfn,11,presurvey,Scenario,1779928741,1,0,0
bbxf068v,354,p7mlv1s9,12,presurvey,Commitment,1779928748,1,0,0
bbxf068v,354,p7mlv1s9,13,mock_N08_N04_Aonly,GroupingWaitPage,1779928749,1,0,1
bbxf068v,354,p7mlv1s9,14,mock_N08_N04_Aonly,GroupSizeWaitPage,1779928750,1,0,1
bbxf068v,354,p7mlv1s9,15,mock_N08_N04_Aonly,AttentionCheck,1779928762,1,0,0
bbxf068v,355,kuk9or3k,11,presurvey,Scenario,1779928769,1,0,0
bbxf068v,357,ozjqj8sj,0,,InitializeParticipant,1779928884,1,0,0
bbxf068v,357,ozjqj8sj,1,presurvey,Introduction,1779929114,1,0,0
bbxf068v,357,ozjqj8sj,2,presurvey,AudioCheck,1779929131,1,0,0
bbxf068v,358,eus52x0s,0,,InitializeParticipant,1779929133,1,0,0
bbxf068v,359,ubj8r6vw,0,,InitializeParticipant,1779929137,1,0,0
bbxf068v,358,eus52x0s,1,presurvey,Introduction,1779929140,1,0,0
bbxf068v,359,ubj8r6vw,1,presurvey,Introduction,1779929143,1,0,0
bbxf068v,357,ozjqj8sj,3,presurvey,Demographics,1779929153,1,0,0
bbxf068v,358,eus52x0s,2,presurvey,AudioCheck,1779929161,1,0,0
bbxf068v,358,eus52x0s,3,presurvey,Demographics,1779929185,1,0,0
bbxf068v,359,ubj8r6vw,2,presurvey,AudioCheck,1779929186,1,0,0
bbxf068v,359,ubj8r6vw,3,presurvey,Demographics,1779929211,1,0,0
bbxf068v,358,eus52x0s,4,presurvey,NeighborhoodInstruction,1779929220,1,0,0
bbxf068v,359,ubj8r6vw,4,presurvey,NeighborhoodInstruction,1779929233,1,0,0
bbxf068v,358,eus52x0s,5,presurvey,Training,1779929249,1,0,0
bbxf068v,357,ozjqj8sj,4,presurvey,NeighborhoodInstruction,1779929259,1,0,0
bbxf068v,359,ubj8r6vw,5,presurvey,Training,1779929267,1,0,0
bbxf068v,359,ubj8r6vw,6,presurvey,TrainingNeighbor_1,1779929286,1,0,0
bbxf068v,358,eus52x0s,6,presurvey,TrainingNeighbor_1,1779929288,1,0,0
bbxf068v,358,eus52x0s,7,presurvey,TrainingNeighbor_2,1779929293,1,0,0
bbxf068v,359,ubj8r6vw,7,presurvey,TrainingNeighbor_2,1779929293,1,0,0
bbxf068v,358,eus52x0s,10,presurvey,ExperimentInstruction,1779929298,1,0,0
bbxf068v,359,ubj8r6vw,10,presurvey,ExperimentInstruction,1779929306,1,0,0
bbxf068v,357,ozjqj8sj,5,presurvey,Training,1779929323,1,0,0
bbxf068v,359,ubj8r6vw,11,presurvey,Scenario,1779929332,1,0,0
bbxf068v,358,eus52x0s,11,presurvey,Scenario,1779929338,1,0,0
bbxf068v,357,ozjqj8sj,6,presurvey,TrainingNeighbor_1,1779929372,1,0,0
bbxf068v,357,ozjqj8sj,10,presurvey,ExperimentInstruction,1779929381,1,0,0
bbxf068v,350,z5163ke0,10,presurvey,ExperimentInstruction,1779929396,1,0,0
bbxf068v,350,z5163ke0,11,presurvey,Scenario,1779929443,1,0,0
bbxf068v,350,z5163ke0,12,presurvey,Commitment,1779929487,1,0,0
bbxf068v,350,z5163ke0,13,mock_N08_N04_Aonly,GroupingWaitPage,1779929488,1,0,1
bbxf068v,350,z5163ke0,14,mock_N08_N04_Aonly,GroupSizeWaitPage,1779929488,1,0,1
bbxf068v,350,z5163ke0,15,mock_N08_N04_Aonly,AttentionCheck,1779929497,1,0,0
bbxf068v,360,vufwjcu6,0,,InitializeParticipant,1779929506,1,0,0
bbxf068v,357,ozjqj8sj,11,presurvey,Scenario,1779929513,1,0,0
bbxf068v,357,ozjqj8sj,12,presurvey,Commitment,1779929556,1,0,0
bbxf068v,357,ozjqj8sj,13,mock_N08_N04_Aonly,GroupingWaitPage,1779929557,1,0,1
bbxf068v,357,ozjqj8sj,14,mock_N08_N04_Aonly,GroupSizeWaitPage,1779929557,1,0,1
bbxf068v,357,ozjqj8sj,15,mock_N08_N04_Aonly,AttentionCheck,1779929569,1,0,0
bbxf068v,361,cbyzlq2w,0,,InitializeParticipant,1779929594,1,0,0
bbxf068v,360,vufwjcu6,1,presurvey,Introduction,1779929607,1,0,0
bbxf068v,361,cbyzlq2w,1,presurvey,Introduction,1779929622,1,0,0
bbxf068v,362,jhq8u8vh,0,,InitializeParticipant,1779929630,1,0,0
bbxf068v,360,vufwjcu6,2,presurvey,AudioCheck,1779929635,1,0,0
bbxf068v,362,jhq8u8vh,1,presurvey,Introduction,1779929656,1,0,0
bbxf068v,361,cbyzlq2w,2,presurvey,AudioCheck,1779929673,1,0,0
bbxf068v,360,vufwjcu6,3,presurvey,Demographics,1779929674,1,0,0
bbxf068v,361,cbyzlq2w,3,presurvey,Demographics,1779929688,1,0,0
bbxf068v,361,cbyzlq2w,4,presurvey,NeighborhoodInstruction,1779929696,1,0,0
bbxf068v,362,jhq8u8vh,2,presurvey,AudioCheck,1779929700,1,0,0
bbxf068v,360,vufwjcu6,4,presurvey,NeighborhoodInstruction,1779929702,1,0,0
bbxf068v,362,jhq8u8vh,3,presurvey,Demographics,1779929720,1,0,0
bbxf068v,360,vufwjcu6,5,presurvey,Training,1779929750,1,0,0
bbxf068v,361,cbyzlq2w,5,presurvey,Training,1779929751,1,0,0
bbxf068v,361,cbyzlq2w,6,presurvey,TrainingNeighbor_1,1779929771,1,0,0
bbxf068v,361,cbyzlq2w,7,presurvey,TrainingNeighbor_2,1779929775,1,0,0
bbxf068v,362,jhq8u8vh,4,presurvey,NeighborhoodInstruction,1779929778,1,0,0
bbxf068v,361,cbyzlq2w,10,presurvey,ExperimentInstruction,1779929779,1,0,0
bbxf068v,360,vufwjcu6,6,presurvey,TrainingNeighbor_1,1779929792,1,0,0
bbxf068v,361,cbyzlq2w,11,presurvey,Scenario,1779929798,1,0,0
bbxf068v,360,vufwjcu6,7,presurvey,TrainingNeighbor_2,1779929801,1,0,0
bbxf068v,360,vufwjcu6,10,presurvey,ExperimentInstruction,1779929809,1,0,0
bbxf068v,362,jhq8u8vh,5,presurvey,Training,1779929849,1,0,0
bbxf068v,360,vufwjcu6,11,presurvey,Scenario,1779929850,1,0,0
bbxf068v,361,cbyzlq2w,12,presurvey,Commitment,1779929852,1,0,0
bbxf068v,361,cbyzlq2w,13,mock_N08_N04_Aonly,GroupingWaitPage,1779929853,1,0,1
bbxf068v,361,cbyzlq2w,14,mock_N08_N04_Aonly,GroupSizeWaitPage,1779929853,1,0,1
bbxf068v,361,cbyzlq2w,15,mock_N08_N04_Aonly,AttentionCheck,1779929859,1,0,0
bbxf068v,362,jhq8u8vh,6,presurvey,TrainingNeighbor_1,1779929919,1,0,0
bbxf068v,360,vufwjcu6,12,presurvey,Commitment,1779929931,1,0,0
bbxf068v,360,vufwjcu6,13,mock_N08_N04_Aonly,GroupingWaitPage,1779929931,1,0,1
bbxf068v,360,vufwjcu6,14,mock_N08_N04_Aonly,GroupSizeWaitPage,1779929931,1,0,1
bbxf068v,360,vufwjcu6,15,mock_N08_N04_Aonly,AttentionCheck,1779929937,1,0,0
bbxf068v,362,jhq8u8vh,7,presurvey,TrainingNeighbor_2,1779929945,1,0,0
bbxf068v,362,jhq8u8vh,10,presurvey,ExperimentInstruction,1779929992,1,0,0
bbxf068v,362,jhq8u8vh,11,presurvey,Scenario,1779930082,1,0,0
bbxf068v,362,jhq8u8vh,12,presurvey,Commitment,1779930159,1,0,0
bbxf068v,362,jhq8u8vh,13,mock_N08_N04_Aonly,GroupingWaitPage,1779930159,1,0,1
bbxf068v,362,jhq8u8vh,14,mock_N08_N04_Aonly,GroupSizeWaitPage,1779930160,1,0,1
bbxf068v,362,jhq8u8vh,15,mock_N08_N04_Aonly,AttentionCheck,1779930166,1,0,0
bbxf068v,363,8uf0th6g,0,,InitializeParticipant,1779930217,1,0,0
bbxf068v,363,8uf0th6g,1,presurvey,Introduction,1779930234,1,0,0
bbxf068v,364,idcfvf20,0,,InitializeParticipant,1779930247,1,0,0
bbxf068v,363,8uf0th6g,2,presurvey,AudioCheck,1779930249,1,0,0
bbxf068v,364,idcfvf20,1,presurvey,Introduction,1779930250,1,0,0
bbxf068v,363,8uf0th6g,3,presurvey,Demographics,1779930271,1,0,0
bbxf068v,363,8uf0th6g,4,presurvey,NeighborhoodInstruction,1779930275,1,0,0
bbxf068v,364,idcfvf20,2,presurvey,AudioCheck,1779930278,1,0,0
bbxf068v,363,8uf0th6g,5,presurvey,Training,1779930289,1,0,0
bbxf068v,364,idcfvf20,3,presurvey,Demographics,1779930310,1,0,0
bbxf068v,364,idcfvf20,4,presurvey,NeighborhoodInstruction,1779930313,1,0,0
bbxf068v,363,8uf0th6g,6,presurvey,TrainingNeighbor_1,1779930326,1,0,0
bbxf068v,363,8uf0th6g,10,presurvey,ExperimentInstruction,1779930329,1,0,0
bbxf068v,364,idcfvf20,5,presurvey,Training,1779930337,1,0,0
bbxf068v,364,idcfvf20,6,presurvey,TrainingNeighbor_1,1779930352,1,0,0
bbxf068v,363,8uf0th6g,11,presurvey,Scenario,1779930356,1,0,0
bbxf068v,364,idcfvf20,7,presurvey,TrainingNeighbor_2,1779930364,1,0,0
bbxf068v,364,idcfvf20,8,presurvey,AttentionCheck,1779930374,1,0,0
bbxf068v,364,idcfvf20,9,presurvey,TrainingNeighbor_3,1779930416,1,0,0
bbxf068v,365,ejo3bt5p,0,,InitializeParticipant,1779930520,1,0,0
bbxf068v,365,ejo3bt5p,1,presurvey,Introduction,1779930540,1,0,0
bbxf068v,365,ejo3bt5p,2,presurvey,AudioCheck,1779930567,1,0,0
bbxf068v,365,ejo3bt5p,3,presurvey,Demographics,1779930581,1,0,0
bbxf068v,365,ejo3bt5p,4,presurvey,NeighborhoodInstruction,1779930604,1,0,0
bbxf068v,365,ejo3bt5p,5,presurvey,Training,1779930645,1,0,0
bbxf068v,365,ejo3bt5p,6,presurvey,TrainingNeighbor_1,1779930673,1,0,0
bbxf068v,365,ejo3bt5p,10,presurvey,ExperimentInstruction,1779930691,1,0,0
bbxf068v,365,ejo3bt5p,11,presurvey,Scenario,1779930727,1,0,0
bbxf068v,365,ejo3bt5p,12,presurvey,Commitment,1779930786,1,0,0
bbxf068v,365,ejo3bt5p,13,mock_N08_N04_Aonly,GroupingWaitPage,1779930787,1,0,1
bbxf068v,365,ejo3bt5p,14,mock_N08_N04_Aonly,GroupSizeWaitPage,1779930787,1,0,1
bbxf068v,365,ejo3bt5p,15,mock_N08_N04_Aonly,AttentionCheck,1779930798,1,0,0
bbxf068v,366,uc2p042p,0,,InitializeParticipant,1779930983,1,0,0
bbxf068v,366,uc2p042p,1,presurvey,Introduction,1779930991,1,0,0
bbxf068v,366,uc2p042p,2,presurvey,AudioCheck,1779931068,1,0,0
bbxf068v,366,uc2p042p,3,presurvey,Demographics,1779931081,1,0,0
bbxf068v,366,uc2p042p,4,presurvey,NeighborhoodInstruction,1779931170,1,0,0
bbxf068v,366,uc2p042p,5,presurvey,Training,1779931236,1,0,0
bbxf068v,366,uc2p042p,6,presurvey,TrainingNeighbor_1,1779931272,1,0,0
bbxf068v,366,uc2p042p,10,presurvey,ExperimentInstruction,1779931278,1,0,0
bbxf068v,366,uc2p042p,11,presurvey,Scenario,1779931340,1,0,0
bbxf068v,366,uc2p042p,12,presurvey,Commitment,1779931374,1,0,0
bbxf068v,366,uc2p042p,13,mock_N08_N04_Aonly,GroupingWaitPage,1779931374,1,0,1
bbxf068v,366,uc2p042p,14,mock_N08_N04_Aonly,GroupSizeWaitPage,1779931375,1,0,1
bbxf068v,366,uc2p042p,15,mock_N08_N04_Aonly,AttentionCheck,1779931380,1,0,0
