session_code,participant_id_in_session,participant_code,page_index,app_name,page_name,epoch_time_completed,round_number,timeout_happened,is_wait_page
ahrup1ic,1,zoy2yyqi,0,,InitializeParticipant,1779825355,1,0,0
ahrup1ic,1,zoy2yyqi,1,presurvey,Introduction,1779825363,1,0,0
ahrup1ic,1,zoy2yyqi,2,presurvey,AudioCheck,1779825382,1,0,0
ahrup1ic,1,zoy2yyqi,3,presurvey,Demographics,1779825393,1,0,0
ahrup1ic,2,vdl0ar64,0,,InitializeParticipant,1779825397,1,0,0
ahrup1ic,2,vdl0ar64,1,presurvey,Introduction,1779825405,1,0,0
ahrup1ic,1,zoy2yyqi,4,presurvey,NeighborhoodInstruction,1779825416,1,0,0
ahrup1ic,2,vdl0ar64,2,presurvey,AudioCheck,1779825419,1,0,0
ahrup1ic,2,vdl0ar64,3,presurvey,Demographics,1779825430,1,0,0
ahrup1ic,3,xguks7nw,0,,InitializeParticipant,1779825433,1,0,0
ahrup1ic,4,1hnvjtnm,0,,InitializeParticipant,1779825436,1,0,0
ahrup1ic,3,xguks7nw,1,presurvey,Introduction,1779825439,1,0,0
ahrup1ic,4,1hnvjtnm,1,presurvey,Introduction,1779825444,1,0,0
ahrup1ic,2,vdl0ar64,4,presurvey,NeighborhoodInstruction,1779825444,1,0,0
ahrup1ic,4,1hnvjtnm,2,presurvey,AudioCheck,1779825458,1,0,0
ahrup1ic,5,3r2mnc4m,0,,InitializeParticipant,1779825458,1,0,0
ahrup1ic,1,zoy2yyqi,5,presurvey,Training,1779825458,1,0,0
ahrup1ic,6,zg4ua8ew,0,,InitializeParticipant,1779825466,1,0,0
ahrup1ic,7,q3ut71vq,0,,InitializeParticipant,1779825468,1,0,0
ahrup1ic,8,9lz903m6,0,,InitializeParticipant,1779825471,1,0,0
ahrup1ic,9,1expgudy,0,,InitializeParticipant,1779825475,1,0,0
ahrup1ic,9,1expgudy,1,presurvey,Introduction,1779825484,1,0,0
ahrup1ic,2,vdl0ar64,5,presurvey,Training,1779825485,1,0,0
ahrup1ic,4,1hnvjtnm,3,presurvey,Demographics,1779825485,1,0,0
ahrup1ic,3,xguks7nw,2,presurvey,AudioCheck,1779825488,1,0,0
ahrup1ic,10,022hfe90,0,,InitializeParticipant,1779825491,1,0,0
ahrup1ic,4,1hnvjtnm,4,presurvey,NeighborhoodInstruction,1779825491,1,0,0
ahrup1ic,5,3r2mnc4m,1,presurvey,Introduction,1779825495,1,0,0
ahrup1ic,7,q3ut71vq,1,presurvey,Introduction,1779825497,1,0,0
ahrup1ic,10,022hfe90,1,presurvey,Introduction,1779825505,1,0,0
ahrup1ic,3,xguks7nw,3,presurvey,Demographics,1779825508,1,0,0
ahrup1ic,4,1hnvjtnm,5,presurvey,Training,1779825510,1,0,0
ahrup1ic,5,3r2mnc4m,2,presurvey,AudioCheck,1779825511,1,0,0
ahrup1ic,8,9lz903m6,1,presurvey,Introduction,1779825512,1,0,0
ahrup1ic,2,vdl0ar64,6,presurvey,TrainingNeighbor_1,1779825512,1,0,0
ahrup1ic,6,zg4ua8ew,1,presurvey,Introduction,1779825517,1,0,0
ahrup1ic,2,vdl0ar64,7,presurvey,TrainingNeighbor_2,1779825521,1,0,0
ahrup1ic,8,9lz903m6,2,presurvey,AudioCheck,1779825526,1,0,0
ahrup1ic,11,x3vjvkjr,0,,InitializeParticipant,1779825527,1,0,0
ahrup1ic,7,q3ut71vq,2,presurvey,AudioCheck,1779825527,1,0,0
ahrup1ic,2,vdl0ar64,10,presurvey,ExperimentInstruction,1779825528,1,0,0
ahrup1ic,12,nswpy8uw,0,,InitializeParticipant,1779825532,1,0,0
ahrup1ic,6,zg4ua8ew,2,presurvey,AudioCheck,1779825535,1,0,0
ahrup1ic,3,xguks7nw,4,presurvey,NeighborhoodInstruction,1779825537,1,0,0
ahrup1ic,12,nswpy8uw,1,presurvey,Introduction,1779825539,1,0,0
ahrup1ic,9,1expgudy,2,presurvey,AudioCheck,1779825541,1,0,0
ahrup1ic,13,exjg8e0r,0,,InitializeParticipant,1779825542,1,0,0
ahrup1ic,11,x3vjvkjr,1,presurvey,Introduction,1779825544,1,0,0
ahrup1ic,1,zoy2yyqi,6,presurvey,TrainingNeighbor_1,1779825546,1,0,0
ahrup1ic,13,exjg8e0r,1,presurvey,Introduction,1779825547,1,0,0
ahrup1ic,5,3r2mnc4m,3,presurvey,Demographics,1779825547,1,0,0
ahrup1ic,2,vdl0ar64,11,presurvey,Scenario,1779825550,1,0,0
ahrup1ic,1,zoy2yyqi,7,presurvey,TrainingNeighbor_2,1779825553,1,0,0
ahrup1ic,11,x3vjvkjr,2,presurvey,AudioCheck,1779825555,1,0,0
ahrup1ic,8,9lz903m6,3,presurvey,Demographics,1779825559,1,0,0
ahrup1ic,7,q3ut71vq,3,presurvey,Demographics,1779825559,1,0,0
ahrup1ic,14,m3e7cri2,0,,InitializeParticipant,1779825562,1,0,0
ahrup1ic,15,95rjerb9,0,,InitializeParticipant,1779825568,1,0,0
ahrup1ic,5,3r2mnc4m,4,presurvey,NeighborhoodInstruction,1779825568,1,0,0
ahrup1ic,13,exjg8e0r,2,presurvey,AudioCheck,1779825570,1,0,0
ahrup1ic,1,zoy2yyqi,8,presurvey,AttentionCheck,1779825572,1,0,0
ahrup1ic,16,8u317h3x,0,,InitializeParticipant,1779825572,1,0,0
ahrup1ic,17,ysp1b7xi,0,,InitializeParticipant,1779825574,1,0,0
ahrup1ic,8,9lz903m6,4,presurvey,NeighborhoodInstruction,1779825575,1,0,0
ahrup1ic,14,m3e7cri2,1,presurvey,Introduction,1779825575,1,0,0
ahrup1ic,7,q3ut71vq,4,presurvey,NeighborhoodInstruction,1779825576,1,0,0
ahrup1ic,11,x3vjvkjr,3,presurvey,Demographics,1779825577,1,0,0
ahrup1ic,18,teuhhnob,0,,InitializeParticipant,1779825577,1,0,0
ahrup1ic,19,lo1ghla4,0,,InitializeParticipant,1779825580,1,0,0
ahrup1ic,13,exjg8e0r,3,presurvey,Demographics,1779825581,1,0,0
ahrup1ic,2,vdl0ar64,12,presurvey,Commitment,1779825586,1,0,0
ahrup1ic,9,1expgudy,3,presurvey,Demographics,1779825586,1,0,0
ahrup1ic,14,m3e7cri2,2,presurvey,AudioCheck,1779825590,1,0,0
ahrup1ic,3,xguks7nw,5,presurvey,Training,1779825592,1,0,0
ahrup1ic,11,x3vjvkjr,4,presurvey,NeighborhoodInstruction,1779825594,1,0,0
ahrup1ic,18,teuhhnob,1,presurvey,Introduction,1779825594,1,0,0
ahrup1ic,19,lo1ghla4,1,presurvey,Introduction,1779825595,1,0,0
ahrup1ic,12,nswpy8uw,2,presurvey,AudioCheck,1779825601,1,0,0
ahrup1ic,20,5q7c58hd,0,,InitializeParticipant,1779825603,1,0,0
ahrup1ic,19,lo1ghla4,2,presurvey,AudioCheck,1779825607,1,0,0
ahrup1ic,21,1u5psle5,0,,InitializeParticipant,1779825608,1,0,0
ahrup1ic,15,95rjerb9,1,presurvey,Introduction,1779825609,1,0,0
ahrup1ic,10,022hfe90,2,presurvey,AudioCheck,1779825609,1,0,0
ahrup1ic,22,kscwaqtv,0,,InitializeParticipant,1779825610,1,0,0
ahrup1ic,20,5q7c58hd,1,presurvey,Introduction,1779825611,1,0,0
ahrup1ic,18,teuhhnob,2,presurvey,AudioCheck,1779825611,1,0,0
ahrup1ic,6,zg4ua8ew,3,presurvey,Demographics,1779825614,1,0,0
ahrup1ic,23,lttp7m8m,0,,InitializeParticipant,1779825617,1,0,0
ahrup1ic,5,3r2mnc4m,5,presurvey,Training,1779825620,1,0,0
ahrup1ic,17,ysp1b7xi,1,presurvey,Introduction,1779825620,1,0,0
ahrup1ic,7,q3ut71vq,5,presurvey,Training,1779825621,1,0,0
ahrup1ic,19,lo1ghla4,3,presurvey,Demographics,1779825623,1,0,0
ahrup1ic,1,zoy2yyqi,9,presurvey,TrainingNeighbor_3,1779825623,1,0,0
ahrup1ic,14,m3e7cri2,3,presurvey,Demographics,1779825629,1,0,0
ahrup1ic,11,x3vjvkjr,5,presurvey,Training,1779825629,1,0,0
ahrup1ic,9,1expgudy,4,presurvey,NeighborhoodInstruction,1779825629,1,0,0
ahrup1ic,20,5q7c58hd,2,presurvey,AudioCheck,1779825630,1,0,0
ahrup1ic,16,8u317h3x,1,presurvey,Introduction,1779825631,1,0,0
ahrup1ic,15,95rjerb9,2,presurvey,AudioCheck,1779825632,1,0,0
ahrup1ic,13,exjg8e0r,4,presurvey,NeighborhoodInstruction,1779825633,1,0,0
ahrup1ic,24,9cdu63w7,0,,InitializeParticipant,1779825634,1,0,0
ahrup1ic,25,hh830vpt,0,,InitializeParticipant,1779825637,1,0,0
ahrup1ic,26,9uh3xaed,0,,InitializeParticipant,1779825637,1,0,0
ahrup1ic,17,ysp1b7xi,2,presurvey,AudioCheck,1779825638,1,0,0
ahrup1ic,8,9lz903m6,5,presurvey,Training,1779825641,1,0,0
ahrup1ic,23,lttp7m8m,1,presurvey,Introduction,1779825644,1,0,0
ahrup1ic,13,exjg8e0r,5,presurvey,Training,1779825644,1,0,0
ahrup1ic,18,teuhhnob,3,presurvey,Demographics,1779825647,1,0,0
ahrup1ic,14,m3e7cri2,4,presurvey,NeighborhoodInstruction,1779825647,1,0,0
ahrup1ic,19,lo1ghla4,4,presurvey,NeighborhoodInstruction,1779825652,1,0,0
ahrup1ic,27,wue9ma4m,0,,InitializeParticipant,1779825652,1,0,0
ahrup1ic,28,ivhafijd,0,,InitializeParticipant,1779825653,1,0,0
ahrup1ic,6,zg4ua8ew,4,presurvey,NeighborhoodInstruction,1779825654,1,0,0
ahrup1ic,21,1u5psle5,1,presurvey,Introduction,1779825654,1,0,0
ahrup1ic,20,5q7c58hd,3,presurvey,Demographics,1779825655,1,0,0
ahrup1ic,4,1hnvjtnm,6,presurvey,TrainingNeighbor_1,1779825658,1,0,0
ahrup1ic,11,x3vjvkjr,6,presurvey,TrainingNeighbor_1,1779825659,1,0,0
ahrup1ic,16,8u317h3x,2,presurvey,AudioCheck,1779825660,1,0,0
ahrup1ic,5,3r2mnc4m,6,presurvey,TrainingNeighbor_1,1779825660,1,0,0
ahrup1ic,29,ndbzpees,0,,InitializeParticipant,1779825661,1,0,0
ahrup1ic,18,teuhhnob,4,presurvey,NeighborhoodInstruction,1779825663,1,0,0
ahrup1ic,30,q4zujchy,0,,InitializeParticipant,1779825664,1,0,0
ahrup1ic,17,ysp1b7xi,3,presurvey,Demographics,1779825664,1,0,0
ahrup1ic,25,hh830vpt,1,presurvey,Introduction,1779825665,1,0,0
ahrup1ic,22,kscwaqtv,1,presurvey,Introduction,1779825666,1,0,0
ahrup1ic,4,1hnvjtnm,7,presurvey,TrainingNeighbor_2,1779825667,1,0,0
ahrup1ic,11,x3vjvkjr,10,presurvey,ExperimentInstruction,1779825668,1,0,0
ahrup1ic,3,xguks7nw,6,presurvey,TrainingNeighbor_1,1779825670,1,0,0
ahrup1ic,24,9cdu63w7,1,presurvey,Introduction,1779825671,1,0,0
ahrup1ic,15,95rjerb9,3,presurvey,Demographics,1779825672,1,0,0
ahrup1ic,5,3r2mnc4m,7,presurvey,TrainingNeighbor_2,1779825672,1,0,0
ahrup1ic,27,wue9ma4m,1,presurvey,Introduction,1779825674,1,0,0
ahrup1ic,21,1u5psle5,2,presurvey,AudioCheck,1779825676,1,0,0
ahrup1ic,20,5q7c58hd,4,presurvey,NeighborhoodInstruction,1779825676,1,0,0
ahrup1ic,28,ivhafijd,1,presurvey,Introduction,1779825677,1,0,0
ahrup1ic,29,ndbzpees,1,presurvey,Introduction,1779825677,1,0,0
ahrup1ic,25,hh830vpt,2,presurvey,AudioCheck,1779825679,1,0,0
ahrup1ic,13,exjg8e0r,6,presurvey,TrainingNeighbor_1,1779825681,1,0,0
ahrup1ic,30,q4zujchy,1,presurvey,Introduction,1779825681,1,0,0
ahrup1ic,3,xguks7nw,7,presurvey,TrainingNeighbor_2,1779825682,1,0,0
ahrup1ic,9,1expgudy,5,presurvey,Training,1779825682,1,0,0
ahrup1ic,22,kscwaqtv,2,presurvey,AudioCheck,1779825684,1,0,0
ahrup1ic,14,m3e7cri2,5,presurvey,Training,1779825684,1,0,0
ahrup1ic,15,95rjerb9,4,presurvey,NeighborhoodInstruction,1779825687,1,0,0
ahrup1ic,5,3r2mnc4m,10,presurvey,ExperimentInstruction,1779825688,1,0,0
ahrup1ic,24,9cdu63w7,2,presurvey,AudioCheck,1779825691,1,0,0
ahrup1ic,16,8u317h3x,3,presurvey,Demographics,1779825691,1,0,0
ahrup1ic,13,exjg8e0r,7,presurvey,TrainingNeighbor_2,1779825691,1,0,0
ahrup1ic,28,ivhafijd,2,presurvey,AudioCheck,1779825693,1,0,0
ahrup1ic,11,x3vjvkjr,11,presurvey,Scenario,1779825693,1,0,0
ahrup1ic,6,zg4ua8ew,5,presurvey,Training,1779825695,1,0,0
ahrup1ic,18,teuhhnob,5,presurvey,Training,1779825695,1,0,0
ahrup1ic,25,hh830vpt,3,presurvey,Demographics,1779825696,1,0,0
ahrup1ic,4,1hnvjtnm,8,presurvey,AttentionCheck,1779825696,1,0,0
ahrup1ic,7,q3ut71vq,6,presurvey,TrainingNeighbor_1,1779825696,1,0,0
ahrup1ic,21,1u5psle5,3,presurvey,Demographics,1779825697,1,0,0
ahrup1ic,8,9lz903m6,6,presurvey,TrainingNeighbor_1,1779825697,1,0,0
ahrup1ic,13,exjg8e0r,8,presurvey,AttentionCheck,1779825698,1,0,0
ahrup1ic,17,ysp1b7xi,4,presurvey,NeighborhoodInstruction,1779825699,1,0,0
ahrup1ic,3,xguks7nw,10,presurvey,ExperimentInstruction,1779825705,1,0,0
ahrup1ic,24,9cdu63w7,3,presurvey,Demographics,1779825707,1,0,0
ahrup1ic,22,kscwaqtv,3,presurvey,Demographics,1779825707,1,0,0
ahrup1ic,4,1hnvjtnm,9,presurvey,TrainingNeighbor_3,1779825707,1,0,0
ahrup1ic,20,5q7c58hd,5,presurvey,Training,1779825712,1,0,0
ahrup1ic,24,9cdu63w7,4,presurvey,NeighborhoodInstruction,1779825712,1,0,0
ahrup1ic,28,ivhafijd,3,presurvey,Demographics,1779825713,1,0,0
ahrup1ic,7,q3ut71vq,10,presurvey,ExperimentInstruction,1779825716,1,0,0
ahrup1ic,25,hh830vpt,4,presurvey,NeighborhoodInstruction,1779825717,1,0,0
ahrup1ic,16,8u317h3x,4,presurvey,NeighborhoodInstruction,1779825718,1,0,0
ahrup1ic,13,exjg8e0r,9,presurvey,TrainingNeighbor_3,1779825718,1,0,0
ahrup1ic,22,kscwaqtv,4,presurvey,NeighborhoodInstruction,1779825721,1,0,0
ahrup1ic,27,wue9ma4m,2,presurvey,AudioCheck,1779825722,1,0,0
ahrup1ic,5,3r2mnc4m,11,presurvey,Scenario,1779825724,1,0,0
ahrup1ic,21,1u5psle5,4,presurvey,NeighborhoodInstruction,1779825730,1,0,0
ahrup1ic,15,95rjerb9,5,presurvey,Training,1779825730,1,0,0
ahrup1ic,19,lo1ghla4,5,presurvey,Training,1779825730,1,0,0
ahrup1ic,28,ivhafijd,4,presurvey,NeighborhoodInstruction,1779825730,1,0,0
ahrup1ic,13,exjg8e0r,10,presurvey,ExperimentInstruction,1779825730,1,0,0
ahrup1ic,17,ysp1b7xi,5,presurvey,Training,1779825738,1,0,0
ahrup1ic,8,9lz903m6,7,presurvey,TrainingNeighbor_2,1779825739,1,0,0
ahrup1ic,31,yorieiil,0,,InitializeParticipant,1779825740,1,0,0
ahrup1ic,13,exjg8e0r,11,presurvey,Scenario,1779825741,1,0,0
ahrup1ic,8,9lz903m6,10,presurvey,ExperimentInstruction,1779825746,1,0,0
ahrup1ic,24,9cdu63w7,5,presurvey,Training,1779825747,1,0,0
ahrup1ic,23,lttp7m8m,2,presurvey,AudioCheck,1779825748,1,0,0
ahrup1ic,27,wue9ma4m,3,presurvey,Demographics,1779825748,1,0,0
ahrup1ic,12,nswpy8uw,3,presurvey,Demographics,1779825749,1,0,0
ahrup1ic,25,hh830vpt,5,presurvey,Training,1779825749,1,0,0
ahrup1ic,3,xguks7nw,11,presurvey,Scenario,1779825750,1,0,0
ahrup1ic,26,9uh3xaed,1,presurvey,Introduction,1779825750,1,0,0
ahrup1ic,20,5q7c58hd,6,presurvey,TrainingNeighbor_1,1779825755,1,0,0
ahrup1ic,18,teuhhnob,6,presurvey,TrainingNeighbor_1,1779825756,1,0,0
ahrup1ic,30,q4zujchy,2,presurvey,AudioCheck,1779825757,1,0,0
ahrup1ic,9,1expgudy,6,presurvey,TrainingNeighbor_1,1779825758,1,0,0
ahrup1ic,13,exjg8e0r,12,presurvey,Commitment,1779825760,1,0,0
ahrup1ic,20,5q7c58hd,10,presurvey,ExperimentInstruction,1779825762,1,0,0
ahrup1ic,16,8u317h3x,5,presurvey,Training,1779825762,1,0,0
ahrup1ic,14,m3e7cri2,6,presurvey,TrainingNeighbor_1,1779825770,1,0,0
ahrup1ic,7,q3ut71vq,11,presurvey,Scenario,1779825770,1,0,0
ahrup1ic,26,9uh3xaed,2,presurvey,AudioCheck,1779825776,1,0,0
ahrup1ic,31,yorieiil,1,presurvey,Introduction,1779825776,1,0,0
ahrup1ic,4,1hnvjtnm,10,presurvey,ExperimentInstruction,1779825776,1,0,0
ahrup1ic,18,teuhhnob,7,presurvey,TrainingNeighbor_2,1779825776,1,0,0
ahrup1ic,22,kscwaqtv,5,presurvey,Training,1779825776,1,0,0
ahrup1ic,21,1u5psle5,5,presurvey,Training,1779825776,1,0,0
ahrup1ic,24,9cdu63w7,6,presurvey,TrainingNeighbor_1,1779825777,1,0,0
ahrup1ic,30,q4zujchy,3,presurvey,Demographics,1779825778,1,0,0
ahrup1ic,11,x3vjvkjr,12,presurvey,Commitment,1779825779,1,0,0
ahrup1ic,32,25dvmawy,0,,InitializeParticipant,1779825779,1,0,0
ahrup1ic,19,lo1ghla4,6,presurvey,TrainingNeighbor_1,1779825779,1,0,0
ahrup1ic,9,1expgudy,7,presurvey,TrainingNeighbor_2,1779825781,1,0,0
ahrup1ic,23,lttp7m8m,3,presurvey,Demographics,1779825783,1,0,0
ahrup1ic,24,9cdu63w7,10,presurvey,ExperimentInstruction,1779825783,1,0,0
ahrup1ic,19,lo1ghla4,10,presurvey,ExperimentInstruction,1779825786,1,0,0
ahrup1ic,8,9lz903m6,11,presurvey,Scenario,1779825787,1,0,0
ahrup1ic,17,ysp1b7xi,6,presurvey,TrainingNeighbor_1,1779825789,1,0,0
ahrup1ic,10,022hfe90,3,presurvey,Demographics,1779825789,1,0,0
ahrup1ic,18,teuhhnob,8,presurvey,AttentionCheck,1779825791,1,0,0
ahrup1ic,15,95rjerb9,6,presurvey,TrainingNeighbor_1,1779825793,1,0,0
ahrup1ic,28,ivhafijd,5,presurvey,Training,1779825793,1,0,0
ahrup1ic,24,9cdu63w7,11,presurvey,Scenario,1779825794,1,0,0
ahrup1ic,9,1expgudy,10,presurvey,ExperimentInstruction,1779825796,1,0,0
ahrup1ic,17,ysp1b7xi,10,presurvey,ExperimentInstruction,1779825798,1,0,0
ahrup1ic,20,5q7c58hd,11,presurvey,Scenario,1779825798,1,0,0
ahrup1ic,30,q4zujchy,4,presurvey,NeighborhoodInstruction,1779825798,1,0,0
ahrup1ic,6,zg4ua8ew,6,presurvey,TrainingNeighbor_1,1779825800,1,0,0
ahrup1ic,33,pyq82qr4,0,,InitializeParticipant,1779825804,1,0,0
ahrup1ic,15,95rjerb9,7,presurvey,TrainingNeighbor_2,1779825806,1,0,0
ahrup1ic,8,9lz903m6,12,presurvey,Commitment,1779825807,1,0,0
ahrup1ic,32,25dvmawy,1,presurvey,Introduction,1779825810,1,0,0
ahrup1ic,31,yorieiil,2,presurvey,AudioCheck,1779825811,1,0,0
ahrup1ic,28,ivhafijd,6,presurvey,TrainingNeighbor_1,1779825811,1,0,0
ahrup1ic,25,hh830vpt,6,presurvey,TrainingNeighbor_1,1779825811,1,0,0
ahrup1ic,15,95rjerb9,10,presurvey,ExperimentInstruction,1779825812,1,0,0
ahrup1ic,28,ivhafijd,10,presurvey,ExperimentInstruction,1779825814,1,0,0
ahrup1ic,26,9uh3xaed,3,presurvey,Demographics,1779825815,1,0,0
ahrup1ic,19,lo1ghla4,11,presurvey,Scenario,1779825820,1,0,0
ahrup1ic,12,nswpy8uw,4,presurvey,NeighborhoodInstruction,1779825826,1,0,0
ahrup1ic,32,25dvmawy,2,presurvey,AudioCheck,1779825826,1,0,0
ahrup1ic,22,kscwaqtv,6,presurvey,TrainingNeighbor_1,1779825826,1,0,0
ahrup1ic,25,hh830vpt,10,presurvey,ExperimentInstruction,1779825827,1,0,0
ahrup1ic,24,9cdu63w7,12,presurvey,Commitment,1779825827,1,0,0
ahrup1ic,17,ysp1b7xi,11,presurvey,Scenario,1779825829,1,0,0
ahrup1ic,26,9uh3xaed,4,presurvey,NeighborhoodInstruction,1779825832,1,0,0
ahrup1ic,33,pyq82qr4,1,presurvey,Introduction,1779825832,1,0,0
ahrup1ic,31,yorieiil,3,presurvey,Demographics,1779825832,1,0,0
ahrup1ic,6,zg4ua8ew,7,presurvey,TrainingNeighbor_2,1779825836,1,0,0
ahrup1ic,18,teuhhnob,9,presurvey,TrainingNeighbor_3,1779825837,1,0,0
ahrup1ic,20,5q7c58hd,12,presurvey,Commitment,1779825837,1,0,0
ahrup1ic,28,ivhafijd,11,presurvey,Scenario,1779825837,1,0,0
ahrup1ic,30,q4zujchy,5,presurvey,Training,1779825840,1,0,0
ahrup1ic,22,kscwaqtv,10,presurvey,ExperimentInstruction,1779825842,1,0,0
ahrup1ic,27,wue9ma4m,4,presurvey,NeighborhoodInstruction,1779825845,1,0,0
ahrup1ic,18,teuhhnob,10,presurvey,ExperimentInstruction,1779825846,1,0,0
ahrup1ic,32,25dvmawy,3,presurvey,Demographics,1779825848,1,0,0
ahrup1ic,21,1u5psle5,6,presurvey,TrainingNeighbor_1,1779825848,1,0,0
ahrup1ic,33,pyq82qr4,2,presurvey,AudioCheck,1779825849,1,0,0
ahrup1ic,16,8u317h3x,6,presurvey,TrainingNeighbor_1,1779825851,1,0,0
ahrup1ic,32,25dvmawy,4,presurvey,NeighborhoodInstruction,1779825853,1,0,0
ahrup1ic,15,95rjerb9,11,presurvey,Scenario,1779825856,1,0,0
ahrup1ic,10,022hfe90,4,presurvey,NeighborhoodInstruction,1779825857,1,0,0
ahrup1ic,25,hh830vpt,11,presurvey,Scenario,1779825858,1,0,0
ahrup1ic,4,1hnvjtnm,11,presurvey,Scenario,1779825859,1,0,0
ahrup1ic,6,zg4ua8ew,10,presurvey,ExperimentInstruction,1779825861,1,0,0
ahrup1ic,9,1expgudy,11,presurvey,Scenario,1779825866,1,0,0
ahrup1ic,21,1u5psle5,10,presurvey,ExperimentInstruction,1779825870,1,0,0
ahrup1ic,34,5ur8fw4u,0,,InitializeParticipant,1779825876,1,0,0
ahrup1ic,26,9uh3xaed,5,presurvey,Training,1779825882,1,0,0
ahrup1ic,23,lttp7m8m,4,presurvey,NeighborhoodInstruction,1779825882,1,0,0
ahrup1ic,35,hlekzefc,0,,InitializeParticipant,1779825884,1,0,0
ahrup1ic,32,25dvmawy,5,presurvey,Training,1779825884,1,0,0
ahrup1ic,22,kscwaqtv,11,presurvey,Scenario,1779825886,1,0,0
ahrup1ic,17,ysp1b7xi,12,presurvey,Commitment,1779825888,1,0,0
ahrup1ic,31,yorieiil,4,presurvey,NeighborhoodInstruction,1779825889,1,0,0
ahrup1ic,28,ivhafijd,12,presurvey,Commitment,1779825899,1,0,0
ahrup1ic,18,teuhhnob,11,presurvey,Scenario,1779825899,1,0,0
ahrup1ic,3,xguks7nw,12,presurvey,Commitment,1779825902,1,0,0
ahrup1ic,15,95rjerb9,12,presurvey,Commitment,1779825903,1,0,0
ahrup1ic,34,5ur8fw4u,1,presurvey,Introduction,1779825905,1,0,0
ahrup1ic,21,1u5psle5,11,presurvey,Scenario,1779825909,1,0,0
ahrup1ic,35,hlekzefc,1,presurvey,Introduction,1779825909,1,0,0
ahrup1ic,25,hh830vpt,12,presurvey,Commitment,1779825910,1,0,0
ahrup1ic,6,zg4ua8ew,11,presurvey,Scenario,1779825911,1,0,0
ahrup1ic,33,pyq82qr4,3,presurvey,Demographics,1779825916,1,0,0
ahrup1ic,4,1hnvjtnm,12,presurvey,Commitment,1779825916,1,0,0
ahrup1ic,16,8u317h3x,7,presurvey,TrainingNeighbor_2,1779825917,1,0,0
ahrup1ic,30,q4zujchy,6,presurvey,TrainingNeighbor_1,1779825921,1,0,0
ahrup1ic,32,25dvmawy,6,presurvey,TrainingNeighbor_1,1779825922,1,0,0
ahrup1ic,26,9uh3xaed,6,presurvey,TrainingNeighbor_1,1779825923,1,0,0
ahrup1ic,27,wue9ma4m,5,presurvey,Training,1779825923,1,0,0
ahrup1ic,16,8u317h3x,10,presurvey,ExperimentInstruction,1779825927,1,0,0
ahrup1ic,26,9uh3xaed,10,presurvey,ExperimentInstruction,1779825929,1,0,0
ahrup1ic,18,teuhhnob,12,presurvey,Commitment,1779825930,1,0,0
ahrup1ic,32,25dvmawy,10,presurvey,ExperimentInstruction,1779825932,1,0,0
ahrup1ic,31,yorieiil,5,presurvey,Training,1779825935,1,0,0
ahrup1ic,35,hlekzefc,2,presurvey,AudioCheck,1779825937,1,0,0
ahrup1ic,30,q4zujchy,7,presurvey,TrainingNeighbor_2,1779825940,1,0,0
ahrup1ic,22,kscwaqtv,12,presurvey,Commitment,1779825941,1,0,0
ahrup1ic,3,xguks7nw,13,mock_N08_N04_Aonly,GroupingWaitPage,1779825942,1,0,1
ahrup1ic,4,1hnvjtnm,13,mock_N08_N04_Aonly,GroupingWaitPage,1779825942,1,0,1
ahrup1ic,11,x3vjvkjr,13,mock_N08_N04_Aonly,GroupingWaitPage,1779825942,1,0,1
ahrup1ic,13,exjg8e0r,13,mock_N08_N04_Aonly,GroupingWaitPage,1779825942,1,0,1
ahrup1ic,17,ysp1b7xi,13,mock_N08_N04_Aonly,GroupingWaitPage,1779825942,1,0,1
ahrup1ic,18,teuhhnob,13,mock_N08_N04_Aonly,GroupingWaitPage,1779825942,1,0,1
ahrup1ic,22,kscwaqtv,13,mock_N08_N04_Aonly,GroupingWaitPage,1779825942,1,0,1
ahrup1ic,25,hh830vpt,13,mock_N08_N04_Aonly,GroupingWaitPage,1779825942,1,0,1
ahrup1ic,3,xguks7nw,14,mock_N08_N04_Aonly,GroupSizeWaitPage,1779825942,1,0,1
ahrup1ic,4,1hnvjtnm,14,mock_N08_N04_Aonly,GroupSizeWaitPage,1779825942,1,0,1
ahrup1ic,11,x3vjvkjr,14,mock_N08_N04_Aonly,GroupSizeWaitPage,1779825942,1,0,1
ahrup1ic,13,exjg8e0r,14,mock_N08_N04_Aonly,GroupSizeWaitPage,1779825942,1,0,1
ahrup1ic,17,ysp1b7xi,14,mock_N08_N04_Aonly,GroupSizeWaitPage,1779825942,1,0,1
ahrup1ic,18,teuhhnob,14,mock_N08_N04_Aonly,GroupSizeWaitPage,1779825942,1,0,1
ahrup1ic,22,kscwaqtv,14,mock_N08_N04_Aonly,GroupSizeWaitPage,1779825942,1,0,1
ahrup1ic,25,hh830vpt,14,mock_N08_N04_Aonly,GroupSizeWaitPage,1779825942,1,0,1
ahrup1ic,36,ly0wdi5v,0,,InitializeParticipant,1779825942,1,0,0
ahrup1ic,3,xguks7nw,16,mock_N08_N04_Aonly,DiscussionGRPWaitPage,1779825944,1,0,1
ahrup1ic,4,1hnvjtnm,16,mock_N08_N04_Aonly,DiscussionGRPWaitPage,1779825944,1,0,1
ahrup1ic,11,x3vjvkjr,16,mock_N08_N04_Aonly,DiscussionGRPWaitPage,1779825944,1,0,1
ahrup1ic,13,exjg8e0r,16,mock_N08_N04_Aonly,DiscussionGRPWaitPage,1779825944,1,0,1
ahrup1ic,17,ysp1b7xi,16,mock_N08_N04_Aonly,DiscussionGRPWaitPage,1779825944,1,0,1
ahrup1ic,18,teuhhnob,16,mock_N08_N04_Aonly,DiscussionGRPWaitPage,1779825944,1,0,1
ahrup1ic,22,kscwaqtv,16,mock_N08_N04_Aonly,DiscussionGRPWaitPage,1779825944,1,0,1
ahrup1ic,25,hh830vpt,16,mock_N08_N04_Aonly,DiscussionGRPWaitPage,1779825944,1,0,1
ahrup1ic,34,5ur8fw4u,2,presurvey,AudioCheck,1779825947,1,0,0
ahrup1ic,33,pyq82qr4,4,presurvey,NeighborhoodInstruction,1779825949,1,0,0
ahrup1ic,30,q4zujchy,10,presurvey,ExperimentInstruction,1779825949,1,0,0
ahrup1ic,36,ly0wdi5v,1,presurvey,Introduction,1779825953,1,0,0
ahrup1ic,32,25dvmawy,11,presurvey,Scenario,1779825954,1,0,0
ahrup1ic,13,exjg8e0r,17,mock_N08_N04_Aonly,Nudge,1779825955,1,0,0
ahrup1ic,11,x3vjvkjr,17,mock_N08_N04_Aonly,Nudge,1779825962,1,0,0
ahrup1ic,22,kscwaqtv,17,mock_N08_N04_Aonly,Nudge,1779825963,1,0,0
ahrup1ic,25,hh830vpt,17,mock_N08_N04_Aonly,Nudge,1779825963,1,0,0
ahrup1ic,13,exjg8e0r,18,mock_N08_N04_Aonly,NudgeTraining,1779825964,1,0,0
ahrup1ic,26,9uh3xaed,11,presurvey,Scenario,1779825966,1,0,0
ahrup1ic,13,exjg8e0r,19,mock_N08_N04_Aonly,NudgeTrainingLast,1779825967,1,0,0
ahrup1ic,35,hlekzefc,3,presurvey,Demographics,1779825968,1,0,0
ahrup1ic,17,ysp1b7xi,17,mock_N08_N04_Aonly,Nudge,1779825968,1,0,0
ahrup1ic,16,8u317h3x,11,presurvey,Scenario,1779825969,1,0,0
ahrup1ic,23,lttp7m8m,5,presurvey,Training,1779825970,1,0,0
ahrup1ic,14,m3e7cri2,7,presurvey,TrainingNeighbor_2,1779825973,1,0,0
ahrup1ic,3,xguks7nw,17,mock_N08_N04_Aonly,Nudge,1779825973,1,0,0
ahrup1ic,10,022hfe90,5,presurvey,Training,1779825975,1,0,0
ahrup1ic,18,teuhhnob,17,mock_N08_N04_Aonly,Nudge,1779825975,1,0,0
ahrup1ic,30,q4zujchy,11,presurvey,Scenario,1779825977,1,0,0
ahrup1ic,11,x3vjvkjr,18,mock_N08_N04_Aonly,NudgeTraining,1779825977,1,0,0
ahrup1ic,35,hlekzefc,4,presurvey,NeighborhoodInstruction,1779825977,1,0,0
ahrup1ic,31,yorieiil,6,presurvey,TrainingNeighbor_1,1779825978,1,0,0
ahrup1ic,22,kscwaqtv,18,mock_N08_N04_Aonly,NudgeTraining,1779825978,1,0,0
ahrup1ic,34,5ur8fw4u,3,presurvey,Demographics,1779825979,1,0,0
ahrup1ic,25,hh830vpt,18,mock_N08_N04_Aonly,NudgeTraining,1779825979,1,0,0
ahrup1ic,36,ly0wdi5v,2,presurvey,AudioCheck,1779825980,1,0,0
ahrup1ic,21,1u5psle5,12,presurvey,Commitment,1779825981,1,0,0
ahrup1ic,13,exjg8e0r,20,mock_N08_N04_Aonly,Phase3,1779825983,1,0,0
ahrup1ic,17,ysp1b7xi,18,mock_N08_N04_Aonly,NudgeTraining,1779825986,1,0,0
ahrup1ic,4,1hnvjtnm,17,mock_N08_N04_Aonly,Nudge,1779825987,1,0,0
ahrup1ic,27,wue9ma4m,6,presurvey,TrainingNeighbor_1,1779825988,1,0,0
ahrup1ic,25,hh830vpt,19,mock_N08_N04_Aonly,NudgeTrainingLast,1779825990,1,0,0
ahrup1ic,3,xguks7nw,18,mock_N08_N04_Aonly,NudgeTraining,1779825990,1,0,0
ahrup1ic,22,kscwaqtv,19,mock_N08_N04_Aonly,NudgeTrainingLast,1779825991,1,0,0
ahrup1ic,17,ysp1b7xi,19,mock_N08_N04_Aonly,NudgeTrainingLast,1779825993,1,0,0
ahrup1ic,34,5ur8fw4u,4,presurvey,NeighborhoodInstruction,1779825994,1,0,0
ahrup1ic,18,teuhhnob,18,mock_N08_N04_Aonly,NudgeTraining,1779825994,1,0,0
ahrup1ic,11,x3vjvkjr,19,mock_N08_N04_Aonly,NudgeTrainingLast,1779825995,1,0,0
ahrup1ic,33,pyq82qr4,5,presurvey,Training,1779825998,1,0,0
ahrup1ic,27,wue9ma4m,10,presurvey,ExperimentInstruction,1779825999,1,0,0
ahrup1ic,4,1hnvjtnm,18,mock_N08_N04_Aonly,NudgeTraining,1779825999,1,0,0
ahrup1ic,13,exjg8e0r,21,mock_N08_N04_Aonly,Discussion,1779826001,1,0,0
ahrup1ic,31,yorieiil,7,presurvey,TrainingNeighbor_2,1779826001,1,0,0
ahrup1ic,18,teuhhnob,19,mock_N08_N04_Aonly,NudgeTrainingLast,1779826002,1,0,0
ahrup1ic,3,xguks7nw,19,mock_N08_N04_Aonly,NudgeTrainingLast,1779826005,1,0,0
ahrup1ic,32,25dvmawy,12,presurvey,Commitment,1779826007,1,0,0
ahrup1ic,22,kscwaqtv,20,mock_N08_N04_Aonly,Phase3,1779826009,1,0,0
ahrup1ic,36,ly0wdi5v,3,presurvey,Demographics,1779826015,1,0,0
ahrup1ic,4,1hnvjtnm,19,mock_N08_N04_Aonly,NudgeTrainingLast,1779826016,1,0,0
ahrup1ic,35,hlekzefc,5,presurvey,Training,1779826017,1,0,0
ahrup1ic,26,9uh3xaed,12,presurvey,Commitment,1779826019,1,0,0
ahrup1ic,36,ly0wdi5v,4,presurvey,NeighborhoodInstruction,1779826022,1,0,0
ahrup1ic,31,yorieiil,10,presurvey,ExperimentInstruction,1779826022,1,0,0
ahrup1ic,17,ysp1b7xi,20,mock_N08_N04_Aonly,Phase3,1779826023,1,0,0
ahrup1ic,11,x3vjvkjr,20,mock_N08_N04_Aonly,Phase3,1779826025,1,0,0
ahrup1ic,4,1hnvjtnm,20,mock_N08_N04_Aonly,Phase3,1779826027,1,0,0
ahrup1ic,25,hh830vpt,20,mock_N08_N04_Aonly,Phase3,1779826027,1,0,0
ahrup1ic,22,kscwaqtv,21,mock_N08_N04_Aonly,Discussion,1779826032,1,0,0
ahrup1ic,18,teuhhnob,20,mock_N08_N04_Aonly,Phase3,1779826033,1,0,0
ahrup1ic,4,1hnvjtnm,21,mock_N08_N04_Aonly,Discussion,1779826036,1,0,0
ahrup1ic,30,q4zujchy,12,presurvey,Commitment,1779826036,1,0,0
ahrup1ic,14,m3e7cri2,8,presurvey,AttentionCheck,1779826040,1,1,0
ahrup1ic,17,ysp1b7xi,21,mock_N08_N04_Aonly,Discussion,1779826047,1,0,0
ahrup1ic,18,teuhhnob,21,mock_N08_N04_Aonly,Discussion,1779826047,1,0,0
ahrup1ic,9,1expgudy,12,presurvey,Commitment,1779826047,1,0,0
ahrup1ic,34,5ur8fw4u,5,presurvey,Training,1779826053,1,0,0
ahrup1ic,36,ly0wdi5v,5,presurvey,Training,1779826053,1,0,0
ahrup1ic,33,pyq82qr4,6,presurvey,TrainingNeighbor_1,1779826053,1,0,0
ahrup1ic,11,x3vjvkjr,21,mock_N08_N04_Aonly,Discussion,1779826053,1,0,0
ahrup1ic,3,xguks7nw,20,mock_N08_N04_Aonly,Phase3,1779826053,1,1,0
ahrup1ic,16,8u317h3x,12,presurvey,Commitment,1779826053,1,0,0
ahrup1ic,31,yorieiil,11,presurvey,Scenario,1779826054,1,0,0
ahrup1ic,27,wue9ma4m,11,presurvey,Scenario,1779826060,1,0,0
ahrup1ic,25,hh830vpt,21,mock_N08_N04_Aonly,Discussion,1779826061,1,0,0
ahrup1ic,23,lttp7m8m,6,presurvey,TrainingNeighbor_1,1779826061,1,0,0
ahrup1ic,33,pyq82qr4,10,presurvey,ExperimentInstruction,1779826061,1,0,0
ahrup1ic,35,hlekzefc,6,presurvey,TrainingNeighbor_1,1779826064,1,0,0
ahrup1ic,23,lttp7m8m,10,presurvey,ExperimentInstruction,1779826069,1,0,0
ahrup1ic,3,xguks7nw,21,mock_N08_N04_Aonly,Discussion,1779826072,1,0,0
ahrup1ic,3,xguks7nw,28,mock_N08_N04_Aonly,DiscussionGRPWaitPage,1779826073,2,0,1
ahrup1ic,4,1hnvjtnm,28,mock_N08_N04_Aonly,DiscussionGRPWaitPage,1779826073,2,0,1
ahrup1ic,11,x3vjvkjr,28,mock_N08_N04_Aonly,DiscussionGRPWaitPage,1779826073,2,0,1
ahrup1ic,13,exjg8e0r,28,mock_N08_N04_Aonly,DiscussionGRPWaitPage,1779826073,2,0,1
ahrup1ic,17,ysp1b7xi,28,mock_N08_N04_Aonly,DiscussionGRPWaitPage,1779826073,2,0,1
ahrup1ic,18,teuhhnob,28,mock_N08_N04_Aonly,DiscussionGRPWaitPage,1779826073,2,0,1
ahrup1ic,22,kscwaqtv,28,mock_N08_N04_Aonly,DiscussionGRPWaitPage,1779826073,2,0,1
ahrup1ic,25,hh830vpt,28,mock_N08_N04_Aonly,DiscussionGRPWaitPage,1779826073,2,0,1
ahrup1ic,18,teuhhnob,33,mock_N08_N04_Aonly,Discussion,1779826084,2,0,0
ahrup1ic,17,ysp1b7xi,33,mock_N08_N04_Aonly,Discussion,1779826084,2,0,0
ahrup1ic,35,hlekzefc,7,presurvey,TrainingNeighbor_2,1779826084,1,0,0
ahrup1ic,36,ly0wdi5v,6,presurvey,TrainingNeighbor_1,1779826084,1,0,0
ahrup1ic,13,exjg8e0r,33,mock_N08_N04_Aonly,Discussion,1779826085,2,0,0
ahrup1ic,25,hh830vpt,33,mock_N08_N04_Aonly,Discussion,1779826088,2,0,0
ahrup1ic,22,kscwaqtv,33,mock_N08_N04_Aonly,Discussion,1779826088,2,0,0
ahrup1ic,11,x3vjvkjr,33,mock_N08_N04_Aonly,Discussion,1779826091,2,0,0
ahrup1ic,35,hlekzefc,10,presurvey,ExperimentInstruction,1779826094,1,0,0
ahrup1ic,4,1hnvjtnm,33,mock_N08_N04_Aonly,Discussion,1779826096,2,0,0
ahrup1ic,33,pyq82qr4,11,presurvey,Scenario,1779826101,1,0,0
ahrup1ic,36,ly0wdi5v,7,presurvey,TrainingNeighbor_2,1779826102,1,0,0
ahrup1ic,3,xguks7nw,33,mock_N08_N04_Aonly,Discussion,1779826105,2,0,0
ahrup1ic,11,x3vjvkjr,40,mock_N08_N04_Aonly,DiscussionGRPWaitPage,1779826105,3,0,1
ahrup1ic,13,exjg8e0r,40,mock_N08_N04_Aonly,DiscussionGRPWaitPage,1779826105,3,0,1
ahrup1ic,17,ysp1b7xi,40,mock_N08_N04_Aonly,DiscussionGRPWaitPage,1779826105,3,0,1
ahrup1ic,18,teuhhnob,40,mock_N08_N04_Aonly,DiscussionGRPWaitPage,1779826105,3,0,1
ahrup1ic,22,kscwaqtv,40,mock_N08_N04_Aonly,DiscussionGRPWaitPage,1779826105,3,0,1
ahrup1ic,25,hh830vpt,40,mock_N08_N04_Aonly,DiscussionGRPWaitPage,1779826105,3,0,1
ahrup1ic,3,xguks7nw,40,mock_N08_N04_Aonly,DiscussionGRPWaitPage,1779826105,3,0,1
ahrup1ic,4,1hnvjtnm,40,mock_N08_N04_Aonly,DiscussionGRPWaitPage,1779826105,3,0,1
ahrup1ic,37,91u9vhaj,0,,InitializeParticipant,1779826110,1,0,0
ahrup1ic,17,ysp1b7xi,45,mock_N08_N04_Aonly,Discussion,1779826111,3,0,0
ahrup1ic,18,teuhhnob,45,mock_N08_N04_Aonly,Discussion,1779826112,3,0,0
ahrup1ic,22,kscwaqtv,45,mock_N08_N04_Aonly,Discussion,1779826113,3,0,0
ahrup1ic,35,hlekzefc,11,presurvey,Scenario,1779826113,1,0,0
ahrup1ic,25,hh830vpt,45,mock_N08_N04_Aonly,Discussion,1779826114,3,0,0
ahrup1ic,4,1hnvjtnm,45,mock_N08_N04_Aonly,Discussion,1779826117,3,0,0
ahrup1ic,23,lttp7m8m,11,presurvey,Scenario,1779826121,1,0,0
ahrup1ic,36,ly0wdi5v,8,presurvey,AttentionCheck,1779826121,1,0,0
ahrup1ic,3,xguks7nw,45,mock_N08_N04_Aonly,Discussion,1779826122,3,0,0
ahrup1ic,13,exjg8e0r,45,mock_N08_N04_Aonly,Discussion,1779826126,3,0,0
ahrup1ic,11,x3vjvkjr,45,mock_N08_N04_Aonly,Discussion,1779826129,3,0,0
ahrup1ic,3,xguks7nw,52,mock_N08_N04_Aonly,DiscussionGRPWaitPage,1779826129,4,0,1
ahrup1ic,4,1hnvjtnm,52,mock_N08_N04_Aonly,DiscussionGRPWaitPage,1779826129,4,0,1
ahrup1ic,11,x3vjvkjr,52,mock_N08_N04_Aonly,DiscussionGRPWaitPage,1779826129,4,0,1
ahrup1ic,13,exjg8e0r,52,mock_N08_N04_Aonly,DiscussionGRPWaitPage,1779826129,4,0,1
ahrup1ic,17,ysp1b7xi,52,mock_N08_N04_Aonly,DiscussionGRPWaitPage,1779826129,4,0,1
ahrup1ic,18,teuhhnob,52,mock_N08_N04_Aonly,DiscussionGRPWaitPage,1779826129,4,0,1
ahrup1ic,22,kscwaqtv,52,mock_N08_N04_Aonly,DiscussionGRPWaitPage,1779826129,4,0,1
ahrup1ic,25,hh830vpt,52,mock_N08_N04_Aonly,DiscussionGRPWaitPage,1779826129,4,0,1
ahrup1ic,13,exjg8e0r,57,mock_N08_N04_Aonly,Discussion,1779826135,4,0,0
ahrup1ic,11,x3vjvkjr,57,mock_N08_N04_Aonly,Discussion,1779826135,4,0,0
ahrup1ic,22,kscwaqtv,57,mock_N08_N04_Aonly,Discussion,1779826135,4,0,0
ahrup1ic,25,hh830vpt,57,mock_N08_N04_Aonly,Discussion,1779826135,4,0,0
ahrup1ic,4,1hnvjtnm,57,mock_N08_N04_Aonly,Discussion,1779826136,4,0,0
ahrup1ic,17,ysp1b7xi,57,mock_N08_N04_Aonly,Discussion,1779826136,4,0,0
ahrup1ic,12,nswpy8uw,5,presurvey,Training,1779826138,1,0,0
ahrup1ic,37,91u9vhaj,1,presurvey,Introduction,1779826139,1,0,0
ahrup1ic,18,teuhhnob,57,mock_N08_N04_Aonly,Discussion,1779826140,4,0,0
ahrup1ic,3,xguks7nw,57,mock_N08_N04_Aonly,Discussion,1779826149,4,0,0
ahrup1ic,3,xguks7nw,64,mock_N08_N04_Aonly,DiscussionGRPWaitPage,1779826149,5,0,1
ahrup1ic,4,1hnvjtnm,64,mock_N08_N04_Aonly,DiscussionGRPWaitPage,1779826149,5,0,1
ahrup1ic,11,x3vjvkjr,64,mock_N08_N04_Aonly,DiscussionGRPWaitPage,1779826149,5,0,1
ahrup1ic,13,exjg8e0r,64,mock_N08_N04_Aonly,DiscussionGRPWaitPage,1779826149,5,0,1
ahrup1ic,17,ysp1b7xi,64,mock_N08_N04_Aonly,DiscussionGRPWaitPage,1779826149,5,0,1
ahrup1ic,18,teuhhnob,64,mock_N08_N04_Aonly,DiscussionGRPWaitPage,1779826149,5,0,1
ahrup1ic,22,kscwaqtv,64,mock_N08_N04_Aonly,DiscussionGRPWaitPage,1779826149,5,0,1
ahrup1ic,25,hh830vpt,64,mock_N08_N04_Aonly,DiscussionGRPWaitPage,1779826149,5,0,1
ahrup1ic,10,022hfe90,6,presurvey,TrainingNeighbor_1,1779826151,1,0,0
ahrup1ic,37,91u9vhaj,2,presurvey,AudioCheck,1779826152,1,0,0
ahrup1ic,11,x3vjvkjr,69,mock_N08_N04_Aonly,Discussion,1779826154,5,0,0
ahrup1ic,17,ysp1b7xi,69,mock_N08_N04_Aonly,Discussion,1779826155,5,0,0
ahrup1ic,4,1hnvjtnm,69,mock_N08_N04_Aonly,Discussion,1779826155,5,0,0
ahrup1ic,13,exjg8e0r,69,mock_N08_N04_Aonly,Discussion,1779826155,5,0,0
ahrup1ic,22,kscwaqtv,69,mock_N08_N04_Aonly,Discussion,1779826155,5,0,0
ahrup1ic,25,hh830vpt,69,mock_N08_N04_Aonly,Discussion,1779826155,5,0,0
ahrup1ic,18,teuhhnob,69,mock_N08_N04_Aonly,Discussion,1779826157,5,0,0
ahrup1ic,3,xguks7nw,69,mock_N08_N04_Aonly,Discussion,1779826158,5,0,0
ahrup1ic,3,xguks7nw,76,mock_N08_N04_Aonly,DiscussionGRPWaitPage,1779826158,6,0,1
ahrup1ic,4,1hnvjtnm,76,mock_N08_N04_Aonly,DiscussionGRPWaitPage,1779826158,6,0,1
ahrup1ic,11,x3vjvkjr,76,mock_N08_N04_Aonly,DiscussionGRPWaitPage,1779826158,6,0,1
ahrup1ic,13,exjg8e0r,76,mock_N08_N04_Aonly,DiscussionGRPWaitPage,1779826158,6,0,1
ahrup1ic,17,ysp1b7xi,76,mock_N08_N04_Aonly,DiscussionGRPWaitPage,1779826158,6,0,1
ahrup1ic,18,teuhhnob,76,mock_N08_N04_Aonly,DiscussionGRPWaitPage,1779826158,6,0,1
ahrup1ic,22,kscwaqtv,76,mock_N08_N04_Aonly,DiscussionGRPWaitPage,1779826158,6,0,1
ahrup1ic,25,hh830vpt,76,mock_N08_N04_Aonly,DiscussionGRPWaitPage,1779826158,6,0,1
ahrup1ic,10,022hfe90,7,presurvey,TrainingNeighbor_2,1779826161,1,0,0
ahrup1ic,4,1hnvjtnm,81,mock_N08_N04_Aonly,Discussion,1779826162,6,0,0
ahrup1ic,13,exjg8e0r,81,mock_N08_N04_Aonly,Discussion,1779826163,6,0,0
ahrup1ic,17,ysp1b7xi,81,mock_N08_N04_Aonly,Discussion,1779826164,6,0,0
ahrup1ic,22,kscwaqtv,81,mock_N08_N04_Aonly,Discussion,1779826164,6,0,0
ahrup1ic,25,hh830vpt,81,mock_N08_N04_Aonly,Discussion,1779826164,6,0,0
ahrup1ic,11,x3vjvkjr,81,mock_N08_N04_Aonly,Discussion,1779826165,6,0,0
ahrup1ic,10,022hfe90,10,presurvey,ExperimentInstruction,1779826167,1,0,0
ahrup1ic,33,pyq82qr4,12,presurvey,Commitment,1779826169,1,0,0
ahrup1ic,18,teuhhnob,81,mock_N08_N04_Aonly,Discussion,1779826170,6,0,0
ahrup1ic,38,0turx7qa,0,,InitializeParticipant,1779826172,1,0,0
ahrup1ic,36,ly0wdi5v,9,presurvey,TrainingNeighbor_3,1779826175,1,0,0
ahrup1ic,10,022hfe90,11,presurvey,Scenario,1779826183,1,0,0
ahrup1ic,3,xguks7nw,81,mock_N08_N04_Aonly,Discussion,1779826189,6,0,0
ahrup1ic,38,0turx7qa,1,presurvey,Introduction,1779826189,1,0,0
ahrup1ic,34,5ur8fw4u,6,presurvey,TrainingNeighbor_1,1779826189,1,0,0
ahrup1ic,37,91u9vhaj,3,presurvey,Demographics,1779826189,1,0,0
ahrup1ic,3,xguks7nw,88,mock_N08_N04_Aonly,DiscussionGRPWaitPage,1779826191,7,0,1
ahrup1ic,4,1hnvjtnm,88,mock_N08_N04_Aonly,DiscussionGRPWaitPage,1779826191,7,0,1
ahrup1ic,11,x3vjvkjr,88,mock_N08_N04_Aonly,DiscussionGRPWaitPage,1779826191,7,0,1
ahrup1ic,13,exjg8e0r,88,mock_N08_N04_Aonly,DiscussionGRPWaitPage,1779826191,7,0,1
ahrup1ic,17,ysp1b7xi,88,mock_N08_N04_Aonly,DiscussionGRPWaitPage,1779826191,7,0,1
ahrup1ic,18,teuhhnob,88,mock_N08_N04_Aonly,DiscussionGRPWaitPage,1779826191,7,0,1
ahrup1ic,22,kscwaqtv,88,mock_N08_N04_Aonly,DiscussionGRPWaitPage,1779826191,7,0,1
ahrup1ic,25,hh830vpt,88,mock_N08_N04_Aonly,DiscussionGRPWaitPage,1779826191,7,0,1
ahrup1ic,4,1hnvjtnm,93,mock_N08_N04_Aonly,Discussion,1779826194,7,0,0
ahrup1ic,22,kscwaqtv,93,mock_N08_N04_Aonly,Discussion,1779826196,7,0,0
ahrup1ic,13,exjg8e0r,93,mock_N08_N04_Aonly,Discussion,1779826198,7,0,0
ahrup1ic,11,x3vjvkjr,93,mock_N08_N04_Aonly,Discussion,1779826198,7,0,0
ahrup1ic,17,ysp1b7xi,93,mock_N08_N04_Aonly,Discussion,1779826198,7,0,0
ahrup1ic,3,xguks7nw,93,mock_N08_N04_Aonly,Discussion,1779826199,7,0,0
ahrup1ic,37,91u9vhaj,4,presurvey,NeighborhoodInstruction,1779826200,1,0,0
ahrup1ic,18,teuhhnob,93,mock_N08_N04_Aonly,Discussion,1779826202,7,0,0
ahrup1ic,25,hh830vpt,93,mock_N08_N04_Aonly,Discussion,1779826204,7,0,0
ahrup1ic,3,xguks7nw,100,mock_N08_N04_Aonly,DiscussionGRPWaitPage,1779826205,8,0,1
ahrup1ic,4,1hnvjtnm,100,mock_N08_N04_Aonly,DiscussionGRPWaitPage,1779826205,8,0,1
ahrup1ic,11,x3vjvkjr,100,mock_N08_N04_Aonly,DiscussionGRPWaitPage,1779826205,8,0,1
ahrup1ic,13,exjg8e0r,100,mock_N08_N04_Aonly,DiscussionGRPWaitPage,1779826205,8,0,1
ahrup1ic,17,ysp1b7xi,100,mock_N08_N04_Aonly,DiscussionGRPWaitPage,1779826205,8,0,1
ahrup1ic,18,teuhhnob,100,mock_N08_N04_Aonly,DiscussionGRPWaitPage,1779826205,8,0,1
ahrup1ic,22,kscwaqtv,100,mock_N08_N04_Aonly,DiscussionGRPWaitPage,1779826205,8,0,1
ahrup1ic,25,hh830vpt,100,mock_N08_N04_Aonly,DiscussionGRPWaitPage,1779826205,8,0,1
ahrup1ic,13,exjg8e0r,105,mock_N08_N04_Aonly,Discussion,1779826209,8,0,0
ahrup1ic,4,1hnvjtnm,105,mock_N08_N04_Aonly,Discussion,1779826209,8,0,0
ahrup1ic,39,9ai0khnu,0,,InitializeParticipant,1779826210,1,0,0
ahrup1ic,17,ysp1b7xi,105,mock_N08_N04_Aonly,Discussion,1779826211,8,0,0
ahrup1ic,11,x3vjvkjr,105,mock_N08_N04_Aonly,Discussion,1779826211,8,0,0
ahrup1ic,25,hh830vpt,105,mock_N08_N04_Aonly,Discussion,1779826212,8,0,0
ahrup1ic,34,5ur8fw4u,7,presurvey,TrainingNeighbor_2,1779826213,1,0,0
ahrup1ic,18,teuhhnob,105,mock_N08_N04_Aonly,Discussion,1779826213,8,0,0
ahrup1ic,3,xguks7nw,105,mock_N08_N04_Aonly,Discussion,1779826213,8,0,0
ahrup1ic,39,9ai0khnu,1,presurvey,Introduction,1779826218,1,0,0
ahrup1ic,22,kscwaqtv,105,mock_N08_N04_Aonly,Discussion,1779826221,8,0,0
ahrup1ic,3,xguks7nw,112,mock_N08_N04_Aonly,DiscussionGRPWaitPage,1779826222,9,0,1
ahrup1ic,4,1hnvjtnm,112,mock_N08_N04_Aonly,DiscussionGRPWaitPage,1779826222,9,0,1
ahrup1ic,11,x3vjvkjr,112,mock_N08_N04_Aonly,DiscussionGRPWaitPage,1779826222,9,0,1
ahrup1ic,13,exjg8e0r,112,mock_N08_N04_Aonly,DiscussionGRPWaitPage,1779826222,9,0,1
ahrup1ic,17,ysp1b7xi,112,mock_N08_N04_Aonly,DiscussionGRPWaitPage,1779826222,9,0,1
ahrup1ic,18,teuhhnob,112,mock_N08_N04_Aonly,DiscussionGRPWaitPage,1779826222,9,0,1
ahrup1ic,22,kscwaqtv,112,mock_N08_N04_Aonly,DiscussionGRPWaitPage,1779826222,9,0,1
ahrup1ic,25,hh830vpt,112,mock_N08_N04_Aonly,DiscussionGRPWaitPage,1779826222,9,0,1
ahrup1ic,4,1hnvjtnm,117,mock_N08_N04_Aonly,Discussion,1779826225,9,0,0
ahrup1ic,25,hh830vpt,117,mock_N08_N04_Aonly,Discussion,1779826227,9,0,0
ahrup1ic,37,91u9vhaj,5,presurvey,Training,1779826227,1,0,0
ahrup1ic,34,5ur8fw4u,8,presurvey,AttentionCheck,1779826228,1,0,0
ahrup1ic,13,exjg8e0r,117,mock_N08_N04_Aonly,Discussion,1779826228,9,0,0
ahrup1ic,17,ysp1b7xi,117,mock_N08_N04_Aonly,Discussion,1779826228,9,0,0
ahrup1ic,11,x3vjvkjr,117,mock_N08_N04_Aonly,Discussion,1779826229,9,0,0
ahrup1ic,18,teuhhnob,117,mock_N08_N04_Aonly,Discussion,1779826231,9,0,0
ahrup1ic,39,9ai0khnu,2,presurvey,AudioCheck,1779826234,1,0,0
ahrup1ic,3,xguks7nw,117,mock_N08_N04_Aonly,Discussion,1779826235,9,0,0
ahrup1ic,22,kscwaqtv,117,mock_N08_N04_Aonly,Discussion,1779826238,9,0,0
ahrup1ic,3,xguks7nw,124,mock_N08_N04_Aonly,DiscussionGRPWaitPage,1779826239,10,0,1
ahrup1ic,4,1hnvjtnm,124,mock_N08_N04_Aonly,DiscussionGRPWaitPage,1779826239,10,0,1
ahrup1ic,11,x3vjvkjr,124,mock_N08_N04_Aonly,DiscussionGRPWaitPage,1779826239,10,0,1
ahrup1ic,13,exjg8e0r,124,mock_N08_N04_Aonly,DiscussionGRPWaitPage,1779826239,10,0,1
ahrup1ic,17,ysp1b7xi,124,mock_N08_N04_Aonly,DiscussionGRPWaitPage,1779826239,10,0,1
ahrup1ic,18,teuhhnob,124,mock_N08_N04_Aonly,DiscussionGRPWaitPage,1779826239,10,0,1
ahrup1ic,22,kscwaqtv,124,mock_N08_N04_Aonly,DiscussionGRPWaitPage,1779826239,10,0,1
ahrup1ic,25,hh830vpt,124,mock_N08_N04_Aonly,DiscussionGRPWaitPage,1779826239,10,0,1
ahrup1ic,23,lttp7m8m,12,presurvey,Commitment,1779826239,1,0,0
ahrup1ic,17,ysp1b7xi,129,mock_N08_N04_Aonly,Discussion,1779826242,10,0,0
ahrup1ic,11,x3vjvkjr,129,mock_N08_N04_Aonly,Discussion,1779826242,10,0,0
ahrup1ic,13,exjg8e0r,129,mock_N08_N04_Aonly,Discussion,1779826243,10,0,0
ahrup1ic,25,hh830vpt,129,mock_N08_N04_Aonly,Discussion,1779826243,10,0,0
ahrup1ic,27,wue9ma4m,12,presurvey,Commitment,1779826244,1,0,0
ahrup1ic,15,95rjerb9,13,mock_N08_N04_Aonly,GroupingWaitPage,1779826245,1,0,1
ahrup1ic,23,lttp7m8m,13,mock_N08_N04_Aonly,GroupingWaitPage,1779826245,1,0,1
ahrup1ic,24,9cdu63w7,13,mock_N08_N04_Aonly,GroupingWaitPage,1779826245,1,0,1
ahrup1ic,26,9uh3xaed,13,mock_N08_N04_Aonly,GroupingWaitPage,1779826245,1,0,1
ahrup1ic,27,wue9ma4m,13,mock_N08_N04_Aonly,GroupingWaitPage,1779826245,1,0,1
ahrup1ic,28,ivhafijd,13,mock_N08_N04_Aonly,GroupingWaitPage,1779826245,1,0,1
ahrup1ic,30,q4zujchy,13,mock_N08_N04_Aonly,GroupingWaitPage,1779826245,1,0,1
ahrup1ic,33,pyq82qr4,13,mock_N08_N04_Aonly,GroupingWaitPage,1779826245,1,0,1
ahrup1ic,4,1hnvjtnm,129,mock_N08_N04_Aonly,Discussion,1779826245,10,0,0
ahrup1ic,15,95rjerb9,14,mock_N08_N04_Aonly,GroupSizeWaitPage,1779826246,1,0,1
ahrup1ic,23,lttp7m8m,14,mock_N08_N04_Aonly,GroupSizeWaitPage,1779826246,1,0,1
ahrup1ic,24,9cdu63w7,14,mock_N08_N04_Aonly,GroupSizeWaitPage,1779826246,1,0,1
ahrup1ic,26,9uh3xaed,14,mock_N08_N04_Aonly,GroupSizeWaitPage,1779826246,1,0,1
ahrup1ic,27,wue9ma4m,14,mock_N08_N04_Aonly,GroupSizeWaitPage,1779826246,1,0,1
ahrup1ic,28,ivhafijd,14,mock_N08_N04_Aonly,GroupSizeWaitPage,1779826246,1,0,1
ahrup1ic,30,q4zujchy,14,mock_N08_N04_Aonly,GroupSizeWaitPage,1779826246,1,0,1
ahrup1ic,33,pyq82qr4,14,mock_N08_N04_Aonly,GroupSizeWaitPage,1779826246,1,0,1
ahrup1ic,18,teuhhnob,129,mock_N08_N04_Aonly,Discussion,1779826246,10,0,0
ahrup1ic,15,95rjerb9,16,mock_N08_N04_Aonly,DiscussionGRPWaitPage,1779826248,1,0,1
ahrup1ic,23,lttp7m8m,16,mock_N08_N04_Aonly,DiscussionGRPWaitPage,1779826248,1,0,1
ahrup1ic,24,9cdu63w7,16,mock_N08_N04_Aonly,DiscussionGRPWaitPage,1779826248,1,0,1
ahrup1ic,26,9uh3xaed,16,mock_N08_N04_Aonly,DiscussionGRPWaitPage,1779826248,1,0,1
ahrup1ic,27,wue9ma4m,16,mock_N08_N04_Aonly,DiscussionGRPWaitPage,1779826248,1,0,1
ahrup1ic,28,ivhafijd,16,mock_N08_N04_Aonly,DiscussionGRPWaitPage,1779826248,1,0,1
ahrup1ic,30,q4zujchy,16,mock_N08_N04_Aonly,DiscussionGRPWaitPage,1779826248,1,0,1
ahrup1ic,33,pyq82qr4,16,mock_N08_N04_Aonly,DiscussionGRPWaitPage,1779826248,1,0,1
ahrup1ic,38,0turx7qa,2,presurvey,AudioCheck,1779826249,1,0,0
ahrup1ic,34,5ur8fw4u,9,presurvey,TrainingNeighbor_3,1779826249,1,0,0
ahrup1ic,3,xguks7nw,129,mock_N08_N04_Aonly,Discussion,1779826250,10,0,0
ahrup1ic,39,9ai0khnu,3,presurvey,Demographics,1779826253,1,0,0
ahrup1ic,22,kscwaqtv,129,mock_N08_N04_Aonly,Discussion,1779826255,10,0,0
ahrup1ic,3,xguks7nw,136,mock_N08_N04_Aonly,DiscussionGRPWaitPage,1779826256,11,0,1
ahrup1ic,4,1hnvjtnm,136,mock_N08_N04_Aonly,DiscussionGRPWaitPage,1779826256,11,0,1
ahrup1ic,11,x3vjvkjr,136,mock_N08_N04_Aonly,DiscussionGRPWaitPage,1779826256,11,0,1
ahrup1ic,13,exjg8e0r,136,mock_N08_N04_Aonly,DiscussionGRPWaitPage,1779826256,11,0,1
ahrup1ic,17,ysp1b7xi,136,mock_N08_N04_Aonly,DiscussionGRPWaitPage,1779826256,11,0,1
ahrup1ic,18,teuhhnob,136,mock_N08_N04_Aonly,DiscussionGRPWaitPage,1779826256,11,0,1
ahrup1ic,22,kscwaqtv,136,mock_N08_N04_Aonly,DiscussionGRPWaitPage,1779826256,11,0,1
ahrup1ic,25,hh830vpt,136,mock_N08_N04_Aonly,DiscussionGRPWaitPage,1779826256,11,0,1
ahrup1ic,15,95rjerb9,20,mock_N08_N04_Aonly,Phase3,1779826257,1,0,0
ahrup1ic,35,hlekzefc,12,presurvey,Commitment,1779826258,1,0,0
ahrup1ic,25,hh830vpt,141,mock_N08_N04_Aonly,Discussion,1779826258,11,0,0
ahrup1ic,13,exjg8e0r,141,mock_N08_N04_Aonly,Discussion,1779826259,11,0,0
ahrup1ic,22,kscwaqtv,141,mock_N08_N04_Aonly,Discussion,1779826260,11,0,0
ahrup1ic,34,5ur8fw4u,10,presurvey,ExperimentInstruction,1779826260,1,0,0
ahrup1ic,4,1hnvjtnm,141,mock_N08_N04_Aonly,Discussion,1779826260,11,0,0
ahrup1ic,39,9ai0khnu,4,presurvey,NeighborhoodInstruction,1779826260,1,0,0
ahrup1ic,17,ysp1b7xi,141,mock_N08_N04_Aonly,Discussion,1779826261,11,0,0
ahrup1ic,3,xguks7nw,141,mock_N08_N04_Aonly,Discussion,1779826262,11,0,0
ahrup1ic,11,x3vjvkjr,141,mock_N08_N04_Aonly,Discussion,1779826262,11,0,0
ahrup1ic,18,teuhhnob,141,mock_N08_N04_Aonly,Discussion,1779826262,11,0,0
ahrup1ic,3,xguks7nw,148,mock_N08_N04_Aonly,DiscussionGRPWaitPage,1779826262,12,0,1
ahrup1ic,4,1hnvjtnm,148,mock_N08_N04_Aonly,DiscussionGRPWaitPage,1779826262,12,0,1
ahrup1ic,11,x3vjvkjr,148,mock_N08_N04_Aonly,DiscussionGRPWaitPage,1779826262,12,0,1
ahrup1ic,13,exjg8e0r,148,mock_N08_N04_Aonly,DiscussionGRPWaitPage,1779826262,12,0,1
ahrup1ic,17,ysp1b7xi,148,mock_N08_N04_Aonly,DiscussionGRPWaitPage,1779826262,12,0,1
ahrup1ic,18,teuhhnob,148,mock_N08_N04_Aonly,DiscussionGRPWaitPage,1779826262,12,0,1
ahrup1ic,22,kscwaqtv,148,mock_N08_N04_Aonly,DiscussionGRPWaitPage,1779826262,12,0,1
ahrup1ic,25,hh830vpt,148,mock_N08_N04_Aonly,DiscussionGRPWaitPage,1779826262,12,0,1
ahrup1ic,28,ivhafijd,20,mock_N08_N04_Aonly,Phase3,1779826265,1,0,0
ahrup1ic,11,x3vjvkjr,153,mock_N08_N04_Aonly,Discussion,1779826266,12,0,0
ahrup1ic,17,ysp1b7xi,153,mock_N08_N04_Aonly,Discussion,1779826267,12,0,0
ahrup1ic,26,9uh3xaed,20,mock_N08_N04_Aonly,Phase3,1779826267,1,0,0
ahrup1ic,18,teuhhnob,153,mock_N08_N04_Aonly,Discussion,1779826268,12,0,0
ahrup1ic,38,0turx7qa,3,presurvey,Demographics,1779826268,1,0,0
ahrup1ic,25,hh830vpt,153,mock_N08_N04_Aonly,Discussion,1779826270,12,0,0
ahrup1ic,27,wue9ma4m,20,mock_N08_N04_Aonly,Phase3,1779826270,1,0,0
ahrup1ic,22,kscwaqtv,153,mock_N08_N04_Aonly,Discussion,1779826271,12,0,0
ahrup1ic,3,xguks7nw,153,mock_N08_N04_Aonly,Discussion,1779826272,12,0,0
ahrup1ic,4,1hnvjtnm,153,mock_N08_N04_Aonly,Discussion,1779826272,12,0,0
ahrup1ic,13,exjg8e0r,153,mock_N08_N04_Aonly,Discussion,1779826273,12,0,0
ahrup1ic,3,xguks7nw,160,mock_N08_N04_Aonly,DiscussionGRPWaitPage,1779826273,13,0,1
ahrup1ic,4,1hnvjtnm,160,mock_N08_N04_Aonly,DiscussionGRPWaitPage,1779826273,13,0,1
ahrup1ic,11,x3vjvkjr,160,mock_N08_N04_Aonly,DiscussionGRPWaitPage,1779826273,13,0,1
ahrup1ic,13,exjg8e0r,160,mock_N08_N04_Aonly,DiscussionGRPWaitPage,1779826273,13,0,1
ahrup1ic,17,ysp1b7xi,160,mock_N08_N04_Aonly,DiscussionGRPWaitPage,1779826273,13,0,1
ahrup1ic,18,teuhhnob,160,mock_N08_N04_Aonly,DiscussionGRPWaitPage,1779826273,13,0,1
ahrup1ic,22,kscwaqtv,160,mock_N08_N04_Aonly,DiscussionGRPWaitPage,1779826273,13,0,1
ahrup1ic,25,hh830vpt,160,mock_N08_N04_Aonly,DiscussionGRPWaitPage,1779826273,13,0,1
ahrup1ic,17,ysp1b7xi,165,mock_N08_N04_Aonly,Discussion,1779826276,13,0,0
ahrup1ic,22,kscwaqtv,165,mock_N08_N04_Aonly,Discussion,1779826277,13,0,0
ahrup1ic,25,hh830vpt,165,mock_N08_N04_Aonly,Discussion,1779826277,13,0,0
ahrup1ic,33,pyq82qr4,20,mock_N08_N04_Aonly,Phase3,1779826278,1,0,0
ahrup1ic,13,exjg8e0r,165,mock_N08_N04_Aonly,Discussion,1779826278,13,0,0
ahrup1ic,28,ivhafijd,21,mock_N08_N04_Aonly,Discussion,1779826278,1,0,0
ahrup1ic,11,x3vjvkjr,165,mock_N08_N04_Aonly,Discussion,1779826279,13,0,0
ahrup1ic,15,95rjerb9,21,mock_N08_N04_Aonly,Discussion,1779826279,1,0,0
ahrup1ic,26,9uh3xaed,21,mock_N08_N04_Aonly,Discussion,1779826280,1,0,0
ahrup1ic,4,1hnvjtnm,165,mock_N08_N04_Aonly,Discussion,1779826281,13,0,0
ahrup1ic,18,teuhhnob,165,mock_N08_N04_Aonly,Discussion,1779826281,13,0,0
ahrup1ic,24,9cdu63w7,20,mock_N08_N04_Aonly,Phase3,1779826281,1,0,0
ahrup1ic,30,q4zujchy,20,mock_N08_N04_Aonly,Phase3,1779826284,1,0,0
ahrup1ic,38,0turx7qa,4,presurvey,NeighborhoodInstruction,1779826290,1,0,0
ahrup1ic,3,xguks7nw,165,mock_N08_N04_Aonly,Discussion,1779826290,13,0,0
ahrup1ic,3,xguks7nw,172,mock_N08_N04_Aonly,DiscussionGRPWaitPage,1779826290,14,0,1
ahrup1ic,4,1hnvjtnm,172,mock_N08_N04_Aonly,DiscussionGRPWaitPage,1779826290,14,0,1
ahrup1ic,11,x3vjvkjr,172,mock_N08_N04_Aonly,DiscussionGRPWaitPage,1779826290,14,0,1
ahrup1ic,13,exjg8e0r,172,mock_N08_N04_Aonly,DiscussionGRPWaitPage,1779826290,14,0,1
ahrup1ic,17,ysp1b7xi,172,mock_N08_N04_Aonly,DiscussionGRPWaitPage,1779826290,14,0,1
ahrup1ic,18,teuhhnob,172,mock_N08_N04_Aonly,DiscussionGRPWaitPage,1779826290,14,0,1
ahrup1ic,22,kscwaqtv,172,mock_N08_N04_Aonly,DiscussionGRPWaitPage,1779826290,14,0,1
ahrup1ic,25,hh830vpt,172,mock_N08_N04_Aonly,DiscussionGRPWaitPage,1779826290,14,0,1
ahrup1ic,23,lttp7m8m,20,mock_N08_N04_Aonly,Phase3,1779826292,1,0,0
ahrup1ic,25,hh830vpt,177,mock_N08_N04_Aonly,Discussion,1779826293,14,0,0
ahrup1ic,17,ysp1b7xi,177,mock_N08_N04_Aonly,Discussion,1779826295,14,0,0
ahrup1ic,11,x3vjvkjr,177,mock_N08_N04_Aonly,Discussion,1779826295,14,0,0
ahrup1ic,4,1hnvjtnm,177,mock_N08_N04_Aonly,Discussion,1779826297,14,0,0
ahrup1ic,34,5ur8fw4u,11,presurvey,Scenario,1779826297,1,0,0
ahrup1ic,18,teuhhnob,177,mock_N08_N04_Aonly,Discussion,1779826299,14,0,0
ahrup1ic,37,91u9vhaj,6,presurvey,TrainingNeighbor_1,1779826299,1,0,0
ahrup1ic,22,kscwaqtv,177,mock_N08_N04_Aonly,Discussion,1779826299,14,0,0
ahrup1ic,13,exjg8e0r,177,mock_N08_N04_Aonly,Discussion,1779826300,14,0,0
ahrup1ic,39,9ai0khnu,5,presurvey,Training,1779826301,1,0,0
ahrup1ic,27,wue9ma4m,21,mock_N08_N04_Aonly,Discussion,1779826301,1,0,0
ahrup1ic,3,xguks7nw,177,mock_N08_N04_Aonly,Discussion,1779826301,14,0,0
ahrup1ic,3,xguks7nw,184,mock_N08_N04_Aonly,DiscussionGRPWaitPage,1779826302,15,0,1
ahrup1ic,4,1hnvjtnm,184,mock_N08_N04_Aonly,DiscussionGRPWaitPage,1779826302,15,0,1
ahrup1ic,11,x3vjvkjr,184,mock_N08_N04_Aonly,DiscussionGRPWaitPage,1779826302,15,0,1
ahrup1ic,13,exjg8e0r,184,mock_N08_N04_Aonly,DiscussionGRPWaitPage,1779826302,15,0,1
ahrup1ic,17,ysp1b7xi,184,mock_N08_N04_Aonly,DiscussionGRPWaitPage,1779826302,15,0,1
ahrup1ic,18,teuhhnob,184,mock_N08_N04_Aonly,DiscussionGRPWaitPage,1779826302,15,0,1
ahrup1ic,22,kscwaqtv,184,mock_N08_N04_Aonly,DiscussionGRPWaitPage,1779826302,15,0,1
ahrup1ic,25,hh830vpt,184,mock_N08_N04_Aonly,DiscussionGRPWaitPage,1779826302,15,0,1
ahrup1ic,25,hh830vpt,189,mock_N08_N04_Aonly,Discussion,1779826304,15,0,0
ahrup1ic,30,q4zujchy,21,mock_N08_N04_Aonly,Discussion,1779826304,1,0,0
ahrup1ic,13,exjg8e0r,189,mock_N08_N04_Aonly,Discussion,1779826305,15,0,0
ahrup1ic,17,ysp1b7xi,189,mock_N08_N04_Aonly,Discussion,1779826305,15,0,0
ahrup1ic,37,91u9vhaj,7,presurvey,TrainingNeighbor_2,1779826306,1,0,0
ahrup1ic,24,9cdu63w7,21,mock_N08_N04_Aonly,Discussion,1779826306,1,0,0
ahrup1ic,4,1hnvjtnm,189,mock_N08_N04_Aonly,Discussion,1779826306,15,0,0
ahrup1ic,2,vdl0ar64,13,mock_N08_N04_Aonly,GroupingWaitPage,1779826307,1,0,1
ahrup1ic,2,vdl0ar64,14,mock_N08_N04_Aonly,GroupSizeWaitPage,1779826308,1,0,1
ahrup1ic,11,x3vjvkjr,189,mock_N08_N04_Aonly,Discussion,1779826309,15,0,0
ahrup1ic,18,teuhhnob,189,mock_N08_N04_Aonly,Discussion,1779826309,15,0,0
ahrup1ic,22,kscwaqtv,189,mock_N08_N04_Aonly,Discussion,1779826313,15,0,0
ahrup1ic,2,vdl0ar64,15,mock_N08_N04_Aonly,AttentionCheck,1779826314,1,0,0
ahrup1ic,37,91u9vhaj,10,presurvey,ExperimentInstruction,1779826315,1,0,0
ahrup1ic,33,pyq82qr4,21,mock_N08_N04_Aonly,Discussion,1779826316,1,0,0
ahrup1ic,40,664obnmg,0,,InitializeParticipant,1779826317,1,0,0
ahrup1ic,3,xguks7nw,189,mock_N08_N04_Aonly,Discussion,1779826318,15,0,0
ahrup1ic,3,xguks7nw,196,mock_N08_N04_Aonly,DiscussionGRPWaitPage,1779826318,16,0,1
ahrup1ic,4,1hnvjtnm,196,mock_N08_N04_Aonly,DiscussionGRPWaitPage,1779826318,16,0,1
ahrup1ic,11,x3vjvkjr,196,mock_N08_N04_Aonly,DiscussionGRPWaitPage,1779826318,16,0,1
ahrup1ic,13,exjg8e0r,196,mock_N08_N04_Aonly,DiscussionGRPWaitPage,1779826318,16,0,1
ahrup1ic,17,ysp1b7xi,196,mock_N08_N04_Aonly,DiscussionGRPWaitPage,1779826318,16,0,1
ahrup1ic,18,teuhhnob,196,mock_N08_N04_Aonly,DiscussionGRPWaitPage,1779826318,16,0,1
ahrup1ic,22,kscwaqtv,196,mock_N08_N04_Aonly,DiscussionGRPWaitPage,1779826318,16,0,1
ahrup1ic,25,hh830vpt,196,mock_N08_N04_Aonly,DiscussionGRPWaitPage,1779826318,16,0,1
ahrup1ic,25,hh830vpt,201,mock_N08_N04_Aonly,Discussion,1779826321,16,0,0
ahrup1ic,13,exjg8e0r,201,mock_N08_N04_Aonly,Discussion,1779826321,16,0,0
ahrup1ic,17,ysp1b7xi,201,mock_N08_N04_Aonly,Discussion,1779826323,16,0,0
ahrup1ic,11,x3vjvkjr,201,mock_N08_N04_Aonly,Discussion,1779826323,16,0,0
ahrup1ic,4,1hnvjtnm,201,mock_N08_N04_Aonly,Discussion,1779826324,16,0,0
ahrup1ic,23,lttp7m8m,21,mock_N08_N04_Aonly,Discussion,1779826324,1,0,0
ahrup1ic,30,q4zujchy,28,mock_N08_N04_Aonly,DiscussionGRPWaitPage,1779826325,2,0,1
ahrup1ic,33,pyq82qr4,28,mock_N08_N04_Aonly,DiscussionGRPWaitPage,1779826325,2,0,1
ahrup1ic,15,95rjerb9,28,mock_N08_N04_Aonly,DiscussionGRPWaitPage,1779826325,2,0,1
ahrup1ic,23,lttp7m8m,28,mock_N08_N04_Aonly,DiscussionGRPWaitPage,1779826325,2,0,1
ahrup1ic,24,9cdu63w7,28,mock_N08_N04_Aonly,DiscussionGRPWaitPage,1779826325,2,0,1
ahrup1ic,26,9uh3xaed,28,mock_N08_N04_Aonly,DiscussionGRPWaitPage,1779826325,2,0,1
ahrup1ic,27,wue9ma4m,28,mock_N08_N04_Aonly,DiscussionGRPWaitPage,1779826325,2,0,1
ahrup1ic,28,ivhafijd,28,mock_N08_N04_Aonly,DiscussionGRPWaitPage,1779826325,2,0,1
ahrup1ic,22,kscwaqtv,201,mock_N08_N04_Aonly,Discussion,1779826326,16,0,0
ahrup1ic,38,0turx7qa,5,presurvey,Training,1779826327,1,0,0
ahrup1ic,3,xguks7nw,201,mock_N08_N04_Aonly,Discussion,1779826329,16,0,0
ahrup1ic,18,teuhhnob,201,mock_N08_N04_Aonly,Discussion,1779826329,16,0,0
ahrup1ic,3,xguks7nw,208,mock_N08_N04_Aonly,DiscussionGRPWaitPage,1779826330,17,0,1
ahrup1ic,4,1hnvjtnm,208,mock_N08_N04_Aonly,DiscussionGRPWaitPage,1779826330,17,0,1
ahrup1ic,11,x3vjvkjr,208,mock_N08_N04_Aonly,DiscussionGRPWaitPage,1779826330,17,0,1
ahrup1ic,13,exjg8e0r,208,mock_N08_N04_Aonly,DiscussionGRPWaitPage,1779826330,17,0,1
ahrup1ic,17,ysp1b7xi,208,mock_N08_N04_Aonly,DiscussionGRPWaitPage,1779826330,17,0,1
ahrup1ic,18,teuhhnob,208,mock_N08_N04_Aonly,DiscussionGRPWaitPage,1779826330,17,0,1
ahrup1ic,22,kscwaqtv,208,mock_N08_N04_Aonly,DiscussionGRPWaitPage,1779826330,17,0,1
ahrup1ic,25,hh830vpt,208,mock_N08_N04_Aonly,DiscussionGRPWaitPage,1779826330,17,0,1
ahrup1ic,39,9ai0khnu,6,presurvey,TrainingNeighbor_1,1779826331,1,0,0
ahrup1ic,25,hh830vpt,213,mock_N08_N04_Aonly,Discussion,1779826333,17,0,0
ahrup1ic,13,exjg8e0r,213,mock_N08_N04_Aonly,Discussion,1779826333,17,0,0
ahrup1ic,17,ysp1b7xi,213,mock_N08_N04_Aonly,Discussion,1779826334,17,0,0
ahrup1ic,39,9ai0khnu,10,presurvey,ExperimentInstruction,1779826334,1,0,0
ahrup1ic,22,kscwaqtv,213,mock_N08_N04_Aonly,Discussion,1779826335,17,0,0
ahrup1ic,11,x3vjvkjr,213,mock_N08_N04_Aonly,Discussion,1779826335,17,0,0
ahrup1ic,24,9cdu63w7,33,mock_N08_N04_Aonly,Discussion,1779826336,2,0,0
ahrup1ic,26,9uh3xaed,33,mock_N08_N04_Aonly,Discussion,1779826336,2,0,0
ahrup1ic,28,ivhafijd,33,mock_N08_N04_Aonly,Discussion,1779826336,2,0,0
ahrup1ic,4,1hnvjtnm,213,mock_N08_N04_Aonly,Discussion,1779826338,17,0,0
ahrup1ic,18,teuhhnob,213,mock_N08_N04_Aonly,Discussion,1779826338,17,0,0
ahrup1ic,33,pyq82qr4,33,mock_N08_N04_Aonly,Discussion,1779826339,2,0,0
ahrup1ic,23,lttp7m8m,33,mock_N08_N04_Aonly,Discussion,1779826340,2,0,0
ahrup1ic,3,xguks7nw,213,mock_N08_N04_Aonly,Discussion,1779826342,17,0,0
ahrup1ic,3,xguks7nw,220,mock_N08_N04_Aonly,DiscussionGRPWaitPage,1779826343,18,0,1
ahrup1ic,4,1hnvjtnm,220,mock_N08_N04_Aonly,DiscussionGRPWaitPage,1779826343,18,0,1
ahrup1ic,11,x3vjvkjr,220,mock_N08_N04_Aonly,DiscussionGRPWaitPage,1779826343,18,0,1
ahrup1ic,13,exjg8e0r,220,mock_N08_N04_Aonly,DiscussionGRPWaitPage,1779826343,18,0,1
ahrup1ic,17,ysp1b7xi,220,mock_N08_N04_Aonly,DiscussionGRPWaitPage,1779826343,18,0,1
ahrup1ic,18,teuhhnob,220,mock_N08_N04_Aonly,DiscussionGRPWaitPage,1779826343,18,0,1
ahrup1ic,22,kscwaqtv,220,mock_N08_N04_Aonly,DiscussionGRPWaitPage,1779826343,18,0,1
ahrup1ic,25,hh830vpt,220,mock_N08_N04_Aonly,DiscussionGRPWaitPage,1779826343,18,0,1
ahrup1ic,30,q4zujchy,33,mock_N08_N04_Aonly,Discussion,1779826343,2,0,0
ahrup1ic,17,ysp1b7xi,225,mock_N08_N04_Aonly,Discussion,1779826345,18,0,0
ahrup1ic,27,wue9ma4m,33,mock_N08_N04_Aonly,Discussion,1779826345,2,0,0
ahrup1ic,25,hh830vpt,225,mock_N08_N04_Aonly,Discussion,1779826345,18,0,0
ahrup1ic,39,9ai0khnu,11,presurvey,Scenario,1779826345,1,0,0
ahrup1ic,13,exjg8e0r,225,mock_N08_N04_Aonly,Discussion,1779826348,18,0,0
ahrup1ic,11,x3vjvkjr,225,mock_N08_N04_Aonly,Discussion,1779826348,18,0,0
ahrup1ic,4,1hnvjtnm,225,mock_N08_N04_Aonly,Discussion,1779826349,18,0,0
ahrup1ic,15,95rjerb9,33,mock_N08_N04_Aonly,Discussion,1779826349,2,0,0
ahrup1ic,15,95rjerb9,40,mock_N08_N04_Aonly,DiscussionGRPWaitPage,1779826349,3,0,1
ahrup1ic,30,q4zujchy,40,mock_N08_N04_Aonly,DiscussionGRPWaitPage,1779826349,3,0,1
ahrup1ic,33,pyq82qr4,40,mock_N08_N04_Aonly,DiscussionGRPWaitPage,1779826349,3,0,1
ahrup1ic,23,lttp7m8m,40,mock_N08_N04_Aonly,DiscussionGRPWaitPage,1779826349,3,0,1
ahrup1ic,24,9cdu63w7,40,mock_N08_N04_Aonly,DiscussionGRPWaitPage,1779826349,3,0,1
ahrup1ic,26,9uh3xaed,40,mock_N08_N04_Aonly,DiscussionGRPWaitPage,1779826349,3,0,1
ahrup1ic,27,wue9ma4m,40,mock_N08_N04_Aonly,DiscussionGRPWaitPage,1779826349,3,0,1
ahrup1ic,28,ivhafijd,40,mock_N08_N04_Aonly,DiscussionGRPWaitPage,1779826349,3,0,1
ahrup1ic,40,664obnmg,1,presurvey,Introduction,1779826350,1,0,0
ahrup1ic,18,teuhhnob,225,mock_N08_N04_Aonly,Discussion,1779826350,18,0,0
ahrup1ic,22,kscwaqtv,225,mock_N08_N04_Aonly,Discussion,1779826351,18,0,0
ahrup1ic,26,9uh3xaed,45,mock_N08_N04_Aonly,Discussion,1779826355,3,0,0
ahrup1ic,38,0turx7qa,6,presurvey,TrainingNeighbor_1,1779826355,1,0,0
ahrup1ic,3,xguks7nw,225,mock_N08_N04_Aonly,Discussion,1779826355,18,0,0
ahrup1ic,12,nswpy8uw,6,presurvey,TrainingNeighbor_1,1779826355,1,0,0
ahrup1ic,3,xguks7nw,232,mock_N08_N04_Aonly,DiscussionGRPWaitPage,1779826356,19,0,1
ahrup1ic,4,1hnvjtnm,232,mock_N08_N04_Aonly,DiscussionGRPWaitPage,1779826356,19,0,1
ahrup1ic,11,x3vjvkjr,232,mock_N08_N04_Aonly,DiscussionGRPWaitPage,1779826356,19,0,1
ahrup1ic,13,exjg8e0r,232,mock_N08_N04_Aonly,DiscussionGRPWaitPage,1779826356,19,0,1
ahrup1ic,17,ysp1b7xi,232,mock_N08_N04_Aonly,DiscussionGRPWaitPage,1779826356,19,0,1
ahrup1ic,18,teuhhnob,232,mock_N08_N04_Aonly,DiscussionGRPWaitPage,1779826356,19,0,1
ahrup1ic,22,kscwaqtv,232,mock_N08_N04_Aonly,DiscussionGRPWaitPage,1779826356,19,0,1
ahrup1ic,25,hh830vpt,232,mock_N08_N04_Aonly,DiscussionGRPWaitPage,1779826356,19,0,1
ahrup1ic,24,9cdu63w7,45,mock_N08_N04_Aonly,Discussion,1779826356,3,0,0
ahrup1ic,28,ivhafijd,45,mock_N08_N04_Aonly,Discussion,1779826356,3,0,0
ahrup1ic,23,lttp7m8m,45,mock_N08_N04_Aonly,Discussion,1779826357,3,0,0
ahrup1ic,37,91u9vhaj,11,presurvey,Scenario,1779826358,1,0,0
ahrup1ic,17,ysp1b7xi,237,mock_N08_N04_Aonly,Discussion,1779826359,19,0,0
ahrup1ic,25,hh830vpt,237,mock_N08_N04_Aonly,Discussion,1779826359,19,0,0
ahrup1ic,13,exjg8e0r,237,mock_N08_N04_Aonly,Discussion,1779826360,19,0,0
ahrup1ic,11,x3vjvkjr,237,mock_N08_N04_Aonly,Discussion,1779826362,19,0,0
ahrup1ic,30,q4zujchy,45,mock_N08_N04_Aonly,Discussion,1779826362,3,0,0
ahrup1ic,22,kscwaqtv,237,mock_N08_N04_Aonly,Discussion,1779826362,19,0,0
ahrup1ic,4,1hnvjtnm,237,mock_N08_N04_Aonly,Discussion,1779826363,19,0,0
ahrup1ic,38,0turx7qa,10,presurvey,ExperimentInstruction,1779826363,1,0,0
ahrup1ic,18,teuhhnob,237,mock_N08_N04_Aonly,Discussion,1779826365,19,0,0
ahrup1ic,15,95rjerb9,45,mock_N08_N04_Aonly,Discussion,1779826365,3,0,0
ahrup1ic,33,pyq82qr4,45,mock_N08_N04_Aonly,Discussion,1779826365,3,0,0
ahrup1ic,12,nswpy8uw,7,presurvey,TrainingNeighbor_2,1779826368,1,0,0
ahrup1ic,39,9ai0khnu,12,presurvey,Commitment,1779826373,1,0,0
ahrup1ic,3,xguks7nw,237,mock_N08_N04_Aonly,Discussion,1779826375,19,0,0
ahrup1ic,3,xguks7nw,244,mock_N08_N04_Aonly,DiscussionGRPWaitPage,1779826375,20,0,1
ahrup1ic,4,1hnvjtnm,244,mock_N08_N04_Aonly,DiscussionGRPWaitPage,1779826375,20,0,1
ahrup1ic,11,x3vjvkjr,244,mock_N08_N04_Aonly,DiscussionGRPWaitPage,1779826375,20,0,1
ahrup1ic,13,exjg8e0r,244,mock_N08_N04_Aonly,DiscussionGRPWaitPage,1779826375,20,0,1
ahrup1ic,17,ysp1b7xi,244,mock_N08_N04_Aonly,DiscussionGRPWaitPage,1779826375,20,0,1
ahrup1ic,18,teuhhnob,244,mock_N08_N04_Aonly,DiscussionGRPWaitPage,1779826375,20,0,1
ahrup1ic,22,kscwaqtv,244,mock_N08_N04_Aonly,DiscussionGRPWaitPage,1779826375,20,0,1
ahrup1ic,25,hh830vpt,244,mock_N08_N04_Aonly,DiscussionGRPWaitPage,1779826375,20,0,1
ahrup1ic,41,4l2sxmrt,0,,InitializeParticipant,1779826376,1,0,0
ahrup1ic,13,exjg8e0r,249,mock_N08_N04_Aonly,Discussion,1779826379,20,0,0
ahrup1ic,4,1hnvjtnm,249,mock_N08_N04_Aonly,Discussion,1779826379,20,0,0
ahrup1ic,17,ysp1b7xi,249,mock_N08_N04_Aonly,Discussion,1779826380,20,0,0
ahrup1ic,11,x3vjvkjr,249,mock_N08_N04_Aonly,Discussion,1779826380,20,0,0
ahrup1ic,27,wue9ma4m,45,mock_N08_N04_Aonly,Discussion,1779826381,3,0,0
ahrup1ic,15,95rjerb9,52,mock_N08_N04_Aonly,DiscussionGRPWaitPage,1779826381,4,0,1
ahrup1ic,23,lttp7m8m,52,mock_N08_N04_Aonly,DiscussionGRPWaitPage,1779826381,4,0,1
ahrup1ic,24,9cdu63w7,52,mock_N08_N04_Aonly,DiscussionGRPWaitPage,1779826381,4,0,1
ahrup1ic,26,9uh3xaed,52,mock_N08_N04_Aonly,DiscussionGRPWaitPage,1779826381,4,0,1
ahrup1ic,27,wue9ma4m,52,mock_N08_N04_Aonly,DiscussionGRPWaitPage,1779826381,4,0,1
ahrup1ic,28,ivhafijd,52,mock_N08_N04_Aonly,DiscussionGRPWaitPage,1779826381,4,0,1
ahrup1ic,30,q4zujchy,52,mock_N08_N04_Aonly,DiscussionGRPWaitPage,1779826381,4,0,1
ahrup1ic,33,pyq82qr4,52,mock_N08_N04_Aonly,DiscussionGRPWaitPage,1779826381,4,0,1
ahrup1ic,25,hh830vpt,249,mock_N08_N04_Aonly,Discussion,1779826382,20,0,0
ahrup1ic,22,kscwaqtv,249,mock_N08_N04_Aonly,Discussion,1779826383,20,0,0
ahrup1ic,18,teuhhnob,249,mock_N08_N04_Aonly,Discussion,1779826383,20,0,0
ahrup1ic,38,0turx7qa,11,presurvey,Scenario,1779826385,1,0,0
ahrup1ic,24,9cdu63w7,57,mock_N08_N04_Aonly,Discussion,1779826387,4,0,0
ahrup1ic,26,9uh3xaed,57,mock_N08_N04_Aonly,Discussion,1779826388,4,0,0
ahrup1ic,13,exjg8e0r,250,mock_N08_N04_Aonly,Additional,1779826388,20,0,0
ahrup1ic,23,lttp7m8m,57,mock_N08_N04_Aonly,Discussion,1779826390,4,0,0
ahrup1ic,28,ivhafijd,57,mock_N08_N04_Aonly,Discussion,1779826391,4,0,0
ahrup1ic,3,xguks7nw,249,mock_N08_N04_Aonly,Discussion,1779826394,20,0,0
ahrup1ic,41,4l2sxmrt,1,presurvey,Introduction,1779826396,1,0,0
ahrup1ic,15,95rjerb9,57,mock_N08_N04_Aonly,Discussion,1779826398,4,0,0
ahrup1ic,4,1hnvjtnm,250,mock_N08_N04_Aonly,Additional,1779826398,20,0,0
ahrup1ic,37,91u9vhaj,12,presurvey,Commitment,1779826399,1,0,0
ahrup1ic,33,pyq82qr4,57,mock_N08_N04_Aonly,Discussion,1779826401,4,0,0
ahrup1ic,11,x3vjvkjr,250,mock_N08_N04_Aonly,Additional,1779826402,20,0,0
ahrup1ic,30,q4zujchy,57,mock_N08_N04_Aonly,Discussion,1779826402,4,0,0
ahrup1ic,17,ysp1b7xi,250,mock_N08_N04_Aonly,Additional,1779826405,20,0,0
ahrup1ic,41,4l2sxmrt,2,presurvey,AudioCheck,1779826406,1,0,0
ahrup1ic,18,teuhhnob,250,mock_N08_N04_Aonly,Additional,1779826407,20,0,0
ahrup1ic,27,wue9ma4m,57,mock_N08_N04_Aonly,Discussion,1779826413,4,0,0
ahrup1ic,15,95rjerb9,64,mock_N08_N04_Aonly,DiscussionGRPWaitPage,1779826413,5,0,1
ahrup1ic,23,lttp7m8m,64,mock_N08_N04_Aonly,DiscussionGRPWaitPage,1779826413,5,0,1
ahrup1ic,24,9cdu63w7,64,mock_N08_N04_Aonly,DiscussionGRPWaitPage,1779826413,5,0,1
ahrup1ic,26,9uh3xaed,64,mock_N08_N04_Aonly,DiscussionGRPWaitPage,1779826413,5,0,1
ahrup1ic,27,wue9ma4m,64,mock_N08_N04_Aonly,DiscussionGRPWaitPage,1779826413,5,0,1
ahrup1ic,28,ivhafijd,64,mock_N08_N04_Aonly,DiscussionGRPWaitPage,1779826413,5,0,1
ahrup1ic,30,q4zujchy,64,mock_N08_N04_Aonly,DiscussionGRPWaitPage,1779826413,5,0,1
ahrup1ic,33,pyq82qr4,64,mock_N08_N04_Aonly,DiscussionGRPWaitPage,1779826413,5,0,1
ahrup1ic,25,hh830vpt,250,mock_N08_N04_Aonly,Additional,1779826418,20,0,0
ahrup1ic,34,5ur8fw4u,12,presurvey,Commitment,1779826419,1,0,0
ahrup1ic,24,9cdu63w7,69,mock_N08_N04_Aonly,Discussion,1779826419,5,0,0
ahrup1ic,22,kscwaqtv,250,mock_N08_N04_Aonly,Additional,1779826420,20,0,0
ahrup1ic,30,q4zujchy,69,mock_N08_N04_Aonly,Discussion,1779826421,5,0,0
ahrup1ic,23,lttp7m8m,69,mock_N08_N04_Aonly,Discussion,1779826421,5,0,0
ahrup1ic,28,ivhafijd,69,mock_N08_N04_Aonly,Discussion,1779826422,5,0,0
ahrup1ic,26,9uh3xaed,69,mock_N08_N04_Aonly,Discussion,1779826424,5,0,0
ahrup1ic,33,pyq82qr4,69,mock_N08_N04_Aonly,Discussion,1779826426,5,0,0
ahrup1ic,3,xguks7nw,250,mock_N08_N04_Aonly,Additional,1779826427,20,0,0
ahrup1ic,4,1hnvjtnm,251,mock_N08_N04_Aonly,FinalRoundWaitPage,1779826427,20,0,1
ahrup1ic,11,x3vjvkjr,251,mock_N08_N04_Aonly,FinalRoundWaitPage,1779826427,20,0,1
ahrup1ic,3,xguks7nw,251,mock_N08_N04_Aonly,FinalRoundWaitPage,1779826427,20,0,1
ahrup1ic,13,exjg8e0r,251,mock_N08_N04_Aonly,FinalRoundWaitPage,1779826427,20,0,1
ahrup1ic,25,hh830vpt,251,mock_N08_N04_Aonly,FinalRoundWaitPage,1779826427,20,0,1
ahrup1ic,22,kscwaqtv,251,mock_N08_N04_Aonly,FinalRoundWaitPage,1779826427,20,0,1
ahrup1ic,17,ysp1b7xi,251,mock_N08_N04_Aonly,FinalRoundWaitPage,1779826427,20,0,1
ahrup1ic,18,teuhhnob,251,mock_N08_N04_Aonly,FinalRoundWaitPage,1779826427,20,0,1
ahrup1ic,15,95rjerb9,69,mock_N08_N04_Aonly,Discussion,1779826428,5,0,0
ahrup1ic,41,4l2sxmrt,3,presurvey,Demographics,1779826429,1,0,0
ahrup1ic,12,nswpy8uw,10,presurvey,ExperimentInstruction,1779826431,1,0,0
ahrup1ic,27,wue9ma4m,69,mock_N08_N04_Aonly,Discussion,1779826432,5,0,0
ahrup1ic,15,95rjerb9,76,mock_N08_N04_Aonly,DiscussionGRPWaitPage,1779826433,6,0,1
ahrup1ic,30,q4zujchy,76,mock_N08_N04_Aonly,DiscussionGRPWaitPage,1779826433,6,0,1
ahrup1ic,23,lttp7m8m,76,mock_N08_N04_Aonly,DiscussionGRPWaitPage,1779826433,6,0,1
ahrup1ic,24,9cdu63w7,76,mock_N08_N04_Aonly,DiscussionGRPWaitPage,1779826433,6,0,1
ahrup1ic,26,9uh3xaed,76,mock_N08_N04_Aonly,DiscussionGRPWaitPage,1779826433,6,0,1
ahrup1ic,27,wue9ma4m,76,mock_N08_N04_Aonly,DiscussionGRPWaitPage,1779826433,6,0,1
ahrup1ic,28,ivhafijd,76,mock_N08_N04_Aonly,DiscussionGRPWaitPage,1779826433,6,0,1
ahrup1ic,33,pyq82qr4,76,mock_N08_N04_Aonly,DiscussionGRPWaitPage,1779826433,6,0,1
ahrup1ic,11,x3vjvkjr,252,mock_N08_N04_Aonly,FinalRound,1779826435,20,0,0
ahrup1ic,38,0turx7qa,12,presurvey,Commitment,1779826436,1,0,0
ahrup1ic,18,teuhhnob,252,mock_N08_N04_Aonly,FinalRound,1779826437,20,0,0
ahrup1ic,22,kscwaqtv,252,mock_N08_N04_Aonly,FinalRound,1779826438,20,0,0
ahrup1ic,4,1hnvjtnm,252,mock_N08_N04_Aonly,FinalRound,1779826438,20,0,0
ahrup1ic,24,9cdu63w7,81,mock_N08_N04_Aonly,Discussion,1779826438,6,0,0
ahrup1ic,3,xguks7nw,252,mock_N08_N04_Aonly,FinalRound,1779826439,20,0,0
ahrup1ic,23,lttp7m8m,81,mock_N08_N04_Aonly,Discussion,1779826440,6,0,0
ahrup1ic,15,95rjerb9,81,mock_N08_N04_Aonly,Discussion,1779826441,6,0,0
ahrup1ic,26,9uh3xaed,81,mock_N08_N04_Aonly,Discussion,1779826441,6,0,0
ahrup1ic,28,ivhafijd,81,mock_N08_N04_Aonly,Discussion,1779826441,6,0,0
ahrup1ic,17,ysp1b7xi,252,mock_N08_N04_Aonly,FinalRound,1779826442,20,0,0
ahrup1ic,41,4l2sxmrt,4,presurvey,NeighborhoodInstruction,1779826446,1,0,0
ahrup1ic,25,hh830vpt,252,mock_N08_N04_Aonly,FinalRound,1779826447,20,0,0
ahrup1ic,33,pyq82qr4,81,mock_N08_N04_Aonly,Discussion,1779826447,6,0,0
ahrup1ic,30,q4zujchy,81,mock_N08_N04_Aonly,Discussion,1779826448,6,0,0
ahrup1ic,13,exjg8e0r,252,mock_N08_N04_Aonly,FinalRound,1779826450,20,0,0
ahrup1ic,27,wue9ma4m,81,mock_N08_N04_Aonly,Discussion,1779826451,6,0,0
ahrup1ic,15,95rjerb9,88,mock_N08_N04_Aonly,DiscussionGRPWaitPage,1779826452,7,0,1
ahrup1ic,23,lttp7m8m,88,mock_N08_N04_Aonly,DiscussionGRPWaitPage,1779826452,7,0,1
ahrup1ic,24,9cdu63w7,88,mock_N08_N04_Aonly,DiscussionGRPWaitPage,1779826452,7,0,1
ahrup1ic,26,9uh3xaed,88,mock_N08_N04_Aonly,DiscussionGRPWaitPage,1779826452,7,0,1
ahrup1ic,27,wue9ma4m,88,mock_N08_N04_Aonly,DiscussionGRPWaitPage,1779826452,7,0,1
ahrup1ic,28,ivhafijd,88,mock_N08_N04_Aonly,DiscussionGRPWaitPage,1779826452,7,0,1
ahrup1ic,30,q4zujchy,88,mock_N08_N04_Aonly,DiscussionGRPWaitPage,1779826452,7,0,1
ahrup1ic,33,pyq82qr4,88,mock_N08_N04_Aonly,DiscussionGRPWaitPage,1779826452,7,0,1
ahrup1ic,24,9cdu63w7,93,mock_N08_N04_Aonly,Discussion,1779826457,7,0,0
ahrup1ic,15,95rjerb9,93,mock_N08_N04_Aonly,Discussion,1779826457,7,0,0
ahrup1ic,26,9uh3xaed,93,mock_N08_N04_Aonly,Discussion,1779826458,7,0,0
ahrup1ic,28,ivhafijd,93,mock_N08_N04_Aonly,Discussion,1779826462,7,0,0
ahrup1ic,23,lttp7m8m,93,mock_N08_N04_Aonly,Discussion,1779826462,7,0,0
ahrup1ic,41,4l2sxmrt,5,presurvey,Training,1779826465,1,0,0
ahrup1ic,27,wue9ma4m,93,mock_N08_N04_Aonly,Discussion,1779826465,7,0,0
ahrup1ic,30,q4zujchy,93,mock_N08_N04_Aonly,Discussion,1779826466,7,0,0
ahrup1ic,33,pyq82qr4,93,mock_N08_N04_Aonly,Discussion,1779826471,7,0,0
ahrup1ic,30,q4zujchy,100,mock_N08_N04_Aonly,DiscussionGRPWaitPage,1779826471,8,0,1
ahrup1ic,33,pyq82qr4,100,mock_N08_N04_Aonly,DiscussionGRPWaitPage,1779826471,8,0,1
ahrup1ic,15,95rjerb9,100,mock_N08_N04_Aonly,DiscussionGRPWaitPage,1779826471,8,0,1
ahrup1ic,23,lttp7m8m,100,mock_N08_N04_Aonly,DiscussionGRPWaitPage,1779826471,8,0,1
ahrup1ic,24,9cdu63w7,100,mock_N08_N04_Aonly,DiscussionGRPWaitPage,1779826471,8,0,1
ahrup1ic,26,9uh3xaed,100,mock_N08_N04_Aonly,DiscussionGRPWaitPage,1779826471,8,0,1
ahrup1ic,27,wue9ma4m,100,mock_N08_N04_Aonly,DiscussionGRPWaitPage,1779826471,8,0,1
ahrup1ic,28,ivhafijd,100,mock_N08_N04_Aonly,DiscussionGRPWaitPage,1779826471,8,0,1
ahrup1ic,24,9cdu63w7,105,mock_N08_N04_Aonly,Discussion,1779826475,8,0,0
ahrup1ic,42,zqm0x1iu,0,,InitializeParticipant,1779826476,1,0,0
ahrup1ic,33,pyq82qr4,105,mock_N08_N04_Aonly,Discussion,1779826476,8,0,0
ahrup1ic,26,9uh3xaed,105,mock_N08_N04_Aonly,Discussion,1779826477,8,0,0
ahrup1ic,15,95rjerb9,105,mock_N08_N04_Aonly,Discussion,1779826477,8,0,0
ahrup1ic,30,q4zujchy,105,mock_N08_N04_Aonly,Discussion,1779826480,8,0,0
ahrup1ic,28,ivhafijd,105,mock_N08_N04_Aonly,Discussion,1779826480,8,0,0
ahrup1ic,23,lttp7m8m,105,mock_N08_N04_Aonly,Discussion,1779826484,8,0,0
ahrup1ic,27,wue9ma4m,105,mock_N08_N04_Aonly,Discussion,1779826485,8,0,0
ahrup1ic,15,95rjerb9,112,mock_N08_N04_Aonly,DiscussionGRPWaitPage,1779826486,9,0,1
ahrup1ic,23,lttp7m8m,112,mock_N08_N04_Aonly,DiscussionGRPWaitPage,1779826486,9,0,1
ahrup1ic,24,9cdu63w7,112,mock_N08_N04_Aonly,DiscussionGRPWaitPage,1779826486,9,0,1
ahrup1ic,26,9uh3xaed,112,mock_N08_N04_Aonly,DiscussionGRPWaitPage,1779826486,9,0,1
ahrup1ic,27,wue9ma4m,112,mock_N08_N04_Aonly,DiscussionGRPWaitPage,1779826486,9,0,1
ahrup1ic,28,ivhafijd,112,mock_N08_N04_Aonly,DiscussionGRPWaitPage,1779826486,9,0,1
ahrup1ic,30,q4zujchy,112,mock_N08_N04_Aonly,DiscussionGRPWaitPage,1779826486,9,0,1
ahrup1ic,33,pyq82qr4,112,mock_N08_N04_Aonly,DiscussionGRPWaitPage,1779826486,9,0,1
ahrup1ic,24,9cdu63w7,117,mock_N08_N04_Aonly,Discussion,1779826489,9,0,0
ahrup1ic,27,wue9ma4m,117,mock_N08_N04_Aonly,Discussion,1779826489,9,0,0
ahrup1ic,28,ivhafijd,117,mock_N08_N04_Aonly,Discussion,1779826490,9,0,0
ahrup1ic,15,95rjerb9,117,mock_N08_N04_Aonly,Discussion,1779826490,9,0,0
ahrup1ic,26,9uh3xaed,117,mock_N08_N04_Aonly,Discussion,1779826491,9,0,0
ahrup1ic,30,q4zujchy,117,mock_N08_N04_Aonly,Discussion,1779826491,9,0,0
ahrup1ic,23,lttp7m8m,117,mock_N08_N04_Aonly,Discussion,1779826496,9,0,0
ahrup1ic,33,pyq82qr4,117,mock_N08_N04_Aonly,Discussion,1779826499,9,0,0
ahrup1ic,15,95rjerb9,124,mock_N08_N04_Aonly,DiscussionGRPWaitPage,1779826500,10,0,1
ahrup1ic,23,lttp7m8m,124,mock_N08_N04_Aonly,DiscussionGRPWaitPage,1779826500,10,0,1
ahrup1ic,24,9cdu63w7,124,mock_N08_N04_Aonly,DiscussionGRPWaitPage,1779826500,10,0,1
ahrup1ic,26,9uh3xaed,124,mock_N08_N04_Aonly,DiscussionGRPWaitPage,1779826500,10,0,1
ahrup1ic,27,wue9ma4m,124,mock_N08_N04_Aonly,DiscussionGRPWaitPage,1779826500,10,0,1
ahrup1ic,28,ivhafijd,124,mock_N08_N04_Aonly,DiscussionGRPWaitPage,1779826500,10,0,1
ahrup1ic,30,q4zujchy,124,mock_N08_N04_Aonly,DiscussionGRPWaitPage,1779826500,10,0,1
ahrup1ic,33,pyq82qr4,124,mock_N08_N04_Aonly,DiscussionGRPWaitPage,1779826500,10,0,1
ahrup1ic,28,ivhafijd,129,mock_N08_N04_Aonly,Discussion,1779826502,10,0,0
ahrup1ic,42,zqm0x1iu,1,presurvey,Introduction,1779826502,1,0,0
ahrup1ic,41,4l2sxmrt,6,presurvey,TrainingNeighbor_1,1779826503,1,0,0
ahrup1ic,24,9cdu63w7,129,mock_N08_N04_Aonly,Discussion,1779826503,10,0,0
ahrup1ic,15,95rjerb9,129,mock_N08_N04_Aonly,Discussion,1779826504,10,0,0
ahrup1ic,33,pyq82qr4,129,mock_N08_N04_Aonly,Discussion,1779826504,10,0,0
ahrup1ic,26,9uh3xaed,129,mock_N08_N04_Aonly,Discussion,1779826505,10,0,0
ahrup1ic,27,wue9ma4m,129,mock_N08_N04_Aonly,Discussion,1779826505,10,0,0
ahrup1ic,30,q4zujchy,129,mock_N08_N04_Aonly,Discussion,1779826506,10,0,0
ahrup1ic,41,4l2sxmrt,10,presurvey,ExperimentInstruction,1779826508,1,0,0
ahrup1ic,40,664obnmg,2,presurvey,AudioCheck,1779826508,1,0,0
ahrup1ic,23,lttp7m8m,129,mock_N08_N04_Aonly,Discussion,1779826508,10,0,0
ahrup1ic,15,95rjerb9,136,mock_N08_N04_Aonly,DiscussionGRPWaitPage,1779826508,11,0,1
ahrup1ic,23,lttp7m8m,136,mock_N08_N04_Aonly,DiscussionGRPWaitPage,1779826508,11,0,1
ahrup1ic,24,9cdu63w7,136,mock_N08_N04_Aonly,DiscussionGRPWaitPage,1779826508,11,0,1
ahrup1ic,26,9uh3xaed,136,mock_N08_N04_Aonly,DiscussionGRPWaitPage,1779826508,11,0,1
ahrup1ic,27,wue9ma4m,136,mock_N08_N04_Aonly,DiscussionGRPWaitPage,1779826508,11,0,1
ahrup1ic,28,ivhafijd,136,mock_N08_N04_Aonly,DiscussionGRPWaitPage,1779826508,11,0,1
ahrup1ic,30,q4zujchy,136,mock_N08_N04_Aonly,DiscussionGRPWaitPage,1779826508,11,0,1
ahrup1ic,33,pyq82qr4,136,mock_N08_N04_Aonly,DiscussionGRPWaitPage,1779826508,11,0,1
ahrup1ic,28,ivhafijd,141,mock_N08_N04_Aonly,Discussion,1779826510,11,0,0
ahrup1ic,26,9uh3xaed,141,mock_N08_N04_Aonly,Discussion,1779826511,11,0,0
ahrup1ic,15,95rjerb9,141,mock_N08_N04_Aonly,Discussion,1779826512,11,0,0
ahrup1ic,27,wue9ma4m,141,mock_N08_N04_Aonly,Discussion,1779826513,11,0,0
ahrup1ic,30,q4zujchy,141,mock_N08_N04_Aonly,Discussion,1779826513,11,0,0
ahrup1ic,24,9cdu63w7,141,mock_N08_N04_Aonly,Discussion,1779826515,11,0,0
ahrup1ic,23,lttp7m8m,141,mock_N08_N04_Aonly,Discussion,1779826515,11,0,0
ahrup1ic,43,ebr13wc7,0,,InitializeParticipant,1779826516,1,0,0
ahrup1ic,33,pyq82qr4,141,mock_N08_N04_Aonly,Discussion,1779826517,11,0,0
ahrup1ic,15,95rjerb9,148,mock_N08_N04_Aonly,DiscussionGRPWaitPage,1779826517,12,0,1
ahrup1ic,23,lttp7m8m,148,mock_N08_N04_Aonly,DiscussionGRPWaitPage,1779826517,12,0,1
ahrup1ic,24,9cdu63w7,148,mock_N08_N04_Aonly,DiscussionGRPWaitPage,1779826517,12,0,1
ahrup1ic,26,9uh3xaed,148,mock_N08_N04_Aonly,DiscussionGRPWaitPage,1779826517,12,0,1
ahrup1ic,27,wue9ma4m,148,mock_N08_N04_Aonly,DiscussionGRPWaitPage,1779826517,12,0,1
ahrup1ic,28,ivhafijd,148,mock_N08_N04_Aonly,DiscussionGRPWaitPage,1779826517,12,0,1
ahrup1ic,30,q4zujchy,148,mock_N08_N04_Aonly,DiscussionGRPWaitPage,1779826517,12,0,1
ahrup1ic,33,pyq82qr4,148,mock_N08_N04_Aonly,DiscussionGRPWaitPage,1779826517,12,0,1
ahrup1ic,43,ebr13wc7,1,presurvey,Introduction,1779826520,1,0,0
ahrup1ic,28,ivhafijd,153,mock_N08_N04_Aonly,Discussion,1779826521,12,0,0
ahrup1ic,24,9cdu63w7,153,mock_N08_N04_Aonly,Discussion,1779826521,12,0,0
ahrup1ic,41,4l2sxmrt,11,presurvey,Scenario,1779826521,1,0,0
ahrup1ic,27,wue9ma4m,153,mock_N08_N04_Aonly,Discussion,1779826521,12,0,0
ahrup1ic,30,q4zujchy,153,mock_N08_N04_Aonly,Discussion,1779826521,12,0,0
ahrup1ic,26,9uh3xaed,153,mock_N08_N04_Aonly,Discussion,1779826521,12,0,0
ahrup1ic,33,pyq82qr4,153,mock_N08_N04_Aonly,Discussion,1779826523,12,0,0
ahrup1ic,15,95rjerb9,153,mock_N08_N04_Aonly,Discussion,1779826523,12,0,0
ahrup1ic,23,lttp7m8m,153,mock_N08_N04_Aonly,Discussion,1779826530,12,0,0
ahrup1ic,30,q4zujchy,160,mock_N08_N04_Aonly,DiscussionGRPWaitPage,1779826530,13,0,1
ahrup1ic,33,pyq82qr4,160,mock_N08_N04_Aonly,DiscussionGRPWaitPage,1779826530,13,0,1
ahrup1ic,15,95rjerb9,160,mock_N08_N04_Aonly,DiscussionGRPWaitPage,1779826530,13,0,1
ahrup1ic,23,lttp7m8m,160,mock_N08_N04_Aonly,DiscussionGRPWaitPage,1779826530,13,0,1
ahrup1ic,24,9cdu63w7,160,mock_N08_N04_Aonly,DiscussionGRPWaitPage,1779826530,13,0,1
ahrup1ic,26,9uh3xaed,160,mock_N08_N04_Aonly,DiscussionGRPWaitPage,1779826530,13,0,1
ahrup1ic,27,wue9ma4m,160,mock_N08_N04_Aonly,DiscussionGRPWaitPage,1779826530,13,0,1
ahrup1ic,28,ivhafijd,160,mock_N08_N04_Aonly,DiscussionGRPWaitPage,1779826530,13,0,1
ahrup1ic,44,763yo28y,0,,InitializeParticipant,1779826531,1,0,0
ahrup1ic,28,ivhafijd,165,mock_N08_N04_Aonly,Discussion,1779826534,13,0,0
ahrup1ic,26,9uh3xaed,165,mock_N08_N04_Aonly,Discussion,1779826534,13,0,0
ahrup1ic,27,wue9ma4m,165,mock_N08_N04_Aonly,Discussion,1779826534,13,0,0
ahrup1ic,30,q4zujchy,165,mock_N08_N04_Aonly,Discussion,1779826534,13,0,0
ahrup1ic,15,95rjerb9,165,mock_N08_N04_Aonly,Discussion,1779826534,13,0,0
ahrup1ic,24,9cdu63w7,165,mock_N08_N04_Aonly,Discussion,1779826535,13,0,0
ahrup1ic,40,664obnmg,3,presurvey,Demographics,1779826535,1,0,0
ahrup1ic,23,lttp7m8m,165,mock_N08_N04_Aonly,Discussion,1779826537,13,0,0
ahrup1ic,45,arz5a871,0,,InitializeParticipant,1779826538,1,0,0
ahrup1ic,43,ebr13wc7,2,presurvey,AudioCheck,1779826538,1,0,0
ahrup1ic,12,nswpy8uw,11,presurvey,Scenario,1779826541,1,0,0
ahrup1ic,44,763yo28y,1,presurvey,Introduction,1779826544,1,0,0
ahrup1ic,45,arz5a871,1,presurvey,Introduction,1779826544,1,0,0
ahrup1ic,33,pyq82qr4,165,mock_N08_N04_Aonly,Discussion,1779826546,13,0,0
ahrup1ic,15,95rjerb9,172,mock_N08_N04_Aonly,DiscussionGRPWaitPage,1779826546,14,0,1
ahrup1ic,23,lttp7m8m,172,mock_N08_N04_Aonly,DiscussionGRPWaitPage,1779826546,14,0,1
ahrup1ic,24,9cdu63w7,172,mock_N08_N04_Aonly,DiscussionGRPWaitPage,1779826546,14,0,1
ahrup1ic,26,9uh3xaed,172,mock_N08_N04_Aonly,DiscussionGRPWaitPage,1779826546,14,0,1
ahrup1ic,27,wue9ma4m,172,mock_N08_N04_Aonly,DiscussionGRPWaitPage,1779826546,14,0,1
ahrup1ic,28,ivhafijd,172,mock_N08_N04_Aonly,DiscussionGRPWaitPage,1779826546,14,0,1
ahrup1ic,30,q4zujchy,172,mock_N08_N04_Aonly,DiscussionGRPWaitPage,1779826546,14,0,1
ahrup1ic,33,pyq82qr4,172,mock_N08_N04_Aonly,DiscussionGRPWaitPage,1779826546,14,0,1
ahrup1ic,42,zqm0x1iu,2,presurvey,AudioCheck,1779826548,1,0,0
ahrup1ic,26,9uh3xaed,177,mock_N08_N04_Aonly,Discussion,1779826549,14,0,0
ahrup1ic,28,ivhafijd,177,mock_N08_N04_Aonly,Discussion,1779826549,14,0,0
ahrup1ic,27,wue9ma4m,177,mock_N08_N04_Aonly,Discussion,1779826549,14,0,0
ahrup1ic,15,95rjerb9,177,mock_N08_N04_Aonly,Discussion,1779826551,14,0,0
ahrup1ic,41,4l2sxmrt,12,presurvey,Commitment,1779826552,1,0,0
ahrup1ic,30,q4zujchy,177,mock_N08_N04_Aonly,Discussion,1779826552,14,0,0
ahrup1ic,24,9cdu63w7,177,mock_N08_N04_Aonly,Discussion,1779826554,14,0,0
ahrup1ic,23,lttp7m8m,177,mock_N08_N04_Aonly,Discussion,1779826554,14,0,0
ahrup1ic,33,pyq82qr4,177,mock_N08_N04_Aonly,Discussion,1779826556,14,0,0
ahrup1ic,15,95rjerb9,184,mock_N08_N04_Aonly,DiscussionGRPWaitPage,1779826556,15,0,1
ahrup1ic,23,lttp7m8m,184,mock_N08_N04_Aonly,DiscussionGRPWaitPage,1779826556,15,0,1
ahrup1ic,24,9cdu63w7,184,mock_N08_N04_Aonly,DiscussionGRPWaitPage,1779826556,15,0,1
ahrup1ic,27,wue9ma4m,184,mock_N08_N04_Aonly,DiscussionGRPWaitPage,1779826556,15,0,1
ahrup1ic,28,ivhafijd,184,mock_N08_N04_Aonly,DiscussionGRPWaitPage,1779826556,15,0,1
ahrup1ic,30,q4zujchy,184,mock_N08_N04_Aonly,DiscussionGRPWaitPage,1779826556,15,0,1
ahrup1ic,26,9uh3xaed,184,mock_N08_N04_Aonly,DiscussionGRPWaitPage,1779826556,15,0,1
ahrup1ic,33,pyq82qr4,184,mock_N08_N04_Aonly,DiscussionGRPWaitPage,1779826556,15,0,1
ahrup1ic,20,5q7c58hd,13,mock_N08_N04_Aonly,GroupingWaitPage,1779826559,1,0,1
ahrup1ic,40,664obnmg,4,presurvey,NeighborhoodInstruction,1779826559,1,0,0
ahrup1ic,28,ivhafijd,189,mock_N08_N04_Aonly,Discussion,1779826559,15,0,0
ahrup1ic,26,9uh3xaed,189,mock_N08_N04_Aonly,Discussion,1779826559,15,0,0
ahrup1ic,20,5q7c58hd,14,mock_N08_N04_Aonly,GroupSizeWaitPage,1779826560,1,0,1
ahrup1ic,45,arz5a871,2,presurvey,AudioCheck,1779826560,1,0,0
ahrup1ic,27,wue9ma4m,189,mock_N08_N04_Aonly,Discussion,1779826561,15,0,0
ahrup1ic,33,pyq82qr4,189,mock_N08_N04_Aonly,Discussion,1779826561,15,0,0
ahrup1ic,15,95rjerb9,189,mock_N08_N04_Aonly,Discussion,1779826561,15,0,0
ahrup1ic,44,763yo28y,2,presurvey,AudioCheck,1779826562,1,0,0
ahrup1ic,24,9cdu63w7,189,mock_N08_N04_Aonly,Discussion,1779826562,15,0,0
ahrup1ic,43,ebr13wc7,3,presurvey,Demographics,1779826563,1,0,0
ahrup1ic,23,lttp7m8m,189,mock_N08_N04_Aonly,Discussion,1779826564,15,0,0
ahrup1ic,30,q4zujchy,189,mock_N08_N04_Aonly,Discussion,1779826568,15,0,0
ahrup1ic,27,wue9ma4m,196,mock_N08_N04_Aonly,DiscussionGRPWaitPage,1779826568,16,0,1
ahrup1ic,28,ivhafijd,196,mock_N08_N04_Aonly,DiscussionGRPWaitPage,1779826568,16,0,1
ahrup1ic,30,q4zujchy,196,mock_N08_N04_Aonly,DiscussionGRPWaitPage,1779826568,16,0,1
ahrup1ic,33,pyq82qr4,196,mock_N08_N04_Aonly,DiscussionGRPWaitPage,1779826568,16,0,1
ahrup1ic,15,95rjerb9,196,mock_N08_N04_Aonly,DiscussionGRPWaitPage,1779826568,16,0,1
ahrup1ic,23,lttp7m8m,196,mock_N08_N04_Aonly,DiscussionGRPWaitPage,1779826568,16,0,1
ahrup1ic,24,9cdu63w7,196,mock_N08_N04_Aonly,DiscussionGRPWaitPage,1779826568,16,0,1
ahrup1ic,26,9uh3xaed,196,mock_N08_N04_Aonly,DiscussionGRPWaitPage,1779826568,16,0,1
ahrup1ic,12,nswpy8uw,12,presurvey,Commitment,1779826570,1,0,0
ahrup1ic,28,ivhafijd,201,mock_N08_N04_Aonly,Discussion,1779826571,16,0,0
ahrup1ic,15,95rjerb9,201,mock_N08_N04_Aonly,Discussion,1779826571,16,0,0
ahrup1ic,46,1jjcjvpb,0,,InitializeParticipant,1779826571,1,0,0
ahrup1ic,27,wue9ma4m,201,mock_N08_N04_Aonly,Discussion,1779826572,16,0,0
ahrup1ic,24,9cdu63w7,201,mock_N08_N04_Aonly,Discussion,1779826572,16,0,0
ahrup1ic,20,5q7c58hd,15,mock_N08_N04_Aonly,AttentionCheck,1779826573,1,0,0
ahrup1ic,30,q4zujchy,201,mock_N08_N04_Aonly,Discussion,1779826575,16,0,0
ahrup1ic,23,lttp7m8m,201,mock_N08_N04_Aonly,Discussion,1779826576,16,0,0
ahrup1ic,42,zqm0x1iu,3,presurvey,Demographics,1779826576,1,0,0
ahrup1ic,26,9uh3xaed,201,mock_N08_N04_Aonly,Discussion,1779826576,16,0,0
ahrup1ic,44,763yo28y,3,presurvey,Demographics,1779826586,1,0,0
ahrup1ic,33,pyq82qr4,201,mock_N08_N04_Aonly,Discussion,1779826587,16,0,0
ahrup1ic,15,95rjerb9,208,mock_N08_N04_Aonly,DiscussionGRPWaitPage,1779826587,17,0,1
ahrup1ic,23,lttp7m8m,208,mock_N08_N04_Aonly,DiscussionGRPWaitPage,1779826587,17,0,1
ahrup1ic,24,9cdu63w7,208,mock_N08_N04_Aonly,DiscussionGRPWaitPage,1779826587,17,0,1
ahrup1ic,26,9uh3xaed,208,mock_N08_N04_Aonly,DiscussionGRPWaitPage,1779826587,17,0,1
ahrup1ic,27,wue9ma4m,208,mock_N08_N04_Aonly,DiscussionGRPWaitPage,1779826587,17,0,1
ahrup1ic,28,ivhafijd,208,mock_N08_N04_Aonly,DiscussionGRPWaitPage,1779826587,17,0,1
ahrup1ic,30,q4zujchy,208,mock_N08_N04_Aonly,DiscussionGRPWaitPage,1779826587,17,0,1
ahrup1ic,33,pyq82qr4,208,mock_N08_N04_Aonly,DiscussionGRPWaitPage,1779826587,17,0,1
ahrup1ic,24,9cdu63w7,213,mock_N08_N04_Aonly,Discussion,1779826590,17,0,0
ahrup1ic,26,9uh3xaed,213,mock_N08_N04_Aonly,Discussion,1779826590,17,0,0
ahrup1ic,15,95rjerb9,213,mock_N08_N04_Aonly,Discussion,1779826591,17,0,0
ahrup1ic,27,wue9ma4m,213,mock_N08_N04_Aonly,Discussion,1779826591,17,0,0
ahrup1ic,45,arz5a871,3,presurvey,Demographics,1779826591,1,0,0
ahrup1ic,28,ivhafijd,213,mock_N08_N04_Aonly,Discussion,1779826592,17,0,0
ahrup1ic,30,q4zujchy,213,mock_N08_N04_Aonly,Discussion,1779826593,17,0,0
ahrup1ic,33,pyq82qr4,213,mock_N08_N04_Aonly,Discussion,1779826593,17,0,0
ahrup1ic,23,lttp7m8m,213,mock_N08_N04_Aonly,Discussion,1779826593,17,0,0
ahrup1ic,15,95rjerb9,220,mock_N08_N04_Aonly,DiscussionGRPWaitPage,1779826594,18,0,1
ahrup1ic,23,lttp7m8m,220,mock_N08_N04_Aonly,DiscussionGRPWaitPage,1779826594,18,0,1
ahrup1ic,27,wue9ma4m,220,mock_N08_N04_Aonly,DiscussionGRPWaitPage,1779826594,18,0,1
ahrup1ic,28,ivhafijd,220,mock_N08_N04_Aonly,DiscussionGRPWaitPage,1779826594,18,0,1
ahrup1ic,24,9cdu63w7,220,mock_N08_N04_Aonly,DiscussionGRPWaitPage,1779826594,18,0,1
ahrup1ic,26,9uh3xaed,220,mock_N08_N04_Aonly,DiscussionGRPWaitPage,1779826594,18,0,1
ahrup1ic,30,q4zujchy,220,mock_N08_N04_Aonly,DiscussionGRPWaitPage,1779826594,18,0,1
ahrup1ic,33,pyq82qr4,220,mock_N08_N04_Aonly,DiscussionGRPWaitPage,1779826594,18,0,1
ahrup1ic,28,ivhafijd,225,mock_N08_N04_Aonly,Discussion,1779826596,18,0,0
ahrup1ic,27,wue9ma4m,225,mock_N08_N04_Aonly,Discussion,1779826598,18,0,0
ahrup1ic,26,9uh3xaed,225,mock_N08_N04_Aonly,Discussion,1779826598,18,0,0
ahrup1ic,24,9cdu63w7,225,mock_N08_N04_Aonly,Discussion,1779826599,18,0,0
ahrup1ic,23,lttp7m8m,225,mock_N08_N04_Aonly,Discussion,1779826600,18,0,0
ahrup1ic,15,95rjerb9,225,mock_N08_N04_Aonly,Discussion,1779826600,18,0,0
ahrup1ic,33,pyq82qr4,225,mock_N08_N04_Aonly,Discussion,1779826601,18,0,0
ahrup1ic,30,q4zujchy,225,mock_N08_N04_Aonly,Discussion,1779826601,18,0,0
ahrup1ic,15,95rjerb9,232,mock_N08_N04_Aonly,DiscussionGRPWaitPage,1779826602,19,0,1
ahrup1ic,23,lttp7m8m,232,mock_N08_N04_Aonly,DiscussionGRPWaitPage,1779826602,19,0,1
ahrup1ic,24,9cdu63w7,232,mock_N08_N04_Aonly,DiscussionGRPWaitPage,1779826602,19,0,1
ahrup1ic,26,9uh3xaed,232,mock_N08_N04_Aonly,DiscussionGRPWaitPage,1779826602,19,0,1
ahrup1ic,27,wue9ma4m,232,mock_N08_N04_Aonly,DiscussionGRPWaitPage,1779826602,19,0,1
ahrup1ic,28,ivhafijd,232,mock_N08_N04_Aonly,DiscussionGRPWaitPage,1779826602,19,0,1
ahrup1ic,30,q4zujchy,232,mock_N08_N04_Aonly,DiscussionGRPWaitPage,1779826602,19,0,1
ahrup1ic,33,pyq82qr4,232,mock_N08_N04_Aonly,DiscussionGRPWaitPage,1779826602,19,0,1
ahrup1ic,45,arz5a871,4,presurvey,NeighborhoodInstruction,1779826602,1,0,0
ahrup1ic,26,9uh3xaed,237,mock_N08_N04_Aonly,Discussion,1779826604,19,0,0
ahrup1ic,28,ivhafijd,237,mock_N08_N04_Aonly,Discussion,1779826605,19,0,0
ahrup1ic,27,wue9ma4m,237,mock_N08_N04_Aonly,Discussion,1779826605,19,0,0
ahrup1ic,24,9cdu63w7,237,mock_N08_N04_Aonly,Discussion,1779826606,19,0,0
ahrup1ic,15,95rjerb9,237,mock_N08_N04_Aonly,Discussion,1779826606,19,0,0
ahrup1ic,23,lttp7m8m,237,mock_N08_N04_Aonly,Discussion,1779826609,19,0,0
ahrup1ic,33,pyq82qr4,237,mock_N08_N04_Aonly,Discussion,1779826609,19,0,0
ahrup1ic,30,q4zujchy,237,mock_N08_N04_Aonly,Discussion,1779826611,19,0,0
ahrup1ic,15,95rjerb9,244,mock_N08_N04_Aonly,DiscussionGRPWaitPage,1779826612,20,0,1
ahrup1ic,23,lttp7m8m,244,mock_N08_N04_Aonly,DiscussionGRPWaitPage,1779826612,20,0,1
ahrup1ic,24,9cdu63w7,244,mock_N08_N04_Aonly,DiscussionGRPWaitPage,1779826612,20,0,1
ahrup1ic,26,9uh3xaed,244,mock_N08_N04_Aonly,DiscussionGRPWaitPage,1779826612,20,0,1
ahrup1ic,27,wue9ma4m,244,mock_N08_N04_Aonly,DiscussionGRPWaitPage,1779826612,20,0,1
ahrup1ic,28,ivhafijd,244,mock_N08_N04_Aonly,DiscussionGRPWaitPage,1779826612,20,0,1
ahrup1ic,30,q4zujchy,244,mock_N08_N04_Aonly,DiscussionGRPWaitPage,1779826612,20,0,1
ahrup1ic,33,pyq82qr4,244,mock_N08_N04_Aonly,DiscussionGRPWaitPage,1779826612,20,0,1
ahrup1ic,26,9uh3xaed,249,mock_N08_N04_Aonly,Discussion,1779826614,20,0,0
ahrup1ic,28,ivhafijd,249,mock_N08_N04_Aonly,Discussion,1779826615,20,0,0
ahrup1ic,40,664obnmg,5,presurvey,Training,1779826615,1,0,0
ahrup1ic,24,9cdu63w7,249,mock_N08_N04_Aonly,Discussion,1779826615,20,0,0
ahrup1ic,15,95rjerb9,249,mock_N08_N04_Aonly,Discussion,1779826615,20,0,0
ahrup1ic,27,wue9ma4m,249,mock_N08_N04_Aonly,Discussion,1779826615,20,0,0
ahrup1ic,42,zqm0x1iu,4,presurvey,NeighborhoodInstruction,1779826615,1,0,0
ahrup1ic,23,lttp7m8m,249,mock_N08_N04_Aonly,Discussion,1779826618,20,0,0
ahrup1ic,30,q4zujchy,249,mock_N08_N04_Aonly,Discussion,1779826618,20,0,0
ahrup1ic,33,pyq82qr4,249,mock_N08_N04_Aonly,Discussion,1779826619,20,0,0
ahrup1ic,47,zq1vnvy7,0,,InitializeParticipant,1779826626,1,0,0
ahrup1ic,28,ivhafijd,250,mock_N08_N04_Aonly,Additional,1779826628,20,0,0
ahrup1ic,26,9uh3xaed,250,mock_N08_N04_Aonly,Additional,1779826633,20,0,0
ahrup1ic,24,9cdu63w7,250,mock_N08_N04_Aonly,Additional,1779826633,20,0,0
ahrup1ic,47,zq1vnvy7,1,presurvey,Introduction,1779826638,1,0,0
ahrup1ic,30,q4zujchy,250,mock_N08_N04_Aonly,Additional,1779826639,20,0,0
ahrup1ic,48,ybaw5pq8,0,,InitializeParticipant,1779826644,1,0,0
ahrup1ic,33,pyq82qr4,250,mock_N08_N04_Aonly,Additional,1779826645,20,0,0
ahrup1ic,45,arz5a871,5,presurvey,Training,1779826647,1,0,0
ahrup1ic,27,wue9ma4m,250,mock_N08_N04_Aonly,Additional,1779826650,20,0,0
ahrup1ic,15,95rjerb9,250,mock_N08_N04_Aonly,Additional,1779826651,20,0,0
ahrup1ic,48,ybaw5pq8,1,presurvey,Introduction,1779826652,1,0,0
ahrup1ic,44,763yo28y,4,presurvey,NeighborhoodInstruction,1779826653,1,0,0
ahrup1ic,47,zq1vnvy7,2,presurvey,AudioCheck,1779826658,1,0,0
ahrup1ic,49,8bh5ruxb,0,,InitializeParticipant,1779826658,1,0,0
ahrup1ic,49,8bh5ruxb,1,presurvey,Introduction,1779826662,1,0,0
ahrup1ic,50,ai692uws,0,,InitializeParticipant,1779826670,1,0,0
ahrup1ic,49,8bh5ruxb,2,presurvey,AudioCheck,1779826672,1,0,0
ahrup1ic,42,zqm0x1iu,5,presurvey,Training,1779826675,1,0,0
ahrup1ic,51,o2y8wxv3,0,,InitializeParticipant,1779826678,1,0,0
ahrup1ic,43,ebr13wc7,4,presurvey,NeighborhoodInstruction,1779826679,1,0,0
ahrup1ic,48,ybaw5pq8,2,presurvey,AudioCheck,1779826683,1,0,0
ahrup1ic,49,8bh5ruxb,3,presurvey,Demographics,1779826690,1,0,0
ahrup1ic,47,zq1vnvy7,3,presurvey,Demographics,1779826691,1,0,0
ahrup1ic,49,8bh5ruxb,4,presurvey,NeighborhoodInstruction,1779826694,1,0,0
ahrup1ic,40,664obnmg,6,presurvey,TrainingNeighbor_1,1779826701,1,0,0
ahrup1ic,49,8bh5ruxb,5,presurvey,Training,1779826703,1,0,0
ahrup1ic,21,1u5psle5,13,mock_N08_N04_Aonly,GroupingWaitPage,1779826703,1,0,1
ahrup1ic,47,zq1vnvy7,4,presurvey,NeighborhoodInstruction,1779826705,1,0,0
ahrup1ic,21,1u5psle5,14,mock_N08_N04_Aonly,GroupSizeWaitPage,1779826705,1,0,1
ahrup1ic,45,arz5a871,6,presurvey,TrainingNeighbor_1,1779826705,1,0,0
ahrup1ic,50,ai692uws,1,presurvey,Introduction,1779826708,1,0,0
ahrup1ic,21,1u5psle5,15,mock_N08_N04_Aonly,AttentionCheck,1779826711,1,0,0
ahrup1ic,23,lttp7m8m,250,mock_N08_N04_Aonly,Additional,1779826713,20,0,0
ahrup1ic,33,pyq82qr4,251,mock_N08_N04_Aonly,FinalRoundWaitPage,1779826713,20,0,1
ahrup1ic,27,wue9ma4m,251,mock_N08_N04_Aonly,FinalRoundWaitPage,1779826713,20,0,1
ahrup1ic,15,95rjerb9,251,mock_N08_N04_Aonly,FinalRoundWaitPage,1779826713,20,0,1
ahrup1ic,23,lttp7m8m,251,mock_N08_N04_Aonly,FinalRoundWaitPage,1779826713,20,0,1
ahrup1ic,28,ivhafijd,251,mock_N08_N04_Aonly,FinalRoundWaitPage,1779826713,20,0,1
ahrup1ic,26,9uh3xaed,251,mock_N08_N04_Aonly,FinalRoundWaitPage,1779826713,20,0,1
ahrup1ic,24,9cdu63w7,251,mock_N08_N04_Aonly,FinalRoundWaitPage,1779826713,20,0,1
ahrup1ic,30,q4zujchy,251,mock_N08_N04_Aonly,FinalRoundWaitPage,1779826713,20,0,1
ahrup1ic,40,664obnmg,7,presurvey,TrainingNeighbor_2,1779826716,1,0,0
ahrup1ic,44,763yo28y,5,presurvey,Training,1779826719,1,0,0
ahrup1ic,26,9uh3xaed,252,mock_N08_N04_Aonly,FinalRound,1779826722,20,0,0
ahrup1ic,15,95rjerb9,252,mock_N08_N04_Aonly,FinalRound,1779826722,20,0,0
ahrup1ic,24,9cdu63w7,252,mock_N08_N04_Aonly,FinalRound,1779826722,20,0,0
ahrup1ic,33,pyq82qr4,252,mock_N08_N04_Aonly,FinalRound,1779826722,20,0,0
ahrup1ic,28,ivhafijd,252,mock_N08_N04_Aonly,FinalRound,1779826723,20,0,0
ahrup1ic,23,lttp7m8m,252,mock_N08_N04_Aonly,FinalRound,1779826724,20,0,0
ahrup1ic,50,ai692uws,2,presurvey,AudioCheck,1779826724,1,0,0
ahrup1ic,48,ybaw5pq8,3,presurvey,Demographics,1779826725,1,0,0
ahrup1ic,40,664obnmg,10,presurvey,ExperimentInstruction,1779826725,1,0,0
ahrup1ic,30,q4zujchy,252,mock_N08_N04_Aonly,FinalRound,1779826726,20,0,0
ahrup1ic,32,25dvmawy,13,mock_N08_N04_Aonly,GroupingWaitPage,1779826728,1,0,1
ahrup1ic,46,1jjcjvpb,1,presurvey,Introduction,1779826728,1,0,0
ahrup1ic,32,25dvmawy,14,mock_N08_N04_Aonly,GroupSizeWaitPage,1779826728,1,0,1
ahrup1ic,27,wue9ma4m,252,mock_N08_N04_Aonly,FinalRound,1779826731,20,0,0
ahrup1ic,43,ebr13wc7,5,presurvey,Training,1779826732,1,0,0
ahrup1ic,45,arz5a871,10,presurvey,ExperimentInstruction,1779826741,1,0,0
ahrup1ic,49,8bh5ruxb,6,presurvey,TrainingNeighbor_1,1779826741,1,0,0
ahrup1ic,47,zq1vnvy7,5,presurvey,Training,1779826743,1,0,0
ahrup1ic,50,ai692uws,3,presurvey,Demographics,1779826751,1,0,0
ahrup1ic,32,25dvmawy,15,mock_N08_N04_Aonly,AttentionCheck,1779826754,1,0,0
ahrup1ic,46,1jjcjvpb,2,presurvey,AudioCheck,1779826758,1,0,0
ahrup1ic,40,664obnmg,11,presurvey,Scenario,1779826764,1,0,0
ahrup1ic,49,8bh5ruxb,7,presurvey,TrainingNeighbor_2,1779826765,1,0,0
ahrup1ic,49,8bh5ruxb,10,presurvey,ExperimentInstruction,1779826769,1,0,0
ahrup1ic,47,zq1vnvy7,6,presurvey,TrainingNeighbor_1,1779826772,1,0,0
ahrup1ic,16,8u317h3x,13,mock_N08_N04_Aonly,GroupingWaitPage,1779826776,1,0,1
ahrup1ic,16,8u317h3x,14,mock_N08_N04_Aonly,GroupSizeWaitPage,1779826776,1,0,1
ahrup1ic,50,ai692uws,4,presurvey,NeighborhoodInstruction,1779826779,1,0,0
ahrup1ic,49,8bh5ruxb,11,presurvey,Scenario,1779826780,1,0,0
ahrup1ic,52,jzrq6vy1,0,,InitializeParticipant,1779826780,1,0,0
ahrup1ic,47,zq1vnvy7,10,presurvey,ExperimentInstruction,1779826782,1,0,0
ahrup1ic,16,8u317h3x,15,mock_N08_N04_Aonly,AttentionCheck,1779826788,1,0,0
ahrup1ic,48,ybaw5pq8,4,presurvey,NeighborhoodInstruction,1779826789,1,0,0
ahrup1ic,46,1jjcjvpb,3,presurvey,Demographics,1779826793,1,0,0
ahrup1ic,44,763yo28y,6,presurvey,TrainingNeighbor_1,1779826797,1,0,0
ahrup1ic,52,jzrq6vy1,1,presurvey,Introduction,1779826804,1,0,0
ahrup1ic,43,ebr13wc7,6,presurvey,TrainingNeighbor_1,1779826805,1,0,0
ahrup1ic,47,zq1vnvy7,11,presurvey,Scenario,1779826808,1,0,0
ahrup1ic,46,1jjcjvpb,4,presurvey,NeighborhoodInstruction,1779826814,1,0,0
ahrup1ic,51,o2y8wxv3,1,presurvey,Introduction,1779826817,1,0,0
ahrup1ic,49,8bh5ruxb,12,presurvey,Commitment,1779826818,1,0,0
ahrup1ic,44,763yo28y,10,presurvey,ExperimentInstruction,1779826822,1,0,0
ahrup1ic,42,zqm0x1iu,6,presurvey,TrainingNeighbor_1,1779826823,1,0,0
ahrup1ic,43,ebr13wc7,7,presurvey,TrainingNeighbor_2,1779826827,1,0,0
ahrup1ic,45,arz5a871,11,presurvey,Scenario,1779826828,1,0,0
ahrup1ic,52,jzrq6vy1,2,presurvey,AudioCheck,1779826831,1,0,0
ahrup1ic,40,664obnmg,12,presurvey,Commitment,1779826833,1,0,0
ahrup1ic,50,ai692uws,5,presurvey,Training,1779826834,1,0,0
ahrup1ic,43,ebr13wc7,10,presurvey,ExperimentInstruction,1779826841,1,0,0
ahrup1ic,52,jzrq6vy1,3,presurvey,Demographics,1779826854,1,0,0
ahrup1ic,47,zq1vnvy7,12,presurvey,Commitment,1779826856,1,0,0
ahrup1ic,51,o2y8wxv3,2,presurvey,AudioCheck,1779826865,1,0,0
ahrup1ic,43,ebr13wc7,11,presurvey,Scenario,1779826871,1,0,0
ahrup1ic,42,zqm0x1iu,7,presurvey,TrainingNeighbor_2,1779826872,1,0,0
ahrup1ic,48,ybaw5pq8,5,presurvey,Training,1779826875,1,0,0
ahrup1ic,53,ob6d6prk,0,,InitializeParticipant,1779826877,1,0,0
ahrup1ic,44,763yo28y,11,presurvey,Scenario,1779826885,1,0,0
ahrup1ic,53,ob6d6prk,1,presurvey,Introduction,1779826889,1,0,0
ahrup1ic,54,sez0w12s,0,,InitializeParticipant,1779826890,1,0,0
ahrup1ic,51,o2y8wxv3,3,presurvey,Demographics,1779826893,1,0,0
ahrup1ic,42,zqm0x1iu,8,presurvey,AttentionCheck,1779826900,1,0,0
ahrup1ic,54,sez0w12s,1,presurvey,Introduction,1779826900,1,0,0
ahrup1ic,55,m9mfqjgf,0,,InitializeParticipant,1779826902,1,0,0
ahrup1ic,52,jzrq6vy1,4,presurvey,NeighborhoodInstruction,1779826909,1,0,0
ahrup1ic,46,1jjcjvpb,5,presurvey,Training,1779826910,1,0,0
ahrup1ic,54,sez0w12s,2,presurvey,AudioCheck,1779826912,1,0,0
ahrup1ic,45,arz5a871,12,presurvey,Commitment,1779826913,1,0,0
ahrup1ic,53,ob6d6prk,2,presurvey,AudioCheck,1779826916,1,0,0
ahrup1ic,42,zqm0x1iu,9,presurvey,TrainingNeighbor_3,1779826920,1,0,0
ahrup1ic,55,m9mfqjgf,1,presurvey,Introduction,1779826921,1,0,0
ahrup1ic,54,sez0w12s,3,presurvey,Demographics,1779826924,1,0,0
ahrup1ic,43,ebr13wc7,12,presurvey,Commitment,1779826929,1,0,0
ahrup1ic,55,m9mfqjgf,2,presurvey,AudioCheck,1779826929,1,0,0
ahrup1ic,54,sez0w12s,4,presurvey,NeighborhoodInstruction,1779826932,1,0,0
ahrup1ic,50,ai692uws,6,presurvey,TrainingNeighbor_1,1779826936,1,0,0
ahrup1ic,55,m9mfqjgf,3,presurvey,Demographics,1779826939,1,0,0
ahrup1ic,42,zqm0x1iu,10,presurvey,ExperimentInstruction,1779826943,1,0,0
ahrup1ic,51,o2y8wxv3,4,presurvey,NeighborhoodInstruction,1779826948,1,0,0
ahrup1ic,55,m9mfqjgf,4,presurvey,NeighborhoodInstruction,1779826951,1,0,0
ahrup1ic,56,g81b8o6c,0,,InitializeParticipant,1779826957,1,0,0
ahrup1ic,54,sez0w12s,5,presurvey,Training,1779826963,1,0,0
ahrup1ic,53,ob6d6prk,3,presurvey,Demographics,1779826964,1,0,0
ahrup1ic,50,ai692uws,7,presurvey,TrainingNeighbor_2,1779826965,1,0,0
ahrup1ic,56,g81b8o6c,1,presurvey,Introduction,1779826968,1,0,0
ahrup1ic,55,m9mfqjgf,5,presurvey,Training,1779826980,1,0,0
ahrup1ic,50,ai692uws,10,presurvey,ExperimentInstruction,1779826981,1,0,0
ahrup1ic,35,hlekzefc,13,mock_N08_N04_Aonly,GroupingWaitPage,1779826983,1,0,1
ahrup1ic,35,hlekzefc,14,mock_N08_N04_Aonly,GroupSizeWaitPage,1779826984,1,0,1
ahrup1ic,53,ob6d6prk,4,presurvey,NeighborhoodInstruction,1779826984,1,0,0
ahrup1ic,48,ybaw5pq8,6,presurvey,TrainingNeighbor_1,1779826984,1,0,0
ahrup1ic,56,g81b8o6c,2,presurvey,AudioCheck,1779826986,1,0,0
ahrup1ic,52,jzrq6vy1,5,presurvey,Training,1779826989,1,0,0
ahrup1ic,35,hlekzefc,15,mock_N08_N04_Aonly,AttentionCheck,1779826991,1,0,0
ahrup1ic,44,763yo28y,12,presurvey,Commitment,1779826995,1,0,0
ahrup1ic,56,g81b8o6c,3,presurvey,Demographics,1779826996,1,0,0
ahrup1ic,54,sez0w12s,6,presurvey,TrainingNeighbor_1,1779826997,1,0,0
ahrup1ic,51,o2y8wxv3,5,presurvey,Training,1779826999,1,0,0
ahrup1ic,42,zqm0x1iu,11,presurvey,Scenario,1779826999,1,0,0
ahrup1ic,55,m9mfqjgf,6,presurvey,TrainingNeighbor_1,1779827005,1,0,0
ahrup1ic,54,sez0w12s,10,presurvey,ExperimentInstruction,1779827005,1,0,0
ahrup1ic,56,g81b8o6c,4,presurvey,NeighborhoodInstruction,1779827007,1,0,0
ahrup1ic,55,m9mfqjgf,10,presurvey,ExperimentInstruction,1779827013,1,0,0
ahrup1ic,57,r09m8835,0,,InitializeParticipant,1779827015,1,0,0
ahrup1ic,58,28atpcqy,0,,InitializeParticipant,1779827018,1,0,0
ahrup1ic,58,28atpcqy,1,presurvey,Introduction,1779827021,1,0,0
ahrup1ic,50,ai692uws,11,presurvey,Scenario,1779827024,1,0,0
ahrup1ic,54,sez0w12s,11,presurvey,Scenario,1779827025,1,0,0
ahrup1ic,57,r09m8835,1,presurvey,Introduction,1779827030,1,0,0
ahrup1ic,56,g81b8o6c,5,presurvey,Training,1779827031,1,0,0
ahrup1ic,58,28atpcqy,2,presurvey,AudioCheck,1779827036,1,0,0
ahrup1ic,53,ob6d6prk,5,presurvey,Training,1779827038,1,0,0
ahrup1ic,48,ybaw5pq8,7,presurvey,TrainingNeighbor_2,1779827044,1,0,0
ahrup1ic,55,m9mfqjgf,11,presurvey,Scenario,1779827048,1,0,0
ahrup1ic,48,ybaw5pq8,10,presurvey,ExperimentInstruction,1779827050,1,0,0
ahrup1ic,52,jzrq6vy1,6,presurvey,TrainingNeighbor_1,1779827050,1,0,0
ahrup1ic,58,28atpcqy,3,presurvey,Demographics,1779827050,1,0,0
ahrup1ic,51,o2y8wxv3,6,presurvey,TrainingNeighbor_1,1779827052,1,0,0
ahrup1ic,58,28atpcqy,4,presurvey,NeighborhoodInstruction,1779827053,1,0,0
ahrup1ic,57,r09m8835,2,presurvey,AudioCheck,1779827057,1,0,0
ahrup1ic,52,jzrq6vy1,7,presurvey,TrainingNeighbor_2,1779827060,1,0,0
ahrup1ic,58,28atpcqy,5,presurvey,Training,1779827061,1,0,0
ahrup1ic,56,g81b8o6c,6,presurvey,TrainingNeighbor_1,1779827069,1,0,0
ahrup1ic,56,g81b8o6c,10,presurvey,ExperimentInstruction,1779827072,1,0,0
ahrup1ic,55,m9mfqjgf,12,presurvey,Commitment,1779827074,1,0,0
ahrup1ic,52,jzrq6vy1,10,presurvey,ExperimentInstruction,1779827074,1,0,0
ahrup1ic,51,o2y8wxv3,7,presurvey,TrainingNeighbor_2,1779827079,1,0,0
ahrup1ic,48,ybaw5pq8,11,presurvey,Scenario,1779827083,1,0,0
ahrup1ic,59,luiivsvj,0,,InitializeParticipant,1779827085,1,0,0
ahrup1ic,56,g81b8o6c,11,presurvey,Scenario,1779827090,1,0,0
ahrup1ic,39,9ai0khnu,13,mock_N08_N04_Aonly,GroupingWaitPage,1779827093,1,0,1
ahrup1ic,39,9ai0khnu,14,mock_N08_N04_Aonly,GroupSizeWaitPage,1779827095,1,0,1
ahrup1ic,51,o2y8wxv3,10,presurvey,ExperimentInstruction,1779827095,1,0,0
ahrup1ic,50,ai692uws,12,presurvey,Commitment,1779827098,1,0,0
ahrup1ic,57,r09m8835,3,presurvey,Demographics,1779827098,1,0,0
ahrup1ic,54,sez0w12s,12,presurvey,Commitment,1779827102,1,0,0
ahrup1ic,60,50je4bpw,0,,InitializeParticipant,1779827103,1,0,0
ahrup1ic,39,9ai0khnu,15,mock_N08_N04_Aonly,AttentionCheck,1779827104,1,0,0
ahrup1ic,59,luiivsvj,1,presurvey,Introduction,1779827113,1,0,0
ahrup1ic,57,r09m8835,4,presurvey,NeighborhoodInstruction,1779827120,1,0,0
ahrup1ic,37,91u9vhaj,13,mock_N08_N04_Aonly,GroupingWaitPage,1779827122,1,0,1
ahrup1ic,37,91u9vhaj,14,mock_N08_N04_Aonly,GroupSizeWaitPage,1779827123,1,0,1
ahrup1ic,51,o2y8wxv3,11,presurvey,Scenario,1779827127,1,0,0
ahrup1ic,61,eibwx3n3,0,,InitializeParticipant,1779827127,1,0,0
ahrup1ic,37,91u9vhaj,15,mock_N08_N04_Aonly,AttentionCheck,1779827130,1,0,0
ahrup1ic,60,50je4bpw,1,presurvey,Introduction,1779827132,1,0,0
ahrup1ic,58,28atpcqy,6,presurvey,TrainingNeighbor_1,1779827132,1,0,0
ahrup1ic,58,28atpcqy,7,presurvey,TrainingNeighbor_2,1779827139,1,0,0
ahrup1ic,61,eibwx3n3,1,presurvey,Introduction,1779827140,1,0,0
ahrup1ic,58,28atpcqy,10,presurvey,ExperimentInstruction,1779827141,1,0,0
ahrup1ic,34,5ur8fw4u,13,mock_N08_N04_Aonly,GroupingWaitPage,1779827143,1,0,1
ahrup1ic,34,5ur8fw4u,14,mock_N08_N04_Aonly,GroupSizeWaitPage,1779827144,1,0,1
ahrup1ic,56,g81b8o6c,12,presurvey,Commitment,1779827145,1,0,0
ahrup1ic,34,5ur8fw4u,15,mock_N08_N04_Aonly,AttentionCheck,1779827150,1,0,0
ahrup1ic,59,luiivsvj,2,presurvey,AudioCheck,1779827152,1,0,0
ahrup1ic,58,28atpcqy,11,presurvey,Scenario,1779827153,1,0,0
ahrup1ic,57,r09m8835,5,presurvey,Training,1779827155,1,0,0
ahrup1ic,38,0turx7qa,13,mock_N08_N04_Aonly,GroupingWaitPage,1779827157,1,0,1
ahrup1ic,62,ndjatk03,0,,InitializeParticipant,1779827157,1,0,0
ahrup1ic,38,0turx7qa,14,mock_N08_N04_Aonly,GroupSizeWaitPage,1779827158,1,0,1
ahrup1ic,38,0turx7qa,15,mock_N08_N04_Aonly,AttentionCheck,1779827173,1,0,0
ahrup1ic,60,50je4bpw,2,presurvey,AudioCheck,1779827174,1,0,0
ahrup1ic,61,eibwx3n3,2,presurvey,AudioCheck,1779827182,1,0,0
ahrup1ic,58,28atpcqy,12,presurvey,Commitment,1779827187,1,0,0
ahrup1ic,51,o2y8wxv3,12,presurvey,Commitment,1779827202,1,0,0
ahrup1ic,61,eibwx3n3,3,presurvey,Demographics,1779827203,1,0,0
ahrup1ic,12,nswpy8uw,13,mock_N08_N04_Aonly,GroupingWaitPage,1779827204,1,0,1
ahrup1ic,40,664obnmg,13,mock_N08_N04_Aonly,GroupingWaitPage,1779827204,1,0,1
ahrup1ic,41,4l2sxmrt,13,mock_N08_N04_Aonly,GroupingWaitPage,1779827204,1,0,1
ahrup1ic,47,zq1vnvy7,13,mock_N08_N04_Aonly,GroupingWaitPage,1779827204,1,0,1
ahrup1ic,50,ai692uws,13,mock_N08_N04_Aonly,GroupingWaitPage,1779827204,1,0,1
ahrup1ic,51,o2y8wxv3,13,mock_N08_N04_Aonly,GroupingWaitPage,1779827204,1,0,1
ahrup1ic,54,sez0w12s,13,mock_N08_N04_Aonly,GroupingWaitPage,1779827204,1,0,1
ahrup1ic,55,m9mfqjgf,13,mock_N08_N04_Aonly,GroupingWaitPage,1779827204,1,0,1
ahrup1ic,12,nswpy8uw,14,mock_N08_N04_Aonly,GroupSizeWaitPage,1779827206,1,0,1
ahrup1ic,40,664obnmg,14,mock_N08_N04_Aonly,GroupSizeWaitPage,1779827206,1,0,1
ahrup1ic,41,4l2sxmrt,14,mock_N08_N04_Aonly,GroupSizeWaitPage,1779827206,1,0,1
ahrup1ic,47,zq1vnvy7,14,mock_N08_N04_Aonly,GroupSizeWaitPage,1779827206,1,0,1
ahrup1ic,50,ai692uws,14,mock_N08_N04_Aonly,GroupSizeWaitPage,1779827206,1,0,1
ahrup1ic,51,o2y8wxv3,14,mock_N08_N04_Aonly,GroupSizeWaitPage,1779827206,1,0,1
ahrup1ic,54,sez0w12s,14,mock_N08_N04_Aonly,GroupSizeWaitPage,1779827206,1,0,1
ahrup1ic,55,m9mfqjgf,14,mock_N08_N04_Aonly,GroupSizeWaitPage,1779827206,1,0,1
ahrup1ic,12,nswpy8uw,16,mock_N08_N04_Aonly,DiscussionGRPWaitPage,1779827207,1,0,1
ahrup1ic,40,664obnmg,16,mock_N08_N04_Aonly,DiscussionGRPWaitPage,1779827207,1,0,1
ahrup1ic,41,4l2sxmrt,16,mock_N08_N04_Aonly,DiscussionGRPWaitPage,1779827207,1,0,1
ahrup1ic,55,m9mfqjgf,16,mock_N08_N04_Aonly,DiscussionGRPWaitPage,1779827207,1,0,1
ahrup1ic,50,ai692uws,16,mock_N08_N04_Aonly,DiscussionGRPWaitPage,1779827207,1,0,1
ahrup1ic,51,o2y8wxv3,16,mock_N08_N04_Aonly,DiscussionGRPWaitPage,1779827207,1,0,1
ahrup1ic,54,sez0w12s,16,mock_N08_N04_Aonly,DiscussionGRPWaitPage,1779827207,1,0,1
ahrup1ic,47,zq1vnvy7,16,mock_N08_N04_Aonly,DiscussionGRPWaitPage,1779827207,1,0,1
ahrup1ic,61,eibwx3n3,4,presurvey,NeighborhoodInstruction,1779827216,1,0,0
ahrup1ic,57,r09m8835,6,presurvey,TrainingNeighbor_1,1779827218,1,0,0
ahrup1ic,48,ybaw5pq8,12,presurvey,Commitment,1779827219,1,0,0
ahrup1ic,61,eibwx3n3,5,presurvey,Training,1779827219,1,0,0
ahrup1ic,53,ob6d6prk,6,presurvey,TrainingNeighbor_1,1779827221,1,0,0
ahrup1ic,55,m9mfqjgf,17,mock_N08_N04_Aonly,Nudge,1779827223,1,0,0
ahrup1ic,54,sez0w12s,17,mock_N08_N04_Aonly,Nudge,1779827228,1,0,0
ahrup1ic,59,luiivsvj,3,presurvey,Demographics,1779827229,1,0,0
ahrup1ic,41,4l2sxmrt,17,mock_N08_N04_Aonly,Nudge,1779827229,1,0,0
ahrup1ic,47,zq1vnvy7,17,mock_N08_N04_Aonly,Nudge,1779827230,1,0,0
ahrup1ic,63,36edhsyv,0,,InitializeParticipant,1779827231,1,0,0
ahrup1ic,53,ob6d6prk,10,presurvey,ExperimentInstruction,1779827231,1,0,0
ahrup1ic,55,m9mfqjgf,18,mock_N08_N04_Aonly,NudgeTraining,1779827232,1,0,0
ahrup1ic,64,lhg1yio1,0,,InitializeParticipant,1779827236,1,0,0
ahrup1ic,57,r09m8835,7,presurvey,TrainingNeighbor_2,1779827238,1,0,0
ahrup1ic,54,sez0w12s,18,mock_N08_N04_Aonly,NudgeTraining,1779827238,1,0,0
ahrup1ic,55,m9mfqjgf,19,mock_N08_N04_Aonly,NudgeTrainingLast,1779827239,1,0,0
ahrup1ic,64,lhg1yio1,1,presurvey,Introduction,1779827240,1,0,0
ahrup1ic,47,zq1vnvy7,18,mock_N08_N04_Aonly,NudgeTraining,1779827241,1,0,0
ahrup1ic,40,664obnmg,17,mock_N08_N04_Aonly,Nudge,1779827243,1,0,0
ahrup1ic,41,4l2sxmrt,18,mock_N08_N04_Aonly,NudgeTraining,1779827244,1,0,0
ahrup1ic,57,r09m8835,8,presurvey,AttentionCheck,1779827245,1,0,0
ahrup1ic,12,nswpy8uw,17,mock_N08_N04_Aonly,Nudge,1779827246,1,0,0
ahrup1ic,63,36edhsyv,1,presurvey,Introduction,1779827248,1,0,0
ahrup1ic,54,sez0w12s,19,mock_N08_N04_Aonly,NudgeTrainingLast,1779827248,1,0,0
ahrup1ic,40,664obnmg,18,mock_N08_N04_Aonly,NudgeTraining,1779827248,1,0,0
ahrup1ic,64,lhg1yio1,2,presurvey,AudioCheck,1779827248,1,0,0
ahrup1ic,51,o2y8wxv3,17,mock_N08_N04_Aonly,Nudge,1779827251,1,0,0
ahrup1ic,40,664obnmg,19,mock_N08_N04_Aonly,NudgeTrainingLast,1779827251,1,0,0
ahrup1ic,55,m9mfqjgf,20,mock_N08_N04_Aonly,Phase3,1779827251,1,0,0
ahrup1ic,59,luiivsvj,4,presurvey,NeighborhoodInstruction,1779827251,1,0,0
ahrup1ic,50,ai692uws,17,mock_N08_N04_Aonly,Nudge,1779827252,1,0,0
ahrup1ic,12,nswpy8uw,18,mock_N08_N04_Aonly,NudgeTraining,1779827254,1,0,0
ahrup1ic,47,zq1vnvy7,19,mock_N08_N04_Aonly,NudgeTrainingLast,1779827255,1,0,0
ahrup1ic,54,sez0w12s,20,mock_N08_N04_Aonly,Phase3,1779827256,1,0,0
ahrup1ic,41,4l2sxmrt,19,mock_N08_N04_Aonly,NudgeTrainingLast,1779827258,1,0,0
ahrup1ic,40,664obnmg,20,mock_N08_N04_Aonly,Phase3,1779827260,1,0,0
ahrup1ic,57,r09m8835,9,presurvey,TrainingNeighbor_3,1779827262,1,0,0
ahrup1ic,50,ai692uws,18,mock_N08_N04_Aonly,NudgeTraining,1779827267,1,0,0
ahrup1ic,55,m9mfqjgf,21,mock_N08_N04_Aonly,Discussion,1779827267,1,0,0
ahrup1ic,51,o2y8wxv3,18,mock_N08_N04_Aonly,NudgeTraining,1779827267,1,0,0
ahrup1ic,64,lhg1yio1,3,presurvey,Demographics,1779827267,1,0,0
ahrup1ic,62,ndjatk03,1,presurvey,Introduction,1779827268,1,0,0
ahrup1ic,54,sez0w12s,21,mock_N08_N04_Aonly,Discussion,1779827268,1,0,0
ahrup1ic,63,36edhsyv,2,presurvey,AudioCheck,1779827268,1,0,0
ahrup1ic,64,lhg1yio1,4,presurvey,NeighborhoodInstruction,1779827269,1,0,0
ahrup1ic,40,664obnmg,21,mock_N08_N04_Aonly,Discussion,1779827271,1,0,0
ahrup1ic,12,nswpy8uw,19,mock_N08_N04_Aonly,NudgeTrainingLast,1779827275,1,0,0
ahrup1ic,41,4l2sxmrt,20,mock_N08_N04_Aonly,Phase3,1779827276,1,0,0
ahrup1ic,50,ai692uws,19,mock_N08_N04_Aonly,NudgeTrainingLast,1779827276,1,0,0
ahrup1ic,64,lhg1yio1,5,presurvey,Training,1779827277,1,0,0
ahrup1ic,47,zq1vnvy7,20,mock_N08_N04_Aonly,Phase3,1779827279,1,0,0
ahrup1ic,51,o2y8wxv3,19,mock_N08_N04_Aonly,NudgeTrainingLast,1779827284,1,0,0
ahrup1ic,12,nswpy8uw,20,mock_N08_N04_Aonly,Phase3,1779827285,1,0,0
ahrup1ic,65,3bm1417z,0,,InitializeParticipant,1779827286,1,0,0
ahrup1ic,12,nswpy8uw,21,mock_N08_N04_Aonly,Discussion,1779827289,1,0,0
ahrup1ic,47,zq1vnvy7,21,mock_N08_N04_Aonly,Discussion,1779827289,1,0,0
ahrup1ic,66,xm43mpu3,0,,InitializeParticipant,1779827289,1,0,0
ahrup1ic,41,4l2sxmrt,21,mock_N08_N04_Aonly,Discussion,1779827290,1,0,0
ahrup1ic,65,3bm1417z,1,presurvey,Introduction,1779827291,1,0,0
ahrup1ic,61,eibwx3n3,6,presurvey,TrainingNeighbor_1,1779827293,1,0,0
ahrup1ic,53,ob6d6prk,11,presurvey,Scenario,1779827298,1,0,0
ahrup1ic,66,xm43mpu3,1,presurvey,Introduction,1779827299,1,0,0
ahrup1ic,50,ai692uws,20,mock_N08_N04_Aonly,Phase3,1779827303,1,0,0
ahrup1ic,61,eibwx3n3,7,presurvey,TrainingNeighbor_2,1779827307,1,0,0
ahrup1ic,52,jzrq6vy1,11,presurvey,Scenario,1779827309,1,0,0
ahrup1ic,66,xm43mpu3,2,presurvey,AudioCheck,1779827315,1,0,0
ahrup1ic,62,ndjatk03,2,presurvey,AudioCheck,1779827322,1,0,0
ahrup1ic,51,o2y8wxv3,20,mock_N08_N04_Aonly,Phase3,1779827323,1,0,0
ahrup1ic,50,ai692uws,21,mock_N08_N04_Aonly,Discussion,1779827326,1,0,0
ahrup1ic,59,luiivsvj,5,presurvey,Training,1779827327,1,0,0
ahrup1ic,66,xm43mpu3,3,presurvey,Demographics,1779827333,1,0,0
ahrup1ic,64,lhg1yio1,6,presurvey,TrainingNeighbor_1,1779827341,1,0,0
ahrup1ic,63,36edhsyv,3,presurvey,Demographics,1779827341,1,0,0
ahrup1ic,61,eibwx3n3,10,presurvey,ExperimentInstruction,1779827342,1,0,0
ahrup1ic,66,xm43mpu3,4,presurvey,NeighborhoodInstruction,1779827343,1,0,0
ahrup1ic,64,lhg1yio1,7,presurvey,TrainingNeighbor_2,1779827352,1,0,0
ahrup1ic,51,o2y8wxv3,21,mock_N08_N04_Aonly,Discussion,1779827358,1,0,0
ahrup1ic,12,nswpy8uw,28,mock_N08_N04_Aonly,DiscussionGRPWaitPage,1779827358,2,0,1
ahrup1ic,40,664obnmg,28,mock_N08_N04_Aonly,DiscussionGRPWaitPage,1779827358,2,0,1
ahrup1ic,41,4l2sxmrt,28,mock_N08_N04_Aonly,DiscussionGRPWaitPage,1779827358,2,0,1
ahrup1ic,47,zq1vnvy7,28,mock_N08_N04_Aonly,DiscussionGRPWaitPage,1779827358,2,0,1
ahrup1ic,50,ai692uws,28,mock_N08_N04_Aonly,DiscussionGRPWaitPage,1779827358,2,0,1
ahrup1ic,51,o2y8wxv3,28,mock_N08_N04_Aonly,DiscussionGRPWaitPage,1779827358,2,0,1
ahrup1ic,54,sez0w12s,28,mock_N08_N04_Aonly,DiscussionGRPWaitPage,1779827358,2,0,1
ahrup1ic,55,m9mfqjgf,28,mock_N08_N04_Aonly,DiscussionGRPWaitPage,1779827358,2,0,1
ahrup1ic,67,s05jkdad,0,,InitializeParticipant,1779827362,1,0,0
ahrup1ic,63,36edhsyv,4,presurvey,NeighborhoodInstruction,1779827366,1,0,0
ahrup1ic,12,nswpy8uw,33,mock_N08_N04_Aonly,Discussion,1779827366,2,0,0
ahrup1ic,64,lhg1yio1,8,presurvey,AttentionCheck,1779827367,1,0,0
ahrup1ic,41,4l2sxmrt,33,mock_N08_N04_Aonly,Discussion,1779827369,2,0,0
ahrup1ic,40,664obnmg,33,mock_N08_N04_Aonly,Discussion,1779827369,2,0,0
ahrup1ic,55,m9mfqjgf,33,mock_N08_N04_Aonly,Discussion,1779827369,2,0,0
ahrup1ic,47,zq1vnvy7,33,mock_N08_N04_Aonly,Discussion,1779827371,2,0,0
ahrup1ic,50,ai692uws,33,mock_N08_N04_Aonly,Discussion,1779827372,2,0,0
ahrup1ic,65,3bm1417z,2,presurvey,AudioCheck,1779827373,1,0,0
ahrup1ic,53,ob6d6prk,12,presurvey,Commitment,1779827375,1,0,0
ahrup1ic,66,xm43mpu3,5,presurvey,Training,1779827379,1,0,0
ahrup1ic,54,sez0w12s,33,mock_N08_N04_Aonly,Discussion,1779827381,2,0,0
ahrup1ic,51,o2y8wxv3,33,mock_N08_N04_Aonly,Discussion,1779827383,2,0,0
ahrup1ic,12,nswpy8uw,40,mock_N08_N04_Aonly,DiscussionGRPWaitPage,1779827384,3,0,1
ahrup1ic,40,664obnmg,40,mock_N08_N04_Aonly,DiscussionGRPWaitPage,1779827384,3,0,1
ahrup1ic,41,4l2sxmrt,40,mock_N08_N04_Aonly,DiscussionGRPWaitPage,1779827384,3,0,1
ahrup1ic,47,zq1vnvy7,40,mock_N08_N04_Aonly,DiscussionGRPWaitPage,1779827384,3,0,1
ahrup1ic,50,ai692uws,40,mock_N08_N04_Aonly,DiscussionGRPWaitPage,1779827384,3,0,1
ahrup1ic,51,o2y8wxv3,40,mock_N08_N04_Aonly,DiscussionGRPWaitPage,1779827384,3,0,1
ahrup1ic,54,sez0w12s,40,mock_N08_N04_Aonly,DiscussionGRPWaitPage,1779827384,3,0,1
ahrup1ic,55,m9mfqjgf,40,mock_N08_N04_Aonly,DiscussionGRPWaitPage,1779827384,3,0,1
ahrup1ic,61,eibwx3n3,11,presurvey,Scenario,1779827384,1,0,0
ahrup1ic,65,3bm1417z,3,presurvey,Demographics,1779827384,1,0,0
ahrup1ic,40,664obnmg,45,mock_N08_N04_Aonly,Discussion,1779827390,3,0,0
ahrup1ic,50,ai692uws,45,mock_N08_N04_Aonly,Discussion,1779827390,3,0,0
ahrup1ic,41,4l2sxmrt,45,mock_N08_N04_Aonly,Discussion,1779827390,3,0,0
ahrup1ic,55,m9mfqjgf,45,mock_N08_N04_Aonly,Discussion,1779827391,3,0,0
ahrup1ic,65,3bm1417z,4,presurvey,NeighborhoodInstruction,1779827392,1,0,0
ahrup1ic,54,sez0w12s,45,mock_N08_N04_Aonly,Discussion,1779827392,3,0,0
ahrup1ic,12,nswpy8uw,45,mock_N08_N04_Aonly,Discussion,1779827393,3,0,0
ahrup1ic,47,zq1vnvy7,45,mock_N08_N04_Aonly,Discussion,1779827394,3,0,0
ahrup1ic,64,lhg1yio1,9,presurvey,TrainingNeighbor_3,1779827398,1,0,0
ahrup1ic,51,o2y8wxv3,45,mock_N08_N04_Aonly,Discussion,1779827405,3,0,0
ahrup1ic,12,nswpy8uw,52,mock_N08_N04_Aonly,DiscussionGRPWaitPage,1779827405,4,0,1
ahrup1ic,40,664obnmg,52,mock_N08_N04_Aonly,DiscussionGRPWaitPage,1779827405,4,0,1
ahrup1ic,41,4l2sxmrt,52,mock_N08_N04_Aonly,DiscussionGRPWaitPage,1779827405,4,0,1
ahrup1ic,47,zq1vnvy7,52,mock_N08_N04_Aonly,DiscussionGRPWaitPage,1779827405,4,0,1
ahrup1ic,50,ai692uws,52,mock_N08_N04_Aonly,DiscussionGRPWaitPage,1779827405,4,0,1
ahrup1ic,51,o2y8wxv3,52,mock_N08_N04_Aonly,DiscussionGRPWaitPage,1779827405,4,0,1
ahrup1ic,54,sez0w12s,52,mock_N08_N04_Aonly,DiscussionGRPWaitPage,1779827405,4,0,1
ahrup1ic,55,m9mfqjgf,52,mock_N08_N04_Aonly,DiscussionGRPWaitPage,1779827405,4,0,1
ahrup1ic,50,ai692uws,57,mock_N08_N04_Aonly,Discussion,1779827410,4,0,0
ahrup1ic,59,luiivsvj,6,presurvey,TrainingNeighbor_1,1779827410,1,0,0
ahrup1ic,12,nswpy8uw,57,mock_N08_N04_Aonly,Discussion,1779827411,4,0,0
ahrup1ic,40,664obnmg,57,mock_N08_N04_Aonly,Discussion,1779827412,4,0,0
ahrup1ic,47,zq1vnvy7,57,mock_N08_N04_Aonly,Discussion,1779827413,4,0,0
ahrup1ic,54,sez0w12s,57,mock_N08_N04_Aonly,Discussion,1779827413,4,0,0
ahrup1ic,41,4l2sxmrt,57,mock_N08_N04_Aonly,Discussion,1779827414,4,0,0
ahrup1ic,66,xm43mpu3,6,presurvey,TrainingNeighbor_1,1779827423,1,0,0
ahrup1ic,51,o2y8wxv3,57,mock_N08_N04_Aonly,Discussion,1779827424,4,0,0
ahrup1ic,68,7zwk0gp4,0,,InitializeParticipant,1779827425,1,0,0
ahrup1ic,55,m9mfqjgf,57,mock_N08_N04_Aonly,Discussion,1779827427,4,0,0
ahrup1ic,12,nswpy8uw,64,mock_N08_N04_Aonly,DiscussionGRPWaitPage,1779827427,5,0,1
ahrup1ic,40,664obnmg,64,mock_N08_N04_Aonly,DiscussionGRPWaitPage,1779827427,5,0,1
ahrup1ic,41,4l2sxmrt,64,mock_N08_N04_Aonly,DiscussionGRPWaitPage,1779827427,5,0,1
ahrup1ic,47,zq1vnvy7,64,mock_N08_N04_Aonly,DiscussionGRPWaitPage,1779827427,5,0,1
ahrup1ic,50,ai692uws,64,mock_N08_N04_Aonly,DiscussionGRPWaitPage,1779827427,5,0,1
ahrup1ic,51,o2y8wxv3,64,mock_N08_N04_Aonly,DiscussionGRPWaitPage,1779827427,5,0,1
ahrup1ic,54,sez0w12s,64,mock_N08_N04_Aonly,DiscussionGRPWaitPage,1779827427,5,0,1
ahrup1ic,55,m9mfqjgf,64,mock_N08_N04_Aonly,DiscussionGRPWaitPage,1779827427,5,0,1
ahrup1ic,55,m9mfqjgf,69,mock_N08_N04_Aonly,Discussion,1779827429,5,0,0
ahrup1ic,12,nswpy8uw,69,mock_N08_N04_Aonly,Discussion,1779827432,5,0,0
ahrup1ic,50,ai692uws,69,mock_N08_N04_Aonly,Discussion,1779827432,5,0,0
ahrup1ic,40,664obnmg,69,mock_N08_N04_Aonly,Discussion,1779827433,5,0,0
ahrup1ic,41,4l2sxmrt,69,mock_N08_N04_Aonly,Discussion,1779827433,5,0,0
ahrup1ic,46,1jjcjvpb,6,presurvey,TrainingNeighbor_1,1779827434,1,0,0
ahrup1ic,54,sez0w12s,69,mock_N08_N04_Aonly,Discussion,1779827436,5,0,0
ahrup1ic,66,xm43mpu3,7,presurvey,TrainingNeighbor_2,1779827437,1,0,0
ahrup1ic,47,zq1vnvy7,69,mock_N08_N04_Aonly,Discussion,1779827440,5,0,0
ahrup1ic,59,luiivsvj,10,presurvey,ExperimentInstruction,1779827440,1,0,0
ahrup1ic,68,7zwk0gp4,1,presurvey,Introduction,1779827441,1,0,0
ahrup1ic,51,o2y8wxv3,69,mock_N08_N04_Aonly,Discussion,1779827441,5,0,0
ahrup1ic,12,nswpy8uw,76,mock_N08_N04_Aonly,DiscussionGRPWaitPage,1779827442,6,0,1
ahrup1ic,40,664obnmg,76,mock_N08_N04_Aonly,DiscussionGRPWaitPage,1779827442,6,0,1
ahrup1ic,41,4l2sxmrt,76,mock_N08_N04_Aonly,DiscussionGRPWaitPage,1779827442,6,0,1
ahrup1ic,47,zq1vnvy7,76,mock_N08_N04_Aonly,DiscussionGRPWaitPage,1779827442,6,0,1
ahrup1ic,50,ai692uws,76,mock_N08_N04_Aonly,DiscussionGRPWaitPage,1779827442,6,0,1
ahrup1ic,51,o2y8wxv3,76,mock_N08_N04_Aonly,DiscussionGRPWaitPage,1779827442,6,0,1
ahrup1ic,54,sez0w12s,76,mock_N08_N04_Aonly,DiscussionGRPWaitPage,1779827442,6,0,1
ahrup1ic,55,m9mfqjgf,76,mock_N08_N04_Aonly,DiscussionGRPWaitPage,1779827442,6,0,1
ahrup1ic,50,ai692uws,81,mock_N08_N04_Aonly,Discussion,1779827447,6,0,0
ahrup1ic,12,nswpy8uw,81,mock_N08_N04_Aonly,Discussion,1779827447,6,0,0
ahrup1ic,54,sez0w12s,81,mock_N08_N04_Aonly,Discussion,1779827448,6,0,0
ahrup1ic,41,4l2sxmrt,81,mock_N08_N04_Aonly,Discussion,1779827448,6,0,0
ahrup1ic,69,51a2vcd8,0,,InitializeParticipant,1779827448,1,0,0
ahrup1ic,40,664obnmg,81,mock_N08_N04_Aonly,Discussion,1779827448,6,0,0
ahrup1ic,47,zq1vnvy7,81,mock_N08_N04_Aonly,Discussion,1779827451,6,0,0
ahrup1ic,55,m9mfqjgf,81,mock_N08_N04_Aonly,Discussion,1779827451,6,0,0
ahrup1ic,66,xm43mpu3,10,presurvey,ExperimentInstruction,1779827452,1,0,0
ahrup1ic,69,51a2vcd8,1,presurvey,Introduction,1779827453,1,0,0
ahrup1ic,64,lhg1yio1,10,presurvey,ExperimentInstruction,1779827459,1,0,0
ahrup1ic,51,o2y8wxv3,81,mock_N08_N04_Aonly,Discussion,1779827460,6,0,0
ahrup1ic,63,36edhsyv,5,presurvey,Training,1779827460,1,0,0
ahrup1ic,70,qywgw17y,0,,InitializeParticipant,1779827460,1,0,0
ahrup1ic,12,nswpy8uw,88,mock_N08_N04_Aonly,DiscussionGRPWaitPage,1779827460,7,0,1
ahrup1ic,40,664obnmg,88,mock_N08_N04_Aonly,DiscussionGRPWaitPage,1779827460,7,0,1
ahrup1ic,41,4l2sxmrt,88,mock_N08_N04_Aonly,DiscussionGRPWaitPage,1779827460,7,0,1
ahrup1ic,47,zq1vnvy7,88,mock_N08_N04_Aonly,DiscussionGRPWaitPage,1779827460,7,0,1
ahrup1ic,50,ai692uws,88,mock_N08_N04_Aonly,DiscussionGRPWaitPage,1779827460,7,0,1
ahrup1ic,51,o2y8wxv3,88,mock_N08_N04_Aonly,DiscussionGRPWaitPage,1779827460,7,0,1
ahrup1ic,54,sez0w12s,88,mock_N08_N04_Aonly,DiscussionGRPWaitPage,1779827460,7,0,1
ahrup1ic,55,m9mfqjgf,88,mock_N08_N04_Aonly,DiscussionGRPWaitPage,1779827460,7,0,1
ahrup1ic,59,luiivsvj,11,presurvey,Scenario,1779827461,1,0,0
ahrup1ic,68,7zwk0gp4,2,presurvey,AudioCheck,1779827463,1,0,0
ahrup1ic,55,m9mfqjgf,93,mock_N08_N04_Aonly,Discussion,1779827466,7,0,0
ahrup1ic,41,4l2sxmrt,93,mock_N08_N04_Aonly,Discussion,1779827466,7,0,0
ahrup1ic,12,nswpy8uw,93,mock_N08_N04_Aonly,Discussion,1779827467,7,0,0
ahrup1ic,54,sez0w12s,93,mock_N08_N04_Aonly,Discussion,1779827468,7,0,0
ahrup1ic,50,ai692uws,93,mock_N08_N04_Aonly,Discussion,1779827468,7,0,0
ahrup1ic,47,zq1vnvy7,93,mock_N08_N04_Aonly,Discussion,1779827470,7,0,0
ahrup1ic,69,51a2vcd8,2,presurvey,AudioCheck,1779827470,1,0,0
ahrup1ic,66,xm43mpu3,11,presurvey,Scenario,1779827472,1,0,0
ahrup1ic,40,664obnmg,93,mock_N08_N04_Aonly,Discussion,1779827472,7,0,0
ahrup1ic,61,eibwx3n3,12,presurvey,Commitment,1779827474,1,0,0
ahrup1ic,51,o2y8wxv3,93,mock_N08_N04_Aonly,Discussion,1779827475,7,0,0
ahrup1ic,12,nswpy8uw,100,mock_N08_N04_Aonly,DiscussionGRPWaitPage,1779827476,8,0,1
ahrup1ic,40,664obnmg,100,mock_N08_N04_Aonly,DiscussionGRPWaitPage,1779827476,8,0,1
ahrup1ic,41,4l2sxmrt,100,mock_N08_N04_Aonly,DiscussionGRPWaitPage,1779827476,8,0,1
ahrup1ic,47,zq1vnvy7,100,mock_N08_N04_Aonly,DiscussionGRPWaitPage,1779827476,8,0,1
ahrup1ic,50,ai692uws,100,mock_N08_N04_Aonly,DiscussionGRPWaitPage,1779827476,8,0,1
ahrup1ic,51,o2y8wxv3,100,mock_N08_N04_Aonly,DiscussionGRPWaitPage,1779827476,8,0,1
ahrup1ic,54,sez0w12s,100,mock_N08_N04_Aonly,DiscussionGRPWaitPage,1779827476,8,0,1
ahrup1ic,55,m9mfqjgf,100,mock_N08_N04_Aonly,DiscussionGRPWaitPage,1779827476,8,0,1
ahrup1ic,70,qywgw17y,1,presurvey,Introduction,1779827476,1,0,0
ahrup1ic,65,3bm1417z,5,presurvey,Training,1779827479,1,0,0
ahrup1ic,55,m9mfqjgf,105,mock_N08_N04_Aonly,Discussion,1779827480,8,0,0
ahrup1ic,54,sez0w12s,105,mock_N08_N04_Aonly,Discussion,1779827480,8,0,0
ahrup1ic,40,664obnmg,105,mock_N08_N04_Aonly,Discussion,1779827480,8,0,0
ahrup1ic,12,nswpy8uw,105,mock_N08_N04_Aonly,Discussion,1779827481,8,0,0
ahrup1ic,62,ndjatk03,3,presurvey,Demographics,1779827482,1,0,0
ahrup1ic,41,4l2sxmrt,105,mock_N08_N04_Aonly,Discussion,1779827483,8,0,0
ahrup1ic,69,51a2vcd8,3,presurvey,Demographics,1779827484,1,0,0
ahrup1ic,71,3rbxolu3,0,,InitializeParticipant,1779827484,1,0,0
ahrup1ic,47,zq1vnvy7,105,mock_N08_N04_Aonly,Discussion,1779827484,8,0,0
ahrup1ic,68,7zwk0gp4,3,presurvey,Demographics,1779827486,1,0,0
ahrup1ic,50,ai692uws,105,mock_N08_N04_Aonly,Discussion,1779827488,8,0,0
ahrup1ic,51,o2y8wxv3,105,mock_N08_N04_Aonly,Discussion,1779827491,8,0,0
ahrup1ic,12,nswpy8uw,112,mock_N08_N04_Aonly,DiscussionGRPWaitPage,1779827492,9,0,1
ahrup1ic,40,664obnmg,112,mock_N08_N04_Aonly,DiscussionGRPWaitPage,1779827492,9,0,1
ahrup1ic,41,4l2sxmrt,112,mock_N08_N04_Aonly,DiscussionGRPWaitPage,1779827492,9,0,1
ahrup1ic,50,ai692uws,112,mock_N08_N04_Aonly,DiscussionGRPWaitPage,1779827492,9,0,1
ahrup1ic,51,o2y8wxv3,112,mock_N08_N04_Aonly,DiscussionGRPWaitPage,1779827492,9,0,1
ahrup1ic,47,zq1vnvy7,112,mock_N08_N04_Aonly,DiscussionGRPWaitPage,1779827492,9,0,1
ahrup1ic,54,sez0w12s,112,mock_N08_N04_Aonly,DiscussionGRPWaitPage,1779827492,9,0,1
ahrup1ic,55,m9mfqjgf,112,mock_N08_N04_Aonly,DiscussionGRPWaitPage,1779827492,9,0,1
ahrup1ic,40,664obnmg,117,mock_N08_N04_Aonly,Discussion,1779827495,9,0,0
ahrup1ic,50,ai692uws,117,mock_N08_N04_Aonly,Discussion,1779827496,9,0,0
ahrup1ic,41,4l2sxmrt,117,mock_N08_N04_Aonly,Discussion,1779827497,9,0,0
ahrup1ic,12,nswpy8uw,117,mock_N08_N04_Aonly,Discussion,1779827498,9,0,0
ahrup1ic,47,zq1vnvy7,117,mock_N08_N04_Aonly,Discussion,1779827498,9,0,0
ahrup1ic,54,sez0w12s,117,mock_N08_N04_Aonly,Discussion,1779827498,9,0,0
ahrup1ic,68,7zwk0gp4,4,presurvey,NeighborhoodInstruction,1779827500,1,0,0
ahrup1ic,72,m97y8nkh,0,,InitializeParticipant,1779827500,1,0,0
ahrup1ic,51,o2y8wxv3,117,mock_N08_N04_Aonly,Discussion,1779827503,9,0,0
ahrup1ic,55,m9mfqjgf,117,mock_N08_N04_Aonly,Discussion,1779827504,9,0,0
ahrup1ic,12,nswpy8uw,124,mock_N08_N04_Aonly,DiscussionGRPWaitPage,1779827504,10,0,1
ahrup1ic,40,664obnmg,124,mock_N08_N04_Aonly,DiscussionGRPWaitPage,1779827504,10,0,1
ahrup1ic,41,4l2sxmrt,124,mock_N08_N04_Aonly,DiscussionGRPWaitPage,1779827504,10,0,1
ahrup1ic,47,zq1vnvy7,124,mock_N08_N04_Aonly,DiscussionGRPWaitPage,1779827504,10,0,1
ahrup1ic,50,ai692uws,124,mock_N08_N04_Aonly,DiscussionGRPWaitPage,1779827504,10,0,1
ahrup1ic,51,o2y8wxv3,124,mock_N08_N04_Aonly,DiscussionGRPWaitPage,1779827504,10,0,1
ahrup1ic,54,sez0w12s,124,mock_N08_N04_Aonly,DiscussionGRPWaitPage,1779827504,10,0,1
ahrup1ic,55,m9mfqjgf,124,mock_N08_N04_Aonly,DiscussionGRPWaitPage,1779827504,10,0,1
ahrup1ic,55,m9mfqjgf,129,mock_N08_N04_Aonly,Discussion,1779827506,10,0,0
ahrup1ic,50,ai692uws,129,mock_N08_N04_Aonly,Discussion,1779827508,10,0,0
ahrup1ic,12,nswpy8uw,129,mock_N08_N04_Aonly,Discussion,1779827508,10,0,0
ahrup1ic,40,664obnmg,129,mock_N08_N04_Aonly,Discussion,1779827508,10,0,0
ahrup1ic,54,sez0w12s,129,mock_N08_N04_Aonly,Discussion,1779827509,10,0,0
ahrup1ic,69,51a2vcd8,4,presurvey,NeighborhoodInstruction,1779827511,1,0,0
ahrup1ic,67,s05jkdad,1,presurvey,Introduction,1779827511,1,0,0
ahrup1ic,47,zq1vnvy7,129,mock_N08_N04_Aonly,Discussion,1779827513,10,0,0
ahrup1ic,72,m97y8nkh,1,presurvey,Introduction,1779827513,1,0,0
ahrup1ic,41,4l2sxmrt,129,mock_N08_N04_Aonly,Discussion,1779827513,10,0,0
ahrup1ic,51,o2y8wxv3,129,mock_N08_N04_Aonly,Discussion,1779827516,10,0,0
ahrup1ic,70,qywgw17y,2,presurvey,AudioCheck,1779827516,1,0,0
ahrup1ic,12,nswpy8uw,136,mock_N08_N04_Aonly,DiscussionGRPWaitPage,1779827516,11,0,1
ahrup1ic,40,664obnmg,136,mock_N08_N04_Aonly,DiscussionGRPWaitPage,1779827516,11,0,1
ahrup1ic,41,4l2sxmrt,136,mock_N08_N04_Aonly,DiscussionGRPWaitPage,1779827516,11,0,1
ahrup1ic,47,zq1vnvy7,136,mock_N08_N04_Aonly,DiscussionGRPWaitPage,1779827516,11,0,1
ahrup1ic,50,ai692uws,136,mock_N08_N04_Aonly,DiscussionGRPWaitPage,1779827516,11,0,1
ahrup1ic,51,o2y8wxv3,136,mock_N08_N04_Aonly,DiscussionGRPWaitPage,1779827516,11,0,1
ahrup1ic,54,sez0w12s,136,mock_N08_N04_Aonly,DiscussionGRPWaitPage,1779827516,11,0,1
ahrup1ic,55,m9mfqjgf,136,mock_N08_N04_Aonly,DiscussionGRPWaitPage,1779827516,11,0,1
ahrup1ic,71,3rbxolu3,1,presurvey,Introduction,1779827517,1,0,0
ahrup1ic,50,ai692uws,141,mock_N08_N04_Aonly,Discussion,1779827519,11,0,0
ahrup1ic,41,4l2sxmrt,141,mock_N08_N04_Aonly,Discussion,1779827521,11,0,0
ahrup1ic,12,nswpy8uw,141,mock_N08_N04_Aonly,Discussion,1779827521,11,0,0
ahrup1ic,67,s05jkdad,2,presurvey,AudioCheck,1779827522,1,0,0
ahrup1ic,55,m9mfqjgf,141,mock_N08_N04_Aonly,Discussion,1779827523,11,0,0
ahrup1ic,40,664obnmg,141,mock_N08_N04_Aonly,Discussion,1779827524,11,0,0
ahrup1ic,46,1jjcjvpb,7,presurvey,TrainingNeighbor_2,1779827525,1,0,0
ahrup1ic,47,zq1vnvy7,141,mock_N08_N04_Aonly,Discussion,1779827528,11,0,0
ahrup1ic,51,o2y8wxv3,141,mock_N08_N04_Aonly,Discussion,1779827531,11,0,0
ahrup1ic,62,ndjatk03,4,presurvey,NeighborhoodInstruction,1779827531,1,0,0
ahrup1ic,54,sez0w12s,141,mock_N08_N04_Aonly,Discussion,1779827532,11,0,0
ahrup1ic,12,nswpy8uw,148,mock_N08_N04_Aonly,DiscussionGRPWaitPage,1779827532,12,0,1
ahrup1ic,40,664obnmg,148,mock_N08_N04_Aonly,DiscussionGRPWaitPage,1779827532,12,0,1
ahrup1ic,41,4l2sxmrt,148,mock_N08_N04_Aonly,DiscussionGRPWaitPage,1779827532,12,0,1
ahrup1ic,51,o2y8wxv3,148,mock_N08_N04_Aonly,DiscussionGRPWaitPage,1779827532,12,0,1
ahrup1ic,47,zq1vnvy7,148,mock_N08_N04_Aonly,DiscussionGRPWaitPage,1779827532,12,0,1
ahrup1ic,50,ai692uws,148,mock_N08_N04_Aonly,DiscussionGRPWaitPage,1779827532,12,0,1
ahrup1ic,54,sez0w12s,148,mock_N08_N04_Aonly,DiscussionGRPWaitPage,1779827532,12,0,1
ahrup1ic,55,m9mfqjgf,148,mock_N08_N04_Aonly,DiscussionGRPWaitPage,1779827532,12,0,1
ahrup1ic,67,s05jkdad,3,presurvey,Demographics,1779827534,1,0,0
ahrup1ic,72,m97y8nkh,2,presurvey,AudioCheck,1779827535,1,0,0
ahrup1ic,40,664obnmg,153,mock_N08_N04_Aonly,Discussion,1779827535,12,0,0
ahrup1ic,50,ai692uws,153,mock_N08_N04_Aonly,Discussion,1779827535,12,0,0
ahrup1ic,12,nswpy8uw,153,mock_N08_N04_Aonly,Discussion,1779827536,12,0,0
ahrup1ic,71,3rbxolu3,2,presurvey,AudioCheck,1779827536,1,0,0
ahrup1ic,54,sez0w12s,153,mock_N08_N04_Aonly,Discussion,1779827537,12,0,0
ahrup1ic,59,luiivsvj,12,presurvey,Commitment,1779827537,1,0,0
ahrup1ic,49,8bh5ruxb,13,mock_N08_N04_Aonly,GroupingWaitPage,1779827538,1,0,1
ahrup1ic,67,s05jkdad,4,presurvey,NeighborhoodInstruction,1779827538,1,0,0
ahrup1ic,68,7zwk0gp4,5,presurvey,Training,1779827538,1,0,0
ahrup1ic,49,8bh5ruxb,14,mock_N08_N04_Aonly,GroupSizeWaitPage,1779827539,1,0,1
ahrup1ic,41,4l2sxmrt,153,mock_N08_N04_Aonly,Discussion,1779827539,12,0,0
ahrup1ic,55,m9mfqjgf,153,mock_N08_N04_Aonly,Discussion,1779827539,12,0,0
ahrup1ic,47,zq1vnvy7,153,mock_N08_N04_Aonly,Discussion,1779827540,12,0,0
ahrup1ic,67,s05jkdad,5,presurvey,Training,1779827541,1,0,0
ahrup1ic,70,qywgw17y,3,presurvey,Demographics,1779827542,1,0,0
ahrup1ic,69,51a2vcd8,5,presurvey,Training,1779827545,1,0,0
ahrup1ic,51,o2y8wxv3,153,mock_N08_N04_Aonly,Discussion,1779827545,12,0,0
ahrup1ic,12,nswpy8uw,160,mock_N08_N04_Aonly,DiscussionGRPWaitPage,1779827546,13,0,1
ahrup1ic,40,664obnmg,160,mock_N08_N04_Aonly,DiscussionGRPWaitPage,1779827546,13,0,1
ahrup1ic,41,4l2sxmrt,160,mock_N08_N04_Aonly,DiscussionGRPWaitPage,1779827546,13,0,1
ahrup1ic,47,zq1vnvy7,160,mock_N08_N04_Aonly,DiscussionGRPWaitPage,1779827546,13,0,1
ahrup1ic,50,ai692uws,160,mock_N08_N04_Aonly,DiscussionGRPWaitPage,1779827546,13,0,1
ahrup1ic,51,o2y8wxv3,160,mock_N08_N04_Aonly,DiscussionGRPWaitPage,1779827546,13,0,1
ahrup1ic,54,sez0w12s,160,mock_N08_N04_Aonly,DiscussionGRPWaitPage,1779827546,13,0,1
ahrup1ic,55,m9mfqjgf,160,mock_N08_N04_Aonly,DiscussionGRPWaitPage,1779827546,13,0,1
ahrup1ic,46,1jjcjvpb,8,presurvey,AttentionCheck,1779827547,1,0,0
ahrup1ic,70,qywgw17y,4,presurvey,NeighborhoodInstruction,1779827548,1,0,0
ahrup1ic,40,664obnmg,165,mock_N08_N04_Aonly,Discussion,1779827548,13,0,0
ahrup1ic,70,qywgw17y,5,presurvey,Training,1779827551,1,0,0
ahrup1ic,49,8bh5ruxb,15,mock_N08_N04_Aonly,AttentionCheck,1779827551,1,0,0
ahrup1ic,50,ai692uws,165,mock_N08_N04_Aonly,Discussion,1779827553,13,0,0
ahrup1ic,47,zq1vnvy7,165,mock_N08_N04_Aonly,Discussion,1779827553,13,0,0
ahrup1ic,71,3rbxolu3,3,presurvey,Demographics,1779827553,1,0,0
ahrup1ic,54,sez0w12s,165,mock_N08_N04_Aonly,Discussion,1779827553,13,0,0
ahrup1ic,73,a93cx1vi,0,,InitializeParticipant,1779827554,1,0,0
ahrup1ic,55,m9mfqjgf,165,mock_N08_N04_Aonly,Discussion,1779827555,13,0,0
ahrup1ic,41,4l2sxmrt,165,mock_N08_N04_Aonly,Discussion,1779827557,13,0,0
ahrup1ic,12,nswpy8uw,165,mock_N08_N04_Aonly,Discussion,1779827558,13,0,0
ahrup1ic,51,o2y8wxv3,165,mock_N08_N04_Aonly,Discussion,1779827559,13,0,0
ahrup1ic,12,nswpy8uw,172,mock_N08_N04_Aonly,DiscussionGRPWaitPage,1779827559,14,0,1
ahrup1ic,40,664obnmg,172,mock_N08_N04_Aonly,DiscussionGRPWaitPage,1779827559,14,0,1
ahrup1ic,41,4l2sxmrt,172,mock_N08_N04_Aonly,DiscussionGRPWaitPage,1779827559,14,0,1
ahrup1ic,47,zq1vnvy7,172,mock_N08_N04_Aonly,DiscussionGRPWaitPage,1779827559,14,0,1
ahrup1ic,50,ai692uws,172,mock_N08_N04_Aonly,DiscussionGRPWaitPage,1779827559,14,0,1
ahrup1ic,55,m9mfqjgf,172,mock_N08_N04_Aonly,DiscussionGRPWaitPage,1779827559,14,0,1
ahrup1ic,51,o2y8wxv3,172,mock_N08_N04_Aonly,DiscussionGRPWaitPage,1779827559,14,0,1
ahrup1ic,54,sez0w12s,172,mock_N08_N04_Aonly,DiscussionGRPWaitPage,1779827559,14,0,1
ahrup1ic,46,1jjcjvpb,9,presurvey,TrainingNeighbor_3,1779827559,1,0,0
ahrup1ic,74,8s117cz8,0,,InitializeParticipant,1779827560,1,0,0
ahrup1ic,75,znq1qljd,0,,InitializeParticipant,1779827561,1,0,0
ahrup1ic,70,qywgw17y,6,presurvey,TrainingNeighbor_1,1779827561,1,0,0
ahrup1ic,54,sez0w12s,177,mock_N08_N04_Aonly,Discussion,1779827563,14,0,0
ahrup1ic,71,3rbxolu3,4,presurvey,NeighborhoodInstruction,1779827563,1,0,0
ahrup1ic,55,m9mfqjgf,177,mock_N08_N04_Aonly,Discussion,1779827564,14,0,0
ahrup1ic,73,a93cx1vi,1,presurvey,Introduction,1779827564,1,0,0
ahrup1ic,40,664obnmg,177,mock_N08_N04_Aonly,Discussion,1779827564,14,0,0
ahrup1ic,50,ai692uws,177,mock_N08_N04_Aonly,Discussion,1779827565,14,0,0
ahrup1ic,46,1jjcjvpb,10,presurvey,ExperimentInstruction,1779827567,1,0,0
ahrup1ic,41,4l2sxmrt,177,mock_N08_N04_Aonly,Discussion,1779827567,14,0,0
ahrup1ic,12,nswpy8uw,177,mock_N08_N04_Aonly,Discussion,1779827567,14,0,0
ahrup1ic,47,zq1vnvy7,177,mock_N08_N04_Aonly,Discussion,1779827569,14,0,0
ahrup1ic,72,m97y8nkh,3,presurvey,Demographics,1779827570,1,0,0
ahrup1ic,74,8s117cz8,1,presurvey,Introduction,1779827573,1,0,0
ahrup1ic,70,qywgw17y,7,presurvey,TrainingNeighbor_2,1779827573,1,0,0
ahrup1ic,69,51a2vcd8,6,presurvey,TrainingNeighbor_1,1779827579,1,0,0
ahrup1ic,51,o2y8wxv3,177,mock_N08_N04_Aonly,Discussion,1779827582,14,0,0
ahrup1ic,12,nswpy8uw,184,mock_N08_N04_Aonly,DiscussionGRPWaitPage,1779827582,15,0,1
ahrup1ic,40,664obnmg,184,mock_N08_N04_Aonly,DiscussionGRPWaitPage,1779827582,15,0,1
ahrup1ic,54,sez0w12s,184,mock_N08_N04_Aonly,DiscussionGRPWaitPage,1779827582,15,0,1
ahrup1ic,55,m9mfqjgf,184,mock_N08_N04_Aonly,DiscussionGRPWaitPage,1779827582,15,0,1
ahrup1ic,41,4l2sxmrt,184,mock_N08_N04_Aonly,DiscussionGRPWaitPage,1779827582,15,0,1
ahrup1ic,47,zq1vnvy7,184,mock_N08_N04_Aonly,DiscussionGRPWaitPage,1779827582,15,0,1
ahrup1ic,50,ai692uws,184,mock_N08_N04_Aonly,DiscussionGRPWaitPage,1779827582,15,0,1
ahrup1ic,51,o2y8wxv3,184,mock_N08_N04_Aonly,DiscussionGRPWaitPage,1779827582,15,0,1
ahrup1ic,64,lhg1yio1,11,presurvey,Scenario,1779827582,1,0,0
ahrup1ic,72,m97y8nkh,4,presurvey,NeighborhoodInstruction,1779827583,1,0,0
ahrup1ic,69,51a2vcd8,10,presurvey,ExperimentInstruction,1779827584,1,0,0
ahrup1ic,55,m9mfqjgf,189,mock_N08_N04_Aonly,Discussion,1779827585,15,0,0
ahrup1ic,74,8s117cz8,2,presurvey,AudioCheck,1779827586,1,0,0
ahrup1ic,54,sez0w12s,189,mock_N08_N04_Aonly,Discussion,1779827586,15,0,0
ahrup1ic,41,4l2sxmrt,189,mock_N08_N04_Aonly,Discussion,1779827586,15,0,0
ahrup1ic,40,664obnmg,189,mock_N08_N04_Aonly,Discussion,1779827586,15,0,0
ahrup1ic,73,a93cx1vi,2,presurvey,AudioCheck,1779827588,1,0,0
ahrup1ic,68,7zwk0gp4,6,presurvey,TrainingNeighbor_1,1779827588,1,0,0
ahrup1ic,47,zq1vnvy7,189,mock_N08_N04_Aonly,Discussion,1779827591,15,0,0
ahrup1ic,12,nswpy8uw,189,mock_N08_N04_Aonly,Discussion,1779827591,15,0,0
ahrup1ic,50,ai692uws,189,mock_N08_N04_Aonly,Discussion,1779827592,15,0,0
ahrup1ic,51,o2y8wxv3,189,mock_N08_N04_Aonly,Discussion,1779827593,15,0,0
ahrup1ic,65,3bm1417z,6,presurvey,TrainingNeighbor_1,1779827593,1,0,0
ahrup1ic,12,nswpy8uw,196,mock_N08_N04_Aonly,DiscussionGRPWaitPage,1779827594,16,0,1
ahrup1ic,40,664obnmg,196,mock_N08_N04_Aonly,DiscussionGRPWaitPage,1779827594,16,0,1
ahrup1ic,41,4l2sxmrt,196,mock_N08_N04_Aonly,DiscussionGRPWaitPage,1779827594,16,0,1
ahrup1ic,47,zq1vnvy7,196,mock_N08_N04_Aonly,DiscussionGRPWaitPage,1779827594,16,0,1
ahrup1ic,50,ai692uws,196,mock_N08_N04_Aonly,DiscussionGRPWaitPage,1779827594,16,0,1
ahrup1ic,51,o2y8wxv3,196,mock_N08_N04_Aonly,DiscussionGRPWaitPage,1779827594,16,0,1
ahrup1ic,54,sez0w12s,196,mock_N08_N04_Aonly,DiscussionGRPWaitPage,1779827594,16,0,1
ahrup1ic,55,m9mfqjgf,196,mock_N08_N04_Aonly,DiscussionGRPWaitPage,1779827594,16,0,1
ahrup1ic,68,7zwk0gp4,7,presurvey,TrainingNeighbor_2,1779827594,1,0,0
ahrup1ic,70,qywgw17y,8,presurvey,AttentionCheck,1779827595,1,0,0
ahrup1ic,75,znq1qljd,1,presurvey,Introduction,1779827596,1,0,0
ahrup1ic,40,664obnmg,201,mock_N08_N04_Aonly,Discussion,1779827597,16,0,0
ahrup1ic,54,sez0w12s,201,mock_N08_N04_Aonly,Discussion,1779827597,16,0,0
ahrup1ic,12,nswpy8uw,201,mock_N08_N04_Aonly,Discussion,1779827598,16,0,0
ahrup1ic,50,ai692uws,201,mock_N08_N04_Aonly,Discussion,1779827599,16,0,0
ahrup1ic,76,iifuoyg5,0,,InitializeParticipant,1779827599,1,0,0
ahrup1ic,47,zq1vnvy7,201,mock_N08_N04_Aonly,Discussion,1779827600,16,0,0
ahrup1ic,74,8s117cz8,3,presurvey,Demographics,1779827601,1,0,0
ahrup1ic,70,qywgw17y,9,presurvey,TrainingNeighbor_3,1779827601,1,0,0
ahrup1ic,55,m9mfqjgf,201,mock_N08_N04_Aonly,Discussion,1779827602,16,0,0
ahrup1ic,41,4l2sxmrt,201,mock_N08_N04_Aonly,Discussion,1779827603,16,0,0
ahrup1ic,71,3rbxolu3,5,presurvey,Training,1779827604,1,0,0
ahrup1ic,63,36edhsyv,6,presurvey,TrainingNeighbor_1,1779827604,1,0,0
ahrup1ic,70,qywgw17y,10,presurvey,ExperimentInstruction,1779827605,1,0,0
ahrup1ic,76,iifuoyg5,1,presurvey,Introduction,1779827605,1,0,0
ahrup1ic,68,7zwk0gp4,10,presurvey,ExperimentInstruction,1779827606,1,0,0
ahrup1ic,73,a93cx1vi,3,presurvey,Demographics,1779827608,1,0,0
ahrup1ic,51,o2y8wxv3,201,mock_N08_N04_Aonly,Discussion,1779827611,16,0,0
ahrup1ic,74,8s117cz8,4,presurvey,NeighborhoodInstruction,1779827612,1,0,0
ahrup1ic,12,nswpy8uw,208,mock_N08_N04_Aonly,DiscussionGRPWaitPage,1779827612,17,0,1
ahrup1ic,40,664obnmg,208,mock_N08_N04_Aonly,DiscussionGRPWaitPage,1779827612,17,0,1
ahrup1ic,41,4l2sxmrt,208,mock_N08_N04_Aonly,DiscussionGRPWaitPage,1779827612,17,0,1
ahrup1ic,47,zq1vnvy7,208,mock_N08_N04_Aonly,DiscussionGRPWaitPage,1779827612,17,0,1
ahrup1ic,50,ai692uws,208,mock_N08_N04_Aonly,DiscussionGRPWaitPage,1779827612,17,0,1
ahrup1ic,51,o2y8wxv3,208,mock_N08_N04_Aonly,DiscussionGRPWaitPage,1779827612,17,0,1
ahrup1ic,54,sez0w12s,208,mock_N08_N04_Aonly,DiscussionGRPWaitPage,1779827612,17,0,1
ahrup1ic,55,m9mfqjgf,208,mock_N08_N04_Aonly,DiscussionGRPWaitPage,1779827612,17,0,1
ahrup1ic,55,m9mfqjgf,213,mock_N08_N04_Aonly,Discussion,1779827615,17,0,0
ahrup1ic,40,664obnmg,213,mock_N08_N04_Aonly,Discussion,1779827615,17,0,0
ahrup1ic,54,sez0w12s,213,mock_N08_N04_Aonly,Discussion,1779827616,17,0,0
ahrup1ic,12,nswpy8uw,213,mock_N08_N04_Aonly,Discussion,1779827616,17,0,0
ahrup1ic,50,ai692uws,213,mock_N08_N04_Aonly,Discussion,1779827616,17,0,0
ahrup1ic,72,m97y8nkh,5,presurvey,Training,1779827616,1,0,0
ahrup1ic,75,znq1qljd,2,presurvey,AudioCheck,1779827617,1,0,0
ahrup1ic,41,4l2sxmrt,213,mock_N08_N04_Aonly,Discussion,1779827617,17,0,0
ahrup1ic,76,iifuoyg5,2,presurvey,AudioCheck,1779827618,1,0,0
ahrup1ic,47,zq1vnvy7,213,mock_N08_N04_Aonly,Discussion,1779827618,17,0,0
ahrup1ic,70,qywgw17y,11,presurvey,Scenario,1779827620,1,0,0
ahrup1ic,63,36edhsyv,10,presurvey,ExperimentInstruction,1779827620,1,0,0
ahrup1ic,62,ndjatk03,5,presurvey,Training,1779827621,1,0,0
ahrup1ic,69,51a2vcd8,11,presurvey,Scenario,1779827623,1,0,0
ahrup1ic,75,znq1qljd,3,presurvey,Demographics,1779827627,1,0,0
ahrup1ic,51,o2y8wxv3,213,mock_N08_N04_Aonly,Discussion,1779827628,17,0,0
ahrup1ic,12,nswpy8uw,220,mock_N08_N04_Aonly,DiscussionGRPWaitPage,1779827629,18,0,1
ahrup1ic,40,664obnmg,220,mock_N08_N04_Aonly,DiscussionGRPWaitPage,1779827629,18,0,1
ahrup1ic,55,m9mfqjgf,220,mock_N08_N04_Aonly,DiscussionGRPWaitPage,1779827629,18,0,1
ahrup1ic,41,4l2sxmrt,220,mock_N08_N04_Aonly,DiscussionGRPWaitPage,1779827629,18,0,1
ahrup1ic,47,zq1vnvy7,220,mock_N08_N04_Aonly,DiscussionGRPWaitPage,1779827629,18,0,1
ahrup1ic,50,ai692uws,220,mock_N08_N04_Aonly,DiscussionGRPWaitPage,1779827629,18,0,1
ahrup1ic,51,o2y8wxv3,220,mock_N08_N04_Aonly,DiscussionGRPWaitPage,1779827629,18,0,1
ahrup1ic,54,sez0w12s,220,mock_N08_N04_Aonly,DiscussionGRPWaitPage,1779827629,18,0,1
ahrup1ic,50,ai692uws,225,mock_N08_N04_Aonly,Discussion,1779827631,18,0,0
ahrup1ic,55,m9mfqjgf,225,mock_N08_N04_Aonly,Discussion,1779827631,18,0,0
ahrup1ic,40,664obnmg,225,mock_N08_N04_Aonly,Discussion,1779827631,18,0,0
ahrup1ic,68,7zwk0gp4,11,presurvey,Scenario,1779827632,1,0,0
ahrup1ic,76,iifuoyg5,3,presurvey,Demographics,1779827632,1,0,0
ahrup1ic,54,sez0w12s,225,mock_N08_N04_Aonly,Discussion,1779827633,18,0,0
ahrup1ic,47,zq1vnvy7,225,mock_N08_N04_Aonly,Discussion,1779827634,18,0,0
ahrup1ic,67,s05jkdad,6,presurvey,TrainingNeighbor_1,1779827634,1,0,0
ahrup1ic,74,8s117cz8,5,presurvey,Training,1779827636,1,0,0
ahrup1ic,41,4l2sxmrt,225,mock_N08_N04_Aonly,Discussion,1779827636,18,0,0
ahrup1ic,76,iifuoyg5,4,presurvey,NeighborhoodInstruction,1779827637,1,0,0
ahrup1ic,12,nswpy8uw,225,mock_N08_N04_Aonly,Discussion,1779827637,18,0,0
ahrup1ic,77,ponkbo9n,0,,InitializeParticipant,1779827638,1,0,0
ahrup1ic,70,qywgw17y,12,presurvey,Commitment,1779827638,1,0,0
ahrup1ic,51,o2y8wxv3,225,mock_N08_N04_Aonly,Discussion,1779827647,18,0,0
ahrup1ic,12,nswpy8uw,232,mock_N08_N04_Aonly,DiscussionGRPWaitPage,1779827648,19,0,1
ahrup1ic,40,664obnmg,232,mock_N08_N04_Aonly,DiscussionGRPWaitPage,1779827648,19,0,1
ahrup1ic,41,4l2sxmrt,232,mock_N08_N04_Aonly,DiscussionGRPWaitPage,1779827648,19,0,1
ahrup1ic,47,zq1vnvy7,232,mock_N08_N04_Aonly,DiscussionGRPWaitPage,1779827648,19,0,1
ahrup1ic,50,ai692uws,232,mock_N08_N04_Aonly,DiscussionGRPWaitPage,1779827648,19,0,1
ahrup1ic,51,o2y8wxv3,232,mock_N08_N04_Aonly,DiscussionGRPWaitPage,1779827648,19,0,1
ahrup1ic,54,sez0w12s,232,mock_N08_N04_Aonly,DiscussionGRPWaitPage,1779827648,19,0,1
ahrup1ic,55,m9mfqjgf,232,mock_N08_N04_Aonly,DiscussionGRPWaitPage,1779827648,19,0,1
ahrup1ic,43,ebr13wc7,13,mock_N08_N04_Aonly,GroupingWaitPage,1779827651,1,0,1
ahrup1ic,73,a93cx1vi,4,presurvey,NeighborhoodInstruction,1779827651,1,0,0
ahrup1ic,72,m97y8nkh,6,presurvey,TrainingNeighbor_1,1779827651,1,0,0
ahrup1ic,43,ebr13wc7,14,mock_N08_N04_Aonly,GroupSizeWaitPage,1779827651,1,0,1
ahrup1ic,40,664obnmg,237,mock_N08_N04_Aonly,Discussion,1779827651,19,0,0
ahrup1ic,55,m9mfqjgf,237,mock_N08_N04_Aonly,Discussion,1779827651,19,0,0
ahrup1ic,54,sez0w12s,237,mock_N08_N04_Aonly,Discussion,1779827651,19,0,0
ahrup1ic,12,nswpy8uw,237,mock_N08_N04_Aonly,Discussion,1779827652,19,0,0
ahrup1ic,50,ai692uws,237,mock_N08_N04_Aonly,Discussion,1779827652,19,0,0
ahrup1ic,47,zq1vnvy7,237,mock_N08_N04_Aonly,Discussion,1779827653,19,0,0
ahrup1ic,41,4l2sxmrt,237,mock_N08_N04_Aonly,Discussion,1779827653,19,0,0
ahrup1ic,75,znq1qljd,4,presurvey,NeighborhoodInstruction,1779827654,1,0,0
ahrup1ic,46,1jjcjvpb,11,presurvey,Scenario,1779827658,1,0,0
ahrup1ic,43,ebr13wc7,15,mock_N08_N04_Aonly,AttentionCheck,1779827664,1,0,0
ahrup1ic,51,o2y8wxv3,237,mock_N08_N04_Aonly,Discussion,1779827666,19,0,0
ahrup1ic,12,nswpy8uw,244,mock_N08_N04_Aonly,DiscussionGRPWaitPage,1779827666,20,0,1
ahrup1ic,40,664obnmg,244,mock_N08_N04_Aonly,DiscussionGRPWaitPage,1779827666,20,0,1
ahrup1ic,41,4l2sxmrt,244,mock_N08_N04_Aonly,DiscussionGRPWaitPage,1779827666,20,0,1
ahrup1ic,47,zq1vnvy7,244,mock_N08_N04_Aonly,DiscussionGRPWaitPage,1779827666,20,0,1
ahrup1ic,50,ai692uws,244,mock_N08_N04_Aonly,DiscussionGRPWaitPage,1779827666,20,0,1
ahrup1ic,51,o2y8wxv3,244,mock_N08_N04_Aonly,DiscussionGRPWaitPage,1779827666,20,0,1
ahrup1ic,54,sez0w12s,244,mock_N08_N04_Aonly,DiscussionGRPWaitPage,1779827666,20,0,1
ahrup1ic,55,m9mfqjgf,244,mock_N08_N04_Aonly,DiscussionGRPWaitPage,1779827666,20,0,1
ahrup1ic,74,8s117cz8,6,presurvey,TrainingNeighbor_1,1779827667,1,0,0
ahrup1ic,67,s05jkdad,7,presurvey,TrainingNeighbor_2,1779827668,1,0,0
ahrup1ic,76,iifuoyg5,5,presurvey,Training,1779827668,1,0,0
ahrup1ic,40,664obnmg,249,mock_N08_N04_Aonly,Discussion,1779827668,20,0,0
ahrup1ic,55,m9mfqjgf,249,mock_N08_N04_Aonly,Discussion,1779827669,20,0,0
ahrup1ic,54,sez0w12s,249,mock_N08_N04_Aonly,Discussion,1779827670,20,0,0
ahrup1ic,50,ai692uws,249,mock_N08_N04_Aonly,Discussion,1779827670,20,0,0
ahrup1ic,67,s05jkdad,10,presurvey,ExperimentInstruction,1779827671,1,0,0
ahrup1ic,12,nswpy8uw,249,mock_N08_N04_Aonly,Discussion,1779827671,20,0,0
ahrup1ic,71,3rbxolu3,6,presurvey,TrainingNeighbor_1,1779827672,1,0,0
ahrup1ic,72,m97y8nkh,7,presurvey,TrainingNeighbor_2,1779827673,1,0,0
ahrup1ic,47,zq1vnvy7,249,mock_N08_N04_Aonly,Discussion,1779827673,20,0,0
ahrup1ic,63,36edhsyv,11,presurvey,Scenario,1779827673,1,0,0
ahrup1ic,41,4l2sxmrt,249,mock_N08_N04_Aonly,Discussion,1779827674,20,0,0
ahrup1ic,74,8s117cz8,7,presurvey,TrainingNeighbor_2,1779827678,1,0,0
ahrup1ic,73,a93cx1vi,5,presurvey,Training,1779827679,1,0,0
ahrup1ic,51,o2y8wxv3,249,mock_N08_N04_Aonly,Discussion,1779827679,20,0,0
ahrup1ic,67,s05jkdad,11,presurvey,Scenario,1779827680,1,0,0
ahrup1ic,74,8s117cz8,10,presurvey,ExperimentInstruction,1779827681,1,0,0
ahrup1ic,64,lhg1yio1,12,presurvey,Commitment,1779827683,1,0,0
ahrup1ic,68,7zwk0gp4,12,presurvey,Commitment,1779827685,1,0,0
ahrup1ic,72,m97y8nkh,8,presurvey,AttentionCheck,1779827688,1,0,0
ahrup1ic,65,3bm1417z,7,presurvey,TrainingNeighbor_2,1779827691,1,0,0
ahrup1ic,41,4l2sxmrt,250,mock_N08_N04_Aonly,Additional,1779827693,20,0,0
ahrup1ic,71,3rbxolu3,7,presurvey,TrainingNeighbor_2,1779827695,1,0,0
ahrup1ic,47,zq1vnvy7,250,mock_N08_N04_Aonly,Additional,1779827696,20,0,0
ahrup1ic,50,ai692uws,250,mock_N08_N04_Aonly,Additional,1779827696,20,0,0
ahrup1ic,65,3bm1417z,10,presurvey,ExperimentInstruction,1779827697,1,0,0
ahrup1ic,12,nswpy8uw,250,mock_N08_N04_Aonly,Additional,1779827697,20,0,0
ahrup1ic,69,51a2vcd8,12,presurvey,Commitment,1779827697,1,0,0
ahrup1ic,55,m9mfqjgf,250,mock_N08_N04_Aonly,Additional,1779827701,20,0,0
ahrup1ic,76,iifuoyg5,6,presurvey,TrainingNeighbor_1,1779827701,1,0,0
ahrup1ic,40,664obnmg,250,mock_N08_N04_Aonly,Additional,1779827702,20,0,0
ahrup1ic,75,znq1qljd,5,presurvey,Training,1779827703,1,0,0
ahrup1ic,71,3rbxolu3,10,presurvey,ExperimentInstruction,1779827705,1,0,0
ahrup1ic,76,iifuoyg5,10,presurvey,ExperimentInstruction,1779827706,1,0,0
ahrup1ic,78,64bkmc4j,0,,InitializeParticipant,1779827708,1,0,0
ahrup1ic,77,ponkbo9n,1,presurvey,Introduction,1779827711,1,0,0
ahrup1ic,74,8s117cz8,11,presurvey,Scenario,1779827711,1,0,0
ahrup1ic,44,763yo28y,13,mock_N08_N04_Aonly,GroupingWaitPage,1779827718,1,0,1
ahrup1ic,54,sez0w12s,250,mock_N08_N04_Aonly,Additional,1779827718,20,0,0
ahrup1ic,65,3bm1417z,11,presurvey,Scenario,1779827718,1,0,0
ahrup1ic,51,o2y8wxv3,250,mock_N08_N04_Aonly,Additional,1779827718,20,0,0
ahrup1ic,41,4l2sxmrt,251,mock_N08_N04_Aonly,FinalRoundWaitPage,1779827718,20,0,1
ahrup1ic,12,nswpy8uw,251,mock_N08_N04_Aonly,FinalRoundWaitPage,1779827718,20,0,1
ahrup1ic,40,664obnmg,251,mock_N08_N04_Aonly,FinalRoundWaitPage,1779827718,20,0,1
ahrup1ic,55,m9mfqjgf,251,mock_N08_N04_Aonly,FinalRoundWaitPage,1779827718,20,0,1
ahrup1ic,54,sez0w12s,251,mock_N08_N04_Aonly,FinalRoundWaitPage,1779827718,20,0,1
ahrup1ic,51,o2y8wxv3,251,mock_N08_N04_Aonly,FinalRoundWaitPage,1779827718,20,0,1
ahrup1ic,47,zq1vnvy7,251,mock_N08_N04_Aonly,FinalRoundWaitPage,1779827718,20,0,1
ahrup1ic,50,ai692uws,251,mock_N08_N04_Aonly,FinalRoundWaitPage,1779827718,20,0,1
ahrup1ic,44,763yo28y,14,mock_N08_N04_Aonly,GroupSizeWaitPage,1779827718,1,0,1
ahrup1ic,78,64bkmc4j,1,presurvey,Introduction,1779827720,1,0,0
ahrup1ic,72,m97y8nkh,9,presurvey,TrainingNeighbor_3,1779827722,1,0,0
ahrup1ic,41,4l2sxmrt,252,mock_N08_N04_Aonly,FinalRound,1779827723,20,0,0
ahrup1ic,62,ndjatk03,6,presurvey,TrainingNeighbor_1,1779827724,1,0,0
ahrup1ic,54,sez0w12s,252,mock_N08_N04_Aonly,FinalRound,1779827725,20,0,0
ahrup1ic,50,ai692uws,252,mock_N08_N04_Aonly,FinalRound,1779827727,20,0,0
ahrup1ic,47,zq1vnvy7,252,mock_N08_N04_Aonly,FinalRound,1779827728,20,0,0
ahrup1ic,12,nswpy8uw,252,mock_N08_N04_Aonly,FinalRound,1779827729,20,0,0
ahrup1ic,76,iifuoyg5,11,presurvey,Scenario,1779827729,1,0,0
ahrup1ic,71,3rbxolu3,11,presurvey,Scenario,1779827729,1,0,0
ahrup1ic,40,664obnmg,252,mock_N08_N04_Aonly,FinalRound,1779827730,20,0,0
ahrup1ic,72,m97y8nkh,10,presurvey,ExperimentInstruction,1779827731,1,0,0
ahrup1ic,55,m9mfqjgf,252,mock_N08_N04_Aonly,FinalRound,1779827732,20,0,0
ahrup1ic,79,thqmgzek,0,,InitializeParticipant,1779827733,1,0,0
ahrup1ic,51,o2y8wxv3,252,mock_N08_N04_Aonly,FinalRound,1779827735,20,0,0
ahrup1ic,44,763yo28y,15,mock_N08_N04_Aonly,AttentionCheck,1779827735,1,0,0
ahrup1ic,77,ponkbo9n,2,presurvey,AudioCheck,1779827737,1,0,0
ahrup1ic,73,a93cx1vi,6,presurvey,TrainingNeighbor_1,1779827741,1,0,0
ahrup1ic,79,thqmgzek,1,presurvey,Introduction,1779827751,1,0,0
ahrup1ic,72,m97y8nkh,11,presurvey,Scenario,1779827753,1,0,0
ahrup1ic,75,znq1qljd,6,presurvey,TrainingNeighbor_1,1779827756,1,0,0
ahrup1ic,77,ponkbo9n,3,presurvey,Demographics,1779827758,1,0,0
ahrup1ic,78,64bkmc4j,2,presurvey,AudioCheck,1779827761,1,0,0
ahrup1ic,67,s05jkdad,12,presurvey,Commitment,1779827763,1,0,0
ahrup1ic,75,znq1qljd,7,presurvey,TrainingNeighbor_2,1779827763,1,0,0
ahrup1ic,63,36edhsyv,12,presurvey,Commitment,1779827763,1,0,0
ahrup1ic,80,tq5cbkl8,0,,InitializeParticipant,1779827763,1,0,0
ahrup1ic,48,ybaw5pq8,13,mock_N08_N04_Aonly,GroupingWaitPage,1779827764,1,0,1
ahrup1ic,53,ob6d6prk,13,mock_N08_N04_Aonly,GroupingWaitPage,1779827764,1,0,1
ahrup1ic,61,eibwx3n3,13,mock_N08_N04_Aonly,GroupingWaitPage,1779827764,1,0,1
ahrup1ic,63,36edhsyv,13,mock_N08_N04_Aonly,GroupingWaitPage,1779827764,1,0,1
ahrup1ic,64,lhg1yio1,13,mock_N08_N04_Aonly,GroupingWaitPage,1779827764,1,0,1
ahrup1ic,67,s05jkdad,13,mock_N08_N04_Aonly,GroupingWaitPage,1779827764,1,0,1
ahrup1ic,68,7zwk0gp4,13,mock_N08_N04_Aonly,GroupingWaitPage,1779827764,1,0,1
ahrup1ic,69,51a2vcd8,13,mock_N08_N04_Aonly,GroupingWaitPage,1779827764,1,0,1
ahrup1ic,76,iifuoyg5,12,presurvey,Commitment,1779827764,1,0,0
ahrup1ic,79,thqmgzek,2,presurvey,AudioCheck,1779827767,1,0,0
ahrup1ic,71,3rbxolu3,12,presurvey,Commitment,1779827767,1,0,0
ahrup1ic,81,6px8sirp,0,,InitializeParticipant,1779827770,1,0,0
ahrup1ic,80,tq5cbkl8,1,presurvey,Introduction,1779827771,1,0,0
ahrup1ic,75,znq1qljd,10,presurvey,ExperimentInstruction,1779827771,1,0,0
ahrup1ic,82,dclpvirj,0,,InitializeParticipant,1779827772,1,0,0
ahrup1ic,62,ndjatk03,10,presurvey,ExperimentInstruction,1779827772,1,0,0
ahrup1ic,48,ybaw5pq8,14,mock_N08_N04_Aonly,GroupSizeWaitPage,1779827775,1,0,1
ahrup1ic,53,ob6d6prk,14,mock_N08_N04_Aonly,GroupSizeWaitPage,1779827775,1,0,1
ahrup1ic,61,eibwx3n3,14,mock_N08_N04_Aonly,GroupSizeWaitPage,1779827775,1,0,1
ahrup1ic,63,36edhsyv,14,mock_N08_N04_Aonly,GroupSizeWaitPage,1779827775,1,0,1
ahrup1ic,64,lhg1yio1,14,mock_N08_N04_Aonly,GroupSizeWaitPage,1779827775,1,0,1
ahrup1ic,67,s05jkdad,14,mock_N08_N04_Aonly,GroupSizeWaitPage,1779827775,1,0,1
ahrup1ic,68,7zwk0gp4,14,mock_N08_N04_Aonly,GroupSizeWaitPage,1779827775,1,0,1
ahrup1ic,69,51a2vcd8,14,mock_N08_N04_Aonly,GroupSizeWaitPage,1779827775,1,0,1
ahrup1ic,82,dclpvirj,1,presurvey,Introduction,1779827776,1,0,0
ahrup1ic,48,ybaw5pq8,16,mock_N08_N04_Aonly,DiscussionGRPWaitPage,1779827776,1,0,1
ahrup1ic,53,ob6d6prk,16,mock_N08_N04_Aonly,DiscussionGRPWaitPage,1779827776,1,0,1
ahrup1ic,61,eibwx3n3,16,mock_N08_N04_Aonly,DiscussionGRPWaitPage,1779827776,1,0,1
ahrup1ic,63,36edhsyv,16,mock_N08_N04_Aonly,DiscussionGRPWaitPage,1779827776,1,0,1
ahrup1ic,64,lhg1yio1,16,mock_N08_N04_Aonly,DiscussionGRPWaitPage,1779827776,1,0,1
ahrup1ic,67,s05jkdad,16,mock_N08_N04_Aonly,DiscussionGRPWaitPage,1779827776,1,0,1
ahrup1ic,68,7zwk0gp4,16,mock_N08_N04_Aonly,DiscussionGRPWaitPage,1779827776,1,0,1
ahrup1ic,69,51a2vcd8,16,mock_N08_N04_Aonly,DiscussionGRPWaitPage,1779827776,1,0,1
ahrup1ic,77,ponkbo9n,4,presurvey,NeighborhoodInstruction,1779827777,1,0,0
ahrup1ic,78,64bkmc4j,3,presurvey,Demographics,1779827778,1,0,0
ahrup1ic,79,thqmgzek,3,presurvey,Demographics,1779827780,1,0,0
ahrup1ic,79,thqmgzek,4,presurvey,NeighborhoodInstruction,1779827785,1,0,0
ahrup1ic,61,eibwx3n3,17,mock_N08_N04_Aonly,Nudge,1779827786,1,0,0
ahrup1ic,80,tq5cbkl8,2,presurvey,AudioCheck,1779827790,1,0,0
ahrup1ic,68,7zwk0gp4,17,mock_N08_N04_Aonly,Nudge,1779827790,1,0,0
ahrup1ic,73,a93cx1vi,7,presurvey,TrainingNeighbor_2,1779827791,1,0,0
ahrup1ic,69,51a2vcd8,17,mock_N08_N04_Aonly,Nudge,1779827794,1,0,0
ahrup1ic,67,s05jkdad,17,mock_N08_N04_Aonly,Nudge,1779827794,1,0,0
ahrup1ic,67,s05jkdad,18,mock_N08_N04_Aonly,NudgeTraining,1779827797,1,0,0
ahrup1ic,72,m97y8nkh,12,presurvey,Commitment,1779827800,1,0,0
ahrup1ic,67,s05jkdad,19,mock_N08_N04_Aonly,NudgeTrainingLast,1779827801,1,0,0
ahrup1ic,68,7zwk0gp4,18,mock_N08_N04_Aonly,NudgeTraining,1779827803,1,0,0
ahrup1ic,73,a93cx1vi,10,presurvey,ExperimentInstruction,1779827805,1,0,0
ahrup1ic,82,dclpvirj,2,presurvey,AudioCheck,1779827805,1,0,0
ahrup1ic,79,thqmgzek,5,presurvey,Training,1779827806,1,0,0
ahrup1ic,61,eibwx3n3,18,mock_N08_N04_Aonly,NudgeTraining,1779827808,1,0,0
ahrup1ic,81,6px8sirp,1,presurvey,Introduction,1779827809,1,0,0
ahrup1ic,53,ob6d6prk,17,mock_N08_N04_Aonly,Nudge,1779827810,1,0,0
ahrup1ic,68,7zwk0gp4,19,mock_N08_N04_Aonly,NudgeTrainingLast,1779827811,1,0,0
ahrup1ic,63,36edhsyv,17,mock_N08_N04_Aonly,Nudge,1779827812,1,0,0
ahrup1ic,77,ponkbo9n,5,presurvey,Training,1779827813,1,0,0
ahrup1ic,69,51a2vcd8,18,mock_N08_N04_Aonly,NudgeTraining,1779827814,1,0,0
ahrup1ic,83,0dtwpmb7,0,,InitializeParticipant,1779827815,1,0,0
ahrup1ic,75,znq1qljd,11,presurvey,Scenario,1779827816,1,0,0
ahrup1ic,82,dclpvirj,3,presurvey,Demographics,1779827819,1,0,0
ahrup1ic,64,lhg1yio1,17,mock_N08_N04_Aonly,Nudge,1779827821,1,0,0
ahrup1ic,84,uwn0o725,0,,InitializeParticipant,1779827821,1,0,0
ahrup1ic,81,6px8sirp,2,presurvey,AudioCheck,1779827822,1,0,0
ahrup1ic,79,thqmgzek,6,presurvey,TrainingNeighbor_1,1779827822,1,0,0
ahrup1ic,68,7zwk0gp4,20,mock_N08_N04_Aonly,Phase3,1779827823,1,0,0
ahrup1ic,62,ndjatk03,11,presurvey,Scenario,1779827824,1,0,0
ahrup1ic,82,dclpvirj,4,presurvey,NeighborhoodInstruction,1779827824,1,0,0
ahrup1ic,69,51a2vcd8,19,mock_N08_N04_Aonly,NudgeTrainingLast,1779827826,1,0,0
ahrup1ic,84,uwn0o725,1,presurvey,Introduction,1779827827,1,0,0
ahrup1ic,79,thqmgzek,7,presurvey,TrainingNeighbor_2,1779827830,1,0,0
ahrup1ic,79,thqmgzek,10,presurvey,ExperimentInstruction,1779827832,1,0,0
ahrup1ic,61,eibwx3n3,19,mock_N08_N04_Aonly,NudgeTrainingLast,1779827834,1,0,0
ahrup1ic,73,a93cx1vi,11,presurvey,Scenario,1779827835,1,0,0
ahrup1ic,48,ybaw5pq8,17,mock_N08_N04_Aonly,Nudge,1779827835,1,0,0
ahrup1ic,69,51a2vcd8,20,mock_N08_N04_Aonly,Phase3,1779827835,1,0,0
ahrup1ic,63,36edhsyv,18,mock_N08_N04_Aonly,NudgeTraining,1779827836,1,0,0
ahrup1ic,83,0dtwpmb7,1,presurvey,Introduction,1779827837,1,0,0
ahrup1ic,68,7zwk0gp4,21,mock_N08_N04_Aonly,Discussion,1779827837,1,0,0
ahrup1ic,81,6px8sirp,3,presurvey,Demographics,1779827837,1,0,0
ahrup1ic,84,uwn0o725,2,presurvey,AudioCheck,1779827837,1,0,0
ahrup1ic,77,ponkbo9n,6,presurvey,TrainingNeighbor_1,1779827840,1,0,0
ahrup1ic,85,quhacojh,0,,InitializeParticipant,1779827841,1,0,0
ahrup1ic,61,eibwx3n3,20,mock_N08_N04_Aonly,Phase3,1779827841,1,0,0
ahrup1ic,69,51a2vcd8,21,mock_N08_N04_Aonly,Discussion,1779827844,1,0,0
ahrup1ic,64,lhg1yio1,18,mock_N08_N04_Aonly,NudgeTraining,1779827844,1,0,0
ahrup1ic,65,3bm1417z,12,presurvey,Commitment,1779827846,1,0,0
ahrup1ic,83,0dtwpmb7,2,presurvey,AudioCheck,1779827848,1,0,0
ahrup1ic,77,ponkbo9n,10,presurvey,ExperimentInstruction,1779827850,1,0,0
ahrup1ic,82,dclpvirj,5,presurvey,Training,1779827851,1,0,0
ahrup1ic,61,eibwx3n3,21,mock_N08_N04_Aonly,Discussion,1779827853,1,0,0
ahrup1ic,84,uwn0o725,3,presurvey,Demographics,1779827854,1,0,0
ahrup1ic,81,6px8sirp,4,presurvey,NeighborhoodInstruction,1779827854,1,0,0
ahrup1ic,67,s05jkdad,20,mock_N08_N04_Aonly,Phase3,1779827854,1,1,0
ahrup1ic,85,quhacojh,1,presurvey,Introduction,1779827854,1,0,0
ahrup1ic,48,ybaw5pq8,18,mock_N08_N04_Aonly,NudgeTraining,1779827858,1,0,0
ahrup1ic,53,ob6d6prk,18,mock_N08_N04_Aonly,NudgeTraining,1779827858,1,0,0
ahrup1ic,84,uwn0o725,4,presurvey,NeighborhoodInstruction,1779827863,1,0,0
ahrup1ic,83,0dtwpmb7,3,presurvey,Demographics,1779827865,1,0,0
ahrup1ic,64,lhg1yio1,19,mock_N08_N04_Aonly,NudgeTrainingLast,1779827866,1,0,0
ahrup1ic,79,thqmgzek,11,presurvey,Scenario,1779827866,1,0,0
ahrup1ic,53,ob6d6prk,19,mock_N08_N04_Aonly,NudgeTrainingLast,1779827868,1,0,0
ahrup1ic,63,36edhsyv,19,mock_N08_N04_Aonly,NudgeTrainingLast,1779827871,1,0,0
ahrup1ic,85,quhacojh,2,presurvey,AudioCheck,1779827872,1,0,0
ahrup1ic,48,ybaw5pq8,19,mock_N08_N04_Aonly,NudgeTrainingLast,1779827873,1,0,0
ahrup1ic,64,lhg1yio1,20,mock_N08_N04_Aonly,Phase3,1779827873,1,0,0
ahrup1ic,75,znq1qljd,12,presurvey,Commitment,1779827875,1,0,0
ahrup1ic,81,6px8sirp,5,presurvey,Training,1779827875,1,0,0
ahrup1ic,83,0dtwpmb7,4,presurvey,NeighborhoodInstruction,1779827879,1,0,0
ahrup1ic,79,thqmgzek,12,presurvey,Commitment,1779827881,1,0,0
ahrup1ic,77,ponkbo9n,11,presurvey,Scenario,1779827885,1,0,0
ahrup1ic,53,ob6d6prk,20,mock_N08_N04_Aonly,Phase3,1779827886,1,0,0
ahrup1ic,48,ybaw5pq8,20,mock_N08_N04_Aonly,Phase3,1779827888,1,0,0
ahrup1ic,64,lhg1yio1,21,mock_N08_N04_Aonly,Discussion,1779827890,1,0,0
ahrup1ic,85,quhacojh,3,presurvey,Demographics,1779827895,1,0,0
ahrup1ic,82,dclpvirj,6,presurvey,TrainingNeighbor_1,1779827898,1,0,0
ahrup1ic,53,ob6d6prk,21,mock_N08_N04_Aonly,Discussion,1779827902,1,0,0
ahrup1ic,83,0dtwpmb7,5,presurvey,Training,1779827902,1,0,0
ahrup1ic,73,a93cx1vi,12,presurvey,Commitment,1779827903,1,0,0
ahrup1ic,82,dclpvirj,7,presurvey,TrainingNeighbor_2,1779827908,1,0,0
ahrup1ic,85,quhacojh,4,presurvey,NeighborhoodInstruction,1779827909,1,0,0
ahrup1ic,80,tq5cbkl8,3,presurvey,Demographics,1779827909,1,0,0
ahrup1ic,81,6px8sirp,6,presurvey,TrainingNeighbor_1,1779827911,1,0,0
ahrup1ic,63,36edhsyv,20,mock_N08_N04_Aonly,Phase3,1779827913,1,0,0
ahrup1ic,81,6px8sirp,7,presurvey,TrainingNeighbor_2,1779827915,1,0,0
ahrup1ic,82,dclpvirj,10,presurvey,ExperimentInstruction,1779827917,1,0,0
ahrup1ic,80,tq5cbkl8,4,presurvey,NeighborhoodInstruction,1779827918,1,0,0
ahrup1ic,86,12zaplf6,0,,InitializeParticipant,1779827919,1,0,0
ahrup1ic,87,ak88h0tb,0,,InitializeParticipant,1779827922,1,0,0
ahrup1ic,84,uwn0o725,5,presurvey,Training,1779827922,1,0,0
ahrup1ic,81,6px8sirp,10,presurvey,ExperimentInstruction,1779827924,1,0,0
ahrup1ic,48,ybaw5pq8,21,mock_N08_N04_Aonly,Discussion,1779827924,1,0,0
ahrup1ic,88,0v80vslx,0,,InitializeParticipant,1779827925,1,0,0
ahrup1ic,89,rs9vdes5,0,,InitializeParticipant,1779827926,1,0,0
ahrup1ic,88,0v80vslx,1,presurvey,Introduction,1779827930,1,0,0
ahrup1ic,90,xcxxpcf9,0,,InitializeParticipant,1779827932,1,0,0
ahrup1ic,89,rs9vdes5,1,presurvey,Introduction,1779827932,1,0,0
ahrup1ic,82,dclpvirj,11,presurvey,Scenario,1779827935,1,0,0
ahrup1ic,90,xcxxpcf9,1,presurvey,Introduction,1779827940,1,0,0
ahrup1ic,88,0v80vslx,2,presurvey,AudioCheck,1779827940,1,0,0
ahrup1ic,87,ak88h0tb,1,presurvey,Introduction,1779827941,1,0,0
ahrup1ic,77,ponkbo9n,12,presurvey,Commitment,1779827945,1,0,0
ahrup1ic,83,0dtwpmb7,6,presurvey,TrainingNeighbor_1,1779827947,1,0,0
ahrup1ic,80,tq5cbkl8,5,presurvey,Training,1779827948,1,0,0
ahrup1ic,88,0v80vslx,3,presurvey,Demographics,1779827948,1,0,0
ahrup1ic,81,6px8sirp,11,presurvey,Scenario,1779827950,1,0,0
ahrup1ic,67,s05jkdad,21,mock_N08_N04_Aonly,Discussion,1779827956,1,1,0
ahrup1ic,90,xcxxpcf9,2,presurvey,AudioCheck,1779827956,1,0,0
ahrup1ic,78,64bkmc4j,4,presurvey,NeighborhoodInstruction,1779827956,1,0,0
ahrup1ic,89,rs9vdes5,2,presurvey,AudioCheck,1779827956,1,0,0
ahrup1ic,83,0dtwpmb7,7,presurvey,TrainingNeighbor_2,1779827956,1,0,0
ahrup1ic,88,0v80vslx,4,presurvey,NeighborhoodInstruction,1779827956,1,0,0
ahrup1ic,84,uwn0o725,6,presurvey,TrainingNeighbor_1,1779827961,1,0,0
ahrup1ic,83,0dtwpmb7,10,presurvey,ExperimentInstruction,1779827962,1,0,0
ahrup1ic,85,quhacojh,5,presurvey,Training,1779827967,1,0,0
ahrup1ic,63,36edhsyv,21,mock_N08_N04_Aonly,Discussion,1779827969,1,0,0
ahrup1ic,48,ybaw5pq8,28,mock_N08_N04_Aonly,DiscussionGRPWaitPage,1779827969,2,0,1
ahrup1ic,53,ob6d6prk,28,mock_N08_N04_Aonly,DiscussionGRPWaitPage,1779827969,2,0,1
ahrup1ic,61,eibwx3n3,28,mock_N08_N04_Aonly,DiscussionGRPWaitPage,1779827969,2,0,1
ahrup1ic,63,36edhsyv,28,mock_N08_N04_Aonly,DiscussionGRPWaitPage,1779827969,2,0,1
ahrup1ic,64,lhg1yio1,28,mock_N08_N04_Aonly,DiscussionGRPWaitPage,1779827969,2,0,1
ahrup1ic,67,s05jkdad,28,mock_N08_N04_Aonly,DiscussionGRPWaitPage,1779827969,2,0,1
ahrup1ic,68,7zwk0gp4,28,mock_N08_N04_Aonly,DiscussionGRPWaitPage,1779827969,2,0,1
ahrup1ic,69,51a2vcd8,28,mock_N08_N04_Aonly,DiscussionGRPWaitPage,1779827969,2,0,1
ahrup1ic,62,ndjatk03,12,presurvey,Commitment,1779827973,1,0,0
ahrup1ic,87,ak88h0tb,2,presurvey,AudioCheck,1779827974,1,0,0
ahrup1ic,88,0v80vslx,5,presurvey,Training,1779827975,1,0,0
ahrup1ic,84,uwn0o725,7,presurvey,TrainingNeighbor_2,1779827977,1,0,0
ahrup1ic,61,eibwx3n3,33,mock_N08_N04_Aonly,Discussion,1779827978,2,0,0
ahrup1ic,68,7zwk0gp4,33,mock_N08_N04_Aonly,Discussion,1779827981,2,0,0
ahrup1ic,90,xcxxpcf9,3,presurvey,Demographics,1779827982,1,0,0
ahrup1ic,87,ak88h0tb,3,presurvey,Demographics,1779827982,1,0,0
ahrup1ic,91,l8j4dbll,0,,InitializeParticipant,1779827982,1,0,0
ahrup1ic,48,ybaw5pq8,33,mock_N08_N04_Aonly,Discussion,1779827983,2,0,0
ahrup1ic,88,0v80vslx,6,presurvey,TrainingNeighbor_1,1779827987,1,0,0
ahrup1ic,53,ob6d6prk,33,mock_N08_N04_Aonly,Discussion,1779827989,2,0,0
ahrup1ic,91,l8j4dbll,1,presurvey,Introduction,1779827989,1,0,0
ahrup1ic,63,36edhsyv,33,mock_N08_N04_Aonly,Discussion,1779827991,2,0,0
ahrup1ic,78,64bkmc4j,5,presurvey,Training,1779827991,1,0,0
ahrup1ic,88,0v80vslx,7,presurvey,TrainingNeighbor_2,1779827993,1,0,0
ahrup1ic,89,rs9vdes5,3,presurvey,Demographics,1779827994,1,0,0
ahrup1ic,92,bmmgl2gw,0,,InitializeParticipant,1779827994,1,0,0
ahrup1ic,83,0dtwpmb7,11,presurvey,Scenario,1779827994,1,0,0
ahrup1ic,69,51a2vcd8,33,mock_N08_N04_Aonly,Discussion,1779827996,2,0,0
ahrup1ic,88,0v80vslx,10,presurvey,ExperimentInstruction,1779827999,1,0,0
ahrup1ic,64,lhg1yio1,33,mock_N08_N04_Aonly,Discussion,1779827999,2,0,0
ahrup1ic,90,xcxxpcf9,4,presurvey,NeighborhoodInstruction,1779828002,1,0,0
ahrup1ic,84,uwn0o725,10,presurvey,ExperimentInstruction,1779828002,1,0,0
ahrup1ic,87,ak88h0tb,4,presurvey,NeighborhoodInstruction,1779828003,1,0,0
ahrup1ic,93,7e19vhv8,0,,InitializeParticipant,1779828005,1,0,0
ahrup1ic,91,l8j4dbll,2,presurvey,AudioCheck,1779828008,1,0,0
ahrup1ic,92,bmmgl2gw,1,presurvey,Introduction,1779828010,1,0,0
ahrup1ic,93,7e19vhv8,1,presurvey,Introduction,1779828012,1,0,0
ahrup1ic,94,imdfrjjg,0,,InitializeParticipant,1779828017,1,0,0
ahrup1ic,89,rs9vdes5,4,presurvey,NeighborhoodInstruction,1779828020,1,0,0
ahrup1ic,90,xcxxpcf9,5,presurvey,Training,1779828022,1,0,0
ahrup1ic,80,tq5cbkl8,6,presurvey,TrainingNeighbor_1,1779828022,1,0,0
ahrup1ic,94,imdfrjjg,1,presurvey,Introduction,1779828023,1,0,0
ahrup1ic,88,0v80vslx,11,presurvey,Scenario,1779828023,1,0,0
ahrup1ic,84,uwn0o725,11,presurvey,Scenario,1779828028,1,0,0
ahrup1ic,87,ak88h0tb,5,presurvey,Training,1779828028,1,0,0
ahrup1ic,91,l8j4dbll,3,presurvey,Demographics,1779828030,1,0,0
ahrup1ic,67,s05jkdad,33,mock_N08_N04_Aonly,Discussion,1779828031,2,1,0
ahrup1ic,48,ybaw5pq8,40,mock_N08_N04_Aonly,DiscussionGRPWaitPage,1779828031,3,0,1
ahrup1ic,53,ob6d6prk,40,mock_N08_N04_Aonly,DiscussionGRPWaitPage,1779828031,3,0,1
ahrup1ic,68,7zwk0gp4,40,mock_N08_N04_Aonly,DiscussionGRPWaitPage,1779828031,3,0,1
ahrup1ic,69,51a2vcd8,40,mock_N08_N04_Aonly,DiscussionGRPWaitPage,1779828031,3,0,1
ahrup1ic,61,eibwx3n3,40,mock_N08_N04_Aonly,DiscussionGRPWaitPage,1779828031,3,0,1
ahrup1ic,63,36edhsyv,40,mock_N08_N04_Aonly,DiscussionGRPWaitPage,1779828031,3,0,1
ahrup1ic,64,lhg1yio1,40,mock_N08_N04_Aonly,DiscussionGRPWaitPage,1779828031,3,0,1
ahrup1ic,67,s05jkdad,40,mock_N08_N04_Aonly,DiscussionGRPWaitPage,1779828031,3,0,1
ahrup1ic,92,bmmgl2gw,2,presurvey,AudioCheck,1779828032,1,0,0
ahrup1ic,80,tq5cbkl8,7,presurvey,TrainingNeighbor_2,1779828033,1,0,0
ahrup1ic,78,64bkmc4j,6,presurvey,TrainingNeighbor_1,1779828033,1,0,0
ahrup1ic,95,07t5unqq,0,,InitializeParticipant,1779828034,1,0,0
ahrup1ic,91,l8j4dbll,4,presurvey,NeighborhoodInstruction,1779828034,1,0,0
ahrup1ic,80,tq5cbkl8,10,presurvey,ExperimentInstruction,1779828037,1,0,0
ahrup1ic,91,l8j4dbll,5,presurvey,Training,1779828040,1,0,0
ahrup1ic,48,ybaw5pq8,45,mock_N08_N04_Aonly,Discussion,1779828041,3,0,0
ahrup1ic,93,7e19vhv8,2,presurvey,AudioCheck,1779828042,1,0,0
ahrup1ic,94,imdfrjjg,2,presurvey,AudioCheck,1779828042,1,0,0
ahrup1ic,68,7zwk0gp4,45,mock_N08_N04_Aonly,Discussion,1779828043,3,0,0
ahrup1ic,61,eibwx3n3,45,mock_N08_N04_Aonly,Discussion,1779828043,3,0,0
ahrup1ic,85,quhacojh,6,presurvey,TrainingNeighbor_1,1779828044,1,0,0
ahrup1ic,89,rs9vdes5,5,presurvey,Training,1779828044,1,0,0
ahrup1ic,78,64bkmc4j,10,presurvey,ExperimentInstruction,1779828046,1,0,0
ahrup1ic,95,07t5unqq,1,presurvey,Introduction,1779828048,1,0,0
ahrup1ic,96,d9emac2x,0,,InitializeParticipant,1779828048,1,0,0
ahrup1ic,83,0dtwpmb7,12,presurvey,Commitment,1779828049,1,0,0
ahrup1ic,63,36edhsyv,45,mock_N08_N04_Aonly,Discussion,1779828050,3,0,0
ahrup1ic,90,xcxxpcf9,6,presurvey,TrainingNeighbor_1,1779828051,1,0,0
ahrup1ic,69,51a2vcd8,45,mock_N08_N04_Aonly,Discussion,1779828051,3,0,0
ahrup1ic,96,d9emac2x,1,presurvey,Introduction,1779828059,1,0,0
ahrup1ic,90,xcxxpcf9,10,presurvey,ExperimentInstruction,1779828062,1,0,0
ahrup1ic,85,quhacojh,10,presurvey,ExperimentInstruction,1779828062,1,0,0
ahrup1ic,97,yud4pjec,0,,InitializeParticipant,1779828063,1,0,0
ahrup1ic,87,ak88h0tb,6,presurvey,TrainingNeighbor_1,1779828066,1,0,0
ahrup1ic,92,bmmgl2gw,3,presurvey,Demographics,1779828066,1,0,0
ahrup1ic,93,7e19vhv8,3,presurvey,Demographics,1779828068,1,0,0
ahrup1ic,80,tq5cbkl8,11,presurvey,Scenario,1779828068,1,0,0
ahrup1ic,64,lhg1yio1,45,mock_N08_N04_Aonly,Discussion,1779828077,3,1,0
ahrup1ic,89,rs9vdes5,6,presurvey,TrainingNeighbor_1,1779828079,1,0,0
ahrup1ic,96,d9emac2x,2,presurvey,AudioCheck,1779828082,1,0,0
ahrup1ic,91,l8j4dbll,6,presurvey,TrainingNeighbor_1,1779828083,1,0,0
ahrup1ic,87,ak88h0tb,10,presurvey,ExperimentInstruction,1779828084,1,0,0
ahrup1ic,67,s05jkdad,45,mock_N08_N04_Aonly,Discussion,1779828085,3,1,0
ahrup1ic,84,uwn0o725,12,presurvey,Commitment,1779828086,1,0,0
ahrup1ic,91,l8j4dbll,7,presurvey,TrainingNeighbor_2,1779828088,1,0,0
ahrup1ic,78,64bkmc4j,11,presurvey,Scenario,1779828090,1,0,0
ahrup1ic,98,zgtzbf43,0,,InitializeParticipant,1779828091,1,0,0
ahrup1ic,92,bmmgl2gw,4,presurvey,NeighborhoodInstruction,1779828093,1,0,0
ahrup1ic,53,ob6d6prk,45,mock_N08_N04_Aonly,Discussion,1779828095,3,1,0
ahrup1ic,48,ybaw5pq8,52,mock_N08_N04_Aonly,DiscussionGRPWaitPage,1779828095,4,0,1
ahrup1ic,53,ob6d6prk,52,mock_N08_N04_Aonly,DiscussionGRPWaitPage,1779828095,4,0,1
ahrup1ic,61,eibwx3n3,52,mock_N08_N04_Aonly,DiscussionGRPWaitPage,1779828095,4,0,1
ahrup1ic,63,36edhsyv,52,mock_N08_N04_Aonly,DiscussionGRPWaitPage,1779828095,4,0,1
ahrup1ic,64,lhg1yio1,52,mock_N08_N04_Aonly,DiscussionGRPWaitPage,1779828095,4,0,1
ahrup1ic,67,s05jkdad,52,mock_N08_N04_Aonly,DiscussionGRPWaitPage,1779828095,4,0,1
ahrup1ic,68,7zwk0gp4,52,mock_N08_N04_Aonly,DiscussionGRPWaitPage,1779828095,4,0,1
ahrup1ic,69,51a2vcd8,52,mock_N08_N04_Aonly,DiscussionGRPWaitPage,1779828095,4,0,1
ahrup1ic,97,yud4pjec,1,presurvey,Introduction,1779828097,1,0,0
ahrup1ic,99,wyldogn1,0,,InitializeParticipant,1779828097,1,0,0
ahrup1ic,48,ybaw5pq8,57,mock_N08_N04_Aonly,Discussion,1779828102,4,0,0
ahrup1ic,68,7zwk0gp4,57,mock_N08_N04_Aonly,Discussion,1779828104,4,0,0
ahrup1ic,89,rs9vdes5,7,presurvey,TrainingNeighbor_2,1779828104,1,0,0
ahrup1ic,69,51a2vcd8,57,mock_N08_N04_Aonly,Discussion,1779828105,4,0,0
ahrup1ic,80,tq5cbkl8,12,presurvey,Commitment,1779828105,1,0,0
ahrup1ic,100,oeowz6ax,0,,InitializeParticipant,1779828107,1,0,0
ahrup1ic,99,wyldogn1,1,presurvey,Introduction,1779828107,1,0,0
ahrup1ic,91,l8j4dbll,8,presurvey,AttentionCheck,1779828109,1,0,0
ahrup1ic,89,rs9vdes5,10,presurvey,ExperimentInstruction,1779828111,1,0,0
ahrup1ic,87,ak88h0tb,11,presurvey,Scenario,1779828115,1,0,0
ahrup1ic,97,yud4pjec,2,presurvey,AudioCheck,1779828121,1,0,0
ahrup1ic,96,d9emac2x,3,presurvey,Demographics,1779828122,1,0,0
ahrup1ic,61,eibwx3n3,57,mock_N08_N04_Aonly,Discussion,1779828122,4,0,0
ahrup1ic,78,64bkmc4j,12,presurvey,Commitment,1779828122,1,0,0
ahrup1ic,63,36edhsyv,57,mock_N08_N04_Aonly,Discussion,1779828124,4,0,0
ahrup1ic,99,wyldogn1,2,presurvey,AudioCheck,1779828125,1,0,0
ahrup1ic,101,k1t0uouc,0,,InitializeParticipant,1779828128,1,0,0
ahrup1ic,85,quhacojh,11,presurvey,Scenario,1779828130,1,0,0
ahrup1ic,100,oeowz6ax,1,presurvey,Introduction,1779828135,1,0,0
ahrup1ic,94,imdfrjjg,3,presurvey,Demographics,1779828135,1,0,0
ahrup1ic,64,lhg1yio1,57,mock_N08_N04_Aonly,Discussion,1779828139,4,0,0
ahrup1ic,99,wyldogn1,3,presurvey,Demographics,1779828140,1,0,0
ahrup1ic,94,imdfrjjg,4,presurvey,NeighborhoodInstruction,1779828142,1,0,0
ahrup1ic,89,rs9vdes5,11,presurvey,Scenario,1779828144,1,0,0
ahrup1ic,96,d9emac2x,4,presurvey,NeighborhoodInstruction,1779828144,1,0,0
ahrup1ic,53,ob6d6prk,57,mock_N08_N04_Aonly,Discussion,1779828146,4,1,0
ahrup1ic,95,07t5unqq,2,presurvey,AudioCheck,1779828147,1,0,0
ahrup1ic,99,wyldogn1,4,presurvey,NeighborhoodInstruction,1779828149,1,0,0
ahrup1ic,86,12zaplf6,1,presurvey,Introduction,1779828151,1,0,0
ahrup1ic,67,s05jkdad,57,mock_N08_N04_Aonly,Discussion,1779828158,4,1,0
ahrup1ic,48,ybaw5pq8,64,mock_N08_N04_Aonly,DiscussionGRPWaitPage,1779828158,5,0,1
ahrup1ic,53,ob6d6prk,64,mock_N08_N04_Aonly,DiscussionGRPWaitPage,1779828158,5,0,1
ahrup1ic,61,eibwx3n3,64,mock_N08_N04_Aonly,DiscussionGRPWaitPage,1779828158,5,0,1
ahrup1ic,63,36edhsyv,64,mock_N08_N04_Aonly,DiscussionGRPWaitPage,1779828158,5,0,1
ahrup1ic,64,lhg1yio1,64,mock_N08_N04_Aonly,DiscussionGRPWaitPage,1779828158,5,0,1
ahrup1ic,67,s05jkdad,64,mock_N08_N04_Aonly,DiscussionGRPWaitPage,1779828158,5,0,1
ahrup1ic,68,7zwk0gp4,64,mock_N08_N04_Aonly,DiscussionGRPWaitPage,1779828158,5,0,1
ahrup1ic,69,51a2vcd8,64,mock_N08_N04_Aonly,DiscussionGRPWaitPage,1779828158,5,0,1
ahrup1ic,97,yud4pjec,3,presurvey,Demographics,1779828159,1,0,0
ahrup1ic,92,bmmgl2gw,5,presurvey,Training,1779828160,1,0,0
ahrup1ic,95,07t5unqq,3,presurvey,Demographics,1779828161,1,0,0
ahrup1ic,94,imdfrjjg,5,presurvey,Training,1779828162,1,0,0
ahrup1ic,48,ybaw5pq8,69,mock_N08_N04_Aonly,Discussion,1779828168,5,0,0
ahrup1ic,101,k1t0uouc,1,presurvey,Introduction,1779828168,1,0,0
ahrup1ic,91,l8j4dbll,9,presurvey,TrainingNeighbor_3,1779828169,1,0,0
ahrup1ic,100,oeowz6ax,2,presurvey,AudioCheck,1779828175,1,0,0
ahrup1ic,69,51a2vcd8,69,mock_N08_N04_Aonly,Discussion,1779828175,5,0,0
ahrup1ic,68,7zwk0gp4,69,mock_N08_N04_Aonly,Discussion,1779828175,5,0,0
ahrup1ic,64,lhg1yio1,69,mock_N08_N04_Aonly,Discussion,1779828175,5,0,0
ahrup1ic,97,yud4pjec,4,presurvey,NeighborhoodInstruction,1779828178,1,0,0
ahrup1ic,63,36edhsyv,69,mock_N08_N04_Aonly,Discussion,1779828180,5,0,0
ahrup1ic,102,84mtsehx,0,,InitializeParticipant,1779828181,1,0,0
ahrup1ic,95,07t5unqq,4,presurvey,NeighborhoodInstruction,1779828184,1,0,0
ahrup1ic,61,eibwx3n3,69,mock_N08_N04_Aonly,Discussion,1779828189,5,0,0
ahrup1ic,98,zgtzbf43,1,presurvey,Introduction,1779828190,1,0,0
ahrup1ic,101,k1t0uouc,2,presurvey,AudioCheck,1779828194,1,0,0
ahrup1ic,67,s05jkdad,69,mock_N08_N04_Aonly,Discussion,1779828196,5,1,0
ahrup1ic,99,wyldogn1,5,presurvey,Training,1779828197,1,0,0
ahrup1ic,89,rs9vdes5,12,presurvey,Commitment,1779828199,1,0,0
ahrup1ic,95,07t5unqq,5,presurvey,Training,1779828202,1,0,0
ahrup1ic,102,84mtsehx,1,presurvey,Introduction,1779828207,1,0,0
ahrup1ic,100,oeowz6ax,3,presurvey,Demographics,1779828213,1,0,0
ahrup1ic,53,ob6d6prk,69,mock_N08_N04_Aonly,Discussion,1779828214,5,1,0
ahrup1ic,48,ybaw5pq8,76,mock_N08_N04_Aonly,DiscussionGRPWaitPage,1779828214,6,0,1
ahrup1ic,53,ob6d6prk,76,mock_N08_N04_Aonly,DiscussionGRPWaitPage,1779828214,6,0,1
ahrup1ic,64,lhg1yio1,76,mock_N08_N04_Aonly,DiscussionGRPWaitPage,1779828214,6,0,1
ahrup1ic,61,eibwx3n3,76,mock_N08_N04_Aonly,DiscussionGRPWaitPage,1779828214,6,0,1
ahrup1ic,63,36edhsyv,76,mock_N08_N04_Aonly,DiscussionGRPWaitPage,1779828214,6,0,1
ahrup1ic,67,s05jkdad,76,mock_N08_N04_Aonly,DiscussionGRPWaitPage,1779828214,6,0,1
ahrup1ic,68,7zwk0gp4,76,mock_N08_N04_Aonly,DiscussionGRPWaitPage,1779828214,6,0,1
ahrup1ic,69,51a2vcd8,76,mock_N08_N04_Aonly,DiscussionGRPWaitPage,1779828214,6,0,1
ahrup1ic,103,ua7s92kj,0,,InitializeParticipant,1779828215,1,0,0
ahrup1ic,101,k1t0uouc,3,presurvey,Demographics,1779828216,1,0,0
ahrup1ic,96,d9emac2x,5,presurvey,Training,1779828217,1,0,0
ahrup1ic,94,imdfrjjg,6,presurvey,TrainingNeighbor_1,1779828218,1,0,0
ahrup1ic,69,51a2vcd8,81,mock_N08_N04_Aonly,Discussion,1779828220,6,0,0
ahrup1ic,103,ua7s92kj,1,presurvey,Introduction,1779828221,1,0,0
ahrup1ic,92,bmmgl2gw,6,presurvey,TrainingNeighbor_1,1779828222,1,0,0
ahrup1ic,48,ybaw5pq8,81,mock_N08_N04_Aonly,Discussion,1779828223,6,0,0
ahrup1ic,100,oeowz6ax,4,presurvey,NeighborhoodInstruction,1779828224,1,0,0
ahrup1ic,95,07t5unqq,6,presurvey,TrainingNeighbor_1,1779828224,1,0,0
ahrup1ic,99,wyldogn1,6,presurvey,TrainingNeighbor_1,1779828230,1,0,0
ahrup1ic,101,k1t0uouc,4,presurvey,NeighborhoodInstruction,1779828230,1,0,0
ahrup1ic,95,07t5unqq,7,presurvey,TrainingNeighbor_2,1779828233,1,0,0
ahrup1ic,68,7zwk0gp4,81,mock_N08_N04_Aonly,Discussion,1779828233,6,0,0
ahrup1ic,63,36edhsyv,81,mock_N08_N04_Aonly,Discussion,1779828235,6,0,0
ahrup1ic,61,eibwx3n3,81,mock_N08_N04_Aonly,Discussion,1779828235,6,0,0
ahrup1ic,99,wyldogn1,7,presurvey,TrainingNeighbor_2,1779828236,1,0,0
ahrup1ic,64,lhg1yio1,81,mock_N08_N04_Aonly,Discussion,1779828239,6,0,0
ahrup1ic,94,imdfrjjg,7,presurvey,TrainingNeighbor_2,1779828240,1,0,0
ahrup1ic,95,07t5unqq,10,presurvey,ExperimentInstruction,1779828240,1,0,0
ahrup1ic,103,ua7s92kj,2,presurvey,AudioCheck,1779828243,1,0,0
ahrup1ic,100,oeowz6ax,5,presurvey,Training,1779828246,1,0,0
ahrup1ic,92,bmmgl2gw,7,presurvey,TrainingNeighbor_2,1779828248,1,0,0
ahrup1ic,99,wyldogn1,8,presurvey,AttentionCheck,1779828249,1,0,0
ahrup1ic,53,ob6d6prk,81,mock_N08_N04_Aonly,Discussion,1779828251,6,1,0
ahrup1ic,98,zgtzbf43,2,presurvey,AudioCheck,1779828251,1,0,0
ahrup1ic,103,ua7s92kj,3,presurvey,Demographics,1779828254,1,0,0
ahrup1ic,86,12zaplf6,2,presurvey,AudioCheck,1779828255,1,0,0
ahrup1ic,94,imdfrjjg,10,presurvey,ExperimentInstruction,1779828256,1,0,0
ahrup1ic,67,s05jkdad,81,mock_N08_N04_Aonly,Discussion,1779828263,6,1,0
ahrup1ic,48,ybaw5pq8,88,mock_N08_N04_Aonly,DiscussionGRPWaitPage,1779828263,7,0,1
ahrup1ic,53,ob6d6prk,88,mock_N08_N04_Aonly,DiscussionGRPWaitPage,1779828263,7,0,1
ahrup1ic,61,eibwx3n3,88,mock_N08_N04_Aonly,DiscussionGRPWaitPage,1779828263,7,0,1
ahrup1ic,63,36edhsyv,88,mock_N08_N04_Aonly,DiscussionGRPWaitPage,1779828263,7,0,1
ahrup1ic,64,lhg1yio1,88,mock_N08_N04_Aonly,DiscussionGRPWaitPage,1779828263,7,0,1
ahrup1ic,67,s05jkdad,88,mock_N08_N04_Aonly,DiscussionGRPWaitPage,1779828263,7,0,1
ahrup1ic,68,7zwk0gp4,88,mock_N08_N04_Aonly,DiscussionGRPWaitPage,1779828263,7,0,1
ahrup1ic,69,51a2vcd8,88,mock_N08_N04_Aonly,DiscussionGRPWaitPage,1779828263,7,0,1
ahrup1ic,99,wyldogn1,9,presurvey,TrainingNeighbor_3,1779828263,1,0,0
ahrup1ic,92,bmmgl2gw,10,presurvey,ExperimentInstruction,1779828269,1,0,0
ahrup1ic,95,07t5unqq,11,presurvey,Scenario,1779828270,1,0,0
ahrup1ic,100,oeowz6ax,6,presurvey,TrainingNeighbor_1,1779828271,1,0,0
ahrup1ic,103,ua7s92kj,4,presurvey,NeighborhoodInstruction,1779828272,1,0,0
ahrup1ic,100,oeowz6ax,10,presurvey,ExperimentInstruction,1779828275,1,0,0
ahrup1ic,48,ybaw5pq8,93,mock_N08_N04_Aonly,Discussion,1779828275,7,0,0
ahrup1ic,102,84mtsehx,2,presurvey,AudioCheck,1779828276,1,0,0
ahrup1ic,86,12zaplf6,3,presurvey,Demographics,1779828277,1,0,0
ahrup1ic,94,imdfrjjg,11,presurvey,Scenario,1779828278,1,0,0
ahrup1ic,101,k1t0uouc,5,presurvey,Training,1779828278,1,0,0
ahrup1ic,96,d9emac2x,6,presurvey,TrainingNeighbor_1,1779828280,1,0,0
ahrup1ic,97,yud4pjec,5,presurvey,Training,1779828280,1,0,0
ahrup1ic,69,51a2vcd8,93,mock_N08_N04_Aonly,Discussion,1779828281,7,0,0
ahrup1ic,68,7zwk0gp4,93,mock_N08_N04_Aonly,Discussion,1779828282,7,0,0
ahrup1ic,63,36edhsyv,93,mock_N08_N04_Aonly,Discussion,1779828286,7,0,0
ahrup1ic,64,lhg1yio1,93,mock_N08_N04_Aonly,Discussion,1779828286,7,0,0
ahrup1ic,95,07t5unqq,12,presurvey,Commitment,1779828288,1,0,0
ahrup1ic,96,d9emac2x,7,presurvey,TrainingNeighbor_2,1779828290,1,0,0
ahrup1ic,103,ua7s92kj,5,presurvey,Training,1779828294,1,0,0
ahrup1ic,96,d9emac2x,10,presurvey,ExperimentInstruction,1779828298,1,0,0
ahrup1ic,61,eibwx3n3,93,mock_N08_N04_Aonly,Discussion,1779828299,7,1,0
ahrup1ic,67,s05jkdad,93,mock_N08_N04_Aonly,Discussion,1779828303,7,1,0
ahrup1ic,102,84mtsehx,3,presurvey,Demographics,1779828309,1,0,0
ahrup1ic,104,n5h19r6c,0,,InitializeParticipant,1779828310,1,0,0
ahrup1ic,53,ob6d6prk,93,mock_N08_N04_Aonly,Discussion,1779828312,7,1,0
ahrup1ic,48,ybaw5pq8,100,mock_N08_N04_Aonly,DiscussionGRPWaitPage,1779828312,8,0,1
ahrup1ic,53,ob6d6prk,100,mock_N08_N04_Aonly,DiscussionGRPWaitPage,1779828312,8,0,1
ahrup1ic,61,eibwx3n3,100,mock_N08_N04_Aonly,DiscussionGRPWaitPage,1779828312,8,0,1
ahrup1ic,63,36edhsyv,100,mock_N08_N04_Aonly,DiscussionGRPWaitPage,1779828312,8,0,1
ahrup1ic,64,lhg1yio1,100,mock_N08_N04_Aonly,DiscussionGRPWaitPage,1779828312,8,0,1
ahrup1ic,67,s05jkdad,100,mock_N08_N04_Aonly,DiscussionGRPWaitPage,1779828312,8,0,1
ahrup1ic,68,7zwk0gp4,100,mock_N08_N04_Aonly,DiscussionGRPWaitPage,1779828312,8,0,1
ahrup1ic,69,51a2vcd8,100,mock_N08_N04_Aonly,DiscussionGRPWaitPage,1779828312,8,0,1
ahrup1ic,104,n5h19r6c,1,presurvey,Introduction,1779828313,1,0,0
ahrup1ic,61,eibwx3n3,105,mock_N08_N04_Aonly,Discussion,1779828315,8,0,0
ahrup1ic,101,k1t0uouc,6,presurvey,TrainingNeighbor_1,1779828315,1,0,0
ahrup1ic,68,7zwk0gp4,105,mock_N08_N04_Aonly,Discussion,1779828316,8,0,0
ahrup1ic,105,eeteve3p,0,,InitializeParticipant,1779828316,1,0,0
ahrup1ic,48,ybaw5pq8,105,mock_N08_N04_Aonly,Discussion,1779828318,8,0,0
ahrup1ic,92,bmmgl2gw,11,presurvey,Scenario,1779828319,1,0,0
ahrup1ic,100,oeowz6ax,11,presurvey,Scenario,1779828321,1,0,0
ahrup1ic,86,12zaplf6,4,presurvey,NeighborhoodInstruction,1779828322,1,0,0
ahrup1ic,104,n5h19r6c,2,presurvey,AudioCheck,1779828323,1,0,0
ahrup1ic,69,51a2vcd8,105,mock_N08_N04_Aonly,Discussion,1779828325,8,0,0
ahrup1ic,105,eeteve3p,1,presurvey,Introduction,1779828329,1,0,0
ahrup1ic,101,k1t0uouc,7,presurvey,TrainingNeighbor_2,1779828332,1,0,0
ahrup1ic,94,imdfrjjg,12,presurvey,Commitment,1779828332,1,0,0
ahrup1ic,98,zgtzbf43,3,presurvey,Demographics,1779828332,1,0,0
ahrup1ic,104,n5h19r6c,3,presurvey,Demographics,1779828333,1,0,0
ahrup1ic,64,lhg1yio1,105,mock_N08_N04_Aonly,Discussion,1779828337,8,0,0
ahrup1ic,101,k1t0uouc,10,presurvey,ExperimentInstruction,1779828338,1,0,0
ahrup1ic,104,n5h19r6c,4,presurvey,NeighborhoodInstruction,1779828340,1,0,0
ahrup1ic,97,yud4pjec,6,presurvey,TrainingNeighbor_1,1779828340,1,0,0
ahrup1ic,63,36edhsyv,105,mock_N08_N04_Aonly,Discussion,1779828342,8,0,0
ahrup1ic,53,ob6d6prk,105,mock_N08_N04_Aonly,Discussion,1779828348,8,1,0
ahrup1ic,104,n5h19r6c,5,presurvey,Training,1779828357,1,0,0
ahrup1ic,67,s05jkdad,105,mock_N08_N04_Aonly,Discussion,1779828363,8,1,0
ahrup1ic,48,ybaw5pq8,112,mock_N08_N04_Aonly,DiscussionGRPWaitPage,1779828364,9,0,1
ahrup1ic,53,ob6d6prk,112,mock_N08_N04_Aonly,DiscussionGRPWaitPage,1779828364,9,0,1
ahrup1ic,67,s05jkdad,112,mock_N08_N04_Aonly,DiscussionGRPWaitPage,1779828364,9,0,1
ahrup1ic,68,7zwk0gp4,112,mock_N08_N04_Aonly,DiscussionGRPWaitPage,1779828364,9,0,1
ahrup1ic,69,51a2vcd8,112,mock_N08_N04_Aonly,DiscussionGRPWaitPage,1779828364,9,0,1
ahrup1ic,61,eibwx3n3,112,mock_N08_N04_Aonly,DiscussionGRPWaitPage,1779828364,9,0,1
ahrup1ic,63,36edhsyv,112,mock_N08_N04_Aonly,DiscussionGRPWaitPage,1779828364,9,0,1
ahrup1ic,64,lhg1yio1,112,mock_N08_N04_Aonly,DiscussionGRPWaitPage,1779828364,9,0,1
ahrup1ic,102,84mtsehx,4,presurvey,NeighborhoodInstruction,1779828365,1,0,0
ahrup1ic,69,51a2vcd8,117,mock_N08_N04_Aonly,Discussion,1779828367,9,0,0
ahrup1ic,48,ybaw5pq8,117,mock_N08_N04_Aonly,Discussion,1779828369,9,0,0
ahrup1ic,104,n5h19r6c,6,presurvey,TrainingNeighbor_1,1779828370,1,0,0
ahrup1ic,68,7zwk0gp4,117,mock_N08_N04_Aonly,Discussion,1779828371,9,0,0
ahrup1ic,96,d9emac2x,11,presurvey,Scenario,1779828371,1,0,0
ahrup1ic,64,lhg1yio1,117,mock_N08_N04_Aonly,Discussion,1779828371,9,0,0
ahrup1ic,97,yud4pjec,10,presurvey,ExperimentInstruction,1779828371,1,0,0
ahrup1ic,104,n5h19r6c,10,presurvey,ExperimentInstruction,1779828373,1,0,0
ahrup1ic,105,eeteve3p,2,presurvey,AudioCheck,1779828373,1,0,0
ahrup1ic,61,eibwx3n3,117,mock_N08_N04_Aonly,Discussion,1779828376,9,0,0
ahrup1ic,63,36edhsyv,117,mock_N08_N04_Aonly,Discussion,1779828376,9,0,0
ahrup1ic,101,k1t0uouc,11,presurvey,Scenario,1779828380,1,0,0
ahrup1ic,104,n5h19r6c,11,presurvey,Scenario,1779828392,1,0,0
ahrup1ic,105,eeteve3p,3,presurvey,Demographics,1779828395,1,0,0
ahrup1ic,106,96a6lnd0,0,,InitializeParticipant,1779828397,1,0,0
ahrup1ic,67,s05jkdad,117,mock_N08_N04_Aonly,Discussion,1779828400,9,1,0
ahrup1ic,98,zgtzbf43,4,presurvey,NeighborhoodInstruction,1779828401,1,0,0
ahrup1ic,86,12zaplf6,5,presurvey,Training,1779828402,1,0,0
ahrup1ic,104,n5h19r6c,12,presurvey,Commitment,1779828403,1,0,0
ahrup1ic,90,xcxxpcf9,11,presurvey,Scenario,1779828404,1,0,0
ahrup1ic,106,96a6lnd0,1,presurvey,Introduction,1779828407,1,0,0
ahrup1ic,92,bmmgl2gw,12,presurvey,Commitment,1779828409,1,0,0
ahrup1ic,103,ua7s92kj,6,presurvey,TrainingNeighbor_1,1779828411,1,0,0
ahrup1ic,97,yud4pjec,11,presurvey,Scenario,1779828412,1,0,0
ahrup1ic,53,ob6d6prk,117,mock_N08_N04_Aonly,Discussion,1779828418,9,1,0
ahrup1ic,102,84mtsehx,5,presurvey,Training,1779828418,1,0,0
ahrup1ic,103,ua7s92kj,7,presurvey,TrainingNeighbor_2,1779828419,1,0,0
ahrup1ic,48,ybaw5pq8,124,mock_N08_N04_Aonly,DiscussionGRPWaitPage,1779828419,10,0,1
ahrup1ic,53,ob6d6prk,124,mock_N08_N04_Aonly,DiscussionGRPWaitPage,1779828419,10,0,1
ahrup1ic,61,eibwx3n3,124,mock_N08_N04_Aonly,DiscussionGRPWaitPage,1779828419,10,0,1
ahrup1ic,63,36edhsyv,124,mock_N08_N04_Aonly,DiscussionGRPWaitPage,1779828419,10,0,1
ahrup1ic,64,lhg1yio1,124,mock_N08_N04_Aonly,DiscussionGRPWaitPage,1779828419,10,0,1
ahrup1ic,67,s05jkdad,124,mock_N08_N04_Aonly,DiscussionGRPWaitPage,1779828419,10,0,1
ahrup1ic,68,7zwk0gp4,124,mock_N08_N04_Aonly,DiscussionGRPWaitPage,1779828419,10,0,1
ahrup1ic,69,51a2vcd8,124,mock_N08_N04_Aonly,DiscussionGRPWaitPage,1779828419,10,0,1
ahrup1ic,100,oeowz6ax,12,presurvey,Commitment,1779828420,1,0,0
ahrup1ic,107,2uyqbcp9,0,,InitializeParticipant,1779828421,1,0,0
ahrup1ic,105,eeteve3p,4,presurvey,NeighborhoodInstruction,1779828423,1,0,0
ahrup1ic,68,7zwk0gp4,129,mock_N08_N04_Aonly,Discussion,1779828424,10,0,0
ahrup1ic,69,51a2vcd8,129,mock_N08_N04_Aonly,Discussion,1779828425,10,0,0
ahrup1ic,106,96a6lnd0,2,presurvey,AudioCheck,1779828426,1,0,0
ahrup1ic,107,2uyqbcp9,1,presurvey,Introduction,1779828427,1,0,0
ahrup1ic,48,ybaw5pq8,129,mock_N08_N04_Aonly,Discussion,1779828428,10,0,0
ahrup1ic,103,ua7s92kj,10,presurvey,ExperimentInstruction,1779828428,1,0,0
ahrup1ic,61,eibwx3n3,129,mock_N08_N04_Aonly,Discussion,1779828428,10,0,0
ahrup1ic,90,xcxxpcf9,12,presurvey,Commitment,1779828433,1,0,0
ahrup1ic,63,36edhsyv,129,mock_N08_N04_Aonly,Discussion,1779828435,10,0,0
ahrup1ic,96,d9emac2x,12,presurvey,Commitment,1779828436,1,0,0
ahrup1ic,108,39bjjxnb,0,,InitializeParticipant,1779828438,1,0,0
ahrup1ic,64,lhg1yio1,129,mock_N08_N04_Aonly,Discussion,1779828450,10,1,0
ahrup1ic,107,2uyqbcp9,2,presurvey,AudioCheck,1779828454,1,0,0
ahrup1ic,101,k1t0uouc,12,presurvey,Commitment,1779828456,1,0,0
ahrup1ic,53,ob6d6prk,129,mock_N08_N04_Aonly,Discussion,1779828458,10,1,0
ahrup1ic,103,ua7s92kj,11,presurvey,Scenario,1779828463,1,0,0
ahrup1ic,67,s05jkdad,129,mock_N08_N04_Aonly,Discussion,1779828470,10,1,0
ahrup1ic,48,ybaw5pq8,136,mock_N08_N04_Aonly,DiscussionGRPWaitPage,1779828470,11,0,1
ahrup1ic,53,ob6d6prk,136,mock_N08_N04_Aonly,DiscussionGRPWaitPage,1779828470,11,0,1
ahrup1ic,61,eibwx3n3,136,mock_N08_N04_Aonly,DiscussionGRPWaitPage,1779828470,11,0,1
ahrup1ic,63,36edhsyv,136,mock_N08_N04_Aonly,DiscussionGRPWaitPage,1779828470,11,0,1
ahrup1ic,64,lhg1yio1,136,mock_N08_N04_Aonly,DiscussionGRPWaitPage,1779828470,11,0,1
ahrup1ic,67,s05jkdad,136,mock_N08_N04_Aonly,DiscussionGRPWaitPage,1779828470,11,0,1
ahrup1ic,68,7zwk0gp4,136,mock_N08_N04_Aonly,DiscussionGRPWaitPage,1779828470,11,0,1
ahrup1ic,69,51a2vcd8,136,mock_N08_N04_Aonly,DiscussionGRPWaitPage,1779828470,11,0,1
ahrup1ic,68,7zwk0gp4,141,mock_N08_N04_Aonly,Discussion,1779828476,11,0,0
ahrup1ic,108,39bjjxnb,1,presurvey,Introduction,1779828476,1,0,0
ahrup1ic,48,ybaw5pq8,141,mock_N08_N04_Aonly,Discussion,1779828477,11,0,0
ahrup1ic,69,51a2vcd8,141,mock_N08_N04_Aonly,Discussion,1779828478,11,0,0
ahrup1ic,64,lhg1yio1,141,mock_N08_N04_Aonly,Discussion,1779828478,11,0,0
ahrup1ic,107,2uyqbcp9,3,presurvey,Demographics,1779828479,1,0,0
ahrup1ic,61,eibwx3n3,141,mock_N08_N04_Aonly,Discussion,1779828482,11,0,0
ahrup1ic,63,36edhsyv,141,mock_N08_N04_Aonly,Discussion,1779828484,11,0,0
ahrup1ic,76,iifuoyg5,13,mock_N08_N04_Aonly,GroupingWaitPage,1779828485,1,0,1
ahrup1ic,71,3rbxolu3,13,mock_N08_N04_Aonly,GroupingWaitPage,1779828488,1,0,1
ahrup1ic,107,2uyqbcp9,4,presurvey,NeighborhoodInstruction,1779828489,1,0,0
ahrup1ic,76,iifuoyg5,14,mock_N08_N04_Aonly,GroupSizeWaitPage,1779828489,1,0,1
ahrup1ic,71,3rbxolu3,14,mock_N08_N04_Aonly,GroupSizeWaitPage,1779828492,1,0,1
ahrup1ic,109,xqbq9585,0,,InitializeParticipant,1779828495,1,0,0
ahrup1ic,108,39bjjxnb,2,presurvey,AudioCheck,1779828495,1,0,0
ahrup1ic,71,3rbxolu3,15,mock_N08_N04_Aonly,AttentionCheck,1779828497,1,0,0
ahrup1ic,76,iifuoyg5,15,mock_N08_N04_Aonly,AttentionCheck,1779828498,1,0,0
ahrup1ic,102,84mtsehx,6,presurvey,TrainingNeighbor_1,1779828500,1,0,0
ahrup1ic,67,s05jkdad,141,mock_N08_N04_Aonly,Discussion,1779828502,11,1,0
ahrup1ic,105,eeteve3p,5,presurvey,Training,1779828503,1,0,0
ahrup1ic,102,84mtsehx,10,presurvey,ExperimentInstruction,1779828508,1,0,0
ahrup1ic,108,39bjjxnb,3,presurvey,Demographics,1779828509,1,0,0
ahrup1ic,98,zgtzbf43,5,presurvey,Training,1779828510,1,0,0
ahrup1ic,109,xqbq9585,1,presurvey,Introduction,1779828512,1,0,0
ahrup1ic,53,ob6d6prk,141,mock_N08_N04_Aonly,Discussion,1779828514,11,1,0
ahrup1ic,48,ybaw5pq8,148,mock_N08_N04_Aonly,DiscussionGRPWaitPage,1779828515,12,0,1
ahrup1ic,53,ob6d6prk,148,mock_N08_N04_Aonly,DiscussionGRPWaitPage,1779828515,12,0,1
ahrup1ic,61,eibwx3n3,148,mock_N08_N04_Aonly,DiscussionGRPWaitPage,1779828515,12,0,1
ahrup1ic,63,36edhsyv,148,mock_N08_N04_Aonly,DiscussionGRPWaitPage,1779828515,12,0,1
ahrup1ic,64,lhg1yio1,148,mock_N08_N04_Aonly,DiscussionGRPWaitPage,1779828515,12,0,1
ahrup1ic,67,s05jkdad,148,mock_N08_N04_Aonly,DiscussionGRPWaitPage,1779828515,12,0,1
ahrup1ic,68,7zwk0gp4,148,mock_N08_N04_Aonly,DiscussionGRPWaitPage,1779828515,12,0,1
ahrup1ic,69,51a2vcd8,148,mock_N08_N04_Aonly,DiscussionGRPWaitPage,1779828515,12,0,1
ahrup1ic,86,12zaplf6,6,presurvey,TrainingNeighbor_1,1779828516,1,0,0
ahrup1ic,108,39bjjxnb,4,presurvey,NeighborhoodInstruction,1779828520,1,0,0
ahrup1ic,106,96a6lnd0,3,presurvey,Demographics,1779828520,1,0,0
ahrup1ic,68,7zwk0gp4,153,mock_N08_N04_Aonly,Discussion,1779828520,12,0,0
ahrup1ic,61,eibwx3n3,153,mock_N08_N04_Aonly,Discussion,1779828521,12,0,0
ahrup1ic,48,ybaw5pq8,153,mock_N08_N04_Aonly,Discussion,1779828522,12,0,0
ahrup1ic,69,51a2vcd8,153,mock_N08_N04_Aonly,Discussion,1779828525,12,0,0
ahrup1ic,109,xqbq9585,2,presurvey,AudioCheck,1779828531,1,0,0
ahrup1ic,63,36edhsyv,153,mock_N08_N04_Aonly,Discussion,1779828531,12,0,0
ahrup1ic,108,39bjjxnb,5,presurvey,Training,1779828539,1,0,0
ahrup1ic,107,2uyqbcp9,5,presurvey,Training,1779828542,1,0,0
ahrup1ic,64,lhg1yio1,153,mock_N08_N04_Aonly,Discussion,1779828543,12,0,0
ahrup1ic,110,1qscioyw,0,,InitializeParticipant,1779828544,1,0,0
ahrup1ic,53,ob6d6prk,153,mock_N08_N04_Aonly,Discussion,1779828547,12,1,0
ahrup1ic,86,12zaplf6,10,presurvey,ExperimentInstruction,1779828550,1,0,0
ahrup1ic,67,s05jkdad,153,mock_N08_N04_Aonly,Discussion,1779828552,12,1,0
ahrup1ic,48,ybaw5pq8,160,mock_N08_N04_Aonly,DiscussionGRPWaitPage,1779828552,13,0,1
ahrup1ic,53,ob6d6prk,160,mock_N08_N04_Aonly,DiscussionGRPWaitPage,1779828552,13,0,1
ahrup1ic,61,eibwx3n3,160,mock_N08_N04_Aonly,DiscussionGRPWaitPage,1779828552,13,0,1
ahrup1ic,63,36edhsyv,160,mock_N08_N04_Aonly,DiscussionGRPWaitPage,1779828552,13,0,1
ahrup1ic,64,lhg1yio1,160,mock_N08_N04_Aonly,DiscussionGRPWaitPage,1779828552,13,0,1
ahrup1ic,67,s05jkdad,160,mock_N08_N04_Aonly,DiscussionGRPWaitPage,1779828552,13,0,1
ahrup1ic,68,7zwk0gp4,160,mock_N08_N04_Aonly,DiscussionGRPWaitPage,1779828552,13,0,1
ahrup1ic,69,51a2vcd8,160,mock_N08_N04_Aonly,DiscussionGRPWaitPage,1779828552,13,0,1
ahrup1ic,69,51a2vcd8,165,mock_N08_N04_Aonly,Discussion,1779828556,13,0,0
ahrup1ic,108,39bjjxnb,6,presurvey,TrainingNeighbor_1,1779828556,1,0,0
ahrup1ic,61,eibwx3n3,165,mock_N08_N04_Aonly,Discussion,1779828557,13,0,0
ahrup1ic,48,ybaw5pq8,165,mock_N08_N04_Aonly,Discussion,1779828559,13,0,0
ahrup1ic,68,7zwk0gp4,165,mock_N08_N04_Aonly,Discussion,1779828561,13,0,0
ahrup1ic,108,39bjjxnb,10,presurvey,ExperimentInstruction,1779828564,1,0,0
ahrup1ic,106,96a6lnd0,4,presurvey,NeighborhoodInstruction,1779828566,1,0,0
ahrup1ic,64,lhg1yio1,165,mock_N08_N04_Aonly,Discussion,1779828571,13,0,0
ahrup1ic,110,1qscioyw,1,presurvey,Introduction,1779828572,1,0,0
ahrup1ic,105,eeteve3p,6,presurvey,TrainingNeighbor_1,1779828577,1,0,0
ahrup1ic,63,36edhsyv,165,mock_N08_N04_Aonly,Discussion,1779828580,13,0,0
ahrup1ic,108,39bjjxnb,11,presurvey,Scenario,1779828581,1,0,0
ahrup1ic,86,12zaplf6,11,presurvey,Scenario,1779828583,1,0,0
ahrup1ic,105,eeteve3p,10,presurvey,ExperimentInstruction,1779828583,1,0,0
ahrup1ic,102,84mtsehx,11,presurvey,Scenario,1779828589,1,0,0
ahrup1ic,75,znq1qljd,13,mock_N08_N04_Aonly,GroupingWaitPage,1779828595,1,0,1
ahrup1ic,67,s05jkdad,165,mock_N08_N04_Aonly,Discussion,1779828596,13,1,0
ahrup1ic,98,zgtzbf43,6,presurvey,TrainingNeighbor_1,1779828596,1,0,0
ahrup1ic,109,xqbq9585,3,presurvey,Demographics,1779828599,1,0,0
ahrup1ic,75,znq1qljd,14,mock_N08_N04_Aonly,GroupSizeWaitPage,1779828599,1,0,1
ahrup1ic,111,7obk72z3,0,,InitializeParticipant,1779828600,1,0,0
ahrup1ic,53,ob6d6prk,165,mock_N08_N04_Aonly,Discussion,1779828603,13,1,0
ahrup1ic,48,ybaw5pq8,172,mock_N08_N04_Aonly,DiscussionGRPWaitPage,1779828603,14,0,1
ahrup1ic,53,ob6d6prk,172,mock_N08_N04_Aonly,DiscussionGRPWaitPage,1779828603,14,0,1
ahrup1ic,61,eibwx3n3,172,mock_N08_N04_Aonly,DiscussionGRPWaitPage,1779828603,14,0,1
ahrup1ic,63,36edhsyv,172,mock_N08_N04_Aonly,DiscussionGRPWaitPage,1779828603,14,0,1
ahrup1ic,64,lhg1yio1,172,mock_N08_N04_Aonly,DiscussionGRPWaitPage,1779828603,14,0,1
ahrup1ic,67,s05jkdad,172,mock_N08_N04_Aonly,DiscussionGRPWaitPage,1779828603,14,0,1
ahrup1ic,68,7zwk0gp4,172,mock_N08_N04_Aonly,DiscussionGRPWaitPage,1779828603,14,0,1
ahrup1ic,69,51a2vcd8,172,mock_N08_N04_Aonly,DiscussionGRPWaitPage,1779828603,14,0,1
ahrup1ic,79,thqmgzek,13,mock_N08_N04_Aonly,GroupingWaitPage,1779828604,1,0,1
ahrup1ic,110,1qscioyw,2,presurvey,AudioCheck,1779828604,1,0,0
ahrup1ic,79,thqmgzek,14,mock_N08_N04_Aonly,GroupSizeWaitPage,1779828605,1,0,1
ahrup1ic,106,96a6lnd0,5,presurvey,Training,1779828607,1,0,0
ahrup1ic,109,xqbq9585,4,presurvey,NeighborhoodInstruction,1779828607,1,0,0
ahrup1ic,108,39bjjxnb,12,presurvey,Commitment,1779828607,1,0,0
ahrup1ic,75,znq1qljd,15,mock_N08_N04_Aonly,AttentionCheck,1779828607,1,0,0
ahrup1ic,61,eibwx3n3,177,mock_N08_N04_Aonly,Discussion,1779828610,14,0,0
ahrup1ic,48,ybaw5pq8,177,mock_N08_N04_Aonly,Discussion,1779828610,14,0,0
ahrup1ic,105,eeteve3p,11,presurvey,Scenario,1779828612,1,0,0
ahrup1ic,79,thqmgzek,15,mock_N08_N04_Aonly,AttentionCheck,1779828612,1,0,0
ahrup1ic,68,7zwk0gp4,177,mock_N08_N04_Aonly,Discussion,1779828614,14,0,0
ahrup1ic,69,51a2vcd8,177,mock_N08_N04_Aonly,Discussion,1779828614,14,0,0
ahrup1ic,63,36edhsyv,177,mock_N08_N04_Aonly,Discussion,1779828615,14,0,0
ahrup1ic,98,zgtzbf43,7,presurvey,TrainingNeighbor_2,1779828617,1,0,0
ahrup1ic,98,zgtzbf43,10,presurvey,ExperimentInstruction,1779828621,1,0,0
ahrup1ic,107,2uyqbcp9,6,presurvey,TrainingNeighbor_1,1779828631,1,0,0
ahrup1ic,110,1qscioyw,3,presurvey,Demographics,1779828633,1,0,0
ahrup1ic,64,lhg1yio1,177,mock_N08_N04_Aonly,Discussion,1779828634,14,1,0
ahrup1ic,53,ob6d6prk,177,mock_N08_N04_Aonly,Discussion,1779828639,14,1,0
ahrup1ic,105,eeteve3p,12,presurvey,Commitment,1779828649,1,0,0
ahrup1ic,110,1qscioyw,4,presurvey,NeighborhoodInstruction,1779828651,1,0,0
ahrup1ic,67,s05jkdad,177,mock_N08_N04_Aonly,Discussion,1779828654,14,1,0
ahrup1ic,48,ybaw5pq8,184,mock_N08_N04_Aonly,DiscussionGRPWaitPage,1779828655,15,0,1
ahrup1ic,53,ob6d6prk,184,mock_N08_N04_Aonly,DiscussionGRPWaitPage,1779828655,15,0,1
ahrup1ic,61,eibwx3n3,184,mock_N08_N04_Aonly,DiscussionGRPWaitPage,1779828655,15,0,1
ahrup1ic,63,36edhsyv,184,mock_N08_N04_Aonly,DiscussionGRPWaitPage,1779828655,15,0,1
ahrup1ic,64,lhg1yio1,184,mock_N08_N04_Aonly,DiscussionGRPWaitPage,1779828655,15,0,1
ahrup1ic,67,s05jkdad,184,mock_N08_N04_Aonly,DiscussionGRPWaitPage,1779828655,15,0,1
ahrup1ic,68,7zwk0gp4,184,mock_N08_N04_Aonly,DiscussionGRPWaitPage,1779828655,15,0,1
ahrup1ic,69,51a2vcd8,184,mock_N08_N04_Aonly,DiscussionGRPWaitPage,1779828655,15,0,1
ahrup1ic,107,2uyqbcp9,7,presurvey,TrainingNeighbor_2,1779828657,1,0,0
ahrup1ic,112,5nab9htm,0,,InitializeParticipant,1779828658,1,0,0
ahrup1ic,69,51a2vcd8,189,mock_N08_N04_Aonly,Discussion,1779828659,15,0,0
ahrup1ic,61,eibwx3n3,189,mock_N08_N04_Aonly,Discussion,1779828659,15,0,0
ahrup1ic,48,ybaw5pq8,189,mock_N08_N04_Aonly,Discussion,1779828660,15,0,0
ahrup1ic,107,2uyqbcp9,10,presurvey,ExperimentInstruction,1779828663,1,0,0
ahrup1ic,77,ponkbo9n,13,mock_N08_N04_Aonly,GroupingWaitPage,1779828667,1,0,1
ahrup1ic,68,7zwk0gp4,189,mock_N08_N04_Aonly,Discussion,1779828670,15,0,0
ahrup1ic,77,ponkbo9n,14,mock_N08_N04_Aonly,GroupSizeWaitPage,1779828670,1,0,1
ahrup1ic,106,96a6lnd0,6,presurvey,TrainingNeighbor_1,1779828670,1,0,0
ahrup1ic,111,7obk72z3,1,presurvey,Introduction,1779828678,1,0,0
ahrup1ic,77,ponkbo9n,15,mock_N08_N04_Aonly,AttentionCheck,1779828678,1,0,0
ahrup1ic,63,36edhsyv,189,mock_N08_N04_Aonly,Discussion,1779828681,15,0,0
ahrup1ic,110,1qscioyw,5,presurvey,Training,1779828684,1,0,0
ahrup1ic,64,lhg1yio1,189,mock_N08_N04_Aonly,Discussion,1779828685,15,1,0
ahrup1ic,107,2uyqbcp9,11,presurvey,Scenario,1779828686,1,0,0
ahrup1ic,86,12zaplf6,12,presurvey,Commitment,1779828692,1,0,0
ahrup1ic,62,ndjatk03,13,mock_N08_N04_Aonly,GroupingWaitPage,1779828694,1,0,1
ahrup1ic,67,s05jkdad,189,mock_N08_N04_Aonly,Discussion,1779828695,15,1,0
ahrup1ic,62,ndjatk03,14,mock_N08_N04_Aonly,GroupSizeWaitPage,1779828697,1,0,1
ahrup1ic,106,96a6lnd0,10,presurvey,ExperimentInstruction,1779828699,1,0,0
ahrup1ic,98,zgtzbf43,11,presurvey,Scenario,1779828700,1,0,0
ahrup1ic,53,ob6d6prk,189,mock_N08_N04_Aonly,Discussion,1779828706,15,1,0
ahrup1ic,48,ybaw5pq8,196,mock_N08_N04_Aonly,DiscussionGRPWaitPage,1779828706,16,0,1
ahrup1ic,53,ob6d6prk,196,mock_N08_N04_Aonly,DiscussionGRPWaitPage,1779828706,16,0,1
ahrup1ic,61,eibwx3n3,196,mock_N08_N04_Aonly,DiscussionGRPWaitPage,1779828706,16,0,1
ahrup1ic,63,36edhsyv,196,mock_N08_N04_Aonly,DiscussionGRPWaitPage,1779828706,16,0,1
ahrup1ic,64,lhg1yio1,196,mock_N08_N04_Aonly,DiscussionGRPWaitPage,1779828706,16,0,1
ahrup1ic,67,s05jkdad,196,mock_N08_N04_Aonly,DiscussionGRPWaitPage,1779828706,16,0,1
ahrup1ic,68,7zwk0gp4,196,mock_N08_N04_Aonly,DiscussionGRPWaitPage,1779828706,16,0,1
ahrup1ic,69,51a2vcd8,196,mock_N08_N04_Aonly,DiscussionGRPWaitPage,1779828706,16,0,1
ahrup1ic,110,1qscioyw,6,presurvey,TrainingNeighbor_1,1779828707,1,0,0
ahrup1ic,109,xqbq9585,5,presurvey,Training,1779828709,1,0,0
ahrup1ic,69,51a2vcd8,201,mock_N08_N04_Aonly,Discussion,1779828710,16,0,0
ahrup1ic,61,eibwx3n3,201,mock_N08_N04_Aonly,Discussion,1779828711,16,0,0
ahrup1ic,48,ybaw5pq8,201,mock_N08_N04_Aonly,Discussion,1779828713,16,0,0
ahrup1ic,64,lhg1yio1,201,mock_N08_N04_Aonly,Discussion,1779828713,16,0,0
ahrup1ic,110,1qscioyw,7,presurvey,TrainingNeighbor_2,1779828713,1,0,0
ahrup1ic,68,7zwk0gp4,201,mock_N08_N04_Aonly,Discussion,1779828716,16,0,0
ahrup1ic,63,36edhsyv,201,mock_N08_N04_Aonly,Discussion,1779828722,16,0,0
ahrup1ic,110,1qscioyw,10,presurvey,ExperimentInstruction,1779828722,1,0,0
ahrup1ic,109,xqbq9585,6,presurvey,TrainingNeighbor_1,1779828726,1,0,0
ahrup1ic,62,ndjatk03,15,mock_N08_N04_Aonly,AttentionCheck,1779828727,1,0,0
ahrup1ic,109,xqbq9585,10,presurvey,ExperimentInstruction,1779828729,1,0,0
ahrup1ic,106,96a6lnd0,11,presurvey,Scenario,1779828730,1,0,0
ahrup1ic,59,luiivsvj,13,mock_N08_N04_Aonly,GroupingWaitPage,1779828738,1,0,1
ahrup1ic,59,luiivsvj,14,mock_N08_N04_Aonly,GroupSizeWaitPage,1779828740,1,0,1
ahrup1ic,53,ob6d6prk,201,mock_N08_N04_Aonly,Discussion,1779828742,16,1,0
ahrup1ic,110,1qscioyw,11,presurvey,Scenario,1779828744,1,0,0
ahrup1ic,59,luiivsvj,15,mock_N08_N04_Aonly,AttentionCheck,1779828752,1,0,0
ahrup1ic,113,1zmtquim,0,,InitializeParticipant,1779828756,1,0,0
ahrup1ic,67,s05jkdad,201,mock_N08_N04_Aonly,Discussion,1779828757,16,1,0
ahrup1ic,48,ybaw5pq8,208,mock_N08_N04_Aonly,DiscussionGRPWaitPage,1779828758,17,0,1
ahrup1ic,53,ob6d6prk,208,mock_N08_N04_Aonly,DiscussionGRPWaitPage,1779828758,17,0,1
ahrup1ic,61,eibwx3n3,208,mock_N08_N04_Aonly,DiscussionGRPWaitPage,1779828758,17,0,1
ahrup1ic,63,36edhsyv,208,mock_N08_N04_Aonly,DiscussionGRPWaitPage,1779828758,17,0,1
ahrup1ic,64,lhg1yio1,208,mock_N08_N04_Aonly,DiscussionGRPWaitPage,1779828758,17,0,1
ahrup1ic,67,s05jkdad,208,mock_N08_N04_Aonly,DiscussionGRPWaitPage,1779828758,17,0,1
ahrup1ic,68,7zwk0gp4,208,mock_N08_N04_Aonly,DiscussionGRPWaitPage,1779828758,17,0,1
ahrup1ic,69,51a2vcd8,208,mock_N08_N04_Aonly,DiscussionGRPWaitPage,1779828758,17,0,1
ahrup1ic,114,s235v86u,0,,InitializeParticipant,1779828759,1,0,0
ahrup1ic,48,ybaw5pq8,213,mock_N08_N04_Aonly,Discussion,1779828763,17,0,0
ahrup1ic,114,s235v86u,1,presurvey,Introduction,1779828764,1,0,0
ahrup1ic,69,51a2vcd8,213,mock_N08_N04_Aonly,Discussion,1779828764,17,0,0
ahrup1ic,68,7zwk0gp4,213,mock_N08_N04_Aonly,Discussion,1779828765,17,0,0
ahrup1ic,61,eibwx3n3,213,mock_N08_N04_Aonly,Discussion,1779828768,17,0,0
ahrup1ic,64,lhg1yio1,213,mock_N08_N04_Aonly,Discussion,1779828768,17,0,0
ahrup1ic,63,36edhsyv,213,mock_N08_N04_Aonly,Discussion,1779828771,17,0,0
ahrup1ic,83,0dtwpmb7,13,mock_N08_N04_Aonly,GroupingWaitPage,1779828773,1,0,1
ahrup1ic,83,0dtwpmb7,14,mock_N08_N04_Aonly,GroupSizeWaitPage,1779828774,1,0,1
ahrup1ic,114,s235v86u,2,presurvey,AudioCheck,1779828776,1,0,0
ahrup1ic,109,xqbq9585,11,presurvey,Scenario,1779828778,1,0,0
ahrup1ic,113,1zmtquim,1,presurvey,Introduction,1779828779,1,0,0
ahrup1ic,110,1qscioyw,12,presurvey,Commitment,1779828786,1,0,0
ahrup1ic,72,m97y8nkh,13,mock_N08_N04_Aonly,GroupingWaitPage,1779828787,1,0,1
ahrup1ic,86,12zaplf6,13,mock_N08_N04_Aonly,GroupingWaitPage,1779828787,1,0,1
ahrup1ic,100,oeowz6ax,13,mock_N08_N04_Aonly,GroupingWaitPage,1779828787,1,0,1
ahrup1ic,110,1qscioyw,13,mock_N08_N04_Aonly,GroupingWaitPage,1779828787,1,0,1
ahrup1ic,115,o9mkgvro,0,,InitializeParticipant,1779828789,1,0,0
ahrup1ic,72,m97y8nkh,14,mock_N08_N04_Aonly,GroupSizeWaitPage,1779828789,1,0,1
ahrup1ic,86,12zaplf6,14,mock_N08_N04_Aonly,GroupSizeWaitPage,1779828789,1,0,1
ahrup1ic,100,oeowz6ax,14,mock_N08_N04_Aonly,GroupSizeWaitPage,1779828789,1,0,1
ahrup1ic,110,1qscioyw,14,mock_N08_N04_Aonly,GroupSizeWaitPage,1779828789,1,0,1
ahrup1ic,114,s235v86u,3,presurvey,Demographics,1779828791,1,0,0
ahrup1ic,83,0dtwpmb7,15,mock_N08_N04_Aonly,AttentionCheck,1779828792,1,0,0
ahrup1ic,86,12zaplf6,16,mock_N08_N04_Aonly,DiscussionGRPWaitPage,1779828794,1,0,1
ahrup1ic,100,oeowz6ax,16,mock_N08_N04_Aonly,DiscussionGRPWaitPage,1779828794,1,0,1
ahrup1ic,72,m97y8nkh,16,mock_N08_N04_Aonly,DiscussionGRPWaitPage,1779828794,1,0,1
ahrup1ic,110,1qscioyw,16,mock_N08_N04_Aonly,DiscussionGRPWaitPage,1779828794,1,0,1
ahrup1ic,67,s05jkdad,213,mock_N08_N04_Aonly,Discussion,1779828794,17,1,0
ahrup1ic,111,7obk72z3,2,presurvey,AudioCheck,1779828794,1,0,0
ahrup1ic,53,ob6d6prk,213,mock_N08_N04_Aonly,Discussion,1779828806,17,1,0
ahrup1ic,48,ybaw5pq8,220,mock_N08_N04_Aonly,DiscussionGRPWaitPage,1779828806,18,0,1
ahrup1ic,53,ob6d6prk,220,mock_N08_N04_Aonly,DiscussionGRPWaitPage,1779828806,18,0,1
ahrup1ic,61,eibwx3n3,220,mock_N08_N04_Aonly,DiscussionGRPWaitPage,1779828806,18,0,1
ahrup1ic,63,36edhsyv,220,mock_N08_N04_Aonly,DiscussionGRPWaitPage,1779828806,18,0,1
ahrup1ic,64,lhg1yio1,220,mock_N08_N04_Aonly,DiscussionGRPWaitPage,1779828806,18,0,1
ahrup1ic,67,s05jkdad,220,mock_N08_N04_Aonly,DiscussionGRPWaitPage,1779828806,18,0,1
ahrup1ic,68,7zwk0gp4,220,mock_N08_N04_Aonly,DiscussionGRPWaitPage,1779828806,18,0,1
ahrup1ic,69,51a2vcd8,220,mock_N08_N04_Aonly,DiscussionGRPWaitPage,1779828806,18,0,1
ahrup1ic,113,1zmtquim,2,presurvey,AudioCheck,1779828806,1,0,0
ahrup1ic,114,s235v86u,4,presurvey,NeighborhoodInstruction,1779828806,1,0,0
ahrup1ic,84,uwn0o725,13,mock_N08_N04_Aonly,GroupingWaitPage,1779828807,1,0,1
ahrup1ic,84,uwn0o725,14,mock_N08_N04_Aonly,GroupSizeWaitPage,1779828809,1,0,1
ahrup1ic,110,1qscioyw,17,mock_N08_N04_Aonly,Nudge,1779828809,1,0,0
ahrup1ic,69,51a2vcd8,225,mock_N08_N04_Aonly,Discussion,1779828812,18,0,0
ahrup1ic,116,8090retz,0,,InitializeParticipant,1779828814,1,0,0
ahrup1ic,61,eibwx3n3,225,mock_N08_N04_Aonly,Discussion,1779828814,18,0,0
ahrup1ic,84,uwn0o725,15,mock_N08_N04_Aonly,AttentionCheck,1779828814,1,0,0
ahrup1ic,48,ybaw5pq8,225,mock_N08_N04_Aonly,Discussion,1779828816,18,0,0
ahrup1ic,117,4hxsjf9c,0,,InitializeParticipant,1779828817,1,0,0
ahrup1ic,110,1qscioyw,18,mock_N08_N04_Aonly,NudgeTraining,1779828823,1,0,0
ahrup1ic,80,tq5cbkl8,13,mock_N08_N04_Aonly,GroupingWaitPage,1779828826,1,0,1
ahrup1ic,68,7zwk0gp4,225,mock_N08_N04_Aonly,Discussion,1779828826,18,0,0
ahrup1ic,80,tq5cbkl8,14,mock_N08_N04_Aonly,GroupSizeWaitPage,1779828827,1,0,1
ahrup1ic,114,s235v86u,5,presurvey,Training,1779828827,1,0,0
ahrup1ic,63,36edhsyv,225,mock_N08_N04_Aonly,Discussion,1779828828,18,0,0
ahrup1ic,113,1zmtquim,3,presurvey,Demographics,1779828829,1,0,0
ahrup1ic,109,xqbq9585,12,presurvey,Commitment,1779828830,1,0,0
ahrup1ic,80,tq5cbkl8,15,mock_N08_N04_Aonly,AttentionCheck,1779828831,1,0,0
ahrup1ic,118,yh55ynqz,0,,InitializeParticipant,1779828833,1,0,0
ahrup1ic,106,96a6lnd0,12,presurvey,Commitment,1779828833,1,0,0
ahrup1ic,115,o9mkgvro,1,presurvey,Introduction,1779828833,1,0,0
ahrup1ic,110,1qscioyw,19,mock_N08_N04_Aonly,NudgeTrainingLast,1779828836,1,0,0
ahrup1ic,64,lhg1yio1,225,mock_N08_N04_Aonly,Discussion,1779828839,18,1,0
ahrup1ic,117,4hxsjf9c,1,presurvey,Introduction,1779828839,1,0,0
ahrup1ic,86,12zaplf6,17,mock_N08_N04_Aonly,Nudge,1779828842,1,0,0
ahrup1ic,53,ob6d6prk,225,mock_N08_N04_Aonly,Discussion,1779828843,18,1,0
ahrup1ic,78,64bkmc4j,13,mock_N08_N04_Aonly,GroupingWaitPage,1779828844,1,0,1
ahrup1ic,78,64bkmc4j,14,mock_N08_N04_Aonly,GroupSizeWaitPage,1779828846,1,0,1
ahrup1ic,119,3hbix6py,0,,InitializeParticipant,1779828846,1,0,0
ahrup1ic,100,oeowz6ax,17,mock_N08_N04_Aonly,Nudge,1779828852,1,0,0
ahrup1ic,78,64bkmc4j,15,mock_N08_N04_Aonly,AttentionCheck,1779828853,1,0,0
ahrup1ic,67,s05jkdad,225,mock_N08_N04_Aonly,Discussion,1779828855,18,1,0
ahrup1ic,110,1qscioyw,20,mock_N08_N04_Aonly,Phase3,1779828855,1,0,0
ahrup1ic,48,ybaw5pq8,232,mock_N08_N04_Aonly,DiscussionGRPWaitPage,1779828855,19,0,1
ahrup1ic,53,ob6d6prk,232,mock_N08_N04_Aonly,DiscussionGRPWaitPage,1779828855,19,0,1
ahrup1ic,61,eibwx3n3,232,mock_N08_N04_Aonly,DiscussionGRPWaitPage,1779828855,19,0,1
ahrup1ic,63,36edhsyv,232,mock_N08_N04_Aonly,DiscussionGRPWaitPage,1779828855,19,0,1
ahrup1ic,64,lhg1yio1,232,mock_N08_N04_Aonly,DiscussionGRPWaitPage,1779828855,19,0,1
ahrup1ic,67,s05jkdad,232,mock_N08_N04_Aonly,DiscussionGRPWaitPage,1779828855,19,0,1
ahrup1ic,68,7zwk0gp4,232,mock_N08_N04_Aonly,DiscussionGRPWaitPage,1779828855,19,0,1
ahrup1ic,69,51a2vcd8,232,mock_N08_N04_Aonly,DiscussionGRPWaitPage,1779828855,19,0,1
ahrup1ic,115,o9mkgvro,2,presurvey,AudioCheck,1779828856,1,0,0
ahrup1ic,114,s235v86u,6,presurvey,TrainingNeighbor_1,1779828858,1,0,0
ahrup1ic,113,1zmtquim,4,presurvey,NeighborhoodInstruction,1779828858,1,0,0
ahrup1ic,64,lhg1yio1,237,mock_N08_N04_Aonly,Discussion,1779828861,19,0,0
ahrup1ic,69,51a2vcd8,237,mock_N08_N04_Aonly,Discussion,1779828861,19,0,0
ahrup1ic,119,3hbix6py,1,presurvey,Introduction,1779828862,1,0,0
ahrup1ic,48,ybaw5pq8,237,mock_N08_N04_Aonly,Discussion,1779828863,19,0,0
ahrup1ic,114,s235v86u,10,presurvey,ExperimentInstruction,1779828863,1,0,0
ahrup1ic,100,oeowz6ax,18,mock_N08_N04_Aonly,NudgeTraining,1779828863,1,0,0
ahrup1ic,61,eibwx3n3,237,mock_N08_N04_Aonly,Discussion,1779828864,19,0,0
ahrup1ic,117,4hxsjf9c,2,presurvey,AudioCheck,1779828866,1,0,0
ahrup1ic,110,1qscioyw,21,mock_N08_N04_Aonly,Discussion,1779828868,1,0,0
ahrup1ic,63,36edhsyv,237,mock_N08_N04_Aonly,Discussion,1779828869,19,0,0
ahrup1ic,114,s235v86u,11,presurvey,Scenario,1779828871,1,0,0
ahrup1ic,116,8090retz,1,presurvey,Introduction,1779828873,1,0,0
ahrup1ic,68,7zwk0gp4,237,mock_N08_N04_Aonly,Discussion,1779828876,19,0,0
ahrup1ic,119,3hbix6py,2,presurvey,AudioCheck,1779828877,1,0,0
ahrup1ic,115,o9mkgvro,3,presurvey,Demographics,1779828878,1,0,0
ahrup1ic,100,oeowz6ax,19,mock_N08_N04_Aonly,NudgeTrainingLast,1779828880,1,0,0
ahrup1ic,86,12zaplf6,18,mock_N08_N04_Aonly,NudgeTraining,1779828880,1,0,0
ahrup1ic,113,1zmtquim,5,presurvey,Training,1779828885,1,0,0
ahrup1ic,72,m97y8nkh,17,mock_N08_N04_Aonly,Nudge,1779828887,1,1,0
ahrup1ic,117,4hxsjf9c,3,presurvey,Demographics,1779828887,1,0,0
ahrup1ic,120,nv30auaf,0,,InitializeParticipant,1779828887,1,0,0
ahrup1ic,119,3hbix6py,3,presurvey,Demographics,1779828894,1,0,0
ahrup1ic,86,12zaplf6,19,mock_N08_N04_Aonly,NudgeTrainingLast,1779828894,1,0,0
ahrup1ic,67,s05jkdad,237,mock_N08_N04_Aonly,Discussion,1779828894,19,1,0
ahrup1ic,116,8090retz,2,presurvey,AudioCheck,1779828905,1,0,0
ahrup1ic,53,ob6d6prk,237,mock_N08_N04_Aonly,Discussion,1779828906,19,1,0
ahrup1ic,119,3hbix6py,4,presurvey,NeighborhoodInstruction,1779828906,1,0,0
ahrup1ic,48,ybaw5pq8,244,mock_N08_N04_Aonly,DiscussionGRPWaitPage,1779828907,20,0,1
ahrup1ic,53,ob6d6prk,244,mock_N08_N04_Aonly,DiscussionGRPWaitPage,1779828907,20,0,1
ahrup1ic,61,eibwx3n3,244,mock_N08_N04_Aonly,DiscussionGRPWaitPage,1779828907,20,0,1
ahrup1ic,63,36edhsyv,244,mock_N08_N04_Aonly,DiscussionGRPWaitPage,1779828907,20,0,1
ahrup1ic,64,lhg1yio1,244,mock_N08_N04_Aonly,DiscussionGRPWaitPage,1779828907,20,0,1
ahrup1ic,67,s05jkdad,244,mock_N08_N04_Aonly,DiscussionGRPWaitPage,1779828907,20,0,1
ahrup1ic,68,7zwk0gp4,244,mock_N08_N04_Aonly,DiscussionGRPWaitPage,1779828907,20,0,1
ahrup1ic,69,51a2vcd8,244,mock_N08_N04_Aonly,DiscussionGRPWaitPage,1779828907,20,0,1
ahrup1ic,118,yh55ynqz,1,presurvey,Introduction,1779828907,1,0,0
ahrup1ic,69,51a2vcd8,249,mock_N08_N04_Aonly,Discussion,1779828911,20,0,0
ahrup1ic,100,oeowz6ax,20,mock_N08_N04_Aonly,Phase3,1779828912,1,0,0
ahrup1ic,61,eibwx3n3,249,mock_N08_N04_Aonly,Discussion,1779828912,20,0,0
ahrup1ic,64,lhg1yio1,249,mock_N08_N04_Aonly,Discussion,1779828913,20,0,0
ahrup1ic,113,1zmtquim,6,presurvey,TrainingNeighbor_1,1779828914,1,0,0
ahrup1ic,117,4hxsjf9c,4,presurvey,NeighborhoodInstruction,1779828915,1,0,0
ahrup1ic,48,ybaw5pq8,249,mock_N08_N04_Aonly,Discussion,1779828919,20,0,0
ahrup1ic,63,36edhsyv,249,mock_N08_N04_Aonly,Discussion,1779828920,20,0,0
ahrup1ic,89,rs9vdes5,13,mock_N08_N04_Aonly,GroupingWaitPage,1779828921,1,0,1
ahrup1ic,116,8090retz,3,presurvey,Demographics,1779828922,1,0,0
ahrup1ic,115,o9mkgvro,4,presurvey,NeighborhoodInstruction,1779828922,1,0,0
ahrup1ic,89,rs9vdes5,14,mock_N08_N04_Aonly,GroupSizeWaitPage,1779828922,1,0,1
ahrup1ic,113,1zmtquim,7,presurvey,TrainingNeighbor_2,1779828923,1,0,0
ahrup1ic,68,7zwk0gp4,249,mock_N08_N04_Aonly,Discussion,1779828925,20,0,0
ahrup1ic,69,51a2vcd8,250,mock_N08_N04_Aonly,Additional,1779828927,20,0,0
ahrup1ic,100,oeowz6ax,21,mock_N08_N04_Aonly,Discussion,1779828928,1,0,0
ahrup1ic,119,3hbix6py,5,presurvey,Training,1779828930,1,0,0
ahrup1ic,89,rs9vdes5,15,mock_N08_N04_Aonly,AttentionCheck,1779828933,1,0,0
ahrup1ic,53,ob6d6prk,249,mock_N08_N04_Aonly,Discussion,1779828937,20,1,0
ahrup1ic,68,7zwk0gp4,250,mock_N08_N04_Aonly,Additional,1779828939,20,0,0
ahrup1ic,121,pk090nuv,0,,InitializeParticipant,1779828940,1,0,0
ahrup1ic,86,12zaplf6,20,mock_N08_N04_Aonly,Phase3,1779828941,1,1,0
ahrup1ic,122,cjwweumk,0,,InitializeParticipant,1779828943,1,0,0
ahrup1ic,64,lhg1yio1,250,mock_N08_N04_Aonly,Additional,1779828943,20,0,0
ahrup1ic,113,1zmtquim,10,presurvey,ExperimentInstruction,1779828944,1,0,0
ahrup1ic,61,eibwx3n3,250,mock_N08_N04_Aonly,Additional,1779828946,20,0,0
ahrup1ic,119,3hbix6py,6,presurvey,TrainingNeighbor_1,1779828954,1,0,0
ahrup1ic,67,s05jkdad,249,mock_N08_N04_Aonly,Discussion,1779828955,20,1,0
ahrup1ic,86,12zaplf6,21,mock_N08_N04_Aonly,Discussion,1779828956,1,0,0
ahrup1ic,114,s235v86u,12,presurvey,Commitment,1779828956,1,0,0
ahrup1ic,117,4hxsjf9c,5,presurvey,Training,1779828957,1,0,0
ahrup1ic,119,3hbix6py,10,presurvey,ExperimentInstruction,1779828960,1,0,0
ahrup1ic,115,o9mkgvro,5,presurvey,Training,1779828962,1,0,0
ahrup1ic,48,ybaw5pq8,250,mock_N08_N04_Aonly,Additional,1779828962,20,0,0
ahrup1ic,63,36edhsyv,250,mock_N08_N04_Aonly,Additional,1779828962,20,0,0
ahrup1ic,48,ybaw5pq8,251,mock_N08_N04_Aonly,FinalRoundWaitPage,1779828963,20,0,1
ahrup1ic,61,eibwx3n3,251,mock_N08_N04_Aonly,FinalRoundWaitPage,1779828963,20,0,1
ahrup1ic,68,7zwk0gp4,251,mock_N08_N04_Aonly,FinalRoundWaitPage,1779828963,20,0,1
ahrup1ic,64,lhg1yio1,251,mock_N08_N04_Aonly,FinalRoundWaitPage,1779828963,20,0,1
ahrup1ic,69,51a2vcd8,251,mock_N08_N04_Aonly,FinalRoundWaitPage,1779828963,20,0,1
ahrup1ic,63,36edhsyv,251,mock_N08_N04_Aonly,FinalRoundWaitPage,1779828963,20,0,1
ahrup1ic,53,ob6d6prk,251,mock_N08_N04_Aonly,FinalRoundWaitPage,1779828963,20,0,1
ahrup1ic,67,s05jkdad,251,mock_N08_N04_Aonly,FinalRoundWaitPage,1779828963,20,0,1
ahrup1ic,116,8090retz,4,presurvey,NeighborhoodInstruction,1779828970,1,0,0
ahrup1ic,69,51a2vcd8,252,mock_N08_N04_Aonly,FinalRound,1779828971,20,0,0
ahrup1ic,118,yh55ynqz,2,presurvey,AudioCheck,1779828973,1,0,0
ahrup1ic,113,1zmtquim,11,presurvey,Scenario,1779828973,1,0,0
ahrup1ic,63,36edhsyv,252,mock_N08_N04_Aonly,FinalRound,1779828975,20,0,0
ahrup1ic,48,ybaw5pq8,252,mock_N08_N04_Aonly,FinalRound,1779828977,20,0,0
ahrup1ic,64,lhg1yio1,252,mock_N08_N04_Aonly,FinalRound,1779828977,20,0,0
ahrup1ic,72,m97y8nkh,18,mock_N08_N04_Aonly,NudgeTraining,1779828978,1,1,0
ahrup1ic,119,3hbix6py,11,presurvey,Scenario,1779828981,1,0,0
ahrup1ic,61,eibwx3n3,252,mock_N08_N04_Aonly,FinalRound,1779828986,20,0,0
ahrup1ic,121,pk090nuv,1,presurvey,Introduction,1779828987,1,0,0
ahrup1ic,68,7zwk0gp4,252,mock_N08_N04_Aonly,FinalRound,1779828987,20,0,0
ahrup1ic,123,05sp0due,0,,InitializeParticipant,1779828987,1,0,0
ahrup1ic,115,o9mkgvro,6,presurvey,TrainingNeighbor_1,1779828988,1,0,0
ahrup1ic,72,m97y8nkh,19,mock_N08_N04_Aonly,NudgeTrainingLast,1779828992,1,0,0
ahrup1ic,124,vv584g0j,0,,InitializeParticipant,1779828992,1,0,0
ahrup1ic,120,nv30auaf,1,presurvey,Introduction,1779828992,1,0,0
ahrup1ic,118,yh55ynqz,3,presurvey,Demographics,1779828995,1,0,0
ahrup1ic,115,o9mkgvro,7,presurvey,TrainingNeighbor_2,1779828998,1,0,0
ahrup1ic,124,vv584g0j,1,presurvey,Introduction,1779828999,1,0,0
ahrup1ic,72,m97y8nkh,20,mock_N08_N04_Aonly,Phase3,1779829001,1,0,0
ahrup1ic,125,zo8gnz47,0,,InitializeParticipant,1779829001,1,0,0
ahrup1ic,95,07t5unqq,13,mock_N08_N04_Aonly,GroupingWaitPage,1779829009,1,0,1
ahrup1ic,95,07t5unqq,14,mock_N08_N04_Aonly,GroupSizeWaitPage,1779829010,1,0,1
ahrup1ic,72,m97y8nkh,21,mock_N08_N04_Aonly,Discussion,1779829010,1,0,0
ahrup1ic,72,m97y8nkh,28,mock_N08_N04_Aonly,DiscussionGRPWaitPage,1779829011,2,0,1
ahrup1ic,86,12zaplf6,28,mock_N08_N04_Aonly,DiscussionGRPWaitPage,1779829011,2,0,1
ahrup1ic,100,oeowz6ax,28,mock_N08_N04_Aonly,DiscussionGRPWaitPage,1779829011,2,0,1
ahrup1ic,110,1qscioyw,28,mock_N08_N04_Aonly,DiscussionGRPWaitPage,1779829011,2,0,1
ahrup1ic,125,zo8gnz47,1,presurvey,Introduction,1779829012,1,0,0
ahrup1ic,124,vv584g0j,2,presurvey,AudioCheck,1779829012,1,0,0
ahrup1ic,95,07t5unqq,15,mock_N08_N04_Aonly,AttentionCheck,1779829014,1,0,0
ahrup1ic,122,cjwweumk,1,presurvey,Introduction,1779829016,1,0,0
ahrup1ic,118,yh55ynqz,4,presurvey,NeighborhoodInstruction,1779829018,1,0,0
ahrup1ic,72,m97y8nkh,33,mock_N08_N04_Aonly,Discussion,1779829021,2,0,0
ahrup1ic,126,dqxiryce,0,,InitializeParticipant,1779829023,1,0,0
ahrup1ic,115,o9mkgvro,10,presurvey,ExperimentInstruction,1779829023,1,0,0
ahrup1ic,125,zo8gnz47,2,presurvey,AudioCheck,1779829024,1,0,0
ahrup1ic,124,vv584g0j,3,presurvey,Demographics,1779829026,1,0,0
ahrup1ic,100,oeowz6ax,33,mock_N08_N04_Aonly,Discussion,1779829027,2,0,0
ahrup1ic,117,4hxsjf9c,6,presurvey,TrainingNeighbor_1,1779829028,1,0,0
ahrup1ic,126,dqxiryce,1,presurvey,Introduction,1779829030,1,0,0
ahrup1ic,127,suvudfgx,0,,InitializeParticipant,1779829032,1,0,0
ahrup1ic,86,12zaplf6,33,mock_N08_N04_Aonly,Discussion,1779829032,2,0,0
ahrup1ic,124,vv584g0j,4,presurvey,NeighborhoodInstruction,1779829035,1,0,0
ahrup1ic,128,irgbk9u2,0,,InitializeParticipant,1779829035,1,0,0
ahrup1ic,125,zo8gnz47,3,presurvey,Demographics,1779829040,1,0,0
ahrup1ic,110,1qscioyw,33,mock_N08_N04_Aonly,Discussion,1779829040,2,0,0
ahrup1ic,86,12zaplf6,40,mock_N08_N04_Aonly,DiscussionGRPWaitPage,1779829040,3,0,1
ahrup1ic,100,oeowz6ax,40,mock_N08_N04_Aonly,DiscussionGRPWaitPage,1779829040,3,0,1
ahrup1ic,72,m97y8nkh,40,mock_N08_N04_Aonly,DiscussionGRPWaitPage,1779829040,3,0,1
ahrup1ic,110,1qscioyw,40,mock_N08_N04_Aonly,DiscussionGRPWaitPage,1779829040,3,0,1
ahrup1ic,128,irgbk9u2,1,presurvey,Introduction,1779829042,1,0,0
ahrup1ic,120,nv30auaf,2,presurvey,AudioCheck,1779829044,1,0,0
ahrup1ic,117,4hxsjf9c,10,presurvey,ExperimentInstruction,1779829047,1,0,0
ahrup1ic,124,vv584g0j,5,presurvey,Training,1779829050,1,0,0
ahrup1ic,125,zo8gnz47,4,presurvey,NeighborhoodInstruction,1779829050,1,0,0
ahrup1ic,110,1qscioyw,45,mock_N08_N04_Aonly,Discussion,1779829050,3,0,0
ahrup1ic,72,m97y8nkh,45,mock_N08_N04_Aonly,Discussion,1779829052,3,0,0
ahrup1ic,94,imdfrjjg,13,mock_N08_N04_Aonly,GroupingWaitPage,1779829055,1,0,1
ahrup1ic,113,1zmtquim,12,presurvey,Commitment,1779829055,1,0,0
ahrup1ic,86,12zaplf6,45,mock_N08_N04_Aonly,Discussion,1779829061,3,0,0
ahrup1ic,100,oeowz6ax,45,mock_N08_N04_Aonly,Discussion,1779829062,3,0,0
ahrup1ic,126,dqxiryce,2,presurvey,AudioCheck,1779829062,1,0,0
ahrup1ic,128,irgbk9u2,2,presurvey,AudioCheck,1779829062,1,0,0
ahrup1ic,122,cjwweumk,2,presurvey,AudioCheck,1779829062,1,0,0
ahrup1ic,86,12zaplf6,52,mock_N08_N04_Aonly,DiscussionGRPWaitPage,1779829062,4,0,1
ahrup1ic,100,oeowz6ax,52,mock_N08_N04_Aonly,DiscussionGRPWaitPage,1779829062,4,0,1
ahrup1ic,72,m97y8nkh,52,mock_N08_N04_Aonly,DiscussionGRPWaitPage,1779829062,4,0,1
ahrup1ic,110,1qscioyw,52,mock_N08_N04_Aonly,DiscussionGRPWaitPage,1779829062,4,0,1
ahrup1ic,94,imdfrjjg,14,mock_N08_N04_Aonly,GroupSizeWaitPage,1779829062,1,0,1
ahrup1ic,127,suvudfgx,1,presurvey,Introduction,1779829066,1,0,0
ahrup1ic,115,o9mkgvro,11,presurvey,Scenario,1779829066,1,0,0
ahrup1ic,100,oeowz6ax,57,mock_N08_N04_Aonly,Discussion,1779829072,4,0,0
ahrup1ic,121,pk090nuv,2,presurvey,AudioCheck,1779829073,1,0,0
ahrup1ic,124,vv584g0j,6,presurvey,TrainingNeighbor_1,1779829074,1,0,0
ahrup1ic,72,m97y8nkh,57,mock_N08_N04_Aonly,Discussion,1779829074,4,0,0
ahrup1ic,125,zo8gnz47,5,presurvey,Training,1779829075,1,0,0
ahrup1ic,94,imdfrjjg,15,mock_N08_N04_Aonly,AttentionCheck,1779829076,1,0,0
ahrup1ic,126,dqxiryce,3,presurvey,Demographics,1779829077,1,0,0
ahrup1ic,124,vv584g0j,7,presurvey,TrainingNeighbor_2,1779829081,1,0,0
ahrup1ic,86,12zaplf6,57,mock_N08_N04_Aonly,Discussion,1779829082,4,0,0
ahrup1ic,122,cjwweumk,3,presurvey,Demographics,1779829083,1,0,0
ahrup1ic,110,1qscioyw,57,mock_N08_N04_Aonly,Discussion,1779829083,4,0,0
ahrup1ic,110,1qscioyw,64,mock_N08_N04_Aonly,DiscussionGRPWaitPage,1779829084,5,0,1
ahrup1ic,86,12zaplf6,64,mock_N08_N04_Aonly,DiscussionGRPWaitPage,1779829084,5,0,1
ahrup1ic,100,oeowz6ax,64,mock_N08_N04_Aonly,DiscussionGRPWaitPage,1779829084,5,0,1
ahrup1ic,72,m97y8nkh,64,mock_N08_N04_Aonly,DiscussionGRPWaitPage,1779829084,5,0,1
ahrup1ic,124,vv584g0j,10,presurvey,ExperimentInstruction,1779829084,1,0,0
ahrup1ic,117,4hxsjf9c,11,presurvey,Scenario,1779829085,1,0,0
ahrup1ic,128,irgbk9u2,3,presurvey,Demographics,1779829091,1,0,0
ahrup1ic,118,yh55ynqz,5,presurvey,Training,1779829091,1,0,0
ahrup1ic,120,nv30auaf,3,presurvey,Demographics,1779829091,1,0,0
ahrup1ic,110,1qscioyw,69,mock_N08_N04_Aonly,Discussion,1779829091,5,0,0
ahrup1ic,127,suvudfgx,2,presurvey,AudioCheck,1779829092,1,0,0
ahrup1ic,86,12zaplf6,69,mock_N08_N04_Aonly,Discussion,1779829094,5,0,0
ahrup1ic,116,8090retz,5,presurvey,Training,1779829096,1,0,0
ahrup1ic,121,pk090nuv,3,presurvey,Demographics,1779829098,1,0,0
ahrup1ic,125,zo8gnz47,6,presurvey,TrainingNeighbor_1,1779829102,1,0,0
ahrup1ic,72,m97y8nkh,69,mock_N08_N04_Aonly,Discussion,1779829108,5,0,0
ahrup1ic,126,dqxiryce,4,presurvey,NeighborhoodInstruction,1779829114,1,0,0
ahrup1ic,100,oeowz6ax,69,mock_N08_N04_Aonly,Discussion,1779829114,5,0,0
ahrup1ic,86,12zaplf6,76,mock_N08_N04_Aonly,DiscussionGRPWaitPage,1779829115,6,0,1
ahrup1ic,100,oeowz6ax,76,mock_N08_N04_Aonly,DiscussionGRPWaitPage,1779829115,6,0,1
ahrup1ic,72,m97y8nkh,76,mock_N08_N04_Aonly,DiscussionGRPWaitPage,1779829115,6,0,1
ahrup1ic,110,1qscioyw,76,mock_N08_N04_Aonly,DiscussionGRPWaitPage,1779829115,6,0,1
ahrup1ic,124,vv584g0j,11,presurvey,Scenario,1779829115,1,0,0
ahrup1ic,100,oeowz6ax,81,mock_N08_N04_Aonly,Discussion,1779829119,6,0,0
ahrup1ic,127,suvudfgx,3,presurvey,Demographics,1779829120,1,0,0
ahrup1ic,86,12zaplf6,81,mock_N08_N04_Aonly,Discussion,1779829122,6,0,0
ahrup1ic,104,n5h19r6c,13,mock_N08_N04_Aonly,GroupingWaitPage,1779829124,1,0,1
ahrup1ic,104,n5h19r6c,14,mock_N08_N04_Aonly,GroupSizeWaitPage,1779829125,1,0,1
ahrup1ic,72,m97y8nkh,81,mock_N08_N04_Aonly,Discussion,1779829125,6,0,0
ahrup1ic,129,hh95dvo1,0,,InitializeParticipant,1779829127,1,0,0
ahrup1ic,115,o9mkgvro,12,presurvey,Commitment,1779829127,1,0,0
ahrup1ic,128,irgbk9u2,4,presurvey,NeighborhoodInstruction,1779829128,1,0,0
ahrup1ic,104,n5h19r6c,15,mock_N08_N04_Aonly,AttentionCheck,1779829128,1,0,0
ahrup1ic,122,cjwweumk,4,presurvey,NeighborhoodInstruction,1779829132,1,0,0
ahrup1ic,92,bmmgl2gw,13,mock_N08_N04_Aonly,GroupingWaitPage,1779829133,1,0,1
ahrup1ic,92,bmmgl2gw,14,mock_N08_N04_Aonly,GroupSizeWaitPage,1779829134,1,0,1
ahrup1ic,121,pk090nuv,4,presurvey,NeighborhoodInstruction,1779829134,1,0,0
ahrup1ic,130,kvvvy2eu,0,,InitializeParticipant,1779829134,1,0,0
ahrup1ic,131,xo8hq7mu,0,,InitializeParticipant,1779829135,1,0,0
ahrup1ic,118,yh55ynqz,6,presurvey,TrainingNeighbor_1,1779829136,1,0,0
ahrup1ic,120,nv30auaf,4,presurvey,NeighborhoodInstruction,1779829138,1,0,0
ahrup1ic,125,zo8gnz47,7,presurvey,TrainingNeighbor_2,1779829141,1,0,0
ahrup1ic,127,suvudfgx,4,presurvey,NeighborhoodInstruction,1779829141,1,0,0
ahrup1ic,132,69j9zsh3,0,,InitializeParticipant,1779829144,1,0,0
ahrup1ic,110,1qscioyw,81,mock_N08_N04_Aonly,Discussion,1779829146,6,1,0
ahrup1ic,86,12zaplf6,88,mock_N08_N04_Aonly,DiscussionGRPWaitPage,1779829146,7,0,1
ahrup1ic,72,m97y8nkh,88,mock_N08_N04_Aonly,DiscussionGRPWaitPage,1779829146,7,0,1
ahrup1ic,100,oeowz6ax,88,mock_N08_N04_Aonly,DiscussionGRPWaitPage,1779829146,7,0,1
ahrup1ic,110,1qscioyw,88,mock_N08_N04_Aonly,DiscussionGRPWaitPage,1779829146,7,0,1
ahrup1ic,125,zo8gnz47,10,presurvey,ExperimentInstruction,1779829149,1,0,0
ahrup1ic,124,vv584g0j,12,presurvey,Commitment,1779829149,1,0,0
ahrup1ic,133,1u39593l,0,,InitializeParticipant,1779829150,1,0,0
ahrup1ic,110,1qscioyw,93,mock_N08_N04_Aonly,Discussion,1779829150,7,0,0
ahrup1ic,132,69j9zsh3,1,presurvey,Introduction,1779829150,1,0,0
ahrup1ic,86,12zaplf6,93,mock_N08_N04_Aonly,Discussion,1779829152,7,0,0
ahrup1ic,134,ng388omb,0,,InitializeParticipant,1779829153,1,0,0
ahrup1ic,90,xcxxpcf9,13,mock_N08_N04_Aonly,GroupingWaitPage,1779829154,1,0,1
ahrup1ic,90,xcxxpcf9,14,mock_N08_N04_Aonly,GroupSizeWaitPage,1779829155,1,0,1
ahrup1ic,72,m97y8nkh,93,mock_N08_N04_Aonly,Discussion,1779829155,7,0,0
ahrup1ic,126,dqxiryce,5,presurvey,Training,1779829155,1,0,0
ahrup1ic,92,bmmgl2gw,15,mock_N08_N04_Aonly,AttentionCheck,1779829156,1,0,0
ahrup1ic,130,kvvvy2eu,1,presurvey,Introduction,1779829160,1,0,0
ahrup1ic,135,8f76v4hs,0,,InitializeParticipant,1779829160,1,0,0
ahrup1ic,132,69j9zsh3,2,presurvey,AudioCheck,1779829162,1,0,0
ahrup1ic,136,fxas1u7t,0,,InitializeParticipant,1779829165,1,0,0
ahrup1ic,90,xcxxpcf9,15,mock_N08_N04_Aonly,AttentionCheck,1779829165,1,0,0
ahrup1ic,122,cjwweumk,5,presurvey,Training,1779829169,1,0,0
ahrup1ic,96,d9emac2x,13,mock_N08_N04_Aonly,GroupingWaitPage,1779829170,1,0,1
ahrup1ic,128,irgbk9u2,5,presurvey,Training,1779829170,1,0,0
ahrup1ic,129,hh95dvo1,1,presurvey,Introduction,1779829171,1,0,0
ahrup1ic,96,d9emac2x,14,mock_N08_N04_Aonly,GroupSizeWaitPage,1779829171,1,0,1
ahrup1ic,125,zo8gnz47,11,presurvey,Scenario,1779829171,1,0,0
ahrup1ic,133,1u39593l,1,presurvey,Introduction,1779829177,1,0,0
ahrup1ic,118,yh55ynqz,10,presurvey,ExperimentInstruction,1779829177,1,0,0
ahrup1ic,130,kvvvy2eu,2,presurvey,AudioCheck,1779829177,1,0,0
ahrup1ic,100,oeowz6ax,93,mock_N08_N04_Aonly,Discussion,1779829177,7,1,0
ahrup1ic,86,12zaplf6,100,mock_N08_N04_Aonly,DiscussionGRPWaitPage,1779829178,8,0,1
ahrup1ic,100,oeowz6ax,100,mock_N08_N04_Aonly,DiscussionGRPWaitPage,1779829178,8,0,1
ahrup1ic,72,m97y8nkh,100,mock_N08_N04_Aonly,DiscussionGRPWaitPage,1779829178,8,0,1
ahrup1ic,110,1qscioyw,100,mock_N08_N04_Aonly,DiscussionGRPWaitPage,1779829178,8,0,1
ahrup1ic,137,wylmedud,0,,InitializeParticipant,1779829180,1,0,0
ahrup1ic,138,slz6q3dn,0,,InitializeParticipant,1779829181,1,0,0
ahrup1ic,132,69j9zsh3,3,presurvey,Demographics,1779829181,1,0,0
ahrup1ic,136,fxas1u7t,1,presurvey,Introduction,1779829181,1,0,0
ahrup1ic,96,d9emac2x,15,mock_N08_N04_Aonly,AttentionCheck,1779829186,1,0,0
ahrup1ic,100,oeowz6ax,105,mock_N08_N04_Aonly,Discussion,1779829187,8,0,0
ahrup1ic,110,1qscioyw,105,mock_N08_N04_Aonly,Discussion,1779829187,8,0,0
ahrup1ic,129,hh95dvo1,2,presurvey,AudioCheck,1779829188,1,0,0
ahrup1ic,134,ng388omb,1,presurvey,Introduction,1779829188,1,0,0
ahrup1ic,138,slz6q3dn,1,presurvey,Introduction,1779829188,1,0,0
ahrup1ic,130,kvvvy2eu,3,presurvey,Demographics,1779829188,1,0,0
ahrup1ic,72,m97y8nkh,105,mock_N08_N04_Aonly,Discussion,1779829189,8,0,0
ahrup1ic,121,pk090nuv,5,presurvey,Training,1779829190,1,0,0
ahrup1ic,132,69j9zsh3,4,presurvey,NeighborhoodInstruction,1779829192,1,0,0
ahrup1ic,133,1u39593l,2,presurvey,AudioCheck,1779829194,1,0,0
ahrup1ic,86,12zaplf6,105,mock_N08_N04_Aonly,Discussion,1779829195,8,0,0
ahrup1ic,86,12zaplf6,112,mock_N08_N04_Aonly,DiscussionGRPWaitPage,1779829195,9,0,1
ahrup1ic,100,oeowz6ax,112,mock_N08_N04_Aonly,DiscussionGRPWaitPage,1779829195,9,0,1
ahrup1ic,72,m97y8nkh,112,mock_N08_N04_Aonly,DiscussionGRPWaitPage,1779829195,9,0,1
ahrup1ic,110,1qscioyw,112,mock_N08_N04_Aonly,DiscussionGRPWaitPage,1779829195,9,0,1
ahrup1ic,139,iwnrusx5,0,,InitializeParticipant,1779829198,1,0,0
ahrup1ic,135,8f76v4hs,1,presurvey,Introduction,1779829199,1,0,0
ahrup1ic,100,oeowz6ax,117,mock_N08_N04_Aonly,Discussion,1779829199,9,0,0
ahrup1ic,138,slz6q3dn,2,presurvey,AudioCheck,1779829200,1,0,0
ahrup1ic,126,dqxiryce,6,presurvey,TrainingNeighbor_1,1779829200,1,0,0
ahrup1ic,86,12zaplf6,117,mock_N08_N04_Aonly,Discussion,1779829202,9,0,0
ahrup1ic,137,wylmedud,1,presurvey,Introduction,1779829203,1,0,0
ahrup1ic,72,m97y8nkh,117,mock_N08_N04_Aonly,Discussion,1779829203,9,0,0
ahrup1ic,110,1qscioyw,117,mock_N08_N04_Aonly,Discussion,1779829205,9,0,0
ahrup1ic,86,12zaplf6,124,mock_N08_N04_Aonly,DiscussionGRPWaitPage,1779829205,10,0,1
ahrup1ic,72,m97y8nkh,124,mock_N08_N04_Aonly,DiscussionGRPWaitPage,1779829205,10,0,1
ahrup1ic,100,oeowz6ax,124,mock_N08_N04_Aonly,DiscussionGRPWaitPage,1779829205,10,0,1
ahrup1ic,110,1qscioyw,124,mock_N08_N04_Aonly,DiscussionGRPWaitPage,1779829205,10,0,1
ahrup1ic,125,zo8gnz47,12,presurvey,Commitment,1779829205,1,0,0
ahrup1ic,116,8090retz,6,presurvey,TrainingNeighbor_1,1779829205,1,0,0
ahrup1ic,123,05sp0due,1,presurvey,Introduction,1779829207,1,0,0
ahrup1ic,130,kvvvy2eu,4,presurvey,NeighborhoodInstruction,1779829207,1,0,0
ahrup1ic,139,iwnrusx5,1,presurvey,Introduction,1779829207,1,0,0
ahrup1ic,110,1qscioyw,129,mock_N08_N04_Aonly,Discussion,1779829209,10,0,0
ahrup1ic,118,yh55ynqz,11,presurvey,Scenario,1779829210,1,0,0
ahrup1ic,100,oeowz6ax,129,mock_N08_N04_Aonly,Discussion,1779829211,10,0,0
ahrup1ic,72,m97y8nkh,129,mock_N08_N04_Aonly,Discussion,1779829212,10,0,0
ahrup1ic,127,suvudfgx,5,presurvey,Training,1779829213,1,0,0
ahrup1ic,140,c0j0fh61,0,,InitializeParticipant,1779829213,1,0,0
ahrup1ic,134,ng388omb,2,presurvey,AudioCheck,1779829214,1,0,0
ahrup1ic,135,8f76v4hs,2,presurvey,AudioCheck,1779829215,1,0,0
ahrup1ic,86,12zaplf6,129,mock_N08_N04_Aonly,Discussion,1779829216,10,0,0
ahrup1ic,86,12zaplf6,136,mock_N08_N04_Aonly,DiscussionGRPWaitPage,1779829216,11,0,1
ahrup1ic,100,oeowz6ax,136,mock_N08_N04_Aonly,DiscussionGRPWaitPage,1779829216,11,0,1
ahrup1ic,72,m97y8nkh,136,mock_N08_N04_Aonly,DiscussionGRPWaitPage,1779829216,11,0,1
ahrup1ic,110,1qscioyw,136,mock_N08_N04_Aonly,DiscussionGRPWaitPage,1779829216,11,0,1
ahrup1ic,137,wylmedud,2,presurvey,AudioCheck,1779829216,1,0,0
ahrup1ic,136,fxas1u7t,2,presurvey,AudioCheck,1779829217,1,0,0
ahrup1ic,132,69j9zsh3,5,presurvey,Training,1779829217,1,0,0
ahrup1ic,110,1qscioyw,141,mock_N08_N04_Aonly,Discussion,1779829219,11,0,0
ahrup1ic,122,cjwweumk,6,presurvey,TrainingNeighbor_1,1779829220,1,0,0
ahrup1ic,129,hh95dvo1,3,presurvey,Demographics,1779829221,1,0,0
ahrup1ic,138,slz6q3dn,3,presurvey,Demographics,1779829222,1,0,0
ahrup1ic,72,m97y8nkh,141,mock_N08_N04_Aonly,Discussion,1779829222,11,0,0
ahrup1ic,100,oeowz6ax,141,mock_N08_N04_Aonly,Discussion,1779829223,11,0,0
ahrup1ic,139,iwnrusx5,2,presurvey,AudioCheck,1779829224,1,0,0
ahrup1ic,135,8f76v4hs,3,presurvey,Demographics,1779829225,1,0,0
ahrup1ic,131,xo8hq7mu,1,presurvey,Introduction,1779829226,1,0,0
ahrup1ic,133,1u39593l,3,presurvey,Demographics,1779829228,1,0,0
ahrup1ic,86,12zaplf6,141,mock_N08_N04_Aonly,Discussion,1779829230,11,0,0
ahrup1ic,126,dqxiryce,7,presurvey,TrainingNeighbor_2,1779829231,1,0,0
ahrup1ic,86,12zaplf6,148,mock_N08_N04_Aonly,DiscussionGRPWaitPage,1779829231,12,0,1
ahrup1ic,100,oeowz6ax,148,mock_N08_N04_Aonly,DiscussionGRPWaitPage,1779829231,12,0,1
ahrup1ic,72,m97y8nkh,148,mock_N08_N04_Aonly,DiscussionGRPWaitPage,1779829231,12,0,1
ahrup1ic,110,1qscioyw,148,mock_N08_N04_Aonly,DiscussionGRPWaitPage,1779829231,12,0,1
ahrup1ic,129,hh95dvo1,4,presurvey,NeighborhoodInstruction,1779829232,1,0,0
ahrup1ic,141,g7ws6ndv,0,,InitializeParticipant,1779829232,1,0,0
ahrup1ic,135,8f76v4hs,4,presurvey,NeighborhoodInstruction,1779829233,1,0,0
ahrup1ic,134,ng388omb,3,presurvey,Demographics,1779829234,1,0,0
ahrup1ic,128,irgbk9u2,6,presurvey,TrainingNeighbor_1,1779829235,1,0,0
ahrup1ic,120,nv30auaf,5,presurvey,Training,1779829236,1,0,0
ahrup1ic,100,oeowz6ax,153,mock_N08_N04_Aonly,Discussion,1779829236,12,0,0
ahrup1ic,72,m97y8nkh,153,mock_N08_N04_Aonly,Discussion,1779829238,12,0,0
ahrup1ic,132,69j9zsh3,6,presurvey,TrainingNeighbor_1,1779829240,1,0,0
ahrup1ic,133,1u39593l,4,presurvey,NeighborhoodInstruction,1779829240,1,0,0
ahrup1ic,110,1qscioyw,153,mock_N08_N04_Aonly,Discussion,1779829241,12,0,0
ahrup1ic,142,t9sncz0i,0,,InitializeParticipant,1779829242,1,0,0
ahrup1ic,130,kvvvy2eu,5,presurvey,Training,1779829242,1,0,0
ahrup1ic,86,12zaplf6,153,mock_N08_N04_Aonly,Discussion,1779829243,12,0,0
ahrup1ic,132,69j9zsh3,7,presurvey,TrainingNeighbor_2,1779829243,1,0,0
ahrup1ic,86,12zaplf6,160,mock_N08_N04_Aonly,DiscussionGRPWaitPage,1779829243,13,0,1
ahrup1ic,72,m97y8nkh,160,mock_N08_N04_Aonly,DiscussionGRPWaitPage,1779829243,13,0,1
ahrup1ic,100,oeowz6ax,160,mock_N08_N04_Aonly,DiscussionGRPWaitPage,1779829243,13,0,1
ahrup1ic,110,1qscioyw,160,mock_N08_N04_Aonly,DiscussionGRPWaitPage,1779829243,13,0,1
ahrup1ic,132,69j9zsh3,10,presurvey,ExperimentInstruction,1779829245,1,0,0
ahrup1ic,139,iwnrusx5,3,presurvey,Demographics,1779829246,1,0,0
ahrup1ic,137,wylmedud,3,presurvey,Demographics,1779829246,1,0,0
ahrup1ic,142,t9sncz0i,1,presurvey,Introduction,1779829246,1,0,0
ahrup1ic,127,suvudfgx,6,presurvey,TrainingNeighbor_1,1779829247,1,0,0
ahrup1ic,141,g7ws6ndv,1,presurvey,Introduction,1779829247,1,0,0
ahrup1ic,122,cjwweumk,10,presurvey,ExperimentInstruction,1779829248,1,0,0
ahrup1ic,72,m97y8nkh,165,mock_N08_N04_Aonly,Discussion,1779829249,13,0,0
ahrup1ic,128,irgbk9u2,10,presurvey,ExperimentInstruction,1779829250,1,0,0
ahrup1ic,143,hd0fo804,0,,InitializeParticipant,1779829253,1,0,0
ahrup1ic,127,suvudfgx,10,presurvey,ExperimentInstruction,1779829254,1,0,0
ahrup1ic,134,ng388omb,4,presurvey,NeighborhoodInstruction,1779829254,1,0,0
ahrup1ic,126,dqxiryce,10,presurvey,ExperimentInstruction,1779829255,1,0,0
ahrup1ic,142,t9sncz0i,2,presurvey,AudioCheck,1779829255,1,0,0
ahrup1ic,100,oeowz6ax,165,mock_N08_N04_Aonly,Discussion,1779829256,13,0,0
ahrup1ic,116,8090retz,10,presurvey,ExperimentInstruction,1779829261,1,0,0
ahrup1ic,137,wylmedud,4,presurvey,NeighborhoodInstruction,1779829261,1,0,0
ahrup1ic,136,fxas1u7t,3,presurvey,Demographics,1779829262,1,0,0
ahrup1ic,86,12zaplf6,165,mock_N08_N04_Aonly,Discussion,1779829263,13,0,0
ahrup1ic,138,slz6q3dn,4,presurvey,NeighborhoodInstruction,1779829265,1,0,0
ahrup1ic,142,t9sncz0i,3,presurvey,Demographics,1779829265,1,0,0
ahrup1ic,143,hd0fo804,1,presurvey,Introduction,1779829265,1,0,0
ahrup1ic,110,1qscioyw,165,mock_N08_N04_Aonly,Discussion,1779829267,13,0,0
ahrup1ic,86,12zaplf6,172,mock_N08_N04_Aonly,DiscussionGRPWaitPage,1779829267,14,0,1
ahrup1ic,100,oeowz6ax,172,mock_N08_N04_Aonly,DiscussionGRPWaitPage,1779829267,14,0,1
ahrup1ic,72,m97y8nkh,172,mock_N08_N04_Aonly,DiscussionGRPWaitPage,1779829267,14,0,1
ahrup1ic,110,1qscioyw,172,mock_N08_N04_Aonly,DiscussionGRPWaitPage,1779829267,14,0,1
ahrup1ic,132,69j9zsh3,11,presurvey,Scenario,1779829268,1,0,0
ahrup1ic,131,xo8hq7mu,2,presurvey,AudioCheck,1779829269,1,0,0
ahrup1ic,110,1qscioyw,177,mock_N08_N04_Aonly,Discussion,1779829269,14,0,0
ahrup1ic,139,iwnrusx5,4,presurvey,NeighborhoodInstruction,1779829270,1,0,0
ahrup1ic,130,kvvvy2eu,6,presurvey,TrainingNeighbor_1,1779829270,1,0,0
ahrup1ic,142,t9sncz0i,4,presurvey,NeighborhoodInstruction,1779829271,1,0,0
ahrup1ic,100,oeowz6ax,177,mock_N08_N04_Aonly,Discussion,1779829271,14,0,0
ahrup1ic,136,fxas1u7t,4,presurvey,NeighborhoodInstruction,1779829273,1,0,0
ahrup1ic,72,m97y8nkh,177,mock_N08_N04_Aonly,Discussion,1779829274,14,0,0
ahrup1ic,118,yh55ynqz,12,presurvey,Commitment,1779829274,1,0,0
ahrup1ic,143,hd0fo804,2,presurvey,AudioCheck,1779829275,1,0,0
ahrup1ic,129,hh95dvo1,5,presurvey,Training,1779829276,1,0,0
ahrup1ic,130,kvvvy2eu,10,presurvey,ExperimentInstruction,1779829279,1,0,0
ahrup1ic,144,c851ypbk,0,,InitializeParticipant,1779829280,1,0,0
ahrup1ic,121,pk090nuv,6,presurvey,TrainingNeighbor_1,1779829282,1,0,0
ahrup1ic,86,12zaplf6,177,mock_N08_N04_Aonly,Discussion,1779829282,14,0,0
ahrup1ic,86,12zaplf6,184,mock_N08_N04_Aonly,DiscussionGRPWaitPage,1779829282,15,0,1
ahrup1ic,100,oeowz6ax,184,mock_N08_N04_Aonly,DiscussionGRPWaitPage,1779829282,15,0,1
ahrup1ic,72,m97y8nkh,184,mock_N08_N04_Aonly,DiscussionGRPWaitPage,1779829282,15,0,1
ahrup1ic,110,1qscioyw,184,mock_N08_N04_Aonly,DiscussionGRPWaitPage,1779829282,15,0,1
ahrup1ic,136,fxas1u7t,5,presurvey,Training,1779829283,1,0,0
ahrup1ic,122,cjwweumk,11,presurvey,Scenario,1779829284,1,0,0
ahrup1ic,143,hd0fo804,3,presurvey,Demographics,1779829286,1,0,0
ahrup1ic,100,oeowz6ax,189,mock_N08_N04_Aonly,Discussion,1779829287,15,0,0
ahrup1ic,127,suvudfgx,11,presurvey,Scenario,1779829290,1,0,0
ahrup1ic,72,m97y8nkh,189,mock_N08_N04_Aonly,Discussion,1779829296,15,0,0
ahrup1ic,143,hd0fo804,4,presurvey,NeighborhoodInstruction,1779829296,1,0,0
ahrup1ic,142,t9sncz0i,5,presurvey,Training,1779829296,1,0,0
ahrup1ic,144,c851ypbk,1,presurvey,Introduction,1779829296,1,0,0
ahrup1ic,135,8f76v4hs,5,presurvey,Training,1779829296,1,0,0
ahrup1ic,131,xo8hq7mu,3,presurvey,Demographics,1779829296,1,0,0
ahrup1ic,133,1u39593l,5,presurvey,Training,1779829302,1,0,0
ahrup1ic,86,12zaplf6,189,mock_N08_N04_Aonly,Discussion,1779829302,15,0,0
ahrup1ic,141,g7ws6ndv,2,presurvey,AudioCheck,1779829304,1,0,0
ahrup1ic,110,1qscioyw,189,mock_N08_N04_Aonly,Discussion,1779829312,15,0,0
ahrup1ic,128,irgbk9u2,11,presurvey,Scenario,1779829312,1,0,0
ahrup1ic,86,12zaplf6,196,mock_N08_N04_Aonly,DiscussionGRPWaitPage,1779829312,16,0,1
ahrup1ic,72,m97y8nkh,196,mock_N08_N04_Aonly,DiscussionGRPWaitPage,1779829312,16,0,1
ahrup1ic,100,oeowz6ax,196,mock_N08_N04_Aonly,DiscussionGRPWaitPage,1779829312,16,0,1
ahrup1ic,110,1qscioyw,196,mock_N08_N04_Aonly,DiscussionGRPWaitPage,1779829312,16,0,1
ahrup1ic,143,hd0fo804,5,presurvey,Training,1779829313,1,0,0
ahrup1ic,137,wylmedud,5,presurvey,Training,1779829313,1,0,0
ahrup1ic,135,8f76v4hs,6,presurvey,TrainingNeighbor_1,1779829314,1,0,0
ahrup1ic,110,1qscioyw,201,mock_N08_N04_Aonly,Discussion,1779829315,16,0,0
ahrup1ic,132,69j9zsh3,12,presurvey,Commitment,1779829317,1,0,0
ahrup1ic,126,dqxiryce,11,presurvey,Scenario,1779829317,1,0,0
ahrup1ic,100,oeowz6ax,201,mock_N08_N04_Aonly,Discussion,1779829324,16,0,0
ahrup1ic,72,m97y8nkh,201,mock_N08_N04_Aonly,Discussion,1779829324,16,0,0
ahrup1ic,139,iwnrusx5,5,presurvey,Training,1779829324,1,0,0
ahrup1ic,130,kvvvy2eu,11,presurvey,Scenario,1779829324,1,0,0
ahrup1ic,135,8f76v4hs,10,presurvey,ExperimentInstruction,1779829324,1,0,0
ahrup1ic,121,pk090nuv,7,presurvey,TrainingNeighbor_2,1779829324,1,0,0
ahrup1ic,141,g7ws6ndv,3,presurvey,Demographics,1779829324,1,0,0
ahrup1ic,134,ng388omb,5,presurvey,Training,1779829325,1,0,0
ahrup1ic,131,xo8hq7mu,4,presurvey,NeighborhoodInstruction,1779829326,1,0,0
ahrup1ic,108,39bjjxnb,13,mock_N08_N04_Aonly,GroupingWaitPage,1779829328,1,0,1
ahrup1ic,129,hh95dvo1,6,presurvey,TrainingNeighbor_1,1779829328,1,0,0
ahrup1ic,108,39bjjxnb,14,mock_N08_N04_Aonly,GroupSizeWaitPage,1779829328,1,0,1
ahrup1ic,86,12zaplf6,201,mock_N08_N04_Aonly,Discussion,1779829330,16,0,0
ahrup1ic,86,12zaplf6,208,mock_N08_N04_Aonly,DiscussionGRPWaitPage,1779829331,17,0,1
ahrup1ic,100,oeowz6ax,208,mock_N08_N04_Aonly,DiscussionGRPWaitPage,1779829331,17,0,1
ahrup1ic,72,m97y8nkh,208,mock_N08_N04_Aonly,DiscussionGRPWaitPage,1779829331,17,0,1
ahrup1ic,110,1qscioyw,208,mock_N08_N04_Aonly,DiscussionGRPWaitPage,1779829331,17,0,1
ahrup1ic,141,g7ws6ndv,4,presurvey,NeighborhoodInstruction,1779829333,1,0,0
ahrup1ic,100,oeowz6ax,213,mock_N08_N04_Aonly,Discussion,1779829335,17,0,0
ahrup1ic,143,hd0fo804,6,presurvey,TrainingNeighbor_1,1779829335,1,0,0
ahrup1ic,72,m97y8nkh,213,mock_N08_N04_Aonly,Discussion,1779829337,17,0,0
ahrup1ic,110,1qscioyw,213,mock_N08_N04_Aonly,Discussion,1779829340,17,0,0
ahrup1ic,144,c851ypbk,2,presurvey,AudioCheck,1779829344,1,0,0
ahrup1ic,143,hd0fo804,10,presurvey,ExperimentInstruction,1779829345,1,0,0
ahrup1ic,142,t9sncz0i,6,presurvey,TrainingNeighbor_1,1779829348,1,0,0
ahrup1ic,129,hh95dvo1,7,presurvey,TrainingNeighbor_2,1779829348,1,0,0
ahrup1ic,121,pk090nuv,10,presurvey,ExperimentInstruction,1779829350,1,0,0
ahrup1ic,86,12zaplf6,213,mock_N08_N04_Aonly,Discussion,1779829353,17,0,0
ahrup1ic,136,fxas1u7t,6,presurvey,TrainingNeighbor_1,1779829353,1,0,0
ahrup1ic,86,12zaplf6,220,mock_N08_N04_Aonly,DiscussionGRPWaitPage,1779829353,18,0,1
ahrup1ic,100,oeowz6ax,220,mock_N08_N04_Aonly,DiscussionGRPWaitPage,1779829353,18,0,1
ahrup1ic,72,m97y8nkh,220,mock_N08_N04_Aonly,DiscussionGRPWaitPage,1779829353,18,0,1
ahrup1ic,110,1qscioyw,220,mock_N08_N04_Aonly,DiscussionGRPWaitPage,1779829353,18,0,1
ahrup1ic,130,kvvvy2eu,12,presurvey,Commitment,1779829354,1,0,0
ahrup1ic,143,hd0fo804,11,presurvey,Scenario,1779829355,1,0,0
ahrup1ic,138,slz6q3dn,5,presurvey,Training,1779829357,1,0,0
ahrup1ic,72,m97y8nkh,225,mock_N08_N04_Aonly,Discussion,1779829359,18,0,0
ahrup1ic,129,hh95dvo1,10,presurvey,ExperimentInstruction,1779829359,1,0,0
ahrup1ic,100,oeowz6ax,225,mock_N08_N04_Aonly,Discussion,1779829359,18,0,0
ahrup1ic,142,t9sncz0i,7,presurvey,TrainingNeighbor_2,1779829359,1,0,0
ahrup1ic,141,g7ws6ndv,5,presurvey,Training,1779829363,1,0,0
ahrup1ic,108,39bjjxnb,15,mock_N08_N04_Aonly,AttentionCheck,1779829363,1,0,0
ahrup1ic,137,wylmedud,6,presurvey,TrainingNeighbor_1,1779829365,1,0,0
ahrup1ic,140,c0j0fh61,1,presurvey,Introduction,1779829365,1,0,0
ahrup1ic,128,irgbk9u2,12,presurvey,Commitment,1779829366,1,0,0
ahrup1ic,133,1u39593l,6,presurvey,TrainingNeighbor_1,1779829366,1,0,0
ahrup1ic,142,t9sncz0i,10,presurvey,ExperimentInstruction,1779829367,1,0,0
ahrup1ic,144,c851ypbk,3,presurvey,Demographics,1779829369,1,0,0
ahrup1ic,105,eeteve3p,13,mock_N08_N04_Aonly,GroupingWaitPage,1779829369,1,0,1
ahrup1ic,105,eeteve3p,14,mock_N08_N04_Aonly,GroupSizeWaitPage,1779829371,1,0,1
ahrup1ic,135,8f76v4hs,11,presurvey,Scenario,1779829373,1,0,0
ahrup1ic,110,1qscioyw,225,mock_N08_N04_Aonly,Discussion,1779829374,18,0,0
ahrup1ic,86,12zaplf6,225,mock_N08_N04_Aonly,Discussion,1779829375,18,0,0
ahrup1ic,72,m97y8nkh,232,mock_N08_N04_Aonly,DiscussionGRPWaitPage,1779829377,19,0,1
ahrup1ic,100,oeowz6ax,232,mock_N08_N04_Aonly,DiscussionGRPWaitPage,1779829377,19,0,1
ahrup1ic,110,1qscioyw,232,mock_N08_N04_Aonly,DiscussionGRPWaitPage,1779829377,19,0,1
ahrup1ic,86,12zaplf6,232,mock_N08_N04_Aonly,DiscussionGRPWaitPage,1779829377,19,0,1
ahrup1ic,134,ng388omb,6,presurvey,TrainingNeighbor_1,1779829378,1,0,0
ahrup1ic,143,hd0fo804,12,presurvey,Commitment,1779829378,1,0,0
ahrup1ic,137,wylmedud,10,presurvey,ExperimentInstruction,1779829379,1,0,0
ahrup1ic,110,1qscioyw,237,mock_N08_N04_Aonly,Discussion,1779829381,19,0,0
ahrup1ic,105,eeteve3p,15,mock_N08_N04_Aonly,AttentionCheck,1779829382,1,0,0
ahrup1ic,136,fxas1u7t,7,presurvey,TrainingNeighbor_2,1779829384,1,0,0
ahrup1ic,100,oeowz6ax,237,mock_N08_N04_Aonly,Discussion,1779829384,19,0,0
ahrup1ic,129,hh95dvo1,11,presurvey,Scenario,1779829384,1,0,0
ahrup1ic,72,m97y8nkh,237,mock_N08_N04_Aonly,Discussion,1779829384,19,0,0
ahrup1ic,133,1u39593l,10,presurvey,ExperimentInstruction,1779829384,1,0,0
ahrup1ic,131,xo8hq7mu,5,presurvey,Training,1779829386,1,0,0
ahrup1ic,101,k1t0uouc,13,mock_N08_N04_Aonly,GroupingWaitPage,1779829390,1,0,1
ahrup1ic,101,k1t0uouc,14,mock_N08_N04_Aonly,GroupSizeWaitPage,1779829392,1,0,1
ahrup1ic,134,ng388omb,10,presurvey,ExperimentInstruction,1779829392,1,0,0
ahrup1ic,139,iwnrusx5,6,presurvey,TrainingNeighbor_1,1779829393,1,0,0
ahrup1ic,142,t9sncz0i,11,presurvey,Scenario,1779829396,1,0,0
ahrup1ic,120,nv30auaf,6,presurvey,TrainingNeighbor_1,1779829396,1,0,0
ahrup1ic,122,cjwweumk,12,presurvey,Commitment,1779829397,1,0,0
ahrup1ic,86,12zaplf6,237,mock_N08_N04_Aonly,Discussion,1779829398,19,0,0
ahrup1ic,86,12zaplf6,244,mock_N08_N04_Aonly,DiscussionGRPWaitPage,1779829398,20,0,1
ahrup1ic,100,oeowz6ax,244,mock_N08_N04_Aonly,DiscussionGRPWaitPage,1779829398,20,0,1
ahrup1ic,110,1qscioyw,244,mock_N08_N04_Aonly,DiscussionGRPWaitPage,1779829398,20,0,1
ahrup1ic,72,m97y8nkh,244,mock_N08_N04_Aonly,DiscussionGRPWaitPage,1779829398,20,0,1
ahrup1ic,139,iwnrusx5,10,presurvey,ExperimentInstruction,1779829398,1,0,0
ahrup1ic,140,c0j0fh61,2,presurvey,AudioCheck,1779829400,1,0,0
ahrup1ic,141,g7ws6ndv,6,presurvey,TrainingNeighbor_1,1779829403,1,0,0
ahrup1ic,100,oeowz6ax,249,mock_N08_N04_Aonly,Discussion,1779829403,20,0,0
ahrup1ic,72,m97y8nkh,249,mock_N08_N04_Aonly,Discussion,1779829404,20,0,0
ahrup1ic,135,8f76v4hs,12,presurvey,Commitment,1779829409,1,0,0
ahrup1ic,137,wylmedud,11,presurvey,Scenario,1779829409,1,0,0
ahrup1ic,110,1qscioyw,249,mock_N08_N04_Aonly,Discussion,1779829416,20,0,0
ahrup1ic,136,fxas1u7t,8,presurvey,AttentionCheck,1779829424,1,0,0
ahrup1ic,100,oeowz6ax,250,mock_N08_N04_Aonly,Additional,1779829430,20,0,0
ahrup1ic,121,pk090nuv,11,presurvey,Scenario,1779829430,1,0,0
ahrup1ic,72,m97y8nkh,250,mock_N08_N04_Aonly,Additional,1779829435,20,0,0
ahrup1ic,110,1qscioyw,250,mock_N08_N04_Aonly,Additional,1779829435,20,0,0
ahrup1ic,134,ng388omb,11,presurvey,Scenario,1779829435,1,0,0
ahrup1ic,142,t9sncz0i,12,presurvey,Commitment,1779829435,1,0,0
ahrup1ic,133,1u39593l,11,presurvey,Scenario,1779829435,1,0,0
ahrup1ic,86,12zaplf6,249,mock_N08_N04_Aonly,Discussion,1779829436,20,0,0
ahrup1ic,139,iwnrusx5,11,presurvey,Scenario,1779829436,1,0,0
ahrup1ic,101,k1t0uouc,15,mock_N08_N04_Aonly,AttentionCheck,1779829437,1,1,0
ahrup1ic,123,05sp0due,2,presurvey,AudioCheck,1779829439,1,0,0
ahrup1ic,138,slz6q3dn,6,presurvey,TrainingNeighbor_1,1779829439,1,0,0
ahrup1ic,138,slz6q3dn,10,presurvey,ExperimentInstruction,1779829447,1,0,0
ahrup1ic,141,g7ws6ndv,7,presurvey,TrainingNeighbor_2,1779829448,1,0,0
ahrup1ic,141,g7ws6ndv,10,presurvey,ExperimentInstruction,1779829452,1,0,0
ahrup1ic,140,c0j0fh61,3,presurvey,Demographics,1779829454,1,0,0
ahrup1ic,144,c851ypbk,4,presurvey,NeighborhoodInstruction,1779829458,1,0,0
ahrup1ic,129,hh95dvo1,12,presurvey,Commitment,1779829462,1,0,0
ahrup1ic,131,xo8hq7mu,6,presurvey,TrainingNeighbor_1,1779829465,1,0,0
ahrup1ic,86,12zaplf6,250,mock_N08_N04_Aonly,Additional,1779829465,20,0,0
ahrup1ic,100,oeowz6ax,251,mock_N08_N04_Aonly,FinalRoundWaitPage,1779829466,20,0,1
ahrup1ic,86,12zaplf6,251,mock_N08_N04_Aonly,FinalRoundWaitPage,1779829466,20,0,1
ahrup1ic,110,1qscioyw,251,mock_N08_N04_Aonly,FinalRoundWaitPage,1779829466,20,0,1
ahrup1ic,72,m97y8nkh,251,mock_N08_N04_Aonly,FinalRoundWaitPage,1779829466,20,0,1
ahrup1ic,133,1u39593l,12,presurvey,Commitment,1779829467,1,0,0
ahrup1ic,141,g7ws6ndv,11,presurvey,Scenario,1779829474,1,0,0
ahrup1ic,72,m97y8nkh,252,mock_N08_N04_Aonly,FinalRound,1779829474,20,0,0
ahrup1ic,100,oeowz6ax,252,mock_N08_N04_Aonly,FinalRound,1779829476,20,0,0
ahrup1ic,140,c0j0fh61,4,presurvey,NeighborhoodInstruction,1779829477,1,0,0
ahrup1ic,123,05sp0due,3,presurvey,Demographics,1779829479,1,0,0
ahrup1ic,145,9au5k173,0,,InitializeParticipant,1779829480,1,0,0
ahrup1ic,146,gdcj88j6,0,,InitializeParticipant,1779829482,1,0,0
ahrup1ic,116,8090retz,11,presurvey,Scenario,1779829482,1,0,0
ahrup1ic,131,xo8hq7mu,10,presurvey,ExperimentInstruction,1779829489,1,0,0
ahrup1ic,147,7wgvc927,0,,InitializeParticipant,1779829489,1,0,0
ahrup1ic,120,nv30auaf,10,presurvey,ExperimentInstruction,1779829489,1,0,0
ahrup1ic,138,slz6q3dn,11,presurvey,Scenario,1779829490,1,0,0
ahrup1ic,86,12zaplf6,252,mock_N08_N04_Aonly,FinalRound,1779829494,20,0,0
ahrup1ic,137,wylmedud,12,presurvey,Commitment,1779829495,1,0,0
ahrup1ic,145,9au5k173,1,presurvey,Introduction,1779829497,1,0,0
ahrup1ic,110,1qscioyw,252,mock_N08_N04_Aonly,FinalRound,1779829499,20,0,0
ahrup1ic,146,gdcj88j6,1,presurvey,Introduction,1779829499,1,0,0
ahrup1ic,147,7wgvc927,1,presurvey,Introduction,1779829502,1,0,0
ahrup1ic,148,y09gukij,0,,InitializeParticipant,1779829505,1,0,0
ahrup1ic,123,05sp0due,4,presurvey,NeighborhoodInstruction,1779829510,1,0,0
ahrup1ic,148,y09gukij,1,presurvey,Introduction,1779829513,1,0,0
ahrup1ic,139,iwnrusx5,12,presurvey,Commitment,1779829519,1,0,0
ahrup1ic,141,g7ws6ndv,12,presurvey,Commitment,1779829522,1,0,0
ahrup1ic,134,ng388omb,12,presurvey,Commitment,1779829524,1,0,0
ahrup1ic,145,9au5k173,2,presurvey,AudioCheck,1779829527,1,0,0
ahrup1ic,149,3xj2g3fq,0,,InitializeParticipant,1779829529,1,0,0
ahrup1ic,147,7wgvc927,2,presurvey,AudioCheck,1779829532,1,0,0
ahrup1ic,148,y09gukij,2,presurvey,AudioCheck,1779829538,1,0,0
ahrup1ic,144,c851ypbk,5,presurvey,Training,1779829539,1,0,0
ahrup1ic,145,9au5k173,3,presurvey,Demographics,1779829539,1,0,0
ahrup1ic,123,05sp0due,5,presurvey,Training,1779829544,1,0,0
ahrup1ic,145,9au5k173,4,presurvey,NeighborhoodInstruction,1779829546,1,0,0
ahrup1ic,109,xqbq9585,13,mock_N08_N04_Aonly,GroupingWaitPage,1779829551,1,0,1
ahrup1ic,106,96a6lnd0,13,mock_N08_N04_Aonly,GroupingWaitPage,1779829554,1,0,1
ahrup1ic,114,s235v86u,13,mock_N08_N04_Aonly,GroupingWaitPage,1779829554,1,0,1
ahrup1ic,118,yh55ynqz,13,mock_N08_N04_Aonly,GroupingWaitPage,1779829554,1,0,1
ahrup1ic,122,cjwweumk,13,mock_N08_N04_Aonly,GroupingWaitPage,1779829554,1,0,1
ahrup1ic,109,xqbq9585,14,mock_N08_N04_Aonly,GroupSizeWaitPage,1779829554,1,0,1
ahrup1ic,147,7wgvc927,3,presurvey,Demographics,1779829555,1,0,0
ahrup1ic,140,c0j0fh61,5,presurvey,Training,1779829556,1,0,0
ahrup1ic,106,96a6lnd0,14,mock_N08_N04_Aonly,GroupSizeWaitPage,1779829556,1,0,1
ahrup1ic,114,s235v86u,14,mock_N08_N04_Aonly,GroupSizeWaitPage,1779829556,1,0,1
ahrup1ic,118,yh55ynqz,14,mock_N08_N04_Aonly,GroupSizeWaitPage,1779829556,1,0,1
ahrup1ic,122,cjwweumk,14,mock_N08_N04_Aonly,GroupSizeWaitPage,1779829556,1,0,1
ahrup1ic,148,y09gukij,3,presurvey,Demographics,1779829556,1,0,0
ahrup1ic,106,96a6lnd0,16,mock_N08_N04_Aonly,DiscussionGRPWaitPage,1779829557,1,0,1
ahrup1ic,114,s235v86u,16,mock_N08_N04_Aonly,DiscussionGRPWaitPage,1779829557,1,0,1
ahrup1ic,118,yh55ynqz,16,mock_N08_N04_Aonly,DiscussionGRPWaitPage,1779829557,1,0,1
ahrup1ic,122,cjwweumk,16,mock_N08_N04_Aonly,DiscussionGRPWaitPage,1779829557,1,0,1
ahrup1ic,149,3xj2g3fq,1,presurvey,Introduction,1779829557,1,0,0
ahrup1ic,145,9au5k173,5,presurvey,Training,1779829567,1,0,0
ahrup1ic,148,y09gukij,4,presurvey,NeighborhoodInstruction,1779829568,1,0,0
ahrup1ic,109,xqbq9585,15,mock_N08_N04_Aonly,AttentionCheck,1779829568,1,0,0
ahrup1ic,147,7wgvc927,4,presurvey,NeighborhoodInstruction,1779829570,1,0,0
ahrup1ic,122,cjwweumk,20,mock_N08_N04_Aonly,Phase3,1779829571,1,0,0
ahrup1ic,106,96a6lnd0,20,mock_N08_N04_Aonly,Phase3,1779829573,1,0,0
ahrup1ic,150,f55xyby6,0,,InitializeParticipant,1779829578,1,0,0
ahrup1ic,114,s235v86u,20,mock_N08_N04_Aonly,Phase3,1779829579,1,0,0
ahrup1ic,138,slz6q3dn,12,presurvey,Commitment,1779829580,1,0,0
ahrup1ic,131,xo8hq7mu,11,presurvey,Scenario,1779829582,1,0,0
ahrup1ic,106,96a6lnd0,21,mock_N08_N04_Aonly,Discussion,1779829583,1,0,0
ahrup1ic,120,nv30auaf,11,presurvey,Scenario,1779829583,1,0,0
ahrup1ic,123,05sp0due,6,presurvey,TrainingNeighbor_1,1779829585,1,0,0
ahrup1ic,114,s235v86u,21,mock_N08_N04_Aonly,Discussion,1779829586,1,0,0
ahrup1ic,146,gdcj88j6,2,presurvey,AudioCheck,1779829587,1,0,0
ahrup1ic,118,yh55ynqz,20,mock_N08_N04_Aonly,Phase3,1779829588,1,0,0
ahrup1ic,151,6n217cfo,0,,InitializeParticipant,1779829590,1,0,0
ahrup1ic,144,c851ypbk,6,presurvey,TrainingNeighbor_1,1779829592,1,0,0
ahrup1ic,148,y09gukij,5,presurvey,Training,1779829593,1,0,0
ahrup1ic,147,7wgvc927,5,presurvey,Training,1779829594,1,0,0
ahrup1ic,145,9au5k173,6,presurvey,TrainingNeighbor_1,1779829597,1,0,0
ahrup1ic,145,9au5k173,7,presurvey,TrainingNeighbor_2,1779829600,1,0,0
ahrup1ic,146,gdcj88j6,3,presurvey,Demographics,1779829602,1,0,0
ahrup1ic,122,cjwweumk,21,mock_N08_N04_Aonly,Discussion,1779829605,1,0,0
ahrup1ic,149,3xj2g3fq,2,presurvey,AudioCheck,1779829606,1,0,0
ahrup1ic,151,6n217cfo,1,presurvey,Introduction,1779829608,1,0,0
ahrup1ic,118,yh55ynqz,21,mock_N08_N04_Aonly,Discussion,1779829610,1,0,0
ahrup1ic,114,s235v86u,28,mock_N08_N04_Aonly,DiscussionGRPWaitPage,1779829610,2,0,1
ahrup1ic,106,96a6lnd0,28,mock_N08_N04_Aonly,DiscussionGRPWaitPage,1779829610,2,0,1
ahrup1ic,122,cjwweumk,28,mock_N08_N04_Aonly,DiscussionGRPWaitPage,1779829610,2,0,1
ahrup1ic,118,yh55ynqz,28,mock_N08_N04_Aonly,DiscussionGRPWaitPage,1779829610,2,0,1
ahrup1ic,123,05sp0due,7,presurvey,TrainingNeighbor_2,1779829611,1,0,0
ahrup1ic,145,9au5k173,8,presurvey,AttentionCheck,1779829612,1,0,0
ahrup1ic,150,f55xyby6,1,presurvey,Introduction,1779829612,1,0,0
ahrup1ic,152,7o38ttmg,0,,InitializeParticipant,1779829614,1,0,0
ahrup1ic,146,gdcj88j6,4,presurvey,NeighborhoodInstruction,1779829615,1,0,0
ahrup1ic,148,y09gukij,6,presurvey,TrainingNeighbor_1,1779829615,1,0,0
ahrup1ic,114,s235v86u,33,mock_N08_N04_Aonly,Discussion,1779829616,2,0,0
ahrup1ic,147,7wgvc927,6,presurvey,TrainingNeighbor_1,1779829617,1,0,0
ahrup1ic,118,yh55ynqz,33,mock_N08_N04_Aonly,Discussion,1779829619,2,0,0
ahrup1ic,149,3xj2g3fq,3,presurvey,Demographics,1779829619,1,0,0
ahrup1ic,122,cjwweumk,33,mock_N08_N04_Aonly,Discussion,1779829622,2,0,0
ahrup1ic,147,7wgvc927,7,presurvey,TrainingNeighbor_2,1779829623,1,0,0
ahrup1ic,145,9au5k173,9,presurvey,TrainingNeighbor_3,1779829625,1,0,0
ahrup1ic,106,96a6lnd0,33,mock_N08_N04_Aonly,Discussion,1779829625,2,0,0
ahrup1ic,114,s235v86u,40,mock_N08_N04_Aonly,DiscussionGRPWaitPage,1779829625,3,0,1
ahrup1ic,106,96a6lnd0,40,mock_N08_N04_Aonly,DiscussionGRPWaitPage,1779829625,3,0,1
ahrup1ic,122,cjwweumk,40,mock_N08_N04_Aonly,DiscussionGRPWaitPage,1779829625,3,0,1
ahrup1ic,118,yh55ynqz,40,mock_N08_N04_Aonly,DiscussionGRPWaitPage,1779829625,3,0,1
ahrup1ic,123,05sp0due,8,presurvey,AttentionCheck,1779829628,1,0,0
ahrup1ic,151,6n217cfo,2,presurvey,AudioCheck,1779829628,1,0,0
ahrup1ic,114,s235v86u,45,mock_N08_N04_Aonly,Discussion,1779829629,3,0,0
ahrup1ic,147,7wgvc927,10,presurvey,ExperimentInstruction,1779829630,1,0,0
ahrup1ic,123,05sp0due,9,presurvey,TrainingNeighbor_3,1779829633,1,0,0
ahrup1ic,145,9au5k173,10,presurvey,ExperimentInstruction,1779829639,1,0,0
ahrup1ic,131,xo8hq7mu,12,presurvey,Commitment,1779829639,1,0,0
ahrup1ic,118,yh55ynqz,45,mock_N08_N04_Aonly,Discussion,1779829639,3,0,0
ahrup1ic,122,cjwweumk,45,mock_N08_N04_Aonly,Discussion,1779829639,3,0,0
ahrup1ic,152,7o38ttmg,1,presurvey,Introduction,1779829640,1,0,0
ahrup1ic,151,6n217cfo,3,presurvey,Demographics,1779829647,1,0,0
ahrup1ic,106,96a6lnd0,45,mock_N08_N04_Aonly,Discussion,1779829651,3,0,0
ahrup1ic,106,96a6lnd0,52,mock_N08_N04_Aonly,DiscussionGRPWaitPage,1779829652,4,0,1
ahrup1ic,114,s235v86u,52,mock_N08_N04_Aonly,DiscussionGRPWaitPage,1779829652,4,0,1
ahrup1ic,122,cjwweumk,52,mock_N08_N04_Aonly,DiscussionGRPWaitPage,1779829652,4,0,1
ahrup1ic,118,yh55ynqz,52,mock_N08_N04_Aonly,DiscussionGRPWaitPage,1779829652,4,0,1
ahrup1ic,114,s235v86u,57,mock_N08_N04_Aonly,Discussion,1779829654,4,0,0
ahrup1ic,122,cjwweumk,57,mock_N08_N04_Aonly,Discussion,1779829657,4,0,0
ahrup1ic,145,9au5k173,11,presurvey,Scenario,1779829658,1,0,0
ahrup1ic,106,96a6lnd0,57,mock_N08_N04_Aonly,Discussion,1779829659,4,0,0
ahrup1ic,147,7wgvc927,11,presurvey,Scenario,1779829662,1,0,0
ahrup1ic,151,6n217cfo,4,presurvey,NeighborhoodInstruction,1779829662,1,0,0
ahrup1ic,118,yh55ynqz,57,mock_N08_N04_Aonly,Discussion,1779829664,4,0,0
ahrup1ic,114,s235v86u,64,mock_N08_N04_Aonly,DiscussionGRPWaitPage,1779829665,5,0,1
ahrup1ic,106,96a6lnd0,64,mock_N08_N04_Aonly,DiscussionGRPWaitPage,1779829665,5,0,1
ahrup1ic,122,cjwweumk,64,mock_N08_N04_Aonly,DiscussionGRPWaitPage,1779829665,5,0,1
ahrup1ic,118,yh55ynqz,64,mock_N08_N04_Aonly,DiscussionGRPWaitPage,1779829665,5,0,1
ahrup1ic,114,s235v86u,69,mock_N08_N04_Aonly,Discussion,1779829667,5,0,0
ahrup1ic,118,yh55ynqz,69,mock_N08_N04_Aonly,Discussion,1779829672,5,0,0
ahrup1ic,122,cjwweumk,69,mock_N08_N04_Aonly,Discussion,1779829673,5,0,0
ahrup1ic,153,6oxjrhzc,0,,InitializeParticipant,1779829673,1,0,0
ahrup1ic,111,7obk72z3,3,presurvey,Demographics,1779829675,1,0,0
ahrup1ic,153,6oxjrhzc,1,presurvey,Introduction,1779829677,1,0,0
ahrup1ic,106,96a6lnd0,69,mock_N08_N04_Aonly,Discussion,1779829678,5,0,0
ahrup1ic,114,s235v86u,76,mock_N08_N04_Aonly,DiscussionGRPWaitPage,1779829679,6,0,1
ahrup1ic,106,96a6lnd0,76,mock_N08_N04_Aonly,DiscussionGRPWaitPage,1779829679,6,0,1
ahrup1ic,122,cjwweumk,76,mock_N08_N04_Aonly,DiscussionGRPWaitPage,1779829679,6,0,1
ahrup1ic,118,yh55ynqz,76,mock_N08_N04_Aonly,DiscussionGRPWaitPage,1779829679,6,0,1
ahrup1ic,150,f55xyby6,2,presurvey,AudioCheck,1779829679,1,0,0
ahrup1ic,114,s235v86u,81,mock_N08_N04_Aonly,Discussion,1779829680,6,0,0
ahrup1ic,106,96a6lnd0,81,mock_N08_N04_Aonly,Discussion,1779829682,6,0,0
ahrup1ic,148,y09gukij,10,presurvey,ExperimentInstruction,1779829685,1,0,0
ahrup1ic,122,cjwweumk,81,mock_N08_N04_Aonly,Discussion,1779829686,6,0,0
ahrup1ic,118,yh55ynqz,81,mock_N08_N04_Aonly,Discussion,1779829686,6,0,0
ahrup1ic,114,s235v86u,88,mock_N08_N04_Aonly,DiscussionGRPWaitPage,1779829687,7,0,1
ahrup1ic,122,cjwweumk,88,mock_N08_N04_Aonly,DiscussionGRPWaitPage,1779829687,7,0,1
ahrup1ic,118,yh55ynqz,88,mock_N08_N04_Aonly,DiscussionGRPWaitPage,1779829687,7,0,1
ahrup1ic,106,96a6lnd0,88,mock_N08_N04_Aonly,DiscussionGRPWaitPage,1779829687,7,0,1
ahrup1ic,146,gdcj88j6,5,presurvey,Training,1779829688,1,0,0
ahrup1ic,114,s235v86u,93,mock_N08_N04_Aonly,Discussion,1779829688,7,0,0
ahrup1ic,151,6n217cfo,5,presurvey,Training,1779829690,1,0,0
ahrup1ic,118,yh55ynqz,93,mock_N08_N04_Aonly,Discussion,1779829691,7,0,0
ahrup1ic,122,cjwweumk,93,mock_N08_N04_Aonly,Discussion,1779829692,7,0,0
ahrup1ic,153,6oxjrhzc,2,presurvey,AudioCheck,1779829692,1,0,0
ahrup1ic,106,96a6lnd0,93,mock_N08_N04_Aonly,Discussion,1779829692,7,0,0
ahrup1ic,114,s235v86u,100,mock_N08_N04_Aonly,DiscussionGRPWaitPage,1779829692,8,0,1
ahrup1ic,106,96a6lnd0,100,mock_N08_N04_Aonly,DiscussionGRPWaitPage,1779829692,8,0,1
ahrup1ic,122,cjwweumk,100,mock_N08_N04_Aonly,DiscussionGRPWaitPage,1779829692,8,0,1
ahrup1ic,118,yh55ynqz,100,mock_N08_N04_Aonly,DiscussionGRPWaitPage,1779829692,8,0,1
ahrup1ic,150,f55xyby6,3,presurvey,Demographics,1779829693,1,0,0
ahrup1ic,114,s235v86u,105,mock_N08_N04_Aonly,Discussion,1779829694,8,0,0
ahrup1ic,106,96a6lnd0,105,mock_N08_N04_Aonly,Discussion,1779829695,8,0,0
ahrup1ic,140,c0j0fh61,6,presurvey,TrainingNeighbor_1,1779829696,1,0,0
ahrup1ic,122,cjwweumk,105,mock_N08_N04_Aonly,Discussion,1779829697,8,0,0
ahrup1ic,118,yh55ynqz,105,mock_N08_N04_Aonly,Discussion,1779829697,8,0,0
ahrup1ic,114,s235v86u,112,mock_N08_N04_Aonly,DiscussionGRPWaitPage,1779829697,9,0,1
ahrup1ic,106,96a6lnd0,112,mock_N08_N04_Aonly,DiscussionGRPWaitPage,1779829697,9,0,1
ahrup1ic,122,cjwweumk,112,mock_N08_N04_Aonly,DiscussionGRPWaitPage,1779829697,9,0,1
ahrup1ic,118,yh55ynqz,112,mock_N08_N04_Aonly,DiscussionGRPWaitPage,1779829697,9,0,1
ahrup1ic,144,c851ypbk,7,presurvey,TrainingNeighbor_2,1779829697,1,0,0
ahrup1ic,145,9au5k173,12,presurvey,Commitment,1779829698,1,0,0
ahrup1ic,114,s235v86u,117,mock_N08_N04_Aonly,Discussion,1779829699,9,0,0
ahrup1ic,147,7wgvc927,12,presurvey,Commitment,1779829701,1,0,0
ahrup1ic,118,yh55ynqz,117,mock_N08_N04_Aonly,Discussion,1779829702,9,0,0
ahrup1ic,106,96a6lnd0,117,mock_N08_N04_Aonly,Discussion,1779829702,9,0,0
ahrup1ic,148,y09gukij,11,presurvey,Scenario,1779829704,1,0,0
ahrup1ic,122,cjwweumk,117,mock_N08_N04_Aonly,Discussion,1779829705,9,0,0
ahrup1ic,114,s235v86u,124,mock_N08_N04_Aonly,DiscussionGRPWaitPage,1779829705,10,0,1
ahrup1ic,122,cjwweumk,124,mock_N08_N04_Aonly,DiscussionGRPWaitPage,1779829705,10,0,1
ahrup1ic,106,96a6lnd0,124,mock_N08_N04_Aonly,DiscussionGRPWaitPage,1779829705,10,0,1
ahrup1ic,118,yh55ynqz,124,mock_N08_N04_Aonly,DiscussionGRPWaitPage,1779829705,10,0,1
ahrup1ic,144,c851ypbk,10,presurvey,ExperimentInstruction,1779829706,1,0,0
ahrup1ic,114,s235v86u,129,mock_N08_N04_Aonly,Discussion,1779829707,10,0,0
ahrup1ic,106,96a6lnd0,129,mock_N08_N04_Aonly,Discussion,1779829709,10,0,0
ahrup1ic,153,6oxjrhzc,3,presurvey,Demographics,1779829709,1,0,0
ahrup1ic,118,yh55ynqz,129,mock_N08_N04_Aonly,Discussion,1779829710,10,0,0
ahrup1ic,122,cjwweumk,129,mock_N08_N04_Aonly,Discussion,1779829711,10,0,0
ahrup1ic,114,s235v86u,136,mock_N08_N04_Aonly,DiscussionGRPWaitPage,1779829711,11,0,1
ahrup1ic,106,96a6lnd0,136,mock_N08_N04_Aonly,DiscussionGRPWaitPage,1779829711,11,0,1
ahrup1ic,122,cjwweumk,136,mock_N08_N04_Aonly,DiscussionGRPWaitPage,1779829711,11,0,1
ahrup1ic,118,yh55ynqz,136,mock_N08_N04_Aonly,DiscussionGRPWaitPage,1779829711,11,0,1
ahrup1ic,114,s235v86u,141,mock_N08_N04_Aonly,Discussion,1779829712,11,0,0
ahrup1ic,118,yh55ynqz,141,mock_N08_N04_Aonly,Discussion,1779829715,11,0,0
ahrup1ic,122,cjwweumk,141,mock_N08_N04_Aonly,Discussion,1779829715,11,0,0
ahrup1ic,106,96a6lnd0,141,mock_N08_N04_Aonly,Discussion,1779829717,11,0,0
ahrup1ic,114,s235v86u,148,mock_N08_N04_Aonly,DiscussionGRPWaitPage,1779829717,12,0,1
ahrup1ic,106,96a6lnd0,148,mock_N08_N04_Aonly,DiscussionGRPWaitPage,1779829717,12,0,1
ahrup1ic,122,cjwweumk,148,mock_N08_N04_Aonly,DiscussionGRPWaitPage,1779829717,12,0,1
ahrup1ic,118,yh55ynqz,148,mock_N08_N04_Aonly,DiscussionGRPWaitPage,1779829717,12,0,1
ahrup1ic,114,s235v86u,153,mock_N08_N04_Aonly,Discussion,1779829718,12,0,0
ahrup1ic,153,6oxjrhzc,4,presurvey,NeighborhoodInstruction,1779829719,1,0,0
ahrup1ic,106,96a6lnd0,153,mock_N08_N04_Aonly,Discussion,1779829719,12,0,0
ahrup1ic,118,yh55ynqz,153,mock_N08_N04_Aonly,Discussion,1779829721,12,0,0
ahrup1ic,122,cjwweumk,153,mock_N08_N04_Aonly,Discussion,1779829721,12,0,0
ahrup1ic,106,96a6lnd0,160,mock_N08_N04_Aonly,DiscussionGRPWaitPage,1779829722,13,0,1
ahrup1ic,114,s235v86u,160,mock_N08_N04_Aonly,DiscussionGRPWaitPage,1779829722,13,0,1
ahrup1ic,122,cjwweumk,160,mock_N08_N04_Aonly,DiscussionGRPWaitPage,1779829722,13,0,1
ahrup1ic,118,yh55ynqz,160,mock_N08_N04_Aonly,DiscussionGRPWaitPage,1779829722,13,0,1
ahrup1ic,114,s235v86u,165,mock_N08_N04_Aonly,Discussion,1779829723,13,0,0
ahrup1ic,146,gdcj88j6,6,presurvey,TrainingNeighbor_1,1779829724,1,0,0
ahrup1ic,106,96a6lnd0,165,mock_N08_N04_Aonly,Discussion,1779829725,13,0,0
ahrup1ic,118,yh55ynqz,165,mock_N08_N04_Aonly,Discussion,1779829725,13,0,0
ahrup1ic,122,cjwweumk,165,mock_N08_N04_Aonly,Discussion,1779829728,13,0,0
ahrup1ic,114,s235v86u,172,mock_N08_N04_Aonly,DiscussionGRPWaitPage,1779829728,14,0,1
ahrup1ic,122,cjwweumk,172,mock_N08_N04_Aonly,DiscussionGRPWaitPage,1779829728,14,0,1
ahrup1ic,118,yh55ynqz,172,mock_N08_N04_Aonly,DiscussionGRPWaitPage,1779829728,14,0,1
ahrup1ic,106,96a6lnd0,172,mock_N08_N04_Aonly,DiscussionGRPWaitPage,1779829728,14,0,1
ahrup1ic,151,6n217cfo,6,presurvey,TrainingNeighbor_1,1779829729,1,0,0
ahrup1ic,114,s235v86u,177,mock_N08_N04_Aonly,Discussion,1779829729,14,0,0
ahrup1ic,146,gdcj88j6,10,presurvey,ExperimentInstruction,1779829729,1,0,0
ahrup1ic,111,7obk72z3,4,presurvey,NeighborhoodInstruction,1779829730,1,0,0
ahrup1ic,106,96a6lnd0,177,mock_N08_N04_Aonly,Discussion,1779829731,14,0,0
ahrup1ic,118,yh55ynqz,177,mock_N08_N04_Aonly,Discussion,1779829732,14,0,0
ahrup1ic,148,y09gukij,12,presurvey,Commitment,1779829733,1,0,0
ahrup1ic,122,cjwweumk,177,mock_N08_N04_Aonly,Discussion,1779829733,14,0,0
ahrup1ic,114,s235v86u,184,mock_N08_N04_Aonly,DiscussionGRPWaitPage,1779829733,15,0,1
ahrup1ic,106,96a6lnd0,184,mock_N08_N04_Aonly,DiscussionGRPWaitPage,1779829733,15,0,1
ahrup1ic,122,cjwweumk,184,mock_N08_N04_Aonly,DiscussionGRPWaitPage,1779829733,15,0,1
ahrup1ic,118,yh55ynqz,184,mock_N08_N04_Aonly,DiscussionGRPWaitPage,1779829733,15,0,1
ahrup1ic,114,s235v86u,189,mock_N08_N04_Aonly,Discussion,1779829735,15,0,0
ahrup1ic,118,yh55ynqz,189,mock_N08_N04_Aonly,Discussion,1779829737,15,0,0
ahrup1ic,122,cjwweumk,189,mock_N08_N04_Aonly,Discussion,1779829739,15,0,0
ahrup1ic,151,6n217cfo,10,presurvey,ExperimentInstruction,1779829740,1,0,0
ahrup1ic,153,6oxjrhzc,5,presurvey,Training,1779829741,1,0,0
ahrup1ic,120,nv30auaf,12,presurvey,Commitment,1779829741,1,0,0
ahrup1ic,150,f55xyby6,4,presurvey,NeighborhoodInstruction,1779829743,1,0,0
ahrup1ic,111,7obk72z3,5,presurvey,Training,1779829752,1,0,0
ahrup1ic,140,c0j0fh61,7,presurvey,TrainingNeighbor_2,1779829758,1,0,0
ahrup1ic,106,96a6lnd0,189,mock_N08_N04_Aonly,Discussion,1779829761,15,0,0
ahrup1ic,106,96a6lnd0,196,mock_N08_N04_Aonly,DiscussionGRPWaitPage,1779829762,16,0,1
ahrup1ic,114,s235v86u,196,mock_N08_N04_Aonly,DiscussionGRPWaitPage,1779829762,16,0,1
ahrup1ic,122,cjwweumk,196,mock_N08_N04_Aonly,DiscussionGRPWaitPage,1779829762,16,0,1
ahrup1ic,118,yh55ynqz,196,mock_N08_N04_Aonly,DiscussionGRPWaitPage,1779829762,16,0,1
ahrup1ic,153,6oxjrhzc,6,presurvey,TrainingNeighbor_1,1779829762,1,0,0
ahrup1ic,114,s235v86u,201,mock_N08_N04_Aonly,Discussion,1779829763,16,0,0
ahrup1ic,106,96a6lnd0,201,mock_N08_N04_Aonly,Discussion,1779829764,16,0,0
ahrup1ic,118,yh55ynqz,201,mock_N08_N04_Aonly,Discussion,1779829767,16,0,0
ahrup1ic,140,c0j0fh61,10,presurvey,ExperimentInstruction,1779829769,1,0,0
ahrup1ic,122,cjwweumk,201,mock_N08_N04_Aonly,Discussion,1779829769,16,0,0
ahrup1ic,114,s235v86u,208,mock_N08_N04_Aonly,DiscussionGRPWaitPage,1779829770,17,0,1
ahrup1ic,106,96a6lnd0,208,mock_N08_N04_Aonly,DiscussionGRPWaitPage,1779829770,17,0,1
ahrup1ic,122,cjwweumk,208,mock_N08_N04_Aonly,DiscussionGRPWaitPage,1779829770,17,0,1
ahrup1ic,118,yh55ynqz,208,mock_N08_N04_Aonly,DiscussionGRPWaitPage,1779829770,17,0,1
ahrup1ic,153,6oxjrhzc,7,presurvey,TrainingNeighbor_2,1779829771,1,0,0
ahrup1ic,114,s235v86u,213,mock_N08_N04_Aonly,Discussion,1779829771,17,0,0
ahrup1ic,118,yh55ynqz,213,mock_N08_N04_Aonly,Discussion,1779829774,17,0,0
ahrup1ic,151,6n217cfo,11,presurvey,Scenario,1779829775,1,0,0
ahrup1ic,122,cjwweumk,213,mock_N08_N04_Aonly,Discussion,1779829776,17,0,0
ahrup1ic,153,6oxjrhzc,10,presurvey,ExperimentInstruction,1779829777,1,0,0
ahrup1ic,106,96a6lnd0,213,mock_N08_N04_Aonly,Discussion,1779829785,17,0,0
ahrup1ic,114,s235v86u,220,mock_N08_N04_Aonly,DiscussionGRPWaitPage,1779829785,18,0,1
ahrup1ic,106,96a6lnd0,220,mock_N08_N04_Aonly,DiscussionGRPWaitPage,1779829785,18,0,1
ahrup1ic,118,yh55ynqz,220,mock_N08_N04_Aonly,DiscussionGRPWaitPage,1779829785,18,0,1
ahrup1ic,122,cjwweumk,220,mock_N08_N04_Aonly,DiscussionGRPWaitPage,1779829785,18,0,1
ahrup1ic,114,s235v86u,225,mock_N08_N04_Aonly,Discussion,1779829787,18,0,0
ahrup1ic,118,yh55ynqz,225,mock_N08_N04_Aonly,Discussion,1779829788,18,0,0
ahrup1ic,106,96a6lnd0,225,mock_N08_N04_Aonly,Discussion,1779829788,18,0,0
ahrup1ic,122,cjwweumk,225,mock_N08_N04_Aonly,Discussion,1779829789,18,0,0
ahrup1ic,114,s235v86u,232,mock_N08_N04_Aonly,DiscussionGRPWaitPage,1779829790,19,0,1
ahrup1ic,122,cjwweumk,232,mock_N08_N04_Aonly,DiscussionGRPWaitPage,1779829790,19,0,1
ahrup1ic,106,96a6lnd0,232,mock_N08_N04_Aonly,DiscussionGRPWaitPage,1779829790,19,0,1
ahrup1ic,118,yh55ynqz,232,mock_N08_N04_Aonly,DiscussionGRPWaitPage,1779829790,19,0,1
ahrup1ic,111,7obk72z3,6,presurvey,TrainingNeighbor_1,1779829791,1,0,0
ahrup1ic,146,gdcj88j6,11,presurvey,Scenario,1779829791,1,0,0
ahrup1ic,114,s235v86u,237,mock_N08_N04_Aonly,Discussion,1779829791,19,0,0
ahrup1ic,122,cjwweumk,237,mock_N08_N04_Aonly,Discussion,1779829793,19,0,0
ahrup1ic,118,yh55ynqz,237,mock_N08_N04_Aonly,Discussion,1779829793,19,0,0
ahrup1ic,153,6oxjrhzc,11,presurvey,Scenario,1779829794,1,0,0
ahrup1ic,106,96a6lnd0,237,mock_N08_N04_Aonly,Discussion,1779829794,19,0,0
ahrup1ic,114,s235v86u,244,mock_N08_N04_Aonly,DiscussionGRPWaitPage,1779829795,20,0,1
ahrup1ic,106,96a6lnd0,244,mock_N08_N04_Aonly,DiscussionGRPWaitPage,1779829795,20,0,1
ahrup1ic,122,cjwweumk,244,mock_N08_N04_Aonly,DiscussionGRPWaitPage,1779829795,20,0,1
ahrup1ic,118,yh55ynqz,244,mock_N08_N04_Aonly,DiscussionGRPWaitPage,1779829795,20,0,1
ahrup1ic,114,s235v86u,249,mock_N08_N04_Aonly,Discussion,1779829796,20,0,0
ahrup1ic,118,yh55ynqz,249,mock_N08_N04_Aonly,Discussion,1779829798,20,0,0
ahrup1ic,122,cjwweumk,249,mock_N08_N04_Aonly,Discussion,1779829799,20,0,0
ahrup1ic,106,96a6lnd0,249,mock_N08_N04_Aonly,Discussion,1779829799,20,0,0
ahrup1ic,111,7obk72z3,7,presurvey,TrainingNeighbor_2,1779829800,1,0,0
ahrup1ic,114,s235v86u,250,mock_N08_N04_Aonly,Additional,1779829807,20,0,0
ahrup1ic,151,6n217cfo,12,presurvey,Commitment,1779829808,1,0,0
ahrup1ic,111,7obk72z3,10,presurvey,ExperimentInstruction,1779829810,1,0,0
ahrup1ic,144,c851ypbk,11,presurvey,Scenario,1779829811,1,0,0
ahrup1ic,122,cjwweumk,250,mock_N08_N04_Aonly,Additional,1779829819,20,0,0
ahrup1ic,150,f55xyby6,5,presurvey,Training,1779829821,1,0,0
ahrup1ic,153,6oxjrhzc,12,presurvey,Commitment,1779829825,1,0,0
ahrup1ic,106,96a6lnd0,250,mock_N08_N04_Aonly,Additional,1779829831,20,0,0
ahrup1ic,118,yh55ynqz,250,mock_N08_N04_Aonly,Additional,1779829832,20,0,0
ahrup1ic,114,s235v86u,251,mock_N08_N04_Aonly,FinalRoundWaitPage,1779829832,20,0,1
ahrup1ic,106,96a6lnd0,251,mock_N08_N04_Aonly,FinalRoundWaitPage,1779829832,20,0,1
ahrup1ic,122,cjwweumk,251,mock_N08_N04_Aonly,FinalRoundWaitPage,1779829832,20,0,1
ahrup1ic,118,yh55ynqz,251,mock_N08_N04_Aonly,FinalRoundWaitPage,1779829832,20,0,1
ahrup1ic,114,s235v86u,252,mock_N08_N04_Aonly,FinalRound,1779829838,20,0,0
ahrup1ic,140,c0j0fh61,11,presurvey,Scenario,1779829839,1,0,0
ahrup1ic,118,yh55ynqz,252,mock_N08_N04_Aonly,FinalRound,1779829842,20,0,0
ahrup1ic,106,96a6lnd0,252,mock_N08_N04_Aonly,FinalRound,1779829843,20,0,0
ahrup1ic,122,cjwweumk,252,mock_N08_N04_Aonly,FinalRound,1779829847,20,0,0
ahrup1ic,115,o9mkgvro,13,mock_N08_N04_Aonly,GroupingWaitPage,1779829849,1,0,1
ahrup1ic,115,o9mkgvro,14,mock_N08_N04_Aonly,GroupSizeWaitPage,1779829853,1,0,1
ahrup1ic,111,7obk72z3,11,presurvey,Scenario,1779829854,1,0,0
ahrup1ic,115,o9mkgvro,15,mock_N08_N04_Aonly,AttentionCheck,1779829860,1,0,0
ahrup1ic,150,f55xyby6,6,presurvey,TrainingNeighbor_1,1779829864,1,0,0
ahrup1ic,124,vv584g0j,13,mock_N08_N04_Aonly,GroupingWaitPage,1779829870,1,0,1
ahrup1ic,142,t9sncz0i,13,mock_N08_N04_Aonly,GroupingWaitPage,1779829870,1,0,1
ahrup1ic,143,hd0fo804,13,mock_N08_N04_Aonly,GroupingWaitPage,1779829870,1,0,1
ahrup1ic,148,y09gukij,13,mock_N08_N04_Aonly,GroupingWaitPage,1779829870,1,0,1
ahrup1ic,124,vv584g0j,14,mock_N08_N04_Aonly,GroupSizeWaitPage,1779829873,1,0,1
ahrup1ic,142,t9sncz0i,14,mock_N08_N04_Aonly,GroupSizeWaitPage,1779829873,1,0,1
ahrup1ic,143,hd0fo804,14,mock_N08_N04_Aonly,GroupSizeWaitPage,1779829873,1,0,1
ahrup1ic,148,y09gukij,14,mock_N08_N04_Aonly,GroupSizeWaitPage,1779829873,1,0,1
ahrup1ic,124,vv584g0j,16,mock_N08_N04_Aonly,DiscussionGRPWaitPage,1779829874,1,0,1
ahrup1ic,143,hd0fo804,16,mock_N08_N04_Aonly,DiscussionGRPWaitPage,1779829874,1,0,1
ahrup1ic,148,y09gukij,16,mock_N08_N04_Aonly,DiscussionGRPWaitPage,1779829874,1,0,1
ahrup1ic,142,t9sncz0i,16,mock_N08_N04_Aonly,DiscussionGRPWaitPage,1779829874,1,0,1
ahrup1ic,146,gdcj88j6,12,presurvey,Commitment,1779829874,1,0,0
ahrup1ic,150,f55xyby6,10,presurvey,ExperimentInstruction,1779829878,1,0,0
ahrup1ic,154,yozp67fx,0,,InitializeParticipant,1779829888,1,0,0
ahrup1ic,149,3xj2g3fq,4,presurvey,NeighborhoodInstruction,1779829891,1,0,0
ahrup1ic,124,vv584g0j,17,mock_N08_N04_Aonly,Nudge,1779829893,1,0,0
ahrup1ic,155,tw9ni9a5,0,,InitializeParticipant,1779829893,1,0,0
ahrup1ic,148,y09gukij,17,mock_N08_N04_Aonly,Nudge,1779829893,1,0,0
ahrup1ic,124,vv584g0j,18,mock_N08_N04_Aonly,NudgeTraining,1779829896,1,0,0
ahrup1ic,142,t9sncz0i,17,mock_N08_N04_Aonly,Nudge,1779829898,1,0,0
ahrup1ic,148,y09gukij,18,mock_N08_N04_Aonly,NudgeTraining,1779829900,1,0,0
ahrup1ic,148,y09gukij,19,mock_N08_N04_Aonly,NudgeTrainingLast,1779829907,1,0,0
ahrup1ic,142,t9sncz0i,18,mock_N08_N04_Aonly,NudgeTraining,1779829909,1,0,0
ahrup1ic,143,hd0fo804,17,mock_N08_N04_Aonly,Nudge,1779829909,1,0,0
ahrup1ic,124,vv584g0j,19,mock_N08_N04_Aonly,NudgeTrainingLast,1779829909,1,0,0
ahrup1ic,143,hd0fo804,18,mock_N08_N04_Aonly,NudgeTraining,1779829914,1,0,0
ahrup1ic,140,c0j0fh61,12,presurvey,Commitment,1779829914,1,0,0
ahrup1ic,142,t9sncz0i,19,mock_N08_N04_Aonly,NudgeTrainingLast,1779829916,1,0,0
ahrup1ic,156,h3miikyp,0,,InitializeParticipant,1779829916,1,0,0
ahrup1ic,124,vv584g0j,20,mock_N08_N04_Aonly,Phase3,1779829917,1,0,0
ahrup1ic,148,y09gukij,20,mock_N08_N04_Aonly,Phase3,1779829921,1,0,0
ahrup1ic,125,zo8gnz47,13,mock_N08_N04_Aonly,GroupingWaitPage,1779829926,1,0,1
ahrup1ic,124,vv584g0j,21,mock_N08_N04_Aonly,Discussion,1779829929,1,0,0
ahrup1ic,125,zo8gnz47,14,mock_N08_N04_Aonly,GroupSizeWaitPage,1779829929,1,0,1
ahrup1ic,154,yozp67fx,1,presurvey,Introduction,1779829929,1,0,0
ahrup1ic,150,f55xyby6,11,presurvey,Scenario,1779829929,1,0,0
ahrup1ic,148,y09gukij,21,mock_N08_N04_Aonly,Discussion,1779829929,1,0,0
ahrup1ic,144,c851ypbk,12,presurvey,Commitment,1779829933,1,0,0
ahrup1ic,125,zo8gnz47,15,mock_N08_N04_Aonly,AttentionCheck,1779829935,1,0,0
ahrup1ic,142,t9sncz0i,20,mock_N08_N04_Aonly,Phase3,1779829939,1,0,0
ahrup1ic,142,t9sncz0i,21,mock_N08_N04_Aonly,Discussion,1779829945,1,0,0
ahrup1ic,154,yozp67fx,2,presurvey,AudioCheck,1779829962,1,0,0
ahrup1ic,143,hd0fo804,19,mock_N08_N04_Aonly,NudgeTrainingLast,1779829971,1,0,0
ahrup1ic,143,hd0fo804,20,mock_N08_N04_Aonly,Phase3,1779829978,1,0,0
ahrup1ic,156,h3miikyp,1,presurvey,Introduction,1779829979,1,0,0
ahrup1ic,157,2fxk08pp,0,,InitializeParticipant,1779829979,1,0,0
ahrup1ic,155,tw9ni9a5,1,presurvey,Introduction,1779829984,1,0,0
ahrup1ic,143,hd0fo804,21,mock_N08_N04_Aonly,Discussion,1779829984,1,0,0
ahrup1ic,124,vv584g0j,28,mock_N08_N04_Aonly,DiscussionGRPWaitPage,1779829984,2,0,1
ahrup1ic,143,hd0fo804,28,mock_N08_N04_Aonly,DiscussionGRPWaitPage,1779829984,2,0,1
ahrup1ic,148,y09gukij,28,mock_N08_N04_Aonly,DiscussionGRPWaitPage,1779829984,2,0,1
ahrup1ic,142,t9sncz0i,28,mock_N08_N04_Aonly,DiscussionGRPWaitPage,1779829984,2,0,1
ahrup1ic,148,y09gukij,33,mock_N08_N04_Aonly,Discussion,1779829989,2,0,0
ahrup1ic,143,hd0fo804,33,mock_N08_N04_Aonly,Discussion,1779829990,2,0,0
ahrup1ic,142,t9sncz0i,33,mock_N08_N04_Aonly,Discussion,1779829990,2,0,0
ahrup1ic,154,yozp67fx,3,presurvey,Demographics,1779830003,1,0,0
ahrup1ic,124,vv584g0j,33,mock_N08_N04_Aonly,Discussion,1779830004,2,0,0
ahrup1ic,124,vv584g0j,40,mock_N08_N04_Aonly,DiscussionGRPWaitPage,1779830004,3,0,1
ahrup1ic,143,hd0fo804,40,mock_N08_N04_Aonly,DiscussionGRPWaitPage,1779830004,3,0,1
ahrup1ic,148,y09gukij,40,mock_N08_N04_Aonly,DiscussionGRPWaitPage,1779830004,3,0,1
ahrup1ic,142,t9sncz0i,40,mock_N08_N04_Aonly,DiscussionGRPWaitPage,1779830004,3,0,1
ahrup1ic,155,tw9ni9a5,2,presurvey,AudioCheck,1779830005,1,0,0
ahrup1ic,158,aoy31vze,0,,InitializeParticipant,1779830008,1,0,0
ahrup1ic,142,t9sncz0i,45,mock_N08_N04_Aonly,Discussion,1779830010,3,0,0
ahrup1ic,124,vv584g0j,45,mock_N08_N04_Aonly,Discussion,1779830011,3,0,0
ahrup1ic,148,y09gukij,45,mock_N08_N04_Aonly,Discussion,1779830012,3,0,0
ahrup1ic,143,hd0fo804,45,mock_N08_N04_Aonly,Discussion,1779830032,3,0,0
ahrup1ic,124,vv584g0j,52,mock_N08_N04_Aonly,DiscussionGRPWaitPage,1779830032,4,0,1
ahrup1ic,143,hd0fo804,52,mock_N08_N04_Aonly,DiscussionGRPWaitPage,1779830032,4,0,1
ahrup1ic,148,y09gukij,52,mock_N08_N04_Aonly,DiscussionGRPWaitPage,1779830032,4,0,1
ahrup1ic,142,t9sncz0i,52,mock_N08_N04_Aonly,DiscussionGRPWaitPage,1779830032,4,0,1
ahrup1ic,143,hd0fo804,57,mock_N08_N04_Aonly,Discussion,1779830036,4,0,0
ahrup1ic,142,t9sncz0i,57,mock_N08_N04_Aonly,Discussion,1779830037,4,0,0
ahrup1ic,156,h3miikyp,2,presurvey,AudioCheck,1779830038,1,0,0
ahrup1ic,132,69j9zsh3,13,mock_N08_N04_Aonly,GroupingWaitPage,1779830039,1,0,1
ahrup1ic,148,y09gukij,57,mock_N08_N04_Aonly,Discussion,1779830039,4,0,0
ahrup1ic,132,69j9zsh3,14,mock_N08_N04_Aonly,GroupSizeWaitPage,1779830044,1,0,1
ahrup1ic,124,vv584g0j,57,mock_N08_N04_Aonly,Discussion,1779830046,4,0,0
ahrup1ic,124,vv584g0j,64,mock_N08_N04_Aonly,DiscussionGRPWaitPage,1779830046,5,0,1
ahrup1ic,143,hd0fo804,64,mock_N08_N04_Aonly,DiscussionGRPWaitPage,1779830046,5,0,1
ahrup1ic,148,y09gukij,64,mock_N08_N04_Aonly,DiscussionGRPWaitPage,1779830046,5,0,1
ahrup1ic,142,t9sncz0i,64,mock_N08_N04_Aonly,DiscussionGRPWaitPage,1779830046,5,0,1
ahrup1ic,132,69j9zsh3,15,mock_N08_N04_Aonly,AttentionCheck,1779830047,1,0,0
ahrup1ic,142,t9sncz0i,69,mock_N08_N04_Aonly,Discussion,1779830051,5,0,0
ahrup1ic,148,y09gukij,69,mock_N08_N04_Aonly,Discussion,1779830051,5,0,0
ahrup1ic,124,vv584g0j,69,mock_N08_N04_Aonly,Discussion,1779830051,5,0,0
ahrup1ic,155,tw9ni9a5,3,presurvey,Demographics,1779830052,1,0,0
ahrup1ic,143,hd0fo804,69,mock_N08_N04_Aonly,Discussion,1779830056,5,0,0
ahrup1ic,124,vv584g0j,76,mock_N08_N04_Aonly,DiscussionGRPWaitPage,1779830057,6,0,1
ahrup1ic,143,hd0fo804,76,mock_N08_N04_Aonly,DiscussionGRPWaitPage,1779830057,6,0,1
ahrup1ic,148,y09gukij,76,mock_N08_N04_Aonly,DiscussionGRPWaitPage,1779830057,6,0,1
ahrup1ic,142,t9sncz0i,76,mock_N08_N04_Aonly,DiscussionGRPWaitPage,1779830057,6,0,1
ahrup1ic,143,hd0fo804,81,mock_N08_N04_Aonly,Discussion,1779830059,6,0,0
ahrup1ic,142,t9sncz0i,81,mock_N08_N04_Aonly,Discussion,1779830061,6,0,0
ahrup1ic,124,vv584g0j,81,mock_N08_N04_Aonly,Discussion,1779830061,6,0,0
ahrup1ic,156,h3miikyp,3,presurvey,Demographics,1779830063,1,0,0
ahrup1ic,148,y09gukij,81,mock_N08_N04_Aonly,Discussion,1779830063,6,0,0
ahrup1ic,124,vv584g0j,88,mock_N08_N04_Aonly,DiscussionGRPWaitPage,1779830064,7,0,1
ahrup1ic,143,hd0fo804,88,mock_N08_N04_Aonly,DiscussionGRPWaitPage,1779830064,7,0,1
ahrup1ic,148,y09gukij,88,mock_N08_N04_Aonly,DiscussionGRPWaitPage,1779830064,7,0,1
ahrup1ic,142,t9sncz0i,88,mock_N08_N04_Aonly,DiscussionGRPWaitPage,1779830064,7,0,1
ahrup1ic,159,06ldby6t,0,,InitializeParticipant,1779830065,1,0,0
ahrup1ic,150,f55xyby6,12,presurvey,Commitment,1779830065,1,0,0
ahrup1ic,148,y09gukij,93,mock_N08_N04_Aonly,Discussion,1779830066,7,0,0
ahrup1ic,158,aoy31vze,1,presurvey,Introduction,1779830066,1,0,0
ahrup1ic,124,vv584g0j,93,mock_N08_N04_Aonly,Discussion,1779830067,7,0,0
ahrup1ic,142,t9sncz0i,93,mock_N08_N04_Aonly,Discussion,1779830070,7,0,0
ahrup1ic,157,2fxk08pp,1,presurvey,Introduction,1779830071,1,0,0
ahrup1ic,143,hd0fo804,93,mock_N08_N04_Aonly,Discussion,1779830072,7,0,0
ahrup1ic,124,vv584g0j,100,mock_N08_N04_Aonly,DiscussionGRPWaitPage,1779830072,8,0,1
ahrup1ic,142,t9sncz0i,100,mock_N08_N04_Aonly,DiscussionGRPWaitPage,1779830072,8,0,1
ahrup1ic,143,hd0fo804,100,mock_N08_N04_Aonly,DiscussionGRPWaitPage,1779830072,8,0,1
ahrup1ic,148,y09gukij,100,mock_N08_N04_Aonly,DiscussionGRPWaitPage,1779830072,8,0,1
ahrup1ic,143,hd0fo804,105,mock_N08_N04_Aonly,Discussion,1779830074,8,0,0
ahrup1ic,124,vv584g0j,105,mock_N08_N04_Aonly,Discussion,1779830075,8,0,0
ahrup1ic,148,y09gukij,105,mock_N08_N04_Aonly,Discussion,1779830076,8,0,0
ahrup1ic,142,t9sncz0i,105,mock_N08_N04_Aonly,Discussion,1779830076,8,0,0
ahrup1ic,124,vv584g0j,112,mock_N08_N04_Aonly,DiscussionGRPWaitPage,1779830076,9,0,1
ahrup1ic,148,y09gukij,112,mock_N08_N04_Aonly,DiscussionGRPWaitPage,1779830076,9,0,1
ahrup1ic,142,t9sncz0i,112,mock_N08_N04_Aonly,DiscussionGRPWaitPage,1779830076,9,0,1
ahrup1ic,143,hd0fo804,112,mock_N08_N04_Aonly,DiscussionGRPWaitPage,1779830076,9,0,1
ahrup1ic,124,vv584g0j,117,mock_N08_N04_Aonly,Discussion,1779830078,9,0,0
ahrup1ic,130,kvvvy2eu,13,mock_N08_N04_Aonly,GroupingWaitPage,1779830080,1,0,1
ahrup1ic,148,y09gukij,117,mock_N08_N04_Aonly,Discussion,1779830080,9,0,0
ahrup1ic,143,hd0fo804,117,mock_N08_N04_Aonly,Discussion,1779830084,9,0,0
ahrup1ic,130,kvvvy2eu,14,mock_N08_N04_Aonly,GroupSizeWaitPage,1779830084,1,0,1
ahrup1ic,142,t9sncz0i,117,mock_N08_N04_Aonly,Discussion,1779830084,9,0,0
ahrup1ic,155,tw9ni9a5,4,presurvey,NeighborhoodInstruction,1779830084,1,0,0
ahrup1ic,142,t9sncz0i,124,mock_N08_N04_Aonly,DiscussionGRPWaitPage,1779830085,10,0,1
ahrup1ic,124,vv584g0j,124,mock_N08_N04_Aonly,DiscussionGRPWaitPage,1779830085,10,0,1
ahrup1ic,143,hd0fo804,124,mock_N08_N04_Aonly,DiscussionGRPWaitPage,1779830085,10,0,1
ahrup1ic,148,y09gukij,124,mock_N08_N04_Aonly,DiscussionGRPWaitPage,1779830085,10,0,1
ahrup1ic,128,irgbk9u2,13,mock_N08_N04_Aonly,GroupingWaitPage,1779830087,1,0,1
ahrup1ic,142,t9sncz0i,129,mock_N08_N04_Aonly,Discussion,1779830088,10,0,0
ahrup1ic,124,vv584g0j,129,mock_N08_N04_Aonly,Discussion,1779830090,10,0,0
ahrup1ic,148,y09gukij,129,mock_N08_N04_Aonly,Discussion,1779830090,10,0,0
ahrup1ic,143,hd0fo804,129,mock_N08_N04_Aonly,Discussion,1779830090,10,0,0
ahrup1ic,124,vv584g0j,136,mock_N08_N04_Aonly,DiscussionGRPWaitPage,1779830090,11,0,1
ahrup1ic,143,hd0fo804,136,mock_N08_N04_Aonly,DiscussionGRPWaitPage,1779830090,11,0,1
ahrup1ic,148,y09gukij,136,mock_N08_N04_Aonly,DiscussionGRPWaitPage,1779830090,11,0,1
ahrup1ic,142,t9sncz0i,136,mock_N08_N04_Aonly,DiscussionGRPWaitPage,1779830090,11,0,1
ahrup1ic,130,kvvvy2eu,15,mock_N08_N04_Aonly,AttentionCheck,1779830090,1,0,0
ahrup1ic,128,irgbk9u2,14,mock_N08_N04_Aonly,GroupSizeWaitPage,1779830092,1,0,1
ahrup1ic,160,3w3t7zut,0,,InitializeParticipant,1779830092,1,0,0
ahrup1ic,124,vv584g0j,141,mock_N08_N04_Aonly,Discussion,1779830094,11,0,0
ahrup1ic,143,hd0fo804,141,mock_N08_N04_Aonly,Discussion,1779830095,11,0,0
ahrup1ic,142,t9sncz0i,141,mock_N08_N04_Aonly,Discussion,1779830096,11,0,0
ahrup1ic,158,aoy31vze,2,presurvey,AudioCheck,1779830097,1,0,0
ahrup1ic,148,y09gukij,141,mock_N08_N04_Aonly,Discussion,1779830097,11,0,0
ahrup1ic,124,vv584g0j,148,mock_N08_N04_Aonly,DiscussionGRPWaitPage,1779830097,12,0,1
ahrup1ic,143,hd0fo804,148,mock_N08_N04_Aonly,DiscussionGRPWaitPage,1779830097,12,0,1
ahrup1ic,148,y09gukij,148,mock_N08_N04_Aonly,DiscussionGRPWaitPage,1779830097,12,0,1
ahrup1ic,142,t9sncz0i,148,mock_N08_N04_Aonly,DiscussionGRPWaitPage,1779830097,12,0,1
ahrup1ic,124,vv584g0j,153,mock_N08_N04_Aonly,Discussion,1779830100,12,0,0
ahrup1ic,148,y09gukij,153,mock_N08_N04_Aonly,Discussion,1779830100,12,0,0
ahrup1ic,143,hd0fo804,153,mock_N08_N04_Aonly,Discussion,1779830101,12,0,0
ahrup1ic,142,t9sncz0i,153,mock_N08_N04_Aonly,Discussion,1779830102,12,0,0
ahrup1ic,128,irgbk9u2,15,mock_N08_N04_Aonly,AttentionCheck,1779830102,1,0,0
ahrup1ic,124,vv584g0j,160,mock_N08_N04_Aonly,DiscussionGRPWaitPage,1779830104,13,0,1
ahrup1ic,143,hd0fo804,160,mock_N08_N04_Aonly,DiscussionGRPWaitPage,1779830104,13,0,1
ahrup1ic,148,y09gukij,160,mock_N08_N04_Aonly,DiscussionGRPWaitPage,1779830104,13,0,1
ahrup1ic,142,t9sncz0i,160,mock_N08_N04_Aonly,DiscussionGRPWaitPage,1779830104,13,0,1
ahrup1ic,143,hd0fo804,165,mock_N08_N04_Aonly,Discussion,1779830107,13,0,0
ahrup1ic,124,vv584g0j,165,mock_N08_N04_Aonly,Discussion,1779830107,13,0,0
ahrup1ic,148,y09gukij,165,mock_N08_N04_Aonly,Discussion,1779830109,13,0,0
ahrup1ic,142,t9sncz0i,165,mock_N08_N04_Aonly,Discussion,1779830110,13,0,0
ahrup1ic,124,vv584g0j,172,mock_N08_N04_Aonly,DiscussionGRPWaitPage,1779830111,14,0,1
ahrup1ic,143,hd0fo804,172,mock_N08_N04_Aonly,DiscussionGRPWaitPage,1779830111,14,0,1
ahrup1ic,148,y09gukij,172,mock_N08_N04_Aonly,DiscussionGRPWaitPage,1779830111,14,0,1
ahrup1ic,142,t9sncz0i,172,mock_N08_N04_Aonly,DiscussionGRPWaitPage,1779830111,14,0,1
ahrup1ic,143,hd0fo804,177,mock_N08_N04_Aonly,Discussion,1779830113,14,0,0
ahrup1ic,124,vv584g0j,177,mock_N08_N04_Aonly,Discussion,1779830113,14,0,0
ahrup1ic,154,yozp67fx,4,presurvey,NeighborhoodInstruction,1779830114,1,0,0
ahrup1ic,148,y09gukij,177,mock_N08_N04_Aonly,Discussion,1779830115,14,0,0
ahrup1ic,142,t9sncz0i,177,mock_N08_N04_Aonly,Discussion,1779830116,14,0,0
ahrup1ic,124,vv584g0j,184,mock_N08_N04_Aonly,DiscussionGRPWaitPage,1779830117,15,0,1
ahrup1ic,143,hd0fo804,184,mock_N08_N04_Aonly,DiscussionGRPWaitPage,1779830117,15,0,1
ahrup1ic,148,y09gukij,184,mock_N08_N04_Aonly,DiscussionGRPWaitPage,1779830117,15,0,1
ahrup1ic,142,t9sncz0i,184,mock_N08_N04_Aonly,DiscussionGRPWaitPage,1779830117,15,0,1
ahrup1ic,148,y09gukij,189,mock_N08_N04_Aonly,Discussion,1779830119,15,0,0
ahrup1ic,143,hd0fo804,189,mock_N08_N04_Aonly,Discussion,1779830120,15,0,0
ahrup1ic,142,t9sncz0i,189,mock_N08_N04_Aonly,Discussion,1779830121,15,0,0
ahrup1ic,161,yhhm1ihb,0,,InitializeParticipant,1779830125,1,0,0
ahrup1ic,160,3w3t7zut,1,presurvey,Introduction,1779830129,1,0,0
ahrup1ic,124,vv584g0j,189,mock_N08_N04_Aonly,Discussion,1779830134,15,0,0
ahrup1ic,135,8f76v4hs,13,mock_N08_N04_Aonly,GroupingWaitPage,1779830135,1,0,1
ahrup1ic,161,yhhm1ihb,1,presurvey,Introduction,1779830136,1,0,0
ahrup1ic,124,vv584g0j,196,mock_N08_N04_Aonly,DiscussionGRPWaitPage,1779830136,16,0,1
ahrup1ic,143,hd0fo804,196,mock_N08_N04_Aonly,DiscussionGRPWaitPage,1779830136,16,0,1
ahrup1ic,148,y09gukij,196,mock_N08_N04_Aonly,DiscussionGRPWaitPage,1779830136,16,0,1
ahrup1ic,142,t9sncz0i,196,mock_N08_N04_Aonly,DiscussionGRPWaitPage,1779830136,16,0,1
ahrup1ic,158,aoy31vze,3,presurvey,Demographics,1779830138,1,0,0
ahrup1ic,135,8f76v4hs,14,mock_N08_N04_Aonly,GroupSizeWaitPage,1779830138,1,0,1
ahrup1ic,143,hd0fo804,201,mock_N08_N04_Aonly,Discussion,1779830141,16,0,0
ahrup1ic,142,t9sncz0i,201,mock_N08_N04_Aonly,Discussion,1779830141,16,0,0
ahrup1ic,148,y09gukij,201,mock_N08_N04_Aonly,Discussion,1779830142,16,0,0
ahrup1ic,157,2fxk08pp,2,presurvey,AudioCheck,1779830143,1,0,0
ahrup1ic,124,vv584g0j,201,mock_N08_N04_Aonly,Discussion,1779830144,16,0,0
ahrup1ic,124,vv584g0j,208,mock_N08_N04_Aonly,DiscussionGRPWaitPage,1779830144,17,0,1
ahrup1ic,143,hd0fo804,208,mock_N08_N04_Aonly,DiscussionGRPWaitPage,1779830144,17,0,1
ahrup1ic,148,y09gukij,208,mock_N08_N04_Aonly,DiscussionGRPWaitPage,1779830144,17,0,1
ahrup1ic,142,t9sncz0i,208,mock_N08_N04_Aonly,DiscussionGRPWaitPage,1779830144,17,0,1
ahrup1ic,143,hd0fo804,213,mock_N08_N04_Aonly,Discussion,1779830147,17,0,0
ahrup1ic,124,vv584g0j,213,mock_N08_N04_Aonly,Discussion,1779830147,17,0,0
ahrup1ic,148,y09gukij,213,mock_N08_N04_Aonly,Discussion,1779830148,17,0,0
ahrup1ic,142,t9sncz0i,213,mock_N08_N04_Aonly,Discussion,1779830149,17,0,0
ahrup1ic,124,vv584g0j,220,mock_N08_N04_Aonly,DiscussionGRPWaitPage,1779830149,18,0,1
ahrup1ic,143,hd0fo804,220,mock_N08_N04_Aonly,DiscussionGRPWaitPage,1779830149,18,0,1
ahrup1ic,148,y09gukij,220,mock_N08_N04_Aonly,DiscussionGRPWaitPage,1779830149,18,0,1
ahrup1ic,142,t9sncz0i,220,mock_N08_N04_Aonly,DiscussionGRPWaitPage,1779830149,18,0,1
ahrup1ic,135,8f76v4hs,15,mock_N08_N04_Aonly,AttentionCheck,1779830150,1,0,0
ahrup1ic,143,hd0fo804,225,mock_N08_N04_Aonly,Discussion,1779830152,18,0,0
ahrup1ic,148,y09gukij,225,mock_N08_N04_Aonly,Discussion,1779830152,18,0,0
ahrup1ic,142,t9sncz0i,225,mock_N08_N04_Aonly,Discussion,1779830153,18,0,0
ahrup1ic,124,vv584g0j,225,mock_N08_N04_Aonly,Discussion,1779830154,18,0,0
ahrup1ic,124,vv584g0j,232,mock_N08_N04_Aonly,DiscussionGRPWaitPage,1779830155,19,0,1
ahrup1ic,143,hd0fo804,232,mock_N08_N04_Aonly,DiscussionGRPWaitPage,1779830155,19,0,1
ahrup1ic,148,y09gukij,232,mock_N08_N04_Aonly,DiscussionGRPWaitPage,1779830155,19,0,1
ahrup1ic,142,t9sncz0i,232,mock_N08_N04_Aonly,DiscussionGRPWaitPage,1779830155,19,0,1
ahrup1ic,143,hd0fo804,237,mock_N08_N04_Aonly,Discussion,1779830157,19,0,0
ahrup1ic,124,vv584g0j,237,mock_N08_N04_Aonly,Discussion,1779830158,19,0,0
ahrup1ic,148,y09gukij,237,mock_N08_N04_Aonly,Discussion,1779830158,19,0,0
ahrup1ic,142,t9sncz0i,237,mock_N08_N04_Aonly,Discussion,1779830159,19,0,0
ahrup1ic,124,vv584g0j,244,mock_N08_N04_Aonly,DiscussionGRPWaitPage,1779830159,20,0,1
ahrup1ic,143,hd0fo804,244,mock_N08_N04_Aonly,DiscussionGRPWaitPage,1779830159,20,0,1
ahrup1ic,148,y09gukij,244,mock_N08_N04_Aonly,DiscussionGRPWaitPage,1779830159,20,0,1
ahrup1ic,142,t9sncz0i,244,mock_N08_N04_Aonly,DiscussionGRPWaitPage,1779830159,20,0,1
ahrup1ic,161,yhhm1ihb,2,presurvey,AudioCheck,1779830162,1,0,0
ahrup1ic,143,hd0fo804,249,mock_N08_N04_Aonly,Discussion,1779830162,20,0,0
ahrup1ic,124,vv584g0j,249,mock_N08_N04_Aonly,Discussion,1779830162,20,0,0
ahrup1ic,148,y09gukij,249,mock_N08_N04_Aonly,Discussion,1779830162,20,0,0
ahrup1ic,142,t9sncz0i,249,mock_N08_N04_Aonly,Discussion,1779830163,20,0,0
ahrup1ic,154,yozp67fx,5,presurvey,Training,1779830165,1,0,0
ahrup1ic,156,h3miikyp,4,presurvey,NeighborhoodInstruction,1779830173,1,0,0
ahrup1ic,143,hd0fo804,250,mock_N08_N04_Aonly,Additional,1779830173,20,0,0
ahrup1ic,142,t9sncz0i,250,mock_N08_N04_Aonly,Additional,1779830174,20,0,0
ahrup1ic,124,vv584g0j,250,mock_N08_N04_Aonly,Additional,1779830176,20,0,0
ahrup1ic,129,hh95dvo1,13,mock_N08_N04_Aonly,GroupingWaitPage,1779830183,1,0,1
ahrup1ic,129,hh95dvo1,14,mock_N08_N04_Aonly,GroupSizeWaitPage,1779830184,1,0,1
ahrup1ic,148,y09gukij,250,mock_N08_N04_Aonly,Additional,1779830186,20,0,0
ahrup1ic,124,vv584g0j,251,mock_N08_N04_Aonly,FinalRoundWaitPage,1779830186,20,0,1
ahrup1ic,143,hd0fo804,251,mock_N08_N04_Aonly,FinalRoundWaitPage,1779830186,20,0,1
ahrup1ic,142,t9sncz0i,251,mock_N08_N04_Aonly,FinalRoundWaitPage,1779830186,20,0,1
ahrup1ic,148,y09gukij,251,mock_N08_N04_Aonly,FinalRoundWaitPage,1779830186,20,0,1
ahrup1ic,161,yhhm1ihb,3,presurvey,Demographics,1779830188,1,0,0
ahrup1ic,155,tw9ni9a5,5,presurvey,Training,1779830189,1,0,0
ahrup1ic,143,hd0fo804,252,mock_N08_N04_Aonly,FinalRound,1779830192,20,0,0
ahrup1ic,129,hh95dvo1,15,mock_N08_N04_Aonly,AttentionCheck,1779830193,1,0,0
ahrup1ic,142,t9sncz0i,252,mock_N08_N04_Aonly,FinalRound,1779830194,20,0,0
ahrup1ic,148,y09gukij,252,mock_N08_N04_Aonly,FinalRound,1779830194,20,0,0
ahrup1ic,124,vv584g0j,252,mock_N08_N04_Aonly,FinalRound,1779830194,20,0,0
ahrup1ic,133,1u39593l,13,mock_N08_N04_Aonly,GroupingWaitPage,1779830197,1,0,1
ahrup1ic,133,1u39593l,14,mock_N08_N04_Aonly,GroupSizeWaitPage,1779830200,1,0,1
ahrup1ic,159,06ldby6t,1,presurvey,Introduction,1779830206,1,0,0
ahrup1ic,156,h3miikyp,5,presurvey,Training,1779830206,1,0,0
ahrup1ic,133,1u39593l,15,mock_N08_N04_Aonly,AttentionCheck,1779830206,1,0,0
ahrup1ic,158,aoy31vze,4,presurvey,NeighborhoodInstruction,1779830214,1,0,0
ahrup1ic,137,wylmedud,13,mock_N08_N04_Aonly,GroupingWaitPage,1779830218,1,0,1
ahrup1ic,137,wylmedud,14,mock_N08_N04_Aonly,GroupSizeWaitPage,1779830219,1,0,1
ahrup1ic,154,yozp67fx,6,presurvey,TrainingNeighbor_1,1779830219,1,0,0
ahrup1ic,154,yozp67fx,10,presurvey,ExperimentInstruction,1779830229,1,0,0
ahrup1ic,137,wylmedud,15,mock_N08_N04_Aonly,AttentionCheck,1779830229,1,0,0
ahrup1ic,120,nv30auaf,13,mock_N08_N04_Aonly,GroupingWaitPage,1779830240,1,0,1
ahrup1ic,139,iwnrusx5,13,mock_N08_N04_Aonly,GroupingWaitPage,1779830240,1,0,1
ahrup1ic,140,c0j0fh61,13,mock_N08_N04_Aonly,GroupingWaitPage,1779830240,1,0,1
ahrup1ic,144,c851ypbk,13,mock_N08_N04_Aonly,GroupingWaitPage,1779830240,1,0,1
ahrup1ic,159,06ldby6t,2,presurvey,AudioCheck,1779830240,1,0,0
ahrup1ic,120,nv30auaf,14,mock_N08_N04_Aonly,GroupSizeWaitPage,1779830240,1,0,1
ahrup1ic,139,iwnrusx5,14,mock_N08_N04_Aonly,GroupSizeWaitPage,1779830240,1,0,1
ahrup1ic,140,c0j0fh61,14,mock_N08_N04_Aonly,GroupSizeWaitPage,1779830240,1,0,1
ahrup1ic,144,c851ypbk,14,mock_N08_N04_Aonly,GroupSizeWaitPage,1779830240,1,0,1
ahrup1ic,120,nv30auaf,16,mock_N08_N04_Aonly,DiscussionGRPWaitPage,1779830241,1,0,1
ahrup1ic,140,c0j0fh61,16,mock_N08_N04_Aonly,DiscussionGRPWaitPage,1779830241,1,0,1
ahrup1ic,144,c851ypbk,16,mock_N08_N04_Aonly,DiscussionGRPWaitPage,1779830241,1,0,1
ahrup1ic,139,iwnrusx5,16,mock_N08_N04_Aonly,DiscussionGRPWaitPage,1779830241,1,0,1
ahrup1ic,134,ng388omb,13,mock_N08_N04_Aonly,GroupingWaitPage,1779830252,1,0,1
ahrup1ic,134,ng388omb,14,mock_N08_N04_Aonly,GroupSizeWaitPage,1779830253,1,0,1
ahrup1ic,157,2fxk08pp,3,presurvey,Demographics,1779830255,1,0,0
ahrup1ic,134,ng388omb,15,mock_N08_N04_Aonly,AttentionCheck,1779830258,1,0,0
ahrup1ic,149,3xj2g3fq,5,presurvey,Training,1779830261,1,0,0
ahrup1ic,154,yozp67fx,11,presurvey,Scenario,1779830273,1,0,0
ahrup1ic,139,iwnrusx5,17,mock_N08_N04_Aonly,Nudge,1779830279,1,0,0
ahrup1ic,140,c0j0fh61,17,mock_N08_N04_Aonly,Nudge,1779830279,1,0,0
ahrup1ic,120,nv30auaf,17,mock_N08_N04_Aonly,Nudge,1779830283,1,0,0
ahrup1ic,139,iwnrusx5,18,mock_N08_N04_Aonly,NudgeTraining,1779830288,1,0,0
ahrup1ic,157,2fxk08pp,4,presurvey,NeighborhoodInstruction,1779830288,1,0,0
ahrup1ic,144,c851ypbk,17,mock_N08_N04_Aonly,Nudge,1779830290,1,0,0
ahrup1ic,138,slz6q3dn,13,mock_N08_N04_Aonly,GroupingWaitPage,1779830300,1,0,1
ahrup1ic,161,yhhm1ihb,4,presurvey,NeighborhoodInstruction,1779830300,1,0,0
ahrup1ic,159,06ldby6t,3,presurvey,Demographics,1779830301,1,0,0
ahrup1ic,138,slz6q3dn,14,mock_N08_N04_Aonly,GroupSizeWaitPage,1779830301,1,0,1
ahrup1ic,156,h3miikyp,6,presurvey,TrainingNeighbor_1,1779830302,1,0,0
ahrup1ic,120,nv30auaf,18,mock_N08_N04_Aonly,NudgeTraining,1779830308,1,0,0
ahrup1ic,144,c851ypbk,18,mock_N08_N04_Aonly,NudgeTraining,1779830308,1,0,0
ahrup1ic,139,iwnrusx5,19,mock_N08_N04_Aonly,NudgeTrainingLast,1779830310,1,0,0
ahrup1ic,138,slz6q3dn,15,mock_N08_N04_Aonly,AttentionCheck,1779830313,1,0,0
ahrup1ic,159,06ldby6t,4,presurvey,NeighborhoodInstruction,1779830315,1,0,0
ahrup1ic,140,c0j0fh61,18,mock_N08_N04_Aonly,NudgeTraining,1779830316,1,0,0
ahrup1ic,139,iwnrusx5,20,mock_N08_N04_Aonly,Phase3,1779830321,1,0,0
ahrup1ic,158,aoy31vze,5,presurvey,Training,1779830326,1,0,0
ahrup1ic,155,tw9ni9a5,6,presurvey,TrainingNeighbor_1,1779830330,1,0,0
ahrup1ic,161,yhhm1ihb,5,presurvey,Training,1779830332,1,0,0
ahrup1ic,140,c0j0fh61,19,mock_N08_N04_Aonly,NudgeTrainingLast,1779830336,1,0,0
ahrup1ic,120,nv30auaf,19,mock_N08_N04_Aonly,NudgeTrainingLast,1779830340,1,0,0
ahrup1ic,139,iwnrusx5,21,mock_N08_N04_Aonly,Discussion,1779830340,1,0,0
ahrup1ic,144,c851ypbk,19,mock_N08_N04_Aonly,NudgeTrainingLast,1779830341,1,0,0
ahrup1ic,162,5of5svr2,0,,InitializeParticipant,1779830344,1,0,0
ahrup1ic,155,tw9ni9a5,7,presurvey,TrainingNeighbor_2,1779830358,1,0,0
ahrup1ic,156,h3miikyp,10,presurvey,ExperimentInstruction,1779830360,1,0,0
ahrup1ic,131,xo8hq7mu,13,mock_N08_N04_Aonly,GroupingWaitPage,1779830362,1,0,1
ahrup1ic,131,xo8hq7mu,14,mock_N08_N04_Aonly,GroupSizeWaitPage,1779830362,1,0,1
ahrup1ic,159,06ldby6t,5,presurvey,Training,1779830365,1,0,0
ahrup1ic,158,aoy31vze,6,presurvey,TrainingNeighbor_1,1779830366,1,0,0
ahrup1ic,163,39jh55z5,0,,InitializeParticipant,1779830368,1,0,0
ahrup1ic,131,xo8hq7mu,15,mock_N08_N04_Aonly,AttentionCheck,1779830368,1,0,0
ahrup1ic,155,tw9ni9a5,10,presurvey,ExperimentInstruction,1779830374,1,0,0
ahrup1ic,158,aoy31vze,10,presurvey,ExperimentInstruction,1779830374,1,0,0
ahrup1ic,161,yhhm1ihb,6,presurvey,TrainingNeighbor_1,1779830380,1,0,0
ahrup1ic,140,c0j0fh61,20,mock_N08_N04_Aonly,Phase3,1779830381,1,1,0
ahrup1ic,157,2fxk08pp,5,presurvey,Training,1779830382,1,0,0
ahrup1ic,120,nv30auaf,20,mock_N08_N04_Aonly,Phase3,1779830385,1,1,0
ahrup1ic,164,tg8tebkg,0,,InitializeParticipant,1779830385,1,0,0
ahrup1ic,144,c851ypbk,20,mock_N08_N04_Aonly,Phase3,1779830386,1,0,0
ahrup1ic,140,c0j0fh61,21,mock_N08_N04_Aonly,Discussion,1779830392,1,0,0
ahrup1ic,144,c851ypbk,21,mock_N08_N04_Aonly,Discussion,1779830406,1,0,0
ahrup1ic,156,h3miikyp,11,presurvey,Scenario,1779830409,1,0,0
ahrup1ic,161,yhhm1ihb,10,presurvey,ExperimentInstruction,1779830415,1,0,0
ahrup1ic,120,nv30auaf,21,mock_N08_N04_Aonly,Discussion,1779830416,1,0,0
ahrup1ic,120,nv30auaf,28,mock_N08_N04_Aonly,DiscussionGRPWaitPage,1779830416,2,0,1
ahrup1ic,140,c0j0fh61,28,mock_N08_N04_Aonly,DiscussionGRPWaitPage,1779830416,2,0,1
ahrup1ic,144,c851ypbk,28,mock_N08_N04_Aonly,DiscussionGRPWaitPage,1779830416,2,0,1
ahrup1ic,139,iwnrusx5,28,mock_N08_N04_Aonly,DiscussionGRPWaitPage,1779830416,2,0,1
ahrup1ic,145,9au5k173,13,mock_N08_N04_Aonly,GroupingWaitPage,1779830424,1,0,1
ahrup1ic,145,9au5k173,14,mock_N08_N04_Aonly,GroupSizeWaitPage,1779830424,1,0,1
ahrup1ic,159,06ldby6t,6,presurvey,TrainingNeighbor_1,1779830424,1,0,0
ahrup1ic,162,5of5svr2,1,presurvey,Introduction,1779830426,1,0,0
ahrup1ic,163,39jh55z5,1,presurvey,Introduction,1779830427,1,0,0
ahrup1ic,140,c0j0fh61,33,mock_N08_N04_Aonly,Discussion,1779830427,2,0,0
ahrup1ic,164,tg8tebkg,1,presurvey,Introduction,1779830428,1,0,0
ahrup1ic,144,c851ypbk,33,mock_N08_N04_Aonly,Discussion,1779830432,2,0,0
ahrup1ic,145,9au5k173,15,mock_N08_N04_Aonly,AttentionCheck,1779830438,1,0,0
ahrup1ic,139,iwnrusx5,33,mock_N08_N04_Aonly,Discussion,1779830440,2,0,0
ahrup1ic,120,nv30auaf,33,mock_N08_N04_Aonly,Discussion,1779830449,2,0,0
ahrup1ic,120,nv30auaf,40,mock_N08_N04_Aonly,DiscussionGRPWaitPage,1779830449,3,0,1
ahrup1ic,144,c851ypbk,40,mock_N08_N04_Aonly,DiscussionGRPWaitPage,1779830449,3,0,1
ahrup1ic,140,c0j0fh61,40,mock_N08_N04_Aonly,DiscussionGRPWaitPage,1779830449,3,0,1
ahrup1ic,139,iwnrusx5,40,mock_N08_N04_Aonly,DiscussionGRPWaitPage,1779830449,3,0,1
ahrup1ic,163,39jh55z5,2,presurvey,AudioCheck,1779830450,1,0,0
ahrup1ic,164,tg8tebkg,2,presurvey,AudioCheck,1779830458,1,0,0
ahrup1ic,156,h3miikyp,12,presurvey,Commitment,1779830460,1,0,0
ahrup1ic,139,iwnrusx5,45,mock_N08_N04_Aonly,Discussion,1779830461,3,0,0
ahrup1ic,144,c851ypbk,45,mock_N08_N04_Aonly,Discussion,1779830468,3,0,0
ahrup1ic,161,yhhm1ihb,11,presurvey,Scenario,1779830469,1,0,0
ahrup1ic,120,nv30auaf,45,mock_N08_N04_Aonly,Discussion,1779830471,3,0,0
ahrup1ic,140,c0j0fh61,45,mock_N08_N04_Aonly,Discussion,1779830471,3,0,0
ahrup1ic,120,nv30auaf,52,mock_N08_N04_Aonly,DiscussionGRPWaitPage,1779830472,4,0,1
ahrup1ic,140,c0j0fh61,52,mock_N08_N04_Aonly,DiscussionGRPWaitPage,1779830472,4,0,1
ahrup1ic,144,c851ypbk,52,mock_N08_N04_Aonly,DiscussionGRPWaitPage,1779830472,4,0,1
ahrup1ic,139,iwnrusx5,52,mock_N08_N04_Aonly,DiscussionGRPWaitPage,1779830472,4,0,1
ahrup1ic,163,39jh55z5,3,presurvey,Demographics,1779830474,1,0,0
ahrup1ic,144,c851ypbk,57,mock_N08_N04_Aonly,Discussion,1779830480,4,0,0
ahrup1ic,139,iwnrusx5,57,mock_N08_N04_Aonly,Discussion,1779830482,4,0,0
ahrup1ic,164,tg8tebkg,3,presurvey,Demographics,1779830482,1,0,0
ahrup1ic,162,5of5svr2,2,presurvey,AudioCheck,1779830491,1,0,0
ahrup1ic,140,c0j0fh61,57,mock_N08_N04_Aonly,Discussion,1779830491,4,0,0
ahrup1ic,155,tw9ni9a5,11,presurvey,Scenario,1779830492,1,0,0
ahrup1ic,159,06ldby6t,7,presurvey,TrainingNeighbor_2,1779830498,1,0,0
ahrup1ic,120,nv30auaf,57,mock_N08_N04_Aonly,Discussion,1779830508,4,0,0
ahrup1ic,139,iwnrusx5,64,mock_N08_N04_Aonly,DiscussionGRPWaitPage,1779830508,5,0,1
ahrup1ic,120,nv30auaf,64,mock_N08_N04_Aonly,DiscussionGRPWaitPage,1779830508,5,0,1
ahrup1ic,140,c0j0fh61,64,mock_N08_N04_Aonly,DiscussionGRPWaitPage,1779830508,5,0,1
ahrup1ic,144,c851ypbk,64,mock_N08_N04_Aonly,DiscussionGRPWaitPage,1779830508,5,0,1
ahrup1ic,163,39jh55z5,4,presurvey,NeighborhoodInstruction,1779830516,1,0,0
ahrup1ic,159,06ldby6t,8,presurvey,AttentionCheck,1779830517,1,0,0
ahrup1ic,144,c851ypbk,69,mock_N08_N04_Aonly,Discussion,1779830517,5,0,0
ahrup1ic,164,tg8tebkg,4,presurvey,NeighborhoodInstruction,1779830519,1,0,0
ahrup1ic,139,iwnrusx5,69,mock_N08_N04_Aonly,Discussion,1779830520,5,0,0
ahrup1ic,140,c0j0fh61,69,mock_N08_N04_Aonly,Discussion,1779830525,5,0,0
ahrup1ic,151,6n217cfo,13,mock_N08_N04_Aonly,GroupingWaitPage,1779830531,1,0,1
ahrup1ic,151,6n217cfo,14,mock_N08_N04_Aonly,GroupSizeWaitPage,1779830531,1,0,1
ahrup1ic,151,6n217cfo,15,mock_N08_N04_Aonly,AttentionCheck,1779830538,1,0,0
ahrup1ic,120,nv30auaf,69,mock_N08_N04_Aonly,Discussion,1779830540,5,1,0
ahrup1ic,120,nv30auaf,76,mock_N08_N04_Aonly,DiscussionGRPWaitPage,1779830540,6,0,1
ahrup1ic,140,c0j0fh61,76,mock_N08_N04_Aonly,DiscussionGRPWaitPage,1779830540,6,0,1
ahrup1ic,144,c851ypbk,76,mock_N08_N04_Aonly,DiscussionGRPWaitPage,1779830540,6,0,1
ahrup1ic,139,iwnrusx5,76,mock_N08_N04_Aonly,DiscussionGRPWaitPage,1779830540,6,0,1
ahrup1ic,164,tg8tebkg,5,presurvey,Training,1779830540,1,0,0
ahrup1ic,162,5of5svr2,3,presurvey,Demographics,1779830546,1,0,0
ahrup1ic,120,nv30auaf,81,mock_N08_N04_Aonly,Discussion,1779830547,6,0,0
ahrup1ic,153,6oxjrhzc,13,mock_N08_N04_Aonly,GroupingWaitPage,1779830549,1,0,1
ahrup1ic,139,iwnrusx5,81,mock_N08_N04_Aonly,Discussion,1779830549,6,0,0
ahrup1ic,153,6oxjrhzc,14,mock_N08_N04_Aonly,GroupSizeWaitPage,1779830549,1,0,1
ahrup1ic,144,c851ypbk,81,mock_N08_N04_Aonly,Discussion,1779830550,6,0,0
ahrup1ic,165,6fnuhzek,0,,InitializeParticipant,1779830550,1,0,0
ahrup1ic,165,6fnuhzek,1,presurvey,Introduction,1779830555,1,0,0
ahrup1ic,153,6oxjrhzc,15,mock_N08_N04_Aonly,AttentionCheck,1779830555,1,0,0
ahrup1ic,164,tg8tebkg,6,presurvey,TrainingNeighbor_1,1779830559,1,0,0
ahrup1ic,161,yhhm1ihb,12,presurvey,Commitment,1779830559,1,0,0
ahrup1ic,140,c0j0fh61,81,mock_N08_N04_Aonly,Discussion,1779830560,6,0,0
ahrup1ic,120,nv30auaf,88,mock_N08_N04_Aonly,DiscussionGRPWaitPage,1779830560,7,0,1
ahrup1ic,140,c0j0fh61,88,mock_N08_N04_Aonly,DiscussionGRPWaitPage,1779830560,7,0,1
ahrup1ic,144,c851ypbk,88,mock_N08_N04_Aonly,DiscussionGRPWaitPage,1779830560,7,0,1
ahrup1ic,139,iwnrusx5,88,mock_N08_N04_Aonly,DiscussionGRPWaitPage,1779830560,7,0,1
ahrup1ic,140,c0j0fh61,93,mock_N08_N04_Aonly,Discussion,1779830565,7,0,0
ahrup1ic,144,c851ypbk,93,mock_N08_N04_Aonly,Discussion,1779830568,7,0,0
ahrup1ic,139,iwnrusx5,93,mock_N08_N04_Aonly,Discussion,1779830571,7,0,0
ahrup1ic,163,39jh55z5,5,presurvey,Training,1779830573,1,0,0
ahrup1ic,157,2fxk08pp,6,presurvey,TrainingNeighbor_1,1779830574,1,0,0
ahrup1ic,164,tg8tebkg,10,presurvey,ExperimentInstruction,1779830575,1,0,0
ahrup1ic,159,06ldby6t,9,presurvey,TrainingNeighbor_3,1779830575,1,0,0
ahrup1ic,165,6fnuhzek,2,presurvey,AudioCheck,1779830576,1,0,0
ahrup1ic,120,nv30auaf,93,mock_N08_N04_Aonly,Discussion,1779830578,7,0,0
ahrup1ic,120,nv30auaf,100,mock_N08_N04_Aonly,DiscussionGRPWaitPage,1779830578,8,0,1
ahrup1ic,140,c0j0fh61,100,mock_N08_N04_Aonly,DiscussionGRPWaitPage,1779830578,8,0,1
ahrup1ic,144,c851ypbk,100,mock_N08_N04_Aonly,DiscussionGRPWaitPage,1779830578,8,0,1
ahrup1ic,139,iwnrusx5,100,mock_N08_N04_Aonly,DiscussionGRPWaitPage,1779830578,8,0,1
ahrup1ic,166,v1dts4x2,0,,InitializeParticipant,1779830580,1,0,0
ahrup1ic,159,06ldby6t,10,presurvey,ExperimentInstruction,1779830583,1,0,0
ahrup1ic,139,iwnrusx5,105,mock_N08_N04_Aonly,Discussion,1779830584,8,0,0
ahrup1ic,144,c851ypbk,105,mock_N08_N04_Aonly,Discussion,1779830584,8,0,0
ahrup1ic,140,c0j0fh61,105,mock_N08_N04_Aonly,Discussion,1779830591,8,0,0
ahrup1ic,165,6fnuhzek,3,presurvey,Demographics,1779830593,1,0,0
ahrup1ic,120,nv30auaf,105,mock_N08_N04_Aonly,Discussion,1779830596,8,0,0
ahrup1ic,120,nv30auaf,112,mock_N08_N04_Aonly,DiscussionGRPWaitPage,1779830596,9,0,1
ahrup1ic,140,c0j0fh61,112,mock_N08_N04_Aonly,DiscussionGRPWaitPage,1779830596,9,0,1
ahrup1ic,144,c851ypbk,112,mock_N08_N04_Aonly,DiscussionGRPWaitPage,1779830596,9,0,1
ahrup1ic,139,iwnrusx5,112,mock_N08_N04_Aonly,DiscussionGRPWaitPage,1779830596,9,0,1
ahrup1ic,149,3xj2g3fq,6,presurvey,TrainingNeighbor_1,1779830597,1,0,0
ahrup1ic,139,iwnrusx5,117,mock_N08_N04_Aonly,Discussion,1779830601,9,0,0
ahrup1ic,144,c851ypbk,117,mock_N08_N04_Aonly,Discussion,1779830602,9,0,0
ahrup1ic,149,3xj2g3fq,10,presurvey,ExperimentInstruction,1779830602,1,0,0
ahrup1ic,140,c0j0fh61,117,mock_N08_N04_Aonly,Discussion,1779830611,9,0,0
ahrup1ic,149,3xj2g3fq,11,presurvey,Scenario,1779830612,1,0,0
ahrup1ic,146,gdcj88j6,13,mock_N08_N04_Aonly,GroupingWaitPage,1779830613,1,0,1
ahrup1ic,146,gdcj88j6,14,mock_N08_N04_Aonly,GroupSizeWaitPage,1779830615,1,0,1
ahrup1ic,158,aoy31vze,11,presurvey,Scenario,1779830616,1,0,0
ahrup1ic,164,tg8tebkg,11,presurvey,Scenario,1779830616,1,0,0
ahrup1ic,165,6fnuhzek,4,presurvey,NeighborhoodInstruction,1779830622,1,0,0
ahrup1ic,120,nv30auaf,117,mock_N08_N04_Aonly,Discussion,1779830627,9,1,0
ahrup1ic,120,nv30auaf,124,mock_N08_N04_Aonly,DiscussionGRPWaitPage,1779830627,10,0,1
ahrup1ic,140,c0j0fh61,124,mock_N08_N04_Aonly,DiscussionGRPWaitPage,1779830627,10,0,1
ahrup1ic,144,c851ypbk,124,mock_N08_N04_Aonly,DiscussionGRPWaitPage,1779830627,10,0,1
ahrup1ic,139,iwnrusx5,124,mock_N08_N04_Aonly,DiscussionGRPWaitPage,1779830627,10,0,1
ahrup1ic,159,06ldby6t,11,presurvey,Scenario,1779830630,1,0,0
ahrup1ic,157,2fxk08pp,7,presurvey,TrainingNeighbor_2,1779830631,1,0,0
ahrup1ic,162,5of5svr2,4,presurvey,NeighborhoodInstruction,1779830631,1,0,0
ahrup1ic,120,nv30auaf,129,mock_N08_N04_Aonly,Discussion,1779830632,10,0,0
ahrup1ic,163,39jh55z5,6,presurvey,TrainingNeighbor_1,1779830632,1,0,0
ahrup1ic,139,iwnrusx5,129,mock_N08_N04_Aonly,Discussion,1779830633,10,0,0
ahrup1ic,144,c851ypbk,129,mock_N08_N04_Aonly,Discussion,1779830634,10,0,0
ahrup1ic,146,gdcj88j6,15,mock_N08_N04_Aonly,AttentionCheck,1779830636,1,0,0
ahrup1ic,140,c0j0fh61,129,mock_N08_N04_Aonly,Discussion,1779830639,10,0,0
ahrup1ic,120,nv30auaf,136,mock_N08_N04_Aonly,DiscussionGRPWaitPage,1779830640,11,0,1
ahrup1ic,140,c0j0fh61,136,mock_N08_N04_Aonly,DiscussionGRPWaitPage,1779830640,11,0,1
ahrup1ic,144,c851ypbk,136,mock_N08_N04_Aonly,DiscussionGRPWaitPage,1779830640,11,0,1
ahrup1ic,139,iwnrusx5,136,mock_N08_N04_Aonly,DiscussionGRPWaitPage,1779830640,11,0,1
ahrup1ic,139,iwnrusx5,141,mock_N08_N04_Aonly,Discussion,1779830644,11,0,0
ahrup1ic,144,c851ypbk,141,mock_N08_N04_Aonly,Discussion,1779830645,11,0,0
ahrup1ic,120,nv30auaf,141,mock_N08_N04_Aonly,Discussion,1779830655,11,0,0
ahrup1ic,157,2fxk08pp,10,presurvey,ExperimentInstruction,1779830656,1,0,0
ahrup1ic,165,6fnuhzek,5,presurvey,Training,1779830656,1,0,0
ahrup1ic,140,c0j0fh61,141,mock_N08_N04_Aonly,Discussion,1779830663,11,0,0
ahrup1ic,120,nv30auaf,148,mock_N08_N04_Aonly,DiscussionGRPWaitPage,1779830664,12,0,1
ahrup1ic,139,iwnrusx5,148,mock_N08_N04_Aonly,DiscussionGRPWaitPage,1779830664,12,0,1
ahrup1ic,140,c0j0fh61,148,mock_N08_N04_Aonly,DiscussionGRPWaitPage,1779830664,12,0,1
ahrup1ic,144,c851ypbk,148,mock_N08_N04_Aonly,DiscussionGRPWaitPage,1779830664,12,0,1
ahrup1ic,139,iwnrusx5,153,mock_N08_N04_Aonly,Discussion,1779830670,12,0,0
ahrup1ic,144,c851ypbk,153,mock_N08_N04_Aonly,Discussion,1779830671,12,0,0
ahrup1ic,140,c0j0fh61,153,mock_N08_N04_Aonly,Discussion,1779830676,12,0,0
ahrup1ic,158,aoy31vze,12,presurvey,Commitment,1779830676,1,0,0
ahrup1ic,165,6fnuhzek,6,presurvey,TrainingNeighbor_1,1779830680,1,0,0
ahrup1ic,162,5of5svr2,5,presurvey,Training,1779830681,1,0,0
ahrup1ic,120,nv30auaf,153,mock_N08_N04_Aonly,Discussion,1779830684,12,0,0
ahrup1ic,120,nv30auaf,160,mock_N08_N04_Aonly,DiscussionGRPWaitPage,1779830685,13,0,1
ahrup1ic,140,c0j0fh61,160,mock_N08_N04_Aonly,DiscussionGRPWaitPage,1779830685,13,0,1
ahrup1ic,144,c851ypbk,160,mock_N08_N04_Aonly,DiscussionGRPWaitPage,1779830685,13,0,1
ahrup1ic,139,iwnrusx5,160,mock_N08_N04_Aonly,DiscussionGRPWaitPage,1779830685,13,0,1
ahrup1ic,165,6fnuhzek,7,presurvey,TrainingNeighbor_2,1779830688,1,0,0
ahrup1ic,144,c851ypbk,165,mock_N08_N04_Aonly,Discussion,1779830692,13,0,0
ahrup1ic,139,iwnrusx5,165,mock_N08_N04_Aonly,Discussion,1779830692,13,0,0
ahrup1ic,165,6fnuhzek,8,presurvey,AttentionCheck,1779830699,1,0,0
ahrup1ic,120,nv30auaf,165,mock_N08_N04_Aonly,Discussion,1779830701,13,0,0
ahrup1ic,140,c0j0fh61,165,mock_N08_N04_Aonly,Discussion,1779830708,13,0,0
ahrup1ic,120,nv30auaf,172,mock_N08_N04_Aonly,DiscussionGRPWaitPage,1779830709,14,0,1
ahrup1ic,140,c0j0fh61,172,mock_N08_N04_Aonly,DiscussionGRPWaitPage,1779830709,14,0,1
ahrup1ic,144,c851ypbk,172,mock_N08_N04_Aonly,DiscussionGRPWaitPage,1779830709,14,0,1
ahrup1ic,139,iwnrusx5,172,mock_N08_N04_Aonly,DiscussionGRPWaitPage,1779830709,14,0,1
ahrup1ic,159,06ldby6t,12,presurvey,Commitment,1779830710,1,0,0
ahrup1ic,165,6fnuhzek,9,presurvey,TrainingNeighbor_3,1779830713,1,0,0
ahrup1ic,139,iwnrusx5,177,mock_N08_N04_Aonly,Discussion,1779830713,14,0,0
ahrup1ic,163,39jh55z5,7,presurvey,TrainingNeighbor_2,1779830713,1,0,0
ahrup1ic,167,ylnex3av,0,,InitializeParticipant,1779830714,1,0,0
ahrup1ic,144,c851ypbk,177,mock_N08_N04_Aonly,Discussion,1779830716,14,0,0
ahrup1ic,165,6fnuhzek,10,presurvey,ExperimentInstruction,1779830718,1,0,0
ahrup1ic,162,5of5svr2,6,presurvey,TrainingNeighbor_1,1779830720,1,0,0
ahrup1ic,140,c0j0fh61,177,mock_N08_N04_Aonly,Discussion,1779830723,14,0,0
ahrup1ic,168,6dos6c5j,0,,InitializeParticipant,1779830723,1,0,0
ahrup1ic,120,nv30auaf,177,mock_N08_N04_Aonly,Discussion,1779830724,14,0,0
ahrup1ic,120,nv30auaf,184,mock_N08_N04_Aonly,DiscussionGRPWaitPage,1779830725,15,0,1
ahrup1ic,144,c851ypbk,184,mock_N08_N04_Aonly,DiscussionGRPWaitPage,1779830725,15,0,1
ahrup1ic,140,c0j0fh61,184,mock_N08_N04_Aonly,DiscussionGRPWaitPage,1779830725,15,0,1
ahrup1ic,139,iwnrusx5,184,mock_N08_N04_Aonly,DiscussionGRPWaitPage,1779830725,15,0,1
ahrup1ic,139,iwnrusx5,189,mock_N08_N04_Aonly,Discussion,1779830728,15,0,0
ahrup1ic,144,c851ypbk,189,mock_N08_N04_Aonly,Discussion,1779830731,15,0,0
ahrup1ic,163,39jh55z5,10,presurvey,ExperimentInstruction,1779830733,1,0,0
ahrup1ic,168,6dos6c5j,1,presurvey,Introduction,1779830733,1,0,0
ahrup1ic,140,c0j0fh61,189,mock_N08_N04_Aonly,Discussion,1779830738,15,0,0
ahrup1ic,120,nv30auaf,189,mock_N08_N04_Aonly,Discussion,1779830739,15,0,0
ahrup1ic,120,nv30auaf,196,mock_N08_N04_Aonly,DiscussionGRPWaitPage,1779830739,16,0,1
ahrup1ic,140,c0j0fh61,196,mock_N08_N04_Aonly,DiscussionGRPWaitPage,1779830739,16,0,1
ahrup1ic,144,c851ypbk,196,mock_N08_N04_Aonly,DiscussionGRPWaitPage,1779830739,16,0,1
ahrup1ic,139,iwnrusx5,196,mock_N08_N04_Aonly,DiscussionGRPWaitPage,1779830739,16,0,1
ahrup1ic,162,5of5svr2,10,presurvey,ExperimentInstruction,1779830739,1,0,0
ahrup1ic,139,iwnrusx5,201,mock_N08_N04_Aonly,Discussion,1779830743,16,0,0
ahrup1ic,140,c0j0fh61,201,mock_N08_N04_Aonly,Discussion,1779830744,16,0,0
ahrup1ic,144,c851ypbk,201,mock_N08_N04_Aonly,Discussion,1779830745,16,0,0
ahrup1ic,169,pivhydg5,0,,InitializeParticipant,1779830750,1,0,0
ahrup1ic,168,6dos6c5j,2,presurvey,AudioCheck,1779830752,1,0,0
ahrup1ic,157,2fxk08pp,11,presurvey,Scenario,1779830752,1,0,0
ahrup1ic,169,pivhydg5,1,presurvey,Introduction,1779830757,1,0,0
ahrup1ic,120,nv30auaf,201,mock_N08_N04_Aonly,Discussion,1779830763,16,0,0
ahrup1ic,120,nv30auaf,208,mock_N08_N04_Aonly,DiscussionGRPWaitPage,1779830764,17,0,1
ahrup1ic,140,c0j0fh61,208,mock_N08_N04_Aonly,DiscussionGRPWaitPage,1779830764,17,0,1
ahrup1ic,144,c851ypbk,208,mock_N08_N04_Aonly,DiscussionGRPWaitPage,1779830764,17,0,1
ahrup1ic,139,iwnrusx5,208,mock_N08_N04_Aonly,DiscussionGRPWaitPage,1779830764,17,0,1
ahrup1ic,140,c0j0fh61,213,mock_N08_N04_Aonly,Discussion,1779830767,17,0,0
ahrup1ic,139,iwnrusx5,213,mock_N08_N04_Aonly,Discussion,1779830768,17,0,0
ahrup1ic,168,6dos6c5j,3,presurvey,Demographics,1779830770,1,0,0
ahrup1ic,162,5of5svr2,11,presurvey,Scenario,1779830771,1,0,0
ahrup1ic,144,c851ypbk,213,mock_N08_N04_Aonly,Discussion,1779830772,17,0,0
ahrup1ic,120,nv30auaf,213,mock_N08_N04_Aonly,Discussion,1779830779,17,0,0
ahrup1ic,120,nv30auaf,220,mock_N08_N04_Aonly,DiscussionGRPWaitPage,1779830779,18,0,1
ahrup1ic,140,c0j0fh61,220,mock_N08_N04_Aonly,DiscussionGRPWaitPage,1779830779,18,0,1
ahrup1ic,144,c851ypbk,220,mock_N08_N04_Aonly,DiscussionGRPWaitPage,1779830779,18,0,1
ahrup1ic,139,iwnrusx5,220,mock_N08_N04_Aonly,DiscussionGRPWaitPage,1779830779,18,0,1
ahrup1ic,168,6dos6c5j,4,presurvey,NeighborhoodInstruction,1779830779,1,0,0
ahrup1ic,139,iwnrusx5,225,mock_N08_N04_Aonly,Discussion,1779830783,18,0,0
ahrup1ic,140,c0j0fh61,225,mock_N08_N04_Aonly,Discussion,1779830784,18,0,0
ahrup1ic,163,39jh55z5,11,presurvey,Scenario,1779830785,1,0,0
ahrup1ic,144,c851ypbk,225,mock_N08_N04_Aonly,Discussion,1779830790,18,0,0
ahrup1ic,169,pivhydg5,2,presurvey,AudioCheck,1779830790,1,0,0
ahrup1ic,167,ylnex3av,1,presurvey,Introduction,1779830791,1,0,0
ahrup1ic,168,6dos6c5j,5,presurvey,Training,1779830799,1,0,0
ahrup1ic,120,nv30auaf,225,mock_N08_N04_Aonly,Discussion,1779830802,18,0,0
ahrup1ic,120,nv30auaf,232,mock_N08_N04_Aonly,DiscussionGRPWaitPage,1779830802,19,0,1
ahrup1ic,140,c0j0fh61,232,mock_N08_N04_Aonly,DiscussionGRPWaitPage,1779830802,19,0,1
ahrup1ic,144,c851ypbk,232,mock_N08_N04_Aonly,DiscussionGRPWaitPage,1779830802,19,0,1
ahrup1ic,139,iwnrusx5,232,mock_N08_N04_Aonly,DiscussionGRPWaitPage,1779830802,19,0,1
ahrup1ic,169,pivhydg5,3,presurvey,Demographics,1779830802,1,0,0
ahrup1ic,139,iwnrusx5,237,mock_N08_N04_Aonly,Discussion,1779830805,19,0,0
ahrup1ic,144,c851ypbk,237,mock_N08_N04_Aonly,Discussion,1779830807,19,0,0
ahrup1ic,140,c0j0fh61,237,mock_N08_N04_Aonly,Discussion,1779830807,19,0,0
ahrup1ic,167,ylnex3av,2,presurvey,AudioCheck,1779830809,1,0,0
ahrup1ic,170,4hw4wuob,0,,InitializeParticipant,1779830809,1,0,0
ahrup1ic,169,pivhydg5,4,presurvey,NeighborhoodInstruction,1779830812,1,0,0
ahrup1ic,165,6fnuhzek,11,presurvey,Scenario,1779830816,1,0,0
ahrup1ic,120,nv30auaf,237,mock_N08_N04_Aonly,Discussion,1779830823,19,0,0
ahrup1ic,168,6dos6c5j,6,presurvey,TrainingNeighbor_1,1779830823,1,0,0
ahrup1ic,120,nv30auaf,244,mock_N08_N04_Aonly,DiscussionGRPWaitPage,1779830823,20,0,1
ahrup1ic,140,c0j0fh61,244,mock_N08_N04_Aonly,DiscussionGRPWaitPage,1779830823,20,0,1
ahrup1ic,144,c851ypbk,244,mock_N08_N04_Aonly,DiscussionGRPWaitPage,1779830823,20,0,1
ahrup1ic,139,iwnrusx5,244,mock_N08_N04_Aonly,DiscussionGRPWaitPage,1779830823,20,0,1
ahrup1ic,139,iwnrusx5,249,mock_N08_N04_Aonly,Discussion,1779830828,20,0,0
ahrup1ic,167,ylnex3av,3,presurvey,Demographics,1779830828,1,0,0
ahrup1ic,144,c851ypbk,249,mock_N08_N04_Aonly,Discussion,1779830829,20,0,0
ahrup1ic,140,c0j0fh61,249,mock_N08_N04_Aonly,Discussion,1779830830,20,0,0
ahrup1ic,120,nv30auaf,249,mock_N08_N04_Aonly,Discussion,1779830832,20,0,0
ahrup1ic,168,6dos6c5j,7,presurvey,TrainingNeighbor_2,1779830833,1,0,0
ahrup1ic,168,6dos6c5j,10,presurvey,ExperimentInstruction,1779830837,1,0,0
ahrup1ic,170,4hw4wuob,1,presurvey,Introduction,1779830838,1,0,0
ahrup1ic,139,iwnrusx5,250,mock_N08_N04_Aonly,Additional,1779830849,20,0,0
ahrup1ic,162,5of5svr2,12,presurvey,Commitment,1779830851,1,0,0
ahrup1ic,168,6dos6c5j,11,presurvey,Scenario,1779830861,1,0,0
ahrup1ic,140,c0j0fh61,250,mock_N08_N04_Aonly,Additional,1779830861,20,0,0
ahrup1ic,169,pivhydg5,5,presurvey,Training,1779830862,1,0,0
ahrup1ic,167,ylnex3av,4,presurvey,NeighborhoodInstruction,1779830862,1,0,0
ahrup1ic,144,c851ypbk,250,mock_N08_N04_Aonly,Additional,1779830863,20,0,0
ahrup1ic,170,4hw4wuob,2,presurvey,AudioCheck,1779830866,1,0,0
ahrup1ic,120,nv30auaf,250,mock_N08_N04_Aonly,Additional,1779830869,20,0,0
ahrup1ic,120,nv30auaf,251,mock_N08_N04_Aonly,FinalRoundWaitPage,1779830869,20,0,1
ahrup1ic,139,iwnrusx5,251,mock_N08_N04_Aonly,FinalRoundWaitPage,1779830869,20,0,1
ahrup1ic,140,c0j0fh61,251,mock_N08_N04_Aonly,FinalRoundWaitPage,1779830869,20,0,1
ahrup1ic,144,c851ypbk,251,mock_N08_N04_Aonly,FinalRoundWaitPage,1779830869,20,0,1
ahrup1ic,171,nry0geg0,0,,InitializeParticipant,1779830871,1,0,0
ahrup1ic,170,4hw4wuob,3,presurvey,Demographics,1779830878,1,0,0
ahrup1ic,139,iwnrusx5,252,mock_N08_N04_Aonly,FinalRound,1779830879,20,0,0
ahrup1ic,168,6dos6c5j,12,presurvey,Commitment,1779830880,1,0,0
ahrup1ic,144,c851ypbk,252,mock_N08_N04_Aonly,FinalRound,1779830882,20,0,0
ahrup1ic,120,nv30auaf,252,mock_N08_N04_Aonly,FinalRound,1779830885,20,0,0
ahrup1ic,140,c0j0fh61,252,mock_N08_N04_Aonly,FinalRound,1779830890,20,0,0
ahrup1ic,170,4hw4wuob,4,presurvey,NeighborhoodInstruction,1779830896,1,0,0
ahrup1ic,169,pivhydg5,6,presurvey,TrainingNeighbor_1,1779830897,1,0,0
ahrup1ic,169,pivhydg5,7,presurvey,TrainingNeighbor_2,1779830904,1,0,0
ahrup1ic,171,nry0geg0,1,presurvey,Introduction,1779830906,1,0,0
ahrup1ic,169,pivhydg5,10,presurvey,ExperimentInstruction,1779830913,1,0,0
ahrup1ic,167,ylnex3av,5,presurvey,Training,1779830914,1,0,0
ahrup1ic,171,nry0geg0,2,presurvey,AudioCheck,1779830921,1,0,0
ahrup1ic,170,4hw4wuob,5,presurvey,Training,1779830921,1,0,0
ahrup1ic,157,2fxk08pp,12,presurvey,Commitment,1779830942,1,0,0
ahrup1ic,170,4hw4wuob,6,presurvey,TrainingNeighbor_1,1779830950,1,0,0
ahrup1ic,172,zv11zaif,0,,InitializeParticipant,1779830951,1,0,0
ahrup1ic,171,nry0geg0,3,presurvey,Demographics,1779830958,1,0,0
ahrup1ic,173,92uhklut,0,,InitializeParticipant,1779830960,1,0,0
ahrup1ic,170,4hw4wuob,7,presurvey,TrainingNeighbor_2,1779830964,1,0,0
ahrup1ic,167,ylnex3av,6,presurvey,TrainingNeighbor_1,1779830966,1,0,0
ahrup1ic,170,4hw4wuob,10,presurvey,ExperimentInstruction,1779830970,1,0,0
ahrup1ic,169,pivhydg5,11,presurvey,Scenario,1779830973,1,0,0
ahrup1ic,171,nry0geg0,4,presurvey,NeighborhoodInstruction,1779830975,1,0,0
ahrup1ic,172,zv11zaif,1,presurvey,Introduction,1779830993,1,0,0
ahrup1ic,169,pivhydg5,12,presurvey,Commitment,1779830996,1,0,0
ahrup1ic,150,f55xyby6,13,mock_N08_N04_Aonly,GroupingWaitPage,1779830997,1,0,1
ahrup1ic,159,06ldby6t,13,mock_N08_N04_Aonly,GroupingWaitPage,1779830997,1,0,1
ahrup1ic,168,6dos6c5j,13,mock_N08_N04_Aonly,GroupingWaitPage,1779830997,1,0,1
ahrup1ic,169,pivhydg5,13,mock_N08_N04_Aonly,GroupingWaitPage,1779830997,1,0,1
ahrup1ic,150,f55xyby6,14,mock_N08_N04_Aonly,GroupSizeWaitPage,1779830997,1,0,1
ahrup1ic,159,06ldby6t,14,mock_N08_N04_Aonly,GroupSizeWaitPage,1779830997,1,0,1
ahrup1ic,168,6dos6c5j,14,mock_N08_N04_Aonly,GroupSizeWaitPage,1779830997,1,0,1
ahrup1ic,169,pivhydg5,14,mock_N08_N04_Aonly,GroupSizeWaitPage,1779830997,1,0,1
ahrup1ic,169,pivhydg5,16,mock_N08_N04_Aonly,DiscussionGRPWaitPage,1779830998,1,0,1
ahrup1ic,168,6dos6c5j,16,mock_N08_N04_Aonly,DiscussionGRPWaitPage,1779830998,1,0,1
ahrup1ic,159,06ldby6t,16,mock_N08_N04_Aonly,DiscussionGRPWaitPage,1779830998,1,0,1
ahrup1ic,150,f55xyby6,16,mock_N08_N04_Aonly,DiscussionGRPWaitPage,1779830998,1,0,1
ahrup1ic,172,zv11zaif,2,presurvey,AudioCheck,1779831002,1,0,0
ahrup1ic,173,92uhklut,1,presurvey,Introduction,1779831008,1,0,0
ahrup1ic,170,4hw4wuob,11,presurvey,Scenario,1779831008,1,0,0
ahrup1ic,159,06ldby6t,20,mock_N08_N04_Aonly,Phase3,1779831008,1,0,0
ahrup1ic,167,ylnex3av,10,presurvey,ExperimentInstruction,1779831008,1,0,0
ahrup1ic,168,6dos6c5j,20,mock_N08_N04_Aonly,Phase3,1779831014,1,0,0
ahrup1ic,168,6dos6c5j,21,mock_N08_N04_Aonly,Discussion,1779831016,1,0,0
ahrup1ic,169,pivhydg5,20,mock_N08_N04_Aonly,Phase3,1779831018,1,0,0
ahrup1ic,173,92uhklut,2,presurvey,AudioCheck,1779831021,1,0,0
ahrup1ic,159,06ldby6t,21,mock_N08_N04_Aonly,Discussion,1779831025,1,0,0
ahrup1ic,171,nry0geg0,5,presurvey,Training,1779831030,1,0,0
ahrup1ic,150,f55xyby6,20,mock_N08_N04_Aonly,Phase3,1779831042,1,0,0
ahrup1ic,170,4hw4wuob,12,presurvey,Commitment,1779831043,1,0,0
ahrup1ic,169,pivhydg5,21,mock_N08_N04_Aonly,Discussion,1779831044,1,0,0
ahrup1ic,173,92uhklut,3,presurvey,Demographics,1779831045,1,0,0
ahrup1ic,174,z7vsd3pu,0,,InitializeParticipant,1779831048,1,0,0
ahrup1ic,167,ylnex3av,11,presurvey,Scenario,1779831050,1,0,0
ahrup1ic,173,92uhklut,4,presurvey,NeighborhoodInstruction,1779831059,1,0,0
ahrup1ic,175,z3xl9fv4,0,,InitializeParticipant,1779831060,1,0,0
ahrup1ic,174,z7vsd3pu,1,presurvey,Introduction,1779831068,1,0,0
ahrup1ic,150,f55xyby6,21,mock_N08_N04_Aonly,Discussion,1779831070,1,0,0
ahrup1ic,176,rz2b0yws,0,,InitializeParticipant,1779831070,1,0,0
ahrup1ic,169,pivhydg5,28,mock_N08_N04_Aonly,DiscussionGRPWaitPage,1779831070,2,0,1
ahrup1ic,168,6dos6c5j,28,mock_N08_N04_Aonly,DiscussionGRPWaitPage,1779831070,2,0,1
ahrup1ic,159,06ldby6t,28,mock_N08_N04_Aonly,DiscussionGRPWaitPage,1779831070,2,0,1
ahrup1ic,150,f55xyby6,28,mock_N08_N04_Aonly,DiscussionGRPWaitPage,1779831070,2,0,1
ahrup1ic,177,sm0ps47r,0,,InitializeParticipant,1779831072,1,0,0
ahrup1ic,177,sm0ps47r,1,presurvey,Introduction,1779831078,1,0,0
ahrup1ic,174,z7vsd3pu,2,presurvey,AudioCheck,1779831081,1,0,0
ahrup1ic,171,nry0geg0,6,presurvey,TrainingNeighbor_1,1779831081,1,0,0
ahrup1ic,150,f55xyby6,33,mock_N08_N04_Aonly,Discussion,1779831083,2,0,0
ahrup1ic,168,6dos6c5j,33,mock_N08_N04_Aonly,Discussion,1779831084,2,0,0
ahrup1ic,173,92uhklut,5,presurvey,Training,1779831084,1,0,0
ahrup1ic,178,ntlzyvdo,0,,InitializeParticipant,1779831085,1,0,0
ahrup1ic,169,pivhydg5,33,mock_N08_N04_Aonly,Discussion,1779831085,2,0,0
ahrup1ic,176,rz2b0yws,1,presurvey,Introduction,1779831086,1,0,0
ahrup1ic,177,sm0ps47r,2,presurvey,AudioCheck,1779831089,1,0,0
ahrup1ic,174,z7vsd3pu,3,presurvey,Demographics,1779831089,1,0,0
ahrup1ic,159,06ldby6t,33,mock_N08_N04_Aonly,Discussion,1779831089,2,0,0
ahrup1ic,169,pivhydg5,40,mock_N08_N04_Aonly,DiscussionGRPWaitPage,1779831090,3,0,1
ahrup1ic,168,6dos6c5j,40,mock_N08_N04_Aonly,DiscussionGRPWaitPage,1779831090,3,0,1
ahrup1ic,159,06ldby6t,40,mock_N08_N04_Aonly,DiscussionGRPWaitPage,1779831090,3,0,1
ahrup1ic,150,f55xyby6,40,mock_N08_N04_Aonly,DiscussionGRPWaitPage,1779831090,3,0,1
ahrup1ic,150,f55xyby6,45,mock_N08_N04_Aonly,Discussion,1779831099,3,0,0
ahrup1ic,169,pivhydg5,45,mock_N08_N04_Aonly,Discussion,1779831099,3,0,0
ahrup1ic,174,z7vsd3pu,4,presurvey,NeighborhoodInstruction,1779831100,1,0,0
ahrup1ic,159,06ldby6t,45,mock_N08_N04_Aonly,Discussion,1779831100,3,0,0
ahrup1ic,168,6dos6c5j,45,mock_N08_N04_Aonly,Discussion,1779831100,3,0,0
ahrup1ic,169,pivhydg5,52,mock_N08_N04_Aonly,DiscussionGRPWaitPage,1779831100,4,0,1
ahrup1ic,168,6dos6c5j,52,mock_N08_N04_Aonly,DiscussionGRPWaitPage,1779831100,4,0,1
ahrup1ic,159,06ldby6t,52,mock_N08_N04_Aonly,DiscussionGRPWaitPage,1779831100,4,0,1
ahrup1ic,150,f55xyby6,52,mock_N08_N04_Aonly,DiscussionGRPWaitPage,1779831100,4,0,1
ahrup1ic,168,6dos6c5j,57,mock_N08_N04_Aonly,Discussion,1779831103,4,0,0
ahrup1ic,177,sm0ps47r,3,presurvey,Demographics,1779831104,1,0,0
ahrup1ic,150,f55xyby6,57,mock_N08_N04_Aonly,Discussion,1779831107,4,0,0
ahrup1ic,169,pivhydg5,57,mock_N08_N04_Aonly,Discussion,1779831108,4,0,0
ahrup1ic,176,rz2b0yws,2,presurvey,AudioCheck,1779831109,1,0,0
ahrup1ic,159,06ldby6t,57,mock_N08_N04_Aonly,Discussion,1779831112,4,0,0
ahrup1ic,169,pivhydg5,64,mock_N08_N04_Aonly,DiscussionGRPWaitPage,1779831112,5,0,1
ahrup1ic,168,6dos6c5j,64,mock_N08_N04_Aonly,DiscussionGRPWaitPage,1779831112,5,0,1
ahrup1ic,159,06ldby6t,64,mock_N08_N04_Aonly,DiscussionGRPWaitPage,1779831112,5,0,1
ahrup1ic,150,f55xyby6,64,mock_N08_N04_Aonly,DiscussionGRPWaitPage,1779831112,5,0,1
ahrup1ic,177,sm0ps47r,4,presurvey,NeighborhoodInstruction,1779831114,1,0,0
ahrup1ic,169,pivhydg5,69,mock_N08_N04_Aonly,Discussion,1779831117,5,0,0
ahrup1ic,159,06ldby6t,69,mock_N08_N04_Aonly,Discussion,1779831117,5,0,0
ahrup1ic,168,6dos6c5j,69,mock_N08_N04_Aonly,Discussion,1779831118,5,0,0
ahrup1ic,176,rz2b0yws,3,presurvey,Demographics,1779831121,1,0,0
ahrup1ic,174,z7vsd3pu,5,presurvey,Training,1779831123,1,0,0
ahrup1ic,167,ylnex3av,12,presurvey,Commitment,1779831130,1,0,0
ahrup1ic,173,92uhklut,6,presurvey,TrainingNeighbor_1,1779831134,1,0,0
ahrup1ic,176,rz2b0yws,4,presurvey,NeighborhoodInstruction,1779831136,1,0,0
ahrup1ic,150,f55xyby6,69,mock_N08_N04_Aonly,Discussion,1779831136,5,0,0
ahrup1ic,169,pivhydg5,76,mock_N08_N04_Aonly,DiscussionGRPWaitPage,1779831137,6,0,1
ahrup1ic,168,6dos6c5j,76,mock_N08_N04_Aonly,DiscussionGRPWaitPage,1779831137,6,0,1
ahrup1ic,159,06ldby6t,76,mock_N08_N04_Aonly,DiscussionGRPWaitPage,1779831137,6,0,1
ahrup1ic,150,f55xyby6,76,mock_N08_N04_Aonly,DiscussionGRPWaitPage,1779831137,6,0,1
ahrup1ic,177,sm0ps47r,5,presurvey,Training,1779831141,1,0,0
ahrup1ic,169,pivhydg5,81,mock_N08_N04_Aonly,Discussion,1779831141,6,0,0
ahrup1ic,168,6dos6c5j,81,mock_N08_N04_Aonly,Discussion,1779831141,6,0,0
ahrup1ic,179,q3sx3ozm,0,,InitializeParticipant,1779831143,1,0,0
ahrup1ic,159,06ldby6t,81,mock_N08_N04_Aonly,Discussion,1779831143,6,0,0
ahrup1ic,174,z7vsd3pu,6,presurvey,TrainingNeighbor_1,1779831146,1,0,0
ahrup1ic,150,f55xyby6,81,mock_N08_N04_Aonly,Discussion,1779831148,6,0,0
ahrup1ic,169,pivhydg5,88,mock_N08_N04_Aonly,DiscussionGRPWaitPage,1779831148,7,0,1
ahrup1ic,168,6dos6c5j,88,mock_N08_N04_Aonly,DiscussionGRPWaitPage,1779831148,7,0,1
ahrup1ic,159,06ldby6t,88,mock_N08_N04_Aonly,DiscussionGRPWaitPage,1779831148,7,0,1
ahrup1ic,150,f55xyby6,88,mock_N08_N04_Aonly,DiscussionGRPWaitPage,1779831148,7,0,1
ahrup1ic,175,z3xl9fv4,1,presurvey,Introduction,1779831148,1,0,0
ahrup1ic,169,pivhydg5,93,mock_N08_N04_Aonly,Discussion,1779831152,7,0,0
ahrup1ic,174,z7vsd3pu,7,presurvey,TrainingNeighbor_2,1779831153,1,0,0
ahrup1ic,159,06ldby6t,93,mock_N08_N04_Aonly,Discussion,1779831154,7,0,0
ahrup1ic,168,6dos6c5j,93,mock_N08_N04_Aonly,Discussion,1779831155,7,0,0
ahrup1ic,174,z7vsd3pu,10,presurvey,ExperimentInstruction,1779831156,1,0,0
ahrup1ic,180,zmao8fqw,0,,InitializeParticipant,1779831161,1,0,0
ahrup1ic,179,q3sx3ozm,1,presurvey,Introduction,1779831162,1,0,0
ahrup1ic,176,rz2b0yws,5,presurvey,Training,1779831162,1,0,0
ahrup1ic,178,ntlzyvdo,1,presurvey,Introduction,1779831162,1,0,0
ahrup1ic,175,z3xl9fv4,2,presurvey,AudioCheck,1779831164,1,0,0
ahrup1ic,180,zmao8fqw,1,presurvey,Introduction,1779831165,1,0,0
ahrup1ic,150,f55xyby6,93,mock_N08_N04_Aonly,Discussion,1779831168,7,0,0
ahrup1ic,169,pivhydg5,100,mock_N08_N04_Aonly,DiscussionGRPWaitPage,1779831168,8,0,1
ahrup1ic,168,6dos6c5j,100,mock_N08_N04_Aonly,DiscussionGRPWaitPage,1779831168,8,0,1
ahrup1ic,159,06ldby6t,100,mock_N08_N04_Aonly,DiscussionGRPWaitPage,1779831168,8,0,1
ahrup1ic,150,f55xyby6,100,mock_N08_N04_Aonly,DiscussionGRPWaitPage,1779831168,8,0,1
ahrup1ic,173,92uhklut,7,presurvey,TrainingNeighbor_2,1779831172,1,0,0
ahrup1ic,169,pivhydg5,105,mock_N08_N04_Aonly,Discussion,1779831174,8,0,0
ahrup1ic,181,w7bunc8l,0,,InitializeParticipant,1779831174,1,0,0
ahrup1ic,150,f55xyby6,105,mock_N08_N04_Aonly,Discussion,1779831176,8,0,0
ahrup1ic,159,06ldby6t,105,mock_N08_N04_Aonly,Discussion,1779831177,8,0,0
ahrup1ic,175,z3xl9fv4,3,presurvey,Demographics,1779831178,1,0,0
ahrup1ic,182,fnveui91,0,,InitializeParticipant,1779831178,1,0,0
ahrup1ic,177,sm0ps47r,6,presurvey,TrainingNeighbor_1,1779831179,1,0,0
ahrup1ic,174,z7vsd3pu,11,presurvey,Scenario,1779831179,1,0,0
ahrup1ic,173,92uhklut,10,presurvey,ExperimentInstruction,1779831182,1,0,0
ahrup1ic,156,h3miikyp,13,mock_N08_N04_Aonly,GroupingWaitPage,1779831183,1,0,1
ahrup1ic,180,zmao8fqw,2,presurvey,AudioCheck,1779831183,1,0,0
ahrup1ic,183,9amgalja,0,,InitializeParticipant,1779831183,1,0,0
ahrup1ic,176,rz2b0yws,6,presurvey,TrainingNeighbor_1,1779831184,1,0,0
ahrup1ic,156,h3miikyp,14,mock_N08_N04_Aonly,GroupSizeWaitPage,1779831187,1,0,1
ahrup1ic,179,q3sx3ozm,2,presurvey,AudioCheck,1779831188,1,0,0
ahrup1ic,176,rz2b0yws,10,presurvey,ExperimentInstruction,1779831189,1,0,0
ahrup1ic,171,nry0geg0,7,presurvey,TrainingNeighbor_2,1779831189,1,0,0
ahrup1ic,178,ntlzyvdo,2,presurvey,AudioCheck,1779831191,1,0,0
ahrup1ic,177,sm0ps47r,7,presurvey,TrainingNeighbor_2,1779831194,1,0,0
ahrup1ic,183,9amgalja,1,presurvey,Introduction,1779831196,1,0,0
ahrup1ic,177,sm0ps47r,10,presurvey,ExperimentInstruction,1779831202,1,0,0
ahrup1ic,174,z7vsd3pu,12,presurvey,Commitment,1779831203,1,0,0
ahrup1ic,173,92uhklut,11,presurvey,Scenario,1779831204,1,0,0
ahrup1ic,156,h3miikyp,15,mock_N08_N04_Aonly,AttentionCheck,1779831206,1,0,0
ahrup1ic,175,z3xl9fv4,4,presurvey,NeighborhoodInstruction,1779831208,1,0,0
ahrup1ic,180,zmao8fqw,3,presurvey,Demographics,1779831208,1,0,0
ahrup1ic,168,6dos6c5j,105,mock_N08_N04_Aonly,Discussion,1779831208,8,1,0
ahrup1ic,169,pivhydg5,112,mock_N08_N04_Aonly,DiscussionGRPWaitPage,1779831208,9,0,1
ahrup1ic,168,6dos6c5j,112,mock_N08_N04_Aonly,DiscussionGRPWaitPage,1779831208,9,0,1
ahrup1ic,159,06ldby6t,112,mock_N08_N04_Aonly,DiscussionGRPWaitPage,1779831208,9,0,1
ahrup1ic,150,f55xyby6,112,mock_N08_N04_Aonly,DiscussionGRPWaitPage,1779831208,9,0,1
ahrup1ic,176,rz2b0yws,11,presurvey,Scenario,1779831213,1,0,0
ahrup1ic,169,pivhydg5,117,mock_N08_N04_Aonly,Discussion,1779831218,9,0,0
ahrup1ic,150,f55xyby6,117,mock_N08_N04_Aonly,Discussion,1779831218,9,0,0
ahrup1ic,182,fnveui91,1,presurvey,Introduction,1779831218,1,0,0
ahrup1ic,159,06ldby6t,117,mock_N08_N04_Aonly,Discussion,1779831220,9,0,0
ahrup1ic,178,ntlzyvdo,3,presurvey,Demographics,1779831223,1,0,0
ahrup1ic,183,9amgalja,2,presurvey,AudioCheck,1779831226,1,0,0
ahrup1ic,184,h9pukz42,0,,InitializeParticipant,1779831228,1,0,0
ahrup1ic,185,t2ye39ti,0,,InitializeParticipant,1779831231,1,0,0
ahrup1ic,186,fldrjp1z,0,,InitializeParticipant,1779831234,1,0,0
ahrup1ic,183,9amgalja,3,presurvey,Demographics,1779831236,1,0,0
ahrup1ic,175,z3xl9fv4,5,presurvey,Training,1779831244,1,0,0
ahrup1ic,168,6dos6c5j,117,mock_N08_N04_Aonly,Discussion,1779831244,9,1,0
ahrup1ic,169,pivhydg5,124,mock_N08_N04_Aonly,DiscussionGRPWaitPage,1779831244,10,0,1
ahrup1ic,168,6dos6c5j,124,mock_N08_N04_Aonly,DiscussionGRPWaitPage,1779831244,10,0,1
ahrup1ic,159,06ldby6t,124,mock_N08_N04_Aonly,DiscussionGRPWaitPage,1779831244,10,0,1
ahrup1ic,150,f55xyby6,124,mock_N08_N04_Aonly,DiscussionGRPWaitPage,1779831244,10,0,1
ahrup1ic,178,ntlzyvdo,4,presurvey,NeighborhoodInstruction,1779831245,1,0,0
ahrup1ic,177,sm0ps47r,11,presurvey,Scenario,1779831246,1,0,0
ahrup1ic,171,nry0geg0,10,presurvey,ExperimentInstruction,1779831251,1,0,0
ahrup1ic,180,zmao8fqw,4,presurvey,NeighborhoodInstruction,1779831251,1,0,0
ahrup1ic,169,pivhydg5,129,mock_N08_N04_Aonly,Discussion,1779831251,10,0,0
ahrup1ic,150,f55xyby6,129,mock_N08_N04_Aonly,Discussion,1779831252,10,0,0
ahrup1ic,159,06ldby6t,129,mock_N08_N04_Aonly,Discussion,1779831252,10,0,0
ahrup1ic,187,ljhimlvc,0,,InitializeParticipant,1779831254,1,0,0
ahrup1ic,186,fldrjp1z,1,presurvey,Introduction,1779831255,1,0,0
ahrup1ic,187,ljhimlvc,1,presurvey,Introduction,1779831257,1,0,0
ahrup1ic,184,h9pukz42,1,presurvey,Introduction,1779831266,1,0,0
ahrup1ic,173,92uhklut,12,presurvey,Commitment,1779831268,1,0,0
ahrup1ic,179,q3sx3ozm,3,presurvey,Demographics,1779831277,1,0,0
ahrup1ic,175,z3xl9fv4,6,presurvey,TrainingNeighbor_1,1779831279,1,0,0
ahrup1ic,188,vt609znj,0,,InitializeParticipant,1779831279,1,0,0
ahrup1ic,161,yhhm1ihb,13,mock_N08_N04_Aonly,GroupingWaitPage,1779831281,1,0,1
ahrup1ic,187,ljhimlvc,2,presurvey,AudioCheck,1779831281,1,0,0
ahrup1ic,161,yhhm1ihb,14,mock_N08_N04_Aonly,GroupSizeWaitPage,1779831281,1,0,1
ahrup1ic,168,6dos6c5j,129,mock_N08_N04_Aonly,Discussion,1779831283,10,1,0
ahrup1ic,159,06ldby6t,136,mock_N08_N04_Aonly,DiscussionGRPWaitPage,1779831283,11,0,1
ahrup1ic,150,f55xyby6,136,mock_N08_N04_Aonly,DiscussionGRPWaitPage,1779831283,11,0,1
ahrup1ic,169,pivhydg5,136,mock_N08_N04_Aonly,DiscussionGRPWaitPage,1779831283,11,0,1
ahrup1ic,168,6dos6c5j,136,mock_N08_N04_Aonly,DiscussionGRPWaitPage,1779831283,11,0,1
ahrup1ic,188,vt609znj,1,presurvey,Introduction,1779831287,1,0,0
ahrup1ic,161,yhhm1ihb,15,mock_N08_N04_Aonly,AttentionCheck,1779831289,1,0,0
ahrup1ic,187,ljhimlvc,3,presurvey,Demographics,1779831291,1,0,0
ahrup1ic,150,f55xyby6,141,mock_N08_N04_Aonly,Discussion,1779831291,11,0,0
ahrup1ic,159,06ldby6t,141,mock_N08_N04_Aonly,Discussion,1779831291,11,0,0
ahrup1ic,169,pivhydg5,141,mock_N08_N04_Aonly,Discussion,1779831294,11,0,0
ahrup1ic,186,fldrjp1z,2,presurvey,AudioCheck,1779831297,1,0,0
ahrup1ic,175,z3xl9fv4,10,presurvey,ExperimentInstruction,1779831300,1,0,0
ahrup1ic,171,nry0geg0,11,presurvey,Scenario,1779831304,1,0,0
ahrup1ic,180,zmao8fqw,5,presurvey,Training,1779831304,1,0,0
ahrup1ic,182,fnveui91,2,presurvey,AudioCheck,1779831305,1,0,0
ahrup1ic,187,ljhimlvc,4,presurvey,NeighborhoodInstruction,1779831313,1,0,0
ahrup1ic,188,vt609znj,2,presurvey,AudioCheck,1779831316,1,0,0
ahrup1ic,179,q3sx3ozm,4,presurvey,NeighborhoodInstruction,1779831321,1,0,0
ahrup1ic,168,6dos6c5j,141,mock_N08_N04_Aonly,Discussion,1779831323,11,1,0
ahrup1ic,169,pivhydg5,148,mock_N08_N04_Aonly,DiscussionGRPWaitPage,1779831323,12,0,1
ahrup1ic,168,6dos6c5j,148,mock_N08_N04_Aonly,DiscussionGRPWaitPage,1779831323,12,0,1
ahrup1ic,159,06ldby6t,148,mock_N08_N04_Aonly,DiscussionGRPWaitPage,1779831323,12,0,1
ahrup1ic,150,f55xyby6,148,mock_N08_N04_Aonly,DiscussionGRPWaitPage,1779831323,12,0,1
ahrup1ic,189,6a28fqu0,0,,InitializeParticipant,1779831328,1,0,0
ahrup1ic,188,vt609znj,3,presurvey,Demographics,1779831329,1,0,0
ahrup1ic,159,06ldby6t,153,mock_N08_N04_Aonly,Discussion,1779831329,12,0,0
ahrup1ic,150,f55xyby6,153,mock_N08_N04_Aonly,Discussion,1779831330,12,0,0
ahrup1ic,190,pdha15js,0,,InitializeParticipant,1779831331,1,0,0
ahrup1ic,169,pivhydg5,153,mock_N08_N04_Aonly,Discussion,1779831333,12,0,0
ahrup1ic,189,6a28fqu0,1,presurvey,Introduction,1779831334,1,0,0
ahrup1ic,180,zmao8fqw,6,presurvey,TrainingNeighbor_1,1779831336,1,0,0
ahrup1ic,175,z3xl9fv4,11,presurvey,Scenario,1779831336,1,0,0
ahrup1ic,186,fldrjp1z,3,presurvey,Demographics,1779831342,1,0,0
ahrup1ic,182,fnveui91,3,presurvey,Demographics,1779831342,1,0,0
ahrup1ic,187,ljhimlvc,5,presurvey,Training,1779831342,1,0,0
ahrup1ic,186,fldrjp1z,4,presurvey,NeighborhoodInstruction,1779831344,1,0,0
ahrup1ic,189,6a28fqu0,2,presurvey,AudioCheck,1779831350,1,0,0
ahrup1ic,180,zmao8fqw,10,presurvey,ExperimentInstruction,1779831351,1,0,0
ahrup1ic,190,pdha15js,1,presurvey,Introduction,1779831354,1,0,0
ahrup1ic,191,cc1ax1f9,0,,InitializeParticipant,1779831360,1,0,0
ahrup1ic,168,6dos6c5j,153,mock_N08_N04_Aonly,Discussion,1779831360,12,1,0
ahrup1ic,169,pivhydg5,160,mock_N08_N04_Aonly,DiscussionGRPWaitPage,1779831360,13,0,1
ahrup1ic,168,6dos6c5j,160,mock_N08_N04_Aonly,DiscussionGRPWaitPage,1779831360,13,0,1
ahrup1ic,159,06ldby6t,160,mock_N08_N04_Aonly,DiscussionGRPWaitPage,1779831360,13,0,1
ahrup1ic,150,f55xyby6,160,mock_N08_N04_Aonly,DiscussionGRPWaitPage,1779831360,13,0,1
ahrup1ic,185,t2ye39ti,1,presurvey,Introduction,1779831361,1,0,0
ahrup1ic,188,vt609znj,4,presurvey,NeighborhoodInstruction,1779831361,1,0,0
ahrup1ic,187,ljhimlvc,6,presurvey,TrainingNeighbor_1,1779831362,1,0,0
ahrup1ic,192,e9cwoegb,0,,InitializeParticipant,1779831364,1,0,0
ahrup1ic,189,6a28fqu0,3,presurvey,Demographics,1779831365,1,0,0
ahrup1ic,191,cc1ax1f9,1,presurvey,Introduction,1779831365,1,0,0
ahrup1ic,150,f55xyby6,165,mock_N08_N04_Aonly,Discussion,1779831367,13,0,0
ahrup1ic,169,pivhydg5,165,mock_N08_N04_Aonly,Discussion,1779831369,13,0,0
ahrup1ic,159,06ldby6t,165,mock_N08_N04_Aonly,Discussion,1779831369,13,0,0
ahrup1ic,192,e9cwoegb,1,presurvey,Introduction,1779831373,1,0,0
ahrup1ic,189,6a28fqu0,4,presurvey,NeighborhoodInstruction,1779831376,1,0,0
ahrup1ic,182,fnveui91,4,presurvey,NeighborhoodInstruction,1779831376,1,0,0
ahrup1ic,185,t2ye39ti,2,presurvey,AudioCheck,1779831382,1,0,0
ahrup1ic,186,fldrjp1z,5,presurvey,Training,1779831383,1,0,0
ahrup1ic,192,e9cwoegb,2,presurvey,AudioCheck,1779831385,1,0,0
ahrup1ic,191,cc1ax1f9,2,presurvey,AudioCheck,1779831385,1,0,0
ahrup1ic,187,ljhimlvc,7,presurvey,TrainingNeighbor_2,1779831388,1,0,0
ahrup1ic,178,ntlzyvdo,5,presurvey,Training,1779831392,1,0,0
ahrup1ic,187,ljhimlvc,10,presurvey,ExperimentInstruction,1779831394,1,0,0
ahrup1ic,193,h8euhr0n,0,,InitializeParticipant,1779831395,1,0,0
ahrup1ic,192,e9cwoegb,3,presurvey,Demographics,1779831396,1,0,0
ahrup1ic,179,q3sx3ozm,5,presurvey,Training,1779831396,1,0,0
ahrup1ic,158,aoy31vze,13,mock_N08_N04_Aonly,GroupingWaitPage,1779831397,1,0,1
ahrup1ic,158,aoy31vze,14,mock_N08_N04_Aonly,GroupSizeWaitPage,1779831397,1,0,1
ahrup1ic,168,6dos6c5j,165,mock_N08_N04_Aonly,Discussion,1779831399,13,1,0
ahrup1ic,159,06ldby6t,172,mock_N08_N04_Aonly,DiscussionGRPWaitPage,1779831400,14,0,1
ahrup1ic,150,f55xyby6,172,mock_N08_N04_Aonly,DiscussionGRPWaitPage,1779831400,14,0,1
ahrup1ic,169,pivhydg5,172,mock_N08_N04_Aonly,DiscussionGRPWaitPage,1779831400,14,0,1
ahrup1ic,168,6dos6c5j,172,mock_N08_N04_Aonly,DiscussionGRPWaitPage,1779831400,14,0,1
ahrup1ic,188,vt609znj,5,presurvey,Training,1779831400,1,0,0
ahrup1ic,185,t2ye39ti,3,presurvey,Demographics,1779831402,1,0,0
ahrup1ic,191,cc1ax1f9,3,presurvey,Demographics,1779831402,1,0,0
ahrup1ic,192,e9cwoegb,4,presurvey,NeighborhoodInstruction,1779831404,1,0,0
ahrup1ic,169,pivhydg5,177,mock_N08_N04_Aonly,Discussion,1779831405,14,0,0
ahrup1ic,159,06ldby6t,177,mock_N08_N04_Aonly,Discussion,1779831406,14,0,0
ahrup1ic,191,cc1ax1f9,4,presurvey,NeighborhoodInstruction,1779831407,1,0,0
ahrup1ic,193,h8euhr0n,1,presurvey,Introduction,1779831407,1,0,0
ahrup1ic,184,h9pukz42,2,presurvey,AudioCheck,1779831408,1,0,0
ahrup1ic,185,t2ye39ti,4,presurvey,NeighborhoodInstruction,1779831408,1,0,0
ahrup1ic,158,aoy31vze,15,mock_N08_N04_Aonly,AttentionCheck,1779831410,1,0,0
ahrup1ic,171,nry0geg0,12,presurvey,Commitment,1779831412,1,0,0
ahrup1ic,150,f55xyby6,177,mock_N08_N04_Aonly,Discussion,1779831412,14,0,0
ahrup1ic,180,zmao8fqw,11,presurvey,Scenario,1779831416,1,0,0
ahrup1ic,193,h8euhr0n,2,presurvey,AudioCheck,1779831422,1,0,0
ahrup1ic,189,6a28fqu0,5,presurvey,Training,1779831424,1,0,0
ahrup1ic,194,cc4f4cn7,0,,InitializeParticipant,1779831426,1,0,0
ahrup1ic,182,fnveui91,5,presurvey,Training,1779831428,1,0,0
ahrup1ic,192,e9cwoegb,5,presurvey,Training,1779831428,1,0,0
ahrup1ic,191,cc1ax1f9,5,presurvey,Training,1779831430,1,0,0
ahrup1ic,186,fldrjp1z,6,presurvey,TrainingNeighbor_1,1779831430,1,0,0
ahrup1ic,187,ljhimlvc,11,presurvey,Scenario,1779831433,1,0,0
ahrup1ic,194,cc4f4cn7,1,presurvey,Introduction,1779831438,1,0,0
ahrup1ic,168,6dos6c5j,177,mock_N08_N04_Aonly,Discussion,1779831438,14,1,0
ahrup1ic,169,pivhydg5,184,mock_N08_N04_Aonly,DiscussionGRPWaitPage,1779831438,15,0,1
ahrup1ic,168,6dos6c5j,184,mock_N08_N04_Aonly,DiscussionGRPWaitPage,1779831438,15,0,1
ahrup1ic,159,06ldby6t,184,mock_N08_N04_Aonly,DiscussionGRPWaitPage,1779831438,15,0,1
ahrup1ic,150,f55xyby6,184,mock_N08_N04_Aonly,DiscussionGRPWaitPage,1779831438,15,0,1
ahrup1ic,188,vt609znj,6,presurvey,TrainingNeighbor_1,1779831440,1,0,0
ahrup1ic,186,fldrjp1z,7,presurvey,TrainingNeighbor_2,1779831440,1,0,0
ahrup1ic,185,t2ye39ti,5,presurvey,Training,1779831441,1,0,0
ahrup1ic,193,h8euhr0n,3,presurvey,Demographics,1779831442,1,0,0
ahrup1ic,150,f55xyby6,189,mock_N08_N04_Aonly,Discussion,1779831443,15,0,0
ahrup1ic,169,pivhydg5,189,mock_N08_N04_Aonly,Discussion,1779831444,15,0,0
ahrup1ic,159,06ldby6t,189,mock_N08_N04_Aonly,Discussion,1779831444,15,0,0
ahrup1ic,184,h9pukz42,3,presurvey,Demographics,1779831445,1,0,0
ahrup1ic,186,fldrjp1z,10,presurvey,ExperimentInstruction,1779831445,1,0,0
ahrup1ic,192,e9cwoegb,6,presurvey,TrainingNeighbor_1,1779831451,1,0,0
ahrup1ic,193,h8euhr0n,4,presurvey,NeighborhoodInstruction,1779831453,1,0,0
ahrup1ic,192,e9cwoegb,10,presurvey,ExperimentInstruction,1779831453,1,0,0
ahrup1ic,189,6a28fqu0,6,presurvey,TrainingNeighbor_1,1779831454,1,0,0
ahrup1ic,191,cc1ax1f9,6,presurvey,TrainingNeighbor_1,1779831455,1,0,0
ahrup1ic,195,ljv5xutd,0,,InitializeParticipant,1779831457,1,0,0
ahrup1ic,179,q3sx3ozm,6,presurvey,TrainingNeighbor_1,1779831460,1,0,0
ahrup1ic,191,cc1ax1f9,10,presurvey,ExperimentInstruction,1779831461,1,0,0
ahrup1ic,194,cc4f4cn7,2,presurvey,AudioCheck,1779831462,1,0,0
ahrup1ic,192,e9cwoegb,11,presurvey,Scenario,1779831468,1,0,0
ahrup1ic,188,vt609znj,10,presurvey,ExperimentInstruction,1779831469,1,0,0
ahrup1ic,191,cc1ax1f9,11,presurvey,Scenario,1779831476,1,0,0
ahrup1ic,193,h8euhr0n,5,presurvey,Training,1779831477,1,0,0
ahrup1ic,168,6dos6c5j,189,mock_N08_N04_Aonly,Discussion,1779831478,15,1,0
ahrup1ic,169,pivhydg5,196,mock_N08_N04_Aonly,DiscussionGRPWaitPage,1779831478,16,0,1
ahrup1ic,168,6dos6c5j,196,mock_N08_N04_Aonly,DiscussionGRPWaitPage,1779831478,16,0,1
ahrup1ic,159,06ldby6t,196,mock_N08_N04_Aonly,DiscussionGRPWaitPage,1779831478,16,0,1
ahrup1ic,150,f55xyby6,196,mock_N08_N04_Aonly,DiscussionGRPWaitPage,1779831478,16,0,1
ahrup1ic,182,fnveui91,6,presurvey,TrainingNeighbor_1,1779831479,1,0,0
ahrup1ic,189,6a28fqu0,7,presurvey,TrainingNeighbor_2,1779831480,1,0,0
ahrup1ic,195,ljv5xutd,1,presurvey,Introduction,1779831481,1,0,0
ahrup1ic,189,6a28fqu0,10,presurvey,ExperimentInstruction,1779831483,1,0,0
ahrup1ic,159,06ldby6t,201,mock_N08_N04_Aonly,Discussion,1779831484,16,0,0
ahrup1ic,180,zmao8fqw,12,presurvey,Commitment,1779831485,1,0,0
ahrup1ic,169,pivhydg5,201,mock_N08_N04_Aonly,Discussion,1779831490,16,0,0
ahrup1ic,194,cc4f4cn7,3,presurvey,Demographics,1779831490,1,0,0
ahrup1ic,150,f55xyby6,201,mock_N08_N04_Aonly,Discussion,1779831490,16,0,0
ahrup1ic,182,fnveui91,10,presurvey,ExperimentInstruction,1779831490,1,0,0
ahrup1ic,192,e9cwoegb,12,presurvey,Commitment,1779831490,1,0,0
ahrup1ic,179,q3sx3ozm,10,presurvey,ExperimentInstruction,1779831491,1,0,0
ahrup1ic,188,vt609znj,11,presurvey,Scenario,1779831500,1,0,0
ahrup1ic,191,cc1ax1f9,12,presurvey,Commitment,1779831502,1,0,0
ahrup1ic,185,t2ye39ti,6,presurvey,TrainingNeighbor_1,1779831504,1,0,0
ahrup1ic,189,6a28fqu0,11,presurvey,Scenario,1779831506,1,0,0
ahrup1ic,182,fnveui91,11,presurvey,Scenario,1779831507,1,0,0
ahrup1ic,168,6dos6c5j,201,mock_N08_N04_Aonly,Discussion,1779831514,16,1,0
ahrup1ic,150,f55xyby6,208,mock_N08_N04_Aonly,DiscussionGRPWaitPage,1779831514,17,0,1
ahrup1ic,169,pivhydg5,208,mock_N08_N04_Aonly,DiscussionGRPWaitPage,1779831514,17,0,1
ahrup1ic,168,6dos6c5j,208,mock_N08_N04_Aonly,DiscussionGRPWaitPage,1779831514,17,0,1
ahrup1ic,159,06ldby6t,208,mock_N08_N04_Aonly,DiscussionGRPWaitPage,1779831514,17,0,1
ahrup1ic,178,ntlzyvdo,6,presurvey,TrainingNeighbor_1,1779831515,1,0,0
ahrup1ic,150,f55xyby6,213,mock_N08_N04_Aonly,Discussion,1779831519,17,0,0
ahrup1ic,185,t2ye39ti,7,presurvey,TrainingNeighbor_2,1779831520,1,0,0
ahrup1ic,159,06ldby6t,213,mock_N08_N04_Aonly,Discussion,1779831521,17,0,0
ahrup1ic,196,izs56ulc,0,,InitializeParticipant,1779831521,1,0,0
ahrup1ic,193,h8euhr0n,6,presurvey,TrainingNeighbor_1,1779831521,1,0,0
ahrup1ic,194,cc4f4cn7,4,presurvey,NeighborhoodInstruction,1779831524,1,0,0
ahrup1ic,169,pivhydg5,213,mock_N08_N04_Aonly,Discussion,1779831525,17,0,0
ahrup1ic,185,t2ye39ti,10,presurvey,ExperimentInstruction,1779831526,1,0,0
ahrup1ic,178,ntlzyvdo,7,presurvey,TrainingNeighbor_2,1779831529,1,0,0
ahrup1ic,186,fldrjp1z,11,presurvey,Scenario,1779831529,1,0,0
ahrup1ic,193,h8euhr0n,7,presurvey,TrainingNeighbor_2,1779831532,1,0,0
ahrup1ic,178,ntlzyvdo,10,presurvey,ExperimentInstruction,1779831534,1,0,0
ahrup1ic,193,h8euhr0n,10,presurvey,ExperimentInstruction,1779831536,1,0,0
ahrup1ic,196,izs56ulc,1,presurvey,Introduction,1779831540,1,0,0
ahrup1ic,185,t2ye39ti,11,presurvey,Scenario,1779831544,1,0,0
ahrup1ic,189,6a28fqu0,12,presurvey,Commitment,1779831544,1,0,0
ahrup1ic,168,6dos6c5j,213,mock_N08_N04_Aonly,Discussion,1779831550,17,1,0
ahrup1ic,169,pivhydg5,220,mock_N08_N04_Aonly,DiscussionGRPWaitPage,1779831550,18,0,1
ahrup1ic,168,6dos6c5j,220,mock_N08_N04_Aonly,DiscussionGRPWaitPage,1779831550,18,0,1
ahrup1ic,159,06ldby6t,220,mock_N08_N04_Aonly,DiscussionGRPWaitPage,1779831550,18,0,1
ahrup1ic,150,f55xyby6,220,mock_N08_N04_Aonly,DiscussionGRPWaitPage,1779831550,18,0,1
ahrup1ic,179,q3sx3ozm,11,presurvey,Scenario,1779831552,1,0,0
ahrup1ic,196,izs56ulc,2,presurvey,AudioCheck,1779831554,1,0,0
ahrup1ic,150,f55xyby6,225,mock_N08_N04_Aonly,Discussion,1779831555,18,0,0
ahrup1ic,186,fldrjp1z,12,presurvey,Commitment,1779831560,1,0,0
ahrup1ic,159,06ldby6t,225,mock_N08_N04_Aonly,Discussion,1779831562,18,0,0
ahrup1ic,169,pivhydg5,225,mock_N08_N04_Aonly,Discussion,1779831562,18,0,0
ahrup1ic,193,h8euhr0n,11,presurvey,Scenario,1779831567,1,0,0
ahrup1ic,185,t2ye39ti,12,presurvey,Commitment,1779831570,1,0,0
ahrup1ic,196,izs56ulc,3,presurvey,Demographics,1779831571,1,0,0
ahrup1ic,194,cc4f4cn7,5,presurvey,Training,1779831571,1,0,0
ahrup1ic,162,5of5svr2,13,mock_N08_N04_Aonly,GroupingWaitPage,1779831576,1,0,1
ahrup1ic,162,5of5svr2,14,mock_N08_N04_Aonly,GroupSizeWaitPage,1779831577,1,0,1
ahrup1ic,196,izs56ulc,4,presurvey,NeighborhoodInstruction,1779831579,1,0,0
ahrup1ic,197,gwe9kyul,0,,InitializeParticipant,1779831588,1,0,0
ahrup1ic,162,5of5svr2,15,mock_N08_N04_Aonly,AttentionCheck,1779831589,1,0,0
ahrup1ic,168,6dos6c5j,225,mock_N08_N04_Aonly,Discussion,1779831591,18,1,0
ahrup1ic,169,pivhydg5,232,mock_N08_N04_Aonly,DiscussionGRPWaitPage,1779831591,19,0,1
ahrup1ic,168,6dos6c5j,232,mock_N08_N04_Aonly,DiscussionGRPWaitPage,1779831591,19,0,1
ahrup1ic,159,06ldby6t,232,mock_N08_N04_Aonly,DiscussionGRPWaitPage,1779831591,19,0,1
ahrup1ic,150,f55xyby6,232,mock_N08_N04_Aonly,DiscussionGRPWaitPage,1779831591,19,0,1
ahrup1ic,182,fnveui91,12,presurvey,Commitment,1779831592,1,0,0
ahrup1ic,193,h8euhr0n,12,presurvey,Commitment,1779831594,1,0,0
ahrup1ic,150,f55xyby6,237,mock_N08_N04_Aonly,Discussion,1779831595,19,0,0
ahrup1ic,198,rspyvud3,0,,InitializeParticipant,1779831595,1,0,0
ahrup1ic,169,pivhydg5,237,mock_N08_N04_Aonly,Discussion,1779831597,19,0,0
ahrup1ic,159,06ldby6t,237,mock_N08_N04_Aonly,Discussion,1779831598,19,0,0
ahrup1ic,194,cc4f4cn7,6,presurvey,TrainingNeighbor_1,1779831612,1,0,0
ahrup1ic,197,gwe9kyul,1,presurvey,Introduction,1779831612,1,0,0
ahrup1ic,195,ljv5xutd,2,presurvey,AudioCheck,1779831614,1,0,0
ahrup1ic,168,6dos6c5j,237,mock_N08_N04_Aonly,Discussion,1779831627,19,1,0
ahrup1ic,150,f55xyby6,244,mock_N08_N04_Aonly,DiscussionGRPWaitPage,1779831627,20,0,1
ahrup1ic,169,pivhydg5,244,mock_N08_N04_Aonly,DiscussionGRPWaitPage,1779831627,20,0,1
ahrup1ic,168,6dos6c5j,244,mock_N08_N04_Aonly,DiscussionGRPWaitPage,1779831627,20,0,1
ahrup1ic,159,06ldby6t,244,mock_N08_N04_Aonly,DiscussionGRPWaitPage,1779831627,20,0,1
ahrup1ic,188,vt609znj,12,presurvey,Commitment,1779831627,1,0,0
ahrup1ic,195,ljv5xutd,3,presurvey,Demographics,1779831630,1,0,0
ahrup1ic,194,cc4f4cn7,7,presurvey,TrainingNeighbor_2,1779831630,1,0,0
ahrup1ic,197,gwe9kyul,2,presurvey,AudioCheck,1779831631,1,0,0
ahrup1ic,150,f55xyby6,249,mock_N08_N04_Aonly,Discussion,1779831631,20,0,0
ahrup1ic,196,izs56ulc,5,presurvey,Training,1779831632,1,0,0
ahrup1ic,159,06ldby6t,249,mock_N08_N04_Aonly,Discussion,1779831634,20,0,0
ahrup1ic,169,pivhydg5,249,mock_N08_N04_Aonly,Discussion,1779831637,20,0,0
ahrup1ic,194,cc4f4cn7,10,presurvey,ExperimentInstruction,1779831638,1,0,0
ahrup1ic,178,ntlzyvdo,11,presurvey,Scenario,1779831640,1,0,0
ahrup1ic,150,f55xyby6,250,mock_N08_N04_Aonly,Additional,1779831647,20,0,0
ahrup1ic,199,m524q71z,0,,InitializeParticipant,1779831650,1,0,0
ahrup1ic,197,gwe9kyul,3,presurvey,Demographics,1779831652,1,0,0
ahrup1ic,199,m524q71z,1,presurvey,Introduction,1779831655,1,0,0
ahrup1ic,169,pivhydg5,250,mock_N08_N04_Aonly,Additional,1779831658,20,0,0
ahrup1ic,198,rspyvud3,1,presurvey,Introduction,1779831660,1,0,0
ahrup1ic,195,ljv5xutd,4,presurvey,NeighborhoodInstruction,1779831663,1,0,0
ahrup1ic,196,izs56ulc,6,presurvey,TrainingNeighbor_1,1779831663,1,0,0
ahrup1ic,197,gwe9kyul,4,presurvey,NeighborhoodInstruction,1779831664,1,0,0
ahrup1ic,184,h9pukz42,4,presurvey,NeighborhoodInstruction,1779831664,1,0,0
ahrup1ic,157,2fxk08pp,13,mock_N08_N04_Aonly,GroupingWaitPage,1779831665,1,0,1
ahrup1ic,168,6dos6c5j,249,mock_N08_N04_Aonly,Discussion,1779831666,20,1,0
ahrup1ic,157,2fxk08pp,14,mock_N08_N04_Aonly,GroupSizeWaitPage,1779831667,1,0,1
ahrup1ic,159,06ldby6t,250,mock_N08_N04_Aonly,Additional,1779831667,20,0,0
ahrup1ic,150,f55xyby6,251,mock_N08_N04_Aonly,FinalRoundWaitPage,1779831667,20,0,1
ahrup1ic,169,pivhydg5,251,mock_N08_N04_Aonly,FinalRoundWaitPage,1779831667,20,0,1
ahrup1ic,168,6dos6c5j,251,mock_N08_N04_Aonly,FinalRoundWaitPage,1779831667,20,0,1
ahrup1ic,159,06ldby6t,251,mock_N08_N04_Aonly,FinalRoundWaitPage,1779831667,20,0,1
ahrup1ic,169,pivhydg5,252,mock_N08_N04_Aonly,FinalRound,1779831675,20,0,0
ahrup1ic,179,q3sx3ozm,12,presurvey,Commitment,1779831675,1,0,0
ahrup1ic,159,06ldby6t,252,mock_N08_N04_Aonly,FinalRound,1779831677,20,0,0
ahrup1ic,194,cc4f4cn7,11,presurvey,Scenario,1779831679,1,0,0
ahrup1ic,150,f55xyby6,252,mock_N08_N04_Aonly,FinalRound,1779831679,20,0,0
ahrup1ic,200,cu7r9vjr,0,,InitializeParticipant,1779831679,1,0,0
ahrup1ic,196,izs56ulc,10,presurvey,ExperimentInstruction,1779831681,1,0,0
ahrup1ic,198,rspyvud3,2,presurvey,AudioCheck,1779831683,1,0,0
ahrup1ic,157,2fxk08pp,15,mock_N08_N04_Aonly,AttentionCheck,1779831685,1,0,0
ahrup1ic,200,cu7r9vjr,1,presurvey,Introduction,1779831690,1,0,0
ahrup1ic,199,m524q71z,2,presurvey,AudioCheck,1779831697,1,0,0
ahrup1ic,196,izs56ulc,11,presurvey,Scenario,1779831699,1,0,0
ahrup1ic,199,m524q71z,3,presurvey,Demographics,1779831712,1,0,0
ahrup1ic,197,gwe9kyul,5,presurvey,Training,1779831713,1,0,0
ahrup1ic,184,h9pukz42,5,presurvey,Training,1779831713,1,0,0
ahrup1ic,198,rspyvud3,3,presurvey,Demographics,1779831718,1,0,0
ahrup1ic,194,cc4f4cn7,12,presurvey,Commitment,1779831720,1,0,0
ahrup1ic,178,ntlzyvdo,12,presurvey,Commitment,1779831729,1,0,0
ahrup1ic,196,izs56ulc,12,presurvey,Commitment,1779831734,1,0,0
ahrup1ic,195,ljv5xutd,5,presurvey,Training,1779831746,1,0,0
ahrup1ic,199,m524q71z,4,presurvey,NeighborhoodInstruction,1779831751,1,0,0
ahrup1ic,184,h9pukz42,6,presurvey,TrainingNeighbor_1,1779831782,1,0,0
ahrup1ic,201,cy7rqae1,0,,InitializeParticipant,1779831785,1,0,0
ahrup1ic,202,60csgvgc,0,,InitializeParticipant,1779831794,1,0,0
ahrup1ic,199,m524q71z,5,presurvey,Training,1779831794,1,0,0
ahrup1ic,184,h9pukz42,7,presurvey,TrainingNeighbor_2,1779831796,1,0,0
ahrup1ic,201,cy7rqae1,1,presurvey,Introduction,1779831797,1,0,0
ahrup1ic,201,cy7rqae1,2,presurvey,AudioCheck,1779831812,1,0,0
ahrup1ic,203,nm2osfms,0,,InitializeParticipant,1779831815,1,0,0
ahrup1ic,183,9amgalja,4,presurvey,NeighborhoodInstruction,1779831818,1,0,0
ahrup1ic,201,cy7rqae1,3,presurvey,Demographics,1779831831,1,0,0
ahrup1ic,199,m524q71z,6,presurvey,TrainingNeighbor_1,1779831835,1,0,0
ahrup1ic,184,h9pukz42,10,presurvey,ExperimentInstruction,1779831837,1,0,0
ahrup1ic,199,m524q71z,10,presurvey,ExperimentInstruction,1779831842,1,0,0
ahrup1ic,203,nm2osfms,1,presurvey,Introduction,1779831842,1,0,0
ahrup1ic,183,9amgalja,5,presurvey,Training,1779831843,1,0,0
ahrup1ic,204,5lurvmfu,0,,InitializeParticipant,1779831847,1,0,0
ahrup1ic,201,cy7rqae1,4,presurvey,NeighborhoodInstruction,1779831849,1,0,0
ahrup1ic,195,ljv5xutd,6,presurvey,TrainingNeighbor_1,1779831850,1,0,0
ahrup1ic,204,5lurvmfu,1,presurvey,Introduction,1779831852,1,0,0
ahrup1ic,173,92uhklut,13,mock_N08_N04_Aonly,GroupingWaitPage,1779831854,1,0,1
ahrup1ic,192,e9cwoegb,13,mock_N08_N04_Aonly,GroupingWaitPage,1779831854,1,0,1
ahrup1ic,193,h8euhr0n,13,mock_N08_N04_Aonly,GroupingWaitPage,1779831854,1,0,1
ahrup1ic,196,izs56ulc,13,mock_N08_N04_Aonly,GroupingWaitPage,1779831854,1,0,1
ahrup1ic,173,92uhklut,14,mock_N08_N04_Aonly,GroupSizeWaitPage,1779831855,1,0,1
ahrup1ic,192,e9cwoegb,14,mock_N08_N04_Aonly,GroupSizeWaitPage,1779831855,1,0,1
ahrup1ic,193,h8euhr0n,14,mock_N08_N04_Aonly,GroupSizeWaitPage,1779831855,1,0,1
ahrup1ic,196,izs56ulc,14,mock_N08_N04_Aonly,GroupSizeWaitPage,1779831855,1,0,1
ahrup1ic,192,e9cwoegb,16,mock_N08_N04_Aonly,DiscussionGRPWaitPage,1779831855,1,0,1
ahrup1ic,193,h8euhr0n,16,mock_N08_N04_Aonly,DiscussionGRPWaitPage,1779831855,1,0,1
ahrup1ic,196,izs56ulc,16,mock_N08_N04_Aonly,DiscussionGRPWaitPage,1779831855,1,0,1
ahrup1ic,173,92uhklut,16,mock_N08_N04_Aonly,DiscussionGRPWaitPage,1779831855,1,0,1
ahrup1ic,183,9amgalja,6,presurvey,TrainingNeighbor_1,1779831855,1,0,0
ahrup1ic,205,xh060bt9,0,,InitializeParticipant,1779831855,1,0,0
ahrup1ic,195,ljv5xutd,10,presurvey,ExperimentInstruction,1779831860,1,0,0
ahrup1ic,205,xh060bt9,1,presurvey,Introduction,1779831862,1,0,0
ahrup1ic,206,y8zgujhp,0,,InitializeParticipant,1779831864,1,0,0
ahrup1ic,192,e9cwoegb,17,mock_N08_N04_Aonly,Nudge,1779831864,1,0,0
ahrup1ic,183,9amgalja,10,presurvey,ExperimentInstruction,1779831868,1,0,0
ahrup1ic,203,nm2osfms,2,presurvey,AudioCheck,1779831871,1,0,0
ahrup1ic,196,izs56ulc,17,mock_N08_N04_Aonly,Nudge,1779831871,1,0,0
ahrup1ic,206,y8zgujhp,1,presurvey,Introduction,1779831874,1,0,0
ahrup1ic,193,h8euhr0n,17,mock_N08_N04_Aonly,Nudge,1779831875,1,0,0
ahrup1ic,205,xh060bt9,2,presurvey,AudioCheck,1779831876,1,0,0
ahrup1ic,196,izs56ulc,18,mock_N08_N04_Aonly,NudgeTraining,1779831878,1,0,0
ahrup1ic,184,h9pukz42,11,presurvey,Scenario,1779831879,1,0,0
ahrup1ic,201,cy7rqae1,5,presurvey,Training,1779831884,1,0,0
ahrup1ic,199,m524q71z,11,presurvey,Scenario,1779831884,1,0,0
ahrup1ic,196,izs56ulc,19,mock_N08_N04_Aonly,NudgeTrainingLast,1779831890,1,0,0
ahrup1ic,183,9amgalja,11,presurvey,Scenario,1779831890,1,0,0
ahrup1ic,192,e9cwoegb,18,mock_N08_N04_Aonly,NudgeTraining,1779831890,1,0,0
ahrup1ic,193,h8euhr0n,18,mock_N08_N04_Aonly,NudgeTraining,1779831890,1,0,0
ahrup1ic,203,nm2osfms,3,presurvey,Demographics,1779831890,1,0,0
ahrup1ic,204,5lurvmfu,2,presurvey,AudioCheck,1779831890,1,0,0
ahrup1ic,195,ljv5xutd,11,presurvey,Scenario,1779831890,1,0,0
ahrup1ic,173,92uhklut,17,mock_N08_N04_Aonly,Nudge,1779831890,1,0,0
ahrup1ic,205,xh060bt9,3,presurvey,Demographics,1779831894,1,0,0
ahrup1ic,207,za4q3sdh,0,,InitializeParticipant,1779831894,1,0,0
ahrup1ic,192,e9cwoegb,19,mock_N08_N04_Aonly,NudgeTrainingLast,1779831896,1,0,0
ahrup1ic,193,h8euhr0n,19,mock_N08_N04_Aonly,NudgeTrainingLast,1779831898,1,0,0
ahrup1ic,207,za4q3sdh,1,presurvey,Introduction,1779831898,1,0,0
ahrup1ic,173,92uhklut,18,mock_N08_N04_Aonly,NudgeTraining,1779831903,1,0,0
ahrup1ic,208,sgsq5yyk,0,,InitializeParticipant,1779831904,1,0,0
ahrup1ic,196,izs56ulc,20,mock_N08_N04_Aonly,Phase3,1779831905,1,0,0
ahrup1ic,196,izs56ulc,21,mock_N08_N04_Aonly,Discussion,1779831907,1,0,0
ahrup1ic,200,cu7r9vjr,2,presurvey,AudioCheck,1779831908,1,0,0
ahrup1ic,205,xh060bt9,4,presurvey,NeighborhoodInstruction,1779831914,1,0,0
ahrup1ic,192,e9cwoegb,20,mock_N08_N04_Aonly,Phase3,1779831914,1,0,0
ahrup1ic,173,92uhklut,19,mock_N08_N04_Aonly,NudgeTrainingLast,1779831914,1,0,0
ahrup1ic,197,gwe9kyul,6,presurvey,TrainingNeighbor_1,1779831914,1,0,0
ahrup1ic,193,h8euhr0n,20,mock_N08_N04_Aonly,Phase3,1779831914,1,0,0
ahrup1ic,207,za4q3sdh,2,presurvey,AudioCheck,1779831918,1,0,0
ahrup1ic,201,cy7rqae1,6,presurvey,TrainingNeighbor_1,1779831920,1,0,0
ahrup1ic,192,e9cwoegb,21,mock_N08_N04_Aonly,Discussion,1779831921,1,0,0
ahrup1ic,208,sgsq5yyk,1,presurvey,Introduction,1779831923,1,0,0
ahrup1ic,193,h8euhr0n,21,mock_N08_N04_Aonly,Discussion,1779831925,1,0,0
ahrup1ic,201,cy7rqae1,7,presurvey,TrainingNeighbor_2,1779831927,1,0,0
ahrup1ic,195,ljv5xutd,12,presurvey,Commitment,1779831932,1,0,0
ahrup1ic,167,ylnex3av,13,mock_N08_N04_Aonly,GroupingWaitPage,1779831933,1,0,1
ahrup1ic,178,ntlzyvdo,13,mock_N08_N04_Aonly,GroupingWaitPage,1779831933,1,0,1
ahrup1ic,182,fnveui91,13,mock_N08_N04_Aonly,GroupingWaitPage,1779831933,1,0,1
ahrup1ic,195,ljv5xutd,13,mock_N08_N04_Aonly,GroupingWaitPage,1779831933,1,0,1
ahrup1ic,207,za4q3sdh,3,presurvey,Demographics,1779831933,1,0,0
ahrup1ic,197,gwe9kyul,10,presurvey,ExperimentInstruction,1779831933,1,0,0
ahrup1ic,167,ylnex3av,14,mock_N08_N04_Aonly,GroupSizeWaitPage,1779831934,1,0,1
ahrup1ic,178,ntlzyvdo,14,mock_N08_N04_Aonly,GroupSizeWaitPage,1779831934,1,0,1
ahrup1ic,182,fnveui91,14,mock_N08_N04_Aonly,GroupSizeWaitPage,1779831934,1,0,1
ahrup1ic,195,ljv5xutd,14,mock_N08_N04_Aonly,GroupSizeWaitPage,1779831934,1,0,1
ahrup1ic,195,ljv5xutd,16,mock_N08_N04_Aonly,DiscussionGRPWaitPage,1779831935,1,0,1
ahrup1ic,167,ylnex3av,16,mock_N08_N04_Aonly,DiscussionGRPWaitPage,1779831935,1,0,1
ahrup1ic,178,ntlzyvdo,16,mock_N08_N04_Aonly,DiscussionGRPWaitPage,1779831935,1,0,1
ahrup1ic,182,fnveui91,16,mock_N08_N04_Aonly,DiscussionGRPWaitPage,1779831935,1,0,1
ahrup1ic,208,sgsq5yyk,2,presurvey,AudioCheck,1779831935,1,0,0
ahrup1ic,201,cy7rqae1,10,presurvey,ExperimentInstruction,1779831936,1,0,0
ahrup1ic,203,nm2osfms,4,presurvey,NeighborhoodInstruction,1779831939,1,0,0
ahrup1ic,173,92uhklut,20,mock_N08_N04_Aonly,Phase3,1779831940,1,0,0
ahrup1ic,183,9amgalja,12,presurvey,Commitment,1779831941,1,0,0
ahrup1ic,204,5lurvmfu,3,presurvey,Demographics,1779831951,1,0,0
ahrup1ic,173,92uhklut,21,mock_N08_N04_Aonly,Discussion,1779831952,1,0,0
ahrup1ic,173,92uhklut,28,mock_N08_N04_Aonly,DiscussionGRPWaitPage,1779831952,2,0,1
ahrup1ic,193,h8euhr0n,28,mock_N08_N04_Aonly,DiscussionGRPWaitPage,1779831952,2,0,1
ahrup1ic,196,izs56ulc,28,mock_N08_N04_Aonly,DiscussionGRPWaitPage,1779831952,2,0,1
ahrup1ic,192,e9cwoegb,28,mock_N08_N04_Aonly,DiscussionGRPWaitPage,1779831952,2,0,1
ahrup1ic,195,ljv5xutd,20,mock_N08_N04_Aonly,Phase3,1779831953,1,0,0
ahrup1ic,205,xh060bt9,5,presurvey,Training,1779831953,1,0,0
ahrup1ic,178,ntlzyvdo,20,mock_N08_N04_Aonly,Phase3,1779831953,1,0,0
ahrup1ic,196,izs56ulc,33,mock_N08_N04_Aonly,Discussion,1779831956,2,0,0
ahrup1ic,173,92uhklut,33,mock_N08_N04_Aonly,Discussion,1779831959,2,0,0
ahrup1ic,193,h8euhr0n,33,mock_N08_N04_Aonly,Discussion,1779831960,2,0,0
ahrup1ic,209,po8wur12,0,,InitializeParticipant,1779831960,1,0,0
ahrup1ic,208,sgsq5yyk,3,presurvey,Demographics,1779831961,1,0,0
ahrup1ic,201,cy7rqae1,11,presurvey,Scenario,1779831962,1,0,0
ahrup1ic,209,po8wur12,1,presurvey,Introduction,1779831964,1,0,0
ahrup1ic,192,e9cwoegb,33,mock_N08_N04_Aonly,Discussion,1779831965,2,0,0
ahrup1ic,192,e9cwoegb,40,mock_N08_N04_Aonly,DiscussionGRPWaitPage,1779831965,3,0,1
ahrup1ic,193,h8euhr0n,40,mock_N08_N04_Aonly,DiscussionGRPWaitPage,1779831965,3,0,1
ahrup1ic,196,izs56ulc,40,mock_N08_N04_Aonly,DiscussionGRPWaitPage,1779831965,3,0,1
ahrup1ic,173,92uhklut,40,mock_N08_N04_Aonly,DiscussionGRPWaitPage,1779831965,3,0,1
ahrup1ic,195,ljv5xutd,21,mock_N08_N04_Aonly,Discussion,1779831966,1,0,0
ahrup1ic,196,izs56ulc,45,mock_N08_N04_Aonly,Discussion,1779831969,3,0,0
ahrup1ic,178,ntlzyvdo,21,mock_N08_N04_Aonly,Discussion,1779831969,1,0,0
ahrup1ic,193,h8euhr0n,45,mock_N08_N04_Aonly,Discussion,1779831970,3,0,0
ahrup1ic,197,gwe9kyul,11,presurvey,Scenario,1779831970,1,0,0
ahrup1ic,192,e9cwoegb,45,mock_N08_N04_Aonly,Discussion,1779831972,3,0,0
ahrup1ic,173,92uhklut,45,mock_N08_N04_Aonly,Discussion,1779831972,3,0,0
ahrup1ic,192,e9cwoegb,52,mock_N08_N04_Aonly,DiscussionGRPWaitPage,1779831972,4,0,1
ahrup1ic,193,h8euhr0n,52,mock_N08_N04_Aonly,DiscussionGRPWaitPage,1779831972,4,0,1
ahrup1ic,196,izs56ulc,52,mock_N08_N04_Aonly,DiscussionGRPWaitPage,1779831972,4,0,1
ahrup1ic,173,92uhklut,52,mock_N08_N04_Aonly,DiscussionGRPWaitPage,1779831972,4,0,1
ahrup1ic,205,xh060bt9,6,presurvey,TrainingNeighbor_1,1779831973,1,0,0
ahrup1ic,198,rspyvud3,4,presurvey,NeighborhoodInstruction,1779831974,1,0,0
ahrup1ic,203,nm2osfms,5,presurvey,Training,1779831974,1,0,0
ahrup1ic,196,izs56ulc,57,mock_N08_N04_Aonly,Discussion,1779831975,4,0,0
ahrup1ic,182,fnveui91,20,mock_N08_N04_Aonly,Phase3,1779831976,1,0,0
ahrup1ic,193,h8euhr0n,57,mock_N08_N04_Aonly,Discussion,1779831977,4,0,0
ahrup1ic,205,xh060bt9,10,presurvey,ExperimentInstruction,1779831979,1,0,0
ahrup1ic,173,92uhklut,57,mock_N08_N04_Aonly,Discussion,1779831979,4,0,0
ahrup1ic,167,ylnex3av,20,mock_N08_N04_Aonly,Phase3,1779831981,1,1,0
ahrup1ic,210,6k8rs2nb,0,,InitializeParticipant,1779831982,1,0,0
ahrup1ic,211,g9s7h4zi,0,,InitializeParticipant,1779831982,1,0,0
ahrup1ic,192,e9cwoegb,57,mock_N08_N04_Aonly,Discussion,1779831983,4,0,0
ahrup1ic,173,92uhklut,64,mock_N08_N04_Aonly,DiscussionGRPWaitPage,1779831983,5,0,1
ahrup1ic,192,e9cwoegb,64,mock_N08_N04_Aonly,DiscussionGRPWaitPage,1779831983,5,0,1
ahrup1ic,193,h8euhr0n,64,mock_N08_N04_Aonly,DiscussionGRPWaitPage,1779831983,5,0,1
ahrup1ic,196,izs56ulc,64,mock_N08_N04_Aonly,DiscussionGRPWaitPage,1779831983,5,0,1
ahrup1ic,208,sgsq5yyk,4,presurvey,NeighborhoodInstruction,1779831983,1,0,0
ahrup1ic,196,izs56ulc,69,mock_N08_N04_Aonly,Discussion,1779831985,5,0,0
ahrup1ic,201,cy7rqae1,12,presurvey,Commitment,1779831985,1,0,0
ahrup1ic,193,h8euhr0n,69,mock_N08_N04_Aonly,Discussion,1779831986,5,0,0
ahrup1ic,192,e9cwoegb,69,mock_N08_N04_Aonly,Discussion,1779831990,5,0,0
ahrup1ic,173,92uhklut,69,mock_N08_N04_Aonly,Discussion,1779831991,5,0,0
ahrup1ic,192,e9cwoegb,76,mock_N08_N04_Aonly,DiscussionGRPWaitPage,1779831991,6,0,1
ahrup1ic,193,h8euhr0n,76,mock_N08_N04_Aonly,DiscussionGRPWaitPage,1779831991,6,0,1
ahrup1ic,196,izs56ulc,76,mock_N08_N04_Aonly,DiscussionGRPWaitPage,1779831991,6,0,1
ahrup1ic,173,92uhklut,76,mock_N08_N04_Aonly,DiscussionGRPWaitPage,1779831991,6,0,1
ahrup1ic,196,izs56ulc,81,mock_N08_N04_Aonly,Discussion,1779831994,6,0,0
ahrup1ic,207,za4q3sdh,4,presurvey,NeighborhoodInstruction,1779831994,1,0,0
ahrup1ic,167,ylnex3av,21,mock_N08_N04_Aonly,Discussion,1779831995,1,0,0
ahrup1ic,193,h8euhr0n,81,mock_N08_N04_Aonly,Discussion,1779831995,6,0,0
ahrup1ic,173,92uhklut,81,mock_N08_N04_Aonly,Discussion,1779831997,6,0,0
ahrup1ic,192,e9cwoegb,81,mock_N08_N04_Aonly,Discussion,1779831997,6,0,0
ahrup1ic,192,e9cwoegb,88,mock_N08_N04_Aonly,DiscussionGRPWaitPage,1779831998,7,0,1
ahrup1ic,193,h8euhr0n,88,mock_N08_N04_Aonly,DiscussionGRPWaitPage,1779831998,7,0,1
ahrup1ic,196,izs56ulc,88,mock_N08_N04_Aonly,DiscussionGRPWaitPage,1779831998,7,0,1
ahrup1ic,173,92uhklut,88,mock_N08_N04_Aonly,DiscussionGRPWaitPage,1779831998,7,0,1
ahrup1ic,182,fnveui91,21,mock_N08_N04_Aonly,Discussion,1779832000,1,0,0
ahrup1ic,167,ylnex3av,28,mock_N08_N04_Aonly,DiscussionGRPWaitPage,1779832000,2,0,1
ahrup1ic,195,ljv5xutd,28,mock_N08_N04_Aonly,DiscussionGRPWaitPage,1779832000,2,0,1
ahrup1ic,178,ntlzyvdo,28,mock_N08_N04_Aonly,DiscussionGRPWaitPage,1779832000,2,0,1
ahrup1ic,182,fnveui91,28,mock_N08_N04_Aonly,DiscussionGRPWaitPage,1779832000,2,0,1
ahrup1ic,196,izs56ulc,93,mock_N08_N04_Aonly,Discussion,1779832000,7,0,0
ahrup1ic,193,h8euhr0n,93,mock_N08_N04_Aonly,Discussion,1779832001,7,0,0
ahrup1ic,192,e9cwoegb,93,mock_N08_N04_Aonly,Discussion,1779832001,7,0,0
ahrup1ic,173,92uhklut,93,mock_N08_N04_Aonly,Discussion,1779832004,7,0,0
ahrup1ic,192,e9cwoegb,100,mock_N08_N04_Aonly,DiscussionGRPWaitPage,1779832004,8,0,1
ahrup1ic,193,h8euhr0n,100,mock_N08_N04_Aonly,DiscussionGRPWaitPage,1779832004,8,0,1
ahrup1ic,196,izs56ulc,100,mock_N08_N04_Aonly,DiscussionGRPWaitPage,1779832004,8,0,1
ahrup1ic,173,92uhklut,100,mock_N08_N04_Aonly,DiscussionGRPWaitPage,1779832004,8,0,1
ahrup1ic,196,izs56ulc,105,mock_N08_N04_Aonly,Discussion,1779832006,8,0,0
ahrup1ic,167,ylnex3av,33,mock_N08_N04_Aonly,Discussion,1779832006,2,0,0
ahrup1ic,205,xh060bt9,11,presurvey,Scenario,1779832007,1,0,0
ahrup1ic,212,jiuivzpq,0,,InitializeParticipant,1779832008,1,0,0
ahrup1ic,182,fnveui91,33,mock_N08_N04_Aonly,Discussion,1779832008,2,0,0
ahrup1ic,198,rspyvud3,5,presurvey,Training,1779832008,1,0,0
ahrup1ic,173,92uhklut,105,mock_N08_N04_Aonly,Discussion,1779832009,8,0,0
ahrup1ic,208,sgsq5yyk,5,presurvey,Training,1779832011,1,0,0
ahrup1ic,193,h8euhr0n,105,mock_N08_N04_Aonly,Discussion,1779832012,8,0,0
ahrup1ic,192,e9cwoegb,105,mock_N08_N04_Aonly,Discussion,1779832015,8,0,0
ahrup1ic,192,e9cwoegb,112,mock_N08_N04_Aonly,DiscussionGRPWaitPage,1779832015,9,0,1
ahrup1ic,193,h8euhr0n,112,mock_N08_N04_Aonly,DiscussionGRPWaitPage,1779832015,9,0,1
ahrup1ic,173,92uhklut,112,mock_N08_N04_Aonly,DiscussionGRPWaitPage,1779832015,9,0,1
ahrup1ic,196,izs56ulc,112,mock_N08_N04_Aonly,DiscussionGRPWaitPage,1779832015,9,0,1
ahrup1ic,196,izs56ulc,117,mock_N08_N04_Aonly,Discussion,1779832017,9,0,0
ahrup1ic,192,e9cwoegb,117,mock_N08_N04_Aonly,Discussion,1779832018,9,0,0
ahrup1ic,173,92uhklut,117,mock_N08_N04_Aonly,Discussion,1779832020,9,0,0
ahrup1ic,207,za4q3sdh,5,presurvey,Training,1779832020,1,0,0
ahrup1ic,193,h8euhr0n,117,mock_N08_N04_Aonly,Discussion,1779832022,9,0,0
ahrup1ic,192,e9cwoegb,124,mock_N08_N04_Aonly,DiscussionGRPWaitPage,1779832022,10,0,1
ahrup1ic,196,izs56ulc,124,mock_N08_N04_Aonly,DiscussionGRPWaitPage,1779832022,10,0,1
ahrup1ic,193,h8euhr0n,124,mock_N08_N04_Aonly,DiscussionGRPWaitPage,1779832022,10,0,1
ahrup1ic,173,92uhklut,124,mock_N08_N04_Aonly,DiscussionGRPWaitPage,1779832022,10,0,1
ahrup1ic,196,izs56ulc,129,mock_N08_N04_Aonly,Discussion,1779832024,10,0,0
ahrup1ic,193,h8euhr0n,129,mock_N08_N04_Aonly,Discussion,1779832025,10,0,0
ahrup1ic,195,ljv5xutd,33,mock_N08_N04_Aonly,Discussion,1779832026,2,0,0
ahrup1ic,173,92uhklut,129,mock_N08_N04_Aonly,Discussion,1779832029,10,0,0
ahrup1ic,192,e9cwoegb,129,mock_N08_N04_Aonly,Discussion,1779832029,10,0,0
ahrup1ic,192,e9cwoegb,136,mock_N08_N04_Aonly,DiscussionGRPWaitPage,1779832029,11,0,1
ahrup1ic,193,h8euhr0n,136,mock_N08_N04_Aonly,DiscussionGRPWaitPage,1779832029,11,0,1
ahrup1ic,196,izs56ulc,136,mock_N08_N04_Aonly,DiscussionGRPWaitPage,1779832029,11,0,1
ahrup1ic,173,92uhklut,136,mock_N08_N04_Aonly,DiscussionGRPWaitPage,1779832029,11,0,1
ahrup1ic,196,izs56ulc,141,mock_N08_N04_Aonly,Discussion,1779832031,11,0,0
ahrup1ic,193,h8euhr0n,141,mock_N08_N04_Aonly,Discussion,1779832033,11,0,0
ahrup1ic,192,e9cwoegb,141,mock_N08_N04_Aonly,Discussion,1779832034,11,0,0
ahrup1ic,178,ntlzyvdo,33,mock_N08_N04_Aonly,Discussion,1779832035,2,0,0
ahrup1ic,195,ljv5xutd,40,mock_N08_N04_Aonly,DiscussionGRPWaitPage,1779832035,3,0,1
ahrup1ic,167,ylnex3av,40,mock_N08_N04_Aonly,DiscussionGRPWaitPage,1779832035,3,0,1
ahrup1ic,178,ntlzyvdo,40,mock_N08_N04_Aonly,DiscussionGRPWaitPage,1779832035,3,0,1
ahrup1ic,182,fnveui91,40,mock_N08_N04_Aonly,DiscussionGRPWaitPage,1779832035,3,0,1
ahrup1ic,167,ylnex3av,45,mock_N08_N04_Aonly,Discussion,1779832038,3,0,0
ahrup1ic,173,92uhklut,141,mock_N08_N04_Aonly,Discussion,1779832039,11,0,0
ahrup1ic,192,e9cwoegb,148,mock_N08_N04_Aonly,DiscussionGRPWaitPage,1779832039,12,0,1
ahrup1ic,193,h8euhr0n,148,mock_N08_N04_Aonly,DiscussionGRPWaitPage,1779832039,12,0,1
ahrup1ic,196,izs56ulc,148,mock_N08_N04_Aonly,DiscussionGRPWaitPage,1779832039,12,0,1
ahrup1ic,173,92uhklut,148,mock_N08_N04_Aonly,DiscussionGRPWaitPage,1779832039,12,0,1
ahrup1ic,196,izs56ulc,153,mock_N08_N04_Aonly,Discussion,1779832041,12,0,0
ahrup1ic,203,nm2osfms,6,presurvey,TrainingNeighbor_1,1779832041,1,0,0
ahrup1ic,193,h8euhr0n,153,mock_N08_N04_Aonly,Discussion,1779832043,12,0,0
ahrup1ic,182,fnveui91,45,mock_N08_N04_Aonly,Discussion,1779832043,3,0,0
ahrup1ic,192,e9cwoegb,153,mock_N08_N04_Aonly,Discussion,1779832043,12,0,0
ahrup1ic,173,92uhklut,153,mock_N08_N04_Aonly,Discussion,1779832044,12,0,0
ahrup1ic,192,e9cwoegb,160,mock_N08_N04_Aonly,DiscussionGRPWaitPage,1779832044,13,0,1
ahrup1ic,193,h8euhr0n,160,mock_N08_N04_Aonly,DiscussionGRPWaitPage,1779832044,13,0,1
ahrup1ic,196,izs56ulc,160,mock_N08_N04_Aonly,DiscussionGRPWaitPage,1779832044,13,0,1
ahrup1ic,173,92uhklut,160,mock_N08_N04_Aonly,DiscussionGRPWaitPage,1779832044,13,0,1
ahrup1ic,208,sgsq5yyk,6,presurvey,TrainingNeighbor_1,1779832044,1,0,0
ahrup1ic,207,za4q3sdh,6,presurvey,TrainingNeighbor_1,1779832044,1,0,0
ahrup1ic,196,izs56ulc,165,mock_N08_N04_Aonly,Discussion,1779832046,13,0,0
ahrup1ic,193,h8euhr0n,165,mock_N08_N04_Aonly,Discussion,1779832047,13,0,0
ahrup1ic,192,e9cwoegb,165,mock_N08_N04_Aonly,Discussion,1779832048,13,0,0
ahrup1ic,173,92uhklut,165,mock_N08_N04_Aonly,Discussion,1779832049,13,0,0
ahrup1ic,192,e9cwoegb,172,mock_N08_N04_Aonly,DiscussionGRPWaitPage,1779832050,14,0,1
ahrup1ic,193,h8euhr0n,172,mock_N08_N04_Aonly,DiscussionGRPWaitPage,1779832050,14,0,1
ahrup1ic,196,izs56ulc,172,mock_N08_N04_Aonly,DiscussionGRPWaitPage,1779832050,14,0,1
ahrup1ic,173,92uhklut,172,mock_N08_N04_Aonly,DiscussionGRPWaitPage,1779832050,14,0,1
ahrup1ic,178,ntlzyvdo,45,mock_N08_N04_Aonly,Discussion,1779832050,3,0,0
ahrup1ic,196,izs56ulc,177,mock_N08_N04_Aonly,Discussion,1779832051,14,0,0
ahrup1ic,193,h8euhr0n,177,mock_N08_N04_Aonly,Discussion,1779832053,14,0,0
ahrup1ic,192,e9cwoegb,177,mock_N08_N04_Aonly,Discussion,1779832054,14,0,0
ahrup1ic,212,jiuivzpq,1,presurvey,Introduction,1779832054,1,0,0
ahrup1ic,173,92uhklut,177,mock_N08_N04_Aonly,Discussion,1779832054,14,0,0
ahrup1ic,192,e9cwoegb,184,mock_N08_N04_Aonly,DiscussionGRPWaitPage,1779832055,15,0,1
ahrup1ic,193,h8euhr0n,184,mock_N08_N04_Aonly,DiscussionGRPWaitPage,1779832055,15,0,1
ahrup1ic,196,izs56ulc,184,mock_N08_N04_Aonly,DiscussionGRPWaitPage,1779832055,15,0,1
ahrup1ic,173,92uhklut,184,mock_N08_N04_Aonly,DiscussionGRPWaitPage,1779832055,15,0,1
ahrup1ic,208,sgsq5yyk,10,presurvey,ExperimentInstruction,1779832055,1,0,0
ahrup1ic,196,izs56ulc,189,mock_N08_N04_Aonly,Discussion,1779832056,15,0,0
ahrup1ic,193,h8euhr0n,189,mock_N08_N04_Aonly,Discussion,1779832057,15,0,0
ahrup1ic,207,za4q3sdh,7,presurvey,TrainingNeighbor_2,1779832058,1,0,0
ahrup1ic,173,92uhklut,189,mock_N08_N04_Aonly,Discussion,1779832060,15,0,0
ahrup1ic,207,za4q3sdh,10,presurvey,ExperimentInstruction,1779832061,1,0,0
ahrup1ic,198,rspyvud3,6,presurvey,TrainingNeighbor_1,1779832061,1,0,0
ahrup1ic,192,e9cwoegb,189,mock_N08_N04_Aonly,Discussion,1779832061,15,0,0
ahrup1ic,192,e9cwoegb,196,mock_N08_N04_Aonly,DiscussionGRPWaitPage,1779832062,16,0,1
ahrup1ic,193,h8euhr0n,196,mock_N08_N04_Aonly,DiscussionGRPWaitPage,1779832062,16,0,1
ahrup1ic,173,92uhklut,196,mock_N08_N04_Aonly,DiscussionGRPWaitPage,1779832062,16,0,1
ahrup1ic,196,izs56ulc,196,mock_N08_N04_Aonly,DiscussionGRPWaitPage,1779832062,16,0,1
ahrup1ic,196,izs56ulc,201,mock_N08_N04_Aonly,Discussion,1779832063,16,0,0
ahrup1ic,193,h8euhr0n,201,mock_N08_N04_Aonly,Discussion,1779832064,16,0,0
ahrup1ic,210,6k8rs2nb,1,presurvey,Introduction,1779832065,1,0,0
ahrup1ic,192,e9cwoegb,201,mock_N08_N04_Aonly,Discussion,1779832066,16,0,0
ahrup1ic,173,92uhklut,201,mock_N08_N04_Aonly,Discussion,1779832067,16,0,0
ahrup1ic,196,izs56ulc,208,mock_N08_N04_Aonly,DiscussionGRPWaitPage,1779832067,17,0,1
ahrup1ic,192,e9cwoegb,208,mock_N08_N04_Aonly,DiscussionGRPWaitPage,1779832067,17,0,1
ahrup1ic,193,h8euhr0n,208,mock_N08_N04_Aonly,DiscussionGRPWaitPage,1779832067,17,0,1
ahrup1ic,173,92uhklut,208,mock_N08_N04_Aonly,DiscussionGRPWaitPage,1779832067,17,0,1
ahrup1ic,198,rspyvud3,7,presurvey,TrainingNeighbor_2,1779832069,1,0,0
ahrup1ic,205,xh060bt9,12,presurvey,Commitment,1779832069,1,0,0
ahrup1ic,196,izs56ulc,213,mock_N08_N04_Aonly,Discussion,1779832069,17,0,0
ahrup1ic,193,h8euhr0n,213,mock_N08_N04_Aonly,Discussion,1779832070,17,0,0
ahrup1ic,173,92uhklut,213,mock_N08_N04_Aonly,Discussion,1779832071,17,0,0
ahrup1ic,203,nm2osfms,7,presurvey,TrainingNeighbor_2,1779832072,1,0,0
ahrup1ic,192,e9cwoegb,213,mock_N08_N04_Aonly,Discussion,1779832073,17,0,0
ahrup1ic,192,e9cwoegb,220,mock_N08_N04_Aonly,DiscussionGRPWaitPage,1779832074,18,0,1
ahrup1ic,193,h8euhr0n,220,mock_N08_N04_Aonly,DiscussionGRPWaitPage,1779832074,18,0,1
ahrup1ic,196,izs56ulc,220,mock_N08_N04_Aonly,DiscussionGRPWaitPage,1779832074,18,0,1
ahrup1ic,173,92uhklut,220,mock_N08_N04_Aonly,DiscussionGRPWaitPage,1779832074,18,0,1
ahrup1ic,196,izs56ulc,225,mock_N08_N04_Aonly,Discussion,1779832075,18,0,0
ahrup1ic,192,e9cwoegb,225,mock_N08_N04_Aonly,Discussion,1779832076,18,0,0
ahrup1ic,193,h8euhr0n,225,mock_N08_N04_Aonly,Discussion,1779832076,18,0,0
ahrup1ic,173,92uhklut,225,mock_N08_N04_Aonly,Discussion,1779832078,18,0,0
ahrup1ic,173,92uhklut,232,mock_N08_N04_Aonly,DiscussionGRPWaitPage,1779832078,19,0,1
ahrup1ic,192,e9cwoegb,232,mock_N08_N04_Aonly,DiscussionGRPWaitPage,1779832078,19,0,1
ahrup1ic,193,h8euhr0n,232,mock_N08_N04_Aonly,DiscussionGRPWaitPage,1779832078,19,0,1
ahrup1ic,196,izs56ulc,232,mock_N08_N04_Aonly,DiscussionGRPWaitPage,1779832078,19,0,1
ahrup1ic,196,izs56ulc,237,mock_N08_N04_Aonly,Discussion,1779832080,19,0,0
ahrup1ic,203,nm2osfms,10,presurvey,ExperimentInstruction,1779832081,1,0,0
ahrup1ic,193,h8euhr0n,237,mock_N08_N04_Aonly,Discussion,1779832083,19,0,0
ahrup1ic,173,92uhklut,237,mock_N08_N04_Aonly,Discussion,1779832083,19,0,0
ahrup1ic,198,rspyvud3,8,presurvey,AttentionCheck,1779832083,1,0,0
ahrup1ic,195,ljv5xutd,45,mock_N08_N04_Aonly,Discussion,1779832085,3,0,0
ahrup1ic,192,e9cwoegb,237,mock_N08_N04_Aonly,Discussion,1779832086,19,0,0
ahrup1ic,196,izs56ulc,244,mock_N08_N04_Aonly,DiscussionGRPWaitPage,1779832087,20,0,1
ahrup1ic,192,e9cwoegb,244,mock_N08_N04_Aonly,DiscussionGRPWaitPage,1779832087,20,0,1
ahrup1ic,193,h8euhr0n,244,mock_N08_N04_Aonly,DiscussionGRPWaitPage,1779832087,20,0,1
ahrup1ic,173,92uhklut,244,mock_N08_N04_Aonly,DiscussionGRPWaitPage,1779832087,20,0,1
ahrup1ic,208,sgsq5yyk,11,presurvey,Scenario,1779832088,1,0,0
ahrup1ic,196,izs56ulc,249,mock_N08_N04_Aonly,Discussion,1779832088,20,0,0
ahrup1ic,195,ljv5xutd,52,mock_N08_N04_Aonly,DiscussionGRPWaitPage,1779832090,4,0,1
ahrup1ic,167,ylnex3av,52,mock_N08_N04_Aonly,DiscussionGRPWaitPage,1779832090,4,0,1
ahrup1ic,178,ntlzyvdo,52,mock_N08_N04_Aonly,DiscussionGRPWaitPage,1779832090,4,0,1
ahrup1ic,182,fnveui91,52,mock_N08_N04_Aonly,DiscussionGRPWaitPage,1779832090,4,0,1
ahrup1ic,173,92uhklut,249,mock_N08_N04_Aonly,Discussion,1779832091,20,0,0
ahrup1ic,192,e9cwoegb,249,mock_N08_N04_Aonly,Discussion,1779832091,20,0,0
ahrup1ic,193,h8euhr0n,249,mock_N08_N04_Aonly,Discussion,1779832091,20,0,0
ahrup1ic,210,6k8rs2nb,2,presurvey,AudioCheck,1779832094,1,0,0
ahrup1ic,167,ylnex3av,57,mock_N08_N04_Aonly,Discussion,1779832094,4,0,0
ahrup1ic,182,fnveui91,57,mock_N08_N04_Aonly,Discussion,1779832098,4,0,0
ahrup1ic,198,rspyvud3,9,presurvey,TrainingNeighbor_3,1779832100,1,0,0
ahrup1ic,212,jiuivzpq,2,presurvey,AudioCheck,1779832102,1,0,0
ahrup1ic,178,ntlzyvdo,57,mock_N08_N04_Aonly,Discussion,1779832102,4,0,0
ahrup1ic,196,izs56ulc,250,mock_N08_N04_Aonly,Additional,1779832107,20,0,0
ahrup1ic,192,e9cwoegb,250,mock_N08_N04_Aonly,Additional,1779832108,20,0,0
ahrup1ic,173,92uhklut,250,mock_N08_N04_Aonly,Additional,1779832110,20,0,0
ahrup1ic,203,nm2osfms,11,presurvey,Scenario,1779832112,1,0,0
ahrup1ic,207,za4q3sdh,11,presurvey,Scenario,1779832112,1,0,0
ahrup1ic,195,ljv5xutd,57,mock_N08_N04_Aonly,Discussion,1779832118,4,0,0
ahrup1ic,193,h8euhr0n,250,mock_N08_N04_Aonly,Additional,1779832118,20,0,0
ahrup1ic,196,izs56ulc,251,mock_N08_N04_Aonly,FinalRoundWaitPage,1779832119,20,0,1
ahrup1ic,193,h8euhr0n,251,mock_N08_N04_Aonly,FinalRoundWaitPage,1779832119,20,0,1
ahrup1ic,192,e9cwoegb,251,mock_N08_N04_Aonly,FinalRoundWaitPage,1779832119,20,0,1
ahrup1ic,173,92uhklut,251,mock_N08_N04_Aonly,FinalRoundWaitPage,1779832119,20,0,1
ahrup1ic,167,ylnex3av,64,mock_N08_N04_Aonly,DiscussionGRPWaitPage,1779832119,5,0,1
ahrup1ic,195,ljv5xutd,64,mock_N08_N04_Aonly,DiscussionGRPWaitPage,1779832119,5,0,1
ahrup1ic,178,ntlzyvdo,64,mock_N08_N04_Aonly,DiscussionGRPWaitPage,1779832119,5,0,1
ahrup1ic,182,fnveui91,64,mock_N08_N04_Aonly,DiscussionGRPWaitPage,1779832119,5,0,1
ahrup1ic,213,88ysb9lg,0,,InitializeParticipant,1779832119,1,0,0
ahrup1ic,198,rspyvud3,10,presurvey,ExperimentInstruction,1779832119,1,0,0
ahrup1ic,212,jiuivzpq,3,presurvey,Demographics,1779832120,1,0,0
ahrup1ic,167,ylnex3av,69,mock_N08_N04_Aonly,Discussion,1779832122,5,0,0
ahrup1ic,210,6k8rs2nb,3,presurvey,Demographics,1779832123,1,0,0
ahrup1ic,196,izs56ulc,252,mock_N08_N04_Aonly,FinalRound,1779832124,20,0,0
ahrup1ic,192,e9cwoegb,252,mock_N08_N04_Aonly,FinalRound,1779832125,20,0,0
ahrup1ic,182,fnveui91,69,mock_N08_N04_Aonly,Discussion,1779832127,5,0,0
ahrup1ic,173,92uhklut,252,mock_N08_N04_Aonly,FinalRound,1779832128,20,0,0
ahrup1ic,193,h8euhr0n,252,mock_N08_N04_Aonly,FinalRound,1779832128,20,0,0
ahrup1ic,178,ntlzyvdo,69,mock_N08_N04_Aonly,Discussion,1779832130,5,0,0
ahrup1ic,209,po8wur12,2,presurvey,AudioCheck,1779832132,1,0,0
ahrup1ic,171,nry0geg0,13,mock_N08_N04_Aonly,GroupingWaitPage,1779832133,1,0,1
ahrup1ic,171,nry0geg0,14,mock_N08_N04_Aonly,GroupSizeWaitPage,1779832134,1,0,1
ahrup1ic,208,sgsq5yyk,12,presurvey,Commitment,1779832135,1,0,0
ahrup1ic,214,xgbnitxe,0,,InitializeParticipant,1779832137,1,0,0
ahrup1ic,195,ljv5xutd,69,mock_N08_N04_Aonly,Discussion,1779832140,5,0,0
ahrup1ic,171,nry0geg0,15,mock_N08_N04_Aonly,AttentionCheck,1779832140,1,0,0
ahrup1ic,195,ljv5xutd,76,mock_N08_N04_Aonly,DiscussionGRPWaitPage,1779832143,6,0,1
ahrup1ic,167,ylnex3av,76,mock_N08_N04_Aonly,DiscussionGRPWaitPage,1779832143,6,0,1
ahrup1ic,178,ntlzyvdo,76,mock_N08_N04_Aonly,DiscussionGRPWaitPage,1779832143,6,0,1
ahrup1ic,182,fnveui91,76,mock_N08_N04_Aonly,DiscussionGRPWaitPage,1779832143,6,0,1
ahrup1ic,213,88ysb9lg,1,presurvey,Introduction,1779832143,1,0,0
ahrup1ic,209,po8wur12,3,presurvey,Demographics,1779832144,1,0,0
ahrup1ic,214,xgbnitxe,1,presurvey,Introduction,1779832144,1,0,0
ahrup1ic,167,ylnex3av,81,mock_N08_N04_Aonly,Discussion,1779832146,6,0,0
ahrup1ic,182,fnveui91,81,mock_N08_N04_Aonly,Discussion,1779832150,6,0,0
ahrup1ic,215,qwv06ex5,0,,InitializeParticipant,1779832150,1,0,0
ahrup1ic,178,ntlzyvdo,81,mock_N08_N04_Aonly,Discussion,1779832151,6,0,0
ahrup1ic,212,jiuivzpq,4,presurvey,NeighborhoodInstruction,1779832152,1,0,0
ahrup1ic,195,ljv5xutd,81,mock_N08_N04_Aonly,Discussion,1779832156,6,0,0
ahrup1ic,195,ljv5xutd,88,mock_N08_N04_Aonly,DiscussionGRPWaitPage,1779832157,7,0,1
ahrup1ic,167,ylnex3av,88,mock_N08_N04_Aonly,DiscussionGRPWaitPage,1779832157,7,0,1
ahrup1ic,178,ntlzyvdo,88,mock_N08_N04_Aonly,DiscussionGRPWaitPage,1779832157,7,0,1
ahrup1ic,182,fnveui91,88,mock_N08_N04_Aonly,DiscussionGRPWaitPage,1779832157,7,0,1
ahrup1ic,216,ql8c11bm,0,,InitializeParticipant,1779832158,1,0,0
ahrup1ic,214,xgbnitxe,2,presurvey,AudioCheck,1779832160,1,0,0
ahrup1ic,167,ylnex3av,93,mock_N08_N04_Aonly,Discussion,1779832160,7,0,0
ahrup1ic,216,ql8c11bm,1,presurvey,Introduction,1779832162,1,0,0
ahrup1ic,209,po8wur12,4,presurvey,NeighborhoodInstruction,1779832163,1,0,0
ahrup1ic,182,fnveui91,93,mock_N08_N04_Aonly,Discussion,1779832163,7,0,0
ahrup1ic,203,nm2osfms,12,presurvey,Commitment,1779832165,1,0,0
ahrup1ic,178,ntlzyvdo,93,mock_N08_N04_Aonly,Discussion,1779832166,7,0,0
ahrup1ic,216,ql8c11bm,2,presurvey,AudioCheck,1779832170,1,0,0
ahrup1ic,213,88ysb9lg,2,presurvey,AudioCheck,1779832172,1,0,0
ahrup1ic,195,ljv5xutd,93,mock_N08_N04_Aonly,Discussion,1779832174,7,0,0
ahrup1ic,167,ylnex3av,100,mock_N08_N04_Aonly,DiscussionGRPWaitPage,1779832175,8,0,1
ahrup1ic,195,ljv5xutd,100,mock_N08_N04_Aonly,DiscussionGRPWaitPage,1779832175,8,0,1
ahrup1ic,178,ntlzyvdo,100,mock_N08_N04_Aonly,DiscussionGRPWaitPage,1779832175,8,0,1
ahrup1ic,182,fnveui91,100,mock_N08_N04_Aonly,DiscussionGRPWaitPage,1779832175,8,0,1
ahrup1ic,216,ql8c11bm,3,presurvey,Demographics,1779832177,1,0,0
ahrup1ic,167,ylnex3av,105,mock_N08_N04_Aonly,Discussion,1779832177,8,0,0
ahrup1ic,217,s5ls0zs4,0,,InitializeParticipant,1779832182,1,0,0
ahrup1ic,178,ntlzyvdo,105,mock_N08_N04_Aonly,Discussion,1779832182,8,0,0
ahrup1ic,195,ljv5xutd,105,mock_N08_N04_Aonly,Discussion,1779832182,8,0,0
ahrup1ic,182,fnveui91,105,mock_N08_N04_Aonly,Discussion,1779832182,8,0,0
ahrup1ic,195,ljv5xutd,112,mock_N08_N04_Aonly,DiscussionGRPWaitPage,1779832182,9,0,1
ahrup1ic,167,ylnex3av,112,mock_N08_N04_Aonly,DiscussionGRPWaitPage,1779832182,9,0,1
ahrup1ic,178,ntlzyvdo,112,mock_N08_N04_Aonly,DiscussionGRPWaitPage,1779832182,9,0,1
ahrup1ic,182,fnveui91,112,mock_N08_N04_Aonly,DiscussionGRPWaitPage,1779832182,9,0,1
ahrup1ic,214,xgbnitxe,3,presurvey,Demographics,1779832183,1,0,0
ahrup1ic,216,ql8c11bm,4,presurvey,NeighborhoodInstruction,1779832184,1,0,0
ahrup1ic,167,ylnex3av,117,mock_N08_N04_Aonly,Discussion,1779832185,9,0,0
ahrup1ic,217,s5ls0zs4,1,presurvey,Introduction,1779832186,1,0,0
ahrup1ic,178,ntlzyvdo,117,mock_N08_N04_Aonly,Discussion,1779832186,9,0,0
ahrup1ic,195,ljv5xutd,117,mock_N08_N04_Aonly,Discussion,1779832188,9,0,0
ahrup1ic,182,fnveui91,117,mock_N08_N04_Aonly,Discussion,1779832191,9,0,0
ahrup1ic,195,ljv5xutd,124,mock_N08_N04_Aonly,DiscussionGRPWaitPage,1779832192,10,0,1
ahrup1ic,167,ylnex3av,124,mock_N08_N04_Aonly,DiscussionGRPWaitPage,1779832192,10,0,1
ahrup1ic,182,fnveui91,124,mock_N08_N04_Aonly,DiscussionGRPWaitPage,1779832192,10,0,1
ahrup1ic,178,ntlzyvdo,124,mock_N08_N04_Aonly,DiscussionGRPWaitPage,1779832192,10,0,1
ahrup1ic,215,qwv06ex5,1,presurvey,Introduction,1779832192,1,0,0
ahrup1ic,167,ylnex3av,129,mock_N08_N04_Aonly,Discussion,1779832194,10,0,0
ahrup1ic,212,jiuivzpq,5,presurvey,Training,1779832195,1,0,0
ahrup1ic,216,ql8c11bm,5,presurvey,Training,1779832195,1,0,0
ahrup1ic,213,88ysb9lg,3,presurvey,Demographics,1779832196,1,0,0
ahrup1ic,178,ntlzyvdo,129,mock_N08_N04_Aonly,Discussion,1779832196,10,0,0
ahrup1ic,214,xgbnitxe,4,presurvey,NeighborhoodInstruction,1779832197,1,0,0
ahrup1ic,195,ljv5xutd,129,mock_N08_N04_Aonly,Discussion,1779832198,10,0,0
ahrup1ic,217,s5ls0zs4,2,presurvey,AudioCheck,1779832200,1,0,0
ahrup1ic,182,fnveui91,129,mock_N08_N04_Aonly,Discussion,1779832202,10,0,0
ahrup1ic,195,ljv5xutd,136,mock_N08_N04_Aonly,DiscussionGRPWaitPage,1779832203,11,0,1
ahrup1ic,167,ylnex3av,136,mock_N08_N04_Aonly,DiscussionGRPWaitPage,1779832203,11,0,1
ahrup1ic,178,ntlzyvdo,136,mock_N08_N04_Aonly,DiscussionGRPWaitPage,1779832203,11,0,1
ahrup1ic,182,fnveui91,136,mock_N08_N04_Aonly,DiscussionGRPWaitPage,1779832203,11,0,1
ahrup1ic,216,ql8c11bm,6,presurvey,TrainingNeighbor_1,1779832203,1,0,0
ahrup1ic,167,ylnex3av,141,mock_N08_N04_Aonly,Discussion,1779832205,11,0,0
ahrup1ic,216,ql8c11bm,10,presurvey,ExperimentInstruction,1779832206,1,0,0
ahrup1ic,195,ljv5xutd,141,mock_N08_N04_Aonly,Discussion,1779832207,11,0,0
ahrup1ic,178,ntlzyvdo,141,mock_N08_N04_Aonly,Discussion,1779832207,11,0,0
ahrup1ic,182,fnveui91,141,mock_N08_N04_Aonly,Discussion,1779832209,11,0,0
ahrup1ic,195,ljv5xutd,148,mock_N08_N04_Aonly,DiscussionGRPWaitPage,1779832209,12,0,1
ahrup1ic,167,ylnex3av,148,mock_N08_N04_Aonly,DiscussionGRPWaitPage,1779832209,12,0,1
ahrup1ic,178,ntlzyvdo,148,mock_N08_N04_Aonly,DiscussionGRPWaitPage,1779832209,12,0,1
ahrup1ic,182,fnveui91,148,mock_N08_N04_Aonly,DiscussionGRPWaitPage,1779832209,12,0,1
ahrup1ic,167,ylnex3av,153,mock_N08_N04_Aonly,Discussion,1779832211,12,0,0
ahrup1ic,182,fnveui91,153,mock_N08_N04_Aonly,Discussion,1779832213,12,0,0
ahrup1ic,213,88ysb9lg,4,presurvey,NeighborhoodInstruction,1779832215,1,0,0
ahrup1ic,198,rspyvud3,11,presurvey,Scenario,1779832220,1,0,0
ahrup1ic,191,cc1ax1f9,13,mock_N08_N04_Aonly,GroupingWaitPage,1779832227,1,0,1
ahrup1ic,195,ljv5xutd,153,mock_N08_N04_Aonly,Discussion,1779832228,12,0,0
ahrup1ic,215,qwv06ex5,2,presurvey,AudioCheck,1779832228,1,0,0
ahrup1ic,178,ntlzyvdo,153,mock_N08_N04_Aonly,Discussion,1779832228,12,0,0
ahrup1ic,214,xgbnitxe,5,presurvey,Training,1779832229,1,0,0
ahrup1ic,195,ljv5xutd,160,mock_N08_N04_Aonly,DiscussionGRPWaitPage,1779832229,13,0,1
ahrup1ic,167,ylnex3av,160,mock_N08_N04_Aonly,DiscussionGRPWaitPage,1779832229,13,0,1
ahrup1ic,178,ntlzyvdo,160,mock_N08_N04_Aonly,DiscussionGRPWaitPage,1779832229,13,0,1
ahrup1ic,182,fnveui91,160,mock_N08_N04_Aonly,DiscussionGRPWaitPage,1779832229,13,0,1
ahrup1ic,191,cc1ax1f9,14,mock_N08_N04_Aonly,GroupSizeWaitPage,1779832229,1,0,1
ahrup1ic,217,s5ls0zs4,3,presurvey,Demographics,1779832229,1,0,0
ahrup1ic,167,ylnex3av,165,mock_N08_N04_Aonly,Discussion,1779832232,13,0,0
ahrup1ic,216,ql8c11bm,11,presurvey,Scenario,1779832234,1,0,0
ahrup1ic,195,ljv5xutd,165,mock_N08_N04_Aonly,Discussion,1779832240,13,0,0
ahrup1ic,197,gwe9kyul,12,presurvey,Commitment,1779832240,1,0,0
ahrup1ic,212,jiuivzpq,6,presurvey,TrainingNeighbor_1,1779832240,1,0,0
ahrup1ic,182,fnveui91,165,mock_N08_N04_Aonly,Discussion,1779832240,13,0,0
ahrup1ic,178,ntlzyvdo,165,mock_N08_N04_Aonly,Discussion,1779832240,13,0,0
ahrup1ic,191,cc1ax1f9,15,mock_N08_N04_Aonly,AttentionCheck,1779832240,1,0,0
ahrup1ic,213,88ysb9lg,5,presurvey,Training,1779832242,1,0,0
ahrup1ic,195,ljv5xutd,172,mock_N08_N04_Aonly,DiscussionGRPWaitPage,1779832242,14,0,1
ahrup1ic,167,ylnex3av,172,mock_N08_N04_Aonly,DiscussionGRPWaitPage,1779832242,14,0,1
ahrup1ic,178,ntlzyvdo,172,mock_N08_N04_Aonly,DiscussionGRPWaitPage,1779832242,14,0,1
ahrup1ic,182,fnveui91,172,mock_N08_N04_Aonly,DiscussionGRPWaitPage,1779832242,14,0,1
ahrup1ic,167,ylnex3av,177,mock_N08_N04_Aonly,Discussion,1779832245,14,0,0
ahrup1ic,195,ljv5xutd,177,mock_N08_N04_Aonly,Discussion,1779832246,14,0,0
ahrup1ic,178,ntlzyvdo,177,mock_N08_N04_Aonly,Discussion,1779832247,14,0,0
ahrup1ic,218,qindk7e1,0,,InitializeParticipant,1779832250,1,0,0
ahrup1ic,217,s5ls0zs4,4,presurvey,NeighborhoodInstruction,1779832250,1,0,0
ahrup1ic,182,fnveui91,177,mock_N08_N04_Aonly,Discussion,1779832253,14,0,0
ahrup1ic,195,ljv5xutd,184,mock_N08_N04_Aonly,DiscussionGRPWaitPage,1779832253,15,0,1
ahrup1ic,167,ylnex3av,184,mock_N08_N04_Aonly,DiscussionGRPWaitPage,1779832253,15,0,1
ahrup1ic,178,ntlzyvdo,184,mock_N08_N04_Aonly,DiscussionGRPWaitPage,1779832253,15,0,1
ahrup1ic,182,fnveui91,184,mock_N08_N04_Aonly,DiscussionGRPWaitPage,1779832253,15,0,1
ahrup1ic,167,ylnex3av,189,mock_N08_N04_Aonly,Discussion,1779832255,15,0,0
ahrup1ic,215,qwv06ex5,3,presurvey,Demographics,1779832258,1,0,0
ahrup1ic,182,fnveui91,189,mock_N08_N04_Aonly,Discussion,1779832259,15,0,0
ahrup1ic,214,xgbnitxe,6,presurvey,TrainingNeighbor_1,1779832262,1,0,0
ahrup1ic,189,6a28fqu0,13,mock_N08_N04_Aonly,GroupingWaitPage,1779832266,1,0,1
ahrup1ic,218,qindk7e1,1,presurvey,Introduction,1779832266,1,0,0
ahrup1ic,189,6a28fqu0,14,mock_N08_N04_Aonly,GroupSizeWaitPage,1779832267,1,0,1
ahrup1ic,178,ntlzyvdo,189,mock_N08_N04_Aonly,Discussion,1779832268,15,0,0
ahrup1ic,195,ljv5xutd,189,mock_N08_N04_Aonly,Discussion,1779832275,15,0,0
ahrup1ic,189,6a28fqu0,15,mock_N08_N04_Aonly,AttentionCheck,1779832275,1,0,0
ahrup1ic,178,ntlzyvdo,196,mock_N08_N04_Aonly,DiscussionGRPWaitPage,1779832277,16,0,1
ahrup1ic,182,fnveui91,196,mock_N08_N04_Aonly,DiscussionGRPWaitPage,1779832277,16,0,1
ahrup1ic,195,ljv5xutd,196,mock_N08_N04_Aonly,DiscussionGRPWaitPage,1779832277,16,0,1
ahrup1ic,167,ylnex3av,196,mock_N08_N04_Aonly,DiscussionGRPWaitPage,1779832277,16,0,1
ahrup1ic,214,xgbnitxe,10,presurvey,ExperimentInstruction,1779832277,1,0,0
ahrup1ic,167,ylnex3av,201,mock_N08_N04_Aonly,Discussion,1779832280,16,0,0
ahrup1ic,213,88ysb9lg,6,presurvey,TrainingNeighbor_1,1779832282,1,0,0
ahrup1ic,178,ntlzyvdo,201,mock_N08_N04_Aonly,Discussion,1779832282,16,0,0
ahrup1ic,186,fldrjp1z,13,mock_N08_N04_Aonly,GroupingWaitPage,1779832282,1,0,1
ahrup1ic,182,fnveui91,201,mock_N08_N04_Aonly,Discussion,1779832282,16,0,0
ahrup1ic,209,po8wur12,5,presurvey,Training,1779832283,1,0,0
ahrup1ic,186,fldrjp1z,14,mock_N08_N04_Aonly,GroupSizeWaitPage,1779832283,1,0,1
ahrup1ic,217,s5ls0zs4,5,presurvey,Training,1779832284,1,0,0
ahrup1ic,213,88ysb9lg,10,presurvey,ExperimentInstruction,1779832286,1,0,0
ahrup1ic,186,fldrjp1z,15,mock_N08_N04_Aonly,AttentionCheck,1779832288,1,0,0
ahrup1ic,185,t2ye39ti,13,mock_N08_N04_Aonly,GroupingWaitPage,1779832291,1,0,1
ahrup1ic,185,t2ye39ti,14,mock_N08_N04_Aonly,GroupSizeWaitPage,1779832292,1,0,1
ahrup1ic,212,jiuivzpq,7,presurvey,TrainingNeighbor_2,1779832293,1,0,0
ahrup1ic,195,ljv5xutd,201,mock_N08_N04_Aonly,Discussion,1779832294,16,0,0
ahrup1ic,167,ylnex3av,208,mock_N08_N04_Aonly,DiscussionGRPWaitPage,1779832295,17,0,1
ahrup1ic,178,ntlzyvdo,208,mock_N08_N04_Aonly,DiscussionGRPWaitPage,1779832295,17,0,1
ahrup1ic,195,ljv5xutd,208,mock_N08_N04_Aonly,DiscussionGRPWaitPage,1779832295,17,0,1
ahrup1ic,182,fnveui91,208,mock_N08_N04_Aonly,DiscussionGRPWaitPage,1779832295,17,0,1
ahrup1ic,185,t2ye39ti,15,mock_N08_N04_Aonly,AttentionCheck,1779832300,1,0,0
ahrup1ic,167,ylnex3av,213,mock_N08_N04_Aonly,Discussion,1779832301,17,0,0
ahrup1ic,206,y8zgujhp,2,presurvey,AudioCheck,1779832302,1,0,0
ahrup1ic,182,fnveui91,213,mock_N08_N04_Aonly,Discussion,1779832302,17,0,0
ahrup1ic,219,a7lr189v,0,,InitializeParticipant,1779832302,1,0,0
ahrup1ic,214,xgbnitxe,11,presurvey,Scenario,1779832303,1,0,0
ahrup1ic,215,qwv06ex5,4,presurvey,NeighborhoodInstruction,1779832303,1,0,0
ahrup1ic,178,ntlzyvdo,213,mock_N08_N04_Aonly,Discussion,1779832304,17,0,0
ahrup1ic,212,jiuivzpq,10,presurvey,ExperimentInstruction,1779832306,1,0,0
ahrup1ic,195,ljv5xutd,213,mock_N08_N04_Aonly,Discussion,1779832307,17,0,0
ahrup1ic,195,ljv5xutd,220,mock_N08_N04_Aonly,DiscussionGRPWaitPage,1779832308,18,0,1
ahrup1ic,167,ylnex3av,220,mock_N08_N04_Aonly,DiscussionGRPWaitPage,1779832308,18,0,1
ahrup1ic,178,ntlzyvdo,220,mock_N08_N04_Aonly,DiscussionGRPWaitPage,1779832308,18,0,1
ahrup1ic,182,fnveui91,220,mock_N08_N04_Aonly,DiscussionGRPWaitPage,1779832308,18,0,1
ahrup1ic,220,t9v3bg4x,0,,InitializeParticipant,1779832309,1,0,0
ahrup1ic,167,ylnex3av,225,mock_N08_N04_Aonly,Discussion,1779832311,18,0,0
ahrup1ic,178,ntlzyvdo,225,mock_N08_N04_Aonly,Discussion,1779832313,18,0,0
ahrup1ic,221,hctg5gzb,0,,InitializeParticipant,1779832314,1,0,0
ahrup1ic,182,fnveui91,225,mock_N08_N04_Aonly,Discussion,1779832314,18,0,0
ahrup1ic,210,6k8rs2nb,4,presurvey,NeighborhoodInstruction,1779832317,1,0,0
ahrup1ic,221,hctg5gzb,1,presurvey,Introduction,1779832318,1,0,0
ahrup1ic,195,ljv5xutd,225,mock_N08_N04_Aonly,Discussion,1779832319,18,0,0
ahrup1ic,167,ylnex3av,232,mock_N08_N04_Aonly,DiscussionGRPWaitPage,1779832320,19,0,1
ahrup1ic,195,ljv5xutd,232,mock_N08_N04_Aonly,DiscussionGRPWaitPage,1779832320,19,0,1
ahrup1ic,178,ntlzyvdo,232,mock_N08_N04_Aonly,DiscussionGRPWaitPage,1779832320,19,0,1
ahrup1ic,182,fnveui91,232,mock_N08_N04_Aonly,DiscussionGRPWaitPage,1779832320,19,0,1
ahrup1ic,222,zvz8aqou,0,,InitializeParticipant,1779832320,1,0,0
ahrup1ic,213,88ysb9lg,11,presurvey,Scenario,1779832322,1,0,0
ahrup1ic,178,ntlzyvdo,237,mock_N08_N04_Aonly,Discussion,1779832325,19,0,0
ahrup1ic,167,ylnex3av,237,mock_N08_N04_Aonly,Discussion,1779832325,19,0,0
ahrup1ic,182,fnveui91,237,mock_N08_N04_Aonly,Discussion,1779832327,19,0,0
ahrup1ic,206,y8zgujhp,3,presurvey,Demographics,1779832328,1,0,0
ahrup1ic,195,ljv5xutd,237,mock_N08_N04_Aonly,Discussion,1779832330,19,0,0
ahrup1ic,167,ylnex3av,244,mock_N08_N04_Aonly,DiscussionGRPWaitPage,1779832331,20,0,1
ahrup1ic,178,ntlzyvdo,244,mock_N08_N04_Aonly,DiscussionGRPWaitPage,1779832331,20,0,1
ahrup1ic,195,ljv5xutd,244,mock_N08_N04_Aonly,DiscussionGRPWaitPage,1779832331,20,0,1
ahrup1ic,182,fnveui91,244,mock_N08_N04_Aonly,DiscussionGRPWaitPage,1779832331,20,0,1
ahrup1ic,167,ylnex3av,249,mock_N08_N04_Aonly,Discussion,1779832334,20,0,0
ahrup1ic,219,a7lr189v,1,presurvey,Introduction,1779832334,1,0,0
ahrup1ic,178,ntlzyvdo,249,mock_N08_N04_Aonly,Discussion,1779832336,20,0,0
ahrup1ic,221,hctg5gzb,2,presurvey,AudioCheck,1779832337,1,0,0
ahrup1ic,182,fnveui91,249,mock_N08_N04_Aonly,Discussion,1779832337,20,0,0
ahrup1ic,209,po8wur12,6,presurvey,TrainingNeighbor_1,1779832339,1,0,0
ahrup1ic,217,s5ls0zs4,6,presurvey,TrainingNeighbor_1,1779832341,1,0,0
ahrup1ic,213,88ysb9lg,12,presurvey,Commitment,1779832341,1,0,0
ahrup1ic,223,q8i34pf2,0,,InitializeParticipant,1779832342,1,0,0
ahrup1ic,195,ljv5xutd,249,mock_N08_N04_Aonly,Discussion,1779832344,20,0,0
ahrup1ic,209,po8wur12,7,presurvey,TrainingNeighbor_2,1779832344,1,0,0
ahrup1ic,222,zvz8aqou,1,presurvey,Introduction,1779832346,1,0,0
ahrup1ic,218,qindk7e1,2,presurvey,AudioCheck,1779832351,1,0,0
ahrup1ic,188,vt609znj,13,mock_N08_N04_Aonly,GroupingWaitPage,1779832352,1,0,1
ahrup1ic,167,ylnex3av,250,mock_N08_N04_Aonly,Additional,1779832353,20,0,0
ahrup1ic,188,vt609znj,14,mock_N08_N04_Aonly,GroupSizeWaitPage,1779832353,1,0,1
ahrup1ic,221,hctg5gzb,3,presurvey,Demographics,1779832355,1,0,0
ahrup1ic,217,s5ls0zs4,7,presurvey,TrainingNeighbor_2,1779832355,1,0,0
ahrup1ic,215,qwv06ex5,5,presurvey,Training,1779832357,1,0,0
ahrup1ic,214,xgbnitxe,12,presurvey,Commitment,1779832357,1,0,0
ahrup1ic,188,vt609znj,15,mock_N08_N04_Aonly,AttentionCheck,1779832358,1,0,0
ahrup1ic,182,fnveui91,250,mock_N08_N04_Aonly,Additional,1779832361,20,0,0
ahrup1ic,223,q8i34pf2,1,presurvey,Introduction,1779832364,1,0,0
ahrup1ic,219,a7lr189v,2,presurvey,AudioCheck,1779832366,1,0,0
ahrup1ic,217,s5ls0zs4,10,presurvey,ExperimentInstruction,1779832367,1,0,0
ahrup1ic,218,qindk7e1,3,presurvey,Demographics,1779832371,1,0,0
ahrup1ic,212,jiuivzpq,11,presurvey,Scenario,1779832375,1,0,0
ahrup1ic,178,ntlzyvdo,250,mock_N08_N04_Aonly,Additional,1779832380,20,0,0
ahrup1ic,218,qindk7e1,4,presurvey,NeighborhoodInstruction,1779832380,1,0,0
ahrup1ic,221,hctg5gzb,4,presurvey,NeighborhoodInstruction,1779832382,1,0,0
ahrup1ic,219,a7lr189v,3,presurvey,Demographics,1779832386,1,0,0
ahrup1ic,217,s5ls0zs4,11,presurvey,Scenario,1779832394,1,0,0
ahrup1ic,179,q3sx3ozm,13,mock_N08_N04_Aonly,GroupingWaitPage,1779832399,1,0,1
ahrup1ic,209,po8wur12,10,presurvey,ExperimentInstruction,1779832400,1,0,0
ahrup1ic,195,ljv5xutd,250,mock_N08_N04_Aonly,Additional,1779832400,20,0,0
ahrup1ic,223,q8i34pf2,2,presurvey,AudioCheck,1779832400,1,0,0
ahrup1ic,179,q3sx3ozm,14,mock_N08_N04_Aonly,GroupSizeWaitPage,1779832400,1,0,1
ahrup1ic,167,ylnex3av,251,mock_N08_N04_Aonly,FinalRoundWaitPage,1779832401,20,0,1
ahrup1ic,178,ntlzyvdo,251,mock_N08_N04_Aonly,FinalRoundWaitPage,1779832401,20,0,1
ahrup1ic,182,fnveui91,251,mock_N08_N04_Aonly,FinalRoundWaitPage,1779832401,20,0,1
ahrup1ic,195,ljv5xutd,251,mock_N08_N04_Aonly,FinalRoundWaitPage,1779832401,20,0,1
ahrup1ic,219,a7lr189v,4,presurvey,NeighborhoodInstruction,1779832407,1,0,0
ahrup1ic,167,ylnex3av,252,mock_N08_N04_Aonly,FinalRound,1779832409,20,0,0
ahrup1ic,182,fnveui91,252,mock_N08_N04_Aonly,FinalRound,1779832409,20,0,0
ahrup1ic,178,ntlzyvdo,252,mock_N08_N04_Aonly,FinalRound,1779832410,20,0,0
ahrup1ic,221,hctg5gzb,5,presurvey,Training,1779832412,1,0,0
ahrup1ic,215,qwv06ex5,6,presurvey,TrainingNeighbor_1,1779832413,1,0,0
ahrup1ic,179,q3sx3ozm,15,mock_N08_N04_Aonly,AttentionCheck,1779832414,1,0,0
ahrup1ic,222,zvz8aqou,2,presurvey,AudioCheck,1779832416,1,0,0
ahrup1ic,209,po8wur12,11,presurvey,Scenario,1779832421,1,0,0
ahrup1ic,210,6k8rs2nb,5,presurvey,Training,1779832421,1,0,0
ahrup1ic,218,qindk7e1,5,presurvey,Training,1779832422,1,0,0
ahrup1ic,224,xjbd5clm,0,,InitializeParticipant,1779832422,1,0,0
ahrup1ic,224,xjbd5clm,1,presurvey,Introduction,1779832428,1,0,0
ahrup1ic,195,ljv5xutd,252,mock_N08_N04_Aonly,FinalRound,1779832436,20,0,0
ahrup1ic,215,qwv06ex5,7,presurvey,TrainingNeighbor_2,1779832438,1,0,0
ahrup1ic,224,xjbd5clm,2,presurvey,AudioCheck,1779832442,1,0,0
ahrup1ic,223,q8i34pf2,3,presurvey,Demographics,1779832444,1,0,0
ahrup1ic,225,doxsa4r7,0,,InitializeParticipant,1779832445,1,0,0
ahrup1ic,226,w6vka4xj,0,,InitializeParticipant,1779832454,1,0,0
ahrup1ic,219,a7lr189v,5,presurvey,Training,1779832455,1,0,0
ahrup1ic,225,doxsa4r7,1,presurvey,Introduction,1779832455,1,0,0
ahrup1ic,227,rle9xjk4,0,,InitializeParticipant,1779832457,1,0,0
ahrup1ic,224,xjbd5clm,3,presurvey,Demographics,1779832460,1,0,0
ahrup1ic,226,w6vka4xj,1,presurvey,Introduction,1779832461,1,0,0
ahrup1ic,224,xjbd5clm,4,presurvey,NeighborhoodInstruction,1779832464,1,0,0
ahrup1ic,225,doxsa4r7,2,presurvey,AudioCheck,1779832464,1,0,0
ahrup1ic,218,qindk7e1,6,presurvey,TrainingNeighbor_1,1779832466,1,0,0
ahrup1ic,210,6k8rs2nb,6,presurvey,TrainingNeighbor_1,1779832476,1,0,0
ahrup1ic,225,doxsa4r7,3,presurvey,Demographics,1779832477,1,0,0
ahrup1ic,226,w6vka4xj,2,presurvey,AudioCheck,1779832478,1,0,0
ahrup1ic,215,qwv06ex5,10,presurvey,ExperimentInstruction,1779832479,1,0,0
ahrup1ic,218,qindk7e1,10,presurvey,ExperimentInstruction,1779832481,1,0,0
ahrup1ic,228,246yobb9,0,,InitializeParticipant,1779832485,1,0,0
ahrup1ic,228,246yobb9,1,presurvey,Introduction,1779832488,1,0,0
ahrup1ic,223,q8i34pf2,4,presurvey,NeighborhoodInstruction,1779832492,1,0,0
ahrup1ic,225,doxsa4r7,4,presurvey,NeighborhoodInstruction,1779832495,1,0,0
ahrup1ic,228,246yobb9,2,presurvey,AudioCheck,1779832495,1,0,0
ahrup1ic,224,xjbd5clm,5,presurvey,Training,1779832500,1,0,0
ahrup1ic,219,a7lr189v,6,presurvey,TrainingNeighbor_1,1779832501,1,0,0
ahrup1ic,218,qindk7e1,11,presurvey,Scenario,1779832501,1,0,0
ahrup1ic,209,po8wur12,12,presurvey,Commitment,1779832505,1,0,0
ahrup1ic,219,a7lr189v,10,presurvey,ExperimentInstruction,1779832508,1,0,0
ahrup1ic,221,hctg5gzb,6,presurvey,TrainingNeighbor_1,1779832508,1,0,0
ahrup1ic,228,246yobb9,3,presurvey,Demographics,1779832508,1,0,0
ahrup1ic,229,knpefwnk,0,,InitializeParticipant,1779832509,1,0,0
ahrup1ic,226,w6vka4xj,3,presurvey,Demographics,1779832512,1,0,0
ahrup1ic,210,6k8rs2nb,10,presurvey,ExperimentInstruction,1779832516,1,0,0
ahrup1ic,228,246yobb9,4,presurvey,NeighborhoodInstruction,1779832519,1,0,0
ahrup1ic,230,j9ejm414,0,,InitializeParticipant,1779832521,1,0,0
ahrup1ic,225,doxsa4r7,5,presurvey,Training,1779832525,1,0,0
ahrup1ic,228,246yobb9,5,presurvey,Training,1779832526,1,0,0
ahrup1ic,221,hctg5gzb,7,presurvey,TrainingNeighbor_2,1779832526,1,0,0
ahrup1ic,227,rle9xjk4,1,presurvey,Introduction,1779832529,1,0,0
ahrup1ic,230,j9ejm414,1,presurvey,Introduction,1779832530,1,0,0
ahrup1ic,229,knpefwnk,1,presurvey,Introduction,1779832531,1,0,0
ahrup1ic,221,hctg5gzb,10,presurvey,ExperimentInstruction,1779832532,1,0,0
ahrup1ic,228,246yobb9,6,presurvey,TrainingNeighbor_1,1779832538,1,0,0
ahrup1ic,223,q8i34pf2,5,presurvey,Training,1779832541,1,0,0
ahrup1ic,219,a7lr189v,11,presurvey,Scenario,1779832541,1,0,0
ahrup1ic,228,246yobb9,7,presurvey,TrainingNeighbor_2,1779832542,1,0,0
ahrup1ic,228,246yobb9,10,presurvey,ExperimentInstruction,1779832543,1,0,0
ahrup1ic,231,pm4gaa3w,0,,InitializeParticipant,1779832544,1,0,0
ahrup1ic,230,j9ejm414,2,presurvey,AudioCheck,1779832544,1,0,0
ahrup1ic,218,qindk7e1,12,presurvey,Commitment,1779832545,1,0,0
ahrup1ic,231,pm4gaa3w,1,presurvey,Introduction,1779832547,1,0,0
ahrup1ic,220,t9v3bg4x,1,presurvey,Introduction,1779832550,1,0,0
ahrup1ic,225,doxsa4r7,6,presurvey,TrainingNeighbor_1,1779832553,1,0,0
ahrup1ic,228,246yobb9,11,presurvey,Scenario,1779832554,1,0,0
ahrup1ic,231,pm4gaa3w,2,presurvey,AudioCheck,1779832554,1,0,0
ahrup1ic,215,qwv06ex5,11,presurvey,Scenario,1779832555,1,0,0
ahrup1ic,232,xc3yclgf,0,,InitializeParticipant,1779832556,1,0,0
ahrup1ic,229,knpefwnk,2,presurvey,AudioCheck,1779832559,1,0,0
ahrup1ic,227,rle9xjk4,2,presurvey,AudioCheck,1779832560,1,0,0
ahrup1ic,225,doxsa4r7,10,presurvey,ExperimentInstruction,1779832562,1,0,0
ahrup1ic,228,246yobb9,12,presurvey,Commitment,1779832562,1,0,0
ahrup1ic,230,j9ejm414,3,presurvey,Demographics,1779832563,1,0,0
ahrup1ic,210,6k8rs2nb,11,presurvey,Scenario,1779832564,1,0,0
ahrup1ic,221,hctg5gzb,11,presurvey,Scenario,1779832564,1,0,0
ahrup1ic,231,pm4gaa3w,3,presurvey,Demographics,1779832569,1,0,0
ahrup1ic,226,w6vka4xj,4,presurvey,NeighborhoodInstruction,1779832569,1,0,0
ahrup1ic,224,xjbd5clm,6,presurvey,TrainingNeighbor_1,1779832574,1,0,0
ahrup1ic,233,46s8sf2q,0,,InitializeParticipant,1779832575,1,0,0
ahrup1ic,220,t9v3bg4x,2,presurvey,AudioCheck,1779832576,1,0,0
ahrup1ic,224,xjbd5clm,10,presurvey,ExperimentInstruction,1779832577,1,0,0
ahrup1ic,234,5fgxinkt,0,,InitializeParticipant,1779832578,1,0,0
ahrup1ic,235,7k0wptgs,0,,InitializeParticipant,1779832580,1,0,0
ahrup1ic,219,a7lr189v,12,presurvey,Commitment,1779832580,1,0,0
ahrup1ic,234,5fgxinkt,1,presurvey,Introduction,1779832581,1,0,0
ahrup1ic,223,q8i34pf2,6,presurvey,TrainingNeighbor_1,1779832581,1,0,0
ahrup1ic,229,knpefwnk,3,presurvey,Demographics,1779832582,1,0,0
ahrup1ic,231,pm4gaa3w,4,presurvey,NeighborhoodInstruction,1779832583,1,0,0
ahrup1ic,225,doxsa4r7,11,presurvey,Scenario,1779832583,1,0,0
ahrup1ic,233,46s8sf2q,1,presurvey,Introduction,1779832585,1,0,0
ahrup1ic,230,j9ejm414,4,presurvey,NeighborhoodInstruction,1779832588,1,0,0
ahrup1ic,221,hctg5gzb,12,presurvey,Commitment,1779832589,1,0,0
ahrup1ic,220,t9v3bg4x,3,presurvey,Demographics,1779832589,1,0,0
ahrup1ic,235,7k0wptgs,1,presurvey,Introduction,1779832591,1,0,0
ahrup1ic,227,rle9xjk4,3,presurvey,Demographics,1779832593,1,0,0
ahrup1ic,236,f8t4py2t,0,,InitializeParticipant,1779832594,1,0,0
ahrup1ic,232,xc3yclgf,1,presurvey,Introduction,1779832597,1,0,0
ahrup1ic,233,46s8sf2q,2,presurvey,AudioCheck,1779832599,1,0,0
ahrup1ic,224,xjbd5clm,11,presurvey,Scenario,1779832601,1,0,0
ahrup1ic,229,knpefwnk,4,presurvey,NeighborhoodInstruction,1779832603,1,0,0
ahrup1ic,223,q8i34pf2,7,presurvey,TrainingNeighbor_2,1779832604,1,0,0
ahrup1ic,231,pm4gaa3w,5,presurvey,Training,1779832609,1,0,0
ahrup1ic,236,f8t4py2t,1,presurvey,Introduction,1779832613,1,0,0
ahrup1ic,220,t9v3bg4x,4,presurvey,NeighborhoodInstruction,1779832615,1,0,0
ahrup1ic,230,j9ejm414,5,presurvey,Training,1779832621,1,0,0
ahrup1ic,233,46s8sf2q,3,presurvey,Demographics,1779832623,1,0,0
ahrup1ic,224,xjbd5clm,12,presurvey,Commitment,1779832623,1,0,0
ahrup1ic,237,x510jraq,0,,InitializeParticipant,1779832624,1,0,0
ahrup1ic,225,doxsa4r7,12,presurvey,Commitment,1779832625,1,0,0
ahrup1ic,233,46s8sf2q,4,presurvey,NeighborhoodInstruction,1779832627,1,0,0
ahrup1ic,233,46s8sf2q,5,presurvey,Training,1779832631,1,0,0
ahrup1ic,226,w6vka4xj,5,presurvey,Training,1779832633,1,0,0
ahrup1ic,232,xc3yclgf,2,presurvey,AudioCheck,1779832636,1,0,0
ahrup1ic,229,knpefwnk,5,presurvey,Training,1779832640,1,0,0
ahrup1ic,231,pm4gaa3w,6,presurvey,TrainingNeighbor_1,1779832640,1,0,0
ahrup1ic,215,qwv06ex5,12,presurvey,Commitment,1779832642,1,0,0
ahrup1ic,233,46s8sf2q,6,presurvey,TrainingNeighbor_1,1779832643,1,0,0
ahrup1ic,233,46s8sf2q,10,presurvey,ExperimentInstruction,1779832645,1,0,0
ahrup1ic,231,pm4gaa3w,10,presurvey,ExperimentInstruction,1779832645,1,0,0
ahrup1ic,210,6k8rs2nb,12,presurvey,Commitment,1779832652,1,0,0
ahrup1ic,237,x510jraq,1,presurvey,Introduction,1779832653,1,0,0
ahrup1ic,230,j9ejm414,6,presurvey,TrainingNeighbor_1,1779832660,1,0,0
ahrup1ic,231,pm4gaa3w,11,presurvey,Scenario,1779832660,1,0,0
ahrup1ic,197,gwe9kyul,13,mock_N08_N04_Aonly,GroupingWaitPage,1779832664,1,0,1
ahrup1ic,208,sgsq5yyk,13,mock_N08_N04_Aonly,GroupingWaitPage,1779832664,1,0,1
ahrup1ic,214,xgbnitxe,13,mock_N08_N04_Aonly,GroupingWaitPage,1779832664,1,0,1
ahrup1ic,215,qwv06ex5,13,mock_N08_N04_Aonly,GroupingWaitPage,1779832664,1,0,1
ahrup1ic,236,f8t4py2t,2,presurvey,AudioCheck,1779832664,1,0,0
ahrup1ic,197,gwe9kyul,14,mock_N08_N04_Aonly,GroupSizeWaitPage,1779832666,1,0,1
ahrup1ic,208,sgsq5yyk,14,mock_N08_N04_Aonly,GroupSizeWaitPage,1779832666,1,0,1
ahrup1ic,214,xgbnitxe,14,mock_N08_N04_Aonly,GroupSizeWaitPage,1779832666,1,0,1
ahrup1ic,215,qwv06ex5,14,mock_N08_N04_Aonly,GroupSizeWaitPage,1779832666,1,0,1
ahrup1ic,235,7k0wptgs,2,presurvey,AudioCheck,1779832666,1,0,0
ahrup1ic,214,xgbnitxe,16,mock_N08_N04_Aonly,DiscussionGRPWaitPage,1779832666,1,0,1
ahrup1ic,208,sgsq5yyk,16,mock_N08_N04_Aonly,DiscussionGRPWaitPage,1779832666,1,0,1
ahrup1ic,197,gwe9kyul,16,mock_N08_N04_Aonly,DiscussionGRPWaitPage,1779832666,1,0,1
ahrup1ic,215,qwv06ex5,16,mock_N08_N04_Aonly,DiscussionGRPWaitPage,1779832666,1,0,1
ahrup1ic,220,t9v3bg4x,5,presurvey,Training,1779832666,1,0,0
ahrup1ic,230,j9ejm414,10,presurvey,ExperimentInstruction,1779832669,1,0,0
ahrup1ic,215,qwv06ex5,20,mock_N08_N04_Aonly,Phase3,1779832674,1,0,0
ahrup1ic,233,46s8sf2q,11,presurvey,Scenario,1779832674,1,0,0
ahrup1ic,223,q8i34pf2,10,presurvey,ExperimentInstruction,1779832675,1,0,0
ahrup1ic,208,sgsq5yyk,20,mock_N08_N04_Aonly,Phase3,1779832675,1,0,0
ahrup1ic,238,ya9bhcqj,0,,InitializeParticipant,1779832678,1,0,0
ahrup1ic,227,rle9xjk4,4,presurvey,NeighborhoodInstruction,1779832680,1,0,0
ahrup1ic,197,gwe9kyul,20,mock_N08_N04_Aonly,Phase3,1779832680,1,0,0
ahrup1ic,237,x510jraq,2,presurvey,AudioCheck,1779832681,1,0,0
ahrup1ic,236,f8t4py2t,3,presurvey,Demographics,1779832682,1,0,0
ahrup1ic,208,sgsq5yyk,21,mock_N08_N04_Aonly,Discussion,1779832683,1,0,0
ahrup1ic,226,w6vka4xj,6,presurvey,TrainingNeighbor_1,1779832683,1,0,0
ahrup1ic,215,qwv06ex5,21,mock_N08_N04_Aonly,Discussion,1779832687,1,0,0
ahrup1ic,235,7k0wptgs,3,presurvey,Demographics,1779832687,1,0,0
ahrup1ic,214,xgbnitxe,20,mock_N08_N04_Aonly,Phase3,1779832689,1,0,0
ahrup1ic,220,t9v3bg4x,6,presurvey,TrainingNeighbor_1,1779832690,1,0,0
ahrup1ic,236,f8t4py2t,4,presurvey,NeighborhoodInstruction,1779832693,1,0,0
ahrup1ic,231,pm4gaa3w,12,presurvey,Commitment,1779832693,1,0,0
ahrup1ic,223,q8i34pf2,11,presurvey,Scenario,1779832694,1,0,0
ahrup1ic,235,7k0wptgs,4,presurvey,NeighborhoodInstruction,1779832699,1,0,0
ahrup1ic,232,xc3yclgf,3,presurvey,Demographics,1779832699,1,0,0
ahrup1ic,214,xgbnitxe,21,mock_N08_N04_Aonly,Discussion,1779832701,1,0,0
ahrup1ic,220,t9v3bg4x,10,presurvey,ExperimentInstruction,1779832701,1,0,0
ahrup1ic,197,gwe9kyul,21,mock_N08_N04_Aonly,Discussion,1779832702,1,0,0
ahrup1ic,214,xgbnitxe,28,mock_N08_N04_Aonly,DiscussionGRPWaitPage,1779832703,2,0,1
ahrup1ic,208,sgsq5yyk,28,mock_N08_N04_Aonly,DiscussionGRPWaitPage,1779832703,2,0,1
ahrup1ic,197,gwe9kyul,28,mock_N08_N04_Aonly,DiscussionGRPWaitPage,1779832703,2,0,1
ahrup1ic,215,qwv06ex5,28,mock_N08_N04_Aonly,DiscussionGRPWaitPage,1779832703,2,0,1
ahrup1ic,226,w6vka4xj,10,presurvey,ExperimentInstruction,1779832703,1,0,0
ahrup1ic,237,x510jraq,3,presurvey,Demographics,1779832703,1,0,0
ahrup1ic,201,cy7rqae1,13,mock_N08_N04_Aonly,GroupingWaitPage,1779832706,1,0,1
ahrup1ic,239,26b8hd7y,0,,InitializeParticipant,1779832707,1,0,0
ahrup1ic,201,cy7rqae1,14,mock_N08_N04_Aonly,GroupSizeWaitPage,1779832708,1,0,1
ahrup1ic,208,sgsq5yyk,33,mock_N08_N04_Aonly,Discussion,1779832708,2,0,0
ahrup1ic,238,ya9bhcqj,1,presurvey,Introduction,1779832708,1,0,0
ahrup1ic,214,xgbnitxe,33,mock_N08_N04_Aonly,Discussion,1779832710,2,0,0
ahrup1ic,215,qwv06ex5,33,mock_N08_N04_Aonly,Discussion,1779832711,2,0,0
ahrup1ic,201,cy7rqae1,15,mock_N08_N04_Aonly,AttentionCheck,1779832713,1,0,0
ahrup1ic,233,46s8sf2q,12,presurvey,Commitment,1779832715,1,0,0
ahrup1ic,230,j9ejm414,11,presurvey,Scenario,1779832716,1,0,0
ahrup1ic,197,gwe9kyul,33,mock_N08_N04_Aonly,Discussion,1779832720,2,0,0
ahrup1ic,236,f8t4py2t,5,presurvey,Training,1779832721,1,0,0
ahrup1ic,214,xgbnitxe,40,mock_N08_N04_Aonly,DiscussionGRPWaitPage,1779832721,3,0,1
ahrup1ic,208,sgsq5yyk,40,mock_N08_N04_Aonly,DiscussionGRPWaitPage,1779832721,3,0,1
ahrup1ic,197,gwe9kyul,40,mock_N08_N04_Aonly,DiscussionGRPWaitPage,1779832721,3,0,1
ahrup1ic,215,qwv06ex5,40,mock_N08_N04_Aonly,DiscussionGRPWaitPage,1779832721,3,0,1
ahrup1ic,239,26b8hd7y,1,presurvey,Introduction,1779832722,1,0,0
ahrup1ic,232,xc3yclgf,4,presurvey,NeighborhoodInstruction,1779832723,1,0,0
ahrup1ic,208,sgsq5yyk,45,mock_N08_N04_Aonly,Discussion,1779832724,3,0,0
ahrup1ic,229,knpefwnk,6,presurvey,TrainingNeighbor_1,1779832727,1,0,0
ahrup1ic,214,xgbnitxe,45,mock_N08_N04_Aonly,Discussion,1779832728,3,0,0
ahrup1ic,215,qwv06ex5,45,mock_N08_N04_Aonly,Discussion,1779832729,3,0,0
ahrup1ic,240,ayngbi92,0,,InitializeParticipant,1779832729,1,0,0
ahrup1ic,197,gwe9kyul,45,mock_N08_N04_Aonly,Discussion,1779832732,3,0,0
ahrup1ic,208,sgsq5yyk,52,mock_N08_N04_Aonly,DiscussionGRPWaitPage,1779832732,4,0,1
ahrup1ic,197,gwe9kyul,52,mock_N08_N04_Aonly,DiscussionGRPWaitPage,1779832732,4,0,1
ahrup1ic,214,xgbnitxe,52,mock_N08_N04_Aonly,DiscussionGRPWaitPage,1779832732,4,0,1
ahrup1ic,215,qwv06ex5,52,mock_N08_N04_Aonly,DiscussionGRPWaitPage,1779832732,4,0,1
ahrup1ic,238,ya9bhcqj,2,presurvey,AudioCheck,1779832734,1,0,0
ahrup1ic,208,sgsq5yyk,57,mock_N08_N04_Aonly,Discussion,1779832737,4,0,0
ahrup1ic,229,knpefwnk,10,presurvey,ExperimentInstruction,1779832737,1,0,0
ahrup1ic,214,xgbnitxe,57,mock_N08_N04_Aonly,Discussion,1779832737,4,0,0
ahrup1ic,215,qwv06ex5,57,mock_N08_N04_Aonly,Discussion,1779832740,4,0,0
ahrup1ic,237,x510jraq,4,presurvey,NeighborhoodInstruction,1779832740,1,0,0
ahrup1ic,235,7k0wptgs,5,presurvey,Training,1779832740,1,0,0
ahrup1ic,226,w6vka4xj,11,presurvey,Scenario,1779832741,1,0,0
ahrup1ic,239,26b8hd7y,2,presurvey,AudioCheck,1779832744,1,0,0
ahrup1ic,197,gwe9kyul,57,mock_N08_N04_Aonly,Discussion,1779832745,4,0,0
ahrup1ic,214,xgbnitxe,64,mock_N08_N04_Aonly,DiscussionGRPWaitPage,1779832745,5,0,1
ahrup1ic,208,sgsq5yyk,64,mock_N08_N04_Aonly,DiscussionGRPWaitPage,1779832745,5,0,1
ahrup1ic,197,gwe9kyul,64,mock_N08_N04_Aonly,DiscussionGRPWaitPage,1779832745,5,0,1
ahrup1ic,215,qwv06ex5,64,mock_N08_N04_Aonly,DiscussionGRPWaitPage,1779832745,5,0,1
ahrup1ic,208,sgsq5yyk,69,mock_N08_N04_Aonly,Discussion,1779832749,5,0,0
ahrup1ic,214,xgbnitxe,69,mock_N08_N04_Aonly,Discussion,1779832750,5,0,0
ahrup1ic,215,qwv06ex5,69,mock_N08_N04_Aonly,Discussion,1779832751,5,0,0
ahrup1ic,238,ya9bhcqj,3,presurvey,Demographics,1779832752,1,0,0
ahrup1ic,197,gwe9kyul,69,mock_N08_N04_Aonly,Discussion,1779832752,5,0,0
ahrup1ic,214,xgbnitxe,76,mock_N08_N04_Aonly,DiscussionGRPWaitPage,1779832753,6,0,1
ahrup1ic,208,sgsq5yyk,76,mock_N08_N04_Aonly,DiscussionGRPWaitPage,1779832753,6,0,1
ahrup1ic,197,gwe9kyul,76,mock_N08_N04_Aonly,DiscussionGRPWaitPage,1779832753,6,0,1
ahrup1ic,215,qwv06ex5,76,mock_N08_N04_Aonly,DiscussionGRPWaitPage,1779832753,6,0,1
ahrup1ic,236,f8t4py2t,6,presurvey,TrainingNeighbor_1,1779832757,1,0,0
ahrup1ic,208,sgsq5yyk,81,mock_N08_N04_Aonly,Discussion,1779832757,6,0,0
ahrup1ic,215,qwv06ex5,81,mock_N08_N04_Aonly,Discussion,1779832758,6,0,0
ahrup1ic,214,xgbnitxe,81,mock_N08_N04_Aonly,Discussion,1779832758,6,0,0
ahrup1ic,197,gwe9kyul,81,mock_N08_N04_Aonly,Discussion,1779832761,6,0,0
ahrup1ic,197,gwe9kyul,88,mock_N08_N04_Aonly,DiscussionGRPWaitPage,1779832761,7,0,1
ahrup1ic,214,xgbnitxe,88,mock_N08_N04_Aonly,DiscussionGRPWaitPage,1779832761,7,0,1
ahrup1ic,208,sgsq5yyk,88,mock_N08_N04_Aonly,DiscussionGRPWaitPage,1779832761,7,0,1
ahrup1ic,215,qwv06ex5,88,mock_N08_N04_Aonly,DiscussionGRPWaitPage,1779832761,7,0,1
ahrup1ic,241,f4dgpdqm,0,,InitializeParticipant,1779832761,1,0,0
ahrup1ic,227,rle9xjk4,5,presurvey,Training,1779832761,1,0,0
ahrup1ic,235,7k0wptgs,6,presurvey,TrainingNeighbor_1,1779832764,1,0,0
ahrup1ic,242,jazmbpq2,0,,InitializeParticipant,1779832764,1,0,0
ahrup1ic,243,xgcl9xjj,0,,InitializeParticipant,1779832764,1,0,0
ahrup1ic,214,xgbnitxe,93,mock_N08_N04_Aonly,Discussion,1779832766,7,0,0
ahrup1ic,240,ayngbi92,1,presurvey,Introduction,1779832766,1,0,0
ahrup1ic,208,sgsq5yyk,93,mock_N08_N04_Aonly,Discussion,1779832766,7,0,0
ahrup1ic,239,26b8hd7y,3,presurvey,Demographics,1779832766,1,0,0
ahrup1ic,220,t9v3bg4x,11,presurvey,Scenario,1779832766,1,0,0
ahrup1ic,215,qwv06ex5,93,mock_N08_N04_Aonly,Discussion,1779832767,7,0,0
ahrup1ic,235,7k0wptgs,10,presurvey,ExperimentInstruction,1779832769,1,0,0
ahrup1ic,230,j9ejm414,12,presurvey,Commitment,1779832770,1,0,0
ahrup1ic,183,9amgalja,13,mock_N08_N04_Aonly,GroupingWaitPage,1779832770,1,0,1
ahrup1ic,225,doxsa4r7,13,mock_N08_N04_Aonly,GroupingWaitPage,1779832770,1,0,1
ahrup1ic,230,j9ejm414,13,mock_N08_N04_Aonly,GroupingWaitPage,1779832770,1,0,1
ahrup1ic,231,pm4gaa3w,13,mock_N08_N04_Aonly,GroupingWaitPage,1779832770,1,0,1
ahrup1ic,243,xgcl9xjj,1,presurvey,Introduction,1779832770,1,0,0
ahrup1ic,183,9amgalja,14,mock_N08_N04_Aonly,GroupSizeWaitPage,1779832771,1,0,1
ahrup1ic,225,doxsa4r7,14,mock_N08_N04_Aonly,GroupSizeWaitPage,1779832771,1,0,1
ahrup1ic,230,j9ejm414,14,mock_N08_N04_Aonly,GroupSizeWaitPage,1779832771,1,0,1
ahrup1ic,231,pm4gaa3w,14,mock_N08_N04_Aonly,GroupSizeWaitPage,1779832771,1,0,1
ahrup1ic,236,f8t4py2t,7,presurvey,TrainingNeighbor_2,1779832771,1,0,0
ahrup1ic,238,ya9bhcqj,4,presurvey,NeighborhoodInstruction,1779832771,1,0,0
ahrup1ic,183,9amgalja,16,mock_N08_N04_Aonly,DiscussionGRPWaitPage,1779832772,1,0,1
ahrup1ic,225,doxsa4r7,16,mock_N08_N04_Aonly,DiscussionGRPWaitPage,1779832772,1,0,1
ahrup1ic,230,j9ejm414,16,mock_N08_N04_Aonly,DiscussionGRPWaitPage,1779832772,1,0,1
ahrup1ic,231,pm4gaa3w,16,mock_N08_N04_Aonly,DiscussionGRPWaitPage,1779832772,1,0,1
ahrup1ic,242,jazmbpq2,1,presurvey,Introduction,1779832772,1,0,0
ahrup1ic,240,ayngbi92,2,presurvey,AudioCheck,1779832780,1,0,0
ahrup1ic,197,gwe9kyul,93,mock_N08_N04_Aonly,Discussion,1779832781,7,0,0
ahrup1ic,214,xgbnitxe,100,mock_N08_N04_Aonly,DiscussionGRPWaitPage,1779832782,8,0,1
ahrup1ic,208,sgsq5yyk,100,mock_N08_N04_Aonly,DiscussionGRPWaitPage,1779832782,8,0,1
ahrup1ic,197,gwe9kyul,100,mock_N08_N04_Aonly,DiscussionGRPWaitPage,1779832782,8,0,1
ahrup1ic,215,qwv06ex5,100,mock_N08_N04_Aonly,DiscussionGRPWaitPage,1779832782,8,0,1
ahrup1ic,229,knpefwnk,11,presurvey,Scenario,1779832783,1,0,0
ahrup1ic,183,9amgalja,17,mock_N08_N04_Aonly,Nudge,1779832783,1,0,0
ahrup1ic,197,gwe9kyul,105,mock_N08_N04_Aonly,Discussion,1779832786,8,0,0
ahrup1ic,244,g2jwpgx7,0,,InitializeParticipant,1779832786,1,0,0
ahrup1ic,214,xgbnitxe,105,mock_N08_N04_Aonly,Discussion,1779832787,8,0,0
ahrup1ic,208,sgsq5yyk,105,mock_N08_N04_Aonly,Discussion,1779832787,8,0,0
ahrup1ic,245,7qnehbef,0,,InitializeParticipant,1779832787,1,0,0
ahrup1ic,242,jazmbpq2,2,presurvey,AudioCheck,1779832788,1,0,0
ahrup1ic,246,4u3m41bz,0,,InitializeParticipant,1779832788,1,0,0
ahrup1ic,226,w6vka4xj,12,presurvey,Commitment,1779832789,1,0,0
ahrup1ic,215,qwv06ex5,105,mock_N08_N04_Aonly,Discussion,1779832789,8,0,0
ahrup1ic,205,xh060bt9,13,mock_N08_N04_Aonly,GroupingWaitPage,1779832789,1,0,1
ahrup1ic,236,f8t4py2t,10,presurvey,ExperimentInstruction,1779832790,1,0,0
ahrup1ic,214,xgbnitxe,112,mock_N08_N04_Aonly,DiscussionGRPWaitPage,1779832790,9,0,1
ahrup1ic,208,sgsq5yyk,112,mock_N08_N04_Aonly,DiscussionGRPWaitPage,1779832790,9,0,1
ahrup1ic,197,gwe9kyul,112,mock_N08_N04_Aonly,DiscussionGRPWaitPage,1779832790,9,0,1
ahrup1ic,215,qwv06ex5,112,mock_N08_N04_Aonly,DiscussionGRPWaitPage,1779832790,9,0,1
ahrup1ic,225,doxsa4r7,17,mock_N08_N04_Aonly,Nudge,1779832790,1,0,0
ahrup1ic,205,xh060bt9,14,mock_N08_N04_Aonly,GroupSizeWaitPage,1779832790,1,0,1
ahrup1ic,238,ya9bhcqj,5,presurvey,Training,1779832792,1,0,0
ahrup1ic,208,sgsq5yyk,117,mock_N08_N04_Aonly,Discussion,1779832793,9,0,0
ahrup1ic,183,9amgalja,18,mock_N08_N04_Aonly,NudgeTraining,1779832793,1,0,0
ahrup1ic,214,xgbnitxe,117,mock_N08_N04_Aonly,Discussion,1779832794,9,0,0
ahrup1ic,197,gwe9kyul,117,mock_N08_N04_Aonly,Discussion,1779832794,9,0,0
ahrup1ic,205,xh060bt9,15,mock_N08_N04_Aonly,AttentionCheck,1779832794,1,0,0
ahrup1ic,215,qwv06ex5,117,mock_N08_N04_Aonly,Discussion,1779832796,9,0,0
ahrup1ic,244,g2jwpgx7,1,presurvey,Introduction,1779832796,1,0,0
ahrup1ic,237,x510jraq,5,presurvey,Training,1779832796,1,0,0
ahrup1ic,197,gwe9kyul,124,mock_N08_N04_Aonly,DiscussionGRPWaitPage,1779832797,10,0,1
ahrup1ic,214,xgbnitxe,124,mock_N08_N04_Aonly,DiscussionGRPWaitPage,1779832797,10,0,1
ahrup1ic,208,sgsq5yyk,124,mock_N08_N04_Aonly,DiscussionGRPWaitPage,1779832797,10,0,1
ahrup1ic,215,qwv06ex5,124,mock_N08_N04_Aonly,DiscussionGRPWaitPage,1779832797,10,0,1
ahrup1ic,247,j9q7bjbi,0,,InitializeParticipant,1779832797,1,0,0
ahrup1ic,240,ayngbi92,3,presurvey,Demographics,1779832797,1,0,0
ahrup1ic,230,j9ejm414,17,mock_N08_N04_Aonly,Nudge,1779832798,1,0,0
ahrup1ic,242,jazmbpq2,3,presurvey,Demographics,1779832799,1,0,0
ahrup1ic,245,7qnehbef,1,presurvey,Introduction,1779832800,1,0,0
ahrup1ic,214,xgbnitxe,129,mock_N08_N04_Aonly,Discussion,1779832801,10,0,0
ahrup1ic,208,sgsq5yyk,129,mock_N08_N04_Aonly,Discussion,1779832801,10,0,0
ahrup1ic,215,qwv06ex5,129,mock_N08_N04_Aonly,Discussion,1779832801,10,0,0
ahrup1ic,225,doxsa4r7,18,mock_N08_N04_Aonly,NudgeTraining,1779832802,1,0,0
ahrup1ic,242,jazmbpq2,4,presurvey,NeighborhoodInstruction,1779832803,1,0,0
ahrup1ic,183,9amgalja,19,mock_N08_N04_Aonly,NudgeTrainingLast,1779832804,1,0,0
ahrup1ic,235,7k0wptgs,11,presurvey,Scenario,1779832805,1,0,0
ahrup1ic,246,4u3m41bz,1,presurvey,Introduction,1779832805,1,0,0
ahrup1ic,243,xgcl9xjj,2,presurvey,AudioCheck,1779832807,1,0,0
ahrup1ic,225,doxsa4r7,19,mock_N08_N04_Aonly,NudgeTrainingLast,1779832807,1,0,0
ahrup1ic,248,cis568jf,0,,InitializeParticipant,1779832808,1,0,0
ahrup1ic,249,by6bf8fy,0,,InitializeParticipant,1779832808,1,0,0
ahrup1ic,236,f8t4py2t,11,presurvey,Scenario,1779832808,1,0,0
ahrup1ic,231,pm4gaa3w,17,mock_N08_N04_Aonly,Nudge,1779832809,1,0,0
ahrup1ic,240,ayngbi92,4,presurvey,NeighborhoodInstruction,1779832810,1,0,0
ahrup1ic,227,rle9xjk4,6,presurvey,TrainingNeighbor_1,1779832812,1,0,0
ahrup1ic,197,gwe9kyul,129,mock_N08_N04_Aonly,Discussion,1779832814,10,0,0
ahrup1ic,232,xc3yclgf,5,presurvey,Training,1779832814,1,0,0
ahrup1ic,214,xgbnitxe,136,mock_N08_N04_Aonly,DiscussionGRPWaitPage,1779832814,11,0,1
ahrup1ic,208,sgsq5yyk,136,mock_N08_N04_Aonly,DiscussionGRPWaitPage,1779832814,11,0,1
ahrup1ic,197,gwe9kyul,136,mock_N08_N04_Aonly,DiscussionGRPWaitPage,1779832814,11,0,1
ahrup1ic,215,qwv06ex5,136,mock_N08_N04_Aonly,DiscussionGRPWaitPage,1779832814,11,0,1
ahrup1ic,250,v3gmkv1k,0,,InitializeParticipant,1779832814,1,0,0
ahrup1ic,231,pm4gaa3w,18,mock_N08_N04_Aonly,NudgeTraining,1779832815,1,0,0
ahrup1ic,251,d18q33o7,0,,InitializeParticipant,1779832816,1,0,0
ahrup1ic,208,sgsq5yyk,141,mock_N08_N04_Aonly,Discussion,1779832817,11,0,0
ahrup1ic,220,t9v3bg4x,12,presurvey,Commitment,1779832817,1,0,0
ahrup1ic,242,jazmbpq2,5,presurvey,Training,1779832817,1,0,0
ahrup1ic,246,4u3m41bz,2,presurvey,AudioCheck,1779832817,1,0,0
ahrup1ic,215,qwv06ex5,141,mock_N08_N04_Aonly,Discussion,1779832818,11,0,0
ahrup1ic,251,d18q33o7,1,presurvey,Introduction,1779832818,1,0,0
ahrup1ic,183,9amgalja,20,mock_N08_N04_Aonly,Phase3,1779832819,1,0,0
ahrup1ic,247,j9q7bjbi,1,presurvey,Introduction,1779832819,1,0,0
ahrup1ic,214,xgbnitxe,141,mock_N08_N04_Aonly,Discussion,1779832819,11,0,0
ahrup1ic,197,gwe9kyul,141,mock_N08_N04_Aonly,Discussion,1779832819,11,0,0
ahrup1ic,214,xgbnitxe,148,mock_N08_N04_Aonly,DiscussionGRPWaitPage,1779832819,12,0,1
ahrup1ic,208,sgsq5yyk,148,mock_N08_N04_Aonly,DiscussionGRPWaitPage,1779832819,12,0,1
ahrup1ic,197,gwe9kyul,148,mock_N08_N04_Aonly,DiscussionGRPWaitPage,1779832819,12,0,1
ahrup1ic,215,qwv06ex5,148,mock_N08_N04_Aonly,DiscussionGRPWaitPage,1779832819,12,0,1
ahrup1ic,245,7qnehbef,2,presurvey,AudioCheck,1779832819,1,0,0
ahrup1ic,230,j9ejm414,18,mock_N08_N04_Aonly,NudgeTraining,1779832820,1,0,0
ahrup1ic,225,doxsa4r7,20,mock_N08_N04_Aonly,Phase3,1779832820,1,0,0
ahrup1ic,238,ya9bhcqj,6,presurvey,TrainingNeighbor_1,1779832821,1,0,0
ahrup1ic,250,v3gmkv1k,1,presurvey,Introduction,1779832821,1,0,0
ahrup1ic,231,pm4gaa3w,19,mock_N08_N04_Aonly,NudgeTrainingLast,1779832821,1,0,0
ahrup1ic,208,sgsq5yyk,153,mock_N08_N04_Aonly,Discussion,1779832822,12,0,0
ahrup1ic,248,cis568jf,1,presurvey,Introduction,1779832822,1,0,0
ahrup1ic,215,qwv06ex5,153,mock_N08_N04_Aonly,Discussion,1779832823,12,0,0
ahrup1ic,214,xgbnitxe,153,mock_N08_N04_Aonly,Discussion,1779832823,12,0,0
ahrup1ic,197,gwe9kyul,153,mock_N08_N04_Aonly,Discussion,1779832824,12,0,0
ahrup1ic,244,g2jwpgx7,2,presurvey,AudioCheck,1779832824,1,0,0
ahrup1ic,197,gwe9kyul,160,mock_N08_N04_Aonly,DiscussionGRPWaitPage,1779832825,13,0,1
ahrup1ic,214,xgbnitxe,160,mock_N08_N04_Aonly,DiscussionGRPWaitPage,1779832825,13,0,1
ahrup1ic,208,sgsq5yyk,160,mock_N08_N04_Aonly,DiscussionGRPWaitPage,1779832825,13,0,1
ahrup1ic,215,qwv06ex5,160,mock_N08_N04_Aonly,DiscussionGRPWaitPage,1779832825,13,0,1
ahrup1ic,239,26b8hd7y,4,presurvey,NeighborhoodInstruction,1779832825,1,0,0
ahrup1ic,243,xgcl9xjj,3,presurvey,Demographics,1779832825,1,0,0
ahrup1ic,227,rle9xjk4,7,presurvey,TrainingNeighbor_2,1779832825,1,0,0
ahrup1ic,249,by6bf8fy,1,presurvey,Introduction,1779832827,1,0,0
ahrup1ic,208,sgsq5yyk,165,mock_N08_N04_Aonly,Discussion,1779832827,13,0,0
ahrup1ic,238,ya9bhcqj,10,presurvey,ExperimentInstruction,1779832828,1,0,0
ahrup1ic,214,xgbnitxe,165,mock_N08_N04_Aonly,Discussion,1779832828,13,0,0
ahrup1ic,197,gwe9kyul,165,mock_N08_N04_Aonly,Discussion,1779832828,13,0,0
ahrup1ic,215,qwv06ex5,165,mock_N08_N04_Aonly,Discussion,1779832829,13,0,0
ahrup1ic,214,xgbnitxe,172,mock_N08_N04_Aonly,DiscussionGRPWaitPage,1779832829,14,0,1
ahrup1ic,208,sgsq5yyk,172,mock_N08_N04_Aonly,DiscussionGRPWaitPage,1779832829,14,0,1
ahrup1ic,197,gwe9kyul,172,mock_N08_N04_Aonly,DiscussionGRPWaitPage,1779832829,14,0,1
ahrup1ic,215,qwv06ex5,172,mock_N08_N04_Aonly,DiscussionGRPWaitPage,1779832829,14,0,1
ahrup1ic,225,doxsa4r7,21,mock_N08_N04_Aonly,Discussion,1779832830,1,0,0
ahrup1ic,252,t4l3cdbn,0,,InitializeParticipant,1779832831,1,0,0
ahrup1ic,208,sgsq5yyk,177,mock_N08_N04_Aonly,Discussion,1779832832,14,0,0
ahrup1ic,214,xgbnitxe,177,mock_N08_N04_Aonly,Discussion,1779832832,14,0,0
ahrup1ic,197,gwe9kyul,177,mock_N08_N04_Aonly,Discussion,1779832832,14,0,0
ahrup1ic,215,qwv06ex5,177,mock_N08_N04_Aonly,Discussion,1779832833,14,0,0
ahrup1ic,214,xgbnitxe,184,mock_N08_N04_Aonly,DiscussionGRPWaitPage,1779832833,15,0,1
ahrup1ic,208,sgsq5yyk,184,mock_N08_N04_Aonly,DiscussionGRPWaitPage,1779832833,15,0,1
ahrup1ic,197,gwe9kyul,184,mock_N08_N04_Aonly,DiscussionGRPWaitPage,1779832833,15,0,1
ahrup1ic,215,qwv06ex5,184,mock_N08_N04_Aonly,DiscussionGRPWaitPage,1779832833,15,0,1
ahrup1ic,183,9amgalja,21,mock_N08_N04_Aonly,Discussion,1779832833,1,0,0
ahrup1ic,251,d18q33o7,2,presurvey,AudioCheck,1779832833,1,0,0
ahrup1ic,248,cis568jf,2,presurvey,AudioCheck,1779832833,1,0,0
ahrup1ic,230,j9ejm414,19,mock_N08_N04_Aonly,NudgeTrainingLast,1779832835,1,0,0
ahrup1ic,244,g2jwpgx7,3,presurvey,Demographics,1779832835,1,0,0
ahrup1ic,208,sgsq5yyk,189,mock_N08_N04_Aonly,Discussion,1779832835,15,0,0
ahrup1ic,197,gwe9kyul,189,mock_N08_N04_Aonly,Discussion,1779832836,15,0,0
ahrup1ic,214,xgbnitxe,189,mock_N08_N04_Aonly,Discussion,1779832836,15,0,0
ahrup1ic,246,4u3m41bz,3,presurvey,Demographics,1779832836,1,0,0
ahrup1ic,215,qwv06ex5,189,mock_N08_N04_Aonly,Discussion,1779832837,15,0,0
ahrup1ic,227,rle9xjk4,8,presurvey,AttentionCheck,1779832837,1,0,0
ahrup1ic,208,sgsq5yyk,196,mock_N08_N04_Aonly,DiscussionGRPWaitPage,1779832837,16,0,1
ahrup1ic,214,xgbnitxe,196,mock_N08_N04_Aonly,DiscussionGRPWaitPage,1779832837,16,0,1
ahrup1ic,197,gwe9kyul,196,mock_N08_N04_Aonly,DiscussionGRPWaitPage,1779832837,16,0,1
ahrup1ic,215,qwv06ex5,196,mock_N08_N04_Aonly,DiscussionGRPWaitPage,1779832837,16,0,1
ahrup1ic,250,v3gmkv1k,2,presurvey,AudioCheck,1779832839,1,0,0
ahrup1ic,240,ayngbi92,5,presurvey,Training,1779832839,1,0,0
ahrup1ic,208,sgsq5yyk,201,mock_N08_N04_Aonly,Discussion,1779832839,16,0,0
ahrup1ic,242,jazmbpq2,6,presurvey,TrainingNeighbor_1,1779832840,1,0,0
ahrup1ic,214,xgbnitxe,201,mock_N08_N04_Aonly,Discussion,1779832841,16,0,0
ahrup1ic,215,qwv06ex5,201,mock_N08_N04_Aonly,Discussion,1779832841,16,0,0
ahrup1ic,197,gwe9kyul,201,mock_N08_N04_Aonly,Discussion,1779832842,16,0,0
ahrup1ic,214,xgbnitxe,208,mock_N08_N04_Aonly,DiscussionGRPWaitPage,1779832842,17,0,1
ahrup1ic,208,sgsq5yyk,208,mock_N08_N04_Aonly,DiscussionGRPWaitPage,1779832842,17,0,1
ahrup1ic,197,gwe9kyul,208,mock_N08_N04_Aonly,DiscussionGRPWaitPage,1779832842,17,0,1
ahrup1ic,215,qwv06ex5,208,mock_N08_N04_Aonly,DiscussionGRPWaitPage,1779832842,17,0,1
ahrup1ic,231,pm4gaa3w,20,mock_N08_N04_Aonly,Phase3,1779832843,1,0,0
ahrup1ic,235,7k0wptgs,12,presurvey,Commitment,1779832845,1,0,0
ahrup1ic,208,sgsq5yyk,213,mock_N08_N04_Aonly,Discussion,1779832845,17,0,0
ahrup1ic,251,d18q33o7,3,presurvey,Demographics,1779832845,1,0,0
ahrup1ic,242,jazmbpq2,7,presurvey,TrainingNeighbor_2,1779832845,1,0,0
ahrup1ic,246,4u3m41bz,4,presurvey,NeighborhoodInstruction,1779832846,1,0,0
ahrup1ic,197,gwe9kyul,213,mock_N08_N04_Aonly,Discussion,1779832846,17,0,0
ahrup1ic,214,xgbnitxe,213,mock_N08_N04_Aonly,Discussion,1779832846,17,0,0
ahrup1ic,215,qwv06ex5,213,mock_N08_N04_Aonly,Discussion,1779832846,17,0,0
ahrup1ic,214,xgbnitxe,220,mock_N08_N04_Aonly,DiscussionGRPWaitPage,1779832847,18,0,1
ahrup1ic,208,sgsq5yyk,220,mock_N08_N04_Aonly,DiscussionGRPWaitPage,1779832847,18,0,1
ahrup1ic,197,gwe9kyul,220,mock_N08_N04_Aonly,DiscussionGRPWaitPage,1779832847,18,0,1
ahrup1ic,215,qwv06ex5,220,mock_N08_N04_Aonly,DiscussionGRPWaitPage,1779832847,18,0,1
ahrup1ic,231,pm4gaa3w,21,mock_N08_N04_Aonly,Discussion,1779832849,1,0,0
ahrup1ic,251,d18q33o7,4,presurvey,NeighborhoodInstruction,1779832849,1,0,0
ahrup1ic,208,sgsq5yyk,225,mock_N08_N04_Aonly,Discussion,1779832849,18,0,0
ahrup1ic,197,gwe9kyul,225,mock_N08_N04_Aonly,Discussion,1779832850,18,0,0
ahrup1ic,214,xgbnitxe,225,mock_N08_N04_Aonly,Discussion,1779832850,18,0,0
ahrup1ic,215,qwv06ex5,225,mock_N08_N04_Aonly,Discussion,1779832850,18,0,0
ahrup1ic,214,xgbnitxe,232,mock_N08_N04_Aonly,DiscussionGRPWaitPage,1779832851,19,0,1
ahrup1ic,208,sgsq5yyk,232,mock_N08_N04_Aonly,DiscussionGRPWaitPage,1779832851,19,0,1
ahrup1ic,197,gwe9kyul,232,mock_N08_N04_Aonly,DiscussionGRPWaitPage,1779832851,19,0,1
ahrup1ic,215,qwv06ex5,232,mock_N08_N04_Aonly,DiscussionGRPWaitPage,1779832851,19,0,1
ahrup1ic,242,jazmbpq2,10,presurvey,ExperimentInstruction,1779832852,1,0,0
ahrup1ic,208,sgsq5yyk,237,mock_N08_N04_Aonly,Discussion,1779832853,19,0,0
ahrup1ic,245,7qnehbef,3,presurvey,Demographics,1779832853,1,0,0
ahrup1ic,214,xgbnitxe,237,mock_N08_N04_Aonly,Discussion,1779832855,19,0,0
ahrup1ic,252,t4l3cdbn,1,presurvey,Introduction,1779832856,1,0,0
ahrup1ic,197,gwe9kyul,237,mock_N08_N04_Aonly,Discussion,1779832856,19,0,0
ahrup1ic,215,qwv06ex5,237,mock_N08_N04_Aonly,Discussion,1779832856,19,0,0
ahrup1ic,238,ya9bhcqj,11,presurvey,Scenario,1779832856,1,0,0
ahrup1ic,214,xgbnitxe,244,mock_N08_N04_Aonly,DiscussionGRPWaitPage,1779832856,20,0,1
ahrup1ic,208,sgsq5yyk,244,mock_N08_N04_Aonly,DiscussionGRPWaitPage,1779832856,20,0,1
ahrup1ic,197,gwe9kyul,244,mock_N08_N04_Aonly,DiscussionGRPWaitPage,1779832856,20,0,1
ahrup1ic,215,qwv06ex5,244,mock_N08_N04_Aonly,DiscussionGRPWaitPage,1779832856,20,0,1
ahrup1ic,236,f8t4py2t,12,presurvey,Commitment,1779832858,1,0,0
ahrup1ic,245,7qnehbef,4,presurvey,NeighborhoodInstruction,1779832859,1,0,0
ahrup1ic,208,sgsq5yyk,249,mock_N08_N04_Aonly,Discussion,1779832859,20,0,0
ahrup1ic,247,j9q7bjbi,2,presurvey,AudioCheck,1779832859,1,0,0
ahrup1ic,251,d18q33o7,5,presurvey,Training,1779832860,1,0,0
ahrup1ic,206,y8zgujhp,4,presurvey,NeighborhoodInstruction,1779832860,1,0,0
ahrup1ic,230,j9ejm414,20,mock_N08_N04_Aonly,Phase3,1779832860,1,0,0
ahrup1ic,243,xgcl9xjj,4,presurvey,NeighborhoodInstruction,1779832861,1,0,0
ahrup1ic,215,qwv06ex5,249,mock_N08_N04_Aonly,Discussion,1779832862,20,0,0
ahrup1ic,214,xgbnitxe,249,mock_N08_N04_Aonly,Discussion,1779832862,20,0,0
ahrup1ic,197,gwe9kyul,249,mock_N08_N04_Aonly,Discussion,1779832862,20,0,0
ahrup1ic,237,x510jraq,6,presurvey,TrainingNeighbor_1,1779832862,1,0,0
ahrup1ic,244,g2jwpgx7,4,presurvey,NeighborhoodInstruction,1779832862,1,0,0
ahrup1ic,242,jazmbpq2,11,presurvey,Scenario,1779832866,1,0,0
ahrup1ic,229,knpefwnk,12,presurvey,Commitment,1779832866,1,0,0
ahrup1ic,237,x510jraq,10,presurvey,ExperimentInstruction,1779832873,1,0,0
ahrup1ic,248,cis568jf,3,presurvey,Demographics,1779832875,1,0,0
ahrup1ic,246,4u3m41bz,5,presurvey,Training,1779832876,1,0,0
ahrup1ic,230,j9ejm414,21,mock_N08_N04_Aonly,Discussion,1779832876,1,0,0
ahrup1ic,230,j9ejm414,28,mock_N08_N04_Aonly,DiscussionGRPWaitPage,1779832876,2,0,1
ahrup1ic,225,doxsa4r7,28,mock_N08_N04_Aonly,DiscussionGRPWaitPage,1779832876,2,0,1
ahrup1ic,183,9amgalja,28,mock_N08_N04_Aonly,DiscussionGRPWaitPage,1779832876,2,0,1
ahrup1ic,231,pm4gaa3w,28,mock_N08_N04_Aonly,DiscussionGRPWaitPage,1779832876,2,0,1
ahrup1ic,208,sgsq5yyk,250,mock_N08_N04_Aonly,Additional,1779832877,20,0,0
ahrup1ic,240,ayngbi92,6,presurvey,TrainingNeighbor_1,1779832878,1,0,0
ahrup1ic,247,j9q7bjbi,3,presurvey,Demographics,1779832879,1,0,0
ahrup1ic,214,xgbnitxe,250,mock_N08_N04_Aonly,Additional,1779832881,20,0,0
ahrup1ic,183,9amgalja,33,mock_N08_N04_Aonly,Discussion,1779832882,2,0,0
ahrup1ic,251,d18q33o7,6,presurvey,TrainingNeighbor_1,1779832883,1,0,0
ahrup1ic,225,doxsa4r7,33,mock_N08_N04_Aonly,Discussion,1779832884,2,0,0
ahrup1ic,250,v3gmkv1k,3,presurvey,Demographics,1779832884,1,0,0
ahrup1ic,239,26b8hd7y,5,presurvey,Training,1779832885,1,0,0
ahrup1ic,230,j9ejm414,33,mock_N08_N04_Aonly,Discussion,1779832886,2,0,0
ahrup1ic,203,nm2osfms,13,mock_N08_N04_Aonly,GroupingWaitPage,1779832887,1,0,1
ahrup1ic,238,ya9bhcqj,12,presurvey,Commitment,1779832887,1,0,0
ahrup1ic,197,gwe9kyul,250,mock_N08_N04_Aonly,Additional,1779832887,20,0,0
ahrup1ic,251,d18q33o7,7,presurvey,TrainingNeighbor_2,1779832888,1,0,0
ahrup1ic,248,cis568jf,4,presurvey,NeighborhoodInstruction,1779832888,1,0,0
ahrup1ic,203,nm2osfms,14,mock_N08_N04_Aonly,GroupSizeWaitPage,1779832888,1,0,1
ahrup1ic,227,rle9xjk4,9,presurvey,TrainingNeighbor_3,1779832889,1,0,0
ahrup1ic,245,7qnehbef,5,presurvey,Training,1779832894,1,0,0
ahrup1ic,251,d18q33o7,10,presurvey,ExperimentInstruction,1779832894,1,0,0
ahrup1ic,241,f4dgpdqm,1,presurvey,Introduction,1779832894,1,0,0
ahrup1ic,240,ayngbi92,7,presurvey,TrainingNeighbor_2,1779832894,1,0,0
ahrup1ic,231,pm4gaa3w,33,mock_N08_N04_Aonly,Discussion,1779832894,2,0,0
ahrup1ic,230,j9ejm414,40,mock_N08_N04_Aonly,DiscussionGRPWaitPage,1779832895,3,0,1
ahrup1ic,225,doxsa4r7,40,mock_N08_N04_Aonly,DiscussionGRPWaitPage,1779832895,3,0,1
ahrup1ic,183,9amgalja,40,mock_N08_N04_Aonly,DiscussionGRPWaitPage,1779832895,3,0,1
ahrup1ic,231,pm4gaa3w,40,mock_N08_N04_Aonly,DiscussionGRPWaitPage,1779832895,3,0,1
ahrup1ic,244,g2jwpgx7,5,presurvey,Training,1779832895,1,0,0
ahrup1ic,249,by6bf8fy,2,presurvey,AudioCheck,1779832895,1,0,0
ahrup1ic,242,jazmbpq2,12,presurvey,Commitment,1779832901,1,0,0
ahrup1ic,225,doxsa4r7,45,mock_N08_N04_Aonly,Discussion,1779832901,3,0,0
ahrup1ic,246,4u3m41bz,6,presurvey,TrainingNeighbor_1,1779832901,1,0,0
ahrup1ic,231,pm4gaa3w,45,mock_N08_N04_Aonly,Discussion,1779832901,3,0,0
ahrup1ic,215,qwv06ex5,250,mock_N08_N04_Aonly,Additional,1779832901,20,0,0
ahrup1ic,252,t4l3cdbn,2,presurvey,AudioCheck,1779832901,1,0,0
ahrup1ic,214,xgbnitxe,251,mock_N08_N04_Aonly,FinalRoundWaitPage,1779832901,20,0,1
ahrup1ic,197,gwe9kyul,251,mock_N08_N04_Aonly,FinalRoundWaitPage,1779832901,20,0,1
ahrup1ic,215,qwv06ex5,251,mock_N08_N04_Aonly,FinalRoundWaitPage,1779832901,20,0,1
ahrup1ic,208,sgsq5yyk,251,mock_N08_N04_Aonly,FinalRoundWaitPage,1779832901,20,0,1
ahrup1ic,203,nm2osfms,15,mock_N08_N04_Aonly,AttentionCheck,1779832902,1,0,0
ahrup1ic,250,v3gmkv1k,4,presurvey,NeighborhoodInstruction,1779832904,1,0,0
ahrup1ic,230,j9ejm414,45,mock_N08_N04_Aonly,Discussion,1779832904,3,0,0
ahrup1ic,183,9amgalja,45,mock_N08_N04_Aonly,Discussion,1779832905,3,0,0
ahrup1ic,240,ayngbi92,10,presurvey,ExperimentInstruction,1779832905,1,0,0
ahrup1ic,183,9amgalja,52,mock_N08_N04_Aonly,DiscussionGRPWaitPage,1779832905,4,0,1
ahrup1ic,231,pm4gaa3w,52,mock_N08_N04_Aonly,DiscussionGRPWaitPage,1779832905,4,0,1
ahrup1ic,230,j9ejm414,52,mock_N08_N04_Aonly,DiscussionGRPWaitPage,1779832905,4,0,1
ahrup1ic,225,doxsa4r7,52,mock_N08_N04_Aonly,DiscussionGRPWaitPage,1779832905,4,0,1
ahrup1ic,251,d18q33o7,11,presurvey,Scenario,1779832905,1,0,0
ahrup1ic,247,j9q7bjbi,4,presurvey,NeighborhoodInstruction,1779832907,1,0,0
ahrup1ic,243,xgcl9xjj,5,presurvey,Training,1779832907,1,0,0
ahrup1ic,231,pm4gaa3w,57,mock_N08_N04_Aonly,Discussion,1779832909,4,0,0
ahrup1ic,214,xgbnitxe,252,mock_N08_N04_Aonly,FinalRound,1779832910,20,0,0
ahrup1ic,215,qwv06ex5,252,mock_N08_N04_Aonly,FinalRound,1779832910,20,0,0
ahrup1ic,230,j9ejm414,57,mock_N08_N04_Aonly,Discussion,1779832910,4,0,0
ahrup1ic,248,cis568jf,5,presurvey,Training,1779832910,1,0,0
ahrup1ic,208,sgsq5yyk,252,mock_N08_N04_Aonly,FinalRound,1779832911,20,0,0
ahrup1ic,183,9amgalja,57,mock_N08_N04_Aonly,Discussion,1779832911,4,0,0
ahrup1ic,197,gwe9kyul,252,mock_N08_N04_Aonly,FinalRound,1779832912,20,0,0
ahrup1ic,225,doxsa4r7,57,mock_N08_N04_Aonly,Discussion,1779832912,4,0,0
ahrup1ic,230,j9ejm414,64,mock_N08_N04_Aonly,DiscussionGRPWaitPage,1779832913,5,0,1
ahrup1ic,225,doxsa4r7,64,mock_N08_N04_Aonly,DiscussionGRPWaitPage,1779832913,5,0,1
ahrup1ic,183,9amgalja,64,mock_N08_N04_Aonly,DiscussionGRPWaitPage,1779832913,5,0,1
ahrup1ic,231,pm4gaa3w,64,mock_N08_N04_Aonly,DiscussionGRPWaitPage,1779832913,5,0,1
ahrup1ic,225,doxsa4r7,69,mock_N08_N04_Aonly,Discussion,1779832914,5,0,0
ahrup1ic,231,pm4gaa3w,69,mock_N08_N04_Aonly,Discussion,1779832916,5,0,0
ahrup1ic,241,f4dgpdqm,2,presurvey,AudioCheck,1779832917,1,0,0
ahrup1ic,183,9amgalja,69,mock_N08_N04_Aonly,Discussion,1779832918,5,0,0
ahrup1ic,230,j9ejm414,69,mock_N08_N04_Aonly,Discussion,1779832918,5,0,0
ahrup1ic,230,j9ejm414,76,mock_N08_N04_Aonly,DiscussionGRPWaitPage,1779832918,6,0,1
ahrup1ic,225,doxsa4r7,76,mock_N08_N04_Aonly,DiscussionGRPWaitPage,1779832918,6,0,1
ahrup1ic,183,9amgalja,76,mock_N08_N04_Aonly,DiscussionGRPWaitPage,1779832918,6,0,1
ahrup1ic,231,pm4gaa3w,76,mock_N08_N04_Aonly,DiscussionGRPWaitPage,1779832918,6,0,1
ahrup1ic,183,9amgalja,81,mock_N08_N04_Aonly,Discussion,1779832922,6,0,0
ahrup1ic,251,d18q33o7,12,presurvey,Commitment,1779832923,1,0,0
ahrup1ic,246,4u3m41bz,10,presurvey,ExperimentInstruction,1779832923,1,0,0
ahrup1ic,231,pm4gaa3w,81,mock_N08_N04_Aonly,Discussion,1779832926,6,0,0
ahrup1ic,225,doxsa4r7,81,mock_N08_N04_Aonly,Discussion,1779832926,6,0,0
ahrup1ic,230,j9ejm414,81,mock_N08_N04_Aonly,Discussion,1779832926,6,0,0
ahrup1ic,183,9amgalja,88,mock_N08_N04_Aonly,DiscussionGRPWaitPage,1779832926,7,0,1
ahrup1ic,230,j9ejm414,88,mock_N08_N04_Aonly,DiscussionGRPWaitPage,1779832926,7,0,1
ahrup1ic,225,doxsa4r7,88,mock_N08_N04_Aonly,DiscussionGRPWaitPage,1779832926,7,0,1
ahrup1ic,231,pm4gaa3w,88,mock_N08_N04_Aonly,DiscussionGRPWaitPage,1779832926,7,0,1
ahrup1ic,225,doxsa4r7,93,mock_N08_N04_Aonly,Discussion,1779832928,7,0,0
ahrup1ic,240,ayngbi92,11,presurvey,Scenario,1779832930,1,0,0
ahrup1ic,231,pm4gaa3w,93,mock_N08_N04_Aonly,Discussion,1779832930,7,0,0
ahrup1ic,248,cis568jf,6,presurvey,TrainingNeighbor_1,1779832931,1,0,0
ahrup1ic,183,9amgalja,93,mock_N08_N04_Aonly,Discussion,1779832931,7,0,0
ahrup1ic,230,j9ejm414,93,mock_N08_N04_Aonly,Discussion,1779832934,7,0,0
ahrup1ic,230,j9ejm414,100,mock_N08_N04_Aonly,DiscussionGRPWaitPage,1779832934,8,0,1
ahrup1ic,225,doxsa4r7,100,mock_N08_N04_Aonly,DiscussionGRPWaitPage,1779832934,8,0,1
ahrup1ic,183,9amgalja,100,mock_N08_N04_Aonly,DiscussionGRPWaitPage,1779832934,8,0,1
ahrup1ic,231,pm4gaa3w,100,mock_N08_N04_Aonly,DiscussionGRPWaitPage,1779832934,8,0,1
ahrup1ic,245,7qnehbef,6,presurvey,TrainingNeighbor_1,1779832935,1,0,0
ahrup1ic,252,t4l3cdbn,3,presurvey,Demographics,1779832935,1,0,0
ahrup1ic,183,9amgalja,105,mock_N08_N04_Aonly,Discussion,1779832938,8,0,0
ahrup1ic,248,cis568jf,7,presurvey,TrainingNeighbor_2,1779832938,1,0,0
ahrup1ic,225,doxsa4r7,105,mock_N08_N04_Aonly,Discussion,1779832938,8,0,0
ahrup1ic,231,pm4gaa3w,105,mock_N08_N04_Aonly,Discussion,1779832939,8,0,0
ahrup1ic,244,g2jwpgx7,6,presurvey,TrainingNeighbor_1,1779832940,1,0,0
ahrup1ic,253,89atr7m5,0,,InitializeParticipant,1779832940,1,0,0
ahrup1ic,248,cis568jf,10,presurvey,ExperimentInstruction,1779832942,1,0,0
ahrup1ic,245,7qnehbef,10,presurvey,ExperimentInstruction,1779832943,1,0,0
ahrup1ic,230,j9ejm414,105,mock_N08_N04_Aonly,Discussion,1779832943,8,0,0
ahrup1ic,230,j9ejm414,112,mock_N08_N04_Aonly,DiscussionGRPWaitPage,1779832944,9,0,1
ahrup1ic,225,doxsa4r7,112,mock_N08_N04_Aonly,DiscussionGRPWaitPage,1779832944,9,0,1
ahrup1ic,183,9amgalja,112,mock_N08_N04_Aonly,DiscussionGRPWaitPage,1779832944,9,0,1
ahrup1ic,231,pm4gaa3w,112,mock_N08_N04_Aonly,DiscussionGRPWaitPage,1779832944,9,0,1
ahrup1ic,253,89atr7m5,1,presurvey,Introduction,1779832944,1,0,0
ahrup1ic,244,g2jwpgx7,10,presurvey,ExperimentInstruction,1779832944,1,0,0
ahrup1ic,246,4u3m41bz,11,presurvey,Scenario,1779832944,1,0,0
ahrup1ic,243,xgcl9xjj,6,presurvey,TrainingNeighbor_1,1779832945,1,0,0
ahrup1ic,254,swjaf92f,0,,InitializeParticipant,1779832946,1,0,0
ahrup1ic,239,26b8hd7y,6,presurvey,TrainingNeighbor_1,1779832947,1,0,0
ahrup1ic,183,9amgalja,117,mock_N08_N04_Aonly,Discussion,1779832947,9,0,0
ahrup1ic,231,pm4gaa3w,117,mock_N08_N04_Aonly,Discussion,1779832948,9,0,0
ahrup1ic,230,j9ejm414,117,mock_N08_N04_Aonly,Discussion,1779832948,9,0,0
ahrup1ic,225,doxsa4r7,117,mock_N08_N04_Aonly,Discussion,1779832948,9,0,0
ahrup1ic,183,9amgalja,124,mock_N08_N04_Aonly,DiscussionGRPWaitPage,1779832949,10,0,1
ahrup1ic,230,j9ejm414,124,mock_N08_N04_Aonly,DiscussionGRPWaitPage,1779832949,10,0,1
ahrup1ic,225,doxsa4r7,124,mock_N08_N04_Aonly,DiscussionGRPWaitPage,1779832949,10,0,1
ahrup1ic,231,pm4gaa3w,124,mock_N08_N04_Aonly,DiscussionGRPWaitPage,1779832949,10,0,1
ahrup1ic,247,j9q7bjbi,5,presurvey,Training,1779832949,1,0,0
ahrup1ic,232,xc3yclgf,6,presurvey,TrainingNeighbor_1,1779832950,1,0,0
ahrup1ic,225,doxsa4r7,129,mock_N08_N04_Aonly,Discussion,1779832951,10,0,0
ahrup1ic,231,pm4gaa3w,129,mock_N08_N04_Aonly,Discussion,1779832952,10,0,0
ahrup1ic,183,9amgalja,129,mock_N08_N04_Aonly,Discussion,1779832953,10,0,0
ahrup1ic,254,swjaf92f,1,presurvey,Introduction,1779832955,1,0,0
ahrup1ic,230,j9ejm414,129,mock_N08_N04_Aonly,Discussion,1779832956,10,0,0
ahrup1ic,243,xgcl9xjj,7,presurvey,TrainingNeighbor_2,1779832956,1,0,0
ahrup1ic,230,j9ejm414,136,mock_N08_N04_Aonly,DiscussionGRPWaitPage,1779832956,11,0,1
ahrup1ic,225,doxsa4r7,136,mock_N08_N04_Aonly,DiscussionGRPWaitPage,1779832956,11,0,1
ahrup1ic,183,9amgalja,136,mock_N08_N04_Aonly,DiscussionGRPWaitPage,1779832956,11,0,1
ahrup1ic,231,pm4gaa3w,136,mock_N08_N04_Aonly,DiscussionGRPWaitPage,1779832956,11,0,1
ahrup1ic,231,pm4gaa3w,141,mock_N08_N04_Aonly,Discussion,1779832958,11,0,0
ahrup1ic,230,j9ejm414,141,mock_N08_N04_Aonly,Discussion,1779832958,11,0,0
ahrup1ic,245,7qnehbef,11,presurvey,Scenario,1779832959,1,0,0
ahrup1ic,225,doxsa4r7,141,mock_N08_N04_Aonly,Discussion,1779832959,11,0,0
ahrup1ic,183,9amgalja,141,mock_N08_N04_Aonly,Discussion,1779832961,11,0,0
ahrup1ic,230,j9ejm414,148,mock_N08_N04_Aonly,DiscussionGRPWaitPage,1779832961,12,0,1
ahrup1ic,225,doxsa4r7,148,mock_N08_N04_Aonly,DiscussionGRPWaitPage,1779832961,12,0,1
ahrup1ic,183,9amgalja,148,mock_N08_N04_Aonly,DiscussionGRPWaitPage,1779832961,12,0,1
ahrup1ic,231,pm4gaa3w,148,mock_N08_N04_Aonly,DiscussionGRPWaitPage,1779832961,12,0,1
ahrup1ic,231,pm4gaa3w,153,mock_N08_N04_Aonly,Discussion,1779832964,12,0,0
ahrup1ic,225,doxsa4r7,153,mock_N08_N04_Aonly,Discussion,1779832964,12,0,0
ahrup1ic,183,9amgalja,153,mock_N08_N04_Aonly,Discussion,1779832965,12,0,0
ahrup1ic,255,pjjz1dmc,0,,InitializeParticipant,1779832965,1,0,0
ahrup1ic,243,xgcl9xjj,10,presurvey,ExperimentInstruction,1779832966,1,0,0
ahrup1ic,250,v3gmkv1k,5,presurvey,Training,1779832967,1,0,0
ahrup1ic,253,89atr7m5,2,presurvey,AudioCheck,1779832968,1,0,0
ahrup1ic,252,t4l3cdbn,4,presurvey,NeighborhoodInstruction,1779832968,1,0,0
ahrup1ic,241,f4dgpdqm,3,presurvey,Demographics,1779832970,1,0,0
ahrup1ic,230,j9ejm414,153,mock_N08_N04_Aonly,Discussion,1779832971,12,0,0
ahrup1ic,183,9amgalja,160,mock_N08_N04_Aonly,DiscussionGRPWaitPage,1779832971,13,0,1
ahrup1ic,230,j9ejm414,160,mock_N08_N04_Aonly,DiscussionGRPWaitPage,1779832971,13,0,1
ahrup1ic,225,doxsa4r7,160,mock_N08_N04_Aonly,DiscussionGRPWaitPage,1779832971,13,0,1
ahrup1ic,231,pm4gaa3w,160,mock_N08_N04_Aonly,DiscussionGRPWaitPage,1779832971,13,0,1
ahrup1ic,239,26b8hd7y,10,presurvey,ExperimentInstruction,1779832971,1,0,0
ahrup1ic,244,g2jwpgx7,11,presurvey,Scenario,1779832973,1,0,0
ahrup1ic,255,pjjz1dmc,1,presurvey,Introduction,1779832973,1,0,0
ahrup1ic,248,cis568jf,11,presurvey,Scenario,1779832973,1,0,0
ahrup1ic,231,pm4gaa3w,165,mock_N08_N04_Aonly,Discussion,1779832974,13,0,0
ahrup1ic,225,doxsa4r7,165,mock_N08_N04_Aonly,Discussion,1779832974,13,0,0
ahrup1ic,183,9amgalja,165,mock_N08_N04_Aonly,Discussion,1779832974,13,0,0
ahrup1ic,232,xc3yclgf,10,presurvey,ExperimentInstruction,1779832979,1,0,0
ahrup1ic,230,j9ejm414,165,mock_N08_N04_Aonly,Discussion,1779832980,13,0,0
ahrup1ic,230,j9ejm414,172,mock_N08_N04_Aonly,DiscussionGRPWaitPage,1779832980,14,0,1
ahrup1ic,225,doxsa4r7,172,mock_N08_N04_Aonly,DiscussionGRPWaitPage,1779832980,14,0,1
ahrup1ic,183,9amgalja,172,mock_N08_N04_Aonly,DiscussionGRPWaitPage,1779832980,14,0,1
ahrup1ic,231,pm4gaa3w,172,mock_N08_N04_Aonly,DiscussionGRPWaitPage,1779832980,14,0,1
ahrup1ic,225,doxsa4r7,177,mock_N08_N04_Aonly,Discussion,1779832982,14,0,0
ahrup1ic,231,pm4gaa3w,177,mock_N08_N04_Aonly,Discussion,1779832983,14,0,0
ahrup1ic,230,j9ejm414,177,mock_N08_N04_Aonly,Discussion,1779832983,14,0,0
ahrup1ic,240,ayngbi92,12,presurvey,Commitment,1779832983,1,0,0
ahrup1ic,183,9amgalja,177,mock_N08_N04_Aonly,Discussion,1779832983,14,0,0
ahrup1ic,230,j9ejm414,184,mock_N08_N04_Aonly,DiscussionGRPWaitPage,1779832983,15,0,1
ahrup1ic,183,9amgalja,184,mock_N08_N04_Aonly,DiscussionGRPWaitPage,1779832983,15,0,1
ahrup1ic,231,pm4gaa3w,184,mock_N08_N04_Aonly,DiscussionGRPWaitPage,1779832983,15,0,1
ahrup1ic,225,doxsa4r7,184,mock_N08_N04_Aonly,DiscussionGRPWaitPage,1779832983,15,0,1
ahrup1ic,230,j9ejm414,189,mock_N08_N04_Aonly,Discussion,1779832985,15,0,0
ahrup1ic,231,pm4gaa3w,189,mock_N08_N04_Aonly,Discussion,1779832986,15,0,0
ahrup1ic,246,4u3m41bz,12,presurvey,Commitment,1779832986,1,0,0
ahrup1ic,183,9amgalja,189,mock_N08_N04_Aonly,Discussion,1779832987,15,0,0
ahrup1ic,225,doxsa4r7,189,mock_N08_N04_Aonly,Discussion,1779832988,15,0,0
ahrup1ic,183,9amgalja,196,mock_N08_N04_Aonly,DiscussionGRPWaitPage,1779832988,16,0,1
ahrup1ic,230,j9ejm414,196,mock_N08_N04_Aonly,DiscussionGRPWaitPage,1779832988,16,0,1
ahrup1ic,225,doxsa4r7,196,mock_N08_N04_Aonly,DiscussionGRPWaitPage,1779832988,16,0,1
ahrup1ic,231,pm4gaa3w,196,mock_N08_N04_Aonly,DiscussionGRPWaitPage,1779832988,16,0,1
ahrup1ic,241,f4dgpdqm,4,presurvey,NeighborhoodInstruction,1779832988,1,0,0
ahrup1ic,225,doxsa4r7,201,mock_N08_N04_Aonly,Discussion,1779832990,16,0,0
ahrup1ic,231,pm4gaa3w,201,mock_N08_N04_Aonly,Discussion,1779832990,16,0,0
ahrup1ic,183,9amgalja,201,mock_N08_N04_Aonly,Discussion,1779832993,16,0,0
ahrup1ic,255,pjjz1dmc,2,presurvey,AudioCheck,1779832993,1,0,0
ahrup1ic,230,j9ejm414,201,mock_N08_N04_Aonly,Discussion,1779832993,16,0,0
ahrup1ic,230,j9ejm414,208,mock_N08_N04_Aonly,DiscussionGRPWaitPage,1779832993,17,0,1
ahrup1ic,225,doxsa4r7,208,mock_N08_N04_Aonly,DiscussionGRPWaitPage,1779832993,17,0,1
ahrup1ic,183,9amgalja,208,mock_N08_N04_Aonly,DiscussionGRPWaitPage,1779832993,17,0,1
ahrup1ic,231,pm4gaa3w,208,mock_N08_N04_Aonly,DiscussionGRPWaitPage,1779832993,17,0,1
ahrup1ic,230,j9ejm414,213,mock_N08_N04_Aonly,Discussion,1779832995,17,0,0
ahrup1ic,231,pm4gaa3w,213,mock_N08_N04_Aonly,Discussion,1779832995,17,0,0
ahrup1ic,225,doxsa4r7,213,mock_N08_N04_Aonly,Discussion,1779832996,17,0,0
ahrup1ic,256,39nnxflc,0,,InitializeParticipant,1779832997,1,0,0
ahrup1ic,183,9amgalja,213,mock_N08_N04_Aonly,Discussion,1779832997,17,0,0
ahrup1ic,225,doxsa4r7,220,mock_N08_N04_Aonly,DiscussionGRPWaitPage,1779832997,18,0,1
ahrup1ic,183,9amgalja,220,mock_N08_N04_Aonly,DiscussionGRPWaitPage,1779832997,18,0,1
ahrup1ic,230,j9ejm414,220,mock_N08_N04_Aonly,DiscussionGRPWaitPage,1779832997,18,0,1
ahrup1ic,231,pm4gaa3w,220,mock_N08_N04_Aonly,DiscussionGRPWaitPage,1779832997,18,0,1
ahrup1ic,241,f4dgpdqm,5,presurvey,Training,1779832998,1,0,0
ahrup1ic,225,doxsa4r7,225,mock_N08_N04_Aonly,Discussion,1779833000,18,0,0
ahrup1ic,231,pm4gaa3w,225,mock_N08_N04_Aonly,Discussion,1779833000,18,0,0
ahrup1ic,253,89atr7m5,3,presurvey,Demographics,1779833001,1,0,0
ahrup1ic,230,j9ejm414,225,mock_N08_N04_Aonly,Discussion,1779833002,18,0,0
ahrup1ic,183,9amgalja,225,mock_N08_N04_Aonly,Discussion,1779833003,18,0,0
ahrup1ic,183,9amgalja,232,mock_N08_N04_Aonly,DiscussionGRPWaitPage,1779833004,19,0,1
ahrup1ic,230,j9ejm414,232,mock_N08_N04_Aonly,DiscussionGRPWaitPage,1779833004,19,0,1
ahrup1ic,225,doxsa4r7,232,mock_N08_N04_Aonly,DiscussionGRPWaitPage,1779833004,19,0,1
ahrup1ic,231,pm4gaa3w,232,mock_N08_N04_Aonly,DiscussionGRPWaitPage,1779833004,19,0,1
ahrup1ic,232,xc3yclgf,11,presurvey,Scenario,1779833005,1,0,0
ahrup1ic,230,j9ejm414,237,mock_N08_N04_Aonly,Discussion,1779833006,19,0,0
ahrup1ic,231,pm4gaa3w,237,mock_N08_N04_Aonly,Discussion,1779833006,19,0,0
ahrup1ic,225,doxsa4r7,237,mock_N08_N04_Aonly,Discussion,1779833007,19,0,0
ahrup1ic,253,89atr7m5,4,presurvey,NeighborhoodInstruction,1779833008,1,0,0
ahrup1ic,183,9amgalja,237,mock_N08_N04_Aonly,Discussion,1779833008,19,0,0
ahrup1ic,230,j9ejm414,244,mock_N08_N04_Aonly,DiscussionGRPWaitPage,1779833009,20,0,1
ahrup1ic,225,doxsa4r7,244,mock_N08_N04_Aonly,DiscussionGRPWaitPage,1779833009,20,0,1
ahrup1ic,231,pm4gaa3w,244,mock_N08_N04_Aonly,DiscussionGRPWaitPage,1779833009,20,0,1
ahrup1ic,183,9amgalja,244,mock_N08_N04_Aonly,DiscussionGRPWaitPage,1779833009,20,0,1
ahrup1ic,255,pjjz1dmc,3,presurvey,Demographics,1779833010,1,0,0
ahrup1ic,231,pm4gaa3w,249,mock_N08_N04_Aonly,Discussion,1779833011,20,0,0
ahrup1ic,256,39nnxflc,1,presurvey,Introduction,1779833011,1,0,0
ahrup1ic,247,j9q7bjbi,6,presurvey,TrainingNeighbor_1,1779833012,1,0,0
ahrup1ic,234,5fgxinkt,2,presurvey,AudioCheck,1779833013,1,0,0
ahrup1ic,225,doxsa4r7,249,mock_N08_N04_Aonly,Discussion,1779833013,20,0,0
ahrup1ic,230,j9ejm414,249,mock_N08_N04_Aonly,Discussion,1779833015,20,0,0
ahrup1ic,254,swjaf92f,2,presurvey,AudioCheck,1779833016,1,0,0
ahrup1ic,248,cis568jf,12,presurvey,Commitment,1779833016,1,0,0
ahrup1ic,183,9amgalja,249,mock_N08_N04_Aonly,Discussion,1779833017,20,0,0
ahrup1ic,245,7qnehbef,12,presurvey,Commitment,1779833019,1,0,0
ahrup1ic,243,xgcl9xjj,11,presurvey,Scenario,1779833021,1,0,0
ahrup1ic,231,pm4gaa3w,250,mock_N08_N04_Aonly,Additional,1779833027,20,0,0
ahrup1ic,255,pjjz1dmc,4,presurvey,NeighborhoodInstruction,1779833027,1,0,0
ahrup1ic,241,f4dgpdqm,6,presurvey,TrainingNeighbor_1,1779833027,1,0,0
ahrup1ic,244,g2jwpgx7,12,presurvey,Commitment,1779833030,1,0,0
ahrup1ic,256,39nnxflc,2,presurvey,AudioCheck,1779833030,1,0,0
ahrup1ic,183,9amgalja,250,mock_N08_N04_Aonly,Additional,1779833030,20,0,0
ahrup1ic,230,j9ejm414,250,mock_N08_N04_Aonly,Additional,1779833031,20,0,0
ahrup1ic,247,j9q7bjbi,7,presurvey,TrainingNeighbor_2,1779833031,1,0,0
ahrup1ic,257,s0h5vhpg,0,,InitializeParticipant,1779833031,1,0,0
ahrup1ic,252,t4l3cdbn,5,presurvey,Training,1779833032,1,0,0
ahrup1ic,225,doxsa4r7,250,mock_N08_N04_Aonly,Additional,1779833032,20,0,0
ahrup1ic,230,j9ejm414,251,mock_N08_N04_Aonly,FinalRoundWaitPage,1779833033,20,0,1
ahrup1ic,225,doxsa4r7,251,mock_N08_N04_Aonly,FinalRoundWaitPage,1779833033,20,0,1
ahrup1ic,231,pm4gaa3w,251,mock_N08_N04_Aonly,FinalRoundWaitPage,1779833033,20,0,1
ahrup1ic,183,9amgalja,251,mock_N08_N04_Aonly,FinalRoundWaitPage,1779833033,20,0,1
ahrup1ic,239,26b8hd7y,11,presurvey,Scenario,1779833033,1,0,0
ahrup1ic,237,x510jraq,11,presurvey,Scenario,1779833039,1,0,0
ahrup1ic,241,f4dgpdqm,7,presurvey,TrainingNeighbor_2,1779833039,1,0,0
ahrup1ic,225,doxsa4r7,252,mock_N08_N04_Aonly,FinalRound,1779833040,20,0,0
ahrup1ic,250,v3gmkv1k,6,presurvey,TrainingNeighbor_1,1779833041,1,0,0
ahrup1ic,231,pm4gaa3w,252,mock_N08_N04_Aonly,FinalRound,1779833042,20,0,0
ahrup1ic,230,j9ejm414,252,mock_N08_N04_Aonly,FinalRound,1779833045,20,0,0
ahrup1ic,183,9amgalja,252,mock_N08_N04_Aonly,FinalRound,1779833048,20,0,0
ahrup1ic,247,j9q7bjbi,10,presurvey,ExperimentInstruction,1779833048,1,0,0
ahrup1ic,256,39nnxflc,3,presurvey,Demographics,1779833052,1,0,0
ahrup1ic,232,xc3yclgf,12,presurvey,Commitment,1779833055,1,0,0
ahrup1ic,256,39nnxflc,4,presurvey,NeighborhoodInstruction,1779833064,1,0,0
ahrup1ic,258,udzeegfy,0,,InitializeParticipant,1779833065,1,0,0
ahrup1ic,250,v3gmkv1k,10,presurvey,ExperimentInstruction,1779833066,1,0,0
ahrup1ic,253,89atr7m5,5,presurvey,Training,1779833067,1,0,0
ahrup1ic,255,pjjz1dmc,5,presurvey,Training,1779833068,1,0,0
ahrup1ic,259,qwomrxta,0,,InitializeParticipant,1779833068,1,0,0
ahrup1ic,257,s0h5vhpg,1,presurvey,Introduction,1779833070,1,0,0
ahrup1ic,254,swjaf92f,3,presurvey,Demographics,1779833076,1,0,0
ahrup1ic,260,w2nj89ex,0,,InitializeParticipant,1779833083,1,0,0
ahrup1ic,257,s0h5vhpg,2,presurvey,AudioCheck,1779833083,1,0,0
ahrup1ic,234,5fgxinkt,3,presurvey,Demographics,1779833087,1,0,0
ahrup1ic,247,j9q7bjbi,11,presurvey,Scenario,1779833090,1,0,0
ahrup1ic,259,qwomrxta,1,presurvey,Introduction,1779833093,1,0,0
ahrup1ic,234,5fgxinkt,4,presurvey,NeighborhoodInstruction,1779833095,1,0,0
ahrup1ic,260,w2nj89ex,1,presurvey,Introduction,1779833096,1,0,0
ahrup1ic,256,39nnxflc,5,presurvey,Training,1779833101,1,0,0
ahrup1ic,258,udzeegfy,1,presurvey,Introduction,1779833105,1,0,0
ahrup1ic,257,s0h5vhpg,3,presurvey,Demographics,1779833107,1,0,0
ahrup1ic,234,5fgxinkt,5,presurvey,Training,1779833114,1,0,0
ahrup1ic,260,w2nj89ex,2,presurvey,AudioCheck,1779833114,1,0,0
ahrup1ic,237,x510jraq,12,presurvey,Commitment,1779833115,1,0,0
ahrup1ic,253,89atr7m5,6,presurvey,TrainingNeighbor_1,1779833121,1,0,0
ahrup1ic,259,qwomrxta,2,presurvey,AudioCheck,1779833123,1,0,0
ahrup1ic,257,s0h5vhpg,4,presurvey,NeighborhoodInstruction,1779833129,1,0,0
ahrup1ic,254,swjaf92f,4,presurvey,NeighborhoodInstruction,1779833131,1,0,0
ahrup1ic,261,kxrjy0z2,0,,InitializeParticipant,1779833131,1,0,0
ahrup1ic,253,89atr7m5,10,presurvey,ExperimentInstruction,1779833132,1,0,0
ahrup1ic,252,t4l3cdbn,6,presurvey,TrainingNeighbor_1,1779833134,1,0,0
ahrup1ic,259,qwomrxta,3,presurvey,Demographics,1779833136,1,0,0
ahrup1ic,260,w2nj89ex,3,presurvey,Demographics,1779833136,1,0,0
ahrup1ic,255,pjjz1dmc,6,presurvey,TrainingNeighbor_1,1779833146,1,0,0
ahrup1ic,256,39nnxflc,6,presurvey,TrainingNeighbor_1,1779833146,1,0,0
ahrup1ic,253,89atr7m5,11,presurvey,Scenario,1779833148,1,0,0
ahrup1ic,252,t4l3cdbn,7,presurvey,TrainingNeighbor_2,1779833152,1,0,0
ahrup1ic,256,39nnxflc,10,presurvey,ExperimentInstruction,1779833152,1,0,0
ahrup1ic,250,v3gmkv1k,11,presurvey,Scenario,1779833153,1,0,0
ahrup1ic,259,qwomrxta,4,presurvey,NeighborhoodInstruction,1779833162,1,0,0
ahrup1ic,252,t4l3cdbn,10,presurvey,ExperimentInstruction,1779833165,1,0,0
ahrup1ic,253,89atr7m5,12,presurvey,Commitment,1779833168,1,0,0
ahrup1ic,260,w2nj89ex,4,presurvey,NeighborhoodInstruction,1779833171,1,0,0
ahrup1ic,256,39nnxflc,11,presurvey,Scenario,1779833173,1,0,0
ahrup1ic,247,j9q7bjbi,12,presurvey,Commitment,1779833173,1,0,0
ahrup1ic,257,s0h5vhpg,5,presurvey,Training,1779833180,1,0,0
ahrup1ic,255,pjjz1dmc,7,presurvey,TrainingNeighbor_2,1779833180,1,0,0
ahrup1ic,254,swjaf92f,5,presurvey,Training,1779833184,1,0,0
ahrup1ic,255,pjjz1dmc,8,presurvey,AttentionCheck,1779833196,1,0,0
ahrup1ic,260,w2nj89ex,5,presurvey,Training,1779833196,1,0,0
ahrup1ic,259,qwomrxta,5,presurvey,Training,1779833198,1,0,0
ahrup1ic,258,udzeegfy,2,presurvey,AudioCheck,1779833201,1,0,0
ahrup1ic,256,39nnxflc,12,presurvey,Commitment,1779833202,1,0,0
ahrup1ic,262,gnmpihnn,0,,InitializeParticipant,1779833207,1,0,0
ahrup1ic,262,gnmpihnn,1,presurvey,Introduction,1779833210,1,0,0
ahrup1ic,263,nt015xmj,0,,InitializeParticipant,1779833212,1,0,0
ahrup1ic,255,pjjz1dmc,9,presurvey,TrainingNeighbor_3,1779833218,1,0,0
ahrup1ic,262,gnmpihnn,2,presurvey,AudioCheck,1779833220,1,0,0
ahrup1ic,252,t4l3cdbn,11,presurvey,Scenario,1779833222,1,0,0
ahrup1ic,209,po8wur12,13,mock_N08_N04_Aonly,GroupingWaitPage,1779833226,1,0,1
ahrup1ic,255,pjjz1dmc,10,presurvey,ExperimentInstruction,1779833229,1,0,0
ahrup1ic,254,swjaf92f,6,presurvey,TrainingNeighbor_1,1779833231,1,0,0
ahrup1ic,259,qwomrxta,6,presurvey,TrainingNeighbor_1,1779833231,1,0,0
ahrup1ic,209,po8wur12,14,mock_N08_N04_Aonly,GroupSizeWaitPage,1779833231,1,0,1
ahrup1ic,262,gnmpihnn,3,presurvey,Demographics,1779833232,1,0,0
ahrup1ic,260,w2nj89ex,6,presurvey,TrainingNeighbor_1,1779833232,1,0,0
ahrup1ic,264,2y9fw60a,0,,InitializeParticipant,1779833233,1,0,0
ahrup1ic,257,s0h5vhpg,6,presurvey,TrainingNeighbor_1,1779833234,1,0,0
ahrup1ic,265,50m0yd97,0,,InitializeParticipant,1779833235,1,0,0
ahrup1ic,263,nt015xmj,1,presurvey,Introduction,1779833236,1,0,0
ahrup1ic,259,qwomrxta,10,presurvey,ExperimentInstruction,1779833237,1,0,0
ahrup1ic,262,gnmpihnn,4,presurvey,NeighborhoodInstruction,1779833239,1,0,0
ahrup1ic,260,w2nj89ex,10,presurvey,ExperimentInstruction,1779833241,1,0,0
ahrup1ic,257,s0h5vhpg,7,presurvey,TrainingNeighbor_2,1779833241,1,0,0
ahrup1ic,258,udzeegfy,3,presurvey,Demographics,1779833244,1,0,0
ahrup1ic,265,50m0yd97,1,presurvey,Introduction,1779833249,1,0,0
ahrup1ic,257,s0h5vhpg,10,presurvey,ExperimentInstruction,1779833250,1,0,0
ahrup1ic,254,swjaf92f,7,presurvey,TrainingNeighbor_2,1779833250,1,0,0
ahrup1ic,266,z1bijzkq,0,,InitializeParticipant,1779833252,1,0,0
ahrup1ic,255,pjjz1dmc,11,presurvey,Scenario,1779833254,1,0,0
ahrup1ic,209,po8wur12,15,mock_N08_N04_Aonly,AttentionCheck,1779833255,1,0,0
ahrup1ic,267,auizeuwt,0,,InitializeParticipant,1779833259,1,0,0
ahrup1ic,262,gnmpihnn,5,presurvey,Training,1779833259,1,0,0
ahrup1ic,250,v3gmkv1k,12,presurvey,Commitment,1779833265,1,0,0
ahrup1ic,259,qwomrxta,11,presurvey,Scenario,1779833265,1,0,0
ahrup1ic,218,qindk7e1,13,mock_N08_N04_Aonly,GroupingWaitPage,1779833266,1,0,1
ahrup1ic,260,w2nj89ex,11,presurvey,Scenario,1779833270,1,0,0
ahrup1ic,266,z1bijzkq,1,presurvey,Introduction,1779833276,1,0,0
ahrup1ic,265,50m0yd97,2,presurvey,AudioCheck,1779833276,1,0,0
ahrup1ic,257,s0h5vhpg,11,presurvey,Scenario,1779833276,1,0,0
ahrup1ic,234,5fgxinkt,6,presurvey,TrainingNeighbor_1,1779833276,1,0,0
ahrup1ic,267,auizeuwt,1,presurvey,Introduction,1779833277,1,0,0
ahrup1ic,254,swjaf92f,8,presurvey,AttentionCheck,1779833277,1,0,0
ahrup1ic,241,f4dgpdqm,10,presurvey,ExperimentInstruction,1779833277,1,0,0
ahrup1ic,218,qindk7e1,14,mock_N08_N04_Aonly,GroupSizeWaitPage,1779833277,1,0,1
ahrup1ic,263,nt015xmj,2,presurvey,AudioCheck,1779833279,1,0,0
ahrup1ic,268,4w6zz3iq,0,,InitializeParticipant,1779833287,1,0,0
ahrup1ic,218,qindk7e1,15,mock_N08_N04_Aonly,AttentionCheck,1779833287,1,0,0
ahrup1ic,264,2y9fw60a,1,presurvey,Introduction,1779833289,1,0,0
ahrup1ic,267,auizeuwt,2,presurvey,AudioCheck,1779833290,1,0,0
ahrup1ic,241,f4dgpdqm,11,presurvey,Scenario,1779833291,1,0,0
ahrup1ic,265,50m0yd97,3,presurvey,Demographics,1779833295,1,0,0
ahrup1ic,263,nt015xmj,3,presurvey,Demographics,1779833295,1,0,0
ahrup1ic,266,z1bijzkq,2,presurvey,AudioCheck,1779833300,1,0,0
ahrup1ic,267,auizeuwt,3,presurvey,Demographics,1779833302,1,0,0
ahrup1ic,219,a7lr189v,13,mock_N08_N04_Aonly,GroupingWaitPage,1779833303,1,0,1
ahrup1ic,219,a7lr189v,14,mock_N08_N04_Aonly,GroupSizeWaitPage,1779833307,1,0,1
ahrup1ic,262,gnmpihnn,6,presurvey,TrainingNeighbor_1,1779833308,1,0,0
ahrup1ic,221,hctg5gzb,13,mock_N08_N04_Aonly,GroupingWaitPage,1779833309,1,0,1
ahrup1ic,259,qwomrxta,12,presurvey,Commitment,1779833313,1,0,0
ahrup1ic,264,2y9fw60a,2,presurvey,AudioCheck,1779833314,1,0,0
ahrup1ic,221,hctg5gzb,14,mock_N08_N04_Aonly,GroupSizeWaitPage,1779833314,1,0,1
ahrup1ic,265,50m0yd97,4,presurvey,NeighborhoodInstruction,1779833315,1,0,0
ahrup1ic,267,auizeuwt,4,presurvey,NeighborhoodInstruction,1779833315,1,0,0
ahrup1ic,262,gnmpihnn,7,presurvey,TrainingNeighbor_2,1779833316,1,0,0
ahrup1ic,266,z1bijzkq,3,presurvey,Demographics,1779833316,1,0,0
ahrup1ic,268,4w6zz3iq,1,presurvey,Introduction,1779833317,1,0,0
ahrup1ic,234,5fgxinkt,7,presurvey,TrainingNeighbor_2,1779833318,1,0,0
ahrup1ic,219,a7lr189v,15,mock_N08_N04_Aonly,AttentionCheck,1779833319,1,0,0
ahrup1ic,221,hctg5gzb,15,mock_N08_N04_Aonly,AttentionCheck,1779833321,1,0,0
ahrup1ic,234,5fgxinkt,10,presurvey,ExperimentInstruction,1779833325,1,0,0
ahrup1ic,241,f4dgpdqm,12,presurvey,Commitment,1779833326,1,0,0
ahrup1ic,252,t4l3cdbn,12,presurvey,Commitment,1779833329,1,0,0
ahrup1ic,262,gnmpihnn,8,presurvey,AttentionCheck,1779833330,1,0,0
ahrup1ic,268,4w6zz3iq,2,presurvey,AudioCheck,1779833331,1,0,0
ahrup1ic,264,2y9fw60a,3,presurvey,Demographics,1779833331,1,0,0
ahrup1ic,263,nt015xmj,4,presurvey,NeighborhoodInstruction,1779833332,1,0,0
ahrup1ic,262,gnmpihnn,9,presurvey,TrainingNeighbor_3,1779833335,1,0,0
ahrup1ic,266,z1bijzkq,4,presurvey,NeighborhoodInstruction,1779833343,1,0,0
ahrup1ic,263,nt015xmj,5,presurvey,Training,1779833343,1,0,0
ahrup1ic,255,pjjz1dmc,12,presurvey,Commitment,1779833343,1,0,0
ahrup1ic,267,auizeuwt,5,presurvey,Training,1779833343,1,0,0
ahrup1ic,224,xjbd5clm,13,mock_N08_N04_Aonly,GroupingWaitPage,1779833344,1,0,1
ahrup1ic,257,s0h5vhpg,12,presurvey,Commitment,1779833344,1,0,0
ahrup1ic,269,6v8vf1hz,0,,InitializeParticipant,1779833344,1,0,0
ahrup1ic,265,50m0yd97,5,presurvey,Training,1779833349,1,0,0
ahrup1ic,224,xjbd5clm,14,mock_N08_N04_Aonly,GroupSizeWaitPage,1779833349,1,0,1
ahrup1ic,268,4w6zz3iq,3,presurvey,Demographics,1779833349,1,0,0
ahrup1ic,264,2y9fw60a,4,presurvey,NeighborhoodInstruction,1779833350,1,0,0
ahrup1ic,270,s7k0viqg,0,,InitializeParticipant,1779833351,1,0,0
ahrup1ic,270,s7k0viqg,1,presurvey,Introduction,1779833355,1,0,0
ahrup1ic,224,xjbd5clm,15,mock_N08_N04_Aonly,AttentionCheck,1779833357,1,0,0
ahrup1ic,234,5fgxinkt,11,presurvey,Scenario,1779833361,1,0,0
ahrup1ic,269,6v8vf1hz,1,presurvey,Introduction,1779833362,1,0,0
ahrup1ic,270,s7k0viqg,2,presurvey,AudioCheck,1779833363,1,0,0
ahrup1ic,267,auizeuwt,6,presurvey,TrainingNeighbor_1,1779833366,1,0,0
ahrup1ic,265,50m0yd97,6,presurvey,TrainingNeighbor_1,1779833371,1,0,0
ahrup1ic,270,s7k0viqg,3,presurvey,Demographics,1779833371,1,0,0
ahrup1ic,268,4w6zz3iq,4,presurvey,NeighborhoodInstruction,1779833372,1,0,0
ahrup1ic,271,pk7binzg,0,,InitializeParticipant,1779833372,1,0,0
ahrup1ic,269,6v8vf1hz,2,presurvey,AudioCheck,1779833372,1,0,0
ahrup1ic,267,auizeuwt,10,presurvey,ExperimentInstruction,1779833373,1,0,0
ahrup1ic,210,6k8rs2nb,13,mock_N08_N04_Aonly,GroupingWaitPage,1779833375,1,0,1
ahrup1ic,270,s7k0viqg,4,presurvey,NeighborhoodInstruction,1779833375,1,0,0
ahrup1ic,266,z1bijzkq,5,presurvey,Training,1779833380,1,0,0
ahrup1ic,264,2y9fw60a,5,presurvey,Training,1779833380,1,0,0
ahrup1ic,210,6k8rs2nb,14,mock_N08_N04_Aonly,GroupSizeWaitPage,1779833381,1,0,1
ahrup1ic,272,zpw1qz1r,0,,InitializeParticipant,1779833381,1,0,0
ahrup1ic,265,50m0yd97,10,presurvey,ExperimentInstruction,1779833382,1,0,0
ahrup1ic,269,6v8vf1hz,3,presurvey,Demographics,1779833382,1,0,0
ahrup1ic,234,5fgxinkt,12,presurvey,Commitment,1779833383,1,0,0
ahrup1ic,272,zpw1qz1r,1,presurvey,Introduction,1779833386,1,0,0
ahrup1ic,210,6k8rs2nb,15,mock_N08_N04_Aonly,AttentionCheck,1779833388,1,0,0
ahrup1ic,270,s7k0viqg,5,presurvey,Training,1779833390,1,0,0
ahrup1ic,267,auizeuwt,11,presurvey,Scenario,1779833394,1,0,0
ahrup1ic,254,swjaf92f,9,presurvey,TrainingNeighbor_3,1779833404,1,0,0
ahrup1ic,271,pk7binzg,1,presurvey,Introduction,1779833405,1,0,0
ahrup1ic,266,z1bijzkq,6,presurvey,TrainingNeighbor_1,1779833406,1,0,0
ahrup1ic,265,50m0yd97,11,presurvey,Scenario,1779833406,1,0,0
ahrup1ic,270,s7k0viqg,6,presurvey,TrainingNeighbor_1,1779833407,1,0,0
ahrup1ic,270,s7k0viqg,10,presurvey,ExperimentInstruction,1779833410,1,0,0
ahrup1ic,272,zpw1qz1r,2,presurvey,AudioCheck,1779833410,1,0,0
ahrup1ic,268,4w6zz3iq,5,presurvey,Training,1779833411,1,0,0
ahrup1ic,258,udzeegfy,4,presurvey,NeighborhoodInstruction,1779833415,1,0,0
ahrup1ic,263,nt015xmj,6,presurvey,TrainingNeighbor_1,1779833417,1,0,0
ahrup1ic,270,s7k0viqg,11,presurvey,Scenario,1779833419,1,0,0
ahrup1ic,266,z1bijzkq,10,presurvey,ExperimentInstruction,1779833419,1,0,0
ahrup1ic,254,swjaf92f,10,presurvey,ExperimentInstruction,1779833420,1,0,0
ahrup1ic,263,nt015xmj,10,presurvey,ExperimentInstruction,1779833420,1,0,0
ahrup1ic,264,2y9fw60a,6,presurvey,TrainingNeighbor_1,1779833425,1,0,0
ahrup1ic,272,zpw1qz1r,3,presurvey,Demographics,1779833427,1,0,0
ahrup1ic,264,2y9fw60a,10,presurvey,ExperimentInstruction,1779833431,1,0,0
ahrup1ic,270,s7k0viqg,12,presurvey,Commitment,1779833432,1,0,0
ahrup1ic,268,4w6zz3iq,6,presurvey,TrainingNeighbor_1,1779833435,1,0,0
ahrup1ic,233,46s8sf2q,13,mock_N08_N04_Aonly,GroupingWaitPage,1779833436,1,0,1
ahrup1ic,233,46s8sf2q,14,mock_N08_N04_Aonly,GroupSizeWaitPage,1779833442,1,0,1
ahrup1ic,273,vs0q48ec,0,,InitializeParticipant,1779833442,1,0,0
ahrup1ic,274,u8r4tspl,0,,InitializeParticipant,1779833445,1,0,0
ahrup1ic,275,al3btfok,0,,InitializeParticipant,1779833446,1,0,0
ahrup1ic,266,z1bijzkq,11,presurvey,Scenario,1779833448,1,0,0
ahrup1ic,273,vs0q48ec,1,presurvey,Introduction,1779833449,1,0,0
ahrup1ic,264,2y9fw60a,11,presurvey,Scenario,1779833449,1,0,0
ahrup1ic,265,50m0yd97,12,presurvey,Commitment,1779833449,1,0,0
ahrup1ic,233,46s8sf2q,15,mock_N08_N04_Aonly,AttentionCheck,1779833450,1,0,0
ahrup1ic,263,nt015xmj,11,presurvey,Scenario,1779833456,1,0,0
ahrup1ic,272,zpw1qz1r,4,presurvey,NeighborhoodInstruction,1779833457,1,0,0
ahrup1ic,254,swjaf92f,11,presurvey,Scenario,1779833459,1,0,0
ahrup1ic,273,vs0q48ec,2,presurvey,AudioCheck,1779833469,1,0,0
ahrup1ic,276,n6nk3yko,0,,InitializeParticipant,1779833473,1,0,0
ahrup1ic,258,udzeegfy,5,presurvey,Training,1779833479,1,0,0
ahrup1ic,269,6v8vf1hz,4,presurvey,NeighborhoodInstruction,1779833480,1,0,0
ahrup1ic,263,nt015xmj,12,presurvey,Commitment,1779833483,1,0,0
ahrup1ic,273,vs0q48ec,3,presurvey,Demographics,1779833484,1,0,0
ahrup1ic,269,6v8vf1hz,5,presurvey,Training,1779833485,1,0,0
ahrup1ic,276,n6nk3yko,1,presurvey,Introduction,1779833488,1,0,0
ahrup1ic,261,kxrjy0z2,1,presurvey,Introduction,1779833488,1,0,0
ahrup1ic,272,zpw1qz1r,5,presurvey,Training,1779833489,1,0,0
ahrup1ic,266,z1bijzkq,12,presurvey,Commitment,1779833491,1,0,0
ahrup1ic,264,2y9fw60a,12,presurvey,Commitment,1779833494,1,0,0
ahrup1ic,268,4w6zz3iq,7,presurvey,TrainingNeighbor_2,1779833501,1,0,0
ahrup1ic,261,kxrjy0z2,2,presurvey,AudioCheck,1779833503,1,0,0
ahrup1ic,276,n6nk3yko,2,presurvey,AudioCheck,1779833506,1,0,0
ahrup1ic,268,4w6zz3iq,10,presurvey,ExperimentInstruction,1779833506,1,0,0
ahrup1ic,269,6v8vf1hz,6,presurvey,TrainingNeighbor_1,1779833509,1,0,0
ahrup1ic,275,al3btfok,1,presurvey,Introduction,1779833511,1,0,0
ahrup1ic,269,6v8vf1hz,10,presurvey,ExperimentInstruction,1779833514,1,0,0
ahrup1ic,272,zpw1qz1r,6,presurvey,TrainingNeighbor_1,1779833522,1,0,0
ahrup1ic,269,6v8vf1hz,11,presurvey,Scenario,1779833525,1,0,0
ahrup1ic,272,zpw1qz1r,10,presurvey,ExperimentInstruction,1779833527,1,0,0
ahrup1ic,276,n6nk3yko,3,presurvey,Demographics,1779833529,1,0,0
ahrup1ic,268,4w6zz3iq,11,presurvey,Scenario,1779833530,1,0,0
ahrup1ic,271,pk7binzg,2,presurvey,AudioCheck,1779833531,1,0,0
ahrup1ic,261,kxrjy0z2,3,presurvey,Demographics,1779833532,1,0,0
ahrup1ic,220,t9v3bg4x,13,mock_N08_N04_Aonly,GroupingWaitPage,1779833538,1,0,1
ahrup1ic,276,n6nk3yko,4,presurvey,NeighborhoodInstruction,1779833544,1,0,0
ahrup1ic,220,t9v3bg4x,14,mock_N08_N04_Aonly,GroupSizeWaitPage,1779833545,1,0,1
ahrup1ic,220,t9v3bg4x,15,mock_N08_N04_Aonly,AttentionCheck,1779833551,1,0,0
ahrup1ic,272,zpw1qz1r,11,presurvey,Scenario,1779833553,1,0,0
ahrup1ic,273,vs0q48ec,4,presurvey,NeighborhoodInstruction,1779833555,1,0,0
ahrup1ic,271,pk7binzg,3,presurvey,Demographics,1779833557,1,0,0
ahrup1ic,261,kxrjy0z2,4,presurvey,NeighborhoodInstruction,1779833557,1,0,0
ahrup1ic,235,7k0wptgs,13,mock_N08_N04_Aonly,GroupingWaitPage,1779833565,1,0,1
ahrup1ic,235,7k0wptgs,14,mock_N08_N04_Aonly,GroupSizeWaitPage,1779833568,1,0,1
ahrup1ic,269,6v8vf1hz,12,presurvey,Commitment,1779833570,1,0,0
ahrup1ic,273,vs0q48ec,5,presurvey,Training,1779833570,1,0,0
ahrup1ic,235,7k0wptgs,15,mock_N08_N04_Aonly,AttentionCheck,1779833578,1,0,0
ahrup1ic,277,d9sr7i9u,0,,InitializeParticipant,1779833583,1,0,0
ahrup1ic,278,wrcmaa39,0,,InitializeParticipant,1779833585,1,0,0
ahrup1ic,276,n6nk3yko,5,presurvey,Training,1779833586,1,0,0
ahrup1ic,229,knpefwnk,13,mock_N08_N04_Aonly,GroupingWaitPage,1779833587,1,0,1
ahrup1ic,268,4w6zz3iq,12,presurvey,Commitment,1779833588,1,0,0
ahrup1ic,272,zpw1qz1r,12,presurvey,Commitment,1779833594,1,0,0
ahrup1ic,229,knpefwnk,14,mock_N08_N04_Aonly,GroupSizeWaitPage,1779833594,1,0,1
ahrup1ic,278,wrcmaa39,1,presurvey,Introduction,1779833595,1,0,0
ahrup1ic,273,vs0q48ec,6,presurvey,TrainingNeighbor_1,1779833598,1,0,0
ahrup1ic,273,vs0q48ec,10,presurvey,ExperimentInstruction,1779833603,1,0,0
ahrup1ic,238,ya9bhcqj,13,mock_N08_N04_Aonly,GroupingWaitPage,1779833607,1,0,1
ahrup1ic,261,kxrjy0z2,5,presurvey,Training,1779833613,1,0,0
ahrup1ic,238,ya9bhcqj,14,mock_N08_N04_Aonly,GroupSizeWaitPage,1779833615,1,0,1
ahrup1ic,229,knpefwnk,15,mock_N08_N04_Aonly,AttentionCheck,1779833615,1,0,0
ahrup1ic,258,udzeegfy,6,presurvey,TrainingNeighbor_1,1779833618,1,0,0
ahrup1ic,278,wrcmaa39,2,presurvey,AudioCheck,1779833618,1,0,0
ahrup1ic,242,jazmbpq2,13,mock_N08_N04_Aonly,GroupingWaitPage,1779833623,1,0,1
ahrup1ic,238,ya9bhcqj,15,mock_N08_N04_Aonly,AttentionCheck,1779833627,1,0,0
ahrup1ic,242,jazmbpq2,14,mock_N08_N04_Aonly,GroupSizeWaitPage,1779833629,1,0,1
ahrup1ic,276,n6nk3yko,6,presurvey,TrainingNeighbor_1,1779833630,1,0,0
ahrup1ic,271,pk7binzg,4,presurvey,NeighborhoodInstruction,1779833631,1,0,0
ahrup1ic,242,jazmbpq2,15,mock_N08_N04_Aonly,AttentionCheck,1779833635,1,0,0
ahrup1ic,277,d9sr7i9u,1,presurvey,Introduction,1779833636,1,0,0
ahrup1ic,278,wrcmaa39,3,presurvey,Demographics,1779833636,1,0,0
ahrup1ic,258,udzeegfy,10,presurvey,ExperimentInstruction,1779833637,1,0,0
ahrup1ic,273,vs0q48ec,11,presurvey,Scenario,1779833642,1,0,0
ahrup1ic,276,n6nk3yko,10,presurvey,ExperimentInstruction,1779833651,1,0,0
ahrup1ic,236,f8t4py2t,13,mock_N08_N04_Aonly,GroupingWaitPage,1779833656,1,0,1
ahrup1ic,236,f8t4py2t,14,mock_N08_N04_Aonly,GroupSizeWaitPage,1779833661,1,0,1
ahrup1ic,271,pk7binzg,5,presurvey,Training,1779833663,1,0,0
ahrup1ic,278,wrcmaa39,4,presurvey,NeighborhoodInstruction,1779833665,1,0,0
ahrup1ic,261,kxrjy0z2,6,presurvey,TrainingNeighbor_1,1779833668,1,0,0
ahrup1ic,276,n6nk3yko,11,presurvey,Scenario,1779833669,1,0,0
ahrup1ic,236,f8t4py2t,15,mock_N08_N04_Aonly,AttentionCheck,1779833672,1,0,0
ahrup1ic,261,kxrjy0z2,7,presurvey,TrainingNeighbor_2,1779833689,1,0,0
ahrup1ic,278,wrcmaa39,5,presurvey,Training,1779833690,1,0,0
ahrup1ic,277,d9sr7i9u,2,presurvey,AudioCheck,1779833691,1,0,0
ahrup1ic,261,kxrjy0z2,10,presurvey,ExperimentInstruction,1779833697,1,0,0
ahrup1ic,240,ayngbi92,13,mock_N08_N04_Aonly,GroupingWaitPage,1779833704,1,0,1
ahrup1ic,246,4u3m41bz,13,mock_N08_N04_Aonly,GroupingWaitPage,1779833707,1,0,1
ahrup1ic,240,ayngbi92,14,mock_N08_N04_Aonly,GroupSizeWaitPage,1779833713,1,0,1
ahrup1ic,246,4u3m41bz,14,mock_N08_N04_Aonly,GroupSizeWaitPage,1779833713,1,0,1
ahrup1ic,279,wvj3ph3m,0,,InitializeParticipant,1779833716,1,0,0
ahrup1ic,276,n6nk3yko,12,presurvey,Commitment,1779833716,1,0,0
ahrup1ic,226,w6vka4xj,13,mock_N08_N04_Aonly,GroupingWaitPage,1779833717,1,0,1
ahrup1ic,253,89atr7m5,13,mock_N08_N04_Aonly,GroupingWaitPage,1779833717,1,0,1
ahrup1ic,268,4w6zz3iq,13,mock_N08_N04_Aonly,GroupingWaitPage,1779833717,1,0,1
ahrup1ic,276,n6nk3yko,13,mock_N08_N04_Aonly,GroupingWaitPage,1779833717,1,0,1
ahrup1ic,226,w6vka4xj,14,mock_N08_N04_Aonly,GroupSizeWaitPage,1779833720,1,0,1
ahrup1ic,253,89atr7m5,14,mock_N08_N04_Aonly,GroupSizeWaitPage,1779833720,1,0,1
ahrup1ic,268,4w6zz3iq,14,mock_N08_N04_Aonly,GroupSizeWaitPage,1779833720,1,0,1
ahrup1ic,276,n6nk3yko,14,mock_N08_N04_Aonly,GroupSizeWaitPage,1779833720,1,0,1
ahrup1ic,226,w6vka4xj,16,mock_N08_N04_Aonly,DiscussionGRPWaitPage,1779833721,1,0,1
ahrup1ic,268,4w6zz3iq,16,mock_N08_N04_Aonly,DiscussionGRPWaitPage,1779833721,1,0,1
ahrup1ic,253,89atr7m5,16,mock_N08_N04_Aonly,DiscussionGRPWaitPage,1779833721,1,0,1
ahrup1ic,276,n6nk3yko,16,mock_N08_N04_Aonly,DiscussionGRPWaitPage,1779833721,1,0,1
ahrup1ic,278,wrcmaa39,6,presurvey,TrainingNeighbor_1,1779833721,1,0,0
ahrup1ic,240,ayngbi92,15,mock_N08_N04_Aonly,AttentionCheck,1779833722,1,0,0
ahrup1ic,246,4u3m41bz,15,mock_N08_N04_Aonly,AttentionCheck,1779833723,1,0,0
ahrup1ic,261,kxrjy0z2,11,presurvey,Scenario,1779833725,1,0,0
ahrup1ic,280,ivrnupsc,0,,InitializeParticipant,1779833726,1,0,0
ahrup1ic,277,d9sr7i9u,3,presurvey,Demographics,1779833731,1,0,0
ahrup1ic,280,ivrnupsc,1,presurvey,Introduction,1779833734,1,0,0
ahrup1ic,268,4w6zz3iq,17,mock_N08_N04_Aonly,Nudge,1779833739,1,0,0
ahrup1ic,245,7qnehbef,13,mock_N08_N04_Aonly,GroupingWaitPage,1779833739,1,0,1
ahrup1ic,245,7qnehbef,14,mock_N08_N04_Aonly,GroupSizeWaitPage,1779833743,1,0,1
ahrup1ic,226,w6vka4xj,17,mock_N08_N04_Aonly,Nudge,1779833745,1,0,0
ahrup1ic,245,7qnehbef,15,mock_N08_N04_Aonly,AttentionCheck,1779833750,1,0,0
ahrup1ic,276,n6nk3yko,17,mock_N08_N04_Aonly,Nudge,1779833751,1,0,0
ahrup1ic,268,4w6zz3iq,18,mock_N08_N04_Aonly,NudgeTraining,1779833752,1,0,0
ahrup1ic,277,d9sr7i9u,4,presurvey,NeighborhoodInstruction,1779833755,1,0,0
ahrup1ic,244,g2jwpgx7,13,mock_N08_N04_Aonly,GroupingWaitPage,1779833756,1,0,1
ahrup1ic,244,g2jwpgx7,14,mock_N08_N04_Aonly,GroupSizeWaitPage,1779833758,1,0,1
ahrup1ic,226,w6vka4xj,18,mock_N08_N04_Aonly,NudgeTraining,1779833758,1,0,0
ahrup1ic,253,89atr7m5,17,mock_N08_N04_Aonly,Nudge,1779833758,1,0,0
ahrup1ic,281,3qxcuz7k,0,,InitializeParticipant,1779833759,1,0,0
ahrup1ic,278,wrcmaa39,7,presurvey,TrainingNeighbor_2,1779833759,1,0,0
ahrup1ic,279,wvj3ph3m,1,presurvey,Introduction,1779833759,1,0,0
ahrup1ic,282,bnh5l4ik,0,,InitializeParticipant,1779833761,1,0,0
ahrup1ic,268,4w6zz3iq,19,mock_N08_N04_Aonly,NudgeTrainingLast,1779833763,1,0,0
ahrup1ic,276,n6nk3yko,18,mock_N08_N04_Aonly,NudgeTraining,1779833763,1,0,0
ahrup1ic,244,g2jwpgx7,15,mock_N08_N04_Aonly,AttentionCheck,1779833764,1,0,0
ahrup1ic,226,w6vka4xj,19,mock_N08_N04_Aonly,NudgeTrainingLast,1779833766,1,0,0
ahrup1ic,253,89atr7m5,18,mock_N08_N04_Aonly,NudgeTraining,1779833768,1,0,0
ahrup1ic,279,wvj3ph3m,2,presurvey,AudioCheck,1779833774,1,0,0
ahrup1ic,268,4w6zz3iq,20,mock_N08_N04_Aonly,Phase3,1779833774,1,0,0
ahrup1ic,232,xc3yclgf,13,mock_N08_N04_Aonly,GroupingWaitPage,1779833777,1,0,1
ahrup1ic,258,udzeegfy,11,presurvey,Scenario,1779833779,1,0,0
ahrup1ic,232,xc3yclgf,14,mock_N08_N04_Aonly,GroupSizeWaitPage,1779833785,1,0,1
ahrup1ic,276,n6nk3yko,19,mock_N08_N04_Aonly,NudgeTrainingLast,1779833785,1,0,0
ahrup1ic,253,89atr7m5,19,mock_N08_N04_Aonly,NudgeTrainingLast,1779833786,1,0,0
ahrup1ic,271,pk7binzg,6,presurvey,TrainingNeighbor_1,1779833786,1,0,0
ahrup1ic,282,bnh5l4ik,1,presurvey,Introduction,1779833787,1,0,0
ahrup1ic,279,wvj3ph3m,3,presurvey,Demographics,1779833787,1,0,0
ahrup1ic,278,wrcmaa39,8,presurvey,AttentionCheck,1779833787,1,0,0
ahrup1ic,275,al3btfok,2,presurvey,AudioCheck,1779833789,1,0,0
ahrup1ic,232,xc3yclgf,15,mock_N08_N04_Aonly,AttentionCheck,1779833791,1,0,0
ahrup1ic,261,kxrjy0z2,12,presurvey,Commitment,1779833796,1,0,0
ahrup1ic,268,4w6zz3iq,21,mock_N08_N04_Aonly,Discussion,1779833797,1,0,0
ahrup1ic,279,wvj3ph3m,4,presurvey,NeighborhoodInstruction,1779833799,1,0,0
ahrup1ic,253,89atr7m5,20,mock_N08_N04_Aonly,Phase3,1779833799,1,0,0
ahrup1ic,271,pk7binzg,10,presurvey,ExperimentInstruction,1779833802,1,0,0
ahrup1ic,226,w6vka4xj,20,mock_N08_N04_Aonly,Phase3,1779833805,1,0,0
ahrup1ic,281,3qxcuz7k,1,presurvey,Introduction,1779833807,1,0,0
ahrup1ic,282,bnh5l4ik,2,presurvey,AudioCheck,1779833808,1,0,0
ahrup1ic,278,wrcmaa39,9,presurvey,TrainingNeighbor_3,1779833810,1,0,0
ahrup1ic,253,89atr7m5,21,mock_N08_N04_Aonly,Discussion,1779833813,1,0,0
ahrup1ic,279,wvj3ph3m,5,presurvey,Training,1779833814,1,0,0
ahrup1ic,276,n6nk3yko,20,mock_N08_N04_Aonly,Phase3,1779833815,1,0,0
ahrup1ic,278,wrcmaa39,10,presurvey,ExperimentInstruction,1779833819,1,0,0
ahrup1ic,226,w6vka4xj,21,mock_N08_N04_Aonly,Discussion,1779833822,1,0,0
ahrup1ic,283,odhxxomd,0,,InitializeParticipant,1779833822,1,0,0
ahrup1ic,282,bnh5l4ik,3,presurvey,Demographics,1779833824,1,0,0
ahrup1ic,276,n6nk3yko,21,mock_N08_N04_Aonly,Discussion,1779833824,1,0,0
ahrup1ic,268,4w6zz3iq,28,mock_N08_N04_Aonly,DiscussionGRPWaitPage,1779833824,2,0,1
ahrup1ic,226,w6vka4xj,28,mock_N08_N04_Aonly,DiscussionGRPWaitPage,1779833824,2,0,1
ahrup1ic,253,89atr7m5,28,mock_N08_N04_Aonly,DiscussionGRPWaitPage,1779833824,2,0,1
ahrup1ic,276,n6nk3yko,28,mock_N08_N04_Aonly,DiscussionGRPWaitPage,1779833824,2,0,1
ahrup1ic,277,d9sr7i9u,5,presurvey,Training,1779833827,1,0,0
ahrup1ic,276,n6nk3yko,33,mock_N08_N04_Aonly,Discussion,1779833830,2,0,0
ahrup1ic,226,w6vka4xj,33,mock_N08_N04_Aonly,Discussion,1779833831,2,0,0
ahrup1ic,279,wvj3ph3m,6,presurvey,TrainingNeighbor_1,1779833835,1,0,0
ahrup1ic,237,x510jraq,13,mock_N08_N04_Aonly,GroupingWaitPage,1779833836,1,0,1
ahrup1ic,282,bnh5l4ik,4,presurvey,NeighborhoodInstruction,1779833836,1,0,0
ahrup1ic,283,odhxxomd,1,presurvey,Introduction,1779833836,1,0,0
ahrup1ic,253,89atr7m5,33,mock_N08_N04_Aonly,Discussion,1779833838,2,0,0
ahrup1ic,237,x510jraq,14,mock_N08_N04_Aonly,GroupSizeWaitPage,1779833839,1,0,1
ahrup1ic,284,qhi2uy5p,0,,InitializeParticipant,1779833839,1,0,0
ahrup1ic,268,4w6zz3iq,33,mock_N08_N04_Aonly,Discussion,1779833839,2,0,0
ahrup1ic,279,wvj3ph3m,10,presurvey,ExperimentInstruction,1779833839,1,0,0
ahrup1ic,226,w6vka4xj,40,mock_N08_N04_Aonly,DiscussionGRPWaitPage,1779833840,3,0,1
ahrup1ic,268,4w6zz3iq,40,mock_N08_N04_Aonly,DiscussionGRPWaitPage,1779833840,3,0,1
ahrup1ic,253,89atr7m5,40,mock_N08_N04_Aonly,DiscussionGRPWaitPage,1779833840,3,0,1
ahrup1ic,276,n6nk3yko,40,mock_N08_N04_Aonly,DiscussionGRPWaitPage,1779833840,3,0,1
ahrup1ic,281,3qxcuz7k,2,presurvey,AudioCheck,1779833844,1,0,0
ahrup1ic,284,qhi2uy5p,1,presurvey,Introduction,1779833845,1,0,0
ahrup1ic,276,n6nk3yko,45,mock_N08_N04_Aonly,Discussion,1779833846,3,0,0
ahrup1ic,285,icxmllj5,0,,InitializeParticipant,1779833847,1,0,0
ahrup1ic,226,w6vka4xj,45,mock_N08_N04_Aonly,Discussion,1779833849,3,0,0
ahrup1ic,286,tcegi4j1,0,,InitializeParticipant,1779833850,1,0,0
ahrup1ic,268,4w6zz3iq,45,mock_N08_N04_Aonly,Discussion,1779833852,3,0,0
ahrup1ic,278,wrcmaa39,11,presurvey,Scenario,1779833853,1,0,0
ahrup1ic,237,x510jraq,15,mock_N08_N04_Aonly,AttentionCheck,1779833858,1,0,0
ahrup1ic,283,odhxxomd,2,presurvey,AudioCheck,1779833860,1,0,0
ahrup1ic,253,89atr7m5,45,mock_N08_N04_Aonly,Discussion,1779833860,3,0,0
ahrup1ic,279,wvj3ph3m,11,presurvey,Scenario,1779833862,1,0,0
ahrup1ic,268,4w6zz3iq,52,mock_N08_N04_Aonly,DiscussionGRPWaitPage,1779833863,4,0,1
ahrup1ic,226,w6vka4xj,52,mock_N08_N04_Aonly,DiscussionGRPWaitPage,1779833863,4,0,1
ahrup1ic,253,89atr7m5,52,mock_N08_N04_Aonly,DiscussionGRPWaitPage,1779833863,4,0,1
ahrup1ic,276,n6nk3yko,52,mock_N08_N04_Aonly,DiscussionGRPWaitPage,1779833863,4,0,1
ahrup1ic,271,pk7binzg,11,presurvey,Scenario,1779833866,1,0,0
ahrup1ic,287,pzrp0hhj,0,,InitializeParticipant,1779833866,1,0,0
ahrup1ic,284,qhi2uy5p,2,presurvey,AudioCheck,1779833867,1,0,0
ahrup1ic,276,n6nk3yko,57,mock_N08_N04_Aonly,Discussion,1779833868,4,0,0
ahrup1ic,286,tcegi4j1,1,presurvey,Introduction,1779833869,1,0,0
ahrup1ic,226,w6vka4xj,57,mock_N08_N04_Aonly,Discussion,1779833869,4,0,0
ahrup1ic,268,4w6zz3iq,57,mock_N08_N04_Aonly,Discussion,1779833872,4,0,0
ahrup1ic,253,89atr7m5,57,mock_N08_N04_Aonly,Discussion,1779833874,4,0,0
ahrup1ic,226,w6vka4xj,64,mock_N08_N04_Aonly,DiscussionGRPWaitPage,1779833874,5,0,1
ahrup1ic,253,89atr7m5,64,mock_N08_N04_Aonly,DiscussionGRPWaitPage,1779833874,5,0,1
ahrup1ic,276,n6nk3yko,64,mock_N08_N04_Aonly,DiscussionGRPWaitPage,1779833874,5,0,1
ahrup1ic,268,4w6zz3iq,64,mock_N08_N04_Aonly,DiscussionGRPWaitPage,1779833874,5,0,1
ahrup1ic,279,wvj3ph3m,12,presurvey,Commitment,1779833875,1,0,0
ahrup1ic,281,3qxcuz7k,3,presurvey,Demographics,1779833876,1,0,0
ahrup1ic,276,n6nk3yko,69,mock_N08_N04_Aonly,Discussion,1779833879,5,0,0
ahrup1ic,253,89atr7m5,69,mock_N08_N04_Aonly,Discussion,1779833881,5,0,0
ahrup1ic,283,odhxxomd,3,presurvey,Demographics,1779833883,1,0,0
ahrup1ic,226,w6vka4xj,69,mock_N08_N04_Aonly,Discussion,1779833883,5,0,0
ahrup1ic,268,4w6zz3iq,69,mock_N08_N04_Aonly,Discussion,1779833884,5,0,0
ahrup1ic,226,w6vka4xj,76,mock_N08_N04_Aonly,DiscussionGRPWaitPage,1779833884,6,0,1
ahrup1ic,253,89atr7m5,76,mock_N08_N04_Aonly,DiscussionGRPWaitPage,1779833884,6,0,1
ahrup1ic,268,4w6zz3iq,76,mock_N08_N04_Aonly,DiscussionGRPWaitPage,1779833884,6,0,1
ahrup1ic,276,n6nk3yko,76,mock_N08_N04_Aonly,DiscussionGRPWaitPage,1779833884,6,0,1
ahrup1ic,286,tcegi4j1,2,presurvey,AudioCheck,1779833885,1,0,0
ahrup1ic,277,d9sr7i9u,6,presurvey,TrainingNeighbor_1,1779833886,1,0,0
ahrup1ic,268,4w6zz3iq,81,mock_N08_N04_Aonly,Discussion,1779833888,6,0,0
ahrup1ic,283,odhxxomd,4,presurvey,NeighborhoodInstruction,1779833889,1,0,0
ahrup1ic,226,w6vka4xj,81,mock_N08_N04_Aonly,Discussion,1779833890,6,0,0
ahrup1ic,276,n6nk3yko,81,mock_N08_N04_Aonly,Discussion,1779833891,6,0,0
ahrup1ic,284,qhi2uy5p,3,presurvey,Demographics,1779833891,1,0,0
ahrup1ic,277,d9sr7i9u,7,presurvey,TrainingNeighbor_2,1779833893,1,0,0
ahrup1ic,253,89atr7m5,81,mock_N08_N04_Aonly,Discussion,1779833894,6,0,0
ahrup1ic,268,4w6zz3iq,88,mock_N08_N04_Aonly,DiscussionGRPWaitPage,1779833894,7,0,1
ahrup1ic,226,w6vka4xj,88,mock_N08_N04_Aonly,DiscussionGRPWaitPage,1779833894,7,0,1
ahrup1ic,253,89atr7m5,88,mock_N08_N04_Aonly,DiscussionGRPWaitPage,1779833894,7,0,1
ahrup1ic,276,n6nk3yko,88,mock_N08_N04_Aonly,DiscussionGRPWaitPage,1779833894,7,0,1
ahrup1ic,247,j9q7bjbi,13,mock_N08_N04_Aonly,GroupingWaitPage,1779833896,1,0,1
ahrup1ic,285,icxmllj5,1,presurvey,Introduction,1779833896,1,0,0
ahrup1ic,247,j9q7bjbi,14,mock_N08_N04_Aonly,GroupSizeWaitPage,1779833898,1,0,1
ahrup1ic,268,4w6zz3iq,93,mock_N08_N04_Aonly,Discussion,1779833899,7,0,0
ahrup1ic,226,w6vka4xj,93,mock_N08_N04_Aonly,Discussion,1779833899,7,0,0
ahrup1ic,276,n6nk3yko,93,mock_N08_N04_Aonly,Discussion,1779833900,7,0,0
ahrup1ic,281,3qxcuz7k,4,presurvey,NeighborhoodInstruction,1779833900,1,0,0
ahrup1ic,253,89atr7m5,93,mock_N08_N04_Aonly,Discussion,1779833900,7,0,0
ahrup1ic,226,w6vka4xj,100,mock_N08_N04_Aonly,DiscussionGRPWaitPage,1779833901,8,0,1
ahrup1ic,253,89atr7m5,100,mock_N08_N04_Aonly,DiscussionGRPWaitPage,1779833901,8,0,1
ahrup1ic,276,n6nk3yko,100,mock_N08_N04_Aonly,DiscussionGRPWaitPage,1779833901,8,0,1
ahrup1ic,268,4w6zz3iq,100,mock_N08_N04_Aonly,DiscussionGRPWaitPage,1779833901,8,0,1
ahrup1ic,268,4w6zz3iq,105,mock_N08_N04_Aonly,Discussion,1779833905,8,0,0
ahrup1ic,253,89atr7m5,105,mock_N08_N04_Aonly,Discussion,1779833906,8,0,0
ahrup1ic,247,j9q7bjbi,15,mock_N08_N04_Aonly,AttentionCheck,1779833906,1,0,0
ahrup1ic,226,w6vka4xj,105,mock_N08_N04_Aonly,Discussion,1779833908,8,0,0
ahrup1ic,276,n6nk3yko,105,mock_N08_N04_Aonly,Discussion,1779833908,8,0,0
ahrup1ic,268,4w6zz3iq,112,mock_N08_N04_Aonly,DiscussionGRPWaitPage,1779833908,9,0,1
ahrup1ic,276,n6nk3yko,112,mock_N08_N04_Aonly,DiscussionGRPWaitPage,1779833908,9,0,1
ahrup1ic,226,w6vka4xj,112,mock_N08_N04_Aonly,DiscussionGRPWaitPage,1779833908,9,0,1
ahrup1ic,253,89atr7m5,112,mock_N08_N04_Aonly,DiscussionGRPWaitPage,1779833908,9,0,1
ahrup1ic,284,qhi2uy5p,4,presurvey,NeighborhoodInstruction,1779833910,1,0,0
ahrup1ic,226,w6vka4xj,117,mock_N08_N04_Aonly,Discussion,1779833913,9,0,0
ahrup1ic,268,4w6zz3iq,117,mock_N08_N04_Aonly,Discussion,1779833914,9,0,0
ahrup1ic,282,bnh5l4ik,5,presurvey,Training,1779833916,1,0,0
ahrup1ic,283,odhxxomd,5,presurvey,Training,1779833916,1,0,0
ahrup1ic,253,89atr7m5,117,mock_N08_N04_Aonly,Discussion,1779833917,9,0,0
ahrup1ic,276,n6nk3yko,117,mock_N08_N04_Aonly,Discussion,1779833919,9,0,0
ahrup1ic,268,4w6zz3iq,124,mock_N08_N04_Aonly,DiscussionGRPWaitPage,1779833919,10,0,1
ahrup1ic,226,w6vka4xj,124,mock_N08_N04_Aonly,DiscussionGRPWaitPage,1779833919,10,0,1
ahrup1ic,253,89atr7m5,124,mock_N08_N04_Aonly,DiscussionGRPWaitPage,1779833919,10,0,1
ahrup1ic,276,n6nk3yko,124,mock_N08_N04_Aonly,DiscussionGRPWaitPage,1779833919,10,0,1
ahrup1ic,286,tcegi4j1,3,presurvey,Demographics,1779833920,1,0,0
ahrup1ic,268,4w6zz3iq,129,mock_N08_N04_Aonly,Discussion,1779833922,10,0,0
ahrup1ic,285,icxmllj5,2,presurvey,AudioCheck,1779833923,1,0,0
ahrup1ic,256,39nnxflc,13,mock_N08_N04_Aonly,GroupingWaitPage,1779833925,1,0,1
ahrup1ic,253,89atr7m5,129,mock_N08_N04_Aonly,Discussion,1779833926,10,0,0
ahrup1ic,256,39nnxflc,14,mock_N08_N04_Aonly,GroupSizeWaitPage,1779833927,1,0,1
ahrup1ic,226,w6vka4xj,129,mock_N08_N04_Aonly,Discussion,1779833928,10,0,0
ahrup1ic,276,n6nk3yko,129,mock_N08_N04_Aonly,Discussion,1779833929,10,0,0
ahrup1ic,253,89atr7m5,136,mock_N08_N04_Aonly,DiscussionGRPWaitPage,1779833929,11,0,1
ahrup1ic,276,n6nk3yko,136,mock_N08_N04_Aonly,DiscussionGRPWaitPage,1779833929,11,0,1
ahrup1ic,268,4w6zz3iq,136,mock_N08_N04_Aonly,DiscussionGRPWaitPage,1779833929,11,0,1
ahrup1ic,226,w6vka4xj,136,mock_N08_N04_Aonly,DiscussionGRPWaitPage,1779833929,11,0,1
ahrup1ic,276,n6nk3yko,141,mock_N08_N04_Aonly,Discussion,1779833935,11,0,0
ahrup1ic,253,89atr7m5,141,mock_N08_N04_Aonly,Discussion,1779833935,11,0,0
ahrup1ic,226,w6vka4xj,141,mock_N08_N04_Aonly,Discussion,1779833936,11,0,0
ahrup1ic,268,4w6zz3iq,141,mock_N08_N04_Aonly,Discussion,1779833937,11,0,0
ahrup1ic,276,n6nk3yko,148,mock_N08_N04_Aonly,DiscussionGRPWaitPage,1779833937,12,0,1
ahrup1ic,226,w6vka4xj,148,mock_N08_N04_Aonly,DiscussionGRPWaitPage,1779833937,12,0,1
ahrup1ic,253,89atr7m5,148,mock_N08_N04_Aonly,DiscussionGRPWaitPage,1779833937,12,0,1
ahrup1ic,268,4w6zz3iq,148,mock_N08_N04_Aonly,DiscussionGRPWaitPage,1779833937,12,0,1
ahrup1ic,277,d9sr7i9u,10,presurvey,ExperimentInstruction,1779833939,1,0,0
ahrup1ic,283,odhxxomd,6,presurvey,TrainingNeighbor_1,1779833940,1,0,0
ahrup1ic,268,4w6zz3iq,153,mock_N08_N04_Aonly,Discussion,1779833941,12,0,0
ahrup1ic,288,bkw77pzn,0,,InitializeParticipant,1779833942,1,0,0
ahrup1ic,226,w6vka4xj,153,mock_N08_N04_Aonly,Discussion,1779833942,12,0,0
ahrup1ic,276,n6nk3yko,153,mock_N08_N04_Aonly,Discussion,1779833943,12,0,0
ahrup1ic,253,89atr7m5,153,mock_N08_N04_Aonly,Discussion,1779833945,12,0,0
ahrup1ic,268,4w6zz3iq,160,mock_N08_N04_Aonly,DiscussionGRPWaitPage,1779833945,13,0,1
ahrup1ic,226,w6vka4xj,160,mock_N08_N04_Aonly,DiscussionGRPWaitPage,1779833945,13,0,1
ahrup1ic,253,89atr7m5,160,mock_N08_N04_Aonly,DiscussionGRPWaitPage,1779833945,13,0,1
ahrup1ic,276,n6nk3yko,160,mock_N08_N04_Aonly,DiscussionGRPWaitPage,1779833945,13,0,1
ahrup1ic,256,39nnxflc,15,mock_N08_N04_Aonly,AttentionCheck,1779833946,1,0,0
ahrup1ic,253,89atr7m5,165,mock_N08_N04_Aonly,Discussion,1779833949,13,0,0
ahrup1ic,226,w6vka4xj,165,mock_N08_N04_Aonly,Discussion,1779833949,13,0,0
ahrup1ic,282,bnh5l4ik,6,presurvey,TrainingNeighbor_1,1779833950,1,0,0
ahrup1ic,271,pk7binzg,12,presurvey,Commitment,1779833950,1,0,0
ahrup1ic,268,4w6zz3iq,165,mock_N08_N04_Aonly,Discussion,1779833950,13,0,0
ahrup1ic,284,qhi2uy5p,5,presurvey,Training,1779833951,1,0,0
ahrup1ic,276,n6nk3yko,165,mock_N08_N04_Aonly,Discussion,1779833953,13,0,0
ahrup1ic,253,89atr7m5,172,mock_N08_N04_Aonly,DiscussionGRPWaitPage,1779833953,14,0,1
ahrup1ic,276,n6nk3yko,172,mock_N08_N04_Aonly,DiscussionGRPWaitPage,1779833953,14,0,1
ahrup1ic,268,4w6zz3iq,172,mock_N08_N04_Aonly,DiscussionGRPWaitPage,1779833953,14,0,1
ahrup1ic,226,w6vka4xj,172,mock_N08_N04_Aonly,DiscussionGRPWaitPage,1779833953,14,0,1
ahrup1ic,281,3qxcuz7k,5,presurvey,Training,1779833953,1,0,0
ahrup1ic,283,odhxxomd,7,presurvey,TrainingNeighbor_2,1779833953,1,0,0
ahrup1ic,253,89atr7m5,177,mock_N08_N04_Aonly,Discussion,1779833956,14,0,0
ahrup1ic,276,n6nk3yko,177,mock_N08_N04_Aonly,Discussion,1779833958,14,0,0
ahrup1ic,226,w6vka4xj,177,mock_N08_N04_Aonly,Discussion,1779833959,14,0,0
ahrup1ic,268,4w6zz3iq,177,mock_N08_N04_Aonly,Discussion,1779833961,14,0,0
ahrup1ic,268,4w6zz3iq,184,mock_N08_N04_Aonly,DiscussionGRPWaitPage,1779833961,15,0,1
ahrup1ic,276,n6nk3yko,184,mock_N08_N04_Aonly,DiscussionGRPWaitPage,1779833961,15,0,1
ahrup1ic,226,w6vka4xj,184,mock_N08_N04_Aonly,DiscussionGRPWaitPage,1779833961,15,0,1
ahrup1ic,253,89atr7m5,184,mock_N08_N04_Aonly,DiscussionGRPWaitPage,1779833961,15,0,1
ahrup1ic,288,bkw77pzn,1,presurvey,Introduction,1779833962,1,0,0
ahrup1ic,253,89atr7m5,189,mock_N08_N04_Aonly,Discussion,1779833964,15,0,0
ahrup1ic,283,odhxxomd,10,presurvey,ExperimentInstruction,1779833964,1,0,0
ahrup1ic,226,w6vka4xj,189,mock_N08_N04_Aonly,Discussion,1779833966,15,0,0
ahrup1ic,268,4w6zz3iq,189,mock_N08_N04_Aonly,Discussion,1779833966,15,0,0
ahrup1ic,276,n6nk3yko,189,mock_N08_N04_Aonly,Discussion,1779833968,15,0,0
ahrup1ic,268,4w6zz3iq,196,mock_N08_N04_Aonly,DiscussionGRPWaitPage,1779833968,16,0,1
ahrup1ic,226,w6vka4xj,196,mock_N08_N04_Aonly,DiscussionGRPWaitPage,1779833968,16,0,1
ahrup1ic,253,89atr7m5,196,mock_N08_N04_Aonly,DiscussionGRPWaitPage,1779833968,16,0,1
ahrup1ic,276,n6nk3yko,196,mock_N08_N04_Aonly,DiscussionGRPWaitPage,1779833968,16,0,1
ahrup1ic,253,89atr7m5,201,mock_N08_N04_Aonly,Discussion,1779833971,16,0,0
ahrup1ic,288,bkw77pzn,2,presurvey,AudioCheck,1779833972,1,0,0
ahrup1ic,268,4w6zz3iq,201,mock_N08_N04_Aonly,Discussion,1779833972,16,0,0
ahrup1ic,226,w6vka4xj,201,mock_N08_N04_Aonly,Discussion,1779833973,16,0,0
ahrup1ic,276,n6nk3yko,201,mock_N08_N04_Aonly,Discussion,1779833977,16,0,0
ahrup1ic,276,n6nk3yko,208,mock_N08_N04_Aonly,DiscussionGRPWaitPage,1779833977,17,0,1
ahrup1ic,226,w6vka4xj,208,mock_N08_N04_Aonly,DiscussionGRPWaitPage,1779833977,17,0,1
ahrup1ic,253,89atr7m5,208,mock_N08_N04_Aonly,DiscussionGRPWaitPage,1779833977,17,0,1
ahrup1ic,268,4w6zz3iq,208,mock_N08_N04_Aonly,DiscussionGRPWaitPage,1779833977,17,0,1
ahrup1ic,288,bkw77pzn,3,presurvey,Demographics,1779833979,1,0,0
ahrup1ic,253,89atr7m5,213,mock_N08_N04_Aonly,Discussion,1779833980,17,0,0
ahrup1ic,226,w6vka4xj,213,mock_N08_N04_Aonly,Discussion,1779833981,17,0,0
ahrup1ic,288,bkw77pzn,4,presurvey,NeighborhoodInstruction,1779833981,1,0,0
ahrup1ic,268,4w6zz3iq,213,mock_N08_N04_Aonly,Discussion,1779833981,17,0,0
ahrup1ic,276,n6nk3yko,213,mock_N08_N04_Aonly,Discussion,1779833983,17,0,0
ahrup1ic,268,4w6zz3iq,220,mock_N08_N04_Aonly,DiscussionGRPWaitPage,1779833983,18,0,1
ahrup1ic,276,n6nk3yko,220,mock_N08_N04_Aonly,DiscussionGRPWaitPage,1779833983,18,0,1
ahrup1ic,226,w6vka4xj,220,mock_N08_N04_Aonly,DiscussionGRPWaitPage,1779833983,18,0,1
ahrup1ic,253,89atr7m5,220,mock_N08_N04_Aonly,DiscussionGRPWaitPage,1779833983,18,0,1
ahrup1ic,250,v3gmkv1k,13,mock_N08_N04_Aonly,GroupingWaitPage,1779833986,1,0,1
ahrup1ic,277,d9sr7i9u,11,presurvey,Scenario,1779833986,1,0,0
ahrup1ic,289,m80v50zw,0,,InitializeParticipant,1779833988,1,0,0
ahrup1ic,250,v3gmkv1k,14,mock_N08_N04_Aonly,GroupSizeWaitPage,1779833988,1,0,1
ahrup1ic,253,89atr7m5,225,mock_N08_N04_Aonly,Discussion,1779833988,18,0,0
ahrup1ic,276,n6nk3yko,225,mock_N08_N04_Aonly,Discussion,1779833988,18,0,0
ahrup1ic,226,w6vka4xj,225,mock_N08_N04_Aonly,Discussion,1779833988,18,0,0
ahrup1ic,282,bnh5l4ik,10,presurvey,ExperimentInstruction,1779833988,1,0,0
ahrup1ic,268,4w6zz3iq,225,mock_N08_N04_Aonly,Discussion,1779833988,18,0,0
ahrup1ic,268,4w6zz3iq,232,mock_N08_N04_Aonly,DiscussionGRPWaitPage,1779833988,19,0,1
ahrup1ic,226,w6vka4xj,232,mock_N08_N04_Aonly,DiscussionGRPWaitPage,1779833988,19,0,1
ahrup1ic,253,89atr7m5,232,mock_N08_N04_Aonly,DiscussionGRPWaitPage,1779833988,19,0,1
ahrup1ic,276,n6nk3yko,232,mock_N08_N04_Aonly,DiscussionGRPWaitPage,1779833988,19,0,1
ahrup1ic,283,odhxxomd,11,presurvey,Scenario,1779833990,1,0,0
ahrup1ic,253,89atr7m5,237,mock_N08_N04_Aonly,Discussion,1779833993,19,0,0
ahrup1ic,290,oyxeel4w,0,,InitializeParticipant,1779833993,1,0,0
ahrup1ic,276,n6nk3yko,237,mock_N08_N04_Aonly,Discussion,1779833994,19,0,0
ahrup1ic,286,tcegi4j1,4,presurvey,NeighborhoodInstruction,1779833995,1,0,0
ahrup1ic,268,4w6zz3iq,237,mock_N08_N04_Aonly,Discussion,1779833997,19,0,0
ahrup1ic,226,w6vka4xj,237,mock_N08_N04_Aonly,Discussion,1779833998,19,0,0
ahrup1ic,268,4w6zz3iq,244,mock_N08_N04_Aonly,DiscussionGRPWaitPage,1779833998,20,0,1
ahrup1ic,276,n6nk3yko,244,mock_N08_N04_Aonly,DiscussionGRPWaitPage,1779833998,20,0,1
ahrup1ic,226,w6vka4xj,244,mock_N08_N04_Aonly,DiscussionGRPWaitPage,1779833998,20,0,1
ahrup1ic,253,89atr7m5,244,mock_N08_N04_Aonly,DiscussionGRPWaitPage,1779833998,20,0,1
ahrup1ic,253,89atr7m5,249,mock_N08_N04_Aonly,Discussion,1779834001,20,0,0
ahrup1ic,268,4w6zz3iq,249,mock_N08_N04_Aonly,Discussion,1779834001,20,0,0
ahrup1ic,276,n6nk3yko,249,mock_N08_N04_Aonly,Discussion,1779834005,20,0,0
ahrup1ic,226,w6vka4xj,249,mock_N08_N04_Aonly,Discussion,1779834005,20,0,0
ahrup1ic,289,m80v50zw,1,presurvey,Introduction,1779834006,1,0,0
ahrup1ic,250,v3gmkv1k,15,mock_N08_N04_Aonly,AttentionCheck,1779834012,1,0,0
ahrup1ic,288,bkw77pzn,5,presurvey,Training,1779834015,1,0,0
ahrup1ic,281,3qxcuz7k,6,presurvey,TrainingNeighbor_1,1779834021,1,0,0
ahrup1ic,226,w6vka4xj,250,mock_N08_N04_Aonly,Additional,1779834025,20,0,0
ahrup1ic,283,odhxxomd,12,presurvey,Commitment,1779834025,1,0,0
ahrup1ic,291,8njas8eh,0,,InitializeParticipant,1779834027,1,0,0
ahrup1ic,284,qhi2uy5p,6,presurvey,TrainingNeighbor_1,1779834028,1,0,0
ahrup1ic,253,89atr7m5,250,mock_N08_N04_Aonly,Additional,1779834031,20,0,0
ahrup1ic,259,qwomrxta,13,mock_N08_N04_Aonly,GroupingWaitPage,1779834034,1,0,1
ahrup1ic,268,4w6zz3iq,250,mock_N08_N04_Aonly,Additional,1779834034,20,0,0
ahrup1ic,259,qwomrxta,14,mock_N08_N04_Aonly,GroupSizeWaitPage,1779834036,1,0,1
ahrup1ic,285,icxmllj5,3,presurvey,Demographics,1779834039,1,0,0
ahrup1ic,288,bkw77pzn,6,presurvey,TrainingNeighbor_1,1779834039,1,0,0
ahrup1ic,291,8njas8eh,1,presurvey,Introduction,1779834040,1,0,0
ahrup1ic,259,qwomrxta,15,mock_N08_N04_Aonly,AttentionCheck,1779834042,1,0,0
ahrup1ic,276,n6nk3yko,250,mock_N08_N04_Aonly,Additional,1779834044,20,0,0
ahrup1ic,276,n6nk3yko,251,mock_N08_N04_Aonly,FinalRoundWaitPage,1779834044,20,0,1
ahrup1ic,268,4w6zz3iq,251,mock_N08_N04_Aonly,FinalRoundWaitPage,1779834044,20,0,1
ahrup1ic,226,w6vka4xj,251,mock_N08_N04_Aonly,FinalRoundWaitPage,1779834044,20,0,1
ahrup1ic,253,89atr7m5,251,mock_N08_N04_Aonly,FinalRoundWaitPage,1779834044,20,0,1
ahrup1ic,288,bkw77pzn,10,presurvey,ExperimentInstruction,1779834046,1,0,0
ahrup1ic,241,f4dgpdqm,13,mock_N08_N04_Aonly,GroupingWaitPage,1779834048,1,0,1
ahrup1ic,252,t4l3cdbn,13,mock_N08_N04_Aonly,GroupingWaitPage,1779834049,1,0,1
ahrup1ic,282,bnh5l4ik,11,presurvey,Scenario,1779834051,1,0,0
ahrup1ic,241,f4dgpdqm,14,mock_N08_N04_Aonly,GroupSizeWaitPage,1779834051,1,0,1
ahrup1ic,252,t4l3cdbn,14,mock_N08_N04_Aonly,GroupSizeWaitPage,1779834051,1,0,1
ahrup1ic,226,w6vka4xj,252,mock_N08_N04_Aonly,FinalRound,1779834052,20,0,0
ahrup1ic,253,89atr7m5,252,mock_N08_N04_Aonly,FinalRound,1779834052,20,0,0
ahrup1ic,281,3qxcuz7k,10,presurvey,ExperimentInstruction,1779834053,1,0,0
ahrup1ic,286,tcegi4j1,5,presurvey,Training,1779834054,1,0,0
ahrup1ic,276,n6nk3yko,252,mock_N08_N04_Aonly,FinalRound,1779834054,20,0,0
ahrup1ic,268,4w6zz3iq,252,mock_N08_N04_Aonly,FinalRound,1779834054,20,0,0
ahrup1ic,241,f4dgpdqm,15,mock_N08_N04_Aonly,AttentionCheck,1779834063,1,0,0
ahrup1ic,252,t4l3cdbn,15,mock_N08_N04_Aonly,AttentionCheck,1779834068,1,0,0
ahrup1ic,257,s0h5vhpg,13,mock_N08_N04_Aonly,GroupingWaitPage,1779834071,1,0,1
ahrup1ic,292,esjvv0x3,0,,InitializeParticipant,1779834072,1,0,0
ahrup1ic,257,s0h5vhpg,14,mock_N08_N04_Aonly,GroupSizeWaitPage,1779834073,1,0,1
ahrup1ic,285,icxmllj5,4,presurvey,NeighborhoodInstruction,1779834075,1,0,0
ahrup1ic,292,esjvv0x3,1,presurvey,Introduction,1779834079,1,0,0
ahrup1ic,257,s0h5vhpg,15,mock_N08_N04_Aonly,AttentionCheck,1779834079,1,0,0
ahrup1ic,291,8njas8eh,2,presurvey,AudioCheck,1779834085,1,0,0
ahrup1ic,288,bkw77pzn,11,presurvey,Scenario,1779834087,1,0,0
ahrup1ic,282,bnh5l4ik,12,presurvey,Commitment,1779834088,1,0,0
ahrup1ic,281,3qxcuz7k,11,presurvey,Scenario,1779834090,1,0,0
ahrup1ic,292,esjvv0x3,2,presurvey,AudioCheck,1779834090,1,0,0
ahrup1ic,292,esjvv0x3,3,presurvey,Demographics,1779834098,1,0,0
ahrup1ic,234,5fgxinkt,13,mock_N08_N04_Aonly,GroupingWaitPage,1779834104,1,0,1
ahrup1ic,284,qhi2uy5p,7,presurvey,TrainingNeighbor_2,1779834105,1,0,0
ahrup1ic,234,5fgxinkt,14,mock_N08_N04_Aonly,GroupSizeWaitPage,1779834106,1,0,1
ahrup1ic,291,8njas8eh,3,presurvey,Demographics,1779834106,1,0,0
ahrup1ic,288,bkw77pzn,12,presurvey,Commitment,1779834112,1,0,0
ahrup1ic,290,oyxeel4w,1,presurvey,Introduction,1779834118,1,0,0
ahrup1ic,234,5fgxinkt,15,mock_N08_N04_Aonly,AttentionCheck,1779834118,1,0,0
ahrup1ic,284,qhi2uy5p,10,presurvey,ExperimentInstruction,1779834120,1,0,0
ahrup1ic,285,icxmllj5,5,presurvey,Training,1779834123,1,0,0
ahrup1ic,291,8njas8eh,4,presurvey,NeighborhoodInstruction,1779834124,1,0,0
ahrup1ic,286,tcegi4j1,6,presurvey,TrainingNeighbor_1,1779834130,1,0,0
ahrup1ic,286,tcegi4j1,7,presurvey,TrainingNeighbor_2,1779834144,1,0,0
ahrup1ic,277,d9sr7i9u,12,presurvey,Commitment,1779834153,1,0,0
ahrup1ic,286,tcegi4j1,10,presurvey,ExperimentInstruction,1779834156,1,0,0
ahrup1ic,290,oyxeel4w,2,presurvey,AudioCheck,1779834161,1,0,0
ahrup1ic,292,esjvv0x3,4,presurvey,NeighborhoodInstruction,1779834163,1,0,0
ahrup1ic,292,esjvv0x3,5,presurvey,Training,1779834169,1,0,0
ahrup1ic,291,8njas8eh,5,presurvey,Training,1779834172,1,0,0
ahrup1ic,265,50m0yd97,13,mock_N08_N04_Aonly,GroupingWaitPage,1779834173,1,0,1
ahrup1ic,265,50m0yd97,14,mock_N08_N04_Aonly,GroupSizeWaitPage,1779834174,1,0,1
ahrup1ic,292,esjvv0x3,6,presurvey,TrainingNeighbor_1,1779834177,1,0,0
ahrup1ic,265,50m0yd97,15,mock_N08_N04_Aonly,AttentionCheck,1779834180,1,0,0
ahrup1ic,292,esjvv0x3,10,presurvey,ExperimentInstruction,1779834183,1,0,0
ahrup1ic,284,qhi2uy5p,11,presurvey,Scenario,1779834185,1,0,0
ahrup1ic,281,3qxcuz7k,12,presurvey,Commitment,1779834186,1,0,0
ahrup1ic,290,oyxeel4w,3,presurvey,Demographics,1779834191,1,0,0
ahrup1ic,292,esjvv0x3,11,presurvey,Scenario,1779834192,1,0,0
ahrup1ic,286,tcegi4j1,11,presurvey,Scenario,1779834194,1,0,0
ahrup1ic,292,esjvv0x3,12,presurvey,Commitment,1779834205,1,0,0
ahrup1ic,263,nt015xmj,13,mock_N08_N04_Aonly,GroupingWaitPage,1779834205,1,0,1
ahrup1ic,263,nt015xmj,14,mock_N08_N04_Aonly,GroupSizeWaitPage,1779834207,1,0,1
ahrup1ic,266,z1bijzkq,13,mock_N08_N04_Aonly,GroupingWaitPage,1779834212,1,0,1
ahrup1ic,263,nt015xmj,15,mock_N08_N04_Aonly,AttentionCheck,1779834212,1,0,0
ahrup1ic,266,z1bijzkq,14,mock_N08_N04_Aonly,GroupSizeWaitPage,1779834215,1,0,1
ahrup1ic,264,2y9fw60a,13,mock_N08_N04_Aonly,GroupingWaitPage,1779834218,1,0,1
ahrup1ic,264,2y9fw60a,14,mock_N08_N04_Aonly,GroupSizeWaitPage,1779834219,1,0,1
ahrup1ic,266,z1bijzkq,15,mock_N08_N04_Aonly,AttentionCheck,1779834222,1,0,0
ahrup1ic,291,8njas8eh,6,presurvey,TrainingNeighbor_1,1779834228,1,0,0
ahrup1ic,290,oyxeel4w,4,presurvey,NeighborhoodInstruction,1779834230,1,0,0
ahrup1ic,264,2y9fw60a,15,mock_N08_N04_Aonly,AttentionCheck,1779834231,1,0,0
ahrup1ic,284,qhi2uy5p,12,presurvey,Commitment,1779834233,1,0,0
ahrup1ic,286,tcegi4j1,12,presurvey,Commitment,1779834236,1,0,0
ahrup1ic,293,hvk4r5rv,0,,InitializeParticipant,1779834241,1,0,0
ahrup1ic,291,8njas8eh,10,presurvey,ExperimentInstruction,1779834251,1,0,0
ahrup1ic,293,hvk4r5rv,1,presurvey,Introduction,1779834259,1,0,0
ahrup1ic,293,hvk4r5rv,2,presurvey,AudioCheck,1779834283,1,0,0
ahrup1ic,290,oyxeel4w,5,presurvey,Training,1779834283,1,0,0
ahrup1ic,269,6v8vf1hz,13,mock_N08_N04_Aonly,GroupingWaitPage,1779834292,1,0,1
ahrup1ic,269,6v8vf1hz,14,mock_N08_N04_Aonly,GroupSizeWaitPage,1779834293,1,0,1
ahrup1ic,291,8njas8eh,11,presurvey,Scenario,1779834297,1,0,0
ahrup1ic,269,6v8vf1hz,15,mock_N08_N04_Aonly,AttentionCheck,1779834298,1,0,0
ahrup1ic,293,hvk4r5rv,3,presurvey,Demographics,1779834301,1,0,0
ahrup1ic,293,hvk4r5rv,4,presurvey,NeighborhoodInstruction,1779834310,1,0,0
ahrup1ic,294,mzqxrdyg,0,,InitializeParticipant,1779834313,1,0,0
ahrup1ic,272,zpw1qz1r,13,mock_N08_N04_Aonly,GroupingWaitPage,1779834316,1,0,1
ahrup1ic,272,zpw1qz1r,14,mock_N08_N04_Aonly,GroupSizeWaitPage,1779834317,1,0,1
ahrup1ic,294,mzqxrdyg,1,presurvey,Introduction,1779834320,1,0,0
ahrup1ic,272,zpw1qz1r,15,mock_N08_N04_Aonly,AttentionCheck,1779834322,1,0,0
ahrup1ic,293,hvk4r5rv,5,presurvey,Training,1779834326,1,0,0
ahrup1ic,294,mzqxrdyg,2,presurvey,AudioCheck,1779834340,1,0,0
ahrup1ic,293,hvk4r5rv,6,presurvey,TrainingNeighbor_1,1779834344,1,0,0
ahrup1ic,293,hvk4r5rv,10,presurvey,ExperimentInstruction,1779834350,1,0,0
ahrup1ic,294,mzqxrdyg,3,presurvey,Demographics,1779834352,1,0,0
ahrup1ic,294,mzqxrdyg,4,presurvey,NeighborhoodInstruction,1779834361,1,0,0
ahrup1ic,294,mzqxrdyg,5,presurvey,Training,1779834371,1,0,0
ahrup1ic,290,oyxeel4w,6,presurvey,TrainingNeighbor_1,1779834379,1,0,0
ahrup1ic,293,hvk4r5rv,11,presurvey,Scenario,1779834380,1,0,0
ahrup1ic,291,8njas8eh,12,presurvey,Commitment,1779834387,1,0,0
ahrup1ic,290,oyxeel4w,7,presurvey,TrainingNeighbor_2,1779834392,1,0,0
ahrup1ic,294,mzqxrdyg,6,presurvey,TrainingNeighbor_1,1779834402,1,0,0
ahrup1ic,295,3bzjvr95,0,,InitializeParticipant,1779834407,1,0,0
ahrup1ic,294,mzqxrdyg,10,presurvey,ExperimentInstruction,1779834407,1,0,0
ahrup1ic,293,hvk4r5rv,12,presurvey,Commitment,1779834422,1,0,0
ahrup1ic,294,mzqxrdyg,11,presurvey,Scenario,1779834432,1,0,0
ahrup1ic,295,3bzjvr95,1,presurvey,Introduction,1779834432,1,0,0
ahrup1ic,296,jupjr95x,0,,InitializeParticipant,1779834437,1,0,0
ahrup1ic,296,jupjr95x,1,presurvey,Introduction,1779834446,1,0,0
ahrup1ic,290,oyxeel4w,10,presurvey,ExperimentInstruction,1779834452,1,0,0
ahrup1ic,295,3bzjvr95,2,presurvey,AudioCheck,1779834455,1,0,0
ahrup1ic,297,e19q986s,0,,InitializeParticipant,1779834455,1,0,0
ahrup1ic,294,mzqxrdyg,12,presurvey,Commitment,1779834457,1,0,0
ahrup1ic,297,e19q986s,1,presurvey,Introduction,1779834463,1,0,0
ahrup1ic,296,jupjr95x,2,presurvey,AudioCheck,1779834475,1,0,0
ahrup1ic,295,3bzjvr95,3,presurvey,Demographics,1779834476,1,0,0
ahrup1ic,297,e19q986s,2,presurvey,AudioCheck,1779834478,1,0,0
ahrup1ic,296,jupjr95x,3,presurvey,Demographics,1779834486,1,0,0
ahrup1ic,297,e19q986s,3,presurvey,Demographics,1779834498,1,0,0
ahrup1ic,297,e19q986s,4,presurvey,NeighborhoodInstruction,1779834513,1,0,0
ahrup1ic,296,jupjr95x,4,presurvey,NeighborhoodInstruction,1779834514,1,0,0
ahrup1ic,261,kxrjy0z2,13,mock_N08_N04_Aonly,GroupingWaitPage,1779834517,1,0,1
ahrup1ic,261,kxrjy0z2,14,mock_N08_N04_Aonly,GroupSizeWaitPage,1779834518,1,0,1
ahrup1ic,290,oyxeel4w,11,presurvey,Scenario,1779834521,1,0,0
ahrup1ic,295,3bzjvr95,4,presurvey,NeighborhoodInstruction,1779834527,1,0,0
ahrup1ic,261,kxrjy0z2,15,mock_N08_N04_Aonly,AttentionCheck,1779834530,1,0,0
ahrup1ic,296,jupjr95x,5,presurvey,Training,1779834570,1,0,0
ahrup1ic,297,e19q986s,5,presurvey,Training,1779834574,1,0,0
ahrup1ic,295,3bzjvr95,5,presurvey,Training,1779834587,1,0,0
ahrup1ic,279,wvj3ph3m,13,mock_N08_N04_Aonly,GroupingWaitPage,1779834596,1,0,1
ahrup1ic,279,wvj3ph3m,14,mock_N08_N04_Aonly,GroupSizeWaitPage,1779834597,1,0,1
ahrup1ic,279,wvj3ph3m,15,mock_N08_N04_Aonly,AttentionCheck,1779834603,1,0,0
ahrup1ic,296,jupjr95x,6,presurvey,TrainingNeighbor_1,1779834614,1,0,0
ahrup1ic,298,l0ta4i21,0,,InitializeParticipant,1779834615,1,0,0
ahrup1ic,296,jupjr95x,10,presurvey,ExperimentInstruction,1779834622,1,0,0
ahrup1ic,295,3bzjvr95,6,presurvey,TrainingNeighbor_1,1779834632,1,0,0
ahrup1ic,298,l0ta4i21,1,presurvey,Introduction,1779834636,1,0,0
ahrup1ic,295,3bzjvr95,10,presurvey,ExperimentInstruction,1779834639,1,0,0
ahrup1ic,297,e19q986s,6,presurvey,TrainingNeighbor_1,1779834643,1,0,0
ahrup1ic,297,e19q986s,10,presurvey,ExperimentInstruction,1779834647,1,0,0
ahrup1ic,298,l0ta4i21,2,presurvey,AudioCheck,1779834656,1,0,0
ahrup1ic,299,kvo1w58p,0,,InitializeParticipant,1779834668,1,0,0
ahrup1ic,298,l0ta4i21,3,presurvey,Demographics,1779834674,1,0,0
ahrup1ic,280,ivrnupsc,2,presurvey,AudioCheck,1779834677,1,0,0
ahrup1ic,296,jupjr95x,11,presurvey,Scenario,1779834679,1,0,0
ahrup1ic,299,kvo1w58p,1,presurvey,Introduction,1779834684,1,0,0
ahrup1ic,295,3bzjvr95,11,presurvey,Scenario,1779834687,1,0,0
ahrup1ic,298,l0ta4i21,4,presurvey,NeighborhoodInstruction,1779834692,1,0,0
ahrup1ic,280,ivrnupsc,3,presurvey,Demographics,1779834702,1,0,0
ahrup1ic,280,ivrnupsc,4,presurvey,NeighborhoodInstruction,1779834713,1,0,0
ahrup1ic,298,l0ta4i21,5,presurvey,Training,1779834725,1,0,0
ahrup1ic,287,pzrp0hhj,1,presurvey,Introduction,1779834730,1,0,0
ahrup1ic,297,e19q986s,11,presurvey,Scenario,1779834746,1,0,0
ahrup1ic,283,odhxxomd,13,mock_N08_N04_Aonly,GroupingWaitPage,1779834747,1,0,1
ahrup1ic,283,odhxxomd,14,mock_N08_N04_Aonly,GroupSizeWaitPage,1779834747,1,0,1
ahrup1ic,300,dvjm80jv,0,,InitializeParticipant,1779834748,1,0,0
ahrup1ic,283,odhxxomd,15,mock_N08_N04_Aonly,AttentionCheck,1779834754,1,0,0
ahrup1ic,298,l0ta4i21,6,presurvey,TrainingNeighbor_1,1779834762,1,0,0
ahrup1ic,298,l0ta4i21,10,presurvey,ExperimentInstruction,1779834783,1,0,0
ahrup1ic,301,2i2znv9p,0,,InitializeParticipant,1779834785,1,0,0
ahrup1ic,301,2i2znv9p,1,presurvey,Introduction,1779834796,1,0,0
ahrup1ic,299,kvo1w58p,2,presurvey,AudioCheck,1779834805,1,0,0
ahrup1ic,282,bnh5l4ik,13,mock_N08_N04_Aonly,GroupingWaitPage,1779834809,1,0,1
ahrup1ic,297,e19q986s,12,presurvey,Commitment,1779834809,1,0,0
ahrup1ic,282,bnh5l4ik,14,mock_N08_N04_Aonly,GroupSizeWaitPage,1779834810,1,0,1
ahrup1ic,301,2i2znv9p,2,presurvey,AudioCheck,1779834811,1,0,0
ahrup1ic,298,l0ta4i21,11,presurvey,Scenario,1779834814,1,0,0
ahrup1ic,300,dvjm80jv,1,presurvey,Introduction,1779834818,1,0,0
ahrup1ic,301,2i2znv9p,3,presurvey,Demographics,1779834824,1,0,0
ahrup1ic,301,2i2znv9p,4,presurvey,NeighborhoodInstruction,1779834828,1,0,0
ahrup1ic,301,2i2znv9p,5,presurvey,Training,1779834831,1,0,0
ahrup1ic,280,ivrnupsc,5,presurvey,Training,1779834835,1,0,0
ahrup1ic,282,bnh5l4ik,15,mock_N08_N04_Aonly,AttentionCheck,1779834846,1,1,0
ahrup1ic,301,2i2znv9p,6,presurvey,TrainingNeighbor_1,1779834850,1,0,0
ahrup1ic,301,2i2znv9p,10,presurvey,ExperimentInstruction,1779834854,1,0,0
ahrup1ic,299,kvo1w58p,3,presurvey,Demographics,1779834856,1,0,0
ahrup1ic,300,dvjm80jv,2,presurvey,AudioCheck,1779834857,1,0,0
ahrup1ic,298,l0ta4i21,12,presurvey,Commitment,1779834858,1,0,0
ahrup1ic,301,2i2znv9p,11,presurvey,Scenario,1779834864,1,0,0
ahrup1ic,299,kvo1w58p,4,presurvey,NeighborhoodInstruction,1779834870,1,0,0
ahrup1ic,301,2i2znv9p,12,presurvey,Commitment,1779834870,1,0,0
ahrup1ic,287,pzrp0hhj,2,presurvey,AudioCheck,1779834872,1,0,0
ahrup1ic,300,dvjm80jv,3,presurvey,Demographics,1779834887,1,0,0
ahrup1ic,287,pzrp0hhj,3,presurvey,Demographics,1779834888,1,0,0
ahrup1ic,280,ivrnupsc,6,presurvey,TrainingNeighbor_1,1779834889,1,0,0
ahrup1ic,280,ivrnupsc,10,presurvey,ExperimentInstruction,1779834896,1,0,0
ahrup1ic,287,pzrp0hhj,4,presurvey,NeighborhoodInstruction,1779834905,1,0,0
ahrup1ic,281,3qxcuz7k,13,mock_N08_N04_Aonly,GroupingWaitPage,1779834907,1,0,1
ahrup1ic,281,3qxcuz7k,14,mock_N08_N04_Aonly,GroupSizeWaitPage,1779834909,1,0,1
ahrup1ic,302,9v0ghydl,0,,InitializeParticipant,1779834917,1,0,0
ahrup1ic,281,3qxcuz7k,15,mock_N08_N04_Aonly,AttentionCheck,1779834923,1,0,0
ahrup1ic,292,esjvv0x3,13,mock_N08_N04_Aonly,GroupingWaitPage,1779834925,1,0,1
ahrup1ic,280,ivrnupsc,11,presurvey,Scenario,1779834925,1,0,0
ahrup1ic,292,esjvv0x3,14,mock_N08_N04_Aonly,GroupSizeWaitPage,1779834926,1,0,1
ahrup1ic,302,9v0ghydl,1,presurvey,Introduction,1779834927,1,0,0
ahrup1ic,299,kvo1w58p,5,presurvey,Training,1779834929,1,0,0
ahrup1ic,292,esjvv0x3,15,mock_N08_N04_Aonly,AttentionCheck,1779834930,1,0,0
ahrup1ic,303,jkmrv4x5,0,,InitializeParticipant,1779834943,1,0,0
ahrup1ic,287,pzrp0hhj,5,presurvey,Training,1779834946,1,0,0
ahrup1ic,300,dvjm80jv,4,presurvey,NeighborhoodInstruction,1779834957,1,0,0
ahrup1ic,284,qhi2uy5p,13,mock_N08_N04_Aonly,GroupingWaitPage,1779834958,1,0,1
ahrup1ic,286,tcegi4j1,13,mock_N08_N04_Aonly,GroupingWaitPage,1779834958,1,0,1
ahrup1ic,284,qhi2uy5p,14,mock_N08_N04_Aonly,GroupSizeWaitPage,1779834959,1,0,1
ahrup1ic,286,tcegi4j1,14,mock_N08_N04_Aonly,GroupSizeWaitPage,1779834960,1,0,1
ahrup1ic,284,qhi2uy5p,15,mock_N08_N04_Aonly,AttentionCheck,1779834964,1,0,0
ahrup1ic,286,tcegi4j1,15,mock_N08_N04_Aonly,AttentionCheck,1779834966,1,0,0
ahrup1ic,287,pzrp0hhj,6,presurvey,TrainingNeighbor_1,1779834968,1,0,0
ahrup1ic,287,pzrp0hhj,10,presurvey,ExperimentInstruction,1779834976,1,0,0
ahrup1ic,300,dvjm80jv,5,presurvey,Training,1779834976,1,0,0
ahrup1ic,299,kvo1w58p,6,presurvey,TrainingNeighbor_1,1779834998,1,0,0
ahrup1ic,302,9v0ghydl,2,presurvey,AudioCheck,1779835001,1,0,0
ahrup1ic,280,ivrnupsc,12,presurvey,Commitment,1779835001,1,0,0
ahrup1ic,287,pzrp0hhj,11,presurvey,Scenario,1779835003,1,0,0
ahrup1ic,299,kvo1w58p,10,presurvey,ExperimentInstruction,1779835013,1,0,0
ahrup1ic,300,dvjm80jv,6,presurvey,TrainingNeighbor_1,1779835023,1,0,0
ahrup1ic,303,jkmrv4x5,1,presurvey,Introduction,1779835024,1,0,0
ahrup1ic,287,pzrp0hhj,12,presurvey,Commitment,1779835032,1,0,0
ahrup1ic,271,pk7binzg,13,mock_N08_N04_Aonly,GroupingWaitPage,1779835032,1,0,1
ahrup1ic,277,d9sr7i9u,13,mock_N08_N04_Aonly,GroupingWaitPage,1779835032,1,0,1
ahrup1ic,287,pzrp0hhj,13,mock_N08_N04_Aonly,GroupingWaitPage,1779835032,1,0,1
ahrup1ic,297,e19q986s,13,mock_N08_N04_Aonly,GroupingWaitPage,1779835032,1,0,1
ahrup1ic,303,jkmrv4x5,2,presurvey,AudioCheck,1779835032,1,0,0
ahrup1ic,271,pk7binzg,14,mock_N08_N04_Aonly,GroupSizeWaitPage,1779835034,1,0,1
ahrup1ic,277,d9sr7i9u,14,mock_N08_N04_Aonly,GroupSizeWaitPage,1779835034,1,0,1
ahrup1ic,287,pzrp0hhj,14,mock_N08_N04_Aonly,GroupSizeWaitPage,1779835034,1,0,1
ahrup1ic,297,e19q986s,14,mock_N08_N04_Aonly,GroupSizeWaitPage,1779835034,1,0,1
ahrup1ic,277,d9sr7i9u,16,mock_N08_N04_Aonly,DiscussionGRPWaitPage,1779835036,1,0,1
ahrup1ic,297,e19q986s,16,mock_N08_N04_Aonly,DiscussionGRPWaitPage,1779835036,1,0,1
ahrup1ic,287,pzrp0hhj,16,mock_N08_N04_Aonly,DiscussionGRPWaitPage,1779835036,1,0,1
ahrup1ic,271,pk7binzg,16,mock_N08_N04_Aonly,DiscussionGRPWaitPage,1779835036,1,0,1
ahrup1ic,302,9v0ghydl,3,presurvey,Demographics,1779835037,1,0,0
ahrup1ic,287,pzrp0hhj,17,mock_N08_N04_Aonly,Nudge,1779835053,1,0,0
ahrup1ic,303,jkmrv4x5,3,presurvey,Demographics,1779835055,1,0,0
ahrup1ic,300,dvjm80jv,10,presurvey,ExperimentInstruction,1779835059,1,0,0
ahrup1ic,303,jkmrv4x5,4,presurvey,NeighborhoodInstruction,1779835061,1,0,0
ahrup1ic,303,jkmrv4x5,5,presurvey,Training,1779835063,1,0,0
ahrup1ic,297,e19q986s,17,mock_N08_N04_Aonly,Nudge,1779835064,1,0,0
ahrup1ic,287,pzrp0hhj,18,mock_N08_N04_Aonly,NudgeTraining,1779835068,1,0,0
ahrup1ic,271,pk7binzg,17,mock_N08_N04_Aonly,Nudge,1779835071,1,0,0
ahrup1ic,287,pzrp0hhj,19,mock_N08_N04_Aonly,NudgeTrainingLast,1779835078,1,0,0
ahrup1ic,299,kvo1w58p,11,presurvey,Scenario,1779835078,1,0,0
ahrup1ic,300,dvjm80jv,11,presurvey,Scenario,1779835081,1,0,0
ahrup1ic,297,e19q986s,18,mock_N08_N04_Aonly,NudgeTraining,1779835087,1,0,0
ahrup1ic,277,d9sr7i9u,17,mock_N08_N04_Aonly,Nudge,1779835087,1,0,0
ahrup1ic,271,pk7binzg,18,mock_N08_N04_Aonly,NudgeTraining,1779835088,1,0,0
ahrup1ic,297,e19q986s,19,mock_N08_N04_Aonly,NudgeTrainingLast,1779835090,1,0,0
ahrup1ic,277,d9sr7i9u,18,mock_N08_N04_Aonly,NudgeTraining,1779835091,1,0,0
ahrup1ic,287,pzrp0hhj,20,mock_N08_N04_Aonly,Phase3,1779835101,1,0,0
ahrup1ic,277,d9sr7i9u,19,mock_N08_N04_Aonly,NudgeTrainingLast,1779835102,1,0,0
ahrup1ic,297,e19q986s,20,mock_N08_N04_Aonly,Phase3,1779835106,1,0,0
ahrup1ic,291,8njas8eh,13,mock_N08_N04_Aonly,GroupingWaitPage,1779835107,1,0,1
ahrup1ic,271,pk7binzg,19,mock_N08_N04_Aonly,NudgeTrainingLast,1779835107,1,0,0
ahrup1ic,291,8njas8eh,14,mock_N08_N04_Aonly,GroupSizeWaitPage,1779835108,1,0,1
ahrup1ic,302,9v0ghydl,4,presurvey,NeighborhoodInstruction,1779835110,1,0,0
ahrup1ic,287,pzrp0hhj,21,mock_N08_N04_Aonly,Discussion,1779835118,1,0,0
ahrup1ic,291,8njas8eh,15,mock_N08_N04_Aonly,AttentionCheck,1779835120,1,0,0
ahrup1ic,297,e19q986s,21,mock_N08_N04_Aonly,Discussion,1779835123,1,0,0
ahrup1ic,271,pk7binzg,20,mock_N08_N04_Aonly,Phase3,1779835126,1,0,0
ahrup1ic,304,yrzwajnz,0,,InitializeParticipant,1779835127,1,0,0
ahrup1ic,304,yrzwajnz,1,presurvey,Introduction,1779835131,1,0,0
ahrup1ic,299,kvo1w58p,12,presurvey,Commitment,1779835140,1,0,0
ahrup1ic,293,hvk4r5rv,13,mock_N08_N04_Aonly,GroupingWaitPage,1779835144,1,0,1
ahrup1ic,277,d9sr7i9u,20,mock_N08_N04_Aonly,Phase3,1779835144,1,0,0
ahrup1ic,293,hvk4r5rv,14,mock_N08_N04_Aonly,GroupSizeWaitPage,1779835145,1,0,1
ahrup1ic,293,hvk4r5rv,15,mock_N08_N04_Aonly,AttentionCheck,1779835150,1,0,0
ahrup1ic,304,yrzwajnz,2,presurvey,AudioCheck,1779835156,1,0,0
ahrup1ic,271,pk7binzg,21,mock_N08_N04_Aonly,Discussion,1779835157,1,0,0
ahrup1ic,304,yrzwajnz,3,presurvey,Demographics,1779835163,1,0,0
ahrup1ic,303,jkmrv4x5,6,presurvey,TrainingNeighbor_1,1779835165,1,0,0
ahrup1ic,302,9v0ghydl,5,presurvey,Training,1779835170,1,0,0
ahrup1ic,304,yrzwajnz,4,presurvey,NeighborhoodInstruction,1779835170,1,0,0
ahrup1ic,303,jkmrv4x5,7,presurvey,TrainingNeighbor_2,1779835178,1,0,0
ahrup1ic,294,mzqxrdyg,13,mock_N08_N04_Aonly,GroupingWaitPage,1779835186,1,0,1
ahrup1ic,294,mzqxrdyg,14,mock_N08_N04_Aonly,GroupSizeWaitPage,1779835187,1,0,1
ahrup1ic,277,d9sr7i9u,21,mock_N08_N04_Aonly,Discussion,1779835191,1,0,0
ahrup1ic,297,e19q986s,28,mock_N08_N04_Aonly,DiscussionGRPWaitPage,1779835191,2,0,1
ahrup1ic,287,pzrp0hhj,28,mock_N08_N04_Aonly,DiscussionGRPWaitPage,1779835191,2,0,1
ahrup1ic,277,d9sr7i9u,28,mock_N08_N04_Aonly,DiscussionGRPWaitPage,1779835191,2,0,1
ahrup1ic,271,pk7binzg,28,mock_N08_N04_Aonly,DiscussionGRPWaitPage,1779835191,2,0,1
ahrup1ic,294,mzqxrdyg,15,mock_N08_N04_Aonly,AttentionCheck,1779835192,1,0,0
ahrup1ic,303,jkmrv4x5,8,presurvey,AttentionCheck,1779835197,1,0,0
ahrup1ic,304,yrzwajnz,5,presurvey,Training,1779835199,1,0,0
ahrup1ic,297,e19q986s,33,mock_N08_N04_Aonly,Discussion,1779835201,2,0,0
ahrup1ic,287,pzrp0hhj,33,mock_N08_N04_Aonly,Discussion,1779835201,2,0,0
ahrup1ic,303,jkmrv4x5,9,presurvey,TrainingNeighbor_3,1779835212,1,0,0
ahrup1ic,271,pk7binzg,33,mock_N08_N04_Aonly,Discussion,1779835215,2,0,0
ahrup1ic,277,d9sr7i9u,33,mock_N08_N04_Aonly,Discussion,1779835221,2,0,0
ahrup1ic,304,yrzwajnz,6,presurvey,TrainingNeighbor_1,1779835222,1,0,0
ahrup1ic,277,d9sr7i9u,40,mock_N08_N04_Aonly,DiscussionGRPWaitPage,1779835222,3,0,1
ahrup1ic,287,pzrp0hhj,40,mock_N08_N04_Aonly,DiscussionGRPWaitPage,1779835222,3,0,1
ahrup1ic,297,e19q986s,40,mock_N08_N04_Aonly,DiscussionGRPWaitPage,1779835222,3,0,1
ahrup1ic,271,pk7binzg,40,mock_N08_N04_Aonly,DiscussionGRPWaitPage,1779835222,3,0,1
ahrup1ic,304,yrzwajnz,7,presurvey,TrainingNeighbor_2,1779835229,1,0,0
ahrup1ic,287,pzrp0hhj,45,mock_N08_N04_Aonly,Discussion,1779835229,3,0,0
ahrup1ic,304,yrzwajnz,10,presurvey,ExperimentInstruction,1779835233,1,0,0
ahrup1ic,297,e19q986s,45,mock_N08_N04_Aonly,Discussion,1779835233,3,0,0
ahrup1ic,302,9v0ghydl,6,presurvey,TrainingNeighbor_1,1779835234,1,0,0
ahrup1ic,271,pk7binzg,45,mock_N08_N04_Aonly,Discussion,1779835239,3,0,0
ahrup1ic,303,jkmrv4x5,10,presurvey,ExperimentInstruction,1779835240,1,0,0
ahrup1ic,277,d9sr7i9u,45,mock_N08_N04_Aonly,Discussion,1779835247,3,0,0
ahrup1ic,271,pk7binzg,52,mock_N08_N04_Aonly,DiscussionGRPWaitPage,1779835247,4,0,1
ahrup1ic,297,e19q986s,52,mock_N08_N04_Aonly,DiscussionGRPWaitPage,1779835247,4,0,1
ahrup1ic,287,pzrp0hhj,52,mock_N08_N04_Aonly,DiscussionGRPWaitPage,1779835247,4,0,1
ahrup1ic,277,d9sr7i9u,52,mock_N08_N04_Aonly,DiscussionGRPWaitPage,1779835247,4,0,1
ahrup1ic,302,9v0ghydl,10,presurvey,ExperimentInstruction,1779835254,1,0,0
ahrup1ic,271,pk7binzg,57,mock_N08_N04_Aonly,Discussion,1779835256,4,0,0
ahrup1ic,304,yrzwajnz,11,presurvey,Scenario,1779835257,1,0,0
ahrup1ic,297,e19q986s,57,mock_N08_N04_Aonly,Discussion,1779835257,4,0,0
ahrup1ic,287,pzrp0hhj,57,mock_N08_N04_Aonly,Discussion,1779835259,4,0,0
ahrup1ic,304,yrzwajnz,12,presurvey,Commitment,1779835269,1,0,0
ahrup1ic,277,d9sr7i9u,57,mock_N08_N04_Aonly,Discussion,1779835271,4,0,0
ahrup1ic,297,e19q986s,64,mock_N08_N04_Aonly,DiscussionGRPWaitPage,1779835271,5,0,1
ahrup1ic,287,pzrp0hhj,64,mock_N08_N04_Aonly,DiscussionGRPWaitPage,1779835271,5,0,1
ahrup1ic,277,d9sr7i9u,64,mock_N08_N04_Aonly,DiscussionGRPWaitPage,1779835271,5,0,1
ahrup1ic,271,pk7binzg,64,mock_N08_N04_Aonly,DiscussionGRPWaitPage,1779835271,5,0,1
ahrup1ic,271,pk7binzg,69,mock_N08_N04_Aonly,Discussion,1779835277,5,0,0
ahrup1ic,297,e19q986s,69,mock_N08_N04_Aonly,Discussion,1779835280,5,0,0
ahrup1ic,303,jkmrv4x5,11,presurvey,Scenario,1779835283,1,0,0
ahrup1ic,277,d9sr7i9u,69,mock_N08_N04_Aonly,Discussion,1779835286,5,0,0
ahrup1ic,287,pzrp0hhj,69,mock_N08_N04_Aonly,Discussion,1779835287,5,0,0
ahrup1ic,297,e19q986s,76,mock_N08_N04_Aonly,DiscussionGRPWaitPage,1779835287,6,0,1
ahrup1ic,287,pzrp0hhj,76,mock_N08_N04_Aonly,DiscussionGRPWaitPage,1779835287,6,0,1
ahrup1ic,277,d9sr7i9u,76,mock_N08_N04_Aonly,DiscussionGRPWaitPage,1779835287,6,0,1
ahrup1ic,271,pk7binzg,76,mock_N08_N04_Aonly,DiscussionGRPWaitPage,1779835287,6,0,1
ahrup1ic,287,pzrp0hhj,81,mock_N08_N04_Aonly,Discussion,1779835291,6,0,0
ahrup1ic,271,pk7binzg,81,mock_N08_N04_Aonly,Discussion,1779835295,6,0,0
ahrup1ic,297,e19q986s,81,mock_N08_N04_Aonly,Discussion,1779835295,6,0,0
ahrup1ic,277,d9sr7i9u,81,mock_N08_N04_Aonly,Discussion,1779835306,6,0,0
ahrup1ic,297,e19q986s,88,mock_N08_N04_Aonly,DiscussionGRPWaitPage,1779835306,7,0,1
ahrup1ic,287,pzrp0hhj,88,mock_N08_N04_Aonly,DiscussionGRPWaitPage,1779835306,7,0,1
ahrup1ic,277,d9sr7i9u,88,mock_N08_N04_Aonly,DiscussionGRPWaitPage,1779835306,7,0,1
ahrup1ic,271,pk7binzg,88,mock_N08_N04_Aonly,DiscussionGRPWaitPage,1779835306,7,0,1
ahrup1ic,297,e19q986s,93,mock_N08_N04_Aonly,Discussion,1779835310,7,0,0
ahrup1ic,287,pzrp0hhj,93,mock_N08_N04_Aonly,Discussion,1779835311,7,0,0
ahrup1ic,271,pk7binzg,93,mock_N08_N04_Aonly,Discussion,1779835313,7,0,0
ahrup1ic,302,9v0ghydl,11,presurvey,Scenario,1779835314,1,0,0
ahrup1ic,277,d9sr7i9u,93,mock_N08_N04_Aonly,Discussion,1779835322,7,0,0
ahrup1ic,271,pk7binzg,100,mock_N08_N04_Aonly,DiscussionGRPWaitPage,1779835323,8,0,1
ahrup1ic,277,d9sr7i9u,100,mock_N08_N04_Aonly,DiscussionGRPWaitPage,1779835323,8,0,1
ahrup1ic,297,e19q986s,100,mock_N08_N04_Aonly,DiscussionGRPWaitPage,1779835323,8,0,1
ahrup1ic,287,pzrp0hhj,100,mock_N08_N04_Aonly,DiscussionGRPWaitPage,1779835323,8,0,1
ahrup1ic,287,pzrp0hhj,105,mock_N08_N04_Aonly,Discussion,1779835327,8,0,0
ahrup1ic,297,e19q986s,105,mock_N08_N04_Aonly,Discussion,1779835327,8,0,0
ahrup1ic,271,pk7binzg,105,mock_N08_N04_Aonly,Discussion,1779835327,8,0,0
ahrup1ic,277,d9sr7i9u,105,mock_N08_N04_Aonly,Discussion,1779835339,8,0,0
ahrup1ic,297,e19q986s,112,mock_N08_N04_Aonly,DiscussionGRPWaitPage,1779835339,9,0,1
ahrup1ic,287,pzrp0hhj,112,mock_N08_N04_Aonly,DiscussionGRPWaitPage,1779835339,9,0,1
ahrup1ic,277,d9sr7i9u,112,mock_N08_N04_Aonly,DiscussionGRPWaitPage,1779835339,9,0,1
ahrup1ic,271,pk7binzg,112,mock_N08_N04_Aonly,DiscussionGRPWaitPage,1779835339,9,0,1
ahrup1ic,297,e19q986s,117,mock_N08_N04_Aonly,Discussion,1779835345,9,0,0
ahrup1ic,287,pzrp0hhj,117,mock_N08_N04_Aonly,Discussion,1779835346,9,0,0
ahrup1ic,271,pk7binzg,117,mock_N08_N04_Aonly,Discussion,1779835347,9,0,0
ahrup1ic,303,jkmrv4x5,12,presurvey,Commitment,1779835349,1,0,0
ahrup1ic,277,d9sr7i9u,117,mock_N08_N04_Aonly,Discussion,1779835352,9,0,0
ahrup1ic,271,pk7binzg,124,mock_N08_N04_Aonly,DiscussionGRPWaitPage,1779835353,10,0,1
ahrup1ic,277,d9sr7i9u,124,mock_N08_N04_Aonly,DiscussionGRPWaitPage,1779835353,10,0,1
ahrup1ic,297,e19q986s,124,mock_N08_N04_Aonly,DiscussionGRPWaitPage,1779835353,10,0,1
ahrup1ic,287,pzrp0hhj,124,mock_N08_N04_Aonly,DiscussionGRPWaitPage,1779835353,10,0,1
ahrup1ic,287,pzrp0hhj,129,mock_N08_N04_Aonly,Discussion,1779835358,10,0,0
ahrup1ic,271,pk7binzg,129,mock_N08_N04_Aonly,Discussion,1779835358,10,0,0
ahrup1ic,297,e19q986s,129,mock_N08_N04_Aonly,Discussion,1779835359,10,0,0
ahrup1ic,277,d9sr7i9u,129,mock_N08_N04_Aonly,Discussion,1779835367,10,0,0
ahrup1ic,271,pk7binzg,136,mock_N08_N04_Aonly,DiscussionGRPWaitPage,1779835367,11,0,1
ahrup1ic,277,d9sr7i9u,136,mock_N08_N04_Aonly,DiscussionGRPWaitPage,1779835367,11,0,1
ahrup1ic,297,e19q986s,136,mock_N08_N04_Aonly,DiscussionGRPWaitPage,1779835367,11,0,1
ahrup1ic,287,pzrp0hhj,136,mock_N08_N04_Aonly,DiscussionGRPWaitPage,1779835367,11,0,1
ahrup1ic,287,pzrp0hhj,141,mock_N08_N04_Aonly,Discussion,1779835372,11,0,0
ahrup1ic,297,e19q986s,141,mock_N08_N04_Aonly,Discussion,1779835373,11,0,0
ahrup1ic,271,pk7binzg,141,mock_N08_N04_Aonly,Discussion,1779835375,11,0,0
ahrup1ic,277,d9sr7i9u,141,mock_N08_N04_Aonly,Discussion,1779835379,11,0,0
ahrup1ic,297,e19q986s,148,mock_N08_N04_Aonly,DiscussionGRPWaitPage,1779835379,12,0,1
ahrup1ic,287,pzrp0hhj,148,mock_N08_N04_Aonly,DiscussionGRPWaitPage,1779835379,12,0,1
ahrup1ic,277,d9sr7i9u,148,mock_N08_N04_Aonly,DiscussionGRPWaitPage,1779835379,12,0,1
ahrup1ic,271,pk7binzg,148,mock_N08_N04_Aonly,DiscussionGRPWaitPage,1779835379,12,0,1
ahrup1ic,287,pzrp0hhj,153,mock_N08_N04_Aonly,Discussion,1779835384,12,0,0
ahrup1ic,271,pk7binzg,153,mock_N08_N04_Aonly,Discussion,1779835385,12,0,0
ahrup1ic,297,e19q986s,153,mock_N08_N04_Aonly,Discussion,1779835389,12,0,0
ahrup1ic,277,d9sr7i9u,153,mock_N08_N04_Aonly,Discussion,1779835392,12,0,0
ahrup1ic,297,e19q986s,160,mock_N08_N04_Aonly,DiscussionGRPWaitPage,1779835392,13,0,1
ahrup1ic,287,pzrp0hhj,160,mock_N08_N04_Aonly,DiscussionGRPWaitPage,1779835392,13,0,1
ahrup1ic,277,d9sr7i9u,160,mock_N08_N04_Aonly,DiscussionGRPWaitPage,1779835392,13,0,1
ahrup1ic,271,pk7binzg,160,mock_N08_N04_Aonly,DiscussionGRPWaitPage,1779835392,13,0,1
ahrup1ic,287,pzrp0hhj,165,mock_N08_N04_Aonly,Discussion,1779835396,13,0,0
ahrup1ic,271,pk7binzg,165,mock_N08_N04_Aonly,Discussion,1779835397,13,0,0
ahrup1ic,297,e19q986s,165,mock_N08_N04_Aonly,Discussion,1779835397,13,0,0
ahrup1ic,277,d9sr7i9u,165,mock_N08_N04_Aonly,Discussion,1779835401,13,0,0
ahrup1ic,297,e19q986s,172,mock_N08_N04_Aonly,DiscussionGRPWaitPage,1779835401,14,0,1
ahrup1ic,287,pzrp0hhj,172,mock_N08_N04_Aonly,DiscussionGRPWaitPage,1779835401,14,0,1
ahrup1ic,277,d9sr7i9u,172,mock_N08_N04_Aonly,DiscussionGRPWaitPage,1779835401,14,0,1
ahrup1ic,271,pk7binzg,172,mock_N08_N04_Aonly,DiscussionGRPWaitPage,1779835401,14,0,1
ahrup1ic,271,pk7binzg,177,mock_N08_N04_Aonly,Discussion,1779835405,14,0,0
ahrup1ic,287,pzrp0hhj,177,mock_N08_N04_Aonly,Discussion,1779835405,14,0,0
ahrup1ic,297,e19q986s,177,mock_N08_N04_Aonly,Discussion,1779835408,14,0,0
ahrup1ic,277,d9sr7i9u,177,mock_N08_N04_Aonly,Discussion,1779835410,14,0,0
ahrup1ic,297,e19q986s,184,mock_N08_N04_Aonly,DiscussionGRPWaitPage,1779835411,15,0,1
ahrup1ic,287,pzrp0hhj,184,mock_N08_N04_Aonly,DiscussionGRPWaitPage,1779835411,15,0,1
ahrup1ic,277,d9sr7i9u,184,mock_N08_N04_Aonly,DiscussionGRPWaitPage,1779835411,15,0,1
ahrup1ic,271,pk7binzg,184,mock_N08_N04_Aonly,DiscussionGRPWaitPage,1779835411,15,0,1
ahrup1ic,287,pzrp0hhj,189,mock_N08_N04_Aonly,Discussion,1779835413,15,0,0
ahrup1ic,271,pk7binzg,189,mock_N08_N04_Aonly,Discussion,1779835416,15,0,0
ahrup1ic,297,e19q986s,189,mock_N08_N04_Aonly,Discussion,1779835416,15,0,0
ahrup1ic,305,mf48brzp,0,,InitializeParticipant,1779835416,1,0,0
ahrup1ic,277,d9sr7i9u,189,mock_N08_N04_Aonly,Discussion,1779835421,15,0,0
ahrup1ic,297,e19q986s,196,mock_N08_N04_Aonly,DiscussionGRPWaitPage,1779835421,16,0,1
ahrup1ic,287,pzrp0hhj,196,mock_N08_N04_Aonly,DiscussionGRPWaitPage,1779835421,16,0,1
ahrup1ic,277,d9sr7i9u,196,mock_N08_N04_Aonly,DiscussionGRPWaitPage,1779835421,16,0,1
ahrup1ic,271,pk7binzg,196,mock_N08_N04_Aonly,DiscussionGRPWaitPage,1779835421,16,0,1
ahrup1ic,306,yavoamip,0,,InitializeParticipant,1779835422,1,0,0
ahrup1ic,305,mf48brzp,1,presurvey,Introduction,1779835424,1,0,0
ahrup1ic,307,pb94cc1f,0,,InitializeParticipant,1779835424,1,0,0
ahrup1ic,287,pzrp0hhj,201,mock_N08_N04_Aonly,Discussion,1779835425,16,0,0
ahrup1ic,271,pk7binzg,201,mock_N08_N04_Aonly,Discussion,1779835426,16,0,0
ahrup1ic,297,e19q986s,201,mock_N08_N04_Aonly,Discussion,1779835427,16,0,0
ahrup1ic,277,d9sr7i9u,201,mock_N08_N04_Aonly,Discussion,1779835430,16,0,0
ahrup1ic,271,pk7binzg,208,mock_N08_N04_Aonly,DiscussionGRPWaitPage,1779835430,17,0,1
ahrup1ic,287,pzrp0hhj,208,mock_N08_N04_Aonly,DiscussionGRPWaitPage,1779835430,17,0,1
ahrup1ic,277,d9sr7i9u,208,mock_N08_N04_Aonly,DiscussionGRPWaitPage,1779835430,17,0,1
ahrup1ic,297,e19q986s,208,mock_N08_N04_Aonly,DiscussionGRPWaitPage,1779835430,17,0,1
ahrup1ic,306,yavoamip,1,presurvey,Introduction,1779835433,1,0,0
ahrup1ic,271,pk7binzg,213,mock_N08_N04_Aonly,Discussion,1779835434,17,0,0
ahrup1ic,287,pzrp0hhj,213,mock_N08_N04_Aonly,Discussion,1779835436,17,0,0
ahrup1ic,297,e19q986s,213,mock_N08_N04_Aonly,Discussion,1779835437,17,0,0
ahrup1ic,305,mf48brzp,2,presurvey,AudioCheck,1779835440,1,0,0
ahrup1ic,277,d9sr7i9u,213,mock_N08_N04_Aonly,Discussion,1779835441,17,0,0
ahrup1ic,297,e19q986s,220,mock_N08_N04_Aonly,DiscussionGRPWaitPage,1779835441,18,0,1
ahrup1ic,287,pzrp0hhj,220,mock_N08_N04_Aonly,DiscussionGRPWaitPage,1779835441,18,0,1
ahrup1ic,277,d9sr7i9u,220,mock_N08_N04_Aonly,DiscussionGRPWaitPage,1779835441,18,0,1
ahrup1ic,271,pk7binzg,220,mock_N08_N04_Aonly,DiscussionGRPWaitPage,1779835441,18,0,1
ahrup1ic,308,opmk6tdx,0,,InitializeParticipant,1779835445,1,0,0
ahrup1ic,306,yavoamip,2,presurvey,AudioCheck,1779835445,1,0,0
ahrup1ic,271,pk7binzg,225,mock_N08_N04_Aonly,Discussion,1779835445,18,0,0
ahrup1ic,297,e19q986s,225,mock_N08_N04_Aonly,Discussion,1779835450,18,0,0
ahrup1ic,287,pzrp0hhj,225,mock_N08_N04_Aonly,Discussion,1779835450,18,0,0
ahrup1ic,277,d9sr7i9u,225,mock_N08_N04_Aonly,Discussion,1779835450,18,0,0
ahrup1ic,297,e19q986s,232,mock_N08_N04_Aonly,DiscussionGRPWaitPage,1779835450,19,0,1
ahrup1ic,287,pzrp0hhj,232,mock_N08_N04_Aonly,DiscussionGRPWaitPage,1779835450,19,0,1
ahrup1ic,277,d9sr7i9u,232,mock_N08_N04_Aonly,DiscussionGRPWaitPage,1779835450,19,0,1
ahrup1ic,271,pk7binzg,232,mock_N08_N04_Aonly,DiscussionGRPWaitPage,1779835450,19,0,1
ahrup1ic,305,mf48brzp,3,presurvey,Demographics,1779835452,1,0,0
ahrup1ic,271,pk7binzg,237,mock_N08_N04_Aonly,Discussion,1779835454,19,0,0
ahrup1ic,305,mf48brzp,4,presurvey,NeighborhoodInstruction,1779835456,1,0,0
ahrup1ic,287,pzrp0hhj,237,mock_N08_N04_Aonly,Discussion,1779835456,19,0,0
ahrup1ic,297,e19q986s,237,mock_N08_N04_Aonly,Discussion,1779835457,19,0,0
ahrup1ic,306,yavoamip,3,presurvey,Demographics,1779835458,1,0,0
ahrup1ic,277,d9sr7i9u,237,mock_N08_N04_Aonly,Discussion,1779835460,19,0,0
ahrup1ic,271,pk7binzg,244,mock_N08_N04_Aonly,DiscussionGRPWaitPage,1779835461,20,0,1
ahrup1ic,297,e19q986s,244,mock_N08_N04_Aonly,DiscussionGRPWaitPage,1779835461,20,0,1
ahrup1ic,287,pzrp0hhj,244,mock_N08_N04_Aonly,DiscussionGRPWaitPage,1779835461,20,0,1
ahrup1ic,277,d9sr7i9u,244,mock_N08_N04_Aonly,DiscussionGRPWaitPage,1779835461,20,0,1
ahrup1ic,306,yavoamip,4,presurvey,NeighborhoodInstruction,1779835464,1,0,0
ahrup1ic,297,e19q986s,249,mock_N08_N04_Aonly,Discussion,1779835465,20,0,0
ahrup1ic,287,pzrp0hhj,249,mock_N08_N04_Aonly,Discussion,1779835468,20,0,0
ahrup1ic,277,d9sr7i9u,249,mock_N08_N04_Aonly,Discussion,1779835468,20,0,0
ahrup1ic,305,mf48brzp,5,presurvey,Training,1779835470,1,0,0
ahrup1ic,308,opmk6tdx,1,presurvey,Introduction,1779835471,1,0,0
ahrup1ic,271,pk7binzg,249,mock_N08_N04_Aonly,Discussion,1779835477,20,0,0
ahrup1ic,287,pzrp0hhj,250,mock_N08_N04_Aonly,Additional,1779835486,20,0,0
ahrup1ic,306,yavoamip,5,presurvey,Training,1779835492,1,0,0
ahrup1ic,308,opmk6tdx,2,presurvey,AudioCheck,1779835494,1,0,0
ahrup1ic,297,e19q986s,250,mock_N08_N04_Aonly,Additional,1779835498,20,0,0
ahrup1ic,308,opmk6tdx,3,presurvey,Demographics,1779835507,1,0,0
ahrup1ic,277,d9sr7i9u,250,mock_N08_N04_Aonly,Additional,1779835513,20,0,0
ahrup1ic,271,pk7binzg,250,mock_N08_N04_Aonly,Additional,1779835515,20,0,0
ahrup1ic,297,e19q986s,251,mock_N08_N04_Aonly,FinalRoundWaitPage,1779835515,20,0,1
ahrup1ic,287,pzrp0hhj,251,mock_N08_N04_Aonly,FinalRoundWaitPage,1779835515,20,0,1
ahrup1ic,277,d9sr7i9u,251,mock_N08_N04_Aonly,FinalRoundWaitPage,1779835515,20,0,1
ahrup1ic,271,pk7binzg,251,mock_N08_N04_Aonly,FinalRoundWaitPage,1779835515,20,0,1
ahrup1ic,287,pzrp0hhj,252,mock_N08_N04_Aonly,FinalRound,1779835523,20,0,0
ahrup1ic,297,e19q986s,252,mock_N08_N04_Aonly,FinalRound,1779835523,20,0,0
ahrup1ic,277,d9sr7i9u,252,mock_N08_N04_Aonly,FinalRound,1779835525,20,0,0
ahrup1ic,305,mf48brzp,6,presurvey,TrainingNeighbor_1,1779835526,1,0,0
ahrup1ic,271,pk7binzg,252,mock_N08_N04_Aonly,FinalRound,1779835528,20,0,0
ahrup1ic,308,opmk6tdx,4,presurvey,NeighborhoodInstruction,1779835529,1,0,0
ahrup1ic,305,mf48brzp,7,presurvey,TrainingNeighbor_2,1779835533,1,0,0
ahrup1ic,305,mf48brzp,10,presurvey,ExperimentInstruction,1779835537,1,0,0
ahrup1ic,306,yavoamip,6,presurvey,TrainingNeighbor_1,1779835542,1,0,0
ahrup1ic,306,yavoamip,10,presurvey,ExperimentInstruction,1779835549,1,0,0
ahrup1ic,309,8gcofdgw,0,,InitializeParticipant,1779835560,1,0,0
ahrup1ic,308,opmk6tdx,5,presurvey,Training,1779835563,1,0,0
ahrup1ic,305,mf48brzp,11,presurvey,Scenario,1779835563,1,0,0
ahrup1ic,310,38ywlzsw,0,,InitializeParticipant,1779835572,1,0,0
ahrup1ic,298,l0ta4i21,13,mock_N08_N04_Aonly,GroupingWaitPage,1779835583,1,0,1
ahrup1ic,298,l0ta4i21,14,mock_N08_N04_Aonly,GroupSizeWaitPage,1779835584,1,0,1
ahrup1ic,306,yavoamip,11,presurvey,Scenario,1779835586,1,0,0
ahrup1ic,310,38ywlzsw,1,presurvey,Introduction,1779835587,1,0,0
ahrup1ic,311,qs1tt3ed,0,,InitializeParticipant,1779835591,1,0,0
ahrup1ic,301,2i2znv9p,13,mock_N08_N04_Aonly,GroupingWaitPage,1779835593,1,0,1
ahrup1ic,301,2i2znv9p,14,mock_N08_N04_Aonly,GroupSizeWaitPage,1779835593,1,0,1
ahrup1ic,298,l0ta4i21,15,mock_N08_N04_Aonly,AttentionCheck,1779835594,1,0,0
ahrup1ic,311,qs1tt3ed,1,presurvey,Introduction,1779835597,1,0,0
ahrup1ic,301,2i2znv9p,15,mock_N08_N04_Aonly,AttentionCheck,1779835598,1,0,0
ahrup1ic,310,38ywlzsw,2,presurvey,AudioCheck,1779835607,1,0,0
ahrup1ic,309,8gcofdgw,1,presurvey,Introduction,1779835607,1,0,0
ahrup1ic,311,qs1tt3ed,2,presurvey,AudioCheck,1779835611,1,0,0
ahrup1ic,306,yavoamip,12,presurvey,Commitment,1779835613,1,0,0
ahrup1ic,310,38ywlzsw,3,presurvey,Demographics,1779835616,1,0,0
ahrup1ic,308,opmk6tdx,6,presurvey,TrainingNeighbor_1,1779835621,1,0,0
ahrup1ic,311,qs1tt3ed,3,presurvey,Demographics,1779835624,1,0,0
ahrup1ic,310,38ywlzsw,4,presurvey,NeighborhoodInstruction,1779835628,1,0,0
ahrup1ic,308,opmk6tdx,7,presurvey,TrainingNeighbor_2,1779835631,1,0,0
ahrup1ic,308,opmk6tdx,10,presurvey,ExperimentInstruction,1779835639,1,0,0
ahrup1ic,311,qs1tt3ed,4,presurvey,NeighborhoodInstruction,1779835639,1,0,0
ahrup1ic,310,38ywlzsw,5,presurvey,Training,1779835647,1,0,0
ahrup1ic,310,38ywlzsw,6,presurvey,TrainingNeighbor_1,1779835667,1,0,0
ahrup1ic,310,38ywlzsw,10,presurvey,ExperimentInstruction,1779835674,1,0,0
ahrup1ic,311,qs1tt3ed,5,presurvey,Training,1779835679,1,0,0
ahrup1ic,312,z0fdbd51,0,,InitializeParticipant,1779835685,1,0,0
ahrup1ic,312,z0fdbd51,1,presurvey,Introduction,1779835687,1,0,0
ahrup1ic,308,opmk6tdx,11,presurvey,Scenario,1779835688,1,0,0
ahrup1ic,312,z0fdbd51,2,presurvey,AudioCheck,1779835695,1,0,0
ahrup1ic,310,38ywlzsw,11,presurvey,Scenario,1779835697,1,0,0
ahrup1ic,312,z0fdbd51,3,presurvey,Demographics,1779835707,1,0,0
ahrup1ic,312,z0fdbd51,4,presurvey,NeighborhoodInstruction,1779835721,1,0,0
ahrup1ic,280,ivrnupsc,13,mock_N08_N04_Aonly,GroupingWaitPage,1779835727,1,0,1
ahrup1ic,280,ivrnupsc,14,mock_N08_N04_Aonly,GroupSizeWaitPage,1779835728,1,0,1
ahrup1ic,311,qs1tt3ed,6,presurvey,TrainingNeighbor_1,1779835729,1,0,0
ahrup1ic,310,38ywlzsw,12,presurvey,Commitment,1779835729,1,0,0
ahrup1ic,313,bpemd3pu,0,,InitializeParticipant,1779835732,1,0,0
ahrup1ic,311,qs1tt3ed,10,presurvey,ExperimentInstruction,1779835736,1,0,0
ahrup1ic,312,z0fdbd51,5,presurvey,Training,1779835744,1,0,0
ahrup1ic,280,ivrnupsc,15,mock_N08_N04_Aonly,AttentionCheck,1779835746,1,0,0
ahrup1ic,314,srwstlr6,0,,InitializeParticipant,1779835760,1,0,0
ahrup1ic,311,qs1tt3ed,11,presurvey,Scenario,1779835765,1,0,0
ahrup1ic,314,srwstlr6,1,presurvey,Introduction,1779835766,1,0,0
ahrup1ic,312,z0fdbd51,6,presurvey,TrainingNeighbor_1,1779835767,1,0,0
ahrup1ic,312,z0fdbd51,10,presurvey,ExperimentInstruction,1779835771,1,0,0
ahrup1ic,315,wr9hj46u,0,,InitializeParticipant,1779835779,1,0,0
ahrup1ic,316,r4omfw58,0,,InitializeParticipant,1779835780,1,0,0
ahrup1ic,314,srwstlr6,2,presurvey,AudioCheck,1779835781,1,0,0
ahrup1ic,313,bpemd3pu,1,presurvey,Introduction,1779835785,1,0,0
ahrup1ic,312,z0fdbd51,11,presurvey,Scenario,1779835787,1,0,0
ahrup1ic,315,wr9hj46u,1,presurvey,Introduction,1779835787,1,0,0
ahrup1ic,314,srwstlr6,3,presurvey,Demographics,1779835791,1,0,0
ahrup1ic,313,bpemd3pu,2,presurvey,AudioCheck,1779835800,1,0,0
ahrup1ic,316,r4omfw58,1,presurvey,Introduction,1779835801,1,0,0
ahrup1ic,314,srwstlr6,4,presurvey,NeighborhoodInstruction,1779835808,1,0,0
ahrup1ic,315,wr9hj46u,2,presurvey,AudioCheck,1779835808,1,0,0
ahrup1ic,312,z0fdbd51,12,presurvey,Commitment,1779835809,1,0,0
ahrup1ic,307,pb94cc1f,1,presurvey,Introduction,1779835811,1,0,0
ahrup1ic,311,qs1tt3ed,12,presurvey,Commitment,1779835816,1,0,0
ahrup1ic,315,wr9hj46u,3,presurvey,Demographics,1779835817,1,0,0
ahrup1ic,315,wr9hj46u,4,presurvey,NeighborhoodInstruction,1779835824,1,0,0
ahrup1ic,313,bpemd3pu,3,presurvey,Demographics,1779835829,1,0,0
ahrup1ic,314,srwstlr6,5,presurvey,Training,1779835839,1,0,0
ahrup1ic,315,wr9hj46u,5,presurvey,Training,1779835848,1,0,0
ahrup1ic,299,kvo1w58p,13,mock_N08_N04_Aonly,GroupingWaitPage,1779835864,1,0,1
ahrup1ic,299,kvo1w58p,14,mock_N08_N04_Aonly,GroupSizeWaitPage,1779835865,1,0,1
ahrup1ic,314,srwstlr6,6,presurvey,TrainingNeighbor_1,1779835866,1,0,0
ahrup1ic,307,pb94cc1f,2,presurvey,AudioCheck,1779835869,1,0,0
ahrup1ic,314,srwstlr6,10,presurvey,ExperimentInstruction,1779835871,1,0,0
ahrup1ic,299,kvo1w58p,15,mock_N08_N04_Aonly,AttentionCheck,1779835876,1,0,0
ahrup1ic,315,wr9hj46u,6,presurvey,TrainingNeighbor_1,1779835879,1,0,0
ahrup1ic,317,b0pfoz9m,0,,InitializeParticipant,1779835882,1,0,0
ahrup1ic,307,pb94cc1f,3,presurvey,Demographics,1779835882,1,0,0
ahrup1ic,313,bpemd3pu,4,presurvey,NeighborhoodInstruction,1779835885,1,0,0
ahrup1ic,307,pb94cc1f,4,presurvey,NeighborhoodInstruction,1779835894,1,0,0
ahrup1ic,317,b0pfoz9m,1,presurvey,Introduction,1779835905,1,0,0
ahrup1ic,314,srwstlr6,11,presurvey,Scenario,1779835912,1,0,0
ahrup1ic,317,b0pfoz9m,2,presurvey,AudioCheck,1779835929,1,0,0
ahrup1ic,315,wr9hj46u,7,presurvey,TrainingNeighbor_2,1779835937,1,0,0
ahrup1ic,315,wr9hj46u,10,presurvey,ExperimentInstruction,1779835942,1,0,0
ahrup1ic,307,pb94cc1f,5,presurvey,Training,1779835951,1,0,0
ahrup1ic,315,wr9hj46u,11,presurvey,Scenario,1779835958,1,0,0
ahrup1ic,317,b0pfoz9m,3,presurvey,Demographics,1779835962,1,0,0
ahrup1ic,313,bpemd3pu,5,presurvey,Training,1779835969,1,0,0
ahrup1ic,315,wr9hj46u,12,presurvey,Commitment,1779835974,1,0,0
ahrup1ic,304,yrzwajnz,13,mock_N08_N04_Aonly,GroupingWaitPage,1779835990,1,0,1
ahrup1ic,304,yrzwajnz,14,mock_N08_N04_Aonly,GroupSizeWaitPage,1779835991,1,0,1
ahrup1ic,318,pqxd7d1c,0,,InitializeParticipant,1779835992,1,0,0
ahrup1ic,319,k9ggkjly,0,,InitializeParticipant,1779835994,1,0,0
ahrup1ic,304,yrzwajnz,15,mock_N08_N04_Aonly,AttentionCheck,1779835995,1,0,0
ahrup1ic,318,pqxd7d1c,1,presurvey,Introduction,1779836002,1,0,0
ahrup1ic,307,pb94cc1f,6,presurvey,TrainingNeighbor_1,1779836005,1,0,0
ahrup1ic,317,b0pfoz9m,4,presurvey,NeighborhoodInstruction,1779836010,1,0,0
ahrup1ic,320,f8tjujb6,0,,InitializeParticipant,1779836011,1,0,0
ahrup1ic,320,f8tjujb6,1,presurvey,Introduction,1779836018,1,0,0
ahrup1ic,321,wwp58s2q,0,,InitializeParticipant,1779836019,1,0,0
ahrup1ic,318,pqxd7d1c,2,presurvey,AudioCheck,1779836019,1,0,0
ahrup1ic,320,f8tjujb6,2,presurvey,AudioCheck,1779836027,1,0,0
ahrup1ic,321,wwp58s2q,1,presurvey,Introduction,1779836029,1,0,0
ahrup1ic,307,pb94cc1f,10,presurvey,ExperimentInstruction,1779836032,1,0,0
ahrup1ic,319,k9ggkjly,1,presurvey,Introduction,1779836042,1,0,0
ahrup1ic,318,pqxd7d1c,3,presurvey,Demographics,1779836044,1,0,0
ahrup1ic,320,f8tjujb6,3,presurvey,Demographics,1779836044,1,0,0
ahrup1ic,318,pqxd7d1c,4,presurvey,NeighborhoodInstruction,1779836048,1,0,0
ahrup1ic,319,k9ggkjly,2,presurvey,AudioCheck,1779836055,1,0,0
ahrup1ic,321,wwp58s2q,2,presurvey,AudioCheck,1779836059,1,0,0
ahrup1ic,320,f8tjujb6,4,presurvey,NeighborhoodInstruction,1779836059,1,0,0
ahrup1ic,313,bpemd3pu,6,presurvey,TrainingNeighbor_1,1779836062,1,0,0
ahrup1ic,320,f8tjujb6,5,presurvey,Training,1779836064,1,0,0
ahrup1ic,303,jkmrv4x5,13,mock_N08_N04_Aonly,GroupingWaitPage,1779836070,1,0,1
ahrup1ic,303,jkmrv4x5,14,mock_N08_N04_Aonly,GroupSizeWaitPage,1779836070,1,0,1
ahrup1ic,307,pb94cc1f,11,presurvey,Scenario,1779836071,1,0,0
ahrup1ic,319,k9ggkjly,3,presurvey,Demographics,1779836072,1,0,0
ahrup1ic,303,jkmrv4x5,15,mock_N08_N04_Aonly,AttentionCheck,1779836075,1,0,0
ahrup1ic,318,pqxd7d1c,5,presurvey,Training,1779836076,1,0,0
ahrup1ic,319,k9ggkjly,4,presurvey,NeighborhoodInstruction,1779836081,1,0,0
ahrup1ic,320,f8tjujb6,6,presurvey,TrainingNeighbor_1,1779836085,1,0,0
ahrup1ic,320,f8tjujb6,10,presurvey,ExperimentInstruction,1779836090,1,0,0
ahrup1ic,322,fm7x0uhc,0,,InitializeParticipant,1779836093,1,0,0
ahrup1ic,322,fm7x0uhc,1,presurvey,Introduction,1779836110,1,0,0
ahrup1ic,317,b0pfoz9m,5,presurvey,Training,1779836111,1,0,0
ahrup1ic,313,bpemd3pu,7,presurvey,TrainingNeighbor_2,1779836115,1,0,0
ahrup1ic,318,pqxd7d1c,6,presurvey,TrainingNeighbor_1,1779836124,1,0,0
ahrup1ic,320,f8tjujb6,11,presurvey,Scenario,1779836124,1,0,0
ahrup1ic,322,fm7x0uhc,2,presurvey,AudioCheck,1779836126,1,0,0
ahrup1ic,318,pqxd7d1c,10,presurvey,ExperimentInstruction,1779836128,1,0,0
ahrup1ic,319,k9ggkjly,5,presurvey,Training,1779836130,1,0,0
ahrup1ic,323,wcfqv6xb,0,,InitializeParticipant,1779836133,1,0,0
ahrup1ic,322,fm7x0uhc,3,presurvey,Demographics,1779836134,1,0,0
ahrup1ic,322,fm7x0uhc,4,presurvey,NeighborhoodInstruction,1779836139,1,0,0
ahrup1ic,323,wcfqv6xb,1,presurvey,Introduction,1779836139,1,0,0
ahrup1ic,313,bpemd3pu,8,presurvey,AttentionCheck,1779836140,1,0,0
ahrup1ic,320,f8tjujb6,12,presurvey,Commitment,1779836141,1,0,0
ahrup1ic,321,wwp58s2q,3,presurvey,Demographics,1779836147,1,0,0
ahrup1ic,307,pb94cc1f,12,presurvey,Commitment,1779836148,1,0,0
ahrup1ic,324,sqczsk6m,0,,InitializeParticipant,1779836152,1,0,0
ahrup1ic,323,wcfqv6xb,2,presurvey,AudioCheck,1779836154,1,0,0
ahrup1ic,325,084mgqvj,0,,InitializeParticipant,1779836155,1,0,0
ahrup1ic,324,sqczsk6m,1,presurvey,Introduction,1779836160,1,0,0
ahrup1ic,325,084mgqvj,1,presurvey,Introduction,1779836161,1,0,0
ahrup1ic,321,wwp58s2q,4,presurvey,NeighborhoodInstruction,1779836162,1,0,0
ahrup1ic,318,pqxd7d1c,11,presurvey,Scenario,1779836163,1,0,0
ahrup1ic,322,fm7x0uhc,5,presurvey,Training,1779836168,1,0,0
ahrup1ic,323,wcfqv6xb,3,presurvey,Demographics,1779836168,1,0,0
ahrup1ic,313,bpemd3pu,9,presurvey,TrainingNeighbor_3,1779836168,1,0,0
ahrup1ic,319,k9ggkjly,6,presurvey,TrainingNeighbor_1,1779836179,1,0,0
ahrup1ic,323,wcfqv6xb,4,presurvey,NeighborhoodInstruction,1779836182,1,0,0
ahrup1ic,319,k9ggkjly,10,presurvey,ExperimentInstruction,1779836195,1,0,0
ahrup1ic,313,bpemd3pu,10,presurvey,ExperimentInstruction,1779836195,1,0,0
ahrup1ic,323,wcfqv6xb,5,presurvey,Training,1779836200,1,0,0
ahrup1ic,321,wwp58s2q,5,presurvey,Training,1779836202,1,0,0
ahrup1ic,322,fm7x0uhc,6,presurvey,TrainingNeighbor_1,1779836207,1,0,0
ahrup1ic,322,fm7x0uhc,7,presurvey,TrainingNeighbor_2,1779836210,1,0,0
ahrup1ic,322,fm7x0uhc,10,presurvey,ExperimentInstruction,1779836213,1,0,0
ahrup1ic,322,fm7x0uhc,11,presurvey,Scenario,1779836223,1,0,0
ahrup1ic,317,b0pfoz9m,6,presurvey,TrainingNeighbor_1,1779836223,1,0,0
ahrup1ic,325,084mgqvj,2,presurvey,AudioCheck,1779836229,1,0,0
ahrup1ic,319,k9ggkjly,11,presurvey,Scenario,1779836232,1,0,0
ahrup1ic,326,oq21fmbi,0,,InitializeParticipant,1779836234,1,0,0
ahrup1ic,321,wwp58s2q,6,presurvey,TrainingNeighbor_1,1779836244,1,0,0
ahrup1ic,317,b0pfoz9m,10,presurvey,ExperimentInstruction,1779836246,1,0,0
ahrup1ic,327,81n9t2ye,0,,InitializeParticipant,1779836247,1,0,0
ahrup1ic,326,oq21fmbi,1,presurvey,Introduction,1779836249,1,0,0
ahrup1ic,322,fm7x0uhc,12,presurvey,Commitment,1779836251,1,0,0
ahrup1ic,313,bpemd3pu,11,presurvey,Scenario,1779836252,1,0,0
ahrup1ic,321,wwp58s2q,7,presurvey,TrainingNeighbor_2,1779836256,1,0,0
ahrup1ic,326,oq21fmbi,2,presurvey,AudioCheck,1779836260,1,0,0
ahrup1ic,321,wwp58s2q,10,presurvey,ExperimentInstruction,1779836261,1,0,0
ahrup1ic,324,sqczsk6m,2,presurvey,AudioCheck,1779836261,1,0,0
ahrup1ic,325,084mgqvj,3,presurvey,Demographics,1779836262,1,0,0
ahrup1ic,327,81n9t2ye,1,presurvey,Introduction,1779836267,1,0,0
ahrup1ic,325,084mgqvj,4,presurvey,NeighborhoodInstruction,1779836277,1,0,0
ahrup1ic,326,oq21fmbi,3,presurvey,Demographics,1779836282,1,0,0
ahrup1ic,328,phl92md9,0,,InitializeParticipant,1779836292,1,0,0
ahrup1ic,327,81n9t2ye,2,presurvey,AudioCheck,1779836294,1,0,0
ahrup1ic,326,oq21fmbi,4,presurvey,NeighborhoodInstruction,1779836295,1,0,0
ahrup1ic,324,sqczsk6m,3,presurvey,Demographics,1779836295,1,0,0
ahrup1ic,319,k9ggkjly,12,presurvey,Commitment,1779836300,1,0,0
ahrup1ic,328,phl92md9,1,presurvey,Introduction,1779836304,1,0,0
ahrup1ic,325,084mgqvj,5,presurvey,Training,1779836309,1,0,0
ahrup1ic,324,sqczsk6m,4,presurvey,NeighborhoodInstruction,1779836317,1,0,0
ahrup1ic,326,oq21fmbi,5,presurvey,Training,1779836318,1,0,0
ahrup1ic,327,81n9t2ye,3,presurvey,Demographics,1779836319,1,0,0
ahrup1ic,329,2s8s37un,0,,InitializeParticipant,1779836323,1,0,0
ahrup1ic,317,b0pfoz9m,11,presurvey,Scenario,1779836329,1,0,0
ahrup1ic,330,62knmkop,0,,InitializeParticipant,1779836331,1,0,0
ahrup1ic,331,l0ggfea7,0,,InitializeParticipant,1779836333,1,0,0
ahrup1ic,330,62knmkop,1,presurvey,Introduction,1779836336,1,0,0
ahrup1ic,331,l0ggfea7,1,presurvey,Introduction,1779836337,1,0,0
ahrup1ic,306,yavoamip,13,mock_N08_N04_Aonly,GroupingWaitPage,1779836339,1,0,1
ahrup1ic,332,y1l1p6az,0,,InitializeParticipant,1779836341,1,0,0
ahrup1ic,325,084mgqvj,6,presurvey,TrainingNeighbor_1,1779836343,1,0,0
ahrup1ic,332,y1l1p6az,1,presurvey,Introduction,1779836346,1,0,0
ahrup1ic,313,bpemd3pu,12,presurvey,Commitment,1779836347,1,0,0
ahrup1ic,331,l0ggfea7,2,presurvey,AudioCheck,1779836351,1,0,0
ahrup1ic,330,62knmkop,2,presurvey,AudioCheck,1779836351,1,0,0
ahrup1ic,306,yavoamip,14,mock_N08_N04_Aonly,GroupSizeWaitPage,1779836352,1,0,1
ahrup1ic,327,81n9t2ye,4,presurvey,NeighborhoodInstruction,1779836354,1,0,0
ahrup1ic,328,phl92md9,2,presurvey,AudioCheck,1779836360,1,0,0
ahrup1ic,333,my19adph,0,,InitializeParticipant,1779836361,1,0,0
ahrup1ic,332,y1l1p6az,2,presurvey,AudioCheck,1779836362,1,0,0
ahrup1ic,326,oq21fmbi,6,presurvey,TrainingNeighbor_1,1779836363,1,0,0
ahrup1ic,325,084mgqvj,10,presurvey,ExperimentInstruction,1779836364,1,0,0
ahrup1ic,331,l0ggfea7,3,presurvey,Demographics,1779836364,1,0,0
ahrup1ic,334,czx7hbng,0,,InitializeParticipant,1779836365,1,0,0
ahrup1ic,333,my19adph,1,presurvey,Introduction,1779836367,1,0,0
ahrup1ic,331,l0ggfea7,4,presurvey,NeighborhoodInstruction,1779836367,1,0,0
ahrup1ic,335,tl2vpv3s,0,,InitializeParticipant,1779836367,1,0,0
ahrup1ic,329,2s8s37un,1,presurvey,Introduction,1779836370,1,0,0
ahrup1ic,326,oq21fmbi,7,presurvey,TrainingNeighbor_2,1779836370,1,0,0
ahrup1ic,326,oq21fmbi,10,presurvey,ExperimentInstruction,1779836372,1,0,0
ahrup1ic,332,y1l1p6az,3,presurvey,Demographics,1779836374,1,0,0
ahrup1ic,330,62knmkop,3,presurvey,Demographics,1779836375,1,0,0
ahrup1ic,328,phl92md9,3,presurvey,Demographics,1779836376,1,0,0
ahrup1ic,331,l0ggfea7,5,presurvey,Training,1779836378,1,0,0
ahrup1ic,337,1xxrqy6b,0,,InitializeParticipant,1779836378,1,0,0
ahrup1ic,332,y1l1p6az,4,presurvey,NeighborhoodInstruction,1779836379,1,0,0
ahrup1ic,336,mqtzhaz6,0,,InitializeParticipant,1779836379,1,0,0
ahrup1ic,330,62knmkop,4,presurvey,NeighborhoodInstruction,1779836379,1,0,0
ahrup1ic,329,2s8s37un,2,presurvey,AudioCheck,1779836381,1,0,0
ahrup1ic,336,mqtzhaz6,1,presurvey,Introduction,1779836384,1,0,0
ahrup1ic,335,tl2vpv3s,1,presurvey,Introduction,1779836384,1,0,0
ahrup1ic,334,czx7hbng,1,presurvey,Introduction,1779836386,1,0,0
ahrup1ic,328,phl92md9,4,presurvey,NeighborhoodInstruction,1779836386,1,0,0
ahrup1ic,333,my19adph,2,presurvey,AudioCheck,1779836386,1,0,0
ahrup1ic,338,1uz4oz2n,0,,InitializeParticipant,1779836392,1,0,0
ahrup1ic,339,bg4esehg,0,,InitializeParticipant,1779836392,1,0,0
ahrup1ic,331,l0ggfea7,6,presurvey,TrainingNeighbor_1,1779836392,1,0,0
ahrup1ic,306,yavoamip,15,mock_N08_N04_Aonly,AttentionCheck,1779836394,1,1,0
ahrup1ic,331,l0ggfea7,10,presurvey,ExperimentInstruction,1779836396,1,0,0
ahrup1ic,323,wcfqv6xb,6,presurvey,TrainingNeighbor_1,1779836396,1,0,0
ahrup1ic,332,y1l1p6az,5,presurvey,Training,1779836396,1,0,0
ahrup1ic,329,2s8s37un,3,presurvey,Demographics,1779836397,1,0,0
ahrup1ic,326,oq21fmbi,11,presurvey,Scenario,1779836398,1,0,0
ahrup1ic,335,tl2vpv3s,2,presurvey,AudioCheck,1779836403,1,0,0
ahrup1ic,325,084mgqvj,11,presurvey,Scenario,1779836405,1,0,0
ahrup1ic,331,l0ggfea7,11,presurvey,Scenario,1779836405,1,0,0
ahrup1ic,337,1xxrqy6b,1,presurvey,Introduction,1779836406,1,0,0
ahrup1ic,323,wcfqv6xb,10,presurvey,ExperimentInstruction,1779836410,1,0,0
ahrup1ic,330,62knmkop,5,presurvey,Training,1779836411,1,0,0
ahrup1ic,329,2s8s37un,4,presurvey,NeighborhoodInstruction,1779836411,1,0,0
ahrup1ic,327,81n9t2ye,5,presurvey,Training,1779836412,1,0,0
ahrup1ic,333,my19adph,3,presurvey,Demographics,1779836413,1,0,0
ahrup1ic,335,tl2vpv3s,3,presurvey,Demographics,1779836416,1,0,0
ahrup1ic,331,l0ggfea7,12,presurvey,Commitment,1779836417,1,0,0
ahrup1ic,337,1xxrqy6b,2,presurvey,AudioCheck,1779836418,1,0,0
ahrup1ic,328,phl92md9,5,presurvey,Training,1779836421,1,0,0
ahrup1ic,340,f5c118ov,0,,InitializeParticipant,1779836422,1,0,0
ahrup1ic,326,oq21fmbi,12,presurvey,Commitment,1779836423,1,0,0
ahrup1ic,338,1uz4oz2n,1,presurvey,Introduction,1779836424,1,0,0
ahrup1ic,332,y1l1p6az,6,presurvey,TrainingNeighbor_1,1779836424,1,0,0
ahrup1ic,339,bg4esehg,1,presurvey,Introduction,1779836425,1,0,0
ahrup1ic,335,tl2vpv3s,4,presurvey,NeighborhoodInstruction,1779836427,1,0,0
ahrup1ic,333,my19adph,4,presurvey,NeighborhoodInstruction,1779836427,1,0,0
ahrup1ic,332,y1l1p6az,10,presurvey,ExperimentInstruction,1779836430,1,0,0
ahrup1ic,317,b0pfoz9m,12,presurvey,Commitment,1779836432,1,0,0
ahrup1ic,330,62knmkop,6,presurvey,TrainingNeighbor_1,1779836440,1,0,0
ahrup1ic,321,wwp58s2q,11,presurvey,Scenario,1779836441,1,0,0
ahrup1ic,324,sqczsk6m,5,presurvey,Training,1779836447,1,0,0
ahrup1ic,332,y1l1p6az,11,presurvey,Scenario,1779836447,1,0,0
ahrup1ic,328,phl92md9,6,presurvey,TrainingNeighbor_1,1779836447,1,0,0
ahrup1ic,325,084mgqvj,12,presurvey,Commitment,1779836447,1,0,0
ahrup1ic,323,wcfqv6xb,11,presurvey,Scenario,1779836447,1,0,0
ahrup1ic,341,m2mz9gn6,0,,InitializeParticipant,1779836448,1,0,0
ahrup1ic,340,f5c118ov,1,presurvey,Introduction,1779836448,1,0,0
ahrup1ic,310,38ywlzsw,13,mock_N08_N04_Aonly,GroupingWaitPage,1779836450,1,0,1
ahrup1ic,310,38ywlzsw,14,mock_N08_N04_Aonly,GroupSizeWaitPage,1779836450,1,0,1
ahrup1ic,333,my19adph,5,presurvey,Training,1779836451,1,0,0
ahrup1ic,334,czx7hbng,2,presurvey,AudioCheck,1779836451,1,0,0
ahrup1ic,338,1uz4oz2n,2,presurvey,AudioCheck,1779836454,1,0,0
ahrup1ic,339,bg4esehg,2,presurvey,AudioCheck,1779836454,1,0,0
ahrup1ic,342,utgwymgj,0,,InitializeParticipant,1779836455,1,0,0
ahrup1ic,337,1xxrqy6b,3,presurvey,Demographics,1779836455,1,0,0
ahrup1ic,310,38ywlzsw,15,mock_N08_N04_Aonly,AttentionCheck,1779836455,1,0,0
ahrup1ic,330,62knmkop,10,presurvey,ExperimentInstruction,1779836458,1,0,0
ahrup1ic,270,s7k0viqg,13,mock_N08_N04_Aonly,GroupingWaitPage,1779836459,1,0,1
ahrup1ic,270,s7k0viqg,14,mock_N08_N04_Aonly,GroupSizeWaitPage,1779836459,1,0,1
ahrup1ic,341,m2mz9gn6,1,presurvey,Introduction,1779836463,1,0,0
ahrup1ic,337,1xxrqy6b,4,presurvey,NeighborhoodInstruction,1779836463,1,0,0
ahrup1ic,328,phl92md9,10,presurvey,ExperimentInstruction,1779836463,1,0,0
ahrup1ic,323,wcfqv6xb,12,presurvey,Commitment,1779836472,1,0,0
ahrup1ic,335,tl2vpv3s,5,presurvey,Training,1779836477,1,0,0
ahrup1ic,340,f5c118ov,2,presurvey,AudioCheck,1779836477,1,0,0
ahrup1ic,329,2s8s37un,5,presurvey,Training,1779836483,1,0,0
ahrup1ic,327,81n9t2ye,6,presurvey,TrainingNeighbor_1,1779836483,1,0,0
ahrup1ic,333,my19adph,6,presurvey,TrainingNeighbor_1,1779836483,1,0,0
ahrup1ic,342,utgwymgj,1,presurvey,Introduction,1779836483,1,0,0
ahrup1ic,328,phl92md9,11,presurvey,Scenario,1779836484,1,0,0
ahrup1ic,338,1uz4oz2n,3,presurvey,Demographics,1779836485,1,0,0
ahrup1ic,333,my19adph,10,presurvey,ExperimentInstruction,1779836488,1,0,0
ahrup1ic,339,bg4esehg,3,presurvey,Demographics,1779836489,1,0,0
ahrup1ic,342,utgwymgj,2,presurvey,AudioCheck,1779836494,1,0,0
ahrup1ic,330,62knmkop,11,presurvey,Scenario,1779836494,1,0,0
ahrup1ic,336,mqtzhaz6,2,presurvey,AudioCheck,1779836495,1,0,0
ahrup1ic,327,81n9t2ye,7,presurvey,TrainingNeighbor_2,1779836497,1,0,0
ahrup1ic,343,q1jt2t7q,0,,InitializeParticipant,1779836499,1,0,0
ahrup1ic,332,y1l1p6az,12,presurvey,Commitment,1779836510,1,0,0
ahrup1ic,336,mqtzhaz6,3,presurvey,Demographics,1779836511,1,0,0
ahrup1ic,343,q1jt2t7q,1,presurvey,Introduction,1779836513,1,0,0
ahrup1ic,335,tl2vpv3s,6,presurvey,TrainingNeighbor_1,1779836515,1,0,0
ahrup1ic,333,my19adph,11,presurvey,Scenario,1779836515,1,0,0
ahrup1ic,328,phl92md9,12,presurvey,Commitment,1779836516,1,0,0
ahrup1ic,342,utgwymgj,3,presurvey,Demographics,1779836516,1,0,0
ahrup1ic,337,1xxrqy6b,5,presurvey,Training,1779836518,1,0,0
ahrup1ic,339,bg4esehg,4,presurvey,NeighborhoodInstruction,1779836519,1,0,0
ahrup1ic,342,utgwymgj,4,presurvey,NeighborhoodInstruction,1779836523,1,0,0
ahrup1ic,344,5m2074m8,0,,InitializeParticipant,1779836526,1,0,0
ahrup1ic,338,1uz4oz2n,4,presurvey,NeighborhoodInstruction,1779836528,1,0,0
ahrup1ic,336,mqtzhaz6,4,presurvey,NeighborhoodInstruction,1779836530,1,0,0
ahrup1ic,335,tl2vpv3s,7,presurvey,TrainingNeighbor_2,1779836532,1,0,0
ahrup1ic,329,2s8s37un,6,presurvey,TrainingNeighbor_1,1779836532,1,0,0
ahrup1ic,327,81n9t2ye,10,presurvey,ExperimentInstruction,1779836535,1,0,0
ahrup1ic,329,2s8s37un,10,presurvey,ExperimentInstruction,1779836537,1,0,0
ahrup1ic,311,qs1tt3ed,13,mock_N08_N04_Aonly,GroupingWaitPage,1779836540,1,0,1
ahrup1ic,335,tl2vpv3s,10,presurvey,ExperimentInstruction,1779836540,1,0,0
ahrup1ic,311,qs1tt3ed,14,mock_N08_N04_Aonly,GroupSizeWaitPage,1779836540,1,0,1
ahrup1ic,337,1xxrqy6b,6,presurvey,TrainingNeighbor_1,1779836546,1,0,0
ahrup1ic,311,qs1tt3ed,15,mock_N08_N04_Aonly,AttentionCheck,1779836548,1,0,0
ahrup1ic,330,62knmkop,12,presurvey,Commitment,1779836552,1,0,0
ahrup1ic,336,mqtzhaz6,5,presurvey,Training,1779836554,1,0,0
ahrup1ic,335,tl2vpv3s,11,presurvey,Scenario,1779836557,1,0,0
ahrup1ic,337,1xxrqy6b,10,presurvey,ExperimentInstruction,1779836560,1,0,0
ahrup1ic,329,2s8s37un,11,presurvey,Scenario,1779836563,1,0,0
ahrup1ic,327,81n9t2ye,11,presurvey,Scenario,1779836568,1,0,0
ahrup1ic,333,my19adph,12,presurvey,Commitment,1779836569,1,0,0
ahrup1ic,342,utgwymgj,5,presurvey,Training,1779836570,1,0,0
ahrup1ic,334,czx7hbng,3,presurvey,Demographics,1779836571,1,0,0
ahrup1ic,338,1uz4oz2n,5,presurvey,Training,1779836571,1,0,0
ahrup1ic,345,qlqxvxr1,0,,InitializeParticipant,1779836573,1,0,0
ahrup1ic,336,mqtzhaz6,6,presurvey,TrainingNeighbor_1,1779836574,1,0,0
ahrup1ic,339,bg4esehg,5,presurvey,Training,1779836578,1,0,0
ahrup1ic,337,1xxrqy6b,11,presurvey,Scenario,1779836580,1,0,0
ahrup1ic,345,qlqxvxr1,1,presurvey,Introduction,1779836583,1,0,0
ahrup1ic,346,ge5pbf6x,0,,InitializeParticipant,1779836590,1,0,0
ahrup1ic,335,tl2vpv3s,12,presurvey,Commitment,1779836590,1,0,0
ahrup1ic,342,utgwymgj,6,presurvey,TrainingNeighbor_1,1779836592,1,0,0
ahrup1ic,347,qhkr9x98,0,,InitializeParticipant,1779836599,1,0,0
ahrup1ic,347,qhkr9x98,1,presurvey,Introduction,1779836606,1,0,0
ahrup1ic,342,utgwymgj,10,presurvey,ExperimentInstruction,1779836606,1,0,0
ahrup1ic,324,sqczsk6m,6,presurvey,TrainingNeighbor_1,1779836608,1,0,0
ahrup1ic,346,ge5pbf6x,1,presurvey,Introduction,1779836610,1,0,0
ahrup1ic,345,qlqxvxr1,2,presurvey,AudioCheck,1779836614,1,0,0
ahrup1ic,329,2s8s37un,12,presurvey,Commitment,1779836618,1,0,0
ahrup1ic,334,czx7hbng,4,presurvey,NeighborhoodInstruction,1779836619,1,0,0
ahrup1ic,346,ge5pbf6x,2,presurvey,AudioCheck,1779836622,1,0,0
ahrup1ic,342,utgwymgj,11,presurvey,Scenario,1779836625,1,0,0
ahrup1ic,339,bg4esehg,6,presurvey,TrainingNeighbor_1,1779836626,1,0,0
ahrup1ic,345,qlqxvxr1,3,presurvey,Demographics,1779836628,1,0,0
ahrup1ic,347,qhkr9x98,2,presurvey,AudioCheck,1779836634,1,0,0
ahrup1ic,337,1xxrqy6b,12,presurvey,Commitment,1779836635,1,0,0
ahrup1ic,345,qlqxvxr1,4,presurvey,NeighborhoodInstruction,1779836645,1,0,0
ahrup1ic,338,1uz4oz2n,6,presurvey,TrainingNeighbor_1,1779836646,1,0,0
ahrup1ic,324,sqczsk6m,7,presurvey,TrainingNeighbor_2,1779836649,1,0,0
ahrup1ic,327,81n9t2ye,12,presurvey,Commitment,1779836661,1,0,0
ahrup1ic,339,bg4esehg,7,presurvey,TrainingNeighbor_2,1779836672,1,0,0
ahrup1ic,342,utgwymgj,12,presurvey,Commitment,1779836673,1,0,0
ahrup1ic,347,qhkr9x98,3,presurvey,Demographics,1779836679,1,0,0
ahrup1ic,338,1uz4oz2n,7,presurvey,TrainingNeighbor_2,1779836680,1,0,0
ahrup1ic,346,ge5pbf6x,3,presurvey,Demographics,1779836685,1,0,0
ahrup1ic,347,qhkr9x98,4,presurvey,NeighborhoodInstruction,1779836693,1,0,0
ahrup1ic,346,ge5pbf6x,4,presurvey,NeighborhoodInstruction,1779836695,1,0,0
ahrup1ic,339,bg4esehg,10,presurvey,ExperimentInstruction,1779836710,1,0,0
ahrup1ic,345,qlqxvxr1,5,presurvey,Training,1779836712,1,0,0
ahrup1ic,346,ge5pbf6x,5,presurvey,Training,1779836723,1,0,0
ahrup1ic,338,1uz4oz2n,10,presurvey,ExperimentInstruction,1779836725,1,0,0
ahrup1ic,334,czx7hbng,5,presurvey,Training,1779836727,1,0,0
ahrup1ic,345,qlqxvxr1,6,presurvey,TrainingNeighbor_1,1779836752,1,0,0
ahrup1ic,346,ge5pbf6x,6,presurvey,TrainingNeighbor_1,1779836770,1,0,0
ahrup1ic,338,1uz4oz2n,11,presurvey,Scenario,1779836779,1,0,0
ahrup1ic,346,ge5pbf6x,7,presurvey,TrainingNeighbor_2,1779836780,1,0,0
ahrup1ic,346,ge5pbf6x,8,presurvey,AttentionCheck,1779836788,1,0,0
ahrup1ic,334,czx7hbng,6,presurvey,TrainingNeighbor_1,1779836789,1,0,0
ahrup1ic,346,ge5pbf6x,9,presurvey,TrainingNeighbor_3,1779836793,1,0,0
ahrup1ic,334,czx7hbng,10,presurvey,ExperimentInstruction,1779836793,1,0,0
ahrup1ic,346,ge5pbf6x,10,presurvey,ExperimentInstruction,1779836796,1,0,0
ahrup1ic,324,sqczsk6m,10,presurvey,ExperimentInstruction,1779836798,1,0,0
ahrup1ic,324,sqczsk6m,11,presurvey,Scenario,1779836821,1,0,0
ahrup1ic,334,czx7hbng,11,presurvey,Scenario,1779836821,1,0,0
ahrup1ic,346,ge5pbf6x,11,presurvey,Scenario,1779836827,1,0,0
ahrup1ic,344,5m2074m8,1,presurvey,Introduction,1779836838,1,0,0
ahrup1ic,339,bg4esehg,11,presurvey,Scenario,1779836857,1,0,0
ahrup1ic,324,sqczsk6m,12,presurvey,Commitment,1779836861,1,0,0
ahrup1ic,307,pb94cc1f,13,mock_N08_N04_Aonly,GroupingWaitPage,1779836861,1,0,1
ahrup1ic,312,z0fdbd51,13,mock_N08_N04_Aonly,GroupingWaitPage,1779836861,1,0,1
ahrup1ic,315,wr9hj46u,13,mock_N08_N04_Aonly,GroupingWaitPage,1779836861,1,0,1
ahrup1ic,324,sqczsk6m,13,mock_N08_N04_Aonly,GroupingWaitPage,1779836861,1,0,1
ahrup1ic,307,pb94cc1f,14,mock_N08_N04_Aonly,GroupSizeWaitPage,1779836864,1,0,1
ahrup1ic,312,z0fdbd51,14,mock_N08_N04_Aonly,GroupSizeWaitPage,1779836864,1,0,1
ahrup1ic,315,wr9hj46u,14,mock_N08_N04_Aonly,GroupSizeWaitPage,1779836864,1,0,1
ahrup1ic,324,sqczsk6m,14,mock_N08_N04_Aonly,GroupSizeWaitPage,1779836864,1,0,1
ahrup1ic,346,ge5pbf6x,12,presurvey,Commitment,1779836864,1,0,0
ahrup1ic,338,1uz4oz2n,12,presurvey,Commitment,1779836864,1,0,0
ahrup1ic,315,wr9hj46u,16,mock_N08_N04_Aonly,DiscussionGRPWaitPage,1779836865,1,0,1
ahrup1ic,324,sqczsk6m,16,mock_N08_N04_Aonly,DiscussionGRPWaitPage,1779836865,1,0,1
ahrup1ic,312,z0fdbd51,16,mock_N08_N04_Aonly,DiscussionGRPWaitPage,1779836865,1,0,1
ahrup1ic,307,pb94cc1f,16,mock_N08_N04_Aonly,DiscussionGRPWaitPage,1779836865,1,0,1
ahrup1ic,315,wr9hj46u,20,mock_N08_N04_Aonly,Phase3,1779836872,1,0,0
ahrup1ic,344,5m2074m8,2,presurvey,AudioCheck,1779836873,1,0,0
ahrup1ic,341,m2mz9gn6,2,presurvey,AudioCheck,1779836875,1,0,0
ahrup1ic,315,wr9hj46u,21,mock_N08_N04_Aonly,Discussion,1779836877,1,0,0
ahrup1ic,312,z0fdbd51,20,mock_N08_N04_Aonly,Phase3,1779836879,1,0,0
ahrup1ic,312,z0fdbd51,21,mock_N08_N04_Aonly,Discussion,1779836888,1,0,0
ahrup1ic,344,5m2074m8,3,presurvey,Demographics,1779836894,1,0,0
ahrup1ic,324,sqczsk6m,20,mock_N08_N04_Aonly,Phase3,1779836910,1,1,0
ahrup1ic,307,pb94cc1f,20,mock_N08_N04_Aonly,Phase3,1779836911,1,1,0
ahrup1ic,347,qhkr9x98,5,presurvey,Training,1779836923,1,0,0
ahrup1ic,324,sqczsk6m,21,mock_N08_N04_Aonly,Discussion,1779836928,1,0,0
ahrup1ic,307,pb94cc1f,21,mock_N08_N04_Aonly,Discussion,1779836939,1,0,0
ahrup1ic,312,z0fdbd51,28,mock_N08_N04_Aonly,DiscussionGRPWaitPage,1779836939,2,0,1
ahrup1ic,324,sqczsk6m,28,mock_N08_N04_Aonly,DiscussionGRPWaitPage,1779836939,2,0,1
ahrup1ic,315,wr9hj46u,28,mock_N08_N04_Aonly,DiscussionGRPWaitPage,1779836939,2,0,1
ahrup1ic,307,pb94cc1f,28,mock_N08_N04_Aonly,DiscussionGRPWaitPage,1779836939,2,0,1
ahrup1ic,315,wr9hj46u,33,mock_N08_N04_Aonly,Discussion,1779836943,2,0,0
ahrup1ic,341,m2mz9gn6,3,presurvey,Demographics,1779836944,1,0,0
ahrup1ic,344,5m2074m8,4,presurvey,NeighborhoodInstruction,1779836944,1,0,0
ahrup1ic,312,z0fdbd51,33,mock_N08_N04_Aonly,Discussion,1779836948,2,0,0
ahrup1ic,307,pb94cc1f,33,mock_N08_N04_Aonly,Discussion,1779836954,2,0,0
ahrup1ic,324,sqczsk6m,33,mock_N08_N04_Aonly,Discussion,1779836955,2,0,0
ahrup1ic,324,sqczsk6m,40,mock_N08_N04_Aonly,DiscussionGRPWaitPage,1779836956,3,0,1
ahrup1ic,315,wr9hj46u,40,mock_N08_N04_Aonly,DiscussionGRPWaitPage,1779836956,3,0,1
ahrup1ic,312,z0fdbd51,40,mock_N08_N04_Aonly,DiscussionGRPWaitPage,1779836956,3,0,1
ahrup1ic,307,pb94cc1f,40,mock_N08_N04_Aonly,DiscussionGRPWaitPage,1779836956,3,0,1
ahrup1ic,315,wr9hj46u,45,mock_N08_N04_Aonly,Discussion,1779836959,3,0,0
ahrup1ic,312,z0fdbd51,45,mock_N08_N04_Aonly,Discussion,1779836962,3,0,0
ahrup1ic,307,pb94cc1f,45,mock_N08_N04_Aonly,Discussion,1779836968,3,0,0
ahrup1ic,339,bg4esehg,12,presurvey,Commitment,1779836971,1,0,0
ahrup1ic,322,fm7x0uhc,13,mock_N08_N04_Aonly,GroupingWaitPage,1779836972,1,0,1
ahrup1ic,322,fm7x0uhc,14,mock_N08_N04_Aonly,GroupSizeWaitPage,1779836974,1,0,1
ahrup1ic,324,sqczsk6m,45,mock_N08_N04_Aonly,Discussion,1779836976,3,0,0
ahrup1ic,324,sqczsk6m,52,mock_N08_N04_Aonly,DiscussionGRPWaitPage,1779836977,4,0,1
ahrup1ic,315,wr9hj46u,52,mock_N08_N04_Aonly,DiscussionGRPWaitPage,1779836977,4,0,1
ahrup1ic,312,z0fdbd51,52,mock_N08_N04_Aonly,DiscussionGRPWaitPage,1779836977,4,0,1
ahrup1ic,307,pb94cc1f,52,mock_N08_N04_Aonly,DiscussionGRPWaitPage,1779836977,4,0,1
ahrup1ic,315,wr9hj46u,57,mock_N08_N04_Aonly,Discussion,1779836981,4,0,0
ahrup1ic,322,fm7x0uhc,15,mock_N08_N04_Aonly,AttentionCheck,1779836982,1,0,0
ahrup1ic,307,pb94cc1f,57,mock_N08_N04_Aonly,Discussion,1779836986,4,0,0
ahrup1ic,312,z0fdbd51,57,mock_N08_N04_Aonly,Discussion,1779836994,4,0,0
ahrup1ic,341,m2mz9gn6,4,presurvey,NeighborhoodInstruction,1779836997,1,0,0
ahrup1ic,324,sqczsk6m,57,mock_N08_N04_Aonly,Discussion,1779836999,4,0,0
ahrup1ic,312,z0fdbd51,64,mock_N08_N04_Aonly,DiscussionGRPWaitPage,1779837000,5,0,1
ahrup1ic,324,sqczsk6m,64,mock_N08_N04_Aonly,DiscussionGRPWaitPage,1779837000,5,0,1
ahrup1ic,315,wr9hj46u,64,mock_N08_N04_Aonly,DiscussionGRPWaitPage,1779837000,5,0,1
ahrup1ic,307,pb94cc1f,64,mock_N08_N04_Aonly,DiscussionGRPWaitPage,1779837000,5,0,1
ahrup1ic,312,z0fdbd51,69,mock_N08_N04_Aonly,Discussion,1779837001,5,0,0
ahrup1ic,348,kyy2qqbh,0,,InitializeParticipant,1779837002,1,0,0
ahrup1ic,315,wr9hj46u,69,mock_N08_N04_Aonly,Discussion,1779837005,5,0,0
ahrup1ic,307,pb94cc1f,69,mock_N08_N04_Aonly,Discussion,1779837006,5,0,0
ahrup1ic,324,sqczsk6m,69,mock_N08_N04_Aonly,Discussion,1779837006,5,0,0
ahrup1ic,324,sqczsk6m,76,mock_N08_N04_Aonly,DiscussionGRPWaitPage,1779837007,6,0,1
ahrup1ic,315,wr9hj46u,76,mock_N08_N04_Aonly,DiscussionGRPWaitPage,1779837007,6,0,1
ahrup1ic,312,z0fdbd51,76,mock_N08_N04_Aonly,DiscussionGRPWaitPage,1779837007,6,0,1
ahrup1ic,307,pb94cc1f,76,mock_N08_N04_Aonly,DiscussionGRPWaitPage,1779837007,6,0,1
ahrup1ic,348,kyy2qqbh,1,presurvey,Introduction,1779837007,1,0,0
ahrup1ic,312,z0fdbd51,81,mock_N08_N04_Aonly,Discussion,1779837008,6,0,0
ahrup1ic,344,5m2074m8,5,presurvey,Training,1779837008,1,0,0
ahrup1ic,324,sqczsk6m,81,mock_N08_N04_Aonly,Discussion,1779837010,6,0,0
ahrup1ic,315,wr9hj46u,81,mock_N08_N04_Aonly,Discussion,1779837012,6,0,0
ahrup1ic,307,pb94cc1f,81,mock_N08_N04_Aonly,Discussion,1779837012,6,0,0
ahrup1ic,312,z0fdbd51,88,mock_N08_N04_Aonly,DiscussionGRPWaitPage,1779837013,7,0,1
ahrup1ic,307,pb94cc1f,88,mock_N08_N04_Aonly,DiscussionGRPWaitPage,1779837013,7,0,1
ahrup1ic,324,sqczsk6m,88,mock_N08_N04_Aonly,DiscussionGRPWaitPage,1779837013,7,0,1
ahrup1ic,315,wr9hj46u,88,mock_N08_N04_Aonly,DiscussionGRPWaitPage,1779837013,7,0,1
ahrup1ic,312,z0fdbd51,93,mock_N08_N04_Aonly,Discussion,1779837015,7,0,0
ahrup1ic,307,pb94cc1f,93,mock_N08_N04_Aonly,Discussion,1779837016,7,0,0
ahrup1ic,315,wr9hj46u,93,mock_N08_N04_Aonly,Discussion,1779837017,7,0,0
ahrup1ic,347,qhkr9x98,6,presurvey,TrainingNeighbor_1,1779837018,1,0,0
ahrup1ic,319,k9ggkjly,13,mock_N08_N04_Aonly,GroupingWaitPage,1779837021,1,0,1
ahrup1ic,324,sqczsk6m,93,mock_N08_N04_Aonly,Discussion,1779837021,7,0,0
ahrup1ic,324,sqczsk6m,100,mock_N08_N04_Aonly,DiscussionGRPWaitPage,1779837022,8,0,1
ahrup1ic,315,wr9hj46u,100,mock_N08_N04_Aonly,DiscussionGRPWaitPage,1779837022,8,0,1
ahrup1ic,312,z0fdbd51,100,mock_N08_N04_Aonly,DiscussionGRPWaitPage,1779837022,8,0,1
ahrup1ic,307,pb94cc1f,100,mock_N08_N04_Aonly,DiscussionGRPWaitPage,1779837022,8,0,1
ahrup1ic,319,k9ggkjly,14,mock_N08_N04_Aonly,GroupSizeWaitPage,1779837023,1,0,1
ahrup1ic,343,q1jt2t7q,2,presurvey,AudioCheck,1779837023,1,0,0
ahrup1ic,312,z0fdbd51,105,mock_N08_N04_Aonly,Discussion,1779837025,8,0,0
ahrup1ic,315,wr9hj46u,105,mock_N08_N04_Aonly,Discussion,1779837026,8,0,0
ahrup1ic,324,sqczsk6m,105,mock_N08_N04_Aonly,Discussion,1779837026,8,0,0
ahrup1ic,307,pb94cc1f,105,mock_N08_N04_Aonly,Discussion,1779837028,8,0,0
ahrup1ic,347,qhkr9x98,7,presurvey,TrainingNeighbor_2,1779837029,1,0,0
ahrup1ic,324,sqczsk6m,112,mock_N08_N04_Aonly,DiscussionGRPWaitPage,1779837029,9,0,1
ahrup1ic,315,wr9hj46u,112,mock_N08_N04_Aonly,DiscussionGRPWaitPage,1779837029,9,0,1
ahrup1ic,312,z0fdbd51,112,mock_N08_N04_Aonly,DiscussionGRPWaitPage,1779837029,9,0,1
ahrup1ic,307,pb94cc1f,112,mock_N08_N04_Aonly,DiscussionGRPWaitPage,1779837029,9,0,1
ahrup1ic,315,wr9hj46u,117,mock_N08_N04_Aonly,Discussion,1779837031,9,0,0
ahrup1ic,312,z0fdbd51,117,mock_N08_N04_Aonly,Discussion,1779837031,9,0,0
ahrup1ic,319,k9ggkjly,15,mock_N08_N04_Aonly,AttentionCheck,1779837031,1,0,0
ahrup1ic,307,pb94cc1f,117,mock_N08_N04_Aonly,Discussion,1779837033,9,0,0
ahrup1ic,348,kyy2qqbh,2,presurvey,AudioCheck,1779837034,1,0,0
ahrup1ic,347,qhkr9x98,10,presurvey,ExperimentInstruction,1779837039,1,0,0
ahrup1ic,324,sqczsk6m,117,mock_N08_N04_Aonly,Discussion,1779837040,9,0,0
ahrup1ic,307,pb94cc1f,124,mock_N08_N04_Aonly,DiscussionGRPWaitPage,1779837040,10,0,1
ahrup1ic,312,z0fdbd51,124,mock_N08_N04_Aonly,DiscussionGRPWaitPage,1779837040,10,0,1
ahrup1ic,324,sqczsk6m,124,mock_N08_N04_Aonly,DiscussionGRPWaitPage,1779837040,10,0,1
ahrup1ic,315,wr9hj46u,124,mock_N08_N04_Aonly,DiscussionGRPWaitPage,1779837040,10,0,1
ahrup1ic,312,z0fdbd51,129,mock_N08_N04_Aonly,Discussion,1779837042,10,0,0
ahrup1ic,315,wr9hj46u,129,mock_N08_N04_Aonly,Discussion,1779837043,10,0,0
ahrup1ic,307,pb94cc1f,129,mock_N08_N04_Aonly,Discussion,1779837044,10,0,0
ahrup1ic,324,sqczsk6m,129,mock_N08_N04_Aonly,Discussion,1779837048,10,0,0
ahrup1ic,324,sqczsk6m,136,mock_N08_N04_Aonly,DiscussionGRPWaitPage,1779837049,11,0,1
ahrup1ic,315,wr9hj46u,136,mock_N08_N04_Aonly,DiscussionGRPWaitPage,1779837049,11,0,1
ahrup1ic,312,z0fdbd51,136,mock_N08_N04_Aonly,DiscussionGRPWaitPage,1779837049,11,0,1
ahrup1ic,307,pb94cc1f,136,mock_N08_N04_Aonly,DiscussionGRPWaitPage,1779837049,11,0,1
ahrup1ic,348,kyy2qqbh,3,presurvey,Demographics,1779837049,1,0,0
ahrup1ic,312,z0fdbd51,141,mock_N08_N04_Aonly,Discussion,1779837050,11,0,0
ahrup1ic,344,5m2074m8,6,presurvey,TrainingNeighbor_1,1779837051,1,0,0
ahrup1ic,315,wr9hj46u,141,mock_N08_N04_Aonly,Discussion,1779837052,11,0,0
ahrup1ic,307,pb94cc1f,141,mock_N08_N04_Aonly,Discussion,1779837052,11,0,0
ahrup1ic,324,sqczsk6m,141,mock_N08_N04_Aonly,Discussion,1779837053,11,0,0
ahrup1ic,324,sqczsk6m,148,mock_N08_N04_Aonly,DiscussionGRPWaitPage,1779837054,12,0,1
ahrup1ic,315,wr9hj46u,148,mock_N08_N04_Aonly,DiscussionGRPWaitPage,1779837054,12,0,1
ahrup1ic,312,z0fdbd51,148,mock_N08_N04_Aonly,DiscussionGRPWaitPage,1779837054,12,0,1
ahrup1ic,307,pb94cc1f,148,mock_N08_N04_Aonly,DiscussionGRPWaitPage,1779837054,12,0,1
ahrup1ic,341,m2mz9gn6,5,presurvey,Training,1779837054,1,0,0
ahrup1ic,312,z0fdbd51,153,mock_N08_N04_Aonly,Discussion,1779837055,12,0,0
ahrup1ic,315,wr9hj46u,153,mock_N08_N04_Aonly,Discussion,1779837056,12,0,0
ahrup1ic,307,pb94cc1f,153,mock_N08_N04_Aonly,Discussion,1779837058,12,0,0
ahrup1ic,324,sqczsk6m,153,mock_N08_N04_Aonly,Discussion,1779837058,12,0,0
ahrup1ic,307,pb94cc1f,160,mock_N08_N04_Aonly,DiscussionGRPWaitPage,1779837059,13,0,1
ahrup1ic,324,sqczsk6m,160,mock_N08_N04_Aonly,DiscussionGRPWaitPage,1779837059,13,0,1
ahrup1ic,315,wr9hj46u,160,mock_N08_N04_Aonly,DiscussionGRPWaitPage,1779837059,13,0,1
ahrup1ic,312,z0fdbd51,160,mock_N08_N04_Aonly,DiscussionGRPWaitPage,1779837059,13,0,1
ahrup1ic,312,z0fdbd51,165,mock_N08_N04_Aonly,Discussion,1779837060,13,0,0
ahrup1ic,324,sqczsk6m,165,mock_N08_N04_Aonly,Discussion,1779837060,13,0,0
ahrup1ic,315,wr9hj46u,165,mock_N08_N04_Aonly,Discussion,1779837062,13,0,0
ahrup1ic,307,pb94cc1f,165,mock_N08_N04_Aonly,Discussion,1779837062,13,0,0
ahrup1ic,324,sqczsk6m,172,mock_N08_N04_Aonly,DiscussionGRPWaitPage,1779837063,14,0,1
ahrup1ic,315,wr9hj46u,172,mock_N08_N04_Aonly,DiscussionGRPWaitPage,1779837063,14,0,1
ahrup1ic,312,z0fdbd51,172,mock_N08_N04_Aonly,DiscussionGRPWaitPage,1779837063,14,0,1
ahrup1ic,307,pb94cc1f,172,mock_N08_N04_Aonly,DiscussionGRPWaitPage,1779837063,14,0,1
ahrup1ic,344,5m2074m8,10,presurvey,ExperimentInstruction,1779837064,1,0,0
ahrup1ic,312,z0fdbd51,177,mock_N08_N04_Aonly,Discussion,1779837064,14,0,0
ahrup1ic,315,wr9hj46u,177,mock_N08_N04_Aonly,Discussion,1779837065,14,0,0
ahrup1ic,324,sqczsk6m,177,mock_N08_N04_Aonly,Discussion,1779837066,14,0,0
ahrup1ic,313,bpemd3pu,13,mock_N08_N04_Aonly,GroupingWaitPage,1779837069,1,0,1
ahrup1ic,307,pb94cc1f,177,mock_N08_N04_Aonly,Discussion,1779837071,14,0,0
ahrup1ic,313,bpemd3pu,14,mock_N08_N04_Aonly,GroupSizeWaitPage,1779837071,1,0,1
ahrup1ic,324,sqczsk6m,184,mock_N08_N04_Aonly,DiscussionGRPWaitPage,1779837072,15,0,1
ahrup1ic,315,wr9hj46u,184,mock_N08_N04_Aonly,DiscussionGRPWaitPage,1779837072,15,0,1
ahrup1ic,312,z0fdbd51,184,mock_N08_N04_Aonly,DiscussionGRPWaitPage,1779837072,15,0,1
ahrup1ic,307,pb94cc1f,184,mock_N08_N04_Aonly,DiscussionGRPWaitPage,1779837072,15,0,1
ahrup1ic,343,q1jt2t7q,3,presurvey,Demographics,1779837073,1,0,0
ahrup1ic,312,z0fdbd51,189,mock_N08_N04_Aonly,Discussion,1779837073,15,0,0
ahrup1ic,315,wr9hj46u,189,mock_N08_N04_Aonly,Discussion,1779837074,15,0,0
ahrup1ic,307,pb94cc1f,189,mock_N08_N04_Aonly,Discussion,1779837075,15,0,0
ahrup1ic,348,kyy2qqbh,4,presurvey,NeighborhoodInstruction,1779837078,1,0,0
ahrup1ic,349,qvzkm1ol,0,,InitializeParticipant,1779837079,1,0,0
ahrup1ic,324,sqczsk6m,189,mock_N08_N04_Aonly,Discussion,1779837082,15,0,0
ahrup1ic,307,pb94cc1f,196,mock_N08_N04_Aonly,DiscussionGRPWaitPage,1779837082,16,0,1
ahrup1ic,324,sqczsk6m,196,mock_N08_N04_Aonly,DiscussionGRPWaitPage,1779837082,16,0,1
ahrup1ic,315,wr9hj46u,196,mock_N08_N04_Aonly,DiscussionGRPWaitPage,1779837082,16,0,1
ahrup1ic,312,z0fdbd51,196,mock_N08_N04_Aonly,DiscussionGRPWaitPage,1779837082,16,0,1
ahrup1ic,313,bpemd3pu,15,mock_N08_N04_Aonly,AttentionCheck,1779837082,1,0,0
ahrup1ic,341,m2mz9gn6,6,presurvey,TrainingNeighbor_1,1779837084,1,0,0
ahrup1ic,312,z0fdbd51,201,mock_N08_N04_Aonly,Discussion,1779837085,16,0,0
ahrup1ic,315,wr9hj46u,201,mock_N08_N04_Aonly,Discussion,1779837086,16,0,0
ahrup1ic,307,pb94cc1f,201,mock_N08_N04_Aonly,Discussion,1779837089,16,0,0
ahrup1ic,324,sqczsk6m,201,mock_N08_N04_Aonly,Discussion,1779837091,16,0,0
ahrup1ic,324,sqczsk6m,208,mock_N08_N04_Aonly,DiscussionGRPWaitPage,1779837091,17,0,1
ahrup1ic,315,wr9hj46u,208,mock_N08_N04_Aonly,DiscussionGRPWaitPage,1779837091,17,0,1
ahrup1ic,312,z0fdbd51,208,mock_N08_N04_Aonly,DiscussionGRPWaitPage,1779837091,17,0,1
ahrup1ic,307,pb94cc1f,208,mock_N08_N04_Aonly,DiscussionGRPWaitPage,1779837091,17,0,1
ahrup1ic,349,qvzkm1ol,1,presurvey,Introduction,1779837092,1,0,0
ahrup1ic,312,z0fdbd51,213,mock_N08_N04_Aonly,Discussion,1779837092,17,0,0
ahrup1ic,324,sqczsk6m,213,mock_N08_N04_Aonly,Discussion,1779837093,17,0,0
ahrup1ic,315,wr9hj46u,213,mock_N08_N04_Aonly,Discussion,1779837093,17,0,0
ahrup1ic,307,pb94cc1f,213,mock_N08_N04_Aonly,Discussion,1779837096,17,0,0
ahrup1ic,324,sqczsk6m,220,mock_N08_N04_Aonly,DiscussionGRPWaitPage,1779837097,18,0,1
ahrup1ic,315,wr9hj46u,220,mock_N08_N04_Aonly,DiscussionGRPWaitPage,1779837097,18,0,1
ahrup1ic,312,z0fdbd51,220,mock_N08_N04_Aonly,DiscussionGRPWaitPage,1779837097,18,0,1
ahrup1ic,307,pb94cc1f,220,mock_N08_N04_Aonly,DiscussionGRPWaitPage,1779837097,18,0,1
ahrup1ic,312,z0fdbd51,225,mock_N08_N04_Aonly,Discussion,1779837098,18,0,0
ahrup1ic,341,m2mz9gn6,7,presurvey,TrainingNeighbor_2,1779837099,1,0,0
ahrup1ic,315,wr9hj46u,225,mock_N08_N04_Aonly,Discussion,1779837099,18,0,0
ahrup1ic,307,pb94cc1f,225,mock_N08_N04_Aonly,Discussion,1779837101,18,0,0
ahrup1ic,324,sqczsk6m,225,mock_N08_N04_Aonly,Discussion,1779837106,18,0,0
ahrup1ic,315,wr9hj46u,232,mock_N08_N04_Aonly,DiscussionGRPWaitPage,1779837106,19,0,1
ahrup1ic,312,z0fdbd51,232,mock_N08_N04_Aonly,DiscussionGRPWaitPage,1779837106,19,0,1
ahrup1ic,307,pb94cc1f,232,mock_N08_N04_Aonly,DiscussionGRPWaitPage,1779837106,19,0,1
ahrup1ic,324,sqczsk6m,232,mock_N08_N04_Aonly,DiscussionGRPWaitPage,1779837106,19,0,1
ahrup1ic,336,mqtzhaz6,10,presurvey,ExperimentInstruction,1779837107,1,0,0
ahrup1ic,312,z0fdbd51,237,mock_N08_N04_Aonly,Discussion,1779837107,19,0,0
ahrup1ic,315,wr9hj46u,237,mock_N08_N04_Aonly,Discussion,1779837108,19,0,0
ahrup1ic,344,5m2074m8,11,presurvey,Scenario,1779837112,1,0,0
ahrup1ic,341,m2mz9gn6,10,presurvey,ExperimentInstruction,1779837117,1,0,0
ahrup1ic,307,pb94cc1f,237,mock_N08_N04_Aonly,Discussion,1779837117,19,0,0
ahrup1ic,324,sqczsk6m,237,mock_N08_N04_Aonly,Discussion,1779837117,19,0,0
ahrup1ic,348,kyy2qqbh,5,presurvey,Training,1779837117,1,0,0
ahrup1ic,349,qvzkm1ol,2,presurvey,AudioCheck,1779837118,1,0,0
ahrup1ic,324,sqczsk6m,244,mock_N08_N04_Aonly,DiscussionGRPWaitPage,1779837118,20,0,1
ahrup1ic,315,wr9hj46u,244,mock_N08_N04_Aonly,DiscussionGRPWaitPage,1779837118,20,0,1
ahrup1ic,312,z0fdbd51,244,mock_N08_N04_Aonly,DiscussionGRPWaitPage,1779837118,20,0,1
ahrup1ic,307,pb94cc1f,244,mock_N08_N04_Aonly,DiscussionGRPWaitPage,1779837118,20,0,1
ahrup1ic,312,z0fdbd51,249,mock_N08_N04_Aonly,Discussion,1779837119,20,0,0
ahrup1ic,315,wr9hj46u,249,mock_N08_N04_Aonly,Discussion,1779837121,20,0,0
ahrup1ic,307,pb94cc1f,249,mock_N08_N04_Aonly,Discussion,1779837121,20,0,0
ahrup1ic,324,sqczsk6m,249,mock_N08_N04_Aonly,Discussion,1779837123,20,0,0
ahrup1ic,312,z0fdbd51,250,mock_N08_N04_Aonly,Additional,1779837128,20,0,0
ahrup1ic,307,pb94cc1f,250,mock_N08_N04_Aonly,Additional,1779837132,20,0,0
ahrup1ic,315,wr9hj46u,250,mock_N08_N04_Aonly,Additional,1779837134,20,0,0
ahrup1ic,331,l0ggfea7,13,mock_N08_N04_Aonly,GroupingWaitPage,1779837138,1,0,1
ahrup1ic,336,mqtzhaz6,11,presurvey,Scenario,1779837138,1,0,0
ahrup1ic,326,oq21fmbi,13,mock_N08_N04_Aonly,GroupingWaitPage,1779837144,1,0,1
ahrup1ic,324,sqczsk6m,250,mock_N08_N04_Aonly,Additional,1779837148,20,0,0
ahrup1ic,326,oq21fmbi,14,mock_N08_N04_Aonly,GroupSizeWaitPage,1779837148,1,0,1
ahrup1ic,312,z0fdbd51,251,mock_N08_N04_Aonly,FinalRoundWaitPage,1779837148,20,0,1
ahrup1ic,307,pb94cc1f,251,mock_N08_N04_Aonly,FinalRoundWaitPage,1779837148,20,0,1
ahrup1ic,315,wr9hj46u,251,mock_N08_N04_Aonly,FinalRoundWaitPage,1779837148,20,0,1
ahrup1ic,324,sqczsk6m,251,mock_N08_N04_Aonly,FinalRoundWaitPage,1779837148,20,0,1
ahrup1ic,331,l0ggfea7,14,mock_N08_N04_Aonly,GroupSizeWaitPage,1779837148,1,0,1
ahrup1ic,312,z0fdbd51,252,mock_N08_N04_Aonly,FinalRound,1779837150,20,0,0
ahrup1ic,331,l0ggfea7,15,mock_N08_N04_Aonly,AttentionCheck,1779837152,1,0,0
ahrup1ic,317,b0pfoz9m,13,mock_N08_N04_Aonly,GroupingWaitPage,1779837154,1,0,1
ahrup1ic,349,qvzkm1ol,3,presurvey,Demographics,1779837154,1,0,0
ahrup1ic,326,oq21fmbi,15,mock_N08_N04_Aonly,AttentionCheck,1779837154,1,0,0
ahrup1ic,315,wr9hj46u,252,mock_N08_N04_Aonly,FinalRound,1779837157,20,0,0
ahrup1ic,317,b0pfoz9m,14,mock_N08_N04_Aonly,GroupSizeWaitPage,1779837157,1,0,1
ahrup1ic,341,m2mz9gn6,11,presurvey,Scenario,1779837160,1,0,0
ahrup1ic,348,kyy2qqbh,6,presurvey,TrainingNeighbor_1,1779837166,1,0,0
ahrup1ic,324,sqczsk6m,252,mock_N08_N04_Aonly,FinalRound,1779837168,20,0,0
ahrup1ic,317,b0pfoz9m,15,mock_N08_N04_Aonly,AttentionCheck,1779837168,1,0,0
ahrup1ic,348,kyy2qqbh,7,presurvey,TrainingNeighbor_2,1779837171,1,0,0
ahrup1ic,349,qvzkm1ol,4,presurvey,NeighborhoodInstruction,1779837172,1,0,0
ahrup1ic,307,pb94cc1f,252,mock_N08_N04_Aonly,FinalRound,1779837178,20,0,0
ahrup1ic,350,oz6vy277,0,,InitializeParticipant,1779837183,1,0,0
ahrup1ic,351,g1u9odpy,0,,InitializeParticipant,1779837183,1,0,0
ahrup1ic,348,kyy2qqbh,8,presurvey,AttentionCheck,1779837185,1,0,0
ahrup1ic,350,oz6vy277,1,presurvey,Introduction,1779837192,1,0,0
ahrup1ic,351,g1u9odpy,1,presurvey,Introduction,1779837195,1,0,0
ahrup1ic,348,kyy2qqbh,9,presurvey,TrainingNeighbor_3,1779837199,1,0,0
ahrup1ic,347,qhkr9x98,11,presurvey,Scenario,1779837215,1,0,0
ahrup1ic,350,oz6vy277,2,presurvey,AudioCheck,1779837216,1,0,0
ahrup1ic,351,g1u9odpy,2,presurvey,AudioCheck,1779837218,1,0,0
ahrup1ic,350,oz6vy277,3,presurvey,Demographics,1779837227,1,0,0
ahrup1ic,332,y1l1p6az,13,mock_N08_N04_Aonly,GroupingWaitPage,1779837231,1,0,1
ahrup1ic,332,y1l1p6az,14,mock_N08_N04_Aonly,GroupSizeWaitPage,1779837232,1,0,1
ahrup1ic,350,oz6vy277,4,presurvey,NeighborhoodInstruction,1779837234,1,0,0
ahrup1ic,341,m2mz9gn6,12,presurvey,Commitment,1779837235,1,0,0
ahrup1ic,351,g1u9odpy,3,presurvey,Demographics,1779837235,1,0,0
ahrup1ic,332,y1l1p6az,15,mock_N08_N04_Aonly,AttentionCheck,1779837239,1,0,0
ahrup1ic,328,phl92md9,13,mock_N08_N04_Aonly,GroupingWaitPage,1779837242,1,0,1
ahrup1ic,328,phl92md9,14,mock_N08_N04_Aonly,GroupSizeWaitPage,1779837244,1,0,1
ahrup1ic,328,phl92md9,15,mock_N08_N04_Aonly,AttentionCheck,1779837248,1,0,0
ahrup1ic,349,qvzkm1ol,5,presurvey,Training,1779837250,1,0,0
ahrup1ic,351,g1u9odpy,4,presurvey,NeighborhoodInstruction,1779837250,1,0,0
ahrup1ic,343,q1jt2t7q,4,presurvey,NeighborhoodInstruction,1779837253,1,0,0
ahrup1ic,330,62knmkop,13,mock_N08_N04_Aonly,GroupingWaitPage,1779837273,1,0,1
ahrup1ic,330,62knmkop,14,mock_N08_N04_Aonly,GroupSizeWaitPage,1779837274,1,0,1
ahrup1ic,330,62knmkop,15,mock_N08_N04_Aonly,AttentionCheck,1779837282,1,0,0
ahrup1ic,333,my19adph,13,mock_N08_N04_Aonly,GroupingWaitPage,1779837290,1,0,1
ahrup1ic,333,my19adph,14,mock_N08_N04_Aonly,GroupSizeWaitPage,1779837291,1,0,1
ahrup1ic,349,qvzkm1ol,6,presurvey,TrainingNeighbor_1,1779837293,1,0,0
ahrup1ic,351,g1u9odpy,5,presurvey,Training,1779837293,1,0,0
ahrup1ic,333,my19adph,15,mock_N08_N04_Aonly,AttentionCheck,1779837298,1,0,0
ahrup1ic,350,oz6vy277,5,presurvey,Training,1779837302,1,0,0
ahrup1ic,349,qvzkm1ol,10,presurvey,ExperimentInstruction,1779837306,1,0,0
ahrup1ic,335,tl2vpv3s,13,mock_N08_N04_Aonly,GroupingWaitPage,1779837310,1,0,1
ahrup1ic,335,tl2vpv3s,14,mock_N08_N04_Aonly,GroupSizeWaitPage,1779837311,1,0,1
ahrup1ic,335,tl2vpv3s,15,mock_N08_N04_Aonly,AttentionCheck,1779837316,1,0,0
ahrup1ic,347,qhkr9x98,12,presurvey,Commitment,1779837328,1,0,0
ahrup1ic,350,oz6vy277,6,presurvey,TrainingNeighbor_1,1779837336,1,0,0
ahrup1ic,329,2s8s37un,13,mock_N08_N04_Aonly,GroupingWaitPage,1779837339,1,0,1
ahrup1ic,329,2s8s37un,14,mock_N08_N04_Aonly,GroupSizeWaitPage,1779837340,1,0,1
ahrup1ic,350,oz6vy277,10,presurvey,ExperimentInstruction,1779837342,1,0,0
ahrup1ic,352,umf6egyo,0,,InitializeParticipant,1779837353,1,0,0
ahrup1ic,329,2s8s37un,15,mock_N08_N04_Aonly,AttentionCheck,1779837353,1,0,0
ahrup1ic,349,qvzkm1ol,11,presurvey,Scenario,1779837355,1,0,0
ahrup1ic,337,1xxrqy6b,13,mock_N08_N04_Aonly,GroupingWaitPage,1779837356,1,0,1
ahrup1ic,337,1xxrqy6b,14,mock_N08_N04_Aonly,GroupSizeWaitPage,1779837357,1,0,1
ahrup1ic,337,1xxrqy6b,15,mock_N08_N04_Aonly,AttentionCheck,1779837365,1,0,0
ahrup1ic,352,umf6egyo,1,presurvey,Introduction,1779837370,1,0,0
ahrup1ic,343,q1jt2t7q,5,presurvey,Training,1779837375,1,0,0
ahrup1ic,327,81n9t2ye,13,mock_N08_N04_Aonly,GroupingWaitPage,1779837382,1,0,1
ahrup1ic,327,81n9t2ye,14,mock_N08_N04_Aonly,GroupSizeWaitPage,1779837383,1,0,1
ahrup1ic,351,g1u9odpy,6,presurvey,TrainingNeighbor_1,1779837384,1,0,0
ahrup1ic,351,g1u9odpy,10,presurvey,ExperimentInstruction,1779837388,1,0,0
ahrup1ic,327,81n9t2ye,15,mock_N08_N04_Aonly,AttentionCheck,1779837396,1,0,0
ahrup1ic,350,oz6vy277,11,presurvey,Scenario,1779837399,1,0,0
ahrup1ic,342,utgwymgj,13,mock_N08_N04_Aonly,GroupingWaitPage,1779837403,1,0,1
ahrup1ic,342,utgwymgj,14,mock_N08_N04_Aonly,GroupSizeWaitPage,1779837403,1,0,1
ahrup1ic,353,9bq04zpp,0,,InitializeParticipant,1779837406,1,0,0
ahrup1ic,353,9bq04zpp,1,presurvey,Introduction,1779837408,1,0,0
ahrup1ic,342,utgwymgj,15,mock_N08_N04_Aonly,AttentionCheck,1779837409,1,0,0
ahrup1ic,349,qvzkm1ol,12,presurvey,Commitment,1779837411,1,0,0
ahrup1ic,351,g1u9odpy,11,presurvey,Scenario,1779837422,1,0,0
ahrup1ic,354,7n08wrj2,0,,InitializeParticipant,1779837434,1,0,0
ahrup1ic,350,oz6vy277,12,presurvey,Commitment,1779837444,1,0,0
ahrup1ic,354,7n08wrj2,1,presurvey,Introduction,1779837444,1,0,0
ahrup1ic,353,9bq04zpp,2,presurvey,AudioCheck,1779837448,1,0,0
ahrup1ic,353,9bq04zpp,3,presurvey,Demographics,1779837463,1,0,0
ahrup1ic,351,g1u9odpy,12,presurvey,Commitment,1779837467,1,0,0
ahrup1ic,353,9bq04zpp,4,presurvey,NeighborhoodInstruction,1779837473,1,0,0
ahrup1ic,354,7n08wrj2,2,presurvey,AudioCheck,1779837488,1,0,0
ahrup1ic,354,7n08wrj2,3,presurvey,Demographics,1779837505,1,0,0
ahrup1ic,353,9bq04zpp,5,presurvey,Training,1779837522,1,0,0
ahrup1ic,354,7n08wrj2,4,presurvey,NeighborhoodInstruction,1779837529,1,0,0
ahrup1ic,353,9bq04zpp,6,presurvey,TrainingNeighbor_1,1779837536,1,0,0
ahrup1ic,354,7n08wrj2,5,presurvey,Training,1779837539,1,0,0
ahrup1ic,353,9bq04zpp,10,presurvey,ExperimentInstruction,1779837540,1,0,0
ahrup1ic,343,q1jt2t7q,6,presurvey,TrainingNeighbor_1,1779837542,1,0,0
ahrup1ic,355,c94rs9ix,0,,InitializeParticipant,1779837545,1,0,0
ahrup1ic,356,t799yl0a,0,,InitializeParticipant,1779837553,1,0,0
ahrup1ic,353,9bq04zpp,11,presurvey,Scenario,1779837557,1,0,0
ahrup1ic,356,t799yl0a,1,presurvey,Introduction,1779837571,1,0,0
ahrup1ic,355,c94rs9ix,1,presurvey,Introduction,1779837576,1,0,0
ahrup1ic,353,9bq04zpp,12,presurvey,Commitment,1779837577,1,0,0
ahrup1ic,343,q1jt2t7q,10,presurvey,ExperimentInstruction,1779837582,1,0,0
ahrup1ic,346,ge5pbf6x,13,mock_N08_N04_Aonly,GroupingWaitPage,1779837586,1,0,1
ahrup1ic,354,7n08wrj2,6,presurvey,TrainingNeighbor_1,1779837586,1,0,0
ahrup1ic,346,ge5pbf6x,14,mock_N08_N04_Aonly,GroupSizeWaitPage,1779837587,1,0,1
ahrup1ic,356,t799yl0a,2,presurvey,AudioCheck,1779837591,1,0,0
ahrup1ic,346,ge5pbf6x,15,mock_N08_N04_Aonly,AttentionCheck,1779837591,1,0,0
ahrup1ic,354,7n08wrj2,10,presurvey,ExperimentInstruction,1779837596,1,0,0
ahrup1ic,356,t799yl0a,3,presurvey,Demographics,1779837620,1,0,0
ahrup1ic,354,7n08wrj2,11,presurvey,Scenario,1779837637,1,0,0
ahrup1ic,356,t799yl0a,4,presurvey,NeighborhoodInstruction,1779837643,1,0,0
ahrup1ic,356,t799yl0a,5,presurvey,Training,1779837691,1,0,0
ahrup1ic,339,bg4esehg,13,mock_N08_N04_Aonly,GroupingWaitPage,1779837692,1,0,1
ahrup1ic,354,7n08wrj2,12,presurvey,Commitment,1779837692,1,0,0
ahrup1ic,339,bg4esehg,14,mock_N08_N04_Aonly,GroupSizeWaitPage,1779837693,1,0,1
ahrup1ic,339,bg4esehg,15,mock_N08_N04_Aonly,AttentionCheck,1779837703,1,0,0
ahrup1ic,357,qfzan2g1,0,,InitializeParticipant,1779837710,1,0,0
ahrup1ic,358,353bkiqt,0,,InitializeParticipant,1779837723,1,0,0
ahrup1ic,343,q1jt2t7q,11,presurvey,Scenario,1779837723,1,0,0
ahrup1ic,356,t799yl0a,6,presurvey,TrainingNeighbor_1,1779837726,1,0,0
ahrup1ic,356,t799yl0a,10,presurvey,ExperimentInstruction,1779837733,1,0,0
ahrup1ic,358,353bkiqt,1,presurvey,Introduction,1779837743,1,0,0
ahrup1ic,356,t799yl0a,11,presurvey,Scenario,1779837756,1,0,0
ahrup1ic,357,qfzan2g1,1,presurvey,Introduction,1779837763,1,0,0
ahrup1ic,359,0pncr95y,0,,InitializeParticipant,1779837770,1,0,0
ahrup1ic,357,qfzan2g1,2,presurvey,AudioCheck,1779837774,1,0,0
ahrup1ic,359,0pncr95y,1,presurvey,Introduction,1779837774,1,0,0
ahrup1ic,360,sno6r5lm,0,,InitializeParticipant,1779837777,1,0,0
ahrup1ic,361,w4gfldrz,0,,InitializeParticipant,1779837781,1,0,0
ahrup1ic,359,0pncr95y,2,presurvey,AudioCheck,1779837783,1,0,0
ahrup1ic,362,vvpdf4ln,0,,InitializeParticipant,1779837785,1,0,0
ahrup1ic,357,qfzan2g1,3,presurvey,Demographics,1779837787,1,0,0
ahrup1ic,359,0pncr95y,3,presurvey,Demographics,1779837793,1,0,0
ahrup1ic,361,w4gfldrz,1,presurvey,Introduction,1779837794,1,0,0
ahrup1ic,356,t799yl0a,12,presurvey,Commitment,1779837795,1,0,0
ahrup1ic,359,0pncr95y,4,presurvey,NeighborhoodInstruction,1779837795,1,0,0
ahrup1ic,362,vvpdf4ln,1,presurvey,Introduction,1779837796,1,0,0
ahrup1ic,360,sno6r5lm,1,presurvey,Introduction,1779837804,1,0,0
ahrup1ic,359,0pncr95y,5,presurvey,Training,1779837811,1,0,0
ahrup1ic,361,w4gfldrz,2,presurvey,AudioCheck,1779837813,1,0,0
ahrup1ic,362,vvpdf4ln,2,presurvey,AudioCheck,1779837816,1,0,0
ahrup1ic,361,w4gfldrz,3,presurvey,Demographics,1779837822,1,0,0
ahrup1ic,363,72d15f1z,0,,InitializeParticipant,1779837836,1,0,0
ahrup1ic,357,qfzan2g1,4,presurvey,NeighborhoodInstruction,1779837839,1,0,0
ahrup1ic,362,vvpdf4ln,3,presurvey,Demographics,1779837840,1,0,0
ahrup1ic,363,72d15f1z,1,presurvey,Introduction,1779837840,1,0,0
ahrup1ic,359,0pncr95y,6,presurvey,TrainingNeighbor_1,1779837841,1,0,0
ahrup1ic,361,w4gfldrz,4,presurvey,NeighborhoodInstruction,1779837841,1,0,0
ahrup1ic,359,0pncr95y,7,presurvey,TrainingNeighbor_2,1779837847,1,0,0
ahrup1ic,359,0pncr95y,10,presurvey,ExperimentInstruction,1779837849,1,0,0
ahrup1ic,360,sno6r5lm,2,presurvey,AudioCheck,1779837854,1,0,0
ahrup1ic,355,c94rs9ix,2,presurvey,AudioCheck,1779837854,1,0,0
ahrup1ic,362,vvpdf4ln,4,presurvey,NeighborhoodInstruction,1779837858,1,0,0
ahrup1ic,359,0pncr95y,11,presurvey,Scenario,1779837858,1,0,0
ahrup1ic,361,w4gfldrz,5,presurvey,Training,1779837860,1,0,0
ahrup1ic,363,72d15f1z,2,presurvey,AudioCheck,1779837874,1,0,0
ahrup1ic,360,sno6r5lm,3,presurvey,Demographics,1779837876,1,0,0
ahrup1ic,364,dd3fw4h0,0,,InitializeParticipant,1779837886,1,0,0
ahrup1ic,362,vvpdf4ln,5,presurvey,Training,1779837889,1,0,0
ahrup1ic,365,vszxsa1m,0,,InitializeParticipant,1779837890,1,0,0
ahrup1ic,361,w4gfldrz,6,presurvey,TrainingNeighbor_1,1779837893,1,0,0
ahrup1ic,363,72d15f1z,3,presurvey,Demographics,1779837897,1,0,0
ahrup1ic,365,vszxsa1m,1,presurvey,Introduction,1779837899,1,0,0
ahrup1ic,361,w4gfldrz,10,presurvey,ExperimentInstruction,1779837900,1,0,0
ahrup1ic,359,0pncr95y,12,presurvey,Commitment,1779837900,1,0,0
ahrup1ic,363,72d15f1z,4,presurvey,NeighborhoodInstruction,1779837901,1,0,0
ahrup1ic,366,f0d2ymj1,0,,InitializeParticipant,1779837902,1,0,0
ahrup1ic,364,dd3fw4h0,1,presurvey,Introduction,1779837907,1,0,0
ahrup1ic,366,f0d2ymj1,1,presurvey,Introduction,1779837912,1,0,0
ahrup1ic,357,qfzan2g1,5,presurvey,Training,1779837917,1,0,0
ahrup1ic,343,q1jt2t7q,12,presurvey,Commitment,1779837923,1,0,0
ahrup1ic,364,dd3fw4h0,2,presurvey,AudioCheck,1779837923,1,0,0
ahrup1ic,361,w4gfldrz,11,presurvey,Scenario,1779837926,1,0,0
ahrup1ic,366,f0d2ymj1,2,presurvey,AudioCheck,1779837932,1,0,0
ahrup1ic,360,sno6r5lm,4,presurvey,NeighborhoodInstruction,1779837938,1,0,0
ahrup1ic,362,vvpdf4ln,6,presurvey,TrainingNeighbor_1,1779837950,1,0,0
ahrup1ic,362,vvpdf4ln,7,presurvey,TrainingNeighbor_2,1779837955,1,0,0
ahrup1ic,365,vszxsa1m,2,presurvey,AudioCheck,1779837955,1,0,0
ahrup1ic,361,w4gfldrz,12,presurvey,Commitment,1779837956,1,0,0
ahrup1ic,366,f0d2ymj1,3,presurvey,Demographics,1779837960,1,0,0
ahrup1ic,357,qfzan2g1,6,presurvey,TrainingNeighbor_1,1779837965,1,0,0
ahrup1ic,362,vvpdf4ln,8,presurvey,AttentionCheck,1779837969,1,0,0
ahrup1ic,362,vvpdf4ln,9,presurvey,TrainingNeighbor_3,1779837973,1,0,0
ahrup1ic,363,72d15f1z,5,presurvey,Training,1779837978,1,0,0
ahrup1ic,360,sno6r5lm,5,presurvey,Training,1779837979,1,0,0
ahrup1ic,366,f0d2ymj1,4,presurvey,NeighborhoodInstruction,1779837979,1,0,0
ahrup1ic,367,4zdbfkxb,0,,InitializeParticipant,1779837987,1,0,0
ahrup1ic,357,qfzan2g1,10,presurvey,ExperimentInstruction,1779837997,1,0,0
ahrup1ic,367,4zdbfkxb,1,presurvey,Introduction,1779838003,1,0,0
ahrup1ic,367,4zdbfkxb,2,presurvey,AudioCheck,1779838012,1,0,0
ahrup1ic,366,f0d2ymj1,5,presurvey,Training,1779838014,1,0,0
ahrup1ic,365,vszxsa1m,3,presurvey,Demographics,1779838022,1,0,0
ahrup1ic,363,72d15f1z,6,presurvey,TrainingNeighbor_1,1779838029,1,0,0
ahrup1ic,367,4zdbfkxb,3,presurvey,Demographics,1779838030,1,0,0
ahrup1ic,363,72d15f1z,10,presurvey,ExperimentInstruction,1779838033,1,0,0
ahrup1ic,367,4zdbfkxb,4,presurvey,NeighborhoodInstruction,1779838035,1,0,0
ahrup1ic,365,vszxsa1m,4,presurvey,NeighborhoodInstruction,1779838036,1,0,0
ahrup1ic,364,dd3fw4h0,3,presurvey,Demographics,1779838039,1,0,0
ahrup1ic,357,qfzan2g1,11,presurvey,Scenario,1779838046,1,0,0
ahrup1ic,360,sno6r5lm,6,presurvey,TrainingNeighbor_1,1779838052,1,0,0
ahrup1ic,347,qhkr9x98,13,mock_N08_N04_Aonly,GroupingWaitPage,1779838052,1,0,1
ahrup1ic,363,72d15f1z,11,presurvey,Scenario,1779838052,1,0,0
ahrup1ic,347,qhkr9x98,14,mock_N08_N04_Aonly,GroupSizeWaitPage,1779838054,1,0,1
ahrup1ic,368,l4we1bby,0,,InitializeParticipant,1779838056,1,0,0
ahrup1ic,366,f0d2ymj1,6,presurvey,TrainingNeighbor_1,1779838059,1,0,0
ahrup1ic,347,qhkr9x98,15,mock_N08_N04_Aonly,AttentionCheck,1779838059,1,0,0
ahrup1ic,367,4zdbfkxb,5,presurvey,Training,1779838063,1,0,0
ahrup1ic,360,sno6r5lm,10,presurvey,ExperimentInstruction,1779838065,1,0,0
ahrup1ic,338,1uz4oz2n,13,mock_N08_N04_Aonly,GroupingWaitPage,1779838066,1,0,1
ahrup1ic,338,1uz4oz2n,14,mock_N08_N04_Aonly,GroupSizeWaitPage,1779838067,1,0,1
ahrup1ic,366,f0d2ymj1,10,presurvey,ExperimentInstruction,1779838068,1,0,0
ahrup1ic,338,1uz4oz2n,15,mock_N08_N04_Aonly,AttentionCheck,1779838080,1,0,0
ahrup1ic,367,4zdbfkxb,6,presurvey,TrainingNeighbor_1,1779838084,1,0,0
ahrup1ic,363,72d15f1z,12,presurvey,Commitment,1779838084,1,0,0
ahrup1ic,367,4zdbfkxb,10,presurvey,ExperimentInstruction,1779838096,1,0,0
ahrup1ic,366,f0d2ymj1,11,presurvey,Scenario,1779838108,1,0,0
ahrup1ic,368,l4we1bby,1,presurvey,Introduction,1779838109,1,0,0
ahrup1ic,367,4zdbfkxb,11,presurvey,Scenario,1779838113,1,0,0
ahrup1ic,364,dd3fw4h0,4,presurvey,NeighborhoodInstruction,1779838122,1,0,0
ahrup1ic,365,vszxsa1m,5,presurvey,Training,1779838129,1,0,0
ahrup1ic,349,qvzkm1ol,13,mock_N08_N04_Aonly,GroupingWaitPage,1779838134,1,0,1
ahrup1ic,349,qvzkm1ol,14,mock_N08_N04_Aonly,GroupSizeWaitPage,1779838135,1,0,1
ahrup1ic,349,qvzkm1ol,15,mock_N08_N04_Aonly,AttentionCheck,1779838145,1,0,0
ahrup1ic,364,dd3fw4h0,5,presurvey,Training,1779838147,1,0,0
ahrup1ic,367,4zdbfkxb,12,presurvey,Commitment,1779838148,1,0,0
ahrup1ic,365,vszxsa1m,6,presurvey,TrainingNeighbor_1,1779838154,1,0,0
ahrup1ic,355,c94rs9ix,3,presurvey,Demographics,1779838157,1,0,0
ahrup1ic,355,c94rs9ix,4,presurvey,NeighborhoodInstruction,1779838165,1,0,0
ahrup1ic,350,oz6vy277,13,mock_N08_N04_Aonly,GroupingWaitPage,1779838169,1,0,1
ahrup1ic,350,oz6vy277,14,mock_N08_N04_Aonly,GroupSizeWaitPage,1779838170,1,0,1
ahrup1ic,366,f0d2ymj1,12,presurvey,Commitment,1779838173,1,0,0
ahrup1ic,365,vszxsa1m,10,presurvey,ExperimentInstruction,1779838176,1,0,0
ahrup1ic,364,dd3fw4h0,6,presurvey,TrainingNeighbor_1,1779838177,1,0,0
ahrup1ic,350,oz6vy277,15,mock_N08_N04_Aonly,AttentionCheck,1779838179,1,0,0
ahrup1ic,351,g1u9odpy,13,mock_N08_N04_Aonly,GroupingWaitPage,1779838188,1,0,1
ahrup1ic,351,g1u9odpy,14,mock_N08_N04_Aonly,GroupSizeWaitPage,1779838189,1,0,1
ahrup1ic,365,vszxsa1m,11,presurvey,Scenario,1779838191,1,0,0
ahrup1ic,351,g1u9odpy,15,mock_N08_N04_Aonly,AttentionCheck,1779838195,1,0,0
ahrup1ic,364,dd3fw4h0,10,presurvey,ExperimentInstruction,1779838210,1,0,0
ahrup1ic,355,c94rs9ix,5,presurvey,Training,1779838212,1,0,0
ahrup1ic,360,sno6r5lm,11,presurvey,Scenario,1779838212,1,0,0
ahrup1ic,368,l4we1bby,2,presurvey,AudioCheck,1779838212,1,0,0
ahrup1ic,364,dd3fw4h0,11,presurvey,Scenario,1779838236,1,0,0
ahrup1ic,355,c94rs9ix,6,presurvey,TrainingNeighbor_1,1779838261,1,0,0
ahrup1ic,355,c94rs9ix,10,presurvey,ExperimentInstruction,1779838265,1,0,0
ahrup1ic,360,sno6r5lm,12,presurvey,Commitment,1779838269,1,0,0
ahrup1ic,364,dd3fw4h0,12,presurvey,Commitment,1779838275,1,0,0
ahrup1ic,365,vszxsa1m,12,presurvey,Commitment,1779838276,1,0,0
ahrup1ic,369,1unb36hc,0,,InitializeParticipant,1779838285,1,0,0
ahrup1ic,355,c94rs9ix,11,presurvey,Scenario,1779838288,1,0,0
ahrup1ic,353,9bq04zpp,13,mock_N08_N04_Aonly,GroupingWaitPage,1779838298,1,0,1
ahrup1ic,353,9bq04zpp,14,mock_N08_N04_Aonly,GroupSizeWaitPage,1779838299,1,0,1
ahrup1ic,353,9bq04zpp,15,mock_N08_N04_Aonly,AttentionCheck,1779838303,1,0,0
ahrup1ic,368,l4we1bby,3,presurvey,Demographics,1779838317,1,0,0
ahrup1ic,368,l4we1bby,4,presurvey,NeighborhoodInstruction,1779838338,1,0,0
ahrup1ic,355,c94rs9ix,12,presurvey,Commitment,1779838347,1,0,0
ahrup1ic,369,1unb36hc,1,presurvey,Introduction,1779838356,1,0,0
ahrup1ic,369,1unb36hc,2,presurvey,AudioCheck,1779838394,1,0,0
ahrup1ic,354,7n08wrj2,13,mock_N08_N04_Aonly,GroupingWaitPage,1779838413,1,0,1
ahrup1ic,354,7n08wrj2,14,mock_N08_N04_Aonly,GroupSizeWaitPage,1779838414,1,0,1
ahrup1ic,354,7n08wrj2,15,mock_N08_N04_Aonly,AttentionCheck,1779838424,1,0,0
ahrup1ic,368,l4we1bby,5,presurvey,Training,1779838453,1,0,0
ahrup1ic,369,1unb36hc,3,presurvey,Demographics,1779838458,1,0,0
ahrup1ic,370,3351p9gs,0,,InitializeParticipant,1779838488,1,0,0
ahrup1ic,368,l4we1bby,6,presurvey,TrainingNeighbor_1,1779838494,1,0,0
ahrup1ic,370,3351p9gs,1,presurvey,Introduction,1779838496,1,0,0
ahrup1ic,368,l4we1bby,7,presurvey,TrainingNeighbor_2,1779838504,1,0,0
ahrup1ic,368,l4we1bby,10,presurvey,ExperimentInstruction,1779838509,1,0,0
ahrup1ic,369,1unb36hc,4,presurvey,NeighborhoodInstruction,1779838513,1,0,0
ahrup1ic,356,t799yl0a,13,mock_N08_N04_Aonly,GroupingWaitPage,1779838517,1,0,1
ahrup1ic,356,t799yl0a,14,mock_N08_N04_Aonly,GroupSizeWaitPage,1779838517,1,0,1
ahrup1ic,356,t799yl0a,15,mock_N08_N04_Aonly,AttentionCheck,1779838523,1,0,0
ahrup1ic,368,l4we1bby,11,presurvey,Scenario,1779838547,1,0,0
ahrup1ic,370,3351p9gs,2,presurvey,AudioCheck,1779838555,1,0,0
ahrup1ic,370,3351p9gs,3,presurvey,Demographics,1779838573,1,0,0
ahrup1ic,371,d34zn7zj,0,,InitializeParticipant,1779838594,1,0,0
ahrup1ic,370,3351p9gs,4,presurvey,NeighborhoodInstruction,1779838607,1,0,0
ahrup1ic,370,3351p9gs,5,presurvey,Training,1779838612,1,0,0
ahrup1ic,369,1unb36hc,5,presurvey,Training,1779838614,1,0,0
ahrup1ic,371,d34zn7zj,1,presurvey,Introduction,1779838615,1,0,0
ahrup1ic,370,3351p9gs,6,presurvey,TrainingNeighbor_1,1779838640,1,0,0
ahrup1ic,371,d34zn7zj,2,presurvey,AudioCheck,1779838659,1,0,0
ahrup1ic,370,3351p9gs,10,presurvey,ExperimentInstruction,1779838659,1,0,0
ahrup1ic,361,w4gfldrz,13,mock_N08_N04_Aonly,GroupingWaitPage,1779838677,1,0,1
ahrup1ic,361,w4gfldrz,14,mock_N08_N04_Aonly,GroupSizeWaitPage,1779838677,1,0,1
ahrup1ic,370,3351p9gs,11,presurvey,Scenario,1779838679,1,0,0
ahrup1ic,361,w4gfldrz,15,mock_N08_N04_Aonly,AttentionCheck,1779838683,1,0,0
ahrup1ic,371,d34zn7zj,3,presurvey,Demographics,1779838693,1,0,0
ahrup1ic,370,3351p9gs,12,presurvey,Commitment,1779838698,1,0,0
ahrup1ic,343,q1jt2t7q,13,mock_N08_N04_Aonly,GroupingWaitPage,1779838708,1,0,1
ahrup1ic,359,0pncr95y,13,mock_N08_N04_Aonly,GroupingWaitPage,1779838708,1,0,1
ahrup1ic,366,f0d2ymj1,13,mock_N08_N04_Aonly,GroupingWaitPage,1779838708,1,0,1
ahrup1ic,370,3351p9gs,13,mock_N08_N04_Aonly,GroupingWaitPage,1779838708,1,0,1
ahrup1ic,343,q1jt2t7q,14,mock_N08_N04_Aonly,GroupSizeWaitPage,1779838709,1,0,1
ahrup1ic,359,0pncr95y,14,mock_N08_N04_Aonly,GroupSizeWaitPage,1779838709,1,0,1
ahrup1ic,366,f0d2ymj1,14,mock_N08_N04_Aonly,GroupSizeWaitPage,1779838709,1,0,1
ahrup1ic,370,3351p9gs,14,mock_N08_N04_Aonly,GroupSizeWaitPage,1779838709,1,0,1
ahrup1ic,343,q1jt2t7q,16,mock_N08_N04_Aonly,DiscussionGRPWaitPage,1779838710,1,0,1
ahrup1ic,359,0pncr95y,16,mock_N08_N04_Aonly,DiscussionGRPWaitPage,1779838710,1,0,1
ahrup1ic,370,3351p9gs,16,mock_N08_N04_Aonly,DiscussionGRPWaitPage,1779838710,1,0,1
ahrup1ic,366,f0d2ymj1,16,mock_N08_N04_Aonly,DiscussionGRPWaitPage,1779838710,1,0,1
ahrup1ic,359,0pncr95y,20,mock_N08_N04_Aonly,Phase3,1779838718,1,0,0
ahrup1ic,369,1unb36hc,6,presurvey,TrainingNeighbor_1,1779838724,1,0,0
ahrup1ic,359,0pncr95y,21,mock_N08_N04_Aonly,Discussion,1779838726,1,0,0
ahrup1ic,366,f0d2ymj1,20,mock_N08_N04_Aonly,Phase3,1779838727,1,0,0
ahrup1ic,370,3351p9gs,20,mock_N08_N04_Aonly,Phase3,1779838730,1,0,0
ahrup1ic,371,d34zn7zj,4,presurvey,NeighborhoodInstruction,1779838747,1,0,0
ahrup1ic,366,f0d2ymj1,21,mock_N08_N04_Aonly,Discussion,1779838747,1,0,0
ahrup1ic,372,zowk2rlt,0,,InitializeParticipant,1779838748,1,0,0
ahrup1ic,343,q1jt2t7q,20,mock_N08_N04_Aonly,Phase3,1779838756,1,0,0
ahrup1ic,370,3351p9gs,21,mock_N08_N04_Aonly,Discussion,1779838757,1,0,0
ahrup1ic,372,zowk2rlt,1,presurvey,Introduction,1779838772,1,0,0
ahrup1ic,369,1unb36hc,10,presurvey,ExperimentInstruction,1779838786,1,0,0
ahrup1ic,372,zowk2rlt,2,presurvey,AudioCheck,1779838800,1,0,0
ahrup1ic,363,72d15f1z,13,mock_N08_N04_Aonly,GroupingWaitPage,1779838807,1,0,1
ahrup1ic,363,72d15f1z,14,mock_N08_N04_Aonly,GroupSizeWaitPage,1779838807,1,0,1
ahrup1ic,372,zowk2rlt,3,presurvey,Demographics,1779838811,1,0,0
ahrup1ic,363,72d15f1z,15,mock_N08_N04_Aonly,AttentionCheck,1779838816,1,0,0
ahrup1ic,343,q1jt2t7q,21,mock_N08_N04_Aonly,Discussion,1779838825,1,0,0
ahrup1ic,343,q1jt2t7q,28,mock_N08_N04_Aonly,DiscussionGRPWaitPage,1779838826,2,0,1
ahrup1ic,359,0pncr95y,28,mock_N08_N04_Aonly,DiscussionGRPWaitPage,1779838826,2,0,1
ahrup1ic,370,3351p9gs,28,mock_N08_N04_Aonly,DiscussionGRPWaitPage,1779838826,2,0,1
ahrup1ic,366,f0d2ymj1,28,mock_N08_N04_Aonly,DiscussionGRPWaitPage,1779838826,2,0,1
ahrup1ic,371,d34zn7zj,5,presurvey,Training,1779838826,1,0,0
ahrup1ic,372,zowk2rlt,4,presurvey,NeighborhoodInstruction,1779838828,1,0,0
ahrup1ic,359,0pncr95y,33,mock_N08_N04_Aonly,Discussion,1779838835,2,0,0
ahrup1ic,370,3351p9gs,33,mock_N08_N04_Aonly,Discussion,1779838838,2,0,0
ahrup1ic,366,f0d2ymj1,33,mock_N08_N04_Aonly,Discussion,1779838842,2,0,0
ahrup1ic,343,q1jt2t7q,33,mock_N08_N04_Aonly,Discussion,1779838850,2,0,0
ahrup1ic,343,q1jt2t7q,40,mock_N08_N04_Aonly,DiscussionGRPWaitPage,1779838851,3,0,1
ahrup1ic,359,0pncr95y,40,mock_N08_N04_Aonly,DiscussionGRPWaitPage,1779838851,3,0,1
ahrup1ic,370,3351p9gs,40,mock_N08_N04_Aonly,DiscussionGRPWaitPage,1779838851,3,0,1
ahrup1ic,366,f0d2ymj1,40,mock_N08_N04_Aonly,DiscussionGRPWaitPage,1779838851,3,0,1
ahrup1ic,359,0pncr95y,45,mock_N08_N04_Aonly,Discussion,1779838855,3,0,0
ahrup1ic,369,1unb36hc,11,presurvey,Scenario,1779838866,1,0,0
ahrup1ic,370,3351p9gs,45,mock_N08_N04_Aonly,Discussion,1779838867,3,0,0
ahrup1ic,366,f0d2ymj1,45,mock_N08_N04_Aonly,Discussion,1779838869,3,0,0
ahrup1ic,367,4zdbfkxb,13,mock_N08_N04_Aonly,GroupingWaitPage,1779838869,1,0,1
ahrup1ic,367,4zdbfkxb,14,mock_N08_N04_Aonly,GroupSizeWaitPage,1779838870,1,0,1
ahrup1ic,343,q1jt2t7q,45,mock_N08_N04_Aonly,Discussion,1779838874,3,0,0
ahrup1ic,343,q1jt2t7q,52,mock_N08_N04_Aonly,DiscussionGRPWaitPage,1779838875,4,0,1
ahrup1ic,359,0pncr95y,52,mock_N08_N04_Aonly,DiscussionGRPWaitPage,1779838875,4,0,1
ahrup1ic,370,3351p9gs,52,mock_N08_N04_Aonly,DiscussionGRPWaitPage,1779838875,4,0,1
ahrup1ic,366,f0d2ymj1,52,mock_N08_N04_Aonly,DiscussionGRPWaitPage,1779838875,4,0,1
ahrup1ic,367,4zdbfkxb,15,mock_N08_N04_Aonly,AttentionCheck,1779838876,1,0,0
ahrup1ic,359,0pncr95y,57,mock_N08_N04_Aonly,Discussion,1779838879,4,0,0
ahrup1ic,370,3351p9gs,57,mock_N08_N04_Aonly,Discussion,1779838885,4,0,0
ahrup1ic,366,f0d2ymj1,57,mock_N08_N04_Aonly,Discussion,1779838889,4,0,0
ahrup1ic,343,q1jt2t7q,57,mock_N08_N04_Aonly,Discussion,1779838895,4,0,0
ahrup1ic,343,q1jt2t7q,64,mock_N08_N04_Aonly,DiscussionGRPWaitPage,1779838896,5,0,1
ahrup1ic,370,3351p9gs,64,mock_N08_N04_Aonly,DiscussionGRPWaitPage,1779838896,5,0,1
ahrup1ic,366,f0d2ymj1,64,mock_N08_N04_Aonly,DiscussionGRPWaitPage,1779838896,5,0,1
ahrup1ic,359,0pncr95y,64,mock_N08_N04_Aonly,DiscussionGRPWaitPage,1779838896,5,0,1
ahrup1ic,370,3351p9gs,69,mock_N08_N04_Aonly,Discussion,1779838901,5,0,0
ahrup1ic,343,q1jt2t7q,69,mock_N08_N04_Aonly,Discussion,1779838901,5,0,0
ahrup1ic,371,d34zn7zj,6,presurvey,TrainingNeighbor_1,1779838903,1,0,0
ahrup1ic,366,f0d2ymj1,69,mock_N08_N04_Aonly,Discussion,1779838905,5,0,0
ahrup1ic,359,0pncr95y,69,mock_N08_N04_Aonly,Discussion,1779838906,5,0,0
ahrup1ic,343,q1jt2t7q,76,mock_N08_N04_Aonly,DiscussionGRPWaitPage,1779838906,6,0,1
ahrup1ic,359,0pncr95y,76,mock_N08_N04_Aonly,DiscussionGRPWaitPage,1779838906,6,0,1
ahrup1ic,370,3351p9gs,76,mock_N08_N04_Aonly,DiscussionGRPWaitPage,1779838906,6,0,1
ahrup1ic,366,f0d2ymj1,76,mock_N08_N04_Aonly,DiscussionGRPWaitPage,1779838906,6,0,1
ahrup1ic,359,0pncr95y,81,mock_N08_N04_Aonly,Discussion,1779838911,6,0,0
ahrup1ic,370,3351p9gs,81,mock_N08_N04_Aonly,Discussion,1779838914,6,0,0
ahrup1ic,343,q1jt2t7q,81,mock_N08_N04_Aonly,Discussion,1779838914,6,0,0
ahrup1ic,366,f0d2ymj1,81,mock_N08_N04_Aonly,Discussion,1779838918,6,0,0
ahrup1ic,343,q1jt2t7q,88,mock_N08_N04_Aonly,DiscussionGRPWaitPage,1779838918,7,0,1
ahrup1ic,359,0pncr95y,88,mock_N08_N04_Aonly,DiscussionGRPWaitPage,1779838918,7,0,1
ahrup1ic,370,3351p9gs,88,mock_N08_N04_Aonly,DiscussionGRPWaitPage,1779838918,7,0,1
ahrup1ic,366,f0d2ymj1,88,mock_N08_N04_Aonly,DiscussionGRPWaitPage,1779838918,7,0,1
ahrup1ic,359,0pncr95y,93,mock_N08_N04_Aonly,Discussion,1779838923,7,0,0
ahrup1ic,343,q1jt2t7q,93,mock_N08_N04_Aonly,Discussion,1779838927,7,0,0
ahrup1ic,366,f0d2ymj1,93,mock_N08_N04_Aonly,Discussion,1779838929,7,0,0
ahrup1ic,371,d34zn7zj,7,presurvey,TrainingNeighbor_2,1779838931,1,0,0
ahrup1ic,370,3351p9gs,93,mock_N08_N04_Aonly,Discussion,1779838934,7,0,0
ahrup1ic,343,q1jt2t7q,100,mock_N08_N04_Aonly,DiscussionGRPWaitPage,1779838935,8,0,1
ahrup1ic,359,0pncr95y,100,mock_N08_N04_Aonly,DiscussionGRPWaitPage,1779838935,8,0,1
ahrup1ic,370,3351p9gs,100,mock_N08_N04_Aonly,DiscussionGRPWaitPage,1779838935,8,0,1
ahrup1ic,366,f0d2ymj1,100,mock_N08_N04_Aonly,DiscussionGRPWaitPage,1779838935,8,0,1
ahrup1ic,343,q1jt2t7q,105,mock_N08_N04_Aonly,Discussion,1779838938,8,0,0
ahrup1ic,359,0pncr95y,105,mock_N08_N04_Aonly,Discussion,1779838939,8,0,0
ahrup1ic,371,d34zn7zj,10,presurvey,ExperimentInstruction,1779838942,1,0,0
ahrup1ic,366,f0d2ymj1,105,mock_N08_N04_Aonly,Discussion,1779838943,8,0,0
ahrup1ic,370,3351p9gs,105,mock_N08_N04_Aonly,Discussion,1779838944,8,0,0
ahrup1ic,343,q1jt2t7q,112,mock_N08_N04_Aonly,DiscussionGRPWaitPage,1779838944,9,0,1
ahrup1ic,359,0pncr95y,112,mock_N08_N04_Aonly,DiscussionGRPWaitPage,1779838944,9,0,1
ahrup1ic,370,3351p9gs,112,mock_N08_N04_Aonly,DiscussionGRPWaitPage,1779838944,9,0,1
ahrup1ic,366,f0d2ymj1,112,mock_N08_N04_Aonly,DiscussionGRPWaitPage,1779838944,9,0,1
ahrup1ic,359,0pncr95y,117,mock_N08_N04_Aonly,Discussion,1779838947,9,0,0
ahrup1ic,370,3351p9gs,117,mock_N08_N04_Aonly,Discussion,1779838948,9,0,0
ahrup1ic,343,q1jt2t7q,117,mock_N08_N04_Aonly,Discussion,1779838949,9,0,0
ahrup1ic,366,f0d2ymj1,117,mock_N08_N04_Aonly,Discussion,1779838958,9,0,0
ahrup1ic,343,q1jt2t7q,124,mock_N08_N04_Aonly,DiscussionGRPWaitPage,1779838958,10,0,1
ahrup1ic,370,3351p9gs,124,mock_N08_N04_Aonly,DiscussionGRPWaitPage,1779838958,10,0,1
ahrup1ic,359,0pncr95y,124,mock_N08_N04_Aonly,DiscussionGRPWaitPage,1779838958,10,0,1
ahrup1ic,366,f0d2ymj1,124,mock_N08_N04_Aonly,DiscussionGRPWaitPage,1779838958,10,0,1
ahrup1ic,343,q1jt2t7q,129,mock_N08_N04_Aonly,Discussion,1779838963,10,0,0
ahrup1ic,372,zowk2rlt,5,presurvey,Training,1779838964,1,0,0
ahrup1ic,366,f0d2ymj1,129,mock_N08_N04_Aonly,Discussion,1779838966,10,0,0
ahrup1ic,359,0pncr95y,129,mock_N08_N04_Aonly,Discussion,1779838966,10,0,0
ahrup1ic,370,3351p9gs,129,mock_N08_N04_Aonly,Discussion,1779838970,10,0,0
ahrup1ic,343,q1jt2t7q,136,mock_N08_N04_Aonly,DiscussionGRPWaitPage,1779838971,11,0,1
ahrup1ic,359,0pncr95y,136,mock_N08_N04_Aonly,DiscussionGRPWaitPage,1779838971,11,0,1
ahrup1ic,370,3351p9gs,136,mock_N08_N04_Aonly,DiscussionGRPWaitPage,1779838971,11,0,1
ahrup1ic,366,f0d2ymj1,136,mock_N08_N04_Aonly,DiscussionGRPWaitPage,1779838971,11,0,1
ahrup1ic,343,q1jt2t7q,141,mock_N08_N04_Aonly,Discussion,1779838974,11,0,0
ahrup1ic,359,0pncr95y,141,mock_N08_N04_Aonly,Discussion,1779838976,11,0,0
ahrup1ic,366,f0d2ymj1,141,mock_N08_N04_Aonly,Discussion,1779838978,11,0,0
ahrup1ic,370,3351p9gs,141,mock_N08_N04_Aonly,Discussion,1779838980,11,0,0
ahrup1ic,343,q1jt2t7q,148,mock_N08_N04_Aonly,DiscussionGRPWaitPage,1779838981,12,0,1
ahrup1ic,359,0pncr95y,148,mock_N08_N04_Aonly,DiscussionGRPWaitPage,1779838981,12,0,1
ahrup1ic,370,3351p9gs,148,mock_N08_N04_Aonly,DiscussionGRPWaitPage,1779838981,12,0,1
ahrup1ic,366,f0d2ymj1,148,mock_N08_N04_Aonly,DiscussionGRPWaitPage,1779838981,12,0,1
ahrup1ic,370,3351p9gs,153,mock_N08_N04_Aonly,Discussion,1779838987,12,0,0
ahrup1ic,366,f0d2ymj1,153,mock_N08_N04_Aonly,Discussion,1779838988,12,0,0
ahrup1ic,359,0pncr95y,153,mock_N08_N04_Aonly,Discussion,1779838990,12,0,0
ahrup1ic,372,zowk2rlt,6,presurvey,TrainingNeighbor_1,1779838993,1,0,0
ahrup1ic,343,q1jt2t7q,153,mock_N08_N04_Aonly,Discussion,1779838995,12,0,0
ahrup1ic,370,3351p9gs,160,mock_N08_N04_Aonly,DiscussionGRPWaitPage,1779838995,13,0,1
ahrup1ic,343,q1jt2t7q,160,mock_N08_N04_Aonly,DiscussionGRPWaitPage,1779838995,13,0,1
ahrup1ic,359,0pncr95y,160,mock_N08_N04_Aonly,DiscussionGRPWaitPage,1779838995,13,0,1
ahrup1ic,366,f0d2ymj1,160,mock_N08_N04_Aonly,DiscussionGRPWaitPage,1779838995,13,0,1
ahrup1ic,360,sno6r5lm,13,mock_N08_N04_Aonly,GroupingWaitPage,1779838996,1,0,1
ahrup1ic,360,sno6r5lm,14,mock_N08_N04_Aonly,GroupSizeWaitPage,1779838997,1,0,1
ahrup1ic,343,q1jt2t7q,165,mock_N08_N04_Aonly,Discussion,1779838998,13,0,0
ahrup1ic,359,0pncr95y,165,mock_N08_N04_Aonly,Discussion,1779838999,13,0,0
ahrup1ic,372,zowk2rlt,7,presurvey,TrainingNeighbor_2,1779839000,1,0,0
ahrup1ic,370,3351p9gs,165,mock_N08_N04_Aonly,Discussion,1779839000,13,0,0
ahrup1ic,372,zowk2rlt,10,presurvey,ExperimentInstruction,1779839004,1,0,0
ahrup1ic,360,sno6r5lm,15,mock_N08_N04_Aonly,AttentionCheck,1779839007,1,0,0
ahrup1ic,366,f0d2ymj1,165,mock_N08_N04_Aonly,Discussion,1779839008,13,0,0
ahrup1ic,343,q1jt2t7q,172,mock_N08_N04_Aonly,DiscussionGRPWaitPage,1779839009,14,0,1
ahrup1ic,359,0pncr95y,172,mock_N08_N04_Aonly,DiscussionGRPWaitPage,1779839009,14,0,1
ahrup1ic,370,3351p9gs,172,mock_N08_N04_Aonly,DiscussionGRPWaitPage,1779839009,14,0,1
ahrup1ic,366,f0d2ymj1,172,mock_N08_N04_Aonly,DiscussionGRPWaitPage,1779839009,14,0,1
ahrup1ic,343,q1jt2t7q,177,mock_N08_N04_Aonly,Discussion,1779839012,14,0,0
ahrup1ic,359,0pncr95y,177,mock_N08_N04_Aonly,Discussion,1779839014,14,0,0
ahrup1ic,370,3351p9gs,177,mock_N08_N04_Aonly,Discussion,1779839017,14,0,0
ahrup1ic,366,f0d2ymj1,177,mock_N08_N04_Aonly,Discussion,1779839017,14,0,0
ahrup1ic,343,q1jt2t7q,184,mock_N08_N04_Aonly,DiscussionGRPWaitPage,1779839017,15,0,1
ahrup1ic,359,0pncr95y,184,mock_N08_N04_Aonly,DiscussionGRPWaitPage,1779839017,15,0,1
ahrup1ic,370,3351p9gs,184,mock_N08_N04_Aonly,DiscussionGRPWaitPage,1779839017,15,0,1
ahrup1ic,366,f0d2ymj1,184,mock_N08_N04_Aonly,DiscussionGRPWaitPage,1779839017,15,0,1
ahrup1ic,343,q1jt2t7q,189,mock_N08_N04_Aonly,Discussion,1779839021,15,0,0
ahrup1ic,370,3351p9gs,189,mock_N08_N04_Aonly,Discussion,1779839021,15,0,0
ahrup1ic,366,f0d2ymj1,189,mock_N08_N04_Aonly,Discussion,1779839023,15,0,0
ahrup1ic,369,1unb36hc,12,presurvey,Commitment,1779839026,1,0,0
ahrup1ic,359,0pncr95y,189,mock_N08_N04_Aonly,Discussion,1779839026,15,0,0
ahrup1ic,370,3351p9gs,196,mock_N08_N04_Aonly,DiscussionGRPWaitPage,1779839026,16,0,1
ahrup1ic,343,q1jt2t7q,196,mock_N08_N04_Aonly,DiscussionGRPWaitPage,1779839026,16,0,1
ahrup1ic,359,0pncr95y,196,mock_N08_N04_Aonly,DiscussionGRPWaitPage,1779839026,16,0,1
ahrup1ic,366,f0d2ymj1,196,mock_N08_N04_Aonly,DiscussionGRPWaitPage,1779839026,16,0,1
ahrup1ic,359,0pncr95y,201,mock_N08_N04_Aonly,Discussion,1779839030,16,0,0
ahrup1ic,370,3351p9gs,201,mock_N08_N04_Aonly,Discussion,1779839030,16,0,0
ahrup1ic,343,q1jt2t7q,201,mock_N08_N04_Aonly,Discussion,1779839031,16,0,0
ahrup1ic,366,f0d2ymj1,201,mock_N08_N04_Aonly,Discussion,1779839033,16,0,0
ahrup1ic,343,q1jt2t7q,208,mock_N08_N04_Aonly,DiscussionGRPWaitPage,1779839034,17,0,1
ahrup1ic,359,0pncr95y,208,mock_N08_N04_Aonly,DiscussionGRPWaitPage,1779839034,17,0,1
ahrup1ic,370,3351p9gs,208,mock_N08_N04_Aonly,DiscussionGRPWaitPage,1779839034,17,0,1
ahrup1ic,366,f0d2ymj1,208,mock_N08_N04_Aonly,DiscussionGRPWaitPage,1779839034,17,0,1
ahrup1ic,343,q1jt2t7q,213,mock_N08_N04_Aonly,Discussion,1779839038,17,0,0
ahrup1ic,359,0pncr95y,213,mock_N08_N04_Aonly,Discussion,1779839038,17,0,0
ahrup1ic,370,3351p9gs,213,mock_N08_N04_Aonly,Discussion,1779839038,17,0,0
ahrup1ic,366,f0d2ymj1,213,mock_N08_N04_Aonly,Discussion,1779839040,17,0,0
ahrup1ic,343,q1jt2t7q,220,mock_N08_N04_Aonly,DiscussionGRPWaitPage,1779839040,18,0,1
ahrup1ic,359,0pncr95y,220,mock_N08_N04_Aonly,DiscussionGRPWaitPage,1779839040,18,0,1
ahrup1ic,370,3351p9gs,220,mock_N08_N04_Aonly,DiscussionGRPWaitPage,1779839040,18,0,1
ahrup1ic,366,f0d2ymj1,220,mock_N08_N04_Aonly,DiscussionGRPWaitPage,1779839040,18,0,1
ahrup1ic,343,q1jt2t7q,225,mock_N08_N04_Aonly,Discussion,1779839044,18,0,0
ahrup1ic,370,3351p9gs,225,mock_N08_N04_Aonly,Discussion,1779839044,18,0,0
ahrup1ic,359,0pncr95y,225,mock_N08_N04_Aonly,Discussion,1779839045,18,0,0
ahrup1ic,366,f0d2ymj1,225,mock_N08_N04_Aonly,Discussion,1779839048,18,0,0
ahrup1ic,370,3351p9gs,232,mock_N08_N04_Aonly,DiscussionGRPWaitPage,1779839049,19,0,1
ahrup1ic,343,q1jt2t7q,232,mock_N08_N04_Aonly,DiscussionGRPWaitPage,1779839049,19,0,1
ahrup1ic,359,0pncr95y,232,mock_N08_N04_Aonly,DiscussionGRPWaitPage,1779839049,19,0,1
ahrup1ic,366,f0d2ymj1,232,mock_N08_N04_Aonly,DiscussionGRPWaitPage,1779839049,19,0,1
ahrup1ic,372,zowk2rlt,11,presurvey,Scenario,1779839052,1,0,0
ahrup1ic,343,q1jt2t7q,237,mock_N08_N04_Aonly,Discussion,1779839056,19,0,0
ahrup1ic,359,0pncr95y,237,mock_N08_N04_Aonly,Discussion,1779839057,19,0,0
ahrup1ic,366,f0d2ymj1,237,mock_N08_N04_Aonly,Discussion,1779839057,19,0,0
ahrup1ic,370,3351p9gs,237,mock_N08_N04_Aonly,Discussion,1779839069,19,0,0
ahrup1ic,343,q1jt2t7q,244,mock_N08_N04_Aonly,DiscussionGRPWaitPage,1779839070,20,0,1
ahrup1ic,359,0pncr95y,244,mock_N08_N04_Aonly,DiscussionGRPWaitPage,1779839070,20,0,1
ahrup1ic,370,3351p9gs,244,mock_N08_N04_Aonly,DiscussionGRPWaitPage,1779839070,20,0,1
ahrup1ic,366,f0d2ymj1,244,mock_N08_N04_Aonly,DiscussionGRPWaitPage,1779839070,20,0,1
ahrup1ic,370,3351p9gs,249,mock_N08_N04_Aonly,Discussion,1779839072,20,0,0
ahrup1ic,359,0pncr95y,249,mock_N08_N04_Aonly,Discussion,1779839072,20,0,0
ahrup1ic,343,q1jt2t7q,249,mock_N08_N04_Aonly,Discussion,1779839073,20,0,0
ahrup1ic,371,d34zn7zj,11,presurvey,Scenario,1779839077,1,0,0
ahrup1ic,366,f0d2ymj1,249,mock_N08_N04_Aonly,Discussion,1779839082,20,0,0
ahrup1ic,359,0pncr95y,250,mock_N08_N04_Aonly,Additional,1779839093,20,0,0
ahrup1ic,370,3351p9gs,250,mock_N08_N04_Aonly,Additional,1779839094,20,0,0
ahrup1ic,343,q1jt2t7q,250,mock_N08_N04_Aonly,Additional,1779839104,20,0,0
ahrup1ic,366,f0d2ymj1,250,mock_N08_N04_Aonly,Additional,1779839124,20,0,0
ahrup1ic,359,0pncr95y,251,mock_N08_N04_Aonly,FinalRoundWaitPage,1779839124,20,0,1
ahrup1ic,343,q1jt2t7q,251,mock_N08_N04_Aonly,FinalRoundWaitPage,1779839124,20,0,1
ahrup1ic,370,3351p9gs,251,mock_N08_N04_Aonly,FinalRoundWaitPage,1779839124,20,0,1
ahrup1ic,366,f0d2ymj1,251,mock_N08_N04_Aonly,FinalRoundWaitPage,1779839124,20,0,1
ahrup1ic,359,0pncr95y,252,mock_N08_N04_Aonly,FinalRound,1779839129,20,0,0
ahrup1ic,373,mnfjl9t9,0,,InitializeParticipant,1779839131,1,0,0
ahrup1ic,366,f0d2ymj1,252,mock_N08_N04_Aonly,FinalRound,1779839132,20,0,0
ahrup1ic,370,3351p9gs,252,mock_N08_N04_Aonly,FinalRound,1779839134,20,0,0
ahrup1ic,343,q1jt2t7q,252,mock_N08_N04_Aonly,FinalRound,1779839140,20,0,0
ahrup1ic,374,py91o78r,0,,InitializeParticipant,1779839151,1,0,0
ahrup1ic,375,5mmx504c,0,,InitializeParticipant,1779839217,1,0,0
ahrup1ic,375,5mmx504c,1,presurvey,Introduction,1779839223,1,0,0
ahrup1ic,376,pfa32uv5,0,,InitializeParticipant,1779839239,1,0,0
ahrup1ic,375,5mmx504c,2,presurvey,AudioCheck,1779839243,1,0,0
ahrup1ic,377,18rjecme,0,,InitializeParticipant,1779839243,1,0,0
ahrup1ic,378,mibiu00n,0,,InitializeParticipant,1779839244,1,0,0
ahrup1ic,377,18rjecme,1,presurvey,Introduction,1779839247,1,0,0
ahrup1ic,375,5mmx504c,3,presurvey,Demographics,1779839260,1,0,0
ahrup1ic,375,5mmx504c,4,presurvey,NeighborhoodInstruction,1779839272,1,0,0
ahrup1ic,378,mibiu00n,1,presurvey,Introduction,1779839275,1,0,0
ahrup1ic,379,bcg2doqs,0,,InitializeParticipant,1779839276,1,0,0
ahrup1ic,376,pfa32uv5,1,presurvey,Introduction,1779839279,1,0,0
ahrup1ic,377,18rjecme,2,presurvey,AudioCheck,1779839281,1,0,0
ahrup1ic,378,mibiu00n,2,presurvey,AudioCheck,1779839288,1,0,0
ahrup1ic,375,5mmx504c,5,presurvey,Training,1779839295,1,0,0
ahrup1ic,377,18rjecme,3,presurvey,Demographics,1779839296,1,0,0
ahrup1ic,379,bcg2doqs,1,presurvey,Introduction,1779839299,1,0,0
ahrup1ic,377,18rjecme,4,presurvey,NeighborhoodInstruction,1779839299,1,0,0
ahrup1ic,376,pfa32uv5,2,presurvey,AudioCheck,1779839303,1,0,0
ahrup1ic,378,mibiu00n,3,presurvey,Demographics,1779839306,1,0,0
ahrup1ic,374,py91o78r,1,presurvey,Introduction,1779839312,1,0,0
ahrup1ic,375,5mmx504c,6,presurvey,TrainingNeighbor_1,1779839318,1,0,0
ahrup1ic,379,bcg2doqs,2,presurvey,AudioCheck,1779839325,1,0,0
ahrup1ic,377,18rjecme,5,presurvey,Training,1779839330,1,0,0
ahrup1ic,378,mibiu00n,4,presurvey,NeighborhoodInstruction,1779839331,1,0,0
ahrup1ic,375,5mmx504c,10,presurvey,ExperimentInstruction,1779839335,1,0,0
ahrup1ic,374,py91o78r,2,presurvey,AudioCheck,1779839336,1,0,0
ahrup1ic,380,98rqdabg,0,,InitializeParticipant,1779839336,1,0,0
ahrup1ic,376,pfa32uv5,3,presurvey,Demographics,1779839340,1,0,0
ahrup1ic,377,18rjecme,6,presurvey,TrainingNeighbor_1,1779839344,1,0,0
ahrup1ic,379,bcg2doqs,3,presurvey,Demographics,1779839345,1,0,0
ahrup1ic,377,18rjecme,10,presurvey,ExperimentInstruction,1779839352,1,0,0
ahrup1ic,380,98rqdabg,1,presurvey,Introduction,1779839358,1,0,0
ahrup1ic,379,bcg2doqs,4,presurvey,NeighborhoodInstruction,1779839358,1,0,0
ahrup1ic,375,5mmx504c,11,presurvey,Scenario,1779839360,1,0,0
ahrup1ic,377,18rjecme,11,presurvey,Scenario,1779839365,1,0,0
ahrup1ic,374,py91o78r,3,presurvey,Demographics,1779839374,1,0,0
ahrup1ic,380,98rqdabg,2,presurvey,AudioCheck,1779839376,1,0,0
ahrup1ic,378,mibiu00n,5,presurvey,Training,1779839376,1,0,0
ahrup1ic,379,bcg2doqs,5,presurvey,Training,1779839380,1,0,0
ahrup1ic,377,18rjecme,12,presurvey,Commitment,1779839381,1,0,0
ahrup1ic,374,py91o78r,4,presurvey,NeighborhoodInstruction,1779839401,1,0,0
ahrup1ic,380,98rqdabg,3,presurvey,Demographics,1779839402,1,0,0
ahrup1ic,381,i1mhi6gp,0,,InitializeParticipant,1779839411,1,0,0
ahrup1ic,378,mibiu00n,6,presurvey,TrainingNeighbor_1,1779839414,1,0,0
ahrup1ic,380,98rqdabg,4,presurvey,NeighborhoodInstruction,1779839415,1,0,0
ahrup1ic,379,bcg2doqs,6,presurvey,TrainingNeighbor_1,1779839419,1,0,0
ahrup1ic,379,bcg2doqs,10,presurvey,ExperimentInstruction,1779839428,1,0,0
ahrup1ic,381,i1mhi6gp,1,presurvey,Introduction,1779839429,1,0,0
ahrup1ic,381,i1mhi6gp,2,presurvey,AudioCheck,1779839440,1,0,0
ahrup1ic,380,98rqdabg,5,presurvey,Training,1779839447,1,0,0
ahrup1ic,378,mibiu00n,7,presurvey,TrainingNeighbor_2,1779839452,1,0,0
ahrup1ic,381,i1mhi6gp,3,presurvey,Demographics,1779839455,1,0,0
ahrup1ic,379,bcg2doqs,11,presurvey,Scenario,1779839458,1,0,0
ahrup1ic,376,pfa32uv5,4,presurvey,NeighborhoodInstruction,1779839464,1,0,0
ahrup1ic,381,i1mhi6gp,4,presurvey,NeighborhoodInstruction,1779839464,1,0,0
ahrup1ic,382,5un7ihmz,0,,InitializeParticipant,1779839465,1,0,0
ahrup1ic,378,mibiu00n,10,presurvey,ExperimentInstruction,1779839469,1,0,0
ahrup1ic,382,5un7ihmz,1,presurvey,Introduction,1779839469,1,0,0
ahrup1ic,376,pfa32uv5,5,presurvey,Training,1779839478,1,0,0
ahrup1ic,380,98rqdabg,6,presurvey,TrainingNeighbor_1,1779839479,1,0,0
ahrup1ic,381,i1mhi6gp,5,presurvey,Training,1779839484,1,0,0
ahrup1ic,382,5un7ihmz,2,presurvey,AudioCheck,1779839484,1,0,0
ahrup1ic,380,98rqdabg,10,presurvey,ExperimentInstruction,1779839491,1,0,0
ahrup1ic,382,5un7ihmz,3,presurvey,Demographics,1779839507,1,0,0
ahrup1ic,380,98rqdabg,11,presurvey,Scenario,1779839512,1,0,0
ahrup1ic,376,pfa32uv5,6,presurvey,TrainingNeighbor_1,1779839514,1,0,0
ahrup1ic,381,i1mhi6gp,6,presurvey,TrainingNeighbor_1,1779839519,1,0,0
ahrup1ic,376,pfa32uv5,10,presurvey,ExperimentInstruction,1779839523,1,0,0
ahrup1ic,374,py91o78r,5,presurvey,Training,1779839527,1,0,0
ahrup1ic,382,5un7ihmz,4,presurvey,NeighborhoodInstruction,1779839531,1,0,0
ahrup1ic,378,mibiu00n,11,presurvey,Scenario,1779839532,1,0,0
ahrup1ic,376,pfa32uv5,11,presurvey,Scenario,1779839546,1,0,0
ahrup1ic,380,98rqdabg,12,presurvey,Commitment,1779839549,1,0,0
ahrup1ic,382,5un7ihmz,5,presurvey,Training,1779839562,1,0,0
ahrup1ic,374,py91o78r,6,presurvey,TrainingNeighbor_1,1779839580,1,0,0
ahrup1ic,376,pfa32uv5,12,presurvey,Commitment,1779839587,1,0,0
ahrup1ic,381,i1mhi6gp,10,presurvey,ExperimentInstruction,1779839596,1,0,0
ahrup1ic,378,mibiu00n,12,presurvey,Commitment,1779839599,1,0,0
ahrup1ic,374,py91o78r,10,presurvey,ExperimentInstruction,1779839600,1,0,0
ahrup1ic,373,mnfjl9t9,1,presurvey,Introduction,1779839604,1,0,0
ahrup1ic,373,mnfjl9t9,2,presurvey,AudioCheck,1779839636,1,0,0
ahrup1ic,382,5un7ihmz,6,presurvey,TrainingNeighbor_1,1779839654,1,0,0
ahrup1ic,373,mnfjl9t9,3,presurvey,Demographics,1779839663,1,0,0
ahrup1ic,374,py91o78r,11,presurvey,Scenario,1779839668,1,0,0
ahrup1ic,382,5un7ihmz,10,presurvey,ExperimentInstruction,1779839669,1,0,0
ahrup1ic,383,jx714xwg,0,,InitializeParticipant,1779839679,1,0,0
ahrup1ic,373,mnfjl9t9,4,presurvey,NeighborhoodInstruction,1779839686,1,0,0
ahrup1ic,382,5un7ihmz,11,presurvey,Scenario,1779839696,1,0,0
ahrup1ic,383,jx714xwg,1,presurvey,Introduction,1779839702,1,0,0
ahrup1ic,384,z9nzfk72,0,,InitializeParticipant,1779839706,1,0,0
ahrup1ic,384,z9nzfk72,1,presurvey,Introduction,1779839715,1,0,0
ahrup1ic,374,py91o78r,12,presurvey,Commitment,1779839731,1,0,0
ahrup1ic,383,jx714xwg,2,presurvey,AudioCheck,1779839731,1,0,0
ahrup1ic,384,z9nzfk72,2,presurvey,AudioCheck,1779839759,1,0,0
ahrup1ic,383,jx714xwg,3,presurvey,Demographics,1779839765,1,0,0
ahrup1ic,381,i1mhi6gp,11,presurvey,Scenario,1779839769,1,0,0
ahrup1ic,384,z9nzfk72,3,presurvey,Demographics,1779839777,1,0,0
ahrup1ic,383,jx714xwg,4,presurvey,NeighborhoodInstruction,1779839794,1,0,0
ahrup1ic,373,mnfjl9t9,5,presurvey,Training,1779839797,1,0,0
ahrup1ic,383,jx714xwg,5,presurvey,Training,1779839816,1,0,0
ahrup1ic,384,z9nzfk72,4,presurvey,NeighborhoodInstruction,1779839829,1,0,0
ahrup1ic,373,mnfjl9t9,6,presurvey,TrainingNeighbor_1,1779839835,1,0,0
ahrup1ic,383,jx714xwg,6,presurvey,TrainingNeighbor_1,1779839845,1,0,0
ahrup1ic,373,mnfjl9t9,10,presurvey,ExperimentInstruction,1779839848,1,0,0
ahrup1ic,383,jx714xwg,7,presurvey,TrainingNeighbor_2,1779839849,1,0,0
ahrup1ic,383,jx714xwg,10,presurvey,ExperimentInstruction,1779839863,1,0,0
ahrup1ic,383,jx714xwg,11,presurvey,Scenario,1779839907,1,0,0
ahrup1ic,385,bsbx7fwt,0,,InitializeParticipant,1779839926,1,0,0
ahrup1ic,384,z9nzfk72,5,presurvey,Training,1779839950,1,0,0
ahrup1ic,383,jx714xwg,12,presurvey,Commitment,1779839978,1,0,0
ahrup1ic,369,1unb36hc,13,mock_N08_N04_Aonly,GroupingWaitPage,1779839979,1,0,1
ahrup1ic,376,pfa32uv5,13,mock_N08_N04_Aonly,GroupingWaitPage,1779839979,1,0,1
ahrup1ic,377,18rjecme,13,mock_N08_N04_Aonly,GroupingWaitPage,1779839979,1,0,1
ahrup1ic,383,jx714xwg,13,mock_N08_N04_Aonly,GroupingWaitPage,1779839979,1,0,1
ahrup1ic,369,1unb36hc,14,mock_N08_N04_Aonly,GroupSizeWaitPage,1779839979,1,0,1
ahrup1ic,376,pfa32uv5,14,mock_N08_N04_Aonly,GroupSizeWaitPage,1779839979,1,0,1
ahrup1ic,377,18rjecme,14,mock_N08_N04_Aonly,GroupSizeWaitPage,1779839979,1,0,1
ahrup1ic,383,jx714xwg,14,mock_N08_N04_Aonly,GroupSizeWaitPage,1779839979,1,0,1
ahrup1ic,369,1unb36hc,16,mock_N08_N04_Aonly,DiscussionGRPWaitPage,1779839980,1,0,1
ahrup1ic,377,18rjecme,16,mock_N08_N04_Aonly,DiscussionGRPWaitPage,1779839980,1,0,1
ahrup1ic,383,jx714xwg,16,mock_N08_N04_Aonly,DiscussionGRPWaitPage,1779839980,1,0,1
ahrup1ic,376,pfa32uv5,16,mock_N08_N04_Aonly,DiscussionGRPWaitPage,1779839980,1,0,1
ahrup1ic,376,pfa32uv5,20,mock_N08_N04_Aonly,Phase3,1779839988,1,0,0
ahrup1ic,369,1unb36hc,20,mock_N08_N04_Aonly,Phase3,1779839991,1,0,0
ahrup1ic,373,mnfjl9t9,11,presurvey,Scenario,1779839991,1,0,0
ahrup1ic,384,z9nzfk72,6,presurvey,TrainingNeighbor_1,1779839991,1,0,0
ahrup1ic,384,z9nzfk72,10,presurvey,ExperimentInstruction,1779839995,1,0,0
ahrup1ic,383,jx714xwg,20,mock_N08_N04_Aonly,Phase3,1779839995,1,0,0
ahrup1ic,377,18rjecme,20,mock_N08_N04_Aonly,Phase3,1779839997,1,0,0
ahrup1ic,386,sqoehekb,0,,InitializeParticipant,1779839999,1,0,0
ahrup1ic,376,pfa32uv5,21,mock_N08_N04_Aonly,Discussion,1779840001,1,0,0
ahrup1ic,377,18rjecme,21,mock_N08_N04_Aonly,Discussion,1779840004,1,0,0
ahrup1ic,383,jx714xwg,21,mock_N08_N04_Aonly,Discussion,1779840008,1,0,0
ahrup1ic,369,1unb36hc,21,mock_N08_N04_Aonly,Discussion,1779840011,1,0,0
ahrup1ic,377,18rjecme,28,mock_N08_N04_Aonly,DiscussionGRPWaitPage,1779840011,2,0,1
ahrup1ic,383,jx714xwg,28,mock_N08_N04_Aonly,DiscussionGRPWaitPage,1779840011,2,0,1
ahrup1ic,376,pfa32uv5,28,mock_N08_N04_Aonly,DiscussionGRPWaitPage,1779840011,2,0,1
ahrup1ic,369,1unb36hc,28,mock_N08_N04_Aonly,DiscussionGRPWaitPage,1779840011,2,0,1
ahrup1ic,376,pfa32uv5,33,mock_N08_N04_Aonly,Discussion,1779840017,2,0,0
ahrup1ic,383,jx714xwg,33,mock_N08_N04_Aonly,Discussion,1779840019,2,0,0
ahrup1ic,386,sqoehekb,1,presurvey,Introduction,1779840020,1,0,0
ahrup1ic,377,18rjecme,33,mock_N08_N04_Aonly,Discussion,1779840022,2,0,0
ahrup1ic,369,1unb36hc,33,mock_N08_N04_Aonly,Discussion,1779840026,2,0,0
ahrup1ic,377,18rjecme,40,mock_N08_N04_Aonly,DiscussionGRPWaitPage,1779840027,3,0,1
ahrup1ic,383,jx714xwg,40,mock_N08_N04_Aonly,DiscussionGRPWaitPage,1779840027,3,0,1
ahrup1ic,376,pfa32uv5,40,mock_N08_N04_Aonly,DiscussionGRPWaitPage,1779840027,3,0,1
ahrup1ic,369,1unb36hc,40,mock_N08_N04_Aonly,DiscussionGRPWaitPage,1779840027,3,0,1
ahrup1ic,376,pfa32uv5,45,mock_N08_N04_Aonly,Discussion,1779840031,3,0,0
ahrup1ic,383,jx714xwg,45,mock_N08_N04_Aonly,Discussion,1779840032,3,0,0
ahrup1ic,384,z9nzfk72,11,presurvey,Scenario,1779840034,1,0,0
ahrup1ic,377,18rjecme,45,mock_N08_N04_Aonly,Discussion,1779840038,3,0,0
ahrup1ic,369,1unb36hc,45,mock_N08_N04_Aonly,Discussion,1779840040,3,0,0
ahrup1ic,377,18rjecme,52,mock_N08_N04_Aonly,DiscussionGRPWaitPage,1779840040,4,0,1
ahrup1ic,383,jx714xwg,52,mock_N08_N04_Aonly,DiscussionGRPWaitPage,1779840040,4,0,1
ahrup1ic,376,pfa32uv5,52,mock_N08_N04_Aonly,DiscussionGRPWaitPage,1779840040,4,0,1
ahrup1ic,369,1unb36hc,52,mock_N08_N04_Aonly,DiscussionGRPWaitPage,1779840040,4,0,1
ahrup1ic,376,pfa32uv5,57,mock_N08_N04_Aonly,Discussion,1779840043,4,0,0
ahrup1ic,377,18rjecme,57,mock_N08_N04_Aonly,Discussion,1779840046,4,0,0
ahrup1ic,386,sqoehekb,2,presurvey,AudioCheck,1779840048,1,0,0
ahrup1ic,383,jx714xwg,57,mock_N08_N04_Aonly,Discussion,1779840049,4,0,0
ahrup1ic,369,1unb36hc,57,mock_N08_N04_Aonly,Discussion,1779840052,4,0,0
ahrup1ic,383,jx714xwg,64,mock_N08_N04_Aonly,DiscussionGRPWaitPage,1779840052,5,0,1
ahrup1ic,377,18rjecme,64,mock_N08_N04_Aonly,DiscussionGRPWaitPage,1779840052,5,0,1
ahrup1ic,376,pfa32uv5,64,mock_N08_N04_Aonly,DiscussionGRPWaitPage,1779840052,5,0,1
ahrup1ic,369,1unb36hc,64,mock_N08_N04_Aonly,DiscussionGRPWaitPage,1779840052,5,0,1
ahrup1ic,376,pfa32uv5,69,mock_N08_N04_Aonly,Discussion,1779840055,5,0,0
ahrup1ic,377,18rjecme,69,mock_N08_N04_Aonly,Discussion,1779840057,5,0,0
ahrup1ic,383,jx714xwg,69,mock_N08_N04_Aonly,Discussion,1779840057,5,0,0
ahrup1ic,373,mnfjl9t9,12,presurvey,Commitment,1779840061,1,0,0
ahrup1ic,369,1unb36hc,69,mock_N08_N04_Aonly,Discussion,1779840065,5,0,0
ahrup1ic,383,jx714xwg,76,mock_N08_N04_Aonly,DiscussionGRPWaitPage,1779840065,6,0,1
ahrup1ic,377,18rjecme,76,mock_N08_N04_Aonly,DiscussionGRPWaitPage,1779840065,6,0,1
ahrup1ic,376,pfa32uv5,76,mock_N08_N04_Aonly,DiscussionGRPWaitPage,1779840065,6,0,1
ahrup1ic,369,1unb36hc,76,mock_N08_N04_Aonly,DiscussionGRPWaitPage,1779840065,6,0,1
ahrup1ic,386,sqoehekb,3,presurvey,Demographics,1779840068,1,0,0
ahrup1ic,376,pfa32uv5,81,mock_N08_N04_Aonly,Discussion,1779840068,6,0,0
ahrup1ic,383,jx714xwg,81,mock_N08_N04_Aonly,Discussion,1779840071,6,0,0
ahrup1ic,377,18rjecme,81,mock_N08_N04_Aonly,Discussion,1779840072,6,0,0
ahrup1ic,369,1unb36hc,81,mock_N08_N04_Aonly,Discussion,1779840078,6,0,0
ahrup1ic,377,18rjecme,88,mock_N08_N04_Aonly,DiscussionGRPWaitPage,1779840079,7,0,1
ahrup1ic,383,jx714xwg,88,mock_N08_N04_Aonly,DiscussionGRPWaitPage,1779840079,7,0,1
ahrup1ic,376,pfa32uv5,88,mock_N08_N04_Aonly,DiscussionGRPWaitPage,1779840079,7,0,1
ahrup1ic,369,1unb36hc,88,mock_N08_N04_Aonly,DiscussionGRPWaitPage,1779840079,7,0,1
ahrup1ic,376,pfa32uv5,93,mock_N08_N04_Aonly,Discussion,1779840081,7,0,0
ahrup1ic,377,18rjecme,93,mock_N08_N04_Aonly,Discussion,1779840083,7,0,0
ahrup1ic,383,jx714xwg,93,mock_N08_N04_Aonly,Discussion,1779840084,7,0,0
ahrup1ic,369,1unb36hc,93,mock_N08_N04_Aonly,Discussion,1779840088,7,0,0
ahrup1ic,386,sqoehekb,4,presurvey,NeighborhoodInstruction,1779840088,1,0,0
ahrup1ic,377,18rjecme,100,mock_N08_N04_Aonly,DiscussionGRPWaitPage,1779840089,8,0,1
ahrup1ic,383,jx714xwg,100,mock_N08_N04_Aonly,DiscussionGRPWaitPage,1779840089,8,0,1
ahrup1ic,376,pfa32uv5,100,mock_N08_N04_Aonly,DiscussionGRPWaitPage,1779840089,8,0,1
ahrup1ic,369,1unb36hc,100,mock_N08_N04_Aonly,DiscussionGRPWaitPage,1779840089,8,0,1
ahrup1ic,376,pfa32uv5,105,mock_N08_N04_Aonly,Discussion,1779840092,8,0,0
ahrup1ic,377,18rjecme,105,mock_N08_N04_Aonly,Discussion,1779840093,8,0,0
ahrup1ic,383,jx714xwg,105,mock_N08_N04_Aonly,Discussion,1779840098,8,0,0
ahrup1ic,369,1unb36hc,105,mock_N08_N04_Aonly,Discussion,1779840099,8,0,0
ahrup1ic,383,jx714xwg,112,mock_N08_N04_Aonly,DiscussionGRPWaitPage,1779840099,9,0,1
ahrup1ic,377,18rjecme,112,mock_N08_N04_Aonly,DiscussionGRPWaitPage,1779840099,9,0,1
ahrup1ic,376,pfa32uv5,112,mock_N08_N04_Aonly,DiscussionGRPWaitPage,1779840099,9,0,1
ahrup1ic,369,1unb36hc,112,mock_N08_N04_Aonly,DiscussionGRPWaitPage,1779840099,9,0,1
ahrup1ic,376,pfa32uv5,117,mock_N08_N04_Aonly,Discussion,1779840103,9,0,0
ahrup1ic,377,18rjecme,117,mock_N08_N04_Aonly,Discussion,1779840104,9,0,0
ahrup1ic,383,jx714xwg,117,mock_N08_N04_Aonly,Discussion,1779840106,9,0,0
ahrup1ic,384,z9nzfk72,12,presurvey,Commitment,1779840107,1,0,0
ahrup1ic,369,1unb36hc,117,mock_N08_N04_Aonly,Discussion,1779840108,9,0,0
ahrup1ic,376,pfa32uv5,124,mock_N08_N04_Aonly,DiscussionGRPWaitPage,1779840109,10,0,1
ahrup1ic,369,1unb36hc,124,mock_N08_N04_Aonly,DiscussionGRPWaitPage,1779840109,10,0,1
ahrup1ic,377,18rjecme,124,mock_N08_N04_Aonly,DiscussionGRPWaitPage,1779840109,10,0,1
ahrup1ic,383,jx714xwg,124,mock_N08_N04_Aonly,DiscussionGRPWaitPage,1779840109,10,0,1
ahrup1ic,376,pfa32uv5,129,mock_N08_N04_Aonly,Discussion,1779840112,10,0,0
ahrup1ic,377,18rjecme,129,mock_N08_N04_Aonly,Discussion,1779840114,10,0,0
ahrup1ic,383,jx714xwg,129,mock_N08_N04_Aonly,Discussion,1779840116,10,0,0
ahrup1ic,369,1unb36hc,129,mock_N08_N04_Aonly,Discussion,1779840118,10,0,0
ahrup1ic,377,18rjecme,136,mock_N08_N04_Aonly,DiscussionGRPWaitPage,1779840118,11,0,1
ahrup1ic,376,pfa32uv5,136,mock_N08_N04_Aonly,DiscussionGRPWaitPage,1779840118,11,0,1
ahrup1ic,369,1unb36hc,136,mock_N08_N04_Aonly,DiscussionGRPWaitPage,1779840118,11,0,1
ahrup1ic,383,jx714xwg,136,mock_N08_N04_Aonly,DiscussionGRPWaitPage,1779840118,11,0,1
ahrup1ic,376,pfa32uv5,141,mock_N08_N04_Aonly,Discussion,1779840121,11,0,0
ahrup1ic,377,18rjecme,141,mock_N08_N04_Aonly,Discussion,1779840122,11,0,0
ahrup1ic,383,jx714xwg,141,mock_N08_N04_Aonly,Discussion,1779840127,11,0,0
ahrup1ic,369,1unb36hc,141,mock_N08_N04_Aonly,Discussion,1779840128,11,0,0
ahrup1ic,377,18rjecme,148,mock_N08_N04_Aonly,DiscussionGRPWaitPage,1779840128,12,0,1
ahrup1ic,383,jx714xwg,148,mock_N08_N04_Aonly,DiscussionGRPWaitPage,1779840128,12,0,1
ahrup1ic,376,pfa32uv5,148,mock_N08_N04_Aonly,DiscussionGRPWaitPage,1779840128,12,0,1
ahrup1ic,369,1unb36hc,148,mock_N08_N04_Aonly,DiscussionGRPWaitPage,1779840128,12,0,1
ahrup1ic,376,pfa32uv5,153,mock_N08_N04_Aonly,Discussion,1779840131,12,0,0
ahrup1ic,377,18rjecme,153,mock_N08_N04_Aonly,Discussion,1779840132,12,0,0
ahrup1ic,369,1unb36hc,153,mock_N08_N04_Aonly,Discussion,1779840140,12,0,0
ahrup1ic,383,jx714xwg,153,mock_N08_N04_Aonly,Discussion,1779840141,12,0,0
ahrup1ic,377,18rjecme,160,mock_N08_N04_Aonly,DiscussionGRPWaitPage,1779840141,13,0,1
ahrup1ic,383,jx714xwg,160,mock_N08_N04_Aonly,DiscussionGRPWaitPage,1779840141,13,0,1
ahrup1ic,376,pfa32uv5,160,mock_N08_N04_Aonly,DiscussionGRPWaitPage,1779840141,13,0,1
ahrup1ic,369,1unb36hc,160,mock_N08_N04_Aonly,DiscussionGRPWaitPage,1779840141,13,0,1
ahrup1ic,376,pfa32uv5,165,mock_N08_N04_Aonly,Discussion,1779840144,13,0,0
ahrup1ic,377,18rjecme,165,mock_N08_N04_Aonly,Discussion,1779840144,13,0,0
ahrup1ic,383,jx714xwg,165,mock_N08_N04_Aonly,Discussion,1779840149,13,0,0
ahrup1ic,386,sqoehekb,5,presurvey,Training,1779840153,1,0,0
ahrup1ic,369,1unb36hc,165,mock_N08_N04_Aonly,Discussion,1779840154,13,0,0
ahrup1ic,369,1unb36hc,172,mock_N08_N04_Aonly,DiscussionGRPWaitPage,1779840154,14,0,1
ahrup1ic,377,18rjecme,172,mock_N08_N04_Aonly,DiscussionGRPWaitPage,1779840154,14,0,1
ahrup1ic,383,jx714xwg,172,mock_N08_N04_Aonly,DiscussionGRPWaitPage,1779840154,14,0,1
ahrup1ic,376,pfa32uv5,172,mock_N08_N04_Aonly,DiscussionGRPWaitPage,1779840154,14,0,1
ahrup1ic,377,18rjecme,177,mock_N08_N04_Aonly,Discussion,1779840156,14,0,0
ahrup1ic,376,pfa32uv5,177,mock_N08_N04_Aonly,Discussion,1779840157,14,0,0
ahrup1ic,369,1unb36hc,177,mock_N08_N04_Aonly,Discussion,1779840163,14,0,0
ahrup1ic,383,jx714xwg,177,mock_N08_N04_Aonly,Discussion,1779840165,14,0,0
ahrup1ic,377,18rjecme,184,mock_N08_N04_Aonly,DiscussionGRPWaitPage,1779840165,15,0,1
ahrup1ic,383,jx714xwg,184,mock_N08_N04_Aonly,DiscussionGRPWaitPage,1779840165,15,0,1
ahrup1ic,376,pfa32uv5,184,mock_N08_N04_Aonly,DiscussionGRPWaitPage,1779840165,15,0,1
ahrup1ic,369,1unb36hc,184,mock_N08_N04_Aonly,DiscussionGRPWaitPage,1779840165,15,0,1
ahrup1ic,387,1xqf8zxj,0,,InitializeParticipant,1779840167,1,0,0
ahrup1ic,376,pfa32uv5,189,mock_N08_N04_Aonly,Discussion,1779840168,15,0,0
ahrup1ic,377,18rjecme,189,mock_N08_N04_Aonly,Discussion,1779840169,15,0,0
ahrup1ic,383,jx714xwg,189,mock_N08_N04_Aonly,Discussion,1779840173,15,0,0
ahrup1ic,369,1unb36hc,189,mock_N08_N04_Aonly,Discussion,1779840175,15,0,0
ahrup1ic,377,18rjecme,196,mock_N08_N04_Aonly,DiscussionGRPWaitPage,1779840175,16,0,1
ahrup1ic,383,jx714xwg,196,mock_N08_N04_Aonly,DiscussionGRPWaitPage,1779840175,16,0,1
ahrup1ic,376,pfa32uv5,196,mock_N08_N04_Aonly,DiscussionGRPWaitPage,1779840175,16,0,1
ahrup1ic,369,1unb36hc,196,mock_N08_N04_Aonly,DiscussionGRPWaitPage,1779840175,16,0,1
ahrup1ic,387,1xqf8zxj,1,presurvey,Introduction,1779840175,1,0,0
ahrup1ic,376,pfa32uv5,201,mock_N08_N04_Aonly,Discussion,1779840178,16,0,0
ahrup1ic,377,18rjecme,201,mock_N08_N04_Aonly,Discussion,1779840179,16,0,0
ahrup1ic,369,1unb36hc,201,mock_N08_N04_Aonly,Discussion,1779840183,16,0,0
ahrup1ic,383,jx714xwg,201,mock_N08_N04_Aonly,Discussion,1779840186,16,0,0
ahrup1ic,369,1unb36hc,208,mock_N08_N04_Aonly,DiscussionGRPWaitPage,1779840186,17,0,1
ahrup1ic,377,18rjecme,208,mock_N08_N04_Aonly,DiscussionGRPWaitPage,1779840186,17,0,1
ahrup1ic,383,jx714xwg,208,mock_N08_N04_Aonly,DiscussionGRPWaitPage,1779840186,17,0,1
ahrup1ic,376,pfa32uv5,208,mock_N08_N04_Aonly,DiscussionGRPWaitPage,1779840186,17,0,1
ahrup1ic,377,18rjecme,213,mock_N08_N04_Aonly,Discussion,1779840188,17,0,0
ahrup1ic,376,pfa32uv5,213,mock_N08_N04_Aonly,Discussion,1779840190,17,0,0
ahrup1ic,369,1unb36hc,213,mock_N08_N04_Aonly,Discussion,1779840194,17,0,0
ahrup1ic,387,1xqf8zxj,2,presurvey,AudioCheck,1779840196,1,0,0
ahrup1ic,383,jx714xwg,213,mock_N08_N04_Aonly,Discussion,1779840200,17,0,0
ahrup1ic,377,18rjecme,220,mock_N08_N04_Aonly,DiscussionGRPWaitPage,1779840200,18,0,1
ahrup1ic,383,jx714xwg,220,mock_N08_N04_Aonly,DiscussionGRPWaitPage,1779840200,18,0,1
ahrup1ic,376,pfa32uv5,220,mock_N08_N04_Aonly,DiscussionGRPWaitPage,1779840200,18,0,1
ahrup1ic,369,1unb36hc,220,mock_N08_N04_Aonly,DiscussionGRPWaitPage,1779840200,18,0,1
ahrup1ic,377,18rjecme,225,mock_N08_N04_Aonly,Discussion,1779840202,18,0,0
ahrup1ic,386,sqoehekb,6,presurvey,TrainingNeighbor_1,1779840203,1,0,0
ahrup1ic,376,pfa32uv5,225,mock_N08_N04_Aonly,Discussion,1779840204,18,0,0
ahrup1ic,386,sqoehekb,10,presurvey,ExperimentInstruction,1779840206,1,0,0
ahrup1ic,383,jx714xwg,225,mock_N08_N04_Aonly,Discussion,1779840210,18,0,0
ahrup1ic,369,1unb36hc,225,mock_N08_N04_Aonly,Discussion,1779840211,18,0,0
ahrup1ic,377,18rjecme,232,mock_N08_N04_Aonly,DiscussionGRPWaitPage,1779840211,19,0,1
ahrup1ic,383,jx714xwg,232,mock_N08_N04_Aonly,DiscussionGRPWaitPage,1779840211,19,0,1
ahrup1ic,376,pfa32uv5,232,mock_N08_N04_Aonly,DiscussionGRPWaitPage,1779840211,19,0,1
ahrup1ic,369,1unb36hc,232,mock_N08_N04_Aonly,DiscussionGRPWaitPage,1779840211,19,0,1
ahrup1ic,377,18rjecme,237,mock_N08_N04_Aonly,Discussion,1779840214,19,0,0
ahrup1ic,376,pfa32uv5,237,mock_N08_N04_Aonly,Discussion,1779840215,19,0,0
ahrup1ic,387,1xqf8zxj,3,presurvey,Demographics,1779840215,1,0,0
ahrup1ic,383,jx714xwg,237,mock_N08_N04_Aonly,Discussion,1779840216,19,0,0
ahrup1ic,369,1unb36hc,237,mock_N08_N04_Aonly,Discussion,1779840221,19,0,0
ahrup1ic,369,1unb36hc,244,mock_N08_N04_Aonly,DiscussionGRPWaitPage,1779840221,20,0,1
ahrup1ic,377,18rjecme,244,mock_N08_N04_Aonly,DiscussionGRPWaitPage,1779840221,20,0,1
ahrup1ic,383,jx714xwg,244,mock_N08_N04_Aonly,DiscussionGRPWaitPage,1779840221,20,0,1
ahrup1ic,376,pfa32uv5,244,mock_N08_N04_Aonly,DiscussionGRPWaitPage,1779840221,20,0,1
ahrup1ic,376,pfa32uv5,249,mock_N08_N04_Aonly,Discussion,1779840225,20,0,0
ahrup1ic,377,18rjecme,249,mock_N08_N04_Aonly,Discussion,1779840226,20,0,0
ahrup1ic,383,jx714xwg,249,mock_N08_N04_Aonly,Discussion,1779840228,20,0,0
ahrup1ic,369,1unb36hc,249,mock_N08_N04_Aonly,Discussion,1779840228,20,0,0
ahrup1ic,387,1xqf8zxj,4,presurvey,NeighborhoodInstruction,1779840235,1,0,0
ahrup1ic,377,18rjecme,250,mock_N08_N04_Aonly,Additional,1779840242,20,0,0
ahrup1ic,388,8e6peuv5,0,,InitializeParticipant,1779840252,1,0,0
ahrup1ic,387,1xqf8zxj,5,presurvey,Training,1779840257,1,0,0
ahrup1ic,388,8e6peuv5,1,presurvey,Introduction,1779840260,1,0,0
ahrup1ic,386,sqoehekb,11,presurvey,Scenario,1779840262,1,0,0
ahrup1ic,376,pfa32uv5,250,mock_N08_N04_Aonly,Additional,1779840268,20,0,0
ahrup1ic,369,1unb36hc,250,mock_N08_N04_Aonly,Additional,1779840278,20,0,0
ahrup1ic,383,jx714xwg,250,mock_N08_N04_Aonly,Additional,1779840283,20,0,0
ahrup1ic,377,18rjecme,251,mock_N08_N04_Aonly,FinalRoundWaitPage,1779840283,20,0,1
ahrup1ic,376,pfa32uv5,251,mock_N08_N04_Aonly,FinalRoundWaitPage,1779840283,20,0,1
ahrup1ic,369,1unb36hc,251,mock_N08_N04_Aonly,FinalRoundWaitPage,1779840283,20,0,1
ahrup1ic,383,jx714xwg,251,mock_N08_N04_Aonly,FinalRoundWaitPage,1779840283,20,0,1
ahrup1ic,388,8e6peuv5,2,presurvey,AudioCheck,1779840285,1,0,0
ahrup1ic,389,76qkcq72,0,,InitializeParticipant,1779840285,1,0,0
ahrup1ic,376,pfa32uv5,252,mock_N08_N04_Aonly,FinalRound,1779840292,20,0,0
ahrup1ic,377,18rjecme,252,mock_N08_N04_Aonly,FinalRound,1779840292,20,0,0
ahrup1ic,386,sqoehekb,12,presurvey,Commitment,1779840293,1,0,0
ahrup1ic,383,jx714xwg,252,mock_N08_N04_Aonly,FinalRound,1779840295,20,0,0
ahrup1ic,369,1unb36hc,252,mock_N08_N04_Aonly,FinalRound,1779840299,20,0,0
ahrup1ic,389,76qkcq72,1,presurvey,Introduction,1779840301,1,0,0
ahrup1ic,388,8e6peuv5,3,presurvey,Demographics,1779840301,1,0,0
ahrup1ic,387,1xqf8zxj,6,presurvey,TrainingNeighbor_1,1779840310,1,0,0
ahrup1ic,388,8e6peuv5,4,presurvey,NeighborhoodInstruction,1779840310,1,0,0
ahrup1ic,387,1xqf8zxj,7,presurvey,TrainingNeighbor_2,1779840328,1,0,0
ahrup1ic,378,mibiu00n,13,mock_N08_N04_Aonly,GroupingWaitPage,1779840331,1,0,1
ahrup1ic,378,mibiu00n,14,mock_N08_N04_Aonly,GroupSizeWaitPage,1779840331,1,0,1
ahrup1ic,388,8e6peuv5,5,presurvey,Training,1779840332,1,0,0
ahrup1ic,387,1xqf8zxj,10,presurvey,ExperimentInstruction,1779840334,1,0,0
ahrup1ic,378,mibiu00n,15,mock_N08_N04_Aonly,AttentionCheck,1779840343,1,0,0
ahrup1ic,389,76qkcq72,2,presurvey,AudioCheck,1779840356,1,0,0
ahrup1ic,387,1xqf8zxj,11,presurvey,Scenario,1779840362,1,0,0
ahrup1ic,389,76qkcq72,3,presurvey,Demographics,1779840375,1,0,0
ahrup1ic,387,1xqf8zxj,12,presurvey,Commitment,1779840392,1,0,0
ahrup1ic,389,76qkcq72,4,presurvey,NeighborhoodInstruction,1779840408,1,0,0
ahrup1ic,388,8e6peuv5,6,presurvey,TrainingNeighbor_1,1779840421,1,0,0
ahrup1ic,388,8e6peuv5,10,presurvey,ExperimentInstruction,1779840428,1,0,0
ahrup1ic,389,76qkcq72,5,presurvey,Training,1779840441,1,0,0
ahrup1ic,388,8e6peuv5,11,presurvey,Scenario,1779840445,1,0,0
ahrup1ic,374,py91o78r,13,mock_N08_N04_Aonly,GroupingWaitPage,1779840465,1,0,1
ahrup1ic,374,py91o78r,14,mock_N08_N04_Aonly,GroupSizeWaitPage,1779840465,1,0,1
ahrup1ic,389,76qkcq72,6,presurvey,TrainingNeighbor_1,1779840468,1,0,0
ahrup1ic,388,8e6peuv5,12,presurvey,Commitment,1779840481,1,0,0
ahrup1ic,374,py91o78r,15,mock_N08_N04_Aonly,AttentionCheck,1779840501,1,1,0
ahrup1ic,389,76qkcq72,7,presurvey,TrainingNeighbor_2,1779840521,1,0,0
ahrup1ic,389,76qkcq72,8,presurvey,AttentionCheck,1779840532,1,0,0
ahrup1ic,389,76qkcq72,9,presurvey,TrainingNeighbor_3,1779840552,1,0,0
ahrup1ic,389,76qkcq72,10,presurvey,ExperimentInstruction,1779840556,1,0,0
ahrup1ic,389,76qkcq72,11,presurvey,Scenario,1779840656,1,0,0
ahrup1ic,390,v6xuvgbo,0,,InitializeParticipant,1779840669,1,0,0
ahrup1ic,390,v6xuvgbo,1,presurvey,Introduction,1779840684,1,0,0
ahrup1ic,390,v6xuvgbo,2,presurvey,AudioCheck,1779840705,1,0,0
ahrup1ic,390,v6xuvgbo,3,presurvey,Demographics,1779840717,1,0,0
ahrup1ic,390,v6xuvgbo,4,presurvey,NeighborhoodInstruction,1779840736,1,0,0
ahrup1ic,390,v6xuvgbo,5,presurvey,Training,1779840762,1,0,0
ahrup1ic,390,v6xuvgbo,6,presurvey,TrainingNeighbor_1,1779840796,1,0,0
ahrup1ic,390,v6xuvgbo,10,presurvey,ExperimentInstruction,1779840809,1,0,0
ahrup1ic,384,z9nzfk72,13,mock_N08_N04_Aonly,GroupingWaitPage,1779840827,1,0,1
ahrup1ic,384,z9nzfk72,14,mock_N08_N04_Aonly,GroupSizeWaitPage,1779840828,1,0,1
ahrup1ic,390,v6xuvgbo,11,presurvey,Scenario,1779840829,1,0,0
ahrup1ic,384,z9nzfk72,15,mock_N08_N04_Aonly,AttentionCheck,1779840838,1,0,0
ahrup1ic,390,v6xuvgbo,12,presurvey,Commitment,1779840858,1,0,0
ahrup1ic,391,g770ttwm,0,,InitializeParticipant,1779840911,1,0,0
ahrup1ic,391,g770ttwm,1,presurvey,Introduction,1779840927,1,0,0
ahrup1ic,391,g770ttwm,2,presurvey,AudioCheck,1779840953,1,0,0
ahrup1ic,391,g770ttwm,3,presurvey,Demographics,1779840998,1,0,0
ahrup1ic,391,g770ttwm,4,presurvey,NeighborhoodInstruction,1779841029,1,0,0
ahrup1ic,391,g770ttwm,5,presurvey,Training,1779841073,1,0,0
ahrup1ic,387,1xqf8zxj,13,mock_N08_N04_Aonly,GroupingWaitPage,1779841115,1,0,1
ahrup1ic,387,1xqf8zxj,14,mock_N08_N04_Aonly,GroupSizeWaitPage,1779841116,1,0,1
ahrup1ic,387,1xqf8zxj,15,mock_N08_N04_Aonly,AttentionCheck,1779841119,1,0,0
ahrup1ic,391,g770ttwm,6,presurvey,TrainingNeighbor_1,1779841156,1,0,0
ahrup1ic,391,g770ttwm,10,presurvey,ExperimentInstruction,1779841187,1,0,0
ahrup1ic,388,8e6peuv5,13,mock_N08_N04_Aonly,GroupingWaitPage,1779841214,1,0,1
ahrup1ic,388,8e6peuv5,14,mock_N08_N04_Aonly,GroupSizeWaitPage,1779841214,1,0,1
ahrup1ic,391,g770ttwm,11,presurvey,Scenario,1779841217,1,0,0
ahrup1ic,388,8e6peuv5,15,mock_N08_N04_Aonly,AttentionCheck,1779841224,1,0,0
ahrup1ic,392,i6xsumv9,0,,InitializeParticipant,1779841250,1,0,0
ahrup1ic,392,i6xsumv9,1,presurvey,Introduction,1779841254,1,0,0
ahrup1ic,373,mnfjl9t9,13,mock_N08_N04_Aonly,GroupingWaitPage,1779841262,1,0,1
ahrup1ic,373,mnfjl9t9,14,mock_N08_N04_Aonly,GroupSizeWaitPage,1779841263,1,0,1
ahrup1ic,373,mnfjl9t9,15,mock_N08_N04_Aonly,AttentionCheck,1779841275,1,0,0
ahrup1ic,392,i6xsumv9,2,presurvey,AudioCheck,1779841308,1,0,0
ahrup1ic,391,g770ttwm,12,presurvey,Commitment,1779841326,1,0,0
ahrup1ic,392,i6xsumv9,3,presurvey,Demographics,1779841331,1,0,0
ahrup1ic,392,i6xsumv9,4,presurvey,NeighborhoodInstruction,1779841348,1,0,0
ahrup1ic,392,i6xsumv9,5,presurvey,Training,1779841369,1,0,0
ahrup1ic,393,8z1efhfh,0,,InitializeParticipant,1779841373,1,0,0
ahrup1ic,393,8z1efhfh,1,presurvey,Introduction,1779841378,1,0,0
ahrup1ic,393,8z1efhfh,2,presurvey,AudioCheck,1779841388,1,0,0
ahrup1ic,393,8z1efhfh,3,presurvey,Demographics,1779841397,1,0,0
ahrup1ic,392,i6xsumv9,6,presurvey,TrainingNeighbor_1,1779841405,1,0,0
ahrup1ic,392,i6xsumv9,10,presurvey,ExperimentInstruction,1779841416,1,0,0
ahrup1ic,393,8z1efhfh,4,presurvey,NeighborhoodInstruction,1779841423,1,0,0
ahrup1ic,393,8z1efhfh,5,presurvey,Training,1779841440,1,0,0
ahrup1ic,392,i6xsumv9,11,presurvey,Scenario,1779841451,1,0,0
ahrup1ic,393,8z1efhfh,6,presurvey,TrainingNeighbor_1,1779841475,1,0,0
ahrup1ic,393,8z1efhfh,7,presurvey,TrainingNeighbor_2,1779841480,1,0,0
ahrup1ic,392,i6xsumv9,12,presurvey,Commitment,1779841489,1,0,0
ahrup1ic,386,sqoehekb,13,mock_N08_N04_Aonly,GroupingWaitPage,1779841494,1,0,1
ahrup1ic,386,sqoehekb,14,mock_N08_N04_Aonly,GroupSizeWaitPage,1779841494,1,0,1
ahrup1ic,393,8z1efhfh,8,presurvey,AttentionCheck,1779841498,1,0,0
ahrup1ic,386,sqoehekb,15,mock_N08_N04_Aonly,AttentionCheck,1779841507,1,0,0
ahrup1ic,393,8z1efhfh,9,presurvey,TrainingNeighbor_3,1779841519,1,0,0
ahrup1ic,394,dt5vn1fi,0,,InitializeParticipant,1779841566,1,0,0
ahrup1ic,394,dt5vn1fi,1,presurvey,Introduction,1779841582,1,0,0
ahrup1ic,394,dt5vn1fi,2,presurvey,AudioCheck,1779841593,1,0,0
ahrup1ic,394,dt5vn1fi,3,presurvey,Demographics,1779841609,1,0,0
ahrup1ic,394,dt5vn1fi,4,presurvey,NeighborhoodInstruction,1779841617,1,0,0
ahrup1ic,394,dt5vn1fi,5,presurvey,Training,1779841672,1,0,0
ahrup1ic,394,dt5vn1fi,6,presurvey,TrainingNeighbor_1,1779841727,1,0,0
ahrup1ic,394,dt5vn1fi,10,presurvey,ExperimentInstruction,1779841748,1,0,0
ahrup1ic,394,dt5vn1fi,11,presurvey,Scenario,1779841773,1,0,0
ahrup1ic,395,utn1hm83,0,,InitializeParticipant,1779841827,1,0,0
ahrup1ic,394,dt5vn1fi,12,presurvey,Commitment,1779841834,1,0,0
ahrup1ic,395,utn1hm83,1,presurvey,Introduction,1779841846,1,0,0
ahrup1ic,396,6307ozs7,0,,InitializeParticipant,1779841857,1,0,0
ahrup1ic,395,utn1hm83,2,presurvey,AudioCheck,1779841868,1,0,0
ahrup1ic,395,utn1hm83,3,presurvey,Demographics,1779841880,1,0,0
ahrup1ic,395,utn1hm83,4,presurvey,NeighborhoodInstruction,1779841885,1,0,0
ahrup1ic,395,utn1hm83,5,presurvey,Training,1779841906,1,0,0
ahrup1ic,396,6307ozs7,1,presurvey,Introduction,1779841914,1,0,0
ahrup1ic,397,8calqmgr,0,,InitializeParticipant,1779841915,1,0,0
ahrup1ic,396,6307ozs7,2,presurvey,AudioCheck,1779841943,1,0,0
ahrup1ic,395,utn1hm83,6,presurvey,TrainingNeighbor_1,1779841946,1,0,0
ahrup1ic,395,utn1hm83,10,presurvey,ExperimentInstruction,1779841957,1,0,0
ahrup1ic,397,8calqmgr,1,presurvey,Introduction,1779841958,1,0,0
ahrup1ic,396,6307ozs7,3,presurvey,Demographics,1779841959,1,0,0
ahrup1ic,396,6307ozs7,4,presurvey,NeighborhoodInstruction,1779841987,1,0,0
ahrup1ic,396,6307ozs7,5,presurvey,Training,1779841995,1,0,0
ahrup1ic,395,utn1hm83,11,presurvey,Scenario,1779841996,1,0,0
ahrup1ic,398,stgogetd,0,,InitializeParticipant,1779842003,1,0,0
ahrup1ic,399,6ryub83k,0,,InitializeParticipant,1779842004,1,0,0
ahrup1ic,399,6ryub83k,1,presurvey,Introduction,1779842027,1,0,0
ahrup1ic,396,6307ozs7,6,presurvey,TrainingNeighbor_1,1779842030,1,0,0
ahrup1ic,399,6ryub83k,2,presurvey,AudioCheck,1779842051,1,0,0
ahrup1ic,396,6307ozs7,10,presurvey,ExperimentInstruction,1779842054,1,0,0
ahrup1ic,397,8calqmgr,2,presurvey,AudioCheck,1779842055,1,0,0
ahrup1ic,390,v6xuvgbo,13,mock_N08_N04_Aonly,GroupingWaitPage,1779842063,1,0,1
ahrup1ic,390,v6xuvgbo,14,mock_N08_N04_Aonly,GroupSizeWaitPage,1779842063,1,0,1
ahrup1ic,390,v6xuvgbo,15,mock_N08_N04_Aonly,AttentionCheck,1779842072,1,0,0
ahrup1ic,399,6ryub83k,3,presurvey,Demographics,1779842081,1,0,0
ahrup1ic,396,6307ozs7,11,presurvey,Scenario,1779842081,1,0,0
ahrup1ic,397,8calqmgr,3,presurvey,Demographics,1779842082,1,0,0
ahrup1ic,398,stgogetd,1,presurvey,Introduction,1779842085,1,0,0
ahrup1ic,398,stgogetd,2,presurvey,AudioCheck,1779842102,1,0,0
ahrup1ic,397,8calqmgr,4,presurvey,NeighborhoodInstruction,1779842107,1,0,0
ahrup1ic,396,6307ozs7,12,presurvey,Commitment,1779842115,1,0,0
ahrup1ic,399,6ryub83k,4,presurvey,NeighborhoodInstruction,1779842141,1,0,0
ahrup1ic,398,stgogetd,3,presurvey,Demographics,1779842150,1,0,0
ahrup1ic,400,mmq1j1fx,0,,InitializeParticipant,1779842156,1,0,0
ahrup1ic,398,stgogetd,4,presurvey,NeighborhoodInstruction,1779842163,1,0,0
ahrup1ic,400,mmq1j1fx,1,presurvey,Introduction,1779842169,1,0,0
ahrup1ic,400,mmq1j1fx,2,presurvey,AudioCheck,1779842193,1,0,0
ahrup1ic,399,6ryub83k,5,presurvey,Training,1779842199,1,0,0
ahrup1ic,397,8calqmgr,5,presurvey,Training,1779842207,1,0,0
ahrup1ic,392,i6xsumv9,13,mock_N08_N04_Aonly,GroupingWaitPage,1779842210,1,0,1
ahrup1ic,392,i6xsumv9,14,mock_N08_N04_Aonly,GroupSizeWaitPage,1779842210,1,0,1
ahrup1ic,400,mmq1j1fx,3,presurvey,Demographics,1779842212,1,0,0
ahrup1ic,392,i6xsumv9,15,mock_N08_N04_Aonly,AttentionCheck,1779842216,1,0,0
ahrup1ic,398,stgogetd,5,presurvey,Training,1779842235,1,0,0
ahrup1ic,399,6ryub83k,6,presurvey,TrainingNeighbor_1,1779842237,1,0,0
ahrup1ic,400,mmq1j1fx,4,presurvey,NeighborhoodInstruction,1779842245,1,0,0
ahrup1ic,401,2w3e8nza,0,,InitializeParticipant,1779842246,1,0,0
ahrup1ic,401,2w3e8nza,1,presurvey,Introduction,1779842253,1,0,0
ahrup1ic,402,0quzt6xq,0,,InitializeParticipant,1779842264,1,0,0
ahrup1ic,401,2w3e8nza,2,presurvey,AudioCheck,1779842270,1,0,0
ahrup1ic,397,8calqmgr,6,presurvey,TrainingNeighbor_1,1779842277,1,0,0
ahrup1ic,398,stgogetd,6,presurvey,TrainingNeighbor_1,1779842277,1,0,0
ahrup1ic,401,2w3e8nza,3,presurvey,Demographics,1779842287,1,0,0
ahrup1ic,400,mmq1j1fx,5,presurvey,Training,1779842291,1,0,0
ahrup1ic,402,0quzt6xq,1,presurvey,Introduction,1779842297,1,0,0
ahrup1ic,399,6ryub83k,10,presurvey,ExperimentInstruction,1779842298,1,0,0
ahrup1ic,398,stgogetd,7,presurvey,TrainingNeighbor_2,1779842299,1,0,0
ahrup1ic,401,2w3e8nza,4,presurvey,NeighborhoodInstruction,1779842302,1,0,0
ahrup1ic,399,6ryub83k,11,presurvey,Scenario,1779842312,1,0,0
ahrup1ic,397,8calqmgr,10,presurvey,ExperimentInstruction,1779842317,1,0,0
ahrup1ic,398,stgogetd,8,presurvey,AttentionCheck,1779842319,1,0,0
ahrup1ic,402,0quzt6xq,2,presurvey,AudioCheck,1779842325,1,0,0
ahrup1ic,400,mmq1j1fx,6,presurvey,TrainingNeighbor_1,1779842325,1,0,0
ahrup1ic,400,mmq1j1fx,10,presurvey,ExperimentInstruction,1779842331,1,0,0
ahrup1ic,401,2w3e8nza,5,presurvey,Training,1779842331,1,0,0
ahrup1ic,398,stgogetd,9,presurvey,TrainingNeighbor_3,1779842343,1,0,0
ahrup1ic,402,0quzt6xq,3,presurvey,Demographics,1779842349,1,0,0
ahrup1ic,398,stgogetd,10,presurvey,ExperimentInstruction,1779842351,1,0,0
ahrup1ic,401,2w3e8nza,6,presurvey,TrainingNeighbor_1,1779842357,1,0,0
ahrup1ic,401,2w3e8nza,10,presurvey,ExperimentInstruction,1779842368,1,0,0
ahrup1ic,400,mmq1j1fx,11,presurvey,Scenario,1779842377,1,0,0
ahrup1ic,402,0quzt6xq,4,presurvey,NeighborhoodInstruction,1779842384,1,0,0
ahrup1ic,401,2w3e8nza,11,presurvey,Scenario,1779842395,1,0,0
ahrup1ic,397,8calqmgr,11,presurvey,Scenario,1779842419,1,0,0
ahrup1ic,402,0quzt6xq,5,presurvey,Training,1779842419,1,0,0
ahrup1ic,398,stgogetd,11,presurvey,Scenario,1779842426,1,0,0
ahrup1ic,403,59t8dnfx,0,,InitializeParticipant,1779842438,1,0,0
ahrup1ic,403,59t8dnfx,1,presurvey,Introduction,1779842453,1,0,0
ahrup1ic,402,0quzt6xq,6,presurvey,TrainingNeighbor_1,1779842457,1,0,0
ahrup1ic,403,59t8dnfx,2,presurvey,AudioCheck,1779842465,1,0,0
ahrup1ic,402,0quzt6xq,10,presurvey,ExperimentInstruction,1779842465,1,0,0
ahrup1ic,404,s67uup87,0,,InitializeParticipant,1779842465,1,0,0
ahrup1ic,405,k6p2sw8x,0,,InitializeParticipant,1779842474,1,0,0
ahrup1ic,403,59t8dnfx,3,presurvey,Demographics,1779842483,1,0,0
ahrup1ic,404,s67uup87,1,presurvey,Introduction,1779842486,1,0,0
ahrup1ic,403,59t8dnfx,4,presurvey,NeighborhoodInstruction,1779842489,1,0,0
ahrup1ic,405,k6p2sw8x,1,presurvey,Introduction,1779842503,1,0,0
ahrup1ic,406,2qsxngz4,0,,InitializeParticipant,1779842505,1,0,0
ahrup1ic,407,slrvbdyg,0,,InitializeParticipant,1779842507,1,0,0
ahrup1ic,404,s67uup87,2,presurvey,AudioCheck,1779842507,1,0,0
ahrup1ic,408,swz49ypj,0,,InitializeParticipant,1779842508,1,0,0
ahrup1ic,402,0quzt6xq,11,presurvey,Scenario,1779842508,1,0,0
ahrup1ic,406,2qsxngz4,1,presurvey,Introduction,1779842516,1,0,0
ahrup1ic,407,slrvbdyg,1,presurvey,Introduction,1779842523,1,0,0
ahrup1ic,404,s67uup87,3,presurvey,Demographics,1779842526,1,0,0
ahrup1ic,391,g770ttwm,13,mock_N08_N04_Aonly,GroupingWaitPage,1779842528,1,0,1
ahrup1ic,391,g770ttwm,14,mock_N08_N04_Aonly,GroupSizeWaitPage,1779842528,1,0,1
ahrup1ic,406,2qsxngz4,2,presurvey,AudioCheck,1779842529,1,0,0
ahrup1ic,405,k6p2sw8x,2,presurvey,AudioCheck,1779842529,1,0,0
ahrup1ic,408,swz49ypj,1,presurvey,Introduction,1779842531,1,0,0
ahrup1ic,391,g770ttwm,15,mock_N08_N04_Aonly,AttentionCheck,1779842536,1,0,0
ahrup1ic,404,s67uup87,4,presurvey,NeighborhoodInstruction,1779842539,1,0,0
ahrup1ic,405,k6p2sw8x,3,presurvey,Demographics,1779842542,1,0,0
ahrup1ic,397,8calqmgr,12,presurvey,Commitment,1779842546,1,0,0
ahrup1ic,402,0quzt6xq,12,presurvey,Commitment,1779842550,1,0,0
ahrup1ic,403,59t8dnfx,5,presurvey,Training,1779842551,1,0,0
ahrup1ic,406,2qsxngz4,3,presurvey,Demographics,1779842551,1,0,0
ahrup1ic,408,swz49ypj,2,presurvey,AudioCheck,1779842559,1,0,0
ahrup1ic,404,s67uup87,5,presurvey,Training,1779842562,1,0,0
ahrup1ic,405,k6p2sw8x,4,presurvey,NeighborhoodInstruction,1779842566,1,0,0
ahrup1ic,403,59t8dnfx,6,presurvey,TrainingNeighbor_1,1779842580,1,0,0
ahrup1ic,408,swz49ypj,3,presurvey,Demographics,1779842584,1,0,0
ahrup1ic,403,59t8dnfx,7,presurvey,TrainingNeighbor_2,1779842587,1,0,0
ahrup1ic,403,59t8dnfx,8,presurvey,AttentionCheck,1779842594,1,0,0
ahrup1ic,404,s67uup87,6,presurvey,TrainingNeighbor_1,1779842594,1,0,0
ahrup1ic,406,2qsxngz4,4,presurvey,NeighborhoodInstruction,1779842599,1,0,0
ahrup1ic,403,59t8dnfx,9,presurvey,TrainingNeighbor_3,1779842604,1,0,0
ahrup1ic,404,s67uup87,10,presurvey,ExperimentInstruction,1779842605,1,0,0
ahrup1ic,403,59t8dnfx,10,presurvey,ExperimentInstruction,1779842607,1,0,0
ahrup1ic,407,slrvbdyg,2,presurvey,AudioCheck,1779842611,1,0,0
ahrup1ic,408,swz49ypj,4,presurvey,NeighborhoodInstruction,1779842617,1,0,0
ahrup1ic,404,s67uup87,11,presurvey,Scenario,1779842626,1,0,0
ahrup1ic,405,k6p2sw8x,5,presurvey,Training,1779842631,1,0,0
ahrup1ic,406,2qsxngz4,5,presurvey,Training,1779842635,1,0,0
ahrup1ic,407,slrvbdyg,3,presurvey,Demographics,1779842653,1,0,0
ahrup1ic,408,swz49ypj,5,presurvey,Training,1779842659,1,0,0
ahrup1ic,409,qybl7x14,0,,InitializeParticipant,1779842670,1,0,0
ahrup1ic,407,slrvbdyg,4,presurvey,NeighborhoodInstruction,1779842679,1,0,0
ahrup1ic,403,59t8dnfx,11,presurvey,Scenario,1779842681,1,0,0
ahrup1ic,410,08mwjzck,0,,InitializeParticipant,1779842686,1,0,0
ahrup1ic,405,k6p2sw8x,6,presurvey,TrainingNeighbor_1,1779842689,1,0,0
ahrup1ic,403,59t8dnfx,12,presurvey,Commitment,1779842694,1,0,0
ahrup1ic,408,swz49ypj,6,presurvey,TrainingNeighbor_1,1779842694,1,0,0
ahrup1ic,411,r5xm0r85,0,,InitializeParticipant,1779842703,1,0,0
ahrup1ic,405,k6p2sw8x,7,presurvey,TrainingNeighbor_2,1779842704,1,0,0
ahrup1ic,406,2qsxngz4,6,presurvey,TrainingNeighbor_1,1779842706,1,0,0
ahrup1ic,412,0s1jnhnp,0,,InitializeParticipant,1779842709,1,0,0
ahrup1ic,409,qybl7x14,1,presurvey,Introduction,1779842709,1,0,0
ahrup1ic,408,swz49ypj,10,presurvey,ExperimentInstruction,1779842711,1,0,0
ahrup1ic,406,2qsxngz4,7,presurvey,TrainingNeighbor_2,1779842712,1,0,0
ahrup1ic,405,k6p2sw8x,10,presurvey,ExperimentInstruction,1779842716,1,0,0
ahrup1ic,413,km65qm65,0,,InitializeParticipant,1779842717,1,0,0
ahrup1ic,409,qybl7x14,2,presurvey,AudioCheck,1779842720,1,0,0
ahrup1ic,414,1tztsrmw,0,,InitializeParticipant,1779842721,1,0,0
ahrup1ic,406,2qsxngz4,10,presurvey,ExperimentInstruction,1779842722,1,0,0
ahrup1ic,414,1tztsrmw,1,presurvey,Introduction,1779842728,1,0,0
ahrup1ic,407,slrvbdyg,5,presurvey,Training,1779842728,1,0,0
ahrup1ic,415,wcieh1yg,0,,InitializeParticipant,1779842732,1,0,0
ahrup1ic,415,wcieh1yg,1,presurvey,Introduction,1779842736,1,0,0
ahrup1ic,416,1r6qzv0h,0,,InitializeParticipant,1779842739,1,0,0
ahrup1ic,413,km65qm65,1,presurvey,Introduction,1779842740,1,0,0
ahrup1ic,408,swz49ypj,11,presurvey,Scenario,1779842741,1,0,0
ahrup1ic,417,kp75grf0,0,,InitializeParticipant,1779842746,1,0,0
ahrup1ic,418,2nacojz1,0,,InitializeParticipant,1779842746,1,0,0
ahrup1ic,410,08mwjzck,1,presurvey,Introduction,1779842749,1,0,0
ahrup1ic,411,r5xm0r85,1,presurvey,Introduction,1779842750,1,0,0
ahrup1ic,414,1tztsrmw,2,presurvey,AudioCheck,1779842750,1,0,0
ahrup1ic,416,1r6qzv0h,1,presurvey,Introduction,1779842756,1,0,0
ahrup1ic,415,wcieh1yg,2,presurvey,AudioCheck,1779842761,1,0,0
ahrup1ic,406,2qsxngz4,11,presurvey,Scenario,1779842761,1,0,0
ahrup1ic,417,kp75grf0,1,presurvey,Introduction,1779842767,1,0,0
ahrup1ic,413,km65qm65,2,presurvey,AudioCheck,1779842767,1,0,0
ahrup1ic,412,0s1jnhnp,1,presurvey,Introduction,1779842767,1,0,0
ahrup1ic,414,1tztsrmw,3,presurvey,Demographics,1779842773,1,0,0
ahrup1ic,405,k6p2sw8x,11,presurvey,Scenario,1779842779,1,0,0
ahrup1ic,410,08mwjzck,2,presurvey,AudioCheck,1779842781,1,0,0
ahrup1ic,415,wcieh1yg,3,presurvey,Demographics,1779842784,1,0,0
ahrup1ic,417,kp75grf0,2,presurvey,AudioCheck,1779842785,1,0,0
ahrup1ic,414,1tztsrmw,4,presurvey,NeighborhoodInstruction,1779842786,1,0,0
ahrup1ic,416,1r6qzv0h,2,presurvey,AudioCheck,1779842787,1,0,0
ahrup1ic,409,qybl7x14,3,presurvey,Demographics,1779842788,1,0,0
ahrup1ic,411,r5xm0r85,2,presurvey,AudioCheck,1779842789,1,0,0
ahrup1ic,408,swz49ypj,12,presurvey,Commitment,1779842793,1,0,0
ahrup1ic,410,08mwjzck,3,presurvey,Demographics,1779842798,1,0,0
ahrup1ic,419,s9jktlbv,0,,InitializeParticipant,1779842799,1,0,0
ahrup1ic,415,wcieh1yg,4,presurvey,NeighborhoodInstruction,1779842800,1,0,0
ahrup1ic,419,s9jktlbv,1,presurvey,Introduction,1779842801,1,0,0
ahrup1ic,409,qybl7x14,4,presurvey,NeighborhoodInstruction,1779842803,1,0,0
ahrup1ic,411,r5xm0r85,3,presurvey,Demographics,1779842803,1,0,0
ahrup1ic,413,km65qm65,3,presurvey,Demographics,1779842806,1,0,0
ahrup1ic,407,slrvbdyg,6,presurvey,TrainingNeighbor_1,1779842806,1,0,0
ahrup1ic,416,1r6qzv0h,3,presurvey,Demographics,1779842807,1,0,0
ahrup1ic,413,km65qm65,4,presurvey,NeighborhoodInstruction,1779842810,1,0,0
ahrup1ic,419,s9jktlbv,2,presurvey,AudioCheck,1779842813,1,0,0
ahrup1ic,410,08mwjzck,4,presurvey,NeighborhoodInstruction,1779842819,1,0,0
ahrup1ic,407,slrvbdyg,7,presurvey,TrainingNeighbor_2,1779842823,1,0,0
ahrup1ic,415,wcieh1yg,5,presurvey,Training,1779842823,1,0,0
ahrup1ic,419,s9jktlbv,3,presurvey,Demographics,1779842824,1,0,0
ahrup1ic,420,cw3dolys,0,,InitializeParticipant,1779842833,1,0,0
ahrup1ic,407,slrvbdyg,10,presurvey,ExperimentInstruction,1779842833,1,0,0
ahrup1ic,396,6307ozs7,13,mock_N08_N04_Aonly,GroupingWaitPage,1779842836,1,0,1
ahrup1ic,396,6307ozs7,14,mock_N08_N04_Aonly,GroupSizeWaitPage,1779842836,1,0,1
ahrup1ic,419,s9jktlbv,4,presurvey,NeighborhoodInstruction,1779842837,1,0,0
ahrup1ic,414,1tztsrmw,5,presurvey,Training,1779842838,1,0,0
ahrup1ic,416,1r6qzv0h,4,presurvey,NeighborhoodInstruction,1779842841,1,0,0
ahrup1ic,420,cw3dolys,1,presurvey,Introduction,1779842846,1,0,0
ahrup1ic,396,6307ozs7,15,mock_N08_N04_Aonly,AttentionCheck,1779842848,1,0,0
ahrup1ic,411,r5xm0r85,4,presurvey,NeighborhoodInstruction,1779842853,1,0,0
ahrup1ic,421,owqwfc34,0,,InitializeParticipant,1779842860,1,0,0
ahrup1ic,414,1tztsrmw,6,presurvey,TrainingNeighbor_1,1779842863,1,0,0
ahrup1ic,419,s9jktlbv,5,presurvey,Training,1779842865,1,0,0
ahrup1ic,422,07nh0oep,0,,InitializeParticipant,1779842865,1,0,0
ahrup1ic,409,qybl7x14,5,presurvey,Training,1779842866,1,0,0
ahrup1ic,415,wcieh1yg,6,presurvey,TrainingNeighbor_1,1779842867,1,0,0
ahrup1ic,423,nikh7ufv,0,,InitializeParticipant,1779842868,1,0,0
ahrup1ic,421,owqwfc34,1,presurvey,Introduction,1779842868,1,0,0
ahrup1ic,420,cw3dolys,2,presurvey,AudioCheck,1779842869,1,0,0
ahrup1ic,415,wcieh1yg,7,presurvey,TrainingNeighbor_2,1779842871,1,0,0
ahrup1ic,414,1tztsrmw,10,presurvey,ExperimentInstruction,1779842872,1,0,0
ahrup1ic,407,slrvbdyg,11,presurvey,Scenario,1779842872,1,0,0
ahrup1ic,416,1r6qzv0h,5,presurvey,Training,1779842874,1,0,0
ahrup1ic,415,wcieh1yg,10,presurvey,ExperimentInstruction,1779842875,1,0,0
ahrup1ic,423,nikh7ufv,1,presurvey,Introduction,1779842875,1,0,0
ahrup1ic,410,08mwjzck,5,presurvey,Training,1779842878,1,0,0
ahrup1ic,420,cw3dolys,3,presurvey,Demographics,1779842878,1,0,0
ahrup1ic,422,07nh0oep,1,presurvey,Introduction,1779842880,1,0,0
ahrup1ic,417,kp75grf0,3,presurvey,Demographics,1779842881,1,0,0
ahrup1ic,420,cw3dolys,4,presurvey,NeighborhoodInstruction,1779842881,1,0,0
ahrup1ic,413,km65qm65,5,presurvey,Training,1779842885,1,0,0
ahrup1ic,420,cw3dolys,5,presurvey,Training,1779842889,1,0,0
ahrup1ic,423,nikh7ufv,2,presurvey,AudioCheck,1779842890,1,0,0
ahrup1ic,411,r5xm0r85,5,presurvey,Training,1779842891,1,0,0
ahrup1ic,419,s9jktlbv,6,presurvey,TrainingNeighbor_1,1779842891,1,0,0
ahrup1ic,419,s9jktlbv,7,presurvey,TrainingNeighbor_2,1779842895,1,0,0
ahrup1ic,417,kp75grf0,4,presurvey,NeighborhoodInstruction,1779842899,1,0,0
ahrup1ic,419,s9jktlbv,10,presurvey,ExperimentInstruction,1779842902,1,0,0
ahrup1ic,421,owqwfc34,2,presurvey,AudioCheck,1779842905,1,0,0
ahrup1ic,414,1tztsrmw,11,presurvey,Scenario,1779842907,1,0,0
ahrup1ic,423,nikh7ufv,3,presurvey,Demographics,1779842912,1,0,0
ahrup1ic,416,1r6qzv0h,6,presurvey,TrainingNeighbor_1,1779842913,1,0,0
ahrup1ic,420,cw3dolys,6,presurvey,TrainingNeighbor_1,1779842915,1,0,0
ahrup1ic,419,s9jktlbv,11,presurvey,Scenario,1779842916,1,0,0
ahrup1ic,407,slrvbdyg,12,presurvey,Commitment,1779842917,1,0,0
ahrup1ic,420,cw3dolys,10,presurvey,ExperimentInstruction,1779842919,1,0,0
ahrup1ic,421,owqwfc34,3,presurvey,Demographics,1779842919,1,0,0
ahrup1ic,423,nikh7ufv,4,presurvey,NeighborhoodInstruction,1779842920,1,0,0
ahrup1ic,421,owqwfc34,4,presurvey,NeighborhoodInstruction,1779842927,1,0,0
ahrup1ic,413,km65qm65,6,presurvey,TrainingNeighbor_1,1779842929,1,0,0
ahrup1ic,424,68klvpzb,0,,InitializeParticipant,1779842931,1,0,0
ahrup1ic,413,km65qm65,7,presurvey,TrainingNeighbor_2,1779842938,1,0,0
ahrup1ic,420,cw3dolys,11,presurvey,Scenario,1779842940,1,0,0
ahrup1ic,424,68klvpzb,1,presurvey,Introduction,1779842946,1,0,0
ahrup1ic,413,km65qm65,10,presurvey,ExperimentInstruction,1779842946,1,0,0
ahrup1ic,411,r5xm0r85,6,presurvey,TrainingNeighbor_1,1779842946,1,0,0
ahrup1ic,416,1r6qzv0h,7,presurvey,TrainingNeighbor_2,1779842946,1,0,0
ahrup1ic,419,s9jktlbv,12,presurvey,Commitment,1779842946,1,0,0
ahrup1ic,423,nikh7ufv,5,presurvey,Training,1779842950,1,0,0
ahrup1ic,405,k6p2sw8x,12,presurvey,Commitment,1779842951,1,0,0
ahrup1ic,417,kp75grf0,5,presurvey,Training,1779842954,1,0,0
ahrup1ic,416,1r6qzv0h,10,presurvey,ExperimentInstruction,1779842955,1,0,0
ahrup1ic,415,wcieh1yg,11,presurvey,Scenario,1779842956,1,0,0
ahrup1ic,424,68klvpzb,2,presurvey,AudioCheck,1779842963,1,0,0
ahrup1ic,422,07nh0oep,2,presurvey,AudioCheck,1779842963,1,0,0
ahrup1ic,423,nikh7ufv,6,presurvey,TrainingNeighbor_1,1779842964,1,0,0
ahrup1ic,421,owqwfc34,5,presurvey,Training,1779842965,1,0,0
ahrup1ic,411,r5xm0r85,10,presurvey,ExperimentInstruction,1779842967,1,0,0
ahrup1ic,425,tvamkwc0,0,,InitializeParticipant,1779842968,1,0,0
ahrup1ic,416,1r6qzv0h,11,presurvey,Scenario,1779842974,1,0,0
ahrup1ic,413,km65qm65,11,presurvey,Scenario,1779842979,1,0,0
ahrup1ic,424,68klvpzb,3,presurvey,Demographics,1779842984,1,0,0
ahrup1ic,423,nikh7ufv,7,presurvey,TrainingNeighbor_2,1779842990,1,0,0
ahrup1ic,423,nikh7ufv,10,presurvey,ExperimentInstruction,1779842991,1,0,0
ahrup1ic,409,qybl7x14,6,presurvey,TrainingNeighbor_1,1779842992,1,0,0
ahrup1ic,424,68klvpzb,4,presurvey,NeighborhoodInstruction,1779842993,1,0,0
ahrup1ic,410,08mwjzck,6,presurvey,TrainingNeighbor_1,1779842994,1,0,0
ahrup1ic,409,qybl7x14,10,presurvey,ExperimentInstruction,1779842999,1,0,0
ahrup1ic,410,08mwjzck,7,presurvey,TrainingNeighbor_2,1779842999,1,0,0
ahrup1ic,410,08mwjzck,10,presurvey,ExperimentInstruction,1779843013,1,0,0
ahrup1ic,424,68klvpzb,5,presurvey,Training,1779843016,1,0,0
ahrup1ic,426,3voau7kr,0,,InitializeParticipant,1779843027,1,0,0
ahrup1ic,422,07nh0oep,3,presurvey,Demographics,1779843032,1,0,0
ahrup1ic,394,dt5vn1fi,13,mock_N08_N04_Aonly,GroupingWaitPage,1779843037,1,0,1
ahrup1ic,411,r5xm0r85,11,presurvey,Scenario,1779843037,1,0,0
ahrup1ic,424,68klvpzb,6,presurvey,TrainingNeighbor_1,1779843043,1,0,0
ahrup1ic,421,owqwfc34,6,presurvey,TrainingNeighbor_1,1779843043,1,0,0
ahrup1ic,394,dt5vn1fi,14,mock_N08_N04_Aonly,GroupSizeWaitPage,1779843043,1,0,1
ahrup1ic,427,wqf5cs1g,0,,InitializeParticipant,1779843045,1,0,0
ahrup1ic,428,tywrmalj,0,,InitializeParticipant,1779843046,1,0,0
ahrup1ic,429,pce4txz4,0,,InitializeParticipant,1779843046,1,0,0
ahrup1ic,417,kp75grf0,6,presurvey,TrainingNeighbor_1,1779843049,1,0,0
ahrup1ic,424,68klvpzb,10,presurvey,ExperimentInstruction,1779843054,1,0,0
ahrup1ic,427,wqf5cs1g,1,presurvey,Introduction,1779843060,1,0,0
ahrup1ic,421,owqwfc34,7,presurvey,TrainingNeighbor_2,1779843065,1,0,0
ahrup1ic,410,08mwjzck,11,presurvey,Scenario,1779843068,1,0,0
ahrup1ic,421,owqwfc34,10,presurvey,ExperimentInstruction,1779843070,1,0,0
ahrup1ic,430,bnq2rmq1,0,,InitializeParticipant,1779843071,1,0,0
ahrup1ic,427,wqf5cs1g,2,presurvey,AudioCheck,1779843072,1,0,0
ahrup1ic,431,dtvufmwr,0,,InitializeParticipant,1779843074,1,0,0
ahrup1ic,394,dt5vn1fi,15,mock_N08_N04_Aonly,AttentionCheck,1779843079,1,1,0
ahrup1ic,429,pce4txz4,1,presurvey,Introduction,1779843080,1,0,0
ahrup1ic,423,nikh7ufv,11,presurvey,Scenario,1779843080,1,0,0
ahrup1ic,417,kp75grf0,10,presurvey,ExperimentInstruction,1779843082,1,0,0
ahrup1ic,427,wqf5cs1g,3,presurvey,Demographics,1779843083,1,0,0
ahrup1ic,409,qybl7x14,11,presurvey,Scenario,1779843086,1,0,0
ahrup1ic,427,wqf5cs1g,4,presurvey,NeighborhoodInstruction,1779843091,1,0,0
ahrup1ic,431,dtvufmwr,1,presurvey,Introduction,1779843092,1,0,0
ahrup1ic,423,nikh7ufv,12,presurvey,Commitment,1779843097,1,0,0
ahrup1ic,426,3voau7kr,1,presurvey,Introduction,1779843098,1,0,0
ahrup1ic,430,bnq2rmq1,1,presurvey,Introduction,1779843100,1,0,0
ahrup1ic,424,68klvpzb,11,presurvey,Scenario,1779843103,1,0,0
ahrup1ic,418,2nacojz1,1,presurvey,Introduction,1779843110,1,0,0
ahrup1ic,432,vip7iv2x,0,,InitializeParticipant,1779843111,1,0,0
ahrup1ic,431,dtvufmwr,2,presurvey,AudioCheck,1779843112,1,0,0
ahrup1ic,422,07nh0oep,4,presurvey,NeighborhoodInstruction,1779843113,1,0,0
ahrup1ic,429,pce4txz4,2,presurvey,AudioCheck,1779843114,1,0,0
ahrup1ic,421,owqwfc34,11,presurvey,Scenario,1779843117,1,0,0
ahrup1ic,427,wqf5cs1g,5,presurvey,Training,1779843123,1,0,0
ahrup1ic,430,bnq2rmq1,2,presurvey,AudioCheck,1779843124,1,0,0
ahrup1ic,424,68klvpzb,12,presurvey,Commitment,1779843125,1,0,0
ahrup1ic,432,vip7iv2x,1,presurvey,Introduction,1779843127,1,0,0
ahrup1ic,418,2nacojz1,2,presurvey,AudioCheck,1779843128,1,0,0
ahrup1ic,433,prep6p38,0,,InitializeParticipant,1779843129,1,0,0
ahrup1ic,431,dtvufmwr,3,presurvey,Demographics,1779843136,1,0,0
ahrup1ic,427,wqf5cs1g,6,presurvey,TrainingNeighbor_1,1779843137,1,0,0
ahrup1ic,417,kp75grf0,11,presurvey,Scenario,1779843139,1,0,0
ahrup1ic,427,wqf5cs1g,10,presurvey,ExperimentInstruction,1779843145,1,0,0
ahrup1ic,429,pce4txz4,3,presurvey,Demographics,1779843145,1,0,0
ahrup1ic,434,3g2moes3,0,,InitializeParticipant,1779843148,1,0,0
ahrup1ic,432,vip7iv2x,2,presurvey,AudioCheck,1779843148,1,0,0
ahrup1ic,430,bnq2rmq1,3,presurvey,Demographics,1779843150,1,0,0
ahrup1ic,426,3voau7kr,2,presurvey,AudioCheck,1779843152,1,0,0
ahrup1ic,431,dtvufmwr,4,presurvey,NeighborhoodInstruction,1779843158,1,0,0
ahrup1ic,427,wqf5cs1g,11,presurvey,Scenario,1779843158,1,0,0
ahrup1ic,410,08mwjzck,12,presurvey,Commitment,1779843159,1,0,0
ahrup1ic,427,wqf5cs1g,12,presurvey,Commitment,1779843172,1,0,0
ahrup1ic,418,2nacojz1,3,presurvey,Demographics,1779843173,1,0,0
ahrup1ic,435,d4cvsjle,0,,InitializeParticipant,1779843181,1,0,0
ahrup1ic,431,dtvufmwr,5,presurvey,Training,1779843184,1,0,0
ahrup1ic,435,d4cvsjle,1,presurvey,Introduction,1779843187,1,0,0
ahrup1ic,432,vip7iv2x,3,presurvey,Demographics,1779843189,1,0,0
ahrup1ic,436,h29rbgwa,0,,InitializeParticipant,1779843193,1,0,0
ahrup1ic,435,d4cvsjle,2,presurvey,AudioCheck,1779843202,1,0,0
ahrup1ic,437,5v8zhmpt,0,,InitializeParticipant,1779843205,1,0,0
ahrup1ic,431,dtvufmwr,6,presurvey,TrainingNeighbor_1,1779843206,1,0,0
ahrup1ic,437,5v8zhmpt,1,presurvey,Introduction,1779843208,1,0,0
ahrup1ic,429,pce4txz4,4,presurvey,NeighborhoodInstruction,1779843211,1,0,0
ahrup1ic,431,dtvufmwr,10,presurvey,ExperimentInstruction,1779843211,1,0,0
ahrup1ic,438,puk8tey8,0,,InitializeParticipant,1779843212,1,0,0
ahrup1ic,432,vip7iv2x,4,presurvey,NeighborhoodInstruction,1779843212,1,0,0
ahrup1ic,435,d4cvsjle,3,presurvey,Demographics,1779843215,1,0,0
ahrup1ic,435,d4cvsjle,4,presurvey,NeighborhoodInstruction,1779843220,1,0,0
ahrup1ic,437,5v8zhmpt,2,presurvey,AudioCheck,1779843221,1,0,0
ahrup1ic,430,bnq2rmq1,4,presurvey,NeighborhoodInstruction,1779843221,1,0,0
ahrup1ic,438,puk8tey8,1,presurvey,Introduction,1779843224,1,0,0
ahrup1ic,437,5v8zhmpt,3,presurvey,Demographics,1779843231,1,0,0
ahrup1ic,435,d4cvsjle,5,presurvey,Training,1779843233,1,0,0
ahrup1ic,437,5v8zhmpt,4,presurvey,NeighborhoodInstruction,1779843238,1,0,0
ahrup1ic,418,2nacojz1,4,presurvey,NeighborhoodInstruction,1779843239,1,0,0
ahrup1ic,431,dtvufmwr,11,presurvey,Scenario,1779843246,1,0,0
ahrup1ic,438,puk8tey8,2,presurvey,AudioCheck,1779843249,1,0,0
ahrup1ic,439,jq4k2mgb,0,,InitializeParticipant,1779843254,1,0,0
ahrup1ic,437,5v8zhmpt,5,presurvey,Training,1779843254,1,0,0
ahrup1ic,432,vip7iv2x,5,presurvey,Training,1779843257,1,0,0
ahrup1ic,422,07nh0oep,5,presurvey,Training,1779843260,1,0,0
ahrup1ic,397,8calqmgr,13,mock_N08_N04_Aonly,GroupingWaitPage,1779843266,1,0,1
ahrup1ic,435,d4cvsjle,6,presurvey,TrainingNeighbor_1,1779843266,1,0,0
ahrup1ic,397,8calqmgr,14,mock_N08_N04_Aonly,GroupSizeWaitPage,1779843267,1,0,1
ahrup1ic,402,0quzt6xq,13,mock_N08_N04_Aonly,GroupingWaitPage,1779843272,1,0,1
ahrup1ic,402,0quzt6xq,14,mock_N08_N04_Aonly,GroupSizeWaitPage,1779843273,1,0,1
ahrup1ic,397,8calqmgr,15,mock_N08_N04_Aonly,AttentionCheck,1779843276,1,0,0
ahrup1ic,437,5v8zhmpt,6,presurvey,TrainingNeighbor_1,1779843279,1,0,0
ahrup1ic,431,dtvufmwr,12,presurvey,Commitment,1779843280,1,0,0
ahrup1ic,435,d4cvsjle,7,presurvey,TrainingNeighbor_2,1779843281,1,0,0
ahrup1ic,402,0quzt6xq,15,mock_N08_N04_Aonly,AttentionCheck,1779843281,1,0,0
ahrup1ic,438,puk8tey8,3,presurvey,Demographics,1779843283,1,0,0
ahrup1ic,430,bnq2rmq1,5,presurvey,Training,1779843283,1,0,0
ahrup1ic,437,5v8zhmpt,10,presurvey,ExperimentInstruction,1779843283,1,0,0
ahrup1ic,435,d4cvsjle,10,presurvey,ExperimentInstruction,1779843290,1,0,0
ahrup1ic,437,5v8zhmpt,11,presurvey,Scenario,1779843303,1,0,0
ahrup1ic,439,jq4k2mgb,1,presurvey,Introduction,1779843309,1,0,0
ahrup1ic,440,4hefgzvg,0,,InitializeParticipant,1779843310,1,0,0
ahrup1ic,432,vip7iv2x,6,presurvey,TrainingNeighbor_1,1779843311,1,0,0
ahrup1ic,435,d4cvsjle,11,presurvey,Scenario,1779843314,1,0,0
ahrup1ic,432,vip7iv2x,7,presurvey,TrainingNeighbor_2,1779843328,1,0,0
ahrup1ic,437,5v8zhmpt,12,presurvey,Commitment,1779843334,1,0,0
ahrup1ic,430,bnq2rmq1,6,presurvey,TrainingNeighbor_1,1779843336,1,0,0
ahrup1ic,438,puk8tey8,4,presurvey,NeighborhoodInstruction,1779843343,1,0,0
ahrup1ic,432,vip7iv2x,10,presurvey,ExperimentInstruction,1779843346,1,0,0
ahrup1ic,440,4hefgzvg,1,presurvey,Introduction,1779843349,1,0,0
ahrup1ic,439,jq4k2mgb,2,presurvey,AudioCheck,1779843353,1,0,0
ahrup1ic,430,bnq2rmq1,10,presurvey,ExperimentInstruction,1779843356,1,0,0
ahrup1ic,429,pce4txz4,5,presurvey,Training,1779843362,1,0,0
ahrup1ic,440,4hefgzvg,2,presurvey,AudioCheck,1779843365,1,0,0
ahrup1ic,422,07nh0oep,6,presurvey,TrainingNeighbor_1,1779843370,1,0,0
ahrup1ic,439,jq4k2mgb,3,presurvey,Demographics,1779843370,1,0,0
ahrup1ic,422,07nh0oep,7,presurvey,TrainingNeighbor_2,1779843385,1,0,0
ahrup1ic,441,5su1xef0,0,,InitializeParticipant,1779843388,1,0,0
ahrup1ic,440,4hefgzvg,3,presurvey,Demographics,1779843388,1,0,0
ahrup1ic,442,i2qayy4o,0,,InitializeParticipant,1779843391,1,0,0
ahrup1ic,432,vip7iv2x,11,presurvey,Scenario,1779843396,1,0,0
ahrup1ic,442,i2qayy4o,1,presurvey,Introduction,1779843404,1,0,0
ahrup1ic,422,07nh0oep,8,presurvey,AttentionCheck,1779843409,1,0,0
ahrup1ic,430,bnq2rmq1,11,presurvey,Scenario,1779843411,1,0,0
ahrup1ic,443,e3mbej9a,0,,InitializeParticipant,1779843412,1,0,0
ahrup1ic,438,puk8tey8,5,presurvey,Training,1779843417,1,0,0
ahrup1ic,403,59t8dnfx,13,mock_N08_N04_Aonly,GroupingWaitPage,1779843418,1,0,1
ahrup1ic,403,59t8dnfx,14,mock_N08_N04_Aonly,GroupSizeWaitPage,1779843419,1,0,1
ahrup1ic,439,jq4k2mgb,4,presurvey,NeighborhoodInstruction,1779843426,1,0,0
ahrup1ic,429,pce4txz4,6,presurvey,TrainingNeighbor_1,1779843428,1,0,0
ahrup1ic,440,4hefgzvg,4,presurvey,NeighborhoodInstruction,1779843428,1,0,0
ahrup1ic,442,i2qayy4o,2,presurvey,AudioCheck,1779843431,1,0,0
ahrup1ic,403,59t8dnfx,15,mock_N08_N04_Aonly,AttentionCheck,1779843435,1,0,0
ahrup1ic,429,pce4txz4,10,presurvey,ExperimentInstruction,1779843439,1,0,0
ahrup1ic,418,2nacojz1,5,presurvey,Training,1779843441,1,0,0
ahrup1ic,443,e3mbej9a,1,presurvey,Introduction,1779843452,1,0,0
ahrup1ic,422,07nh0oep,9,presurvey,TrainingNeighbor_3,1779843466,1,0,0
ahrup1ic,442,i2qayy4o,3,presurvey,Demographics,1779843467,1,0,0
ahrup1ic,443,e3mbej9a,2,presurvey,AudioCheck,1779843470,1,0,0
ahrup1ic,440,4hefgzvg,5,presurvey,Training,1779843470,1,0,0
ahrup1ic,442,i2qayy4o,4,presurvey,NeighborhoodInstruction,1779843477,1,0,0
ahrup1ic,443,e3mbej9a,3,presurvey,Demographics,1779843483,1,0,0
ahrup1ic,438,puk8tey8,6,presurvey,TrainingNeighbor_1,1779843495,1,0,0
ahrup1ic,422,07nh0oep,10,presurvey,ExperimentInstruction,1779843500,1,0,0
ahrup1ic,443,e3mbej9a,4,presurvey,NeighborhoodInstruction,1779843500,1,0,0
ahrup1ic,439,jq4k2mgb,5,presurvey,Training,1779843509,1,0,0
ahrup1ic,442,i2qayy4o,5,presurvey,Training,1779843513,1,0,0
ahrup1ic,408,swz49ypj,13,mock_N08_N04_Aonly,GroupingWaitPage,1779843513,1,0,1
ahrup1ic,408,swz49ypj,14,mock_N08_N04_Aonly,GroupSizeWaitPage,1779843514,1,0,1
ahrup1ic,438,puk8tey8,7,presurvey,TrainingNeighbor_2,1779843519,1,0,0
ahrup1ic,418,2nacojz1,6,presurvey,TrainingNeighbor_1,1779843520,1,0,0
ahrup1ic,429,pce4txz4,11,presurvey,Scenario,1779843520,1,0,0
ahrup1ic,408,swz49ypj,15,mock_N08_N04_Aonly,AttentionCheck,1779843522,1,0,0
ahrup1ic,443,e3mbej9a,5,presurvey,Training,1779843530,1,0,0
ahrup1ic,440,4hefgzvg,6,presurvey,TrainingNeighbor_1,1779843531,1,0,0
ahrup1ic,418,2nacojz1,7,presurvey,TrainingNeighbor_2,1779843535,1,0,0
ahrup1ic,418,2nacojz1,10,presurvey,ExperimentInstruction,1779843541,1,0,0
ahrup1ic,422,07nh0oep,11,presurvey,Scenario,1779843548,1,0,0
ahrup1ic,439,jq4k2mgb,6,presurvey,TrainingNeighbor_1,1779843553,1,0,0
ahrup1ic,440,4hefgzvg,10,presurvey,ExperimentInstruction,1779843557,1,0,0
ahrup1ic,439,jq4k2mgb,10,presurvey,ExperimentInstruction,1779843566,1,0,0
ahrup1ic,430,bnq2rmq1,12,presurvey,Commitment,1779843570,1,0,0
ahrup1ic,442,i2qayy4o,6,presurvey,TrainingNeighbor_1,1779843575,1,0,0
ahrup1ic,443,e3mbej9a,6,presurvey,TrainingNeighbor_1,1779843577,1,0,0
ahrup1ic,438,puk8tey8,10,presurvey,ExperimentInstruction,1779843581,1,0,0
ahrup1ic,443,e3mbej9a,10,presurvey,ExperimentInstruction,1779843585,1,0,0
ahrup1ic,442,i2qayy4o,7,presurvey,TrainingNeighbor_2,1779843592,1,0,0
ahrup1ic,440,4hefgzvg,11,presurvey,Scenario,1779843594,1,0,0
ahrup1ic,442,i2qayy4o,10,presurvey,ExperimentInstruction,1779843603,1,0,0
ahrup1ic,443,e3mbej9a,11,presurvey,Scenario,1779843613,1,0,0
ahrup1ic,439,jq4k2mgb,11,presurvey,Scenario,1779843614,1,0,0
ahrup1ic,434,3g2moes3,1,presurvey,Introduction,1779843620,1,0,0
ahrup1ic,429,pce4txz4,12,presurvey,Commitment,1779843624,1,0,0
ahrup1ic,442,i2qayy4o,11,presurvey,Scenario,1779843626,1,0,0
ahrup1ic,434,3g2moes3,2,presurvey,AudioCheck,1779843633,1,0,0
ahrup1ic,407,slrvbdyg,13,mock_N08_N04_Aonly,GroupingWaitPage,1779843638,1,0,1
ahrup1ic,443,e3mbej9a,12,presurvey,Commitment,1779843638,1,0,0
ahrup1ic,422,07nh0oep,12,presurvey,Commitment,1779843639,1,0,0
ahrup1ic,407,slrvbdyg,14,mock_N08_N04_Aonly,GroupSizeWaitPage,1779843639,1,0,1
ahrup1ic,418,2nacojz1,11,presurvey,Scenario,1779843643,1,0,0
ahrup1ic,434,3g2moes3,3,presurvey,Demographics,1779843644,1,0,0
ahrup1ic,440,4hefgzvg,12,presurvey,Commitment,1779843650,1,0,0
ahrup1ic,419,s9jktlbv,13,mock_N08_N04_Aonly,GroupingWaitPage,1779843670,1,0,1
ahrup1ic,419,s9jktlbv,14,mock_N08_N04_Aonly,GroupSizeWaitPage,1779843671,1,0,1
ahrup1ic,442,i2qayy4o,12,presurvey,Commitment,1779843673,1,0,0
ahrup1ic,438,puk8tey8,11,presurvey,Scenario,1779843673,1,0,0
ahrup1ic,405,k6p2sw8x,13,mock_N08_N04_Aonly,GroupingWaitPage,1779843679,1,0,1
ahrup1ic,407,slrvbdyg,15,mock_N08_N04_Aonly,AttentionCheck,1779843679,1,1,0
ahrup1ic,439,jq4k2mgb,12,presurvey,Commitment,1779843681,1,0,0
ahrup1ic,419,s9jktlbv,15,mock_N08_N04_Aonly,AttentionCheck,1779843681,1,0,0
ahrup1ic,405,k6p2sw8x,14,mock_N08_N04_Aonly,GroupSizeWaitPage,1779843684,1,0,1
ahrup1ic,444,drumdc0x,0,,InitializeParticipant,1779843687,1,0,0
ahrup1ic,405,k6p2sw8x,15,mock_N08_N04_Aonly,AttentionCheck,1779843692,1,0,0
ahrup1ic,444,drumdc0x,1,presurvey,Introduction,1779843698,1,0,0
ahrup1ic,444,drumdc0x,2,presurvey,AudioCheck,1779843715,1,0,0
ahrup1ic,445,2xlpbo1g,0,,InitializeParticipant,1779843730,1,0,0
ahrup1ic,434,3g2moes3,4,presurvey,NeighborhoodInstruction,1779843732,1,0,0
ahrup1ic,444,drumdc0x,3,presurvey,Demographics,1779843743,1,0,0
ahrup1ic,444,drumdc0x,4,presurvey,NeighborhoodInstruction,1779843748,1,0,0
ahrup1ic,445,2xlpbo1g,1,presurvey,Introduction,1779843753,1,0,0
ahrup1ic,446,avtp8yp9,0,,InitializeParticipant,1779843756,1,0,0
ahrup1ic,447,2udc00nv,0,,InitializeParticipant,1779843758,1,0,0
ahrup1ic,447,2udc00nv,1,presurvey,Introduction,1779843767,1,0,0
ahrup1ic,434,3g2moes3,5,presurvey,Training,1779843771,1,0,0
ahrup1ic,445,2xlpbo1g,2,presurvey,AudioCheck,1779843772,1,0,0
ahrup1ic,448,04bszak5,0,,InitializeParticipant,1779843786,1,0,0
ahrup1ic,445,2xlpbo1g,3,presurvey,Demographics,1779843789,1,0,0
ahrup1ic,418,2nacojz1,12,presurvey,Commitment,1779843797,1,0,0
ahrup1ic,449,zfv76xm4,0,,InitializeParticipant,1779843801,1,0,0
ahrup1ic,434,3g2moes3,6,presurvey,TrainingNeighbor_1,1779843802,1,0,0
ahrup1ic,448,04bszak5,1,presurvey,Introduction,1779843805,1,0,0
ahrup1ic,444,drumdc0x,5,presurvey,Training,1779843807,1,0,0
ahrup1ic,445,2xlpbo1g,4,presurvey,NeighborhoodInstruction,1779843809,1,0,0
ahrup1ic,447,2udc00nv,2,presurvey,AudioCheck,1779843814,1,0,0
ahrup1ic,449,zfv76xm4,1,presurvey,Introduction,1779843821,1,0,0
ahrup1ic,448,04bszak5,2,presurvey,AudioCheck,1779843824,1,0,0
ahrup1ic,449,zfv76xm4,2,presurvey,AudioCheck,1779843833,1,0,0
ahrup1ic,445,2xlpbo1g,5,presurvey,Training,1779843837,1,0,0
ahrup1ic,447,2udc00nv,3,presurvey,Demographics,1779843838,1,0,0
ahrup1ic,434,3g2moes3,7,presurvey,TrainingNeighbor_2,1779843846,1,0,0
ahrup1ic,424,68klvpzb,13,mock_N08_N04_Aonly,GroupingWaitPage,1779843847,1,0,1
ahrup1ic,424,68klvpzb,14,mock_N08_N04_Aonly,GroupSizeWaitPage,1779843847,1,0,1
ahrup1ic,449,zfv76xm4,3,presurvey,Demographics,1779843852,1,0,0
ahrup1ic,449,zfv76xm4,4,presurvey,NeighborhoodInstruction,1779843855,1,0,0
ahrup1ic,444,drumdc0x,6,presurvey,TrainingNeighbor_1,1779843858,1,0,0
ahrup1ic,424,68klvpzb,15,mock_N08_N04_Aonly,AttentionCheck,1779843859,1,0,0
ahrup1ic,450,xxm0gl12,0,,InitializeParticipant,1779843861,1,0,0
ahrup1ic,444,drumdc0x,7,presurvey,TrainingNeighbor_2,1779843865,1,0,0
ahrup1ic,444,drumdc0x,10,presurvey,ExperimentInstruction,1779843869,1,0,0
ahrup1ic,449,zfv76xm4,5,presurvey,Training,1779843875,1,0,0
ahrup1ic,448,04bszak5,3,presurvey,Demographics,1779843881,1,0,0
ahrup1ic,434,3g2moes3,10,presurvey,ExperimentInstruction,1779843882,1,0,0
ahrup1ic,447,2udc00nv,4,presurvey,NeighborhoodInstruction,1779843883,1,0,0
ahrup1ic,450,xxm0gl12,1,presurvey,Introduction,1779843892,1,0,0
ahrup1ic,444,drumdc0x,11,presurvey,Scenario,1779843896,1,0,0
ahrup1ic,427,wqf5cs1g,13,mock_N08_N04_Aonly,GroupingWaitPage,1779843897,1,0,1
ahrup1ic,427,wqf5cs1g,14,mock_N08_N04_Aonly,GroupSizeWaitPage,1779843898,1,0,1
ahrup1ic,427,wqf5cs1g,15,mock_N08_N04_Aonly,AttentionCheck,1779843904,1,0,0
ahrup1ic,445,2xlpbo1g,6,presurvey,TrainingNeighbor_1,1779843913,1,0,0
ahrup1ic,451,lxs44585,0,,InitializeParticipant,1779843921,1,0,0
ahrup1ic,451,lxs44585,1,presurvey,Introduction,1779843927,1,0,0
ahrup1ic,448,04bszak5,4,presurvey,NeighborhoodInstruction,1779843932,1,0,0
ahrup1ic,447,2udc00nv,5,presurvey,Training,1779843935,1,0,0
ahrup1ic,434,3g2moes3,11,presurvey,Scenario,1779843937,1,0,0
ahrup1ic,444,drumdc0x,12,presurvey,Commitment,1779843963,1,0,0
ahrup1ic,452,e8hetn9g,0,,InitializeParticipant,1779843969,1,0,0
ahrup1ic,445,2xlpbo1g,7,presurvey,TrainingNeighbor_2,1779843972,1,0,0
ahrup1ic,452,e8hetn9g,1,presurvey,Introduction,1779843983,1,0,0
ahrup1ic,445,2xlpbo1g,10,presurvey,ExperimentInstruction,1779843984,1,0,0
ahrup1ic,448,04bszak5,5,presurvey,Training,1779843985,1,0,0
ahrup1ic,434,3g2moes3,12,presurvey,Commitment,1779843987,1,0,0
ahrup1ic,453,y4beb72e,0,,InitializeParticipant,1779843992,1,0,0
ahrup1ic,452,e8hetn9g,2,presurvey,AudioCheck,1779843993,1,0,0
ahrup1ic,453,y4beb72e,1,presurvey,Introduction,1779844002,1,0,0
ahrup1ic,454,fdkzond1,0,,InitializeParticipant,1779844002,1,0,0
ahrup1ic,431,dtvufmwr,13,mock_N08_N04_Aonly,GroupingWaitPage,1779844004,1,0,1
ahrup1ic,431,dtvufmwr,14,mock_N08_N04_Aonly,GroupSizeWaitPage,1779844005,1,0,1
ahrup1ic,452,e8hetn9g,3,presurvey,Demographics,1779844005,1,0,0
ahrup1ic,431,dtvufmwr,15,mock_N08_N04_Aonly,AttentionCheck,1779844016,1,0,0
ahrup1ic,453,y4beb72e,2,presurvey,AudioCheck,1779844018,1,0,0
ahrup1ic,452,e8hetn9g,4,presurvey,NeighborhoodInstruction,1779844020,1,0,0
ahrup1ic,454,fdkzond1,1,presurvey,Introduction,1779844026,1,0,0
ahrup1ic,447,2udc00nv,6,presurvey,TrainingNeighbor_1,1779844027,1,0,0
ahrup1ic,453,y4beb72e,3,presurvey,Demographics,1779844032,1,0,0
ahrup1ic,447,2udc00nv,7,presurvey,TrainingNeighbor_2,1779844036,1,0,0
ahrup1ic,453,y4beb72e,4,presurvey,NeighborhoodInstruction,1779844040,1,0,0
ahrup1ic,448,04bszak5,6,presurvey,TrainingNeighbor_1,1779844044,1,0,0
ahrup1ic,448,04bszak5,7,presurvey,TrainingNeighbor_2,1779844049,1,0,0
ahrup1ic,452,e8hetn9g,5,presurvey,Training,1779844051,1,0,0
ahrup1ic,454,fdkzond1,2,presurvey,AudioCheck,1779844054,1,0,0
ahrup1ic,455,ocv6h8ok,0,,InitializeParticipant,1779844062,1,0,0
ahrup1ic,453,y4beb72e,5,presurvey,Training,1779844066,1,0,0
ahrup1ic,447,2udc00nv,8,presurvey,AttentionCheck,1779844069,1,0,0
ahrup1ic,452,e8hetn9g,6,presurvey,TrainingNeighbor_1,1779844075,1,0,0
ahrup1ic,454,fdkzond1,3,presurvey,Demographics,1779844080,1,0,0
ahrup1ic,452,e8hetn9g,10,presurvey,ExperimentInstruction,1779844083,1,0,0
ahrup1ic,448,04bszak5,10,presurvey,ExperimentInstruction,1779844086,1,0,0
ahrup1ic,447,2udc00nv,9,presurvey,TrainingNeighbor_3,1779844091,1,0,0
ahrup1ic,454,fdkzond1,4,presurvey,NeighborhoodInstruction,1779844093,1,0,0
ahrup1ic,453,y4beb72e,6,presurvey,TrainingNeighbor_1,1779844098,1,0,0
ahrup1ic,447,2udc00nv,10,presurvey,ExperimentInstruction,1779844100,1,0,0
ahrup1ic,453,y4beb72e,7,presurvey,TrainingNeighbor_2,1779844105,1,0,0
ahrup1ic,452,e8hetn9g,11,presurvey,Scenario,1779844108,1,0,0
ahrup1ic,455,ocv6h8ok,1,presurvey,Introduction,1779844109,1,0,0
ahrup1ic,453,y4beb72e,10,presurvey,ExperimentInstruction,1779844113,1,0,0
ahrup1ic,455,ocv6h8ok,2,presurvey,AudioCheck,1779844122,1,0,0
ahrup1ic,454,fdkzond1,5,presurvey,Training,1779844128,1,0,0
ahrup1ic,453,y4beb72e,11,presurvey,Scenario,1779844129,1,0,0
ahrup1ic,452,e8hetn9g,12,presurvey,Commitment,1779844136,1,0,0
ahrup1ic,454,fdkzond1,6,presurvey,TrainingNeighbor_1,1779844146,1,0,0
ahrup1ic,422,07nh0oep,13,mock_N08_N04_Aonly,GroupingWaitPage,1779844150,1,0,1
ahrup1ic,437,5v8zhmpt,13,mock_N08_N04_Aonly,GroupingWaitPage,1779844150,1,0,1
ahrup1ic,442,i2qayy4o,13,mock_N08_N04_Aonly,GroupingWaitPage,1779844150,1,0,1
ahrup1ic,444,drumdc0x,13,mock_N08_N04_Aonly,GroupingWaitPage,1779844150,1,0,1
ahrup1ic,422,07nh0oep,14,mock_N08_N04_Aonly,GroupSizeWaitPage,1779844150,1,0,1
ahrup1ic,437,5v8zhmpt,14,mock_N08_N04_Aonly,GroupSizeWaitPage,1779844150,1,0,1
ahrup1ic,442,i2qayy4o,14,mock_N08_N04_Aonly,GroupSizeWaitPage,1779844150,1,0,1
ahrup1ic,444,drumdc0x,14,mock_N08_N04_Aonly,GroupSizeWaitPage,1779844150,1,0,1
ahrup1ic,452,e8hetn9g,13,mock_N08_N04_Aonly,GroupingWaitPage,1779844151,1,0,1
ahrup1ic,418,2nacojz1,13,mock_N08_N04_Aonly,GroupingWaitPage,1779844152,1,0,1
ahrup1ic,429,pce4txz4,13,mock_N08_N04_Aonly,GroupingWaitPage,1779844152,1,0,1
ahrup1ic,439,jq4k2mgb,13,mock_N08_N04_Aonly,GroupingWaitPage,1779844153,1,0,1
ahrup1ic,443,e3mbej9a,13,mock_N08_N04_Aonly,GroupingWaitPage,1779844153,1,0,1
ahrup1ic,440,4hefgzvg,13,mock_N08_N04_Aonly,GroupingWaitPage,1779844154,1,0,1
ahrup1ic,434,3g2moes3,13,mock_N08_N04_Aonly,GroupingWaitPage,1779844154,1,0,1
ahrup1ic,447,2udc00nv,11,presurvey,Scenario,1779844154,1,0,0
ahrup1ic,454,fdkzond1,10,presurvey,ExperimentInstruction,1779844154,1,0,0
ahrup1ic,440,4hefgzvg,14,mock_N08_N04_Aonly,GroupSizeWaitPage,1779844155,1,0,1
ahrup1ic,418,2nacojz1,14,mock_N08_N04_Aonly,GroupSizeWaitPage,1779844155,1,0,1
ahrup1ic,429,pce4txz4,14,mock_N08_N04_Aonly,GroupSizeWaitPage,1779844155,1,0,1
ahrup1ic,452,e8hetn9g,14,mock_N08_N04_Aonly,GroupSizeWaitPage,1779844155,1,0,1
ahrup1ic,434,3g2moes3,14,mock_N08_N04_Aonly,GroupSizeWaitPage,1779844155,1,0,1
ahrup1ic,439,jq4k2mgb,14,mock_N08_N04_Aonly,GroupSizeWaitPage,1779844155,1,0,1
ahrup1ic,443,e3mbej9a,14,mock_N08_N04_Aonly,GroupSizeWaitPage,1779844155,1,0,1
ahrup1ic,422,07nh0oep,16,mock_N08_N04_Aonly,DiscussionGRPWaitPage,1779844155,1,0,1
ahrup1ic,437,5v8zhmpt,16,mock_N08_N04_Aonly,DiscussionGRPWaitPage,1779844155,1,0,1
ahrup1ic,444,drumdc0x,16,mock_N08_N04_Aonly,DiscussionGRPWaitPage,1779844155,1,0,1
ahrup1ic,442,i2qayy4o,16,mock_N08_N04_Aonly,DiscussionGRPWaitPage,1779844155,1,0,1
ahrup1ic,448,04bszak5,11,presurvey,Scenario,1779844159,1,0,0
ahrup1ic,452,e8hetn9g,15,mock_N08_N04_Aonly,AttentionCheck,1779844163,1,0,0
ahrup1ic,443,e3mbej9a,15,mock_N08_N04_Aonly,AttentionCheck,1779844165,1,0,0
ahrup1ic,434,3g2moes3,15,mock_N08_N04_Aonly,AttentionCheck,1779844167,1,0,0
ahrup1ic,418,2nacojz1,15,mock_N08_N04_Aonly,AttentionCheck,1779844168,1,0,0
ahrup1ic,440,4hefgzvg,15,mock_N08_N04_Aonly,AttentionCheck,1779844170,1,0,0
ahrup1ic,439,jq4k2mgb,15,mock_N08_N04_Aonly,AttentionCheck,1779844172,1,0,0
ahrup1ic,455,ocv6h8ok,3,presurvey,Demographics,1779844174,1,0,0
ahrup1ic,429,pce4txz4,15,mock_N08_N04_Aonly,AttentionCheck,1779844175,1,0,0
ahrup1ic,449,zfv76xm4,6,presurvey,TrainingNeighbor_1,1779844177,1,0,0
ahrup1ic,437,5v8zhmpt,20,mock_N08_N04_Aonly,Phase3,1779844180,1,0,0
ahrup1ic,437,5v8zhmpt,21,mock_N08_N04_Aonly,Discussion,1779844185,1,0,0
ahrup1ic,444,drumdc0x,20,mock_N08_N04_Aonly,Phase3,1779844189,1,0,0
ahrup1ic,454,fdkzond1,11,presurvey,Scenario,1779844194,1,0,0
ahrup1ic,422,07nh0oep,20,mock_N08_N04_Aonly,Phase3,1779844195,1,0,0
ahrup1ic,442,i2qayy4o,20,mock_N08_N04_Aonly,Phase3,1779844202,1,0,0
ahrup1ic,444,drumdc0x,21,mock_N08_N04_Aonly,Discussion,1779844206,1,0,0
ahrup1ic,422,07nh0oep,21,mock_N08_N04_Aonly,Discussion,1779844207,1,0,0
ahrup1ic,449,zfv76xm4,10,presurvey,ExperimentInstruction,1779844212,1,0,0
ahrup1ic,442,i2qayy4o,21,mock_N08_N04_Aonly,Discussion,1779844213,1,0,0
ahrup1ic,422,07nh0oep,28,mock_N08_N04_Aonly,DiscussionGRPWaitPage,1779844213,2,0,1
ahrup1ic,444,drumdc0x,28,mock_N08_N04_Aonly,DiscussionGRPWaitPage,1779844213,2,0,1
ahrup1ic,442,i2qayy4o,28,mock_N08_N04_Aonly,DiscussionGRPWaitPage,1779844213,2,0,1
ahrup1ic,437,5v8zhmpt,28,mock_N08_N04_Aonly,DiscussionGRPWaitPage,1779844213,2,0,1
ahrup1ic,437,5v8zhmpt,33,mock_N08_N04_Aonly,Discussion,1779844218,2,0,0
ahrup1ic,422,07nh0oep,33,mock_N08_N04_Aonly,Discussion,1779844218,2,0,0
ahrup1ic,449,zfv76xm4,11,presurvey,Scenario,1779844219,1,0,0
ahrup1ic,454,fdkzond1,12,presurvey,Commitment,1779844222,1,0,0
ahrup1ic,454,fdkzond1,13,mock_N08_N04_Aonly,GroupingWaitPage,1779844223,1,0,1
ahrup1ic,454,fdkzond1,14,mock_N08_N04_Aonly,GroupSizeWaitPage,1779844223,1,0,1
ahrup1ic,444,drumdc0x,33,mock_N08_N04_Aonly,Discussion,1779844227,2,0,0
ahrup1ic,442,i2qayy4o,33,mock_N08_N04_Aonly,Discussion,1779844228,2,0,0
ahrup1ic,444,drumdc0x,40,mock_N08_N04_Aonly,DiscussionGRPWaitPage,1779844228,3,0,1
ahrup1ic,422,07nh0oep,40,mock_N08_N04_Aonly,DiscussionGRPWaitPage,1779844228,3,0,1
ahrup1ic,442,i2qayy4o,40,mock_N08_N04_Aonly,DiscussionGRPWaitPage,1779844228,3,0,1
ahrup1ic,437,5v8zhmpt,40,mock_N08_N04_Aonly,DiscussionGRPWaitPage,1779844228,3,0,1
ahrup1ic,454,fdkzond1,15,mock_N08_N04_Aonly,AttentionCheck,1779844232,1,0,0
ahrup1ic,437,5v8zhmpt,45,mock_N08_N04_Aonly,Discussion,1779844234,3,0,0
ahrup1ic,422,07nh0oep,45,mock_N08_N04_Aonly,Discussion,1779844234,3,0,0
ahrup1ic,444,drumdc0x,45,mock_N08_N04_Aonly,Discussion,1779844235,3,0,0
ahrup1ic,442,i2qayy4o,45,mock_N08_N04_Aonly,Discussion,1779844236,3,0,0
ahrup1ic,422,07nh0oep,52,mock_N08_N04_Aonly,DiscussionGRPWaitPage,1779844236,4,0,1
ahrup1ic,437,5v8zhmpt,52,mock_N08_N04_Aonly,DiscussionGRPWaitPage,1779844236,4,0,1
ahrup1ic,444,drumdc0x,52,mock_N08_N04_Aonly,DiscussionGRPWaitPage,1779844236,4,0,1
ahrup1ic,442,i2qayy4o,52,mock_N08_N04_Aonly,DiscussionGRPWaitPage,1779844236,4,0,1
ahrup1ic,437,5v8zhmpt,57,mock_N08_N04_Aonly,Discussion,1779844240,4,0,0
ahrup1ic,422,07nh0oep,57,mock_N08_N04_Aonly,Discussion,1779844241,4,0,0
ahrup1ic,444,drumdc0x,57,mock_N08_N04_Aonly,Discussion,1779844244,4,0,0
ahrup1ic,442,i2qayy4o,57,mock_N08_N04_Aonly,Discussion,1779844244,4,0,0
ahrup1ic,422,07nh0oep,64,mock_N08_N04_Aonly,DiscussionGRPWaitPage,1779844245,5,0,1
ahrup1ic,444,drumdc0x,64,mock_N08_N04_Aonly,DiscussionGRPWaitPage,1779844245,5,0,1
ahrup1ic,442,i2qayy4o,64,mock_N08_N04_Aonly,DiscussionGRPWaitPage,1779844245,5,0,1
ahrup1ic,437,5v8zhmpt,64,mock_N08_N04_Aonly,DiscussionGRPWaitPage,1779844245,5,0,1
ahrup1ic,437,5v8zhmpt,69,mock_N08_N04_Aonly,Discussion,1779844247,5,0,0
ahrup1ic,442,i2qayy4o,69,mock_N08_N04_Aonly,Discussion,1779844249,5,0,0
ahrup1ic,422,07nh0oep,69,mock_N08_N04_Aonly,Discussion,1779844249,5,0,0
ahrup1ic,444,drumdc0x,69,mock_N08_N04_Aonly,Discussion,1779844251,5,0,0
ahrup1ic,444,drumdc0x,76,mock_N08_N04_Aonly,DiscussionGRPWaitPage,1779844252,6,0,1
ahrup1ic,422,07nh0oep,76,mock_N08_N04_Aonly,DiscussionGRPWaitPage,1779844252,6,0,1
ahrup1ic,442,i2qayy4o,76,mock_N08_N04_Aonly,DiscussionGRPWaitPage,1779844252,6,0,1
ahrup1ic,437,5v8zhmpt,76,mock_N08_N04_Aonly,DiscussionGRPWaitPage,1779844252,6,0,1
ahrup1ic,437,5v8zhmpt,81,mock_N08_N04_Aonly,Discussion,1779844254,6,0,0
ahrup1ic,422,07nh0oep,81,mock_N08_N04_Aonly,Discussion,1779844255,6,0,0
ahrup1ic,444,drumdc0x,81,mock_N08_N04_Aonly,Discussion,1779844257,6,0,0
ahrup1ic,442,i2qayy4o,81,mock_N08_N04_Aonly,Discussion,1779844259,6,0,0
ahrup1ic,422,07nh0oep,88,mock_N08_N04_Aonly,DiscussionGRPWaitPage,1779844259,7,0,1
ahrup1ic,444,drumdc0x,88,mock_N08_N04_Aonly,DiscussionGRPWaitPage,1779844259,7,0,1
ahrup1ic,442,i2qayy4o,88,mock_N08_N04_Aonly,DiscussionGRPWaitPage,1779844259,7,0,1
ahrup1ic,437,5v8zhmpt,88,mock_N08_N04_Aonly,DiscussionGRPWaitPage,1779844259,7,0,1
ahrup1ic,437,5v8zhmpt,93,mock_N08_N04_Aonly,Discussion,1779844262,7,0,0
ahrup1ic,422,07nh0oep,93,mock_N08_N04_Aonly,Discussion,1779844262,7,0,0
ahrup1ic,456,qq9qw479,0,,InitializeParticipant,1779844263,1,0,0
ahrup1ic,442,i2qayy4o,93,mock_N08_N04_Aonly,Discussion,1779844264,7,0,0
ahrup1ic,449,zfv76xm4,12,presurvey,Commitment,1779844264,1,0,0
ahrup1ic,449,zfv76xm4,13,mock_N08_N04_Aonly,GroupingWaitPage,1779844265,1,0,1
ahrup1ic,444,drumdc0x,93,mock_N08_N04_Aonly,Discussion,1779844265,7,0,0
ahrup1ic,422,07nh0oep,100,mock_N08_N04_Aonly,DiscussionGRPWaitPage,1779844265,8,0,1
ahrup1ic,444,drumdc0x,100,mock_N08_N04_Aonly,DiscussionGRPWaitPage,1779844265,8,0,1
ahrup1ic,442,i2qayy4o,100,mock_N08_N04_Aonly,DiscussionGRPWaitPage,1779844265,8,0,1
ahrup1ic,437,5v8zhmpt,100,mock_N08_N04_Aonly,DiscussionGRPWaitPage,1779844265,8,0,1
ahrup1ic,449,zfv76xm4,14,mock_N08_N04_Aonly,GroupSizeWaitPage,1779844265,1,0,1
ahrup1ic,437,5v8zhmpt,105,mock_N08_N04_Aonly,Discussion,1779844268,8,0,0
ahrup1ic,422,07nh0oep,105,mock_N08_N04_Aonly,Discussion,1779844268,8,0,0
ahrup1ic,444,drumdc0x,105,mock_N08_N04_Aonly,Discussion,1779844269,8,0,0
ahrup1ic,447,2udc00nv,12,presurvey,Commitment,1779844269,1,0,0
ahrup1ic,447,2udc00nv,13,mock_N08_N04_Aonly,GroupingWaitPage,1779844270,1,0,1
ahrup1ic,447,2udc00nv,14,mock_N08_N04_Aonly,GroupSizeWaitPage,1779844270,1,0,1
ahrup1ic,442,i2qayy4o,105,mock_N08_N04_Aonly,Discussion,1779844272,8,0,0
ahrup1ic,444,drumdc0x,112,mock_N08_N04_Aonly,DiscussionGRPWaitPage,1779844273,9,0,1
ahrup1ic,422,07nh0oep,112,mock_N08_N04_Aonly,DiscussionGRPWaitPage,1779844273,9,0,1
ahrup1ic,442,i2qayy4o,112,mock_N08_N04_Aonly,DiscussionGRPWaitPage,1779844273,9,0,1
ahrup1ic,437,5v8zhmpt,112,mock_N08_N04_Aonly,DiscussionGRPWaitPage,1779844273,9,0,1
ahrup1ic,449,zfv76xm4,15,mock_N08_N04_Aonly,AttentionCheck,1779844274,1,0,0
ahrup1ic,422,07nh0oep,117,mock_N08_N04_Aonly,Discussion,1779844276,9,0,0
ahrup1ic,437,5v8zhmpt,117,mock_N08_N04_Aonly,Discussion,1779844276,9,0,0
ahrup1ic,442,i2qayy4o,117,mock_N08_N04_Aonly,Discussion,1779844277,9,0,0
ahrup1ic,444,drumdc0x,117,mock_N08_N04_Aonly,Discussion,1779844278,9,0,0
ahrup1ic,422,07nh0oep,124,mock_N08_N04_Aonly,DiscussionGRPWaitPage,1779844278,10,0,1
ahrup1ic,444,drumdc0x,124,mock_N08_N04_Aonly,DiscussionGRPWaitPage,1779844278,10,0,1
ahrup1ic,442,i2qayy4o,124,mock_N08_N04_Aonly,DiscussionGRPWaitPage,1779844278,10,0,1
ahrup1ic,437,5v8zhmpt,124,mock_N08_N04_Aonly,DiscussionGRPWaitPage,1779844278,10,0,1
ahrup1ic,437,5v8zhmpt,129,mock_N08_N04_Aonly,Discussion,1779844280,10,0,0
ahrup1ic,422,07nh0oep,129,mock_N08_N04_Aonly,Discussion,1779844282,10,0,0
ahrup1ic,444,drumdc0x,129,mock_N08_N04_Aonly,Discussion,1779844282,10,0,0
ahrup1ic,442,i2qayy4o,129,mock_N08_N04_Aonly,Discussion,1779844283,10,0,0
ahrup1ic,422,07nh0oep,136,mock_N08_N04_Aonly,DiscussionGRPWaitPage,1779844283,11,0,1
ahrup1ic,444,drumdc0x,136,mock_N08_N04_Aonly,DiscussionGRPWaitPage,1779844283,11,0,1
ahrup1ic,442,i2qayy4o,136,mock_N08_N04_Aonly,DiscussionGRPWaitPage,1779844283,11,0,1
ahrup1ic,437,5v8zhmpt,136,mock_N08_N04_Aonly,DiscussionGRPWaitPage,1779844283,11,0,1
ahrup1ic,447,2udc00nv,15,mock_N08_N04_Aonly,AttentionCheck,1779844284,1,0,0
ahrup1ic,437,5v8zhmpt,141,mock_N08_N04_Aonly,Discussion,1779844286,11,0,0
ahrup1ic,422,07nh0oep,141,mock_N08_N04_Aonly,Discussion,1779844286,11,0,0
ahrup1ic,444,drumdc0x,141,mock_N08_N04_Aonly,Discussion,1779844289,11,0,0
ahrup1ic,442,i2qayy4o,141,mock_N08_N04_Aonly,Discussion,1779844290,11,0,0
ahrup1ic,444,drumdc0x,148,mock_N08_N04_Aonly,DiscussionGRPWaitPage,1779844290,12,0,1
ahrup1ic,422,07nh0oep,148,mock_N08_N04_Aonly,DiscussionGRPWaitPage,1779844290,12,0,1
ahrup1ic,442,i2qayy4o,148,mock_N08_N04_Aonly,DiscussionGRPWaitPage,1779844290,12,0,1
ahrup1ic,437,5v8zhmpt,148,mock_N08_N04_Aonly,DiscussionGRPWaitPage,1779844290,12,0,1
ahrup1ic,437,5v8zhmpt,153,mock_N08_N04_Aonly,Discussion,1779844292,12,0,0
ahrup1ic,422,07nh0oep,153,mock_N08_N04_Aonly,Discussion,1779844293,12,0,0
ahrup1ic,444,drumdc0x,153,mock_N08_N04_Aonly,Discussion,1779844294,12,0,0
ahrup1ic,455,ocv6h8ok,4,presurvey,NeighborhoodInstruction,1779844294,1,0,0
ahrup1ic,442,i2qayy4o,153,mock_N08_N04_Aonly,Discussion,1779844296,12,0,0
ahrup1ic,422,07nh0oep,160,mock_N08_N04_Aonly,DiscussionGRPWaitPage,1779844296,13,0,1
ahrup1ic,444,drumdc0x,160,mock_N08_N04_Aonly,DiscussionGRPWaitPage,1779844296,13,0,1
ahrup1ic,442,i2qayy4o,160,mock_N08_N04_Aonly,DiscussionGRPWaitPage,1779844296,13,0,1
ahrup1ic,437,5v8zhmpt,160,mock_N08_N04_Aonly,DiscussionGRPWaitPage,1779844296,13,0,1
ahrup1ic,437,5v8zhmpt,165,mock_N08_N04_Aonly,Discussion,1779844298,13,0,0
ahrup1ic,444,drumdc0x,165,mock_N08_N04_Aonly,Discussion,1779844299,13,0,0
ahrup1ic,442,i2qayy4o,165,mock_N08_N04_Aonly,Discussion,1779844299,13,0,0
ahrup1ic,422,07nh0oep,165,mock_N08_N04_Aonly,Discussion,1779844299,13,0,0
ahrup1ic,444,drumdc0x,172,mock_N08_N04_Aonly,DiscussionGRPWaitPage,1779844299,14,0,1
ahrup1ic,442,i2qayy4o,172,mock_N08_N04_Aonly,DiscussionGRPWaitPage,1779844299,14,0,1
ahrup1ic,422,07nh0oep,172,mock_N08_N04_Aonly,DiscussionGRPWaitPage,1779844299,14,0,1
ahrup1ic,437,5v8zhmpt,172,mock_N08_N04_Aonly,DiscussionGRPWaitPage,1779844299,14,0,1
ahrup1ic,437,5v8zhmpt,177,mock_N08_N04_Aonly,Discussion,1779844302,14,0,0
ahrup1ic,444,drumdc0x,177,mock_N08_N04_Aonly,Discussion,1779844303,14,0,0
ahrup1ic,442,i2qayy4o,177,mock_N08_N04_Aonly,Discussion,1779844303,14,0,0
ahrup1ic,422,07nh0oep,177,mock_N08_N04_Aonly,Discussion,1779844303,14,0,0
ahrup1ic,444,drumdc0x,184,mock_N08_N04_Aonly,DiscussionGRPWaitPage,1779844304,15,0,1
ahrup1ic,422,07nh0oep,184,mock_N08_N04_Aonly,DiscussionGRPWaitPage,1779844304,15,0,1
ahrup1ic,442,i2qayy4o,184,mock_N08_N04_Aonly,DiscussionGRPWaitPage,1779844304,15,0,1
ahrup1ic,437,5v8zhmpt,184,mock_N08_N04_Aonly,DiscussionGRPWaitPage,1779844304,15,0,1
ahrup1ic,437,5v8zhmpt,189,mock_N08_N04_Aonly,Discussion,1779844306,15,0,0
ahrup1ic,422,07nh0oep,189,mock_N08_N04_Aonly,Discussion,1779844307,15,0,0
ahrup1ic,444,drumdc0x,189,mock_N08_N04_Aonly,Discussion,1779844308,15,0,0
ahrup1ic,442,i2qayy4o,189,mock_N08_N04_Aonly,Discussion,1779844310,15,0,0
ahrup1ic,422,07nh0oep,196,mock_N08_N04_Aonly,DiscussionGRPWaitPage,1779844310,16,0,1
ahrup1ic,444,drumdc0x,196,mock_N08_N04_Aonly,DiscussionGRPWaitPage,1779844310,16,0,1
ahrup1ic,442,i2qayy4o,196,mock_N08_N04_Aonly,DiscussionGRPWaitPage,1779844310,16,0,1
ahrup1ic,437,5v8zhmpt,196,mock_N08_N04_Aonly,DiscussionGRPWaitPage,1779844310,16,0,1
ahrup1ic,422,07nh0oep,201,mock_N08_N04_Aonly,Discussion,1779844312,16,0,0
ahrup1ic,437,5v8zhmpt,201,mock_N08_N04_Aonly,Discussion,1779844312,16,0,0
ahrup1ic,444,drumdc0x,201,mock_N08_N04_Aonly,Discussion,1779844313,16,0,0
ahrup1ic,442,i2qayy4o,201,mock_N08_N04_Aonly,Discussion,1779844313,16,0,0
ahrup1ic,444,drumdc0x,208,mock_N08_N04_Aonly,DiscussionGRPWaitPage,1779844314,17,0,1
ahrup1ic,442,i2qayy4o,208,mock_N08_N04_Aonly,DiscussionGRPWaitPage,1779844314,17,0,1
ahrup1ic,422,07nh0oep,208,mock_N08_N04_Aonly,DiscussionGRPWaitPage,1779844314,17,0,1
ahrup1ic,437,5v8zhmpt,208,mock_N08_N04_Aonly,DiscussionGRPWaitPage,1779844314,17,0,1
ahrup1ic,437,5v8zhmpt,213,mock_N08_N04_Aonly,Discussion,1779844316,17,0,0
ahrup1ic,422,07nh0oep,213,mock_N08_N04_Aonly,Discussion,1779844317,17,0,0
ahrup1ic,444,drumdc0x,213,mock_N08_N04_Aonly,Discussion,1779844319,17,0,0
ahrup1ic,442,i2qayy4o,213,mock_N08_N04_Aonly,Discussion,1779844319,17,0,0
ahrup1ic,422,07nh0oep,220,mock_N08_N04_Aonly,DiscussionGRPWaitPage,1779844320,18,0,1
ahrup1ic,437,5v8zhmpt,220,mock_N08_N04_Aonly,DiscussionGRPWaitPage,1779844320,18,0,1
ahrup1ic,444,drumdc0x,220,mock_N08_N04_Aonly,DiscussionGRPWaitPage,1779844320,18,0,1
ahrup1ic,442,i2qayy4o,220,mock_N08_N04_Aonly,DiscussionGRPWaitPage,1779844320,18,0,1
ahrup1ic,437,5v8zhmpt,225,mock_N08_N04_Aonly,Discussion,1779844322,18,0,0
ahrup1ic,422,07nh0oep,225,mock_N08_N04_Aonly,Discussion,1779844322,18,0,0
ahrup1ic,444,drumdc0x,225,mock_N08_N04_Aonly,Discussion,1779844323,18,0,0
ahrup1ic,442,i2qayy4o,225,mock_N08_N04_Aonly,Discussion,1779844324,18,0,0
ahrup1ic,422,07nh0oep,232,mock_N08_N04_Aonly,DiscussionGRPWaitPage,1779844325,19,0,1
ahrup1ic,444,drumdc0x,232,mock_N08_N04_Aonly,DiscussionGRPWaitPage,1779844325,19,0,1
ahrup1ic,442,i2qayy4o,232,mock_N08_N04_Aonly,DiscussionGRPWaitPage,1779844325,19,0,1
ahrup1ic,437,5v8zhmpt,232,mock_N08_N04_Aonly,DiscussionGRPWaitPage,1779844325,19,0,1
ahrup1ic,437,5v8zhmpt,237,mock_N08_N04_Aonly,Discussion,1779844327,19,0,0
ahrup1ic,444,drumdc0x,237,mock_N08_N04_Aonly,Discussion,1779844328,19,0,0
ahrup1ic,442,i2qayy4o,237,mock_N08_N04_Aonly,Discussion,1779844329,19,0,0
ahrup1ic,422,07nh0oep,237,mock_N08_N04_Aonly,Discussion,1779844329,19,0,0
ahrup1ic,444,drumdc0x,244,mock_N08_N04_Aonly,DiscussionGRPWaitPage,1779844330,20,0,1
ahrup1ic,422,07nh0oep,244,mock_N08_N04_Aonly,DiscussionGRPWaitPage,1779844330,20,0,1
ahrup1ic,442,i2qayy4o,244,mock_N08_N04_Aonly,DiscussionGRPWaitPage,1779844330,20,0,1
ahrup1ic,437,5v8zhmpt,244,mock_N08_N04_Aonly,DiscussionGRPWaitPage,1779844330,20,0,1
ahrup1ic,437,5v8zhmpt,249,mock_N08_N04_Aonly,Discussion,1779844333,20,0,0
ahrup1ic,422,07nh0oep,249,mock_N08_N04_Aonly,Discussion,1779844333,20,0,0
ahrup1ic,444,drumdc0x,249,mock_N08_N04_Aonly,Discussion,1779844333,20,0,0
ahrup1ic,442,i2qayy4o,249,mock_N08_N04_Aonly,Discussion,1779844336,20,0,0
ahrup1ic,456,qq9qw479,1,presurvey,Introduction,1779844340,1,0,0
ahrup1ic,437,5v8zhmpt,250,mock_N08_N04_Aonly,Additional,1779844347,20,0,0
ahrup1ic,442,i2qayy4o,250,mock_N08_N04_Aonly,Additional,1779844359,20,0,0
ahrup1ic,422,07nh0oep,250,mock_N08_N04_Aonly,Additional,1779844363,20,0,0
ahrup1ic,444,drumdc0x,250,mock_N08_N04_Aonly,Additional,1779844368,20,0,0
ahrup1ic,437,5v8zhmpt,251,mock_N08_N04_Aonly,FinalRoundWaitPage,1779844368,20,0,1
ahrup1ic,442,i2qayy4o,251,mock_N08_N04_Aonly,FinalRoundWaitPage,1779844368,20,0,1
ahrup1ic,422,07nh0oep,251,mock_N08_N04_Aonly,FinalRoundWaitPage,1779844368,20,0,1
ahrup1ic,444,drumdc0x,251,mock_N08_N04_Aonly,FinalRoundWaitPage,1779844368,20,0,1
ahrup1ic,444,drumdc0x,252,mock_N08_N04_Aonly,FinalRound,1779844375,20,0,0
ahrup1ic,437,5v8zhmpt,252,mock_N08_N04_Aonly,FinalRound,1779844377,20,0,0
ahrup1ic,422,07nh0oep,252,mock_N08_N04_Aonly,FinalRound,1779844380,20,0,0
ahrup1ic,456,qq9qw479,2,presurvey,AudioCheck,1779844382,1,0,0
ahrup1ic,442,i2qayy4o,252,mock_N08_N04_Aonly,FinalRound,1779844402,20,0,0
ahrup1ic,456,qq9qw479,3,presurvey,Demographics,1779844404,1,0,0
ahrup1ic,456,qq9qw479,4,presurvey,NeighborhoodInstruction,1779844445,1,0,0
ahrup1ic,455,ocv6h8ok,5,presurvey,Training,1779844452,1,0,0
ahrup1ic,456,qq9qw479,5,presurvey,Training,1779844527,1,0,0
ahrup1ic,456,qq9qw479,6,presurvey,TrainingNeighbor_1,1779844579,1,0,0
ahrup1ic,456,qq9qw479,7,presurvey,TrainingNeighbor_2,1779844598,1,0,0
ahrup1ic,456,qq9qw479,10,presurvey,ExperimentInstruction,1779844630,1,0,0
ahrup1ic,456,qq9qw479,11,presurvey,Scenario,1779844675,1,0,0
ahrup1ic,455,ocv6h8ok,6,presurvey,TrainingNeighbor_1,1779844697,1,0,0
ahrup1ic,455,ocv6h8ok,10,presurvey,ExperimentInstruction,1779844703,1,0,0
ahrup1ic,456,qq9qw479,12,presurvey,Commitment,1779844754,1,0,0
ahrup1ic,456,qq9qw479,13,mock_N08_N04_Aonly,GroupingWaitPage,1779844754,1,0,1
ahrup1ic,456,qq9qw479,14,mock_N08_N04_Aonly,GroupSizeWaitPage,1779844755,1,0,1
ahrup1ic,456,qq9qw479,15,mock_N08_N04_Aonly,AttentionCheck,1779844768,1,0,0
ahrup1ic,455,ocv6h8ok,11,presurvey,Scenario,1779844796,1,0,0
ahrup1ic,455,ocv6h8ok,12,presurvey,Commitment,1779844827,1,0,0
ahrup1ic,455,ocv6h8ok,13,mock_N08_N04_Aonly,GroupingWaitPage,1779844827,1,0,1
ahrup1ic,455,ocv6h8ok,14,mock_N08_N04_Aonly,GroupSizeWaitPage,1779844828,1,0,1
ahrup1ic,455,ocv6h8ok,15,mock_N08_N04_Aonly,AttentionCheck,1779844832,1,0,0
ahrup1ic,445,2xlpbo1g,11,presurvey,Scenario,1779844917,1,0,0
ahrup1ic,445,2xlpbo1g,12,presurvey,Commitment,1779845079,1,0,0
ahrup1ic,445,2xlpbo1g,13,mock_N08_N04_Aonly,GroupingWaitPage,1779845080,1,0,1
ahrup1ic,445,2xlpbo1g,14,mock_N08_N04_Aonly,GroupSizeWaitPage,1779845080,1,0,1
ahrup1ic,445,2xlpbo1g,15,mock_N08_N04_Aonly,AttentionCheck,1779845089,1,0,0
