session_code,participant_id_in_session,participant_code,page_index,app_name,page_name,epoch_time_completed,round_number,timeout_happened,is_wait_page
9ovfq5hj,1,9gz85coy,0,,InitializeParticipant,1779393500,1,0,0
9ovfq5hj,1,9gz85coy,1,presurvey,Introduction,1779393538,1,0,0
9ovfq5hj,1,9gz85coy,2,presurvey,AudioCheck,1779393591,1,0,0
9ovfq5hj,1,9gz85coy,3,presurvey,Demographics,1779393707,1,0,0
9ovfq5hj,1,9gz85coy,4,presurvey,NeighborhoodInstruction,1779393726,1,0,0
9ovfq5hj,2,gy9ggzmp,0,,InitializeParticipant,1779393738,1,0,0
9ovfq5hj,2,gy9ggzmp,1,presurvey,Introduction,1779393764,1,0,0
9ovfq5hj,1,9gz85coy,5,presurvey,Training,1779393790,1,0,0
9ovfq5hj,1,9gz85coy,6,presurvey,TrainingNeighbor_1,1779393872,1,0,0
9ovfq5hj,3,gz5zpusf,0,,InitializeParticipant,1779393903,1,0,0
9ovfq5hj,1,9gz85coy,10,presurvey,ExperimentInstruction,1779393914,1,0,0
9ovfq5hj,4,mfw0m67h,0,,InitializeParticipant,1779393931,1,0,0
9ovfq5hj,4,mfw0m67h,1,presurvey,Introduction,1779393937,1,0,0
9ovfq5hj,5,k8dvivrt,0,,InitializeParticipant,1779393961,1,0,0
9ovfq5hj,6,bmn3iby9,0,,InitializeParticipant,1779393961,1,0,0
9ovfq5hj,3,gz5zpusf,1,presurvey,Introduction,1779393963,1,0,0
9ovfq5hj,6,bmn3iby9,1,presurvey,Introduction,1779393973,1,0,0
9ovfq5hj,5,k8dvivrt,1,presurvey,Introduction,1779393981,1,0,0
9ovfq5hj,6,bmn3iby9,2,presurvey,AudioCheck,1779393988,1,0,0
9ovfq5hj,3,gz5zpusf,2,presurvey,AudioCheck,1779393995,1,0,0
9ovfq5hj,1,9gz85coy,11,presurvey,Scenario,1779393999,1,0,0
9ovfq5hj,5,k8dvivrt,2,presurvey,AudioCheck,1779394005,1,0,0
9ovfq5hj,3,gz5zpusf,3,presurvey,Demographics,1779394006,1,0,0
9ovfq5hj,6,bmn3iby9,3,presurvey,Demographics,1779394007,1,0,0
9ovfq5hj,2,gy9ggzmp,2,presurvey,AudioCheck,1779394018,1,0,0
9ovfq5hj,5,k8dvivrt,3,presurvey,Demographics,1779394023,1,0,0
9ovfq5hj,6,bmn3iby9,4,presurvey,NeighborhoodInstruction,1779394023,1,0,0
9ovfq5hj,3,gz5zpusf,4,presurvey,NeighborhoodInstruction,1779394035,1,0,0
9ovfq5hj,2,gy9ggzmp,3,presurvey,Demographics,1779394041,1,0,0
9ovfq5hj,4,mfw0m67h,2,presurvey,AudioCheck,1779394041,1,0,0
9ovfq5hj,5,k8dvivrt,4,presurvey,NeighborhoodInstruction,1779394046,1,0,0
9ovfq5hj,7,3kiuysdw,0,,InitializeParticipant,1779394048,1,0,0
9ovfq5hj,6,bmn3iby9,5,presurvey,Training,1779394055,1,0,0
9ovfq5hj,3,gz5zpusf,5,presurvey,Training,1779394068,1,0,0
9ovfq5hj,2,gy9ggzmp,4,presurvey,NeighborhoodInstruction,1779394073,1,0,0
9ovfq5hj,4,mfw0m67h,3,presurvey,Demographics,1779394094,1,0,0
9ovfq5hj,3,gz5zpusf,6,presurvey,TrainingNeighbor_1,1779394102,1,0,0
9ovfq5hj,6,bmn3iby9,6,presurvey,TrainingNeighbor_1,1779394103,1,0,0
9ovfq5hj,2,gy9ggzmp,5,presurvey,Training,1779394105,1,0,0
9ovfq5hj,4,mfw0m67h,4,presurvey,NeighborhoodInstruction,1779394107,1,0,0
9ovfq5hj,3,gz5zpusf,7,presurvey,TrainingNeighbor_2,1779394109,1,0,0
9ovfq5hj,3,gz5zpusf,10,presurvey,ExperimentInstruction,1779394116,1,0,0
9ovfq5hj,4,mfw0m67h,5,presurvey,Training,1779394123,1,0,0
9ovfq5hj,6,bmn3iby9,7,presurvey,TrainingNeighbor_2,1779394126,1,0,0
9ovfq5hj,6,bmn3iby9,10,presurvey,ExperimentInstruction,1779394137,1,0,0
9ovfq5hj,3,gz5zpusf,11,presurvey,Scenario,1779394149,1,0,0
9ovfq5hj,5,k8dvivrt,5,presurvey,Training,1779394156,1,0,0
9ovfq5hj,6,bmn3iby9,11,presurvey,Scenario,1779394162,1,0,0
9ovfq5hj,2,gy9ggzmp,6,presurvey,TrainingNeighbor_1,1779394190,1,0,0
9ovfq5hj,6,bmn3iby9,12,presurvey,Commitment,1779394204,1,0,0
9ovfq5hj,3,gz5zpusf,12,presurvey,Commitment,1779394205,1,0,0
9ovfq5hj,2,gy9ggzmp,10,presurvey,ExperimentInstruction,1779394205,1,0,0
9ovfq5hj,5,k8dvivrt,6,presurvey,TrainingNeighbor_1,1779394212,1,0,0
9ovfq5hj,5,k8dvivrt,10,presurvey,ExperimentInstruction,1779394220,1,0,0
9ovfq5hj,5,k8dvivrt,11,presurvey,Scenario,1779394247,1,0,0
9ovfq5hj,4,mfw0m67h,6,presurvey,TrainingNeighbor_1,1779394250,1,0,0
9ovfq5hj,4,mfw0m67h,7,presurvey,TrainingNeighbor_2,1779394265,1,0,0
9ovfq5hj,2,gy9ggzmp,11,presurvey,Scenario,1779394266,1,0,0
9ovfq5hj,5,k8dvivrt,12,presurvey,Commitment,1779394291,1,0,0
9ovfq5hj,8,huq2vu27,0,,InitializeParticipant,1779394292,1,0,0
9ovfq5hj,4,mfw0m67h,8,presurvey,AttentionCheck,1779394296,1,0,0
9ovfq5hj,8,huq2vu27,1,presurvey,Introduction,1779394305,1,0,0
9ovfq5hj,8,huq2vu27,2,presurvey,AudioCheck,1779394321,1,0,0
9ovfq5hj,8,huq2vu27,3,presurvey,Demographics,1779394332,1,0,0
9ovfq5hj,8,huq2vu27,4,presurvey,NeighborhoodInstruction,1779394337,1,0,0
9ovfq5hj,8,huq2vu27,5,presurvey,Training,1779394347,1,0,0
9ovfq5hj,9,0hm0f0t1,0,,InitializeParticipant,1779394365,1,0,0
9ovfq5hj,8,huq2vu27,6,presurvey,TrainingNeighbor_1,1779394374,1,0,0
9ovfq5hj,9,0hm0f0t1,1,presurvey,Introduction,1779394377,1,0,0
9ovfq5hj,4,mfw0m67h,9,presurvey,TrainingNeighbor_3,1779394377,1,0,0
9ovfq5hj,10,m9nna9p0,0,,InitializeParticipant,1779394378,1,0,0
9ovfq5hj,4,mfw0m67h,10,presurvey,ExperimentInstruction,1779394382,1,0,0
9ovfq5hj,8,huq2vu27,7,presurvey,TrainingNeighbor_2,1779394389,1,0,0
9ovfq5hj,9,0hm0f0t1,2,presurvey,AudioCheck,1779394392,1,0,0
9ovfq5hj,8,huq2vu27,10,presurvey,ExperimentInstruction,1779394392,1,0,0
9ovfq5hj,9,0hm0f0t1,3,presurvey,Demographics,1779394403,1,0,0
9ovfq5hj,8,huq2vu27,11,presurvey,Scenario,1779394404,1,0,0
9ovfq5hj,10,m9nna9p0,1,presurvey,Introduction,1779394405,1,0,0
9ovfq5hj,9,0hm0f0t1,4,presurvey,NeighborhoodInstruction,1779394419,1,0,0
9ovfq5hj,4,mfw0m67h,11,presurvey,Scenario,1779394431,1,0,0
9ovfq5hj,8,huq2vu27,12,presurvey,Commitment,1779394438,1,0,0
9ovfq5hj,9,0hm0f0t1,5,presurvey,Training,1779394445,1,0,0
9ovfq5hj,11,6tm077ox,0,,InitializeParticipant,1779394445,1,0,0
9ovfq5hj,9,0hm0f0t1,6,presurvey,TrainingNeighbor_1,1779394476,1,0,0
9ovfq5hj,9,0hm0f0t1,7,presurvey,TrainingNeighbor_2,1779394494,1,0,0
9ovfq5hj,9,0hm0f0t1,10,presurvey,ExperimentInstruction,1779394505,1,0,0
9ovfq5hj,11,6tm077ox,1,presurvey,Introduction,1779394521,1,0,0
9ovfq5hj,12,1129wdnp,0,,InitializeParticipant,1779394527,1,0,0
9ovfq5hj,13,xep4edz9,0,,InitializeParticipant,1779394527,1,0,0
9ovfq5hj,12,1129wdnp,1,presurvey,Introduction,1779394533,1,0,0
9ovfq5hj,13,xep4edz9,1,presurvey,Introduction,1779394544,1,0,0
9ovfq5hj,12,1129wdnp,2,presurvey,AudioCheck,1779394546,1,0,0
9ovfq5hj,9,0hm0f0t1,11,presurvey,Scenario,1779394552,1,0,0
9ovfq5hj,13,xep4edz9,2,presurvey,AudioCheck,1779394588,1,0,0
9ovfq5hj,14,fnnlt0mw,0,,InitializeParticipant,1779394593,1,0,0
9ovfq5hj,13,xep4edz9,3,presurvey,Demographics,1779394597,1,0,0
9ovfq5hj,14,fnnlt0mw,1,presurvey,Introduction,1779394604,1,0,0
9ovfq5hj,13,xep4edz9,4,presurvey,NeighborhoodInstruction,1779394617,1,0,0
9ovfq5hj,14,fnnlt0mw,2,presurvey,AudioCheck,1779394642,1,0,0
9ovfq5hj,11,6tm077ox,2,presurvey,AudioCheck,1779394661,1,0,0
9ovfq5hj,13,xep4edz9,5,presurvey,Training,1779394668,1,0,0
9ovfq5hj,14,fnnlt0mw,3,presurvey,Demographics,1779394684,1,0,0
9ovfq5hj,11,6tm077ox,3,presurvey,Demographics,1779394709,1,0,0
9ovfq5hj,14,fnnlt0mw,4,presurvey,NeighborhoodInstruction,1779394712,1,0,0
9ovfq5hj,15,oyy44n7b,0,,InitializeParticipant,1779394745,1,0,0
9ovfq5hj,14,fnnlt0mw,5,presurvey,Training,1779394745,1,0,0
9ovfq5hj,13,xep4edz9,6,presurvey,TrainingNeighbor_1,1779394752,1,0,0
9ovfq5hj,11,6tm077ox,4,presurvey,NeighborhoodInstruction,1779394755,1,0,0
9ovfq5hj,13,xep4edz9,7,presurvey,TrainingNeighbor_2,1779394764,1,0,0
9ovfq5hj,15,oyy44n7b,1,presurvey,Introduction,1779394776,1,0,0
9ovfq5hj,16,uoqwac9x,0,,InitializeParticipant,1779394781,1,0,0
9ovfq5hj,13,xep4edz9,8,presurvey,AttentionCheck,1779394781,1,0,0
9ovfq5hj,14,fnnlt0mw,6,presurvey,TrainingNeighbor_1,1779394785,1,0,0
9ovfq5hj,16,uoqwac9x,1,presurvey,Introduction,1779394787,1,0,0
9ovfq5hj,15,oyy44n7b,2,presurvey,AudioCheck,1779394796,1,0,0
9ovfq5hj,13,xep4edz9,9,presurvey,TrainingNeighbor_3,1779394797,1,0,0
9ovfq5hj,13,xep4edz9,10,presurvey,ExperimentInstruction,1779394800,1,0,0
9ovfq5hj,16,uoqwac9x,2,presurvey,AudioCheck,1779394804,1,0,0
9ovfq5hj,14,fnnlt0mw,7,presurvey,TrainingNeighbor_2,1779394807,1,0,0
9ovfq5hj,15,oyy44n7b,3,presurvey,Demographics,1779394814,1,0,0
9ovfq5hj,17,zqs2he45,0,,InitializeParticipant,1779394818,1,0,0
9ovfq5hj,14,fnnlt0mw,10,presurvey,ExperimentInstruction,1779394824,1,0,0
9ovfq5hj,16,uoqwac9x,3,presurvey,Demographics,1779394824,1,0,0
9ovfq5hj,11,6tm077ox,5,presurvey,Training,1779394828,1,0,0
9ovfq5hj,15,oyy44n7b,4,presurvey,NeighborhoodInstruction,1779394828,1,0,0
9ovfq5hj,13,xep4edz9,11,presurvey,Scenario,1779394833,1,0,0
9ovfq5hj,16,uoqwac9x,4,presurvey,NeighborhoodInstruction,1779394849,1,0,0
9ovfq5hj,14,fnnlt0mw,11,presurvey,Scenario,1779394849,1,0,0
9ovfq5hj,15,oyy44n7b,5,presurvey,Training,1779394866,1,0,0
9ovfq5hj,16,uoqwac9x,5,presurvey,Training,1779394871,1,0,0
9ovfq5hj,17,zqs2he45,1,presurvey,Introduction,1779394876,1,0,0
9ovfq5hj,13,xep4edz9,12,presurvey,Commitment,1779394885,1,0,0
9ovfq5hj,17,zqs2he45,2,presurvey,AudioCheck,1779394891,1,0,0
9ovfq5hj,14,fnnlt0mw,12,presurvey,Commitment,1779394896,1,0,0
9ovfq5hj,15,oyy44n7b,6,presurvey,TrainingNeighbor_1,1779394898,1,0,0
9ovfq5hj,16,uoqwac9x,6,presurvey,TrainingNeighbor_1,1779394905,1,0,0
9ovfq5hj,15,oyy44n7b,10,presurvey,ExperimentInstruction,1779394906,1,0,0
9ovfq5hj,17,zqs2he45,3,presurvey,Demographics,1779394908,1,0,0
9ovfq5hj,16,uoqwac9x,10,presurvey,ExperimentInstruction,1779394909,1,0,0
9ovfq5hj,18,2g42jtg0,0,,InitializeParticipant,1779394921,1,0,0
9ovfq5hj,19,v3ox1nzn,0,,InitializeParticipant,1779394923,1,0,0
9ovfq5hj,18,2g42jtg0,1,presurvey,Introduction,1779394924,1,0,0
9ovfq5hj,17,zqs2he45,4,presurvey,NeighborhoodInstruction,1779394925,1,0,0
9ovfq5hj,15,oyy44n7b,11,presurvey,Scenario,1779394932,1,0,0
9ovfq5hj,18,2g42jtg0,2,presurvey,AudioCheck,1779394934,1,0,0
9ovfq5hj,16,uoqwac9x,11,presurvey,Scenario,1779394936,1,0,0
9ovfq5hj,19,v3ox1nzn,1,presurvey,Introduction,1779394941,1,0,0
9ovfq5hj,18,2g42jtg0,3,presurvey,Demographics,1779394943,1,0,0
9ovfq5hj,18,2g42jtg0,4,presurvey,NeighborhoodInstruction,1779394946,1,0,0
9ovfq5hj,18,2g42jtg0,5,presurvey,Training,1779394949,1,0,0
9ovfq5hj,17,zqs2he45,5,presurvey,Training,1779394954,1,0,0
9ovfq5hj,18,2g42jtg0,6,presurvey,TrainingNeighbor_1,1779394959,1,0,0
9ovfq5hj,18,2g42jtg0,7,presurvey,TrainingNeighbor_2,1779394963,1,0,0
9ovfq5hj,17,zqs2he45,6,presurvey,TrainingNeighbor_1,1779394970,1,0,0
9ovfq5hj,18,2g42jtg0,8,presurvey,AttentionCheck,1779394974,1,0,0
9ovfq5hj,17,zqs2he45,10,presurvey,ExperimentInstruction,1779394978,1,0,0
9ovfq5hj,19,v3ox1nzn,2,presurvey,AudioCheck,1779394981,1,0,0
9ovfq5hj,15,oyy44n7b,12,presurvey,Commitment,1779394988,1,0,0
9ovfq5hj,17,zqs2he45,11,presurvey,Scenario,1779394993,1,0,0
9ovfq5hj,18,2g42jtg0,9,presurvey,TrainingNeighbor_3,1779394999,1,0,0
9ovfq5hj,19,v3ox1nzn,3,presurvey,Demographics,1779395005,1,0,0
9ovfq5hj,20,sy64tukf,0,,InitializeParticipant,1779395025,1,0,0
9ovfq5hj,19,v3ox1nzn,4,presurvey,NeighborhoodInstruction,1779395028,1,0,0
9ovfq5hj,11,6tm077ox,6,presurvey,TrainingNeighbor_1,1779395047,1,0,0
9ovfq5hj,20,sy64tukf,1,presurvey,Introduction,1779395055,1,0,0
9ovfq5hj,20,sy64tukf,2,presurvey,AudioCheck,1779395072,1,0,0
9ovfq5hj,20,sy64tukf,3,presurvey,Demographics,1779395084,1,0,0
9ovfq5hj,11,6tm077ox,7,presurvey,TrainingNeighbor_2,1779395091,1,0,0
9ovfq5hj,19,v3ox1nzn,5,presurvey,Training,1779395096,1,0,0
9ovfq5hj,20,sy64tukf,4,presurvey,NeighborhoodInstruction,1779395110,1,0,0
9ovfq5hj,19,v3ox1nzn,6,presurvey,TrainingNeighbor_1,1779395132,1,0,0
9ovfq5hj,20,sy64tukf,5,presurvey,Training,1779395133,1,0,0
9ovfq5hj,19,v3ox1nzn,10,presurvey,ExperimentInstruction,1779395140,1,0,0
9ovfq5hj,11,6tm077ox,8,presurvey,AttentionCheck,1779395155,1,1,0
9ovfq5hj,20,sy64tukf,6,presurvey,TrainingNeighbor_1,1779395177,1,0,0
9ovfq5hj,19,v3ox1nzn,11,presurvey,Scenario,1779395182,1,0,0
9ovfq5hj,20,sy64tukf,7,presurvey,TrainingNeighbor_2,1779395191,1,0,0
9ovfq5hj,20,sy64tukf,10,presurvey,ExperimentInstruction,1779395200,1,0,0
9ovfq5hj,21,3dnvyy3o,0,,InitializeParticipant,1779395204,1,0,0
9ovfq5hj,21,3dnvyy3o,1,presurvey,Introduction,1779395223,1,0,0
9ovfq5hj,19,v3ox1nzn,12,presurvey,Commitment,1779395233,1,0,0
9ovfq5hj,20,sy64tukf,11,presurvey,Scenario,1779395239,1,0,0
9ovfq5hj,21,3dnvyy3o,2,presurvey,AudioCheck,1779395246,1,0,0
9ovfq5hj,21,3dnvyy3o,3,presurvey,Demographics,1779395264,1,0,0
9ovfq5hj,22,se1frybj,0,,InitializeParticipant,1779395296,1,0,0
9ovfq5hj,21,3dnvyy3o,4,presurvey,NeighborhoodInstruction,1779395308,1,0,0
9ovfq5hj,22,se1frybj,1,presurvey,Introduction,1779395321,1,0,0
9ovfq5hj,6,bmn3iby9,13,mock_N08_N04_Aonly,GroupingWaitPage,1779395344,1,0,1
9ovfq5hj,6,bmn3iby9,14,mock_N08_N04_Aonly,GroupSizeWaitPage,1779395345,1,0,1
9ovfq5hj,6,bmn3iby9,15,mock_N08_N04_Aonly,AttentionCheck,1779395351,1,0,0
9ovfq5hj,21,3dnvyy3o,5,presurvey,Training,1779395355,1,0,0
9ovfq5hj,22,se1frybj,2,presurvey,AudioCheck,1779395387,1,0,0
9ovfq5hj,5,k8dvivrt,13,mock_N08_N04_Aonly,GroupingWaitPage,1779395436,1,0,1
9ovfq5hj,5,k8dvivrt,14,mock_N08_N04_Aonly,GroupSizeWaitPage,1779395436,1,0,1
9ovfq5hj,21,3dnvyy3o,6,presurvey,TrainingNeighbor_1,1779395440,1,0,0
9ovfq5hj,21,3dnvyy3o,7,presurvey,TrainingNeighbor_2,1779395447,1,0,0
9ovfq5hj,5,k8dvivrt,15,mock_N08_N04_Aonly,AttentionCheck,1779395448,1,0,0
9ovfq5hj,23,99s0d9bs,0,,InitializeParticipant,1779395465,1,0,0
9ovfq5hj,21,3dnvyy3o,10,presurvey,ExperimentInstruction,1779395467,1,0,0
9ovfq5hj,23,99s0d9bs,1,presurvey,Introduction,1779395469,1,0,0
9ovfq5hj,23,99s0d9bs,2,presurvey,AudioCheck,1779395480,1,0,0
9ovfq5hj,23,99s0d9bs,3,presurvey,Demographics,1779395488,1,0,0
9ovfq5hj,21,3dnvyy3o,11,presurvey,Scenario,1779395523,1,0,0
9ovfq5hj,22,se1frybj,3,presurvey,Demographics,1779395547,1,0,0
9ovfq5hj,22,se1frybj,4,presurvey,NeighborhoodInstruction,1779395551,1,0,0
9ovfq5hj,22,se1frybj,5,presurvey,Training,1779395554,1,0,0
9ovfq5hj,24,3z131m1k,0,,InitializeParticipant,1779395572,1,0,0
9ovfq5hj,22,se1frybj,6,presurvey,TrainingNeighbor_1,1779395575,1,0,0
9ovfq5hj,23,99s0d9bs,4,presurvey,NeighborhoodInstruction,1779395582,1,0,0
9ovfq5hj,21,3dnvyy3o,12,presurvey,Commitment,1779395591,1,0,0
9ovfq5hj,23,99s0d9bs,5,presurvey,Training,1779395599,1,0,0
9ovfq5hj,24,3z131m1k,1,presurvey,Introduction,1779395602,1,0,0
9ovfq5hj,23,99s0d9bs,6,presurvey,TrainingNeighbor_1,1779395619,1,0,0
9ovfq5hj,23,99s0d9bs,10,presurvey,ExperimentInstruction,1779395624,1,0,0
9ovfq5hj,25,0nfg50e7,0,,InitializeParticipant,1779395625,1,0,0
9ovfq5hj,23,99s0d9bs,11,presurvey,Scenario,1779395657,1,0,0
9ovfq5hj,25,0nfg50e7,1,presurvey,Introduction,1779395668,1,0,0
9ovfq5hj,26,1jf0vzm8,0,,InitializeParticipant,1779395697,1,0,0
9ovfq5hj,27,bjic4hn6,0,,InitializeParticipant,1779395705,1,0,0
9ovfq5hj,26,1jf0vzm8,1,presurvey,Introduction,1779395710,1,0,0
9ovfq5hj,28,czd06w8z,0,,InitializeParticipant,1779395715,1,0,0
9ovfq5hj,26,1jf0vzm8,2,presurvey,AudioCheck,1779395719,1,0,0
9ovfq5hj,26,1jf0vzm8,3,presurvey,Demographics,1779395730,1,0,0
9ovfq5hj,29,bu1c65h4,0,,InitializeParticipant,1779395730,1,0,0
9ovfq5hj,27,bjic4hn6,1,presurvey,Introduction,1779395732,1,0,0
9ovfq5hj,28,czd06w8z,1,presurvey,Introduction,1779395738,1,0,0
9ovfq5hj,26,1jf0vzm8,4,presurvey,NeighborhoodInstruction,1779395739,1,0,0
9ovfq5hj,26,1jf0vzm8,5,presurvey,Training,1779395746,1,0,0
9ovfq5hj,26,1jf0vzm8,6,presurvey,TrainingNeighbor_1,1779395756,1,0,0
9ovfq5hj,25,0nfg50e7,2,presurvey,AudioCheck,1779395760,1,0,0
9ovfq5hj,22,se1frybj,10,presurvey,ExperimentInstruction,1779395773,1,0,0
9ovfq5hj,28,czd06w8z,2,presurvey,AudioCheck,1779395774,1,0,0
9ovfq5hj,29,bu1c65h4,1,presurvey,Introduction,1779395796,1,0,0
9ovfq5hj,28,czd06w8z,3,presurvey,Demographics,1779395796,1,0,0
9ovfq5hj,26,1jf0vzm8,10,presurvey,ExperimentInstruction,1779395804,1,0,0
9ovfq5hj,22,se1frybj,11,presurvey,Scenario,1779395809,1,0,0
9ovfq5hj,28,czd06w8z,4,presurvey,NeighborhoodInstruction,1779395810,1,0,0
9ovfq5hj,29,bu1c65h4,2,presurvey,AudioCheck,1779395812,1,0,0
9ovfq5hj,26,1jf0vzm8,11,presurvey,Scenario,1779395830,1,0,0
9ovfq5hj,28,czd06w8z,5,presurvey,Training,1779395837,1,0,0
9ovfq5hj,29,bu1c65h4,3,presurvey,Demographics,1779395839,1,0,0
9ovfq5hj,27,bjic4hn6,2,presurvey,AudioCheck,1779395839,1,0,0
9ovfq5hj,22,se1frybj,12,presurvey,Commitment,1779395855,1,0,0
9ovfq5hj,29,bu1c65h4,4,presurvey,NeighborhoodInstruction,1779395863,1,0,0
9ovfq5hj,30,vixj0e6d,0,,InitializeParticipant,1779395872,1,0,0
9ovfq5hj,27,bjic4hn6,3,presurvey,Demographics,1779395873,1,0,0
9ovfq5hj,28,czd06w8z,6,presurvey,TrainingNeighbor_1,1779395886,1,0,0
9ovfq5hj,26,1jf0vzm8,12,presurvey,Commitment,1779395891,1,0,0
9ovfq5hj,28,czd06w8z,10,presurvey,ExperimentInstruction,1779395892,1,0,0
9ovfq5hj,29,bu1c65h4,5,presurvey,Training,1779395893,1,0,0
9ovfq5hj,25,0nfg50e7,3,presurvey,Demographics,1779395906,1,0,0
9ovfq5hj,25,0nfg50e7,4,presurvey,NeighborhoodInstruction,1779395924,1,0,0
9ovfq5hj,30,vixj0e6d,1,presurvey,Introduction,1779395925,1,0,0
9ovfq5hj,29,bu1c65h4,6,presurvey,TrainingNeighbor_1,1779395944,1,0,0
9ovfq5hj,30,vixj0e6d,2,presurvey,AudioCheck,1779395949,1,0,0
9ovfq5hj,29,bu1c65h4,10,presurvey,ExperimentInstruction,1779395950,1,0,0
9ovfq5hj,31,e6fpra37,0,,InitializeParticipant,1779395968,1,0,0
9ovfq5hj,31,e6fpra37,1,presurvey,Introduction,1779395972,1,0,0
9ovfq5hj,28,czd06w8z,11,presurvey,Scenario,1779395979,1,0,0
9ovfq5hj,30,vixj0e6d,3,presurvey,Demographics,1779395983,1,0,0
9ovfq5hj,29,bu1c65h4,11,presurvey,Scenario,1779395984,1,0,0
9ovfq5hj,31,e6fpra37,2,presurvey,AudioCheck,1779395987,1,0,0
9ovfq5hj,28,czd06w8z,12,presurvey,Commitment,1779395999,1,0,0
9ovfq5hj,31,e6fpra37,3,presurvey,Demographics,1779396003,1,0,0
9ovfq5hj,31,e6fpra37,4,presurvey,NeighborhoodInstruction,1779396016,1,0,0
9ovfq5hj,29,bu1c65h4,12,presurvey,Commitment,1779396019,1,0,0
9ovfq5hj,30,vixj0e6d,4,presurvey,NeighborhoodInstruction,1779396025,1,0,0
9ovfq5hj,13,xep4edz9,13,mock_N08_N04_Aonly,GroupingWaitPage,1779396026,1,0,1
9ovfq5hj,13,xep4edz9,14,mock_N08_N04_Aonly,GroupSizeWaitPage,1779396027,1,0,1
9ovfq5hj,13,xep4edz9,15,mock_N08_N04_Aonly,AttentionCheck,1779396033,1,0,0
9ovfq5hj,25,0nfg50e7,5,presurvey,Training,1779396045,1,0,0
9ovfq5hj,31,e6fpra37,5,presurvey,Training,1779396057,1,0,0
9ovfq5hj,32,c6hvehb4,0,,InitializeParticipant,1779396065,1,0,0
9ovfq5hj,30,vixj0e6d,5,presurvey,Training,1779396069,1,0,0
9ovfq5hj,32,c6hvehb4,1,presurvey,Introduction,1779396073,1,0,0
9ovfq5hj,31,e6fpra37,6,presurvey,TrainingNeighbor_1,1779396089,1,0,0
9ovfq5hj,32,c6hvehb4,2,presurvey,AudioCheck,1779396089,1,0,0
9ovfq5hj,33,aqew051d,0,,InitializeParticipant,1779396091,1,0,0
9ovfq5hj,31,e6fpra37,7,presurvey,TrainingNeighbor_2,1779396096,1,0,0
9ovfq5hj,27,bjic4hn6,4,presurvey,NeighborhoodInstruction,1779396096,1,0,0
9ovfq5hj,32,c6hvehb4,3,presurvey,Demographics,1779396099,1,0,0
9ovfq5hj,30,vixj0e6d,6,presurvey,TrainingNeighbor_1,1779396104,1,0,0
9ovfq5hj,31,e6fpra37,10,presurvey,ExperimentInstruction,1779396105,1,0,0
9ovfq5hj,32,c6hvehb4,4,presurvey,NeighborhoodInstruction,1779396105,1,0,0
9ovfq5hj,30,vixj0e6d,7,presurvey,TrainingNeighbor_2,1779396107,1,0,0
9ovfq5hj,30,vixj0e6d,10,presurvey,ExperimentInstruction,1779396115,1,0,0
9ovfq5hj,32,c6hvehb4,5,presurvey,Training,1779396118,1,0,0
9ovfq5hj,15,oyy44n7b,13,mock_N08_N04_Aonly,GroupingWaitPage,1779396129,1,0,1
9ovfq5hj,15,oyy44n7b,14,mock_N08_N04_Aonly,GroupSizeWaitPage,1779396129,1,0,1
9ovfq5hj,15,oyy44n7b,15,mock_N08_N04_Aonly,AttentionCheck,1779396135,1,0,0
9ovfq5hj,32,c6hvehb4,6,presurvey,TrainingNeighbor_1,1779396137,1,0,0
9ovfq5hj,31,e6fpra37,11,presurvey,Scenario,1779396137,1,0,0
9ovfq5hj,32,c6hvehb4,7,presurvey,TrainingNeighbor_2,1779396140,1,0,0
9ovfq5hj,32,c6hvehb4,10,presurvey,ExperimentInstruction,1779396144,1,0,0
9ovfq5hj,30,vixj0e6d,11,presurvey,Scenario,1779396148,1,0,0
9ovfq5hj,27,bjic4hn6,5,presurvey,Training,1779396154,1,0,0
9ovfq5hj,32,c6hvehb4,11,presurvey,Scenario,1779396160,1,0,0
9ovfq5hj,31,e6fpra37,12,presurvey,Commitment,1779396167,1,0,0
9ovfq5hj,33,aqew051d,1,presurvey,Introduction,1779396169,1,0,0
9ovfq5hj,34,r26i2nyc,0,,InitializeParticipant,1779396210,1,0,0
9ovfq5hj,33,aqew051d,2,presurvey,AudioCheck,1779396215,1,0,0
9ovfq5hj,27,bjic4hn6,6,presurvey,TrainingNeighbor_1,1779396234,1,0,0
9ovfq5hj,33,aqew051d,3,presurvey,Demographics,1779396237,1,0,0
9ovfq5hj,33,aqew051d,4,presurvey,NeighborhoodInstruction,1779396283,1,0,0
9ovfq5hj,34,r26i2nyc,1,presurvey,Introduction,1779396290,1,0,0
9ovfq5hj,27,bjic4hn6,7,presurvey,TrainingNeighbor_2,1779396292,1,0,0
9ovfq5hj,35,5bqq8fyi,0,,InitializeParticipant,1779396295,1,0,0
9ovfq5hj,35,5bqq8fyi,1,presurvey,Introduction,1779396302,1,0,0
9ovfq5hj,34,r26i2nyc,2,presurvey,AudioCheck,1779396341,1,0,0
9ovfq5hj,25,0nfg50e7,6,presurvey,TrainingNeighbor_1,1779396343,1,0,0
9ovfq5hj,33,aqew051d,5,presurvey,Training,1779396348,1,0,0
9ovfq5hj,25,0nfg50e7,7,presurvey,TrainingNeighbor_2,1779396363,1,0,0
9ovfq5hj,34,r26i2nyc,3,presurvey,Demographics,1779396383,1,0,0
9ovfq5hj,36,gnjic8hl,0,,InitializeParticipant,1779396386,1,0,0
9ovfq5hj,35,5bqq8fyi,2,presurvey,AudioCheck,1779396387,1,0,0
9ovfq5hj,36,gnjic8hl,1,presurvey,Introduction,1779396392,1,0,0
9ovfq5hj,35,5bqq8fyi,3,presurvey,Demographics,1779396400,1,0,0
9ovfq5hj,36,gnjic8hl,2,presurvey,AudioCheck,1779396404,1,0,0
9ovfq5hj,35,5bqq8fyi,4,presurvey,NeighborhoodInstruction,1779396407,1,0,0
9ovfq5hj,25,0nfg50e7,8,presurvey,AttentionCheck,1779396411,1,0,0
9ovfq5hj,36,gnjic8hl,3,presurvey,Demographics,1779396417,1,0,0
9ovfq5hj,33,aqew051d,6,presurvey,TrainingNeighbor_1,1779396418,1,0,0
9ovfq5hj,35,5bqq8fyi,5,presurvey,Training,1779396428,1,0,0
9ovfq5hj,33,aqew051d,7,presurvey,TrainingNeighbor_2,1779396429,1,0,0
9ovfq5hj,19,v3ox1nzn,13,mock_N08_N04_Aonly,GroupingWaitPage,1779396436,1,0,1
9ovfq5hj,27,bjic4hn6,10,presurvey,ExperimentInstruction,1779396436,1,0,0
9ovfq5hj,19,v3ox1nzn,14,mock_N08_N04_Aonly,GroupSizeWaitPage,1779396436,1,0,1
9ovfq5hj,33,aqew051d,8,presurvey,AttentionCheck,1779396449,1,0,0
9ovfq5hj,19,v3ox1nzn,15,mock_N08_N04_Aonly,AttentionCheck,1779396450,1,0,0
9ovfq5hj,35,5bqq8fyi,6,presurvey,TrainingNeighbor_1,1779396453,1,0,0
9ovfq5hj,36,gnjic8hl,4,presurvey,NeighborhoodInstruction,1779396455,1,0,0
9ovfq5hj,35,5bqq8fyi,7,presurvey,TrainingNeighbor_2,1779396462,1,0,0
9ovfq5hj,35,5bqq8fyi,10,presurvey,ExperimentInstruction,1779396466,1,0,0
9ovfq5hj,36,gnjic8hl,5,presurvey,Training,1779396479,1,0,0
9ovfq5hj,27,bjic4hn6,11,presurvey,Scenario,1779396494,1,0,0
9ovfq5hj,33,aqew051d,9,presurvey,TrainingNeighbor_3,1779396495,1,0,0
9ovfq5hj,36,gnjic8hl,6,presurvey,TrainingNeighbor_1,1779396498,1,0,0
9ovfq5hj,33,aqew051d,10,presurvey,ExperimentInstruction,1779396500,1,0,0
9ovfq5hj,37,9v7g20a7,0,,InitializeParticipant,1779396503,1,0,0
9ovfq5hj,36,gnjic8hl,10,presurvey,ExperimentInstruction,1779396505,1,0,0
9ovfq5hj,37,9v7g20a7,1,presurvey,Introduction,1779396512,1,0,0
9ovfq5hj,36,gnjic8hl,11,presurvey,Scenario,1779396525,1,0,0
9ovfq5hj,37,9v7g20a7,2,presurvey,AudioCheck,1779396535,1,0,0
9ovfq5hj,35,5bqq8fyi,11,presurvey,Scenario,1779396550,1,0,0
9ovfq5hj,37,9v7g20a7,3,presurvey,Demographics,1779396552,1,0,0
9ovfq5hj,27,bjic4hn6,12,presurvey,Commitment,1779396554,1,0,0
9ovfq5hj,37,9v7g20a7,4,presurvey,NeighborhoodInstruction,1779396560,1,0,0
9ovfq5hj,33,aqew051d,11,presurvey,Scenario,1779396566,1,0,0
9ovfq5hj,35,5bqq8fyi,12,presurvey,Commitment,1779396572,1,0,0
9ovfq5hj,37,9v7g20a7,5,presurvey,Training,1779396586,1,0,0
9ovfq5hj,38,1vnwzcnr,0,,InitializeParticipant,1779396613,1,0,0
9ovfq5hj,38,1vnwzcnr,1,presurvey,Introduction,1779396623,1,0,0
9ovfq5hj,37,9v7g20a7,6,presurvey,TrainingNeighbor_1,1779396628,1,0,0
9ovfq5hj,37,9v7g20a7,10,presurvey,ExperimentInstruction,1779396634,1,0,0
9ovfq5hj,38,1vnwzcnr,2,presurvey,AudioCheck,1779396641,1,0,0
9ovfq5hj,38,1vnwzcnr,3,presurvey,Demographics,1779396656,1,0,0
9ovfq5hj,37,9v7g20a7,11,presurvey,Scenario,1779396656,1,0,0
9ovfq5hj,38,1vnwzcnr,4,presurvey,NeighborhoodInstruction,1779396675,1,0,0
9ovfq5hj,37,9v7g20a7,12,presurvey,Commitment,1779396683,1,0,0
9ovfq5hj,34,r26i2nyc,4,presurvey,NeighborhoodInstruction,1779396704,1,0,0
9ovfq5hj,38,1vnwzcnr,5,presurvey,Training,1779396714,1,0,0
9ovfq5hj,39,t2kzmcyz,0,,InitializeParticipant,1779396722,1,0,0
9ovfq5hj,21,3dnvyy3o,13,mock_N08_N04_Aonly,GroupingWaitPage,1779396739,1,0,1
9ovfq5hj,21,3dnvyy3o,14,mock_N08_N04_Aonly,GroupSizeWaitPage,1779396739,1,0,1
9ovfq5hj,38,1vnwzcnr,6,presurvey,TrainingNeighbor_1,1779396747,1,0,0
9ovfq5hj,21,3dnvyy3o,15,mock_N08_N04_Aonly,AttentionCheck,1779396750,1,0,0
9ovfq5hj,38,1vnwzcnr,7,presurvey,TrainingNeighbor_2,1779396752,1,0,0
9ovfq5hj,38,1vnwzcnr,10,presurvey,ExperimentInstruction,1779396759,1,0,0
9ovfq5hj,34,r26i2nyc,5,presurvey,Training,1779396771,1,0,0
9ovfq5hj,38,1vnwzcnr,11,presurvey,Scenario,1779396795,1,0,0
9ovfq5hj,40,07mwde8q,0,,InitializeParticipant,1779396822,1,0,0
9ovfq5hj,34,r26i2nyc,6,presurvey,TrainingNeighbor_1,1779396832,1,0,0
9ovfq5hj,38,1vnwzcnr,12,presurvey,Commitment,1779396833,1,0,0
9ovfq5hj,34,r26i2nyc,10,presurvey,ExperimentInstruction,1779396844,1,0,0
9ovfq5hj,40,07mwde8q,1,presurvey,Introduction,1779396845,1,0,0
9ovfq5hj,39,t2kzmcyz,1,presurvey,Introduction,1779396850,1,0,0
9ovfq5hj,40,07mwde8q,2,presurvey,AudioCheck,1779396874,1,0,0
9ovfq5hj,34,r26i2nyc,11,presurvey,Scenario,1779396898,1,0,0
9ovfq5hj,40,07mwde8q,3,presurvey,Demographics,1779396905,1,0,0
9ovfq5hj,39,t2kzmcyz,2,presurvey,AudioCheck,1779396910,1,0,0
9ovfq5hj,39,t2kzmcyz,3,presurvey,Demographics,1779396947,1,0,0
9ovfq5hj,39,t2kzmcyz,4,presurvey,NeighborhoodInstruction,1779396991,1,0,0
9ovfq5hj,26,1jf0vzm8,13,mock_N08_N04_Aonly,GroupingWaitPage,1779397034,1,0,1
9ovfq5hj,26,1jf0vzm8,14,mock_N08_N04_Aonly,GroupSizeWaitPage,1779397035,1,0,1
9ovfq5hj,26,1jf0vzm8,15,mock_N08_N04_Aonly,AttentionCheck,1779397040,1,0,0
9ovfq5hj,41,m1og0kpm,0,,InitializeParticipant,1779397058,1,0,0
9ovfq5hj,39,t2kzmcyz,5,presurvey,Training,1779397059,1,0,0
9ovfq5hj,41,m1og0kpm,1,presurvey,Introduction,1779397125,1,0,0
9ovfq5hj,42,ojpvokjy,0,,InitializeParticipant,1779397132,1,0,0
9ovfq5hj,39,t2kzmcyz,6,presurvey,TrainingNeighbor_1,1779397136,1,0,0
9ovfq5hj,28,czd06w8z,13,mock_N08_N04_Aonly,GroupingWaitPage,1779397142,1,0,1
9ovfq5hj,28,czd06w8z,14,mock_N08_N04_Aonly,GroupSizeWaitPage,1779397143,1,0,1
9ovfq5hj,43,y5pu68zi,0,,InitializeParticipant,1779397145,1,0,0
9ovfq5hj,42,ojpvokjy,1,presurvey,Introduction,1779397148,1,0,0
9ovfq5hj,43,y5pu68zi,1,presurvey,Introduction,1779397148,1,0,0
9ovfq5hj,28,czd06w8z,15,mock_N08_N04_Aonly,AttentionCheck,1779397149,1,0,0
9ovfq5hj,39,t2kzmcyz,10,presurvey,ExperimentInstruction,1779397152,1,0,0
9ovfq5hj,42,ojpvokjy,2,presurvey,AudioCheck,1779397160,1,0,0
9ovfq5hj,43,y5pu68zi,2,presurvey,AudioCheck,1779397161,1,0,0
9ovfq5hj,29,bu1c65h4,13,mock_N08_N04_Aonly,GroupingWaitPage,1779397163,1,0,1
9ovfq5hj,29,bu1c65h4,14,mock_N08_N04_Aonly,GroupSizeWaitPage,1779397164,1,0,1
9ovfq5hj,42,ojpvokjy,3,presurvey,Demographics,1779397165,1,0,0
9ovfq5hj,43,y5pu68zi,3,presurvey,Demographics,1779397171,1,0,0
9ovfq5hj,29,bu1c65h4,15,mock_N08_N04_Aonly,AttentionCheck,1779397174,1,0,0
9ovfq5hj,41,m1og0kpm,2,presurvey,AudioCheck,1779397208,1,0,0
9ovfq5hj,43,y5pu68zi,4,presurvey,NeighborhoodInstruction,1779397210,1,0,0
9ovfq5hj,39,t2kzmcyz,11,presurvey,Scenario,1779397237,1,0,0
9ovfq5hj,43,y5pu68zi,5,presurvey,Training,1779397239,1,0,0
9ovfq5hj,41,m1og0kpm,3,presurvey,Demographics,1779397240,1,0,0
9ovfq5hj,42,ojpvokjy,4,presurvey,NeighborhoodInstruction,1779397249,1,0,0
9ovfq5hj,42,ojpvokjy,5,presurvey,Training,1779397262,1,0,0
9ovfq5hj,42,ojpvokjy,6,presurvey,TrainingNeighbor_1,1779397276,1,0,0
9ovfq5hj,42,ojpvokjy,7,presurvey,TrainingNeighbor_2,1779397280,1,0,0
9ovfq5hj,42,ojpvokjy,10,presurvey,ExperimentInstruction,1779397288,1,0,0
9ovfq5hj,42,ojpvokjy,11,presurvey,Scenario,1779397303,1,0,0
9ovfq5hj,41,m1og0kpm,4,presurvey,NeighborhoodInstruction,1779397316,1,0,0
9ovfq5hj,44,vp0tphhe,0,,InitializeParticipant,1779397330,1,0,0
9ovfq5hj,42,ojpvokjy,12,presurvey,Commitment,1779397332,1,0,0
9ovfq5hj,44,vp0tphhe,1,presurvey,Introduction,1779397338,1,0,0
9ovfq5hj,43,y5pu68zi,6,presurvey,TrainingNeighbor_1,1779397338,1,0,0
9ovfq5hj,39,t2kzmcyz,12,presurvey,Commitment,1779397352,1,0,0
9ovfq5hj,44,vp0tphhe,2,presurvey,AudioCheck,1779397358,1,0,0
9ovfq5hj,43,y5pu68zi,7,presurvey,TrainingNeighbor_2,1779397359,1,0,0
9ovfq5hj,45,kd2golsw,0,,InitializeParticipant,1779397363,1,0,0
9ovfq5hj,43,y5pu68zi,10,presurvey,ExperimentInstruction,1779397366,1,0,0
9ovfq5hj,45,kd2golsw,1,presurvey,Introduction,1779397384,1,0,0
9ovfq5hj,41,m1og0kpm,5,presurvey,Training,1779397393,1,0,0
9ovfq5hj,43,y5pu68zi,11,presurvey,Scenario,1779397402,1,0,0
9ovfq5hj,45,kd2golsw,2,presurvey,AudioCheck,1779397407,1,0,0
9ovfq5hj,46,a2vsonmj,0,,InitializeParticipant,1779397408,1,0,0
9ovfq5hj,46,a2vsonmj,1,presurvey,Introduction,1779397415,1,0,0
9ovfq5hj,45,kd2golsw,3,presurvey,Demographics,1779397420,1,0,0
9ovfq5hj,46,a2vsonmj,2,presurvey,AudioCheck,1779397432,1,0,0
9ovfq5hj,45,kd2golsw,4,presurvey,NeighborhoodInstruction,1779397439,1,0,0
9ovfq5hj,44,vp0tphhe,3,presurvey,Demographics,1779397445,1,0,0
9ovfq5hj,44,vp0tphhe,4,presurvey,NeighborhoodInstruction,1779397451,1,0,0
9ovfq5hj,46,a2vsonmj,3,presurvey,Demographics,1779397454,1,0,0
9ovfq5hj,41,m1og0kpm,6,presurvey,TrainingNeighbor_1,1779397454,1,0,0
9ovfq5hj,45,kd2golsw,5,presurvey,Training,1779397461,1,0,0
9ovfq5hj,46,a2vsonmj,4,presurvey,NeighborhoodInstruction,1779397472,1,0,0
9ovfq5hj,44,vp0tphhe,5,presurvey,Training,1779397482,1,0,0
9ovfq5hj,46,a2vsonmj,5,presurvey,Training,1779397483,1,0,0
9ovfq5hj,41,m1og0kpm,10,presurvey,ExperimentInstruction,1779397485,1,0,0
9ovfq5hj,47,etnda81b,0,,InitializeParticipant,1779397489,1,0,0
9ovfq5hj,47,etnda81b,1,presurvey,Introduction,1779397491,1,0,0
9ovfq5hj,45,kd2golsw,6,presurvey,TrainingNeighbor_1,1779397498,1,0,0
9ovfq5hj,46,a2vsonmj,6,presurvey,TrainingNeighbor_1,1779397499,1,0,0
9ovfq5hj,48,s2g3nyrd,0,,InitializeParticipant,1779397500,1,0,0
9ovfq5hj,48,s2g3nyrd,1,presurvey,Introduction,1779397504,1,0,0
9ovfq5hj,47,etnda81b,2,presurvey,AudioCheck,1779397505,1,0,0
9ovfq5hj,45,kd2golsw,10,presurvey,ExperimentInstruction,1779397506,1,0,0
9ovfq5hj,46,a2vsonmj,10,presurvey,ExperimentInstruction,1779397510,1,0,0
9ovfq5hj,44,vp0tphhe,6,presurvey,TrainingNeighbor_1,1779397514,1,0,0
9ovfq5hj,47,etnda81b,3,presurvey,Demographics,1779397515,1,0,0
9ovfq5hj,48,s2g3nyrd,2,presurvey,AudioCheck,1779397521,1,0,0
9ovfq5hj,47,etnda81b,4,presurvey,NeighborhoodInstruction,1779397522,1,0,0
9ovfq5hj,48,s2g3nyrd,3,presurvey,Demographics,1779397531,1,0,0
9ovfq5hj,44,vp0tphhe,7,presurvey,TrainingNeighbor_2,1779397533,1,0,0
9ovfq5hj,49,xkyha82i,0,,InitializeParticipant,1779397535,1,0,0
9ovfq5hj,44,vp0tphhe,10,presurvey,ExperimentInstruction,1779397537,1,0,0
9ovfq5hj,46,a2vsonmj,11,presurvey,Scenario,1779397537,1,0,0
9ovfq5hj,48,s2g3nyrd,4,presurvey,NeighborhoodInstruction,1779397540,1,0,0
9ovfq5hj,45,kd2golsw,11,presurvey,Scenario,1779397541,1,0,0
9ovfq5hj,47,etnda81b,5,presurvey,Training,1779397548,1,0,0
9ovfq5hj,49,xkyha82i,1,presurvey,Introduction,1779397550,1,0,0
9ovfq5hj,46,a2vsonmj,12,presurvey,Commitment,1779397553,1,0,0
9ovfq5hj,48,s2g3nyrd,5,presurvey,Training,1779397557,1,0,0
9ovfq5hj,44,vp0tphhe,11,presurvey,Scenario,1779397557,1,0,0
9ovfq5hj,41,m1og0kpm,11,presurvey,Scenario,1779397557,1,0,0
9ovfq5hj,47,etnda81b,6,presurvey,TrainingNeighbor_1,1779397559,1,0,0
9ovfq5hj,47,etnda81b,10,presurvey,ExperimentInstruction,1779397563,1,0,0
9ovfq5hj,49,xkyha82i,2,presurvey,AudioCheck,1779397564,1,0,0
9ovfq5hj,48,s2g3nyrd,6,presurvey,TrainingNeighbor_1,1779397580,1,0,0
9ovfq5hj,49,xkyha82i,3,presurvey,Demographics,1779397583,1,0,0
9ovfq5hj,48,s2g3nyrd,7,presurvey,TrainingNeighbor_2,1779397587,1,0,0
9ovfq5hj,44,vp0tphhe,12,presurvey,Commitment,1779397597,1,0,0
9ovfq5hj,47,etnda81b,11,presurvey,Scenario,1779397599,1,0,0
9ovfq5hj,48,s2g3nyrd,8,presurvey,AttentionCheck,1779397599,1,0,0
9ovfq5hj,50,utofo841,0,,InitializeParticipant,1779397600,1,0,0
9ovfq5hj,49,xkyha82i,4,presurvey,NeighborhoodInstruction,1779397601,1,0,0
9ovfq5hj,50,utofo841,1,presurvey,Introduction,1779397606,1,0,0
9ovfq5hj,48,s2g3nyrd,9,presurvey,TrainingNeighbor_3,1779397612,1,0,0
9ovfq5hj,49,xkyha82i,5,presurvey,Training,1779397618,1,0,0
9ovfq5hj,50,utofo841,2,presurvey,AudioCheck,1779397621,1,0,0
9ovfq5hj,47,etnda81b,12,presurvey,Commitment,1779397626,1,0,0
9ovfq5hj,51,vanbppsc,0,,InitializeParticipant,1779397628,1,0,0
9ovfq5hj,52,cu0ep1ut,0,,InitializeParticipant,1779397630,1,0,0
9ovfq5hj,50,utofo841,3,presurvey,Demographics,1779397633,1,0,0
9ovfq5hj,51,vanbppsc,1,presurvey,Introduction,1779397635,1,0,0
9ovfq5hj,49,xkyha82i,6,presurvey,TrainingNeighbor_1,1779397643,1,0,0
9ovfq5hj,51,vanbppsc,2,presurvey,AudioCheck,1779397647,1,0,0
9ovfq5hj,53,uwbfrd9r,0,,InitializeParticipant,1779397647,1,0,0
9ovfq5hj,52,cu0ep1ut,1,presurvey,Introduction,1779397648,1,0,0
9ovfq5hj,49,xkyha82i,7,presurvey,TrainingNeighbor_2,1779397651,1,0,0
9ovfq5hj,51,vanbppsc,3,presurvey,Demographics,1779397655,1,0,0
9ovfq5hj,41,m1og0kpm,12,presurvey,Commitment,1779397663,1,0,0
9ovfq5hj,49,xkyha82i,8,presurvey,AttentionCheck,1779397665,1,0,0
9ovfq5hj,51,vanbppsc,4,presurvey,NeighborhoodInstruction,1779397673,1,0,0
9ovfq5hj,49,xkyha82i,9,presurvey,TrainingNeighbor_3,1779397674,1,0,0
9ovfq5hj,54,tkvwnoc1,0,,InitializeParticipant,1779397675,1,0,0
9ovfq5hj,49,xkyha82i,10,presurvey,ExperimentInstruction,1779397687,1,0,0
9ovfq5hj,52,cu0ep1ut,2,presurvey,AudioCheck,1779397694,1,0,0
9ovfq5hj,27,bjic4hn6,13,mock_N08_N04_Aonly,GroupingWaitPage,1779397700,1,0,1
9ovfq5hj,27,bjic4hn6,14,mock_N08_N04_Aonly,GroupSizeWaitPage,1779397701,1,0,1
9ovfq5hj,51,vanbppsc,5,presurvey,Training,1779397702,1,0,0
9ovfq5hj,49,xkyha82i,11,presurvey,Scenario,1779397706,1,0,0
9ovfq5hj,53,uwbfrd9r,1,presurvey,Introduction,1779397712,1,0,0
9ovfq5hj,27,bjic4hn6,15,mock_N08_N04_Aonly,AttentionCheck,1779397712,1,0,0
9ovfq5hj,51,vanbppsc,6,presurvey,TrainingNeighbor_1,1779397727,1,0,0
9ovfq5hj,51,vanbppsc,10,presurvey,ExperimentInstruction,1779397735,1,0,0
9ovfq5hj,55,pkw4oxwr,0,,InitializeParticipant,1779397736,1,0,0
9ovfq5hj,54,tkvwnoc1,1,presurvey,Introduction,1779397738,1,0,0
9ovfq5hj,55,pkw4oxwr,1,presurvey,Introduction,1779397740,1,0,0
9ovfq5hj,55,pkw4oxwr,2,presurvey,AudioCheck,1779397753,1,0,0
9ovfq5hj,54,tkvwnoc1,2,presurvey,AudioCheck,1779397755,1,0,0
9ovfq5hj,40,07mwde8q,4,presurvey,NeighborhoodInstruction,1779397755,1,0,0
9ovfq5hj,56,m5vfzlkn,0,,InitializeParticipant,1779397758,1,0,0
9ovfq5hj,56,m5vfzlkn,1,presurvey,Introduction,1779397762,1,0,0
9ovfq5hj,57,jf677gtu,0,,InitializeParticipant,1779397768,1,0,0
9ovfq5hj,55,pkw4oxwr,3,presurvey,Demographics,1779397768,1,0,0
9ovfq5hj,55,pkw4oxwr,4,presurvey,NeighborhoodInstruction,1779397771,1,0,0
9ovfq5hj,58,rv9u8psq,0,,InitializeParticipant,1779397772,1,0,0
9ovfq5hj,51,vanbppsc,11,presurvey,Scenario,1779397780,1,0,0
9ovfq5hj,57,jf677gtu,1,presurvey,Introduction,1779397786,1,0,0
9ovfq5hj,54,tkvwnoc1,3,presurvey,Demographics,1779397786,1,0,0
9ovfq5hj,58,rv9u8psq,1,presurvey,Introduction,1779397787,1,0,0
9ovfq5hj,59,f4bpwyiy,0,,InitializeParticipant,1779397787,1,0,0
9ovfq5hj,55,pkw4oxwr,5,presurvey,Training,1779397787,1,0,0
9ovfq5hj,56,m5vfzlkn,2,presurvey,AudioCheck,1779397788,1,0,0
9ovfq5hj,56,m5vfzlkn,3,presurvey,Demographics,1779397808,1,0,0
9ovfq5hj,57,jf677gtu,2,presurvey,AudioCheck,1779397813,1,0,0
9ovfq5hj,54,tkvwnoc1,4,presurvey,NeighborhoodInstruction,1779397814,1,0,0
9ovfq5hj,55,pkw4oxwr,6,presurvey,TrainingNeighbor_1,1779397817,1,0,0
9ovfq5hj,59,f4bpwyiy,1,presurvey,Introduction,1779397817,1,0,0
9ovfq5hj,56,m5vfzlkn,4,presurvey,NeighborhoodInstruction,1779397824,1,0,0
9ovfq5hj,37,9v7g20a7,13,mock_N08_N04_Aonly,GroupingWaitPage,1779397825,1,0,1
9ovfq5hj,37,9v7g20a7,14,mock_N08_N04_Aonly,GroupSizeWaitPage,1779397826,1,0,1
9ovfq5hj,58,rv9u8psq,2,presurvey,AudioCheck,1779397828,1,0,0
9ovfq5hj,59,f4bpwyiy,2,presurvey,AudioCheck,1779397830,1,0,0
9ovfq5hj,37,9v7g20a7,15,mock_N08_N04_Aonly,AttentionCheck,1779397831,1,0,0
9ovfq5hj,55,pkw4oxwr,10,presurvey,ExperimentInstruction,1779397833,1,0,0
9ovfq5hj,50,utofo841,4,presurvey,NeighborhoodInstruction,1779397837,1,0,0
9ovfq5hj,57,jf677gtu,3,presurvey,Demographics,1779397840,1,0,0
9ovfq5hj,58,rv9u8psq,3,presurvey,Demographics,1779397847,1,0,0
9ovfq5hj,54,tkvwnoc1,5,presurvey,Training,1779397847,1,0,0
9ovfq5hj,56,m5vfzlkn,5,presurvey,Training,1779397848,1,0,0
9ovfq5hj,50,utofo841,5,presurvey,Training,1779397850,1,0,0
9ovfq5hj,55,pkw4oxwr,11,presurvey,Scenario,1779397854,1,0,0
9ovfq5hj,59,f4bpwyiy,3,presurvey,Demographics,1779397855,1,0,0
9ovfq5hj,59,f4bpwyiy,4,presurvey,NeighborhoodInstruction,1779397860,1,0,0
9ovfq5hj,40,07mwde8q,5,presurvey,Training,1779397863,1,0,0
9ovfq5hj,60,4q91kyzy,0,,InitializeParticipant,1779397865,1,0,0
9ovfq5hj,57,jf677gtu,4,presurvey,NeighborhoodInstruction,1779397866,1,0,0
9ovfq5hj,50,utofo841,6,presurvey,TrainingNeighbor_1,1779397869,1,0,0
9ovfq5hj,61,tmsfbeaq,0,,InitializeParticipant,1779397871,1,0,0
9ovfq5hj,50,utofo841,10,presurvey,ExperimentInstruction,1779397873,1,0,0
9ovfq5hj,61,tmsfbeaq,1,presurvey,Introduction,1779397879,1,0,0
9ovfq5hj,62,yd35aztz,0,,InitializeParticipant,1779397884,1,0,0
9ovfq5hj,55,pkw4oxwr,12,presurvey,Commitment,1779397886,1,0,0
9ovfq5hj,56,m5vfzlkn,6,presurvey,TrainingNeighbor_1,1779397888,1,0,0
9ovfq5hj,63,juvtx994,0,,InitializeParticipant,1779397890,1,0,0
9ovfq5hj,56,m5vfzlkn,10,presurvey,ExperimentInstruction,1779397892,1,0,0
9ovfq5hj,64,hq6vquhn,0,,InitializeParticipant,1779397893,1,0,0
9ovfq5hj,59,f4bpwyiy,5,presurvey,Training,1779397895,1,0,0
9ovfq5hj,63,juvtx994,1,presurvey,Introduction,1779397897,1,0,0
9ovfq5hj,64,hq6vquhn,1,presurvey,Introduction,1779397898,1,0,0
9ovfq5hj,54,tkvwnoc1,6,presurvey,TrainingNeighbor_1,1779397901,1,0,0
9ovfq5hj,50,utofo841,11,presurvey,Scenario,1779397901,1,0,0
9ovfq5hj,60,4q91kyzy,1,presurvey,Introduction,1779397908,1,0,0
9ovfq5hj,58,rv9u8psq,4,presurvey,NeighborhoodInstruction,1779397909,1,0,0
9ovfq5hj,65,qat3kt5d,0,,InitializeParticipant,1779397909,1,0,0
9ovfq5hj,40,07mwde8q,6,presurvey,TrainingNeighbor_1,1779397910,1,0,0
9ovfq5hj,64,hq6vquhn,2,presurvey,AudioCheck,1779397914,1,0,0
9ovfq5hj,50,utofo841,12,presurvey,Commitment,1779397916,1,0,0
9ovfq5hj,40,07mwde8q,7,presurvey,TrainingNeighbor_2,1779397920,1,0,0
9ovfq5hj,66,f2g7iwv0,0,,InitializeParticipant,1779397920,1,0,0
9ovfq5hj,57,jf677gtu,5,presurvey,Training,1779397921,1,0,0
9ovfq5hj,64,hq6vquhn,3,presurvey,Demographics,1779397922,1,0,0
9ovfq5hj,54,tkvwnoc1,7,presurvey,TrainingNeighbor_2,1779397924,1,0,0
9ovfq5hj,67,f2f20uao,0,,InitializeParticipant,1779397928,1,0,0
9ovfq5hj,56,m5vfzlkn,11,presurvey,Scenario,1779397928,1,0,0
9ovfq5hj,40,07mwde8q,8,presurvey,AttentionCheck,1779397932,1,0,0
9ovfq5hj,68,xfyobbvh,0,,InitializeParticipant,1779397935,1,0,0
9ovfq5hj,66,f2g7iwv0,1,presurvey,Introduction,1779397935,1,0,0
9ovfq5hj,60,4q91kyzy,2,presurvey,AudioCheck,1779397935,1,0,0
9ovfq5hj,54,tkvwnoc1,10,presurvey,ExperimentInstruction,1779397938,1,0,0
9ovfq5hj,59,f4bpwyiy,6,presurvey,TrainingNeighbor_1,1779397942,1,0,0
9ovfq5hj,60,4q91kyzy,3,presurvey,Demographics,1779397947,1,0,0
9ovfq5hj,56,m5vfzlkn,12,presurvey,Commitment,1779397950,1,0,0
9ovfq5hj,67,f2f20uao,1,presurvey,Introduction,1779397954,1,0,0
9ovfq5hj,58,rv9u8psq,5,presurvey,Training,1779397958,1,0,0
9ovfq5hj,59,f4bpwyiy,7,presurvey,TrainingNeighbor_2,1779397958,1,0,0
9ovfq5hj,61,tmsfbeaq,2,presurvey,AudioCheck,1779397961,1,0,0
9ovfq5hj,66,f2g7iwv0,2,presurvey,AudioCheck,1779397964,1,0,0
9ovfq5hj,64,hq6vquhn,4,presurvey,NeighborhoodInstruction,1779397973,1,0,0
9ovfq5hj,54,tkvwnoc1,11,presurvey,Scenario,1779397975,1,0,0
9ovfq5hj,38,1vnwzcnr,13,mock_N08_N04_Aonly,GroupingWaitPage,1779397982,1,0,1
9ovfq5hj,67,f2f20uao,2,presurvey,AudioCheck,1779397982,1,0,0
9ovfq5hj,60,4q91kyzy,4,presurvey,NeighborhoodInstruction,1779397982,1,0,0
9ovfq5hj,59,f4bpwyiy,8,presurvey,AttentionCheck,1779397982,1,0,0
9ovfq5hj,66,f2g7iwv0,3,presurvey,Demographics,1779397982,1,0,0
9ovfq5hj,38,1vnwzcnr,14,mock_N08_N04_Aonly,GroupSizeWaitPage,1779397983,1,0,1
9ovfq5hj,57,jf677gtu,6,presurvey,TrainingNeighbor_1,1779397985,1,0,0
9ovfq5hj,38,1vnwzcnr,15,mock_N08_N04_Aonly,AttentionCheck,1779397990,1,0,0
9ovfq5hj,64,hq6vquhn,5,presurvey,Training,1779397991,1,0,0
9ovfq5hj,69,gm76j79d,0,,InitializeParticipant,1779397994,1,0,0
9ovfq5hj,70,a1le5osb,0,,InitializeParticipant,1779397998,1,0,0
9ovfq5hj,69,gm76j79d,1,presurvey,Introduction,1779398005,1,0,0
9ovfq5hj,70,a1le5osb,1,presurvey,Introduction,1779398010,1,0,0
9ovfq5hj,59,f4bpwyiy,9,presurvey,TrainingNeighbor_3,1779398012,1,0,0
9ovfq5hj,57,jf677gtu,10,presurvey,ExperimentInstruction,1779398013,1,0,0
9ovfq5hj,66,f2g7iwv0,4,presurvey,NeighborhoodInstruction,1779398016,1,0,0
9ovfq5hj,59,f4bpwyiy,10,presurvey,ExperimentInstruction,1779398017,1,0,0
9ovfq5hj,71,h1g3xgjr,0,,InitializeParticipant,1779398018,1,0,0
9ovfq5hj,69,gm76j79d,2,presurvey,AudioCheck,1779398019,1,0,0
9ovfq5hj,60,4q91kyzy,5,presurvey,Training,1779398019,1,0,0
9ovfq5hj,70,a1le5osb,2,presurvey,AudioCheck,1779398020,1,0,0
9ovfq5hj,61,tmsfbeaq,3,presurvey,Demographics,1779398021,1,0,0
9ovfq5hj,68,xfyobbvh,1,presurvey,Introduction,1779398023,1,0,0
9ovfq5hj,64,hq6vquhn,6,presurvey,TrainingNeighbor_1,1779398023,1,0,0
9ovfq5hj,69,gm76j79d,3,presurvey,Demographics,1779398032,1,0,0
9ovfq5hj,70,a1le5osb,3,presurvey,Demographics,1779398035,1,0,0
9ovfq5hj,69,gm76j79d,4,presurvey,NeighborhoodInstruction,1779398040,1,0,0
9ovfq5hj,70,a1le5osb,4,presurvey,NeighborhoodInstruction,1779398043,1,0,0
9ovfq5hj,60,4q91kyzy,6,presurvey,TrainingNeighbor_1,1779398046,1,0,0
9ovfq5hj,71,h1g3xgjr,1,presurvey,Introduction,1779398046,1,0,0
9ovfq5hj,67,f2f20uao,3,presurvey,Demographics,1779398052,1,0,0
9ovfq5hj,59,f4bpwyiy,11,presurvey,Scenario,1779398054,1,0,0
9ovfq5hj,60,4q91kyzy,10,presurvey,ExperimentInstruction,1779398060,1,0,0
9ovfq5hj,58,rv9u8psq,6,presurvey,TrainingNeighbor_1,1779398060,1,0,0
9ovfq5hj,66,f2g7iwv0,5,presurvey,Training,1779398060,1,0,0
9ovfq5hj,69,gm76j79d,5,presurvey,Training,1779398060,1,0,0
9ovfq5hj,64,hq6vquhn,10,presurvey,ExperimentInstruction,1779398066,1,0,0
9ovfq5hj,58,rv9u8psq,7,presurvey,TrainingNeighbor_2,1779398069,1,0,0
9ovfq5hj,57,jf677gtu,11,presurvey,Scenario,1779398073,1,0,0
9ovfq5hj,71,h1g3xgjr,2,presurvey,AudioCheck,1779398079,1,0,0
9ovfq5hj,68,xfyobbvh,2,presurvey,AudioCheck,1779398079,1,0,0
9ovfq5hj,58,rv9u8psq,10,presurvey,ExperimentInstruction,1779398080,1,0,0
9ovfq5hj,70,a1le5osb,5,presurvey,Training,1779398085,1,0,0
9ovfq5hj,64,hq6vquhn,11,presurvey,Scenario,1779398089,1,0,0
9ovfq5hj,60,4q91kyzy,11,presurvey,Scenario,1779398089,1,0,0
9ovfq5hj,61,tmsfbeaq,4,presurvey,NeighborhoodInstruction,1779398095,1,0,0
9ovfq5hj,63,juvtx994,2,presurvey,AudioCheck,1779398096,1,0,0
9ovfq5hj,68,xfyobbvh,3,presurvey,Demographics,1779398097,1,0,0
9ovfq5hj,71,h1g3xgjr,3,presurvey,Demographics,1779398098,1,0,0
9ovfq5hj,64,hq6vquhn,12,presurvey,Commitment,1779398111,1,0,0
9ovfq5hj,69,gm76j79d,6,presurvey,TrainingNeighbor_1,1779398119,1,0,0
9ovfq5hj,69,gm76j79d,7,presurvey,TrainingNeighbor_2,1779398124,1,0,0
9ovfq5hj,70,a1le5osb,6,presurvey,TrainingNeighbor_1,1779398125,1,0,0
9ovfq5hj,71,h1g3xgjr,4,presurvey,NeighborhoodInstruction,1779398128,1,0,0
9ovfq5hj,69,gm76j79d,10,presurvey,ExperimentInstruction,1779398128,1,0,0
9ovfq5hj,66,f2g7iwv0,6,presurvey,TrainingNeighbor_1,1779398129,1,0,0
9ovfq5hj,63,juvtx994,3,presurvey,Demographics,1779398130,1,0,0
9ovfq5hj,70,a1le5osb,10,presurvey,ExperimentInstruction,1779398132,1,0,0
9ovfq5hj,66,f2g7iwv0,7,presurvey,TrainingNeighbor_2,1779398142,1,0,0
9ovfq5hj,58,rv9u8psq,11,presurvey,Scenario,1779398146,1,0,0
9ovfq5hj,69,gm76j79d,11,presurvey,Scenario,1779398151,1,0,0
9ovfq5hj,61,tmsfbeaq,5,presurvey,Training,1779398157,1,0,0
9ovfq5hj,71,h1g3xgjr,5,presurvey,Training,1779398158,1,0,0
9ovfq5hj,67,f2f20uao,4,presurvey,NeighborhoodInstruction,1779398159,1,0,0
9ovfq5hj,70,a1le5osb,11,presurvey,Scenario,1779398166,1,0,0
9ovfq5hj,66,f2g7iwv0,8,presurvey,AttentionCheck,1779398172,1,0,0
9ovfq5hj,63,juvtx994,4,presurvey,NeighborhoodInstruction,1779398172,1,0,0
9ovfq5hj,72,v3amece6,0,,InitializeParticipant,1779398194,1,0,0
9ovfq5hj,72,v3amece6,1,presurvey,Introduction,1779398198,1,0,0
9ovfq5hj,66,f2g7iwv0,9,presurvey,TrainingNeighbor_3,1779398207,1,0,0
9ovfq5hj,67,f2f20uao,5,presurvey,Training,1779398208,1,0,0
9ovfq5hj,72,v3amece6,2,presurvey,AudioCheck,1779398210,1,0,0
9ovfq5hj,73,tqfbdtnb,0,,InitializeParticipant,1779398221,1,0,0
9ovfq5hj,72,v3amece6,3,presurvey,Demographics,1779398226,1,0,0
9ovfq5hj,71,h1g3xgjr,6,presurvey,TrainingNeighbor_1,1779398232,1,0,0
9ovfq5hj,72,v3amece6,4,presurvey,NeighborhoodInstruction,1779398235,1,0,0
9ovfq5hj,63,juvtx994,5,presurvey,Training,1779398239,1,0,0
9ovfq5hj,71,h1g3xgjr,10,presurvey,ExperimentInstruction,1779398247,1,0,0
9ovfq5hj,73,tqfbdtnb,1,presurvey,Introduction,1779398255,1,0,0
9ovfq5hj,72,v3amece6,5,presurvey,Training,1779398262,1,0,0
9ovfq5hj,61,tmsfbeaq,6,presurvey,TrainingNeighbor_1,1779398264,1,0,0
9ovfq5hj,67,f2f20uao,6,presurvey,TrainingNeighbor_1,1779398271,1,0,0
9ovfq5hj,66,f2g7iwv0,10,presurvey,ExperimentInstruction,1779398272,1,0,0
9ovfq5hj,73,tqfbdtnb,2,presurvey,AudioCheck,1779398280,1,0,0
9ovfq5hj,67,f2f20uao,7,presurvey,TrainingNeighbor_2,1779398285,1,0,0
9ovfq5hj,72,v3amece6,6,presurvey,TrainingNeighbor_1,1779398285,1,0,0
9ovfq5hj,61,tmsfbeaq,10,presurvey,ExperimentInstruction,1779398286,1,0,0
9ovfq5hj,71,h1g3xgjr,11,presurvey,Scenario,1779398287,1,0,0
9ovfq5hj,63,juvtx994,6,presurvey,TrainingNeighbor_1,1779398288,1,0,0
9ovfq5hj,72,v3amece6,10,presurvey,ExperimentInstruction,1779398290,1,0,0
9ovfq5hj,67,f2f20uao,10,presurvey,ExperimentInstruction,1779398302,1,0,0
9ovfq5hj,66,f2g7iwv0,11,presurvey,Scenario,1779398306,1,0,0
9ovfq5hj,72,v3amece6,11,presurvey,Scenario,1779398312,1,0,0
9ovfq5hj,73,tqfbdtnb,3,presurvey,Demographics,1779398322,1,0,0
9ovfq5hj,63,juvtx994,10,presurvey,ExperimentInstruction,1779398324,1,0,0
9ovfq5hj,72,v3amece6,12,presurvey,Commitment,1779398327,1,0,0
9ovfq5hj,73,tqfbdtnb,4,presurvey,NeighborhoodInstruction,1779398327,1,0,0
9ovfq5hj,71,h1g3xgjr,12,presurvey,Commitment,1779398331,1,0,0
9ovfq5hj,68,xfyobbvh,4,presurvey,NeighborhoodInstruction,1779398336,1,0,0
9ovfq5hj,67,f2f20uao,11,presurvey,Scenario,1779398369,1,0,0
9ovfq5hj,63,juvtx994,11,presurvey,Scenario,1779398376,1,0,0
9ovfq5hj,73,tqfbdtnb,5,presurvey,Training,1779398416,1,0,0
9ovfq5hj,68,xfyobbvh,5,presurvey,Training,1779398423,1,0,0
9ovfq5hj,73,tqfbdtnb,6,presurvey,TrainingNeighbor_1,1779398453,1,0,0
9ovfq5hj,73,tqfbdtnb,7,presurvey,TrainingNeighbor_2,1779398462,1,0,0
9ovfq5hj,68,xfyobbvh,6,presurvey,TrainingNeighbor_1,1779398478,1,0,0
9ovfq5hj,63,juvtx994,12,presurvey,Commitment,1779398480,1,0,0
9ovfq5hj,73,tqfbdtnb,10,presurvey,ExperimentInstruction,1779398490,1,0,0
9ovfq5hj,68,xfyobbvh,10,presurvey,ExperimentInstruction,1779398495,1,0,0
9ovfq5hj,74,j1ad09fg,0,,InitializeParticipant,1779398508,1,0,0
9ovfq5hj,74,j1ad09fg,1,presurvey,Introduction,1779398523,1,0,0
9ovfq5hj,73,tqfbdtnb,11,presurvey,Scenario,1779398523,1,0,0
9ovfq5hj,75,bh6fg1rj,0,,InitializeParticipant,1779398542,1,0,0
9ovfq5hj,39,t2kzmcyz,13,mock_N08_N04_Aonly,GroupingWaitPage,1779398557,1,0,1
9ovfq5hj,75,bh6fg1rj,1,presurvey,Introduction,1779398557,1,0,0
9ovfq5hj,39,t2kzmcyz,14,mock_N08_N04_Aonly,GroupSizeWaitPage,1779398559,1,0,1
9ovfq5hj,75,bh6fg1rj,2,presurvey,AudioCheck,1779398572,1,0,0
9ovfq5hj,39,t2kzmcyz,15,mock_N08_N04_Aonly,AttentionCheck,1779398574,1,0,0
9ovfq5hj,75,bh6fg1rj,3,presurvey,Demographics,1779398583,1,0,0
9ovfq5hj,68,xfyobbvh,11,presurvey,Scenario,1779398594,1,0,0
9ovfq5hj,74,j1ad09fg,2,presurvey,AudioCheck,1779398605,1,0,0
9ovfq5hj,76,6ifoywc2,0,,InitializeParticipant,1779398614,1,0,0
9ovfq5hj,77,le325noi,0,,InitializeParticipant,1779398614,1,0,0
9ovfq5hj,77,le325noi,1,presurvey,Introduction,1779398623,1,0,0
9ovfq5hj,78,7pi8ohvg,0,,InitializeParticipant,1779398633,1,0,0
9ovfq5hj,78,7pi8ohvg,1,presurvey,Introduction,1779398649,1,0,0
9ovfq5hj,77,le325noi,2,presurvey,AudioCheck,1779398653,1,0,0
9ovfq5hj,75,bh6fg1rj,4,presurvey,NeighborhoodInstruction,1779398659,1,0,0
9ovfq5hj,68,xfyobbvh,12,presurvey,Commitment,1779398660,1,0,0
9ovfq5hj,78,7pi8ohvg,2,presurvey,AudioCheck,1779398664,1,0,0
9ovfq5hj,77,le325noi,3,presurvey,Demographics,1779398676,1,0,0
9ovfq5hj,78,7pi8ohvg,3,presurvey,Demographics,1779398679,1,0,0
9ovfq5hj,78,7pi8ohvg,4,presurvey,NeighborhoodInstruction,1779398683,1,0,0
9ovfq5hj,78,7pi8ohvg,5,presurvey,Training,1779398687,1,0,0
9ovfq5hj,46,a2vsonmj,13,mock_N08_N04_Aonly,GroupingWaitPage,1779398694,1,0,1
9ovfq5hj,46,a2vsonmj,14,mock_N08_N04_Aonly,GroupSizeWaitPage,1779398695,1,0,1
9ovfq5hj,78,7pi8ohvg,6,presurvey,TrainingNeighbor_1,1779398698,1,0,0
9ovfq5hj,46,a2vsonmj,15,mock_N08_N04_Aonly,AttentionCheck,1779398700,1,0,0
9ovfq5hj,78,7pi8ohvg,10,presurvey,ExperimentInstruction,1779398703,1,0,0
9ovfq5hj,77,le325noi,4,presurvey,NeighborhoodInstruction,1779398705,1,0,0
9ovfq5hj,79,0yy2fl7n,0,,InitializeParticipant,1779398705,1,0,0
9ovfq5hj,78,7pi8ohvg,11,presurvey,Scenario,1779398707,1,0,0
9ovfq5hj,80,3zu2r7pr,0,,InitializeParticipant,1779398714,1,0,0
9ovfq5hj,75,bh6fg1rj,5,presurvey,Training,1779398717,1,0,0
9ovfq5hj,78,7pi8ohvg,12,presurvey,Commitment,1779398718,1,0,0
9ovfq5hj,80,3zu2r7pr,1,presurvey,Introduction,1779398722,1,0,0
9ovfq5hj,77,le325noi,5,presurvey,Training,1779398730,1,0,0
9ovfq5hj,44,vp0tphhe,13,mock_N08_N04_Aonly,GroupingWaitPage,1779398737,1,0,1
9ovfq5hj,44,vp0tphhe,14,mock_N08_N04_Aonly,GroupSizeWaitPage,1779398738,1,0,1
9ovfq5hj,75,bh6fg1rj,6,presurvey,TrainingNeighbor_1,1779398745,1,0,0
9ovfq5hj,44,vp0tphhe,15,mock_N08_N04_Aonly,AttentionCheck,1779398748,1,0,0
9ovfq5hj,75,bh6fg1rj,10,presurvey,ExperimentInstruction,1779398750,1,0,0
9ovfq5hj,77,le325noi,6,presurvey,TrainingNeighbor_1,1779398757,1,0,0
9ovfq5hj,47,etnda81b,13,mock_N08_N04_Aonly,GroupingWaitPage,1779398768,1,0,1
9ovfq5hj,47,etnda81b,14,mock_N08_N04_Aonly,GroupSizeWaitPage,1779398769,1,0,1
9ovfq5hj,74,j1ad09fg,3,presurvey,Demographics,1779398769,1,0,0
9ovfq5hj,77,le325noi,10,presurvey,ExperimentInstruction,1779398773,1,0,0
9ovfq5hj,75,bh6fg1rj,11,presurvey,Scenario,1779398785,1,0,0
9ovfq5hj,77,le325noi,11,presurvey,Scenario,1779398803,1,0,0
9ovfq5hj,47,etnda81b,15,mock_N08_N04_Aonly,AttentionCheck,1779398804,1,1,0
9ovfq5hj,74,j1ad09fg,4,presurvey,NeighborhoodInstruction,1779398806,1,0,0
9ovfq5hj,80,3zu2r7pr,2,presurvey,AudioCheck,1779398820,1,0,0
9ovfq5hj,75,bh6fg1rj,12,presurvey,Commitment,1779398828,1,0,0
9ovfq5hj,77,le325noi,12,presurvey,Commitment,1779398852,1,0,0
9ovfq5hj,74,j1ad09fg,5,presurvey,Training,1779398860,1,0,0
9ovfq5hj,41,m1og0kpm,13,mock_N08_N04_Aonly,GroupingWaitPage,1779398864,1,0,1
9ovfq5hj,41,m1og0kpm,14,mock_N08_N04_Aonly,GroupSizeWaitPage,1779398865,1,0,1
9ovfq5hj,41,m1og0kpm,15,mock_N08_N04_Aonly,AttentionCheck,1779398880,1,0,0
9ovfq5hj,80,3zu2r7pr,3,presurvey,Demographics,1779398920,1,0,0
9ovfq5hj,81,imc949fz,0,,InitializeParticipant,1779398933,1,0,0
9ovfq5hj,74,j1ad09fg,6,presurvey,TrainingNeighbor_1,1779398948,1,0,0
9ovfq5hj,82,tofzotdw,0,,InitializeParticipant,1779398960,1,0,0
9ovfq5hj,80,3zu2r7pr,4,presurvey,NeighborhoodInstruction,1779398965,1,0,0
9ovfq5hj,61,tmsfbeaq,11,presurvey,Scenario,1779398970,1,0,0
9ovfq5hj,82,tofzotdw,1,presurvey,Introduction,1779398979,1,0,0
9ovfq5hj,74,j1ad09fg,7,presurvey,TrainingNeighbor_2,1779398983,1,0,0
9ovfq5hj,83,5a6itog6,0,,InitializeParticipant,1779398989,1,0,0
9ovfq5hj,81,imc949fz,1,presurvey,Introduction,1779398994,1,0,0
9ovfq5hj,74,j1ad09fg,10,presurvey,ExperimentInstruction,1779399006,1,0,0
9ovfq5hj,83,5a6itog6,1,presurvey,Introduction,1779399008,1,0,0
9ovfq5hj,81,imc949fz,2,presurvey,AudioCheck,1779399013,1,0,0
9ovfq5hj,55,pkw4oxwr,13,mock_N08_N04_Aonly,GroupingWaitPage,1779399027,1,0,1
9ovfq5hj,55,pkw4oxwr,14,mock_N08_N04_Aonly,GroupSizeWaitPage,1779399027,1,0,1
9ovfq5hj,81,imc949fz,3,presurvey,Demographics,1779399031,1,0,0
9ovfq5hj,80,3zu2r7pr,5,presurvey,Training,1779399032,1,0,0
9ovfq5hj,55,pkw4oxwr,15,mock_N08_N04_Aonly,AttentionCheck,1779399033,1,0,0
9ovfq5hj,74,j1ad09fg,11,presurvey,Scenario,1779399054,1,0,0
9ovfq5hj,81,imc949fz,4,presurvey,NeighborhoodInstruction,1779399057,1,0,0
9ovfq5hj,50,utofo841,13,mock_N08_N04_Aonly,GroupingWaitPage,1779399062,1,0,1
9ovfq5hj,50,utofo841,14,mock_N08_N04_Aonly,GroupSizeWaitPage,1779399063,1,0,1
9ovfq5hj,50,utofo841,15,mock_N08_N04_Aonly,AttentionCheck,1779399067,1,0,0
9ovfq5hj,83,5a6itog6,2,presurvey,AudioCheck,1779399077,1,0,0
9ovfq5hj,56,m5vfzlkn,13,mock_N08_N04_Aonly,GroupingWaitPage,1779399094,1,0,1
9ovfq5hj,56,m5vfzlkn,14,mock_N08_N04_Aonly,GroupSizeWaitPage,1779399094,1,0,1
9ovfq5hj,56,m5vfzlkn,15,mock_N08_N04_Aonly,AttentionCheck,1779399102,1,0,0
9ovfq5hj,80,3zu2r7pr,6,presurvey,TrainingNeighbor_1,1779399104,1,0,0
9ovfq5hj,83,5a6itog6,3,presurvey,Demographics,1779399120,1,0,0
9ovfq5hj,74,j1ad09fg,12,presurvey,Commitment,1779399122,1,0,0
9ovfq5hj,80,3zu2r7pr,10,presurvey,ExperimentInstruction,1779399122,1,0,0
9ovfq5hj,81,imc949fz,5,presurvey,Training,1779399130,1,0,0
9ovfq5hj,81,imc949fz,6,presurvey,TrainingNeighbor_1,1779399169,1,0,0
9ovfq5hj,84,ffmtn5yl,0,,InitializeParticipant,1779399170,1,0,0
9ovfq5hj,80,3zu2r7pr,11,presurvey,Scenario,1779399172,1,0,0
9ovfq5hj,81,imc949fz,10,presurvey,ExperimentInstruction,1779399185,1,0,0
9ovfq5hj,84,ffmtn5yl,1,presurvey,Introduction,1779399185,1,0,0
9ovfq5hj,85,87rgm4o1,0,,InitializeParticipant,1779399211,1,0,0
9ovfq5hj,84,ffmtn5yl,2,presurvey,AudioCheck,1779399215,1,0,0
9ovfq5hj,86,k0e0c8qq,0,,InitializeParticipant,1779399220,1,0,0
9ovfq5hj,83,5a6itog6,4,presurvey,NeighborhoodInstruction,1779399223,1,0,0
9ovfq5hj,85,87rgm4o1,1,presurvey,Introduction,1779399229,1,0,0
9ovfq5hj,84,ffmtn5yl,3,presurvey,Demographics,1779399232,1,0,0
9ovfq5hj,86,k0e0c8qq,1,presurvey,Introduction,1779399236,1,0,0
9ovfq5hj,84,ffmtn5yl,4,presurvey,NeighborhoodInstruction,1779399239,1,0,0
9ovfq5hj,80,3zu2r7pr,12,presurvey,Commitment,1779399243,1,0,0
9ovfq5hj,85,87rgm4o1,2,presurvey,AudioCheck,1779399245,1,0,0
9ovfq5hj,84,ffmtn5yl,5,presurvey,Training,1779399246,1,0,0
9ovfq5hj,86,k0e0c8qq,2,presurvey,AudioCheck,1779399251,1,0,0
9ovfq5hj,64,hq6vquhn,13,mock_N08_N04_Aonly,GroupingWaitPage,1779399257,1,0,1
9ovfq5hj,85,87rgm4o1,3,presurvey,Demographics,1779399257,1,0,0
9ovfq5hj,64,hq6vquhn,14,mock_N08_N04_Aonly,GroupSizeWaitPage,1779399258,1,0,1
9ovfq5hj,64,hq6vquhn,15,mock_N08_N04_Aonly,AttentionCheck,1779399261,1,0,0
9ovfq5hj,86,k0e0c8qq,3,presurvey,Demographics,1779399269,1,0,0
9ovfq5hj,81,imc949fz,11,presurvey,Scenario,1779399282,1,0,0
9ovfq5hj,86,k0e0c8qq,4,presurvey,NeighborhoodInstruction,1779399284,1,0,0
9ovfq5hj,84,ffmtn5yl,6,presurvey,TrainingNeighbor_1,1779399287,1,0,0
9ovfq5hj,84,ffmtn5yl,7,presurvey,TrainingNeighbor_2,1779399295,1,0,0
9ovfq5hj,83,5a6itog6,5,presurvey,Training,1779399296,1,0,0
9ovfq5hj,84,ffmtn5yl,10,presurvey,ExperimentInstruction,1779399306,1,0,0
9ovfq5hj,86,k0e0c8qq,5,presurvey,Training,1779399317,1,0,0
9ovfq5hj,81,imc949fz,12,presurvey,Commitment,1779399318,1,0,0
9ovfq5hj,87,jxr50ae0,0,,InitializeParticipant,1779399342,1,0,0
9ovfq5hj,84,ffmtn5yl,11,presurvey,Scenario,1779399343,1,0,0
9ovfq5hj,87,jxr50ae0,1,presurvey,Introduction,1779399356,1,0,0
9ovfq5hj,88,nlldj1op,0,,InitializeParticipant,1779399373,1,0,0
9ovfq5hj,88,nlldj1op,1,presurvey,Introduction,1779399378,1,0,0
9ovfq5hj,86,k0e0c8qq,6,presurvey,TrainingNeighbor_1,1779399380,1,0,0
9ovfq5hj,83,5a6itog6,6,presurvey,TrainingNeighbor_1,1779399393,1,0,0
9ovfq5hj,85,87rgm4o1,4,presurvey,NeighborhoodInstruction,1779399399,1,0,0
9ovfq5hj,88,nlldj1op,2,presurvey,AudioCheck,1779399401,1,0,0
9ovfq5hj,83,5a6itog6,10,presurvey,ExperimentInstruction,1779399408,1,0,0
9ovfq5hj,89,uyrvmpxp,0,,InitializeParticipant,1779399410,1,0,0
9ovfq5hj,87,jxr50ae0,2,presurvey,AudioCheck,1779399419,1,0,0
9ovfq5hj,88,nlldj1op,3,presurvey,Demographics,1779399426,1,0,0
9ovfq5hj,90,n47wt241,0,,InitializeParticipant,1779399428,1,0,0
9ovfq5hj,90,n47wt241,1,presurvey,Introduction,1779399442,1,0,0
9ovfq5hj,88,nlldj1op,4,presurvey,NeighborhoodInstruction,1779399454,1,0,0
9ovfq5hj,90,n47wt241,2,presurvey,AudioCheck,1779399463,1,0,0
9ovfq5hj,85,87rgm4o1,5,presurvey,Training,1779399464,1,0,0
9ovfq5hj,71,h1g3xgjr,13,mock_N08_N04_Aonly,GroupingWaitPage,1779399474,1,0,1
9ovfq5hj,71,h1g3xgjr,14,mock_N08_N04_Aonly,GroupSizeWaitPage,1779399474,1,0,1
9ovfq5hj,90,n47wt241,3,presurvey,Demographics,1779399476,1,0,0
9ovfq5hj,90,n47wt241,4,presurvey,NeighborhoodInstruction,1779399482,1,0,0
9ovfq5hj,71,h1g3xgjr,15,mock_N08_N04_Aonly,AttentionCheck,1779399486,1,0,0
9ovfq5hj,85,87rgm4o1,6,presurvey,TrainingNeighbor_1,1779399488,1,0,0
9ovfq5hj,85,87rgm4o1,7,presurvey,TrainingNeighbor_2,1779399492,1,0,0
9ovfq5hj,91,rin6woua,0,,InitializeParticipant,1779399492,1,0,0
9ovfq5hj,89,uyrvmpxp,1,presurvey,Introduction,1779399493,1,0,0
9ovfq5hj,88,nlldj1op,5,presurvey,Training,1779399494,1,0,0
9ovfq5hj,85,87rgm4o1,10,presurvey,ExperimentInstruction,1779399495,1,0,0
9ovfq5hj,83,5a6itog6,11,presurvey,Scenario,1779399506,1,0,0
9ovfq5hj,86,k0e0c8qq,10,presurvey,ExperimentInstruction,1779399518,1,0,0
9ovfq5hj,90,n47wt241,5,presurvey,Training,1779399519,1,0,0
9ovfq5hj,88,nlldj1op,6,presurvey,TrainingNeighbor_1,1779399525,1,0,0
9ovfq5hj,85,87rgm4o1,11,presurvey,Scenario,1779399525,1,0,0
9ovfq5hj,88,nlldj1op,10,presurvey,ExperimentInstruction,1779399536,1,0,0
9ovfq5hj,91,rin6woua,1,presurvey,Introduction,1779399538,1,0,0
9ovfq5hj,90,n47wt241,6,presurvey,TrainingNeighbor_1,1779399543,1,0,0
9ovfq5hj,90,n47wt241,10,presurvey,ExperimentInstruction,1779399547,1,0,0
9ovfq5hj,86,k0e0c8qq,11,presurvey,Scenario,1779399554,1,0,0
9ovfq5hj,90,n47wt241,11,presurvey,Scenario,1779399574,1,0,0
9ovfq5hj,89,uyrvmpxp,2,presurvey,AudioCheck,1779399583,1,0,0
9ovfq5hj,88,nlldj1op,11,presurvey,Scenario,1779399590,1,0,0
9ovfq5hj,89,uyrvmpxp,3,presurvey,Demographics,1779399620,1,0,0
9ovfq5hj,92,a2u95fqs,0,,InitializeParticipant,1779399635,1,0,0
9ovfq5hj,88,nlldj1op,12,presurvey,Commitment,1779399648,1,0,0
9ovfq5hj,92,a2u95fqs,1,presurvey,Introduction,1779399652,1,0,0
9ovfq5hj,89,uyrvmpxp,4,presurvey,NeighborhoodInstruction,1779399659,1,0,0
9ovfq5hj,91,rin6woua,2,presurvey,AudioCheck,1779399669,1,0,0
9ovfq5hj,86,k0e0c8qq,12,presurvey,Commitment,1779399685,1,0,0
9ovfq5hj,92,a2u95fqs,2,presurvey,AudioCheck,1779399685,1,0,0
9ovfq5hj,93,xvn35jvl,0,,InitializeParticipant,1779399699,1,0,0
9ovfq5hj,91,rin6woua,3,presurvey,Demographics,1779399701,1,0,0
9ovfq5hj,89,uyrvmpxp,5,presurvey,Training,1779399707,1,0,0
9ovfq5hj,92,a2u95fqs,3,presurvey,Demographics,1779399710,1,0,0
9ovfq5hj,92,a2u95fqs,4,presurvey,NeighborhoodInstruction,1779399732,1,0,0
9ovfq5hj,93,xvn35jvl,1,presurvey,Introduction,1779399733,1,0,0
9ovfq5hj,91,rin6woua,4,presurvey,NeighborhoodInstruction,1779399753,1,0,0
9ovfq5hj,92,a2u95fqs,5,presurvey,Training,1779399771,1,0,0
9ovfq5hj,93,xvn35jvl,2,presurvey,AudioCheck,1779399772,1,0,0
9ovfq5hj,89,uyrvmpxp,6,presurvey,TrainingNeighbor_1,1779399773,1,0,0
9ovfq5hj,94,cljop4ew,0,,InitializeParticipant,1779399787,1,0,0
9ovfq5hj,94,cljop4ew,1,presurvey,Introduction,1779399791,1,0,0
9ovfq5hj,93,xvn35jvl,3,presurvey,Demographics,1779399801,1,0,0
9ovfq5hj,91,rin6woua,5,presurvey,Training,1779399817,1,0,0
9ovfq5hj,93,xvn35jvl,4,presurvey,NeighborhoodInstruction,1779399820,1,0,0
9ovfq5hj,92,a2u95fqs,6,presurvey,TrainingNeighbor_1,1779399836,1,0,0
9ovfq5hj,94,cljop4ew,2,presurvey,AudioCheck,1779399838,1,0,0
9ovfq5hj,92,a2u95fqs,10,presurvey,ExperimentInstruction,1779399845,1,0,0
9ovfq5hj,94,cljop4ew,3,presurvey,Demographics,1779399847,1,0,0
9ovfq5hj,89,uyrvmpxp,10,presurvey,ExperimentInstruction,1779399856,1,0,0
9ovfq5hj,94,cljop4ew,4,presurvey,NeighborhoodInstruction,1779399858,1,0,0
9ovfq5hj,93,xvn35jvl,5,presurvey,Training,1779399860,1,0,0
9ovfq5hj,78,7pi8ohvg,13,mock_N08_N04_Aonly,GroupingWaitPage,1779399863,1,0,1
9ovfq5hj,78,7pi8ohvg,14,mock_N08_N04_Aonly,GroupSizeWaitPage,1779399864,1,0,1
9ovfq5hj,78,7pi8ohvg,15,mock_N08_N04_Aonly,AttentionCheck,1779399867,1,0,0
9ovfq5hj,94,cljop4ew,5,presurvey,Training,1779399879,1,0,0
9ovfq5hj,91,rin6woua,6,presurvey,TrainingNeighbor_1,1779399880,1,0,0
9ovfq5hj,91,rin6woua,10,presurvey,ExperimentInstruction,1779399889,1,0,0
9ovfq5hj,89,uyrvmpxp,11,presurvey,Scenario,1779399900,1,0,0
9ovfq5hj,94,cljop4ew,6,presurvey,TrainingNeighbor_1,1779399907,1,0,0
9ovfq5hj,92,a2u95fqs,11,presurvey,Scenario,1779399913,1,0,0
9ovfq5hj,93,xvn35jvl,6,presurvey,TrainingNeighbor_1,1779399920,1,0,0
9ovfq5hj,95,l056h9ds,0,,InitializeParticipant,1779399929,1,0,0
9ovfq5hj,93,xvn35jvl,10,presurvey,ExperimentInstruction,1779399931,1,0,0
9ovfq5hj,91,rin6woua,11,presurvey,Scenario,1779399951,1,0,0
9ovfq5hj,95,l056h9ds,1,presurvey,Introduction,1779399961,1,0,0
9ovfq5hj,75,bh6fg1rj,13,mock_N08_N04_Aonly,GroupingWaitPage,1779399972,1,0,1
9ovfq5hj,75,bh6fg1rj,14,mock_N08_N04_Aonly,GroupSizeWaitPage,1779399972,1,0,1
9ovfq5hj,95,l056h9ds,2,presurvey,AudioCheck,1779399974,1,0,0
9ovfq5hj,93,xvn35jvl,11,presurvey,Scenario,1779399979,1,0,0
9ovfq5hj,75,bh6fg1rj,15,mock_N08_N04_Aonly,AttentionCheck,1779399989,1,0,0
9ovfq5hj,77,le325noi,13,mock_N08_N04_Aonly,GroupingWaitPage,1779399993,1,0,1
9ovfq5hj,77,le325noi,14,mock_N08_N04_Aonly,GroupSizeWaitPage,1779399993,1,0,1
9ovfq5hj,95,l056h9ds,3,presurvey,Demographics,1779399995,1,0,0
9ovfq5hj,92,a2u95fqs,12,presurvey,Commitment,1779400007,1,0,0
9ovfq5hj,95,l056h9ds,4,presurvey,NeighborhoodInstruction,1779400012,1,0,0
9ovfq5hj,77,le325noi,15,mock_N08_N04_Aonly,AttentionCheck,1779400029,1,1,0
9ovfq5hj,96,5oyz6gvu,0,,InitializeParticipant,1779400036,1,0,0
9ovfq5hj,91,rin6woua,12,presurvey,Commitment,1779400041,1,0,0
9ovfq5hj,95,l056h9ds,5,presurvey,Training,1779400058,1,0,0
9ovfq5hj,96,5oyz6gvu,1,presurvey,Introduction,1779400083,1,0,0
9ovfq5hj,97,4zphk2u4,0,,InitializeParticipant,1779400090,1,0,0
9ovfq5hj,95,l056h9ds,6,presurvey,TrainingNeighbor_1,1779400099,1,0,0
9ovfq5hj,96,5oyz6gvu,2,presurvey,AudioCheck,1779400102,1,0,0
9ovfq5hj,98,gz6xe5ek,0,,InitializeParticipant,1779400112,1,0,0
9ovfq5hj,95,l056h9ds,10,presurvey,ExperimentInstruction,1779400114,1,0,0
9ovfq5hj,98,gz6xe5ek,1,presurvey,Introduction,1779400122,1,0,0
9ovfq5hj,96,5oyz6gvu,3,presurvey,Demographics,1779400124,1,0,0
9ovfq5hj,98,gz6xe5ek,2,presurvey,AudioCheck,1779400142,1,0,0
9ovfq5hj,98,gz6xe5ek,3,presurvey,Demographics,1779400151,1,0,0
9ovfq5hj,99,7khmnabt,0,,InitializeParticipant,1779400153,1,0,0
9ovfq5hj,98,gz6xe5ek,4,presurvey,NeighborhoodInstruction,1779400159,1,0,0
9ovfq5hj,96,5oyz6gvu,4,presurvey,NeighborhoodInstruction,1779400162,1,0,0
9ovfq5hj,99,7khmnabt,1,presurvey,Introduction,1779400168,1,0,0
9ovfq5hj,98,gz6xe5ek,5,presurvey,Training,1779400169,1,0,0
9ovfq5hj,95,l056h9ds,11,presurvey,Scenario,1779400171,1,0,0
9ovfq5hj,100,021krgv6,0,,InitializeParticipant,1779400185,1,0,0
9ovfq5hj,101,z9y6bfco,0,,InitializeParticipant,1779400194,1,0,0
9ovfq5hj,98,gz6xe5ek,6,presurvey,TrainingNeighbor_1,1779400198,1,0,0
9ovfq5hj,99,7khmnabt,2,presurvey,AudioCheck,1779400199,1,0,0
9ovfq5hj,98,gz6xe5ek,10,presurvey,ExperimentInstruction,1779400201,1,0,0
9ovfq5hj,96,5oyz6gvu,5,presurvey,Training,1779400201,1,0,0
9ovfq5hj,100,021krgv6,1,presurvey,Introduction,1779400209,1,0,0
9ovfq5hj,98,gz6xe5ek,11,presurvey,Scenario,1779400221,1,0,0
9ovfq5hj,99,7khmnabt,3,presurvey,Demographics,1779400222,1,0,0
9ovfq5hj,98,gz6xe5ek,12,presurvey,Commitment,1779400240,1,0,0
9ovfq5hj,100,021krgv6,2,presurvey,AudioCheck,1779400250,1,0,0
9ovfq5hj,99,7khmnabt,4,presurvey,NeighborhoodInstruction,1779400251,1,0,0
9ovfq5hj,97,4zphk2u4,1,presurvey,Introduction,1779400256,1,0,0
9ovfq5hj,102,f0mcwdse,0,,InitializeParticipant,1779400260,1,0,0
9ovfq5hj,74,j1ad09fg,13,mock_N08_N04_Aonly,GroupingWaitPage,1779400262,1,0,1
9ovfq5hj,96,5oyz6gvu,6,presurvey,TrainingNeighbor_1,1779400263,1,0,0
9ovfq5hj,74,j1ad09fg,14,mock_N08_N04_Aonly,GroupSizeWaitPage,1779400264,1,0,1
9ovfq5hj,103,s145ujvj,0,,InitializeParticipant,1779400265,1,0,0
9ovfq5hj,96,5oyz6gvu,7,presurvey,TrainingNeighbor_2,1779400271,1,0,0
9ovfq5hj,102,f0mcwdse,1,presurvey,Introduction,1779400272,1,0,0
9ovfq5hj,103,s145ujvj,1,presurvey,Introduction,1779400273,1,0,0
9ovfq5hj,104,7ux2wi9f,0,,InitializeParticipant,1779400274,1,0,0
9ovfq5hj,100,021krgv6,3,presurvey,Demographics,1779400274,1,0,0
9ovfq5hj,74,j1ad09fg,15,mock_N08_N04_Aonly,AttentionCheck,1779400278,1,0,0
9ovfq5hj,99,7khmnabt,5,presurvey,Training,1779400280,1,0,0
9ovfq5hj,96,5oyz6gvu,10,presurvey,ExperimentInstruction,1779400280,1,0,0
9ovfq5hj,94,cljop4ew,10,presurvey,ExperimentInstruction,1779400280,1,0,0
9ovfq5hj,105,582egwmi,0,,InitializeParticipant,1779400282,1,0,0
9ovfq5hj,106,6cxbb9wt,0,,InitializeParticipant,1779400284,1,0,0
9ovfq5hj,102,f0mcwdse,2,presurvey,AudioCheck,1779400288,1,0,0
9ovfq5hj,103,s145ujvj,2,presurvey,AudioCheck,1779400288,1,0,0
9ovfq5hj,106,6cxbb9wt,1,presurvey,Introduction,1779400289,1,0,0
9ovfq5hj,101,z9y6bfco,1,presurvey,Introduction,1779400296,1,0,0
9ovfq5hj,102,f0mcwdse,3,presurvey,Demographics,1779400304,1,0,0
9ovfq5hj,100,021krgv6,4,presurvey,NeighborhoodInstruction,1779400312,1,0,0
9ovfq5hj,94,cljop4ew,11,presurvey,Scenario,1779400313,1,0,0
9ovfq5hj,106,6cxbb9wt,2,presurvey,AudioCheck,1779400319,1,0,0
9ovfq5hj,102,f0mcwdse,4,presurvey,NeighborhoodInstruction,1779400319,1,0,0
9ovfq5hj,97,4zphk2u4,2,presurvey,AudioCheck,1779400319,1,0,0
9ovfq5hj,99,7khmnabt,6,presurvey,TrainingNeighbor_1,1779400319,1,0,0
9ovfq5hj,107,l2jmi7pg,0,,InitializeParticipant,1779400322,1,0,0
9ovfq5hj,103,s145ujvj,3,presurvey,Demographics,1779400322,1,0,0
9ovfq5hj,96,5oyz6gvu,11,presurvey,Scenario,1779400325,1,0,0
9ovfq5hj,102,f0mcwdse,5,presurvey,Training,1779400331,1,0,0
9ovfq5hj,101,z9y6bfco,2,presurvey,AudioCheck,1779400331,1,0,0
9ovfq5hj,107,l2jmi7pg,1,presurvey,Introduction,1779400332,1,0,0
9ovfq5hj,105,582egwmi,1,presurvey,Introduction,1779400338,1,0,0
9ovfq5hj,107,l2jmi7pg,2,presurvey,AudioCheck,1779400346,1,0,0
9ovfq5hj,99,7khmnabt,7,presurvey,TrainingNeighbor_2,1779400346,1,0,0
9ovfq5hj,103,s145ujvj,4,presurvey,NeighborhoodInstruction,1779400347,1,0,0
9ovfq5hj,101,z9y6bfco,3,presurvey,Demographics,1779400350,1,0,0
9ovfq5hj,99,7khmnabt,10,presurvey,ExperimentInstruction,1779400351,1,0,0
9ovfq5hj,106,6cxbb9wt,3,presurvey,Demographics,1779400358,1,0,0
9ovfq5hj,97,4zphk2u4,3,presurvey,Demographics,1779400359,1,0,0
9ovfq5hj,108,bn32791n,0,,InitializeParticipant,1779400361,1,0,0
9ovfq5hj,107,l2jmi7pg,3,presurvey,Demographics,1779400362,1,0,0
9ovfq5hj,106,6cxbb9wt,4,presurvey,NeighborhoodInstruction,1779400365,1,0,0
9ovfq5hj,107,l2jmi7pg,4,presurvey,NeighborhoodInstruction,1779400370,1,0,0
9ovfq5hj,102,f0mcwdse,6,presurvey,TrainingNeighbor_1,1779400371,1,0,0
9ovfq5hj,102,f0mcwdse,7,presurvey,TrainingNeighbor_2,1779400378,1,0,0
9ovfq5hj,100,021krgv6,5,presurvey,Training,1779400379,1,0,0
9ovfq5hj,101,z9y6bfco,4,presurvey,NeighborhoodInstruction,1779400379,1,0,0
9ovfq5hj,102,f0mcwdse,10,presurvey,ExperimentInstruction,1779400384,1,0,0
9ovfq5hj,99,7khmnabt,11,presurvey,Scenario,1779400391,1,0,0
9ovfq5hj,106,6cxbb9wt,5,presurvey,Training,1779400396,1,0,0
9ovfq5hj,107,l2jmi7pg,5,presurvey,Training,1779400396,1,0,0
9ovfq5hj,104,7ux2wi9f,1,presurvey,Introduction,1779400396,1,0,0
9ovfq5hj,108,bn32791n,1,presurvey,Introduction,1779400398,1,0,0
9ovfq5hj,109,rbzw9d9w,0,,InitializeParticipant,1779400404,1,0,0
9ovfq5hj,110,4k8qyt20,0,,InitializeParticipant,1779400408,1,0,0
9ovfq5hj,109,rbzw9d9w,1,presurvey,Introduction,1779400411,1,0,0
9ovfq5hj,110,4k8qyt20,1,presurvey,Introduction,1779400414,1,0,0
9ovfq5hj,107,l2jmi7pg,6,presurvey,TrainingNeighbor_1,1779400416,1,0,0
9ovfq5hj,104,7ux2wi9f,2,presurvey,AudioCheck,1779400419,1,0,0
9ovfq5hj,107,l2jmi7pg,10,presurvey,ExperimentInstruction,1779400420,1,0,0
9ovfq5hj,100,021krgv6,6,presurvey,TrainingNeighbor_1,1779400423,1,0,0
9ovfq5hj,110,4k8qyt20,2,presurvey,AudioCheck,1779400425,1,0,0
9ovfq5hj,101,z9y6bfco,5,presurvey,Training,1779400428,1,0,0
9ovfq5hj,102,f0mcwdse,11,presurvey,Scenario,1779400428,1,0,0
9ovfq5hj,97,4zphk2u4,4,presurvey,NeighborhoodInstruction,1779400430,1,0,0
9ovfq5hj,107,l2jmi7pg,11,presurvey,Scenario,1779400437,1,0,0
9ovfq5hj,110,4k8qyt20,3,presurvey,Demographics,1779400439,1,0,0
9ovfq5hj,108,bn32791n,2,presurvey,AudioCheck,1779400441,1,0,0
9ovfq5hj,103,s145ujvj,5,presurvey,Training,1779400441,1,0,0
9ovfq5hj,109,rbzw9d9w,2,presurvey,AudioCheck,1779400451,1,0,0
9ovfq5hj,100,021krgv6,10,presurvey,ExperimentInstruction,1779400456,1,0,0
9ovfq5hj,101,z9y6bfco,6,presurvey,TrainingNeighbor_1,1779400456,1,0,0
9ovfq5hj,106,6cxbb9wt,6,presurvey,TrainingNeighbor_1,1779400456,1,0,0
9ovfq5hj,110,4k8qyt20,4,presurvey,NeighborhoodInstruction,1779400461,1,0,0
9ovfq5hj,107,l2jmi7pg,12,presurvey,Commitment,1779400463,1,0,0
9ovfq5hj,81,imc949fz,13,mock_N08_N04_Aonly,GroupingWaitPage,1779400463,1,0,1
9ovfq5hj,81,imc949fz,14,mock_N08_N04_Aonly,GroupSizeWaitPage,1779400464,1,0,1
9ovfq5hj,102,f0mcwdse,12,presurvey,Commitment,1779400464,1,0,0
9ovfq5hj,106,6cxbb9wt,10,presurvey,ExperimentInstruction,1779400466,1,0,0
9ovfq5hj,108,bn32791n,3,presurvey,Demographics,1779400467,1,0,0
9ovfq5hj,81,imc949fz,15,mock_N08_N04_Aonly,AttentionCheck,1779400469,1,0,0
9ovfq5hj,110,4k8qyt20,5,presurvey,Training,1779400473,1,0,0
9ovfq5hj,101,z9y6bfco,10,presurvey,ExperimentInstruction,1779400479,1,0,0
9ovfq5hj,97,4zphk2u4,5,presurvey,Training,1779400489,1,0,0
9ovfq5hj,111,7dny39wa,0,,InitializeParticipant,1779400493,1,0,0
9ovfq5hj,112,kgp3fuv2,0,,InitializeParticipant,1779400496,1,0,0
9ovfq5hj,108,bn32791n,4,presurvey,NeighborhoodInstruction,1779400496,1,0,0
9ovfq5hj,110,4k8qyt20,6,presurvey,TrainingNeighbor_1,1779400498,1,0,0
9ovfq5hj,111,7dny39wa,1,presurvey,Introduction,1779400499,1,0,0
9ovfq5hj,105,582egwmi,2,presurvey,AudioCheck,1779400501,1,0,0
9ovfq5hj,106,6cxbb9wt,11,presurvey,Scenario,1779400502,1,0,0
9ovfq5hj,110,4k8qyt20,7,presurvey,TrainingNeighbor_2,1779400507,1,0,0
9ovfq5hj,100,021krgv6,11,presurvey,Scenario,1779400509,1,0,0
9ovfq5hj,101,z9y6bfco,11,presurvey,Scenario,1779400510,1,0,0
9ovfq5hj,110,4k8qyt20,10,presurvey,ExperimentInstruction,1779400514,1,0,0
9ovfq5hj,111,7dny39wa,2,presurvey,AudioCheck,1779400517,1,0,0
9ovfq5hj,103,s145ujvj,6,presurvey,TrainingNeighbor_1,1779400518,1,0,0
9ovfq5hj,110,4k8qyt20,11,presurvey,Scenario,1779400525,1,0,0
9ovfq5hj,108,bn32791n,5,presurvey,Training,1779400526,1,0,0
9ovfq5hj,111,7dny39wa,3,presurvey,Demographics,1779400529,1,0,0
9ovfq5hj,103,s145ujvj,10,presurvey,ExperimentInstruction,1779400539,1,0,0
9ovfq5hj,112,kgp3fuv2,1,presurvey,Introduction,1779400543,1,0,0
9ovfq5hj,101,z9y6bfco,12,presurvey,Commitment,1779400545,1,0,0
9ovfq5hj,104,7ux2wi9f,3,presurvey,Demographics,1779400554,1,0,0
9ovfq5hj,113,6vry3tls,0,,InitializeParticipant,1779400562,1,0,0
9ovfq5hj,104,7ux2wi9f,4,presurvey,NeighborhoodInstruction,1779400563,1,0,0
9ovfq5hj,108,bn32791n,6,presurvey,TrainingNeighbor_1,1779400565,1,0,0
9ovfq5hj,112,kgp3fuv2,2,presurvey,AudioCheck,1779400566,1,0,0
9ovfq5hj,110,4k8qyt20,12,presurvey,Commitment,1779400566,1,0,0
9ovfq5hj,103,s145ujvj,11,presurvey,Scenario,1779400569,1,0,0
9ovfq5hj,114,t7kb98c9,0,,InitializeParticipant,1779400572,1,0,0
9ovfq5hj,108,bn32791n,10,presurvey,ExperimentInstruction,1779400574,1,0,0
9ovfq5hj,112,kgp3fuv2,3,presurvey,Demographics,1779400579,1,0,0
9ovfq5hj,105,582egwmi,3,presurvey,Demographics,1779400580,1,0,0
9ovfq5hj,111,7dny39wa,4,presurvey,NeighborhoodInstruction,1779400596,1,0,0
9ovfq5hj,113,6vry3tls,1,presurvey,Introduction,1779400596,1,0,0
9ovfq5hj,112,kgp3fuv2,4,presurvey,NeighborhoodInstruction,1779400597,1,0,0
9ovfq5hj,100,021krgv6,12,presurvey,Commitment,1779400601,1,0,0
9ovfq5hj,105,582egwmi,4,presurvey,NeighborhoodInstruction,1779400609,1,0,0
9ovfq5hj,113,6vry3tls,2,presurvey,AudioCheck,1779400611,1,0,0
9ovfq5hj,108,bn32791n,11,presurvey,Scenario,1779400611,1,0,0
9ovfq5hj,111,7dny39wa,5,presurvey,Training,1779400623,1,0,0
9ovfq5hj,112,kgp3fuv2,5,presurvey,Training,1779400624,1,0,0
9ovfq5hj,113,6vry3tls,3,presurvey,Demographics,1779400627,1,0,0
9ovfq5hj,103,s145ujvj,12,presurvey,Commitment,1779400631,1,0,0
9ovfq5hj,114,t7kb98c9,1,presurvey,Introduction,1779400633,1,0,0
9ovfq5hj,104,7ux2wi9f,5,presurvey,Training,1779400638,1,0,0
9ovfq5hj,105,582egwmi,5,presurvey,Training,1779400648,1,0,0
9ovfq5hj,111,7dny39wa,6,presurvey,TrainingNeighbor_1,1779400649,1,0,0
9ovfq5hj,111,7dny39wa,10,presurvey,ExperimentInstruction,1779400654,1,0,0
9ovfq5hj,112,kgp3fuv2,6,presurvey,TrainingNeighbor_1,1779400656,1,0,0
9ovfq5hj,114,t7kb98c9,2,presurvey,AudioCheck,1779400660,1,0,0
9ovfq5hj,113,6vry3tls,4,presurvey,NeighborhoodInstruction,1779400660,1,0,0
9ovfq5hj,112,kgp3fuv2,7,presurvey,TrainingNeighbor_2,1779400662,1,0,0
9ovfq5hj,97,4zphk2u4,6,presurvey,TrainingNeighbor_1,1779400667,1,0,0
9ovfq5hj,112,kgp3fuv2,10,presurvey,ExperimentInstruction,1779400672,1,0,0
9ovfq5hj,111,7dny39wa,11,presurvey,Scenario,1779400675,1,0,0
9ovfq5hj,114,t7kb98c9,3,presurvey,Demographics,1779400675,1,0,0
9ovfq5hj,108,bn32791n,12,presurvey,Commitment,1779400678,1,0,0
9ovfq5hj,104,7ux2wi9f,6,presurvey,TrainingNeighbor_1,1779400688,1,0,0
9ovfq5hj,104,7ux2wi9f,10,presurvey,ExperimentInstruction,1779400695,1,0,0
9ovfq5hj,97,4zphk2u4,10,presurvey,ExperimentInstruction,1779400699,1,0,0
9ovfq5hj,114,t7kb98c9,4,presurvey,NeighborhoodInstruction,1779400702,1,0,0
9ovfq5hj,111,7dny39wa,12,presurvey,Commitment,1779400709,1,0,0
9ovfq5hj,112,kgp3fuv2,11,presurvey,Scenario,1779400712,1,0,0
9ovfq5hj,113,6vry3tls,5,presurvey,Training,1779400729,1,0,0
9ovfq5hj,115,dml5mroa,0,,InitializeParticipant,1779400735,1,0,0
9ovfq5hj,115,dml5mroa,1,presurvey,Introduction,1779400742,1,0,0
9ovfq5hj,114,t7kb98c9,5,presurvey,Training,1779400750,1,0,0
9ovfq5hj,116,0bluzjgf,0,,InitializeParticipant,1779400755,1,0,0
9ovfq5hj,116,0bluzjgf,1,presurvey,Introduction,1779400760,1,0,0
9ovfq5hj,105,582egwmi,6,presurvey,TrainingNeighbor_1,1779400762,1,0,0
9ovfq5hj,112,kgp3fuv2,12,presurvey,Commitment,1779400763,1,0,0
9ovfq5hj,115,dml5mroa,2,presurvey,AudioCheck,1779400766,1,0,0
9ovfq5hj,113,6vry3tls,6,presurvey,TrainingNeighbor_1,1779400768,1,0,0
9ovfq5hj,116,0bluzjgf,2,presurvey,AudioCheck,1779400778,1,0,0
9ovfq5hj,113,6vry3tls,7,presurvey,TrainingNeighbor_2,1779400782,1,0,0
9ovfq5hj,114,t7kb98c9,6,presurvey,TrainingNeighbor_1,1779400787,1,0,0
9ovfq5hj,88,nlldj1op,13,mock_N08_N04_Aonly,GroupingWaitPage,1779400789,1,0,1
9ovfq5hj,92,a2u95fqs,13,mock_N08_N04_Aonly,GroupingWaitPage,1779400789,1,0,1
9ovfq5hj,102,f0mcwdse,13,mock_N08_N04_Aonly,GroupingWaitPage,1779400789,1,0,1
9ovfq5hj,112,kgp3fuv2,13,mock_N08_N04_Aonly,GroupingWaitPage,1779400789,1,0,1
9ovfq5hj,88,nlldj1op,14,mock_N08_N04_Aonly,GroupSizeWaitPage,1779400790,1,0,1
9ovfq5hj,92,a2u95fqs,14,mock_N08_N04_Aonly,GroupSizeWaitPage,1779400790,1,0,1
9ovfq5hj,102,f0mcwdse,14,mock_N08_N04_Aonly,GroupSizeWaitPage,1779400790,1,0,1
9ovfq5hj,112,kgp3fuv2,14,mock_N08_N04_Aonly,GroupSizeWaitPage,1779400790,1,0,1
9ovfq5hj,88,nlldj1op,16,mock_N08_N04_Aonly,DiscussionGRPWaitPage,1779400790,1,0,1
9ovfq5hj,102,f0mcwdse,16,mock_N08_N04_Aonly,DiscussionGRPWaitPage,1779400790,1,0,1
9ovfq5hj,112,kgp3fuv2,16,mock_N08_N04_Aonly,DiscussionGRPWaitPage,1779400790,1,0,1
9ovfq5hj,92,a2u95fqs,16,mock_N08_N04_Aonly,DiscussionGRPWaitPage,1779400790,1,0,1
9ovfq5hj,116,0bluzjgf,3,presurvey,Demographics,1779400792,1,0,0
9ovfq5hj,104,7ux2wi9f,11,presurvey,Scenario,1779400793,1,0,0
9ovfq5hj,113,6vry3tls,10,presurvey,ExperimentInstruction,1779400799,1,0,0
9ovfq5hj,97,4zphk2u4,11,presurvey,Scenario,1779400801,1,0,0
9ovfq5hj,105,582egwmi,10,presurvey,ExperimentInstruction,1779400801,1,0,0
9ovfq5hj,112,kgp3fuv2,17,mock_N08_N04_Aonly,Nudge,1779400802,1,0,0
9ovfq5hj,88,nlldj1op,17,mock_N08_N04_Aonly,Nudge,1779400806,1,0,0
9ovfq5hj,116,0bluzjgf,4,presurvey,NeighborhoodInstruction,1779400807,1,0,0
9ovfq5hj,112,kgp3fuv2,18,mock_N08_N04_Aonly,NudgeTraining,1779400810,1,0,0
9ovfq5hj,114,t7kb98c9,10,presurvey,ExperimentInstruction,1779400812,1,0,0
9ovfq5hj,112,kgp3fuv2,19,mock_N08_N04_Aonly,NudgeTrainingLast,1779400816,1,0,0
9ovfq5hj,102,f0mcwdse,17,mock_N08_N04_Aonly,Nudge,1779400818,1,0,0
9ovfq5hj,88,nlldj1op,18,mock_N08_N04_Aonly,NudgeTraining,1779400819,1,0,0
9ovfq5hj,92,a2u95fqs,17,mock_N08_N04_Aonly,Nudge,1779400822,1,0,0
9ovfq5hj,116,0bluzjgf,5,presurvey,Training,1779400829,1,0,0
9ovfq5hj,88,nlldj1op,19,mock_N08_N04_Aonly,NudgeTrainingLast,1779400832,1,0,0
9ovfq5hj,112,kgp3fuv2,20,mock_N08_N04_Aonly,Phase3,1779400833,1,0,0
9ovfq5hj,102,f0mcwdse,18,mock_N08_N04_Aonly,NudgeTraining,1779400834,1,0,0
9ovfq5hj,92,a2u95fqs,18,mock_N08_N04_Aonly,NudgeTraining,1779400838,1,0,0
9ovfq5hj,113,6vry3tls,11,presurvey,Scenario,1779400839,1,0,0
9ovfq5hj,112,kgp3fuv2,21,mock_N08_N04_Aonly,Discussion,1779400842,1,0,0
9ovfq5hj,102,f0mcwdse,19,mock_N08_N04_Aonly,NudgeTrainingLast,1779400847,1,0,0
9ovfq5hj,92,a2u95fqs,19,mock_N08_N04_Aonly,NudgeTrainingLast,1779400853,1,0,0
9ovfq5hj,88,nlldj1op,20,mock_N08_N04_Aonly,Phase3,1779400854,1,0,0
9ovfq5hj,88,nlldj1op,21,mock_N08_N04_Aonly,Discussion,1779400858,1,0,0
9ovfq5hj,102,f0mcwdse,20,mock_N08_N04_Aonly,Phase3,1779400860,1,0,0
9ovfq5hj,114,t7kb98c9,11,presurvey,Scenario,1779400861,1,0,0
9ovfq5hj,102,f0mcwdse,21,mock_N08_N04_Aonly,Discussion,1779400870,1,0,0
9ovfq5hj,115,dml5mroa,3,presurvey,Demographics,1779400875,1,0,0
9ovfq5hj,92,a2u95fqs,20,mock_N08_N04_Aonly,Phase3,1779400875,1,0,0
9ovfq5hj,113,6vry3tls,12,presurvey,Commitment,1779400880,1,0,0
9ovfq5hj,116,0bluzjgf,6,presurvey,TrainingNeighbor_1,1779400881,1,0,0
9ovfq5hj,115,dml5mroa,4,presurvey,NeighborhoodInstruction,1779400882,1,0,0
9ovfq5hj,92,a2u95fqs,21,mock_N08_N04_Aonly,Discussion,1779400886,1,0,0
9ovfq5hj,88,nlldj1op,28,mock_N08_N04_Aonly,DiscussionGRPWaitPage,1779400886,2,0,1
9ovfq5hj,102,f0mcwdse,28,mock_N08_N04_Aonly,DiscussionGRPWaitPage,1779400886,2,0,1
9ovfq5hj,112,kgp3fuv2,28,mock_N08_N04_Aonly,DiscussionGRPWaitPage,1779400886,2,0,1
9ovfq5hj,92,a2u95fqs,28,mock_N08_N04_Aonly,DiscussionGRPWaitPage,1779400886,2,0,1
9ovfq5hj,92,a2u95fqs,33,mock_N08_N04_Aonly,Discussion,1779400890,2,0,0
9ovfq5hj,88,nlldj1op,33,mock_N08_N04_Aonly,Discussion,1779400891,2,0,0
9ovfq5hj,112,kgp3fuv2,33,mock_N08_N04_Aonly,Discussion,1779400895,2,0,0
9ovfq5hj,102,f0mcwdse,33,mock_N08_N04_Aonly,Discussion,1779400895,2,0,0
9ovfq5hj,88,nlldj1op,40,mock_N08_N04_Aonly,DiscussionGRPWaitPage,1779400896,3,0,1
9ovfq5hj,102,f0mcwdse,40,mock_N08_N04_Aonly,DiscussionGRPWaitPage,1779400896,3,0,1
9ovfq5hj,112,kgp3fuv2,40,mock_N08_N04_Aonly,DiscussionGRPWaitPage,1779400896,3,0,1
9ovfq5hj,92,a2u95fqs,40,mock_N08_N04_Aonly,DiscussionGRPWaitPage,1779400896,3,0,1
9ovfq5hj,112,kgp3fuv2,45,mock_N08_N04_Aonly,Discussion,1779400900,3,0,0
9ovfq5hj,92,a2u95fqs,45,mock_N08_N04_Aonly,Discussion,1779400901,3,0,0
9ovfq5hj,88,nlldj1op,45,mock_N08_N04_Aonly,Discussion,1779400901,3,0,0
9ovfq5hj,115,dml5mroa,5,presurvey,Training,1779400903,1,0,0
9ovfq5hj,102,f0mcwdse,45,mock_N08_N04_Aonly,Discussion,1779400904,3,0,0
9ovfq5hj,88,nlldj1op,52,mock_N08_N04_Aonly,DiscussionGRPWaitPage,1779400904,4,0,1
9ovfq5hj,102,f0mcwdse,52,mock_N08_N04_Aonly,DiscussionGRPWaitPage,1779400904,4,0,1
9ovfq5hj,112,kgp3fuv2,52,mock_N08_N04_Aonly,DiscussionGRPWaitPage,1779400904,4,0,1
9ovfq5hj,92,a2u95fqs,52,mock_N08_N04_Aonly,DiscussionGRPWaitPage,1779400904,4,0,1
9ovfq5hj,117,lqz5sdcs,0,,InitializeParticipant,1779400905,1,0,0
9ovfq5hj,88,nlldj1op,57,mock_N08_N04_Aonly,Discussion,1779400908,4,0,0
9ovfq5hj,112,kgp3fuv2,57,mock_N08_N04_Aonly,Discussion,1779400908,4,0,0
9ovfq5hj,102,f0mcwdse,57,mock_N08_N04_Aonly,Discussion,1779400909,4,0,0
9ovfq5hj,92,a2u95fqs,57,mock_N08_N04_Aonly,Discussion,1779400909,4,0,0
9ovfq5hj,88,nlldj1op,64,mock_N08_N04_Aonly,DiscussionGRPWaitPage,1779400909,5,0,1
9ovfq5hj,102,f0mcwdse,64,mock_N08_N04_Aonly,DiscussionGRPWaitPage,1779400909,5,0,1
9ovfq5hj,112,kgp3fuv2,64,mock_N08_N04_Aonly,DiscussionGRPWaitPage,1779400909,5,0,1
9ovfq5hj,92,a2u95fqs,64,mock_N08_N04_Aonly,DiscussionGRPWaitPage,1779400909,5,0,1
9ovfq5hj,112,kgp3fuv2,69,mock_N08_N04_Aonly,Discussion,1779400912,5,0,0
9ovfq5hj,88,nlldj1op,69,mock_N08_N04_Aonly,Discussion,1779400914,5,0,0
9ovfq5hj,92,a2u95fqs,69,mock_N08_N04_Aonly,Discussion,1779400914,5,0,0
9ovfq5hj,102,f0mcwdse,69,mock_N08_N04_Aonly,Discussion,1779400915,5,0,0
9ovfq5hj,88,nlldj1op,76,mock_N08_N04_Aonly,DiscussionGRPWaitPage,1779400915,6,0,1
9ovfq5hj,102,f0mcwdse,76,mock_N08_N04_Aonly,DiscussionGRPWaitPage,1779400915,6,0,1
9ovfq5hj,112,kgp3fuv2,76,mock_N08_N04_Aonly,DiscussionGRPWaitPage,1779400915,6,0,1
9ovfq5hj,92,a2u95fqs,76,mock_N08_N04_Aonly,DiscussionGRPWaitPage,1779400915,6,0,1
9ovfq5hj,114,t7kb98c9,12,presurvey,Commitment,1779400916,1,0,0
9ovfq5hj,112,kgp3fuv2,81,mock_N08_N04_Aonly,Discussion,1779400918,6,0,0
9ovfq5hj,92,a2u95fqs,81,mock_N08_N04_Aonly,Discussion,1779400921,6,0,0
9ovfq5hj,102,f0mcwdse,81,mock_N08_N04_Aonly,Discussion,1779400921,6,0,0
9ovfq5hj,105,582egwmi,11,presurvey,Scenario,1779400922,1,0,0
9ovfq5hj,88,nlldj1op,81,mock_N08_N04_Aonly,Discussion,1779400927,6,0,0
9ovfq5hj,116,0bluzjgf,7,presurvey,TrainingNeighbor_2,1779400927,1,0,0
9ovfq5hj,102,f0mcwdse,88,mock_N08_N04_Aonly,DiscussionGRPWaitPage,1779400928,7,0,1
9ovfq5hj,88,nlldj1op,88,mock_N08_N04_Aonly,DiscussionGRPWaitPage,1779400928,7,0,1
9ovfq5hj,112,kgp3fuv2,88,mock_N08_N04_Aonly,DiscussionGRPWaitPage,1779400928,7,0,1
9ovfq5hj,92,a2u95fqs,88,mock_N08_N04_Aonly,DiscussionGRPWaitPage,1779400928,7,0,1
9ovfq5hj,117,lqz5sdcs,1,presurvey,Introduction,1779400930,1,0,0
9ovfq5hj,112,kgp3fuv2,93,mock_N08_N04_Aonly,Discussion,1779400931,7,0,0
9ovfq5hj,92,a2u95fqs,93,mock_N08_N04_Aonly,Discussion,1779400932,7,0,0
9ovfq5hj,88,nlldj1op,93,mock_N08_N04_Aonly,Discussion,1779400933,7,0,0
9ovfq5hj,116,0bluzjgf,10,presurvey,ExperimentInstruction,1779400935,1,0,0
9ovfq5hj,102,f0mcwdse,93,mock_N08_N04_Aonly,Discussion,1779400937,7,0,0
9ovfq5hj,88,nlldj1op,100,mock_N08_N04_Aonly,DiscussionGRPWaitPage,1779400937,8,0,1
9ovfq5hj,102,f0mcwdse,100,mock_N08_N04_Aonly,DiscussionGRPWaitPage,1779400937,8,0,1
9ovfq5hj,112,kgp3fuv2,100,mock_N08_N04_Aonly,DiscussionGRPWaitPage,1779400937,8,0,1
9ovfq5hj,92,a2u95fqs,100,mock_N08_N04_Aonly,DiscussionGRPWaitPage,1779400937,8,0,1
9ovfq5hj,102,f0mcwdse,105,mock_N08_N04_Aonly,Discussion,1779400940,8,0,0
9ovfq5hj,112,kgp3fuv2,105,mock_N08_N04_Aonly,Discussion,1779400941,8,0,0
9ovfq5hj,92,a2u95fqs,105,mock_N08_N04_Aonly,Discussion,1779400941,8,0,0
9ovfq5hj,88,nlldj1op,105,mock_N08_N04_Aonly,Discussion,1779400943,8,0,0
9ovfq5hj,88,nlldj1op,112,mock_N08_N04_Aonly,DiscussionGRPWaitPage,1779400943,9,0,1
9ovfq5hj,102,f0mcwdse,112,mock_N08_N04_Aonly,DiscussionGRPWaitPage,1779400943,9,0,1
9ovfq5hj,112,kgp3fuv2,112,mock_N08_N04_Aonly,DiscussionGRPWaitPage,1779400943,9,0,1
9ovfq5hj,92,a2u95fqs,112,mock_N08_N04_Aonly,DiscussionGRPWaitPage,1779400943,9,0,1
9ovfq5hj,88,nlldj1op,117,mock_N08_N04_Aonly,Discussion,1779400946,9,0,0
9ovfq5hj,112,kgp3fuv2,117,mock_N08_N04_Aonly,Discussion,1779400946,9,0,0
9ovfq5hj,102,f0mcwdse,117,mock_N08_N04_Aonly,Discussion,1779400946,9,0,0
9ovfq5hj,92,a2u95fqs,117,mock_N08_N04_Aonly,Discussion,1779400948,9,0,0
9ovfq5hj,102,f0mcwdse,124,mock_N08_N04_Aonly,DiscussionGRPWaitPage,1779400948,10,0,1
9ovfq5hj,88,nlldj1op,124,mock_N08_N04_Aonly,DiscussionGRPWaitPage,1779400948,10,0,1
9ovfq5hj,112,kgp3fuv2,124,mock_N08_N04_Aonly,DiscussionGRPWaitPage,1779400948,10,0,1
9ovfq5hj,92,a2u95fqs,124,mock_N08_N04_Aonly,DiscussionGRPWaitPage,1779400948,10,0,1
9ovfq5hj,88,nlldj1op,129,mock_N08_N04_Aonly,Discussion,1779400952,10,0,0
9ovfq5hj,102,f0mcwdse,129,mock_N08_N04_Aonly,Discussion,1779400953,10,0,0
9ovfq5hj,112,kgp3fuv2,129,mock_N08_N04_Aonly,Discussion,1779400953,10,0,0
9ovfq5hj,92,a2u95fqs,129,mock_N08_N04_Aonly,Discussion,1779400954,10,0,0
9ovfq5hj,88,nlldj1op,136,mock_N08_N04_Aonly,DiscussionGRPWaitPage,1779400954,11,0,1
9ovfq5hj,102,f0mcwdse,136,mock_N08_N04_Aonly,DiscussionGRPWaitPage,1779400954,11,0,1
9ovfq5hj,112,kgp3fuv2,136,mock_N08_N04_Aonly,DiscussionGRPWaitPage,1779400954,11,0,1
9ovfq5hj,92,a2u95fqs,136,mock_N08_N04_Aonly,DiscussionGRPWaitPage,1779400954,11,0,1
9ovfq5hj,117,lqz5sdcs,2,presurvey,AudioCheck,1779400954,1,0,0
9ovfq5hj,88,nlldj1op,141,mock_N08_N04_Aonly,Discussion,1779400956,11,0,0
9ovfq5hj,112,kgp3fuv2,141,mock_N08_N04_Aonly,Discussion,1779400957,11,0,0
9ovfq5hj,92,a2u95fqs,141,mock_N08_N04_Aonly,Discussion,1779400959,11,0,0
9ovfq5hj,102,f0mcwdse,141,mock_N08_N04_Aonly,Discussion,1779400962,11,0,0
9ovfq5hj,88,nlldj1op,148,mock_N08_N04_Aonly,DiscussionGRPWaitPage,1779400962,12,0,1
9ovfq5hj,102,f0mcwdse,148,mock_N08_N04_Aonly,DiscussionGRPWaitPage,1779400962,12,0,1
9ovfq5hj,112,kgp3fuv2,148,mock_N08_N04_Aonly,DiscussionGRPWaitPage,1779400962,12,0,1
9ovfq5hj,92,a2u95fqs,148,mock_N08_N04_Aonly,DiscussionGRPWaitPage,1779400962,12,0,1
9ovfq5hj,97,4zphk2u4,12,presurvey,Commitment,1779400964,1,0,0
9ovfq5hj,88,nlldj1op,153,mock_N08_N04_Aonly,Discussion,1779400965,12,0,0
9ovfq5hj,102,f0mcwdse,153,mock_N08_N04_Aonly,Discussion,1779400965,12,0,0
9ovfq5hj,112,kgp3fuv2,153,mock_N08_N04_Aonly,Discussion,1779400966,12,0,0
9ovfq5hj,92,a2u95fqs,153,mock_N08_N04_Aonly,Discussion,1779400966,12,0,0
9ovfq5hj,102,f0mcwdse,160,mock_N08_N04_Aonly,DiscussionGRPWaitPage,1779400967,13,0,1
9ovfq5hj,88,nlldj1op,160,mock_N08_N04_Aonly,DiscussionGRPWaitPage,1779400967,13,0,1
9ovfq5hj,112,kgp3fuv2,160,mock_N08_N04_Aonly,DiscussionGRPWaitPage,1779400967,13,0,1
9ovfq5hj,92,a2u95fqs,160,mock_N08_N04_Aonly,DiscussionGRPWaitPage,1779400967,13,0,1
9ovfq5hj,88,nlldj1op,165,mock_N08_N04_Aonly,Discussion,1779400969,13,0,0
9ovfq5hj,112,kgp3fuv2,165,mock_N08_N04_Aonly,Discussion,1779400969,13,0,0
9ovfq5hj,102,f0mcwdse,165,mock_N08_N04_Aonly,Discussion,1779400971,13,0,0
9ovfq5hj,92,a2u95fqs,165,mock_N08_N04_Aonly,Discussion,1779400972,13,0,0
9ovfq5hj,88,nlldj1op,172,mock_N08_N04_Aonly,DiscussionGRPWaitPage,1779400972,14,0,1
9ovfq5hj,102,f0mcwdse,172,mock_N08_N04_Aonly,DiscussionGRPWaitPage,1779400972,14,0,1
9ovfq5hj,92,a2u95fqs,172,mock_N08_N04_Aonly,DiscussionGRPWaitPage,1779400972,14,0,1
9ovfq5hj,112,kgp3fuv2,172,mock_N08_N04_Aonly,DiscussionGRPWaitPage,1779400972,14,0,1
9ovfq5hj,112,kgp3fuv2,177,mock_N08_N04_Aonly,Discussion,1779400974,14,0,0
9ovfq5hj,116,0bluzjgf,11,presurvey,Scenario,1779400975,1,0,0
9ovfq5hj,117,lqz5sdcs,3,presurvey,Demographics,1779400980,1,0,0
9ovfq5hj,88,nlldj1op,177,mock_N08_N04_Aonly,Discussion,1779400980,14,0,0
9ovfq5hj,102,f0mcwdse,177,mock_N08_N04_Aonly,Discussion,1779400981,14,0,0
9ovfq5hj,92,a2u95fqs,177,mock_N08_N04_Aonly,Discussion,1779400981,14,0,0
9ovfq5hj,115,dml5mroa,6,presurvey,TrainingNeighbor_1,1779400981,1,0,0
9ovfq5hj,88,nlldj1op,184,mock_N08_N04_Aonly,DiscussionGRPWaitPage,1779400982,15,0,1
9ovfq5hj,102,f0mcwdse,184,mock_N08_N04_Aonly,DiscussionGRPWaitPage,1779400982,15,0,1
9ovfq5hj,112,kgp3fuv2,184,mock_N08_N04_Aonly,DiscussionGRPWaitPage,1779400982,15,0,1
9ovfq5hj,92,a2u95fqs,184,mock_N08_N04_Aonly,DiscussionGRPWaitPage,1779400982,15,0,1
9ovfq5hj,112,kgp3fuv2,189,mock_N08_N04_Aonly,Discussion,1779400984,15,0,0
9ovfq5hj,88,nlldj1op,189,mock_N08_N04_Aonly,Discussion,1779400984,15,0,0
9ovfq5hj,102,f0mcwdse,189,mock_N08_N04_Aonly,Discussion,1779400985,15,0,0
9ovfq5hj,118,f2iuxlg9,0,,InitializeParticipant,1779400986,1,0,0
9ovfq5hj,92,a2u95fqs,189,mock_N08_N04_Aonly,Discussion,1779400986,15,0,0
9ovfq5hj,102,f0mcwdse,196,mock_N08_N04_Aonly,DiscussionGRPWaitPage,1779400986,16,0,1
9ovfq5hj,88,nlldj1op,196,mock_N08_N04_Aonly,DiscussionGRPWaitPage,1779400986,16,0,1
9ovfq5hj,112,kgp3fuv2,196,mock_N08_N04_Aonly,DiscussionGRPWaitPage,1779400986,16,0,1
9ovfq5hj,92,a2u95fqs,196,mock_N08_N04_Aonly,DiscussionGRPWaitPage,1779400986,16,0,1
9ovfq5hj,112,kgp3fuv2,201,mock_N08_N04_Aonly,Discussion,1779400988,16,0,0
9ovfq5hj,88,nlldj1op,201,mock_N08_N04_Aonly,Discussion,1779400989,16,0,0
9ovfq5hj,92,a2u95fqs,201,mock_N08_N04_Aonly,Discussion,1779400990,16,0,0
9ovfq5hj,102,f0mcwdse,201,mock_N08_N04_Aonly,Discussion,1779400991,16,0,0
9ovfq5hj,88,nlldj1op,208,mock_N08_N04_Aonly,DiscussionGRPWaitPage,1779400991,17,0,1
9ovfq5hj,102,f0mcwdse,208,mock_N08_N04_Aonly,DiscussionGRPWaitPage,1779400991,17,0,1
9ovfq5hj,112,kgp3fuv2,208,mock_N08_N04_Aonly,DiscussionGRPWaitPage,1779400991,17,0,1
9ovfq5hj,92,a2u95fqs,208,mock_N08_N04_Aonly,DiscussionGRPWaitPage,1779400991,17,0,1
9ovfq5hj,88,nlldj1op,213,mock_N08_N04_Aonly,Discussion,1779400993,17,0,0
9ovfq5hj,102,f0mcwdse,213,mock_N08_N04_Aonly,Discussion,1779400994,17,0,0
9ovfq5hj,112,kgp3fuv2,213,mock_N08_N04_Aonly,Discussion,1779400994,17,0,0
9ovfq5hj,92,a2u95fqs,213,mock_N08_N04_Aonly,Discussion,1779400994,17,0,0
9ovfq5hj,88,nlldj1op,220,mock_N08_N04_Aonly,DiscussionGRPWaitPage,1779400994,18,0,1
9ovfq5hj,102,f0mcwdse,220,mock_N08_N04_Aonly,DiscussionGRPWaitPage,1779400994,18,0,1
9ovfq5hj,112,kgp3fuv2,220,mock_N08_N04_Aonly,DiscussionGRPWaitPage,1779400994,18,0,1
9ovfq5hj,92,a2u95fqs,220,mock_N08_N04_Aonly,DiscussionGRPWaitPage,1779400994,18,0,1
9ovfq5hj,88,nlldj1op,225,mock_N08_N04_Aonly,Discussion,1779400997,18,0,0
9ovfq5hj,119,rac2t5l4,0,,InitializeParticipant,1779400997,1,0,0
9ovfq5hj,112,kgp3fuv2,225,mock_N08_N04_Aonly,Discussion,1779400997,18,0,0
9ovfq5hj,92,a2u95fqs,225,mock_N08_N04_Aonly,Discussion,1779400998,18,0,0
9ovfq5hj,102,f0mcwdse,225,mock_N08_N04_Aonly,Discussion,1779400999,18,0,0
9ovfq5hj,102,f0mcwdse,232,mock_N08_N04_Aonly,DiscussionGRPWaitPage,1779400999,19,0,1
9ovfq5hj,88,nlldj1op,232,mock_N08_N04_Aonly,DiscussionGRPWaitPage,1779400999,19,0,1
9ovfq5hj,112,kgp3fuv2,232,mock_N08_N04_Aonly,DiscussionGRPWaitPage,1779400999,19,0,1
9ovfq5hj,92,a2u95fqs,232,mock_N08_N04_Aonly,DiscussionGRPWaitPage,1779400999,19,0,1
9ovfq5hj,88,nlldj1op,237,mock_N08_N04_Aonly,Discussion,1779401001,19,0,0
9ovfq5hj,102,f0mcwdse,237,mock_N08_N04_Aonly,Discussion,1779401001,19,0,0
9ovfq5hj,112,kgp3fuv2,237,mock_N08_N04_Aonly,Discussion,1779401002,19,0,0
9ovfq5hj,92,a2u95fqs,237,mock_N08_N04_Aonly,Discussion,1779401002,19,0,0
9ovfq5hj,119,rac2t5l4,1,presurvey,Introduction,1779401002,1,0,0
9ovfq5hj,88,nlldj1op,244,mock_N08_N04_Aonly,DiscussionGRPWaitPage,1779401003,20,0,1
9ovfq5hj,102,f0mcwdse,244,mock_N08_N04_Aonly,DiscussionGRPWaitPage,1779401003,20,0,1
9ovfq5hj,112,kgp3fuv2,244,mock_N08_N04_Aonly,DiscussionGRPWaitPage,1779401003,20,0,1
9ovfq5hj,92,a2u95fqs,244,mock_N08_N04_Aonly,DiscussionGRPWaitPage,1779401003,20,0,1
9ovfq5hj,88,nlldj1op,249,mock_N08_N04_Aonly,Discussion,1779401005,20,0,0
9ovfq5hj,112,kgp3fuv2,249,mock_N08_N04_Aonly,Discussion,1779401005,20,0,0
9ovfq5hj,92,a2u95fqs,249,mock_N08_N04_Aonly,Discussion,1779401006,20,0,0
9ovfq5hj,102,f0mcwdse,249,mock_N08_N04_Aonly,Discussion,1779401006,20,0,0
9ovfq5hj,117,lqz5sdcs,4,presurvey,NeighborhoodInstruction,1779401014,1,0,0
9ovfq5hj,118,f2iuxlg9,1,presurvey,Introduction,1779401016,1,0,0
9ovfq5hj,88,nlldj1op,250,mock_N08_N04_Aonly,Additional,1779401021,20,0,0
9ovfq5hj,112,kgp3fuv2,250,mock_N08_N04_Aonly,Additional,1779401031,20,0,0
9ovfq5hj,102,f0mcwdse,250,mock_N08_N04_Aonly,Additional,1779401031,20,0,0
9ovfq5hj,119,rac2t5l4,2,presurvey,AudioCheck,1779401033,1,0,0
9ovfq5hj,118,f2iuxlg9,2,presurvey,AudioCheck,1779401039,1,0,0
9ovfq5hj,115,dml5mroa,7,presurvey,TrainingNeighbor_2,1779401039,1,0,0
9ovfq5hj,92,a2u95fqs,250,mock_N08_N04_Aonly,Additional,1779401042,20,0,0
9ovfq5hj,88,nlldj1op,251,mock_N08_N04_Aonly,FinalRoundWaitPage,1779401042,20,0,1
9ovfq5hj,112,kgp3fuv2,251,mock_N08_N04_Aonly,FinalRoundWaitPage,1779401042,20,0,1
9ovfq5hj,102,f0mcwdse,251,mock_N08_N04_Aonly,FinalRoundWaitPage,1779401042,20,0,1
9ovfq5hj,92,a2u95fqs,251,mock_N08_N04_Aonly,FinalRoundWaitPage,1779401042,20,0,1
9ovfq5hj,117,lqz5sdcs,5,presurvey,Training,1779401049,1,0,0
9ovfq5hj,88,nlldj1op,252,mock_N08_N04_Aonly,FinalRound,1779401050,20,0,0
9ovfq5hj,92,a2u95fqs,252,mock_N08_N04_Aonly,FinalRound,1779401050,20,0,0
9ovfq5hj,112,kgp3fuv2,252,mock_N08_N04_Aonly,FinalRound,1779401051,20,0,0
9ovfq5hj,102,f0mcwdse,252,mock_N08_N04_Aonly,FinalRound,1779401052,20,0,0
9ovfq5hj,115,dml5mroa,10,presurvey,ExperimentInstruction,1779401053,1,0,0
9ovfq5hj,115,dml5mroa,11,presurvey,Scenario,1779401066,1,0,0
9ovfq5hj,118,f2iuxlg9,3,presurvey,Demographics,1779401080,1,0,0
9ovfq5hj,117,lqz5sdcs,6,presurvey,TrainingNeighbor_1,1779401081,1,0,0
9ovfq5hj,117,lqz5sdcs,7,presurvey,TrainingNeighbor_2,1779401091,1,0,0
9ovfq5hj,117,lqz5sdcs,10,presurvey,ExperimentInstruction,1779401100,1,0,0
9ovfq5hj,115,dml5mroa,12,presurvey,Commitment,1779401108,1,0,0
9ovfq5hj,120,2umjayc9,0,,InitializeParticipant,1779401120,1,0,0
9ovfq5hj,120,2umjayc9,1,presurvey,Introduction,1779401128,1,0,0
9ovfq5hj,117,lqz5sdcs,11,presurvey,Scenario,1779401154,1,0,0
9ovfq5hj,121,t4k5t6cu,0,,InitializeParticipant,1779401155,1,0,0
9ovfq5hj,122,veo6j0wk,0,,InitializeParticipant,1779401158,1,0,0
9ovfq5hj,121,t4k5t6cu,1,presurvey,Introduction,1779401168,1,0,0
9ovfq5hj,122,veo6j0wk,1,presurvey,Introduction,1779401175,1,0,0
9ovfq5hj,121,t4k5t6cu,2,presurvey,AudioCheck,1779401179,1,0,0
9ovfq5hj,91,rin6woua,13,mock_N08_N04_Aonly,GroupingWaitPage,1779401186,1,0,1
9ovfq5hj,91,rin6woua,14,mock_N08_N04_Aonly,GroupSizeWaitPage,1779401188,1,0,1
9ovfq5hj,121,t4k5t6cu,3,presurvey,Demographics,1779401193,1,0,0
9ovfq5hj,122,veo6j0wk,2,presurvey,AudioCheck,1779401197,1,0,0
9ovfq5hj,117,lqz5sdcs,12,presurvey,Commitment,1779401200,1,0,0
9ovfq5hj,121,t4k5t6cu,4,presurvey,NeighborhoodInstruction,1779401203,1,0,0
9ovfq5hj,122,veo6j0wk,3,presurvey,Demographics,1779401207,1,0,0
9ovfq5hj,91,rin6woua,15,mock_N08_N04_Aonly,AttentionCheck,1779401214,1,0,0
9ovfq5hj,120,2umjayc9,2,presurvey,AudioCheck,1779401220,1,0,0
9ovfq5hj,122,veo6j0wk,4,presurvey,NeighborhoodInstruction,1779401226,1,0,0
9ovfq5hj,121,t4k5t6cu,5,presurvey,Training,1779401240,1,0,0
9ovfq5hj,122,veo6j0wk,5,presurvey,Training,1779401243,1,0,0
9ovfq5hj,122,veo6j0wk,6,presurvey,TrainingNeighbor_1,1779401264,1,0,0
9ovfq5hj,122,veo6j0wk,10,presurvey,ExperimentInstruction,1779401269,1,0,0
9ovfq5hj,123,f1cm1lcw,0,,InitializeParticipant,1779401270,1,0,0
9ovfq5hj,123,f1cm1lcw,1,presurvey,Introduction,1779401275,1,0,0
9ovfq5hj,121,t4k5t6cu,6,presurvey,TrainingNeighbor_1,1779401278,1,0,0
9ovfq5hj,121,t4k5t6cu,10,presurvey,ExperimentInstruction,1779401283,1,0,0
9ovfq5hj,122,veo6j0wk,11,presurvey,Scenario,1779401293,1,0,0
9ovfq5hj,121,t4k5t6cu,11,presurvey,Scenario,1779401304,1,0,0
9ovfq5hj,118,f2iuxlg9,4,presurvey,NeighborhoodInstruction,1779401314,1,0,0
9ovfq5hj,124,gxmxtv69,0,,InitializeParticipant,1779401315,1,0,0
9ovfq5hj,122,veo6j0wk,12,presurvey,Commitment,1779401315,1,0,0
9ovfq5hj,123,f1cm1lcw,2,presurvey,AudioCheck,1779401317,1,0,0
9ovfq5hj,124,gxmxtv69,1,presurvey,Introduction,1779401325,1,0,0
9ovfq5hj,121,t4k5t6cu,12,presurvey,Commitment,1779401347,1,0,0
9ovfq5hj,125,owr9e0si,0,,InitializeParticipant,1779401357,1,0,0
9ovfq5hj,125,owr9e0si,1,presurvey,Introduction,1779401367,1,0,0
9ovfq5hj,125,owr9e0si,2,presurvey,AudioCheck,1779401380,1,0,0
9ovfq5hj,98,gz6xe5ek,13,mock_N08_N04_Aonly,GroupingWaitPage,1779401381,1,0,1
9ovfq5hj,98,gz6xe5ek,14,mock_N08_N04_Aonly,GroupSizeWaitPage,1779401383,1,0,1
9ovfq5hj,124,gxmxtv69,2,presurvey,AudioCheck,1779401385,1,0,0
9ovfq5hj,98,gz6xe5ek,15,mock_N08_N04_Aonly,AttentionCheck,1779401385,1,0,0
9ovfq5hj,125,owr9e0si,3,presurvey,Demographics,1779401401,1,0,0
9ovfq5hj,125,owr9e0si,4,presurvey,NeighborhoodInstruction,1779401409,1,0,0
9ovfq5hj,124,gxmxtv69,3,presurvey,Demographics,1779401415,1,0,0
9ovfq5hj,125,owr9e0si,5,presurvey,Training,1779401423,1,0,0
9ovfq5hj,125,owr9e0si,6,presurvey,TrainingNeighbor_1,1779401441,1,0,0
9ovfq5hj,124,gxmxtv69,4,presurvey,NeighborhoodInstruction,1779401448,1,0,0
9ovfq5hj,126,ll3pctlb,0,,InitializeParticipant,1779401474,1,0,0
9ovfq5hj,125,owr9e0si,10,presurvey,ExperimentInstruction,1779401476,1,0,0
9ovfq5hj,126,ll3pctlb,1,presurvey,Introduction,1779401496,1,0,0
9ovfq5hj,123,f1cm1lcw,3,presurvey,Demographics,1779401498,1,0,0
9ovfq5hj,124,gxmxtv69,5,presurvey,Training,1779401499,1,0,0
9ovfq5hj,125,owr9e0si,11,presurvey,Scenario,1779401502,1,0,0
9ovfq5hj,126,ll3pctlb,2,presurvey,AudioCheck,1779401507,1,0,0
9ovfq5hj,126,ll3pctlb,3,presurvey,Demographics,1779401521,1,0,0
9ovfq5hj,125,owr9e0si,12,presurvey,Commitment,1779401528,1,0,0
9ovfq5hj,126,ll3pctlb,4,presurvey,NeighborhoodInstruction,1779401535,1,0,0
9ovfq5hj,126,ll3pctlb,5,presurvey,Training,1779401555,1,0,0
9ovfq5hj,123,f1cm1lcw,4,presurvey,NeighborhoodInstruction,1779401558,1,0,0
9ovfq5hj,126,ll3pctlb,6,presurvey,TrainingNeighbor_1,1779401586,1,0,0
9ovfq5hj,127,uem7idn5,0,,InitializeParticipant,1779401587,1,0,0
9ovfq5hj,126,ll3pctlb,10,presurvey,ExperimentInstruction,1779401592,1,0,0
9ovfq5hj,107,l2jmi7pg,13,mock_N08_N04_Aonly,GroupingWaitPage,1779401605,1,0,1
9ovfq5hj,107,l2jmi7pg,14,mock_N08_N04_Aonly,GroupSizeWaitPage,1779401606,1,0,1
9ovfq5hj,123,f1cm1lcw,5,presurvey,Training,1779401611,1,0,0
9ovfq5hj,128,mrqskvls,0,,InitializeParticipant,1779401613,1,0,0
9ovfq5hj,107,l2jmi7pg,15,mock_N08_N04_Aonly,AttentionCheck,1779401616,1,0,0
9ovfq5hj,126,ll3pctlb,11,presurvey,Scenario,1779401625,1,0,0
9ovfq5hj,127,uem7idn5,1,presurvey,Introduction,1779401638,1,0,0
9ovfq5hj,124,gxmxtv69,6,presurvey,TrainingNeighbor_1,1779401652,1,0,0
9ovfq5hj,101,z9y6bfco,13,mock_N08_N04_Aonly,GroupingWaitPage,1779401686,1,0,1
9ovfq5hj,101,z9y6bfco,14,mock_N08_N04_Aonly,GroupSizeWaitPage,1779401687,1,0,1
9ovfq5hj,101,z9y6bfco,15,mock_N08_N04_Aonly,AttentionCheck,1779401692,1,0,0
9ovfq5hj,124,gxmxtv69,10,presurvey,ExperimentInstruction,1779401699,1,0,0
9ovfq5hj,123,f1cm1lcw,6,presurvey,TrainingNeighbor_1,1779401700,1,0,0
9ovfq5hj,123,f1cm1lcw,10,presurvey,ExperimentInstruction,1779401724,1,0,0
9ovfq5hj,127,uem7idn5,2,presurvey,AudioCheck,1779401739,1,0,0
9ovfq5hj,100,021krgv6,13,mock_N08_N04_Aonly,GroupingWaitPage,1779401742,1,0,1
9ovfq5hj,100,021krgv6,14,mock_N08_N04_Aonly,GroupSizeWaitPage,1779401743,1,0,1
9ovfq5hj,124,gxmxtv69,11,presurvey,Scenario,1779401755,1,0,0
9ovfq5hj,100,021krgv6,15,mock_N08_N04_Aonly,AttentionCheck,1779401756,1,0,0
9ovfq5hj,127,uem7idn5,3,presurvey,Demographics,1779401762,1,0,0
9ovfq5hj,103,s145ujvj,13,mock_N08_N04_Aonly,GroupingWaitPage,1779401774,1,0,1
9ovfq5hj,103,s145ujvj,14,mock_N08_N04_Aonly,GroupSizeWaitPage,1779401775,1,0,1
9ovfq5hj,103,s145ujvj,15,mock_N08_N04_Aonly,AttentionCheck,1779401783,1,0,0
9ovfq5hj,128,mrqskvls,1,presurvey,Introduction,1779401789,1,0,0
9ovfq5hj,124,gxmxtv69,12,presurvey,Commitment,1779401796,1,0,0
9ovfq5hj,128,mrqskvls,2,presurvey,AudioCheck,1779401816,1,0,0
9ovfq5hj,108,bn32791n,13,mock_N08_N04_Aonly,GroupingWaitPage,1779401818,1,0,1
9ovfq5hj,108,bn32791n,14,mock_N08_N04_Aonly,GroupSizeWaitPage,1779401819,1,0,1
9ovfq5hj,108,bn32791n,15,mock_N08_N04_Aonly,AttentionCheck,1779401827,1,0,0
9ovfq5hj,128,mrqskvls,3,presurvey,Demographics,1779401847,1,0,0
9ovfq5hj,128,mrqskvls,4,presurvey,NeighborhoodInstruction,1779401878,1,0,0
9ovfq5hj,127,uem7idn5,4,presurvey,NeighborhoodInstruction,1779401907,1,0,0
9ovfq5hj,128,mrqskvls,5,presurvey,Training,1779401912,1,0,0
9ovfq5hj,123,f1cm1lcw,11,presurvey,Scenario,1779401921,1,0,0
9ovfq5hj,128,mrqskvls,6,presurvey,TrainingNeighbor_1,1779401932,1,0,0
9ovfq5hj,127,uem7idn5,5,presurvey,Training,1779401936,1,0,0
9ovfq5hj,128,mrqskvls,7,presurvey,TrainingNeighbor_2,1779401975,1,0,0
9ovfq5hj,118,f2iuxlg9,5,presurvey,Training,1779401988,1,0,0
9ovfq5hj,128,mrqskvls,10,presurvey,ExperimentInstruction,1779401998,1,0,0
9ovfq5hj,127,uem7idn5,6,presurvey,TrainingNeighbor_1,1779402004,1,0,0
9ovfq5hj,118,f2iuxlg9,6,presurvey,TrainingNeighbor_1,1779402040,1,0,0
9ovfq5hj,128,mrqskvls,11,presurvey,Scenario,1779402044,1,0,0
9ovfq5hj,118,f2iuxlg9,7,presurvey,TrainingNeighbor_2,1779402055,1,0,0
9ovfq5hj,118,f2iuxlg9,10,presurvey,ExperimentInstruction,1779402057,1,0,0
9ovfq5hj,127,uem7idn5,7,presurvey,TrainingNeighbor_2,1779402061,1,0,0
9ovfq5hj,114,t7kb98c9,13,mock_N08_N04_Aonly,GroupingWaitPage,1779402063,1,0,1
9ovfq5hj,114,t7kb98c9,14,mock_N08_N04_Aonly,GroupSizeWaitPage,1779402064,1,0,1
9ovfq5hj,114,t7kb98c9,15,mock_N08_N04_Aonly,AttentionCheck,1779402070,1,0,0
9ovfq5hj,127,uem7idn5,10,presurvey,ExperimentInstruction,1779402077,1,0,0
9ovfq5hj,128,mrqskvls,12,presurvey,Commitment,1779402085,1,0,0
9ovfq5hj,97,4zphk2u4,13,mock_N08_N04_Aonly,GroupingWaitPage,1779402104,1,0,1
9ovfq5hj,97,4zphk2u4,14,mock_N08_N04_Aonly,GroupSizeWaitPage,1779402105,1,0,1
9ovfq5hj,127,uem7idn5,11,presurvey,Scenario,1779402105,1,0,0
9ovfq5hj,118,f2iuxlg9,11,presurvey,Scenario,1779402111,1,0,0
9ovfq5hj,97,4zphk2u4,15,mock_N08_N04_Aonly,AttentionCheck,1779402115,1,0,0
9ovfq5hj,118,f2iuxlg9,12,presurvey,Commitment,1779402125,1,0,0
9ovfq5hj,129,rcyx3vbo,0,,InitializeParticipant,1779402141,1,0,0
9ovfq5hj,129,rcyx3vbo,1,presurvey,Introduction,1779402146,1,0,0
9ovfq5hj,127,uem7idn5,12,presurvey,Commitment,1779402155,1,0,0
9ovfq5hj,129,rcyx3vbo,2,presurvey,AudioCheck,1779402193,1,0,0
9ovfq5hj,129,rcyx3vbo,3,presurvey,Demographics,1779402272,1,0,0
9ovfq5hj,129,rcyx3vbo,4,presurvey,NeighborhoodInstruction,1779402293,1,0,0
9ovfq5hj,130,jaby9slx,0,,InitializeParticipant,1779402304,1,0,0
9ovfq5hj,130,jaby9slx,1,presurvey,Introduction,1779402313,1,0,0
9ovfq5hj,130,jaby9slx,2,presurvey,AudioCheck,1779402334,1,0,0
9ovfq5hj,131,9mtdiire,0,,InitializeParticipant,1779402342,1,0,0
9ovfq5hj,131,9mtdiire,1,presurvey,Introduction,1779402347,1,0,0
9ovfq5hj,130,jaby9slx,3,presurvey,Demographics,1779402354,1,0,0
9ovfq5hj,130,jaby9slx,4,presurvey,NeighborhoodInstruction,1779402358,1,0,0
9ovfq5hj,131,9mtdiire,2,presurvey,AudioCheck,1779402363,1,0,0
9ovfq5hj,131,9mtdiire,3,presurvey,Demographics,1779402371,1,0,0
9ovfq5hj,129,rcyx3vbo,5,presurvey,Training,1779402380,1,0,0
9ovfq5hj,117,lqz5sdcs,13,mock_N08_N04_Aonly,GroupingWaitPage,1779402403,1,0,1
9ovfq5hj,117,lqz5sdcs,14,mock_N08_N04_Aonly,GroupSizeWaitPage,1779402404,1,0,1
9ovfq5hj,117,lqz5sdcs,15,mock_N08_N04_Aonly,AttentionCheck,1779402413,1,0,0
9ovfq5hj,130,jaby9slx,5,presurvey,Training,1779402416,1,0,0
9ovfq5hj,129,rcyx3vbo,6,presurvey,TrainingNeighbor_1,1779402426,1,0,0
9ovfq5hj,131,9mtdiire,4,presurvey,NeighborhoodInstruction,1779402431,1,0,0
9ovfq5hj,129,rcyx3vbo,7,presurvey,TrainingNeighbor_2,1779402440,1,0,0
9ovfq5hj,122,veo6j0wk,13,mock_N08_N04_Aonly,GroupingWaitPage,1779402458,1,0,1
9ovfq5hj,122,veo6j0wk,14,mock_N08_N04_Aonly,GroupSizeWaitPage,1779402459,1,0,1
9ovfq5hj,129,rcyx3vbo,8,presurvey,AttentionCheck,1779402463,1,0,0
9ovfq5hj,122,veo6j0wk,15,mock_N08_N04_Aonly,AttentionCheck,1779402464,1,0,0
9ovfq5hj,130,jaby9slx,6,presurvey,TrainingNeighbor_1,1779402470,1,0,0
9ovfq5hj,130,jaby9slx,7,presurvey,TrainingNeighbor_2,1779402477,1,0,0
9ovfq5hj,121,t4k5t6cu,13,mock_N08_N04_Aonly,GroupingWaitPage,1779402488,1,0,1
9ovfq5hj,121,t4k5t6cu,14,mock_N08_N04_Aonly,GroupSizeWaitPage,1779402488,1,0,1
9ovfq5hj,130,jaby9slx,10,presurvey,ExperimentInstruction,1779402493,1,0,0
9ovfq5hj,121,t4k5t6cu,15,mock_N08_N04_Aonly,AttentionCheck,1779402497,1,0,0
9ovfq5hj,129,rcyx3vbo,9,presurvey,TrainingNeighbor_3,1779402502,1,0,0
9ovfq5hj,130,jaby9slx,11,presurvey,Scenario,1779402510,1,0,0
9ovfq5hj,132,vv9hav5x,0,,InitializeParticipant,1779402610,1,0,0
9ovfq5hj,132,vv9hav5x,1,presurvey,Introduction,1779402621,1,0,0
9ovfq5hj,132,vv9hav5x,2,presurvey,AudioCheck,1779402669,1,0,0
9ovfq5hj,131,9mtdiire,5,presurvey,Training,1779402704,1,0,0
9ovfq5hj,131,9mtdiire,6,presurvey,TrainingNeighbor_1,1779402728,1,0,0
9ovfq5hj,133,e4b9dth7,0,,InitializeParticipant,1779402728,1,0,0
9ovfq5hj,131,9mtdiire,7,presurvey,TrainingNeighbor_2,1779402731,1,0,0
9ovfq5hj,131,9mtdiire,10,presurvey,ExperimentInstruction,1779402736,1,0,0
9ovfq5hj,133,e4b9dth7,1,presurvey,Introduction,1779402756,1,0,0
9ovfq5hj,130,jaby9slx,12,presurvey,Commitment,1779402777,1,0,0
9ovfq5hj,134,qrr17eft,0,,InitializeParticipant,1779402778,1,0,0
9ovfq5hj,133,e4b9dth7,2,presurvey,AudioCheck,1779402783,1,0,0
9ovfq5hj,134,qrr17eft,1,presurvey,Introduction,1779402786,1,0,0
9ovfq5hj,132,vv9hav5x,3,presurvey,Demographics,1779402788,1,0,0
9ovfq5hj,135,oez9gq0e,0,,InitializeParticipant,1779402797,1,0,0
9ovfq5hj,133,e4b9dth7,3,presurvey,Demographics,1779402800,1,0,0
9ovfq5hj,134,qrr17eft,2,presurvey,AudioCheck,1779402807,1,0,0
9ovfq5hj,133,e4b9dth7,4,presurvey,NeighborhoodInstruction,1779402822,1,0,0
9ovfq5hj,134,qrr17eft,3,presurvey,Demographics,1779402827,1,0,0
9ovfq5hj,132,vv9hav5x,4,presurvey,NeighborhoodInstruction,1779402847,1,0,0
9ovfq5hj,134,qrr17eft,4,presurvey,NeighborhoodInstruction,1779402848,1,0,0
9ovfq5hj,133,e4b9dth7,5,presurvey,Training,1779402862,1,0,0
9ovfq5hj,134,qrr17eft,5,presurvey,Training,1779402894,1,0,0
9ovfq5hj,133,e4b9dth7,6,presurvey,TrainingNeighbor_1,1779402902,1,0,0
9ovfq5hj,133,e4b9dth7,7,presurvey,TrainingNeighbor_2,1779402913,1,0,0
9ovfq5hj,133,e4b9dth7,10,presurvey,ExperimentInstruction,1779402926,1,0,0
9ovfq5hj,132,vv9hav5x,5,presurvey,Training,1779402929,1,0,0
9ovfq5hj,124,gxmxtv69,13,mock_N08_N04_Aonly,GroupingWaitPage,1779402941,1,0,1
9ovfq5hj,124,gxmxtv69,14,mock_N08_N04_Aonly,GroupSizeWaitPage,1779402941,1,0,1
9ovfq5hj,124,gxmxtv69,15,mock_N08_N04_Aonly,AttentionCheck,1779402949,1,0,0
9ovfq5hj,132,vv9hav5x,6,presurvey,TrainingNeighbor_1,1779402960,1,0,0
9ovfq5hj,133,e4b9dth7,11,presurvey,Scenario,1779402966,1,0,0
9ovfq5hj,134,qrr17eft,6,presurvey,TrainingNeighbor_1,1779402972,1,0,0
9ovfq5hj,134,qrr17eft,10,presurvey,ExperimentInstruction,1779402977,1,0,0
9ovfq5hj,132,vv9hav5x,10,presurvey,ExperimentInstruction,1779402994,1,0,0
9ovfq5hj,131,9mtdiire,11,presurvey,Scenario,1779402997,1,0,0
9ovfq5hj,132,vv9hav5x,11,presurvey,Scenario,1779403041,1,0,0
9ovfq5hj,134,qrr17eft,11,presurvey,Scenario,1779403044,1,0,0
9ovfq5hj,136,szpyz7r1,0,,InitializeParticipant,1779403053,1,0,0
9ovfq5hj,132,vv9hav5x,12,presurvey,Commitment,1779403075,1,0,0
9ovfq5hj,137,7j7yyqfr,0,,InitializeParticipant,1779403196,1,0,0
9ovfq5hj,137,7j7yyqfr,1,presurvey,Introduction,1779403255,1,0,0
9ovfq5hj,136,szpyz7r1,1,presurvey,Introduction,1779403256,1,0,0
9ovfq5hj,138,qbs7q0q1,0,,InitializeParticipant,1779403258,1,0,0
9ovfq5hj,139,d8jnbosd,0,,InitializeParticipant,1779403264,1,0,0
9ovfq5hj,136,szpyz7r1,2,presurvey,AudioCheck,1779403273,1,0,0
9ovfq5hj,139,d8jnbosd,1,presurvey,Introduction,1779403280,1,0,0
9ovfq5hj,139,d8jnbosd,2,presurvey,AudioCheck,1779403287,1,0,0
9ovfq5hj,137,7j7yyqfr,2,presurvey,AudioCheck,1779403289,1,0,0
9ovfq5hj,140,h7gwm43j,0,,InitializeParticipant,1779403292,1,0,0
9ovfq5hj,136,szpyz7r1,3,presurvey,Demographics,1779403295,1,0,0
9ovfq5hj,139,d8jnbosd,3,presurvey,Demographics,1779403298,1,0,0
9ovfq5hj,138,qbs7q0q1,1,presurvey,Introduction,1779403301,1,0,0
9ovfq5hj,139,d8jnbosd,4,presurvey,NeighborhoodInstruction,1779403303,1,0,0
9ovfq5hj,127,uem7idn5,13,mock_N08_N04_Aonly,GroupingWaitPage,1779403306,1,0,1
9ovfq5hj,137,7j7yyqfr,3,presurvey,Demographics,1779403306,1,0,0
9ovfq5hj,127,uem7idn5,14,mock_N08_N04_Aonly,GroupSizeWaitPage,1779403307,1,0,1
9ovfq5hj,140,h7gwm43j,1,presurvey,Introduction,1779403310,1,0,0
9ovfq5hj,127,uem7idn5,15,mock_N08_N04_Aonly,AttentionCheck,1779403317,1,0,0
9ovfq5hj,136,szpyz7r1,4,presurvey,NeighborhoodInstruction,1779403321,1,0,0
9ovfq5hj,138,qbs7q0q1,2,presurvey,AudioCheck,1779403323,1,0,0
9ovfq5hj,139,d8jnbosd,5,presurvey,Training,1779403325,1,0,0
9ovfq5hj,137,7j7yyqfr,4,presurvey,NeighborhoodInstruction,1779403332,1,0,0
9ovfq5hj,139,d8jnbosd,6,presurvey,TrainingNeighbor_1,1779403346,1,0,0
9ovfq5hj,140,h7gwm43j,2,presurvey,AudioCheck,1779403346,1,0,0
9ovfq5hj,138,qbs7q0q1,3,presurvey,Demographics,1779403346,1,0,0
9ovfq5hj,136,szpyz7r1,5,presurvey,Training,1779403351,1,0,0
9ovfq5hj,139,d8jnbosd,10,presurvey,ExperimentInstruction,1779403353,1,0,0
9ovfq5hj,138,qbs7q0q1,4,presurvey,NeighborhoodInstruction,1779403356,1,0,0
9ovfq5hj,137,7j7yyqfr,5,presurvey,Training,1779403370,1,0,0
9ovfq5hj,138,qbs7q0q1,5,presurvey,Training,1779403372,1,0,0
9ovfq5hj,139,d8jnbosd,11,presurvey,Scenario,1779403392,1,0,0
9ovfq5hj,138,qbs7q0q1,6,presurvey,TrainingNeighbor_1,1779403398,1,0,0
9ovfq5hj,136,szpyz7r1,6,presurvey,TrainingNeighbor_1,1779403399,1,0,0
9ovfq5hj,141,a8mko4is,0,,InitializeParticipant,1779403399,1,0,0
9ovfq5hj,142,cf1r1kdi,0,,InitializeParticipant,1779403401,1,0,0
9ovfq5hj,137,7j7yyqfr,6,presurvey,TrainingNeighbor_1,1779403403,1,0,0
9ovfq5hj,138,qbs7q0q1,10,presurvey,ExperimentInstruction,1779403411,1,0,0
9ovfq5hj,136,szpyz7r1,10,presurvey,ExperimentInstruction,1779403414,1,0,0
9ovfq5hj,141,a8mko4is,1,presurvey,Introduction,1779403417,1,0,0
9ovfq5hj,140,h7gwm43j,3,presurvey,Demographics,1779403422,1,0,0
9ovfq5hj,137,7j7yyqfr,10,presurvey,ExperimentInstruction,1779403422,1,0,0
9ovfq5hj,139,d8jnbosd,12,presurvey,Commitment,1779403424,1,0,0
9ovfq5hj,142,cf1r1kdi,1,presurvey,Introduction,1779403427,1,0,0
9ovfq5hj,138,qbs7q0q1,11,presurvey,Scenario,1779403441,1,0,0
9ovfq5hj,137,7j7yyqfr,11,presurvey,Scenario,1779403452,1,0,0
9ovfq5hj,136,szpyz7r1,11,presurvey,Scenario,1779403458,1,0,0
9ovfq5hj,140,h7gwm43j,4,presurvey,NeighborhoodInstruction,1779403468,1,0,0
9ovfq5hj,142,cf1r1kdi,2,presurvey,AudioCheck,1779403475,1,0,0
9ovfq5hj,143,o8snbv6v,0,,InitializeParticipant,1779403479,1,0,0
9ovfq5hj,142,cf1r1kdi,3,presurvey,Demographics,1779403489,1,0,0
9ovfq5hj,144,thsfcil7,0,,InitializeParticipant,1779403498,1,0,0
9ovfq5hj,142,cf1r1kdi,4,presurvey,NeighborhoodInstruction,1779403500,1,0,0
9ovfq5hj,136,szpyz7r1,12,presurvey,Commitment,1779403501,1,0,0
9ovfq5hj,145,olljex6t,0,,InitializeParticipant,1779403502,1,0,0
9ovfq5hj,146,xzny70i2,0,,InitializeParticipant,1779403504,1,0,0
9ovfq5hj,146,xzny70i2,1,presurvey,Introduction,1779403515,1,0,0
9ovfq5hj,145,olljex6t,1,presurvey,Introduction,1779403519,1,0,0
9ovfq5hj,144,thsfcil7,1,presurvey,Introduction,1779403521,1,0,0
9ovfq5hj,142,cf1r1kdi,5,presurvey,Training,1779403534,1,0,0
9ovfq5hj,146,xzny70i2,2,presurvey,AudioCheck,1779403540,1,0,0
9ovfq5hj,147,0fq5w0d7,0,,InitializeParticipant,1779403541,1,0,0
9ovfq5hj,145,olljex6t,2,presurvey,AudioCheck,1779403550,1,0,0
9ovfq5hj,140,h7gwm43j,5,presurvey,Training,1779403553,1,0,0
9ovfq5hj,146,xzny70i2,3,presurvey,Demographics,1779403559,1,0,0
9ovfq5hj,143,o8snbv6v,1,presurvey,Introduction,1779403566,1,0,0
9ovfq5hj,148,rifmck2f,0,,InitializeParticipant,1779403566,1,0,0
9ovfq5hj,145,olljex6t,3,presurvey,Demographics,1779403567,1,0,0
9ovfq5hj,144,thsfcil7,2,presurvey,AudioCheck,1779403571,1,0,0
9ovfq5hj,149,zdeu2vgw,0,,InitializeParticipant,1779403591,1,0,0
9ovfq5hj,145,olljex6t,4,presurvey,NeighborhoodInstruction,1779403592,1,0,0
9ovfq5hj,149,zdeu2vgw,1,presurvey,Introduction,1779403599,1,0,0
9ovfq5hj,147,0fq5w0d7,1,presurvey,Introduction,1779403601,1,0,0
9ovfq5hj,144,thsfcil7,3,presurvey,Demographics,1779403605,1,0,0
9ovfq5hj,149,zdeu2vgw,2,presurvey,AudioCheck,1779403609,1,0,0
9ovfq5hj,143,o8snbv6v,2,presurvey,AudioCheck,1779403612,1,0,0
9ovfq5hj,146,xzny70i2,4,presurvey,NeighborhoodInstruction,1779403615,1,0,0
9ovfq5hj,150,u7hh2yyp,0,,InitializeParticipant,1779403619,1,0,0
9ovfq5hj,142,cf1r1kdi,6,presurvey,TrainingNeighbor_1,1779403620,1,0,0
9ovfq5hj,148,rifmck2f,1,presurvey,Introduction,1779403621,1,0,0
9ovfq5hj,149,zdeu2vgw,3,presurvey,Demographics,1779403624,1,0,0
9ovfq5hj,145,olljex6t,5,presurvey,Training,1779403626,1,0,0
9ovfq5hj,147,0fq5w0d7,2,presurvey,AudioCheck,1779403629,1,0,0
9ovfq5hj,142,cf1r1kdi,10,presurvey,ExperimentInstruction,1779403630,1,0,0
9ovfq5hj,150,u7hh2yyp,1,presurvey,Introduction,1779403631,1,0,0
9ovfq5hj,149,zdeu2vgw,4,presurvey,NeighborhoodInstruction,1779403633,1,0,0
9ovfq5hj,140,h7gwm43j,6,presurvey,TrainingNeighbor_1,1779403634,1,0,0
9ovfq5hj,148,rifmck2f,2,presurvey,AudioCheck,1779403642,1,0,0
9ovfq5hj,144,thsfcil7,4,presurvey,NeighborhoodInstruction,1779403651,1,0,0
9ovfq5hj,143,o8snbv6v,3,presurvey,Demographics,1779403651,1,0,0
9ovfq5hj,148,rifmck2f,3,presurvey,Demographics,1779403655,1,0,0
9ovfq5hj,147,0fq5w0d7,3,presurvey,Demographics,1779403664,1,0,0
9ovfq5hj,146,xzny70i2,5,presurvey,Training,1779403664,1,0,0
9ovfq5hj,149,zdeu2vgw,5,presurvey,Training,1779403667,1,0,0
9ovfq5hj,140,h7gwm43j,10,presurvey,ExperimentInstruction,1779403668,1,0,0
9ovfq5hj,145,olljex6t,6,presurvey,TrainingNeighbor_1,1779403670,1,0,0
9ovfq5hj,142,cf1r1kdi,11,presurvey,Scenario,1779403672,1,0,0
9ovfq5hj,143,o8snbv6v,4,presurvey,NeighborhoodInstruction,1779403674,1,0,0
9ovfq5hj,148,rifmck2f,4,presurvey,NeighborhoodInstruction,1779403678,1,0,0
9ovfq5hj,150,u7hh2yyp,2,presurvey,AudioCheck,1779403683,1,0,0
9ovfq5hj,145,olljex6t,10,presurvey,ExperimentInstruction,1779403684,1,0,0
9ovfq5hj,149,zdeu2vgw,6,presurvey,TrainingNeighbor_1,1779403696,1,0,0
9ovfq5hj,144,thsfcil7,5,presurvey,Training,1779403703,1,0,0
9ovfq5hj,148,rifmck2f,5,presurvey,Training,1779403707,1,0,0
9ovfq5hj,149,zdeu2vgw,7,presurvey,TrainingNeighbor_2,1779403708,1,0,0
9ovfq5hj,143,o8snbv6v,5,presurvey,Training,1779403711,1,0,0
9ovfq5hj,146,xzny70i2,6,presurvey,TrainingNeighbor_1,1779403716,1,0,0
9ovfq5hj,149,zdeu2vgw,10,presurvey,ExperimentInstruction,1779403717,1,0,0
9ovfq5hj,147,0fq5w0d7,4,presurvey,NeighborhoodInstruction,1779403719,1,0,0
9ovfq5hj,150,u7hh2yyp,3,presurvey,Demographics,1779403727,1,0,0
9ovfq5hj,142,cf1r1kdi,12,presurvey,Commitment,1779403728,1,0,0
9ovfq5hj,151,zo1n2zh4,0,,InitializeParticipant,1779403729,1,0,0
9ovfq5hj,151,zo1n2zh4,1,presurvey,Introduction,1779403736,1,0,0
9ovfq5hj,146,xzny70i2,10,presurvey,ExperimentInstruction,1779403736,1,0,0
9ovfq5hj,145,olljex6t,11,presurvey,Scenario,1779403744,1,0,0
9ovfq5hj,143,o8snbv6v,6,presurvey,TrainingNeighbor_1,1779403746,1,0,0
9ovfq5hj,149,zdeu2vgw,11,presurvey,Scenario,1779403746,1,0,0
9ovfq5hj,151,zo1n2zh4,2,presurvey,AudioCheck,1779403752,1,0,0
9ovfq5hj,144,thsfcil7,6,presurvey,TrainingNeighbor_1,1779403752,1,0,0
9ovfq5hj,148,rifmck2f,6,presurvey,TrainingNeighbor_1,1779403752,1,0,0
9ovfq5hj,144,thsfcil7,10,presurvey,ExperimentInstruction,1779403765,1,0,0
9ovfq5hj,148,rifmck2f,10,presurvey,ExperimentInstruction,1779403765,1,0,0
9ovfq5hj,150,u7hh2yyp,4,presurvey,NeighborhoodInstruction,1779403769,1,0,0
9ovfq5hj,147,0fq5w0d7,5,presurvey,Training,1779403773,1,0,0
9ovfq5hj,146,xzny70i2,11,presurvey,Scenario,1779403775,1,0,0
9ovfq5hj,151,zo1n2zh4,3,presurvey,Demographics,1779403776,1,0,0
9ovfq5hj,145,olljex6t,12,presurvey,Commitment,1779403778,1,0,0
9ovfq5hj,151,zo1n2zh4,4,presurvey,NeighborhoodInstruction,1779403785,1,0,0
9ovfq5hj,143,o8snbv6v,7,presurvey,TrainingNeighbor_2,1779403790,1,0,0
9ovfq5hj,151,zo1n2zh4,5,presurvey,Training,1779403793,1,0,0
9ovfq5hj,148,rifmck2f,11,presurvey,Scenario,1779403801,1,0,0
9ovfq5hj,140,h7gwm43j,11,presurvey,Scenario,1779403803,1,0,0
9ovfq5hj,144,thsfcil7,11,presurvey,Scenario,1779403809,1,0,0
9ovfq5hj,143,o8snbv6v,8,presurvey,AttentionCheck,1779403811,1,0,0
9ovfq5hj,147,0fq5w0d7,6,presurvey,TrainingNeighbor_1,1779403816,1,0,0
9ovfq5hj,150,u7hh2yyp,5,presurvey,Training,1779403826,1,0,0
9ovfq5hj,146,xzny70i2,12,presurvey,Commitment,1779403836,1,0,0
9ovfq5hj,152,4o69sees,0,,InitializeParticipant,1779403852,1,0,0
9ovfq5hj,148,rifmck2f,12,presurvey,Commitment,1779403854,1,0,0
9ovfq5hj,151,zo1n2zh4,6,presurvey,TrainingNeighbor_1,1779403865,1,0,0
9ovfq5hj,147,0fq5w0d7,10,presurvey,ExperimentInstruction,1779403866,1,0,0
9ovfq5hj,140,h7gwm43j,12,presurvey,Commitment,1779403869,1,0,0
9ovfq5hj,151,zo1n2zh4,7,presurvey,TrainingNeighbor_2,1779403876,1,0,0
9ovfq5hj,151,zo1n2zh4,10,presurvey,ExperimentInstruction,1779403881,1,0,0
9ovfq5hj,144,thsfcil7,12,presurvey,Commitment,1779403887,1,0,0
9ovfq5hj,150,u7hh2yyp,6,presurvey,TrainingNeighbor_1,1779403892,1,0,0
9ovfq5hj,143,o8snbv6v,9,presurvey,TrainingNeighbor_3,1779403901,1,0,0
9ovfq5hj,151,zo1n2zh4,11,presurvey,Scenario,1779403910,1,0,0
9ovfq5hj,152,4o69sees,1,presurvey,Introduction,1779403925,1,0,0
9ovfq5hj,147,0fq5w0d7,11,presurvey,Scenario,1779403926,1,0,0
9ovfq5hj,130,jaby9slx,13,mock_N08_N04_Aonly,GroupingWaitPage,1779403927,1,0,1
9ovfq5hj,130,jaby9slx,14,mock_N08_N04_Aonly,GroupSizeWaitPage,1779403928,1,0,1
9ovfq5hj,150,u7hh2yyp,10,presurvey,ExperimentInstruction,1779403934,1,0,0
9ovfq5hj,130,jaby9slx,15,mock_N08_N04_Aonly,AttentionCheck,1779403942,1,0,0
9ovfq5hj,152,4o69sees,2,presurvey,AudioCheck,1779403945,1,0,0
9ovfq5hj,152,4o69sees,3,presurvey,Demographics,1779403964,1,0,0
9ovfq5hj,150,u7hh2yyp,11,presurvey,Scenario,1779403988,1,0,0
9ovfq5hj,152,4o69sees,4,presurvey,NeighborhoodInstruction,1779403990,1,0,0
9ovfq5hj,147,0fq5w0d7,12,presurvey,Commitment,1779404038,1,0,0
9ovfq5hj,152,4o69sees,5,presurvey,Training,1779404040,1,0,0
9ovfq5hj,150,u7hh2yyp,12,presurvey,Commitment,1779404075,1,0,0
9ovfq5hj,152,4o69sees,6,presurvey,TrainingNeighbor_1,1779404085,1,0,0
9ovfq5hj,153,ty9zcrte,0,,InitializeParticipant,1779404088,1,0,0
9ovfq5hj,153,ty9zcrte,1,presurvey,Introduction,1779404098,1,0,0
9ovfq5hj,152,4o69sees,10,presurvey,ExperimentInstruction,1779404101,1,0,0
9ovfq5hj,153,ty9zcrte,2,presurvey,AudioCheck,1779404124,1,0,0
9ovfq5hj,152,4o69sees,11,presurvey,Scenario,1779404144,1,0,0
9ovfq5hj,154,zqiuu5x6,0,,InitializeParticipant,1779404149,1,0,0
9ovfq5hj,154,zqiuu5x6,1,presurvey,Introduction,1779404153,1,0,0
9ovfq5hj,154,zqiuu5x6,2,presurvey,AudioCheck,1779404170,1,0,0
9ovfq5hj,153,ty9zcrte,3,presurvey,Demographics,1779404175,1,0,0
9ovfq5hj,154,zqiuu5x6,3,presurvey,Demographics,1779404179,1,0,0
9ovfq5hj,154,zqiuu5x6,4,presurvey,NeighborhoodInstruction,1779404195,1,0,0
9ovfq5hj,152,4o69sees,12,presurvey,Commitment,1779404209,1,0,0
9ovfq5hj,153,ty9zcrte,4,presurvey,NeighborhoodInstruction,1779404212,1,0,0
9ovfq5hj,154,zqiuu5x6,5,presurvey,Training,1779404215,1,0,0
9ovfq5hj,132,vv9hav5x,13,mock_N08_N04_Aonly,GroupingWaitPage,1779404217,1,0,1
9ovfq5hj,132,vv9hav5x,14,mock_N08_N04_Aonly,GroupSizeWaitPage,1779404219,1,0,1
9ovfq5hj,132,vv9hav5x,15,mock_N08_N04_Aonly,AttentionCheck,1779404246,1,0,0
9ovfq5hj,154,zqiuu5x6,6,presurvey,TrainingNeighbor_1,1779404253,1,0,0
9ovfq5hj,154,zqiuu5x6,7,presurvey,TrainingNeighbor_2,1779404273,1,0,0
9ovfq5hj,155,4bxzomnv,0,,InitializeParticipant,1779404299,1,0,0
9ovfq5hj,155,4bxzomnv,1,presurvey,Introduction,1779404306,1,0,0
9ovfq5hj,153,ty9zcrte,5,presurvey,Training,1779404324,1,0,0
9ovfq5hj,154,zqiuu5x6,8,presurvey,AttentionCheck,1779404340,1,1,0
9ovfq5hj,156,99dc93ci,0,,InitializeParticipant,1779404351,1,0,0
9ovfq5hj,155,4bxzomnv,2,presurvey,AudioCheck,1779404352,1,0,0
9ovfq5hj,153,ty9zcrte,6,presurvey,TrainingNeighbor_1,1779404365,1,0,0
9ovfq5hj,156,99dc93ci,1,presurvey,Introduction,1779404367,1,0,0
9ovfq5hj,157,rxhy2hxg,0,,InitializeParticipant,1779404372,1,0,0
9ovfq5hj,155,4bxzomnv,3,presurvey,Demographics,1779404380,1,0,0
9ovfq5hj,156,99dc93ci,2,presurvey,AudioCheck,1779404381,1,0,0
9ovfq5hj,153,ty9zcrte,7,presurvey,TrainingNeighbor_2,1779404392,1,0,0
9ovfq5hj,157,rxhy2hxg,1,presurvey,Introduction,1779404394,1,0,0
9ovfq5hj,156,99dc93ci,3,presurvey,Demographics,1779404396,1,0,0
9ovfq5hj,153,ty9zcrte,10,presurvey,ExperimentInstruction,1779404402,1,0,0
9ovfq5hj,156,99dc93ci,4,presurvey,NeighborhoodInstruction,1779404402,1,0,0
9ovfq5hj,118,f2iuxlg9,13,mock_N08_N04_Aonly,GroupingWaitPage,1779404404,1,0,1
9ovfq5hj,155,4bxzomnv,4,presurvey,NeighborhoodInstruction,1779404404,1,0,0
9ovfq5hj,118,f2iuxlg9,14,mock_N08_N04_Aonly,GroupSizeWaitPage,1779404405,1,0,1
9ovfq5hj,156,99dc93ci,5,presurvey,Training,1779404408,1,0,0
9ovfq5hj,157,rxhy2hxg,2,presurvey,AudioCheck,1779404416,1,0,0
9ovfq5hj,156,99dc93ci,6,presurvey,TrainingNeighbor_1,1779404420,1,0,0
9ovfq5hj,158,frpc2jy6,0,,InitializeParticipant,1779404422,1,0,0
9ovfq5hj,156,99dc93ci,10,presurvey,ExperimentInstruction,1779404423,1,0,0
9ovfq5hj,156,99dc93ci,11,presurvey,Scenario,1779404435,1,0,0
9ovfq5hj,157,rxhy2hxg,3,presurvey,Demographics,1779404441,1,0,0
9ovfq5hj,153,ty9zcrte,11,presurvey,Scenario,1779404463,1,0,0
9ovfq5hj,158,frpc2jy6,1,presurvey,Introduction,1779404463,1,0,0
9ovfq5hj,157,rxhy2hxg,4,presurvey,NeighborhoodInstruction,1779404470,1,0,0
9ovfq5hj,158,frpc2jy6,2,presurvey,AudioCheck,1779404476,1,0,0
9ovfq5hj,158,frpc2jy6,3,presurvey,Demographics,1779404492,1,0,0
9ovfq5hj,155,4bxzomnv,5,presurvey,Training,1779404496,1,0,0
9ovfq5hj,157,rxhy2hxg,5,presurvey,Training,1779404499,1,0,0
9ovfq5hj,158,frpc2jy6,4,presurvey,NeighborhoodInstruction,1779404504,1,0,0
9ovfq5hj,159,7xbgtnut,0,,InitializeParticipant,1779404518,1,0,0
9ovfq5hj,158,frpc2jy6,5,presurvey,Training,1779404528,1,0,0
9ovfq5hj,159,7xbgtnut,1,presurvey,Introduction,1779404541,1,0,0
9ovfq5hj,160,tibk0ap6,0,,InitializeParticipant,1779404541,1,0,0
9ovfq5hj,153,ty9zcrte,12,presurvey,Commitment,1779404543,1,0,0
9ovfq5hj,157,rxhy2hxg,6,presurvey,TrainingNeighbor_1,1779404546,1,0,0
9ovfq5hj,160,tibk0ap6,1,presurvey,Introduction,1779404552,1,0,0
9ovfq5hj,159,7xbgtnut,2,presurvey,AudioCheck,1779404553,1,0,0
9ovfq5hj,161,s33k7j83,0,,InitializeParticipant,1779404560,1,0,0
9ovfq5hj,157,rxhy2hxg,10,presurvey,ExperimentInstruction,1779404561,1,0,0
9ovfq5hj,158,frpc2jy6,6,presurvey,TrainingNeighbor_1,1779404564,1,0,0
9ovfq5hj,139,d8jnbosd,13,mock_N08_N04_Aonly,GroupingWaitPage,1779404565,1,0,1
9ovfq5hj,139,d8jnbosd,14,mock_N08_N04_Aonly,GroupSizeWaitPage,1779404566,1,0,1
9ovfq5hj,161,s33k7j83,1,presurvey,Introduction,1779404567,1,0,0
9ovfq5hj,159,7xbgtnut,3,presurvey,Demographics,1779404569,1,0,0
9ovfq5hj,139,d8jnbosd,15,mock_N08_N04_Aonly,AttentionCheck,1779404569,1,0,0
9ovfq5hj,158,frpc2jy6,7,presurvey,TrainingNeighbor_2,1779404571,1,0,0
9ovfq5hj,155,4bxzomnv,6,presurvey,TrainingNeighbor_1,1779404574,1,0,0
9ovfq5hj,158,frpc2jy6,10,presurvey,ExperimentInstruction,1779404576,1,0,0
9ovfq5hj,160,tibk0ap6,2,presurvey,AudioCheck,1779404579,1,0,0
9ovfq5hj,159,7xbgtnut,4,presurvey,NeighborhoodInstruction,1779404583,1,0,0
9ovfq5hj,161,s33k7j83,2,presurvey,AudioCheck,1779404585,1,0,0
9ovfq5hj,157,rxhy2hxg,11,presurvey,Scenario,1779404596,1,0,0
9ovfq5hj,155,4bxzomnv,7,presurvey,TrainingNeighbor_2,1779404600,1,0,0
9ovfq5hj,162,l7s76yxc,0,,InitializeParticipant,1779404602,1,0,0
9ovfq5hj,158,frpc2jy6,11,presurvey,Scenario,1779404602,1,0,0
9ovfq5hj,159,7xbgtnut,5,presurvey,Training,1779404605,1,0,0
9ovfq5hj,160,tibk0ap6,3,presurvey,Demographics,1779404606,1,0,0
9ovfq5hj,162,l7s76yxc,1,presurvey,Introduction,1779404613,1,0,0
9ovfq5hj,161,s33k7j83,3,presurvey,Demographics,1779404614,1,0,0
9ovfq5hj,161,s33k7j83,4,presurvey,NeighborhoodInstruction,1779404628,1,0,0
9ovfq5hj,160,tibk0ap6,4,presurvey,NeighborhoodInstruction,1779404629,1,0,0
9ovfq5hj,158,frpc2jy6,12,presurvey,Commitment,1779404634,1,0,0
9ovfq5hj,157,rxhy2hxg,12,presurvey,Commitment,1779404635,1,0,0
9ovfq5hj,162,l7s76yxc,2,presurvey,AudioCheck,1779404635,1,0,0
9ovfq5hj,163,sa39ampo,0,,InitializeParticipant,1779404637,1,0,0
9ovfq5hj,164,p3x6jn09,0,,InitializeParticipant,1779404638,1,0,0
9ovfq5hj,161,s33k7j83,5,presurvey,Training,1779404641,1,0,0
9ovfq5hj,136,szpyz7r1,13,mock_N08_N04_Aonly,GroupingWaitPage,1779404642,1,0,1
9ovfq5hj,136,szpyz7r1,14,mock_N08_N04_Aonly,GroupSizeWaitPage,1779404644,1,0,1
9ovfq5hj,164,p3x6jn09,1,presurvey,Introduction,1779404646,1,0,0
9ovfq5hj,162,l7s76yxc,3,presurvey,Demographics,1779404650,1,0,0
9ovfq5hj,155,4bxzomnv,8,presurvey,AttentionCheck,1779404651,1,0,0
9ovfq5hj,136,szpyz7r1,15,mock_N08_N04_Aonly,AttentionCheck,1779404654,1,0,0
9ovfq5hj,163,sa39ampo,1,presurvey,Introduction,1779404660,1,0,0
9ovfq5hj,164,p3x6jn09,2,presurvey,AudioCheck,1779404663,1,0,0
9ovfq5hj,159,7xbgtnut,6,presurvey,TrainingNeighbor_1,1779404664,1,0,0
9ovfq5hj,160,tibk0ap6,5,presurvey,Training,1779404665,1,0,0
9ovfq5hj,159,7xbgtnut,7,presurvey,TrainingNeighbor_2,1779404673,1,0,0
9ovfq5hj,162,l7s76yxc,4,presurvey,NeighborhoodInstruction,1779404675,1,0,0
9ovfq5hj,159,7xbgtnut,10,presurvey,ExperimentInstruction,1779404677,1,0,0
9ovfq5hj,163,sa39ampo,2,presurvey,AudioCheck,1779404680,1,0,0
9ovfq5hj,161,s33k7j83,6,presurvey,TrainingNeighbor_1,1779404680,1,0,0
9ovfq5hj,164,p3x6jn09,3,presurvey,Demographics,1779404686,1,0,0
9ovfq5hj,163,sa39ampo,3,presurvey,Demographics,1779404693,1,0,0
9ovfq5hj,164,p3x6jn09,4,presurvey,NeighborhoodInstruction,1779404695,1,0,0
9ovfq5hj,161,s33k7j83,10,presurvey,ExperimentInstruction,1779404695,1,0,0
9ovfq5hj,162,l7s76yxc,5,presurvey,Training,1779404696,1,0,0
9ovfq5hj,164,p3x6jn09,5,presurvey,Training,1779404703,1,0,0
9ovfq5hj,159,7xbgtnut,11,presurvey,Scenario,1779404710,1,0,0
9ovfq5hj,163,sa39ampo,4,presurvey,NeighborhoodInstruction,1779404711,1,0,0
9ovfq5hj,160,tibk0ap6,6,presurvey,TrainingNeighbor_1,1779404712,1,0,0
9ovfq5hj,162,l7s76yxc,6,presurvey,TrainingNeighbor_1,1779404714,1,0,0
9ovfq5hj,161,s33k7j83,11,presurvey,Scenario,1779404715,1,0,0
9ovfq5hj,162,l7s76yxc,10,presurvey,ExperimentInstruction,1779404719,1,0,0
9ovfq5hj,165,ce6uifs5,0,,InitializeParticipant,1779404721,1,0,0
9ovfq5hj,160,tibk0ap6,10,presurvey,ExperimentInstruction,1779404726,1,0,0
9ovfq5hj,162,l7s76yxc,11,presurvey,Scenario,1779404750,1,0,0
9ovfq5hj,160,tibk0ap6,11,presurvey,Scenario,1779404756,1,0,0
9ovfq5hj,162,l7s76yxc,12,presurvey,Commitment,1779404776,1,0,0
9ovfq5hj,161,s33k7j83,12,presurvey,Commitment,1779404780,1,0,0
9ovfq5hj,159,7xbgtnut,12,presurvey,Commitment,1779404782,1,0,0
9ovfq5hj,163,sa39ampo,5,presurvey,Training,1779404788,1,0,0
9ovfq5hj,166,wa6yk985,0,,InitializeParticipant,1779404834,1,0,0
9ovfq5hj,163,sa39ampo,6,presurvey,TrainingNeighbor_1,1779404839,1,0,0
9ovfq5hj,163,sa39ampo,7,presurvey,TrainingNeighbor_2,1779404846,1,0,0
9ovfq5hj,155,4bxzomnv,9,presurvey,TrainingNeighbor_3,1779404856,1,0,0
9ovfq5hj,166,wa6yk985,1,presurvey,Introduction,1779404864,1,0,0
9ovfq5hj,167,gja1or1x,0,,InitializeParticipant,1779404868,1,0,0
9ovfq5hj,142,cf1r1kdi,13,mock_N08_N04_Aonly,GroupingWaitPage,1779404871,1,0,1
9ovfq5hj,152,4o69sees,13,mock_N08_N04_Aonly,GroupingWaitPage,1779404871,1,0,1
9ovfq5hj,158,frpc2jy6,13,mock_N08_N04_Aonly,GroupingWaitPage,1779404871,1,0,1
9ovfq5hj,162,l7s76yxc,13,mock_N08_N04_Aonly,GroupingWaitPage,1779404871,1,0,1
9ovfq5hj,142,cf1r1kdi,14,mock_N08_N04_Aonly,GroupSizeWaitPage,1779404872,1,0,1
9ovfq5hj,152,4o69sees,14,mock_N08_N04_Aonly,GroupSizeWaitPage,1779404872,1,0,1
9ovfq5hj,158,frpc2jy6,14,mock_N08_N04_Aonly,GroupSizeWaitPage,1779404872,1,0,1
9ovfq5hj,162,l7s76yxc,14,mock_N08_N04_Aonly,GroupSizeWaitPage,1779404872,1,0,1
9ovfq5hj,142,cf1r1kdi,16,mock_N08_N04_Aonly,DiscussionGRPWaitPage,1779404873,1,0,1
9ovfq5hj,162,l7s76yxc,16,mock_N08_N04_Aonly,DiscussionGRPWaitPage,1779404873,1,0,1
9ovfq5hj,158,frpc2jy6,16,mock_N08_N04_Aonly,DiscussionGRPWaitPage,1779404873,1,0,1
9ovfq5hj,152,4o69sees,16,mock_N08_N04_Aonly,DiscussionGRPWaitPage,1779404873,1,0,1
9ovfq5hj,155,4bxzomnv,10,presurvey,ExperimentInstruction,1779404876,1,0,0
9ovfq5hj,163,sa39ampo,10,presurvey,ExperimentInstruction,1779404884,1,0,0
9ovfq5hj,166,wa6yk985,2,presurvey,AudioCheck,1779404892,1,0,0
9ovfq5hj,158,frpc2jy6,20,mock_N08_N04_Aonly,Phase3,1779404895,1,0,0
9ovfq5hj,162,l7s76yxc,20,mock_N08_N04_Aonly,Phase3,1779404897,1,0,0
9ovfq5hj,158,frpc2jy6,21,mock_N08_N04_Aonly,Discussion,1779404900,1,0,0
9ovfq5hj,162,l7s76yxc,21,mock_N08_N04_Aonly,Discussion,1779404903,1,0,0
9ovfq5hj,142,cf1r1kdi,20,mock_N08_N04_Aonly,Phase3,1779404907,1,0,0
9ovfq5hj,152,4o69sees,20,mock_N08_N04_Aonly,Phase3,1779404909,1,0,0
9ovfq5hj,167,gja1or1x,1,presurvey,Introduction,1779404910,1,0,0
9ovfq5hj,166,wa6yk985,3,presurvey,Demographics,1779404912,1,0,0
9ovfq5hj,145,olljex6t,13,mock_N08_N04_Aonly,GroupingWaitPage,1779404922,1,0,1
9ovfq5hj,145,olljex6t,14,mock_N08_N04_Aonly,GroupSizeWaitPage,1779404923,1,0,1
9ovfq5hj,163,sa39ampo,11,presurvey,Scenario,1779404923,1,0,0
9ovfq5hj,142,cf1r1kdi,21,mock_N08_N04_Aonly,Discussion,1779404923,1,0,0
9ovfq5hj,152,4o69sees,21,mock_N08_N04_Aonly,Discussion,1779404925,1,0,0
9ovfq5hj,142,cf1r1kdi,28,mock_N08_N04_Aonly,DiscussionGRPWaitPage,1779404926,2,0,1
9ovfq5hj,162,l7s76yxc,28,mock_N08_N04_Aonly,DiscussionGRPWaitPage,1779404926,2,0,1
9ovfq5hj,158,frpc2jy6,28,mock_N08_N04_Aonly,DiscussionGRPWaitPage,1779404926,2,0,1
9ovfq5hj,152,4o69sees,28,mock_N08_N04_Aonly,DiscussionGRPWaitPage,1779404926,2,0,1
9ovfq5hj,145,olljex6t,15,mock_N08_N04_Aonly,AttentionCheck,1779404930,1,0,0
9ovfq5hj,162,l7s76yxc,33,mock_N08_N04_Aonly,Discussion,1779404932,2,0,0
9ovfq5hj,158,frpc2jy6,33,mock_N08_N04_Aonly,Discussion,1779404935,2,0,0
9ovfq5hj,142,cf1r1kdi,33,mock_N08_N04_Aonly,Discussion,1779404936,2,0,0
9ovfq5hj,167,gja1or1x,2,presurvey,AudioCheck,1779404938,1,0,0
9ovfq5hj,152,4o69sees,33,mock_N08_N04_Aonly,Discussion,1779404943,2,0,0
9ovfq5hj,142,cf1r1kdi,40,mock_N08_N04_Aonly,DiscussionGRPWaitPage,1779404943,3,0,1
9ovfq5hj,162,l7s76yxc,40,mock_N08_N04_Aonly,DiscussionGRPWaitPage,1779404943,3,0,1
9ovfq5hj,158,frpc2jy6,40,mock_N08_N04_Aonly,DiscussionGRPWaitPage,1779404943,3,0,1
9ovfq5hj,152,4o69sees,40,mock_N08_N04_Aonly,DiscussionGRPWaitPage,1779404943,3,0,1
9ovfq5hj,166,wa6yk985,4,presurvey,NeighborhoodInstruction,1779404945,1,0,0
9ovfq5hj,167,gja1or1x,3,presurvey,Demographics,1779404946,1,0,0
9ovfq5hj,162,l7s76yxc,45,mock_N08_N04_Aonly,Discussion,1779404951,3,0,0
9ovfq5hj,158,frpc2jy6,45,mock_N08_N04_Aonly,Discussion,1779404952,3,0,0
9ovfq5hj,168,frma4a0s,0,,InitializeParticipant,1779404953,1,0,0
9ovfq5hj,169,ji0m8x7z,0,,InitializeParticipant,1779404958,1,0,0
9ovfq5hj,168,frma4a0s,1,presurvey,Introduction,1779404958,1,0,0
9ovfq5hj,142,cf1r1kdi,45,mock_N08_N04_Aonly,Discussion,1779404960,3,0,0
9ovfq5hj,152,4o69sees,45,mock_N08_N04_Aonly,Discussion,1779404962,3,0,0
9ovfq5hj,142,cf1r1kdi,52,mock_N08_N04_Aonly,DiscussionGRPWaitPage,1779404962,4,0,1
9ovfq5hj,162,l7s76yxc,52,mock_N08_N04_Aonly,DiscussionGRPWaitPage,1779404962,4,0,1
9ovfq5hj,158,frpc2jy6,52,mock_N08_N04_Aonly,DiscussionGRPWaitPage,1779404962,4,0,1
9ovfq5hj,152,4o69sees,52,mock_N08_N04_Aonly,DiscussionGRPWaitPage,1779404962,4,0,1
9ovfq5hj,163,sa39ampo,12,presurvey,Commitment,1779404963,1,0,0
9ovfq5hj,169,ji0m8x7z,1,presurvey,Introduction,1779404964,1,0,0
9ovfq5hj,162,l7s76yxc,57,mock_N08_N04_Aonly,Discussion,1779404967,4,0,0
9ovfq5hj,167,gja1or1x,4,presurvey,NeighborhoodInstruction,1779404970,1,0,0
9ovfq5hj,142,cf1r1kdi,57,mock_N08_N04_Aonly,Discussion,1779404971,4,0,0
9ovfq5hj,152,4o69sees,57,mock_N08_N04_Aonly,Discussion,1779404971,4,0,0
9ovfq5hj,158,frpc2jy6,57,mock_N08_N04_Aonly,Discussion,1779404971,4,0,0
9ovfq5hj,162,l7s76yxc,64,mock_N08_N04_Aonly,DiscussionGRPWaitPage,1779404972,5,0,1
9ovfq5hj,142,cf1r1kdi,64,mock_N08_N04_Aonly,DiscussionGRPWaitPage,1779404972,5,0,1
9ovfq5hj,158,frpc2jy6,64,mock_N08_N04_Aonly,DiscussionGRPWaitPage,1779404972,5,0,1
9ovfq5hj,152,4o69sees,64,mock_N08_N04_Aonly,DiscussionGRPWaitPage,1779404972,5,0,1
9ovfq5hj,169,ji0m8x7z,2,presurvey,AudioCheck,1779404975,1,0,0
9ovfq5hj,162,l7s76yxc,69,mock_N08_N04_Aonly,Discussion,1779404976,5,0,0
9ovfq5hj,168,frma4a0s,2,presurvey,AudioCheck,1779404976,1,0,0
9ovfq5hj,146,xzny70i2,13,mock_N08_N04_Aonly,GroupingWaitPage,1779404977,1,0,1
9ovfq5hj,146,xzny70i2,14,mock_N08_N04_Aonly,GroupSizeWaitPage,1779404978,1,0,1
9ovfq5hj,166,wa6yk985,5,presurvey,Training,1779404978,1,0,0
9ovfq5hj,152,4o69sees,69,mock_N08_N04_Aonly,Discussion,1779404978,5,0,0
9ovfq5hj,158,frpc2jy6,69,mock_N08_N04_Aonly,Discussion,1779404982,5,0,0
9ovfq5hj,142,cf1r1kdi,69,mock_N08_N04_Aonly,Discussion,1779404984,5,0,0
9ovfq5hj,142,cf1r1kdi,76,mock_N08_N04_Aonly,DiscussionGRPWaitPage,1779404984,6,0,1
9ovfq5hj,162,l7s76yxc,76,mock_N08_N04_Aonly,DiscussionGRPWaitPage,1779404984,6,0,1
9ovfq5hj,158,frpc2jy6,76,mock_N08_N04_Aonly,DiscussionGRPWaitPage,1779404984,6,0,1
9ovfq5hj,152,4o69sees,76,mock_N08_N04_Aonly,DiscussionGRPWaitPage,1779404984,6,0,1
9ovfq5hj,146,xzny70i2,15,mock_N08_N04_Aonly,AttentionCheck,1779404986,1,0,0
9ovfq5hj,162,l7s76yxc,81,mock_N08_N04_Aonly,Discussion,1779404988,6,0,0
9ovfq5hj,142,cf1r1kdi,81,mock_N08_N04_Aonly,Discussion,1779404989,6,0,0
9ovfq5hj,158,frpc2jy6,81,mock_N08_N04_Aonly,Discussion,1779404989,6,0,0
9ovfq5hj,152,4o69sees,81,mock_N08_N04_Aonly,Discussion,1779404991,6,0,0
9ovfq5hj,142,cf1r1kdi,88,mock_N08_N04_Aonly,DiscussionGRPWaitPage,1779404991,7,0,1
9ovfq5hj,162,l7s76yxc,88,mock_N08_N04_Aonly,DiscussionGRPWaitPage,1779404991,7,0,1
9ovfq5hj,158,frpc2jy6,88,mock_N08_N04_Aonly,DiscussionGRPWaitPage,1779404991,7,0,1
9ovfq5hj,152,4o69sees,88,mock_N08_N04_Aonly,DiscussionGRPWaitPage,1779404991,7,0,1
9ovfq5hj,169,ji0m8x7z,3,presurvey,Demographics,1779404993,1,0,0
9ovfq5hj,168,frma4a0s,3,presurvey,Demographics,1779404994,1,0,0
9ovfq5hj,162,l7s76yxc,93,mock_N08_N04_Aonly,Discussion,1779404994,7,0,0
9ovfq5hj,152,4o69sees,93,mock_N08_N04_Aonly,Discussion,1779404996,7,0,0
9ovfq5hj,148,rifmck2f,13,mock_N08_N04_Aonly,GroupingWaitPage,1779404998,1,0,1
9ovfq5hj,158,frpc2jy6,93,mock_N08_N04_Aonly,Discussion,1779404999,7,0,0
9ovfq5hj,166,wa6yk985,6,presurvey,TrainingNeighbor_1,1779404999,1,0,0
9ovfq5hj,148,rifmck2f,14,mock_N08_N04_Aonly,GroupSizeWaitPage,1779404999,1,0,1
9ovfq5hj,168,frma4a0s,4,presurvey,NeighborhoodInstruction,1779405005,1,0,0
9ovfq5hj,166,wa6yk985,10,presurvey,ExperimentInstruction,1779405008,1,0,0
9ovfq5hj,142,cf1r1kdi,93,mock_N08_N04_Aonly,Discussion,1779405010,7,0,0
9ovfq5hj,140,h7gwm43j,13,mock_N08_N04_Aonly,GroupingWaitPage,1779405011,1,0,1
9ovfq5hj,162,l7s76yxc,100,mock_N08_N04_Aonly,DiscussionGRPWaitPage,1779405011,8,0,1
9ovfq5hj,142,cf1r1kdi,100,mock_N08_N04_Aonly,DiscussionGRPWaitPage,1779405011,8,0,1
9ovfq5hj,158,frpc2jy6,100,mock_N08_N04_Aonly,DiscussionGRPWaitPage,1779405011,8,0,1
9ovfq5hj,152,4o69sees,100,mock_N08_N04_Aonly,DiscussionGRPWaitPage,1779405011,8,0,1
9ovfq5hj,140,h7gwm43j,14,mock_N08_N04_Aonly,GroupSizeWaitPage,1779405011,1,0,1
9ovfq5hj,148,rifmck2f,15,mock_N08_N04_Aonly,AttentionCheck,1779405012,1,0,0
9ovfq5hj,169,ji0m8x7z,4,presurvey,NeighborhoodInstruction,1779405014,1,0,0
9ovfq5hj,142,cf1r1kdi,105,mock_N08_N04_Aonly,Discussion,1779405016,8,0,0
9ovfq5hj,162,l7s76yxc,105,mock_N08_N04_Aonly,Discussion,1779405016,8,0,0
9ovfq5hj,158,frpc2jy6,105,mock_N08_N04_Aonly,Discussion,1779405017,8,0,0
9ovfq5hj,152,4o69sees,105,mock_N08_N04_Aonly,Discussion,1779405017,8,0,0
9ovfq5hj,142,cf1r1kdi,112,mock_N08_N04_Aonly,DiscussionGRPWaitPage,1779405017,9,0,1
9ovfq5hj,162,l7s76yxc,112,mock_N08_N04_Aonly,DiscussionGRPWaitPage,1779405017,9,0,1
9ovfq5hj,158,frpc2jy6,112,mock_N08_N04_Aonly,DiscussionGRPWaitPage,1779405017,9,0,1
9ovfq5hj,152,4o69sees,112,mock_N08_N04_Aonly,DiscussionGRPWaitPage,1779405017,9,0,1
9ovfq5hj,167,gja1or1x,5,presurvey,Training,1779405019,1,0,0
9ovfq5hj,162,l7s76yxc,117,mock_N08_N04_Aonly,Discussion,1779405019,9,0,0
9ovfq5hj,152,4o69sees,117,mock_N08_N04_Aonly,Discussion,1779405021,9,0,0
9ovfq5hj,158,frpc2jy6,117,mock_N08_N04_Aonly,Discussion,1779405023,9,0,0
9ovfq5hj,140,h7gwm43j,15,mock_N08_N04_Aonly,AttentionCheck,1779405025,1,0,0
9ovfq5hj,144,thsfcil7,13,mock_N08_N04_Aonly,GroupingWaitPage,1779405027,1,0,1
9ovfq5hj,144,thsfcil7,14,mock_N08_N04_Aonly,GroupSizeWaitPage,1779405028,1,0,1
9ovfq5hj,168,frma4a0s,5,presurvey,Training,1779405028,1,0,0
9ovfq5hj,144,thsfcil7,15,mock_N08_N04_Aonly,AttentionCheck,1779405036,1,0,0
9ovfq5hj,170,oubepf3a,0,,InitializeParticipant,1779405038,1,0,0
9ovfq5hj,166,wa6yk985,11,presurvey,Scenario,1779405038,1,0,0
9ovfq5hj,142,cf1r1kdi,117,mock_N08_N04_Aonly,Discussion,1779405039,9,0,0
9ovfq5hj,142,cf1r1kdi,124,mock_N08_N04_Aonly,DiscussionGRPWaitPage,1779405039,10,0,1
9ovfq5hj,162,l7s76yxc,124,mock_N08_N04_Aonly,DiscussionGRPWaitPage,1779405039,10,0,1
9ovfq5hj,158,frpc2jy6,124,mock_N08_N04_Aonly,DiscussionGRPWaitPage,1779405039,10,0,1
9ovfq5hj,152,4o69sees,124,mock_N08_N04_Aonly,DiscussionGRPWaitPage,1779405039,10,0,1
9ovfq5hj,162,l7s76yxc,129,mock_N08_N04_Aonly,Discussion,1779405042,10,0,0
9ovfq5hj,152,4o69sees,129,mock_N08_N04_Aonly,Discussion,1779405044,10,0,0
9ovfq5hj,169,ji0m8x7z,5,presurvey,Training,1779405046,1,0,0
9ovfq5hj,170,oubepf3a,1,presurvey,Introduction,1779405047,1,0,0
9ovfq5hj,158,frpc2jy6,129,mock_N08_N04_Aonly,Discussion,1779405049,10,0,0
9ovfq5hj,142,cf1r1kdi,129,mock_N08_N04_Aonly,Discussion,1779405052,10,0,0
9ovfq5hj,162,l7s76yxc,136,mock_N08_N04_Aonly,DiscussionGRPWaitPage,1779405052,11,0,1
9ovfq5hj,142,cf1r1kdi,136,mock_N08_N04_Aonly,DiscussionGRPWaitPage,1779405052,11,0,1
9ovfq5hj,158,frpc2jy6,136,mock_N08_N04_Aonly,DiscussionGRPWaitPage,1779405052,11,0,1
9ovfq5hj,152,4o69sees,136,mock_N08_N04_Aonly,DiscussionGRPWaitPage,1779405052,11,0,1
9ovfq5hj,155,4bxzomnv,11,presurvey,Scenario,1779405056,1,0,0
9ovfq5hj,162,l7s76yxc,141,mock_N08_N04_Aonly,Discussion,1779405062,11,0,0
9ovfq5hj,152,4o69sees,141,mock_N08_N04_Aonly,Discussion,1779405062,11,0,0
9ovfq5hj,167,gja1or1x,6,presurvey,TrainingNeighbor_1,1779405062,1,0,0
9ovfq5hj,142,cf1r1kdi,141,mock_N08_N04_Aonly,Discussion,1779405062,11,0,0
9ovfq5hj,171,vtu90saq,0,,InitializeParticipant,1779405063,1,0,0
9ovfq5hj,158,frpc2jy6,141,mock_N08_N04_Aonly,Discussion,1779405064,11,0,0
9ovfq5hj,142,cf1r1kdi,148,mock_N08_N04_Aonly,DiscussionGRPWaitPage,1779405064,12,0,1
9ovfq5hj,162,l7s76yxc,148,mock_N08_N04_Aonly,DiscussionGRPWaitPage,1779405064,12,0,1
9ovfq5hj,158,frpc2jy6,148,mock_N08_N04_Aonly,DiscussionGRPWaitPage,1779405064,12,0,1
9ovfq5hj,152,4o69sees,148,mock_N08_N04_Aonly,DiscussionGRPWaitPage,1779405064,12,0,1
9ovfq5hj,172,twpu18jj,0,,InitializeParticipant,1779405065,1,0,0
9ovfq5hj,173,be6yzfju,0,,InitializeParticipant,1779405066,1,0,0
9ovfq5hj,162,l7s76yxc,153,mock_N08_N04_Aonly,Discussion,1779405067,12,0,0
9ovfq5hj,168,frma4a0s,6,presurvey,TrainingNeighbor_1,1779405070,1,0,0
9ovfq5hj,170,oubepf3a,2,presurvey,AudioCheck,1779405070,1,0,0
9ovfq5hj,167,gja1or1x,10,presurvey,ExperimentInstruction,1779405071,1,0,0
9ovfq5hj,158,frpc2jy6,153,mock_N08_N04_Aonly,Discussion,1779405072,12,0,0
9ovfq5hj,152,4o69sees,153,mock_N08_N04_Aonly,Discussion,1779405072,12,0,0
9ovfq5hj,142,cf1r1kdi,153,mock_N08_N04_Aonly,Discussion,1779405075,12,0,0
9ovfq5hj,142,cf1r1kdi,160,mock_N08_N04_Aonly,DiscussionGRPWaitPage,1779405076,13,0,1
9ovfq5hj,162,l7s76yxc,160,mock_N08_N04_Aonly,DiscussionGRPWaitPage,1779405076,13,0,1
9ovfq5hj,158,frpc2jy6,160,mock_N08_N04_Aonly,DiscussionGRPWaitPage,1779405076,13,0,1
9ovfq5hj,152,4o69sees,160,mock_N08_N04_Aonly,DiscussionGRPWaitPage,1779405076,13,0,1
9ovfq5hj,174,8m0w5gxm,0,,InitializeParticipant,1779405076,1,0,0
9ovfq5hj,168,frma4a0s,7,presurvey,TrainingNeighbor_2,1779405076,1,0,0
9ovfq5hj,166,wa6yk985,12,presurvey,Commitment,1779405077,1,0,0
9ovfq5hj,162,l7s76yxc,165,mock_N08_N04_Aonly,Discussion,1779405080,13,0,0
9ovfq5hj,175,k7kliruc,0,,InitializeParticipant,1779405080,1,0,0
9ovfq5hj,152,4o69sees,165,mock_N08_N04_Aonly,Discussion,1779405081,13,0,0
9ovfq5hj,158,frpc2jy6,165,mock_N08_N04_Aonly,Discussion,1779405082,13,0,0
9ovfq5hj,168,frma4a0s,10,presurvey,ExperimentInstruction,1779405082,1,0,0
9ovfq5hj,171,vtu90saq,1,presurvey,Introduction,1779405082,1,0,0
9ovfq5hj,142,cf1r1kdi,165,mock_N08_N04_Aonly,Discussion,1779405086,13,0,0
9ovfq5hj,162,l7s76yxc,172,mock_N08_N04_Aonly,DiscussionGRPWaitPage,1779405087,14,0,1
9ovfq5hj,142,cf1r1kdi,172,mock_N08_N04_Aonly,DiscussionGRPWaitPage,1779405087,14,0,1
9ovfq5hj,158,frpc2jy6,172,mock_N08_N04_Aonly,DiscussionGRPWaitPage,1779405087,14,0,1
9ovfq5hj,152,4o69sees,172,mock_N08_N04_Aonly,DiscussionGRPWaitPage,1779405087,14,0,1
9ovfq5hj,170,oubepf3a,3,presurvey,Demographics,1779405088,1,0,0
9ovfq5hj,152,4o69sees,177,mock_N08_N04_Aonly,Discussion,1779405090,14,0,0
9ovfq5hj,175,k7kliruc,1,presurvey,Introduction,1779405091,1,0,0
9ovfq5hj,158,frpc2jy6,177,mock_N08_N04_Aonly,Discussion,1779405091,14,0,0
9ovfq5hj,162,l7s76yxc,177,mock_N08_N04_Aonly,Discussion,1779405092,14,0,0
9ovfq5hj,176,phzdar97,0,,InitializeParticipant,1779405093,1,0,0
9ovfq5hj,142,cf1r1kdi,177,mock_N08_N04_Aonly,Discussion,1779405094,14,0,0
9ovfq5hj,142,cf1r1kdi,184,mock_N08_N04_Aonly,DiscussionGRPWaitPage,1779405094,15,0,1
9ovfq5hj,162,l7s76yxc,184,mock_N08_N04_Aonly,DiscussionGRPWaitPage,1779405094,15,0,1
9ovfq5hj,158,frpc2jy6,184,mock_N08_N04_Aonly,DiscussionGRPWaitPage,1779405094,15,0,1
9ovfq5hj,152,4o69sees,184,mock_N08_N04_Aonly,DiscussionGRPWaitPage,1779405094,15,0,1
9ovfq5hj,162,l7s76yxc,189,mock_N08_N04_Aonly,Discussion,1779405097,15,0,0
9ovfq5hj,171,vtu90saq,2,presurvey,AudioCheck,1779405097,1,0,0
9ovfq5hj,142,cf1r1kdi,189,mock_N08_N04_Aonly,Discussion,1779405098,15,0,0
9ovfq5hj,173,be6yzfju,1,presurvey,Introduction,1779405099,1,0,0
9ovfq5hj,152,4o69sees,189,mock_N08_N04_Aonly,Discussion,1779405099,15,0,0
9ovfq5hj,158,frpc2jy6,189,mock_N08_N04_Aonly,Discussion,1779405101,15,0,0
9ovfq5hj,162,l7s76yxc,196,mock_N08_N04_Aonly,DiscussionGRPWaitPage,1779405101,16,0,1
9ovfq5hj,158,frpc2jy6,196,mock_N08_N04_Aonly,DiscussionGRPWaitPage,1779405101,16,0,1
9ovfq5hj,152,4o69sees,196,mock_N08_N04_Aonly,DiscussionGRPWaitPage,1779405101,16,0,1
9ovfq5hj,142,cf1r1kdi,196,mock_N08_N04_Aonly,DiscussionGRPWaitPage,1779405101,16,0,1
9ovfq5hj,169,ji0m8x7z,6,presurvey,TrainingNeighbor_1,1779405101,1,0,0
9ovfq5hj,162,l7s76yxc,201,mock_N08_N04_Aonly,Discussion,1779405104,16,0,0
9ovfq5hj,142,cf1r1kdi,201,mock_N08_N04_Aonly,Discussion,1779405106,16,0,0
9ovfq5hj,152,4o69sees,201,mock_N08_N04_Aonly,Discussion,1779405106,16,0,0
9ovfq5hj,168,frma4a0s,11,presurvey,Scenario,1779405108,1,0,0
9ovfq5hj,158,frpc2jy6,201,mock_N08_N04_Aonly,Discussion,1779405109,16,0,0
9ovfq5hj,162,l7s76yxc,208,mock_N08_N04_Aonly,DiscussionGRPWaitPage,1779405110,17,0,1
9ovfq5hj,158,frpc2jy6,208,mock_N08_N04_Aonly,DiscussionGRPWaitPage,1779405110,17,0,1
9ovfq5hj,142,cf1r1kdi,208,mock_N08_N04_Aonly,DiscussionGRPWaitPage,1779405110,17,0,1
9ovfq5hj,152,4o69sees,208,mock_N08_N04_Aonly,DiscussionGRPWaitPage,1779405110,17,0,1
9ovfq5hj,171,vtu90saq,3,presurvey,Demographics,1779405110,1,0,0
9ovfq5hj,169,ji0m8x7z,7,presurvey,TrainingNeighbor_2,1779405110,1,0,0
9ovfq5hj,162,l7s76yxc,213,mock_N08_N04_Aonly,Discussion,1779405112,17,0,0
9ovfq5hj,158,frpc2jy6,213,mock_N08_N04_Aonly,Discussion,1779405113,17,0,0
9ovfq5hj,177,9ihtahh6,0,,InitializeParticipant,1779405114,1,0,0
9ovfq5hj,174,8m0w5gxm,1,presurvey,Introduction,1779405114,1,0,0
9ovfq5hj,175,k7kliruc,2,presurvey,AudioCheck,1779405115,1,0,0
9ovfq5hj,152,4o69sees,213,mock_N08_N04_Aonly,Discussion,1779405115,17,0,0
9ovfq5hj,169,ji0m8x7z,10,presurvey,ExperimentInstruction,1779405115,1,0,0
9ovfq5hj,173,be6yzfju,2,presurvey,AudioCheck,1779405120,1,0,0
9ovfq5hj,170,oubepf3a,4,presurvey,NeighborhoodInstruction,1779405121,1,0,0
9ovfq5hj,171,vtu90saq,4,presurvey,NeighborhoodInstruction,1779405122,1,0,0
9ovfq5hj,142,cf1r1kdi,213,mock_N08_N04_Aonly,Discussion,1779405122,17,0,0
9ovfq5hj,142,cf1r1kdi,220,mock_N08_N04_Aonly,DiscussionGRPWaitPage,1779405123,18,0,1
9ovfq5hj,162,l7s76yxc,220,mock_N08_N04_Aonly,DiscussionGRPWaitPage,1779405123,18,0,1
9ovfq5hj,158,frpc2jy6,220,mock_N08_N04_Aonly,DiscussionGRPWaitPage,1779405123,18,0,1
9ovfq5hj,152,4o69sees,220,mock_N08_N04_Aonly,DiscussionGRPWaitPage,1779405123,18,0,1
9ovfq5hj,176,phzdar97,1,presurvey,Introduction,1779405126,1,0,0
9ovfq5hj,162,l7s76yxc,225,mock_N08_N04_Aonly,Discussion,1779405126,18,0,0
9ovfq5hj,152,4o69sees,225,mock_N08_N04_Aonly,Discussion,1779405128,18,0,0
9ovfq5hj,168,frma4a0s,12,presurvey,Commitment,1779405129,1,0,0
9ovfq5hj,167,gja1or1x,11,presurvey,Scenario,1779405129,1,0,0
9ovfq5hj,142,cf1r1kdi,225,mock_N08_N04_Aonly,Discussion,1779405130,18,0,0
9ovfq5hj,158,frpc2jy6,225,mock_N08_N04_Aonly,Discussion,1779405130,18,0,0
9ovfq5hj,162,l7s76yxc,232,mock_N08_N04_Aonly,DiscussionGRPWaitPage,1779405130,19,0,1
9ovfq5hj,142,cf1r1kdi,232,mock_N08_N04_Aonly,DiscussionGRPWaitPage,1779405130,19,0,1
9ovfq5hj,158,frpc2jy6,232,mock_N08_N04_Aonly,DiscussionGRPWaitPage,1779405130,19,0,1
9ovfq5hj,152,4o69sees,232,mock_N08_N04_Aonly,DiscussionGRPWaitPage,1779405130,19,0,1
9ovfq5hj,173,be6yzfju,3,presurvey,Demographics,1779405132,1,0,0
9ovfq5hj,162,l7s76yxc,237,mock_N08_N04_Aonly,Discussion,1779405133,19,0,0
9ovfq5hj,177,9ihtahh6,1,presurvey,Introduction,1779405135,1,0,0
9ovfq5hj,152,4o69sees,237,mock_N08_N04_Aonly,Discussion,1779405136,19,0,0
9ovfq5hj,175,k7kliruc,3,presurvey,Demographics,1779405136,1,0,0
9ovfq5hj,158,frpc2jy6,237,mock_N08_N04_Aonly,Discussion,1779405136,19,0,0
9ovfq5hj,142,cf1r1kdi,237,mock_N08_N04_Aonly,Discussion,1779405140,19,0,0
9ovfq5hj,142,cf1r1kdi,244,mock_N08_N04_Aonly,DiscussionGRPWaitPage,1779405140,20,0,1
9ovfq5hj,162,l7s76yxc,244,mock_N08_N04_Aonly,DiscussionGRPWaitPage,1779405140,20,0,1
9ovfq5hj,158,frpc2jy6,244,mock_N08_N04_Aonly,DiscussionGRPWaitPage,1779405140,20,0,1
9ovfq5hj,152,4o69sees,244,mock_N08_N04_Aonly,DiscussionGRPWaitPage,1779405140,20,0,1
9ovfq5hj,174,8m0w5gxm,2,presurvey,AudioCheck,1779405143,1,0,0
9ovfq5hj,162,l7s76yxc,249,mock_N08_N04_Aonly,Discussion,1779405143,20,0,0
9ovfq5hj,158,frpc2jy6,249,mock_N08_N04_Aonly,Discussion,1779405146,20,0,0
9ovfq5hj,169,ji0m8x7z,11,presurvey,Scenario,1779405146,1,0,0
9ovfq5hj,152,4o69sees,249,mock_N08_N04_Aonly,Discussion,1779405146,20,0,0
9ovfq5hj,171,vtu90saq,5,presurvey,Training,1779405146,1,0,0
9ovfq5hj,170,oubepf3a,5,presurvey,Training,1779405151,1,0,0
9ovfq5hj,142,cf1r1kdi,249,mock_N08_N04_Aonly,Discussion,1779405151,20,0,0
9ovfq5hj,176,phzdar97,2,presurvey,AudioCheck,1779405153,1,0,0
9ovfq5hj,173,be6yzfju,4,presurvey,NeighborhoodInstruction,1779405156,1,0,0
9ovfq5hj,162,l7s76yxc,250,mock_N08_N04_Aonly,Additional,1779405159,20,0,0
9ovfq5hj,173,be6yzfju,5,presurvey,Training,1779405162,1,0,0
9ovfq5hj,142,cf1r1kdi,250,mock_N08_N04_Aonly,Additional,1779405164,20,0,0
9ovfq5hj,174,8m0w5gxm,3,presurvey,Demographics,1779405164,1,0,0
9ovfq5hj,158,frpc2jy6,250,mock_N08_N04_Aonly,Additional,1779405165,20,0,0
9ovfq5hj,177,9ihtahh6,2,presurvey,AudioCheck,1779405169,1,0,0
9ovfq5hj,167,gja1or1x,12,presurvey,Commitment,1779405170,1,0,0
9ovfq5hj,169,ji0m8x7z,12,presurvey,Commitment,1779405174,1,0,0
9ovfq5hj,176,phzdar97,3,presurvey,Demographics,1779405176,1,0,0
9ovfq5hj,147,0fq5w0d7,13,mock_N08_N04_Aonly,GroupingWaitPage,1779405179,1,0,1
9ovfq5hj,147,0fq5w0d7,14,mock_N08_N04_Aonly,GroupSizeWaitPage,1779405180,1,0,1
9ovfq5hj,175,k7kliruc,4,presurvey,NeighborhoodInstruction,1779405181,1,0,0
9ovfq5hj,152,4o69sees,250,mock_N08_N04_Aonly,Additional,1779405184,20,0,0
9ovfq5hj,142,cf1r1kdi,251,mock_N08_N04_Aonly,FinalRoundWaitPage,1779405185,20,0,1
9ovfq5hj,162,l7s76yxc,251,mock_N08_N04_Aonly,FinalRoundWaitPage,1779405185,20,0,1
9ovfq5hj,158,frpc2jy6,251,mock_N08_N04_Aonly,FinalRoundWaitPage,1779405185,20,0,1
9ovfq5hj,152,4o69sees,251,mock_N08_N04_Aonly,FinalRoundWaitPage,1779405185,20,0,1
9ovfq5hj,171,vtu90saq,6,presurvey,TrainingNeighbor_1,1779405186,1,0,0
9ovfq5hj,177,9ihtahh6,3,presurvey,Demographics,1779405192,1,0,0
9ovfq5hj,171,vtu90saq,7,presurvey,TrainingNeighbor_2,1779405193,1,0,0
9ovfq5hj,158,frpc2jy6,252,mock_N08_N04_Aonly,FinalRound,1779405193,20,0,0
9ovfq5hj,142,cf1r1kdi,252,mock_N08_N04_Aonly,FinalRound,1779405193,20,0,0
9ovfq5hj,174,8m0w5gxm,4,presurvey,NeighborhoodInstruction,1779405195,1,0,0
9ovfq5hj,171,vtu90saq,10,presurvey,ExperimentInstruction,1779405196,1,0,0
9ovfq5hj,162,l7s76yxc,252,mock_N08_N04_Aonly,FinalRound,1779405196,20,0,0
9ovfq5hj,152,4o69sees,252,mock_N08_N04_Aonly,FinalRound,1779405197,20,0,0
9ovfq5hj,177,9ihtahh6,4,presurvey,NeighborhoodInstruction,1779405206,1,0,0
9ovfq5hj,150,u7hh2yyp,13,mock_N08_N04_Aonly,GroupingWaitPage,1779405216,1,0,1
9ovfq5hj,147,0fq5w0d7,15,mock_N08_N04_Aonly,AttentionCheck,1779405216,1,1,0
9ovfq5hj,170,oubepf3a,6,presurvey,TrainingNeighbor_1,1779405217,1,0,0
9ovfq5hj,175,k7kliruc,5,presurvey,Training,1779405218,1,0,0
9ovfq5hj,150,u7hh2yyp,14,mock_N08_N04_Aonly,GroupSizeWaitPage,1779405218,1,0,1
9ovfq5hj,173,be6yzfju,6,presurvey,TrainingNeighbor_1,1779405227,1,0,0
9ovfq5hj,150,u7hh2yyp,15,mock_N08_N04_Aonly,AttentionCheck,1779405228,1,0,0
9ovfq5hj,171,vtu90saq,11,presurvey,Scenario,1779405230,1,0,0
9ovfq5hj,176,phzdar97,4,presurvey,NeighborhoodInstruction,1779405232,1,0,0
9ovfq5hj,174,8m0w5gxm,5,presurvey,Training,1779405234,1,0,0
9ovfq5hj,173,be6yzfju,7,presurvey,TrainingNeighbor_2,1779405240,1,0,0
9ovfq5hj,170,oubepf3a,7,presurvey,TrainingNeighbor_2,1779405240,1,0,0
9ovfq5hj,173,be6yzfju,10,presurvey,ExperimentInstruction,1779405247,1,0,0
9ovfq5hj,170,oubepf3a,8,presurvey,AttentionCheck,1779405254,1,0,0
9ovfq5hj,177,9ihtahh6,5,presurvey,Training,1779405257,1,0,0
9ovfq5hj,175,k7kliruc,6,presurvey,TrainingNeighbor_1,1779405262,1,0,0
9ovfq5hj,174,8m0w5gxm,6,presurvey,TrainingNeighbor_1,1779405270,1,0,0
9ovfq5hj,170,oubepf3a,9,presurvey,TrainingNeighbor_3,1779405271,1,0,0
9ovfq5hj,175,k7kliruc,10,presurvey,ExperimentInstruction,1779405273,1,0,0
9ovfq5hj,173,be6yzfju,11,presurvey,Scenario,1779405275,1,0,0
9ovfq5hj,174,8m0w5gxm,7,presurvey,TrainingNeighbor_2,1779405276,1,0,0
9ovfq5hj,171,vtu90saq,12,presurvey,Commitment,1779405277,1,0,0
9ovfq5hj,176,phzdar97,5,presurvey,Training,1779405284,1,0,0
9ovfq5hj,177,9ihtahh6,6,presurvey,TrainingNeighbor_1,1779405288,1,0,0
9ovfq5hj,177,9ihtahh6,10,presurvey,ExperimentInstruction,1779405294,1,0,0
9ovfq5hj,170,oubepf3a,10,presurvey,ExperimentInstruction,1779405296,1,0,0
9ovfq5hj,174,8m0w5gxm,10,presurvey,ExperimentInstruction,1779405301,1,0,0
9ovfq5hj,173,be6yzfju,12,presurvey,Commitment,1779405323,1,0,0
9ovfq5hj,178,084pm3qc,0,,InitializeParticipant,1779405326,1,0,0
9ovfq5hj,175,k7kliruc,11,presurvey,Scenario,1779405336,1,0,0
9ovfq5hj,174,8m0w5gxm,11,presurvey,Scenario,1779405340,1,0,0
9ovfq5hj,177,9ihtahh6,11,presurvey,Scenario,1779405342,1,0,0
9ovfq5hj,178,084pm3qc,1,presurvey,Introduction,1779405342,1,0,0
9ovfq5hj,178,084pm3qc,2,presurvey,AudioCheck,1779405365,1,0,0
9ovfq5hj,175,k7kliruc,12,presurvey,Commitment,1779405384,1,0,0
9ovfq5hj,176,phzdar97,6,presurvey,TrainingNeighbor_1,1779405393,1,0,0
9ovfq5hj,174,8m0w5gxm,12,presurvey,Commitment,1779405395,1,0,0
9ovfq5hj,178,084pm3qc,3,presurvey,Demographics,1779405396,1,0,0
9ovfq5hj,176,phzdar97,7,presurvey,TrainingNeighbor_2,1779405399,1,0,0
9ovfq5hj,179,6w715g9r,0,,InitializeParticipant,1779405405,1,0,0
9ovfq5hj,176,phzdar97,10,presurvey,ExperimentInstruction,1779405409,1,0,0
9ovfq5hj,170,oubepf3a,11,presurvey,Scenario,1779405409,1,0,0
9ovfq5hj,180,wq14i3nx,0,,InitializeParticipant,1779405417,1,0,0
9ovfq5hj,181,fazp1uod,0,,InitializeParticipant,1779405419,1,0,0
9ovfq5hj,180,wq14i3nx,1,presurvey,Introduction,1779405420,1,0,0
9ovfq5hj,182,2cmovffa,0,,InitializeParticipant,1779405422,1,0,0
9ovfq5hj,182,2cmovffa,1,presurvey,Introduction,1779405435,1,0,0
9ovfq5hj,180,wq14i3nx,2,presurvey,AudioCheck,1779405442,1,0,0
9ovfq5hj,181,fazp1uod,1,presurvey,Introduction,1779405447,1,0,0
9ovfq5hj,177,9ihtahh6,12,presurvey,Commitment,1779405448,1,0,0
9ovfq5hj,178,084pm3qc,4,presurvey,NeighborhoodInstruction,1779405453,1,0,0
9ovfq5hj,182,2cmovffa,2,presurvey,AudioCheck,1779405457,1,0,0
9ovfq5hj,180,wq14i3nx,3,presurvey,Demographics,1779405458,1,0,0
9ovfq5hj,181,fazp1uod,2,presurvey,AudioCheck,1779405462,1,0,0
9ovfq5hj,180,wq14i3nx,4,presurvey,NeighborhoodInstruction,1779405470,1,0,0
9ovfq5hj,182,2cmovffa,3,presurvey,Demographics,1779405470,1,0,0
9ovfq5hj,182,2cmovffa,4,presurvey,NeighborhoodInstruction,1779405489,1,0,0
9ovfq5hj,180,wq14i3nx,5,presurvey,Training,1779405491,1,0,0
9ovfq5hj,181,fazp1uod,3,presurvey,Demographics,1779405491,1,0,0
9ovfq5hj,179,6w715g9r,1,presurvey,Introduction,1779405497,1,0,0
9ovfq5hj,176,phzdar97,11,presurvey,Scenario,1779405500,1,0,0
9ovfq5hj,178,084pm3qc,5,presurvey,Training,1779405502,1,0,0
9ovfq5hj,180,wq14i3nx,6,presurvey,TrainingNeighbor_1,1779405508,1,0,0
9ovfq5hj,180,wq14i3nx,10,presurvey,ExperimentInstruction,1779405513,1,0,0
9ovfq5hj,181,fazp1uod,4,presurvey,NeighborhoodInstruction,1779405516,1,0,0
9ovfq5hj,182,2cmovffa,5,presurvey,Training,1779405522,1,0,0
9ovfq5hj,180,wq14i3nx,11,presurvey,Scenario,1779405545,1,0,0
9ovfq5hj,181,fazp1uod,5,presurvey,Training,1779405549,1,0,0
9ovfq5hj,183,qrufuxfa,0,,InitializeParticipant,1779405551,1,0,0
9ovfq5hj,184,7n1bqzkf,0,,InitializeParticipant,1779405561,1,0,0
9ovfq5hj,182,2cmovffa,6,presurvey,TrainingNeighbor_1,1779405563,1,0,0
9ovfq5hj,179,6w715g9r,2,presurvey,AudioCheck,1779405567,1,0,0
9ovfq5hj,182,2cmovffa,7,presurvey,TrainingNeighbor_2,1779405571,1,0,0
9ovfq5hj,180,wq14i3nx,12,presurvey,Commitment,1779405573,1,0,0
9ovfq5hj,184,7n1bqzkf,1,presurvey,Introduction,1779405577,1,0,0
9ovfq5hj,182,2cmovffa,8,presurvey,AttentionCheck,1779405583,1,0,0
9ovfq5hj,181,fazp1uod,6,presurvey,TrainingNeighbor_1,1779405593,1,0,0
9ovfq5hj,178,084pm3qc,6,presurvey,TrainingNeighbor_1,1779405596,1,0,0
9ovfq5hj,181,fazp1uod,10,presurvey,ExperimentInstruction,1779405603,1,0,0
9ovfq5hj,182,2cmovffa,9,presurvey,TrainingNeighbor_3,1779405608,1,0,0
9ovfq5hj,178,084pm3qc,10,presurvey,ExperimentInstruction,1779405609,1,0,0
9ovfq5hj,182,2cmovffa,10,presurvey,ExperimentInstruction,1779405613,1,0,0
9ovfq5hj,184,7n1bqzkf,2,presurvey,AudioCheck,1779405632,1,0,0
9ovfq5hj,176,phzdar97,12,presurvey,Commitment,1779405634,1,0,0
9ovfq5hj,182,2cmovffa,11,presurvey,Scenario,1779405643,1,0,0
9ovfq5hj,185,9dbe9ctn,0,,InitializeParticipant,1779405646,1,0,0
9ovfq5hj,181,fazp1uod,11,presurvey,Scenario,1779405646,1,0,0
9ovfq5hj,186,anad5zgq,0,,InitializeParticipant,1779405657,1,0,0
9ovfq5hj,178,084pm3qc,11,presurvey,Scenario,1779405660,1,0,0
9ovfq5hj,186,anad5zgq,1,presurvey,Introduction,1779405667,1,0,0
9ovfq5hj,182,2cmovffa,12,presurvey,Commitment,1779405667,1,0,0
9ovfq5hj,181,fazp1uod,12,presurvey,Commitment,1779405674,1,0,0
9ovfq5hj,183,qrufuxfa,1,presurvey,Introduction,1779405676,1,0,0
9ovfq5hj,186,anad5zgq,2,presurvey,AudioCheck,1779405682,1,0,0
9ovfq5hj,185,9dbe9ctn,1,presurvey,Introduction,1779405683,1,0,0
9ovfq5hj,187,6pa37uda,0,,InitializeParticipant,1779405685,1,0,0
9ovfq5hj,153,ty9zcrte,13,mock_N08_N04_Aonly,GroupingWaitPage,1779405686,1,0,1
9ovfq5hj,153,ty9zcrte,14,mock_N08_N04_Aonly,GroupSizeWaitPage,1779405689,1,0,1
9ovfq5hj,186,anad5zgq,3,presurvey,Demographics,1779405692,1,0,0
9ovfq5hj,153,ty9zcrte,15,mock_N08_N04_Aonly,AttentionCheck,1779405696,1,0,0
9ovfq5hj,188,ez4ei7zs,0,,InitializeParticipant,1779405699,1,0,0
9ovfq5hj,184,7n1bqzkf,3,presurvey,Demographics,1779405702,1,0,0
9ovfq5hj,186,anad5zgq,4,presurvey,NeighborhoodInstruction,1779405705,1,0,0
9ovfq5hj,183,qrufuxfa,2,presurvey,AudioCheck,1779405706,1,0,0
9ovfq5hj,187,6pa37uda,1,presurvey,Introduction,1779405706,1,0,0
9ovfq5hj,185,9dbe9ctn,2,presurvey,AudioCheck,1779405707,1,0,0
9ovfq5hj,189,4qpqiozz,0,,InitializeParticipant,1779405711,1,0,0
9ovfq5hj,190,ocfo7bfc,0,,InitializeParticipant,1779405719,1,0,0
9ovfq5hj,187,6pa37uda,2,presurvey,AudioCheck,1779405721,1,0,0
9ovfq5hj,190,ocfo7bfc,1,presurvey,Introduction,1779405723,1,0,0
9ovfq5hj,188,ez4ei7zs,1,presurvey,Introduction,1779405724,1,0,0
9ovfq5hj,189,4qpqiozz,1,presurvey,Introduction,1779405730,1,0,0
9ovfq5hj,187,6pa37uda,3,presurvey,Demographics,1779405739,1,0,0
9ovfq5hj,186,anad5zgq,5,presurvey,Training,1779405746,1,0,0
9ovfq5hj,184,7n1bqzkf,4,presurvey,NeighborhoodInstruction,1779405747,1,0,0
9ovfq5hj,190,ocfo7bfc,2,presurvey,AudioCheck,1779405753,1,0,0
9ovfq5hj,189,4qpqiozz,2,presurvey,AudioCheck,1779405755,1,0,0
9ovfq5hj,179,6w715g9r,3,presurvey,Demographics,1779405755,1,0,0
9ovfq5hj,185,9dbe9ctn,3,presurvey,Demographics,1779405766,1,0,0
9ovfq5hj,190,ocfo7bfc,3,presurvey,Demographics,1779405766,1,0,0
9ovfq5hj,183,qrufuxfa,3,presurvey,Demographics,1779405767,1,0,0
9ovfq5hj,186,anad5zgq,6,presurvey,TrainingNeighbor_1,1779405771,1,0,0
9ovfq5hj,189,4qpqiozz,3,presurvey,Demographics,1779405772,1,0,0
9ovfq5hj,186,anad5zgq,7,presurvey,TrainingNeighbor_2,1779405777,1,0,0
9ovfq5hj,188,ez4ei7zs,2,presurvey,AudioCheck,1779405777,1,0,0
9ovfq5hj,157,rxhy2hxg,13,mock_N08_N04_Aonly,GroupingWaitPage,1779405778,1,0,1
9ovfq5hj,187,6pa37uda,4,presurvey,NeighborhoodInstruction,1779405780,1,0,0
9ovfq5hj,186,anad5zgq,10,presurvey,ExperimentInstruction,1779405780,1,0,0
9ovfq5hj,157,rxhy2hxg,14,mock_N08_N04_Aonly,GroupSizeWaitPage,1779405780,1,0,1
9ovfq5hj,189,4qpqiozz,4,presurvey,NeighborhoodInstruction,1779405784,1,0,0
9ovfq5hj,157,rxhy2hxg,15,mock_N08_N04_Aonly,AttentionCheck,1779405786,1,0,0
9ovfq5hj,185,9dbe9ctn,4,presurvey,NeighborhoodInstruction,1779405787,1,0,0
9ovfq5hj,190,ocfo7bfc,4,presurvey,NeighborhoodInstruction,1779405801,1,0,0
9ovfq5hj,189,4qpqiozz,5,presurvey,Training,1779405802,1,0,0
9ovfq5hj,188,ez4ei7zs,3,presurvey,Demographics,1779405807,1,0,0
9ovfq5hj,183,qrufuxfa,4,presurvey,NeighborhoodInstruction,1779405809,1,0,0
9ovfq5hj,187,6pa37uda,5,presurvey,Training,1779405809,1,0,0
9ovfq5hj,186,anad5zgq,11,presurvey,Scenario,1779405815,1,0,0
9ovfq5hj,184,7n1bqzkf,5,presurvey,Training,1779405819,1,0,0
9ovfq5hj,179,6w715g9r,4,presurvey,NeighborhoodInstruction,1779405834,1,0,0
9ovfq5hj,190,ocfo7bfc,5,presurvey,Training,1779405835,1,0,0
9ovfq5hj,191,bw68dgsg,0,,InitializeParticipant,1779405836,1,0,0
9ovfq5hj,183,qrufuxfa,5,presurvey,Training,1779405839,1,0,0
9ovfq5hj,189,4qpqiozz,6,presurvey,TrainingNeighbor_1,1779405845,1,0,0
9ovfq5hj,185,9dbe9ctn,5,presurvey,Training,1779405852,1,0,0
9ovfq5hj,188,ez4ei7zs,4,presurvey,NeighborhoodInstruction,1779405853,1,0,0
9ovfq5hj,189,4qpqiozz,7,presurvey,TrainingNeighbor_2,1779405854,1,0,0
9ovfq5hj,192,qvt1dojn,0,,InitializeParticipant,1779405855,1,0,0
9ovfq5hj,187,6pa37uda,6,presurvey,TrainingNeighbor_1,1779405855,1,0,0
9ovfq5hj,189,4qpqiozz,10,presurvey,ExperimentInstruction,1779405858,1,0,0
9ovfq5hj,187,6pa37uda,10,presurvey,ExperimentInstruction,1779405859,1,0,0
9ovfq5hj,192,qvt1dojn,1,presurvey,Introduction,1779405860,1,0,0
9ovfq5hj,186,anad5zgq,12,presurvey,Commitment,1779405861,1,0,0
9ovfq5hj,193,zk48pop9,0,,InitializeParticipant,1779405869,1,0,0
9ovfq5hj,190,ocfo7bfc,6,presurvey,TrainingNeighbor_1,1779405879,1,0,0
9ovfq5hj,193,zk48pop9,1,presurvey,Introduction,1779405880,1,0,0
9ovfq5hj,184,7n1bqzkf,6,presurvey,TrainingNeighbor_1,1779405888,1,0,0
9ovfq5hj,189,4qpqiozz,11,presurvey,Scenario,1779405888,1,0,0
9ovfq5hj,188,ez4ei7zs,5,presurvey,Training,1779405890,1,0,0
9ovfq5hj,185,9dbe9ctn,6,presurvey,TrainingNeighbor_1,1779405891,1,0,0
9ovfq5hj,190,ocfo7bfc,7,presurvey,TrainingNeighbor_2,1779405892,1,0,0
9ovfq5hj,179,6w715g9r,5,presurvey,Training,1779405893,1,0,0
9ovfq5hj,187,6pa37uda,11,presurvey,Scenario,1779405894,1,0,0
9ovfq5hj,193,zk48pop9,2,presurvey,AudioCheck,1779405897,1,0,0
9ovfq5hj,190,ocfo7bfc,10,presurvey,ExperimentInstruction,1779405899,1,0,0
9ovfq5hj,185,9dbe9ctn,10,presurvey,ExperimentInstruction,1779405902,1,0,0
9ovfq5hj,192,qvt1dojn,2,presurvey,AudioCheck,1779405902,1,0,0
9ovfq5hj,193,zk48pop9,3,presurvey,Demographics,1779405908,1,0,0
9ovfq5hj,191,bw68dgsg,1,presurvey,Introduction,1779405908,1,0,0
9ovfq5hj,192,qvt1dojn,3,presurvey,Demographics,1779405912,1,0,0
9ovfq5hj,184,7n1bqzkf,7,presurvey,TrainingNeighbor_2,1779405915,1,0,0
9ovfq5hj,189,4qpqiozz,12,presurvey,Commitment,1779405917,1,0,0
9ovfq5hj,161,s33k7j83,13,mock_N08_N04_Aonly,GroupingWaitPage,1779405924,1,0,1
9ovfq5hj,161,s33k7j83,14,mock_N08_N04_Aonly,GroupSizeWaitPage,1779405926,1,0,1
9ovfq5hj,193,zk48pop9,4,presurvey,NeighborhoodInstruction,1779405927,1,0,0
9ovfq5hj,191,bw68dgsg,2,presurvey,AudioCheck,1779405928,1,0,0
9ovfq5hj,187,6pa37uda,12,presurvey,Commitment,1779405929,1,0,0
9ovfq5hj,161,s33k7j83,15,mock_N08_N04_Aonly,AttentionCheck,1779405939,1,0,0
9ovfq5hj,183,qrufuxfa,6,presurvey,TrainingNeighbor_1,1779405941,1,0,0
9ovfq5hj,184,7n1bqzkf,8,presurvey,AttentionCheck,1779405944,1,0,0
9ovfq5hj,191,bw68dgsg,3,presurvey,Demographics,1779405946,1,0,0
9ovfq5hj,190,ocfo7bfc,11,presurvey,Scenario,1779405948,1,0,0
9ovfq5hj,183,qrufuxfa,10,presurvey,ExperimentInstruction,1779405953,1,0,0
9ovfq5hj,192,qvt1dojn,4,presurvey,NeighborhoodInstruction,1779405953,1,0,0
9ovfq5hj,179,6w715g9r,6,presurvey,TrainingNeighbor_1,1779405956,1,0,0
9ovfq5hj,185,9dbe9ctn,11,presurvey,Scenario,1779405956,1,0,0
9ovfq5hj,191,bw68dgsg,4,presurvey,NeighborhoodInstruction,1779405960,1,0,0
9ovfq5hj,193,zk48pop9,5,presurvey,Training,1779405964,1,0,0
9ovfq5hj,192,qvt1dojn,5,presurvey,Training,1779405976,1,0,0
9ovfq5hj,188,ez4ei7zs,6,presurvey,TrainingNeighbor_1,1779405987,1,0,0
9ovfq5hj,193,zk48pop9,6,presurvey,TrainingNeighbor_1,1779405990,1,0,0
9ovfq5hj,165,ce6uifs5,1,presurvey,Introduction,1779405992,1,0,0
9ovfq5hj,185,9dbe9ctn,12,presurvey,Commitment,1779405992,1,0,0
9ovfq5hj,184,7n1bqzkf,9,presurvey,TrainingNeighbor_3,1779405995,1,0,0
9ovfq5hj,193,zk48pop9,10,presurvey,ExperimentInstruction,1779406000,1,0,0
9ovfq5hj,179,6w715g9r,10,presurvey,ExperimentInstruction,1779406003,1,0,0
9ovfq5hj,191,bw68dgsg,5,presurvey,Training,1779406004,1,0,0
9ovfq5hj,188,ez4ei7zs,7,presurvey,TrainingNeighbor_2,1779406009,1,0,0
9ovfq5hj,193,zk48pop9,11,presurvey,Scenario,1779406026,1,0,0
9ovfq5hj,191,bw68dgsg,6,presurvey,TrainingNeighbor_1,1779406031,1,0,0
9ovfq5hj,188,ez4ei7zs,10,presurvey,ExperimentInstruction,1779406042,1,0,0
9ovfq5hj,191,bw68dgsg,10,presurvey,ExperimentInstruction,1779406042,1,0,0
9ovfq5hj,193,zk48pop9,12,presurvey,Commitment,1779406065,1,0,0
9ovfq5hj,191,bw68dgsg,11,presurvey,Scenario,1779406071,1,0,0
9ovfq5hj,194,m98x23tr,0,,InitializeParticipant,1779406075,1,0,0
9ovfq5hj,183,qrufuxfa,11,presurvey,Scenario,1779406079,1,0,0
9ovfq5hj,194,m98x23tr,1,presurvey,Introduction,1779406085,1,0,0
9ovfq5hj,179,6w715g9r,11,presurvey,Scenario,1779406092,1,0,0
9ovfq5hj,163,sa39ampo,13,mock_N08_N04_Aonly,GroupingWaitPage,1779406103,1,0,1
9ovfq5hj,188,ez4ei7zs,11,presurvey,Scenario,1779406105,1,0,0
9ovfq5hj,163,sa39ampo,14,mock_N08_N04_Aonly,GroupSizeWaitPage,1779406106,1,0,1
9ovfq5hj,191,bw68dgsg,12,presurvey,Commitment,1779406106,1,0,0
9ovfq5hj,163,sa39ampo,15,mock_N08_N04_Aonly,AttentionCheck,1779406111,1,0,0
9ovfq5hj,165,ce6uifs5,2,presurvey,AudioCheck,1779406114,1,0,0
9ovfq5hj,179,6w715g9r,12,presurvey,Commitment,1779406177,1,0,0
9ovfq5hj,188,ez4ei7zs,12,presurvey,Commitment,1779406178,1,0,0
9ovfq5hj,195,bfvi6e15,0,,InitializeParticipant,1779406182,1,0,0
9ovfq5hj,195,bfvi6e15,1,presurvey,Introduction,1779406211,1,0,0
9ovfq5hj,166,wa6yk985,13,mock_N08_N04_Aonly,GroupingWaitPage,1779406219,1,0,1
9ovfq5hj,166,wa6yk985,14,mock_N08_N04_Aonly,GroupSizeWaitPage,1779406222,1,0,1
9ovfq5hj,166,wa6yk985,15,mock_N08_N04_Aonly,AttentionCheck,1779406226,1,0,0
9ovfq5hj,195,bfvi6e15,2,presurvey,AudioCheck,1779406236,1,0,0
9ovfq5hj,195,bfvi6e15,3,presurvey,Demographics,1779406254,1,0,0
9ovfq5hj,196,clwau28i,0,,InitializeParticipant,1779406259,1,0,0
9ovfq5hj,196,clwau28i,1,presurvey,Introduction,1779406265,1,0,0
9ovfq5hj,197,paz4lgyi,0,,InitializeParticipant,1779406272,1,0,0
9ovfq5hj,168,frma4a0s,13,mock_N08_N04_Aonly,GroupingWaitPage,1779406273,1,0,1
9ovfq5hj,168,frma4a0s,14,mock_N08_N04_Aonly,GroupSizeWaitPage,1779406276,1,0,1
9ovfq5hj,197,paz4lgyi,1,presurvey,Introduction,1779406276,1,0,0
9ovfq5hj,168,frma4a0s,15,mock_N08_N04_Aonly,AttentionCheck,1779406282,1,0,0
9ovfq5hj,196,clwau28i,2,presurvey,AudioCheck,1779406284,1,0,0
9ovfq5hj,195,bfvi6e15,4,presurvey,NeighborhoodInstruction,1779406284,1,0,0
9ovfq5hj,197,paz4lgyi,2,presurvey,AudioCheck,1779406293,1,0,0
9ovfq5hj,196,clwau28i,3,presurvey,Demographics,1779406297,1,0,0
9ovfq5hj,196,clwau28i,4,presurvey,NeighborhoodInstruction,1779406301,1,0,0
9ovfq5hj,197,paz4lgyi,3,presurvey,Demographics,1779406304,1,0,0
9ovfq5hj,196,clwau28i,5,presurvey,Training,1779406308,1,0,0
9ovfq5hj,167,gja1or1x,13,mock_N08_N04_Aonly,GroupingWaitPage,1779406311,1,0,1
9ovfq5hj,167,gja1or1x,14,mock_N08_N04_Aonly,GroupSizeWaitPage,1779406314,1,0,1
9ovfq5hj,167,gja1or1x,15,mock_N08_N04_Aonly,AttentionCheck,1779406317,1,0,0
9ovfq5hj,169,ji0m8x7z,13,mock_N08_N04_Aonly,GroupingWaitPage,1779406319,1,0,1
9ovfq5hj,171,vtu90saq,13,mock_N08_N04_Aonly,GroupingWaitPage,1779406319,1,0,1
9ovfq5hj,180,wq14i3nx,13,mock_N08_N04_Aonly,GroupingWaitPage,1779406319,1,0,1
9ovfq5hj,187,6pa37uda,13,mock_N08_N04_Aonly,GroupingWaitPage,1779406319,1,0,1
9ovfq5hj,169,ji0m8x7z,14,mock_N08_N04_Aonly,GroupSizeWaitPage,1779406321,1,0,1
9ovfq5hj,171,vtu90saq,14,mock_N08_N04_Aonly,GroupSizeWaitPage,1779406321,1,0,1
9ovfq5hj,180,wq14i3nx,14,mock_N08_N04_Aonly,GroupSizeWaitPage,1779406321,1,0,1
9ovfq5hj,187,6pa37uda,14,mock_N08_N04_Aonly,GroupSizeWaitPage,1779406321,1,0,1
9ovfq5hj,171,vtu90saq,16,mock_N08_N04_Aonly,DiscussionGRPWaitPage,1779406321,1,0,1
9ovfq5hj,169,ji0m8x7z,16,mock_N08_N04_Aonly,DiscussionGRPWaitPage,1779406321,1,0,1
9ovfq5hj,180,wq14i3nx,16,mock_N08_N04_Aonly,DiscussionGRPWaitPage,1779406321,1,0,1
9ovfq5hj,187,6pa37uda,16,mock_N08_N04_Aonly,DiscussionGRPWaitPage,1779406321,1,0,1
9ovfq5hj,197,paz4lgyi,4,presurvey,NeighborhoodInstruction,1779406322,1,0,0
9ovfq5hj,196,clwau28i,6,presurvey,TrainingNeighbor_1,1779406325,1,0,0
9ovfq5hj,195,bfvi6e15,5,presurvey,Training,1779406326,1,0,0
9ovfq5hj,196,clwau28i,10,presurvey,ExperimentInstruction,1779406332,1,0,0
9ovfq5hj,171,vtu90saq,17,mock_N08_N04_Aonly,Nudge,1779406337,1,0,0
9ovfq5hj,180,wq14i3nx,17,mock_N08_N04_Aonly,Nudge,1779406339,1,0,0
9ovfq5hj,194,m98x23tr,2,presurvey,AudioCheck,1779406340,1,0,0
9ovfq5hj,196,clwau28i,11,presurvey,Scenario,1779406341,1,0,0
9ovfq5hj,169,ji0m8x7z,17,mock_N08_N04_Aonly,Nudge,1779406347,1,0,0
9ovfq5hj,180,wq14i3nx,18,mock_N08_N04_Aonly,NudgeTraining,1779406347,1,0,0
9ovfq5hj,197,paz4lgyi,5,presurvey,Training,1779406347,1,0,0
9ovfq5hj,198,amw3e2nx,0,,InitializeParticipant,1779406352,1,0,0
9ovfq5hj,169,ji0m8x7z,18,mock_N08_N04_Aonly,NudgeTraining,1779406356,1,0,0
9ovfq5hj,198,amw3e2nx,1,presurvey,Introduction,1779406359,1,0,0
9ovfq5hj,180,wq14i3nx,19,mock_N08_N04_Aonly,NudgeTrainingLast,1779406359,1,0,0
9ovfq5hj,169,ji0m8x7z,19,mock_N08_N04_Aonly,NudgeTrainingLast,1779406361,1,0,0
9ovfq5hj,165,ce6uifs5,3,presurvey,Demographics,1779406363,1,0,0
9ovfq5hj,187,6pa37uda,17,mock_N08_N04_Aonly,Nudge,1779406364,1,0,0
9ovfq5hj,169,ji0m8x7z,20,mock_N08_N04_Aonly,Phase3,1779406367,1,0,0
9ovfq5hj,165,ce6uifs5,4,presurvey,NeighborhoodInstruction,1779406368,1,0,0
9ovfq5hj,180,wq14i3nx,20,mock_N08_N04_Aonly,Phase3,1779406371,1,0,0
9ovfq5hj,169,ji0m8x7z,21,mock_N08_N04_Aonly,Discussion,1779406372,1,0,0
9ovfq5hj,165,ce6uifs5,5,presurvey,Training,1779406374,1,0,0
9ovfq5hj,187,6pa37uda,18,mock_N08_N04_Aonly,NudgeTraining,1779406374,1,0,0
9ovfq5hj,197,paz4lgyi,6,presurvey,TrainingNeighbor_1,1779406377,1,0,0
9ovfq5hj,180,wq14i3nx,21,mock_N08_N04_Aonly,Discussion,1779406384,1,0,0
9ovfq5hj,197,paz4lgyi,10,presurvey,ExperimentInstruction,1779406385,1,0,0
9ovfq5hj,198,amw3e2nx,2,presurvey,AudioCheck,1779406387,1,0,0
9ovfq5hj,187,6pa37uda,19,mock_N08_N04_Aonly,NudgeTrainingLast,1779406389,1,0,0
9ovfq5hj,165,ce6uifs5,6,presurvey,TrainingNeighbor_1,1779406398,1,0,0
9ovfq5hj,198,amw3e2nx,3,presurvey,Demographics,1779406399,1,0,0
9ovfq5hj,187,6pa37uda,20,mock_N08_N04_Aonly,Phase3,1779406413,1,0,0
9ovfq5hj,197,paz4lgyi,11,presurvey,Scenario,1779406414,1,0,0
9ovfq5hj,198,amw3e2nx,4,presurvey,NeighborhoodInstruction,1779406421,1,0,0
9ovfq5hj,194,m98x23tr,3,presurvey,Demographics,1779406426,1,0,0
9ovfq5hj,171,vtu90saq,18,mock_N08_N04_Aonly,NudgeTraining,1779406428,1,1,0
9ovfq5hj,187,6pa37uda,21,mock_N08_N04_Aonly,Discussion,1779406432,1,0,0
9ovfq5hj,198,amw3e2nx,5,presurvey,Training,1779406442,1,0,0
9ovfq5hj,171,vtu90saq,19,mock_N08_N04_Aonly,NudgeTrainingLast,1779406448,1,0,0
9ovfq5hj,195,bfvi6e15,6,presurvey,TrainingNeighbor_1,1779406448,1,0,0
9ovfq5hj,195,bfvi6e15,7,presurvey,TrainingNeighbor_2,1779406455,1,0,0
9ovfq5hj,199,fg5vv9kj,0,,InitializeParticipant,1779406458,1,0,0
9ovfq5hj,173,be6yzfju,13,mock_N08_N04_Aonly,GroupingWaitPage,1779406463,1,0,1
9ovfq5hj,173,be6yzfju,14,mock_N08_N04_Aonly,GroupSizeWaitPage,1779406465,1,0,1
9ovfq5hj,198,amw3e2nx,6,presurvey,TrainingNeighbor_1,1779406467,1,0,0
9ovfq5hj,198,amw3e2nx,10,presurvey,ExperimentInstruction,1779406471,1,0,0
9ovfq5hj,173,be6yzfju,15,mock_N08_N04_Aonly,AttentionCheck,1779406471,1,0,0
9ovfq5hj,171,vtu90saq,20,mock_N08_N04_Aonly,Phase3,1779406476,1,0,0
9ovfq5hj,195,bfvi6e15,10,presurvey,ExperimentInstruction,1779406483,1,0,0
9ovfq5hj,171,vtu90saq,21,mock_N08_N04_Aonly,Discussion,1779406484,1,0,0
9ovfq5hj,171,vtu90saq,28,mock_N08_N04_Aonly,DiscussionGRPWaitPage,1779406484,2,0,1
9ovfq5hj,169,ji0m8x7z,28,mock_N08_N04_Aonly,DiscussionGRPWaitPage,1779406484,2,0,1
9ovfq5hj,180,wq14i3nx,28,mock_N08_N04_Aonly,DiscussionGRPWaitPage,1779406484,2,0,1
9ovfq5hj,187,6pa37uda,28,mock_N08_N04_Aonly,DiscussionGRPWaitPage,1779406484,2,0,1
9ovfq5hj,199,fg5vv9kj,1,presurvey,Introduction,1779406488,1,0,0
9ovfq5hj,180,wq14i3nx,33,mock_N08_N04_Aonly,Discussion,1779406489,2,0,0
9ovfq5hj,187,6pa37uda,33,mock_N08_N04_Aonly,Discussion,1779406492,2,0,0
9ovfq5hj,171,vtu90saq,33,mock_N08_N04_Aonly,Discussion,1779406493,2,0,0
9ovfq5hj,198,amw3e2nx,11,presurvey,Scenario,1779406496,1,0,0
9ovfq5hj,169,ji0m8x7z,33,mock_N08_N04_Aonly,Discussion,1779406505,2,0,0
9ovfq5hj,171,vtu90saq,40,mock_N08_N04_Aonly,DiscussionGRPWaitPage,1779406505,3,0,1
9ovfq5hj,169,ji0m8x7z,40,mock_N08_N04_Aonly,DiscussionGRPWaitPage,1779406505,3,0,1
9ovfq5hj,180,wq14i3nx,40,mock_N08_N04_Aonly,DiscussionGRPWaitPage,1779406505,3,0,1
9ovfq5hj,187,6pa37uda,40,mock_N08_N04_Aonly,DiscussionGRPWaitPage,1779406505,3,0,1
9ovfq5hj,187,6pa37uda,45,mock_N08_N04_Aonly,Discussion,1779406513,3,0,0
9ovfq5hj,180,wq14i3nx,45,mock_N08_N04_Aonly,Discussion,1779406514,3,0,0
9ovfq5hj,169,ji0m8x7z,45,mock_N08_N04_Aonly,Discussion,1779406515,3,0,0
9ovfq5hj,171,vtu90saq,45,mock_N08_N04_Aonly,Discussion,1779406515,3,0,0
9ovfq5hj,171,vtu90saq,52,mock_N08_N04_Aonly,DiscussionGRPWaitPage,1779406515,4,0,1
9ovfq5hj,169,ji0m8x7z,52,mock_N08_N04_Aonly,DiscussionGRPWaitPage,1779406515,4,0,1
9ovfq5hj,180,wq14i3nx,52,mock_N08_N04_Aonly,DiscussionGRPWaitPage,1779406515,4,0,1
9ovfq5hj,187,6pa37uda,52,mock_N08_N04_Aonly,DiscussionGRPWaitPage,1779406515,4,0,1
9ovfq5hj,199,fg5vv9kj,2,presurvey,AudioCheck,1779406516,1,0,0
9ovfq5hj,171,vtu90saq,57,mock_N08_N04_Aonly,Discussion,1779406519,4,0,0
9ovfq5hj,195,bfvi6e15,11,presurvey,Scenario,1779406520,1,0,0
9ovfq5hj,180,wq14i3nx,57,mock_N08_N04_Aonly,Discussion,1779406526,4,0,0
9ovfq5hj,187,6pa37uda,57,mock_N08_N04_Aonly,Discussion,1779406526,4,0,0
9ovfq5hj,169,ji0m8x7z,57,mock_N08_N04_Aonly,Discussion,1779406527,4,0,0
9ovfq5hj,199,fg5vv9kj,3,presurvey,Demographics,1779406527,1,0,0
9ovfq5hj,171,vtu90saq,64,mock_N08_N04_Aonly,DiscussionGRPWaitPage,1779406527,5,0,1
9ovfq5hj,169,ji0m8x7z,64,mock_N08_N04_Aonly,DiscussionGRPWaitPage,1779406527,5,0,1
9ovfq5hj,180,wq14i3nx,64,mock_N08_N04_Aonly,DiscussionGRPWaitPage,1779406527,5,0,1
9ovfq5hj,187,6pa37uda,64,mock_N08_N04_Aonly,DiscussionGRPWaitPage,1779406527,5,0,1
9ovfq5hj,180,wq14i3nx,69,mock_N08_N04_Aonly,Discussion,1779406531,5,0,0
9ovfq5hj,171,vtu90saq,69,mock_N08_N04_Aonly,Discussion,1779406533,5,0,0
9ovfq5hj,187,6pa37uda,69,mock_N08_N04_Aonly,Discussion,1779406534,5,0,0
9ovfq5hj,198,amw3e2nx,12,presurvey,Commitment,1779406535,1,0,0
9ovfq5hj,169,ji0m8x7z,69,mock_N08_N04_Aonly,Discussion,1779406536,5,0,0
9ovfq5hj,171,vtu90saq,76,mock_N08_N04_Aonly,DiscussionGRPWaitPage,1779406537,6,0,1
9ovfq5hj,169,ji0m8x7z,76,mock_N08_N04_Aonly,DiscussionGRPWaitPage,1779406537,6,0,1
9ovfq5hj,180,wq14i3nx,76,mock_N08_N04_Aonly,DiscussionGRPWaitPage,1779406537,6,0,1
9ovfq5hj,187,6pa37uda,76,mock_N08_N04_Aonly,DiscussionGRPWaitPage,1779406537,6,0,1
9ovfq5hj,174,8m0w5gxm,13,mock_N08_N04_Aonly,GroupingWaitPage,1779406538,1,0,1
9ovfq5hj,174,8m0w5gxm,14,mock_N08_N04_Aonly,GroupSizeWaitPage,1779406539,1,0,1
9ovfq5hj,180,wq14i3nx,81,mock_N08_N04_Aonly,Discussion,1779406540,6,0,0
9ovfq5hj,171,vtu90saq,81,mock_N08_N04_Aonly,Discussion,1779406543,6,0,0
9ovfq5hj,187,6pa37uda,81,mock_N08_N04_Aonly,Discussion,1779406545,6,0,0
9ovfq5hj,199,fg5vv9kj,4,presurvey,NeighborhoodInstruction,1779406545,1,0,0
9ovfq5hj,174,8m0w5gxm,15,mock_N08_N04_Aonly,AttentionCheck,1779406548,1,0,0
9ovfq5hj,169,ji0m8x7z,81,mock_N08_N04_Aonly,Discussion,1779406549,6,0,0
9ovfq5hj,171,vtu90saq,88,mock_N08_N04_Aonly,DiscussionGRPWaitPage,1779406550,7,0,1
9ovfq5hj,169,ji0m8x7z,88,mock_N08_N04_Aonly,DiscussionGRPWaitPage,1779406550,7,0,1
9ovfq5hj,180,wq14i3nx,88,mock_N08_N04_Aonly,DiscussionGRPWaitPage,1779406550,7,0,1
9ovfq5hj,187,6pa37uda,88,mock_N08_N04_Aonly,DiscussionGRPWaitPage,1779406550,7,0,1
9ovfq5hj,171,vtu90saq,93,mock_N08_N04_Aonly,Discussion,1779406552,7,0,0
9ovfq5hj,180,wq14i3nx,93,mock_N08_N04_Aonly,Discussion,1779406552,7,0,0
9ovfq5hj,200,sl1x3j86,0,,InitializeParticipant,1779406554,1,0,0
9ovfq5hj,187,6pa37uda,93,mock_N08_N04_Aonly,Discussion,1779406556,7,0,0
9ovfq5hj,194,m98x23tr,4,presurvey,NeighborhoodInstruction,1779406556,1,0,0
9ovfq5hj,169,ji0m8x7z,93,mock_N08_N04_Aonly,Discussion,1779406558,7,0,0
9ovfq5hj,169,ji0m8x7z,100,mock_N08_N04_Aonly,DiscussionGRPWaitPage,1779406558,8,0,1
9ovfq5hj,171,vtu90saq,100,mock_N08_N04_Aonly,DiscussionGRPWaitPage,1779406558,8,0,1
9ovfq5hj,180,wq14i3nx,100,mock_N08_N04_Aonly,DiscussionGRPWaitPage,1779406558,8,0,1
9ovfq5hj,187,6pa37uda,100,mock_N08_N04_Aonly,DiscussionGRPWaitPage,1779406558,8,0,1
9ovfq5hj,199,fg5vv9kj,5,presurvey,Training,1779406560,1,0,0
9ovfq5hj,171,vtu90saq,105,mock_N08_N04_Aonly,Discussion,1779406560,8,0,0
9ovfq5hj,180,wq14i3nx,105,mock_N08_N04_Aonly,Discussion,1779406560,8,0,0
9ovfq5hj,169,ji0m8x7z,105,mock_N08_N04_Aonly,Discussion,1779406562,8,0,0
9ovfq5hj,194,m98x23tr,5,presurvey,Training,1779406563,1,0,0
9ovfq5hj,187,6pa37uda,105,mock_N08_N04_Aonly,Discussion,1779406568,8,0,0
9ovfq5hj,171,vtu90saq,112,mock_N08_N04_Aonly,DiscussionGRPWaitPage,1779406568,9,0,1
9ovfq5hj,169,ji0m8x7z,112,mock_N08_N04_Aonly,DiscussionGRPWaitPage,1779406568,9,0,1
9ovfq5hj,180,wq14i3nx,112,mock_N08_N04_Aonly,DiscussionGRPWaitPage,1779406568,9,0,1
9ovfq5hj,187,6pa37uda,112,mock_N08_N04_Aonly,DiscussionGRPWaitPage,1779406568,9,0,1
9ovfq5hj,171,vtu90saq,117,mock_N08_N04_Aonly,Discussion,1779406571,9,0,0
9ovfq5hj,180,wq14i3nx,117,mock_N08_N04_Aonly,Discussion,1779406572,9,0,0
9ovfq5hj,187,6pa37uda,117,mock_N08_N04_Aonly,Discussion,1779406573,9,0,0
9ovfq5hj,175,k7kliruc,13,mock_N08_N04_Aonly,GroupingWaitPage,1779406585,1,0,1
9ovfq5hj,194,m98x23tr,6,presurvey,TrainingNeighbor_1,1779406585,1,0,0
9ovfq5hj,175,k7kliruc,14,mock_N08_N04_Aonly,GroupSizeWaitPage,1779406586,1,0,1
9ovfq5hj,169,ji0m8x7z,117,mock_N08_N04_Aonly,Discussion,1779406588,9,0,0
9ovfq5hj,171,vtu90saq,124,mock_N08_N04_Aonly,DiscussionGRPWaitPage,1779406589,10,0,1
9ovfq5hj,169,ji0m8x7z,124,mock_N08_N04_Aonly,DiscussionGRPWaitPage,1779406589,10,0,1
9ovfq5hj,180,wq14i3nx,124,mock_N08_N04_Aonly,DiscussionGRPWaitPage,1779406589,10,0,1
9ovfq5hj,187,6pa37uda,124,mock_N08_N04_Aonly,DiscussionGRPWaitPage,1779406589,10,0,1
9ovfq5hj,169,ji0m8x7z,129,mock_N08_N04_Aonly,Discussion,1779406592,10,0,0
9ovfq5hj,180,wq14i3nx,129,mock_N08_N04_Aonly,Discussion,1779406592,10,0,0
9ovfq5hj,171,vtu90saq,129,mock_N08_N04_Aonly,Discussion,1779406594,10,0,0
9ovfq5hj,175,k7kliruc,15,mock_N08_N04_Aonly,AttentionCheck,1779406594,1,0,0
9ovfq5hj,187,6pa37uda,129,mock_N08_N04_Aonly,Discussion,1779406596,10,0,0
9ovfq5hj,169,ji0m8x7z,136,mock_N08_N04_Aonly,DiscussionGRPWaitPage,1779406596,11,0,1
9ovfq5hj,171,vtu90saq,136,mock_N08_N04_Aonly,DiscussionGRPWaitPage,1779406596,11,0,1
9ovfq5hj,180,wq14i3nx,136,mock_N08_N04_Aonly,DiscussionGRPWaitPage,1779406596,11,0,1
9ovfq5hj,187,6pa37uda,136,mock_N08_N04_Aonly,DiscussionGRPWaitPage,1779406596,11,0,1
9ovfq5hj,171,vtu90saq,141,mock_N08_N04_Aonly,Discussion,1779406598,11,0,0
9ovfq5hj,180,wq14i3nx,141,mock_N08_N04_Aonly,Discussion,1779406599,11,0,0
9ovfq5hj,187,6pa37uda,141,mock_N08_N04_Aonly,Discussion,1779406601,11,0,0
9ovfq5hj,169,ji0m8x7z,141,mock_N08_N04_Aonly,Discussion,1779406604,11,0,0
9ovfq5hj,171,vtu90saq,148,mock_N08_N04_Aonly,DiscussionGRPWaitPage,1779406604,12,0,1
9ovfq5hj,169,ji0m8x7z,148,mock_N08_N04_Aonly,DiscussionGRPWaitPage,1779406604,12,0,1
9ovfq5hj,180,wq14i3nx,148,mock_N08_N04_Aonly,DiscussionGRPWaitPage,1779406604,12,0,1
9ovfq5hj,187,6pa37uda,148,mock_N08_N04_Aonly,DiscussionGRPWaitPage,1779406604,12,0,1
9ovfq5hj,199,fg5vv9kj,6,presurvey,TrainingNeighbor_1,1779406605,1,0,0
9ovfq5hj,171,vtu90saq,153,mock_N08_N04_Aonly,Discussion,1779406606,12,0,0
9ovfq5hj,180,wq14i3nx,153,mock_N08_N04_Aonly,Discussion,1779406606,12,0,0
9ovfq5hj,199,fg5vv9kj,10,presurvey,ExperimentInstruction,1779406608,1,0,0
9ovfq5hj,194,m98x23tr,7,presurvey,TrainingNeighbor_2,1779406609,1,0,0
9ovfq5hj,187,6pa37uda,153,mock_N08_N04_Aonly,Discussion,1779406612,12,0,0
9ovfq5hj,169,ji0m8x7z,153,mock_N08_N04_Aonly,Discussion,1779406612,12,0,0
9ovfq5hj,171,vtu90saq,160,mock_N08_N04_Aonly,DiscussionGRPWaitPage,1779406613,13,0,1
9ovfq5hj,169,ji0m8x7z,160,mock_N08_N04_Aonly,DiscussionGRPWaitPage,1779406613,13,0,1
9ovfq5hj,180,wq14i3nx,160,mock_N08_N04_Aonly,DiscussionGRPWaitPage,1779406613,13,0,1
9ovfq5hj,187,6pa37uda,160,mock_N08_N04_Aonly,DiscussionGRPWaitPage,1779406613,13,0,1
9ovfq5hj,180,wq14i3nx,165,mock_N08_N04_Aonly,Discussion,1779406616,13,0,0
9ovfq5hj,171,vtu90saq,165,mock_N08_N04_Aonly,Discussion,1779406616,13,0,0
9ovfq5hj,200,sl1x3j86,1,presurvey,Introduction,1779406616,1,0,0
9ovfq5hj,169,ji0m8x7z,165,mock_N08_N04_Aonly,Discussion,1779406616,13,0,0
9ovfq5hj,194,m98x23tr,8,presurvey,AttentionCheck,1779406616,1,0,0
9ovfq5hj,187,6pa37uda,165,mock_N08_N04_Aonly,Discussion,1779406617,13,0,0
9ovfq5hj,169,ji0m8x7z,172,mock_N08_N04_Aonly,DiscussionGRPWaitPage,1779406617,14,0,1
9ovfq5hj,171,vtu90saq,172,mock_N08_N04_Aonly,DiscussionGRPWaitPage,1779406617,14,0,1
9ovfq5hj,180,wq14i3nx,172,mock_N08_N04_Aonly,DiscussionGRPWaitPage,1779406617,14,0,1
9ovfq5hj,187,6pa37uda,172,mock_N08_N04_Aonly,DiscussionGRPWaitPage,1779406617,14,0,1
9ovfq5hj,180,wq14i3nx,177,mock_N08_N04_Aonly,Discussion,1779406619,14,0,0
9ovfq5hj,171,vtu90saq,177,mock_N08_N04_Aonly,Discussion,1779406619,14,0,0
9ovfq5hj,187,6pa37uda,177,mock_N08_N04_Aonly,Discussion,1779406622,14,0,0
9ovfq5hj,169,ji0m8x7z,177,mock_N08_N04_Aonly,Discussion,1779406626,14,0,0
9ovfq5hj,171,vtu90saq,184,mock_N08_N04_Aonly,DiscussionGRPWaitPage,1779406627,15,0,1
9ovfq5hj,169,ji0m8x7z,184,mock_N08_N04_Aonly,DiscussionGRPWaitPage,1779406627,15,0,1
9ovfq5hj,180,wq14i3nx,184,mock_N08_N04_Aonly,DiscussionGRPWaitPage,1779406627,15,0,1
9ovfq5hj,187,6pa37uda,184,mock_N08_N04_Aonly,DiscussionGRPWaitPage,1779406627,15,0,1
9ovfq5hj,171,vtu90saq,189,mock_N08_N04_Aonly,Discussion,1779406628,15,0,0
9ovfq5hj,180,wq14i3nx,189,mock_N08_N04_Aonly,Discussion,1779406629,15,0,0
9ovfq5hj,187,6pa37uda,189,mock_N08_N04_Aonly,Discussion,1779406631,15,0,0
9ovfq5hj,169,ji0m8x7z,189,mock_N08_N04_Aonly,Discussion,1779406631,15,0,0
9ovfq5hj,171,vtu90saq,196,mock_N08_N04_Aonly,DiscussionGRPWaitPage,1779406631,16,0,1
9ovfq5hj,169,ji0m8x7z,196,mock_N08_N04_Aonly,DiscussionGRPWaitPage,1779406631,16,0,1
9ovfq5hj,180,wq14i3nx,196,mock_N08_N04_Aonly,DiscussionGRPWaitPage,1779406631,16,0,1
9ovfq5hj,187,6pa37uda,196,mock_N08_N04_Aonly,DiscussionGRPWaitPage,1779406631,16,0,1
9ovfq5hj,171,vtu90saq,201,mock_N08_N04_Aonly,Discussion,1779406633,16,0,0
9ovfq5hj,169,ji0m8x7z,201,mock_N08_N04_Aonly,Discussion,1779406633,16,0,0
9ovfq5hj,200,sl1x3j86,2,presurvey,AudioCheck,1779406634,1,0,0
9ovfq5hj,180,wq14i3nx,201,mock_N08_N04_Aonly,Discussion,1779406635,16,0,0
9ovfq5hj,187,6pa37uda,201,mock_N08_N04_Aonly,Discussion,1779406635,16,0,0
9ovfq5hj,171,vtu90saq,208,mock_N08_N04_Aonly,DiscussionGRPWaitPage,1779406635,17,0,1
9ovfq5hj,180,wq14i3nx,208,mock_N08_N04_Aonly,DiscussionGRPWaitPage,1779406635,17,0,1
9ovfq5hj,187,6pa37uda,208,mock_N08_N04_Aonly,DiscussionGRPWaitPage,1779406635,17,0,1
9ovfq5hj,169,ji0m8x7z,208,mock_N08_N04_Aonly,DiscussionGRPWaitPage,1779406635,17,0,1
9ovfq5hj,199,fg5vv9kj,11,presurvey,Scenario,1779406636,1,0,0
9ovfq5hj,180,wq14i3nx,213,mock_N08_N04_Aonly,Discussion,1779406638,17,0,0
9ovfq5hj,187,6pa37uda,213,mock_N08_N04_Aonly,Discussion,1779406639,17,0,0
9ovfq5hj,171,vtu90saq,213,mock_N08_N04_Aonly,Discussion,1779406640,17,0,0
9ovfq5hj,194,m98x23tr,9,presurvey,TrainingNeighbor_3,1779406641,1,0,0
9ovfq5hj,169,ji0m8x7z,213,mock_N08_N04_Aonly,Discussion,1779406647,17,0,0
9ovfq5hj,171,vtu90saq,220,mock_N08_N04_Aonly,DiscussionGRPWaitPage,1779406648,18,0,1
9ovfq5hj,169,ji0m8x7z,220,mock_N08_N04_Aonly,DiscussionGRPWaitPage,1779406648,18,0,1
9ovfq5hj,180,wq14i3nx,220,mock_N08_N04_Aonly,DiscussionGRPWaitPage,1779406648,18,0,1
9ovfq5hj,187,6pa37uda,220,mock_N08_N04_Aonly,DiscussionGRPWaitPage,1779406648,18,0,1
9ovfq5hj,180,wq14i3nx,225,mock_N08_N04_Aonly,Discussion,1779406650,18,0,0
9ovfq5hj,171,vtu90saq,225,mock_N08_N04_Aonly,Discussion,1779406650,18,0,0
9ovfq5hj,169,ji0m8x7z,225,mock_N08_N04_Aonly,Discussion,1779406650,18,0,0
9ovfq5hj,200,sl1x3j86,3,presurvey,Demographics,1779406650,1,0,0
9ovfq5hj,187,6pa37uda,225,mock_N08_N04_Aonly,Discussion,1779406651,18,0,0
9ovfq5hj,171,vtu90saq,232,mock_N08_N04_Aonly,DiscussionGRPWaitPage,1779406651,19,0,1
9ovfq5hj,169,ji0m8x7z,232,mock_N08_N04_Aonly,DiscussionGRPWaitPage,1779406651,19,0,1
9ovfq5hj,180,wq14i3nx,232,mock_N08_N04_Aonly,DiscussionGRPWaitPage,1779406651,19,0,1
9ovfq5hj,187,6pa37uda,232,mock_N08_N04_Aonly,DiscussionGRPWaitPage,1779406651,19,0,1
9ovfq5hj,180,wq14i3nx,237,mock_N08_N04_Aonly,Discussion,1779406653,19,0,0
9ovfq5hj,187,6pa37uda,237,mock_N08_N04_Aonly,Discussion,1779406655,19,0,0
9ovfq5hj,171,vtu90saq,237,mock_N08_N04_Aonly,Discussion,1779406656,19,0,0
9ovfq5hj,169,ji0m8x7z,237,mock_N08_N04_Aonly,Discussion,1779406660,19,0,0
9ovfq5hj,180,wq14i3nx,244,mock_N08_N04_Aonly,DiscussionGRPWaitPage,1779406660,20,0,1
9ovfq5hj,171,vtu90saq,244,mock_N08_N04_Aonly,DiscussionGRPWaitPage,1779406660,20,0,1
9ovfq5hj,169,ji0m8x7z,244,mock_N08_N04_Aonly,DiscussionGRPWaitPage,1779406660,20,0,1
9ovfq5hj,187,6pa37uda,244,mock_N08_N04_Aonly,DiscussionGRPWaitPage,1779406660,20,0,1
9ovfq5hj,169,ji0m8x7z,249,mock_N08_N04_Aonly,Discussion,1779406662,20,0,0
9ovfq5hj,171,vtu90saq,249,mock_N08_N04_Aonly,Discussion,1779406663,20,0,0
9ovfq5hj,180,wq14i3nx,249,mock_N08_N04_Aonly,Discussion,1779406663,20,0,0
9ovfq5hj,187,6pa37uda,249,mock_N08_N04_Aonly,Discussion,1779406664,20,0,0
9ovfq5hj,199,fg5vv9kj,12,presurvey,Commitment,1779406669,1,0,0
9ovfq5hj,180,wq14i3nx,250,mock_N08_N04_Aonly,Additional,1779406672,20,0,0
9ovfq5hj,169,ji0m8x7z,250,mock_N08_N04_Aonly,Additional,1779406675,20,0,0
9ovfq5hj,171,vtu90saq,250,mock_N08_N04_Aonly,Additional,1779406675,20,0,0
9ovfq5hj,200,sl1x3j86,4,presurvey,NeighborhoodInstruction,1779406679,1,0,0
9ovfq5hj,187,6pa37uda,250,mock_N08_N04_Aonly,Additional,1779406689,20,0,0
9ovfq5hj,180,wq14i3nx,251,mock_N08_N04_Aonly,FinalRoundWaitPage,1779406690,20,0,1
9ovfq5hj,171,vtu90saq,251,mock_N08_N04_Aonly,FinalRoundWaitPage,1779406690,20,0,1
9ovfq5hj,169,ji0m8x7z,251,mock_N08_N04_Aonly,FinalRoundWaitPage,1779406690,20,0,1
9ovfq5hj,187,6pa37uda,251,mock_N08_N04_Aonly,FinalRoundWaitPage,1779406690,20,0,1
9ovfq5hj,169,ji0m8x7z,252,mock_N08_N04_Aonly,FinalRound,1779406696,20,0,0
9ovfq5hj,187,6pa37uda,252,mock_N08_N04_Aonly,FinalRound,1779406696,20,0,0
9ovfq5hj,180,wq14i3nx,252,mock_N08_N04_Aonly,FinalRound,1779406697,20,0,0
9ovfq5hj,171,vtu90saq,252,mock_N08_N04_Aonly,FinalRound,1779406699,20,0,0
9ovfq5hj,200,sl1x3j86,5,presurvey,Training,1779406706,1,0,0
9ovfq5hj,165,ce6uifs5,7,presurvey,TrainingNeighbor_2,1779406708,1,0,0
9ovfq5hj,165,ce6uifs5,10,presurvey,ExperimentInstruction,1779406713,1,0,0
9ovfq5hj,201,0wxr715o,0,,InitializeParticipant,1779406735,1,0,0
9ovfq5hj,200,sl1x3j86,6,presurvey,TrainingNeighbor_1,1779406737,1,0,0
9ovfq5hj,200,sl1x3j86,10,presurvey,ExperimentInstruction,1779406743,1,0,0
9ovfq5hj,202,s5s3ve4c,0,,InitializeParticipant,1779406749,1,0,0
9ovfq5hj,203,42xo5846,0,,InitializeParticipant,1779406754,1,0,0
9ovfq5hj,201,0wxr715o,1,presurvey,Introduction,1779406755,1,0,0
9ovfq5hj,204,cr8waxtt,0,,InitializeParticipant,1779406756,1,0,0
9ovfq5hj,203,42xo5846,1,presurvey,Introduction,1779406757,1,0,0
9ovfq5hj,202,s5s3ve4c,1,presurvey,Introduction,1779406768,1,0,0
9ovfq5hj,200,sl1x3j86,11,presurvey,Scenario,1779406771,1,0,0
9ovfq5hj,203,42xo5846,2,presurvey,AudioCheck,1779406773,1,0,0
9ovfq5hj,176,phzdar97,13,mock_N08_N04_Aonly,GroupingWaitPage,1779406776,1,0,1
9ovfq5hj,176,phzdar97,14,mock_N08_N04_Aonly,GroupSizeWaitPage,1779406777,1,0,1
9ovfq5hj,201,0wxr715o,2,presurvey,AudioCheck,1779406784,1,0,0
9ovfq5hj,203,42xo5846,3,presurvey,Demographics,1779406784,1,0,0
9ovfq5hj,202,s5s3ve4c,2,presurvey,AudioCheck,1779406786,1,0,0
9ovfq5hj,176,phzdar97,15,mock_N08_N04_Aonly,AttentionCheck,1779406789,1,0,0
9ovfq5hj,201,0wxr715o,3,presurvey,Demographics,1779406798,1,0,0
9ovfq5hj,203,42xo5846,4,presurvey,NeighborhoodInstruction,1779406798,1,0,0
9ovfq5hj,202,s5s3ve4c,3,presurvey,Demographics,1779406805,1,0,0
9ovfq5hj,204,cr8waxtt,1,presurvey,Introduction,1779406806,1,0,0
9ovfq5hj,181,fazp1uod,13,mock_N08_N04_Aonly,GroupingWaitPage,1779406817,1,0,1
9ovfq5hj,181,fazp1uod,14,mock_N08_N04_Aonly,GroupSizeWaitPage,1779406818,1,0,1
9ovfq5hj,181,fazp1uod,15,mock_N08_N04_Aonly,AttentionCheck,1779406825,1,0,0
9ovfq5hj,201,0wxr715o,4,presurvey,NeighborhoodInstruction,1779406826,1,0,0
9ovfq5hj,200,sl1x3j86,12,presurvey,Commitment,1779406830,1,0,0
9ovfq5hj,202,s5s3ve4c,4,presurvey,NeighborhoodInstruction,1779406831,1,0,0
9ovfq5hj,203,42xo5846,5,presurvey,Training,1779406835,1,0,0
9ovfq5hj,203,42xo5846,6,presurvey,TrainingNeighbor_1,1779406863,1,0,0
9ovfq5hj,182,2cmovffa,13,mock_N08_N04_Aonly,GroupingWaitPage,1779406869,1,0,1
9ovfq5hj,202,s5s3ve4c,5,presurvey,Training,1779406870,1,0,0
9ovfq5hj,182,2cmovffa,14,mock_N08_N04_Aonly,GroupSizeWaitPage,1779406871,1,0,1
9ovfq5hj,203,42xo5846,10,presurvey,ExperimentInstruction,1779406876,1,0,0
9ovfq5hj,204,cr8waxtt,2,presurvey,AudioCheck,1779406891,1,0,0
9ovfq5hj,201,0wxr715o,5,presurvey,Training,1779406894,1,0,0
9ovfq5hj,205,p7budfhp,0,,InitializeParticipant,1779406895,1,0,0
9ovfq5hj,182,2cmovffa,15,mock_N08_N04_Aonly,AttentionCheck,1779406897,1,0,0
9ovfq5hj,205,p7budfhp,1,presurvey,Introduction,1779406903,1,0,0
9ovfq5hj,203,42xo5846,11,presurvey,Scenario,1779406903,1,0,0
9ovfq5hj,202,s5s3ve4c,6,presurvey,TrainingNeighbor_1,1779406903,1,0,0
9ovfq5hj,202,s5s3ve4c,10,presurvey,ExperimentInstruction,1779406908,1,0,0
9ovfq5hj,204,cr8waxtt,3,presurvey,Demographics,1779406912,1,0,0
9ovfq5hj,205,p7budfhp,2,presurvey,AudioCheck,1779406916,1,0,0
9ovfq5hj,201,0wxr715o,6,presurvey,TrainingNeighbor_1,1779406927,1,0,0
9ovfq5hj,205,p7budfhp,3,presurvey,Demographics,1779406927,1,0,0
9ovfq5hj,202,s5s3ve4c,11,presurvey,Scenario,1779406933,1,0,0
9ovfq5hj,205,p7budfhp,4,presurvey,NeighborhoodInstruction,1779406941,1,0,0
9ovfq5hj,201,0wxr715o,10,presurvey,ExperimentInstruction,1779406947,1,0,0
9ovfq5hj,165,ce6uifs5,11,presurvey,Scenario,1779406949,1,0,0
9ovfq5hj,204,cr8waxtt,4,presurvey,NeighborhoodInstruction,1779406963,1,0,0
9ovfq5hj,205,p7budfhp,5,presurvey,Training,1779406965,1,0,0
9ovfq5hj,203,42xo5846,12,presurvey,Commitment,1779406971,1,0,0
9ovfq5hj,165,ce6uifs5,12,presurvey,Commitment,1779406976,1,0,0
9ovfq5hj,201,0wxr715o,11,presurvey,Scenario,1779406980,1,0,0
9ovfq5hj,186,anad5zgq,13,mock_N08_N04_Aonly,GroupingWaitPage,1779407005,1,0,1
9ovfq5hj,186,anad5zgq,14,mock_N08_N04_Aonly,GroupSizeWaitPage,1779407006,1,0,1
9ovfq5hj,186,anad5zgq,15,mock_N08_N04_Aonly,AttentionCheck,1779407013,1,0,0
9ovfq5hj,205,p7budfhp,6,presurvey,TrainingNeighbor_1,1779407019,1,0,0
9ovfq5hj,204,cr8waxtt,5,presurvey,Training,1779407019,1,0,0
9ovfq5hj,205,p7budfhp,10,presurvey,ExperimentInstruction,1779407024,1,0,0
9ovfq5hj,205,p7budfhp,11,presurvey,Scenario,1779407077,1,0,0
9ovfq5hj,206,y0sivdgr,0,,InitializeParticipant,1779407093,1,0,0
9ovfq5hj,206,y0sivdgr,1,presurvey,Introduction,1779407098,1,0,0
9ovfq5hj,206,y0sivdgr,2,presurvey,AudioCheck,1779407104,1,0,0
9ovfq5hj,204,cr8waxtt,6,presurvey,TrainingNeighbor_1,1779407109,1,0,0
9ovfq5hj,206,y0sivdgr,3,presurvey,Demographics,1779407110,1,0,0
9ovfq5hj,205,p7budfhp,12,presurvey,Commitment,1779407116,1,0,0
9ovfq5hj,204,cr8waxtt,7,presurvey,TrainingNeighbor_2,1779407120,1,0,0
9ovfq5hj,206,y0sivdgr,4,presurvey,NeighborhoodInstruction,1779407131,1,0,0
9ovfq5hj,185,9dbe9ctn,13,mock_N08_N04_Aonly,GroupingWaitPage,1779407134,1,0,1
9ovfq5hj,185,9dbe9ctn,14,mock_N08_N04_Aonly,GroupSizeWaitPage,1779407135,1,0,1
9ovfq5hj,185,9dbe9ctn,15,mock_N08_N04_Aonly,AttentionCheck,1779407140,1,0,0
9ovfq5hj,206,y0sivdgr,5,presurvey,Training,1779407143,1,0,0
9ovfq5hj,206,y0sivdgr,6,presurvey,TrainingNeighbor_1,1779407148,1,0,0
9ovfq5hj,206,y0sivdgr,10,presurvey,ExperimentInstruction,1779407151,1,0,0
9ovfq5hj,204,cr8waxtt,10,presurvey,ExperimentInstruction,1779407158,1,0,0
9ovfq5hj,206,y0sivdgr,11,presurvey,Scenario,1779407159,1,0,0
9ovfq5hj,206,y0sivdgr,12,presurvey,Commitment,1779407185,1,0,0
9ovfq5hj,193,zk48pop9,13,mock_N08_N04_Aonly,GroupingWaitPage,1779407206,1,0,1
9ovfq5hj,193,zk48pop9,14,mock_N08_N04_Aonly,GroupSizeWaitPage,1779407207,1,0,1
9ovfq5hj,193,zk48pop9,15,mock_N08_N04_Aonly,AttentionCheck,1779407216,1,0,0
9ovfq5hj,207,tuw5hl0a,0,,InitializeParticipant,1779407219,1,0,0
9ovfq5hj,204,cr8waxtt,11,presurvey,Scenario,1779407220,1,0,0
9ovfq5hj,207,tuw5hl0a,1,presurvey,Introduction,1779407229,1,0,0
9ovfq5hj,191,bw68dgsg,13,mock_N08_N04_Aonly,GroupingWaitPage,1779407247,1,0,1
9ovfq5hj,191,bw68dgsg,14,mock_N08_N04_Aonly,GroupSizeWaitPage,1779407248,1,0,1
9ovfq5hj,207,tuw5hl0a,2,presurvey,AudioCheck,1779407248,1,0,0
9ovfq5hj,191,bw68dgsg,15,mock_N08_N04_Aonly,AttentionCheck,1779407253,1,0,0
9ovfq5hj,207,tuw5hl0a,3,presurvey,Demographics,1779407263,1,0,0
9ovfq5hj,208,usmro3jh,0,,InitializeParticipant,1779407266,1,0,0
9ovfq5hj,207,tuw5hl0a,4,presurvey,NeighborhoodInstruction,1779407269,1,0,0
9ovfq5hj,207,tuw5hl0a,5,presurvey,Training,1779407273,1,0,0
9ovfq5hj,207,tuw5hl0a,6,presurvey,TrainingNeighbor_1,1779407280,1,0,0
9ovfq5hj,208,usmro3jh,1,presurvey,Introduction,1779407294,1,0,0
9ovfq5hj,207,tuw5hl0a,7,presurvey,TrainingNeighbor_2,1779407304,1,0,0
9ovfq5hj,179,6w715g9r,13,mock_N08_N04_Aonly,GroupingWaitPage,1779407319,1,0,1
9ovfq5hj,179,6w715g9r,14,mock_N08_N04_Aonly,GroupSizeWaitPage,1779407320,1,0,1
9ovfq5hj,208,usmro3jh,2,presurvey,AudioCheck,1779407325,1,0,0
9ovfq5hj,207,tuw5hl0a,8,presurvey,AttentionCheck,1779407331,1,0,0
9ovfq5hj,209,gbowf82r,0,,InitializeParticipant,1779407343,1,0,0
9ovfq5hj,179,6w715g9r,15,mock_N08_N04_Aonly,AttentionCheck,1779407348,1,0,0
9ovfq5hj,210,802lnoen,0,,InitializeParticipant,1779407351,1,0,0
9ovfq5hj,208,usmro3jh,3,presurvey,Demographics,1779407355,1,0,0
9ovfq5hj,207,tuw5hl0a,9,presurvey,TrainingNeighbor_3,1779407359,1,0,0
9ovfq5hj,209,gbowf82r,1,presurvey,Introduction,1779407365,1,0,0
9ovfq5hj,210,802lnoen,1,presurvey,Introduction,1779407365,1,0,0
9ovfq5hj,188,ez4ei7zs,13,mock_N08_N04_Aonly,GroupingWaitPage,1779407382,1,0,1
9ovfq5hj,188,ez4ei7zs,14,mock_N08_N04_Aonly,GroupSizeWaitPage,1779407383,1,0,1
9ovfq5hj,208,usmro3jh,4,presurvey,NeighborhoodInstruction,1779407388,1,0,0
9ovfq5hj,188,ez4ei7zs,15,mock_N08_N04_Aonly,AttentionCheck,1779407396,1,0,0
9ovfq5hj,210,802lnoen,2,presurvey,AudioCheck,1779407398,1,0,0
9ovfq5hj,210,802lnoen,3,presurvey,Demographics,1779407409,1,0,0
9ovfq5hj,210,802lnoen,4,presurvey,NeighborhoodInstruction,1779407414,1,0,0
9ovfq5hj,208,usmro3jh,5,presurvey,Training,1779407450,1,0,0
9ovfq5hj,210,802lnoen,5,presurvey,Training,1779407456,1,0,0
9ovfq5hj,211,hp2ec27p,0,,InitializeParticipant,1779407468,1,0,0
9ovfq5hj,212,y4m6eqjr,0,,InitializeParticipant,1779407474,1,0,0
9ovfq5hj,212,y4m6eqjr,1,presurvey,Introduction,1779407477,1,0,0
9ovfq5hj,210,802lnoen,6,presurvey,TrainingNeighbor_1,1779407478,1,0,0
9ovfq5hj,211,hp2ec27p,1,presurvey,Introduction,1779407478,1,0,0
9ovfq5hj,212,y4m6eqjr,2,presurvey,AudioCheck,1779407489,1,0,0
9ovfq5hj,210,802lnoen,10,presurvey,ExperimentInstruction,1779407490,1,0,0
9ovfq5hj,208,usmro3jh,6,presurvey,TrainingNeighbor_1,1779407492,1,0,0
9ovfq5hj,211,hp2ec27p,2,presurvey,AudioCheck,1779407505,1,0,0
9ovfq5hj,212,y4m6eqjr,3,presurvey,Demographics,1779407506,1,0,0
9ovfq5hj,208,usmro3jh,10,presurvey,ExperimentInstruction,1779407508,1,0,0
9ovfq5hj,210,802lnoen,11,presurvey,Scenario,1779407508,1,0,0
9ovfq5hj,212,y4m6eqjr,4,presurvey,NeighborhoodInstruction,1779407525,1,0,0
9ovfq5hj,211,hp2ec27p,3,presurvey,Demographics,1779407534,1,0,0
9ovfq5hj,208,usmro3jh,11,presurvey,Scenario,1779407552,1,0,0
9ovfq5hj,212,y4m6eqjr,5,presurvey,Training,1779407557,1,0,0
9ovfq5hj,211,hp2ec27p,4,presurvey,NeighborhoodInstruction,1779407557,1,0,0
9ovfq5hj,210,802lnoen,12,presurvey,Commitment,1779407561,1,0,0
9ovfq5hj,212,y4m6eqjr,6,presurvey,TrainingNeighbor_1,1779407578,1,0,0
9ovfq5hj,212,y4m6eqjr,7,presurvey,TrainingNeighbor_2,1779407582,1,0,0
9ovfq5hj,212,y4m6eqjr,10,presurvey,ExperimentInstruction,1779407585,1,0,0
9ovfq5hj,211,hp2ec27p,5,presurvey,Training,1779407588,1,0,0
9ovfq5hj,211,hp2ec27p,6,presurvey,TrainingNeighbor_1,1779407614,1,0,0
9ovfq5hj,211,hp2ec27p,10,presurvey,ExperimentInstruction,1779407617,1,0,0
9ovfq5hj,212,y4m6eqjr,11,presurvey,Scenario,1779407621,1,0,0
9ovfq5hj,209,gbowf82r,2,presurvey,AudioCheck,1779407627,1,0,0
9ovfq5hj,211,hp2ec27p,11,presurvey,Scenario,1779407641,1,0,0
9ovfq5hj,213,kucw77oq,0,,InitializeParticipant,1779407647,1,0,0
9ovfq5hj,211,hp2ec27p,12,presurvey,Commitment,1779407666,1,0,0
9ovfq5hj,213,kucw77oq,1,presurvey,Introduction,1779407671,1,0,0
9ovfq5hj,198,amw3e2nx,13,mock_N08_N04_Aonly,GroupingWaitPage,1779407678,1,0,1
9ovfq5hj,198,amw3e2nx,14,mock_N08_N04_Aonly,GroupSizeWaitPage,1779407678,1,0,1
9ovfq5hj,198,amw3e2nx,15,mock_N08_N04_Aonly,AttentionCheck,1779407685,1,0,0
9ovfq5hj,214,b4tyow2l,0,,InitializeParticipant,1779407691,1,0,0
9ovfq5hj,213,kucw77oq,2,presurvey,AudioCheck,1779407696,1,0,0
9ovfq5hj,214,b4tyow2l,1,presurvey,Introduction,1779407699,1,0,0
9ovfq5hj,213,kucw77oq,3,presurvey,Demographics,1779407708,1,0,0
9ovfq5hj,213,kucw77oq,4,presurvey,NeighborhoodInstruction,1779407730,1,0,0
9ovfq5hj,213,kucw77oq,5,presurvey,Training,1779407751,1,0,0
9ovfq5hj,213,kucw77oq,6,presurvey,TrainingNeighbor_1,1779407796,1,0,0
9ovfq5hj,213,kucw77oq,7,presurvey,TrainingNeighbor_2,1779407804,1,0,0
9ovfq5hj,214,b4tyow2l,2,presurvey,AudioCheck,1779407805,1,0,0
9ovfq5hj,213,kucw77oq,10,presurvey,ExperimentInstruction,1779407812,1,0,0
9ovfq5hj,213,kucw77oq,11,presurvey,Scenario,1779407837,1,0,0
9ovfq5hj,214,b4tyow2l,3,presurvey,Demographics,1779407843,1,0,0
9ovfq5hj,214,b4tyow2l,4,presurvey,NeighborhoodInstruction,1779407866,1,0,0
9ovfq5hj,215,pggdz909,0,,InitializeParticipant,1779407886,1,0,0
9ovfq5hj,216,2qsiwwde,0,,InitializeParticipant,1779407895,1,0,0
9ovfq5hj,215,pggdz909,1,presurvey,Introduction,1779407896,1,0,0
9ovfq5hj,214,b4tyow2l,5,presurvey,Training,1779407914,1,0,0
9ovfq5hj,215,pggdz909,2,presurvey,AudioCheck,1779407917,1,0,0
9ovfq5hj,216,2qsiwwde,1,presurvey,Introduction,1779407940,1,0,0
9ovfq5hj,215,pggdz909,3,presurvey,Demographics,1779407941,1,0,0
9ovfq5hj,216,2qsiwwde,2,presurvey,AudioCheck,1779407953,1,0,0
9ovfq5hj,215,pggdz909,4,presurvey,NeighborhoodInstruction,1779407967,1,0,0
9ovfq5hj,217,u5k7jdt4,0,,InitializeParticipant,1779407967,1,0,0
9ovfq5hj,216,2qsiwwde,3,presurvey,Demographics,1779407969,1,0,0
9ovfq5hj,200,sl1x3j86,13,mock_N08_N04_Aonly,GroupingWaitPage,1779407972,1,0,1
9ovfq5hj,200,sl1x3j86,14,mock_N08_N04_Aonly,GroupSizeWaitPage,1779407973,1,0,1
9ovfq5hj,217,u5k7jdt4,1,presurvey,Introduction,1779407974,1,0,0
9ovfq5hj,200,sl1x3j86,15,mock_N08_N04_Aonly,AttentionCheck,1779407982,1,0,0
9ovfq5hj,217,u5k7jdt4,2,presurvey,AudioCheck,1779407989,1,0,0
9ovfq5hj,215,pggdz909,5,presurvey,Training,1779407992,1,0,0
9ovfq5hj,218,7y1jt7bf,0,,InitializeParticipant,1779407994,1,0,0
9ovfq5hj,219,q46twknl,0,,InitializeParticipant,1779408006,1,0,0
9ovfq5hj,217,u5k7jdt4,3,presurvey,Demographics,1779408008,1,0,0
9ovfq5hj,215,pggdz909,6,presurvey,TrainingNeighbor_1,1779408021,1,0,0
9ovfq5hj,215,pggdz909,10,presurvey,ExperimentInstruction,1779408025,1,0,0
9ovfq5hj,214,b4tyow2l,6,presurvey,TrainingNeighbor_1,1779408031,1,0,0
9ovfq5hj,217,u5k7jdt4,4,presurvey,NeighborhoodInstruction,1779408033,1,0,0
9ovfq5hj,216,2qsiwwde,4,presurvey,NeighborhoodInstruction,1779408035,1,0,0
9ovfq5hj,218,7y1jt7bf,1,presurvey,Introduction,1779408039,1,0,0
9ovfq5hj,217,u5k7jdt4,5,presurvey,Training,1779408040,1,0,0
9ovfq5hj,215,pggdz909,11,presurvey,Scenario,1779408055,1,0,0
9ovfq5hj,214,b4tyow2l,10,presurvey,ExperimentInstruction,1779408071,1,0,0
9ovfq5hj,218,7y1jt7bf,2,presurvey,AudioCheck,1779408079,1,0,0
9ovfq5hj,216,2qsiwwde,5,presurvey,Training,1779408082,1,0,0
9ovfq5hj,219,q46twknl,1,presurvey,Introduction,1779408097,1,0,0
9ovfq5hj,218,7y1jt7bf,3,presurvey,Demographics,1779408104,1,0,0
9ovfq5hj,203,42xo5846,13,mock_N08_N04_Aonly,GroupingWaitPage,1779408115,1,0,1
9ovfq5hj,203,42xo5846,14,mock_N08_N04_Aonly,GroupSizeWaitPage,1779408115,1,0,1
9ovfq5hj,203,42xo5846,15,mock_N08_N04_Aonly,AttentionCheck,1779408121,1,0,0
9ovfq5hj,218,7y1jt7bf,4,presurvey,NeighborhoodInstruction,1779408139,1,0,0
9ovfq5hj,216,2qsiwwde,6,presurvey,TrainingNeighbor_1,1779408163,1,0,0
9ovfq5hj,216,2qsiwwde,7,presurvey,TrainingNeighbor_2,1779408168,1,0,0
9ovfq5hj,218,7y1jt7bf,5,presurvey,Training,1779408176,1,0,0
9ovfq5hj,165,ce6uifs5,13,mock_N08_N04_Aonly,GroupingWaitPage,1779408178,1,0,1
9ovfq5hj,165,ce6uifs5,14,mock_N08_N04_Aonly,GroupSizeWaitPage,1779408179,1,0,1
9ovfq5hj,165,ce6uifs5,15,mock_N08_N04_Aonly,AttentionCheck,1779408185,1,0,0
9ovfq5hj,219,q46twknl,2,presurvey,AudioCheck,1779408195,1,0,0
9ovfq5hj,216,2qsiwwde,10,presurvey,ExperimentInstruction,1779408198,1,0,0
9ovfq5hj,216,2qsiwwde,11,presurvey,Scenario,1779408225,1,0,0
9ovfq5hj,220,dzgsxti7,0,,InitializeParticipant,1779408234,1,0,0
9ovfq5hj,218,7y1jt7bf,6,presurvey,TrainingNeighbor_1,1779408240,1,0,0
9ovfq5hj,219,q46twknl,3,presurvey,Demographics,1779408244,1,0,0
9ovfq5hj,220,dzgsxti7,1,presurvey,Introduction,1779408253,1,0,0
9ovfq5hj,205,p7budfhp,13,mock_N08_N04_Aonly,GroupingWaitPage,1779408260,1,0,1
9ovfq5hj,205,p7budfhp,14,mock_N08_N04_Aonly,GroupSizeWaitPage,1779408260,1,0,1
9ovfq5hj,205,p7budfhp,15,mock_N08_N04_Aonly,AttentionCheck,1779408264,1,0,0
9ovfq5hj,218,7y1jt7bf,10,presurvey,ExperimentInstruction,1779408271,1,0,0
9ovfq5hj,216,2qsiwwde,12,presurvey,Commitment,1779408291,1,0,0
9ovfq5hj,218,7y1jt7bf,11,presurvey,Scenario,1779408332,1,0,0
9ovfq5hj,220,dzgsxti7,2,presurvey,AudioCheck,1779408365,1,0,0
9ovfq5hj,219,q46twknl,4,presurvey,NeighborhoodInstruction,1779408382,1,0,0
9ovfq5hj,206,y0sivdgr,13,mock_N08_N04_Aonly,GroupingWaitPage,1779408388,1,0,1
9ovfq5hj,206,y0sivdgr,14,mock_N08_N04_Aonly,GroupSizeWaitPage,1779408388,1,0,1
9ovfq5hj,218,7y1jt7bf,12,presurvey,Commitment,1779408394,1,0,0
9ovfq5hj,206,y0sivdgr,15,mock_N08_N04_Aonly,AttentionCheck,1779408394,1,0,0
9ovfq5hj,220,dzgsxti7,3,presurvey,Demographics,1779408417,1,0,0
9ovfq5hj,221,uw8twupy,0,,InitializeParticipant,1779408418,1,0,0
9ovfq5hj,221,uw8twupy,1,presurvey,Introduction,1779408434,1,0,0
9ovfq5hj,220,dzgsxti7,4,presurvey,NeighborhoodInstruction,1779408444,1,0,0
9ovfq5hj,220,dzgsxti7,5,presurvey,Training,1779408469,1,0,0
9ovfq5hj,219,q46twknl,5,presurvey,Training,1779408479,1,0,0
9ovfq5hj,221,uw8twupy,2,presurvey,AudioCheck,1779408484,1,0,0
9ovfq5hj,220,dzgsxti7,6,presurvey,TrainingNeighbor_1,1779408504,1,0,0
9ovfq5hj,221,uw8twupy,3,presurvey,Demographics,1779408521,1,0,0
9ovfq5hj,220,dzgsxti7,7,presurvey,TrainingNeighbor_2,1779408551,1,0,0
9ovfq5hj,219,q46twknl,6,presurvey,TrainingNeighbor_1,1779408575,1,0,0
9ovfq5hj,220,dzgsxti7,8,presurvey,AttentionCheck,1779408583,1,0,0
9ovfq5hj,221,uw8twupy,4,presurvey,NeighborhoodInstruction,1779408595,1,0,0
9ovfq5hj,220,dzgsxti7,9,presurvey,TrainingNeighbor_3,1779408621,1,0,0
9ovfq5hj,220,dzgsxti7,10,presurvey,ExperimentInstruction,1779408637,1,0,0
9ovfq5hj,221,uw8twupy,5,presurvey,Training,1779408665,1,0,0
9ovfq5hj,220,dzgsxti7,11,presurvey,Scenario,1779408665,1,0,0
9ovfq5hj,219,q46twknl,10,presurvey,ExperimentInstruction,1779408706,1,0,0
9ovfq5hj,221,uw8twupy,6,presurvey,TrainingNeighbor_1,1779408752,1,0,0
9ovfq5hj,221,uw8twupy,10,presurvey,ExperimentInstruction,1779408762,1,0,0
9ovfq5hj,210,802lnoen,13,mock_N08_N04_Aonly,GroupingWaitPage,1779408773,1,0,1
9ovfq5hj,210,802lnoen,14,mock_N08_N04_Aonly,GroupSizeWaitPage,1779408773,1,0,1
9ovfq5hj,210,802lnoen,15,mock_N08_N04_Aonly,AttentionCheck,1779408781,1,0,0
9ovfq5hj,211,hp2ec27p,13,mock_N08_N04_Aonly,GroupingWaitPage,1779408808,1,0,1
9ovfq5hj,211,hp2ec27p,14,mock_N08_N04_Aonly,GroupSizeWaitPage,1779408809,1,0,1
9ovfq5hj,211,hp2ec27p,15,mock_N08_N04_Aonly,AttentionCheck,1779408817,1,0,0
9ovfq5hj,221,uw8twupy,11,presurvey,Scenario,1779408836,1,0,0
9ovfq5hj,219,q46twknl,11,presurvey,Scenario,1779408897,1,0,0
9ovfq5hj,221,uw8twupy,12,presurvey,Commitment,1779408965,1,0,0
9ovfq5hj,216,2qsiwwde,13,mock_N08_N04_Aonly,GroupingWaitPage,1779409433,1,0,1
9ovfq5hj,216,2qsiwwde,14,mock_N08_N04_Aonly,GroupSizeWaitPage,1779409433,1,0,1
9ovfq5hj,216,2qsiwwde,15,mock_N08_N04_Aonly,AttentionCheck,1779409437,1,0,0
9ovfq5hj,218,7y1jt7bf,13,mock_N08_N04_Aonly,GroupingWaitPage,1779409601,1,0,1
9ovfq5hj,218,7y1jt7bf,14,mock_N08_N04_Aonly,GroupSizeWaitPage,1779409601,1,0,1
9ovfq5hj,218,7y1jt7bf,15,mock_N08_N04_Aonly,AttentionCheck,1779409610,1,0,0
9ovfq5hj,221,uw8twupy,13,mock_N08_N04_Aonly,GroupingWaitPage,1779410114,1,0,1
9ovfq5hj,221,uw8twupy,14,mock_N08_N04_Aonly,GroupSizeWaitPage,1779410116,1,0,1
9ovfq5hj,221,uw8twupy,15,mock_N08_N04_Aonly,AttentionCheck,1779410129,1,0,0
