session_code,participant_id_in_session,participant_code,page_index,app_name,page_name,epoch_time_completed,round_number,timeout_happened,is_wait_page
tlbdf8n9,1,o6q75tfw,0,,InitializeParticipant,1779307000,1,0,0
tlbdf8n9,1,o6q75tfw,1,presurvey,Introduction,1779307004,1,0,0
tlbdf8n9,1,o6q75tfw,2,presurvey,AudioCheck,1779307019,1,0,0
tlbdf8n9,1,o6q75tfw,3,presurvey,Demographics,1779307031,1,0,0
tlbdf8n9,1,o6q75tfw,4,presurvey,NeighborhoodInstruction,1779307038,1,0,0
tlbdf8n9,2,tb7k1lu1,0,,InitializeParticipant,1779307077,1,0,0
tlbdf8n9,1,o6q75tfw,5,presurvey,Training,1779307100,1,0,0
tlbdf8n9,3,988o33nc,0,,InitializeParticipant,1779307111,1,0,0
tlbdf8n9,2,tb7k1lu1,1,presurvey,Introduction,1779307125,1,0,0
tlbdf8n9,1,o6q75tfw,6,presurvey,TrainingNeighbor_1,1779307131,1,0,0
tlbdf8n9,3,988o33nc,1,presurvey,Introduction,1779307147,1,0,0
tlbdf8n9,1,o6q75tfw,7,presurvey,TrainingNeighbor_2,1779307150,1,0,0
tlbdf8n9,2,tb7k1lu1,2,presurvey,AudioCheck,1779307155,1,0,0
tlbdf8n9,3,988o33nc,2,presurvey,AudioCheck,1779307166,1,0,0
tlbdf8n9,1,o6q75tfw,8,presurvey,AttentionCheck,1779307168,1,0,0
tlbdf8n9,2,tb7k1lu1,3,presurvey,Demographics,1779307174,1,0,0
tlbdf8n9,1,o6q75tfw,9,presurvey,TrainingNeighbor_3,1779307175,1,0,0
tlbdf8n9,1,o6q75tfw,10,presurvey,ExperimentInstruction,1779307178,1,0,0
tlbdf8n9,3,988o33nc,3,presurvey,Demographics,1779307204,1,0,0
tlbdf8n9,2,tb7k1lu1,4,presurvey,NeighborhoodInstruction,1779307205,1,0,0
tlbdf8n9,3,988o33nc,4,presurvey,NeighborhoodInstruction,1779307212,1,0,0
tlbdf8n9,1,o6q75tfw,11,presurvey,Scenario,1779307213,1,0,0
tlbdf8n9,1,o6q75tfw,12,presurvey,Commitment,1779307224,1,0,0
tlbdf8n9,2,tb7k1lu1,5,presurvey,Training,1779307254,1,0,0
tlbdf8n9,3,988o33nc,5,presurvey,Training,1779307280,1,0,0
tlbdf8n9,4,g1rn7ck2,0,,InitializeParticipant,1779307284,1,0,0
tlbdf8n9,2,tb7k1lu1,6,presurvey,TrainingNeighbor_1,1779307310,1,0,0
tlbdf8n9,4,g1rn7ck2,1,presurvey,Introduction,1779307311,1,0,0
tlbdf8n9,4,g1rn7ck2,2,presurvey,AudioCheck,1779307346,1,0,0
tlbdf8n9,3,988o33nc,6,presurvey,TrainingNeighbor_1,1779307355,1,0,0
tlbdf8n9,4,g1rn7ck2,3,presurvey,Demographics,1779307371,1,0,0
tlbdf8n9,2,tb7k1lu1,7,presurvey,TrainingNeighbor_2,1779307373,1,0,0
tlbdf8n9,2,tb7k1lu1,10,presurvey,ExperimentInstruction,1779307386,1,0,0
tlbdf8n9,4,g1rn7ck2,4,presurvey,NeighborhoodInstruction,1779307393,1,0,0
tlbdf8n9,3,988o33nc,7,presurvey,TrainingNeighbor_2,1779307397,1,0,0
tlbdf8n9,3,988o33nc,10,presurvey,ExperimentInstruction,1779307411,1,0,0
tlbdf8n9,4,g1rn7ck2,5,presurvey,Training,1779307430,1,0,0
tlbdf8n9,2,tb7k1lu1,11,presurvey,Scenario,1779307433,1,0,0
tlbdf8n9,4,g1rn7ck2,6,presurvey,TrainingNeighbor_1,1779307461,1,0,0
tlbdf8n9,4,g1rn7ck2,10,presurvey,ExperimentInstruction,1779307473,1,0,0
tlbdf8n9,3,988o33nc,11,presurvey,Scenario,1779307490,1,0,0
tlbdf8n9,4,g1rn7ck2,11,presurvey,Scenario,1779307502,1,0,0
tlbdf8n9,5,uuygqidg,0,,InitializeParticipant,1779307556,1,0,0
tlbdf8n9,4,g1rn7ck2,12,presurvey,Commitment,1779307573,1,0,0
tlbdf8n9,6,5skhj5no,0,,InitializeParticipant,1779307815,1,0,0
tlbdf8n9,6,5skhj5no,1,presurvey,Introduction,1779307821,1,0,0
tlbdf8n9,6,5skhj5no,2,presurvey,AudioCheck,1779307837,1,0,0
tlbdf8n9,6,5skhj5no,3,presurvey,Demographics,1779307860,1,0,0
tlbdf8n9,6,5skhj5no,4,presurvey,NeighborhoodInstruction,1779307875,1,0,0
tlbdf8n9,6,5skhj5no,5,presurvey,Training,1779307902,1,0,0
tlbdf8n9,7,pvr2w66w,0,,InitializeParticipant,1779307917,1,0,0
tlbdf8n9,8,7eyakacs,0,,InitializeParticipant,1779307941,1,0,0
tlbdf8n9,6,5skhj5no,6,presurvey,TrainingNeighbor_1,1779307944,1,0,0
tlbdf8n9,8,7eyakacs,1,presurvey,Introduction,1779307945,1,0,0
tlbdf8n9,6,5skhj5no,10,presurvey,ExperimentInstruction,1779307952,1,0,0
tlbdf8n9,7,pvr2w66w,1,presurvey,Introduction,1779307958,1,0,0
tlbdf8n9,8,7eyakacs,2,presurvey,AudioCheck,1779307963,1,0,0
tlbdf8n9,8,7eyakacs,3,presurvey,Demographics,1779307984,1,0,0
tlbdf8n9,6,5skhj5no,11,presurvey,Scenario,1779307988,1,0,0
tlbdf8n9,7,pvr2w66w,2,presurvey,AudioCheck,1779307994,1,0,0
tlbdf8n9,8,7eyakacs,4,presurvey,NeighborhoodInstruction,1779307996,1,0,0
tlbdf8n9,9,uurss29p,0,,InitializeParticipant,1779308006,1,0,0
tlbdf8n9,8,7eyakacs,5,presurvey,Training,1779308016,1,0,0
tlbdf8n9,10,clzckid7,0,,InitializeParticipant,1779308032,1,0,0
tlbdf8n9,7,pvr2w66w,3,presurvey,Demographics,1779308032,1,0,0
tlbdf8n9,10,clzckid7,1,presurvey,Introduction,1779308040,1,0,0
tlbdf8n9,10,clzckid7,2,presurvey,AudioCheck,1779308051,1,0,0
tlbdf8n9,10,clzckid7,3,presurvey,Demographics,1779308060,1,0,0
tlbdf8n9,9,uurss29p,1,presurvey,Introduction,1779308065,1,0,0
tlbdf8n9,11,0mm3ojkk,0,,InitializeParticipant,1779308066,1,0,0
tlbdf8n9,12,23hyz28a,0,,InitializeParticipant,1779308067,1,0,0
tlbdf8n9,8,7eyakacs,6,presurvey,TrainingNeighbor_1,1779308071,1,0,0
tlbdf8n9,10,clzckid7,4,presurvey,NeighborhoodInstruction,1779308071,1,0,0
tlbdf8n9,8,7eyakacs,7,presurvey,TrainingNeighbor_2,1779308076,1,0,0
tlbdf8n9,8,7eyakacs,8,presurvey,AttentionCheck,1779308082,1,0,0
tlbdf8n9,7,pvr2w66w,4,presurvey,NeighborhoodInstruction,1779308085,1,0,0
tlbdf8n9,8,7eyakacs,9,presurvey,TrainingNeighbor_3,1779308089,1,0,0
tlbdf8n9,10,clzckid7,5,presurvey,Training,1779308095,1,0,0
tlbdf8n9,9,uurss29p,2,presurvey,AudioCheck,1779308104,1,0,0
tlbdf8n9,8,7eyakacs,10,presurvey,ExperimentInstruction,1779308108,1,0,0
tlbdf8n9,5,uuygqidg,1,presurvey,Introduction,1779308112,1,0,0
tlbdf8n9,11,0mm3ojkk,1,presurvey,Introduction,1779308113,1,0,0
tlbdf8n9,10,clzckid7,6,presurvey,TrainingNeighbor_1,1779308114,1,0,0
tlbdf8n9,12,23hyz28a,1,presurvey,Introduction,1779308116,1,0,0
tlbdf8n9,10,clzckid7,10,presurvey,ExperimentInstruction,1779308119,1,0,0
tlbdf8n9,9,uurss29p,3,presurvey,Demographics,1779308121,1,0,0
tlbdf8n9,7,pvr2w66w,5,presurvey,Training,1779308127,1,0,0
tlbdf8n9,10,clzckid7,11,presurvey,Scenario,1779308133,1,0,0
tlbdf8n9,13,wbngyxxc,0,,InitializeParticipant,1779308138,1,0,0
tlbdf8n9,12,23hyz28a,2,presurvey,AudioCheck,1779308140,1,0,0
tlbdf8n9,11,0mm3ojkk,2,presurvey,AudioCheck,1779308143,1,0,0
tlbdf8n9,8,7eyakacs,11,presurvey,Scenario,1779308145,1,0,0
tlbdf8n9,9,uurss29p,4,presurvey,NeighborhoodInstruction,1779308152,1,0,0
tlbdf8n9,12,23hyz28a,3,presurvey,Demographics,1779308152,1,0,0
tlbdf8n9,10,clzckid7,12,presurvey,Commitment,1779308163,1,0,0
tlbdf8n9,11,0mm3ojkk,3,presurvey,Demographics,1779308167,1,0,0
tlbdf8n9,12,23hyz28a,4,presurvey,NeighborhoodInstruction,1779308173,1,0,0
tlbdf8n9,9,uurss29p,5,presurvey,Training,1779308192,1,0,0
tlbdf8n9,11,0mm3ojkk,4,presurvey,NeighborhoodInstruction,1779308198,1,0,0
tlbdf8n9,5,uuygqidg,2,presurvey,AudioCheck,1779308198,1,0,0
tlbdf8n9,12,23hyz28a,5,presurvey,Training,1779308198,1,0,0
tlbdf8n9,14,c3uuw09b,0,,InitializeParticipant,1779308201,1,0,0
tlbdf8n9,14,c3uuw09b,1,presurvey,Introduction,1779308206,1,0,0
tlbdf8n9,12,23hyz28a,6,presurvey,TrainingNeighbor_1,1779308221,1,0,0
tlbdf8n9,7,pvr2w66w,6,presurvey,TrainingNeighbor_1,1779308222,1,0,0
tlbdf8n9,14,c3uuw09b,2,presurvey,AudioCheck,1779308224,1,0,0
tlbdf8n9,12,23hyz28a,10,presurvey,ExperimentInstruction,1779308225,1,0,0
tlbdf8n9,15,78en6sig,0,,InitializeParticipant,1779308236,1,0,0
tlbdf8n9,11,0mm3ojkk,5,presurvey,Training,1779308238,1,0,0
tlbdf8n9,15,78en6sig,1,presurvey,Introduction,1779308241,1,0,0
tlbdf8n9,7,pvr2w66w,7,presurvey,TrainingNeighbor_2,1779308243,1,0,0
tlbdf8n9,12,23hyz28a,11,presurvey,Scenario,1779308253,1,0,0
tlbdf8n9,14,c3uuw09b,3,presurvey,Demographics,1779308259,1,0,0
tlbdf8n9,13,wbngyxxc,1,presurvey,Introduction,1779308259,1,0,0
tlbdf8n9,15,78en6sig,2,presurvey,AudioCheck,1779308259,1,0,0
tlbdf8n9,14,c3uuw09b,4,presurvey,NeighborhoodInstruction,1779308267,1,0,0
tlbdf8n9,15,78en6sig,3,presurvey,Demographics,1779308268,1,0,0
tlbdf8n9,9,uurss29p,6,presurvey,TrainingNeighbor_1,1779308272,1,0,0
tlbdf8n9,7,pvr2w66w,10,presurvey,ExperimentInstruction,1779308274,1,0,0
tlbdf8n9,11,0mm3ojkk,6,presurvey,TrainingNeighbor_1,1779308279,1,0,0
tlbdf8n9,9,uurss29p,7,presurvey,TrainingNeighbor_2,1779308281,1,0,0
tlbdf8n9,9,uurss29p,10,presurvey,ExperimentInstruction,1779308287,1,0,0
tlbdf8n9,15,78en6sig,4,presurvey,NeighborhoodInstruction,1779308289,1,0,0
tlbdf8n9,5,uuygqidg,3,presurvey,Demographics,1779308291,1,0,0
tlbdf8n9,13,wbngyxxc,2,presurvey,AudioCheck,1779308293,1,0,0
tlbdf8n9,11,0mm3ojkk,10,presurvey,ExperimentInstruction,1779308294,1,0,0
tlbdf8n9,14,c3uuw09b,5,presurvey,Training,1779308309,1,0,0
tlbdf8n9,15,78en6sig,5,presurvey,Training,1779308312,1,0,0
tlbdf8n9,13,wbngyxxc,3,presurvey,Demographics,1779308319,1,0,0
tlbdf8n9,16,cwplhyz1,0,,InitializeParticipant,1779308329,1,0,0
tlbdf8n9,15,78en6sig,6,presurvey,TrainingNeighbor_1,1779308330,1,0,0
tlbdf8n9,16,cwplhyz1,1,presurvey,Introduction,1779308334,1,0,0
tlbdf8n9,15,78en6sig,10,presurvey,ExperimentInstruction,1779308336,1,0,0
tlbdf8n9,11,0mm3ojkk,11,presurvey,Scenario,1779308341,1,0,0
tlbdf8n9,5,uuygqidg,4,presurvey,NeighborhoodInstruction,1779308346,1,0,0
tlbdf8n9,17,ap5arden,0,,InitializeParticipant,1779308348,1,0,0
tlbdf8n9,17,ap5arden,1,presurvey,Introduction,1779308352,1,0,0
tlbdf8n9,7,pvr2w66w,11,presurvey,Scenario,1779308354,1,0,0
tlbdf8n9,13,wbngyxxc,4,presurvey,NeighborhoodInstruction,1779308365,1,0,0
tlbdf8n9,17,ap5arden,2,presurvey,AudioCheck,1779308368,1,0,0
tlbdf8n9,15,78en6sig,11,presurvey,Scenario,1779308368,1,0,0
tlbdf8n9,17,ap5arden,3,presurvey,Demographics,1779308384,1,0,0
tlbdf8n9,11,0mm3ojkk,12,presurvey,Commitment,1779308395,1,0,0
tlbdf8n9,17,ap5arden,4,presurvey,NeighborhoodInstruction,1779308397,1,0,0
tlbdf8n9,15,78en6sig,12,presurvey,Commitment,1779308398,1,0,0
tlbdf8n9,16,cwplhyz1,2,presurvey,AudioCheck,1779308402,1,0,0
tlbdf8n9,14,c3uuw09b,6,presurvey,TrainingNeighbor_1,1779308407,1,0,0
tlbdf8n9,18,090gxoom,0,,InitializeParticipant,1779308408,1,0,0
tlbdf8n9,18,090gxoom,1,presurvey,Introduction,1779308412,1,0,0
tlbdf8n9,14,c3uuw09b,10,presurvey,ExperimentInstruction,1779308414,1,0,0
tlbdf8n9,17,ap5arden,5,presurvey,Training,1779308417,1,0,0
tlbdf8n9,9,uurss29p,11,presurvey,Scenario,1779308419,1,0,0
tlbdf8n9,1,o6q75tfw,13,mock_N08_N04_Aonly,GroupingWaitPage,1779308426,1,0,1
tlbdf8n9,1,o6q75tfw,14,mock_N08_N04_Aonly,GroupSizeWaitPage,1779308426,1,0,1
tlbdf8n9,1,o6q75tfw,15,mock_N08_N04_Aonly,AttentionCheck,1779308431,1,0,0
tlbdf8n9,18,090gxoom,2,presurvey,AudioCheck,1779308441,1,0,0
tlbdf8n9,17,ap5arden,6,presurvey,TrainingNeighbor_1,1779308449,1,0,0
tlbdf8n9,18,090gxoom,3,presurvey,Demographics,1779308452,1,0,0
tlbdf8n9,17,ap5arden,10,presurvey,ExperimentInstruction,1779308453,1,0,0
tlbdf8n9,19,aiiu1frr,0,,InitializeParticipant,1779308461,1,0,0
tlbdf8n9,19,aiiu1frr,1,presurvey,Introduction,1779308464,1,0,0
tlbdf8n9,13,wbngyxxc,5,presurvey,Training,1779308466,1,0,0
tlbdf8n9,18,090gxoom,4,presurvey,NeighborhoodInstruction,1779308466,1,0,0
tlbdf8n9,17,ap5arden,11,presurvey,Scenario,1779308476,1,0,0
tlbdf8n9,5,uuygqidg,5,presurvey,Training,1779308482,1,0,0
tlbdf8n9,16,cwplhyz1,3,presurvey,Demographics,1779308482,1,0,0
tlbdf8n9,19,aiiu1frr,2,presurvey,AudioCheck,1779308482,1,0,0
tlbdf8n9,14,c3uuw09b,11,presurvey,Scenario,1779308485,1,0,0
tlbdf8n9,16,cwplhyz1,4,presurvey,NeighborhoodInstruction,1779308491,1,0,0
tlbdf8n9,18,090gxoom,5,presurvey,Training,1779308491,1,0,0
tlbdf8n9,19,aiiu1frr,3,presurvey,Demographics,1779308495,1,0,0
tlbdf8n9,19,aiiu1frr,4,presurvey,NeighborhoodInstruction,1779308501,1,0,0
tlbdf8n9,18,090gxoom,6,presurvey,TrainingNeighbor_1,1779308513,1,0,0
tlbdf8n9,18,090gxoom,10,presurvey,ExperimentInstruction,1779308517,1,0,0
tlbdf8n9,13,wbngyxxc,6,presurvey,TrainingNeighbor_1,1779308528,1,0,0
tlbdf8n9,18,090gxoom,11,presurvey,Scenario,1779308548,1,0,0
tlbdf8n9,13,wbngyxxc,10,presurvey,ExperimentInstruction,1779308560,1,0,0
tlbdf8n9,18,090gxoom,12,presurvey,Commitment,1779308574,1,0,0
tlbdf8n9,16,cwplhyz1,5,presurvey,Training,1779308576,1,0,0
tlbdf8n9,13,wbngyxxc,11,presurvey,Scenario,1779308603,1,0,0
tlbdf8n9,19,aiiu1frr,5,presurvey,Training,1779308609,1,0,0
tlbdf8n9,5,uuygqidg,6,presurvey,TrainingNeighbor_1,1779308636,1,0,0
tlbdf8n9,19,aiiu1frr,6,presurvey,TrainingNeighbor_1,1779308655,1,0,0
tlbdf8n9,19,aiiu1frr,7,presurvey,TrainingNeighbor_2,1779308661,1,0,0
tlbdf8n9,19,aiiu1frr,10,presurvey,ExperimentInstruction,1779308663,1,0,0
tlbdf8n9,19,aiiu1frr,11,presurvey,Scenario,1779308675,1,0,0
tlbdf8n9,16,cwplhyz1,6,presurvey,TrainingNeighbor_1,1779308702,1,0,0
tlbdf8n9,5,uuygqidg,7,presurvey,TrainingNeighbor_2,1779308708,1,0,0
tlbdf8n9,16,cwplhyz1,10,presurvey,ExperimentInstruction,1779308713,1,0,0
tlbdf8n9,16,cwplhyz1,11,presurvey,Scenario,1779308732,1,0,0
tlbdf8n9,5,uuygqidg,10,presurvey,ExperimentInstruction,1779308774,1,0,0
tlbdf8n9,4,g1rn7ck2,13,mock_N08_N04_Aonly,GroupingWaitPage,1779308775,1,0,1
tlbdf8n9,4,g1rn7ck2,14,mock_N08_N04_Aonly,GroupSizeWaitPage,1779308775,1,0,1
tlbdf8n9,4,g1rn7ck2,15,mock_N08_N04_Aonly,AttentionCheck,1779308782,1,0,0
tlbdf8n9,20,wge97qhd,0,,InitializeParticipant,1779308788,1,0,0
tlbdf8n9,20,wge97qhd,1,presurvey,Introduction,1779308793,1,0,0
tlbdf8n9,20,wge97qhd,2,presurvey,AudioCheck,1779308818,1,0,0
tlbdf8n9,20,wge97qhd,3,presurvey,Demographics,1779308830,1,0,0
tlbdf8n9,20,wge97qhd,4,presurvey,NeighborhoodInstruction,1779308846,1,0,0
tlbdf8n9,21,j5g64q3d,0,,InitializeParticipant,1779308856,1,0,0
tlbdf8n9,20,wge97qhd,5,presurvey,Training,1779308866,1,0,0
tlbdf8n9,21,j5g64q3d,1,presurvey,Introduction,1779308882,1,0,0
tlbdf8n9,20,wge97qhd,6,presurvey,TrainingNeighbor_1,1779308902,1,0,0
tlbdf8n9,20,wge97qhd,7,presurvey,TrainingNeighbor_2,1779308915,1,0,0
tlbdf8n9,21,j5g64q3d,2,presurvey,AudioCheck,1779308915,1,0,0
tlbdf8n9,20,wge97qhd,10,presurvey,ExperimentInstruction,1779308925,1,0,0
tlbdf8n9,21,j5g64q3d,3,presurvey,Demographics,1779308929,1,0,0
tlbdf8n9,21,j5g64q3d,4,presurvey,NeighborhoodInstruction,1779308950,1,0,0
tlbdf8n9,5,uuygqidg,11,presurvey,Scenario,1779308954,1,0,0
tlbdf8n9,20,wge97qhd,11,presurvey,Scenario,1779308954,1,0,0
tlbdf8n9,21,j5g64q3d,5,presurvey,Training,1779308986,1,0,0
tlbdf8n9,16,cwplhyz1,12,presurvey,Commitment,1779309008,1,0,0
tlbdf8n9,21,j5g64q3d,6,presurvey,TrainingNeighbor_1,1779309046,1,0,0
tlbdf8n9,21,j5g64q3d,7,presurvey,TrainingNeighbor_2,1779309058,1,0,0
tlbdf8n9,22,4nl01dzy,0,,InitializeParticipant,1779309065,1,0,0
tlbdf8n9,21,j5g64q3d,10,presurvey,ExperimentInstruction,1779309068,1,0,0
tlbdf8n9,21,j5g64q3d,11,presurvey,Scenario,1779309109,1,0,0
tlbdf8n9,5,uuygqidg,12,presurvey,Commitment,1779309118,1,0,0
tlbdf8n9,21,j5g64q3d,12,presurvey,Commitment,1779309137,1,0,0
tlbdf8n9,22,4nl01dzy,1,presurvey,Introduction,1779309147,1,0,0
tlbdf8n9,22,4nl01dzy,2,presurvey,AudioCheck,1779309190,1,0,0
tlbdf8n9,22,4nl01dzy,3,presurvey,Demographics,1779309226,1,0,0
tlbdf8n9,22,4nl01dzy,4,presurvey,NeighborhoodInstruction,1779309254,1,0,0
tlbdf8n9,10,clzckid7,13,mock_N08_N04_Aonly,GroupingWaitPage,1779309307,1,0,1
tlbdf8n9,10,clzckid7,14,mock_N08_N04_Aonly,GroupSizeWaitPage,1779309307,1,0,1
tlbdf8n9,22,4nl01dzy,5,presurvey,Training,1779309311,1,0,0
tlbdf8n9,10,clzckid7,15,mock_N08_N04_Aonly,AttentionCheck,1779309311,1,0,0
tlbdf8n9,23,812b7j7e,0,,InitializeParticipant,1779309418,1,0,0
tlbdf8n9,23,812b7j7e,1,presurvey,Introduction,1779309422,1,0,0
tlbdf8n9,23,812b7j7e,2,presurvey,AudioCheck,1779309432,1,0,0
tlbdf8n9,22,4nl01dzy,6,presurvey,TrainingNeighbor_1,1779309438,1,0,0
tlbdf8n9,23,812b7j7e,3,presurvey,Demographics,1779309442,1,0,0
tlbdf8n9,22,4nl01dzy,7,presurvey,TrainingNeighbor_2,1779309462,1,0,0
tlbdf8n9,23,812b7j7e,4,presurvey,NeighborhoodInstruction,1779309487,1,0,0
tlbdf8n9,23,812b7j7e,5,presurvey,Training,1779309495,1,0,0
tlbdf8n9,24,ncdqjemh,0,,InitializeParticipant,1779309497,1,0,0
tlbdf8n9,24,ncdqjemh,1,presurvey,Introduction,1779309511,1,0,0
tlbdf8n9,23,812b7j7e,6,presurvey,TrainingNeighbor_1,1779309517,1,0,0
tlbdf8n9,23,812b7j7e,10,presurvey,ExperimentInstruction,1779309522,1,0,0
tlbdf8n9,22,4nl01dzy,10,presurvey,ExperimentInstruction,1779309527,1,0,0
tlbdf8n9,23,812b7j7e,11,presurvey,Scenario,1779309534,1,0,0
tlbdf8n9,11,0mm3ojkk,13,mock_N08_N04_Aonly,GroupingWaitPage,1779309542,1,0,1
tlbdf8n9,15,78en6sig,13,mock_N08_N04_Aonly,GroupingWaitPage,1779309543,1,0,1
tlbdf8n9,15,78en6sig,14,mock_N08_N04_Aonly,GroupSizeWaitPage,1779309543,1,0,1
tlbdf8n9,11,0mm3ojkk,14,mock_N08_N04_Aonly,GroupSizeWaitPage,1779309543,1,0,1
tlbdf8n9,25,2jgkn6hy,0,,InitializeParticipant,1779309546,1,0,0
tlbdf8n9,15,78en6sig,15,mock_N08_N04_Aonly,AttentionCheck,1779309548,1,0,0
tlbdf8n9,11,0mm3ojkk,15,mock_N08_N04_Aonly,AttentionCheck,1779309555,1,0,0
tlbdf8n9,25,2jgkn6hy,1,presurvey,Introduction,1779309569,1,0,0
tlbdf8n9,22,4nl01dzy,11,presurvey,Scenario,1779309584,1,0,0
tlbdf8n9,24,ncdqjemh,2,presurvey,AudioCheck,1779309586,1,0,0
tlbdf8n9,25,2jgkn6hy,2,presurvey,AudioCheck,1779309594,1,0,0
tlbdf8n9,25,2jgkn6hy,3,presurvey,Demographics,1779309608,1,0,0
tlbdf8n9,26,9apbeslw,0,,InitializeParticipant,1779309619,1,0,0
tlbdf8n9,24,ncdqjemh,3,presurvey,Demographics,1779309622,1,0,0
tlbdf8n9,25,2jgkn6hy,4,presurvey,NeighborhoodInstruction,1779309634,1,0,0
tlbdf8n9,24,ncdqjemh,4,presurvey,NeighborhoodInstruction,1779309648,1,0,0
tlbdf8n9,25,2jgkn6hy,5,presurvey,Training,1779309675,1,0,0
tlbdf8n9,24,ncdqjemh,5,presurvey,Training,1779309681,1,0,0
tlbdf8n9,22,4nl01dzy,12,presurvey,Commitment,1779309681,1,0,0
tlbdf8n9,27,jggfn25z,0,,InitializeParticipant,1779309689,1,0,0
tlbdf8n9,27,jggfn25z,1,presurvey,Introduction,1779309712,1,0,0
tlbdf8n9,24,ncdqjemh,6,presurvey,TrainingNeighbor_1,1779309734,1,0,0
tlbdf8n9,25,2jgkn6hy,6,presurvey,TrainingNeighbor_1,1779309735,1,0,0
tlbdf8n9,24,ncdqjemh,10,presurvey,ExperimentInstruction,1779309741,1,0,0
tlbdf8n9,25,2jgkn6hy,7,presurvey,TrainingNeighbor_2,1779309770,1,0,0
tlbdf8n9,27,jggfn25z,2,presurvey,AudioCheck,1779309778,1,0,0
tlbdf8n9,28,3pu296jr,0,,InitializeParticipant,1779309780,1,0,0
tlbdf8n9,25,2jgkn6hy,10,presurvey,ExperimentInstruction,1779309786,1,0,0
tlbdf8n9,18,090gxoom,13,mock_N08_N04_Aonly,GroupingWaitPage,1779309789,1,0,1
tlbdf8n9,18,090gxoom,14,mock_N08_N04_Aonly,GroupSizeWaitPage,1779309789,1,0,1
tlbdf8n9,18,090gxoom,15,mock_N08_N04_Aonly,AttentionCheck,1779309793,1,0,0
tlbdf8n9,28,3pu296jr,1,presurvey,Introduction,1779309800,1,0,0
tlbdf8n9,24,ncdqjemh,11,presurvey,Scenario,1779309808,1,0,0
tlbdf8n9,25,2jgkn6hy,11,presurvey,Scenario,1779309835,1,0,0
tlbdf8n9,27,jggfn25z,3,presurvey,Demographics,1779309849,1,0,0
tlbdf8n9,24,ncdqjemh,12,presurvey,Commitment,1779309872,1,0,0
tlbdf8n9,27,jggfn25z,4,presurvey,NeighborhoodInstruction,1779309878,1,0,0
tlbdf8n9,27,jggfn25z,5,presurvey,Training,1779309891,1,0,0
tlbdf8n9,25,2jgkn6hy,12,presurvey,Commitment,1779309898,1,0,0
tlbdf8n9,29,6psbpx6d,0,,InitializeParticipant,1779309917,1,0,0
tlbdf8n9,29,6psbpx6d,1,presurvey,Introduction,1779309938,1,0,0
tlbdf8n9,27,jggfn25z,6,presurvey,TrainingNeighbor_1,1779309949,1,0,0
tlbdf8n9,27,jggfn25z,10,presurvey,ExperimentInstruction,1779309964,1,0,0
tlbdf8n9,27,jggfn25z,11,presurvey,Scenario,1779309991,1,0,0
tlbdf8n9,29,6psbpx6d,2,presurvey,AudioCheck,1779309998,1,0,0
tlbdf8n9,29,6psbpx6d,3,presurvey,Demographics,1779310028,1,0,0
tlbdf8n9,29,6psbpx6d,4,presurvey,NeighborhoodInstruction,1779310054,1,0,0
tlbdf8n9,29,6psbpx6d,5,presurvey,Training,1779310085,1,0,0
tlbdf8n9,26,9apbeslw,1,presurvey,Introduction,1779310141,1,0,0
tlbdf8n9,29,6psbpx6d,6,presurvey,TrainingNeighbor_1,1779310144,1,0,0
tlbdf8n9,30,zl726zzw,0,,InitializeParticipant,1779310157,1,0,0
tlbdf8n9,29,6psbpx6d,7,presurvey,TrainingNeighbor_2,1779310180,1,0,0
tlbdf8n9,30,zl726zzw,1,presurvey,Introduction,1779310185,1,0,0
tlbdf8n9,29,6psbpx6d,10,presurvey,ExperimentInstruction,1779310201,1,0,0
tlbdf8n9,30,zl726zzw,2,presurvey,AudioCheck,1779310213,1,0,0
tlbdf8n9,16,cwplhyz1,13,mock_N08_N04_Aonly,GroupingWaitPage,1779310214,1,0,1
tlbdf8n9,16,cwplhyz1,14,mock_N08_N04_Aonly,GroupSizeWaitPage,1779310215,1,0,1
tlbdf8n9,16,cwplhyz1,15,mock_N08_N04_Aonly,AttentionCheck,1779310221,1,0,0
tlbdf8n9,26,9apbeslw,2,presurvey,AudioCheck,1779310233,1,0,0
tlbdf8n9,30,zl726zzw,3,presurvey,Demographics,1779310235,1,0,0
tlbdf8n9,30,zl726zzw,4,presurvey,NeighborhoodInstruction,1779310251,1,0,0
tlbdf8n9,30,zl726zzw,5,presurvey,Training,1779310279,1,0,0
tlbdf8n9,29,6psbpx6d,11,presurvey,Scenario,1779310283,1,0,0
tlbdf8n9,21,j5g64q3d,13,mock_N08_N04_Aonly,GroupingWaitPage,1779310290,1,0,1
tlbdf8n9,21,j5g64q3d,14,mock_N08_N04_Aonly,GroupSizeWaitPage,1779310291,1,0,1
tlbdf8n9,21,j5g64q3d,15,mock_N08_N04_Aonly,AttentionCheck,1779310302,1,0,0
tlbdf8n9,30,zl726zzw,6,presurvey,TrainingNeighbor_1,1779310315,1,0,0
tlbdf8n9,30,zl726zzw,7,presurvey,TrainingNeighbor_2,1779310324,1,0,0
tlbdf8n9,5,uuygqidg,13,mock_N08_N04_Aonly,GroupingWaitPage,1779310325,1,0,1
tlbdf8n9,5,uuygqidg,14,mock_N08_N04_Aonly,GroupSizeWaitPage,1779310325,1,0,1
tlbdf8n9,29,6psbpx6d,12,presurvey,Commitment,1779310333,1,0,0
tlbdf8n9,5,uuygqidg,15,mock_N08_N04_Aonly,AttentionCheck,1779310351,1,0,0
tlbdf8n9,26,9apbeslw,3,presurvey,Demographics,1779310363,1,0,0
tlbdf8n9,31,y6kleall,0,,InitializeParticipant,1779310445,1,0,0
tlbdf8n9,31,y6kleall,1,presurvey,Introduction,1779310451,1,0,0
tlbdf8n9,31,y6kleall,2,presurvey,AudioCheck,1779310469,1,0,0
tlbdf8n9,31,y6kleall,3,presurvey,Demographics,1779310478,1,0,0
tlbdf8n9,32,5j04l885,0,,InitializeParticipant,1779310498,1,0,0
tlbdf8n9,31,y6kleall,4,presurvey,NeighborhoodInstruction,1779310504,1,0,0
tlbdf8n9,26,9apbeslw,4,presurvey,NeighborhoodInstruction,1779310507,1,0,0
tlbdf8n9,32,5j04l885,1,presurvey,Introduction,1779310508,1,0,0
tlbdf8n9,33,80baiomp,0,,InitializeParticipant,1779310509,1,0,0
tlbdf8n9,32,5j04l885,2,presurvey,AudioCheck,1779310522,1,0,0
tlbdf8n9,31,y6kleall,5,presurvey,Training,1779310530,1,0,0
tlbdf8n9,32,5j04l885,3,presurvey,Demographics,1779310534,1,0,0
tlbdf8n9,33,80baiomp,1,presurvey,Introduction,1779310535,1,0,0
tlbdf8n9,30,zl726zzw,10,presurvey,ExperimentInstruction,1779310536,1,0,0
tlbdf8n9,32,5j04l885,4,presurvey,NeighborhoodInstruction,1779310546,1,0,0
tlbdf8n9,33,80baiomp,2,presurvey,AudioCheck,1779310556,1,0,0
tlbdf8n9,31,y6kleall,6,presurvey,TrainingNeighbor_1,1779310565,1,0,0
tlbdf8n9,33,80baiomp,3,presurvey,Demographics,1779310568,1,0,0
tlbdf8n9,32,5j04l885,5,presurvey,Training,1779310570,1,0,0
tlbdf8n9,31,y6kleall,10,presurvey,ExperimentInstruction,1779310574,1,0,0
tlbdf8n9,33,80baiomp,4,presurvey,NeighborhoodInstruction,1779310593,1,0,0
tlbdf8n9,32,5j04l885,6,presurvey,TrainingNeighbor_1,1779310622,1,0,0
tlbdf8n9,33,80baiomp,5,presurvey,Training,1779310624,1,0,0
tlbdf8n9,31,y6kleall,11,presurvey,Scenario,1779310631,1,0,0
tlbdf8n9,32,5j04l885,7,presurvey,TrainingNeighbor_2,1779310640,1,0,0
tlbdf8n9,33,80baiomp,6,presurvey,TrainingNeighbor_1,1779310651,1,0,0
tlbdf8n9,32,5j04l885,10,presurvey,ExperimentInstruction,1779310655,1,0,0
tlbdf8n9,33,80baiomp,10,presurvey,ExperimentInstruction,1779310662,1,0,0
tlbdf8n9,26,9apbeslw,5,presurvey,Training,1779310672,1,0,0
tlbdf8n9,32,5j04l885,11,presurvey,Scenario,1779310679,1,0,0
tlbdf8n9,33,80baiomp,11,presurvey,Scenario,1779310693,1,0,0
tlbdf8n9,30,zl726zzw,11,presurvey,Scenario,1779310699,1,0,0
tlbdf8n9,32,5j04l885,12,presurvey,Commitment,1779310706,1,0,0
tlbdf8n9,34,8anfjzmt,0,,InitializeParticipant,1779310744,1,0,0
tlbdf8n9,35,is9lrpbn,0,,InitializeParticipant,1779310776,1,0,0
tlbdf8n9,35,is9lrpbn,1,presurvey,Introduction,1779310781,1,0,0
tlbdf8n9,34,8anfjzmt,1,presurvey,Introduction,1779310781,1,0,0
tlbdf8n9,34,8anfjzmt,2,presurvey,AudioCheck,1779310791,1,0,0
tlbdf8n9,34,8anfjzmt,3,presurvey,Demographics,1779310800,1,0,0
tlbdf8n9,35,is9lrpbn,2,presurvey,AudioCheck,1779310805,1,0,0
tlbdf8n9,36,rknts5o0,0,,InitializeParticipant,1779310813,1,0,0
tlbdf8n9,34,8anfjzmt,4,presurvey,NeighborhoodInstruction,1779310813,1,0,0
tlbdf8n9,36,rknts5o0,1,presurvey,Introduction,1779310820,1,0,0
tlbdf8n9,35,is9lrpbn,3,presurvey,Demographics,1779310824,1,0,0
tlbdf8n9,37,8sm1u7i8,0,,InitializeParticipant,1779310826,1,0,0
tlbdf8n9,26,9apbeslw,6,presurvey,TrainingNeighbor_1,1779310833,1,0,0
tlbdf8n9,36,rknts5o0,2,presurvey,AudioCheck,1779310836,1,0,0
tlbdf8n9,37,8sm1u7i8,1,presurvey,Introduction,1779310842,1,0,0
tlbdf8n9,35,is9lrpbn,4,presurvey,NeighborhoodInstruction,1779310847,1,0,0
tlbdf8n9,26,9apbeslw,7,presurvey,TrainingNeighbor_2,1779310851,1,0,0
tlbdf8n9,37,8sm1u7i8,2,presurvey,AudioCheck,1779310855,1,0,0
tlbdf8n9,34,8anfjzmt,5,presurvey,Training,1779310860,1,0,0
tlbdf8n9,38,fybsm1o9,0,,InitializeParticipant,1779310862,1,0,0
tlbdf8n9,38,fybsm1o9,1,presurvey,Introduction,1779310868,1,0,0
tlbdf8n9,39,c0lhyzrs,0,,InitializeParticipant,1779310870,1,0,0
tlbdf8n9,40,ganz214n,0,,InitializeParticipant,1779310871,1,0,0
tlbdf8n9,37,8sm1u7i8,3,presurvey,Demographics,1779310872,1,0,0
tlbdf8n9,40,ganz214n,1,presurvey,Introduction,1779310874,1,0,0
tlbdf8n9,35,is9lrpbn,5,presurvey,Training,1779310875,1,0,0
tlbdf8n9,34,8anfjzmt,6,presurvey,TrainingNeighbor_1,1779310879,1,0,0
tlbdf8n9,38,fybsm1o9,2,presurvey,AudioCheck,1779310883,1,0,0
tlbdf8n9,41,9uhvyac5,0,,InitializeParticipant,1779310884,1,0,0
tlbdf8n9,26,9apbeslw,8,presurvey,AttentionCheck,1779310884,1,0,0
tlbdf8n9,41,9uhvyac5,1,presurvey,Introduction,1779310888,1,0,0
tlbdf8n9,34,8anfjzmt,10,presurvey,ExperimentInstruction,1779310889,1,0,0
tlbdf8n9,38,fybsm1o9,3,presurvey,Demographics,1779310891,1,0,0
tlbdf8n9,37,8sm1u7i8,4,presurvey,NeighborhoodInstruction,1779310893,1,0,0
tlbdf8n9,38,fybsm1o9,4,presurvey,NeighborhoodInstruction,1779310895,1,0,0
tlbdf8n9,40,ganz214n,2,presurvey,AudioCheck,1779310901,1,0,0
tlbdf8n9,39,c0lhyzrs,1,presurvey,Introduction,1779310907,1,0,0
tlbdf8n9,41,9uhvyac5,2,presurvey,AudioCheck,1779310907,1,0,0
tlbdf8n9,26,9apbeslw,9,presurvey,TrainingNeighbor_3,1779310907,1,0,0
tlbdf8n9,26,9apbeslw,10,presurvey,ExperimentInstruction,1779310913,1,0,0
tlbdf8n9,37,8sm1u7i8,5,presurvey,Training,1779310913,1,0,0
tlbdf8n9,35,is9lrpbn,6,presurvey,TrainingNeighbor_1,1779310920,1,0,0
tlbdf8n9,41,9uhvyac5,3,presurvey,Demographics,1779310920,1,0,0
tlbdf8n9,42,duxch94r,0,,InitializeParticipant,1779310921,1,0,0
tlbdf8n9,43,r46h074o,0,,InitializeParticipant,1779310925,1,0,0
tlbdf8n9,35,is9lrpbn,10,presurvey,ExperimentInstruction,1779310928,1,0,0
tlbdf8n9,41,9uhvyac5,4,presurvey,NeighborhoodInstruction,1779310929,1,0,0
tlbdf8n9,43,r46h074o,1,presurvey,Introduction,1779310931,1,0,0
tlbdf8n9,39,c0lhyzrs,2,presurvey,AudioCheck,1779310932,1,0,0
tlbdf8n9,38,fybsm1o9,5,presurvey,Training,1779310936,1,0,0
tlbdf8n9,44,69bstmrm,0,,InitializeParticipant,1779310946,1,0,0
tlbdf8n9,39,c0lhyzrs,3,presurvey,Demographics,1779310952,1,0,0
tlbdf8n9,41,9uhvyac5,5,presurvey,Training,1779310959,1,0,0
tlbdf8n9,45,qmld644k,0,,InitializeParticipant,1779310961,1,0,0
tlbdf8n9,38,fybsm1o9,6,presurvey,TrainingNeighbor_1,1779310962,1,0,0
tlbdf8n9,37,8sm1u7i8,6,presurvey,TrainingNeighbor_1,1779310963,1,0,0
tlbdf8n9,44,69bstmrm,1,presurvey,Introduction,1779310965,1,0,0
tlbdf8n9,35,is9lrpbn,11,presurvey,Scenario,1779310965,1,0,0
tlbdf8n9,38,fybsm1o9,10,presurvey,ExperimentInstruction,1779310972,1,0,0
tlbdf8n9,41,9uhvyac5,6,presurvey,TrainingNeighbor_1,1779310972,1,0,0
tlbdf8n9,34,8anfjzmt,11,presurvey,Scenario,1779310974,1,0,0
tlbdf8n9,39,c0lhyzrs,4,presurvey,NeighborhoodInstruction,1779310977,1,0,0
tlbdf8n9,45,qmld644k,1,presurvey,Introduction,1779310977,1,0,0
tlbdf8n9,41,9uhvyac5,10,presurvey,ExperimentInstruction,1779310978,1,0,0
tlbdf8n9,37,8sm1u7i8,7,presurvey,TrainingNeighbor_2,1779310979,1,0,0
tlbdf8n9,42,duxch94r,1,presurvey,Introduction,1779310982,1,0,0
tlbdf8n9,38,fybsm1o9,11,presurvey,Scenario,1779310989,1,0,0
tlbdf8n9,41,9uhvyac5,11,presurvey,Scenario,1779310990,1,0,0
tlbdf8n9,43,r46h074o,2,presurvey,AudioCheck,1779310990,1,0,0
tlbdf8n9,37,8sm1u7i8,10,presurvey,ExperimentInstruction,1779310992,1,0,0
tlbdf8n9,44,69bstmrm,2,presurvey,AudioCheck,1779310993,1,0,0
tlbdf8n9,46,h7bmzeii,0,,InitializeParticipant,1779310999,1,0,0
tlbdf8n9,44,69bstmrm,3,presurvey,Demographics,1779311003,1,0,0
tlbdf8n9,34,8anfjzmt,12,presurvey,Commitment,1779311004,1,0,0
tlbdf8n9,41,9uhvyac5,12,presurvey,Commitment,1779311010,1,0,0
tlbdf8n9,44,69bstmrm,4,presurvey,NeighborhoodInstruction,1779311012,1,0,0
tlbdf8n9,39,c0lhyzrs,5,presurvey,Training,1779311013,1,0,0
tlbdf8n9,46,h7bmzeii,1,presurvey,Introduction,1779311016,1,0,0
tlbdf8n9,38,fybsm1o9,12,presurvey,Commitment,1779311017,1,0,0
tlbdf8n9,43,r46h074o,3,presurvey,Demographics,1779311037,1,0,0
tlbdf8n9,47,hqop8mwi,0,,InitializeParticipant,1779311037,1,0,0
tlbdf8n9,44,69bstmrm,5,presurvey,Training,1779311039,1,0,0
tlbdf8n9,37,8sm1u7i8,11,presurvey,Scenario,1779311039,1,0,0
tlbdf8n9,25,2jgkn6hy,13,mock_N08_N04_Aonly,GroupingWaitPage,1779311046,1,0,1
tlbdf8n9,25,2jgkn6hy,14,mock_N08_N04_Aonly,GroupSizeWaitPage,1779311046,1,0,1
tlbdf8n9,47,hqop8mwi,1,presurvey,Introduction,1779311046,1,0,0
tlbdf8n9,46,h7bmzeii,2,presurvey,AudioCheck,1779311047,1,0,0
tlbdf8n9,45,qmld644k,2,presurvey,AudioCheck,1779311048,1,0,0
tlbdf8n9,39,c0lhyzrs,6,presurvey,TrainingNeighbor_1,1779311049,1,0,0
tlbdf8n9,48,zoc5opav,0,,InitializeParticipant,1779311050,1,0,0
tlbdf8n9,25,2jgkn6hy,15,mock_N08_N04_Aonly,AttentionCheck,1779311054,1,0,0
tlbdf8n9,39,c0lhyzrs,10,presurvey,ExperimentInstruction,1779311056,1,0,0
tlbdf8n9,49,ptvwrc93,0,,InitializeParticipant,1779311059,1,0,0
tlbdf8n9,44,69bstmrm,6,presurvey,TrainingNeighbor_1,1779311062,1,0,0
tlbdf8n9,44,69bstmrm,10,presurvey,ExperimentInstruction,1779311066,1,0,0
tlbdf8n9,37,8sm1u7i8,12,presurvey,Commitment,1779311068,1,0,0
tlbdf8n9,42,duxch94r,2,presurvey,AudioCheck,1779311071,1,0,0
tlbdf8n9,45,qmld644k,3,presurvey,Demographics,1779311071,1,0,0
tlbdf8n9,24,ncdqjemh,13,mock_N08_N04_Aonly,GroupingWaitPage,1779311076,1,0,1
tlbdf8n9,26,9apbeslw,11,presurvey,Scenario,1779311076,1,0,0
tlbdf8n9,24,ncdqjemh,14,mock_N08_N04_Aonly,GroupSizeWaitPage,1779311082,1,0,1
tlbdf8n9,46,h7bmzeii,3,presurvey,Demographics,1779311089,1,0,0
tlbdf8n9,24,ncdqjemh,15,mock_N08_N04_Aonly,AttentionCheck,1779311089,1,0,0
tlbdf8n9,44,69bstmrm,11,presurvey,Scenario,1779311091,1,0,0
tlbdf8n9,39,c0lhyzrs,11,presurvey,Scenario,1779311097,1,0,0
tlbdf8n9,49,ptvwrc93,1,presurvey,Introduction,1779311104,1,0,0
tlbdf8n9,48,zoc5opav,1,presurvey,Introduction,1779311104,1,0,0
tlbdf8n9,50,sdjecskj,0,,InitializeParticipant,1779311107,1,0,0
tlbdf8n9,50,sdjecskj,1,presurvey,Introduction,1779311110,1,0,0
tlbdf8n9,46,h7bmzeii,4,presurvey,NeighborhoodInstruction,1779311112,1,0,0
tlbdf8n9,43,r46h074o,4,presurvey,NeighborhoodInstruction,1779311116,1,0,0
tlbdf8n9,42,duxch94r,3,presurvey,Demographics,1779311117,1,0,0
tlbdf8n9,45,qmld644k,4,presurvey,NeighborhoodInstruction,1779311122,1,0,0
tlbdf8n9,50,sdjecskj,2,presurvey,AudioCheck,1779311133,1,0,0
tlbdf8n9,49,ptvwrc93,2,presurvey,AudioCheck,1779311136,1,0,0
tlbdf8n9,46,h7bmzeii,5,presurvey,Training,1779311143,1,0,0
tlbdf8n9,50,sdjecskj,3,presurvey,Demographics,1779311144,1,0,0
tlbdf8n9,49,ptvwrc93,3,presurvey,Demographics,1779311149,1,0,0
tlbdf8n9,51,ropqc9yr,0,,InitializeParticipant,1779311164,1,0,0
tlbdf8n9,45,qmld644k,5,presurvey,Training,1779311169,1,0,0
tlbdf8n9,48,zoc5opav,2,presurvey,AudioCheck,1779311172,1,0,0
tlbdf8n9,43,r46h074o,5,presurvey,Training,1779311174,1,0,0
tlbdf8n9,51,ropqc9yr,1,presurvey,Introduction,1779311177,1,0,0
tlbdf8n9,42,duxch94r,4,presurvey,NeighborhoodInstruction,1779311182,1,0,0
tlbdf8n9,49,ptvwrc93,4,presurvey,NeighborhoodInstruction,1779311182,1,0,0
tlbdf8n9,47,hqop8mwi,2,presurvey,AudioCheck,1779311187,1,0,0
tlbdf8n9,46,h7bmzeii,6,presurvey,TrainingNeighbor_1,1779311193,1,0,0
tlbdf8n9,51,ropqc9yr,2,presurvey,AudioCheck,1779311194,1,0,0
tlbdf8n9,46,h7bmzeii,10,presurvey,ExperimentInstruction,1779311200,1,0,0
tlbdf8n9,51,ropqc9yr,3,presurvey,Demographics,1779311206,1,0,0
tlbdf8n9,49,ptvwrc93,5,presurvey,Training,1779311213,1,0,0
tlbdf8n9,48,zoc5opav,3,presurvey,Demographics,1779311222,1,0,0
tlbdf8n9,42,duxch94r,5,presurvey,Training,1779311227,1,0,0
tlbdf8n9,46,h7bmzeii,11,presurvey,Scenario,1779311231,1,0,0
tlbdf8n9,51,ropqc9yr,4,presurvey,NeighborhoodInstruction,1779311239,1,0,0
tlbdf8n9,52,hovd740y,0,,InitializeParticipant,1779311245,1,0,0
tlbdf8n9,52,hovd740y,1,presurvey,Introduction,1779311250,1,0,0
tlbdf8n9,51,ropqc9yr,5,presurvey,Training,1779311264,1,0,0
tlbdf8n9,46,h7bmzeii,12,presurvey,Commitment,1779311265,1,0,0
tlbdf8n9,50,sdjecskj,4,presurvey,NeighborhoodInstruction,1779311265,1,0,0
tlbdf8n9,43,r46h074o,6,presurvey,TrainingNeighbor_1,1779311269,1,0,0
tlbdf8n9,45,qmld644k,6,presurvey,TrainingNeighbor_1,1779311274,1,0,0
tlbdf8n9,52,hovd740y,2,presurvey,AudioCheck,1779311275,1,0,0
tlbdf8n9,49,ptvwrc93,6,presurvey,TrainingNeighbor_1,1779311276,1,0,0
tlbdf8n9,50,sdjecskj,5,presurvey,Training,1779311278,1,0,0
tlbdf8n9,45,qmld644k,10,presurvey,ExperimentInstruction,1779311282,1,0,0
tlbdf8n9,49,ptvwrc93,10,presurvey,ExperimentInstruction,1779311284,1,0,0
tlbdf8n9,43,r46h074o,10,presurvey,ExperimentInstruction,1779311287,1,0,0
tlbdf8n9,52,hovd740y,3,presurvey,Demographics,1779311289,1,0,0
tlbdf8n9,51,ropqc9yr,6,presurvey,TrainingNeighbor_1,1779311297,1,0,0
tlbdf8n9,51,ropqc9yr,10,presurvey,ExperimentInstruction,1779311301,1,0,0
tlbdf8n9,48,zoc5opav,4,presurvey,NeighborhoodInstruction,1779311302,1,0,0
tlbdf8n9,50,sdjecskj,6,presurvey,TrainingNeighbor_1,1779311303,1,0,0
tlbdf8n9,52,hovd740y,4,presurvey,NeighborhoodInstruction,1779311310,1,0,0
tlbdf8n9,50,sdjecskj,10,presurvey,ExperimentInstruction,1779311313,1,0,0
tlbdf8n9,53,4acalp9x,0,,InitializeParticipant,1779311314,1,0,0
tlbdf8n9,49,ptvwrc93,11,presurvey,Scenario,1779311331,1,0,0
tlbdf8n9,52,hovd740y,5,presurvey,Training,1779311338,1,0,0
tlbdf8n9,51,ropqc9yr,11,presurvey,Scenario,1779311348,1,0,0
tlbdf8n9,50,sdjecskj,11,presurvey,Scenario,1779311354,1,0,0
tlbdf8n9,43,r46h074o,11,presurvey,Scenario,1779311367,1,0,0
tlbdf8n9,52,hovd740y,6,presurvey,TrainingNeighbor_1,1779311373,1,0,0
tlbdf8n9,52,hovd740y,10,presurvey,ExperimentInstruction,1779311380,1,0,0
tlbdf8n9,50,sdjecskj,12,presurvey,Commitment,1779311381,1,0,0
tlbdf8n9,42,duxch94r,6,presurvey,TrainingNeighbor_1,1779311387,1,0,0
tlbdf8n9,54,ayq9h7yr,0,,InitializeParticipant,1779311387,1,0,0
tlbdf8n9,48,zoc5opav,5,presurvey,Training,1779311393,1,0,0
tlbdf8n9,54,ayq9h7yr,1,presurvey,Introduction,1779311394,1,0,0
tlbdf8n9,54,ayq9h7yr,2,presurvey,AudioCheck,1779311400,1,0,0
tlbdf8n9,54,ayq9h7yr,3,presurvey,Demographics,1779311411,1,0,0
tlbdf8n9,54,ayq9h7yr,4,presurvey,NeighborhoodInstruction,1779311413,1,0,0
tlbdf8n9,52,hovd740y,11,presurvey,Scenario,1779311416,1,0,0
tlbdf8n9,55,s6yswig2,0,,InitializeParticipant,1779311417,1,0,0
tlbdf8n9,53,4acalp9x,1,presurvey,Introduction,1779311428,1,0,0
tlbdf8n9,54,ayq9h7yr,5,presurvey,Training,1779311431,1,0,0
tlbdf8n9,55,s6yswig2,1,presurvey,Introduction,1779311432,1,0,0
tlbdf8n9,42,duxch94r,10,presurvey,ExperimentInstruction,1779311435,1,0,0
tlbdf8n9,56,jlbjr31i,0,,InitializeParticipant,1779311438,1,0,0
tlbdf8n9,57,jbg9v5iy,0,,InitializeParticipant,1779311443,1,0,0
tlbdf8n9,55,s6yswig2,2,presurvey,AudioCheck,1779311447,1,0,0
tlbdf8n9,57,jbg9v5iy,1,presurvey,Introduction,1779311448,1,0,0
tlbdf8n9,53,4acalp9x,2,presurvey,AudioCheck,1779311451,1,0,0
tlbdf8n9,56,jlbjr31i,1,presurvey,Introduction,1779311454,1,0,0
tlbdf8n9,58,vhphkk4e,0,,InitializeParticipant,1779311455,1,0,0
tlbdf8n9,52,hovd740y,12,presurvey,Commitment,1779311456,1,0,0
tlbdf8n9,55,s6yswig2,3,presurvey,Demographics,1779311457,1,0,0
tlbdf8n9,54,ayq9h7yr,6,presurvey,TrainingNeighbor_1,1779311459,1,0,0
tlbdf8n9,54,ayq9h7yr,7,presurvey,TrainingNeighbor_2,1779311463,1,0,0
tlbdf8n9,55,s6yswig2,4,presurvey,NeighborhoodInstruction,1779311464,1,0,0
tlbdf8n9,53,4acalp9x,3,presurvey,Demographics,1779311466,1,0,0
tlbdf8n9,54,ayq9h7yr,8,presurvey,AttentionCheck,1779311470,1,0,0
tlbdf8n9,56,jlbjr31i,2,presurvey,AudioCheck,1779311476,1,0,0
tlbdf8n9,54,ayq9h7yr,9,presurvey,TrainingNeighbor_3,1779311476,1,0,0
tlbdf8n9,54,ayq9h7yr,10,presurvey,ExperimentInstruction,1779311478,1,0,0
tlbdf8n9,57,jbg9v5iy,2,presurvey,AudioCheck,1779311479,1,0,0
tlbdf8n9,55,s6yswig2,5,presurvey,Training,1779311483,1,0,0
tlbdf8n9,58,vhphkk4e,1,presurvey,Introduction,1779311484,1,0,0
tlbdf8n9,53,4acalp9x,4,presurvey,NeighborhoodInstruction,1779311487,1,0,0
tlbdf8n9,54,ayq9h7yr,11,presurvey,Scenario,1779311495,1,0,0
tlbdf8n9,56,jlbjr31i,3,presurvey,Demographics,1779311504,1,0,0
tlbdf8n9,55,s6yswig2,6,presurvey,TrainingNeighbor_1,1779311508,1,0,0
tlbdf8n9,58,vhphkk4e,2,presurvey,AudioCheck,1779311511,1,0,0
tlbdf8n9,55,s6yswig2,10,presurvey,ExperimentInstruction,1779311514,1,0,0
tlbdf8n9,56,jlbjr31i,4,presurvey,NeighborhoodInstruction,1779311516,1,0,0
tlbdf8n9,57,jbg9v5iy,3,presurvey,Demographics,1779311521,1,0,0
tlbdf8n9,57,jbg9v5iy,4,presurvey,NeighborhoodInstruction,1779311525,1,0,0
tlbdf8n9,55,s6yswig2,11,presurvey,Scenario,1779311528,1,0,0
tlbdf8n9,48,zoc5opav,6,presurvey,TrainingNeighbor_1,1779311530,1,0,0
tlbdf8n9,53,4acalp9x,5,presurvey,Training,1779311531,1,0,0
tlbdf8n9,57,jbg9v5iy,5,presurvey,Training,1779311541,1,0,0
tlbdf8n9,56,jlbjr31i,5,presurvey,Training,1779311547,1,0,0
tlbdf8n9,55,s6yswig2,12,presurvey,Commitment,1779311548,1,0,0
tlbdf8n9,57,jbg9v5iy,6,presurvey,TrainingNeighbor_1,1779311556,1,0,0
tlbdf8n9,48,zoc5opav,7,presurvey,TrainingNeighbor_2,1779311557,1,0,0
tlbdf8n9,59,8ad9vdyb,0,,InitializeParticipant,1779311559,1,0,0
tlbdf8n9,58,vhphkk4e,3,presurvey,Demographics,1779311560,1,0,0
tlbdf8n9,57,jbg9v5iy,10,presurvey,ExperimentInstruction,1779311561,1,0,0
tlbdf8n9,57,jbg9v5iy,11,presurvey,Scenario,1779311569,1,0,0
tlbdf8n9,59,8ad9vdyb,1,presurvey,Introduction,1779311569,1,0,0
tlbdf8n9,53,4acalp9x,6,presurvey,TrainingNeighbor_1,1779311569,1,0,0
tlbdf8n9,42,duxch94r,11,presurvey,Scenario,1779311573,1,0,0
tlbdf8n9,53,4acalp9x,10,presurvey,ExperimentInstruction,1779311580,1,0,0
tlbdf8n9,58,vhphkk4e,4,presurvey,NeighborhoodInstruction,1779311584,1,0,0
tlbdf8n9,57,jbg9v5iy,12,presurvey,Commitment,1779311586,1,0,0
tlbdf8n9,60,vqjtkn63,0,,InitializeParticipant,1779311586,1,0,0
tlbdf8n9,48,zoc5opav,10,presurvey,ExperimentInstruction,1779311589,1,0,0
tlbdf8n9,60,vqjtkn63,1,presurvey,Introduction,1779311591,1,0,0
tlbdf8n9,56,jlbjr31i,6,presurvey,TrainingNeighbor_1,1779311595,1,0,0
tlbdf8n9,61,bib5suz7,0,,InitializeParticipant,1779311600,1,0,0
tlbdf8n9,61,bib5suz7,1,presurvey,Introduction,1779311605,1,0,0
tlbdf8n9,60,vqjtkn63,2,presurvey,AudioCheck,1779311608,1,0,0
tlbdf8n9,56,jlbjr31i,7,presurvey,TrainingNeighbor_2,1779311614,1,0,0
tlbdf8n9,59,8ad9vdyb,2,presurvey,AudioCheck,1779311616,1,0,0
tlbdf8n9,61,bib5suz7,2,presurvey,AudioCheck,1779311619,1,0,0
tlbdf8n9,56,jlbjr31i,10,presurvey,ExperimentInstruction,1779311621,1,0,0
tlbdf8n9,53,4acalp9x,11,presurvey,Scenario,1779311625,1,0,0
tlbdf8n9,60,vqjtkn63,3,presurvey,Demographics,1779311631,1,0,0
tlbdf8n9,58,vhphkk4e,5,presurvey,Training,1779311632,1,0,0
tlbdf8n9,61,bib5suz7,3,presurvey,Demographics,1779311632,1,0,0
tlbdf8n9,59,8ad9vdyb,3,presurvey,Demographics,1779311639,1,0,0
tlbdf8n9,61,bib5suz7,4,presurvey,NeighborhoodInstruction,1779311642,1,0,0
tlbdf8n9,60,vqjtkn63,4,presurvey,NeighborhoodInstruction,1779311652,1,0,0
tlbdf8n9,56,jlbjr31i,11,presurvey,Scenario,1779311657,1,0,0
tlbdf8n9,58,vhphkk4e,6,presurvey,TrainingNeighbor_1,1779311658,1,0,0
tlbdf8n9,59,8ad9vdyb,4,presurvey,NeighborhoodInstruction,1779311661,1,0,0
tlbdf8n9,42,duxch94r,12,presurvey,Commitment,1779311665,1,0,0
tlbdf8n9,61,bib5suz7,5,presurvey,Training,1779311672,1,0,0
tlbdf8n9,60,vqjtkn63,5,presurvey,Training,1779311683,1,0,0
tlbdf8n9,48,zoc5opav,11,presurvey,Scenario,1779311687,1,0,0
tlbdf8n9,62,idsfeeop,0,,InitializeParticipant,1779311689,1,0,0
tlbdf8n9,58,vhphkk4e,10,presurvey,ExperimentInstruction,1779311690,1,0,0
tlbdf8n9,63,rg51234y,0,,InitializeParticipant,1779311696,1,0,0
tlbdf8n9,61,bib5suz7,6,presurvey,TrainingNeighbor_1,1779311696,1,0,0
tlbdf8n9,59,8ad9vdyb,5,presurvey,Training,1779311699,1,0,0
tlbdf8n9,61,bib5suz7,10,presurvey,ExperimentInstruction,1779311699,1,0,0
tlbdf8n9,63,rg51234y,1,presurvey,Introduction,1779311701,1,0,0
tlbdf8n9,61,bib5suz7,11,presurvey,Scenario,1779311709,1,0,0
tlbdf8n9,60,vqjtkn63,6,presurvey,TrainingNeighbor_1,1779311721,1,0,0
tlbdf8n9,60,vqjtkn63,10,presurvey,ExperimentInstruction,1779311727,1,0,0
tlbdf8n9,58,vhphkk4e,11,presurvey,Scenario,1779311730,1,0,0
tlbdf8n9,59,8ad9vdyb,6,presurvey,TrainingNeighbor_1,1779311736,1,0,0
tlbdf8n9,56,jlbjr31i,12,presurvey,Commitment,1779311738,1,0,0
tlbdf8n9,63,rg51234y,2,presurvey,AudioCheck,1779311740,1,0,0
tlbdf8n9,59,8ad9vdyb,7,presurvey,TrainingNeighbor_2,1779311754,1,0,0
tlbdf8n9,59,8ad9vdyb,10,presurvey,ExperimentInstruction,1779311761,1,0,0
tlbdf8n9,63,rg51234y,3,presurvey,Demographics,1779311763,1,0,0
tlbdf8n9,60,vqjtkn63,11,presurvey,Scenario,1779311764,1,0,0
tlbdf8n9,64,qz5mft1f,0,,InitializeParticipant,1779311773,1,0,0
tlbdf8n9,62,idsfeeop,1,presurvey,Introduction,1779311788,1,0,0
tlbdf8n9,65,jj3a2rmi,0,,InitializeParticipant,1779311789,1,0,0
tlbdf8n9,66,yst9bjez,0,,InitializeParticipant,1779311790,1,0,0
tlbdf8n9,64,qz5mft1f,1,presurvey,Introduction,1779311791,1,0,0
tlbdf8n9,65,jj3a2rmi,1,presurvey,Introduction,1779311793,1,0,0
tlbdf8n9,59,8ad9vdyb,11,presurvey,Scenario,1779311798,1,0,0
tlbdf8n9,58,vhphkk4e,12,presurvey,Commitment,1779311806,1,0,0
tlbdf8n9,65,jj3a2rmi,2,presurvey,AudioCheck,1779311808,1,0,0
tlbdf8n9,67,grjn45ca,0,,InitializeParticipant,1779311810,1,0,0
tlbdf8n9,64,qz5mft1f,2,presurvey,AudioCheck,1779311810,1,0,0
tlbdf8n9,66,yst9bjez,1,presurvey,Introduction,1779311814,1,0,0
tlbdf8n9,65,jj3a2rmi,3,presurvey,Demographics,1779311820,1,0,0
tlbdf8n9,67,grjn45ca,1,presurvey,Introduction,1779311826,1,0,0
tlbdf8n9,66,yst9bjez,2,presurvey,AudioCheck,1779311831,1,0,0
tlbdf8n9,48,zoc5opav,12,presurvey,Commitment,1779311831,1,0,0
tlbdf8n9,65,jj3a2rmi,4,presurvey,NeighborhoodInstruction,1779311833,1,0,0
tlbdf8n9,64,qz5mft1f,3,presurvey,Demographics,1779311834,1,0,0
tlbdf8n9,68,p8l1zal1,0,,InitializeParticipant,1779311837,1,0,0
tlbdf8n9,62,idsfeeop,2,presurvey,AudioCheck,1779311837,1,0,0
tlbdf8n9,67,grjn45ca,2,presurvey,AudioCheck,1779311839,1,0,0
tlbdf8n9,66,yst9bjez,3,presurvey,Demographics,1779311840,1,0,0
tlbdf8n9,66,yst9bjez,4,presurvey,NeighborhoodInstruction,1779311846,1,0,0
tlbdf8n9,67,grjn45ca,3,presurvey,Demographics,1779311847,1,0,0
tlbdf8n9,32,5j04l885,13,mock_N08_N04_Aonly,GroupingWaitPage,1779311850,1,0,1
tlbdf8n9,64,qz5mft1f,4,presurvey,NeighborhoodInstruction,1779311851,1,0,0
tlbdf8n9,32,5j04l885,14,mock_N08_N04_Aonly,GroupSizeWaitPage,1779311851,1,0,1
tlbdf8n9,32,5j04l885,15,mock_N08_N04_Aonly,AttentionCheck,1779311857,1,0,0
tlbdf8n9,65,jj3a2rmi,5,presurvey,Training,1779311859,1,0,0
tlbdf8n9,63,rg51234y,4,presurvey,NeighborhoodInstruction,1779311859,1,0,0
tlbdf8n9,67,grjn45ca,4,presurvey,NeighborhoodInstruction,1779311862,1,0,0
tlbdf8n9,69,9tdkg63w,0,,InitializeParticipant,1779311869,1,0,0
tlbdf8n9,64,qz5mft1f,5,presurvey,Training,1779311869,1,0,0
tlbdf8n9,66,yst9bjez,5,presurvey,Training,1779311872,1,0,0
tlbdf8n9,65,jj3a2rmi,6,presurvey,TrainingNeighbor_1,1779311878,1,0,0
tlbdf8n9,65,jj3a2rmi,10,presurvey,ExperimentInstruction,1779311881,1,0,0
tlbdf8n9,69,9tdkg63w,1,presurvey,Introduction,1779311886,1,0,0
tlbdf8n9,68,p8l1zal1,1,presurvey,Introduction,1779311886,1,0,0
tlbdf8n9,67,grjn45ca,5,presurvey,Training,1779311887,1,0,0
tlbdf8n9,70,vpyqgnbm,0,,InitializeParticipant,1779311902,1,0,0
tlbdf8n9,66,yst9bjez,6,presurvey,TrainingNeighbor_1,1779311905,1,0,0
tlbdf8n9,66,yst9bjez,10,presurvey,ExperimentInstruction,1779311910,1,0,0
tlbdf8n9,67,grjn45ca,6,presurvey,TrainingNeighbor_1,1779311910,1,0,0
tlbdf8n9,63,rg51234y,5,presurvey,Training,1779311910,1,0,0
tlbdf8n9,64,qz5mft1f,6,presurvey,TrainingNeighbor_1,1779311914,1,0,0
tlbdf8n9,65,jj3a2rmi,11,presurvey,Scenario,1779311915,1,0,0
tlbdf8n9,64,qz5mft1f,10,presurvey,ExperimentInstruction,1779311916,1,0,0
tlbdf8n9,67,grjn45ca,10,presurvey,ExperimentInstruction,1779311921,1,0,0
tlbdf8n9,70,vpyqgnbm,1,presurvey,Introduction,1779311924,1,0,0
tlbdf8n9,66,yst9bjez,11,presurvey,Scenario,1779311925,1,0,0
tlbdf8n9,69,9tdkg63w,2,presurvey,AudioCheck,1779311928,1,0,0
tlbdf8n9,71,hsdufc9b,0,,InitializeParticipant,1779311945,1,0,0
tlbdf8n9,68,p8l1zal1,2,presurvey,AudioCheck,1779311947,1,0,0
tlbdf8n9,67,grjn45ca,11,presurvey,Scenario,1779311947,1,0,0
tlbdf8n9,71,hsdufc9b,1,presurvey,Introduction,1779311948,1,0,0
tlbdf8n9,69,9tdkg63w,3,presurvey,Demographics,1779311949,1,0,0
tlbdf8n9,71,hsdufc9b,2,presurvey,AudioCheck,1779311959,1,0,0
tlbdf8n9,65,jj3a2rmi,12,presurvey,Commitment,1779311961,1,0,0
tlbdf8n9,63,rg51234y,6,presurvey,TrainingNeighbor_1,1779311961,1,0,0
tlbdf8n9,68,p8l1zal1,3,presurvey,Demographics,1779311968,1,0,0
tlbdf8n9,66,yst9bjez,12,presurvey,Commitment,1779311970,1,0,0
tlbdf8n9,71,hsdufc9b,3,presurvey,Demographics,1779311977,1,0,0
tlbdf8n9,64,qz5mft1f,11,presurvey,Scenario,1779311979,1,0,0
tlbdf8n9,67,grjn45ca,12,presurvey,Commitment,1779311981,1,0,0
tlbdf8n9,69,9tdkg63w,4,presurvey,NeighborhoodInstruction,1779311988,1,0,0
tlbdf8n9,71,hsdufc9b,4,presurvey,NeighborhoodInstruction,1779311989,1,0,0
tlbdf8n9,63,rg51234y,10,presurvey,ExperimentInstruction,1779311996,1,0,0
tlbdf8n9,68,p8l1zal1,4,presurvey,NeighborhoodInstruction,1779311997,1,0,0
tlbdf8n9,62,idsfeeop,3,presurvey,Demographics,1779311999,1,0,0
tlbdf8n9,64,qz5mft1f,12,presurvey,Commitment,1779312000,1,0,0
tlbdf8n9,71,hsdufc9b,5,presurvey,Training,1779312008,1,0,0
tlbdf8n9,69,9tdkg63w,5,presurvey,Training,1779312016,1,0,0
tlbdf8n9,72,ydqydvz5,0,,InitializeParticipant,1779312017,1,0,0
tlbdf8n9,72,ydqydvz5,1,presurvey,Introduction,1779312028,1,0,0
tlbdf8n9,69,9tdkg63w,6,presurvey,TrainingNeighbor_1,1779312035,1,0,0
tlbdf8n9,71,hsdufc9b,6,presurvey,TrainingNeighbor_1,1779312037,1,0,0
tlbdf8n9,71,hsdufc9b,7,presurvey,TrainingNeighbor_2,1779312040,1,0,0
tlbdf8n9,71,hsdufc9b,10,presurvey,ExperimentInstruction,1779312043,1,0,0
tlbdf8n9,68,p8l1zal1,5,presurvey,Training,1779312046,1,0,0
tlbdf8n9,69,9tdkg63w,7,presurvey,TrainingNeighbor_2,1779312049,1,0,0
tlbdf8n9,69,9tdkg63w,10,presurvey,ExperimentInstruction,1779312058,1,0,0
tlbdf8n9,72,ydqydvz5,2,presurvey,AudioCheck,1779312062,1,0,0
tlbdf8n9,63,rg51234y,11,presurvey,Scenario,1779312065,1,0,0
tlbdf8n9,71,hsdufc9b,11,presurvey,Scenario,1779312071,1,0,0
tlbdf8n9,70,vpyqgnbm,2,presurvey,AudioCheck,1779312081,1,0,0
tlbdf8n9,69,9tdkg63w,11,presurvey,Scenario,1779312087,1,0,0
tlbdf8n9,72,ydqydvz5,3,presurvey,Demographics,1779312088,1,0,0
tlbdf8n9,73,b97c7qhi,0,,InitializeParticipant,1779312091,1,0,0
tlbdf8n9,72,ydqydvz5,4,presurvey,NeighborhoodInstruction,1779312097,1,0,0
tlbdf8n9,70,vpyqgnbm,3,presurvey,Demographics,1779312099,1,0,0
tlbdf8n9,74,tjpeawiu,0,,InitializeParticipant,1779312100,1,0,0
tlbdf8n9,74,tjpeawiu,1,presurvey,Introduction,1779312103,1,0,0
tlbdf8n9,68,p8l1zal1,6,presurvey,TrainingNeighbor_1,1779312106,1,0,0
tlbdf8n9,71,hsdufc9b,12,presurvey,Commitment,1779312106,1,0,0
tlbdf8n9,68,p8l1zal1,10,presurvey,ExperimentInstruction,1779312115,1,0,0
tlbdf8n9,73,b97c7qhi,1,presurvey,Introduction,1779312115,1,0,0
tlbdf8n9,73,b97c7qhi,2,presurvey,AudioCheck,1779312135,1,0,0
tlbdf8n9,74,tjpeawiu,2,presurvey,AudioCheck,1779312138,1,0,0
tlbdf8n9,74,tjpeawiu,3,presurvey,Demographics,1779312149,1,0,0
tlbdf8n9,41,9uhvyac5,13,mock_N08_N04_Aonly,GroupingWaitPage,1779312150,1,0,1
tlbdf8n9,41,9uhvyac5,14,mock_N08_N04_Aonly,GroupSizeWaitPage,1779312152,1,0,1
tlbdf8n9,70,vpyqgnbm,4,presurvey,NeighborhoodInstruction,1779312156,1,0,0
tlbdf8n9,73,b97c7qhi,3,presurvey,Demographics,1779312156,1,0,0
tlbdf8n9,38,fybsm1o9,13,mock_N08_N04_Aonly,GroupingWaitPage,1779312158,1,0,1
tlbdf8n9,38,fybsm1o9,14,mock_N08_N04_Aonly,GroupSizeWaitPage,1779312159,1,0,1
tlbdf8n9,68,p8l1zal1,11,presurvey,Scenario,1779312161,1,0,0
tlbdf8n9,38,fybsm1o9,15,mock_N08_N04_Aonly,AttentionCheck,1779312164,1,0,0
tlbdf8n9,41,9uhvyac5,15,mock_N08_N04_Aonly,AttentionCheck,1779312165,1,0,0
tlbdf8n9,72,ydqydvz5,5,presurvey,Training,1779312168,1,0,0
tlbdf8n9,69,9tdkg63w,12,presurvey,Commitment,1779312170,1,0,0
tlbdf8n9,74,tjpeawiu,4,presurvey,NeighborhoodInstruction,1779312179,1,0,0
tlbdf8n9,34,8anfjzmt,13,mock_N08_N04_Aonly,GroupingWaitPage,1779312207,1,0,1
tlbdf8n9,70,vpyqgnbm,5,presurvey,Training,1779312207,1,0,0
tlbdf8n9,37,8sm1u7i8,13,mock_N08_N04_Aonly,GroupingWaitPage,1779312208,1,0,1
tlbdf8n9,34,8anfjzmt,14,mock_N08_N04_Aonly,GroupSizeWaitPage,1779312208,1,0,1
tlbdf8n9,37,8sm1u7i8,14,mock_N08_N04_Aonly,GroupSizeWaitPage,1779312209,1,0,1
tlbdf8n9,34,8anfjzmt,15,mock_N08_N04_Aonly,AttentionCheck,1779312213,1,0,0
tlbdf8n9,37,8sm1u7i8,15,mock_N08_N04_Aonly,AttentionCheck,1779312215,1,0,0
tlbdf8n9,62,idsfeeop,4,presurvey,NeighborhoodInstruction,1779312240,1,0,0
tlbdf8n9,74,tjpeawiu,5,presurvey,Training,1779312247,1,0,0
tlbdf8n9,68,p8l1zal1,12,presurvey,Commitment,1779312248,1,0,0
tlbdf8n9,70,vpyqgnbm,6,presurvey,TrainingNeighbor_1,1779312250,1,0,0
tlbdf8n9,75,949rxs5o,0,,InitializeParticipant,1779312263,1,0,0
tlbdf8n9,76,m3320ls1,0,,InitializeParticipant,1779312268,1,0,0
tlbdf8n9,70,vpyqgnbm,10,presurvey,ExperimentInstruction,1779312276,1,0,0
tlbdf8n9,76,m3320ls1,1,presurvey,Introduction,1779312280,1,0,0
tlbdf8n9,75,949rxs5o,1,presurvey,Introduction,1779312288,1,0,0
tlbdf8n9,74,tjpeawiu,6,presurvey,TrainingNeighbor_1,1779312290,1,0,0
tlbdf8n9,74,tjpeawiu,10,presurvey,ExperimentInstruction,1779312293,1,0,0
tlbdf8n9,76,m3320ls1,2,presurvey,AudioCheck,1779312296,1,0,0
tlbdf8n9,77,v86dboxb,0,,InitializeParticipant,1779312302,1,0,0
tlbdf8n9,78,txx2li56,0,,InitializeParticipant,1779312303,1,0,0
tlbdf8n9,75,949rxs5o,2,presurvey,AudioCheck,1779312304,1,0,0
tlbdf8n9,79,qyk6m4av,0,,InitializeParticipant,1779312305,1,0,0
tlbdf8n9,78,txx2li56,1,presurvey,Introduction,1779312308,1,0,0
tlbdf8n9,79,qyk6m4av,1,presurvey,Introduction,1779312311,1,0,0
tlbdf8n9,76,m3320ls1,3,presurvey,Demographics,1779312311,1,0,0
tlbdf8n9,77,v86dboxb,1,presurvey,Introduction,1779312312,1,0,0
tlbdf8n9,72,ydqydvz5,6,presurvey,TrainingNeighbor_1,1779312315,1,0,0
tlbdf8n9,75,949rxs5o,3,presurvey,Demographics,1779312319,1,0,0
tlbdf8n9,72,ydqydvz5,10,presurvey,ExperimentInstruction,1779312321,1,0,0
tlbdf8n9,80,kyr3p8gf,0,,InitializeParticipant,1779312322,1,0,0
tlbdf8n9,79,qyk6m4av,2,presurvey,AudioCheck,1779312324,1,0,0
tlbdf8n9,76,m3320ls1,4,presurvey,NeighborhoodInstruction,1779312325,1,0,0
tlbdf8n9,75,949rxs5o,4,presurvey,NeighborhoodInstruction,1779312326,1,0,0
tlbdf8n9,81,sn16gjmx,0,,InitializeParticipant,1779312329,1,0,0
tlbdf8n9,70,vpyqgnbm,11,presurvey,Scenario,1779312330,1,0,0
tlbdf8n9,79,qyk6m4av,3,presurvey,Demographics,1779312334,1,0,0
tlbdf8n9,78,txx2li56,2,presurvey,AudioCheck,1779312334,1,0,0
tlbdf8n9,77,v86dboxb,2,presurvey,AudioCheck,1779312337,1,0,0
tlbdf8n9,80,kyr3p8gf,1,presurvey,Introduction,1779312338,1,0,0
tlbdf8n9,62,idsfeeop,5,presurvey,Training,1779312339,1,0,0
tlbdf8n9,81,sn16gjmx,1,presurvey,Introduction,1779312342,1,0,0
tlbdf8n9,79,qyk6m4av,4,presurvey,NeighborhoodInstruction,1779312345,1,0,0
tlbdf8n9,75,949rxs5o,5,presurvey,Training,1779312346,1,0,0
tlbdf8n9,79,qyk6m4av,5,presurvey,Training,1779312352,1,0,0
tlbdf8n9,82,d5qxknfe,0,,InitializeParticipant,1779312354,1,0,0
tlbdf8n9,73,b97c7qhi,4,presurvey,NeighborhoodInstruction,1779312358,1,0,0
tlbdf8n9,76,m3320ls1,5,presurvey,Training,1779312360,1,0,0
tlbdf8n9,83,ibewcso2,0,,InitializeParticipant,1779312364,1,0,0
tlbdf8n9,74,tjpeawiu,11,presurvey,Scenario,1779312365,1,0,0
tlbdf8n9,82,d5qxknfe,1,presurvey,Introduction,1779312369,1,0,0
tlbdf8n9,80,kyr3p8gf,2,presurvey,AudioCheck,1779312373,1,0,0
tlbdf8n9,70,vpyqgnbm,12,presurvey,Commitment,1779312373,1,0,0
tlbdf8n9,83,ibewcso2,1,presurvey,Introduction,1779312379,1,0,0
tlbdf8n9,72,ydqydvz5,11,presurvey,Scenario,1779312379,1,0,0
tlbdf8n9,75,949rxs5o,6,presurvey,TrainingNeighbor_1,1779312386,1,0,0
tlbdf8n9,80,kyr3p8gf,3,presurvey,Demographics,1779312386,1,0,0
tlbdf8n9,81,sn16gjmx,2,presurvey,AudioCheck,1779312388,1,0,0
tlbdf8n9,79,qyk6m4av,6,presurvey,TrainingNeighbor_1,1779312390,1,0,0
tlbdf8n9,76,m3320ls1,6,presurvey,TrainingNeighbor_1,1779312392,1,0,0
tlbdf8n9,74,tjpeawiu,12,presurvey,Commitment,1779312394,1,0,0
tlbdf8n9,76,m3320ls1,10,presurvey,ExperimentInstruction,1779312396,1,0,0
tlbdf8n9,75,949rxs5o,10,presurvey,ExperimentInstruction,1779312397,1,0,0
tlbdf8n9,77,v86dboxb,3,presurvey,Demographics,1779312404,1,0,0
tlbdf8n9,46,h7bmzeii,13,mock_N08_N04_Aonly,GroupingWaitPage,1779312406,1,0,1
tlbdf8n9,46,h7bmzeii,14,mock_N08_N04_Aonly,GroupSizeWaitPage,1779312408,1,0,1
tlbdf8n9,83,ibewcso2,2,presurvey,AudioCheck,1779312408,1,0,0
tlbdf8n9,78,txx2li56,3,presurvey,Demographics,1779312411,1,0,0
tlbdf8n9,46,h7bmzeii,15,mock_N08_N04_Aonly,AttentionCheck,1779312413,1,0,0
tlbdf8n9,81,sn16gjmx,3,presurvey,Demographics,1779312417,1,0,0
tlbdf8n9,79,qyk6m4av,7,presurvey,TrainingNeighbor_2,1779312418,1,0,0
tlbdf8n9,75,949rxs5o,11,presurvey,Scenario,1779312420,1,0,0
tlbdf8n9,80,kyr3p8gf,4,presurvey,NeighborhoodInstruction,1779312421,1,0,0
tlbdf8n9,73,b97c7qhi,5,presurvey,Training,1779312428,1,0,0
tlbdf8n9,83,ibewcso2,3,presurvey,Demographics,1779312428,1,0,0
tlbdf8n9,78,txx2li56,4,presurvey,NeighborhoodInstruction,1779312429,1,0,0
tlbdf8n9,76,m3320ls1,11,presurvey,Scenario,1779312430,1,0,0
tlbdf8n9,79,qyk6m4av,8,presurvey,AttentionCheck,1779312436,1,0,0
tlbdf8n9,77,v86dboxb,4,presurvey,NeighborhoodInstruction,1779312441,1,0,0
tlbdf8n9,83,ibewcso2,4,presurvey,NeighborhoodInstruction,1779312444,1,0,0
tlbdf8n9,80,kyr3p8gf,5,presurvey,Training,1779312457,1,0,0
tlbdf8n9,81,sn16gjmx,4,presurvey,NeighborhoodInstruction,1779312459,1,0,0
tlbdf8n9,83,ibewcso2,5,presurvey,Training,1779312462,1,0,0
tlbdf8n9,73,b97c7qhi,6,presurvey,TrainingNeighbor_1,1779312469,1,0,0
tlbdf8n9,62,idsfeeop,6,presurvey,TrainingNeighbor_1,1779312471,1,0,0
tlbdf8n9,78,txx2li56,5,presurvey,Training,1779312478,1,0,0
tlbdf8n9,73,b97c7qhi,7,presurvey,TrainingNeighbor_2,1779312480,1,0,0
tlbdf8n9,79,qyk6m4av,9,presurvey,TrainingNeighbor_3,1779312486,1,0,0
tlbdf8n9,79,qyk6m4av,10,presurvey,ExperimentInstruction,1779312489,1,0,0
tlbdf8n9,45,qmld644k,11,presurvey,Scenario,1779312491,1,0,0
tlbdf8n9,80,kyr3p8gf,6,presurvey,TrainingNeighbor_1,1779312494,1,0,0
tlbdf8n9,83,ibewcso2,6,presurvey,TrainingNeighbor_1,1779312498,1,0,0
tlbdf8n9,73,b97c7qhi,10,presurvey,ExperimentInstruction,1779312500,1,0,0
tlbdf8n9,75,949rxs5o,12,presurvey,Commitment,1779312500,1,0,0
tlbdf8n9,77,v86dboxb,5,presurvey,Training,1779312506,1,0,0
tlbdf8n9,81,sn16gjmx,5,presurvey,Training,1779312506,1,0,0
tlbdf8n9,80,kyr3p8gf,10,presurvey,ExperimentInstruction,1779312506,1,0,0
tlbdf8n9,79,qyk6m4av,11,presurvey,Scenario,1779312507,1,0,0
tlbdf8n9,83,ibewcso2,10,presurvey,ExperimentInstruction,1779312511,1,0,0
tlbdf8n9,78,txx2li56,6,presurvey,TrainingNeighbor_1,1779312532,1,0,0
tlbdf8n9,80,kyr3p8gf,11,presurvey,Scenario,1779312540,1,0,0
tlbdf8n9,83,ibewcso2,11,presurvey,Scenario,1779312542,1,0,0
tlbdf8n9,78,txx2li56,7,presurvey,TrainingNeighbor_2,1779312551,1,0,0
tlbdf8n9,45,qmld644k,12,presurvey,Commitment,1779312556,1,0,0
tlbdf8n9,81,sn16gjmx,6,presurvey,TrainingNeighbor_1,1779312558,1,0,0
tlbdf8n9,73,b97c7qhi,11,presurvey,Scenario,1779312560,1,0,0
tlbdf8n9,78,txx2li56,10,presurvey,ExperimentInstruction,1779312560,1,0,0
tlbdf8n9,77,v86dboxb,6,presurvey,TrainingNeighbor_1,1779312564,1,0,0
tlbdf8n9,81,sn16gjmx,7,presurvey,TrainingNeighbor_2,1779312572,1,0,0
tlbdf8n9,81,sn16gjmx,10,presurvey,ExperimentInstruction,1779312580,1,0,0
tlbdf8n9,77,v86dboxb,10,presurvey,ExperimentInstruction,1779312585,1,0,0
tlbdf8n9,80,kyr3p8gf,12,presurvey,Commitment,1779312587,1,0,0
tlbdf8n9,48,zoc5opav,13,mock_N08_N04_Aonly,GroupingWaitPage,1779312588,1,0,1
tlbdf8n9,52,hovd740y,13,mock_N08_N04_Aonly,GroupingWaitPage,1779312588,1,0,1
tlbdf8n9,58,vhphkk4e,13,mock_N08_N04_Aonly,GroupingWaitPage,1779312588,1,0,1
tlbdf8n9,68,p8l1zal1,13,mock_N08_N04_Aonly,GroupingWaitPage,1779312588,1,0,1
tlbdf8n9,69,9tdkg63w,13,mock_N08_N04_Aonly,GroupingWaitPage,1779312588,1,0,1
tlbdf8n9,71,hsdufc9b,13,mock_N08_N04_Aonly,GroupingWaitPage,1779312588,1,0,1
tlbdf8n9,74,tjpeawiu,13,mock_N08_N04_Aonly,GroupingWaitPage,1779312588,1,0,1
tlbdf8n9,80,kyr3p8gf,13,mock_N08_N04_Aonly,GroupingWaitPage,1779312588,1,0,1
tlbdf8n9,48,zoc5opav,14,mock_N08_N04_Aonly,GroupSizeWaitPage,1779312589,1,0,1
tlbdf8n9,52,hovd740y,14,mock_N08_N04_Aonly,GroupSizeWaitPage,1779312589,1,0,1
tlbdf8n9,58,vhphkk4e,14,mock_N08_N04_Aonly,GroupSizeWaitPage,1779312589,1,0,1
tlbdf8n9,68,p8l1zal1,14,mock_N08_N04_Aonly,GroupSizeWaitPage,1779312589,1,0,1
tlbdf8n9,69,9tdkg63w,14,mock_N08_N04_Aonly,GroupSizeWaitPage,1779312589,1,0,1
tlbdf8n9,71,hsdufc9b,14,mock_N08_N04_Aonly,GroupSizeWaitPage,1779312589,1,0,1
tlbdf8n9,74,tjpeawiu,14,mock_N08_N04_Aonly,GroupSizeWaitPage,1779312589,1,0,1
tlbdf8n9,80,kyr3p8gf,14,mock_N08_N04_Aonly,GroupSizeWaitPage,1779312589,1,0,1
tlbdf8n9,48,zoc5opav,16,mock_N08_N04_Aonly,DiscussionGRPWaitPage,1779312594,1,0,1
tlbdf8n9,52,hovd740y,16,mock_N08_N04_Aonly,DiscussionGRPWaitPage,1779312594,1,0,1
tlbdf8n9,58,vhphkk4e,16,mock_N08_N04_Aonly,DiscussionGRPWaitPage,1779312594,1,0,1
tlbdf8n9,68,p8l1zal1,16,mock_N08_N04_Aonly,DiscussionGRPWaitPage,1779312594,1,0,1
tlbdf8n9,69,9tdkg63w,16,mock_N08_N04_Aonly,DiscussionGRPWaitPage,1779312594,1,0,1
tlbdf8n9,71,hsdufc9b,16,mock_N08_N04_Aonly,DiscussionGRPWaitPage,1779312594,1,0,1
tlbdf8n9,74,tjpeawiu,16,mock_N08_N04_Aonly,DiscussionGRPWaitPage,1779312594,1,0,1
tlbdf8n9,80,kyr3p8gf,16,mock_N08_N04_Aonly,DiscussionGRPWaitPage,1779312594,1,0,1
tlbdf8n9,73,b97c7qhi,12,presurvey,Commitment,1779312612,1,0,0
tlbdf8n9,71,hsdufc9b,17,mock_N08_N04_Aonly,Nudge,1779312612,1,0,0
tlbdf8n9,74,tjpeawiu,17,mock_N08_N04_Aonly,Nudge,1779312613,1,0,0
tlbdf8n9,68,p8l1zal1,17,mock_N08_N04_Aonly,Nudge,1779312614,1,0,0
tlbdf8n9,52,hovd740y,17,mock_N08_N04_Aonly,Nudge,1779312615,1,0,0
tlbdf8n9,80,kyr3p8gf,17,mock_N08_N04_Aonly,Nudge,1779312615,1,0,0
tlbdf8n9,78,txx2li56,11,presurvey,Scenario,1779312622,1,0,0
tlbdf8n9,71,hsdufc9b,18,mock_N08_N04_Aonly,NudgeTraining,1779312628,1,0,0
tlbdf8n9,80,kyr3p8gf,18,mock_N08_N04_Aonly,NudgeTraining,1779312628,1,0,0
tlbdf8n9,52,hovd740y,18,mock_N08_N04_Aonly,NudgeTraining,1779312628,1,0,0
tlbdf8n9,58,vhphkk4e,17,mock_N08_N04_Aonly,Nudge,1779312628,1,0,0
tlbdf8n9,74,tjpeawiu,18,mock_N08_N04_Aonly,NudgeTraining,1779312629,1,0,0
tlbdf8n9,69,9tdkg63w,17,mock_N08_N04_Aonly,Nudge,1779312631,1,0,0
tlbdf8n9,74,tjpeawiu,19,mock_N08_N04_Aonly,NudgeTrainingLast,1779312631,1,0,0
tlbdf8n9,83,ibewcso2,12,presurvey,Commitment,1779312632,1,0,0
tlbdf8n9,81,sn16gjmx,11,presurvey,Scenario,1779312634,1,0,0
tlbdf8n9,52,hovd740y,19,mock_N08_N04_Aonly,NudgeTrainingLast,1779312634,1,0,0
tlbdf8n9,77,v86dboxb,11,presurvey,Scenario,1779312634,1,0,0
tlbdf8n9,68,p8l1zal1,18,mock_N08_N04_Aonly,NudgeTraining,1779312635,1,0,0
tlbdf8n9,74,tjpeawiu,20,mock_N08_N04_Aonly,Phase3,1779312639,1,0,0
tlbdf8n9,80,kyr3p8gf,19,mock_N08_N04_Aonly,NudgeTrainingLast,1779312639,1,0,0
tlbdf8n9,71,hsdufc9b,19,mock_N08_N04_Aonly,NudgeTrainingLast,1779312639,1,0,0
tlbdf8n9,48,zoc5opav,17,mock_N08_N04_Aonly,Nudge,1779312649,1,0,0
tlbdf8n9,52,hovd740y,20,mock_N08_N04_Aonly,Phase3,1779312650,1,0,0
tlbdf8n9,71,hsdufc9b,20,mock_N08_N04_Aonly,Phase3,1779312650,1,0,0
tlbdf8n9,74,tjpeawiu,21,mock_N08_N04_Aonly,Discussion,1779312651,1,0,0
tlbdf8n9,69,9tdkg63w,18,mock_N08_N04_Aonly,NudgeTraining,1779312651,1,0,0
tlbdf8n9,68,p8l1zal1,19,mock_N08_N04_Aonly,NudgeTrainingLast,1779312652,1,0,0
tlbdf8n9,58,vhphkk4e,18,mock_N08_N04_Aonly,NudgeTraining,1779312654,1,0,0
tlbdf8n9,52,hovd740y,21,mock_N08_N04_Aonly,Discussion,1779312660,1,0,0
tlbdf8n9,84,t6wvosla,0,,InitializeParticipant,1779312662,1,0,0
tlbdf8n9,71,hsdufc9b,21,mock_N08_N04_Aonly,Discussion,1779312665,1,0,0
tlbdf8n9,69,9tdkg63w,19,mock_N08_N04_Aonly,NudgeTrainingLast,1779312666,1,0,0
tlbdf8n9,80,kyr3p8gf,20,mock_N08_N04_Aonly,Phase3,1779312666,1,0,0
tlbdf8n9,84,t6wvosla,1,presurvey,Introduction,1779312667,1,0,0
tlbdf8n9,58,vhphkk4e,19,mock_N08_N04_Aonly,NudgeTrainingLast,1779312667,1,0,0
tlbdf8n9,80,kyr3p8gf,21,mock_N08_N04_Aonly,Discussion,1779312677,1,0,0
tlbdf8n9,85,87bzt8rw,0,,InitializeParticipant,1779312679,1,0,0
tlbdf8n9,62,idsfeeop,10,presurvey,ExperimentInstruction,1779312684,1,0,0
tlbdf8n9,85,87bzt8rw,1,presurvey,Introduction,1779312685,1,0,0
tlbdf8n9,68,p8l1zal1,20,mock_N08_N04_Aonly,Phase3,1779312687,1,0,0
tlbdf8n9,55,s6yswig2,13,mock_N08_N04_Aonly,GroupingWaitPage,1779312689,1,0,1
tlbdf8n9,84,t6wvosla,2,presurvey,AudioCheck,1779312689,1,0,0
tlbdf8n9,55,s6yswig2,14,mock_N08_N04_Aonly,GroupSizeWaitPage,1779312689,1,0,1
tlbdf8n9,58,vhphkk4e,20,mock_N08_N04_Aonly,Phase3,1779312691,1,0,0
tlbdf8n9,55,s6yswig2,15,mock_N08_N04_Aonly,AttentionCheck,1779312695,1,0,0
tlbdf8n9,69,9tdkg63w,20,mock_N08_N04_Aonly,Phase3,1779312697,1,0,0
tlbdf8n9,86,1kobaiue,0,,InitializeParticipant,1779312698,1,0,0
tlbdf8n9,77,v86dboxb,12,presurvey,Commitment,1779312699,1,0,0
tlbdf8n9,81,sn16gjmx,12,presurvey,Commitment,1779312701,1,0,0
tlbdf8n9,86,1kobaiue,1,presurvey,Introduction,1779312703,1,0,0
tlbdf8n9,48,zoc5opav,18,mock_N08_N04_Aonly,NudgeTraining,1779312703,1,0,0
tlbdf8n9,68,p8l1zal1,21,mock_N08_N04_Aonly,Discussion,1779312704,1,0,0
tlbdf8n9,84,t6wvosla,3,presurvey,Demographics,1779312706,1,0,0
tlbdf8n9,69,9tdkg63w,21,mock_N08_N04_Aonly,Discussion,1779312710,1,0,0
tlbdf8n9,84,t6wvosla,4,presurvey,NeighborhoodInstruction,1779312712,1,0,0
tlbdf8n9,79,qyk6m4av,12,presurvey,Commitment,1779312713,1,0,0
tlbdf8n9,58,vhphkk4e,21,mock_N08_N04_Aonly,Discussion,1779312719,1,0,0
tlbdf8n9,48,zoc5opav,19,mock_N08_N04_Aonly,NudgeTrainingLast,1779312721,1,0,0
tlbdf8n9,86,1kobaiue,2,presurvey,AudioCheck,1779312729,1,0,0
tlbdf8n9,84,t6wvosla,5,presurvey,Training,1779312734,1,0,0
tlbdf8n9,62,idsfeeop,11,presurvey,Scenario,1779312743,1,0,0
tlbdf8n9,48,zoc5opav,20,mock_N08_N04_Aonly,Phase3,1779312748,1,0,0
tlbdf8n9,86,1kobaiue,3,presurvey,Demographics,1779312762,1,0,0
tlbdf8n9,87,5tzejkzs,0,,InitializeParticipant,1779312764,1,0,0
tlbdf8n9,84,t6wvosla,6,presurvey,TrainingNeighbor_1,1779312776,1,0,0
tlbdf8n9,84,t6wvosla,10,presurvey,ExperimentInstruction,1779312780,1,0,0
tlbdf8n9,88,897db8ru,0,,InitializeParticipant,1779312787,1,0,0
tlbdf8n9,86,1kobaiue,4,presurvey,NeighborhoodInstruction,1779312794,1,0,0
tlbdf8n9,42,duxch94r,13,mock_N08_N04_Aonly,GroupingWaitPage,1779312805,1,0,1
tlbdf8n9,84,t6wvosla,11,presurvey,Scenario,1779312805,1,0,0
tlbdf8n9,88,897db8ru,1,presurvey,Introduction,1779312806,1,0,0
tlbdf8n9,42,duxch94r,14,mock_N08_N04_Aonly,GroupSizeWaitPage,1779312806,1,0,1
tlbdf8n9,42,duxch94r,15,mock_N08_N04_Aonly,AttentionCheck,1779312812,1,0,0
tlbdf8n9,62,idsfeeop,12,presurvey,Commitment,1779312814,1,0,0
tlbdf8n9,89,wys8g5c0,0,,InitializeParticipant,1779312818,1,0,0
tlbdf8n9,85,87bzt8rw,2,presurvey,AudioCheck,1779312819,1,0,0
tlbdf8n9,84,t6wvosla,12,presurvey,Commitment,1779312822,1,0,0
tlbdf8n9,88,897db8ru,2,presurvey,AudioCheck,1779312825,1,0,0
tlbdf8n9,86,1kobaiue,5,presurvey,Training,1779312833,1,0,0
tlbdf8n9,87,5tzejkzs,1,presurvey,Introduction,1779312837,1,0,0
tlbdf8n9,85,87bzt8rw,3,presurvey,Demographics,1779312844,1,0,0
tlbdf8n9,48,zoc5opav,21,mock_N08_N04_Aonly,Discussion,1779312844,1,1,0
tlbdf8n9,88,897db8ru,3,presurvey,Demographics,1779312844,1,0,0
tlbdf8n9,48,zoc5opav,28,mock_N08_N04_Aonly,DiscussionGRPWaitPage,1779312844,2,0,1
tlbdf8n9,52,hovd740y,28,mock_N08_N04_Aonly,DiscussionGRPWaitPage,1779312844,2,0,1
tlbdf8n9,58,vhphkk4e,28,mock_N08_N04_Aonly,DiscussionGRPWaitPage,1779312844,2,0,1
tlbdf8n9,68,p8l1zal1,28,mock_N08_N04_Aonly,DiscussionGRPWaitPage,1779312844,2,0,1
tlbdf8n9,69,9tdkg63w,28,mock_N08_N04_Aonly,DiscussionGRPWaitPage,1779312844,2,0,1
tlbdf8n9,71,hsdufc9b,28,mock_N08_N04_Aonly,DiscussionGRPWaitPage,1779312844,2,0,1
tlbdf8n9,74,tjpeawiu,28,mock_N08_N04_Aonly,DiscussionGRPWaitPage,1779312844,2,0,1
tlbdf8n9,80,kyr3p8gf,28,mock_N08_N04_Aonly,DiscussionGRPWaitPage,1779312844,2,0,1
tlbdf8n9,90,wsm3th57,0,,InitializeParticipant,1779312849,1,0,0
tlbdf8n9,80,kyr3p8gf,33,mock_N08_N04_Aonly,Discussion,1779312856,2,0,0
tlbdf8n9,90,wsm3th57,1,presurvey,Introduction,1779312857,1,0,0
tlbdf8n9,71,hsdufc9b,33,mock_N08_N04_Aonly,Discussion,1779312857,2,0,0
tlbdf8n9,52,hovd740y,33,mock_N08_N04_Aonly,Discussion,1779312858,2,0,0
tlbdf8n9,69,9tdkg63w,33,mock_N08_N04_Aonly,Discussion,1779312860,2,0,0
tlbdf8n9,68,p8l1zal1,33,mock_N08_N04_Aonly,Discussion,1779312860,2,0,0
tlbdf8n9,58,vhphkk4e,33,mock_N08_N04_Aonly,Discussion,1779312865,2,0,0
tlbdf8n9,88,897db8ru,4,presurvey,NeighborhoodInstruction,1779312866,1,0,0
tlbdf8n9,90,wsm3th57,2,presurvey,AudioCheck,1779312871,1,0,0
tlbdf8n9,56,jlbjr31i,13,mock_N08_N04_Aonly,GroupingWaitPage,1779312880,1,0,1
tlbdf8n9,90,wsm3th57,3,presurvey,Demographics,1779312886,1,0,0
tlbdf8n9,56,jlbjr31i,14,mock_N08_N04_Aonly,GroupSizeWaitPage,1779312887,1,0,1
tlbdf8n9,90,wsm3th57,4,presurvey,NeighborhoodInstruction,1779312889,1,0,0
tlbdf8n9,74,tjpeawiu,33,mock_N08_N04_Aonly,Discussion,1779312891,2,1,0
tlbdf8n9,88,897db8ru,5,presurvey,Training,1779312898,1,0,0
tlbdf8n9,48,zoc5opav,33,mock_N08_N04_Aonly,Discussion,1779312899,2,1,0
tlbdf8n9,48,zoc5opav,40,mock_N08_N04_Aonly,DiscussionGRPWaitPage,1779312899,3,0,1
tlbdf8n9,52,hovd740y,40,mock_N08_N04_Aonly,DiscussionGRPWaitPage,1779312899,3,0,1
tlbdf8n9,58,vhphkk4e,40,mock_N08_N04_Aonly,DiscussionGRPWaitPage,1779312899,3,0,1
tlbdf8n9,68,p8l1zal1,40,mock_N08_N04_Aonly,DiscussionGRPWaitPage,1779312899,3,0,1
tlbdf8n9,69,9tdkg63w,40,mock_N08_N04_Aonly,DiscussionGRPWaitPage,1779312899,3,0,1
tlbdf8n9,71,hsdufc9b,40,mock_N08_N04_Aonly,DiscussionGRPWaitPage,1779312899,3,0,1
tlbdf8n9,74,tjpeawiu,40,mock_N08_N04_Aonly,DiscussionGRPWaitPage,1779312899,3,0,1
tlbdf8n9,80,kyr3p8gf,40,mock_N08_N04_Aonly,DiscussionGRPWaitPage,1779312899,3,0,1
tlbdf8n9,80,kyr3p8gf,45,mock_N08_N04_Aonly,Discussion,1779312904,3,0,0
tlbdf8n9,52,hovd740y,45,mock_N08_N04_Aonly,Discussion,1779312907,3,0,0
tlbdf8n9,74,tjpeawiu,45,mock_N08_N04_Aonly,Discussion,1779312908,3,0,0
tlbdf8n9,56,jlbjr31i,15,mock_N08_N04_Aonly,AttentionCheck,1779312909,1,0,0
tlbdf8n9,86,1kobaiue,6,presurvey,TrainingNeighbor_1,1779312911,1,0,0
tlbdf8n9,71,hsdufc9b,45,mock_N08_N04_Aonly,Discussion,1779312916,3,0,0
tlbdf8n9,69,9tdkg63w,45,mock_N08_N04_Aonly,Discussion,1779312918,3,0,0
tlbdf8n9,68,p8l1zal1,45,mock_N08_N04_Aonly,Discussion,1779312919,3,0,0
tlbdf8n9,85,87bzt8rw,4,presurvey,NeighborhoodInstruction,1779312925,1,0,0
tlbdf8n9,90,wsm3th57,5,presurvey,Training,1779312932,1,0,0
tlbdf8n9,91,ujugvr40,0,,InitializeParticipant,1779312938,1,0,0
tlbdf8n9,58,vhphkk4e,45,mock_N08_N04_Aonly,Discussion,1779312939,3,0,0
tlbdf8n9,86,1kobaiue,7,presurvey,TrainingNeighbor_2,1779312940,1,0,0
tlbdf8n9,91,ujugvr40,1,presurvey,Introduction,1779312943,1,0,0
tlbdf8n9,89,wys8g5c0,1,presurvey,Introduction,1779312944,1,0,0
tlbdf8n9,86,1kobaiue,10,presurvey,ExperimentInstruction,1779312949,1,0,0
tlbdf8n9,48,zoc5opav,45,mock_N08_N04_Aonly,Discussion,1779312950,3,1,0
tlbdf8n9,48,zoc5opav,52,mock_N08_N04_Aonly,DiscussionGRPWaitPage,1779312950,4,0,1
tlbdf8n9,52,hovd740y,52,mock_N08_N04_Aonly,DiscussionGRPWaitPage,1779312950,4,0,1
tlbdf8n9,58,vhphkk4e,52,mock_N08_N04_Aonly,DiscussionGRPWaitPage,1779312950,4,0,1
tlbdf8n9,68,p8l1zal1,52,mock_N08_N04_Aonly,DiscussionGRPWaitPage,1779312950,4,0,1
tlbdf8n9,69,9tdkg63w,52,mock_N08_N04_Aonly,DiscussionGRPWaitPage,1779312950,4,0,1
tlbdf8n9,71,hsdufc9b,52,mock_N08_N04_Aonly,DiscussionGRPWaitPage,1779312950,4,0,1
tlbdf8n9,74,tjpeawiu,52,mock_N08_N04_Aonly,DiscussionGRPWaitPage,1779312950,4,0,1
tlbdf8n9,80,kyr3p8gf,52,mock_N08_N04_Aonly,DiscussionGRPWaitPage,1779312950,4,0,1
tlbdf8n9,71,hsdufc9b,57,mock_N08_N04_Aonly,Discussion,1779312956,4,0,0
tlbdf8n9,52,hovd740y,57,mock_N08_N04_Aonly,Discussion,1779312958,4,0,0
tlbdf8n9,69,9tdkg63w,57,mock_N08_N04_Aonly,Discussion,1779312958,4,0,0
tlbdf8n9,68,p8l1zal1,57,mock_N08_N04_Aonly,Discussion,1779312960,4,0,0
tlbdf8n9,91,ujugvr40,2,presurvey,AudioCheck,1779312960,1,0,0
tlbdf8n9,80,kyr3p8gf,57,mock_N08_N04_Aonly,Discussion,1779312962,4,0,0
tlbdf8n9,58,vhphkk4e,57,mock_N08_N04_Aonly,Discussion,1779312967,4,0,0
tlbdf8n9,90,wsm3th57,6,presurvey,TrainingNeighbor_1,1779312979,1,0,0
tlbdf8n9,74,tjpeawiu,57,mock_N08_N04_Aonly,Discussion,1779312987,4,0,0
tlbdf8n9,92,acqk7c8p,0,,InitializeParticipant,1779312989,1,0,0
tlbdf8n9,86,1kobaiue,11,presurvey,Scenario,1779312992,1,0,0
tlbdf8n9,88,897db8ru,6,presurvey,TrainingNeighbor_1,1779312995,1,0,0
tlbdf8n9,91,ujugvr40,3,presurvey,Demographics,1779312996,1,0,0
tlbdf8n9,48,zoc5opav,57,mock_N08_N04_Aonly,Discussion,1779313004,4,1,0
tlbdf8n9,48,zoc5opav,64,mock_N08_N04_Aonly,DiscussionGRPWaitPage,1779313005,5,0,1
tlbdf8n9,52,hovd740y,64,mock_N08_N04_Aonly,DiscussionGRPWaitPage,1779313005,5,0,1
tlbdf8n9,58,vhphkk4e,64,mock_N08_N04_Aonly,DiscussionGRPWaitPage,1779313005,5,0,1
tlbdf8n9,68,p8l1zal1,64,mock_N08_N04_Aonly,DiscussionGRPWaitPage,1779313005,5,0,1
tlbdf8n9,69,9tdkg63w,64,mock_N08_N04_Aonly,DiscussionGRPWaitPage,1779313005,5,0,1
tlbdf8n9,71,hsdufc9b,64,mock_N08_N04_Aonly,DiscussionGRPWaitPage,1779313005,5,0,1
tlbdf8n9,74,tjpeawiu,64,mock_N08_N04_Aonly,DiscussionGRPWaitPage,1779313005,5,0,1
tlbdf8n9,80,kyr3p8gf,64,mock_N08_N04_Aonly,DiscussionGRPWaitPage,1779313005,5,0,1
tlbdf8n9,92,acqk7c8p,1,presurvey,Introduction,1779313005,1,0,0
tlbdf8n9,89,wys8g5c0,2,presurvey,AudioCheck,1779313007,1,0,0
tlbdf8n9,52,hovd740y,69,mock_N08_N04_Aonly,Discussion,1779313010,5,0,0
tlbdf8n9,68,p8l1zal1,69,mock_N08_N04_Aonly,Discussion,1779313011,5,0,0
tlbdf8n9,58,vhphkk4e,69,mock_N08_N04_Aonly,Discussion,1779313011,5,0,0
tlbdf8n9,69,9tdkg63w,69,mock_N08_N04_Aonly,Discussion,1779313013,5,0,0
tlbdf8n9,93,47aajsep,0,,InitializeParticipant,1779313016,1,0,0
tlbdf8n9,80,kyr3p8gf,69,mock_N08_N04_Aonly,Discussion,1779313017,5,0,0
tlbdf8n9,90,wsm3th57,10,presurvey,ExperimentInstruction,1779313018,1,0,0
tlbdf8n9,71,hsdufc9b,69,mock_N08_N04_Aonly,Discussion,1779313019,5,0,0
tlbdf8n9,88,897db8ru,10,presurvey,ExperimentInstruction,1779313019,1,0,0
tlbdf8n9,74,tjpeawiu,69,mock_N08_N04_Aonly,Discussion,1779313019,5,0,0
tlbdf8n9,89,wys8g5c0,3,presurvey,Demographics,1779313023,1,0,0
tlbdf8n9,89,wys8g5c0,4,presurvey,NeighborhoodInstruction,1779313025,1,0,0
tlbdf8n9,85,87bzt8rw,5,presurvey,Training,1779313028,1,0,0
tlbdf8n9,91,ujugvr40,4,presurvey,NeighborhoodInstruction,1779313031,1,0,0
tlbdf8n9,93,47aajsep,1,presurvey,Introduction,1779313037,1,0,0
tlbdf8n9,94,zlzirxf4,0,,InitializeParticipant,1779313038,1,0,0
tlbdf8n9,94,zlzirxf4,1,presurvey,Introduction,1779313040,1,0,0
tlbdf8n9,48,zoc5opav,69,mock_N08_N04_Aonly,Discussion,1779313041,5,1,0
tlbdf8n9,48,zoc5opav,76,mock_N08_N04_Aonly,DiscussionGRPWaitPage,1779313041,6,0,1
tlbdf8n9,52,hovd740y,76,mock_N08_N04_Aonly,DiscussionGRPWaitPage,1779313041,6,0,1
tlbdf8n9,58,vhphkk4e,76,mock_N08_N04_Aonly,DiscussionGRPWaitPage,1779313041,6,0,1
tlbdf8n9,68,p8l1zal1,76,mock_N08_N04_Aonly,DiscussionGRPWaitPage,1779313041,6,0,1
tlbdf8n9,69,9tdkg63w,76,mock_N08_N04_Aonly,DiscussionGRPWaitPage,1779313041,6,0,1
tlbdf8n9,71,hsdufc9b,76,mock_N08_N04_Aonly,DiscussionGRPWaitPage,1779313041,6,0,1
tlbdf8n9,74,tjpeawiu,76,mock_N08_N04_Aonly,DiscussionGRPWaitPage,1779313041,6,0,1
tlbdf8n9,80,kyr3p8gf,76,mock_N08_N04_Aonly,DiscussionGRPWaitPage,1779313041,6,0,1
tlbdf8n9,90,wsm3th57,11,presurvey,Scenario,1779313042,1,0,0
tlbdf8n9,52,hovd740y,81,mock_N08_N04_Aonly,Discussion,1779313046,6,0,0
tlbdf8n9,71,hsdufc9b,81,mock_N08_N04_Aonly,Discussion,1779313048,6,0,0
tlbdf8n9,68,p8l1zal1,81,mock_N08_N04_Aonly,Discussion,1779313050,6,0,0
tlbdf8n9,74,tjpeawiu,81,mock_N08_N04_Aonly,Discussion,1779313050,6,0,0
tlbdf8n9,58,vhphkk4e,81,mock_N08_N04_Aonly,Discussion,1779313050,6,0,0
tlbdf8n9,94,zlzirxf4,2,presurvey,AudioCheck,1779313051,1,0,0
tlbdf8n9,80,kyr3p8gf,81,mock_N08_N04_Aonly,Discussion,1779313053,6,0,0
tlbdf8n9,88,897db8ru,11,presurvey,Scenario,1779313054,1,0,0
tlbdf8n9,89,wys8g5c0,5,presurvey,Training,1779313060,1,0,0
tlbdf8n9,93,47aajsep,2,presurvey,AudioCheck,1779313061,1,0,0
tlbdf8n9,90,wsm3th57,12,presurvey,Commitment,1779313063,1,0,0
tlbdf8n9,86,1kobaiue,12,presurvey,Commitment,1779313067,1,0,0
tlbdf8n9,69,9tdkg63w,81,mock_N08_N04_Aonly,Discussion,1779313069,6,0,0
tlbdf8n9,94,zlzirxf4,3,presurvey,Demographics,1779313070,1,0,0
tlbdf8n9,94,zlzirxf4,4,presurvey,NeighborhoodInstruction,1779313072,1,0,0
tlbdf8n9,48,zoc5opav,81,mock_N08_N04_Aonly,Discussion,1779313077,6,1,0
tlbdf8n9,48,zoc5opav,88,mock_N08_N04_Aonly,DiscussionGRPWaitPage,1779313077,7,0,1
tlbdf8n9,52,hovd740y,88,mock_N08_N04_Aonly,DiscussionGRPWaitPage,1779313077,7,0,1
tlbdf8n9,58,vhphkk4e,88,mock_N08_N04_Aonly,DiscussionGRPWaitPage,1779313077,7,0,1
tlbdf8n9,68,p8l1zal1,88,mock_N08_N04_Aonly,DiscussionGRPWaitPage,1779313077,7,0,1
tlbdf8n9,69,9tdkg63w,88,mock_N08_N04_Aonly,DiscussionGRPWaitPage,1779313077,7,0,1
tlbdf8n9,71,hsdufc9b,88,mock_N08_N04_Aonly,DiscussionGRPWaitPage,1779313077,7,0,1
tlbdf8n9,74,tjpeawiu,88,mock_N08_N04_Aonly,DiscussionGRPWaitPage,1779313077,7,0,1
tlbdf8n9,80,kyr3p8gf,88,mock_N08_N04_Aonly,DiscussionGRPWaitPage,1779313077,7,0,1
tlbdf8n9,93,47aajsep,3,presurvey,Demographics,1779313083,1,0,0
tlbdf8n9,58,vhphkk4e,93,mock_N08_N04_Aonly,Discussion,1779313083,7,0,0
tlbdf8n9,68,p8l1zal1,93,mock_N08_N04_Aonly,Discussion,1779313084,7,0,0
tlbdf8n9,52,hovd740y,93,mock_N08_N04_Aonly,Discussion,1779313084,7,0,0
tlbdf8n9,80,kyr3p8gf,93,mock_N08_N04_Aonly,Discussion,1779313085,7,0,0
tlbdf8n9,71,hsdufc9b,93,mock_N08_N04_Aonly,Discussion,1779313085,7,0,0
tlbdf8n9,94,zlzirxf4,5,presurvey,Training,1779313086,1,0,0
tlbdf8n9,69,9tdkg63w,93,mock_N08_N04_Aonly,Discussion,1779313088,7,0,0
tlbdf8n9,95,7rkea126,0,,InitializeParticipant,1779313098,1,0,0
tlbdf8n9,74,tjpeawiu,93,mock_N08_N04_Aonly,Discussion,1779313098,7,0,0
tlbdf8n9,65,jj3a2rmi,13,mock_N08_N04_Aonly,GroupingWaitPage,1779313103,1,0,1
tlbdf8n9,93,47aajsep,4,presurvey,NeighborhoodInstruction,1779313103,1,0,0
tlbdf8n9,65,jj3a2rmi,14,mock_N08_N04_Aonly,GroupSizeWaitPage,1779313104,1,0,1
tlbdf8n9,92,acqk7c8p,2,presurvey,AudioCheck,1779313105,1,0,0
tlbdf8n9,65,jj3a2rmi,15,mock_N08_N04_Aonly,AttentionCheck,1779313112,1,0,0
tlbdf8n9,48,zoc5opav,93,mock_N08_N04_Aonly,Discussion,1779313114,7,1,0
tlbdf8n9,48,zoc5opav,100,mock_N08_N04_Aonly,DiscussionGRPWaitPage,1779313114,8,0,1
tlbdf8n9,52,hovd740y,100,mock_N08_N04_Aonly,DiscussionGRPWaitPage,1779313114,8,0,1
tlbdf8n9,58,vhphkk4e,100,mock_N08_N04_Aonly,DiscussionGRPWaitPage,1779313114,8,0,1
tlbdf8n9,68,p8l1zal1,100,mock_N08_N04_Aonly,DiscussionGRPWaitPage,1779313114,8,0,1
tlbdf8n9,69,9tdkg63w,100,mock_N08_N04_Aonly,DiscussionGRPWaitPage,1779313114,8,0,1
tlbdf8n9,71,hsdufc9b,100,mock_N08_N04_Aonly,DiscussionGRPWaitPage,1779313114,8,0,1
tlbdf8n9,74,tjpeawiu,100,mock_N08_N04_Aonly,DiscussionGRPWaitPage,1779313114,8,0,1
tlbdf8n9,80,kyr3p8gf,100,mock_N08_N04_Aonly,DiscussionGRPWaitPage,1779313114,8,0,1
tlbdf8n9,68,p8l1zal1,105,mock_N08_N04_Aonly,Discussion,1779313119,8,0,0
tlbdf8n9,71,hsdufc9b,105,mock_N08_N04_Aonly,Discussion,1779313119,8,0,0
tlbdf8n9,52,hovd740y,105,mock_N08_N04_Aonly,Discussion,1779313120,8,0,0
tlbdf8n9,91,ujugvr40,5,presurvey,Training,1779313120,1,0,0
tlbdf8n9,85,87bzt8rw,6,presurvey,TrainingNeighbor_1,1779313121,1,0,0
tlbdf8n9,74,tjpeawiu,105,mock_N08_N04_Aonly,Discussion,1779313122,8,0,0
tlbdf8n9,67,grjn45ca,13,mock_N08_N04_Aonly,GroupingWaitPage,1779313123,1,0,1
tlbdf8n9,58,vhphkk4e,105,mock_N08_N04_Aonly,Discussion,1779313123,8,0,0
tlbdf8n9,92,acqk7c8p,3,presurvey,Demographics,1779313123,1,0,0
tlbdf8n9,67,grjn45ca,14,mock_N08_N04_Aonly,GroupSizeWaitPage,1779313124,1,0,1
tlbdf8n9,95,7rkea126,1,presurvey,Introduction,1779313127,1,0,0
tlbdf8n9,69,9tdkg63w,105,mock_N08_N04_Aonly,Discussion,1779313128,8,0,0
tlbdf8n9,67,grjn45ca,15,mock_N08_N04_Aonly,AttentionCheck,1779313129,1,0,0
tlbdf8n9,92,acqk7c8p,4,presurvey,NeighborhoodInstruction,1779313133,1,0,0
tlbdf8n9,80,kyr3p8gf,105,mock_N08_N04_Aonly,Discussion,1779313136,8,0,0
tlbdf8n9,64,qz5mft1f,13,mock_N08_N04_Aonly,GroupingWaitPage,1779313144,1,0,1
tlbdf8n9,64,qz5mft1f,14,mock_N08_N04_Aonly,GroupSizeWaitPage,1779313145,1,0,1
tlbdf8n9,96,trxkzavg,0,,InitializeParticipant,1779313150,1,0,0
tlbdf8n9,93,47aajsep,5,presurvey,Training,1779313151,1,0,0
tlbdf8n9,97,kz3dgf5s,0,,InitializeParticipant,1779313151,1,0,0
tlbdf8n9,91,ujugvr40,6,presurvey,TrainingNeighbor_1,1779313152,1,0,0
tlbdf8n9,94,zlzirxf4,6,presurvey,TrainingNeighbor_1,1779313152,1,0,0
tlbdf8n9,64,qz5mft1f,15,mock_N08_N04_Aonly,AttentionCheck,1779313152,1,0,0
tlbdf8n9,95,7rkea126,2,presurvey,AudioCheck,1779313154,1,0,0
tlbdf8n9,48,zoc5opav,105,mock_N08_N04_Aonly,Discussion,1779313154,8,1,0
tlbdf8n9,48,zoc5opav,112,mock_N08_N04_Aonly,DiscussionGRPWaitPage,1779313154,9,0,1
tlbdf8n9,52,hovd740y,112,mock_N08_N04_Aonly,DiscussionGRPWaitPage,1779313154,9,0,1
tlbdf8n9,58,vhphkk4e,112,mock_N08_N04_Aonly,DiscussionGRPWaitPage,1779313154,9,0,1
tlbdf8n9,68,p8l1zal1,112,mock_N08_N04_Aonly,DiscussionGRPWaitPage,1779313154,9,0,1
tlbdf8n9,69,9tdkg63w,112,mock_N08_N04_Aonly,DiscussionGRPWaitPage,1779313154,9,0,1
tlbdf8n9,71,hsdufc9b,112,mock_N08_N04_Aonly,DiscussionGRPWaitPage,1779313154,9,0,1
tlbdf8n9,74,tjpeawiu,112,mock_N08_N04_Aonly,DiscussionGRPWaitPage,1779313154,9,0,1
tlbdf8n9,80,kyr3p8gf,112,mock_N08_N04_Aonly,DiscussionGRPWaitPage,1779313154,9,0,1
tlbdf8n9,97,kz3dgf5s,1,presurvey,Introduction,1779313156,1,0,0
tlbdf8n9,91,ujugvr40,10,presurvey,ExperimentInstruction,1779313157,1,0,0
tlbdf8n9,94,zlzirxf4,7,presurvey,TrainingNeighbor_2,1779313158,1,0,0
tlbdf8n9,52,hovd740y,117,mock_N08_N04_Aonly,Discussion,1779313159,9,0,0
tlbdf8n9,74,tjpeawiu,117,mock_N08_N04_Aonly,Discussion,1779313160,9,0,0
tlbdf8n9,68,p8l1zal1,117,mock_N08_N04_Aonly,Discussion,1779313160,9,0,0
tlbdf8n9,80,kyr3p8gf,117,mock_N08_N04_Aonly,Discussion,1779313162,9,0,0
tlbdf8n9,71,hsdufc9b,117,mock_N08_N04_Aonly,Discussion,1779313163,9,0,0
tlbdf8n9,58,vhphkk4e,117,mock_N08_N04_Aonly,Discussion,1779313165,9,0,0
tlbdf8n9,85,87bzt8rw,10,presurvey,ExperimentInstruction,1779313166,1,0,0
tlbdf8n9,97,kz3dgf5s,2,presurvey,AudioCheck,1779313168,1,0,0
tlbdf8n9,96,trxkzavg,1,presurvey,Introduction,1779313170,1,0,0
tlbdf8n9,69,9tdkg63w,117,mock_N08_N04_Aonly,Discussion,1779313171,9,0,0
tlbdf8n9,95,7rkea126,3,presurvey,Demographics,1779313175,1,0,0
tlbdf8n9,92,acqk7c8p,5,presurvey,Training,1779313177,1,0,0
tlbdf8n9,91,ujugvr40,11,presurvey,Scenario,1779313181,1,0,0
tlbdf8n9,94,zlzirxf4,10,presurvey,ExperimentInstruction,1779313188,1,0,0
tlbdf8n9,97,kz3dgf5s,3,presurvey,Demographics,1779313188,1,0,0
tlbdf8n9,48,zoc5opav,117,mock_N08_N04_Aonly,Discussion,1779313193,9,1,0
tlbdf8n9,48,zoc5opav,124,mock_N08_N04_Aonly,DiscussionGRPWaitPage,1779313194,10,0,1
tlbdf8n9,52,hovd740y,124,mock_N08_N04_Aonly,DiscussionGRPWaitPage,1779313194,10,0,1
tlbdf8n9,58,vhphkk4e,124,mock_N08_N04_Aonly,DiscussionGRPWaitPage,1779313194,10,0,1
tlbdf8n9,68,p8l1zal1,124,mock_N08_N04_Aonly,DiscussionGRPWaitPage,1779313194,10,0,1
tlbdf8n9,69,9tdkg63w,124,mock_N08_N04_Aonly,DiscussionGRPWaitPage,1779313194,10,0,1
tlbdf8n9,71,hsdufc9b,124,mock_N08_N04_Aonly,DiscussionGRPWaitPage,1779313194,10,0,1
tlbdf8n9,74,tjpeawiu,124,mock_N08_N04_Aonly,DiscussionGRPWaitPage,1779313194,10,0,1
tlbdf8n9,80,kyr3p8gf,124,mock_N08_N04_Aonly,DiscussionGRPWaitPage,1779313194,10,0,1
tlbdf8n9,52,hovd740y,129,mock_N08_N04_Aonly,Discussion,1779313198,10,0,0
tlbdf8n9,71,hsdufc9b,129,mock_N08_N04_Aonly,Discussion,1779313199,10,0,0
tlbdf8n9,68,p8l1zal1,129,mock_N08_N04_Aonly,Discussion,1779313200,10,0,0
tlbdf8n9,58,vhphkk4e,129,mock_N08_N04_Aonly,Discussion,1779313202,10,0,0
tlbdf8n9,74,tjpeawiu,129,mock_N08_N04_Aonly,Discussion,1779313204,10,0,0
tlbdf8n9,97,kz3dgf5s,4,presurvey,NeighborhoodInstruction,1779313206,1,0,0
tlbdf8n9,95,7rkea126,4,presurvey,NeighborhoodInstruction,1779313208,1,0,0
tlbdf8n9,80,kyr3p8gf,129,mock_N08_N04_Aonly,Discussion,1779313208,10,0,0
tlbdf8n9,93,47aajsep,6,presurvey,TrainingNeighbor_1,1779313213,1,0,0
tlbdf8n9,92,acqk7c8p,6,presurvey,TrainingNeighbor_1,1779313216,1,0,0
tlbdf8n9,96,trxkzavg,2,presurvey,AudioCheck,1779313224,1,0,0
tlbdf8n9,69,9tdkg63w,129,mock_N08_N04_Aonly,Discussion,1779313226,10,0,0
tlbdf8n9,97,kz3dgf5s,5,presurvey,Training,1779313228,1,0,0
tlbdf8n9,89,wys8g5c0,6,presurvey,TrainingNeighbor_1,1779313229,1,0,0
tlbdf8n9,93,47aajsep,10,presurvey,ExperimentInstruction,1779313230,1,0,0
tlbdf8n9,48,zoc5opav,129,mock_N08_N04_Aonly,Discussion,1779313230,10,1,0
tlbdf8n9,48,zoc5opav,136,mock_N08_N04_Aonly,DiscussionGRPWaitPage,1779313230,11,0,1
tlbdf8n9,69,9tdkg63w,136,mock_N08_N04_Aonly,DiscussionGRPWaitPage,1779313230,11,0,1
tlbdf8n9,71,hsdufc9b,136,mock_N08_N04_Aonly,DiscussionGRPWaitPage,1779313230,11,0,1
tlbdf8n9,74,tjpeawiu,136,mock_N08_N04_Aonly,DiscussionGRPWaitPage,1779313230,11,0,1
tlbdf8n9,80,kyr3p8gf,136,mock_N08_N04_Aonly,DiscussionGRPWaitPage,1779313230,11,0,1
tlbdf8n9,52,hovd740y,136,mock_N08_N04_Aonly,DiscussionGRPWaitPage,1779313230,11,0,1
tlbdf8n9,58,vhphkk4e,136,mock_N08_N04_Aonly,DiscussionGRPWaitPage,1779313230,11,0,1
tlbdf8n9,68,p8l1zal1,136,mock_N08_N04_Aonly,DiscussionGRPWaitPage,1779313230,11,0,1
tlbdf8n9,92,acqk7c8p,7,presurvey,TrainingNeighbor_2,1779313236,1,0,0
tlbdf8n9,80,kyr3p8gf,141,mock_N08_N04_Aonly,Discussion,1779313236,11,0,0
tlbdf8n9,68,p8l1zal1,141,mock_N08_N04_Aonly,Discussion,1779313236,11,0,0
tlbdf8n9,58,vhphkk4e,141,mock_N08_N04_Aonly,Discussion,1779313237,11,0,0
tlbdf8n9,52,hovd740y,141,mock_N08_N04_Aonly,Discussion,1779313237,11,0,0
tlbdf8n9,74,tjpeawiu,141,mock_N08_N04_Aonly,Discussion,1779313238,11,0,0
tlbdf8n9,69,9tdkg63w,141,mock_N08_N04_Aonly,Discussion,1779313238,11,0,0
tlbdf8n9,71,hsdufc9b,141,mock_N08_N04_Aonly,Discussion,1779313239,11,0,0
tlbdf8n9,85,87bzt8rw,11,presurvey,Scenario,1779313240,1,0,0
tlbdf8n9,92,acqk7c8p,10,presurvey,ExperimentInstruction,1779313246,1,0,0
tlbdf8n9,96,trxkzavg,3,presurvey,Demographics,1779313249,1,0,0
tlbdf8n9,95,7rkea126,5,presurvey,Training,1779313252,1,0,0
tlbdf8n9,94,zlzirxf4,11,presurvey,Scenario,1779313252,1,0,0
tlbdf8n9,97,kz3dgf5s,6,presurvey,TrainingNeighbor_1,1779313258,1,0,0
tlbdf8n9,87,5tzejkzs,2,presurvey,AudioCheck,1779313262,1,0,0
tlbdf8n9,97,kz3dgf5s,10,presurvey,ExperimentInstruction,1779313264,1,0,0
tlbdf8n9,93,47aajsep,11,presurvey,Scenario,1779313267,1,0,0
tlbdf8n9,48,zoc5opav,141,mock_N08_N04_Aonly,Discussion,1779313269,11,1,0
tlbdf8n9,48,zoc5opav,148,mock_N08_N04_Aonly,DiscussionGRPWaitPage,1779313269,12,0,1
tlbdf8n9,52,hovd740y,148,mock_N08_N04_Aonly,DiscussionGRPWaitPage,1779313269,12,0,1
tlbdf8n9,58,vhphkk4e,148,mock_N08_N04_Aonly,DiscussionGRPWaitPage,1779313269,12,0,1
tlbdf8n9,68,p8l1zal1,148,mock_N08_N04_Aonly,DiscussionGRPWaitPage,1779313269,12,0,1
tlbdf8n9,69,9tdkg63w,148,mock_N08_N04_Aonly,DiscussionGRPWaitPage,1779313269,12,0,1
tlbdf8n9,71,hsdufc9b,148,mock_N08_N04_Aonly,DiscussionGRPWaitPage,1779313269,12,0,1
tlbdf8n9,74,tjpeawiu,148,mock_N08_N04_Aonly,DiscussionGRPWaitPage,1779313269,12,0,1
tlbdf8n9,80,kyr3p8gf,148,mock_N08_N04_Aonly,DiscussionGRPWaitPage,1779313269,12,0,1
tlbdf8n9,58,vhphkk4e,153,mock_N08_N04_Aonly,Discussion,1779313274,12,0,0
tlbdf8n9,71,hsdufc9b,153,mock_N08_N04_Aonly,Discussion,1779313275,12,0,0
tlbdf8n9,74,tjpeawiu,153,mock_N08_N04_Aonly,Discussion,1779313275,12,0,0
tlbdf8n9,80,kyr3p8gf,153,mock_N08_N04_Aonly,Discussion,1779313276,12,0,0
tlbdf8n9,52,hovd740y,153,mock_N08_N04_Aonly,Discussion,1779313277,12,0,0
tlbdf8n9,96,trxkzavg,4,presurvey,NeighborhoodInstruction,1779313277,1,0,0
tlbdf8n9,68,p8l1zal1,153,mock_N08_N04_Aonly,Discussion,1779313277,12,0,0
tlbdf8n9,92,acqk7c8p,11,presurvey,Scenario,1779313280,1,0,0
tlbdf8n9,69,9tdkg63w,153,mock_N08_N04_Aonly,Discussion,1779313286,12,0,0
tlbdf8n9,97,kz3dgf5s,11,presurvey,Scenario,1779313287,1,0,0
tlbdf8n9,89,wys8g5c0,10,presurvey,ExperimentInstruction,1779313293,1,0,0
tlbdf8n9,98,imak6fqn,0,,InitializeParticipant,1779313294,1,0,0
tlbdf8n9,95,7rkea126,6,presurvey,TrainingNeighbor_1,1779313305,1,0,0
tlbdf8n9,96,trxkzavg,5,presurvey,Training,1779313307,1,0,0
tlbdf8n9,48,zoc5opav,153,mock_N08_N04_Aonly,Discussion,1779313309,12,1,0
tlbdf8n9,48,zoc5opav,160,mock_N08_N04_Aonly,DiscussionGRPWaitPage,1779313309,13,0,1
tlbdf8n9,52,hovd740y,160,mock_N08_N04_Aonly,DiscussionGRPWaitPage,1779313309,13,0,1
tlbdf8n9,58,vhphkk4e,160,mock_N08_N04_Aonly,DiscussionGRPWaitPage,1779313309,13,0,1
tlbdf8n9,68,p8l1zal1,160,mock_N08_N04_Aonly,DiscussionGRPWaitPage,1779313309,13,0,1
tlbdf8n9,69,9tdkg63w,160,mock_N08_N04_Aonly,DiscussionGRPWaitPage,1779313309,13,0,1
tlbdf8n9,71,hsdufc9b,160,mock_N08_N04_Aonly,DiscussionGRPWaitPage,1779313309,13,0,1
tlbdf8n9,74,tjpeawiu,160,mock_N08_N04_Aonly,DiscussionGRPWaitPage,1779313309,13,0,1
tlbdf8n9,80,kyr3p8gf,160,mock_N08_N04_Aonly,DiscussionGRPWaitPage,1779313309,13,0,1
tlbdf8n9,80,kyr3p8gf,165,mock_N08_N04_Aonly,Discussion,1779313314,13,0,0
tlbdf8n9,71,hsdufc9b,165,mock_N08_N04_Aonly,Discussion,1779313314,13,0,0
tlbdf8n9,52,hovd740y,165,mock_N08_N04_Aonly,Discussion,1779313316,13,0,0
tlbdf8n9,74,tjpeawiu,165,mock_N08_N04_Aonly,Discussion,1779313316,13,0,0
tlbdf8n9,68,p8l1zal1,165,mock_N08_N04_Aonly,Discussion,1779313316,13,0,0
tlbdf8n9,95,7rkea126,10,presurvey,ExperimentInstruction,1779313317,1,0,0
tlbdf8n9,87,5tzejkzs,3,presurvey,Demographics,1779313317,1,0,0
tlbdf8n9,58,vhphkk4e,165,mock_N08_N04_Aonly,Discussion,1779313319,13,0,0
tlbdf8n9,69,9tdkg63w,165,mock_N08_N04_Aonly,Discussion,1779313321,13,0,0
tlbdf8n9,89,wys8g5c0,11,presurvey,Scenario,1779313321,1,0,0
tlbdf8n9,93,47aajsep,12,presurvey,Commitment,1779313326,1,0,0
tlbdf8n9,48,zoc5opav,165,mock_N08_N04_Aonly,Discussion,1779313345,13,1,0
tlbdf8n9,52,hovd740y,172,mock_N08_N04_Aonly,DiscussionGRPWaitPage,1779313345,14,0,1
tlbdf8n9,58,vhphkk4e,172,mock_N08_N04_Aonly,DiscussionGRPWaitPage,1779313345,14,0,1
tlbdf8n9,48,zoc5opav,172,mock_N08_N04_Aonly,DiscussionGRPWaitPage,1779313345,14,0,1
tlbdf8n9,68,p8l1zal1,172,mock_N08_N04_Aonly,DiscussionGRPWaitPage,1779313345,14,0,1
tlbdf8n9,69,9tdkg63w,172,mock_N08_N04_Aonly,DiscussionGRPWaitPage,1779313345,14,0,1
tlbdf8n9,71,hsdufc9b,172,mock_N08_N04_Aonly,DiscussionGRPWaitPage,1779313345,14,0,1
tlbdf8n9,74,tjpeawiu,172,mock_N08_N04_Aonly,DiscussionGRPWaitPage,1779313345,14,0,1
tlbdf8n9,80,kyr3p8gf,172,mock_N08_N04_Aonly,DiscussionGRPWaitPage,1779313345,14,0,1
tlbdf8n9,87,5tzejkzs,4,presurvey,NeighborhoodInstruction,1779313347,1,0,0
tlbdf8n9,58,vhphkk4e,177,mock_N08_N04_Aonly,Discussion,1779313351,14,0,0
tlbdf8n9,80,kyr3p8gf,177,mock_N08_N04_Aonly,Discussion,1779313351,14,0,0
tlbdf8n9,52,hovd740y,177,mock_N08_N04_Aonly,Discussion,1779313351,14,0,0
tlbdf8n9,68,p8l1zal1,177,mock_N08_N04_Aonly,Discussion,1779313351,14,0,0
tlbdf8n9,71,hsdufc9b,177,mock_N08_N04_Aonly,Discussion,1779313352,14,0,0
tlbdf8n9,96,trxkzavg,6,presurvey,TrainingNeighbor_1,1779313356,1,0,0
tlbdf8n9,69,9tdkg63w,177,mock_N08_N04_Aonly,Discussion,1779313357,14,0,0
tlbdf8n9,74,tjpeawiu,177,mock_N08_N04_Aonly,Discussion,1779313359,14,0,0
tlbdf8n9,96,trxkzavg,7,presurvey,TrainingNeighbor_2,1779313367,1,0,0
tlbdf8n9,89,wys8g5c0,12,presurvey,Commitment,1779313367,1,0,0
tlbdf8n9,95,7rkea126,11,presurvey,Scenario,1779313374,1,0,0
tlbdf8n9,96,trxkzavg,10,presurvey,ExperimentInstruction,1779313383,1,0,0
tlbdf8n9,48,zoc5opav,177,mock_N08_N04_Aonly,Discussion,1779313384,14,1,0
tlbdf8n9,48,zoc5opav,184,mock_N08_N04_Aonly,DiscussionGRPWaitPage,1779313384,15,0,1
tlbdf8n9,52,hovd740y,184,mock_N08_N04_Aonly,DiscussionGRPWaitPage,1779313384,15,0,1
tlbdf8n9,58,vhphkk4e,184,mock_N08_N04_Aonly,DiscussionGRPWaitPage,1779313384,15,0,1
tlbdf8n9,68,p8l1zal1,184,mock_N08_N04_Aonly,DiscussionGRPWaitPage,1779313384,15,0,1
tlbdf8n9,69,9tdkg63w,184,mock_N08_N04_Aonly,DiscussionGRPWaitPage,1779313384,15,0,1
tlbdf8n9,71,hsdufc9b,184,mock_N08_N04_Aonly,DiscussionGRPWaitPage,1779313384,15,0,1
tlbdf8n9,74,tjpeawiu,184,mock_N08_N04_Aonly,DiscussionGRPWaitPage,1779313384,15,0,1
tlbdf8n9,80,kyr3p8gf,184,mock_N08_N04_Aonly,DiscussionGRPWaitPage,1779313384,15,0,1
tlbdf8n9,52,hovd740y,189,mock_N08_N04_Aonly,Discussion,1779313390,15,0,0
tlbdf8n9,71,hsdufc9b,189,mock_N08_N04_Aonly,Discussion,1779313390,15,0,0
tlbdf8n9,58,vhphkk4e,189,mock_N08_N04_Aonly,Discussion,1779313390,15,0,0
tlbdf8n9,74,tjpeawiu,189,mock_N08_N04_Aonly,Discussion,1779313391,15,0,0
tlbdf8n9,68,p8l1zal1,189,mock_N08_N04_Aonly,Discussion,1779313391,15,0,0
tlbdf8n9,69,9tdkg63w,189,mock_N08_N04_Aonly,Discussion,1779313399,15,0,0
tlbdf8n9,80,kyr3p8gf,189,mock_N08_N04_Aonly,Discussion,1779313416,15,1,0
tlbdf8n9,48,zoc5opav,189,mock_N08_N04_Aonly,Discussion,1779313421,15,1,0
tlbdf8n9,48,zoc5opav,196,mock_N08_N04_Aonly,DiscussionGRPWaitPage,1779313421,16,0,1
tlbdf8n9,52,hovd740y,196,mock_N08_N04_Aonly,DiscussionGRPWaitPage,1779313421,16,0,1
tlbdf8n9,58,vhphkk4e,196,mock_N08_N04_Aonly,DiscussionGRPWaitPage,1779313421,16,0,1
tlbdf8n9,68,p8l1zal1,196,mock_N08_N04_Aonly,DiscussionGRPWaitPage,1779313421,16,0,1
tlbdf8n9,69,9tdkg63w,196,mock_N08_N04_Aonly,DiscussionGRPWaitPage,1779313421,16,0,1
tlbdf8n9,71,hsdufc9b,196,mock_N08_N04_Aonly,DiscussionGRPWaitPage,1779313421,16,0,1
tlbdf8n9,74,tjpeawiu,196,mock_N08_N04_Aonly,DiscussionGRPWaitPage,1779313421,16,0,1
tlbdf8n9,80,kyr3p8gf,196,mock_N08_N04_Aonly,DiscussionGRPWaitPage,1779313421,16,0,1
tlbdf8n9,71,hsdufc9b,201,mock_N08_N04_Aonly,Discussion,1779313424,16,0,0
tlbdf8n9,52,hovd740y,201,mock_N08_N04_Aonly,Discussion,1779313426,16,0,0
tlbdf8n9,68,p8l1zal1,201,mock_N08_N04_Aonly,Discussion,1779313428,16,0,0
tlbdf8n9,58,vhphkk4e,201,mock_N08_N04_Aonly,Discussion,1779313431,16,0,0
tlbdf8n9,69,9tdkg63w,201,mock_N08_N04_Aonly,Discussion,1779313432,16,0,0
tlbdf8n9,96,trxkzavg,11,presurvey,Scenario,1779313435,1,0,0
tlbdf8n9,74,tjpeawiu,201,mock_N08_N04_Aonly,Discussion,1779313437,16,0,0
tlbdf8n9,80,kyr3p8gf,201,mock_N08_N04_Aonly,Discussion,1779313452,16,1,0
tlbdf8n9,87,5tzejkzs,5,presurvey,Training,1779313456,1,0,0
tlbdf8n9,48,zoc5opav,201,mock_N08_N04_Aonly,Discussion,1779313457,16,1,0
tlbdf8n9,52,hovd740y,208,mock_N08_N04_Aonly,DiscussionGRPWaitPage,1779313457,17,0,1
tlbdf8n9,58,vhphkk4e,208,mock_N08_N04_Aonly,DiscussionGRPWaitPage,1779313457,17,0,1
tlbdf8n9,48,zoc5opav,208,mock_N08_N04_Aonly,DiscussionGRPWaitPage,1779313457,17,0,1
tlbdf8n9,68,p8l1zal1,208,mock_N08_N04_Aonly,DiscussionGRPWaitPage,1779313457,17,0,1
tlbdf8n9,69,9tdkg63w,208,mock_N08_N04_Aonly,DiscussionGRPWaitPage,1779313457,17,0,1
tlbdf8n9,71,hsdufc9b,208,mock_N08_N04_Aonly,DiscussionGRPWaitPage,1779313457,17,0,1
tlbdf8n9,74,tjpeawiu,208,mock_N08_N04_Aonly,DiscussionGRPWaitPage,1779313457,17,0,1
tlbdf8n9,80,kyr3p8gf,208,mock_N08_N04_Aonly,DiscussionGRPWaitPage,1779313457,17,0,1
tlbdf8n9,71,hsdufc9b,213,mock_N08_N04_Aonly,Discussion,1779313462,17,0,0
tlbdf8n9,52,hovd740y,213,mock_N08_N04_Aonly,Discussion,1779313463,17,0,0
tlbdf8n9,68,p8l1zal1,213,mock_N08_N04_Aonly,Discussion,1779313464,17,0,0
tlbdf8n9,58,vhphkk4e,213,mock_N08_N04_Aonly,Discussion,1779313464,17,0,0
tlbdf8n9,74,tjpeawiu,213,mock_N08_N04_Aonly,Discussion,1779313467,17,0,0
tlbdf8n9,69,9tdkg63w,213,mock_N08_N04_Aonly,Discussion,1779313471,17,0,0
tlbdf8n9,96,trxkzavg,12,presurvey,Commitment,1779313488,1,0,0
tlbdf8n9,80,kyr3p8gf,213,mock_N08_N04_Aonly,Discussion,1779313489,17,1,0
tlbdf8n9,48,zoc5opav,213,mock_N08_N04_Aonly,Discussion,1779313497,17,1,0
tlbdf8n9,48,zoc5opav,220,mock_N08_N04_Aonly,DiscussionGRPWaitPage,1779313497,18,0,1
tlbdf8n9,52,hovd740y,220,mock_N08_N04_Aonly,DiscussionGRPWaitPage,1779313497,18,0,1
tlbdf8n9,58,vhphkk4e,220,mock_N08_N04_Aonly,DiscussionGRPWaitPage,1779313497,18,0,1
tlbdf8n9,68,p8l1zal1,220,mock_N08_N04_Aonly,DiscussionGRPWaitPage,1779313497,18,0,1
tlbdf8n9,69,9tdkg63w,220,mock_N08_N04_Aonly,DiscussionGRPWaitPage,1779313497,18,0,1
tlbdf8n9,71,hsdufc9b,220,mock_N08_N04_Aonly,DiscussionGRPWaitPage,1779313497,18,0,1
tlbdf8n9,74,tjpeawiu,220,mock_N08_N04_Aonly,DiscussionGRPWaitPage,1779313497,18,0,1
tlbdf8n9,80,kyr3p8gf,220,mock_N08_N04_Aonly,DiscussionGRPWaitPage,1779313497,18,0,1
tlbdf8n9,71,hsdufc9b,225,mock_N08_N04_Aonly,Discussion,1779313501,18,0,0
tlbdf8n9,68,p8l1zal1,225,mock_N08_N04_Aonly,Discussion,1779313503,18,0,0
tlbdf8n9,58,vhphkk4e,225,mock_N08_N04_Aonly,Discussion,1779313503,18,0,0
tlbdf8n9,74,tjpeawiu,225,mock_N08_N04_Aonly,Discussion,1779313504,18,0,0
tlbdf8n9,52,hovd740y,225,mock_N08_N04_Aonly,Discussion,1779313504,18,0,0
tlbdf8n9,69,9tdkg63w,225,mock_N08_N04_Aonly,Discussion,1779313505,18,0,0
tlbdf8n9,80,kyr3p8gf,225,mock_N08_N04_Aonly,Discussion,1779313528,18,1,0
tlbdf8n9,48,zoc5opav,225,mock_N08_N04_Aonly,Discussion,1779313533,18,1,0
tlbdf8n9,48,zoc5opav,232,mock_N08_N04_Aonly,DiscussionGRPWaitPage,1779313533,19,0,1
tlbdf8n9,52,hovd740y,232,mock_N08_N04_Aonly,DiscussionGRPWaitPage,1779313533,19,0,1
tlbdf8n9,58,vhphkk4e,232,mock_N08_N04_Aonly,DiscussionGRPWaitPage,1779313533,19,0,1
tlbdf8n9,68,p8l1zal1,232,mock_N08_N04_Aonly,DiscussionGRPWaitPage,1779313533,19,0,1
tlbdf8n9,69,9tdkg63w,232,mock_N08_N04_Aonly,DiscussionGRPWaitPage,1779313533,19,0,1
tlbdf8n9,71,hsdufc9b,232,mock_N08_N04_Aonly,DiscussionGRPWaitPage,1779313533,19,0,1
tlbdf8n9,74,tjpeawiu,232,mock_N08_N04_Aonly,DiscussionGRPWaitPage,1779313533,19,0,1
tlbdf8n9,80,kyr3p8gf,232,mock_N08_N04_Aonly,DiscussionGRPWaitPage,1779313533,19,0,1
tlbdf8n9,52,hovd740y,237,mock_N08_N04_Aonly,Discussion,1779313537,19,0,0
tlbdf8n9,58,vhphkk4e,237,mock_N08_N04_Aonly,Discussion,1779313538,19,0,0
tlbdf8n9,71,hsdufc9b,237,mock_N08_N04_Aonly,Discussion,1779313538,19,0,0
tlbdf8n9,68,p8l1zal1,237,mock_N08_N04_Aonly,Discussion,1779313540,19,0,0
tlbdf8n9,99,fm0ee4mg,0,,InitializeParticipant,1779313540,1,0,0
tlbdf8n9,69,9tdkg63w,237,mock_N08_N04_Aonly,Discussion,1779313541,19,0,0
tlbdf8n9,74,tjpeawiu,237,mock_N08_N04_Aonly,Discussion,1779313546,19,0,0
tlbdf8n9,87,5tzejkzs,6,presurvey,TrainingNeighbor_1,1779313563,1,0,0
tlbdf8n9,80,kyr3p8gf,237,mock_N08_N04_Aonly,Discussion,1779313564,19,1,0
tlbdf8n9,99,fm0ee4mg,1,presurvey,Introduction,1779313567,1,0,0
tlbdf8n9,48,zoc5opav,237,mock_N08_N04_Aonly,Discussion,1779313572,19,1,0
tlbdf8n9,48,zoc5opav,244,mock_N08_N04_Aonly,DiscussionGRPWaitPage,1779313572,20,0,1
tlbdf8n9,52,hovd740y,244,mock_N08_N04_Aonly,DiscussionGRPWaitPage,1779313572,20,0,1
tlbdf8n9,58,vhphkk4e,244,mock_N08_N04_Aonly,DiscussionGRPWaitPage,1779313572,20,0,1
tlbdf8n9,68,p8l1zal1,244,mock_N08_N04_Aonly,DiscussionGRPWaitPage,1779313572,20,0,1
tlbdf8n9,69,9tdkg63w,244,mock_N08_N04_Aonly,DiscussionGRPWaitPage,1779313572,20,0,1
tlbdf8n9,71,hsdufc9b,244,mock_N08_N04_Aonly,DiscussionGRPWaitPage,1779313572,20,0,1
tlbdf8n9,74,tjpeawiu,244,mock_N08_N04_Aonly,DiscussionGRPWaitPage,1779313572,20,0,1
tlbdf8n9,80,kyr3p8gf,244,mock_N08_N04_Aonly,DiscussionGRPWaitPage,1779313572,20,0,1
tlbdf8n9,71,hsdufc9b,249,mock_N08_N04_Aonly,Discussion,1779313577,20,0,0
tlbdf8n9,99,fm0ee4mg,2,presurvey,AudioCheck,1779313578,1,0,0
tlbdf8n9,68,p8l1zal1,249,mock_N08_N04_Aonly,Discussion,1779313578,20,0,0
tlbdf8n9,74,tjpeawiu,249,mock_N08_N04_Aonly,Discussion,1779313580,20,0,0
tlbdf8n9,52,hovd740y,249,mock_N08_N04_Aonly,Discussion,1779313580,20,0,0
tlbdf8n9,58,vhphkk4e,249,mock_N08_N04_Aonly,Discussion,1779313581,20,0,0
tlbdf8n9,69,9tdkg63w,249,mock_N08_N04_Aonly,Discussion,1779313585,20,0,0
tlbdf8n9,87,5tzejkzs,7,presurvey,TrainingNeighbor_2,1779313586,1,0,0
tlbdf8n9,71,hsdufc9b,250,mock_N08_N04_Aonly,Additional,1779313592,20,0,0
tlbdf8n9,99,fm0ee4mg,3,presurvey,Demographics,1779313594,1,0,0
tlbdf8n9,52,hovd740y,250,mock_N08_N04_Aonly,Additional,1779313594,20,0,0
tlbdf8n9,74,tjpeawiu,250,mock_N08_N04_Aonly,Additional,1779313598,20,0,0
tlbdf8n9,68,p8l1zal1,250,mock_N08_N04_Aonly,Additional,1779313603,20,0,0
tlbdf8n9,80,kyr3p8gf,249,mock_N08_N04_Aonly,Discussion,1779313604,20,1,0
tlbdf8n9,48,zoc5opav,249,mock_N08_N04_Aonly,Discussion,1779313609,20,1,0
tlbdf8n9,69,9tdkg63w,250,mock_N08_N04_Aonly,Additional,1779313611,20,0,0
tlbdf8n9,99,fm0ee4mg,4,presurvey,NeighborhoodInstruction,1779313612,1,0,0
tlbdf8n9,87,5tzejkzs,8,presurvey,AttentionCheck,1779313616,1,0,0
tlbdf8n9,87,5tzejkzs,9,presurvey,TrainingNeighbor_3,1779313638,1,0,0
tlbdf8n9,58,vhphkk4e,250,mock_N08_N04_Aonly,Additional,1779313644,20,0,0
tlbdf8n9,48,zoc5opav,251,mock_N08_N04_Aonly,FinalRoundWaitPage,1779313644,20,0,1
tlbdf8n9,71,hsdufc9b,251,mock_N08_N04_Aonly,FinalRoundWaitPage,1779313644,20,0,1
tlbdf8n9,69,9tdkg63w,251,mock_N08_N04_Aonly,FinalRoundWaitPage,1779313644,20,0,1
tlbdf8n9,52,hovd740y,251,mock_N08_N04_Aonly,FinalRoundWaitPage,1779313644,20,0,1
tlbdf8n9,74,tjpeawiu,251,mock_N08_N04_Aonly,FinalRoundWaitPage,1779313644,20,0,1
tlbdf8n9,58,vhphkk4e,251,mock_N08_N04_Aonly,FinalRoundWaitPage,1779313644,20,0,1
tlbdf8n9,68,p8l1zal1,251,mock_N08_N04_Aonly,FinalRoundWaitPage,1779313644,20,0,1
tlbdf8n9,80,kyr3p8gf,251,mock_N08_N04_Aonly,FinalRoundWaitPage,1779313644,20,0,1
tlbdf8n9,58,vhphkk4e,252,mock_N08_N04_Aonly,FinalRound,1779313652,20,0,0
tlbdf8n9,71,hsdufc9b,252,mock_N08_N04_Aonly,FinalRound,1779313656,20,0,0
tlbdf8n9,68,p8l1zal1,252,mock_N08_N04_Aonly,FinalRound,1779313656,20,0,0
tlbdf8n9,52,hovd740y,252,mock_N08_N04_Aonly,FinalRound,1779313656,20,0,0
tlbdf8n9,99,fm0ee4mg,5,presurvey,Training,1779313657,1,0,0
tlbdf8n9,69,9tdkg63w,252,mock_N08_N04_Aonly,FinalRound,1779313658,20,0,0
tlbdf8n9,74,tjpeawiu,252,mock_N08_N04_Aonly,FinalRound,1779313659,20,0,0
tlbdf8n9,45,qmld644k,13,mock_N08_N04_Aonly,GroupingWaitPage,1779313698,1,0,1
tlbdf8n9,45,qmld644k,14,mock_N08_N04_Aonly,GroupSizeWaitPage,1779313699,1,0,1
tlbdf8n9,99,fm0ee4mg,6,presurvey,TrainingNeighbor_1,1779313701,1,0,0
tlbdf8n9,45,qmld644k,15,mock_N08_N04_Aonly,AttentionCheck,1779313705,1,0,0
tlbdf8n9,99,fm0ee4mg,7,presurvey,TrainingNeighbor_2,1779313707,1,0,0
tlbdf8n9,100,93c3dt12,0,,InitializeParticipant,1779313711,1,0,0
tlbdf8n9,99,fm0ee4mg,10,presurvey,ExperimentInstruction,1779313716,1,0,0
tlbdf8n9,101,xah9mkoi,0,,InitializeParticipant,1779313729,1,0,0
tlbdf8n9,100,93c3dt12,1,presurvey,Introduction,1779313741,1,0,0
tlbdf8n9,73,b97c7qhi,13,mock_N08_N04_Aonly,GroupingWaitPage,1779313755,1,0,1
tlbdf8n9,73,b97c7qhi,14,mock_N08_N04_Aonly,GroupSizeWaitPage,1779313756,1,0,1
tlbdf8n9,101,xah9mkoi,1,presurvey,Introduction,1779313757,1,0,0
tlbdf8n9,73,b97c7qhi,15,mock_N08_N04_Aonly,AttentionCheck,1779313763,1,0,0
tlbdf8n9,99,fm0ee4mg,11,presurvey,Scenario,1779313765,1,0,0
tlbdf8n9,100,93c3dt12,2,presurvey,AudioCheck,1779313767,1,0,0
tlbdf8n9,83,ibewcso2,13,mock_N08_N04_Aonly,GroupingWaitPage,1779313772,1,0,1
tlbdf8n9,83,ibewcso2,14,mock_N08_N04_Aonly,GroupSizeWaitPage,1779313775,1,0,1
tlbdf8n9,101,xah9mkoi,2,presurvey,AudioCheck,1779313777,1,0,0
tlbdf8n9,100,93c3dt12,3,presurvey,Demographics,1779313784,1,0,0
tlbdf8n9,83,ibewcso2,15,mock_N08_N04_Aonly,AttentionCheck,1779313788,1,0,0
tlbdf8n9,101,xah9mkoi,3,presurvey,Demographics,1779313795,1,0,0
tlbdf8n9,101,xah9mkoi,4,presurvey,NeighborhoodInstruction,1779313806,1,0,0
tlbdf8n9,99,fm0ee4mg,12,presurvey,Commitment,1779313809,1,0,0
tlbdf8n9,100,93c3dt12,4,presurvey,NeighborhoodInstruction,1779313812,1,0,0
tlbdf8n9,101,xah9mkoi,5,presurvey,Training,1779313830,1,0,0
tlbdf8n9,77,v86dboxb,13,mock_N08_N04_Aonly,GroupingWaitPage,1779313841,1,0,1
tlbdf8n9,100,93c3dt12,5,presurvey,Training,1779313842,1,0,0
tlbdf8n9,77,v86dboxb,14,mock_N08_N04_Aonly,GroupSizeWaitPage,1779313842,1,0,1
tlbdf8n9,102,upcdeaur,0,,InitializeParticipant,1779313842,1,0,0
tlbdf8n9,102,upcdeaur,1,presurvey,Introduction,1779313846,1,0,0
tlbdf8n9,77,v86dboxb,15,mock_N08_N04_Aonly,AttentionCheck,1779313849,1,0,0
tlbdf8n9,79,qyk6m4av,13,mock_N08_N04_Aonly,GroupingWaitPage,1779313854,1,0,1
tlbdf8n9,79,qyk6m4av,14,mock_N08_N04_Aonly,GroupSizeWaitPage,1779313854,1,0,1
tlbdf8n9,101,xah9mkoi,6,presurvey,TrainingNeighbor_1,1779313854,1,0,0
tlbdf8n9,79,qyk6m4av,15,mock_N08_N04_Aonly,AttentionCheck,1779313858,1,0,0
tlbdf8n9,102,upcdeaur,2,presurvey,AudioCheck,1779313863,1,0,0
tlbdf8n9,101,xah9mkoi,10,presurvey,ExperimentInstruction,1779313864,1,0,0
tlbdf8n9,100,93c3dt12,6,presurvey,TrainingNeighbor_1,1779313868,1,0,0
tlbdf8n9,103,1jb1j57f,0,,InitializeParticipant,1779313875,1,0,0
tlbdf8n9,102,upcdeaur,3,presurvey,Demographics,1779313880,1,0,0
tlbdf8n9,101,xah9mkoi,11,presurvey,Scenario,1779313883,1,0,0
tlbdf8n9,100,93c3dt12,10,presurvey,ExperimentInstruction,1779313883,1,0,0
tlbdf8n9,104,vm59ygg2,0,,InitializeParticipant,1779313886,1,0,0
tlbdf8n9,103,1jb1j57f,1,presurvey,Introduction,1779313887,1,0,0
tlbdf8n9,105,qrabtckv,0,,InitializeParticipant,1779313890,1,0,0
tlbdf8n9,102,upcdeaur,4,presurvey,NeighborhoodInstruction,1779313896,1,0,0
tlbdf8n9,104,vm59ygg2,1,presurvey,Introduction,1779313902,1,0,0
tlbdf8n9,101,xah9mkoi,12,presurvey,Commitment,1779313911,1,0,0
tlbdf8n9,100,93c3dt12,11,presurvey,Scenario,1779313911,1,0,0
tlbdf8n9,70,vpyqgnbm,13,mock_N08_N04_Aonly,GroupingWaitPage,1779313912,1,0,1
tlbdf8n9,70,vpyqgnbm,14,mock_N08_N04_Aonly,GroupSizeWaitPage,1779313912,1,0,1
tlbdf8n9,102,upcdeaur,5,presurvey,Training,1779313916,1,0,0
tlbdf8n9,104,vm59ygg2,2,presurvey,AudioCheck,1779313919,1,0,0
tlbdf8n9,103,1jb1j57f,2,presurvey,AudioCheck,1779313920,1,0,0
tlbdf8n9,104,vm59ygg2,3,presurvey,Demographics,1779313936,1,0,0
tlbdf8n9,100,93c3dt12,12,presurvey,Commitment,1779313946,1,0,0
tlbdf8n9,104,vm59ygg2,4,presurvey,NeighborhoodInstruction,1779313960,1,0,0
tlbdf8n9,102,upcdeaur,6,presurvey,TrainingNeighbor_1,1779313961,1,0,0
tlbdf8n9,84,t6wvosla,13,mock_N08_N04_Aonly,GroupingWaitPage,1779313962,1,0,1
tlbdf8n9,84,t6wvosla,14,mock_N08_N04_Aonly,GroupSizeWaitPage,1779313963,1,0,1
tlbdf8n9,103,1jb1j57f,3,presurvey,Demographics,1779313963,1,0,0
tlbdf8n9,106,uklhfhwd,0,,InitializeParticipant,1779313966,1,0,0
tlbdf8n9,84,t6wvosla,15,mock_N08_N04_Aonly,AttentionCheck,1779313968,1,0,0
tlbdf8n9,102,upcdeaur,7,presurvey,TrainingNeighbor_2,1779313970,1,0,0
tlbdf8n9,102,upcdeaur,10,presurvey,ExperimentInstruction,1779313978,1,0,0
tlbdf8n9,107,rrm0vkiu,0,,InitializeParticipant,1779313984,1,0,0
tlbdf8n9,104,vm59ygg2,5,presurvey,Training,1779313990,1,0,0
tlbdf8n9,103,1jb1j57f,4,presurvey,NeighborhoodInstruction,1779314003,1,0,0
tlbdf8n9,106,uklhfhwd,1,presurvey,Introduction,1779314010,1,0,0
tlbdf8n9,62,idsfeeop,13,mock_N08_N04_Aonly,GroupingWaitPage,1779314017,1,0,1
tlbdf8n9,62,idsfeeop,14,mock_N08_N04_Aonly,GroupSizeWaitPage,1779314018,1,0,1
tlbdf8n9,107,rrm0vkiu,1,presurvey,Introduction,1779314022,1,0,0
tlbdf8n9,102,upcdeaur,11,presurvey,Scenario,1779314022,1,0,0
tlbdf8n9,62,idsfeeop,15,mock_N08_N04_Aonly,AttentionCheck,1779314028,1,0,0
tlbdf8n9,104,vm59ygg2,6,presurvey,TrainingNeighbor_1,1779314030,1,0,0
tlbdf8n9,106,uklhfhwd,2,presurvey,AudioCheck,1779314031,1,0,0
tlbdf8n9,104,vm59ygg2,10,presurvey,ExperimentInstruction,1779314034,1,0,0
tlbdf8n9,103,1jb1j57f,5,presurvey,Training,1779314046,1,0,0
tlbdf8n9,106,uklhfhwd,3,presurvey,Demographics,1779314047,1,0,0
tlbdf8n9,107,rrm0vkiu,2,presurvey,AudioCheck,1779314056,1,0,0
tlbdf8n9,106,uklhfhwd,4,presurvey,NeighborhoodInstruction,1779314058,1,0,0
tlbdf8n9,107,rrm0vkiu,3,presurvey,Demographics,1779314071,1,0,0
tlbdf8n9,108,tn8m617i,0,,InitializeParticipant,1779314081,1,0,0
tlbdf8n9,104,vm59ygg2,11,presurvey,Scenario,1779314084,1,0,0
tlbdf8n9,108,tn8m617i,1,presurvey,Introduction,1779314086,1,0,0
tlbdf8n9,107,rrm0vkiu,4,presurvey,NeighborhoodInstruction,1779314093,1,0,0
tlbdf8n9,106,uklhfhwd,5,presurvey,Training,1779314102,1,0,0
tlbdf8n9,108,tn8m617i,2,presurvey,AudioCheck,1779314105,1,0,0
tlbdf8n9,109,2mwau63m,0,,InitializeParticipant,1779314111,1,0,0
tlbdf8n9,103,1jb1j57f,6,presurvey,TrainingNeighbor_1,1779314111,1,0,0
tlbdf8n9,104,vm59ygg2,12,presurvey,Commitment,1779314118,1,0,0
tlbdf8n9,108,tn8m617i,3,presurvey,Demographics,1779314122,1,0,0
tlbdf8n9,103,1jb1j57f,7,presurvey,TrainingNeighbor_2,1779314129,1,0,0
tlbdf8n9,109,2mwau63m,1,presurvey,Introduction,1779314132,1,0,0
tlbdf8n9,108,tn8m617i,4,presurvey,NeighborhoodInstruction,1779314143,1,0,0
tlbdf8n9,106,uklhfhwd,6,presurvey,TrainingNeighbor_1,1779314149,1,0,0
tlbdf8n9,103,1jb1j57f,8,presurvey,AttentionCheck,1779314151,1,0,0
tlbdf8n9,107,rrm0vkiu,5,presurvey,Training,1779314151,1,0,0
tlbdf8n9,106,uklhfhwd,7,presurvey,TrainingNeighbor_2,1779314167,1,0,0
tlbdf8n9,108,tn8m617i,5,presurvey,Training,1779314170,1,0,0
tlbdf8n9,106,uklhfhwd,10,presurvey,ExperimentInstruction,1779314171,1,0,0
tlbdf8n9,110,1d64igph,0,,InitializeParticipant,1779314173,1,0,0
tlbdf8n9,107,rrm0vkiu,6,presurvey,TrainingNeighbor_1,1779314198,1,0,0
tlbdf8n9,108,tn8m617i,6,presurvey,TrainingNeighbor_1,1779314205,1,0,0
tlbdf8n9,106,uklhfhwd,11,presurvey,Scenario,1779314206,1,0,0
tlbdf8n9,110,1d64igph,1,presurvey,Introduction,1779314212,1,0,0
tlbdf8n9,108,tn8m617i,10,presurvey,ExperimentInstruction,1779314212,1,0,0
tlbdf8n9,111,w5bo4jz5,0,,InitializeParticipant,1779314219,1,0,0
tlbdf8n9,107,rrm0vkiu,7,presurvey,TrainingNeighbor_2,1779314221,1,0,0
tlbdf8n9,109,2mwau63m,2,presurvey,AudioCheck,1779314226,1,0,0
tlbdf8n9,107,rrm0vkiu,10,presurvey,ExperimentInstruction,1779314227,1,0,0
tlbdf8n9,108,tn8m617i,11,presurvey,Scenario,1779314235,1,0,0
tlbdf8n9,110,1d64igph,2,presurvey,AudioCheck,1779314242,1,0,0
tlbdf8n9,109,2mwau63m,3,presurvey,Demographics,1779314248,1,0,0
tlbdf8n9,107,rrm0vkiu,11,presurvey,Scenario,1779314253,1,0,0
tlbdf8n9,111,w5bo4jz5,1,presurvey,Introduction,1779314255,1,0,0
tlbdf8n9,110,1d64igph,3,presurvey,Demographics,1779314262,1,0,0
tlbdf8n9,90,wsm3th57,13,mock_N08_N04_Aonly,GroupingWaitPage,1779314265,1,0,1
tlbdf8n9,112,3svfhuv5,0,,InitializeParticipant,1779314265,1,0,0
tlbdf8n9,90,wsm3th57,14,mock_N08_N04_Aonly,GroupSizeWaitPage,1779314266,1,0,1
tlbdf8n9,90,wsm3th57,15,mock_N08_N04_Aonly,AttentionCheck,1779314276,1,0,0
tlbdf8n9,108,tn8m617i,12,presurvey,Commitment,1779314278,1,0,0
tlbdf8n9,111,w5bo4jz5,2,presurvey,AudioCheck,1779314279,1,0,0
tlbdf8n9,111,w5bo4jz5,3,presurvey,Demographics,1779314294,1,0,0
tlbdf8n9,107,rrm0vkiu,12,presurvey,Commitment,1779314299,1,0,0
tlbdf8n9,103,1jb1j57f,9,presurvey,TrainingNeighbor_3,1779314303,1,0,0
tlbdf8n9,109,2mwau63m,4,presurvey,NeighborhoodInstruction,1779314315,1,0,0
tlbdf8n9,111,w5bo4jz5,4,presurvey,NeighborhoodInstruction,1779314317,1,0,0
tlbdf8n9,113,jfrwoi4r,0,,InitializeParticipant,1779314326,1,0,0
tlbdf8n9,114,bbzlj7ss,0,,InitializeParticipant,1779314334,1,0,0
tlbdf8n9,110,1d64igph,4,presurvey,NeighborhoodInstruction,1779314335,1,0,0
tlbdf8n9,114,bbzlj7ss,1,presurvey,Introduction,1779314339,1,0,0
tlbdf8n9,109,2mwau63m,5,presurvey,Training,1779314340,1,0,0
tlbdf8n9,113,jfrwoi4r,1,presurvey,Introduction,1779314346,1,0,0
tlbdf8n9,111,w5bo4jz5,5,presurvey,Training,1779314347,1,0,0
tlbdf8n9,114,bbzlj7ss,2,presurvey,AudioCheck,1779314357,1,0,0
tlbdf8n9,113,jfrwoi4r,2,presurvey,AudioCheck,1779314363,1,0,0
tlbdf8n9,109,2mwau63m,6,presurvey,TrainingNeighbor_1,1779314376,1,0,0
tlbdf8n9,115,bmiedi72,0,,InitializeParticipant,1779314380,1,0,0
tlbdf8n9,114,bbzlj7ss,3,presurvey,Demographics,1779314388,1,0,0
tlbdf8n9,115,bmiedi72,1,presurvey,Introduction,1779314390,1,0,0
tlbdf8n9,111,w5bo4jz5,6,presurvey,TrainingNeighbor_1,1779314392,1,0,0
tlbdf8n9,109,2mwau63m,10,presurvey,ExperimentInstruction,1779314393,1,0,0
tlbdf8n9,111,w5bo4jz5,7,presurvey,TrainingNeighbor_2,1779314396,1,0,0
tlbdf8n9,110,1d64igph,5,presurvey,Training,1779314397,1,0,0
tlbdf8n9,111,w5bo4jz5,10,presurvey,ExperimentInstruction,1779314400,1,0,0
tlbdf8n9,115,bmiedi72,2,presurvey,AudioCheck,1779314402,1,0,0
tlbdf8n9,115,bmiedi72,3,presurvey,Demographics,1779314413,1,0,0
tlbdf8n9,116,vg1qe23b,0,,InitializeParticipant,1779314413,1,0,0
tlbdf8n9,114,bbzlj7ss,4,presurvey,NeighborhoodInstruction,1779314416,1,0,0
tlbdf8n9,117,7m1yres5,0,,InitializeParticipant,1779314417,1,0,0
tlbdf8n9,115,bmiedi72,4,presurvey,NeighborhoodInstruction,1779314423,1,0,0
tlbdf8n9,109,2mwau63m,11,presurvey,Scenario,1779314423,1,0,0
tlbdf8n9,116,vg1qe23b,1,presurvey,Introduction,1779314430,1,0,0
tlbdf8n9,118,uyyrbtl2,0,,InitializeParticipant,1779314431,1,0,0
tlbdf8n9,117,7m1yres5,1,presurvey,Introduction,1779314433,1,0,0
tlbdf8n9,115,bmiedi72,5,presurvey,Training,1779314443,1,0,0
tlbdf8n9,114,bbzlj7ss,5,presurvey,Training,1779314443,1,0,0
tlbdf8n9,111,w5bo4jz5,11,presurvey,Scenario,1779314444,1,0,0
tlbdf8n9,118,uyyrbtl2,1,presurvey,Introduction,1779314450,1,0,0
tlbdf8n9,116,vg1qe23b,2,presurvey,AudioCheck,1779314450,1,0,0
tlbdf8n9,117,7m1yres5,2,presurvey,AudioCheck,1779314452,1,0,0
tlbdf8n9,113,jfrwoi4r,3,presurvey,Demographics,1779314459,1,0,0
tlbdf8n9,117,7m1yres5,3,presurvey,Demographics,1779314464,1,0,0
tlbdf8n9,115,bmiedi72,6,presurvey,TrainingNeighbor_1,1779314465,1,0,0
tlbdf8n9,119,jdn3bwvb,0,,InitializeParticipant,1779314466,1,0,0
tlbdf8n9,116,vg1qe23b,3,presurvey,Demographics,1779314466,1,0,0
tlbdf8n9,115,bmiedi72,10,presurvey,ExperimentInstruction,1779314468,1,0,0
tlbdf8n9,93,47aajsep,13,mock_N08_N04_Aonly,GroupingWaitPage,1779314470,1,0,1
tlbdf8n9,120,ji6hupiv,0,,InitializeParticipant,1779314470,1,0,0
tlbdf8n9,93,47aajsep,14,mock_N08_N04_Aonly,GroupSizeWaitPage,1779314471,1,0,1
tlbdf8n9,113,jfrwoi4r,4,presurvey,NeighborhoodInstruction,1779314475,1,0,0
tlbdf8n9,117,7m1yres5,4,presurvey,NeighborhoodInstruction,1779314475,1,0,0
tlbdf8n9,93,47aajsep,15,mock_N08_N04_Aonly,AttentionCheck,1779314478,1,0,0
tlbdf8n9,121,4qwj71g1,0,,InitializeParticipant,1779314480,1,0,0
tlbdf8n9,113,jfrwoi4r,5,presurvey,Training,1779314482,1,0,0
tlbdf8n9,116,vg1qe23b,4,presurvey,NeighborhoodInstruction,1779314483,1,0,0
tlbdf8n9,118,uyyrbtl2,2,presurvey,AudioCheck,1779314486,1,0,0
tlbdf8n9,119,jdn3bwvb,1,presurvey,Introduction,1779314488,1,0,0
tlbdf8n9,115,bmiedi72,11,presurvey,Scenario,1779314489,1,0,0
tlbdf8n9,120,ji6hupiv,1,presurvey,Introduction,1779314495,1,0,0
tlbdf8n9,117,7m1yres5,5,presurvey,Training,1779314500,1,0,0
tlbdf8n9,119,jdn3bwvb,2,presurvey,AudioCheck,1779314501,1,0,0
tlbdf8n9,118,uyyrbtl2,3,presurvey,Demographics,1779314506,1,0,0
tlbdf8n9,114,bbzlj7ss,6,presurvey,TrainingNeighbor_1,1779314507,1,0,0
tlbdf8n9,89,wys8g5c0,13,mock_N08_N04_Aonly,GroupingWaitPage,1779314508,1,0,1
tlbdf8n9,89,wys8g5c0,14,mock_N08_N04_Aonly,GroupSizeWaitPage,1779314509,1,0,1
tlbdf8n9,119,jdn3bwvb,3,presurvey,Demographics,1779314510,1,0,0
tlbdf8n9,89,wys8g5c0,15,mock_N08_N04_Aonly,AttentionCheck,1779314514,1,0,0
tlbdf8n9,120,ji6hupiv,2,presurvey,AudioCheck,1779314518,1,0,0
tlbdf8n9,116,vg1qe23b,5,presurvey,Training,1779314520,1,0,0
tlbdf8n9,117,7m1yres5,6,presurvey,TrainingNeighbor_1,1779314520,1,0,0
tlbdf8n9,119,jdn3bwvb,4,presurvey,NeighborhoodInstruction,1779314524,1,0,0
tlbdf8n9,110,1d64igph,6,presurvey,TrainingNeighbor_1,1779314524,1,0,0
tlbdf8n9,117,7m1yres5,7,presurvey,TrainingNeighbor_2,1779314527,1,0,0
tlbdf8n9,120,ji6hupiv,3,presurvey,Demographics,1779314533,1,0,0
tlbdf8n9,114,bbzlj7ss,10,presurvey,ExperimentInstruction,1779314536,1,0,0
tlbdf8n9,117,7m1yres5,10,presurvey,ExperimentInstruction,1779314537,1,0,0
tlbdf8n9,113,jfrwoi4r,6,presurvey,TrainingNeighbor_1,1779314553,1,0,0
tlbdf8n9,120,ji6hupiv,4,presurvey,NeighborhoodInstruction,1779314556,1,0,0
tlbdf8n9,119,jdn3bwvb,5,presurvey,Training,1779314562,1,0,0
tlbdf8n9,117,7m1yres5,11,presurvey,Scenario,1779314565,1,0,0
tlbdf8n9,113,jfrwoi4r,10,presurvey,ExperimentInstruction,1779314568,1,0,0
tlbdf8n9,114,bbzlj7ss,11,presurvey,Scenario,1779314574,1,0,0
tlbdf8n9,122,5ye8ate8,0,,InitializeParticipant,1779314581,1,0,0
tlbdf8n9,117,7m1yres5,12,presurvey,Commitment,1779314584,1,0,0
tlbdf8n9,120,ji6hupiv,5,presurvey,Training,1779314584,1,0,0
tlbdf8n9,118,uyyrbtl2,4,presurvey,NeighborhoodInstruction,1779314590,1,0,0
tlbdf8n9,123,w49krc0x,0,,InitializeParticipant,1779314591,1,0,0
tlbdf8n9,116,vg1qe23b,6,presurvey,TrainingNeighbor_1,1779314597,1,0,0
tlbdf8n9,119,jdn3bwvb,6,presurvey,TrainingNeighbor_1,1779314600,1,0,0
tlbdf8n9,122,5ye8ate8,1,presurvey,Introduction,1779314606,1,0,0
tlbdf8n9,116,vg1qe23b,7,presurvey,TrainingNeighbor_2,1779314606,1,0,0
tlbdf8n9,119,jdn3bwvb,10,presurvey,ExperimentInstruction,1779314608,1,0,0
tlbdf8n9,123,w49krc0x,1,presurvey,Introduction,1779314615,1,0,0
tlbdf8n9,120,ji6hupiv,6,presurvey,TrainingNeighbor_1,1779314618,1,0,0
tlbdf8n9,116,vg1qe23b,10,presurvey,ExperimentInstruction,1779314620,1,0,0
tlbdf8n9,124,x58b4saf,0,,InitializeParticipant,1779314620,1,0,0
tlbdf8n9,110,1d64igph,10,presurvey,ExperimentInstruction,1779314623,1,0,0
tlbdf8n9,122,5ye8ate8,2,presurvey,AudioCheck,1779314628,1,0,0
tlbdf8n9,96,trxkzavg,13,mock_N08_N04_Aonly,GroupingWaitPage,1779314630,1,0,1
tlbdf8n9,96,trxkzavg,14,mock_N08_N04_Aonly,GroupSizeWaitPage,1779314631,1,0,1
tlbdf8n9,116,vg1qe23b,11,presurvey,Scenario,1779314631,1,0,0
tlbdf8n9,96,trxkzavg,15,mock_N08_N04_Aonly,AttentionCheck,1779314636,1,0,0
tlbdf8n9,113,jfrwoi4r,11,presurvey,Scenario,1779314638,1,0,0
tlbdf8n9,119,jdn3bwvb,11,presurvey,Scenario,1779314639,1,0,0
tlbdf8n9,124,x58b4saf,1,presurvey,Introduction,1779314645,1,0,0
tlbdf8n9,122,5ye8ate8,3,presurvey,Demographics,1779314645,1,0,0
tlbdf8n9,125,t3asv3a2,0,,InitializeParticipant,1779314648,1,0,0
tlbdf8n9,126,l4p4cmr4,0,,InitializeParticipant,1779314651,1,0,0
tlbdf8n9,122,5ye8ate8,4,presurvey,NeighborhoodInstruction,1779314658,1,0,0
tlbdf8n9,125,t3asv3a2,1,presurvey,Introduction,1779314661,1,0,0
tlbdf8n9,118,uyyrbtl2,5,presurvey,Training,1779314663,1,0,0
tlbdf8n9,123,w49krc0x,2,presurvey,AudioCheck,1779314664,1,0,0
tlbdf8n9,113,jfrwoi4r,12,presurvey,Commitment,1779314664,1,0,0
tlbdf8n9,126,l4p4cmr4,1,presurvey,Introduction,1779314671,1,0,0
tlbdf8n9,124,x58b4saf,2,presurvey,AudioCheck,1779314678,1,0,0
tlbdf8n9,110,1d64igph,11,presurvey,Scenario,1779314681,1,0,0
tlbdf8n9,123,w49krc0x,3,presurvey,Demographics,1779314682,1,0,0
tlbdf8n9,125,t3asv3a2,2,presurvey,AudioCheck,1779314692,1,0,0
tlbdf8n9,124,x58b4saf,3,presurvey,Demographics,1779314695,1,0,0
tlbdf8n9,126,l4p4cmr4,2,presurvey,AudioCheck,1779314696,1,0,0
tlbdf8n9,116,vg1qe23b,12,presurvey,Commitment,1779314697,1,0,0
tlbdf8n9,122,5ye8ate8,5,presurvey,Training,1779314700,1,0,0
tlbdf8n9,123,w49krc0x,4,presurvey,NeighborhoodInstruction,1779314707,1,0,0
tlbdf8n9,120,ji6hupiv,10,presurvey,ExperimentInstruction,1779314709,1,0,0
tlbdf8n9,125,t3asv3a2,3,presurvey,Demographics,1779314713,1,0,0
tlbdf8n9,118,uyyrbtl2,6,presurvey,TrainingNeighbor_1,1779314714,1,0,0
tlbdf8n9,126,l4p4cmr4,3,presurvey,Demographics,1779314714,1,0,0
tlbdf8n9,124,x58b4saf,4,presurvey,NeighborhoodInstruction,1779314715,1,0,0
tlbdf8n9,118,uyyrbtl2,10,presurvey,ExperimentInstruction,1779314720,1,0,0
tlbdf8n9,127,bfwebvhe,0,,InitializeParticipant,1779314726,1,0,0
tlbdf8n9,123,w49krc0x,5,presurvey,Training,1779314729,1,0,0
tlbdf8n9,127,bfwebvhe,1,presurvey,Introduction,1779314730,1,0,0
tlbdf8n9,120,ji6hupiv,11,presurvey,Scenario,1779314730,1,0,0
tlbdf8n9,125,t3asv3a2,4,presurvey,NeighborhoodInstruction,1779314736,1,0,0
tlbdf8n9,110,1d64igph,12,presurvey,Commitment,1779314745,1,0,0
tlbdf8n9,123,w49krc0x,6,presurvey,TrainingNeighbor_1,1779314757,1,0,0
tlbdf8n9,126,l4p4cmr4,4,presurvey,NeighborhoodInstruction,1779314757,1,0,0
tlbdf8n9,124,x58b4saf,5,presurvey,Training,1779314757,1,0,0
tlbdf8n9,123,w49krc0x,10,presurvey,ExperimentInstruction,1779314764,1,0,0
tlbdf8n9,127,bfwebvhe,2,presurvey,AudioCheck,1779314764,1,0,0
tlbdf8n9,125,t3asv3a2,5,presurvey,Training,1779314771,1,0,0
tlbdf8n9,122,5ye8ate8,6,presurvey,TrainingNeighbor_1,1779314773,1,0,0
tlbdf8n9,128,phsdbsec,0,,InitializeParticipant,1779314776,1,0,0
tlbdf8n9,118,uyyrbtl2,11,presurvey,Scenario,1779314778,1,0,0
tlbdf8n9,122,5ye8ate8,7,presurvey,TrainingNeighbor_2,1779314778,1,0,0
tlbdf8n9,127,bfwebvhe,3,presurvey,Demographics,1779314779,1,0,0
tlbdf8n9,122,5ye8ate8,10,presurvey,ExperimentInstruction,1779314783,1,0,0
tlbdf8n9,127,bfwebvhe,4,presurvey,NeighborhoodInstruction,1779314791,1,0,0
tlbdf8n9,124,x58b4saf,6,presurvey,TrainingNeighbor_1,1779314802,1,0,0
tlbdf8n9,128,phsdbsec,1,presurvey,Introduction,1779314805,1,0,0
tlbdf8n9,123,w49krc0x,11,presurvey,Scenario,1779314805,1,0,0
tlbdf8n9,127,bfwebvhe,5,presurvey,Training,1779314812,1,0,0
tlbdf8n9,125,t3asv3a2,6,presurvey,TrainingNeighbor_1,1779314812,1,0,0
tlbdf8n9,126,l4p4cmr4,5,presurvey,Training,1779314812,1,0,0
tlbdf8n9,124,x58b4saf,10,presurvey,ExperimentInstruction,1779314812,1,0,0
tlbdf8n9,125,t3asv3a2,10,presurvey,ExperimentInstruction,1779314819,1,0,0
tlbdf8n9,122,5ye8ate8,11,presurvey,Scenario,1779314824,1,0,0
tlbdf8n9,128,phsdbsec,2,presurvey,AudioCheck,1779314829,1,0,0
tlbdf8n9,127,bfwebvhe,6,presurvey,TrainingNeighbor_1,1779314837,1,0,0
tlbdf8n9,124,x58b4saf,11,presurvey,Scenario,1779314840,1,0,0
tlbdf8n9,125,t3asv3a2,11,presurvey,Scenario,1779314845,1,0,0
tlbdf8n9,126,l4p4cmr4,6,presurvey,TrainingNeighbor_1,1779314846,1,0,0
tlbdf8n9,129,had35uk8,0,,InitializeParticipant,1779314848,1,0,0
tlbdf8n9,130,3d9d2hb0,0,,InitializeParticipant,1779314850,1,0,0
tlbdf8n9,128,phsdbsec,3,presurvey,Demographics,1779314851,1,0,0
tlbdf8n9,127,bfwebvhe,7,presurvey,TrainingNeighbor_2,1779314854,1,0,0
tlbdf8n9,126,l4p4cmr4,10,presurvey,ExperimentInstruction,1779314854,1,0,0
tlbdf8n9,127,bfwebvhe,10,presurvey,ExperimentInstruction,1779314858,1,0,0
tlbdf8n9,131,0lxof0mo,0,,InitializeParticipant,1779314861,1,0,0
tlbdf8n9,130,3d9d2hb0,1,presurvey,Introduction,1779314863,1,0,0
tlbdf8n9,128,phsdbsec,4,presurvey,NeighborhoodInstruction,1779314866,1,0,0
tlbdf8n9,129,had35uk8,1,presurvey,Introduction,1779314871,1,0,0
tlbdf8n9,118,uyyrbtl2,12,presurvey,Commitment,1779314872,1,0,0
tlbdf8n9,124,x58b4saf,12,presurvey,Commitment,1779314880,1,0,0
tlbdf8n9,127,bfwebvhe,11,presurvey,Scenario,1779314888,1,0,0
tlbdf8n9,130,3d9d2hb0,2,presurvey,AudioCheck,1779314893,1,0,0
tlbdf8n9,125,t3asv3a2,12,presurvey,Commitment,1779314895,1,0,0
tlbdf8n9,128,phsdbsec,5,presurvey,Training,1779314900,1,0,0
tlbdf8n9,126,l4p4cmr4,11,presurvey,Scenario,1779314904,1,0,0
tlbdf8n9,127,bfwebvhe,12,presurvey,Commitment,1779314918,1,0,0
tlbdf8n9,129,had35uk8,2,presurvey,AudioCheck,1779314918,1,0,0
tlbdf8n9,128,phsdbsec,6,presurvey,TrainingNeighbor_1,1779314925,1,0,0
tlbdf8n9,130,3d9d2hb0,3,presurvey,Demographics,1779314929,1,0,0
tlbdf8n9,128,phsdbsec,7,presurvey,TrainingNeighbor_2,1779314935,1,0,0
tlbdf8n9,128,phsdbsec,8,presurvey,AttentionCheck,1779314946,1,0,0
tlbdf8n9,131,0lxof0mo,1,presurvey,Introduction,1779314948,1,0,0
tlbdf8n9,99,fm0ee4mg,13,mock_N08_N04_Aonly,GroupingWaitPage,1779314950,1,0,1
tlbdf8n9,99,fm0ee4mg,14,mock_N08_N04_Aonly,GroupSizeWaitPage,1779314951,1,0,1
tlbdf8n9,128,phsdbsec,9,presurvey,TrainingNeighbor_3,1779314961,1,0,0
tlbdf8n9,129,had35uk8,3,presurvey,Demographics,1779314967,1,0,0
tlbdf8n9,99,fm0ee4mg,15,mock_N08_N04_Aonly,AttentionCheck,1779314967,1,0,0
tlbdf8n9,131,0lxof0mo,2,presurvey,AudioCheck,1779314970,1,0,0
tlbdf8n9,131,0lxof0mo,3,presurvey,Demographics,1779314982,1,0,0
tlbdf8n9,132,6kytrs56,0,,InitializeParticipant,1779314984,1,0,0
tlbdf8n9,126,l4p4cmr4,12,presurvey,Commitment,1779315000,1,0,0
tlbdf8n9,131,0lxof0mo,4,presurvey,NeighborhoodInstruction,1779315018,1,0,0
tlbdf8n9,132,6kytrs56,1,presurvey,Introduction,1779315019,1,0,0
tlbdf8n9,130,3d9d2hb0,4,presurvey,NeighborhoodInstruction,1779315021,1,0,0
tlbdf8n9,129,had35uk8,4,presurvey,NeighborhoodInstruction,1779315033,1,0,0
tlbdf8n9,131,0lxof0mo,5,presurvey,Training,1779315045,1,0,0
tlbdf8n9,130,3d9d2hb0,5,presurvey,Training,1779315049,1,0,0
tlbdf8n9,101,xah9mkoi,13,mock_N08_N04_Aonly,GroupingWaitPage,1779315053,1,0,1
tlbdf8n9,107,rrm0vkiu,13,mock_N08_N04_Aonly,GroupingWaitPage,1779315053,1,0,1
tlbdf8n9,113,jfrwoi4r,13,mock_N08_N04_Aonly,GroupingWaitPage,1779315053,1,0,1
tlbdf8n9,116,vg1qe23b,13,mock_N08_N04_Aonly,GroupingWaitPage,1779315053,1,0,1
tlbdf8n9,132,6kytrs56,2,presurvey,AudioCheck,1779315054,1,0,0
tlbdf8n9,101,xah9mkoi,14,mock_N08_N04_Aonly,GroupSizeWaitPage,1779315054,1,0,1
tlbdf8n9,107,rrm0vkiu,14,mock_N08_N04_Aonly,GroupSizeWaitPage,1779315054,1,0,1
tlbdf8n9,113,jfrwoi4r,14,mock_N08_N04_Aonly,GroupSizeWaitPage,1779315054,1,0,1
tlbdf8n9,116,vg1qe23b,14,mock_N08_N04_Aonly,GroupSizeWaitPage,1779315054,1,0,1
tlbdf8n9,101,xah9mkoi,16,mock_N08_N04_Aonly,DiscussionGRPWaitPage,1779315055,1,0,1
tlbdf8n9,113,jfrwoi4r,16,mock_N08_N04_Aonly,DiscussionGRPWaitPage,1779315055,1,0,1
tlbdf8n9,107,rrm0vkiu,16,mock_N08_N04_Aonly,DiscussionGRPWaitPage,1779315055,1,0,1
tlbdf8n9,116,vg1qe23b,16,mock_N08_N04_Aonly,DiscussionGRPWaitPage,1779315055,1,0,1
tlbdf8n9,116,vg1qe23b,20,mock_N08_N04_Aonly,Phase3,1779315066,1,0,0
tlbdf8n9,132,6kytrs56,3,presurvey,Demographics,1779315068,1,0,0
tlbdf8n9,113,jfrwoi4r,20,mock_N08_N04_Aonly,Phase3,1779315069,1,0,0
tlbdf8n9,107,rrm0vkiu,20,mock_N08_N04_Aonly,Phase3,1779315069,1,0,0
tlbdf8n9,116,vg1qe23b,21,mock_N08_N04_Aonly,Discussion,1779315071,1,0,0
tlbdf8n9,131,0lxof0mo,6,presurvey,TrainingNeighbor_1,1779315073,1,0,0
tlbdf8n9,113,jfrwoi4r,21,mock_N08_N04_Aonly,Discussion,1779315075,1,0,0
tlbdf8n9,133,ghrjdr1b,0,,InitializeParticipant,1779315080,1,0,0
tlbdf8n9,101,xah9mkoi,20,mock_N08_N04_Aonly,Phase3,1779315081,1,0,0
tlbdf8n9,107,rrm0vkiu,21,mock_N08_N04_Aonly,Discussion,1779315082,1,0,0
tlbdf8n9,133,ghrjdr1b,1,presurvey,Introduction,1779315089,1,0,0
tlbdf8n9,101,xah9mkoi,21,mock_N08_N04_Aonly,Discussion,1779315096,1,0,0
tlbdf8n9,101,xah9mkoi,28,mock_N08_N04_Aonly,DiscussionGRPWaitPage,1779315097,2,0,1
tlbdf8n9,113,jfrwoi4r,28,mock_N08_N04_Aonly,DiscussionGRPWaitPage,1779315097,2,0,1
tlbdf8n9,107,rrm0vkiu,28,mock_N08_N04_Aonly,DiscussionGRPWaitPage,1779315097,2,0,1
tlbdf8n9,116,vg1qe23b,28,mock_N08_N04_Aonly,DiscussionGRPWaitPage,1779315097,2,0,1
tlbdf8n9,116,vg1qe23b,33,mock_N08_N04_Aonly,Discussion,1779315102,2,0,0
tlbdf8n9,113,jfrwoi4r,33,mock_N08_N04_Aonly,Discussion,1779315102,2,0,0
tlbdf8n9,131,0lxof0mo,7,presurvey,TrainingNeighbor_2,1779315105,1,0,0
tlbdf8n9,132,6kytrs56,4,presurvey,NeighborhoodInstruction,1779315105,1,0,0
tlbdf8n9,107,rrm0vkiu,33,mock_N08_N04_Aonly,Discussion,1779315106,2,0,0
tlbdf8n9,101,xah9mkoi,33,mock_N08_N04_Aonly,Discussion,1779315107,2,0,0
tlbdf8n9,101,xah9mkoi,40,mock_N08_N04_Aonly,DiscussionGRPWaitPage,1779315107,3,0,1
tlbdf8n9,113,jfrwoi4r,40,mock_N08_N04_Aonly,DiscussionGRPWaitPage,1779315107,3,0,1
tlbdf8n9,107,rrm0vkiu,40,mock_N08_N04_Aonly,DiscussionGRPWaitPage,1779315107,3,0,1
tlbdf8n9,116,vg1qe23b,40,mock_N08_N04_Aonly,DiscussionGRPWaitPage,1779315107,3,0,1
tlbdf8n9,133,ghrjdr1b,2,presurvey,AudioCheck,1779315109,1,0,0
tlbdf8n9,131,0lxof0mo,10,presurvey,ExperimentInstruction,1779315110,1,0,0
tlbdf8n9,129,had35uk8,5,presurvey,Training,1779315111,1,0,0
tlbdf8n9,113,jfrwoi4r,45,mock_N08_N04_Aonly,Discussion,1779315113,3,0,0
tlbdf8n9,107,rrm0vkiu,45,mock_N08_N04_Aonly,Discussion,1779315113,3,0,0
tlbdf8n9,116,vg1qe23b,45,mock_N08_N04_Aonly,Discussion,1779315114,3,0,0
tlbdf8n9,101,xah9mkoi,45,mock_N08_N04_Aonly,Discussion,1779315118,3,0,0
tlbdf8n9,101,xah9mkoi,52,mock_N08_N04_Aonly,DiscussionGRPWaitPage,1779315118,4,0,1
tlbdf8n9,113,jfrwoi4r,52,mock_N08_N04_Aonly,DiscussionGRPWaitPage,1779315118,4,0,1
tlbdf8n9,107,rrm0vkiu,52,mock_N08_N04_Aonly,DiscussionGRPWaitPage,1779315118,4,0,1
tlbdf8n9,116,vg1qe23b,52,mock_N08_N04_Aonly,DiscussionGRPWaitPage,1779315118,4,0,1
tlbdf8n9,134,87xkf5ju,0,,InitializeParticipant,1779315118,1,0,0
tlbdf8n9,107,rrm0vkiu,57,mock_N08_N04_Aonly,Discussion,1779315123,4,0,0
tlbdf8n9,113,jfrwoi4r,57,mock_N08_N04_Aonly,Discussion,1779315123,4,0,0
tlbdf8n9,133,ghrjdr1b,3,presurvey,Demographics,1779315125,1,0,0
tlbdf8n9,101,xah9mkoi,57,mock_N08_N04_Aonly,Discussion,1779315125,4,0,0
tlbdf8n9,132,6kytrs56,5,presurvey,Training,1779315126,1,0,0
tlbdf8n9,116,vg1qe23b,57,mock_N08_N04_Aonly,Discussion,1779315129,4,0,0
tlbdf8n9,101,xah9mkoi,64,mock_N08_N04_Aonly,DiscussionGRPWaitPage,1779315130,5,0,1
tlbdf8n9,113,jfrwoi4r,64,mock_N08_N04_Aonly,DiscussionGRPWaitPage,1779315130,5,0,1
tlbdf8n9,107,rrm0vkiu,64,mock_N08_N04_Aonly,DiscussionGRPWaitPage,1779315130,5,0,1
tlbdf8n9,116,vg1qe23b,64,mock_N08_N04_Aonly,DiscussionGRPWaitPage,1779315130,5,0,1
tlbdf8n9,107,rrm0vkiu,69,mock_N08_N04_Aonly,Discussion,1779315134,5,0,0
tlbdf8n9,116,vg1qe23b,69,mock_N08_N04_Aonly,Discussion,1779315135,5,0,0
tlbdf8n9,131,0lxof0mo,11,presurvey,Scenario,1779315135,1,0,0
tlbdf8n9,113,jfrwoi4r,69,mock_N08_N04_Aonly,Discussion,1779315141,5,0,0
tlbdf8n9,101,xah9mkoi,69,mock_N08_N04_Aonly,Discussion,1779315142,5,0,0
tlbdf8n9,133,ghrjdr1b,4,presurvey,NeighborhoodInstruction,1779315142,1,0,0
tlbdf8n9,107,rrm0vkiu,76,mock_N08_N04_Aonly,DiscussionGRPWaitPage,1779315142,6,0,1
tlbdf8n9,116,vg1qe23b,76,mock_N08_N04_Aonly,DiscussionGRPWaitPage,1779315142,6,0,1
tlbdf8n9,101,xah9mkoi,76,mock_N08_N04_Aonly,DiscussionGRPWaitPage,1779315142,6,0,1
tlbdf8n9,113,jfrwoi4r,76,mock_N08_N04_Aonly,DiscussionGRPWaitPage,1779315142,6,0,1
tlbdf8n9,116,vg1qe23b,81,mock_N08_N04_Aonly,Discussion,1779315144,6,0,0
tlbdf8n9,134,87xkf5ju,1,presurvey,Introduction,1779315146,1,0,0
tlbdf8n9,107,rrm0vkiu,81,mock_N08_N04_Aonly,Discussion,1779315147,6,0,0
tlbdf8n9,113,jfrwoi4r,81,mock_N08_N04_Aonly,Discussion,1779315148,6,0,0
tlbdf8n9,132,6kytrs56,6,presurvey,TrainingNeighbor_1,1779315150,1,0,0
tlbdf8n9,101,xah9mkoi,81,mock_N08_N04_Aonly,Discussion,1779315150,6,0,0
tlbdf8n9,101,xah9mkoi,88,mock_N08_N04_Aonly,DiscussionGRPWaitPage,1779315151,7,0,1
tlbdf8n9,113,jfrwoi4r,88,mock_N08_N04_Aonly,DiscussionGRPWaitPage,1779315151,7,0,1
tlbdf8n9,107,rrm0vkiu,88,mock_N08_N04_Aonly,DiscussionGRPWaitPage,1779315151,7,0,1
tlbdf8n9,116,vg1qe23b,88,mock_N08_N04_Aonly,DiscussionGRPWaitPage,1779315151,7,0,1
tlbdf8n9,116,vg1qe23b,93,mock_N08_N04_Aonly,Discussion,1779315153,7,0,0
tlbdf8n9,132,6kytrs56,10,presurvey,ExperimentInstruction,1779315155,1,0,0
tlbdf8n9,107,rrm0vkiu,93,mock_N08_N04_Aonly,Discussion,1779315155,7,0,0
tlbdf8n9,101,xah9mkoi,93,mock_N08_N04_Aonly,Discussion,1779315158,7,0,0
tlbdf8n9,113,jfrwoi4r,93,mock_N08_N04_Aonly,Discussion,1779315160,7,0,0
tlbdf8n9,101,xah9mkoi,100,mock_N08_N04_Aonly,DiscussionGRPWaitPage,1779315161,8,0,1
tlbdf8n9,113,jfrwoi4r,100,mock_N08_N04_Aonly,DiscussionGRPWaitPage,1779315161,8,0,1
tlbdf8n9,107,rrm0vkiu,100,mock_N08_N04_Aonly,DiscussionGRPWaitPage,1779315161,8,0,1
tlbdf8n9,116,vg1qe23b,100,mock_N08_N04_Aonly,DiscussionGRPWaitPage,1779315161,8,0,1
tlbdf8n9,116,vg1qe23b,105,mock_N08_N04_Aonly,Discussion,1779315164,8,0,0
tlbdf8n9,107,rrm0vkiu,105,mock_N08_N04_Aonly,Discussion,1779315165,8,0,0
tlbdf8n9,101,xah9mkoi,105,mock_N08_N04_Aonly,Discussion,1779315167,8,0,0
tlbdf8n9,113,jfrwoi4r,105,mock_N08_N04_Aonly,Discussion,1779315169,8,0,0
tlbdf8n9,101,xah9mkoi,112,mock_N08_N04_Aonly,DiscussionGRPWaitPage,1779315170,9,0,1
tlbdf8n9,113,jfrwoi4r,112,mock_N08_N04_Aonly,DiscussionGRPWaitPage,1779315170,9,0,1
tlbdf8n9,107,rrm0vkiu,112,mock_N08_N04_Aonly,DiscussionGRPWaitPage,1779315170,9,0,1
tlbdf8n9,116,vg1qe23b,112,mock_N08_N04_Aonly,DiscussionGRPWaitPage,1779315170,9,0,1
tlbdf8n9,134,87xkf5ju,2,presurvey,AudioCheck,1779315171,1,0,0
tlbdf8n9,135,5ydiy8bz,0,,InitializeParticipant,1779315171,1,0,0
tlbdf8n9,116,vg1qe23b,117,mock_N08_N04_Aonly,Discussion,1779315172,9,0,0
tlbdf8n9,107,rrm0vkiu,117,mock_N08_N04_Aonly,Discussion,1779315174,9,0,0
tlbdf8n9,113,jfrwoi4r,117,mock_N08_N04_Aonly,Discussion,1779315176,9,0,0
tlbdf8n9,101,xah9mkoi,117,mock_N08_N04_Aonly,Discussion,1779315177,9,0,0
tlbdf8n9,101,xah9mkoi,124,mock_N08_N04_Aonly,DiscussionGRPWaitPage,1779315177,10,0,1
tlbdf8n9,113,jfrwoi4r,124,mock_N08_N04_Aonly,DiscussionGRPWaitPage,1779315177,10,0,1
tlbdf8n9,107,rrm0vkiu,124,mock_N08_N04_Aonly,DiscussionGRPWaitPage,1779315177,10,0,1
tlbdf8n9,116,vg1qe23b,124,mock_N08_N04_Aonly,DiscussionGRPWaitPage,1779315177,10,0,1
tlbdf8n9,116,vg1qe23b,129,mock_N08_N04_Aonly,Discussion,1779315179,10,0,0
tlbdf8n9,133,ghrjdr1b,5,presurvey,Training,1779315181,1,0,0
tlbdf8n9,113,jfrwoi4r,129,mock_N08_N04_Aonly,Discussion,1779315182,10,0,0
tlbdf8n9,101,xah9mkoi,129,mock_N08_N04_Aonly,Discussion,1779315183,10,0,0
tlbdf8n9,107,rrm0vkiu,129,mock_N08_N04_Aonly,Discussion,1779315184,10,0,0
tlbdf8n9,101,xah9mkoi,136,mock_N08_N04_Aonly,DiscussionGRPWaitPage,1779315184,11,0,1
tlbdf8n9,113,jfrwoi4r,136,mock_N08_N04_Aonly,DiscussionGRPWaitPage,1779315184,11,0,1
tlbdf8n9,107,rrm0vkiu,136,mock_N08_N04_Aonly,DiscussionGRPWaitPage,1779315184,11,0,1
tlbdf8n9,116,vg1qe23b,136,mock_N08_N04_Aonly,DiscussionGRPWaitPage,1779315184,11,0,1
tlbdf8n9,132,6kytrs56,11,presurvey,Scenario,1779315185,1,0,0
tlbdf8n9,116,vg1qe23b,141,mock_N08_N04_Aonly,Discussion,1779315187,11,0,0
tlbdf8n9,134,87xkf5ju,3,presurvey,Demographics,1779315188,1,0,0
tlbdf8n9,129,had35uk8,6,presurvey,TrainingNeighbor_1,1779315190,1,0,0
tlbdf8n9,107,rrm0vkiu,141,mock_N08_N04_Aonly,Discussion,1779315191,11,0,0
tlbdf8n9,113,jfrwoi4r,141,mock_N08_N04_Aonly,Discussion,1779315191,11,0,0
tlbdf8n9,101,xah9mkoi,141,mock_N08_N04_Aonly,Discussion,1779315194,11,0,0
tlbdf8n9,101,xah9mkoi,148,mock_N08_N04_Aonly,DiscussionGRPWaitPage,1779315194,12,0,1
tlbdf8n9,113,jfrwoi4r,148,mock_N08_N04_Aonly,DiscussionGRPWaitPage,1779315194,12,0,1
tlbdf8n9,107,rrm0vkiu,148,mock_N08_N04_Aonly,DiscussionGRPWaitPage,1779315194,12,0,1
tlbdf8n9,116,vg1qe23b,148,mock_N08_N04_Aonly,DiscussionGRPWaitPage,1779315194,12,0,1
tlbdf8n9,116,vg1qe23b,153,mock_N08_N04_Aonly,Discussion,1779315197,12,0,0
tlbdf8n9,107,rrm0vkiu,153,mock_N08_N04_Aonly,Discussion,1779315199,12,0,0
tlbdf8n9,101,xah9mkoi,153,mock_N08_N04_Aonly,Discussion,1779315199,12,0,0
tlbdf8n9,113,jfrwoi4r,153,mock_N08_N04_Aonly,Discussion,1779315204,12,0,0
tlbdf8n9,130,3d9d2hb0,6,presurvey,TrainingNeighbor_1,1779315204,1,0,0
tlbdf8n9,101,xah9mkoi,160,mock_N08_N04_Aonly,DiscussionGRPWaitPage,1779315205,13,0,1
tlbdf8n9,113,jfrwoi4r,160,mock_N08_N04_Aonly,DiscussionGRPWaitPage,1779315205,13,0,1
tlbdf8n9,107,rrm0vkiu,160,mock_N08_N04_Aonly,DiscussionGRPWaitPage,1779315205,13,0,1
tlbdf8n9,116,vg1qe23b,160,mock_N08_N04_Aonly,DiscussionGRPWaitPage,1779315205,13,0,1
tlbdf8n9,116,vg1qe23b,165,mock_N08_N04_Aonly,Discussion,1779315207,13,0,0
tlbdf8n9,113,jfrwoi4r,165,mock_N08_N04_Aonly,Discussion,1779315210,13,0,0
tlbdf8n9,101,xah9mkoi,165,mock_N08_N04_Aonly,Discussion,1779315211,13,0,0
tlbdf8n9,107,rrm0vkiu,165,mock_N08_N04_Aonly,Discussion,1779315212,13,0,0
tlbdf8n9,101,xah9mkoi,172,mock_N08_N04_Aonly,DiscussionGRPWaitPage,1779315212,14,0,1
tlbdf8n9,113,jfrwoi4r,172,mock_N08_N04_Aonly,DiscussionGRPWaitPage,1779315212,14,0,1
tlbdf8n9,107,rrm0vkiu,172,mock_N08_N04_Aonly,DiscussionGRPWaitPage,1779315212,14,0,1
tlbdf8n9,116,vg1qe23b,172,mock_N08_N04_Aonly,DiscussionGRPWaitPage,1779315212,14,0,1
tlbdf8n9,133,ghrjdr1b,6,presurvey,TrainingNeighbor_1,1779315213,1,0,0
tlbdf8n9,116,vg1qe23b,177,mock_N08_N04_Aonly,Discussion,1779315214,14,0,0
tlbdf8n9,107,rrm0vkiu,177,mock_N08_N04_Aonly,Discussion,1779315216,14,0,0
tlbdf8n9,101,xah9mkoi,177,mock_N08_N04_Aonly,Discussion,1779315219,14,0,0
tlbdf8n9,133,ghrjdr1b,7,presurvey,TrainingNeighbor_2,1779315221,1,0,0
tlbdf8n9,134,87xkf5ju,4,presurvey,NeighborhoodInstruction,1779315224,1,0,0
tlbdf8n9,113,jfrwoi4r,177,mock_N08_N04_Aonly,Discussion,1779315225,14,0,0
tlbdf8n9,101,xah9mkoi,184,mock_N08_N04_Aonly,DiscussionGRPWaitPage,1779315226,15,0,1
tlbdf8n9,113,jfrwoi4r,184,mock_N08_N04_Aonly,DiscussionGRPWaitPage,1779315226,15,0,1
tlbdf8n9,107,rrm0vkiu,184,mock_N08_N04_Aonly,DiscussionGRPWaitPage,1779315226,15,0,1
tlbdf8n9,116,vg1qe23b,184,mock_N08_N04_Aonly,DiscussionGRPWaitPage,1779315226,15,0,1
tlbdf8n9,133,ghrjdr1b,10,presurvey,ExperimentInstruction,1779315227,1,0,0
tlbdf8n9,129,had35uk8,10,presurvey,ExperimentInstruction,1779315228,1,0,0
tlbdf8n9,116,vg1qe23b,189,mock_N08_N04_Aonly,Discussion,1779315228,15,0,0
tlbdf8n9,107,rrm0vkiu,189,mock_N08_N04_Aonly,Discussion,1779315230,15,0,0
tlbdf8n9,101,xah9mkoi,189,mock_N08_N04_Aonly,Discussion,1779315231,15,0,0
tlbdf8n9,113,jfrwoi4r,189,mock_N08_N04_Aonly,Discussion,1779315232,15,0,0
tlbdf8n9,101,xah9mkoi,196,mock_N08_N04_Aonly,DiscussionGRPWaitPage,1779315233,16,0,1
tlbdf8n9,113,jfrwoi4r,196,mock_N08_N04_Aonly,DiscussionGRPWaitPage,1779315233,16,0,1
tlbdf8n9,107,rrm0vkiu,196,mock_N08_N04_Aonly,DiscussionGRPWaitPage,1779315233,16,0,1
tlbdf8n9,116,vg1qe23b,196,mock_N08_N04_Aonly,DiscussionGRPWaitPage,1779315233,16,0,1
tlbdf8n9,116,vg1qe23b,201,mock_N08_N04_Aonly,Discussion,1779315235,16,0,0
tlbdf8n9,132,6kytrs56,12,presurvey,Commitment,1779315236,1,0,0
tlbdf8n9,130,3d9d2hb0,10,presurvey,ExperimentInstruction,1779315238,1,0,0
tlbdf8n9,107,rrm0vkiu,201,mock_N08_N04_Aonly,Discussion,1779315238,16,0,0
tlbdf8n9,101,xah9mkoi,201,mock_N08_N04_Aonly,Discussion,1779315239,16,0,0
tlbdf8n9,113,jfrwoi4r,201,mock_N08_N04_Aonly,Discussion,1779315240,16,0,0
tlbdf8n9,101,xah9mkoi,208,mock_N08_N04_Aonly,DiscussionGRPWaitPage,1779315240,17,0,1
tlbdf8n9,113,jfrwoi4r,208,mock_N08_N04_Aonly,DiscussionGRPWaitPage,1779315240,17,0,1
tlbdf8n9,107,rrm0vkiu,208,mock_N08_N04_Aonly,DiscussionGRPWaitPage,1779315240,17,0,1
tlbdf8n9,116,vg1qe23b,208,mock_N08_N04_Aonly,DiscussionGRPWaitPage,1779315240,17,0,1
tlbdf8n9,116,vg1qe23b,213,mock_N08_N04_Aonly,Discussion,1779315242,17,0,0
tlbdf8n9,136,uhsny5yg,0,,InitializeParticipant,1779315243,1,0,0
tlbdf8n9,107,rrm0vkiu,213,mock_N08_N04_Aonly,Discussion,1779315245,17,0,0
tlbdf8n9,101,xah9mkoi,213,mock_N08_N04_Aonly,Discussion,1779315246,17,0,0
tlbdf8n9,113,jfrwoi4r,213,mock_N08_N04_Aonly,Discussion,1779315249,17,0,0
tlbdf8n9,101,xah9mkoi,220,mock_N08_N04_Aonly,DiscussionGRPWaitPage,1779315250,18,0,1
tlbdf8n9,113,jfrwoi4r,220,mock_N08_N04_Aonly,DiscussionGRPWaitPage,1779315250,18,0,1
tlbdf8n9,107,rrm0vkiu,220,mock_N08_N04_Aonly,DiscussionGRPWaitPage,1779315250,18,0,1
tlbdf8n9,116,vg1qe23b,220,mock_N08_N04_Aonly,DiscussionGRPWaitPage,1779315250,18,0,1
tlbdf8n9,116,vg1qe23b,225,mock_N08_N04_Aonly,Discussion,1779315251,18,0,0
tlbdf8n9,107,rrm0vkiu,225,mock_N08_N04_Aonly,Discussion,1779315253,18,0,0
tlbdf8n9,133,ghrjdr1b,11,presurvey,Scenario,1779315256,1,0,0
tlbdf8n9,101,xah9mkoi,225,mock_N08_N04_Aonly,Discussion,1779315262,18,0,0
tlbdf8n9,104,vm59ygg2,13,mock_N08_N04_Aonly,GroupingWaitPage,1779315263,1,0,1
tlbdf8n9,113,jfrwoi4r,225,mock_N08_N04_Aonly,Discussion,1779315263,18,0,0
tlbdf8n9,136,uhsny5yg,1,presurvey,Introduction,1779315263,1,0,0
tlbdf8n9,101,xah9mkoi,232,mock_N08_N04_Aonly,DiscussionGRPWaitPage,1779315263,19,0,1
tlbdf8n9,113,jfrwoi4r,232,mock_N08_N04_Aonly,DiscussionGRPWaitPage,1779315263,19,0,1
tlbdf8n9,107,rrm0vkiu,232,mock_N08_N04_Aonly,DiscussionGRPWaitPage,1779315263,19,0,1
tlbdf8n9,116,vg1qe23b,232,mock_N08_N04_Aonly,DiscussionGRPWaitPage,1779315263,19,0,1
tlbdf8n9,134,87xkf5ju,5,presurvey,Training,1779315264,1,0,0
tlbdf8n9,104,vm59ygg2,14,mock_N08_N04_Aonly,GroupSizeWaitPage,1779315264,1,0,1
tlbdf8n9,116,vg1qe23b,237,mock_N08_N04_Aonly,Discussion,1779315266,19,0,0
tlbdf8n9,137,6sui1lx3,0,,InitializeParticipant,1779315267,1,0,0
tlbdf8n9,107,rrm0vkiu,237,mock_N08_N04_Aonly,Discussion,1779315268,19,0,0
tlbdf8n9,104,vm59ygg2,15,mock_N08_N04_Aonly,AttentionCheck,1779315269,1,0,0
tlbdf8n9,101,xah9mkoi,237,mock_N08_N04_Aonly,Discussion,1779315271,19,0,0
tlbdf8n9,113,jfrwoi4r,237,mock_N08_N04_Aonly,Discussion,1779315271,19,0,0
tlbdf8n9,101,xah9mkoi,244,mock_N08_N04_Aonly,DiscussionGRPWaitPage,1779315271,20,0,1
tlbdf8n9,113,jfrwoi4r,244,mock_N08_N04_Aonly,DiscussionGRPWaitPage,1779315271,20,0,1
tlbdf8n9,107,rrm0vkiu,244,mock_N08_N04_Aonly,DiscussionGRPWaitPage,1779315271,20,0,1
tlbdf8n9,116,vg1qe23b,244,mock_N08_N04_Aonly,DiscussionGRPWaitPage,1779315271,20,0,1
tlbdf8n9,116,vg1qe23b,249,mock_N08_N04_Aonly,Discussion,1779315274,20,0,0
tlbdf8n9,107,rrm0vkiu,249,mock_N08_N04_Aonly,Discussion,1779315276,20,0,0
tlbdf8n9,137,6sui1lx3,1,presurvey,Introduction,1779315277,1,0,0
tlbdf8n9,101,xah9mkoi,249,mock_N08_N04_Aonly,Discussion,1779315277,20,0,0
tlbdf8n9,113,jfrwoi4r,249,mock_N08_N04_Aonly,Discussion,1779315278,20,0,0
tlbdf8n9,136,uhsny5yg,2,presurvey,AudioCheck,1779315278,1,0,0
tlbdf8n9,107,rrm0vkiu,250,mock_N08_N04_Aonly,Additional,1779315288,20,0,0
tlbdf8n9,136,uhsny5yg,3,presurvey,Demographics,1779315292,1,0,0
tlbdf8n9,116,vg1qe23b,250,mock_N08_N04_Aonly,Additional,1779315297,20,0,0
tlbdf8n9,136,uhsny5yg,4,presurvey,NeighborhoodInstruction,1779315300,1,0,0
tlbdf8n9,134,87xkf5ju,6,presurvey,TrainingNeighbor_1,1779315302,1,0,0
tlbdf8n9,129,had35uk8,11,presurvey,Scenario,1779315303,1,0,0
tlbdf8n9,101,xah9mkoi,250,mock_N08_N04_Aonly,Additional,1779315309,20,0,0
tlbdf8n9,113,jfrwoi4r,250,mock_N08_N04_Aonly,Additional,1779315309,20,0,0
tlbdf8n9,134,87xkf5ju,10,presurvey,ExperimentInstruction,1779315310,1,0,0
tlbdf8n9,137,6sui1lx3,2,presurvey,AudioCheck,1779315310,1,0,0
tlbdf8n9,101,xah9mkoi,251,mock_N08_N04_Aonly,FinalRoundWaitPage,1779315310,20,0,1
tlbdf8n9,107,rrm0vkiu,251,mock_N08_N04_Aonly,FinalRoundWaitPage,1779315310,20,0,1
tlbdf8n9,116,vg1qe23b,251,mock_N08_N04_Aonly,FinalRoundWaitPage,1779315310,20,0,1
tlbdf8n9,113,jfrwoi4r,251,mock_N08_N04_Aonly,FinalRoundWaitPage,1779315310,20,0,1
tlbdf8n9,130,3d9d2hb0,11,presurvey,Scenario,1779315315,1,0,0
tlbdf8n9,101,xah9mkoi,252,mock_N08_N04_Aonly,FinalRound,1779315322,20,0,0
tlbdf8n9,116,vg1qe23b,252,mock_N08_N04_Aonly,FinalRound,1779315322,20,0,0
tlbdf8n9,136,uhsny5yg,5,presurvey,Training,1779315322,1,0,0
tlbdf8n9,107,rrm0vkiu,252,mock_N08_N04_Aonly,FinalRound,1779315322,20,0,0
tlbdf8n9,113,jfrwoi4r,252,mock_N08_N04_Aonly,FinalRound,1779315322,20,0,0
tlbdf8n9,137,6sui1lx3,3,presurvey,Demographics,1779315334,1,0,0
tlbdf8n9,136,uhsny5yg,6,presurvey,TrainingNeighbor_1,1779315347,1,0,0
tlbdf8n9,136,uhsny5yg,7,presurvey,TrainingNeighbor_2,1779315352,1,0,0
tlbdf8n9,138,x33ngs77,0,,InitializeParticipant,1779315354,1,0,0
tlbdf8n9,134,87xkf5ju,11,presurvey,Scenario,1779315356,1,0,0
tlbdf8n9,136,uhsny5yg,10,presurvey,ExperimentInstruction,1779315358,1,0,0
tlbdf8n9,137,6sui1lx3,4,presurvey,NeighborhoodInstruction,1779315366,1,0,0
tlbdf8n9,138,x33ngs77,1,presurvey,Introduction,1779315369,1,0,0
tlbdf8n9,136,uhsny5yg,11,presurvey,Scenario,1779315369,1,0,0
tlbdf8n9,139,dwtva7yb,0,,InitializeParticipant,1779315372,1,0,0
tlbdf8n9,139,dwtva7yb,1,presurvey,Introduction,1779315385,1,0,0
tlbdf8n9,138,x33ngs77,2,presurvey,AudioCheck,1779315390,1,0,0
tlbdf8n9,134,87xkf5ju,12,presurvey,Commitment,1779315399,1,0,0
tlbdf8n9,137,6sui1lx3,5,presurvey,Training,1779315405,1,0,0
tlbdf8n9,138,x33ngs77,3,presurvey,Demographics,1779315407,1,0,0
tlbdf8n9,136,uhsny5yg,12,presurvey,Commitment,1779315419,1,0,0
tlbdf8n9,139,dwtva7yb,2,presurvey,AudioCheck,1779315428,1,0,0
tlbdf8n9,140,2wy06zsb,0,,InitializeParticipant,1779315429,1,0,0
tlbdf8n9,140,2wy06zsb,1,presurvey,Introduction,1779315443,1,0,0
tlbdf8n9,138,x33ngs77,4,presurvey,NeighborhoodInstruction,1779315447,1,0,0
tlbdf8n9,137,6sui1lx3,6,presurvey,TrainingNeighbor_1,1779315451,1,0,0
tlbdf8n9,139,dwtva7yb,3,presurvey,Demographics,1779315453,1,0,0
tlbdf8n9,140,2wy06zsb,2,presurvey,AudioCheck,1779315454,1,0,0
tlbdf8n9,140,2wy06zsb,3,presurvey,Demographics,1779315465,1,0,0
tlbdf8n9,140,2wy06zsb,4,presurvey,NeighborhoodInstruction,1779315476,1,0,0
tlbdf8n9,138,x33ngs77,5,presurvey,Training,1779315479,1,0,0
tlbdf8n9,137,6sui1lx3,7,presurvey,TrainingNeighbor_2,1779315481,1,0,0
tlbdf8n9,137,6sui1lx3,10,presurvey,ExperimentInstruction,1779315491,1,0,0
tlbdf8n9,139,dwtva7yb,4,presurvey,NeighborhoodInstruction,1779315501,1,0,0
tlbdf8n9,140,2wy06zsb,5,presurvey,Training,1779315501,1,0,0
tlbdf8n9,138,x33ngs77,6,presurvey,TrainingNeighbor_1,1779315519,1,0,0
tlbdf8n9,138,x33ngs77,10,presurvey,ExperimentInstruction,1779315524,1,0,0
tlbdf8n9,137,6sui1lx3,11,presurvey,Scenario,1779315527,1,0,0
tlbdf8n9,140,2wy06zsb,6,presurvey,TrainingNeighbor_1,1779315533,1,0,0
tlbdf8n9,141,figxdji4,0,,InitializeParticipant,1779315541,1,0,0
tlbdf8n9,142,trp99tre,0,,InitializeParticipant,1779315544,1,0,0
tlbdf8n9,140,2wy06zsb,10,presurvey,ExperimentInstruction,1779315545,1,0,0
tlbdf8n9,142,trp99tre,1,presurvey,Introduction,1779315547,1,0,0
tlbdf8n9,142,trp99tre,2,presurvey,AudioCheck,1779315558,1,0,0
tlbdf8n9,141,figxdji4,1,presurvey,Introduction,1779315561,1,0,0
tlbdf8n9,138,x33ngs77,11,presurvey,Scenario,1779315562,1,0,0
tlbdf8n9,139,dwtva7yb,5,presurvey,Training,1779315565,1,0,0
tlbdf8n9,142,trp99tre,3,presurvey,Demographics,1779315569,1,0,0
tlbdf8n9,143,54p7ezv7,0,,InitializeParticipant,1779315571,1,0,0
tlbdf8n9,144,epune20m,0,,InitializeParticipant,1779315573,1,0,0
tlbdf8n9,143,54p7ezv7,1,presurvey,Introduction,1779315576,1,0,0
tlbdf8n9,142,trp99tre,4,presurvey,NeighborhoodInstruction,1779315577,1,0,0
tlbdf8n9,140,2wy06zsb,11,presurvey,Scenario,1779315578,1,0,0
tlbdf8n9,141,figxdji4,2,presurvey,AudioCheck,1779315584,1,0,0
tlbdf8n9,144,epune20m,1,presurvey,Introduction,1779315584,1,0,0
tlbdf8n9,141,figxdji4,3,presurvey,Demographics,1779315601,1,0,0
tlbdf8n9,142,trp99tre,5,presurvey,Training,1779315607,1,0,0
tlbdf8n9,141,figxdji4,4,presurvey,NeighborhoodInstruction,1779315616,1,0,0
tlbdf8n9,143,54p7ezv7,2,presurvey,AudioCheck,1779315617,1,0,0
tlbdf8n9,144,epune20m,2,presurvey,AudioCheck,1779315618,1,0,0
tlbdf8n9,138,x33ngs77,12,presurvey,Commitment,1779315620,1,0,0
tlbdf8n9,142,trp99tre,6,presurvey,TrainingNeighbor_1,1779315627,1,0,0
tlbdf8n9,144,epune20m,3,presurvey,Demographics,1779315629,1,0,0
tlbdf8n9,142,trp99tre,10,presurvey,ExperimentInstruction,1779315632,1,0,0
tlbdf8n9,144,epune20m,4,presurvey,NeighborhoodInstruction,1779315646,1,0,0
tlbdf8n9,142,trp99tre,11,presurvey,Scenario,1779315648,1,0,0
tlbdf8n9,139,dwtva7yb,6,presurvey,TrainingNeighbor_1,1779315654,1,0,0
tlbdf8n9,143,54p7ezv7,3,presurvey,Demographics,1779315662,1,0,0
tlbdf8n9,141,figxdji4,5,presurvey,Training,1779315664,1,0,0
tlbdf8n9,143,54p7ezv7,4,presurvey,NeighborhoodInstruction,1779315676,1,0,0
tlbdf8n9,144,epune20m,5,presurvey,Training,1779315679,1,0,0
tlbdf8n9,143,54p7ezv7,5,presurvey,Training,1779315682,1,0,0
tlbdf8n9,144,epune20m,6,presurvey,TrainingNeighbor_1,1779315699,1,0,0
tlbdf8n9,139,dwtva7yb,7,presurvey,TrainingNeighbor_2,1779315703,1,0,0
tlbdf8n9,141,figxdji4,6,presurvey,TrainingNeighbor_1,1779315705,1,0,0
tlbdf8n9,144,epune20m,10,presurvey,ExperimentInstruction,1779315709,1,0,0
tlbdf8n9,139,dwtva7yb,10,presurvey,ExperimentInstruction,1779315712,1,0,0
tlbdf8n9,117,7m1yres5,13,mock_N08_N04_Aonly,GroupingWaitPage,1779315724,1,0,1
tlbdf8n9,117,7m1yres5,14,mock_N08_N04_Aonly,GroupSizeWaitPage,1779315725,1,0,1
tlbdf8n9,117,7m1yres5,15,mock_N08_N04_Aonly,AttentionCheck,1779315729,1,0,0
tlbdf8n9,141,figxdji4,7,presurvey,TrainingNeighbor_2,1779315736,1,0,0
tlbdf8n9,144,epune20m,11,presurvey,Scenario,1779315737,1,0,0
tlbdf8n9,141,figxdji4,10,presurvey,ExperimentInstruction,1779315743,1,0,0
tlbdf8n9,145,2u896p3c,0,,InitializeParticipant,1779315755,1,0,0
tlbdf8n9,139,dwtva7yb,11,presurvey,Scenario,1779315765,1,0,0
tlbdf8n9,146,k02m3c5e,0,,InitializeParticipant,1779315767,1,0,0
tlbdf8n9,141,figxdji4,11,presurvey,Scenario,1779315777,1,0,0
tlbdf8n9,146,k02m3c5e,1,presurvey,Introduction,1779315783,1,0,0
tlbdf8n9,147,e559y6zp,0,,InitializeParticipant,1779315794,1,0,0
tlbdf8n9,147,e559y6zp,1,presurvey,Introduction,1779315813,1,0,0
tlbdf8n9,139,dwtva7yb,12,presurvey,Commitment,1779315819,1,0,0
tlbdf8n9,147,e559y6zp,2,presurvey,AudioCheck,1779315830,1,0,0
tlbdf8n9,148,ie4iqzyo,0,,InitializeParticipant,1779315831,1,0,0
tlbdf8n9,148,ie4iqzyo,1,presurvey,Introduction,1779315855,1,0,0
tlbdf8n9,147,e559y6zp,3,presurvey,Demographics,1779315856,1,0,0
tlbdf8n9,146,k02m3c5e,2,presurvey,AudioCheck,1779315864,1,0,0
tlbdf8n9,145,2u896p3c,1,presurvey,Introduction,1779315868,1,0,0
tlbdf8n9,110,1d64igph,13,mock_N08_N04_Aonly,GroupingWaitPage,1779315886,1,0,1
tlbdf8n9,110,1d64igph,14,mock_N08_N04_Aonly,GroupSizeWaitPage,1779315886,1,0,1
tlbdf8n9,148,ie4iqzyo,2,presurvey,AudioCheck,1779315893,1,0,0
tlbdf8n9,110,1d64igph,15,mock_N08_N04_Aonly,AttentionCheck,1779315895,1,0,0
tlbdf8n9,147,e559y6zp,4,presurvey,NeighborhoodInstruction,1779315905,1,0,0
tlbdf8n9,148,ie4iqzyo,3,presurvey,Demographics,1779315912,1,0,0
tlbdf8n9,149,91e6uvkk,0,,InitializeParticipant,1779315915,1,0,0
tlbdf8n9,149,91e6uvkk,1,presurvey,Introduction,1779315920,1,0,0
tlbdf8n9,148,ie4iqzyo,4,presurvey,NeighborhoodInstruction,1779315922,1,0,0
tlbdf8n9,145,2u896p3c,2,presurvey,AudioCheck,1779315934,1,0,0
tlbdf8n9,146,k02m3c5e,3,presurvey,Demographics,1779315939,1,0,0
tlbdf8n9,149,91e6uvkk,2,presurvey,AudioCheck,1779315941,1,0,0
tlbdf8n9,148,ie4iqzyo,5,presurvey,Training,1779315946,1,0,0
tlbdf8n9,150,shsb5hln,0,,InitializeParticipant,1779315951,1,0,0
tlbdf8n9,145,2u896p3c,3,presurvey,Demographics,1779315951,1,0,0
tlbdf8n9,150,shsb5hln,1,presurvey,Introduction,1779315957,1,0,0
tlbdf8n9,147,e559y6zp,5,presurvey,Training,1779315958,1,0,0
tlbdf8n9,150,shsb5hln,2,presurvey,AudioCheck,1779315978,1,0,0
tlbdf8n9,149,91e6uvkk,3,presurvey,Demographics,1779315979,1,0,0
tlbdf8n9,148,ie4iqzyo,6,presurvey,TrainingNeighbor_1,1779315986,1,0,0
tlbdf8n9,149,91e6uvkk,4,presurvey,NeighborhoodInstruction,1779315991,1,0,0
tlbdf8n9,150,shsb5hln,3,presurvey,Demographics,1779315998,1,0,0
tlbdf8n9,148,ie4iqzyo,10,presurvey,ExperimentInstruction,1779315999,1,0,0
tlbdf8n9,146,k02m3c5e,4,presurvey,NeighborhoodInstruction,1779316005,1,0,0
tlbdf8n9,118,uyyrbtl2,13,mock_N08_N04_Aonly,GroupingWaitPage,1779316016,1,0,1
tlbdf8n9,118,uyyrbtl2,14,mock_N08_N04_Aonly,GroupSizeWaitPage,1779316017,1,0,1
tlbdf8n9,145,2u896p3c,4,presurvey,NeighborhoodInstruction,1779316019,1,0,0
tlbdf8n9,124,x58b4saf,13,mock_N08_N04_Aonly,GroupingWaitPage,1779316022,1,0,1
tlbdf8n9,124,x58b4saf,14,mock_N08_N04_Aonly,GroupSizeWaitPage,1779316023,1,0,1
tlbdf8n9,124,x58b4saf,15,mock_N08_N04_Aonly,AttentionCheck,1779316030,1,0,0
tlbdf8n9,118,uyyrbtl2,15,mock_N08_N04_Aonly,AttentionCheck,1779316033,1,0,0
tlbdf8n9,150,shsb5hln,4,presurvey,NeighborhoodInstruction,1779316037,1,0,0
tlbdf8n9,125,t3asv3a2,13,mock_N08_N04_Aonly,GroupingWaitPage,1779316040,1,0,1
tlbdf8n9,125,t3asv3a2,14,mock_N08_N04_Aonly,GroupSizeWaitPage,1779316041,1,0,1
tlbdf8n9,125,t3asv3a2,15,mock_N08_N04_Aonly,AttentionCheck,1779316048,1,0,0
tlbdf8n9,148,ie4iqzyo,11,presurvey,Scenario,1779316059,1,0,0
tlbdf8n9,127,bfwebvhe,13,mock_N08_N04_Aonly,GroupingWaitPage,1779316061,1,0,1
tlbdf8n9,150,shsb5hln,5,presurvey,Training,1779316061,1,0,0
tlbdf8n9,127,bfwebvhe,14,mock_N08_N04_Aonly,GroupSizeWaitPage,1779316061,1,0,1
tlbdf8n9,127,bfwebvhe,15,mock_N08_N04_Aonly,AttentionCheck,1779316066,1,0,0
tlbdf8n9,149,91e6uvkk,5,presurvey,Training,1779316076,1,0,0
tlbdf8n9,146,k02m3c5e,5,presurvey,Training,1779316082,1,0,0
tlbdf8n9,145,2u896p3c,5,presurvey,Training,1779316088,1,0,0
tlbdf8n9,151,sg5qorz3,0,,InitializeParticipant,1779316090,1,0,0
tlbdf8n9,147,e559y6zp,6,presurvey,TrainingNeighbor_1,1779316092,1,0,0
tlbdf8n9,150,shsb5hln,6,presurvey,TrainingNeighbor_1,1779316096,1,0,0
tlbdf8n9,150,shsb5hln,10,presurvey,ExperimentInstruction,1779316100,1,0,0
tlbdf8n9,147,e559y6zp,7,presurvey,TrainingNeighbor_2,1779316106,1,0,0
tlbdf8n9,147,e559y6zp,10,presurvey,ExperimentInstruction,1779316112,1,0,0
tlbdf8n9,145,2u896p3c,6,presurvey,TrainingNeighbor_1,1779316119,1,0,0
tlbdf8n9,146,k02m3c5e,6,presurvey,TrainingNeighbor_1,1779316128,1,0,0
tlbdf8n9,150,shsb5hln,11,presurvey,Scenario,1779316138,1,0,0
tlbdf8n9,148,ie4iqzyo,12,presurvey,Commitment,1779316145,1,0,0
tlbdf8n9,145,2u896p3c,10,presurvey,ExperimentInstruction,1779316145,1,0,0
tlbdf8n9,126,l4p4cmr4,13,mock_N08_N04_Aonly,GroupingWaitPage,1779316145,1,0,1
tlbdf8n9,126,l4p4cmr4,14,mock_N08_N04_Aonly,GroupSizeWaitPage,1779316146,1,0,1
tlbdf8n9,126,l4p4cmr4,15,mock_N08_N04_Aonly,AttentionCheck,1779316151,1,0,0
tlbdf8n9,152,6k0b4syi,0,,InitializeParticipant,1779316158,1,0,0
tlbdf8n9,153,lknrxidr,0,,InitializeParticipant,1779316159,1,0,0
tlbdf8n9,152,6k0b4syi,1,presurvey,Introduction,1779316167,1,0,0
tlbdf8n9,151,sg5qorz3,1,presurvey,Introduction,1779316171,1,0,0
tlbdf8n9,153,lknrxidr,1,presurvey,Introduction,1779316172,1,0,0
tlbdf8n9,154,384f9h7v,0,,InitializeParticipant,1779316184,1,0,0
tlbdf8n9,152,6k0b4syi,2,presurvey,AudioCheck,1779316189,1,0,0
tlbdf8n9,147,e559y6zp,11,presurvey,Scenario,1779316194,1,0,0
tlbdf8n9,146,k02m3c5e,10,presurvey,ExperimentInstruction,1779316199,1,0,0
tlbdf8n9,153,lknrxidr,2,presurvey,AudioCheck,1779316199,1,0,0
tlbdf8n9,152,6k0b4syi,3,presurvey,Demographics,1779316199,1,0,0
tlbdf8n9,151,sg5qorz3,2,presurvey,AudioCheck,1779316199,1,0,0
tlbdf8n9,152,6k0b4syi,4,presurvey,NeighborhoodInstruction,1779316208,1,0,0
tlbdf8n9,149,91e6uvkk,6,presurvey,TrainingNeighbor_1,1779316221,1,0,0
tlbdf8n9,151,sg5qorz3,3,presurvey,Demographics,1779316225,1,0,0
tlbdf8n9,152,6k0b4syi,5,presurvey,Training,1779316228,1,0,0
tlbdf8n9,151,sg5qorz3,4,presurvey,NeighborhoodInstruction,1779316231,1,0,0
tlbdf8n9,155,vica3ck7,0,,InitializeParticipant,1779316242,1,0,0
tlbdf8n9,153,lknrxidr,3,presurvey,Demographics,1779316245,1,0,0
tlbdf8n9,151,sg5qorz3,5,presurvey,Training,1779316247,1,0,0
tlbdf8n9,146,k02m3c5e,11,presurvey,Scenario,1779316248,1,0,0
tlbdf8n9,152,6k0b4syi,6,presurvey,TrainingNeighbor_1,1779316250,1,0,0
tlbdf8n9,152,6k0b4syi,10,presurvey,ExperimentInstruction,1779316253,1,0,0
tlbdf8n9,153,lknrxidr,4,presurvey,NeighborhoodInstruction,1779316253,1,0,0
tlbdf8n9,156,lxxj0q79,0,,InitializeParticipant,1779316256,1,0,0
tlbdf8n9,157,lfjsskax,0,,InitializeParticipant,1779316258,1,0,0
tlbdf8n9,154,384f9h7v,1,presurvey,Introduction,1779316259,1,0,0
tlbdf8n9,145,2u896p3c,11,presurvey,Scenario,1779316260,1,0,0
tlbdf8n9,156,lxxj0q79,1,presurvey,Introduction,1779316261,1,0,0
tlbdf8n9,152,6k0b4syi,11,presurvey,Scenario,1779316267,1,0,0
tlbdf8n9,157,lfjsskax,1,presurvey,Introduction,1779316273,1,0,0
tlbdf8n9,154,384f9h7v,2,presurvey,AudioCheck,1779316281,1,0,0
tlbdf8n9,158,6w3wsl3f,0,,InitializeParticipant,1779316284,1,0,0
tlbdf8n9,156,lxxj0q79,2,presurvey,AudioCheck,1779316286,1,0,0
tlbdf8n9,157,lfjsskax,2,presurvey,AudioCheck,1779316294,1,0,0
tlbdf8n9,155,vica3ck7,1,presurvey,Introduction,1779316295,1,0,0
tlbdf8n9,151,sg5qorz3,6,presurvey,TrainingNeighbor_1,1779316300,1,0,0
tlbdf8n9,156,lxxj0q79,3,presurvey,Demographics,1779316303,1,0,0
tlbdf8n9,157,lfjsskax,3,presurvey,Demographics,1779316307,1,0,0
tlbdf8n9,154,384f9h7v,3,presurvey,Demographics,1779316308,1,0,0
tlbdf8n9,146,k02m3c5e,12,presurvey,Commitment,1779316322,1,0,0
tlbdf8n9,149,91e6uvkk,7,presurvey,TrainingNeighbor_2,1779316328,1,0,0
tlbdf8n9,154,384f9h7v,4,presurvey,NeighborhoodInstruction,1779316333,1,0,0
tlbdf8n9,157,lfjsskax,4,presurvey,NeighborhoodInstruction,1779316340,1,0,0
tlbdf8n9,149,91e6uvkk,10,presurvey,ExperimentInstruction,1779316352,1,0,0
tlbdf8n9,159,v61hjfqr,0,,InitializeParticipant,1779316353,1,0,0
tlbdf8n9,159,v61hjfqr,1,presurvey,Introduction,1779316359,1,0,0
tlbdf8n9,157,lfjsskax,5,presurvey,Training,1779316371,1,0,0
tlbdf8n9,151,sg5qorz3,10,presurvey,ExperimentInstruction,1779316372,1,0,0
tlbdf8n9,156,lxxj0q79,4,presurvey,NeighborhoodInstruction,1779316379,1,0,0
tlbdf8n9,159,v61hjfqr,2,presurvey,AudioCheck,1779316383,1,0,0
tlbdf8n9,149,91e6uvkk,11,presurvey,Scenario,1779316388,1,0,0
tlbdf8n9,154,384f9h7v,5,presurvey,Training,1779316399,1,0,0
tlbdf8n9,145,2u896p3c,12,presurvey,Commitment,1779316407,1,0,0
tlbdf8n9,159,v61hjfqr,3,presurvey,Demographics,1779316414,1,0,0
tlbdf8n9,156,lxxj0q79,5,presurvey,Training,1779316428,1,0,0
tlbdf8n9,157,lfjsskax,6,presurvey,TrainingNeighbor_1,1779316432,1,0,0
tlbdf8n9,160,1fz5qhi3,0,,InitializeParticipant,1779316447,1,0,0
tlbdf8n9,154,384f9h7v,6,presurvey,TrainingNeighbor_1,1779316449,1,0,0
tlbdf8n9,157,lfjsskax,10,presurvey,ExperimentInstruction,1779316453,1,0,0
tlbdf8n9,160,1fz5qhi3,1,presurvey,Introduction,1779316462,1,0,0
tlbdf8n9,154,384f9h7v,10,presurvey,ExperimentInstruction,1779316472,1,0,0
tlbdf8n9,157,lfjsskax,11,presurvey,Scenario,1779316489,1,0,0
tlbdf8n9,156,lxxj0q79,6,presurvey,TrainingNeighbor_1,1779316493,1,0,0
tlbdf8n9,160,1fz5qhi3,2,presurvey,AudioCheck,1779316501,1,0,0
tlbdf8n9,151,sg5qorz3,11,presurvey,Scenario,1779316513,1,0,0
tlbdf8n9,154,384f9h7v,11,presurvey,Scenario,1779316515,1,0,0
tlbdf8n9,155,vica3ck7,2,presurvey,AudioCheck,1779316517,1,0,0
tlbdf8n9,160,1fz5qhi3,3,presurvey,Demographics,1779316518,1,0,0
tlbdf8n9,161,4xko73bt,0,,InitializeParticipant,1779316524,1,0,0
tlbdf8n9,162,tp3cfgw2,0,,InitializeParticipant,1779316527,1,0,0
tlbdf8n9,163,jcwc4qcm,0,,InitializeParticipant,1779316536,1,0,0
tlbdf8n9,164,wpq60h6r,0,,InitializeParticipant,1779316537,1,0,0
tlbdf8n9,165,ehdlnzr4,0,,InitializeParticipant,1779316539,1,0,0
tlbdf8n9,161,4xko73bt,1,presurvey,Introduction,1779316540,1,0,0
tlbdf8n9,163,jcwc4qcm,1,presurvey,Introduction,1779316540,1,0,0
tlbdf8n9,156,lxxj0q79,7,presurvey,TrainingNeighbor_2,1779316540,1,0,0
tlbdf8n9,157,lfjsskax,12,presurvey,Commitment,1779316543,1,0,0
tlbdf8n9,165,ehdlnzr4,1,presurvey,Introduction,1779316543,1,0,0
tlbdf8n9,134,87xkf5ju,13,mock_N08_N04_Aonly,GroupingWaitPage,1779316543,1,0,1
tlbdf8n9,134,87xkf5ju,14,mock_N08_N04_Aonly,GroupSizeWaitPage,1779316544,1,0,1
tlbdf8n9,151,sg5qorz3,12,presurvey,Commitment,1779316548,1,0,0
tlbdf8n9,134,87xkf5ju,15,mock_N08_N04_Aonly,AttentionCheck,1779316549,1,0,0
tlbdf8n9,160,1fz5qhi3,4,presurvey,NeighborhoodInstruction,1779316551,1,0,0
tlbdf8n9,161,4xko73bt,2,presurvey,AudioCheck,1779316564,1,0,0
tlbdf8n9,165,ehdlnzr4,2,presurvey,AudioCheck,1779316566,1,0,0
tlbdf8n9,156,lxxj0q79,8,presurvey,AttentionCheck,1779316567,1,0,0
tlbdf8n9,161,4xko73bt,3,presurvey,Demographics,1779316578,1,0,0
tlbdf8n9,154,384f9h7v,12,presurvey,Commitment,1779316580,1,0,0
tlbdf8n9,165,ehdlnzr4,3,presurvey,Demographics,1779316580,1,0,0
tlbdf8n9,160,1fz5qhi3,5,presurvey,Training,1779316585,1,0,0
tlbdf8n9,165,ehdlnzr4,4,presurvey,NeighborhoodInstruction,1779316588,1,0,0
tlbdf8n9,165,ehdlnzr4,5,presurvey,Training,1779316600,1,0,0
tlbdf8n9,161,4xko73bt,4,presurvey,NeighborhoodInstruction,1779316613,1,0,0
tlbdf8n9,160,1fz5qhi3,6,presurvey,TrainingNeighbor_1,1779316616,1,0,0
tlbdf8n9,165,ehdlnzr4,6,presurvey,TrainingNeighbor_1,1779316620,1,0,0
tlbdf8n9,165,ehdlnzr4,10,presurvey,ExperimentInstruction,1779316623,1,0,0
tlbdf8n9,159,v61hjfqr,4,presurvey,NeighborhoodInstruction,1779316624,1,0,0
tlbdf8n9,160,1fz5qhi3,7,presurvey,TrainingNeighbor_2,1779316633,1,0,0
tlbdf8n9,161,4xko73bt,5,presurvey,Training,1779316647,1,0,0
tlbdf8n9,165,ehdlnzr4,11,presurvey,Scenario,1779316648,1,0,0
tlbdf8n9,160,1fz5qhi3,10,presurvey,ExperimentInstruction,1779316654,1,0,0
tlbdf8n9,166,bliqa6wy,0,,InitializeParticipant,1779316664,1,0,0
tlbdf8n9,156,lxxj0q79,9,presurvey,TrainingNeighbor_3,1779316669,1,0,0
tlbdf8n9,159,v61hjfqr,5,presurvey,Training,1779316671,1,0,0
tlbdf8n9,167,aqv6iwns,0,,InitializeParticipant,1779316672,1,0,0
tlbdf8n9,160,1fz5qhi3,11,presurvey,Scenario,1779316680,1,0,0
tlbdf8n9,167,aqv6iwns,1,presurvey,Introduction,1779316687,1,0,0
tlbdf8n9,161,4xko73bt,6,presurvey,TrainingNeighbor_1,1779316697,1,0,0
tlbdf8n9,161,4xko73bt,10,presurvey,ExperimentInstruction,1779316702,1,0,0
tlbdf8n9,167,aqv6iwns,2,presurvey,AudioCheck,1779316716,1,0,0
tlbdf8n9,164,wpq60h6r,1,presurvey,Introduction,1779316720,1,0,0
tlbdf8n9,159,v61hjfqr,6,presurvey,TrainingNeighbor_1,1779316730,1,0,0
tlbdf8n9,155,vica3ck7,3,presurvey,Demographics,1779316732,1,0,0
tlbdf8n9,167,aqv6iwns,3,presurvey,Demographics,1779316736,1,0,0
tlbdf8n9,159,v61hjfqr,7,presurvey,TrainingNeighbor_2,1779316737,1,0,0
tlbdf8n9,161,4xko73bt,11,presurvey,Scenario,1779316747,1,0,0
tlbdf8n9,164,wpq60h6r,2,presurvey,AudioCheck,1779316747,1,0,0
tlbdf8n9,159,v61hjfqr,10,presurvey,ExperimentInstruction,1779316751,1,0,0
tlbdf8n9,168,mlvx7n0e,0,,InitializeParticipant,1779316752,1,0,0
tlbdf8n9,158,6w3wsl3f,1,presurvey,Introduction,1779316756,1,0,0
tlbdf8n9,169,u245pj43,0,,InitializeParticipant,1779316757,1,0,0
tlbdf8n9,168,mlvx7n0e,1,presurvey,Introduction,1779316760,1,0,0
tlbdf8n9,138,x33ngs77,13,mock_N08_N04_Aonly,GroupingWaitPage,1779316761,1,0,1
tlbdf8n9,138,x33ngs77,14,mock_N08_N04_Aonly,GroupSizeWaitPage,1779316761,1,0,1
tlbdf8n9,169,u245pj43,1,presurvey,Introduction,1779316763,1,0,0
tlbdf8n9,163,jcwc4qcm,2,presurvey,AudioCheck,1779316763,1,0,0
tlbdf8n9,138,x33ngs77,15,mock_N08_N04_Aonly,AttentionCheck,1779316768,1,0,0
tlbdf8n9,168,mlvx7n0e,2,presurvey,AudioCheck,1779316774,1,0,0
tlbdf8n9,167,aqv6iwns,4,presurvey,NeighborhoodInstruction,1779316774,1,0,0
tlbdf8n9,164,wpq60h6r,3,presurvey,Demographics,1779316775,1,0,0
tlbdf8n9,169,u245pj43,2,presurvey,AudioCheck,1779316776,1,0,0
tlbdf8n9,169,u245pj43,3,presurvey,Demographics,1779316786,1,0,0
tlbdf8n9,159,v61hjfqr,11,presurvey,Scenario,1779316791,1,0,0
tlbdf8n9,168,mlvx7n0e,3,presurvey,Demographics,1779316791,1,0,0
tlbdf8n9,169,u245pj43,4,presurvey,NeighborhoodInstruction,1779316799,1,0,0
tlbdf8n9,163,jcwc4qcm,3,presurvey,Demographics,1779316800,1,0,0
tlbdf8n9,156,lxxj0q79,10,presurvey,ExperimentInstruction,1779316803,1,0,0
tlbdf8n9,158,6w3wsl3f,2,presurvey,AudioCheck,1779316808,1,0,0
tlbdf8n9,164,wpq60h6r,4,presurvey,NeighborhoodInstruction,1779316809,1,0,0
tlbdf8n9,168,mlvx7n0e,4,presurvey,NeighborhoodInstruction,1779316809,1,0,0
tlbdf8n9,161,4xko73bt,12,presurvey,Commitment,1779316810,1,0,0
tlbdf8n9,155,vica3ck7,4,presurvey,NeighborhoodInstruction,1779316820,1,0,0
tlbdf8n9,169,u245pj43,5,presurvey,Training,1779316824,1,0,0
tlbdf8n9,163,jcwc4qcm,4,presurvey,NeighborhoodInstruction,1779316826,1,0,0
tlbdf8n9,168,mlvx7n0e,5,presurvey,Training,1779316831,1,0,0
tlbdf8n9,166,bliqa6wy,1,presurvey,Introduction,1779316833,1,0,0
tlbdf8n9,167,aqv6iwns,5,presurvey,Training,1779316835,1,0,0
tlbdf8n9,162,tp3cfgw2,1,presurvey,Introduction,1779316848,1,0,0
tlbdf8n9,169,u245pj43,6,presurvey,TrainingNeighbor_1,1779316850,1,0,0
tlbdf8n9,159,v61hjfqr,12,presurvey,Commitment,1779316853,1,0,0
tlbdf8n9,169,u245pj43,10,presurvey,ExperimentInstruction,1779316854,1,0,0
tlbdf8n9,168,mlvx7n0e,6,presurvey,TrainingNeighbor_1,1779316864,1,0,0
tlbdf8n9,162,tp3cfgw2,2,presurvey,AudioCheck,1779316867,1,0,0
tlbdf8n9,163,jcwc4qcm,5,presurvey,Training,1779316871,1,0,0
tlbdf8n9,170,vamse86q,0,,InitializeParticipant,1779316873,1,0,0
tlbdf8n9,168,mlvx7n0e,7,presurvey,TrainingNeighbor_2,1779316873,1,0,0
tlbdf8n9,164,wpq60h6r,5,presurvey,Training,1779316875,1,0,0
tlbdf8n9,168,mlvx7n0e,10,presurvey,ExperimentInstruction,1779316877,1,0,0
tlbdf8n9,162,tp3cfgw2,3,presurvey,Demographics,1779316879,1,0,0
tlbdf8n9,169,u245pj43,11,presurvey,Scenario,1779316881,1,0,0
tlbdf8n9,162,tp3cfgw2,4,presurvey,NeighborhoodInstruction,1779316886,1,0,0
tlbdf8n9,158,6w3wsl3f,3,presurvey,Demographics,1779316891,1,0,0
tlbdf8n9,170,vamse86q,1,presurvey,Introduction,1779316895,1,0,0
tlbdf8n9,156,lxxj0q79,11,presurvey,Scenario,1779316897,1,0,0
tlbdf8n9,169,u245pj43,12,presurvey,Commitment,1779316898,1,0,0
tlbdf8n9,170,vamse86q,2,presurvey,AudioCheck,1779316908,1,0,0
tlbdf8n9,168,mlvx7n0e,11,presurvey,Scenario,1779316909,1,0,0
tlbdf8n9,155,vica3ck7,5,presurvey,Training,1779316917,1,0,0
tlbdf8n9,164,wpq60h6r,6,presurvey,TrainingNeighbor_1,1779316919,1,0,0
tlbdf8n9,170,vamse86q,3,presurvey,Demographics,1779316928,1,0,0
tlbdf8n9,168,mlvx7n0e,12,presurvey,Commitment,1779316933,1,0,0
tlbdf8n9,158,6w3wsl3f,4,presurvey,NeighborhoodInstruction,1779316936,1,0,0
tlbdf8n9,166,bliqa6wy,2,presurvey,AudioCheck,1779316947,1,0,0
tlbdf8n9,170,vamse86q,4,presurvey,NeighborhoodInstruction,1779316948,1,0,0
tlbdf8n9,171,xe3mcg9g,0,,InitializeParticipant,1779316950,1,0,0
tlbdf8n9,156,lxxj0q79,12,presurvey,Commitment,1779316951,1,0,0
tlbdf8n9,139,dwtva7yb,13,mock_N08_N04_Aonly,GroupingWaitPage,1779316963,1,0,1
tlbdf8n9,139,dwtva7yb,14,mock_N08_N04_Aonly,GroupSizeWaitPage,1779316965,1,0,1
tlbdf8n9,164,wpq60h6r,7,presurvey,TrainingNeighbor_2,1779316968,1,0,0
tlbdf8n9,167,aqv6iwns,6,presurvey,TrainingNeighbor_1,1779316969,1,0,0
tlbdf8n9,170,vamse86q,5,presurvey,Training,1779316972,1,0,0
tlbdf8n9,139,dwtva7yb,15,mock_N08_N04_Aonly,AttentionCheck,1779316977,1,0,0
tlbdf8n9,158,6w3wsl3f,5,presurvey,Training,1779316978,1,0,0
tlbdf8n9,164,wpq60h6r,8,presurvey,AttentionCheck,1779316980,1,0,0
tlbdf8n9,163,jcwc4qcm,6,presurvey,TrainingNeighbor_1,1779316988,1,0,0
tlbdf8n9,167,aqv6iwns,10,presurvey,ExperimentInstruction,1779316989,1,0,0
tlbdf8n9,163,jcwc4qcm,7,presurvey,TrainingNeighbor_2,1779316995,1,0,0
tlbdf8n9,170,vamse86q,6,presurvey,TrainingNeighbor_1,1779317003,1,0,0
tlbdf8n9,166,bliqa6wy,3,presurvey,Demographics,1779317005,1,0,0
tlbdf8n9,163,jcwc4qcm,10,presurvey,ExperimentInstruction,1779317005,1,0,0
tlbdf8n9,172,bwla2gmc,0,,InitializeParticipant,1779317006,1,0,0
tlbdf8n9,164,wpq60h6r,9,presurvey,TrainingNeighbor_3,1779317010,1,0,0
tlbdf8n9,172,bwla2gmc,1,presurvey,Introduction,1779317012,1,0,0
tlbdf8n9,170,vamse86q,10,presurvey,ExperimentInstruction,1779317012,1,0,0
tlbdf8n9,173,7dezyb78,0,,InitializeParticipant,1779317018,1,0,0
tlbdf8n9,155,vica3ck7,6,presurvey,TrainingNeighbor_1,1779317021,1,0,0
tlbdf8n9,172,bwla2gmc,2,presurvey,AudioCheck,1779317024,1,0,0
tlbdf8n9,173,7dezyb78,1,presurvey,Introduction,1779317033,1,0,0
tlbdf8n9,164,wpq60h6r,10,presurvey,ExperimentInstruction,1779317036,1,0,0
tlbdf8n9,170,vamse86q,11,presurvey,Scenario,1779317040,1,0,0
tlbdf8n9,172,bwla2gmc,3,presurvey,Demographics,1779317040,1,0,0
tlbdf8n9,163,jcwc4qcm,11,presurvey,Scenario,1779317043,1,0,0
tlbdf8n9,172,bwla2gmc,4,presurvey,NeighborhoodInstruction,1779317047,1,0,0
tlbdf8n9,171,xe3mcg9g,1,presurvey,Introduction,1779317054,1,0,0
tlbdf8n9,158,6w3wsl3f,6,presurvey,TrainingNeighbor_1,1779317056,1,0,0
tlbdf8n9,173,7dezyb78,2,presurvey,AudioCheck,1779317063,1,0,0
tlbdf8n9,155,vica3ck7,7,presurvey,TrainingNeighbor_2,1779317066,1,0,0
tlbdf8n9,166,bliqa6wy,4,presurvey,NeighborhoodInstruction,1779317067,1,0,0
tlbdf8n9,172,bwla2gmc,5,presurvey,Training,1779317074,1,0,0
tlbdf8n9,173,7dezyb78,3,presurvey,Demographics,1779317082,1,0,0
tlbdf8n9,163,jcwc4qcm,12,presurvey,Commitment,1779317086,1,0,0
tlbdf8n9,158,6w3wsl3f,7,presurvey,TrainingNeighbor_2,1779317088,1,0,0
tlbdf8n9,162,tp3cfgw2,5,presurvey,Training,1779317092,1,0,0
tlbdf8n9,155,vica3ck7,8,presurvey,AttentionCheck,1779317095,1,0,0
tlbdf8n9,173,7dezyb78,4,presurvey,NeighborhoodInstruction,1779317097,1,0,0
tlbdf8n9,172,bwla2gmc,6,presurvey,TrainingNeighbor_1,1779317098,1,0,0
tlbdf8n9,172,bwla2gmc,10,presurvey,ExperimentInstruction,1779317101,1,0,0
tlbdf8n9,164,wpq60h6r,11,presurvey,Scenario,1779317103,1,0,0
tlbdf8n9,167,aqv6iwns,11,presurvey,Scenario,1779317109,1,0,0
tlbdf8n9,158,6w3wsl3f,8,presurvey,AttentionCheck,1779317113,1,0,0
tlbdf8n9,170,vamse86q,12,presurvey,Commitment,1779317119,1,0,0
tlbdf8n9,172,bwla2gmc,11,presurvey,Scenario,1779317123,1,0,0
tlbdf8n9,173,7dezyb78,5,presurvey,Training,1779317129,1,0,0
tlbdf8n9,171,xe3mcg9g,2,presurvey,AudioCheck,1779317130,1,0,0
tlbdf8n9,166,bliqa6wy,5,presurvey,Training,1779317136,1,0,0
tlbdf8n9,158,6w3wsl3f,9,presurvey,TrainingNeighbor_3,1779317145,1,0,0
tlbdf8n9,158,6w3wsl3f,10,presurvey,ExperimentInstruction,1779317149,1,0,0
tlbdf8n9,171,xe3mcg9g,3,presurvey,Demographics,1779317160,1,0,0
tlbdf8n9,174,k2he7phs,0,,InitializeParticipant,1779317182,1,0,0
tlbdf8n9,174,k2he7phs,1,presurvey,Introduction,1779317200,1,0,0
tlbdf8n9,173,7dezyb78,6,presurvey,TrainingNeighbor_1,1779317205,1,0,0
tlbdf8n9,171,xe3mcg9g,4,presurvey,NeighborhoodInstruction,1779317215,1,0,0
tlbdf8n9,167,aqv6iwns,12,presurvey,Commitment,1779317223,1,0,0
tlbdf8n9,173,7dezyb78,7,presurvey,TrainingNeighbor_2,1779317226,1,0,0
tlbdf8n9,173,7dezyb78,10,presurvey,ExperimentInstruction,1779317232,1,0,0
tlbdf8n9,166,bliqa6wy,6,presurvey,TrainingNeighbor_1,1779317235,1,0,0
tlbdf8n9,174,k2he7phs,2,presurvey,AudioCheck,1779317246,1,0,0
tlbdf8n9,155,vica3ck7,9,presurvey,TrainingNeighbor_3,1779317250,1,0,0
tlbdf8n9,175,gdtx0ed9,0,,InitializeParticipant,1779317250,1,0,0
tlbdf8n9,175,gdtx0ed9,1,presurvey,Introduction,1779317257,1,0,0
tlbdf8n9,173,7dezyb78,11,presurvey,Scenario,1779317274,1,0,0
tlbdf8n9,174,k2he7phs,3,presurvey,Demographics,1779317281,1,0,0
tlbdf8n9,158,6w3wsl3f,11,presurvey,Scenario,1779317282,1,0,0
tlbdf8n9,166,bliqa6wy,10,presurvey,ExperimentInstruction,1779317286,1,0,0
tlbdf8n9,155,vica3ck7,10,presurvey,ExperimentInstruction,1779317294,1,0,0
tlbdf8n9,173,7dezyb78,12,presurvey,Commitment,1779317338,1,0,0
tlbdf8n9,174,k2he7phs,4,presurvey,NeighborhoodInstruction,1779317342,1,0,0
tlbdf8n9,162,tp3cfgw2,6,presurvey,TrainingNeighbor_1,1779317347,1,0,0
tlbdf8n9,162,tp3cfgw2,10,presurvey,ExperimentInstruction,1779317359,1,0,0
tlbdf8n9,171,xe3mcg9g,5,presurvey,Training,1779317396,1,0,0
tlbdf8n9,174,k2he7phs,5,presurvey,Training,1779317401,1,0,0
tlbdf8n9,166,bliqa6wy,11,presurvey,Scenario,1779317403,1,0,0
tlbdf8n9,175,gdtx0ed9,2,presurvey,AudioCheck,1779317410,1,0,0
tlbdf8n9,155,vica3ck7,11,presurvey,Scenario,1779317415,1,0,0
tlbdf8n9,162,tp3cfgw2,11,presurvey,Scenario,1779317422,1,0,0
tlbdf8n9,158,6w3wsl3f,12,presurvey,Commitment,1779317438,1,0,0
tlbdf8n9,162,tp3cfgw2,12,presurvey,Commitment,1779317462,1,0,0
tlbdf8n9,146,k02m3c5e,13,mock_N08_N04_Aonly,GroupingWaitPage,1779317463,1,0,1
tlbdf8n9,146,k02m3c5e,14,mock_N08_N04_Aonly,GroupSizeWaitPage,1779317465,1,0,1
tlbdf8n9,146,k02m3c5e,15,mock_N08_N04_Aonly,AttentionCheck,1779317479,1,0,0
tlbdf8n9,174,k2he7phs,6,presurvey,TrainingNeighbor_1,1779317488,1,0,0
tlbdf8n9,171,xe3mcg9g,6,presurvey,TrainingNeighbor_1,1779317494,1,0,0
tlbdf8n9,175,gdtx0ed9,3,presurvey,Demographics,1779317498,1,0,0
tlbdf8n9,175,gdtx0ed9,4,presurvey,NeighborhoodInstruction,1779317504,1,0,0
tlbdf8n9,174,k2he7phs,7,presurvey,TrainingNeighbor_2,1779317512,1,0,0
tlbdf8n9,171,xe3mcg9g,7,presurvey,TrainingNeighbor_2,1779317515,1,0,0
tlbdf8n9,174,k2he7phs,10,presurvey,ExperimentInstruction,1779317523,1,0,0
tlbdf8n9,145,2u896p3c,13,mock_N08_N04_Aonly,GroupingWaitPage,1779317548,1,0,1
tlbdf8n9,158,6w3wsl3f,13,mock_N08_N04_Aonly,GroupingWaitPage,1779317548,1,0,1
tlbdf8n9,159,v61hjfqr,13,mock_N08_N04_Aonly,GroupingWaitPage,1779317548,1,0,1
tlbdf8n9,173,7dezyb78,13,mock_N08_N04_Aonly,GroupingWaitPage,1779317548,1,0,1
tlbdf8n9,145,2u896p3c,14,mock_N08_N04_Aonly,GroupSizeWaitPage,1779317549,1,0,1
tlbdf8n9,158,6w3wsl3f,14,mock_N08_N04_Aonly,GroupSizeWaitPage,1779317549,1,0,1
tlbdf8n9,159,v61hjfqr,14,mock_N08_N04_Aonly,GroupSizeWaitPage,1779317549,1,0,1
tlbdf8n9,173,7dezyb78,14,mock_N08_N04_Aonly,GroupSizeWaitPage,1779317549,1,0,1
tlbdf8n9,145,2u896p3c,16,mock_N08_N04_Aonly,DiscussionGRPWaitPage,1779317550,1,0,1
tlbdf8n9,159,v61hjfqr,16,mock_N08_N04_Aonly,DiscussionGRPWaitPage,1779317550,1,0,1
tlbdf8n9,158,6w3wsl3f,16,mock_N08_N04_Aonly,DiscussionGRPWaitPage,1779317550,1,0,1
tlbdf8n9,173,7dezyb78,16,mock_N08_N04_Aonly,DiscussionGRPWaitPage,1779317550,1,0,1
tlbdf8n9,175,gdtx0ed9,5,presurvey,Training,1779317571,1,0,0
tlbdf8n9,159,v61hjfqr,17,mock_N08_N04_Aonly,Nudge,1779317573,1,0,0
tlbdf8n9,145,2u896p3c,17,mock_N08_N04_Aonly,Nudge,1779317578,1,0,0
tlbdf8n9,159,v61hjfqr,18,mock_N08_N04_Aonly,NudgeTraining,1779317583,1,0,0
tlbdf8n9,173,7dezyb78,17,mock_N08_N04_Aonly,Nudge,1779317589,1,0,0
tlbdf8n9,159,v61hjfqr,19,mock_N08_N04_Aonly,NudgeTrainingLast,1779317592,1,0,0
tlbdf8n9,145,2u896p3c,18,mock_N08_N04_Aonly,NudgeTraining,1779317593,1,0,0
tlbdf8n9,171,xe3mcg9g,10,presurvey,ExperimentInstruction,1779317596,1,0,0
tlbdf8n9,158,6w3wsl3f,17,mock_N08_N04_Aonly,Nudge,1779317599,1,0,0
tlbdf8n9,159,v61hjfqr,20,mock_N08_N04_Aonly,Phase3,1779317599,1,0,0
tlbdf8n9,173,7dezyb78,18,mock_N08_N04_Aonly,NudgeTraining,1779317600,1,0,0
tlbdf8n9,145,2u896p3c,19,mock_N08_N04_Aonly,NudgeTrainingLast,1779317607,1,0,0
tlbdf8n9,159,v61hjfqr,21,mock_N08_N04_Aonly,Discussion,1779317608,1,0,0
tlbdf8n9,173,7dezyb78,19,mock_N08_N04_Aonly,NudgeTrainingLast,1779317614,1,0,0
tlbdf8n9,174,k2he7phs,11,presurvey,Scenario,1779317615,1,0,0
tlbdf8n9,173,7dezyb78,20,mock_N08_N04_Aonly,Phase3,1779317628,1,0,0
tlbdf8n9,158,6w3wsl3f,18,mock_N08_N04_Aonly,NudgeTraining,1779317628,1,0,0
tlbdf8n9,145,2u896p3c,20,mock_N08_N04_Aonly,Phase3,1779317630,1,0,0
tlbdf8n9,175,gdtx0ed9,6,presurvey,TrainingNeighbor_1,1779317636,1,0,0
tlbdf8n9,145,2u896p3c,21,mock_N08_N04_Aonly,Discussion,1779317647,1,0,0
tlbdf8n9,173,7dezyb78,21,mock_N08_N04_Aonly,Discussion,1779317653,1,0,0
tlbdf8n9,171,xe3mcg9g,11,presurvey,Scenario,1779317655,1,0,0
tlbdf8n9,158,6w3wsl3f,19,mock_N08_N04_Aonly,NudgeTrainingLast,1779317662,1,0,0
tlbdf8n9,175,gdtx0ed9,10,presurvey,ExperimentInstruction,1779317666,1,0,0
tlbdf8n9,157,lfjsskax,13,mock_N08_N04_Aonly,GroupingWaitPage,1779317684,1,0,1
tlbdf8n9,157,lfjsskax,14,mock_N08_N04_Aonly,GroupSizeWaitPage,1779317686,1,0,1
tlbdf8n9,157,lfjsskax,15,mock_N08_N04_Aonly,AttentionCheck,1779317694,1,0,0
tlbdf8n9,176,pjmhos0l,0,,InitializeParticipant,1779317699,1,0,0
tlbdf8n9,158,6w3wsl3f,20,mock_N08_N04_Aonly,Phase3,1779317704,1,0,0
tlbdf8n9,174,k2he7phs,12,presurvey,Commitment,1779317707,1,0,0
tlbdf8n9,176,pjmhos0l,1,presurvey,Introduction,1779317721,1,0,0
tlbdf8n9,154,384f9h7v,13,mock_N08_N04_Aonly,GroupingWaitPage,1779317724,1,0,1
tlbdf8n9,154,384f9h7v,14,mock_N08_N04_Aonly,GroupSizeWaitPage,1779317725,1,0,1
tlbdf8n9,177,4uz9lihc,0,,InitializeParticipant,1779317728,1,0,0
tlbdf8n9,175,gdtx0ed9,11,presurvey,Scenario,1779317729,1,0,0
tlbdf8n9,158,6w3wsl3f,21,mock_N08_N04_Aonly,Discussion,1779317735,1,0,0
tlbdf8n9,159,v61hjfqr,28,mock_N08_N04_Aonly,DiscussionGRPWaitPage,1779317735,2,0,1
tlbdf8n9,173,7dezyb78,28,mock_N08_N04_Aonly,DiscussionGRPWaitPage,1779317735,2,0,1
tlbdf8n9,145,2u896p3c,28,mock_N08_N04_Aonly,DiscussionGRPWaitPage,1779317735,2,0,1
tlbdf8n9,158,6w3wsl3f,28,mock_N08_N04_Aonly,DiscussionGRPWaitPage,1779317735,2,0,1
tlbdf8n9,154,384f9h7v,15,mock_N08_N04_Aonly,AttentionCheck,1779317738,1,0,0
tlbdf8n9,159,v61hjfqr,33,mock_N08_N04_Aonly,Discussion,1779317742,2,0,0
tlbdf8n9,173,7dezyb78,33,mock_N08_N04_Aonly,Discussion,1779317747,2,0,0
tlbdf8n9,158,6w3wsl3f,33,mock_N08_N04_Aonly,Discussion,1779317749,2,0,0
tlbdf8n9,145,2u896p3c,33,mock_N08_N04_Aonly,Discussion,1779317750,2,0,0
tlbdf8n9,145,2u896p3c,40,mock_N08_N04_Aonly,DiscussionGRPWaitPage,1779317751,3,0,1
tlbdf8n9,159,v61hjfqr,40,mock_N08_N04_Aonly,DiscussionGRPWaitPage,1779317751,3,0,1
tlbdf8n9,158,6w3wsl3f,40,mock_N08_N04_Aonly,DiscussionGRPWaitPage,1779317751,3,0,1
tlbdf8n9,173,7dezyb78,40,mock_N08_N04_Aonly,DiscussionGRPWaitPage,1779317751,3,0,1
tlbdf8n9,151,sg5qorz3,13,mock_N08_N04_Aonly,GroupingWaitPage,1779317752,1,0,1
tlbdf8n9,151,sg5qorz3,14,mock_N08_N04_Aonly,GroupSizeWaitPage,1779317753,1,0,1
tlbdf8n9,151,sg5qorz3,15,mock_N08_N04_Aonly,AttentionCheck,1779317757,1,0,0
tlbdf8n9,173,7dezyb78,45,mock_N08_N04_Aonly,Discussion,1779317759,3,0,0
tlbdf8n9,171,xe3mcg9g,12,presurvey,Commitment,1779317760,1,0,0
tlbdf8n9,145,2u896p3c,45,mock_N08_N04_Aonly,Discussion,1779317760,3,0,0
tlbdf8n9,159,v61hjfqr,45,mock_N08_N04_Aonly,Discussion,1779317763,3,0,0
tlbdf8n9,177,4uz9lihc,1,presurvey,Introduction,1779317775,1,0,0
tlbdf8n9,158,6w3wsl3f,45,mock_N08_N04_Aonly,Discussion,1779317776,3,0,0
tlbdf8n9,145,2u896p3c,52,mock_N08_N04_Aonly,DiscussionGRPWaitPage,1779317777,4,0,1
tlbdf8n9,173,7dezyb78,52,mock_N08_N04_Aonly,DiscussionGRPWaitPage,1779317777,4,0,1
tlbdf8n9,159,v61hjfqr,52,mock_N08_N04_Aonly,DiscussionGRPWaitPage,1779317777,4,0,1
tlbdf8n9,158,6w3wsl3f,52,mock_N08_N04_Aonly,DiscussionGRPWaitPage,1779317777,4,0,1
tlbdf8n9,173,7dezyb78,57,mock_N08_N04_Aonly,Discussion,1779317782,4,0,0
tlbdf8n9,159,v61hjfqr,57,mock_N08_N04_Aonly,Discussion,1779317784,4,0,0
tlbdf8n9,145,2u896p3c,57,mock_N08_N04_Aonly,Discussion,1779317785,4,0,0
tlbdf8n9,158,6w3wsl3f,57,mock_N08_N04_Aonly,Discussion,1779317797,4,0,0
tlbdf8n9,159,v61hjfqr,64,mock_N08_N04_Aonly,DiscussionGRPWaitPage,1779317798,5,0,1
tlbdf8n9,145,2u896p3c,64,mock_N08_N04_Aonly,DiscussionGRPWaitPage,1779317798,5,0,1
tlbdf8n9,158,6w3wsl3f,64,mock_N08_N04_Aonly,DiscussionGRPWaitPage,1779317798,5,0,1
tlbdf8n9,173,7dezyb78,64,mock_N08_N04_Aonly,DiscussionGRPWaitPage,1779317798,5,0,1
tlbdf8n9,175,gdtx0ed9,12,presurvey,Commitment,1779317803,1,0,0
tlbdf8n9,145,2u896p3c,69,mock_N08_N04_Aonly,Discussion,1779317804,5,0,0
tlbdf8n9,177,4uz9lihc,2,presurvey,AudioCheck,1779317808,1,0,0
tlbdf8n9,159,v61hjfqr,69,mock_N08_N04_Aonly,Discussion,1779317809,5,0,0
tlbdf8n9,173,7dezyb78,69,mock_N08_N04_Aonly,Discussion,1779317809,5,0,0
tlbdf8n9,158,6w3wsl3f,69,mock_N08_N04_Aonly,Discussion,1779317819,5,0,0
tlbdf8n9,145,2u896p3c,76,mock_N08_N04_Aonly,DiscussionGRPWaitPage,1779317819,6,0,1
tlbdf8n9,159,v61hjfqr,76,mock_N08_N04_Aonly,DiscussionGRPWaitPage,1779317819,6,0,1
tlbdf8n9,158,6w3wsl3f,76,mock_N08_N04_Aonly,DiscussionGRPWaitPage,1779317819,6,0,1
tlbdf8n9,173,7dezyb78,76,mock_N08_N04_Aonly,DiscussionGRPWaitPage,1779317819,6,0,1
tlbdf8n9,145,2u896p3c,81,mock_N08_N04_Aonly,Discussion,1779317826,6,0,0
tlbdf8n9,158,6w3wsl3f,81,mock_N08_N04_Aonly,Discussion,1779317828,6,0,0
tlbdf8n9,159,v61hjfqr,81,mock_N08_N04_Aonly,Discussion,1779317830,6,0,0
tlbdf8n9,173,7dezyb78,81,mock_N08_N04_Aonly,Discussion,1779317832,6,0,0
tlbdf8n9,173,7dezyb78,88,mock_N08_N04_Aonly,DiscussionGRPWaitPage,1779317832,7,0,1
tlbdf8n9,159,v61hjfqr,88,mock_N08_N04_Aonly,DiscussionGRPWaitPage,1779317832,7,0,1
tlbdf8n9,145,2u896p3c,88,mock_N08_N04_Aonly,DiscussionGRPWaitPage,1779317832,7,0,1
tlbdf8n9,158,6w3wsl3f,88,mock_N08_N04_Aonly,DiscussionGRPWaitPage,1779317832,7,0,1
tlbdf8n9,173,7dezyb78,93,mock_N08_N04_Aonly,Discussion,1779317836,7,0,0
tlbdf8n9,159,v61hjfqr,93,mock_N08_N04_Aonly,Discussion,1779317837,7,0,0
tlbdf8n9,176,pjmhos0l,2,presurvey,AudioCheck,1779317838,1,0,0
tlbdf8n9,158,6w3wsl3f,93,mock_N08_N04_Aonly,Discussion,1779317841,7,0,0
tlbdf8n9,145,2u896p3c,93,mock_N08_N04_Aonly,Discussion,1779317843,7,0,0
tlbdf8n9,159,v61hjfqr,100,mock_N08_N04_Aonly,DiscussionGRPWaitPage,1779317843,8,0,1
tlbdf8n9,145,2u896p3c,100,mock_N08_N04_Aonly,DiscussionGRPWaitPage,1779317843,8,0,1
tlbdf8n9,173,7dezyb78,100,mock_N08_N04_Aonly,DiscussionGRPWaitPage,1779317843,8,0,1
tlbdf8n9,158,6w3wsl3f,100,mock_N08_N04_Aonly,DiscussionGRPWaitPage,1779317843,8,0,1
tlbdf8n9,177,4uz9lihc,3,presurvey,Demographics,1779317843,1,0,0
tlbdf8n9,159,v61hjfqr,105,mock_N08_N04_Aonly,Discussion,1779317847,8,0,0
tlbdf8n9,173,7dezyb78,105,mock_N08_N04_Aonly,Discussion,1779317847,8,0,0
tlbdf8n9,158,6w3wsl3f,105,mock_N08_N04_Aonly,Discussion,1779317851,8,0,0
tlbdf8n9,145,2u896p3c,105,mock_N08_N04_Aonly,Discussion,1779317854,8,0,0
tlbdf8n9,145,2u896p3c,112,mock_N08_N04_Aonly,DiscussionGRPWaitPage,1779317855,9,0,1
tlbdf8n9,159,v61hjfqr,112,mock_N08_N04_Aonly,DiscussionGRPWaitPage,1779317855,9,0,1
tlbdf8n9,158,6w3wsl3f,112,mock_N08_N04_Aonly,DiscussionGRPWaitPage,1779317855,9,0,1
tlbdf8n9,173,7dezyb78,112,mock_N08_N04_Aonly,DiscussionGRPWaitPage,1779317855,9,0,1
tlbdf8n9,173,7dezyb78,117,mock_N08_N04_Aonly,Discussion,1779317859,9,0,0
tlbdf8n9,159,v61hjfqr,117,mock_N08_N04_Aonly,Discussion,1779317861,9,0,0
tlbdf8n9,145,2u896p3c,117,mock_N08_N04_Aonly,Discussion,1779317863,9,0,0
tlbdf8n9,177,4uz9lihc,4,presurvey,NeighborhoodInstruction,1779317875,1,0,0
tlbdf8n9,158,6w3wsl3f,117,mock_N08_N04_Aonly,Discussion,1779317875,9,0,0
tlbdf8n9,145,2u896p3c,124,mock_N08_N04_Aonly,DiscussionGRPWaitPage,1779317876,10,0,1
tlbdf8n9,158,6w3wsl3f,124,mock_N08_N04_Aonly,DiscussionGRPWaitPage,1779317876,10,0,1
tlbdf8n9,173,7dezyb78,124,mock_N08_N04_Aonly,DiscussionGRPWaitPage,1779317876,10,0,1
tlbdf8n9,159,v61hjfqr,124,mock_N08_N04_Aonly,DiscussionGRPWaitPage,1779317876,10,0,1
tlbdf8n9,173,7dezyb78,129,mock_N08_N04_Aonly,Discussion,1779317879,10,0,0
tlbdf8n9,176,pjmhos0l,3,presurvey,Demographics,1779317880,1,0,0
tlbdf8n9,158,6w3wsl3f,129,mock_N08_N04_Aonly,Discussion,1779317881,10,0,0
tlbdf8n9,159,v61hjfqr,129,mock_N08_N04_Aonly,Discussion,1779317881,10,0,0
tlbdf8n9,145,2u896p3c,129,mock_N08_N04_Aonly,Discussion,1779317881,10,0,0
tlbdf8n9,159,v61hjfqr,136,mock_N08_N04_Aonly,DiscussionGRPWaitPage,1779317882,11,0,1
tlbdf8n9,145,2u896p3c,136,mock_N08_N04_Aonly,DiscussionGRPWaitPage,1779317882,11,0,1
tlbdf8n9,173,7dezyb78,136,mock_N08_N04_Aonly,DiscussionGRPWaitPage,1779317882,11,0,1
tlbdf8n9,158,6w3wsl3f,136,mock_N08_N04_Aonly,DiscussionGRPWaitPage,1779317882,11,0,1
tlbdf8n9,159,v61hjfqr,141,mock_N08_N04_Aonly,Discussion,1779317885,11,0,0
tlbdf8n9,173,7dezyb78,141,mock_N08_N04_Aonly,Discussion,1779317886,11,0,0
tlbdf8n9,145,2u896p3c,141,mock_N08_N04_Aonly,Discussion,1779317888,11,0,0
tlbdf8n9,158,6w3wsl3f,141,mock_N08_N04_Aonly,Discussion,1779317888,11,0,0
tlbdf8n9,145,2u896p3c,148,mock_N08_N04_Aonly,DiscussionGRPWaitPage,1779317888,12,0,1
tlbdf8n9,159,v61hjfqr,148,mock_N08_N04_Aonly,DiscussionGRPWaitPage,1779317888,12,0,1
tlbdf8n9,158,6w3wsl3f,148,mock_N08_N04_Aonly,DiscussionGRPWaitPage,1779317888,12,0,1
tlbdf8n9,173,7dezyb78,148,mock_N08_N04_Aonly,DiscussionGRPWaitPage,1779317888,12,0,1
tlbdf8n9,173,7dezyb78,153,mock_N08_N04_Aonly,Discussion,1779317891,12,0,0
tlbdf8n9,159,v61hjfqr,153,mock_N08_N04_Aonly,Discussion,1779317892,12,0,0
tlbdf8n9,145,2u896p3c,153,mock_N08_N04_Aonly,Discussion,1779317894,12,0,0
tlbdf8n9,158,6w3wsl3f,153,mock_N08_N04_Aonly,Discussion,1779317896,12,0,0
tlbdf8n9,173,7dezyb78,160,mock_N08_N04_Aonly,DiscussionGRPWaitPage,1779317896,13,0,1
tlbdf8n9,159,v61hjfqr,160,mock_N08_N04_Aonly,DiscussionGRPWaitPage,1779317896,13,0,1
tlbdf8n9,145,2u896p3c,160,mock_N08_N04_Aonly,DiscussionGRPWaitPage,1779317896,13,0,1
tlbdf8n9,158,6w3wsl3f,160,mock_N08_N04_Aonly,DiscussionGRPWaitPage,1779317896,13,0,1
tlbdf8n9,173,7dezyb78,165,mock_N08_N04_Aonly,Discussion,1779317900,13,0,0
tlbdf8n9,159,v61hjfqr,165,mock_N08_N04_Aonly,Discussion,1779317901,13,0,0
tlbdf8n9,158,6w3wsl3f,165,mock_N08_N04_Aonly,Discussion,1779317902,13,0,0
tlbdf8n9,145,2u896p3c,165,mock_N08_N04_Aonly,Discussion,1779317903,13,0,0
tlbdf8n9,159,v61hjfqr,172,mock_N08_N04_Aonly,DiscussionGRPWaitPage,1779317903,14,0,1
tlbdf8n9,145,2u896p3c,172,mock_N08_N04_Aonly,DiscussionGRPWaitPage,1779317903,14,0,1
tlbdf8n9,158,6w3wsl3f,172,mock_N08_N04_Aonly,DiscussionGRPWaitPage,1779317903,14,0,1
tlbdf8n9,173,7dezyb78,172,mock_N08_N04_Aonly,DiscussionGRPWaitPage,1779317903,14,0,1
tlbdf8n9,173,7dezyb78,177,mock_N08_N04_Aonly,Discussion,1779317906,14,0,0
tlbdf8n9,159,v61hjfqr,177,mock_N08_N04_Aonly,Discussion,1779317907,14,0,0
tlbdf8n9,158,6w3wsl3f,177,mock_N08_N04_Aonly,Discussion,1779317909,14,0,0
tlbdf8n9,145,2u896p3c,177,mock_N08_N04_Aonly,Discussion,1779317911,14,0,0
tlbdf8n9,145,2u896p3c,184,mock_N08_N04_Aonly,DiscussionGRPWaitPage,1779317912,15,0,1
tlbdf8n9,159,v61hjfqr,184,mock_N08_N04_Aonly,DiscussionGRPWaitPage,1779317912,15,0,1
tlbdf8n9,158,6w3wsl3f,184,mock_N08_N04_Aonly,DiscussionGRPWaitPage,1779317912,15,0,1
tlbdf8n9,173,7dezyb78,184,mock_N08_N04_Aonly,DiscussionGRPWaitPage,1779317912,15,0,1
tlbdf8n9,159,v61hjfqr,189,mock_N08_N04_Aonly,Discussion,1779317915,15,0,0
tlbdf8n9,145,2u896p3c,189,mock_N08_N04_Aonly,Discussion,1779317915,15,0,0
tlbdf8n9,158,6w3wsl3f,189,mock_N08_N04_Aonly,Discussion,1779317917,15,0,0
tlbdf8n9,173,7dezyb78,189,mock_N08_N04_Aonly,Discussion,1779317917,15,0,0
tlbdf8n9,159,v61hjfqr,196,mock_N08_N04_Aonly,DiscussionGRPWaitPage,1779317917,16,0,1
tlbdf8n9,145,2u896p3c,196,mock_N08_N04_Aonly,DiscussionGRPWaitPage,1779317917,16,0,1
tlbdf8n9,158,6w3wsl3f,196,mock_N08_N04_Aonly,DiscussionGRPWaitPage,1779317917,16,0,1
tlbdf8n9,173,7dezyb78,196,mock_N08_N04_Aonly,DiscussionGRPWaitPage,1779317917,16,0,1
tlbdf8n9,158,6w3wsl3f,201,mock_N08_N04_Aonly,Discussion,1779317920,16,0,0
tlbdf8n9,173,7dezyb78,201,mock_N08_N04_Aonly,Discussion,1779317921,16,0,0
tlbdf8n9,145,2u896p3c,201,mock_N08_N04_Aonly,Discussion,1779317921,16,0,0
tlbdf8n9,159,v61hjfqr,201,mock_N08_N04_Aonly,Discussion,1779317923,16,0,0
tlbdf8n9,145,2u896p3c,208,mock_N08_N04_Aonly,DiscussionGRPWaitPage,1779317924,17,0,1
tlbdf8n9,159,v61hjfqr,208,mock_N08_N04_Aonly,DiscussionGRPWaitPage,1779317924,17,0,1
tlbdf8n9,158,6w3wsl3f,208,mock_N08_N04_Aonly,DiscussionGRPWaitPage,1779317924,17,0,1
tlbdf8n9,173,7dezyb78,208,mock_N08_N04_Aonly,DiscussionGRPWaitPage,1779317924,17,0,1
tlbdf8n9,178,71cya9ev,0,,InitializeParticipant,1779317925,1,0,0
tlbdf8n9,159,v61hjfqr,213,mock_N08_N04_Aonly,Discussion,1779317926,17,0,0
tlbdf8n9,173,7dezyb78,213,mock_N08_N04_Aonly,Discussion,1779317927,17,0,0
tlbdf8n9,145,2u896p3c,213,mock_N08_N04_Aonly,Discussion,1779317927,17,0,0
tlbdf8n9,177,4uz9lihc,5,presurvey,Training,1779317927,1,0,0
tlbdf8n9,158,6w3wsl3f,213,mock_N08_N04_Aonly,Discussion,1779317927,17,0,0
tlbdf8n9,145,2u896p3c,220,mock_N08_N04_Aonly,DiscussionGRPWaitPage,1779317927,18,0,1
tlbdf8n9,159,v61hjfqr,220,mock_N08_N04_Aonly,DiscussionGRPWaitPage,1779317927,18,0,1
tlbdf8n9,158,6w3wsl3f,220,mock_N08_N04_Aonly,DiscussionGRPWaitPage,1779317927,18,0,1
tlbdf8n9,173,7dezyb78,220,mock_N08_N04_Aonly,DiscussionGRPWaitPage,1779317927,18,0,1
tlbdf8n9,159,v61hjfqr,225,mock_N08_N04_Aonly,Discussion,1779317930,18,0,0
tlbdf8n9,145,2u896p3c,225,mock_N08_N04_Aonly,Discussion,1779317930,18,0,0
tlbdf8n9,158,6w3wsl3f,225,mock_N08_N04_Aonly,Discussion,1779317932,18,0,0
tlbdf8n9,173,7dezyb78,225,mock_N08_N04_Aonly,Discussion,1779317932,18,0,0
tlbdf8n9,159,v61hjfqr,232,mock_N08_N04_Aonly,DiscussionGRPWaitPage,1779317932,19,0,1
tlbdf8n9,145,2u896p3c,232,mock_N08_N04_Aonly,DiscussionGRPWaitPage,1779317932,19,0,1
tlbdf8n9,158,6w3wsl3f,232,mock_N08_N04_Aonly,DiscussionGRPWaitPage,1779317932,19,0,1
tlbdf8n9,173,7dezyb78,232,mock_N08_N04_Aonly,DiscussionGRPWaitPage,1779317932,19,0,1
tlbdf8n9,173,7dezyb78,237,mock_N08_N04_Aonly,Discussion,1779317935,19,0,0
tlbdf8n9,159,v61hjfqr,237,mock_N08_N04_Aonly,Discussion,1779317935,19,0,0
tlbdf8n9,158,6w3wsl3f,237,mock_N08_N04_Aonly,Discussion,1779317935,19,0,0
tlbdf8n9,145,2u896p3c,237,mock_N08_N04_Aonly,Discussion,1779317936,19,0,0
tlbdf8n9,145,2u896p3c,244,mock_N08_N04_Aonly,DiscussionGRPWaitPage,1779317936,20,0,1
tlbdf8n9,159,v61hjfqr,244,mock_N08_N04_Aonly,DiscussionGRPWaitPage,1779317936,20,0,1
tlbdf8n9,158,6w3wsl3f,244,mock_N08_N04_Aonly,DiscussionGRPWaitPage,1779317936,20,0,1
tlbdf8n9,173,7dezyb78,244,mock_N08_N04_Aonly,DiscussionGRPWaitPage,1779317936,20,0,1
tlbdf8n9,159,v61hjfqr,249,mock_N08_N04_Aonly,Discussion,1779317939,20,0,0
tlbdf8n9,173,7dezyb78,249,mock_N08_N04_Aonly,Discussion,1779317940,20,0,0
tlbdf8n9,158,6w3wsl3f,249,mock_N08_N04_Aonly,Discussion,1779317940,20,0,0
tlbdf8n9,145,2u896p3c,249,mock_N08_N04_Aonly,Discussion,1779317942,20,0,0
tlbdf8n9,178,71cya9ev,1,presurvey,Introduction,1779317942,1,0,0
tlbdf8n9,161,4xko73bt,13,mock_N08_N04_Aonly,GroupingWaitPage,1779317952,1,0,1
tlbdf8n9,161,4xko73bt,14,mock_N08_N04_Aonly,GroupSizeWaitPage,1779317953,1,0,1
tlbdf8n9,179,pg05wddc,0,,InitializeParticipant,1779317963,1,0,0
tlbdf8n9,145,2u896p3c,250,mock_N08_N04_Aonly,Additional,1779317963,20,0,0
tlbdf8n9,173,7dezyb78,250,mock_N08_N04_Aonly,Additional,1779317965,20,0,0
tlbdf8n9,159,v61hjfqr,250,mock_N08_N04_Aonly,Additional,1779317966,20,0,0
tlbdf8n9,161,4xko73bt,15,mock_N08_N04_Aonly,AttentionCheck,1779317966,1,0,0
tlbdf8n9,180,8hxa8eyi,0,,InitializeParticipant,1779317969,1,0,0
tlbdf8n9,158,6w3wsl3f,250,mock_N08_N04_Aonly,Additional,1779317990,20,0,0
tlbdf8n9,145,2u896p3c,251,mock_N08_N04_Aonly,FinalRoundWaitPage,1779317990,20,0,1
tlbdf8n9,159,v61hjfqr,251,mock_N08_N04_Aonly,FinalRoundWaitPage,1779317990,20,0,1
tlbdf8n9,158,6w3wsl3f,251,mock_N08_N04_Aonly,FinalRoundWaitPage,1779317990,20,0,1
tlbdf8n9,173,7dezyb78,251,mock_N08_N04_Aonly,FinalRoundWaitPage,1779317990,20,0,1
tlbdf8n9,180,8hxa8eyi,1,presurvey,Introduction,1779317992,1,0,0
tlbdf8n9,145,2u896p3c,252,mock_N08_N04_Aonly,FinalRound,1779317996,20,0,0
tlbdf8n9,158,6w3wsl3f,252,mock_N08_N04_Aonly,FinalRound,1779317997,20,0,0
tlbdf8n9,159,v61hjfqr,252,mock_N08_N04_Aonly,FinalRound,1779317998,20,0,0
tlbdf8n9,173,7dezyb78,252,mock_N08_N04_Aonly,FinalRound,1779317999,20,0,0
tlbdf8n9,181,6keg0uzw,0,,InitializeParticipant,1779318021,1,0,0
tlbdf8n9,177,4uz9lihc,6,presurvey,TrainingNeighbor_1,1779318023,1,0,0
tlbdf8n9,179,pg05wddc,1,presurvey,Introduction,1779318026,1,0,0
tlbdf8n9,181,6keg0uzw,1,presurvey,Introduction,1779318035,1,0,0
tlbdf8n9,169,u245pj43,13,mock_N08_N04_Aonly,GroupingWaitPage,1779318041,1,0,1
tlbdf8n9,180,8hxa8eyi,2,presurvey,AudioCheck,1779318041,1,0,0
tlbdf8n9,169,u245pj43,14,mock_N08_N04_Aonly,GroupSizeWaitPage,1779318042,1,0,1
tlbdf8n9,179,pg05wddc,2,presurvey,AudioCheck,1779318043,1,0,0
tlbdf8n9,182,fat79klh,0,,InitializeParticipant,1779318046,1,0,0
tlbdf8n9,169,u245pj43,15,mock_N08_N04_Aonly,AttentionCheck,1779318046,1,0,0
tlbdf8n9,179,pg05wddc,3,presurvey,Demographics,1779318056,1,0,0
tlbdf8n9,182,fat79klh,1,presurvey,Introduction,1779318064,1,0,0
tlbdf8n9,177,4uz9lihc,7,presurvey,TrainingNeighbor_2,1779318070,1,0,0
tlbdf8n9,182,fat79klh,2,presurvey,AudioCheck,1779318071,1,0,0
tlbdf8n9,168,mlvx7n0e,13,mock_N08_N04_Aonly,GroupingWaitPage,1779318074,1,0,1
tlbdf8n9,171,xe3mcg9g,13,mock_N08_N04_Aonly,GroupingWaitPage,1779318074,1,0,1
tlbdf8n9,174,k2he7phs,13,mock_N08_N04_Aonly,GroupingWaitPage,1779318074,1,0,1
tlbdf8n9,175,gdtx0ed9,13,mock_N08_N04_Aonly,GroupingWaitPage,1779318074,1,0,1
tlbdf8n9,168,mlvx7n0e,14,mock_N08_N04_Aonly,GroupSizeWaitPage,1779318074,1,0,1
tlbdf8n9,171,xe3mcg9g,14,mock_N08_N04_Aonly,GroupSizeWaitPage,1779318074,1,0,1
tlbdf8n9,174,k2he7phs,14,mock_N08_N04_Aonly,GroupSizeWaitPage,1779318074,1,0,1
tlbdf8n9,175,gdtx0ed9,14,mock_N08_N04_Aonly,GroupSizeWaitPage,1779318074,1,0,1
tlbdf8n9,171,xe3mcg9g,16,mock_N08_N04_Aonly,DiscussionGRPWaitPage,1779318075,1,0,1
tlbdf8n9,174,k2he7phs,16,mock_N08_N04_Aonly,DiscussionGRPWaitPage,1779318075,1,0,1
tlbdf8n9,168,mlvx7n0e,16,mock_N08_N04_Aonly,DiscussionGRPWaitPage,1779318075,1,0,1
tlbdf8n9,175,gdtx0ed9,16,mock_N08_N04_Aonly,DiscussionGRPWaitPage,1779318075,1,0,1
tlbdf8n9,182,fat79klh,3,presurvey,Demographics,1779318077,1,0,0
tlbdf8n9,179,pg05wddc,4,presurvey,NeighborhoodInstruction,1779318079,1,0,0
tlbdf8n9,183,l214m69p,0,,InitializeParticipant,1779318084,1,0,0
tlbdf8n9,182,fat79klh,4,presurvey,NeighborhoodInstruction,1779318085,1,0,0
tlbdf8n9,183,l214m69p,1,presurvey,Introduction,1779318091,1,0,0
tlbdf8n9,156,lxxj0q79,13,mock_N08_N04_Aonly,GroupingWaitPage,1779318092,1,0,1
tlbdf8n9,156,lxxj0q79,14,mock_N08_N04_Aonly,GroupSizeWaitPage,1779318093,1,0,1
tlbdf8n9,177,4uz9lihc,8,presurvey,AttentionCheck,1779318097,1,0,0
tlbdf8n9,171,xe3mcg9g,17,mock_N08_N04_Aonly,Nudge,1779318098,1,0,0
tlbdf8n9,174,k2he7phs,17,mock_N08_N04_Aonly,Nudge,1779318103,1,0,0
tlbdf8n9,179,pg05wddc,5,presurvey,Training,1779318104,1,0,0
tlbdf8n9,168,mlvx7n0e,17,mock_N08_N04_Aonly,Nudge,1779318104,1,0,0
tlbdf8n9,182,fat79klh,5,presurvey,Training,1779318107,1,0,0
tlbdf8n9,156,lxxj0q79,15,mock_N08_N04_Aonly,AttentionCheck,1779318109,1,0,0
tlbdf8n9,183,l214m69p,2,presurvey,AudioCheck,1779318114,1,0,0
tlbdf8n9,182,fat79klh,6,presurvey,TrainingNeighbor_1,1779318114,1,0,0
tlbdf8n9,168,mlvx7n0e,18,mock_N08_N04_Aonly,NudgeTraining,1779318116,1,0,0
tlbdf8n9,174,k2he7phs,18,mock_N08_N04_Aonly,NudgeTraining,1779318118,1,0,0
tlbdf8n9,182,fat79klh,10,presurvey,ExperimentInstruction,1779318118,1,0,0
tlbdf8n9,171,xe3mcg9g,18,mock_N08_N04_Aonly,NudgeTraining,1779318127,1,0,0
tlbdf8n9,168,mlvx7n0e,19,mock_N08_N04_Aonly,NudgeTrainingLast,1779318127,1,0,0
tlbdf8n9,177,4uz9lihc,9,presurvey,TrainingNeighbor_3,1779318128,1,0,0
tlbdf8n9,175,gdtx0ed9,17,mock_N08_N04_Aonly,Nudge,1779318129,1,0,0
tlbdf8n9,180,8hxa8eyi,3,presurvey,Demographics,1779318135,1,0,0
tlbdf8n9,174,k2he7phs,19,mock_N08_N04_Aonly,NudgeTrainingLast,1779318136,1,0,0
tlbdf8n9,171,xe3mcg9g,19,mock_N08_N04_Aonly,NudgeTrainingLast,1779318144,1,0,0
tlbdf8n9,183,l214m69p,3,presurvey,Demographics,1779318145,1,0,0
tlbdf8n9,175,gdtx0ed9,18,mock_N08_N04_Aonly,NudgeTraining,1779318146,1,0,0
tlbdf8n9,184,9e77l7d9,0,,InitializeParticipant,1779318146,1,0,0
tlbdf8n9,179,pg05wddc,6,presurvey,TrainingNeighbor_1,1779318149,1,0,0
tlbdf8n9,168,mlvx7n0e,20,mock_N08_N04_Aonly,Phase3,1779318149,1,0,0
tlbdf8n9,182,fat79klh,11,presurvey,Scenario,1779318149,1,0,0
tlbdf8n9,175,gdtx0ed9,19,mock_N08_N04_Aonly,NudgeTrainingLast,1779318155,1,0,0
tlbdf8n9,171,xe3mcg9g,20,mock_N08_N04_Aonly,Phase3,1779318156,1,0,0
tlbdf8n9,168,mlvx7n0e,21,mock_N08_N04_Aonly,Discussion,1779318161,1,0,0
tlbdf8n9,179,pg05wddc,10,presurvey,ExperimentInstruction,1779318163,1,0,0
tlbdf8n9,175,gdtx0ed9,20,mock_N08_N04_Aonly,Phase3,1779318170,1,0,0
tlbdf8n9,171,xe3mcg9g,21,mock_N08_N04_Aonly,Discussion,1779318170,1,0,0
tlbdf8n9,183,l214m69p,4,presurvey,NeighborhoodInstruction,1779318174,1,0,0
tlbdf8n9,177,4uz9lihc,10,presurvey,ExperimentInstruction,1779318177,1,0,0
tlbdf8n9,174,k2he7phs,20,mock_N08_N04_Aonly,Phase3,1779318182,1,1,0
tlbdf8n9,184,9e77l7d9,1,presurvey,Introduction,1779318185,1,0,0
tlbdf8n9,174,k2he7phs,21,mock_N08_N04_Aonly,Discussion,1779318199,1,0,0
tlbdf8n9,183,l214m69p,5,presurvey,Training,1779318205,1,0,0
tlbdf8n9,179,pg05wddc,11,presurvey,Scenario,1779318206,1,0,0
tlbdf8n9,184,9e77l7d9,2,presurvey,AudioCheck,1779318207,1,0,0
tlbdf8n9,175,gdtx0ed9,21,mock_N08_N04_Aonly,Discussion,1779318214,1,0,0
tlbdf8n9,171,xe3mcg9g,28,mock_N08_N04_Aonly,DiscussionGRPWaitPage,1779318215,2,0,1
tlbdf8n9,174,k2he7phs,28,mock_N08_N04_Aonly,DiscussionGRPWaitPage,1779318215,2,0,1
tlbdf8n9,168,mlvx7n0e,28,mock_N08_N04_Aonly,DiscussionGRPWaitPage,1779318215,2,0,1
tlbdf8n9,175,gdtx0ed9,28,mock_N08_N04_Aonly,DiscussionGRPWaitPage,1779318215,2,0,1
tlbdf8n9,168,mlvx7n0e,33,mock_N08_N04_Aonly,Discussion,1779318226,2,0,0
tlbdf8n9,171,xe3mcg9g,33,mock_N08_N04_Aonly,Discussion,1779318227,2,0,0
tlbdf8n9,175,gdtx0ed9,33,mock_N08_N04_Aonly,Discussion,1779318227,2,0,0
tlbdf8n9,163,jcwc4qcm,13,mock_N08_N04_Aonly,GroupingWaitPage,1779318230,1,0,1
tlbdf8n9,163,jcwc4qcm,14,mock_N08_N04_Aonly,GroupSizeWaitPage,1779318231,1,0,1
tlbdf8n9,177,4uz9lihc,11,presurvey,Scenario,1779318233,1,0,0
tlbdf8n9,174,k2he7phs,33,mock_N08_N04_Aonly,Discussion,1779318236,2,0,0
tlbdf8n9,171,xe3mcg9g,40,mock_N08_N04_Aonly,DiscussionGRPWaitPage,1779318236,3,0,1
tlbdf8n9,174,k2he7phs,40,mock_N08_N04_Aonly,DiscussionGRPWaitPage,1779318236,3,0,1
tlbdf8n9,168,mlvx7n0e,40,mock_N08_N04_Aonly,DiscussionGRPWaitPage,1779318236,3,0,1
tlbdf8n9,175,gdtx0ed9,40,mock_N08_N04_Aonly,DiscussionGRPWaitPage,1779318236,3,0,1
tlbdf8n9,183,l214m69p,6,presurvey,TrainingNeighbor_1,1779318237,1,0,0
tlbdf8n9,184,9e77l7d9,3,presurvey,Demographics,1779318239,1,0,0
tlbdf8n9,171,xe3mcg9g,45,mock_N08_N04_Aonly,Discussion,1779318245,3,0,0
tlbdf8n9,168,mlvx7n0e,45,mock_N08_N04_Aonly,Discussion,1779318247,3,0,0
tlbdf8n9,183,l214m69p,10,presurvey,ExperimentInstruction,1779318250,1,0,0
tlbdf8n9,174,k2he7phs,45,mock_N08_N04_Aonly,Discussion,1779318251,3,0,0
tlbdf8n9,180,8hxa8eyi,4,presurvey,NeighborhoodInstruction,1779318254,1,0,0
tlbdf8n9,163,jcwc4qcm,15,mock_N08_N04_Aonly,AttentionCheck,1779318259,1,0,0
tlbdf8n9,170,vamse86q,13,mock_N08_N04_Aonly,GroupingWaitPage,1779318261,1,0,1
tlbdf8n9,170,vamse86q,14,mock_N08_N04_Aonly,GroupSizeWaitPage,1779318262,1,0,1
tlbdf8n9,175,gdtx0ed9,45,mock_N08_N04_Aonly,Discussion,1779318262,3,0,0
tlbdf8n9,171,xe3mcg9g,52,mock_N08_N04_Aonly,DiscussionGRPWaitPage,1779318263,4,0,1
tlbdf8n9,174,k2he7phs,52,mock_N08_N04_Aonly,DiscussionGRPWaitPage,1779318263,4,0,1
tlbdf8n9,168,mlvx7n0e,52,mock_N08_N04_Aonly,DiscussionGRPWaitPage,1779318263,4,0,1
tlbdf8n9,175,gdtx0ed9,52,mock_N08_N04_Aonly,DiscussionGRPWaitPage,1779318263,4,0,1
tlbdf8n9,179,pg05wddc,12,presurvey,Commitment,1779318265,1,0,0
tlbdf8n9,170,vamse86q,15,mock_N08_N04_Aonly,AttentionCheck,1779318269,1,0,0
tlbdf8n9,171,xe3mcg9g,57,mock_N08_N04_Aonly,Discussion,1779318271,4,0,0
tlbdf8n9,174,k2he7phs,57,mock_N08_N04_Aonly,Discussion,1779318271,4,0,0
tlbdf8n9,168,mlvx7n0e,57,mock_N08_N04_Aonly,Discussion,1779318274,4,0,0
tlbdf8n9,184,9e77l7d9,4,presurvey,NeighborhoodInstruction,1779318275,1,0,0
tlbdf8n9,185,ris5aqfi,0,,InitializeParticipant,1779318284,1,0,0
tlbdf8n9,175,gdtx0ed9,57,mock_N08_N04_Aonly,Discussion,1779318285,4,0,0
tlbdf8n9,171,xe3mcg9g,64,mock_N08_N04_Aonly,DiscussionGRPWaitPage,1779318285,5,0,1
tlbdf8n9,168,mlvx7n0e,64,mock_N08_N04_Aonly,DiscussionGRPWaitPage,1779318285,5,0,1
tlbdf8n9,174,k2he7phs,64,mock_N08_N04_Aonly,DiscussionGRPWaitPage,1779318285,5,0,1
tlbdf8n9,175,gdtx0ed9,64,mock_N08_N04_Aonly,DiscussionGRPWaitPage,1779318285,5,0,1
tlbdf8n9,183,l214m69p,11,presurvey,Scenario,1779318289,1,0,0
tlbdf8n9,168,mlvx7n0e,69,mock_N08_N04_Aonly,Discussion,1779318290,5,0,0
tlbdf8n9,171,xe3mcg9g,69,mock_N08_N04_Aonly,Discussion,1779318293,5,0,0
tlbdf8n9,175,gdtx0ed9,69,mock_N08_N04_Aonly,Discussion,1779318294,5,0,0
tlbdf8n9,174,k2he7phs,69,mock_N08_N04_Aonly,Discussion,1779318296,5,0,0
tlbdf8n9,186,20m2bzgn,0,,InitializeParticipant,1779318296,1,0,0
tlbdf8n9,171,xe3mcg9g,76,mock_N08_N04_Aonly,DiscussionGRPWaitPage,1779318297,6,0,1
tlbdf8n9,174,k2he7phs,76,mock_N08_N04_Aonly,DiscussionGRPWaitPage,1779318297,6,0,1
tlbdf8n9,168,mlvx7n0e,76,mock_N08_N04_Aonly,DiscussionGRPWaitPage,1779318297,6,0,1
tlbdf8n9,175,gdtx0ed9,76,mock_N08_N04_Aonly,DiscussionGRPWaitPage,1779318297,6,0,1
tlbdf8n9,185,ris5aqfi,1,presurvey,Introduction,1779318300,1,0,0
tlbdf8n9,168,mlvx7n0e,81,mock_N08_N04_Aonly,Discussion,1779318304,6,0,0
tlbdf8n9,171,xe3mcg9g,81,mock_N08_N04_Aonly,Discussion,1779318304,6,0,0
tlbdf8n9,184,9e77l7d9,5,presurvey,Training,1779318305,1,0,0
tlbdf8n9,180,8hxa8eyi,5,presurvey,Training,1779318311,1,0,0
tlbdf8n9,175,gdtx0ed9,81,mock_N08_N04_Aonly,Discussion,1779318311,6,0,0
tlbdf8n9,185,ris5aqfi,2,presurvey,AudioCheck,1779318313,1,0,0
tlbdf8n9,174,k2he7phs,81,mock_N08_N04_Aonly,Discussion,1779318315,6,0,0
tlbdf8n9,171,xe3mcg9g,88,mock_N08_N04_Aonly,DiscussionGRPWaitPage,1779318315,7,0,1
tlbdf8n9,174,k2he7phs,88,mock_N08_N04_Aonly,DiscussionGRPWaitPage,1779318315,7,0,1
tlbdf8n9,168,mlvx7n0e,88,mock_N08_N04_Aonly,DiscussionGRPWaitPage,1779318315,7,0,1
tlbdf8n9,175,gdtx0ed9,88,mock_N08_N04_Aonly,DiscussionGRPWaitPage,1779318315,7,0,1
tlbdf8n9,186,20m2bzgn,1,presurvey,Introduction,1779318317,1,0,0
tlbdf8n9,175,gdtx0ed9,93,mock_N08_N04_Aonly,Discussion,1779318322,7,0,0
tlbdf8n9,171,xe3mcg9g,93,mock_N08_N04_Aonly,Discussion,1779318322,7,0,0
tlbdf8n9,185,ris5aqfi,3,presurvey,Demographics,1779318327,1,0,0
tlbdf8n9,174,k2he7phs,93,mock_N08_N04_Aonly,Discussion,1779318328,7,0,0
tlbdf8n9,177,4uz9lihc,12,presurvey,Commitment,1779318328,1,0,0
tlbdf8n9,168,mlvx7n0e,93,mock_N08_N04_Aonly,Discussion,1779318329,7,0,0
tlbdf8n9,168,mlvx7n0e,100,mock_N08_N04_Aonly,DiscussionGRPWaitPage,1779318329,8,0,1
tlbdf8n9,171,xe3mcg9g,100,mock_N08_N04_Aonly,DiscussionGRPWaitPage,1779318329,8,0,1
tlbdf8n9,174,k2he7phs,100,mock_N08_N04_Aonly,DiscussionGRPWaitPage,1779318329,8,0,1
tlbdf8n9,175,gdtx0ed9,100,mock_N08_N04_Aonly,DiscussionGRPWaitPage,1779318329,8,0,1
tlbdf8n9,185,ris5aqfi,4,presurvey,NeighborhoodInstruction,1779318330,1,0,0
tlbdf8n9,187,ixv07hsm,0,,InitializeParticipant,1779318330,1,0,0
tlbdf8n9,168,mlvx7n0e,105,mock_N08_N04_Aonly,Discussion,1779318333,8,0,0
tlbdf8n9,186,20m2bzgn,2,presurvey,AudioCheck,1779318335,1,0,0
tlbdf8n9,185,ris5aqfi,5,presurvey,Training,1779318335,1,0,0
tlbdf8n9,171,xe3mcg9g,105,mock_N08_N04_Aonly,Discussion,1779318336,8,0,0
tlbdf8n9,183,l214m69p,12,presurvey,Commitment,1779318336,1,0,0
tlbdf8n9,174,k2he7phs,105,mock_N08_N04_Aonly,Discussion,1779318338,8,0,0
tlbdf8n9,180,8hxa8eyi,6,presurvey,TrainingNeighbor_1,1779318348,1,0,0
tlbdf8n9,186,20m2bzgn,3,presurvey,Demographics,1779318356,1,0,0
tlbdf8n9,185,ris5aqfi,6,presurvey,TrainingNeighbor_1,1779318357,1,0,0
tlbdf8n9,184,9e77l7d9,6,presurvey,TrainingNeighbor_1,1779318358,1,0,0
tlbdf8n9,175,gdtx0ed9,105,mock_N08_N04_Aonly,Discussion,1779318359,8,0,0
tlbdf8n9,175,gdtx0ed9,112,mock_N08_N04_Aonly,DiscussionGRPWaitPage,1779318359,9,0,1
tlbdf8n9,171,xe3mcg9g,112,mock_N08_N04_Aonly,DiscussionGRPWaitPage,1779318359,9,0,1
tlbdf8n9,174,k2he7phs,112,mock_N08_N04_Aonly,DiscussionGRPWaitPage,1779318359,9,0,1
tlbdf8n9,168,mlvx7n0e,112,mock_N08_N04_Aonly,DiscussionGRPWaitPage,1779318359,9,0,1
tlbdf8n9,185,ris5aqfi,7,presurvey,TrainingNeighbor_2,1779318362,1,0,0
tlbdf8n9,168,mlvx7n0e,117,mock_N08_N04_Aonly,Discussion,1779318363,9,0,0
tlbdf8n9,185,ris5aqfi,10,presurvey,ExperimentInstruction,1779318363,1,0,0
tlbdf8n9,167,aqv6iwns,13,mock_N08_N04_Aonly,GroupingWaitPage,1779318364,1,0,1
tlbdf8n9,175,gdtx0ed9,117,mock_N08_N04_Aonly,Discussion,1779318364,9,0,0
tlbdf8n9,188,78870j1x,0,,InitializeParticipant,1779318364,1,0,0
tlbdf8n9,167,aqv6iwns,14,mock_N08_N04_Aonly,GroupSizeWaitPage,1779318365,1,0,1
tlbdf8n9,171,xe3mcg9g,117,mock_N08_N04_Aonly,Discussion,1779318366,9,0,0
tlbdf8n9,174,k2he7phs,117,mock_N08_N04_Aonly,Discussion,1779318369,9,0,0
tlbdf8n9,171,xe3mcg9g,124,mock_N08_N04_Aonly,DiscussionGRPWaitPage,1779318369,10,0,1
tlbdf8n9,174,k2he7phs,124,mock_N08_N04_Aonly,DiscussionGRPWaitPage,1779318369,10,0,1
tlbdf8n9,168,mlvx7n0e,124,mock_N08_N04_Aonly,DiscussionGRPWaitPage,1779318369,10,0,1
tlbdf8n9,175,gdtx0ed9,124,mock_N08_N04_Aonly,DiscussionGRPWaitPage,1779318369,10,0,1
tlbdf8n9,184,9e77l7d9,7,presurvey,TrainingNeighbor_2,1779318370,1,0,0
tlbdf8n9,168,mlvx7n0e,129,mock_N08_N04_Aonly,Discussion,1779318373,10,0,0
tlbdf8n9,184,9e77l7d9,10,presurvey,ExperimentInstruction,1779318376,1,0,0
tlbdf8n9,174,k2he7phs,129,mock_N08_N04_Aonly,Discussion,1779318376,10,0,0
tlbdf8n9,186,20m2bzgn,4,presurvey,NeighborhoodInstruction,1779318377,1,0,0
tlbdf8n9,171,xe3mcg9g,129,mock_N08_N04_Aonly,Discussion,1779318377,10,0,0
tlbdf8n9,185,ris5aqfi,11,presurvey,Scenario,1779318378,1,0,0
tlbdf8n9,175,gdtx0ed9,129,mock_N08_N04_Aonly,Discussion,1779318382,10,0,0
tlbdf8n9,168,mlvx7n0e,136,mock_N08_N04_Aonly,DiscussionGRPWaitPage,1779318383,11,0,1
tlbdf8n9,171,xe3mcg9g,136,mock_N08_N04_Aonly,DiscussionGRPWaitPage,1779318383,11,0,1
tlbdf8n9,174,k2he7phs,136,mock_N08_N04_Aonly,DiscussionGRPWaitPage,1779318383,11,0,1
tlbdf8n9,175,gdtx0ed9,136,mock_N08_N04_Aonly,DiscussionGRPWaitPage,1779318383,11,0,1
tlbdf8n9,167,aqv6iwns,15,mock_N08_N04_Aonly,AttentionCheck,1779318386,1,0,0
tlbdf8n9,168,mlvx7n0e,141,mock_N08_N04_Aonly,Discussion,1779318388,11,0,0
tlbdf8n9,171,xe3mcg9g,141,mock_N08_N04_Aonly,Discussion,1779318390,11,0,0
tlbdf8n9,175,gdtx0ed9,141,mock_N08_N04_Aonly,Discussion,1779318390,11,0,0
tlbdf8n9,185,ris5aqfi,12,presurvey,Commitment,1779318395,1,0,0
tlbdf8n9,174,k2he7phs,141,mock_N08_N04_Aonly,Discussion,1779318395,11,0,0
tlbdf8n9,168,mlvx7n0e,148,mock_N08_N04_Aonly,DiscussionGRPWaitPage,1779318396,12,0,1
tlbdf8n9,175,gdtx0ed9,148,mock_N08_N04_Aonly,DiscussionGRPWaitPage,1779318396,12,0,1
tlbdf8n9,171,xe3mcg9g,148,mock_N08_N04_Aonly,DiscussionGRPWaitPage,1779318396,12,0,1
tlbdf8n9,174,k2he7phs,148,mock_N08_N04_Aonly,DiscussionGRPWaitPage,1779318396,12,0,1
tlbdf8n9,186,20m2bzgn,5,presurvey,Training,1779318396,1,0,0
tlbdf8n9,175,gdtx0ed9,153,mock_N08_N04_Aonly,Discussion,1779318401,12,0,0
tlbdf8n9,174,k2he7phs,153,mock_N08_N04_Aonly,Discussion,1779318401,12,0,0
tlbdf8n9,184,9e77l7d9,11,presurvey,Scenario,1779318401,1,0,0
tlbdf8n9,168,mlvx7n0e,153,mock_N08_N04_Aonly,Discussion,1779318402,12,0,0
tlbdf8n9,171,xe3mcg9g,153,mock_N08_N04_Aonly,Discussion,1779318403,12,0,0
tlbdf8n9,171,xe3mcg9g,160,mock_N08_N04_Aonly,DiscussionGRPWaitPage,1779318404,13,0,1
tlbdf8n9,174,k2he7phs,160,mock_N08_N04_Aonly,DiscussionGRPWaitPage,1779318404,13,0,1
tlbdf8n9,168,mlvx7n0e,160,mock_N08_N04_Aonly,DiscussionGRPWaitPage,1779318404,13,0,1
tlbdf8n9,175,gdtx0ed9,160,mock_N08_N04_Aonly,DiscussionGRPWaitPage,1779318404,13,0,1
tlbdf8n9,168,mlvx7n0e,165,mock_N08_N04_Aonly,Discussion,1779318407,13,0,0
tlbdf8n9,174,k2he7phs,165,mock_N08_N04_Aonly,Discussion,1779318408,13,0,0
tlbdf8n9,175,gdtx0ed9,165,mock_N08_N04_Aonly,Discussion,1779318408,13,0,0
tlbdf8n9,171,xe3mcg9g,165,mock_N08_N04_Aonly,Discussion,1779318409,13,0,0
tlbdf8n9,168,mlvx7n0e,172,mock_N08_N04_Aonly,DiscussionGRPWaitPage,1779318410,14,0,1
tlbdf8n9,171,xe3mcg9g,172,mock_N08_N04_Aonly,DiscussionGRPWaitPage,1779318410,14,0,1
tlbdf8n9,174,k2he7phs,172,mock_N08_N04_Aonly,DiscussionGRPWaitPage,1779318410,14,0,1
tlbdf8n9,175,gdtx0ed9,172,mock_N08_N04_Aonly,DiscussionGRPWaitPage,1779318410,14,0,1
tlbdf8n9,186,20m2bzgn,6,presurvey,TrainingNeighbor_1,1779318412,1,0,0
tlbdf8n9,168,mlvx7n0e,177,mock_N08_N04_Aonly,Discussion,1779318413,14,0,0
tlbdf8n9,174,k2he7phs,177,mock_N08_N04_Aonly,Discussion,1779318415,14,0,0
tlbdf8n9,171,xe3mcg9g,177,mock_N08_N04_Aonly,Discussion,1779318416,14,0,0
tlbdf8n9,186,20m2bzgn,10,presurvey,ExperimentInstruction,1779318422,1,0,0
tlbdf8n9,184,9e77l7d9,12,presurvey,Commitment,1779318431,1,0,0
tlbdf8n9,189,nmrtgw9n,0,,InitializeParticipant,1779318432,1,0,0
tlbdf8n9,175,gdtx0ed9,177,mock_N08_N04_Aonly,Discussion,1779318436,14,0,0
tlbdf8n9,171,xe3mcg9g,184,mock_N08_N04_Aonly,DiscussionGRPWaitPage,1779318436,15,0,1
tlbdf8n9,174,k2he7phs,184,mock_N08_N04_Aonly,DiscussionGRPWaitPage,1779318436,15,0,1
tlbdf8n9,168,mlvx7n0e,184,mock_N08_N04_Aonly,DiscussionGRPWaitPage,1779318436,15,0,1
tlbdf8n9,175,gdtx0ed9,184,mock_N08_N04_Aonly,DiscussionGRPWaitPage,1779318436,15,0,1
tlbdf8n9,189,nmrtgw9n,1,presurvey,Introduction,1779318438,1,0,0
tlbdf8n9,168,mlvx7n0e,189,mock_N08_N04_Aonly,Discussion,1779318440,15,0,0
tlbdf8n9,174,k2he7phs,189,mock_N08_N04_Aonly,Discussion,1779318442,15,0,0
tlbdf8n9,171,xe3mcg9g,189,mock_N08_N04_Aonly,Discussion,1779318443,15,0,0
tlbdf8n9,188,78870j1x,1,presurvey,Introduction,1779318445,1,0,0
tlbdf8n9,175,gdtx0ed9,189,mock_N08_N04_Aonly,Discussion,1779318445,15,0,0
tlbdf8n9,171,xe3mcg9g,196,mock_N08_N04_Aonly,DiscussionGRPWaitPage,1779318446,16,0,1
tlbdf8n9,174,k2he7phs,196,mock_N08_N04_Aonly,DiscussionGRPWaitPage,1779318446,16,0,1
tlbdf8n9,168,mlvx7n0e,196,mock_N08_N04_Aonly,DiscussionGRPWaitPage,1779318446,16,0,1
tlbdf8n9,175,gdtx0ed9,196,mock_N08_N04_Aonly,DiscussionGRPWaitPage,1779318446,16,0,1
tlbdf8n9,186,20m2bzgn,11,presurvey,Scenario,1779318446,1,0,0
tlbdf8n9,180,8hxa8eyi,7,presurvey,TrainingNeighbor_2,1779318452,1,0,0
tlbdf8n9,174,k2he7phs,201,mock_N08_N04_Aonly,Discussion,1779318455,16,0,0
tlbdf8n9,168,mlvx7n0e,201,mock_N08_N04_Aonly,Discussion,1779318458,16,0,0
tlbdf8n9,171,xe3mcg9g,201,mock_N08_N04_Aonly,Discussion,1779318459,16,0,0
tlbdf8n9,189,nmrtgw9n,2,presurvey,AudioCheck,1779318463,1,0,0
tlbdf8n9,175,gdtx0ed9,201,mock_N08_N04_Aonly,Discussion,1779318464,16,0,0
tlbdf8n9,175,gdtx0ed9,208,mock_N08_N04_Aonly,DiscussionGRPWaitPage,1779318464,17,0,1
tlbdf8n9,171,xe3mcg9g,208,mock_N08_N04_Aonly,DiscussionGRPWaitPage,1779318464,17,0,1
tlbdf8n9,174,k2he7phs,208,mock_N08_N04_Aonly,DiscussionGRPWaitPage,1779318464,17,0,1
tlbdf8n9,168,mlvx7n0e,208,mock_N08_N04_Aonly,DiscussionGRPWaitPage,1779318464,17,0,1
tlbdf8n9,168,mlvx7n0e,213,mock_N08_N04_Aonly,Discussion,1779318469,17,0,0
tlbdf8n9,174,k2he7phs,213,mock_N08_N04_Aonly,Discussion,1779318470,17,0,0
tlbdf8n9,171,xe3mcg9g,213,mock_N08_N04_Aonly,Discussion,1779318471,17,0,0
tlbdf8n9,175,gdtx0ed9,213,mock_N08_N04_Aonly,Discussion,1779318472,17,0,0
tlbdf8n9,171,xe3mcg9g,220,mock_N08_N04_Aonly,DiscussionGRPWaitPage,1779318473,18,0,1
tlbdf8n9,174,k2he7phs,220,mock_N08_N04_Aonly,DiscussionGRPWaitPage,1779318473,18,0,1
tlbdf8n9,168,mlvx7n0e,220,mock_N08_N04_Aonly,DiscussionGRPWaitPage,1779318473,18,0,1
tlbdf8n9,175,gdtx0ed9,220,mock_N08_N04_Aonly,DiscussionGRPWaitPage,1779318473,18,0,1
tlbdf8n9,174,k2he7phs,225,mock_N08_N04_Aonly,Discussion,1779318478,18,0,0
tlbdf8n9,168,mlvx7n0e,225,mock_N08_N04_Aonly,Discussion,1779318479,18,0,0
tlbdf8n9,171,xe3mcg9g,225,mock_N08_N04_Aonly,Discussion,1779318482,18,0,0
tlbdf8n9,175,gdtx0ed9,225,mock_N08_N04_Aonly,Discussion,1779318484,18,0,0
tlbdf8n9,171,xe3mcg9g,232,mock_N08_N04_Aonly,DiscussionGRPWaitPage,1779318485,19,0,1
tlbdf8n9,174,k2he7phs,232,mock_N08_N04_Aonly,DiscussionGRPWaitPage,1779318485,19,0,1
tlbdf8n9,168,mlvx7n0e,232,mock_N08_N04_Aonly,DiscussionGRPWaitPage,1779318485,19,0,1
tlbdf8n9,175,gdtx0ed9,232,mock_N08_N04_Aonly,DiscussionGRPWaitPage,1779318485,19,0,1
tlbdf8n9,180,8hxa8eyi,8,presurvey,AttentionCheck,1779318487,1,0,0
tlbdf8n9,168,mlvx7n0e,237,mock_N08_N04_Aonly,Discussion,1779318487,19,0,0
tlbdf8n9,174,k2he7phs,237,mock_N08_N04_Aonly,Discussion,1779318488,19,0,0
tlbdf8n9,171,xe3mcg9g,237,mock_N08_N04_Aonly,Discussion,1779318490,19,0,0
tlbdf8n9,189,nmrtgw9n,3,presurvey,Demographics,1779318492,1,0,0
tlbdf8n9,175,gdtx0ed9,237,mock_N08_N04_Aonly,Discussion,1779318493,19,0,0
tlbdf8n9,175,gdtx0ed9,244,mock_N08_N04_Aonly,DiscussionGRPWaitPage,1779318494,20,0,1
tlbdf8n9,171,xe3mcg9g,244,mock_N08_N04_Aonly,DiscussionGRPWaitPage,1779318494,20,0,1
tlbdf8n9,174,k2he7phs,244,mock_N08_N04_Aonly,DiscussionGRPWaitPage,1779318494,20,0,1
tlbdf8n9,168,mlvx7n0e,244,mock_N08_N04_Aonly,DiscussionGRPWaitPage,1779318494,20,0,1
tlbdf8n9,168,mlvx7n0e,249,mock_N08_N04_Aonly,Discussion,1779318497,20,0,0
tlbdf8n9,174,k2he7phs,249,mock_N08_N04_Aonly,Discussion,1779318498,20,0,0
tlbdf8n9,180,8hxa8eyi,9,presurvey,TrainingNeighbor_3,1779318499,1,0,0
tlbdf8n9,171,xe3mcg9g,249,mock_N08_N04_Aonly,Discussion,1779318505,20,0,0
tlbdf8n9,175,gdtx0ed9,249,mock_N08_N04_Aonly,Discussion,1779318505,20,0,0
tlbdf8n9,189,nmrtgw9n,4,presurvey,NeighborhoodInstruction,1779318505,1,0,0
tlbdf8n9,168,mlvx7n0e,250,mock_N08_N04_Aonly,Additional,1779318519,20,0,0
tlbdf8n9,189,nmrtgw9n,5,presurvey,Training,1779318522,1,0,0
tlbdf8n9,171,xe3mcg9g,250,mock_N08_N04_Aonly,Additional,1779318526,20,0,0
tlbdf8n9,175,gdtx0ed9,250,mock_N08_N04_Aonly,Additional,1779318529,20,0,0
tlbdf8n9,190,rv51adzu,0,,InitializeParticipant,1779318530,1,0,0
tlbdf8n9,174,k2he7phs,250,mock_N08_N04_Aonly,Additional,1779318532,20,0,0
tlbdf8n9,168,mlvx7n0e,251,mock_N08_N04_Aonly,FinalRoundWaitPage,1779318532,20,0,1
tlbdf8n9,171,xe3mcg9g,251,mock_N08_N04_Aonly,FinalRoundWaitPage,1779318532,20,0,1
tlbdf8n9,175,gdtx0ed9,251,mock_N08_N04_Aonly,FinalRoundWaitPage,1779318532,20,0,1
tlbdf8n9,174,k2he7phs,251,mock_N08_N04_Aonly,FinalRoundWaitPage,1779318532,20,0,1
tlbdf8n9,190,rv51adzu,1,presurvey,Introduction,1779318540,1,0,0
tlbdf8n9,168,mlvx7n0e,252,mock_N08_N04_Aonly,FinalRound,1779318541,20,0,0
tlbdf8n9,171,xe3mcg9g,252,mock_N08_N04_Aonly,FinalRound,1779318542,20,0,0
tlbdf8n9,175,gdtx0ed9,252,mock_N08_N04_Aonly,FinalRound,1779318543,20,0,0
tlbdf8n9,174,k2he7phs,252,mock_N08_N04_Aonly,FinalRound,1779318544,20,0,0
tlbdf8n9,188,78870j1x,2,presurvey,AudioCheck,1779318548,1,0,0
tlbdf8n9,190,rv51adzu,2,presurvey,AudioCheck,1779318556,1,0,0
tlbdf8n9,190,rv51adzu,3,presurvey,Demographics,1779318564,1,0,0
tlbdf8n9,191,d11xrzcz,0,,InitializeParticipant,1779318570,1,0,0
tlbdf8n9,190,rv51adzu,4,presurvey,NeighborhoodInstruction,1779318574,1,0,0
tlbdf8n9,189,nmrtgw9n,6,presurvey,TrainingNeighbor_1,1779318586,1,0,0
tlbdf8n9,190,rv51adzu,5,presurvey,Training,1779318591,1,0,0
tlbdf8n9,162,tp3cfgw2,13,mock_N08_N04_Aonly,GroupingWaitPage,1779318608,1,0,1
tlbdf8n9,162,tp3cfgw2,14,mock_N08_N04_Aonly,GroupSizeWaitPage,1779318609,1,0,1
tlbdf8n9,189,nmrtgw9n,7,presurvey,TrainingNeighbor_2,1779318609,1,0,0
tlbdf8n9,190,rv51adzu,6,presurvey,TrainingNeighbor_1,1779318614,1,0,0
tlbdf8n9,190,rv51adzu,10,presurvey,ExperimentInstruction,1779318618,1,0,0
tlbdf8n9,189,nmrtgw9n,8,presurvey,AttentionCheck,1779318620,1,0,0
tlbdf8n9,162,tp3cfgw2,15,mock_N08_N04_Aonly,AttentionCheck,1779318632,1,0,0
tlbdf8n9,189,nmrtgw9n,9,presurvey,TrainingNeighbor_3,1779318634,1,0,0
tlbdf8n9,189,nmrtgw9n,10,presurvey,ExperimentInstruction,1779318638,1,0,0
tlbdf8n9,192,pzysddiy,0,,InitializeParticipant,1779318665,1,0,0
tlbdf8n9,189,nmrtgw9n,11,presurvey,Scenario,1779318676,1,0,0
tlbdf8n9,192,pzysddiy,1,presurvey,Introduction,1779318705,1,0,0
tlbdf8n9,193,r48h5fsz,0,,InitializeParticipant,1779318712,1,0,0
tlbdf8n9,192,pzysddiy,2,presurvey,AudioCheck,1779318719,1,0,0
tlbdf8n9,193,r48h5fsz,1,presurvey,Introduction,1779318731,1,0,0
tlbdf8n9,192,pzysddiy,3,presurvey,Demographics,1779318732,1,0,0
tlbdf8n9,194,21g64gt6,0,,InitializeParticipant,1779318745,1,0,0
tlbdf8n9,194,21g64gt6,1,presurvey,Introduction,1779318750,1,0,0
tlbdf8n9,192,pzysddiy,4,presurvey,NeighborhoodInstruction,1779318750,1,0,0
tlbdf8n9,193,r48h5fsz,2,presurvey,AudioCheck,1779318756,1,0,0
tlbdf8n9,190,rv51adzu,11,presurvey,Scenario,1779318768,1,0,0
tlbdf8n9,192,pzysddiy,5,presurvey,Training,1779318771,1,0,0
tlbdf8n9,194,21g64gt6,2,presurvey,AudioCheck,1779318773,1,0,0
tlbdf8n9,190,rv51adzu,12,presurvey,Commitment,1779318777,1,0,0
tlbdf8n9,193,r48h5fsz,3,presurvey,Demographics,1779318786,1,0,0
tlbdf8n9,194,21g64gt6,3,presurvey,Demographics,1779318789,1,0,0
tlbdf8n9,192,pzysddiy,6,presurvey,TrainingNeighbor_1,1779318791,1,0,0
tlbdf8n9,176,pjmhos0l,4,presurvey,NeighborhoodInstruction,1779318801,1,0,0
tlbdf8n9,192,pzysddiy,10,presurvey,ExperimentInstruction,1779318803,1,0,0
tlbdf8n9,194,21g64gt6,4,presurvey,NeighborhoodInstruction,1779318808,1,0,0
tlbdf8n9,193,r48h5fsz,4,presurvey,NeighborhoodInstruction,1779318809,1,0,0
tlbdf8n9,192,pzysddiy,11,presurvey,Scenario,1779318826,1,0,0
tlbdf8n9,193,r48h5fsz,5,presurvey,Training,1779318828,1,0,0
tlbdf8n9,194,21g64gt6,5,presurvey,Training,1779318832,1,0,0
tlbdf8n9,188,78870j1x,3,presurvey,Demographics,1779318843,1,0,0
tlbdf8n9,195,nc4py2it,0,,InitializeParticipant,1779318850,1,0,0
tlbdf8n9,192,pzysddiy,12,presurvey,Commitment,1779318857,1,0,0
tlbdf8n9,194,21g64gt6,6,presurvey,TrainingNeighbor_1,1779318860,1,0,0
tlbdf8n9,193,r48h5fsz,6,presurvey,TrainingNeighbor_1,1779318865,1,0,0
tlbdf8n9,194,21g64gt6,7,presurvey,TrainingNeighbor_2,1779318865,1,0,0
tlbdf8n9,195,nc4py2it,1,presurvey,Introduction,1779318867,1,0,0
tlbdf8n9,194,21g64gt6,10,presurvey,ExperimentInstruction,1779318869,1,0,0
tlbdf8n9,193,r48h5fsz,10,presurvey,ExperimentInstruction,1779318871,1,0,0
tlbdf8n9,176,pjmhos0l,5,presurvey,Training,1779318881,1,0,0
tlbdf8n9,195,nc4py2it,2,presurvey,AudioCheck,1779318890,1,0,0
tlbdf8n9,195,nc4py2it,3,presurvey,Demographics,1779318906,1,0,0
tlbdf8n9,194,21g64gt6,11,presurvey,Scenario,1779318907,1,0,0
tlbdf8n9,193,r48h5fsz,11,presurvey,Scenario,1779318910,1,0,0
tlbdf8n9,188,78870j1x,4,presurvey,NeighborhoodInstruction,1779318916,1,0,0
tlbdf8n9,196,u0r1mmey,0,,InitializeParticipant,1779318921,1,0,0
tlbdf8n9,196,u0r1mmey,1,presurvey,Introduction,1779318925,1,0,0
tlbdf8n9,195,nc4py2it,4,presurvey,NeighborhoodInstruction,1779318933,1,0,0
tlbdf8n9,196,u0r1mmey,2,presurvey,AudioCheck,1779318936,1,0,0
tlbdf8n9,196,u0r1mmey,3,presurvey,Demographics,1779318945,1,0,0
tlbdf8n9,194,21g64gt6,12,presurvey,Commitment,1779318952,1,0,0
tlbdf8n9,195,nc4py2it,5,presurvey,Training,1779318964,1,0,0
tlbdf8n9,196,u0r1mmey,4,presurvey,NeighborhoodInstruction,1779318975,1,0,0
tlbdf8n9,195,nc4py2it,6,presurvey,TrainingNeighbor_1,1779318995,1,0,0
tlbdf8n9,197,n9f6pu1z,0,,InitializeParticipant,1779318999,1,0,0
tlbdf8n9,195,nc4py2it,10,presurvey,ExperimentInstruction,1779319000,1,0,0
tlbdf8n9,197,n9f6pu1z,1,presurvey,Introduction,1779319005,1,0,0
tlbdf8n9,196,u0r1mmey,5,presurvey,Training,1779319012,1,0,0
tlbdf8n9,197,n9f6pu1z,2,presurvey,AudioCheck,1779319025,1,0,0
tlbdf8n9,197,n9f6pu1z,3,presurvey,Demographics,1779319038,1,0,0
tlbdf8n9,188,78870j1x,5,presurvey,Training,1779319039,1,0,0
tlbdf8n9,195,nc4py2it,11,presurvey,Scenario,1779319046,1,0,0
tlbdf8n9,197,n9f6pu1z,4,presurvey,NeighborhoodInstruction,1779319052,1,0,0
tlbdf8n9,196,u0r1mmey,6,presurvey,TrainingNeighbor_1,1779319063,1,0,0
tlbdf8n9,196,u0r1mmey,10,presurvey,ExperimentInstruction,1779319070,1,0,0
tlbdf8n9,176,pjmhos0l,6,presurvey,TrainingNeighbor_1,1779319074,1,0,0
tlbdf8n9,197,n9f6pu1z,5,presurvey,Training,1779319091,1,0,0
tlbdf8n9,176,pjmhos0l,10,presurvey,ExperimentInstruction,1779319099,1,0,0
tlbdf8n9,197,n9f6pu1z,6,presurvey,TrainingNeighbor_1,1779319115,1,0,0
tlbdf8n9,198,s54e7tfx,0,,InitializeParticipant,1779319120,1,0,0
tlbdf8n9,199,hzm9vp0s,0,,InitializeParticipant,1779319125,1,0,0
tlbdf8n9,176,pjmhos0l,11,presurvey,Scenario,1779319127,1,0,0
tlbdf8n9,188,78870j1x,6,presurvey,TrainingNeighbor_1,1779319131,1,0,0
tlbdf8n9,198,s54e7tfx,1,presurvey,Introduction,1779319132,1,0,0
tlbdf8n9,197,n9f6pu1z,10,presurvey,ExperimentInstruction,1779319135,1,0,0
tlbdf8n9,199,hzm9vp0s,1,presurvey,Introduction,1779319142,1,0,0
tlbdf8n9,188,78870j1x,7,presurvey,TrainingNeighbor_2,1779319145,1,0,0
tlbdf8n9,198,s54e7tfx,2,presurvey,AudioCheck,1779319161,1,0,0
tlbdf8n9,199,hzm9vp0s,2,presurvey,AudioCheck,1779319166,1,0,0
tlbdf8n9,199,hzm9vp0s,3,presurvey,Demographics,1779319174,1,0,0
tlbdf8n9,198,s54e7tfx,3,presurvey,Demographics,1779319176,1,0,0
tlbdf8n9,188,78870j1x,10,presurvey,ExperimentInstruction,1779319176,1,0,0
tlbdf8n9,197,n9f6pu1z,11,presurvey,Scenario,1779319177,1,0,0
tlbdf8n9,199,hzm9vp0s,4,presurvey,NeighborhoodInstruction,1779319196,1,0,0
tlbdf8n9,198,s54e7tfx,4,presurvey,NeighborhoodInstruction,1779319211,1,0,0
tlbdf8n9,199,hzm9vp0s,5,presurvey,Training,1779319226,1,0,0
tlbdf8n9,188,78870j1x,11,presurvey,Scenario,1779319235,1,0,0
tlbdf8n9,198,s54e7tfx,5,presurvey,Training,1779319246,1,0,0
tlbdf8n9,200,8yp5fg3h,0,,InitializeParticipant,1779319246,1,0,0
tlbdf8n9,199,hzm9vp0s,6,presurvey,TrainingNeighbor_1,1779319250,1,0,0
tlbdf8n9,200,8yp5fg3h,1,presurvey,Introduction,1779319251,1,0,0
tlbdf8n9,197,n9f6pu1z,12,presurvey,Commitment,1779319259,1,0,0
tlbdf8n9,200,8yp5fg3h,2,presurvey,AudioCheck,1779319266,1,0,0
tlbdf8n9,199,hzm9vp0s,7,presurvey,TrainingNeighbor_2,1779319266,1,0,0
tlbdf8n9,199,hzm9vp0s,10,presurvey,ExperimentInstruction,1779319270,1,0,0
tlbdf8n9,200,8yp5fg3h,3,presurvey,Demographics,1779319279,1,0,0
tlbdf8n9,198,s54e7tfx,6,presurvey,TrainingNeighbor_1,1779319284,1,0,0
tlbdf8n9,200,8yp5fg3h,4,presurvey,NeighborhoodInstruction,1779319285,1,0,0
tlbdf8n9,196,u0r1mmey,11,presurvey,Scenario,1779319291,1,0,0
tlbdf8n9,200,8yp5fg3h,5,presurvey,Training,1779319297,1,0,0
tlbdf8n9,199,hzm9vp0s,11,presurvey,Scenario,1779319298,1,0,0
tlbdf8n9,198,s54e7tfx,10,presurvey,ExperimentInstruction,1779319302,1,0,0
tlbdf8n9,200,8yp5fg3h,6,presurvey,TrainingNeighbor_1,1779319314,1,0,0
tlbdf8n9,176,pjmhos0l,12,presurvey,Commitment,1779319319,1,0,0
tlbdf8n9,200,8yp5fg3h,10,presurvey,ExperimentInstruction,1779319319,1,0,0
tlbdf8n9,200,8yp5fg3h,11,presurvey,Scenario,1779319328,1,0,0
tlbdf8n9,201,rvsn9jnj,0,,InitializeParticipant,1779319337,1,0,0
tlbdf8n9,198,s54e7tfx,11,presurvey,Scenario,1779319340,1,0,0
tlbdf8n9,202,jg4vksch,0,,InitializeParticipant,1779319355,1,0,0
tlbdf8n9,201,rvsn9jnj,1,presurvey,Introduction,1779319355,1,0,0
tlbdf8n9,202,jg4vksch,1,presurvey,Introduction,1779319394,1,0,0
tlbdf8n9,203,qfh0pwwv,0,,InitializeParticipant,1779319400,1,0,0
tlbdf8n9,179,pg05wddc,13,mock_N08_N04_Aonly,GroupingWaitPage,1779319407,1,0,1
tlbdf8n9,179,pg05wddc,14,mock_N08_N04_Aonly,GroupSizeWaitPage,1779319407,1,0,1
tlbdf8n9,203,qfh0pwwv,1,presurvey,Introduction,1779319408,1,0,0
tlbdf8n9,179,pg05wddc,15,mock_N08_N04_Aonly,AttentionCheck,1779319414,1,0,0
tlbdf8n9,201,rvsn9jnj,2,presurvey,AudioCheck,1779319415,1,0,0
tlbdf8n9,203,qfh0pwwv,2,presurvey,AudioCheck,1779319429,1,0,0
tlbdf8n9,203,qfh0pwwv,3,presurvey,Demographics,1779319441,1,0,0
tlbdf8n9,201,rvsn9jnj,3,presurvey,Demographics,1779319447,1,0,0
tlbdf8n9,203,qfh0pwwv,4,presurvey,NeighborhoodInstruction,1779319448,1,0,0
tlbdf8n9,202,jg4vksch,2,presurvey,AudioCheck,1779319467,1,0,0
tlbdf8n9,177,4uz9lihc,13,mock_N08_N04_Aonly,GroupingWaitPage,1779319469,1,0,1
tlbdf8n9,177,4uz9lihc,14,mock_N08_N04_Aonly,GroupSizeWaitPage,1779319469,1,0,1
tlbdf8n9,201,rvsn9jnj,4,presurvey,NeighborhoodInstruction,1779319473,1,0,0
tlbdf8n9,203,qfh0pwwv,5,presurvey,Training,1779319477,1,0,0
tlbdf8n9,177,4uz9lihc,15,mock_N08_N04_Aonly,AttentionCheck,1779319480,1,0,0
tlbdf8n9,183,l214m69p,13,mock_N08_N04_Aonly,GroupingWaitPage,1779319487,1,0,1
tlbdf8n9,183,l214m69p,14,mock_N08_N04_Aonly,GroupSizeWaitPage,1779319487,1,0,1
tlbdf8n9,183,l214m69p,15,mock_N08_N04_Aonly,AttentionCheck,1779319499,1,0,0
tlbdf8n9,201,rvsn9jnj,5,presurvey,Training,1779319503,1,0,0
tlbdf8n9,202,jg4vksch,3,presurvey,Demographics,1779319520,1,0,0
tlbdf8n9,203,qfh0pwwv,6,presurvey,TrainingNeighbor_1,1779319530,1,0,0
tlbdf8n9,203,qfh0pwwv,10,presurvey,ExperimentInstruction,1779319536,1,0,0
tlbdf8n9,201,rvsn9jnj,6,presurvey,TrainingNeighbor_1,1779319548,1,0,0
tlbdf8n9,201,rvsn9jnj,10,presurvey,ExperimentInstruction,1779319555,1,0,0
tlbdf8n9,203,qfh0pwwv,11,presurvey,Scenario,1779319570,1,0,0
tlbdf8n9,184,9e77l7d9,13,mock_N08_N04_Aonly,GroupingWaitPage,1779319572,1,0,1
tlbdf8n9,184,9e77l7d9,14,mock_N08_N04_Aonly,GroupSizeWaitPage,1779319572,1,0,1
tlbdf8n9,202,jg4vksch,4,presurvey,NeighborhoodInstruction,1779319575,1,0,0
tlbdf8n9,184,9e77l7d9,15,mock_N08_N04_Aonly,AttentionCheck,1779319582,1,0,0
tlbdf8n9,203,qfh0pwwv,12,presurvey,Commitment,1779319593,1,0,0
tlbdf8n9,201,rvsn9jnj,11,presurvey,Scenario,1779319597,1,0,0
tlbdf8n9,204,2pf5r2ay,0,,InitializeParticipant,1779319604,1,0,0
tlbdf8n9,204,2pf5r2ay,1,presurvey,Introduction,1779319608,1,0,0
tlbdf8n9,205,s7rd2r9r,0,,InitializeParticipant,1779319615,1,0,0
tlbdf8n9,204,2pf5r2ay,2,presurvey,AudioCheck,1779319626,1,0,0
tlbdf8n9,205,s7rd2r9r,1,presurvey,Introduction,1779319632,1,0,0
tlbdf8n9,204,2pf5r2ay,3,presurvey,Demographics,1779319645,1,0,0
tlbdf8n9,206,k28njpup,0,,InitializeParticipant,1779319657,1,0,0
tlbdf8n9,206,k28njpup,1,presurvey,Introduction,1779319660,1,0,0
tlbdf8n9,204,2pf5r2ay,4,presurvey,NeighborhoodInstruction,1779319663,1,0,0
tlbdf8n9,205,s7rd2r9r,2,presurvey,AudioCheck,1779319664,1,0,0
tlbdf8n9,206,k28njpup,2,presurvey,AudioCheck,1779319671,1,0,0
tlbdf8n9,206,k28njpup,3,presurvey,Demographics,1779319681,1,0,0
tlbdf8n9,205,s7rd2r9r,3,presurvey,Demographics,1779319682,1,0,0
tlbdf8n9,206,k28njpup,4,presurvey,NeighborhoodInstruction,1779319684,1,0,0
tlbdf8n9,206,k28njpup,5,presurvey,Training,1779319689,1,0,0
tlbdf8n9,206,k28njpup,6,presurvey,TrainingNeighbor_1,1779319701,1,0,0
tlbdf8n9,204,2pf5r2ay,5,presurvey,Training,1779319702,1,0,0
tlbdf8n9,205,s7rd2r9r,4,presurvey,NeighborhoodInstruction,1779319709,1,0,0
tlbdf8n9,206,k28njpup,10,presurvey,ExperimentInstruction,1779319711,1,0,0
tlbdf8n9,207,begp7u02,0,,InitializeParticipant,1779319716,1,0,0
tlbdf8n9,206,k28njpup,11,presurvey,Scenario,1779319719,1,0,0
tlbdf8n9,204,2pf5r2ay,6,presurvey,TrainingNeighbor_1,1779319724,1,0,0
tlbdf8n9,204,2pf5r2ay,10,presurvey,ExperimentInstruction,1779319727,1,0,0
tlbdf8n9,207,begp7u02,1,presurvey,Introduction,1779319741,1,0,0
tlbdf8n9,206,k28njpup,12,presurvey,Commitment,1779319748,1,0,0
tlbdf8n9,205,s7rd2r9r,5,presurvey,Training,1779319778,1,0,0
tlbdf8n9,208,ji8hd567,0,,InitializeParticipant,1779319798,1,0,0
tlbdf8n9,209,v8odvv0e,0,,InitializeParticipant,1779319803,1,0,0
tlbdf8n9,208,ji8hd567,1,presurvey,Introduction,1779319808,1,0,0
tlbdf8n9,209,v8odvv0e,1,presurvey,Introduction,1779319830,1,0,0
tlbdf8n9,204,2pf5r2ay,11,presurvey,Scenario,1779319831,1,0,0
tlbdf8n9,208,ji8hd567,2,presurvey,AudioCheck,1779319837,1,0,0
tlbdf8n9,210,fosug60h,0,,InitializeParticipant,1779319843,1,0,0
tlbdf8n9,208,ji8hd567,3,presurvey,Demographics,1779319860,1,0,0
tlbdf8n9,205,s7rd2r9r,6,presurvey,TrainingNeighbor_1,1779319872,1,0,0
tlbdf8n9,210,fosug60h,1,presurvey,Introduction,1779319881,1,0,0
tlbdf8n9,211,kut63a7o,0,,InitializeParticipant,1779319884,1,0,0
tlbdf8n9,205,s7rd2r9r,10,presurvey,ExperimentInstruction,1779319884,1,0,0
tlbdf8n9,208,ji8hd567,4,presurvey,NeighborhoodInstruction,1779319888,1,0,0
tlbdf8n9,210,fosug60h,2,presurvey,AudioCheck,1779319910,1,0,0
tlbdf8n9,210,fosug60h,3,presurvey,Demographics,1779319929,1,0,0
tlbdf8n9,208,ji8hd567,5,presurvey,Training,1779319931,1,0,0
tlbdf8n9,212,lh2tslja,0,,InitializeParticipant,1779319948,1,0,0
tlbdf8n9,202,jg4vksch,5,presurvey,Training,1779319948,1,0,0
tlbdf8n9,210,fosug60h,4,presurvey,NeighborhoodInstruction,1779319954,1,0,0
tlbdf8n9,212,lh2tslja,1,presurvey,Introduction,1779319965,1,0,0
tlbdf8n9,208,ji8hd567,6,presurvey,TrainingNeighbor_1,1779319970,1,0,0
tlbdf8n9,205,s7rd2r9r,11,presurvey,Scenario,1779319972,1,0,0
tlbdf8n9,208,ji8hd567,7,presurvey,TrainingNeighbor_2,1779319975,1,0,0
tlbdf8n9,208,ji8hd567,10,presurvey,ExperimentInstruction,1779319989,1,0,0
tlbdf8n9,210,fosug60h,5,presurvey,Training,1779319996,1,0,0
tlbdf8n9,192,pzysddiy,13,mock_N08_N04_Aonly,GroupingWaitPage,1779320000,1,0,1
tlbdf8n9,192,pzysddiy,14,mock_N08_N04_Aonly,GroupSizeWaitPage,1779320000,1,0,1
tlbdf8n9,192,pzysddiy,15,mock_N08_N04_Aonly,AttentionCheck,1779320011,1,0,0
tlbdf8n9,205,s7rd2r9r,12,presurvey,Commitment,1779320015,1,0,0
tlbdf8n9,213,t18fuqx4,0,,InitializeParticipant,1779320017,1,0,0
tlbdf8n9,214,5o5dcj3c,0,,InitializeParticipant,1779320017,1,0,0
tlbdf8n9,202,jg4vksch,6,presurvey,TrainingNeighbor_1,1779320017,1,0,0
tlbdf8n9,202,jg4vksch,7,presurvey,TrainingNeighbor_2,1779320023,1,0,0
tlbdf8n9,202,jg4vksch,10,presurvey,ExperimentInstruction,1779320033,1,0,0
tlbdf8n9,212,lh2tslja,2,presurvey,AudioCheck,1779320035,1,0,0
tlbdf8n9,207,begp7u02,2,presurvey,AudioCheck,1779320042,1,0,0
tlbdf8n9,210,fosug60h,6,presurvey,TrainingNeighbor_1,1779320044,1,0,0
tlbdf8n9,214,5o5dcj3c,1,presurvey,Introduction,1779320046,1,0,0
tlbdf8n9,208,ji8hd567,11,presurvey,Scenario,1779320052,1,0,0
tlbdf8n9,210,fosug60h,10,presurvey,ExperimentInstruction,1779320055,1,0,0
tlbdf8n9,214,5o5dcj3c,2,presurvey,AudioCheck,1779320060,1,0,0
tlbdf8n9,202,jg4vksch,11,presurvey,Scenario,1779320068,1,0,0
tlbdf8n9,213,t18fuqx4,1,presurvey,Introduction,1779320074,1,0,0
tlbdf8n9,214,5o5dcj3c,3,presurvey,Demographics,1779320074,1,0,0
tlbdf8n9,214,5o5dcj3c,4,presurvey,NeighborhoodInstruction,1779320095,1,0,0
tlbdf8n9,215,7hf3rdvg,0,,InitializeParticipant,1779320112,1,0,0
tlbdf8n9,210,fosug60h,11,presurvey,Scenario,1779320115,1,0,0
tlbdf8n9,215,7hf3rdvg,1,presurvey,Introduction,1779320117,1,0,0
tlbdf8n9,214,5o5dcj3c,5,presurvey,Training,1779320128,1,0,0
tlbdf8n9,208,ji8hd567,12,presurvey,Commitment,1779320132,1,0,0
tlbdf8n9,215,7hf3rdvg,2,presurvey,AudioCheck,1779320136,1,0,0
tlbdf8n9,213,t18fuqx4,2,presurvey,AudioCheck,1779320139,1,0,0
tlbdf8n9,215,7hf3rdvg,3,presurvey,Demographics,1779320151,1,0,0
tlbdf8n9,194,21g64gt6,13,mock_N08_N04_Aonly,GroupingWaitPage,1779320152,1,0,1
tlbdf8n9,194,21g64gt6,14,mock_N08_N04_Aonly,GroupSizeWaitPage,1779320153,1,0,1
tlbdf8n9,216,1t1j8av3,0,,InitializeParticipant,1779320154,1,0,0
tlbdf8n9,214,5o5dcj3c,6,presurvey,TrainingNeighbor_1,1779320156,1,0,0
tlbdf8n9,194,21g64gt6,15,mock_N08_N04_Aonly,AttentionCheck,1779320158,1,0,0
tlbdf8n9,210,fosug60h,12,presurvey,Commitment,1779320161,1,0,0
tlbdf8n9,214,5o5dcj3c,10,presurvey,ExperimentInstruction,1779320166,1,0,0
tlbdf8n9,216,1t1j8av3,1,presurvey,Introduction,1779320183,1,0,0
tlbdf8n9,214,5o5dcj3c,11,presurvey,Scenario,1779320186,1,0,0
tlbdf8n9,215,7hf3rdvg,4,presurvey,NeighborhoodInstruction,1779320214,1,0,0
tlbdf8n9,216,1t1j8av3,2,presurvey,AudioCheck,1779320228,1,0,0
tlbdf8n9,217,jqx9l1v9,0,,InitializeParticipant,1779320247,1,0,0
tlbdf8n9,214,5o5dcj3c,12,presurvey,Commitment,1779320255,1,0,0
tlbdf8n9,215,7hf3rdvg,5,presurvey,Training,1779320277,1,0,0
tlbdf8n9,218,ht0ztpyv,0,,InitializeParticipant,1779320281,1,0,0
tlbdf8n9,217,jqx9l1v9,1,presurvey,Introduction,1779320288,1,0,0
tlbdf8n9,218,ht0ztpyv,1,presurvey,Introduction,1779320296,1,0,0
tlbdf8n9,218,ht0ztpyv,2,presurvey,AudioCheck,1779320318,1,0,0
tlbdf8n9,218,ht0ztpyv,3,presurvey,Demographics,1779320331,1,0,0
tlbdf8n9,218,ht0ztpyv,4,presurvey,NeighborhoodInstruction,1779320335,1,0,0
tlbdf8n9,218,ht0ztpyv,5,presurvey,Training,1779320345,1,0,0
tlbdf8n9,215,7hf3rdvg,6,presurvey,TrainingNeighbor_1,1779320349,1,0,0
tlbdf8n9,219,4hu1hxpj,0,,InitializeParticipant,1779320349,1,0,0
tlbdf8n9,217,jqx9l1v9,2,presurvey,AudioCheck,1779320353,1,0,0
tlbdf8n9,215,7hf3rdvg,10,presurvey,ExperimentInstruction,1779320356,1,0,0
tlbdf8n9,220,fnra2mld,0,,InitializeParticipant,1779320371,1,0,0
tlbdf8n9,221,c7xe6lcb,0,,InitializeParticipant,1779320383,1,0,0
tlbdf8n9,220,fnra2mld,1,presurvey,Introduction,1779320386,1,0,0
tlbdf8n9,218,ht0ztpyv,6,presurvey,TrainingNeighbor_1,1779320389,1,0,0
tlbdf8n9,218,ht0ztpyv,10,presurvey,ExperimentInstruction,1779320393,1,0,0
tlbdf8n9,217,jqx9l1v9,3,presurvey,Demographics,1779320396,1,0,0
tlbdf8n9,220,fnra2mld,2,presurvey,AudioCheck,1779320398,1,0,0
tlbdf8n9,215,7hf3rdvg,11,presurvey,Scenario,1779320401,1,0,0
tlbdf8n9,218,ht0ztpyv,11,presurvey,Scenario,1779320402,1,0,0
tlbdf8n9,220,fnra2mld,3,presurvey,Demographics,1779320406,1,0,0
tlbdf8n9,222,w1jlrg6u,0,,InitializeParticipant,1779320407,1,0,0
tlbdf8n9,220,fnra2mld,4,presurvey,NeighborhoodInstruction,1779320410,1,0,0
tlbdf8n9,222,w1jlrg6u,1,presurvey,Introduction,1779320412,1,0,0
tlbdf8n9,218,ht0ztpyv,12,presurvey,Commitment,1779320416,1,0,0
tlbdf8n9,207,begp7u02,3,presurvey,Demographics,1779320420,1,0,0
tlbdf8n9,220,fnra2mld,5,presurvey,Training,1779320424,1,0,0
tlbdf8n9,222,w1jlrg6u,2,presurvey,AudioCheck,1779320425,1,0,0
tlbdf8n9,207,begp7u02,4,presurvey,NeighborhoodInstruction,1779320427,1,0,0
tlbdf8n9,222,w1jlrg6u,3,presurvey,Demographics,1779320441,1,0,0
tlbdf8n9,221,c7xe6lcb,1,presurvey,Introduction,1779320449,1,0,0
tlbdf8n9,220,fnra2mld,6,presurvey,TrainingNeighbor_1,1779320449,1,0,0
tlbdf8n9,220,fnra2mld,10,presurvey,ExperimentInstruction,1779320451,1,0,0
tlbdf8n9,215,7hf3rdvg,12,presurvey,Commitment,1779320456,1,0,0
tlbdf8n9,176,pjmhos0l,13,mock_N08_N04_Aonly,GroupingWaitPage,1779320459,1,0,1
tlbdf8n9,176,pjmhos0l,14,mock_N08_N04_Aonly,GroupSizeWaitPage,1779320461,1,0,1
tlbdf8n9,220,fnra2mld,11,presurvey,Scenario,1779320463,1,0,0
tlbdf8n9,217,jqx9l1v9,4,presurvey,NeighborhoodInstruction,1779320469,1,0,0
tlbdf8n9,207,begp7u02,5,presurvey,Training,1779320469,1,0,0
tlbdf8n9,221,c7xe6lcb,2,presurvey,AudioCheck,1779320474,1,0,0
tlbdf8n9,176,pjmhos0l,15,mock_N08_N04_Aonly,AttentionCheck,1779320474,1,0,0
tlbdf8n9,222,w1jlrg6u,4,presurvey,NeighborhoodInstruction,1779320483,1,0,0
tlbdf8n9,221,c7xe6lcb,3,presurvey,Demographics,1779320492,1,0,0
tlbdf8n9,207,begp7u02,6,presurvey,TrainingNeighbor_1,1779320499,1,0,0
tlbdf8n9,207,begp7u02,10,presurvey,ExperimentInstruction,1779320505,1,0,0
tlbdf8n9,221,c7xe6lcb,4,presurvey,NeighborhoodInstruction,1779320509,1,0,0
tlbdf8n9,222,w1jlrg6u,5,presurvey,Training,1779320516,1,0,0
tlbdf8n9,223,ds55im8v,0,,InitializeParticipant,1779320524,1,0,0
tlbdf8n9,223,ds55im8v,1,presurvey,Introduction,1779320536,1,0,0
tlbdf8n9,207,begp7u02,11,presurvey,Scenario,1779320543,1,0,0
tlbdf8n9,221,c7xe6lcb,5,presurvey,Training,1779320549,1,0,0
tlbdf8n9,217,jqx9l1v9,5,presurvey,Training,1779320556,1,0,0
tlbdf8n9,222,w1jlrg6u,6,presurvey,TrainingNeighbor_1,1779320563,1,0,0
tlbdf8n9,223,ds55im8v,2,presurvey,AudioCheck,1779320566,1,0,0
tlbdf8n9,222,w1jlrg6u,7,presurvey,TrainingNeighbor_2,1779320569,1,0,0
tlbdf8n9,221,c7xe6lcb,6,presurvey,TrainingNeighbor_1,1779320574,1,0,0
tlbdf8n9,224,b0qsbaz6,0,,InitializeParticipant,1779320575,1,0,0
tlbdf8n9,221,c7xe6lcb,10,presurvey,ExperimentInstruction,1779320578,1,0,0
tlbdf8n9,223,ds55im8v,3,presurvey,Demographics,1779320583,1,0,0
tlbdf8n9,222,w1jlrg6u,8,presurvey,AttentionCheck,1779320590,1,0,0
tlbdf8n9,222,w1jlrg6u,9,presurvey,TrainingNeighbor_3,1779320603,1,0,0
tlbdf8n9,221,c7xe6lcb,11,presurvey,Scenario,1779320612,1,0,0
tlbdf8n9,224,b0qsbaz6,1,presurvey,Introduction,1779320642,1,0,0
tlbdf8n9,223,ds55im8v,4,presurvey,NeighborhoodInstruction,1779320646,1,0,0
tlbdf8n9,225,ukjaavqr,0,,InitializeParticipant,1779320662,1,0,0
tlbdf8n9,225,ukjaavqr,1,presurvey,Introduction,1779320671,1,0,0
tlbdf8n9,217,jqx9l1v9,6,presurvey,TrainingNeighbor_1,1779320672,1,0,0
tlbdf8n9,224,b0qsbaz6,2,presurvey,AudioCheck,1779320676,1,0,0
tlbdf8n9,217,jqx9l1v9,7,presurvey,TrainingNeighbor_2,1779320688,1,0,0
tlbdf8n9,223,ds55im8v,5,presurvey,Training,1779320694,1,0,0
tlbdf8n9,217,jqx9l1v9,10,presurvey,ExperimentInstruction,1779320697,1,0,0
tlbdf8n9,225,ukjaavqr,2,presurvey,AudioCheck,1779320702,1,0,0
tlbdf8n9,224,b0qsbaz6,3,presurvey,Demographics,1779320710,1,0,0
tlbdf8n9,225,ukjaavqr,3,presurvey,Demographics,1779320716,1,0,0
tlbdf8n9,225,ukjaavqr,4,presurvey,NeighborhoodInstruction,1779320727,1,0,0
tlbdf8n9,225,ukjaavqr,5,presurvey,Training,1779320731,1,0,0
tlbdf8n9,224,b0qsbaz6,4,presurvey,NeighborhoodInstruction,1779320731,1,0,0
tlbdf8n9,225,ukjaavqr,6,presurvey,TrainingNeighbor_1,1779320740,1,0,0
tlbdf8n9,225,ukjaavqr,7,presurvey,TrainingNeighbor_2,1779320747,1,0,0
tlbdf8n9,225,ukjaavqr,10,presurvey,ExperimentInstruction,1779320752,1,0,0
tlbdf8n9,223,ds55im8v,6,presurvey,TrainingNeighbor_1,1779320755,1,0,0
tlbdf8n9,225,ukjaavqr,11,presurvey,Scenario,1779320765,1,0,0
tlbdf8n9,224,b0qsbaz6,5,presurvey,Training,1779320771,1,0,0
tlbdf8n9,226,g4mgit87,0,,InitializeParticipant,1779320775,1,0,0
tlbdf8n9,226,g4mgit87,1,presurvey,Introduction,1779320797,1,0,0
tlbdf8n9,226,g4mgit87,2,presurvey,AudioCheck,1779320808,1,0,0
tlbdf8n9,226,g4mgit87,3,presurvey,Demographics,1779320819,1,0,0
tlbdf8n9,217,jqx9l1v9,11,presurvey,Scenario,1779320823,1,0,0
tlbdf8n9,224,b0qsbaz6,6,presurvey,TrainingNeighbor_1,1779320832,1,0,0
tlbdf8n9,226,g4mgit87,4,presurvey,NeighborhoodInstruction,1779320833,1,0,0
tlbdf8n9,224,b0qsbaz6,10,presurvey,ExperimentInstruction,1779320839,1,0,0
tlbdf8n9,226,g4mgit87,5,presurvey,Training,1779320856,1,0,0
tlbdf8n9,227,yj5ykbry,0,,InitializeParticipant,1779320866,1,0,0
tlbdf8n9,227,yj5ykbry,1,presurvey,Introduction,1779320871,1,0,0
tlbdf8n9,226,g4mgit87,6,presurvey,TrainingNeighbor_1,1779320881,1,0,0
tlbdf8n9,227,yj5ykbry,2,presurvey,AudioCheck,1779320882,1,0,0
tlbdf8n9,224,b0qsbaz6,11,presurvey,Scenario,1779320883,1,0,0
tlbdf8n9,226,g4mgit87,7,presurvey,TrainingNeighbor_2,1779320886,1,0,0
tlbdf8n9,206,k28njpup,13,mock_N08_N04_Aonly,GroupingWaitPage,1779320889,1,0,1
tlbdf8n9,206,k28njpup,14,mock_N08_N04_Aonly,GroupSizeWaitPage,1779320890,1,0,1
tlbdf8n9,226,g4mgit87,10,presurvey,ExperimentInstruction,1779320892,1,0,0
tlbdf8n9,206,k28njpup,15,mock_N08_N04_Aonly,AttentionCheck,1779320893,1,0,0
tlbdf8n9,227,yj5ykbry,3,presurvey,Demographics,1779320896,1,0,0
tlbdf8n9,223,ds55im8v,7,presurvey,TrainingNeighbor_2,1779320897,1,0,0
tlbdf8n9,227,yj5ykbry,4,presurvey,NeighborhoodInstruction,1779320900,1,0,0
tlbdf8n9,223,ds55im8v,8,presurvey,AttentionCheck,1779320904,1,0,0
tlbdf8n9,227,yj5ykbry,5,presurvey,Training,1779320905,1,0,0
tlbdf8n9,226,g4mgit87,11,presurvey,Scenario,1779320922,1,0,0
tlbdf8n9,223,ds55im8v,9,presurvey,TrainingNeighbor_3,1779320931,1,0,0
tlbdf8n9,228,88zkwnmt,0,,InitializeParticipant,1779320937,1,0,0
tlbdf8n9,227,yj5ykbry,6,presurvey,TrainingNeighbor_1,1779320940,1,0,0
tlbdf8n9,227,yj5ykbry,10,presurvey,ExperimentInstruction,1779320943,1,0,0
tlbdf8n9,224,b0qsbaz6,12,presurvey,Commitment,1779320952,1,0,0
tlbdf8n9,228,88zkwnmt,1,presurvey,Introduction,1779320953,1,0,0
tlbdf8n9,227,yj5ykbry,11,presurvey,Scenario,1779320953,1,0,0
tlbdf8n9,229,4m4cbsec,0,,InitializeParticipant,1779320968,1,0,0
tlbdf8n9,229,4m4cbsec,1,presurvey,Introduction,1779320974,1,0,0
tlbdf8n9,228,88zkwnmt,2,presurvey,AudioCheck,1779320978,1,0,0
tlbdf8n9,223,ds55im8v,10,presurvey,ExperimentInstruction,1779320984,1,0,0
tlbdf8n9,229,4m4cbsec,2,presurvey,AudioCheck,1779320990,1,0,0
tlbdf8n9,228,88zkwnmt,3,presurvey,Demographics,1779320996,1,0,0
tlbdf8n9,223,ds55im8v,11,presurvey,Scenario,1779321004,1,0,0
tlbdf8n9,229,4m4cbsec,3,presurvey,Demographics,1779321007,1,0,0
tlbdf8n9,228,88zkwnmt,4,presurvey,NeighborhoodInstruction,1779321010,1,0,0
tlbdf8n9,230,ybw1hs89,0,,InitializeParticipant,1779321028,1,0,0
tlbdf8n9,223,ds55im8v,12,presurvey,Commitment,1779321038,1,0,0
tlbdf8n9,230,ybw1hs89,1,presurvey,Introduction,1779321038,1,0,0
tlbdf8n9,228,88zkwnmt,5,presurvey,Training,1779321042,1,0,0
tlbdf8n9,231,ugmxqjau,0,,InitializeParticipant,1779321043,1,0,0
tlbdf8n9,232,bexfi2tv,0,,InitializeParticipant,1779321049,1,0,0
tlbdf8n9,231,ugmxqjau,1,presurvey,Introduction,1779321059,1,0,0
tlbdf8n9,230,ybw1hs89,2,presurvey,AudioCheck,1779321061,1,0,0
tlbdf8n9,228,88zkwnmt,6,presurvey,TrainingNeighbor_1,1779321074,1,0,0
tlbdf8n9,228,88zkwnmt,10,presurvey,ExperimentInstruction,1779321080,1,0,0
tlbdf8n9,230,ybw1hs89,3,presurvey,Demographics,1779321080,1,0,0
tlbdf8n9,231,ugmxqjau,2,presurvey,AudioCheck,1779321088,1,0,0
tlbdf8n9,231,ugmxqjau,3,presurvey,Demographics,1779321108,1,0,0
tlbdf8n9,230,ybw1hs89,4,presurvey,NeighborhoodInstruction,1779321109,1,0,0
tlbdf8n9,228,88zkwnmt,11,presurvey,Scenario,1779321110,1,0,0
tlbdf8n9,231,ugmxqjau,4,presurvey,NeighborhoodInstruction,1779321125,1,0,0
tlbdf8n9,231,ugmxqjau,5,presurvey,Training,1779321141,1,0,0
tlbdf8n9,232,bexfi2tv,1,presurvey,Introduction,1779321142,1,0,0
tlbdf8n9,233,rabovkhv,0,,InitializeParticipant,1779321143,1,0,0
tlbdf8n9,229,4m4cbsec,4,presurvey,NeighborhoodInstruction,1779321155,1,0,0
tlbdf8n9,232,bexfi2tv,2,presurvey,AudioCheck,1779321156,1,0,0
tlbdf8n9,205,s7rd2r9r,13,mock_N08_N04_Aonly,GroupingWaitPage,1779321157,1,0,1
tlbdf8n9,205,s7rd2r9r,14,mock_N08_N04_Aonly,GroupSizeWaitPage,1779321157,1,0,1
tlbdf8n9,229,4m4cbsec,5,presurvey,Training,1779321161,1,0,0
tlbdf8n9,205,s7rd2r9r,15,mock_N08_N04_Aonly,AttentionCheck,1779321163,1,0,0
tlbdf8n9,230,ybw1hs89,5,presurvey,Training,1779321164,1,0,0
tlbdf8n9,233,rabovkhv,1,presurvey,Introduction,1779321167,1,0,0
tlbdf8n9,232,bexfi2tv,3,presurvey,Demographics,1779321169,1,0,0
tlbdf8n9,234,bk0b4lb8,0,,InitializeParticipant,1779321176,1,0,0
tlbdf8n9,232,bexfi2tv,4,presurvey,NeighborhoodInstruction,1779321186,1,0,0
tlbdf8n9,233,rabovkhv,2,presurvey,AudioCheck,1779321189,1,0,0
tlbdf8n9,231,ugmxqjau,6,presurvey,TrainingNeighbor_1,1779321190,1,0,0
tlbdf8n9,231,ugmxqjau,7,presurvey,TrainingNeighbor_2,1779321195,1,0,0
tlbdf8n9,234,bk0b4lb8,1,presurvey,Introduction,1779321196,1,0,0
tlbdf8n9,230,ybw1hs89,6,presurvey,TrainingNeighbor_1,1779321203,1,0,0
tlbdf8n9,229,4m4cbsec,6,presurvey,TrainingNeighbor_1,1779321204,1,0,0
tlbdf8n9,231,ugmxqjau,10,presurvey,ExperimentInstruction,1779321204,1,0,0
tlbdf8n9,233,rabovkhv,3,presurvey,Demographics,1779321205,1,0,0
tlbdf8n9,229,4m4cbsec,7,presurvey,TrainingNeighbor_2,1779321207,1,0,0
tlbdf8n9,230,ybw1hs89,7,presurvey,TrainingNeighbor_2,1779321208,1,0,0
tlbdf8n9,229,4m4cbsec,10,presurvey,ExperimentInstruction,1779321209,1,0,0
tlbdf8n9,230,ybw1hs89,10,presurvey,ExperimentInstruction,1779321214,1,0,0
tlbdf8n9,232,bexfi2tv,5,presurvey,Training,1779321216,1,0,0
tlbdf8n9,234,bk0b4lb8,2,presurvey,AudioCheck,1779321223,1,0,0
tlbdf8n9,233,rabovkhv,4,presurvey,NeighborhoodInstruction,1779321231,1,0,0
tlbdf8n9,231,ugmxqjau,11,presurvey,Scenario,1779321242,1,0,0
tlbdf8n9,234,bk0b4lb8,3,presurvey,Demographics,1779321249,1,0,0
tlbdf8n9,229,4m4cbsec,11,presurvey,Scenario,1779321255,1,0,0
tlbdf8n9,230,ybw1hs89,11,presurvey,Scenario,1779321266,1,0,0
tlbdf8n9,233,rabovkhv,5,presurvey,Training,1779321270,1,0,0
tlbdf8n9,232,bexfi2tv,6,presurvey,TrainingNeighbor_1,1779321273,1,0,0
tlbdf8n9,234,bk0b4lb8,4,presurvey,NeighborhoodInstruction,1779321273,1,0,0
tlbdf8n9,208,ji8hd567,13,mock_N08_N04_Aonly,GroupingWaitPage,1779321276,1,0,1
tlbdf8n9,208,ji8hd567,14,mock_N08_N04_Aonly,GroupSizeWaitPage,1779321277,1,0,1
tlbdf8n9,232,bexfi2tv,7,presurvey,TrainingNeighbor_2,1779321281,1,0,0
tlbdf8n9,208,ji8hd567,15,mock_N08_N04_Aonly,AttentionCheck,1779321283,1,0,0
tlbdf8n9,232,bexfi2tv,10,presurvey,ExperimentInstruction,1779321288,1,0,0
tlbdf8n9,234,bk0b4lb8,5,presurvey,Training,1779321301,1,0,0
tlbdf8n9,210,fosug60h,13,mock_N08_N04_Aonly,GroupingWaitPage,1779321309,1,0,1
tlbdf8n9,210,fosug60h,14,mock_N08_N04_Aonly,GroupSizeWaitPage,1779321309,1,0,1
tlbdf8n9,233,rabovkhv,6,presurvey,TrainingNeighbor_1,1779321316,1,0,0
tlbdf8n9,210,fosug60h,15,mock_N08_N04_Aonly,AttentionCheck,1779321319,1,0,0
tlbdf8n9,232,bexfi2tv,11,presurvey,Scenario,1779321321,1,0,0
tlbdf8n9,230,ybw1hs89,12,presurvey,Commitment,1779321327,1,0,0
tlbdf8n9,233,rabovkhv,7,presurvey,TrainingNeighbor_2,1779321327,1,0,0
tlbdf8n9,233,rabovkhv,8,presurvey,AttentionCheck,1779321337,1,0,0
tlbdf8n9,233,rabovkhv,9,presurvey,TrainingNeighbor_3,1779321358,1,0,0
tlbdf8n9,229,4m4cbsec,12,presurvey,Commitment,1779321376,1,0,0
tlbdf8n9,234,bk0b4lb8,6,presurvey,TrainingNeighbor_1,1779321376,1,0,0
tlbdf8n9,234,bk0b4lb8,10,presurvey,ExperimentInstruction,1779321383,1,0,0
tlbdf8n9,214,5o5dcj3c,13,mock_N08_N04_Aonly,GroupingWaitPage,1779321397,1,0,1
tlbdf8n9,214,5o5dcj3c,14,mock_N08_N04_Aonly,GroupSizeWaitPage,1779321398,1,0,1
tlbdf8n9,214,5o5dcj3c,15,mock_N08_N04_Aonly,AttentionCheck,1779321403,1,0,0
tlbdf8n9,234,bk0b4lb8,11,presurvey,Scenario,1779321438,1,0,0
tlbdf8n9,234,bk0b4lb8,12,presurvey,Commitment,1779321484,1,0,0
tlbdf8n9,218,ht0ztpyv,13,mock_N08_N04_Aonly,GroupingWaitPage,1779321558,1,0,1
tlbdf8n9,224,b0qsbaz6,13,mock_N08_N04_Aonly,GroupingWaitPage,1779322093,1,0,1
tlbdf8n9,224,b0qsbaz6,14,mock_N08_N04_Aonly,GroupSizeWaitPage,1779322094,1,0,1
tlbdf8n9,224,b0qsbaz6,15,mock_N08_N04_Aonly,AttentionCheck,1779322100,1,0,0
tlbdf8n9,223,ds55im8v,13,mock_N08_N04_Aonly,GroupingWaitPage,1779322241,1,0,1
tlbdf8n9,223,ds55im8v,14,mock_N08_N04_Aonly,GroupSizeWaitPage,1779322242,1,0,1
tlbdf8n9,223,ds55im8v,15,mock_N08_N04_Aonly,AttentionCheck,1779322263,1,0,0
