session_code,participant_id_in_session,participant_code,page_index,app_name,page_name,epoch_time_completed,round_number,timeout_happened,is_wait_page
x1gbsbqs,1,guim2kwx,0,,InitializeParticipant,1772997125,1,0,0
x1gbsbqs,1,guim2kwx,1,presurvey,Introduction,1772997127,1,0,0
x1gbsbqs,1,guim2kwx,2,presurvey,AudioCheck,1772997131,1,0,0
x1gbsbqs,2,5neu1lr5,0,,InitializeParticipant,1772997135,1,0,0
x1gbsbqs,2,5neu1lr5,1,presurvey,Introduction,1772997137,1,0,0
x1gbsbqs,2,5neu1lr5,2,presurvey,AudioCheck,1772997141,1,0,0
x1gbsbqs,2,5neu1lr5,3,presurvey,Demographics,1772997147,1,0,0
x1gbsbqs,2,5neu1lr5,4,presurvey,NeighborhoodInstruction,1772997148,1,0,0
x1gbsbqs,2,5neu1lr5,5,presurvey,Training,1772997149,1,0,0
x1gbsbqs,2,5neu1lr5,6,presurvey,TrainingNeighbor_1,1772997154,1,0,0
x1gbsbqs,2,5neu1lr5,10,presurvey,ExperimentInstruction,1772997155,1,0,0
x1gbsbqs,2,5neu1lr5,11,presurvey,Scenario,1772997160,1,0,0
x1gbsbqs,3,u3816z6k,0,,InitializeParticipant,1772997165,1,0,0
x1gbsbqs,3,u3816z6k,1,presurvey,Introduction,1772997167,1,0,0
x1gbsbqs,3,u3816z6k,2,presurvey,AudioCheck,1772997172,1,0,0
x1gbsbqs,3,u3816z6k,3,presurvey,Demographics,1772997176,1,0,0
x1gbsbqs,3,u3816z6k,4,presurvey,NeighborhoodInstruction,1772997177,1,0,0
x1gbsbqs,3,u3816z6k,5,presurvey,Training,1772997179,1,0,0
x1gbsbqs,3,u3816z6k,6,presurvey,TrainingNeighbor_1,1772997182,1,0,0
x1gbsbqs,3,u3816z6k,10,presurvey,ExperimentInstruction,1772997184,1,0,0
x1gbsbqs,3,u3816z6k,11,presurvey,Scenario,1772997187,1,0,0
x1gbsbqs,3,u3816z6k,12,presurvey,Commitment,1772997191,1,0,0
7r9zsela,1,tg39l16g,0,,InitializeParticipant,1773003804,1,0,0
7r9zsela,1,tg39l16g,1,presurvey,Introduction,1773003819,1,0,0
7r9zsela,1,tg39l16g,2,presurvey,AudioCheck,1773003830,1,0,0
7r9zsela,1,tg39l16g,3,presurvey,Demographics,1773003846,1,0,0
7r9zsela,2,0qag2bxr,0,,InitializeParticipant,1773003862,1,0,0
7r9zsela,3,p46jk6h5,0,,InitializeParticipant,1773003865,1,0,0
7r9zsela,1,tg39l16g,4,presurvey,NeighborhoodInstruction,1773003866,1,0,0
7r9zsela,1,tg39l16g,5,presurvey,Training,1773003880,1,0,0
7r9zsela,3,p46jk6h5,1,presurvey,Introduction,1773003882,1,0,0
7r9zsela,3,p46jk6h5,2,presurvey,AudioCheck,1773003905,1,0,0
7r9zsela,1,tg39l16g,6,presurvey,TrainingNeighbor_1,1773003911,1,0,0
7r9zsela,2,0qag2bxr,1,presurvey,Introduction,1773003912,1,0,0
7r9zsela,1,tg39l16g,7,presurvey,TrainingNeighbor_2,1773003914,1,0,0
7r9zsela,1,tg39l16g,10,presurvey,ExperimentInstruction,1773003916,1,0,0
7r9zsela,3,p46jk6h5,3,presurvey,Demographics,1773003936,1,0,0
7r9zsela,4,eqhqtdv2,0,,InitializeParticipant,1773003940,1,0,0
7r9zsela,1,tg39l16g,11,presurvey,Scenario,1773003944,1,0,0
7r9zsela,3,p46jk6h5,4,presurvey,NeighborhoodInstruction,1773003951,1,0,0
7r9zsela,2,0qag2bxr,2,presurvey,AudioCheck,1773003951,1,0,0
7r9zsela,4,eqhqtdv2,1,presurvey,Introduction,1773003954,1,0,0
7r9zsela,4,eqhqtdv2,2,presurvey,AudioCheck,1773003965,1,0,0
7r9zsela,2,0qag2bxr,3,presurvey,Demographics,1773003970,1,0,0
7r9zsela,4,eqhqtdv2,3,presurvey,Demographics,1773003974,1,0,0
7r9zsela,5,hoo70k7f,0,,InitializeParticipant,1773003976,1,0,0
7r9zsela,4,eqhqtdv2,4,presurvey,NeighborhoodInstruction,1773003984,1,0,0
7r9zsela,4,eqhqtdv2,5,presurvey,Training,1773003997,1,0,0
7r9zsela,3,p46jk6h5,5,presurvey,Training,1773004001,1,0,0
7r9zsela,5,hoo70k7f,1,presurvey,Introduction,1773004002,1,0,0
7r9zsela,4,eqhqtdv2,6,presurvey,TrainingNeighbor_1,1773004013,1,0,0
7r9zsela,4,eqhqtdv2,7,presurvey,TrainingNeighbor_2,1773004017,1,0,0
7r9zsela,4,eqhqtdv2,10,presurvey,ExperimentInstruction,1773004020,1,0,0
7r9zsela,4,eqhqtdv2,11,presurvey,Scenario,1773004033,1,0,0
7r9zsela,4,eqhqtdv2,12,presurvey,Commitment,1773004048,1,0,0
7r9zsela,5,hoo70k7f,2,presurvey,AudioCheck,1773004050,1,0,0
7r9zsela,3,p46jk6h5,6,presurvey,TrainingNeighbor_1,1773004054,1,0,0
7r9zsela,2,0qag2bxr,4,presurvey,NeighborhoodInstruction,1773004055,1,0,0
7r9zsela,3,p46jk6h5,10,presurvey,ExperimentInstruction,1773004061,1,0,0
7r9zsela,5,hoo70k7f,3,presurvey,Demographics,1773004079,1,0,0
7r9zsela,3,p46jk6h5,11,presurvey,Scenario,1773004118,1,0,0
7r9zsela,5,hoo70k7f,4,presurvey,NeighborhoodInstruction,1773004124,1,0,0
7r9zsela,2,0qag2bxr,5,presurvey,Training,1773004124,1,0,0
7r9zsela,6,h90n7lbr,0,,InitializeParticipant,1773004172,1,0,0
7r9zsela,5,hoo70k7f,5,presurvey,Training,1773004174,1,0,0
7r9zsela,6,h90n7lbr,1,presurvey,Introduction,1773004177,1,0,0
7r9zsela,6,h90n7lbr,2,presurvey,AudioCheck,1773004195,1,0,0
7r9zsela,2,0qag2bxr,6,presurvey,TrainingNeighbor_1,1773004196,1,0,0
7r9zsela,6,h90n7lbr,3,presurvey,Demographics,1773004210,1,0,0
7r9zsela,6,h90n7lbr,4,presurvey,NeighborhoodInstruction,1773004219,1,0,0
7r9zsela,6,h90n7lbr,5,presurvey,Training,1773004236,1,0,0
7r9zsela,2,0qag2bxr,10,presurvey,ExperimentInstruction,1773004240,1,0,0
7r9zsela,5,hoo70k7f,6,presurvey,TrainingNeighbor_1,1773004240,1,0,0
7r9zsela,6,h90n7lbr,6,presurvey,TrainingNeighbor_1,1773004248,1,0,0
7r9zsela,6,h90n7lbr,10,presurvey,ExperimentInstruction,1773004251,1,0,0
7r9zsela,6,h90n7lbr,11,presurvey,Scenario,1773004273,1,0,0
7r9zsela,7,tpnrvlpz,0,,InitializeParticipant,1773004278,1,0,0
7r9zsela,5,hoo70k7f,7,presurvey,TrainingNeighbor_2,1773004278,1,0,0
7r9zsela,7,tpnrvlpz,1,presurvey,Introduction,1773004281,1,0,0
7r9zsela,7,tpnrvlpz,2,presurvey,AudioCheck,1773004291,1,0,0
7r9zsela,5,hoo70k7f,10,presurvey,ExperimentInstruction,1773004293,1,0,0
7r9zsela,7,tpnrvlpz,3,presurvey,Demographics,1773004300,1,0,0
7r9zsela,6,h90n7lbr,12,presurvey,Commitment,1773004301,1,0,0
7r9zsela,7,tpnrvlpz,4,presurvey,NeighborhoodInstruction,1773004303,1,0,0
7r9zsela,2,0qag2bxr,11,presurvey,Scenario,1773004315,1,0,0
7r9zsela,8,vu6jiyl7,0,,InitializeParticipant,1773004321,1,0,0
7r9zsela,7,tpnrvlpz,5,presurvey,Training,1773004321,1,0,0
7r9zsela,7,tpnrvlpz,6,presurvey,TrainingNeighbor_1,1773004332,1,0,0
7r9zsela,7,tpnrvlpz,10,presurvey,ExperimentInstruction,1773004334,1,0,0
7r9zsela,7,tpnrvlpz,11,presurvey,Scenario,1773004344,1,0,0
7r9zsela,7,tpnrvlpz,12,presurvey,Commitment,1773004353,1,0,0
7r9zsela,5,hoo70k7f,11,presurvey,Scenario,1773004384,1,0,0
7r9zsela,8,vu6jiyl7,1,presurvey,Introduction,1773004397,1,0,0
7r9zsela,8,vu6jiyl7,2,presurvey,AudioCheck,1773004417,1,0,0
7r9zsela,8,vu6jiyl7,3,presurvey,Demographics,1773004451,1,0,0
7r9zsela,5,hoo70k7f,12,presurvey,Commitment,1773004454,1,0,0
7r9zsela,8,vu6jiyl7,4,presurvey,NeighborhoodInstruction,1773004719,1,0,0
7r9zsela,9,igncim3x,0,,InitializeParticipant,1773004768,1,0,0
7r9zsela,8,vu6jiyl7,5,presurvey,Training,1773004772,1,0,0
7r9zsela,9,igncim3x,1,presurvey,Introduction,1773004803,1,0,0
7r9zsela,9,igncim3x,2,presurvey,AudioCheck,1773004814,1,0,0
7r9zsela,8,vu6jiyl7,6,presurvey,TrainingNeighbor_1,1773004826,1,0,0
7r9zsela,8,vu6jiyl7,10,presurvey,ExperimentInstruction,1773004830,1,0,0
7r9zsela,9,igncim3x,3,presurvey,Demographics,1773004830,1,0,0
7r9zsela,9,igncim3x,4,presurvey,NeighborhoodInstruction,1773004850,1,0,0
7r9zsela,9,igncim3x,5,presurvey,Training,1773004874,1,0,0
7r9zsela,8,vu6jiyl7,11,presurvey,Scenario,1773004903,1,0,0
7r9zsela,9,igncim3x,6,presurvey,TrainingNeighbor_1,1773004930,1,0,0
7r9zsela,9,igncim3x,7,presurvey,TrainingNeighbor_2,1773004937,1,0,0
7r9zsela,8,vu6jiyl7,12,presurvey,Commitment,1773004944,1,0,0
7r9zsela,9,igncim3x,10,presurvey,ExperimentInstruction,1773004953,1,0,0
7r9zsela,9,igncim3x,11,presurvey,Scenario,1773004977,1,0,0
7r9zsela,9,igncim3x,12,presurvey,Commitment,1773005008,1,0,0
7r9zsela,4,eqhqtdv2,13,mock_N08_N04_Aonly,GroupingWaitPage,1773005253,1,0,1
7r9zsela,4,eqhqtdv2,14,mock_N08_N04_Aonly,GroupSizeWaitPage,1773005254,1,0,1
7r9zsela,4,eqhqtdv2,15,mock_N08_N04_Aonly,AttentionCheck,1773005260,1,0,0
7r9zsela,6,h90n7lbr,13,mock_N08_N04_Aonly,GroupingWaitPage,1773005446,1,0,1
7r9zsela,6,h90n7lbr,14,mock_N08_N04_Aonly,GroupSizeWaitPage,1773005447,1,0,1
7r9zsela,6,h90n7lbr,15,mock_N08_N04_Aonly,AttentionCheck,1773005452,1,0,0
7r9zsela,10,uixn29t6,0,,InitializeParticipant,1773005460,1,0,0
7r9zsela,7,tpnrvlpz,13,mock_N08_N04_Aonly,GroupingWaitPage,1773005508,1,0,1
7r9zsela,7,tpnrvlpz,14,mock_N08_N04_Aonly,GroupSizeWaitPage,1773005508,1,0,1
7r9zsela,7,tpnrvlpz,15,mock_N08_N04_Aonly,AttentionCheck,1773005515,1,0,0
7r9zsela,10,uixn29t6,1,presurvey,Introduction,1773005518,1,0,0
7r9zsela,10,uixn29t6,2,presurvey,AudioCheck,1773005552,1,0,0
7r9zsela,10,uixn29t6,3,presurvey,Demographics,1773005574,1,0,0
7r9zsela,10,uixn29t6,4,presurvey,NeighborhoodInstruction,1773005608,1,0,0
7r9zsela,5,hoo70k7f,13,mock_N08_N04_Aonly,GroupingWaitPage,1773005661,1,0,1
7r9zsela,5,hoo70k7f,14,mock_N08_N04_Aonly,GroupSizeWaitPage,1773005661,1,0,1
7r9zsela,10,uixn29t6,5,presurvey,Training,1773005663,1,0,0
7r9zsela,5,hoo70k7f,15,mock_N08_N04_Aonly,AttentionCheck,1773005672,1,0,0
7r9zsela,10,uixn29t6,6,presurvey,TrainingNeighbor_1,1773005726,1,0,0
7r9zsela,10,uixn29t6,10,presurvey,ExperimentInstruction,1773005745,1,0,0
7r9zsela,10,uixn29t6,11,presurvey,Scenario,1773005815,1,0,0
7r9zsela,11,fu0xu7de,0,,InitializeParticipant,1773005935,1,0,0
7r9zsela,11,fu0xu7de,1,presurvey,Introduction,1773005940,1,0,0
7r9zsela,11,fu0xu7de,2,presurvey,AudioCheck,1773006015,1,0,0
7r9zsela,11,fu0xu7de,3,presurvey,Demographics,1773006072,1,0,0
7r9zsela,11,fu0xu7de,4,presurvey,NeighborhoodInstruction,1773006088,1,0,0
7r9zsela,8,vu6jiyl7,13,mock_N08_N04_Aonly,GroupingWaitPage,1773006091,1,0,1
7r9zsela,8,vu6jiyl7,14,mock_N08_N04_Aonly,GroupSizeWaitPage,1773006091,1,0,1
7r9zsela,8,vu6jiyl7,15,mock_N08_N04_Aonly,AttentionCheck,1773006098,1,0,0
7r9zsela,12,n0wj2cmw,0,,InitializeParticipant,1773006114,1,0,0
7r9zsela,12,n0wj2cmw,1,presurvey,Introduction,1773006125,1,0,0
7r9zsela,13,8r0gtuyd,0,,InitializeParticipant,1773006131,1,0,0
7r9zsela,14,61lboiq2,0,,InitializeParticipant,1773006134,1,0,0
7r9zsela,11,fu0xu7de,5,presurvey,Training,1773006134,1,0,0
7r9zsela,12,n0wj2cmw,2,presurvey,AudioCheck,1773006143,1,0,0
7r9zsela,9,igncim3x,13,mock_N08_N04_Aonly,GroupingWaitPage,1773006152,1,0,1
7r9zsela,9,igncim3x,14,mock_N08_N04_Aonly,GroupSizeWaitPage,1773006152,1,0,1
7r9zsela,14,61lboiq2,1,presurvey,Introduction,1773006154,1,0,0
7r9zsela,9,igncim3x,15,mock_N08_N04_Aonly,AttentionCheck,1773006157,1,0,0
7r9zsela,14,61lboiq2,2,presurvey,AudioCheck,1773006170,1,0,0
7r9zsela,12,n0wj2cmw,3,presurvey,Demographics,1773006178,1,0,0
7r9zsela,14,61lboiq2,3,presurvey,Demographics,1773006192,1,0,0
7r9zsela,11,fu0xu7de,6,presurvey,TrainingNeighbor_1,1773006200,1,0,0
7r9zsela,14,61lboiq2,4,presurvey,NeighborhoodInstruction,1773006203,1,0,0
7r9zsela,11,fu0xu7de,10,presurvey,ExperimentInstruction,1773006210,1,0,0
7r9zsela,12,n0wj2cmw,4,presurvey,NeighborhoodInstruction,1773006211,1,0,0
7r9zsela,13,8r0gtuyd,1,presurvey,Introduction,1773006212,1,0,0
7r9zsela,13,8r0gtuyd,2,presurvey,AudioCheck,1773006240,1,0,0
7r9zsela,12,n0wj2cmw,5,presurvey,Training,1773006246,1,0,0
7r9zsela,14,61lboiq2,5,presurvey,Training,1773006250,1,0,0
7r9zsela,13,8r0gtuyd,3,presurvey,Demographics,1773006258,1,0,0
7r9zsela,11,fu0xu7de,11,presurvey,Scenario,1773006264,1,0,0
7r9zsela,12,n0wj2cmw,6,presurvey,TrainingNeighbor_1,1773006280,1,0,0
7r9zsela,12,n0wj2cmw,7,presurvey,TrainingNeighbor_2,1773006287,1,0,0
7r9zsela,12,n0wj2cmw,10,presurvey,ExperimentInstruction,1773006293,1,0,0
7r9zsela,14,61lboiq2,6,presurvey,TrainingNeighbor_1,1773006308,1,0,0
7r9zsela,14,61lboiq2,10,presurvey,ExperimentInstruction,1773006328,1,0,0
7r9zsela,15,8g0rhhjo,0,,InitializeParticipant,1773006358,1,0,0
7r9zsela,14,61lboiq2,11,presurvey,Scenario,1773006374,1,0,0
7r9zsela,15,8g0rhhjo,1,presurvey,Introduction,1773006382,1,0,0
7r9zsela,15,8g0rhhjo,2,presurvey,AudioCheck,1773006400,1,0,0
7r9zsela,15,8g0rhhjo,3,presurvey,Demographics,1773006412,1,0,0
7r9zsela,12,n0wj2cmw,11,presurvey,Scenario,1773006422,1,0,0
7r9zsela,13,8r0gtuyd,4,presurvey,NeighborhoodInstruction,1773006425,1,0,0
7r9zsela,15,8g0rhhjo,4,presurvey,NeighborhoodInstruction,1773006428,1,0,0
7r9zsela,16,94z639ot,0,,InitializeParticipant,1773006439,1,0,0
7r9zsela,13,8r0gtuyd,5,presurvey,Training,1773006460,1,0,0
7r9zsela,15,8g0rhhjo,5,presurvey,Training,1773006468,1,0,0
7r9zsela,15,8g0rhhjo,6,presurvey,TrainingNeighbor_1,1773006504,1,0,0
7r9zsela,13,8r0gtuyd,6,presurvey,TrainingNeighbor_1,1773006510,1,0,0
7r9zsela,15,8g0rhhjo,10,presurvey,ExperimentInstruction,1773006510,1,0,0
7r9zsela,13,8r0gtuyd,10,presurvey,ExperimentInstruction,1773006527,1,0,0
7r9zsela,12,n0wj2cmw,12,presurvey,Commitment,1773006530,1,0,0
7r9zsela,15,8g0rhhjo,11,presurvey,Scenario,1773006548,1,0,0
7r9zsela,13,8r0gtuyd,11,presurvey,Scenario,1773006558,1,0,0
7r9zsela,17,beb0vj6m,0,,InitializeParticipant,1773006564,1,0,0
7r9zsela,16,94z639ot,1,presurvey,Introduction,1773006567,1,0,0
7r9zsela,18,klpt8qeu,0,,InitializeParticipant,1773006579,1,0,0
7r9zsela,18,klpt8qeu,1,presurvey,Introduction,1773006597,1,0,0
7r9zsela,15,8g0rhhjo,12,presurvey,Commitment,1773006605,1,0,0
7r9zsela,18,klpt8qeu,2,presurvey,AudioCheck,1773006625,1,0,0
7r9zsela,13,8r0gtuyd,12,presurvey,Commitment,1773006629,1,0,0
7r9zsela,17,beb0vj6m,1,presurvey,Introduction,1773006652,1,0,0
7r9zsela,18,klpt8qeu,3,presurvey,Demographics,1773006653,1,0,0
7r9zsela,18,klpt8qeu,4,presurvey,NeighborhoodInstruction,1773006777,1,0,0
7r9zsela,17,beb0vj6m,2,presurvey,AudioCheck,1773006808,1,0,0
7r9zsela,18,klpt8qeu,5,presurvey,Training,1773006839,1,0,0
7r9zsela,19,78bqi7mo,0,,InitializeParticipant,1773006850,1,0,0
7r9zsela,19,78bqi7mo,1,presurvey,Introduction,1773006854,1,0,0
7r9zsela,19,78bqi7mo,2,presurvey,AudioCheck,1773006872,1,0,0
7r9zsela,19,78bqi7mo,3,presurvey,Demographics,1773006885,1,0,0
7r9zsela,19,78bqi7mo,4,presurvey,NeighborhoodInstruction,1773006918,1,0,0
7r9zsela,18,klpt8qeu,6,presurvey,TrainingNeighbor_1,1773006952,1,0,0
7r9zsela,19,78bqi7mo,5,presurvey,Training,1773007002,1,0,0
7r9zsela,18,klpt8qeu,10,presurvey,ExperimentInstruction,1773007026,1,0,0
7r9zsela,19,78bqi7mo,6,presurvey,TrainingNeighbor_1,1773007045,1,0,0
7r9zsela,19,78bqi7mo,7,presurvey,TrainingNeighbor_2,1773007053,1,0,0
7r9zsela,19,78bqi7mo,10,presurvey,ExperimentInstruction,1773007109,1,0,0
7r9zsela,19,78bqi7mo,11,presurvey,Scenario,1773007147,1,0,0
7r9zsela,18,klpt8qeu,11,presurvey,Scenario,1773007164,1,0,0
7r9zsela,20,647mss6e,0,,InitializeParticipant,1773007293,1,0,0
7r9zsela,20,647mss6e,1,presurvey,Introduction,1773007304,1,0,0
7r9zsela,21,h2dimzmg,0,,InitializeParticipant,1773007306,1,0,0
7r9zsela,20,647mss6e,2,presurvey,AudioCheck,1773007318,1,0,0
7r9zsela,18,klpt8qeu,12,presurvey,Commitment,1773007333,1,0,0
7r9zsela,21,h2dimzmg,1,presurvey,Introduction,1773007334,1,0,0
7r9zsela,20,647mss6e,3,presurvey,Demographics,1773007335,1,0,0
7r9zsela,20,647mss6e,4,presurvey,NeighborhoodInstruction,1773007344,1,0,0
7r9zsela,21,h2dimzmg,2,presurvey,AudioCheck,1773007355,1,0,0
7r9zsela,22,7v9hm7p8,0,,InitializeParticipant,1773007364,1,0,0
7r9zsela,20,647mss6e,5,presurvey,Training,1773007376,1,0,0
7r9zsela,22,7v9hm7p8,1,presurvey,Introduction,1773007376,1,0,0
7r9zsela,21,h2dimzmg,3,presurvey,Demographics,1773007395,1,0,0
7r9zsela,20,647mss6e,6,presurvey,TrainingNeighbor_1,1773007397,1,0,0
7r9zsela,22,7v9hm7p8,2,presurvey,AudioCheck,1773007398,1,0,0
7r9zsela,20,647mss6e,10,presurvey,ExperimentInstruction,1773007405,1,0,0
7r9zsela,22,7v9hm7p8,3,presurvey,Demographics,1773007421,1,0,0
7r9zsela,20,647mss6e,11,presurvey,Scenario,1773007429,1,0,0
7r9zsela,22,7v9hm7p8,4,presurvey,NeighborhoodInstruction,1773007439,1,0,0
7r9zsela,20,647mss6e,12,presurvey,Commitment,1773007455,1,0,0
7r9zsela,21,h2dimzmg,4,presurvey,NeighborhoodInstruction,1773007465,1,0,0
7r9zsela,22,7v9hm7p8,5,presurvey,Training,1773007489,1,0,0
7r9zsela,22,7v9hm7p8,6,presurvey,TrainingNeighbor_1,1773007524,1,0,0
7r9zsela,21,h2dimzmg,5,presurvey,Training,1773007530,1,0,0
7r9zsela,23,nfdtrrc1,0,,InitializeParticipant,1773007538,1,0,0
7r9zsela,23,nfdtrrc1,1,presurvey,Introduction,1773007541,1,0,0
7r9zsela,22,7v9hm7p8,10,presurvey,ExperimentInstruction,1773007552,1,0,0
7r9zsela,23,nfdtrrc1,2,presurvey,AudioCheck,1773007562,1,0,0
7r9zsela,23,nfdtrrc1,3,presurvey,Demographics,1773007571,1,0,0
7r9zsela,23,nfdtrrc1,4,presurvey,NeighborhoodInstruction,1773007577,1,0,0
7r9zsela,22,7v9hm7p8,11,presurvey,Scenario,1773007581,1,0,0
7r9zsela,24,0zdafhxe,0,,InitializeParticipant,1773007586,1,0,0
7r9zsela,23,nfdtrrc1,5,presurvey,Training,1773007586,1,0,0
7r9zsela,21,h2dimzmg,6,presurvey,TrainingNeighbor_1,1773007605,1,0,0
7r9zsela,21,h2dimzmg,7,presurvey,TrainingNeighbor_2,1773007636,1,0,0
7r9zsela,24,0zdafhxe,1,presurvey,Introduction,1773007648,1,0,0
7r9zsela,21,h2dimzmg,10,presurvey,ExperimentInstruction,1773007656,1,0,0
7r9zsela,23,nfdtrrc1,6,presurvey,TrainingNeighbor_1,1773007660,1,0,0
7r9zsela,24,0zdafhxe,2,presurvey,AudioCheck,1773007662,1,0,0
7r9zsela,25,7njtkjup,0,,InitializeParticipant,1773007662,1,0,0
7r9zsela,23,nfdtrrc1,10,presurvey,ExperimentInstruction,1773007663,1,0,0
7r9zsela,26,mn5r3fjt,0,,InitializeParticipant,1773007668,1,0,0
7r9zsela,25,7njtkjup,1,presurvey,Introduction,1773007669,1,0,0
7r9zsela,12,n0wj2cmw,13,mock_N08_N04_Aonly,GroupingWaitPage,1773007677,1,0,1
7r9zsela,24,0zdafhxe,3,presurvey,Demographics,1773007677,1,0,0
7r9zsela,12,n0wj2cmw,14,mock_N08_N04_Aonly,GroupSizeWaitPage,1773007678,1,0,1
7r9zsela,23,nfdtrrc1,11,presurvey,Scenario,1773007687,1,0,0
7r9zsela,26,mn5r3fjt,1,presurvey,Introduction,1773007691,1,0,0
7r9zsela,25,7njtkjup,2,presurvey,AudioCheck,1773007694,1,0,0
7r9zsela,24,0zdafhxe,4,presurvey,NeighborhoodInstruction,1773007696,1,0,0
7r9zsela,26,mn5r3fjt,2,presurvey,AudioCheck,1773007703,1,0,0
7r9zsela,25,7njtkjup,3,presurvey,Demographics,1773007707,1,0,0
7r9zsela,21,h2dimzmg,11,presurvey,Scenario,1773007711,1,0,0
7r9zsela,12,n0wj2cmw,15,mock_N08_N04_Aonly,AttentionCheck,1773007713,1,1,0
7r9zsela,26,mn5r3fjt,3,presurvey,Demographics,1773007716,1,0,0
7r9zsela,26,mn5r3fjt,4,presurvey,NeighborhoodInstruction,1773007738,1,0,0
7r9zsela,25,7njtkjup,4,presurvey,NeighborhoodInstruction,1773007747,1,0,0
7r9zsela,15,8g0rhhjo,13,mock_N08_N04_Aonly,GroupingWaitPage,1773007750,1,0,1
7r9zsela,15,8g0rhhjo,14,mock_N08_N04_Aonly,GroupSizeWaitPage,1773007750,1,0,1
7r9zsela,15,8g0rhhjo,15,mock_N08_N04_Aonly,AttentionCheck,1773007755,1,0,0
7r9zsela,26,mn5r3fjt,5,presurvey,Training,1773007762,1,0,0
7r9zsela,24,0zdafhxe,5,presurvey,Training,1773007772,1,0,0
7r9zsela,26,mn5r3fjt,6,presurvey,TrainingNeighbor_1,1773007787,1,0,0
7r9zsela,26,mn5r3fjt,7,presurvey,TrainingNeighbor_2,1773007794,1,0,0
7r9zsela,25,7njtkjup,5,presurvey,Training,1773007795,1,0,0
7r9zsela,26,mn5r3fjt,10,presurvey,ExperimentInstruction,1773007798,1,0,0
7r9zsela,26,mn5r3fjt,11,presurvey,Scenario,1773007828,1,0,0
7r9zsela,13,8r0gtuyd,13,mock_N08_N04_Aonly,GroupingWaitPage,1773007831,1,0,1
7r9zsela,24,0zdafhxe,6,presurvey,TrainingNeighbor_1,1773007831,1,0,0
7r9zsela,13,8r0gtuyd,14,mock_N08_N04_Aonly,GroupSizeWaitPage,1773007832,1,0,1
7r9zsela,24,0zdafhxe,7,presurvey,TrainingNeighbor_2,1773007842,1,0,0
7r9zsela,26,mn5r3fjt,12,presurvey,Commitment,1773007845,1,0,0
7r9zsela,25,7njtkjup,6,presurvey,TrainingNeighbor_1,1773007846,1,0,0
7r9zsela,24,0zdafhxe,10,presurvey,ExperimentInstruction,1773007851,1,0,0
7r9zsela,25,7njtkjup,7,presurvey,TrainingNeighbor_2,1773007856,1,0,0
7r9zsela,13,8r0gtuyd,15,mock_N08_N04_Aonly,AttentionCheck,1773007867,1,0,0
7r9zsela,25,7njtkjup,10,presurvey,ExperimentInstruction,1773007871,1,0,0
7r9zsela,27,7sjffaif,0,,InitializeParticipant,1773007895,1,0,0
7r9zsela,27,7sjffaif,1,presurvey,Introduction,1773007902,1,0,0
7r9zsela,27,7sjffaif,2,presurvey,AudioCheck,1773007909,1,0,0
7r9zsela,24,0zdafhxe,11,presurvey,Scenario,1773007916,1,0,0
7r9zsela,25,7njtkjup,11,presurvey,Scenario,1773007918,1,0,0
7r9zsela,27,7sjffaif,3,presurvey,Demographics,1773007925,1,0,0
7r9zsela,27,7sjffaif,4,presurvey,NeighborhoodInstruction,1773007930,1,0,0
7r9zsela,21,h2dimzmg,12,presurvey,Commitment,1773007936,1,0,0
7r9zsela,27,7sjffaif,5,presurvey,Training,1773007948,1,0,0
7r9zsela,24,0zdafhxe,12,presurvey,Commitment,1773007973,1,0,0
7r9zsela,27,7sjffaif,6,presurvey,TrainingNeighbor_1,1773007976,1,0,0
7r9zsela,27,7sjffaif,10,presurvey,ExperimentInstruction,1773007980,1,0,0
7r9zsela,27,7sjffaif,11,presurvey,Scenario,1773007992,1,0,0
7r9zsela,27,7sjffaif,12,presurvey,Commitment,1773008006,1,0,0
7r9zsela,28,t7fzyibd,0,,InitializeParticipant,1773008082,1,0,0
7r9zsela,28,t7fzyibd,1,presurvey,Introduction,1773008110,1,0,0
7r9zsela,28,t7fzyibd,2,presurvey,AudioCheck,1773008139,1,0,0
7r9zsela,28,t7fzyibd,3,presurvey,Demographics,1773008153,1,0,0
7r9zsela,28,t7fzyibd,4,presurvey,NeighborhoodInstruction,1773008167,1,0,0
7r9zsela,28,t7fzyibd,5,presurvey,Training,1773008200,1,0,0
7r9zsela,28,t7fzyibd,6,presurvey,TrainingNeighbor_1,1773008233,1,0,0
7r9zsela,28,t7fzyibd,10,presurvey,ExperimentInstruction,1773008249,1,0,0
7r9zsela,28,t7fzyibd,11,presurvey,Scenario,1773008298,1,0,0
7r9zsela,29,jpf1yqvd,0,,InitializeParticipant,1773008348,1,0,0
7r9zsela,30,q63yv2ry,0,,InitializeParticipant,1773008401,1,0,0
7r9zsela,30,q63yv2ry,1,presurvey,Introduction,1773008405,1,0,0
7r9zsela,30,q63yv2ry,2,presurvey,AudioCheck,1773008420,1,0,0
7r9zsela,30,q63yv2ry,3,presurvey,Demographics,1773008437,1,0,0
7r9zsela,30,q63yv2ry,4,presurvey,NeighborhoodInstruction,1773008444,1,0,0
7r9zsela,30,q63yv2ry,5,presurvey,Training,1773008456,1,0,0
7r9zsela,31,6pbbuf94,0,,InitializeParticipant,1773008461,1,0,0
7r9zsela,30,q63yv2ry,6,presurvey,TrainingNeighbor_1,1773008472,1,0,0
7r9zsela,31,6pbbuf94,1,presurvey,Introduction,1773008481,1,0,0
7r9zsela,30,q63yv2ry,10,presurvey,ExperimentInstruction,1773008492,1,0,0
7r9zsela,30,q63yv2ry,11,presurvey,Scenario,1773008500,1,0,0
7r9zsela,31,6pbbuf94,2,presurvey,AudioCheck,1773008504,1,0,0
7r9zsela,30,q63yv2ry,12,presurvey,Commitment,1773008523,1,0,0
7r9zsela,31,6pbbuf94,3,presurvey,Demographics,1773008527,1,0,0
7r9zsela,18,klpt8qeu,13,mock_N08_N04_Aonly,GroupingWaitPage,1773008538,1,0,1
7r9zsela,18,klpt8qeu,14,mock_N08_N04_Aonly,GroupSizeWaitPage,1773008539,1,0,1
7r9zsela,18,klpt8qeu,15,mock_N08_N04_Aonly,AttentionCheck,1773008545,1,0,0
7r9zsela,31,6pbbuf94,4,presurvey,NeighborhoodInstruction,1773008553,1,0,0
7r9zsela,20,647mss6e,13,mock_N08_N04_Aonly,GroupingWaitPage,1773008600,1,0,1
7r9zsela,20,647mss6e,14,mock_N08_N04_Aonly,GroupSizeWaitPage,1773008600,1,0,1
7r9zsela,20,647mss6e,15,mock_N08_N04_Aonly,AttentionCheck,1773008604,1,0,0
7r9zsela,31,6pbbuf94,5,presurvey,Training,1773008612,1,0,0
7r9zsela,32,zj04l2bn,0,,InitializeParticipant,1773008618,1,0,0
7r9zsela,32,zj04l2bn,1,presurvey,Introduction,1773008635,1,0,0
7r9zsela,32,zj04l2bn,2,presurvey,AudioCheck,1773008647,1,0,0
7r9zsela,32,zj04l2bn,3,presurvey,Demographics,1773008663,1,0,0
7r9zsela,31,6pbbuf94,6,presurvey,TrainingNeighbor_1,1773008663,1,0,0
7r9zsela,32,zj04l2bn,4,presurvey,NeighborhoodInstruction,1773008668,1,0,0
7r9zsela,32,zj04l2bn,5,presurvey,Training,1773008684,1,0,0
7r9zsela,31,6pbbuf94,10,presurvey,ExperimentInstruction,1773008692,1,0,0
7r9zsela,32,zj04l2bn,6,presurvey,TrainingNeighbor_1,1773008700,1,0,0
7r9zsela,32,zj04l2bn,10,presurvey,ExperimentInstruction,1773008702,1,0,0
7r9zsela,32,zj04l2bn,11,presurvey,Scenario,1773008735,1,0,0
7r9zsela,31,6pbbuf94,11,presurvey,Scenario,1773008758,1,0,0
7r9zsela,33,blkc7vp5,0,,InitializeParticipant,1773008759,1,0,0
7r9zsela,33,blkc7vp5,1,presurvey,Introduction,1773008781,1,0,0
7r9zsela,33,blkc7vp5,2,presurvey,AudioCheck,1773008796,1,0,0
7r9zsela,31,6pbbuf94,12,presurvey,Commitment,1773008807,1,0,0
7r9zsela,33,blkc7vp5,3,presurvey,Demographics,1773008812,1,0,0
7r9zsela,32,zj04l2bn,12,presurvey,Commitment,1773008818,1,0,0
7r9zsela,33,blkc7vp5,4,presurvey,NeighborhoodInstruction,1773008861,1,0,0
7r9zsela,33,blkc7vp5,5,presurvey,Training,1773008895,1,0,0
7r9zsela,33,blkc7vp5,6,presurvey,TrainingNeighbor_1,1773008920,1,0,0
7r9zsela,33,blkc7vp5,7,presurvey,TrainingNeighbor_2,1773008932,1,0,0
7r9zsela,33,blkc7vp5,10,presurvey,ExperimentInstruction,1773008938,1,0,0
7r9zsela,26,mn5r3fjt,13,mock_N08_N04_Aonly,GroupingWaitPage,1773008987,1,0,1
7r9zsela,26,mn5r3fjt,14,mock_N08_N04_Aonly,GroupSizeWaitPage,1773008987,1,0,1
7r9zsela,34,hb75xpi2,0,,InitializeParticipant,1773008988,1,0,0
7r9zsela,33,blkc7vp5,11,presurvey,Scenario,1773008990,1,0,0
7r9zsela,26,mn5r3fjt,15,mock_N08_N04_Aonly,AttentionCheck,1773008998,1,0,0
7r9zsela,35,9pmn36zf,0,,InitializeParticipant,1773009023,1,0,0
7r9zsela,35,9pmn36zf,1,presurvey,Introduction,1773009067,1,0,0
7r9zsela,34,hb75xpi2,1,presurvey,Introduction,1773009070,1,0,0
7r9zsela,35,9pmn36zf,2,presurvey,AudioCheck,1773009090,1,0,0
7r9zsela,35,9pmn36zf,3,presurvey,Demographics,1773009104,1,0,0
7r9zsela,34,hb75xpi2,2,presurvey,AudioCheck,1773009115,1,0,0
7r9zsela,35,9pmn36zf,4,presurvey,NeighborhoodInstruction,1773009115,1,0,0
7r9zsela,36,r5sj7632,0,,InitializeParticipant,1773009126,1,0,0
7r9zsela,24,0zdafhxe,13,mock_N08_N04_Aonly,GroupingWaitPage,1773009129,1,0,1
7r9zsela,24,0zdafhxe,14,mock_N08_N04_Aonly,GroupSizeWaitPage,1773009130,1,0,1
7r9zsela,24,0zdafhxe,15,mock_N08_N04_Aonly,AttentionCheck,1773009138,1,0,0
7r9zsela,36,r5sj7632,1,presurvey,Introduction,1773009143,1,0,0
7r9zsela,35,9pmn36zf,5,presurvey,Training,1773009145,1,0,0
7r9zsela,27,7sjffaif,13,mock_N08_N04_Aonly,GroupingWaitPage,1773009151,1,0,1
7r9zsela,27,7sjffaif,14,mock_N08_N04_Aonly,GroupSizeWaitPage,1773009151,1,0,1
7r9zsela,34,hb75xpi2,3,presurvey,Demographics,1773009158,1,0,0
7r9zsela,27,7sjffaif,15,mock_N08_N04_Aonly,AttentionCheck,1773009158,1,0,0
7r9zsela,36,r5sj7632,2,presurvey,AudioCheck,1773009163,1,0,0
7r9zsela,34,hb75xpi2,4,presurvey,NeighborhoodInstruction,1773009177,1,0,0
7r9zsela,36,r5sj7632,3,presurvey,Demographics,1773009185,1,0,0
7r9zsela,35,9pmn36zf,6,presurvey,TrainingNeighbor_1,1773009197,1,0,0
7r9zsela,35,9pmn36zf,7,presurvey,TrainingNeighbor_2,1773009206,1,0,0
7r9zsela,36,r5sj7632,4,presurvey,NeighborhoodInstruction,1773009207,1,0,0
7r9zsela,35,9pmn36zf,10,presurvey,ExperimentInstruction,1773009213,1,0,0
7r9zsela,34,hb75xpi2,5,presurvey,Training,1773009214,1,0,0
7r9zsela,35,9pmn36zf,11,presurvey,Scenario,1773009237,1,0,0
7r9zsela,36,r5sj7632,5,presurvey,Training,1773009244,1,0,0
7r9zsela,34,hb75xpi2,6,presurvey,TrainingNeighbor_1,1773009249,1,0,0
7r9zsela,34,hb75xpi2,10,presurvey,ExperimentInstruction,1773009264,1,0,0
7r9zsela,35,9pmn36zf,12,presurvey,Commitment,1773009279,1,0,0
7r9zsela,36,r5sj7632,6,presurvey,TrainingNeighbor_1,1773009315,1,0,0
7r9zsela,36,r5sj7632,10,presurvey,ExperimentInstruction,1773009321,1,0,0
7r9zsela,37,58hvptda,0,,InitializeParticipant,1773009338,1,0,0
7r9zsela,38,f2v8tays,0,,InitializeParticipant,1773009341,1,0,0
7r9zsela,36,r5sj7632,11,presurvey,Scenario,1773009350,1,0,0
7r9zsela,38,f2v8tays,1,presurvey,Introduction,1773009355,1,0,0
7r9zsela,37,58hvptda,1,presurvey,Introduction,1773009356,1,0,0
7r9zsela,37,58hvptda,2,presurvey,AudioCheck,1773009371,1,0,0
7r9zsela,39,3ukwo7wj,0,,InitializeParticipant,1773009374,1,0,0
7r9zsela,39,3ukwo7wj,1,presurvey,Introduction,1773009386,1,0,0
7r9zsela,38,f2v8tays,2,presurvey,AudioCheck,1773009387,1,0,0
7r9zsela,34,hb75xpi2,11,presurvey,Scenario,1773009389,1,0,0
7r9zsela,38,f2v8tays,3,presurvey,Demographics,1773009406,1,0,0
7r9zsela,37,58hvptda,3,presurvey,Demographics,1773009439,1,0,0
7r9zsela,38,f2v8tays,4,presurvey,NeighborhoodInstruction,1773009449,1,0,0
7r9zsela,39,3ukwo7wj,2,presurvey,AudioCheck,1773009450,1,0,0
7r9zsela,40,gybeh1qr,0,,InitializeParticipant,1773009452,1,0,0
7r9zsela,40,gybeh1qr,1,presurvey,Introduction,1773009465,1,0,0
7r9zsela,37,58hvptda,4,presurvey,NeighborhoodInstruction,1773009468,1,0,0
7r9zsela,41,g34ccqcc,0,,InitializeParticipant,1773009469,1,0,0
7r9zsela,39,3ukwo7wj,3,presurvey,Demographics,1773009471,1,0,0
7r9zsela,38,f2v8tays,5,presurvey,Training,1773009473,1,0,0
7r9zsela,41,g34ccqcc,1,presurvey,Introduction,1773009475,1,0,0
7r9zsela,40,gybeh1qr,2,presurvey,AudioCheck,1773009487,1,0,0
7r9zsela,40,gybeh1qr,3,presurvey,Demographics,1773009509,1,0,0
7r9zsela,39,3ukwo7wj,4,presurvey,NeighborhoodInstruction,1773009509,1,0,0
7r9zsela,38,f2v8tays,6,presurvey,TrainingNeighbor_1,1773009520,1,0,0
7r9zsela,41,g34ccqcc,2,presurvey,AudioCheck,1773009522,1,0,0
7r9zsela,38,f2v8tays,10,presurvey,ExperimentInstruction,1773009525,1,0,0
7r9zsela,37,58hvptda,5,presurvey,Training,1773009530,1,0,0
7r9zsela,39,3ukwo7wj,5,presurvey,Training,1773009532,1,0,0
7r9zsela,40,gybeh1qr,4,presurvey,NeighborhoodInstruction,1773009538,1,0,0
7r9zsela,41,g34ccqcc,3,presurvey,Demographics,1773009544,1,0,0
7r9zsela,41,g34ccqcc,4,presurvey,NeighborhoodInstruction,1773009552,1,0,0
7r9zsela,37,58hvptda,6,presurvey,TrainingNeighbor_1,1773009556,1,0,0
7r9zsela,38,f2v8tays,11,presurvey,Scenario,1773009565,1,0,0
7r9zsela,40,gybeh1qr,5,presurvey,Training,1773009573,1,0,0
7r9zsela,39,3ukwo7wj,6,presurvey,TrainingNeighbor_1,1773009574,1,0,0
7r9zsela,37,58hvptda,10,presurvey,ExperimentInstruction,1773009577,1,0,0
7r9zsela,39,3ukwo7wj,7,presurvey,TrainingNeighbor_2,1773009594,1,0,0
7r9zsela,42,blv6aj9b,0,,InitializeParticipant,1773009596,1,0,0
7r9zsela,40,gybeh1qr,6,presurvey,TrainingNeighbor_1,1773009606,1,0,0
7r9zsela,40,gybeh1qr,10,presurvey,ExperimentInstruction,1773009612,1,0,0
7r9zsela,42,blv6aj9b,1,presurvey,Introduction,1773009614,1,0,0
7r9zsela,37,58hvptda,11,presurvey,Scenario,1773009615,1,0,0
7r9zsela,41,g34ccqcc,5,presurvey,Training,1773009619,1,0,0
7r9zsela,38,f2v8tays,12,presurvey,Commitment,1773009626,1,0,0
7r9zsela,43,gzm9ampb,0,,InitializeParticipant,1773009639,1,0,0
7r9zsela,42,blv6aj9b,2,presurvey,AudioCheck,1773009643,1,0,0
7r9zsela,43,gzm9ampb,1,presurvey,Introduction,1773009650,1,0,0
7r9zsela,40,gybeh1qr,11,presurvey,Scenario,1773009654,1,0,0
7r9zsela,42,blv6aj9b,3,presurvey,Demographics,1773009656,1,0,0
7r9zsela,43,gzm9ampb,2,presurvey,AudioCheck,1773009665,1,0,0
7r9zsela,41,g34ccqcc,6,presurvey,TrainingNeighbor_1,1773009666,1,0,0
7r9zsela,42,blv6aj9b,4,presurvey,NeighborhoodInstruction,1773009669,1,0,0
7r9zsela,41,g34ccqcc,10,presurvey,ExperimentInstruction,1773009670,1,0,0
7r9zsela,37,58hvptda,12,presurvey,Commitment,1773009671,1,0,0
7r9zsela,43,gzm9ampb,3,presurvey,Demographics,1773009679,1,0,0
7r9zsela,43,gzm9ampb,4,presurvey,NeighborhoodInstruction,1773009692,1,0,0
7r9zsela,41,g34ccqcc,11,presurvey,Scenario,1773009694,1,0,0
7r9zsela,42,blv6aj9b,5,presurvey,Training,1773009701,1,0,0
7r9zsela,40,gybeh1qr,12,presurvey,Commitment,1773009708,1,0,0
7r9zsela,43,gzm9ampb,5,presurvey,Training,1773009709,1,0,0
7r9zsela,44,a1vgndd9,0,,InitializeParticipant,1773009710,1,0,0
7r9zsela,41,g34ccqcc,12,presurvey,Commitment,1773009716,1,0,0
7r9zsela,43,gzm9ampb,6,presurvey,TrainingNeighbor_1,1773009732,1,0,0
7r9zsela,44,a1vgndd9,1,presurvey,Introduction,1773009734,1,0,0
7r9zsela,43,gzm9ampb,10,presurvey,ExperimentInstruction,1773009737,1,0,0
7r9zsela,42,blv6aj9b,6,presurvey,TrainingNeighbor_1,1773009737,1,0,0
7r9zsela,42,blv6aj9b,10,presurvey,ExperimentInstruction,1773009746,1,0,0
7r9zsela,43,gzm9ampb,11,presurvey,Scenario,1773009749,1,0,0
7r9zsela,44,a1vgndd9,2,presurvey,AudioCheck,1773009750,1,0,0
7r9zsela,44,a1vgndd9,3,presurvey,Demographics,1773009765,1,0,0
7r9zsela,43,gzm9ampb,12,presurvey,Commitment,1773009769,1,0,0
7r9zsela,31,6pbbuf94,13,mock_N08_N04_Aonly,GroupingWaitPage,1773009772,1,0,1
7r9zsela,32,zj04l2bn,13,mock_N08_N04_Aonly,GroupingWaitPage,1773009772,1,0,1
7r9zsela,35,9pmn36zf,13,mock_N08_N04_Aonly,GroupingWaitPage,1773009772,1,0,1
7r9zsela,37,58hvptda,13,mock_N08_N04_Aonly,GroupingWaitPage,1773009772,1,0,1
7r9zsela,38,f2v8tays,13,mock_N08_N04_Aonly,GroupingWaitPage,1773009772,1,0,1
7r9zsela,40,gybeh1qr,13,mock_N08_N04_Aonly,GroupingWaitPage,1773009772,1,0,1
7r9zsela,41,g34ccqcc,13,mock_N08_N04_Aonly,GroupingWaitPage,1773009772,1,0,1
7r9zsela,43,gzm9ampb,13,mock_N08_N04_Aonly,GroupingWaitPage,1773009772,1,0,1
7r9zsela,31,6pbbuf94,14,mock_N08_N04_Aonly,GroupSizeWaitPage,1773009773,1,0,1
7r9zsela,32,zj04l2bn,14,mock_N08_N04_Aonly,GroupSizeWaitPage,1773009773,1,0,1
7r9zsela,35,9pmn36zf,14,mock_N08_N04_Aonly,GroupSizeWaitPage,1773009773,1,0,1
7r9zsela,37,58hvptda,14,mock_N08_N04_Aonly,GroupSizeWaitPage,1773009773,1,0,1
7r9zsela,38,f2v8tays,14,mock_N08_N04_Aonly,GroupSizeWaitPage,1773009773,1,0,1
7r9zsela,40,gybeh1qr,14,mock_N08_N04_Aonly,GroupSizeWaitPage,1773009773,1,0,1
7r9zsela,41,g34ccqcc,14,mock_N08_N04_Aonly,GroupSizeWaitPage,1773009773,1,0,1
7r9zsela,43,gzm9ampb,14,mock_N08_N04_Aonly,GroupSizeWaitPage,1773009773,1,0,1
7r9zsela,31,6pbbuf94,16,mock_N08_N04_Aonly,DiscussionGRPWaitPage,1773009775,1,0,1
7r9zsela,32,zj04l2bn,16,mock_N08_N04_Aonly,DiscussionGRPWaitPage,1773009775,1,0,1
7r9zsela,38,f2v8tays,16,mock_N08_N04_Aonly,DiscussionGRPWaitPage,1773009775,1,0,1
7r9zsela,43,gzm9ampb,16,mock_N08_N04_Aonly,DiscussionGRPWaitPage,1773009775,1,0,1
7r9zsela,35,9pmn36zf,16,mock_N08_N04_Aonly,DiscussionGRPWaitPage,1773009775,1,0,1
7r9zsela,37,58hvptda,16,mock_N08_N04_Aonly,DiscussionGRPWaitPage,1773009775,1,0,1
7r9zsela,40,gybeh1qr,16,mock_N08_N04_Aonly,DiscussionGRPWaitPage,1773009775,1,0,1
7r9zsela,41,g34ccqcc,16,mock_N08_N04_Aonly,DiscussionGRPWaitPage,1773009775,1,0,1
7r9zsela,44,a1vgndd9,4,presurvey,NeighborhoodInstruction,1773009781,1,0,0
7r9zsela,35,9pmn36zf,20,mock_N08_N04_Aonly,Phase3,1773009784,1,0,0
7r9zsela,38,f2v8tays,20,mock_N08_N04_Aonly,Phase3,1773009788,1,0,0
7r9zsela,41,g34ccqcc,20,mock_N08_N04_Aonly,Phase3,1773009789,1,0,0
7r9zsela,32,zj04l2bn,20,mock_N08_N04_Aonly,Phase3,1773009790,1,0,0
7r9zsela,43,gzm9ampb,20,mock_N08_N04_Aonly,Phase3,1773009791,1,0,0
7r9zsela,40,gybeh1qr,20,mock_N08_N04_Aonly,Phase3,1773009795,1,0,0
7r9zsela,41,g34ccqcc,21,mock_N08_N04_Aonly,Discussion,1773009797,1,0,0
7r9zsela,38,f2v8tays,21,mock_N08_N04_Aonly,Discussion,1773009797,1,0,0
7r9zsela,43,gzm9ampb,21,mock_N08_N04_Aonly,Discussion,1773009798,1,0,0
7r9zsela,31,6pbbuf94,20,mock_N08_N04_Aonly,Phase3,1773009798,1,0,0
7r9zsela,32,zj04l2bn,21,mock_N08_N04_Aonly,Discussion,1773009799,1,0,0
7r9zsela,37,58hvptda,20,mock_N08_N04_Aonly,Phase3,1773009800,1,0,0
7r9zsela,44,a1vgndd9,5,presurvey,Training,1773009806,1,0,0
7r9zsela,40,gybeh1qr,21,mock_N08_N04_Aonly,Discussion,1773009807,1,0,0
7r9zsela,39,3ukwo7wj,10,presurvey,ExperimentInstruction,1773009808,1,0,0
7r9zsela,35,9pmn36zf,21,mock_N08_N04_Aonly,Discussion,1773009809,1,0,0
7r9zsela,42,blv6aj9b,11,presurvey,Scenario,1773009809,1,0,0
7r9zsela,37,58hvptda,21,mock_N08_N04_Aonly,Discussion,1773009810,1,0,0
7r9zsela,44,a1vgndd9,6,presurvey,TrainingNeighbor_1,1773009826,1,0,0
7r9zsela,45,2pe7x39h,0,,InitializeParticipant,1773009827,1,0,0
7r9zsela,44,a1vgndd9,10,presurvey,ExperimentInstruction,1773009830,1,0,0
7r9zsela,42,blv6aj9b,12,presurvey,Commitment,1773009831,1,0,0
7r9zsela,31,6pbbuf94,21,mock_N08_N04_Aonly,Discussion,1773009834,1,0,0
7r9zsela,31,6pbbuf94,27,mock_N08_N04_Aonly,DiscussionGRPWaitPage,1773009835,2,0,1
7r9zsela,41,g34ccqcc,27,mock_N08_N04_Aonly,DiscussionGRPWaitPage,1773009835,2,0,1
7r9zsela,32,zj04l2bn,27,mock_N08_N04_Aonly,DiscussionGRPWaitPage,1773009835,2,0,1
7r9zsela,38,f2v8tays,27,mock_N08_N04_Aonly,DiscussionGRPWaitPage,1773009835,2,0,1
7r9zsela,43,gzm9ampb,27,mock_N08_N04_Aonly,DiscussionGRPWaitPage,1773009835,2,0,1
7r9zsela,35,9pmn36zf,27,mock_N08_N04_Aonly,DiscussionGRPWaitPage,1773009835,2,0,1
7r9zsela,37,58hvptda,27,mock_N08_N04_Aonly,DiscussionGRPWaitPage,1773009835,2,0,1
7r9zsela,40,gybeh1qr,27,mock_N08_N04_Aonly,DiscussionGRPWaitPage,1773009835,2,0,1
7r9zsela,37,58hvptda,32,mock_N08_N04_Aonly,Discussion,1773009841,2,0,0
7r9zsela,43,gzm9ampb,32,mock_N08_N04_Aonly,Discussion,1773009843,2,0,0
7r9zsela,41,g34ccqcc,32,mock_N08_N04_Aonly,Discussion,1773009844,2,0,0
7r9zsela,40,gybeh1qr,32,mock_N08_N04_Aonly,Discussion,1773009846,2,0,0
7r9zsela,45,2pe7x39h,1,presurvey,Introduction,1773009850,1,0,0
7r9zsela,44,a1vgndd9,11,presurvey,Scenario,1773009850,1,0,0
7r9zsela,38,f2v8tays,32,mock_N08_N04_Aonly,Discussion,1773009855,2,0,0
7r9zsela,35,9pmn36zf,32,mock_N08_N04_Aonly,Discussion,1773009858,2,0,0
7r9zsela,32,zj04l2bn,32,mock_N08_N04_Aonly,Discussion,1773009866,2,0,0
7r9zsela,45,2pe7x39h,2,presurvey,AudioCheck,1773009872,1,0,0
7r9zsela,31,6pbbuf94,32,mock_N08_N04_Aonly,Discussion,1773009875,2,0,0
7r9zsela,31,6pbbuf94,38,mock_N08_N04_Aonly,DiscussionGRPWaitPage,1773009876,3,0,1
7r9zsela,32,zj04l2bn,38,mock_N08_N04_Aonly,DiscussionGRPWaitPage,1773009876,3,0,1
7r9zsela,38,f2v8tays,38,mock_N08_N04_Aonly,DiscussionGRPWaitPage,1773009876,3,0,1
7r9zsela,43,gzm9ampb,38,mock_N08_N04_Aonly,DiscussionGRPWaitPage,1773009876,3,0,1
7r9zsela,35,9pmn36zf,38,mock_N08_N04_Aonly,DiscussionGRPWaitPage,1773009876,3,0,1
7r9zsela,37,58hvptda,38,mock_N08_N04_Aonly,DiscussionGRPWaitPage,1773009876,3,0,1
7r9zsela,40,gybeh1qr,38,mock_N08_N04_Aonly,DiscussionGRPWaitPage,1773009876,3,0,1
7r9zsela,41,g34ccqcc,38,mock_N08_N04_Aonly,DiscussionGRPWaitPage,1773009876,3,0,1
7r9zsela,37,58hvptda,43,mock_N08_N04_Aonly,Discussion,1773009880,3,0,0
7r9zsela,43,gzm9ampb,43,mock_N08_N04_Aonly,Discussion,1773009882,3,0,0
7r9zsela,38,f2v8tays,43,mock_N08_N04_Aonly,Discussion,1773009883,3,0,0
7r9zsela,41,g34ccqcc,43,mock_N08_N04_Aonly,Discussion,1773009884,3,0,0
7r9zsela,44,a1vgndd9,12,presurvey,Commitment,1773009884,1,0,0
7r9zsela,45,2pe7x39h,3,presurvey,Demographics,1773009889,1,0,0
7r9zsela,39,3ukwo7wj,11,presurvey,Scenario,1773009889,1,0,0
7r9zsela,40,gybeh1qr,43,mock_N08_N04_Aonly,Discussion,1773009892,3,0,0
7r9zsela,35,9pmn36zf,43,mock_N08_N04_Aonly,Discussion,1773009894,3,0,0
7r9zsela,31,6pbbuf94,43,mock_N08_N04_Aonly,Discussion,1773009895,3,0,0
7r9zsela,32,zj04l2bn,43,mock_N08_N04_Aonly,Discussion,1773009902,3,0,0
7r9zsela,31,6pbbuf94,49,mock_N08_N04_Aonly,DiscussionGRPWaitPage,1773009903,4,0,1
7r9zsela,32,zj04l2bn,49,mock_N08_N04_Aonly,DiscussionGRPWaitPage,1773009903,4,0,1
7r9zsela,38,f2v8tays,49,mock_N08_N04_Aonly,DiscussionGRPWaitPage,1773009903,4,0,1
7r9zsela,43,gzm9ampb,49,mock_N08_N04_Aonly,DiscussionGRPWaitPage,1773009903,4,0,1
7r9zsela,35,9pmn36zf,49,mock_N08_N04_Aonly,DiscussionGRPWaitPage,1773009903,4,0,1
7r9zsela,37,58hvptda,49,mock_N08_N04_Aonly,DiscussionGRPWaitPage,1773009903,4,0,1
7r9zsela,40,gybeh1qr,49,mock_N08_N04_Aonly,DiscussionGRPWaitPage,1773009903,4,0,1
7r9zsela,41,g34ccqcc,49,mock_N08_N04_Aonly,DiscussionGRPWaitPage,1773009903,4,0,1
7r9zsela,46,ecet3gy1,0,,InitializeParticipant,1773009904,1,0,0
7r9zsela,45,2pe7x39h,4,presurvey,NeighborhoodInstruction,1773009905,1,0,0
7r9zsela,46,ecet3gy1,1,presurvey,Introduction,1773009906,1,0,0
7r9zsela,43,gzm9ampb,54,mock_N08_N04_Aonly,Discussion,1773009907,4,0,0
7r9zsela,37,58hvptda,54,mock_N08_N04_Aonly,Discussion,1773009908,4,0,0
7r9zsela,35,9pmn36zf,54,mock_N08_N04_Aonly,Discussion,1773009910,4,0,0
7r9zsela,32,zj04l2bn,54,mock_N08_N04_Aonly,Discussion,1773009911,4,0,0
7r9zsela,41,g34ccqcc,54,mock_N08_N04_Aonly,Discussion,1773009913,4,0,0
7r9zsela,38,f2v8tays,54,mock_N08_N04_Aonly,Discussion,1773009913,4,0,0
7r9zsela,40,gybeh1qr,54,mock_N08_N04_Aonly,Discussion,1773009914,4,0,0
7r9zsela,31,6pbbuf94,54,mock_N08_N04_Aonly,Discussion,1773009919,4,0,0
7r9zsela,31,6pbbuf94,60,mock_N08_N04_Aonly,DiscussionGRPWaitPage,1773009920,5,0,1
7r9zsela,32,zj04l2bn,60,mock_N08_N04_Aonly,DiscussionGRPWaitPage,1773009920,5,0,1
7r9zsela,38,f2v8tays,60,mock_N08_N04_Aonly,DiscussionGRPWaitPage,1773009920,5,0,1
7r9zsela,43,gzm9ampb,60,mock_N08_N04_Aonly,DiscussionGRPWaitPage,1773009920,5,0,1
7r9zsela,35,9pmn36zf,60,mock_N08_N04_Aonly,DiscussionGRPWaitPage,1773009920,5,0,1
7r9zsela,37,58hvptda,60,mock_N08_N04_Aonly,DiscussionGRPWaitPage,1773009920,5,0,1
7r9zsela,40,gybeh1qr,60,mock_N08_N04_Aonly,DiscussionGRPWaitPage,1773009920,5,0,1
7r9zsela,41,g34ccqcc,60,mock_N08_N04_Aonly,DiscussionGRPWaitPage,1773009920,5,0,1
7r9zsela,46,ecet3gy1,2,presurvey,AudioCheck,1773009922,1,0,0
7r9zsela,31,6pbbuf94,65,mock_N08_N04_Aonly,Discussion,1773009924,5,0,0
7r9zsela,35,9pmn36zf,65,mock_N08_N04_Aonly,Discussion,1773009925,5,0,0
7r9zsela,43,gzm9ampb,65,mock_N08_N04_Aonly,Discussion,1773009926,5,0,0
7r9zsela,40,gybeh1qr,65,mock_N08_N04_Aonly,Discussion,1773009926,5,0,0
7r9zsela,37,58hvptda,65,mock_N08_N04_Aonly,Discussion,1773009926,5,0,0
7r9zsela,32,zj04l2bn,65,mock_N08_N04_Aonly,Discussion,1773009927,5,0,0
7r9zsela,38,f2v8tays,65,mock_N08_N04_Aonly,Discussion,1773009927,5,0,0
7r9zsela,41,g34ccqcc,65,mock_N08_N04_Aonly,Discussion,1773009928,5,0,0
7r9zsela,31,6pbbuf94,71,mock_N08_N04_Aonly,DiscussionGRPWaitPage,1773009929,6,0,1
7r9zsela,32,zj04l2bn,71,mock_N08_N04_Aonly,DiscussionGRPWaitPage,1773009929,6,0,1
7r9zsela,38,f2v8tays,71,mock_N08_N04_Aonly,DiscussionGRPWaitPage,1773009929,6,0,1
7r9zsela,43,gzm9ampb,71,mock_N08_N04_Aonly,DiscussionGRPWaitPage,1773009929,6,0,1
7r9zsela,35,9pmn36zf,71,mock_N08_N04_Aonly,DiscussionGRPWaitPage,1773009929,6,0,1
7r9zsela,37,58hvptda,71,mock_N08_N04_Aonly,DiscussionGRPWaitPage,1773009929,6,0,1
7r9zsela,40,gybeh1qr,71,mock_N08_N04_Aonly,DiscussionGRPWaitPage,1773009929,6,0,1
7r9zsela,41,g34ccqcc,71,mock_N08_N04_Aonly,DiscussionGRPWaitPage,1773009929,6,0,1
7r9zsela,46,ecet3gy1,3,presurvey,Demographics,1773009930,1,0,0
7r9zsela,43,gzm9ampb,76,mock_N08_N04_Aonly,Discussion,1773009932,6,0,0
7r9zsela,46,ecet3gy1,4,presurvey,NeighborhoodInstruction,1773009932,1,0,0
7r9zsela,31,6pbbuf94,76,mock_N08_N04_Aonly,Discussion,1773009933,6,0,0
7r9zsela,37,58hvptda,76,mock_N08_N04_Aonly,Discussion,1773009934,6,0,0
7r9zsela,35,9pmn36zf,76,mock_N08_N04_Aonly,Discussion,1773009935,6,0,0
7r9zsela,46,ecet3gy1,5,presurvey,Training,1773009935,1,0,0
7r9zsela,38,f2v8tays,76,mock_N08_N04_Aonly,Discussion,1773009938,6,0,0
7r9zsela,45,2pe7x39h,5,presurvey,Training,1773009939,1,0,0
7r9zsela,32,zj04l2bn,76,mock_N08_N04_Aonly,Discussion,1773009939,6,0,0
7r9zsela,40,gybeh1qr,76,mock_N08_N04_Aonly,Discussion,1773009940,6,0,0
7r9zsela,41,g34ccqcc,76,mock_N08_N04_Aonly,Discussion,1773009945,6,0,0
7r9zsela,31,6pbbuf94,82,mock_N08_N04_Aonly,DiscussionGRPWaitPage,1773009946,7,0,1
7r9zsela,32,zj04l2bn,82,mock_N08_N04_Aonly,DiscussionGRPWaitPage,1773009946,7,0,1
7r9zsela,38,f2v8tays,82,mock_N08_N04_Aonly,DiscussionGRPWaitPage,1773009946,7,0,1
7r9zsela,35,9pmn36zf,82,mock_N08_N04_Aonly,DiscussionGRPWaitPage,1773009946,7,0,1
7r9zsela,43,gzm9ampb,82,mock_N08_N04_Aonly,DiscussionGRPWaitPage,1773009946,7,0,1
7r9zsela,37,58hvptda,82,mock_N08_N04_Aonly,DiscussionGRPWaitPage,1773009946,7,0,1
7r9zsela,40,gybeh1qr,82,mock_N08_N04_Aonly,DiscussionGRPWaitPage,1773009946,7,0,1
7r9zsela,41,g34ccqcc,82,mock_N08_N04_Aonly,DiscussionGRPWaitPage,1773009946,7,0,1
7r9zsela,35,9pmn36zf,87,mock_N08_N04_Aonly,Discussion,1773009950,7,0,0
7r9zsela,43,gzm9ampb,87,mock_N08_N04_Aonly,Discussion,1773009950,7,0,0
7r9zsela,38,f2v8tays,87,mock_N08_N04_Aonly,Discussion,1773009952,7,0,0
7r9zsela,37,58hvptda,87,mock_N08_N04_Aonly,Discussion,1773009953,7,0,0
7r9zsela,31,6pbbuf94,87,mock_N08_N04_Aonly,Discussion,1773009953,7,0,0
7r9zsela,40,gybeh1qr,87,mock_N08_N04_Aonly,Discussion,1773009957,7,0,0
7r9zsela,41,g34ccqcc,87,mock_N08_N04_Aonly,Discussion,1773009958,7,0,0
7r9zsela,45,2pe7x39h,6,presurvey,TrainingNeighbor_1,1773009962,1,0,0
7r9zsela,32,zj04l2bn,87,mock_N08_N04_Aonly,Discussion,1773009964,7,0,0
7r9zsela,31,6pbbuf94,93,mock_N08_N04_Aonly,DiscussionGRPWaitPage,1773009964,8,0,1
7r9zsela,32,zj04l2bn,93,mock_N08_N04_Aonly,DiscussionGRPWaitPage,1773009964,8,0,1
7r9zsela,38,f2v8tays,93,mock_N08_N04_Aonly,DiscussionGRPWaitPage,1773009964,8,0,1
7r9zsela,43,gzm9ampb,93,mock_N08_N04_Aonly,DiscussionGRPWaitPage,1773009964,8,0,1
7r9zsela,35,9pmn36zf,93,mock_N08_N04_Aonly,DiscussionGRPWaitPage,1773009964,8,0,1
7r9zsela,37,58hvptda,93,mock_N08_N04_Aonly,DiscussionGRPWaitPage,1773009964,8,0,1
7r9zsela,40,gybeh1qr,93,mock_N08_N04_Aonly,DiscussionGRPWaitPage,1773009964,8,0,1
7r9zsela,41,g34ccqcc,93,mock_N08_N04_Aonly,DiscussionGRPWaitPage,1773009964,8,0,1
7r9zsela,43,gzm9ampb,98,mock_N08_N04_Aonly,Discussion,1773009967,8,0,0
7r9zsela,32,zj04l2bn,98,mock_N08_N04_Aonly,Discussion,1773009968,8,0,0
7r9zsela,35,9pmn36zf,98,mock_N08_N04_Aonly,Discussion,1773009969,8,0,0
7r9zsela,31,6pbbuf94,98,mock_N08_N04_Aonly,Discussion,1773009969,8,0,0
7r9zsela,41,g34ccqcc,98,mock_N08_N04_Aonly,Discussion,1773009970,8,0,0
7r9zsela,45,2pe7x39h,10,presurvey,ExperimentInstruction,1773009971,1,0,0
7r9zsela,46,ecet3gy1,6,presurvey,TrainingNeighbor_1,1773009971,1,0,0
7r9zsela,38,f2v8tays,98,mock_N08_N04_Aonly,Discussion,1773009971,8,0,0
7r9zsela,46,ecet3gy1,10,presurvey,ExperimentInstruction,1773009972,1,0,0
7r9zsela,40,gybeh1qr,98,mock_N08_N04_Aonly,Discussion,1773009972,8,0,0
7r9zsela,37,58hvptda,98,mock_N08_N04_Aonly,Discussion,1773009973,8,0,0
7r9zsela,31,6pbbuf94,104,mock_N08_N04_Aonly,DiscussionGRPWaitPage,1773009974,9,0,1
7r9zsela,32,zj04l2bn,104,mock_N08_N04_Aonly,DiscussionGRPWaitPage,1773009974,9,0,1
7r9zsela,38,f2v8tays,104,mock_N08_N04_Aonly,DiscussionGRPWaitPage,1773009974,9,0,1
7r9zsela,43,gzm9ampb,104,mock_N08_N04_Aonly,DiscussionGRPWaitPage,1773009974,9,0,1
7r9zsela,35,9pmn36zf,104,mock_N08_N04_Aonly,DiscussionGRPWaitPage,1773009974,9,0,1
7r9zsela,37,58hvptda,104,mock_N08_N04_Aonly,DiscussionGRPWaitPage,1773009974,9,0,1
7r9zsela,40,gybeh1qr,104,mock_N08_N04_Aonly,DiscussionGRPWaitPage,1773009974,9,0,1
7r9zsela,41,g34ccqcc,104,mock_N08_N04_Aonly,DiscussionGRPWaitPage,1773009974,9,0,1
7r9zsela,43,gzm9ampb,109,mock_N08_N04_Aonly,Discussion,1773009977,9,0,0
7r9zsela,31,6pbbuf94,109,mock_N08_N04_Aonly,Discussion,1773009978,9,0,0
7r9zsela,37,58hvptda,109,mock_N08_N04_Aonly,Discussion,1773009978,9,0,0
7r9zsela,38,f2v8tays,109,mock_N08_N04_Aonly,Discussion,1773009979,9,0,0
7r9zsela,35,9pmn36zf,109,mock_N08_N04_Aonly,Discussion,1773009979,9,0,0
7r9zsela,41,g34ccqcc,109,mock_N08_N04_Aonly,Discussion,1773009980,9,0,0
7r9zsela,40,gybeh1qr,109,mock_N08_N04_Aonly,Discussion,1773009981,9,0,0
7r9zsela,32,zj04l2bn,109,mock_N08_N04_Aonly,Discussion,1773009983,9,0,0
7r9zsela,31,6pbbuf94,115,mock_N08_N04_Aonly,DiscussionGRPWaitPage,1773009983,10,0,1
7r9zsela,32,zj04l2bn,115,mock_N08_N04_Aonly,DiscussionGRPWaitPage,1773009983,10,0,1
7r9zsela,38,f2v8tays,115,mock_N08_N04_Aonly,DiscussionGRPWaitPage,1773009983,10,0,1
7r9zsela,43,gzm9ampb,115,mock_N08_N04_Aonly,DiscussionGRPWaitPage,1773009983,10,0,1
7r9zsela,35,9pmn36zf,115,mock_N08_N04_Aonly,DiscussionGRPWaitPage,1773009983,10,0,1
7r9zsela,37,58hvptda,115,mock_N08_N04_Aonly,DiscussionGRPWaitPage,1773009983,10,0,1
7r9zsela,40,gybeh1qr,115,mock_N08_N04_Aonly,DiscussionGRPWaitPage,1773009983,10,0,1
7r9zsela,41,g34ccqcc,115,mock_N08_N04_Aonly,DiscussionGRPWaitPage,1773009983,10,0,1
7r9zsela,46,ecet3gy1,11,presurvey,Scenario,1773009983,1,0,0
7r9zsela,32,zj04l2bn,120,mock_N08_N04_Aonly,Discussion,1773009986,10,0,0
7r9zsela,31,6pbbuf94,120,mock_N08_N04_Aonly,Discussion,1773009986,10,0,0
7r9zsela,43,gzm9ampb,120,mock_N08_N04_Aonly,Discussion,1773009986,10,0,0
7r9zsela,38,f2v8tays,120,mock_N08_N04_Aonly,Discussion,1773009987,10,0,0
7r9zsela,37,58hvptda,120,mock_N08_N04_Aonly,Discussion,1773009987,10,0,0
7r9zsela,35,9pmn36zf,120,mock_N08_N04_Aonly,Discussion,1773009988,10,0,0
7r9zsela,40,gybeh1qr,120,mock_N08_N04_Aonly,Discussion,1773009989,10,0,0
7r9zsela,46,ecet3gy1,12,presurvey,Commitment,1773009990,1,0,0
7r9zsela,45,2pe7x39h,11,presurvey,Scenario,1773009996,1,0,0
7r9zsela,47,108epn18,0,,InitializeParticipant,1773010003,1,0,0
7r9zsela,41,g34ccqcc,120,mock_N08_N04_Aonly,Discussion,1773010016,10,1,0
7r9zsela,31,6pbbuf94,126,mock_N08_N04_Aonly,DiscussionGRPWaitPage,1773010017,11,0,1
7r9zsela,32,zj04l2bn,126,mock_N08_N04_Aonly,DiscussionGRPWaitPage,1773010017,11,0,1
7r9zsela,38,f2v8tays,126,mock_N08_N04_Aonly,DiscussionGRPWaitPage,1773010017,11,0,1
7r9zsela,43,gzm9ampb,126,mock_N08_N04_Aonly,DiscussionGRPWaitPage,1773010017,11,0,1
7r9zsela,35,9pmn36zf,126,mock_N08_N04_Aonly,DiscussionGRPWaitPage,1773010017,11,0,1
7r9zsela,37,58hvptda,126,mock_N08_N04_Aonly,DiscussionGRPWaitPage,1773010017,11,0,1
7r9zsela,40,gybeh1qr,126,mock_N08_N04_Aonly,DiscussionGRPWaitPage,1773010017,11,0,1
7r9zsela,41,g34ccqcc,126,mock_N08_N04_Aonly,DiscussionGRPWaitPage,1773010017,11,0,1
7r9zsela,43,gzm9ampb,131,mock_N08_N04_Aonly,Discussion,1773010019,11,0,0
7r9zsela,31,6pbbuf94,131,mock_N08_N04_Aonly,Discussion,1773010019,11,0,0
7r9zsela,37,58hvptda,131,mock_N08_N04_Aonly,Discussion,1773010021,11,0,0
7r9zsela,35,9pmn36zf,131,mock_N08_N04_Aonly,Discussion,1773010021,11,0,0
7r9zsela,32,zj04l2bn,131,mock_N08_N04_Aonly,Discussion,1773010022,11,0,0
7r9zsela,40,gybeh1qr,131,mock_N08_N04_Aonly,Discussion,1773010023,11,0,0
7r9zsela,41,g34ccqcc,131,mock_N08_N04_Aonly,Discussion,1773010024,11,0,0
7r9zsela,38,f2v8tays,131,mock_N08_N04_Aonly,Discussion,1773010024,11,0,0
7r9zsela,31,6pbbuf94,137,mock_N08_N04_Aonly,DiscussionGRPWaitPage,1773010025,12,0,1
7r9zsela,32,zj04l2bn,137,mock_N08_N04_Aonly,DiscussionGRPWaitPage,1773010025,12,0,1
7r9zsela,35,9pmn36zf,137,mock_N08_N04_Aonly,DiscussionGRPWaitPage,1773010025,12,0,1
7r9zsela,38,f2v8tays,137,mock_N08_N04_Aonly,DiscussionGRPWaitPage,1773010025,12,0,1
7r9zsela,43,gzm9ampb,137,mock_N08_N04_Aonly,DiscussionGRPWaitPage,1773010025,12,0,1
7r9zsela,37,58hvptda,137,mock_N08_N04_Aonly,DiscussionGRPWaitPage,1773010025,12,0,1
7r9zsela,40,gybeh1qr,137,mock_N08_N04_Aonly,DiscussionGRPWaitPage,1773010025,12,0,1
7r9zsela,41,g34ccqcc,137,mock_N08_N04_Aonly,DiscussionGRPWaitPage,1773010025,12,0,1
7r9zsela,43,gzm9ampb,142,mock_N08_N04_Aonly,Discussion,1773010027,12,0,0
7r9zsela,47,108epn18,1,presurvey,Introduction,1773010027,1,0,0
7r9zsela,40,gybeh1qr,142,mock_N08_N04_Aonly,Discussion,1773010029,12,0,0
7r9zsela,37,58hvptda,142,mock_N08_N04_Aonly,Discussion,1773010029,12,0,0
7r9zsela,38,f2v8tays,142,mock_N08_N04_Aonly,Discussion,1773010030,12,0,0
7r9zsela,31,6pbbuf94,142,mock_N08_N04_Aonly,Discussion,1773010030,12,0,0
7r9zsela,35,9pmn36zf,142,mock_N08_N04_Aonly,Discussion,1773010031,12,0,0
7r9zsela,41,g34ccqcc,142,mock_N08_N04_Aonly,Discussion,1773010031,12,0,0
7r9zsela,45,2pe7x39h,12,presurvey,Commitment,1773010031,1,0,0
7r9zsela,32,zj04l2bn,142,mock_N08_N04_Aonly,Discussion,1773010035,12,0,0
7r9zsela,31,6pbbuf94,148,mock_N08_N04_Aonly,DiscussionGRPWaitPage,1773010035,13,0,1
7r9zsela,32,zj04l2bn,148,mock_N08_N04_Aonly,DiscussionGRPWaitPage,1773010035,13,0,1
7r9zsela,38,f2v8tays,148,mock_N08_N04_Aonly,DiscussionGRPWaitPage,1773010035,13,0,1
7r9zsela,43,gzm9ampb,148,mock_N08_N04_Aonly,DiscussionGRPWaitPage,1773010035,13,0,1
7r9zsela,35,9pmn36zf,148,mock_N08_N04_Aonly,DiscussionGRPWaitPage,1773010035,13,0,1
7r9zsela,37,58hvptda,148,mock_N08_N04_Aonly,DiscussionGRPWaitPage,1773010035,13,0,1
7r9zsela,40,gybeh1qr,148,mock_N08_N04_Aonly,DiscussionGRPWaitPage,1773010035,13,0,1
7r9zsela,41,g34ccqcc,148,mock_N08_N04_Aonly,DiscussionGRPWaitPage,1773010035,13,0,1
7r9zsela,43,gzm9ampb,153,mock_N08_N04_Aonly,Discussion,1773010037,13,0,0
7r9zsela,37,58hvptda,153,mock_N08_N04_Aonly,Discussion,1773010038,13,0,0
7r9zsela,31,6pbbuf94,153,mock_N08_N04_Aonly,Discussion,1773010038,13,0,0
7r9zsela,40,gybeh1qr,153,mock_N08_N04_Aonly,Discussion,1773010041,13,0,0
7r9zsela,41,g34ccqcc,153,mock_N08_N04_Aonly,Discussion,1773010041,13,0,0
7r9zsela,35,9pmn36zf,153,mock_N08_N04_Aonly,Discussion,1773010041,13,0,0
7r9zsela,32,zj04l2bn,153,mock_N08_N04_Aonly,Discussion,1773010042,13,0,0
7r9zsela,38,f2v8tays,153,mock_N08_N04_Aonly,Discussion,1773010045,13,0,0
7r9zsela,31,6pbbuf94,159,mock_N08_N04_Aonly,DiscussionGRPWaitPage,1773010046,14,0,1
7r9zsela,32,zj04l2bn,159,mock_N08_N04_Aonly,DiscussionGRPWaitPage,1773010046,14,0,1
7r9zsela,38,f2v8tays,159,mock_N08_N04_Aonly,DiscussionGRPWaitPage,1773010046,14,0,1
7r9zsela,43,gzm9ampb,159,mock_N08_N04_Aonly,DiscussionGRPWaitPage,1773010046,14,0,1
7r9zsela,35,9pmn36zf,159,mock_N08_N04_Aonly,DiscussionGRPWaitPage,1773010046,14,0,1
7r9zsela,37,58hvptda,159,mock_N08_N04_Aonly,DiscussionGRPWaitPage,1773010046,14,0,1
7r9zsela,40,gybeh1qr,159,mock_N08_N04_Aonly,DiscussionGRPWaitPage,1773010046,14,0,1
7r9zsela,41,g34ccqcc,159,mock_N08_N04_Aonly,DiscussionGRPWaitPage,1773010046,14,0,1
7r9zsela,43,gzm9ampb,164,mock_N08_N04_Aonly,Discussion,1773010048,14,0,0
7r9zsela,35,9pmn36zf,164,mock_N08_N04_Aonly,Discussion,1773010048,14,0,0
7r9zsela,31,6pbbuf94,164,mock_N08_N04_Aonly,Discussion,1773010049,14,0,0
7r9zsela,37,58hvptda,164,mock_N08_N04_Aonly,Discussion,1773010049,14,0,0
7r9zsela,38,f2v8tays,164,mock_N08_N04_Aonly,Discussion,1773010049,14,0,0
7r9zsela,41,g34ccqcc,164,mock_N08_N04_Aonly,Discussion,1773010051,14,0,0
7r9zsela,40,gybeh1qr,164,mock_N08_N04_Aonly,Discussion,1773010051,14,0,0
7r9zsela,32,zj04l2bn,164,mock_N08_N04_Aonly,Discussion,1773010051,14,0,0
7r9zsela,31,6pbbuf94,170,mock_N08_N04_Aonly,DiscussionGRPWaitPage,1773010051,15,0,1
7r9zsela,32,zj04l2bn,170,mock_N08_N04_Aonly,DiscussionGRPWaitPage,1773010051,15,0,1
7r9zsela,38,f2v8tays,170,mock_N08_N04_Aonly,DiscussionGRPWaitPage,1773010051,15,0,1
7r9zsela,43,gzm9ampb,170,mock_N08_N04_Aonly,DiscussionGRPWaitPage,1773010051,15,0,1
7r9zsela,35,9pmn36zf,170,mock_N08_N04_Aonly,DiscussionGRPWaitPage,1773010051,15,0,1
7r9zsela,37,58hvptda,170,mock_N08_N04_Aonly,DiscussionGRPWaitPage,1773010051,15,0,1
7r9zsela,40,gybeh1qr,170,mock_N08_N04_Aonly,DiscussionGRPWaitPage,1773010051,15,0,1
7r9zsela,41,g34ccqcc,170,mock_N08_N04_Aonly,DiscussionGRPWaitPage,1773010051,15,0,1
7r9zsela,31,6pbbuf94,175,mock_N08_N04_Aonly,Discussion,1773010054,15,0,0
7r9zsela,43,gzm9ampb,175,mock_N08_N04_Aonly,Discussion,1773010054,15,0,0
7r9zsela,35,9pmn36zf,175,mock_N08_N04_Aonly,Discussion,1773010054,15,0,0
7r9zsela,40,gybeh1qr,175,mock_N08_N04_Aonly,Discussion,1773010055,15,0,0
7r9zsela,32,zj04l2bn,175,mock_N08_N04_Aonly,Discussion,1773010055,15,0,0
7r9zsela,41,g34ccqcc,175,mock_N08_N04_Aonly,Discussion,1773010055,15,0,0
7r9zsela,38,f2v8tays,175,mock_N08_N04_Aonly,Discussion,1773010055,15,0,0
7r9zsela,37,58hvptda,175,mock_N08_N04_Aonly,Discussion,1773010056,15,0,0
7r9zsela,31,6pbbuf94,181,mock_N08_N04_Aonly,DiscussionGRPWaitPage,1773010056,16,0,1
7r9zsela,32,zj04l2bn,181,mock_N08_N04_Aonly,DiscussionGRPWaitPage,1773010056,16,0,1
7r9zsela,38,f2v8tays,181,mock_N08_N04_Aonly,DiscussionGRPWaitPage,1773010056,16,0,1
7r9zsela,43,gzm9ampb,181,mock_N08_N04_Aonly,DiscussionGRPWaitPage,1773010056,16,0,1
7r9zsela,35,9pmn36zf,181,mock_N08_N04_Aonly,DiscussionGRPWaitPage,1773010056,16,0,1
7r9zsela,37,58hvptda,181,mock_N08_N04_Aonly,DiscussionGRPWaitPage,1773010056,16,0,1
7r9zsela,40,gybeh1qr,181,mock_N08_N04_Aonly,DiscussionGRPWaitPage,1773010056,16,0,1
7r9zsela,41,g34ccqcc,181,mock_N08_N04_Aonly,DiscussionGRPWaitPage,1773010056,16,0,1
7r9zsela,43,gzm9ampb,186,mock_N08_N04_Aonly,Discussion,1773010059,16,0,0
7r9zsela,35,9pmn36zf,186,mock_N08_N04_Aonly,Discussion,1773010060,16,0,0
7r9zsela,38,f2v8tays,186,mock_N08_N04_Aonly,Discussion,1773010060,16,0,0
7r9zsela,37,58hvptda,186,mock_N08_N04_Aonly,Discussion,1773010060,16,0,0
7r9zsela,41,g34ccqcc,186,mock_N08_N04_Aonly,Discussion,1773010061,16,0,0
7r9zsela,40,gybeh1qr,186,mock_N08_N04_Aonly,Discussion,1773010061,16,0,0
7r9zsela,31,6pbbuf94,186,mock_N08_N04_Aonly,Discussion,1773010062,16,0,0
7r9zsela,32,zj04l2bn,186,mock_N08_N04_Aonly,Discussion,1773010063,16,0,0
7r9zsela,31,6pbbuf94,192,mock_N08_N04_Aonly,DiscussionGRPWaitPage,1773010063,17,0,1
7r9zsela,32,zj04l2bn,192,mock_N08_N04_Aonly,DiscussionGRPWaitPage,1773010063,17,0,1
7r9zsela,38,f2v8tays,192,mock_N08_N04_Aonly,DiscussionGRPWaitPage,1773010063,17,0,1
7r9zsela,43,gzm9ampb,192,mock_N08_N04_Aonly,DiscussionGRPWaitPage,1773010063,17,0,1
7r9zsela,35,9pmn36zf,192,mock_N08_N04_Aonly,DiscussionGRPWaitPage,1773010063,17,0,1
7r9zsela,37,58hvptda,192,mock_N08_N04_Aonly,DiscussionGRPWaitPage,1773010063,17,0,1
7r9zsela,40,gybeh1qr,192,mock_N08_N04_Aonly,DiscussionGRPWaitPage,1773010063,17,0,1
7r9zsela,41,g34ccqcc,192,mock_N08_N04_Aonly,DiscussionGRPWaitPage,1773010063,17,0,1
7r9zsela,43,gzm9ampb,197,mock_N08_N04_Aonly,Discussion,1773010065,17,0,0
7r9zsela,37,58hvptda,197,mock_N08_N04_Aonly,Discussion,1773010065,17,0,0
7r9zsela,31,6pbbuf94,197,mock_N08_N04_Aonly,Discussion,1773010065,17,0,0
7r9zsela,32,zj04l2bn,197,mock_N08_N04_Aonly,Discussion,1773010065,17,0,0
7r9zsela,38,f2v8tays,197,mock_N08_N04_Aonly,Discussion,1773010066,17,0,0
7r9zsela,35,9pmn36zf,197,mock_N08_N04_Aonly,Discussion,1773010066,17,0,0
7r9zsela,40,gybeh1qr,197,mock_N08_N04_Aonly,Discussion,1773010068,17,0,0
7r9zsela,47,108epn18,2,presurvey,AudioCheck,1773010069,1,0,0
7r9zsela,41,g34ccqcc,197,mock_N08_N04_Aonly,Discussion,1773010075,17,0,0
7r9zsela,31,6pbbuf94,203,mock_N08_N04_Aonly,DiscussionGRPWaitPage,1773010076,18,0,1
7r9zsela,32,zj04l2bn,203,mock_N08_N04_Aonly,DiscussionGRPWaitPage,1773010076,18,0,1
7r9zsela,38,f2v8tays,203,mock_N08_N04_Aonly,DiscussionGRPWaitPage,1773010076,18,0,1
7r9zsela,43,gzm9ampb,203,mock_N08_N04_Aonly,DiscussionGRPWaitPage,1773010076,18,0,1
7r9zsela,35,9pmn36zf,203,mock_N08_N04_Aonly,DiscussionGRPWaitPage,1773010076,18,0,1
7r9zsela,37,58hvptda,203,mock_N08_N04_Aonly,DiscussionGRPWaitPage,1773010076,18,0,1
7r9zsela,40,gybeh1qr,203,mock_N08_N04_Aonly,DiscussionGRPWaitPage,1773010076,18,0,1
7r9zsela,41,g34ccqcc,203,mock_N08_N04_Aonly,DiscussionGRPWaitPage,1773010076,18,0,1
7r9zsela,43,gzm9ampb,208,mock_N08_N04_Aonly,Discussion,1773010078,18,0,0
7r9zsela,35,9pmn36zf,208,mock_N08_N04_Aonly,Discussion,1773010079,18,0,0
7r9zsela,41,g34ccqcc,208,mock_N08_N04_Aonly,Discussion,1773010079,18,0,0
7r9zsela,37,58hvptda,208,mock_N08_N04_Aonly,Discussion,1773010079,18,0,0
7r9zsela,31,6pbbuf94,208,mock_N08_N04_Aonly,Discussion,1773010080,18,0,0
7r9zsela,40,gybeh1qr,208,mock_N08_N04_Aonly,Discussion,1773010080,18,0,0
7r9zsela,38,f2v8tays,208,mock_N08_N04_Aonly,Discussion,1773010081,18,0,0
7r9zsela,32,zj04l2bn,208,mock_N08_N04_Aonly,Discussion,1773010081,18,0,0
7r9zsela,31,6pbbuf94,214,mock_N08_N04_Aonly,DiscussionGRPWaitPage,1773010082,19,0,1
7r9zsela,32,zj04l2bn,214,mock_N08_N04_Aonly,DiscussionGRPWaitPage,1773010082,19,0,1
7r9zsela,38,f2v8tays,214,mock_N08_N04_Aonly,DiscussionGRPWaitPage,1773010082,19,0,1
7r9zsela,43,gzm9ampb,214,mock_N08_N04_Aonly,DiscussionGRPWaitPage,1773010082,19,0,1
7r9zsela,35,9pmn36zf,214,mock_N08_N04_Aonly,DiscussionGRPWaitPage,1773010082,19,0,1
7r9zsela,37,58hvptda,214,mock_N08_N04_Aonly,DiscussionGRPWaitPage,1773010082,19,0,1
7r9zsela,40,gybeh1qr,214,mock_N08_N04_Aonly,DiscussionGRPWaitPage,1773010082,19,0,1
7r9zsela,41,g34ccqcc,214,mock_N08_N04_Aonly,DiscussionGRPWaitPage,1773010082,19,0,1
7r9zsela,43,gzm9ampb,219,mock_N08_N04_Aonly,Discussion,1773010084,19,0,0
7r9zsela,35,9pmn36zf,219,mock_N08_N04_Aonly,Discussion,1773010085,19,0,0
7r9zsela,38,f2v8tays,219,mock_N08_N04_Aonly,Discussion,1773010085,19,0,0
7r9zsela,37,58hvptda,219,mock_N08_N04_Aonly,Discussion,1773010085,19,0,0
7r9zsela,32,zj04l2bn,219,mock_N08_N04_Aonly,Discussion,1773010086,19,0,0
7r9zsela,41,g34ccqcc,219,mock_N08_N04_Aonly,Discussion,1773010087,19,0,0
7r9zsela,40,gybeh1qr,219,mock_N08_N04_Aonly,Discussion,1773010087,19,0,0
7r9zsela,31,6pbbuf94,219,mock_N08_N04_Aonly,Discussion,1773010088,19,0,0
7r9zsela,31,6pbbuf94,225,mock_N08_N04_Aonly,DiscussionGRPWaitPage,1773010088,20,0,1
7r9zsela,32,zj04l2bn,225,mock_N08_N04_Aonly,DiscussionGRPWaitPage,1773010088,20,0,1
7r9zsela,38,f2v8tays,225,mock_N08_N04_Aonly,DiscussionGRPWaitPage,1773010088,20,0,1
7r9zsela,43,gzm9ampb,225,mock_N08_N04_Aonly,DiscussionGRPWaitPage,1773010088,20,0,1
7r9zsela,35,9pmn36zf,225,mock_N08_N04_Aonly,DiscussionGRPWaitPage,1773010088,20,0,1
7r9zsela,37,58hvptda,225,mock_N08_N04_Aonly,DiscussionGRPWaitPage,1773010088,20,0,1
7r9zsela,40,gybeh1qr,225,mock_N08_N04_Aonly,DiscussionGRPWaitPage,1773010088,20,0,1
7r9zsela,41,g34ccqcc,225,mock_N08_N04_Aonly,DiscussionGRPWaitPage,1773010088,20,0,1
7r9zsela,47,108epn18,3,presurvey,Demographics,1773010089,1,0,0
7r9zsela,43,gzm9ampb,230,mock_N08_N04_Aonly,Discussion,1773010090,20,0,0
7r9zsela,31,6pbbuf94,230,mock_N08_N04_Aonly,Discussion,1773010091,20,0,0
7r9zsela,38,f2v8tays,230,mock_N08_N04_Aonly,Discussion,1773010091,20,0,0
7r9zsela,35,9pmn36zf,230,mock_N08_N04_Aonly,Discussion,1773010091,20,0,0
7r9zsela,37,58hvptda,230,mock_N08_N04_Aonly,Discussion,1773010091,20,0,0
7r9zsela,40,gybeh1qr,230,mock_N08_N04_Aonly,Discussion,1773010092,20,0,0
7r9zsela,32,zj04l2bn,230,mock_N08_N04_Aonly,Discussion,1773010093,20,0,0
7r9zsela,41,g34ccqcc,230,mock_N08_N04_Aonly,Discussion,1773010094,20,0,0
7r9zsela,43,gzm9ampb,231,mock_N08_N04_Aonly,FinalRoundWaitPage,1773010095,20,0,1
7r9zsela,31,6pbbuf94,231,mock_N08_N04_Aonly,FinalRoundWaitPage,1773010095,20,0,1
7r9zsela,38,f2v8tays,231,mock_N08_N04_Aonly,FinalRoundWaitPage,1773010095,20,0,1
7r9zsela,35,9pmn36zf,231,mock_N08_N04_Aonly,FinalRoundWaitPage,1773010095,20,0,1
7r9zsela,37,58hvptda,231,mock_N08_N04_Aonly,FinalRoundWaitPage,1773010095,20,0,1
7r9zsela,40,gybeh1qr,231,mock_N08_N04_Aonly,FinalRoundWaitPage,1773010095,20,0,1
7r9zsela,32,zj04l2bn,231,mock_N08_N04_Aonly,FinalRoundWaitPage,1773010095,20,0,1
7r9zsela,41,g34ccqcc,231,mock_N08_N04_Aonly,FinalRoundWaitPage,1773010095,20,0,1
7r9zsela,38,f2v8tays,232,mock_N08_N04_Aonly,FinalRound,1773010102,20,0,0
7r9zsela,31,6pbbuf94,232,mock_N08_N04_Aonly,FinalRound,1773010102,20,0,0
7r9zsela,35,9pmn36zf,232,mock_N08_N04_Aonly,FinalRound,1773010103,20,0,0
7r9zsela,40,gybeh1qr,232,mock_N08_N04_Aonly,FinalRound,1773010103,20,0,0
7r9zsela,47,108epn18,4,presurvey,NeighborhoodInstruction,1773010103,1,0,0
7r9zsela,37,58hvptda,232,mock_N08_N04_Aonly,FinalRound,1773010104,20,0,0
7r9zsela,43,gzm9ampb,232,mock_N08_N04_Aonly,FinalRound,1773010104,20,0,0
7r9zsela,32,zj04l2bn,232,mock_N08_N04_Aonly,FinalRound,1773010105,20,0,0
7r9zsela,47,108epn18,5,presurvey,Training,1773010111,1,0,0
7r9zsela,41,g34ccqcc,232,mock_N08_N04_Aonly,FinalRound,1773010111,20,0,0
7r9zsela,47,108epn18,6,presurvey,TrainingNeighbor_1,1773010135,1,0,0
7r9zsela,47,108epn18,10,presurvey,ExperimentInstruction,1773010140,1,0,0
7r9zsela,48,k9ca1ggt,0,,InitializeParticipant,1773010192,1,0,0
7r9zsela,47,108epn18,11,presurvey,Scenario,1773010200,1,0,0
7r9zsela,48,k9ca1ggt,1,presurvey,Introduction,1773010241,1,0,0
7r9zsela,49,n0ue7z0c,0,,InitializeParticipant,1773010303,1,0,0
7r9zsela,49,n0ue7z0c,1,presurvey,Introduction,1773010327,1,0,0
7r9zsela,50,5958mfmu,0,,InitializeParticipant,1773010335,1,0,0
7r9zsela,49,n0ue7z0c,2,presurvey,AudioCheck,1773010346,1,0,0
7r9zsela,50,5958mfmu,1,presurvey,Introduction,1773010366,1,0,0
7r9zsela,49,n0ue7z0c,3,presurvey,Demographics,1773010373,1,0,0
7r9zsela,49,n0ue7z0c,4,presurvey,NeighborhoodInstruction,1773010390,1,0,0
7r9zsela,50,5958mfmu,2,presurvey,AudioCheck,1773010392,1,0,0
7r9zsela,50,5958mfmu,3,presurvey,Demographics,1773010418,1,0,0
7r9zsela,49,n0ue7z0c,5,presurvey,Training,1773010418,1,0,0
7r9zsela,50,5958mfmu,4,presurvey,NeighborhoodInstruction,1773010438,1,0,0
7r9zsela,49,n0ue7z0c,6,presurvey,TrainingNeighbor_1,1773010445,1,0,0
7r9zsela,49,n0ue7z0c,10,presurvey,ExperimentInstruction,1773010451,1,0,0
7r9zsela,51,vzlq5ez8,0,,InitializeParticipant,1773010464,1,0,0
7r9zsela,51,vzlq5ez8,1,presurvey,Introduction,1773010468,1,0,0
7r9zsela,52,y7xihqma,0,,InitializeParticipant,1773010477,1,0,0
7r9zsela,51,vzlq5ez8,2,presurvey,AudioCheck,1773010478,1,0,0
7r9zsela,50,5958mfmu,5,presurvey,Training,1773010483,1,0,0
7r9zsela,49,n0ue7z0c,11,presurvey,Scenario,1773010492,1,0,0
7r9zsela,51,vzlq5ez8,3,presurvey,Demographics,1773010494,1,0,0
7r9zsela,51,vzlq5ez8,4,presurvey,NeighborhoodInstruction,1773010496,1,0,0
7r9zsela,51,vzlq5ez8,5,presurvey,Training,1773010499,1,0,0
7r9zsela,52,y7xihqma,1,presurvey,Introduction,1773010501,1,0,0
7r9zsela,51,vzlq5ez8,6,presurvey,TrainingNeighbor_1,1773010510,1,0,0
7r9zsela,51,vzlq5ez8,7,presurvey,TrainingNeighbor_2,1773010515,1,0,0
7r9zsela,51,vzlq5ez8,10,presurvey,ExperimentInstruction,1773010518,1,0,0
7r9zsela,52,y7xihqma,2,presurvey,AudioCheck,1773010519,1,0,0
7r9zsela,50,5958mfmu,6,presurvey,TrainingNeighbor_1,1773010522,1,0,0
7r9zsela,51,vzlq5ez8,11,presurvey,Scenario,1773010529,1,0,0
7r9zsela,50,5958mfmu,7,presurvey,TrainingNeighbor_2,1773010532,1,0,0
7r9zsela,52,y7xihqma,3,presurvey,Demographics,1773010532,1,0,0
7r9zsela,50,5958mfmu,10,presurvey,ExperimentInstruction,1773010539,1,0,0
7r9zsela,50,5958mfmu,11,presurvey,Scenario,1773010560,1,0,0
7r9zsela,53,zyfpub1d,0,,InitializeParticipant,1773010561,1,0,0
7r9zsela,52,y7xihqma,4,presurvey,NeighborhoodInstruction,1773010564,1,0,0
7r9zsela,54,6mjrz8b3,0,,InitializeParticipant,1773010565,1,0,0
7r9zsela,55,bhs9w1sc,0,,InitializeParticipant,1773010574,1,0,0
7r9zsela,54,6mjrz8b3,1,presurvey,Introduction,1773010578,1,0,0
7r9zsela,55,bhs9w1sc,1,presurvey,Introduction,1773010580,1,0,0
7r9zsela,53,zyfpub1d,1,presurvey,Introduction,1773010580,1,0,0
7r9zsela,52,y7xihqma,5,presurvey,Training,1773010590,1,0,0
7r9zsela,50,5958mfmu,12,presurvey,Commitment,1773010591,1,0,0
7r9zsela,53,zyfpub1d,2,presurvey,AudioCheck,1773010597,1,0,0
7r9zsela,54,6mjrz8b3,2,presurvey,AudioCheck,1773010597,1,0,0
7r9zsela,55,bhs9w1sc,2,presurvey,AudioCheck,1773010605,1,0,0
7r9zsela,53,zyfpub1d,3,presurvey,Demographics,1773010612,1,0,0
7r9zsela,54,6mjrz8b3,3,presurvey,Demographics,1773010615,1,0,0
7r9zsela,55,bhs9w1sc,3,presurvey,Demographics,1773010621,1,0,0
7r9zsela,54,6mjrz8b3,4,presurvey,NeighborhoodInstruction,1773010629,1,0,0
7r9zsela,52,y7xihqma,6,presurvey,TrainingNeighbor_1,1773010637,1,0,0
7r9zsela,55,bhs9w1sc,4,presurvey,NeighborhoodInstruction,1773010641,1,0,0
7r9zsela,52,y7xihqma,7,presurvey,TrainingNeighbor_2,1773010645,1,0,0
7r9zsela,47,108epn18,12,presurvey,Commitment,1773010649,1,0,0
7r9zsela,52,y7xihqma,10,presurvey,ExperimentInstruction,1773010650,1,0,0
7r9zsela,54,6mjrz8b3,5,presurvey,Training,1773010655,1,0,0
7r9zsela,55,bhs9w1sc,5,presurvey,Training,1773010667,1,0,0
7r9zsela,53,zyfpub1d,4,presurvey,NeighborhoodInstruction,1773010684,1,0,0
7r9zsela,54,6mjrz8b3,6,presurvey,TrainingNeighbor_1,1773010703,1,0,0
7r9zsela,52,y7xihqma,11,presurvey,Scenario,1773010709,1,0,0
7r9zsela,55,bhs9w1sc,6,presurvey,TrainingNeighbor_1,1773010713,1,0,0
7r9zsela,54,6mjrz8b3,7,presurvey,TrainingNeighbor_2,1773010714,1,0,0
7r9zsela,54,6mjrz8b3,10,presurvey,ExperimentInstruction,1773010719,1,0,0
7r9zsela,55,bhs9w1sc,10,presurvey,ExperimentInstruction,1773010721,1,0,0
7r9zsela,54,6mjrz8b3,11,presurvey,Scenario,1773010747,1,0,0
7r9zsela,55,bhs9w1sc,11,presurvey,Scenario,1773010754,1,0,0
7r9zsela,55,bhs9w1sc,12,presurvey,Commitment,1773010785,1,0,0
7r9zsela,54,6mjrz8b3,12,presurvey,Commitment,1773010797,1,0,0
7r9zsela,56,aiqx1e0q,0,,InitializeParticipant,1773010811,1,0,0
7r9zsela,56,aiqx1e0q,1,presurvey,Introduction,1773010820,1,0,0
7r9zsela,56,aiqx1e0q,2,presurvey,AudioCheck,1773010832,1,0,0
7r9zsela,56,aiqx1e0q,3,presurvey,Demographics,1773010846,1,0,0
7r9zsela,56,aiqx1e0q,4,presurvey,NeighborhoodInstruction,1773010864,1,0,0
7r9zsela,56,aiqx1e0q,5,presurvey,Training,1773010884,1,0,0
7r9zsela,56,aiqx1e0q,6,presurvey,TrainingNeighbor_1,1773010910,1,0,0
7r9zsela,56,aiqx1e0q,10,presurvey,ExperimentInstruction,1773010920,1,0,0
7r9zsela,56,aiqx1e0q,11,presurvey,Scenario,1773010942,1,0,0
7r9zsela,57,n8j1jh6t,0,,InitializeParticipant,1773010973,1,0,0
7r9zsela,58,phis33bc,0,,InitializeParticipant,1773010973,1,0,0
7r9zsela,53,zyfpub1d,5,presurvey,Training,1773010998,1,0,0
7r9zsela,57,n8j1jh6t,1,presurvey,Introduction,1773011008,1,0,0
7r9zsela,57,n8j1jh6t,2,presurvey,AudioCheck,1773011021,1,0,0
7r9zsela,44,a1vgndd9,13,mock_N08_N04_Aonly,GroupingWaitPage,1773011025,1,0,1
7r9zsela,44,a1vgndd9,14,mock_N08_N04_Aonly,GroupSizeWaitPage,1773011026,1,0,1
7r9zsela,42,blv6aj9b,13,mock_N08_N04_Aonly,GroupingWaitPage,1773011032,1,0,1
7r9zsela,42,blv6aj9b,14,mock_N08_N04_Aonly,GroupSizeWaitPage,1773011033,1,0,1
7r9zsela,44,a1vgndd9,15,mock_N08_N04_Aonly,AttentionCheck,1773011033,1,0,0
7r9zsela,59,49dd2f97,0,,InitializeParticipant,1773011034,1,0,0
7r9zsela,42,blv6aj9b,15,mock_N08_N04_Aonly,AttentionCheck,1773011038,1,0,0
7r9zsela,60,cymzc9x2,0,,InitializeParticipant,1773011044,1,0,0
7r9zsela,61,w7oet92o,0,,InitializeParticipant,1773011047,1,0,0
7r9zsela,57,n8j1jh6t,3,presurvey,Demographics,1773011050,1,0,0
7r9zsela,60,cymzc9x2,1,presurvey,Introduction,1773011051,1,0,0
7r9zsela,59,49dd2f97,1,presurvey,Introduction,1773011052,1,0,0
7r9zsela,61,w7oet92o,1,presurvey,Introduction,1773011054,1,0,0
7r9zsela,57,n8j1jh6t,4,presurvey,NeighborhoodInstruction,1773011059,1,0,0
7r9zsela,62,qhqf8el3,0,,InitializeParticipant,1773011065,1,0,0
7r9zsela,63,zgd9sy8h,0,,InitializeParticipant,1773011067,1,0,0
7r9zsela,63,zgd9sy8h,1,presurvey,Introduction,1773011070,1,0,0
7r9zsela,60,cymzc9x2,2,presurvey,AudioCheck,1773011076,1,0,0
7r9zsela,53,zyfpub1d,6,presurvey,TrainingNeighbor_1,1773011077,1,0,0
7r9zsela,59,49dd2f97,2,presurvey,AudioCheck,1773011078,1,0,0
7r9zsela,57,n8j1jh6t,5,presurvey,Training,1773011086,1,0,0
7r9zsela,62,qhqf8el3,1,presurvey,Introduction,1773011093,1,0,0
7r9zsela,60,cymzc9x2,3,presurvey,Demographics,1773011093,1,0,0
7r9zsela,53,zyfpub1d,7,presurvey,TrainingNeighbor_2,1773011094,1,0,0
7r9zsela,59,49dd2f97,3,presurvey,Demographics,1773011097,1,0,0
7r9zsela,63,zgd9sy8h,2,presurvey,AudioCheck,1773011110,1,0,0
7r9zsela,60,cymzc9x2,4,presurvey,NeighborhoodInstruction,1773011119,1,0,0
7r9zsela,57,n8j1jh6t,6,presurvey,TrainingNeighbor_1,1773011119,1,0,0
7r9zsela,62,qhqf8el3,2,presurvey,AudioCheck,1773011125,1,0,0
7r9zsela,63,zgd9sy8h,3,presurvey,Demographics,1773011126,1,0,0
7r9zsela,59,49dd2f97,4,presurvey,NeighborhoodInstruction,1773011135,1,0,0
7r9zsela,57,n8j1jh6t,10,presurvey,ExperimentInstruction,1773011136,1,0,0
7r9zsela,62,qhqf8el3,3,presurvey,Demographics,1773011138,1,0,0
7r9zsela,63,zgd9sy8h,4,presurvey,NeighborhoodInstruction,1773011152,1,0,0
7r9zsela,57,n8j1jh6t,11,presurvey,Scenario,1773011162,1,0,0
7r9zsela,60,cymzc9x2,5,presurvey,Training,1773011169,1,0,0
7r9zsela,62,qhqf8el3,4,presurvey,NeighborhoodInstruction,1773011178,1,0,0
7r9zsela,63,zgd9sy8h,5,presurvey,Training,1773011181,1,0,0
7r9zsela,64,swh99p6a,0,,InitializeParticipant,1773011182,1,0,0
7r9zsela,46,ecet3gy1,13,mock_N08_N04_Aonly,GroupingWaitPage,1773011191,1,0,1
7r9zsela,64,swh99p6a,1,presurvey,Introduction,1773011191,1,0,0
7r9zsela,46,ecet3gy1,14,mock_N08_N04_Aonly,GroupSizeWaitPage,1773011192,1,0,1
7r9zsela,65,y8403yo5,0,,InitializeParticipant,1773011192,1,0,0
7r9zsela,65,y8403yo5,1,presurvey,Introduction,1773011199,1,0,0
7r9zsela,64,swh99p6a,2,presurvey,AudioCheck,1773011206,1,0,0
7r9zsela,46,ecet3gy1,15,mock_N08_N04_Aonly,AttentionCheck,1773011208,1,0,0
7r9zsela,64,swh99p6a,3,presurvey,Demographics,1773011215,1,0,0
7r9zsela,59,49dd2f97,5,presurvey,Training,1773011218,1,0,0
7r9zsela,62,qhqf8el3,5,presurvey,Training,1773011218,1,0,0
7r9zsela,63,zgd9sy8h,6,presurvey,TrainingNeighbor_1,1773011225,1,0,0
7r9zsela,63,zgd9sy8h,10,presurvey,ExperimentInstruction,1773011228,1,0,0
7r9zsela,45,2pe7x39h,13,mock_N08_N04_Aonly,GroupingWaitPage,1773011232,1,0,1
7r9zsela,60,cymzc9x2,6,presurvey,TrainingNeighbor_1,1773011233,1,0,0
7r9zsela,45,2pe7x39h,14,mock_N08_N04_Aonly,GroupSizeWaitPage,1773011233,1,0,1
7r9zsela,45,2pe7x39h,15,mock_N08_N04_Aonly,AttentionCheck,1773011239,1,0,0
7r9zsela,64,swh99p6a,4,presurvey,NeighborhoodInstruction,1773011248,1,0,0
7r9zsela,65,y8403yo5,2,presurvey,AudioCheck,1773011248,1,0,0
7r9zsela,60,cymzc9x2,7,presurvey,TrainingNeighbor_2,1773011249,1,0,0
7r9zsela,62,qhqf8el3,6,presurvey,TrainingNeighbor_1,1773011252,1,0,0
7r9zsela,60,cymzc9x2,10,presurvey,ExperimentInstruction,1773011265,1,0,0
7r9zsela,59,49dd2f97,6,presurvey,TrainingNeighbor_1,1773011274,1,0,0
7r9zsela,62,qhqf8el3,7,presurvey,TrainingNeighbor_2,1773011276,1,0,0
7r9zsela,65,y8403yo5,3,presurvey,Demographics,1773011276,1,0,0
7r9zsela,53,zyfpub1d,10,presurvey,ExperimentInstruction,1773011280,1,0,0
7r9zsela,64,swh99p6a,5,presurvey,Training,1773011281,1,0,0
7r9zsela,62,qhqf8el3,10,presurvey,ExperimentInstruction,1773011286,1,0,0
7r9zsela,66,u9naxafm,0,,InitializeParticipant,1773011287,1,0,0
7r9zsela,67,uumso5cl,0,,InitializeParticipant,1773011290,1,0,0
7r9zsela,66,u9naxafm,1,presurvey,Introduction,1773011293,1,0,0
7r9zsela,60,cymzc9x2,11,presurvey,Scenario,1773011293,1,0,0
7r9zsela,59,49dd2f97,7,presurvey,TrainingNeighbor_2,1773011299,1,0,0
7r9zsela,67,uumso5cl,1,presurvey,Introduction,1773011304,1,0,0
7r9zsela,64,swh99p6a,6,presurvey,TrainingNeighbor_1,1773011306,1,0,0
7r9zsela,65,y8403yo5,4,presurvey,NeighborhoodInstruction,1773011311,1,0,0
7r9zsela,64,swh99p6a,10,presurvey,ExperimentInstruction,1773011317,1,0,0
7r9zsela,67,uumso5cl,2,presurvey,AudioCheck,1773011317,1,0,0
7r9zsela,66,u9naxafm,2,presurvey,AudioCheck,1773011317,1,0,0
7r9zsela,59,49dd2f97,10,presurvey,ExperimentInstruction,1773011318,1,0,0
7r9zsela,66,u9naxafm,3,presurvey,Demographics,1773011331,1,0,0
7r9zsela,67,uumso5cl,3,presurvey,Demographics,1773011332,1,0,0
7r9zsela,60,cymzc9x2,12,presurvey,Commitment,1773011337,1,0,0
7r9zsela,66,u9naxafm,4,presurvey,NeighborhoodInstruction,1773011337,1,0,0
7r9zsela,65,y8403yo5,5,presurvey,Training,1773011345,1,0,0
7r9zsela,66,u9naxafm,5,presurvey,Training,1773011345,1,0,0
7r9zsela,67,uumso5cl,4,presurvey,NeighborhoodInstruction,1773011350,1,0,0
7r9zsela,64,swh99p6a,11,presurvey,Scenario,1773011350,1,0,0
7r9zsela,62,qhqf8el3,11,presurvey,Scenario,1773011358,1,0,0
7r9zsela,66,u9naxafm,6,presurvey,TrainingNeighbor_1,1773011366,1,0,0
7r9zsela,66,u9naxafm,7,presurvey,TrainingNeighbor_2,1773011371,1,0,0
7r9zsela,65,y8403yo5,6,presurvey,TrainingNeighbor_1,1773011375,1,0,0
7r9zsela,66,u9naxafm,10,presurvey,ExperimentInstruction,1773011375,1,0,0
7r9zsela,59,49dd2f97,11,presurvey,Scenario,1773011376,1,0,0
7r9zsela,67,uumso5cl,5,presurvey,Training,1773011382,1,0,0
7r9zsela,65,y8403yo5,10,presurvey,ExperimentInstruction,1773011386,1,0,0
7r9zsela,67,uumso5cl,6,presurvey,TrainingNeighbor_1,1773011396,1,0,0
7r9zsela,53,zyfpub1d,11,presurvey,Scenario,1773011397,1,0,0
7r9zsela,66,u9naxafm,11,presurvey,Scenario,1773011399,1,0,0
7r9zsela,67,uumso5cl,10,presurvey,ExperimentInstruction,1773011402,1,0,0
7r9zsela,62,qhqf8el3,12,presurvey,Commitment,1773011404,1,0,0
7r9zsela,66,u9naxafm,12,presurvey,Commitment,1773011421,1,0,0
7r9zsela,67,uumso5cl,11,presurvey,Scenario,1773011433,1,0,0
7r9zsela,68,mf31ztgf,0,,InitializeParticipant,1773011446,1,0,0
7r9zsela,68,mf31ztgf,1,presurvey,Introduction,1773011468,1,0,0
7r9zsela,65,y8403yo5,11,presurvey,Scenario,1773011481,1,0,0
7r9zsela,68,mf31ztgf,2,presurvey,AudioCheck,1773011498,1,0,0
7r9zsela,69,di6dz5qu,0,,InitializeParticipant,1773011501,1,0,0
7r9zsela,68,mf31ztgf,3,presurvey,Demographics,1773011523,1,0,0
7r9zsela,69,di6dz5qu,1,presurvey,Introduction,1773011526,1,0,0
7r9zsela,69,di6dz5qu,2,presurvey,AudioCheck,1773011539,1,0,0
7r9zsela,68,mf31ztgf,4,presurvey,NeighborhoodInstruction,1773011545,1,0,0
7r9zsela,69,di6dz5qu,3,presurvey,Demographics,1773011552,1,0,0
7r9zsela,69,di6dz5qu,4,presurvey,NeighborhoodInstruction,1773011560,1,0,0
7r9zsela,68,mf31ztgf,5,presurvey,Training,1773011573,1,0,0
7r9zsela,65,y8403yo5,12,presurvey,Commitment,1773011574,1,0,0
7r9zsela,70,rd7m16zb,0,,InitializeParticipant,1773011577,1,0,0
7r9zsela,69,di6dz5qu,5,presurvey,Training,1773011597,1,0,0
7r9zsela,71,kwowsd72,0,,InitializeParticipant,1773011611,1,0,0
7r9zsela,70,rd7m16zb,1,presurvey,Introduction,1773011616,1,0,0
7r9zsela,69,di6dz5qu,6,presurvey,TrainingNeighbor_1,1773011619,1,0,0
7r9zsela,72,9ltsefxy,0,,InitializeParticipant,1773011624,1,0,0
7r9zsela,73,doomgg6p,0,,InitializeParticipant,1773011625,1,0,0
7r9zsela,69,di6dz5qu,7,presurvey,TrainingNeighbor_2,1773011625,1,0,0
7r9zsela,72,9ltsefxy,1,presurvey,Introduction,1773011628,1,0,0
7r9zsela,73,doomgg6p,1,presurvey,Introduction,1773011629,1,0,0
7r9zsela,69,di6dz5qu,10,presurvey,ExperimentInstruction,1773011629,1,0,0
7r9zsela,72,9ltsefxy,2,presurvey,AudioCheck,1773011636,1,0,0
7r9zsela,68,mf31ztgf,6,presurvey,TrainingNeighbor_1,1773011636,1,0,0
7r9zsela,72,9ltsefxy,3,presurvey,Demographics,1773011645,1,0,0
7r9zsela,71,kwowsd72,1,presurvey,Introduction,1773011647,1,0,0
7r9zsela,74,bryhawnr,0,,InitializeParticipant,1773011648,1,0,0
7r9zsela,68,mf31ztgf,10,presurvey,ExperimentInstruction,1773011648,1,0,0
7r9zsela,70,rd7m16zb,2,presurvey,AudioCheck,1773011648,1,0,0
7r9zsela,72,9ltsefxy,4,presurvey,NeighborhoodInstruction,1773011649,1,0,0
7r9zsela,73,doomgg6p,2,presurvey,AudioCheck,1773011652,1,0,0
7r9zsela,74,bryhawnr,1,presurvey,Introduction,1773011654,1,0,0
7r9zsela,72,9ltsefxy,5,presurvey,Training,1773011657,1,0,0
7r9zsela,69,di6dz5qu,11,presurvey,Scenario,1773011659,1,0,0
7r9zsela,63,zgd9sy8h,11,presurvey,Scenario,1773011663,1,0,0
7r9zsela,74,bryhawnr,2,presurvey,AudioCheck,1773011666,1,0,0
7r9zsela,70,rd7m16zb,3,presurvey,Demographics,1773011667,1,0,0
7r9zsela,73,doomgg6p,3,presurvey,Demographics,1773011668,1,0,0
7r9zsela,72,9ltsefxy,6,presurvey,TrainingNeighbor_1,1773011678,1,0,0
7r9zsela,68,mf31ztgf,11,presurvey,Scenario,1773011681,1,0,0
7r9zsela,72,9ltsefxy,10,presurvey,ExperimentInstruction,1773011681,1,0,0
7r9zsela,74,bryhawnr,3,presurvey,Demographics,1773011684,1,0,0
7r9zsela,73,doomgg6p,4,presurvey,NeighborhoodInstruction,1773011686,1,0,0
7r9zsela,70,rd7m16zb,4,presurvey,NeighborhoodInstruction,1773011689,1,0,0
7r9zsela,72,9ltsefxy,11,presurvey,Scenario,1773011695,1,0,0
7r9zsela,69,di6dz5qu,12,presurvey,Commitment,1773011704,1,0,0
7r9zsela,74,bryhawnr,4,presurvey,NeighborhoodInstruction,1773011705,1,0,0
7r9zsela,73,doomgg6p,5,presurvey,Training,1773011710,1,0,0
7r9zsela,70,rd7m16zb,5,presurvey,Training,1773011712,1,0,0
7r9zsela,75,hl5pw2i6,0,,InitializeParticipant,1773011713,1,0,0
7r9zsela,76,wxth4w87,0,,InitializeParticipant,1773011713,1,0,0
7r9zsela,75,hl5pw2i6,1,presurvey,Introduction,1773011716,1,0,0
7r9zsela,68,mf31ztgf,12,presurvey,Commitment,1773011725,1,0,0
7r9zsela,75,hl5pw2i6,2,presurvey,AudioCheck,1773011727,1,0,0
7r9zsela,77,9hec8txm,0,,InitializeParticipant,1773011727,1,0,0
7r9zsela,74,bryhawnr,5,presurvey,Training,1773011728,1,0,0
7r9zsela,50,5958mfmu,13,mock_N08_N04_Aonly,GroupingWaitPage,1773011732,1,0,1
7r9zsela,50,5958mfmu,14,mock_N08_N04_Aonly,GroupSizeWaitPage,1773011734,1,0,1
7r9zsela,77,9hec8txm,1,presurvey,Introduction,1773011735,1,0,0
7r9zsela,75,hl5pw2i6,3,presurvey,Demographics,1773011737,1,0,0
7r9zsela,50,5958mfmu,15,mock_N08_N04_Aonly,AttentionCheck,1773011739,1,0,0
7r9zsela,76,wxth4w87,1,presurvey,Introduction,1773011742,1,0,0
7r9zsela,74,bryhawnr,6,presurvey,TrainingNeighbor_1,1773011748,1,0,0
7r9zsela,73,doomgg6p,6,presurvey,TrainingNeighbor_1,1773011753,1,0,0
7r9zsela,71,kwowsd72,2,presurvey,AudioCheck,1773011755,1,0,0
7r9zsela,73,doomgg6p,10,presurvey,ExperimentInstruction,1773011755,1,0,0
7r9zsela,74,bryhawnr,10,presurvey,ExperimentInstruction,1773011757,1,0,0
7r9zsela,75,hl5pw2i6,4,presurvey,NeighborhoodInstruction,1773011758,1,0,0
7r9zsela,77,9hec8txm,2,presurvey,AudioCheck,1773011763,1,0,0
7r9zsela,70,rd7m16zb,6,presurvey,TrainingNeighbor_1,1773011772,1,0,0
7r9zsela,76,wxth4w87,2,presurvey,AudioCheck,1773011774,1,0,0
7r9zsela,75,hl5pw2i6,5,presurvey,Training,1773011777,1,0,0
7r9zsela,74,bryhawnr,11,presurvey,Scenario,1773011780,1,0,0
7r9zsela,77,9hec8txm,3,presurvey,Demographics,1773011780,1,0,0
7r9zsela,70,rd7m16zb,10,presurvey,ExperimentInstruction,1773011784,1,0,0
7r9zsela,76,wxth4w87,3,presurvey,Demographics,1773011789,1,0,0
7r9zsela,47,108epn18,13,mock_N08_N04_Aonly,GroupingWaitPage,1773011793,1,0,1
7r9zsela,47,108epn18,14,mock_N08_N04_Aonly,GroupSizeWaitPage,1773011794,1,0,1
7r9zsela,71,kwowsd72,3,presurvey,Demographics,1773011799,1,0,0
7r9zsela,74,bryhawnr,12,presurvey,Commitment,1773011803,1,0,0
7r9zsela,76,wxth4w87,4,presurvey,NeighborhoodInstruction,1773011805,1,0,0
7r9zsela,77,9hec8txm,4,presurvey,NeighborhoodInstruction,1773011807,1,0,0
7r9zsela,73,doomgg6p,11,presurvey,Scenario,1773011814,1,0,0
7r9zsela,75,hl5pw2i6,6,presurvey,TrainingNeighbor_1,1773011829,1,0,0
7r9zsela,47,108epn18,15,mock_N08_N04_Aonly,AttentionCheck,1773011829,1,1,0
7r9zsela,70,rd7m16zb,11,presurvey,Scenario,1773011832,1,0,0
7r9zsela,75,hl5pw2i6,7,presurvey,TrainingNeighbor_2,1773011837,1,0,0
7r9zsela,75,hl5pw2i6,10,presurvey,ExperimentInstruction,1773011840,1,0,0
7r9zsela,73,doomgg6p,12,presurvey,Commitment,1773011850,1,0,0
7r9zsela,77,9hec8txm,5,presurvey,Training,1773011855,1,0,0
7r9zsela,71,kwowsd72,4,presurvey,NeighborhoodInstruction,1773011856,1,0,0
7r9zsela,76,wxth4w87,5,presurvey,Training,1773011859,1,0,0
7r9zsela,78,s7jtt66w,0,,InitializeParticipant,1773011859,1,0,0
7r9zsela,75,hl5pw2i6,11,presurvey,Scenario,1773011863,1,0,0
7r9zsela,71,kwowsd72,5,presurvey,Training,1773011888,1,0,0
7r9zsela,61,w7oet92o,2,presurvey,AudioCheck,1773011905,1,0,0
7r9zsela,79,ov66ov3p,0,,InitializeParticipant,1773011906,1,0,0
7r9zsela,76,wxth4w87,6,presurvey,TrainingNeighbor_1,1773011918,1,0,0
7r9zsela,55,bhs9w1sc,13,mock_N08_N04_Aonly,GroupingWaitPage,1773011927,1,0,1
7r9zsela,55,bhs9w1sc,14,mock_N08_N04_Aonly,GroupSizeWaitPage,1773011928,1,0,1
7r9zsela,76,wxth4w87,7,presurvey,TrainingNeighbor_2,1773011928,1,0,0
7r9zsela,55,bhs9w1sc,15,mock_N08_N04_Aonly,AttentionCheck,1773011937,1,0,0
7r9zsela,76,wxth4w87,10,presurvey,ExperimentInstruction,1773011943,1,0,0
7r9zsela,80,jhdxyyhn,0,,InitializeParticipant,1773011951,1,0,0
7r9zsela,79,ov66ov3p,1,presurvey,Introduction,1773011961,1,0,0
7r9zsela,77,9hec8txm,6,presurvey,TrainingNeighbor_1,1773011962,1,0,0
7r9zsela,81,ielss8j3,0,,InitializeParticipant,1773011962,1,0,0
7r9zsela,80,jhdxyyhn,1,presurvey,Introduction,1773011964,1,0,0
7r9zsela,81,ielss8j3,1,presurvey,Introduction,1773011965,1,0,0
7r9zsela,71,kwowsd72,6,presurvey,TrainingNeighbor_1,1773011967,1,0,0
7r9zsela,78,s7jtt66w,1,presurvey,Introduction,1773011976,1,0,0
7r9zsela,77,9hec8txm,7,presurvey,TrainingNeighbor_2,1773011977,1,0,0
7r9zsela,80,jhdxyyhn,2,presurvey,AudioCheck,1773011983,1,0,0
7r9zsela,79,ov66ov3p,2,presurvey,AudioCheck,1773011983,1,0,0
7r9zsela,71,kwowsd72,7,presurvey,TrainingNeighbor_2,1773011985,1,0,0
7r9zsela,76,wxth4w87,11,presurvey,Scenario,1773011989,1,0,0
7r9zsela,71,kwowsd72,10,presurvey,ExperimentInstruction,1773011992,1,0,0
7r9zsela,61,w7oet92o,3,presurvey,Demographics,1773011994,1,0,0
7r9zsela,61,w7oet92o,4,presurvey,NeighborhoodInstruction,1773011999,1,0,0
7r9zsela,82,vjaqjddd,0,,InitializeParticipant,1773012000,1,0,0
7r9zsela,61,w7oet92o,5,presurvey,Training,1773012002,1,0,0
7r9zsela,80,jhdxyyhn,3,presurvey,Demographics,1773012003,1,0,0
7r9zsela,77,9hec8txm,10,presurvey,ExperimentInstruction,1773012005,1,0,0
7r9zsela,79,ov66ov3p,3,presurvey,Demographics,1773012009,1,0,0
7r9zsela,78,s7jtt66w,2,presurvey,AudioCheck,1773012009,1,0,0
7r9zsela,80,jhdxyyhn,4,presurvey,NeighborhoodInstruction,1773012018,1,0,0
7r9zsela,61,w7oet92o,6,presurvey,TrainingNeighbor_1,1773012019,1,0,0
7r9zsela,61,w7oet92o,7,presurvey,TrainingNeighbor_2,1773012026,1,0,0
7r9zsela,78,s7jtt66w,3,presurvey,Demographics,1773012027,1,0,0
7r9zsela,79,ov66ov3p,4,presurvey,NeighborhoodInstruction,1773012028,1,0,0
7r9zsela,83,sn2aerab,0,,InitializeParticipant,1773012032,1,0,0
7r9zsela,71,kwowsd72,11,presurvey,Scenario,1773012035,1,0,0
7r9zsela,76,wxth4w87,12,presurvey,Commitment,1773012035,1,0,0
7r9zsela,60,cymzc9x2,13,mock_N08_N04_Aonly,GroupingWaitPage,1773012038,1,0,1
7r9zsela,62,qhqf8el3,13,mock_N08_N04_Aonly,GroupingWaitPage,1773012038,1,0,1
7r9zsela,65,y8403yo5,13,mock_N08_N04_Aonly,GroupingWaitPage,1773012038,1,0,1
7r9zsela,66,u9naxafm,13,mock_N08_N04_Aonly,GroupingWaitPage,1773012038,1,0,1
7r9zsela,68,mf31ztgf,13,mock_N08_N04_Aonly,GroupingWaitPage,1773012038,1,0,1
7r9zsela,73,doomgg6p,13,mock_N08_N04_Aonly,GroupingWaitPage,1773012038,1,0,1
7r9zsela,74,bryhawnr,13,mock_N08_N04_Aonly,GroupingWaitPage,1773012038,1,0,1
7r9zsela,76,wxth4w87,13,mock_N08_N04_Aonly,GroupingWaitPage,1773012038,1,0,1
7r9zsela,60,cymzc9x2,14,mock_N08_N04_Aonly,GroupSizeWaitPage,1773012038,1,0,1
7r9zsela,62,qhqf8el3,14,mock_N08_N04_Aonly,GroupSizeWaitPage,1773012038,1,0,1
7r9zsela,65,y8403yo5,14,mock_N08_N04_Aonly,GroupSizeWaitPage,1773012038,1,0,1
7r9zsela,66,u9naxafm,14,mock_N08_N04_Aonly,GroupSizeWaitPage,1773012038,1,0,1
7r9zsela,68,mf31ztgf,14,mock_N08_N04_Aonly,GroupSizeWaitPage,1773012038,1,0,1
7r9zsela,73,doomgg6p,14,mock_N08_N04_Aonly,GroupSizeWaitPage,1773012038,1,0,1
7r9zsela,74,bryhawnr,14,mock_N08_N04_Aonly,GroupSizeWaitPage,1773012038,1,0,1
7r9zsela,76,wxth4w87,14,mock_N08_N04_Aonly,GroupSizeWaitPage,1773012038,1,0,1
7r9zsela,66,u9naxafm,16,mock_N08_N04_Aonly,DiscussionGRPWaitPage,1773012040,1,0,1
7r9zsela,68,mf31ztgf,16,mock_N08_N04_Aonly,DiscussionGRPWaitPage,1773012040,1,0,1
7r9zsela,73,doomgg6p,16,mock_N08_N04_Aonly,DiscussionGRPWaitPage,1773012040,1,0,1
7r9zsela,60,cymzc9x2,16,mock_N08_N04_Aonly,DiscussionGRPWaitPage,1773012040,1,0,1
7r9zsela,76,wxth4w87,16,mock_N08_N04_Aonly,DiscussionGRPWaitPage,1773012040,1,0,1
7r9zsela,62,qhqf8el3,16,mock_N08_N04_Aonly,DiscussionGRPWaitPage,1773012040,1,0,1
7r9zsela,65,y8403yo5,16,mock_N08_N04_Aonly,DiscussionGRPWaitPage,1773012040,1,0,1
7r9zsela,74,bryhawnr,16,mock_N08_N04_Aonly,DiscussionGRPWaitPage,1773012040,1,0,1
7r9zsela,82,vjaqjddd,1,presurvey,Introduction,1773012043,1,0,0
7r9zsela,80,jhdxyyhn,5,presurvey,Training,1773012058,1,0,0
7r9zsela,82,vjaqjddd,2,presurvey,AudioCheck,1773012058,1,0,0
7r9zsela,68,mf31ztgf,17,mock_N08_N04_Aonly,Nudge,1773012059,1,0,0
7r9zsela,74,bryhawnr,17,mock_N08_N04_Aonly,Nudge,1773012060,1,0,0
7r9zsela,61,w7oet92o,10,presurvey,ExperimentInstruction,1773012060,1,0,0
7r9zsela,79,ov66ov3p,5,presurvey,Training,1773012063,1,0,0
7r9zsela,65,y8403yo5,17,mock_N08_N04_Aonly,Nudge,1773012065,1,0,0
7r9zsela,78,s7jtt66w,4,presurvey,NeighborhoodInstruction,1773012066,1,0,0
7r9zsela,73,doomgg6p,17,mock_N08_N04_Aonly,Nudge,1773012069,1,0,0
7r9zsela,60,cymzc9x2,17,mock_N08_N04_Aonly,Nudge,1773012070,1,0,0
7r9zsela,77,9hec8txm,11,presurvey,Scenario,1773012072,1,0,0
7r9zsela,74,bryhawnr,18,mock_N08_N04_Aonly,NudgeTraining,1773012075,1,0,0
7r9zsela,61,w7oet92o,11,presurvey,Scenario,1773012075,1,0,0
7r9zsela,60,cymzc9x2,18,mock_N08_N04_Aonly,NudgeTraining,1773012075,1,0,0
7r9zsela,68,mf31ztgf,18,mock_N08_N04_Aonly,NudgeTraining,1773012077,1,0,0
7r9zsela,73,doomgg6p,18,mock_N08_N04_Aonly,NudgeTraining,1773012078,1,0,0
7r9zsela,66,u9naxafm,17,mock_N08_N04_Aonly,Nudge,1773012078,1,0,0
7r9zsela,62,qhqf8el3,17,mock_N08_N04_Aonly,Nudge,1773012081,1,0,0
7r9zsela,82,vjaqjddd,3,presurvey,Demographics,1773012081,1,0,0
7r9zsela,65,y8403yo5,18,mock_N08_N04_Aonly,NudgeTraining,1773012085,1,0,0
7r9zsela,73,doomgg6p,19,mock_N08_N04_Aonly,NudgeTrainingLast,1773012086,1,0,0
7r9zsela,74,bryhawnr,19,mock_N08_N04_Aonly,NudgeTrainingLast,1773012087,1,0,0
7r9zsela,60,cymzc9x2,19,mock_N08_N04_Aonly,NudgeTrainingLast,1773012088,1,0,0
7r9zsela,80,jhdxyyhn,6,presurvey,TrainingNeighbor_1,1773012089,1,0,0
7r9zsela,66,u9naxafm,18,mock_N08_N04_Aonly,NudgeTraining,1773012092,1,0,0
7r9zsela,76,wxth4w87,17,mock_N08_N04_Aonly,Nudge,1773012093,1,0,0
7r9zsela,62,qhqf8el3,18,mock_N08_N04_Aonly,NudgeTraining,1773012093,1,0,0
7r9zsela,61,w7oet92o,12,presurvey,Commitment,1773012094,1,0,0
7r9zsela,73,doomgg6p,20,mock_N08_N04_Aonly,Phase3,1773012096,1,0,0
7r9zsela,79,ov66ov3p,6,presurvey,TrainingNeighbor_1,1773012098,1,0,0
7r9zsela,78,s7jtt66w,5,presurvey,Training,1773012099,1,0,0
7r9zsela,66,u9naxafm,19,mock_N08_N04_Aonly,NudgeTrainingLast,1773012100,1,0,0
7r9zsela,80,jhdxyyhn,10,presurvey,ExperimentInstruction,1773012101,1,0,0
7r9zsela,74,bryhawnr,20,mock_N08_N04_Aonly,Phase3,1773012101,1,0,0
7r9zsela,71,kwowsd72,12,presurvey,Commitment,1773012103,1,0,0
7r9zsela,82,vjaqjddd,4,presurvey,NeighborhoodInstruction,1773012104,1,0,0
7r9zsela,84,zahewo4x,0,,InitializeParticipant,1773012107,1,0,0
7r9zsela,79,ov66ov3p,10,presurvey,ExperimentInstruction,1773012109,1,0,0
7r9zsela,60,cymzc9x2,20,mock_N08_N04_Aonly,Phase3,1773012109,1,0,0
7r9zsela,62,qhqf8el3,19,mock_N08_N04_Aonly,NudgeTrainingLast,1773012110,1,0,0
7r9zsela,73,doomgg6p,21,mock_N08_N04_Aonly,Discussion,1773012111,1,0,0
7r9zsela,74,bryhawnr,21,mock_N08_N04_Aonly,Discussion,1773012114,1,0,0
7r9zsela,85,rdmnci4k,0,,InitializeParticipant,1773012114,1,0,0
7r9zsela,83,sn2aerab,1,presurvey,Introduction,1773012118,1,0,0
7r9zsela,76,wxth4w87,18,mock_N08_N04_Aonly,NudgeTraining,1773012118,1,0,0
7r9zsela,60,cymzc9x2,21,mock_N08_N04_Aonly,Discussion,1773012119,1,0,0
7r9zsela,66,u9naxafm,20,mock_N08_N04_Aonly,Phase3,1773012122,1,0,0
7r9zsela,84,zahewo4x,1,presurvey,Introduction,1773012123,1,0,0
7r9zsela,80,jhdxyyhn,11,presurvey,Scenario,1773012132,1,0,0
7r9zsela,66,u9naxafm,21,mock_N08_N04_Aonly,Discussion,1773012134,1,0,0
7r9zsela,77,9hec8txm,12,presurvey,Commitment,1773012134,1,0,0
7r9zsela,62,qhqf8el3,20,mock_N08_N04_Aonly,Phase3,1773012134,1,0,0
7r9zsela,76,wxth4w87,19,mock_N08_N04_Aonly,NudgeTrainingLast,1773012135,1,0,0
7r9zsela,83,sn2aerab,2,presurvey,AudioCheck,1773012138,1,0,0
7r9zsela,78,s7jtt66w,6,presurvey,TrainingNeighbor_1,1773012141,1,0,0
7r9zsela,83,sn2aerab,3,presurvey,Demographics,1773012146,1,0,0
7r9zsela,82,vjaqjddd,5,presurvey,Training,1773012148,1,0,0
7r9zsela,78,s7jtt66w,10,presurvey,ExperimentInstruction,1773012148,1,0,0
7r9zsela,85,rdmnci4k,1,presurvey,Introduction,1773012156,1,0,0
7r9zsela,83,sn2aerab,4,presurvey,NeighborhoodInstruction,1773012157,1,0,0
7r9zsela,62,qhqf8el3,21,mock_N08_N04_Aonly,Discussion,1773012160,1,0,0
7r9zsela,68,mf31ztgf,19,mock_N08_N04_Aonly,NudgeTrainingLast,1773012168,1,1,0
7r9zsela,76,wxth4w87,20,mock_N08_N04_Aonly,Phase3,1773012168,1,0,0
7r9zsela,80,jhdxyyhn,12,presurvey,Commitment,1773012170,1,0,0
7r9zsela,79,ov66ov3p,11,presurvey,Scenario,1773012170,1,0,0
7r9zsela,83,sn2aerab,5,presurvey,Training,1773012173,1,0,0
7r9zsela,78,s7jtt66w,11,presurvey,Scenario,1773012175,1,0,0
7r9zsela,65,y8403yo5,19,mock_N08_N04_Aonly,NudgeTrainingLast,1773012176,1,1,0
7r9zsela,83,sn2aerab,6,presurvey,TrainingNeighbor_1,1773012186,1,0,0
7r9zsela,76,wxth4w87,21,mock_N08_N04_Aonly,Discussion,1773012192,1,0,0
7r9zsela,83,sn2aerab,10,presurvey,ExperimentInstruction,1773012193,1,0,0
7r9zsela,68,mf31ztgf,20,mock_N08_N04_Aonly,Phase3,1773012194,1,0,0
7r9zsela,86,y4v7sax2,0,,InitializeParticipant,1773012198,1,0,0
7r9zsela,86,y4v7sax2,1,presurvey,Introduction,1773012201,1,0,0
7r9zsela,82,vjaqjddd,6,presurvey,TrainingNeighbor_1,1773012202,1,0,0
7r9zsela,84,zahewo4x,2,presurvey,AudioCheck,1773012204,1,0,0
7r9zsela,65,y8403yo5,20,mock_N08_N04_Aonly,Phase3,1773012208,1,0,0
7r9zsela,85,rdmnci4k,2,presurvey,AudioCheck,1773012210,1,0,0
7r9zsela,81,ielss8j3,2,presurvey,AudioCheck,1773012212,1,0,0
7r9zsela,82,vjaqjddd,10,presurvey,ExperimentInstruction,1773012214,1,0,0
7r9zsela,68,mf31ztgf,21,mock_N08_N04_Aonly,Discussion,1773012215,1,0,0
7r9zsela,83,sn2aerab,11,presurvey,Scenario,1773012218,1,0,0
7r9zsela,78,s7jtt66w,12,presurvey,Commitment,1773012219,1,0,0
7r9zsela,81,ielss8j3,3,presurvey,Demographics,1773012220,1,0,0
7r9zsela,86,y4v7sax2,2,presurvey,AudioCheck,1773012220,1,0,0
7r9zsela,86,y4v7sax2,3,presurvey,Demographics,1773012229,1,0,0
7r9zsela,65,y8403yo5,21,mock_N08_N04_Aonly,Discussion,1773012232,1,0,0
7r9zsela,66,u9naxafm,27,mock_N08_N04_Aonly,DiscussionGRPWaitPage,1773012232,2,0,1
7r9zsela,68,mf31ztgf,27,mock_N08_N04_Aonly,DiscussionGRPWaitPage,1773012232,2,0,1
7r9zsela,73,doomgg6p,27,mock_N08_N04_Aonly,DiscussionGRPWaitPage,1773012232,2,0,1
7r9zsela,76,wxth4w87,27,mock_N08_N04_Aonly,DiscussionGRPWaitPage,1773012232,2,0,1
7r9zsela,60,cymzc9x2,27,mock_N08_N04_Aonly,DiscussionGRPWaitPage,1773012232,2,0,1
7r9zsela,62,qhqf8el3,27,mock_N08_N04_Aonly,DiscussionGRPWaitPage,1773012232,2,0,1
7r9zsela,65,y8403yo5,27,mock_N08_N04_Aonly,DiscussionGRPWaitPage,1773012232,2,0,1
7r9zsela,74,bryhawnr,27,mock_N08_N04_Aonly,DiscussionGRPWaitPage,1773012232,2,0,1
7r9zsela,74,bryhawnr,32,mock_N08_N04_Aonly,Discussion,1773012239,2,0,0
7r9zsela,82,vjaqjddd,11,presurvey,Scenario,1773012240,1,0,0
7r9zsela,81,ielss8j3,4,presurvey,NeighborhoodInstruction,1773012240,1,0,0
7r9zsela,60,cymzc9x2,32,mock_N08_N04_Aonly,Discussion,1773012242,2,0,0
7r9zsela,68,mf31ztgf,32,mock_N08_N04_Aonly,Discussion,1773012244,2,0,0
7r9zsela,62,qhqf8el3,32,mock_N08_N04_Aonly,Discussion,1773012245,2,0,0
7r9zsela,65,y8403yo5,32,mock_N08_N04_Aonly,Discussion,1773012246,2,0,0
7r9zsela,85,rdmnci4k,3,presurvey,Demographics,1773012249,1,0,0
7r9zsela,86,y4v7sax2,4,presurvey,NeighborhoodInstruction,1773012251,1,0,0
7r9zsela,66,u9naxafm,32,mock_N08_N04_Aonly,Discussion,1773012253,2,0,0
7r9zsela,76,wxth4w87,32,mock_N08_N04_Aonly,Discussion,1773012267,2,0,0
7r9zsela,87,if9llr8r,0,,InitializeParticipant,1773012268,1,0,0
7r9zsela,73,doomgg6p,32,mock_N08_N04_Aonly,Discussion,1773012278,2,1,0
7r9zsela,66,u9naxafm,38,mock_N08_N04_Aonly,DiscussionGRPWaitPage,1773012278,3,0,1
7r9zsela,68,mf31ztgf,38,mock_N08_N04_Aonly,DiscussionGRPWaitPage,1773012278,3,0,1
7r9zsela,73,doomgg6p,38,mock_N08_N04_Aonly,DiscussionGRPWaitPage,1773012278,3,0,1
7r9zsela,76,wxth4w87,38,mock_N08_N04_Aonly,DiscussionGRPWaitPage,1773012278,3,0,1
7r9zsela,60,cymzc9x2,38,mock_N08_N04_Aonly,DiscussionGRPWaitPage,1773012278,3,0,1
7r9zsela,62,qhqf8el3,38,mock_N08_N04_Aonly,DiscussionGRPWaitPage,1773012278,3,0,1
7r9zsela,65,y8403yo5,38,mock_N08_N04_Aonly,DiscussionGRPWaitPage,1773012278,3,0,1
7r9zsela,74,bryhawnr,38,mock_N08_N04_Aonly,DiscussionGRPWaitPage,1773012278,3,0,1
7r9zsela,60,cymzc9x2,43,mock_N08_N04_Aonly,Discussion,1773012283,3,0,0
7r9zsela,68,mf31ztgf,43,mock_N08_N04_Aonly,Discussion,1773012284,3,0,0
7r9zsela,74,bryhawnr,43,mock_N08_N04_Aonly,Discussion,1773012286,3,0,0
7r9zsela,62,qhqf8el3,43,mock_N08_N04_Aonly,Discussion,1773012289,3,0,0
7r9zsela,81,ielss8j3,5,presurvey,Training,1773012294,1,0,0
7r9zsela,86,y4v7sax2,5,presurvey,Training,1773012296,1,0,0
7r9zsela,65,y8403yo5,43,mock_N08_N04_Aonly,Discussion,1773012300,3,0,0
7r9zsela,76,wxth4w87,43,mock_N08_N04_Aonly,Discussion,1773012304,3,0,0
7r9zsela,66,u9naxafm,43,mock_N08_N04_Aonly,Discussion,1773012306,3,0,0
7r9zsela,85,rdmnci4k,4,presurvey,NeighborhoodInstruction,1773012312,1,0,0
7r9zsela,73,doomgg6p,43,mock_N08_N04_Aonly,Discussion,1773012323,3,1,0
7r9zsela,86,y4v7sax2,6,presurvey,TrainingNeighbor_1,1773012323,1,0,0
7r9zsela,66,u9naxafm,49,mock_N08_N04_Aonly,DiscussionGRPWaitPage,1773012324,4,0,1
7r9zsela,76,wxth4w87,49,mock_N08_N04_Aonly,DiscussionGRPWaitPage,1773012324,4,0,1
7r9zsela,68,mf31ztgf,49,mock_N08_N04_Aonly,DiscussionGRPWaitPage,1773012324,4,0,1
7r9zsela,73,doomgg6p,49,mock_N08_N04_Aonly,DiscussionGRPWaitPage,1773012324,4,0,1
7r9zsela,60,cymzc9x2,49,mock_N08_N04_Aonly,DiscussionGRPWaitPage,1773012324,4,0,1
7r9zsela,62,qhqf8el3,49,mock_N08_N04_Aonly,DiscussionGRPWaitPage,1773012324,4,0,1
7r9zsela,65,y8403yo5,49,mock_N08_N04_Aonly,DiscussionGRPWaitPage,1773012324,4,0,1
7r9zsela,74,bryhawnr,49,mock_N08_N04_Aonly,DiscussionGRPWaitPage,1773012324,4,0,1
7r9zsela,60,cymzc9x2,54,mock_N08_N04_Aonly,Discussion,1773012328,4,0,0
7r9zsela,74,bryhawnr,54,mock_N08_N04_Aonly,Discussion,1773012330,4,0,0
7r9zsela,62,qhqf8el3,54,mock_N08_N04_Aonly,Discussion,1773012332,4,0,0
7r9zsela,66,u9naxafm,54,mock_N08_N04_Aonly,Discussion,1773012339,4,0,0
7r9zsela,65,y8403yo5,54,mock_N08_N04_Aonly,Discussion,1773012340,4,0,0
7r9zsela,68,mf31ztgf,54,mock_N08_N04_Aonly,Discussion,1773012340,4,0,0
7r9zsela,81,ielss8j3,6,presurvey,TrainingNeighbor_1,1773012345,1,0,0
7r9zsela,87,if9llr8r,1,presurvey,Introduction,1773012345,1,0,0
7r9zsela,76,wxth4w87,54,mock_N08_N04_Aonly,Discussion,1773012348,4,0,0
7r9zsela,81,ielss8j3,10,presurvey,ExperimentInstruction,1773012349,1,0,0
7r9zsela,82,vjaqjddd,12,presurvey,Commitment,1773012352,1,0,0
7r9zsela,85,rdmnci4k,5,presurvey,Training,1773012352,1,0,0
7r9zsela,73,doomgg6p,54,mock_N08_N04_Aonly,Discussion,1773012354,4,0,0
7r9zsela,66,u9naxafm,60,mock_N08_N04_Aonly,DiscussionGRPWaitPage,1773012354,5,0,1
7r9zsela,76,wxth4w87,60,mock_N08_N04_Aonly,DiscussionGRPWaitPage,1773012354,5,0,1
7r9zsela,68,mf31ztgf,60,mock_N08_N04_Aonly,DiscussionGRPWaitPage,1773012354,5,0,1
7r9zsela,73,doomgg6p,60,mock_N08_N04_Aonly,DiscussionGRPWaitPage,1773012354,5,0,1
7r9zsela,60,cymzc9x2,60,mock_N08_N04_Aonly,DiscussionGRPWaitPage,1773012354,5,0,1
7r9zsela,62,qhqf8el3,60,mock_N08_N04_Aonly,DiscussionGRPWaitPage,1773012354,5,0,1
7r9zsela,65,y8403yo5,60,mock_N08_N04_Aonly,DiscussionGRPWaitPage,1773012354,5,0,1
7r9zsela,74,bryhawnr,60,mock_N08_N04_Aonly,DiscussionGRPWaitPage,1773012354,5,0,1
7r9zsela,73,doomgg6p,65,mock_N08_N04_Aonly,Discussion,1773012358,5,0,0
7r9zsela,74,bryhawnr,65,mock_N08_N04_Aonly,Discussion,1773012359,5,0,0
7r9zsela,86,y4v7sax2,10,presurvey,ExperimentInstruction,1773012361,1,0,0
7r9zsela,62,qhqf8el3,65,mock_N08_N04_Aonly,Discussion,1773012363,5,0,0
7r9zsela,60,cymzc9x2,65,mock_N08_N04_Aonly,Discussion,1773012366,5,0,0
7r9zsela,68,mf31ztgf,65,mock_N08_N04_Aonly,Discussion,1773012367,5,0,0
7r9zsela,65,y8403yo5,65,mock_N08_N04_Aonly,Discussion,1773012368,5,0,0
7r9zsela,76,wxth4w87,65,mock_N08_N04_Aonly,Discussion,1773012373,5,0,0
7r9zsela,66,u9naxafm,65,mock_N08_N04_Aonly,Discussion,1773012374,5,0,0
7r9zsela,76,wxth4w87,71,mock_N08_N04_Aonly,DiscussionGRPWaitPage,1773012374,6,0,1
7r9zsela,74,bryhawnr,71,mock_N08_N04_Aonly,DiscussionGRPWaitPage,1773012374,6,0,1
7r9zsela,66,u9naxafm,71,mock_N08_N04_Aonly,DiscussionGRPWaitPage,1773012374,6,0,1
7r9zsela,68,mf31ztgf,71,mock_N08_N04_Aonly,DiscussionGRPWaitPage,1773012374,6,0,1
7r9zsela,73,doomgg6p,71,mock_N08_N04_Aonly,DiscussionGRPWaitPage,1773012374,6,0,1
7r9zsela,60,cymzc9x2,71,mock_N08_N04_Aonly,DiscussionGRPWaitPage,1773012374,6,0,1
7r9zsela,62,qhqf8el3,71,mock_N08_N04_Aonly,DiscussionGRPWaitPage,1773012374,6,0,1
7r9zsela,65,y8403yo5,71,mock_N08_N04_Aonly,DiscussionGRPWaitPage,1773012374,6,0,1
7r9zsela,87,if9llr8r,2,presurvey,AudioCheck,1773012375,1,0,0
7r9zsela,74,bryhawnr,76,mock_N08_N04_Aonly,Discussion,1773012378,6,0,0
7r9zsela,62,qhqf8el3,76,mock_N08_N04_Aonly,Discussion,1773012379,6,0,0
7r9zsela,60,cymzc9x2,76,mock_N08_N04_Aonly,Discussion,1773012380,6,0,0
7r9zsela,66,u9naxafm,76,mock_N08_N04_Aonly,Discussion,1773012381,6,0,0
7r9zsela,68,mf31ztgf,76,mock_N08_N04_Aonly,Discussion,1773012383,6,0,0
7r9zsela,76,wxth4w87,76,mock_N08_N04_Aonly,Discussion,1773012387,6,0,0
7r9zsela,65,y8403yo5,76,mock_N08_N04_Aonly,Discussion,1773012390,6,0,0
7r9zsela,86,y4v7sax2,11,presurvey,Scenario,1773012396,1,0,0
7r9zsela,87,if9llr8r,3,presurvey,Demographics,1773012401,1,0,0
7r9zsela,73,doomgg6p,76,mock_N08_N04_Aonly,Discussion,1773012405,6,1,0
7r9zsela,66,u9naxafm,82,mock_N08_N04_Aonly,DiscussionGRPWaitPage,1773012405,7,0,1
7r9zsela,73,doomgg6p,82,mock_N08_N04_Aonly,DiscussionGRPWaitPage,1773012405,7,0,1
7r9zsela,68,mf31ztgf,82,mock_N08_N04_Aonly,DiscussionGRPWaitPage,1773012405,7,0,1
7r9zsela,76,wxth4w87,82,mock_N08_N04_Aonly,DiscussionGRPWaitPage,1773012405,7,0,1
7r9zsela,60,cymzc9x2,82,mock_N08_N04_Aonly,DiscussionGRPWaitPage,1773012405,7,0,1
7r9zsela,62,qhqf8el3,82,mock_N08_N04_Aonly,DiscussionGRPWaitPage,1773012405,7,0,1
7r9zsela,65,y8403yo5,82,mock_N08_N04_Aonly,DiscussionGRPWaitPage,1773012405,7,0,1
7r9zsela,74,bryhawnr,82,mock_N08_N04_Aonly,DiscussionGRPWaitPage,1773012405,7,0,1
7r9zsela,74,bryhawnr,87,mock_N08_N04_Aonly,Discussion,1773012410,7,0,0
7r9zsela,60,cymzc9x2,87,mock_N08_N04_Aonly,Discussion,1773012411,7,0,0
7r9zsela,62,qhqf8el3,87,mock_N08_N04_Aonly,Discussion,1773012413,7,0,0
7r9zsela,66,u9naxafm,87,mock_N08_N04_Aonly,Discussion,1773012413,7,0,0
7r9zsela,65,y8403yo5,87,mock_N08_N04_Aonly,Discussion,1773012416,7,0,0
7r9zsela,68,mf31ztgf,87,mock_N08_N04_Aonly,Discussion,1773012420,7,0,0
7r9zsela,76,wxth4w87,87,mock_N08_N04_Aonly,Discussion,1773012422,7,0,0
7r9zsela,81,ielss8j3,11,presurvey,Scenario,1773012426,1,0,0
7r9zsela,73,doomgg6p,87,mock_N08_N04_Aonly,Discussion,1773012430,7,0,0
7r9zsela,60,cymzc9x2,93,mock_N08_N04_Aonly,DiscussionGRPWaitPage,1773012430,8,0,1
7r9zsela,66,u9naxafm,93,mock_N08_N04_Aonly,DiscussionGRPWaitPage,1773012430,8,0,1
7r9zsela,68,mf31ztgf,93,mock_N08_N04_Aonly,DiscussionGRPWaitPage,1773012430,8,0,1
7r9zsela,73,doomgg6p,93,mock_N08_N04_Aonly,DiscussionGRPWaitPage,1773012430,8,0,1
7r9zsela,76,wxth4w87,93,mock_N08_N04_Aonly,DiscussionGRPWaitPage,1773012430,8,0,1
7r9zsela,62,qhqf8el3,93,mock_N08_N04_Aonly,DiscussionGRPWaitPage,1773012430,8,0,1
7r9zsela,65,y8403yo5,93,mock_N08_N04_Aonly,DiscussionGRPWaitPage,1773012430,8,0,1
7r9zsela,74,bryhawnr,93,mock_N08_N04_Aonly,DiscussionGRPWaitPage,1773012430,8,0,1
7r9zsela,73,doomgg6p,98,mock_N08_N04_Aonly,Discussion,1773012433,8,0,0
7r9zsela,74,bryhawnr,98,mock_N08_N04_Aonly,Discussion,1773012434,8,0,0
7r9zsela,62,qhqf8el3,98,mock_N08_N04_Aonly,Discussion,1773012436,8,0,0
7r9zsela,60,cymzc9x2,98,mock_N08_N04_Aonly,Discussion,1773012436,8,0,0
7r9zsela,65,y8403yo5,98,mock_N08_N04_Aonly,Discussion,1773012437,8,0,0
7r9zsela,66,u9naxafm,98,mock_N08_N04_Aonly,Discussion,1773012439,8,0,0
7r9zsela,83,sn2aerab,12,presurvey,Commitment,1773012445,1,0,0
7r9zsela,76,wxth4w87,98,mock_N08_N04_Aonly,Discussion,1773012447,8,0,0
7r9zsela,68,mf31ztgf,98,mock_N08_N04_Aonly,Discussion,1773012450,8,0,0
7r9zsela,60,cymzc9x2,104,mock_N08_N04_Aonly,DiscussionGRPWaitPage,1773012451,9,0,1
7r9zsela,66,u9naxafm,104,mock_N08_N04_Aonly,DiscussionGRPWaitPage,1773012451,9,0,1
7r9zsela,68,mf31ztgf,104,mock_N08_N04_Aonly,DiscussionGRPWaitPage,1773012451,9,0,1
7r9zsela,73,doomgg6p,104,mock_N08_N04_Aonly,DiscussionGRPWaitPage,1773012451,9,0,1
7r9zsela,76,wxth4w87,104,mock_N08_N04_Aonly,DiscussionGRPWaitPage,1773012451,9,0,1
7r9zsela,62,qhqf8el3,104,mock_N08_N04_Aonly,DiscussionGRPWaitPage,1773012451,9,0,1
7r9zsela,65,y8403yo5,104,mock_N08_N04_Aonly,DiscussionGRPWaitPage,1773012451,9,0,1
7r9zsela,74,bryhawnr,104,mock_N08_N04_Aonly,DiscussionGRPWaitPage,1773012451,9,0,1
7r9zsela,87,if9llr8r,4,presurvey,NeighborhoodInstruction,1773012452,1,0,0
7r9zsela,62,qhqf8el3,109,mock_N08_N04_Aonly,Discussion,1773012456,9,0,0
7r9zsela,74,bryhawnr,109,mock_N08_N04_Aonly,Discussion,1773012456,9,0,0
7r9zsela,60,cymzc9x2,109,mock_N08_N04_Aonly,Discussion,1773012456,9,0,0
7r9zsela,85,rdmnci4k,6,presurvey,TrainingNeighbor_1,1773012458,1,0,0
7r9zsela,66,u9naxafm,109,mock_N08_N04_Aonly,Discussion,1773012459,9,0,0
7r9zsela,76,wxth4w87,109,mock_N08_N04_Aonly,Discussion,1773012462,9,0,0
7r9zsela,68,mf31ztgf,109,mock_N08_N04_Aonly,Discussion,1773012462,9,0,0
7r9zsela,65,y8403yo5,109,mock_N08_N04_Aonly,Discussion,1773012464,9,0,0
7r9zsela,88,8joemsb5,0,,InitializeParticipant,1773012468,1,0,0
7r9zsela,73,doomgg6p,109,mock_N08_N04_Aonly,Discussion,1773012482,9,1,0
7r9zsela,76,wxth4w87,115,mock_N08_N04_Aonly,DiscussionGRPWaitPage,1773012482,10,0,1
7r9zsela,74,bryhawnr,115,mock_N08_N04_Aonly,DiscussionGRPWaitPage,1773012482,10,0,1
7r9zsela,66,u9naxafm,115,mock_N08_N04_Aonly,DiscussionGRPWaitPage,1773012482,10,0,1
7r9zsela,68,mf31ztgf,115,mock_N08_N04_Aonly,DiscussionGRPWaitPage,1773012482,10,0,1
7r9zsela,73,doomgg6p,115,mock_N08_N04_Aonly,DiscussionGRPWaitPage,1773012482,10,0,1
7r9zsela,60,cymzc9x2,115,mock_N08_N04_Aonly,DiscussionGRPWaitPage,1773012482,10,0,1
7r9zsela,62,qhqf8el3,115,mock_N08_N04_Aonly,DiscussionGRPWaitPage,1773012482,10,0,1
7r9zsela,65,y8403yo5,115,mock_N08_N04_Aonly,DiscussionGRPWaitPage,1773012482,10,0,1
7r9zsela,74,bryhawnr,120,mock_N08_N04_Aonly,Discussion,1773012487,10,0,0
7r9zsela,62,qhqf8el3,120,mock_N08_N04_Aonly,Discussion,1773012487,10,0,0
7r9zsela,89,rn33izlt,0,,InitializeParticipant,1773012487,1,0,0
7r9zsela,60,cymzc9x2,120,mock_N08_N04_Aonly,Discussion,1773012488,10,0,0
7r9zsela,66,u9naxafm,120,mock_N08_N04_Aonly,Discussion,1773012492,10,0,0
7r9zsela,73,doomgg6p,120,mock_N08_N04_Aonly,Discussion,1773012492,10,0,0
7r9zsela,76,wxth4w87,120,mock_N08_N04_Aonly,Discussion,1773012498,10,0,0
7r9zsela,68,mf31ztgf,120,mock_N08_N04_Aonly,Discussion,1773012500,10,0,0
7r9zsela,65,y8403yo5,120,mock_N08_N04_Aonly,Discussion,1773012500,10,0,0
7r9zsela,66,u9naxafm,126,mock_N08_N04_Aonly,DiscussionGRPWaitPage,1773012500,11,0,1
7r9zsela,76,wxth4w87,126,mock_N08_N04_Aonly,DiscussionGRPWaitPage,1773012500,11,0,1
7r9zsela,74,bryhawnr,126,mock_N08_N04_Aonly,DiscussionGRPWaitPage,1773012500,11,0,1
7r9zsela,68,mf31ztgf,126,mock_N08_N04_Aonly,DiscussionGRPWaitPage,1773012500,11,0,1
7r9zsela,73,doomgg6p,126,mock_N08_N04_Aonly,DiscussionGRPWaitPage,1773012500,11,0,1
7r9zsela,60,cymzc9x2,126,mock_N08_N04_Aonly,DiscussionGRPWaitPage,1773012500,11,0,1
7r9zsela,62,qhqf8el3,126,mock_N08_N04_Aonly,DiscussionGRPWaitPage,1773012500,11,0,1
7r9zsela,65,y8403yo5,126,mock_N08_N04_Aonly,DiscussionGRPWaitPage,1773012500,11,0,1
7r9zsela,74,bryhawnr,131,mock_N08_N04_Aonly,Discussion,1773012505,11,0,0
7r9zsela,60,cymzc9x2,131,mock_N08_N04_Aonly,Discussion,1773012506,11,0,0
7r9zsela,73,doomgg6p,131,mock_N08_N04_Aonly,Discussion,1773012507,11,0,0
7r9zsela,62,qhqf8el3,131,mock_N08_N04_Aonly,Discussion,1773012508,11,0,0
7r9zsela,88,8joemsb5,1,presurvey,Introduction,1773012508,1,0,0
7r9zsela,89,rn33izlt,1,presurvey,Introduction,1773012509,1,0,0
7r9zsela,66,u9naxafm,131,mock_N08_N04_Aonly,Discussion,1773012510,11,0,0
7r9zsela,68,mf31ztgf,131,mock_N08_N04_Aonly,Discussion,1773012510,11,0,0
7r9zsela,65,y8403yo5,131,mock_N08_N04_Aonly,Discussion,1773012511,11,0,0
7r9zsela,76,wxth4w87,131,mock_N08_N04_Aonly,Discussion,1773012517,11,0,0
7r9zsela,66,u9naxafm,137,mock_N08_N04_Aonly,DiscussionGRPWaitPage,1773012517,12,0,1
7r9zsela,76,wxth4w87,137,mock_N08_N04_Aonly,DiscussionGRPWaitPage,1773012517,12,0,1
7r9zsela,74,bryhawnr,137,mock_N08_N04_Aonly,DiscussionGRPWaitPage,1773012517,12,0,1
7r9zsela,68,mf31ztgf,137,mock_N08_N04_Aonly,DiscussionGRPWaitPage,1773012517,12,0,1
7r9zsela,73,doomgg6p,137,mock_N08_N04_Aonly,DiscussionGRPWaitPage,1773012517,12,0,1
7r9zsela,60,cymzc9x2,137,mock_N08_N04_Aonly,DiscussionGRPWaitPage,1773012517,12,0,1
7r9zsela,62,qhqf8el3,137,mock_N08_N04_Aonly,DiscussionGRPWaitPage,1773012517,12,0,1
7r9zsela,65,y8403yo5,137,mock_N08_N04_Aonly,DiscussionGRPWaitPage,1773012517,12,0,1
7r9zsela,60,cymzc9x2,142,mock_N08_N04_Aonly,Discussion,1773012520,12,0,0
7r9zsela,89,rn33izlt,2,presurvey,AudioCheck,1773012521,1,0,0
7r9zsela,87,if9llr8r,5,presurvey,Training,1773012522,1,0,0
7r9zsela,62,qhqf8el3,142,mock_N08_N04_Aonly,Discussion,1773012523,12,0,0
7r9zsela,65,y8403yo5,142,mock_N08_N04_Aonly,Discussion,1773012525,12,0,0
7r9zsela,85,rdmnci4k,7,presurvey,TrainingNeighbor_2,1773012525,1,0,0
7r9zsela,66,u9naxafm,142,mock_N08_N04_Aonly,Discussion,1773012526,12,0,0
7r9zsela,74,bryhawnr,142,mock_N08_N04_Aonly,Discussion,1773012534,12,0,0
7r9zsela,68,mf31ztgf,142,mock_N08_N04_Aonly,Discussion,1773012537,12,0,0
7r9zsela,76,wxth4w87,142,mock_N08_N04_Aonly,Discussion,1773012537,12,0,0
7r9zsela,85,rdmnci4k,8,presurvey,AttentionCheck,1773012538,1,0,0
7r9zsela,89,rn33izlt,3,presurvey,Demographics,1773012540,1,0,0
7r9zsela,88,8joemsb5,2,presurvey,AudioCheck,1773012544,1,0,0
7r9zsela,73,doomgg6p,142,mock_N08_N04_Aonly,Discussion,1773012548,12,1,0
7r9zsela,66,u9naxafm,148,mock_N08_N04_Aonly,DiscussionGRPWaitPage,1773012548,13,0,1
7r9zsela,68,mf31ztgf,148,mock_N08_N04_Aonly,DiscussionGRPWaitPage,1773012548,13,0,1
7r9zsela,73,doomgg6p,148,mock_N08_N04_Aonly,DiscussionGRPWaitPage,1773012548,13,0,1
7r9zsela,76,wxth4w87,148,mock_N08_N04_Aonly,DiscussionGRPWaitPage,1773012548,13,0,1
7r9zsela,60,cymzc9x2,148,mock_N08_N04_Aonly,DiscussionGRPWaitPage,1773012548,13,0,1
7r9zsela,62,qhqf8el3,148,mock_N08_N04_Aonly,DiscussionGRPWaitPage,1773012548,13,0,1
7r9zsela,65,y8403yo5,148,mock_N08_N04_Aonly,DiscussionGRPWaitPage,1773012548,13,0,1
7r9zsela,74,bryhawnr,148,mock_N08_N04_Aonly,DiscussionGRPWaitPage,1773012548,13,0,1
7r9zsela,60,cymzc9x2,153,mock_N08_N04_Aonly,Discussion,1773012552,13,0,0
7r9zsela,62,qhqf8el3,153,mock_N08_N04_Aonly,Discussion,1773012553,13,0,0
7r9zsela,89,rn33izlt,4,presurvey,NeighborhoodInstruction,1773012553,1,0,0
7r9zsela,74,bryhawnr,153,mock_N08_N04_Aonly,Discussion,1773012554,13,0,0
7r9zsela,65,y8403yo5,153,mock_N08_N04_Aonly,Discussion,1773012554,13,0,0
7r9zsela,88,8joemsb5,3,presurvey,Demographics,1773012557,1,0,0
7r9zsela,68,mf31ztgf,153,mock_N08_N04_Aonly,Discussion,1773012560,13,0,0
7r9zsela,73,doomgg6p,153,mock_N08_N04_Aonly,Discussion,1773012567,13,0,0
7r9zsela,76,wxth4w87,153,mock_N08_N04_Aonly,Discussion,1773012568,13,0,0
7r9zsela,66,u9naxafm,153,mock_N08_N04_Aonly,Discussion,1773012575,13,0,0
7r9zsela,66,u9naxafm,159,mock_N08_N04_Aonly,DiscussionGRPWaitPage,1773012575,14,0,1
7r9zsela,68,mf31ztgf,159,mock_N08_N04_Aonly,DiscussionGRPWaitPage,1773012575,14,0,1
7r9zsela,73,doomgg6p,159,mock_N08_N04_Aonly,DiscussionGRPWaitPage,1773012575,14,0,1
7r9zsela,76,wxth4w87,159,mock_N08_N04_Aonly,DiscussionGRPWaitPage,1773012575,14,0,1
7r9zsela,60,cymzc9x2,159,mock_N08_N04_Aonly,DiscussionGRPWaitPage,1773012575,14,0,1
7r9zsela,62,qhqf8el3,159,mock_N08_N04_Aonly,DiscussionGRPWaitPage,1773012575,14,0,1
7r9zsela,65,y8403yo5,159,mock_N08_N04_Aonly,DiscussionGRPWaitPage,1773012575,14,0,1
7r9zsela,74,bryhawnr,159,mock_N08_N04_Aonly,DiscussionGRPWaitPage,1773012575,14,0,1
7r9zsela,88,8joemsb5,4,presurvey,NeighborhoodInstruction,1773012578,1,0,0
7r9zsela,62,qhqf8el3,164,mock_N08_N04_Aonly,Discussion,1773012579,14,0,0
7r9zsela,74,bryhawnr,164,mock_N08_N04_Aonly,Discussion,1773012579,14,0,0
7r9zsela,85,rdmnci4k,9,presurvey,TrainingNeighbor_3,1773012579,1,0,0
7r9zsela,60,cymzc9x2,164,mock_N08_N04_Aonly,Discussion,1773012579,14,0,0
7r9zsela,89,rn33izlt,5,presurvey,Training,1773012580,1,0,0
7r9zsela,68,mf31ztgf,164,mock_N08_N04_Aonly,Discussion,1773012580,14,0,0
7r9zsela,65,y8403yo5,164,mock_N08_N04_Aonly,Discussion,1773012582,14,0,0
7r9zsela,66,u9naxafm,164,mock_N08_N04_Aonly,Discussion,1773012583,14,0,0
7r9zsela,76,wxth4w87,164,mock_N08_N04_Aonly,Discussion,1773012600,14,0,0
7r9zsela,73,doomgg6p,164,mock_N08_N04_Aonly,Discussion,1773012606,14,1,0
7r9zsela,60,cymzc9x2,170,mock_N08_N04_Aonly,DiscussionGRPWaitPage,1773012606,15,0,1
7r9zsela,62,qhqf8el3,170,mock_N08_N04_Aonly,DiscussionGRPWaitPage,1773012606,15,0,1
7r9zsela,66,u9naxafm,170,mock_N08_N04_Aonly,DiscussionGRPWaitPage,1773012606,15,0,1
7r9zsela,68,mf31ztgf,170,mock_N08_N04_Aonly,DiscussionGRPWaitPage,1773012606,15,0,1
7r9zsela,73,doomgg6p,170,mock_N08_N04_Aonly,DiscussionGRPWaitPage,1773012606,15,0,1
7r9zsela,76,wxth4w87,170,mock_N08_N04_Aonly,DiscussionGRPWaitPage,1773012606,15,0,1
7r9zsela,65,y8403yo5,170,mock_N08_N04_Aonly,DiscussionGRPWaitPage,1773012606,15,0,1
7r9zsela,74,bryhawnr,170,mock_N08_N04_Aonly,DiscussionGRPWaitPage,1773012606,15,0,1
7r9zsela,66,u9naxafm,175,mock_N08_N04_Aonly,Discussion,1773012610,15,0,0
7r9zsela,74,bryhawnr,175,mock_N08_N04_Aonly,Discussion,1773012610,15,0,0
7r9zsela,60,cymzc9x2,175,mock_N08_N04_Aonly,Discussion,1773012610,15,0,0
7r9zsela,62,qhqf8el3,175,mock_N08_N04_Aonly,Discussion,1773012611,15,0,0
7r9zsela,85,rdmnci4k,10,presurvey,ExperimentInstruction,1773012612,1,0,0
7r9zsela,68,mf31ztgf,175,mock_N08_N04_Aonly,Discussion,1773012613,15,0,0
7r9zsela,65,y8403yo5,175,mock_N08_N04_Aonly,Discussion,1773012619,15,0,0
7r9zsela,76,wxth4w87,175,mock_N08_N04_Aonly,Discussion,1773012625,15,0,0
7r9zsela,88,8joemsb5,5,presurvey,Training,1773012628,1,0,0
7r9zsela,73,doomgg6p,175,mock_N08_N04_Aonly,Discussion,1773012637,15,1,0
7r9zsela,60,cymzc9x2,181,mock_N08_N04_Aonly,DiscussionGRPWaitPage,1773012638,16,0,1
7r9zsela,66,u9naxafm,181,mock_N08_N04_Aonly,DiscussionGRPWaitPage,1773012638,16,0,1
7r9zsela,68,mf31ztgf,181,mock_N08_N04_Aonly,DiscussionGRPWaitPage,1773012638,16,0,1
7r9zsela,73,doomgg6p,181,mock_N08_N04_Aonly,DiscussionGRPWaitPage,1773012638,16,0,1
7r9zsela,76,wxth4w87,181,mock_N08_N04_Aonly,DiscussionGRPWaitPage,1773012638,16,0,1
7r9zsela,62,qhqf8el3,181,mock_N08_N04_Aonly,DiscussionGRPWaitPage,1773012638,16,0,1
7r9zsela,65,y8403yo5,181,mock_N08_N04_Aonly,DiscussionGRPWaitPage,1773012638,16,0,1
7r9zsela,74,bryhawnr,181,mock_N08_N04_Aonly,DiscussionGRPWaitPage,1773012638,16,0,1
7r9zsela,89,rn33izlt,6,presurvey,TrainingNeighbor_1,1773012639,1,0,0
7r9zsela,60,cymzc9x2,186,mock_N08_N04_Aonly,Discussion,1773012642,16,0,0
7r9zsela,65,y8403yo5,186,mock_N08_N04_Aonly,Discussion,1773012642,16,0,0
7r9zsela,62,qhqf8el3,186,mock_N08_N04_Aonly,Discussion,1773012642,16,0,0
7r9zsela,66,u9naxafm,186,mock_N08_N04_Aonly,Discussion,1773012642,16,0,0
7r9zsela,74,bryhawnr,186,mock_N08_N04_Aonly,Discussion,1773012643,16,0,0
7r9zsela,68,mf31ztgf,186,mock_N08_N04_Aonly,Discussion,1773012644,16,0,0
7r9zsela,73,doomgg6p,186,mock_N08_N04_Aonly,Discussion,1773012646,16,0,0
7r9zsela,87,if9llr8r,6,presurvey,TrainingNeighbor_1,1773012649,1,0,0
7r9zsela,89,rn33izlt,7,presurvey,TrainingNeighbor_2,1773012651,1,0,0
7r9zsela,76,wxth4w87,186,mock_N08_N04_Aonly,Discussion,1773012655,16,0,0
7r9zsela,66,u9naxafm,192,mock_N08_N04_Aonly,DiscussionGRPWaitPage,1773012656,17,0,1
7r9zsela,60,cymzc9x2,192,mock_N08_N04_Aonly,DiscussionGRPWaitPage,1773012656,17,0,1
7r9zsela,68,mf31ztgf,192,mock_N08_N04_Aonly,DiscussionGRPWaitPage,1773012656,17,0,1
7r9zsela,73,doomgg6p,192,mock_N08_N04_Aonly,DiscussionGRPWaitPage,1773012656,17,0,1
7r9zsela,76,wxth4w87,192,mock_N08_N04_Aonly,DiscussionGRPWaitPage,1773012656,17,0,1
7r9zsela,74,bryhawnr,192,mock_N08_N04_Aonly,DiscussionGRPWaitPage,1773012656,17,0,1
7r9zsela,62,qhqf8el3,192,mock_N08_N04_Aonly,DiscussionGRPWaitPage,1773012656,17,0,1
7r9zsela,65,y8403yo5,192,mock_N08_N04_Aonly,DiscussionGRPWaitPage,1773012656,17,0,1
7r9zsela,89,rn33izlt,10,presurvey,ExperimentInstruction,1773012657,1,0,0
7r9zsela,74,bryhawnr,197,mock_N08_N04_Aonly,Discussion,1773012660,17,0,0
7r9zsela,62,qhqf8el3,197,mock_N08_N04_Aonly,Discussion,1773012660,17,0,0
7r9zsela,60,cymzc9x2,197,mock_N08_N04_Aonly,Discussion,1773012661,17,0,0
7r9zsela,88,8joemsb5,6,presurvey,TrainingNeighbor_1,1773012661,1,0,0
7r9zsela,68,mf31ztgf,197,mock_N08_N04_Aonly,Discussion,1773012663,17,0,0
7r9zsela,65,y8403yo5,197,mock_N08_N04_Aonly,Discussion,1773012663,17,0,0
7r9zsela,73,doomgg6p,197,mock_N08_N04_Aonly,Discussion,1773012667,17,0,0
7r9zsela,66,u9naxafm,197,mock_N08_N04_Aonly,Discussion,1773012668,17,0,0
7r9zsela,76,wxth4w87,197,mock_N08_N04_Aonly,Discussion,1773012674,17,0,0
7r9zsela,66,u9naxafm,203,mock_N08_N04_Aonly,DiscussionGRPWaitPage,1773012674,18,0,1
7r9zsela,76,wxth4w87,203,mock_N08_N04_Aonly,DiscussionGRPWaitPage,1773012674,18,0,1
7r9zsela,74,bryhawnr,203,mock_N08_N04_Aonly,DiscussionGRPWaitPage,1773012674,18,0,1
7r9zsela,68,mf31ztgf,203,mock_N08_N04_Aonly,DiscussionGRPWaitPage,1773012674,18,0,1
7r9zsela,73,doomgg6p,203,mock_N08_N04_Aonly,DiscussionGRPWaitPage,1773012674,18,0,1
7r9zsela,60,cymzc9x2,203,mock_N08_N04_Aonly,DiscussionGRPWaitPage,1773012674,18,0,1
7r9zsela,62,qhqf8el3,203,mock_N08_N04_Aonly,DiscussionGRPWaitPage,1773012674,18,0,1
7r9zsela,65,y8403yo5,203,mock_N08_N04_Aonly,DiscussionGRPWaitPage,1773012674,18,0,1
7r9zsela,88,8joemsb5,10,presurvey,ExperimentInstruction,1773012675,1,0,0
7r9zsela,66,u9naxafm,208,mock_N08_N04_Aonly,Discussion,1773012679,18,0,0
7r9zsela,62,qhqf8el3,208,mock_N08_N04_Aonly,Discussion,1773012679,18,0,0
7r9zsela,60,cymzc9x2,208,mock_N08_N04_Aonly,Discussion,1773012679,18,0,0
7r9zsela,74,bryhawnr,208,mock_N08_N04_Aonly,Discussion,1773012680,18,0,0
7r9zsela,68,mf31ztgf,208,mock_N08_N04_Aonly,Discussion,1773012681,18,0,0
7r9zsela,87,if9llr8r,7,presurvey,TrainingNeighbor_2,1773012682,1,0,0
7r9zsela,65,y8403yo5,208,mock_N08_N04_Aonly,Discussion,1773012683,18,0,0
7r9zsela,76,wxth4w87,208,mock_N08_N04_Aonly,Discussion,1773012691,18,0,0
7r9zsela,73,doomgg6p,208,mock_N08_N04_Aonly,Discussion,1773012705,18,1,0
7r9zsela,66,u9naxafm,214,mock_N08_N04_Aonly,DiscussionGRPWaitPage,1773012706,19,0,1
7r9zsela,68,mf31ztgf,214,mock_N08_N04_Aonly,DiscussionGRPWaitPage,1773012706,19,0,1
7r9zsela,73,doomgg6p,214,mock_N08_N04_Aonly,DiscussionGRPWaitPage,1773012706,19,0,1
7r9zsela,76,wxth4w87,214,mock_N08_N04_Aonly,DiscussionGRPWaitPage,1773012706,19,0,1
7r9zsela,60,cymzc9x2,214,mock_N08_N04_Aonly,DiscussionGRPWaitPage,1773012706,19,0,1
7r9zsela,62,qhqf8el3,214,mock_N08_N04_Aonly,DiscussionGRPWaitPage,1773012706,19,0,1
7r9zsela,65,y8403yo5,214,mock_N08_N04_Aonly,DiscussionGRPWaitPage,1773012706,19,0,1
7r9zsela,74,bryhawnr,214,mock_N08_N04_Aonly,DiscussionGRPWaitPage,1773012706,19,0,1
7r9zsela,74,bryhawnr,219,mock_N08_N04_Aonly,Discussion,1773012710,19,0,0
7r9zsela,60,cymzc9x2,219,mock_N08_N04_Aonly,Discussion,1773012710,19,0,0
7r9zsela,87,if9llr8r,10,presurvey,ExperimentInstruction,1773012711,1,0,0
7r9zsela,62,qhqf8el3,219,mock_N08_N04_Aonly,Discussion,1773012711,19,0,0
7r9zsela,85,rdmnci4k,11,presurvey,Scenario,1773012712,1,0,0
7r9zsela,66,u9naxafm,219,mock_N08_N04_Aonly,Discussion,1773012714,19,0,0
7r9zsela,88,8joemsb5,11,presurvey,Scenario,1773012714,1,0,0
7r9zsela,89,rn33izlt,11,presurvey,Scenario,1773012715,1,0,0
7r9zsela,65,y8403yo5,219,mock_N08_N04_Aonly,Discussion,1773012719,19,0,0
7r9zsela,73,doomgg6p,219,mock_N08_N04_Aonly,Discussion,1773012720,19,0,0
7r9zsela,68,mf31ztgf,219,mock_N08_N04_Aonly,Discussion,1773012721,19,0,0
7r9zsela,76,wxth4w87,219,mock_N08_N04_Aonly,Discussion,1773012724,19,0,0
7r9zsela,66,u9naxafm,225,mock_N08_N04_Aonly,DiscussionGRPWaitPage,1773012725,20,0,1
7r9zsela,68,mf31ztgf,225,mock_N08_N04_Aonly,DiscussionGRPWaitPage,1773012725,20,0,1
7r9zsela,73,doomgg6p,225,mock_N08_N04_Aonly,DiscussionGRPWaitPage,1773012725,20,0,1
7r9zsela,76,wxth4w87,225,mock_N08_N04_Aonly,DiscussionGRPWaitPage,1773012725,20,0,1
7r9zsela,60,cymzc9x2,225,mock_N08_N04_Aonly,DiscussionGRPWaitPage,1773012725,20,0,1
7r9zsela,62,qhqf8el3,225,mock_N08_N04_Aonly,DiscussionGRPWaitPage,1773012725,20,0,1
7r9zsela,65,y8403yo5,225,mock_N08_N04_Aonly,DiscussionGRPWaitPage,1773012725,20,0,1
7r9zsela,74,bryhawnr,225,mock_N08_N04_Aonly,DiscussionGRPWaitPage,1773012725,20,0,1
7r9zsela,74,bryhawnr,230,mock_N08_N04_Aonly,Discussion,1773012729,20,0,0
7r9zsela,62,qhqf8el3,230,mock_N08_N04_Aonly,Discussion,1773012730,20,0,0
7r9zsela,60,cymzc9x2,230,mock_N08_N04_Aonly,Discussion,1773012730,20,0,0
7r9zsela,66,u9naxafm,230,mock_N08_N04_Aonly,Discussion,1773012730,20,0,0
7r9zsela,68,mf31ztgf,230,mock_N08_N04_Aonly,Discussion,1773012734,20,0,0
7r9zsela,65,y8403yo5,230,mock_N08_N04_Aonly,Discussion,1773012738,20,0,0
7r9zsela,73,doomgg6p,230,mock_N08_N04_Aonly,Discussion,1773012739,20,0,0
7r9zsela,76,wxth4w87,230,mock_N08_N04_Aonly,Discussion,1773012740,20,0,0
7r9zsela,74,bryhawnr,231,mock_N08_N04_Aonly,FinalRoundWaitPage,1773012741,20,0,1
7r9zsela,62,qhqf8el3,231,mock_N08_N04_Aonly,FinalRoundWaitPage,1773012741,20,0,1
7r9zsela,60,cymzc9x2,231,mock_N08_N04_Aonly,FinalRoundWaitPage,1773012741,20,0,1
7r9zsela,66,u9naxafm,231,mock_N08_N04_Aonly,FinalRoundWaitPage,1773012741,20,0,1
7r9zsela,68,mf31ztgf,231,mock_N08_N04_Aonly,FinalRoundWaitPage,1773012741,20,0,1
7r9zsela,65,y8403yo5,231,mock_N08_N04_Aonly,FinalRoundWaitPage,1773012741,20,0,1
7r9zsela,73,doomgg6p,231,mock_N08_N04_Aonly,FinalRoundWaitPage,1773012741,20,0,1
7r9zsela,76,wxth4w87,231,mock_N08_N04_Aonly,FinalRoundWaitPage,1773012741,20,0,1
7r9zsela,73,doomgg6p,232,mock_N08_N04_Aonly,FinalRound,1773012746,20,0,0
7r9zsela,66,u9naxafm,232,mock_N08_N04_Aonly,FinalRound,1773012748,20,0,0
7r9zsela,74,bryhawnr,232,mock_N08_N04_Aonly,FinalRound,1773012750,20,0,0
7r9zsela,60,cymzc9x2,232,mock_N08_N04_Aonly,FinalRound,1773012751,20,0,0
7r9zsela,62,qhqf8el3,232,mock_N08_N04_Aonly,FinalRound,1773012751,20,0,0
7r9zsela,68,mf31ztgf,232,mock_N08_N04_Aonly,FinalRound,1773012752,20,0,0
7r9zsela,88,8joemsb5,12,presurvey,Commitment,1773012752,1,0,0
7r9zsela,61,w7oet92o,13,mock_N08_N04_Aonly,GroupingWaitPage,1773012754,1,0,1
7r9zsela,69,di6dz5qu,13,mock_N08_N04_Aonly,GroupingWaitPage,1773012754,1,0,1
7r9zsela,71,kwowsd72,13,mock_N08_N04_Aonly,GroupingWaitPage,1773012754,1,0,1
7r9zsela,77,9hec8txm,13,mock_N08_N04_Aonly,GroupingWaitPage,1773012754,1,0,1
7r9zsela,80,jhdxyyhn,13,mock_N08_N04_Aonly,GroupingWaitPage,1773012754,1,0,1
7r9zsela,82,vjaqjddd,13,mock_N08_N04_Aonly,GroupingWaitPage,1773012754,1,0,1
7r9zsela,83,sn2aerab,13,mock_N08_N04_Aonly,GroupingWaitPage,1773012754,1,0,1
7r9zsela,88,8joemsb5,13,mock_N08_N04_Aonly,GroupingWaitPage,1773012754,1,0,1
7r9zsela,76,wxth4w87,232,mock_N08_N04_Aonly,FinalRound,1773012754,20,0,0
7r9zsela,65,y8403yo5,232,mock_N08_N04_Aonly,FinalRound,1773012754,20,0,0
7r9zsela,61,w7oet92o,14,mock_N08_N04_Aonly,GroupSizeWaitPage,1773012756,1,0,1
7r9zsela,69,di6dz5qu,14,mock_N08_N04_Aonly,GroupSizeWaitPage,1773012756,1,0,1
7r9zsela,71,kwowsd72,14,mock_N08_N04_Aonly,GroupSizeWaitPage,1773012756,1,0,1
7r9zsela,77,9hec8txm,14,mock_N08_N04_Aonly,GroupSizeWaitPage,1773012756,1,0,1
7r9zsela,80,jhdxyyhn,14,mock_N08_N04_Aonly,GroupSizeWaitPage,1773012756,1,0,1
7r9zsela,82,vjaqjddd,14,mock_N08_N04_Aonly,GroupSizeWaitPage,1773012756,1,0,1
7r9zsela,83,sn2aerab,14,mock_N08_N04_Aonly,GroupSizeWaitPage,1773012756,1,0,1
7r9zsela,88,8joemsb5,14,mock_N08_N04_Aonly,GroupSizeWaitPage,1773012756,1,0,1
7r9zsela,61,w7oet92o,16,mock_N08_N04_Aonly,DiscussionGRPWaitPage,1773012757,1,0,1
7r9zsela,77,9hec8txm,16,mock_N08_N04_Aonly,DiscussionGRPWaitPage,1773012757,1,0,1
7r9zsela,80,jhdxyyhn,16,mock_N08_N04_Aonly,DiscussionGRPWaitPage,1773012757,1,0,1
7r9zsela,83,sn2aerab,16,mock_N08_N04_Aonly,DiscussionGRPWaitPage,1773012757,1,0,1
7r9zsela,69,di6dz5qu,16,mock_N08_N04_Aonly,DiscussionGRPWaitPage,1773012757,1,0,1
7r9zsela,71,kwowsd72,16,mock_N08_N04_Aonly,DiscussionGRPWaitPage,1773012757,1,0,1
7r9zsela,82,vjaqjddd,16,mock_N08_N04_Aonly,DiscussionGRPWaitPage,1773012757,1,0,1
7r9zsela,88,8joemsb5,16,mock_N08_N04_Aonly,DiscussionGRPWaitPage,1773012757,1,0,1
7r9zsela,77,9hec8txm,20,mock_N08_N04_Aonly,Phase3,1773012766,1,0,0
7r9zsela,80,jhdxyyhn,20,mock_N08_N04_Aonly,Phase3,1773012767,1,0,0
7r9zsela,83,sn2aerab,20,mock_N08_N04_Aonly,Phase3,1773012773,1,0,0
7r9zsela,69,di6dz5qu,20,mock_N08_N04_Aonly,Phase3,1773012775,1,0,0
7r9zsela,80,jhdxyyhn,21,mock_N08_N04_Aonly,Discussion,1773012775,1,0,0
7r9zsela,88,8joemsb5,20,mock_N08_N04_Aonly,Phase3,1773012778,1,0,0
7r9zsela,88,8joemsb5,21,mock_N08_N04_Aonly,Discussion,1773012782,1,0,0
7r9zsela,71,kwowsd72,20,mock_N08_N04_Aonly,Phase3,1773012785,1,0,0
7r9zsela,77,9hec8txm,21,mock_N08_N04_Aonly,Discussion,1773012789,1,0,0
7r9zsela,85,rdmnci4k,12,presurvey,Commitment,1773012790,1,0,0
7r9zsela,61,w7oet92o,20,mock_N08_N04_Aonly,Phase3,1773012797,1,0,0
7r9zsela,83,sn2aerab,21,mock_N08_N04_Aonly,Discussion,1773012799,1,0,0
7r9zsela,69,di6dz5qu,21,mock_N08_N04_Aonly,Discussion,1773012800,1,0,0
7r9zsela,61,w7oet92o,21,mock_N08_N04_Aonly,Discussion,1773012804,1,0,0
7r9zsela,82,vjaqjddd,20,mock_N08_N04_Aonly,Phase3,1773012804,1,1,0
7r9zsela,87,if9llr8r,11,presurvey,Scenario,1773012808,1,0,0
7r9zsela,82,vjaqjddd,21,mock_N08_N04_Aonly,Discussion,1773012823,1,0,0
7r9zsela,71,kwowsd72,21,mock_N08_N04_Aonly,Discussion,1773012824,1,0,0
7r9zsela,61,w7oet92o,27,mock_N08_N04_Aonly,DiscussionGRPWaitPage,1773012824,2,0,1
7r9zsela,69,di6dz5qu,27,mock_N08_N04_Aonly,DiscussionGRPWaitPage,1773012824,2,0,1
7r9zsela,77,9hec8txm,27,mock_N08_N04_Aonly,DiscussionGRPWaitPage,1773012824,2,0,1
7r9zsela,88,8joemsb5,27,mock_N08_N04_Aonly,DiscussionGRPWaitPage,1773012824,2,0,1
7r9zsela,80,jhdxyyhn,27,mock_N08_N04_Aonly,DiscussionGRPWaitPage,1773012824,2,0,1
7r9zsela,83,sn2aerab,27,mock_N08_N04_Aonly,DiscussionGRPWaitPage,1773012824,2,0,1
7r9zsela,71,kwowsd72,27,mock_N08_N04_Aonly,DiscussionGRPWaitPage,1773012824,2,0,1
7r9zsela,82,vjaqjddd,27,mock_N08_N04_Aonly,DiscussionGRPWaitPage,1773012824,2,0,1
7r9zsela,88,8joemsb5,32,mock_N08_N04_Aonly,Discussion,1773012828,2,0,0
7r9zsela,82,vjaqjddd,32,mock_N08_N04_Aonly,Discussion,1773012835,2,0,0
7r9zsela,80,jhdxyyhn,32,mock_N08_N04_Aonly,Discussion,1773012836,2,0,0
7r9zsela,69,di6dz5qu,32,mock_N08_N04_Aonly,Discussion,1773012839,2,0,0
7r9zsela,77,9hec8txm,32,mock_N08_N04_Aonly,Discussion,1773012844,2,0,0
7r9zsela,83,sn2aerab,32,mock_N08_N04_Aonly,Discussion,1773012850,2,0,0
7r9zsela,71,kwowsd72,32,mock_N08_N04_Aonly,Discussion,1773012857,2,0,0
7r9zsela,61,w7oet92o,32,mock_N08_N04_Aonly,Discussion,1773012864,2,0,0
7r9zsela,61,w7oet92o,38,mock_N08_N04_Aonly,DiscussionGRPWaitPage,1773012864,3,0,1
7r9zsela,77,9hec8txm,38,mock_N08_N04_Aonly,DiscussionGRPWaitPage,1773012864,3,0,1
7r9zsela,88,8joemsb5,38,mock_N08_N04_Aonly,DiscussionGRPWaitPage,1773012864,3,0,1
7r9zsela,80,jhdxyyhn,38,mock_N08_N04_Aonly,DiscussionGRPWaitPage,1773012864,3,0,1
7r9zsela,83,sn2aerab,38,mock_N08_N04_Aonly,DiscussionGRPWaitPage,1773012864,3,0,1
7r9zsela,69,di6dz5qu,38,mock_N08_N04_Aonly,DiscussionGRPWaitPage,1773012864,3,0,1
7r9zsela,71,kwowsd72,38,mock_N08_N04_Aonly,DiscussionGRPWaitPage,1773012864,3,0,1
7r9zsela,82,vjaqjddd,38,mock_N08_N04_Aonly,DiscussionGRPWaitPage,1773012864,3,0,1
7r9zsela,88,8joemsb5,43,mock_N08_N04_Aonly,Discussion,1773012868,3,0,0
7r9zsela,61,w7oet92o,43,mock_N08_N04_Aonly,Discussion,1773012869,3,0,0
7r9zsela,82,vjaqjddd,43,mock_N08_N04_Aonly,Discussion,1773012872,3,0,0
7r9zsela,80,jhdxyyhn,43,mock_N08_N04_Aonly,Discussion,1773012875,3,0,0
7r9zsela,69,di6dz5qu,43,mock_N08_N04_Aonly,Discussion,1773012877,3,0,0
7r9zsela,77,9hec8txm,43,mock_N08_N04_Aonly,Discussion,1773012879,3,0,0
7r9zsela,83,sn2aerab,43,mock_N08_N04_Aonly,Discussion,1773012885,3,0,0
7r9zsela,71,kwowsd72,43,mock_N08_N04_Aonly,Discussion,1773012897,3,0,0
7r9zsela,61,w7oet92o,49,mock_N08_N04_Aonly,DiscussionGRPWaitPage,1773012897,4,0,1
7r9zsela,77,9hec8txm,49,mock_N08_N04_Aonly,DiscussionGRPWaitPage,1773012897,4,0,1
7r9zsela,80,jhdxyyhn,49,mock_N08_N04_Aonly,DiscussionGRPWaitPage,1773012897,4,0,1
7r9zsela,83,sn2aerab,49,mock_N08_N04_Aonly,DiscussionGRPWaitPage,1773012897,4,0,1
7r9zsela,69,di6dz5qu,49,mock_N08_N04_Aonly,DiscussionGRPWaitPage,1773012897,4,0,1
7r9zsela,71,kwowsd72,49,mock_N08_N04_Aonly,DiscussionGRPWaitPage,1773012897,4,0,1
7r9zsela,82,vjaqjddd,49,mock_N08_N04_Aonly,DiscussionGRPWaitPage,1773012897,4,0,1
7r9zsela,88,8joemsb5,49,mock_N08_N04_Aonly,DiscussionGRPWaitPage,1773012897,4,0,1
7r9zsela,82,vjaqjddd,54,mock_N08_N04_Aonly,Discussion,1773012902,4,0,0
7r9zsela,88,8joemsb5,54,mock_N08_N04_Aonly,Discussion,1773012904,4,0,0
7r9zsela,80,jhdxyyhn,54,mock_N08_N04_Aonly,Discussion,1773012905,4,0,0
7r9zsela,61,w7oet92o,54,mock_N08_N04_Aonly,Discussion,1773012907,4,0,0
7r9zsela,77,9hec8txm,54,mock_N08_N04_Aonly,Discussion,1773012914,4,0,0
7r9zsela,69,di6dz5qu,54,mock_N08_N04_Aonly,Discussion,1773012915,4,0,0
7r9zsela,83,sn2aerab,54,mock_N08_N04_Aonly,Discussion,1773012922,4,0,0
7r9zsela,71,kwowsd72,54,mock_N08_N04_Aonly,Discussion,1773012938,4,0,0
7r9zsela,61,w7oet92o,60,mock_N08_N04_Aonly,DiscussionGRPWaitPage,1773012939,5,0,1
7r9zsela,77,9hec8txm,60,mock_N08_N04_Aonly,DiscussionGRPWaitPage,1773012939,5,0,1
7r9zsela,80,jhdxyyhn,60,mock_N08_N04_Aonly,DiscussionGRPWaitPage,1773012939,5,0,1
7r9zsela,83,sn2aerab,60,mock_N08_N04_Aonly,DiscussionGRPWaitPage,1773012939,5,0,1
7r9zsela,69,di6dz5qu,60,mock_N08_N04_Aonly,DiscussionGRPWaitPage,1773012939,5,0,1
7r9zsela,71,kwowsd72,60,mock_N08_N04_Aonly,DiscussionGRPWaitPage,1773012939,5,0,1
7r9zsela,82,vjaqjddd,60,mock_N08_N04_Aonly,DiscussionGRPWaitPage,1773012939,5,0,1
7r9zsela,88,8joemsb5,60,mock_N08_N04_Aonly,DiscussionGRPWaitPage,1773012939,5,0,1
7r9zsela,88,8joemsb5,65,mock_N08_N04_Aonly,Discussion,1773012943,5,0,0
7r9zsela,82,vjaqjddd,65,mock_N08_N04_Aonly,Discussion,1773012943,5,0,0
7r9zsela,80,jhdxyyhn,65,mock_N08_N04_Aonly,Discussion,1773012945,5,0,0
7r9zsela,69,di6dz5qu,65,mock_N08_N04_Aonly,Discussion,1773012948,5,0,0
7r9zsela,61,w7oet92o,65,mock_N08_N04_Aonly,Discussion,1773012948,5,0,0
7r9zsela,77,9hec8txm,65,mock_N08_N04_Aonly,Discussion,1773012951,5,0,0
7r9zsela,83,sn2aerab,65,mock_N08_N04_Aonly,Discussion,1773012960,5,0,0
7r9zsela,71,kwowsd72,65,mock_N08_N04_Aonly,Discussion,1773012961,5,0,0
7r9zsela,61,w7oet92o,71,mock_N08_N04_Aonly,DiscussionGRPWaitPage,1773012962,6,0,1
7r9zsela,77,9hec8txm,71,mock_N08_N04_Aonly,DiscussionGRPWaitPage,1773012962,6,0,1
7r9zsela,80,jhdxyyhn,71,mock_N08_N04_Aonly,DiscussionGRPWaitPage,1773012962,6,0,1
7r9zsela,83,sn2aerab,71,mock_N08_N04_Aonly,DiscussionGRPWaitPage,1773012962,6,0,1
7r9zsela,69,di6dz5qu,71,mock_N08_N04_Aonly,DiscussionGRPWaitPage,1773012962,6,0,1
7r9zsela,71,kwowsd72,71,mock_N08_N04_Aonly,DiscussionGRPWaitPage,1773012962,6,0,1
7r9zsela,82,vjaqjddd,71,mock_N08_N04_Aonly,DiscussionGRPWaitPage,1773012962,6,0,1
7r9zsela,88,8joemsb5,71,mock_N08_N04_Aonly,DiscussionGRPWaitPage,1773012962,6,0,1
7r9zsela,61,w7oet92o,76,mock_N08_N04_Aonly,Discussion,1773012965,6,0,0
7r9zsela,80,jhdxyyhn,76,mock_N08_N04_Aonly,Discussion,1773012965,6,0,0
7r9zsela,88,8joemsb5,76,mock_N08_N04_Aonly,Discussion,1773012966,6,0,0
7r9zsela,83,sn2aerab,76,mock_N08_N04_Aonly,Discussion,1773012968,6,0,0
7r9zsela,82,vjaqjddd,76,mock_N08_N04_Aonly,Discussion,1773012969,6,0,0
7r9zsela,69,di6dz5qu,76,mock_N08_N04_Aonly,Discussion,1773012970,6,0,0
7r9zsela,77,9hec8txm,76,mock_N08_N04_Aonly,Discussion,1773012971,6,0,0
7r9zsela,71,kwowsd72,76,mock_N08_N04_Aonly,Discussion,1773012981,6,0,0
7r9zsela,61,w7oet92o,82,mock_N08_N04_Aonly,DiscussionGRPWaitPage,1773012981,7,0,1
7r9zsela,77,9hec8txm,82,mock_N08_N04_Aonly,DiscussionGRPWaitPage,1773012981,7,0,1
7r9zsela,80,jhdxyyhn,82,mock_N08_N04_Aonly,DiscussionGRPWaitPage,1773012981,7,0,1
7r9zsela,83,sn2aerab,82,mock_N08_N04_Aonly,DiscussionGRPWaitPage,1773012981,7,0,1
7r9zsela,69,di6dz5qu,82,mock_N08_N04_Aonly,DiscussionGRPWaitPage,1773012981,7,0,1
7r9zsela,71,kwowsd72,82,mock_N08_N04_Aonly,DiscussionGRPWaitPage,1773012981,7,0,1
7r9zsela,82,vjaqjddd,82,mock_N08_N04_Aonly,DiscussionGRPWaitPage,1773012981,7,0,1
7r9zsela,88,8joemsb5,82,mock_N08_N04_Aonly,DiscussionGRPWaitPage,1773012981,7,0,1
7r9zsela,80,jhdxyyhn,87,mock_N08_N04_Aonly,Discussion,1773012985,7,0,0
7r9zsela,88,8joemsb5,87,mock_N08_N04_Aonly,Discussion,1773012985,7,0,0
7r9zsela,61,w7oet92o,87,mock_N08_N04_Aonly,Discussion,1773012985,7,0,0
7r9zsela,82,vjaqjddd,87,mock_N08_N04_Aonly,Discussion,1773012988,7,0,0
7r9zsela,83,sn2aerab,87,mock_N08_N04_Aonly,Discussion,1773012988,7,0,0
7r9zsela,69,di6dz5qu,87,mock_N08_N04_Aonly,Discussion,1773012990,7,0,0
7r9zsela,77,9hec8txm,87,mock_N08_N04_Aonly,Discussion,1773012992,7,0,0
7r9zsela,71,kwowsd72,87,mock_N08_N04_Aonly,Discussion,1773013002,7,0,0
7r9zsela,61,w7oet92o,93,mock_N08_N04_Aonly,DiscussionGRPWaitPage,1773013002,8,0,1
7r9zsela,83,sn2aerab,93,mock_N08_N04_Aonly,DiscussionGRPWaitPage,1773013002,8,0,1
7r9zsela,88,8joemsb5,93,mock_N08_N04_Aonly,DiscussionGRPWaitPage,1773013002,8,0,1
7r9zsela,77,9hec8txm,93,mock_N08_N04_Aonly,DiscussionGRPWaitPage,1773013002,8,0,1
7r9zsela,80,jhdxyyhn,93,mock_N08_N04_Aonly,DiscussionGRPWaitPage,1773013002,8,0,1
7r9zsela,69,di6dz5qu,93,mock_N08_N04_Aonly,DiscussionGRPWaitPage,1773013002,8,0,1
7r9zsela,71,kwowsd72,93,mock_N08_N04_Aonly,DiscussionGRPWaitPage,1773013002,8,0,1
7r9zsela,82,vjaqjddd,93,mock_N08_N04_Aonly,DiscussionGRPWaitPage,1773013002,8,0,1
7r9zsela,61,w7oet92o,98,mock_N08_N04_Aonly,Discussion,1773013006,8,0,0
7r9zsela,88,8joemsb5,98,mock_N08_N04_Aonly,Discussion,1773013007,8,0,0
7r9zsela,82,vjaqjddd,98,mock_N08_N04_Aonly,Discussion,1773013007,8,0,0
7r9zsela,77,9hec8txm,98,mock_N08_N04_Aonly,Discussion,1773013008,8,0,0
7r9zsela,80,jhdxyyhn,98,mock_N08_N04_Aonly,Discussion,1773013009,8,0,0
7r9zsela,69,di6dz5qu,98,mock_N08_N04_Aonly,Discussion,1773013011,8,0,0
7r9zsela,71,kwowsd72,98,mock_N08_N04_Aonly,Discussion,1773013025,8,0,0
7r9zsela,83,sn2aerab,98,mock_N08_N04_Aonly,Discussion,1773013026,8,0,0
7r9zsela,61,w7oet92o,104,mock_N08_N04_Aonly,DiscussionGRPWaitPage,1773013026,9,0,1
7r9zsela,77,9hec8txm,104,mock_N08_N04_Aonly,DiscussionGRPWaitPage,1773013026,9,0,1
7r9zsela,80,jhdxyyhn,104,mock_N08_N04_Aonly,DiscussionGRPWaitPage,1773013026,9,0,1
7r9zsela,83,sn2aerab,104,mock_N08_N04_Aonly,DiscussionGRPWaitPage,1773013026,9,0,1
7r9zsela,69,di6dz5qu,104,mock_N08_N04_Aonly,DiscussionGRPWaitPage,1773013026,9,0,1
7r9zsela,71,kwowsd72,104,mock_N08_N04_Aonly,DiscussionGRPWaitPage,1773013026,9,0,1
7r9zsela,82,vjaqjddd,104,mock_N08_N04_Aonly,DiscussionGRPWaitPage,1773013026,9,0,1
7r9zsela,88,8joemsb5,104,mock_N08_N04_Aonly,DiscussionGRPWaitPage,1773013026,9,0,1
7r9zsela,88,8joemsb5,109,mock_N08_N04_Aonly,Discussion,1773013030,9,0,0
7r9zsela,80,jhdxyyhn,109,mock_N08_N04_Aonly,Discussion,1773013030,9,0,0
7r9zsela,82,vjaqjddd,109,mock_N08_N04_Aonly,Discussion,1773013031,9,0,0
7r9zsela,61,w7oet92o,109,mock_N08_N04_Aonly,Discussion,1773013031,9,0,0
7r9zsela,69,di6dz5qu,109,mock_N08_N04_Aonly,Discussion,1773013034,9,0,0
7r9zsela,77,9hec8txm,109,mock_N08_N04_Aonly,Discussion,1773013035,9,0,0
7r9zsela,83,sn2aerab,109,mock_N08_N04_Aonly,Discussion,1773013038,9,0,0
7r9zsela,71,kwowsd72,109,mock_N08_N04_Aonly,Discussion,1773013047,9,0,0
7r9zsela,61,w7oet92o,115,mock_N08_N04_Aonly,DiscussionGRPWaitPage,1773013047,10,0,1
7r9zsela,69,di6dz5qu,115,mock_N08_N04_Aonly,DiscussionGRPWaitPage,1773013047,10,0,1
7r9zsela,71,kwowsd72,115,mock_N08_N04_Aonly,DiscussionGRPWaitPage,1773013047,10,0,1
7r9zsela,77,9hec8txm,115,mock_N08_N04_Aonly,DiscussionGRPWaitPage,1773013047,10,0,1
7r9zsela,80,jhdxyyhn,115,mock_N08_N04_Aonly,DiscussionGRPWaitPage,1773013047,10,0,1
7r9zsela,83,sn2aerab,115,mock_N08_N04_Aonly,DiscussionGRPWaitPage,1773013047,10,0,1
7r9zsela,82,vjaqjddd,115,mock_N08_N04_Aonly,DiscussionGRPWaitPage,1773013047,10,0,1
7r9zsela,88,8joemsb5,115,mock_N08_N04_Aonly,DiscussionGRPWaitPage,1773013047,10,0,1
7r9zsela,71,kwowsd72,120,mock_N08_N04_Aonly,Discussion,1773013050,10,0,0
7r9zsela,61,w7oet92o,120,mock_N08_N04_Aonly,Discussion,1773013050,10,0,0
7r9zsela,88,8joemsb5,120,mock_N08_N04_Aonly,Discussion,1773013051,10,0,0
7r9zsela,82,vjaqjddd,120,mock_N08_N04_Aonly,Discussion,1773013051,10,0,0
7r9zsela,80,jhdxyyhn,120,mock_N08_N04_Aonly,Discussion,1773013052,10,0,0
7r9zsela,77,9hec8txm,120,mock_N08_N04_Aonly,Discussion,1773013054,10,0,0
7r9zsela,83,sn2aerab,120,mock_N08_N04_Aonly,Discussion,1773013057,10,0,0
7r9zsela,90,64obsllq,0,,InitializeParticipant,1773013057,1,0,0
7r9zsela,69,di6dz5qu,120,mock_N08_N04_Aonly,Discussion,1773013058,10,0,0
7r9zsela,61,w7oet92o,126,mock_N08_N04_Aonly,DiscussionGRPWaitPage,1773013058,11,0,1
7r9zsela,77,9hec8txm,126,mock_N08_N04_Aonly,DiscussionGRPWaitPage,1773013058,11,0,1
7r9zsela,80,jhdxyyhn,126,mock_N08_N04_Aonly,DiscussionGRPWaitPage,1773013058,11,0,1
7r9zsela,69,di6dz5qu,126,mock_N08_N04_Aonly,DiscussionGRPWaitPage,1773013058,11,0,1
7r9zsela,83,sn2aerab,126,mock_N08_N04_Aonly,DiscussionGRPWaitPage,1773013058,11,0,1
7r9zsela,71,kwowsd72,126,mock_N08_N04_Aonly,DiscussionGRPWaitPage,1773013058,11,0,1
7r9zsela,82,vjaqjddd,126,mock_N08_N04_Aonly,DiscussionGRPWaitPage,1773013058,11,0,1
7r9zsela,88,8joemsb5,126,mock_N08_N04_Aonly,DiscussionGRPWaitPage,1773013058,11,0,1
7r9zsela,61,w7oet92o,131,mock_N08_N04_Aonly,Discussion,1773013061,11,0,0
7r9zsela,88,8joemsb5,131,mock_N08_N04_Aonly,Discussion,1773013061,11,0,0
7r9zsela,82,vjaqjddd,131,mock_N08_N04_Aonly,Discussion,1773013063,11,0,0
7r9zsela,69,di6dz5qu,131,mock_N08_N04_Aonly,Discussion,1773013063,11,0,0
7r9zsela,80,jhdxyyhn,131,mock_N08_N04_Aonly,Discussion,1773013065,11,0,0
7r9zsela,77,9hec8txm,131,mock_N08_N04_Aonly,Discussion,1773013066,11,0,0
7r9zsela,83,sn2aerab,131,mock_N08_N04_Aonly,Discussion,1773013067,11,0,0
7r9zsela,71,kwowsd72,131,mock_N08_N04_Aonly,Discussion,1773013082,11,0,0
7r9zsela,61,w7oet92o,137,mock_N08_N04_Aonly,DiscussionGRPWaitPage,1773013083,12,0,1
7r9zsela,77,9hec8txm,137,mock_N08_N04_Aonly,DiscussionGRPWaitPage,1773013083,12,0,1
7r9zsela,80,jhdxyyhn,137,mock_N08_N04_Aonly,DiscussionGRPWaitPage,1773013083,12,0,1
7r9zsela,83,sn2aerab,137,mock_N08_N04_Aonly,DiscussionGRPWaitPage,1773013083,12,0,1
7r9zsela,69,di6dz5qu,137,mock_N08_N04_Aonly,DiscussionGRPWaitPage,1773013083,12,0,1
7r9zsela,71,kwowsd72,137,mock_N08_N04_Aonly,DiscussionGRPWaitPage,1773013083,12,0,1
7r9zsela,82,vjaqjddd,137,mock_N08_N04_Aonly,DiscussionGRPWaitPage,1773013083,12,0,1
7r9zsela,88,8joemsb5,137,mock_N08_N04_Aonly,DiscussionGRPWaitPage,1773013083,12,0,1
7r9zsela,88,8joemsb5,142,mock_N08_N04_Aonly,Discussion,1773013086,12,0,0
7r9zsela,77,9hec8txm,142,mock_N08_N04_Aonly,Discussion,1773013088,12,0,0
7r9zsela,82,vjaqjddd,142,mock_N08_N04_Aonly,Discussion,1773013088,12,0,0
7r9zsela,80,jhdxyyhn,142,mock_N08_N04_Aonly,Discussion,1773013090,12,0,0
7r9zsela,61,w7oet92o,142,mock_N08_N04_Aonly,Discussion,1773013090,12,0,0
7r9zsela,69,di6dz5qu,142,mock_N08_N04_Aonly,Discussion,1773013095,12,0,0
7r9zsela,83,sn2aerab,142,mock_N08_N04_Aonly,Discussion,1773013100,12,0,0
7r9zsela,71,kwowsd72,142,mock_N08_N04_Aonly,Discussion,1773013104,12,0,0
7r9zsela,61,w7oet92o,148,mock_N08_N04_Aonly,DiscussionGRPWaitPage,1773013104,13,0,1
7r9zsela,77,9hec8txm,148,mock_N08_N04_Aonly,DiscussionGRPWaitPage,1773013104,13,0,1
7r9zsela,80,jhdxyyhn,148,mock_N08_N04_Aonly,DiscussionGRPWaitPage,1773013104,13,0,1
7r9zsela,83,sn2aerab,148,mock_N08_N04_Aonly,DiscussionGRPWaitPage,1773013104,13,0,1
7r9zsela,69,di6dz5qu,148,mock_N08_N04_Aonly,DiscussionGRPWaitPage,1773013104,13,0,1
7r9zsela,71,kwowsd72,148,mock_N08_N04_Aonly,DiscussionGRPWaitPage,1773013104,13,0,1
7r9zsela,82,vjaqjddd,148,mock_N08_N04_Aonly,DiscussionGRPWaitPage,1773013104,13,0,1
7r9zsela,88,8joemsb5,148,mock_N08_N04_Aonly,DiscussionGRPWaitPage,1773013104,13,0,1
7r9zsela,61,w7oet92o,153,mock_N08_N04_Aonly,Discussion,1773013108,13,0,0
7r9zsela,82,vjaqjddd,153,mock_N08_N04_Aonly,Discussion,1773013108,13,0,0
7r9zsela,88,8joemsb5,153,mock_N08_N04_Aonly,Discussion,1773013108,13,0,0
7r9zsela,69,di6dz5qu,153,mock_N08_N04_Aonly,Discussion,1773013109,13,0,0
7r9zsela,80,jhdxyyhn,153,mock_N08_N04_Aonly,Discussion,1773013111,13,0,0
7r9zsela,83,sn2aerab,153,mock_N08_N04_Aonly,Discussion,1773013111,13,0,0
7r9zsela,77,9hec8txm,153,mock_N08_N04_Aonly,Discussion,1773013112,13,0,0
7r9zsela,91,jega9hzu,0,,InitializeParticipant,1773013116,1,0,0
7r9zsela,90,64obsllq,1,presurvey,Introduction,1773013118,1,0,0
7r9zsela,91,jega9hzu,1,presurvey,Introduction,1773013120,1,0,0
7r9zsela,71,kwowsd72,153,mock_N08_N04_Aonly,Discussion,1773013125,13,0,0
7r9zsela,61,w7oet92o,159,mock_N08_N04_Aonly,DiscussionGRPWaitPage,1773013126,14,0,1
7r9zsela,77,9hec8txm,159,mock_N08_N04_Aonly,DiscussionGRPWaitPage,1773013126,14,0,1
7r9zsela,80,jhdxyyhn,159,mock_N08_N04_Aonly,DiscussionGRPWaitPage,1773013126,14,0,1
7r9zsela,83,sn2aerab,159,mock_N08_N04_Aonly,DiscussionGRPWaitPage,1773013126,14,0,1
7r9zsela,69,di6dz5qu,159,mock_N08_N04_Aonly,DiscussionGRPWaitPage,1773013126,14,0,1
7r9zsela,71,kwowsd72,159,mock_N08_N04_Aonly,DiscussionGRPWaitPage,1773013126,14,0,1
7r9zsela,82,vjaqjddd,159,mock_N08_N04_Aonly,DiscussionGRPWaitPage,1773013126,14,0,1
7r9zsela,88,8joemsb5,159,mock_N08_N04_Aonly,DiscussionGRPWaitPage,1773013126,14,0,1
7r9zsela,69,di6dz5qu,164,mock_N08_N04_Aonly,Discussion,1773013130,14,0,0
7r9zsela,88,8joemsb5,164,mock_N08_N04_Aonly,Discussion,1773013131,14,0,0
7r9zsela,80,jhdxyyhn,164,mock_N08_N04_Aonly,Discussion,1773013132,14,0,0
7r9zsela,61,w7oet92o,164,mock_N08_N04_Aonly,Discussion,1773013132,14,0,0
7r9zsela,82,vjaqjddd,164,mock_N08_N04_Aonly,Discussion,1773013133,14,0,0
7r9zsela,91,jega9hzu,2,presurvey,AudioCheck,1773013133,1,0,0
7r9zsela,77,9hec8txm,164,mock_N08_N04_Aonly,Discussion,1773013135,14,0,0
7r9zsela,83,sn2aerab,164,mock_N08_N04_Aonly,Discussion,1773013141,14,0,0
7r9zsela,71,kwowsd72,164,mock_N08_N04_Aonly,Discussion,1773013148,14,0,0
7r9zsela,83,sn2aerab,170,mock_N08_N04_Aonly,DiscussionGRPWaitPage,1773013148,15,0,1
7r9zsela,88,8joemsb5,170,mock_N08_N04_Aonly,DiscussionGRPWaitPage,1773013148,15,0,1
7r9zsela,61,w7oet92o,170,mock_N08_N04_Aonly,DiscussionGRPWaitPage,1773013148,15,0,1
7r9zsela,77,9hec8txm,170,mock_N08_N04_Aonly,DiscussionGRPWaitPage,1773013148,15,0,1
7r9zsela,80,jhdxyyhn,170,mock_N08_N04_Aonly,DiscussionGRPWaitPage,1773013148,15,0,1
7r9zsela,69,di6dz5qu,170,mock_N08_N04_Aonly,DiscussionGRPWaitPage,1773013148,15,0,1
7r9zsela,71,kwowsd72,170,mock_N08_N04_Aonly,DiscussionGRPWaitPage,1773013148,15,0,1
7r9zsela,82,vjaqjddd,170,mock_N08_N04_Aonly,DiscussionGRPWaitPage,1773013148,15,0,1
7r9zsela,88,8joemsb5,175,mock_N08_N04_Aonly,Discussion,1773013152,15,0,0
7r9zsela,82,vjaqjddd,175,mock_N08_N04_Aonly,Discussion,1773013153,15,0,0
7r9zsela,69,di6dz5qu,175,mock_N08_N04_Aonly,Discussion,1773013153,15,0,0
7r9zsela,91,jega9hzu,3,presurvey,Demographics,1773013154,1,0,0
7r9zsela,80,jhdxyyhn,175,mock_N08_N04_Aonly,Discussion,1773013154,15,0,0
7r9zsela,83,sn2aerab,175,mock_N08_N04_Aonly,Discussion,1773013155,15,0,0
7r9zsela,90,64obsllq,2,presurvey,AudioCheck,1773013157,1,0,0
7r9zsela,77,9hec8txm,175,mock_N08_N04_Aonly,Discussion,1773013159,15,0,0
7r9zsela,61,w7oet92o,175,mock_N08_N04_Aonly,Discussion,1773013159,15,0,0
7r9zsela,71,kwowsd72,175,mock_N08_N04_Aonly,Discussion,1773013170,15,0,0
7r9zsela,61,w7oet92o,181,mock_N08_N04_Aonly,DiscussionGRPWaitPage,1773013171,16,0,1
7r9zsela,83,sn2aerab,181,mock_N08_N04_Aonly,DiscussionGRPWaitPage,1773013171,16,0,1
7r9zsela,88,8joemsb5,181,mock_N08_N04_Aonly,DiscussionGRPWaitPage,1773013171,16,0,1
7r9zsela,77,9hec8txm,181,mock_N08_N04_Aonly,DiscussionGRPWaitPage,1773013171,16,0,1
7r9zsela,80,jhdxyyhn,181,mock_N08_N04_Aonly,DiscussionGRPWaitPage,1773013171,16,0,1
7r9zsela,69,di6dz5qu,181,mock_N08_N04_Aonly,DiscussionGRPWaitPage,1773013171,16,0,1
7r9zsela,71,kwowsd72,181,mock_N08_N04_Aonly,DiscussionGRPWaitPage,1773013171,16,0,1
7r9zsela,82,vjaqjddd,181,mock_N08_N04_Aonly,DiscussionGRPWaitPage,1773013171,16,0,1
7r9zsela,82,vjaqjddd,186,mock_N08_N04_Aonly,Discussion,1773013175,16,0,0
7r9zsela,61,w7oet92o,186,mock_N08_N04_Aonly,Discussion,1773013176,16,0,0
7r9zsela,69,di6dz5qu,186,mock_N08_N04_Aonly,Discussion,1773013177,16,0,0
7r9zsela,88,8joemsb5,186,mock_N08_N04_Aonly,Discussion,1773013177,16,0,0
7r9zsela,80,jhdxyyhn,186,mock_N08_N04_Aonly,Discussion,1773013178,16,0,0
7r9zsela,77,9hec8txm,186,mock_N08_N04_Aonly,Discussion,1773013180,16,0,0
7r9zsela,83,sn2aerab,186,mock_N08_N04_Aonly,Discussion,1773013185,16,0,0
7r9zsela,90,64obsllq,3,presurvey,Demographics,1773013188,1,0,0
7r9zsela,71,kwowsd72,186,mock_N08_N04_Aonly,Discussion,1773013192,16,0,0
7r9zsela,61,w7oet92o,192,mock_N08_N04_Aonly,DiscussionGRPWaitPage,1773013193,17,0,1
7r9zsela,77,9hec8txm,192,mock_N08_N04_Aonly,DiscussionGRPWaitPage,1773013193,17,0,1
7r9zsela,83,sn2aerab,192,mock_N08_N04_Aonly,DiscussionGRPWaitPage,1773013193,17,0,1
7r9zsela,80,jhdxyyhn,192,mock_N08_N04_Aonly,DiscussionGRPWaitPage,1773013193,17,0,1
7r9zsela,69,di6dz5qu,192,mock_N08_N04_Aonly,DiscussionGRPWaitPage,1773013193,17,0,1
7r9zsela,71,kwowsd72,192,mock_N08_N04_Aonly,DiscussionGRPWaitPage,1773013193,17,0,1
7r9zsela,82,vjaqjddd,192,mock_N08_N04_Aonly,DiscussionGRPWaitPage,1773013193,17,0,1
7r9zsela,88,8joemsb5,192,mock_N08_N04_Aonly,DiscussionGRPWaitPage,1773013193,17,0,1
7r9zsela,69,di6dz5qu,197,mock_N08_N04_Aonly,Discussion,1773013196,17,0,0
7r9zsela,77,9hec8txm,197,mock_N08_N04_Aonly,Discussion,1773013196,17,0,0
7r9zsela,82,vjaqjddd,197,mock_N08_N04_Aonly,Discussion,1773013197,17,0,0
7r9zsela,61,w7oet92o,197,mock_N08_N04_Aonly,Discussion,1773013197,17,0,0
7r9zsela,88,8joemsb5,197,mock_N08_N04_Aonly,Discussion,1773013197,17,0,0
7r9zsela,80,jhdxyyhn,197,mock_N08_N04_Aonly,Discussion,1773013198,17,0,0
7r9zsela,83,sn2aerab,197,mock_N08_N04_Aonly,Discussion,1773013208,17,0,0
7r9zsela,71,kwowsd72,197,mock_N08_N04_Aonly,Discussion,1773013213,17,0,0
7r9zsela,61,w7oet92o,203,mock_N08_N04_Aonly,DiscussionGRPWaitPage,1773013214,18,0,1
7r9zsela,77,9hec8txm,203,mock_N08_N04_Aonly,DiscussionGRPWaitPage,1773013214,18,0,1
7r9zsela,80,jhdxyyhn,203,mock_N08_N04_Aonly,DiscussionGRPWaitPage,1773013214,18,0,1
7r9zsela,83,sn2aerab,203,mock_N08_N04_Aonly,DiscussionGRPWaitPage,1773013214,18,0,1
7r9zsela,82,vjaqjddd,203,mock_N08_N04_Aonly,DiscussionGRPWaitPage,1773013214,18,0,1
7r9zsela,69,di6dz5qu,203,mock_N08_N04_Aonly,DiscussionGRPWaitPage,1773013214,18,0,1
7r9zsela,71,kwowsd72,203,mock_N08_N04_Aonly,DiscussionGRPWaitPage,1773013214,18,0,1
7r9zsela,88,8joemsb5,203,mock_N08_N04_Aonly,DiscussionGRPWaitPage,1773013214,18,0,1
7r9zsela,69,di6dz5qu,208,mock_N08_N04_Aonly,Discussion,1773013216,18,0,0
7r9zsela,61,w7oet92o,208,mock_N08_N04_Aonly,Discussion,1773013217,18,0,0
7r9zsela,88,8joemsb5,208,mock_N08_N04_Aonly,Discussion,1773013218,18,0,0
7r9zsela,82,vjaqjddd,208,mock_N08_N04_Aonly,Discussion,1773013218,18,0,0
7r9zsela,80,jhdxyyhn,208,mock_N08_N04_Aonly,Discussion,1773013219,18,0,0
7r9zsela,77,9hec8txm,208,mock_N08_N04_Aonly,Discussion,1773013222,18,0,0
7r9zsela,83,sn2aerab,208,mock_N08_N04_Aonly,Discussion,1773013223,18,0,0
7r9zsela,92,t2pqtw5w,0,,InitializeParticipant,1773013223,1,0,0
7r9zsela,71,kwowsd72,208,mock_N08_N04_Aonly,Discussion,1773013235,18,0,0
7r9zsela,61,w7oet92o,214,mock_N08_N04_Aonly,DiscussionGRPWaitPage,1773013236,19,0,1
7r9zsela,77,9hec8txm,214,mock_N08_N04_Aonly,DiscussionGRPWaitPage,1773013236,19,0,1
7r9zsela,80,jhdxyyhn,214,mock_N08_N04_Aonly,DiscussionGRPWaitPage,1773013236,19,0,1
7r9zsela,83,sn2aerab,214,mock_N08_N04_Aonly,DiscussionGRPWaitPage,1773013236,19,0,1
7r9zsela,69,di6dz5qu,214,mock_N08_N04_Aonly,DiscussionGRPWaitPage,1773013236,19,0,1
7r9zsela,71,kwowsd72,214,mock_N08_N04_Aonly,DiscussionGRPWaitPage,1773013236,19,0,1
7r9zsela,82,vjaqjddd,214,mock_N08_N04_Aonly,DiscussionGRPWaitPage,1773013236,19,0,1
7r9zsela,88,8joemsb5,214,mock_N08_N04_Aonly,DiscussionGRPWaitPage,1773013236,19,0,1
7r9zsela,88,8joemsb5,219,mock_N08_N04_Aonly,Discussion,1773013239,19,0,0
7r9zsela,61,w7oet92o,219,mock_N08_N04_Aonly,Discussion,1773013239,19,0,0
7r9zsela,69,di6dz5qu,219,mock_N08_N04_Aonly,Discussion,1773013239,19,0,0
7r9zsela,82,vjaqjddd,219,mock_N08_N04_Aonly,Discussion,1773013239,19,0,0
7r9zsela,92,t2pqtw5w,1,presurvey,Introduction,1773013240,1,0,0
7r9zsela,80,jhdxyyhn,219,mock_N08_N04_Aonly,Discussion,1773013242,19,0,0
7r9zsela,77,9hec8txm,219,mock_N08_N04_Aonly,Discussion,1773013244,19,0,0
7r9zsela,83,sn2aerab,219,mock_N08_N04_Aonly,Discussion,1773013249,19,0,0
7r9zsela,91,jega9hzu,4,presurvey,NeighborhoodInstruction,1773013256,1,0,0
7r9zsela,71,kwowsd72,219,mock_N08_N04_Aonly,Discussion,1773013257,19,0,0
7r9zsela,61,w7oet92o,225,mock_N08_N04_Aonly,DiscussionGRPWaitPage,1773013258,20,0,1
7r9zsela,77,9hec8txm,225,mock_N08_N04_Aonly,DiscussionGRPWaitPage,1773013258,20,0,1
7r9zsela,80,jhdxyyhn,225,mock_N08_N04_Aonly,DiscussionGRPWaitPage,1773013258,20,0,1
7r9zsela,83,sn2aerab,225,mock_N08_N04_Aonly,DiscussionGRPWaitPage,1773013258,20,0,1
7r9zsela,69,di6dz5qu,225,mock_N08_N04_Aonly,DiscussionGRPWaitPage,1773013258,20,0,1
7r9zsela,71,kwowsd72,225,mock_N08_N04_Aonly,DiscussionGRPWaitPage,1773013258,20,0,1
7r9zsela,82,vjaqjddd,225,mock_N08_N04_Aonly,DiscussionGRPWaitPage,1773013258,20,0,1
7r9zsela,88,8joemsb5,225,mock_N08_N04_Aonly,DiscussionGRPWaitPage,1773013258,20,0,1
7r9zsela,88,8joemsb5,230,mock_N08_N04_Aonly,Discussion,1773013261,20,0,0
7r9zsela,69,di6dz5qu,230,mock_N08_N04_Aonly,Discussion,1773013262,20,0,0
7r9zsela,80,jhdxyyhn,230,mock_N08_N04_Aonly,Discussion,1773013263,20,0,0
7r9zsela,61,w7oet92o,230,mock_N08_N04_Aonly,Discussion,1773013264,20,0,0
7r9zsela,82,vjaqjddd,230,mock_N08_N04_Aonly,Discussion,1773013264,20,0,0
7r9zsela,83,sn2aerab,230,mock_N08_N04_Aonly,Discussion,1773013264,20,0,0
7r9zsela,77,9hec8txm,230,mock_N08_N04_Aonly,Discussion,1773013267,20,0,0
7r9zsela,92,t2pqtw5w,2,presurvey,AudioCheck,1773013268,1,0,0
7r9zsela,92,t2pqtw5w,3,presurvey,Demographics,1773013281,1,0,0
7r9zsela,71,kwowsd72,230,mock_N08_N04_Aonly,Discussion,1773013285,20,0,0
7r9zsela,61,w7oet92o,231,mock_N08_N04_Aonly,FinalRoundWaitPage,1773013285,20,0,1
7r9zsela,77,9hec8txm,231,mock_N08_N04_Aonly,FinalRoundWaitPage,1773013285,20,0,1
7r9zsela,80,jhdxyyhn,231,mock_N08_N04_Aonly,FinalRoundWaitPage,1773013285,20,0,1
7r9zsela,83,sn2aerab,231,mock_N08_N04_Aonly,FinalRoundWaitPage,1773013285,20,0,1
7r9zsela,88,8joemsb5,231,mock_N08_N04_Aonly,FinalRoundWaitPage,1773013285,20,0,1
7r9zsela,69,di6dz5qu,231,mock_N08_N04_Aonly,FinalRoundWaitPage,1773013285,20,0,1
7r9zsela,82,vjaqjddd,231,mock_N08_N04_Aonly,FinalRoundWaitPage,1773013285,20,0,1
7r9zsela,71,kwowsd72,231,mock_N08_N04_Aonly,FinalRoundWaitPage,1773013285,20,0,1
7r9zsela,69,di6dz5qu,232,mock_N08_N04_Aonly,FinalRound,1773013289,20,0,0
7r9zsela,92,t2pqtw5w,4,presurvey,NeighborhoodInstruction,1773013290,1,0,0
7r9zsela,80,jhdxyyhn,232,mock_N08_N04_Aonly,FinalRound,1773013294,20,0,0
7r9zsela,77,9hec8txm,232,mock_N08_N04_Aonly,FinalRound,1773013294,20,0,0
7r9zsela,83,sn2aerab,232,mock_N08_N04_Aonly,FinalRound,1773013295,20,0,0
7r9zsela,88,8joemsb5,232,mock_N08_N04_Aonly,FinalRound,1773013297,20,0,0
7r9zsela,61,w7oet92o,232,mock_N08_N04_Aonly,FinalRound,1773013302,20,0,0
7r9zsela,71,kwowsd72,232,mock_N08_N04_Aonly,FinalRound,1773013315,20,0,0
7r9zsela,92,t2pqtw5w,5,presurvey,Training,1773013317,1,0,0
7r9zsela,82,vjaqjddd,232,mock_N08_N04_Aonly,FinalRound,1773013318,20,0,0
7r9zsela,92,t2pqtw5w,6,presurvey,TrainingNeighbor_1,1773013379,1,0,0
7r9zsela,92,t2pqtw5w,7,presurvey,TrainingNeighbor_2,1773013388,1,0,0
7r9zsela,91,jega9hzu,5,presurvey,Training,1773013391,1,0,0
7r9zsela,92,t2pqtw5w,10,presurvey,ExperimentInstruction,1773013410,1,0,0
7r9zsela,78,s7jtt66w,13,mock_N08_N04_Aonly,GroupingWaitPage,1773013423,1,0,1
7r9zsela,92,t2pqtw5w,11,presurvey,Scenario,1773013434,1,0,0
7r9zsela,78,s7jtt66w,14,mock_N08_N04_Aonly,GroupSizeWaitPage,1773013435,1,0,1
7r9zsela,78,s7jtt66w,15,mock_N08_N04_Aonly,AttentionCheck,1773013451,1,0,0
7r9zsela,92,t2pqtw5w,12,presurvey,Commitment,1773013464,1,0,0
7r9zsela,93,3s6bsbs8,0,,InitializeParticipant,1773013475,1,0,0
7r9zsela,91,jega9hzu,6,presurvey,TrainingNeighbor_1,1773013475,1,0,0
7r9zsela,91,jega9hzu,10,presurvey,ExperimentInstruction,1773013482,1,0,0
7r9zsela,93,3s6bsbs8,1,presurvey,Introduction,1773013486,1,0,0
7r9zsela,93,3s6bsbs8,2,presurvey,AudioCheck,1773013523,1,0,0
7r9zsela,93,3s6bsbs8,3,presurvey,Demographics,1773013549,1,0,0
7r9zsela,91,jega9hzu,11,presurvey,Scenario,1773013558,1,0,0
7r9zsela,94,t3clqou4,0,,InitializeParticipant,1773013638,1,0,0
7r9zsela,95,2uilekec,0,,InitializeParticipant,1773013654,1,0,0
7r9zsela,94,t3clqou4,1,presurvey,Introduction,1773013670,1,0,0
7r9zsela,96,h5cppn9j,0,,InitializeParticipant,1773013682,1,0,0
7r9zsela,95,2uilekec,1,presurvey,Introduction,1773013685,1,0,0
7r9zsela,96,h5cppn9j,1,presurvey,Introduction,1773013690,1,0,0
7r9zsela,96,h5cppn9j,2,presurvey,AudioCheck,1773013699,1,0,0
7r9zsela,96,h5cppn9j,3,presurvey,Demographics,1773013708,1,0,0
7r9zsela,96,h5cppn9j,4,presurvey,NeighborhoodInstruction,1773013715,1,0,0
7r9zsela,96,h5cppn9j,5,presurvey,Training,1773013730,1,0,0
7r9zsela,97,na54a8b2,0,,InitializeParticipant,1773013740,1,0,0
7r9zsela,97,na54a8b2,1,presurvey,Introduction,1773013746,1,0,0
7r9zsela,96,h5cppn9j,6,presurvey,TrainingNeighbor_1,1773013756,1,0,0
7r9zsela,97,na54a8b2,2,presurvey,AudioCheck,1773013760,1,0,0
7r9zsela,97,na54a8b2,3,presurvey,Demographics,1773013774,1,0,0
7r9zsela,98,q4tqhcys,0,,InitializeParticipant,1773013776,1,0,0
7r9zsela,96,h5cppn9j,10,presurvey,ExperimentInstruction,1773013776,1,0,0
7r9zsela,98,q4tqhcys,1,presurvey,Introduction,1773013782,1,0,0
7r9zsela,97,na54a8b2,4,presurvey,NeighborhoodInstruction,1773013790,1,0,0
7r9zsela,94,t3clqou4,2,presurvey,AudioCheck,1773013790,1,0,0
7r9zsela,98,q4tqhcys,2,presurvey,AudioCheck,1773013801,1,0,0
7r9zsela,96,h5cppn9j,11,presurvey,Scenario,1773013806,1,0,0
7r9zsela,94,t3clqou4,3,presurvey,Demographics,1773013810,1,0,0
7r9zsela,97,na54a8b2,5,presurvey,Training,1773013813,1,0,0
7r9zsela,98,q4tqhcys,3,presurvey,Demographics,1773013816,1,0,0
7r9zsela,94,t3clqou4,4,presurvey,NeighborhoodInstruction,1773013834,1,0,0
7r9zsela,96,h5cppn9j,12,presurvey,Commitment,1773013840,1,0,0
7r9zsela,97,na54a8b2,6,presurvey,TrainingNeighbor_1,1773013843,1,0,0
7r9zsela,98,q4tqhcys,4,presurvey,NeighborhoodInstruction,1773013845,1,0,0
7r9zsela,97,na54a8b2,7,presurvey,TrainingNeighbor_2,1773013850,1,0,0
7r9zsela,97,na54a8b2,10,presurvey,ExperimentInstruction,1773013858,1,0,0
7r9zsela,94,t3clqou4,5,presurvey,Training,1773013863,1,0,0
7r9zsela,97,na54a8b2,11,presurvey,Scenario,1773013888,1,0,0
7r9zsela,98,q4tqhcys,5,presurvey,Training,1773013890,1,0,0
7r9zsela,94,t3clqou4,6,presurvey,TrainingNeighbor_1,1773013911,1,0,0
7r9zsela,98,q4tqhcys,6,presurvey,TrainingNeighbor_1,1773013925,1,0,0
7r9zsela,93,3s6bsbs8,4,presurvey,NeighborhoodInstruction,1773013930,1,0,0
7r9zsela,98,q4tqhcys,10,presurvey,ExperimentInstruction,1773013936,1,0,0
7r9zsela,93,3s6bsbs8,5,presurvey,Training,1773013961,1,0,0
7r9zsela,98,q4tqhcys,11,presurvey,Scenario,1773013973,1,0,0
7r9zsela,93,3s6bsbs8,6,presurvey,TrainingNeighbor_1,1773013982,1,0,0
7r9zsela,99,d4k8s6np,0,,InitializeParticipant,1773013991,1,0,0
7r9zsela,85,rdmnci4k,13,mock_N08_N04_Aonly,GroupingWaitPage,1773013992,1,0,1
7r9zsela,85,rdmnci4k,14,mock_N08_N04_Aonly,GroupSizeWaitPage,1773013992,1,0,1
7r9zsela,93,3s6bsbs8,10,presurvey,ExperimentInstruction,1773013994,1,0,0
7r9zsela,85,rdmnci4k,15,mock_N08_N04_Aonly,AttentionCheck,1773014004,1,0,0
7r9zsela,99,d4k8s6np,1,presurvey,Introduction,1773014018,1,0,0
7r9zsela,99,d4k8s6np,2,presurvey,AudioCheck,1773014039,1,0,0
7r9zsela,93,3s6bsbs8,11,presurvey,Scenario,1773014043,1,0,0
7r9zsela,100,8k51se97,0,,InitializeParticipant,1773014062,1,0,0
7r9zsela,99,d4k8s6np,3,presurvey,Demographics,1773014063,1,0,0
7r9zsela,93,3s6bsbs8,12,presurvey,Commitment,1773014078,1,0,0
7r9zsela,99,d4k8s6np,4,presurvey,NeighborhoodInstruction,1773014082,1,0,0
7r9zsela,100,8k51se97,1,presurvey,Introduction,1773014091,1,0,0
7r9zsela,100,8k51se97,2,presurvey,AudioCheck,1773014130,1,0,0
7r9zsela,99,d4k8s6np,5,presurvey,Training,1773014145,1,0,0
7r9zsela,100,8k51se97,3,presurvey,Demographics,1773014153,1,0,0
7r9zsela,100,8k51se97,4,presurvey,NeighborhoodInstruction,1773014184,1,0,0
7r9zsela,99,d4k8s6np,6,presurvey,TrainingNeighbor_1,1773014190,1,0,0
7r9zsela,101,5ayo20wo,0,,InitializeParticipant,1773014192,1,0,0
7r9zsela,101,5ayo20wo,1,presurvey,Introduction,1773014196,1,0,0
7r9zsela,99,d4k8s6np,10,presurvey,ExperimentInstruction,1773014203,1,0,0
7r9zsela,101,5ayo20wo,2,presurvey,AudioCheck,1773014218,1,0,0
7r9zsela,100,8k51se97,5,presurvey,Training,1773014223,1,0,0
7r9zsela,101,5ayo20wo,3,presurvey,Demographics,1773014244,1,0,0
7r9zsela,99,d4k8s6np,11,presurvey,Scenario,1773014250,1,0,0
7r9zsela,100,8k51se97,6,presurvey,TrainingNeighbor_1,1773014255,1,0,0
7r9zsela,101,5ayo20wo,4,presurvey,NeighborhoodInstruction,1773014264,1,0,0
7r9zsela,102,t6vddd33,0,,InitializeParticipant,1773014269,1,0,0
7r9zsela,100,8k51se97,10,presurvey,ExperimentInstruction,1773014270,1,0,0
7r9zsela,102,t6vddd33,1,presurvey,Introduction,1773014287,1,0,0
7r9zsela,101,5ayo20wo,5,presurvey,Training,1773014291,1,0,0
7r9zsela,99,d4k8s6np,12,presurvey,Commitment,1773014312,1,0,0
7r9zsela,100,8k51se97,11,presurvey,Scenario,1773014315,1,0,0
7r9zsela,101,5ayo20wo,6,presurvey,TrainingNeighbor_1,1773014332,1,0,0
7r9zsela,102,t6vddd33,2,presurvey,AudioCheck,1773014334,1,0,0
7r9zsela,101,5ayo20wo,10,presurvey,ExperimentInstruction,1773014340,1,0,0
7r9zsela,102,t6vddd33,3,presurvey,Demographics,1773014347,1,0,0
7r9zsela,101,5ayo20wo,11,presurvey,Scenario,1773014366,1,0,0
7r9zsela,102,t6vddd33,4,presurvey,NeighborhoodInstruction,1773014367,1,0,0
7r9zsela,102,t6vddd33,5,presurvey,Training,1773014392,1,0,0
7r9zsela,101,5ayo20wo,12,presurvey,Commitment,1773014399,1,0,0
7r9zsela,102,t6vddd33,6,presurvey,TrainingNeighbor_1,1773014428,1,0,0
7r9zsela,102,t6vddd33,10,presurvey,ExperimentInstruction,1773014436,1,0,0
7r9zsela,102,t6vddd33,11,presurvey,Scenario,1773014475,1,0,0
7r9zsela,102,t6vddd33,12,presurvey,Commitment,1773014506,1,0,0
7r9zsela,103,ttqzqed8,0,,InitializeParticipant,1773014540,1,0,0
7r9zsela,104,n8i51gz2,0,,InitializeParticipant,1773014611,1,0,0
7r9zsela,103,ttqzqed8,1,presurvey,Introduction,1773014620,1,0,0
7r9zsela,103,ttqzqed8,2,presurvey,AudioCheck,1773014638,1,0,0
7r9zsela,104,n8i51gz2,1,presurvey,Introduction,1773014640,1,0,0
7r9zsela,104,n8i51gz2,2,presurvey,AudioCheck,1773014655,1,0,0
7r9zsela,104,n8i51gz2,3,presurvey,Demographics,1773014668,1,0,0
7r9zsela,92,t2pqtw5w,13,mock_N08_N04_Aonly,GroupingWaitPage,1773014670,1,0,1
7r9zsela,92,t2pqtw5w,14,mock_N08_N04_Aonly,GroupSizeWaitPage,1773014670,1,0,1
7r9zsela,105,a4cbnamy,0,,InitializeParticipant,1773014671,1,0,0
7r9zsela,92,t2pqtw5w,15,mock_N08_N04_Aonly,AttentionCheck,1773014675,1,0,0
7r9zsela,103,ttqzqed8,3,presurvey,Demographics,1773014681,1,0,0
7r9zsela,105,a4cbnamy,1,presurvey,Introduction,1773014682,1,0,0
7r9zsela,104,n8i51gz2,4,presurvey,NeighborhoodInstruction,1773014682,1,0,0
7r9zsela,105,a4cbnamy,2,presurvey,AudioCheck,1773014705,1,0,0
7r9zsela,104,n8i51gz2,5,presurvey,Training,1773014713,1,0,0
7r9zsela,103,ttqzqed8,4,presurvey,NeighborhoodInstruction,1773014713,1,0,0
7r9zsela,104,n8i51gz2,6,presurvey,TrainingNeighbor_1,1773014751,1,0,0
7r9zsela,104,n8i51gz2,10,presurvey,ExperimentInstruction,1773014759,1,0,0
7r9zsela,106,tl9bg7l3,0,,InitializeParticipant,1773014775,1,0,0
7r9zsela,103,ttqzqed8,5,presurvey,Training,1773014793,1,0,0
7r9zsela,104,n8i51gz2,11,presurvey,Scenario,1773014800,1,0,0
7r9zsela,107,0zwy5ps8,0,,InitializeParticipant,1773014836,1,0,0
7r9zsela,104,n8i51gz2,12,presurvey,Commitment,1773014837,1,0,0
7r9zsela,107,0zwy5ps8,1,presurvey,Introduction,1773014845,1,0,0
7r9zsela,106,tl9bg7l3,1,presurvey,Introduction,1773014852,1,0,0
7r9zsela,107,0zwy5ps8,2,presurvey,AudioCheck,1773014858,1,0,0
7r9zsela,103,ttqzqed8,6,presurvey,TrainingNeighbor_1,1773014859,1,0,0
7r9zsela,107,0zwy5ps8,3,presurvey,Demographics,1773014868,1,0,0
7r9zsela,108,9oyl42fz,0,,InitializeParticipant,1773014880,1,0,0
7r9zsela,107,0zwy5ps8,4,presurvey,NeighborhoodInstruction,1773014885,1,0,0
7r9zsela,108,9oyl42fz,1,presurvey,Introduction,1773014891,1,0,0
7r9zsela,103,ttqzqed8,7,presurvey,TrainingNeighbor_2,1773014894,1,0,0
7r9zsela,106,tl9bg7l3,2,presurvey,AudioCheck,1773014905,1,0,0
7r9zsela,107,0zwy5ps8,5,presurvey,Training,1773014908,1,0,0
7r9zsela,108,9oyl42fz,2,presurvey,AudioCheck,1773014912,1,0,0
7r9zsela,106,tl9bg7l3,3,presurvey,Demographics,1773014922,1,0,0
7r9zsela,108,9oyl42fz,3,presurvey,Demographics,1773014927,1,0,0
7r9zsela,109,p458wxya,0,,InitializeParticipant,1773014933,1,0,0
7r9zsela,107,0zwy5ps8,6,presurvey,TrainingNeighbor_1,1773014935,1,0,0
7r9zsela,109,p458wxya,1,presurvey,Introduction,1773014937,1,0,0
7r9zsela,107,0zwy5ps8,7,presurvey,TrainingNeighbor_2,1773014939,1,0,0
7r9zsela,110,3xtcymd6,0,,InitializeParticipant,1773014940,1,0,0
7r9zsela,107,0zwy5ps8,10,presurvey,ExperimentInstruction,1773014943,1,0,0
7r9zsela,108,9oyl42fz,4,presurvey,NeighborhoodInstruction,1773014947,1,0,0
7r9zsela,109,p458wxya,2,presurvey,AudioCheck,1773014947,1,0,0
7r9zsela,103,ttqzqed8,10,presurvey,ExperimentInstruction,1773014954,1,0,0
7r9zsela,110,3xtcymd6,1,presurvey,Introduction,1773014959,1,0,0
7r9zsela,107,0zwy5ps8,11,presurvey,Scenario,1773014969,1,0,0
7r9zsela,111,g54ws92p,0,,InitializeParticipant,1773014980,1,0,0
7r9zsela,106,tl9bg7l3,4,presurvey,NeighborhoodInstruction,1773014988,1,0,0
7r9zsela,110,3xtcymd6,2,presurvey,AudioCheck,1773014989,1,0,0
7r9zsela,112,ducfvhdt,0,,InitializeParticipant,1773014992,1,0,0
7r9zsela,103,ttqzqed8,11,presurvey,Scenario,1773014993,1,0,0
7r9zsela,112,ducfvhdt,1,presurvey,Introduction,1773014995,1,0,0
7r9zsela,107,0zwy5ps8,12,presurvey,Commitment,1773014999,1,0,0
7r9zsela,111,g54ws92p,1,presurvey,Introduction,1773015000,1,0,0
7r9zsela,110,3xtcymd6,3,presurvey,Demographics,1773015003,1,0,0
7r9zsela,108,9oyl42fz,5,presurvey,Training,1773015009,1,0,0
7r9zsela,113,ytfff4ha,0,,InitializeParticipant,1773015019,1,0,0
7r9zsela,112,ducfvhdt,2,presurvey,AudioCheck,1773015019,1,0,0
7r9zsela,113,ytfff4ha,1,presurvey,Introduction,1773015029,1,0,0
7r9zsela,114,w4x8m5x5,0,,InitializeParticipant,1773015031,1,0,0
7r9zsela,114,w4x8m5x5,1,presurvey,Introduction,1773015033,1,0,0
7r9zsela,112,ducfvhdt,3,presurvey,Demographics,1773015036,1,0,0
7r9zsela,110,3xtcymd6,4,presurvey,NeighborhoodInstruction,1773015044,1,0,0
7r9zsela,108,9oyl42fz,6,presurvey,TrainingNeighbor_1,1773015045,1,0,0
7r9zsela,108,9oyl42fz,7,presurvey,TrainingNeighbor_2,1773015051,1,0,0
7r9zsela,103,ttqzqed8,12,presurvey,Commitment,1773015053,1,0,0
7r9zsela,113,ytfff4ha,2,presurvey,AudioCheck,1773015053,1,0,0
7r9zsela,112,ducfvhdt,4,presurvey,NeighborhoodInstruction,1773015056,1,0,0
7r9zsela,108,9oyl42fz,10,presurvey,ExperimentInstruction,1773015056,1,0,0
7r9zsela,106,tl9bg7l3,5,presurvey,Training,1773015061,1,0,0
7r9zsela,114,w4x8m5x5,2,presurvey,AudioCheck,1773015068,1,0,0
7r9zsela,115,rkigjidu,0,,InitializeParticipant,1773015073,1,0,0
7r9zsela,113,ytfff4ha,3,presurvey,Demographics,1773015073,1,0,0
7r9zsela,112,ducfvhdt,5,presurvey,Training,1773015077,1,0,0
7r9zsela,113,ytfff4ha,4,presurvey,NeighborhoodInstruction,1773015083,1,0,0
7r9zsela,115,rkigjidu,1,presurvey,Introduction,1773015094,1,0,0
7r9zsela,110,3xtcymd6,5,presurvey,Training,1773015094,1,0,0
7r9zsela,113,ytfff4ha,5,presurvey,Training,1773015102,1,0,0
7r9zsela,112,ducfvhdt,6,presurvey,TrainingNeighbor_1,1773015102,1,0,0
7r9zsela,112,ducfvhdt,10,presurvey,ExperimentInstruction,1773015106,1,0,0
7r9zsela,108,9oyl42fz,11,presurvey,Scenario,1773015112,1,0,0
7r9zsela,115,rkigjidu,2,presurvey,AudioCheck,1773015115,1,0,0
7r9zsela,116,bnsv2ein,0,,InitializeParticipant,1773015115,1,0,0
7r9zsela,113,ytfff4ha,6,presurvey,TrainingNeighbor_1,1773015126,1,0,0
7r9zsela,116,bnsv2ein,1,presurvey,Introduction,1773015127,1,0,0
7r9zsela,115,rkigjidu,3,presurvey,Demographics,1773015131,1,0,0
7r9zsela,114,w4x8m5x5,3,presurvey,Demographics,1773015132,1,0,0
7r9zsela,113,ytfff4ha,7,presurvey,TrainingNeighbor_2,1773015133,1,0,0
7r9zsela,110,3xtcymd6,6,presurvey,TrainingNeighbor_1,1773015137,1,0,0
7r9zsela,106,tl9bg7l3,6,presurvey,TrainingNeighbor_1,1773015137,1,0,0
7r9zsela,110,3xtcymd6,7,presurvey,TrainingNeighbor_2,1773015140,1,0,0
7r9zsela,113,ytfff4ha,10,presurvey,ExperimentInstruction,1773015141,1,0,0
7r9zsela,116,bnsv2ein,2,presurvey,AudioCheck,1773015142,1,0,0
7r9zsela,110,3xtcymd6,10,presurvey,ExperimentInstruction,1773015145,1,0,0
7r9zsela,112,ducfvhdt,11,presurvey,Scenario,1773015149,1,0,0
7r9zsela,106,tl9bg7l3,10,presurvey,ExperimentInstruction,1773015154,1,0,0
7r9zsela,116,bnsv2ein,3,presurvey,Demographics,1773015155,1,0,0
7r9zsela,113,ytfff4ha,11,presurvey,Scenario,1773015158,1,0,0
7r9zsela,108,9oyl42fz,12,presurvey,Commitment,1773015162,1,0,0
7r9zsela,116,bnsv2ein,4,presurvey,NeighborhoodInstruction,1773015165,1,0,0
7r9zsela,115,rkigjidu,4,presurvey,NeighborhoodInstruction,1773015167,1,0,0
7r9zsela,113,ytfff4ha,12,presurvey,Commitment,1773015172,1,0,0
7r9zsela,114,w4x8m5x5,4,presurvey,NeighborhoodInstruction,1773015202,1,0,0
7r9zsela,110,3xtcymd6,11,presurvey,Scenario,1773015206,1,0,0
7r9zsela,117,wcbl10qs,0,,InitializeParticipant,1773015213,1,0,0
7r9zsela,117,wcbl10qs,1,presurvey,Introduction,1773015217,1,0,0
7r9zsela,115,rkigjidu,5,presurvey,Training,1773015220,1,0,0
7r9zsela,106,tl9bg7l3,11,presurvey,Scenario,1773015232,1,0,0
7r9zsela,114,w4x8m5x5,5,presurvey,Training,1773015235,1,0,0
7r9zsela,117,wcbl10qs,2,presurvey,AudioCheck,1773015236,1,0,0
7r9zsela,117,wcbl10qs,3,presurvey,Demographics,1773015257,1,0,0
7r9zsela,114,w4x8m5x5,6,presurvey,TrainingNeighbor_1,1773015268,1,0,0
7r9zsela,114,w4x8m5x5,7,presurvey,TrainingNeighbor_2,1773015276,1,0,0
7r9zsela,118,kb4q2ftd,0,,InitializeParticipant,1773015276,1,0,0
7r9zsela,93,3s6bsbs8,13,mock_N08_N04_Aonly,GroupingWaitPage,1773015280,1,0,1
7r9zsela,93,3s6bsbs8,14,mock_N08_N04_Aonly,GroupSizeWaitPage,1773015281,1,0,1
7r9zsela,114,w4x8m5x5,10,presurvey,ExperimentInstruction,1773015281,1,0,0
7r9zsela,115,rkigjidu,6,presurvey,TrainingNeighbor_1,1773015292,1,0,0
7r9zsela,119,1snfiyen,0,,InitializeParticipant,1773015294,1,0,0
7r9zsela,93,3s6bsbs8,15,mock_N08_N04_Aonly,AttentionCheck,1773015295,1,0,0
7r9zsela,119,1snfiyen,1,presurvey,Introduction,1773015297,1,0,0
7r9zsela,120,un7mhsg4,0,,InitializeParticipant,1773015297,1,0,0
7r9zsela,121,01vgn6aa,0,,InitializeParticipant,1773015299,1,0,0
7r9zsela,120,un7mhsg4,1,presurvey,Introduction,1773015305,1,0,0
7r9zsela,121,01vgn6aa,1,presurvey,Introduction,1773015310,1,0,0
7r9zsela,119,1snfiyen,2,presurvey,AudioCheck,1773015312,1,0,0
7r9zsela,114,w4x8m5x5,11,presurvey,Scenario,1773015316,1,0,0
7r9zsela,118,kb4q2ftd,1,presurvey,Introduction,1773015318,1,0,0
7r9zsela,119,1snfiyen,3,presurvey,Demographics,1773015325,1,0,0
7r9zsela,118,kb4q2ftd,2,presurvey,AudioCheck,1773015333,1,0,0
7r9zsela,115,rkigjidu,7,presurvey,TrainingNeighbor_2,1773015342,1,0,0
7r9zsela,117,wcbl10qs,4,presurvey,NeighborhoodInstruction,1773015342,1,0,0
7r9zsela,119,1snfiyen,4,presurvey,NeighborhoodInstruction,1773015342,1,0,0
7r9zsela,109,p458wxya,3,presurvey,Demographics,1773015345,1,0,0
7r9zsela,120,un7mhsg4,2,presurvey,AudioCheck,1773015349,1,0,0
7r9zsela,118,kb4q2ftd,3,presurvey,Demographics,1773015355,1,0,0
7r9zsela,115,rkigjidu,8,presurvey,AttentionCheck,1773015357,1,0,0
7r9zsela,117,wcbl10qs,5,presurvey,Training,1773015361,1,0,0
7r9zsela,115,rkigjidu,9,presurvey,TrainingNeighbor_3,1773015366,1,0,0
7r9zsela,120,un7mhsg4,3,presurvey,Demographics,1773015366,1,0,0
7r9zsela,115,rkigjidu,10,presurvey,ExperimentInstruction,1773015372,1,0,0
7r9zsela,118,kb4q2ftd,4,presurvey,NeighborhoodInstruction,1773015375,1,0,0
7r9zsela,109,p458wxya,4,presurvey,NeighborhoodInstruction,1773015377,1,0,0
7r9zsela,121,01vgn6aa,2,presurvey,AudioCheck,1773015380,1,0,0
7r9zsela,122,8z2k2jvx,0,,InitializeParticipant,1773015388,1,0,0
7r9zsela,119,1snfiyen,5,presurvey,Training,1773015388,1,0,0
7r9zsela,117,wcbl10qs,6,presurvey,TrainingNeighbor_1,1773015388,1,0,0
7r9zsela,118,kb4q2ftd,5,presurvey,Training,1773015397,1,0,0
7r9zsela,122,8z2k2jvx,1,presurvey,Introduction,1773015397,1,0,0
7r9zsela,109,p458wxya,5,presurvey,Training,1773015410,1,0,0
7r9zsela,119,1snfiyen,6,presurvey,TrainingNeighbor_1,1773015413,1,0,0
7r9zsela,114,w4x8m5x5,12,presurvey,Commitment,1773015415,1,0,0
7r9zsela,119,1snfiyen,10,presurvey,ExperimentInstruction,1773015419,1,0,0
7r9zsela,115,rkigjidu,11,presurvey,Scenario,1773015436,1,0,0
7r9zsela,119,1snfiyen,11,presurvey,Scenario,1773015443,1,0,0
7r9zsela,122,8z2k2jvx,2,presurvey,AudioCheck,1773015446,1,0,0
7r9zsela,118,kb4q2ftd,6,presurvey,TrainingNeighbor_1,1773015447,1,0,0
7r9zsela,117,wcbl10qs,7,presurvey,TrainingNeighbor_2,1773015453,1,0,0
7r9zsela,99,d4k8s6np,13,mock_N08_N04_Aonly,GroupingWaitPage,1773015453,1,0,1
7r9zsela,99,d4k8s6np,14,mock_N08_N04_Aonly,GroupSizeWaitPage,1773015454,1,0,1
7r9zsela,118,kb4q2ftd,7,presurvey,TrainingNeighbor_2,1773015454,1,0,0
7r9zsela,99,d4k8s6np,15,mock_N08_N04_Aonly,AttentionCheck,1773015464,1,0,0
7r9zsela,118,kb4q2ftd,10,presurvey,ExperimentInstruction,1773015467,1,0,0
7r9zsela,122,8z2k2jvx,3,presurvey,Demographics,1773015470,1,0,0
7r9zsela,117,wcbl10qs,8,presurvey,AttentionCheck,1773015473,1,0,0
7r9zsela,109,p458wxya,6,presurvey,TrainingNeighbor_1,1773015478,1,0,0
7r9zsela,109,p458wxya,7,presurvey,TrainingNeighbor_2,1773015485,1,0,0
7r9zsela,117,wcbl10qs,9,presurvey,TrainingNeighbor_3,1773015486,1,0,0
7r9zsela,121,01vgn6aa,3,presurvey,Demographics,1773015486,1,0,0
7r9zsela,109,p458wxya,10,presurvey,ExperimentInstruction,1773015488,1,0,0
7r9zsela,117,wcbl10qs,10,presurvey,ExperimentInstruction,1773015489,1,0,0
7r9zsela,120,un7mhsg4,4,presurvey,NeighborhoodInstruction,1773015493,1,0,0
7r9zsela,115,rkigjidu,12,presurvey,Commitment,1773015505,1,0,0
7r9zsela,120,un7mhsg4,5,presurvey,Training,1773015506,1,0,0
7r9zsela,118,kb4q2ftd,11,presurvey,Scenario,1773015520,1,0,0
7r9zsela,122,8z2k2jvx,4,presurvey,NeighborhoodInstruction,1773015523,1,0,0
7r9zsela,121,01vgn6aa,4,presurvey,NeighborhoodInstruction,1773015531,1,0,0
7r9zsela,109,p458wxya,11,presurvey,Scenario,1773015535,1,0,0
7r9zsela,116,bnsv2ein,5,presurvey,Training,1773015539,1,0,0
7r9zsela,101,5ayo20wo,13,mock_N08_N04_Aonly,GroupingWaitPage,1773015544,1,0,1
7r9zsela,109,p458wxya,12,presurvey,Commitment,1773015544,1,0,0
7r9zsela,101,5ayo20wo,14,mock_N08_N04_Aonly,GroupSizeWaitPage,1773015544,1,0,1
7r9zsela,120,un7mhsg4,6,presurvey,TrainingNeighbor_1,1773015549,1,0,0
7r9zsela,101,5ayo20wo,15,mock_N08_N04_Aonly,AttentionCheck,1773015550,1,0,0
7r9zsela,120,un7mhsg4,10,presurvey,ExperimentInstruction,1773015553,1,0,0
7r9zsela,117,wcbl10qs,11,presurvey,Scenario,1773015556,1,0,0
7r9zsela,116,bnsv2ein,6,presurvey,TrainingNeighbor_1,1773015566,1,0,0
7r9zsela,120,un7mhsg4,11,presurvey,Scenario,1773015571,1,0,0
7r9zsela,122,8z2k2jvx,5,presurvey,Training,1773015573,1,0,0
7r9zsela,121,01vgn6aa,5,presurvey,Training,1773015587,1,0,0
7r9zsela,116,bnsv2ein,10,presurvey,ExperimentInstruction,1773015595,1,0,0
7r9zsela,123,f543247v,0,,InitializeParticipant,1773015602,1,0,0
7r9zsela,123,f543247v,1,presurvey,Introduction,1773015611,1,0,0
7r9zsela,117,wcbl10qs,12,presurvey,Commitment,1773015615,1,0,0
7r9zsela,124,xqzgsf2x,0,,InitializeParticipant,1773015619,1,0,0
7r9zsela,118,kb4q2ftd,12,presurvey,Commitment,1773015625,1,0,0
7r9zsela,124,xqzgsf2x,1,presurvey,Introduction,1773015627,1,0,0
7r9zsela,116,bnsv2ein,11,presurvey,Scenario,1773015634,1,0,0
7r9zsela,123,f543247v,2,presurvey,AudioCheck,1773015635,1,0,0
7r9zsela,102,t6vddd33,13,mock_N08_N04_Aonly,GroupingWaitPage,1773015647,1,0,1
7r9zsela,102,t6vddd33,14,mock_N08_N04_Aonly,GroupSizeWaitPage,1773015647,1,0,1
7r9zsela,121,01vgn6aa,6,presurvey,TrainingNeighbor_1,1773015649,1,0,0
7r9zsela,124,xqzgsf2x,2,presurvey,AudioCheck,1773015650,1,0,0
7r9zsela,122,8z2k2jvx,6,presurvey,TrainingNeighbor_1,1773015651,1,0,0
7r9zsela,116,bnsv2ein,12,presurvey,Commitment,1773015658,1,0,0
7r9zsela,102,t6vddd33,15,mock_N08_N04_Aonly,AttentionCheck,1773015658,1,0,0
7r9zsela,123,f543247v,3,presurvey,Demographics,1773015661,1,0,0
7r9zsela,122,8z2k2jvx,10,presurvey,ExperimentInstruction,1773015663,1,0,0
7r9zsela,121,01vgn6aa,10,presurvey,ExperimentInstruction,1773015665,1,0,0
7r9zsela,124,xqzgsf2x,3,presurvey,Demographics,1773015673,1,0,0
7r9zsela,123,f543247v,4,presurvey,NeighborhoodInstruction,1773015675,1,0,0
7r9zsela,124,xqzgsf2x,4,presurvey,NeighborhoodInstruction,1773015697,1,0,0
7r9zsela,123,f543247v,5,presurvey,Training,1773015702,1,0,0
7r9zsela,122,8z2k2jvx,11,presurvey,Scenario,1773015722,1,0,0
7r9zsela,124,xqzgsf2x,5,presurvey,Training,1773015727,1,0,0
7r9zsela,123,f543247v,6,presurvey,TrainingNeighbor_1,1773015732,1,0,0
7r9zsela,125,0b5fm889,0,,InitializeParticipant,1773015747,1,0,0
7r9zsela,125,0b5fm889,1,presurvey,Introduction,1773015751,1,0,0
7r9zsela,121,01vgn6aa,11,presurvey,Scenario,1773015757,1,0,0
7r9zsela,125,0b5fm889,2,presurvey,AudioCheck,1773015765,1,0,0
7r9zsela,124,xqzgsf2x,6,presurvey,TrainingNeighbor_1,1773015771,1,0,0
7r9zsela,125,0b5fm889,3,presurvey,Demographics,1773015776,1,0,0
7r9zsela,124,xqzgsf2x,7,presurvey,TrainingNeighbor_2,1773015782,1,0,0
7r9zsela,124,xqzgsf2x,8,presurvey,AttentionCheck,1773015787,1,0,0
7r9zsela,125,0b5fm889,4,presurvey,NeighborhoodInstruction,1773015791,1,0,0
7r9zsela,124,xqzgsf2x,9,presurvey,TrainingNeighbor_3,1773015793,1,0,0
7r9zsela,124,xqzgsf2x,10,presurvey,ExperimentInstruction,1773015797,1,0,0
7r9zsela,121,01vgn6aa,12,presurvey,Commitment,1773015813,1,0,0
7r9zsela,125,0b5fm889,5,presurvey,Training,1773015820,1,0,0
7r9zsela,124,xqzgsf2x,11,presurvey,Scenario,1773015825,1,0,0
7r9zsela,125,0b5fm889,6,presurvey,TrainingNeighbor_1,1773015872,1,0,0
7r9zsela,125,0b5fm889,10,presurvey,ExperimentInstruction,1773015875,1,0,0
7r9zsela,126,cs0a950c,0,,InitializeParticipant,1773015882,1,0,0
7r9zsela,123,f543247v,7,presurvey,TrainingNeighbor_2,1773015886,1,0,0
7r9zsela,125,0b5fm889,11,presurvey,Scenario,1773015908,1,0,0
7r9zsela,123,f543247v,10,presurvey,ExperimentInstruction,1773015921,1,0,0
7r9zsela,126,cs0a950c,1,presurvey,Introduction,1773015952,1,0,0
7r9zsela,123,f543247v,11,presurvey,Scenario,1773015971,1,0,0
7r9zsela,104,n8i51gz2,13,mock_N08_N04_Aonly,GroupingWaitPage,1773015981,1,0,1
7r9zsela,104,n8i51gz2,14,mock_N08_N04_Aonly,GroupSizeWaitPage,1773015981,1,0,1
7r9zsela,104,n8i51gz2,15,mock_N08_N04_Aonly,AttentionCheck,1773015986,1,0,0
7r9zsela,123,f543247v,12,presurvey,Commitment,1773015990,1,0,0
7r9zsela,127,ii7ka4q9,0,,InitializeParticipant,1773016063,1,0,0
7r9zsela,127,ii7ka4q9,1,presurvey,Introduction,1773016084,1,0,0
7r9zsela,127,ii7ka4q9,2,presurvey,AudioCheck,1773016119,1,0,0
7r9zsela,107,0zwy5ps8,13,mock_N08_N04_Aonly,GroupingWaitPage,1773016140,1,0,1
7r9zsela,107,0zwy5ps8,14,mock_N08_N04_Aonly,GroupSizeWaitPage,1773016141,1,0,1
7r9zsela,127,ii7ka4q9,3,presurvey,Demographics,1773016141,1,0,0
7r9zsela,107,0zwy5ps8,15,mock_N08_N04_Aonly,AttentionCheck,1773016148,1,0,0
7r9zsela,127,ii7ka4q9,4,presurvey,NeighborhoodInstruction,1773016154,1,0,0
7r9zsela,128,3qubak48,0,,InitializeParticipant,1773016168,1,0,0
7r9zsela,128,3qubak48,1,presurvey,Introduction,1773016171,1,0,0
7r9zsela,127,ii7ka4q9,5,presurvey,Training,1773016180,1,0,0
7r9zsela,128,3qubak48,2,presurvey,AudioCheck,1773016194,1,0,0
7r9zsela,103,ttqzqed8,13,mock_N08_N04_Aonly,GroupingWaitPage,1773016196,1,0,1
7r9zsela,109,p458wxya,13,mock_N08_N04_Aonly,GroupingWaitPage,1773016197,1,0,1
7r9zsela,113,ytfff4ha,13,mock_N08_N04_Aonly,GroupingWaitPage,1773016197,1,0,1
7r9zsela,114,w4x8m5x5,13,mock_N08_N04_Aonly,GroupingWaitPage,1773016197,1,0,1
7r9zsela,116,bnsv2ein,13,mock_N08_N04_Aonly,GroupingWaitPage,1773016197,1,0,1
7r9zsela,117,wcbl10qs,13,mock_N08_N04_Aonly,GroupingWaitPage,1773016197,1,0,1
7r9zsela,118,kb4q2ftd,13,mock_N08_N04_Aonly,GroupingWaitPage,1773016197,1,0,1
7r9zsela,121,01vgn6aa,13,mock_N08_N04_Aonly,GroupingWaitPage,1773016197,1,0,1
7r9zsela,123,f543247v,13,mock_N08_N04_Aonly,GroupingWaitPage,1773016197,1,0,1
7r9zsela,103,ttqzqed8,14,mock_N08_N04_Aonly,GroupSizeWaitPage,1773016198,1,0,1
7r9zsela,109,p458wxya,14,mock_N08_N04_Aonly,GroupSizeWaitPage,1773016200,1,0,1
7r9zsela,113,ytfff4ha,14,mock_N08_N04_Aonly,GroupSizeWaitPage,1773016200,1,0,1
7r9zsela,114,w4x8m5x5,14,mock_N08_N04_Aonly,GroupSizeWaitPage,1773016200,1,0,1
7r9zsela,116,bnsv2ein,14,mock_N08_N04_Aonly,GroupSizeWaitPage,1773016200,1,0,1
7r9zsela,117,wcbl10qs,14,mock_N08_N04_Aonly,GroupSizeWaitPage,1773016200,1,0,1
7r9zsela,118,kb4q2ftd,14,mock_N08_N04_Aonly,GroupSizeWaitPage,1773016200,1,0,1
7r9zsela,121,01vgn6aa,14,mock_N08_N04_Aonly,GroupSizeWaitPage,1773016200,1,0,1
7r9zsela,123,f543247v,14,mock_N08_N04_Aonly,GroupSizeWaitPage,1773016200,1,0,1
7r9zsela,109,p458wxya,16,mock_N08_N04_Aonly,DiscussionGRPWaitPage,1773016202,1,0,1
7r9zsela,113,ytfff4ha,16,mock_N08_N04_Aonly,DiscussionGRPWaitPage,1773016202,1,0,1
7r9zsela,116,bnsv2ein,16,mock_N08_N04_Aonly,DiscussionGRPWaitPage,1773016202,1,0,1
7r9zsela,123,f543247v,16,mock_N08_N04_Aonly,DiscussionGRPWaitPage,1773016202,1,0,1
7r9zsela,114,w4x8m5x5,16,mock_N08_N04_Aonly,DiscussionGRPWaitPage,1773016202,1,0,1
7r9zsela,117,wcbl10qs,16,mock_N08_N04_Aonly,DiscussionGRPWaitPage,1773016202,1,0,1
7r9zsela,118,kb4q2ftd,16,mock_N08_N04_Aonly,DiscussionGRPWaitPage,1773016202,1,0,1
7r9zsela,121,01vgn6aa,16,mock_N08_N04_Aonly,DiscussionGRPWaitPage,1773016202,1,0,1
7r9zsela,128,3qubak48,3,presurvey,Demographics,1773016205,1,0,0
7r9zsela,103,ttqzqed8,15,mock_N08_N04_Aonly,AttentionCheck,1773016209,1,0,0
7r9zsela,127,ii7ka4q9,6,presurvey,TrainingNeighbor_1,1773016212,1,0,0
7r9zsela,109,p458wxya,17,mock_N08_N04_Aonly,Nudge,1773016212,1,0,0
7r9zsela,128,3qubak48,4,presurvey,NeighborhoodInstruction,1773016212,1,0,0
7r9zsela,117,wcbl10qs,17,mock_N08_N04_Aonly,Nudge,1773016213,1,0,0
7r9zsela,109,p458wxya,18,mock_N08_N04_Aonly,NudgeTraining,1773016215,1,0,0
7r9zsela,116,bnsv2ein,17,mock_N08_N04_Aonly,Nudge,1773016218,1,0,0
7r9zsela,128,3qubak48,5,presurvey,Training,1773016220,1,0,0
7r9zsela,123,f543247v,17,mock_N08_N04_Aonly,Nudge,1773016220,1,0,0
7r9zsela,127,ii7ka4q9,10,presurvey,ExperimentInstruction,1773016223,1,0,0
7r9zsela,116,bnsv2ein,18,mock_N08_N04_Aonly,NudgeTraining,1773016224,1,0,0
7r9zsela,118,kb4q2ftd,17,mock_N08_N04_Aonly,Nudge,1773016225,1,0,0
7r9zsela,117,wcbl10qs,18,mock_N08_N04_Aonly,NudgeTraining,1773016226,1,0,0
7r9zsela,109,p458wxya,19,mock_N08_N04_Aonly,NudgeTrainingLast,1773016227,1,0,0
7r9zsela,116,bnsv2ein,19,mock_N08_N04_Aonly,NudgeTrainingLast,1773016229,1,0,0
7r9zsela,123,f543247v,18,mock_N08_N04_Aonly,NudgeTraining,1773016230,1,0,0
7r9zsela,113,ytfff4ha,17,mock_N08_N04_Aonly,Nudge,1773016233,1,0,0
7r9zsela,117,wcbl10qs,19,mock_N08_N04_Aonly,NudgeTrainingLast,1773016234,1,0,0
7r9zsela,109,p458wxya,20,mock_N08_N04_Aonly,Phase3,1773016240,1,0,0
7r9zsela,116,bnsv2ein,20,mock_N08_N04_Aonly,Phase3,1773016240,1,0,0
7r9zsela,123,f543247v,19,mock_N08_N04_Aonly,NudgeTrainingLast,1773016241,1,0,0
7r9zsela,114,w4x8m5x5,17,mock_N08_N04_Aonly,Nudge,1773016243,1,0,0
7r9zsela,123,f543247v,20,mock_N08_N04_Aonly,Phase3,1773016249,1,0,0
7r9zsela,109,p458wxya,21,mock_N08_N04_Aonly,Discussion,1773016249,1,0,0
7r9zsela,116,bnsv2ein,21,mock_N08_N04_Aonly,Discussion,1773016250,1,0,0
7r9zsela,113,ytfff4ha,18,mock_N08_N04_Aonly,NudgeTraining,1773016252,1,0,0
7r9zsela,117,wcbl10qs,20,mock_N08_N04_Aonly,Phase3,1773016254,1,0,0
7r9zsela,123,f543247v,21,mock_N08_N04_Aonly,Discussion,1773016256,1,0,0
7r9zsela,118,kb4q2ftd,18,mock_N08_N04_Aonly,NudgeTraining,1773016258,1,0,0
7r9zsela,113,ytfff4ha,19,mock_N08_N04_Aonly,NudgeTrainingLast,1773016261,1,0,0
7r9zsela,114,w4x8m5x5,18,mock_N08_N04_Aonly,NudgeTraining,1773016261,1,0,0
7r9zsela,127,ii7ka4q9,11,presurvey,Scenario,1773016262,1,0,0
7r9zsela,117,wcbl10qs,21,mock_N08_N04_Aonly,Discussion,1773016265,1,0,0
7r9zsela,121,01vgn6aa,17,mock_N08_N04_Aonly,Nudge,1773016266,1,0,0
7r9zsela,114,w4x8m5x5,19,mock_N08_N04_Aonly,NudgeTrainingLast,1773016267,1,0,0
7r9zsela,113,ytfff4ha,20,mock_N08_N04_Aonly,Phase3,1773016269,1,0,0
7r9zsela,118,kb4q2ftd,19,mock_N08_N04_Aonly,NudgeTrainingLast,1773016276,1,0,0
7r9zsela,128,3qubak48,6,presurvey,TrainingNeighbor_1,1773016276,1,0,0
7r9zsela,113,ytfff4ha,21,mock_N08_N04_Aonly,Discussion,1773016278,1,0,0
7r9zsela,128,3qubak48,10,presurvey,ExperimentInstruction,1773016282,1,0,0
7r9zsela,114,w4x8m5x5,20,mock_N08_N04_Aonly,Phase3,1773016289,1,0,0
7r9zsela,118,kb4q2ftd,20,mock_N08_N04_Aonly,Phase3,1773016293,1,0,0
7r9zsela,127,ii7ka4q9,12,presurvey,Commitment,1773016296,1,0,0
7r9zsela,121,01vgn6aa,18,mock_N08_N04_Aonly,NudgeTraining,1773016296,1,0,0
7r9zsela,128,3qubak48,11,presurvey,Scenario,1773016302,1,0,0
7r9zsela,108,9oyl42fz,13,mock_N08_N04_Aonly,GroupingWaitPage,1773016303,1,0,1
7r9zsela,108,9oyl42fz,14,mock_N08_N04_Aonly,GroupSizeWaitPage,1773016304,1,0,1
7r9zsela,118,kb4q2ftd,21,mock_N08_N04_Aonly,Discussion,1773016306,1,0,0
7r9zsela,114,w4x8m5x5,21,mock_N08_N04_Aonly,Discussion,1773016306,1,0,0
7r9zsela,108,9oyl42fz,15,mock_N08_N04_Aonly,AttentionCheck,1773016309,1,0,0
7r9zsela,129,cfnlijxu,0,,InitializeParticipant,1773016327,1,0,0
7r9zsela,121,01vgn6aa,19,mock_N08_N04_Aonly,NudgeTrainingLast,1773016328,1,0,0
7r9zsela,129,cfnlijxu,1,presurvey,Introduction,1773016339,1,0,0
7r9zsela,129,cfnlijxu,2,presurvey,AudioCheck,1773016351,1,0,0
7r9zsela,129,cfnlijxu,3,presurvey,Demographics,1773016361,1,0,0
7r9zsela,121,01vgn6aa,20,mock_N08_N04_Aonly,Phase3,1773016362,1,0,0
7r9zsela,128,3qubak48,12,presurvey,Commitment,1773016366,1,0,0
7r9zsela,16,94z639ot,2,presurvey,AudioCheck,1773016429,1,0,0
7r9zsela,130,v1imxz9t,0,,InitializeParticipant,1773016445,1,0,0
7r9zsela,16,94z639ot,3,presurvey,Demographics,1773016449,1,0,0
7r9zsela,130,v1imxz9t,1,presurvey,Introduction,1773016450,1,0,0
7r9zsela,121,01vgn6aa,21,mock_N08_N04_Aonly,Discussion,1773016458,1,1,0
7r9zsela,109,p458wxya,27,mock_N08_N04_Aonly,DiscussionGRPWaitPage,1773016459,2,0,1
7r9zsela,113,ytfff4ha,27,mock_N08_N04_Aonly,DiscussionGRPWaitPage,1773016459,2,0,1
7r9zsela,116,bnsv2ein,27,mock_N08_N04_Aonly,DiscussionGRPWaitPage,1773016459,2,0,1
7r9zsela,123,f543247v,27,mock_N08_N04_Aonly,DiscussionGRPWaitPage,1773016459,2,0,1
7r9zsela,114,w4x8m5x5,27,mock_N08_N04_Aonly,DiscussionGRPWaitPage,1773016459,2,0,1
7r9zsela,117,wcbl10qs,27,mock_N08_N04_Aonly,DiscussionGRPWaitPage,1773016459,2,0,1
7r9zsela,118,kb4q2ftd,27,mock_N08_N04_Aonly,DiscussionGRPWaitPage,1773016459,2,0,1
7r9zsela,121,01vgn6aa,27,mock_N08_N04_Aonly,DiscussionGRPWaitPage,1773016459,2,0,1
7r9zsela,130,v1imxz9t,2,presurvey,AudioCheck,1773016464,1,0,0
7r9zsela,123,f543247v,32,mock_N08_N04_Aonly,Discussion,1773016468,2,0,0
7r9zsela,116,bnsv2ein,32,mock_N08_N04_Aonly,Discussion,1773016468,2,0,0
7r9zsela,113,ytfff4ha,32,mock_N08_N04_Aonly,Discussion,1773016468,2,0,0
7r9zsela,117,wcbl10qs,32,mock_N08_N04_Aonly,Discussion,1773016468,2,0,0
7r9zsela,109,p458wxya,32,mock_N08_N04_Aonly,Discussion,1773016471,2,0,0
7r9zsela,114,w4x8m5x5,32,mock_N08_N04_Aonly,Discussion,1773016475,2,0,0
7r9zsela,130,v1imxz9t,3,presurvey,Demographics,1773016477,1,0,0
7r9zsela,118,kb4q2ftd,32,mock_N08_N04_Aonly,Discussion,1773016480,2,0,0
7r9zsela,130,v1imxz9t,4,presurvey,NeighborhoodInstruction,1773016482,1,0,0
7r9zsela,130,v1imxz9t,5,presurvey,Training,1773016484,1,0,0
7r9zsela,16,94z639ot,4,presurvey,NeighborhoodInstruction,1773016497,1,0,0
7r9zsela,131,a5wcxsil,0,,InitializeParticipant,1773016498,1,0,0
7r9zsela,130,v1imxz9t,6,presurvey,TrainingNeighbor_1,1773016499,1,0,0
7r9zsela,130,v1imxz9t,10,presurvey,ExperimentInstruction,1773016501,1,0,0
7r9zsela,130,v1imxz9t,11,presurvey,Scenario,1773016509,1,0,0
7r9zsela,121,01vgn6aa,32,mock_N08_N04_Aonly,Discussion,1773016509,2,1,0
7r9zsela,109,p458wxya,38,mock_N08_N04_Aonly,DiscussionGRPWaitPage,1773016510,3,0,1
7r9zsela,113,ytfff4ha,38,mock_N08_N04_Aonly,DiscussionGRPWaitPage,1773016510,3,0,1
7r9zsela,116,bnsv2ein,38,mock_N08_N04_Aonly,DiscussionGRPWaitPage,1773016510,3,0,1
7r9zsela,123,f543247v,38,mock_N08_N04_Aonly,DiscussionGRPWaitPage,1773016510,3,0,1
7r9zsela,114,w4x8m5x5,38,mock_N08_N04_Aonly,DiscussionGRPWaitPage,1773016510,3,0,1
7r9zsela,117,wcbl10qs,38,mock_N08_N04_Aonly,DiscussionGRPWaitPage,1773016510,3,0,1
7r9zsela,118,kb4q2ftd,38,mock_N08_N04_Aonly,DiscussionGRPWaitPage,1773016510,3,0,1
7r9zsela,121,01vgn6aa,38,mock_N08_N04_Aonly,DiscussionGRPWaitPage,1773016510,3,0,1
7r9zsela,131,a5wcxsil,1,presurvey,Introduction,1773016515,1,0,0
7r9zsela,116,bnsv2ein,43,mock_N08_N04_Aonly,Discussion,1773016517,3,0,0
7r9zsela,109,p458wxya,43,mock_N08_N04_Aonly,Discussion,1773016519,3,0,0
7r9zsela,114,w4x8m5x5,43,mock_N08_N04_Aonly,Discussion,1773016522,3,0,0
7r9zsela,113,ytfff4ha,43,mock_N08_N04_Aonly,Discussion,1773016524,3,0,0
7r9zsela,130,v1imxz9t,12,presurvey,Commitment,1773016527,1,0,0
7r9zsela,118,kb4q2ftd,43,mock_N08_N04_Aonly,Discussion,1773016528,3,0,0
7r9zsela,117,wcbl10qs,43,mock_N08_N04_Aonly,Discussion,1773016540,3,0,0
7r9zsela,123,f543247v,43,mock_N08_N04_Aonly,Discussion,1773016541,3,0,0
7r9zsela,131,a5wcxsil,2,presurvey,AudioCheck,1773016546,1,0,0
7r9zsela,131,a5wcxsil,3,presurvey,Demographics,1773016557,1,0,0
7r9zsela,121,01vgn6aa,43,mock_N08_N04_Aonly,Discussion,1773016559,3,1,0
7r9zsela,109,p458wxya,49,mock_N08_N04_Aonly,DiscussionGRPWaitPage,1773016560,4,0,1
7r9zsela,113,ytfff4ha,49,mock_N08_N04_Aonly,DiscussionGRPWaitPage,1773016560,4,0,1
7r9zsela,116,bnsv2ein,49,mock_N08_N04_Aonly,DiscussionGRPWaitPage,1773016560,4,0,1
7r9zsela,123,f543247v,49,mock_N08_N04_Aonly,DiscussionGRPWaitPage,1773016560,4,0,1
7r9zsela,114,w4x8m5x5,49,mock_N08_N04_Aonly,DiscussionGRPWaitPage,1773016560,4,0,1
7r9zsela,117,wcbl10qs,49,mock_N08_N04_Aonly,DiscussionGRPWaitPage,1773016560,4,0,1
7r9zsela,118,kb4q2ftd,49,mock_N08_N04_Aonly,DiscussionGRPWaitPage,1773016560,4,0,1
7r9zsela,121,01vgn6aa,49,mock_N08_N04_Aonly,DiscussionGRPWaitPage,1773016560,4,0,1
7r9zsela,114,w4x8m5x5,54,mock_N08_N04_Aonly,Discussion,1773016568,4,0,0
7r9zsela,109,p458wxya,54,mock_N08_N04_Aonly,Discussion,1773016570,4,0,0
7r9zsela,116,bnsv2ein,54,mock_N08_N04_Aonly,Discussion,1773016571,4,0,0
7r9zsela,113,ytfff4ha,54,mock_N08_N04_Aonly,Discussion,1773016571,4,0,0
7r9zsela,132,u3wrpxqa,0,,InitializeParticipant,1773016572,1,0,0
7r9zsela,132,u3wrpxqa,1,presurvey,Introduction,1773016575,1,0,0
7r9zsela,16,94z639ot,5,presurvey,Training,1773016579,1,0,0
7r9zsela,118,kb4q2ftd,54,mock_N08_N04_Aonly,Discussion,1773016584,4,0,0
7r9zsela,131,a5wcxsil,4,presurvey,NeighborhoodInstruction,1773016586,1,0,0
7r9zsela,132,u3wrpxqa,2,presurvey,AudioCheck,1773016587,1,0,0
7r9zsela,123,f543247v,54,mock_N08_N04_Aonly,Discussion,1773016589,4,0,0
7r9zsela,132,u3wrpxqa,3,presurvey,Demographics,1773016594,1,0,0
7r9zsela,117,wcbl10qs,54,mock_N08_N04_Aonly,Discussion,1773016594,4,0,0
7r9zsela,132,u3wrpxqa,4,presurvey,NeighborhoodInstruction,1773016601,1,0,0
7r9zsela,121,01vgn6aa,54,mock_N08_N04_Aonly,Discussion,1773016610,4,1,0
7r9zsela,109,p458wxya,60,mock_N08_N04_Aonly,DiscussionGRPWaitPage,1773016611,5,0,1
7r9zsela,113,ytfff4ha,60,mock_N08_N04_Aonly,DiscussionGRPWaitPage,1773016611,5,0,1
7r9zsela,116,bnsv2ein,60,mock_N08_N04_Aonly,DiscussionGRPWaitPage,1773016611,5,0,1
7r9zsela,123,f543247v,60,mock_N08_N04_Aonly,DiscussionGRPWaitPage,1773016611,5,0,1
7r9zsela,114,w4x8m5x5,60,mock_N08_N04_Aonly,DiscussionGRPWaitPage,1773016611,5,0,1
7r9zsela,117,wcbl10qs,60,mock_N08_N04_Aonly,DiscussionGRPWaitPage,1773016611,5,0,1
7r9zsela,118,kb4q2ftd,60,mock_N08_N04_Aonly,DiscussionGRPWaitPage,1773016611,5,0,1
7r9zsela,121,01vgn6aa,60,mock_N08_N04_Aonly,DiscussionGRPWaitPage,1773016611,5,0,1
7r9zsela,116,bnsv2ein,65,mock_N08_N04_Aonly,Discussion,1773016618,5,0,0
7r9zsela,113,ytfff4ha,65,mock_N08_N04_Aonly,Discussion,1773016619,5,0,0
7r9zsela,109,p458wxya,65,mock_N08_N04_Aonly,Discussion,1773016621,5,0,0
7r9zsela,118,kb4q2ftd,65,mock_N08_N04_Aonly,Discussion,1773016621,5,0,0
7r9zsela,131,a5wcxsil,5,presurvey,Training,1773016628,1,0,0
7r9zsela,114,w4x8m5x5,65,mock_N08_N04_Aonly,Discussion,1773016629,5,0,0
7r9zsela,123,f543247v,65,mock_N08_N04_Aonly,Discussion,1773016635,5,0,0
7r9zsela,117,wcbl10qs,65,mock_N08_N04_Aonly,Discussion,1773016636,5,0,0
7r9zsela,16,94z639ot,6,presurvey,TrainingNeighbor_1,1773016648,1,0,0
7r9zsela,121,01vgn6aa,65,mock_N08_N04_Aonly,Discussion,1773016649,5,1,0
7r9zsela,109,p458wxya,71,mock_N08_N04_Aonly,DiscussionGRPWaitPage,1773016649,6,0,1
7r9zsela,113,ytfff4ha,71,mock_N08_N04_Aonly,DiscussionGRPWaitPage,1773016649,6,0,1
7r9zsela,116,bnsv2ein,71,mock_N08_N04_Aonly,DiscussionGRPWaitPage,1773016649,6,0,1
7r9zsela,123,f543247v,71,mock_N08_N04_Aonly,DiscussionGRPWaitPage,1773016649,6,0,1
7r9zsela,114,w4x8m5x5,71,mock_N08_N04_Aonly,DiscussionGRPWaitPage,1773016649,6,0,1
7r9zsela,117,wcbl10qs,71,mock_N08_N04_Aonly,DiscussionGRPWaitPage,1773016649,6,0,1
7r9zsela,118,kb4q2ftd,71,mock_N08_N04_Aonly,DiscussionGRPWaitPage,1773016649,6,0,1
7r9zsela,121,01vgn6aa,71,mock_N08_N04_Aonly,DiscussionGRPWaitPage,1773016649,6,0,1
7r9zsela,115,rkigjidu,13,mock_N08_N04_Aonly,GroupingWaitPage,1773016650,1,0,1
7r9zsela,115,rkigjidu,14,mock_N08_N04_Aonly,GroupSizeWaitPage,1773016651,1,0,1
7r9zsela,116,bnsv2ein,76,mock_N08_N04_Aonly,Discussion,1773016654,6,0,0
7r9zsela,117,wcbl10qs,76,mock_N08_N04_Aonly,Discussion,1773016657,6,0,0
7r9zsela,115,rkigjidu,15,mock_N08_N04_Aonly,AttentionCheck,1773016658,1,0,0
7r9zsela,114,w4x8m5x5,76,mock_N08_N04_Aonly,Discussion,1773016660,6,0,0
7r9zsela,118,kb4q2ftd,76,mock_N08_N04_Aonly,Discussion,1773016663,6,0,0
7r9zsela,113,ytfff4ha,76,mock_N08_N04_Aonly,Discussion,1773016664,6,0,0
7r9zsela,123,f543247v,76,mock_N08_N04_Aonly,Discussion,1773016665,6,0,0
7r9zsela,131,a5wcxsil,6,presurvey,TrainingNeighbor_1,1773016667,1,0,0
7r9zsela,109,p458wxya,76,mock_N08_N04_Aonly,Discussion,1773016675,6,0,0
7r9zsela,16,94z639ot,7,presurvey,TrainingNeighbor_2,1773016676,1,0,0
7r9zsela,16,94z639ot,10,presurvey,ExperimentInstruction,1773016685,1,0,0
7r9zsela,121,01vgn6aa,76,mock_N08_N04_Aonly,Discussion,1773016689,6,1,0
7r9zsela,109,p458wxya,82,mock_N08_N04_Aonly,DiscussionGRPWaitPage,1773016690,7,0,1
7r9zsela,113,ytfff4ha,82,mock_N08_N04_Aonly,DiscussionGRPWaitPage,1773016690,7,0,1
7r9zsela,116,bnsv2ein,82,mock_N08_N04_Aonly,DiscussionGRPWaitPage,1773016690,7,0,1
7r9zsela,123,f543247v,82,mock_N08_N04_Aonly,DiscussionGRPWaitPage,1773016690,7,0,1
7r9zsela,114,w4x8m5x5,82,mock_N08_N04_Aonly,DiscussionGRPWaitPage,1773016690,7,0,1
7r9zsela,117,wcbl10qs,82,mock_N08_N04_Aonly,DiscussionGRPWaitPage,1773016690,7,0,1
7r9zsela,118,kb4q2ftd,82,mock_N08_N04_Aonly,DiscussionGRPWaitPage,1773016690,7,0,1
7r9zsela,121,01vgn6aa,82,mock_N08_N04_Aonly,DiscussionGRPWaitPage,1773016690,7,0,1
7r9zsela,109,p458wxya,87,mock_N08_N04_Aonly,Discussion,1773016696,7,0,0
7r9zsela,118,kb4q2ftd,87,mock_N08_N04_Aonly,Discussion,1773016697,7,0,0
7r9zsela,116,bnsv2ein,87,mock_N08_N04_Aonly,Discussion,1773016697,7,0,0
7r9zsela,113,ytfff4ha,87,mock_N08_N04_Aonly,Discussion,1773016697,7,0,0
7r9zsela,123,f543247v,87,mock_N08_N04_Aonly,Discussion,1773016701,7,0,0
7r9zsela,117,wcbl10qs,87,mock_N08_N04_Aonly,Discussion,1773016702,7,0,0
7r9zsela,133,p3d0rdb3,0,,InitializeParticipant,1773016702,1,0,0
7r9zsela,114,w4x8m5x5,87,mock_N08_N04_Aonly,Discussion,1773016705,7,0,0
7r9zsela,121,01vgn6aa,87,mock_N08_N04_Aonly,Discussion,1773016726,7,1,0
7r9zsela,109,p458wxya,93,mock_N08_N04_Aonly,DiscussionGRPWaitPage,1773016726,8,0,1
7r9zsela,113,ytfff4ha,93,mock_N08_N04_Aonly,DiscussionGRPWaitPage,1773016726,8,0,1
7r9zsela,116,bnsv2ein,93,mock_N08_N04_Aonly,DiscussionGRPWaitPage,1773016726,8,0,1
7r9zsela,123,f543247v,93,mock_N08_N04_Aonly,DiscussionGRPWaitPage,1773016726,8,0,1
7r9zsela,114,w4x8m5x5,93,mock_N08_N04_Aonly,DiscussionGRPWaitPage,1773016726,8,0,1
7r9zsela,117,wcbl10qs,93,mock_N08_N04_Aonly,DiscussionGRPWaitPage,1773016726,8,0,1
7r9zsela,118,kb4q2ftd,93,mock_N08_N04_Aonly,DiscussionGRPWaitPage,1773016726,8,0,1
7r9zsela,121,01vgn6aa,93,mock_N08_N04_Aonly,DiscussionGRPWaitPage,1773016726,8,0,1
7r9zsela,114,w4x8m5x5,98,mock_N08_N04_Aonly,Discussion,1773016731,8,0,0
7r9zsela,113,ytfff4ha,98,mock_N08_N04_Aonly,Discussion,1773016732,8,0,0
7r9zsela,116,bnsv2ein,98,mock_N08_N04_Aonly,Discussion,1773016735,8,0,0
7r9zsela,117,wcbl10qs,98,mock_N08_N04_Aonly,Discussion,1773016735,8,0,0
7r9zsela,118,kb4q2ftd,98,mock_N08_N04_Aonly,Discussion,1773016738,8,0,0
7r9zsela,109,p458wxya,98,mock_N08_N04_Aonly,Discussion,1773016742,8,0,0
7r9zsela,123,f543247v,98,mock_N08_N04_Aonly,Discussion,1773016745,8,0,0
7r9zsela,131,a5wcxsil,10,presurvey,ExperimentInstruction,1773016747,1,0,0
7r9zsela,121,01vgn6aa,98,mock_N08_N04_Aonly,Discussion,1773016763,8,1,0
7r9zsela,109,p458wxya,104,mock_N08_N04_Aonly,DiscussionGRPWaitPage,1773016763,9,0,1
7r9zsela,113,ytfff4ha,104,mock_N08_N04_Aonly,DiscussionGRPWaitPage,1773016763,9,0,1
7r9zsela,116,bnsv2ein,104,mock_N08_N04_Aonly,DiscussionGRPWaitPage,1773016763,9,0,1
7r9zsela,123,f543247v,104,mock_N08_N04_Aonly,DiscussionGRPWaitPage,1773016763,9,0,1
7r9zsela,114,w4x8m5x5,104,mock_N08_N04_Aonly,DiscussionGRPWaitPage,1773016763,9,0,1
7r9zsela,117,wcbl10qs,104,mock_N08_N04_Aonly,DiscussionGRPWaitPage,1773016763,9,0,1
7r9zsela,118,kb4q2ftd,104,mock_N08_N04_Aonly,DiscussionGRPWaitPage,1773016763,9,0,1
7r9zsela,121,01vgn6aa,104,mock_N08_N04_Aonly,DiscussionGRPWaitPage,1773016763,9,0,1
7r9zsela,113,ytfff4ha,109,mock_N08_N04_Aonly,Discussion,1773016769,9,0,0
7r9zsela,133,p3d0rdb3,1,presurvey,Introduction,1773016770,1,0,0
7r9zsela,116,bnsv2ein,109,mock_N08_N04_Aonly,Discussion,1773016774,9,0,0
7r9zsela,118,kb4q2ftd,109,mock_N08_N04_Aonly,Discussion,1773016774,9,0,0
7r9zsela,109,p458wxya,109,mock_N08_N04_Aonly,Discussion,1773016774,9,0,0
7r9zsela,114,w4x8m5x5,109,mock_N08_N04_Aonly,Discussion,1773016775,9,0,0
7r9zsela,123,f543247v,109,mock_N08_N04_Aonly,Discussion,1773016775,9,0,0
7r9zsela,117,wcbl10qs,109,mock_N08_N04_Aonly,Discussion,1773016775,9,0,0
7r9zsela,16,94z639ot,11,presurvey,Scenario,1773016780,1,0,0
7r9zsela,121,01vgn6aa,109,mock_N08_N04_Aonly,Discussion,1773016803,9,1,0
7r9zsela,109,p458wxya,115,mock_N08_N04_Aonly,DiscussionGRPWaitPage,1773016803,10,0,1
7r9zsela,113,ytfff4ha,115,mock_N08_N04_Aonly,DiscussionGRPWaitPage,1773016803,10,0,1
7r9zsela,114,w4x8m5x5,115,mock_N08_N04_Aonly,DiscussionGRPWaitPage,1773016803,10,0,1
7r9zsela,116,bnsv2ein,115,mock_N08_N04_Aonly,DiscussionGRPWaitPage,1773016803,10,0,1
7r9zsela,123,f543247v,115,mock_N08_N04_Aonly,DiscussionGRPWaitPage,1773016803,10,0,1
7r9zsela,117,wcbl10qs,115,mock_N08_N04_Aonly,DiscussionGRPWaitPage,1773016803,10,0,1
7r9zsela,118,kb4q2ftd,115,mock_N08_N04_Aonly,DiscussionGRPWaitPage,1773016803,10,0,1
7r9zsela,121,01vgn6aa,115,mock_N08_N04_Aonly,DiscussionGRPWaitPage,1773016803,10,0,1
7r9zsela,114,w4x8m5x5,120,mock_N08_N04_Aonly,Discussion,1773016808,10,0,0
7r9zsela,116,bnsv2ein,120,mock_N08_N04_Aonly,Discussion,1773016809,10,0,0
7r9zsela,113,ytfff4ha,120,mock_N08_N04_Aonly,Discussion,1773016809,10,0,0
7r9zsela,109,p458wxya,120,mock_N08_N04_Aonly,Discussion,1773016811,10,0,0
7r9zsela,118,kb4q2ftd,120,mock_N08_N04_Aonly,Discussion,1773016815,10,0,0
7r9zsela,117,wcbl10qs,120,mock_N08_N04_Aonly,Discussion,1773016816,10,0,0
7r9zsela,123,f543247v,120,mock_N08_N04_Aonly,Discussion,1773016829,10,0,0
7r9zsela,121,01vgn6aa,120,mock_N08_N04_Aonly,Discussion,1773016842,10,1,0
7r9zsela,109,p458wxya,126,mock_N08_N04_Aonly,DiscussionGRPWaitPage,1773016843,11,0,1
7r9zsela,113,ytfff4ha,126,mock_N08_N04_Aonly,DiscussionGRPWaitPage,1773016843,11,0,1
7r9zsela,116,bnsv2ein,126,mock_N08_N04_Aonly,DiscussionGRPWaitPage,1773016843,11,0,1
7r9zsela,123,f543247v,126,mock_N08_N04_Aonly,DiscussionGRPWaitPage,1773016843,11,0,1
7r9zsela,114,w4x8m5x5,126,mock_N08_N04_Aonly,DiscussionGRPWaitPage,1773016843,11,0,1
7r9zsela,117,wcbl10qs,126,mock_N08_N04_Aonly,DiscussionGRPWaitPage,1773016843,11,0,1
7r9zsela,118,kb4q2ftd,126,mock_N08_N04_Aonly,DiscussionGRPWaitPage,1773016843,11,0,1
7r9zsela,121,01vgn6aa,126,mock_N08_N04_Aonly,DiscussionGRPWaitPage,1773016843,11,0,1
7r9zsela,109,p458wxya,131,mock_N08_N04_Aonly,Discussion,1773016847,11,0,0
7r9zsela,117,wcbl10qs,131,mock_N08_N04_Aonly,Discussion,1773016848,11,0,0
7r9zsela,114,w4x8m5x5,131,mock_N08_N04_Aonly,Discussion,1773016848,11,0,0
7r9zsela,113,ytfff4ha,131,mock_N08_N04_Aonly,Discussion,1773016849,11,0,0
7r9zsela,116,bnsv2ein,131,mock_N08_N04_Aonly,Discussion,1773016851,11,0,0
7r9zsela,118,kb4q2ftd,131,mock_N08_N04_Aonly,Discussion,1773016853,11,0,0
7r9zsela,123,f543247v,131,mock_N08_N04_Aonly,Discussion,1773016855,11,0,0
7r9zsela,131,a5wcxsil,11,presurvey,Scenario,1773016867,1,0,0
7r9zsela,121,01vgn6aa,131,mock_N08_N04_Aonly,Discussion,1773016882,11,1,0
7r9zsela,109,p458wxya,137,mock_N08_N04_Aonly,DiscussionGRPWaitPage,1773016883,12,0,1
7r9zsela,113,ytfff4ha,137,mock_N08_N04_Aonly,DiscussionGRPWaitPage,1773016883,12,0,1
7r9zsela,116,bnsv2ein,137,mock_N08_N04_Aonly,DiscussionGRPWaitPage,1773016883,12,0,1
7r9zsela,123,f543247v,137,mock_N08_N04_Aonly,DiscussionGRPWaitPage,1773016883,12,0,1
7r9zsela,114,w4x8m5x5,137,mock_N08_N04_Aonly,DiscussionGRPWaitPage,1773016883,12,0,1
7r9zsela,117,wcbl10qs,137,mock_N08_N04_Aonly,DiscussionGRPWaitPage,1773016883,12,0,1
7r9zsela,118,kb4q2ftd,137,mock_N08_N04_Aonly,DiscussionGRPWaitPage,1773016883,12,0,1
7r9zsela,121,01vgn6aa,137,mock_N08_N04_Aonly,DiscussionGRPWaitPage,1773016883,12,0,1
7r9zsela,16,94z639ot,12,presurvey,Commitment,1773016885,1,0,0
7r9zsela,109,p458wxya,142,mock_N08_N04_Aonly,Discussion,1773016887,12,0,0
7r9zsela,117,wcbl10qs,142,mock_N08_N04_Aonly,Discussion,1773016888,12,0,0
7r9zsela,113,ytfff4ha,142,mock_N08_N04_Aonly,Discussion,1773016889,12,0,0
7r9zsela,116,bnsv2ein,142,mock_N08_N04_Aonly,Discussion,1773016890,12,0,0
7r9zsela,114,w4x8m5x5,142,mock_N08_N04_Aonly,Discussion,1773016890,12,0,0
7r9zsela,118,kb4q2ftd,142,mock_N08_N04_Aonly,Discussion,1773016897,12,0,0
7r9zsela,123,f543247v,142,mock_N08_N04_Aonly,Discussion,1773016907,12,0,0
7r9zsela,134,95nhrgzd,0,,InitializeParticipant,1773016911,1,0,0
7r9zsela,121,01vgn6aa,142,mock_N08_N04_Aonly,Discussion,1773016919,12,1,0
7r9zsela,109,p458wxya,148,mock_N08_N04_Aonly,DiscussionGRPWaitPage,1773016919,13,0,1
7r9zsela,113,ytfff4ha,148,mock_N08_N04_Aonly,DiscussionGRPWaitPage,1773016919,13,0,1
7r9zsela,116,bnsv2ein,148,mock_N08_N04_Aonly,DiscussionGRPWaitPage,1773016919,13,0,1
7r9zsela,114,w4x8m5x5,148,mock_N08_N04_Aonly,DiscussionGRPWaitPage,1773016919,13,0,1
7r9zsela,118,kb4q2ftd,148,mock_N08_N04_Aonly,DiscussionGRPWaitPage,1773016919,13,0,1
7r9zsela,123,f543247v,148,mock_N08_N04_Aonly,DiscussionGRPWaitPage,1773016919,13,0,1
7r9zsela,121,01vgn6aa,148,mock_N08_N04_Aonly,DiscussionGRPWaitPage,1773016919,13,0,1
7r9zsela,117,wcbl10qs,148,mock_N08_N04_Aonly,DiscussionGRPWaitPage,1773016919,13,0,1
7r9zsela,114,w4x8m5x5,153,mock_N08_N04_Aonly,Discussion,1773016923,13,0,0
7r9zsela,109,p458wxya,153,mock_N08_N04_Aonly,Discussion,1773016924,13,0,0
7r9zsela,113,ytfff4ha,153,mock_N08_N04_Aonly,Discussion,1773016930,13,0,0
7r9zsela,116,bnsv2ein,153,mock_N08_N04_Aonly,Discussion,1773016931,13,0,0
7r9zsela,135,297r46qw,0,,InitializeParticipant,1773016933,1,0,0
7r9zsela,118,kb4q2ftd,153,mock_N08_N04_Aonly,Discussion,1773016935,13,0,0
7r9zsela,134,95nhrgzd,1,presurvey,Introduction,1773016935,1,0,0
7r9zsela,123,f543247v,153,mock_N08_N04_Aonly,Discussion,1773016940,13,0,0
7r9zsela,117,wcbl10qs,153,mock_N08_N04_Aonly,Discussion,1773016941,13,0,0
7r9zsela,135,297r46qw,1,presurvey,Introduction,1773016950,1,0,0
7r9zsela,121,01vgn6aa,153,mock_N08_N04_Aonly,Discussion,1773016956,13,1,0
7r9zsela,109,p458wxya,159,mock_N08_N04_Aonly,DiscussionGRPWaitPage,1773016956,14,0,1
7r9zsela,113,ytfff4ha,159,mock_N08_N04_Aonly,DiscussionGRPWaitPage,1773016956,14,0,1
7r9zsela,116,bnsv2ein,159,mock_N08_N04_Aonly,DiscussionGRPWaitPage,1773016956,14,0,1
7r9zsela,123,f543247v,159,mock_N08_N04_Aonly,DiscussionGRPWaitPage,1773016956,14,0,1
7r9zsela,114,w4x8m5x5,159,mock_N08_N04_Aonly,DiscussionGRPWaitPage,1773016956,14,0,1
7r9zsela,117,wcbl10qs,159,mock_N08_N04_Aonly,DiscussionGRPWaitPage,1773016956,14,0,1
7r9zsela,118,kb4q2ftd,159,mock_N08_N04_Aonly,DiscussionGRPWaitPage,1773016956,14,0,1
7r9zsela,121,01vgn6aa,159,mock_N08_N04_Aonly,DiscussionGRPWaitPage,1773016956,14,0,1
7r9zsela,134,95nhrgzd,2,presurvey,AudioCheck,1773016959,1,0,0
7r9zsela,114,w4x8m5x5,164,mock_N08_N04_Aonly,Discussion,1773016960,14,0,0
7r9zsela,109,p458wxya,164,mock_N08_N04_Aonly,Discussion,1773016960,14,0,0
7r9zsela,123,f543247v,164,mock_N08_N04_Aonly,Discussion,1773016963,14,0,0
7r9zsela,116,bnsv2ein,164,mock_N08_N04_Aonly,Discussion,1773016964,14,0,0
7r9zsela,118,kb4q2ftd,164,mock_N08_N04_Aonly,Discussion,1773016967,14,0,0
7r9zsela,113,ytfff4ha,164,mock_N08_N04_Aonly,Discussion,1773016968,14,0,0
7r9zsela,117,wcbl10qs,164,mock_N08_N04_Aonly,Discussion,1773016969,14,0,0
7r9zsela,135,297r46qw,2,presurvey,AudioCheck,1773016973,1,0,0
7r9zsela,135,297r46qw,3,presurvey,Demographics,1773016984,1,0,0
7r9zsela,135,297r46qw,4,presurvey,NeighborhoodInstruction,1773016989,1,0,0
7r9zsela,121,01vgn6aa,164,mock_N08_N04_Aonly,Discussion,1773016996,14,1,0
7r9zsela,109,p458wxya,170,mock_N08_N04_Aonly,DiscussionGRPWaitPage,1773016996,15,0,1
7r9zsela,113,ytfff4ha,170,mock_N08_N04_Aonly,DiscussionGRPWaitPage,1773016996,15,0,1
7r9zsela,116,bnsv2ein,170,mock_N08_N04_Aonly,DiscussionGRPWaitPage,1773016996,15,0,1
7r9zsela,123,f543247v,170,mock_N08_N04_Aonly,DiscussionGRPWaitPage,1773016996,15,0,1
7r9zsela,114,w4x8m5x5,170,mock_N08_N04_Aonly,DiscussionGRPWaitPage,1773016996,15,0,1
7r9zsela,117,wcbl10qs,170,mock_N08_N04_Aonly,DiscussionGRPWaitPage,1773016996,15,0,1
7r9zsela,118,kb4q2ftd,170,mock_N08_N04_Aonly,DiscussionGRPWaitPage,1773016996,15,0,1
7r9zsela,121,01vgn6aa,170,mock_N08_N04_Aonly,DiscussionGRPWaitPage,1773016996,15,0,1
7r9zsela,114,w4x8m5x5,175,mock_N08_N04_Aonly,Discussion,1773017001,15,0,0
7r9zsela,109,p458wxya,175,mock_N08_N04_Aonly,Discussion,1773017002,15,0,0
7r9zsela,113,ytfff4ha,175,mock_N08_N04_Aonly,Discussion,1773017003,15,0,0
7r9zsela,116,bnsv2ein,175,mock_N08_N04_Aonly,Discussion,1773017004,15,0,0
7r9zsela,135,297r46qw,5,presurvey,Training,1773017008,1,0,0
7r9zsela,118,kb4q2ftd,175,mock_N08_N04_Aonly,Discussion,1773017008,15,0,0
7r9zsela,134,95nhrgzd,3,presurvey,Demographics,1773017014,1,0,0
7r9zsela,123,f543247v,175,mock_N08_N04_Aonly,Discussion,1773017015,15,0,0
7r9zsela,117,wcbl10qs,175,mock_N08_N04_Aonly,Discussion,1773017019,15,0,0
7r9zsela,135,297r46qw,6,presurvey,TrainingNeighbor_1,1773017026,1,0,0
7r9zsela,121,01vgn6aa,175,mock_N08_N04_Aonly,Discussion,1773017035,15,1,0
7r9zsela,109,p458wxya,181,mock_N08_N04_Aonly,DiscussionGRPWaitPage,1773017036,16,0,1
7r9zsela,113,ytfff4ha,181,mock_N08_N04_Aonly,DiscussionGRPWaitPage,1773017036,16,0,1
7r9zsela,116,bnsv2ein,181,mock_N08_N04_Aonly,DiscussionGRPWaitPage,1773017036,16,0,1
7r9zsela,123,f543247v,181,mock_N08_N04_Aonly,DiscussionGRPWaitPage,1773017036,16,0,1
7r9zsela,114,w4x8m5x5,181,mock_N08_N04_Aonly,DiscussionGRPWaitPage,1773017036,16,0,1
7r9zsela,117,wcbl10qs,181,mock_N08_N04_Aonly,DiscussionGRPWaitPage,1773017036,16,0,1
7r9zsela,118,kb4q2ftd,181,mock_N08_N04_Aonly,DiscussionGRPWaitPage,1773017036,16,0,1
7r9zsela,121,01vgn6aa,181,mock_N08_N04_Aonly,DiscussionGRPWaitPage,1773017036,16,0,1
7r9zsela,114,w4x8m5x5,186,mock_N08_N04_Aonly,Discussion,1773017039,16,0,0
7r9zsela,135,297r46qw,10,presurvey,ExperimentInstruction,1773017040,1,0,0
7r9zsela,117,wcbl10qs,186,mock_N08_N04_Aonly,Discussion,1773017040,16,0,0
7r9zsela,109,p458wxya,186,mock_N08_N04_Aonly,Discussion,1773017040,16,0,0
7r9zsela,116,bnsv2ein,186,mock_N08_N04_Aonly,Discussion,1773017043,16,0,0
7r9zsela,113,ytfff4ha,186,mock_N08_N04_Aonly,Discussion,1773017046,16,0,0
7r9zsela,118,kb4q2ftd,186,mock_N08_N04_Aonly,Discussion,1773017053,16,0,0
7r9zsela,134,95nhrgzd,4,presurvey,NeighborhoodInstruction,1773017055,1,0,0
7r9zsela,123,f543247v,186,mock_N08_N04_Aonly,Discussion,1773017064,16,0,0
7r9zsela,135,297r46qw,11,presurvey,Scenario,1773017064,1,0,0
7r9zsela,121,01vgn6aa,186,mock_N08_N04_Aonly,Discussion,1773017072,16,1,0
7r9zsela,118,kb4q2ftd,192,mock_N08_N04_Aonly,DiscussionGRPWaitPage,1773017073,17,0,1
7r9zsela,121,01vgn6aa,192,mock_N08_N04_Aonly,DiscussionGRPWaitPage,1773017073,17,0,1
7r9zsela,109,p458wxya,192,mock_N08_N04_Aonly,DiscussionGRPWaitPage,1773017073,17,0,1
7r9zsela,113,ytfff4ha,192,mock_N08_N04_Aonly,DiscussionGRPWaitPage,1773017073,17,0,1
7r9zsela,116,bnsv2ein,192,mock_N08_N04_Aonly,DiscussionGRPWaitPage,1773017073,17,0,1
7r9zsela,123,f543247v,192,mock_N08_N04_Aonly,DiscussionGRPWaitPage,1773017073,17,0,1
7r9zsela,114,w4x8m5x5,192,mock_N08_N04_Aonly,DiscussionGRPWaitPage,1773017073,17,0,1
7r9zsela,117,wcbl10qs,192,mock_N08_N04_Aonly,DiscussionGRPWaitPage,1773017073,17,0,1
7r9zsela,114,w4x8m5x5,197,mock_N08_N04_Aonly,Discussion,1773017076,17,0,0
7r9zsela,117,wcbl10qs,197,mock_N08_N04_Aonly,Discussion,1773017077,17,0,0
7r9zsela,109,p458wxya,197,mock_N08_N04_Aonly,Discussion,1773017077,17,0,0
7r9zsela,113,ytfff4ha,197,mock_N08_N04_Aonly,Discussion,1773017079,17,0,0
7r9zsela,116,bnsv2ein,197,mock_N08_N04_Aonly,Discussion,1773017081,17,0,0
7r9zsela,118,kb4q2ftd,197,mock_N08_N04_Aonly,Discussion,1773017084,17,0,0
7r9zsela,134,95nhrgzd,5,presurvey,Training,1773017086,1,0,0
7r9zsela,123,f543247v,197,mock_N08_N04_Aonly,Discussion,1773017088,17,0,0
7r9zsela,136,woh5gjyx,0,,InitializeParticipant,1773017093,1,0,0
7r9zsela,136,woh5gjyx,1,presurvey,Introduction,1773017097,1,0,0
7r9zsela,121,01vgn6aa,197,mock_N08_N04_Aonly,Discussion,1773017109,17,1,0
7r9zsela,109,p458wxya,203,mock_N08_N04_Aonly,DiscussionGRPWaitPage,1773017109,18,0,1
7r9zsela,113,ytfff4ha,203,mock_N08_N04_Aonly,DiscussionGRPWaitPage,1773017109,18,0,1
7r9zsela,116,bnsv2ein,203,mock_N08_N04_Aonly,DiscussionGRPWaitPage,1773017109,18,0,1
7r9zsela,123,f543247v,203,mock_N08_N04_Aonly,DiscussionGRPWaitPage,1773017109,18,0,1
7r9zsela,114,w4x8m5x5,203,mock_N08_N04_Aonly,DiscussionGRPWaitPage,1773017109,18,0,1
7r9zsela,117,wcbl10qs,203,mock_N08_N04_Aonly,DiscussionGRPWaitPage,1773017109,18,0,1
7r9zsela,118,kb4q2ftd,203,mock_N08_N04_Aonly,DiscussionGRPWaitPage,1773017109,18,0,1
7r9zsela,121,01vgn6aa,203,mock_N08_N04_Aonly,DiscussionGRPWaitPage,1773017109,18,0,1
7r9zsela,136,woh5gjyx,2,presurvey,AudioCheck,1773017111,1,0,0
7r9zsela,114,w4x8m5x5,208,mock_N08_N04_Aonly,Discussion,1773017114,18,0,0
7r9zsela,137,ui5dx6j3,0,,InitializeParticipant,1773017114,1,0,0
7r9zsela,113,ytfff4ha,208,mock_N08_N04_Aonly,Discussion,1773017115,18,0,0
7r9zsela,116,bnsv2ein,208,mock_N08_N04_Aonly,Discussion,1773017116,18,0,0
7r9zsela,123,f543247v,208,mock_N08_N04_Aonly,Discussion,1773017117,18,0,0
7r9zsela,134,95nhrgzd,6,presurvey,TrainingNeighbor_1,1773017117,1,0,0
7r9zsela,118,kb4q2ftd,208,mock_N08_N04_Aonly,Discussion,1773017121,18,0,0
7r9zsela,117,wcbl10qs,208,mock_N08_N04_Aonly,Discussion,1773017123,18,0,0
7r9zsela,136,woh5gjyx,3,presurvey,Demographics,1773017124,1,0,0
7r9zsela,109,p458wxya,208,mock_N08_N04_Aonly,Discussion,1773017125,18,0,0
7r9zsela,137,ui5dx6j3,1,presurvey,Introduction,1773017126,1,0,0
7r9zsela,136,woh5gjyx,4,presurvey,NeighborhoodInstruction,1773017128,1,0,0
7r9zsela,136,woh5gjyx,5,presurvey,Training,1773017130,1,0,0
7r9zsela,136,woh5gjyx,6,presurvey,TrainingNeighbor_1,1773017138,1,0,0
7r9zsela,136,woh5gjyx,7,presurvey,TrainingNeighbor_2,1773017141,1,0,0
7r9zsela,121,01vgn6aa,208,mock_N08_N04_Aonly,Discussion,1773017146,18,1,0
7r9zsela,109,p458wxya,214,mock_N08_N04_Aonly,DiscussionGRPWaitPage,1773017146,19,0,1
7r9zsela,113,ytfff4ha,214,mock_N08_N04_Aonly,DiscussionGRPWaitPage,1773017146,19,0,1
7r9zsela,116,bnsv2ein,214,mock_N08_N04_Aonly,DiscussionGRPWaitPage,1773017146,19,0,1
7r9zsela,123,f543247v,214,mock_N08_N04_Aonly,DiscussionGRPWaitPage,1773017146,19,0,1
7r9zsela,114,w4x8m5x5,214,mock_N08_N04_Aonly,DiscussionGRPWaitPage,1773017146,19,0,1
7r9zsela,117,wcbl10qs,214,mock_N08_N04_Aonly,DiscussionGRPWaitPage,1773017146,19,0,1
7r9zsela,118,kb4q2ftd,214,mock_N08_N04_Aonly,DiscussionGRPWaitPage,1773017146,19,0,1
7r9zsela,121,01vgn6aa,214,mock_N08_N04_Aonly,DiscussionGRPWaitPage,1773017146,19,0,1
7r9zsela,109,p458wxya,219,mock_N08_N04_Aonly,Discussion,1773017149,19,0,0
7r9zsela,114,w4x8m5x5,219,mock_N08_N04_Aonly,Discussion,1773017151,19,0,0
7r9zsela,113,ytfff4ha,219,mock_N08_N04_Aonly,Discussion,1773017151,19,0,0
7r9zsela,123,f543247v,219,mock_N08_N04_Aonly,Discussion,1773017154,19,0,0
7r9zsela,118,kb4q2ftd,219,mock_N08_N04_Aonly,Discussion,1773017154,19,0,0
7r9zsela,116,bnsv2ein,219,mock_N08_N04_Aonly,Discussion,1773017155,19,0,0
7r9zsela,117,wcbl10qs,219,mock_N08_N04_Aonly,Discussion,1773017156,19,0,0
7r9zsela,137,ui5dx6j3,2,presurvey,AudioCheck,1773017157,1,0,0
7r9zsela,138,ubx1xk3a,0,,InitializeParticipant,1773017158,1,0,0
7r9zsela,134,95nhrgzd,10,presurvey,ExperimentInstruction,1773017179,1,0,0
7r9zsela,121,01vgn6aa,219,mock_N08_N04_Aonly,Discussion,1773017182,19,1,0
7r9zsela,109,p458wxya,225,mock_N08_N04_Aonly,DiscussionGRPWaitPage,1773017183,20,0,1
7r9zsela,113,ytfff4ha,225,mock_N08_N04_Aonly,DiscussionGRPWaitPage,1773017183,20,0,1
7r9zsela,116,bnsv2ein,225,mock_N08_N04_Aonly,DiscussionGRPWaitPage,1773017183,20,0,1
7r9zsela,123,f543247v,225,mock_N08_N04_Aonly,DiscussionGRPWaitPage,1773017183,20,0,1
7r9zsela,114,w4x8m5x5,225,mock_N08_N04_Aonly,DiscussionGRPWaitPage,1773017183,20,0,1
7r9zsela,117,wcbl10qs,225,mock_N08_N04_Aonly,DiscussionGRPWaitPage,1773017183,20,0,1
7r9zsela,118,kb4q2ftd,225,mock_N08_N04_Aonly,DiscussionGRPWaitPage,1773017183,20,0,1
7r9zsela,121,01vgn6aa,225,mock_N08_N04_Aonly,DiscussionGRPWaitPage,1773017183,20,0,1
7r9zsela,123,f543247v,230,mock_N08_N04_Aonly,Discussion,1773017187,20,0,0
7r9zsela,114,w4x8m5x5,230,mock_N08_N04_Aonly,Discussion,1773017187,20,0,0
7r9zsela,138,ubx1xk3a,1,presurvey,Introduction,1773017188,1,0,0
7r9zsela,117,wcbl10qs,230,mock_N08_N04_Aonly,Discussion,1773017189,20,0,0
7r9zsela,116,bnsv2ein,230,mock_N08_N04_Aonly,Discussion,1773017190,20,0,0
7r9zsela,118,kb4q2ftd,230,mock_N08_N04_Aonly,Discussion,1773017191,20,0,0
7r9zsela,109,p458wxya,230,mock_N08_N04_Aonly,Discussion,1773017192,20,0,0
7r9zsela,113,ytfff4ha,230,mock_N08_N04_Aonly,Discussion,1773017201,20,0,0
7r9zsela,136,woh5gjyx,8,presurvey,AttentionCheck,1773017207,1,1,0
7r9zsela,121,01vgn6aa,230,mock_N08_N04_Aonly,Discussion,1773017221,20,1,0
7r9zsela,109,p458wxya,231,mock_N08_N04_Aonly,FinalRoundWaitPage,1773017221,20,0,1
7r9zsela,113,ytfff4ha,231,mock_N08_N04_Aonly,FinalRoundWaitPage,1773017221,20,0,1
7r9zsela,116,bnsv2ein,231,mock_N08_N04_Aonly,FinalRoundWaitPage,1773017221,20,0,1
7r9zsela,123,f543247v,231,mock_N08_N04_Aonly,FinalRoundWaitPage,1773017221,20,0,1
7r9zsela,121,01vgn6aa,231,mock_N08_N04_Aonly,FinalRoundWaitPage,1773017221,20,0,1
7r9zsela,117,wcbl10qs,231,mock_N08_N04_Aonly,FinalRoundWaitPage,1773017221,20,0,1
7r9zsela,114,w4x8m5x5,231,mock_N08_N04_Aonly,FinalRoundWaitPage,1773017221,20,0,1
7r9zsela,118,kb4q2ftd,231,mock_N08_N04_Aonly,FinalRoundWaitPage,1773017221,20,0,1
7r9zsela,123,f543247v,232,mock_N08_N04_Aonly,FinalRound,1773017226,20,0,0
7r9zsela,117,wcbl10qs,232,mock_N08_N04_Aonly,FinalRound,1773017229,20,0,0
7r9zsela,113,ytfff4ha,232,mock_N08_N04_Aonly,FinalRound,1773017229,20,0,0
7r9zsela,138,ubx1xk3a,2,presurvey,AudioCheck,1773017229,1,0,0
7r9zsela,109,p458wxya,232,mock_N08_N04_Aonly,FinalRound,1773017229,20,0,0
7r9zsela,118,kb4q2ftd,232,mock_N08_N04_Aonly,FinalRound,1773017231,20,0,0
7r9zsela,114,w4x8m5x5,232,mock_N08_N04_Aonly,FinalRound,1773017232,20,0,0
7r9zsela,134,95nhrgzd,11,presurvey,Scenario,1773017239,1,0,0
7r9zsela,137,ui5dx6j3,3,presurvey,Demographics,1773017246,1,0,0
7r9zsela,138,ubx1xk3a,3,presurvey,Demographics,1773017247,1,0,0
7r9zsela,139,ip84q2ah,0,,InitializeParticipant,1773017251,1,0,0
7r9zsela,116,bnsv2ein,232,mock_N08_N04_Aonly,FinalRound,1773017261,20,0,0
7r9zsela,138,ubx1xk3a,4,presurvey,NeighborhoodInstruction,1773017262,1,0,0
7r9zsela,137,ui5dx6j3,4,presurvey,NeighborhoodInstruction,1773017271,1,0,0
7r9zsela,139,ip84q2ah,1,presurvey,Introduction,1773017271,1,0,0
7r9zsela,139,ip84q2ah,2,presurvey,AudioCheck,1773017298,1,0,0
7r9zsela,137,ui5dx6j3,5,presurvey,Training,1773017306,1,0,0
7r9zsela,139,ip84q2ah,3,presurvey,Demographics,1773017315,1,0,0
7r9zsela,138,ubx1xk3a,5,presurvey,Training,1773017330,1,0,0
7r9zsela,139,ip84q2ah,4,presurvey,NeighborhoodInstruction,1773017330,1,0,0
7r9zsela,140,ic1hes46,0,,InitializeParticipant,1773017338,1,0,0
7r9zsela,140,ic1hes46,1,presurvey,Introduction,1773017362,1,0,0
7r9zsela,137,ui5dx6j3,6,presurvey,TrainingNeighbor_1,1773017378,1,0,0
7r9zsela,140,ic1hes46,2,presurvey,AudioCheck,1773017383,1,0,0
7r9zsela,137,ui5dx6j3,7,presurvey,TrainingNeighbor_2,1773017389,1,0,0
7r9zsela,141,acezc1bd,0,,InitializeParticipant,1773017398,1,0,0
7r9zsela,140,ic1hes46,3,presurvey,Demographics,1773017401,1,0,0
7r9zsela,137,ui5dx6j3,10,presurvey,ExperimentInstruction,1773017401,1,0,0
7r9zsela,141,acezc1bd,1,presurvey,Introduction,1773017407,1,0,0
7r9zsela,140,ic1hes46,4,presurvey,NeighborhoodInstruction,1773017423,1,0,0
7r9zsela,141,acezc1bd,2,presurvey,AudioCheck,1773017440,1,0,0
7r9zsela,137,ui5dx6j3,11,presurvey,Scenario,1773017453,1,0,0
7r9zsela,141,acezc1bd,3,presurvey,Demographics,1773017455,1,0,0
7r9zsela,140,ic1hes46,5,presurvey,Training,1773017455,1,0,0
7r9zsela,142,zc4gsd25,0,,InitializeParticipant,1773017459,1,0,0
7r9zsela,142,zc4gsd25,1,presurvey,Introduction,1773017487,1,0,0
7r9zsela,138,ubx1xk3a,6,presurvey,TrainingNeighbor_1,1773017501,1,0,0
7r9zsela,127,ii7ka4q9,13,mock_N08_N04_Aonly,GroupingWaitPage,1773017501,1,0,1
7r9zsela,127,ii7ka4q9,14,mock_N08_N04_Aonly,GroupSizeWaitPage,1773017501,1,0,1
7r9zsela,128,3qubak48,13,mock_N08_N04_Aonly,GroupingWaitPage,1773017507,1,0,1
7r9zsela,128,3qubak48,14,mock_N08_N04_Aonly,GroupSizeWaitPage,1773017508,1,0,1
7r9zsela,140,ic1hes46,6,presurvey,TrainingNeighbor_1,1773017514,1,0,0
7r9zsela,128,3qubak48,15,mock_N08_N04_Aonly,AttentionCheck,1773017517,1,0,0
7r9zsela,138,ubx1xk3a,7,presurvey,TrainingNeighbor_2,1773017518,1,0,0
7r9zsela,127,ii7ka4q9,15,mock_N08_N04_Aonly,AttentionCheck,1773017526,1,0,0
7r9zsela,140,ic1hes46,10,presurvey,ExperimentInstruction,1773017530,1,0,0
7r9zsela,138,ubx1xk3a,10,presurvey,ExperimentInstruction,1773017532,1,0,0
7r9zsela,142,zc4gsd25,2,presurvey,AudioCheck,1773017553,1,0,0
7r9zsela,140,ic1hes46,11,presurvey,Scenario,1773017563,1,0,0
7r9zsela,142,zc4gsd25,3,presurvey,Demographics,1773017584,1,0,0
7r9zsela,142,zc4gsd25,4,presurvey,NeighborhoodInstruction,1773017606,1,0,0
7r9zsela,138,ubx1xk3a,11,presurvey,Scenario,1773017611,1,0,0
7r9zsela,142,zc4gsd25,5,presurvey,Training,1773017629,1,0,0
7r9zsela,138,ubx1xk3a,12,presurvey,Commitment,1773017641,1,0,0
7r9zsela,142,zc4gsd25,6,presurvey,TrainingNeighbor_1,1773017691,1,0,0
7r9zsela,142,zc4gsd25,7,presurvey,TrainingNeighbor_2,1773017705,1,0,0
7r9zsela,142,zc4gsd25,10,presurvey,ExperimentInstruction,1773017714,1,0,0
7r9zsela,130,v1imxz9t,13,mock_N08_N04_Aonly,GroupingWaitPage,1773017728,1,0,1
7r9zsela,130,v1imxz9t,14,mock_N08_N04_Aonly,GroupSizeWaitPage,1773017729,1,0,1
7r9zsela,130,v1imxz9t,15,mock_N08_N04_Aonly,AttentionCheck,1773017734,1,0,0
7r9zsela,143,pdwnzqom,0,,InitializeParticipant,1773017754,1,0,0
7r9zsela,142,zc4gsd25,11,presurvey,Scenario,1773017766,1,0,0
7r9zsela,143,pdwnzqom,1,presurvey,Introduction,1773017781,1,0,0
7r9zsela,143,pdwnzqom,2,presurvey,AudioCheck,1773017806,1,0,0
7r9zsela,143,pdwnzqom,3,presurvey,Demographics,1773017824,1,0,0
7r9zsela,143,pdwnzqom,4,presurvey,NeighborhoodInstruction,1773017848,1,0,0
7r9zsela,144,j7qbrraf,0,,InitializeParticipant,1773017862,1,0,0
7r9zsela,144,j7qbrraf,1,presurvey,Introduction,1773017870,1,0,0
7r9zsela,143,pdwnzqom,5,presurvey,Training,1773017872,1,0,0
7r9zsela,144,j7qbrraf,2,presurvey,AudioCheck,1773017894,1,0,0
7r9zsela,143,pdwnzqom,6,presurvey,TrainingNeighbor_1,1773017902,1,0,0
7r9zsela,143,pdwnzqom,10,presurvey,ExperimentInstruction,1773017913,1,0,0
7r9zsela,144,j7qbrraf,3,presurvey,Demographics,1773017916,1,0,0
7r9zsela,144,j7qbrraf,4,presurvey,NeighborhoodInstruction,1773017946,1,0,0
7r9zsela,143,pdwnzqom,11,presurvey,Scenario,1773017946,1,0,0
7r9zsela,144,j7qbrraf,5,presurvey,Training,1773017987,1,0,0
7r9zsela,143,pdwnzqom,12,presurvey,Commitment,1773017999,1,0,0
7r9zsela,144,j7qbrraf,6,presurvey,TrainingNeighbor_1,1773018025,1,0,0
7r9zsela,144,j7qbrraf,10,presurvey,ExperimentInstruction,1773018035,1,0,0
7r9zsela,144,j7qbrraf,11,presurvey,Scenario,1773018083,1,0,0
7r9zsela,16,94z639ot,13,mock_N08_N04_Aonly,GroupingWaitPage,1773018087,1,0,1
7r9zsela,16,94z639ot,14,mock_N08_N04_Aonly,GroupSizeWaitPage,1773018088,1,0,1
7r9zsela,16,94z639ot,15,mock_N08_N04_Aonly,AttentionCheck,1773018093,1,0,0
