session_code,participant_id_in_session,participant_code,page_index,app_name,page_name,epoch_time_completed,round_number,timeout_happened,is_wait_page
x1gbsbqs,1,guim2kwx,0,,InitializeParticipant,1772997125,1,0,0
x1gbsbqs,1,guim2kwx,1,presurvey,Introduction,1772997127,1,0,0
x1gbsbqs,1,guim2kwx,2,presurvey,AudioCheck,1772997131,1,0,0
x1gbsbqs,2,5neu1lr5,0,,InitializeParticipant,1772997135,1,0,0
x1gbsbqs,2,5neu1lr5,1,presurvey,Introduction,1772997137,1,0,0
x1gbsbqs,2,5neu1lr5,2,presurvey,AudioCheck,1772997141,1,0,0
x1gbsbqs,2,5neu1lr5,3,presurvey,Demographics,1772997147,1,0,0
x1gbsbqs,2,5neu1lr5,4,presurvey,NeighborhoodInstruction,1772997148,1,0,0
x1gbsbqs,2,5neu1lr5,5,presurvey,Training,1772997149,1,0,0
x1gbsbqs,2,5neu1lr5,6,presurvey,TrainingNeighbor_1,1772997154,1,0,0
x1gbsbqs,2,5neu1lr5,10,presurvey,ExperimentInstruction,1772997155,1,0,0
x1gbsbqs,2,5neu1lr5,11,presurvey,Scenario,1772997160,1,0,0
x1gbsbqs,3,u3816z6k,0,,InitializeParticipant,1772997165,1,0,0
x1gbsbqs,3,u3816z6k,1,presurvey,Introduction,1772997167,1,0,0
x1gbsbqs,3,u3816z6k,2,presurvey,AudioCheck,1772997172,1,0,0
x1gbsbqs,3,u3816z6k,3,presurvey,Demographics,1772997176,1,0,0
x1gbsbqs,3,u3816z6k,4,presurvey,NeighborhoodInstruction,1772997177,1,0,0
x1gbsbqs,3,u3816z6k,5,presurvey,Training,1772997179,1,0,0
x1gbsbqs,3,u3816z6k,6,presurvey,TrainingNeighbor_1,1772997182,1,0,0
x1gbsbqs,3,u3816z6k,10,presurvey,ExperimentInstruction,1772997184,1,0,0
x1gbsbqs,3,u3816z6k,11,presurvey,Scenario,1772997187,1,0,0
x1gbsbqs,3,u3816z6k,12,presurvey,Commitment,1772997191,1,0,0
7r9zsela,1,tg39l16g,0,,InitializeParticipant,1773003804,1,0,0
7r9zsela,1,tg39l16g,1,presurvey,Introduction,1773003819,1,0,0
7r9zsela,1,tg39l16g,2,presurvey,AudioCheck,1773003830,1,0,0
7r9zsela,1,tg39l16g,3,presurvey,Demographics,1773003846,1,0,0
7r9zsela,2,0qag2bxr,0,,InitializeParticipant,1773003862,1,0,0
7r9zsela,3,p46jk6h5,0,,InitializeParticipant,1773003865,1,0,0
7r9zsela,1,tg39l16g,4,presurvey,NeighborhoodInstruction,1773003866,1,0,0
7r9zsela,1,tg39l16g,5,presurvey,Training,1773003880,1,0,0
7r9zsela,3,p46jk6h5,1,presurvey,Introduction,1773003882,1,0,0
7r9zsela,3,p46jk6h5,2,presurvey,AudioCheck,1773003905,1,0,0
7r9zsela,1,tg39l16g,6,presurvey,TrainingNeighbor_1,1773003911,1,0,0
7r9zsela,2,0qag2bxr,1,presurvey,Introduction,1773003912,1,0,0
7r9zsela,1,tg39l16g,7,presurvey,TrainingNeighbor_2,1773003914,1,0,0
7r9zsela,1,tg39l16g,10,presurvey,ExperimentInstruction,1773003916,1,0,0
7r9zsela,3,p46jk6h5,3,presurvey,Demographics,1773003936,1,0,0
7r9zsela,4,eqhqtdv2,0,,InitializeParticipant,1773003940,1,0,0
7r9zsela,1,tg39l16g,11,presurvey,Scenario,1773003944,1,0,0
7r9zsela,3,p46jk6h5,4,presurvey,NeighborhoodInstruction,1773003951,1,0,0
7r9zsela,2,0qag2bxr,2,presurvey,AudioCheck,1773003951,1,0,0
7r9zsela,4,eqhqtdv2,1,presurvey,Introduction,1773003954,1,0,0
7r9zsela,4,eqhqtdv2,2,presurvey,AudioCheck,1773003965,1,0,0
7r9zsela,2,0qag2bxr,3,presurvey,Demographics,1773003970,1,0,0
7r9zsela,4,eqhqtdv2,3,presurvey,Demographics,1773003974,1,0,0
7r9zsela,5,hoo70k7f,0,,InitializeParticipant,1773003976,1,0,0
7r9zsela,4,eqhqtdv2,4,presurvey,NeighborhoodInstruction,1773003984,1,0,0
7r9zsela,4,eqhqtdv2,5,presurvey,Training,1773003997,1,0,0
7r9zsela,3,p46jk6h5,5,presurvey,Training,1773004001,1,0,0
7r9zsela,5,hoo70k7f,1,presurvey,Introduction,1773004002,1,0,0
7r9zsela,4,eqhqtdv2,6,presurvey,TrainingNeighbor_1,1773004013,1,0,0
7r9zsela,4,eqhqtdv2,7,presurvey,TrainingNeighbor_2,1773004017,1,0,0
7r9zsela,4,eqhqtdv2,10,presurvey,ExperimentInstruction,1773004020,1,0,0
7r9zsela,4,eqhqtdv2,11,presurvey,Scenario,1773004033,1,0,0
7r9zsela,4,eqhqtdv2,12,presurvey,Commitment,1773004048,1,0,0
7r9zsela,5,hoo70k7f,2,presurvey,AudioCheck,1773004050,1,0,0
7r9zsela,3,p46jk6h5,6,presurvey,TrainingNeighbor_1,1773004054,1,0,0
7r9zsela,2,0qag2bxr,4,presurvey,NeighborhoodInstruction,1773004055,1,0,0
7r9zsela,3,p46jk6h5,10,presurvey,ExperimentInstruction,1773004061,1,0,0
7r9zsela,5,hoo70k7f,3,presurvey,Demographics,1773004079,1,0,0
7r9zsela,3,p46jk6h5,11,presurvey,Scenario,1773004118,1,0,0
7r9zsela,5,hoo70k7f,4,presurvey,NeighborhoodInstruction,1773004124,1,0,0
7r9zsela,2,0qag2bxr,5,presurvey,Training,1773004124,1,0,0
7r9zsela,6,h90n7lbr,0,,InitializeParticipant,1773004172,1,0,0
7r9zsela,5,hoo70k7f,5,presurvey,Training,1773004174,1,0,0
7r9zsela,6,h90n7lbr,1,presurvey,Introduction,1773004177,1,0,0
7r9zsela,6,h90n7lbr,2,presurvey,AudioCheck,1773004195,1,0,0
7r9zsela,2,0qag2bxr,6,presurvey,TrainingNeighbor_1,1773004196,1,0,0
7r9zsela,6,h90n7lbr,3,presurvey,Demographics,1773004210,1,0,0
7r9zsela,6,h90n7lbr,4,presurvey,NeighborhoodInstruction,1773004219,1,0,0
7r9zsela,6,h90n7lbr,5,presurvey,Training,1773004236,1,0,0
7r9zsela,2,0qag2bxr,10,presurvey,ExperimentInstruction,1773004240,1,0,0
7r9zsela,5,hoo70k7f,6,presurvey,TrainingNeighbor_1,1773004240,1,0,0
7r9zsela,6,h90n7lbr,6,presurvey,TrainingNeighbor_1,1773004248,1,0,0
7r9zsela,6,h90n7lbr,10,presurvey,ExperimentInstruction,1773004251,1,0,0
7r9zsela,6,h90n7lbr,11,presurvey,Scenario,1773004273,1,0,0
7r9zsela,7,tpnrvlpz,0,,InitializeParticipant,1773004278,1,0,0
7r9zsela,5,hoo70k7f,7,presurvey,TrainingNeighbor_2,1773004278,1,0,0
7r9zsela,7,tpnrvlpz,1,presurvey,Introduction,1773004281,1,0,0
7r9zsela,7,tpnrvlpz,2,presurvey,AudioCheck,1773004291,1,0,0
7r9zsela,5,hoo70k7f,10,presurvey,ExperimentInstruction,1773004293,1,0,0
7r9zsela,7,tpnrvlpz,3,presurvey,Demographics,1773004300,1,0,0
7r9zsela,6,h90n7lbr,12,presurvey,Commitment,1773004301,1,0,0
7r9zsela,7,tpnrvlpz,4,presurvey,NeighborhoodInstruction,1773004303,1,0,0
7r9zsela,2,0qag2bxr,11,presurvey,Scenario,1773004315,1,0,0
7r9zsela,8,vu6jiyl7,0,,InitializeParticipant,1773004321,1,0,0
7r9zsela,7,tpnrvlpz,5,presurvey,Training,1773004321,1,0,0
7r9zsela,7,tpnrvlpz,6,presurvey,TrainingNeighbor_1,1773004332,1,0,0
7r9zsela,7,tpnrvlpz,10,presurvey,ExperimentInstruction,1773004334,1,0,0
7r9zsela,7,tpnrvlpz,11,presurvey,Scenario,1773004344,1,0,0
7r9zsela,7,tpnrvlpz,12,presurvey,Commitment,1773004353,1,0,0
7r9zsela,5,hoo70k7f,11,presurvey,Scenario,1773004384,1,0,0
7r9zsela,8,vu6jiyl7,1,presurvey,Introduction,1773004397,1,0,0
7r9zsela,8,vu6jiyl7,2,presurvey,AudioCheck,1773004417,1,0,0
7r9zsela,8,vu6jiyl7,3,presurvey,Demographics,1773004451,1,0,0
7r9zsela,5,hoo70k7f,12,presurvey,Commitment,1773004454,1,0,0
7r9zsela,8,vu6jiyl7,4,presurvey,NeighborhoodInstruction,1773004719,1,0,0
7r9zsela,9,igncim3x,0,,InitializeParticipant,1773004768,1,0,0
7r9zsela,8,vu6jiyl7,5,presurvey,Training,1773004772,1,0,0
7r9zsela,9,igncim3x,1,presurvey,Introduction,1773004803,1,0,0
7r9zsela,9,igncim3x,2,presurvey,AudioCheck,1773004814,1,0,0
7r9zsela,8,vu6jiyl7,6,presurvey,TrainingNeighbor_1,1773004826,1,0,0
7r9zsela,8,vu6jiyl7,10,presurvey,ExperimentInstruction,1773004830,1,0,0
7r9zsela,9,igncim3x,3,presurvey,Demographics,1773004830,1,0,0
7r9zsela,9,igncim3x,4,presurvey,NeighborhoodInstruction,1773004850,1,0,0
7r9zsela,9,igncim3x,5,presurvey,Training,1773004874,1,0,0
7r9zsela,8,vu6jiyl7,11,presurvey,Scenario,1773004903,1,0,0
7r9zsela,9,igncim3x,6,presurvey,TrainingNeighbor_1,1773004930,1,0,0
7r9zsela,9,igncim3x,7,presurvey,TrainingNeighbor_2,1773004937,1,0,0
7r9zsela,8,vu6jiyl7,12,presurvey,Commitment,1773004944,1,0,0
7r9zsela,9,igncim3x,10,presurvey,ExperimentInstruction,1773004953,1,0,0
7r9zsela,9,igncim3x,11,presurvey,Scenario,1773004977,1,0,0
7r9zsela,9,igncim3x,12,presurvey,Commitment,1773005008,1,0,0
7r9zsela,4,eqhqtdv2,13,mock_N08_N04_Aonly,GroupingWaitPage,1773005253,1,0,1
7r9zsela,4,eqhqtdv2,14,mock_N08_N04_Aonly,GroupSizeWaitPage,1773005254,1,0,1
7r9zsela,4,eqhqtdv2,15,mock_N08_N04_Aonly,AttentionCheck,1773005260,1,0,0
7r9zsela,6,h90n7lbr,13,mock_N08_N04_Aonly,GroupingWaitPage,1773005446,1,0,1
7r9zsela,6,h90n7lbr,14,mock_N08_N04_Aonly,GroupSizeWaitPage,1773005447,1,0,1
7r9zsela,6,h90n7lbr,15,mock_N08_N04_Aonly,AttentionCheck,1773005452,1,0,0
7r9zsela,10,uixn29t6,0,,InitializeParticipant,1773005460,1,0,0
7r9zsela,7,tpnrvlpz,13,mock_N08_N04_Aonly,GroupingWaitPage,1773005508,1,0,1
7r9zsela,7,tpnrvlpz,14,mock_N08_N04_Aonly,GroupSizeWaitPage,1773005508,1,0,1
7r9zsela,7,tpnrvlpz,15,mock_N08_N04_Aonly,AttentionCheck,1773005515,1,0,0
7r9zsela,10,uixn29t6,1,presurvey,Introduction,1773005518,1,0,0
7r9zsela,10,uixn29t6,2,presurvey,AudioCheck,1773005552,1,0,0
7r9zsela,10,uixn29t6,3,presurvey,Demographics,1773005574,1,0,0
7r9zsela,10,uixn29t6,4,presurvey,NeighborhoodInstruction,1773005608,1,0,0
7r9zsela,5,hoo70k7f,13,mock_N08_N04_Aonly,GroupingWaitPage,1773005661,1,0,1
7r9zsela,5,hoo70k7f,14,mock_N08_N04_Aonly,GroupSizeWaitPage,1773005661,1,0,1
7r9zsela,10,uixn29t6,5,presurvey,Training,1773005663,1,0,0
7r9zsela,5,hoo70k7f,15,mock_N08_N04_Aonly,AttentionCheck,1773005672,1,0,0
7r9zsela,10,uixn29t6,6,presurvey,TrainingNeighbor_1,1773005726,1,0,0
7r9zsela,10,uixn29t6,10,presurvey,ExperimentInstruction,1773005745,1,0,0
7r9zsela,10,uixn29t6,11,presurvey,Scenario,1773005815,1,0,0
7r9zsela,11,fu0xu7de,0,,InitializeParticipant,1773005935,1,0,0
7r9zsela,11,fu0xu7de,1,presurvey,Introduction,1773005940,1,0,0
7r9zsela,11,fu0xu7de,2,presurvey,AudioCheck,1773006015,1,0,0
7r9zsela,11,fu0xu7de,3,presurvey,Demographics,1773006072,1,0,0
7r9zsela,11,fu0xu7de,4,presurvey,NeighborhoodInstruction,1773006088,1,0,0
7r9zsela,8,vu6jiyl7,13,mock_N08_N04_Aonly,GroupingWaitPage,1773006091,1,0,1
7r9zsela,8,vu6jiyl7,14,mock_N08_N04_Aonly,GroupSizeWaitPage,1773006091,1,0,1
7r9zsela,8,vu6jiyl7,15,mock_N08_N04_Aonly,AttentionCheck,1773006098,1,0,0
7r9zsela,12,n0wj2cmw,0,,InitializeParticipant,1773006114,1,0,0
7r9zsela,12,n0wj2cmw,1,presurvey,Introduction,1773006125,1,0,0
7r9zsela,13,8r0gtuyd,0,,InitializeParticipant,1773006131,1,0,0
7r9zsela,14,61lboiq2,0,,InitializeParticipant,1773006134,1,0,0
7r9zsela,11,fu0xu7de,5,presurvey,Training,1773006134,1,0,0
7r9zsela,12,n0wj2cmw,2,presurvey,AudioCheck,1773006143,1,0,0
7r9zsela,9,igncim3x,13,mock_N08_N04_Aonly,GroupingWaitPage,1773006152,1,0,1
7r9zsela,9,igncim3x,14,mock_N08_N04_Aonly,GroupSizeWaitPage,1773006152,1,0,1
7r9zsela,14,61lboiq2,1,presurvey,Introduction,1773006154,1,0,0
7r9zsela,9,igncim3x,15,mock_N08_N04_Aonly,AttentionCheck,1773006157,1,0,0
7r9zsela,14,61lboiq2,2,presurvey,AudioCheck,1773006170,1,0,0
7r9zsela,12,n0wj2cmw,3,presurvey,Demographics,1773006178,1,0,0
7r9zsela,14,61lboiq2,3,presurvey,Demographics,1773006192,1,0,0
7r9zsela,11,fu0xu7de,6,presurvey,TrainingNeighbor_1,1773006200,1,0,0
7r9zsela,14,61lboiq2,4,presurvey,NeighborhoodInstruction,1773006203,1,0,0
7r9zsela,11,fu0xu7de,10,presurvey,ExperimentInstruction,1773006210,1,0,0
7r9zsela,12,n0wj2cmw,4,presurvey,NeighborhoodInstruction,1773006211,1,0,0
7r9zsela,13,8r0gtuyd,1,presurvey,Introduction,1773006212,1,0,0
7r9zsela,13,8r0gtuyd,2,presurvey,AudioCheck,1773006240,1,0,0
7r9zsela,12,n0wj2cmw,5,presurvey,Training,1773006246,1,0,0
7r9zsela,14,61lboiq2,5,presurvey,Training,1773006250,1,0,0
7r9zsela,13,8r0gtuyd,3,presurvey,Demographics,1773006258,1,0,0
7r9zsela,11,fu0xu7de,11,presurvey,Scenario,1773006264,1,0,0
7r9zsela,12,n0wj2cmw,6,presurvey,TrainingNeighbor_1,1773006280,1,0,0
7r9zsela,12,n0wj2cmw,7,presurvey,TrainingNeighbor_2,1773006287,1,0,0
7r9zsela,12,n0wj2cmw,10,presurvey,ExperimentInstruction,1773006293,1,0,0
7r9zsela,14,61lboiq2,6,presurvey,TrainingNeighbor_1,1773006308,1,0,0
7r9zsela,14,61lboiq2,10,presurvey,ExperimentInstruction,1773006328,1,0,0
7r9zsela,15,8g0rhhjo,0,,InitializeParticipant,1773006358,1,0,0
7r9zsela,14,61lboiq2,11,presurvey,Scenario,1773006374,1,0,0
7r9zsela,15,8g0rhhjo,1,presurvey,Introduction,1773006382,1,0,0
7r9zsela,15,8g0rhhjo,2,presurvey,AudioCheck,1773006400,1,0,0
7r9zsela,15,8g0rhhjo,3,presurvey,Demographics,1773006412,1,0,0
7r9zsela,12,n0wj2cmw,11,presurvey,Scenario,1773006422,1,0,0
7r9zsela,13,8r0gtuyd,4,presurvey,NeighborhoodInstruction,1773006425,1,0,0
7r9zsela,15,8g0rhhjo,4,presurvey,NeighborhoodInstruction,1773006428,1,0,0
7r9zsela,16,94z639ot,0,,InitializeParticipant,1773006439,1,0,0
7r9zsela,13,8r0gtuyd,5,presurvey,Training,1773006460,1,0,0
7r9zsela,15,8g0rhhjo,5,presurvey,Training,1773006468,1,0,0
7r9zsela,15,8g0rhhjo,6,presurvey,TrainingNeighbor_1,1773006504,1,0,0
7r9zsela,13,8r0gtuyd,6,presurvey,TrainingNeighbor_1,1773006510,1,0,0
7r9zsela,15,8g0rhhjo,10,presurvey,ExperimentInstruction,1773006510,1,0,0
7r9zsela,13,8r0gtuyd,10,presurvey,ExperimentInstruction,1773006527,1,0,0
7r9zsela,12,n0wj2cmw,12,presurvey,Commitment,1773006530,1,0,0
7r9zsela,15,8g0rhhjo,11,presurvey,Scenario,1773006548,1,0,0
7r9zsela,13,8r0gtuyd,11,presurvey,Scenario,1773006558,1,0,0
7r9zsela,17,beb0vj6m,0,,InitializeParticipant,1773006564,1,0,0
7r9zsela,16,94z639ot,1,presurvey,Introduction,1773006567,1,0,0
7r9zsela,18,klpt8qeu,0,,InitializeParticipant,1773006579,1,0,0
7r9zsela,18,klpt8qeu,1,presurvey,Introduction,1773006597,1,0,0
7r9zsela,15,8g0rhhjo,12,presurvey,Commitment,1773006605,1,0,0
7r9zsela,18,klpt8qeu,2,presurvey,AudioCheck,1773006625,1,0,0
7r9zsela,13,8r0gtuyd,12,presurvey,Commitment,1773006629,1,0,0
7r9zsela,17,beb0vj6m,1,presurvey,Introduction,1773006652,1,0,0
7r9zsela,18,klpt8qeu,3,presurvey,Demographics,1773006653,1,0,0
7r9zsela,18,klpt8qeu,4,presurvey,NeighborhoodInstruction,1773006777,1,0,0
7r9zsela,17,beb0vj6m,2,presurvey,AudioCheck,1773006808,1,0,0
7r9zsela,18,klpt8qeu,5,presurvey,Training,1773006839,1,0,0
7r9zsela,19,78bqi7mo,0,,InitializeParticipant,1773006850,1,0,0
7r9zsela,19,78bqi7mo,1,presurvey,Introduction,1773006854,1,0,0
7r9zsela,19,78bqi7mo,2,presurvey,AudioCheck,1773006872,1,0,0
7r9zsela,19,78bqi7mo,3,presurvey,Demographics,1773006885,1,0,0
7r9zsela,19,78bqi7mo,4,presurvey,NeighborhoodInstruction,1773006918,1,0,0
7r9zsela,18,klpt8qeu,6,presurvey,TrainingNeighbor_1,1773006952,1,0,0
7r9zsela,19,78bqi7mo,5,presurvey,Training,1773007002,1,0,0
7r9zsela,18,klpt8qeu,10,presurvey,ExperimentInstruction,1773007026,1,0,0
7r9zsela,19,78bqi7mo,6,presurvey,TrainingNeighbor_1,1773007045,1,0,0
7r9zsela,19,78bqi7mo,7,presurvey,TrainingNeighbor_2,1773007053,1,0,0
7r9zsela,19,78bqi7mo,10,presurvey,ExperimentInstruction,1773007109,1,0,0
7r9zsela,19,78bqi7mo,11,presurvey,Scenario,1773007147,1,0,0
7r9zsela,18,klpt8qeu,11,presurvey,Scenario,1773007164,1,0,0
7r9zsela,20,647mss6e,0,,InitializeParticipant,1773007293,1,0,0
7r9zsela,20,647mss6e,1,presurvey,Introduction,1773007304,1,0,0
7r9zsela,21,h2dimzmg,0,,InitializeParticipant,1773007306,1,0,0
7r9zsela,20,647mss6e,2,presurvey,AudioCheck,1773007318,1,0,0
7r9zsela,18,klpt8qeu,12,presurvey,Commitment,1773007333,1,0,0
7r9zsela,21,h2dimzmg,1,presurvey,Introduction,1773007334,1,0,0
7r9zsela,20,647mss6e,3,presurvey,Demographics,1773007335,1,0,0
7r9zsela,20,647mss6e,4,presurvey,NeighborhoodInstruction,1773007344,1,0,0
7r9zsela,21,h2dimzmg,2,presurvey,AudioCheck,1773007355,1,0,0
7r9zsela,22,7v9hm7p8,0,,InitializeParticipant,1773007364,1,0,0
7r9zsela,20,647mss6e,5,presurvey,Training,1773007376,1,0,0
7r9zsela,22,7v9hm7p8,1,presurvey,Introduction,1773007376,1,0,0
7r9zsela,21,h2dimzmg,3,presurvey,Demographics,1773007395,1,0,0
7r9zsela,20,647mss6e,6,presurvey,TrainingNeighbor_1,1773007397,1,0,0
7r9zsela,22,7v9hm7p8,2,presurvey,AudioCheck,1773007398,1,0,0
7r9zsela,20,647mss6e,10,presurvey,ExperimentInstruction,1773007405,1,0,0
7r9zsela,22,7v9hm7p8,3,presurvey,Demographics,1773007421,1,0,0
7r9zsela,20,647mss6e,11,presurvey,Scenario,1773007429,1,0,0
7r9zsela,22,7v9hm7p8,4,presurvey,NeighborhoodInstruction,1773007439,1,0,0
7r9zsela,20,647mss6e,12,presurvey,Commitment,1773007455,1,0,0
7r9zsela,21,h2dimzmg,4,presurvey,NeighborhoodInstruction,1773007465,1,0,0
7r9zsela,22,7v9hm7p8,5,presurvey,Training,1773007489,1,0,0
7r9zsela,22,7v9hm7p8,6,presurvey,TrainingNeighbor_1,1773007524,1,0,0
7r9zsela,21,h2dimzmg,5,presurvey,Training,1773007530,1,0,0
7r9zsela,23,nfdtrrc1,0,,InitializeParticipant,1773007538,1,0,0
7r9zsela,23,nfdtrrc1,1,presurvey,Introduction,1773007541,1,0,0
7r9zsela,22,7v9hm7p8,10,presurvey,ExperimentInstruction,1773007552,1,0,0
7r9zsela,23,nfdtrrc1,2,presurvey,AudioCheck,1773007562,1,0,0
7r9zsela,23,nfdtrrc1,3,presurvey,Demographics,1773007571,1,0,0
7r9zsela,23,nfdtrrc1,4,presurvey,NeighborhoodInstruction,1773007577,1,0,0
7r9zsela,22,7v9hm7p8,11,presurvey,Scenario,1773007581,1,0,0
7r9zsela,24,0zdafhxe,0,,InitializeParticipant,1773007586,1,0,0
7r9zsela,23,nfdtrrc1,5,presurvey,Training,1773007586,1,0,0
7r9zsela,21,h2dimzmg,6,presurvey,TrainingNeighbor_1,1773007605,1,0,0
7r9zsela,21,h2dimzmg,7,presurvey,TrainingNeighbor_2,1773007636,1,0,0
7r9zsela,24,0zdafhxe,1,presurvey,Introduction,1773007648,1,0,0
7r9zsela,21,h2dimzmg,10,presurvey,ExperimentInstruction,1773007656,1,0,0
7r9zsela,23,nfdtrrc1,6,presurvey,TrainingNeighbor_1,1773007660,1,0,0
7r9zsela,24,0zdafhxe,2,presurvey,AudioCheck,1773007662,1,0,0
7r9zsela,25,7njtkjup,0,,InitializeParticipant,1773007662,1,0,0
7r9zsela,23,nfdtrrc1,10,presurvey,ExperimentInstruction,1773007663,1,0,0
7r9zsela,26,mn5r3fjt,0,,InitializeParticipant,1773007668,1,0,0
7r9zsela,25,7njtkjup,1,presurvey,Introduction,1773007669,1,0,0
7r9zsela,12,n0wj2cmw,13,mock_N08_N04_Aonly,GroupingWaitPage,1773007677,1,0,1
7r9zsela,24,0zdafhxe,3,presurvey,Demographics,1773007677,1,0,0
7r9zsela,12,n0wj2cmw,14,mock_N08_N04_Aonly,GroupSizeWaitPage,1773007678,1,0,1
7r9zsela,23,nfdtrrc1,11,presurvey,Scenario,1773007687,1,0,0
7r9zsela,26,mn5r3fjt,1,presurvey,Introduction,1773007691,1,0,0
7r9zsela,25,7njtkjup,2,presurvey,AudioCheck,1773007694,1,0,0
7r9zsela,24,0zdafhxe,4,presurvey,NeighborhoodInstruction,1773007696,1,0,0
7r9zsela,26,mn5r3fjt,2,presurvey,AudioCheck,1773007703,1,0,0
7r9zsela,25,7njtkjup,3,presurvey,Demographics,1773007707,1,0,0
7r9zsela,21,h2dimzmg,11,presurvey,Scenario,1773007711,1,0,0
7r9zsela,12,n0wj2cmw,15,mock_N08_N04_Aonly,AttentionCheck,1773007713,1,1,0
7r9zsela,26,mn5r3fjt,3,presurvey,Demographics,1773007716,1,0,0
7r9zsela,26,mn5r3fjt,4,presurvey,NeighborhoodInstruction,1773007738,1,0,0
7r9zsela,25,7njtkjup,4,presurvey,NeighborhoodInstruction,1773007747,1,0,0
7r9zsela,15,8g0rhhjo,13,mock_N08_N04_Aonly,GroupingWaitPage,1773007750,1,0,1
7r9zsela,15,8g0rhhjo,14,mock_N08_N04_Aonly,GroupSizeWaitPage,1773007750,1,0,1
7r9zsela,15,8g0rhhjo,15,mock_N08_N04_Aonly,AttentionCheck,1773007755,1,0,0
7r9zsela,26,mn5r3fjt,5,presurvey,Training,1773007762,1,0,0
7r9zsela,24,0zdafhxe,5,presurvey,Training,1773007772,1,0,0
7r9zsela,26,mn5r3fjt,6,presurvey,TrainingNeighbor_1,1773007787,1,0,0
7r9zsela,26,mn5r3fjt,7,presurvey,TrainingNeighbor_2,1773007794,1,0,0
7r9zsela,25,7njtkjup,5,presurvey,Training,1773007795,1,0,0
7r9zsela,26,mn5r3fjt,10,presurvey,ExperimentInstruction,1773007798,1,0,0
7r9zsela,26,mn5r3fjt,11,presurvey,Scenario,1773007828,1,0,0
7r9zsela,13,8r0gtuyd,13,mock_N08_N04_Aonly,GroupingWaitPage,1773007831,1,0,1
7r9zsela,24,0zdafhxe,6,presurvey,TrainingNeighbor_1,1773007831,1,0,0
7r9zsela,13,8r0gtuyd,14,mock_N08_N04_Aonly,GroupSizeWaitPage,1773007832,1,0,1
7r9zsela,24,0zdafhxe,7,presurvey,TrainingNeighbor_2,1773007842,1,0,0
7r9zsela,26,mn5r3fjt,12,presurvey,Commitment,1773007845,1,0,0
7r9zsela,25,7njtkjup,6,presurvey,TrainingNeighbor_1,1773007846,1,0,0
7r9zsela,24,0zdafhxe,10,presurvey,ExperimentInstruction,1773007851,1,0,0
7r9zsela,25,7njtkjup,7,presurvey,TrainingNeighbor_2,1773007856,1,0,0
7r9zsela,13,8r0gtuyd,15,mock_N08_N04_Aonly,AttentionCheck,1773007867,1,0,0
7r9zsela,25,7njtkjup,10,presurvey,ExperimentInstruction,1773007871,1,0,0
7r9zsela,27,7sjffaif,0,,InitializeParticipant,1773007895,1,0,0
7r9zsela,27,7sjffaif,1,presurvey,Introduction,1773007902,1,0,0
7r9zsela,27,7sjffaif,2,presurvey,AudioCheck,1773007909,1,0,0
7r9zsela,24,0zdafhxe,11,presurvey,Scenario,1773007916,1,0,0
7r9zsela,25,7njtkjup,11,presurvey,Scenario,1773007918,1,0,0
7r9zsela,27,7sjffaif,3,presurvey,Demographics,1773007925,1,0,0
7r9zsela,27,7sjffaif,4,presurvey,NeighborhoodInstruction,1773007930,1,0,0
7r9zsela,21,h2dimzmg,12,presurvey,Commitment,1773007936,1,0,0
7r9zsela,27,7sjffaif,5,presurvey,Training,1773007948,1,0,0
7r9zsela,24,0zdafhxe,12,presurvey,Commitment,1773007973,1,0,0
7r9zsela,27,7sjffaif,6,presurvey,TrainingNeighbor_1,1773007976,1,0,0
7r9zsela,27,7sjffaif,10,presurvey,ExperimentInstruction,1773007980,1,0,0
7r9zsela,27,7sjffaif,11,presurvey,Scenario,1773007992,1,0,0
7r9zsela,27,7sjffaif,12,presurvey,Commitment,1773008006,1,0,0
7r9zsela,28,t7fzyibd,0,,InitializeParticipant,1773008082,1,0,0
7r9zsela,28,t7fzyibd,1,presurvey,Introduction,1773008110,1,0,0
7r9zsela,28,t7fzyibd,2,presurvey,AudioCheck,1773008139,1,0,0
7r9zsela,28,t7fzyibd,3,presurvey,Demographics,1773008153,1,0,0
7r9zsela,28,t7fzyibd,4,presurvey,NeighborhoodInstruction,1773008167,1,0,0
7r9zsela,28,t7fzyibd,5,presurvey,Training,1773008200,1,0,0
7r9zsela,28,t7fzyibd,6,presurvey,TrainingNeighbor_1,1773008233,1,0,0
7r9zsela,28,t7fzyibd,10,presurvey,ExperimentInstruction,1773008249,1,0,0
7r9zsela,28,t7fzyibd,11,presurvey,Scenario,1773008298,1,0,0
7r9zsela,29,jpf1yqvd,0,,InitializeParticipant,1773008348,1,0,0
7r9zsela,30,q63yv2ry,0,,InitializeParticipant,1773008401,1,0,0
7r9zsela,30,q63yv2ry,1,presurvey,Introduction,1773008405,1,0,0
7r9zsela,30,q63yv2ry,2,presurvey,AudioCheck,1773008420,1,0,0
7r9zsela,30,q63yv2ry,3,presurvey,Demographics,1773008437,1,0,0
7r9zsela,30,q63yv2ry,4,presurvey,NeighborhoodInstruction,1773008444,1,0,0
7r9zsela,30,q63yv2ry,5,presurvey,Training,1773008456,1,0,0
7r9zsela,31,6pbbuf94,0,,InitializeParticipant,1773008461,1,0,0
7r9zsela,30,q63yv2ry,6,presurvey,TrainingNeighbor_1,1773008472,1,0,0
7r9zsela,31,6pbbuf94,1,presurvey,Introduction,1773008481,1,0,0
7r9zsela,30,q63yv2ry,10,presurvey,ExperimentInstruction,1773008492,1,0,0
7r9zsela,30,q63yv2ry,11,presurvey,Scenario,1773008500,1,0,0
7r9zsela,31,6pbbuf94,2,presurvey,AudioCheck,1773008504,1,0,0
7r9zsela,30,q63yv2ry,12,presurvey,Commitment,1773008523,1,0,0
7r9zsela,31,6pbbuf94,3,presurvey,Demographics,1773008527,1,0,0
7r9zsela,18,klpt8qeu,13,mock_N08_N04_Aonly,GroupingWaitPage,1773008538,1,0,1
7r9zsela,18,klpt8qeu,14,mock_N08_N04_Aonly,GroupSizeWaitPage,1773008539,1,0,1
7r9zsela,18,klpt8qeu,15,mock_N08_N04_Aonly,AttentionCheck,1773008545,1,0,0
7r9zsela,31,6pbbuf94,4,presurvey,NeighborhoodInstruction,1773008553,1,0,0
7r9zsela,20,647mss6e,13,mock_N08_N04_Aonly,GroupingWaitPage,1773008600,1,0,1
7r9zsela,20,647mss6e,14,mock_N08_N04_Aonly,GroupSizeWaitPage,1773008600,1,0,1
7r9zsela,20,647mss6e,15,mock_N08_N04_Aonly,AttentionCheck,1773008604,1,0,0
7r9zsela,31,6pbbuf94,5,presurvey,Training,1773008612,1,0,0
7r9zsela,32,zj04l2bn,0,,InitializeParticipant,1773008618,1,0,0
7r9zsela,32,zj04l2bn,1,presurvey,Introduction,1773008635,1,0,0
7r9zsela,32,zj04l2bn,2,presurvey,AudioCheck,1773008647,1,0,0
7r9zsela,32,zj04l2bn,3,presurvey,Demographics,1773008663,1,0,0
7r9zsela,31,6pbbuf94,6,presurvey,TrainingNeighbor_1,1773008663,1,0,0
7r9zsela,32,zj04l2bn,4,presurvey,NeighborhoodInstruction,1773008668,1,0,0
7r9zsela,32,zj04l2bn,5,presurvey,Training,1773008684,1,0,0
7r9zsela,31,6pbbuf94,10,presurvey,ExperimentInstruction,1773008692,1,0,0
7r9zsela,32,zj04l2bn,6,presurvey,TrainingNeighbor_1,1773008700,1,0,0
7r9zsela,32,zj04l2bn,10,presurvey,ExperimentInstruction,1773008702,1,0,0
7r9zsela,32,zj04l2bn,11,presurvey,Scenario,1773008735,1,0,0
7r9zsela,31,6pbbuf94,11,presurvey,Scenario,1773008758,1,0,0
7r9zsela,33,blkc7vp5,0,,InitializeParticipant,1773008759,1,0,0
7r9zsela,33,blkc7vp5,1,presurvey,Introduction,1773008781,1,0,0
7r9zsela,33,blkc7vp5,2,presurvey,AudioCheck,1773008796,1,0,0
7r9zsela,31,6pbbuf94,12,presurvey,Commitment,1773008807,1,0,0
7r9zsela,33,blkc7vp5,3,presurvey,Demographics,1773008812,1,0,0
7r9zsela,32,zj04l2bn,12,presurvey,Commitment,1773008818,1,0,0
7r9zsela,33,blkc7vp5,4,presurvey,NeighborhoodInstruction,1773008861,1,0,0
7r9zsela,33,blkc7vp5,5,presurvey,Training,1773008895,1,0,0
7r9zsela,33,blkc7vp5,6,presurvey,TrainingNeighbor_1,1773008920,1,0,0
7r9zsela,33,blkc7vp5,7,presurvey,TrainingNeighbor_2,1773008932,1,0,0
7r9zsela,33,blkc7vp5,10,presurvey,ExperimentInstruction,1773008938,1,0,0
7r9zsela,26,mn5r3fjt,13,mock_N08_N04_Aonly,GroupingWaitPage,1773008987,1,0,1
7r9zsela,26,mn5r3fjt,14,mock_N08_N04_Aonly,GroupSizeWaitPage,1773008987,1,0,1
7r9zsela,34,hb75xpi2,0,,InitializeParticipant,1773008988,1,0,0
7r9zsela,33,blkc7vp5,11,presurvey,Scenario,1773008990,1,0,0
7r9zsela,26,mn5r3fjt,15,mock_N08_N04_Aonly,AttentionCheck,1773008998,1,0,0
7r9zsela,35,9pmn36zf,0,,InitializeParticipant,1773009023,1,0,0
7r9zsela,35,9pmn36zf,1,presurvey,Introduction,1773009067,1,0,0
7r9zsela,34,hb75xpi2,1,presurvey,Introduction,1773009070,1,0,0
7r9zsela,35,9pmn36zf,2,presurvey,AudioCheck,1773009090,1,0,0
7r9zsela,35,9pmn36zf,3,presurvey,Demographics,1773009104,1,0,0
7r9zsela,34,hb75xpi2,2,presurvey,AudioCheck,1773009115,1,0,0
7r9zsela,35,9pmn36zf,4,presurvey,NeighborhoodInstruction,1773009115,1,0,0
7r9zsela,36,r5sj7632,0,,InitializeParticipant,1773009126,1,0,0
7r9zsela,24,0zdafhxe,13,mock_N08_N04_Aonly,GroupingWaitPage,1773009129,1,0,1
7r9zsela,24,0zdafhxe,14,mock_N08_N04_Aonly,GroupSizeWaitPage,1773009130,1,0,1
7r9zsela,24,0zdafhxe,15,mock_N08_N04_Aonly,AttentionCheck,1773009138,1,0,0
7r9zsela,36,r5sj7632,1,presurvey,Introduction,1773009143,1,0,0
7r9zsela,35,9pmn36zf,5,presurvey,Training,1773009145,1,0,0
7r9zsela,27,7sjffaif,13,mock_N08_N04_Aonly,GroupingWaitPage,1773009151,1,0,1
7r9zsela,27,7sjffaif,14,mock_N08_N04_Aonly,GroupSizeWaitPage,1773009151,1,0,1
7r9zsela,34,hb75xpi2,3,presurvey,Demographics,1773009158,1,0,0
7r9zsela,27,7sjffaif,15,mock_N08_N04_Aonly,AttentionCheck,1773009158,1,0,0
7r9zsela,36,r5sj7632,2,presurvey,AudioCheck,1773009163,1,0,0
7r9zsela,34,hb75xpi2,4,presurvey,NeighborhoodInstruction,1773009177,1,0,0
7r9zsela,36,r5sj7632,3,presurvey,Demographics,1773009185,1,0,0
7r9zsela,35,9pmn36zf,6,presurvey,TrainingNeighbor_1,1773009197,1,0,0
7r9zsela,35,9pmn36zf,7,presurvey,TrainingNeighbor_2,1773009206,1,0,0
7r9zsela,36,r5sj7632,4,presurvey,NeighborhoodInstruction,1773009207,1,0,0
7r9zsela,35,9pmn36zf,10,presurvey,ExperimentInstruction,1773009213,1,0,0
7r9zsela,34,hb75xpi2,5,presurvey,Training,1773009214,1,0,0
7r9zsela,35,9pmn36zf,11,presurvey,Scenario,1773009237,1,0,0
7r9zsela,36,r5sj7632,5,presurvey,Training,1773009244,1,0,0
7r9zsela,34,hb75xpi2,6,presurvey,TrainingNeighbor_1,1773009249,1,0,0
7r9zsela,34,hb75xpi2,10,presurvey,ExperimentInstruction,1773009264,1,0,0
7r9zsela,35,9pmn36zf,12,presurvey,Commitment,1773009279,1,0,0
7r9zsela,36,r5sj7632,6,presurvey,TrainingNeighbor_1,1773009315,1,0,0
7r9zsela,36,r5sj7632,10,presurvey,ExperimentInstruction,1773009321,1,0,0
7r9zsela,37,58hvptda,0,,InitializeParticipant,1773009338,1,0,0
7r9zsela,38,f2v8tays,0,,InitializeParticipant,1773009341,1,0,0
7r9zsela,36,r5sj7632,11,presurvey,Scenario,1773009350,1,0,0
7r9zsela,38,f2v8tays,1,presurvey,Introduction,1773009355,1,0,0
7r9zsela,37,58hvptda,1,presurvey,Introduction,1773009356,1,0,0
7r9zsela,37,58hvptda,2,presurvey,AudioCheck,1773009371,1,0,0
7r9zsela,39,3ukwo7wj,0,,InitializeParticipant,1773009374,1,0,0
7r9zsela,39,3ukwo7wj,1,presurvey,Introduction,1773009386,1,0,0
7r9zsela,38,f2v8tays,2,presurvey,AudioCheck,1773009387,1,0,0
7r9zsela,34,hb75xpi2,11,presurvey,Scenario,1773009389,1,0,0
7r9zsela,38,f2v8tays,3,presurvey,Demographics,1773009406,1,0,0
7r9zsela,37,58hvptda,3,presurvey,Demographics,1773009439,1,0,0
7r9zsela,38,f2v8tays,4,presurvey,NeighborhoodInstruction,1773009449,1,0,0
7r9zsela,39,3ukwo7wj,2,presurvey,AudioCheck,1773009450,1,0,0
7r9zsela,40,gybeh1qr,0,,InitializeParticipant,1773009452,1,0,0
7r9zsela,40,gybeh1qr,1,presurvey,Introduction,1773009465,1,0,0
7r9zsela,37,58hvptda,4,presurvey,NeighborhoodInstruction,1773009468,1,0,0
7r9zsela,41,g34ccqcc,0,,InitializeParticipant,1773009469,1,0,0
7r9zsela,39,3ukwo7wj,3,presurvey,Demographics,1773009471,1,0,0
7r9zsela,38,f2v8tays,5,presurvey,Training,1773009473,1,0,0
7r9zsela,41,g34ccqcc,1,presurvey,Introduction,1773009475,1,0,0
7r9zsela,40,gybeh1qr,2,presurvey,AudioCheck,1773009487,1,0,0
7r9zsela,40,gybeh1qr,3,presurvey,Demographics,1773009509,1,0,0
7r9zsela,39,3ukwo7wj,4,presurvey,NeighborhoodInstruction,1773009509,1,0,0
7r9zsela,38,f2v8tays,6,presurvey,TrainingNeighbor_1,1773009520,1,0,0
7r9zsela,41,g34ccqcc,2,presurvey,AudioCheck,1773009522,1,0,0
7r9zsela,38,f2v8tays,10,presurvey,ExperimentInstruction,1773009525,1,0,0
7r9zsela,37,58hvptda,5,presurvey,Training,1773009530,1,0,0
7r9zsela,39,3ukwo7wj,5,presurvey,Training,1773009532,1,0,0
7r9zsela,40,gybeh1qr,4,presurvey,NeighborhoodInstruction,1773009538,1,0,0
7r9zsela,41,g34ccqcc,3,presurvey,Demographics,1773009544,1,0,0
7r9zsela,41,g34ccqcc,4,presurvey,NeighborhoodInstruction,1773009552,1,0,0
7r9zsela,37,58hvptda,6,presurvey,TrainingNeighbor_1,1773009556,1,0,0
7r9zsela,38,f2v8tays,11,presurvey,Scenario,1773009565,1,0,0
7r9zsela,40,gybeh1qr,5,presurvey,Training,1773009573,1,0,0
7r9zsela,39,3ukwo7wj,6,presurvey,TrainingNeighbor_1,1773009574,1,0,0
7r9zsela,37,58hvptda,10,presurvey,ExperimentInstruction,1773009577,1,0,0
7r9zsela,39,3ukwo7wj,7,presurvey,TrainingNeighbor_2,1773009594,1,0,0
7r9zsela,42,blv6aj9b,0,,InitializeParticipant,1773009596,1,0,0
7r9zsela,40,gybeh1qr,6,presurvey,TrainingNeighbor_1,1773009606,1,0,0
7r9zsela,40,gybeh1qr,10,presurvey,ExperimentInstruction,1773009612,1,0,0
7r9zsela,42,blv6aj9b,1,presurvey,Introduction,1773009614,1,0,0
7r9zsela,37,58hvptda,11,presurvey,Scenario,1773009615,1,0,0
7r9zsela,41,g34ccqcc,5,presurvey,Training,1773009619,1,0,0
7r9zsela,38,f2v8tays,12,presurvey,Commitment,1773009626,1,0,0
7r9zsela,43,gzm9ampb,0,,InitializeParticipant,1773009639,1,0,0
7r9zsela,42,blv6aj9b,2,presurvey,AudioCheck,1773009643,1,0,0
7r9zsela,43,gzm9ampb,1,presurvey,Introduction,1773009650,1,0,0
7r9zsela,40,gybeh1qr,11,presurvey,Scenario,1773009654,1,0,0
7r9zsela,42,blv6aj9b,3,presurvey,Demographics,1773009656,1,0,0
7r9zsela,43,gzm9ampb,2,presurvey,AudioCheck,1773009665,1,0,0
7r9zsela,41,g34ccqcc,6,presurvey,TrainingNeighbor_1,1773009666,1,0,0
7r9zsela,42,blv6aj9b,4,presurvey,NeighborhoodInstruction,1773009669,1,0,0
7r9zsela,41,g34ccqcc,10,presurvey,ExperimentInstruction,1773009670,1,0,0
7r9zsela,37,58hvptda,12,presurvey,Commitment,1773009671,1,0,0
7r9zsela,43,gzm9ampb,3,presurvey,Demographics,1773009679,1,0,0
7r9zsela,43,gzm9ampb,4,presurvey,NeighborhoodInstruction,1773009692,1,0,0
7r9zsela,41,g34ccqcc,11,presurvey,Scenario,1773009694,1,0,0
7r9zsela,42,blv6aj9b,5,presurvey,Training,1773009701,1,0,0
7r9zsela,40,gybeh1qr,12,presurvey,Commitment,1773009708,1,0,0
7r9zsela,43,gzm9ampb,5,presurvey,Training,1773009709,1,0,0
7r9zsela,44,a1vgndd9,0,,InitializeParticipant,1773009710,1,0,0
7r9zsela,41,g34ccqcc,12,presurvey,Commitment,1773009716,1,0,0
7r9zsela,43,gzm9ampb,6,presurvey,TrainingNeighbor_1,1773009732,1,0,0
7r9zsela,44,a1vgndd9,1,presurvey,Introduction,1773009734,1,0,0
7r9zsela,43,gzm9ampb,10,presurvey,ExperimentInstruction,1773009737,1,0,0
7r9zsela,42,blv6aj9b,6,presurvey,TrainingNeighbor_1,1773009737,1,0,0
7r9zsela,42,blv6aj9b,10,presurvey,ExperimentInstruction,1773009746,1,0,0
7r9zsela,43,gzm9ampb,11,presurvey,Scenario,1773009749,1,0,0
7r9zsela,44,a1vgndd9,2,presurvey,AudioCheck,1773009750,1,0,0
7r9zsela,44,a1vgndd9,3,presurvey,Demographics,1773009765,1,0,0
7r9zsela,43,gzm9ampb,12,presurvey,Commitment,1773009769,1,0,0
7r9zsela,31,6pbbuf94,13,mock_N08_N04_Aonly,GroupingWaitPage,1773009772,1,0,1
7r9zsela,32,zj04l2bn,13,mock_N08_N04_Aonly,GroupingWaitPage,1773009772,1,0,1
7r9zsela,35,9pmn36zf,13,mock_N08_N04_Aonly,GroupingWaitPage,1773009772,1,0,1
7r9zsela,37,58hvptda,13,mock_N08_N04_Aonly,GroupingWaitPage,1773009772,1,0,1
7r9zsela,38,f2v8tays,13,mock_N08_N04_Aonly,GroupingWaitPage,1773009772,1,0,1
7r9zsela,40,gybeh1qr,13,mock_N08_N04_Aonly,GroupingWaitPage,1773009772,1,0,1
7r9zsela,41,g34ccqcc,13,mock_N08_N04_Aonly,GroupingWaitPage,1773009772,1,0,1
7r9zsela,43,gzm9ampb,13,mock_N08_N04_Aonly,GroupingWaitPage,1773009772,1,0,1
7r9zsela,31,6pbbuf94,14,mock_N08_N04_Aonly,GroupSizeWaitPage,1773009773,1,0,1
7r9zsela,32,zj04l2bn,14,mock_N08_N04_Aonly,GroupSizeWaitPage,1773009773,1,0,1
7r9zsela,35,9pmn36zf,14,mock_N08_N04_Aonly,GroupSizeWaitPage,1773009773,1,0,1
7r9zsela,37,58hvptda,14,mock_N08_N04_Aonly,GroupSizeWaitPage,1773009773,1,0,1
7r9zsela,38,f2v8tays,14,mock_N08_N04_Aonly,GroupSizeWaitPage,1773009773,1,0,1
7r9zsela,40,gybeh1qr,14,mock_N08_N04_Aonly,GroupSizeWaitPage,1773009773,1,0,1
7r9zsela,41,g34ccqcc,14,mock_N08_N04_Aonly,GroupSizeWaitPage,1773009773,1,0,1
7r9zsela,43,gzm9ampb,14,mock_N08_N04_Aonly,GroupSizeWaitPage,1773009773,1,0,1
7r9zsela,31,6pbbuf94,16,mock_N08_N04_Aonly,DiscussionGRPWaitPage,1773009775,1,0,1
7r9zsela,32,zj04l2bn,16,mock_N08_N04_Aonly,DiscussionGRPWaitPage,1773009775,1,0,1
7r9zsela,38,f2v8tays,16,mock_N08_N04_Aonly,DiscussionGRPWaitPage,1773009775,1,0,1
7r9zsela,43,gzm9ampb,16,mock_N08_N04_Aonly,DiscussionGRPWaitPage,1773009775,1,0,1
7r9zsela,35,9pmn36zf,16,mock_N08_N04_Aonly,DiscussionGRPWaitPage,1773009775,1,0,1
7r9zsela,37,58hvptda,16,mock_N08_N04_Aonly,DiscussionGRPWaitPage,1773009775,1,0,1
7r9zsela,40,gybeh1qr,16,mock_N08_N04_Aonly,DiscussionGRPWaitPage,1773009775,1,0,1
7r9zsela,41,g34ccqcc,16,mock_N08_N04_Aonly,DiscussionGRPWaitPage,1773009775,1,0,1
7r9zsela,44,a1vgndd9,4,presurvey,NeighborhoodInstruction,1773009781,1,0,0
7r9zsela,35,9pmn36zf,20,mock_N08_N04_Aonly,Phase3,1773009784,1,0,0
7r9zsela,38,f2v8tays,20,mock_N08_N04_Aonly,Phase3,1773009788,1,0,0
7r9zsela,41,g34ccqcc,20,mock_N08_N04_Aonly,Phase3,1773009789,1,0,0
7r9zsela,32,zj04l2bn,20,mock_N08_N04_Aonly,Phase3,1773009790,1,0,0
7r9zsela,43,gzm9ampb,20,mock_N08_N04_Aonly,Phase3,1773009791,1,0,0
7r9zsela,40,gybeh1qr,20,mock_N08_N04_Aonly,Phase3,1773009795,1,0,0
7r9zsela,41,g34ccqcc,21,mock_N08_N04_Aonly,Discussion,1773009797,1,0,0
7r9zsela,38,f2v8tays,21,mock_N08_N04_Aonly,Discussion,1773009797,1,0,0
7r9zsela,43,gzm9ampb,21,mock_N08_N04_Aonly,Discussion,1773009798,1,0,0
7r9zsela,31,6pbbuf94,20,mock_N08_N04_Aonly,Phase3,1773009798,1,0,0
7r9zsela,32,zj04l2bn,21,mock_N08_N04_Aonly,Discussion,1773009799,1,0,0
7r9zsela,37,58hvptda,20,mock_N08_N04_Aonly,Phase3,1773009800,1,0,0
7r9zsela,44,a1vgndd9,5,presurvey,Training,1773009806,1,0,0
7r9zsela,40,gybeh1qr,21,mock_N08_N04_Aonly,Discussion,1773009807,1,0,0
7r9zsela,39,3ukwo7wj,10,presurvey,ExperimentInstruction,1773009808,1,0,0
7r9zsela,35,9pmn36zf,21,mock_N08_N04_Aonly,Discussion,1773009809,1,0,0
7r9zsela,42,blv6aj9b,11,presurvey,Scenario,1773009809,1,0,0
7r9zsela,37,58hvptda,21,mock_N08_N04_Aonly,Discussion,1773009810,1,0,0
7r9zsela,44,a1vgndd9,6,presurvey,TrainingNeighbor_1,1773009826,1,0,0
7r9zsela,45,2pe7x39h,0,,InitializeParticipant,1773009827,1,0,0
7r9zsela,44,a1vgndd9,10,presurvey,ExperimentInstruction,1773009830,1,0,0
7r9zsela,42,blv6aj9b,12,presurvey,Commitment,1773009831,1,0,0
7r9zsela,31,6pbbuf94,21,mock_N08_N04_Aonly,Discussion,1773009834,1,0,0
7r9zsela,31,6pbbuf94,27,mock_N08_N04_Aonly,DiscussionGRPWaitPage,1773009835,2,0,1
7r9zsela,41,g34ccqcc,27,mock_N08_N04_Aonly,DiscussionGRPWaitPage,1773009835,2,0,1
7r9zsela,32,zj04l2bn,27,mock_N08_N04_Aonly,DiscussionGRPWaitPage,1773009835,2,0,1
7r9zsela,38,f2v8tays,27,mock_N08_N04_Aonly,DiscussionGRPWaitPage,1773009835,2,0,1
7r9zsela,43,gzm9ampb,27,mock_N08_N04_Aonly,DiscussionGRPWaitPage,1773009835,2,0,1
7r9zsela,35,9pmn36zf,27,mock_N08_N04_Aonly,DiscussionGRPWaitPage,1773009835,2,0,1
7r9zsela,37,58hvptda,27,mock_N08_N04_Aonly,DiscussionGRPWaitPage,1773009835,2,0,1
7r9zsela,40,gybeh1qr,27,mock_N08_N04_Aonly,DiscussionGRPWaitPage,1773009835,2,0,1
7r9zsela,37,58hvptda,32,mock_N08_N04_Aonly,Discussion,1773009841,2,0,0
7r9zsela,43,gzm9ampb,32,mock_N08_N04_Aonly,Discussion,1773009843,2,0,0
7r9zsela,41,g34ccqcc,32,mock_N08_N04_Aonly,Discussion,1773009844,2,0,0
7r9zsela,40,gybeh1qr,32,mock_N08_N04_Aonly,Discussion,1773009846,2,0,0
7r9zsela,45,2pe7x39h,1,presurvey,Introduction,1773009850,1,0,0
7r9zsela,44,a1vgndd9,11,presurvey,Scenario,1773009850,1,0,0
7r9zsela,38,f2v8tays,32,mock_N08_N04_Aonly,Discussion,1773009855,2,0,0
7r9zsela,35,9pmn36zf,32,mock_N08_N04_Aonly,Discussion,1773009858,2,0,0
7r9zsela,32,zj04l2bn,32,mock_N08_N04_Aonly,Discussion,1773009866,2,0,0
7r9zsela,45,2pe7x39h,2,presurvey,AudioCheck,1773009872,1,0,0
7r9zsela,31,6pbbuf94,32,mock_N08_N04_Aonly,Discussion,1773009875,2,0,0
7r9zsela,31,6pbbuf94,38,mock_N08_N04_Aonly,DiscussionGRPWaitPage,1773009876,3,0,1
7r9zsela,32,zj04l2bn,38,mock_N08_N04_Aonly,DiscussionGRPWaitPage,1773009876,3,0,1
7r9zsela,38,f2v8tays,38,mock_N08_N04_Aonly,DiscussionGRPWaitPage,1773009876,3,0,1
7r9zsela,43,gzm9ampb,38,mock_N08_N04_Aonly,DiscussionGRPWaitPage,1773009876,3,0,1
7r9zsela,35,9pmn36zf,38,mock_N08_N04_Aonly,DiscussionGRPWaitPage,1773009876,3,0,1
7r9zsela,37,58hvptda,38,mock_N08_N04_Aonly,DiscussionGRPWaitPage,1773009876,3,0,1
7r9zsela,40,gybeh1qr,38,mock_N08_N04_Aonly,DiscussionGRPWaitPage,1773009876,3,0,1
7r9zsela,41,g34ccqcc,38,mock_N08_N04_Aonly,DiscussionGRPWaitPage,1773009876,3,0,1
7r9zsela,37,58hvptda,43,mock_N08_N04_Aonly,Discussion,1773009880,3,0,0
7r9zsela,43,gzm9ampb,43,mock_N08_N04_Aonly,Discussion,1773009882,3,0,0
7r9zsela,38,f2v8tays,43,mock_N08_N04_Aonly,Discussion,1773009883,3,0,0
7r9zsela,41,g34ccqcc,43,mock_N08_N04_Aonly,Discussion,1773009884,3,0,0
7r9zsela,44,a1vgndd9,12,presurvey,Commitment,1773009884,1,0,0
7r9zsela,45,2pe7x39h,3,presurvey,Demographics,1773009889,1,0,0
7r9zsela,39,3ukwo7wj,11,presurvey,Scenario,1773009889,1,0,0
7r9zsela,40,gybeh1qr,43,mock_N08_N04_Aonly,Discussion,1773009892,3,0,0
7r9zsela,35,9pmn36zf,43,mock_N08_N04_Aonly,Discussion,1773009894,3,0,0
7r9zsela,31,6pbbuf94,43,mock_N08_N04_Aonly,Discussion,1773009895,3,0,0
7r9zsela,32,zj04l2bn,43,mock_N08_N04_Aonly,Discussion,1773009902,3,0,0
7r9zsela,31,6pbbuf94,49,mock_N08_N04_Aonly,DiscussionGRPWaitPage,1773009903,4,0,1
7r9zsela,32,zj04l2bn,49,mock_N08_N04_Aonly,DiscussionGRPWaitPage,1773009903,4,0,1
7r9zsela,38,f2v8tays,49,mock_N08_N04_Aonly,DiscussionGRPWaitPage,1773009903,4,0,1
7r9zsela,43,gzm9ampb,49,mock_N08_N04_Aonly,DiscussionGRPWaitPage,1773009903,4,0,1
7r9zsela,35,9pmn36zf,49,mock_N08_N04_Aonly,DiscussionGRPWaitPage,1773009903,4,0,1
7r9zsela,37,58hvptda,49,mock_N08_N04_Aonly,DiscussionGRPWaitPage,1773009903,4,0,1
7r9zsela,40,gybeh1qr,49,mock_N08_N04_Aonly,DiscussionGRPWaitPage,1773009903,4,0,1
7r9zsela,41,g34ccqcc,49,mock_N08_N04_Aonly,DiscussionGRPWaitPage,1773009903,4,0,1
7r9zsela,46,ecet3gy1,0,,InitializeParticipant,1773009904,1,0,0
7r9zsela,45,2pe7x39h,4,presurvey,NeighborhoodInstruction,1773009905,1,0,0
7r9zsela,46,ecet3gy1,1,presurvey,Introduction,1773009906,1,0,0
7r9zsela,43,gzm9ampb,54,mock_N08_N04_Aonly,Discussion,1773009907,4,0,0
7r9zsela,37,58hvptda,54,mock_N08_N04_Aonly,Discussion,1773009908,4,0,0
7r9zsela,35,9pmn36zf,54,mock_N08_N04_Aonly,Discussion,1773009910,4,0,0
7r9zsela,32,zj04l2bn,54,mock_N08_N04_Aonly,Discussion,1773009911,4,0,0
7r9zsela,41,g34ccqcc,54,mock_N08_N04_Aonly,Discussion,1773009913,4,0,0
7r9zsela,38,f2v8tays,54,mock_N08_N04_Aonly,Discussion,1773009913,4,0,0
7r9zsela,40,gybeh1qr,54,mock_N08_N04_Aonly,Discussion,1773009914,4,0,0
7r9zsela,31,6pbbuf94,54,mock_N08_N04_Aonly,Discussion,1773009919,4,0,0
7r9zsela,31,6pbbuf94,60,mock_N08_N04_Aonly,DiscussionGRPWaitPage,1773009920,5,0,1
7r9zsela,32,zj04l2bn,60,mock_N08_N04_Aonly,DiscussionGRPWaitPage,1773009920,5,0,1
7r9zsela,38,f2v8tays,60,mock_N08_N04_Aonly,DiscussionGRPWaitPage,1773009920,5,0,1
7r9zsela,43,gzm9ampb,60,mock_N08_N04_Aonly,DiscussionGRPWaitPage,1773009920,5,0,1
7r9zsela,35,9pmn36zf,60,mock_N08_N04_Aonly,DiscussionGRPWaitPage,1773009920,5,0,1
7r9zsela,37,58hvptda,60,mock_N08_N04_Aonly,DiscussionGRPWaitPage,1773009920,5,0,1
7r9zsela,40,gybeh1qr,60,mock_N08_N04_Aonly,DiscussionGRPWaitPage,1773009920,5,0,1
7r9zsela,41,g34ccqcc,60,mock_N08_N04_Aonly,DiscussionGRPWaitPage,1773009920,5,0,1
7r9zsela,46,ecet3gy1,2,presurvey,AudioCheck,1773009922,1,0,0
7r9zsela,31,6pbbuf94,65,mock_N08_N04_Aonly,Discussion,1773009924,5,0,0
7r9zsela,35,9pmn36zf,65,mock_N08_N04_Aonly,Discussion,1773009925,5,0,0
7r9zsela,43,gzm9ampb,65,mock_N08_N04_Aonly,Discussion,1773009926,5,0,0
7r9zsela,40,gybeh1qr,65,mock_N08_N04_Aonly,Discussion,1773009926,5,0,0
7r9zsela,37,58hvptda,65,mock_N08_N04_Aonly,Discussion,1773009926,5,0,0
7r9zsela,32,zj04l2bn,65,mock_N08_N04_Aonly,Discussion,1773009927,5,0,0
7r9zsela,38,f2v8tays,65,mock_N08_N04_Aonly,Discussion,1773009927,5,0,0
7r9zsela,41,g34ccqcc,65,mock_N08_N04_Aonly,Discussion,1773009928,5,0,0
7r9zsela,31,6pbbuf94,71,mock_N08_N04_Aonly,DiscussionGRPWaitPage,1773009929,6,0,1
7r9zsela,32,zj04l2bn,71,mock_N08_N04_Aonly,DiscussionGRPWaitPage,1773009929,6,0,1
7r9zsela,38,f2v8tays,71,mock_N08_N04_Aonly,DiscussionGRPWaitPage,1773009929,6,0,1
7r9zsela,43,gzm9ampb,71,mock_N08_N04_Aonly,DiscussionGRPWaitPage,1773009929,6,0,1
7r9zsela,35,9pmn36zf,71,mock_N08_N04_Aonly,DiscussionGRPWaitPage,1773009929,6,0,1
7r9zsela,37,58hvptda,71,mock_N08_N04_Aonly,DiscussionGRPWaitPage,1773009929,6,0,1
7r9zsela,40,gybeh1qr,71,mock_N08_N04_Aonly,DiscussionGRPWaitPage,1773009929,6,0,1
7r9zsela,41,g34ccqcc,71,mock_N08_N04_Aonly,DiscussionGRPWaitPage,1773009929,6,0,1
7r9zsela,46,ecet3gy1,3,presurvey,Demographics,1773009930,1,0,0
7r9zsela,43,gzm9ampb,76,mock_N08_N04_Aonly,Discussion,1773009932,6,0,0
7r9zsela,46,ecet3gy1,4,presurvey,NeighborhoodInstruction,1773009932,1,0,0
7r9zsela,31,6pbbuf94,76,mock_N08_N04_Aonly,Discussion,1773009933,6,0,0
7r9zsela,37,58hvptda,76,mock_N08_N04_Aonly,Discussion,1773009934,6,0,0
7r9zsela,35,9pmn36zf,76,mock_N08_N04_Aonly,Discussion,1773009935,6,0,0
7r9zsela,46,ecet3gy1,5,presurvey,Training,1773009935,1,0,0
7r9zsela,38,f2v8tays,76,mock_N08_N04_Aonly,Discussion,1773009938,6,0,0
7r9zsela,45,2pe7x39h,5,presurvey,Training,1773009939,1,0,0
7r9zsela,32,zj04l2bn,76,mock_N08_N04_Aonly,Discussion,1773009939,6,0,0
7r9zsela,40,gybeh1qr,76,mock_N08_N04_Aonly,Discussion,1773009940,6,0,0
7r9zsela,41,g34ccqcc,76,mock_N08_N04_Aonly,Discussion,1773009945,6,0,0
7r9zsela,31,6pbbuf94,82,mock_N08_N04_Aonly,DiscussionGRPWaitPage,1773009946,7,0,1
7r9zsela,32,zj04l2bn,82,mock_N08_N04_Aonly,DiscussionGRPWaitPage,1773009946,7,0,1
7r9zsela,38,f2v8tays,82,mock_N08_N04_Aonly,DiscussionGRPWaitPage,1773009946,7,0,1
7r9zsela,35,9pmn36zf,82,mock_N08_N04_Aonly,DiscussionGRPWaitPage,1773009946,7,0,1
7r9zsela,43,gzm9ampb,82,mock_N08_N04_Aonly,DiscussionGRPWaitPage,1773009946,7,0,1
7r9zsela,37,58hvptda,82,mock_N08_N04_Aonly,DiscussionGRPWaitPage,1773009946,7,0,1
7r9zsela,40,gybeh1qr,82,mock_N08_N04_Aonly,DiscussionGRPWaitPage,1773009946,7,0,1
7r9zsela,41,g34ccqcc,82,mock_N08_N04_Aonly,DiscussionGRPWaitPage,1773009946,7,0,1
7r9zsela,35,9pmn36zf,87,mock_N08_N04_Aonly,Discussion,1773009950,7,0,0
7r9zsela,43,gzm9ampb,87,mock_N08_N04_Aonly,Discussion,1773009950,7,0,0
7r9zsela,38,f2v8tays,87,mock_N08_N04_Aonly,Discussion,1773009952,7,0,0
7r9zsela,37,58hvptda,87,mock_N08_N04_Aonly,Discussion,1773009953,7,0,0
7r9zsela,31,6pbbuf94,87,mock_N08_N04_Aonly,Discussion,1773009953,7,0,0
7r9zsela,40,gybeh1qr,87,mock_N08_N04_Aonly,Discussion,1773009957,7,0,0
7r9zsela,41,g34ccqcc,87,mock_N08_N04_Aonly,Discussion,1773009958,7,0,0
7r9zsela,45,2pe7x39h,6,presurvey,TrainingNeighbor_1,1773009962,1,0,0
7r9zsela,32,zj04l2bn,87,mock_N08_N04_Aonly,Discussion,1773009964,7,0,0
7r9zsela,31,6pbbuf94,93,mock_N08_N04_Aonly,DiscussionGRPWaitPage,1773009964,8,0,1
7r9zsela,32,zj04l2bn,93,mock_N08_N04_Aonly,DiscussionGRPWaitPage,1773009964,8,0,1
7r9zsela,38,f2v8tays,93,mock_N08_N04_Aonly,DiscussionGRPWaitPage,1773009964,8,0,1
7r9zsela,43,gzm9ampb,93,mock_N08_N04_Aonly,DiscussionGRPWaitPage,1773009964,8,0,1
7r9zsela,35,9pmn36zf,93,mock_N08_N04_Aonly,DiscussionGRPWaitPage,1773009964,8,0,1
7r9zsela,37,58hvptda,93,mock_N08_N04_Aonly,DiscussionGRPWaitPage,1773009964,8,0,1
7r9zsela,40,gybeh1qr,93,mock_N08_N04_Aonly,DiscussionGRPWaitPage,1773009964,8,0,1
7r9zsela,41,g34ccqcc,93,mock_N08_N04_Aonly,DiscussionGRPWaitPage,1773009964,8,0,1
7r9zsela,43,gzm9ampb,98,mock_N08_N04_Aonly,Discussion,1773009967,8,0,0
7r9zsela,32,zj04l2bn,98,mock_N08_N04_Aonly,Discussion,1773009968,8,0,0
7r9zsela,35,9pmn36zf,98,mock_N08_N04_Aonly,Discussion,1773009969,8,0,0
7r9zsela,31,6pbbuf94,98,mock_N08_N04_Aonly,Discussion,1773009969,8,0,0
7r9zsela,41,g34ccqcc,98,mock_N08_N04_Aonly,Discussion,1773009970,8,0,0
7r9zsela,45,2pe7x39h,10,presurvey,ExperimentInstruction,1773009971,1,0,0
7r9zsela,46,ecet3gy1,6,presurvey,TrainingNeighbor_1,1773009971,1,0,0
7r9zsela,38,f2v8tays,98,mock_N08_N04_Aonly,Discussion,1773009971,8,0,0
7r9zsela,46,ecet3gy1,10,presurvey,ExperimentInstruction,1773009972,1,0,0
7r9zsela,40,gybeh1qr,98,mock_N08_N04_Aonly,Discussion,1773009972,8,0,0
7r9zsela,37,58hvptda,98,mock_N08_N04_Aonly,Discussion,1773009973,8,0,0
7r9zsela,31,6pbbuf94,104,mock_N08_N04_Aonly,DiscussionGRPWaitPage,1773009974,9,0,1
7r9zsela,32,zj04l2bn,104,mock_N08_N04_Aonly,DiscussionGRPWaitPage,1773009974,9,0,1
7r9zsela,38,f2v8tays,104,mock_N08_N04_Aonly,DiscussionGRPWaitPage,1773009974,9,0,1
7r9zsela,43,gzm9ampb,104,mock_N08_N04_Aonly,DiscussionGRPWaitPage,1773009974,9,0,1
7r9zsela,35,9pmn36zf,104,mock_N08_N04_Aonly,DiscussionGRPWaitPage,1773009974,9,0,1
7r9zsela,37,58hvptda,104,mock_N08_N04_Aonly,DiscussionGRPWaitPage,1773009974,9,0,1
7r9zsela,40,gybeh1qr,104,mock_N08_N04_Aonly,DiscussionGRPWaitPage,1773009974,9,0,1
7r9zsela,41,g34ccqcc,104,mock_N08_N04_Aonly,DiscussionGRPWaitPage,1773009974,9,0,1
7r9zsela,43,gzm9ampb,109,mock_N08_N04_Aonly,Discussion,1773009977,9,0,0
7r9zsela,31,6pbbuf94,109,mock_N08_N04_Aonly,Discussion,1773009978,9,0,0
7r9zsela,37,58hvptda,109,mock_N08_N04_Aonly,Discussion,1773009978,9,0,0
7r9zsela,38,f2v8tays,109,mock_N08_N04_Aonly,Discussion,1773009979,9,0,0
7r9zsela,35,9pmn36zf,109,mock_N08_N04_Aonly,Discussion,1773009979,9,0,0
7r9zsela,41,g34ccqcc,109,mock_N08_N04_Aonly,Discussion,1773009980,9,0,0
7r9zsela,40,gybeh1qr,109,mock_N08_N04_Aonly,Discussion,1773009981,9,0,0
7r9zsela,32,zj04l2bn,109,mock_N08_N04_Aonly,Discussion,1773009983,9,0,0
7r9zsela,31,6pbbuf94,115,mock_N08_N04_Aonly,DiscussionGRPWaitPage,1773009983,10,0,1
7r9zsela,32,zj04l2bn,115,mock_N08_N04_Aonly,DiscussionGRPWaitPage,1773009983,10,0,1
7r9zsela,38,f2v8tays,115,mock_N08_N04_Aonly,DiscussionGRPWaitPage,1773009983,10,0,1
7r9zsela,43,gzm9ampb,115,mock_N08_N04_Aonly,DiscussionGRPWaitPage,1773009983,10,0,1
7r9zsela,35,9pmn36zf,115,mock_N08_N04_Aonly,DiscussionGRPWaitPage,1773009983,10,0,1
7r9zsela,37,58hvptda,115,mock_N08_N04_Aonly,DiscussionGRPWaitPage,1773009983,10,0,1
7r9zsela,40,gybeh1qr,115,mock_N08_N04_Aonly,DiscussionGRPWaitPage,1773009983,10,0,1
7r9zsela,41,g34ccqcc,115,mock_N08_N04_Aonly,DiscussionGRPWaitPage,1773009983,10,0,1
7r9zsela,46,ecet3gy1,11,presurvey,Scenario,1773009983,1,0,0
7r9zsela,32,zj04l2bn,120,mock_N08_N04_Aonly,Discussion,1773009986,10,0,0
7r9zsela,31,6pbbuf94,120,mock_N08_N04_Aonly,Discussion,1773009986,10,0,0
7r9zsela,43,gzm9ampb,120,mock_N08_N04_Aonly,Discussion,1773009986,10,0,0
7r9zsela,38,f2v8tays,120,mock_N08_N04_Aonly,Discussion,1773009987,10,0,0
7r9zsela,37,58hvptda,120,mock_N08_N04_Aonly,Discussion,1773009987,10,0,0
7r9zsela,35,9pmn36zf,120,mock_N08_N04_Aonly,Discussion,1773009988,10,0,0
7r9zsela,40,gybeh1qr,120,mock_N08_N04_Aonly,Discussion,1773009989,10,0,0
7r9zsela,46,ecet3gy1,12,presurvey,Commitment,1773009990,1,0,0
7r9zsela,45,2pe7x39h,11,presurvey,Scenario,1773009996,1,0,0
7r9zsela,47,108epn18,0,,InitializeParticipant,1773010003,1,0,0
7r9zsela,41,g34ccqcc,120,mock_N08_N04_Aonly,Discussion,1773010016,10,1,0
7r9zsela,31,6pbbuf94,126,mock_N08_N04_Aonly,DiscussionGRPWaitPage,1773010017,11,0,1
7r9zsela,32,zj04l2bn,126,mock_N08_N04_Aonly,DiscussionGRPWaitPage,1773010017,11,0,1
7r9zsela,38,f2v8tays,126,mock_N08_N04_Aonly,DiscussionGRPWaitPage,1773010017,11,0,1
7r9zsela,43,gzm9ampb,126,mock_N08_N04_Aonly,DiscussionGRPWaitPage,1773010017,11,0,1
7r9zsela,35,9pmn36zf,126,mock_N08_N04_Aonly,DiscussionGRPWaitPage,1773010017,11,0,1
7r9zsela,37,58hvptda,126,mock_N08_N04_Aonly,DiscussionGRPWaitPage,1773010017,11,0,1
7r9zsela,40,gybeh1qr,126,mock_N08_N04_Aonly,DiscussionGRPWaitPage,1773010017,11,0,1
7r9zsela,41,g34ccqcc,126,mock_N08_N04_Aonly,DiscussionGRPWaitPage,1773010017,11,0,1
7r9zsela,43,gzm9ampb,131,mock_N08_N04_Aonly,Discussion,1773010019,11,0,0
7r9zsela,31,6pbbuf94,131,mock_N08_N04_Aonly,Discussion,1773010019,11,0,0
7r9zsela,37,58hvptda,131,mock_N08_N04_Aonly,Discussion,1773010021,11,0,0
7r9zsela,35,9pmn36zf,131,mock_N08_N04_Aonly,Discussion,1773010021,11,0,0
7r9zsela,32,zj04l2bn,131,mock_N08_N04_Aonly,Discussion,1773010022,11,0,0
7r9zsela,40,gybeh1qr,131,mock_N08_N04_Aonly,Discussion,1773010023,11,0,0
7r9zsela,41,g34ccqcc,131,mock_N08_N04_Aonly,Discussion,1773010024,11,0,0
7r9zsela,38,f2v8tays,131,mock_N08_N04_Aonly,Discussion,1773010024,11,0,0
7r9zsela,31,6pbbuf94,137,mock_N08_N04_Aonly,DiscussionGRPWaitPage,1773010025,12,0,1
7r9zsela,32,zj04l2bn,137,mock_N08_N04_Aonly,DiscussionGRPWaitPage,1773010025,12,0,1
7r9zsela,35,9pmn36zf,137,mock_N08_N04_Aonly,DiscussionGRPWaitPage,1773010025,12,0,1
7r9zsela,38,f2v8tays,137,mock_N08_N04_Aonly,DiscussionGRPWaitPage,1773010025,12,0,1
7r9zsela,43,gzm9ampb,137,mock_N08_N04_Aonly,DiscussionGRPWaitPage,1773010025,12,0,1
7r9zsela,37,58hvptda,137,mock_N08_N04_Aonly,DiscussionGRPWaitPage,1773010025,12,0,1
7r9zsela,40,gybeh1qr,137,mock_N08_N04_Aonly,DiscussionGRPWaitPage,1773010025,12,0,1
7r9zsela,41,g34ccqcc,137,mock_N08_N04_Aonly,DiscussionGRPWaitPage,1773010025,12,0,1
7r9zsela,43,gzm9ampb,142,mock_N08_N04_Aonly,Discussion,1773010027,12,0,0
7r9zsela,47,108epn18,1,presurvey,Introduction,1773010027,1,0,0
7r9zsela,40,gybeh1qr,142,mock_N08_N04_Aonly,Discussion,1773010029,12,0,0
7r9zsela,37,58hvptda,142,mock_N08_N04_Aonly,Discussion,1773010029,12,0,0
7r9zsela,38,f2v8tays,142,mock_N08_N04_Aonly,Discussion,1773010030,12,0,0
7r9zsela,31,6pbbuf94,142,mock_N08_N04_Aonly,Discussion,1773010030,12,0,0
7r9zsela,35,9pmn36zf,142,mock_N08_N04_Aonly,Discussion,1773010031,12,0,0
7r9zsela,41,g34ccqcc,142,mock_N08_N04_Aonly,Discussion,1773010031,12,0,0
7r9zsela,45,2pe7x39h,12,presurvey,Commitment,1773010031,1,0,0
7r9zsela,32,zj04l2bn,142,mock_N08_N04_Aonly,Discussion,1773010035,12,0,0
7r9zsela,31,6pbbuf94,148,mock_N08_N04_Aonly,DiscussionGRPWaitPage,1773010035,13,0,1
7r9zsela,32,zj04l2bn,148,mock_N08_N04_Aonly,DiscussionGRPWaitPage,1773010035,13,0,1
7r9zsela,38,f2v8tays,148,mock_N08_N04_Aonly,DiscussionGRPWaitPage,1773010035,13,0,1
7r9zsela,43,gzm9ampb,148,mock_N08_N04_Aonly,DiscussionGRPWaitPage,1773010035,13,0,1
7r9zsela,35,9pmn36zf,148,mock_N08_N04_Aonly,DiscussionGRPWaitPage,1773010035,13,0,1
7r9zsela,37,58hvptda,148,mock_N08_N04_Aonly,DiscussionGRPWaitPage,1773010035,13,0,1
7r9zsela,40,gybeh1qr,148,mock_N08_N04_Aonly,DiscussionGRPWaitPage,1773010035,13,0,1
7r9zsela,41,g34ccqcc,148,mock_N08_N04_Aonly,DiscussionGRPWaitPage,1773010035,13,0,1
7r9zsela,43,gzm9ampb,153,mock_N08_N04_Aonly,Discussion,1773010037,13,0,0
7r9zsela,37,58hvptda,153,mock_N08_N04_Aonly,Discussion,1773010038,13,0,0
7r9zsela,31,6pbbuf94,153,mock_N08_N04_Aonly,Discussion,1773010038,13,0,0
7r9zsela,40,gybeh1qr,153,mock_N08_N04_Aonly,Discussion,1773010041,13,0,0
7r9zsela,41,g34ccqcc,153,mock_N08_N04_Aonly,Discussion,1773010041,13,0,0
7r9zsela,35,9pmn36zf,153,mock_N08_N04_Aonly,Discussion,1773010041,13,0,0
7r9zsela,32,zj04l2bn,153,mock_N08_N04_Aonly,Discussion,1773010042,13,0,0
7r9zsela,38,f2v8tays,153,mock_N08_N04_Aonly,Discussion,1773010045,13,0,0
7r9zsela,31,6pbbuf94,159,mock_N08_N04_Aonly,DiscussionGRPWaitPage,1773010046,14,0,1
7r9zsela,32,zj04l2bn,159,mock_N08_N04_Aonly,DiscussionGRPWaitPage,1773010046,14,0,1
7r9zsela,38,f2v8tays,159,mock_N08_N04_Aonly,DiscussionGRPWaitPage,1773010046,14,0,1
7r9zsela,43,gzm9ampb,159,mock_N08_N04_Aonly,DiscussionGRPWaitPage,1773010046,14,0,1
7r9zsela,35,9pmn36zf,159,mock_N08_N04_Aonly,DiscussionGRPWaitPage,1773010046,14,0,1
7r9zsela,37,58hvptda,159,mock_N08_N04_Aonly,DiscussionGRPWaitPage,1773010046,14,0,1
7r9zsela,40,gybeh1qr,159,mock_N08_N04_Aonly,DiscussionGRPWaitPage,1773010046,14,0,1
7r9zsela,41,g34ccqcc,159,mock_N08_N04_Aonly,DiscussionGRPWaitPage,1773010046,14,0,1
7r9zsela,43,gzm9ampb,164,mock_N08_N04_Aonly,Discussion,1773010048,14,0,0
7r9zsela,35,9pmn36zf,164,mock_N08_N04_Aonly,Discussion,1773010048,14,0,0
7r9zsela,31,6pbbuf94,164,mock_N08_N04_Aonly,Discussion,1773010049,14,0,0
7r9zsela,37,58hvptda,164,mock_N08_N04_Aonly,Discussion,1773010049,14,0,0
7r9zsela,38,f2v8tays,164,mock_N08_N04_Aonly,Discussion,1773010049,14,0,0
7r9zsela,41,g34ccqcc,164,mock_N08_N04_Aonly,Discussion,1773010051,14,0,0
7r9zsela,40,gybeh1qr,164,mock_N08_N04_Aonly,Discussion,1773010051,14,0,0
7r9zsela,32,zj04l2bn,164,mock_N08_N04_Aonly,Discussion,1773010051,14,0,0
7r9zsela,31,6pbbuf94,170,mock_N08_N04_Aonly,DiscussionGRPWaitPage,1773010051,15,0,1
7r9zsela,32,zj04l2bn,170,mock_N08_N04_Aonly,DiscussionGRPWaitPage,1773010051,15,0,1
7r9zsela,38,f2v8tays,170,mock_N08_N04_Aonly,DiscussionGRPWaitPage,1773010051,15,0,1
7r9zsela,43,gzm9ampb,170,mock_N08_N04_Aonly,DiscussionGRPWaitPage,1773010051,15,0,1
7r9zsela,35,9pmn36zf,170,mock_N08_N04_Aonly,DiscussionGRPWaitPage,1773010051,15,0,1
7r9zsela,37,58hvptda,170,mock_N08_N04_Aonly,DiscussionGRPWaitPage,1773010051,15,0,1
7r9zsela,40,gybeh1qr,170,mock_N08_N04_Aonly,DiscussionGRPWaitPage,1773010051,15,0,1
7r9zsela,41,g34ccqcc,170,mock_N08_N04_Aonly,DiscussionGRPWaitPage,1773010051,15,0,1
7r9zsela,31,6pbbuf94,175,mock_N08_N04_Aonly,Discussion,1773010054,15,0,0
7r9zsela,43,gzm9ampb,175,mock_N08_N04_Aonly,Discussion,1773010054,15,0,0
7r9zsela,35,9pmn36zf,175,mock_N08_N04_Aonly,Discussion,1773010054,15,0,0
7r9zsela,40,gybeh1qr,175,mock_N08_N04_Aonly,Discussion,1773010055,15,0,0
7r9zsela,32,zj04l2bn,175,mock_N08_N04_Aonly,Discussion,1773010055,15,0,0
7r9zsela,41,g34ccqcc,175,mock_N08_N04_Aonly,Discussion,1773010055,15,0,0
7r9zsela,38,f2v8tays,175,mock_N08_N04_Aonly,Discussion,1773010055,15,0,0
7r9zsela,37,58hvptda,175,mock_N08_N04_Aonly,Discussion,1773010056,15,0,0
7r9zsela,31,6pbbuf94,181,mock_N08_N04_Aonly,DiscussionGRPWaitPage,1773010056,16,0,1
7r9zsela,32,zj04l2bn,181,mock_N08_N04_Aonly,DiscussionGRPWaitPage,1773010056,16,0,1
7r9zsela,38,f2v8tays,181,mock_N08_N04_Aonly,DiscussionGRPWaitPage,1773010056,16,0,1
7r9zsela,43,gzm9ampb,181,mock_N08_N04_Aonly,DiscussionGRPWaitPage,1773010056,16,0,1
7r9zsela,35,9pmn36zf,181,mock_N08_N04_Aonly,DiscussionGRPWaitPage,1773010056,16,0,1
7r9zsela,37,58hvptda,181,mock_N08_N04_Aonly,DiscussionGRPWaitPage,1773010056,16,0,1
7r9zsela,40,gybeh1qr,181,mock_N08_N04_Aonly,DiscussionGRPWaitPage,1773010056,16,0,1
7r9zsela,41,g34ccqcc,181,mock_N08_N04_Aonly,DiscussionGRPWaitPage,1773010056,16,0,1
7r9zsela,43,gzm9ampb,186,mock_N08_N04_Aonly,Discussion,1773010059,16,0,0
7r9zsela,35,9pmn36zf,186,mock_N08_N04_Aonly,Discussion,1773010060,16,0,0
7r9zsela,38,f2v8tays,186,mock_N08_N04_Aonly,Discussion,1773010060,16,0,0
7r9zsela,37,58hvptda,186,mock_N08_N04_Aonly,Discussion,1773010060,16,0,0
7r9zsela,41,g34ccqcc,186,mock_N08_N04_Aonly,Discussion,1773010061,16,0,0
7r9zsela,40,gybeh1qr,186,mock_N08_N04_Aonly,Discussion,1773010061,16,0,0
7r9zsela,31,6pbbuf94,186,mock_N08_N04_Aonly,Discussion,1773010062,16,0,0
7r9zsela,32,zj04l2bn,186,mock_N08_N04_Aonly,Discussion,1773010063,16,0,0
7r9zsela,31,6pbbuf94,192,mock_N08_N04_Aonly,DiscussionGRPWaitPage,1773010063,17,0,1
7r9zsela,32,zj04l2bn,192,mock_N08_N04_Aonly,DiscussionGRPWaitPage,1773010063,17,0,1
7r9zsela,38,f2v8tays,192,mock_N08_N04_Aonly,DiscussionGRPWaitPage,1773010063,17,0,1
7r9zsela,43,gzm9ampb,192,mock_N08_N04_Aonly,DiscussionGRPWaitPage,1773010063,17,0,1
7r9zsela,35,9pmn36zf,192,mock_N08_N04_Aonly,DiscussionGRPWaitPage,1773010063,17,0,1
7r9zsela,37,58hvptda,192,mock_N08_N04_Aonly,DiscussionGRPWaitPage,1773010063,17,0,1
7r9zsela,40,gybeh1qr,192,mock_N08_N04_Aonly,DiscussionGRPWaitPage,1773010063,17,0,1
7r9zsela,41,g34ccqcc,192,mock_N08_N04_Aonly,DiscussionGRPWaitPage,1773010063,17,0,1
7r9zsela,43,gzm9ampb,197,mock_N08_N04_Aonly,Discussion,1773010065,17,0,0
7r9zsela,37,58hvptda,197,mock_N08_N04_Aonly,Discussion,1773010065,17,0,0
7r9zsela,31,6pbbuf94,197,mock_N08_N04_Aonly,Discussion,1773010065,17,0,0
7r9zsela,32,zj04l2bn,197,mock_N08_N04_Aonly,Discussion,1773010065,17,0,0
7r9zsela,38,f2v8tays,197,mock_N08_N04_Aonly,Discussion,1773010066,17,0,0
7r9zsela,35,9pmn36zf,197,mock_N08_N04_Aonly,Discussion,1773010066,17,0,0
7r9zsela,40,gybeh1qr,197,mock_N08_N04_Aonly,Discussion,1773010068,17,0,0
7r9zsela,47,108epn18,2,presurvey,AudioCheck,1773010069,1,0,0
7r9zsela,41,g34ccqcc,197,mock_N08_N04_Aonly,Discussion,1773010075,17,0,0
7r9zsela,31,6pbbuf94,203,mock_N08_N04_Aonly,DiscussionGRPWaitPage,1773010076,18,0,1
7r9zsela,32,zj04l2bn,203,mock_N08_N04_Aonly,DiscussionGRPWaitPage,1773010076,18,0,1
7r9zsela,38,f2v8tays,203,mock_N08_N04_Aonly,DiscussionGRPWaitPage,1773010076,18,0,1
7r9zsela,43,gzm9ampb,203,mock_N08_N04_Aonly,DiscussionGRPWaitPage,1773010076,18,0,1
7r9zsela,35,9pmn36zf,203,mock_N08_N04_Aonly,DiscussionGRPWaitPage,1773010076,18,0,1
7r9zsela,37,58hvptda,203,mock_N08_N04_Aonly,DiscussionGRPWaitPage,1773010076,18,0,1
7r9zsela,40,gybeh1qr,203,mock_N08_N04_Aonly,DiscussionGRPWaitPage,1773010076,18,0,1
7r9zsela,41,g34ccqcc,203,mock_N08_N04_Aonly,DiscussionGRPWaitPage,1773010076,18,0,1
7r9zsela,43,gzm9ampb,208,mock_N08_N04_Aonly,Discussion,1773010078,18,0,0
7r9zsela,35,9pmn36zf,208,mock_N08_N04_Aonly,Discussion,1773010079,18,0,0
7r9zsela,41,g34ccqcc,208,mock_N08_N04_Aonly,Discussion,1773010079,18,0,0
7r9zsela,37,58hvptda,208,mock_N08_N04_Aonly,Discussion,1773010079,18,0,0
7r9zsela,31,6pbbuf94,208,mock_N08_N04_Aonly,Discussion,1773010080,18,0,0
7r9zsela,40,gybeh1qr,208,mock_N08_N04_Aonly,Discussion,1773010080,18,0,0
7r9zsela,38,f2v8tays,208,mock_N08_N04_Aonly,Discussion,1773010081,18,0,0
7r9zsela,32,zj04l2bn,208,mock_N08_N04_Aonly,Discussion,1773010081,18,0,0
7r9zsela,31,6pbbuf94,214,mock_N08_N04_Aonly,DiscussionGRPWaitPage,1773010082,19,0,1
7r9zsela,32,zj04l2bn,214,mock_N08_N04_Aonly,DiscussionGRPWaitPage,1773010082,19,0,1
7r9zsela,38,f2v8tays,214,mock_N08_N04_Aonly,DiscussionGRPWaitPage,1773010082,19,0,1
7r9zsela,43,gzm9ampb,214,mock_N08_N04_Aonly,DiscussionGRPWaitPage,1773010082,19,0,1
7r9zsela,35,9pmn36zf,214,mock_N08_N04_Aonly,DiscussionGRPWaitPage,1773010082,19,0,1
7r9zsela,37,58hvptda,214,mock_N08_N04_Aonly,DiscussionGRPWaitPage,1773010082,19,0,1
7r9zsela,40,gybeh1qr,214,mock_N08_N04_Aonly,DiscussionGRPWaitPage,1773010082,19,0,1
7r9zsela,41,g34ccqcc,214,mock_N08_N04_Aonly,DiscussionGRPWaitPage,1773010082,19,0,1
7r9zsela,43,gzm9ampb,219,mock_N08_N04_Aonly,Discussion,1773010084,19,0,0
7r9zsela,35,9pmn36zf,219,mock_N08_N04_Aonly,Discussion,1773010085,19,0,0
7r9zsela,38,f2v8tays,219,mock_N08_N04_Aonly,Discussion,1773010085,19,0,0
7r9zsela,37,58hvptda,219,mock_N08_N04_Aonly,Discussion,1773010085,19,0,0
7r9zsela,32,zj04l2bn,219,mock_N08_N04_Aonly,Discussion,1773010086,19,0,0
7r9zsela,41,g34ccqcc,219,mock_N08_N04_Aonly,Discussion,1773010087,19,0,0
7r9zsela,40,gybeh1qr,219,mock_N08_N04_Aonly,Discussion,1773010087,19,0,0
7r9zsela,31,6pbbuf94,219,mock_N08_N04_Aonly,Discussion,1773010088,19,0,0
7r9zsela,31,6pbbuf94,225,mock_N08_N04_Aonly,DiscussionGRPWaitPage,1773010088,20,0,1
7r9zsela,32,zj04l2bn,225,mock_N08_N04_Aonly,DiscussionGRPWaitPage,1773010088,20,0,1
7r9zsela,38,f2v8tays,225,mock_N08_N04_Aonly,DiscussionGRPWaitPage,1773010088,20,0,1
7r9zsela,43,gzm9ampb,225,mock_N08_N04_Aonly,DiscussionGRPWaitPage,1773010088,20,0,1
7r9zsela,35,9pmn36zf,225,mock_N08_N04_Aonly,DiscussionGRPWaitPage,1773010088,20,0,1
7r9zsela,37,58hvptda,225,mock_N08_N04_Aonly,DiscussionGRPWaitPage,1773010088,20,0,1
7r9zsela,40,gybeh1qr,225,mock_N08_N04_Aonly,DiscussionGRPWaitPage,1773010088,20,0,1
7r9zsela,41,g34ccqcc,225,mock_N08_N04_Aonly,DiscussionGRPWaitPage,1773010088,20,0,1
7r9zsela,47,108epn18,3,presurvey,Demographics,1773010089,1,0,0
7r9zsela,43,gzm9ampb,230,mock_N08_N04_Aonly,Discussion,1773010090,20,0,0
7r9zsela,31,6pbbuf94,230,mock_N08_N04_Aonly,Discussion,1773010091,20,0,0
7r9zsela,38,f2v8tays,230,mock_N08_N04_Aonly,Discussion,1773010091,20,0,0
7r9zsela,35,9pmn36zf,230,mock_N08_N04_Aonly,Discussion,1773010091,20,0,0
7r9zsela,37,58hvptda,230,mock_N08_N04_Aonly,Discussion,1773010091,20,0,0
7r9zsela,40,gybeh1qr,230,mock_N08_N04_Aonly,Discussion,1773010092,20,0,0
7r9zsela,32,zj04l2bn,230,mock_N08_N04_Aonly,Discussion,1773010093,20,0,0
7r9zsela,41,g34ccqcc,230,mock_N08_N04_Aonly,Discussion,1773010094,20,0,0
7r9zsela,43,gzm9ampb,231,mock_N08_N04_Aonly,FinalRoundWaitPage,1773010095,20,0,1
7r9zsela,31,6pbbuf94,231,mock_N08_N04_Aonly,FinalRoundWaitPage,1773010095,20,0,1
7r9zsela,38,f2v8tays,231,mock_N08_N04_Aonly,FinalRoundWaitPage,1773010095,20,0,1
7r9zsela,35,9pmn36zf,231,mock_N08_N04_Aonly,FinalRoundWaitPage,1773010095,20,0,1
7r9zsela,37,58hvptda,231,mock_N08_N04_Aonly,FinalRoundWaitPage,1773010095,20,0,1
7r9zsela,40,gybeh1qr,231,mock_N08_N04_Aonly,FinalRoundWaitPage,1773010095,20,0,1
7r9zsela,32,zj04l2bn,231,mock_N08_N04_Aonly,FinalRoundWaitPage,1773010095,20,0,1
7r9zsela,41,g34ccqcc,231,mock_N08_N04_Aonly,FinalRoundWaitPage,1773010095,20,0,1
7r9zsela,38,f2v8tays,232,mock_N08_N04_Aonly,FinalRound,1773010102,20,0,0
7r9zsela,31,6pbbuf94,232,mock_N08_N04_Aonly,FinalRound,1773010102,20,0,0
7r9zsela,35,9pmn36zf,232,mock_N08_N04_Aonly,FinalRound,1773010103,20,0,0
7r9zsela,40,gybeh1qr,232,mock_N08_N04_Aonly,FinalRound,1773010103,20,0,0
7r9zsela,47,108epn18,4,presurvey,NeighborhoodInstruction,1773010103,1,0,0
7r9zsela,37,58hvptda,232,mock_N08_N04_Aonly,FinalRound,1773010104,20,0,0
7r9zsela,43,gzm9ampb,232,mock_N08_N04_Aonly,FinalRound,1773010104,20,0,0
7r9zsela,32,zj04l2bn,232,mock_N08_N04_Aonly,FinalRound,1773010105,20,0,0
7r9zsela,47,108epn18,5,presurvey,Training,1773010111,1,0,0
7r9zsela,41,g34ccqcc,232,mock_N08_N04_Aonly,FinalRound,1773010111,20,0,0
7r9zsela,47,108epn18,6,presurvey,TrainingNeighbor_1,1773010135,1,0,0
7r9zsela,47,108epn18,10,presurvey,ExperimentInstruction,1773010140,1,0,0
7r9zsela,48,k9ca1ggt,0,,InitializeParticipant,1773010192,1,0,0
7r9zsela,47,108epn18,11,presurvey,Scenario,1773010200,1,0,0
7r9zsela,48,k9ca1ggt,1,presurvey,Introduction,1773010241,1,0,0
7r9zsela,49,n0ue7z0c,0,,InitializeParticipant,1773010303,1,0,0
7r9zsela,49,n0ue7z0c,1,presurvey,Introduction,1773010327,1,0,0
7r9zsela,50,5958mfmu,0,,InitializeParticipant,1773010335,1,0,0
7r9zsela,49,n0ue7z0c,2,presurvey,AudioCheck,1773010346,1,0,0
7r9zsela,50,5958mfmu,1,presurvey,Introduction,1773010366,1,0,0
7r9zsela,49,n0ue7z0c,3,presurvey,Demographics,1773010373,1,0,0
7r9zsela,49,n0ue7z0c,4,presurvey,NeighborhoodInstruction,1773010390,1,0,0
7r9zsela,50,5958mfmu,2,presurvey,AudioCheck,1773010392,1,0,0
7r9zsela,50,5958mfmu,3,presurvey,Demographics,1773010418,1,0,0
7r9zsela,49,n0ue7z0c,5,presurvey,Training,1773010418,1,0,0
7r9zsela,50,5958mfmu,4,presurvey,NeighborhoodInstruction,1773010438,1,0,0
7r9zsela,49,n0ue7z0c,6,presurvey,TrainingNeighbor_1,1773010445,1,0,0
7r9zsela,49,n0ue7z0c,10,presurvey,ExperimentInstruction,1773010451,1,0,0
7r9zsela,51,vzlq5ez8,0,,InitializeParticipant,1773010464,1,0,0
7r9zsela,51,vzlq5ez8,1,presurvey,Introduction,1773010468,1,0,0
7r9zsela,52,y7xihqma,0,,InitializeParticipant,1773010477,1,0,0
7r9zsela,51,vzlq5ez8,2,presurvey,AudioCheck,1773010478,1,0,0
7r9zsela,50,5958mfmu,5,presurvey,Training,1773010483,1,0,0
7r9zsela,49,n0ue7z0c,11,presurvey,Scenario,1773010492,1,0,0
7r9zsela,51,vzlq5ez8,3,presurvey,Demographics,1773010494,1,0,0
7r9zsela,51,vzlq5ez8,4,presurvey,NeighborhoodInstruction,1773010496,1,0,0
7r9zsela,51,vzlq5ez8,5,presurvey,Training,1773010499,1,0,0
7r9zsela,52,y7xihqma,1,presurvey,Introduction,1773010501,1,0,0
7r9zsela,51,vzlq5ez8,6,presurvey,TrainingNeighbor_1,1773010510,1,0,0
7r9zsela,51,vzlq5ez8,7,presurvey,TrainingNeighbor_2,1773010515,1,0,0
7r9zsela,51,vzlq5ez8,10,presurvey,ExperimentInstruction,1773010518,1,0,0
7r9zsela,52,y7xihqma,2,presurvey,AudioCheck,1773010519,1,0,0
7r9zsela,50,5958mfmu,6,presurvey,TrainingNeighbor_1,1773010522,1,0,0
7r9zsela,51,vzlq5ez8,11,presurvey,Scenario,1773010529,1,0,0
7r9zsela,50,5958mfmu,7,presurvey,TrainingNeighbor_2,1773010532,1,0,0
7r9zsela,52,y7xihqma,3,presurvey,Demographics,1773010532,1,0,0
7r9zsela,50,5958mfmu,10,presurvey,ExperimentInstruction,1773010539,1,0,0
7r9zsela,50,5958mfmu,11,presurvey,Scenario,1773010560,1,0,0
7r9zsela,53,zyfpub1d,0,,InitializeParticipant,1773010561,1,0,0
7r9zsela,52,y7xihqma,4,presurvey,NeighborhoodInstruction,1773010564,1,0,0
7r9zsela,54,6mjrz8b3,0,,InitializeParticipant,1773010565,1,0,0
7r9zsela,55,bhs9w1sc,0,,InitializeParticipant,1773010574,1,0,0
7r9zsela,54,6mjrz8b3,1,presurvey,Introduction,1773010578,1,0,0
7r9zsela,55,bhs9w1sc,1,presurvey,Introduction,1773010580,1,0,0
7r9zsela,53,zyfpub1d,1,presurvey,Introduction,1773010580,1,0,0
7r9zsela,52,y7xihqma,5,presurvey,Training,1773010590,1,0,0
7r9zsela,50,5958mfmu,12,presurvey,Commitment,1773010591,1,0,0
7r9zsela,53,zyfpub1d,2,presurvey,AudioCheck,1773010597,1,0,0
7r9zsela,54,6mjrz8b3,2,presurvey,AudioCheck,1773010597,1,0,0
7r9zsela,55,bhs9w1sc,2,presurvey,AudioCheck,1773010605,1,0,0
7r9zsela,53,zyfpub1d,3,presurvey,Demographics,1773010612,1,0,0
7r9zsela,54,6mjrz8b3,3,presurvey,Demographics,1773010615,1,0,0
7r9zsela,55,bhs9w1sc,3,presurvey,Demographics,1773010621,1,0,0
7r9zsela,54,6mjrz8b3,4,presurvey,NeighborhoodInstruction,1773010629,1,0,0
7r9zsela,52,y7xihqma,6,presurvey,TrainingNeighbor_1,1773010637,1,0,0
7r9zsela,55,bhs9w1sc,4,presurvey,NeighborhoodInstruction,1773010641,1,0,0
7r9zsela,52,y7xihqma,7,presurvey,TrainingNeighbor_2,1773010645,1,0,0
7r9zsela,47,108epn18,12,presurvey,Commitment,1773010649,1,0,0
7r9zsela,52,y7xihqma,10,presurvey,ExperimentInstruction,1773010650,1,0,0
7r9zsela,54,6mjrz8b3,5,presurvey,Training,1773010655,1,0,0
7r9zsela,55,bhs9w1sc,5,presurvey,Training,1773010667,1,0,0
7r9zsela,53,zyfpub1d,4,presurvey,NeighborhoodInstruction,1773010684,1,0,0
7r9zsela,54,6mjrz8b3,6,presurvey,TrainingNeighbor_1,1773010703,1,0,0
7r9zsela,52,y7xihqma,11,presurvey,Scenario,1773010709,1,0,0
7r9zsela,55,bhs9w1sc,6,presurvey,TrainingNeighbor_1,1773010713,1,0,0
7r9zsela,54,6mjrz8b3,7,presurvey,TrainingNeighbor_2,1773010714,1,0,0
7r9zsela,54,6mjrz8b3,10,presurvey,ExperimentInstruction,1773010719,1,0,0
7r9zsela,55,bhs9w1sc,10,presurvey,ExperimentInstruction,1773010721,1,0,0
7r9zsela,54,6mjrz8b3,11,presurvey,Scenario,1773010747,1,0,0
7r9zsela,55,bhs9w1sc,11,presurvey,Scenario,1773010754,1,0,0
7r9zsela,55,bhs9w1sc,12,presurvey,Commitment,1773010785,1,0,0
7r9zsela,54,6mjrz8b3,12,presurvey,Commitment,1773010797,1,0,0
7r9zsela,56,aiqx1e0q,0,,InitializeParticipant,1773010811,1,0,0
7r9zsela,56,aiqx1e0q,1,presurvey,Introduction,1773010820,1,0,0
7r9zsela,56,aiqx1e0q,2,presurvey,AudioCheck,1773010832,1,0,0
7r9zsela,56,aiqx1e0q,3,presurvey,Demographics,1773010846,1,0,0
7r9zsela,56,aiqx1e0q,4,presurvey,NeighborhoodInstruction,1773010864,1,0,0
7r9zsela,56,aiqx1e0q,5,presurvey,Training,1773010884,1,0,0
7r9zsela,56,aiqx1e0q,6,presurvey,TrainingNeighbor_1,1773010910,1,0,0
7r9zsela,56,aiqx1e0q,10,presurvey,ExperimentInstruction,1773010920,1,0,0
7r9zsela,56,aiqx1e0q,11,presurvey,Scenario,1773010942,1,0,0
7r9zsela,57,n8j1jh6t,0,,InitializeParticipant,1773010973,1,0,0
7r9zsela,58,phis33bc,0,,InitializeParticipant,1773010973,1,0,0
7r9zsela,53,zyfpub1d,5,presurvey,Training,1773010998,1,0,0
7r9zsela,57,n8j1jh6t,1,presurvey,Introduction,1773011008,1,0,0
7r9zsela,57,n8j1jh6t,2,presurvey,AudioCheck,1773011021,1,0,0
7r9zsela,44,a1vgndd9,13,mock_N08_N04_Aonly,GroupingWaitPage,1773011025,1,0,1
7r9zsela,44,a1vgndd9,14,mock_N08_N04_Aonly,GroupSizeWaitPage,1773011026,1,0,1
7r9zsela,42,blv6aj9b,13,mock_N08_N04_Aonly,GroupingWaitPage,1773011032,1,0,1
7r9zsela,42,blv6aj9b,14,mock_N08_N04_Aonly,GroupSizeWaitPage,1773011033,1,0,1
7r9zsela,44,a1vgndd9,15,mock_N08_N04_Aonly,AttentionCheck,1773011033,1,0,0
7r9zsela,59,49dd2f97,0,,InitializeParticipant,1773011034,1,0,0
7r9zsela,42,blv6aj9b,15,mock_N08_N04_Aonly,AttentionCheck,1773011038,1,0,0
7r9zsela,60,cymzc9x2,0,,InitializeParticipant,1773011044,1,0,0
7r9zsela,61,w7oet92o,0,,InitializeParticipant,1773011047,1,0,0
7r9zsela,57,n8j1jh6t,3,presurvey,Demographics,1773011050,1,0,0
7r9zsela,60,cymzc9x2,1,presurvey,Introduction,1773011051,1,0,0
7r9zsela,59,49dd2f97,1,presurvey,Introduction,1773011052,1,0,0
7r9zsela,61,w7oet92o,1,presurvey,Introduction,1773011054,1,0,0
7r9zsela,57,n8j1jh6t,4,presurvey,NeighborhoodInstruction,1773011059,1,0,0
7r9zsela,62,qhqf8el3,0,,InitializeParticipant,1773011065,1,0,0
7r9zsela,63,zgd9sy8h,0,,InitializeParticipant,1773011067,1,0,0
7r9zsela,63,zgd9sy8h,1,presurvey,Introduction,1773011070,1,0,0
7r9zsela,60,cymzc9x2,2,presurvey,AudioCheck,1773011076,1,0,0
7r9zsela,53,zyfpub1d,6,presurvey,TrainingNeighbor_1,1773011077,1,0,0
7r9zsela,59,49dd2f97,2,presurvey,AudioCheck,1773011078,1,0,0
7r9zsela,57,n8j1jh6t,5,presurvey,Training,1773011086,1,0,0
7r9zsela,62,qhqf8el3,1,presurvey,Introduction,1773011093,1,0,0
7r9zsela,60,cymzc9x2,3,presurvey,Demographics,1773011093,1,0,0
7r9zsela,53,zyfpub1d,7,presurvey,TrainingNeighbor_2,1773011094,1,0,0
7r9zsela,59,49dd2f97,3,presurvey,Demographics,1773011097,1,0,0
7r9zsela,63,zgd9sy8h,2,presurvey,AudioCheck,1773011110,1,0,0
7r9zsela,60,cymzc9x2,4,presurvey,NeighborhoodInstruction,1773011119,1,0,0
7r9zsela,57,n8j1jh6t,6,presurvey,TrainingNeighbor_1,1773011119,1,0,0
7r9zsela,62,qhqf8el3,2,presurvey,AudioCheck,1773011125,1,0,0
7r9zsela,63,zgd9sy8h,3,presurvey,Demographics,1773011126,1,0,0
7r9zsela,59,49dd2f97,4,presurvey,NeighborhoodInstruction,1773011135,1,0,0
7r9zsela,57,n8j1jh6t,10,presurvey,ExperimentInstruction,1773011136,1,0,0
7r9zsela,62,qhqf8el3,3,presurvey,Demographics,1773011138,1,0,0
7r9zsela,63,zgd9sy8h,4,presurvey,NeighborhoodInstruction,1773011152,1,0,0
7r9zsela,57,n8j1jh6t,11,presurvey,Scenario,1773011162,1,0,0
7r9zsela,60,cymzc9x2,5,presurvey,Training,1773011169,1,0,0
7r9zsela,62,qhqf8el3,4,presurvey,NeighborhoodInstruction,1773011178,1,0,0
7r9zsela,63,zgd9sy8h,5,presurvey,Training,1773011181,1,0,0
7r9zsela,64,swh99p6a,0,,InitializeParticipant,1773011182,1,0,0
7r9zsela,46,ecet3gy1,13,mock_N08_N04_Aonly,GroupingWaitPage,1773011191,1,0,1
7r9zsela,64,swh99p6a,1,presurvey,Introduction,1773011191,1,0,0
7r9zsela,46,ecet3gy1,14,mock_N08_N04_Aonly,GroupSizeWaitPage,1773011192,1,0,1
7r9zsela,65,y8403yo5,0,,InitializeParticipant,1773011192,1,0,0
7r9zsela,65,y8403yo5,1,presurvey,Introduction,1773011199,1,0,0
7r9zsela,64,swh99p6a,2,presurvey,AudioCheck,1773011206,1,0,0
7r9zsela,46,ecet3gy1,15,mock_N08_N04_Aonly,AttentionCheck,1773011208,1,0,0
7r9zsela,64,swh99p6a,3,presurvey,Demographics,1773011215,1,0,0
7r9zsela,59,49dd2f97,5,presurvey,Training,1773011218,1,0,0
7r9zsela,62,qhqf8el3,5,presurvey,Training,1773011218,1,0,0
7r9zsela,63,zgd9sy8h,6,presurvey,TrainingNeighbor_1,1773011225,1,0,0
7r9zsela,63,zgd9sy8h,10,presurvey,ExperimentInstruction,1773011228,1,0,0
7r9zsela,45,2pe7x39h,13,mock_N08_N04_Aonly,GroupingWaitPage,1773011232,1,0,1
7r9zsela,60,cymzc9x2,6,presurvey,TrainingNeighbor_1,1773011233,1,0,0
7r9zsela,45,2pe7x39h,14,mock_N08_N04_Aonly,GroupSizeWaitPage,1773011233,1,0,1
7r9zsela,45,2pe7x39h,15,mock_N08_N04_Aonly,AttentionCheck,1773011239,1,0,0
7r9zsela,64,swh99p6a,4,presurvey,NeighborhoodInstruction,1773011248,1,0,0
7r9zsela,65,y8403yo5,2,presurvey,AudioCheck,1773011248,1,0,0
7r9zsela,60,cymzc9x2,7,presurvey,TrainingNeighbor_2,1773011249,1,0,0
7r9zsela,62,qhqf8el3,6,presurvey,TrainingNeighbor_1,1773011252,1,0,0
7r9zsela,60,cymzc9x2,10,presurvey,ExperimentInstruction,1773011265,1,0,0
7r9zsela,59,49dd2f97,6,presurvey,TrainingNeighbor_1,1773011274,1,0,0
7r9zsela,62,qhqf8el3,7,presurvey,TrainingNeighbor_2,1773011276,1,0,0
7r9zsela,65,y8403yo5,3,presurvey,Demographics,1773011276,1,0,0
7r9zsela,53,zyfpub1d,10,presurvey,ExperimentInstruction,1773011280,1,0,0
7r9zsela,64,swh99p6a,5,presurvey,Training,1773011281,1,0,0
7r9zsela,62,qhqf8el3,10,presurvey,ExperimentInstruction,1773011286,1,0,0
7r9zsela,66,u9naxafm,0,,InitializeParticipant,1773011287,1,0,0
7r9zsela,67,uumso5cl,0,,InitializeParticipant,1773011290,1,0,0
7r9zsela,66,u9naxafm,1,presurvey,Introduction,1773011293,1,0,0
7r9zsela,60,cymzc9x2,11,presurvey,Scenario,1773011293,1,0,0
7r9zsela,59,49dd2f97,7,presurvey,TrainingNeighbor_2,1773011299,1,0,0
7r9zsela,67,uumso5cl,1,presurvey,Introduction,1773011304,1,0,0
7r9zsela,64,swh99p6a,6,presurvey,TrainingNeighbor_1,1773011306,1,0,0
7r9zsela,65,y8403yo5,4,presurvey,NeighborhoodInstruction,1773011311,1,0,0
7r9zsela,64,swh99p6a,10,presurvey,ExperimentInstruction,1773011317,1,0,0
7r9zsela,67,uumso5cl,2,presurvey,AudioCheck,1773011317,1,0,0
7r9zsela,66,u9naxafm,2,presurvey,AudioCheck,1773011317,1,0,0
7r9zsela,59,49dd2f97,10,presurvey,ExperimentInstruction,1773011318,1,0,0
7r9zsela,66,u9naxafm,3,presurvey,Demographics,1773011331,1,0,0
7r9zsela,67,uumso5cl,3,presurvey,Demographics,1773011332,1,0,0
7r9zsela,60,cymzc9x2,12,presurvey,Commitment,1773011337,1,0,0
7r9zsela,66,u9naxafm,4,presurvey,NeighborhoodInstruction,1773011337,1,0,0
7r9zsela,65,y8403yo5,5,presurvey,Training,1773011345,1,0,0
7r9zsela,66,u9naxafm,5,presurvey,Training,1773011345,1,0,0
7r9zsela,67,uumso5cl,4,presurvey,NeighborhoodInstruction,1773011350,1,0,0
7r9zsela,64,swh99p6a,11,presurvey,Scenario,1773011350,1,0,0
7r9zsela,62,qhqf8el3,11,presurvey,Scenario,1773011358,1,0,0
7r9zsela,66,u9naxafm,6,presurvey,TrainingNeighbor_1,1773011366,1,0,0
7r9zsela,66,u9naxafm,7,presurvey,TrainingNeighbor_2,1773011371,1,0,0
7r9zsela,65,y8403yo5,6,presurvey,TrainingNeighbor_1,1773011375,1,0,0
7r9zsela,66,u9naxafm,10,presurvey,ExperimentInstruction,1773011375,1,0,0
7r9zsela,59,49dd2f97,11,presurvey,Scenario,1773011376,1,0,0
7r9zsela,67,uumso5cl,5,presurvey,Training,1773011382,1,0,0
7r9zsela,65,y8403yo5,10,presurvey,ExperimentInstruction,1773011386,1,0,0
7r9zsela,67,uumso5cl,6,presurvey,TrainingNeighbor_1,1773011396,1,0,0
7r9zsela,53,zyfpub1d,11,presurvey,Scenario,1773011397,1,0,0
7r9zsela,66,u9naxafm,11,presurvey,Scenario,1773011399,1,0,0
7r9zsela,67,uumso5cl,10,presurvey,ExperimentInstruction,1773011402,1,0,0
7r9zsela,62,qhqf8el3,12,presurvey,Commitment,1773011404,1,0,0
7r9zsela,66,u9naxafm,12,presurvey,Commitment,1773011421,1,0,0
7r9zsela,67,uumso5cl,11,presurvey,Scenario,1773011433,1,0,0
7r9zsela,68,mf31ztgf,0,,InitializeParticipant,1773011446,1,0,0
7r9zsela,68,mf31ztgf,1,presurvey,Introduction,1773011468,1,0,0
7r9zsela,65,y8403yo5,11,presurvey,Scenario,1773011481,1,0,0
7r9zsela,68,mf31ztgf,2,presurvey,AudioCheck,1773011498,1,0,0
7r9zsela,69,di6dz5qu,0,,InitializeParticipant,1773011501,1,0,0
7r9zsela,68,mf31ztgf,3,presurvey,Demographics,1773011523,1,0,0
7r9zsela,69,di6dz5qu,1,presurvey,Introduction,1773011526,1,0,0
7r9zsela,69,di6dz5qu,2,presurvey,AudioCheck,1773011539,1,0,0
7r9zsela,68,mf31ztgf,4,presurvey,NeighborhoodInstruction,1773011545,1,0,0
7r9zsela,69,di6dz5qu,3,presurvey,Demographics,1773011552,1,0,0
7r9zsela,69,di6dz5qu,4,presurvey,NeighborhoodInstruction,1773011560,1,0,0
7r9zsela,68,mf31ztgf,5,presurvey,Training,1773011573,1,0,0
7r9zsela,65,y8403yo5,12,presurvey,Commitment,1773011574,1,0,0
7r9zsela,70,rd7m16zb,0,,InitializeParticipant,1773011577,1,0,0
7r9zsela,69,di6dz5qu,5,presurvey,Training,1773011597,1,0,0
7r9zsela,71,kwowsd72,0,,InitializeParticipant,1773011611,1,0,0
7r9zsela,70,rd7m16zb,1,presurvey,Introduction,1773011616,1,0,0
7r9zsela,69,di6dz5qu,6,presurvey,TrainingNeighbor_1,1773011619,1,0,0
7r9zsela,72,9ltsefxy,0,,InitializeParticipant,1773011624,1,0,0
7r9zsela,73,doomgg6p,0,,InitializeParticipant,1773011625,1,0,0
7r9zsela,69,di6dz5qu,7,presurvey,TrainingNeighbor_2,1773011625,1,0,0
7r9zsela,72,9ltsefxy,1,presurvey,Introduction,1773011628,1,0,0
7r9zsela,73,doomgg6p,1,presurvey,Introduction,1773011629,1,0,0
7r9zsela,69,di6dz5qu,10,presurvey,ExperimentInstruction,1773011629,1,0,0
7r9zsela,72,9ltsefxy,2,presurvey,AudioCheck,1773011636,1,0,0
7r9zsela,68,mf31ztgf,6,presurvey,TrainingNeighbor_1,1773011636,1,0,0
7r9zsela,72,9ltsefxy,3,presurvey,Demographics,1773011645,1,0,0
7r9zsela,71,kwowsd72,1,presurvey,Introduction,1773011647,1,0,0
7r9zsela,74,bryhawnr,0,,InitializeParticipant,1773011648,1,0,0
7r9zsela,68,mf31ztgf,10,presurvey,ExperimentInstruction,1773011648,1,0,0
7r9zsela,70,rd7m16zb,2,presurvey,AudioCheck,1773011648,1,0,0
7r9zsela,72,9ltsefxy,4,presurvey,NeighborhoodInstruction,1773011649,1,0,0
7r9zsela,73,doomgg6p,2,presurvey,AudioCheck,1773011652,1,0,0
7r9zsela,74,bryhawnr,1,presurvey,Introduction,1773011654,1,0,0
7r9zsela,72,9ltsefxy,5,presurvey,Training,1773011657,1,0,0
7r9zsela,69,di6dz5qu,11,presurvey,Scenario,1773011659,1,0,0
7r9zsela,63,zgd9sy8h,11,presurvey,Scenario,1773011663,1,0,0
7r9zsela,74,bryhawnr,2,presurvey,AudioCheck,1773011666,1,0,0
7r9zsela,70,rd7m16zb,3,presurvey,Demographics,1773011667,1,0,0
7r9zsela,73,doomgg6p,3,presurvey,Demographics,1773011668,1,0,0
7r9zsela,72,9ltsefxy,6,presurvey,TrainingNeighbor_1,1773011678,1,0,0
7r9zsela,68,mf31ztgf,11,presurvey,Scenario,1773011681,1,0,0
7r9zsela,72,9ltsefxy,10,presurvey,ExperimentInstruction,1773011681,1,0,0
7r9zsela,74,bryhawnr,3,presurvey,Demographics,1773011684,1,0,0
7r9zsela,73,doomgg6p,4,presurvey,NeighborhoodInstruction,1773011686,1,0,0
7r9zsela,70,rd7m16zb,4,presurvey,NeighborhoodInstruction,1773011689,1,0,0
7r9zsela,72,9ltsefxy,11,presurvey,Scenario,1773011695,1,0,0
7r9zsela,69,di6dz5qu,12,presurvey,Commitment,1773011704,1,0,0
7r9zsela,74,bryhawnr,4,presurvey,NeighborhoodInstruction,1773011705,1,0,0
7r9zsela,73,doomgg6p,5,presurvey,Training,1773011710,1,0,0
7r9zsela,70,rd7m16zb,5,presurvey,Training,1773011712,1,0,0
7r9zsela,75,hl5pw2i6,0,,InitializeParticipant,1773011713,1,0,0
7r9zsela,76,wxth4w87,0,,InitializeParticipant,1773011713,1,0,0
7r9zsela,75,hl5pw2i6,1,presurvey,Introduction,1773011716,1,0,0
7r9zsela,68,mf31ztgf,12,presurvey,Commitment,1773011725,1,0,0
7r9zsela,75,hl5pw2i6,2,presurvey,AudioCheck,1773011727,1,0,0
7r9zsela,77,9hec8txm,0,,InitializeParticipant,1773011727,1,0,0
7r9zsela,74,bryhawnr,5,presurvey,Training,1773011728,1,0,0
7r9zsela,50,5958mfmu,13,mock_N08_N04_Aonly,GroupingWaitPage,1773011732,1,0,1
7r9zsela,50,5958mfmu,14,mock_N08_N04_Aonly,GroupSizeWaitPage,1773011734,1,0,1
7r9zsela,77,9hec8txm,1,presurvey,Introduction,1773011735,1,0,0
7r9zsela,75,hl5pw2i6,3,presurvey,Demographics,1773011737,1,0,0
7r9zsela,50,5958mfmu,15,mock_N08_N04_Aonly,AttentionCheck,1773011739,1,0,0
7r9zsela,76,wxth4w87,1,presurvey,Introduction,1773011742,1,0,0
7r9zsela,74,bryhawnr,6,presurvey,TrainingNeighbor_1,1773011748,1,0,0
7r9zsela,73,doomgg6p,6,presurvey,TrainingNeighbor_1,1773011753,1,0,0
7r9zsela,71,kwowsd72,2,presurvey,AudioCheck,1773011755,1,0,0
7r9zsela,73,doomgg6p,10,presurvey,ExperimentInstruction,1773011755,1,0,0
7r9zsela,74,bryhawnr,10,presurvey,ExperimentInstruction,1773011757,1,0,0
7r9zsela,75,hl5pw2i6,4,presurvey,NeighborhoodInstruction,1773011758,1,0,0
7r9zsela,77,9hec8txm,2,presurvey,AudioCheck,1773011763,1,0,0
7r9zsela,70,rd7m16zb,6,presurvey,TrainingNeighbor_1,1773011772,1,0,0
7r9zsela,76,wxth4w87,2,presurvey,AudioCheck,1773011774,1,0,0
7r9zsela,75,hl5pw2i6,5,presurvey,Training,1773011777,1,0,0
7r9zsela,74,bryhawnr,11,presurvey,Scenario,1773011780,1,0,0
7r9zsela,77,9hec8txm,3,presurvey,Demographics,1773011780,1,0,0
7r9zsela,70,rd7m16zb,10,presurvey,ExperimentInstruction,1773011784,1,0,0
7r9zsela,76,wxth4w87,3,presurvey,Demographics,1773011789,1,0,0
7r9zsela,47,108epn18,13,mock_N08_N04_Aonly,GroupingWaitPage,1773011793,1,0,1
7r9zsela,47,108epn18,14,mock_N08_N04_Aonly,GroupSizeWaitPage,1773011794,1,0,1
7r9zsela,71,kwowsd72,3,presurvey,Demographics,1773011799,1,0,0
7r9zsela,74,bryhawnr,12,presurvey,Commitment,1773011803,1,0,0
7r9zsela,76,wxth4w87,4,presurvey,NeighborhoodInstruction,1773011805,1,0,0
7r9zsela,77,9hec8txm,4,presurvey,NeighborhoodInstruction,1773011807,1,0,0
7r9zsela,73,doomgg6p,11,presurvey,Scenario,1773011814,1,0,0
7r9zsela,75,hl5pw2i6,6,presurvey,TrainingNeighbor_1,1773011829,1,0,0
7r9zsela,47,108epn18,15,mock_N08_N04_Aonly,AttentionCheck,1773011829,1,1,0
7r9zsela,70,rd7m16zb,11,presurvey,Scenario,1773011832,1,0,0
7r9zsela,75,hl5pw2i6,7,presurvey,TrainingNeighbor_2,1773011837,1,0,0
7r9zsela,75,hl5pw2i6,10,presurvey,ExperimentInstruction,1773011840,1,0,0
7r9zsela,73,doomgg6p,12,presurvey,Commitment,1773011850,1,0,0
7r9zsela,77,9hec8txm,5,presurvey,Training,1773011855,1,0,0
7r9zsela,71,kwowsd72,4,presurvey,NeighborhoodInstruction,1773011856,1,0,0
7r9zsela,76,wxth4w87,5,presurvey,Training,1773011859,1,0,0
7r9zsela,78,s7jtt66w,0,,InitializeParticipant,1773011859,1,0,0
7r9zsela,75,hl5pw2i6,11,presurvey,Scenario,1773011863,1,0,0
7r9zsela,71,kwowsd72,5,presurvey,Training,1773011888,1,0,0
7r9zsela,61,w7oet92o,2,presurvey,AudioCheck,1773011905,1,0,0
7r9zsela,79,ov66ov3p,0,,InitializeParticipant,1773011906,1,0,0
7r9zsela,76,wxth4w87,6,presurvey,TrainingNeighbor_1,1773011918,1,0,0
7r9zsela,55,bhs9w1sc,13,mock_N08_N04_Aonly,GroupingWaitPage,1773011927,1,0,1
7r9zsela,55,bhs9w1sc,14,mock_N08_N04_Aonly,GroupSizeWaitPage,1773011928,1,0,1
7r9zsela,76,wxth4w87,7,presurvey,TrainingNeighbor_2,1773011928,1,0,0
7r9zsela,55,bhs9w1sc,15,mock_N08_N04_Aonly,AttentionCheck,1773011937,1,0,0
7r9zsela,76,wxth4w87,10,presurvey,ExperimentInstruction,1773011943,1,0,0
7r9zsela,80,jhdxyyhn,0,,InitializeParticipant,1773011951,1,0,0
7r9zsela,79,ov66ov3p,1,presurvey,Introduction,1773011961,1,0,0
7r9zsela,77,9hec8txm,6,presurvey,TrainingNeighbor_1,1773011962,1,0,0
7r9zsela,81,ielss8j3,0,,InitializeParticipant,1773011962,1,0,0
7r9zsela,80,jhdxyyhn,1,presurvey,Introduction,1773011964,1,0,0
7r9zsela,81,ielss8j3,1,presurvey,Introduction,1773011965,1,0,0
7r9zsela,71,kwowsd72,6,presurvey,TrainingNeighbor_1,1773011967,1,0,0
7r9zsela,78,s7jtt66w,1,presurvey,Introduction,1773011976,1,0,0
7r9zsela,77,9hec8txm,7,presurvey,TrainingNeighbor_2,1773011977,1,0,0
7r9zsela,80,jhdxyyhn,2,presurvey,AudioCheck,1773011983,1,0,0
7r9zsela,79,ov66ov3p,2,presurvey,AudioCheck,1773011983,1,0,0
7r9zsela,71,kwowsd72,7,presurvey,TrainingNeighbor_2,1773011985,1,0,0
7r9zsela,76,wxth4w87,11,presurvey,Scenario,1773011989,1,0,0
7r9zsela,71,kwowsd72,10,presurvey,ExperimentInstruction,1773011992,1,0,0
7r9zsela,61,w7oet92o,3,presurvey,Demographics,1773011994,1,0,0
7r9zsela,61,w7oet92o,4,presurvey,NeighborhoodInstruction,1773011999,1,0,0
7r9zsela,82,vjaqjddd,0,,InitializeParticipant,1773012000,1,0,0
7r9zsela,61,w7oet92o,5,presurvey,Training,1773012002,1,0,0
7r9zsela,80,jhdxyyhn,3,presurvey,Demographics,1773012003,1,0,0
7r9zsela,77,9hec8txm,10,presurvey,ExperimentInstruction,1773012005,1,0,0
7r9zsela,79,ov66ov3p,3,presurvey,Demographics,1773012009,1,0,0
7r9zsela,78,s7jtt66w,2,presurvey,AudioCheck,1773012009,1,0,0
7r9zsela,80,jhdxyyhn,4,presurvey,NeighborhoodInstruction,1773012018,1,0,0
7r9zsela,61,w7oet92o,6,presurvey,TrainingNeighbor_1,1773012019,1,0,0
7r9zsela,61,w7oet92o,7,presurvey,TrainingNeighbor_2,1773012026,1,0,0
7r9zsela,78,s7jtt66w,3,presurvey,Demographics,1773012027,1,0,0
7r9zsela,79,ov66ov3p,4,presurvey,NeighborhoodInstruction,1773012028,1,0,0
7r9zsela,83,sn2aerab,0,,InitializeParticipant,1773012032,1,0,0
7r9zsela,71,kwowsd72,11,presurvey,Scenario,1773012035,1,0,0
7r9zsela,76,wxth4w87,12,presurvey,Commitment,1773012035,1,0,0
7r9zsela,60,cymzc9x2,13,mock_N08_N04_Aonly,GroupingWaitPage,1773012038,1,0,1
7r9zsela,62,qhqf8el3,13,mock_N08_N04_Aonly,GroupingWaitPage,1773012038,1,0,1
7r9zsela,65,y8403yo5,13,mock_N08_N04_Aonly,GroupingWaitPage,1773012038,1,0,1
7r9zsela,66,u9naxafm,13,mock_N08_N04_Aonly,GroupingWaitPage,1773012038,1,0,1
7r9zsela,68,mf31ztgf,13,mock_N08_N04_Aonly,GroupingWaitPage,1773012038,1,0,1
7r9zsela,73,doomgg6p,13,mock_N08_N04_Aonly,GroupingWaitPage,1773012038,1,0,1
7r9zsela,74,bryhawnr,13,mock_N08_N04_Aonly,GroupingWaitPage,1773012038,1,0,1
7r9zsela,76,wxth4w87,13,mock_N08_N04_Aonly,GroupingWaitPage,1773012038,1,0,1
7r9zsela,60,cymzc9x2,14,mock_N08_N04_Aonly,GroupSizeWaitPage,1773012038,1,0,1
7r9zsela,62,qhqf8el3,14,mock_N08_N04_Aonly,GroupSizeWaitPage,1773012038,1,0,1
7r9zsela,65,y8403yo5,14,mock_N08_N04_Aonly,GroupSizeWaitPage,1773012038,1,0,1
7r9zsela,66,u9naxafm,14,mock_N08_N04_Aonly,GroupSizeWaitPage,1773012038,1,0,1
7r9zsela,68,mf31ztgf,14,mock_N08_N04_Aonly,GroupSizeWaitPage,1773012038,1,0,1
7r9zsela,73,doomgg6p,14,mock_N08_N04_Aonly,GroupSizeWaitPage,1773012038,1,0,1
7r9zsela,74,bryhawnr,14,mock_N08_N04_Aonly,GroupSizeWaitPage,1773012038,1,0,1
7r9zsela,76,wxth4w87,14,mock_N08_N04_Aonly,GroupSizeWaitPage,1773012038,1,0,1
7r9zsela,66,u9naxafm,16,mock_N08_N04_Aonly,DiscussionGRPWaitPage,1773012040,1,0,1
7r9zsela,68,mf31ztgf,16,mock_N08_N04_Aonly,DiscussionGRPWaitPage,1773012040,1,0,1
7r9zsela,73,doomgg6p,16,mock_N08_N04_Aonly,DiscussionGRPWaitPage,1773012040,1,0,1
7r9zsela,60,cymzc9x2,16,mock_N08_N04_Aonly,DiscussionGRPWaitPage,1773012040,1,0,1
7r9zsela,76,wxth4w87,16,mock_N08_N04_Aonly,DiscussionGRPWaitPage,1773012040,1,0,1
7r9zsela,62,qhqf8el3,16,mock_N08_N04_Aonly,DiscussionGRPWaitPage,1773012040,1,0,1
7r9zsela,65,y8403yo5,16,mock_N08_N04_Aonly,DiscussionGRPWaitPage,1773012040,1,0,1
7r9zsela,74,bryhawnr,16,mock_N08_N04_Aonly,DiscussionGRPWaitPage,1773012040,1,0,1
7r9zsela,82,vjaqjddd,1,presurvey,Introduction,1773012043,1,0,0
7r9zsela,80,jhdxyyhn,5,presurvey,Training,1773012058,1,0,0
7r9zsela,82,vjaqjddd,2,presurvey,AudioCheck,1773012058,1,0,0
7r9zsela,68,mf31ztgf,17,mock_N08_N04_Aonly,Nudge,1773012059,1,0,0
7r9zsela,74,bryhawnr,17,mock_N08_N04_Aonly,Nudge,1773012060,1,0,0
7r9zsela,61,w7oet92o,10,presurvey,ExperimentInstruction,1773012060,1,0,0
7r9zsela,79,ov66ov3p,5,presurvey,Training,1773012063,1,0,0
7r9zsela,65,y8403yo5,17,mock_N08_N04_Aonly,Nudge,1773012065,1,0,0
7r9zsela,78,s7jtt66w,4,presurvey,NeighborhoodInstruction,1773012066,1,0,0
7r9zsela,73,doomgg6p,17,mock_N08_N04_Aonly,Nudge,1773012069,1,0,0
7r9zsela,60,cymzc9x2,17,mock_N08_N04_Aonly,Nudge,1773012070,1,0,0
7r9zsela,77,9hec8txm,11,presurvey,Scenario,1773012072,1,0,0
7r9zsela,74,bryhawnr,18,mock_N08_N04_Aonly,NudgeTraining,1773012075,1,0,0
7r9zsela,61,w7oet92o,11,presurvey,Scenario,1773012075,1,0,0
7r9zsela,60,cymzc9x2,18,mock_N08_N04_Aonly,NudgeTraining,1773012075,1,0,0
7r9zsela,68,mf31ztgf,18,mock_N08_N04_Aonly,NudgeTraining,1773012077,1,0,0
7r9zsela,73,doomgg6p,18,mock_N08_N04_Aonly,NudgeTraining,1773012078,1,0,0
7r9zsela,66,u9naxafm,17,mock_N08_N04_Aonly,Nudge,1773012078,1,0,0
7r9zsela,62,qhqf8el3,17,mock_N08_N04_Aonly,Nudge,1773012081,1,0,0
7r9zsela,82,vjaqjddd,3,presurvey,Demographics,1773012081,1,0,0
7r9zsela,65,y8403yo5,18,mock_N08_N04_Aonly,NudgeTraining,1773012085,1,0,0
7r9zsela,73,doomgg6p,19,mock_N08_N04_Aonly,NudgeTrainingLast,1773012086,1,0,0
7r9zsela,74,bryhawnr,19,mock_N08_N04_Aonly,NudgeTrainingLast,1773012087,1,0,0
7r9zsela,60,cymzc9x2,19,mock_N08_N04_Aonly,NudgeTrainingLast,1773012088,1,0,0
7r9zsela,80,jhdxyyhn,6,presurvey,TrainingNeighbor_1,1773012089,1,0,0
7r9zsela,66,u9naxafm,18,mock_N08_N04_Aonly,NudgeTraining,1773012092,1,0,0
7r9zsela,76,wxth4w87,17,mock_N08_N04_Aonly,Nudge,1773012093,1,0,0
7r9zsela,62,qhqf8el3,18,mock_N08_N04_Aonly,NudgeTraining,1773012093,1,0,0
7r9zsela,61,w7oet92o,12,presurvey,Commitment,1773012094,1,0,0
7r9zsela,73,doomgg6p,20,mock_N08_N04_Aonly,Phase3,1773012096,1,0,0
7r9zsela,79,ov66ov3p,6,presurvey,TrainingNeighbor_1,1773012098,1,0,0
7r9zsela,78,s7jtt66w,5,presurvey,Training,1773012099,1,0,0
7r9zsela,66,u9naxafm,19,mock_N08_N04_Aonly,NudgeTrainingLast,1773012100,1,0,0
7r9zsela,80,jhdxyyhn,10,presurvey,ExperimentInstruction,1773012101,1,0,0
7r9zsela,74,bryhawnr,20,mock_N08_N04_Aonly,Phase3,1773012101,1,0,0
7r9zsela,71,kwowsd72,12,presurvey,Commitment,1773012103,1,0,0
7r9zsela,82,vjaqjddd,4,presurvey,NeighborhoodInstruction,1773012104,1,0,0
7r9zsela,84,zahewo4x,0,,InitializeParticipant,1773012107,1,0,0
7r9zsela,79,ov66ov3p,10,presurvey,ExperimentInstruction,1773012109,1,0,0
7r9zsela,60,cymzc9x2,20,mock_N08_N04_Aonly,Phase3,1773012109,1,0,0
7r9zsela,62,qhqf8el3,19,mock_N08_N04_Aonly,NudgeTrainingLast,1773012110,1,0,0
7r9zsela,73,doomgg6p,21,mock_N08_N04_Aonly,Discussion,1773012111,1,0,0
7r9zsela,74,bryhawnr,21,mock_N08_N04_Aonly,Discussion,1773012114,1,0,0
7r9zsela,85,rdmnci4k,0,,InitializeParticipant,1773012114,1,0,0
7r9zsela,83,sn2aerab,1,presurvey,Introduction,1773012118,1,0,0
7r9zsela,76,wxth4w87,18,mock_N08_N04_Aonly,NudgeTraining,1773012118,1,0,0
7r9zsela,60,cymzc9x2,21,mock_N08_N04_Aonly,Discussion,1773012119,1,0,0
7r9zsela,66,u9naxafm,20,mock_N08_N04_Aonly,Phase3,1773012122,1,0,0
7r9zsela,84,zahewo4x,1,presurvey,Introduction,1773012123,1,0,0
7r9zsela,80,jhdxyyhn,11,presurvey,Scenario,1773012132,1,0,0
7r9zsela,66,u9naxafm,21,mock_N08_N04_Aonly,Discussion,1773012134,1,0,0
7r9zsela,77,9hec8txm,12,presurvey,Commitment,1773012134,1,0,0
7r9zsela,62,qhqf8el3,20,mock_N08_N04_Aonly,Phase3,1773012134,1,0,0
7r9zsela,76,wxth4w87,19,mock_N08_N04_Aonly,NudgeTrainingLast,1773012135,1,0,0
7r9zsela,83,sn2aerab,2,presurvey,AudioCheck,1773012138,1,0,0
7r9zsela,78,s7jtt66w,6,presurvey,TrainingNeighbor_1,1773012141,1,0,0
7r9zsela,83,sn2aerab,3,presurvey,Demographics,1773012146,1,0,0
7r9zsela,82,vjaqjddd,5,presurvey,Training,1773012148,1,0,0
7r9zsela,78,s7jtt66w,10,presurvey,ExperimentInstruction,1773012148,1,0,0
7r9zsela,85,rdmnci4k,1,presurvey,Introduction,1773012156,1,0,0
7r9zsela,83,sn2aerab,4,presurvey,NeighborhoodInstruction,1773012157,1,0,0
7r9zsela,62,qhqf8el3,21,mock_N08_N04_Aonly,Discussion,1773012160,1,0,0
7r9zsela,68,mf31ztgf,19,mock_N08_N04_Aonly,NudgeTrainingLast,1773012168,1,1,0
7r9zsela,76,wxth4w87,20,mock_N08_N04_Aonly,Phase3,1773012168,1,0,0
7r9zsela,80,jhdxyyhn,12,presurvey,Commitment,1773012170,1,0,0
7r9zsela,79,ov66ov3p,11,presurvey,Scenario,1773012170,1,0,0
7r9zsela,83,sn2aerab,5,presurvey,Training,1773012173,1,0,0
7r9zsela,78,s7jtt66w,11,presurvey,Scenario,1773012175,1,0,0
7r9zsela,65,y8403yo5,19,mock_N08_N04_Aonly,NudgeTrainingLast,1773012176,1,1,0
7r9zsela,83,sn2aerab,6,presurvey,TrainingNeighbor_1,1773012186,1,0,0
7r9zsela,76,wxth4w87,21,mock_N08_N04_Aonly,Discussion,1773012192,1,0,0
7r9zsela,83,sn2aerab,10,presurvey,ExperimentInstruction,1773012193,1,0,0
7r9zsela,68,mf31ztgf,20,mock_N08_N04_Aonly,Phase3,1773012194,1,0,0
7r9zsela,86,y4v7sax2,0,,InitializeParticipant,1773012198,1,0,0
7r9zsela,86,y4v7sax2,1,presurvey,Introduction,1773012201,1,0,0
7r9zsela,82,vjaqjddd,6,presurvey,TrainingNeighbor_1,1773012202,1,0,0
7r9zsela,84,zahewo4x,2,presurvey,AudioCheck,1773012204,1,0,0
7r9zsela,65,y8403yo5,20,mock_N08_N04_Aonly,Phase3,1773012208,1,0,0
7r9zsela,85,rdmnci4k,2,presurvey,AudioCheck,1773012210,1,0,0
7r9zsela,81,ielss8j3,2,presurvey,AudioCheck,1773012212,1,0,0
7r9zsela,82,vjaqjddd,10,presurvey,ExperimentInstruction,1773012214,1,0,0
7r9zsela,68,mf31ztgf,21,mock_N08_N04_Aonly,Discussion,1773012215,1,0,0
7r9zsela,83,sn2aerab,11,presurvey,Scenario,1773012218,1,0,0
7r9zsela,78,s7jtt66w,12,presurvey,Commitment,1773012219,1,0,0
7r9zsela,81,ielss8j3,3,presurvey,Demographics,1773012220,1,0,0
7r9zsela,86,y4v7sax2,2,presurvey,AudioCheck,1773012220,1,0,0
7r9zsela,86,y4v7sax2,3,presurvey,Demographics,1773012229,1,0,0
7r9zsela,65,y8403yo5,21,mock_N08_N04_Aonly,Discussion,1773012232,1,0,0
7r9zsela,66,u9naxafm,27,mock_N08_N04_Aonly,DiscussionGRPWaitPage,1773012232,2,0,1
7r9zsela,68,mf31ztgf,27,mock_N08_N04_Aonly,DiscussionGRPWaitPage,1773012232,2,0,1
7r9zsela,73,doomgg6p,27,mock_N08_N04_Aonly,DiscussionGRPWaitPage,1773012232,2,0,1
7r9zsela,76,wxth4w87,27,mock_N08_N04_Aonly,DiscussionGRPWaitPage,1773012232,2,0,1
7r9zsela,60,cymzc9x2,27,mock_N08_N04_Aonly,DiscussionGRPWaitPage,1773012232,2,0,1
7r9zsela,62,qhqf8el3,27,mock_N08_N04_Aonly,DiscussionGRPWaitPage,1773012232,2,0,1
7r9zsela,65,y8403yo5,27,mock_N08_N04_Aonly,DiscussionGRPWaitPage,1773012232,2,0,1
7r9zsela,74,bryhawnr,27,mock_N08_N04_Aonly,DiscussionGRPWaitPage,1773012232,2,0,1
7r9zsela,74,bryhawnr,32,mock_N08_N04_Aonly,Discussion,1773012239,2,0,0
7r9zsela,82,vjaqjddd,11,presurvey,Scenario,1773012240,1,0,0
7r9zsela,81,ielss8j3,4,presurvey,NeighborhoodInstruction,1773012240,1,0,0
7r9zsela,60,cymzc9x2,32,mock_N08_N04_Aonly,Discussion,1773012242,2,0,0
7r9zsela,68,mf31ztgf,32,mock_N08_N04_Aonly,Discussion,1773012244,2,0,0
7r9zsela,62,qhqf8el3,32,mock_N08_N04_Aonly,Discussion,1773012245,2,0,0
7r9zsela,65,y8403yo5,32,mock_N08_N04_Aonly,Discussion,1773012246,2,0,0
7r9zsela,85,rdmnci4k,3,presurvey,Demographics,1773012249,1,0,0
7r9zsela,86,y4v7sax2,4,presurvey,NeighborhoodInstruction,1773012251,1,0,0
7r9zsela,66,u9naxafm,32,mock_N08_N04_Aonly,Discussion,1773012253,2,0,0
7r9zsela,76,wxth4w87,32,mock_N08_N04_Aonly,Discussion,1773012267,2,0,0
7r9zsela,87,if9llr8r,0,,InitializeParticipant,1773012268,1,0,0
7r9zsela,73,doomgg6p,32,mock_N08_N04_Aonly,Discussion,1773012278,2,1,0
7r9zsela,66,u9naxafm,38,mock_N08_N04_Aonly,DiscussionGRPWaitPage,1773012278,3,0,1
7r9zsela,68,mf31ztgf,38,mock_N08_N04_Aonly,DiscussionGRPWaitPage,1773012278,3,0,1
7r9zsela,73,doomgg6p,38,mock_N08_N04_Aonly,DiscussionGRPWaitPage,1773012278,3,0,1
7r9zsela,76,wxth4w87,38,mock_N08_N04_Aonly,DiscussionGRPWaitPage,1773012278,3,0,1
7r9zsela,60,cymzc9x2,38,mock_N08_N04_Aonly,DiscussionGRPWaitPage,1773012278,3,0,1
7r9zsela,62,qhqf8el3,38,mock_N08_N04_Aonly,DiscussionGRPWaitPage,1773012278,3,0,1
7r9zsela,65,y8403yo5,38,mock_N08_N04_Aonly,DiscussionGRPWaitPage,1773012278,3,0,1
7r9zsela,74,bryhawnr,38,mock_N08_N04_Aonly,DiscussionGRPWaitPage,1773012278,3,0,1
7r9zsela,60,cymzc9x2,43,mock_N08_N04_Aonly,Discussion,1773012283,3,0,0
7r9zsela,68,mf31ztgf,43,mock_N08_N04_Aonly,Discussion,1773012284,3,0,0
7r9zsela,74,bryhawnr,43,mock_N08_N04_Aonly,Discussion,1773012286,3,0,0
7r9zsela,62,qhqf8el3,43,mock_N08_N04_Aonly,Discussion,1773012289,3,0,0
7r9zsela,81,ielss8j3,5,presurvey,Training,1773012294,1,0,0
7r9zsela,86,y4v7sax2,5,presurvey,Training,1773012296,1,0,0
7r9zsela,65,y8403yo5,43,mock_N08_N04_Aonly,Discussion,1773012300,3,0,0
7r9zsela,76,wxth4w87,43,mock_N08_N04_Aonly,Discussion,1773012304,3,0,0
7r9zsela,66,u9naxafm,43,mock_N08_N04_Aonly,Discussion,1773012306,3,0,0
7r9zsela,85,rdmnci4k,4,presurvey,NeighborhoodInstruction,1773012312,1,0,0
7r9zsela,73,doomgg6p,43,mock_N08_N04_Aonly,Discussion,1773012323,3,1,0
7r9zsela,86,y4v7sax2,6,presurvey,TrainingNeighbor_1,1773012323,1,0,0
7r9zsela,66,u9naxafm,49,mock_N08_N04_Aonly,DiscussionGRPWaitPage,1773012324,4,0,1
7r9zsela,76,wxth4w87,49,mock_N08_N04_Aonly,DiscussionGRPWaitPage,1773012324,4,0,1
7r9zsela,68,mf31ztgf,49,mock_N08_N04_Aonly,DiscussionGRPWaitPage,1773012324,4,0,1
7r9zsela,73,doomgg6p,49,mock_N08_N04_Aonly,DiscussionGRPWaitPage,1773012324,4,0,1
7r9zsela,60,cymzc9x2,49,mock_N08_N04_Aonly,DiscussionGRPWaitPage,1773012324,4,0,1
7r9zsela,62,qhqf8el3,49,mock_N08_N04_Aonly,DiscussionGRPWaitPage,1773012324,4,0,1
7r9zsela,65,y8403yo5,49,mock_N08_N04_Aonly,DiscussionGRPWaitPage,1773012324,4,0,1
7r9zsela,74,bryhawnr,49,mock_N08_N04_Aonly,DiscussionGRPWaitPage,1773012324,4,0,1
7r9zsela,60,cymzc9x2,54,mock_N08_N04_Aonly,Discussion,1773012328,4,0,0
7r9zsela,74,bryhawnr,54,mock_N08_N04_Aonly,Discussion,1773012330,4,0,0
7r9zsela,62,qhqf8el3,54,mock_N08_N04_Aonly,Discussion,1773012332,4,0,0
7r9zsela,66,u9naxafm,54,mock_N08_N04_Aonly,Discussion,1773012339,4,0,0
7r9zsela,65,y8403yo5,54,mock_N08_N04_Aonly,Discussion,1773012340,4,0,0
7r9zsela,68,mf31ztgf,54,mock_N08_N04_Aonly,Discussion,1773012340,4,0,0
7r9zsela,81,ielss8j3,6,presurvey,TrainingNeighbor_1,1773012345,1,0,0
7r9zsela,87,if9llr8r,1,presurvey,Introduction,1773012345,1,0,0
7r9zsela,76,wxth4w87,54,mock_N08_N04_Aonly,Discussion,1773012348,4,0,0
7r9zsela,81,ielss8j3,10,presurvey,ExperimentInstruction,1773012349,1,0,0
7r9zsela,82,vjaqjddd,12,presurvey,Commitment,1773012352,1,0,0
7r9zsela,85,rdmnci4k,5,presurvey,Training,1773012352,1,0,0
7r9zsela,73,doomgg6p,54,mock_N08_N04_Aonly,Discussion,1773012354,4,0,0
7r9zsela,66,u9naxafm,60,mock_N08_N04_Aonly,DiscussionGRPWaitPage,1773012354,5,0,1
7r9zsela,76,wxth4w87,60,mock_N08_N04_Aonly,DiscussionGRPWaitPage,1773012354,5,0,1
7r9zsela,68,mf31ztgf,60,mock_N08_N04_Aonly,DiscussionGRPWaitPage,1773012354,5,0,1
7r9zsela,73,doomgg6p,60,mock_N08_N04_Aonly,DiscussionGRPWaitPage,1773012354,5,0,1
7r9zsela,60,cymzc9x2,60,mock_N08_N04_Aonly,DiscussionGRPWaitPage,1773012354,5,0,1
7r9zsela,62,qhqf8el3,60,mock_N08_N04_Aonly,DiscussionGRPWaitPage,1773012354,5,0,1
7r9zsela,65,y8403yo5,60,mock_N08_N04_Aonly,DiscussionGRPWaitPage,1773012354,5,0,1
7r9zsela,74,bryhawnr,60,mock_N08_N04_Aonly,DiscussionGRPWaitPage,1773012354,5,0,1
7r9zsela,73,doomgg6p,65,mock_N08_N04_Aonly,Discussion,1773012358,5,0,0
7r9zsela,74,bryhawnr,65,mock_N08_N04_Aonly,Discussion,1773012359,5,0,0
7r9zsela,86,y4v7sax2,10,presurvey,ExperimentInstruction,1773012361,1,0,0
7r9zsela,62,qhqf8el3,65,mock_N08_N04_Aonly,Discussion,1773012363,5,0,0
7r9zsela,60,cymzc9x2,65,mock_N08_N04_Aonly,Discussion,1773012366,5,0,0
7r9zsela,68,mf31ztgf,65,mock_N08_N04_Aonly,Discussion,1773012367,5,0,0
7r9zsela,65,y8403yo5,65,mock_N08_N04_Aonly,Discussion,1773012368,5,0,0
7r9zsela,76,wxth4w87,65,mock_N08_N04_Aonly,Discussion,1773012373,5,0,0
7r9zsela,66,u9naxafm,65,mock_N08_N04_Aonly,Discussion,1773012374,5,0,0
7r9zsela,76,wxth4w87,71,mock_N08_N04_Aonly,DiscussionGRPWaitPage,1773012374,6,0,1
7r9zsela,74,bryhawnr,71,mock_N08_N04_Aonly,DiscussionGRPWaitPage,1773012374,6,0,1
7r9zsela,66,u9naxafm,71,mock_N08_N04_Aonly,DiscussionGRPWaitPage,1773012374,6,0,1
7r9zsela,68,mf31ztgf,71,mock_N08_N04_Aonly,DiscussionGRPWaitPage,1773012374,6,0,1
7r9zsela,73,doomgg6p,71,mock_N08_N04_Aonly,DiscussionGRPWaitPage,1773012374,6,0,1
7r9zsela,60,cymzc9x2,71,mock_N08_N04_Aonly,DiscussionGRPWaitPage,1773012374,6,0,1
7r9zsela,62,qhqf8el3,71,mock_N08_N04_Aonly,DiscussionGRPWaitPage,1773012374,6,0,1
7r9zsela,65,y8403yo5,71,mock_N08_N04_Aonly,DiscussionGRPWaitPage,1773012374,6,0,1
7r9zsela,87,if9llr8r,2,presurvey,AudioCheck,1773012375,1,0,0
7r9zsela,74,bryhawnr,76,mock_N08_N04_Aonly,Discussion,1773012378,6,0,0
7r9zsela,62,qhqf8el3,76,mock_N08_N04_Aonly,Discussion,1773012379,6,0,0
7r9zsela,60,cymzc9x2,76,mock_N08_N04_Aonly,Discussion,1773012380,6,0,0
7r9zsela,66,u9naxafm,76,mock_N08_N04_Aonly,Discussion,1773012381,6,0,0
7r9zsela,68,mf31ztgf,76,mock_N08_N04_Aonly,Discussion,1773012383,6,0,0
7r9zsela,76,wxth4w87,76,mock_N08_N04_Aonly,Discussion,1773012387,6,0,0
7r9zsela,65,y8403yo5,76,mock_N08_N04_Aonly,Discussion,1773012390,6,0,0
7r9zsela,86,y4v7sax2,11,presurvey,Scenario,1773012396,1,0,0
7r9zsela,87,if9llr8r,3,presurvey,Demographics,1773012401,1,0,0
7r9zsela,73,doomgg6p,76,mock_N08_N04_Aonly,Discussion,1773012405,6,1,0
7r9zsela,66,u9naxafm,82,mock_N08_N04_Aonly,DiscussionGRPWaitPage,1773012405,7,0,1
7r9zsela,73,doomgg6p,82,mock_N08_N04_Aonly,DiscussionGRPWaitPage,1773012405,7,0,1
7r9zsela,68,mf31ztgf,82,mock_N08_N04_Aonly,DiscussionGRPWaitPage,1773012405,7,0,1
7r9zsela,76,wxth4w87,82,mock_N08_N04_Aonly,DiscussionGRPWaitPage,1773012405,7,0,1
7r9zsela,60,cymzc9x2,82,mock_N08_N04_Aonly,DiscussionGRPWaitPage,1773012405,7,0,1
7r9zsela,62,qhqf8el3,82,mock_N08_N04_Aonly,DiscussionGRPWaitPage,1773012405,7,0,1
7r9zsela,65,y8403yo5,82,mock_N08_N04_Aonly,DiscussionGRPWaitPage,1773012405,7,0,1
7r9zsela,74,bryhawnr,82,mock_N08_N04_Aonly,DiscussionGRPWaitPage,1773012405,7,0,1
7r9zsela,74,bryhawnr,87,mock_N08_N04_Aonly,Discussion,1773012410,7,0,0
7r9zsela,60,cymzc9x2,87,mock_N08_N04_Aonly,Discussion,1773012411,7,0,0
7r9zsela,62,qhqf8el3,87,mock_N08_N04_Aonly,Discussion,1773012413,7,0,0
7r9zsela,66,u9naxafm,87,mock_N08_N04_Aonly,Discussion,1773012413,7,0,0
7r9zsela,65,y8403yo5,87,mock_N08_N04_Aonly,Discussion,1773012416,7,0,0
7r9zsela,68,mf31ztgf,87,mock_N08_N04_Aonly,Discussion,1773012420,7,0,0
7r9zsela,76,wxth4w87,87,mock_N08_N04_Aonly,Discussion,1773012422,7,0,0
7r9zsela,81,ielss8j3,11,presurvey,Scenario,1773012426,1,0,0
7r9zsela,73,doomgg6p,87,mock_N08_N04_Aonly,Discussion,1773012430,7,0,0
7r9zsela,60,cymzc9x2,93,mock_N08_N04_Aonly,DiscussionGRPWaitPage,1773012430,8,0,1
7r9zsela,66,u9naxafm,93,mock_N08_N04_Aonly,DiscussionGRPWaitPage,1773012430,8,0,1
7r9zsela,68,mf31ztgf,93,mock_N08_N04_Aonly,DiscussionGRPWaitPage,1773012430,8,0,1
7r9zsela,73,doomgg6p,93,mock_N08_N04_Aonly,DiscussionGRPWaitPage,1773012430,8,0,1
7r9zsela,76,wxth4w87,93,mock_N08_N04_Aonly,DiscussionGRPWaitPage,1773012430,8,0,1
7r9zsela,62,qhqf8el3,93,mock_N08_N04_Aonly,DiscussionGRPWaitPage,1773012430,8,0,1
7r9zsela,65,y8403yo5,93,mock_N08_N04_Aonly,DiscussionGRPWaitPage,1773012430,8,0,1
7r9zsela,74,bryhawnr,93,mock_N08_N04_Aonly,DiscussionGRPWaitPage,1773012430,8,0,1
7r9zsela,73,doomgg6p,98,mock_N08_N04_Aonly,Discussion,1773012433,8,0,0
7r9zsela,74,bryhawnr,98,mock_N08_N04_Aonly,Discussion,1773012434,8,0,0
7r9zsela,62,qhqf8el3,98,mock_N08_N04_Aonly,Discussion,1773012436,8,0,0
7r9zsela,60,cymzc9x2,98,mock_N08_N04_Aonly,Discussion,1773012436,8,0,0
7r9zsela,65,y8403yo5,98,mock_N08_N04_Aonly,Discussion,1773012437,8,0,0
7r9zsela,66,u9naxafm,98,mock_N08_N04_Aonly,Discussion,1773012439,8,0,0
7r9zsela,83,sn2aerab,12,presurvey,Commitment,1773012445,1,0,0
7r9zsela,76,wxth4w87,98,mock_N08_N04_Aonly,Discussion,1773012447,8,0,0
7r9zsela,68,mf31ztgf,98,mock_N08_N04_Aonly,Discussion,1773012450,8,0,0
7r9zsela,60,cymzc9x2,104,mock_N08_N04_Aonly,DiscussionGRPWaitPage,1773012451,9,0,1
7r9zsela,66,u9naxafm,104,mock_N08_N04_Aonly,DiscussionGRPWaitPage,1773012451,9,0,1
7r9zsela,68,mf31ztgf,104,mock_N08_N04_Aonly,DiscussionGRPWaitPage,1773012451,9,0,1
7r9zsela,73,doomgg6p,104,mock_N08_N04_Aonly,DiscussionGRPWaitPage,1773012451,9,0,1
7r9zsela,76,wxth4w87,104,mock_N08_N04_Aonly,DiscussionGRPWaitPage,1773012451,9,0,1
7r9zsela,62,qhqf8el3,104,mock_N08_N04_Aonly,DiscussionGRPWaitPage,1773012451,9,0,1
7r9zsela,65,y8403yo5,104,mock_N08_N04_Aonly,DiscussionGRPWaitPage,1773012451,9,0,1
7r9zsela,74,bryhawnr,104,mock_N08_N04_Aonly,DiscussionGRPWaitPage,1773012451,9,0,1
7r9zsela,87,if9llr8r,4,presurvey,NeighborhoodInstruction,1773012452,1,0,0
7r9zsela,62,qhqf8el3,109,mock_N08_N04_Aonly,Discussion,1773012456,9,0,0
7r9zsela,74,bryhawnr,109,mock_N08_N04_Aonly,Discussion,1773012456,9,0,0
7r9zsela,60,cymzc9x2,109,mock_N08_N04_Aonly,Discussion,1773012456,9,0,0
7r9zsela,85,rdmnci4k,6,presurvey,TrainingNeighbor_1,1773012458,1,0,0
7r9zsela,66,u9naxafm,109,mock_N08_N04_Aonly,Discussion,1773012459,9,0,0
7r9zsela,76,wxth4w87,109,mock_N08_N04_Aonly,Discussion,1773012462,9,0,0
7r9zsela,68,mf31ztgf,109,mock_N08_N04_Aonly,Discussion,1773012462,9,0,0
7r9zsela,65,y8403yo5,109,mock_N08_N04_Aonly,Discussion,1773012464,9,0,0
7r9zsela,88,8joemsb5,0,,InitializeParticipant,1773012468,1,0,0
7r9zsela,73,doomgg6p,109,mock_N08_N04_Aonly,Discussion,1773012482,9,1,0
7r9zsela,76,wxth4w87,115,mock_N08_N04_Aonly,DiscussionGRPWaitPage,1773012482,10,0,1
7r9zsela,74,bryhawnr,115,mock_N08_N04_Aonly,DiscussionGRPWaitPage,1773012482,10,0,1
7r9zsela,66,u9naxafm,115,mock_N08_N04_Aonly,DiscussionGRPWaitPage,1773012482,10,0,1
7r9zsela,68,mf31ztgf,115,mock_N08_N04_Aonly,DiscussionGRPWaitPage,1773012482,10,0,1
7r9zsela,73,doomgg6p,115,mock_N08_N04_Aonly,DiscussionGRPWaitPage,1773012482,10,0,1
7r9zsela,60,cymzc9x2,115,mock_N08_N04_Aonly,DiscussionGRPWaitPage,1773012482,10,0,1
7r9zsela,62,qhqf8el3,115,mock_N08_N04_Aonly,DiscussionGRPWaitPage,1773012482,10,0,1
7r9zsela,65,y8403yo5,115,mock_N08_N04_Aonly,DiscussionGRPWaitPage,1773012482,10,0,1
7r9zsela,74,bryhawnr,120,mock_N08_N04_Aonly,Discussion,1773012487,10,0,0
7r9zsela,62,qhqf8el3,120,mock_N08_N04_Aonly,Discussion,1773012487,10,0,0
7r9zsela,89,rn33izlt,0,,InitializeParticipant,1773012487,1,0,0
7r9zsela,60,cymzc9x2,120,mock_N08_N04_Aonly,Discussion,1773012488,10,0,0
7r9zsela,66,u9naxafm,120,mock_N08_N04_Aonly,Discussion,1773012492,10,0,0
7r9zsela,73,doomgg6p,120,mock_N08_N04_Aonly,Discussion,1773012492,10,0,0
7r9zsela,76,wxth4w87,120,mock_N08_N04_Aonly,Discussion,1773012498,10,0,0
7r9zsela,68,mf31ztgf,120,mock_N08_N04_Aonly,Discussion,1773012500,10,0,0
7r9zsela,65,y8403yo5,120,mock_N08_N04_Aonly,Discussion,1773012500,10,0,0
7r9zsela,66,u9naxafm,126,mock_N08_N04_Aonly,DiscussionGRPWaitPage,1773012500,11,0,1
7r9zsela,76,wxth4w87,126,mock_N08_N04_Aonly,DiscussionGRPWaitPage,1773012500,11,0,1
7r9zsela,74,bryhawnr,126,mock_N08_N04_Aonly,DiscussionGRPWaitPage,1773012500,11,0,1
7r9zsela,68,mf31ztgf,126,mock_N08_N04_Aonly,DiscussionGRPWaitPage,1773012500,11,0,1
7r9zsela,73,doomgg6p,126,mock_N08_N04_Aonly,DiscussionGRPWaitPage,1773012500,11,0,1
7r9zsela,60,cymzc9x2,126,mock_N08_N04_Aonly,DiscussionGRPWaitPage,1773012500,11,0,1
7r9zsela,62,qhqf8el3,126,mock_N08_N04_Aonly,DiscussionGRPWaitPage,1773012500,11,0,1
7r9zsela,65,y8403yo5,126,mock_N08_N04_Aonly,DiscussionGRPWaitPage,1773012500,11,0,1
7r9zsela,74,bryhawnr,131,mock_N08_N04_Aonly,Discussion,1773012505,11,0,0
7r9zsela,60,cymzc9x2,131,mock_N08_N04_Aonly,Discussion,1773012506,11,0,0
7r9zsela,73,doomgg6p,131,mock_N08_N04_Aonly,Discussion,1773012507,11,0,0
7r9zsela,62,qhqf8el3,131,mock_N08_N04_Aonly,Discussion,1773012508,11,0,0
7r9zsela,88,8joemsb5,1,presurvey,Introduction,1773012508,1,0,0
7r9zsela,89,rn33izlt,1,presurvey,Introduction,1773012509,1,0,0
7r9zsela,66,u9naxafm,131,mock_N08_N04_Aonly,Discussion,1773012510,11,0,0
7r9zsela,68,mf31ztgf,131,mock_N08_N04_Aonly,Discussion,1773012510,11,0,0
7r9zsela,65,y8403yo5,131,mock_N08_N04_Aonly,Discussion,1773012511,11,0,0
7r9zsela,76,wxth4w87,131,mock_N08_N04_Aonly,Discussion,1773012517,11,0,0
7r9zsela,66,u9naxafm,137,mock_N08_N04_Aonly,DiscussionGRPWaitPage,1773012517,12,0,1
7r9zsela,76,wxth4w87,137,mock_N08_N04_Aonly,DiscussionGRPWaitPage,1773012517,12,0,1
7r9zsela,74,bryhawnr,137,mock_N08_N04_Aonly,DiscussionGRPWaitPage,1773012517,12,0,1
7r9zsela,68,mf31ztgf,137,mock_N08_N04_Aonly,DiscussionGRPWaitPage,1773012517,12,0,1
7r9zsela,73,doomgg6p,137,mock_N08_N04_Aonly,DiscussionGRPWaitPage,1773012517,12,0,1
7r9zsela,60,cymzc9x2,137,mock_N08_N04_Aonly,DiscussionGRPWaitPage,1773012517,12,0,1
7r9zsela,62,qhqf8el3,137,mock_N08_N04_Aonly,DiscussionGRPWaitPage,1773012517,12,0,1
7r9zsela,65,y8403yo5,137,mock_N08_N04_Aonly,DiscussionGRPWaitPage,1773012517,12,0,1
7r9zsela,60,cymzc9x2,142,mock_N08_N04_Aonly,Discussion,1773012520,12,0,0
7r9zsela,89,rn33izlt,2,presurvey,AudioCheck,1773012521,1,0,0
7r9zsela,87,if9llr8r,5,presurvey,Training,1773012522,1,0,0
7r9zsela,62,qhqf8el3,142,mock_N08_N04_Aonly,Discussion,1773012523,12,0,0
7r9zsela,65,y8403yo5,142,mock_N08_N04_Aonly,Discussion,1773012525,12,0,0
7r9zsela,85,rdmnci4k,7,presurvey,TrainingNeighbor_2,1773012525,1,0,0
7r9zsela,66,u9naxafm,142,mock_N08_N04_Aonly,Discussion,1773012526,12,0,0
7r9zsela,74,bryhawnr,142,mock_N08_N04_Aonly,Discussion,1773012534,12,0,0
7r9zsela,68,mf31ztgf,142,mock_N08_N04_Aonly,Discussion,1773012537,12,0,0
7r9zsela,76,wxth4w87,142,mock_N08_N04_Aonly,Discussion,1773012537,12,0,0
7r9zsela,85,rdmnci4k,8,presurvey,AttentionCheck,1773012538,1,0,0
7r9zsela,89,rn33izlt,3,presurvey,Demographics,1773012540,1,0,0
7r9zsela,88,8joemsb5,2,presurvey,AudioCheck,1773012544,1,0,0
7r9zsela,73,doomgg6p,142,mock_N08_N04_Aonly,Discussion,1773012548,12,1,0
7r9zsela,66,u9naxafm,148,mock_N08_N04_Aonly,DiscussionGRPWaitPage,1773012548,13,0,1
7r9zsela,68,mf31ztgf,148,mock_N08_N04_Aonly,DiscussionGRPWaitPage,1773012548,13,0,1
7r9zsela,73,doomgg6p,148,mock_N08_N04_Aonly,DiscussionGRPWaitPage,1773012548,13,0,1
7r9zsela,76,wxth4w87,148,mock_N08_N04_Aonly,DiscussionGRPWaitPage,1773012548,13,0,1
7r9zsela,60,cymzc9x2,148,mock_N08_N04_Aonly,DiscussionGRPWaitPage,1773012548,13,0,1
7r9zsela,62,qhqf8el3,148,mock_N08_N04_Aonly,DiscussionGRPWaitPage,1773012548,13,0,1
7r9zsela,65,y8403yo5,148,mock_N08_N04_Aonly,DiscussionGRPWaitPage,1773012548,13,0,1
7r9zsela,74,bryhawnr,148,mock_N08_N04_Aonly,DiscussionGRPWaitPage,1773012548,13,0,1
7r9zsela,60,cymzc9x2,153,mock_N08_N04_Aonly,Discussion,1773012552,13,0,0
7r9zsela,62,qhqf8el3,153,mock_N08_N04_Aonly,Discussion,1773012553,13,0,0
7r9zsela,89,rn33izlt,4,presurvey,NeighborhoodInstruction,1773012553,1,0,0
7r9zsela,74,bryhawnr,153,mock_N08_N04_Aonly,Discussion,1773012554,13,0,0
7r9zsela,65,y8403yo5,153,mock_N08_N04_Aonly,Discussion,1773012554,13,0,0
7r9zsela,88,8joemsb5,3,presurvey,Demographics,1773012557,1,0,0
7r9zsela,68,mf31ztgf,153,mock_N08_N04_Aonly,Discussion,1773012560,13,0,0
7r9zsela,73,doomgg6p,153,mock_N08_N04_Aonly,Discussion,1773012567,13,0,0
7r9zsela,76,wxth4w87,153,mock_N08_N04_Aonly,Discussion,1773012568,13,0,0
7r9zsela,66,u9naxafm,153,mock_N08_N04_Aonly,Discussion,1773012575,13,0,0
7r9zsela,66,u9naxafm,159,mock_N08_N04_Aonly,DiscussionGRPWaitPage,1773012575,14,0,1
7r9zsela,68,mf31ztgf,159,mock_N08_N04_Aonly,DiscussionGRPWaitPage,1773012575,14,0,1
7r9zsela,73,doomgg6p,159,mock_N08_N04_Aonly,DiscussionGRPWaitPage,1773012575,14,0,1
7r9zsela,76,wxth4w87,159,mock_N08_N04_Aonly,DiscussionGRPWaitPage,1773012575,14,0,1
7r9zsela,60,cymzc9x2,159,mock_N08_N04_Aonly,DiscussionGRPWaitPage,1773012575,14,0,1
7r9zsela,62,qhqf8el3,159,mock_N08_N04_Aonly,DiscussionGRPWaitPage,1773012575,14,0,1
7r9zsela,65,y8403yo5,159,mock_N08_N04_Aonly,DiscussionGRPWaitPage,1773012575,14,0,1
7r9zsela,74,bryhawnr,159,mock_N08_N04_Aonly,DiscussionGRPWaitPage,1773012575,14,0,1
7r9zsela,88,8joemsb5,4,presurvey,NeighborhoodInstruction,1773012578,1,0,0
7r9zsela,62,qhqf8el3,164,mock_N08_N04_Aonly,Discussion,1773012579,14,0,0
7r9zsela,74,bryhawnr,164,mock_N08_N04_Aonly,Discussion,1773012579,14,0,0
7r9zsela,85,rdmnci4k,9,presurvey,TrainingNeighbor_3,1773012579,1,0,0
7r9zsela,60,cymzc9x2,164,mock_N08_N04_Aonly,Discussion,1773012579,14,0,0
7r9zsela,89,rn33izlt,5,presurvey,Training,1773012580,1,0,0
7r9zsela,68,mf31ztgf,164,mock_N08_N04_Aonly,Discussion,1773012580,14,0,0
7r9zsela,65,y8403yo5,164,mock_N08_N04_Aonly,Discussion,1773012582,14,0,0
7r9zsela,66,u9naxafm,164,mock_N08_N04_Aonly,Discussion,1773012583,14,0,0
7r9zsela,76,wxth4w87,164,mock_N08_N04_Aonly,Discussion,1773012600,14,0,0
7r9zsela,73,doomgg6p,164,mock_N08_N04_Aonly,Discussion,1773012606,14,1,0
7r9zsela,60,cymzc9x2,170,mock_N08_N04_Aonly,DiscussionGRPWaitPage,1773012606,15,0,1
7r9zsela,62,qhqf8el3,170,mock_N08_N04_Aonly,DiscussionGRPWaitPage,1773012606,15,0,1
7r9zsela,66,u9naxafm,170,mock_N08_N04_Aonly,DiscussionGRPWaitPage,1773012606,15,0,1
7r9zsela,68,mf31ztgf,170,mock_N08_N04_Aonly,DiscussionGRPWaitPage,1773012606,15,0,1
7r9zsela,73,doomgg6p,170,mock_N08_N04_Aonly,DiscussionGRPWaitPage,1773012606,15,0,1
7r9zsela,76,wxth4w87,170,mock_N08_N04_Aonly,DiscussionGRPWaitPage,1773012606,15,0,1
7r9zsela,65,y8403yo5,170,mock_N08_N04_Aonly,DiscussionGRPWaitPage,1773012606,15,0,1
7r9zsela,74,bryhawnr,170,mock_N08_N04_Aonly,DiscussionGRPWaitPage,1773012606,15,0,1
7r9zsela,66,u9naxafm,175,mock_N08_N04_Aonly,Discussion,1773012610,15,0,0
7r9zsela,74,bryhawnr,175,mock_N08_N04_Aonly,Discussion,1773012610,15,0,0
7r9zsela,60,cymzc9x2,175,mock_N08_N04_Aonly,Discussion,1773012610,15,0,0
7r9zsela,62,qhqf8el3,175,mock_N08_N04_Aonly,Discussion,1773012611,15,0,0
7r9zsela,85,rdmnci4k,10,presurvey,ExperimentInstruction,1773012612,1,0,0
7r9zsela,68,mf31ztgf,175,mock_N08_N04_Aonly,Discussion,1773012613,15,0,0
7r9zsela,65,y8403yo5,175,mock_N08_N04_Aonly,Discussion,1773012619,15,0,0
7r9zsela,76,wxth4w87,175,mock_N08_N04_Aonly,Discussion,1773012625,15,0,0
7r9zsela,88,8joemsb5,5,presurvey,Training,1773012628,1,0,0
7r9zsela,73,doomgg6p,175,mock_N08_N04_Aonly,Discussion,1773012637,15,1,0
7r9zsela,60,cymzc9x2,181,mock_N08_N04_Aonly,DiscussionGRPWaitPage,1773012638,16,0,1
7r9zsela,66,u9naxafm,181,mock_N08_N04_Aonly,DiscussionGRPWaitPage,1773012638,16,0,1
7r9zsela,68,mf31ztgf,181,mock_N08_N04_Aonly,DiscussionGRPWaitPage,1773012638,16,0,1
7r9zsela,73,doomgg6p,181,mock_N08_N04_Aonly,DiscussionGRPWaitPage,1773012638,16,0,1
7r9zsela,76,wxth4w87,181,mock_N08_N04_Aonly,DiscussionGRPWaitPage,1773012638,16,0,1
7r9zsela,62,qhqf8el3,181,mock_N08_N04_Aonly,DiscussionGRPWaitPage,1773012638,16,0,1
7r9zsela,65,y8403yo5,181,mock_N08_N04_Aonly,DiscussionGRPWaitPage,1773012638,16,0,1
7r9zsela,74,bryhawnr,181,mock_N08_N04_Aonly,DiscussionGRPWaitPage,1773012638,16,0,1
7r9zsela,89,rn33izlt,6,presurvey,TrainingNeighbor_1,1773012639,1,0,0
7r9zsela,60,cymzc9x2,186,mock_N08_N04_Aonly,Discussion,1773012642,16,0,0
7r9zsela,65,y8403yo5,186,mock_N08_N04_Aonly,Discussion,1773012642,16,0,0
7r9zsela,62,qhqf8el3,186,mock_N08_N04_Aonly,Discussion,1773012642,16,0,0
7r9zsela,66,u9naxafm,186,mock_N08_N04_Aonly,Discussion,1773012642,16,0,0
7r9zsela,74,bryhawnr,186,mock_N08_N04_Aonly,Discussion,1773012643,16,0,0
7r9zsela,68,mf31ztgf,186,mock_N08_N04_Aonly,Discussion,1773012644,16,0,0
7r9zsela,73,doomgg6p,186,mock_N08_N04_Aonly,Discussion,1773012646,16,0,0
7r9zsela,87,if9llr8r,6,presurvey,TrainingNeighbor_1,1773012649,1,0,0
7r9zsela,89,rn33izlt,7,presurvey,TrainingNeighbor_2,1773012651,1,0,0
7r9zsela,76,wxth4w87,186,mock_N08_N04_Aonly,Discussion,1773012655,16,0,0
7r9zsela,66,u9naxafm,192,mock_N08_N04_Aonly,DiscussionGRPWaitPage,1773012656,17,0,1
7r9zsela,60,cymzc9x2,192,mock_N08_N04_Aonly,DiscussionGRPWaitPage,1773012656,17,0,1
7r9zsela,68,mf31ztgf,192,mock_N08_N04_Aonly,DiscussionGRPWaitPage,1773012656,17,0,1
7r9zsela,73,doomgg6p,192,mock_N08_N04_Aonly,DiscussionGRPWaitPage,1773012656,17,0,1
7r9zsela,76,wxth4w87,192,mock_N08_N04_Aonly,DiscussionGRPWaitPage,1773012656,17,0,1
7r9zsela,74,bryhawnr,192,mock_N08_N04_Aonly,DiscussionGRPWaitPage,1773012656,17,0,1
7r9zsela,62,qhqf8el3,192,mock_N08_N04_Aonly,DiscussionGRPWaitPage,1773012656,17,0,1
7r9zsela,65,y8403yo5,192,mock_N08_N04_Aonly,DiscussionGRPWaitPage,1773012656,17,0,1
7r9zsela,89,rn33izlt,10,presurvey,ExperimentInstruction,1773012657,1,0,0
7r9zsela,74,bryhawnr,197,mock_N08_N04_Aonly,Discussion,1773012660,17,0,0
7r9zsela,62,qhqf8el3,197,mock_N08_N04_Aonly,Discussion,1773012660,17,0,0
7r9zsela,60,cymzc9x2,197,mock_N08_N04_Aonly,Discussion,1773012661,17,0,0
7r9zsela,88,8joemsb5,6,presurvey,TrainingNeighbor_1,1773012661,1,0,0
7r9zsela,68,mf31ztgf,197,mock_N08_N04_Aonly,Discussion,1773012663,17,0,0
7r9zsela,65,y8403yo5,197,mock_N08_N04_Aonly,Discussion,1773012663,17,0,0
7r9zsela,73,doomgg6p,197,mock_N08_N04_Aonly,Discussion,1773012667,17,0,0
7r9zsela,66,u9naxafm,197,mock_N08_N04_Aonly,Discussion,1773012668,17,0,0
7r9zsela,76,wxth4w87,197,mock_N08_N04_Aonly,Discussion,1773012674,17,0,0
7r9zsela,66,u9naxafm,203,mock_N08_N04_Aonly,DiscussionGRPWaitPage,1773012674,18,0,1
7r9zsela,76,wxth4w87,203,mock_N08_N04_Aonly,DiscussionGRPWaitPage,1773012674,18,0,1
7r9zsela,74,bryhawnr,203,mock_N08_N04_Aonly,DiscussionGRPWaitPage,1773012674,18,0,1
7r9zsela,68,mf31ztgf,203,mock_N08_N04_Aonly,DiscussionGRPWaitPage,1773012674,18,0,1
7r9zsela,73,doomgg6p,203,mock_N08_N04_Aonly,DiscussionGRPWaitPage,1773012674,18,0,1
7r9zsela,60,cymzc9x2,203,mock_N08_N04_Aonly,DiscussionGRPWaitPage,1773012674,18,0,1
7r9zsela,62,qhqf8el3,203,mock_N08_N04_Aonly,DiscussionGRPWaitPage,1773012674,18,0,1
7r9zsela,65,y8403yo5,203,mock_N08_N04_Aonly,DiscussionGRPWaitPage,1773012674,18,0,1
7r9zsela,88,8joemsb5,10,presurvey,ExperimentInstruction,1773012675,1,0,0
7r9zsela,66,u9naxafm,208,mock_N08_N04_Aonly,Discussion,1773012679,18,0,0
7r9zsela,62,qhqf8el3,208,mock_N08_N04_Aonly,Discussion,1773012679,18,0,0
7r9zsela,60,cymzc9x2,208,mock_N08_N04_Aonly,Discussion,1773012679,18,0,0
7r9zsela,74,bryhawnr,208,mock_N08_N04_Aonly,Discussion,1773012680,18,0,0
7r9zsela,68,mf31ztgf,208,mock_N08_N04_Aonly,Discussion,1773012681,18,0,0
7r9zsela,87,if9llr8r,7,presurvey,TrainingNeighbor_2,1773012682,1,0,0
7r9zsela,65,y8403yo5,208,mock_N08_N04_Aonly,Discussion,1773012683,18,0,0
7r9zsela,76,wxth4w87,208,mock_N08_N04_Aonly,Discussion,1773012691,18,0,0
7r9zsela,73,doomgg6p,208,mock_N08_N04_Aonly,Discussion,1773012705,18,1,0
7r9zsela,66,u9naxafm,214,mock_N08_N04_Aonly,DiscussionGRPWaitPage,1773012706,19,0,1
7r9zsela,68,mf31ztgf,214,mock_N08_N04_Aonly,DiscussionGRPWaitPage,1773012706,19,0,1
7r9zsela,73,doomgg6p,214,mock_N08_N04_Aonly,DiscussionGRPWaitPage,1773012706,19,0,1
7r9zsela,76,wxth4w87,214,mock_N08_N04_Aonly,DiscussionGRPWaitPage,1773012706,19,0,1
7r9zsela,60,cymzc9x2,214,mock_N08_N04_Aonly,DiscussionGRPWaitPage,1773012706,19,0,1
7r9zsela,62,qhqf8el3,214,mock_N08_N04_Aonly,DiscussionGRPWaitPage,1773012706,19,0,1
7r9zsela,65,y8403yo5,214,mock_N08_N04_Aonly,DiscussionGRPWaitPage,1773012706,19,0,1
7r9zsela,74,bryhawnr,214,mock_N08_N04_Aonly,DiscussionGRPWaitPage,1773012706,19,0,1
7r9zsela,74,bryhawnr,219,mock_N08_N04_Aonly,Discussion,1773012710,19,0,0
7r9zsela,60,cymzc9x2,219,mock_N08_N04_Aonly,Discussion,1773012710,19,0,0
7r9zsela,87,if9llr8r,10,presurvey,ExperimentInstruction,1773012711,1,0,0
7r9zsela,62,qhqf8el3,219,mock_N08_N04_Aonly,Discussion,1773012711,19,0,0
7r9zsela,85,rdmnci4k,11,presurvey,Scenario,1773012712,1,0,0
7r9zsela,66,u9naxafm,219,mock_N08_N04_Aonly,Discussion,1773012714,19,0,0
7r9zsela,88,8joemsb5,11,presurvey,Scenario,1773012714,1,0,0
7r9zsela,89,rn33izlt,11,presurvey,Scenario,1773012715,1,0,0
7r9zsela,65,y8403yo5,219,mock_N08_N04_Aonly,Discussion,1773012719,19,0,0
7r9zsela,73,doomgg6p,219,mock_N08_N04_Aonly,Discussion,1773012720,19,0,0
7r9zsela,68,mf31ztgf,219,mock_N08_N04_Aonly,Discussion,1773012721,19,0,0
7r9zsela,76,wxth4w87,219,mock_N08_N04_Aonly,Discussion,1773012724,19,0,0
7r9zsela,66,u9naxafm,225,mock_N08_N04_Aonly,DiscussionGRPWaitPage,1773012725,20,0,1
7r9zsela,68,mf31ztgf,225,mock_N08_N04_Aonly,DiscussionGRPWaitPage,1773012725,20,0,1
7r9zsela,73,doomgg6p,225,mock_N08_N04_Aonly,DiscussionGRPWaitPage,1773012725,20,0,1
7r9zsela,76,wxth4w87,225,mock_N08_N04_Aonly,DiscussionGRPWaitPage,1773012725,20,0,1
7r9zsela,60,cymzc9x2,225,mock_N08_N04_Aonly,DiscussionGRPWaitPage,1773012725,20,0,1
7r9zsela,62,qhqf8el3,225,mock_N08_N04_Aonly,DiscussionGRPWaitPage,1773012725,20,0,1
7r9zsela,65,y8403yo5,225,mock_N08_N04_Aonly,DiscussionGRPWaitPage,1773012725,20,0,1
7r9zsela,74,bryhawnr,225,mock_N08_N04_Aonly,DiscussionGRPWaitPage,1773012725,20,0,1
7r9zsela,74,bryhawnr,230,mock_N08_N04_Aonly,Discussion,1773012729,20,0,0
7r9zsela,62,qhqf8el3,230,mock_N08_N04_Aonly,Discussion,1773012730,20,0,0
7r9zsela,60,cymzc9x2,230,mock_N08_N04_Aonly,Discussion,1773012730,20,0,0
7r9zsela,66,u9naxafm,230,mock_N08_N04_Aonly,Discussion,1773012730,20,0,0
7r9zsela,68,mf31ztgf,230,mock_N08_N04_Aonly,Discussion,1773012734,20,0,0
7r9zsela,65,y8403yo5,230,mock_N08_N04_Aonly,Discussion,1773012738,20,0,0
7r9zsela,73,doomgg6p,230,mock_N08_N04_Aonly,Discussion,1773012739,20,0,0
7r9zsela,76,wxth4w87,230,mock_N08_N04_Aonly,Discussion,1773012740,20,0,0
7r9zsela,74,bryhawnr,231,mock_N08_N04_Aonly,FinalRoundWaitPage,1773012741,20,0,1
7r9zsela,62,qhqf8el3,231,mock_N08_N04_Aonly,FinalRoundWaitPage,1773012741,20,0,1
7r9zsela,60,cymzc9x2,231,mock_N08_N04_Aonly,FinalRoundWaitPage,1773012741,20,0,1
7r9zsela,66,u9naxafm,231,mock_N08_N04_Aonly,FinalRoundWaitPage,1773012741,20,0,1
7r9zsela,68,mf31ztgf,231,mock_N08_N04_Aonly,FinalRoundWaitPage,1773012741,20,0,1
7r9zsela,65,y8403yo5,231,mock_N08_N04_Aonly,FinalRoundWaitPage,1773012741,20,0,1
7r9zsela,73,doomgg6p,231,mock_N08_N04_Aonly,FinalRoundWaitPage,1773012741,20,0,1
7r9zsela,76,wxth4w87,231,mock_N08_N04_Aonly,FinalRoundWaitPage,1773012741,20,0,1
7r9zsela,73,doomgg6p,232,mock_N08_N04_Aonly,FinalRound,1773012746,20,0,0
7r9zsela,66,u9naxafm,232,mock_N08_N04_Aonly,FinalRound,1773012748,20,0,0
7r9zsela,74,bryhawnr,232,mock_N08_N04_Aonly,FinalRound,1773012750,20,0,0
7r9zsela,60,cymzc9x2,232,mock_N08_N04_Aonly,FinalRound,1773012751,20,0,0
7r9zsela,62,qhqf8el3,232,mock_N08_N04_Aonly,FinalRound,1773012751,20,0,0
7r9zsela,68,mf31ztgf,232,mock_N08_N04_Aonly,FinalRound,1773012752,20,0,0
7r9zsela,88,8joemsb5,12,presurvey,Commitment,1773012752,1,0,0
7r9zsela,61,w7oet92o,13,mock_N08_N04_Aonly,GroupingWaitPage,1773012754,1,0,1
7r9zsela,69,di6dz5qu,13,mock_N08_N04_Aonly,GroupingWaitPage,1773012754,1,0,1
7r9zsela,71,kwowsd72,13,mock_N08_N04_Aonly,GroupingWaitPage,1773012754,1,0,1
7r9zsela,77,9hec8txm,13,mock_N08_N04_Aonly,GroupingWaitPage,1773012754,1,0,1
7r9zsela,80,jhdxyyhn,13,mock_N08_N04_Aonly,GroupingWaitPage,1773012754,1,0,1
7r9zsela,82,vjaqjddd,13,mock_N08_N04_Aonly,GroupingWaitPage,1773012754,1,0,1
7r9zsela,83,sn2aerab,13,mock_N08_N04_Aonly,GroupingWaitPage,1773012754,1,0,1
7r9zsela,88,8joemsb5,13,mock_N08_N04_Aonly,GroupingWaitPage,1773012754,1,0,1
7r9zsela,76,wxth4w87,232,mock_N08_N04_Aonly,FinalRound,1773012754,20,0,0
7r9zsela,65,y8403yo5,232,mock_N08_N04_Aonly,FinalRound,1773012754,20,0,0
7r9zsela,61,w7oet92o,14,mock_N08_N04_Aonly,GroupSizeWaitPage,1773012756,1,0,1
7r9zsela,69,di6dz5qu,14,mock_N08_N04_Aonly,GroupSizeWaitPage,1773012756,1,0,1
7r9zsela,71,kwowsd72,14,mock_N08_N04_Aonly,GroupSizeWaitPage,1773012756,1,0,1
7r9zsela,77,9hec8txm,14,mock_N08_N04_Aonly,GroupSizeWaitPage,1773012756,1,0,1
7r9zsela,80,jhdxyyhn,14,mock_N08_N04_Aonly,GroupSizeWaitPage,1773012756,1,0,1
7r9zsela,82,vjaqjddd,14,mock_N08_N04_Aonly,GroupSizeWaitPage,1773012756,1,0,1
7r9zsela,83,sn2aerab,14,mock_N08_N04_Aonly,GroupSizeWaitPage,1773012756,1,0,1
7r9zsela,88,8joemsb5,14,mock_N08_N04_Aonly,GroupSizeWaitPage,1773012756,1,0,1
7r9zsela,61,w7oet92o,16,mock_N08_N04_Aonly,DiscussionGRPWaitPage,1773012757,1,0,1
7r9zsela,77,9hec8txm,16,mock_N08_N04_Aonly,DiscussionGRPWaitPage,1773012757,1,0,1
7r9zsela,80,jhdxyyhn,16,mock_N08_N04_Aonly,DiscussionGRPWaitPage,1773012757,1,0,1
7r9zsela,83,sn2aerab,16,mock_N08_N04_Aonly,DiscussionGRPWaitPage,1773012757,1,0,1
7r9zsela,69,di6dz5qu,16,mock_N08_N04_Aonly,DiscussionGRPWaitPage,1773012757,1,0,1
7r9zsela,71,kwowsd72,16,mock_N08_N04_Aonly,DiscussionGRPWaitPage,1773012757,1,0,1
7r9zsela,82,vjaqjddd,16,mock_N08_N04_Aonly,DiscussionGRPWaitPage,1773012757,1,0,1
7r9zsela,88,8joemsb5,16,mock_N08_N04_Aonly,DiscussionGRPWaitPage,1773012757,1,0,1
7r9zsela,77,9hec8txm,20,mock_N08_N04_Aonly,Phase3,1773012766,1,0,0
7r9zsela,80,jhdxyyhn,20,mock_N08_N04_Aonly,Phase3,1773012767,1,0,0
7r9zsela,83,sn2aerab,20,mock_N08_N04_Aonly,Phase3,1773012773,1,0,0
7r9zsela,69,di6dz5qu,20,mock_N08_N04_Aonly,Phase3,1773012775,1,0,0
7r9zsela,80,jhdxyyhn,21,mock_N08_N04_Aonly,Discussion,1773012775,1,0,0
7r9zsela,88,8joemsb5,20,mock_N08_N04_Aonly,Phase3,1773012778,1,0,0
7r9zsela,88,8joemsb5,21,mock_N08_N04_Aonly,Discussion,1773012782,1,0,0
7r9zsela,71,kwowsd72,20,mock_N08_N04_Aonly,Phase3,1773012785,1,0,0
7r9zsela,77,9hec8txm,21,mock_N08_N04_Aonly,Discussion,1773012789,1,0,0
7r9zsela,85,rdmnci4k,12,presurvey,Commitment,1773012790,1,0,0
7r9zsela,61,w7oet92o,20,mock_N08_N04_Aonly,Phase3,1773012797,1,0,0
7r9zsela,83,sn2aerab,21,mock_N08_N04_Aonly,Discussion,1773012799,1,0,0
7r9zsela,69,di6dz5qu,21,mock_N08_N04_Aonly,Discussion,1773012800,1,0,0
7r9zsela,61,w7oet92o,21,mock_N08_N04_Aonly,Discussion,1773012804,1,0,0
7r9zsela,82,vjaqjddd,20,mock_N08_N04_Aonly,Phase3,1773012804,1,1,0
7r9zsela,87,if9llr8r,11,presurvey,Scenario,1773012808,1,0,0
7r9zsela,82,vjaqjddd,21,mock_N08_N04_Aonly,Discussion,1773012823,1,0,0
7r9zsela,71,kwowsd72,21,mock_N08_N04_Aonly,Discussion,1773012824,1,0,0
7r9zsela,61,w7oet92o,27,mock_N08_N04_Aonly,DiscussionGRPWaitPage,1773012824,2,0,1
7r9zsela,69,di6dz5qu,27,mock_N08_N04_Aonly,DiscussionGRPWaitPage,1773012824,2,0,1
7r9zsela,77,9hec8txm,27,mock_N08_N04_Aonly,DiscussionGRPWaitPage,1773012824,2,0,1
7r9zsela,88,8joemsb5,27,mock_N08_N04_Aonly,DiscussionGRPWaitPage,1773012824,2,0,1
7r9zsela,80,jhdxyyhn,27,mock_N08_N04_Aonly,DiscussionGRPWaitPage,1773012824,2,0,1
7r9zsela,83,sn2aerab,27,mock_N08_N04_Aonly,DiscussionGRPWaitPage,1773012824,2,0,1
7r9zsela,71,kwowsd72,27,mock_N08_N04_Aonly,DiscussionGRPWaitPage,1773012824,2,0,1
7r9zsela,82,vjaqjddd,27,mock_N08_N04_Aonly,DiscussionGRPWaitPage,1773012824,2,0,1
7r9zsela,88,8joemsb5,32,mock_N08_N04_Aonly,Discussion,1773012828,2,0,0
7r9zsela,82,vjaqjddd,32,mock_N08_N04_Aonly,Discussion,1773012835,2,0,0
7r9zsela,80,jhdxyyhn,32,mock_N08_N04_Aonly,Discussion,1773012836,2,0,0
7r9zsela,69,di6dz5qu,32,mock_N08_N04_Aonly,Discussion,1773012839,2,0,0
7r9zsela,77,9hec8txm,32,mock_N08_N04_Aonly,Discussion,1773012844,2,0,0
7r9zsela,83,sn2aerab,32,mock_N08_N04_Aonly,Discussion,1773012850,2,0,0
7r9zsela,71,kwowsd72,32,mock_N08_N04_Aonly,Discussion,1773012857,2,0,0
7r9zsela,61,w7oet92o,32,mock_N08_N04_Aonly,Discussion,1773012864,2,0,0
7r9zsela,61,w7oet92o,38,mock_N08_N04_Aonly,DiscussionGRPWaitPage,1773012864,3,0,1
7r9zsela,77,9hec8txm,38,mock_N08_N04_Aonly,DiscussionGRPWaitPage,1773012864,3,0,1
7r9zsela,88,8joemsb5,38,mock_N08_N04_Aonly,DiscussionGRPWaitPage,1773012864,3,0,1
7r9zsela,80,jhdxyyhn,38,mock_N08_N04_Aonly,DiscussionGRPWaitPage,1773012864,3,0,1
7r9zsela,83,sn2aerab,38,mock_N08_N04_Aonly,DiscussionGRPWaitPage,1773012864,3,0,1
7r9zsela,69,di6dz5qu,38,mock_N08_N04_Aonly,DiscussionGRPWaitPage,1773012864,3,0,1
7r9zsela,71,kwowsd72,38,mock_N08_N04_Aonly,DiscussionGRPWaitPage,1773012864,3,0,1
7r9zsela,82,vjaqjddd,38,mock_N08_N04_Aonly,DiscussionGRPWaitPage,1773012864,3,0,1
7r9zsela,88,8joemsb5,43,mock_N08_N04_Aonly,Discussion,1773012868,3,0,0
7r9zsela,61,w7oet92o,43,mock_N08_N04_Aonly,Discussion,1773012869,3,0,0
7r9zsela,82,vjaqjddd,43,mock_N08_N04_Aonly,Discussion,1773012872,3,0,0
7r9zsela,80,jhdxyyhn,43,mock_N08_N04_Aonly,Discussion,1773012875,3,0,0
7r9zsela,69,di6dz5qu,43,mock_N08_N04_Aonly,Discussion,1773012877,3,0,0
7r9zsela,77,9hec8txm,43,mock_N08_N04_Aonly,Discussion,1773012879,3,0,0
7r9zsela,83,sn2aerab,43,mock_N08_N04_Aonly,Discussion,1773012885,3,0,0
7r9zsela,71,kwowsd72,43,mock_N08_N04_Aonly,Discussion,1773012897,3,0,0
7r9zsela,61,w7oet92o,49,mock_N08_N04_Aonly,DiscussionGRPWaitPage,1773012897,4,0,1
7r9zsela,77,9hec8txm,49,mock_N08_N04_Aonly,DiscussionGRPWaitPage,1773012897,4,0,1
7r9zsela,80,jhdxyyhn,49,mock_N08_N04_Aonly,DiscussionGRPWaitPage,1773012897,4,0,1
7r9zsela,83,sn2aerab,49,mock_N08_N04_Aonly,DiscussionGRPWaitPage,1773012897,4,0,1
7r9zsela,69,di6dz5qu,49,mock_N08_N04_Aonly,DiscussionGRPWaitPage,1773012897,4,0,1
7r9zsela,71,kwowsd72,49,mock_N08_N04_Aonly,DiscussionGRPWaitPage,1773012897,4,0,1
7r9zsela,82,vjaqjddd,49,mock_N08_N04_Aonly,DiscussionGRPWaitPage,1773012897,4,0,1
7r9zsela,88,8joemsb5,49,mock_N08_N04_Aonly,DiscussionGRPWaitPage,1773012897,4,0,1
7r9zsela,82,vjaqjddd,54,mock_N08_N04_Aonly,Discussion,1773012902,4,0,0
7r9zsela,88,8joemsb5,54,mock_N08_N04_Aonly,Discussion,1773012904,4,0,0
7r9zsela,80,jhdxyyhn,54,mock_N08_N04_Aonly,Discussion,1773012905,4,0,0
7r9zsela,61,w7oet92o,54,mock_N08_N04_Aonly,Discussion,1773012907,4,0,0
7r9zsela,77,9hec8txm,54,mock_N08_N04_Aonly,Discussion,1773012914,4,0,0
7r9zsela,69,di6dz5qu,54,mock_N08_N04_Aonly,Discussion,1773012915,4,0,0
7r9zsela,83,sn2aerab,54,mock_N08_N04_Aonly,Discussion,1773012922,4,0,0
7r9zsela,71,kwowsd72,54,mock_N08_N04_Aonly,Discussion,1773012938,4,0,0
7r9zsela,61,w7oet92o,60,mock_N08_N04_Aonly,DiscussionGRPWaitPage,1773012939,5,0,1
7r9zsela,77,9hec8txm,60,mock_N08_N04_Aonly,DiscussionGRPWaitPage,1773012939,5,0,1
7r9zsela,80,jhdxyyhn,60,mock_N08_N04_Aonly,DiscussionGRPWaitPage,1773012939,5,0,1
7r9zsela,83,sn2aerab,60,mock_N08_N04_Aonly,DiscussionGRPWaitPage,1773012939,5,0,1
7r9zsela,69,di6dz5qu,60,mock_N08_N04_Aonly,DiscussionGRPWaitPage,1773012939,5,0,1
7r9zsela,71,kwowsd72,60,mock_N08_N04_Aonly,DiscussionGRPWaitPage,1773012939,5,0,1
7r9zsela,82,vjaqjddd,60,mock_N08_N04_Aonly,DiscussionGRPWaitPage,1773012939,5,0,1
7r9zsela,88,8joemsb5,60,mock_N08_N04_Aonly,DiscussionGRPWaitPage,1773012939,5,0,1
7r9zsela,88,8joemsb5,65,mock_N08_N04_Aonly,Discussion,1773012943,5,0,0
7r9zsela,82,vjaqjddd,65,mock_N08_N04_Aonly,Discussion,1773012943,5,0,0
7r9zsela,80,jhdxyyhn,65,mock_N08_N04_Aonly,Discussion,1773012945,5,0,0
7r9zsela,69,di6dz5qu,65,mock_N08_N04_Aonly,Discussion,1773012948,5,0,0
7r9zsela,61,w7oet92o,65,mock_N08_N04_Aonly,Discussion,1773012948,5,0,0
7r9zsela,77,9hec8txm,65,mock_N08_N04_Aonly,Discussion,1773012951,5,0,0
7r9zsela,83,sn2aerab,65,mock_N08_N04_Aonly,Discussion,1773012960,5,0,0
7r9zsela,71,kwowsd72,65,mock_N08_N04_Aonly,Discussion,1773012961,5,0,0
7r9zsela,61,w7oet92o,71,mock_N08_N04_Aonly,DiscussionGRPWaitPage,1773012962,6,0,1
7r9zsela,77,9hec8txm,71,mock_N08_N04_Aonly,DiscussionGRPWaitPage,1773012962,6,0,1
7r9zsela,80,jhdxyyhn,71,mock_N08_N04_Aonly,DiscussionGRPWaitPage,1773012962,6,0,1
7r9zsela,83,sn2aerab,71,mock_N08_N04_Aonly,DiscussionGRPWaitPage,1773012962,6,0,1
7r9zsela,69,di6dz5qu,71,mock_N08_N04_Aonly,DiscussionGRPWaitPage,1773012962,6,0,1
7r9zsela,71,kwowsd72,71,mock_N08_N04_Aonly,DiscussionGRPWaitPage,1773012962,6,0,1
7r9zsela,82,vjaqjddd,71,mock_N08_N04_Aonly,DiscussionGRPWaitPage,1773012962,6,0,1
7r9zsela,88,8joemsb5,71,mock_N08_N04_Aonly,DiscussionGRPWaitPage,1773012962,6,0,1
7r9zsela,61,w7oet92o,76,mock_N08_N04_Aonly,Discussion,1773012965,6,0,0
7r9zsela,80,jhdxyyhn,76,mock_N08_N04_Aonly,Discussion,1773012965,6,0,0
7r9zsela,88,8joemsb5,76,mock_N08_N04_Aonly,Discussion,1773012966,6,0,0
7r9zsela,83,sn2aerab,76,mock_N08_N04_Aonly,Discussion,1773012968,6,0,0
7r9zsela,82,vjaqjddd,76,mock_N08_N04_Aonly,Discussion,1773012969,6,0,0
7r9zsela,69,di6dz5qu,76,mock_N08_N04_Aonly,Discussion,1773012970,6,0,0
7r9zsela,77,9hec8txm,76,mock_N08_N04_Aonly,Discussion,1773012971,6,0,0
7r9zsela,71,kwowsd72,76,mock_N08_N04_Aonly,Discussion,1773012981,6,0,0
7r9zsela,61,w7oet92o,82,mock_N08_N04_Aonly,DiscussionGRPWaitPage,1773012981,7,0,1
7r9zsela,77,9hec8txm,82,mock_N08_N04_Aonly,DiscussionGRPWaitPage,1773012981,7,0,1
7r9zsela,80,jhdxyyhn,82,mock_N08_N04_Aonly,DiscussionGRPWaitPage,1773012981,7,0,1
7r9zsela,83,sn2aerab,82,mock_N08_N04_Aonly,DiscussionGRPWaitPage,1773012981,7,0,1
7r9zsela,69,di6dz5qu,82,mock_N08_N04_Aonly,DiscussionGRPWaitPage,1773012981,7,0,1
7r9zsela,71,kwowsd72,82,mock_N08_N04_Aonly,DiscussionGRPWaitPage,1773012981,7,0,1
7r9zsela,82,vjaqjddd,82,mock_N08_N04_Aonly,DiscussionGRPWaitPage,1773012981,7,0,1
7r9zsela,88,8joemsb5,82,mock_N08_N04_Aonly,DiscussionGRPWaitPage,1773012981,7,0,1
7r9zsela,80,jhdxyyhn,87,mock_N08_N04_Aonly,Discussion,1773012985,7,0,0
7r9zsela,88,8joemsb5,87,mock_N08_N04_Aonly,Discussion,1773012985,7,0,0
7r9zsela,61,w7oet92o,87,mock_N08_N04_Aonly,Discussion,1773012985,7,0,0
7r9zsela,82,vjaqjddd,87,mock_N08_N04_Aonly,Discussion,1773012988,7,0,0
7r9zsela,83,sn2aerab,87,mock_N08_N04_Aonly,Discussion,1773012988,7,0,0
7r9zsela,69,di6dz5qu,87,mock_N08_N04_Aonly,Discussion,1773012990,7,0,0
7r9zsela,77,9hec8txm,87,mock_N08_N04_Aonly,Discussion,1773012992,7,0,0
7r9zsela,71,kwowsd72,87,mock_N08_N04_Aonly,Discussion,1773013002,7,0,0
7r9zsela,61,w7oet92o,93,mock_N08_N04_Aonly,DiscussionGRPWaitPage,1773013002,8,0,1
7r9zsela,83,sn2aerab,93,mock_N08_N04_Aonly,DiscussionGRPWaitPage,1773013002,8,0,1
7r9zsela,88,8joemsb5,93,mock_N08_N04_Aonly,DiscussionGRPWaitPage,1773013002,8,0,1
7r9zsela,77,9hec8txm,93,mock_N08_N04_Aonly,DiscussionGRPWaitPage,1773013002,8,0,1
7r9zsela,80,jhdxyyhn,93,mock_N08_N04_Aonly,DiscussionGRPWaitPage,1773013002,8,0,1
7r9zsela,69,di6dz5qu,93,mock_N08_N04_Aonly,DiscussionGRPWaitPage,1773013002,8,0,1
7r9zsela,71,kwowsd72,93,mock_N08_N04_Aonly,DiscussionGRPWaitPage,1773013002,8,0,1
7r9zsela,82,vjaqjddd,93,mock_N08_N04_Aonly,DiscussionGRPWaitPage,1773013002,8,0,1
7r9zsela,61,w7oet92o,98,mock_N08_N04_Aonly,Discussion,1773013006,8,0,0
7r9zsela,88,8joemsb5,98,mock_N08_N04_Aonly,Discussion,1773013007,8,0,0
7r9zsela,82,vjaqjddd,98,mock_N08_N04_Aonly,Discussion,1773013007,8,0,0
7r9zsela,77,9hec8txm,98,mock_N08_N04_Aonly,Discussion,1773013008,8,0,0
7r9zsela,80,jhdxyyhn,98,mock_N08_N04_Aonly,Discussion,1773013009,8,0,0
7r9zsela,69,di6dz5qu,98,mock_N08_N04_Aonly,Discussion,1773013011,8,0,0
7r9zsela,71,kwowsd72,98,mock_N08_N04_Aonly,Discussion,1773013025,8,0,0
7r9zsela,83,sn2aerab,98,mock_N08_N04_Aonly,Discussion,1773013026,8,0,0
7r9zsela,61,w7oet92o,104,mock_N08_N04_Aonly,DiscussionGRPWaitPage,1773013026,9,0,1
7r9zsela,77,9hec8txm,104,mock_N08_N04_Aonly,DiscussionGRPWaitPage,1773013026,9,0,1
7r9zsela,80,jhdxyyhn,104,mock_N08_N04_Aonly,DiscussionGRPWaitPage,1773013026,9,0,1
7r9zsela,83,sn2aerab,104,mock_N08_N04_Aonly,DiscussionGRPWaitPage,1773013026,9,0,1
7r9zsela,69,di6dz5qu,104,mock_N08_N04_Aonly,DiscussionGRPWaitPage,1773013026,9,0,1
7r9zsela,71,kwowsd72,104,mock_N08_N04_Aonly,DiscussionGRPWaitPage,1773013026,9,0,1
7r9zsela,82,vjaqjddd,104,mock_N08_N04_Aonly,DiscussionGRPWaitPage,1773013026,9,0,1
7r9zsela,88,8joemsb5,104,mock_N08_N04_Aonly,DiscussionGRPWaitPage,1773013026,9,0,1
7r9zsela,88,8joemsb5,109,mock_N08_N04_Aonly,Discussion,1773013030,9,0,0
7r9zsela,80,jhdxyyhn,109,mock_N08_N04_Aonly,Discussion,1773013030,9,0,0
7r9zsela,82,vjaqjddd,109,mock_N08_N04_Aonly,Discussion,1773013031,9,0,0
7r9zsela,61,w7oet92o,109,mock_N08_N04_Aonly,Discussion,1773013031,9,0,0
7r9zsela,69,di6dz5qu,109,mock_N08_N04_Aonly,Discussion,1773013034,9,0,0
7r9zsela,77,9hec8txm,109,mock_N08_N04_Aonly,Discussion,1773013035,9,0,0
7r9zsela,83,sn2aerab,109,mock_N08_N04_Aonly,Discussion,1773013038,9,0,0
7r9zsela,71,kwowsd72,109,mock_N08_N04_Aonly,Discussion,1773013047,9,0,0
7r9zsela,61,w7oet92o,115,mock_N08_N04_Aonly,DiscussionGRPWaitPage,1773013047,10,0,1
7r9zsela,69,di6dz5qu,115,mock_N08_N04_Aonly,DiscussionGRPWaitPage,1773013047,10,0,1
7r9zsela,71,kwowsd72,115,mock_N08_N04_Aonly,DiscussionGRPWaitPage,1773013047,10,0,1
7r9zsela,77,9hec8txm,115,mock_N08_N04_Aonly,DiscussionGRPWaitPage,1773013047,10,0,1
7r9zsela,80,jhdxyyhn,115,mock_N08_N04_Aonly,DiscussionGRPWaitPage,1773013047,10,0,1
7r9zsela,83,sn2aerab,115,mock_N08_N04_Aonly,DiscussionGRPWaitPage,1773013047,10,0,1
7r9zsela,82,vjaqjddd,115,mock_N08_N04_Aonly,DiscussionGRPWaitPage,1773013047,10,0,1
7r9zsela,88,8joemsb5,115,mock_N08_N04_Aonly,DiscussionGRPWaitPage,1773013047,10,0,1
7r9zsela,71,kwowsd72,120,mock_N08_N04_Aonly,Discussion,1773013050,10,0,0
7r9zsela,61,w7oet92o,120,mock_N08_N04_Aonly,Discussion,1773013050,10,0,0
7r9zsela,88,8joemsb5,120,mock_N08_N04_Aonly,Discussion,1773013051,10,0,0
7r9zsela,82,vjaqjddd,120,mock_N08_N04_Aonly,Discussion,1773013051,10,0,0
7r9zsela,80,jhdxyyhn,120,mock_N08_N04_Aonly,Discussion,1773013052,10,0,0
7r9zsela,77,9hec8txm,120,mock_N08_N04_Aonly,Discussion,1773013054,10,0,0
7r9zsela,83,sn2aerab,120,mock_N08_N04_Aonly,Discussion,1773013057,10,0,0
7r9zsela,90,64obsllq,0,,InitializeParticipant,1773013057,1,0,0
7r9zsela,69,di6dz5qu,120,mock_N08_N04_Aonly,Discussion,1773013058,10,0,0
7r9zsela,61,w7oet92o,126,mock_N08_N04_Aonly,DiscussionGRPWaitPage,1773013058,11,0,1
7r9zsela,77,9hec8txm,126,mock_N08_N04_Aonly,DiscussionGRPWaitPage,1773013058,11,0,1
7r9zsela,80,jhdxyyhn,126,mock_N08_N04_Aonly,DiscussionGRPWaitPage,1773013058,11,0,1
7r9zsela,69,di6dz5qu,126,mock_N08_N04_Aonly,DiscussionGRPWaitPage,1773013058,11,0,1
7r9zsela,83,sn2aerab,126,mock_N08_N04_Aonly,DiscussionGRPWaitPage,1773013058,11,0,1
7r9zsela,71,kwowsd72,126,mock_N08_N04_Aonly,DiscussionGRPWaitPage,1773013058,11,0,1
7r9zsela,82,vjaqjddd,126,mock_N08_N04_Aonly,DiscussionGRPWaitPage,1773013058,11,0,1
7r9zsela,88,8joemsb5,126,mock_N08_N04_Aonly,DiscussionGRPWaitPage,1773013058,11,0,1
7r9zsela,61,w7oet92o,131,mock_N08_N04_Aonly,Discussion,1773013061,11,0,0
7r9zsela,88,8joemsb5,131,mock_N08_N04_Aonly,Discussion,1773013061,11,0,0
7r9zsela,82,vjaqjddd,131,mock_N08_N04_Aonly,Discussion,1773013063,11,0,0
7r9zsela,69,di6dz5qu,131,mock_N08_N04_Aonly,Discussion,1773013063,11,0,0
7r9zsela,80,jhdxyyhn,131,mock_N08_N04_Aonly,Discussion,1773013065,11,0,0
7r9zsela,77,9hec8txm,131,mock_N08_N04_Aonly,Discussion,1773013066,11,0,0
7r9zsela,83,sn2aerab,131,mock_N08_N04_Aonly,Discussion,1773013067,11,0,0
7r9zsela,71,kwowsd72,131,mock_N08_N04_Aonly,Discussion,1773013082,11,0,0
7r9zsela,61,w7oet92o,137,mock_N08_N04_Aonly,DiscussionGRPWaitPage,1773013083,12,0,1
7r9zsela,77,9hec8txm,137,mock_N08_N04_Aonly,DiscussionGRPWaitPage,1773013083,12,0,1
7r9zsela,80,jhdxyyhn,137,mock_N08_N04_Aonly,DiscussionGRPWaitPage,1773013083,12,0,1
7r9zsela,83,sn2aerab,137,mock_N08_N04_Aonly,DiscussionGRPWaitPage,1773013083,12,0,1
7r9zsela,69,di6dz5qu,137,mock_N08_N04_Aonly,DiscussionGRPWaitPage,1773013083,12,0,1
7r9zsela,71,kwowsd72,137,mock_N08_N04_Aonly,DiscussionGRPWaitPage,1773013083,12,0,1
7r9zsela,82,vjaqjddd,137,mock_N08_N04_Aonly,DiscussionGRPWaitPage,1773013083,12,0,1
7r9zsela,88,8joemsb5,137,mock_N08_N04_Aonly,DiscussionGRPWaitPage,1773013083,12,0,1
7r9zsela,88,8joemsb5,142,mock_N08_N04_Aonly,Discussion,1773013086,12,0,0
7r9zsela,77,9hec8txm,142,mock_N08_N04_Aonly,Discussion,1773013088,12,0,0
7r9zsela,82,vjaqjddd,142,mock_N08_N04_Aonly,Discussion,1773013088,12,0,0
7r9zsela,80,jhdxyyhn,142,mock_N08_N04_Aonly,Discussion,1773013090,12,0,0
7r9zsela,61,w7oet92o,142,mock_N08_N04_Aonly,Discussion,1773013090,12,0,0
7r9zsela,69,di6dz5qu,142,mock_N08_N04_Aonly,Discussion,1773013095,12,0,0
7r9zsela,83,sn2aerab,142,mock_N08_N04_Aonly,Discussion,1773013100,12,0,0
7r9zsela,71,kwowsd72,142,mock_N08_N04_Aonly,Discussion,1773013104,12,0,0
7r9zsela,61,w7oet92o,148,mock_N08_N04_Aonly,DiscussionGRPWaitPage,1773013104,13,0,1
7r9zsela,77,9hec8txm,148,mock_N08_N04_Aonly,DiscussionGRPWaitPage,1773013104,13,0,1
7r9zsela,80,jhdxyyhn,148,mock_N08_N04_Aonly,DiscussionGRPWaitPage,1773013104,13,0,1
7r9zsela,83,sn2aerab,148,mock_N08_N04_Aonly,DiscussionGRPWaitPage,1773013104,13,0,1
7r9zsela,69,di6dz5qu,148,mock_N08_N04_Aonly,DiscussionGRPWaitPage,1773013104,13,0,1
7r9zsela,71,kwowsd72,148,mock_N08_N04_Aonly,DiscussionGRPWaitPage,1773013104,13,0,1
7r9zsela,82,vjaqjddd,148,mock_N08_N04_Aonly,DiscussionGRPWaitPage,1773013104,13,0,1
7r9zsela,88,8joemsb5,148,mock_N08_N04_Aonly,DiscussionGRPWaitPage,1773013104,13,0,1
7r9zsela,61,w7oet92o,153,mock_N08_N04_Aonly,Discussion,1773013108,13,0,0
7r9zsela,82,vjaqjddd,153,mock_N08_N04_Aonly,Discussion,1773013108,13,0,0
7r9zsela,88,8joemsb5,153,mock_N08_N04_Aonly,Discussion,1773013108,13,0,0
7r9zsela,69,di6dz5qu,153,mock_N08_N04_Aonly,Discussion,1773013109,13,0,0
7r9zsela,80,jhdxyyhn,153,mock_N08_N04_Aonly,Discussion,1773013111,13,0,0
7r9zsela,83,sn2aerab,153,mock_N08_N04_Aonly,Discussion,1773013111,13,0,0
7r9zsela,77,9hec8txm,153,mock_N08_N04_Aonly,Discussion,1773013112,13,0,0
7r9zsela,91,jega9hzu,0,,InitializeParticipant,1773013116,1,0,0
7r9zsela,90,64obsllq,1,presurvey,Introduction,1773013118,1,0,0
7r9zsela,91,jega9hzu,1,presurvey,Introduction,1773013120,1,0,0
7r9zsela,71,kwowsd72,153,mock_N08_N04_Aonly,Discussion,1773013125,13,0,0
7r9zsela,61,w7oet92o,159,mock_N08_N04_Aonly,DiscussionGRPWaitPage,1773013126,14,0,1
7r9zsela,77,9hec8txm,159,mock_N08_N04_Aonly,DiscussionGRPWaitPage,1773013126,14,0,1
7r9zsela,80,jhdxyyhn,159,mock_N08_N04_Aonly,DiscussionGRPWaitPage,1773013126,14,0,1
7r9zsela,83,sn2aerab,159,mock_N08_N04_Aonly,DiscussionGRPWaitPage,1773013126,14,0,1
7r9zsela,69,di6dz5qu,159,mock_N08_N04_Aonly,DiscussionGRPWaitPage,1773013126,14,0,1
7r9zsela,71,kwowsd72,159,mock_N08_N04_Aonly,DiscussionGRPWaitPage,1773013126,14,0,1
7r9zsela,82,vjaqjddd,159,mock_N08_N04_Aonly,DiscussionGRPWaitPage,1773013126,14,0,1
7r9zsela,88,8joemsb5,159,mock_N08_N04_Aonly,DiscussionGRPWaitPage,1773013126,14,0,1
7r9zsela,69,di6dz5qu,164,mock_N08_N04_Aonly,Discussion,1773013130,14,0,0
7r9zsela,88,8joemsb5,164,mock_N08_N04_Aonly,Discussion,1773013131,14,0,0
7r9zsela,80,jhdxyyhn,164,mock_N08_N04_Aonly,Discussion,1773013132,14,0,0
7r9zsela,61,w7oet92o,164,mock_N08_N04_Aonly,Discussion,1773013132,14,0,0
7r9zsela,82,vjaqjddd,164,mock_N08_N04_Aonly,Discussion,1773013133,14,0,0
7r9zsela,91,jega9hzu,2,presurvey,AudioCheck,1773013133,1,0,0
7r9zsela,77,9hec8txm,164,mock_N08_N04_Aonly,Discussion,1773013135,14,0,0
7r9zsela,83,sn2aerab,164,mock_N08_N04_Aonly,Discussion,1773013141,14,0,0
7r9zsela,71,kwowsd72,164,mock_N08_N04_Aonly,Discussion,1773013148,14,0,0
7r9zsela,83,sn2aerab,170,mock_N08_N04_Aonly,DiscussionGRPWaitPage,1773013148,15,0,1
7r9zsela,88,8joemsb5,170,mock_N08_N04_Aonly,DiscussionGRPWaitPage,1773013148,15,0,1
7r9zsela,61,w7oet92o,170,mock_N08_N04_Aonly,DiscussionGRPWaitPage,1773013148,15,0,1
7r9zsela,77,9hec8txm,170,mock_N08_N04_Aonly,DiscussionGRPWaitPage,1773013148,15,0,1
7r9zsela,80,jhdxyyhn,170,mock_N08_N04_Aonly,DiscussionGRPWaitPage,1773013148,15,0,1
7r9zsela,69,di6dz5qu,170,mock_N08_N04_Aonly,DiscussionGRPWaitPage,1773013148,15,0,1
7r9zsela,71,kwowsd72,170,mock_N08_N04_Aonly,DiscussionGRPWaitPage,1773013148,15,0,1
7r9zsela,82,vjaqjddd,170,mock_N08_N04_Aonly,DiscussionGRPWaitPage,1773013148,15,0,1
7r9zsela,88,8joemsb5,175,mock_N08_N04_Aonly,Discussion,1773013152,15,0,0
7r9zsela,82,vjaqjddd,175,mock_N08_N04_Aonly,Discussion,1773013153,15,0,0
7r9zsela,69,di6dz5qu,175,mock_N08_N04_Aonly,Discussion,1773013153,15,0,0
7r9zsela,91,jega9hzu,3,presurvey,Demographics,1773013154,1,0,0
7r9zsela,80,jhdxyyhn,175,mock_N08_N04_Aonly,Discussion,1773013154,15,0,0
7r9zsela,83,sn2aerab,175,mock_N08_N04_Aonly,Discussion,1773013155,15,0,0
7r9zsela,90,64obsllq,2,presurvey,AudioCheck,1773013157,1,0,0
7r9zsela,77,9hec8txm,175,mock_N08_N04_Aonly,Discussion,1773013159,15,0,0
7r9zsela,61,w7oet92o,175,mock_N08_N04_Aonly,Discussion,1773013159,15,0,0
7r9zsela,71,kwowsd72,175,mock_N08_N04_Aonly,Discussion,1773013170,15,0,0
7r9zsela,61,w7oet92o,181,mock_N08_N04_Aonly,DiscussionGRPWaitPage,1773013171,16,0,1
7r9zsela,83,sn2aerab,181,mock_N08_N04_Aonly,DiscussionGRPWaitPage,1773013171,16,0,1
7r9zsela,88,8joemsb5,181,mock_N08_N04_Aonly,DiscussionGRPWaitPage,1773013171,16,0,1
7r9zsela,77,9hec8txm,181,mock_N08_N04_Aonly,DiscussionGRPWaitPage,1773013171,16,0,1
7r9zsela,80,jhdxyyhn,181,mock_N08_N04_Aonly,DiscussionGRPWaitPage,1773013171,16,0,1
7r9zsela,69,di6dz5qu,181,mock_N08_N04_Aonly,DiscussionGRPWaitPage,1773013171,16,0,1
7r9zsela,71,kwowsd72,181,mock_N08_N04_Aonly,DiscussionGRPWaitPage,1773013171,16,0,1
7r9zsela,82,vjaqjddd,181,mock_N08_N04_Aonly,DiscussionGRPWaitPage,1773013171,16,0,1
7r9zsela,82,vjaqjddd,186,mock_N08_N04_Aonly,Discussion,1773013175,16,0,0
7r9zsela,61,w7oet92o,186,mock_N08_N04_Aonly,Discussion,1773013176,16,0,0
7r9zsela,69,di6dz5qu,186,mock_N08_N04_Aonly,Discussion,1773013177,16,0,0
7r9zsela,88,8joemsb5,186,mock_N08_N04_Aonly,Discussion,1773013177,16,0,0
7r9zsela,80,jhdxyyhn,186,mock_N08_N04_Aonly,Discussion,1773013178,16,0,0
7r9zsela,77,9hec8txm,186,mock_N08_N04_Aonly,Discussion,1773013180,16,0,0
7r9zsela,83,sn2aerab,186,mock_N08_N04_Aonly,Discussion,1773013185,16,0,0
7r9zsela,90,64obsllq,3,presurvey,Demographics,1773013188,1,0,0
7r9zsela,71,kwowsd72,186,mock_N08_N04_Aonly,Discussion,1773013192,16,0,0
7r9zsela,61,w7oet92o,192,mock_N08_N04_Aonly,DiscussionGRPWaitPage,1773013193,17,0,1
7r9zsela,77,9hec8txm,192,mock_N08_N04_Aonly,DiscussionGRPWaitPage,1773013193,17,0,1
7r9zsela,83,sn2aerab,192,mock_N08_N04_Aonly,DiscussionGRPWaitPage,1773013193,17,0,1
7r9zsela,80,jhdxyyhn,192,mock_N08_N04_Aonly,DiscussionGRPWaitPage,1773013193,17,0,1
7r9zsela,69,di6dz5qu,192,mock_N08_N04_Aonly,DiscussionGRPWaitPage,1773013193,17,0,1
7r9zsela,71,kwowsd72,192,mock_N08_N04_Aonly,DiscussionGRPWaitPage,1773013193,17,0,1
7r9zsela,82,vjaqjddd,192,mock_N08_N04_Aonly,DiscussionGRPWaitPage,1773013193,17,0,1
7r9zsela,88,8joemsb5,192,mock_N08_N04_Aonly,DiscussionGRPWaitPage,1773013193,17,0,1
7r9zsela,69,di6dz5qu,197,mock_N08_N04_Aonly,Discussion,1773013196,17,0,0
7r9zsela,77,9hec8txm,197,mock_N08_N04_Aonly,Discussion,1773013196,17,0,0
7r9zsela,82,vjaqjddd,197,mock_N08_N04_Aonly,Discussion,1773013197,17,0,0
7r9zsela,61,w7oet92o,197,mock_N08_N04_Aonly,Discussion,1773013197,17,0,0
7r9zsela,88,8joemsb5,197,mock_N08_N04_Aonly,Discussion,1773013197,17,0,0
7r9zsela,80,jhdxyyhn,197,mock_N08_N04_Aonly,Discussion,1773013198,17,0,0
7r9zsela,83,sn2aerab,197,mock_N08_N04_Aonly,Discussion,1773013208,17,0,0
7r9zsela,71,kwowsd72,197,mock_N08_N04_Aonly,Discussion,1773013213,17,0,0
7r9zsela,61,w7oet92o,203,mock_N08_N04_Aonly,DiscussionGRPWaitPage,1773013214,18,0,1
7r9zsela,77,9hec8txm,203,mock_N08_N04_Aonly,DiscussionGRPWaitPage,1773013214,18,0,1
7r9zsela,80,jhdxyyhn,203,mock_N08_N04_Aonly,DiscussionGRPWaitPage,1773013214,18,0,1
7r9zsela,83,sn2aerab,203,mock_N08_N04_Aonly,DiscussionGRPWaitPage,1773013214,18,0,1
7r9zsela,82,vjaqjddd,203,mock_N08_N04_Aonly,DiscussionGRPWaitPage,1773013214,18,0,1
7r9zsela,69,di6dz5qu,203,mock_N08_N04_Aonly,DiscussionGRPWaitPage,1773013214,18,0,1
7r9zsela,71,kwowsd72,203,mock_N08_N04_Aonly,DiscussionGRPWaitPage,1773013214,18,0,1
7r9zsela,88,8joemsb5,203,mock_N08_N04_Aonly,DiscussionGRPWaitPage,1773013214,18,0,1
7r9zsela,69,di6dz5qu,208,mock_N08_N04_Aonly,Discussion,1773013216,18,0,0
7r9zsela,61,w7oet92o,208,mock_N08_N04_Aonly,Discussion,1773013217,18,0,0
7r9zsela,88,8joemsb5,208,mock_N08_N04_Aonly,Discussion,1773013218,18,0,0
7r9zsela,82,vjaqjddd,208,mock_N08_N04_Aonly,Discussion,1773013218,18,0,0
7r9zsela,80,jhdxyyhn,208,mock_N08_N04_Aonly,Discussion,1773013219,18,0,0
7r9zsela,77,9hec8txm,208,mock_N08_N04_Aonly,Discussion,1773013222,18,0,0
7r9zsela,83,sn2aerab,208,mock_N08_N04_Aonly,Discussion,1773013223,18,0,0
7r9zsela,92,t2pqtw5w,0,,InitializeParticipant,1773013223,1,0,0
7r9zsela,71,kwowsd72,208,mock_N08_N04_Aonly,Discussion,1773013235,18,0,0
7r9zsela,61,w7oet92o,214,mock_N08_N04_Aonly,DiscussionGRPWaitPage,1773013236,19,0,1
7r9zsela,77,9hec8txm,214,mock_N08_N04_Aonly,DiscussionGRPWaitPage,1773013236,19,0,1
7r9zsela,80,jhdxyyhn,214,mock_N08_N04_Aonly,DiscussionGRPWaitPage,1773013236,19,0,1
7r9zsela,83,sn2aerab,214,mock_N08_N04_Aonly,DiscussionGRPWaitPage,1773013236,19,0,1
7r9zsela,69,di6dz5qu,214,mock_N08_N04_Aonly,DiscussionGRPWaitPage,1773013236,19,0,1
7r9zsela,71,kwowsd72,214,mock_N08_N04_Aonly,DiscussionGRPWaitPage,1773013236,19,0,1
7r9zsela,82,vjaqjddd,214,mock_N08_N04_Aonly,DiscussionGRPWaitPage,1773013236,19,0,1
7r9zsela,88,8joemsb5,214,mock_N08_N04_Aonly,DiscussionGRPWaitPage,1773013236,19,0,1
7r9zsela,88,8joemsb5,219,mock_N08_N04_Aonly,Discussion,1773013239,19,0,0
7r9zsela,61,w7oet92o,219,mock_N08_N04_Aonly,Discussion,1773013239,19,0,0
7r9zsela,69,di6dz5qu,219,mock_N08_N04_Aonly,Discussion,1773013239,19,0,0
7r9zsela,82,vjaqjddd,219,mock_N08_N04_Aonly,Discussion,1773013239,19,0,0
7r9zsela,92,t2pqtw5w,1,presurvey,Introduction,1773013240,1,0,0
7r9zsela,80,jhdxyyhn,219,mock_N08_N04_Aonly,Discussion,1773013242,19,0,0
7r9zsela,77,9hec8txm,219,mock_N08_N04_Aonly,Discussion,1773013244,19,0,0
7r9zsela,83,sn2aerab,219,mock_N08_N04_Aonly,Discussion,1773013249,19,0,0
7r9zsela,91,jega9hzu,4,presurvey,NeighborhoodInstruction,1773013256,1,0,0
7r9zsela,71,kwowsd72,219,mock_N08_N04_Aonly,Discussion,1773013257,19,0,0
7r9zsela,61,w7oet92o,225,mock_N08_N04_Aonly,DiscussionGRPWaitPage,1773013258,20,0,1
7r9zsela,77,9hec8txm,225,mock_N08_N04_Aonly,DiscussionGRPWaitPage,1773013258,20,0,1
7r9zsela,80,jhdxyyhn,225,mock_N08_N04_Aonly,DiscussionGRPWaitPage,1773013258,20,0,1
7r9zsela,83,sn2aerab,225,mock_N08_N04_Aonly,DiscussionGRPWaitPage,1773013258,20,0,1
7r9zsela,69,di6dz5qu,225,mock_N08_N04_Aonly,DiscussionGRPWaitPage,1773013258,20,0,1
7r9zsela,71,kwowsd72,225,mock_N08_N04_Aonly,DiscussionGRPWaitPage,1773013258,20,0,1
7r9zsela,82,vjaqjddd,225,mock_N08_N04_Aonly,DiscussionGRPWaitPage,1773013258,20,0,1
7r9zsela,88,8joemsb5,225,mock_N08_N04_Aonly,DiscussionGRPWaitPage,1773013258,20,0,1
7r9zsela,88,8joemsb5,230,mock_N08_N04_Aonly,Discussion,1773013261,20,0,0
7r9zsela,69,di6dz5qu,230,mock_N08_N04_Aonly,Discussion,1773013262,20,0,0
7r9zsela,80,jhdxyyhn,230,mock_N08_N04_Aonly,Discussion,1773013263,20,0,0
7r9zsela,61,w7oet92o,230,mock_N08_N04_Aonly,Discussion,1773013264,20,0,0
7r9zsela,82,vjaqjddd,230,mock_N08_N04_Aonly,Discussion,1773013264,20,0,0
7r9zsela,83,sn2aerab,230,mock_N08_N04_Aonly,Discussion,1773013264,20,0,0
7r9zsela,77,9hec8txm,230,mock_N08_N04_Aonly,Discussion,1773013267,20,0,0
7r9zsela,92,t2pqtw5w,2,presurvey,AudioCheck,1773013268,1,0,0
7r9zsela,92,t2pqtw5w,3,presurvey,Demographics,1773013281,1,0,0
7r9zsela,71,kwowsd72,230,mock_N08_N04_Aonly,Discussion,1773013285,20,0,0
7r9zsela,61,w7oet92o,231,mock_N08_N04_Aonly,FinalRoundWaitPage,1773013285,20,0,1
7r9zsela,77,9hec8txm,231,mock_N08_N04_Aonly,FinalRoundWaitPage,1773013285,20,0,1
7r9zsela,80,jhdxyyhn,231,mock_N08_N04_Aonly,FinalRoundWaitPage,1773013285,20,0,1
7r9zsela,83,sn2aerab,231,mock_N08_N04_Aonly,FinalRoundWaitPage,1773013285,20,0,1
7r9zsela,88,8joemsb5,231,mock_N08_N04_Aonly,FinalRoundWaitPage,1773013285,20,0,1
7r9zsela,69,di6dz5qu,231,mock_N08_N04_Aonly,FinalRoundWaitPage,1773013285,20,0,1
7r9zsela,82,vjaqjddd,231,mock_N08_N04_Aonly,FinalRoundWaitPage,1773013285,20,0,1
7r9zsela,71,kwowsd72,231,mock_N08_N04_Aonly,FinalRoundWaitPage,1773013285,20,0,1
7r9zsela,69,di6dz5qu,232,mock_N08_N04_Aonly,FinalRound,1773013289,20,0,0
7r9zsela,92,t2pqtw5w,4,presurvey,NeighborhoodInstruction,1773013290,1,0,0
7r9zsela,80,jhdxyyhn,232,mock_N08_N04_Aonly,FinalRound,1773013294,20,0,0
7r9zsela,77,9hec8txm,232,mock_N08_N04_Aonly,FinalRound,1773013294,20,0,0
7r9zsela,83,sn2aerab,232,mock_N08_N04_Aonly,FinalRound,1773013295,20,0,0
7r9zsela,88,8joemsb5,232,mock_N08_N04_Aonly,FinalRound,1773013297,20,0,0
7r9zsela,61,w7oet92o,232,mock_N08_N04_Aonly,FinalRound,1773013302,20,0,0
7r9zsela,71,kwowsd72,232,mock_N08_N04_Aonly,FinalRound,1773013315,20,0,0
7r9zsela,92,t2pqtw5w,5,presurvey,Training,1773013317,1,0,0
7r9zsela,82,vjaqjddd,232,mock_N08_N04_Aonly,FinalRound,1773013318,20,0,0
7r9zsela,92,t2pqtw5w,6,presurvey,TrainingNeighbor_1,1773013379,1,0,0
7r9zsela,92,t2pqtw5w,7,presurvey,TrainingNeighbor_2,1773013388,1,0,0
7r9zsela,91,jega9hzu,5,presurvey,Training,1773013391,1,0,0
7r9zsela,92,t2pqtw5w,10,presurvey,ExperimentInstruction,1773013410,1,0,0
7r9zsela,78,s7jtt66w,13,mock_N08_N04_Aonly,GroupingWaitPage,1773013423,1,0,1
7r9zsela,92,t2pqtw5w,11,presurvey,Scenario,1773013434,1,0,0
7r9zsela,78,s7jtt66w,14,mock_N08_N04_Aonly,GroupSizeWaitPage,1773013435,1,0,1
7r9zsela,78,s7jtt66w,15,mock_N08_N04_Aonly,AttentionCheck,1773013451,1,0,0
7r9zsela,92,t2pqtw5w,12,presurvey,Commitment,1773013464,1,0,0
7r9zsela,93,3s6bsbs8,0,,InitializeParticipant,1773013475,1,0,0
7r9zsela,91,jega9hzu,6,presurvey,TrainingNeighbor_1,1773013475,1,0,0
7r9zsela,91,jega9hzu,10,presurvey,ExperimentInstruction,1773013482,1,0,0
7r9zsela,93,3s6bsbs8,1,presurvey,Introduction,1773013486,1,0,0
7r9zsela,93,3s6bsbs8,2,presurvey,AudioCheck,1773013523,1,0,0
7r9zsela,93,3s6bsbs8,3,presurvey,Demographics,1773013549,1,0,0
7r9zsela,91,jega9hzu,11,presurvey,Scenario,1773013558,1,0,0
7r9zsela,94,t3clqou4,0,,InitializeParticipant,1773013638,1,0,0
7r9zsela,95,2uilekec,0,,InitializeParticipant,1773013654,1,0,0
7r9zsela,94,t3clqou4,1,presurvey,Introduction,1773013670,1,0,0
7r9zsela,96,h5cppn9j,0,,InitializeParticipant,1773013682,1,0,0
7r9zsela,95,2uilekec,1,presurvey,Introduction,1773013685,1,0,0
7r9zsela,96,h5cppn9j,1,presurvey,Introduction,1773013690,1,0,0
7r9zsela,96,h5cppn9j,2,presurvey,AudioCheck,1773013699,1,0,0
7r9zsela,96,h5cppn9j,3,presurvey,Demographics,1773013708,1,0,0
7r9zsela,96,h5cppn9j,4,presurvey,NeighborhoodInstruction,1773013715,1,0,0
7r9zsela,96,h5cppn9j,5,presurvey,Training,1773013730,1,0,0
7r9zsela,97,na54a8b2,0,,InitializeParticipant,1773013740,1,0,0
7r9zsela,97,na54a8b2,1,presurvey,Introduction,1773013746,1,0,0
7r9zsela,96,h5cppn9j,6,presurvey,TrainingNeighbor_1,1773013756,1,0,0
7r9zsela,97,na54a8b2,2,presurvey,AudioCheck,1773013760,1,0,0
7r9zsela,97,na54a8b2,3,presurvey,Demographics,1773013774,1,0,0
7r9zsela,98,q4tqhcys,0,,InitializeParticipant,1773013776,1,0,0
7r9zsela,96,h5cppn9j,10,presurvey,ExperimentInstruction,1773013776,1,0,0
7r9zsela,98,q4tqhcys,1,presurvey,Introduction,1773013782,1,0,0
7r9zsela,97,na54a8b2,4,presurvey,NeighborhoodInstruction,1773013790,1,0,0
7r9zsela,94,t3clqou4,2,presurvey,AudioCheck,1773013790,1,0,0
7r9zsela,98,q4tqhcys,2,presurvey,AudioCheck,1773013801,1,0,0
7r9zsela,96,h5cppn9j,11,presurvey,Scenario,1773013806,1,0,0
7r9zsela,94,t3clqou4,3,presurvey,Demographics,1773013810,1,0,0
7r9zsela,97,na54a8b2,5,presurvey,Training,1773013813,1,0,0
7r9zsela,98,q4tqhcys,3,presurvey,Demographics,1773013816,1,0,0
7r9zsela,94,t3clqou4,4,presurvey,NeighborhoodInstruction,1773013834,1,0,0
7r9zsela,96,h5cppn9j,12,presurvey,Commitment,1773013840,1,0,0
7r9zsela,97,na54a8b2,6,presurvey,TrainingNeighbor_1,1773013843,1,0,0
7r9zsela,98,q4tqhcys,4,presurvey,NeighborhoodInstruction,1773013845,1,0,0
7r9zsela,97,na54a8b2,7,presurvey,TrainingNeighbor_2,1773013850,1,0,0
7r9zsela,97,na54a8b2,10,presurvey,ExperimentInstruction,1773013858,1,0,0
7r9zsela,94,t3clqou4,5,presurvey,Training,1773013863,1,0,0
7r9zsela,97,na54a8b2,11,presurvey,Scenario,1773013888,1,0,0
7r9zsela,98,q4tqhcys,5,presurvey,Training,1773013890,1,0,0
7r9zsela,94,t3clqou4,6,presurvey,TrainingNeighbor_1,1773013911,1,0,0
7r9zsela,98,q4tqhcys,6,presurvey,TrainingNeighbor_1,1773013925,1,0,0
7r9zsela,93,3s6bsbs8,4,presurvey,NeighborhoodInstruction,1773013930,1,0,0
7r9zsela,98,q4tqhcys,10,presurvey,ExperimentInstruction,1773013936,1,0,0
7r9zsela,93,3s6bsbs8,5,presurvey,Training,1773013961,1,0,0
7r9zsela,98,q4tqhcys,11,presurvey,Scenario,1773013973,1,0,0
7r9zsela,93,3s6bsbs8,6,presurvey,TrainingNeighbor_1,1773013982,1,0,0
7r9zsela,99,d4k8s6np,0,,InitializeParticipant,1773013991,1,0,0
7r9zsela,85,rdmnci4k,13,mock_N08_N04_Aonly,GroupingWaitPage,1773013992,1,0,1
7r9zsela,85,rdmnci4k,14,mock_N08_N04_Aonly,GroupSizeWaitPage,1773013992,1,0,1
7r9zsela,93,3s6bsbs8,10,presurvey,ExperimentInstruction,1773013994,1,0,0
7r9zsela,85,rdmnci4k,15,mock_N08_N04_Aonly,AttentionCheck,1773014004,1,0,0
7r9zsela,99,d4k8s6np,1,presurvey,Introduction,1773014018,1,0,0
7r9zsela,99,d4k8s6np,2,presurvey,AudioCheck,1773014039,1,0,0
7r9zsela,93,3s6bsbs8,11,presurvey,Scenario,1773014043,1,0,0
7r9zsela,100,8k51se97,0,,InitializeParticipant,1773014062,1,0,0
7r9zsela,99,d4k8s6np,3,presurvey,Demographics,1773014063,1,0,0
7r9zsela,93,3s6bsbs8,12,presurvey,Commitment,1773014078,1,0,0
7r9zsela,99,d4k8s6np,4,presurvey,NeighborhoodInstruction,1773014082,1,0,0
7r9zsela,100,8k51se97,1,presurvey,Introduction,1773014091,1,0,0
7r9zsela,100,8k51se97,2,presurvey,AudioCheck,1773014130,1,0,0
7r9zsela,99,d4k8s6np,5,presurvey,Training,1773014145,1,0,0
7r9zsela,100,8k51se97,3,presurvey,Demographics,1773014153,1,0,0
7r9zsela,100,8k51se97,4,presurvey,NeighborhoodInstruction,1773014184,1,0,0
7r9zsela,99,d4k8s6np,6,presurvey,TrainingNeighbor_1,1773014190,1,0,0
7r9zsela,101,5ayo20wo,0,,InitializeParticipant,1773014192,1,0,0
7r9zsela,101,5ayo20wo,1,presurvey,Introduction,1773014196,1,0,0
7r9zsela,99,d4k8s6np,10,presurvey,ExperimentInstruction,1773014203,1,0,0
7r9zsela,101,5ayo20wo,2,presurvey,AudioCheck,1773014218,1,0,0
7r9zsela,100,8k51se97,5,presurvey,Training,1773014223,1,0,0
7r9zsela,101,5ayo20wo,3,presurvey,Demographics,1773014244,1,0,0
7r9zsela,99,d4k8s6np,11,presurvey,Scenario,1773014250,1,0,0
7r9zsela,100,8k51se97,6,presurvey,TrainingNeighbor_1,1773014255,1,0,0
7r9zsela,101,5ayo20wo,4,presurvey,NeighborhoodInstruction,1773014264,1,0,0
7r9zsela,102,t6vddd33,0,,InitializeParticipant,1773014269,1,0,0
7r9zsela,100,8k51se97,10,presurvey,ExperimentInstruction,1773014270,1,0,0
7r9zsela,102,t6vddd33,1,presurvey,Introduction,1773014287,1,0,0
7r9zsela,101,5ayo20wo,5,presurvey,Training,1773014291,1,0,0
7r9zsela,99,d4k8s6np,12,presurvey,Commitment,1773014312,1,0,0
7r9zsela,100,8k51se97,11,presurvey,Scenario,1773014315,1,0,0
7r9zsela,101,5ayo20wo,6,presurvey,TrainingNeighbor_1,1773014332,1,0,0
7r9zsela,102,t6vddd33,2,presurvey,AudioCheck,1773014334,1,0,0
7r9zsela,101,5ayo20wo,10,presurvey,ExperimentInstruction,1773014340,1,0,0
7r9zsela,102,t6vddd33,3,presurvey,Demographics,1773014347,1,0,0
7r9zsela,101,5ayo20wo,11,presurvey,Scenario,1773014366,1,0,0
7r9zsela,102,t6vddd33,4,presurvey,NeighborhoodInstruction,1773014367,1,0,0
7r9zsela,102,t6vddd33,5,presurvey,Training,1773014392,1,0,0
7r9zsela,101,5ayo20wo,12,presurvey,Commitment,1773014399,1,0,0
7r9zsela,102,t6vddd33,6,presurvey,TrainingNeighbor_1,1773014428,1,0,0
7r9zsela,102,t6vddd33,10,presurvey,ExperimentInstruction,1773014436,1,0,0
7r9zsela,102,t6vddd33,11,presurvey,Scenario,1773014475,1,0,0
7r9zsela,102,t6vddd33,12,presurvey,Commitment,1773014506,1,0,0
7r9zsela,103,ttqzqed8,0,,InitializeParticipant,1773014540,1,0,0
7r9zsela,104,n8i51gz2,0,,InitializeParticipant,1773014611,1,0,0
7r9zsela,103,ttqzqed8,1,presurvey,Introduction,1773014620,1,0,0
7r9zsela,103,ttqzqed8,2,presurvey,AudioCheck,1773014638,1,0,0
7r9zsela,104,n8i51gz2,1,presurvey,Introduction,1773014640,1,0,0
7r9zsela,104,n8i51gz2,2,presurvey,AudioCheck,1773014655,1,0,0
7r9zsela,104,n8i51gz2,3,presurvey,Demographics,1773014668,1,0,0
7r9zsela,92,t2pqtw5w,13,mock_N08_N04_Aonly,GroupingWaitPage,1773014670,1,0,1
7r9zsela,92,t2pqtw5w,14,mock_N08_N04_Aonly,GroupSizeWaitPage,1773014670,1,0,1
7r9zsela,105,a4cbnamy,0,,InitializeParticipant,1773014671,1,0,0
7r9zsela,92,t2pqtw5w,15,mock_N08_N04_Aonly,AttentionCheck,1773014675,1,0,0
7r9zsela,103,ttqzqed8,3,presurvey,Demographics,1773014681,1,0,0
7r9zsela,105,a4cbnamy,1,presurvey,Introduction,1773014682,1,0,0
7r9zsela,104,n8i51gz2,4,presurvey,NeighborhoodInstruction,1773014682,1,0,0
7r9zsela,105,a4cbnamy,2,presurvey,AudioCheck,1773014705,1,0,0
7r9zsela,104,n8i51gz2,5,presurvey,Training,1773014713,1,0,0
7r9zsela,103,ttqzqed8,4,presurvey,NeighborhoodInstruction,1773014713,1,0,0
7r9zsela,104,n8i51gz2,6,presurvey,TrainingNeighbor_1,1773014751,1,0,0
7r9zsela,104,n8i51gz2,10,presurvey,ExperimentInstruction,1773014759,1,0,0
7r9zsela,106,tl9bg7l3,0,,InitializeParticipant,1773014775,1,0,0
7r9zsela,103,ttqzqed8,5,presurvey,Training,1773014793,1,0,0
7r9zsela,104,n8i51gz2,11,presurvey,Scenario,1773014800,1,0,0
7r9zsela,107,0zwy5ps8,0,,InitializeParticipant,1773014836,1,0,0
7r9zsela,104,n8i51gz2,12,presurvey,Commitment,1773014837,1,0,0
7r9zsela,107,0zwy5ps8,1,presurvey,Introduction,1773014845,1,0,0
7r9zsela,106,tl9bg7l3,1,presurvey,Introduction,1773014852,1,0,0
7r9zsela,107,0zwy5ps8,2,presurvey,AudioCheck,1773014858,1,0,0
7r9zsela,103,ttqzqed8,6,presurvey,TrainingNeighbor_1,1773014859,1,0,0
7r9zsela,107,0zwy5ps8,3,presurvey,Demographics,1773014868,1,0,0
7r9zsela,108,9oyl42fz,0,,InitializeParticipant,1773014880,1,0,0
7r9zsela,107,0zwy5ps8,4,presurvey,NeighborhoodInstruction,1773014885,1,0,0
7r9zsela,108,9oyl42fz,1,presurvey,Introduction,1773014891,1,0,0
7r9zsela,103,ttqzqed8,7,presurvey,TrainingNeighbor_2,1773014894,1,0,0
7r9zsela,106,tl9bg7l3,2,presurvey,AudioCheck,1773014905,1,0,0
7r9zsela,107,0zwy5ps8,5,presurvey,Training,1773014908,1,0,0
7r9zsela,108,9oyl42fz,2,presurvey,AudioCheck,1773014912,1,0,0
7r9zsela,106,tl9bg7l3,3,presurvey,Demographics,1773014922,1,0,0
7r9zsela,108,9oyl42fz,3,presurvey,Demographics,1773014927,1,0,0
7r9zsela,109,p458wxya,0,,InitializeParticipant,1773014933,1,0,0
7r9zsela,107,0zwy5ps8,6,presurvey,TrainingNeighbor_1,1773014935,1,0,0
7r9zsela,109,p458wxya,1,presurvey,Introduction,1773014937,1,0,0
7r9zsela,107,0zwy5ps8,7,presurvey,TrainingNeighbor_2,1773014939,1,0,0
7r9zsela,110,3xtcymd6,0,,InitializeParticipant,1773014940,1,0,0
7r9zsela,107,0zwy5ps8,10,presurvey,ExperimentInstruction,1773014943,1,0,0
7r9zsela,108,9oyl42fz,4,presurvey,NeighborhoodInstruction,1773014947,1,0,0
7r9zsela,109,p458wxya,2,presurvey,AudioCheck,1773014947,1,0,0
7r9zsela,103,ttqzqed8,10,presurvey,ExperimentInstruction,1773014954,1,0,0
7r9zsela,110,3xtcymd6,1,presurvey,Introduction,1773014959,1,0,0
7r9zsela,107,0zwy5ps8,11,presurvey,Scenario,1773014969,1,0,0
7r9zsela,111,g54ws92p,0,,InitializeParticipant,1773014980,1,0,0
7r9zsela,106,tl9bg7l3,4,presurvey,NeighborhoodInstruction,1773014988,1,0,0
7r9zsela,110,3xtcymd6,2,presurvey,AudioCheck,1773014989,1,0,0
7r9zsela,112,ducfvhdt,0,,InitializeParticipant,1773014992,1,0,0
7r9zsela,103,ttqzqed8,11,presurvey,Scenario,1773014993,1,0,0
7r9zsela,112,ducfvhdt,1,presurvey,Introduction,1773014995,1,0,0
7r9zsela,107,0zwy5ps8,12,presurvey,Commitment,1773014999,1,0,0
7r9zsela,111,g54ws92p,1,presurvey,Introduction,1773015000,1,0,0
7r9zsela,110,3xtcymd6,3,presurvey,Demographics,1773015003,1,0,0
7r9zsela,108,9oyl42fz,5,presurvey,Training,1773015009,1,0,0
7r9zsela,113,ytfff4ha,0,,InitializeParticipant,1773015019,1,0,0
7r9zsela,112,ducfvhdt,2,presurvey,AudioCheck,1773015019,1,0,0
7r9zsela,113,ytfff4ha,1,presurvey,Introduction,1773015029,1,0,0
7r9zsela,114,w4x8m5x5,0,,InitializeParticipant,1773015031,1,0,0
7r9zsela,114,w4x8m5x5,1,presurvey,Introduction,1773015033,1,0,0
7r9zsela,112,ducfvhdt,3,presurvey,Demographics,1773015036,1,0,0
7r9zsela,110,3xtcymd6,4,presurvey,NeighborhoodInstruction,1773015044,1,0,0
7r9zsela,108,9oyl42fz,6,presurvey,TrainingNeighbor_1,1773015045,1,0,0
7r9zsela,108,9oyl42fz,7,presurvey,TrainingNeighbor_2,1773015051,1,0,0
7r9zsela,103,ttqzqed8,12,presurvey,Commitment,1773015053,1,0,0
7r9zsela,113,ytfff4ha,2,presurvey,AudioCheck,1773015053,1,0,0
7r9zsela,112,ducfvhdt,4,presurvey,NeighborhoodInstruction,1773015056,1,0,0
7r9zsela,108,9oyl42fz,10,presurvey,ExperimentInstruction,1773015056,1,0,0
7r9zsela,106,tl9bg7l3,5,presurvey,Training,1773015061,1,0,0
7r9zsela,114,w4x8m5x5,2,presurvey,AudioCheck,1773015068,1,0,0
7r9zsela,115,rkigjidu,0,,InitializeParticipant,1773015073,1,0,0
7r9zsela,113,ytfff4ha,3,presurvey,Demographics,1773015073,1,0,0
7r9zsela,112,ducfvhdt,5,presurvey,Training,1773015077,1,0,0
7r9zsela,113,ytfff4ha,4,presurvey,NeighborhoodInstruction,1773015083,1,0,0
7r9zsela,115,rkigjidu,1,presurvey,Introduction,1773015094,1,0,0
7r9zsela,110,3xtcymd6,5,presurvey,Training,1773015094,1,0,0
7r9zsela,113,ytfff4ha,5,presurvey,Training,1773015102,1,0,0
7r9zsela,112,ducfvhdt,6,presurvey,TrainingNeighbor_1,1773015102,1,0,0
7r9zsela,112,ducfvhdt,10,presurvey,ExperimentInstruction,1773015106,1,0,0
7r9zsela,108,9oyl42fz,11,presurvey,Scenario,1773015112,1,0,0
7r9zsela,115,rkigjidu,2,presurvey,AudioCheck,1773015115,1,0,0
7r9zsela,116,bnsv2ein,0,,InitializeParticipant,1773015115,1,0,0
7r9zsela,113,ytfff4ha,6,presurvey,TrainingNeighbor_1,1773015126,1,0,0
7r9zsela,116,bnsv2ein,1,presurvey,Introduction,1773015127,1,0,0
7r9zsela,115,rkigjidu,3,presurvey,Demographics,1773015131,1,0,0
7r9zsela,114,w4x8m5x5,3,presurvey,Demographics,1773015132,1,0,0
7r9zsela,113,ytfff4ha,7,presurvey,TrainingNeighbor_2,1773015133,1,0,0
7r9zsela,110,3xtcymd6,6,presurvey,TrainingNeighbor_1,1773015137,1,0,0
7r9zsela,106,tl9bg7l3,6,presurvey,TrainingNeighbor_1,1773015137,1,0,0
7r9zsela,110,3xtcymd6,7,presurvey,TrainingNeighbor_2,1773015140,1,0,0
7r9zsela,113,ytfff4ha,10,presurvey,ExperimentInstruction,1773015141,1,0,0
7r9zsela,116,bnsv2ein,2,presurvey,AudioCheck,1773015142,1,0,0
7r9zsela,110,3xtcymd6,10,presurvey,ExperimentInstruction,1773015145,1,0,0
7r9zsela,112,ducfvhdt,11,presurvey,Scenario,1773015149,1,0,0
7r9zsela,106,tl9bg7l3,10,presurvey,ExperimentInstruction,1773015154,1,0,0
7r9zsela,116,bnsv2ein,3,presurvey,Demographics,1773015155,1,0,0
7r9zsela,113,ytfff4ha,11,presurvey,Scenario,1773015158,1,0,0
7r9zsela,108,9oyl42fz,12,presurvey,Commitment,1773015162,1,0,0
7r9zsela,116,bnsv2ein,4,presurvey,NeighborhoodInstruction,1773015165,1,0,0
7r9zsela,115,rkigjidu,4,presurvey,NeighborhoodInstruction,1773015167,1,0,0
7r9zsela,113,ytfff4ha,12,presurvey,Commitment,1773015172,1,0,0
7r9zsela,114,w4x8m5x5,4,presurvey,NeighborhoodInstruction,1773015202,1,0,0
7r9zsela,110,3xtcymd6,11,presurvey,Scenario,1773015206,1,0,0
7r9zsela,117,wcbl10qs,0,,InitializeParticipant,1773015213,1,0,0
7r9zsela,117,wcbl10qs,1,presurvey,Introduction,1773015217,1,0,0
7r9zsela,115,rkigjidu,5,presurvey,Training,1773015220,1,0,0
7r9zsela,106,tl9bg7l3,11,presurvey,Scenario,1773015232,1,0,0
7r9zsela,114,w4x8m5x5,5,presurvey,Training,1773015235,1,0,0
7r9zsela,117,wcbl10qs,2,presurvey,AudioCheck,1773015236,1,0,0
7r9zsela,117,wcbl10qs,3,presurvey,Demographics,1773015257,1,0,0
7r9zsela,114,w4x8m5x5,6,presurvey,TrainingNeighbor_1,1773015268,1,0,0
7r9zsela,114,w4x8m5x5,7,presurvey,TrainingNeighbor_2,1773015276,1,0,0
7r9zsela,118,kb4q2ftd,0,,InitializeParticipant,1773015276,1,0,0
7r9zsela,93,3s6bsbs8,13,mock_N08_N04_Aonly,GroupingWaitPage,1773015280,1,0,1
7r9zsela,93,3s6bsbs8,14,mock_N08_N04_Aonly,GroupSizeWaitPage,1773015281,1,0,1
7r9zsela,114,w4x8m5x5,10,presurvey,ExperimentInstruction,1773015281,1,0,0
7r9zsela,115,rkigjidu,6,presurvey,TrainingNeighbor_1,1773015292,1,0,0
7r9zsela,119,1snfiyen,0,,InitializeParticipant,1773015294,1,0,0
7r9zsela,93,3s6bsbs8,15,mock_N08_N04_Aonly,AttentionCheck,1773015295,1,0,0
7r9zsela,119,1snfiyen,1,presurvey,Introduction,1773015297,1,0,0
7r9zsela,120,un7mhsg4,0,,InitializeParticipant,1773015297,1,0,0
7r9zsela,121,01vgn6aa,0,,InitializeParticipant,1773015299,1,0,0
7r9zsela,120,un7mhsg4,1,presurvey,Introduction,1773015305,1,0,0
7r9zsela,121,01vgn6aa,1,presurvey,Introduction,1773015310,1,0,0
7r9zsela,119,1snfiyen,2,presurvey,AudioCheck,1773015312,1,0,0
7r9zsela,114,w4x8m5x5,11,presurvey,Scenario,1773015316,1,0,0
7r9zsela,118,kb4q2ftd,1,presurvey,Introduction,1773015318,1,0,0
7r9zsela,119,1snfiyen,3,presurvey,Demographics,1773015325,1,0,0
7r9zsela,118,kb4q2ftd,2,presurvey,AudioCheck,1773015333,1,0,0
7r9zsela,115,rkigjidu,7,presurvey,TrainingNeighbor_2,1773015342,1,0,0
7r9zsela,117,wcbl10qs,4,presurvey,NeighborhoodInstruction,1773015342,1,0,0
7r9zsela,119,1snfiyen,4,presurvey,NeighborhoodInstruction,1773015342,1,0,0
7r9zsela,109,p458wxya,3,presurvey,Demographics,1773015345,1,0,0
7r9zsela,120,un7mhsg4,2,presurvey,AudioCheck,1773015349,1,0,0
7r9zsela,118,kb4q2ftd,3,presurvey,Demographics,1773015355,1,0,0
7r9zsela,115,rkigjidu,8,presurvey,AttentionCheck,1773015357,1,0,0
7r9zsela,117,wcbl10qs,5,presurvey,Training,1773015361,1,0,0
7r9zsela,115,rkigjidu,9,presurvey,TrainingNeighbor_3,1773015366,1,0,0
7r9zsela,120,un7mhsg4,3,presurvey,Demographics,1773015366,1,0,0
7r9zsela,115,rkigjidu,10,presurvey,ExperimentInstruction,1773015372,1,0,0
7r9zsela,118,kb4q2ftd,4,presurvey,NeighborhoodInstruction,1773015375,1,0,0
7r9zsela,109,p458wxya,4,presurvey,NeighborhoodInstruction,1773015377,1,0,0
7r9zsela,121,01vgn6aa,2,presurvey,AudioCheck,1773015380,1,0,0
7r9zsela,122,8z2k2jvx,0,,InitializeParticipant,1773015388,1,0,0
7r9zsela,119,1snfiyen,5,presurvey,Training,1773015388,1,0,0
7r9zsela,117,wcbl10qs,6,presurvey,TrainingNeighbor_1,1773015388,1,0,0
7r9zsela,118,kb4q2ftd,5,presurvey,Training,1773015397,1,0,0
7r9zsela,122,8z2k2jvx,1,presurvey,Introduction,1773015397,1,0,0
7r9zsela,109,p458wxya,5,presurvey,Training,1773015410,1,0,0
7r9zsela,119,1snfiyen,6,presurvey,TrainingNeighbor_1,1773015413,1,0,0
7r9zsela,114,w4x8m5x5,12,presurvey,Commitment,1773015415,1,0,0
7r9zsela,119,1snfiyen,10,presurvey,ExperimentInstruction,1773015419,1,0,0
7r9zsela,115,rkigjidu,11,presurvey,Scenario,1773015436,1,0,0
7r9zsela,119,1snfiyen,11,presurvey,Scenario,1773015443,1,0,0
7r9zsela,122,8z2k2jvx,2,presurvey,AudioCheck,1773015446,1,0,0
7r9zsela,118,kb4q2ftd,6,presurvey,TrainingNeighbor_1,1773015447,1,0,0
7r9zsela,117,wcbl10qs,7,presurvey,TrainingNeighbor_2,1773015453,1,0,0
7r9zsela,99,d4k8s6np,13,mock_N08_N04_Aonly,GroupingWaitPage,1773015453,1,0,1
7r9zsela,99,d4k8s6np,14,mock_N08_N04_Aonly,GroupSizeWaitPage,1773015454,1,0,1
7r9zsela,118,kb4q2ftd,7,presurvey,TrainingNeighbor_2,1773015454,1,0,0
7r9zsela,99,d4k8s6np,15,mock_N08_N04_Aonly,AttentionCheck,1773015464,1,0,0
7r9zsela,118,kb4q2ftd,10,presurvey,ExperimentInstruction,1773015467,1,0,0
7r9zsela,122,8z2k2jvx,3,presurvey,Demographics,1773015470,1,0,0
7r9zsela,117,wcbl10qs,8,presurvey,AttentionCheck,1773015473,1,0,0
7r9zsela,109,p458wxya,6,presurvey,TrainingNeighbor_1,1773015478,1,0,0
7r9zsela,109,p458wxya,7,presurvey,TrainingNeighbor_2,1773015485,1,0,0
7r9zsela,117,wcbl10qs,9,presurvey,TrainingNeighbor_3,1773015486,1,0,0
7r9zsela,121,01vgn6aa,3,presurvey,Demographics,1773015486,1,0,0
7r9zsela,109,p458wxya,10,presurvey,ExperimentInstruction,1773015488,1,0,0
7r9zsela,117,wcbl10qs,10,presurvey,ExperimentInstruction,1773015489,1,0,0
7r9zsela,120,un7mhsg4,4,presurvey,NeighborhoodInstruction,1773015493,1,0,0
7r9zsela,115,rkigjidu,12,presurvey,Commitment,1773015505,1,0,0
7r9zsela,120,un7mhsg4,5,presurvey,Training,1773015506,1,0,0
7r9zsela,118,kb4q2ftd,11,presurvey,Scenario,1773015520,1,0,0
7r9zsela,122,8z2k2jvx,4,presurvey,NeighborhoodInstruction,1773015523,1,0,0
7r9zsela,121,01vgn6aa,4,presurvey,NeighborhoodInstruction,1773015531,1,0,0
7r9zsela,109,p458wxya,11,presurvey,Scenario,1773015535,1,0,0
7r9zsela,116,bnsv2ein,5,presurvey,Training,1773015539,1,0,0
7r9zsela,101,5ayo20wo,13,mock_N08_N04_Aonly,GroupingWaitPage,1773015544,1,0,1
7r9zsela,109,p458wxya,12,presurvey,Commitment,1773015544,1,0,0
7r9zsela,101,5ayo20wo,14,mock_N08_N04_Aonly,GroupSizeWaitPage,1773015544,1,0,1
7r9zsela,120,un7mhsg4,6,presurvey,TrainingNeighbor_1,1773015549,1,0,0
7r9zsela,101,5ayo20wo,15,mock_N08_N04_Aonly,AttentionCheck,1773015550,1,0,0
7r9zsela,120,un7mhsg4,10,presurvey,ExperimentInstruction,1773015553,1,0,0
7r9zsela,117,wcbl10qs,11,presurvey,Scenario,1773015556,1,0,0
7r9zsela,116,bnsv2ein,6,presurvey,TrainingNeighbor_1,1773015566,1,0,0
7r9zsela,120,un7mhsg4,11,presurvey,Scenario,1773015571,1,0,0
7r9zsela,122,8z2k2jvx,5,presurvey,Training,1773015573,1,0,0
7r9zsela,121,01vgn6aa,5,presurvey,Training,1773015587,1,0,0
7r9zsela,116,bnsv2ein,10,presurvey,ExperimentInstruction,1773015595,1,0,0
7r9zsela,123,f543247v,0,,InitializeParticipant,1773015602,1,0,0
7r9zsela,123,f543247v,1,presurvey,Introduction,1773015611,1,0,0
7r9zsela,117,wcbl10qs,12,presurvey,Commitment,1773015615,1,0,0
7r9zsela,124,xqzgsf2x,0,,InitializeParticipant,1773015619,1,0,0
7r9zsela,118,kb4q2ftd,12,presurvey,Commitment,1773015625,1,0,0
7r9zsela,124,xqzgsf2x,1,presurvey,Introduction,1773015627,1,0,0
7r9zsela,116,bnsv2ein,11,presurvey,Scenario,1773015634,1,0,0
7r9zsela,123,f543247v,2,presurvey,AudioCheck,1773015635,1,0,0
7r9zsela,102,t6vddd33,13,mock_N08_N04_Aonly,GroupingWaitPage,1773015647,1,0,1
7r9zsela,102,t6vddd33,14,mock_N08_N04_Aonly,GroupSizeWaitPage,1773015647,1,0,1
7r9zsela,121,01vgn6aa,6,presurvey,TrainingNeighbor_1,1773015649,1,0,0
7r9zsela,124,xqzgsf2x,2,presurvey,AudioCheck,1773015650,1,0,0
7r9zsela,122,8z2k2jvx,6,presurvey,TrainingNeighbor_1,1773015651,1,0,0
7r9zsela,116,bnsv2ein,12,presurvey,Commitment,1773015658,1,0,0
7r9zsela,102,t6vddd33,15,mock_N08_N04_Aonly,AttentionCheck,1773015658,1,0,0
7r9zsela,123,f543247v,3,presurvey,Demographics,1773015661,1,0,0
7r9zsela,122,8z2k2jvx,10,presurvey,ExperimentInstruction,1773015663,1,0,0
7r9zsela,121,01vgn6aa,10,presurvey,ExperimentInstruction,1773015665,1,0,0
7r9zsela,124,xqzgsf2x,3,presurvey,Demographics,1773015673,1,0,0
7r9zsela,123,f543247v,4,presurvey,NeighborhoodInstruction,1773015675,1,0,0
7r9zsela,124,xqzgsf2x,4,presurvey,NeighborhoodInstruction,1773015697,1,0,0
7r9zsela,123,f543247v,5,presurvey,Training,1773015702,1,0,0
7r9zsela,122,8z2k2jvx,11,presurvey,Scenario,1773015722,1,0,0
7r9zsela,124,xqzgsf2x,5,presurvey,Training,1773015727,1,0,0
7r9zsela,123,f543247v,6,presurvey,TrainingNeighbor_1,1773015732,1,0,0
7r9zsela,125,0b5fm889,0,,InitializeParticipant,1773015747,1,0,0
7r9zsela,125,0b5fm889,1,presurvey,Introduction,1773015751,1,0,0
7r9zsela,121,01vgn6aa,11,presurvey,Scenario,1773015757,1,0,0
7r9zsela,125,0b5fm889,2,presurvey,AudioCheck,1773015765,1,0,0
7r9zsela,124,xqzgsf2x,6,presurvey,TrainingNeighbor_1,1773015771,1,0,0
7r9zsela,125,0b5fm889,3,presurvey,Demographics,1773015776,1,0,0
7r9zsela,124,xqzgsf2x,7,presurvey,TrainingNeighbor_2,1773015782,1,0,0
7r9zsela,124,xqzgsf2x,8,presurvey,AttentionCheck,1773015787,1,0,0
7r9zsela,125,0b5fm889,4,presurvey,NeighborhoodInstruction,1773015791,1,0,0
7r9zsela,124,xqzgsf2x,9,presurvey,TrainingNeighbor_3,1773015793,1,0,0
7r9zsela,124,xqzgsf2x,10,presurvey,ExperimentInstruction,1773015797,1,0,0
7r9zsela,121,01vgn6aa,12,presurvey,Commitment,1773015813,1,0,0
7r9zsela,125,0b5fm889,5,presurvey,Training,1773015820,1,0,0
7r9zsela,124,xqzgsf2x,11,presurvey,Scenario,1773015825,1,0,0
7r9zsela,125,0b5fm889,6,presurvey,TrainingNeighbor_1,1773015872,1,0,0
7r9zsela,125,0b5fm889,10,presurvey,ExperimentInstruction,1773015875,1,0,0
7r9zsela,126,cs0a950c,0,,InitializeParticipant,1773015882,1,0,0
7r9zsela,123,f543247v,7,presurvey,TrainingNeighbor_2,1773015886,1,0,0
7r9zsela,125,0b5fm889,11,presurvey,Scenario,1773015908,1,0,0
7r9zsela,123,f543247v,10,presurvey,ExperimentInstruction,1773015921,1,0,0
7r9zsela,126,cs0a950c,1,presurvey,Introduction,1773015952,1,0,0
7r9zsela,123,f543247v,11,presurvey,Scenario,1773015971,1,0,0
7r9zsela,104,n8i51gz2,13,mock_N08_N04_Aonly,GroupingWaitPage,1773015981,1,0,1
7r9zsela,104,n8i51gz2,14,mock_N08_N04_Aonly,GroupSizeWaitPage,1773015981,1,0,1
7r9zsela,104,n8i51gz2,15,mock_N08_N04_Aonly,AttentionCheck,1773015986,1,0,0
7r9zsela,123,f543247v,12,presurvey,Commitment,1773015990,1,0,0
7r9zsela,127,ii7ka4q9,0,,InitializeParticipant,1773016063,1,0,0
7r9zsela,127,ii7ka4q9,1,presurvey,Introduction,1773016084,1,0,0
7r9zsela,127,ii7ka4q9,2,presurvey,AudioCheck,1773016119,1,0,0
7r9zsela,107,0zwy5ps8,13,mock_N08_N04_Aonly,GroupingWaitPage,1773016140,1,0,1
7r9zsela,107,0zwy5ps8,14,mock_N08_N04_Aonly,GroupSizeWaitPage,1773016141,1,0,1
7r9zsela,127,ii7ka4q9,3,presurvey,Demographics,1773016141,1,0,0
7r9zsela,107,0zwy5ps8,15,mock_N08_N04_Aonly,AttentionCheck,1773016148,1,0,0
7r9zsela,127,ii7ka4q9,4,presurvey,NeighborhoodInstruction,1773016154,1,0,0
7r9zsela,128,3qubak48,0,,InitializeParticipant,1773016168,1,0,0
7r9zsela,128,3qubak48,1,presurvey,Introduction,1773016171,1,0,0
7r9zsela,127,ii7ka4q9,5,presurvey,Training,1773016180,1,0,0
7r9zsela,128,3qubak48,2,presurvey,AudioCheck,1773016194,1,0,0
7r9zsela,103,ttqzqed8,13,mock_N08_N04_Aonly,GroupingWaitPage,1773016196,1,0,1
7r9zsela,109,p458wxya,13,mock_N08_N04_Aonly,GroupingWaitPage,1773016197,1,0,1
7r9zsela,113,ytfff4ha,13,mock_N08_N04_Aonly,GroupingWaitPage,1773016197,1,0,1
7r9zsela,114,w4x8m5x5,13,mock_N08_N04_Aonly,GroupingWaitPage,1773016197,1,0,1
7r9zsela,116,bnsv2ein,13,mock_N08_N04_Aonly,GroupingWaitPage,1773016197,1,0,1
7r9zsela,117,wcbl10qs,13,mock_N08_N04_Aonly,GroupingWaitPage,1773016197,1,0,1
7r9zsela,118,kb4q2ftd,13,mock_N08_N04_Aonly,GroupingWaitPage,1773016197,1,0,1
7r9zsela,121,01vgn6aa,13,mock_N08_N04_Aonly,GroupingWaitPage,1773016197,1,0,1
7r9zsela,123,f543247v,13,mock_N08_N04_Aonly,GroupingWaitPage,1773016197,1,0,1
7r9zsela,103,ttqzqed8,14,mock_N08_N04_Aonly,GroupSizeWaitPage,1773016198,1,0,1
7r9zsela,109,p458wxya,14,mock_N08_N04_Aonly,GroupSizeWaitPage,1773016200,1,0,1
7r9zsela,113,ytfff4ha,14,mock_N08_N04_Aonly,GroupSizeWaitPage,1773016200,1,0,1
7r9zsela,114,w4x8m5x5,14,mock_N08_N04_Aonly,GroupSizeWaitPage,1773016200,1,0,1
7r9zsela,116,bnsv2ein,14,mock_N08_N04_Aonly,GroupSizeWaitPage,1773016200,1,0,1
7r9zsela,117,wcbl10qs,14,mock_N08_N04_Aonly,GroupSizeWaitPage,1773016200,1,0,1
7r9zsela,118,kb4q2ftd,14,mock_N08_N04_Aonly,GroupSizeWaitPage,1773016200,1,0,1
7r9zsela,121,01vgn6aa,14,mock_N08_N04_Aonly,GroupSizeWaitPage,1773016200,1,0,1
7r9zsela,123,f543247v,14,mock_N08_N04_Aonly,GroupSizeWaitPage,1773016200,1,0,1
7r9zsela,109,p458wxya,16,mock_N08_N04_Aonly,DiscussionGRPWaitPage,1773016202,1,0,1
7r9zsela,113,ytfff4ha,16,mock_N08_N04_Aonly,DiscussionGRPWaitPage,1773016202,1,0,1
7r9zsela,116,bnsv2ein,16,mock_N08_N04_Aonly,DiscussionGRPWaitPage,1773016202,1,0,1
7r9zsela,123,f543247v,16,mock_N08_N04_Aonly,DiscussionGRPWaitPage,1773016202,1,0,1
7r9zsela,114,w4x8m5x5,16,mock_N08_N04_Aonly,DiscussionGRPWaitPage,1773016202,1,0,1
7r9zsela,117,wcbl10qs,16,mock_N08_N04_Aonly,DiscussionGRPWaitPage,1773016202,1,0,1
7r9zsela,118,kb4q2ftd,16,mock_N08_N04_Aonly,DiscussionGRPWaitPage,1773016202,1,0,1
7r9zsela,121,01vgn6aa,16,mock_N08_N04_Aonly,DiscussionGRPWaitPage,1773016202,1,0,1
7r9zsela,128,3qubak48,3,presurvey,Demographics,1773016205,1,0,0
7r9zsela,103,ttqzqed8,15,mock_N08_N04_Aonly,AttentionCheck,1773016209,1,0,0
7r9zsela,127,ii7ka4q9,6,presurvey,TrainingNeighbor_1,1773016212,1,0,0
7r9zsela,109,p458wxya,17,mock_N08_N04_Aonly,Nudge,1773016212,1,0,0
7r9zsela,128,3qubak48,4,presurvey,NeighborhoodInstruction,1773016212,1,0,0
7r9zsela,117,wcbl10qs,17,mock_N08_N04_Aonly,Nudge,1773016213,1,0,0
7r9zsela,109,p458wxya,18,mock_N08_N04_Aonly,NudgeTraining,1773016215,1,0,0
7r9zsela,116,bnsv2ein,17,mock_N08_N04_Aonly,Nudge,1773016218,1,0,0
7r9zsela,128,3qubak48,5,presurvey,Training,1773016220,1,0,0
7r9zsela,123,f543247v,17,mock_N08_N04_Aonly,Nudge,1773016220,1,0,0
7r9zsela,127,ii7ka4q9,10,presurvey,ExperimentInstruction,1773016223,1,0,0
7r9zsela,116,bnsv2ein,18,mock_N08_N04_Aonly,NudgeTraining,1773016224,1,0,0
7r9zsela,118,kb4q2ftd,17,mock_N08_N04_Aonly,Nudge,1773016225,1,0,0
7r9zsela,117,wcbl10qs,18,mock_N08_N04_Aonly,NudgeTraining,1773016226,1,0,0
7r9zsela,109,p458wxya,19,mock_N08_N04_Aonly,NudgeTrainingLast,1773016227,1,0,0
7r9zsela,116,bnsv2ein,19,mock_N08_N04_Aonly,NudgeTrainingLast,1773016229,1,0,0
7r9zsela,123,f543247v,18,mock_N08_N04_Aonly,NudgeTraining,1773016230,1,0,0
7r9zsela,113,ytfff4ha,17,mock_N08_N04_Aonly,Nudge,1773016233,1,0,0
7r9zsela,117,wcbl10qs,19,mock_N08_N04_Aonly,NudgeTrainingLast,1773016234,1,0,0
7r9zsela,109,p458wxya,20,mock_N08_N04_Aonly,Phase3,1773016240,1,0,0
7r9zsela,116,bnsv2ein,20,mock_N08_N04_Aonly,Phase3,1773016240,1,0,0
7r9zsela,123,f543247v,19,mock_N08_N04_Aonly,NudgeTrainingLast,1773016241,1,0,0
7r9zsela,114,w4x8m5x5,17,mock_N08_N04_Aonly,Nudge,1773016243,1,0,0
7r9zsela,123,f543247v,20,mock_N08_N04_Aonly,Phase3,1773016249,1,0,0
7r9zsela,109,p458wxya,21,mock_N08_N04_Aonly,Discussion,1773016249,1,0,0
7r9zsela,116,bnsv2ein,21,mock_N08_N04_Aonly,Discussion,1773016250,1,0,0
7r9zsela,113,ytfff4ha,18,mock_N08_N04_Aonly,NudgeTraining,1773016252,1,0,0
7r9zsela,117,wcbl10qs,20,mock_N08_N04_Aonly,Phase3,1773016254,1,0,0
7r9zsela,123,f543247v,21,mock_N08_N04_Aonly,Discussion,1773016256,1,0,0
7r9zsela,118,kb4q2ftd,18,mock_N08_N04_Aonly,NudgeTraining,1773016258,1,0,0
7r9zsela,113,ytfff4ha,19,mock_N08_N04_Aonly,NudgeTrainingLast,1773016261,1,0,0
7r9zsela,114,w4x8m5x5,18,mock_N08_N04_Aonly,NudgeTraining,1773016261,1,0,0
7r9zsela,127,ii7ka4q9,11,presurvey,Scenario,1773016262,1,0,0
7r9zsela,117,wcbl10qs,21,mock_N08_N04_Aonly,Discussion,1773016265,1,0,0
7r9zsela,121,01vgn6aa,17,mock_N08_N04_Aonly,Nudge,1773016266,1,0,0
7r9zsela,114,w4x8m5x5,19,mock_N08_N04_Aonly,NudgeTrainingLast,1773016267,1,0,0
7r9zsela,113,ytfff4ha,20,mock_N08_N04_Aonly,Phase3,1773016269,1,0,0
7r9zsela,118,kb4q2ftd,19,mock_N08_N04_Aonly,NudgeTrainingLast,1773016276,1,0,0
7r9zsela,128,3qubak48,6,presurvey,TrainingNeighbor_1,1773016276,1,0,0
7r9zsela,113,ytfff4ha,21,mock_N08_N04_Aonly,Discussion,1773016278,1,0,0
7r9zsela,128,3qubak48,10,presurvey,ExperimentInstruction,1773016282,1,0,0
7r9zsela,114,w4x8m5x5,20,mock_N08_N04_Aonly,Phase3,1773016289,1,0,0
7r9zsela,118,kb4q2ftd,20,mock_N08_N04_Aonly,Phase3,1773016293,1,0,0
7r9zsela,127,ii7ka4q9,12,presurvey,Commitment,1773016296,1,0,0
7r9zsela,121,01vgn6aa,18,mock_N08_N04_Aonly,NudgeTraining,1773016296,1,0,0
7r9zsela,128,3qubak48,11,presurvey,Scenario,1773016302,1,0,0
7r9zsela,108,9oyl42fz,13,mock_N08_N04_Aonly,GroupingWaitPage,1773016303,1,0,1
7r9zsela,108,9oyl42fz,14,mock_N08_N04_Aonly,GroupSizeWaitPage,1773016304,1,0,1
7r9zsela,118,kb4q2ftd,21,mock_N08_N04_Aonly,Discussion,1773016306,1,0,0
7r9zsela,114,w4x8m5x5,21,mock_N08_N04_Aonly,Discussion,1773016306,1,0,0
7r9zsela,108,9oyl42fz,15,mock_N08_N04_Aonly,AttentionCheck,1773016309,1,0,0
7r9zsela,129,cfnlijxu,0,,InitializeParticipant,1773016327,1,0,0
7r9zsela,121,01vgn6aa,19,mock_N08_N04_Aonly,NudgeTrainingLast,1773016328,1,0,0
7r9zsela,129,cfnlijxu,1,presurvey,Introduction,1773016339,1,0,0
7r9zsela,129,cfnlijxu,2,presurvey,AudioCheck,1773016351,1,0,0
7r9zsela,129,cfnlijxu,3,presurvey,Demographics,1773016361,1,0,0
7r9zsela,121,01vgn6aa,20,mock_N08_N04_Aonly,Phase3,1773016362,1,0,0
7r9zsela,128,3qubak48,12,presurvey,Commitment,1773016366,1,0,0
7r9zsela,16,94z639ot,2,presurvey,AudioCheck,1773016429,1,0,0
7r9zsela,130,v1imxz9t,0,,InitializeParticipant,1773016445,1,0,0
7r9zsela,16,94z639ot,3,presurvey,Demographics,1773016449,1,0,0
7r9zsela,130,v1imxz9t,1,presurvey,Introduction,1773016450,1,0,0
7r9zsela,121,01vgn6aa,21,mock_N08_N04_Aonly,Discussion,1773016458,1,1,0
7r9zsela,109,p458wxya,27,mock_N08_N04_Aonly,DiscussionGRPWaitPage,1773016459,2,0,1
7r9zsela,113,ytfff4ha,27,mock_N08_N04_Aonly,DiscussionGRPWaitPage,1773016459,2,0,1
7r9zsela,116,bnsv2ein,27,mock_N08_N04_Aonly,DiscussionGRPWaitPage,1773016459,2,0,1
7r9zsela,123,f543247v,27,mock_N08_N04_Aonly,DiscussionGRPWaitPage,1773016459,2,0,1
7r9zsela,114,w4x8m5x5,27,mock_N08_N04_Aonly,DiscussionGRPWaitPage,1773016459,2,0,1
7r9zsela,117,wcbl10qs,27,mock_N08_N04_Aonly,DiscussionGRPWaitPage,1773016459,2,0,1
7r9zsela,118,kb4q2ftd,27,mock_N08_N04_Aonly,DiscussionGRPWaitPage,1773016459,2,0,1
7r9zsela,121,01vgn6aa,27,mock_N08_N04_Aonly,DiscussionGRPWaitPage,1773016459,2,0,1
7r9zsela,130,v1imxz9t,2,presurvey,AudioCheck,1773016464,1,0,0
7r9zsela,123,f543247v,32,mock_N08_N04_Aonly,Discussion,1773016468,2,0,0
7r9zsela,116,bnsv2ein,32,mock_N08_N04_Aonly,Discussion,1773016468,2,0,0
7r9zsela,113,ytfff4ha,32,mock_N08_N04_Aonly,Discussion,1773016468,2,0,0
7r9zsela,117,wcbl10qs,32,mock_N08_N04_Aonly,Discussion,1773016468,2,0,0
7r9zsela,109,p458wxya,32,mock_N08_N04_Aonly,Discussion,1773016471,2,0,0
7r9zsela,114,w4x8m5x5,32,mock_N08_N04_Aonly,Discussion,1773016475,2,0,0
7r9zsela,130,v1imxz9t,3,presurvey,Demographics,1773016477,1,0,0
7r9zsela,118,kb4q2ftd,32,mock_N08_N04_Aonly,Discussion,1773016480,2,0,0
7r9zsela,130,v1imxz9t,4,presurvey,NeighborhoodInstruction,1773016482,1,0,0
7r9zsela,130,v1imxz9t,5,presurvey,Training,1773016484,1,0,0
7r9zsela,16,94z639ot,4,presurvey,NeighborhoodInstruction,1773016497,1,0,0
7r9zsela,131,a5wcxsil,0,,InitializeParticipant,1773016498,1,0,0
7r9zsela,130,v1imxz9t,6,presurvey,TrainingNeighbor_1,1773016499,1,0,0
7r9zsela,130,v1imxz9t,10,presurvey,ExperimentInstruction,1773016501,1,0,0
7r9zsela,130,v1imxz9t,11,presurvey,Scenario,1773016509,1,0,0
7r9zsela,121,01vgn6aa,32,mock_N08_N04_Aonly,Discussion,1773016509,2,1,0
7r9zsela,109,p458wxya,38,mock_N08_N04_Aonly,DiscussionGRPWaitPage,1773016510,3,0,1
7r9zsela,113,ytfff4ha,38,mock_N08_N04_Aonly,DiscussionGRPWaitPage,1773016510,3,0,1
7r9zsela,116,bnsv2ein,38,mock_N08_N04_Aonly,DiscussionGRPWaitPage,1773016510,3,0,1
7r9zsela,123,f543247v,38,mock_N08_N04_Aonly,DiscussionGRPWaitPage,1773016510,3,0,1
7r9zsela,114,w4x8m5x5,38,mock_N08_N04_Aonly,DiscussionGRPWaitPage,1773016510,3,0,1
7r9zsela,117,wcbl10qs,38,mock_N08_N04_Aonly,DiscussionGRPWaitPage,1773016510,3,0,1
7r9zsela,118,kb4q2ftd,38,mock_N08_N04_Aonly,DiscussionGRPWaitPage,1773016510,3,0,1
7r9zsela,121,01vgn6aa,38,mock_N08_N04_Aonly,DiscussionGRPWaitPage,1773016510,3,0,1
7r9zsela,131,a5wcxsil,1,presurvey,Introduction,1773016515,1,0,0
7r9zsela,116,bnsv2ein,43,mock_N08_N04_Aonly,Discussion,1773016517,3,0,0
7r9zsela,109,p458wxya,43,mock_N08_N04_Aonly,Discussion,1773016519,3,0,0
7r9zsela,114,w4x8m5x5,43,mock_N08_N04_Aonly,Discussion,1773016522,3,0,0
7r9zsela,113,ytfff4ha,43,mock_N08_N04_Aonly,Discussion,1773016524,3,0,0
7r9zsela,130,v1imxz9t,12,presurvey,Commitment,1773016527,1,0,0
7r9zsela,118,kb4q2ftd,43,mock_N08_N04_Aonly,Discussion,1773016528,3,0,0
7r9zsela,117,wcbl10qs,43,mock_N08_N04_Aonly,Discussion,1773016540,3,0,0
7r9zsela,123,f543247v,43,mock_N08_N04_Aonly,Discussion,1773016541,3,0,0
7r9zsela,131,a5wcxsil,2,presurvey,AudioCheck,1773016546,1,0,0
7r9zsela,131,a5wcxsil,3,presurvey,Demographics,1773016557,1,0,0
7r9zsela,121,01vgn6aa,43,mock_N08_N04_Aonly,Discussion,1773016559,3,1,0
7r9zsela,109,p458wxya,49,mock_N08_N04_Aonly,DiscussionGRPWaitPage,1773016560,4,0,1
7r9zsela,113,ytfff4ha,49,mock_N08_N04_Aonly,DiscussionGRPWaitPage,1773016560,4,0,1
7r9zsela,116,bnsv2ein,49,mock_N08_N04_Aonly,DiscussionGRPWaitPage,1773016560,4,0,1
7r9zsela,123,f543247v,49,mock_N08_N04_Aonly,DiscussionGRPWaitPage,1773016560,4,0,1
7r9zsela,114,w4x8m5x5,49,mock_N08_N04_Aonly,DiscussionGRPWaitPage,1773016560,4,0,1
7r9zsela,117,wcbl10qs,49,mock_N08_N04_Aonly,DiscussionGRPWaitPage,1773016560,4,0,1
7r9zsela,118,kb4q2ftd,49,mock_N08_N04_Aonly,DiscussionGRPWaitPage,1773016560,4,0,1
7r9zsela,121,01vgn6aa,49,mock_N08_N04_Aonly,DiscussionGRPWaitPage,1773016560,4,0,1
7r9zsela,114,w4x8m5x5,54,mock_N08_N04_Aonly,Discussion,1773016568,4,0,0
7r9zsela,109,p458wxya,54,mock_N08_N04_Aonly,Discussion,1773016570,4,0,0
7r9zsela,116,bnsv2ein,54,mock_N08_N04_Aonly,Discussion,1773016571,4,0,0
7r9zsela,113,ytfff4ha,54,mock_N08_N04_Aonly,Discussion,1773016571,4,0,0
7r9zsela,132,u3wrpxqa,0,,InitializeParticipant,1773016572,1,0,0
7r9zsela,132,u3wrpxqa,1,presurvey,Introduction,1773016575,1,0,0
7r9zsela,16,94z639ot,5,presurvey,Training,1773016579,1,0,0
7r9zsela,118,kb4q2ftd,54,mock_N08_N04_Aonly,Discussion,1773016584,4,0,0
7r9zsela,131,a5wcxsil,4,presurvey,NeighborhoodInstruction,1773016586,1,0,0
7r9zsela,132,u3wrpxqa,2,presurvey,AudioCheck,1773016587,1,0,0
7r9zsela,123,f543247v,54,mock_N08_N04_Aonly,Discussion,1773016589,4,0,0
7r9zsela,132,u3wrpxqa,3,presurvey,Demographics,1773016594,1,0,0
7r9zsela,117,wcbl10qs,54,mock_N08_N04_Aonly,Discussion,1773016594,4,0,0
7r9zsela,132,u3wrpxqa,4,presurvey,NeighborhoodInstruction,1773016601,1,0,0
7r9zsela,121,01vgn6aa,54,mock_N08_N04_Aonly,Discussion,1773016610,4,1,0
7r9zsela,109,p458wxya,60,mock_N08_N04_Aonly,DiscussionGRPWaitPage,1773016611,5,0,1
7r9zsela,113,ytfff4ha,60,mock_N08_N04_Aonly,DiscussionGRPWaitPage,1773016611,5,0,1
7r9zsela,116,bnsv2ein,60,mock_N08_N04_Aonly,DiscussionGRPWaitPage,1773016611,5,0,1
7r9zsela,123,f543247v,60,mock_N08_N04_Aonly,DiscussionGRPWaitPage,1773016611,5,0,1
7r9zsela,114,w4x8m5x5,60,mock_N08_N04_Aonly,DiscussionGRPWaitPage,1773016611,5,0,1
7r9zsela,117,wcbl10qs,60,mock_N08_N04_Aonly,DiscussionGRPWaitPage,1773016611,5,0,1
7r9zsela,118,kb4q2ftd,60,mock_N08_N04_Aonly,DiscussionGRPWaitPage,1773016611,5,0,1
7r9zsela,121,01vgn6aa,60,mock_N08_N04_Aonly,DiscussionGRPWaitPage,1773016611,5,0,1
7r9zsela,116,bnsv2ein,65,mock_N08_N04_Aonly,Discussion,1773016618,5,0,0
7r9zsela,113,ytfff4ha,65,mock_N08_N04_Aonly,Discussion,1773016619,5,0,0
7r9zsela,109,p458wxya,65,mock_N08_N04_Aonly,Discussion,1773016621,5,0,0
7r9zsela,118,kb4q2ftd,65,mock_N08_N04_Aonly,Discussion,1773016621,5,0,0
7r9zsela,131,a5wcxsil,5,presurvey,Training,1773016628,1,0,0
7r9zsela,114,w4x8m5x5,65,mock_N08_N04_Aonly,Discussion,1773016629,5,0,0
7r9zsela,123,f543247v,65,mock_N08_N04_Aonly,Discussion,1773016635,5,0,0
7r9zsela,117,wcbl10qs,65,mock_N08_N04_Aonly,Discussion,1773016636,5,0,0
7r9zsela,16,94z639ot,6,presurvey,TrainingNeighbor_1,1773016648,1,0,0
7r9zsela,121,01vgn6aa,65,mock_N08_N04_Aonly,Discussion,1773016649,5,1,0
7r9zsela,109,p458wxya,71,mock_N08_N04_Aonly,DiscussionGRPWaitPage,1773016649,6,0,1
7r9zsela,113,ytfff4ha,71,mock_N08_N04_Aonly,DiscussionGRPWaitPage,1773016649,6,0,1
7r9zsela,116,bnsv2ein,71,mock_N08_N04_Aonly,DiscussionGRPWaitPage,1773016649,6,0,1
7r9zsela,123,f543247v,71,mock_N08_N04_Aonly,DiscussionGRPWaitPage,1773016649,6,0,1
7r9zsela,114,w4x8m5x5,71,mock_N08_N04_Aonly,DiscussionGRPWaitPage,1773016649,6,0,1
7r9zsela,117,wcbl10qs,71,mock_N08_N04_Aonly,DiscussionGRPWaitPage,1773016649,6,0,1
7r9zsela,118,kb4q2ftd,71,mock_N08_N04_Aonly,DiscussionGRPWaitPage,1773016649,6,0,1
7r9zsela,121,01vgn6aa,71,mock_N08_N04_Aonly,DiscussionGRPWaitPage,1773016649,6,0,1
7r9zsela,115,rkigjidu,13,mock_N08_N04_Aonly,GroupingWaitPage,1773016650,1,0,1
7r9zsela,115,rkigjidu,14,mock_N08_N04_Aonly,GroupSizeWaitPage,1773016651,1,0,1
7r9zsela,116,bnsv2ein,76,mock_N08_N04_Aonly,Discussion,1773016654,6,0,0
7r9zsela,117,wcbl10qs,76,mock_N08_N04_Aonly,Discussion,1773016657,6,0,0
7r9zsela,115,rkigjidu,15,mock_N08_N04_Aonly,AttentionCheck,1773016658,1,0,0
7r9zsela,114,w4x8m5x5,76,mock_N08_N04_Aonly,Discussion,1773016660,6,0,0
7r9zsela,118,kb4q2ftd,76,mock_N08_N04_Aonly,Discussion,1773016663,6,0,0
7r9zsela,113,ytfff4ha,76,mock_N08_N04_Aonly,Discussion,1773016664,6,0,0
7r9zsela,123,f543247v,76,mock_N08_N04_Aonly,Discussion,1773016665,6,0,0
7r9zsela,131,a5wcxsil,6,presurvey,TrainingNeighbor_1,1773016667,1,0,0
7r9zsela,109,p458wxya,76,mock_N08_N04_Aonly,Discussion,1773016675,6,0,0
7r9zsela,16,94z639ot,7,presurvey,TrainingNeighbor_2,1773016676,1,0,0
7r9zsela,16,94z639ot,10,presurvey,ExperimentInstruction,1773016685,1,0,0
7r9zsela,121,01vgn6aa,76,mock_N08_N04_Aonly,Discussion,1773016689,6,1,0
7r9zsela,109,p458wxya,82,mock_N08_N04_Aonly,DiscussionGRPWaitPage,1773016690,7,0,1
7r9zsela,113,ytfff4ha,82,mock_N08_N04_Aonly,DiscussionGRPWaitPage,1773016690,7,0,1
7r9zsela,116,bnsv2ein,82,mock_N08_N04_Aonly,DiscussionGRPWaitPage,1773016690,7,0,1
7r9zsela,123,f543247v,82,mock_N08_N04_Aonly,DiscussionGRPWaitPage,1773016690,7,0,1
7r9zsela,114,w4x8m5x5,82,mock_N08_N04_Aonly,DiscussionGRPWaitPage,1773016690,7,0,1
7r9zsela,117,wcbl10qs,82,mock_N08_N04_Aonly,DiscussionGRPWaitPage,1773016690,7,0,1
7r9zsela,118,kb4q2ftd,82,mock_N08_N04_Aonly,DiscussionGRPWaitPage,1773016690,7,0,1
7r9zsela,121,01vgn6aa,82,mock_N08_N04_Aonly,DiscussionGRPWaitPage,1773016690,7,0,1
7r9zsela,109,p458wxya,87,mock_N08_N04_Aonly,Discussion,1773016696,7,0,0
7r9zsela,118,kb4q2ftd,87,mock_N08_N04_Aonly,Discussion,1773016697,7,0,0
7r9zsela,116,bnsv2ein,87,mock_N08_N04_Aonly,Discussion,1773016697,7,0,0
7r9zsela,113,ytfff4ha,87,mock_N08_N04_Aonly,Discussion,1773016697,7,0,0
7r9zsela,123,f543247v,87,mock_N08_N04_Aonly,Discussion,1773016701,7,0,0
7r9zsela,117,wcbl10qs,87,mock_N08_N04_Aonly,Discussion,1773016702,7,0,0
7r9zsela,133,p3d0rdb3,0,,InitializeParticipant,1773016702,1,0,0
7r9zsela,114,w4x8m5x5,87,mock_N08_N04_Aonly,Discussion,1773016705,7,0,0
7r9zsela,121,01vgn6aa,87,mock_N08_N04_Aonly,Discussion,1773016726,7,1,0
7r9zsela,109,p458wxya,93,mock_N08_N04_Aonly,DiscussionGRPWaitPage,1773016726,8,0,1
7r9zsela,113,ytfff4ha,93,mock_N08_N04_Aonly,DiscussionGRPWaitPage,1773016726,8,0,1
7r9zsela,116,bnsv2ein,93,mock_N08_N04_Aonly,DiscussionGRPWaitPage,1773016726,8,0,1
7r9zsela,123,f543247v,93,mock_N08_N04_Aonly,DiscussionGRPWaitPage,1773016726,8,0,1
7r9zsela,114,w4x8m5x5,93,mock_N08_N04_Aonly,DiscussionGRPWaitPage,1773016726,8,0,1
7r9zsela,117,wcbl10qs,93,mock_N08_N04_Aonly,DiscussionGRPWaitPage,1773016726,8,0,1
7r9zsela,118,kb4q2ftd,93,mock_N08_N04_Aonly,DiscussionGRPWaitPage,1773016726,8,0,1
7r9zsela,121,01vgn6aa,93,mock_N08_N04_Aonly,DiscussionGRPWaitPage,1773016726,8,0,1
7r9zsela,114,w4x8m5x5,98,mock_N08_N04_Aonly,Discussion,1773016731,8,0,0
7r9zsela,113,ytfff4ha,98,mock_N08_N04_Aonly,Discussion,1773016732,8,0,0
7r9zsela,116,bnsv2ein,98,mock_N08_N04_Aonly,Discussion,1773016735,8,0,0
7r9zsela,117,wcbl10qs,98,mock_N08_N04_Aonly,Discussion,1773016735,8,0,0
7r9zsela,118,kb4q2ftd,98,mock_N08_N04_Aonly,Discussion,1773016738,8,0,0
7r9zsela,109,p458wxya,98,mock_N08_N04_Aonly,Discussion,1773016742,8,0,0
7r9zsela,123,f543247v,98,mock_N08_N04_Aonly,Discussion,1773016745,8,0,0
7r9zsela,131,a5wcxsil,10,presurvey,ExperimentInstruction,1773016747,1,0,0
7r9zsela,121,01vgn6aa,98,mock_N08_N04_Aonly,Discussion,1773016763,8,1,0
7r9zsela,109,p458wxya,104,mock_N08_N04_Aonly,DiscussionGRPWaitPage,1773016763,9,0,1
7r9zsela,113,ytfff4ha,104,mock_N08_N04_Aonly,DiscussionGRPWaitPage,1773016763,9,0,1
7r9zsela,116,bnsv2ein,104,mock_N08_N04_Aonly,DiscussionGRPWaitPage,1773016763,9,0,1
7r9zsela,123,f543247v,104,mock_N08_N04_Aonly,DiscussionGRPWaitPage,1773016763,9,0,1
7r9zsela,114,w4x8m5x5,104,mock_N08_N04_Aonly,DiscussionGRPWaitPage,1773016763,9,0,1
7r9zsela,117,wcbl10qs,104,mock_N08_N04_Aonly,DiscussionGRPWaitPage,1773016763,9,0,1
7r9zsela,118,kb4q2ftd,104,mock_N08_N04_Aonly,DiscussionGRPWaitPage,1773016763,9,0,1
7r9zsela,121,01vgn6aa,104,mock_N08_N04_Aonly,DiscussionGRPWaitPage,1773016763,9,0,1
7r9zsela,113,ytfff4ha,109,mock_N08_N04_Aonly,Discussion,1773016769,9,0,0
7r9zsela,133,p3d0rdb3,1,presurvey,Introduction,1773016770,1,0,0
7r9zsela,116,bnsv2ein,109,mock_N08_N04_Aonly,Discussion,1773016774,9,0,0
7r9zsela,118,kb4q2ftd,109,mock_N08_N04_Aonly,Discussion,1773016774,9,0,0
7r9zsela,109,p458wxya,109,mock_N08_N04_Aonly,Discussion,1773016774,9,0,0
7r9zsela,114,w4x8m5x5,109,mock_N08_N04_Aonly,Discussion,1773016775,9,0,0
7r9zsela,123,f543247v,109,mock_N08_N04_Aonly,Discussion,1773016775,9,0,0
7r9zsela,117,wcbl10qs,109,mock_N08_N04_Aonly,Discussion,1773016775,9,0,0
7r9zsela,16,94z639ot,11,presurvey,Scenario,1773016780,1,0,0
7r9zsela,121,01vgn6aa,109,mock_N08_N04_Aonly,Discussion,1773016803,9,1,0
7r9zsela,109,p458wxya,115,mock_N08_N04_Aonly,DiscussionGRPWaitPage,1773016803,10,0,1
7r9zsela,113,ytfff4ha,115,mock_N08_N04_Aonly,DiscussionGRPWaitPage,1773016803,10,0,1
7r9zsela,114,w4x8m5x5,115,mock_N08_N04_Aonly,DiscussionGRPWaitPage,1773016803,10,0,1
7r9zsela,116,bnsv2ein,115,mock_N08_N04_Aonly,DiscussionGRPWaitPage,1773016803,10,0,1
7r9zsela,123,f543247v,115,mock_N08_N04_Aonly,DiscussionGRPWaitPage,1773016803,10,0,1
7r9zsela,117,wcbl10qs,115,mock_N08_N04_Aonly,DiscussionGRPWaitPage,1773016803,10,0,1
7r9zsela,118,kb4q2ftd,115,mock_N08_N04_Aonly,DiscussionGRPWaitPage,1773016803,10,0,1
7r9zsela,121,01vgn6aa,115,mock_N08_N04_Aonly,DiscussionGRPWaitPage,1773016803,10,0,1
7r9zsela,114,w4x8m5x5,120,mock_N08_N04_Aonly,Discussion,1773016808,10,0,0
7r9zsela,116,bnsv2ein,120,mock_N08_N04_Aonly,Discussion,1773016809,10,0,0
7r9zsela,113,ytfff4ha,120,mock_N08_N04_Aonly,Discussion,1773016809,10,0,0
7r9zsela,109,p458wxya,120,mock_N08_N04_Aonly,Discussion,1773016811,10,0,0
7r9zsela,118,kb4q2ftd,120,mock_N08_N04_Aonly,Discussion,1773016815,10,0,0
7r9zsela,117,wcbl10qs,120,mock_N08_N04_Aonly,Discussion,1773016816,10,0,0
7r9zsela,123,f543247v,120,mock_N08_N04_Aonly,Discussion,1773016829,10,0,0
7r9zsela,121,01vgn6aa,120,mock_N08_N04_Aonly,Discussion,1773016842,10,1,0
7r9zsela,109,p458wxya,126,mock_N08_N04_Aonly,DiscussionGRPWaitPage,1773016843,11,0,1
7r9zsela,113,ytfff4ha,126,mock_N08_N04_Aonly,DiscussionGRPWaitPage,1773016843,11,0,1
7r9zsela,116,bnsv2ein,126,mock_N08_N04_Aonly,DiscussionGRPWaitPage,1773016843,11,0,1
7r9zsela,123,f543247v,126,mock_N08_N04_Aonly,DiscussionGRPWaitPage,1773016843,11,0,1
7r9zsela,114,w4x8m5x5,126,mock_N08_N04_Aonly,DiscussionGRPWaitPage,1773016843,11,0,1
7r9zsela,117,wcbl10qs,126,mock_N08_N04_Aonly,DiscussionGRPWaitPage,1773016843,11,0,1
7r9zsela,118,kb4q2ftd,126,mock_N08_N04_Aonly,DiscussionGRPWaitPage,1773016843,11,0,1
7r9zsela,121,01vgn6aa,126,mock_N08_N04_Aonly,DiscussionGRPWaitPage,1773016843,11,0,1
7r9zsela,109,p458wxya,131,mock_N08_N04_Aonly,Discussion,1773016847,11,0,0
7r9zsela,117,wcbl10qs,131,mock_N08_N04_Aonly,Discussion,1773016848,11,0,0
7r9zsela,114,w4x8m5x5,131,mock_N08_N04_Aonly,Discussion,1773016848,11,0,0
7r9zsela,113,ytfff4ha,131,mock_N08_N04_Aonly,Discussion,1773016849,11,0,0
7r9zsela,116,bnsv2ein,131,mock_N08_N04_Aonly,Discussion,1773016851,11,0,0
7r9zsela,118,kb4q2ftd,131,mock_N08_N04_Aonly,Discussion,1773016853,11,0,0
7r9zsela,123,f543247v,131,mock_N08_N04_Aonly,Discussion,1773016855,11,0,0
7r9zsela,131,a5wcxsil,11,presurvey,Scenario,1773016867,1,0,0
7r9zsela,121,01vgn6aa,131,mock_N08_N04_Aonly,Discussion,1773016882,11,1,0
7r9zsela,109,p458wxya,137,mock_N08_N04_Aonly,DiscussionGRPWaitPage,1773016883,12,0,1
7r9zsela,113,ytfff4ha,137,mock_N08_N04_Aonly,DiscussionGRPWaitPage,1773016883,12,0,1
7r9zsela,116,bnsv2ein,137,mock_N08_N04_Aonly,DiscussionGRPWaitPage,1773016883,12,0,1
7r9zsela,123,f543247v,137,mock_N08_N04_Aonly,DiscussionGRPWaitPage,1773016883,12,0,1
7r9zsela,114,w4x8m5x5,137,mock_N08_N04_Aonly,DiscussionGRPWaitPage,1773016883,12,0,1
7r9zsela,117,wcbl10qs,137,mock_N08_N04_Aonly,DiscussionGRPWaitPage,1773016883,12,0,1
7r9zsela,118,kb4q2ftd,137,mock_N08_N04_Aonly,DiscussionGRPWaitPage,1773016883,12,0,1
7r9zsela,121,01vgn6aa,137,mock_N08_N04_Aonly,DiscussionGRPWaitPage,1773016883,12,0,1
7r9zsela,16,94z639ot,12,presurvey,Commitment,1773016885,1,0,0
7r9zsela,109,p458wxya,142,mock_N08_N04_Aonly,Discussion,1773016887,12,0,0
7r9zsela,117,wcbl10qs,142,mock_N08_N04_Aonly,Discussion,1773016888,12,0,0
7r9zsela,113,ytfff4ha,142,mock_N08_N04_Aonly,Discussion,1773016889,12,0,0
7r9zsela,116,bnsv2ein,142,mock_N08_N04_Aonly,Discussion,1773016890,12,0,0
7r9zsela,114,w4x8m5x5,142,mock_N08_N04_Aonly,Discussion,1773016890,12,0,0
7r9zsela,118,kb4q2ftd,142,mock_N08_N04_Aonly,Discussion,1773016897,12,0,0
7r9zsela,123,f543247v,142,mock_N08_N04_Aonly,Discussion,1773016907,12,0,0
7r9zsela,134,95nhrgzd,0,,InitializeParticipant,1773016911,1,0,0
7r9zsela,121,01vgn6aa,142,mock_N08_N04_Aonly,Discussion,1773016919,12,1,0
7r9zsela,109,p458wxya,148,mock_N08_N04_Aonly,DiscussionGRPWaitPage,1773016919,13,0,1
7r9zsela,113,ytfff4ha,148,mock_N08_N04_Aonly,DiscussionGRPWaitPage,1773016919,13,0,1
7r9zsela,116,bnsv2ein,148,mock_N08_N04_Aonly,DiscussionGRPWaitPage,1773016919,13,0,1
7r9zsela,114,w4x8m5x5,148,mock_N08_N04_Aonly,DiscussionGRPWaitPage,1773016919,13,0,1
7r9zsela,118,kb4q2ftd,148,mock_N08_N04_Aonly,DiscussionGRPWaitPage,1773016919,13,0,1
7r9zsela,123,f543247v,148,mock_N08_N04_Aonly,DiscussionGRPWaitPage,1773016919,13,0,1
7r9zsela,121,01vgn6aa,148,mock_N08_N04_Aonly,DiscussionGRPWaitPage,1773016919,13,0,1
7r9zsela,117,wcbl10qs,148,mock_N08_N04_Aonly,DiscussionGRPWaitPage,1773016919,13,0,1
7r9zsela,114,w4x8m5x5,153,mock_N08_N04_Aonly,Discussion,1773016923,13,0,0
7r9zsela,109,p458wxya,153,mock_N08_N04_Aonly,Discussion,1773016924,13,0,0
7r9zsela,113,ytfff4ha,153,mock_N08_N04_Aonly,Discussion,1773016930,13,0,0
7r9zsela,116,bnsv2ein,153,mock_N08_N04_Aonly,Discussion,1773016931,13,0,0
7r9zsela,135,297r46qw,0,,InitializeParticipant,1773016933,1,0,0
7r9zsela,118,kb4q2ftd,153,mock_N08_N04_Aonly,Discussion,1773016935,13,0,0
7r9zsela,134,95nhrgzd,1,presurvey,Introduction,1773016935,1,0,0
7r9zsela,123,f543247v,153,mock_N08_N04_Aonly,Discussion,1773016940,13,0,0
7r9zsela,117,wcbl10qs,153,mock_N08_N04_Aonly,Discussion,1773016941,13,0,0
7r9zsela,135,297r46qw,1,presurvey,Introduction,1773016950,1,0,0
7r9zsela,121,01vgn6aa,153,mock_N08_N04_Aonly,Discussion,1773016956,13,1,0
7r9zsela,109,p458wxya,159,mock_N08_N04_Aonly,DiscussionGRPWaitPage,1773016956,14,0,1
7r9zsela,113,ytfff4ha,159,mock_N08_N04_Aonly,DiscussionGRPWaitPage,1773016956,14,0,1
7r9zsela,116,bnsv2ein,159,mock_N08_N04_Aonly,DiscussionGRPWaitPage,1773016956,14,0,1
7r9zsela,123,f543247v,159,mock_N08_N04_Aonly,DiscussionGRPWaitPage,1773016956,14,0,1
7r9zsela,114,w4x8m5x5,159,mock_N08_N04_Aonly,DiscussionGRPWaitPage,1773016956,14,0,1
7r9zsela,117,wcbl10qs,159,mock_N08_N04_Aonly,DiscussionGRPWaitPage,1773016956,14,0,1
7r9zsela,118,kb4q2ftd,159,mock_N08_N04_Aonly,DiscussionGRPWaitPage,1773016956,14,0,1
7r9zsela,121,01vgn6aa,159,mock_N08_N04_Aonly,DiscussionGRPWaitPage,1773016956,14,0,1
7r9zsela,134,95nhrgzd,2,presurvey,AudioCheck,1773016959,1,0,0
7r9zsela,114,w4x8m5x5,164,mock_N08_N04_Aonly,Discussion,1773016960,14,0,0
7r9zsela,109,p458wxya,164,mock_N08_N04_Aonly,Discussion,1773016960,14,0,0
7r9zsela,123,f543247v,164,mock_N08_N04_Aonly,Discussion,1773016963,14,0,0
7r9zsela,116,bnsv2ein,164,mock_N08_N04_Aonly,Discussion,1773016964,14,0,0
7r9zsela,118,kb4q2ftd,164,mock_N08_N04_Aonly,Discussion,1773016967,14,0,0
7r9zsela,113,ytfff4ha,164,mock_N08_N04_Aonly,Discussion,1773016968,14,0,0
7r9zsela,117,wcbl10qs,164,mock_N08_N04_Aonly,Discussion,1773016969,14,0,0
7r9zsela,135,297r46qw,2,presurvey,AudioCheck,1773016973,1,0,0
7r9zsela,135,297r46qw,3,presurvey,Demographics,1773016984,1,0,0
7r9zsela,135,297r46qw,4,presurvey,NeighborhoodInstruction,1773016989,1,0,0
7r9zsela,121,01vgn6aa,164,mock_N08_N04_Aonly,Discussion,1773016996,14,1,0
7r9zsela,109,p458wxya,170,mock_N08_N04_Aonly,DiscussionGRPWaitPage,1773016996,15,0,1
7r9zsela,113,ytfff4ha,170,mock_N08_N04_Aonly,DiscussionGRPWaitPage,1773016996,15,0,1
7r9zsela,116,bnsv2ein,170,mock_N08_N04_Aonly,DiscussionGRPWaitPage,1773016996,15,0,1
7r9zsela,123,f543247v,170,mock_N08_N04_Aonly,DiscussionGRPWaitPage,1773016996,15,0,1
7r9zsela,114,w4x8m5x5,170,mock_N08_N04_Aonly,DiscussionGRPWaitPage,1773016996,15,0,1
7r9zsela,117,wcbl10qs,170,mock_N08_N04_Aonly,DiscussionGRPWaitPage,1773016996,15,0,1
7r9zsela,118,kb4q2ftd,170,mock_N08_N04_Aonly,DiscussionGRPWaitPage,1773016996,15,0,1
7r9zsela,121,01vgn6aa,170,mock_N08_N04_Aonly,DiscussionGRPWaitPage,1773016996,15,0,1
7r9zsela,114,w4x8m5x5,175,mock_N08_N04_Aonly,Discussion,1773017001,15,0,0
7r9zsela,109,p458wxya,175,mock_N08_N04_Aonly,Discussion,1773017002,15,0,0
7r9zsela,113,ytfff4ha,175,mock_N08_N04_Aonly,Discussion,1773017003,15,0,0
7r9zsela,116,bnsv2ein,175,mock_N08_N04_Aonly,Discussion,1773017004,15,0,0
7r9zsela,135,297r46qw,5,presurvey,Training,1773017008,1,0,0
7r9zsela,118,kb4q2ftd,175,mock_N08_N04_Aonly,Discussion,1773017008,15,0,0
7r9zsela,134,95nhrgzd,3,presurvey,Demographics,1773017014,1,0,0
7r9zsela,123,f543247v,175,mock_N08_N04_Aonly,Discussion,1773017015,15,0,0
7r9zsela,117,wcbl10qs,175,mock_N08_N04_Aonly,Discussion,1773017019,15,0,0
7r9zsela,135,297r46qw,6,presurvey,TrainingNeighbor_1,1773017026,1,0,0
7r9zsela,121,01vgn6aa,175,mock_N08_N04_Aonly,Discussion,1773017035,15,1,0
7r9zsela,109,p458wxya,181,mock_N08_N04_Aonly,DiscussionGRPWaitPage,1773017036,16,0,1
7r9zsela,113,ytfff4ha,181,mock_N08_N04_Aonly,DiscussionGRPWaitPage,1773017036,16,0,1
7r9zsela,116,bnsv2ein,181,mock_N08_N04_Aonly,DiscussionGRPWaitPage,1773017036,16,0,1
7r9zsela,123,f543247v,181,mock_N08_N04_Aonly,DiscussionGRPWaitPage,1773017036,16,0,1
7r9zsela,114,w4x8m5x5,181,mock_N08_N04_Aonly,DiscussionGRPWaitPage,1773017036,16,0,1
7r9zsela,117,wcbl10qs,181,mock_N08_N04_Aonly,DiscussionGRPWaitPage,1773017036,16,0,1
7r9zsela,118,kb4q2ftd,181,mock_N08_N04_Aonly,DiscussionGRPWaitPage,1773017036,16,0,1
7r9zsela,121,01vgn6aa,181,mock_N08_N04_Aonly,DiscussionGRPWaitPage,1773017036,16,0,1
7r9zsela,114,w4x8m5x5,186,mock_N08_N04_Aonly,Discussion,1773017039,16,0,0
7r9zsela,135,297r46qw,10,presurvey,ExperimentInstruction,1773017040,1,0,0
7r9zsela,117,wcbl10qs,186,mock_N08_N04_Aonly,Discussion,1773017040,16,0,0
7r9zsela,109,p458wxya,186,mock_N08_N04_Aonly,Discussion,1773017040,16,0,0
7r9zsela,116,bnsv2ein,186,mock_N08_N04_Aonly,Discussion,1773017043,16,0,0
7r9zsela,113,ytfff4ha,186,mock_N08_N04_Aonly,Discussion,1773017046,16,0,0
7r9zsela,118,kb4q2ftd,186,mock_N08_N04_Aonly,Discussion,1773017053,16,0,0
7r9zsela,134,95nhrgzd,4,presurvey,NeighborhoodInstruction,1773017055,1,0,0
7r9zsela,123,f543247v,186,mock_N08_N04_Aonly,Discussion,1773017064,16,0,0
7r9zsela,135,297r46qw,11,presurvey,Scenario,1773017064,1,0,0
7r9zsela,121,01vgn6aa,186,mock_N08_N04_Aonly,Discussion,1773017072,16,1,0
7r9zsela,118,kb4q2ftd,192,mock_N08_N04_Aonly,DiscussionGRPWaitPage,1773017073,17,0,1
7r9zsela,121,01vgn6aa,192,mock_N08_N04_Aonly,DiscussionGRPWaitPage,1773017073,17,0,1
7r9zsela,109,p458wxya,192,mock_N08_N04_Aonly,DiscussionGRPWaitPage,1773017073,17,0,1
7r9zsela,113,ytfff4ha,192,mock_N08_N04_Aonly,DiscussionGRPWaitPage,1773017073,17,0,1
7r9zsela,116,bnsv2ein,192,mock_N08_N04_Aonly,DiscussionGRPWaitPage,1773017073,17,0,1
7r9zsela,123,f543247v,192,mock_N08_N04_Aonly,DiscussionGRPWaitPage,1773017073,17,0,1
7r9zsela,114,w4x8m5x5,192,mock_N08_N04_Aonly,DiscussionGRPWaitPage,1773017073,17,0,1
7r9zsela,117,wcbl10qs,192,mock_N08_N04_Aonly,DiscussionGRPWaitPage,1773017073,17,0,1
7r9zsela,114,w4x8m5x5,197,mock_N08_N04_Aonly,Discussion,1773017076,17,0,0
7r9zsela,117,wcbl10qs,197,mock_N08_N04_Aonly,Discussion,1773017077,17,0,0
7r9zsela,109,p458wxya,197,mock_N08_N04_Aonly,Discussion,1773017077,17,0,0
7r9zsela,113,ytfff4ha,197,mock_N08_N04_Aonly,Discussion,1773017079,17,0,0
7r9zsela,116,bnsv2ein,197,mock_N08_N04_Aonly,Discussion,1773017081,17,0,0
7r9zsela,118,kb4q2ftd,197,mock_N08_N04_Aonly,Discussion,1773017084,17,0,0
7r9zsela,134,95nhrgzd,5,presurvey,Training,1773017086,1,0,0
7r9zsela,123,f543247v,197,mock_N08_N04_Aonly,Discussion,1773017088,17,0,0
7r9zsela,136,woh5gjyx,0,,InitializeParticipant,1773017093,1,0,0
7r9zsela,136,woh5gjyx,1,presurvey,Introduction,1773017097,1,0,0
7r9zsela,121,01vgn6aa,197,mock_N08_N04_Aonly,Discussion,1773017109,17,1,0
7r9zsela,109,p458wxya,203,mock_N08_N04_Aonly,DiscussionGRPWaitPage,1773017109,18,0,1
7r9zsela,113,ytfff4ha,203,mock_N08_N04_Aonly,DiscussionGRPWaitPage,1773017109,18,0,1
7r9zsela,116,bnsv2ein,203,mock_N08_N04_Aonly,DiscussionGRPWaitPage,1773017109,18,0,1
7r9zsela,123,f543247v,203,mock_N08_N04_Aonly,DiscussionGRPWaitPage,1773017109,18,0,1
7r9zsela,114,w4x8m5x5,203,mock_N08_N04_Aonly,DiscussionGRPWaitPage,1773017109,18,0,1
7r9zsela,117,wcbl10qs,203,mock_N08_N04_Aonly,DiscussionGRPWaitPage,1773017109,18,0,1
7r9zsela,118,kb4q2ftd,203,mock_N08_N04_Aonly,DiscussionGRPWaitPage,1773017109,18,0,1
7r9zsela,121,01vgn6aa,203,mock_N08_N04_Aonly,DiscussionGRPWaitPage,1773017109,18,0,1
7r9zsela,136,woh5gjyx,2,presurvey,AudioCheck,1773017111,1,0,0
7r9zsela,114,w4x8m5x5,208,mock_N08_N04_Aonly,Discussion,1773017114,18,0,0
7r9zsela,137,ui5dx6j3,0,,InitializeParticipant,1773017114,1,0,0
7r9zsela,113,ytfff4ha,208,mock_N08_N04_Aonly,Discussion,1773017115,18,0,0
7r9zsela,116,bnsv2ein,208,mock_N08_N04_Aonly,Discussion,1773017116,18,0,0
7r9zsela,123,f543247v,208,mock_N08_N04_Aonly,Discussion,1773017117,18,0,0
7r9zsela,134,95nhrgzd,6,presurvey,TrainingNeighbor_1,1773017117,1,0,0
7r9zsela,118,kb4q2ftd,208,mock_N08_N04_Aonly,Discussion,1773017121,18,0,0
7r9zsela,117,wcbl10qs,208,mock_N08_N04_Aonly,Discussion,1773017123,18,0,0
7r9zsela,136,woh5gjyx,3,presurvey,Demographics,1773017124,1,0,0
7r9zsela,109,p458wxya,208,mock_N08_N04_Aonly,Discussion,1773017125,18,0,0
7r9zsela,137,ui5dx6j3,1,presurvey,Introduction,1773017126,1,0,0
7r9zsela,136,woh5gjyx,4,presurvey,NeighborhoodInstruction,1773017128,1,0,0
7r9zsela,136,woh5gjyx,5,presurvey,Training,1773017130,1,0,0
7r9zsela,136,woh5gjyx,6,presurvey,TrainingNeighbor_1,1773017138,1,0,0
7r9zsela,136,woh5gjyx,7,presurvey,TrainingNeighbor_2,1773017141,1,0,0
7r9zsela,121,01vgn6aa,208,mock_N08_N04_Aonly,Discussion,1773017146,18,1,0
7r9zsela,109,p458wxya,214,mock_N08_N04_Aonly,DiscussionGRPWaitPage,1773017146,19,0,1
7r9zsela,113,ytfff4ha,214,mock_N08_N04_Aonly,DiscussionGRPWaitPage,1773017146,19,0,1
7r9zsela,116,bnsv2ein,214,mock_N08_N04_Aonly,DiscussionGRPWaitPage,1773017146,19,0,1
7r9zsela,123,f543247v,214,mock_N08_N04_Aonly,DiscussionGRPWaitPage,1773017146,19,0,1
7r9zsela,114,w4x8m5x5,214,mock_N08_N04_Aonly,DiscussionGRPWaitPage,1773017146,19,0,1
7r9zsela,117,wcbl10qs,214,mock_N08_N04_Aonly,DiscussionGRPWaitPage,1773017146,19,0,1
7r9zsela,118,kb4q2ftd,214,mock_N08_N04_Aonly,DiscussionGRPWaitPage,1773017146,19,0,1
7r9zsela,121,01vgn6aa,214,mock_N08_N04_Aonly,DiscussionGRPWaitPage,1773017146,19,0,1
7r9zsela,109,p458wxya,219,mock_N08_N04_Aonly,Discussion,1773017149,19,0,0
7r9zsela,114,w4x8m5x5,219,mock_N08_N04_Aonly,Discussion,1773017151,19,0,0
7r9zsela,113,ytfff4ha,219,mock_N08_N04_Aonly,Discussion,1773017151,19,0,0
7r9zsela,123,f543247v,219,mock_N08_N04_Aonly,Discussion,1773017154,19,0,0
7r9zsela,118,kb4q2ftd,219,mock_N08_N04_Aonly,Discussion,1773017154,19,0,0
7r9zsela,116,bnsv2ein,219,mock_N08_N04_Aonly,Discussion,1773017155,19,0,0
7r9zsela,117,wcbl10qs,219,mock_N08_N04_Aonly,Discussion,1773017156,19,0,0
7r9zsela,137,ui5dx6j3,2,presurvey,AudioCheck,1773017157,1,0,0
7r9zsela,138,ubx1xk3a,0,,InitializeParticipant,1773017158,1,0,0
7r9zsela,134,95nhrgzd,10,presurvey,ExperimentInstruction,1773017179,1,0,0
7r9zsela,121,01vgn6aa,219,mock_N08_N04_Aonly,Discussion,1773017182,19,1,0
7r9zsela,109,p458wxya,225,mock_N08_N04_Aonly,DiscussionGRPWaitPage,1773017183,20,0,1
7r9zsela,113,ytfff4ha,225,mock_N08_N04_Aonly,DiscussionGRPWaitPage,1773017183,20,0,1
7r9zsela,116,bnsv2ein,225,mock_N08_N04_Aonly,DiscussionGRPWaitPage,1773017183,20,0,1
7r9zsela,123,f543247v,225,mock_N08_N04_Aonly,DiscussionGRPWaitPage,1773017183,20,0,1
7r9zsela,114,w4x8m5x5,225,mock_N08_N04_Aonly,DiscussionGRPWaitPage,1773017183,20,0,1
7r9zsela,117,wcbl10qs,225,mock_N08_N04_Aonly,DiscussionGRPWaitPage,1773017183,20,0,1
7r9zsela,118,kb4q2ftd,225,mock_N08_N04_Aonly,DiscussionGRPWaitPage,1773017183,20,0,1
7r9zsela,121,01vgn6aa,225,mock_N08_N04_Aonly,DiscussionGRPWaitPage,1773017183,20,0,1
7r9zsela,123,f543247v,230,mock_N08_N04_Aonly,Discussion,1773017187,20,0,0
7r9zsela,114,w4x8m5x5,230,mock_N08_N04_Aonly,Discussion,1773017187,20,0,0
7r9zsela,138,ubx1xk3a,1,presurvey,Introduction,1773017188,1,0,0
7r9zsela,117,wcbl10qs,230,mock_N08_N04_Aonly,Discussion,1773017189,20,0,0
7r9zsela,116,bnsv2ein,230,mock_N08_N04_Aonly,Discussion,1773017190,20,0,0
7r9zsela,118,kb4q2ftd,230,mock_N08_N04_Aonly,Discussion,1773017191,20,0,0
7r9zsela,109,p458wxya,230,mock_N08_N04_Aonly,Discussion,1773017192,20,0,0
7r9zsela,113,ytfff4ha,230,mock_N08_N04_Aonly,Discussion,1773017201,20,0,0
7r9zsela,136,woh5gjyx,8,presurvey,AttentionCheck,1773017207,1,1,0
7r9zsela,121,01vgn6aa,230,mock_N08_N04_Aonly,Discussion,1773017221,20,1,0
7r9zsela,109,p458wxya,231,mock_N08_N04_Aonly,FinalRoundWaitPage,1773017221,20,0,1
7r9zsela,113,ytfff4ha,231,mock_N08_N04_Aonly,FinalRoundWaitPage,1773017221,20,0,1
7r9zsela,116,bnsv2ein,231,mock_N08_N04_Aonly,FinalRoundWaitPage,1773017221,20,0,1
7r9zsela,123,f543247v,231,mock_N08_N04_Aonly,FinalRoundWaitPage,1773017221,20,0,1
7r9zsela,121,01vgn6aa,231,mock_N08_N04_Aonly,FinalRoundWaitPage,1773017221,20,0,1
7r9zsela,117,wcbl10qs,231,mock_N08_N04_Aonly,FinalRoundWaitPage,1773017221,20,0,1
7r9zsela,114,w4x8m5x5,231,mock_N08_N04_Aonly,FinalRoundWaitPage,1773017221,20,0,1
7r9zsela,118,kb4q2ftd,231,mock_N08_N04_Aonly,FinalRoundWaitPage,1773017221,20,0,1
7r9zsela,123,f543247v,232,mock_N08_N04_Aonly,FinalRound,1773017226,20,0,0
7r9zsela,117,wcbl10qs,232,mock_N08_N04_Aonly,FinalRound,1773017229,20,0,0
7r9zsela,113,ytfff4ha,232,mock_N08_N04_Aonly,FinalRound,1773017229,20,0,0
7r9zsela,138,ubx1xk3a,2,presurvey,AudioCheck,1773017229,1,0,0
7r9zsela,109,p458wxya,232,mock_N08_N04_Aonly,FinalRound,1773017229,20,0,0
7r9zsela,118,kb4q2ftd,232,mock_N08_N04_Aonly,FinalRound,1773017231,20,0,0
7r9zsela,114,w4x8m5x5,232,mock_N08_N04_Aonly,FinalRound,1773017232,20,0,0
7r9zsela,134,95nhrgzd,11,presurvey,Scenario,1773017239,1,0,0
7r9zsela,137,ui5dx6j3,3,presurvey,Demographics,1773017246,1,0,0
7r9zsela,138,ubx1xk3a,3,presurvey,Demographics,1773017247,1,0,0
7r9zsela,139,ip84q2ah,0,,InitializeParticipant,1773017251,1,0,0
7r9zsela,116,bnsv2ein,232,mock_N08_N04_Aonly,FinalRound,1773017261,20,0,0
7r9zsela,138,ubx1xk3a,4,presurvey,NeighborhoodInstruction,1773017262,1,0,0
7r9zsela,137,ui5dx6j3,4,presurvey,NeighborhoodInstruction,1773017271,1,0,0
7r9zsela,139,ip84q2ah,1,presurvey,Introduction,1773017271,1,0,0
7r9zsela,139,ip84q2ah,2,presurvey,AudioCheck,1773017298,1,0,0
7r9zsela,137,ui5dx6j3,5,presurvey,Training,1773017306,1,0,0
7r9zsela,139,ip84q2ah,3,presurvey,Demographics,1773017315,1,0,0
7r9zsela,138,ubx1xk3a,5,presurvey,Training,1773017330,1,0,0
7r9zsela,139,ip84q2ah,4,presurvey,NeighborhoodInstruction,1773017330,1,0,0
7r9zsela,140,ic1hes46,0,,InitializeParticipant,1773017338,1,0,0
7r9zsela,140,ic1hes46,1,presurvey,Introduction,1773017362,1,0,0
7r9zsela,137,ui5dx6j3,6,presurvey,TrainingNeighbor_1,1773017378,1,0,0
7r9zsela,140,ic1hes46,2,presurvey,AudioCheck,1773017383,1,0,0
7r9zsela,137,ui5dx6j3,7,presurvey,TrainingNeighbor_2,1773017389,1,0,0
7r9zsela,141,acezc1bd,0,,InitializeParticipant,1773017398,1,0,0
7r9zsela,140,ic1hes46,3,presurvey,Demographics,1773017401,1,0,0
7r9zsela,137,ui5dx6j3,10,presurvey,ExperimentInstruction,1773017401,1,0,0
7r9zsela,141,acezc1bd,1,presurvey,Introduction,1773017407,1,0,0
7r9zsela,140,ic1hes46,4,presurvey,NeighborhoodInstruction,1773017423,1,0,0
7r9zsela,141,acezc1bd,2,presurvey,AudioCheck,1773017440,1,0,0
7r9zsela,137,ui5dx6j3,11,presurvey,Scenario,1773017453,1,0,0
7r9zsela,141,acezc1bd,3,presurvey,Demographics,1773017455,1,0,0
7r9zsela,140,ic1hes46,5,presurvey,Training,1773017455,1,0,0
7r9zsela,142,zc4gsd25,0,,InitializeParticipant,1773017459,1,0,0
7r9zsela,142,zc4gsd25,1,presurvey,Introduction,1773017487,1,0,0
7r9zsela,138,ubx1xk3a,6,presurvey,TrainingNeighbor_1,1773017501,1,0,0
7r9zsela,127,ii7ka4q9,13,mock_N08_N04_Aonly,GroupingWaitPage,1773017501,1,0,1
7r9zsela,127,ii7ka4q9,14,mock_N08_N04_Aonly,GroupSizeWaitPage,1773017501,1,0,1
7r9zsela,128,3qubak48,13,mock_N08_N04_Aonly,GroupingWaitPage,1773017507,1,0,1
7r9zsela,128,3qubak48,14,mock_N08_N04_Aonly,GroupSizeWaitPage,1773017508,1,0,1
7r9zsela,140,ic1hes46,6,presurvey,TrainingNeighbor_1,1773017514,1,0,0
7r9zsela,128,3qubak48,15,mock_N08_N04_Aonly,AttentionCheck,1773017517,1,0,0
7r9zsela,138,ubx1xk3a,7,presurvey,TrainingNeighbor_2,1773017518,1,0,0
7r9zsela,127,ii7ka4q9,15,mock_N08_N04_Aonly,AttentionCheck,1773017526,1,0,0
7r9zsela,140,ic1hes46,10,presurvey,ExperimentInstruction,1773017530,1,0,0
7r9zsela,138,ubx1xk3a,10,presurvey,ExperimentInstruction,1773017532,1,0,0
7r9zsela,142,zc4gsd25,2,presurvey,AudioCheck,1773017553,1,0,0
7r9zsela,140,ic1hes46,11,presurvey,Scenario,1773017563,1,0,0
7r9zsela,142,zc4gsd25,3,presurvey,Demographics,1773017584,1,0,0
7r9zsela,142,zc4gsd25,4,presurvey,NeighborhoodInstruction,1773017606,1,0,0
7r9zsela,138,ubx1xk3a,11,presurvey,Scenario,1773017611,1,0,0
7r9zsela,142,zc4gsd25,5,presurvey,Training,1773017629,1,0,0
7r9zsela,138,ubx1xk3a,12,presurvey,Commitment,1773017641,1,0,0
7r9zsela,142,zc4gsd25,6,presurvey,TrainingNeighbor_1,1773017691,1,0,0
7r9zsela,142,zc4gsd25,7,presurvey,TrainingNeighbor_2,1773017705,1,0,0
7r9zsela,142,zc4gsd25,10,presurvey,ExperimentInstruction,1773017714,1,0,0
7r9zsela,130,v1imxz9t,13,mock_N08_N04_Aonly,GroupingWaitPage,1773017728,1,0,1
7r9zsela,130,v1imxz9t,14,mock_N08_N04_Aonly,GroupSizeWaitPage,1773017729,1,0,1
7r9zsela,130,v1imxz9t,15,mock_N08_N04_Aonly,AttentionCheck,1773017734,1,0,0
7r9zsela,143,pdwnzqom,0,,InitializeParticipant,1773017754,1,0,0
7r9zsela,142,zc4gsd25,11,presurvey,Scenario,1773017766,1,0,0
7r9zsela,143,pdwnzqom,1,presurvey,Introduction,1773017781,1,0,0
7r9zsela,143,pdwnzqom,2,presurvey,AudioCheck,1773017806,1,0,0
7r9zsela,143,pdwnzqom,3,presurvey,Demographics,1773017824,1,0,0
7r9zsela,143,pdwnzqom,4,presurvey,NeighborhoodInstruction,1773017848,1,0,0
7r9zsela,144,j7qbrraf,0,,InitializeParticipant,1773017862,1,0,0
7r9zsela,144,j7qbrraf,1,presurvey,Introduction,1773017870,1,0,0
7r9zsela,143,pdwnzqom,5,presurvey,Training,1773017872,1,0,0
7r9zsela,144,j7qbrraf,2,presurvey,AudioCheck,1773017894,1,0,0
7r9zsela,143,pdwnzqom,6,presurvey,TrainingNeighbor_1,1773017902,1,0,0
7r9zsela,143,pdwnzqom,10,presurvey,ExperimentInstruction,1773017913,1,0,0
7r9zsela,144,j7qbrraf,3,presurvey,Demographics,1773017916,1,0,0
7r9zsela,144,j7qbrraf,4,presurvey,NeighborhoodInstruction,1773017946,1,0,0
7r9zsela,143,pdwnzqom,11,presurvey,Scenario,1773017946,1,0,0
7r9zsela,144,j7qbrraf,5,presurvey,Training,1773017987,1,0,0
7r9zsela,143,pdwnzqom,12,presurvey,Commitment,1773017999,1,0,0
7r9zsela,144,j7qbrraf,6,presurvey,TrainingNeighbor_1,1773018025,1,0,0
7r9zsela,144,j7qbrraf,10,presurvey,ExperimentInstruction,1773018035,1,0,0
7r9zsela,144,j7qbrraf,11,presurvey,Scenario,1773018083,1,0,0
7r9zsela,16,94z639ot,13,mock_N08_N04_Aonly,GroupingWaitPage,1773018087,1,0,1
7r9zsela,16,94z639ot,14,mock_N08_N04_Aonly,GroupSizeWaitPage,1773018088,1,0,1
7r9zsela,16,94z639ot,15,mock_N08_N04_Aonly,AttentionCheck,1773018093,1,0,0
7r9zsela,138,ubx1xk3a,13,mock_N08_N04_Aonly,GroupingWaitPage,1773018843,1,0,1
7r9zsela,138,ubx1xk3a,14,mock_N08_N04_Aonly,GroupSizeWaitPage,1773018844,1,0,1
7r9zsela,138,ubx1xk3a,15,mock_N08_N04_Aonly,AttentionCheck,1773018849,1,0,0
7r9zsela,143,pdwnzqom,13,mock_N08_N04_Aonly,GroupingWaitPage,1773019215,1,0,1
xaw5ge0f,1,1b1jf2br,0,,InitializeParticipant,1773090279,1,0,0
xaw5ge0f,1,1b1jf2br,1,presurvey,Introduction,1773090291,1,0,0
xaw5ge0f,1,1b1jf2br,2,presurvey,AudioCheck,1773090327,1,0,0
xaw5ge0f,1,1b1jf2br,3,presurvey,Demographics,1773090375,1,0,0
xaw5ge0f,1,1b1jf2br,4,presurvey,NeighborhoodInstruction,1773090392,1,0,0
xaw5ge0f,1,1b1jf2br,5,presurvey,Training,1773090416,1,0,0
xaw5ge0f,1,1b1jf2br,6,presurvey,TrainingNeighbor_1,1773090455,1,0,0
xaw5ge0f,2,w4262otm,0,,InitializeParticipant,1773090474,1,0,0
xaw5ge0f,1,1b1jf2br,7,presurvey,TrainingNeighbor_2,1773090480,1,0,0
xaw5ge0f,1,1b1jf2br,10,presurvey,ExperimentInstruction,1773090490,1,0,0
xaw5ge0f,3,k5g4s1al,0,,InitializeParticipant,1773090500,1,0,0
xaw5ge0f,3,k5g4s1al,1,presurvey,Introduction,1773090505,1,0,0
xaw5ge0f,4,lxbi873o,0,,InitializeParticipant,1773090513,1,0,0
xaw5ge0f,2,w4262otm,1,presurvey,Introduction,1773090516,1,0,0
xaw5ge0f,3,k5g4s1al,2,presurvey,AudioCheck,1773090520,1,0,0
xaw5ge0f,4,lxbi873o,1,presurvey,Introduction,1773090527,1,0,0
xaw5ge0f,3,k5g4s1al,3,presurvey,Demographics,1773090532,1,0,0
xaw5ge0f,2,w4262otm,2,presurvey,AudioCheck,1773090538,1,0,0
xaw5ge0f,4,lxbi873o,2,presurvey,AudioCheck,1773090545,1,0,0
xaw5ge0f,3,k5g4s1al,4,presurvey,NeighborhoodInstruction,1773090546,1,0,0
xaw5ge0f,5,olei88r7,0,,InitializeParticipant,1773090548,1,0,0
xaw5ge0f,4,lxbi873o,3,presurvey,Demographics,1773090554,1,0,0
xaw5ge0f,2,w4262otm,3,presurvey,Demographics,1773090557,1,0,0
xaw5ge0f,4,lxbi873o,4,presurvey,NeighborhoodInstruction,1773090569,1,0,0
xaw5ge0f,3,k5g4s1al,5,presurvey,Training,1773090570,1,0,0
xaw5ge0f,2,w4262otm,4,presurvey,NeighborhoodInstruction,1773090587,1,0,0
xaw5ge0f,5,olei88r7,1,presurvey,Introduction,1773090593,1,0,0
xaw5ge0f,4,lxbi873o,5,presurvey,Training,1773090596,1,0,0
xaw5ge0f,5,olei88r7,2,presurvey,AudioCheck,1773090602,1,0,0
xaw5ge0f,3,k5g4s1al,6,presurvey,TrainingNeighbor_1,1773090608,1,0,0
xaw5ge0f,5,olei88r7,3,presurvey,Demographics,1773090613,1,0,0
xaw5ge0f,3,k5g4s1al,7,presurvey,TrainingNeighbor_2,1773090613,1,0,0
xaw5ge0f,3,k5g4s1al,10,presurvey,ExperimentInstruction,1773090624,1,0,0
xaw5ge0f,5,olei88r7,4,presurvey,NeighborhoodInstruction,1773090624,1,0,0
xaw5ge0f,5,olei88r7,5,presurvey,Training,1773090631,1,0,0
xaw5ge0f,4,lxbi873o,6,presurvey,TrainingNeighbor_1,1773090635,1,0,0
xaw5ge0f,3,k5g4s1al,11,presurvey,Scenario,1773090638,1,0,0
xaw5ge0f,4,lxbi873o,10,presurvey,ExperimentInstruction,1773090643,1,0,0
xaw5ge0f,2,w4262otm,5,presurvey,Training,1773090647,1,0,0
xaw5ge0f,5,olei88r7,6,presurvey,TrainingNeighbor_1,1773090658,1,0,0
xaw5ge0f,5,olei88r7,7,presurvey,TrainingNeighbor_2,1773090668,1,0,0
xaw5ge0f,4,lxbi873o,11,presurvey,Scenario,1773090668,1,0,0
xaw5ge0f,5,olei88r7,10,presurvey,ExperimentInstruction,1773090672,1,0,0
xaw5ge0f,6,8axmww3p,0,,InitializeParticipant,1773090678,1,0,0
xaw5ge0f,3,k5g4s1al,12,presurvey,Commitment,1773090681,1,0,0
xaw5ge0f,5,olei88r7,11,presurvey,Scenario,1773090685,1,0,0
xaw5ge0f,6,8axmww3p,1,presurvey,Introduction,1773090699,1,0,0
xaw5ge0f,4,lxbi873o,12,presurvey,Commitment,1773090703,1,0,0
xaw5ge0f,5,olei88r7,12,presurvey,Commitment,1773090714,1,0,0
xaw5ge0f,2,w4262otm,6,presurvey,TrainingNeighbor_1,1773090723,1,0,0
xaw5ge0f,2,w4262otm,7,presurvey,TrainingNeighbor_2,1773090733,1,0,0
xaw5ge0f,6,8axmww3p,2,presurvey,AudioCheck,1773090743,1,0,0
xaw5ge0f,2,w4262otm,10,presurvey,ExperimentInstruction,1773090764,1,0,0
xaw5ge0f,2,w4262otm,11,presurvey,Scenario,1773090790,1,0,0
xaw5ge0f,6,8axmww3p,3,presurvey,Demographics,1773090797,1,0,0
xaw5ge0f,1,1b1jf2br,11,presurvey,Scenario,1773090819,1,0,0
xaw5ge0f,6,8axmww3p,4,presurvey,NeighborhoodInstruction,1773090839,1,0,0
xaw5ge0f,1,1b1jf2br,12,presurvey,Commitment,1773090860,1,0,0
xaw5ge0f,2,w4262otm,12,presurvey,Commitment,1773090893,1,0,0
xaw5ge0f,6,8axmww3p,5,presurvey,Training,1773090923,1,0,0
xaw5ge0f,6,8axmww3p,6,presurvey,TrainingNeighbor_1,1773091024,1,0,0
xaw5ge0f,6,8axmww3p,7,presurvey,TrainingNeighbor_2,1773091050,1,0,0
xaw5ge0f,7,foffllks,0,,InitializeParticipant,1773091080,1,0,0
xaw5ge0f,7,foffllks,1,presurvey,Introduction,1773091083,1,0,0
xaw5ge0f,6,8axmww3p,10,presurvey,ExperimentInstruction,1773091094,1,0,0
xaw5ge0f,7,foffllks,2,presurvey,AudioCheck,1773091097,1,0,0
xaw5ge0f,7,foffllks,3,presurvey,Demographics,1773091115,1,0,0
xaw5ge0f,7,foffllks,4,presurvey,NeighborhoodInstruction,1773091129,1,0,0
xaw5ge0f,6,8axmww3p,11,presurvey,Scenario,1773091154,1,0,0
xaw5ge0f,7,foffllks,5,presurvey,Training,1773091157,1,0,0
xaw5ge0f,7,foffllks,6,presurvey,TrainingNeighbor_1,1773091183,1,0,0
xaw5ge0f,7,foffllks,7,presurvey,TrainingNeighbor_2,1773091187,1,0,0
xaw5ge0f,7,foffllks,10,presurvey,ExperimentInstruction,1773091194,1,0,0
xaw5ge0f,8,bahh7tb1,0,,InitializeParticipant,1773091194,1,0,0
xaw5ge0f,7,foffllks,11,presurvey,Scenario,1773091208,1,0,0
xaw5ge0f,8,bahh7tb1,1,presurvey,Introduction,1773091342,1,0,0
xaw5ge0f,8,bahh7tb1,2,presurvey,AudioCheck,1773091360,1,0,0
xaw5ge0f,8,bahh7tb1,3,presurvey,Demographics,1773091371,1,0,0
xaw5ge0f,8,bahh7tb1,4,presurvey,NeighborhoodInstruction,1773091394,1,0,0
xaw5ge0f,8,bahh7tb1,5,presurvey,Training,1773091410,1,0,0
xaw5ge0f,8,bahh7tb1,6,presurvey,TrainingNeighbor_1,1773091430,1,0,0
xaw5ge0f,8,bahh7tb1,10,presurvey,ExperimentInstruction,1773091442,1,0,0
xaw5ge0f,8,bahh7tb1,11,presurvey,Scenario,1773091459,1,0,0
xaw5ge0f,8,bahh7tb1,12,presurvey,Commitment,1773091508,1,0,0
xaw5ge0f,9,d8tgqt63,0,,InitializeParticipant,1773091572,1,0,0
xaw5ge0f,10,p64l5bt6,0,,InitializeParticipant,1773091590,1,0,0
xaw5ge0f,10,p64l5bt6,1,presurvey,Introduction,1773091600,1,0,0
xaw5ge0f,10,p64l5bt6,2,presurvey,AudioCheck,1773091621,1,0,0
xaw5ge0f,10,p64l5bt6,3,presurvey,Demographics,1773091638,1,0,0
xaw5ge0f,10,p64l5bt6,4,presurvey,NeighborhoodInstruction,1773091653,1,0,0
xaw5ge0f,10,p64l5bt6,5,presurvey,Training,1773091690,1,0,0
xaw5ge0f,11,850bnnld,0,,InitializeParticipant,1773091691,1,0,0
xaw5ge0f,11,850bnnld,1,presurvey,Introduction,1773091704,1,0,0
xaw5ge0f,12,pr0zrnu2,0,,InitializeParticipant,1773091709,1,0,0
xaw5ge0f,10,p64l5bt6,6,presurvey,TrainingNeighbor_1,1773091718,1,0,0
xaw5ge0f,10,p64l5bt6,10,presurvey,ExperimentInstruction,1773091726,1,0,0
xaw5ge0f,13,3ogqpe0e,0,,InitializeParticipant,1773091731,1,0,0
xaw5ge0f,12,pr0zrnu2,1,presurvey,Introduction,1773091732,1,0,0
xaw5ge0f,11,850bnnld,2,presurvey,AudioCheck,1773091743,1,0,0
xaw5ge0f,12,pr0zrnu2,2,presurvey,AudioCheck,1773091753,1,0,0
xaw5ge0f,10,p64l5bt6,11,presurvey,Scenario,1773091755,1,0,0
xaw5ge0f,11,850bnnld,3,presurvey,Demographics,1773091759,1,0,0
xaw5ge0f,13,3ogqpe0e,1,presurvey,Introduction,1773091766,1,0,0
xaw5ge0f,14,ontexl07,0,,InitializeParticipant,1773091772,1,0,0
xaw5ge0f,12,pr0zrnu2,3,presurvey,Demographics,1773091775,1,0,0
xaw5ge0f,12,pr0zrnu2,4,presurvey,NeighborhoodInstruction,1773091790,1,0,0
xaw5ge0f,13,3ogqpe0e,2,presurvey,AudioCheck,1773091791,1,0,0
xaw5ge0f,11,850bnnld,4,presurvey,NeighborhoodInstruction,1773091799,1,0,0
xaw5ge0f,15,6tkcgy1s,0,,InitializeParticipant,1773091813,1,0,0
xaw5ge0f,16,c90ff8w5,0,,InitializeParticipant,1773091817,1,0,0
xaw5ge0f,1,1b1jf2br,13,mock_N08_N04_Aonly,GroupingWaitPage,1773091821,1,0,1
xaw5ge0f,2,w4262otm,13,mock_N08_N04_Aonly,GroupingWaitPage,1773091821,1,0,1
xaw5ge0f,3,k5g4s1al,13,mock_N08_N04_Aonly,GroupingWaitPage,1773091821,1,0,1
xaw5ge0f,5,olei88r7,13,mock_N08_N04_Aonly,GroupingWaitPage,1773091821,1,0,1
xaw5ge0f,1,1b1jf2br,14,mock_N08_N04_Aonly,GroupSizeWaitPage,1773091822,1,0,1
xaw5ge0f,2,w4262otm,14,mock_N08_N04_Aonly,GroupSizeWaitPage,1773091822,1,0,1
xaw5ge0f,3,k5g4s1al,14,mock_N08_N04_Aonly,GroupSizeWaitPage,1773091822,1,0,1
xaw5ge0f,5,olei88r7,14,mock_N08_N04_Aonly,GroupSizeWaitPage,1773091822,1,0,1
xaw5ge0f,5,olei88r7,16,mock_N08_N04_Aonly,DiscussionGRPWaitPage,1773091823,1,0,1
xaw5ge0f,1,1b1jf2br,16,mock_N08_N04_Aonly,DiscussionGRPWaitPage,1773091823,1,0,1
xaw5ge0f,3,k5g4s1al,16,mock_N08_N04_Aonly,DiscussionGRPWaitPage,1773091823,1,0,1
xaw5ge0f,2,w4262otm,16,mock_N08_N04_Aonly,DiscussionGRPWaitPage,1773091823,1,0,1
xaw5ge0f,13,3ogqpe0e,3,presurvey,Demographics,1773091826,1,0,0
xaw5ge0f,12,pr0zrnu2,5,presurvey,Training,1773091835,1,0,0
xaw5ge0f,3,k5g4s1al,20,mock_N08_N04_Aonly,Phase3,1773091839,1,0,0
xaw5ge0f,4,lxbi873o,13,mock_N08_N04_Aonly,GroupingWaitPage,1773091845,1,0,1
xaw5ge0f,3,k5g4s1al,21,mock_N08_N04_Aonly,Discussion,1773091845,1,0,0
xaw5ge0f,4,lxbi873o,14,mock_N08_N04_Aonly,GroupSizeWaitPage,1773091845,1,0,1
xaw5ge0f,14,ontexl07,1,presurvey,Introduction,1773091849,1,0,0
xaw5ge0f,15,6tkcgy1s,1,presurvey,Introduction,1773091849,1,0,0
xaw5ge0f,4,lxbi873o,15,mock_N08_N04_Aonly,AttentionCheck,1773091849,1,0,0
xaw5ge0f,16,c90ff8w5,1,presurvey,Introduction,1773091852,1,0,0
xaw5ge0f,1,1b1jf2br,20,mock_N08_N04_Aonly,Phase3,1773091852,1,0,0
xaw5ge0f,5,olei88r7,20,mock_N08_N04_Aonly,Phase3,1773091853,1,0,0
xaw5ge0f,13,3ogqpe0e,4,presurvey,NeighborhoodInstruction,1773091855,1,0,0
xaw5ge0f,14,ontexl07,2,presurvey,AudioCheck,1773091861,1,0,0
xaw5ge0f,16,c90ff8w5,2,presurvey,AudioCheck,1773091869,1,0,0
xaw5ge0f,2,w4262otm,20,mock_N08_N04_Aonly,Phase3,1773091872,1,1,0
xaw5ge0f,11,850bnnld,5,presurvey,Training,1773091874,1,0,0
xaw5ge0f,14,ontexl07,3,presurvey,Demographics,1773091879,1,0,0
xaw5ge0f,1,1b1jf2br,21,mock_N08_N04_Aonly,Discussion,1773091880,1,0,0
xaw5ge0f,15,6tkcgy1s,2,presurvey,AudioCheck,1773091894,1,0,0
xaw5ge0f,14,ontexl07,4,presurvey,NeighborhoodInstruction,1773091897,1,0,0
xaw5ge0f,12,pr0zrnu2,6,presurvey,TrainingNeighbor_1,1773091897,1,0,0
xaw5ge0f,13,3ogqpe0e,5,presurvey,Training,1773091898,1,0,0
xaw5ge0f,2,w4262otm,21,mock_N08_N04_Aonly,Discussion,1773091900,1,0,0
xaw5ge0f,12,pr0zrnu2,7,presurvey,TrainingNeighbor_2,1773091908,1,0,0
xaw5ge0f,12,pr0zrnu2,10,presurvey,ExperimentInstruction,1773091914,1,0,0
xaw5ge0f,11,850bnnld,6,presurvey,TrainingNeighbor_1,1773091916,1,0,0
xaw5ge0f,13,3ogqpe0e,6,presurvey,TrainingNeighbor_1,1773091930,1,0,0
xaw5ge0f,14,ontexl07,5,presurvey,Training,1773091936,1,0,0
xaw5ge0f,11,850bnnld,10,presurvey,ExperimentInstruction,1773091938,1,0,0
xaw5ge0f,5,olei88r7,21,mock_N08_N04_Aonly,Discussion,1773091944,1,1,0
xaw5ge0f,5,olei88r7,27,mock_N08_N04_Aonly,DiscussionGRPWaitPage,1773091945,2,0,1
xaw5ge0f,1,1b1jf2br,27,mock_N08_N04_Aonly,DiscussionGRPWaitPage,1773091945,2,0,1
xaw5ge0f,3,k5g4s1al,27,mock_N08_N04_Aonly,DiscussionGRPWaitPage,1773091945,2,0,1
xaw5ge0f,2,w4262otm,27,mock_N08_N04_Aonly,DiscussionGRPWaitPage,1773091945,2,0,1
xaw5ge0f,13,3ogqpe0e,10,presurvey,ExperimentInstruction,1773091950,1,0,0
xaw5ge0f,17,4cse74gt,0,,InitializeParticipant,1773091952,1,0,0
xaw5ge0f,12,pr0zrnu2,11,presurvey,Scenario,1773091954,1,0,0
xaw5ge0f,3,k5g4s1al,32,mock_N08_N04_Aonly,Discussion,1773091958,2,0,0
xaw5ge0f,1,1b1jf2br,32,mock_N08_N04_Aonly,Discussion,1773091960,2,0,0
xaw5ge0f,5,olei88r7,32,mock_N08_N04_Aonly,Discussion,1773091961,2,0,0
xaw5ge0f,18,492nbpcq,0,,InitializeParticipant,1773091971,1,0,0
xaw5ge0f,18,492nbpcq,1,presurvey,Introduction,1773091973,1,0,0
xaw5ge0f,17,4cse74gt,1,presurvey,Introduction,1773091977,1,0,0
xaw5ge0f,14,ontexl07,6,presurvey,TrainingNeighbor_1,1773091977,1,0,0
xaw5ge0f,11,850bnnld,11,presurvey,Scenario,1773091982,1,0,0
xaw5ge0f,2,w4262otm,32,mock_N08_N04_Aonly,Discussion,1773091985,2,0,0
xaw5ge0f,5,olei88r7,38,mock_N08_N04_Aonly,DiscussionGRPWaitPage,1773091986,3,0,1
xaw5ge0f,1,1b1jf2br,38,mock_N08_N04_Aonly,DiscussionGRPWaitPage,1773091986,3,0,1
xaw5ge0f,3,k5g4s1al,38,mock_N08_N04_Aonly,DiscussionGRPWaitPage,1773091986,3,0,1
xaw5ge0f,2,w4262otm,38,mock_N08_N04_Aonly,DiscussionGRPWaitPage,1773091986,3,0,1
xaw5ge0f,18,492nbpcq,2,presurvey,AudioCheck,1773091987,1,0,0
xaw5ge0f,14,ontexl07,10,presurvey,ExperimentInstruction,1773091989,1,0,0
xaw5ge0f,12,pr0zrnu2,12,presurvey,Commitment,1773091990,1,0,0
xaw5ge0f,13,3ogqpe0e,11,presurvey,Scenario,1773091991,1,0,0
xaw5ge0f,18,492nbpcq,3,presurvey,Demographics,1773091994,1,0,0
xaw5ge0f,5,olei88r7,43,mock_N08_N04_Aonly,Discussion,1773091995,3,0,0
xaw5ge0f,3,k5g4s1al,43,mock_N08_N04_Aonly,Discussion,1773091998,3,0,0
xaw5ge0f,17,4cse74gt,2,presurvey,AudioCheck,1773092005,1,0,0
xaw5ge0f,1,1b1jf2br,43,mock_N08_N04_Aonly,Discussion,1773092006,3,0,0
xaw5ge0f,14,ontexl07,11,presurvey,Scenario,1773092008,1,0,0
xaw5ge0f,17,4cse74gt,3,presurvey,Demographics,1773092014,1,0,0
xaw5ge0f,2,w4262otm,43,mock_N08_N04_Aonly,Discussion,1773092019,3,0,0
xaw5ge0f,5,olei88r7,49,mock_N08_N04_Aonly,DiscussionGRPWaitPage,1773092020,4,0,1
xaw5ge0f,1,1b1jf2br,49,mock_N08_N04_Aonly,DiscussionGRPWaitPage,1773092020,4,0,1
xaw5ge0f,3,k5g4s1al,49,mock_N08_N04_Aonly,DiscussionGRPWaitPage,1773092020,4,0,1
xaw5ge0f,2,w4262otm,49,mock_N08_N04_Aonly,DiscussionGRPWaitPage,1773092020,4,0,1
xaw5ge0f,3,k5g4s1al,54,mock_N08_N04_Aonly,Discussion,1773092023,4,0,0
xaw5ge0f,18,492nbpcq,4,presurvey,NeighborhoodInstruction,1773092023,1,0,0
xaw5ge0f,5,olei88r7,54,mock_N08_N04_Aonly,Discussion,1773092026,4,0,0
xaw5ge0f,1,1b1jf2br,54,mock_N08_N04_Aonly,Discussion,1773092036,4,0,0
xaw5ge0f,2,w4262otm,54,mock_N08_N04_Aonly,Discussion,1773092038,4,0,0
xaw5ge0f,5,olei88r7,60,mock_N08_N04_Aonly,DiscussionGRPWaitPage,1773092038,5,0,1
xaw5ge0f,1,1b1jf2br,60,mock_N08_N04_Aonly,DiscussionGRPWaitPage,1773092038,5,0,1
xaw5ge0f,3,k5g4s1al,60,mock_N08_N04_Aonly,DiscussionGRPWaitPage,1773092038,5,0,1
xaw5ge0f,2,w4262otm,60,mock_N08_N04_Aonly,DiscussionGRPWaitPage,1773092038,5,0,1
xaw5ge0f,3,k5g4s1al,65,mock_N08_N04_Aonly,Discussion,1773092042,5,0,0
xaw5ge0f,5,olei88r7,65,mock_N08_N04_Aonly,Discussion,1773092042,5,0,0
xaw5ge0f,1,1b1jf2br,65,mock_N08_N04_Aonly,Discussion,1773092052,5,0,0
xaw5ge0f,17,4cse74gt,4,presurvey,NeighborhoodInstruction,1773092054,1,0,0
xaw5ge0f,11,850bnnld,12,presurvey,Commitment,1773092056,1,0,0
xaw5ge0f,2,w4262otm,65,mock_N08_N04_Aonly,Discussion,1773092068,5,0,0
xaw5ge0f,5,olei88r7,71,mock_N08_N04_Aonly,DiscussionGRPWaitPage,1773092069,6,0,1
xaw5ge0f,1,1b1jf2br,71,mock_N08_N04_Aonly,DiscussionGRPWaitPage,1773092069,6,0,1
xaw5ge0f,3,k5g4s1al,71,mock_N08_N04_Aonly,DiscussionGRPWaitPage,1773092069,6,0,1
xaw5ge0f,2,w4262otm,71,mock_N08_N04_Aonly,DiscussionGRPWaitPage,1773092069,6,0,1
xaw5ge0f,3,k5g4s1al,76,mock_N08_N04_Aonly,Discussion,1773092071,6,0,0
xaw5ge0f,5,olei88r7,76,mock_N08_N04_Aonly,Discussion,1773092072,6,0,0
xaw5ge0f,17,4cse74gt,5,presurvey,Training,1773092072,1,0,0
xaw5ge0f,14,ontexl07,12,presurvey,Commitment,1773092076,1,0,0
xaw5ge0f,2,w4262otm,76,mock_N08_N04_Aonly,Discussion,1773092085,6,0,0
xaw5ge0f,18,492nbpcq,5,presurvey,Training,1773092090,1,0,0
xaw5ge0f,1,1b1jf2br,76,mock_N08_N04_Aonly,Discussion,1773092091,6,0,0
xaw5ge0f,5,olei88r7,82,mock_N08_N04_Aonly,DiscussionGRPWaitPage,1773092092,7,0,1
xaw5ge0f,1,1b1jf2br,82,mock_N08_N04_Aonly,DiscussionGRPWaitPage,1773092092,7,0,1
xaw5ge0f,3,k5g4s1al,82,mock_N08_N04_Aonly,DiscussionGRPWaitPage,1773092092,7,0,1
xaw5ge0f,2,w4262otm,82,mock_N08_N04_Aonly,DiscussionGRPWaitPage,1773092092,7,0,1
xaw5ge0f,5,olei88r7,87,mock_N08_N04_Aonly,Discussion,1773092096,7,0,0
xaw5ge0f,3,k5g4s1al,87,mock_N08_N04_Aonly,Discussion,1773092096,7,0,0
xaw5ge0f,1,1b1jf2br,87,mock_N08_N04_Aonly,Discussion,1773092103,7,0,0
xaw5ge0f,18,492nbpcq,6,presurvey,TrainingNeighbor_1,1773092107,1,0,0
xaw5ge0f,18,492nbpcq,10,presurvey,ExperimentInstruction,1773092111,1,0,0
xaw5ge0f,2,w4262otm,87,mock_N08_N04_Aonly,Discussion,1773092116,7,0,0
xaw5ge0f,5,olei88r7,93,mock_N08_N04_Aonly,DiscussionGRPWaitPage,1773092117,8,0,1
xaw5ge0f,1,1b1jf2br,93,mock_N08_N04_Aonly,DiscussionGRPWaitPage,1773092117,8,0,1
xaw5ge0f,3,k5g4s1al,93,mock_N08_N04_Aonly,DiscussionGRPWaitPage,1773092117,8,0,1
xaw5ge0f,2,w4262otm,93,mock_N08_N04_Aonly,DiscussionGRPWaitPage,1773092117,8,0,1
xaw5ge0f,3,k5g4s1al,98,mock_N08_N04_Aonly,Discussion,1773092119,8,0,0
xaw5ge0f,5,olei88r7,98,mock_N08_N04_Aonly,Discussion,1773092120,8,0,0
xaw5ge0f,1,1b1jf2br,98,mock_N08_N04_Aonly,Discussion,1773092130,8,0,0
xaw5ge0f,17,4cse74gt,6,presurvey,TrainingNeighbor_1,1773092133,1,0,0
xaw5ge0f,18,492nbpcq,11,presurvey,Scenario,1773092134,1,0,0
xaw5ge0f,2,w4262otm,98,mock_N08_N04_Aonly,Discussion,1773092141,8,0,0
xaw5ge0f,17,4cse74gt,10,presurvey,ExperimentInstruction,1773092141,1,0,0
xaw5ge0f,5,olei88r7,104,mock_N08_N04_Aonly,DiscussionGRPWaitPage,1773092141,9,0,1
xaw5ge0f,1,1b1jf2br,104,mock_N08_N04_Aonly,DiscussionGRPWaitPage,1773092141,9,0,1
xaw5ge0f,3,k5g4s1al,104,mock_N08_N04_Aonly,DiscussionGRPWaitPage,1773092141,9,0,1
xaw5ge0f,2,w4262otm,104,mock_N08_N04_Aonly,DiscussionGRPWaitPage,1773092141,9,0,1
xaw5ge0f,3,k5g4s1al,109,mock_N08_N04_Aonly,Discussion,1773092144,9,0,0
xaw5ge0f,5,olei88r7,109,mock_N08_N04_Aonly,Discussion,1773092145,9,0,0
xaw5ge0f,2,w4262otm,109,mock_N08_N04_Aonly,Discussion,1773092157,9,0,0
xaw5ge0f,1,1b1jf2br,109,mock_N08_N04_Aonly,Discussion,1773092161,9,0,0
xaw5ge0f,5,olei88r7,115,mock_N08_N04_Aonly,DiscussionGRPWaitPage,1773092162,10,0,1
xaw5ge0f,1,1b1jf2br,115,mock_N08_N04_Aonly,DiscussionGRPWaitPage,1773092162,10,0,1
xaw5ge0f,3,k5g4s1al,115,mock_N08_N04_Aonly,DiscussionGRPWaitPage,1773092162,10,0,1
xaw5ge0f,2,w4262otm,115,mock_N08_N04_Aonly,DiscussionGRPWaitPage,1773092162,10,0,1
xaw5ge0f,17,4cse74gt,11,presurvey,Scenario,1773092164,1,0,0
xaw5ge0f,5,olei88r7,120,mock_N08_N04_Aonly,Discussion,1773092166,10,0,0
xaw5ge0f,3,k5g4s1al,120,mock_N08_N04_Aonly,Discussion,1773092167,10,0,0
xaw5ge0f,1,1b1jf2br,120,mock_N08_N04_Aonly,Discussion,1773092173,10,0,0
xaw5ge0f,2,w4262otm,120,mock_N08_N04_Aonly,Discussion,1773092175,10,0,0
xaw5ge0f,5,olei88r7,126,mock_N08_N04_Aonly,DiscussionGRPWaitPage,1773092175,11,0,1
xaw5ge0f,1,1b1jf2br,126,mock_N08_N04_Aonly,DiscussionGRPWaitPage,1773092175,11,0,1
xaw5ge0f,3,k5g4s1al,126,mock_N08_N04_Aonly,DiscussionGRPWaitPage,1773092175,11,0,1
xaw5ge0f,2,w4262otm,126,mock_N08_N04_Aonly,DiscussionGRPWaitPage,1773092175,11,0,1
xaw5ge0f,5,olei88r7,131,mock_N08_N04_Aonly,Discussion,1773092177,11,0,0
xaw5ge0f,3,k5g4s1al,131,mock_N08_N04_Aonly,Discussion,1773092181,11,0,0
xaw5ge0f,1,1b1jf2br,131,mock_N08_N04_Aonly,Discussion,1773092186,11,0,0
xaw5ge0f,17,4cse74gt,12,presurvey,Commitment,1773092188,1,0,0
xaw5ge0f,2,w4262otm,131,mock_N08_N04_Aonly,Discussion,1773092191,11,0,0
xaw5ge0f,5,olei88r7,137,mock_N08_N04_Aonly,DiscussionGRPWaitPage,1773092192,12,0,1
xaw5ge0f,1,1b1jf2br,137,mock_N08_N04_Aonly,DiscussionGRPWaitPage,1773092192,12,0,1
xaw5ge0f,3,k5g4s1al,137,mock_N08_N04_Aonly,DiscussionGRPWaitPage,1773092192,12,0,1
xaw5ge0f,2,w4262otm,137,mock_N08_N04_Aonly,DiscussionGRPWaitPage,1773092192,12,0,1
xaw5ge0f,5,olei88r7,142,mock_N08_N04_Aonly,Discussion,1773092195,12,0,0
xaw5ge0f,3,k5g4s1al,142,mock_N08_N04_Aonly,Discussion,1773092196,12,0,0
xaw5ge0f,1,1b1jf2br,142,mock_N08_N04_Aonly,Discussion,1773092202,12,0,0
xaw5ge0f,2,w4262otm,142,mock_N08_N04_Aonly,Discussion,1773092207,12,0,0
xaw5ge0f,5,olei88r7,148,mock_N08_N04_Aonly,DiscussionGRPWaitPage,1773092207,13,0,1
xaw5ge0f,1,1b1jf2br,148,mock_N08_N04_Aonly,DiscussionGRPWaitPage,1773092207,13,0,1
xaw5ge0f,3,k5g4s1al,148,mock_N08_N04_Aonly,DiscussionGRPWaitPage,1773092207,13,0,1
xaw5ge0f,2,w4262otm,148,mock_N08_N04_Aonly,DiscussionGRPWaitPage,1773092207,13,0,1
xaw5ge0f,5,olei88r7,153,mock_N08_N04_Aonly,Discussion,1773092213,13,0,0
xaw5ge0f,3,k5g4s1al,153,mock_N08_N04_Aonly,Discussion,1773092215,13,0,0
xaw5ge0f,2,w4262otm,153,mock_N08_N04_Aonly,Discussion,1773092219,13,0,0
xaw5ge0f,19,kczfgf6a,0,,InitializeParticipant,1773092231,1,0,0
xaw5ge0f,1,1b1jf2br,153,mock_N08_N04_Aonly,Discussion,1773092232,13,0,0
xaw5ge0f,5,olei88r7,159,mock_N08_N04_Aonly,DiscussionGRPWaitPage,1773092232,14,0,1
xaw5ge0f,1,1b1jf2br,159,mock_N08_N04_Aonly,DiscussionGRPWaitPage,1773092232,14,0,1
xaw5ge0f,3,k5g4s1al,159,mock_N08_N04_Aonly,DiscussionGRPWaitPage,1773092232,14,0,1
xaw5ge0f,2,w4262otm,159,mock_N08_N04_Aonly,DiscussionGRPWaitPage,1773092232,14,0,1
xaw5ge0f,5,olei88r7,164,mock_N08_N04_Aonly,Discussion,1773092235,14,0,0
xaw5ge0f,3,k5g4s1al,164,mock_N08_N04_Aonly,Discussion,1773092239,14,0,0
xaw5ge0f,1,1b1jf2br,164,mock_N08_N04_Aonly,Discussion,1773092242,14,0,0
xaw5ge0f,2,w4262otm,164,mock_N08_N04_Aonly,Discussion,1773092253,14,0,0
xaw5ge0f,5,olei88r7,170,mock_N08_N04_Aonly,DiscussionGRPWaitPage,1773092253,15,0,1
xaw5ge0f,1,1b1jf2br,170,mock_N08_N04_Aonly,DiscussionGRPWaitPage,1773092253,15,0,1
xaw5ge0f,2,w4262otm,170,mock_N08_N04_Aonly,DiscussionGRPWaitPage,1773092253,15,0,1
xaw5ge0f,3,k5g4s1al,170,mock_N08_N04_Aonly,DiscussionGRPWaitPage,1773092253,15,0,1
xaw5ge0f,5,olei88r7,175,mock_N08_N04_Aonly,Discussion,1773092255,15,0,0
xaw5ge0f,19,kczfgf6a,1,presurvey,Introduction,1773092266,1,0,0
xaw5ge0f,1,1b1jf2br,175,mock_N08_N04_Aonly,Discussion,1773092270,15,0,0
xaw5ge0f,2,w4262otm,175,mock_N08_N04_Aonly,Discussion,1773092284,15,1,0
xaw5ge0f,3,k5g4s1al,175,mock_N08_N04_Aonly,Discussion,1773092288,15,0,0
xaw5ge0f,5,olei88r7,181,mock_N08_N04_Aonly,DiscussionGRPWaitPage,1773092288,16,0,1
xaw5ge0f,1,1b1jf2br,181,mock_N08_N04_Aonly,DiscussionGRPWaitPage,1773092288,16,0,1
xaw5ge0f,3,k5g4s1al,181,mock_N08_N04_Aonly,DiscussionGRPWaitPage,1773092288,16,0,1
xaw5ge0f,2,w4262otm,181,mock_N08_N04_Aonly,DiscussionGRPWaitPage,1773092288,16,0,1
xaw5ge0f,3,k5g4s1al,186,mock_N08_N04_Aonly,Discussion,1773092290,16,0,0
xaw5ge0f,5,olei88r7,186,mock_N08_N04_Aonly,Discussion,1773092291,16,0,0
xaw5ge0f,1,1b1jf2br,186,mock_N08_N04_Aonly,Discussion,1773092299,16,0,0
xaw5ge0f,19,kczfgf6a,2,presurvey,AudioCheck,1773092299,1,0,0
xaw5ge0f,2,w4262otm,186,mock_N08_N04_Aonly,Discussion,1773092310,16,0,0
xaw5ge0f,5,olei88r7,192,mock_N08_N04_Aonly,DiscussionGRPWaitPage,1773092310,17,0,1
xaw5ge0f,1,1b1jf2br,192,mock_N08_N04_Aonly,DiscussionGRPWaitPage,1773092310,17,0,1
xaw5ge0f,3,k5g4s1al,192,mock_N08_N04_Aonly,DiscussionGRPWaitPage,1773092310,17,0,1
xaw5ge0f,2,w4262otm,192,mock_N08_N04_Aonly,DiscussionGRPWaitPage,1773092310,17,0,1
xaw5ge0f,5,olei88r7,197,mock_N08_N04_Aonly,Discussion,1773092313,17,0,0
xaw5ge0f,20,wxa1izbu,0,,InitializeParticipant,1773092314,1,0,0
xaw5ge0f,3,k5g4s1al,197,mock_N08_N04_Aonly,Discussion,1773092314,17,0,0
xaw5ge0f,19,kczfgf6a,3,presurvey,Demographics,1773092315,1,0,0
xaw5ge0f,20,wxa1izbu,1,presurvey,Introduction,1773092319,1,0,0
xaw5ge0f,1,1b1jf2br,197,mock_N08_N04_Aonly,Discussion,1773092320,17,0,0
xaw5ge0f,19,kczfgf6a,4,presurvey,NeighborhoodInstruction,1773092324,1,0,0
xaw5ge0f,2,w4262otm,197,mock_N08_N04_Aonly,Discussion,1773092332,17,0,0
xaw5ge0f,5,olei88r7,203,mock_N08_N04_Aonly,DiscussionGRPWaitPage,1773092333,18,0,1
xaw5ge0f,1,1b1jf2br,203,mock_N08_N04_Aonly,DiscussionGRPWaitPage,1773092333,18,0,1
xaw5ge0f,3,k5g4s1al,203,mock_N08_N04_Aonly,DiscussionGRPWaitPage,1773092333,18,0,1
xaw5ge0f,2,w4262otm,203,mock_N08_N04_Aonly,DiscussionGRPWaitPage,1773092333,18,0,1
xaw5ge0f,5,olei88r7,208,mock_N08_N04_Aonly,Discussion,1773092335,18,0,0
xaw5ge0f,3,k5g4s1al,208,mock_N08_N04_Aonly,Discussion,1773092335,18,0,0
xaw5ge0f,20,wxa1izbu,2,presurvey,AudioCheck,1773092336,1,0,0
xaw5ge0f,19,kczfgf6a,5,presurvey,Training,1773092342,1,0,0
xaw5ge0f,1,1b1jf2br,208,mock_N08_N04_Aonly,Discussion,1773092343,18,0,0
xaw5ge0f,2,w4262otm,208,mock_N08_N04_Aonly,Discussion,1773092353,18,0,0
xaw5ge0f,5,olei88r7,214,mock_N08_N04_Aonly,DiscussionGRPWaitPage,1773092353,19,0,1
xaw5ge0f,1,1b1jf2br,214,mock_N08_N04_Aonly,DiscussionGRPWaitPage,1773092353,19,0,1
xaw5ge0f,3,k5g4s1al,214,mock_N08_N04_Aonly,DiscussionGRPWaitPage,1773092353,19,0,1
xaw5ge0f,2,w4262otm,214,mock_N08_N04_Aonly,DiscussionGRPWaitPage,1773092353,19,0,1
xaw5ge0f,20,wxa1izbu,3,presurvey,Demographics,1773092354,1,0,0
xaw5ge0f,5,olei88r7,219,mock_N08_N04_Aonly,Discussion,1773092356,19,0,0
xaw5ge0f,3,k5g4s1al,219,mock_N08_N04_Aonly,Discussion,1773092356,19,0,0
xaw5ge0f,1,1b1jf2br,219,mock_N08_N04_Aonly,Discussion,1773092361,19,0,0
xaw5ge0f,20,wxa1izbu,4,presurvey,NeighborhoodInstruction,1773092373,1,0,0
xaw5ge0f,2,w4262otm,219,mock_N08_N04_Aonly,Discussion,1773092375,19,0,0
xaw5ge0f,5,olei88r7,225,mock_N08_N04_Aonly,DiscussionGRPWaitPage,1773092375,20,0,1
xaw5ge0f,1,1b1jf2br,225,mock_N08_N04_Aonly,DiscussionGRPWaitPage,1773092375,20,0,1
xaw5ge0f,3,k5g4s1al,225,mock_N08_N04_Aonly,DiscussionGRPWaitPage,1773092375,20,0,1
xaw5ge0f,2,w4262otm,225,mock_N08_N04_Aonly,DiscussionGRPWaitPage,1773092375,20,0,1
xaw5ge0f,5,olei88r7,230,mock_N08_N04_Aonly,Discussion,1773092377,20,0,0
xaw5ge0f,3,k5g4s1al,230,mock_N08_N04_Aonly,Discussion,1773092378,20,0,0
xaw5ge0f,1,1b1jf2br,230,mock_N08_N04_Aonly,Discussion,1773092385,20,0,0
xaw5ge0f,19,kczfgf6a,6,presurvey,TrainingNeighbor_1,1773092389,1,0,0
xaw5ge0f,20,wxa1izbu,5,presurvey,Training,1773092392,1,0,0
xaw5ge0f,2,w4262otm,230,mock_N08_N04_Aonly,Discussion,1773092396,20,0,0
xaw5ge0f,1,1b1jf2br,231,mock_N08_N04_Aonly,FinalRoundWaitPage,1773092396,20,0,1
xaw5ge0f,5,olei88r7,231,mock_N08_N04_Aonly,FinalRoundWaitPage,1773092396,20,0,1
xaw5ge0f,3,k5g4s1al,231,mock_N08_N04_Aonly,FinalRoundWaitPage,1773092396,20,0,1
xaw5ge0f,2,w4262otm,231,mock_N08_N04_Aonly,FinalRoundWaitPage,1773092396,20,0,1
xaw5ge0f,19,kczfgf6a,10,presurvey,ExperimentInstruction,1773092400,1,0,0
xaw5ge0f,3,k5g4s1al,232,mock_N08_N04_Aonly,FinalRound,1773092400,20,0,0
xaw5ge0f,5,olei88r7,232,mock_N08_N04_Aonly,FinalRound,1773092406,20,0,0
xaw5ge0f,1,1b1jf2br,232,mock_N08_N04_Aonly,FinalRound,1773092413,20,0,0
xaw5ge0f,20,wxa1izbu,6,presurvey,TrainingNeighbor_1,1773092425,1,0,0
xaw5ge0f,20,wxa1izbu,10,presurvey,ExperimentInstruction,1773092432,1,0,0
xaw5ge0f,2,w4262otm,232,mock_N08_N04_Aonly,FinalRound,1773092432,20,0,0
xaw5ge0f,19,kczfgf6a,11,presurvey,Scenario,1773092436,1,0,0
xaw5ge0f,20,wxa1izbu,11,presurvey,Scenario,1773092455,1,0,0
xaw5ge0f,19,kczfgf6a,12,presurvey,Commitment,1773092472,1,0,0
xaw5ge0f,21,5fb04e1v,0,,InitializeParticipant,1773092625,1,0,0
xaw5ge0f,21,5fb04e1v,1,presurvey,Introduction,1773092628,1,0,0
xaw5ge0f,21,5fb04e1v,2,presurvey,AudioCheck,1773092647,1,0,0
xaw5ge0f,21,5fb04e1v,3,presurvey,Demographics,1773092658,1,0,0
xaw5ge0f,21,5fb04e1v,4,presurvey,NeighborhoodInstruction,1773092673,1,0,0
xaw5ge0f,21,5fb04e1v,5,presurvey,Training,1773092699,1,0,0
xaw5ge0f,21,5fb04e1v,6,presurvey,TrainingNeighbor_1,1773092727,1,0,0
xaw5ge0f,21,5fb04e1v,7,presurvey,TrainingNeighbor_2,1773092750,1,0,0
xaw5ge0f,21,5fb04e1v,8,presurvey,AttentionCheck,1773092759,1,0,0
xaw5ge0f,21,5fb04e1v,9,presurvey,TrainingNeighbor_3,1773092778,1,0,0
xaw5ge0f,21,5fb04e1v,10,presurvey,ExperimentInstruction,1773092799,1,0,0
xaw5ge0f,21,5fb04e1v,11,presurvey,Scenario,1773092832,1,0,0
xaw5ge0f,21,5fb04e1v,12,presurvey,Commitment,1773092860,1,0,0
xaw5ge0f,22,g1kvrvry,0,,InitializeParticipant,1773093143,1,0,0
xaw5ge0f,22,g1kvrvry,1,presurvey,Introduction,1773093165,1,0,0
xaw5ge0f,22,g1kvrvry,2,presurvey,AudioCheck,1773093185,1,0,0
xaw5ge0f,22,g1kvrvry,3,presurvey,Demographics,1773093208,1,0,0
xaw5ge0f,22,g1kvrvry,4,presurvey,NeighborhoodInstruction,1773093212,1,0,0
xaw5ge0f,14,ontexl07,13,mock_N08_N04_Aonly,GroupingWaitPage,1773093223,1,0,1
xaw5ge0f,14,ontexl07,14,mock_N08_N04_Aonly,GroupSizeWaitPage,1773093224,1,0,1
xaw5ge0f,14,ontexl07,15,mock_N08_N04_Aonly,AttentionCheck,1773093239,1,0,0
xaw5ge0f,22,g1kvrvry,5,presurvey,Training,1773093244,1,0,0
xaw5ge0f,11,850bnnld,13,mock_N08_N04_Aonly,GroupingWaitPage,1773093259,1,0,1
xaw5ge0f,11,850bnnld,14,mock_N08_N04_Aonly,GroupSizeWaitPage,1773093259,1,0,1
xaw5ge0f,11,850bnnld,15,mock_N08_N04_Aonly,AttentionCheck,1773093279,1,0,0
xaw5ge0f,22,g1kvrvry,6,presurvey,TrainingNeighbor_1,1773093286,1,0,0
xaw5ge0f,22,g1kvrvry,10,presurvey,ExperimentInstruction,1773093291,1,0,0
xaw5ge0f,17,4cse74gt,13,mock_N08_N04_Aonly,GroupingWaitPage,1773093331,1,0,1
xaw5ge0f,17,4cse74gt,14,mock_N08_N04_Aonly,GroupSizeWaitPage,1773093332,1,0,1
xaw5ge0f,17,4cse74gt,15,mock_N08_N04_Aonly,AttentionCheck,1773093337,1,0,0
xaw5ge0f,22,g1kvrvry,11,presurvey,Scenario,1773093343,1,0,0
xaw5ge0f,23,533b5g2i,0,,InitializeParticipant,1773093489,1,0,0
xaw5ge0f,23,533b5g2i,1,presurvey,Introduction,1773093562,1,0,0
xaw5ge0f,23,533b5g2i,2,presurvey,AudioCheck,1773093581,1,0,0
xaw5ge0f,23,533b5g2i,3,presurvey,Demographics,1773093594,1,0,0
xaw5ge0f,24,focd40xu,0,,InitializeParticipant,1773093609,1,0,0
xaw5ge0f,23,533b5g2i,4,presurvey,NeighborhoodInstruction,1773093611,1,0,0
xaw5ge0f,19,kczfgf6a,13,mock_N08_N04_Aonly,GroupingWaitPage,1773093622,1,0,1
xaw5ge0f,19,kczfgf6a,14,mock_N08_N04_Aonly,GroupSizeWaitPage,1773093623,1,0,1
xaw5ge0f,19,kczfgf6a,15,mock_N08_N04_Aonly,AttentionCheck,1773093626,1,0,0
xaw5ge0f,23,533b5g2i,5,presurvey,Training,1773093641,1,0,0
xaw5ge0f,24,focd40xu,1,presurvey,Introduction,1773093652,1,0,0
xaw5ge0f,23,533b5g2i,6,presurvey,TrainingNeighbor_1,1773093673,1,0,0
xaw5ge0f,23,533b5g2i,10,presurvey,ExperimentInstruction,1773093684,1,0,0
xaw5ge0f,24,focd40xu,2,presurvey,AudioCheck,1773093710,1,0,0
xaw5ge0f,25,yixtb9cy,0,,InitializeParticipant,1773093724,1,0,0
xaw5ge0f,26,qh7y662y,0,,InitializeParticipant,1773093726,1,0,0
xaw5ge0f,23,533b5g2i,11,presurvey,Scenario,1773093729,1,0,0
xaw5ge0f,24,focd40xu,3,presurvey,Demographics,1773093736,1,0,0
xaw5ge0f,26,qh7y662y,1,presurvey,Introduction,1773093736,1,0,0
xaw5ge0f,26,qh7y662y,2,presurvey,AudioCheck,1773093756,1,0,0
xaw5ge0f,24,focd40xu,4,presurvey,NeighborhoodInstruction,1773093758,1,0,0
xaw5ge0f,23,533b5g2i,12,presurvey,Commitment,1773093766,1,0,0
xaw5ge0f,26,qh7y662y,3,presurvey,Demographics,1773093769,1,0,0
xaw5ge0f,26,qh7y662y,4,presurvey,NeighborhoodInstruction,1773093791,1,0,0
xaw5ge0f,25,yixtb9cy,1,presurvey,Introduction,1773093793,1,0,0
xaw5ge0f,24,focd40xu,5,presurvey,Training,1773093797,1,0,0
xaw5ge0f,27,js9q188w,0,,InitializeParticipant,1773093822,1,0,0
xaw5ge0f,26,qh7y662y,5,presurvey,Training,1773093825,1,0,0
xaw5ge0f,27,js9q188w,1,presurvey,Introduction,1773093827,1,0,0
xaw5ge0f,28,yxbzmvaw,0,,InitializeParticipant,1773093834,1,0,0
xaw5ge0f,25,yixtb9cy,2,presurvey,AudioCheck,1773093834,1,0,0
xaw5ge0f,27,js9q188w,2,presurvey,AudioCheck,1773093838,1,0,0
xaw5ge0f,24,focd40xu,6,presurvey,TrainingNeighbor_1,1773093843,1,0,0
xaw5ge0f,27,js9q188w,3,presurvey,Demographics,1773093848,1,0,0
xaw5ge0f,29,1x5m9e4v,0,,InitializeParticipant,1773093849,1,0,0
xaw5ge0f,24,focd40xu,7,presurvey,TrainingNeighbor_2,1773093858,1,0,0
xaw5ge0f,29,1x5m9e4v,1,presurvey,Introduction,1773093863,1,0,0
xaw5ge0f,26,qh7y662y,6,presurvey,TrainingNeighbor_1,1773093864,1,0,0
xaw5ge0f,25,yixtb9cy,3,presurvey,Demographics,1773093868,1,0,0
xaw5ge0f,27,js9q188w,4,presurvey,NeighborhoodInstruction,1773093870,1,0,0
xaw5ge0f,26,qh7y662y,10,presurvey,ExperimentInstruction,1773093871,1,0,0
xaw5ge0f,29,1x5m9e4v,2,presurvey,AudioCheck,1773093893,1,0,0
xaw5ge0f,24,focd40xu,10,presurvey,ExperimentInstruction,1773093895,1,0,0
xaw5ge0f,27,js9q188w,5,presurvey,Training,1773093899,1,0,0
xaw5ge0f,25,yixtb9cy,4,presurvey,NeighborhoodInstruction,1773093905,1,0,0
xaw5ge0f,29,1x5m9e4v,3,presurvey,Demographics,1773093910,1,0,0
xaw5ge0f,26,qh7y662y,11,presurvey,Scenario,1773093916,1,0,0
xaw5ge0f,24,focd40xu,11,presurvey,Scenario,1773093926,1,0,0
xaw5ge0f,27,js9q188w,6,presurvey,TrainingNeighbor_1,1773093929,1,0,0
xaw5ge0f,27,js9q188w,10,presurvey,ExperimentInstruction,1773093931,1,0,0
xaw5ge0f,28,yxbzmvaw,1,presurvey,Introduction,1773093950,1,0,0
xaw5ge0f,25,yixtb9cy,5,presurvey,Training,1773093950,1,0,0
xaw5ge0f,27,js9q188w,11,presurvey,Scenario,1773093960,1,0,0
xaw5ge0f,29,1x5m9e4v,4,presurvey,NeighborhoodInstruction,1773093963,1,0,0
xaw5ge0f,28,yxbzmvaw,2,presurvey,AudioCheck,1773093978,1,0,0
xaw5ge0f,24,focd40xu,12,presurvey,Commitment,1773093980,1,0,0
xaw5ge0f,29,1x5m9e4v,5,presurvey,Training,1773093985,1,0,0
xaw5ge0f,28,yxbzmvaw,3,presurvey,Demographics,1773093997,1,0,0
xaw5ge0f,27,js9q188w,12,presurvey,Commitment,1773094005,1,0,0
xaw5ge0f,29,1x5m9e4v,6,presurvey,TrainingNeighbor_1,1773094024,1,0,0
xaw5ge0f,29,1x5m9e4v,7,presurvey,TrainingNeighbor_2,1773094041,1,0,0
xaw5ge0f,28,yxbzmvaw,4,presurvey,NeighborhoodInstruction,1773094042,1,0,0
xaw5ge0f,25,yixtb9cy,6,presurvey,TrainingNeighbor_1,1773094045,1,0,0
xaw5ge0f,21,5fb04e1v,13,mock_N08_N04_Aonly,GroupingWaitPage,1773094066,1,0,1
xaw5ge0f,21,5fb04e1v,14,mock_N08_N04_Aonly,GroupSizeWaitPage,1773094067,1,0,1
xaw5ge0f,21,5fb04e1v,15,mock_N08_N04_Aonly,AttentionCheck,1773094073,1,0,0
xaw5ge0f,25,yixtb9cy,7,presurvey,TrainingNeighbor_2,1773094075,1,0,0
xaw5ge0f,29,1x5m9e4v,8,presurvey,AttentionCheck,1773094076,1,0,0
xaw5ge0f,25,yixtb9cy,10,presurvey,ExperimentInstruction,1773094088,1,0,0
xaw5ge0f,29,1x5m9e4v,9,presurvey,TrainingNeighbor_3,1773094095,1,0,0
xaw5ge0f,28,yxbzmvaw,5,presurvey,Training,1773094096,1,0,0
xaw5ge0f,29,1x5m9e4v,10,presurvey,ExperimentInstruction,1773094109,1,0,0
xaw5ge0f,29,1x5m9e4v,11,presurvey,Scenario,1773094151,1,0,0
xaw5ge0f,25,yixtb9cy,11,presurvey,Scenario,1773094158,1,0,0
xaw5ge0f,28,yxbzmvaw,6,presurvey,TrainingNeighbor_1,1773094158,1,0,0
xaw5ge0f,28,yxbzmvaw,10,presurvey,ExperimentInstruction,1773094167,1,0,0
xaw5ge0f,30,391q5gle,0,,InitializeParticipant,1773094217,1,0,0
xaw5ge0f,28,yxbzmvaw,11,presurvey,Scenario,1773094221,1,0,0
xaw5ge0f,25,yixtb9cy,12,presurvey,Commitment,1773094227,1,0,0
xaw5ge0f,28,yxbzmvaw,12,presurvey,Commitment,1773094271,1,0,0
xaw5ge0f,30,391q5gle,1,presurvey,Introduction,1773094274,1,0,0
xaw5ge0f,30,391q5gle,2,presurvey,AudioCheck,1773094301,1,0,0
xaw5ge0f,30,391q5gle,3,presurvey,Demographics,1773094323,1,0,0
xaw5ge0f,30,391q5gle,4,presurvey,NeighborhoodInstruction,1773094351,1,0,0
xaw5ge0f,31,hjf0aub0,0,,InitializeParticipant,1773094359,1,0,0
xaw5ge0f,31,hjf0aub0,1,presurvey,Introduction,1773094364,1,0,0
xaw5ge0f,31,hjf0aub0,2,presurvey,AudioCheck,1773094380,1,0,0
xaw5ge0f,31,hjf0aub0,3,presurvey,Demographics,1773094390,1,0,0
xaw5ge0f,31,hjf0aub0,4,presurvey,NeighborhoodInstruction,1773094411,1,0,0
xaw5ge0f,30,391q5gle,5,presurvey,Training,1773094443,1,0,0
xaw5ge0f,31,hjf0aub0,5,presurvey,Training,1773094449,1,0,0
xaw5ge0f,31,hjf0aub0,6,presurvey,TrainingNeighbor_1,1773094474,1,0,0
xaw5ge0f,32,lyfns1kl,0,,InitializeParticipant,1773094483,1,0,0
xaw5ge0f,31,hjf0aub0,7,presurvey,TrainingNeighbor_2,1773094484,1,0,0
xaw5ge0f,31,hjf0aub0,10,presurvey,ExperimentInstruction,1773094491,1,0,0
xaw5ge0f,30,391q5gle,6,presurvey,TrainingNeighbor_1,1773094494,1,0,0
xaw5ge0f,30,391q5gle,10,presurvey,ExperimentInstruction,1773094511,1,0,0
xaw5ge0f,31,hjf0aub0,11,presurvey,Scenario,1773094530,1,0,0
xaw5ge0f,31,hjf0aub0,12,presurvey,Commitment,1773094566,1,0,0
xaw5ge0f,30,391q5gle,11,presurvey,Scenario,1773094568,1,0,0
xaw5ge0f,32,lyfns1kl,1,presurvey,Introduction,1773094569,1,0,0
xaw5ge0f,32,lyfns1kl,2,presurvey,AudioCheck,1773094602,1,0,0
xaw5ge0f,32,lyfns1kl,3,presurvey,Demographics,1773094623,1,0,0
xaw5ge0f,30,391q5gle,12,presurvey,Commitment,1773094636,1,0,0
xaw5ge0f,33,v0wb6dop,0,,InitializeParticipant,1773094675,1,0,0
xaw5ge0f,32,lyfns1kl,4,presurvey,NeighborhoodInstruction,1773094689,1,0,0
xaw5ge0f,33,v0wb6dop,1,presurvey,Introduction,1773094708,1,0,0
xaw5ge0f,34,i4ipf21o,0,,InitializeParticipant,1773094710,1,0,0
xaw5ge0f,34,i4ipf21o,1,presurvey,Introduction,1773094725,1,0,0
xaw5ge0f,35,n19geae4,0,,InitializeParticipant,1773094734,1,0,0
xaw5ge0f,32,lyfns1kl,5,presurvey,Training,1773094736,1,0,0
xaw5ge0f,35,n19geae4,1,presurvey,Introduction,1773094738,1,0,0
xaw5ge0f,35,n19geae4,2,presurvey,AudioCheck,1773094747,1,0,0
xaw5ge0f,33,v0wb6dop,2,presurvey,AudioCheck,1773094749,1,0,0
xaw5ge0f,35,n19geae4,3,presurvey,Demographics,1773094760,1,0,0
xaw5ge0f,33,v0wb6dop,3,presurvey,Demographics,1773094760,1,0,0
xaw5ge0f,35,n19geae4,4,presurvey,NeighborhoodInstruction,1773094773,1,0,0
xaw5ge0f,35,n19geae4,5,presurvey,Training,1773094781,1,0,0
xaw5ge0f,34,i4ipf21o,2,presurvey,AudioCheck,1773094784,1,0,0
xaw5ge0f,33,v0wb6dop,4,presurvey,NeighborhoodInstruction,1773094789,1,0,0
xaw5ge0f,35,n19geae4,6,presurvey,TrainingNeighbor_1,1773094797,1,0,0
xaw5ge0f,35,n19geae4,7,presurvey,TrainingNeighbor_2,1773094802,1,0,0
xaw5ge0f,35,n19geae4,8,presurvey,AttentionCheck,1773094812,1,0,0
xaw5ge0f,33,v0wb6dop,5,presurvey,Training,1773094824,1,0,0
xaw5ge0f,32,lyfns1kl,6,presurvey,TrainingNeighbor_1,1773094825,1,0,0
xaw5ge0f,34,i4ipf21o,3,presurvey,Demographics,1773094829,1,0,0
xaw5ge0f,35,n19geae4,9,presurvey,TrainingNeighbor_3,1773094837,1,0,0
xaw5ge0f,35,n19geae4,10,presurvey,ExperimentInstruction,1773094839,1,0,0
xaw5ge0f,32,lyfns1kl,7,presurvey,TrainingNeighbor_2,1773094846,1,0,0
xaw5ge0f,35,n19geae4,11,presurvey,Scenario,1773094855,1,0,0
xaw5ge0f,32,lyfns1kl,10,presurvey,ExperimentInstruction,1773094869,1,0,0
xaw5ge0f,33,v0wb6dop,6,presurvey,TrainingNeighbor_1,1773094882,1,0,0
xaw5ge0f,33,v0wb6dop,10,presurvey,ExperimentInstruction,1773094898,1,0,0
xaw5ge0f,23,533b5g2i,13,mock_N08_N04_Aonly,GroupingWaitPage,1773094907,1,0,1
xaw5ge0f,23,533b5g2i,14,mock_N08_N04_Aonly,GroupSizeWaitPage,1773094907,1,0,1
xaw5ge0f,34,i4ipf21o,4,presurvey,NeighborhoodInstruction,1773094914,1,0,0
xaw5ge0f,23,533b5g2i,15,mock_N08_N04_Aonly,AttentionCheck,1773094917,1,0,0
xaw5ge0f,32,lyfns1kl,11,presurvey,Scenario,1773094930,1,0,0
xaw5ge0f,33,v0wb6dop,11,presurvey,Scenario,1773094934,1,0,0
xaw5ge0f,34,i4ipf21o,5,presurvey,Training,1773094965,1,0,0
xaw5ge0f,32,lyfns1kl,12,presurvey,Commitment,1773094997,1,0,0
xaw5ge0f,36,s7n9o4gd,0,,InitializeParticipant,1773095040,1,0,0
xaw5ge0f,36,s7n9o4gd,1,presurvey,Introduction,1773095048,1,0,0
xaw5ge0f,36,s7n9o4gd,2,presurvey,AudioCheck,1773095065,1,0,0
xaw5ge0f,34,i4ipf21o,6,presurvey,TrainingNeighbor_1,1773095068,1,0,0
xaw5ge0f,34,i4ipf21o,7,presurvey,TrainingNeighbor_2,1773095088,1,0,0
xaw5ge0f,36,s7n9o4gd,3,presurvey,Demographics,1773095091,1,0,0
xaw5ge0f,34,i4ipf21o,10,presurvey,ExperimentInstruction,1773095112,1,0,0
xaw5ge0f,24,focd40xu,13,mock_N08_N04_Aonly,GroupingWaitPage,1773095120,1,0,1
xaw5ge0f,24,focd40xu,14,mock_N08_N04_Aonly,GroupSizeWaitPage,1773095121,1,0,1
xaw5ge0f,24,focd40xu,15,mock_N08_N04_Aonly,AttentionCheck,1773095133,1,0,0
xaw5ge0f,36,s7n9o4gd,4,presurvey,NeighborhoodInstruction,1773095138,1,0,0
xaw5ge0f,36,s7n9o4gd,5,presurvey,Training,1773095150,1,0,0
xaw5ge0f,34,i4ipf21o,11,presurvey,Scenario,1773095157,1,0,0
xaw5ge0f,36,s7n9o4gd,6,presurvey,TrainingNeighbor_1,1773095167,1,0,0
xaw5ge0f,36,s7n9o4gd,10,presurvey,ExperimentInstruction,1773095170,1,0,0
xaw5ge0f,37,lkc6rvma,0,,InitializeParticipant,1773095179,1,0,0
xaw5ge0f,37,lkc6rvma,1,presurvey,Introduction,1773095193,1,0,0
xaw5ge0f,38,1u52zl7o,0,,InitializeParticipant,1773095197,1,0,0
xaw5ge0f,38,1u52zl7o,1,presurvey,Introduction,1773095201,1,0,0
xaw5ge0f,37,lkc6rvma,2,presurvey,AudioCheck,1773095206,1,0,0
xaw5ge0f,36,s7n9o4gd,11,presurvey,Scenario,1773095206,1,0,0
xaw5ge0f,36,s7n9o4gd,12,presurvey,Commitment,1773095217,1,0,0
xaw5ge0f,38,1u52zl7o,2,presurvey,AudioCheck,1773095217,1,0,0
xaw5ge0f,37,lkc6rvma,3,presurvey,Demographics,1773095224,1,0,0
xaw5ge0f,38,1u52zl7o,3,presurvey,Demographics,1773095226,1,0,0
xaw5ge0f,37,lkc6rvma,4,presurvey,NeighborhoodInstruction,1773095233,1,0,0
xaw5ge0f,37,lkc6rvma,5,presurvey,Training,1773095245,1,0,0
xaw5ge0f,38,1u52zl7o,4,presurvey,NeighborhoodInstruction,1773095248,1,0,0
xaw5ge0f,37,lkc6rvma,6,presurvey,TrainingNeighbor_1,1773095268,1,0,0
xaw5ge0f,38,1u52zl7o,5,presurvey,Training,1773095280,1,0,0
xaw5ge0f,37,lkc6rvma,7,presurvey,TrainingNeighbor_2,1773095286,1,0,0
xaw5ge0f,37,lkc6rvma,10,presurvey,ExperimentInstruction,1773095292,1,0,0
xaw5ge0f,38,1u52zl7o,6,presurvey,TrainingNeighbor_1,1773095303,1,0,0
xaw5ge0f,37,lkc6rvma,11,presurvey,Scenario,1773095308,1,0,0
xaw5ge0f,38,1u52zl7o,10,presurvey,ExperimentInstruction,1773095311,1,0,0
xaw5ge0f,37,lkc6rvma,12,presurvey,Commitment,1773095331,1,0,0
xaw5ge0f,38,1u52zl7o,11,presurvey,Scenario,1773095337,1,0,0
xaw5ge0f,25,yixtb9cy,13,mock_N08_N04_Aonly,GroupingWaitPage,1773095372,1,0,1
xaw5ge0f,25,yixtb9cy,14,mock_N08_N04_Aonly,GroupSizeWaitPage,1773095373,1,0,1
xaw5ge0f,25,yixtb9cy,15,mock_N08_N04_Aonly,AttentionCheck,1773095383,1,0,0
xaw5ge0f,28,yxbzmvaw,13,mock_N08_N04_Aonly,GroupingWaitPage,1773095413,1,0,1
xaw5ge0f,30,391q5gle,13,mock_N08_N04_Aonly,GroupingWaitPage,1773095413,1,0,1
xaw5ge0f,31,hjf0aub0,13,mock_N08_N04_Aonly,GroupingWaitPage,1773095413,1,0,1
xaw5ge0f,37,lkc6rvma,13,mock_N08_N04_Aonly,GroupingWaitPage,1773095413,1,0,1
xaw5ge0f,28,yxbzmvaw,14,mock_N08_N04_Aonly,GroupSizeWaitPage,1773095414,1,0,1
xaw5ge0f,30,391q5gle,14,mock_N08_N04_Aonly,GroupSizeWaitPage,1773095414,1,0,1
xaw5ge0f,31,hjf0aub0,14,mock_N08_N04_Aonly,GroupSizeWaitPage,1773095414,1,0,1
xaw5ge0f,37,lkc6rvma,14,mock_N08_N04_Aonly,GroupSizeWaitPage,1773095414,1,0,1
xaw5ge0f,30,391q5gle,16,mock_N08_N04_Aonly,DiscussionGRPWaitPage,1773095414,1,0,1
xaw5ge0f,31,hjf0aub0,16,mock_N08_N04_Aonly,DiscussionGRPWaitPage,1773095414,1,0,1
xaw5ge0f,28,yxbzmvaw,16,mock_N08_N04_Aonly,DiscussionGRPWaitPage,1773095414,1,0,1
xaw5ge0f,37,lkc6rvma,16,mock_N08_N04_Aonly,DiscussionGRPWaitPage,1773095414,1,0,1
xaw5ge0f,31,hjf0aub0,20,mock_N08_N04_Aonly,Phase3,1773095433,1,0,0
xaw5ge0f,30,391q5gle,20,mock_N08_N04_Aonly,Phase3,1773095434,1,0,0
xaw5ge0f,37,lkc6rvma,20,mock_N08_N04_Aonly,Phase3,1773095442,1,0,0
xaw5ge0f,39,45ppl04u,0,,InitializeParticipant,1773095447,1,0,0
xaw5ge0f,37,lkc6rvma,21,mock_N08_N04_Aonly,Discussion,1773095448,1,0,0
xaw5ge0f,31,hjf0aub0,21,mock_N08_N04_Aonly,Discussion,1773095450,1,0,0
xaw5ge0f,28,yxbzmvaw,20,mock_N08_N04_Aonly,Phase3,1773095452,1,0,0
xaw5ge0f,30,391q5gle,21,mock_N08_N04_Aonly,Discussion,1773095456,1,0,0
xaw5ge0f,39,45ppl04u,1,presurvey,Introduction,1773095465,1,0,0
xaw5ge0f,28,yxbzmvaw,21,mock_N08_N04_Aonly,Discussion,1773095470,1,0,0
xaw5ge0f,28,yxbzmvaw,27,mock_N08_N04_Aonly,DiscussionGRPWaitPage,1773095470,2,0,1
xaw5ge0f,30,391q5gle,27,mock_N08_N04_Aonly,DiscussionGRPWaitPage,1773095470,2,0,1
xaw5ge0f,31,hjf0aub0,27,mock_N08_N04_Aonly,DiscussionGRPWaitPage,1773095470,2,0,1
xaw5ge0f,37,lkc6rvma,27,mock_N08_N04_Aonly,DiscussionGRPWaitPage,1773095470,2,0,1
xaw5ge0f,37,lkc6rvma,32,mock_N08_N04_Aonly,Discussion,1773095474,2,0,0
xaw5ge0f,31,hjf0aub0,32,mock_N08_N04_Aonly,Discussion,1773095476,2,0,0
xaw5ge0f,30,391q5gle,32,mock_N08_N04_Aonly,Discussion,1773095485,2,0,0
xaw5ge0f,28,yxbzmvaw,32,mock_N08_N04_Aonly,Discussion,1773095488,2,0,0
xaw5ge0f,37,lkc6rvma,38,mock_N08_N04_Aonly,DiscussionGRPWaitPage,1773095488,3,0,1
xaw5ge0f,30,391q5gle,38,mock_N08_N04_Aonly,DiscussionGRPWaitPage,1773095488,3,0,1
xaw5ge0f,31,hjf0aub0,38,mock_N08_N04_Aonly,DiscussionGRPWaitPage,1773095488,3,0,1
xaw5ge0f,28,yxbzmvaw,38,mock_N08_N04_Aonly,DiscussionGRPWaitPage,1773095488,3,0,1
xaw5ge0f,31,hjf0aub0,43,mock_N08_N04_Aonly,Discussion,1773095492,3,0,0
xaw5ge0f,37,lkc6rvma,43,mock_N08_N04_Aonly,Discussion,1773095494,3,0,0
xaw5ge0f,30,391q5gle,43,mock_N08_N04_Aonly,Discussion,1773095495,3,0,0
xaw5ge0f,39,45ppl04u,2,presurvey,AudioCheck,1773095506,1,0,0
xaw5ge0f,28,yxbzmvaw,43,mock_N08_N04_Aonly,Discussion,1773095515,3,0,0
xaw5ge0f,37,lkc6rvma,49,mock_N08_N04_Aonly,DiscussionGRPWaitPage,1773095515,4,0,1
xaw5ge0f,30,391q5gle,49,mock_N08_N04_Aonly,DiscussionGRPWaitPage,1773095515,4,0,1
xaw5ge0f,31,hjf0aub0,49,mock_N08_N04_Aonly,DiscussionGRPWaitPage,1773095515,4,0,1
xaw5ge0f,28,yxbzmvaw,49,mock_N08_N04_Aonly,DiscussionGRPWaitPage,1773095515,4,0,1
xaw5ge0f,31,hjf0aub0,54,mock_N08_N04_Aonly,Discussion,1773095517,4,0,0
xaw5ge0f,28,yxbzmvaw,54,mock_N08_N04_Aonly,Discussion,1773095519,4,0,0
xaw5ge0f,30,391q5gle,54,mock_N08_N04_Aonly,Discussion,1773095523,4,0,0
xaw5ge0f,39,45ppl04u,3,presurvey,Demographics,1773095526,1,0,0
xaw5ge0f,37,lkc6rvma,54,mock_N08_N04_Aonly,Discussion,1773095527,4,0,0
xaw5ge0f,37,lkc6rvma,60,mock_N08_N04_Aonly,DiscussionGRPWaitPage,1773095527,5,0,1
xaw5ge0f,30,391q5gle,60,mock_N08_N04_Aonly,DiscussionGRPWaitPage,1773095527,5,0,1
xaw5ge0f,31,hjf0aub0,60,mock_N08_N04_Aonly,DiscussionGRPWaitPage,1773095527,5,0,1
xaw5ge0f,28,yxbzmvaw,60,mock_N08_N04_Aonly,DiscussionGRPWaitPage,1773095527,5,0,1
xaw5ge0f,37,lkc6rvma,65,mock_N08_N04_Aonly,Discussion,1773095532,5,0,0
xaw5ge0f,28,yxbzmvaw,65,mock_N08_N04_Aonly,Discussion,1773095533,5,0,0
xaw5ge0f,31,hjf0aub0,65,mock_N08_N04_Aonly,Discussion,1773095534,5,0,0
xaw5ge0f,39,45ppl04u,4,presurvey,NeighborhoodInstruction,1773095535,1,0,0
xaw5ge0f,30,391q5gle,65,mock_N08_N04_Aonly,Discussion,1773095535,5,0,0
xaw5ge0f,28,yxbzmvaw,71,mock_N08_N04_Aonly,DiscussionGRPWaitPage,1773095535,6,0,1
xaw5ge0f,30,391q5gle,71,mock_N08_N04_Aonly,DiscussionGRPWaitPage,1773095535,6,0,1
xaw5ge0f,31,hjf0aub0,71,mock_N08_N04_Aonly,DiscussionGRPWaitPage,1773095535,6,0,1
xaw5ge0f,37,lkc6rvma,71,mock_N08_N04_Aonly,DiscussionGRPWaitPage,1773095535,6,0,1
xaw5ge0f,28,yxbzmvaw,76,mock_N08_N04_Aonly,Discussion,1773095537,6,0,0
xaw5ge0f,31,hjf0aub0,76,mock_N08_N04_Aonly,Discussion,1773095539,6,0,0
xaw5ge0f,37,lkc6rvma,76,mock_N08_N04_Aonly,Discussion,1773095540,6,0,0
xaw5ge0f,30,391q5gle,76,mock_N08_N04_Aonly,Discussion,1773095546,6,0,0
xaw5ge0f,37,lkc6rvma,82,mock_N08_N04_Aonly,DiscussionGRPWaitPage,1773095546,7,0,1
xaw5ge0f,30,391q5gle,82,mock_N08_N04_Aonly,DiscussionGRPWaitPage,1773095546,7,0,1
xaw5ge0f,31,hjf0aub0,82,mock_N08_N04_Aonly,DiscussionGRPWaitPage,1773095546,7,0,1
xaw5ge0f,28,yxbzmvaw,82,mock_N08_N04_Aonly,DiscussionGRPWaitPage,1773095546,7,0,1
xaw5ge0f,37,lkc6rvma,87,mock_N08_N04_Aonly,Discussion,1773095550,7,0,0
xaw5ge0f,31,hjf0aub0,87,mock_N08_N04_Aonly,Discussion,1773095550,7,0,0
xaw5ge0f,30,391q5gle,87,mock_N08_N04_Aonly,Discussion,1773095553,7,0,0
xaw5ge0f,28,yxbzmvaw,87,mock_N08_N04_Aonly,Discussion,1773095555,7,0,0
xaw5ge0f,37,lkc6rvma,93,mock_N08_N04_Aonly,DiscussionGRPWaitPage,1773095556,8,0,1
xaw5ge0f,30,391q5gle,93,mock_N08_N04_Aonly,DiscussionGRPWaitPage,1773095556,8,0,1
xaw5ge0f,31,hjf0aub0,93,mock_N08_N04_Aonly,DiscussionGRPWaitPage,1773095556,8,0,1
xaw5ge0f,28,yxbzmvaw,93,mock_N08_N04_Aonly,DiscussionGRPWaitPage,1773095556,8,0,1
xaw5ge0f,39,45ppl04u,5,presurvey,Training,1773095556,1,0,0
xaw5ge0f,28,yxbzmvaw,98,mock_N08_N04_Aonly,Discussion,1773095558,8,0,0
xaw5ge0f,31,hjf0aub0,98,mock_N08_N04_Aonly,Discussion,1773095559,8,0,0
xaw5ge0f,37,lkc6rvma,98,mock_N08_N04_Aonly,Discussion,1773095559,8,0,0
xaw5ge0f,30,391q5gle,98,mock_N08_N04_Aonly,Discussion,1773095561,8,0,0
xaw5ge0f,30,391q5gle,104,mock_N08_N04_Aonly,DiscussionGRPWaitPage,1773095561,9,0,1
xaw5ge0f,31,hjf0aub0,104,mock_N08_N04_Aonly,DiscussionGRPWaitPage,1773095561,9,0,1
xaw5ge0f,37,lkc6rvma,104,mock_N08_N04_Aonly,DiscussionGRPWaitPage,1773095561,9,0,1
xaw5ge0f,28,yxbzmvaw,104,mock_N08_N04_Aonly,DiscussionGRPWaitPage,1773095561,9,0,1
xaw5ge0f,31,hjf0aub0,109,mock_N08_N04_Aonly,Discussion,1773095564,9,0,0
xaw5ge0f,28,yxbzmvaw,109,mock_N08_N04_Aonly,Discussion,1773095566,9,0,0
xaw5ge0f,37,lkc6rvma,109,mock_N08_N04_Aonly,Discussion,1773095567,9,0,0
xaw5ge0f,30,391q5gle,109,mock_N08_N04_Aonly,Discussion,1773095570,9,0,0
xaw5ge0f,28,yxbzmvaw,115,mock_N08_N04_Aonly,DiscussionGRPWaitPage,1773095570,10,0,1
xaw5ge0f,30,391q5gle,115,mock_N08_N04_Aonly,DiscussionGRPWaitPage,1773095570,10,0,1
xaw5ge0f,31,hjf0aub0,115,mock_N08_N04_Aonly,DiscussionGRPWaitPage,1773095570,10,0,1
xaw5ge0f,37,lkc6rvma,115,mock_N08_N04_Aonly,DiscussionGRPWaitPage,1773095570,10,0,1
xaw5ge0f,31,hjf0aub0,120,mock_N08_N04_Aonly,Discussion,1773095573,10,0,0
xaw5ge0f,37,lkc6rvma,120,mock_N08_N04_Aonly,Discussion,1773095574,10,0,0
xaw5ge0f,28,yxbzmvaw,120,mock_N08_N04_Aonly,Discussion,1773095576,10,0,0
xaw5ge0f,30,391q5gle,120,mock_N08_N04_Aonly,Discussion,1773095583,10,0,0
xaw5ge0f,37,lkc6rvma,126,mock_N08_N04_Aonly,DiscussionGRPWaitPage,1773095583,11,0,1
xaw5ge0f,30,391q5gle,126,mock_N08_N04_Aonly,DiscussionGRPWaitPage,1773095583,11,0,1
xaw5ge0f,31,hjf0aub0,126,mock_N08_N04_Aonly,DiscussionGRPWaitPage,1773095583,11,0,1
xaw5ge0f,28,yxbzmvaw,126,mock_N08_N04_Aonly,DiscussionGRPWaitPage,1773095583,11,0,1
xaw5ge0f,31,hjf0aub0,131,mock_N08_N04_Aonly,Discussion,1773095586,11,0,0
xaw5ge0f,39,45ppl04u,6,presurvey,TrainingNeighbor_1,1773095586,1,0,0
xaw5ge0f,37,lkc6rvma,131,mock_N08_N04_Aonly,Discussion,1773095587,11,0,0
xaw5ge0f,30,391q5gle,131,mock_N08_N04_Aonly,Discussion,1773095590,11,0,0
xaw5ge0f,28,yxbzmvaw,131,mock_N08_N04_Aonly,Discussion,1773095591,11,0,0
xaw5ge0f,30,391q5gle,137,mock_N08_N04_Aonly,DiscussionGRPWaitPage,1773095592,12,0,1
xaw5ge0f,31,hjf0aub0,137,mock_N08_N04_Aonly,DiscussionGRPWaitPage,1773095592,12,0,1
xaw5ge0f,28,yxbzmvaw,137,mock_N08_N04_Aonly,DiscussionGRPWaitPage,1773095592,12,0,1
xaw5ge0f,37,lkc6rvma,137,mock_N08_N04_Aonly,DiscussionGRPWaitPage,1773095592,12,0,1
xaw5ge0f,39,45ppl04u,10,presurvey,ExperimentInstruction,1773095592,1,0,0
xaw5ge0f,31,hjf0aub0,142,mock_N08_N04_Aonly,Discussion,1773095594,12,0,0
xaw5ge0f,37,lkc6rvma,142,mock_N08_N04_Aonly,Discussion,1773095594,12,0,0
xaw5ge0f,28,yxbzmvaw,142,mock_N08_N04_Aonly,Discussion,1773095596,12,0,0
xaw5ge0f,30,391q5gle,142,mock_N08_N04_Aonly,Discussion,1773095598,12,0,0
xaw5ge0f,28,yxbzmvaw,148,mock_N08_N04_Aonly,DiscussionGRPWaitPage,1773095598,13,0,1
xaw5ge0f,30,391q5gle,148,mock_N08_N04_Aonly,DiscussionGRPWaitPage,1773095598,13,0,1
xaw5ge0f,31,hjf0aub0,148,mock_N08_N04_Aonly,DiscussionGRPWaitPage,1773095598,13,0,1
xaw5ge0f,37,lkc6rvma,148,mock_N08_N04_Aonly,DiscussionGRPWaitPage,1773095598,13,0,1
xaw5ge0f,31,hjf0aub0,153,mock_N08_N04_Aonly,Discussion,1773095601,13,0,0
xaw5ge0f,37,lkc6rvma,153,mock_N08_N04_Aonly,Discussion,1773095601,13,0,0
xaw5ge0f,30,391q5gle,153,mock_N08_N04_Aonly,Discussion,1773095604,13,0,0
xaw5ge0f,28,yxbzmvaw,153,mock_N08_N04_Aonly,Discussion,1773095604,13,0,0
xaw5ge0f,37,lkc6rvma,159,mock_N08_N04_Aonly,DiscussionGRPWaitPage,1773095605,14,0,1
xaw5ge0f,30,391q5gle,159,mock_N08_N04_Aonly,DiscussionGRPWaitPage,1773095605,14,0,1
xaw5ge0f,31,hjf0aub0,159,mock_N08_N04_Aonly,DiscussionGRPWaitPage,1773095605,14,0,1
xaw5ge0f,28,yxbzmvaw,159,mock_N08_N04_Aonly,DiscussionGRPWaitPage,1773095605,14,0,1
xaw5ge0f,28,yxbzmvaw,164,mock_N08_N04_Aonly,Discussion,1773095605,14,0,0
xaw5ge0f,31,hjf0aub0,164,mock_N08_N04_Aonly,Discussion,1773095607,14,0,0
xaw5ge0f,37,lkc6rvma,164,mock_N08_N04_Aonly,Discussion,1773095607,14,0,0
xaw5ge0f,30,391q5gle,164,mock_N08_N04_Aonly,Discussion,1773095610,14,0,0
xaw5ge0f,37,lkc6rvma,170,mock_N08_N04_Aonly,DiscussionGRPWaitPage,1773095611,15,0,1
xaw5ge0f,30,391q5gle,170,mock_N08_N04_Aonly,DiscussionGRPWaitPage,1773095611,15,0,1
xaw5ge0f,31,hjf0aub0,170,mock_N08_N04_Aonly,DiscussionGRPWaitPage,1773095611,15,0,1
xaw5ge0f,28,yxbzmvaw,170,mock_N08_N04_Aonly,DiscussionGRPWaitPage,1773095611,15,0,1
xaw5ge0f,31,hjf0aub0,175,mock_N08_N04_Aonly,Discussion,1773095614,15,0,0
xaw5ge0f,30,391q5gle,175,mock_N08_N04_Aonly,Discussion,1773095615,15,0,0
xaw5ge0f,28,yxbzmvaw,175,mock_N08_N04_Aonly,Discussion,1773095615,15,0,0
xaw5ge0f,37,lkc6rvma,175,mock_N08_N04_Aonly,Discussion,1773095616,15,0,0
xaw5ge0f,37,lkc6rvma,181,mock_N08_N04_Aonly,DiscussionGRPWaitPage,1773095617,16,0,1
xaw5ge0f,30,391q5gle,181,mock_N08_N04_Aonly,DiscussionGRPWaitPage,1773095617,16,0,1
xaw5ge0f,31,hjf0aub0,181,mock_N08_N04_Aonly,DiscussionGRPWaitPage,1773095617,16,0,1
xaw5ge0f,28,yxbzmvaw,181,mock_N08_N04_Aonly,DiscussionGRPWaitPage,1773095617,16,0,1
xaw5ge0f,28,yxbzmvaw,186,mock_N08_N04_Aonly,Discussion,1773095619,16,0,0
xaw5ge0f,31,hjf0aub0,186,mock_N08_N04_Aonly,Discussion,1773095619,16,0,0
xaw5ge0f,30,391q5gle,186,mock_N08_N04_Aonly,Discussion,1773095621,16,0,0
xaw5ge0f,39,45ppl04u,11,presurvey,Scenario,1773095636,1,0,0
xaw5ge0f,40,p6qt8tbd,0,,InitializeParticipant,1773095638,1,0,0
xaw5ge0f,37,lkc6rvma,186,mock_N08_N04_Aonly,Discussion,1773095639,16,0,0
xaw5ge0f,28,yxbzmvaw,192,mock_N08_N04_Aonly,DiscussionGRPWaitPage,1773095639,17,0,1
xaw5ge0f,30,391q5gle,192,mock_N08_N04_Aonly,DiscussionGRPWaitPage,1773095639,17,0,1
xaw5ge0f,31,hjf0aub0,192,mock_N08_N04_Aonly,DiscussionGRPWaitPage,1773095639,17,0,1
xaw5ge0f,37,lkc6rvma,192,mock_N08_N04_Aonly,DiscussionGRPWaitPage,1773095639,17,0,1
xaw5ge0f,31,hjf0aub0,197,mock_N08_N04_Aonly,Discussion,1773095641,17,0,0
xaw5ge0f,28,yxbzmvaw,197,mock_N08_N04_Aonly,Discussion,1773095642,17,0,0
xaw5ge0f,37,lkc6rvma,197,mock_N08_N04_Aonly,Discussion,1773095643,17,0,0
xaw5ge0f,30,391q5gle,197,mock_N08_N04_Aonly,Discussion,1773095644,17,0,0
xaw5ge0f,37,lkc6rvma,203,mock_N08_N04_Aonly,DiscussionGRPWaitPage,1773095644,18,0,1
xaw5ge0f,30,391q5gle,203,mock_N08_N04_Aonly,DiscussionGRPWaitPage,1773095644,18,0,1
xaw5ge0f,31,hjf0aub0,203,mock_N08_N04_Aonly,DiscussionGRPWaitPage,1773095644,18,0,1
xaw5ge0f,28,yxbzmvaw,203,mock_N08_N04_Aonly,DiscussionGRPWaitPage,1773095644,18,0,1
xaw5ge0f,31,hjf0aub0,208,mock_N08_N04_Aonly,Discussion,1773095647,18,0,0
xaw5ge0f,37,lkc6rvma,208,mock_N08_N04_Aonly,Discussion,1773095649,18,0,0
xaw5ge0f,28,yxbzmvaw,208,mock_N08_N04_Aonly,Discussion,1773095650,18,0,0
xaw5ge0f,30,391q5gle,208,mock_N08_N04_Aonly,Discussion,1773095651,18,0,0
xaw5ge0f,37,lkc6rvma,214,mock_N08_N04_Aonly,DiscussionGRPWaitPage,1773095651,19,0,1
xaw5ge0f,30,391q5gle,214,mock_N08_N04_Aonly,DiscussionGRPWaitPage,1773095651,19,0,1
xaw5ge0f,31,hjf0aub0,214,mock_N08_N04_Aonly,DiscussionGRPWaitPage,1773095651,19,0,1
xaw5ge0f,28,yxbzmvaw,214,mock_N08_N04_Aonly,DiscussionGRPWaitPage,1773095651,19,0,1
xaw5ge0f,31,hjf0aub0,219,mock_N08_N04_Aonly,Discussion,1773095653,19,0,0
xaw5ge0f,28,yxbzmvaw,219,mock_N08_N04_Aonly,Discussion,1773095655,19,0,0
xaw5ge0f,30,391q5gle,219,mock_N08_N04_Aonly,Discussion,1773095656,19,0,0
xaw5ge0f,41,x0ftx4qy,0,,InitializeParticipant,1773095664,1,0,0
xaw5ge0f,39,45ppl04u,12,presurvey,Commitment,1773095664,1,0,0
xaw5ge0f,41,x0ftx4qy,1,presurvey,Introduction,1773095670,1,0,0
xaw5ge0f,40,p6qt8tbd,1,presurvey,Introduction,1773095673,1,0,0
xaw5ge0f,37,lkc6rvma,219,mock_N08_N04_Aonly,Discussion,1773095682,19,1,0
xaw5ge0f,37,lkc6rvma,225,mock_N08_N04_Aonly,DiscussionGRPWaitPage,1773095682,20,0,1
xaw5ge0f,30,391q5gle,225,mock_N08_N04_Aonly,DiscussionGRPWaitPage,1773095682,20,0,1
xaw5ge0f,31,hjf0aub0,225,mock_N08_N04_Aonly,DiscussionGRPWaitPage,1773095682,20,0,1
xaw5ge0f,28,yxbzmvaw,225,mock_N08_N04_Aonly,DiscussionGRPWaitPage,1773095682,20,0,1
xaw5ge0f,31,hjf0aub0,230,mock_N08_N04_Aonly,Discussion,1773095684,20,0,0
xaw5ge0f,37,lkc6rvma,230,mock_N08_N04_Aonly,Discussion,1773095685,20,0,0
xaw5ge0f,28,yxbzmvaw,230,mock_N08_N04_Aonly,Discussion,1773095686,20,0,0
xaw5ge0f,30,391q5gle,230,mock_N08_N04_Aonly,Discussion,1773095686,20,0,0
xaw5ge0f,37,lkc6rvma,231,mock_N08_N04_Aonly,FinalRoundWaitPage,1773095686,20,0,1
xaw5ge0f,31,hjf0aub0,231,mock_N08_N04_Aonly,FinalRoundWaitPage,1773095686,20,0,1
xaw5ge0f,28,yxbzmvaw,231,mock_N08_N04_Aonly,FinalRoundWaitPage,1773095686,20,0,1
xaw5ge0f,30,391q5gle,231,mock_N08_N04_Aonly,FinalRoundWaitPage,1773095686,20,0,1
xaw5ge0f,31,hjf0aub0,232,mock_N08_N04_Aonly,FinalRound,1773095694,20,0,0
xaw5ge0f,37,lkc6rvma,232,mock_N08_N04_Aonly,FinalRound,1773095694,20,0,0
xaw5ge0f,30,391q5gle,232,mock_N08_N04_Aonly,FinalRound,1773095694,20,0,0
xaw5ge0f,28,yxbzmvaw,232,mock_N08_N04_Aonly,FinalRound,1773095697,20,0,0
xaw5ge0f,41,x0ftx4qy,2,presurvey,AudioCheck,1773095704,1,0,0
xaw5ge0f,40,p6qt8tbd,2,presurvey,AudioCheck,1773095706,1,0,0
xaw5ge0f,41,x0ftx4qy,3,presurvey,Demographics,1773095721,1,0,0
xaw5ge0f,40,p6qt8tbd,3,presurvey,Demographics,1773095724,1,0,0
xaw5ge0f,40,p6qt8tbd,4,presurvey,NeighborhoodInstruction,1773095747,1,0,0
xaw5ge0f,41,x0ftx4qy,4,presurvey,NeighborhoodInstruction,1773095751,1,0,0
xaw5ge0f,40,p6qt8tbd,5,presurvey,Training,1773095793,1,0,0
xaw5ge0f,41,x0ftx4qy,5,presurvey,Training,1773095800,1,0,0
xaw5ge0f,41,x0ftx4qy,6,presurvey,TrainingNeighbor_1,1773095825,1,0,0
xaw5ge0f,41,x0ftx4qy,10,presurvey,ExperimentInstruction,1773095836,1,0,0
xaw5ge0f,40,p6qt8tbd,6,presurvey,TrainingNeighbor_1,1773095851,1,0,0
xaw5ge0f,42,3qpowasw,0,,InitializeParticipant,1773095854,1,0,0
xaw5ge0f,42,3qpowasw,1,presurvey,Introduction,1773095858,1,0,0
xaw5ge0f,40,p6qt8tbd,7,presurvey,TrainingNeighbor_2,1773095867,1,0,0
xaw5ge0f,41,x0ftx4qy,11,presurvey,Scenario,1773095873,1,0,0
xaw5ge0f,40,p6qt8tbd,10,presurvey,ExperimentInstruction,1773095878,1,0,0
xaw5ge0f,42,3qpowasw,2,presurvey,AudioCheck,1773095883,1,0,0
xaw5ge0f,42,3qpowasw,3,presurvey,Demographics,1773095894,1,0,0
xaw5ge0f,42,3qpowasw,4,presurvey,NeighborhoodInstruction,1773095906,1,0,0
xaw5ge0f,43,vylibj9a,0,,InitializeParticipant,1773095918,1,0,0
xaw5ge0f,44,dopv1ben,0,,InitializeParticipant,1773095920,1,0,0
xaw5ge0f,42,3qpowasw,5,presurvey,Training,1773095921,1,0,0
xaw5ge0f,40,p6qt8tbd,11,presurvey,Scenario,1773095925,1,0,0
xaw5ge0f,42,3qpowasw,6,presurvey,TrainingNeighbor_1,1773095936,1,0,0
xaw5ge0f,44,dopv1ben,1,presurvey,Introduction,1773095948,1,0,0
xaw5ge0f,44,dopv1ben,2,presurvey,AudioCheck,1773095970,1,0,0
xaw5ge0f,44,dopv1ben,3,presurvey,Demographics,1773095994,1,0,0
xaw5ge0f,44,dopv1ben,4,presurvey,NeighborhoodInstruction,1773096041,1,0,0
xaw5ge0f,42,3qpowasw,10,presurvey,ExperimentInstruction,1773096052,1,0,0
xaw5ge0f,44,dopv1ben,5,presurvey,Training,1773096085,1,0,0
xaw5ge0f,42,3qpowasw,11,presurvey,Scenario,1773096094,1,0,0
xaw5ge0f,45,t2vyn8y4,0,,InitializeParticipant,1773096123,1,0,0
xaw5ge0f,45,t2vyn8y4,1,presurvey,Introduction,1773096128,1,0,0
xaw5ge0f,42,3qpowasw,12,presurvey,Commitment,1773096134,1,0,0
xaw5ge0f,32,lyfns1kl,13,mock_N08_N04_Aonly,GroupingWaitPage,1773096139,1,0,1
xaw5ge0f,32,lyfns1kl,14,mock_N08_N04_Aonly,GroupSizeWaitPage,1773096140,1,0,1
xaw5ge0f,32,lyfns1kl,15,mock_N08_N04_Aonly,AttentionCheck,1773096151,1,0,0
xaw5ge0f,45,t2vyn8y4,2,presurvey,AudioCheck,1773096160,1,0,0
xaw5ge0f,45,t2vyn8y4,3,presurvey,Demographics,1773096180,1,0,0
xaw5ge0f,45,t2vyn8y4,4,presurvey,NeighborhoodInstruction,1773096202,1,0,0
xaw5ge0f,44,dopv1ben,6,presurvey,TrainingNeighbor_1,1773096210,1,0,0
xaw5ge0f,45,t2vyn8y4,5,presurvey,Training,1773096220,1,0,0
xaw5ge0f,46,ffwhnvw1,0,,InitializeParticipant,1773096241,1,0,0
xaw5ge0f,44,dopv1ben,10,presurvey,ExperimentInstruction,1773096246,1,0,0
xaw5ge0f,45,t2vyn8y4,6,presurvey,TrainingNeighbor_1,1773096272,1,0,0
xaw5ge0f,46,ffwhnvw1,1,presurvey,Introduction,1773096285,1,0,0
xaw5ge0f,45,t2vyn8y4,10,presurvey,ExperimentInstruction,1773096285,1,0,0
xaw5ge0f,46,ffwhnvw1,2,presurvey,AudioCheck,1773096302,1,0,0
xaw5ge0f,44,dopv1ben,11,presurvey,Scenario,1773096307,1,0,0
xaw5ge0f,45,t2vyn8y4,11,presurvey,Scenario,1773096329,1,0,0
xaw5ge0f,46,ffwhnvw1,3,presurvey,Demographics,1773096332,1,0,0
xaw5ge0f,46,ffwhnvw1,4,presurvey,NeighborhoodInstruction,1773096343,1,0,0
xaw5ge0f,47,quw9542d,0,,InitializeParticipant,1773096344,1,0,0
xaw5ge0f,46,ffwhnvw1,5,presurvey,Training,1773096364,1,0,0
xaw5ge0f,36,s7n9o4gd,13,mock_N08_N04_Aonly,GroupingWaitPage,1773096365,1,0,1
xaw5ge0f,36,s7n9o4gd,14,mock_N08_N04_Aonly,GroupSizeWaitPage,1773096366,1,0,1
xaw5ge0f,36,s7n9o4gd,15,mock_N08_N04_Aonly,AttentionCheck,1773096374,1,0,0
xaw5ge0f,46,ffwhnvw1,6,presurvey,TrainingNeighbor_1,1773096377,1,0,0
xaw5ge0f,46,ffwhnvw1,10,presurvey,ExperimentInstruction,1773096382,1,0,0
xaw5ge0f,46,ffwhnvw1,11,presurvey,Scenario,1773096404,1,0,0
xaw5ge0f,44,dopv1ben,12,presurvey,Commitment,1773096410,1,0,0
xaw5ge0f,46,ffwhnvw1,12,presurvey,Commitment,1773096423,1,0,0
xaw5ge0f,47,quw9542d,1,presurvey,Introduction,1773096455,1,0,0
xaw5ge0f,47,quw9542d,2,presurvey,AudioCheck,1773096483,1,0,0
xaw5ge0f,47,quw9542d,3,presurvey,Demographics,1773096496,1,0,0
xaw5ge0f,47,quw9542d,4,presurvey,NeighborhoodInstruction,1773096512,1,0,0
xaw5ge0f,47,quw9542d,5,presurvey,Training,1773096541,1,0,0
xaw5ge0f,48,wlamy2ck,0,,InitializeParticipant,1773096563,1,0,0
xaw5ge0f,48,wlamy2ck,1,presurvey,Introduction,1773096578,1,0,0
xaw5ge0f,48,wlamy2ck,2,presurvey,AudioCheck,1773096601,1,0,0
xaw5ge0f,47,quw9542d,6,presurvey,TrainingNeighbor_1,1773096601,1,0,0
xaw5ge0f,47,quw9542d,10,presurvey,ExperimentInstruction,1773096608,1,0,0
xaw5ge0f,47,quw9542d,11,presurvey,Scenario,1773096672,1,0,0
xaw5ge0f,48,wlamy2ck,3,presurvey,Demographics,1773096673,1,0,0
xaw5ge0f,49,0dqpe8us,0,,InitializeParticipant,1773096701,1,0,0
xaw5ge0f,48,wlamy2ck,4,presurvey,NeighborhoodInstruction,1773096703,1,0,0
xaw5ge0f,49,0dqpe8us,1,presurvey,Introduction,1773096726,1,0,0
xaw5ge0f,48,wlamy2ck,5,presurvey,Training,1773096738,1,0,0
xaw5ge0f,47,quw9542d,12,presurvey,Commitment,1773096739,1,0,0
xaw5ge0f,49,0dqpe8us,2,presurvey,AudioCheck,1773096761,1,0,0
xaw5ge0f,49,0dqpe8us,3,presurvey,Demographics,1773096771,1,0,0
xaw5ge0f,48,wlamy2ck,6,presurvey,TrainingNeighbor_1,1773096780,1,0,0
xaw5ge0f,50,ggqifzgt,0,,InitializeParticipant,1773096789,1,0,0
xaw5ge0f,50,ggqifzgt,1,presurvey,Introduction,1773096802,1,0,0
xaw5ge0f,39,45ppl04u,13,mock_N08_N04_Aonly,GroupingWaitPage,1773096805,1,0,1
xaw5ge0f,39,45ppl04u,14,mock_N08_N04_Aonly,GroupSizeWaitPage,1773096805,1,0,1
xaw5ge0f,39,45ppl04u,15,mock_N08_N04_Aonly,AttentionCheck,1773096812,1,0,0
xaw5ge0f,48,wlamy2ck,10,presurvey,ExperimentInstruction,1773096813,1,0,0
xaw5ge0f,50,ggqifzgt,2,presurvey,AudioCheck,1773096828,1,0,0
xaw5ge0f,50,ggqifzgt,3,presurvey,Demographics,1773096844,1,0,0
xaw5ge0f,48,wlamy2ck,11,presurvey,Scenario,1773096852,1,0,0
xaw5ge0f,50,ggqifzgt,4,presurvey,NeighborhoodInstruction,1773096860,1,0,0
xaw5ge0f,51,13ymvpk3,0,,InitializeParticipant,1773096866,1,0,0
xaw5ge0f,50,ggqifzgt,5,presurvey,Training,1773096887,1,0,0
xaw5ge0f,51,13ymvpk3,1,presurvey,Introduction,1773096915,1,0,0
xaw5ge0f,50,ggqifzgt,6,presurvey,TrainingNeighbor_1,1773096933,1,0,0
xaw5ge0f,51,13ymvpk3,2,presurvey,AudioCheck,1773096940,1,0,0
xaw5ge0f,50,ggqifzgt,10,presurvey,ExperimentInstruction,1773096941,1,0,0
xaw5ge0f,51,13ymvpk3,3,presurvey,Demographics,1773096956,1,0,0
xaw5ge0f,50,ggqifzgt,11,presurvey,Scenario,1773096958,1,0,0
xaw5ge0f,52,pnsxr2w8,0,,InitializeParticipant,1773096961,1,0,0
xaw5ge0f,52,pnsxr2w8,1,presurvey,Introduction,1773096985,1,0,0
xaw5ge0f,52,pnsxr2w8,2,presurvey,AudioCheck,1773097002,1,0,0
xaw5ge0f,50,ggqifzgt,12,presurvey,Commitment,1773097010,1,0,0
xaw5ge0f,51,13ymvpk3,4,presurvey,NeighborhoodInstruction,1773097011,1,0,0
xaw5ge0f,52,pnsxr2w8,3,presurvey,Demographics,1773097019,1,0,0
xaw5ge0f,52,pnsxr2w8,4,presurvey,NeighborhoodInstruction,1773097051,1,0,0
xaw5ge0f,52,pnsxr2w8,5,presurvey,Training,1773097096,1,0,0
xaw5ge0f,53,amy05wnr,0,,InitializeParticipant,1773097098,1,0,0
xaw5ge0f,54,xz2es1cr,0,,InitializeParticipant,1773097107,1,0,0
xaw5ge0f,53,amy05wnr,1,presurvey,Introduction,1773097109,1,0,0
xaw5ge0f,54,xz2es1cr,1,presurvey,Introduction,1773097110,1,0,0
xaw5ge0f,51,13ymvpk3,5,presurvey,Training,1773097122,1,0,0
xaw5ge0f,53,amy05wnr,2,presurvey,AudioCheck,1773097124,1,0,0
xaw5ge0f,53,amy05wnr,3,presurvey,Demographics,1773097149,1,0,0
xaw5ge0f,53,amy05wnr,4,presurvey,NeighborhoodInstruction,1773097160,1,0,0
xaw5ge0f,52,pnsxr2w8,6,presurvey,TrainingNeighbor_1,1773097173,1,0,0
xaw5ge0f,51,13ymvpk3,6,presurvey,TrainingNeighbor_1,1773097184,1,0,0
xaw5ge0f,52,pnsxr2w8,10,presurvey,ExperimentInstruction,1773097190,1,0,0
xaw5ge0f,55,oy90v70t,0,,InitializeParticipant,1773097193,1,0,0
xaw5ge0f,51,13ymvpk3,10,presurvey,ExperimentInstruction,1773097194,1,0,0
xaw5ge0f,56,w0n0z8m6,0,,InitializeParticipant,1773097224,1,0,0
xaw5ge0f,57,wedee779,0,,InitializeParticipant,1773097235,1,0,0
xaw5ge0f,52,pnsxr2w8,11,presurvey,Scenario,1773097235,1,0,0
xaw5ge0f,55,oy90v70t,1,presurvey,Introduction,1773097239,1,0,0
xaw5ge0f,57,wedee779,1,presurvey,Introduction,1773097242,1,0,0
xaw5ge0f,57,wedee779,2,presurvey,AudioCheck,1773097255,1,0,0
xaw5ge0f,55,oy90v70t,2,presurvey,AudioCheck,1773097257,1,0,0
xaw5ge0f,58,b8spz58b,0,,InitializeParticipant,1773097258,1,0,0
xaw5ge0f,51,13ymvpk3,11,presurvey,Scenario,1773097269,1,0,0
xaw5ge0f,59,xqloukvm,0,,InitializeParticipant,1773097270,1,0,0
xaw5ge0f,56,w0n0z8m6,1,presurvey,Introduction,1773097274,1,0,0
xaw5ge0f,60,6h6veksx,0,,InitializeParticipant,1773097275,1,0,0
xaw5ge0f,42,3qpowasw,13,mock_N08_N04_Aonly,GroupingWaitPage,1773097276,1,0,1
xaw5ge0f,42,3qpowasw,14,mock_N08_N04_Aonly,GroupSizeWaitPage,1773097277,1,0,1
xaw5ge0f,55,oy90v70t,3,presurvey,Demographics,1773097283,1,0,0
xaw5ge0f,57,wedee779,3,presurvey,Demographics,1773097284,1,0,0
xaw5ge0f,42,3qpowasw,15,mock_N08_N04_Aonly,AttentionCheck,1773097289,1,0,0
xaw5ge0f,58,b8spz58b,1,presurvey,Introduction,1773097293,1,0,0
xaw5ge0f,52,pnsxr2w8,12,presurvey,Commitment,1773097304,1,0,0
xaw5ge0f,55,oy90v70t,4,presurvey,NeighborhoodInstruction,1773097305,1,0,0
xaw5ge0f,59,xqloukvm,1,presurvey,Introduction,1773097306,1,0,0
xaw5ge0f,57,wedee779,4,presurvey,NeighborhoodInstruction,1773097311,1,0,0
xaw5ge0f,56,w0n0z8m6,2,presurvey,AudioCheck,1773097316,1,0,0
xaw5ge0f,58,b8spz58b,2,presurvey,AudioCheck,1773097321,1,0,0
xaw5ge0f,51,13ymvpk3,12,presurvey,Commitment,1773097328,1,0,0
xaw5ge0f,55,oy90v70t,5,presurvey,Training,1773097336,1,0,0
xaw5ge0f,53,amy05wnr,5,presurvey,Training,1773097338,1,0,0
xaw5ge0f,56,w0n0z8m6,3,presurvey,Demographics,1773097341,1,0,0
xaw5ge0f,59,xqloukvm,2,presurvey,AudioCheck,1773097341,1,0,0
xaw5ge0f,57,wedee779,5,presurvey,Training,1773097353,1,0,0
xaw5ge0f,58,b8spz58b,3,presurvey,Demographics,1773097353,1,0,0
xaw5ge0f,59,xqloukvm,3,presurvey,Demographics,1773097359,1,0,0
xaw5ge0f,58,b8spz58b,4,presurvey,NeighborhoodInstruction,1773097373,1,0,0
xaw5ge0f,53,amy05wnr,6,presurvey,TrainingNeighbor_1,1773097373,1,0,0
xaw5ge0f,55,oy90v70t,6,presurvey,TrainingNeighbor_1,1773097376,1,0,0
xaw5ge0f,56,w0n0z8m6,4,presurvey,NeighborhoodInstruction,1773097379,1,0,0
xaw5ge0f,53,amy05wnr,10,presurvey,ExperimentInstruction,1773097380,1,0,0
xaw5ge0f,55,oy90v70t,10,presurvey,ExperimentInstruction,1773097384,1,0,0
xaw5ge0f,57,wedee779,6,presurvey,TrainingNeighbor_1,1773097397,1,0,0
xaw5ge0f,57,wedee779,10,presurvey,ExperimentInstruction,1773097401,1,0,0
xaw5ge0f,59,xqloukvm,4,presurvey,NeighborhoodInstruction,1773097412,1,0,0
xaw5ge0f,55,oy90v70t,11,presurvey,Scenario,1773097418,1,0,0
xaw5ge0f,53,amy05wnr,11,presurvey,Scenario,1773097421,1,0,0
xaw5ge0f,61,ebpf4l97,0,,InitializeParticipant,1773097429,1,0,0
xaw5ge0f,61,ebpf4l97,1,presurvey,Introduction,1773097433,1,0,0
xaw5ge0f,57,wedee779,11,presurvey,Scenario,1773097437,1,0,0
xaw5ge0f,58,b8spz58b,5,presurvey,Training,1773097444,1,0,0
xaw5ge0f,56,w0n0z8m6,5,presurvey,Training,1773097447,1,0,0
xaw5ge0f,61,ebpf4l97,2,presurvey,AudioCheck,1773097448,1,0,0
xaw5ge0f,62,luckfxpw,0,,InitializeParticipant,1773097448,1,0,0
xaw5ge0f,59,xqloukvm,5,presurvey,Training,1773097456,1,0,0
xaw5ge0f,63,l9qd42fk,0,,InitializeParticipant,1773097462,1,0,0
xaw5ge0f,55,oy90v70t,12,presurvey,Commitment,1773097463,1,0,0
xaw5ge0f,62,luckfxpw,1,presurvey,Introduction,1773097469,1,0,0
xaw5ge0f,61,ebpf4l97,3,presurvey,Demographics,1773097472,1,0,0
xaw5ge0f,61,ebpf4l97,4,presurvey,NeighborhoodInstruction,1773097474,1,0,0
xaw5ge0f,57,wedee779,12,presurvey,Commitment,1773097484,1,0,0
xaw5ge0f,62,luckfxpw,2,presurvey,AudioCheck,1773097484,1,0,0
xaw5ge0f,61,ebpf4l97,5,presurvey,Training,1773097487,1,0,0
xaw5ge0f,63,l9qd42fk,1,presurvey,Introduction,1773097491,1,0,0
xaw5ge0f,62,luckfxpw,3,presurvey,Demographics,1773097497,1,0,0
xaw5ge0f,63,l9qd42fk,2,presurvey,AudioCheck,1773097508,1,0,0
xaw5ge0f,60,6h6veksx,1,presurvey,Introduction,1773097509,1,0,0
xaw5ge0f,63,l9qd42fk,3,presurvey,Demographics,1773097519,1,0,0
xaw5ge0f,61,ebpf4l97,6,presurvey,TrainingNeighbor_1,1773097526,1,0,0
xaw5ge0f,58,b8spz58b,6,presurvey,TrainingNeighbor_1,1773097527,1,0,0
xaw5ge0f,61,ebpf4l97,10,presurvey,ExperimentInstruction,1773097531,1,0,0
xaw5ge0f,59,xqloukvm,6,presurvey,TrainingNeighbor_1,1773097537,1,0,0
xaw5ge0f,62,luckfxpw,4,presurvey,NeighborhoodInstruction,1773097541,1,0,0
xaw5ge0f,63,l9qd42fk,4,presurvey,NeighborhoodInstruction,1773097542,1,0,0
xaw5ge0f,64,yktw8679,0,,InitializeParticipant,1773097546,1,0,0
xaw5ge0f,64,yktw8679,1,presurvey,Introduction,1773097556,1,0,0
xaw5ge0f,46,ffwhnvw1,13,mock_N08_N04_Aonly,GroupingWaitPage,1773097564,1,0,1
xaw5ge0f,47,quw9542d,13,mock_N08_N04_Aonly,GroupingWaitPage,1773097564,1,0,1
xaw5ge0f,50,ggqifzgt,13,mock_N08_N04_Aonly,GroupingWaitPage,1773097564,1,0,1
xaw5ge0f,57,wedee779,13,mock_N08_N04_Aonly,GroupingWaitPage,1773097564,1,0,1
xaw5ge0f,46,ffwhnvw1,14,mock_N08_N04_Aonly,GroupSizeWaitPage,1773097566,1,0,1
xaw5ge0f,47,quw9542d,14,mock_N08_N04_Aonly,GroupSizeWaitPage,1773097566,1,0,1
xaw5ge0f,50,ggqifzgt,14,mock_N08_N04_Aonly,GroupSizeWaitPage,1773097566,1,0,1
xaw5ge0f,57,wedee779,14,mock_N08_N04_Aonly,GroupSizeWaitPage,1773097566,1,0,1
xaw5ge0f,46,ffwhnvw1,16,mock_N08_N04_Aonly,DiscussionGRPWaitPage,1773097567,1,0,1
xaw5ge0f,50,ggqifzgt,16,mock_N08_N04_Aonly,DiscussionGRPWaitPage,1773097567,1,0,1
xaw5ge0f,57,wedee779,16,mock_N08_N04_Aonly,DiscussionGRPWaitPage,1773097567,1,0,1
xaw5ge0f,47,quw9542d,16,mock_N08_N04_Aonly,DiscussionGRPWaitPage,1773097567,1,0,1
xaw5ge0f,63,l9qd42fk,5,presurvey,Training,1773097569,1,0,0
xaw5ge0f,47,quw9542d,20,mock_N08_N04_Aonly,Phase3,1773097574,1,0,0
xaw5ge0f,50,ggqifzgt,20,mock_N08_N04_Aonly,Phase3,1773097578,1,0,0
xaw5ge0f,65,pgg3r4sz,0,,InitializeParticipant,1773097579,1,0,0
xaw5ge0f,59,xqloukvm,10,presurvey,ExperimentInstruction,1773097579,1,0,0
xaw5ge0f,62,luckfxpw,5,presurvey,Training,1773097582,1,0,0
xaw5ge0f,50,ggqifzgt,21,mock_N08_N04_Aonly,Discussion,1773097583,1,0,0
xaw5ge0f,65,pgg3r4sz,1,presurvey,Introduction,1773097583,1,0,0
xaw5ge0f,47,quw9542d,21,mock_N08_N04_Aonly,Discussion,1773097585,1,0,0
xaw5ge0f,64,yktw8679,2,presurvey,AudioCheck,1773097587,1,0,0
xaw5ge0f,57,wedee779,20,mock_N08_N04_Aonly,Phase3,1773097591,1,0,0
xaw5ge0f,61,ebpf4l97,11,presurvey,Scenario,1773097592,1,0,0
xaw5ge0f,57,wedee779,21,mock_N08_N04_Aonly,Discussion,1773097600,1,0,0
xaw5ge0f,46,ffwhnvw1,20,mock_N08_N04_Aonly,Phase3,1773097601,1,0,0
xaw5ge0f,58,b8spz58b,7,presurvey,TrainingNeighbor_2,1773097609,1,0,0
xaw5ge0f,64,yktw8679,3,presurvey,Demographics,1773097610,1,0,0
xaw5ge0f,60,6h6veksx,2,presurvey,AudioCheck,1773097611,1,0,0
xaw5ge0f,65,pgg3r4sz,2,presurvey,AudioCheck,1773097616,1,0,0
xaw5ge0f,56,w0n0z8m6,6,presurvey,TrainingNeighbor_1,1773097620,1,0,0
xaw5ge0f,62,luckfxpw,6,presurvey,TrainingNeighbor_1,1773097620,1,0,0
xaw5ge0f,46,ffwhnvw1,21,mock_N08_N04_Aonly,Discussion,1773097623,1,0,0
xaw5ge0f,46,ffwhnvw1,27,mock_N08_N04_Aonly,DiscussionGRPWaitPage,1773097624,2,0,1
xaw5ge0f,47,quw9542d,27,mock_N08_N04_Aonly,DiscussionGRPWaitPage,1773097624,2,0,1
xaw5ge0f,50,ggqifzgt,27,mock_N08_N04_Aonly,DiscussionGRPWaitPage,1773097624,2,0,1
xaw5ge0f,57,wedee779,27,mock_N08_N04_Aonly,DiscussionGRPWaitPage,1773097624,2,0,1
xaw5ge0f,58,b8spz58b,10,presurvey,ExperimentInstruction,1773097626,1,0,0
xaw5ge0f,65,pgg3r4sz,3,presurvey,Demographics,1773097626,1,0,0
xaw5ge0f,63,l9qd42fk,6,presurvey,TrainingNeighbor_1,1773097627,1,0,0
xaw5ge0f,62,luckfxpw,10,presurvey,ExperimentInstruction,1773097629,1,0,0
xaw5ge0f,57,wedee779,32,mock_N08_N04_Aonly,Discussion,1773097629,2,0,0
xaw5ge0f,47,quw9542d,32,mock_N08_N04_Aonly,Discussion,1773097631,2,0,0
xaw5ge0f,46,ffwhnvw1,32,mock_N08_N04_Aonly,Discussion,1773097632,2,0,0
xaw5ge0f,59,xqloukvm,11,presurvey,Scenario,1773097632,1,0,0
xaw5ge0f,60,6h6veksx,3,presurvey,Demographics,1773097633,1,0,0
xaw5ge0f,50,ggqifzgt,32,mock_N08_N04_Aonly,Discussion,1773097635,2,0,0
xaw5ge0f,46,ffwhnvw1,38,mock_N08_N04_Aonly,DiscussionGRPWaitPage,1773097636,3,0,1
xaw5ge0f,47,quw9542d,38,mock_N08_N04_Aonly,DiscussionGRPWaitPage,1773097636,3,0,1
xaw5ge0f,50,ggqifzgt,38,mock_N08_N04_Aonly,DiscussionGRPWaitPage,1773097636,3,0,1
xaw5ge0f,57,wedee779,38,mock_N08_N04_Aonly,DiscussionGRPWaitPage,1773097636,3,0,1
xaw5ge0f,63,l9qd42fk,10,presurvey,ExperimentInstruction,1773097638,1,0,0
xaw5ge0f,47,quw9542d,43,mock_N08_N04_Aonly,Discussion,1773097640,3,0,0
xaw5ge0f,50,ggqifzgt,43,mock_N08_N04_Aonly,Discussion,1773097640,3,0,0
xaw5ge0f,57,wedee779,43,mock_N08_N04_Aonly,Discussion,1773097642,3,0,0
xaw5ge0f,64,yktw8679,4,presurvey,NeighborhoodInstruction,1773097643,1,0,0
xaw5ge0f,56,w0n0z8m6,10,presurvey,ExperimentInstruction,1773097645,1,0,0
xaw5ge0f,65,pgg3r4sz,4,presurvey,NeighborhoodInstruction,1773097648,1,0,0
xaw5ge0f,46,ffwhnvw1,43,mock_N08_N04_Aonly,Discussion,1773097651,3,0,0
xaw5ge0f,50,ggqifzgt,49,mock_N08_N04_Aonly,DiscussionGRPWaitPage,1773097652,4,0,1
xaw5ge0f,57,wedee779,49,mock_N08_N04_Aonly,DiscussionGRPWaitPage,1773097652,4,0,1
xaw5ge0f,46,ffwhnvw1,49,mock_N08_N04_Aonly,DiscussionGRPWaitPage,1773097652,4,0,1
xaw5ge0f,47,quw9542d,49,mock_N08_N04_Aonly,DiscussionGRPWaitPage,1773097652,4,0,1
xaw5ge0f,62,luckfxpw,11,presurvey,Scenario,1773097653,1,0,0
xaw5ge0f,57,wedee779,54,mock_N08_N04_Aonly,Discussion,1773097655,4,0,0
xaw5ge0f,47,quw9542d,54,mock_N08_N04_Aonly,Discussion,1773097657,4,0,0
xaw5ge0f,50,ggqifzgt,54,mock_N08_N04_Aonly,Discussion,1773097657,4,0,0
xaw5ge0f,66,za0gnzug,0,,InitializeParticipant,1773097667,1,0,0
xaw5ge0f,46,ffwhnvw1,54,mock_N08_N04_Aonly,Discussion,1773097668,4,0,0
xaw5ge0f,50,ggqifzgt,60,mock_N08_N04_Aonly,DiscussionGRPWaitPage,1773097668,5,0,1
xaw5ge0f,57,wedee779,60,mock_N08_N04_Aonly,DiscussionGRPWaitPage,1773097668,5,0,1
xaw5ge0f,46,ffwhnvw1,60,mock_N08_N04_Aonly,DiscussionGRPWaitPage,1773097668,5,0,1
xaw5ge0f,47,quw9542d,60,mock_N08_N04_Aonly,DiscussionGRPWaitPage,1773097668,5,0,1
xaw5ge0f,57,wedee779,65,mock_N08_N04_Aonly,Discussion,1773097671,5,0,0
xaw5ge0f,63,l9qd42fk,11,presurvey,Scenario,1773097671,1,0,0
xaw5ge0f,47,quw9542d,65,mock_N08_N04_Aonly,Discussion,1773097679,5,0,0
xaw5ge0f,65,pgg3r4sz,5,presurvey,Training,1773097679,1,0,0
xaw5ge0f,66,za0gnzug,1,presurvey,Introduction,1773097679,1,0,0
xaw5ge0f,50,ggqifzgt,65,mock_N08_N04_Aonly,Discussion,1773097680,5,0,0
xaw5ge0f,46,ffwhnvw1,65,mock_N08_N04_Aonly,Discussion,1773097680,5,0,0
xaw5ge0f,60,6h6veksx,4,presurvey,NeighborhoodInstruction,1773097680,1,0,0
xaw5ge0f,50,ggqifzgt,71,mock_N08_N04_Aonly,DiscussionGRPWaitPage,1773097680,6,0,1
xaw5ge0f,57,wedee779,71,mock_N08_N04_Aonly,DiscussionGRPWaitPage,1773097680,6,0,1
xaw5ge0f,46,ffwhnvw1,71,mock_N08_N04_Aonly,DiscussionGRPWaitPage,1773097680,6,0,1
xaw5ge0f,47,quw9542d,71,mock_N08_N04_Aonly,DiscussionGRPWaitPage,1773097680,6,0,1
xaw5ge0f,50,ggqifzgt,76,mock_N08_N04_Aonly,Discussion,1773097683,6,0,0
xaw5ge0f,64,yktw8679,5,presurvey,Training,1773097683,1,0,0
xaw5ge0f,57,wedee779,76,mock_N08_N04_Aonly,Discussion,1773097684,6,0,0
xaw5ge0f,47,quw9542d,76,mock_N08_N04_Aonly,Discussion,1773097684,6,0,0
xaw5ge0f,46,ffwhnvw1,76,mock_N08_N04_Aonly,Discussion,1773097685,6,0,0
xaw5ge0f,50,ggqifzgt,82,mock_N08_N04_Aonly,DiscussionGRPWaitPage,1773097685,7,0,1
xaw5ge0f,46,ffwhnvw1,82,mock_N08_N04_Aonly,DiscussionGRPWaitPage,1773097685,7,0,1
xaw5ge0f,57,wedee779,82,mock_N08_N04_Aonly,DiscussionGRPWaitPage,1773097685,7,0,1
xaw5ge0f,47,quw9542d,82,mock_N08_N04_Aonly,DiscussionGRPWaitPage,1773097685,7,0,1
xaw5ge0f,47,quw9542d,87,mock_N08_N04_Aonly,Discussion,1773097688,7,0,0
xaw5ge0f,50,ggqifzgt,87,mock_N08_N04_Aonly,Discussion,1773097688,7,0,0
xaw5ge0f,57,wedee779,87,mock_N08_N04_Aonly,Discussion,1773097688,7,0,0
xaw5ge0f,62,luckfxpw,12,presurvey,Commitment,1773097690,1,0,0
xaw5ge0f,46,ffwhnvw1,87,mock_N08_N04_Aonly,Discussion,1773097691,7,0,0
xaw5ge0f,50,ggqifzgt,93,mock_N08_N04_Aonly,DiscussionGRPWaitPage,1773097693,8,0,1
xaw5ge0f,57,wedee779,93,mock_N08_N04_Aonly,DiscussionGRPWaitPage,1773097693,8,0,1
xaw5ge0f,46,ffwhnvw1,93,mock_N08_N04_Aonly,DiscussionGRPWaitPage,1773097693,8,0,1
xaw5ge0f,47,quw9542d,93,mock_N08_N04_Aonly,DiscussionGRPWaitPage,1773097693,8,0,1
xaw5ge0f,66,za0gnzug,2,presurvey,AudioCheck,1773097693,1,0,0
xaw5ge0f,50,ggqifzgt,98,mock_N08_N04_Aonly,Discussion,1773097695,8,0,0
xaw5ge0f,47,quw9542d,98,mock_N08_N04_Aonly,Discussion,1773097696,8,0,0
xaw5ge0f,57,wedee779,98,mock_N08_N04_Aonly,Discussion,1773097696,8,0,0
xaw5ge0f,56,w0n0z8m6,11,presurvey,Scenario,1773097698,1,0,0
xaw5ge0f,46,ffwhnvw1,98,mock_N08_N04_Aonly,Discussion,1773097704,8,0,0
xaw5ge0f,66,za0gnzug,3,presurvey,Demographics,1773097705,1,0,0
xaw5ge0f,58,b8spz58b,11,presurvey,Scenario,1773097707,1,0,0
xaw5ge0f,50,ggqifzgt,104,mock_N08_N04_Aonly,DiscussionGRPWaitPage,1773097707,9,0,1
xaw5ge0f,57,wedee779,104,mock_N08_N04_Aonly,DiscussionGRPWaitPage,1773097707,9,0,1
xaw5ge0f,46,ffwhnvw1,104,mock_N08_N04_Aonly,DiscussionGRPWaitPage,1773097707,9,0,1
xaw5ge0f,47,quw9542d,104,mock_N08_N04_Aonly,DiscussionGRPWaitPage,1773097707,9,0,1
xaw5ge0f,47,quw9542d,109,mock_N08_N04_Aonly,Discussion,1773097710,9,0,0
xaw5ge0f,46,ffwhnvw1,109,mock_N08_N04_Aonly,Discussion,1773097711,9,0,0
xaw5ge0f,57,wedee779,109,mock_N08_N04_Aonly,Discussion,1773097711,9,0,0
xaw5ge0f,66,za0gnzug,4,presurvey,NeighborhoodInstruction,1773097713,1,0,0
xaw5ge0f,65,pgg3r4sz,6,presurvey,TrainingNeighbor_1,1773097714,1,0,0
xaw5ge0f,50,ggqifzgt,109,mock_N08_N04_Aonly,Discussion,1773097718,9,0,0
xaw5ge0f,57,wedee779,115,mock_N08_N04_Aonly,DiscussionGRPWaitPage,1773097719,10,0,1
xaw5ge0f,50,ggqifzgt,115,mock_N08_N04_Aonly,DiscussionGRPWaitPage,1773097719,10,0,1
xaw5ge0f,46,ffwhnvw1,115,mock_N08_N04_Aonly,DiscussionGRPWaitPage,1773097719,10,0,1
xaw5ge0f,47,quw9542d,115,mock_N08_N04_Aonly,DiscussionGRPWaitPage,1773097719,10,0,1
xaw5ge0f,50,ggqifzgt,120,mock_N08_N04_Aonly,Discussion,1773097721,10,0,0
xaw5ge0f,64,yktw8679,6,presurvey,TrainingNeighbor_1,1773097723,1,0,0
xaw5ge0f,65,pgg3r4sz,10,presurvey,ExperimentInstruction,1773097723,1,0,0
xaw5ge0f,47,quw9542d,120,mock_N08_N04_Aonly,Discussion,1773097723,10,0,0
xaw5ge0f,57,wedee779,120,mock_N08_N04_Aonly,Discussion,1773097724,10,0,0
xaw5ge0f,46,ffwhnvw1,120,mock_N08_N04_Aonly,Discussion,1773097725,10,0,0
xaw5ge0f,50,ggqifzgt,126,mock_N08_N04_Aonly,DiscussionGRPWaitPage,1773097725,11,0,1
xaw5ge0f,57,wedee779,126,mock_N08_N04_Aonly,DiscussionGRPWaitPage,1773097725,11,0,1
xaw5ge0f,46,ffwhnvw1,126,mock_N08_N04_Aonly,DiscussionGRPWaitPage,1773097725,11,0,1
xaw5ge0f,47,quw9542d,126,mock_N08_N04_Aonly,DiscussionGRPWaitPage,1773097725,11,0,1
xaw5ge0f,66,za0gnzug,5,presurvey,Training,1773097726,1,0,0
xaw5ge0f,57,wedee779,131,mock_N08_N04_Aonly,Discussion,1773097728,11,0,0
xaw5ge0f,50,ggqifzgt,131,mock_N08_N04_Aonly,Discussion,1773097730,11,0,0
xaw5ge0f,47,quw9542d,131,mock_N08_N04_Aonly,Discussion,1773097730,11,0,0
xaw5ge0f,46,ffwhnvw1,131,mock_N08_N04_Aonly,Discussion,1773097731,11,0,0
xaw5ge0f,50,ggqifzgt,137,mock_N08_N04_Aonly,DiscussionGRPWaitPage,1773097732,12,0,1
xaw5ge0f,57,wedee779,137,mock_N08_N04_Aonly,DiscussionGRPWaitPage,1773097732,12,0,1
xaw5ge0f,46,ffwhnvw1,137,mock_N08_N04_Aonly,DiscussionGRPWaitPage,1773097732,12,0,1
xaw5ge0f,47,quw9542d,137,mock_N08_N04_Aonly,DiscussionGRPWaitPage,1773097732,12,0,1
xaw5ge0f,57,wedee779,142,mock_N08_N04_Aonly,Discussion,1773097735,12,0,0
xaw5ge0f,47,quw9542d,142,mock_N08_N04_Aonly,Discussion,1773097736,12,0,0
xaw5ge0f,46,ffwhnvw1,142,mock_N08_N04_Aonly,Discussion,1773097736,12,0,0
xaw5ge0f,59,xqloukvm,12,presurvey,Commitment,1773097738,1,0,0
xaw5ge0f,50,ggqifzgt,142,mock_N08_N04_Aonly,Discussion,1773097739,12,0,0
xaw5ge0f,60,6h6veksx,5,presurvey,Training,1773097739,1,0,0
xaw5ge0f,50,ggqifzgt,148,mock_N08_N04_Aonly,DiscussionGRPWaitPage,1773097739,13,0,1
xaw5ge0f,57,wedee779,148,mock_N08_N04_Aonly,DiscussionGRPWaitPage,1773097739,13,0,1
xaw5ge0f,46,ffwhnvw1,148,mock_N08_N04_Aonly,DiscussionGRPWaitPage,1773097739,13,0,1
xaw5ge0f,47,quw9542d,148,mock_N08_N04_Aonly,DiscussionGRPWaitPage,1773097739,13,0,1
xaw5ge0f,65,pgg3r4sz,11,presurvey,Scenario,1773097739,1,0,0
xaw5ge0f,64,yktw8679,10,presurvey,ExperimentInstruction,1773097740,1,0,0
xaw5ge0f,50,ggqifzgt,153,mock_N08_N04_Aonly,Discussion,1773097741,13,0,0
xaw5ge0f,67,5pqv6hkt,0,,InitializeParticipant,1773097742,1,0,0
xaw5ge0f,57,wedee779,153,mock_N08_N04_Aonly,Discussion,1773097742,13,0,0
xaw5ge0f,47,quw9542d,153,mock_N08_N04_Aonly,Discussion,1773097743,13,0,0
xaw5ge0f,46,ffwhnvw1,153,mock_N08_N04_Aonly,Discussion,1773097743,13,0,0
xaw5ge0f,46,ffwhnvw1,159,mock_N08_N04_Aonly,DiscussionGRPWaitPage,1773097744,14,0,1
xaw5ge0f,50,ggqifzgt,159,mock_N08_N04_Aonly,DiscussionGRPWaitPage,1773097744,14,0,1
xaw5ge0f,57,wedee779,159,mock_N08_N04_Aonly,DiscussionGRPWaitPage,1773097744,14,0,1
xaw5ge0f,47,quw9542d,159,mock_N08_N04_Aonly,DiscussionGRPWaitPage,1773097744,14,0,1
xaw5ge0f,57,wedee779,164,mock_N08_N04_Aonly,Discussion,1773097746,14,0,0
xaw5ge0f,47,quw9542d,164,mock_N08_N04_Aonly,Discussion,1773097747,14,0,0
xaw5ge0f,50,ggqifzgt,164,mock_N08_N04_Aonly,Discussion,1773097747,14,0,0
xaw5ge0f,66,za0gnzug,6,presurvey,TrainingNeighbor_1,1773097749,1,0,0
xaw5ge0f,46,ffwhnvw1,164,mock_N08_N04_Aonly,Discussion,1773097749,14,0,0
xaw5ge0f,50,ggqifzgt,170,mock_N08_N04_Aonly,DiscussionGRPWaitPage,1773097750,15,0,1
xaw5ge0f,57,wedee779,170,mock_N08_N04_Aonly,DiscussionGRPWaitPage,1773097750,15,0,1
xaw5ge0f,46,ffwhnvw1,170,mock_N08_N04_Aonly,DiscussionGRPWaitPage,1773097750,15,0,1
xaw5ge0f,47,quw9542d,170,mock_N08_N04_Aonly,DiscussionGRPWaitPage,1773097750,15,0,1
xaw5ge0f,47,quw9542d,175,mock_N08_N04_Aonly,Discussion,1773097753,15,0,0
xaw5ge0f,57,wedee779,175,mock_N08_N04_Aonly,Discussion,1773097754,15,0,0
xaw5ge0f,66,za0gnzug,10,presurvey,ExperimentInstruction,1773097755,1,0,0
xaw5ge0f,46,ffwhnvw1,175,mock_N08_N04_Aonly,Discussion,1773097755,15,0,0
xaw5ge0f,50,ggqifzgt,175,mock_N08_N04_Aonly,Discussion,1773097757,15,0,0
xaw5ge0f,65,pgg3r4sz,12,presurvey,Commitment,1773097757,1,0,0
xaw5ge0f,50,ggqifzgt,181,mock_N08_N04_Aonly,DiscussionGRPWaitPage,1773097761,16,0,1
xaw5ge0f,57,wedee779,181,mock_N08_N04_Aonly,DiscussionGRPWaitPage,1773097761,16,0,1
xaw5ge0f,46,ffwhnvw1,181,mock_N08_N04_Aonly,DiscussionGRPWaitPage,1773097761,16,0,1
xaw5ge0f,47,quw9542d,181,mock_N08_N04_Aonly,DiscussionGRPWaitPage,1773097761,16,0,1
xaw5ge0f,57,wedee779,186,mock_N08_N04_Aonly,Discussion,1773097763,16,0,0
xaw5ge0f,50,ggqifzgt,186,mock_N08_N04_Aonly,Discussion,1773097763,16,0,0
xaw5ge0f,47,quw9542d,186,mock_N08_N04_Aonly,Discussion,1773097764,16,0,0
xaw5ge0f,46,ffwhnvw1,186,mock_N08_N04_Aonly,Discussion,1773097767,16,0,0
xaw5ge0f,46,ffwhnvw1,192,mock_N08_N04_Aonly,DiscussionGRPWaitPage,1773097767,17,0,1
xaw5ge0f,47,quw9542d,192,mock_N08_N04_Aonly,DiscussionGRPWaitPage,1773097767,17,0,1
xaw5ge0f,50,ggqifzgt,192,mock_N08_N04_Aonly,DiscussionGRPWaitPage,1773097767,17,0,1
xaw5ge0f,57,wedee779,192,mock_N08_N04_Aonly,DiscussionGRPWaitPage,1773097767,17,0,1
xaw5ge0f,57,wedee779,197,mock_N08_N04_Aonly,Discussion,1773097769,17,0,0
xaw5ge0f,47,quw9542d,197,mock_N08_N04_Aonly,Discussion,1773097770,17,0,0
xaw5ge0f,66,za0gnzug,11,presurvey,Scenario,1773097770,1,0,0
xaw5ge0f,50,ggqifzgt,197,mock_N08_N04_Aonly,Discussion,1773097770,17,0,0
xaw5ge0f,46,ffwhnvw1,197,mock_N08_N04_Aonly,Discussion,1773097772,17,0,0
xaw5ge0f,46,ffwhnvw1,203,mock_N08_N04_Aonly,DiscussionGRPWaitPage,1773097772,18,0,1
xaw5ge0f,50,ggqifzgt,203,mock_N08_N04_Aonly,DiscussionGRPWaitPage,1773097772,18,0,1
xaw5ge0f,57,wedee779,203,mock_N08_N04_Aonly,DiscussionGRPWaitPage,1773097772,18,0,1
xaw5ge0f,47,quw9542d,203,mock_N08_N04_Aonly,DiscussionGRPWaitPage,1773097772,18,0,1
xaw5ge0f,57,wedee779,208,mock_N08_N04_Aonly,Discussion,1773097775,18,0,0
xaw5ge0f,46,ffwhnvw1,208,mock_N08_N04_Aonly,Discussion,1773097775,18,0,0
xaw5ge0f,47,quw9542d,208,mock_N08_N04_Aonly,Discussion,1773097775,18,0,0
xaw5ge0f,50,ggqifzgt,208,mock_N08_N04_Aonly,Discussion,1773097777,18,0,0
xaw5ge0f,50,ggqifzgt,214,mock_N08_N04_Aonly,DiscussionGRPWaitPage,1773097778,19,0,1
xaw5ge0f,57,wedee779,214,mock_N08_N04_Aonly,DiscussionGRPWaitPage,1773097778,19,0,1
xaw5ge0f,46,ffwhnvw1,214,mock_N08_N04_Aonly,DiscussionGRPWaitPage,1773097778,19,0,1
xaw5ge0f,47,quw9542d,214,mock_N08_N04_Aonly,DiscussionGRPWaitPage,1773097778,19,0,1
xaw5ge0f,64,yktw8679,11,presurvey,Scenario,1773097779,1,0,0
xaw5ge0f,57,wedee779,219,mock_N08_N04_Aonly,Discussion,1773097781,19,0,0
xaw5ge0f,47,quw9542d,219,mock_N08_N04_Aonly,Discussion,1773097781,19,0,0
xaw5ge0f,50,ggqifzgt,219,mock_N08_N04_Aonly,Discussion,1773097783,19,0,0
xaw5ge0f,46,ffwhnvw1,219,mock_N08_N04_Aonly,Discussion,1773097783,19,0,0
xaw5ge0f,50,ggqifzgt,225,mock_N08_N04_Aonly,DiscussionGRPWaitPage,1773097784,20,0,1
xaw5ge0f,57,wedee779,225,mock_N08_N04_Aonly,DiscussionGRPWaitPage,1773097784,20,0,1
xaw5ge0f,46,ffwhnvw1,225,mock_N08_N04_Aonly,DiscussionGRPWaitPage,1773097784,20,0,1
xaw5ge0f,47,quw9542d,225,mock_N08_N04_Aonly,DiscussionGRPWaitPage,1773097784,20,0,1
xaw5ge0f,57,wedee779,230,mock_N08_N04_Aonly,Discussion,1773097786,20,0,0
xaw5ge0f,50,ggqifzgt,230,mock_N08_N04_Aonly,Discussion,1773097786,20,0,0
xaw5ge0f,47,quw9542d,230,mock_N08_N04_Aonly,Discussion,1773097787,20,0,0
xaw5ge0f,46,ffwhnvw1,230,mock_N08_N04_Aonly,Discussion,1773097788,20,0,0
xaw5ge0f,50,ggqifzgt,231,mock_N08_N04_Aonly,FinalRoundWaitPage,1773097788,20,0,1
xaw5ge0f,57,wedee779,231,mock_N08_N04_Aonly,FinalRoundWaitPage,1773097788,20,0,1
xaw5ge0f,47,quw9542d,231,mock_N08_N04_Aonly,FinalRoundWaitPage,1773097788,20,0,1
xaw5ge0f,46,ffwhnvw1,231,mock_N08_N04_Aonly,FinalRoundWaitPage,1773097788,20,0,1
xaw5ge0f,66,za0gnzug,12,presurvey,Commitment,1773097793,1,0,0
xaw5ge0f,57,wedee779,232,mock_N08_N04_Aonly,FinalRound,1773097794,20,0,0
xaw5ge0f,58,b8spz58b,12,presurvey,Commitment,1773097794,1,0,0
xaw5ge0f,47,quw9542d,232,mock_N08_N04_Aonly,FinalRound,1773097795,20,0,0
xaw5ge0f,50,ggqifzgt,232,mock_N08_N04_Aonly,FinalRound,1773097795,20,0,0
xaw5ge0f,46,ffwhnvw1,232,mock_N08_N04_Aonly,FinalRound,1773097797,20,0,0
xaw5ge0f,64,yktw8679,12,presurvey,Commitment,1773097815,1,0,0
xaw5ge0f,60,6h6veksx,6,presurvey,TrainingNeighbor_1,1773097852,1,0,0
xaw5ge0f,60,6h6veksx,10,presurvey,ExperimentInstruction,1773097897,1,0,0
xaw5ge0f,68,0t3qmxio,0,,InitializeParticipant,1773097950,1,0,0
xaw5ge0f,60,6h6veksx,11,presurvey,Scenario,1773097955,1,0,0
xaw5ge0f,60,6h6veksx,12,presurvey,Commitment,1773098063,1,0,0
xaw5ge0f,69,c2c6hnwi,0,,InitializeParticipant,1773098118,1,0,0
xaw5ge0f,69,c2c6hnwi,1,presurvey,Introduction,1773098125,1,0,0
xaw5ge0f,69,c2c6hnwi,2,presurvey,AudioCheck,1773098140,1,0,0
xaw5ge0f,69,c2c6hnwi,3,presurvey,Demographics,1773098160,1,0,0
xaw5ge0f,69,c2c6hnwi,4,presurvey,NeighborhoodInstruction,1773098171,1,0,0
xaw5ge0f,69,c2c6hnwi,5,presurvey,Training,1773098196,1,0,0
xaw5ge0f,69,c2c6hnwi,6,presurvey,TrainingNeighbor_1,1773098236,1,0,0
xaw5ge0f,69,c2c6hnwi,10,presurvey,ExperimentInstruction,1773098242,1,0,0
xaw5ge0f,68,0t3qmxio,1,presurvey,Introduction,1773098244,1,0,0
xaw5ge0f,68,0t3qmxio,2,presurvey,AudioCheck,1773098273,1,0,0
xaw5ge0f,69,c2c6hnwi,11,presurvey,Scenario,1773098275,1,0,0
xaw5ge0f,70,ayu7phbd,0,,InitializeParticipant,1773098293,1,0,0
xaw5ge0f,68,0t3qmxio,3,presurvey,Demographics,1773098300,1,0,0
xaw5ge0f,70,ayu7phbd,1,presurvey,Introduction,1773098301,1,0,0
xaw5ge0f,69,c2c6hnwi,12,presurvey,Commitment,1773098310,1,0,0
xaw5ge0f,70,ayu7phbd,2,presurvey,AudioCheck,1773098315,1,0,0
xaw5ge0f,70,ayu7phbd,3,presurvey,Demographics,1773098328,1,0,0
xaw5ge0f,70,ayu7phbd,4,presurvey,NeighborhoodInstruction,1773098339,1,0,0
xaw5ge0f,68,0t3qmxio,4,presurvey,NeighborhoodInstruction,1773098354,1,0,0
xaw5ge0f,70,ayu7phbd,5,presurvey,Training,1773098375,1,0,0
xaw5ge0f,68,0t3qmxio,5,presurvey,Training,1773098398,1,0,0
xaw5ge0f,70,ayu7phbd,6,presurvey,TrainingNeighbor_1,1773098400,1,0,0
xaw5ge0f,70,ayu7phbd,10,presurvey,ExperimentInstruction,1773098405,1,0,0
xaw5ge0f,70,ayu7phbd,11,presurvey,Scenario,1773098427,1,0,0
xaw5ge0f,70,ayu7phbd,12,presurvey,Commitment,1773098436,1,0,0
xaw5ge0f,52,pnsxr2w8,13,mock_N08_N04_Aonly,GroupingWaitPage,1773098445,1,0,1
xaw5ge0f,52,pnsxr2w8,14,mock_N08_N04_Aonly,GroupSizeWaitPage,1773098447,1,0,1
xaw5ge0f,52,pnsxr2w8,15,mock_N08_N04_Aonly,AttentionCheck,1773098453,1,0,0
xaw5ge0f,51,13ymvpk3,13,mock_N08_N04_Aonly,GroupingWaitPage,1773098471,1,0,1
xaw5ge0f,51,13ymvpk3,14,mock_N08_N04_Aonly,GroupSizeWaitPage,1773098472,1,0,1
xaw5ge0f,51,13ymvpk3,15,mock_N08_N04_Aonly,AttentionCheck,1773098483,1,0,0
xaw5ge0f,68,0t3qmxio,6,presurvey,TrainingNeighbor_1,1773098519,1,0,0
xaw5ge0f,68,0t3qmxio,10,presurvey,ExperimentInstruction,1773098539,1,0,0
xaw5ge0f,71,e2hocq8a,0,,InitializeParticipant,1773098559,1,0,0
xaw5ge0f,71,e2hocq8a,1,presurvey,Introduction,1773098567,1,0,0
xaw5ge0f,55,oy90v70t,13,mock_N08_N04_Aonly,GroupingWaitPage,1773098606,1,0,1
xaw5ge0f,55,oy90v70t,14,mock_N08_N04_Aonly,GroupSizeWaitPage,1773098607,1,0,1
xaw5ge0f,55,oy90v70t,15,mock_N08_N04_Aonly,AttentionCheck,1773098615,1,0,0
xaw5ge0f,72,niamndjo,0,,InitializeParticipant,1773098623,1,0,0
xaw5ge0f,72,niamndjo,1,presurvey,Introduction,1773098632,1,0,0
xaw5ge0f,72,niamndjo,2,presurvey,AudioCheck,1773098648,1,0,0
xaw5ge0f,72,niamndjo,3,presurvey,Demographics,1773098666,1,0,0
xaw5ge0f,72,niamndjo,4,presurvey,NeighborhoodInstruction,1773098674,1,0,0
xaw5ge0f,72,niamndjo,5,presurvey,Training,1773098683,1,0,0
xaw5ge0f,73,ihf30jik,0,,InitializeParticipant,1773098689,1,0,0
xaw5ge0f,73,ihf30jik,1,presurvey,Introduction,1773098702,1,0,0
xaw5ge0f,73,ihf30jik,2,presurvey,AudioCheck,1773098713,1,0,0
xaw5ge0f,72,niamndjo,6,presurvey,TrainingNeighbor_1,1773098717,1,0,0
xaw5ge0f,73,ihf30jik,3,presurvey,Demographics,1773098722,1,0,0
xaw5ge0f,72,niamndjo,10,presurvey,ExperimentInstruction,1773098723,1,0,0
xaw5ge0f,73,ihf30jik,4,presurvey,NeighborhoodInstruction,1773098730,1,0,0
xaw5ge0f,74,1059djz7,0,,InitializeParticipant,1773098732,1,0,0
xaw5ge0f,68,0t3qmxio,11,presurvey,Scenario,1773098741,1,0,0
xaw5ge0f,72,niamndjo,11,presurvey,Scenario,1773098746,1,0,0
xaw5ge0f,74,1059djz7,1,presurvey,Introduction,1773098750,1,0,0
xaw5ge0f,73,ihf30jik,5,presurvey,Training,1773098753,1,0,0
xaw5ge0f,74,1059djz7,2,presurvey,AudioCheck,1773098766,1,0,0
xaw5ge0f,73,ihf30jik,6,presurvey,TrainingNeighbor_1,1773098772,1,0,0
xaw5ge0f,73,ihf30jik,10,presurvey,ExperimentInstruction,1773098775,1,0,0
xaw5ge0f,74,1059djz7,3,presurvey,Demographics,1773098779,1,0,0
xaw5ge0f,74,1059djz7,4,presurvey,NeighborhoodInstruction,1773098797,1,0,0
xaw5ge0f,71,e2hocq8a,2,presurvey,AudioCheck,1773098798,1,0,0
xaw5ge0f,73,ihf30jik,11,presurvey,Scenario,1773098799,1,0,0
xaw5ge0f,71,e2hocq8a,3,presurvey,Demographics,1773098813,1,0,0
xaw5ge0f,62,luckfxpw,13,mock_N08_N04_Aonly,GroupingWaitPage,1773098832,1,0,1
xaw5ge0f,62,luckfxpw,14,mock_N08_N04_Aonly,GroupSizeWaitPage,1773098832,1,0,1
xaw5ge0f,71,e2hocq8a,4,presurvey,NeighborhoodInstruction,1773098835,1,0,0
xaw5ge0f,62,luckfxpw,15,mock_N08_N04_Aonly,AttentionCheck,1773098836,1,0,0
xaw5ge0f,74,1059djz7,5,presurvey,Training,1773098842,1,0,0
xaw5ge0f,71,e2hocq8a,5,presurvey,Training,1773098870,1,0,0
xaw5ge0f,74,1059djz7,6,presurvey,TrainingNeighbor_1,1773098870,1,0,0
xaw5ge0f,74,1059djz7,7,presurvey,TrainingNeighbor_2,1773098875,1,0,0
xaw5ge0f,74,1059djz7,8,presurvey,AttentionCheck,1773098882,1,0,0
xaw5ge0f,71,e2hocq8a,6,presurvey,TrainingNeighbor_1,1773098890,1,0,0
xaw5ge0f,74,1059djz7,9,presurvey,TrainingNeighbor_3,1773098892,1,0,0
xaw5ge0f,71,e2hocq8a,7,presurvey,TrainingNeighbor_2,1773098923,1,0,0
xaw5ge0f,71,e2hocq8a,10,presurvey,ExperimentInstruction,1773098930,1,0,0
xaw5ge0f,66,za0gnzug,13,mock_N08_N04_Aonly,GroupingWaitPage,1773098939,1,0,1
xaw5ge0f,58,b8spz58b,13,mock_N08_N04_Aonly,GroupingWaitPage,1773098940,1,0,1
xaw5ge0f,59,xqloukvm,13,mock_N08_N04_Aonly,GroupingWaitPage,1773098941,1,0,1
xaw5ge0f,59,xqloukvm,14,mock_N08_N04_Aonly,GroupSizeWaitPage,1773098941,1,0,1
xaw5ge0f,58,b8spz58b,14,mock_N08_N04_Aonly,GroupSizeWaitPage,1773098942,1,0,1
xaw5ge0f,66,za0gnzug,14,mock_N08_N04_Aonly,GroupSizeWaitPage,1773098942,1,0,1
xaw5ge0f,66,za0gnzug,15,mock_N08_N04_Aonly,AttentionCheck,1773098945,1,0,0
xaw5ge0f,59,xqloukvm,15,mock_N08_N04_Aonly,AttentionCheck,1773098951,1,0,0
xaw5ge0f,58,b8spz58b,15,mock_N08_N04_Aonly,AttentionCheck,1773098952,1,0,0
xaw5ge0f,71,e2hocq8a,11,presurvey,Scenario,1773098963,1,0,0
xaw5ge0f,75,hqou1emk,0,,InitializeParticipant,1773098971,1,0,0
xaw5ge0f,76,q3406e8d,0,,InitializeParticipant,1773099016,1,0,0
xaw5ge0f,64,yktw8679,13,mock_N08_N04_Aonly,GroupingWaitPage,1773099018,1,0,1
xaw5ge0f,64,yktw8679,14,mock_N08_N04_Aonly,GroupSizeWaitPage,1773099019,1,0,1
xaw5ge0f,76,q3406e8d,1,presurvey,Introduction,1773099021,1,0,0
xaw5ge0f,64,yktw8679,15,mock_N08_N04_Aonly,AttentionCheck,1773099028,1,0,0
xaw5ge0f,76,q3406e8d,2,presurvey,AudioCheck,1773099048,1,0,0
xaw5ge0f,76,q3406e8d,3,presurvey,Demographics,1773099064,1,0,0
xaw5ge0f,76,q3406e8d,4,presurvey,NeighborhoodInstruction,1773099090,1,0,0
xaw5ge0f,77,yrc06os1,0,,InitializeParticipant,1773099125,1,0,0
xaw5ge0f,76,q3406e8d,5,presurvey,Training,1773099134,1,0,0
xaw5ge0f,77,yrc06os1,1,presurvey,Introduction,1773099139,1,0,0
xaw5ge0f,75,hqou1emk,1,presurvey,Introduction,1773099149,1,0,0
xaw5ge0f,76,q3406e8d,6,presurvey,TrainingNeighbor_1,1773099156,1,0,0
xaw5ge0f,76,q3406e8d,10,presurvey,ExperimentInstruction,1773099161,1,0,0
xaw5ge0f,77,yrc06os1,2,presurvey,AudioCheck,1773099169,1,0,0
xaw5ge0f,77,yrc06os1,3,presurvey,Demographics,1773099193,1,0,0
xaw5ge0f,75,hqou1emk,2,presurvey,AudioCheck,1773099205,1,0,0
xaw5ge0f,60,6h6veksx,13,mock_N08_N04_Aonly,GroupingWaitPage,1773099208,1,0,1
xaw5ge0f,60,6h6veksx,14,mock_N08_N04_Aonly,GroupSizeWaitPage,1773099208,1,0,1
xaw5ge0f,76,q3406e8d,11,presurvey,Scenario,1773099209,1,0,0
xaw5ge0f,77,yrc06os1,4,presurvey,NeighborhoodInstruction,1773099225,1,0,0
xaw5ge0f,75,hqou1emk,3,presurvey,Demographics,1773099229,1,0,0
xaw5ge0f,60,6h6veksx,15,mock_N08_N04_Aonly,AttentionCheck,1773099235,1,0,0
xaw5ge0f,78,haisat3d,0,,InitializeParticipant,1773099240,1,0,0
xaw5ge0f,77,yrc06os1,5,presurvey,Training,1773099244,1,0,0
xaw5ge0f,78,haisat3d,1,presurvey,Introduction,1773099263,1,0,0
xaw5ge0f,77,yrc06os1,6,presurvey,TrainingNeighbor_1,1773099274,1,0,0
xaw5ge0f,76,q3406e8d,12,presurvey,Commitment,1773099275,1,0,0
xaw5ge0f,77,yrc06os1,7,presurvey,TrainingNeighbor_2,1773099280,1,0,0
xaw5ge0f,77,yrc06os1,8,presurvey,AttentionCheck,1773099293,1,0,0
xaw5ge0f,78,haisat3d,2,presurvey,AudioCheck,1773099294,1,0,0
xaw5ge0f,75,hqou1emk,4,presurvey,NeighborhoodInstruction,1773099305,1,0,0
xaw5ge0f,78,haisat3d,3,presurvey,Demographics,1773099310,1,0,0
xaw5ge0f,77,yrc06os1,9,presurvey,TrainingNeighbor_3,1773099322,1,0,0
xaw5ge0f,75,hqou1emk,5,presurvey,Training,1773099383,1,0,0
xaw5ge0f,78,haisat3d,4,presurvey,NeighborhoodInstruction,1773099395,1,0,0
xaw5ge0f,79,37wgudjm,0,,InitializeParticipant,1773099457,1,0,0
xaw5ge0f,79,37wgudjm,1,presurvey,Introduction,1773099459,1,0,0
xaw5ge0f,78,haisat3d,5,presurvey,Training,1773099468,1,0,0
xaw5ge0f,79,37wgudjm,2,presurvey,AudioCheck,1773099469,1,0,0
xaw5ge0f,80,j9gde6q4,0,,InitializeParticipant,1773099478,1,0,0
xaw5ge0f,79,37wgudjm,3,presurvey,Demographics,1773099480,1,0,0
xaw5ge0f,79,37wgudjm,4,presurvey,NeighborhoodInstruction,1773099486,1,0,0
xaw5ge0f,79,37wgudjm,5,presurvey,Training,1773099492,1,0,0
xaw5ge0f,69,c2c6hnwi,13,mock_N08_N04_Aonly,GroupingWaitPage,1773099512,1,0,1
xaw5ge0f,69,c2c6hnwi,14,mock_N08_N04_Aonly,GroupSizeWaitPage,1773099512,1,0,1
xaw5ge0f,69,c2c6hnwi,15,mock_N08_N04_Aonly,AttentionCheck,1773099516,1,0,0
xaw5ge0f,78,haisat3d,6,presurvey,TrainingNeighbor_1,1773099519,1,0,0
xaw5ge0f,79,37wgudjm,6,presurvey,TrainingNeighbor_1,1773099521,1,0,0
xaw5ge0f,79,37wgudjm,7,presurvey,TrainingNeighbor_2,1773099527,1,0,0
xaw5ge0f,78,haisat3d,10,presurvey,ExperimentInstruction,1773099531,1,0,0
xaw5ge0f,79,37wgudjm,10,presurvey,ExperimentInstruction,1773099532,1,0,0
xaw5ge0f,75,hqou1emk,6,presurvey,TrainingNeighbor_1,1773099548,1,0,0
xaw5ge0f,79,37wgudjm,11,presurvey,Scenario,1773099555,1,0,0
xaw5ge0f,79,37wgudjm,12,presurvey,Commitment,1773099574,1,0,0
xaw5ge0f,75,hqou1emk,7,presurvey,TrainingNeighbor_2,1773099600,1,0,0
xaw5ge0f,78,haisat3d,11,presurvey,Scenario,1773099612,1,0,0
xaw5ge0f,75,hqou1emk,8,presurvey,AttentionCheck,1773099635,1,0,0
xaw5ge0f,75,hqou1emk,9,presurvey,TrainingNeighbor_3,1773099660,1,0,0
xaw5ge0f,75,hqou1emk,10,presurvey,ExperimentInstruction,1773099671,1,0,0
xaw5ge0f,67,5pqv6hkt,1,presurvey,Introduction,1773099673,1,0,0
xaw5ge0f,78,haisat3d,12,presurvey,Commitment,1773099677,1,0,0
xaw5ge0f,75,hqou1emk,11,presurvey,Scenario,1773099746,1,0,0
xaw5ge0f,67,5pqv6hkt,2,presurvey,AudioCheck,1773099750,1,0,0
xaw5ge0f,81,4iko8jcc,0,,InitializeParticipant,1773099763,1,0,0
xaw5ge0f,81,4iko8jcc,1,presurvey,Introduction,1773099768,1,0,0
xaw5ge0f,67,5pqv6hkt,3,presurvey,Demographics,1773099775,1,0,0
xaw5ge0f,81,4iko8jcc,2,presurvey,AudioCheck,1773099781,1,0,0
xaw5ge0f,82,np7nhud3,0,,InitializeParticipant,1773099794,1,0,0
xaw5ge0f,82,np7nhud3,1,presurvey,Introduction,1773099798,1,0,0
xaw5ge0f,81,4iko8jcc,3,presurvey,Demographics,1773099805,1,0,0
xaw5ge0f,82,np7nhud3,2,presurvey,AudioCheck,1773099818,1,0,0
xaw5ge0f,67,5pqv6hkt,4,presurvey,NeighborhoodInstruction,1773099820,1,0,0
xaw5ge0f,81,4iko8jcc,4,presurvey,NeighborhoodInstruction,1773099826,1,0,0
xaw5ge0f,82,np7nhud3,3,presurvey,Demographics,1773099829,1,0,0
xaw5ge0f,80,j9gde6q4,1,presurvey,Introduction,1773099836,1,0,0
xaw5ge0f,75,hqou1emk,12,presurvey,Commitment,1773099845,1,0,0
xaw5ge0f,81,4iko8jcc,5,presurvey,Training,1773099854,1,0,0
xaw5ge0f,67,5pqv6hkt,5,presurvey,Training,1773099860,1,0,0
xaw5ge0f,83,nkcn8qhk,0,,InitializeParticipant,1773099862,1,0,0
xaw5ge0f,80,j9gde6q4,2,presurvey,AudioCheck,1773099866,1,0,0
xaw5ge0f,83,nkcn8qhk,1,presurvey,Introduction,1773099870,1,0,0
xaw5ge0f,80,j9gde6q4,3,presurvey,Demographics,1773099885,1,0,0
xaw5ge0f,81,4iko8jcc,6,presurvey,TrainingNeighbor_1,1773099893,1,0,0
xaw5ge0f,81,4iko8jcc,10,presurvey,ExperimentInstruction,1773099897,1,0,0
xaw5ge0f,67,5pqv6hkt,6,presurvey,TrainingNeighbor_1,1773099914,1,0,0
xaw5ge0f,80,j9gde6q4,4,presurvey,NeighborhoodInstruction,1773099925,1,0,0
xaw5ge0f,83,nkcn8qhk,2,presurvey,AudioCheck,1773099925,1,0,0
xaw5ge0f,81,4iko8jcc,11,presurvey,Scenario,1773099938,1,0,0
xaw5ge0f,83,nkcn8qhk,3,presurvey,Demographics,1773099943,1,0,0
xaw5ge0f,80,j9gde6q4,5,presurvey,Training,1773099962,1,0,0
xaw5ge0f,82,np7nhud3,4,presurvey,NeighborhoodInstruction,1773099970,1,0,0
xaw5ge0f,84,k31an3ha,0,,InitializeParticipant,1773099977,1,0,0
xaw5ge0f,84,k31an3ha,1,presurvey,Introduction,1773099998,1,0,0
xaw5ge0f,80,j9gde6q4,6,presurvey,TrainingNeighbor_1,1773100012,1,0,0
xaw5ge0f,80,j9gde6q4,10,presurvey,ExperimentInstruction,1773100022,1,0,0
xaw5ge0f,84,k31an3ha,2,presurvey,AudioCheck,1773100027,1,0,0
xaw5ge0f,85,gqwft4l7,0,,InitializeParticipant,1773100048,1,0,0
xaw5ge0f,84,k31an3ha,3,presurvey,Demographics,1773100051,1,0,0
xaw5ge0f,85,gqwft4l7,1,presurvey,Introduction,1773100055,1,0,0
xaw5ge0f,80,j9gde6q4,11,presurvey,Scenario,1773100058,1,0,0
xaw5ge0f,85,gqwft4l7,2,presurvey,AudioCheck,1773100072,1,0,0
xaw5ge0f,82,np7nhud3,5,presurvey,Training,1773100074,1,0,0
xaw5ge0f,84,k31an3ha,4,presurvey,NeighborhoodInstruction,1773100074,1,0,0
xaw5ge0f,82,np7nhud3,6,presurvey,TrainingNeighbor_1,1773100083,1,0,0
xaw5ge0f,85,gqwft4l7,3,presurvey,Demographics,1773100085,1,0,0
xaw5ge0f,83,nkcn8qhk,4,presurvey,NeighborhoodInstruction,1773100086,1,0,0
xaw5ge0f,67,5pqv6hkt,7,presurvey,TrainingNeighbor_2,1773100090,1,0,0
xaw5ge0f,85,gqwft4l7,4,presurvey,NeighborhoodInstruction,1773100100,1,0,0
xaw5ge0f,82,np7nhud3,10,presurvey,ExperimentInstruction,1773100102,1,0,0
xaw5ge0f,84,k31an3ha,5,presurvey,Training,1773100107,1,0,0
xaw5ge0f,80,j9gde6q4,12,presurvey,Commitment,1773100108,1,0,0
xaw5ge0f,85,gqwft4l7,5,presurvey,Training,1773100109,1,0,0
xaw5ge0f,82,np7nhud3,11,presurvey,Scenario,1773100127,1,0,0
xaw5ge0f,85,gqwft4l7,6,presurvey,TrainingNeighbor_1,1773100131,1,0,0
xaw5ge0f,85,gqwft4l7,10,presurvey,ExperimentInstruction,1773100137,1,0,0
xaw5ge0f,84,k31an3ha,6,presurvey,TrainingNeighbor_1,1773100153,1,0,0
xaw5ge0f,84,k31an3ha,7,presurvey,TrainingNeighbor_2,1773100162,1,0,0
xaw5ge0f,86,vwt18omx,0,,InitializeParticipant,1773100164,1,0,0
xaw5ge0f,85,gqwft4l7,11,presurvey,Scenario,1773100164,1,0,0
xaw5ge0f,86,vwt18omx,1,presurvey,Introduction,1773100169,1,0,0
xaw5ge0f,84,k31an3ha,10,presurvey,ExperimentInstruction,1773100177,1,0,0
xaw5ge0f,86,vwt18omx,2,presurvey,AudioCheck,1773100186,1,0,0
xaw5ge0f,67,5pqv6hkt,10,presurvey,ExperimentInstruction,1773100204,1,0,0
xaw5ge0f,84,k31an3ha,11,presurvey,Scenario,1773100209,1,0,0
xaw5ge0f,86,vwt18omx,3,presurvey,Demographics,1773100221,1,0,0
xaw5ge0f,87,deuqtwum,0,,InitializeParticipant,1773100239,1,0,0
xaw5ge0f,87,deuqtwum,1,presurvey,Introduction,1773100242,1,0,0
xaw5ge0f,83,nkcn8qhk,5,presurvey,Training,1773100253,1,0,0
xaw5ge0f,87,deuqtwum,2,presurvey,AudioCheck,1773100260,1,0,0
xaw5ge0f,84,k31an3ha,12,presurvey,Commitment,1773100271,1,0,0
xaw5ge0f,87,deuqtwum,3,presurvey,Demographics,1773100271,1,0,0
xaw5ge0f,86,vwt18omx,4,presurvey,NeighborhoodInstruction,1773100278,1,0,0
xaw5ge0f,87,deuqtwum,4,presurvey,NeighborhoodInstruction,1773100288,1,0,0
xaw5ge0f,86,vwt18omx,5,presurvey,Training,1773100288,1,0,0
xaw5ge0f,86,vwt18omx,6,presurvey,TrainingNeighbor_1,1773100303,1,0,0
xaw5ge0f,83,nkcn8qhk,6,presurvey,TrainingNeighbor_1,1773100303,1,0,0
xaw5ge0f,86,vwt18omx,7,presurvey,TrainingNeighbor_2,1773100308,1,0,0
xaw5ge0f,86,vwt18omx,10,presurvey,ExperimentInstruction,1773100311,1,0,0
xaw5ge0f,83,nkcn8qhk,7,presurvey,TrainingNeighbor_2,1773100313,1,0,0
xaw5ge0f,83,nkcn8qhk,10,presurvey,ExperimentInstruction,1773100318,1,0,0
xaw5ge0f,86,vwt18omx,11,presurvey,Scenario,1773100323,1,0,0
xaw5ge0f,87,deuqtwum,5,presurvey,Training,1773100328,1,0,0
xaw5ge0f,88,9krbz3ow,0,,InitializeParticipant,1773100337,1,0,0
xaw5ge0f,88,9krbz3ow,1,presurvey,Introduction,1773100346,1,0,0
xaw5ge0f,86,vwt18omx,12,presurvey,Commitment,1773100365,1,0,0
xaw5ge0f,87,deuqtwum,6,presurvey,TrainingNeighbor_1,1773100368,1,0,0
xaw5ge0f,88,9krbz3ow,2,presurvey,AudioCheck,1773100370,1,0,0
xaw5ge0f,87,deuqtwum,7,presurvey,TrainingNeighbor_2,1773100377,1,0,0
xaw5ge0f,83,nkcn8qhk,11,presurvey,Scenario,1773100382,1,0,0
xaw5ge0f,87,deuqtwum,10,presurvey,ExperimentInstruction,1773100386,1,0,0
xaw5ge0f,89,fohm675a,0,,InitializeParticipant,1773100392,1,0,0
xaw5ge0f,88,9krbz3ow,3,presurvey,Demographics,1773100401,1,0,0
xaw5ge0f,88,9krbz3ow,4,presurvey,NeighborhoodInstruction,1773100410,1,0,0
xaw5ge0f,89,fohm675a,1,presurvey,Introduction,1773100415,1,0,0
xaw5ge0f,76,q3406e8d,13,mock_N08_N04_Aonly,GroupingWaitPage,1773100418,1,0,1
xaw5ge0f,88,9krbz3ow,5,presurvey,Training,1773100418,1,0,0
xaw5ge0f,76,q3406e8d,14,mock_N08_N04_Aonly,GroupSizeWaitPage,1773100419,1,0,1
xaw5ge0f,76,q3406e8d,15,mock_N08_N04_Aonly,AttentionCheck,1773100425,1,0,0
xaw5ge0f,90,r86x4dkq,0,,InitializeParticipant,1773100429,1,0,0
xaw5ge0f,67,5pqv6hkt,11,presurvey,Scenario,1773100430,1,0,0
xaw5ge0f,90,r86x4dkq,1,presurvey,Introduction,1773100437,1,0,0
xaw5ge0f,87,deuqtwum,11,presurvey,Scenario,1773100437,1,0,0
xaw5ge0f,88,9krbz3ow,6,presurvey,TrainingNeighbor_1,1773100455,1,0,0
xaw5ge0f,89,fohm675a,2,presurvey,AudioCheck,1773100458,1,0,0
xaw5ge0f,90,r86x4dkq,2,presurvey,AudioCheck,1773100463,1,0,0
xaw5ge0f,88,9krbz3ow,7,presurvey,TrainingNeighbor_2,1773100467,1,0,0
xaw5ge0f,88,9krbz3ow,10,presurvey,ExperimentInstruction,1773100473,1,0,0
xaw5ge0f,90,r86x4dkq,3,presurvey,Demographics,1773100473,1,0,0
xaw5ge0f,89,fohm675a,3,presurvey,Demographics,1773100479,1,0,0
xaw5ge0f,88,9krbz3ow,11,presurvey,Scenario,1773100500,1,0,0
xaw5ge0f,89,fohm675a,4,presurvey,NeighborhoodInstruction,1773100508,1,0,0
xaw5ge0f,89,fohm675a,5,presurvey,Training,1773100562,1,0,0
xaw5ge0f,90,r86x4dkq,4,presurvey,NeighborhoodInstruction,1773100597,1,0,0
xaw5ge0f,90,r86x4dkq,5,presurvey,Training,1773100620,1,0,0
xaw5ge0f,90,r86x4dkq,6,presurvey,TrainingNeighbor_1,1773100652,1,0,0
xaw5ge0f,89,fohm675a,6,presurvey,TrainingNeighbor_1,1773100667,1,0,0
xaw5ge0f,90,r86x4dkq,7,presurvey,TrainingNeighbor_2,1773100668,1,0,0
xaw5ge0f,90,r86x4dkq,10,presurvey,ExperimentInstruction,1773100672,1,0,0
xaw5ge0f,89,fohm675a,7,presurvey,TrainingNeighbor_2,1773100677,1,0,0
xaw5ge0f,91,ly9c0qbg,0,,InitializeParticipant,1773100687,1,0,0
xaw5ge0f,92,gr7sp69t,0,,InitializeParticipant,1773100699,1,0,0
xaw5ge0f,92,gr7sp69t,1,presurvey,Introduction,1773100708,1,0,0
xaw5ge0f,90,r86x4dkq,11,presurvey,Scenario,1773100710,1,0,0
xaw5ge0f,89,fohm675a,8,presurvey,AttentionCheck,1773100715,1,0,0
xaw5ge0f,91,ly9c0qbg,1,presurvey,Introduction,1773100715,1,0,0
xaw5ge0f,79,37wgudjm,13,mock_N08_N04_Aonly,GroupingWaitPage,1773100718,1,0,1
xaw5ge0f,79,37wgudjm,14,mock_N08_N04_Aonly,GroupSizeWaitPage,1773100719,1,0,1
xaw5ge0f,79,37wgudjm,15,mock_N08_N04_Aonly,AttentionCheck,1773100726,1,0,0
xaw5ge0f,89,fohm675a,9,presurvey,TrainingNeighbor_3,1773100731,1,0,0
xaw5ge0f,90,r86x4dkq,12,presurvey,Commitment,1773100744,1,0,0
xaw5ge0f,89,fohm675a,10,presurvey,ExperimentInstruction,1773100747,1,0,0
xaw5ge0f,93,l3378id5,0,,InitializeParticipant,1773100762,1,0,0
xaw5ge0f,92,gr7sp69t,2,presurvey,AudioCheck,1773100774,1,0,0
xaw5ge0f,91,ly9c0qbg,2,presurvey,AudioCheck,1773100775,1,0,0
xaw5ge0f,91,ly9c0qbg,3,presurvey,Demographics,1773100791,1,0,0
xaw5ge0f,92,gr7sp69t,3,presurvey,Demographics,1773100793,1,0,0
xaw5ge0f,94,6k5c3mxc,0,,InitializeParticipant,1773100797,1,0,0
xaw5ge0f,93,l3378id5,1,presurvey,Introduction,1773100800,1,0,0
xaw5ge0f,94,6k5c3mxc,1,presurvey,Introduction,1773100807,1,0,0
xaw5ge0f,78,haisat3d,13,mock_N08_N04_Aonly,GroupingWaitPage,1773100819,1,0,1
xaw5ge0f,91,ly9c0qbg,4,presurvey,NeighborhoodInstruction,1773100819,1,0,0
xaw5ge0f,78,haisat3d,14,mock_N08_N04_Aonly,GroupSizeWaitPage,1773100820,1,0,1
xaw5ge0f,92,gr7sp69t,4,presurvey,NeighborhoodInstruction,1773100825,1,0,0
xaw5ge0f,94,6k5c3mxc,2,presurvey,AudioCheck,1773100825,1,0,0
xaw5ge0f,78,haisat3d,15,mock_N08_N04_Aonly,AttentionCheck,1773100828,1,0,0
xaw5ge0f,93,l3378id5,2,presurvey,AudioCheck,1773100835,1,0,0
xaw5ge0f,94,6k5c3mxc,3,presurvey,Demographics,1773100839,1,0,0
xaw5ge0f,91,ly9c0qbg,5,presurvey,Training,1773100856,1,0,0
xaw5ge0f,94,6k5c3mxc,4,presurvey,NeighborhoodInstruction,1773100860,1,0,0
xaw5ge0f,92,gr7sp69t,5,presurvey,Training,1773100876,1,0,0
xaw5ge0f,95,3yu2bre3,0,,InitializeParticipant,1773100881,1,0,0
xaw5ge0f,93,l3378id5,3,presurvey,Demographics,1773100882,1,0,0
xaw5ge0f,95,3yu2bre3,1,presurvey,Introduction,1773100885,1,0,0
xaw5ge0f,96,41zl1ibi,0,,InitializeParticipant,1773100894,1,0,0
xaw5ge0f,95,3yu2bre3,2,presurvey,AudioCheck,1773100897,1,0,0
xaw5ge0f,97,fczgc5bl,0,,InitializeParticipant,1773100908,1,0,0
xaw5ge0f,91,ly9c0qbg,6,presurvey,TrainingNeighbor_1,1773100913,1,0,0
xaw5ge0f,95,3yu2bre3,3,presurvey,Demographics,1773100914,1,0,0
xaw5ge0f,95,3yu2bre3,4,presurvey,NeighborhoodInstruction,1773100919,1,0,0
xaw5ge0f,94,6k5c3mxc,5,presurvey,Training,1773100922,1,0,0
xaw5ge0f,91,ly9c0qbg,7,presurvey,TrainingNeighbor_2,1773100923,1,0,0
xaw5ge0f,95,3yu2bre3,5,presurvey,Training,1773100929,1,0,0
xaw5ge0f,96,41zl1ibi,1,presurvey,Introduction,1773100932,1,0,0
xaw5ge0f,95,3yu2bre3,6,presurvey,TrainingNeighbor_1,1773100944,1,0,0
xaw5ge0f,95,3yu2bre3,10,presurvey,ExperimentInstruction,1773100947,1,0,0
xaw5ge0f,94,6k5c3mxc,6,presurvey,TrainingNeighbor_1,1773100952,1,0,0
xaw5ge0f,92,gr7sp69t,6,presurvey,TrainingNeighbor_1,1773100957,1,0,0
xaw5ge0f,91,ly9c0qbg,10,presurvey,ExperimentInstruction,1773100958,1,0,0
xaw5ge0f,95,3yu2bre3,11,presurvey,Scenario,1773100964,1,0,0
xaw5ge0f,92,gr7sp69t,10,presurvey,ExperimentInstruction,1773100966,1,0,0
xaw5ge0f,94,6k5c3mxc,10,presurvey,ExperimentInstruction,1773100968,1,0,0
xaw5ge0f,93,l3378id5,4,presurvey,NeighborhoodInstruction,1773100970,1,0,0
xaw5ge0f,95,3yu2bre3,12,presurvey,Commitment,1773100979,1,0,0
xaw5ge0f,75,hqou1emk,13,mock_N08_N04_Aonly,GroupingWaitPage,1773100986,1,0,1
xaw5ge0f,75,hqou1emk,14,mock_N08_N04_Aonly,GroupSizeWaitPage,1773100987,1,0,1
xaw5ge0f,94,6k5c3mxc,11,presurvey,Scenario,1773100993,1,0,0
xaw5ge0f,75,hqou1emk,15,mock_N08_N04_Aonly,AttentionCheck,1773101000,1,0,0
xaw5ge0f,91,ly9c0qbg,11,presurvey,Scenario,1773101004,1,0,0
xaw5ge0f,98,8ys29pml,0,,InitializeParticipant,1773101006,1,0,0
xaw5ge0f,98,8ys29pml,1,presurvey,Introduction,1773101008,1,0,0
xaw5ge0f,92,gr7sp69t,11,presurvey,Scenario,1773101011,1,0,0
xaw5ge0f,93,l3378id5,5,presurvey,Training,1773101019,1,0,0
xaw5ge0f,98,8ys29pml,2,presurvey,AudioCheck,1773101029,1,0,0
xaw5ge0f,89,fohm675a,11,presurvey,Scenario,1773101045,1,0,0
xaw5ge0f,97,fczgc5bl,1,presurvey,Introduction,1773101053,1,0,0
xaw5ge0f,91,ly9c0qbg,12,presurvey,Commitment,1773101053,1,0,0
xaw5ge0f,99,u5ljqg9a,0,,InitializeParticipant,1773101057,1,0,0
xaw5ge0f,99,u5ljqg9a,1,presurvey,Introduction,1773101076,1,0,0
xaw5ge0f,92,gr7sp69t,12,presurvey,Commitment,1773101093,1,0,0
xaw5ge0f,99,u5ljqg9a,2,presurvey,AudioCheck,1773101097,1,0,0
xaw5ge0f,99,u5ljqg9a,3,presurvey,Demographics,1773101108,1,0,0
xaw5ge0f,97,fczgc5bl,2,presurvey,AudioCheck,1773101121,1,0,0
xaw5ge0f,99,u5ljqg9a,4,presurvey,NeighborhoodInstruction,1773101125,1,0,0
xaw5ge0f,97,fczgc5bl,3,presurvey,Demographics,1773101137,1,0,0
xaw5ge0f,100,kr1t1fp8,0,,InitializeParticipant,1773101140,1,0,0
xaw5ge0f,93,l3378id5,6,presurvey,TrainingNeighbor_1,1773101142,1,0,0
xaw5ge0f,99,u5ljqg9a,5,presurvey,Training,1773101144,1,0,0
xaw5ge0f,101,biqcent3,0,,InitializeParticipant,1773101148,1,0,0
xaw5ge0f,100,kr1t1fp8,1,presurvey,Introduction,1773101151,1,0,0
xaw5ge0f,97,fczgc5bl,4,presurvey,NeighborhoodInstruction,1773101162,1,0,0
xaw5ge0f,93,l3378id5,7,presurvey,TrainingNeighbor_2,1773101169,1,0,0
xaw5ge0f,100,kr1t1fp8,2,presurvey,AudioCheck,1773101171,1,0,0
xaw5ge0f,101,biqcent3,1,presurvey,Introduction,1773101173,1,0,0
xaw5ge0f,100,kr1t1fp8,3,presurvey,Demographics,1773101181,1,0,0
xaw5ge0f,99,u5ljqg9a,6,presurvey,TrainingNeighbor_1,1773101185,1,0,0
xaw5ge0f,100,kr1t1fp8,4,presurvey,NeighborhoodInstruction,1773101191,1,0,0
xaw5ge0f,101,biqcent3,2,presurvey,AudioCheck,1773101191,1,0,0
xaw5ge0f,99,u5ljqg9a,7,presurvey,TrainingNeighbor_2,1773101192,1,0,0
xaw5ge0f,93,l3378id5,10,presurvey,ExperimentInstruction,1773101194,1,0,0
xaw5ge0f,99,u5ljqg9a,10,presurvey,ExperimentInstruction,1773101199,1,0,0
xaw5ge0f,101,biqcent3,3,presurvey,Demographics,1773101204,1,0,0
xaw5ge0f,97,fczgc5bl,5,presurvey,Training,1773101214,1,0,0
xaw5ge0f,99,u5ljqg9a,11,presurvey,Scenario,1773101223,1,0,0
xaw5ge0f,101,biqcent3,4,presurvey,NeighborhoodInstruction,1773101228,1,0,0
xaw5ge0f,80,j9gde6q4,13,mock_N08_N04_Aonly,GroupingWaitPage,1773101250,1,0,1
xaw5ge0f,80,j9gde6q4,14,mock_N08_N04_Aonly,GroupSizeWaitPage,1773101251,1,0,1
xaw5ge0f,101,biqcent3,5,presurvey,Training,1773101262,1,0,0
xaw5ge0f,80,j9gde6q4,15,mock_N08_N04_Aonly,AttentionCheck,1773101263,1,0,0
xaw5ge0f,93,l3378id5,11,presurvey,Scenario,1773101268,1,0,0
xaw5ge0f,101,biqcent3,6,presurvey,TrainingNeighbor_1,1773101296,1,0,0
xaw5ge0f,97,fczgc5bl,6,presurvey,TrainingNeighbor_1,1773101301,1,0,0
xaw5ge0f,101,biqcent3,10,presurvey,ExperimentInstruction,1773101315,1,0,0
xaw5ge0f,97,fczgc5bl,10,presurvey,ExperimentInstruction,1773101324,1,0,0
xaw5ge0f,101,biqcent3,11,presurvey,Scenario,1773101346,1,0,0
xaw5ge0f,97,fczgc5bl,11,presurvey,Scenario,1773101368,1,0,0
xaw5ge0f,93,l3378id5,12,presurvey,Commitment,1773101373,1,0,0
xaw5ge0f,102,0v4uzcr2,0,,InitializeParticipant,1773101395,1,0,0
xaw5ge0f,102,0v4uzcr2,1,presurvey,Introduction,1773101403,1,0,0
xaw5ge0f,103,hxyfwg80,0,,InitializeParticipant,1773101405,1,0,0
xaw5ge0f,84,k31an3ha,13,mock_N08_N04_Aonly,GroupingWaitPage,1773101413,1,0,1
xaw5ge0f,84,k31an3ha,14,mock_N08_N04_Aonly,GroupSizeWaitPage,1773101414,1,0,1
xaw5ge0f,84,k31an3ha,15,mock_N08_N04_Aonly,AttentionCheck,1773101418,1,0,0
xaw5ge0f,103,hxyfwg80,1,presurvey,Introduction,1773101421,1,0,0
xaw5ge0f,103,hxyfwg80,2,presurvey,AudioCheck,1773101437,1,0,0
xaw5ge0f,102,0v4uzcr2,2,presurvey,AudioCheck,1773101450,1,0,0
xaw5ge0f,103,hxyfwg80,3,presurvey,Demographics,1773101451,1,0,0
xaw5ge0f,104,rihkyeal,0,,InitializeParticipant,1773101451,1,0,0
xaw5ge0f,102,0v4uzcr2,3,presurvey,Demographics,1773101491,1,0,0
xaw5ge0f,103,hxyfwg80,4,presurvey,NeighborhoodInstruction,1773101500,1,0,0
xaw5ge0f,104,rihkyeal,1,presurvey,Introduction,1773101516,1,0,0
xaw5ge0f,103,hxyfwg80,5,presurvey,Training,1773101541,1,0,0
xaw5ge0f,102,0v4uzcr2,4,presurvey,NeighborhoodInstruction,1773101554,1,0,0
xaw5ge0f,86,vwt18omx,13,mock_N08_N04_Aonly,GroupingWaitPage,1773101571,1,0,1
xaw5ge0f,86,vwt18omx,14,mock_N08_N04_Aonly,GroupSizeWaitPage,1773101572,1,0,1
xaw5ge0f,86,vwt18omx,15,mock_N08_N04_Aonly,AttentionCheck,1773101576,1,0,0
xaw5ge0f,105,tluizwsl,0,,InitializeParticipant,1773101578,1,0,0
xaw5ge0f,103,hxyfwg80,6,presurvey,TrainingNeighbor_1,1773101579,1,0,0
xaw5ge0f,104,rihkyeal,2,presurvey,AudioCheck,1773101585,1,0,0
xaw5ge0f,103,hxyfwg80,7,presurvey,TrainingNeighbor_2,1773101587,1,0,0
xaw5ge0f,103,hxyfwg80,10,presurvey,ExperimentInstruction,1773101601,1,0,0
xaw5ge0f,104,rihkyeal,3,presurvey,Demographics,1773101617,1,0,0
xaw5ge0f,103,hxyfwg80,11,presurvey,Scenario,1773101629,1,0,0
xaw5ge0f,104,rihkyeal,4,presurvey,NeighborhoodInstruction,1773101650,1,0,0
xaw5ge0f,102,0v4uzcr2,5,presurvey,Training,1773101654,1,0,0
xaw5ge0f,106,qm5f6stj,0,,InitializeParticipant,1773101656,1,0,0
xaw5ge0f,106,qm5f6stj,1,presurvey,Introduction,1773101661,1,0,0
xaw5ge0f,105,tluizwsl,1,presurvey,Introduction,1773101662,1,0,0
xaw5ge0f,104,rihkyeal,5,presurvey,Training,1773101684,1,0,0
xaw5ge0f,105,tluizwsl,2,presurvey,AudioCheck,1773101687,1,0,0
xaw5ge0f,106,qm5f6stj,2,presurvey,AudioCheck,1773101697,1,0,0
xaw5ge0f,103,hxyfwg80,12,presurvey,Commitment,1773101700,1,0,0
xaw5ge0f,107,xf51vvyk,0,,InitializeParticipant,1773101702,1,0,0
xaw5ge0f,107,xf51vvyk,1,presurvey,Introduction,1773101714,1,0,0
xaw5ge0f,105,tluizwsl,3,presurvey,Demographics,1773101726,1,0,0
xaw5ge0f,107,xf51vvyk,2,presurvey,AudioCheck,1773101730,1,0,0
xaw5ge0f,106,qm5f6stj,3,presurvey,Demographics,1773101731,1,0,0
xaw5ge0f,107,xf51vvyk,3,presurvey,Demographics,1773101740,1,0,0
xaw5ge0f,107,xf51vvyk,4,presurvey,NeighborhoodInstruction,1773101759,1,0,0
xaw5ge0f,104,rihkyeal,6,presurvey,TrainingNeighbor_1,1773101765,1,0,0
xaw5ge0f,104,rihkyeal,10,presurvey,ExperimentInstruction,1773101781,1,0,0
xaw5ge0f,107,xf51vvyk,5,presurvey,Training,1773101795,1,0,0
xaw5ge0f,102,0v4uzcr2,6,presurvey,TrainingNeighbor_1,1773101817,1,0,0
xaw5ge0f,104,rihkyeal,11,presurvey,Scenario,1773101828,1,0,0
xaw5ge0f,106,qm5f6stj,4,presurvey,NeighborhoodInstruction,1773101833,1,0,0
xaw5ge0f,107,xf51vvyk,6,presurvey,TrainingNeighbor_1,1773101848,1,0,0
xaw5ge0f,107,xf51vvyk,7,presurvey,TrainingNeighbor_2,1773101853,1,0,0
xaw5ge0f,102,0v4uzcr2,7,presurvey,TrainingNeighbor_2,1773101858,1,0,0
xaw5ge0f,107,xf51vvyk,8,presurvey,AttentionCheck,1773101867,1,0,0
xaw5ge0f,108,3vp4fqvm,0,,InitializeParticipant,1773101875,1,0,0
xaw5ge0f,107,xf51vvyk,9,presurvey,TrainingNeighbor_3,1773101875,1,0,0
xaw5ge0f,107,xf51vvyk,10,presurvey,ExperimentInstruction,1773101879,1,0,0
xaw5ge0f,108,3vp4fqvm,1,presurvey,Introduction,1773101889,1,0,0
xaw5ge0f,109,l7t7lmc6,0,,InitializeParticipant,1773101894,1,0,0
xaw5ge0f,90,r86x4dkq,13,mock_N08_N04_Aonly,GroupingWaitPage,1773101896,1,0,1
xaw5ge0f,90,r86x4dkq,14,mock_N08_N04_Aonly,GroupSizeWaitPage,1773101896,1,0,1
xaw5ge0f,90,r86x4dkq,15,mock_N08_N04_Aonly,AttentionCheck,1773101902,1,0,0
xaw5ge0f,108,3vp4fqvm,2,presurvey,AudioCheck,1773101907,1,0,0
xaw5ge0f,107,xf51vvyk,11,presurvey,Scenario,1773101914,1,0,0
xaw5ge0f,108,3vp4fqvm,3,presurvey,Demographics,1773101922,1,0,0
xaw5ge0f,109,l7t7lmc6,1,presurvey,Introduction,1773101922,1,0,0
xaw5ge0f,110,1q1192z7,0,,InitializeParticipant,1773101937,1,0,0
xaw5ge0f,108,3vp4fqvm,4,presurvey,NeighborhoodInstruction,1773101938,1,0,0
xaw5ge0f,105,tluizwsl,4,presurvey,NeighborhoodInstruction,1773101939,1,0,0
xaw5ge0f,108,3vp4fqvm,5,presurvey,Training,1773101958,1,0,0
xaw5ge0f,109,l7t7lmc6,2,presurvey,AudioCheck,1773101964,1,0,0
xaw5ge0f,106,qm5f6stj,5,presurvey,Training,1773101966,1,0,0
xaw5ge0f,109,l7t7lmc6,3,presurvey,Demographics,1773101984,1,0,0
xaw5ge0f,108,3vp4fqvm,6,presurvey,TrainingNeighbor_1,1773101987,1,0,0
xaw5ge0f,110,1q1192z7,1,presurvey,Introduction,1773101987,1,0,0
xaw5ge0f,108,3vp4fqvm,10,presurvey,ExperimentInstruction,1773101991,1,0,0
xaw5ge0f,109,l7t7lmc6,4,presurvey,NeighborhoodInstruction,1773102011,1,0,0
xaw5ge0f,105,tluizwsl,5,presurvey,Training,1773102018,1,0,0
xaw5ge0f,108,3vp4fqvm,11,presurvey,Scenario,1773102027,1,0,0
xaw5ge0f,109,l7t7lmc6,5,presurvey,Training,1773102044,1,0,0
xaw5ge0f,110,1q1192z7,2,presurvey,AudioCheck,1773102048,1,0,0
xaw5ge0f,108,3vp4fqvm,12,presurvey,Commitment,1773102054,1,0,0
xaw5ge0f,105,tluizwsl,6,presurvey,TrainingNeighbor_1,1773102070,1,0,0
xaw5ge0f,109,l7t7lmc6,6,presurvey,TrainingNeighbor_1,1773102083,1,0,0
xaw5ge0f,109,l7t7lmc6,10,presurvey,ExperimentInstruction,1773102089,1,0,0
xaw5ge0f,106,qm5f6stj,6,presurvey,TrainingNeighbor_1,1773102092,1,0,0
xaw5ge0f,106,qm5f6stj,10,presurvey,ExperimentInstruction,1773102104,1,0,0
xaw5ge0f,105,tluizwsl,7,presurvey,TrainingNeighbor_2,1773102115,1,0,0
xaw5ge0f,111,jrl3v6dz,0,,InitializeParticipant,1773102120,1,0,0
xaw5ge0f,109,l7t7lmc6,11,presurvey,Scenario,1773102132,1,0,0
xaw5ge0f,110,1q1192z7,3,presurvey,Demographics,1773102166,1,0,0
xaw5ge0f,106,qm5f6stj,11,presurvey,Scenario,1773102168,1,0,0
xaw5ge0f,91,ly9c0qbg,13,mock_N08_N04_Aonly,GroupingWaitPage,1773102194,1,0,1
xaw5ge0f,91,ly9c0qbg,14,mock_N08_N04_Aonly,GroupSizeWaitPage,1773102195,1,0,1
xaw5ge0f,91,ly9c0qbg,15,mock_N08_N04_Aonly,AttentionCheck,1773102202,1,0,0
xaw5ge0f,110,1q1192z7,4,presurvey,NeighborhoodInstruction,1773102218,1,0,0
xaw5ge0f,111,jrl3v6dz,1,presurvey,Introduction,1773102220,1,0,0
xaw5ge0f,110,1q1192z7,5,presurvey,Training,1773102239,1,0,0
xaw5ge0f,111,jrl3v6dz,2,presurvey,AudioCheck,1773102252,1,0,0
xaw5ge0f,106,qm5f6stj,12,presurvey,Commitment,1773102259,1,0,0
xaw5ge0f,111,jrl3v6dz,3,presurvey,Demographics,1773102268,1,0,0
xaw5ge0f,110,1q1192z7,6,presurvey,TrainingNeighbor_1,1773102281,1,0,0
xaw5ge0f,112,oj99wk2e,0,,InitializeParticipant,1773102305,1,0,0
xaw5ge0f,112,oj99wk2e,1,presurvey,Introduction,1773102309,1,0,0
xaw5ge0f,111,jrl3v6dz,4,presurvey,NeighborhoodInstruction,1773102313,1,0,0
xaw5ge0f,102,0v4uzcr2,10,presurvey,ExperimentInstruction,1773102317,1,0,0
xaw5ge0f,112,oj99wk2e,2,presurvey,AudioCheck,1773102328,1,0,0
xaw5ge0f,112,oj99wk2e,3,presurvey,Demographics,1773102338,1,0,0
xaw5ge0f,110,1q1192z7,10,presurvey,ExperimentInstruction,1773102342,1,0,0
xaw5ge0f,111,jrl3v6dz,5,presurvey,Training,1773102371,1,0,0
xaw5ge0f,112,oj99wk2e,4,presurvey,NeighborhoodInstruction,1773102374,1,0,0
xaw5ge0f,102,0v4uzcr2,11,presurvey,Scenario,1773102386,1,0,0
xaw5ge0f,110,1q1192z7,11,presurvey,Scenario,1773102412,1,0,0
xaw5ge0f,112,oj99wk2e,5,presurvey,Training,1773102432,1,0,0
xaw5ge0f,112,oj99wk2e,6,presurvey,TrainingNeighbor_1,1773102464,1,0,0
xaw5ge0f,112,oj99wk2e,10,presurvey,ExperimentInstruction,1773102470,1,0,0
xaw5ge0f,102,0v4uzcr2,12,presurvey,Commitment,1773102476,1,0,0
xaw5ge0f,110,1q1192z7,12,presurvey,Commitment,1773102482,1,0,0
xaw5ge0f,113,f9lrsd2u,0,,InitializeParticipant,1773102483,1,0,0
xaw5ge0f,113,f9lrsd2u,1,presurvey,Introduction,1773102516,1,0,0
xaw5ge0f,112,oj99wk2e,11,presurvey,Scenario,1773102521,1,0,0
xaw5ge0f,105,tluizwsl,10,presurvey,ExperimentInstruction,1773102526,1,0,0
xaw5ge0f,114,sx7gnj5f,0,,InitializeParticipant,1773102538,1,0,0
xaw5ge0f,113,f9lrsd2u,2,presurvey,AudioCheck,1773102539,1,0,0
xaw5ge0f,112,oj99wk2e,12,presurvey,Commitment,1773102540,1,0,0
xaw5ge0f,113,f9lrsd2u,3,presurvey,Demographics,1773102550,1,0,0
xaw5ge0f,113,f9lrsd2u,4,presurvey,NeighborhoodInstruction,1773102556,1,0,0
xaw5ge0f,105,tluizwsl,11,presurvey,Scenario,1773102562,1,0,0
xaw5ge0f,114,sx7gnj5f,1,presurvey,Introduction,1773102571,1,0,0
xaw5ge0f,111,jrl3v6dz,6,presurvey,TrainingNeighbor_1,1773102571,1,0,0
xaw5ge0f,93,l3378id5,13,mock_N08_N04_Aonly,GroupingWaitPage,1773102574,1,0,1
xaw5ge0f,93,l3378id5,14,mock_N08_N04_Aonly,GroupSizeWaitPage,1773102575,1,0,1
xaw5ge0f,113,f9lrsd2u,5,presurvey,Training,1773102577,1,0,0
xaw5ge0f,93,l3378id5,15,mock_N08_N04_Aonly,AttentionCheck,1773102592,1,0,0
xaw5ge0f,114,sx7gnj5f,2,presurvey,AudioCheck,1773102601,1,0,0
xaw5ge0f,113,f9lrsd2u,6,presurvey,TrainingNeighbor_1,1773102602,1,0,0
xaw5ge0f,113,f9lrsd2u,7,presurvey,TrainingNeighbor_2,1773102607,1,0,0
xaw5ge0f,113,f9lrsd2u,8,presurvey,AttentionCheck,1773102620,1,0,0
xaw5ge0f,114,sx7gnj5f,3,presurvey,Demographics,1773102621,1,0,0
xaw5ge0f,114,sx7gnj5f,4,presurvey,NeighborhoodInstruction,1773102638,1,0,0
xaw5ge0f,115,wvb0u1gd,0,,InitializeParticipant,1773102641,1,0,0
xaw5ge0f,113,f9lrsd2u,9,presurvey,TrainingNeighbor_3,1773102645,1,0,0
xaw5ge0f,113,f9lrsd2u,10,presurvey,ExperimentInstruction,1773102648,1,0,0
xaw5ge0f,116,rluh0www,0,,InitializeParticipant,1773102652,1,0,0
xaw5ge0f,111,jrl3v6dz,7,presurvey,TrainingNeighbor_2,1773102652,1,0,0
xaw5ge0f,113,f9lrsd2u,11,presurvey,Scenario,1773102673,1,0,0
xaw5ge0f,111,jrl3v6dz,10,presurvey,ExperimentInstruction,1773102679,1,0,0
xaw5ge0f,116,rluh0www,1,presurvey,Introduction,1773102682,1,0,0
xaw5ge0f,113,f9lrsd2u,12,presurvey,Commitment,1773102689,1,0,0
xaw5ge0f,114,sx7gnj5f,5,presurvey,Training,1773102707,1,0,0
xaw5ge0f,116,rluh0www,2,presurvey,AudioCheck,1773102711,1,0,0
xaw5ge0f,116,rluh0www,3,presurvey,Demographics,1773102729,1,0,0
xaw5ge0f,111,jrl3v6dz,11,presurvey,Scenario,1773102743,1,0,0
xaw5ge0f,116,rluh0www,4,presurvey,NeighborhoodInstruction,1773102758,1,0,0
xaw5ge0f,114,sx7gnj5f,6,presurvey,TrainingNeighbor_1,1773102790,1,0,0
xaw5ge0f,116,rluh0www,5,presurvey,Training,1773102790,1,0,0
xaw5ge0f,114,sx7gnj5f,7,presurvey,TrainingNeighbor_2,1773102809,1,0,0
xaw5ge0f,115,wvb0u1gd,1,presurvey,Introduction,1773102813,1,0,0
xaw5ge0f,114,sx7gnj5f,10,presurvey,ExperimentInstruction,1773102816,1,0,0
xaw5ge0f,111,jrl3v6dz,12,presurvey,Commitment,1773102830,1,0,0
xaw5ge0f,116,rluh0www,6,presurvey,TrainingNeighbor_1,1773102836,1,0,0
xaw5ge0f,103,hxyfwg80,13,mock_N08_N04_Aonly,GroupingWaitPage,1773102843,1,0,1
xaw5ge0f,115,wvb0u1gd,2,presurvey,AudioCheck,1773102843,1,0,0
xaw5ge0f,103,hxyfwg80,14,mock_N08_N04_Aonly,GroupSizeWaitPage,1773102844,1,0,1
xaw5ge0f,116,rluh0www,10,presurvey,ExperimentInstruction,1773102846,1,0,0
xaw5ge0f,103,hxyfwg80,15,mock_N08_N04_Aonly,AttentionCheck,1773102850,1,0,0
xaw5ge0f,114,sx7gnj5f,11,presurvey,Scenario,1773102855,1,0,0
xaw5ge0f,116,rluh0www,11,presurvey,Scenario,1773102881,1,0,0
xaw5ge0f,115,wvb0u1gd,3,presurvey,Demographics,1773102883,1,0,0
xaw5ge0f,115,wvb0u1gd,4,presurvey,NeighborhoodInstruction,1773102911,1,0,0
xaw5ge0f,116,rluh0www,12,presurvey,Commitment,1773102930,1,0,0
xaw5ge0f,115,wvb0u1gd,5,presurvey,Training,1773102956,1,0,0
xaw5ge0f,115,wvb0u1gd,6,presurvey,TrainingNeighbor_1,1773103128,1,0,0
xaw5ge0f,115,wvb0u1gd,7,presurvey,TrainingNeighbor_2,1773103149,1,0,0
xaw5ge0f,115,wvb0u1gd,10,presurvey,ExperimentInstruction,1773103155,1,0,0
xaw5ge0f,108,3vp4fqvm,13,mock_N08_N04_Aonly,GroupingWaitPage,1773103195,1,0,1
xaw5ge0f,108,3vp4fqvm,14,mock_N08_N04_Aonly,GroupSizeWaitPage,1773103196,1,0,1
xaw5ge0f,108,3vp4fqvm,15,mock_N08_N04_Aonly,AttentionCheck,1773103201,1,0,0
xaw5ge0f,115,wvb0u1gd,11,presurvey,Scenario,1773103210,1,0,0
xaw5ge0f,110,1q1192z7,13,mock_N08_N04_Aonly,GroupingWaitPage,1773103626,1,0,1
xaw5ge0f,110,1q1192z7,14,mock_N08_N04_Aonly,GroupSizeWaitPage,1773103627,1,0,1
xaw5ge0f,110,1q1192z7,15,mock_N08_N04_Aonly,AttentionCheck,1773103646,1,0,0
xaw5ge0f,112,oj99wk2e,13,mock_N08_N04_Aonly,GroupingWaitPage,1773103683,1,0,1
xaw5ge0f,102,0v4uzcr2,13,mock_N08_N04_Aonly,GroupingWaitPage,1773103684,1,0,1
xaw5ge0f,112,oj99wk2e,14,mock_N08_N04_Aonly,GroupSizeWaitPage,1773103685,1,0,1
xaw5ge0f,102,0v4uzcr2,14,mock_N08_N04_Aonly,GroupSizeWaitPage,1773103685,1,0,1
xaw5ge0f,112,oj99wk2e,15,mock_N08_N04_Aonly,AttentionCheck,1773103689,1,0,0
xaw5ge0f,102,0v4uzcr2,15,mock_N08_N04_Aonly,AttentionCheck,1773103693,1,0,0
xaw5ge0f,113,f9lrsd2u,13,mock_N08_N04_Aonly,GroupingWaitPage,1773103891,1,0,1
xaw5ge0f,113,f9lrsd2u,14,mock_N08_N04_Aonly,GroupSizeWaitPage,1773103892,1,0,1
xaw5ge0f,113,f9lrsd2u,15,mock_N08_N04_Aonly,AttentionCheck,1773103898,1,0,0
xaw5ge0f,111,jrl3v6dz,13,mock_N08_N04_Aonly,GroupingWaitPage,1773103975,1,0,1
xaw5ge0f,111,jrl3v6dz,14,mock_N08_N04_Aonly,GroupSizeWaitPage,1773103975,1,0,1
xaw5ge0f,111,jrl3v6dz,15,mock_N08_N04_Aonly,AttentionCheck,1773103983,1,0,0
xaw5ge0f,116,rluh0www,13,mock_N08_N04_Aonly,GroupingWaitPage,1773104072,1,0,1
nwn656i6,1,wm1uonxz,0,,InitializeParticipant,1773173004,1,0,0
nwn656i6,1,wm1uonxz,1,presurvey,Introduction,1773173011,1,0,0
nwn656i6,2,vl5uuby1,0,,InitializeParticipant,1773173039,1,0,0
nwn656i6,1,wm1uonxz,2,presurvey,AudioCheck,1773173055,1,0,0
nwn656i6,2,vl5uuby1,1,presurvey,Introduction,1773173066,1,0,0
nwn656i6,1,wm1uonxz,3,presurvey,Demographics,1773173073,1,0,0
nwn656i6,2,vl5uuby1,2,presurvey,AudioCheck,1773173083,1,0,0
nwn656i6,2,vl5uuby1,3,presurvey,Demographics,1773173094,1,0,0
nwn656i6,2,vl5uuby1,4,presurvey,NeighborhoodInstruction,1773173111,1,0,0
nwn656i6,1,wm1uonxz,4,presurvey,NeighborhoodInstruction,1773173142,1,0,0
nwn656i6,2,vl5uuby1,5,presurvey,Training,1773173154,1,0,0
nwn656i6,1,wm1uonxz,5,presurvey,Training,1773173170,1,0,0
nwn656i6,2,vl5uuby1,6,presurvey,TrainingNeighbor_1,1773173177,1,0,0
nwn656i6,2,vl5uuby1,10,presurvey,ExperimentInstruction,1773173189,1,0,0
nwn656i6,1,wm1uonxz,6,presurvey,TrainingNeighbor_1,1773173193,1,0,0
nwn656i6,1,wm1uonxz,10,presurvey,ExperimentInstruction,1773173202,1,0,0
nwn656i6,2,vl5uuby1,11,presurvey,Scenario,1773173217,1,0,0
nwn656i6,1,wm1uonxz,11,presurvey,Scenario,1773173222,1,0,0
nwn656i6,2,vl5uuby1,12,presurvey,Commitment,1773173262,1,0,0
nwn656i6,1,wm1uonxz,12,presurvey,Commitment,1773173262,1,0,0
nwn656i6,3,nvgz1ha1,0,,InitializeParticipant,1773173371,1,0,0
nwn656i6,4,snarxji4,0,,InitializeParticipant,1773173406,1,0,0
nwn656i6,4,snarxji4,1,presurvey,Introduction,1773173413,1,0,0
nwn656i6,3,nvgz1ha1,1,presurvey,Introduction,1773173415,1,0,0
nwn656i6,4,snarxji4,2,presurvey,AudioCheck,1773173448,1,0,0
nwn656i6,3,nvgz1ha1,2,presurvey,AudioCheck,1773173454,1,0,0
nwn656i6,4,snarxji4,3,presurvey,Demographics,1773173474,1,0,0
nwn656i6,3,nvgz1ha1,3,presurvey,Demographics,1773173475,1,0,0
nwn656i6,3,nvgz1ha1,4,presurvey,NeighborhoodInstruction,1773173489,1,0,0
nwn656i6,4,snarxji4,4,presurvey,NeighborhoodInstruction,1773173497,1,0,0
nwn656i6,3,nvgz1ha1,5,presurvey,Training,1773173523,1,0,0
nwn656i6,4,snarxji4,5,presurvey,Training,1773173544,1,0,0
nwn656i6,3,nvgz1ha1,6,presurvey,TrainingNeighbor_1,1773173566,1,0,0
nwn656i6,4,snarxji4,6,presurvey,TrainingNeighbor_1,1773173580,1,0,0
nwn656i6,5,9gho42pu,0,,InitializeParticipant,1773173583,1,0,0
nwn656i6,5,9gho42pu,1,presurvey,Introduction,1773173601,1,0,0
nwn656i6,4,snarxji4,7,presurvey,TrainingNeighbor_2,1773173608,1,0,0
nwn656i6,5,9gho42pu,2,presurvey,AudioCheck,1773173615,1,0,0
nwn656i6,4,snarxji4,10,presurvey,ExperimentInstruction,1773173618,1,0,0
nwn656i6,5,9gho42pu,3,presurvey,Demographics,1773173629,1,0,0
nwn656i6,5,9gho42pu,4,presurvey,NeighborhoodInstruction,1773173638,1,0,0
nwn656i6,5,9gho42pu,5,presurvey,Training,1773173643,1,0,0
nwn656i6,3,nvgz1ha1,7,presurvey,TrainingNeighbor_2,1773173644,1,0,0
nwn656i6,5,9gho42pu,6,presurvey,TrainingNeighbor_1,1773173660,1,0,0
nwn656i6,5,9gho42pu,10,presurvey,ExperimentInstruction,1773173666,1,0,0
nwn656i6,3,nvgz1ha1,10,presurvey,ExperimentInstruction,1773173684,1,0,0
nwn656i6,5,9gho42pu,11,presurvey,Scenario,1773173685,1,0,0
nwn656i6,4,snarxji4,11,presurvey,Scenario,1773173686,1,0,0
nwn656i6,5,9gho42pu,12,presurvey,Commitment,1773173714,1,0,0
nwn656i6,3,nvgz1ha1,11,presurvey,Scenario,1773173723,1,0,0
nwn656i6,6,atc6iex3,0,,InitializeParticipant,1773173833,1,0,0
nwn656i6,7,jflazc53,0,,InitializeParticipant,1773173875,1,0,0
nwn656i6,7,jflazc53,1,presurvey,Introduction,1773173885,1,0,0
nwn656i6,7,jflazc53,2,presurvey,AudioCheck,1773173909,1,0,0
nwn656i6,7,jflazc53,3,presurvey,Demographics,1773173927,1,0,0
nwn656i6,6,atc6iex3,1,presurvey,Introduction,1773173931,1,0,0
nwn656i6,7,jflazc53,4,presurvey,NeighborhoodInstruction,1773173944,1,0,0
nwn656i6,6,atc6iex3,2,presurvey,AudioCheck,1773173968,1,0,0
nwn656i6,7,jflazc53,5,presurvey,Training,1773173969,1,0,0
nwn656i6,6,atc6iex3,3,presurvey,Demographics,1773173989,1,0,0
nwn656i6,7,jflazc53,6,presurvey,TrainingNeighbor_1,1773174000,1,0,0
nwn656i6,8,k502qlll,0,,InitializeParticipant,1773174002,1,0,0
nwn656i6,7,jflazc53,10,presurvey,ExperimentInstruction,1773174006,1,0,0
nwn656i6,8,k502qlll,1,presurvey,Introduction,1773174009,1,0,0
nwn656i6,9,vvq4u7go,0,,InitializeParticipant,1773174021,1,0,0
nwn656i6,7,jflazc53,11,presurvey,Scenario,1773174030,1,0,0
nwn656i6,8,k502qlll,2,presurvey,AudioCheck,1773174034,1,0,0
nwn656i6,8,k502qlll,3,presurvey,Demographics,1773174061,1,0,0
nwn656i6,8,k502qlll,4,presurvey,NeighborhoodInstruction,1773174070,1,0,0
nwn656i6,8,k502qlll,5,presurvey,Training,1773174085,1,0,0
nwn656i6,9,vvq4u7go,1,presurvey,Introduction,1773174097,1,0,0
nwn656i6,6,atc6iex3,4,presurvey,NeighborhoodInstruction,1773174100,1,0,0
nwn656i6,8,k502qlll,6,presurvey,TrainingNeighbor_1,1773174107,1,0,0
nwn656i6,8,k502qlll,10,presurvey,ExperimentInstruction,1773174114,1,0,0
nwn656i6,10,bgzcqs25,0,,InitializeParticipant,1773174117,1,0,0
nwn656i6,6,atc6iex3,5,presurvey,Training,1773174128,1,0,0
nwn656i6,8,k502qlll,11,presurvey,Scenario,1773174143,1,0,0
nwn656i6,9,vvq4u7go,2,presurvey,AudioCheck,1773174144,1,0,0
nwn656i6,6,atc6iex3,6,presurvey,TrainingNeighbor_1,1773174154,1,0,0
nwn656i6,10,bgzcqs25,1,presurvey,Introduction,1773174160,1,0,0
nwn656i6,6,atc6iex3,10,presurvey,ExperimentInstruction,1773174162,1,0,0
nwn656i6,9,vvq4u7go,3,presurvey,Demographics,1773174176,1,0,0
nwn656i6,10,bgzcqs25,2,presurvey,AudioCheck,1773174178,1,0,0
nwn656i6,8,k502qlll,12,presurvey,Commitment,1773174180,1,0,0
nwn656i6,10,bgzcqs25,3,presurvey,Demographics,1773174194,1,0,0
nwn656i6,9,vvq4u7go,4,presurvey,NeighborhoodInstruction,1773174199,1,0,0
nwn656i6,6,atc6iex3,11,presurvey,Scenario,1773174204,1,0,0
nwn656i6,10,bgzcqs25,4,presurvey,NeighborhoodInstruction,1773174209,1,0,0
nwn656i6,9,vvq4u7go,5,presurvey,Training,1773174234,1,0,0
nwn656i6,10,bgzcqs25,5,presurvey,Training,1773174238,1,0,0
nwn656i6,6,atc6iex3,12,presurvey,Commitment,1773174239,1,0,0
nwn656i6,10,bgzcqs25,6,presurvey,TrainingNeighbor_1,1773174263,1,0,0
nwn656i6,10,bgzcqs25,10,presurvey,ExperimentInstruction,1773174267,1,0,0
nwn656i6,9,vvq4u7go,6,presurvey,TrainingNeighbor_1,1773174305,1,0,0
nwn656i6,10,bgzcqs25,11,presurvey,Scenario,1773174307,1,0,0
nwn656i6,9,vvq4u7go,10,presurvey,ExperimentInstruction,1773174318,1,0,0
nwn656i6,9,vvq4u7go,11,presurvey,Scenario,1773174402,1,0,0
nwn656i6,2,vl5uuby1,13,mock_N08_N04_Aonly,GroupingWaitPage,1773174411,1,0,1
nwn656i6,1,wm1uonxz,13,mock_N08_N04_Aonly,GroupingWaitPage,1773174412,1,0,1
nwn656i6,1,wm1uonxz,14,mock_N08_N04_Aonly,GroupSizeWaitPage,1773174412,1,0,1
nwn656i6,2,vl5uuby1,14,mock_N08_N04_Aonly,GroupSizeWaitPage,1773174412,1,0,1
nwn656i6,1,wm1uonxz,15,mock_N08_N04_Aonly,AttentionCheck,1773174418,1,0,0
nwn656i6,2,vl5uuby1,15,mock_N08_N04_Aonly,AttentionCheck,1773174421,1,0,0
nwn656i6,11,kyxs4hrq,0,,InitializeParticipant,1773174453,1,0,0
nwn656i6,11,kyxs4hrq,1,presurvey,Introduction,1773174463,1,0,0
nwn656i6,11,kyxs4hrq,2,presurvey,AudioCheck,1773174491,1,0,0
nwn656i6,11,kyxs4hrq,3,presurvey,Demographics,1773174501,1,0,0
nwn656i6,11,kyxs4hrq,4,presurvey,NeighborhoodInstruction,1773174594,1,0,0
nwn656i6,11,kyxs4hrq,5,presurvey,Training,1773174621,1,0,0
nwn656i6,11,kyxs4hrq,6,presurvey,TrainingNeighbor_1,1773174652,1,0,0
nwn656i6,12,ameqpwl8,0,,InitializeParticipant,1773174654,1,0,0
nwn656i6,11,kyxs4hrq,10,presurvey,ExperimentInstruction,1773174660,1,0,0
nwn656i6,12,ameqpwl8,1,presurvey,Introduction,1773174661,1,0,0
nwn656i6,11,kyxs4hrq,11,presurvey,Scenario,1773174685,1,0,0
nwn656i6,12,ameqpwl8,2,presurvey,AudioCheck,1773174710,1,0,0
nwn656i6,11,kyxs4hrq,12,presurvey,Commitment,1773174726,1,0,0
nwn656i6,12,ameqpwl8,3,presurvey,Demographics,1773174729,1,0,0
nwn656i6,12,ameqpwl8,4,presurvey,NeighborhoodInstruction,1773174756,1,0,0
nwn656i6,12,ameqpwl8,5,presurvey,Training,1773174800,1,0,0
nwn656i6,5,9gho42pu,13,mock_N08_N04_Aonly,GroupingWaitPage,1773174857,1,0,1
nwn656i6,5,9gho42pu,14,mock_N08_N04_Aonly,GroupSizeWaitPage,1773174858,1,0,1
nwn656i6,5,9gho42pu,15,mock_N08_N04_Aonly,AttentionCheck,1773174862,1,0,0
nwn656i6,12,ameqpwl8,6,presurvey,TrainingNeighbor_1,1773174874,1,0,0
nwn656i6,12,ameqpwl8,10,presurvey,ExperimentInstruction,1773174895,1,0,0
nwn656i6,13,30wetxmm,0,,InitializeParticipant,1773174918,1,0,0
nwn656i6,13,30wetxmm,1,presurvey,Introduction,1773174923,1,0,0
nwn656i6,12,ameqpwl8,11,presurvey,Scenario,1773174938,1,0,0
nwn656i6,13,30wetxmm,2,presurvey,AudioCheck,1773174965,1,0,0
nwn656i6,13,30wetxmm,3,presurvey,Demographics,1773174985,1,0,0
nwn656i6,14,3tsgkme8,0,,InitializeParticipant,1773174993,1,0,0
nwn656i6,14,3tsgkme8,1,presurvey,Introduction,1773174997,1,0,0
nwn656i6,13,30wetxmm,4,presurvey,NeighborhoodInstruction,1773175018,1,0,0
nwn656i6,14,3tsgkme8,2,presurvey,AudioCheck,1773175018,1,0,0
nwn656i6,15,jb8vv68e,0,,InitializeParticipant,1773175022,1,0,0
nwn656i6,15,jb8vv68e,1,presurvey,Introduction,1773175025,1,0,0
nwn656i6,14,3tsgkme8,3,presurvey,Demographics,1773175028,1,0,0
nwn656i6,14,3tsgkme8,4,presurvey,NeighborhoodInstruction,1773175031,1,0,0
nwn656i6,15,jb8vv68e,2,presurvey,AudioCheck,1773175031,1,0,0
nwn656i6,15,jb8vv68e,3,presurvey,Demographics,1773175042,1,0,0
nwn656i6,15,jb8vv68e,4,presurvey,NeighborhoodInstruction,1773175044,1,0,0
nwn656i6,15,jb8vv68e,5,presurvey,Training,1773175046,1,0,0
nwn656i6,15,jb8vv68e,6,presurvey,TrainingNeighbor_1,1773175054,1,0,0
nwn656i6,15,jb8vv68e,10,presurvey,ExperimentInstruction,1773175057,1,0,0
nwn656i6,14,3tsgkme8,5,presurvey,Training,1773175062,1,0,0
nwn656i6,15,jb8vv68e,11,presurvey,Scenario,1773175070,1,0,0
nwn656i6,13,30wetxmm,5,presurvey,Training,1773175071,1,0,0
nwn656i6,15,jb8vv68e,12,presurvey,Commitment,1773175087,1,0,0
nwn656i6,14,3tsgkme8,6,presurvey,TrainingNeighbor_1,1773175098,1,0,0
nwn656i6,16,06xabtm2,0,,InitializeParticipant,1773175098,1,0,0
nwn656i6,14,3tsgkme8,10,presurvey,ExperimentInstruction,1773175099,1,0,0
nwn656i6,17,8t3u57wo,0,,InitializeParticipant,1773175109,1,0,0
nwn656i6,17,8t3u57wo,1,presurvey,Introduction,1773175115,1,0,0
nwn656i6,14,3tsgkme8,11,presurvey,Scenario,1773175121,1,0,0
nwn656i6,13,30wetxmm,6,presurvey,TrainingNeighbor_1,1773175136,1,0,0
nwn656i6,14,3tsgkme8,12,presurvey,Commitment,1773175146,1,0,0
nwn656i6,17,8t3u57wo,2,presurvey,AudioCheck,1773175154,1,0,0
nwn656i6,13,30wetxmm,7,presurvey,TrainingNeighbor_2,1773175163,1,0,0
nwn656i6,17,8t3u57wo,3,presurvey,Demographics,1773175186,1,0,0
nwn656i6,13,30wetxmm,8,presurvey,AttentionCheck,1773175191,1,0,0
nwn656i6,17,8t3u57wo,4,presurvey,NeighborhoodInstruction,1773175242,1,0,0
nwn656i6,18,288wyzft,0,,InitializeParticipant,1773175266,1,0,0
nwn656i6,19,l8dwgnen,0,,InitializeParticipant,1773175280,1,0,0
nwn656i6,18,288wyzft,1,presurvey,Introduction,1773175293,1,0,0
nwn656i6,18,288wyzft,2,presurvey,AudioCheck,1773175313,1,0,0
nwn656i6,13,30wetxmm,9,presurvey,TrainingNeighbor_3,1773175318,1,0,0
nwn656i6,13,30wetxmm,10,presurvey,ExperimentInstruction,1773175332,1,0,0
nwn656i6,17,8t3u57wo,5,presurvey,Training,1773175332,1,0,0
nwn656i6,18,288wyzft,3,presurvey,Demographics,1773175333,1,0,0
nwn656i6,20,j42e6osx,0,,InitializeParticipant,1773175345,1,0,0
nwn656i6,20,j42e6osx,1,presurvey,Introduction,1773175358,1,0,0
nwn656i6,18,288wyzft,4,presurvey,NeighborhoodInstruction,1773175365,1,0,0
nwn656i6,6,atc6iex3,13,mock_N08_N04_Aonly,GroupingWaitPage,1773175381,1,0,1
nwn656i6,8,k502qlll,13,mock_N08_N04_Aonly,GroupingWaitPage,1773175382,1,0,1
nwn656i6,6,atc6iex3,14,mock_N08_N04_Aonly,GroupSizeWaitPage,1773175382,1,0,1
nwn656i6,8,k502qlll,14,mock_N08_N04_Aonly,GroupSizeWaitPage,1773175383,1,0,1
nwn656i6,20,j42e6osx,2,presurvey,AudioCheck,1773175383,1,0,0
nwn656i6,17,8t3u57wo,6,presurvey,TrainingNeighbor_1,1773175383,1,0,0
nwn656i6,13,30wetxmm,11,presurvey,Scenario,1773175385,1,0,0
nwn656i6,6,atc6iex3,15,mock_N08_N04_Aonly,AttentionCheck,1773175389,1,0,0
nwn656i6,8,k502qlll,15,mock_N08_N04_Aonly,AttentionCheck,1773175393,1,0,0
nwn656i6,20,j42e6osx,3,presurvey,Demographics,1773175396,1,0,0
nwn656i6,20,j42e6osx,4,presurvey,NeighborhoodInstruction,1773175404,1,0,0
nwn656i6,20,j42e6osx,5,presurvey,Training,1773175430,1,0,0
nwn656i6,20,j42e6osx,6,presurvey,TrainingNeighbor_1,1773175450,1,0,0
nwn656i6,20,j42e6osx,10,presurvey,ExperimentInstruction,1773175457,1,0,0
nwn656i6,20,j42e6osx,11,presurvey,Scenario,1773175472,1,0,0
nwn656i6,13,30wetxmm,12,presurvey,Commitment,1773175476,1,0,0
nwn656i6,18,288wyzft,5,presurvey,Training,1773175491,1,0,0
nwn656i6,20,j42e6osx,12,presurvey,Commitment,1773175501,1,0,0
nwn656i6,18,288wyzft,6,presurvey,TrainingNeighbor_1,1773175581,1,0,0
nwn656i6,18,288wyzft,10,presurvey,ExperimentInstruction,1773175585,1,0,0
nwn656i6,18,288wyzft,11,presurvey,Scenario,1773175639,1,0,0
nwn656i6,17,8t3u57wo,10,presurvey,ExperimentInstruction,1773175649,1,0,0
nwn656i6,18,288wyzft,12,presurvey,Commitment,1773175675,1,0,0
nwn656i6,21,dou1uacj,0,,InitializeParticipant,1773175680,1,0,0
nwn656i6,21,dou1uacj,1,presurvey,Introduction,1773175703,1,0,0
nwn656i6,19,l8dwgnen,1,presurvey,Introduction,1773175712,1,0,0
nwn656i6,21,dou1uacj,2,presurvey,AudioCheck,1773175734,1,0,0
nwn656i6,22,ipf2lx0q,0,,InitializeParticipant,1773175756,1,0,0
nwn656i6,21,dou1uacj,3,presurvey,Demographics,1773175757,1,0,0
nwn656i6,22,ipf2lx0q,1,presurvey,Introduction,1773175760,1,0,0
nwn656i6,17,8t3u57wo,11,presurvey,Scenario,1773175773,1,0,0
nwn656i6,21,dou1uacj,4,presurvey,NeighborhoodInstruction,1773175776,1,0,0
nwn656i6,22,ipf2lx0q,2,presurvey,AudioCheck,1773175787,1,0,0
nwn656i6,22,ipf2lx0q,3,presurvey,Demographics,1773175801,1,0,0
nwn656i6,21,dou1uacj,5,presurvey,Training,1773175809,1,0,0
nwn656i6,22,ipf2lx0q,4,presurvey,NeighborhoodInstruction,1773175819,1,0,0
nwn656i6,22,ipf2lx0q,5,presurvey,Training,1773175850,1,0,0
nwn656i6,21,dou1uacj,6,presurvey,TrainingNeighbor_1,1773175856,1,0,0
nwn656i6,21,dou1uacj,7,presurvey,TrainingNeighbor_2,1773175866,1,0,0
nwn656i6,11,kyxs4hrq,13,mock_N08_N04_Aonly,GroupingWaitPage,1773175868,1,0,1
nwn656i6,11,kyxs4hrq,14,mock_N08_N04_Aonly,GroupSizeWaitPage,1773175868,1,0,1
nwn656i6,11,kyxs4hrq,15,mock_N08_N04_Aonly,AttentionCheck,1773175871,1,0,0
nwn656i6,21,dou1uacj,10,presurvey,ExperimentInstruction,1773175890,1,0,0
nwn656i6,22,ipf2lx0q,6,presurvey,TrainingNeighbor_1,1773175896,1,0,0
nwn656i6,22,ipf2lx0q,10,presurvey,ExperimentInstruction,1773175911,1,0,0
nwn656i6,21,dou1uacj,11,presurvey,Scenario,1773175925,1,0,0
nwn656i6,22,ipf2lx0q,11,presurvey,Scenario,1773175943,1,0,0
nwn656i6,23,et6784cg,0,,InitializeParticipant,1773176029,1,0,0
nwn656i6,23,et6784cg,1,presurvey,Introduction,1773176033,1,0,0
nwn656i6,23,et6784cg,2,presurvey,AudioCheck,1773176041,1,0,0
nwn656i6,23,et6784cg,3,presurvey,Demographics,1773176053,1,0,0
nwn656i6,23,et6784cg,4,presurvey,NeighborhoodInstruction,1773176060,1,0,0
nwn656i6,23,et6784cg,5,presurvey,Training,1773176072,1,0,0
nwn656i6,23,et6784cg,6,presurvey,TrainingNeighbor_1,1773176094,1,0,0
nwn656i6,23,et6784cg,10,presurvey,ExperimentInstruction,1773176097,1,0,0
nwn656i6,23,et6784cg,11,presurvey,Scenario,1773176125,1,0,0
nwn656i6,24,97mwysy6,0,,InitializeParticipant,1773176150,1,0,0
nwn656i6,23,et6784cg,12,presurvey,Commitment,1773176153,1,0,0
nwn656i6,24,97mwysy6,1,presurvey,Introduction,1773176159,1,0,0
nwn656i6,25,ndca25i7,0,,InitializeParticipant,1773176165,1,0,0
nwn656i6,24,97mwysy6,2,presurvey,AudioCheck,1773176172,1,0,0
nwn656i6,25,ndca25i7,1,presurvey,Introduction,1773176188,1,0,0
nwn656i6,25,ndca25i7,2,presurvey,AudioCheck,1773176202,1,0,0
nwn656i6,25,ndca25i7,3,presurvey,Demographics,1773176216,1,0,0
nwn656i6,25,ndca25i7,4,presurvey,NeighborhoodInstruction,1773176234,1,0,0
nwn656i6,19,l8dwgnen,2,presurvey,AudioCheck,1773176243,1,0,0
nwn656i6,25,ndca25i7,5,presurvey,Training,1773176264,1,0,0
nwn656i6,26,myo2fgp8,0,,InitializeParticipant,1773176277,1,0,0
nwn656i6,19,l8dwgnen,3,presurvey,Demographics,1773176280,1,0,0
nwn656i6,13,30wetxmm,13,mock_N08_N04_Aonly,GroupingWaitPage,1773176297,1,0,1
nwn656i6,14,3tsgkme8,13,mock_N08_N04_Aonly,GroupingWaitPage,1773176297,1,0,1
nwn656i6,18,288wyzft,13,mock_N08_N04_Aonly,GroupingWaitPage,1773176297,1,0,1
nwn656i6,23,et6784cg,13,mock_N08_N04_Aonly,GroupingWaitPage,1773176297,1,0,1
nwn656i6,13,30wetxmm,14,mock_N08_N04_Aonly,GroupSizeWaitPage,1773176298,1,0,1
nwn656i6,14,3tsgkme8,14,mock_N08_N04_Aonly,GroupSizeWaitPage,1773176298,1,0,1
nwn656i6,18,288wyzft,14,mock_N08_N04_Aonly,GroupSizeWaitPage,1773176298,1,0,1
nwn656i6,23,et6784cg,14,mock_N08_N04_Aonly,GroupSizeWaitPage,1773176298,1,0,1
nwn656i6,18,288wyzft,16,mock_N08_N04_Aonly,DiscussionGRPWaitPage,1773176298,1,0,1
nwn656i6,13,30wetxmm,16,mock_N08_N04_Aonly,DiscussionGRPWaitPage,1773176298,1,0,1
nwn656i6,23,et6784cg,16,mock_N08_N04_Aonly,DiscussionGRPWaitPage,1773176298,1,0,1
nwn656i6,14,3tsgkme8,16,mock_N08_N04_Aonly,DiscussionGRPWaitPage,1773176298,1,0,1
nwn656i6,26,myo2fgp8,1,presurvey,Introduction,1773176299,1,0,0
nwn656i6,18,288wyzft,20,mock_N08_N04_Aonly,Phase3,1773176305,1,0,0
nwn656i6,23,et6784cg,20,mock_N08_N04_Aonly,Phase3,1773176307,1,0,0
nwn656i6,13,30wetxmm,20,mock_N08_N04_Aonly,Phase3,1773176310,1,0,0
nwn656i6,18,288wyzft,21,mock_N08_N04_Aonly,Discussion,1773176311,1,0,0
nwn656i6,14,3tsgkme8,20,mock_N08_N04_Aonly,Phase3,1773176312,1,0,0
nwn656i6,26,myo2fgp8,2,presurvey,AudioCheck,1773176312,1,0,0
nwn656i6,25,ndca25i7,6,presurvey,TrainingNeighbor_1,1773176315,1,0,0
nwn656i6,23,et6784cg,21,mock_N08_N04_Aonly,Discussion,1773176317,1,0,0
nwn656i6,13,30wetxmm,21,mock_N08_N04_Aonly,Discussion,1773176328,1,0,0
nwn656i6,14,3tsgkme8,21,mock_N08_N04_Aonly,Discussion,1773176330,1,0,0
nwn656i6,13,30wetxmm,27,mock_N08_N04_Aonly,DiscussionGRPWaitPage,1773176330,2,0,1
nwn656i6,18,288wyzft,27,mock_N08_N04_Aonly,DiscussionGRPWaitPage,1773176330,2,0,1
nwn656i6,23,et6784cg,27,mock_N08_N04_Aonly,DiscussionGRPWaitPage,1773176330,2,0,1
nwn656i6,14,3tsgkme8,27,mock_N08_N04_Aonly,DiscussionGRPWaitPage,1773176330,2,0,1
nwn656i6,26,myo2fgp8,3,presurvey,Demographics,1773176332,1,0,0
nwn656i6,25,ndca25i7,7,presurvey,TrainingNeighbor_2,1773176334,1,0,0
nwn656i6,18,288wyzft,32,mock_N08_N04_Aonly,Discussion,1773176336,2,0,0
nwn656i6,23,et6784cg,32,mock_N08_N04_Aonly,Discussion,1773176337,2,0,0
nwn656i6,14,3tsgkme8,32,mock_N08_N04_Aonly,Discussion,1773176341,2,0,0
nwn656i6,26,myo2fgp8,4,presurvey,NeighborhoodInstruction,1773176344,1,0,0
nwn656i6,13,30wetxmm,32,mock_N08_N04_Aonly,Discussion,1773176351,2,0,0
nwn656i6,18,288wyzft,38,mock_N08_N04_Aonly,DiscussionGRPWaitPage,1773176351,3,0,1
nwn656i6,23,et6784cg,38,mock_N08_N04_Aonly,DiscussionGRPWaitPage,1773176351,3,0,1
nwn656i6,13,30wetxmm,38,mock_N08_N04_Aonly,DiscussionGRPWaitPage,1773176351,3,0,1
nwn656i6,14,3tsgkme8,38,mock_N08_N04_Aonly,DiscussionGRPWaitPage,1773176351,3,0,1
nwn656i6,23,et6784cg,43,mock_N08_N04_Aonly,Discussion,1773176355,3,0,0
nwn656i6,13,30wetxmm,43,mock_N08_N04_Aonly,Discussion,1773176362,3,0,0
nwn656i6,26,myo2fgp8,5,presurvey,Training,1773176362,1,0,0
nwn656i6,18,288wyzft,43,mock_N08_N04_Aonly,Discussion,1773176364,3,0,0
nwn656i6,14,3tsgkme8,43,mock_N08_N04_Aonly,Discussion,1773176369,3,0,0
nwn656i6,13,30wetxmm,49,mock_N08_N04_Aonly,DiscussionGRPWaitPage,1773176369,4,0,1
nwn656i6,18,288wyzft,49,mock_N08_N04_Aonly,DiscussionGRPWaitPage,1773176369,4,0,1
nwn656i6,23,et6784cg,49,mock_N08_N04_Aonly,DiscussionGRPWaitPage,1773176369,4,0,1
nwn656i6,14,3tsgkme8,49,mock_N08_N04_Aonly,DiscussionGRPWaitPage,1773176369,4,0,1
nwn656i6,23,et6784cg,54,mock_N08_N04_Aonly,Discussion,1773176373,4,0,0
nwn656i6,18,288wyzft,54,mock_N08_N04_Aonly,Discussion,1773176375,4,0,0
nwn656i6,14,3tsgkme8,54,mock_N08_N04_Aonly,Discussion,1773176379,4,0,0
nwn656i6,26,myo2fgp8,6,presurvey,TrainingNeighbor_1,1773176386,1,0,0
nwn656i6,13,30wetxmm,54,mock_N08_N04_Aonly,Discussion,1773176387,4,0,0
nwn656i6,13,30wetxmm,60,mock_N08_N04_Aonly,DiscussionGRPWaitPage,1773176388,5,0,1
nwn656i6,18,288wyzft,60,mock_N08_N04_Aonly,DiscussionGRPWaitPage,1773176388,5,0,1
nwn656i6,23,et6784cg,60,mock_N08_N04_Aonly,DiscussionGRPWaitPage,1773176388,5,0,1
nwn656i6,14,3tsgkme8,60,mock_N08_N04_Aonly,DiscussionGRPWaitPage,1773176388,5,0,1
nwn656i6,23,et6784cg,65,mock_N08_N04_Aonly,Discussion,1773176391,5,0,0
nwn656i6,18,288wyzft,65,mock_N08_N04_Aonly,Discussion,1773176392,5,0,0
nwn656i6,25,ndca25i7,10,presurvey,ExperimentInstruction,1773176392,1,0,0
nwn656i6,26,myo2fgp8,10,presurvey,ExperimentInstruction,1773176394,1,0,0
nwn656i6,13,30wetxmm,65,mock_N08_N04_Aonly,Discussion,1773176395,5,0,0
nwn656i6,14,3tsgkme8,65,mock_N08_N04_Aonly,Discussion,1773176398,5,0,0
nwn656i6,13,30wetxmm,71,mock_N08_N04_Aonly,DiscussionGRPWaitPage,1773176398,6,0,1
nwn656i6,18,288wyzft,71,mock_N08_N04_Aonly,DiscussionGRPWaitPage,1773176398,6,0,1
nwn656i6,23,et6784cg,71,mock_N08_N04_Aonly,DiscussionGRPWaitPage,1773176398,6,0,1
nwn656i6,14,3tsgkme8,71,mock_N08_N04_Aonly,DiscussionGRPWaitPage,1773176398,6,0,1
nwn656i6,18,288wyzft,76,mock_N08_N04_Aonly,Discussion,1773176402,6,0,0
nwn656i6,23,et6784cg,76,mock_N08_N04_Aonly,Discussion,1773176402,6,0,0
nwn656i6,14,3tsgkme8,76,mock_N08_N04_Aonly,Discussion,1773176407,6,0,0
nwn656i6,13,30wetxmm,76,mock_N08_N04_Aonly,Discussion,1773176407,6,0,0
nwn656i6,13,30wetxmm,82,mock_N08_N04_Aonly,DiscussionGRPWaitPage,1773176408,7,0,1
nwn656i6,18,288wyzft,82,mock_N08_N04_Aonly,DiscussionGRPWaitPage,1773176408,7,0,1
nwn656i6,23,et6784cg,82,mock_N08_N04_Aonly,DiscussionGRPWaitPage,1773176408,7,0,1
nwn656i6,14,3tsgkme8,82,mock_N08_N04_Aonly,DiscussionGRPWaitPage,1773176408,7,0,1
nwn656i6,23,et6784cg,87,mock_N08_N04_Aonly,Discussion,1773176411,7,0,0
nwn656i6,26,myo2fgp8,11,presurvey,Scenario,1773176411,1,0,0
nwn656i6,18,288wyzft,87,mock_N08_N04_Aonly,Discussion,1773176414,7,0,0
nwn656i6,14,3tsgkme8,87,mock_N08_N04_Aonly,Discussion,1773176414,7,0,0
nwn656i6,25,ndca25i7,11,presurvey,Scenario,1773176414,1,0,0
nwn656i6,13,30wetxmm,87,mock_N08_N04_Aonly,Discussion,1773176417,7,0,0
nwn656i6,13,30wetxmm,93,mock_N08_N04_Aonly,DiscussionGRPWaitPage,1773176417,8,0,1
nwn656i6,18,288wyzft,93,mock_N08_N04_Aonly,DiscussionGRPWaitPage,1773176417,8,0,1
nwn656i6,23,et6784cg,93,mock_N08_N04_Aonly,DiscussionGRPWaitPage,1773176417,8,0,1
nwn656i6,14,3tsgkme8,93,mock_N08_N04_Aonly,DiscussionGRPWaitPage,1773176417,8,0,1
nwn656i6,19,l8dwgnen,4,presurvey,NeighborhoodInstruction,1773176420,1,0,0
nwn656i6,23,et6784cg,98,mock_N08_N04_Aonly,Discussion,1773176421,8,0,0
nwn656i6,18,288wyzft,98,mock_N08_N04_Aonly,Discussion,1773176422,8,0,0
nwn656i6,13,30wetxmm,98,mock_N08_N04_Aonly,Discussion,1773176424,8,0,0
nwn656i6,14,3tsgkme8,98,mock_N08_N04_Aonly,Discussion,1773176428,8,0,0
nwn656i6,13,30wetxmm,104,mock_N08_N04_Aonly,DiscussionGRPWaitPage,1773176428,9,0,1
nwn656i6,18,288wyzft,104,mock_N08_N04_Aonly,DiscussionGRPWaitPage,1773176428,9,0,1
nwn656i6,23,et6784cg,104,mock_N08_N04_Aonly,DiscussionGRPWaitPage,1773176428,9,0,1
nwn656i6,14,3tsgkme8,104,mock_N08_N04_Aonly,DiscussionGRPWaitPage,1773176428,9,0,1
nwn656i6,23,et6784cg,109,mock_N08_N04_Aonly,Discussion,1773176431,9,0,0
nwn656i6,18,288wyzft,109,mock_N08_N04_Aonly,Discussion,1773176431,9,0,0
nwn656i6,14,3tsgkme8,109,mock_N08_N04_Aonly,Discussion,1773176432,9,0,0
nwn656i6,13,30wetxmm,109,mock_N08_N04_Aonly,Discussion,1773176436,9,0,0
nwn656i6,13,30wetxmm,115,mock_N08_N04_Aonly,DiscussionGRPWaitPage,1773176437,10,0,1
nwn656i6,14,3tsgkme8,115,mock_N08_N04_Aonly,DiscussionGRPWaitPage,1773176437,10,0,1
nwn656i6,18,288wyzft,115,mock_N08_N04_Aonly,DiscussionGRPWaitPage,1773176437,10,0,1
nwn656i6,23,et6784cg,115,mock_N08_N04_Aonly,DiscussionGRPWaitPage,1773176437,10,0,1
nwn656i6,23,et6784cg,120,mock_N08_N04_Aonly,Discussion,1773176439,10,0,0
nwn656i6,18,288wyzft,120,mock_N08_N04_Aonly,Discussion,1773176441,10,0,0
nwn656i6,14,3tsgkme8,120,mock_N08_N04_Aonly,Discussion,1773176445,10,0,0
nwn656i6,13,30wetxmm,120,mock_N08_N04_Aonly,Discussion,1773176446,10,0,0
nwn656i6,13,30wetxmm,126,mock_N08_N04_Aonly,DiscussionGRPWaitPage,1773176446,11,0,1
nwn656i6,18,288wyzft,126,mock_N08_N04_Aonly,DiscussionGRPWaitPage,1773176446,11,0,1
nwn656i6,23,et6784cg,126,mock_N08_N04_Aonly,DiscussionGRPWaitPage,1773176446,11,0,1
nwn656i6,14,3tsgkme8,126,mock_N08_N04_Aonly,DiscussionGRPWaitPage,1773176446,11,0,1
nwn656i6,23,et6784cg,131,mock_N08_N04_Aonly,Discussion,1773176449,11,0,0
nwn656i6,18,288wyzft,131,mock_N08_N04_Aonly,Discussion,1773176450,11,0,0
nwn656i6,13,30wetxmm,131,mock_N08_N04_Aonly,Discussion,1773176452,11,0,0
nwn656i6,14,3tsgkme8,131,mock_N08_N04_Aonly,Discussion,1773176456,11,0,0
nwn656i6,13,30wetxmm,137,mock_N08_N04_Aonly,DiscussionGRPWaitPage,1773176456,12,0,1
nwn656i6,18,288wyzft,137,mock_N08_N04_Aonly,DiscussionGRPWaitPage,1773176456,12,0,1
nwn656i6,23,et6784cg,137,mock_N08_N04_Aonly,DiscussionGRPWaitPage,1773176456,12,0,1
nwn656i6,14,3tsgkme8,137,mock_N08_N04_Aonly,DiscussionGRPWaitPage,1773176456,12,0,1
nwn656i6,25,ndca25i7,12,presurvey,Commitment,1773176457,1,0,0
nwn656i6,23,et6784cg,142,mock_N08_N04_Aonly,Discussion,1773176458,12,0,0
nwn656i6,14,3tsgkme8,142,mock_N08_N04_Aonly,Discussion,1773176460,12,0,0
nwn656i6,13,30wetxmm,142,mock_N08_N04_Aonly,Discussion,1773176460,12,0,0
nwn656i6,18,288wyzft,142,mock_N08_N04_Aonly,Discussion,1773176461,12,0,0
nwn656i6,13,30wetxmm,148,mock_N08_N04_Aonly,DiscussionGRPWaitPage,1773176461,13,0,1
nwn656i6,18,288wyzft,148,mock_N08_N04_Aonly,DiscussionGRPWaitPage,1773176461,13,0,1
nwn656i6,23,et6784cg,148,mock_N08_N04_Aonly,DiscussionGRPWaitPage,1773176461,13,0,1
nwn656i6,14,3tsgkme8,148,mock_N08_N04_Aonly,DiscussionGRPWaitPage,1773176461,13,0,1
nwn656i6,23,et6784cg,153,mock_N08_N04_Aonly,Discussion,1773176463,13,0,0
nwn656i6,18,288wyzft,153,mock_N08_N04_Aonly,Discussion,1773176463,13,0,0
nwn656i6,14,3tsgkme8,153,mock_N08_N04_Aonly,Discussion,1773176465,13,0,0
nwn656i6,13,30wetxmm,153,mock_N08_N04_Aonly,Discussion,1773176468,13,0,0
nwn656i6,13,30wetxmm,159,mock_N08_N04_Aonly,DiscussionGRPWaitPage,1773176469,14,0,1
nwn656i6,18,288wyzft,159,mock_N08_N04_Aonly,DiscussionGRPWaitPage,1773176469,14,0,1
nwn656i6,23,et6784cg,159,mock_N08_N04_Aonly,DiscussionGRPWaitPage,1773176469,14,0,1
nwn656i6,14,3tsgkme8,159,mock_N08_N04_Aonly,DiscussionGRPWaitPage,1773176469,14,0,1
nwn656i6,23,et6784cg,164,mock_N08_N04_Aonly,Discussion,1773176471,14,0,0
nwn656i6,14,3tsgkme8,164,mock_N08_N04_Aonly,Discussion,1773176471,14,0,0
nwn656i6,18,288wyzft,164,mock_N08_N04_Aonly,Discussion,1773176471,14,0,0
nwn656i6,13,30wetxmm,164,mock_N08_N04_Aonly,Discussion,1773176472,14,0,0
nwn656i6,13,30wetxmm,170,mock_N08_N04_Aonly,DiscussionGRPWaitPage,1773176472,15,0,1
nwn656i6,18,288wyzft,170,mock_N08_N04_Aonly,DiscussionGRPWaitPage,1773176472,15,0,1
nwn656i6,23,et6784cg,170,mock_N08_N04_Aonly,DiscussionGRPWaitPage,1773176472,15,0,1
nwn656i6,14,3tsgkme8,170,mock_N08_N04_Aonly,DiscussionGRPWaitPage,1773176472,15,0,1
nwn656i6,23,et6784cg,175,mock_N08_N04_Aonly,Discussion,1773176475,15,0,0
nwn656i6,13,30wetxmm,175,mock_N08_N04_Aonly,Discussion,1773176476,15,0,0
nwn656i6,18,288wyzft,175,mock_N08_N04_Aonly,Discussion,1773176477,15,0,0
nwn656i6,14,3tsgkme8,175,mock_N08_N04_Aonly,Discussion,1773176477,15,0,0
nwn656i6,13,30wetxmm,181,mock_N08_N04_Aonly,DiscussionGRPWaitPage,1773176478,16,0,1
nwn656i6,18,288wyzft,181,mock_N08_N04_Aonly,DiscussionGRPWaitPage,1773176478,16,0,1
nwn656i6,23,et6784cg,181,mock_N08_N04_Aonly,DiscussionGRPWaitPage,1773176478,16,0,1
nwn656i6,14,3tsgkme8,181,mock_N08_N04_Aonly,DiscussionGRPWaitPage,1773176478,16,0,1
nwn656i6,23,et6784cg,186,mock_N08_N04_Aonly,Discussion,1773176480,16,0,0
nwn656i6,14,3tsgkme8,186,mock_N08_N04_Aonly,Discussion,1773176480,16,0,0
nwn656i6,18,288wyzft,186,mock_N08_N04_Aonly,Discussion,1773176482,16,0,0
nwn656i6,13,30wetxmm,186,mock_N08_N04_Aonly,Discussion,1773176485,16,0,0
nwn656i6,13,30wetxmm,192,mock_N08_N04_Aonly,DiscussionGRPWaitPage,1773176485,17,0,1
nwn656i6,18,288wyzft,192,mock_N08_N04_Aonly,DiscussionGRPWaitPage,1773176485,17,0,1
nwn656i6,23,et6784cg,192,mock_N08_N04_Aonly,DiscussionGRPWaitPage,1773176485,17,0,1
nwn656i6,14,3tsgkme8,192,mock_N08_N04_Aonly,DiscussionGRPWaitPage,1773176485,17,0,1
nwn656i6,23,et6784cg,197,mock_N08_N04_Aonly,Discussion,1773176487,17,0,0
nwn656i6,14,3tsgkme8,197,mock_N08_N04_Aonly,Discussion,1773176490,17,0,0
nwn656i6,18,288wyzft,197,mock_N08_N04_Aonly,Discussion,1773176491,17,0,0
nwn656i6,19,l8dwgnen,5,presurvey,Training,1773176495,1,0,0
nwn656i6,13,30wetxmm,197,mock_N08_N04_Aonly,Discussion,1773176508,17,0,0
nwn656i6,18,288wyzft,203,mock_N08_N04_Aonly,DiscussionGRPWaitPage,1773176508,18,0,1
nwn656i6,13,30wetxmm,203,mock_N08_N04_Aonly,DiscussionGRPWaitPage,1773176508,18,0,1
nwn656i6,23,et6784cg,203,mock_N08_N04_Aonly,DiscussionGRPWaitPage,1773176508,18,0,1
nwn656i6,14,3tsgkme8,203,mock_N08_N04_Aonly,DiscussionGRPWaitPage,1773176508,18,0,1
nwn656i6,23,et6784cg,208,mock_N08_N04_Aonly,Discussion,1773176510,18,0,0
nwn656i6,18,288wyzft,208,mock_N08_N04_Aonly,Discussion,1773176510,18,0,0
nwn656i6,14,3tsgkme8,208,mock_N08_N04_Aonly,Discussion,1773176512,18,0,0
nwn656i6,13,30wetxmm,208,mock_N08_N04_Aonly,Discussion,1773176515,18,0,0
nwn656i6,13,30wetxmm,214,mock_N08_N04_Aonly,DiscussionGRPWaitPage,1773176515,19,0,1
nwn656i6,18,288wyzft,214,mock_N08_N04_Aonly,DiscussionGRPWaitPage,1773176515,19,0,1
nwn656i6,23,et6784cg,214,mock_N08_N04_Aonly,DiscussionGRPWaitPage,1773176515,19,0,1
nwn656i6,14,3tsgkme8,214,mock_N08_N04_Aonly,DiscussionGRPWaitPage,1773176515,19,0,1
nwn656i6,23,et6784cg,219,mock_N08_N04_Aonly,Discussion,1773176517,19,0,0
nwn656i6,13,30wetxmm,219,mock_N08_N04_Aonly,Discussion,1773176519,19,0,0
nwn656i6,18,288wyzft,219,mock_N08_N04_Aonly,Discussion,1773176519,19,0,0
nwn656i6,27,lcymchch,0,,InitializeParticipant,1773176523,1,0,0
nwn656i6,27,lcymchch,1,presurvey,Introduction,1773176530,1,0,0
nwn656i6,14,3tsgkme8,219,mock_N08_N04_Aonly,Discussion,1773176533,19,0,0
nwn656i6,13,30wetxmm,225,mock_N08_N04_Aonly,DiscussionGRPWaitPage,1773176533,20,0,1
nwn656i6,18,288wyzft,225,mock_N08_N04_Aonly,DiscussionGRPWaitPage,1773176533,20,0,1
nwn656i6,23,et6784cg,225,mock_N08_N04_Aonly,DiscussionGRPWaitPage,1773176533,20,0,1
nwn656i6,14,3tsgkme8,225,mock_N08_N04_Aonly,DiscussionGRPWaitPage,1773176533,20,0,1
nwn656i6,23,et6784cg,230,mock_N08_N04_Aonly,Discussion,1773176535,20,0,0
nwn656i6,18,288wyzft,230,mock_N08_N04_Aonly,Discussion,1773176535,20,0,0
nwn656i6,14,3tsgkme8,230,mock_N08_N04_Aonly,Discussion,1773176536,20,0,0
nwn656i6,13,30wetxmm,230,mock_N08_N04_Aonly,Discussion,1773176538,20,0,0
nwn656i6,23,et6784cg,231,mock_N08_N04_Aonly,FinalRoundWaitPage,1773176538,20,0,1
nwn656i6,18,288wyzft,231,mock_N08_N04_Aonly,FinalRoundWaitPage,1773176538,20,0,1
nwn656i6,14,3tsgkme8,231,mock_N08_N04_Aonly,FinalRoundWaitPage,1773176538,20,0,1
nwn656i6,13,30wetxmm,231,mock_N08_N04_Aonly,FinalRoundWaitPage,1773176538,20,0,1
nwn656i6,23,et6784cg,232,mock_N08_N04_Aonly,FinalRound,1773176546,20,0,0
nwn656i6,14,3tsgkme8,232,mock_N08_N04_Aonly,FinalRound,1773176547,20,0,0
nwn656i6,13,30wetxmm,232,mock_N08_N04_Aonly,FinalRound,1773176549,20,0,0
nwn656i6,18,288wyzft,232,mock_N08_N04_Aonly,FinalRound,1773176549,20,0,0
nwn656i6,27,lcymchch,2,presurvey,AudioCheck,1773176552,1,0,0
nwn656i6,28,01oaux2y,0,,InitializeParticipant,1773176557,1,0,0
nwn656i6,28,01oaux2y,1,presurvey,Introduction,1773176562,1,0,0
nwn656i6,27,lcymchch,3,presurvey,Demographics,1773176567,1,0,0
nwn656i6,19,l8dwgnen,6,presurvey,TrainingNeighbor_1,1773176582,1,0,0
nwn656i6,28,01oaux2y,2,presurvey,AudioCheck,1773176584,1,0,0
nwn656i6,27,lcymchch,4,presurvey,NeighborhoodInstruction,1773176596,1,0,0
nwn656i6,28,01oaux2y,3,presurvey,Demographics,1773176622,1,0,0
nwn656i6,27,lcymchch,5,presurvey,Training,1773176636,1,0,0
nwn656i6,28,01oaux2y,4,presurvey,NeighborhoodInstruction,1773176639,1,0,0
nwn656i6,19,l8dwgnen,7,presurvey,TrainingNeighbor_2,1773176644,1,0,0
nwn656i6,20,j42e6osx,13,mock_N08_N04_Aonly,GroupingWaitPage,1773176646,1,0,1
nwn656i6,20,j42e6osx,14,mock_N08_N04_Aonly,GroupSizeWaitPage,1773176646,1,0,1
nwn656i6,20,j42e6osx,15,mock_N08_N04_Aonly,AttentionCheck,1773176650,1,0,0
nwn656i6,19,l8dwgnen,10,presurvey,ExperimentInstruction,1773176668,1,0,0
nwn656i6,29,ruuqhe0q,0,,InitializeParticipant,1773176672,1,0,0
nwn656i6,27,lcymchch,6,presurvey,TrainingNeighbor_1,1773176680,1,0,0
nwn656i6,27,lcymchch,10,presurvey,ExperimentInstruction,1773176686,1,0,0
nwn656i6,29,ruuqhe0q,1,presurvey,Introduction,1773176718,1,0,0
nwn656i6,27,lcymchch,11,presurvey,Scenario,1773176724,1,0,0
nwn656i6,29,ruuqhe0q,2,presurvey,AudioCheck,1773176735,1,0,0
nwn656i6,29,ruuqhe0q,3,presurvey,Demographics,1773176749,1,0,0
nwn656i6,29,ruuqhe0q,4,presurvey,NeighborhoodInstruction,1773176764,1,0,0
nwn656i6,29,ruuqhe0q,5,presurvey,Training,1773176791,1,0,0
nwn656i6,30,uazl77yf,0,,InitializeParticipant,1773176815,1,0,0
nwn656i6,28,01oaux2y,5,presurvey,Training,1773176822,1,0,0
nwn656i6,30,uazl77yf,1,presurvey,Introduction,1773176838,1,0,0
nwn656i6,29,ruuqhe0q,6,presurvey,TrainingNeighbor_1,1773176839,1,0,0
nwn656i6,29,ruuqhe0q,7,presurvey,TrainingNeighbor_2,1773176848,1,0,0
nwn656i6,29,ruuqhe0q,10,presurvey,ExperimentInstruction,1773176856,1,0,0
nwn656i6,28,01oaux2y,6,presurvey,TrainingNeighbor_1,1773176872,1,0,0
nwn656i6,28,01oaux2y,10,presurvey,ExperimentInstruction,1773176875,1,0,0
nwn656i6,30,uazl77yf,2,presurvey,AudioCheck,1773176880,1,0,0
nwn656i6,29,ruuqhe0q,11,presurvey,Scenario,1773176893,1,0,0
nwn656i6,30,uazl77yf,3,presurvey,Demographics,1773176903,1,0,0
nwn656i6,19,l8dwgnen,11,presurvey,Scenario,1773176924,1,0,0
nwn656i6,29,ruuqhe0q,12,presurvey,Commitment,1773176940,1,0,0
nwn656i6,30,uazl77yf,4,presurvey,NeighborhoodInstruction,1773176967,1,0,0
nwn656i6,19,l8dwgnen,12,presurvey,Commitment,1773176994,1,0,0
nwn656i6,30,uazl77yf,5,presurvey,Training,1773177017,1,0,0
nwn656i6,31,acg2kp0c,0,,InitializeParticipant,1773177034,1,0,0
nwn656i6,31,acg2kp0c,1,presurvey,Introduction,1773177037,1,0,0
nwn656i6,31,acg2kp0c,2,presurvey,AudioCheck,1773177057,1,0,0
nwn656i6,31,acg2kp0c,3,presurvey,Demographics,1773177074,1,0,0
nwn656i6,31,acg2kp0c,4,presurvey,NeighborhoodInstruction,1773177090,1,0,0
nwn656i6,31,acg2kp0c,5,presurvey,Training,1773177135,1,0,0
nwn656i6,32,0ay80nu0,0,,InitializeParticipant,1773177150,1,0,0
nwn656i6,31,acg2kp0c,6,presurvey,TrainingNeighbor_1,1773177161,1,0,0
nwn656i6,31,acg2kp0c,10,presurvey,ExperimentInstruction,1773177166,1,0,0
nwn656i6,32,0ay80nu0,1,presurvey,Introduction,1773177169,1,0,0
nwn656i6,31,acg2kp0c,11,presurvey,Scenario,1773177188,1,0,0
nwn656i6,28,01oaux2y,11,presurvey,Scenario,1773177224,1,0,0
nwn656i6,31,acg2kp0c,12,presurvey,Commitment,1773177229,1,0,0
nwn656i6,33,3ea3jqqh,0,,InitializeParticipant,1773177254,1,0,0
nwn656i6,33,3ea3jqqh,1,presurvey,Introduction,1773177258,1,0,0
nwn656i6,33,3ea3jqqh,2,presurvey,AudioCheck,1773177280,1,0,0
nwn656i6,33,3ea3jqqh,3,presurvey,Demographics,1773177289,1,0,0
nwn656i6,33,3ea3jqqh,4,presurvey,NeighborhoodInstruction,1773177306,1,0,0
nwn656i6,33,3ea3jqqh,5,presurvey,Training,1773177323,1,0,0
nwn656i6,33,3ea3jqqh,6,presurvey,TrainingNeighbor_1,1773177339,1,0,0
nwn656i6,33,3ea3jqqh,10,presurvey,ExperimentInstruction,1773177344,1,0,0
nwn656i6,33,3ea3jqqh,11,presurvey,Scenario,1773177371,1,0,0
nwn656i6,34,1q4aj543,0,,InitializeParticipant,1773177376,1,0,0
nwn656i6,34,1q4aj543,1,presurvey,Introduction,1773177387,1,0,0
nwn656i6,34,1q4aj543,2,presurvey,AudioCheck,1773177397,1,0,0
nwn656i6,34,1q4aj543,3,presurvey,Demographics,1773177409,1,0,0
nwn656i6,34,1q4aj543,4,presurvey,NeighborhoodInstruction,1773177418,1,0,0
nwn656i6,35,a0uebci0,0,,InitializeParticipant,1773177472,1,0,0
nwn656i6,34,1q4aj543,5,presurvey,Training,1773177474,1,0,0
nwn656i6,35,a0uebci0,1,presurvey,Introduction,1773177496,1,0,0
nwn656i6,34,1q4aj543,6,presurvey,TrainingNeighbor_1,1773177497,1,0,0
nwn656i6,34,1q4aj543,10,presurvey,ExperimentInstruction,1773177505,1,0,0
nwn656i6,35,a0uebci0,2,presurvey,AudioCheck,1773177515,1,0,0
nwn656i6,35,a0uebci0,3,presurvey,Demographics,1773177527,1,0,0
nwn656i6,34,1q4aj543,11,presurvey,Scenario,1773177534,1,0,0
nwn656i6,35,a0uebci0,4,presurvey,NeighborhoodInstruction,1773177542,1,0,0
nwn656i6,35,a0uebci0,5,presurvey,Training,1773177554,1,0,0
nwn656i6,35,a0uebci0,6,presurvey,TrainingNeighbor_1,1773177579,1,0,0
nwn656i6,35,a0uebci0,10,presurvey,ExperimentInstruction,1773177589,1,0,0
nwn656i6,35,a0uebci0,11,presurvey,Scenario,1773177605,1,0,0
nwn656i6,25,ndca25i7,13,mock_N08_N04_Aonly,GroupingWaitPage,1773177607,1,0,1
nwn656i6,25,ndca25i7,14,mock_N08_N04_Aonly,GroupSizeWaitPage,1773177608,1,0,1
nwn656i6,25,ndca25i7,15,mock_N08_N04_Aonly,AttentionCheck,1773177614,1,0,0
nwn656i6,35,a0uebci0,12,presurvey,Commitment,1773177639,1,0,0
nwn656i6,30,uazl77yf,6,presurvey,TrainingNeighbor_1,1773177692,1,0,0
nwn656i6,30,uazl77yf,7,presurvey,TrainingNeighbor_2,1773177703,1,0,0
nwn656i6,36,uf60a4im,0,,InitializeParticipant,1773177751,1,0,0
nwn656i6,30,uazl77yf,8,presurvey,AttentionCheck,1773177764,1,0,0
nwn656i6,36,uf60a4im,1,presurvey,Introduction,1773177768,1,0,0
nwn656i6,36,uf60a4im,2,presurvey,AudioCheck,1773177784,1,0,0
nwn656i6,37,a11j708s,0,,InitializeParticipant,1773177796,1,0,0
nwn656i6,36,uf60a4im,3,presurvey,Demographics,1773177800,1,0,0
nwn656i6,37,a11j708s,1,presurvey,Introduction,1773177801,1,0,0
nwn656i6,38,bxzkos3h,0,,InitializeParticipant,1773177809,1,0,0
nwn656i6,37,a11j708s,2,presurvey,AudioCheck,1773177812,1,0,0
nwn656i6,36,uf60a4im,4,presurvey,NeighborhoodInstruction,1773177815,1,0,0
nwn656i6,37,a11j708s,3,presurvey,Demographics,1773177826,1,0,0
nwn656i6,36,uf60a4im,5,presurvey,Training,1773177846,1,0,0
nwn656i6,37,a11j708s,4,presurvey,NeighborhoodInstruction,1773177852,1,0,0
nwn656i6,38,bxzkos3h,1,presurvey,Introduction,1773177857,1,0,0
nwn656i6,30,uazl77yf,9,presurvey,TrainingNeighbor_3,1773177868,1,0,0
nwn656i6,36,uf60a4im,6,presurvey,TrainingNeighbor_1,1773177871,1,0,0
nwn656i6,36,uf60a4im,10,presurvey,ExperimentInstruction,1773177877,1,0,0
nwn656i6,37,a11j708s,5,presurvey,Training,1773177880,1,0,0
nwn656i6,39,xmq87yq8,0,,InitializeParticipant,1773177891,1,0,0
nwn656i6,39,xmq87yq8,1,presurvey,Introduction,1773177895,1,0,0
nwn656i6,37,a11j708s,6,presurvey,TrainingNeighbor_1,1773177900,1,0,0
nwn656i6,37,a11j708s,10,presurvey,ExperimentInstruction,1773177907,1,0,0
nwn656i6,36,uf60a4im,11,presurvey,Scenario,1773177908,1,0,0
nwn656i6,39,xmq87yq8,2,presurvey,AudioCheck,1773177922,1,0,0
nwn656i6,38,bxzkos3h,2,presurvey,AudioCheck,1773177924,1,0,0
nwn656i6,39,xmq87yq8,3,presurvey,Demographics,1773177932,1,0,0
nwn656i6,37,a11j708s,11,presurvey,Scenario,1773177933,1,0,0
nwn656i6,40,07b0t9ld,0,,InitializeParticipant,1773177936,1,0,0
nwn656i6,38,bxzkos3h,3,presurvey,Demographics,1773177942,1,0,0
nwn656i6,40,07b0t9ld,1,presurvey,Introduction,1773177944,1,0,0
nwn656i6,39,xmq87yq8,4,presurvey,NeighborhoodInstruction,1773177949,1,0,0
nwn656i6,40,07b0t9ld,2,presurvey,AudioCheck,1773177957,1,0,0
nwn656i6,40,07b0t9ld,3,presurvey,Demographics,1773177967,1,0,0
nwn656i6,40,07b0t9ld,4,presurvey,NeighborhoodInstruction,1773177972,1,0,0
nwn656i6,40,07b0t9ld,5,presurvey,Training,1773177974,1,0,0
nwn656i6,40,07b0t9ld,6,presurvey,TrainingNeighbor_1,1773177982,1,0,0
nwn656i6,39,xmq87yq8,5,presurvey,Training,1773177984,1,0,0
nwn656i6,40,07b0t9ld,7,presurvey,TrainingNeighbor_2,1773177987,1,0,0
nwn656i6,40,07b0t9ld,10,presurvey,ExperimentInstruction,1773177989,1,0,0
nwn656i6,40,07b0t9ld,11,presurvey,Scenario,1773178000,1,0,0
nwn656i6,40,07b0t9ld,12,presurvey,Commitment,1773178014,1,0,0
nwn656i6,38,bxzkos3h,4,presurvey,NeighborhoodInstruction,1773178025,1,0,0
nwn656i6,39,xmq87yq8,6,presurvey,TrainingNeighbor_1,1773178075,1,0,0
nwn656i6,29,ruuqhe0q,13,mock_N08_N04_Aonly,GroupingWaitPage,1773178082,1,0,1
nwn656i6,29,ruuqhe0q,14,mock_N08_N04_Aonly,GroupSizeWaitPage,1773178083,1,0,1
nwn656i6,41,r701s8ec,0,,InitializeParticipant,1773178095,1,0,0
nwn656i6,29,ruuqhe0q,15,mock_N08_N04_Aonly,AttentionCheck,1773178098,1,0,0
nwn656i6,41,r701s8ec,1,presurvey,Introduction,1773178100,1,0,0
nwn656i6,38,bxzkos3h,5,presurvey,Training,1773178100,1,0,0
nwn656i6,39,xmq87yq8,7,presurvey,TrainingNeighbor_2,1773178108,1,0,0
nwn656i6,39,xmq87yq8,10,presurvey,ExperimentInstruction,1773178112,1,0,0
nwn656i6,41,r701s8ec,2,presurvey,AudioCheck,1773178113,1,0,0
nwn656i6,41,r701s8ec,3,presurvey,Demographics,1773178122,1,0,0
nwn656i6,41,r701s8ec,4,presurvey,NeighborhoodInstruction,1773178130,1,0,0
nwn656i6,19,l8dwgnen,13,mock_N08_N04_Aonly,GroupingWaitPage,1773178136,1,0,1
nwn656i6,19,l8dwgnen,14,mock_N08_N04_Aonly,GroupSizeWaitPage,1773178137,1,0,1
nwn656i6,41,r701s8ec,5,presurvey,Training,1773178142,1,0,0
nwn656i6,38,bxzkos3h,6,presurvey,TrainingNeighbor_1,1773178154,1,0,0
nwn656i6,19,l8dwgnen,15,mock_N08_N04_Aonly,AttentionCheck,1773178154,1,0,0
nwn656i6,41,r701s8ec,6,presurvey,TrainingNeighbor_1,1773178159,1,0,0
nwn656i6,41,r701s8ec,7,presurvey,TrainingNeighbor_2,1773178165,1,0,0
nwn656i6,41,r701s8ec,10,presurvey,ExperimentInstruction,1773178168,1,0,0
nwn656i6,38,bxzkos3h,7,presurvey,TrainingNeighbor_2,1773178168,1,0,0
nwn656i6,39,xmq87yq8,11,presurvey,Scenario,1773178169,1,0,0
nwn656i6,38,bxzkos3h,10,presurvey,ExperimentInstruction,1773178173,1,0,0
nwn656i6,41,r701s8ec,11,presurvey,Scenario,1773178181,1,0,0
nwn656i6,41,r701s8ec,12,presurvey,Commitment,1773178201,1,0,0
nwn656i6,42,9a3gijb1,0,,InitializeParticipant,1773178286,1,0,0
nwn656i6,38,bxzkos3h,11,presurvey,Scenario,1773178294,1,0,0
nwn656i6,42,9a3gijb1,1,presurvey,Introduction,1773178302,1,0,0
nwn656i6,42,9a3gijb1,2,presurvey,AudioCheck,1773178332,1,0,0
nwn656i6,42,9a3gijb1,3,presurvey,Demographics,1773178352,1,0,0
nwn656i6,31,acg2kp0c,13,mock_N08_N04_Aonly,GroupingWaitPage,1773178379,1,0,1
nwn656i6,31,acg2kp0c,14,mock_N08_N04_Aonly,GroupSizeWaitPage,1773178379,1,0,1
nwn656i6,42,9a3gijb1,4,presurvey,NeighborhoodInstruction,1773178382,1,0,0
nwn656i6,42,9a3gijb1,5,presurvey,Training,1773178388,1,0,0
nwn656i6,31,acg2kp0c,15,mock_N08_N04_Aonly,AttentionCheck,1773178392,1,0,0
nwn656i6,43,9inm3qig,0,,InitializeParticipant,1773178426,1,0,0
nwn656i6,42,9a3gijb1,6,presurvey,TrainingNeighbor_1,1773178442,1,0,0
nwn656i6,43,9inm3qig,1,presurvey,Introduction,1773178447,1,0,0
nwn656i6,42,9a3gijb1,7,presurvey,TrainingNeighbor_2,1773178452,1,0,0
nwn656i6,42,9a3gijb1,10,presurvey,ExperimentInstruction,1773178457,1,0,0
nwn656i6,43,9inm3qig,2,presurvey,AudioCheck,1773178479,1,0,0
nwn656i6,43,9inm3qig,3,presurvey,Demographics,1773178497,1,0,0
nwn656i6,42,9a3gijb1,11,presurvey,Scenario,1773178503,1,0,0
nwn656i6,43,9inm3qig,4,presurvey,NeighborhoodInstruction,1773178506,1,0,0
nwn656i6,42,9a3gijb1,12,presurvey,Commitment,1773178532,1,0,0
nwn656i6,43,9inm3qig,5,presurvey,Training,1773178558,1,0,0
nwn656i6,43,9inm3qig,6,presurvey,TrainingNeighbor_1,1773178690,1,0,0
nwn656i6,43,9inm3qig,10,presurvey,ExperimentInstruction,1773178697,1,0,0
nwn656i6,43,9inm3qig,11,presurvey,Scenario,1773178751,1,0,0
nwn656i6,43,9inm3qig,12,presurvey,Commitment,1773178785,1,0,0
nwn656i6,44,xlfpapbu,0,,InitializeParticipant,1773179019,1,0,0
nwn656i6,44,xlfpapbu,1,presurvey,Introduction,1773179041,1,0,0
nwn656i6,44,xlfpapbu,2,presurvey,AudioCheck,1773179060,1,0,0
nwn656i6,44,xlfpapbu,3,presurvey,Demographics,1773179079,1,0,0
nwn656i6,44,xlfpapbu,4,presurvey,NeighborhoodInstruction,1773179083,1,0,0
nwn656i6,44,xlfpapbu,5,presurvey,Training,1773179089,1,0,0
nwn656i6,44,xlfpapbu,6,presurvey,TrainingNeighbor_1,1773179114,1,0,0
nwn656i6,44,xlfpapbu,7,presurvey,TrainingNeighbor_2,1773179123,1,0,0
nwn656i6,44,xlfpapbu,10,presurvey,ExperimentInstruction,1773179126,1,0,0
nwn656i6,44,xlfpapbu,11,presurvey,Scenario,1773179145,1,0,0
nwn656i6,44,xlfpapbu,12,presurvey,Commitment,1773179203,1,0,0
nwn656i6,40,07b0t9ld,13,mock_N08_N04_Aonly,GroupingWaitPage,1773179216,1,0,1
nwn656i6,40,07b0t9ld,14,mock_N08_N04_Aonly,GroupSizeWaitPage,1773179216,1,0,1
nwn656i6,40,07b0t9ld,15,mock_N08_N04_Aonly,AttentionCheck,1773179221,1,0,0
nwn656i6,41,r701s8ec,13,mock_N08_N04_Aonly,GroupingWaitPage,1773179354,1,0,1
nwn656i6,41,r701s8ec,14,mock_N08_N04_Aonly,GroupSizeWaitPage,1773179355,1,0,1
nwn656i6,41,r701s8ec,15,mock_N08_N04_Aonly,AttentionCheck,1773179359,1,0,0
nwn656i6,45,4wu8gdxi,0,,InitializeParticipant,1773179375,1,0,0
nwn656i6,45,4wu8gdxi,1,presurvey,Introduction,1773179391,1,0,0
nwn656i6,46,yy50ik13,0,,InitializeParticipant,1773179410,1,0,0
nwn656i6,46,yy50ik13,1,presurvey,Introduction,1773179417,1,0,0
nwn656i6,45,4wu8gdxi,2,presurvey,AudioCheck,1773179419,1,0,0
nwn656i6,45,4wu8gdxi,3,presurvey,Demographics,1773179426,1,0,0
nwn656i6,45,4wu8gdxi,4,presurvey,NeighborhoodInstruction,1773179435,1,0,0
nwn656i6,46,yy50ik13,2,presurvey,AudioCheck,1773179437,1,0,0
nwn656i6,46,yy50ik13,3,presurvey,Demographics,1773179451,1,0,0
nwn656i6,46,yy50ik13,4,presurvey,NeighborhoodInstruction,1773179471,1,0,0
nwn656i6,45,4wu8gdxi,5,presurvey,Training,1773179473,1,0,0
nwn656i6,46,yy50ik13,5,presurvey,Training,1773179496,1,0,0
nwn656i6,45,4wu8gdxi,6,presurvey,TrainingNeighbor_1,1773179502,1,0,0
nwn656i6,45,4wu8gdxi,10,presurvey,ExperimentInstruction,1773179513,1,0,0
nwn656i6,45,4wu8gdxi,11,presurvey,Scenario,1773179529,1,0,0
nwn656i6,46,yy50ik13,6,presurvey,TrainingNeighbor_1,1773179532,1,0,0
nwn656i6,46,yy50ik13,10,presurvey,ExperimentInstruction,1773179539,1,0,0
nwn656i6,45,4wu8gdxi,12,presurvey,Commitment,1773179567,1,0,0
nwn656i6,46,yy50ik13,11,presurvey,Scenario,1773179578,1,0,0
nwn656i6,46,yy50ik13,12,presurvey,Commitment,1773179621,1,0,0
nwn656i6,47,2vgb50cq,0,,InitializeParticipant,1773179740,1,0,0
nwn656i6,47,2vgb50cq,1,presurvey,Introduction,1773179764,1,0,0
nwn656i6,48,kl4sxkuf,0,,InitializeParticipant,1773179770,1,0,0
nwn656i6,48,kl4sxkuf,1,presurvey,Introduction,1773179773,1,0,0
nwn656i6,47,2vgb50cq,2,presurvey,AudioCheck,1773179783,1,0,0
nwn656i6,48,kl4sxkuf,2,presurvey,AudioCheck,1773179792,1,0,0
nwn656i6,47,2vgb50cq,3,presurvey,Demographics,1773179802,1,0,0
nwn656i6,48,kl4sxkuf,3,presurvey,Demographics,1773179806,1,0,0
nwn656i6,48,kl4sxkuf,4,presurvey,NeighborhoodInstruction,1773179816,1,0,0
nwn656i6,47,2vgb50cq,4,presurvey,NeighborhoodInstruction,1773179823,1,0,0
nwn656i6,47,2vgb50cq,5,presurvey,Training,1773179835,1,0,0
nwn656i6,48,kl4sxkuf,5,presurvey,Training,1773179841,1,0,0
nwn656i6,48,kl4sxkuf,6,presurvey,TrainingNeighbor_1,1773179877,1,0,0
nwn656i6,48,kl4sxkuf,10,presurvey,ExperimentInstruction,1773179884,1,0,0
nwn656i6,49,ui7lrbee,0,,InitializeParticipant,1773179897,1,0,0
nwn656i6,50,41zw81es,0,,InitializeParticipant,1773179900,1,0,0
nwn656i6,50,41zw81es,1,presurvey,Introduction,1773179907,1,0,0
nwn656i6,48,kl4sxkuf,11,presurvey,Scenario,1773179919,1,0,0
nwn656i6,43,9inm3qig,13,mock_N08_N04_Aonly,GroupingWaitPage,1773179931,1,0,1
nwn656i6,43,9inm3qig,14,mock_N08_N04_Aonly,GroupSizeWaitPage,1773179932,1,0,1
nwn656i6,43,9inm3qig,15,mock_N08_N04_Aonly,AttentionCheck,1773179938,1,0,0
nwn656i6,50,41zw81es,2,presurvey,AudioCheck,1773179942,1,0,0
nwn656i6,48,kl4sxkuf,12,presurvey,Commitment,1773179945,1,0,0
nwn656i6,49,ui7lrbee,1,presurvey,Introduction,1773179946,1,0,0
nwn656i6,50,41zw81es,3,presurvey,Demographics,1773179955,1,0,0
nwn656i6,49,ui7lrbee,2,presurvey,AudioCheck,1773179965,1,0,0
nwn656i6,50,41zw81es,4,presurvey,NeighborhoodInstruction,1773179970,1,0,0
nwn656i6,49,ui7lrbee,3,presurvey,Demographics,1773179990,1,0,0
nwn656i6,50,41zw81es,5,presurvey,Training,1773179990,1,0,0
nwn656i6,49,ui7lrbee,4,presurvey,NeighborhoodInstruction,1773180025,1,0,0
nwn656i6,50,41zw81es,6,presurvey,TrainingNeighbor_1,1773180037,1,0,0
nwn656i6,49,ui7lrbee,5,presurvey,Training,1773180045,1,0,0
nwn656i6,50,41zw81es,10,presurvey,ExperimentInstruction,1773180047,1,0,0
nwn656i6,51,i0hxjfnz,0,,InitializeParticipant,1773180055,1,0,0
nwn656i6,49,ui7lrbee,6,presurvey,TrainingNeighbor_1,1773180067,1,0,0
nwn656i6,51,i0hxjfnz,1,presurvey,Introduction,1773180072,1,0,0
nwn656i6,50,41zw81es,11,presurvey,Scenario,1773180072,1,0,0
nwn656i6,50,41zw81es,12,presurvey,Commitment,1773180090,1,0,0
nwn656i6,51,i0hxjfnz,2,presurvey,AudioCheck,1773180093,1,0,0
nwn656i6,49,ui7lrbee,10,presurvey,ExperimentInstruction,1773180100,1,0,0
nwn656i6,51,i0hxjfnz,3,presurvey,Demographics,1773180109,1,0,0
nwn656i6,52,ga888dlt,0,,InitializeParticipant,1773180112,1,0,0
nwn656i6,52,ga888dlt,1,presurvey,Introduction,1773180116,1,0,0
nwn656i6,49,ui7lrbee,11,presurvey,Scenario,1773180126,1,0,0
nwn656i6,53,k1bbjtxj,0,,InitializeParticipant,1773180143,1,0,0
nwn656i6,51,i0hxjfnz,4,presurvey,NeighborhoodInstruction,1773180143,1,0,0
nwn656i6,52,ga888dlt,2,presurvey,AudioCheck,1773180143,1,0,0
nwn656i6,54,mklwug9t,0,,InitializeParticipant,1773180147,1,0,0
nwn656i6,53,k1bbjtxj,1,presurvey,Introduction,1773180150,1,0,0
nwn656i6,54,mklwug9t,1,presurvey,Introduction,1773180151,1,0,0
nwn656i6,52,ga888dlt,3,presurvey,Demographics,1773180156,1,0,0
nwn656i6,54,mklwug9t,2,presurvey,AudioCheck,1773180164,1,0,0
nwn656i6,54,mklwug9t,3,presurvey,Demographics,1773180180,1,0,0
nwn656i6,49,ui7lrbee,12,presurvey,Commitment,1773180184,1,0,0
nwn656i6,51,i0hxjfnz,5,presurvey,Training,1773180187,1,0,0
nwn656i6,54,mklwug9t,4,presurvey,NeighborhoodInstruction,1773180192,1,0,0
nwn656i6,52,ga888dlt,4,presurvey,NeighborhoodInstruction,1773180193,1,0,0
nwn656i6,54,mklwug9t,5,presurvey,Training,1773180209,1,0,0
nwn656i6,51,i0hxjfnz,6,presurvey,TrainingNeighbor_1,1773180219,1,0,0
nwn656i6,51,i0hxjfnz,10,presurvey,ExperimentInstruction,1773180228,1,0,0
nwn656i6,55,wbyjdqh1,0,,InitializeParticipant,1773180234,1,0,0
nwn656i6,52,ga888dlt,5,presurvey,Training,1773180235,1,0,0
nwn656i6,54,mklwug9t,6,presurvey,TrainingNeighbor_1,1773180242,1,0,0
nwn656i6,55,wbyjdqh1,1,presurvey,Introduction,1773180246,1,0,0
nwn656i6,54,mklwug9t,7,presurvey,TrainingNeighbor_2,1773180248,1,0,0
nwn656i6,54,mklwug9t,10,presurvey,ExperimentInstruction,1773180256,1,0,0
nwn656i6,52,ga888dlt,6,presurvey,TrainingNeighbor_1,1773180264,1,0,0
nwn656i6,52,ga888dlt,7,presurvey,TrainingNeighbor_2,1773180277,1,0,0
nwn656i6,55,wbyjdqh1,2,presurvey,AudioCheck,1773180279,1,0,0
nwn656i6,54,mklwug9t,11,presurvey,Scenario,1773180280,1,0,0
nwn656i6,56,v1f8jni7,0,,InitializeParticipant,1773180286,1,0,0
nwn656i6,52,ga888dlt,10,presurvey,ExperimentInstruction,1773180289,1,0,0
nwn656i6,56,v1f8jni7,1,presurvey,Introduction,1773180319,1,0,0
nwn656i6,52,ga888dlt,11,presurvey,Scenario,1773180329,1,0,0
nwn656i6,55,wbyjdqh1,3,presurvey,Demographics,1773180354,1,0,0
nwn656i6,56,v1f8jni7,2,presurvey,AudioCheck,1773180357,1,0,0
nwn656i6,55,wbyjdqh1,4,presurvey,NeighborhoodInstruction,1773180361,1,0,0
nwn656i6,57,vwps2j84,0,,InitializeParticipant,1773180372,1,0,0
nwn656i6,56,v1f8jni7,3,presurvey,Demographics,1773180381,1,0,0
nwn656i6,57,vwps2j84,1,presurvey,Introduction,1773180381,1,0,0
nwn656i6,57,vwps2j84,2,presurvey,AudioCheck,1773180397,1,0,0
nwn656i6,56,v1f8jni7,4,presurvey,NeighborhoodInstruction,1773180399,1,0,0
nwn656i6,44,xlfpapbu,13,mock_N08_N04_Aonly,GroupingWaitPage,1773180405,1,0,1
nwn656i6,44,xlfpapbu,14,mock_N08_N04_Aonly,GroupSizeWaitPage,1773180405,1,0,1
nwn656i6,57,vwps2j84,3,presurvey,Demographics,1773180412,1,0,0
nwn656i6,44,xlfpapbu,15,mock_N08_N04_Aonly,AttentionCheck,1773180413,1,0,0
nwn656i6,55,wbyjdqh1,5,presurvey,Training,1773180415,1,0,0
nwn656i6,55,wbyjdqh1,6,presurvey,TrainingNeighbor_1,1773180435,1,0,0
nwn656i6,57,vwps2j84,4,presurvey,NeighborhoodInstruction,1773180437,1,0,0
nwn656i6,55,wbyjdqh1,10,presurvey,ExperimentInstruction,1773180440,1,0,0
nwn656i6,56,v1f8jni7,5,presurvey,Training,1773180448,1,0,0
nwn656i6,57,vwps2j84,5,presurvey,Training,1773180457,1,0,0
nwn656i6,55,wbyjdqh1,11,presurvey,Scenario,1773180459,1,0,0
nwn656i6,55,wbyjdqh1,12,presurvey,Commitment,1773180473,1,0,0
nwn656i6,57,vwps2j84,6,presurvey,TrainingNeighbor_1,1773180478,1,0,0
nwn656i6,57,vwps2j84,7,presurvey,TrainingNeighbor_2,1773180485,1,0,0
nwn656i6,57,vwps2j84,10,presurvey,ExperimentInstruction,1773180489,1,0,0
nwn656i6,56,v1f8jni7,6,presurvey,TrainingNeighbor_1,1773180513,1,0,0
nwn656i6,57,vwps2j84,11,presurvey,Scenario,1773180515,1,0,0
nwn656i6,56,v1f8jni7,10,presurvey,ExperimentInstruction,1773180523,1,0,0
nwn656i6,57,vwps2j84,12,presurvey,Commitment,1773180533,1,0,0
nwn656i6,56,v1f8jni7,11,presurvey,Scenario,1773180564,1,0,0
nwn656i6,58,ns0dloyi,0,,InitializeParticipant,1773180609,1,0,0
nwn656i6,58,ns0dloyi,1,presurvey,Introduction,1773180633,1,0,0
nwn656i6,59,r6s7hczs,0,,InitializeParticipant,1773180693,1,0,0
nwn656i6,58,ns0dloyi,2,presurvey,AudioCheck,1773180694,1,0,0
nwn656i6,59,r6s7hczs,1,presurvey,Introduction,1773180705,1,0,0
nwn656i6,59,r6s7hczs,2,presurvey,AudioCheck,1773180722,1,0,0
nwn656i6,58,ns0dloyi,3,presurvey,Demographics,1773180727,1,0,0
nwn656i6,59,r6s7hczs,3,presurvey,Demographics,1773180740,1,0,0
nwn656i6,59,r6s7hczs,4,presurvey,NeighborhoodInstruction,1773180747,1,0,0
nwn656i6,60,oh4g7xh4,0,,InitializeParticipant,1773180751,1,0,0
nwn656i6,59,r6s7hczs,5,presurvey,Training,1773180753,1,0,0
nwn656i6,61,xi19d551,0,,InitializeParticipant,1773180757,1,0,0
nwn656i6,46,yy50ik13,13,mock_N08_N04_Aonly,GroupingWaitPage,1773180762,1,0,1
nwn656i6,46,yy50ik13,14,mock_N08_N04_Aonly,GroupSizeWaitPage,1773180763,1,0,1
nwn656i6,46,yy50ik13,15,mock_N08_N04_Aonly,AttentionCheck,1773180767,1,0,0
nwn656i6,58,ns0dloyi,4,presurvey,NeighborhoodInstruction,1773180771,1,0,0
nwn656i6,60,oh4g7xh4,1,presurvey,Introduction,1773180778,1,0,0
nwn656i6,45,4wu8gdxi,13,mock_N08_N04_Aonly,GroupingWaitPage,1773180780,1,0,1
nwn656i6,45,4wu8gdxi,14,mock_N08_N04_Aonly,GroupSizeWaitPage,1773180780,1,0,1
nwn656i6,45,4wu8gdxi,15,mock_N08_N04_Aonly,AttentionCheck,1773180785,1,0,0
nwn656i6,61,xi19d551,1,presurvey,Introduction,1773180787,1,0,0
nwn656i6,60,oh4g7xh4,2,presurvey,AudioCheck,1773180806,1,0,0
nwn656i6,61,xi19d551,2,presurvey,AudioCheck,1773180812,1,0,0
nwn656i6,59,r6s7hczs,6,presurvey,TrainingNeighbor_1,1773180814,1,0,0
nwn656i6,59,r6s7hczs,7,presurvey,TrainingNeighbor_2,1773180821,1,0,0
nwn656i6,61,xi19d551,3,presurvey,Demographics,1773180825,1,0,0
nwn656i6,59,r6s7hczs,8,presurvey,AttentionCheck,1773180834,1,0,0
nwn656i6,58,ns0dloyi,5,presurvey,Training,1773180834,1,0,0
nwn656i6,59,r6s7hczs,9,presurvey,TrainingNeighbor_3,1773180844,1,0,0
nwn656i6,59,r6s7hczs,10,presurvey,ExperimentInstruction,1773180848,1,0,0
nwn656i6,61,xi19d551,4,presurvey,NeighborhoodInstruction,1773180856,1,0,0
nwn656i6,60,oh4g7xh4,3,presurvey,Demographics,1773180891,1,0,0
nwn656i6,58,ns0dloyi,6,presurvey,TrainingNeighbor_1,1773180901,1,0,0
nwn656i6,59,r6s7hczs,11,presurvey,Scenario,1773180901,1,0,0
nwn656i6,61,xi19d551,5,presurvey,Training,1773180902,1,0,0
nwn656i6,59,r6s7hczs,12,presurvey,Commitment,1773180923,1,0,0
nwn656i6,60,oh4g7xh4,4,presurvey,NeighborhoodInstruction,1773180923,1,0,0
nwn656i6,61,xi19d551,6,presurvey,TrainingNeighbor_1,1773180929,1,0,0
nwn656i6,60,oh4g7xh4,5,presurvey,Training,1773180938,1,0,0
nwn656i6,61,xi19d551,10,presurvey,ExperimentInstruction,1773180939,1,0,0
nwn656i6,58,ns0dloyi,10,presurvey,ExperimentInstruction,1773180949,1,0,0
nwn656i6,61,xi19d551,11,presurvey,Scenario,1773180979,1,0,0
nwn656i6,58,ns0dloyi,11,presurvey,Scenario,1773180999,1,0,0
nwn656i6,60,oh4g7xh4,6,presurvey,TrainingNeighbor_1,1773181042,1,0,0
nwn656i6,48,kl4sxkuf,13,mock_N08_N04_Aonly,GroupingWaitPage,1773181086,1,0,1
nwn656i6,48,kl4sxkuf,14,mock_N08_N04_Aonly,GroupSizeWaitPage,1773181086,1,0,1
nwn656i6,48,kl4sxkuf,15,mock_N08_N04_Aonly,AttentionCheck,1773181091,1,0,0
nwn656i6,60,oh4g7xh4,7,presurvey,TrainingNeighbor_2,1773181093,1,0,0
nwn656i6,60,oh4g7xh4,10,presurvey,ExperimentInstruction,1773181099,1,0,0
nwn656i6,60,oh4g7xh4,11,presurvey,Scenario,1773181113,1,0,0
nwn656i6,60,oh4g7xh4,12,presurvey,Commitment,1773181142,1,0,0
nwn656i6,58,ns0dloyi,12,presurvey,Commitment,1773181144,1,0,0
nwn656i6,62,82p7rsfz,0,,InitializeParticipant,1773181333,1,0,0
nwn656i6,63,qlkcjhff,0,,InitializeParticipant,1773181365,1,0,0
nwn656i6,63,qlkcjhff,1,presurvey,Introduction,1773181382,1,0,0
nwn656i6,49,ui7lrbee,13,mock_N08_N04_Aonly,GroupingWaitPage,1773181386,1,0,1
nwn656i6,49,ui7lrbee,14,mock_N08_N04_Aonly,GroupSizeWaitPage,1773181387,1,0,1
nwn656i6,49,ui7lrbee,15,mock_N08_N04_Aonly,AttentionCheck,1773181394,1,0,0
nwn656i6,63,qlkcjhff,2,presurvey,AudioCheck,1773181413,1,0,0
nwn656i6,63,qlkcjhff,3,presurvey,Demographics,1773181431,1,0,0
nwn656i6,63,qlkcjhff,4,presurvey,NeighborhoodInstruction,1773181460,1,0,0
nwn656i6,63,qlkcjhff,5,presurvey,Training,1773181502,1,0,0
nwn656i6,63,qlkcjhff,6,presurvey,TrainingNeighbor_1,1773181576,1,0,0
nwn656i6,63,qlkcjhff,7,presurvey,TrainingNeighbor_2,1773181583,1,0,0
nwn656i6,63,qlkcjhff,10,presurvey,ExperimentInstruction,1773181595,1,0,0
nwn656i6,63,qlkcjhff,11,presurvey,Scenario,1773181644,1,0,0
nwn656i6,57,vwps2j84,13,mock_N08_N04_Aonly,GroupingWaitPage,1773181675,1,0,1
nwn656i6,57,vwps2j84,14,mock_N08_N04_Aonly,GroupSizeWaitPage,1773181676,1,0,1
nwn656i6,57,vwps2j84,15,mock_N08_N04_Aonly,AttentionCheck,1773181709,1,0,0
nwn656i6,64,kcm9g97m,0,,InitializeParticipant,1773181719,1,0,0
nwn656i6,64,kcm9g97m,1,presurvey,Introduction,1773181727,1,0,0
nwn656i6,64,kcm9g97m,2,presurvey,AudioCheck,1773181760,1,0,0
nwn656i6,64,kcm9g97m,3,presurvey,Demographics,1773181777,1,0,0
nwn656i6,64,kcm9g97m,4,presurvey,NeighborhoodInstruction,1773181810,1,0,0
nwn656i6,64,kcm9g97m,5,presurvey,Training,1773181845,1,0,0
nwn656i6,65,n8ls7s47,0,,InitializeParticipant,1773181923,1,0,0
nwn656i6,64,kcm9g97m,6,presurvey,TrainingNeighbor_1,1773181930,1,0,0
nwn656i6,65,n8ls7s47,1,presurvey,Introduction,1773181931,1,0,0
nwn656i6,65,n8ls7s47,2,presurvey,AudioCheck,1773181945,1,0,0
nwn656i6,64,kcm9g97m,10,presurvey,ExperimentInstruction,1773181947,1,0,0
nwn656i6,65,n8ls7s47,3,presurvey,Demographics,1773181978,1,0,0
nwn656i6,65,n8ls7s47,4,presurvey,NeighborhoodInstruction,1773181993,1,0,0
nwn656i6,64,kcm9g97m,11,presurvey,Scenario,1773181995,1,0,0
nwn656i6,65,n8ls7s47,5,presurvey,Training,1773182010,1,0,0
nwn656i6,65,n8ls7s47,6,presurvey,TrainingNeighbor_1,1773182071,1,0,0
nwn656i6,66,ssi62hqy,0,,InitializeParticipant,1773182075,1,0,0
nwn656i6,65,n8ls7s47,7,presurvey,TrainingNeighbor_2,1773182076,1,0,0
nwn656i6,65,n8ls7s47,10,presurvey,ExperimentInstruction,1773182079,1,0,0
nwn656i6,66,ssi62hqy,1,presurvey,Introduction,1773182082,1,0,0
nwn656i6,67,1brkr6bl,0,,InitializeParticipant,1773182110,1,0,0
nwn656i6,59,r6s7hczs,13,mock_N08_N04_Aonly,GroupingWaitPage,1773182125,1,0,1
nwn656i6,59,r6s7hczs,14,mock_N08_N04_Aonly,GroupSizeWaitPage,1773182126,1,0,1
nwn656i6,67,1brkr6bl,1,presurvey,Introduction,1773182128,1,0,0
nwn656i6,65,n8ls7s47,11,presurvey,Scenario,1773182130,1,0,0
nwn656i6,62,82p7rsfz,1,presurvey,Introduction,1773182134,1,0,0
nwn656i6,59,r6s7hczs,15,mock_N08_N04_Aonly,AttentionCheck,1773182139,1,0,0
nwn656i6,65,n8ls7s47,12,presurvey,Commitment,1773182140,1,0,0
nwn656i6,66,ssi62hqy,2,presurvey,AudioCheck,1773182140,1,0,0
nwn656i6,67,1brkr6bl,2,presurvey,AudioCheck,1773182154,1,0,0
nwn656i6,67,1brkr6bl,3,presurvey,Demographics,1773182168,1,0,0
nwn656i6,66,ssi62hqy,3,presurvey,Demographics,1773182176,1,0,0
nwn656i6,67,1brkr6bl,4,presurvey,NeighborhoodInstruction,1773182202,1,0,0
nwn656i6,62,82p7rsfz,2,presurvey,AudioCheck,1773182213,1,0,0
nwn656i6,67,1brkr6bl,5,presurvey,Training,1773182251,1,0,0
nwn656i6,62,82p7rsfz,3,presurvey,Demographics,1773182253,1,0,0
nwn656i6,60,oh4g7xh4,13,mock_N08_N04_Aonly,GroupingWaitPage,1773182286,1,0,1
nwn656i6,58,ns0dloyi,13,mock_N08_N04_Aonly,GroupingWaitPage,1773182286,1,0,1
nwn656i6,58,ns0dloyi,14,mock_N08_N04_Aonly,GroupSizeWaitPage,1773182287,1,0,1
nwn656i6,60,oh4g7xh4,14,mock_N08_N04_Aonly,GroupSizeWaitPage,1773182287,1,0,1
nwn656i6,66,ssi62hqy,4,presurvey,NeighborhoodInstruction,1773182294,1,0,0
nwn656i6,58,ns0dloyi,15,mock_N08_N04_Aonly,AttentionCheck,1773182296,1,0,0
nwn656i6,60,oh4g7xh4,15,mock_N08_N04_Aonly,AttentionCheck,1773182297,1,0,0
nwn656i6,67,1brkr6bl,6,presurvey,TrainingNeighbor_1,1773182300,1,0,0
nwn656i6,67,1brkr6bl,7,presurvey,TrainingNeighbor_2,1773182364,1,0,0
nwn656i6,66,ssi62hqy,5,presurvey,Training,1773182384,1,0,0
nwn656i6,67,1brkr6bl,10,presurvey,ExperimentInstruction,1773182385,1,0,0
nwn656i6,62,82p7rsfz,4,presurvey,NeighborhoodInstruction,1773182397,1,0,0
nwn656i6,67,1brkr6bl,11,presurvey,Scenario,1773182430,1,0,0
nwn656i6,68,t8v4c875,0,,InitializeParticipant,1773182433,1,0,0
nwn656i6,62,82p7rsfz,5,presurvey,Training,1773182459,1,0,0
nwn656i6,69,8anwildj,0,,InitializeParticipant,1773182473,1,0,0
nwn656i6,66,ssi62hqy,6,presurvey,TrainingNeighbor_1,1773182478,1,0,0
nwn656i6,69,8anwildj,1,presurvey,Introduction,1773182479,1,0,0
nwn656i6,68,t8v4c875,1,presurvey,Introduction,1773182480,1,0,0
nwn656i6,66,ssi62hqy,10,presurvey,ExperimentInstruction,1773182497,1,0,0
nwn656i6,70,d8prapio,0,,InitializeParticipant,1773182518,1,0,0
nwn656i6,70,d8prapio,1,presurvey,Introduction,1773182526,1,0,0
nwn656i6,69,8anwildj,2,presurvey,AudioCheck,1773182529,1,0,0
nwn656i6,70,d8prapio,2,presurvey,AudioCheck,1773182550,1,0,0
nwn656i6,62,82p7rsfz,6,presurvey,TrainingNeighbor_1,1773182554,1,0,0
nwn656i6,70,d8prapio,3,presurvey,Demographics,1773182560,1,0,0
nwn656i6,69,8anwildj,3,presurvey,Demographics,1773182561,1,0,0
nwn656i6,66,ssi62hqy,11,presurvey,Scenario,1773182583,1,0,0
nwn656i6,70,d8prapio,4,presurvey,NeighborhoodInstruction,1773182590,1,0,0
nwn656i6,69,8anwildj,4,presurvey,NeighborhoodInstruction,1773182595,1,0,0
nwn656i6,70,d8prapio,5,presurvey,Training,1773182606,1,0,0
nwn656i6,69,8anwildj,5,presurvey,Training,1773182623,1,0,0
nwn656i6,70,d8prapio,6,presurvey,TrainingNeighbor_1,1773182626,1,0,0
nwn656i6,70,d8prapio,10,presurvey,ExperimentInstruction,1773182644,1,0,0
nwn656i6,62,82p7rsfz,10,presurvey,ExperimentInstruction,1773182655,1,0,0
nwn656i6,69,8anwildj,6,presurvey,TrainingNeighbor_1,1773182661,1,0,0
nwn656i6,70,d8prapio,11,presurvey,Scenario,1773182663,1,0,0
nwn656i6,69,8anwildj,7,presurvey,TrainingNeighbor_2,1773182679,1,0,0
nwn656i6,66,ssi62hqy,12,presurvey,Commitment,1773182681,1,0,0
nwn656i6,69,8anwildj,10,presurvey,ExperimentInstruction,1773182691,1,0,0
nwn656i6,69,8anwildj,11,presurvey,Scenario,1773182726,1,0,0
nwn656i6,62,82p7rsfz,11,presurvey,Scenario,1773182729,1,0,0
nwn656i6,62,82p7rsfz,12,presurvey,Commitment,1773182833,1,0,0
nwn656i6,71,5pothpo5,0,,InitializeParticipant,1773182894,1,0,0
nwn656i6,71,5pothpo5,1,presurvey,Introduction,1773182899,1,0,0
nwn656i6,71,5pothpo5,2,presurvey,AudioCheck,1773182925,1,0,0
nwn656i6,71,5pothpo5,3,presurvey,Demographics,1773182939,1,0,0
nwn656i6,71,5pothpo5,4,presurvey,NeighborhoodInstruction,1773182952,1,0,0
nwn656i6,71,5pothpo5,5,presurvey,Training,1773182980,1,0,0
nwn656i6,71,5pothpo5,6,presurvey,TrainingNeighbor_1,1773183008,1,0,0
nwn656i6,71,5pothpo5,10,presurvey,ExperimentInstruction,1773183011,1,0,0
nwn656i6,71,5pothpo5,11,presurvey,Scenario,1773183042,1,0,0
nwn656i6,71,5pothpo5,12,presurvey,Commitment,1773183071,1,0,0
nwn656i6,72,66emtg76,0,,InitializeParticipant,1773183086,1,0,0
nwn656i6,73,whshgmjd,0,,InitializeParticipant,1773183106,1,0,0
nwn656i6,73,whshgmjd,1,presurvey,Introduction,1773183123,1,0,0
nwn656i6,72,66emtg76,1,presurvey,Introduction,1773183149,1,0,0
nwn656i6,73,whshgmjd,2,presurvey,AudioCheck,1773183149,1,0,0
nwn656i6,73,whshgmjd,3,presurvey,Demographics,1773183162,1,0,0
nwn656i6,73,whshgmjd,4,presurvey,NeighborhoodInstruction,1773183178,1,0,0
nwn656i6,74,0gyqhv0w,0,,InitializeParticipant,1773183180,1,0,0
nwn656i6,73,whshgmjd,5,presurvey,Training,1773183207,1,0,0
nwn656i6,74,0gyqhv0w,1,presurvey,Introduction,1773183209,1,0,0
nwn656i6,74,0gyqhv0w,2,presurvey,AudioCheck,1773183261,1,0,0
nwn656i6,73,whshgmjd,6,presurvey,TrainingNeighbor_1,1773183268,1,0,0
nwn656i6,73,whshgmjd,7,presurvey,TrainingNeighbor_2,1773183275,1,0,0
nwn656i6,74,0gyqhv0w,3,presurvey,Demographics,1773183282,1,0,0
nwn656i6,73,whshgmjd,10,presurvey,ExperimentInstruction,1773183287,1,0,0
nwn656i6,73,whshgmjd,11,presurvey,Scenario,1773183320,1,0,0
nwn656i6,72,66emtg76,2,presurvey,AudioCheck,1773183328,1,0,0
nwn656i6,65,n8ls7s47,13,mock_N08_N04_Aonly,GroupingWaitPage,1773183342,1,0,1
nwn656i6,65,n8ls7s47,14,mock_N08_N04_Aonly,GroupSizeWaitPage,1773183343,1,0,1
nwn656i6,72,66emtg76,3,presurvey,Demographics,1773183349,1,0,0
nwn656i6,65,n8ls7s47,15,mock_N08_N04_Aonly,AttentionCheck,1773183351,1,0,0
nwn656i6,74,0gyqhv0w,4,presurvey,NeighborhoodInstruction,1773183361,1,0,0
nwn656i6,74,0gyqhv0w,5,presurvey,Training,1773183405,1,0,0
nwn656i6,73,whshgmjd,12,presurvey,Commitment,1773183411,1,0,0
nwn656i6,72,66emtg76,4,presurvey,NeighborhoodInstruction,1773183429,1,0,0
nwn656i6,74,0gyqhv0w,6,presurvey,TrainingNeighbor_1,1773183462,1,0,0
nwn656i6,74,0gyqhv0w,10,presurvey,ExperimentInstruction,1773183487,1,0,0
nwn656i6,72,66emtg76,5,presurvey,Training,1773183551,1,0,0
nwn656i6,74,0gyqhv0w,11,presurvey,Scenario,1773183555,1,0,0
nwn656i6,75,je599bdu,0,,InitializeParticipant,1773183644,1,0,0
nwn656i6,74,0gyqhv0w,12,presurvey,Commitment,1773183688,1,0,0
nwn656i6,72,66emtg76,6,presurvey,TrainingNeighbor_1,1773183706,1,0,0
nwn656i6,72,66emtg76,10,presurvey,ExperimentInstruction,1773183743,1,0,0
nwn656i6,76,rt1u9uwp,0,,InitializeParticipant,1773183765,1,0,0
nwn656i6,76,rt1u9uwp,1,presurvey,Introduction,1773183819,1,0,0
nwn656i6,72,66emtg76,11,presurvey,Scenario,1773183828,1,0,0
nwn656i6,77,giekyvxa,0,,InitializeParticipant,1773183843,1,0,0
nwn656i6,77,giekyvxa,1,presurvey,Introduction,1773183846,1,0,0
nwn656i6,76,rt1u9uwp,2,presurvey,AudioCheck,1773183855,1,0,0
nwn656i6,77,giekyvxa,2,presurvey,AudioCheck,1773183858,1,0,0
nwn656i6,76,rt1u9uwp,3,presurvey,Demographics,1773183865,1,0,0
nwn656i6,77,giekyvxa,3,presurvey,Demographics,1773183868,1,0,0
nwn656i6,75,je599bdu,1,presurvey,Introduction,1773183869,1,0,0
nwn656i6,77,giekyvxa,4,presurvey,NeighborhoodInstruction,1773183879,1,0,0
nwn656i6,76,rt1u9uwp,4,presurvey,NeighborhoodInstruction,1773183880,1,0,0
nwn656i6,75,je599bdu,2,presurvey,AudioCheck,1773183881,1,0,0
nwn656i6,78,73vw9ocv,0,,InitializeParticipant,1773183897,1,0,0
nwn656i6,76,rt1u9uwp,5,presurvey,Training,1773183898,1,0,0
nwn656i6,78,73vw9ocv,1,presurvey,Introduction,1773183914,1,0,0
nwn656i6,77,giekyvxa,5,presurvey,Training,1773183917,1,0,0
nwn656i6,77,giekyvxa,6,presurvey,TrainingNeighbor_1,1773183943,1,0,0
nwn656i6,72,66emtg76,12,presurvey,Commitment,1773183945,1,0,0
nwn656i6,79,6qqnqv4j,0,,InitializeParticipant,1773183945,1,0,0
nwn656i6,77,giekyvxa,7,presurvey,TrainingNeighbor_2,1773183950,1,0,0
nwn656i6,79,6qqnqv4j,1,presurvey,Introduction,1773183955,1,0,0
nwn656i6,77,giekyvxa,10,presurvey,ExperimentInstruction,1773183961,1,0,0
nwn656i6,78,73vw9ocv,2,presurvey,AudioCheck,1773183962,1,0,0
nwn656i6,79,6qqnqv4j,2,presurvey,AudioCheck,1773183970,1,0,0
nwn656i6,76,rt1u9uwp,6,presurvey,TrainingNeighbor_1,1773183972,1,0,0
nwn656i6,75,je599bdu,3,presurvey,Demographics,1773183978,1,0,0
nwn656i6,79,6qqnqv4j,3,presurvey,Demographics,1773183983,1,0,0
nwn656i6,78,73vw9ocv,3,presurvey,Demographics,1773183986,1,0,0
nwn656i6,76,rt1u9uwp,7,presurvey,TrainingNeighbor_2,1773183992,1,0,0
nwn656i6,79,6qqnqv4j,4,presurvey,NeighborhoodInstruction,1773183999,1,0,0
nwn656i6,76,rt1u9uwp,10,presurvey,ExperimentInstruction,1773184006,1,0,0
nwn656i6,79,6qqnqv4j,5,presurvey,Training,1773184024,1,0,0
nwn656i6,78,73vw9ocv,4,presurvey,NeighborhoodInstruction,1773184033,1,0,0
nwn656i6,62,82p7rsfz,13,mock_N08_N04_Aonly,GroupingWaitPage,1773184037,1,0,1
nwn656i6,62,82p7rsfz,14,mock_N08_N04_Aonly,GroupSizeWaitPage,1773184038,1,0,1
nwn656i6,76,rt1u9uwp,11,presurvey,Scenario,1773184039,1,0,0
nwn656i6,62,82p7rsfz,15,mock_N08_N04_Aonly,AttentionCheck,1773184047,1,0,0
nwn656i6,77,giekyvxa,11,presurvey,Scenario,1773184050,1,0,0
nwn656i6,78,73vw9ocv,5,presurvey,Training,1773184068,1,0,0
nwn656i6,79,6qqnqv4j,6,presurvey,TrainingNeighbor_1,1773184074,1,0,0
nwn656i6,77,giekyvxa,12,presurvey,Commitment,1773184080,1,0,0
nwn656i6,80,vadot4jo,0,,InitializeParticipant,1773184082,1,0,0
nwn656i6,79,6qqnqv4j,7,presurvey,TrainingNeighbor_2,1773184089,1,0,0
nwn656i6,75,je599bdu,4,presurvey,NeighborhoodInstruction,1773184097,1,0,0
nwn656i6,78,73vw9ocv,6,presurvey,TrainingNeighbor_1,1773184131,1,0,0
nwn656i6,78,73vw9ocv,10,presurvey,ExperimentInstruction,1773184135,1,0,0
nwn656i6,79,6qqnqv4j,10,presurvey,ExperimentInstruction,1773184137,1,0,0
nwn656i6,80,vadot4jo,1,presurvey,Introduction,1773184152,1,0,0
nwn656i6,79,6qqnqv4j,11,presurvey,Scenario,1773184195,1,0,0
nwn656i6,78,73vw9ocv,11,presurvey,Scenario,1773184207,1,0,0
nwn656i6,81,842bay21,0,,InitializeParticipant,1773184220,1,0,0
nwn656i6,81,842bay21,1,presurvey,Introduction,1773184224,1,0,0
nwn656i6,81,842bay21,2,presurvey,AudioCheck,1773184235,1,0,0
nwn656i6,81,842bay21,3,presurvey,Demographics,1773184245,1,0,0
nwn656i6,79,6qqnqv4j,12,presurvey,Commitment,1773184251,1,0,0
nwn656i6,71,5pothpo5,13,mock_N08_N04_Aonly,GroupingWaitPage,1773184273,1,0,1
nwn656i6,71,5pothpo5,14,mock_N08_N04_Aonly,GroupSizeWaitPage,1773184274,1,0,1
nwn656i6,75,je599bdu,5,presurvey,Training,1773184278,1,0,0
nwn656i6,71,5pothpo5,15,mock_N08_N04_Aonly,AttentionCheck,1773184283,1,0,0
nwn656i6,78,73vw9ocv,12,presurvey,Commitment,1773184291,1,0,0
nwn656i6,75,je599bdu,6,presurvey,TrainingNeighbor_1,1773184295,1,0,0
nwn656i6,80,vadot4jo,2,presurvey,AudioCheck,1773184314,1,0,0
nwn656i6,75,je599bdu,10,presurvey,ExperimentInstruction,1773184334,1,0,0
nwn656i6,75,je599bdu,11,presurvey,Scenario,1773184352,1,0,0
nwn656i6,75,je599bdu,12,presurvey,Commitment,1773184374,1,0,0
nwn656i6,81,842bay21,4,presurvey,NeighborhoodInstruction,1773184401,1,0,0
nwn656i6,81,842bay21,5,presurvey,Training,1773184404,1,0,0
nwn656i6,80,vadot4jo,3,presurvey,Demographics,1773184419,1,0,0
nwn656i6,81,842bay21,6,presurvey,TrainingNeighbor_1,1773184439,1,0,0
nwn656i6,81,842bay21,10,presurvey,ExperimentInstruction,1773184442,1,0,0
nwn656i6,82,j05qc3e6,0,,InitializeParticipant,1773184504,1,0,0
nwn656i6,82,j05qc3e6,1,presurvey,Introduction,1773184507,1,0,0
nwn656i6,82,j05qc3e6,2,presurvey,AudioCheck,1773184529,1,0,0
nwn656i6,82,j05qc3e6,3,presurvey,Demographics,1773184538,1,0,0
nwn656i6,82,j05qc3e6,4,presurvey,NeighborhoodInstruction,1773184542,1,0,0
nwn656i6,82,j05qc3e6,5,presurvey,Training,1773184551,1,0,0
nwn656i6,80,vadot4jo,4,presurvey,NeighborhoodInstruction,1773184553,1,0,0
nwn656i6,82,j05qc3e6,6,presurvey,TrainingNeighbor_1,1773184578,1,0,0
nwn656i6,82,j05qc3e6,10,presurvey,ExperimentInstruction,1773184581,1,0,0
nwn656i6,82,j05qc3e6,11,presurvey,Scenario,1773184596,1,0,0
nwn656i6,83,9602ehjn,0,,InitializeParticipant,1773184597,1,0,0
nwn656i6,83,9602ehjn,1,presurvey,Introduction,1773184603,1,0,0
nwn656i6,81,842bay21,11,presurvey,Scenario,1773184608,1,0,0
nwn656i6,73,whshgmjd,13,mock_N08_N04_Aonly,GroupingWaitPage,1773184613,1,0,1
nwn656i6,82,j05qc3e6,12,presurvey,Commitment,1773184613,1,0,0
nwn656i6,73,whshgmjd,14,mock_N08_N04_Aonly,GroupSizeWaitPage,1773184614,1,0,1
nwn656i6,83,9602ehjn,2,presurvey,AudioCheck,1773184622,1,0,0
nwn656i6,73,whshgmjd,15,mock_N08_N04_Aonly,AttentionCheck,1773184629,1,0,0
nwn656i6,83,9602ehjn,3,presurvey,Demographics,1773184637,1,0,0
nwn656i6,84,1g9r685k,0,,InitializeParticipant,1773184653,1,0,0
nwn656i6,84,1g9r685k,1,presurvey,Introduction,1773184663,1,0,0
nwn656i6,83,9602ehjn,4,presurvey,NeighborhoodInstruction,1773184676,1,0,0
nwn656i6,80,vadot4jo,5,presurvey,Training,1773184676,1,0,0
nwn656i6,81,842bay21,12,presurvey,Commitment,1773184702,1,0,0
nwn656i6,83,9602ehjn,5,presurvey,Training,1773184749,1,0,0
nwn656i6,85,rpvp2t50,0,,InitializeParticipant,1773184764,1,0,0
nwn656i6,85,rpvp2t50,1,presurvey,Introduction,1773184768,1,0,0
nwn656i6,85,rpvp2t50,2,presurvey,AudioCheck,1773184781,1,0,0
nwn656i6,85,rpvp2t50,3,presurvey,Demographics,1773184789,1,0,0
nwn656i6,85,rpvp2t50,4,presurvey,NeighborhoodInstruction,1773184795,1,0,0
nwn656i6,83,9602ehjn,6,presurvey,TrainingNeighbor_1,1773184804,1,0,0
nwn656i6,83,9602ehjn,7,presurvey,TrainingNeighbor_2,1773184813,1,0,0
nwn656i6,85,rpvp2t50,5,presurvey,Training,1773184817,1,0,0
nwn656i6,86,f2pf2o23,0,,InitializeParticipant,1773184822,1,0,0
nwn656i6,86,f2pf2o23,1,presurvey,Introduction,1773184829,1,0,0
nwn656i6,83,9602ehjn,10,presurvey,ExperimentInstruction,1773184829,1,0,0
nwn656i6,87,gfujg87o,0,,InitializeParticipant,1773184833,1,0,0
nwn656i6,85,rpvp2t50,6,presurvey,TrainingNeighbor_1,1773184837,1,0,0
nwn656i6,85,rpvp2t50,10,presurvey,ExperimentInstruction,1773184841,1,0,0
nwn656i6,86,f2pf2o23,2,presurvey,AudioCheck,1773184848,1,0,0
nwn656i6,80,vadot4jo,6,presurvey,TrainingNeighbor_1,1773184861,1,0,0
nwn656i6,87,gfujg87o,1,presurvey,Introduction,1773184867,1,0,0
nwn656i6,86,f2pf2o23,3,presurvey,Demographics,1773184867,1,0,0
nwn656i6,85,rpvp2t50,11,presurvey,Scenario,1773184868,1,0,0
nwn656i6,80,vadot4jo,10,presurvey,ExperimentInstruction,1773184877,1,0,0
nwn656i6,86,f2pf2o23,4,presurvey,NeighborhoodInstruction,1773184881,1,0,0
nwn656i6,83,9602ehjn,11,presurvey,Scenario,1773184884,1,0,0
nwn656i6,85,rpvp2t50,12,presurvey,Commitment,1773184886,1,0,0
nwn656i6,87,gfujg87o,2,presurvey,AudioCheck,1773184892,1,0,0
nwn656i6,88,ghfnt0na,0,,InitializeParticipant,1773184919,1,0,0
nwn656i6,86,f2pf2o23,5,presurvey,Training,1773184920,1,0,0
nwn656i6,88,ghfnt0na,1,presurvey,Introduction,1773184922,1,0,0
nwn656i6,89,5ny8sm5d,0,,InitializeParticipant,1773184939,1,0,0
nwn656i6,87,gfujg87o,3,presurvey,Demographics,1773184941,1,0,0
nwn656i6,88,ghfnt0na,2,presurvey,AudioCheck,1773184945,1,0,0
nwn656i6,89,5ny8sm5d,1,presurvey,Introduction,1773184952,1,0,0
nwn656i6,83,9602ehjn,12,presurvey,Commitment,1773184960,1,0,0
nwn656i6,88,ghfnt0na,3,presurvey,Demographics,1773184963,1,0,0
nwn656i6,89,5ny8sm5d,2,presurvey,AudioCheck,1773184969,1,0,0
nwn656i6,87,gfujg87o,4,presurvey,NeighborhoodInstruction,1773184973,1,0,0
nwn656i6,88,ghfnt0na,4,presurvey,NeighborhoodInstruction,1773184976,1,0,0
nwn656i6,89,5ny8sm5d,3,presurvey,Demographics,1773184980,1,0,0
nwn656i6,90,4vrowofc,0,,InitializeParticipant,1773184981,1,0,0
nwn656i6,86,f2pf2o23,6,presurvey,TrainingNeighbor_1,1773185001,1,0,0
nwn656i6,88,ghfnt0na,5,presurvey,Training,1773185003,1,0,0
nwn656i6,90,4vrowofc,1,presurvey,Introduction,1773185017,1,0,0
nwn656i6,87,gfujg87o,5,presurvey,Training,1773185020,1,0,0
nwn656i6,86,f2pf2o23,7,presurvey,TrainingNeighbor_2,1773185025,1,0,0
nwn656i6,90,4vrowofc,2,presurvey,AudioCheck,1773185029,1,0,0
nwn656i6,88,ghfnt0na,6,presurvey,TrainingNeighbor_1,1773185030,1,0,0
nwn656i6,86,f2pf2o23,10,presurvey,ExperimentInstruction,1773185031,1,0,0
nwn656i6,90,4vrowofc,3,presurvey,Demographics,1773185037,1,0,0
nwn656i6,88,ghfnt0na,10,presurvey,ExperimentInstruction,1773185040,1,0,0
nwn656i6,90,4vrowofc,4,presurvey,NeighborhoodInstruction,1773185041,1,0,0
nwn656i6,91,rc5swj5n,0,,InitializeParticipant,1773185046,1,0,0
nwn656i6,90,4vrowofc,5,presurvey,Training,1773185048,1,0,0
nwn656i6,91,rc5swj5n,1,presurvey,Introduction,1773185048,1,0,0
nwn656i6,87,gfujg87o,6,presurvey,TrainingNeighbor_1,1773185056,1,0,0
nwn656i6,91,rc5swj5n,2,presurvey,AudioCheck,1773185059,1,0,0
nwn656i6,90,4vrowofc,6,presurvey,TrainingNeighbor_1,1773185065,1,0,0
nwn656i6,90,4vrowofc,10,presurvey,ExperimentInstruction,1773185068,1,0,0
nwn656i6,86,f2pf2o23,11,presurvey,Scenario,1773185072,1,0,0
nwn656i6,88,ghfnt0na,11,presurvey,Scenario,1773185073,1,0,0
nwn656i6,87,gfujg87o,10,presurvey,ExperimentInstruction,1773185074,1,0,0
nwn656i6,89,5ny8sm5d,4,presurvey,NeighborhoodInstruction,1773185080,1,0,0
nwn656i6,90,4vrowofc,11,presurvey,Scenario,1773185080,1,0,0
nwn656i6,72,66emtg76,13,mock_N08_N04_Aonly,GroupingWaitPage,1773185086,1,0,1
nwn656i6,72,66emtg76,14,mock_N08_N04_Aonly,GroupSizeWaitPage,1773185088,1,0,1
nwn656i6,72,66emtg76,15,mock_N08_N04_Aonly,AttentionCheck,1773185099,1,0,0
nwn656i6,88,ghfnt0na,12,presurvey,Commitment,1773185105,1,0,0
nwn656i6,86,f2pf2o23,12,presurvey,Commitment,1773185108,1,0,0
nwn656i6,89,5ny8sm5d,5,presurvey,Training,1773185110,1,0,0
nwn656i6,87,gfujg87o,11,presurvey,Scenario,1773185128,1,0,0
nwn656i6,89,5ny8sm5d,6,presurvey,TrainingNeighbor_1,1773185137,1,0,0
nwn656i6,89,5ny8sm5d,10,presurvey,ExperimentInstruction,1773185180,1,0,0
nwn656i6,92,zkvzz7ev,0,,InitializeParticipant,1773185205,1,0,0
nwn656i6,89,5ny8sm5d,11,presurvey,Scenario,1773185207,1,0,0
nwn656i6,77,giekyvxa,13,mock_N08_N04_Aonly,GroupingWaitPage,1773185224,1,0,1
nwn656i6,77,giekyvxa,14,mock_N08_N04_Aonly,GroupSizeWaitPage,1773185225,1,0,1
nwn656i6,77,giekyvxa,15,mock_N08_N04_Aonly,AttentionCheck,1773185230,1,0,0
nwn656i6,87,gfujg87o,12,presurvey,Commitment,1773185240,1,0,0
nwn656i6,92,zkvzz7ev,1,presurvey,Introduction,1773185243,1,0,0
nwn656i6,92,zkvzz7ev,2,presurvey,AudioCheck,1773185274,1,0,0
nwn656i6,92,zkvzz7ev,3,presurvey,Demographics,1773185295,1,0,0
nwn656i6,93,771nlqsu,0,,InitializeParticipant,1773185303,1,0,0
nwn656i6,93,771nlqsu,1,presurvey,Introduction,1773185311,1,0,0
nwn656i6,93,771nlqsu,2,presurvey,AudioCheck,1773185323,1,0,0
nwn656i6,92,zkvzz7ev,4,presurvey,NeighborhoodInstruction,1773185323,1,0,0
nwn656i6,93,771nlqsu,3,presurvey,Demographics,1773185337,1,0,0
nwn656i6,93,771nlqsu,4,presurvey,NeighborhoodInstruction,1773185346,1,0,0
nwn656i6,92,zkvzz7ev,5,presurvey,Training,1773185373,1,0,0
nwn656i6,93,771nlqsu,5,presurvey,Training,1773185381,1,0,0
nwn656i6,79,6qqnqv4j,13,mock_N08_N04_Aonly,GroupingWaitPage,1773185395,1,0,1
nwn656i6,79,6qqnqv4j,14,mock_N08_N04_Aonly,GroupSizeWaitPage,1773185395,1,0,1
nwn656i6,79,6qqnqv4j,15,mock_N08_N04_Aonly,AttentionCheck,1773185404,1,0,0
nwn656i6,93,771nlqsu,6,presurvey,TrainingNeighbor_1,1773185407,1,0,0
nwn656i6,89,5ny8sm5d,12,presurvey,Commitment,1773185407,1,0,0
nwn656i6,93,771nlqsu,10,presurvey,ExperimentInstruction,1773185412,1,0,0
nwn656i6,92,zkvzz7ev,6,presurvey,TrainingNeighbor_1,1773185431,1,0,0
nwn656i6,93,771nlqsu,11,presurvey,Scenario,1773185433,1,0,0
nwn656i6,78,73vw9ocv,13,mock_N08_N04_Aonly,GroupingWaitPage,1773185435,1,0,1
nwn656i6,78,73vw9ocv,14,mock_N08_N04_Aonly,GroupSizeWaitPage,1773185436,1,0,1
nwn656i6,92,zkvzz7ev,10,presurvey,ExperimentInstruction,1773185437,1,0,0
nwn656i6,78,73vw9ocv,15,mock_N08_N04_Aonly,AttentionCheck,1773185451,1,0,0
nwn656i6,93,771nlqsu,12,presurvey,Commitment,1773185456,1,0,0
nwn656i6,80,vadot4jo,11,presurvey,Scenario,1773185478,1,0,0
nwn656i6,92,zkvzz7ev,11,presurvey,Scenario,1773185494,1,0,0
nwn656i6,75,je599bdu,13,mock_N08_N04_Aonly,GroupingWaitPage,1773185517,1,0,1
nwn656i6,75,je599bdu,14,mock_N08_N04_Aonly,GroupSizeWaitPage,1773185518,1,0,1
nwn656i6,94,lkmcrj34,0,,InitializeParticipant,1773185529,1,0,0
nwn656i6,94,lkmcrj34,1,presurvey,Introduction,1773185534,1,0,0
nwn656i6,75,je599bdu,15,mock_N08_N04_Aonly,AttentionCheck,1773185541,1,0,0
nwn656i6,94,lkmcrj34,2,presurvey,AudioCheck,1773185549,1,0,0
nwn656i6,92,zkvzz7ev,12,presurvey,Commitment,1773185556,1,0,0
nwn656i6,94,lkmcrj34,3,presurvey,Demographics,1773185558,1,0,0
nwn656i6,80,vadot4jo,12,presurvey,Commitment,1773185691,1,0,0
nwn656i6,82,j05qc3e6,13,mock_N08_N04_Aonly,GroupingWaitPage,1773185814,1,0,1
nwn656i6,82,j05qc3e6,14,mock_N08_N04_Aonly,GroupSizeWaitPage,1773185815,1,0,1
nwn656i6,82,j05qc3e6,15,mock_N08_N04_Aonly,AttentionCheck,1773185822,1,0,0
nwn656i6,95,65p8h7wx,0,,InitializeParticipant,1773185844,1,0,0
nwn656i6,95,65p8h7wx,1,presurvey,Introduction,1773185848,1,0,0
nwn656i6,95,65p8h7wx,2,presurvey,AudioCheck,1773185861,1,0,0
nwn656i6,95,65p8h7wx,3,presurvey,Demographics,1773185874,1,0,0
nwn656i6,95,65p8h7wx,4,presurvey,NeighborhoodInstruction,1773185884,1,0,0
nwn656i6,95,65p8h7wx,5,presurvey,Training,1773185892,1,0,0
nwn656i6,96,86ce87gz,0,,InitializeParticipant,1773185912,1,0,0
nwn656i6,95,65p8h7wx,6,presurvey,TrainingNeighbor_1,1773185931,1,0,0
nwn656i6,96,86ce87gz,1,presurvey,Introduction,1773185934,1,0,0
nwn656i6,95,65p8h7wx,10,presurvey,ExperimentInstruction,1773185937,1,0,0
nwn656i6,95,65p8h7wx,11,presurvey,Scenario,1773185949,1,0,0
nwn656i6,95,65p8h7wx,12,presurvey,Commitment,1773185962,1,0,0
nwn656i6,97,m8fm4ibb,0,,InitializeParticipant,1773186017,1,0,0
nwn656i6,97,m8fm4ibb,1,presurvey,Introduction,1773186022,1,0,0
nwn656i6,97,m8fm4ibb,2,presurvey,AudioCheck,1773186052,1,0,0
nwn656i6,97,m8fm4ibb,3,presurvey,Demographics,1773186065,1,0,0
nwn656i6,97,m8fm4ibb,4,presurvey,NeighborhoodInstruction,1773186079,1,0,0
nwn656i6,81,842bay21,13,mock_N08_N04_Aonly,GroupingWaitPage,1773186108,1,0,1
nwn656i6,81,842bay21,14,mock_N08_N04_Aonly,GroupSizeWaitPage,1773186108,1,0,1
nwn656i6,97,m8fm4ibb,5,presurvey,Training,1773186112,1,0,0
nwn656i6,98,zm8fdv3p,0,,InitializeParticipant,1773186119,1,0,0
nwn656i6,98,zm8fdv3p,1,presurvey,Introduction,1773186125,1,0,0
nwn656i6,98,zm8fdv3p,2,presurvey,AudioCheck,1773186137,1,0,0
nwn656i6,97,m8fm4ibb,6,presurvey,TrainingNeighbor_1,1773186138,1,0,0
nwn656i6,97,m8fm4ibb,7,presurvey,TrainingNeighbor_2,1773186142,1,0,0
nwn656i6,97,m8fm4ibb,10,presurvey,ExperimentInstruction,1773186147,1,0,0
nwn656i6,98,zm8fdv3p,3,presurvey,Demographics,1773186155,1,0,0
nwn656i6,97,m8fm4ibb,11,presurvey,Scenario,1773186176,1,0,0
nwn656i6,98,zm8fdv3p,4,presurvey,NeighborhoodInstruction,1773186179,1,0,0
nwn656i6,98,zm8fdv3p,5,presurvey,Training,1773186205,1,0,0
nwn656i6,98,zm8fdv3p,6,presurvey,TrainingNeighbor_1,1773186243,1,0,0
nwn656i6,88,ghfnt0na,13,mock_N08_N04_Aonly,GroupingWaitPage,1773186246,1,0,1
nwn656i6,88,ghfnt0na,14,mock_N08_N04_Aonly,GroupSizeWaitPage,1773186247,1,0,1
nwn656i6,86,f2pf2o23,13,mock_N08_N04_Aonly,GroupingWaitPage,1773186257,1,0,1
nwn656i6,86,f2pf2o23,14,mock_N08_N04_Aonly,GroupSizeWaitPage,1773186258,1,0,1
nwn656i6,88,ghfnt0na,15,mock_N08_N04_Aonly,AttentionCheck,1773186259,1,0,0
nwn656i6,98,zm8fdv3p,10,presurvey,ExperimentInstruction,1773186261,1,0,0
nwn656i6,86,f2pf2o23,15,mock_N08_N04_Aonly,AttentionCheck,1773186263,1,0,0
nwn656i6,99,dn6grvrs,0,,InitializeParticipant,1773186355,1,0,0
nwn656i6,100,8d1dfgvr,0,,InitializeParticipant,1773186355,1,0,0
nwn656i6,87,gfujg87o,13,mock_N08_N04_Aonly,GroupingWaitPage,1773186383,1,0,1
nwn656i6,87,gfujg87o,14,mock_N08_N04_Aonly,GroupSizeWaitPage,1773186384,1,0,1
nwn656i6,98,zm8fdv3p,11,presurvey,Scenario,1773186388,1,0,0
nwn656i6,87,gfujg87o,15,mock_N08_N04_Aonly,AttentionCheck,1773186392,1,0,0
nwn656i6,99,dn6grvrs,1,presurvey,Introduction,1773186394,1,0,0
nwn656i6,99,dn6grvrs,2,presurvey,AudioCheck,1773186434,1,0,0
nwn656i6,99,dn6grvrs,3,presurvey,Demographics,1773186462,1,0,0
nwn656i6,99,dn6grvrs,4,presurvey,NeighborhoodInstruction,1773186546,1,0,0
nwn656i6,89,5ny8sm5d,13,mock_N08_N04_Aonly,GroupingWaitPage,1773186549,1,0,1
nwn656i6,89,5ny8sm5d,14,mock_N08_N04_Aonly,GroupSizeWaitPage,1773186549,1,0,1
nwn656i6,89,5ny8sm5d,15,mock_N08_N04_Aonly,AttentionCheck,1773186553,1,0,0
nwn656i6,101,vhsbmjgg,0,,InitializeParticipant,1773186584,1,0,0
nwn656i6,101,vhsbmjgg,1,presurvey,Introduction,1773186599,1,0,0
nwn656i6,93,771nlqsu,13,mock_N08_N04_Aonly,GroupingWaitPage,1773186601,1,0,1
nwn656i6,93,771nlqsu,14,mock_N08_N04_Aonly,GroupSizeWaitPage,1773186601,1,0,1
nwn656i6,93,771nlqsu,15,mock_N08_N04_Aonly,AttentionCheck,1773186606,1,0,0
nwn656i6,99,dn6grvrs,5,presurvey,Training,1773186614,1,0,0
nwn656i6,101,vhsbmjgg,2,presurvey,AudioCheck,1773186619,1,0,0
nwn656i6,101,vhsbmjgg,3,presurvey,Demographics,1773186633,1,0,0
nwn656i6,101,vhsbmjgg,4,presurvey,NeighborhoodInstruction,1773186640,1,0,0
nwn656i6,101,vhsbmjgg,5,presurvey,Training,1773186663,1,0,0
nwn656i6,102,j42skn30,0,,InitializeParticipant,1773186687,1,0,0
nwn656i6,99,dn6grvrs,6,presurvey,TrainingNeighbor_1,1773186692,1,0,0
nwn656i6,92,zkvzz7ev,13,mock_N08_N04_Aonly,GroupingWaitPage,1773186700,1,0,1
nwn656i6,92,zkvzz7ev,14,mock_N08_N04_Aonly,GroupSizeWaitPage,1773186703,1,0,1
nwn656i6,92,zkvzz7ev,15,mock_N08_N04_Aonly,AttentionCheck,1773186715,1,0,0
nwn656i6,102,j42skn30,1,presurvey,Introduction,1773186717,1,0,0
nwn656i6,101,vhsbmjgg,6,presurvey,TrainingNeighbor_1,1773186729,1,0,0
nwn656i6,101,vhsbmjgg,10,presurvey,ExperimentInstruction,1773186732,1,0,0
nwn656i6,99,dn6grvrs,10,presurvey,ExperimentInstruction,1773186739,1,0,0
nwn656i6,101,vhsbmjgg,11,presurvey,Scenario,1773186757,1,0,0
nwn656i6,102,j42skn30,2,presurvey,AudioCheck,1773186840,1,0,0
nwn656i6,80,vadot4jo,13,mock_N08_N04_Aonly,GroupingWaitPage,1773186845,1,0,1
nwn656i6,80,vadot4jo,14,mock_N08_N04_Aonly,GroupSizeWaitPage,1773186846,1,0,1
nwn656i6,99,dn6grvrs,11,presurvey,Scenario,1773186848,1,0,0
nwn656i6,102,j42skn30,3,presurvey,Demographics,1773186855,1,0,0
nwn656i6,102,j42skn30,4,presurvey,NeighborhoodInstruction,1773186862,1,0,0
nwn656i6,80,vadot4jo,15,mock_N08_N04_Aonly,AttentionCheck,1773186863,1,0,0
nwn656i6,102,j42skn30,5,presurvey,Training,1773186878,1,0,0
nwn656i6,99,dn6grvrs,12,presurvey,Commitment,1773186931,1,0,0
nwn656i6,102,j42skn30,6,presurvey,TrainingNeighbor_1,1773186933,1,0,0
nwn656i6,102,j42skn30,10,presurvey,ExperimentInstruction,1773186944,1,0,0
nwn656i6,103,z312j34f,0,,InitializeParticipant,1773186952,1,0,0
nwn656i6,103,z312j34f,1,presurvey,Introduction,1773186956,1,0,0
nwn656i6,102,j42skn30,11,presurvey,Scenario,1773186967,1,0,0
nwn656i6,104,vb6d2zi7,0,,InitializeParticipant,1773186972,1,0,0
nwn656i6,103,z312j34f,2,presurvey,AudioCheck,1773186974,1,0,0
nwn656i6,104,vb6d2zi7,1,presurvey,Introduction,1773186978,1,0,0
nwn656i6,102,j42skn30,12,presurvey,Commitment,1773186992,1,0,0
nwn656i6,103,z312j34f,3,presurvey,Demographics,1773186993,1,0,0
nwn656i6,104,vb6d2zi7,2,presurvey,AudioCheck,1773186994,1,0,0
nwn656i6,103,z312j34f,4,presurvey,NeighborhoodInstruction,1773187000,1,0,0
nwn656i6,104,vb6d2zi7,3,presurvey,Demographics,1773187003,1,0,0
nwn656i6,104,vb6d2zi7,4,presurvey,NeighborhoodInstruction,1773187007,1,0,0
nwn656i6,100,8d1dfgvr,1,presurvey,Introduction,1773187020,1,0,0
nwn656i6,103,z312j34f,5,presurvey,Training,1773187041,1,0,0
nwn656i6,100,8d1dfgvr,2,presurvey,AudioCheck,1773187047,1,0,0
nwn656i6,103,z312j34f,6,presurvey,TrainingNeighbor_1,1773187069,1,0,0
nwn656i6,103,z312j34f,10,presurvey,ExperimentInstruction,1773187077,1,0,0
nwn656i6,105,xm9b1mhv,0,,InitializeParticipant,1773187077,1,0,0
nwn656i6,106,3l7ky4fq,0,,InitializeParticipant,1773187086,1,0,0
nwn656i6,106,3l7ky4fq,1,presurvey,Introduction,1773187088,1,0,0
nwn656i6,106,3l7ky4fq,2,presurvey,AudioCheck,1773187094,1,0,0
nwn656i6,105,xm9b1mhv,1,presurvey,Introduction,1773187097,1,0,0
nwn656i6,106,3l7ky4fq,3,presurvey,Demographics,1773187103,1,0,0
nwn656i6,100,8d1dfgvr,3,presurvey,Demographics,1773187106,1,0,0
nwn656i6,95,65p8h7wx,13,mock_N08_N04_Aonly,GroupingWaitPage,1773187107,1,0,1
nwn656i6,95,65p8h7wx,14,mock_N08_N04_Aonly,GroupSizeWaitPage,1773187107,1,0,1
nwn656i6,100,8d1dfgvr,4,presurvey,NeighborhoodInstruction,1773187112,1,0,0
nwn656i6,95,65p8h7wx,15,mock_N08_N04_Aonly,AttentionCheck,1773187113,1,0,0
nwn656i6,106,3l7ky4fq,4,presurvey,NeighborhoodInstruction,1773187116,1,0,0
nwn656i6,106,3l7ky4fq,5,presurvey,Training,1773187119,1,0,0
nwn656i6,100,8d1dfgvr,5,presurvey,Training,1773187126,1,0,0
nwn656i6,106,3l7ky4fq,6,presurvey,TrainingNeighbor_1,1773187128,1,0,0
nwn656i6,105,xm9b1mhv,2,presurvey,AudioCheck,1773187130,1,0,0
nwn656i6,106,3l7ky4fq,10,presurvey,ExperimentInstruction,1773187131,1,0,0
nwn656i6,100,8d1dfgvr,6,presurvey,TrainingNeighbor_1,1773187136,1,0,0
nwn656i6,106,3l7ky4fq,11,presurvey,Scenario,1773187139,1,0,0
nwn656i6,100,8d1dfgvr,10,presurvey,ExperimentInstruction,1773187140,1,0,0
nwn656i6,105,xm9b1mhv,3,presurvey,Demographics,1773187145,1,0,0
nwn656i6,103,z312j34f,11,presurvey,Scenario,1773187145,1,0,0
nwn656i6,106,3l7ky4fq,12,presurvey,Commitment,1773187148,1,0,0
nwn656i6,100,8d1dfgvr,11,presurvey,Scenario,1773187152,1,0,0
nwn656i6,105,xm9b1mhv,4,presurvey,NeighborhoodInstruction,1773187162,1,0,0
nwn656i6,105,xm9b1mhv,5,presurvey,Training,1773187193,1,0,0
nwn656i6,105,xm9b1mhv,6,presurvey,TrainingNeighbor_1,1773187219,1,0,0
nwn656i6,103,z312j34f,12,presurvey,Commitment,1773187228,1,0,0
nwn656i6,105,xm9b1mhv,7,presurvey,TrainingNeighbor_2,1773187228,1,0,0
nwn656i6,105,xm9b1mhv,10,presurvey,ExperimentInstruction,1773187233,1,0,0
nwn656i6,105,xm9b1mhv,11,presurvey,Scenario,1773187267,1,0,0
nwn656i6,105,xm9b1mhv,12,presurvey,Commitment,1773187303,1,0,0
