session_code,participant_id_in_session,participant_code,page_index,app_name,page_name,epoch_time_completed,round_number,timeout_happened,is_wait_page
ked1wnip,1,yuqx3i0e,0,,InitializeParticipant,1769458424,1,0,0
ked1wnip,1,yuqx3i0e,1,presurvey,Introduction,1769458427,1,0,0
ked1wnip,2,zyf6ubfx,0,,InitializeParticipant,1769458433,1,0,0
ked1wnip,2,zyf6ubfx,1,presurvey,Introduction,1769458437,1,0,0
ked1wnip,3,ye41hwnk,0,,InitializeParticipant,1769458440,1,0,0
ked1wnip,3,ye41hwnk,1,presurvey,Introduction,1769458443,1,0,0
ked1wnip,4,pmkbhasn,0,,InitializeParticipant,1769458444,1,0,0
ked1wnip,1,yuqx3i0e,2,presurvey,AudioCheck,1769458445,1,0,0
ked1wnip,5,op5h75pe,0,,InitializeParticipant,1769458457,1,0,0
ked1wnip,6,w3jvt08s,0,,InitializeParticipant,1769458461,1,0,0
ked1wnip,7,4bh55twh,0,,InitializeParticipant,1769458466,1,0,0
ked1wnip,5,op5h75pe,1,presurvey,Introduction,1769458466,1,0,0
ked1wnip,2,zyf6ubfx,2,presurvey,AudioCheck,1769458467,1,0,0
ked1wnip,1,yuqx3i0e,3,presurvey,Scenario,1769458468,1,0,0
ked1wnip,6,w3jvt08s,1,presurvey,Introduction,1769458478,1,0,0
ked1wnip,3,ye41hwnk,2,presurvey,AudioCheck,1769458481,1,0,0
ked1wnip,4,pmkbhasn,1,presurvey,Introduction,1769458488,1,0,0
ked1wnip,5,op5h75pe,2,presurvey,AudioCheck,1769458488,1,0,0
ked1wnip,2,zyf6ubfx,3,presurvey,Scenario,1769458498,1,0,0
ked1wnip,4,pmkbhasn,2,presurvey,AudioCheck,1769458507,1,0,0
ked1wnip,6,w3jvt08s,2,presurvey,AudioCheck,1769458514,1,0,0
ked1wnip,8,4467c8gz,0,,InitializeParticipant,1769458515,1,0,0
ked1wnip,1,yuqx3i0e,4,presurvey,Commitment,1769458517,1,0,0
ked1wnip,9,v03ssuat,0,,InitializeParticipant,1769458520,1,0,0
ked1wnip,3,ye41hwnk,3,presurvey,Scenario,1769458523,1,0,0
ked1wnip,9,v03ssuat,1,presurvey,Introduction,1769458526,1,0,0
ked1wnip,5,op5h75pe,3,presurvey,Scenario,1769458528,1,0,0
ked1wnip,4,pmkbhasn,3,presurvey,Scenario,1769458538,1,0,0
ked1wnip,10,2spwv4fo,0,,InitializeParticipant,1769458561,1,0,0
ked1wnip,9,v03ssuat,2,presurvey,AudioCheck,1769458562,1,0,0
ked1wnip,7,4bh55twh,1,presurvey,Introduction,1769458566,1,0,0
ked1wnip,11,gjj1smbz,0,,InitializeParticipant,1769458569,1,0,0
ked1wnip,6,w3jvt08s,3,presurvey,Scenario,1769458569,1,0,0
ked1wnip,12,rpnl55v5,0,,InitializeParticipant,1769458572,1,0,0
ked1wnip,10,2spwv4fo,1,presurvey,Introduction,1769458572,1,0,0
ked1wnip,13,x2cj8ryw,0,,InitializeParticipant,1769458578,1,0,0
ked1wnip,14,yngdzziv,0,,InitializeParticipant,1769458583,1,0,0
ked1wnip,8,4467c8gz,1,presurvey,Introduction,1769458586,1,0,0
ked1wnip,14,yngdzziv,1,presurvey,Introduction,1769458587,1,0,0
ked1wnip,15,0kz6pqif,0,,InitializeParticipant,1769458588,1,0,0
ked1wnip,15,0kz6pqif,1,presurvey,Introduction,1769458593,1,0,0
ked1wnip,11,gjj1smbz,1,presurvey,Introduction,1769458598,1,0,0
ked1wnip,16,8peyx08x,0,,InitializeParticipant,1769458601,1,0,0
ked1wnip,9,v03ssuat,3,presurvey,Scenario,1769458602,1,0,0
ked1wnip,12,rpnl55v5,1,presurvey,Introduction,1769458603,1,0,0
ked1wnip,13,x2cj8ryw,1,presurvey,Introduction,1769458604,1,0,0
ked1wnip,15,0kz6pqif,2,presurvey,AudioCheck,1769458608,1,0,0
ked1wnip,17,qrq18gfz,0,,InitializeParticipant,1769458608,1,0,0
ked1wnip,7,4bh55twh,2,presurvey,AudioCheck,1769458610,1,0,0
ked1wnip,10,2spwv4fo,2,presurvey,AudioCheck,1769458612,1,0,0
ked1wnip,8,4467c8gz,2,presurvey,AudioCheck,1769458613,1,0,0
ked1wnip,14,yngdzziv,2,presurvey,AudioCheck,1769458617,1,0,0
ked1wnip,18,093zyanh,0,,InitializeParticipant,1769458629,1,0,0
ked1wnip,17,qrq18gfz,1,presurvey,Introduction,1769458631,1,0,0
ked1wnip,19,objyajzl,0,,InitializeParticipant,1769458635,1,0,0
ked1wnip,15,0kz6pqif,3,presurvey,Scenario,1769458638,1,0,0
ked1wnip,13,x2cj8ryw,2,presurvey,AudioCheck,1769458642,1,0,0
ked1wnip,19,objyajzl,1,presurvey,Introduction,1769458645,1,0,0
ked1wnip,9,v03ssuat,4,presurvey,Commitment,1769458646,1,0,0
ked1wnip,17,qrq18gfz,2,presurvey,AudioCheck,1769458647,1,0,0
ked1wnip,16,8peyx08x,1,presurvey,Introduction,1769458648,1,0,0
ked1wnip,8,4467c8gz,3,presurvey,Scenario,1769458649,1,0,0
ked1wnip,18,093zyanh,1,presurvey,Introduction,1769458650,1,0,0
ked1wnip,12,rpnl55v5,2,presurvey,AudioCheck,1769458660,1,0,0
ked1wnip,10,2spwv4fo,3,presurvey,Scenario,1769458666,1,0,0
ked1wnip,18,093zyanh,2,presurvey,AudioCheck,1769458668,1,0,0
ked1wnip,16,8peyx08x,2,presurvey,AudioCheck,1769458674,1,0,0
ked1wnip,13,x2cj8ryw,3,presurvey,Scenario,1769458676,1,0,0
ked1wnip,19,objyajzl,2,presurvey,AudioCheck,1769458682,1,0,0
ked1wnip,17,qrq18gfz,3,presurvey,Scenario,1769458691,1,0,0
ked1wnip,18,093zyanh,3,presurvey,Scenario,1769458692,1,0,0
ked1wnip,20,h561qzen,0,,InitializeParticipant,1769458697,1,0,0
ked1wnip,8,4467c8gz,4,presurvey,Commitment,1769458702,1,0,0
ked1wnip,7,4bh55twh,3,presurvey,Scenario,1769458707,1,0,0
ked1wnip,13,x2cj8ryw,4,presurvey,Commitment,1769458711,1,0,0
ked1wnip,18,093zyanh,4,presurvey,Commitment,1769458711,1,0,0
ked1wnip,20,h561qzen,1,presurvey,Introduction,1769458713,1,0,0
ked1wnip,12,rpnl55v5,3,presurvey,Scenario,1769458718,1,0,0
ked1wnip,16,8peyx08x,3,presurvey,Scenario,1769458720,1,0,0
ked1wnip,19,objyajzl,3,presurvey,Scenario,1769458729,1,0,0
ked1wnip,20,h561qzen,2,presurvey,AudioCheck,1769458731,1,0,0
ked1wnip,17,qrq18gfz,4,presurvey,Commitment,1769458753,1,0,0
ked1wnip,14,yngdzziv,3,presurvey,Scenario,1769458764,1,0,0
ked1wnip,16,8peyx08x,4,presurvey,Commitment,1769458773,1,0,0
ked1wnip,20,h561qzen,3,presurvey,Scenario,1769458774,1,0,0
ked1wnip,21,ceuxcwpl,0,,InitializeParticipant,1769458791,1,0,0
ked1wnip,7,4bh55twh,4,presurvey,Commitment,1769458807,1,0,0
ked1wnip,21,ceuxcwpl,1,presurvey,Introduction,1769458937,1,0,0
ked1wnip,21,ceuxcwpl,2,presurvey,AudioCheck,1769459016,1,0,0
ked1wnip,22,rjfwe9wf,0,,InitializeParticipant,1769459118,1,0,0
ked1wnip,21,ceuxcwpl,3,presurvey,Scenario,1769459120,1,0,0
ked1wnip,23,b8utqp2t,0,,InitializeParticipant,1769459124,1,0,0
ked1wnip,22,rjfwe9wf,1,presurvey,Introduction,1769459124,1,0,0
ked1wnip,24,o63ykk55,0,,InitializeParticipant,1769459130,1,0,0
ked1wnip,23,b8utqp2t,1,presurvey,Introduction,1769459135,1,0,0
ked1wnip,22,rjfwe9wf,2,presurvey,AudioCheck,1769459137,1,0,0
ked1wnip,25,25agw028,0,,InitializeParticipant,1769459138,1,0,0
ked1wnip,26,63xctg8q,0,,InitializeParticipant,1769459140,1,0,0
ked1wnip,24,o63ykk55,1,presurvey,Introduction,1769459151,1,0,0
ked1wnip,23,b8utqp2t,2,presurvey,AudioCheck,1769459160,1,0,0
ked1wnip,22,rjfwe9wf,3,presurvey,Scenario,1769459161,1,0,0
ked1wnip,27,48waddd0,0,,InitializeParticipant,1769459164,1,0,0
ked1wnip,27,48waddd0,1,presurvey,Introduction,1769459174,1,0,0
ked1wnip,24,o63ykk55,2,presurvey,AudioCheck,1769459175,1,0,0
ked1wnip,26,63xctg8q,1,presurvey,Introduction,1769459175,1,0,0
ked1wnip,25,25agw028,1,presurvey,Introduction,1769459181,1,0,0
ked1wnip,28,spipjiu5,0,,InitializeParticipant,1769459181,1,0,0
ked1wnip,29,k8ogi7gt,0,,InitializeParticipant,1769459184,1,0,0
ked1wnip,29,k8ogi7gt,1,presurvey,Introduction,1769459188,1,0,0
ked1wnip,27,48waddd0,2,presurvey,AudioCheck,1769459193,1,0,0
ked1wnip,26,63xctg8q,2,presurvey,AudioCheck,1769459197,1,0,0
ked1wnip,23,b8utqp2t,3,presurvey,Scenario,1769459197,1,0,0
ked1wnip,29,k8ogi7gt,2,presurvey,AudioCheck,1769459201,1,0,0
ked1wnip,28,spipjiu5,1,presurvey,Introduction,1769459211,1,0,0
ked1wnip,24,o63ykk55,3,presurvey,Scenario,1769459215,1,0,0
ked1wnip,25,25agw028,2,presurvey,AudioCheck,1769459219,1,0,0
ked1wnip,29,k8ogi7gt,3,presurvey,Scenario,1769459220,1,0,0
ked1wnip,27,48waddd0,3,presurvey,Scenario,1769459231,1,0,0
ked1wnip,26,63xctg8q,3,presurvey,Scenario,1769459233,1,0,0
ked1wnip,28,spipjiu5,2,presurvey,AudioCheck,1769459245,1,0,0
ked1wnip,30,614n9ihu,0,,InitializeParticipant,1769459256,1,0,0
ked1wnip,27,48waddd0,4,presurvey,Commitment,1769459260,1,0,0
ked1wnip,31,wv5l6g45,0,,InitializeParticipant,1769459267,1,0,0
ked1wnip,31,wv5l6g45,1,presurvey,Introduction,1769459272,1,0,0
ked1wnip,25,25agw028,3,presurvey,Scenario,1769459276,1,0,0
ked1wnip,30,614n9ihu,1,presurvey,Introduction,1769459283,1,0,0
ked1wnip,31,wv5l6g45,2,presurvey,AudioCheck,1769459286,1,0,0
ked1wnip,30,614n9ihu,2,presurvey,AudioCheck,1769459297,1,0,0
ked1wnip,28,spipjiu5,3,presurvey,Scenario,1769459314,1,0,0
ked1wnip,31,wv5l6g45,3,presurvey,Scenario,1769459316,1,0,0
ked1wnip,30,614n9ihu,3,presurvey,Scenario,1769459319,1,0,0
ked1wnip,32,610c6i5d,0,,InitializeParticipant,1769459319,1,0,0
ked1wnip,32,610c6i5d,1,presurvey,Introduction,1769459325,1,0,0
ked1wnip,25,25agw028,4,presurvey,Commitment,1769459326,1,0,0
ked1wnip,21,ceuxcwpl,4,presurvey,Commitment,1769459332,1,0,0
ked1wnip,32,610c6i5d,2,presurvey,AudioCheck,1769459341,1,0,0
ked1wnip,33,9f39f7yy,0,,InitializeParticipant,1769459355,1,0,0
ked1wnip,30,614n9ihu,4,presurvey,Commitment,1769459355,1,0,0
ked1wnip,33,9f39f7yy,1,presurvey,Introduction,1769459364,1,0,0
ked1wnip,34,z1she6fo,0,,InitializeParticipant,1769459369,1,0,0
ked1wnip,35,en5j9795,0,,InitializeParticipant,1769459381,1,0,0
ked1wnip,35,en5j9795,1,presurvey,Introduction,1769459385,1,0,0
ked1wnip,33,9f39f7yy,2,presurvey,AudioCheck,1769459387,1,0,0
ked1wnip,34,z1she6fo,1,presurvey,Introduction,1769459388,1,0,0
ked1wnip,35,en5j9795,2,presurvey,AudioCheck,1769459401,1,0,0
ked1wnip,36,83eb8dvp,0,,InitializeParticipant,1769459404,1,0,0
ked1wnip,34,z1she6fo,2,presurvey,AudioCheck,1769459404,1,0,0
ked1wnip,33,9f39f7yy,3,presurvey,Scenario,1769459413,1,0,0
ked1wnip,36,83eb8dvp,1,presurvey,Introduction,1769459413,1,0,0
ked1wnip,1,yuqx3i0e,5,mock,GroupingWaitPage,1769459419,1,0,1
ked1wnip,9,v03ssuat,5,mock,GroupingWaitPage,1769459419,1,0,1
ked1wnip,16,8peyx08x,5,mock,GroupingWaitPage,1769459419,1,0,1
ked1wnip,17,qrq18gfz,5,mock,GroupingWaitPage,1769459419,1,0,1
ked1wnip,1,yuqx3i0e,6,mock,GroupSizeWaitPage,1769459420,1,0,1
ked1wnip,9,v03ssuat,6,mock,GroupSizeWaitPage,1769459420,1,0,1
ked1wnip,16,8peyx08x,6,mock,GroupSizeWaitPage,1769459420,1,0,1
ked1wnip,17,qrq18gfz,6,mock,GroupSizeWaitPage,1769459420,1,0,1
ked1wnip,9,v03ssuat,8,mock,DiscussionGRPWaitPage,1769459420,1,0,1
ked1wnip,17,qrq18gfz,8,mock,DiscussionGRPWaitPage,1769459420,1,0,1
ked1wnip,1,yuqx3i0e,8,mock,DiscussionGRPWaitPage,1769459420,1,0,1
ked1wnip,16,8peyx08x,8,mock,DiscussionGRPWaitPage,1769459420,1,0,1
ked1wnip,37,vglwkcsr,0,,InitializeParticipant,1769459425,1,0,0
ked1wnip,1,yuqx3i0e,9,mock,Nudge,1769459435,1,0,0
ked1wnip,17,qrq18gfz,9,mock,Nudge,1769459438,1,0,0
ked1wnip,32,610c6i5d,3,presurvey,Scenario,1769459439,1,0,0
ked1wnip,1,yuqx3i0e,10,mock,NudgeTraining,1769459441,1,0,0
ked1wnip,16,8peyx08x,9,mock,Nudge,1769459442,1,0,0
ked1wnip,33,9f39f7yy,4,presurvey,Commitment,1769459447,1,0,0
ked1wnip,34,z1she6fo,3,presurvey,Scenario,1769459451,1,0,0
ked1wnip,1,yuqx3i0e,11,mock,NudgeTrainingLast,1769459455,1,0,0
ked1wnip,9,v03ssuat,9,mock,Nudge,1769459464,1,0,0
ked1wnip,16,8peyx08x,10,mock,NudgeTraining,1769459464,1,0,0
ked1wnip,17,qrq18gfz,10,mock,NudgeTraining,1769459471,1,0,0
ked1wnip,16,8peyx08x,11,mock,NudgeTrainingLast,1769459471,1,0,0
ked1wnip,37,vglwkcsr,1,presurvey,Introduction,1769459474,1,0,0
ked1wnip,1,yuqx3i0e,12,mock,Phase3,1769459476,1,0,0
ked1wnip,16,8peyx08x,12,mock,Phase3,1769459478,1,0,0
ked1wnip,9,v03ssuat,10,mock,NudgeTraining,1769459480,1,0,0
ked1wnip,9,v03ssuat,11,mock,NudgeTrainingLast,1769459486,1,0,0
ked1wnip,1,yuqx3i0e,13,mock,Discussion,1769459488,1,0,0
ked1wnip,16,8peyx08x,13,mock,Discussion,1769459491,1,0,0
ked1wnip,9,v03ssuat,12,mock,Phase3,1769459498,1,0,0
ked1wnip,35,en5j9795,3,presurvey,Scenario,1769459502,1,0,0
ked1wnip,38,ij3ds51h,0,,InitializeParticipant,1769459504,1,0,0
ked1wnip,17,qrq18gfz,11,mock,NudgeTrainingLast,1769459507,1,0,0
ked1wnip,9,v03ssuat,13,mock,Discussion,1769459520,1,0,0
ked1wnip,35,en5j9795,4,presurvey,Commitment,1769459525,1,0,0
ked1wnip,39,jfm1xa48,0,,InitializeParticipant,1769459526,1,0,0
ked1wnip,40,xhiaqez9,0,,InitializeParticipant,1769459531,1,0,0
ked1wnip,38,ij3ds51h,1,presurvey,Introduction,1769459533,1,0,0
ked1wnip,40,xhiaqez9,1,presurvey,Introduction,1769459536,1,0,0
ked1wnip,17,qrq18gfz,12,mock,Phase3,1769459538,1,0,0
ked1wnip,41,shysgwqy,0,,InitializeParticipant,1769459548,1,0,0
ked1wnip,40,xhiaqez9,2,presurvey,AudioCheck,1769459554,1,0,0
ked1wnip,38,ij3ds51h,2,presurvey,AudioCheck,1769459555,1,0,0
ked1wnip,41,shysgwqy,1,presurvey,Introduction,1769459561,1,0,0
ked1wnip,17,qrq18gfz,13,mock,Discussion,1769459568,1,0,0
ked1wnip,9,v03ssuat,19,mock,DiscussionGRPWaitPage,1769459569,2,0,1
ked1wnip,17,qrq18gfz,19,mock,DiscussionGRPWaitPage,1769459569,2,0,1
ked1wnip,1,yuqx3i0e,19,mock,DiscussionGRPWaitPage,1769459569,2,0,1
ked1wnip,16,8peyx08x,19,mock,DiscussionGRPWaitPage,1769459569,2,0,1
ked1wnip,9,v03ssuat,24,mock,Discussion,1769459576,2,0,0
ked1wnip,1,yuqx3i0e,24,mock,Discussion,1769459580,2,0,0
ked1wnip,40,xhiaqez9,3,presurvey,Scenario,1769459584,1,0,0
ked1wnip,38,ij3ds51h,3,presurvey,Scenario,1769459586,1,0,0
ked1wnip,17,qrq18gfz,24,mock,Discussion,1769459589,2,0,0
ked1wnip,16,8peyx08x,24,mock,Discussion,1769459601,2,0,0
ked1wnip,9,v03ssuat,30,mock,DiscussionGRPWaitPage,1769459601,3,0,1
ked1wnip,17,qrq18gfz,30,mock,DiscussionGRPWaitPage,1769459601,3,0,1
ked1wnip,1,yuqx3i0e,30,mock,DiscussionGRPWaitPage,1769459601,3,0,1
ked1wnip,16,8peyx08x,30,mock,DiscussionGRPWaitPage,1769459601,3,0,1
ked1wnip,13,x2cj8ryw,5,mock,GroupingWaitPage,1769459605,1,0,1
ked1wnip,25,25agw028,5,mock,GroupingWaitPage,1769459605,1,0,1
ked1wnip,27,48waddd0,5,mock,GroupingWaitPage,1769459605,1,0,1
ked1wnip,30,614n9ihu,5,mock,GroupingWaitPage,1769459605,1,0,1
ked1wnip,13,x2cj8ryw,6,mock,GroupSizeWaitPage,1769459606,1,0,1
ked1wnip,25,25agw028,6,mock,GroupSizeWaitPage,1769459606,1,0,1
ked1wnip,27,48waddd0,6,mock,GroupSizeWaitPage,1769459606,1,0,1
ked1wnip,30,614n9ihu,6,mock,GroupSizeWaitPage,1769459606,1,0,1
ked1wnip,30,614n9ihu,8,mock,DiscussionGRPWaitPage,1769459606,1,0,1
ked1wnip,25,25agw028,8,mock,DiscussionGRPWaitPage,1769459606,1,0,1
ked1wnip,13,x2cj8ryw,8,mock,DiscussionGRPWaitPage,1769459606,1,0,1
ked1wnip,27,48waddd0,8,mock,DiscussionGRPWaitPage,1769459606,1,0,1
ked1wnip,9,v03ssuat,35,mock,Discussion,1769459609,3,0,0
ked1wnip,1,yuqx3i0e,35,mock,Discussion,1769459611,3,0,0
ked1wnip,38,ij3ds51h,4,presurvey,Commitment,1769459613,1,0,0
ked1wnip,27,48waddd0,9,mock,Nudge,1769459617,1,0,0
ked1wnip,16,8peyx08x,35,mock,Discussion,1769459619,3,0,0
ked1wnip,17,qrq18gfz,35,mock,Discussion,1769459619,3,0,0
ked1wnip,9,v03ssuat,41,mock,DiscussionGRPWaitPage,1769459620,4,0,1
ked1wnip,17,qrq18gfz,41,mock,DiscussionGRPWaitPage,1769459620,4,0,1
ked1wnip,1,yuqx3i0e,41,mock,DiscussionGRPWaitPage,1769459620,4,0,1
ked1wnip,16,8peyx08x,41,mock,DiscussionGRPWaitPage,1769459620,4,0,1
ked1wnip,9,v03ssuat,46,mock,Discussion,1769459624,4,0,0
ked1wnip,16,8peyx08x,46,mock,Discussion,1769459625,4,0,0
ked1wnip,27,48waddd0,10,mock,NudgeTraining,1769459627,1,0,0
ked1wnip,1,yuqx3i0e,46,mock,Discussion,1769459628,4,0,0
ked1wnip,30,614n9ihu,9,mock,Nudge,1769459629,1,0,0
ked1wnip,17,qrq18gfz,46,mock,Discussion,1769459635,4,0,0
ked1wnip,9,v03ssuat,52,mock,DiscussionGRPWaitPage,1769459635,5,0,1
ked1wnip,17,qrq18gfz,52,mock,DiscussionGRPWaitPage,1769459635,5,0,1
ked1wnip,1,yuqx3i0e,52,mock,DiscussionGRPWaitPage,1769459635,5,0,1
ked1wnip,16,8peyx08x,52,mock,DiscussionGRPWaitPage,1769459635,5,0,1
ked1wnip,13,x2cj8ryw,9,mock,Nudge,1769459636,1,0,0
ked1wnip,30,614n9ihu,10,mock,NudgeTraining,1769459637,1,0,0
ked1wnip,1,yuqx3i0e,57,mock,Discussion,1769459642,5,0,0
ked1wnip,30,614n9ihu,11,mock,NudgeTrainingLast,1769459643,1,0,0
ked1wnip,17,qrq18gfz,57,mock,Discussion,1769459646,5,0,0
ked1wnip,27,48waddd0,11,mock,NudgeTrainingLast,1769459646,1,0,0
ked1wnip,16,8peyx08x,57,mock,Discussion,1769459649,5,0,0
ked1wnip,39,jfm1xa48,1,presurvey,Introduction,1769459651,1,0,0
ked1wnip,9,v03ssuat,57,mock,Discussion,1769459653,5,0,0
ked1wnip,9,v03ssuat,63,mock,DiscussionGRPWaitPage,1769459653,6,0,1
ked1wnip,17,qrq18gfz,63,mock,DiscussionGRPWaitPage,1769459653,6,0,1
ked1wnip,1,yuqx3i0e,63,mock,DiscussionGRPWaitPage,1769459653,6,0,1
ked1wnip,16,8peyx08x,63,mock,DiscussionGRPWaitPage,1769459653,6,0,1
ked1wnip,13,x2cj8ryw,10,mock,NudgeTraining,1769459653,1,0,0
ked1wnip,41,shysgwqy,2,presurvey,AudioCheck,1769459654,1,0,0
ked1wnip,25,25agw028,9,mock,Nudge,1769459656,1,0,0
ked1wnip,1,yuqx3i0e,68,mock,Discussion,1769459659,6,0,0
ked1wnip,9,v03ssuat,68,mock,Discussion,1769459659,6,0,0
ked1wnip,13,x2cj8ryw,11,mock,NudgeTrainingLast,1769459662,1,0,0
ked1wnip,30,614n9ihu,12,mock,Phase3,1769459663,1,0,0
ked1wnip,17,qrq18gfz,68,mock,Discussion,1769459667,6,0,0
ked1wnip,27,48waddd0,12,mock,Phase3,1769459668,1,0,0
ked1wnip,42,897tl6pz,0,,InitializeParticipant,1769459668,1,0,0
ked1wnip,16,8peyx08x,68,mock,Discussion,1769459670,6,0,0
ked1wnip,9,v03ssuat,74,mock,DiscussionGRPWaitPage,1769459670,7,0,1
ked1wnip,17,qrq18gfz,74,mock,DiscussionGRPWaitPage,1769459670,7,0,1
ked1wnip,1,yuqx3i0e,74,mock,DiscussionGRPWaitPage,1769459670,7,0,1
ked1wnip,16,8peyx08x,74,mock,DiscussionGRPWaitPage,1769459670,7,0,1
ked1wnip,42,897tl6pz,1,presurvey,Introduction,1769459672,1,0,0
ked1wnip,43,lewt5i7g,0,,InitializeParticipant,1769459672,1,0,0
ked1wnip,25,25agw028,10,mock,NudgeTraining,1769459674,1,0,0
ked1wnip,1,yuqx3i0e,79,mock,Discussion,1769459674,7,0,0
ked1wnip,16,8peyx08x,79,mock,Discussion,1769459676,7,0,0
ked1wnip,43,lewt5i7g,1,presurvey,Introduction,1769459676,1,0,0
ked1wnip,9,v03ssuat,79,mock,Discussion,1769459676,7,0,0
ked1wnip,30,614n9ihu,13,mock,Discussion,1769459677,1,0,0
ked1wnip,17,qrq18gfz,79,mock,Discussion,1769459681,7,0,0
ked1wnip,9,v03ssuat,85,mock,DiscussionGRPWaitPage,1769459681,8,0,1
ked1wnip,17,qrq18gfz,85,mock,DiscussionGRPWaitPage,1769459681,8,0,1
ked1wnip,1,yuqx3i0e,85,mock,DiscussionGRPWaitPage,1769459681,8,0,1
ked1wnip,16,8peyx08x,85,mock,DiscussionGRPWaitPage,1769459681,8,0,1
ked1wnip,27,48waddd0,13,mock,Discussion,1769459682,1,0,0
ked1wnip,25,25agw028,11,mock,NudgeTrainingLast,1769459684,1,0,0
ked1wnip,16,8peyx08x,90,mock,Discussion,1769459684,8,0,0
ked1wnip,1,yuqx3i0e,90,mock,Discussion,1769459684,8,0,0
ked1wnip,9,v03ssuat,90,mock,Discussion,1769459685,8,0,0
ked1wnip,13,x2cj8ryw,12,mock,Phase3,1769459688,1,0,0
ked1wnip,43,lewt5i7g,2,presurvey,AudioCheck,1769459688,1,0,0
ked1wnip,17,qrq18gfz,90,mock,Discussion,1769459688,8,0,0
ked1wnip,41,shysgwqy,3,presurvey,Scenario,1769459689,1,0,0
ked1wnip,9,v03ssuat,96,mock,DiscussionGRPWaitPage,1769459689,9,0,1
ked1wnip,17,qrq18gfz,96,mock,DiscussionGRPWaitPage,1769459689,9,0,1
ked1wnip,1,yuqx3i0e,96,mock,DiscussionGRPWaitPage,1769459689,9,0,1
ked1wnip,16,8peyx08x,96,mock,DiscussionGRPWaitPage,1769459689,9,0,1
ked1wnip,42,897tl6pz,2,presurvey,AudioCheck,1769459691,1,0,0
ked1wnip,39,jfm1xa48,2,presurvey,AudioCheck,1769459692,1,0,0
ked1wnip,9,v03ssuat,101,mock,Discussion,1769459693,9,0,0
ked1wnip,1,yuqx3i0e,101,mock,Discussion,1769459693,9,0,0
ked1wnip,16,8peyx08x,101,mock,Discussion,1769459696,9,0,0
ked1wnip,17,qrq18gfz,101,mock,Discussion,1769459698,9,0,0
ked1wnip,9,v03ssuat,107,mock,DiscussionGRPWaitPage,1769459698,10,0,1
ked1wnip,17,qrq18gfz,107,mock,DiscussionGRPWaitPage,1769459698,10,0,1
ked1wnip,16,8peyx08x,107,mock,DiscussionGRPWaitPage,1769459698,10,0,1
ked1wnip,1,yuqx3i0e,107,mock,DiscussionGRPWaitPage,1769459698,10,0,1
ked1wnip,13,x2cj8ryw,13,mock,Discussion,1769459699,1,0,0
ked1wnip,1,yuqx3i0e,112,mock,Discussion,1769459701,10,0,0
ked1wnip,16,8peyx08x,112,mock,Discussion,1769459702,10,0,0
ked1wnip,9,v03ssuat,112,mock,Discussion,1769459703,10,0,0
ked1wnip,17,qrq18gfz,112,mock,Discussion,1769459707,10,0,0
ked1wnip,9,v03ssuat,118,mock,DiscussionGRPWaitPage,1769459707,11,0,1
ked1wnip,17,qrq18gfz,118,mock,DiscussionGRPWaitPage,1769459707,11,0,1
ked1wnip,1,yuqx3i0e,118,mock,DiscussionGRPWaitPage,1769459707,11,0,1
ked1wnip,16,8peyx08x,118,mock,DiscussionGRPWaitPage,1769459707,11,0,1
ked1wnip,25,25agw028,12,mock,Phase3,1769459710,1,0,0
ked1wnip,9,v03ssuat,123,mock,Discussion,1769459711,11,0,0
ked1wnip,16,8peyx08x,123,mock,Discussion,1769459713,11,0,0
ked1wnip,1,yuqx3i0e,123,mock,Discussion,1769459713,11,0,0
ked1wnip,17,qrq18gfz,123,mock,Discussion,1769459715,11,0,0
ked1wnip,9,v03ssuat,129,mock,DiscussionGRPWaitPage,1769459716,12,0,1
ked1wnip,17,qrq18gfz,129,mock,DiscussionGRPWaitPage,1769459716,12,0,1
ked1wnip,1,yuqx3i0e,129,mock,DiscussionGRPWaitPage,1769459716,12,0,1
ked1wnip,16,8peyx08x,129,mock,DiscussionGRPWaitPage,1769459716,12,0,1
ked1wnip,43,lewt5i7g,3,presurvey,Scenario,1769459717,1,0,0
ked1wnip,41,shysgwqy,4,presurvey,Commitment,1769459719,1,0,0
ked1wnip,7,4bh55twh,5,mock,GroupingWaitPage,1769459720,1,0,1
ked1wnip,8,4467c8gz,5,mock,GroupingWaitPage,1769459720,1,0,1
ked1wnip,35,en5j9795,5,mock,GroupingWaitPage,1769459720,1,0,1
ked1wnip,41,shysgwqy,5,mock,GroupingWaitPage,1769459720,1,0,1
ked1wnip,1,yuqx3i0e,134,mock,Discussion,1769459720,12,0,0
ked1wnip,9,v03ssuat,134,mock,Discussion,1769459721,12,0,0
ked1wnip,7,4bh55twh,6,mock,GroupSizeWaitPage,1769459721,1,0,1
ked1wnip,8,4467c8gz,6,mock,GroupSizeWaitPage,1769459721,1,0,1
ked1wnip,35,en5j9795,6,mock,GroupSizeWaitPage,1769459721,1,0,1
ked1wnip,41,shysgwqy,6,mock,GroupSizeWaitPage,1769459721,1,0,1
ked1wnip,42,897tl6pz,3,presurvey,Scenario,1769459721,1,0,0
ked1wnip,41,shysgwqy,8,mock,DiscussionGRPWaitPage,1769459724,1,0,1
ked1wnip,7,4bh55twh,8,mock,DiscussionGRPWaitPage,1769459724,1,0,1
ked1wnip,35,en5j9795,8,mock,DiscussionGRPWaitPage,1769459724,1,0,1
ked1wnip,8,4467c8gz,8,mock,DiscussionGRPWaitPage,1769459724,1,0,1
ked1wnip,16,8peyx08x,134,mock,Discussion,1769459724,12,0,0
ked1wnip,17,qrq18gfz,134,mock,Discussion,1769459725,12,0,0
ked1wnip,9,v03ssuat,140,mock,DiscussionGRPWaitPage,1769459725,13,0,1
ked1wnip,17,qrq18gfz,140,mock,DiscussionGRPWaitPage,1769459725,13,0,1
ked1wnip,1,yuqx3i0e,140,mock,DiscussionGRPWaitPage,1769459725,13,0,1
ked1wnip,16,8peyx08x,140,mock,DiscussionGRPWaitPage,1769459725,13,0,1
ked1wnip,9,v03ssuat,145,mock,Discussion,1769459728,13,0,0
ked1wnip,1,yuqx3i0e,145,mock,Discussion,1769459728,13,0,0
ked1wnip,16,8peyx08x,145,mock,Discussion,1769459730,13,0,0
ked1wnip,17,qrq18gfz,145,mock,Discussion,1769459731,13,0,0
ked1wnip,9,v03ssuat,151,mock,DiscussionGRPWaitPage,1769459732,14,0,1
ked1wnip,17,qrq18gfz,151,mock,DiscussionGRPWaitPage,1769459732,14,0,1
ked1wnip,1,yuqx3i0e,151,mock,DiscussionGRPWaitPage,1769459732,14,0,1
ked1wnip,16,8peyx08x,151,mock,DiscussionGRPWaitPage,1769459732,14,0,1
ked1wnip,16,8peyx08x,156,mock,Discussion,1769459736,14,0,0
ked1wnip,1,yuqx3i0e,156,mock,Discussion,1769459736,14,0,0
ked1wnip,9,v03ssuat,156,mock,Discussion,1769459736,14,0,0
ked1wnip,17,qrq18gfz,156,mock,Discussion,1769459737,14,0,0
ked1wnip,9,v03ssuat,162,mock,DiscussionGRPWaitPage,1769459737,15,0,1
ked1wnip,17,qrq18gfz,162,mock,DiscussionGRPWaitPage,1769459737,15,0,1
ked1wnip,1,yuqx3i0e,162,mock,DiscussionGRPWaitPage,1769459737,15,0,1
ked1wnip,16,8peyx08x,162,mock,DiscussionGRPWaitPage,1769459737,15,0,1
ked1wnip,41,shysgwqy,9,mock,Nudge,1769459737,1,0,0
ked1wnip,25,25agw028,13,mock,Discussion,1769459740,1,0,0
ked1wnip,16,8peyx08x,167,mock,Discussion,1769459741,15,0,0
ked1wnip,30,614n9ihu,19,mock,DiscussionGRPWaitPage,1769459741,2,0,1
ked1wnip,25,25agw028,19,mock,DiscussionGRPWaitPage,1769459741,2,0,1
ked1wnip,13,x2cj8ryw,19,mock,DiscussionGRPWaitPage,1769459741,2,0,1
ked1wnip,27,48waddd0,19,mock,DiscussionGRPWaitPage,1769459741,2,0,1
ked1wnip,9,v03ssuat,167,mock,Discussion,1769459742,15,0,0
ked1wnip,1,yuqx3i0e,167,mock,Discussion,1769459742,15,0,0
ked1wnip,17,qrq18gfz,167,mock,Discussion,1769459743,15,0,0
ked1wnip,9,v03ssuat,173,mock,DiscussionGRPWaitPage,1769459743,16,0,1
ked1wnip,17,qrq18gfz,173,mock,DiscussionGRPWaitPage,1769459743,16,0,1
ked1wnip,1,yuqx3i0e,173,mock,DiscussionGRPWaitPage,1769459743,16,0,1
ked1wnip,16,8peyx08x,173,mock,DiscussionGRPWaitPage,1769459743,16,0,1
ked1wnip,30,614n9ihu,24,mock,Discussion,1769459745,2,0,0
ked1wnip,9,v03ssuat,178,mock,Discussion,1769459746,16,0,0
ked1wnip,16,8peyx08x,178,mock,Discussion,1769459747,16,0,0
ked1wnip,17,qrq18gfz,178,mock,Discussion,1769459748,16,0,0
ked1wnip,1,yuqx3i0e,178,mock,Discussion,1769459751,16,0,0
ked1wnip,9,v03ssuat,184,mock,DiscussionGRPWaitPage,1769459751,17,0,1
ked1wnip,1,yuqx3i0e,184,mock,DiscussionGRPWaitPage,1769459751,17,0,1
ked1wnip,17,qrq18gfz,184,mock,DiscussionGRPWaitPage,1769459751,17,0,1
ked1wnip,16,8peyx08x,184,mock,DiscussionGRPWaitPage,1769459751,17,0,1
ked1wnip,25,25agw028,24,mock,Discussion,1769459752,2,0,0
ked1wnip,41,shysgwqy,10,mock,NudgeTraining,1769459752,1,0,0
ked1wnip,27,48waddd0,24,mock,Discussion,1769459753,2,0,0
ked1wnip,16,8peyx08x,189,mock,Discussion,1769459755,17,0,0
ked1wnip,9,v03ssuat,189,mock,Discussion,1769459756,17,0,0
ked1wnip,17,qrq18gfz,189,mock,Discussion,1769459757,17,0,0
ked1wnip,1,yuqx3i0e,189,mock,Discussion,1769459758,17,0,0
ked1wnip,9,v03ssuat,195,mock,DiscussionGRPWaitPage,1769459758,18,0,1
ked1wnip,17,qrq18gfz,195,mock,DiscussionGRPWaitPage,1769459758,18,0,1
ked1wnip,1,yuqx3i0e,195,mock,DiscussionGRPWaitPage,1769459758,18,0,1
ked1wnip,16,8peyx08x,195,mock,DiscussionGRPWaitPage,1769459758,18,0,1
ked1wnip,8,4467c8gz,9,mock,Nudge,1769459758,1,0,0
ked1wnip,13,x2cj8ryw,24,mock,Discussion,1769459760,2,0,0
ked1wnip,41,shysgwqy,11,mock,NudgeTrainingLast,1769459760,1,0,0
ked1wnip,30,614n9ihu,30,mock,DiscussionGRPWaitPage,1769459760,3,0,1
ked1wnip,25,25agw028,30,mock,DiscussionGRPWaitPage,1769459760,3,0,1
ked1wnip,13,x2cj8ryw,30,mock,DiscussionGRPWaitPage,1769459760,3,0,1
ked1wnip,27,48waddd0,30,mock,DiscussionGRPWaitPage,1769459760,3,0,1
ked1wnip,9,v03ssuat,200,mock,Discussion,1769459760,18,0,0
ked1wnip,16,8peyx08x,200,mock,Discussion,1769459761,18,0,0
ked1wnip,30,614n9ihu,35,mock,Discussion,1769459764,3,0,0
ked1wnip,17,qrq18gfz,200,mock,Discussion,1769459765,18,0,0
ked1wnip,27,48waddd0,35,mock,Discussion,1769459765,3,0,0
ked1wnip,1,yuqx3i0e,200,mock,Discussion,1769459766,18,0,0
ked1wnip,9,v03ssuat,206,mock,DiscussionGRPWaitPage,1769459766,19,0,1
ked1wnip,17,qrq18gfz,206,mock,DiscussionGRPWaitPage,1769459766,19,0,1
ked1wnip,1,yuqx3i0e,206,mock,DiscussionGRPWaitPage,1769459766,19,0,1
ked1wnip,16,8peyx08x,206,mock,DiscussionGRPWaitPage,1769459766,19,0,1
ked1wnip,8,4467c8gz,10,mock,NudgeTraining,1769459768,1,0,0
ked1wnip,16,8peyx08x,211,mock,Discussion,1769459768,19,0,0
ked1wnip,13,x2cj8ryw,35,mock,Discussion,1769459769,3,0,0
ked1wnip,9,v03ssuat,211,mock,Discussion,1769459769,19,0,0
ked1wnip,25,25agw028,35,mock,Discussion,1769459769,3,0,0
ked1wnip,30,614n9ihu,41,mock,DiscussionGRPWaitPage,1769459769,4,0,1
ked1wnip,25,25agw028,41,mock,DiscussionGRPWaitPage,1769459769,4,0,1
ked1wnip,13,x2cj8ryw,41,mock,DiscussionGRPWaitPage,1769459769,4,0,1
ked1wnip,27,48waddd0,41,mock,DiscussionGRPWaitPage,1769459769,4,0,1
ked1wnip,41,shysgwqy,12,mock,Phase3,1769459769,1,0,0
ked1wnip,1,yuqx3i0e,211,mock,Discussion,1769459771,19,0,0
ked1wnip,30,614n9ihu,46,mock,Discussion,1769459771,4,0,0
ked1wnip,17,qrq18gfz,211,mock,Discussion,1769459771,19,0,0
ked1wnip,9,v03ssuat,217,mock,DiscussionGRPWaitPage,1769459772,20,0,1
ked1wnip,17,qrq18gfz,217,mock,DiscussionGRPWaitPage,1769459772,20,0,1
ked1wnip,1,yuqx3i0e,217,mock,DiscussionGRPWaitPage,1769459772,20,0,1
ked1wnip,16,8peyx08x,217,mock,DiscussionGRPWaitPage,1769459772,20,0,1
ked1wnip,27,48waddd0,46,mock,Discussion,1769459772,4,0,0
ked1wnip,8,4467c8gz,11,mock,NudgeTrainingLast,1769459774,1,0,0
ked1wnip,9,v03ssuat,222,mock,Discussion,1769459775,20,0,0
ked1wnip,1,yuqx3i0e,222,mock,Discussion,1769459775,20,0,0
ked1wnip,16,8peyx08x,222,mock,Discussion,1769459775,20,0,0
ked1wnip,25,25agw028,46,mock,Discussion,1769459776,4,0,0
ked1wnip,17,qrq18gfz,222,mock,Discussion,1769459776,20,0,0
ked1wnip,17,qrq18gfz,223,mock,FinalRoundWaitPage,1769459776,20,0,1
ked1wnip,9,v03ssuat,223,mock,FinalRoundWaitPage,1769459776,20,0,1
ked1wnip,1,yuqx3i0e,223,mock,FinalRoundWaitPage,1769459776,20,0,1
ked1wnip,16,8peyx08x,223,mock,FinalRoundWaitPage,1769459776,20,0,1
ked1wnip,13,x2cj8ryw,46,mock,Discussion,1769459777,4,0,0
ked1wnip,30,614n9ihu,52,mock,DiscussionGRPWaitPage,1769459777,5,0,1
ked1wnip,25,25agw028,52,mock,DiscussionGRPWaitPage,1769459777,5,0,1
ked1wnip,13,x2cj8ryw,52,mock,DiscussionGRPWaitPage,1769459777,5,0,1
ked1wnip,27,48waddd0,52,mock,DiscussionGRPWaitPage,1769459777,5,0,1
ked1wnip,41,shysgwqy,13,mock,Discussion,1769459777,1,0,0
ked1wnip,7,4bh55twh,9,mock,Nudge,1769459779,1,0,0
ked1wnip,27,48waddd0,57,mock,Discussion,1769459781,5,0,0
ked1wnip,17,qrq18gfz,224,mock,FinalRound,1769459783,20,0,0
ked1wnip,30,614n9ihu,57,mock,Discussion,1769459783,5,0,0
ked1wnip,25,25agw028,57,mock,Discussion,1769459783,5,0,0
ked1wnip,13,x2cj8ryw,57,mock,Discussion,1769459783,5,0,0
ked1wnip,27,48waddd0,63,mock,DiscussionGRPWaitPage,1769459784,6,0,1
ked1wnip,30,614n9ihu,63,mock,DiscussionGRPWaitPage,1769459784,6,0,1
ked1wnip,25,25agw028,63,mock,DiscussionGRPWaitPage,1769459784,6,0,1
ked1wnip,13,x2cj8ryw,63,mock,DiscussionGRPWaitPage,1769459784,6,0,1
ked1wnip,1,yuqx3i0e,224,mock,FinalRound,1769459784,20,0,0
ked1wnip,9,v03ssuat,224,mock,FinalRound,1769459784,20,0,0
ked1wnip,16,8peyx08x,224,mock,FinalRound,1769459785,20,0,0
ked1wnip,30,614n9ihu,68,mock,Discussion,1769459787,6,0,0
ked1wnip,7,4bh55twh,10,mock,NudgeTraining,1769459787,1,0,0
ked1wnip,27,48waddd0,68,mock,Discussion,1769459789,6,0,0
ked1wnip,25,25agw028,68,mock,Discussion,1769459789,6,0,0
ked1wnip,8,4467c8gz,12,mock,Phase3,1769459792,1,0,0
ked1wnip,13,x2cj8ryw,68,mock,Discussion,1769459793,6,0,0
ked1wnip,30,614n9ihu,74,mock,DiscussionGRPWaitPage,1769459793,7,0,1
ked1wnip,13,x2cj8ryw,74,mock,DiscussionGRPWaitPage,1769459793,7,0,1
ked1wnip,27,48waddd0,74,mock,DiscussionGRPWaitPage,1769459793,7,0,1
ked1wnip,25,25agw028,74,mock,DiscussionGRPWaitPage,1769459793,7,0,1
ked1wnip,30,614n9ihu,79,mock,Discussion,1769459797,7,0,0
ked1wnip,27,48waddd0,79,mock,Discussion,1769459798,7,0,0
ked1wnip,8,4467c8gz,13,mock,Discussion,1769459798,1,0,0
ked1wnip,25,25agw028,79,mock,Discussion,1769459800,7,0,0
ked1wnip,7,4bh55twh,11,mock,NudgeTrainingLast,1769459801,1,0,0
ked1wnip,13,x2cj8ryw,79,mock,Discussion,1769459802,7,0,0
ked1wnip,30,614n9ihu,85,mock,DiscussionGRPWaitPage,1769459802,8,0,1
ked1wnip,25,25agw028,85,mock,DiscussionGRPWaitPage,1769459802,8,0,1
ked1wnip,13,x2cj8ryw,85,mock,DiscussionGRPWaitPage,1769459802,8,0,1
ked1wnip,27,48waddd0,85,mock,DiscussionGRPWaitPage,1769459802,8,0,1
ked1wnip,30,614n9ihu,90,mock,Discussion,1769459807,8,0,0
ked1wnip,27,48waddd0,90,mock,Discussion,1769459807,8,0,0
ked1wnip,25,25agw028,90,mock,Discussion,1769459809,8,0,0
ked1wnip,13,x2cj8ryw,90,mock,Discussion,1769459812,8,0,0
ked1wnip,30,614n9ihu,96,mock,DiscussionGRPWaitPage,1769459812,9,0,1
ked1wnip,25,25agw028,96,mock,DiscussionGRPWaitPage,1769459812,9,0,1
ked1wnip,13,x2cj8ryw,96,mock,DiscussionGRPWaitPage,1769459812,9,0,1
ked1wnip,27,48waddd0,96,mock,DiscussionGRPWaitPage,1769459812,9,0,1
ked1wnip,27,48waddd0,101,mock,Discussion,1769459816,9,0,0
ked1wnip,30,614n9ihu,101,mock,Discussion,1769459817,9,0,0
ked1wnip,13,x2cj8ryw,101,mock,Discussion,1769459818,9,0,0
ked1wnip,35,en5j9795,9,mock,Nudge,1769459821,1,1,0
ked1wnip,7,4bh55twh,12,mock,Phase3,1769459827,1,0,0
ked1wnip,25,25agw028,101,mock,Discussion,1769459830,9,0,0
ked1wnip,13,x2cj8ryw,107,mock,DiscussionGRPWaitPage,1769459830,10,0,1
ked1wnip,30,614n9ihu,107,mock,DiscussionGRPWaitPage,1769459830,10,0,1
ked1wnip,25,25agw028,107,mock,DiscussionGRPWaitPage,1769459830,10,0,1
ked1wnip,27,48waddd0,107,mock,DiscussionGRPWaitPage,1769459830,10,0,1
ked1wnip,27,48waddd0,112,mock,Discussion,1769459834,10,0,0
ked1wnip,25,25agw028,112,mock,Discussion,1769459837,10,0,0
ked1wnip,30,614n9ihu,112,mock,Discussion,1769459837,10,0,0
ked1wnip,44,x5p3hley,0,,InitializeParticipant,1769459838,1,0,0
ked1wnip,44,x5p3hley,1,presurvey,Introduction,1769459842,1,0,0
ked1wnip,7,4bh55twh,13,mock,Discussion,1769459843,1,0,0
ked1wnip,39,jfm1xa48,3,presurvey,Scenario,1769459844,1,0,0
ked1wnip,45,ruitza3h,0,,InitializeParticipant,1769459849,1,0,0
ked1wnip,46,bf7fnla5,0,,InitializeParticipant,1769459849,1,0,0
ked1wnip,44,x5p3hley,2,presurvey,AudioCheck,1769459855,1,0,0
ked1wnip,13,x2cj8ryw,112,mock,Discussion,1769459881,10,1,0
ked1wnip,30,614n9ihu,118,mock,DiscussionGRPWaitPage,1769459881,11,0,1
ked1wnip,25,25agw028,118,mock,DiscussionGRPWaitPage,1769459881,11,0,1
ked1wnip,13,x2cj8ryw,118,mock,DiscussionGRPWaitPage,1769459881,11,0,1
ked1wnip,27,48waddd0,118,mock,DiscussionGRPWaitPage,1769459881,11,0,1
ked1wnip,30,614n9ihu,123,mock,Discussion,1769459884,11,0,0
ked1wnip,27,48waddd0,123,mock,Discussion,1769459885,11,0,0
ked1wnip,25,25agw028,123,mock,Discussion,1769459887,11,0,0
ked1wnip,47,uocxq4rn,0,,InitializeParticipant,1769459889,1,0,0
ked1wnip,44,x5p3hley,3,presurvey,Scenario,1769459894,1,0,0
ked1wnip,45,ruitza3h,1,presurvey,Introduction,1769459899,1,0,0
ked1wnip,18,093zyanh,5,mock,GroupingWaitPage,1769459915,1,0,1
ked1wnip,18,093zyanh,6,mock,GroupSizeWaitPage,1769459916,1,0,1
ked1wnip,35,en5j9795,10,mock,NudgeTraining,1769459917,1,1,0
ked1wnip,18,093zyanh,7,mock,AttentionCheck,1769459919,1,0,0
ked1wnip,13,x2cj8ryw,123,mock,Discussion,1769459921,11,1,0
ked1wnip,30,614n9ihu,129,mock,DiscussionGRPWaitPage,1769459921,12,0,1
ked1wnip,25,25agw028,129,mock,DiscussionGRPWaitPage,1769459921,12,0,1
ked1wnip,13,x2cj8ryw,129,mock,DiscussionGRPWaitPage,1769459921,12,0,1
ked1wnip,27,48waddd0,129,mock,DiscussionGRPWaitPage,1769459921,12,0,1
ked1wnip,30,614n9ihu,134,mock,Discussion,1769459923,12,0,0
ked1wnip,27,48waddd0,134,mock,Discussion,1769459926,12,0,0
ked1wnip,25,25agw028,134,mock,Discussion,1769459928,12,0,0
ked1wnip,45,ruitza3h,2,presurvey,AudioCheck,1769459935,1,0,0
ked1wnip,13,x2cj8ryw,134,mock,Discussion,1769459942,12,0,0
ked1wnip,30,614n9ihu,140,mock,DiscussionGRPWaitPage,1769459942,13,0,1
ked1wnip,25,25agw028,140,mock,DiscussionGRPWaitPage,1769459942,13,0,1
ked1wnip,13,x2cj8ryw,140,mock,DiscussionGRPWaitPage,1769459942,13,0,1
ked1wnip,27,48waddd0,140,mock,DiscussionGRPWaitPage,1769459942,13,0,1
ked1wnip,44,x5p3hley,4,presurvey,Commitment,1769459944,1,0,0
ked1wnip,30,614n9ihu,145,mock,Discussion,1769459946,13,0,0
ked1wnip,27,48waddd0,145,mock,Discussion,1769459946,13,0,0
ked1wnip,25,25agw028,145,mock,Discussion,1769459950,13,0,0
ked1wnip,13,x2cj8ryw,145,mock,Discussion,1769459952,13,0,0
ked1wnip,30,614n9ihu,151,mock,DiscussionGRPWaitPage,1769459952,14,0,1
ked1wnip,25,25agw028,151,mock,DiscussionGRPWaitPage,1769459952,14,0,1
ked1wnip,13,x2cj8ryw,151,mock,DiscussionGRPWaitPage,1769459952,14,0,1
ked1wnip,27,48waddd0,151,mock,DiscussionGRPWaitPage,1769459952,14,0,1
ked1wnip,47,uocxq4rn,1,presurvey,Introduction,1769459953,1,0,0
ked1wnip,27,48waddd0,156,mock,Discussion,1769459956,14,0,0
ked1wnip,25,25agw028,156,mock,Discussion,1769459956,14,0,0
ked1wnip,13,x2cj8ryw,156,mock,Discussion,1769459958,14,0,0
ked1wnip,30,614n9ihu,156,mock,Discussion,1769459959,14,0,0
ked1wnip,30,614n9ihu,162,mock,DiscussionGRPWaitPage,1769459959,15,0,1
ked1wnip,25,25agw028,162,mock,DiscussionGRPWaitPage,1769459959,15,0,1
ked1wnip,13,x2cj8ryw,162,mock,DiscussionGRPWaitPage,1769459959,15,0,1
ked1wnip,27,48waddd0,162,mock,DiscussionGRPWaitPage,1769459959,15,0,1
ked1wnip,30,614n9ihu,167,mock,Discussion,1769459962,15,0,0
ked1wnip,27,48waddd0,167,mock,Discussion,1769459962,15,0,0
ked1wnip,25,25agw028,167,mock,Discussion,1769459965,15,0,0
ked1wnip,45,ruitza3h,3,presurvey,Scenario,1769459965,1,0,0
ked1wnip,13,x2cj8ryw,167,mock,Discussion,1769459966,15,0,0
ked1wnip,30,614n9ihu,173,mock,DiscussionGRPWaitPage,1769459966,16,0,1
ked1wnip,25,25agw028,173,mock,DiscussionGRPWaitPage,1769459966,16,0,1
ked1wnip,13,x2cj8ryw,173,mock,DiscussionGRPWaitPage,1769459966,16,0,1
ked1wnip,27,48waddd0,173,mock,DiscussionGRPWaitPage,1769459966,16,0,1
ked1wnip,30,614n9ihu,178,mock,Discussion,1769459968,16,0,0
ked1wnip,13,x2cj8ryw,178,mock,Discussion,1769459969,16,0,0
ked1wnip,27,48waddd0,178,mock,Discussion,1769459969,16,0,0
ked1wnip,25,25agw028,178,mock,Discussion,1769459973,16,0,0
ked1wnip,25,25agw028,184,mock,DiscussionGRPWaitPage,1769459973,17,0,1
ked1wnip,30,614n9ihu,184,mock,DiscussionGRPWaitPage,1769459973,17,0,1
ked1wnip,27,48waddd0,184,mock,DiscussionGRPWaitPage,1769459973,17,0,1
ked1wnip,13,x2cj8ryw,184,mock,DiscussionGRPWaitPage,1769459973,17,0,1
ked1wnip,30,614n9ihu,189,mock,Discussion,1769459976,17,0,0
ked1wnip,27,48waddd0,189,mock,Discussion,1769459977,17,0,0
ked1wnip,13,x2cj8ryw,189,mock,Discussion,1769459978,17,0,0
ked1wnip,25,25agw028,189,mock,Discussion,1769459982,17,0,0
ked1wnip,13,x2cj8ryw,195,mock,DiscussionGRPWaitPage,1769459982,18,0,1
ked1wnip,30,614n9ihu,195,mock,DiscussionGRPWaitPage,1769459982,18,0,1
ked1wnip,25,25agw028,195,mock,DiscussionGRPWaitPage,1769459982,18,0,1
ked1wnip,27,48waddd0,195,mock,DiscussionGRPWaitPage,1769459982,18,0,1
ked1wnip,30,614n9ihu,200,mock,Discussion,1769459984,18,0,0
ked1wnip,27,48waddd0,200,mock,Discussion,1769459985,18,0,0
ked1wnip,13,x2cj8ryw,200,mock,Discussion,1769459988,18,0,0
ked1wnip,25,25agw028,200,mock,Discussion,1769459989,18,0,0
ked1wnip,30,614n9ihu,206,mock,DiscussionGRPWaitPage,1769459989,19,0,1
ked1wnip,25,25agw028,206,mock,DiscussionGRPWaitPage,1769459989,19,0,1
ked1wnip,13,x2cj8ryw,206,mock,DiscussionGRPWaitPage,1769459989,19,0,1
ked1wnip,27,48waddd0,206,mock,DiscussionGRPWaitPage,1769459989,19,0,1
ked1wnip,30,614n9ihu,211,mock,Discussion,1769459992,19,0,0
ked1wnip,27,48waddd0,211,mock,Discussion,1769459994,19,0,0
ked1wnip,13,x2cj8ryw,211,mock,Discussion,1769459994,19,0,0
ked1wnip,25,25agw028,211,mock,Discussion,1769459994,19,0,0
ked1wnip,30,614n9ihu,217,mock,DiscussionGRPWaitPage,1769459994,20,0,1
ked1wnip,25,25agw028,217,mock,DiscussionGRPWaitPage,1769459994,20,0,1
ked1wnip,13,x2cj8ryw,217,mock,DiscussionGRPWaitPage,1769459994,20,0,1
ked1wnip,27,48waddd0,217,mock,DiscussionGRPWaitPage,1769459994,20,0,1
ked1wnip,30,614n9ihu,222,mock,Discussion,1769459997,20,0,0
ked1wnip,27,48waddd0,222,mock,Discussion,1769459998,20,0,0
ked1wnip,13,x2cj8ryw,222,mock,Discussion,1769459998,20,0,0
ked1wnip,25,25agw028,222,mock,Discussion,1769460000,20,0,0
ked1wnip,25,25agw028,223,mock,FinalRoundWaitPage,1769460000,20,0,1
ked1wnip,27,48waddd0,223,mock,FinalRoundWaitPage,1769460000,20,0,1
ked1wnip,30,614n9ihu,223,mock,FinalRoundWaitPage,1769460000,20,0,1
ked1wnip,13,x2cj8ryw,223,mock,FinalRoundWaitPage,1769460000,20,0,1
ked1wnip,48,xdt04re4,0,,InitializeParticipant,1769460005,1,0,0
ked1wnip,45,ruitza3h,4,presurvey,Commitment,1769460005,1,0,0
ked1wnip,25,25agw028,224,mock,FinalRound,1769460006,20,0,0
ked1wnip,30,614n9ihu,224,mock,FinalRound,1769460008,20,0,0
ked1wnip,27,48waddd0,224,mock,FinalRound,1769460009,20,0,0
ked1wnip,35,en5j9795,11,mock,NudgeTrainingLast,1769460009,1,1,0
ked1wnip,13,x2cj8ryw,224,mock,FinalRound,1769460010,20,0,0
ked1wnip,49,6ahkz2nl,0,,InitializeParticipant,1769460042,1,0,0
ked1wnip,47,uocxq4rn,2,presurvey,AudioCheck,1769460042,1,0,0
ked1wnip,49,6ahkz2nl,1,presurvey,Introduction,1769460053,1,0,0
ked1wnip,35,en5j9795,12,mock,Phase3,1769460056,1,1,0
ked1wnip,49,6ahkz2nl,2,presurvey,AudioCheck,1769460076,1,0,0
ked1wnip,48,xdt04re4,1,presurvey,Introduction,1769460079,1,0,0
ked1wnip,48,xdt04re4,2,presurvey,AudioCheck,1769460097,1,0,0
ked1wnip,46,bf7fnla5,1,presurvey,Introduction,1769460099,1,0,0
ked1wnip,49,6ahkz2nl,3,presurvey,Scenario,1769460114,1,0,0
ked1wnip,48,xdt04re4,3,presurvey,Scenario,1769460120,1,0,0
ked1wnip,47,uocxq4rn,3,presurvey,Scenario,1769460135,1,0,0
ked1wnip,50,3jfht9qe,0,,InitializeParticipant,1769460151,1,0,0
ked1wnip,48,xdt04re4,4,presurvey,Commitment,1769460152,1,0,0
ked1wnip,35,en5j9795,13,mock,Discussion,1769460152,1,1,0
ked1wnip,41,shysgwqy,19,mock,DiscussionGRPWaitPage,1769460152,2,0,1
ked1wnip,7,4bh55twh,19,mock,DiscussionGRPWaitPage,1769460152,2,0,1
ked1wnip,35,en5j9795,19,mock,DiscussionGRPWaitPage,1769460152,2,0,1
ked1wnip,8,4467c8gz,19,mock,DiscussionGRPWaitPage,1769460152,2,0,1
ked1wnip,51,war0izmk,0,,InitializeParticipant,1769460159,1,0,0
ked1wnip,8,4467c8gz,24,mock,Discussion,1769460160,2,0,0
ked1wnip,41,shysgwqy,24,mock,Discussion,1769460162,2,0,0
ked1wnip,49,6ahkz2nl,4,presurvey,Commitment,1769460163,1,0,0
ked1wnip,7,4bh55twh,24,mock,Discussion,1769460165,2,0,0
ked1wnip,50,3jfht9qe,1,presurvey,Introduction,1769460169,1,0,0
ked1wnip,51,war0izmk,1,presurvey,Introduction,1769460182,1,0,0
ked1wnip,46,bf7fnla5,2,presurvey,AudioCheck,1769460183,1,0,0
ked1wnip,51,war0izmk,2,presurvey,AudioCheck,1769460190,1,0,0
ked1wnip,50,3jfht9qe,2,presurvey,AudioCheck,1769460198,1,0,0
ked1wnip,35,en5j9795,24,mock,Discussion,1769460207,2,1,0
ked1wnip,7,4bh55twh,30,mock,DiscussionGRPWaitPage,1769460207,3,0,1
ked1wnip,8,4467c8gz,30,mock,DiscussionGRPWaitPage,1769460207,3,0,1
ked1wnip,41,shysgwqy,30,mock,DiscussionGRPWaitPage,1769460207,3,0,1
ked1wnip,35,en5j9795,30,mock,DiscussionGRPWaitPage,1769460207,3,0,1
ked1wnip,8,4467c8gz,35,mock,Discussion,1769460212,3,0,0
ked1wnip,41,shysgwqy,35,mock,Discussion,1769460213,3,0,0
ked1wnip,7,4bh55twh,35,mock,Discussion,1769460215,3,0,0
ked1wnip,51,war0izmk,3,presurvey,Scenario,1769460219,1,0,0
ked1wnip,50,3jfht9qe,3,presurvey,Scenario,1769460248,1,0,0
ked1wnip,46,bf7fnla5,3,presurvey,Scenario,1769460250,1,0,0
ked1wnip,52,o23wlbdl,0,,InitializeParticipant,1769460254,1,0,0
ked1wnip,53,ra22h9us,0,,InitializeParticipant,1769460256,1,0,0
ked1wnip,35,en5j9795,35,mock,Discussion,1769460258,3,1,0
ked1wnip,41,shysgwqy,41,mock,DiscussionGRPWaitPage,1769460258,4,0,1
ked1wnip,7,4bh55twh,41,mock,DiscussionGRPWaitPage,1769460258,4,0,1
ked1wnip,35,en5j9795,41,mock,DiscussionGRPWaitPage,1769460258,4,0,1
ked1wnip,8,4467c8gz,41,mock,DiscussionGRPWaitPage,1769460258,4,0,1
ked1wnip,7,4bh55twh,46,mock,Discussion,1769460265,4,0,0
ked1wnip,41,shysgwqy,46,mock,Discussion,1769460265,4,0,0
ked1wnip,8,4467c8gz,46,mock,Discussion,1769460267,4,0,0
ked1wnip,52,o23wlbdl,1,presurvey,Introduction,1769460270,1,0,0
ked1wnip,53,ra22h9us,1,presurvey,Introduction,1769460282,1,0,0
ked1wnip,52,o23wlbdl,2,presurvey,AudioCheck,1769460302,1,0,0
ked1wnip,53,ra22h9us,2,presurvey,AudioCheck,1769460306,1,0,0
ked1wnip,35,en5j9795,46,mock,Discussion,1769460309,4,1,0
ked1wnip,41,shysgwqy,52,mock,DiscussionGRPWaitPage,1769460309,5,0,1
ked1wnip,7,4bh55twh,52,mock,DiscussionGRPWaitPage,1769460309,5,0,1
ked1wnip,35,en5j9795,52,mock,DiscussionGRPWaitPage,1769460309,5,0,1
ked1wnip,8,4467c8gz,52,mock,DiscussionGRPWaitPage,1769460309,5,0,1
ked1wnip,7,4bh55twh,57,mock,Discussion,1769460315,5,0,0
ked1wnip,54,wt5h0lt2,0,,InitializeParticipant,1769460316,1,0,0
ked1wnip,41,shysgwqy,57,mock,Discussion,1769460316,5,0,0
ked1wnip,8,4467c8gz,57,mock,Discussion,1769460318,5,0,0
ked1wnip,54,wt5h0lt2,1,presurvey,Introduction,1769460319,1,0,0
ked1wnip,54,wt5h0lt2,2,presurvey,AudioCheck,1769460334,1,0,0
ked1wnip,55,3xe8h66t,0,,InitializeParticipant,1769460344,1,0,0
ked1wnip,35,en5j9795,57,mock,Discussion,1769460348,5,1,0
ked1wnip,41,shysgwqy,63,mock,DiscussionGRPWaitPage,1769460348,6,0,1
ked1wnip,7,4bh55twh,63,mock,DiscussionGRPWaitPage,1769460348,6,0,1
ked1wnip,35,en5j9795,63,mock,DiscussionGRPWaitPage,1769460348,6,0,1
ked1wnip,8,4467c8gz,63,mock,DiscussionGRPWaitPage,1769460348,6,0,1
ked1wnip,53,ra22h9us,3,presurvey,Scenario,1769460349,1,0,0
ked1wnip,52,o23wlbdl,3,presurvey,Scenario,1769460352,1,0,0
ked1wnip,7,4bh55twh,68,mock,Discussion,1769460354,6,0,0
ked1wnip,55,3xe8h66t,1,presurvey,Introduction,1769460356,1,0,0
ked1wnip,8,4467c8gz,68,mock,Discussion,1769460356,6,0,0
ked1wnip,41,shysgwqy,68,mock,Discussion,1769460357,6,0,0
ked1wnip,54,wt5h0lt2,3,presurvey,Scenario,1769460370,1,0,0
ked1wnip,56,w80eajxr,0,,InitializeParticipant,1769460380,1,0,0
ked1wnip,57,3un59i7m,0,,InitializeParticipant,1769460382,1,0,0
ked1wnip,50,3jfht9qe,4,presurvey,Commitment,1769460383,1,0,0
ked1wnip,35,en5j9795,68,mock,Discussion,1769460385,6,1,0
ked1wnip,41,shysgwqy,74,mock,DiscussionGRPWaitPage,1769460385,7,0,1
ked1wnip,7,4bh55twh,74,mock,DiscussionGRPWaitPage,1769460385,7,0,1
ked1wnip,35,en5j9795,74,mock,DiscussionGRPWaitPage,1769460385,7,0,1
ked1wnip,8,4467c8gz,74,mock,DiscussionGRPWaitPage,1769460385,7,0,1
ked1wnip,56,w80eajxr,1,presurvey,Introduction,1769460388,1,0,0
ked1wnip,57,3un59i7m,1,presurvey,Introduction,1769460389,1,0,0
ked1wnip,8,4467c8gz,79,mock,Discussion,1769460392,7,0,0
ked1wnip,41,shysgwqy,79,mock,Discussion,1769460393,7,0,0
ked1wnip,55,3xe8h66t,2,presurvey,AudioCheck,1769460395,1,0,0
ked1wnip,7,4bh55twh,79,mock,Discussion,1769460402,7,0,0
ked1wnip,56,w80eajxr,2,presurvey,AudioCheck,1769460406,1,0,0
ked1wnip,35,en5j9795,79,mock,Discussion,1769460421,7,1,0
ked1wnip,41,shysgwqy,85,mock,DiscussionGRPWaitPage,1769460421,8,0,1
ked1wnip,7,4bh55twh,85,mock,DiscussionGRPWaitPage,1769460421,8,0,1
ked1wnip,35,en5j9795,85,mock,DiscussionGRPWaitPage,1769460421,8,0,1
ked1wnip,8,4467c8gz,85,mock,DiscussionGRPWaitPage,1769460421,8,0,1
ked1wnip,8,4467c8gz,90,mock,Discussion,1769460427,8,0,0
ked1wnip,56,w80eajxr,3,presurvey,Scenario,1769460429,1,0,0
ked1wnip,41,shysgwqy,90,mock,Discussion,1769460431,8,0,0
ked1wnip,7,4bh55twh,90,mock,Discussion,1769460431,8,0,0
ked1wnip,55,3xe8h66t,3,presurvey,Scenario,1769460441,1,0,0
ked1wnip,57,3un59i7m,2,presurvey,AudioCheck,1769460453,1,0,0
ked1wnip,35,en5j9795,90,mock,Discussion,1769460460,8,1,0
ked1wnip,41,shysgwqy,96,mock,DiscussionGRPWaitPage,1769460460,9,0,1
ked1wnip,7,4bh55twh,96,mock,DiscussionGRPWaitPage,1769460460,9,0,1
ked1wnip,35,en5j9795,96,mock,DiscussionGRPWaitPage,1769460460,9,0,1
ked1wnip,8,4467c8gz,96,mock,DiscussionGRPWaitPage,1769460460,9,0,1
ked1wnip,8,4467c8gz,101,mock,Discussion,1769460464,9,0,0
ked1wnip,7,4bh55twh,101,mock,Discussion,1769460466,9,0,0
ked1wnip,41,shysgwqy,101,mock,Discussion,1769460468,9,0,0
ked1wnip,57,3un59i7m,3,presurvey,Scenario,1769460481,1,0,0
ked1wnip,57,3un59i7m,4,presurvey,Commitment,1769460494,1,0,0
ked1wnip,35,en5j9795,101,mock,Discussion,1769460499,9,1,0
ked1wnip,7,4bh55twh,107,mock,DiscussionGRPWaitPage,1769460500,10,0,1
ked1wnip,41,shysgwqy,107,mock,DiscussionGRPWaitPage,1769460500,10,0,1
ked1wnip,35,en5j9795,107,mock,DiscussionGRPWaitPage,1769460500,10,0,1
ked1wnip,8,4467c8gz,107,mock,DiscussionGRPWaitPage,1769460500,10,0,1
ked1wnip,8,4467c8gz,112,mock,Discussion,1769460504,10,0,0
ked1wnip,7,4bh55twh,112,mock,Discussion,1769460507,10,0,0
ked1wnip,41,shysgwqy,112,mock,Discussion,1769460507,10,0,0
ked1wnip,38,ij3ds51h,5,mock,GroupingWaitPage,1769460514,1,0,1
ked1wnip,48,xdt04re4,5,mock,GroupingWaitPage,1769460514,1,0,1
ked1wnip,49,6ahkz2nl,5,mock,GroupingWaitPage,1769460514,1,0,1
ked1wnip,50,3jfht9qe,5,mock,GroupingWaitPage,1769460514,1,0,1
ked1wnip,38,ij3ds51h,6,mock,GroupSizeWaitPage,1769460515,1,0,1
ked1wnip,48,xdt04re4,6,mock,GroupSizeWaitPage,1769460515,1,0,1
ked1wnip,49,6ahkz2nl,6,mock,GroupSizeWaitPage,1769460515,1,0,1
ked1wnip,50,3jfht9qe,6,mock,GroupSizeWaitPage,1769460515,1,0,1
ked1wnip,49,6ahkz2nl,8,mock,DiscussionGRPWaitPage,1769460515,1,0,1
ked1wnip,50,3jfht9qe,8,mock,DiscussionGRPWaitPage,1769460515,1,0,1
ked1wnip,48,xdt04re4,8,mock,DiscussionGRPWaitPage,1769460515,1,0,1
ked1wnip,38,ij3ds51h,8,mock,DiscussionGRPWaitPage,1769460515,1,0,1
ked1wnip,50,3jfht9qe,9,mock,Nudge,1769460530,1,0,0
ked1wnip,49,6ahkz2nl,9,mock,Nudge,1769460534,1,0,0
ked1wnip,35,en5j9795,112,mock,Discussion,1769460536,10,1,0
ked1wnip,7,4bh55twh,118,mock,DiscussionGRPWaitPage,1769460536,11,0,1
ked1wnip,8,4467c8gz,118,mock,DiscussionGRPWaitPage,1769460536,11,0,1
ked1wnip,41,shysgwqy,118,mock,DiscussionGRPWaitPage,1769460536,11,0,1
ked1wnip,35,en5j9795,118,mock,DiscussionGRPWaitPage,1769460536,11,0,1
ked1wnip,48,xdt04re4,9,mock,Nudge,1769460537,1,0,0
ked1wnip,38,ij3ds51h,9,mock,Nudge,1769460539,1,0,0
ked1wnip,50,3jfht9qe,10,mock,NudgeTraining,1769460540,1,0,0
ked1wnip,8,4467c8gz,123,mock,Discussion,1769460540,11,0,0
ked1wnip,7,4bh55twh,123,mock,Discussion,1769460543,11,0,0
ked1wnip,41,shysgwqy,123,mock,Discussion,1769460546,11,0,0
ked1wnip,50,3jfht9qe,11,mock,NudgeTrainingLast,1769460550,1,0,0
ked1wnip,38,ij3ds51h,10,mock,NudgeTraining,1769460553,1,0,0
ked1wnip,48,xdt04re4,10,mock,NudgeTraining,1769460554,1,0,0
ked1wnip,38,ij3ds51h,11,mock,NudgeTrainingLast,1769460561,1,0,0
ked1wnip,48,xdt04re4,11,mock,NudgeTrainingLast,1769460566,1,0,0
ked1wnip,38,ij3ds51h,12,mock,Phase3,1769460569,1,0,0
ked1wnip,49,6ahkz2nl,10,mock,NudgeTraining,1769460569,1,0,0
ked1wnip,50,3jfht9qe,12,mock,Phase3,1769460570,1,0,0
ked1wnip,35,en5j9795,123,mock,Discussion,1769460572,11,1,0
ked1wnip,35,en5j9795,129,mock,DiscussionGRPWaitPage,1769460572,12,0,1
ked1wnip,8,4467c8gz,129,mock,DiscussionGRPWaitPage,1769460572,12,0,1
ked1wnip,41,shysgwqy,129,mock,DiscussionGRPWaitPage,1769460572,12,0,1
ked1wnip,7,4bh55twh,129,mock,DiscussionGRPWaitPage,1769460572,12,0,1
ked1wnip,8,4467c8gz,134,mock,Discussion,1769460576,12,0,0
ked1wnip,49,6ahkz2nl,11,mock,NudgeTrainingLast,1769460576,1,0,0
ked1wnip,38,ij3ds51h,13,mock,Discussion,1769460578,1,0,0
ked1wnip,41,shysgwqy,134,mock,Discussion,1769460579,12,0,0
ked1wnip,50,3jfht9qe,13,mock,Discussion,1769460580,1,0,0
ked1wnip,7,4bh55twh,134,mock,Discussion,1769460586,12,0,0
ked1wnip,48,xdt04re4,12,mock,Phase3,1769460588,1,0,0
ked1wnip,49,6ahkz2nl,12,mock,Phase3,1769460596,1,0,0
ked1wnip,48,xdt04re4,13,mock,Discussion,1769460596,1,0,0
ked1wnip,49,6ahkz2nl,13,mock,Discussion,1769460608,1,0,0
ked1wnip,49,6ahkz2nl,19,mock,DiscussionGRPWaitPage,1769460608,2,0,1
ked1wnip,38,ij3ds51h,19,mock,DiscussionGRPWaitPage,1769460608,2,0,1
ked1wnip,50,3jfht9qe,19,mock,DiscussionGRPWaitPage,1769460608,2,0,1
ked1wnip,48,xdt04re4,19,mock,DiscussionGRPWaitPage,1769460608,2,0,1
ked1wnip,35,en5j9795,134,mock,Discussion,1769460611,12,1,0
ked1wnip,35,en5j9795,140,mock,DiscussionGRPWaitPage,1769460611,13,0,1
ked1wnip,8,4467c8gz,140,mock,DiscussionGRPWaitPage,1769460611,13,0,1
ked1wnip,41,shysgwqy,140,mock,DiscussionGRPWaitPage,1769460611,13,0,1
ked1wnip,7,4bh55twh,140,mock,DiscussionGRPWaitPage,1769460611,13,0,1
ked1wnip,50,3jfht9qe,24,mock,Discussion,1769460615,2,0,0
ked1wnip,8,4467c8gz,145,mock,Discussion,1769460617,13,0,0
ked1wnip,38,ij3ds51h,24,mock,Discussion,1769460618,2,0,0
ked1wnip,48,xdt04re4,24,mock,Discussion,1769460619,2,0,0
ked1wnip,41,shysgwqy,145,mock,Discussion,1769460619,13,0,0
ked1wnip,7,4bh55twh,145,mock,Discussion,1769460620,13,0,0
ked1wnip,49,6ahkz2nl,24,mock,Discussion,1769460626,2,0,0
ked1wnip,49,6ahkz2nl,30,mock,DiscussionGRPWaitPage,1769460627,3,0,1
ked1wnip,38,ij3ds51h,30,mock,DiscussionGRPWaitPage,1769460627,3,0,1
ked1wnip,48,xdt04re4,30,mock,DiscussionGRPWaitPage,1769460627,3,0,1
ked1wnip,50,3jfht9qe,30,mock,DiscussionGRPWaitPage,1769460627,3,0,1
ked1wnip,38,ij3ds51h,35,mock,Discussion,1769460631,3,0,0
ked1wnip,49,6ahkz2nl,35,mock,Discussion,1769460634,3,0,0
ked1wnip,48,xdt04re4,35,mock,Discussion,1769460634,3,0,0
ked1wnip,50,3jfht9qe,35,mock,Discussion,1769460635,3,0,0
ked1wnip,38,ij3ds51h,41,mock,DiscussionGRPWaitPage,1769460635,4,0,1
ked1wnip,49,6ahkz2nl,41,mock,DiscussionGRPWaitPage,1769460635,4,0,1
ked1wnip,50,3jfht9qe,41,mock,DiscussionGRPWaitPage,1769460635,4,0,1
ked1wnip,48,xdt04re4,41,mock,DiscussionGRPWaitPage,1769460635,4,0,1
ked1wnip,48,xdt04re4,46,mock,Discussion,1769460639,4,0,0
ked1wnip,38,ij3ds51h,46,mock,Discussion,1769460643,4,0,0
ked1wnip,50,3jfht9qe,46,mock,Discussion,1769460645,4,0,0
ked1wnip,49,6ahkz2nl,46,mock,Discussion,1769460646,4,0,0
ked1wnip,49,6ahkz2nl,52,mock,DiscussionGRPWaitPage,1769460646,5,0,1
ked1wnip,38,ij3ds51h,52,mock,DiscussionGRPWaitPage,1769460646,5,0,1
ked1wnip,50,3jfht9qe,52,mock,DiscussionGRPWaitPage,1769460646,5,0,1
ked1wnip,48,xdt04re4,52,mock,DiscussionGRPWaitPage,1769460646,5,0,1
ked1wnip,35,en5j9795,145,mock,Discussion,1769460648,13,1,0
ked1wnip,35,en5j9795,151,mock,DiscussionGRPWaitPage,1769460648,14,0,1
ked1wnip,8,4467c8gz,151,mock,DiscussionGRPWaitPage,1769460648,14,0,1
ked1wnip,41,shysgwqy,151,mock,DiscussionGRPWaitPage,1769460648,14,0,1
ked1wnip,7,4bh55twh,151,mock,DiscussionGRPWaitPage,1769460648,14,0,1
ked1wnip,38,ij3ds51h,57,mock,Discussion,1769460650,5,0,0
ked1wnip,48,xdt04re4,57,mock,Discussion,1769460650,5,0,0
ked1wnip,49,6ahkz2nl,57,mock,Discussion,1769460653,5,0,0
ked1wnip,8,4467c8gz,156,mock,Discussion,1769460655,14,0,0
ked1wnip,7,4bh55twh,156,mock,Discussion,1769460655,14,0,0
ked1wnip,41,shysgwqy,156,mock,Discussion,1769460659,14,0,0
ked1wnip,50,3jfht9qe,57,mock,Discussion,1769460660,5,0,0
ked1wnip,49,6ahkz2nl,63,mock,DiscussionGRPWaitPage,1769460660,6,0,1
ked1wnip,38,ij3ds51h,63,mock,DiscussionGRPWaitPage,1769460660,6,0,1
ked1wnip,50,3jfht9qe,63,mock,DiscussionGRPWaitPage,1769460660,6,0,1
ked1wnip,48,xdt04re4,63,mock,DiscussionGRPWaitPage,1769460660,6,0,1
ked1wnip,38,ij3ds51h,68,mock,Discussion,1769460663,6,0,0
ked1wnip,48,xdt04re4,68,mock,Discussion,1769460665,6,0,0
ked1wnip,50,3jfht9qe,68,mock,Discussion,1769460666,6,0,0
ked1wnip,49,6ahkz2nl,68,mock,Discussion,1769460667,6,0,0
ked1wnip,49,6ahkz2nl,74,mock,DiscussionGRPWaitPage,1769460668,7,0,1
ked1wnip,38,ij3ds51h,74,mock,DiscussionGRPWaitPage,1769460668,7,0,1
ked1wnip,50,3jfht9qe,74,mock,DiscussionGRPWaitPage,1769460668,7,0,1
ked1wnip,48,xdt04re4,74,mock,DiscussionGRPWaitPage,1769460668,7,0,1
ked1wnip,49,6ahkz2nl,79,mock,Discussion,1769460671,7,0,0
ked1wnip,48,xdt04re4,79,mock,Discussion,1769460671,7,0,0
ked1wnip,38,ij3ds51h,79,mock,Discussion,1769460673,7,0,0
ked1wnip,50,3jfht9qe,79,mock,Discussion,1769460677,7,0,0
ked1wnip,49,6ahkz2nl,85,mock,DiscussionGRPWaitPage,1769460677,8,0,1
ked1wnip,38,ij3ds51h,85,mock,DiscussionGRPWaitPage,1769460677,8,0,1
ked1wnip,50,3jfht9qe,85,mock,DiscussionGRPWaitPage,1769460677,8,0,1
ked1wnip,48,xdt04re4,85,mock,DiscussionGRPWaitPage,1769460677,8,0,1
ked1wnip,48,xdt04re4,90,mock,Discussion,1769460681,8,0,0
ked1wnip,38,ij3ds51h,90,mock,Discussion,1769460681,8,0,0
ked1wnip,49,6ahkz2nl,90,mock,Discussion,1769460682,8,0,0
ked1wnip,35,en5j9795,156,mock,Discussion,1769460684,14,1,0
ked1wnip,41,shysgwqy,162,mock,DiscussionGRPWaitPage,1769460684,15,0,1
ked1wnip,7,4bh55twh,162,mock,DiscussionGRPWaitPage,1769460684,15,0,1
ked1wnip,35,en5j9795,162,mock,DiscussionGRPWaitPage,1769460684,15,0,1
ked1wnip,8,4467c8gz,162,mock,DiscussionGRPWaitPage,1769460684,15,0,1
ked1wnip,8,4467c8gz,167,mock,Discussion,1769460687,15,0,0
ked1wnip,7,4bh55twh,167,mock,Discussion,1769460691,15,0,0
ked1wnip,41,shysgwqy,167,mock,Discussion,1769460691,15,0,0
ked1wnip,50,3jfht9qe,90,mock,Discussion,1769460697,8,0,0
ked1wnip,49,6ahkz2nl,96,mock,DiscussionGRPWaitPage,1769460697,9,0,1
ked1wnip,38,ij3ds51h,96,mock,DiscussionGRPWaitPage,1769460697,9,0,1
ked1wnip,50,3jfht9qe,96,mock,DiscussionGRPWaitPage,1769460697,9,0,1
ked1wnip,48,xdt04re4,96,mock,DiscussionGRPWaitPage,1769460697,9,0,1
ked1wnip,38,ij3ds51h,101,mock,Discussion,1769460701,9,0,0
ked1wnip,48,xdt04re4,101,mock,Discussion,1769460703,9,0,0
ked1wnip,50,3jfht9qe,101,mock,Discussion,1769460703,9,0,0
ked1wnip,49,6ahkz2nl,101,mock,Discussion,1769460704,9,0,0
ked1wnip,38,ij3ds51h,107,mock,DiscussionGRPWaitPage,1769460704,10,0,1
ked1wnip,50,3jfht9qe,107,mock,DiscussionGRPWaitPage,1769460704,10,0,1
ked1wnip,48,xdt04re4,107,mock,DiscussionGRPWaitPage,1769460704,10,0,1
ked1wnip,49,6ahkz2nl,107,mock,DiscussionGRPWaitPage,1769460704,10,0,1
ked1wnip,48,xdt04re4,112,mock,Discussion,1769460706,10,0,0
ked1wnip,38,ij3ds51h,112,mock,Discussion,1769460707,10,0,0
ked1wnip,49,6ahkz2nl,112,mock,Discussion,1769460708,10,0,0
ked1wnip,58,o4pym5jp,0,,InitializeParticipant,1769460710,1,0,0
ked1wnip,50,3jfht9qe,112,mock,Discussion,1769460716,10,0,0
ked1wnip,49,6ahkz2nl,118,mock,DiscussionGRPWaitPage,1769460716,11,0,1
ked1wnip,38,ij3ds51h,118,mock,DiscussionGRPWaitPage,1769460716,11,0,1
ked1wnip,50,3jfht9qe,118,mock,DiscussionGRPWaitPage,1769460716,11,0,1
ked1wnip,48,xdt04re4,118,mock,DiscussionGRPWaitPage,1769460716,11,0,1
ked1wnip,48,xdt04re4,123,mock,Discussion,1769460720,11,0,0
ked1wnip,38,ij3ds51h,123,mock,Discussion,1769460720,11,0,0
ked1wnip,35,en5j9795,167,mock,Discussion,1769460723,15,1,0
ked1wnip,35,en5j9795,173,mock,DiscussionGRPWaitPage,1769460723,16,0,1
ked1wnip,8,4467c8gz,173,mock,DiscussionGRPWaitPage,1769460723,16,0,1
ked1wnip,41,shysgwqy,173,mock,DiscussionGRPWaitPage,1769460723,16,0,1
ked1wnip,7,4bh55twh,173,mock,DiscussionGRPWaitPage,1769460723,16,0,1
ked1wnip,49,6ahkz2nl,123,mock,Discussion,1769460724,11,0,0
ked1wnip,50,3jfht9qe,123,mock,Discussion,1769460726,11,0,0
ked1wnip,50,3jfht9qe,129,mock,DiscussionGRPWaitPage,1769460727,12,0,1
ked1wnip,48,xdt04re4,129,mock,DiscussionGRPWaitPage,1769460727,12,0,1
ked1wnip,38,ij3ds51h,129,mock,DiscussionGRPWaitPage,1769460727,12,0,1
ked1wnip,49,6ahkz2nl,129,mock,DiscussionGRPWaitPage,1769460727,12,0,1
ked1wnip,58,o4pym5jp,1,presurvey,Introduction,1769460727,1,0,0
ked1wnip,8,4467c8gz,178,mock,Discussion,1769460727,16,0,0
ked1wnip,48,xdt04re4,134,mock,Discussion,1769460730,12,0,0
ked1wnip,49,6ahkz2nl,134,mock,Discussion,1769460731,12,0,0
ked1wnip,38,ij3ds51h,134,mock,Discussion,1769460731,12,0,0
ked1wnip,7,4bh55twh,178,mock,Discussion,1769460732,16,0,0
ked1wnip,50,3jfht9qe,134,mock,Discussion,1769460732,12,0,0
ked1wnip,49,6ahkz2nl,140,mock,DiscussionGRPWaitPage,1769460732,13,0,1
ked1wnip,38,ij3ds51h,140,mock,DiscussionGRPWaitPage,1769460732,13,0,1
ked1wnip,50,3jfht9qe,140,mock,DiscussionGRPWaitPage,1769460732,13,0,1
ked1wnip,48,xdt04re4,140,mock,DiscussionGRPWaitPage,1769460732,13,0,1
ked1wnip,41,shysgwqy,178,mock,Discussion,1769460733,16,0,0
ked1wnip,49,6ahkz2nl,145,mock,Discussion,1769460734,13,0,0
ked1wnip,38,ij3ds51h,145,mock,Discussion,1769460735,13,0,0
ked1wnip,50,3jfht9qe,145,mock,Discussion,1769460736,13,0,0
ked1wnip,48,xdt04re4,145,mock,Discussion,1769460736,13,0,0
ked1wnip,49,6ahkz2nl,151,mock,DiscussionGRPWaitPage,1769460737,14,0,1
ked1wnip,38,ij3ds51h,151,mock,DiscussionGRPWaitPage,1769460737,14,0,1
ked1wnip,50,3jfht9qe,151,mock,DiscussionGRPWaitPage,1769460737,14,0,1
ked1wnip,48,xdt04re4,151,mock,DiscussionGRPWaitPage,1769460737,14,0,1
ked1wnip,48,xdt04re4,156,mock,Discussion,1769460739,14,0,0
ked1wnip,49,6ahkz2nl,156,mock,Discussion,1769460739,14,0,0
ked1wnip,38,ij3ds51h,156,mock,Discussion,1769460740,14,0,0
ked1wnip,50,3jfht9qe,156,mock,Discussion,1769460742,14,0,0
ked1wnip,49,6ahkz2nl,162,mock,DiscussionGRPWaitPage,1769460742,15,0,1
ked1wnip,38,ij3ds51h,162,mock,DiscussionGRPWaitPage,1769460742,15,0,1
ked1wnip,50,3jfht9qe,162,mock,DiscussionGRPWaitPage,1769460742,15,0,1
ked1wnip,48,xdt04re4,162,mock,DiscussionGRPWaitPage,1769460742,15,0,1
ked1wnip,58,o4pym5jp,2,presurvey,AudioCheck,1769460743,1,0,0
ked1wnip,48,xdt04re4,167,mock,Discussion,1769460744,15,0,0
ked1wnip,49,6ahkz2nl,167,mock,Discussion,1769460745,15,0,0
ked1wnip,38,ij3ds51h,167,mock,Discussion,1769460746,15,0,0
ked1wnip,50,3jfht9qe,167,mock,Discussion,1769460751,15,0,0
ked1wnip,49,6ahkz2nl,173,mock,DiscussionGRPWaitPage,1769460751,16,0,1
ked1wnip,38,ij3ds51h,173,mock,DiscussionGRPWaitPage,1769460751,16,0,1
ked1wnip,50,3jfht9qe,173,mock,DiscussionGRPWaitPage,1769460751,16,0,1
ked1wnip,48,xdt04re4,173,mock,DiscussionGRPWaitPage,1769460751,16,0,1
ked1wnip,49,6ahkz2nl,178,mock,Discussion,1769460755,16,0,0
ked1wnip,48,xdt04re4,178,mock,Discussion,1769460755,16,0,0
ked1wnip,38,ij3ds51h,178,mock,Discussion,1769460755,16,0,0
ked1wnip,50,3jfht9qe,178,mock,Discussion,1769460758,16,0,0
ked1wnip,49,6ahkz2nl,184,mock,DiscussionGRPWaitPage,1769460758,17,0,1
ked1wnip,38,ij3ds51h,184,mock,DiscussionGRPWaitPage,1769460758,17,0,1
ked1wnip,50,3jfht9qe,184,mock,DiscussionGRPWaitPage,1769460758,17,0,1
ked1wnip,48,xdt04re4,184,mock,DiscussionGRPWaitPage,1769460758,17,0,1
ked1wnip,35,en5j9795,178,mock,Discussion,1769460760,16,1,0
ked1wnip,41,shysgwqy,184,mock,DiscussionGRPWaitPage,1769460760,17,0,1
ked1wnip,35,en5j9795,184,mock,DiscussionGRPWaitPage,1769460760,17,0,1
ked1wnip,7,4bh55twh,184,mock,DiscussionGRPWaitPage,1769460760,17,0,1
ked1wnip,8,4467c8gz,184,mock,DiscussionGRPWaitPage,1769460760,17,0,1
ked1wnip,48,xdt04re4,189,mock,Discussion,1769460761,17,0,0
ked1wnip,49,6ahkz2nl,189,mock,Discussion,1769460761,17,0,0
ked1wnip,38,ij3ds51h,189,mock,Discussion,1769460762,17,0,0
ked1wnip,50,3jfht9qe,189,mock,Discussion,1769460762,17,0,0
ked1wnip,50,3jfht9qe,195,mock,DiscussionGRPWaitPage,1769460762,18,0,1
ked1wnip,49,6ahkz2nl,195,mock,DiscussionGRPWaitPage,1769460762,18,0,1
ked1wnip,38,ij3ds51h,195,mock,DiscussionGRPWaitPage,1769460762,18,0,1
ked1wnip,48,xdt04re4,195,mock,DiscussionGRPWaitPage,1769460762,18,0,1
ked1wnip,8,4467c8gz,189,mock,Discussion,1769460764,17,0,0
ked1wnip,48,xdt04re4,200,mock,Discussion,1769460765,18,0,0
ked1wnip,49,6ahkz2nl,200,mock,Discussion,1769460765,18,0,0
ked1wnip,58,o4pym5jp,3,presurvey,Scenario,1769460765,1,0,0
ked1wnip,50,3jfht9qe,200,mock,Discussion,1769460765,18,0,0
ked1wnip,41,shysgwqy,189,mock,Discussion,1769460767,17,0,0
ked1wnip,38,ij3ds51h,200,mock,Discussion,1769460767,18,0,0
ked1wnip,38,ij3ds51h,206,mock,DiscussionGRPWaitPage,1769460767,19,0,1
ked1wnip,48,xdt04re4,206,mock,DiscussionGRPWaitPage,1769460767,19,0,1
ked1wnip,49,6ahkz2nl,206,mock,DiscussionGRPWaitPage,1769460767,19,0,1
ked1wnip,50,3jfht9qe,206,mock,DiscussionGRPWaitPage,1769460767,19,0,1
ked1wnip,7,4bh55twh,189,mock,Discussion,1769460768,17,0,0
ked1wnip,48,xdt04re4,211,mock,Discussion,1769460770,19,0,0
ked1wnip,49,6ahkz2nl,211,mock,Discussion,1769460770,19,0,0
ked1wnip,38,ij3ds51h,211,mock,Discussion,1769460771,19,0,0
ked1wnip,50,3jfht9qe,211,mock,Discussion,1769460774,19,0,0
ked1wnip,49,6ahkz2nl,217,mock,DiscussionGRPWaitPage,1769460774,20,0,1
ked1wnip,38,ij3ds51h,217,mock,DiscussionGRPWaitPage,1769460774,20,0,1
ked1wnip,50,3jfht9qe,217,mock,DiscussionGRPWaitPage,1769460774,20,0,1
ked1wnip,48,xdt04re4,217,mock,DiscussionGRPWaitPage,1769460774,20,0,1
ked1wnip,48,xdt04re4,222,mock,Discussion,1769460777,20,0,0
ked1wnip,49,6ahkz2nl,222,mock,Discussion,1769460777,20,0,0
ked1wnip,38,ij3ds51h,222,mock,Discussion,1769460777,20,0,0
ked1wnip,50,3jfht9qe,222,mock,Discussion,1769460777,20,0,0
ked1wnip,48,xdt04re4,223,mock,FinalRoundWaitPage,1769460778,20,0,1
ked1wnip,49,6ahkz2nl,223,mock,FinalRoundWaitPage,1769460778,20,0,1
ked1wnip,38,ij3ds51h,223,mock,FinalRoundWaitPage,1769460778,20,0,1
ked1wnip,50,3jfht9qe,223,mock,FinalRoundWaitPage,1769460778,20,0,1
ked1wnip,38,ij3ds51h,224,mock,FinalRound,1769460783,20,0,0
ked1wnip,49,6ahkz2nl,224,mock,FinalRound,1769460784,20,0,0
ked1wnip,48,xdt04re4,224,mock,FinalRound,1769460785,20,0,0
ked1wnip,58,o4pym5jp,4,presurvey,Commitment,1769460788,1,0,0
ked1wnip,35,en5j9795,189,mock,Discussion,1769460796,17,1,0
ked1wnip,41,shysgwqy,195,mock,DiscussionGRPWaitPage,1769460796,18,0,1
ked1wnip,35,en5j9795,195,mock,DiscussionGRPWaitPage,1769460796,18,0,1
ked1wnip,7,4bh55twh,195,mock,DiscussionGRPWaitPage,1769460796,18,0,1
ked1wnip,8,4467c8gz,195,mock,DiscussionGRPWaitPage,1769460796,18,0,1
ked1wnip,8,4467c8gz,200,mock,Discussion,1769460800,18,0,0
ked1wnip,41,shysgwqy,200,mock,Discussion,1769460801,18,0,0
ked1wnip,59,m2j1aetk,0,,InitializeParticipant,1769460802,1,0,0
ked1wnip,7,4bh55twh,200,mock,Discussion,1769460803,18,0,0
ked1wnip,59,m2j1aetk,1,presurvey,Introduction,1769460806,1,0,0
ked1wnip,50,3jfht9qe,224,mock,FinalRound,1769460817,20,0,0
ked1wnip,35,en5j9795,200,mock,Discussion,1769460835,18,1,0
ked1wnip,41,shysgwqy,206,mock,DiscussionGRPWaitPage,1769460835,19,0,1
ked1wnip,7,4bh55twh,206,mock,DiscussionGRPWaitPage,1769460835,19,0,1
ked1wnip,35,en5j9795,206,mock,DiscussionGRPWaitPage,1769460835,19,0,1
ked1wnip,8,4467c8gz,206,mock,DiscussionGRPWaitPage,1769460835,19,0,1
ked1wnip,59,m2j1aetk,2,presurvey,AudioCheck,1769460836,1,0,0
ked1wnip,8,4467c8gz,211,mock,Discussion,1769460839,19,0,0
ked1wnip,7,4bh55twh,211,mock,Discussion,1769460845,19,0,0
ked1wnip,41,shysgwqy,211,mock,Discussion,1769460847,19,0,0
ked1wnip,59,m2j1aetk,3,presurvey,Scenario,1769460871,1,0,0
ked1wnip,35,en5j9795,211,mock,Discussion,1769460873,19,1,0
ked1wnip,41,shysgwqy,217,mock,DiscussionGRPWaitPage,1769460873,20,0,1
ked1wnip,7,4bh55twh,217,mock,DiscussionGRPWaitPage,1769460873,20,0,1
ked1wnip,35,en5j9795,217,mock,DiscussionGRPWaitPage,1769460873,20,0,1
ked1wnip,8,4467c8gz,217,mock,DiscussionGRPWaitPage,1769460873,20,0,1
ked1wnip,7,4bh55twh,222,mock,Discussion,1769460879,20,0,0
ked1wnip,41,shysgwqy,222,mock,Discussion,1769460880,20,0,0
ked1wnip,8,4467c8gz,222,mock,Discussion,1769460883,20,0,0
ked1wnip,35,en5j9795,222,mock,Discussion,1769460912,20,1,0
ked1wnip,7,4bh55twh,223,mock,FinalRoundWaitPage,1769460912,20,0,1
ked1wnip,41,shysgwqy,223,mock,FinalRoundWaitPage,1769460912,20,0,1
ked1wnip,8,4467c8gz,223,mock,FinalRoundWaitPage,1769460912,20,0,1
ked1wnip,35,en5j9795,223,mock,FinalRoundWaitPage,1769460912,20,0,1
ked1wnip,8,4467c8gz,224,mock,FinalRound,1769460919,20,0,0
ked1wnip,41,shysgwqy,224,mock,FinalRound,1769460921,20,0,0
ked1wnip,7,4bh55twh,224,mock,FinalRound,1769460922,20,0,0
ked1wnip,60,4gq16dpu,0,,InitializeParticipant,1769460988,1,0,0
ked1wnip,60,4gq16dpu,1,presurvey,Introduction,1769460991,1,0,0
ked1wnip,60,4gq16dpu,2,presurvey,AudioCheck,1769461004,1,0,0
ked1wnip,61,hdsamyc6,0,,InitializeParticipant,1769461024,1,0,0
ked1wnip,60,4gq16dpu,3,presurvey,Scenario,1769461028,1,0,0
ked1wnip,61,hdsamyc6,1,presurvey,Introduction,1769461046,1,0,0
ked1wnip,61,hdsamyc6,2,presurvey,AudioCheck,1769461089,1,0,0
ked1wnip,62,7tpf3pek,0,,InitializeParticipant,1769461113,1,0,0
ked1wnip,62,7tpf3pek,1,presurvey,Introduction,1769461119,1,0,0
ked1wnip,63,ddivogr3,0,,InitializeParticipant,1769461122,1,0,0
ked1wnip,64,01jzpun0,0,,InitializeParticipant,1769461122,1,0,0
ked1wnip,64,01jzpun0,1,presurvey,Introduction,1769461127,1,0,0
ked1wnip,65,6aa49v8r,0,,InitializeParticipant,1769461127,1,0,0
ked1wnip,65,6aa49v8r,1,presurvey,Introduction,1769461129,1,0,0
ked1wnip,66,el2k3ldb,0,,InitializeParticipant,1769461132,1,0,0
ked1wnip,62,7tpf3pek,2,presurvey,AudioCheck,1769461134,1,0,0
ked1wnip,67,mabwwvdg,0,,InitializeParticipant,1769461135,1,0,0
ked1wnip,65,6aa49v8r,2,presurvey,AudioCheck,1769461140,1,0,0
ked1wnip,67,mabwwvdg,1,presurvey,Introduction,1769461145,1,0,0
ked1wnip,66,el2k3ldb,1,presurvey,Introduction,1769461149,1,0,0
ked1wnip,61,hdsamyc6,3,presurvey,Scenario,1769461155,1,0,0
ked1wnip,64,01jzpun0,2,presurvey,AudioCheck,1769461157,1,0,0
ked1wnip,68,k1boj9y0,0,,InitializeParticipant,1769461159,1,0,0
ked1wnip,65,6aa49v8r,3,presurvey,Scenario,1769461162,1,0,0
ked1wnip,67,mabwwvdg,2,presurvey,AudioCheck,1769461165,1,0,0
ked1wnip,63,ddivogr3,1,presurvey,Introduction,1769461173,1,0,0
ked1wnip,68,k1boj9y0,1,presurvey,Introduction,1769461185,1,0,0
ked1wnip,66,el2k3ldb,2,presurvey,AudioCheck,1769461190,1,0,0
ked1wnip,63,ddivogr3,2,presurvey,AudioCheck,1769461190,1,0,0
ked1wnip,67,mabwwvdg,3,presurvey,Scenario,1769461201,1,0,0
ked1wnip,68,k1boj9y0,2,presurvey,AudioCheck,1769461214,1,0,0
ked1wnip,45,ruitza3h,5,mock,GroupingWaitPage,1769461220,1,0,1
ked1wnip,45,ruitza3h,6,mock,GroupSizeWaitPage,1769461220,1,0,1
ked1wnip,45,ruitza3h,7,mock,AttentionCheck,1769461228,1,0,0
ked1wnip,66,el2k3ldb,3,presurvey,Scenario,1769461237,1,0,0
ked1wnip,68,k1boj9y0,3,presurvey,Scenario,1769461257,1,0,0
ked1wnip,69,1iz4ai3p,0,,InitializeParticipant,1769461285,1,0,0
ked1wnip,62,7tpf3pek,3,presurvey,Scenario,1769461288,1,0,0
ked1wnip,69,1iz4ai3p,1,presurvey,Introduction,1769461311,1,0,0
ked1wnip,69,1iz4ai3p,2,presurvey,AudioCheck,1769461357,1,0,0
ked1wnip,63,ddivogr3,3,presurvey,Scenario,1769461360,1,0,0
ked1wnip,62,7tpf3pek,4,presurvey,Commitment,1769461361,1,0,0
ked1wnip,64,01jzpun0,3,presurvey,Scenario,1769461375,1,0,0
ked1wnip,69,1iz4ai3p,3,presurvey,Scenario,1769461406,1,0,0
ked1wnip,70,n1irams0,0,,InitializeParticipant,1769461424,1,0,0
ked1wnip,70,n1irams0,1,presurvey,Introduction,1769461430,1,0,0
ked1wnip,63,ddivogr3,4,presurvey,Commitment,1769461446,1,0,0
ked1wnip,64,01jzpun0,4,presurvey,Commitment,1769461454,1,0,0
ked1wnip,70,n1irams0,2,presurvey,AudioCheck,1769461470,1,0,0
ked1wnip,69,1iz4ai3p,4,presurvey,Commitment,1769461500,1,0,0
ked1wnip,71,jfyoa9kj,0,,InitializeParticipant,1769461522,1,0,0
ked1wnip,70,n1irams0,3,presurvey,Scenario,1769461522,1,0,0
ked1wnip,71,jfyoa9kj,1,presurvey,Introduction,1769461575,1,0,0
ked1wnip,70,n1irams0,4,presurvey,Commitment,1769461585,1,0,0
ked1wnip,71,jfyoa9kj,2,presurvey,AudioCheck,1769461612,1,0,0
ked1wnip,71,jfyoa9kj,3,presurvey,Scenario,1769461685,1,0,0
ked1wnip,58,o4pym5jp,5,mock,GroupingWaitPage,1769461689,1,0,1
ked1wnip,62,7tpf3pek,5,mock,GroupingWaitPage,1769461689,1,0,1
ked1wnip,64,01jzpun0,5,mock,GroupingWaitPage,1769461689,1,0,1
ked1wnip,69,1iz4ai3p,5,mock,GroupingWaitPage,1769461689,1,0,1
ked1wnip,58,o4pym5jp,6,mock,GroupSizeWaitPage,1769461689,1,0,1
ked1wnip,62,7tpf3pek,6,mock,GroupSizeWaitPage,1769461689,1,0,1
ked1wnip,64,01jzpun0,6,mock,GroupSizeWaitPage,1769461689,1,0,1
ked1wnip,69,1iz4ai3p,6,mock,GroupSizeWaitPage,1769461689,1,0,1
ked1wnip,58,o4pym5jp,8,mock,DiscussionGRPWaitPage,1769461690,1,0,1
ked1wnip,64,01jzpun0,8,mock,DiscussionGRPWaitPage,1769461690,1,0,1
ked1wnip,69,1iz4ai3p,8,mock,DiscussionGRPWaitPage,1769461690,1,0,1
ked1wnip,62,7tpf3pek,8,mock,DiscussionGRPWaitPage,1769461690,1,0,1
ked1wnip,58,o4pym5jp,9,mock,Nudge,1769461708,1,0,0
ked1wnip,62,7tpf3pek,9,mock,Nudge,1769461716,1,0,0
ked1wnip,64,01jzpun0,9,mock,Nudge,1769461720,1,0,0
ked1wnip,58,o4pym5jp,10,mock,NudgeTraining,1769461721,1,0,0
ked1wnip,62,7tpf3pek,10,mock,NudgeTraining,1769461722,1,0,0
ked1wnip,69,1iz4ai3p,9,mock,Nudge,1769461729,1,0,0
ked1wnip,58,o4pym5jp,11,mock,NudgeTrainingLast,1769461729,1,0,0
ked1wnip,62,7tpf3pek,11,mock,NudgeTrainingLast,1769461730,1,0,0
ked1wnip,69,1iz4ai3p,10,mock,NudgeTraining,1769461736,1,0,0
ked1wnip,62,7tpf3pek,12,mock,Phase3,1769461738,1,0,0
ked1wnip,58,o4pym5jp,12,mock,Phase3,1769461738,1,0,0
ked1wnip,62,7tpf3pek,13,mock,Discussion,1769461747,1,0,0
ked1wnip,58,o4pym5jp,13,mock,Discussion,1769461749,1,0,0
ked1wnip,64,01jzpun0,10,mock,NudgeTraining,1769461751,1,0,0
ked1wnip,69,1iz4ai3p,11,mock,NudgeTrainingLast,1769461762,1,0,0
ked1wnip,64,01jzpun0,11,mock,NudgeTrainingLast,1769461770,1,0,0
ked1wnip,69,1iz4ai3p,12,mock,Phase3,1769461779,1,0,0
ked1wnip,64,01jzpun0,12,mock,Phase3,1769461788,1,0,0
ked1wnip,64,01jzpun0,13,mock,Discussion,1769461809,1,0,0
ked1wnip,69,1iz4ai3p,13,mock,Discussion,1769461815,1,0,0
ked1wnip,58,o4pym5jp,19,mock,DiscussionGRPWaitPage,1769461816,2,0,1
ked1wnip,64,01jzpun0,19,mock,DiscussionGRPWaitPage,1769461816,2,0,1
ked1wnip,69,1iz4ai3p,19,mock,DiscussionGRPWaitPage,1769461816,2,0,1
ked1wnip,62,7tpf3pek,19,mock,DiscussionGRPWaitPage,1769461816,2,0,1
ked1wnip,58,o4pym5jp,24,mock,Discussion,1769461821,2,0,0
ked1wnip,62,7tpf3pek,24,mock,Discussion,1769461821,2,0,0
ked1wnip,69,1iz4ai3p,24,mock,Discussion,1769461833,2,0,0
ked1wnip,64,01jzpun0,24,mock,Discussion,1769461833,2,0,0
ked1wnip,58,o4pym5jp,30,mock,DiscussionGRPWaitPage,1769461834,3,0,1
ked1wnip,64,01jzpun0,30,mock,DiscussionGRPWaitPage,1769461834,3,0,1
ked1wnip,69,1iz4ai3p,30,mock,DiscussionGRPWaitPage,1769461834,3,0,1
ked1wnip,62,7tpf3pek,30,mock,DiscussionGRPWaitPage,1769461834,3,0,1
ked1wnip,62,7tpf3pek,35,mock,Discussion,1769461838,3,0,0
ked1wnip,58,o4pym5jp,35,mock,Discussion,1769461840,3,0,0
ked1wnip,64,01jzpun0,35,mock,Discussion,1769461851,3,0,0
ked1wnip,69,1iz4ai3p,35,mock,Discussion,1769461853,3,0,0
ked1wnip,69,1iz4ai3p,41,mock,DiscussionGRPWaitPage,1769461854,4,0,1
ked1wnip,58,o4pym5jp,41,mock,DiscussionGRPWaitPage,1769461854,4,0,1
ked1wnip,64,01jzpun0,41,mock,DiscussionGRPWaitPage,1769461854,4,0,1
ked1wnip,62,7tpf3pek,41,mock,DiscussionGRPWaitPage,1769461854,4,0,1
ked1wnip,62,7tpf3pek,46,mock,Discussion,1769461858,4,0,0
ked1wnip,58,o4pym5jp,46,mock,Discussion,1769461858,4,0,0
ked1wnip,64,01jzpun0,46,mock,Discussion,1769461870,4,0,0
ked1wnip,69,1iz4ai3p,46,mock,Discussion,1769461870,4,0,0
ked1wnip,64,01jzpun0,52,mock,DiscussionGRPWaitPage,1769461870,5,0,1
ked1wnip,69,1iz4ai3p,52,mock,DiscussionGRPWaitPage,1769461870,5,0,1
ked1wnip,62,7tpf3pek,52,mock,DiscussionGRPWaitPage,1769461870,5,0,1
ked1wnip,58,o4pym5jp,52,mock,DiscussionGRPWaitPage,1769461870,5,0,1
ked1wnip,62,7tpf3pek,57,mock,Discussion,1769461874,5,0,0
ked1wnip,58,o4pym5jp,57,mock,Discussion,1769461875,5,0,0
ked1wnip,69,1iz4ai3p,57,mock,Discussion,1769461884,5,0,0
ked1wnip,64,01jzpun0,57,mock,Discussion,1769461887,5,0,0
ked1wnip,58,o4pym5jp,63,mock,DiscussionGRPWaitPage,1769461888,6,0,1
ked1wnip,64,01jzpun0,63,mock,DiscussionGRPWaitPage,1769461888,6,0,1
ked1wnip,69,1iz4ai3p,63,mock,DiscussionGRPWaitPage,1769461888,6,0,1
ked1wnip,62,7tpf3pek,63,mock,DiscussionGRPWaitPage,1769461888,6,0,1
ked1wnip,62,7tpf3pek,68,mock,Discussion,1769461892,6,0,0
ked1wnip,58,o4pym5jp,68,mock,Discussion,1769461896,6,0,0
ked1wnip,69,1iz4ai3p,68,mock,Discussion,1769461901,6,0,0
ked1wnip,64,01jzpun0,68,mock,Discussion,1769461902,6,0,0
ked1wnip,58,o4pym5jp,74,mock,DiscussionGRPWaitPage,1769461903,7,0,1
ked1wnip,64,01jzpun0,74,mock,DiscussionGRPWaitPage,1769461903,7,0,1
ked1wnip,69,1iz4ai3p,74,mock,DiscussionGRPWaitPage,1769461903,7,0,1
ked1wnip,62,7tpf3pek,74,mock,DiscussionGRPWaitPage,1769461903,7,0,1
ked1wnip,62,7tpf3pek,79,mock,Discussion,1769461906,7,0,0
ked1wnip,58,o4pym5jp,79,mock,Discussion,1769461907,7,0,0
ked1wnip,69,1iz4ai3p,79,mock,Discussion,1769461915,7,0,0
ked1wnip,64,01jzpun0,79,mock,Discussion,1769461919,7,0,0
ked1wnip,58,o4pym5jp,85,mock,DiscussionGRPWaitPage,1769461919,8,0,1
ked1wnip,64,01jzpun0,85,mock,DiscussionGRPWaitPage,1769461919,8,0,1
ked1wnip,69,1iz4ai3p,85,mock,DiscussionGRPWaitPage,1769461919,8,0,1
ked1wnip,62,7tpf3pek,85,mock,DiscussionGRPWaitPage,1769461919,8,0,1
ked1wnip,58,o4pym5jp,90,mock,Discussion,1769461923,8,0,0
ked1wnip,62,7tpf3pek,90,mock,Discussion,1769461924,8,0,0
ked1wnip,72,rrp0xq1c,0,,InitializeParticipant,1769461928,1,0,0
ked1wnip,69,1iz4ai3p,90,mock,Discussion,1769461933,8,0,0
ked1wnip,64,01jzpun0,90,mock,Discussion,1769461936,8,0,0
ked1wnip,58,o4pym5jp,96,mock,DiscussionGRPWaitPage,1769461936,9,0,1
ked1wnip,64,01jzpun0,96,mock,DiscussionGRPWaitPage,1769461936,9,0,1
ked1wnip,69,1iz4ai3p,96,mock,DiscussionGRPWaitPage,1769461936,9,0,1
ked1wnip,62,7tpf3pek,96,mock,DiscussionGRPWaitPage,1769461936,9,0,1
ked1wnip,58,o4pym5jp,101,mock,Discussion,1769461940,9,0,0
ked1wnip,62,7tpf3pek,101,mock,Discussion,1769461940,9,0,0
ked1wnip,69,1iz4ai3p,101,mock,Discussion,1769461950,9,0,0
ked1wnip,72,rrp0xq1c,1,presurvey,Introduction,1769461950,1,0,0
ked1wnip,73,ji7uvhpr,0,,InitializeParticipant,1769461951,1,0,0
ked1wnip,64,01jzpun0,101,mock,Discussion,1769461953,9,0,0
ked1wnip,58,o4pym5jp,107,mock,DiscussionGRPWaitPage,1769461953,10,0,1
ked1wnip,69,1iz4ai3p,107,mock,DiscussionGRPWaitPage,1769461953,10,0,1
ked1wnip,62,7tpf3pek,107,mock,DiscussionGRPWaitPage,1769461953,10,0,1
ked1wnip,64,01jzpun0,107,mock,DiscussionGRPWaitPage,1769461953,10,0,1
ked1wnip,62,7tpf3pek,112,mock,Discussion,1769461958,10,0,0
ked1wnip,58,o4pym5jp,112,mock,Discussion,1769461958,10,0,0
ked1wnip,73,ji7uvhpr,1,presurvey,Introduction,1769461960,1,0,0
ked1wnip,72,rrp0xq1c,2,presurvey,AudioCheck,1769461965,1,0,0
ked1wnip,69,1iz4ai3p,112,mock,Discussion,1769461967,10,0,0
ked1wnip,64,01jzpun0,112,mock,Discussion,1769461970,10,0,0
ked1wnip,58,o4pym5jp,118,mock,DiscussionGRPWaitPage,1769461970,11,0,1
ked1wnip,64,01jzpun0,118,mock,DiscussionGRPWaitPage,1769461970,11,0,1
ked1wnip,69,1iz4ai3p,118,mock,DiscussionGRPWaitPage,1769461970,11,0,1
ked1wnip,62,7tpf3pek,118,mock,DiscussionGRPWaitPage,1769461970,11,0,1
ked1wnip,73,ji7uvhpr,2,presurvey,AudioCheck,1769461975,1,0,0
ked1wnip,58,o4pym5jp,123,mock,Discussion,1769461976,11,0,0
ked1wnip,62,7tpf3pek,123,mock,Discussion,1769461976,11,0,0
ked1wnip,69,1iz4ai3p,123,mock,Discussion,1769461984,11,0,0
ked1wnip,64,01jzpun0,123,mock,Discussion,1769461985,11,0,0
ked1wnip,69,1iz4ai3p,129,mock,DiscussionGRPWaitPage,1769461985,12,0,1
ked1wnip,58,o4pym5jp,129,mock,DiscussionGRPWaitPage,1769461985,12,0,1
ked1wnip,64,01jzpun0,129,mock,DiscussionGRPWaitPage,1769461985,12,0,1
ked1wnip,62,7tpf3pek,129,mock,DiscussionGRPWaitPage,1769461985,12,0,1
ked1wnip,62,7tpf3pek,134,mock,Discussion,1769461988,12,0,0
ked1wnip,58,o4pym5jp,134,mock,Discussion,1769461989,12,0,0
ked1wnip,64,01jzpun0,134,mock,Discussion,1769461999,12,0,0
ked1wnip,69,1iz4ai3p,134,mock,Discussion,1769462000,12,0,0
ked1wnip,58,o4pym5jp,140,mock,DiscussionGRPWaitPage,1769462000,13,0,1
ked1wnip,64,01jzpun0,140,mock,DiscussionGRPWaitPage,1769462000,13,0,1
ked1wnip,69,1iz4ai3p,140,mock,DiscussionGRPWaitPage,1769462000,13,0,1
ked1wnip,62,7tpf3pek,140,mock,DiscussionGRPWaitPage,1769462000,13,0,1
ked1wnip,62,7tpf3pek,145,mock,Discussion,1769462003,13,0,0
ked1wnip,58,o4pym5jp,145,mock,Discussion,1769462004,13,0,0
ked1wnip,69,1iz4ai3p,145,mock,Discussion,1769462014,13,0,0
ked1wnip,64,01jzpun0,145,mock,Discussion,1769462016,13,0,0
ked1wnip,69,1iz4ai3p,151,mock,DiscussionGRPWaitPage,1769462016,14,0,1
ked1wnip,62,7tpf3pek,151,mock,DiscussionGRPWaitPage,1769462016,14,0,1
ked1wnip,58,o4pym5jp,151,mock,DiscussionGRPWaitPage,1769462016,14,0,1
ked1wnip,64,01jzpun0,151,mock,DiscussionGRPWaitPage,1769462016,14,0,1
ked1wnip,62,7tpf3pek,156,mock,Discussion,1769462019,14,0,0
ked1wnip,74,5kh3f0g5,0,,InitializeParticipant,1769462020,1,0,0
ked1wnip,58,o4pym5jp,156,mock,Discussion,1769462021,14,0,0
ked1wnip,75,gnjizw05,0,,InitializeParticipant,1769462024,1,0,0
ked1wnip,69,1iz4ai3p,156,mock,Discussion,1769462029,14,0,0
ked1wnip,64,01jzpun0,156,mock,Discussion,1769462031,14,0,0
ked1wnip,58,o4pym5jp,162,mock,DiscussionGRPWaitPage,1769462031,15,0,1
ked1wnip,64,01jzpun0,162,mock,DiscussionGRPWaitPage,1769462031,15,0,1
ked1wnip,69,1iz4ai3p,162,mock,DiscussionGRPWaitPage,1769462031,15,0,1
ked1wnip,62,7tpf3pek,162,mock,DiscussionGRPWaitPage,1769462031,15,0,1
ked1wnip,62,7tpf3pek,167,mock,Discussion,1769462034,15,0,0
ked1wnip,58,o4pym5jp,167,mock,Discussion,1769462036,15,0,0
ked1wnip,72,rrp0xq1c,3,presurvey,Scenario,1769462036,1,0,0
ked1wnip,75,gnjizw05,1,presurvey,Introduction,1769462037,1,0,0
ked1wnip,69,1iz4ai3p,167,mock,Discussion,1769462044,15,0,0
ked1wnip,64,01jzpun0,167,mock,Discussion,1769462047,15,0,0
ked1wnip,58,o4pym5jp,173,mock,DiscussionGRPWaitPage,1769462048,16,0,1
ked1wnip,64,01jzpun0,173,mock,DiscussionGRPWaitPage,1769462048,16,0,1
ked1wnip,69,1iz4ai3p,173,mock,DiscussionGRPWaitPage,1769462048,16,0,1
ked1wnip,62,7tpf3pek,173,mock,DiscussionGRPWaitPage,1769462048,16,0,1
ked1wnip,62,7tpf3pek,178,mock,Discussion,1769462051,16,0,0
ked1wnip,75,gnjizw05,2,presurvey,AudioCheck,1769462051,1,0,0
ked1wnip,58,o4pym5jp,178,mock,Discussion,1769462052,16,0,0
ked1wnip,64,01jzpun0,178,mock,Discussion,1769462064,16,0,0
ked1wnip,69,1iz4ai3p,178,mock,Discussion,1769462064,16,0,0
ked1wnip,73,ji7uvhpr,3,presurvey,Scenario,1769462064,1,0,0
ked1wnip,58,o4pym5jp,184,mock,DiscussionGRPWaitPage,1769462066,17,0,1
ked1wnip,64,01jzpun0,184,mock,DiscussionGRPWaitPage,1769462066,17,0,1
ked1wnip,69,1iz4ai3p,184,mock,DiscussionGRPWaitPage,1769462066,17,0,1
ked1wnip,62,7tpf3pek,184,mock,DiscussionGRPWaitPage,1769462066,17,0,1
ked1wnip,62,7tpf3pek,189,mock,Discussion,1769462069,17,0,0
ked1wnip,58,o4pym5jp,189,mock,Discussion,1769462070,17,0,0
ked1wnip,75,gnjizw05,3,presurvey,Scenario,1769462078,1,0,0
ked1wnip,69,1iz4ai3p,189,mock,Discussion,1769462081,17,0,0
ked1wnip,64,01jzpun0,189,mock,Discussion,1769462087,17,0,0
ked1wnip,58,o4pym5jp,195,mock,DiscussionGRPWaitPage,1769462088,18,0,1
ked1wnip,64,01jzpun0,195,mock,DiscussionGRPWaitPage,1769462088,18,0,1
ked1wnip,69,1iz4ai3p,195,mock,DiscussionGRPWaitPage,1769462088,18,0,1
ked1wnip,62,7tpf3pek,195,mock,DiscussionGRPWaitPage,1769462088,18,0,1
ked1wnip,58,o4pym5jp,200,mock,Discussion,1769462093,18,0,0
ked1wnip,62,7tpf3pek,200,mock,Discussion,1769462093,18,0,0
ked1wnip,69,1iz4ai3p,200,mock,Discussion,1769462102,18,0,0
ked1wnip,75,gnjizw05,4,presurvey,Commitment,1769462103,1,0,0
ked1wnip,64,01jzpun0,200,mock,Discussion,1769462106,18,0,0
ked1wnip,58,o4pym5jp,206,mock,DiscussionGRPWaitPage,1769462107,19,0,1
ked1wnip,64,01jzpun0,206,mock,DiscussionGRPWaitPage,1769462107,19,0,1
ked1wnip,69,1iz4ai3p,206,mock,DiscussionGRPWaitPage,1769462107,19,0,1
ked1wnip,62,7tpf3pek,206,mock,DiscussionGRPWaitPage,1769462107,19,0,1
ked1wnip,62,7tpf3pek,211,mock,Discussion,1769462111,19,0,0
ked1wnip,76,cn1z8jbn,0,,InitializeParticipant,1769462113,1,0,0
ked1wnip,58,o4pym5jp,211,mock,Discussion,1769462113,19,0,0
ked1wnip,64,01jzpun0,211,mock,Discussion,1769462121,19,0,0
ked1wnip,69,1iz4ai3p,211,mock,Discussion,1769462129,19,0,0
ked1wnip,58,o4pym5jp,217,mock,DiscussionGRPWaitPage,1769462130,20,0,1
ked1wnip,64,01jzpun0,217,mock,DiscussionGRPWaitPage,1769462130,20,0,1
ked1wnip,69,1iz4ai3p,217,mock,DiscussionGRPWaitPage,1769462130,20,0,1
ked1wnip,62,7tpf3pek,217,mock,DiscussionGRPWaitPage,1769462130,20,0,1
ked1wnip,58,o4pym5jp,222,mock,Discussion,1769462134,20,0,0
ked1wnip,62,7tpf3pek,222,mock,Discussion,1769462134,20,0,0
ked1wnip,69,1iz4ai3p,222,mock,Discussion,1769462142,20,0,0
ked1wnip,76,cn1z8jbn,1,presurvey,Introduction,1769462143,1,0,0
ked1wnip,64,01jzpun0,222,mock,Discussion,1769462146,20,0,0
ked1wnip,69,1iz4ai3p,223,mock,FinalRoundWaitPage,1769462146,20,0,1
ked1wnip,58,o4pym5jp,223,mock,FinalRoundWaitPage,1769462146,20,0,1
ked1wnip,62,7tpf3pek,223,mock,FinalRoundWaitPage,1769462146,20,0,1
ked1wnip,64,01jzpun0,223,mock,FinalRoundWaitPage,1769462146,20,0,1
ked1wnip,58,o4pym5jp,224,mock,FinalRound,1769462154,20,0,0
ked1wnip,62,7tpf3pek,224,mock,FinalRound,1769462156,20,0,0
ked1wnip,64,01jzpun0,224,mock,FinalRound,1769462157,20,0,0
ked1wnip,69,1iz4ai3p,224,mock,FinalRound,1769462169,20,0,0
ked1wnip,76,cn1z8jbn,2,presurvey,AudioCheck,1769462175,1,0,0
ked1wnip,72,rrp0xq1c,4,presurvey,Commitment,1769462185,1,0,0
ked1wnip,77,34ghwscc,0,,InitializeParticipant,1769462215,1,0,0
ked1wnip,76,cn1z8jbn,3,presurvey,Scenario,1769462221,1,0,0
ked1wnip,77,34ghwscc,1,presurvey,Introduction,1769462269,1,0,0
ked1wnip,77,34ghwscc,2,presurvey,AudioCheck,1769462293,1,0,0
ked1wnip,78,xyiireqy,0,,InitializeParticipant,1769462314,1,0,0
ked1wnip,79,95lga8v5,0,,InitializeParticipant,1769462323,1,0,0
ked1wnip,79,95lga8v5,1,presurvey,Introduction,1769462327,1,0,0
ked1wnip,78,xyiireqy,1,presurvey,Introduction,1769462336,1,0,0
ked1wnip,77,34ghwscc,3,presurvey,Scenario,1769462343,1,0,0
ked1wnip,79,95lga8v5,2,presurvey,AudioCheck,1769462346,1,0,0
ked1wnip,63,ddivogr3,5,mock,GroupingWaitPage,1769462352,1,0,1
ked1wnip,70,n1irams0,5,mock,GroupingWaitPage,1769462352,1,0,1
ked1wnip,72,rrp0xq1c,5,mock,GroupingWaitPage,1769462352,1,0,1
ked1wnip,75,gnjizw05,5,mock,GroupingWaitPage,1769462352,1,0,1
ked1wnip,63,ddivogr3,6,mock,GroupSizeWaitPage,1769462352,1,0,1
ked1wnip,70,n1irams0,6,mock,GroupSizeWaitPage,1769462352,1,0,1
ked1wnip,72,rrp0xq1c,6,mock,GroupSizeWaitPage,1769462352,1,0,1
ked1wnip,75,gnjizw05,6,mock,GroupSizeWaitPage,1769462352,1,0,1
ked1wnip,70,n1irams0,8,mock,DiscussionGRPWaitPage,1769462352,1,0,1
ked1wnip,63,ddivogr3,8,mock,DiscussionGRPWaitPage,1769462352,1,0,1
ked1wnip,72,rrp0xq1c,8,mock,DiscussionGRPWaitPage,1769462352,1,0,1
ked1wnip,75,gnjizw05,8,mock,DiscussionGRPWaitPage,1769462352,1,0,1
ked1wnip,80,1fuww3jg,0,,InitializeParticipant,1769462359,1,0,0
ked1wnip,80,1fuww3jg,1,presurvey,Introduction,1769462364,1,0,0
ked1wnip,78,xyiireqy,2,presurvey,AudioCheck,1769462366,1,0,0
ked1wnip,72,rrp0xq1c,9,mock,Nudge,1769462370,1,0,0
ked1wnip,75,gnjizw05,9,mock,Nudge,1769462377,1,0,0
ked1wnip,81,en2mzbjo,0,,InitializeParticipant,1769462380,1,0,0
ked1wnip,72,rrp0xq1c,10,mock,NudgeTraining,1769462380,1,0,0
ked1wnip,80,1fuww3jg,2,presurvey,AudioCheck,1769462381,1,0,0
ked1wnip,75,gnjizw05,10,mock,NudgeTraining,1769462388,1,0,0
ked1wnip,72,rrp0xq1c,11,mock,NudgeTrainingLast,1769462390,1,0,0
ked1wnip,79,95lga8v5,3,presurvey,Scenario,1769462393,1,0,0
ked1wnip,81,en2mzbjo,1,presurvey,Introduction,1769462395,1,0,0
ked1wnip,75,gnjizw05,11,mock,NudgeTrainingLast,1769462397,1,0,0
ked1wnip,78,xyiireqy,3,presurvey,Scenario,1769462401,1,0,0
ked1wnip,63,ddivogr3,9,mock,Nudge,1769462403,1,0,0
ked1wnip,75,gnjizw05,12,mock,Phase3,1769462414,1,0,0
ked1wnip,63,ddivogr3,10,mock,NudgeTraining,1769462415,1,0,0
ked1wnip,80,1fuww3jg,3,presurvey,Scenario,1769462416,1,0,0
ked1wnip,72,rrp0xq1c,12,mock,Phase3,1769462422,1,0,0
ked1wnip,82,uajs1qgk,0,,InitializeParticipant,1769462422,1,0,0
ked1wnip,79,95lga8v5,4,presurvey,Commitment,1769462423,1,0,0
ked1wnip,82,uajs1qgk,1,presurvey,Introduction,1769462428,1,0,0
ked1wnip,70,n1irams0,9,mock,Nudge,1769462428,1,0,0
ked1wnip,63,ddivogr3,11,mock,NudgeTrainingLast,1769462431,1,0,0
ked1wnip,83,vscherk2,0,,InitializeParticipant,1769462435,1,0,0
ked1wnip,75,gnjizw05,13,mock,Discussion,1769462438,1,0,0
ked1wnip,83,vscherk2,1,presurvey,Introduction,1769462442,1,0,0
ked1wnip,72,rrp0xq1c,13,mock,Discussion,1769462443,1,0,0
ked1wnip,84,8b95k1zt,0,,InitializeParticipant,1769462455,1,0,0
ked1wnip,81,en2mzbjo,2,presurvey,AudioCheck,1769462456,1,0,0
ked1wnip,83,vscherk2,2,presurvey,AudioCheck,1769462459,1,0,0
ked1wnip,82,uajs1qgk,2,presurvey,AudioCheck,1769462461,1,0,0
ked1wnip,81,en2mzbjo,3,presurvey,Scenario,1769462468,1,0,0
ked1wnip,63,ddivogr3,12,mock,Phase3,1769462477,1,1,0
ked1wnip,81,en2mzbjo,4,presurvey,Commitment,1769462480,1,0,0
ked1wnip,84,8b95k1zt,1,presurvey,Introduction,1769462484,1,0,0
ked1wnip,63,ddivogr3,13,mock,Discussion,1769462492,1,0,0
ked1wnip,82,uajs1qgk,3,presurvey,Scenario,1769462498,1,0,0
ked1wnip,70,n1irams0,10,mock,NudgeTraining,1769462503,1,0,0
ked1wnip,83,vscherk2,3,presurvey,Scenario,1769462507,1,0,0
ked1wnip,70,n1irams0,11,mock,NudgeTrainingLast,1769462519,1,0,0
ked1wnip,84,8b95k1zt,2,presurvey,AudioCheck,1769462520,1,0,0
ked1wnip,83,vscherk2,4,presurvey,Commitment,1769462531,1,0,0
ked1wnip,70,n1irams0,12,mock,Phase3,1769462534,1,0,0
ked1wnip,85,29hmf3g5,0,,InitializeParticipant,1769462537,1,0,0
ked1wnip,85,29hmf3g5,1,presurvey,Introduction,1769462542,1,0,0
ked1wnip,86,g8eqwnra,0,,InitializeParticipant,1769462544,1,0,0
ked1wnip,70,n1irams0,13,mock,Discussion,1769462550,1,0,0
ked1wnip,72,rrp0xq1c,19,mock,DiscussionGRPWaitPage,1769462550,2,0,1
ked1wnip,75,gnjizw05,19,mock,DiscussionGRPWaitPage,1769462550,2,0,1
ked1wnip,70,n1irams0,19,mock,DiscussionGRPWaitPage,1769462550,2,0,1
ked1wnip,63,ddivogr3,19,mock,DiscussionGRPWaitPage,1769462550,2,0,1
ked1wnip,70,n1irams0,24,mock,Discussion,1769462560,2,0,0
ked1wnip,72,rrp0xq1c,24,mock,Discussion,1769462562,2,0,0
ked1wnip,75,gnjizw05,24,mock,Discussion,1769462564,2,0,0
ked1wnip,86,g8eqwnra,1,presurvey,Introduction,1769462565,1,0,0
ked1wnip,85,29hmf3g5,2,presurvey,AudioCheck,1769462574,1,0,0
ked1wnip,63,ddivogr3,24,mock,Discussion,1769462575,2,0,0
ked1wnip,72,rrp0xq1c,30,mock,DiscussionGRPWaitPage,1769462575,3,0,1
ked1wnip,75,gnjizw05,30,mock,DiscussionGRPWaitPage,1769462575,3,0,1
ked1wnip,70,n1irams0,30,mock,DiscussionGRPWaitPage,1769462575,3,0,1
ked1wnip,63,ddivogr3,30,mock,DiscussionGRPWaitPage,1769462575,3,0,1
ked1wnip,75,gnjizw05,35,mock,Discussion,1769462585,3,0,0
ked1wnip,70,n1irams0,35,mock,Discussion,1769462586,3,0,0
ked1wnip,72,rrp0xq1c,35,mock,Discussion,1769462586,3,0,0
ked1wnip,63,ddivogr3,35,mock,Discussion,1769462588,3,0,0
ked1wnip,63,ddivogr3,41,mock,DiscussionGRPWaitPage,1769462588,4,0,1
ked1wnip,72,rrp0xq1c,41,mock,DiscussionGRPWaitPage,1769462588,4,0,1
ked1wnip,75,gnjizw05,41,mock,DiscussionGRPWaitPage,1769462588,4,0,1
ked1wnip,70,n1irams0,41,mock,DiscussionGRPWaitPage,1769462588,4,0,1
ked1wnip,86,g8eqwnra,2,presurvey,AudioCheck,1769462591,1,0,0
ked1wnip,72,rrp0xq1c,46,mock,Discussion,1769462593,4,0,0
ked1wnip,70,n1irams0,46,mock,Discussion,1769462593,4,0,0
ked1wnip,75,gnjizw05,46,mock,Discussion,1769462600,4,0,0
ked1wnip,87,8v1lhtpm,0,,InitializeParticipant,1769462601,1,0,0
ked1wnip,63,ddivogr3,46,mock,Discussion,1769462602,4,0,0
ked1wnip,70,n1irams0,52,mock,DiscussionGRPWaitPage,1769462603,5,0,1
ked1wnip,63,ddivogr3,52,mock,DiscussionGRPWaitPage,1769462603,5,0,1
ked1wnip,72,rrp0xq1c,52,mock,DiscussionGRPWaitPage,1769462603,5,0,1
ked1wnip,75,gnjizw05,52,mock,DiscussionGRPWaitPage,1769462603,5,0,1
ked1wnip,75,gnjizw05,57,mock,Discussion,1769462606,5,0,0
ked1wnip,70,n1irams0,57,mock,Discussion,1769462608,5,0,0
ked1wnip,63,ddivogr3,57,mock,Discussion,1769462609,5,0,0
ked1wnip,84,8b95k1zt,3,presurvey,Scenario,1769462609,1,0,0
ked1wnip,72,rrp0xq1c,57,mock,Discussion,1769462611,5,0,0
ked1wnip,70,n1irams0,63,mock,DiscussionGRPWaitPage,1769462611,6,0,1
ked1wnip,63,ddivogr3,63,mock,DiscussionGRPWaitPage,1769462611,6,0,1
ked1wnip,72,rrp0xq1c,63,mock,DiscussionGRPWaitPage,1769462611,6,0,1
ked1wnip,75,gnjizw05,63,mock,DiscussionGRPWaitPage,1769462611,6,0,1
ked1wnip,75,gnjizw05,68,mock,Discussion,1769462615,6,0,0
ked1wnip,72,rrp0xq1c,68,mock,Discussion,1769462616,6,0,0
ked1wnip,70,n1irams0,68,mock,Discussion,1769462617,6,0,0
ked1wnip,63,ddivogr3,68,mock,Discussion,1769462622,6,0,0
ked1wnip,72,rrp0xq1c,74,mock,DiscussionGRPWaitPage,1769462622,7,0,1
ked1wnip,75,gnjizw05,74,mock,DiscussionGRPWaitPage,1769462622,7,0,1
ked1wnip,70,n1irams0,74,mock,DiscussionGRPWaitPage,1769462622,7,0,1
ked1wnip,63,ddivogr3,74,mock,DiscussionGRPWaitPage,1769462622,7,0,1
ked1wnip,75,gnjizw05,79,mock,Discussion,1769462625,7,0,0
ked1wnip,88,0io13tj1,0,,InitializeParticipant,1769462626,1,0,0
ked1wnip,70,n1irams0,79,mock,Discussion,1769462627,7,0,0
ked1wnip,86,g8eqwnra,3,presurvey,Scenario,1769462631,1,0,0
ked1wnip,63,ddivogr3,79,mock,Discussion,1769462633,7,0,0
ked1wnip,72,rrp0xq1c,79,mock,Discussion,1769462634,7,0,0
ked1wnip,72,rrp0xq1c,85,mock,DiscussionGRPWaitPage,1769462634,8,0,1
ked1wnip,75,gnjizw05,85,mock,DiscussionGRPWaitPage,1769462634,8,0,1
ked1wnip,70,n1irams0,85,mock,DiscussionGRPWaitPage,1769462634,8,0,1
ked1wnip,63,ddivogr3,85,mock,DiscussionGRPWaitPage,1769462634,8,0,1
ked1wnip,75,gnjizw05,90,mock,Discussion,1769462637,8,0,0
ked1wnip,88,0io13tj1,1,presurvey,Introduction,1769462637,1,0,0
ked1wnip,70,n1irams0,90,mock,Discussion,1769462638,8,0,0
ked1wnip,72,rrp0xq1c,90,mock,Discussion,1769462640,8,0,0
ked1wnip,63,ddivogr3,90,mock,Discussion,1769462646,8,0,0
ked1wnip,70,n1irams0,96,mock,DiscussionGRPWaitPage,1769462646,9,0,1
ked1wnip,63,ddivogr3,96,mock,DiscussionGRPWaitPage,1769462646,9,0,1
ked1wnip,72,rrp0xq1c,96,mock,DiscussionGRPWaitPage,1769462646,9,0,1
ked1wnip,75,gnjizw05,96,mock,DiscussionGRPWaitPage,1769462646,9,0,1
ked1wnip,75,gnjizw05,101,mock,Discussion,1769462649,9,0,0
ked1wnip,70,n1irams0,101,mock,Discussion,1769462650,9,0,0
ked1wnip,72,rrp0xq1c,101,mock,Discussion,1769462653,9,0,0
ked1wnip,85,29hmf3g5,3,presurvey,Scenario,1769462657,1,0,0
ked1wnip,63,ddivogr3,101,mock,Discussion,1769462659,9,0,0
ked1wnip,72,rrp0xq1c,107,mock,DiscussionGRPWaitPage,1769462659,10,0,1
ked1wnip,75,gnjizw05,107,mock,DiscussionGRPWaitPage,1769462659,10,0,1
ked1wnip,70,n1irams0,107,mock,DiscussionGRPWaitPage,1769462659,10,0,1
ked1wnip,63,ddivogr3,107,mock,DiscussionGRPWaitPage,1769462659,10,0,1
ked1wnip,75,gnjizw05,112,mock,Discussion,1769462662,10,0,0
ked1wnip,70,n1irams0,112,mock,Discussion,1769462664,10,0,0
ked1wnip,72,rrp0xq1c,112,mock,Discussion,1769462665,10,0,0
ked1wnip,63,ddivogr3,112,mock,Discussion,1769462666,10,0,0
ked1wnip,70,n1irams0,118,mock,DiscussionGRPWaitPage,1769462666,11,0,1
ked1wnip,63,ddivogr3,118,mock,DiscussionGRPWaitPage,1769462666,11,0,1
ked1wnip,72,rrp0xq1c,118,mock,DiscussionGRPWaitPage,1769462666,11,0,1
ked1wnip,75,gnjizw05,118,mock,DiscussionGRPWaitPage,1769462666,11,0,1
ked1wnip,75,gnjizw05,123,mock,Discussion,1769462668,11,0,0
ked1wnip,63,ddivogr3,123,mock,Discussion,1769462670,11,0,0
ked1wnip,72,rrp0xq1c,123,mock,Discussion,1769462671,11,0,0
ked1wnip,70,n1irams0,123,mock,Discussion,1769462671,11,0,0
ked1wnip,70,n1irams0,129,mock,DiscussionGRPWaitPage,1769462671,12,0,1
ked1wnip,63,ddivogr3,129,mock,DiscussionGRPWaitPage,1769462671,12,0,1
ked1wnip,72,rrp0xq1c,129,mock,DiscussionGRPWaitPage,1769462671,12,0,1
ked1wnip,75,gnjizw05,129,mock,DiscussionGRPWaitPage,1769462671,12,0,1
ked1wnip,89,it3znsnm,0,,InitializeParticipant,1769462672,1,0,0
ked1wnip,75,gnjizw05,134,mock,Discussion,1769462673,12,0,0
ked1wnip,70,n1irams0,134,mock,Discussion,1769462675,12,0,0
ked1wnip,72,rrp0xq1c,134,mock,Discussion,1769462675,12,0,0
ked1wnip,63,ddivogr3,134,mock,Discussion,1769462678,12,0,0
ked1wnip,70,n1irams0,140,mock,DiscussionGRPWaitPage,1769462678,13,0,1
ked1wnip,63,ddivogr3,140,mock,DiscussionGRPWaitPage,1769462678,13,0,1
ked1wnip,72,rrp0xq1c,140,mock,DiscussionGRPWaitPage,1769462678,13,0,1
ked1wnip,75,gnjizw05,140,mock,DiscussionGRPWaitPage,1769462678,13,0,1
ked1wnip,75,gnjizw05,145,mock,Discussion,1769462681,13,0,0
ked1wnip,63,ddivogr3,145,mock,Discussion,1769462682,13,0,0
ked1wnip,70,n1irams0,145,mock,Discussion,1769462682,13,0,0
ked1wnip,72,rrp0xq1c,145,mock,Discussion,1769462684,13,0,0
ked1wnip,70,n1irams0,151,mock,DiscussionGRPWaitPage,1769462684,14,0,1
ked1wnip,63,ddivogr3,151,mock,DiscussionGRPWaitPage,1769462684,14,0,1
ked1wnip,72,rrp0xq1c,151,mock,DiscussionGRPWaitPage,1769462684,14,0,1
ked1wnip,75,gnjizw05,151,mock,DiscussionGRPWaitPage,1769462684,14,0,1
ked1wnip,75,gnjizw05,156,mock,Discussion,1769462686,14,0,0
ked1wnip,72,rrp0xq1c,156,mock,Discussion,1769462688,14,0,0
ked1wnip,70,n1irams0,156,mock,Discussion,1769462689,14,0,0
ked1wnip,63,ddivogr3,156,mock,Discussion,1769462691,14,0,0
ked1wnip,70,n1irams0,162,mock,DiscussionGRPWaitPage,1769462692,15,0,1
ked1wnip,63,ddivogr3,162,mock,DiscussionGRPWaitPage,1769462692,15,0,1
ked1wnip,72,rrp0xq1c,162,mock,DiscussionGRPWaitPage,1769462692,15,0,1
ked1wnip,75,gnjizw05,162,mock,DiscussionGRPWaitPage,1769462692,15,0,1
ked1wnip,86,g8eqwnra,4,presurvey,Commitment,1769462693,1,0,0
ked1wnip,75,gnjizw05,167,mock,Discussion,1769462695,15,0,0
ked1wnip,89,it3znsnm,1,presurvey,Introduction,1769462695,1,0,0
ked1wnip,70,n1irams0,167,mock,Discussion,1769462696,15,0,0
ked1wnip,90,q0noolyq,0,,InitializeParticipant,1769462697,1,0,0
ked1wnip,88,0io13tj1,2,presurvey,AudioCheck,1769462697,1,0,0
ked1wnip,72,rrp0xq1c,167,mock,Discussion,1769462697,15,0,0
ked1wnip,63,ddivogr3,167,mock,Discussion,1769462698,15,0,0
ked1wnip,70,n1irams0,173,mock,DiscussionGRPWaitPage,1769462698,16,0,1
ked1wnip,63,ddivogr3,173,mock,DiscussionGRPWaitPage,1769462698,16,0,1
ked1wnip,72,rrp0xq1c,173,mock,DiscussionGRPWaitPage,1769462698,16,0,1
ked1wnip,75,gnjizw05,173,mock,DiscussionGRPWaitPage,1769462698,16,0,1
ked1wnip,75,gnjizw05,178,mock,Discussion,1769462700,16,0,0
ked1wnip,72,rrp0xq1c,178,mock,Discussion,1769462703,16,0,0
ked1wnip,70,n1irams0,178,mock,Discussion,1769462704,16,0,0
ked1wnip,63,ddivogr3,178,mock,Discussion,1769462707,16,0,0
ked1wnip,70,n1irams0,184,mock,DiscussionGRPWaitPage,1769462708,17,0,1
ked1wnip,63,ddivogr3,184,mock,DiscussionGRPWaitPage,1769462708,17,0,1
ked1wnip,72,rrp0xq1c,184,mock,DiscussionGRPWaitPage,1769462708,17,0,1
ked1wnip,75,gnjizw05,184,mock,DiscussionGRPWaitPage,1769462708,17,0,1
ked1wnip,75,gnjizw05,189,mock,Discussion,1769462711,17,0,0
ked1wnip,70,n1irams0,189,mock,Discussion,1769462712,17,0,0
ked1wnip,72,rrp0xq1c,189,mock,Discussion,1769462713,17,0,0
ked1wnip,87,8v1lhtpm,1,presurvey,Introduction,1769462723,1,0,0
ked1wnip,63,ddivogr3,189,mock,Discussion,1769462726,17,0,0
ked1wnip,70,n1irams0,195,mock,DiscussionGRPWaitPage,1769462726,18,0,1
ked1wnip,63,ddivogr3,195,mock,DiscussionGRPWaitPage,1769462726,18,0,1
ked1wnip,72,rrp0xq1c,195,mock,DiscussionGRPWaitPage,1769462726,18,0,1
ked1wnip,75,gnjizw05,195,mock,DiscussionGRPWaitPage,1769462726,18,0,1
ked1wnip,75,gnjizw05,200,mock,Discussion,1769462730,18,0,0
ked1wnip,70,n1irams0,200,mock,Discussion,1769462730,18,0,0
ked1wnip,88,0io13tj1,3,presurvey,Scenario,1769462731,1,0,0
ked1wnip,89,it3znsnm,2,presurvey,AudioCheck,1769462733,1,0,0
ked1wnip,72,rrp0xq1c,200,mock,Discussion,1769462734,18,0,0
ked1wnip,63,ddivogr3,200,mock,Discussion,1769462739,18,0,0
ked1wnip,70,n1irams0,206,mock,DiscussionGRPWaitPage,1769462740,19,0,1
ked1wnip,63,ddivogr3,206,mock,DiscussionGRPWaitPage,1769462740,19,0,1
ked1wnip,72,rrp0xq1c,206,mock,DiscussionGRPWaitPage,1769462740,19,0,1
ked1wnip,75,gnjizw05,206,mock,DiscussionGRPWaitPage,1769462740,19,0,1
ked1wnip,75,gnjizw05,211,mock,Discussion,1769462743,19,0,0
ked1wnip,70,n1irams0,211,mock,Discussion,1769462744,19,0,0
ked1wnip,63,ddivogr3,211,mock,Discussion,1769462745,19,0,0
ked1wnip,72,rrp0xq1c,211,mock,Discussion,1769462749,19,0,0
ked1wnip,72,rrp0xq1c,217,mock,DiscussionGRPWaitPage,1769462749,20,0,1
ked1wnip,75,gnjizw05,217,mock,DiscussionGRPWaitPage,1769462749,20,0,1
ked1wnip,70,n1irams0,217,mock,DiscussionGRPWaitPage,1769462749,20,0,1
ked1wnip,63,ddivogr3,217,mock,DiscussionGRPWaitPage,1769462749,20,0,1
ked1wnip,75,gnjizw05,222,mock,Discussion,1769462752,20,0,0
ked1wnip,72,rrp0xq1c,222,mock,Discussion,1769462754,20,0,0
ked1wnip,70,n1irams0,222,mock,Discussion,1769462754,20,0,0
ked1wnip,90,q0noolyq,1,presurvey,Introduction,1769462755,1,0,0
ked1wnip,87,8v1lhtpm,2,presurvey,AudioCheck,1769462756,1,0,0
ked1wnip,63,ddivogr3,222,mock,Discussion,1769462757,20,0,0
ked1wnip,75,gnjizw05,223,mock,FinalRoundWaitPage,1769462757,20,0,1
ked1wnip,72,rrp0xq1c,223,mock,FinalRoundWaitPage,1769462757,20,0,1
ked1wnip,70,n1irams0,223,mock,FinalRoundWaitPage,1769462757,20,0,1
ked1wnip,63,ddivogr3,223,mock,FinalRoundWaitPage,1769462757,20,0,1
ked1wnip,75,gnjizw05,224,mock,FinalRound,1769462763,20,0,0
ked1wnip,72,rrp0xq1c,224,mock,FinalRound,1769462766,20,0,0
ked1wnip,70,n1irams0,224,mock,FinalRound,1769462766,20,0,0
ked1wnip,89,it3znsnm,3,presurvey,Scenario,1769462768,1,0,0
ked1wnip,63,ddivogr3,224,mock,FinalRound,1769462770,20,0,0
ked1wnip,90,q0noolyq,2,presurvey,AudioCheck,1769462809,1,0,0
ked1wnip,87,8v1lhtpm,3,presurvey,Scenario,1769462838,1,0,0
ked1wnip,90,q0noolyq,3,presurvey,Scenario,1769462883,1,0,0
ked1wnip,91,cojuts8f,0,,InitializeParticipant,1769462896,1,0,0
ked1wnip,91,cojuts8f,1,presurvey,Introduction,1769462954,1,0,0
ked1wnip,92,rrxi8rnk,0,,InitializeParticipant,1769462977,1,0,0
ked1wnip,91,cojuts8f,2,presurvey,AudioCheck,1769462988,1,0,0
ked1wnip,92,rrxi8rnk,1,presurvey,Introduction,1769462995,1,0,0
ked1wnip,92,rrxi8rnk,2,presurvey,AudioCheck,1769463014,1,0,0
ked1wnip,92,rrxi8rnk,3,presurvey,Scenario,1769463050,1,0,0
ked1wnip,91,cojuts8f,3,presurvey,Scenario,1769463052,1,0,0
ked1wnip,93,v1tnbab4,0,,InitializeParticipant,1769463057,1,0,0
ked1wnip,94,whu8q3g4,0,,InitializeParticipant,1769463060,1,0,0
ked1wnip,94,whu8q3g4,1,presurvey,Introduction,1769463075,1,0,0
ked1wnip,91,cojuts8f,4,presurvey,Commitment,1769463120,1,0,0
ked1wnip,94,whu8q3g4,2,presurvey,AudioCheck,1769463120,1,0,0
ked1wnip,94,whu8q3g4,3,presurvey,Scenario,1769463151,1,0,0
ked1wnip,95,hns9xa1g,0,,InitializeParticipant,1769463170,1,0,0
ked1wnip,95,hns9xa1g,1,presurvey,Introduction,1769463181,1,0,0
ked1wnip,96,0rxtu3ps,0,,InitializeParticipant,1769463194,1,0,0
ked1wnip,95,hns9xa1g,2,presurvey,AudioCheck,1769463202,1,0,0
ked1wnip,96,0rxtu3ps,1,presurvey,Introduction,1769463213,1,0,0
ked1wnip,95,hns9xa1g,3,presurvey,Scenario,1769463222,1,0,0
ked1wnip,96,0rxtu3ps,2,presurvey,AudioCheck,1769463244,1,0,0
ked1wnip,95,hns9xa1g,4,presurvey,Commitment,1769463256,1,0,0
ked1wnip,96,0rxtu3ps,3,presurvey,Scenario,1769463267,1,0,0
ked1wnip,96,0rxtu3ps,4,presurvey,Commitment,1769463294,1,0,0
ked1wnip,79,95lga8v5,5,mock,GroupingWaitPage,1769463328,1,0,1
ked1wnip,86,g8eqwnra,5,mock,GroupingWaitPage,1769463328,1,0,1
ked1wnip,91,cojuts8f,5,mock,GroupingWaitPage,1769463328,1,0,1
ked1wnip,95,hns9xa1g,5,mock,GroupingWaitPage,1769463328,1,0,1
ked1wnip,79,95lga8v5,6,mock,GroupSizeWaitPage,1769463328,1,0,1
ked1wnip,86,g8eqwnra,6,mock,GroupSizeWaitPage,1769463328,1,0,1
ked1wnip,91,cojuts8f,6,mock,GroupSizeWaitPage,1769463328,1,0,1
ked1wnip,95,hns9xa1g,6,mock,GroupSizeWaitPage,1769463328,1,0,1
ked1wnip,91,cojuts8f,8,mock,DiscussionGRPWaitPage,1769463328,1,0,1
ked1wnip,95,hns9xa1g,8,mock,DiscussionGRPWaitPage,1769463328,1,0,1
ked1wnip,79,95lga8v5,8,mock,DiscussionGRPWaitPage,1769463328,1,0,1
ked1wnip,86,g8eqwnra,8,mock,DiscussionGRPWaitPage,1769463328,1,0,1
ked1wnip,95,hns9xa1g,9,mock,Nudge,1769463342,1,0,0
ked1wnip,79,95lga8v5,9,mock,Nudge,1769463354,1,0,0
ked1wnip,95,hns9xa1g,10,mock,NudgeTraining,1769463356,1,0,0
ked1wnip,95,hns9xa1g,11,mock,NudgeTrainingLast,1769463360,1,0,0
ked1wnip,86,g8eqwnra,9,mock,Nudge,1769463360,1,0,0
ked1wnip,91,cojuts8f,9,mock,Nudge,1769463364,1,0,0
ked1wnip,95,hns9xa1g,12,mock,Phase3,1769463367,1,0,0
ked1wnip,79,95lga8v5,10,mock,NudgeTraining,1769463369,1,0,0
ked1wnip,86,g8eqwnra,10,mock,NudgeTraining,1769463370,1,0,0
ked1wnip,91,cojuts8f,10,mock,NudgeTraining,1769463373,1,0,0
ked1wnip,95,hns9xa1g,13,mock,Discussion,1769463374,1,0,0
ked1wnip,86,g8eqwnra,11,mock,NudgeTrainingLast,1769463376,1,0,0
ked1wnip,97,bberfz64,0,,InitializeParticipant,1769463379,1,0,0
ked1wnip,79,95lga8v5,11,mock,NudgeTrainingLast,1769463382,1,0,0
ked1wnip,91,cojuts8f,11,mock,NudgeTrainingLast,1769463387,1,0,0
ked1wnip,79,95lga8v5,12,mock,Phase3,1769463389,1,0,0
ked1wnip,93,v1tnbab4,1,presurvey,Introduction,1769463399,1,0,0
ked1wnip,79,95lga8v5,13,mock,Discussion,1769463404,1,0,0
ked1wnip,86,g8eqwnra,12,mock,Phase3,1769463404,1,0,0
ked1wnip,98,mgtponm9,0,,InitializeParticipant,1769463404,1,0,0
ked1wnip,98,mgtponm9,1,presurvey,Introduction,1769463410,1,0,0
ked1wnip,91,cojuts8f,12,mock,Phase3,1769463418,1,0,0
ked1wnip,86,g8eqwnra,13,mock,Discussion,1769463423,1,0,0
ked1wnip,91,cojuts8f,13,mock,Discussion,1769463435,1,0,0
ked1wnip,91,cojuts8f,19,mock,DiscussionGRPWaitPage,1769463435,2,0,1
ked1wnip,95,hns9xa1g,19,mock,DiscussionGRPWaitPage,1769463435,2,0,1
ked1wnip,79,95lga8v5,19,mock,DiscussionGRPWaitPage,1769463435,2,0,1
ked1wnip,86,g8eqwnra,19,mock,DiscussionGRPWaitPage,1769463435,2,0,1
ked1wnip,91,cojuts8f,24,mock,Discussion,1769463444,2,0,0
ked1wnip,95,hns9xa1g,24,mock,Discussion,1769463444,2,0,0
ked1wnip,99,zk5dmzpj,0,,InitializeParticipant,1769463444,1,0,0
ked1wnip,99,zk5dmzpj,1,presurvey,Introduction,1769463448,1,0,0
ked1wnip,86,g8eqwnra,24,mock,Discussion,1769463451,2,0,0
ked1wnip,79,95lga8v5,24,mock,Discussion,1769463456,2,0,0
ked1wnip,91,cojuts8f,30,mock,DiscussionGRPWaitPage,1769463457,3,0,1
ked1wnip,95,hns9xa1g,30,mock,DiscussionGRPWaitPage,1769463457,3,0,1
ked1wnip,79,95lga8v5,30,mock,DiscussionGRPWaitPage,1769463457,3,0,1
ked1wnip,86,g8eqwnra,30,mock,DiscussionGRPWaitPage,1769463457,3,0,1
ked1wnip,97,bberfz64,1,presurvey,Introduction,1769463462,1,0,0
ked1wnip,79,95lga8v5,35,mock,Discussion,1769463464,3,0,0
ked1wnip,95,hns9xa1g,35,mock,Discussion,1769463466,3,0,0
ked1wnip,99,zk5dmzpj,2,presurvey,AudioCheck,1769463467,1,0,0
ked1wnip,86,g8eqwnra,35,mock,Discussion,1769463469,3,0,0
ked1wnip,100,o1f31gzk,0,,InitializeParticipant,1769463469,1,0,0
ked1wnip,91,cojuts8f,35,mock,Discussion,1769463471,3,0,0
ked1wnip,91,cojuts8f,41,mock,DiscussionGRPWaitPage,1769463472,4,0,1
ked1wnip,95,hns9xa1g,41,mock,DiscussionGRPWaitPage,1769463472,4,0,1
ked1wnip,79,95lga8v5,41,mock,DiscussionGRPWaitPage,1769463472,4,0,1
ked1wnip,86,g8eqwnra,41,mock,DiscussionGRPWaitPage,1769463472,4,0,1
ked1wnip,91,cojuts8f,46,mock,Discussion,1769463477,4,0,0
ked1wnip,98,mgtponm9,2,presurvey,AudioCheck,1769463478,1,0,0
ked1wnip,100,o1f31gzk,1,presurvey,Introduction,1769463481,1,0,0
ked1wnip,79,95lga8v5,46,mock,Discussion,1769463483,4,0,0
ked1wnip,86,g8eqwnra,46,mock,Discussion,1769463484,4,0,0
ked1wnip,95,hns9xa1g,46,mock,Discussion,1769463485,4,0,0
ked1wnip,91,cojuts8f,52,mock,DiscussionGRPWaitPage,1769463486,5,0,1
ked1wnip,95,hns9xa1g,52,mock,DiscussionGRPWaitPage,1769463486,5,0,1
ked1wnip,79,95lga8v5,52,mock,DiscussionGRPWaitPage,1769463486,5,0,1
ked1wnip,86,g8eqwnra,52,mock,DiscussionGRPWaitPage,1769463486,5,0,1
ked1wnip,86,g8eqwnra,57,mock,Discussion,1769463490,5,0,0
ked1wnip,79,95lga8v5,57,mock,Discussion,1769463491,5,0,0
ked1wnip,99,zk5dmzpj,3,presurvey,Scenario,1769463492,1,0,0
ked1wnip,91,cojuts8f,57,mock,Discussion,1769463493,5,0,0
ked1wnip,95,hns9xa1g,57,mock,Discussion,1769463493,5,0,0
ked1wnip,79,95lga8v5,63,mock,DiscussionGRPWaitPage,1769463494,6,0,1
ked1wnip,95,hns9xa1g,63,mock,DiscussionGRPWaitPage,1769463494,6,0,1
ked1wnip,91,cojuts8f,63,mock,DiscussionGRPWaitPage,1769463494,6,0,1
ked1wnip,86,g8eqwnra,63,mock,DiscussionGRPWaitPage,1769463494,6,0,1
ked1wnip,101,p32m1e4r,0,,InitializeParticipant,1769463495,1,0,0
ked1wnip,95,hns9xa1g,68,mock,Discussion,1769463497,6,0,0
ked1wnip,79,95lga8v5,68,mock,Discussion,1769463498,6,0,0
ked1wnip,93,v1tnbab4,2,presurvey,AudioCheck,1769463501,1,0,0
ked1wnip,86,g8eqwnra,68,mock,Discussion,1769463502,6,0,0
ked1wnip,91,cojuts8f,68,mock,Discussion,1769463507,6,0,0
ked1wnip,79,95lga8v5,74,mock,DiscussionGRPWaitPage,1769463507,7,0,1
ked1wnip,91,cojuts8f,74,mock,DiscussionGRPWaitPage,1769463507,7,0,1
ked1wnip,95,hns9xa1g,74,mock,DiscussionGRPWaitPage,1769463507,7,0,1
ked1wnip,86,g8eqwnra,74,mock,DiscussionGRPWaitPage,1769463507,7,0,1
ked1wnip,102,zwkov3w9,0,,InitializeParticipant,1769463507,1,0,0
ked1wnip,95,hns9xa1g,79,mock,Discussion,1769463511,7,0,0
ked1wnip,86,g8eqwnra,79,mock,Discussion,1769463512,7,0,0
ked1wnip,79,95lga8v5,79,mock,Discussion,1769463512,7,0,0
ked1wnip,91,cojuts8f,79,mock,Discussion,1769463516,7,0,0
ked1wnip,102,zwkov3w9,1,presurvey,Introduction,1769463517,1,0,0
ked1wnip,91,cojuts8f,85,mock,DiscussionGRPWaitPage,1769463517,8,0,1
ked1wnip,95,hns9xa1g,85,mock,DiscussionGRPWaitPage,1769463517,8,0,1
ked1wnip,79,95lga8v5,85,mock,DiscussionGRPWaitPage,1769463517,8,0,1
ked1wnip,86,g8eqwnra,85,mock,DiscussionGRPWaitPage,1769463517,8,0,1
ked1wnip,101,p32m1e4r,1,presurvey,Introduction,1769463521,1,0,0
ked1wnip,79,95lga8v5,90,mock,Discussion,1769463521,8,0,0
ked1wnip,86,g8eqwnra,90,mock,Discussion,1769463521,8,0,0
ked1wnip,98,mgtponm9,3,presurvey,Scenario,1769463521,1,0,0
ked1wnip,99,zk5dmzpj,4,presurvey,Commitment,1769463523,1,0,0
ked1wnip,100,o1f31gzk,2,presurvey,AudioCheck,1769463523,1,0,0
ked1wnip,91,cojuts8f,90,mock,Discussion,1769463523,8,0,0
ked1wnip,95,hns9xa1g,90,mock,Discussion,1769463523,8,0,0
ked1wnip,79,95lga8v5,96,mock,DiscussionGRPWaitPage,1769463524,9,0,1
ked1wnip,91,cojuts8f,96,mock,DiscussionGRPWaitPage,1769463524,9,0,1
ked1wnip,95,hns9xa1g,96,mock,DiscussionGRPWaitPage,1769463524,9,0,1
ked1wnip,86,g8eqwnra,96,mock,DiscussionGRPWaitPage,1769463524,9,0,1
ked1wnip,97,bberfz64,2,presurvey,AudioCheck,1769463524,1,0,0
ked1wnip,79,95lga8v5,101,mock,Discussion,1769463528,9,0,0
ked1wnip,86,g8eqwnra,101,mock,Discussion,1769463528,9,0,0
ked1wnip,91,cojuts8f,101,mock,Discussion,1769463529,9,0,0
ked1wnip,95,hns9xa1g,101,mock,Discussion,1769463529,9,0,0
ked1wnip,91,cojuts8f,107,mock,DiscussionGRPWaitPage,1769463529,10,0,1
ked1wnip,95,hns9xa1g,107,mock,DiscussionGRPWaitPage,1769463529,10,0,1
ked1wnip,79,95lga8v5,107,mock,DiscussionGRPWaitPage,1769463529,10,0,1
ked1wnip,86,g8eqwnra,107,mock,DiscussionGRPWaitPage,1769463529,10,0,1
ked1wnip,95,hns9xa1g,112,mock,Discussion,1769463532,10,0,0
ked1wnip,79,95lga8v5,112,mock,Discussion,1769463533,10,0,0
ked1wnip,91,cojuts8f,112,mock,Discussion,1769463535,10,0,0
ked1wnip,86,g8eqwnra,112,mock,Discussion,1769463536,10,0,0
ked1wnip,91,cojuts8f,118,mock,DiscussionGRPWaitPage,1769463536,11,0,1
ked1wnip,95,hns9xa1g,118,mock,DiscussionGRPWaitPage,1769463536,11,0,1
ked1wnip,79,95lga8v5,118,mock,DiscussionGRPWaitPage,1769463536,11,0,1
ked1wnip,86,g8eqwnra,118,mock,DiscussionGRPWaitPage,1769463536,11,0,1
ked1wnip,79,95lga8v5,123,mock,Discussion,1769463539,11,0,0
ked1wnip,101,p32m1e4r,2,presurvey,AudioCheck,1769463540,1,0,0
ked1wnip,91,cojuts8f,123,mock,Discussion,1769463540,11,0,0
ked1wnip,86,g8eqwnra,123,mock,Discussion,1769463541,11,0,0
ked1wnip,102,zwkov3w9,2,presurvey,AudioCheck,1769463543,1,0,0
ked1wnip,95,hns9xa1g,123,mock,Discussion,1769463543,11,0,0
ked1wnip,93,v1tnbab4,3,presurvey,Scenario,1769463544,1,0,0
ked1wnip,91,cojuts8f,129,mock,DiscussionGRPWaitPage,1769463544,12,0,1
ked1wnip,95,hns9xa1g,129,mock,DiscussionGRPWaitPage,1769463544,12,0,1
ked1wnip,79,95lga8v5,129,mock,DiscussionGRPWaitPage,1769463544,12,0,1
ked1wnip,86,g8eqwnra,129,mock,DiscussionGRPWaitPage,1769463544,12,0,1
ked1wnip,91,cojuts8f,134,mock,Discussion,1769463548,12,0,0
ked1wnip,86,g8eqwnra,134,mock,Discussion,1769463548,12,0,0
ked1wnip,79,95lga8v5,134,mock,Discussion,1769463549,12,0,0
ked1wnip,95,hns9xa1g,134,mock,Discussion,1769463551,12,0,0
ked1wnip,91,cojuts8f,140,mock,DiscussionGRPWaitPage,1769463552,13,0,1
ked1wnip,95,hns9xa1g,140,mock,DiscussionGRPWaitPage,1769463552,13,0,1
ked1wnip,79,95lga8v5,140,mock,DiscussionGRPWaitPage,1769463552,13,0,1
ked1wnip,86,g8eqwnra,140,mock,DiscussionGRPWaitPage,1769463552,13,0,1
ked1wnip,100,o1f31gzk,3,presurvey,Scenario,1769463554,1,0,0
ked1wnip,79,95lga8v5,145,mock,Discussion,1769463556,13,0,0
ked1wnip,86,g8eqwnra,145,mock,Discussion,1769463556,13,0,0
ked1wnip,95,hns9xa1g,145,mock,Discussion,1769463556,13,0,0
ked1wnip,91,cojuts8f,145,mock,Discussion,1769463557,13,0,0
ked1wnip,91,cojuts8f,151,mock,DiscussionGRPWaitPage,1769463558,14,0,1
ked1wnip,95,hns9xa1g,151,mock,DiscussionGRPWaitPage,1769463558,14,0,1
ked1wnip,79,95lga8v5,151,mock,DiscussionGRPWaitPage,1769463558,14,0,1
ked1wnip,86,g8eqwnra,151,mock,DiscussionGRPWaitPage,1769463558,14,0,1
ked1wnip,103,f0lzq5tg,0,,InitializeParticipant,1769463559,1,0,0
ked1wnip,86,g8eqwnra,156,mock,Discussion,1769463561,14,0,0
ked1wnip,79,95lga8v5,156,mock,Discussion,1769463561,14,0,0
ked1wnip,91,cojuts8f,156,mock,Discussion,1769463563,14,0,0
ked1wnip,95,hns9xa1g,156,mock,Discussion,1769463565,14,0,0
ked1wnip,79,95lga8v5,162,mock,DiscussionGRPWaitPage,1769463565,15,0,1
ked1wnip,86,g8eqwnra,162,mock,DiscussionGRPWaitPage,1769463565,15,0,1
ked1wnip,91,cojuts8f,162,mock,DiscussionGRPWaitPage,1769463565,15,0,1
ked1wnip,95,hns9xa1g,162,mock,DiscussionGRPWaitPage,1769463565,15,0,1
ked1wnip,95,hns9xa1g,167,mock,Discussion,1769463569,15,0,0
ked1wnip,86,g8eqwnra,167,mock,Discussion,1769463569,15,0,0
ked1wnip,79,95lga8v5,167,mock,Discussion,1769463570,15,0,0
ked1wnip,91,cojuts8f,167,mock,Discussion,1769463570,15,0,0
ked1wnip,79,95lga8v5,173,mock,DiscussionGRPWaitPage,1769463570,16,0,1
ked1wnip,86,g8eqwnra,173,mock,DiscussionGRPWaitPage,1769463570,16,0,1
ked1wnip,91,cojuts8f,173,mock,DiscussionGRPWaitPage,1769463570,16,0,1
ked1wnip,95,hns9xa1g,173,mock,DiscussionGRPWaitPage,1769463570,16,0,1
ked1wnip,102,zwkov3w9,3,presurvey,Scenario,1769463572,1,0,0
ked1wnip,86,g8eqwnra,178,mock,Discussion,1769463574,16,0,0
ked1wnip,95,hns9xa1g,178,mock,Discussion,1769463574,16,0,0
ked1wnip,79,95lga8v5,178,mock,Discussion,1769463575,16,0,0
ked1wnip,91,cojuts8f,178,mock,Discussion,1769463577,16,0,0
ked1wnip,79,95lga8v5,184,mock,DiscussionGRPWaitPage,1769463578,17,0,1
ked1wnip,86,g8eqwnra,184,mock,DiscussionGRPWaitPage,1769463578,17,0,1
ked1wnip,91,cojuts8f,184,mock,DiscussionGRPWaitPage,1769463578,17,0,1
ked1wnip,95,hns9xa1g,184,mock,DiscussionGRPWaitPage,1769463578,17,0,1
ked1wnip,86,g8eqwnra,189,mock,Discussion,1769463580,17,0,0
ked1wnip,95,hns9xa1g,189,mock,Discussion,1769463580,17,0,0
ked1wnip,79,95lga8v5,189,mock,Discussion,1769463581,17,0,0
ked1wnip,91,cojuts8f,189,mock,Discussion,1769463582,17,0,0
ked1wnip,79,95lga8v5,195,mock,DiscussionGRPWaitPage,1769463582,18,0,1
ked1wnip,86,g8eqwnra,195,mock,DiscussionGRPWaitPage,1769463582,18,0,1
ked1wnip,91,cojuts8f,195,mock,DiscussionGRPWaitPage,1769463582,18,0,1
ked1wnip,95,hns9xa1g,195,mock,DiscussionGRPWaitPage,1769463582,18,0,1
ked1wnip,95,hns9xa1g,200,mock,Discussion,1769463584,18,0,0
ked1wnip,86,g8eqwnra,200,mock,Discussion,1769463584,18,0,0
ked1wnip,91,cojuts8f,200,mock,Discussion,1769463587,18,0,0
ked1wnip,79,95lga8v5,200,mock,Discussion,1769463596,18,0,0
ked1wnip,91,cojuts8f,206,mock,DiscussionGRPWaitPage,1769463597,19,0,1
ked1wnip,95,hns9xa1g,206,mock,DiscussionGRPWaitPage,1769463597,19,0,1
ked1wnip,79,95lga8v5,206,mock,DiscussionGRPWaitPage,1769463597,19,0,1
ked1wnip,86,g8eqwnra,206,mock,DiscussionGRPWaitPage,1769463597,19,0,1
ked1wnip,86,g8eqwnra,211,mock,Discussion,1769463601,19,0,0
ked1wnip,79,95lga8v5,211,mock,Discussion,1769463601,19,0,0
ked1wnip,91,cojuts8f,211,mock,Discussion,1769463602,19,0,0
ked1wnip,95,hns9xa1g,211,mock,Discussion,1769463603,19,0,0
ked1wnip,91,cojuts8f,217,mock,DiscussionGRPWaitPage,1769463603,20,0,1
ked1wnip,79,95lga8v5,217,mock,DiscussionGRPWaitPage,1769463603,20,0,1
ked1wnip,95,hns9xa1g,217,mock,DiscussionGRPWaitPage,1769463603,20,0,1
ked1wnip,86,g8eqwnra,217,mock,DiscussionGRPWaitPage,1769463603,20,0,1
ked1wnip,103,f0lzq5tg,1,presurvey,Introduction,1769463605,1,0,0
ked1wnip,95,hns9xa1g,222,mock,Discussion,1769463607,20,0,0
ked1wnip,79,95lga8v5,222,mock,Discussion,1769463607,20,0,0
ked1wnip,86,g8eqwnra,222,mock,Discussion,1769463607,20,0,0
ked1wnip,91,cojuts8f,222,mock,Discussion,1769463610,20,0,0
ked1wnip,91,cojuts8f,223,mock,FinalRoundWaitPage,1769463610,20,0,1
ked1wnip,86,g8eqwnra,223,mock,FinalRoundWaitPage,1769463610,20,0,1
ked1wnip,79,95lga8v5,223,mock,FinalRoundWaitPage,1769463610,20,0,1
ked1wnip,95,hns9xa1g,223,mock,FinalRoundWaitPage,1769463610,20,0,1
ked1wnip,104,qj6b5du6,0,,InitializeParticipant,1769463613,1,0,0
ked1wnip,93,v1tnbab4,4,presurvey,Commitment,1769463614,1,0,0
ked1wnip,79,95lga8v5,224,mock,FinalRound,1769463618,20,0,0
ked1wnip,91,cojuts8f,224,mock,FinalRound,1769463618,20,0,0
ked1wnip,95,hns9xa1g,224,mock,FinalRound,1769463619,20,0,0
ked1wnip,86,g8eqwnra,224,mock,FinalRound,1769463620,20,0,0
ked1wnip,105,91tmsgg7,0,,InitializeParticipant,1769463626,1,0,0
ked1wnip,106,8y3yuhyu,0,,InitializeParticipant,1769463627,1,0,0
ked1wnip,106,8y3yuhyu,1,presurvey,Introduction,1769463641,1,0,0
ked1wnip,104,qj6b5du6,1,presurvey,Introduction,1769463641,1,0,0
ked1wnip,105,91tmsgg7,1,presurvey,Introduction,1769463644,1,0,0
ked1wnip,104,qj6b5du6,2,presurvey,AudioCheck,1769463662,1,0,0
ked1wnip,107,pofxaa5x,0,,InitializeParticipant,1769463699,1,0,0
ked1wnip,108,r49n6hew,0,,InitializeParticipant,1769463703,1,0,0
ked1wnip,105,91tmsgg7,2,presurvey,AudioCheck,1769463704,1,0,0
ked1wnip,101,p32m1e4r,3,presurvey,Scenario,1769463707,1,0,0
ked1wnip,105,91tmsgg7,3,presurvey,Scenario,1769463713,1,0,0
ked1wnip,107,pofxaa5x,1,presurvey,Introduction,1769463739,1,0,0
ked1wnip,106,8y3yuhyu,2,presurvey,AudioCheck,1769463748,1,0,0
ked1wnip,105,91tmsgg7,4,presurvey,Commitment,1769463753,1,0,0
ked1wnip,107,pofxaa5x,2,presurvey,AudioCheck,1769463773,1,0,0
ked1wnip,106,8y3yuhyu,3,presurvey,Scenario,1769463776,1,0,0
ked1wnip,108,r49n6hew,1,presurvey,Introduction,1769463779,1,0,0
ked1wnip,97,bberfz64,3,presurvey,Scenario,1769463790,1,0,0
ked1wnip,109,y7j4mw14,0,,InitializeParticipant,1769463795,1,0,0
ked1wnip,106,8y3yuhyu,4,presurvey,Commitment,1769463797,1,0,0
ked1wnip,108,r49n6hew,2,presurvey,AudioCheck,1769463800,1,0,0
ked1wnip,110,lsgugi5f,0,,InitializeParticipant,1769463819,1,0,0
ked1wnip,110,lsgugi5f,1,presurvey,Introduction,1769463825,1,0,0
ked1wnip,104,qj6b5du6,3,presurvey,Scenario,1769463825,1,0,0
ked1wnip,111,kzv3ye8h,0,,InitializeParticipant,1769463830,1,0,0
ked1wnip,107,pofxaa5x,3,presurvey,Scenario,1769463832,1,0,0
ked1wnip,109,y7j4mw14,1,presurvey,Introduction,1769463833,1,0,0
ked1wnip,108,r49n6hew,3,presurvey,Scenario,1769463836,1,0,0
ked1wnip,111,kzv3ye8h,1,presurvey,Introduction,1769463852,1,0,0
ked1wnip,112,6sq27hxz,0,,InitializeParticipant,1769463855,1,0,0
ked1wnip,110,lsgugi5f,2,presurvey,AudioCheck,1769463856,1,0,0
ked1wnip,109,y7j4mw14,2,presurvey,AudioCheck,1769463863,1,0,0
ked1wnip,104,qj6b5du6,4,presurvey,Commitment,1769463863,1,0,0
ked1wnip,112,6sq27hxz,1,presurvey,Introduction,1769463867,1,0,0
ked1wnip,113,s0vwzryf,0,,InitializeParticipant,1769463868,1,0,0
ked1wnip,111,kzv3ye8h,2,presurvey,AudioCheck,1769463869,1,0,0
ked1wnip,111,kzv3ye8h,3,presurvey,Scenario,1769463898,1,0,0
ked1wnip,112,6sq27hxz,2,presurvey,AudioCheck,1769463904,1,0,0
ked1wnip,107,pofxaa5x,4,presurvey,Commitment,1769463904,1,0,0
ked1wnip,109,y7j4mw14,3,presurvey,Scenario,1769463905,1,0,0
ked1wnip,110,lsgugi5f,3,presurvey,Scenario,1769463907,1,0,0
ked1wnip,114,zlavd5yr,0,,InitializeParticipant,1769463913,1,0,0
ked1wnip,114,zlavd5yr,1,presurvey,Introduction,1769463918,1,0,0
ked1wnip,114,zlavd5yr,2,presurvey,AudioCheck,1769463944,1,0,0
ked1wnip,112,6sq27hxz,3,presurvey,Scenario,1769463948,1,0,0
ked1wnip,109,y7j4mw14,4,presurvey,Commitment,1769463964,1,0,0
ked1wnip,110,lsgugi5f,4,presurvey,Commitment,1769463975,1,0,0
ked1wnip,114,zlavd5yr,3,presurvey,Scenario,1769463978,1,0,0
ked1wnip,115,fzi6kg56,0,,InitializeParticipant,1769463986,1,0,0
ked1wnip,115,fzi6kg56,1,presurvey,Introduction,1769464002,1,0,0
ked1wnip,112,6sq27hxz,4,presurvey,Commitment,1769464010,1,0,0
ked1wnip,116,zsuimoek,0,,InitializeParticipant,1769464016,1,0,0
ked1wnip,116,zsuimoek,1,presurvey,Introduction,1769464026,1,0,0
ked1wnip,117,6365vnyl,0,,InitializeParticipant,1769464028,1,0,0
ked1wnip,117,6365vnyl,1,presurvey,Introduction,1769464031,1,0,0
ked1wnip,116,zsuimoek,2,presurvey,AudioCheck,1769464041,1,0,0
ked1wnip,118,8aobrulh,0,,InitializeParticipant,1769464044,1,0,0
ked1wnip,115,fzi6kg56,2,presurvey,AudioCheck,1769464049,1,0,0
ked1wnip,114,zlavd5yr,4,presurvey,Commitment,1769464049,1,0,0
ked1wnip,117,6365vnyl,2,presurvey,AudioCheck,1769464055,1,0,0
ked1wnip,119,o446jm48,0,,InitializeParticipant,1769464070,1,0,0
ked1wnip,116,zsuimoek,3,presurvey,Scenario,1769464077,1,0,0
ked1wnip,118,8aobrulh,1,presurvey,Introduction,1769464088,1,0,0
ked1wnip,117,6365vnyl,3,presurvey,Scenario,1769464099,1,0,0
ked1wnip,120,8qe1poph,0,,InitializeParticipant,1769464137,1,0,0
ked1wnip,120,8qe1poph,1,presurvey,Introduction,1769464142,1,0,0
ked1wnip,121,7akfb0mq,0,,InitializeParticipant,1769464142,1,0,0
ked1wnip,121,7akfb0mq,1,presurvey,Introduction,1769464148,1,0,0
ked1wnip,120,8qe1poph,2,presurvey,AudioCheck,1769464152,1,0,0
ked1wnip,120,8qe1poph,3,presurvey,Scenario,1769464172,1,0,0
ked1wnip,115,fzi6kg56,3,presurvey,Scenario,1769464181,1,0,0
ked1wnip,119,o446jm48,1,presurvey,Introduction,1769464190,1,0,0
ked1wnip,107,pofxaa5x,5,mock,GroupingWaitPage,1769464195,1,0,1
ked1wnip,109,y7j4mw14,5,mock,GroupingWaitPage,1769464195,1,0,1
ked1wnip,110,lsgugi5f,5,mock,GroupingWaitPage,1769464195,1,0,1
ked1wnip,112,6sq27hxz,5,mock,GroupingWaitPage,1769464195,1,0,1
ked1wnip,93,v1tnbab4,5,mock,GroupingWaitPage,1769464196,1,0,1
ked1wnip,96,0rxtu3ps,5,mock,GroupingWaitPage,1769464196,1,0,1
ked1wnip,104,qj6b5du6,5,mock,GroupingWaitPage,1769464196,1,0,1
ked1wnip,114,zlavd5yr,5,mock,GroupingWaitPage,1769464196,1,0,1
ked1wnip,93,v1tnbab4,6,mock,GroupSizeWaitPage,1769464196,1,0,1
ked1wnip,96,0rxtu3ps,6,mock,GroupSizeWaitPage,1769464196,1,0,1
ked1wnip,104,qj6b5du6,6,mock,GroupSizeWaitPage,1769464196,1,0,1
ked1wnip,114,zlavd5yr,6,mock,GroupSizeWaitPage,1769464196,1,0,1
ked1wnip,93,v1tnbab4,8,mock,DiscussionGRPWaitPage,1769464197,1,0,1
ked1wnip,96,0rxtu3ps,8,mock,DiscussionGRPWaitPage,1769464197,1,0,1
ked1wnip,104,qj6b5du6,8,mock,DiscussionGRPWaitPage,1769464197,1,0,1
ked1wnip,114,zlavd5yr,8,mock,DiscussionGRPWaitPage,1769464197,1,0,1
ked1wnip,107,pofxaa5x,6,mock,GroupSizeWaitPage,1769464197,1,0,1
ked1wnip,109,y7j4mw14,6,mock,GroupSizeWaitPage,1769464197,1,0,1
ked1wnip,110,lsgugi5f,6,mock,GroupSizeWaitPage,1769464197,1,0,1
ked1wnip,112,6sq27hxz,6,mock,GroupSizeWaitPage,1769464197,1,0,1
ked1wnip,107,pofxaa5x,8,mock,DiscussionGRPWaitPage,1769464198,1,0,1
ked1wnip,110,lsgugi5f,8,mock,DiscussionGRPWaitPage,1769464198,1,0,1
ked1wnip,112,6sq27hxz,8,mock,DiscussionGRPWaitPage,1769464198,1,0,1
ked1wnip,109,y7j4mw14,8,mock,DiscussionGRPWaitPage,1769464198,1,0,1
ked1wnip,104,qj6b5du6,9,mock,Nudge,1769464217,1,0,0
ked1wnip,96,0rxtu3ps,9,mock,Nudge,1769464220,1,0,0
ked1wnip,96,0rxtu3ps,10,mock,NudgeTraining,1769464223,1,0,0
ked1wnip,112,6sq27hxz,9,mock,Nudge,1769464225,1,0,0
ked1wnip,109,y7j4mw14,9,mock,Nudge,1769464226,1,0,0
ked1wnip,104,qj6b5du6,10,mock,NudgeTraining,1769464226,1,0,0
ked1wnip,114,zlavd5yr,9,mock,Nudge,1769464228,1,0,0
ked1wnip,110,lsgugi5f,9,mock,Nudge,1769464231,1,0,0
ked1wnip,104,qj6b5du6,11,mock,NudgeTrainingLast,1769464232,1,0,0
ked1wnip,110,lsgugi5f,10,mock,NudgeTraining,1769464236,1,0,0
ked1wnip,114,zlavd5yr,10,mock,NudgeTraining,1769464237,1,0,0
ked1wnip,112,6sq27hxz,10,mock,NudgeTraining,1769464237,1,0,0
ked1wnip,96,0rxtu3ps,11,mock,NudgeTrainingLast,1769464238,1,0,0
ked1wnip,110,lsgugi5f,11,mock,NudgeTrainingLast,1769464241,1,0,0
ked1wnip,107,pofxaa5x,9,mock,Nudge,1769464241,1,0,0
ked1wnip,96,0rxtu3ps,12,mock,Phase3,1769464244,1,0,0
ked1wnip,112,6sq27hxz,11,mock,NudgeTrainingLast,1769464245,1,0,0
ked1wnip,93,v1tnbab4,9,mock,Nudge,1769464245,1,0,0
ked1wnip,109,y7j4mw14,10,mock,NudgeTraining,1769464246,1,0,0
ked1wnip,112,6sq27hxz,12,mock,Phase3,1769464254,1,0,0
ked1wnip,96,0rxtu3ps,13,mock,Discussion,1769464255,1,0,0
ked1wnip,93,v1tnbab4,10,mock,NudgeTraining,1769464256,1,0,0
ked1wnip,104,qj6b5du6,12,mock,Phase3,1769464256,1,0,0
ked1wnip,109,y7j4mw14,11,mock,NudgeTrainingLast,1769464258,1,0,0
ked1wnip,118,8aobrulh,2,presurvey,AudioCheck,1769464262,1,0,0
ked1wnip,93,v1tnbab4,11,mock,NudgeTrainingLast,1769464265,1,0,0
ked1wnip,104,qj6b5du6,13,mock,Discussion,1769464267,1,0,0
ked1wnip,110,lsgugi5f,12,mock,Phase3,1769464276,1,0,0
ked1wnip,114,zlavd5yr,11,mock,NudgeTrainingLast,1769464277,1,0,0
ked1wnip,112,6sq27hxz,13,mock,Discussion,1769464280,1,0,0
ked1wnip,110,lsgugi5f,13,mock,Discussion,1769464283,1,0,0
ked1wnip,114,zlavd5yr,12,mock,Phase3,1769464284,1,0,0
ked1wnip,97,bberfz64,4,presurvey,Commitment,1769464294,1,0,0
ked1wnip,109,y7j4mw14,12,mock,Phase3,1769464297,1,0,0
ked1wnip,93,v1tnbab4,12,mock,Phase3,1769464311,1,1,0
ked1wnip,114,zlavd5yr,13,mock,Discussion,1769464318,1,0,0
ked1wnip,109,y7j4mw14,13,mock,Discussion,1769464321,1,0,0
ked1wnip,93,v1tnbab4,13,mock,Discussion,1769464339,1,0,0
ked1wnip,93,v1tnbab4,19,mock,DiscussionGRPWaitPage,1769464339,2,0,1
ked1wnip,96,0rxtu3ps,19,mock,DiscussionGRPWaitPage,1769464339,2,0,1
ked1wnip,104,qj6b5du6,19,mock,DiscussionGRPWaitPage,1769464339,2,0,1
ked1wnip,114,zlavd5yr,19,mock,DiscussionGRPWaitPage,1769464339,2,0,1
ked1wnip,107,pofxaa5x,10,mock,NudgeTraining,1769464340,1,1,0
ked1wnip,96,0rxtu3ps,24,mock,Discussion,1769464346,2,0,0
ked1wnip,122,ujshvfau,0,,InitializeParticipant,1769464347,1,0,0
ked1wnip,104,qj6b5du6,24,mock,Discussion,1769464348,2,0,0
ked1wnip,93,v1tnbab4,24,mock,Discussion,1769464349,2,0,0
ked1wnip,122,ujshvfau,1,presurvey,Introduction,1769464350,1,0,0
ked1wnip,114,zlavd5yr,24,mock,Discussion,1769464361,2,0,0
ked1wnip,93,v1tnbab4,30,mock,DiscussionGRPWaitPage,1769464361,3,0,1
ked1wnip,96,0rxtu3ps,30,mock,DiscussionGRPWaitPage,1769464361,3,0,1
ked1wnip,104,qj6b5du6,30,mock,DiscussionGRPWaitPage,1769464361,3,0,1
ked1wnip,114,zlavd5yr,30,mock,DiscussionGRPWaitPage,1769464361,3,0,1
ked1wnip,96,0rxtu3ps,35,mock,Discussion,1769464365,3,0,0
ked1wnip,122,ujshvfau,2,presurvey,AudioCheck,1769464367,1,0,0
ked1wnip,93,v1tnbab4,35,mock,Discussion,1769464369,3,0,0
ked1wnip,104,qj6b5du6,35,mock,Discussion,1769464374,3,0,0
ked1wnip,122,ujshvfau,3,presurvey,Scenario,1769464392,1,0,0
ked1wnip,114,zlavd5yr,35,mock,Discussion,1769464392,3,0,0
ked1wnip,93,v1tnbab4,41,mock,DiscussionGRPWaitPage,1769464393,4,0,1
ked1wnip,96,0rxtu3ps,41,mock,DiscussionGRPWaitPage,1769464393,4,0,1
ked1wnip,104,qj6b5du6,41,mock,DiscussionGRPWaitPage,1769464393,4,0,1
ked1wnip,114,zlavd5yr,41,mock,DiscussionGRPWaitPage,1769464393,4,0,1
ked1wnip,104,qj6b5du6,46,mock,Discussion,1769464397,4,0,0
ked1wnip,93,v1tnbab4,46,mock,Discussion,1769464399,4,0,0
ked1wnip,96,0rxtu3ps,46,mock,Discussion,1769464400,4,0,0
ked1wnip,123,9lfi0tji,0,,InitializeParticipant,1769464411,1,0,0
ked1wnip,114,zlavd5yr,46,mock,Discussion,1769464415,4,0,0
ked1wnip,96,0rxtu3ps,52,mock,DiscussionGRPWaitPage,1769464415,5,0,1
ked1wnip,104,qj6b5du6,52,mock,DiscussionGRPWaitPage,1769464415,5,0,1
ked1wnip,114,zlavd5yr,52,mock,DiscussionGRPWaitPage,1769464415,5,0,1
ked1wnip,93,v1tnbab4,52,mock,DiscussionGRPWaitPage,1769464415,5,0,1
ked1wnip,96,0rxtu3ps,57,mock,Discussion,1769464418,5,0,0
ked1wnip,104,qj6b5du6,57,mock,Discussion,1769464418,5,0,0
ked1wnip,122,ujshvfau,4,presurvey,Commitment,1769464419,1,0,0
ked1wnip,93,v1tnbab4,57,mock,Discussion,1769464420,5,0,0
ked1wnip,124,av5egzp8,0,,InitializeParticipant,1769464426,1,0,0
ked1wnip,123,9lfi0tji,1,presurvey,Introduction,1769464431,1,0,0
ked1wnip,107,pofxaa5x,11,mock,NudgeTrainingLast,1769464436,1,1,0
ked1wnip,114,zlavd5yr,57,mock,Discussion,1769464436,5,0,0
ked1wnip,93,v1tnbab4,63,mock,DiscussionGRPWaitPage,1769464437,6,0,1
ked1wnip,96,0rxtu3ps,63,mock,DiscussionGRPWaitPage,1769464437,6,0,1
ked1wnip,104,qj6b5du6,63,mock,DiscussionGRPWaitPage,1769464437,6,0,1
ked1wnip,114,zlavd5yr,63,mock,DiscussionGRPWaitPage,1769464437,6,0,1
ked1wnip,124,av5egzp8,1,presurvey,Introduction,1769464439,1,0,0
ked1wnip,96,0rxtu3ps,68,mock,Discussion,1769464440,6,0,0
ked1wnip,104,qj6b5du6,68,mock,Discussion,1769464440,6,0,0
ked1wnip,93,v1tnbab4,68,mock,Discussion,1769464442,6,0,0
ked1wnip,123,9lfi0tji,2,presurvey,AudioCheck,1769464451,1,0,0
ked1wnip,124,av5egzp8,2,presurvey,AudioCheck,1769464457,1,0,0
ked1wnip,114,zlavd5yr,68,mock,Discussion,1769464457,6,0,0
ked1wnip,93,v1tnbab4,74,mock,DiscussionGRPWaitPage,1769464458,7,0,1
ked1wnip,96,0rxtu3ps,74,mock,DiscussionGRPWaitPage,1769464458,7,0,1
ked1wnip,104,qj6b5du6,74,mock,DiscussionGRPWaitPage,1769464458,7,0,1
ked1wnip,114,zlavd5yr,74,mock,DiscussionGRPWaitPage,1769464458,7,0,1
ked1wnip,104,qj6b5du6,79,mock,Discussion,1769464461,7,0,0
ked1wnip,96,0rxtu3ps,79,mock,Discussion,1769464462,7,0,0
ked1wnip,93,v1tnbab4,79,mock,Discussion,1769464465,7,0,0
ked1wnip,124,av5egzp8,3,presurvey,Scenario,1769464479,1,0,0
ked1wnip,114,zlavd5yr,79,mock,Discussion,1769464481,7,0,0
ked1wnip,114,zlavd5yr,85,mock,DiscussionGRPWaitPage,1769464481,8,0,1
ked1wnip,93,v1tnbab4,85,mock,DiscussionGRPWaitPage,1769464481,8,0,1
ked1wnip,96,0rxtu3ps,85,mock,DiscussionGRPWaitPage,1769464481,8,0,1
ked1wnip,104,qj6b5du6,85,mock,DiscussionGRPWaitPage,1769464481,8,0,1
ked1wnip,125,vgv5v1ij,0,,InitializeParticipant,1769464481,1,0,0
ked1wnip,104,qj6b5du6,90,mock,Discussion,1769464484,8,0,0
ked1wnip,123,9lfi0tji,3,presurvey,Scenario,1769464486,1,0,0
ked1wnip,93,v1tnbab4,90,mock,Discussion,1769464488,8,0,0
ked1wnip,107,pofxaa5x,12,mock,Phase3,1769464488,1,1,0
ked1wnip,96,0rxtu3ps,90,mock,Discussion,1769464488,8,0,0
ked1wnip,125,vgv5v1ij,1,presurvey,Introduction,1769464502,1,0,0
ked1wnip,114,zlavd5yr,90,mock,Discussion,1769464504,8,0,0
ked1wnip,93,v1tnbab4,96,mock,DiscussionGRPWaitPage,1769464504,9,0,1
ked1wnip,96,0rxtu3ps,96,mock,DiscussionGRPWaitPage,1769464504,9,0,1
ked1wnip,104,qj6b5du6,96,mock,DiscussionGRPWaitPage,1769464504,9,0,1
ked1wnip,114,zlavd5yr,96,mock,DiscussionGRPWaitPage,1769464504,9,0,1
ked1wnip,93,v1tnbab4,101,mock,Discussion,1769464508,9,0,0
ked1wnip,119,o446jm48,2,presurvey,AudioCheck,1769464512,1,0,0
ked1wnip,104,qj6b5du6,101,mock,Discussion,1769464513,9,0,0
ked1wnip,118,8aobrulh,3,presurvey,Scenario,1769464517,1,0,0
ked1wnip,96,0rxtu3ps,101,mock,Discussion,1769464520,9,0,0
ked1wnip,114,zlavd5yr,101,mock,Discussion,1769464524,9,0,0
ked1wnip,114,zlavd5yr,107,mock,DiscussionGRPWaitPage,1769464524,10,0,1
ked1wnip,93,v1tnbab4,107,mock,DiscussionGRPWaitPage,1769464524,10,0,1
ked1wnip,96,0rxtu3ps,107,mock,DiscussionGRPWaitPage,1769464524,10,0,1
ked1wnip,104,qj6b5du6,107,mock,DiscussionGRPWaitPage,1769464524,10,0,1
ked1wnip,96,0rxtu3ps,112,mock,Discussion,1769464528,10,0,0
ked1wnip,104,qj6b5du6,112,mock,Discussion,1769464529,10,0,0
ked1wnip,93,v1tnbab4,112,mock,Discussion,1769464530,10,0,0
ked1wnip,126,on7r58ex,0,,InitializeParticipant,1769464538,1,0,0
ked1wnip,121,7akfb0mq,2,presurvey,AudioCheck,1769464542,1,0,0
ked1wnip,126,on7r58ex,1,presurvey,Introduction,1769464543,1,0,0
ked1wnip,114,zlavd5yr,112,mock,Discussion,1769464554,10,0,0
ked1wnip,96,0rxtu3ps,118,mock,DiscussionGRPWaitPage,1769464554,11,0,1
ked1wnip,104,qj6b5du6,118,mock,DiscussionGRPWaitPage,1769464554,11,0,1
ked1wnip,114,zlavd5yr,118,mock,DiscussionGRPWaitPage,1769464554,11,0,1
ked1wnip,93,v1tnbab4,118,mock,DiscussionGRPWaitPage,1769464554,11,0,1
ked1wnip,96,0rxtu3ps,123,mock,Discussion,1769464557,11,0,0
ked1wnip,104,qj6b5du6,123,mock,Discussion,1769464558,11,0,0
ked1wnip,126,on7r58ex,2,presurvey,AudioCheck,1769464559,1,0,0
ked1wnip,93,v1tnbab4,123,mock,Discussion,1769464560,11,0,0
ked1wnip,119,o446jm48,3,presurvey,Scenario,1769464568,1,0,0
ked1wnip,114,zlavd5yr,123,mock,Discussion,1769464577,11,0,0
ked1wnip,104,qj6b5du6,129,mock,DiscussionGRPWaitPage,1769464577,12,0,1
ked1wnip,93,v1tnbab4,129,mock,DiscussionGRPWaitPage,1769464577,12,0,1
ked1wnip,96,0rxtu3ps,129,mock,DiscussionGRPWaitPage,1769464577,12,0,1
ked1wnip,114,zlavd5yr,129,mock,DiscussionGRPWaitPage,1769464577,12,0,1
ked1wnip,96,0rxtu3ps,134,mock,Discussion,1769464580,12,0,0
ked1wnip,104,qj6b5du6,134,mock,Discussion,1769464581,12,0,0
ked1wnip,93,v1tnbab4,134,mock,Discussion,1769464583,12,0,0
ked1wnip,107,pofxaa5x,13,mock,Discussion,1769464587,1,1,0
ked1wnip,110,lsgugi5f,19,mock,DiscussionGRPWaitPage,1769464587,2,0,1
ked1wnip,112,6sq27hxz,19,mock,DiscussionGRPWaitPage,1769464587,2,0,1
ked1wnip,107,pofxaa5x,19,mock,DiscussionGRPWaitPage,1769464587,2,0,1
ked1wnip,109,y7j4mw14,19,mock,DiscussionGRPWaitPage,1769464587,2,0,1
ked1wnip,127,t4mrg0k2,0,,InitializeParticipant,1769464594,1,0,0
ked1wnip,110,lsgugi5f,24,mock,Discussion,1769464597,2,0,0
ked1wnip,126,on7r58ex,3,presurvey,Scenario,1769464598,1,0,0
ked1wnip,114,zlavd5yr,134,mock,Discussion,1769464603,12,0,0
ked1wnip,93,v1tnbab4,140,mock,DiscussionGRPWaitPage,1769464603,13,0,1
ked1wnip,96,0rxtu3ps,140,mock,DiscussionGRPWaitPage,1769464603,13,0,1
ked1wnip,104,qj6b5du6,140,mock,DiscussionGRPWaitPage,1769464603,13,0,1
ked1wnip,114,zlavd5yr,140,mock,DiscussionGRPWaitPage,1769464603,13,0,1
ked1wnip,109,y7j4mw14,24,mock,Discussion,1769464604,2,0,0
ked1wnip,112,6sq27hxz,24,mock,Discussion,1769464604,2,0,0
ked1wnip,96,0rxtu3ps,145,mock,Discussion,1769464606,13,0,0
ked1wnip,104,qj6b5du6,145,mock,Discussion,1769464607,13,0,0
ked1wnip,126,on7r58ex,4,presurvey,Commitment,1769464609,1,0,0
ked1wnip,93,v1tnbab4,145,mock,Discussion,1769464610,13,0,0
ked1wnip,127,t4mrg0k2,1,presurvey,Introduction,1769464615,1,0,0
ked1wnip,114,zlavd5yr,145,mock,Discussion,1769464628,13,0,0
ked1wnip,93,v1tnbab4,151,mock,DiscussionGRPWaitPage,1769464628,14,0,1
ked1wnip,96,0rxtu3ps,151,mock,DiscussionGRPWaitPage,1769464628,14,0,1
ked1wnip,104,qj6b5du6,151,mock,DiscussionGRPWaitPage,1769464628,14,0,1
ked1wnip,114,zlavd5yr,151,mock,DiscussionGRPWaitPage,1769464628,14,0,1
ked1wnip,119,o446jm48,4,presurvey,Commitment,1769464628,1,0,0
ked1wnip,99,zk5dmzpj,5,mock,GroupingWaitPage,1769464629,1,0,1
ked1wnip,119,o446jm48,5,mock,GroupingWaitPage,1769464629,1,0,1
ked1wnip,122,ujshvfau,5,mock,GroupingWaitPage,1769464629,1,0,1
ked1wnip,126,on7r58ex,5,mock,GroupingWaitPage,1769464629,1,0,1
ked1wnip,99,zk5dmzpj,6,mock,GroupSizeWaitPage,1769464629,1,0,1
ked1wnip,119,o446jm48,6,mock,GroupSizeWaitPage,1769464629,1,0,1
ked1wnip,122,ujshvfau,6,mock,GroupSizeWaitPage,1769464629,1,0,1
ked1wnip,126,on7r58ex,6,mock,GroupSizeWaitPage,1769464629,1,0,1
ked1wnip,99,zk5dmzpj,8,mock,DiscussionGRPWaitPage,1769464630,1,0,1
ked1wnip,122,ujshvfau,8,mock,DiscussionGRPWaitPage,1769464630,1,0,1
ked1wnip,126,on7r58ex,8,mock,DiscussionGRPWaitPage,1769464630,1,0,1
ked1wnip,119,o446jm48,8,mock,DiscussionGRPWaitPage,1769464630,1,0,1
ked1wnip,96,0rxtu3ps,156,mock,Discussion,1769464631,14,0,0
ked1wnip,104,qj6b5du6,156,mock,Discussion,1769464633,14,0,0
ked1wnip,107,pofxaa5x,24,mock,Discussion,1769464639,2,1,0
ked1wnip,110,lsgugi5f,30,mock,DiscussionGRPWaitPage,1769464639,3,0,1
ked1wnip,112,6sq27hxz,30,mock,DiscussionGRPWaitPage,1769464639,3,0,1
ked1wnip,107,pofxaa5x,30,mock,DiscussionGRPWaitPage,1769464639,3,0,1
ked1wnip,109,y7j4mw14,30,mock,DiscussionGRPWaitPage,1769464639,3,0,1
ked1wnip,93,v1tnbab4,156,mock,Discussion,1769464643,14,0,0
ked1wnip,126,on7r58ex,9,mock,Nudge,1769464643,1,0,0
ked1wnip,112,6sq27hxz,35,mock,Discussion,1769464645,3,0,0
ked1wnip,127,t4mrg0k2,2,presurvey,AudioCheck,1769464648,1,0,0
ked1wnip,126,on7r58ex,10,mock,NudgeTraining,1769464648,1,0,0
ked1wnip,110,lsgugi5f,35,mock,Discussion,1769464649,3,0,0
ked1wnip,114,zlavd5yr,156,mock,Discussion,1769464650,14,0,0
ked1wnip,93,v1tnbab4,162,mock,DiscussionGRPWaitPage,1769464650,15,0,1
ked1wnip,96,0rxtu3ps,162,mock,DiscussionGRPWaitPage,1769464650,15,0,1
ked1wnip,104,qj6b5du6,162,mock,DiscussionGRPWaitPage,1769464650,15,0,1
ked1wnip,114,zlavd5yr,162,mock,DiscussionGRPWaitPage,1769464650,15,0,1
ked1wnip,122,ujshvfau,9,mock,Nudge,1769464652,1,0,0
ked1wnip,96,0rxtu3ps,167,mock,Discussion,1769464652,15,0,0
ked1wnip,104,qj6b5du6,167,mock,Discussion,1769464653,15,0,0
ked1wnip,126,on7r58ex,11,mock,NudgeTrainingLast,1769464654,1,0,0
ked1wnip,99,zk5dmzpj,9,mock,Nudge,1769464656,1,0,0
ked1wnip,109,y7j4mw14,35,mock,Discussion,1769464656,3,0,0
ked1wnip,119,o446jm48,9,mock,Nudge,1769464659,1,0,0
ked1wnip,126,on7r58ex,12,mock,Phase3,1769464661,1,0,0
ked1wnip,93,v1tnbab4,167,mock,Discussion,1769464662,15,0,0
ked1wnip,126,on7r58ex,13,mock,Discussion,1769464664,1,0,0
ked1wnip,99,zk5dmzpj,10,mock,NudgeTraining,1769464664,1,0,0
ked1wnip,122,ujshvfau,10,mock,NudgeTraining,1769464668,1,0,0
ked1wnip,114,zlavd5yr,167,mock,Discussion,1769464672,15,0,0
ked1wnip,93,v1tnbab4,173,mock,DiscussionGRPWaitPage,1769464672,16,0,1
ked1wnip,96,0rxtu3ps,173,mock,DiscussionGRPWaitPage,1769464672,16,0,1
ked1wnip,104,qj6b5du6,173,mock,DiscussionGRPWaitPage,1769464672,16,0,1
ked1wnip,114,zlavd5yr,173,mock,DiscussionGRPWaitPage,1769464672,16,0,1
ked1wnip,99,zk5dmzpj,11,mock,NudgeTrainingLast,1769464673,1,0,0
ked1wnip,96,0rxtu3ps,178,mock,Discussion,1769464675,16,0,0
ked1wnip,104,qj6b5du6,178,mock,Discussion,1769464675,16,0,0
ked1wnip,122,ujshvfau,11,mock,NudgeTrainingLast,1769464676,1,0,0
ked1wnip,119,o446jm48,10,mock,NudgeTraining,1769464676,1,0,0
ked1wnip,127,t4mrg0k2,3,presurvey,Scenario,1769464681,1,0,0
ked1wnip,93,v1tnbab4,178,mock,Discussion,1769464683,16,0,0
ked1wnip,107,pofxaa5x,35,mock,Discussion,1769464690,3,1,0
ked1wnip,110,lsgugi5f,41,mock,DiscussionGRPWaitPage,1769464690,4,0,1
ked1wnip,112,6sq27hxz,41,mock,DiscussionGRPWaitPage,1769464690,4,0,1
ked1wnip,107,pofxaa5x,41,mock,DiscussionGRPWaitPage,1769464690,4,0,1
ked1wnip,109,y7j4mw14,41,mock,DiscussionGRPWaitPage,1769464690,4,0,1
ked1wnip,114,zlavd5yr,178,mock,Discussion,1769464691,16,0,0
ked1wnip,93,v1tnbab4,184,mock,DiscussionGRPWaitPage,1769464691,17,0,1
ked1wnip,96,0rxtu3ps,184,mock,DiscussionGRPWaitPage,1769464691,17,0,1
ked1wnip,104,qj6b5du6,184,mock,DiscussionGRPWaitPage,1769464691,17,0,1
ked1wnip,114,zlavd5yr,184,mock,DiscussionGRPWaitPage,1769464691,17,0,1
ked1wnip,122,ujshvfau,12,mock,Phase3,1769464692,1,0,0
ked1wnip,96,0rxtu3ps,189,mock,Discussion,1769464694,17,0,0
ked1wnip,99,zk5dmzpj,12,mock,Phase3,1769464694,1,0,0
ked1wnip,110,lsgugi5f,46,mock,Discussion,1769464694,4,0,0
ked1wnip,104,qj6b5du6,189,mock,Discussion,1769464695,17,0,0
ked1wnip,119,o446jm48,11,mock,NudgeTrainingLast,1769464697,1,0,0
ked1wnip,112,6sq27hxz,46,mock,Discussion,1769464697,4,0,0
ked1wnip,93,v1tnbab4,189,mock,Discussion,1769464698,17,0,0
ked1wnip,122,ujshvfau,13,mock,Discussion,1769464702,1,0,0
ked1wnip,109,y7j4mw14,46,mock,Discussion,1769464704,4,0,0
ked1wnip,128,ada4uelo,0,,InitializeParticipant,1769464705,1,0,0
ked1wnip,114,zlavd5yr,189,mock,Discussion,1769464708,17,0,0
ked1wnip,96,0rxtu3ps,195,mock,DiscussionGRPWaitPage,1769464708,18,0,1
ked1wnip,104,qj6b5du6,195,mock,DiscussionGRPWaitPage,1769464708,18,0,1
ked1wnip,114,zlavd5yr,195,mock,DiscussionGRPWaitPage,1769464708,18,0,1
ked1wnip,93,v1tnbab4,195,mock,DiscussionGRPWaitPage,1769464708,18,0,1
ked1wnip,128,ada4uelo,1,presurvey,Introduction,1769464711,1,0,0
ked1wnip,99,zk5dmzpj,13,mock,Discussion,1769464712,1,0,0
ked1wnip,96,0rxtu3ps,200,mock,Discussion,1769464712,18,0,0
ked1wnip,104,qj6b5du6,200,mock,Discussion,1769464712,18,0,0
ked1wnip,93,v1tnbab4,200,mock,Discussion,1769464713,18,0,0
ked1wnip,118,8aobrulh,4,presurvey,Commitment,1769464718,1,0,0
ked1wnip,128,ada4uelo,2,presurvey,AudioCheck,1769464728,1,0,0
ked1wnip,114,zlavd5yr,200,mock,Discussion,1769464729,18,0,0
ked1wnip,93,v1tnbab4,206,mock,DiscussionGRPWaitPage,1769464729,19,0,1
ked1wnip,96,0rxtu3ps,206,mock,DiscussionGRPWaitPage,1769464729,19,0,1
ked1wnip,104,qj6b5du6,206,mock,DiscussionGRPWaitPage,1769464729,19,0,1
ked1wnip,114,zlavd5yr,206,mock,DiscussionGRPWaitPage,1769464729,19,0,1
ked1wnip,119,o446jm48,12,mock,Phase3,1769464732,1,0,0
ked1wnip,104,qj6b5du6,211,mock,Discussion,1769464733,19,0,0
ked1wnip,93,v1tnbab4,211,mock,Discussion,1769464735,19,0,0
ked1wnip,107,pofxaa5x,46,mock,Discussion,1769464744,4,1,0
ked1wnip,112,6sq27hxz,52,mock,DiscussionGRPWaitPage,1769464745,5,0,1
ked1wnip,110,lsgugi5f,52,mock,DiscussionGRPWaitPage,1769464745,5,0,1
ked1wnip,107,pofxaa5x,52,mock,DiscussionGRPWaitPage,1769464745,5,0,1
ked1wnip,109,y7j4mw14,52,mock,DiscussionGRPWaitPage,1769464745,5,0,1
ked1wnip,96,0rxtu3ps,211,mock,Discussion,1769464746,19,0,0
ked1wnip,112,6sq27hxz,57,mock,Discussion,1769464748,5,0,0
ked1wnip,114,zlavd5yr,211,mock,Discussion,1769464751,19,0,0
ked1wnip,93,v1tnbab4,217,mock,DiscussionGRPWaitPage,1769464751,20,0,1
ked1wnip,96,0rxtu3ps,217,mock,DiscussionGRPWaitPage,1769464751,20,0,1
ked1wnip,104,qj6b5du6,217,mock,DiscussionGRPWaitPage,1769464751,20,0,1
ked1wnip,114,zlavd5yr,217,mock,DiscussionGRPWaitPage,1769464751,20,0,1
ked1wnip,110,lsgugi5f,57,mock,Discussion,1769464752,5,0,0
ked1wnip,109,y7j4mw14,57,mock,Discussion,1769464754,5,0,0
ked1wnip,104,qj6b5du6,222,mock,Discussion,1769464754,20,0,0
ked1wnip,96,0rxtu3ps,222,mock,Discussion,1769464754,20,0,0
ked1wnip,93,v1tnbab4,222,mock,Discussion,1769464757,20,0,0
ked1wnip,128,ada4uelo,3,presurvey,Scenario,1769464760,1,0,0
ked1wnip,119,o446jm48,13,mock,Discussion,1769464760,1,0,0
ked1wnip,99,zk5dmzpj,19,mock,DiscussionGRPWaitPage,1769464760,2,0,1
ked1wnip,119,o446jm48,19,mock,DiscussionGRPWaitPage,1769464760,2,0,1
ked1wnip,122,ujshvfau,19,mock,DiscussionGRPWaitPage,1769464760,2,0,1
ked1wnip,126,on7r58ex,19,mock,DiscussionGRPWaitPage,1769464760,2,0,1
ked1wnip,121,7akfb0mq,3,presurvey,Scenario,1769464762,1,0,0
ked1wnip,99,zk5dmzpj,24,mock,Discussion,1769464766,2,0,0
ked1wnip,122,ujshvfau,24,mock,Discussion,1769464768,2,0,0
ked1wnip,126,on7r58ex,24,mock,Discussion,1769464769,2,0,0
ked1wnip,119,o446jm48,24,mock,Discussion,1769464772,2,0,0
ked1wnip,114,zlavd5yr,222,mock,Discussion,1769464772,20,0,0
ked1wnip,122,ujshvfau,30,mock,DiscussionGRPWaitPage,1769464772,3,0,1
ked1wnip,99,zk5dmzpj,30,mock,DiscussionGRPWaitPage,1769464772,3,0,1
ked1wnip,126,on7r58ex,30,mock,DiscussionGRPWaitPage,1769464772,3,0,1
ked1wnip,119,o446jm48,30,mock,DiscussionGRPWaitPage,1769464772,3,0,1
ked1wnip,104,qj6b5du6,223,mock,FinalRoundWaitPage,1769464772,20,0,1
ked1wnip,96,0rxtu3ps,223,mock,FinalRoundWaitPage,1769464772,20,0,1
ked1wnip,93,v1tnbab4,223,mock,FinalRoundWaitPage,1769464772,20,0,1
ked1wnip,114,zlavd5yr,223,mock,FinalRoundWaitPage,1769464772,20,0,1
ked1wnip,99,zk5dmzpj,35,mock,Discussion,1769464776,3,0,0
ked1wnip,126,on7r58ex,35,mock,Discussion,1769464776,3,0,0
ked1wnip,122,ujshvfau,35,mock,Discussion,1769464777,3,0,0
ked1wnip,119,o446jm48,35,mock,Discussion,1769464777,3,0,0
ked1wnip,122,ujshvfau,41,mock,DiscussionGRPWaitPage,1769464778,4,0,1
ked1wnip,99,zk5dmzpj,41,mock,DiscussionGRPWaitPage,1769464778,4,0,1
ked1wnip,126,on7r58ex,41,mock,DiscussionGRPWaitPage,1769464778,4,0,1
ked1wnip,119,o446jm48,41,mock,DiscussionGRPWaitPage,1769464778,4,0,1
ked1wnip,126,on7r58ex,46,mock,Discussion,1769464780,4,0,0
ked1wnip,96,0rxtu3ps,224,mock,FinalRound,1769464780,20,0,0
ked1wnip,99,zk5dmzpj,46,mock,Discussion,1769464781,4,0,0
ked1wnip,107,pofxaa5x,57,mock,Discussion,1769464781,5,1,0
ked1wnip,110,lsgugi5f,63,mock,DiscussionGRPWaitPage,1769464781,6,0,1
ked1wnip,112,6sq27hxz,63,mock,DiscussionGRPWaitPage,1769464781,6,0,1
ked1wnip,107,pofxaa5x,63,mock,DiscussionGRPWaitPage,1769464781,6,0,1
ked1wnip,109,y7j4mw14,63,mock,DiscussionGRPWaitPage,1769464781,6,0,1
ked1wnip,122,ujshvfau,46,mock,Discussion,1769464782,4,0,0
ked1wnip,114,zlavd5yr,224,mock,FinalRound,1769464782,20,0,0
ked1wnip,104,qj6b5du6,224,mock,FinalRound,1769464782,20,0,0
ked1wnip,93,v1tnbab4,224,mock,FinalRound,1769464784,20,0,0
ked1wnip,112,6sq27hxz,68,mock,Discussion,1769464784,6,0,0
ked1wnip,119,o446jm48,46,mock,Discussion,1769464787,4,0,0
ked1wnip,122,ujshvfau,52,mock,DiscussionGRPWaitPage,1769464787,5,0,1
ked1wnip,99,zk5dmzpj,52,mock,DiscussionGRPWaitPage,1769464787,5,0,1
ked1wnip,126,on7r58ex,52,mock,DiscussionGRPWaitPage,1769464787,5,0,1
ked1wnip,119,o446jm48,52,mock,DiscussionGRPWaitPage,1769464787,5,0,1
ked1wnip,110,lsgugi5f,68,mock,Discussion,1769464789,6,0,0
ked1wnip,126,on7r58ex,57,mock,Discussion,1769464790,5,0,0
ked1wnip,109,y7j4mw14,68,mock,Discussion,1769464790,6,0,0
ked1wnip,99,zk5dmzpj,57,mock,Discussion,1769464790,5,0,0
ked1wnip,128,ada4uelo,4,presurvey,Commitment,1769464791,1,0,0
ked1wnip,122,ujshvfau,57,mock,Discussion,1769464792,5,0,0
ked1wnip,119,o446jm48,57,mock,Discussion,1769464795,5,0,0
ked1wnip,122,ujshvfau,63,mock,DiscussionGRPWaitPage,1769464795,6,0,1
ked1wnip,99,zk5dmzpj,63,mock,DiscussionGRPWaitPage,1769464795,6,0,1
ked1wnip,126,on7r58ex,63,mock,DiscussionGRPWaitPage,1769464795,6,0,1
ked1wnip,119,o446jm48,63,mock,DiscussionGRPWaitPage,1769464795,6,0,1
ked1wnip,126,on7r58ex,68,mock,Discussion,1769464797,6,0,0
ked1wnip,99,zk5dmzpj,68,mock,Discussion,1769464799,6,0,0
ked1wnip,122,ujshvfau,68,mock,Discussion,1769464800,6,0,0
ked1wnip,119,o446jm48,68,mock,Discussion,1769464801,6,0,0
ked1wnip,122,ujshvfau,74,mock,DiscussionGRPWaitPage,1769464801,7,0,1
ked1wnip,99,zk5dmzpj,74,mock,DiscussionGRPWaitPage,1769464801,7,0,1
ked1wnip,126,on7r58ex,74,mock,DiscussionGRPWaitPage,1769464801,7,0,1
ked1wnip,119,o446jm48,74,mock,DiscussionGRPWaitPage,1769464801,7,0,1
ked1wnip,126,on7r58ex,79,mock,Discussion,1769464803,7,0,0
ked1wnip,99,zk5dmzpj,79,mock,Discussion,1769464804,7,0,0
ked1wnip,122,ujshvfau,79,mock,Discussion,1769464804,7,0,0
ked1wnip,119,o446jm48,79,mock,Discussion,1769464807,7,0,0
ked1wnip,122,ujshvfau,85,mock,DiscussionGRPWaitPage,1769464807,8,0,1
ked1wnip,99,zk5dmzpj,85,mock,DiscussionGRPWaitPage,1769464807,8,0,1
ked1wnip,126,on7r58ex,85,mock,DiscussionGRPWaitPage,1769464807,8,0,1
ked1wnip,119,o446jm48,85,mock,DiscussionGRPWaitPage,1769464807,8,0,1
ked1wnip,126,on7r58ex,90,mock,Discussion,1769464810,8,0,0
ked1wnip,99,zk5dmzpj,90,mock,Discussion,1769464810,8,0,0
ked1wnip,122,ujshvfau,90,mock,Discussion,1769464810,8,0,0
ked1wnip,119,o446jm48,90,mock,Discussion,1769464814,8,0,0
ked1wnip,99,zk5dmzpj,96,mock,DiscussionGRPWaitPage,1769464815,9,0,1
ked1wnip,122,ujshvfau,96,mock,DiscussionGRPWaitPage,1769464815,9,0,1
ked1wnip,126,on7r58ex,96,mock,DiscussionGRPWaitPage,1769464815,9,0,1
ked1wnip,119,o446jm48,96,mock,DiscussionGRPWaitPage,1769464815,9,0,1
ked1wnip,107,pofxaa5x,68,mock,Discussion,1769464817,6,1,0
ked1wnip,110,lsgugi5f,74,mock,DiscussionGRPWaitPage,1769464817,7,0,1
ked1wnip,107,pofxaa5x,74,mock,DiscussionGRPWaitPage,1769464817,7,0,1
ked1wnip,109,y7j4mw14,74,mock,DiscussionGRPWaitPage,1769464817,7,0,1
ked1wnip,112,6sq27hxz,74,mock,DiscussionGRPWaitPage,1769464817,7,0,1
ked1wnip,126,on7r58ex,101,mock,Discussion,1769464817,9,0,0
ked1wnip,99,zk5dmzpj,101,mock,Discussion,1769464817,9,0,0
ked1wnip,122,ujshvfau,101,mock,Discussion,1769464818,9,0,0
ked1wnip,119,o446jm48,101,mock,Discussion,1769464820,9,0,0
ked1wnip,122,ujshvfau,107,mock,DiscussionGRPWaitPage,1769464820,10,0,1
ked1wnip,99,zk5dmzpj,107,mock,DiscussionGRPWaitPage,1769464820,10,0,1
ked1wnip,126,on7r58ex,107,mock,DiscussionGRPWaitPage,1769464820,10,0,1
ked1wnip,119,o446jm48,107,mock,DiscussionGRPWaitPage,1769464820,10,0,1
ked1wnip,112,6sq27hxz,79,mock,Discussion,1769464821,7,0,0
ked1wnip,110,lsgugi5f,79,mock,Discussion,1769464821,7,0,0
ked1wnip,122,ujshvfau,112,mock,Discussion,1769464822,10,0,0
ked1wnip,126,on7r58ex,112,mock,Discussion,1769464823,10,0,0
ked1wnip,99,zk5dmzpj,112,mock,Discussion,1769464823,10,0,0
ked1wnip,119,o446jm48,112,mock,Discussion,1769464824,10,0,0
ked1wnip,122,ujshvfau,118,mock,DiscussionGRPWaitPage,1769464824,11,0,1
ked1wnip,99,zk5dmzpj,118,mock,DiscussionGRPWaitPage,1769464824,11,0,1
ked1wnip,126,on7r58ex,118,mock,DiscussionGRPWaitPage,1769464824,11,0,1
ked1wnip,119,o446jm48,118,mock,DiscussionGRPWaitPage,1769464824,11,0,1
ked1wnip,126,on7r58ex,123,mock,Discussion,1769464826,11,0,0
ked1wnip,119,o446jm48,123,mock,Discussion,1769464826,11,0,0
ked1wnip,122,ujshvfau,123,mock,Discussion,1769464827,11,0,0
ked1wnip,99,zk5dmzpj,123,mock,Discussion,1769464827,11,0,0
ked1wnip,122,ujshvfau,129,mock,DiscussionGRPWaitPage,1769464827,12,0,1
ked1wnip,99,zk5dmzpj,129,mock,DiscussionGRPWaitPage,1769464827,12,0,1
ked1wnip,126,on7r58ex,129,mock,DiscussionGRPWaitPage,1769464827,12,0,1
ked1wnip,119,o446jm48,129,mock,DiscussionGRPWaitPage,1769464827,12,0,1
ked1wnip,126,on7r58ex,134,mock,Discussion,1769464829,12,0,0
ked1wnip,99,zk5dmzpj,134,mock,Discussion,1769464830,12,0,0
ked1wnip,122,ujshvfau,134,mock,Discussion,1769464830,12,0,0
ked1wnip,119,o446jm48,134,mock,Discussion,1769464833,12,0,0
ked1wnip,122,ujshvfau,140,mock,DiscussionGRPWaitPage,1769464833,13,0,1
ked1wnip,99,zk5dmzpj,140,mock,DiscussionGRPWaitPage,1769464833,13,0,1
ked1wnip,126,on7r58ex,140,mock,DiscussionGRPWaitPage,1769464833,13,0,1
ked1wnip,119,o446jm48,140,mock,DiscussionGRPWaitPage,1769464833,13,0,1
ked1wnip,109,y7j4mw14,79,mock,Discussion,1769464834,7,0,0
ked1wnip,126,on7r58ex,145,mock,Discussion,1769464835,13,0,0
ked1wnip,122,ujshvfau,145,mock,Discussion,1769464835,13,0,0
ked1wnip,99,zk5dmzpj,145,mock,Discussion,1769464836,13,0,0
ked1wnip,119,o446jm48,145,mock,Discussion,1769464838,13,0,0
ked1wnip,122,ujshvfau,151,mock,DiscussionGRPWaitPage,1769464839,14,0,1
ked1wnip,99,zk5dmzpj,151,mock,DiscussionGRPWaitPage,1769464839,14,0,1
ked1wnip,126,on7r58ex,151,mock,DiscussionGRPWaitPage,1769464839,14,0,1
ked1wnip,119,o446jm48,151,mock,DiscussionGRPWaitPage,1769464839,14,0,1
ked1wnip,99,zk5dmzpj,156,mock,Discussion,1769464841,14,0,0
ked1wnip,122,ujshvfau,156,mock,Discussion,1769464841,14,0,0
ked1wnip,119,o446jm48,156,mock,Discussion,1769464841,14,0,0
ked1wnip,126,on7r58ex,156,mock,Discussion,1769464841,14,0,0
ked1wnip,99,zk5dmzpj,162,mock,DiscussionGRPWaitPage,1769464842,15,0,1
ked1wnip,122,ujshvfau,162,mock,DiscussionGRPWaitPage,1769464842,15,0,1
ked1wnip,126,on7r58ex,162,mock,DiscussionGRPWaitPage,1769464842,15,0,1
ked1wnip,119,o446jm48,162,mock,DiscussionGRPWaitPage,1769464842,15,0,1
ked1wnip,122,ujshvfau,167,mock,Discussion,1769464844,15,0,0
ked1wnip,99,zk5dmzpj,167,mock,Discussion,1769464844,15,0,0
ked1wnip,126,on7r58ex,167,mock,Discussion,1769464844,15,0,0
ked1wnip,119,o446jm48,167,mock,Discussion,1769464845,15,0,0
ked1wnip,99,zk5dmzpj,173,mock,DiscussionGRPWaitPage,1769464845,16,0,1
ked1wnip,119,o446jm48,173,mock,DiscussionGRPWaitPage,1769464845,16,0,1
ked1wnip,122,ujshvfau,173,mock,DiscussionGRPWaitPage,1769464845,16,0,1
ked1wnip,126,on7r58ex,173,mock,DiscussionGRPWaitPage,1769464845,16,0,1
ked1wnip,126,on7r58ex,178,mock,Discussion,1769464847,16,0,0
ked1wnip,122,ujshvfau,178,mock,Discussion,1769464847,16,0,0
ked1wnip,99,zk5dmzpj,178,mock,Discussion,1769464848,16,0,0
ked1wnip,119,o446jm48,178,mock,Discussion,1769464848,16,0,0
ked1wnip,122,ujshvfau,184,mock,DiscussionGRPWaitPage,1769464848,17,0,1
ked1wnip,99,zk5dmzpj,184,mock,DiscussionGRPWaitPage,1769464848,17,0,1
ked1wnip,126,on7r58ex,184,mock,DiscussionGRPWaitPage,1769464848,17,0,1
ked1wnip,119,o446jm48,184,mock,DiscussionGRPWaitPage,1769464848,17,0,1
ked1wnip,126,on7r58ex,189,mock,Discussion,1769464851,17,0,0
ked1wnip,122,ujshvfau,189,mock,Discussion,1769464851,17,0,0
ked1wnip,99,zk5dmzpj,189,mock,Discussion,1769464851,17,0,0
ked1wnip,119,o446jm48,189,mock,Discussion,1769464852,17,0,0
ked1wnip,99,zk5dmzpj,195,mock,DiscussionGRPWaitPage,1769464852,18,0,1
ked1wnip,122,ujshvfau,195,mock,DiscussionGRPWaitPage,1769464852,18,0,1
ked1wnip,126,on7r58ex,195,mock,DiscussionGRPWaitPage,1769464852,18,0,1
ked1wnip,119,o446jm48,195,mock,DiscussionGRPWaitPage,1769464852,18,0,1
ked1wnip,129,l778ipm2,0,,InitializeParticipant,1769464852,1,0,0
ked1wnip,122,ujshvfau,200,mock,Discussion,1769464854,18,0,0
ked1wnip,119,o446jm48,200,mock,Discussion,1769464855,18,0,0
ked1wnip,99,zk5dmzpj,200,mock,Discussion,1769464855,18,0,0
ked1wnip,107,pofxaa5x,79,mock,Discussion,1769464856,7,1,0
ked1wnip,112,6sq27hxz,85,mock,DiscussionGRPWaitPage,1769464857,8,0,1
ked1wnip,107,pofxaa5x,85,mock,DiscussionGRPWaitPage,1769464857,8,0,1
ked1wnip,110,lsgugi5f,85,mock,DiscussionGRPWaitPage,1769464857,8,0,1
ked1wnip,109,y7j4mw14,85,mock,DiscussionGRPWaitPage,1769464857,8,0,1
ked1wnip,126,on7r58ex,200,mock,Discussion,1769464859,18,0,0
ked1wnip,119,o446jm48,206,mock,DiscussionGRPWaitPage,1769464859,19,0,1
ked1wnip,122,ujshvfau,206,mock,DiscussionGRPWaitPage,1769464859,19,0,1
ked1wnip,99,zk5dmzpj,206,mock,DiscussionGRPWaitPage,1769464859,19,0,1
ked1wnip,126,on7r58ex,206,mock,DiscussionGRPWaitPage,1769464859,19,0,1
ked1wnip,110,lsgugi5f,90,mock,Discussion,1769464861,8,0,0
ked1wnip,99,zk5dmzpj,211,mock,Discussion,1769464861,19,0,0
ked1wnip,112,6sq27hxz,90,mock,Discussion,1769464861,8,0,0
ked1wnip,126,on7r58ex,211,mock,Discussion,1769464862,19,0,0
ked1wnip,122,ujshvfau,211,mock,Discussion,1769464862,19,0,0
ked1wnip,119,o446jm48,211,mock,Discussion,1769464863,19,0,0
ked1wnip,99,zk5dmzpj,217,mock,DiscussionGRPWaitPage,1769464863,20,0,1
ked1wnip,119,o446jm48,217,mock,DiscussionGRPWaitPage,1769464863,20,0,1
ked1wnip,122,ujshvfau,217,mock,DiscussionGRPWaitPage,1769464863,20,0,1
ked1wnip,126,on7r58ex,217,mock,DiscussionGRPWaitPage,1769464863,20,0,1
ked1wnip,109,y7j4mw14,90,mock,Discussion,1769464864,8,0,0
ked1wnip,99,zk5dmzpj,222,mock,Discussion,1769464865,20,0,0
ked1wnip,126,on7r58ex,222,mock,Discussion,1769464865,20,0,0
ked1wnip,122,ujshvfau,222,mock,Discussion,1769464865,20,0,0
ked1wnip,119,o446jm48,222,mock,Discussion,1769464868,20,0,0
ked1wnip,119,o446jm48,223,mock,FinalRoundWaitPage,1769464869,20,0,1
ked1wnip,99,zk5dmzpj,223,mock,FinalRoundWaitPage,1769464869,20,0,1
ked1wnip,126,on7r58ex,223,mock,FinalRoundWaitPage,1769464869,20,0,1
ked1wnip,122,ujshvfau,223,mock,FinalRoundWaitPage,1769464869,20,0,1
ked1wnip,126,on7r58ex,224,mock,FinalRound,1769464873,20,0,0
ked1wnip,122,ujshvfau,224,mock,FinalRound,1769464875,20,0,0
ked1wnip,99,zk5dmzpj,224,mock,FinalRound,1769464875,20,0,0
ked1wnip,119,o446jm48,224,mock,FinalRound,1769464877,20,0,0
ked1wnip,129,l778ipm2,1,presurvey,Introduction,1769464887,1,0,0
ked1wnip,107,pofxaa5x,90,mock,Discussion,1769464893,8,1,0
ked1wnip,110,lsgugi5f,96,mock,DiscussionGRPWaitPage,1769464893,9,0,1
ked1wnip,112,6sq27hxz,96,mock,DiscussionGRPWaitPage,1769464893,9,0,1
ked1wnip,107,pofxaa5x,96,mock,DiscussionGRPWaitPage,1769464893,9,0,1
ked1wnip,109,y7j4mw14,96,mock,DiscussionGRPWaitPage,1769464893,9,0,1
ked1wnip,109,y7j4mw14,101,mock,Discussion,1769464899,9,0,0
ked1wnip,112,6sq27hxz,101,mock,Discussion,1769464899,9,0,0
ked1wnip,110,lsgugi5f,101,mock,Discussion,1769464901,9,0,0
ked1wnip,129,l778ipm2,2,presurvey,AudioCheck,1769464915,1,0,0
ked1wnip,107,pofxaa5x,101,mock,Discussion,1769464932,9,1,0
ked1wnip,110,lsgugi5f,107,mock,DiscussionGRPWaitPage,1769464932,10,0,1
ked1wnip,112,6sq27hxz,107,mock,DiscussionGRPWaitPage,1769464932,10,0,1
ked1wnip,107,pofxaa5x,107,mock,DiscussionGRPWaitPage,1769464932,10,0,1
ked1wnip,109,y7j4mw14,107,mock,DiscussionGRPWaitPage,1769464932,10,0,1
ked1wnip,112,6sq27hxz,112,mock,Discussion,1769464936,10,0,0
ked1wnip,110,lsgugi5f,112,mock,Discussion,1769464937,10,0,0
ked1wnip,109,y7j4mw14,112,mock,Discussion,1769464950,10,0,0
ked1wnip,105,91tmsgg7,5,mock,GroupingWaitPage,1769464962,1,0,1
ked1wnip,105,91tmsgg7,6,mock,GroupSizeWaitPage,1769464963,1,0,1
ked1wnip,107,pofxaa5x,112,mock,Discussion,1769464971,10,1,0
ked1wnip,110,lsgugi5f,118,mock,DiscussionGRPWaitPage,1769464972,11,0,1
ked1wnip,112,6sq27hxz,118,mock,DiscussionGRPWaitPage,1769464972,11,0,1
ked1wnip,107,pofxaa5x,118,mock,DiscussionGRPWaitPage,1769464972,11,0,1
ked1wnip,109,y7j4mw14,118,mock,DiscussionGRPWaitPage,1769464972,11,0,1
ked1wnip,129,l778ipm2,3,presurvey,Scenario,1769464974,1,0,0
ked1wnip,105,91tmsgg7,7,mock,AttentionCheck,1769464976,1,0,0
ked1wnip,110,lsgugi5f,123,mock,Discussion,1769464978,11,0,0
ked1wnip,112,6sq27hxz,123,mock,Discussion,1769464978,11,0,0
ked1wnip,109,y7j4mw14,123,mock,Discussion,1769464986,11,0,0
ked1wnip,130,dfrxfp1u,0,,InitializeParticipant,1769464998,1,0,0
ked1wnip,106,8y3yuhyu,5,mock,GroupingWaitPage,1769464999,1,0,1
ked1wnip,106,8y3yuhyu,6,mock,GroupSizeWaitPage,1769465000,1,0,1
ked1wnip,106,8y3yuhyu,7,mock,AttentionCheck,1769465007,1,0,0
ked1wnip,107,pofxaa5x,123,mock,Discussion,1769465009,11,1,0
ked1wnip,110,lsgugi5f,129,mock,DiscussionGRPWaitPage,1769465009,12,0,1
ked1wnip,112,6sq27hxz,129,mock,DiscussionGRPWaitPage,1769465009,12,0,1
ked1wnip,107,pofxaa5x,129,mock,DiscussionGRPWaitPage,1769465009,12,0,1
ked1wnip,109,y7j4mw14,129,mock,DiscussionGRPWaitPage,1769465009,12,0,1
ked1wnip,130,dfrxfp1u,1,presurvey,Introduction,1769465012,1,0,0
ked1wnip,112,6sq27hxz,134,mock,Discussion,1769465013,12,0,0
ked1wnip,110,lsgugi5f,134,mock,Discussion,1769465014,12,0,0
ked1wnip,109,y7j4mw14,134,mock,Discussion,1769465018,12,0,0
ked1wnip,131,f963u5ql,0,,InitializeParticipant,1769465026,1,0,0
ked1wnip,131,f963u5ql,1,presurvey,Introduction,1769465035,1,0,0
ked1wnip,130,dfrxfp1u,2,presurvey,AudioCheck,1769465039,1,0,0
ked1wnip,107,pofxaa5x,134,mock,Discussion,1769465046,12,1,0
ked1wnip,110,lsgugi5f,140,mock,DiscussionGRPWaitPage,1769465046,13,0,1
ked1wnip,112,6sq27hxz,140,mock,DiscussionGRPWaitPage,1769465046,13,0,1
ked1wnip,107,pofxaa5x,140,mock,DiscussionGRPWaitPage,1769465046,13,0,1
ked1wnip,109,y7j4mw14,140,mock,DiscussionGRPWaitPage,1769465046,13,0,1
ked1wnip,110,lsgugi5f,145,mock,Discussion,1769465049,13,0,0
ked1wnip,112,6sq27hxz,145,mock,Discussion,1769465050,13,0,0
ked1wnip,109,y7j4mw14,145,mock,Discussion,1769465054,13,0,0
ked1wnip,132,ah954ml4,0,,InitializeParticipant,1769465067,1,0,0
ked1wnip,130,dfrxfp1u,3,presurvey,Scenario,1769465076,1,0,0
ked1wnip,107,pofxaa5x,145,mock,Discussion,1769465082,13,1,0
ked1wnip,110,lsgugi5f,151,mock,DiscussionGRPWaitPage,1769465082,14,0,1
ked1wnip,112,6sq27hxz,151,mock,DiscussionGRPWaitPage,1769465082,14,0,1
ked1wnip,107,pofxaa5x,151,mock,DiscussionGRPWaitPage,1769465082,14,0,1
ked1wnip,109,y7j4mw14,151,mock,DiscussionGRPWaitPage,1769465082,14,0,1
ked1wnip,110,lsgugi5f,156,mock,Discussion,1769465086,14,0,0
ked1wnip,112,6sq27hxz,156,mock,Discussion,1769465086,14,0,0
ked1wnip,109,y7j4mw14,156,mock,Discussion,1769465090,14,0,0
ked1wnip,132,ah954ml4,1,presurvey,Introduction,1769465107,1,0,0
ked1wnip,107,pofxaa5x,156,mock,Discussion,1769465121,14,1,0
ked1wnip,110,lsgugi5f,162,mock,DiscussionGRPWaitPage,1769465121,15,0,1
ked1wnip,107,pofxaa5x,162,mock,DiscussionGRPWaitPage,1769465121,15,0,1
ked1wnip,109,y7j4mw14,162,mock,DiscussionGRPWaitPage,1769465121,15,0,1
ked1wnip,112,6sq27hxz,162,mock,DiscussionGRPWaitPage,1769465121,15,0,1
ked1wnip,112,6sq27hxz,167,mock,Discussion,1769465126,15,0,0
ked1wnip,132,ah954ml4,2,presurvey,AudioCheck,1769465130,1,0,0
ked1wnip,109,y7j4mw14,167,mock,Discussion,1769465135,15,0,0
ked1wnip,110,lsgugi5f,167,mock,Discussion,1769465152,15,1,0
ked1wnip,107,pofxaa5x,167,mock,Discussion,1769465158,15,1,0
ked1wnip,110,lsgugi5f,173,mock,DiscussionGRPWaitPage,1769465158,16,0,1
ked1wnip,112,6sq27hxz,173,mock,DiscussionGRPWaitPage,1769465158,16,0,1
ked1wnip,107,pofxaa5x,173,mock,DiscussionGRPWaitPage,1769465158,16,0,1
ked1wnip,109,y7j4mw14,173,mock,DiscussionGRPWaitPage,1769465158,16,0,1
ked1wnip,112,6sq27hxz,178,mock,Discussion,1769465167,16,0,0
ked1wnip,132,ah954ml4,3,presurvey,Scenario,1769465175,1,0,0
ked1wnip,109,y7j4mw14,178,mock,Discussion,1769465183,16,0,0
ked1wnip,110,lsgugi5f,178,mock,Discussion,1769465185,16,0,0
ked1wnip,107,pofxaa5x,178,mock,Discussion,1769465194,16,1,0
ked1wnip,110,lsgugi5f,184,mock,DiscussionGRPWaitPage,1769465194,17,0,1
ked1wnip,112,6sq27hxz,184,mock,DiscussionGRPWaitPage,1769465194,17,0,1
ked1wnip,107,pofxaa5x,184,mock,DiscussionGRPWaitPage,1769465194,17,0,1
ked1wnip,109,y7j4mw14,184,mock,DiscussionGRPWaitPage,1769465194,17,0,1
ked1wnip,112,6sq27hxz,189,mock,Discussion,1769465198,17,0,0
ked1wnip,110,lsgugi5f,189,mock,Discussion,1769465201,17,0,0
ked1wnip,109,y7j4mw14,189,mock,Discussion,1769465219,17,0,0
ked1wnip,133,61d29s9j,0,,InitializeParticipant,1769465219,1,0,0
ked1wnip,134,nh63fabp,0,,InitializeParticipant,1769465222,1,0,0
ked1wnip,133,61d29s9j,1,presurvey,Introduction,1769465223,1,0,0
ked1wnip,134,nh63fabp,1,presurvey,Introduction,1769465228,1,0,0
ked1wnip,107,pofxaa5x,189,mock,Discussion,1769465233,17,1,0
ked1wnip,110,lsgugi5f,195,mock,DiscussionGRPWaitPage,1769465233,18,0,1
ked1wnip,112,6sq27hxz,195,mock,DiscussionGRPWaitPage,1769465233,18,0,1
ked1wnip,107,pofxaa5x,195,mock,DiscussionGRPWaitPage,1769465233,18,0,1
ked1wnip,109,y7j4mw14,195,mock,DiscussionGRPWaitPage,1769465233,18,0,1
ked1wnip,133,61d29s9j,2,presurvey,AudioCheck,1769465234,1,0,0
ked1wnip,110,lsgugi5f,200,mock,Discussion,1769465236,18,0,0
ked1wnip,132,ah954ml4,4,presurvey,Commitment,1769465236,1,0,0
ked1wnip,112,6sq27hxz,200,mock,Discussion,1769465240,18,0,0
ked1wnip,134,nh63fabp,2,presurvey,AudioCheck,1769465243,1,0,0
ked1wnip,109,y7j4mw14,200,mock,Discussion,1769465255,18,0,0
ked1wnip,107,pofxaa5x,200,mock,Discussion,1769465272,18,1,0
ked1wnip,110,lsgugi5f,206,mock,DiscussionGRPWaitPage,1769465273,19,0,1
ked1wnip,112,6sq27hxz,206,mock,DiscussionGRPWaitPage,1769465273,19,0,1
ked1wnip,107,pofxaa5x,206,mock,DiscussionGRPWaitPage,1769465273,19,0,1
ked1wnip,109,y7j4mw14,206,mock,DiscussionGRPWaitPage,1769465273,19,0,1
ked1wnip,133,61d29s9j,3,presurvey,Scenario,1769465274,1,0,0
ked1wnip,112,6sq27hxz,211,mock,Discussion,1769465277,19,0,0
ked1wnip,134,nh63fabp,3,presurvey,Scenario,1769465278,1,0,0
ked1wnip,109,y7j4mw14,211,mock,Discussion,1769465291,19,0,0
ked1wnip,110,lsgugi5f,211,mock,Discussion,1769465303,19,1,0
ked1wnip,107,pofxaa5x,211,mock,Discussion,1769465309,19,1,0
ked1wnip,110,lsgugi5f,217,mock,DiscussionGRPWaitPage,1769465309,20,0,1
ked1wnip,112,6sq27hxz,217,mock,DiscussionGRPWaitPage,1769465309,20,0,1
ked1wnip,107,pofxaa5x,217,mock,DiscussionGRPWaitPage,1769465309,20,0,1
ked1wnip,109,y7j4mw14,217,mock,DiscussionGRPWaitPage,1769465309,20,0,1
ked1wnip,112,6sq27hxz,222,mock,Discussion,1769465313,20,0,0
ked1wnip,109,y7j4mw14,222,mock,Discussion,1769465322,20,0,0
ked1wnip,110,lsgugi5f,222,mock,Discussion,1769465340,20,1,0
ked1wnip,107,pofxaa5x,222,mock,Discussion,1769465345,20,1,0
ked1wnip,112,6sq27hxz,223,mock,FinalRoundWaitPage,1769465345,20,0,1
ked1wnip,109,y7j4mw14,223,mock,FinalRoundWaitPage,1769465345,20,0,1
ked1wnip,110,lsgugi5f,223,mock,FinalRoundWaitPage,1769465345,20,0,1
ked1wnip,107,pofxaa5x,223,mock,FinalRoundWaitPage,1769465345,20,0,1
ked1wnip,112,6sq27hxz,224,mock,FinalRound,1769465358,20,0,0
ked1wnip,109,y7j4mw14,224,mock,FinalRound,1769465361,20,0,0
ked1wnip,135,ypgiuvpc,0,,InitializeParticipant,1769465393,1,0,0
ked1wnip,135,ypgiuvpc,1,presurvey,Introduction,1769465406,1,0,0
ked1wnip,136,msfhbhls,0,,InitializeParticipant,1769465432,1,0,0
ked1wnip,135,ypgiuvpc,2,presurvey,AudioCheck,1769465437,1,0,0
ked1wnip,137,mw1an5ro,0,,InitializeParticipant,1769465471,1,0,0
ked1wnip,135,ypgiuvpc,3,presurvey,Scenario,1769465471,1,0,0
ked1wnip,97,bberfz64,5,mock,GroupingWaitPage,1769465495,1,0,1
ked1wnip,97,bberfz64,6,mock,GroupSizeWaitPage,1769465496,1,0,1
ked1wnip,136,msfhbhls,1,presurvey,Introduction,1769465498,1,0,0
ked1wnip,97,bberfz64,7,mock,AttentionCheck,1769465500,1,0,0
ked1wnip,135,ypgiuvpc,4,presurvey,Commitment,1769465508,1,0,0
ked1wnip,138,u3naaudm,0,,InitializeParticipant,1769465529,1,0,0
ked1wnip,138,u3naaudm,1,presurvey,Introduction,1769465533,1,0,0
ked1wnip,138,u3naaudm,2,presurvey,AudioCheck,1769465559,1,0,0
ked1wnip,139,y1kg0crt,0,,InitializeParticipant,1769465578,1,0,0
ked1wnip,139,y1kg0crt,1,presurvey,Introduction,1769465602,1,0,0
ked1wnip,118,8aobrulh,5,mock,GroupingWaitPage,1769465621,1,0,1
ked1wnip,128,ada4uelo,5,mock,GroupingWaitPage,1769465621,1,0,1
ked1wnip,132,ah954ml4,5,mock,GroupingWaitPage,1769465621,1,0,1
ked1wnip,135,ypgiuvpc,5,mock,GroupingWaitPage,1769465621,1,0,1
ked1wnip,118,8aobrulh,6,mock,GroupSizeWaitPage,1769465623,1,0,1
ked1wnip,128,ada4uelo,6,mock,GroupSizeWaitPage,1769465623,1,0,1
ked1wnip,132,ah954ml4,6,mock,GroupSizeWaitPage,1769465623,1,0,1
ked1wnip,135,ypgiuvpc,6,mock,GroupSizeWaitPage,1769465623,1,0,1
ked1wnip,135,ypgiuvpc,8,mock,DiscussionGRPWaitPage,1769465624,1,0,1
ked1wnip,132,ah954ml4,8,mock,DiscussionGRPWaitPage,1769465624,1,0,1
ked1wnip,128,ada4uelo,8,mock,DiscussionGRPWaitPage,1769465624,1,0,1
ked1wnip,118,8aobrulh,8,mock,DiscussionGRPWaitPage,1769465624,1,0,1
ked1wnip,138,u3naaudm,3,presurvey,Scenario,1769465625,1,0,0
ked1wnip,139,y1kg0crt,2,presurvey,AudioCheck,1769465628,1,0,0
ked1wnip,140,hsegffw5,0,,InitializeParticipant,1769465631,1,0,0
ked1wnip,74,5kh3f0g5,1,presurvey,Introduction,1769465637,1,0,0
ked1wnip,135,ypgiuvpc,9,mock,Nudge,1769465647,1,0,0
ked1wnip,132,ah954ml4,9,mock,Nudge,1769465650,1,0,0
ked1wnip,128,ada4uelo,9,mock,Nudge,1769465651,1,0,0
ked1wnip,118,8aobrulh,9,mock,Nudge,1769465655,1,0,0
ked1wnip,132,ah954ml4,10,mock,NudgeTraining,1769465657,1,0,0
ked1wnip,118,8aobrulh,10,mock,NudgeTraining,1769465662,1,0,0
ked1wnip,132,ah954ml4,11,mock,NudgeTrainingLast,1769465667,1,0,0
ked1wnip,135,ypgiuvpc,10,mock,NudgeTraining,1769465668,1,0,0
ked1wnip,118,8aobrulh,11,mock,NudgeTrainingLast,1769465669,1,0,0
ked1wnip,128,ada4uelo,10,mock,NudgeTraining,1769465675,1,0,0
ked1wnip,135,ypgiuvpc,11,mock,NudgeTrainingLast,1769465675,1,0,0
ked1wnip,118,8aobrulh,12,mock,Phase3,1769465678,1,0,0
ked1wnip,118,8aobrulh,13,mock,Discussion,1769465684,1,0,0
ked1wnip,139,y1kg0crt,3,presurvey,Scenario,1769465690,1,0,0
ked1wnip,135,ypgiuvpc,12,mock,Phase3,1769465695,1,0,0
ked1wnip,138,u3naaudm,4,presurvey,Commitment,1769465696,1,0,0
ked1wnip,128,ada4uelo,11,mock,NudgeTrainingLast,1769465698,1,0,0
ked1wnip,132,ah954ml4,12,mock,Phase3,1769465704,1,0,0
ked1wnip,135,ypgiuvpc,13,mock,Discussion,1769465705,1,0,0
ked1wnip,132,ah954ml4,13,mock,Discussion,1769465716,1,0,0
ked1wnip,128,ada4uelo,12,mock,Phase3,1769465716,1,0,0
ked1wnip,128,ada4uelo,13,mock,Discussion,1769465742,1,0,0
ked1wnip,135,ypgiuvpc,19,mock,DiscussionGRPWaitPage,1769465742,2,0,1
ked1wnip,132,ah954ml4,19,mock,DiscussionGRPWaitPage,1769465742,2,0,1
ked1wnip,128,ada4uelo,19,mock,DiscussionGRPWaitPage,1769465742,2,0,1
ked1wnip,118,8aobrulh,19,mock,DiscussionGRPWaitPage,1769465742,2,0,1
ked1wnip,135,ypgiuvpc,24,mock,Discussion,1769465749,2,0,0
ked1wnip,118,8aobrulh,24,mock,Discussion,1769465750,2,0,0
ked1wnip,132,ah954ml4,24,mock,Discussion,1769465753,2,0,0
ked1wnip,139,y1kg0crt,4,presurvey,Commitment,1769465754,1,0,0
ked1wnip,137,mw1an5ro,1,presurvey,Introduction,1769465757,1,0,0
ked1wnip,128,ada4uelo,24,mock,Discussion,1769465768,2,0,0
ked1wnip,135,ypgiuvpc,30,mock,DiscussionGRPWaitPage,1769465769,3,0,1
ked1wnip,132,ah954ml4,30,mock,DiscussionGRPWaitPage,1769465769,3,0,1
ked1wnip,128,ada4uelo,30,mock,DiscussionGRPWaitPage,1769465769,3,0,1
ked1wnip,118,8aobrulh,30,mock,DiscussionGRPWaitPage,1769465769,3,0,1
ked1wnip,135,ypgiuvpc,35,mock,Discussion,1769465775,3,0,0
ked1wnip,118,8aobrulh,35,mock,Discussion,1769465775,3,0,0
ked1wnip,132,ah954ml4,35,mock,Discussion,1769465776,3,0,0
ked1wnip,128,ada4uelo,35,mock,Discussion,1769465786,3,0,0
ked1wnip,135,ypgiuvpc,41,mock,DiscussionGRPWaitPage,1769465786,4,0,1
ked1wnip,132,ah954ml4,41,mock,DiscussionGRPWaitPage,1769465786,4,0,1
ked1wnip,128,ada4uelo,41,mock,DiscussionGRPWaitPage,1769465786,4,0,1
ked1wnip,118,8aobrulh,41,mock,DiscussionGRPWaitPage,1769465786,4,0,1
ked1wnip,137,mw1an5ro,2,presurvey,AudioCheck,1769465788,1,0,0
ked1wnip,118,8aobrulh,46,mock,Discussion,1769465792,4,0,0
ked1wnip,135,ypgiuvpc,46,mock,Discussion,1769465793,4,0,0
ked1wnip,132,ah954ml4,46,mock,Discussion,1769465794,4,0,0
ked1wnip,128,ada4uelo,46,mock,Discussion,1769465801,4,0,0
ked1wnip,135,ypgiuvpc,52,mock,DiscussionGRPWaitPage,1769465802,5,0,1
ked1wnip,132,ah954ml4,52,mock,DiscussionGRPWaitPage,1769465802,5,0,1
ked1wnip,128,ada4uelo,52,mock,DiscussionGRPWaitPage,1769465802,5,0,1
ked1wnip,118,8aobrulh,52,mock,DiscussionGRPWaitPage,1769465802,5,0,1
ked1wnip,135,ypgiuvpc,57,mock,Discussion,1769465806,5,0,0
ked1wnip,132,ah954ml4,57,mock,Discussion,1769465806,5,0,0
ked1wnip,141,ebft56tp,0,,InitializeParticipant,1769465808,1,0,0
ked1wnip,118,8aobrulh,57,mock,Discussion,1769465809,5,0,0
ked1wnip,128,ada4uelo,57,mock,Discussion,1769465814,5,0,0
ked1wnip,135,ypgiuvpc,63,mock,DiscussionGRPWaitPage,1769465814,6,0,1
ked1wnip,132,ah954ml4,63,mock,DiscussionGRPWaitPage,1769465814,6,0,1
ked1wnip,128,ada4uelo,63,mock,DiscussionGRPWaitPage,1769465814,6,0,1
ked1wnip,118,8aobrulh,63,mock,DiscussionGRPWaitPage,1769465814,6,0,1
ked1wnip,132,ah954ml4,68,mock,Discussion,1769465819,6,0,0
ked1wnip,118,8aobrulh,68,mock,Discussion,1769465820,6,0,0
ked1wnip,135,ypgiuvpc,68,mock,Discussion,1769465822,6,0,0
ked1wnip,141,ebft56tp,1,presurvey,Introduction,1769465823,1,0,0
ked1wnip,128,ada4uelo,68,mock,Discussion,1769465827,6,0,0
ked1wnip,135,ypgiuvpc,74,mock,DiscussionGRPWaitPage,1769465827,7,0,1
ked1wnip,132,ah954ml4,74,mock,DiscussionGRPWaitPage,1769465827,7,0,1
ked1wnip,128,ada4uelo,74,mock,DiscussionGRPWaitPage,1769465827,7,0,1
ked1wnip,118,8aobrulh,74,mock,DiscussionGRPWaitPage,1769465827,7,0,1
ked1wnip,137,mw1an5ro,3,presurvey,Scenario,1769465827,1,0,0
ked1wnip,118,8aobrulh,79,mock,Discussion,1769465834,7,0,0
ked1wnip,132,ah954ml4,79,mock,Discussion,1769465834,7,0,0
ked1wnip,135,ypgiuvpc,79,mock,Discussion,1769465834,7,0,0
ked1wnip,128,ada4uelo,79,mock,Discussion,1769465836,7,0,0
ked1wnip,135,ypgiuvpc,85,mock,DiscussionGRPWaitPage,1769465836,8,0,1
ked1wnip,132,ah954ml4,85,mock,DiscussionGRPWaitPage,1769465836,8,0,1
ked1wnip,128,ada4uelo,85,mock,DiscussionGRPWaitPage,1769465836,8,0,1
ked1wnip,118,8aobrulh,85,mock,DiscussionGRPWaitPage,1769465836,8,0,1
ked1wnip,132,ah954ml4,90,mock,Discussion,1769465840,8,0,0
ked1wnip,135,ypgiuvpc,90,mock,Discussion,1769465842,8,0,0
ked1wnip,128,ada4uelo,90,mock,Discussion,1769465843,8,0,0
ked1wnip,118,8aobrulh,90,mock,Discussion,1769465844,8,0,0
ked1wnip,135,ypgiuvpc,96,mock,DiscussionGRPWaitPage,1769465844,9,0,1
ked1wnip,132,ah954ml4,96,mock,DiscussionGRPWaitPage,1769465844,9,0,1
ked1wnip,128,ada4uelo,96,mock,DiscussionGRPWaitPage,1769465844,9,0,1
ked1wnip,118,8aobrulh,96,mock,DiscussionGRPWaitPage,1769465844,9,0,1
ked1wnip,141,ebft56tp,2,presurvey,AudioCheck,1769465846,1,0,0
ked1wnip,132,ah954ml4,101,mock,Discussion,1769465847,9,0,0
ked1wnip,135,ypgiuvpc,101,mock,Discussion,1769465848,9,0,0
ked1wnip,118,8aobrulh,101,mock,Discussion,1769465852,9,0,0
ked1wnip,128,ada4uelo,101,mock,Discussion,1769465854,9,0,0
ked1wnip,128,ada4uelo,107,mock,DiscussionGRPWaitPage,1769465854,10,0,1
ked1wnip,118,8aobrulh,107,mock,DiscussionGRPWaitPage,1769465854,10,0,1
ked1wnip,135,ypgiuvpc,107,mock,DiscussionGRPWaitPage,1769465854,10,0,1
ked1wnip,132,ah954ml4,107,mock,DiscussionGRPWaitPage,1769465854,10,0,1
ked1wnip,132,ah954ml4,112,mock,Discussion,1769465857,10,0,0
ked1wnip,135,ypgiuvpc,112,mock,Discussion,1769465860,10,0,0
ked1wnip,118,8aobrulh,112,mock,Discussion,1769465861,10,0,0
ked1wnip,128,ada4uelo,112,mock,Discussion,1769465861,10,0,0
ked1wnip,135,ypgiuvpc,118,mock,DiscussionGRPWaitPage,1769465861,11,0,1
ked1wnip,132,ah954ml4,118,mock,DiscussionGRPWaitPage,1769465861,11,0,1
ked1wnip,128,ada4uelo,118,mock,DiscussionGRPWaitPage,1769465861,11,0,1
ked1wnip,118,8aobrulh,118,mock,DiscussionGRPWaitPage,1769465861,11,0,1
ked1wnip,132,ah954ml4,123,mock,Discussion,1769465865,11,0,0
ked1wnip,135,ypgiuvpc,123,mock,Discussion,1769465866,11,0,0
ked1wnip,118,8aobrulh,123,mock,Discussion,1769465867,11,0,0
ked1wnip,128,ada4uelo,123,mock,Discussion,1769465871,11,0,0
ked1wnip,135,ypgiuvpc,129,mock,DiscussionGRPWaitPage,1769465871,12,0,1
ked1wnip,132,ah954ml4,129,mock,DiscussionGRPWaitPage,1769465871,12,0,1
ked1wnip,128,ada4uelo,129,mock,DiscussionGRPWaitPage,1769465871,12,0,1
ked1wnip,118,8aobrulh,129,mock,DiscussionGRPWaitPage,1769465871,12,0,1
ked1wnip,132,ah954ml4,134,mock,Discussion,1769465874,12,0,0
ked1wnip,118,8aobrulh,134,mock,Discussion,1769465876,12,0,0
ked1wnip,135,ypgiuvpc,134,mock,Discussion,1769465876,12,0,0
ked1wnip,128,ada4uelo,134,mock,Discussion,1769465879,12,0,0
ked1wnip,135,ypgiuvpc,140,mock,DiscussionGRPWaitPage,1769465879,13,0,1
ked1wnip,132,ah954ml4,140,mock,DiscussionGRPWaitPage,1769465879,13,0,1
ked1wnip,128,ada4uelo,140,mock,DiscussionGRPWaitPage,1769465879,13,0,1
ked1wnip,118,8aobrulh,140,mock,DiscussionGRPWaitPage,1769465879,13,0,1
ked1wnip,141,ebft56tp,3,presurvey,Scenario,1769465883,1,0,0
ked1wnip,135,ypgiuvpc,145,mock,Discussion,1769465885,13,0,0
ked1wnip,118,8aobrulh,145,mock,Discussion,1769465886,13,0,0
ked1wnip,132,ah954ml4,145,mock,Discussion,1769465886,13,0,0
ked1wnip,128,ada4uelo,145,mock,Discussion,1769465889,13,0,0
ked1wnip,135,ypgiuvpc,151,mock,DiscussionGRPWaitPage,1769465889,14,0,1
ked1wnip,132,ah954ml4,151,mock,DiscussionGRPWaitPage,1769465889,14,0,1
ked1wnip,128,ada4uelo,151,mock,DiscussionGRPWaitPage,1769465889,14,0,1
ked1wnip,118,8aobrulh,151,mock,DiscussionGRPWaitPage,1769465889,14,0,1
ked1wnip,132,ah954ml4,156,mock,Discussion,1769465892,14,0,0
ked1wnip,128,ada4uelo,156,mock,Discussion,1769465893,14,0,0
ked1wnip,135,ypgiuvpc,156,mock,Discussion,1769465893,14,0,0
ked1wnip,118,8aobrulh,156,mock,Discussion,1769465894,14,0,0
ked1wnip,135,ypgiuvpc,162,mock,DiscussionGRPWaitPage,1769465895,15,0,1
ked1wnip,132,ah954ml4,162,mock,DiscussionGRPWaitPage,1769465895,15,0,1
ked1wnip,128,ada4uelo,162,mock,DiscussionGRPWaitPage,1769465895,15,0,1
ked1wnip,118,8aobrulh,162,mock,DiscussionGRPWaitPage,1769465895,15,0,1
ked1wnip,132,ah954ml4,167,mock,Discussion,1769465897,15,0,0
ked1wnip,135,ypgiuvpc,167,mock,Discussion,1769465898,15,0,0
ked1wnip,118,8aobrulh,167,mock,Discussion,1769465899,15,0,0
ked1wnip,128,ada4uelo,167,mock,Discussion,1769465900,15,0,0
ked1wnip,135,ypgiuvpc,173,mock,DiscussionGRPWaitPage,1769465900,16,0,1
ked1wnip,132,ah954ml4,173,mock,DiscussionGRPWaitPage,1769465900,16,0,1
ked1wnip,128,ada4uelo,173,mock,DiscussionGRPWaitPage,1769465900,16,0,1
ked1wnip,118,8aobrulh,173,mock,DiscussionGRPWaitPage,1769465900,16,0,1
ked1wnip,132,ah954ml4,178,mock,Discussion,1769465902,16,0,0
ked1wnip,135,ypgiuvpc,178,mock,Discussion,1769465904,16,0,0
ked1wnip,118,8aobrulh,178,mock,Discussion,1769465905,16,0,0
ked1wnip,128,ada4uelo,178,mock,Discussion,1769465908,16,0,0
ked1wnip,135,ypgiuvpc,184,mock,DiscussionGRPWaitPage,1769465909,17,0,1
ked1wnip,132,ah954ml4,184,mock,DiscussionGRPWaitPage,1769465909,17,0,1
ked1wnip,128,ada4uelo,184,mock,DiscussionGRPWaitPage,1769465909,17,0,1
ked1wnip,118,8aobrulh,184,mock,DiscussionGRPWaitPage,1769465909,17,0,1
ked1wnip,132,ah954ml4,189,mock,Discussion,1769465911,17,0,0
ked1wnip,135,ypgiuvpc,189,mock,Discussion,1769465912,17,0,0
ked1wnip,118,8aobrulh,189,mock,Discussion,1769465913,17,0,0
ked1wnip,128,ada4uelo,189,mock,Discussion,1769465915,17,0,0
ked1wnip,135,ypgiuvpc,195,mock,DiscussionGRPWaitPage,1769465916,18,0,1
ked1wnip,132,ah954ml4,195,mock,DiscussionGRPWaitPage,1769465916,18,0,1
ked1wnip,128,ada4uelo,195,mock,DiscussionGRPWaitPage,1769465916,18,0,1
ked1wnip,118,8aobrulh,195,mock,DiscussionGRPWaitPage,1769465916,18,0,1
ked1wnip,132,ah954ml4,200,mock,Discussion,1769465918,18,0,0
ked1wnip,135,ypgiuvpc,200,mock,Discussion,1769465920,18,0,0
ked1wnip,118,8aobrulh,200,mock,Discussion,1769465922,18,0,0
ked1wnip,128,ada4uelo,200,mock,Discussion,1769465923,18,0,0
ked1wnip,135,ypgiuvpc,206,mock,DiscussionGRPWaitPage,1769465923,19,0,1
ked1wnip,132,ah954ml4,206,mock,DiscussionGRPWaitPage,1769465923,19,0,1
ked1wnip,128,ada4uelo,206,mock,DiscussionGRPWaitPage,1769465923,19,0,1
ked1wnip,118,8aobrulh,206,mock,DiscussionGRPWaitPage,1769465923,19,0,1
ked1wnip,132,ah954ml4,211,mock,Discussion,1769465927,19,0,0
ked1wnip,135,ypgiuvpc,211,mock,Discussion,1769465927,19,0,0
ked1wnip,142,cv9id4d9,0,,InitializeParticipant,1769465927,1,0,0
ked1wnip,118,8aobrulh,211,mock,Discussion,1769465930,19,0,0
ked1wnip,128,ada4uelo,211,mock,Discussion,1769465932,19,0,0
ked1wnip,135,ypgiuvpc,217,mock,DiscussionGRPWaitPage,1769465932,20,0,1
ked1wnip,132,ah954ml4,217,mock,DiscussionGRPWaitPage,1769465932,20,0,1
ked1wnip,128,ada4uelo,217,mock,DiscussionGRPWaitPage,1769465932,20,0,1
ked1wnip,118,8aobrulh,217,mock,DiscussionGRPWaitPage,1769465932,20,0,1
ked1wnip,132,ah954ml4,222,mock,Discussion,1769465936,20,0,0
ked1wnip,142,cv9id4d9,1,presurvey,Introduction,1769465937,1,0,0
ked1wnip,135,ypgiuvpc,222,mock,Discussion,1769465937,20,0,0
ked1wnip,118,8aobrulh,222,mock,Discussion,1769465939,20,0,0
ked1wnip,128,ada4uelo,222,mock,Discussion,1769465941,20,0,0
ked1wnip,132,ah954ml4,223,mock,FinalRoundWaitPage,1769465941,20,0,1
ked1wnip,135,ypgiuvpc,223,mock,FinalRoundWaitPage,1769465941,20,0,1
ked1wnip,118,8aobrulh,223,mock,FinalRoundWaitPage,1769465941,20,0,1
ked1wnip,128,ada4uelo,223,mock,FinalRoundWaitPage,1769465941,20,0,1
ked1wnip,135,ypgiuvpc,224,mock,FinalRound,1769465950,20,0,0
ked1wnip,132,ah954ml4,224,mock,FinalRound,1769465951,20,0,0
ked1wnip,128,ada4uelo,224,mock,FinalRound,1769465951,20,0,0
ked1wnip,118,8aobrulh,224,mock,FinalRound,1769465956,20,0,0
ked1wnip,143,ukiw8ch8,0,,InitializeParticipant,1769466001,1,0,0
ked1wnip,143,ukiw8ch8,1,presurvey,Introduction,1769466007,1,0,0
ked1wnip,143,ukiw8ch8,2,presurvey,AudioCheck,1769466024,1,0,0
ked1wnip,143,ukiw8ch8,3,presurvey,Scenario,1769466055,1,0,0
ked1wnip,144,tr214f1d,0,,InitializeParticipant,1769466063,1,0,0
ked1wnip,143,ukiw8ch8,4,presurvey,Commitment,1769466101,1,0,0
ked1wnip,144,tr214f1d,1,presurvey,Introduction,1769466102,1,0,0
ked1wnip,144,tr214f1d,2,presurvey,AudioCheck,1769466117,1,0,0
ked1wnip,144,tr214f1d,3,presurvey,Scenario,1769466185,1,0,0
ked1wnip,145,k4g71n2d,0,,InitializeParticipant,1769466229,1,0,0
ked1wnip,145,k4g71n2d,1,presurvey,Introduction,1769466265,1,0,0
ked1wnip,146,t9rul6y5,0,,InitializeParticipant,1769466312,1,0,0
ked1wnip,145,k4g71n2d,2,presurvey,AudioCheck,1769466316,1,0,0
ked1wnip,145,k4g71n2d,3,presurvey,Scenario,1769466362,1,0,0
ked1wnip,145,k4g71n2d,4,presurvey,Commitment,1769466421,1,0,0
ked1wnip,146,t9rul6y5,1,presurvey,Introduction,1769466586,1,0,0
ked1wnip,147,c5e8h4vz,0,,InitializeParticipant,1769466702,1,0,0
ked1wnip,147,c5e8h4vz,1,presurvey,Introduction,1769466710,1,0,0
ked1wnip,147,c5e8h4vz,2,presurvey,AudioCheck,1769466733,1,0,0
ked1wnip,148,h5nk7utw,0,,InitializeParticipant,1769466757,1,0,0
ked1wnip,149,2pvp7nd6,0,,InitializeParticipant,1769466765,1,0,0
ked1wnip,147,c5e8h4vz,3,presurvey,Scenario,1769466768,1,0,0
ked1wnip,149,2pvp7nd6,1,presurvey,Introduction,1769466787,1,0,0
ked1wnip,148,h5nk7utw,1,presurvey,Introduction,1769466789,1,0,0
ked1wnip,149,2pvp7nd6,2,presurvey,AudioCheck,1769466808,1,0,0
ked1wnip,148,h5nk7utw,2,presurvey,AudioCheck,1769466826,1,0,0
ked1wnip,149,2pvp7nd6,3,presurvey,Scenario,1769466840,1,0,0
ked1wnip,142,cv9id4d9,2,presurvey,AudioCheck,1769466874,1,0,0
ked1wnip,138,u3naaudm,5,mock,GroupingWaitPage,1769466904,1,0,1
ked1wnip,138,u3naaudm,6,mock,GroupSizeWaitPage,1769466904,1,0,1
ked1wnip,138,u3naaudm,7,mock,AttentionCheck,1769466914,1,0,0
ked1wnip,150,4s4lb9ir,0,,InitializeParticipant,1769466923,1,0,0
ked1wnip,151,4buigwnd,0,,InitializeParticipant,1769466927,1,0,0
ked1wnip,151,4buigwnd,1,presurvey,Introduction,1769466931,1,0,0
ked1wnip,150,4s4lb9ir,1,presurvey,Introduction,1769466934,1,0,0
ked1wnip,151,4buigwnd,2,presurvey,AudioCheck,1769466944,1,0,0
ked1wnip,152,05bro7om,0,,InitializeParticipant,1769466961,1,0,0
ked1wnip,139,y1kg0crt,5,mock,GroupingWaitPage,1769466963,1,0,1
ked1wnip,139,y1kg0crt,6,mock,GroupSizeWaitPage,1769466963,1,0,1
ked1wnip,150,4s4lb9ir,2,presurvey,AudioCheck,1769466964,1,0,0
ked1wnip,139,y1kg0crt,7,mock,AttentionCheck,1769466972,1,0,0
ked1wnip,148,h5nk7utw,3,presurvey,Scenario,1769466974,1,0,0
ked1wnip,151,4buigwnd,3,presurvey,Scenario,1769466974,1,0,0
ked1wnip,152,05bro7om,1,presurvey,Introduction,1769466998,1,0,0
ked1wnip,150,4s4lb9ir,3,presurvey,Scenario,1769466999,1,0,0
ked1wnip,151,4buigwnd,4,presurvey,Commitment,1769467003,1,0,0
ked1wnip,153,warb1dgh,0,,InitializeParticipant,1769467014,1,0,0
ked1wnip,153,warb1dgh,1,presurvey,Introduction,1769467022,1,0,0
ked1wnip,154,wyu4v13a,0,,InitializeParticipant,1769467026,1,0,0
ked1wnip,154,wyu4v13a,1,presurvey,Introduction,1769467038,1,0,0
ked1wnip,148,h5nk7utw,4,presurvey,Commitment,1769467049,1,0,0
ked1wnip,154,wyu4v13a,2,presurvey,AudioCheck,1769467059,1,0,0
ked1wnip,155,uypwsfyt,0,,InitializeParticipant,1769467071,1,0,0
ked1wnip,152,05bro7om,2,presurvey,AudioCheck,1769467078,1,0,0
ked1wnip,155,uypwsfyt,1,presurvey,Introduction,1769467078,1,0,0
ked1wnip,155,uypwsfyt,2,presurvey,AudioCheck,1769467095,1,0,0
ked1wnip,153,warb1dgh,2,presurvey,AudioCheck,1769467097,1,0,0
ked1wnip,154,wyu4v13a,3,presurvey,Scenario,1769467099,1,0,0
ked1wnip,146,t9rul6y5,2,presurvey,AudioCheck,1769467131,1,0,0
ked1wnip,152,05bro7om,3,presurvey,Scenario,1769467140,1,0,0
ked1wnip,155,uypwsfyt,3,presurvey,Scenario,1769467146,1,0,0
ked1wnip,152,05bro7om,4,presurvey,Commitment,1769467170,1,0,0
ked1wnip,143,ukiw8ch8,5,mock,GroupingWaitPage,1769467171,1,0,1
ked1wnip,148,h5nk7utw,5,mock,GroupingWaitPage,1769467171,1,0,1
ked1wnip,151,4buigwnd,5,mock,GroupingWaitPage,1769467171,1,0,1
ked1wnip,152,05bro7om,5,mock,GroupingWaitPage,1769467171,1,0,1
ked1wnip,143,ukiw8ch8,6,mock,GroupSizeWaitPage,1769467172,1,0,1
ked1wnip,148,h5nk7utw,6,mock,GroupSizeWaitPage,1769467172,1,0,1
ked1wnip,151,4buigwnd,6,mock,GroupSizeWaitPage,1769467172,1,0,1
ked1wnip,152,05bro7om,6,mock,GroupSizeWaitPage,1769467172,1,0,1
ked1wnip,152,05bro7om,8,mock,DiscussionGRPWaitPage,1769467173,1,0,1
ked1wnip,143,ukiw8ch8,8,mock,DiscussionGRPWaitPage,1769467173,1,0,1
ked1wnip,148,h5nk7utw,8,mock,DiscussionGRPWaitPage,1769467173,1,0,1
ked1wnip,151,4buigwnd,8,mock,DiscussionGRPWaitPage,1769467173,1,0,1
ked1wnip,151,4buigwnd,9,mock,Nudge,1769467193,1,0,0
ked1wnip,151,4buigwnd,10,mock,NudgeTraining,1769467202,1,0,0
ked1wnip,148,h5nk7utw,9,mock,Nudge,1769467205,1,0,0
ked1wnip,151,4buigwnd,11,mock,NudgeTrainingLast,1769467210,1,0,0
ked1wnip,152,05bro7om,9,mock,Nudge,1769467211,1,0,0
ked1wnip,148,h5nk7utw,10,mock,NudgeTraining,1769467217,1,0,0
ked1wnip,143,ukiw8ch8,9,mock,Nudge,1769467217,1,0,0
ked1wnip,151,4buigwnd,12,mock,Phase3,1769467217,1,0,0
ked1wnip,143,ukiw8ch8,10,mock,NudgeTraining,1769467220,1,0,0
ked1wnip,143,ukiw8ch8,11,mock,NudgeTrainingLast,1769467221,1,0,0
ked1wnip,148,h5nk7utw,11,mock,NudgeTrainingLast,1769467226,1,0,0
ked1wnip,152,05bro7om,10,mock,NudgeTraining,1769467227,1,0,0
ked1wnip,151,4buigwnd,13,mock,Discussion,1769467227,1,0,0
ked1wnip,152,05bro7om,11,mock,NudgeTrainingLast,1769467235,1,0,0
ked1wnip,153,warb1dgh,3,presurvey,Scenario,1769467244,1,0,0
ked1wnip,152,05bro7om,12,mock,Phase3,1769467246,1,0,0
ked1wnip,143,ukiw8ch8,12,mock,Phase3,1769467251,1,0,0
ked1wnip,152,05bro7om,13,mock,Discussion,1769467255,1,0,0
ked1wnip,148,h5nk7utw,12,mock,Phase3,1769467259,1,0,0
ked1wnip,143,ukiw8ch8,13,mock,Discussion,1769467265,1,0,0
ked1wnip,156,90x144hk,0,,InitializeParticipant,1769467267,1,0,0
ked1wnip,148,h5nk7utw,13,mock,Discussion,1769467279,1,0,0
ked1wnip,152,05bro7om,19,mock,DiscussionGRPWaitPage,1769467279,2,0,1
ked1wnip,143,ukiw8ch8,19,mock,DiscussionGRPWaitPage,1769467279,2,0,1
ked1wnip,148,h5nk7utw,19,mock,DiscussionGRPWaitPage,1769467279,2,0,1
ked1wnip,151,4buigwnd,19,mock,DiscussionGRPWaitPage,1769467279,2,0,1
ked1wnip,151,4buigwnd,24,mock,Discussion,1769467285,2,0,0
ked1wnip,156,90x144hk,1,presurvey,Introduction,1769467286,1,0,0
ked1wnip,157,qz8ecapu,0,,InitializeParticipant,1769467289,1,0,0
ked1wnip,148,h5nk7utw,24,mock,Discussion,1769467290,2,0,0
ked1wnip,143,ukiw8ch8,24,mock,Discussion,1769467291,2,0,0
ked1wnip,152,05bro7om,24,mock,Discussion,1769467292,2,0,0
ked1wnip,157,qz8ecapu,1,presurvey,Introduction,1769467292,1,0,0
ked1wnip,146,t9rul6y5,3,presurvey,Scenario,1769467292,1,0,0
ked1wnip,152,05bro7om,30,mock,DiscussionGRPWaitPage,1769467293,3,0,1
ked1wnip,143,ukiw8ch8,30,mock,DiscussionGRPWaitPage,1769467293,3,0,1
ked1wnip,148,h5nk7utw,30,mock,DiscussionGRPWaitPage,1769467293,3,0,1
ked1wnip,151,4buigwnd,30,mock,DiscussionGRPWaitPage,1769467293,3,0,1
ked1wnip,151,4buigwnd,35,mock,Discussion,1769467300,3,0,0
ked1wnip,143,ukiw8ch8,35,mock,Discussion,1769467301,3,0,0
ked1wnip,152,05bro7om,35,mock,Discussion,1769467302,3,0,0
ked1wnip,148,h5nk7utw,35,mock,Discussion,1769467304,3,0,0
ked1wnip,152,05bro7om,41,mock,DiscussionGRPWaitPage,1769467304,4,0,1
ked1wnip,143,ukiw8ch8,41,mock,DiscussionGRPWaitPage,1769467304,4,0,1
ked1wnip,148,h5nk7utw,41,mock,DiscussionGRPWaitPage,1769467304,4,0,1
ked1wnip,151,4buigwnd,41,mock,DiscussionGRPWaitPage,1769467304,4,0,1
ked1wnip,143,ukiw8ch8,46,mock,Discussion,1769467308,4,0,0
ked1wnip,148,h5nk7utw,46,mock,Discussion,1769467311,4,0,0
ked1wnip,152,05bro7om,46,mock,Discussion,1769467312,4,0,0
ked1wnip,157,qz8ecapu,2,presurvey,AudioCheck,1769467312,1,0,0
ked1wnip,151,4buigwnd,46,mock,Discussion,1769467312,4,0,0
ked1wnip,152,05bro7om,52,mock,DiscussionGRPWaitPage,1769467313,5,0,1
ked1wnip,143,ukiw8ch8,52,mock,DiscussionGRPWaitPage,1769467313,5,0,1
ked1wnip,148,h5nk7utw,52,mock,DiscussionGRPWaitPage,1769467313,5,0,1
ked1wnip,151,4buigwnd,52,mock,DiscussionGRPWaitPage,1769467313,5,0,1
ked1wnip,151,4buigwnd,57,mock,Discussion,1769467316,5,0,0
ked1wnip,143,ukiw8ch8,57,mock,Discussion,1769467317,5,0,0
ked1wnip,156,90x144hk,2,presurvey,AudioCheck,1769467320,1,0,0
ked1wnip,152,05bro7om,57,mock,Discussion,1769467321,5,0,0
ked1wnip,148,h5nk7utw,57,mock,Discussion,1769467322,5,0,0
ked1wnip,152,05bro7om,63,mock,DiscussionGRPWaitPage,1769467322,6,0,1
ked1wnip,143,ukiw8ch8,63,mock,DiscussionGRPWaitPage,1769467322,6,0,1
ked1wnip,148,h5nk7utw,63,mock,DiscussionGRPWaitPage,1769467322,6,0,1
ked1wnip,151,4buigwnd,63,mock,DiscussionGRPWaitPage,1769467322,6,0,1
ked1wnip,143,ukiw8ch8,68,mock,Discussion,1769467325,6,0,0
ked1wnip,157,qz8ecapu,3,presurvey,Scenario,1769467329,1,0,0
ked1wnip,148,h5nk7utw,68,mock,Discussion,1769467330,6,0,0
ked1wnip,152,05bro7om,68,mock,Discussion,1769467331,6,0,0
ked1wnip,151,4buigwnd,68,mock,Discussion,1769467336,6,0,0
ked1wnip,152,05bro7om,74,mock,DiscussionGRPWaitPage,1769467336,7,0,1
ked1wnip,143,ukiw8ch8,74,mock,DiscussionGRPWaitPage,1769467336,7,0,1
ked1wnip,148,h5nk7utw,74,mock,DiscussionGRPWaitPage,1769467336,7,0,1
ked1wnip,151,4buigwnd,74,mock,DiscussionGRPWaitPage,1769467336,7,0,1
ked1wnip,151,4buigwnd,79,mock,Discussion,1769467339,7,0,0
ked1wnip,157,qz8ecapu,4,presurvey,Commitment,1769467341,1,0,0
ked1wnip,148,h5nk7utw,79,mock,Discussion,1769467342,7,0,0
ked1wnip,143,ukiw8ch8,79,mock,Discussion,1769467342,7,0,0
ked1wnip,152,05bro7om,79,mock,Discussion,1769467342,7,0,0
ked1wnip,152,05bro7om,85,mock,DiscussionGRPWaitPage,1769467343,8,0,1
ked1wnip,143,ukiw8ch8,85,mock,DiscussionGRPWaitPage,1769467343,8,0,1
ked1wnip,148,h5nk7utw,85,mock,DiscussionGRPWaitPage,1769467343,8,0,1
ked1wnip,151,4buigwnd,85,mock,DiscussionGRPWaitPage,1769467343,8,0,1
ked1wnip,143,ukiw8ch8,90,mock,Discussion,1769467345,8,0,0
ked1wnip,148,h5nk7utw,90,mock,Discussion,1769467348,8,0,0
ked1wnip,152,05bro7om,90,mock,Discussion,1769467350,8,0,0
ked1wnip,151,4buigwnd,90,mock,Discussion,1769467356,8,0,0
ked1wnip,152,05bro7om,96,mock,DiscussionGRPWaitPage,1769467357,9,0,1
ked1wnip,143,ukiw8ch8,96,mock,DiscussionGRPWaitPage,1769467357,9,0,1
ked1wnip,148,h5nk7utw,96,mock,DiscussionGRPWaitPage,1769467357,9,0,1
ked1wnip,151,4buigwnd,96,mock,DiscussionGRPWaitPage,1769467357,9,0,1
ked1wnip,143,ukiw8ch8,101,mock,Discussion,1769467359,9,0,0
ked1wnip,151,4buigwnd,101,mock,Discussion,1769467359,9,0,0
ked1wnip,148,h5nk7utw,101,mock,Discussion,1769467362,9,0,0
ked1wnip,152,05bro7om,101,mock,Discussion,1769467362,9,0,0
ked1wnip,152,05bro7om,107,mock,DiscussionGRPWaitPage,1769467362,10,0,1
ked1wnip,143,ukiw8ch8,107,mock,DiscussionGRPWaitPage,1769467362,10,0,1
ked1wnip,148,h5nk7utw,107,mock,DiscussionGRPWaitPage,1769467362,10,0,1
ked1wnip,151,4buigwnd,107,mock,DiscussionGRPWaitPage,1769467362,10,0,1
ked1wnip,143,ukiw8ch8,112,mock,Discussion,1769467366,10,0,0
ked1wnip,151,4buigwnd,112,mock,Discussion,1769467366,10,0,0
ked1wnip,148,h5nk7utw,112,mock,Discussion,1769467368,10,0,0
ked1wnip,158,mjeb1xou,0,,InitializeParticipant,1769467369,1,0,0
ked1wnip,156,90x144hk,3,presurvey,Scenario,1769467369,1,0,0
ked1wnip,152,05bro7om,112,mock,Discussion,1769467372,10,0,0
ked1wnip,152,05bro7om,118,mock,DiscussionGRPWaitPage,1769467373,11,0,1
ked1wnip,143,ukiw8ch8,118,mock,DiscussionGRPWaitPage,1769467373,11,0,1
ked1wnip,148,h5nk7utw,118,mock,DiscussionGRPWaitPage,1769467373,11,0,1
ked1wnip,151,4buigwnd,118,mock,DiscussionGRPWaitPage,1769467373,11,0,1
ked1wnip,151,4buigwnd,123,mock,Discussion,1769467377,11,0,0
ked1wnip,158,mjeb1xou,1,presurvey,Introduction,1769467378,1,0,0
ked1wnip,143,ukiw8ch8,123,mock,Discussion,1769467379,11,0,0
ked1wnip,148,h5nk7utw,123,mock,Discussion,1769467379,11,0,0
ked1wnip,152,05bro7om,123,mock,Discussion,1769467380,11,0,0
ked1wnip,152,05bro7om,129,mock,DiscussionGRPWaitPage,1769467381,12,0,1
ked1wnip,143,ukiw8ch8,129,mock,DiscussionGRPWaitPage,1769467381,12,0,1
ked1wnip,148,h5nk7utw,129,mock,DiscussionGRPWaitPage,1769467381,12,0,1
ked1wnip,151,4buigwnd,129,mock,DiscussionGRPWaitPage,1769467381,12,0,1
ked1wnip,143,ukiw8ch8,134,mock,Discussion,1769467384,12,0,0
ked1wnip,148,h5nk7utw,134,mock,Discussion,1769467386,12,0,0
ked1wnip,152,05bro7om,134,mock,Discussion,1769467389,12,0,0
ked1wnip,151,4buigwnd,134,mock,Discussion,1769467393,12,0,0
ked1wnip,152,05bro7om,140,mock,DiscussionGRPWaitPage,1769467393,13,0,1
ked1wnip,143,ukiw8ch8,140,mock,DiscussionGRPWaitPage,1769467393,13,0,1
ked1wnip,148,h5nk7utw,140,mock,DiscussionGRPWaitPage,1769467393,13,0,1
ked1wnip,151,4buigwnd,140,mock,DiscussionGRPWaitPage,1769467393,13,0,1
ked1wnip,151,4buigwnd,145,mock,Discussion,1769467395,13,0,0
ked1wnip,143,ukiw8ch8,145,mock,Discussion,1769467396,13,0,0
ked1wnip,148,h5nk7utw,145,mock,Discussion,1769467398,13,0,0
ked1wnip,152,05bro7om,145,mock,Discussion,1769467399,13,0,0
ked1wnip,152,05bro7om,151,mock,DiscussionGRPWaitPage,1769467399,14,0,1
ked1wnip,143,ukiw8ch8,151,mock,DiscussionGRPWaitPage,1769467399,14,0,1
ked1wnip,148,h5nk7utw,151,mock,DiscussionGRPWaitPage,1769467399,14,0,1
ked1wnip,151,4buigwnd,151,mock,DiscussionGRPWaitPage,1769467399,14,0,1
ked1wnip,143,ukiw8ch8,156,mock,Discussion,1769467402,14,0,0
ked1wnip,158,mjeb1xou,2,presurvey,AudioCheck,1769467404,1,0,0
ked1wnip,151,4buigwnd,156,mock,Discussion,1769467405,14,0,0
ked1wnip,148,h5nk7utw,156,mock,Discussion,1769467405,14,0,0
ked1wnip,152,05bro7om,156,mock,Discussion,1769467409,14,0,0
ked1wnip,152,05bro7om,162,mock,DiscussionGRPWaitPage,1769467410,15,0,1
ked1wnip,143,ukiw8ch8,162,mock,DiscussionGRPWaitPage,1769467410,15,0,1
ked1wnip,148,h5nk7utw,162,mock,DiscussionGRPWaitPage,1769467410,15,0,1
ked1wnip,151,4buigwnd,162,mock,DiscussionGRPWaitPage,1769467410,15,0,1
ked1wnip,143,ukiw8ch8,167,mock,Discussion,1769467413,15,0,0
ked1wnip,151,4buigwnd,167,mock,Discussion,1769467413,15,0,0
ked1wnip,148,h5nk7utw,167,mock,Discussion,1769467414,15,0,0
ked1wnip,152,05bro7om,167,mock,Discussion,1769467421,15,0,0
ked1wnip,148,h5nk7utw,173,mock,DiscussionGRPWaitPage,1769467421,16,0,1
ked1wnip,151,4buigwnd,173,mock,DiscussionGRPWaitPage,1769467421,16,0,1
ked1wnip,152,05bro7om,173,mock,DiscussionGRPWaitPage,1769467421,16,0,1
ked1wnip,143,ukiw8ch8,173,mock,DiscussionGRPWaitPage,1769467421,16,0,1
ked1wnip,143,ukiw8ch8,178,mock,Discussion,1769467425,16,0,0
ked1wnip,148,h5nk7utw,178,mock,Discussion,1769467426,16,0,0
ked1wnip,151,4buigwnd,178,mock,Discussion,1769467427,16,0,0
ked1wnip,152,05bro7om,178,mock,Discussion,1769467437,16,0,0
ked1wnip,143,ukiw8ch8,184,mock,DiscussionGRPWaitPage,1769467438,17,0,1
ked1wnip,148,h5nk7utw,184,mock,DiscussionGRPWaitPage,1769467438,17,0,1
ked1wnip,151,4buigwnd,184,mock,DiscussionGRPWaitPage,1769467438,17,0,1
ked1wnip,152,05bro7om,184,mock,DiscussionGRPWaitPage,1769467438,17,0,1
ked1wnip,151,4buigwnd,189,mock,Discussion,1769467441,17,0,0
ked1wnip,143,ukiw8ch8,189,mock,Discussion,1769467442,17,0,0
ked1wnip,148,h5nk7utw,189,mock,Discussion,1769467445,17,0,0
ked1wnip,152,05bro7om,189,mock,Discussion,1769467452,17,0,0
ked1wnip,158,mjeb1xou,3,presurvey,Scenario,1769467452,1,0,0
ked1wnip,143,ukiw8ch8,195,mock,DiscussionGRPWaitPage,1769467454,18,0,1
ked1wnip,148,h5nk7utw,195,mock,DiscussionGRPWaitPage,1769467454,18,0,1
ked1wnip,151,4buigwnd,195,mock,DiscussionGRPWaitPage,1769467454,18,0,1
ked1wnip,152,05bro7om,195,mock,DiscussionGRPWaitPage,1769467454,18,0,1
ked1wnip,143,ukiw8ch8,200,mock,Discussion,1769467457,18,0,0
ked1wnip,151,4buigwnd,200,mock,Discussion,1769467458,18,0,0
ked1wnip,148,h5nk7utw,200,mock,Discussion,1769467460,18,0,0
ked1wnip,152,05bro7om,200,mock,Discussion,1769467463,18,0,0
ked1wnip,152,05bro7om,206,mock,DiscussionGRPWaitPage,1769467464,19,0,1
ked1wnip,148,h5nk7utw,206,mock,DiscussionGRPWaitPage,1769467464,19,0,1
ked1wnip,151,4buigwnd,206,mock,DiscussionGRPWaitPage,1769467464,19,0,1
ked1wnip,143,ukiw8ch8,206,mock,DiscussionGRPWaitPage,1769467464,19,0,1
ked1wnip,151,4buigwnd,211,mock,Discussion,1769467468,19,0,0
ked1wnip,143,ukiw8ch8,211,mock,Discussion,1769467469,19,0,0
ked1wnip,148,h5nk7utw,211,mock,Discussion,1769467472,19,0,0
ked1wnip,152,05bro7om,211,mock,Discussion,1769467477,19,0,0
ked1wnip,152,05bro7om,217,mock,DiscussionGRPWaitPage,1769467478,20,0,1
ked1wnip,143,ukiw8ch8,217,mock,DiscussionGRPWaitPage,1769467478,20,0,1
ked1wnip,148,h5nk7utw,217,mock,DiscussionGRPWaitPage,1769467478,20,0,1
ked1wnip,151,4buigwnd,217,mock,DiscussionGRPWaitPage,1769467478,20,0,1
ked1wnip,143,ukiw8ch8,222,mock,Discussion,1769467480,20,0,0
ked1wnip,151,4buigwnd,222,mock,Discussion,1769467482,20,0,0
ked1wnip,148,h5nk7utw,222,mock,Discussion,1769467482,20,0,0
ked1wnip,152,05bro7om,222,mock,Discussion,1769467493,20,0,0
ked1wnip,143,ukiw8ch8,223,mock,FinalRoundWaitPage,1769467494,20,0,1
ked1wnip,151,4buigwnd,223,mock,FinalRoundWaitPage,1769467494,20,0,1
ked1wnip,148,h5nk7utw,223,mock,FinalRoundWaitPage,1769467494,20,0,1
ked1wnip,152,05bro7om,223,mock,FinalRoundWaitPage,1769467494,20,0,1
ked1wnip,151,4buigwnd,224,mock,FinalRound,1769467498,20,0,0
ked1wnip,148,h5nk7utw,224,mock,FinalRound,1769467499,20,0,0
ked1wnip,143,ukiw8ch8,224,mock,FinalRound,1769467502,20,0,0
ked1wnip,152,05bro7om,224,mock,FinalRound,1769467506,20,0,0
ked1wnip,145,k4g71n2d,5,mock,GroupingWaitPage,1769467626,1,0,1
ked1wnip,145,k4g71n2d,6,mock,GroupSizeWaitPage,1769467626,1,0,1
ked1wnip,145,k4g71n2d,7,mock,AttentionCheck,1769467631,1,0,0
ked1wnip,146,t9rul6y5,4,presurvey,Commitment,1769467682,1,0,0
ked1wnip,157,qz8ecapu,5,mock,GroupingWaitPage,1769468543,1,0,1
ked1wnip,157,qz8ecapu,6,mock,GroupSizeWaitPage,1769468543,1,0,1
ked1wnip,157,qz8ecapu,7,mock,AttentionCheck,1769468561,1,0,0
ked1wnip,146,t9rul6y5,5,mock,GroupingWaitPage,1769468888,1,0,1
7k7yixs2,1,5smxsixn,0,,InitializeParticipant,1769546530,1,0,0
7k7yixs2,2,6r2opitl,0,,InitializeParticipant,1769546546,1,0,0
7k7yixs2,1,5smxsixn,1,presurvey,Introduction,1769546569,1,0,0
7k7yixs2,2,6r2opitl,1,presurvey,Introduction,1769546574,1,0,0
7k7yixs2,2,6r2opitl,2,presurvey,AudioCheck,1769546589,1,0,0
7k7yixs2,1,5smxsixn,2,presurvey,AudioCheck,1769546604,1,0,0
7k7yixs2,1,5smxsixn,3,presurvey,Scenario,1769546633,1,0,0
7k7yixs2,2,6r2opitl,3,presurvey,Scenario,1769546638,1,0,0
7k7yixs2,3,u3c207lh,0,,InitializeParticipant,1769546647,1,0,0
7k7yixs2,3,u3c207lh,1,presurvey,Introduction,1769546666,1,0,0
7k7yixs2,3,u3c207lh,2,presurvey,AudioCheck,1769546681,1,0,0
7k7yixs2,1,5smxsixn,4,presurvey,Commitment,1769546682,1,0,0
7k7yixs2,3,u3c207lh,3,presurvey,Scenario,1769546707,1,0,0
7k7yixs2,3,u3c207lh,4,presurvey,Commitment,1769546738,1,0,0
7k7yixs2,4,nkltf83p,0,,InitializeParticipant,1769546888,1,0,0
7k7yixs2,5,31pcz5jo,0,,InitializeParticipant,1769546890,1,0,0
7k7yixs2,5,31pcz5jo,1,presurvey,Introduction,1769546894,1,0,0
7k7yixs2,5,31pcz5jo,2,presurvey,AudioCheck,1769546913,1,0,0
7k7yixs2,4,nkltf83p,1,presurvey,Introduction,1769546927,1,0,0
7k7yixs2,4,nkltf83p,2,presurvey,AudioCheck,1769546953,1,0,0
7k7yixs2,5,31pcz5jo,3,presurvey,Scenario,1769546976,1,0,0
7k7yixs2,4,nkltf83p,3,presurvey,Scenario,1769547028,1,0,0
7k7yixs2,6,35evzq17,0,,InitializeParticipant,1769547085,1,0,0
7k7yixs2,6,35evzq17,1,presurvey,Introduction,1769547092,1,0,0
7k7yixs2,7,r8761ayf,0,,InitializeParticipant,1769547095,1,0,0
7k7yixs2,7,r8761ayf,1,presurvey,Introduction,1769547104,1,0,0
7k7yixs2,6,35evzq17,2,presurvey,AudioCheck,1769547118,1,0,0
7k7yixs2,7,r8761ayf,2,presurvey,AudioCheck,1769547134,1,0,0
7k7yixs2,5,31pcz5jo,4,presurvey,Commitment,1769547159,1,0,0
7k7yixs2,6,35evzq17,3,presurvey,Scenario,1769547165,1,0,0
7k7yixs2,7,r8761ayf,3,presurvey,Scenario,1769547171,1,0,0
7k7yixs2,8,a6hs0ygu,0,,InitializeParticipant,1769547184,1,0,0
7k7yixs2,8,a6hs0ygu,1,presurvey,Introduction,1769547190,1,0,0
7k7yixs2,8,a6hs0ygu,2,presurvey,AudioCheck,1769547205,1,0,0
7k7yixs2,6,35evzq17,4,presurvey,Commitment,1769547213,1,0,0
7k7yixs2,8,a6hs0ygu,3,presurvey,Scenario,1769547241,1,0,0
7k7yixs2,9,knwanqd4,0,,InitializeParticipant,1769547356,1,0,0
7k7yixs2,10,qjsxy08l,0,,InitializeParticipant,1769547362,1,0,0
7k7yixs2,9,knwanqd4,1,presurvey,Introduction,1769547373,1,0,0
7k7yixs2,10,qjsxy08l,1,presurvey,Introduction,1769547387,1,0,0
7k7yixs2,9,knwanqd4,2,presurvey,AudioCheck,1769547391,1,0,0
7k7yixs2,10,qjsxy08l,2,presurvey,AudioCheck,1769547412,1,0,0
7k7yixs2,9,knwanqd4,3,presurvey,Scenario,1769547419,1,0,0
7k7yixs2,9,knwanqd4,4,presurvey,Commitment,1769547454,1,0,0
7k7yixs2,10,qjsxy08l,3,presurvey,Scenario,1769547459,1,0,0
7k7yixs2,10,qjsxy08l,4,presurvey,Commitment,1769547503,1,0,0
7k7yixs2,11,yfnirk81,0,,InitializeParticipant,1769547504,1,0,0
7k7yixs2,12,i8gtk97i,0,,InitializeParticipant,1769547613,1,0,0
7k7yixs2,12,i8gtk97i,1,presurvey,Introduction,1769547622,1,0,0
7k7yixs2,12,i8gtk97i,2,presurvey,AudioCheck,1769547638,1,0,0
7k7yixs2,12,i8gtk97i,3,presurvey,Scenario,1769547667,1,0,0
7k7yixs2,13,2w2bm8o2,0,,InitializeParticipant,1769547741,1,0,0
7k7yixs2,13,2w2bm8o2,1,presurvey,Introduction,1769547752,1,0,0
7k7yixs2,13,2w2bm8o2,2,presurvey,AudioCheck,1769547771,1,0,0
7k7yixs2,13,2w2bm8o2,3,presurvey,Scenario,1769547810,1,0,0
7k7yixs2,1,5smxsixn,5,mock,GroupingWaitPage,1769547887,1,0,1
7k7yixs2,1,5smxsixn,6,mock,GroupSizeWaitPage,1769547888,1,0,1
7k7yixs2,1,5smxsixn,7,mock,AttentionCheck,1769547896,1,0,0
7k7yixs2,14,ghpftieq,0,,InitializeParticipant,1769547938,1,0,0
7k7yixs2,3,u3c207lh,5,mock,GroupingWaitPage,1769547940,1,0,1
7k7yixs2,3,u3c207lh,6,mock,GroupSizeWaitPage,1769547941,1,0,1
7k7yixs2,14,ghpftieq,1,presurvey,Introduction,1769547941,1,0,0
7k7yixs2,3,u3c207lh,7,mock,AttentionCheck,1769547945,1,0,0
7k7yixs2,14,ghpftieq,2,presurvey,AudioCheck,1769547955,1,0,0
7k7yixs2,14,ghpftieq,3,presurvey,Scenario,1769547984,1,0,0
7k7yixs2,14,ghpftieq,4,presurvey,Commitment,1769548007,1,0,0
7k7yixs2,15,3ns2yvl7,0,,InitializeParticipant,1769548109,1,0,0
7k7yixs2,15,3ns2yvl7,1,presurvey,Introduction,1769548148,1,0,0
7k7yixs2,16,vl4guer4,0,,InitializeParticipant,1769548193,1,0,0
7k7yixs2,17,qof387m9,0,,InitializeParticipant,1769548197,1,0,0
7k7yixs2,18,63mnpbfb,0,,InitializeParticipant,1769548201,1,0,0
7k7yixs2,16,vl4guer4,1,presurvey,Introduction,1769548204,1,0,0
7k7yixs2,15,3ns2yvl7,2,presurvey,AudioCheck,1769548206,1,0,0
7k7yixs2,16,vl4guer4,2,presurvey,AudioCheck,1769548219,1,0,0
7k7yixs2,16,vl4guer4,3,presurvey,Scenario,1769548246,1,0,0
7k7yixs2,15,3ns2yvl7,3,presurvey,Scenario,1769548261,1,0,0
7k7yixs2,18,63mnpbfb,1,presurvey,Introduction,1769548290,1,0,0
7k7yixs2,15,3ns2yvl7,4,presurvey,Commitment,1769548319,1,0,0
7k7yixs2,18,63mnpbfb,2,presurvey,AudioCheck,1769548321,1,0,0
7k7yixs2,18,63mnpbfb,3,presurvey,Scenario,1769548364,1,0,0
7k7yixs2,19,mmgerkfx,0,,InitializeParticipant,1769548378,1,0,0
7k7yixs2,6,35evzq17,5,mock,GroupingWaitPage,1769548418,1,0,1
7k7yixs2,6,35evzq17,6,mock,GroupSizeWaitPage,1769548418,1,0,1
7k7yixs2,18,63mnpbfb,4,presurvey,Commitment,1769548428,1,0,0
7k7yixs2,14,ghpftieq,5,mock,GroupingWaitPage,1769548428,1,0,1
7k7yixs2,15,3ns2yvl7,5,mock,GroupingWaitPage,1769548428,1,0,1
7k7yixs2,18,63mnpbfb,5,mock,GroupingWaitPage,1769548428,1,0,1
7k7yixs2,9,knwanqd4,5,mock,GroupingWaitPage,1769548428,1,0,1
7k7yixs2,14,ghpftieq,6,mock,GroupSizeWaitPage,1769548429,1,0,1
7k7yixs2,15,3ns2yvl7,6,mock,GroupSizeWaitPage,1769548429,1,0,1
7k7yixs2,18,63mnpbfb,6,mock,GroupSizeWaitPage,1769548429,1,0,1
7k7yixs2,9,knwanqd4,6,mock,GroupSizeWaitPage,1769548429,1,0,1
7k7yixs2,14,ghpftieq,8,mock,DiscussionGRPWaitPage,1769548430,1,0,1
7k7yixs2,18,63mnpbfb,8,mock,DiscussionGRPWaitPage,1769548430,1,0,1
7k7yixs2,15,3ns2yvl7,8,mock,DiscussionGRPWaitPage,1769548430,1,0,1
7k7yixs2,9,knwanqd4,8,mock,DiscussionGRPWaitPage,1769548430,1,0,1
7k7yixs2,14,ghpftieq,12,mock,Phase3,1769548437,1,0,0
7k7yixs2,15,3ns2yvl7,12,mock,Phase3,1769548451,1,0,0
7k7yixs2,14,ghpftieq,13,mock,Discussion,1769548453,1,0,0
7k7yixs2,6,35evzq17,7,mock,AttentionCheck,1769548454,1,1,0
7k7yixs2,15,3ns2yvl7,13,mock,Discussion,1769548456,1,0,0
7k7yixs2,9,knwanqd4,12,mock,Phase3,1769548459,1,0,0
7k7yixs2,18,63mnpbfb,12,mock,Phase3,1769548462,1,0,0
7k7yixs2,18,63mnpbfb,13,mock,Discussion,1769548478,1,0,0
7k7yixs2,9,knwanqd4,13,mock,Discussion,1769548479,1,0,0
7k7yixs2,9,knwanqd4,19,mock,DiscussionGRPWaitPage,1769548479,2,0,1
7k7yixs2,14,ghpftieq,19,mock,DiscussionGRPWaitPage,1769548479,2,0,1
7k7yixs2,18,63mnpbfb,19,mock,DiscussionGRPWaitPage,1769548479,2,0,1
7k7yixs2,15,3ns2yvl7,19,mock,DiscussionGRPWaitPage,1769548479,2,0,1
7k7yixs2,15,3ns2yvl7,24,mock,Discussion,1769548484,2,0,0
7k7yixs2,14,ghpftieq,24,mock,Discussion,1769548485,2,0,0
7k7yixs2,9,knwanqd4,24,mock,Discussion,1769548489,2,0,0
7k7yixs2,18,63mnpbfb,24,mock,Discussion,1769548492,2,0,0
7k7yixs2,9,knwanqd4,30,mock,DiscussionGRPWaitPage,1769548493,3,0,1
7k7yixs2,14,ghpftieq,30,mock,DiscussionGRPWaitPage,1769548493,3,0,1
7k7yixs2,18,63mnpbfb,30,mock,DiscussionGRPWaitPage,1769548493,3,0,1
7k7yixs2,15,3ns2yvl7,30,mock,DiscussionGRPWaitPage,1769548493,3,0,1
7k7yixs2,15,3ns2yvl7,35,mock,Discussion,1769548496,3,0,0
7k7yixs2,14,ghpftieq,35,mock,Discussion,1769548497,3,0,0
7k7yixs2,9,knwanqd4,35,mock,Discussion,1769548499,3,0,0
7k7yixs2,18,63mnpbfb,35,mock,Discussion,1769548508,3,0,0
7k7yixs2,14,ghpftieq,41,mock,DiscussionGRPWaitPage,1769548508,4,0,1
7k7yixs2,18,63mnpbfb,41,mock,DiscussionGRPWaitPage,1769548508,4,0,1
7k7yixs2,9,knwanqd4,41,mock,DiscussionGRPWaitPage,1769548508,4,0,1
7k7yixs2,15,3ns2yvl7,41,mock,DiscussionGRPWaitPage,1769548508,4,0,1
7k7yixs2,14,ghpftieq,46,mock,Discussion,1769548512,4,0,0
7k7yixs2,15,3ns2yvl7,46,mock,Discussion,1769548513,4,0,0
7k7yixs2,18,63mnpbfb,46,mock,Discussion,1769548520,4,0,0
7k7yixs2,9,knwanqd4,46,mock,Discussion,1769548522,4,0,0
7k7yixs2,14,ghpftieq,52,mock,DiscussionGRPWaitPage,1769548522,5,0,1
7k7yixs2,9,knwanqd4,52,mock,DiscussionGRPWaitPage,1769548522,5,0,1
7k7yixs2,15,3ns2yvl7,52,mock,DiscussionGRPWaitPage,1769548522,5,0,1
7k7yixs2,18,63mnpbfb,52,mock,DiscussionGRPWaitPage,1769548522,5,0,1
7k7yixs2,9,knwanqd4,57,mock,Discussion,1769548525,5,0,0
7k7yixs2,15,3ns2yvl7,57,mock,Discussion,1769548526,5,0,0
7k7yixs2,14,ghpftieq,57,mock,Discussion,1769548527,5,0,0
7k7yixs2,18,63mnpbfb,57,mock,Discussion,1769548534,5,0,0
7k7yixs2,14,ghpftieq,63,mock,DiscussionGRPWaitPage,1769548534,6,0,1
7k7yixs2,9,knwanqd4,63,mock,DiscussionGRPWaitPage,1769548534,6,0,1
7k7yixs2,18,63mnpbfb,63,mock,DiscussionGRPWaitPage,1769548534,6,0,1
7k7yixs2,15,3ns2yvl7,63,mock,DiscussionGRPWaitPage,1769548534,6,0,1
7k7yixs2,14,ghpftieq,68,mock,Discussion,1769548538,6,0,0
7k7yixs2,15,3ns2yvl7,68,mock,Discussion,1769548539,6,0,0
7k7yixs2,9,knwanqd4,68,mock,Discussion,1769548543,6,0,0
7k7yixs2,18,63mnpbfb,68,mock,Discussion,1769548547,6,0,0
7k7yixs2,9,knwanqd4,74,mock,DiscussionGRPWaitPage,1769548548,7,0,1
7k7yixs2,14,ghpftieq,74,mock,DiscussionGRPWaitPage,1769548548,7,0,1
7k7yixs2,18,63mnpbfb,74,mock,DiscussionGRPWaitPage,1769548548,7,0,1
7k7yixs2,15,3ns2yvl7,74,mock,DiscussionGRPWaitPage,1769548548,7,0,1
7k7yixs2,14,ghpftieq,79,mock,Discussion,1769548550,7,0,0
7k7yixs2,15,3ns2yvl7,79,mock,Discussion,1769548551,7,0,0
7k7yixs2,9,knwanqd4,79,mock,Discussion,1769548554,7,0,0
7k7yixs2,18,63mnpbfb,79,mock,Discussion,1769548557,7,0,0
7k7yixs2,9,knwanqd4,85,mock,DiscussionGRPWaitPage,1769548557,8,0,1
7k7yixs2,14,ghpftieq,85,mock,DiscussionGRPWaitPage,1769548557,8,0,1
7k7yixs2,18,63mnpbfb,85,mock,DiscussionGRPWaitPage,1769548557,8,0,1
7k7yixs2,15,3ns2yvl7,85,mock,DiscussionGRPWaitPage,1769548557,8,0,1
7k7yixs2,14,ghpftieq,90,mock,Discussion,1769548560,8,0,0
7k7yixs2,15,3ns2yvl7,90,mock,Discussion,1769548562,8,0,0
7k7yixs2,9,knwanqd4,90,mock,Discussion,1769548564,8,0,0
7k7yixs2,18,63mnpbfb,90,mock,Discussion,1769548566,8,0,0
7k7yixs2,14,ghpftieq,96,mock,DiscussionGRPWaitPage,1769548566,9,0,1
7k7yixs2,18,63mnpbfb,96,mock,DiscussionGRPWaitPage,1769548566,9,0,1
7k7yixs2,9,knwanqd4,96,mock,DiscussionGRPWaitPage,1769548566,9,0,1
7k7yixs2,15,3ns2yvl7,96,mock,DiscussionGRPWaitPage,1769548566,9,0,1
7k7yixs2,15,3ns2yvl7,101,mock,Discussion,1769548572,9,0,0
7k7yixs2,9,knwanqd4,101,mock,Discussion,1769548572,9,0,0
7k7yixs2,18,63mnpbfb,101,mock,Discussion,1769548575,9,0,0
7k7yixs2,14,ghpftieq,101,mock,Discussion,1769548584,9,0,0
7k7yixs2,14,ghpftieq,107,mock,DiscussionGRPWaitPage,1769548585,10,0,1
7k7yixs2,15,3ns2yvl7,107,mock,DiscussionGRPWaitPage,1769548585,10,0,1
7k7yixs2,18,63mnpbfb,107,mock,DiscussionGRPWaitPage,1769548585,10,0,1
7k7yixs2,9,knwanqd4,107,mock,DiscussionGRPWaitPage,1769548585,10,0,1
7k7yixs2,15,3ns2yvl7,112,mock,Discussion,1769548590,10,0,0
7k7yixs2,14,ghpftieq,112,mock,Discussion,1769548591,10,0,0
7k7yixs2,9,knwanqd4,112,mock,Discussion,1769548592,10,0,0
7k7yixs2,18,63mnpbfb,112,mock,Discussion,1769548598,10,0,0
7k7yixs2,9,knwanqd4,118,mock,DiscussionGRPWaitPage,1769548598,11,0,1
7k7yixs2,14,ghpftieq,118,mock,DiscussionGRPWaitPage,1769548598,11,0,1
7k7yixs2,18,63mnpbfb,118,mock,DiscussionGRPWaitPage,1769548598,11,0,1
7k7yixs2,15,3ns2yvl7,118,mock,DiscussionGRPWaitPage,1769548598,11,0,1
7k7yixs2,9,knwanqd4,123,mock,Discussion,1769548601,11,0,0
7k7yixs2,15,3ns2yvl7,123,mock,Discussion,1769548603,11,0,0
7k7yixs2,14,ghpftieq,123,mock,Discussion,1769548605,11,0,0
7k7yixs2,18,63mnpbfb,123,mock,Discussion,1769548607,11,0,0
7k7yixs2,9,knwanqd4,129,mock,DiscussionGRPWaitPage,1769548607,12,0,1
7k7yixs2,14,ghpftieq,129,mock,DiscussionGRPWaitPage,1769548607,12,0,1
7k7yixs2,18,63mnpbfb,129,mock,DiscussionGRPWaitPage,1769548607,12,0,1
7k7yixs2,15,3ns2yvl7,129,mock,DiscussionGRPWaitPage,1769548607,12,0,1
7k7yixs2,9,knwanqd4,134,mock,Discussion,1769548609,12,0,0
7k7yixs2,14,ghpftieq,134,mock,Discussion,1769548610,12,0,0
7k7yixs2,15,3ns2yvl7,134,mock,Discussion,1769548613,12,0,0
7k7yixs2,18,63mnpbfb,134,mock,Discussion,1769548617,12,0,0
7k7yixs2,14,ghpftieq,140,mock,DiscussionGRPWaitPage,1769548617,13,0,1
7k7yixs2,9,knwanqd4,140,mock,DiscussionGRPWaitPage,1769548617,13,0,1
7k7yixs2,18,63mnpbfb,140,mock,DiscussionGRPWaitPage,1769548617,13,0,1
7k7yixs2,15,3ns2yvl7,140,mock,DiscussionGRPWaitPage,1769548617,13,0,1
7k7yixs2,14,ghpftieq,145,mock,Discussion,1769548619,13,0,0
7k7yixs2,9,knwanqd4,145,mock,Discussion,1769548619,13,0,0
7k7yixs2,15,3ns2yvl7,145,mock,Discussion,1769548624,13,0,0
7k7yixs2,18,63mnpbfb,145,mock,Discussion,1769548624,13,0,0
7k7yixs2,14,ghpftieq,151,mock,DiscussionGRPWaitPage,1769548624,14,0,1
7k7yixs2,15,3ns2yvl7,151,mock,DiscussionGRPWaitPage,1769548624,14,0,1
7k7yixs2,9,knwanqd4,151,mock,DiscussionGRPWaitPage,1769548624,14,0,1
7k7yixs2,18,63mnpbfb,151,mock,DiscussionGRPWaitPage,1769548624,14,0,1
7k7yixs2,20,uyywdhb8,0,,InitializeParticipant,1769548624,1,0,0
7k7yixs2,14,ghpftieq,156,mock,Discussion,1769548626,14,0,0
7k7yixs2,9,knwanqd4,156,mock,Discussion,1769548627,14,0,0
7k7yixs2,21,cxy3d61z,0,,InitializeParticipant,1769548629,1,0,0
7k7yixs2,20,uyywdhb8,1,presurvey,Introduction,1769548629,1,0,0
7k7yixs2,18,63mnpbfb,156,mock,Discussion,1769548632,14,0,0
7k7yixs2,15,3ns2yvl7,156,mock,Discussion,1769548634,14,0,0
7k7yixs2,9,knwanqd4,162,mock,DiscussionGRPWaitPage,1769548634,15,0,1
7k7yixs2,14,ghpftieq,162,mock,DiscussionGRPWaitPage,1769548634,15,0,1
7k7yixs2,18,63mnpbfb,162,mock,DiscussionGRPWaitPage,1769548634,15,0,1
7k7yixs2,15,3ns2yvl7,162,mock,DiscussionGRPWaitPage,1769548634,15,0,1
7k7yixs2,9,knwanqd4,167,mock,Discussion,1769548636,15,0,0
7k7yixs2,14,ghpftieq,167,mock,Discussion,1769548636,15,0,0
7k7yixs2,15,3ns2yvl7,167,mock,Discussion,1769548639,15,0,0
7k7yixs2,18,63mnpbfb,167,mock,Discussion,1769548646,15,0,0
7k7yixs2,9,knwanqd4,173,mock,DiscussionGRPWaitPage,1769548646,16,0,1
7k7yixs2,14,ghpftieq,173,mock,DiscussionGRPWaitPage,1769548646,16,0,1
7k7yixs2,18,63mnpbfb,173,mock,DiscussionGRPWaitPage,1769548646,16,0,1
7k7yixs2,15,3ns2yvl7,173,mock,DiscussionGRPWaitPage,1769548646,16,0,1
7k7yixs2,14,ghpftieq,178,mock,Discussion,1769548648,16,0,0
7k7yixs2,9,knwanqd4,178,mock,Discussion,1769548648,16,0,0
7k7yixs2,15,3ns2yvl7,178,mock,Discussion,1769548650,16,0,0
7k7yixs2,18,63mnpbfb,178,mock,Discussion,1769548655,16,0,0
7k7yixs2,14,ghpftieq,184,mock,DiscussionGRPWaitPage,1769548655,17,0,1
7k7yixs2,9,knwanqd4,184,mock,DiscussionGRPWaitPage,1769548655,17,0,1
7k7yixs2,18,63mnpbfb,184,mock,DiscussionGRPWaitPage,1769548655,17,0,1
7k7yixs2,15,3ns2yvl7,184,mock,DiscussionGRPWaitPage,1769548655,17,0,1
7k7yixs2,20,uyywdhb8,2,presurvey,AudioCheck,1769548656,1,0,0
7k7yixs2,9,knwanqd4,189,mock,Discussion,1769548657,17,0,0
7k7yixs2,14,ghpftieq,189,mock,Discussion,1769548657,17,0,0
7k7yixs2,21,cxy3d61z,1,presurvey,Introduction,1769548659,1,0,0
7k7yixs2,15,3ns2yvl7,189,mock,Discussion,1769548660,17,0,0
7k7yixs2,18,63mnpbfb,189,mock,Discussion,1769548665,17,0,0
7k7yixs2,9,knwanqd4,195,mock,DiscussionGRPWaitPage,1769548665,18,0,1
7k7yixs2,14,ghpftieq,195,mock,DiscussionGRPWaitPage,1769548665,18,0,1
7k7yixs2,18,63mnpbfb,195,mock,DiscussionGRPWaitPage,1769548665,18,0,1
7k7yixs2,15,3ns2yvl7,195,mock,DiscussionGRPWaitPage,1769548665,18,0,1
7k7yixs2,14,ghpftieq,200,mock,Discussion,1769548667,18,0,0
7k7yixs2,9,knwanqd4,200,mock,Discussion,1769548668,18,0,0
7k7yixs2,15,3ns2yvl7,200,mock,Discussion,1769548669,18,0,0
7k7yixs2,18,63mnpbfb,200,mock,Discussion,1769548676,18,0,0
7k7yixs2,14,ghpftieq,206,mock,DiscussionGRPWaitPage,1769548676,19,0,1
7k7yixs2,18,63mnpbfb,206,mock,DiscussionGRPWaitPage,1769548676,19,0,1
7k7yixs2,15,3ns2yvl7,206,mock,DiscussionGRPWaitPage,1769548676,19,0,1
7k7yixs2,9,knwanqd4,206,mock,DiscussionGRPWaitPage,1769548676,19,0,1
7k7yixs2,9,knwanqd4,211,mock,Discussion,1769548679,19,0,0
7k7yixs2,14,ghpftieq,211,mock,Discussion,1769548679,19,0,0
7k7yixs2,15,3ns2yvl7,211,mock,Discussion,1769548681,19,0,0
7k7yixs2,18,63mnpbfb,211,mock,Discussion,1769548689,19,0,0
7k7yixs2,14,ghpftieq,217,mock,DiscussionGRPWaitPage,1769548689,20,0,1
7k7yixs2,9,knwanqd4,217,mock,DiscussionGRPWaitPage,1769548689,20,0,1
7k7yixs2,18,63mnpbfb,217,mock,DiscussionGRPWaitPage,1769548689,20,0,1
7k7yixs2,15,3ns2yvl7,217,mock,DiscussionGRPWaitPage,1769548689,20,0,1
7k7yixs2,9,knwanqd4,222,mock,Discussion,1769548691,20,0,0
7k7yixs2,14,ghpftieq,222,mock,Discussion,1769548692,20,0,0
7k7yixs2,20,uyywdhb8,3,presurvey,Scenario,1769548693,1,0,0
7k7yixs2,15,3ns2yvl7,222,mock,Discussion,1769548695,20,0,0
7k7yixs2,18,63mnpbfb,222,mock,Discussion,1769548697,20,0,0
7k7yixs2,14,ghpftieq,223,mock,FinalRoundWaitPage,1769548697,20,0,1
7k7yixs2,9,knwanqd4,223,mock,FinalRoundWaitPage,1769548697,20,0,1
7k7yixs2,15,3ns2yvl7,223,mock,FinalRoundWaitPage,1769548697,20,0,1
7k7yixs2,18,63mnpbfb,223,mock,FinalRoundWaitPage,1769548697,20,0,1
7k7yixs2,14,ghpftieq,224,mock,FinalRound,1769548703,20,0,0
7k7yixs2,9,knwanqd4,224,mock,FinalRound,1769548706,20,0,0
7k7yixs2,18,63mnpbfb,224,mock,FinalRound,1769548706,20,0,0
7k7yixs2,15,3ns2yvl7,224,mock,FinalRound,1769548709,20,0,0
7k7yixs2,21,cxy3d61z,2,presurvey,AudioCheck,1769548710,1,0,0
7k7yixs2,10,qjsxy08l,5,mock,GroupingWaitPage,1769548712,1,0,1
7k7yixs2,10,qjsxy08l,6,mock,GroupSizeWaitPage,1769548713,1,0,1
7k7yixs2,10,qjsxy08l,7,mock,AttentionCheck,1769548722,1,0,0
7k7yixs2,21,cxy3d61z,3,presurvey,Scenario,1769548746,1,0,0
7k7yixs2,22,sjpyl9le,0,,InitializeParticipant,1769548796,1,0,0
7k7yixs2,22,sjpyl9le,1,presurvey,Introduction,1769548800,1,0,0
7k7yixs2,22,sjpyl9le,2,presurvey,AudioCheck,1769548823,1,0,0
7k7yixs2,23,je35wdwp,0,,InitializeParticipant,1769548827,1,0,0
7k7yixs2,23,je35wdwp,1,presurvey,Introduction,1769548832,1,0,0
7k7yixs2,22,sjpyl9le,3,presurvey,Scenario,1769548835,1,0,0
7k7yixs2,24,22yjeo4r,0,,InitializeParticipant,1769548839,1,0,0
7k7yixs2,23,je35wdwp,2,presurvey,AudioCheck,1769548852,1,0,0
7k7yixs2,24,22yjeo4r,1,presurvey,Introduction,1769548870,1,0,0
7k7yixs2,23,je35wdwp,3,presurvey,Scenario,1769548885,1,0,0
7k7yixs2,24,22yjeo4r,2,presurvey,AudioCheck,1769548899,1,0,0
7k7yixs2,25,4l0o99ig,0,,InitializeParticipant,1769548902,1,0,0
7k7yixs2,22,sjpyl9le,4,presurvey,Commitment,1769548903,1,0,0
7k7yixs2,25,4l0o99ig,1,presurvey,Introduction,1769548932,1,0,0
7k7yixs2,24,22yjeo4r,3,presurvey,Scenario,1769548943,1,0,0
7k7yixs2,23,je35wdwp,4,presurvey,Commitment,1769548972,1,0,0
7k7yixs2,25,4l0o99ig,2,presurvey,AudioCheck,1769548976,1,0,0
7k7yixs2,24,22yjeo4r,4,presurvey,Commitment,1769548990,1,0,0
7k7yixs2,25,4l0o99ig,3,presurvey,Scenario,1769549041,1,0,0
7k7yixs2,26,wgj2f8ai,0,,InitializeParticipant,1769549043,1,0,0
7k7yixs2,26,wgj2f8ai,1,presurvey,Introduction,1769549063,1,0,0
7k7yixs2,26,wgj2f8ai,2,presurvey,AudioCheck,1769549081,1,0,0
7k7yixs2,26,wgj2f8ai,3,presurvey,Scenario,1769549111,1,0,0
7k7yixs2,26,wgj2f8ai,4,presurvey,Commitment,1769549140,1,0,0
7k7yixs2,27,w8bvycsa,0,,InitializeParticipant,1769549196,1,0,0
7k7yixs2,28,xmuv7346,0,,InitializeParticipant,1769549203,1,0,0
7k7yixs2,27,w8bvycsa,1,presurvey,Introduction,1769549210,1,0,0
7k7yixs2,28,xmuv7346,1,presurvey,Introduction,1769549228,1,0,0
7k7yixs2,28,xmuv7346,2,presurvey,AudioCheck,1769549265,1,0,0
7k7yixs2,27,w8bvycsa,2,presurvey,AudioCheck,1769549301,1,0,0
7k7yixs2,28,xmuv7346,3,presurvey,Scenario,1769549308,1,0,0
7k7yixs2,29,bs5rr441,0,,InitializeParticipant,1769549329,1,0,0
7k7yixs2,30,i0gngd4i,0,,InitializeParticipant,1769549348,1,0,0
7k7yixs2,30,i0gngd4i,1,presurvey,Introduction,1769549352,1,0,0
7k7yixs2,27,w8bvycsa,3,presurvey,Scenario,1769549357,1,0,0
7k7yixs2,29,bs5rr441,1,presurvey,Introduction,1769549371,1,0,0
7k7yixs2,30,i0gngd4i,2,presurvey,AudioCheck,1769549384,1,0,0
7k7yixs2,29,bs5rr441,2,presurvey,AudioCheck,1769549393,1,0,0
7k7yixs2,28,xmuv7346,4,presurvey,Commitment,1769549395,1,0,0
7k7yixs2,30,i0gngd4i,3,presurvey,Scenario,1769549421,1,0,0
7k7yixs2,31,4xaq15na,0,,InitializeParticipant,1769549427,1,0,0
7k7yixs2,29,bs5rr441,3,presurvey,Scenario,1769549437,1,0,0
7k7yixs2,31,4xaq15na,1,presurvey,Introduction,1769549468,1,0,0
7k7yixs2,31,4xaq15na,2,presurvey,AudioCheck,1769549506,1,0,0
7k7yixs2,31,4xaq15na,3,presurvey,Scenario,1769549568,1,0,0
7k7yixs2,32,e03j1e35,0,,InitializeParticipant,1769549866,1,0,0
7k7yixs2,32,e03j1e35,1,presurvey,Introduction,1769549868,1,0,0
7k7yixs2,32,e03j1e35,2,presurvey,AudioCheck,1769549878,1,0,0
7k7yixs2,32,e03j1e35,3,presurvey,Scenario,1769549899,1,0,0
7k7yixs2,32,e03j1e35,4,presurvey,Commitment,1769549930,1,0,0
7k7yixs2,22,sjpyl9le,5,mock,GroupingWaitPage,1769549931,1,0,1
7k7yixs2,23,je35wdwp,5,mock,GroupingWaitPage,1769549931,1,0,1
7k7yixs2,24,22yjeo4r,5,mock,GroupingWaitPage,1769549931,1,0,1
7k7yixs2,32,e03j1e35,5,mock,GroupingWaitPage,1769549931,1,0,1
7k7yixs2,22,sjpyl9le,6,mock,GroupSizeWaitPage,1769549931,1,0,1
7k7yixs2,23,je35wdwp,6,mock,GroupSizeWaitPage,1769549931,1,0,1
7k7yixs2,24,22yjeo4r,6,mock,GroupSizeWaitPage,1769549931,1,0,1
7k7yixs2,32,e03j1e35,6,mock,GroupSizeWaitPage,1769549931,1,0,1
7k7yixs2,23,je35wdwp,8,mock,DiscussionGRPWaitPage,1769549931,1,0,1
7k7yixs2,24,22yjeo4r,8,mock,DiscussionGRPWaitPage,1769549931,1,0,1
7k7yixs2,22,sjpyl9le,8,mock,DiscussionGRPWaitPage,1769549931,1,0,1
7k7yixs2,32,e03j1e35,8,mock,DiscussionGRPWaitPage,1769549931,1,0,1
7k7yixs2,33,szmpi96u,0,,InitializeParticipant,1769549936,1,0,0
7k7yixs2,24,22yjeo4r,12,mock,Phase3,1769549940,1,0,0
7k7yixs2,24,22yjeo4r,13,mock,Discussion,1769549953,1,0,0
7k7yixs2,23,je35wdwp,12,mock,Phase3,1769549953,1,0,0
7k7yixs2,32,e03j1e35,12,mock,Phase3,1769549957,1,0,0
7k7yixs2,23,je35wdwp,13,mock,Discussion,1769549964,1,0,0
7k7yixs2,22,sjpyl9le,12,mock,Phase3,1769549965,1,0,0
7k7yixs2,32,e03j1e35,13,mock,Discussion,1769549965,1,0,0
7k7yixs2,33,szmpi96u,1,presurvey,Introduction,1769549975,1,0,0
7k7yixs2,22,sjpyl9le,13,mock,Discussion,1769549976,1,0,0
7k7yixs2,23,je35wdwp,19,mock,DiscussionGRPWaitPage,1769549976,2,0,1
7k7yixs2,24,22yjeo4r,19,mock,DiscussionGRPWaitPage,1769549976,2,0,1
7k7yixs2,22,sjpyl9le,19,mock,DiscussionGRPWaitPage,1769549976,2,0,1
7k7yixs2,32,e03j1e35,19,mock,DiscussionGRPWaitPage,1769549976,2,0,1
7k7yixs2,32,e03j1e35,24,mock,Discussion,1769549979,2,0,0
7k7yixs2,22,sjpyl9le,24,mock,Discussion,1769549980,2,0,0
7k7yixs2,24,22yjeo4r,24,mock,Discussion,1769549981,2,0,0
7k7yixs2,23,je35wdwp,24,mock,Discussion,1769549982,2,0,0
7k7yixs2,23,je35wdwp,30,mock,DiscussionGRPWaitPage,1769549982,3,0,1
7k7yixs2,24,22yjeo4r,30,mock,DiscussionGRPWaitPage,1769549982,3,0,1
7k7yixs2,22,sjpyl9le,30,mock,DiscussionGRPWaitPage,1769549982,3,0,1
7k7yixs2,32,e03j1e35,30,mock,DiscussionGRPWaitPage,1769549982,3,0,1
7k7yixs2,32,e03j1e35,35,mock,Discussion,1769549986,3,0,0
7k7yixs2,24,22yjeo4r,35,mock,Discussion,1769549986,3,0,0
7k7yixs2,22,sjpyl9le,35,mock,Discussion,1769549988,3,0,0
7k7yixs2,23,je35wdwp,35,mock,Discussion,1769549991,3,0,0
7k7yixs2,23,je35wdwp,41,mock,DiscussionGRPWaitPage,1769549991,4,0,1
7k7yixs2,24,22yjeo4r,41,mock,DiscussionGRPWaitPage,1769549991,4,0,1
7k7yixs2,22,sjpyl9le,41,mock,DiscussionGRPWaitPage,1769549991,4,0,1
7k7yixs2,32,e03j1e35,41,mock,DiscussionGRPWaitPage,1769549991,4,0,1
7k7yixs2,32,e03j1e35,46,mock,Discussion,1769549994,4,0,0
7k7yixs2,22,sjpyl9le,46,mock,Discussion,1769549994,4,0,0
7k7yixs2,24,22yjeo4r,46,mock,Discussion,1769549994,4,0,0
7k7yixs2,23,je35wdwp,46,mock,Discussion,1769549996,4,0,0
7k7yixs2,23,je35wdwp,52,mock,DiscussionGRPWaitPage,1769549996,5,0,1
7k7yixs2,24,22yjeo4r,52,mock,DiscussionGRPWaitPage,1769549996,5,0,1
7k7yixs2,22,sjpyl9le,52,mock,DiscussionGRPWaitPage,1769549996,5,0,1
7k7yixs2,32,e03j1e35,52,mock,DiscussionGRPWaitPage,1769549996,5,0,1
7k7yixs2,22,sjpyl9le,57,mock,Discussion,1769549999,5,0,0
7k7yixs2,32,e03j1e35,57,mock,Discussion,1769549999,5,0,0
7k7yixs2,33,szmpi96u,2,presurvey,AudioCheck,1769550001,1,0,0
7k7yixs2,23,je35wdwp,57,mock,Discussion,1769550001,5,0,0
7k7yixs2,24,22yjeo4r,57,mock,Discussion,1769550002,5,0,0
7k7yixs2,23,je35wdwp,63,mock,DiscussionGRPWaitPage,1769550002,6,0,1
7k7yixs2,24,22yjeo4r,63,mock,DiscussionGRPWaitPage,1769550002,6,0,1
7k7yixs2,22,sjpyl9le,63,mock,DiscussionGRPWaitPage,1769550002,6,0,1
7k7yixs2,32,e03j1e35,63,mock,DiscussionGRPWaitPage,1769550002,6,0,1
7k7yixs2,32,e03j1e35,68,mock,Discussion,1769550004,6,0,0
7k7yixs2,24,22yjeo4r,68,mock,Discussion,1769550005,6,0,0
7k7yixs2,22,sjpyl9le,68,mock,Discussion,1769550006,6,0,0
7k7yixs2,23,je35wdwp,68,mock,Discussion,1769550006,6,0,0
7k7yixs2,23,je35wdwp,74,mock,DiscussionGRPWaitPage,1769550006,7,0,1
7k7yixs2,24,22yjeo4r,74,mock,DiscussionGRPWaitPage,1769550006,7,0,1
7k7yixs2,22,sjpyl9le,74,mock,DiscussionGRPWaitPage,1769550006,7,0,1
7k7yixs2,32,e03j1e35,74,mock,DiscussionGRPWaitPage,1769550006,7,0,1
7k7yixs2,32,e03j1e35,79,mock,Discussion,1769550008,7,0,0
7k7yixs2,23,je35wdwp,79,mock,Discussion,1769550009,7,0,0
7k7yixs2,24,22yjeo4r,79,mock,Discussion,1769550009,7,0,0
7k7yixs2,22,sjpyl9le,79,mock,Discussion,1769550009,7,0,0
7k7yixs2,23,je35wdwp,85,mock,DiscussionGRPWaitPage,1769550010,8,0,1
7k7yixs2,24,22yjeo4r,85,mock,DiscussionGRPWaitPage,1769550010,8,0,1
7k7yixs2,22,sjpyl9le,85,mock,DiscussionGRPWaitPage,1769550010,8,0,1
7k7yixs2,32,e03j1e35,85,mock,DiscussionGRPWaitPage,1769550010,8,0,1
7k7yixs2,32,e03j1e35,90,mock,Discussion,1769550012,8,0,0
7k7yixs2,24,22yjeo4r,90,mock,Discussion,1769550012,8,0,0
7k7yixs2,23,je35wdwp,90,mock,Discussion,1769550012,8,0,0
7k7yixs2,22,sjpyl9le,90,mock,Discussion,1769550014,8,0,0
7k7yixs2,24,22yjeo4r,96,mock,DiscussionGRPWaitPage,1769550015,9,0,1
7k7yixs2,22,sjpyl9le,96,mock,DiscussionGRPWaitPage,1769550015,9,0,1
7k7yixs2,32,e03j1e35,96,mock,DiscussionGRPWaitPage,1769550015,9,0,1
7k7yixs2,23,je35wdwp,96,mock,DiscussionGRPWaitPage,1769550015,9,0,1
7k7yixs2,32,e03j1e35,101,mock,Discussion,1769550017,9,0,0
7k7yixs2,24,22yjeo4r,101,mock,Discussion,1769550017,9,0,0
7k7yixs2,23,je35wdwp,101,mock,Discussion,1769550018,9,0,0
7k7yixs2,22,sjpyl9le,101,mock,Discussion,1769550019,9,0,0
7k7yixs2,23,je35wdwp,107,mock,DiscussionGRPWaitPage,1769550019,10,0,1
7k7yixs2,24,22yjeo4r,107,mock,DiscussionGRPWaitPage,1769550019,10,0,1
7k7yixs2,22,sjpyl9le,107,mock,DiscussionGRPWaitPage,1769550019,10,0,1
7k7yixs2,32,e03j1e35,107,mock,DiscussionGRPWaitPage,1769550019,10,0,1
7k7yixs2,32,e03j1e35,112,mock,Discussion,1769550021,10,0,0
7k7yixs2,24,22yjeo4r,112,mock,Discussion,1769550022,10,0,0
7k7yixs2,23,je35wdwp,112,mock,Discussion,1769550023,10,0,0
7k7yixs2,22,sjpyl9le,112,mock,Discussion,1769550024,10,0,0
7k7yixs2,23,je35wdwp,118,mock,DiscussionGRPWaitPage,1769550024,11,0,1
7k7yixs2,32,e03j1e35,118,mock,DiscussionGRPWaitPage,1769550024,11,0,1
7k7yixs2,24,22yjeo4r,118,mock,DiscussionGRPWaitPage,1769550024,11,0,1
7k7yixs2,22,sjpyl9le,118,mock,DiscussionGRPWaitPage,1769550024,11,0,1
7k7yixs2,32,e03j1e35,123,mock,Discussion,1769550026,11,0,0
7k7yixs2,24,22yjeo4r,123,mock,Discussion,1769550027,11,0,0
7k7yixs2,22,sjpyl9le,123,mock,Discussion,1769550030,11,0,0
7k7yixs2,23,je35wdwp,123,mock,Discussion,1769550033,11,0,0
7k7yixs2,23,je35wdwp,129,mock,DiscussionGRPWaitPage,1769550033,12,0,1
7k7yixs2,24,22yjeo4r,129,mock,DiscussionGRPWaitPage,1769550033,12,0,1
7k7yixs2,22,sjpyl9le,129,mock,DiscussionGRPWaitPage,1769550033,12,0,1
7k7yixs2,32,e03j1e35,129,mock,DiscussionGRPWaitPage,1769550033,12,0,1
7k7yixs2,32,e03j1e35,134,mock,Discussion,1769550036,12,0,0
7k7yixs2,22,sjpyl9le,134,mock,Discussion,1769550036,12,0,0
7k7yixs2,24,22yjeo4r,134,mock,Discussion,1769550036,12,0,0
7k7yixs2,23,je35wdwp,134,mock,Discussion,1769550037,12,0,0
7k7yixs2,23,je35wdwp,140,mock,DiscussionGRPWaitPage,1769550037,13,0,1
7k7yixs2,24,22yjeo4r,140,mock,DiscussionGRPWaitPage,1769550037,13,0,1
7k7yixs2,22,sjpyl9le,140,mock,DiscussionGRPWaitPage,1769550037,13,0,1
7k7yixs2,32,e03j1e35,140,mock,DiscussionGRPWaitPage,1769550037,13,0,1
7k7yixs2,32,e03j1e35,145,mock,Discussion,1769550039,13,0,0
7k7yixs2,23,je35wdwp,145,mock,Discussion,1769550039,13,0,0
7k7yixs2,22,sjpyl9le,145,mock,Discussion,1769550040,13,0,0
7k7yixs2,24,22yjeo4r,145,mock,Discussion,1769550040,13,0,0
7k7yixs2,23,je35wdwp,151,mock,DiscussionGRPWaitPage,1769550040,14,0,1
7k7yixs2,24,22yjeo4r,151,mock,DiscussionGRPWaitPage,1769550040,14,0,1
7k7yixs2,22,sjpyl9le,151,mock,DiscussionGRPWaitPage,1769550040,14,0,1
7k7yixs2,32,e03j1e35,151,mock,DiscussionGRPWaitPage,1769550040,14,0,1
7k7yixs2,32,e03j1e35,156,mock,Discussion,1769550043,14,0,0
7k7yixs2,24,22yjeo4r,156,mock,Discussion,1769550043,14,0,0
7k7yixs2,23,je35wdwp,156,mock,Discussion,1769550046,14,0,0
7k7yixs2,22,sjpyl9le,156,mock,Discussion,1769550049,14,0,0
7k7yixs2,23,je35wdwp,162,mock,DiscussionGRPWaitPage,1769550049,15,0,1
7k7yixs2,24,22yjeo4r,162,mock,DiscussionGRPWaitPage,1769550049,15,0,1
7k7yixs2,22,sjpyl9le,162,mock,DiscussionGRPWaitPage,1769550049,15,0,1
7k7yixs2,32,e03j1e35,162,mock,DiscussionGRPWaitPage,1769550049,15,0,1
7k7yixs2,32,e03j1e35,167,mock,Discussion,1769550051,15,0,0
7k7yixs2,24,22yjeo4r,167,mock,Discussion,1769550052,15,0,0
7k7yixs2,23,je35wdwp,167,mock,Discussion,1769550053,15,0,0
7k7yixs2,22,sjpyl9le,167,mock,Discussion,1769550054,15,0,0
7k7yixs2,23,je35wdwp,173,mock,DiscussionGRPWaitPage,1769550055,16,0,1
7k7yixs2,24,22yjeo4r,173,mock,DiscussionGRPWaitPage,1769550055,16,0,1
7k7yixs2,22,sjpyl9le,173,mock,DiscussionGRPWaitPage,1769550055,16,0,1
7k7yixs2,32,e03j1e35,173,mock,DiscussionGRPWaitPage,1769550055,16,0,1
7k7yixs2,33,szmpi96u,3,presurvey,Scenario,1769550056,1,0,0
7k7yixs2,32,e03j1e35,178,mock,Discussion,1769550056,16,0,0
7k7yixs2,23,je35wdwp,178,mock,Discussion,1769550057,16,0,0
7k7yixs2,24,22yjeo4r,178,mock,Discussion,1769550058,16,0,0
7k7yixs2,22,sjpyl9le,178,mock,Discussion,1769550059,16,0,0
7k7yixs2,23,je35wdwp,184,mock,DiscussionGRPWaitPage,1769550060,17,0,1
7k7yixs2,24,22yjeo4r,184,mock,DiscussionGRPWaitPage,1769550060,17,0,1
7k7yixs2,22,sjpyl9le,184,mock,DiscussionGRPWaitPage,1769550060,17,0,1
7k7yixs2,32,e03j1e35,184,mock,DiscussionGRPWaitPage,1769550060,17,0,1
7k7yixs2,32,e03j1e35,189,mock,Discussion,1769550062,17,0,0
7k7yixs2,23,je35wdwp,189,mock,Discussion,1769550063,17,0,0
7k7yixs2,24,22yjeo4r,189,mock,Discussion,1769550063,17,0,0
7k7yixs2,22,sjpyl9le,189,mock,Discussion,1769550066,17,0,0
7k7yixs2,22,sjpyl9le,195,mock,DiscussionGRPWaitPage,1769550066,18,0,1
7k7yixs2,23,je35wdwp,195,mock,DiscussionGRPWaitPage,1769550066,18,0,1
7k7yixs2,24,22yjeo4r,195,mock,DiscussionGRPWaitPage,1769550066,18,0,1
7k7yixs2,32,e03j1e35,195,mock,DiscussionGRPWaitPage,1769550066,18,0,1
7k7yixs2,32,e03j1e35,200,mock,Discussion,1769550068,18,0,0
7k7yixs2,24,22yjeo4r,200,mock,Discussion,1769550068,18,0,0
7k7yixs2,23,je35wdwp,200,mock,Discussion,1769550068,18,0,0
7k7yixs2,22,sjpyl9le,200,mock,Discussion,1769550069,18,0,0
7k7yixs2,23,je35wdwp,206,mock,DiscussionGRPWaitPage,1769550070,19,0,1
7k7yixs2,32,e03j1e35,206,mock,DiscussionGRPWaitPage,1769550070,19,0,1
7k7yixs2,24,22yjeo4r,206,mock,DiscussionGRPWaitPage,1769550070,19,0,1
7k7yixs2,22,sjpyl9le,206,mock,DiscussionGRPWaitPage,1769550070,19,0,1
7k7yixs2,32,e03j1e35,211,mock,Discussion,1769550072,19,0,0
7k7yixs2,24,22yjeo4r,211,mock,Discussion,1769550072,19,0,0
7k7yixs2,23,je35wdwp,211,mock,Discussion,1769550074,19,0,0
7k7yixs2,22,sjpyl9le,211,mock,Discussion,1769550077,19,0,0
7k7yixs2,23,je35wdwp,217,mock,DiscussionGRPWaitPage,1769550077,20,0,1
7k7yixs2,24,22yjeo4r,217,mock,DiscussionGRPWaitPage,1769550077,20,0,1
7k7yixs2,22,sjpyl9le,217,mock,DiscussionGRPWaitPage,1769550077,20,0,1
7k7yixs2,32,e03j1e35,217,mock,DiscussionGRPWaitPage,1769550077,20,0,1
7k7yixs2,32,e03j1e35,222,mock,Discussion,1769550079,20,0,0
7k7yixs2,24,22yjeo4r,222,mock,Discussion,1769550079,20,0,0
7k7yixs2,23,je35wdwp,222,mock,Discussion,1769550080,20,0,0
7k7yixs2,22,sjpyl9le,222,mock,Discussion,1769550081,20,0,0
7k7yixs2,24,22yjeo4r,223,mock,FinalRoundWaitPage,1769550082,20,0,1
7k7yixs2,23,je35wdwp,223,mock,FinalRoundWaitPage,1769550082,20,0,1
7k7yixs2,32,e03j1e35,223,mock,FinalRoundWaitPage,1769550082,20,0,1
7k7yixs2,22,sjpyl9le,223,mock,FinalRoundWaitPage,1769550082,20,0,1
7k7yixs2,32,e03j1e35,224,mock,FinalRound,1769550087,20,0,0
7k7yixs2,23,je35wdwp,224,mock,FinalRound,1769550089,20,0,0
7k7yixs2,24,22yjeo4r,224,mock,FinalRound,1769550089,20,0,0
7k7yixs2,22,sjpyl9le,224,mock,FinalRound,1769550094,20,0,0
7k7yixs2,34,fygfav83,0,,InitializeParticipant,1769550098,1,0,0
7k7yixs2,33,szmpi96u,4,presurvey,Commitment,1769550104,1,0,0
7k7yixs2,35,630hudzn,0,,InitializeParticipant,1769550157,1,0,0
7k7yixs2,35,630hudzn,1,presurvey,Introduction,1769550180,1,0,0
7k7yixs2,35,630hudzn,2,presurvey,AudioCheck,1769550198,1,0,0
7k7yixs2,34,fygfav83,1,presurvey,Introduction,1769550214,1,0,0
7k7yixs2,35,630hudzn,3,presurvey,Scenario,1769550226,1,0,0
7k7yixs2,34,fygfav83,2,presurvey,AudioCheck,1769550231,1,0,0
7k7yixs2,35,630hudzn,4,presurvey,Commitment,1769550254,1,0,0
7k7yixs2,34,fygfav83,3,presurvey,Scenario,1769550260,1,0,0
7k7yixs2,36,ybrij53i,0,,InitializeParticipant,1769550282,1,0,0
7k7yixs2,34,fygfav83,4,presurvey,Commitment,1769550288,1,0,0
7k7yixs2,36,ybrij53i,1,presurvey,Introduction,1769550301,1,0,0
7k7yixs2,36,ybrij53i,2,presurvey,AudioCheck,1769550319,1,0,0
7k7yixs2,36,ybrij53i,3,presurvey,Scenario,1769550347,1,0,0
7k7yixs2,26,wgj2f8ai,5,mock,GroupingWaitPage,1769550350,1,0,1
7k7yixs2,26,wgj2f8ai,6,mock,GroupSizeWaitPage,1769550350,1,0,1
7k7yixs2,37,w29bn0wz,0,,InitializeParticipant,1769550353,1,0,0
7k7yixs2,38,mxzzyp95,0,,InitializeParticipant,1769550353,1,0,0
7k7yixs2,37,w29bn0wz,1,presurvey,Introduction,1769550357,1,0,0
7k7yixs2,37,w29bn0wz,2,presurvey,AudioCheck,1769550369,1,0,0
7k7yixs2,26,wgj2f8ai,7,mock,AttentionCheck,1769550377,1,0,0
7k7yixs2,36,ybrij53i,4,presurvey,Commitment,1769550391,1,0,0
7k7yixs2,33,szmpi96u,5,mock,GroupingWaitPage,1769550391,1,0,1
7k7yixs2,34,fygfav83,5,mock,GroupingWaitPage,1769550391,1,0,1
7k7yixs2,35,630hudzn,5,mock,GroupingWaitPage,1769550391,1,0,1
7k7yixs2,36,ybrij53i,5,mock,GroupingWaitPage,1769550391,1,0,1
7k7yixs2,33,szmpi96u,6,mock,GroupSizeWaitPage,1769550392,1,0,1
7k7yixs2,34,fygfav83,6,mock,GroupSizeWaitPage,1769550392,1,0,1
7k7yixs2,35,630hudzn,6,mock,GroupSizeWaitPage,1769550392,1,0,1
7k7yixs2,36,ybrij53i,6,mock,GroupSizeWaitPage,1769550392,1,0,1
7k7yixs2,35,630hudzn,8,mock,DiscussionGRPWaitPage,1769550393,1,0,1
7k7yixs2,36,ybrij53i,8,mock,DiscussionGRPWaitPage,1769550393,1,0,1
7k7yixs2,33,szmpi96u,8,mock,DiscussionGRPWaitPage,1769550393,1,0,1
7k7yixs2,34,fygfav83,8,mock,DiscussionGRPWaitPage,1769550393,1,0,1
7k7yixs2,37,w29bn0wz,3,presurvey,Scenario,1769550399,1,0,0
7k7yixs2,35,630hudzn,12,mock,Phase3,1769550401,1,0,0
7k7yixs2,33,szmpi96u,12,mock,Phase3,1769550409,1,0,0
7k7yixs2,39,m2pjh08m,0,,InitializeParticipant,1769550409,1,0,0
7k7yixs2,35,630hudzn,13,mock,Discussion,1769550411,1,0,0
7k7yixs2,36,ybrij53i,12,mock,Phase3,1769550411,1,0,0
7k7yixs2,34,fygfav83,12,mock,Phase3,1769550412,1,0,0
7k7yixs2,33,szmpi96u,13,mock,Discussion,1769550415,1,0,0
7k7yixs2,34,fygfav83,13,mock,Discussion,1769550420,1,0,0
7k7yixs2,36,ybrij53i,13,mock,Discussion,1769550425,1,0,0
7k7yixs2,35,630hudzn,19,mock,DiscussionGRPWaitPage,1769550426,2,0,1
7k7yixs2,36,ybrij53i,19,mock,DiscussionGRPWaitPage,1769550426,2,0,1
7k7yixs2,33,szmpi96u,19,mock,DiscussionGRPWaitPage,1769550426,2,0,1
7k7yixs2,34,fygfav83,19,mock,DiscussionGRPWaitPage,1769550426,2,0,1
7k7yixs2,34,fygfav83,24,mock,Discussion,1769550429,2,0,0
7k7yixs2,36,ybrij53i,24,mock,Discussion,1769550430,2,0,0
7k7yixs2,37,w29bn0wz,4,presurvey,Commitment,1769550433,1,0,0
7k7yixs2,33,szmpi96u,24,mock,Discussion,1769550433,2,0,0
7k7yixs2,35,630hudzn,24,mock,Discussion,1769550434,2,0,0
7k7yixs2,35,630hudzn,30,mock,DiscussionGRPWaitPage,1769550435,3,0,1
7k7yixs2,36,ybrij53i,30,mock,DiscussionGRPWaitPage,1769550435,3,0,1
7k7yixs2,33,szmpi96u,30,mock,DiscussionGRPWaitPage,1769550435,3,0,1
7k7yixs2,34,fygfav83,30,mock,DiscussionGRPWaitPage,1769550435,3,0,1
7k7yixs2,39,m2pjh08m,1,presurvey,Introduction,1769550435,1,0,0
7k7yixs2,34,fygfav83,35,mock,Discussion,1769550438,3,0,0
7k7yixs2,36,ybrij53i,35,mock,Discussion,1769550440,3,0,0
7k7yixs2,35,630hudzn,35,mock,Discussion,1769550442,3,0,0
7k7yixs2,33,szmpi96u,35,mock,Discussion,1769550446,3,0,0
7k7yixs2,33,szmpi96u,41,mock,DiscussionGRPWaitPage,1769550447,4,0,1
7k7yixs2,35,630hudzn,41,mock,DiscussionGRPWaitPage,1769550447,4,0,1
7k7yixs2,36,ybrij53i,41,mock,DiscussionGRPWaitPage,1769550447,4,0,1
7k7yixs2,34,fygfav83,41,mock,DiscussionGRPWaitPage,1769550447,4,0,1
7k7yixs2,34,fygfav83,46,mock,Discussion,1769550449,4,0,0
7k7yixs2,36,ybrij53i,46,mock,Discussion,1769550452,4,0,0
7k7yixs2,39,m2pjh08m,2,presurvey,AudioCheck,1769550452,1,0,0
7k7yixs2,35,630hudzn,46,mock,Discussion,1769550455,4,0,0
7k7yixs2,33,szmpi96u,46,mock,Discussion,1769550462,4,0,0
7k7yixs2,35,630hudzn,52,mock,DiscussionGRPWaitPage,1769550462,5,0,1
7k7yixs2,36,ybrij53i,52,mock,DiscussionGRPWaitPage,1769550462,5,0,1
7k7yixs2,33,szmpi96u,52,mock,DiscussionGRPWaitPage,1769550462,5,0,1
7k7yixs2,34,fygfav83,52,mock,DiscussionGRPWaitPage,1769550462,5,0,1
7k7yixs2,36,ybrij53i,57,mock,Discussion,1769550466,5,0,0
7k7yixs2,35,630hudzn,57,mock,Discussion,1769550468,5,0,0
7k7yixs2,33,szmpi96u,57,mock,Discussion,1769550469,5,0,0
7k7yixs2,34,fygfav83,57,mock,Discussion,1769550474,5,0,0
7k7yixs2,35,630hudzn,63,mock,DiscussionGRPWaitPage,1769550474,6,0,1
7k7yixs2,36,ybrij53i,63,mock,DiscussionGRPWaitPage,1769550474,6,0,1
7k7yixs2,33,szmpi96u,63,mock,DiscussionGRPWaitPage,1769550474,6,0,1
7k7yixs2,34,fygfav83,63,mock,DiscussionGRPWaitPage,1769550474,6,0,1
7k7yixs2,36,ybrij53i,68,mock,Discussion,1769550478,6,0,0
7k7yixs2,34,fygfav83,68,mock,Discussion,1769550478,6,0,0
7k7yixs2,39,m2pjh08m,3,presurvey,Scenario,1769550479,1,0,0
7k7yixs2,33,szmpi96u,68,mock,Discussion,1769550481,6,0,0
7k7yixs2,35,630hudzn,68,mock,Discussion,1769550481,6,0,0
7k7yixs2,35,630hudzn,74,mock,DiscussionGRPWaitPage,1769550481,7,0,1
7k7yixs2,36,ybrij53i,74,mock,DiscussionGRPWaitPage,1769550481,7,0,1
7k7yixs2,33,szmpi96u,74,mock,DiscussionGRPWaitPage,1769550481,7,0,1
7k7yixs2,34,fygfav83,74,mock,DiscussionGRPWaitPage,1769550481,7,0,1
7k7yixs2,34,fygfav83,79,mock,Discussion,1769550483,7,0,0
7k7yixs2,33,szmpi96u,79,mock,Discussion,1769550484,7,0,0
7k7yixs2,36,ybrij53i,79,mock,Discussion,1769550486,7,0,0
7k7yixs2,35,630hudzn,79,mock,Discussion,1769550487,7,0,0
7k7yixs2,35,630hudzn,85,mock,DiscussionGRPWaitPage,1769550487,8,0,1
7k7yixs2,36,ybrij53i,85,mock,DiscussionGRPWaitPage,1769550487,8,0,1
7k7yixs2,33,szmpi96u,85,mock,DiscussionGRPWaitPage,1769550487,8,0,1
7k7yixs2,34,fygfav83,85,mock,DiscussionGRPWaitPage,1769550487,8,0,1
7k7yixs2,34,fygfav83,90,mock,Discussion,1769550489,8,0,0
7k7yixs2,33,szmpi96u,90,mock,Discussion,1769550490,8,0,0
7k7yixs2,36,ybrij53i,90,mock,Discussion,1769550491,8,0,0
7k7yixs2,35,630hudzn,90,mock,Discussion,1769550491,8,0,0
7k7yixs2,35,630hudzn,96,mock,DiscussionGRPWaitPage,1769550491,9,0,1
7k7yixs2,36,ybrij53i,96,mock,DiscussionGRPWaitPage,1769550491,9,0,1
7k7yixs2,33,szmpi96u,96,mock,DiscussionGRPWaitPage,1769550491,9,0,1
7k7yixs2,34,fygfav83,96,mock,DiscussionGRPWaitPage,1769550491,9,0,1
7k7yixs2,40,z4stk6yt,0,,InitializeParticipant,1769550493,1,0,0
7k7yixs2,34,fygfav83,101,mock,Discussion,1769550494,9,0,0
7k7yixs2,33,szmpi96u,101,mock,Discussion,1769550495,9,0,0
7k7yixs2,35,630hudzn,101,mock,Discussion,1769550496,9,0,0
7k7yixs2,36,ybrij53i,101,mock,Discussion,1769550497,9,0,0
7k7yixs2,35,630hudzn,107,mock,DiscussionGRPWaitPage,1769550498,10,0,1
7k7yixs2,36,ybrij53i,107,mock,DiscussionGRPWaitPage,1769550498,10,0,1
7k7yixs2,33,szmpi96u,107,mock,DiscussionGRPWaitPage,1769550498,10,0,1
7k7yixs2,34,fygfav83,107,mock,DiscussionGRPWaitPage,1769550498,10,0,1
7k7yixs2,33,szmpi96u,112,mock,Discussion,1769550500,10,0,0
7k7yixs2,34,fygfav83,112,mock,Discussion,1769550500,10,0,0
7k7yixs2,36,ybrij53i,112,mock,Discussion,1769550501,10,0,0
7k7yixs2,35,630hudzn,112,mock,Discussion,1769550503,10,0,0
7k7yixs2,33,szmpi96u,118,mock,DiscussionGRPWaitPage,1769550503,11,0,1
7k7yixs2,35,630hudzn,118,mock,DiscussionGRPWaitPage,1769550503,11,0,1
7k7yixs2,36,ybrij53i,118,mock,DiscussionGRPWaitPage,1769550503,11,0,1
7k7yixs2,34,fygfav83,118,mock,DiscussionGRPWaitPage,1769550503,11,0,1
7k7yixs2,33,szmpi96u,123,mock,Discussion,1769550506,11,0,0
7k7yixs2,36,ybrij53i,123,mock,Discussion,1769550506,11,0,0
7k7yixs2,34,fygfav83,123,mock,Discussion,1769550506,11,0,0
7k7yixs2,35,630hudzn,123,mock,Discussion,1769550509,11,0,0
7k7yixs2,35,630hudzn,129,mock,DiscussionGRPWaitPage,1769550509,12,0,1
7k7yixs2,36,ybrij53i,129,mock,DiscussionGRPWaitPage,1769550509,12,0,1
7k7yixs2,33,szmpi96u,129,mock,DiscussionGRPWaitPage,1769550509,12,0,1
7k7yixs2,34,fygfav83,129,mock,DiscussionGRPWaitPage,1769550509,12,0,1
7k7yixs2,33,szmpi96u,134,mock,Discussion,1769550512,12,0,0
7k7yixs2,36,ybrij53i,134,mock,Discussion,1769550512,12,0,0
7k7yixs2,34,fygfav83,134,mock,Discussion,1769550513,12,0,0
7k7yixs2,35,630hudzn,134,mock,Discussion,1769550514,12,0,0
7k7yixs2,35,630hudzn,140,mock,DiscussionGRPWaitPage,1769550515,13,0,1
7k7yixs2,36,ybrij53i,140,mock,DiscussionGRPWaitPage,1769550515,13,0,1
7k7yixs2,34,fygfav83,140,mock,DiscussionGRPWaitPage,1769550515,13,0,1
7k7yixs2,33,szmpi96u,140,mock,DiscussionGRPWaitPage,1769550515,13,0,1
7k7yixs2,41,honb8pqz,0,,InitializeParticipant,1769550515,1,0,0
7k7yixs2,33,szmpi96u,145,mock,Discussion,1769550517,13,0,0
7k7yixs2,34,fygfav83,145,mock,Discussion,1769550517,13,0,0
7k7yixs2,36,ybrij53i,145,mock,Discussion,1769550518,13,0,0
7k7yixs2,35,630hudzn,145,mock,Discussion,1769550520,13,0,0
7k7yixs2,35,630hudzn,151,mock,DiscussionGRPWaitPage,1769550520,14,0,1
7k7yixs2,36,ybrij53i,151,mock,DiscussionGRPWaitPage,1769550520,14,0,1
7k7yixs2,33,szmpi96u,151,mock,DiscussionGRPWaitPage,1769550520,14,0,1
7k7yixs2,34,fygfav83,151,mock,DiscussionGRPWaitPage,1769550520,14,0,1
7k7yixs2,33,szmpi96u,156,mock,Discussion,1769550522,14,0,0
7k7yixs2,34,fygfav83,156,mock,Discussion,1769550523,14,0,0
7k7yixs2,36,ybrij53i,156,mock,Discussion,1769550523,14,0,0
7k7yixs2,35,630hudzn,156,mock,Discussion,1769550525,14,0,0
7k7yixs2,35,630hudzn,162,mock,DiscussionGRPWaitPage,1769550525,15,0,1
7k7yixs2,36,ybrij53i,162,mock,DiscussionGRPWaitPage,1769550525,15,0,1
7k7yixs2,33,szmpi96u,162,mock,DiscussionGRPWaitPage,1769550525,15,0,1
7k7yixs2,34,fygfav83,162,mock,DiscussionGRPWaitPage,1769550525,15,0,1
7k7yixs2,42,aofkcr77,0,,InitializeParticipant,1769550526,1,0,0
7k7yixs2,33,szmpi96u,167,mock,Discussion,1769550527,15,0,0
7k7yixs2,34,fygfav83,167,mock,Discussion,1769550528,15,0,0
7k7yixs2,36,ybrij53i,167,mock,Discussion,1769550528,15,0,0
7k7yixs2,35,630hudzn,167,mock,Discussion,1769550530,15,0,0
7k7yixs2,35,630hudzn,173,mock,DiscussionGRPWaitPage,1769550531,16,0,1
7k7yixs2,36,ybrij53i,173,mock,DiscussionGRPWaitPage,1769550531,16,0,1
7k7yixs2,34,fygfav83,173,mock,DiscussionGRPWaitPage,1769550531,16,0,1
7k7yixs2,33,szmpi96u,173,mock,DiscussionGRPWaitPage,1769550531,16,0,1
7k7yixs2,33,szmpi96u,178,mock,Discussion,1769550533,16,0,0
7k7yixs2,34,fygfav83,178,mock,Discussion,1769550533,16,0,0
7k7yixs2,36,ybrij53i,178,mock,Discussion,1769550534,16,0,0
7k7yixs2,35,630hudzn,178,mock,Discussion,1769550535,16,0,0
7k7yixs2,35,630hudzn,184,mock,DiscussionGRPWaitPage,1769550535,17,0,1
7k7yixs2,36,ybrij53i,184,mock,DiscussionGRPWaitPage,1769550535,17,0,1
7k7yixs2,33,szmpi96u,184,mock,DiscussionGRPWaitPage,1769550535,17,0,1
7k7yixs2,34,fygfav83,184,mock,DiscussionGRPWaitPage,1769550535,17,0,1
7k7yixs2,33,szmpi96u,189,mock,Discussion,1769550537,17,0,0
7k7yixs2,34,fygfav83,189,mock,Discussion,1769550538,17,0,0
7k7yixs2,36,ybrij53i,189,mock,Discussion,1769550539,17,0,0
7k7yixs2,35,630hudzn,189,mock,Discussion,1769550539,17,0,0
7k7yixs2,33,szmpi96u,195,mock,DiscussionGRPWaitPage,1769550539,18,0,1
7k7yixs2,34,fygfav83,195,mock,DiscussionGRPWaitPage,1769550539,18,0,1
7k7yixs2,35,630hudzn,195,mock,DiscussionGRPWaitPage,1769550539,18,0,1
7k7yixs2,36,ybrij53i,195,mock,DiscussionGRPWaitPage,1769550539,18,0,1
7k7yixs2,40,z4stk6yt,1,presurvey,Introduction,1769550541,1,0,0
7k7yixs2,33,szmpi96u,200,mock,Discussion,1769550541,18,0,0
7k7yixs2,34,fygfav83,200,mock,Discussion,1769550542,18,0,0
7k7yixs2,36,ybrij53i,200,mock,Discussion,1769550543,18,0,0
7k7yixs2,35,630hudzn,200,mock,Discussion,1769550544,18,0,0
7k7yixs2,33,szmpi96u,206,mock,DiscussionGRPWaitPage,1769550544,19,0,1
7k7yixs2,35,630hudzn,206,mock,DiscussionGRPWaitPage,1769550544,19,0,1
7k7yixs2,36,ybrij53i,206,mock,DiscussionGRPWaitPage,1769550544,19,0,1
7k7yixs2,34,fygfav83,206,mock,DiscussionGRPWaitPage,1769550544,19,0,1
7k7yixs2,42,aofkcr77,1,presurvey,Introduction,1769550545,1,0,0
7k7yixs2,33,szmpi96u,211,mock,Discussion,1769550546,19,0,0
7k7yixs2,36,ybrij53i,211,mock,Discussion,1769550547,19,0,0
7k7yixs2,35,630hudzn,211,mock,Discussion,1769550549,19,0,0
7k7yixs2,41,honb8pqz,1,presurvey,Introduction,1769550550,1,0,0
7k7yixs2,34,fygfav83,211,mock,Discussion,1769550551,19,0,0
7k7yixs2,35,630hudzn,217,mock,DiscussionGRPWaitPage,1769550551,20,0,1
7k7yixs2,36,ybrij53i,217,mock,DiscussionGRPWaitPage,1769550551,20,0,1
7k7yixs2,33,szmpi96u,217,mock,DiscussionGRPWaitPage,1769550551,20,0,1
7k7yixs2,34,fygfav83,217,mock,DiscussionGRPWaitPage,1769550551,20,0,1
7k7yixs2,33,szmpi96u,222,mock,Discussion,1769550554,20,0,0
7k7yixs2,36,ybrij53i,222,mock,Discussion,1769550555,20,0,0
7k7yixs2,34,fygfav83,222,mock,Discussion,1769550556,20,0,0
7k7yixs2,35,630hudzn,222,mock,Discussion,1769550557,20,0,0
7k7yixs2,35,630hudzn,223,mock,FinalRoundWaitPage,1769550557,20,0,1
7k7yixs2,36,ybrij53i,223,mock,FinalRoundWaitPage,1769550557,20,0,1
7k7yixs2,33,szmpi96u,223,mock,FinalRoundWaitPage,1769550557,20,0,1
7k7yixs2,34,fygfav83,223,mock,FinalRoundWaitPage,1769550557,20,0,1
7k7yixs2,33,szmpi96u,224,mock,FinalRound,1769550564,20,0,0
7k7yixs2,34,fygfav83,224,mock,FinalRound,1769550565,20,0,0
7k7yixs2,36,ybrij53i,224,mock,FinalRound,1769550565,20,0,0
7k7yixs2,35,630hudzn,224,mock,FinalRound,1769550568,20,0,0
7k7yixs2,40,z4stk6yt,2,presurvey,AudioCheck,1769550570,1,0,0
7k7yixs2,42,aofkcr77,2,presurvey,AudioCheck,1769550573,1,0,0
7k7yixs2,41,honb8pqz,2,presurvey,AudioCheck,1769550576,1,0,0
7k7yixs2,42,aofkcr77,3,presurvey,Scenario,1769550606,1,0,0
7k7yixs2,40,z4stk6yt,3,presurvey,Scenario,1769550607,1,0,0
7k7yixs2,28,xmuv7346,5,mock,GroupingWaitPage,1769550609,1,0,1
7k7yixs2,28,xmuv7346,6,mock,GroupSizeWaitPage,1769550610,1,0,1
7k7yixs2,28,xmuv7346,7,mock,AttentionCheck,1769550626,1,0,0
7k7yixs2,41,honb8pqz,3,presurvey,Scenario,1769550628,1,0,0
7k7yixs2,42,aofkcr77,4,presurvey,Commitment,1769550648,1,0,0
7k7yixs2,40,z4stk6yt,4,presurvey,Commitment,1769550653,1,0,0
7k7yixs2,43,ptnl55xx,0,,InitializeParticipant,1769550747,1,0,0
7k7yixs2,43,ptnl55xx,1,presurvey,Introduction,1769550777,1,0,0
7k7yixs2,43,ptnl55xx,2,presurvey,AudioCheck,1769550790,1,0,0
7k7yixs2,43,ptnl55xx,3,presurvey,Scenario,1769550811,1,0,0
7k7yixs2,44,td50nf2h,0,,InitializeParticipant,1769550950,1,0,0
7k7yixs2,44,td50nf2h,1,presurvey,Introduction,1769550971,1,0,0
7k7yixs2,43,ptnl55xx,4,presurvey,Commitment,1769550977,1,0,0
7k7yixs2,45,457b7pxd,0,,InitializeParticipant,1769551043,1,0,0
7k7yixs2,46,avwiu24u,0,,InitializeParticipant,1769551281,1,0,0
7k7yixs2,46,avwiu24u,1,presurvey,Introduction,1769551292,1,0,0
7k7yixs2,46,avwiu24u,2,presurvey,AudioCheck,1769551359,1,0,0
7k7yixs2,46,avwiu24u,3,presurvey,Scenario,1769551397,1,0,0
7k7yixs2,47,ti3gczd7,0,,InitializeParticipant,1769551478,1,0,0
7k7yixs2,48,yfpj6yrm,0,,InitializeParticipant,1769551481,1,0,0
7k7yixs2,48,yfpj6yrm,1,presurvey,Introduction,1769551487,1,0,0
7k7yixs2,47,ti3gczd7,1,presurvey,Introduction,1769551490,1,0,0
7k7yixs2,48,yfpj6yrm,2,presurvey,AudioCheck,1769551500,1,0,0
7k7yixs2,47,ti3gczd7,2,presurvey,AudioCheck,1769551512,1,0,0
7k7yixs2,48,yfpj6yrm,3,presurvey,Scenario,1769551516,1,0,0
7k7yixs2,47,ti3gczd7,3,presurvey,Scenario,1769551537,1,0,0
7k7yixs2,47,ti3gczd7,4,presurvey,Commitment,1769551569,1,0,0
7k7yixs2,49,uub2gmgx,0,,InitializeParticipant,1769551573,1,0,0
7k7yixs2,50,mlflcebj,0,,InitializeParticipant,1769551671,1,0,0
7k7yixs2,50,mlflcebj,1,presurvey,Introduction,1769551674,1,0,0
7k7yixs2,50,mlflcebj,2,presurvey,AudioCheck,1769551689,1,0,0
7k7yixs2,51,9o3tq9bd,0,,InitializeParticipant,1769551710,1,0,0
7k7yixs2,50,mlflcebj,3,presurvey,Scenario,1769551715,1,0,0
7k7yixs2,51,9o3tq9bd,1,presurvey,Introduction,1769551733,1,0,0
7k7yixs2,51,9o3tq9bd,2,presurvey,AudioCheck,1769551761,1,0,0
7k7yixs2,52,3o1twd3t,0,,InitializeParticipant,1769551764,1,0,0
7k7yixs2,52,3o1twd3t,1,presurvey,Introduction,1769551784,1,0,0
7k7yixs2,51,9o3tq9bd,3,presurvey,Scenario,1769551796,1,0,0
7k7yixs2,52,3o1twd3t,2,presurvey,AudioCheck,1769551807,1,0,0
7k7yixs2,53,51kkh0vt,0,,InitializeParticipant,1769551830,1,0,0
7k7yixs2,54,fxb0n5pa,0,,InitializeParticipant,1769551841,1,0,0
7k7yixs2,53,51kkh0vt,1,presurvey,Introduction,1769551845,1,0,0
7k7yixs2,52,3o1twd3t,3,presurvey,Scenario,1769551848,1,0,0
7k7yixs2,55,as31wg19,0,,InitializeParticipant,1769551858,1,0,0
7k7yixs2,40,z4stk6yt,5,mock,GroupingWaitPage,1769551862,1,0,1
7k7yixs2,40,z4stk6yt,6,mock,GroupSizeWaitPage,1769551863,1,0,1
7k7yixs2,53,51kkh0vt,2,presurvey,AudioCheck,1769551865,1,0,0
7k7yixs2,40,z4stk6yt,7,mock,AttentionCheck,1769551870,1,0,0
7k7yixs2,55,as31wg19,1,presurvey,Introduction,1769551875,1,0,0
7k7yixs2,56,cbp9lbxd,0,,InitializeParticipant,1769551877,1,0,0
7k7yixs2,57,vly4ssrc,0,,InitializeParticipant,1769551889,1,0,0
7k7yixs2,57,vly4ssrc,1,presurvey,Introduction,1769551893,1,0,0
7k7yixs2,55,as31wg19,2,presurvey,AudioCheck,1769551898,1,0,0
7k7yixs2,54,fxb0n5pa,1,presurvey,Introduction,1769551900,1,0,0
7k7yixs2,52,3o1twd3t,4,presurvey,Commitment,1769551901,1,0,0
7k7yixs2,57,vly4ssrc,2,presurvey,AudioCheck,1769551907,1,0,0
7k7yixs2,56,cbp9lbxd,1,presurvey,Introduction,1769551908,1,0,0
7k7yixs2,57,vly4ssrc,3,presurvey,Scenario,1769551930,1,0,0
7k7yixs2,55,as31wg19,3,presurvey,Scenario,1769551933,1,0,0
7k7yixs2,56,cbp9lbxd,2,presurvey,AudioCheck,1769551941,1,0,0
7k7yixs2,56,cbp9lbxd,3,presurvey,Scenario,1769551953,1,0,0
7k7yixs2,54,fxb0n5pa,2,presurvey,AudioCheck,1769551959,1,0,0
7k7yixs2,53,51kkh0vt,3,presurvey,Scenario,1769551987,1,0,0
7k7yixs2,54,fxb0n5pa,3,presurvey,Scenario,1769552017,1,0,0
7k7yixs2,54,fxb0n5pa,4,presurvey,Commitment,1769552064,1,0,0
7k7yixs2,43,ptnl55xx,5,mock,GroupingWaitPage,1769552065,1,0,1
7k7yixs2,47,ti3gczd7,5,mock,GroupingWaitPage,1769552065,1,0,1
7k7yixs2,52,3o1twd3t,5,mock,GroupingWaitPage,1769552065,1,0,1
7k7yixs2,54,fxb0n5pa,5,mock,GroupingWaitPage,1769552065,1,0,1
7k7yixs2,43,ptnl55xx,6,mock,GroupSizeWaitPage,1769552065,1,0,1
7k7yixs2,47,ti3gczd7,6,mock,GroupSizeWaitPage,1769552065,1,0,1
7k7yixs2,52,3o1twd3t,6,mock,GroupSizeWaitPage,1769552065,1,0,1
7k7yixs2,54,fxb0n5pa,6,mock,GroupSizeWaitPage,1769552065,1,0,1
7k7yixs2,52,3o1twd3t,8,mock,DiscussionGRPWaitPage,1769552065,1,0,1
7k7yixs2,47,ti3gczd7,8,mock,DiscussionGRPWaitPage,1769552065,1,0,1
7k7yixs2,43,ptnl55xx,8,mock,DiscussionGRPWaitPage,1769552065,1,0,1
7k7yixs2,54,fxb0n5pa,8,mock,DiscussionGRPWaitPage,1769552065,1,0,1
7k7yixs2,58,c8jd01l1,0,,InitializeParticipant,1769552070,1,0,0
7k7yixs2,43,ptnl55xx,12,mock,Phase3,1769552073,1,0,0
7k7yixs2,58,c8jd01l1,1,presurvey,Introduction,1769552076,1,0,0
7k7yixs2,43,ptnl55xx,13,mock,Discussion,1769552080,1,0,0
7k7yixs2,52,3o1twd3t,12,mock,Phase3,1769552081,1,0,0
7k7yixs2,52,3o1twd3t,13,mock,Discussion,1769552088,1,0,0
7k7yixs2,54,fxb0n5pa,12,mock,Phase3,1769552089,1,0,0
7k7yixs2,54,fxb0n5pa,13,mock,Discussion,1769552100,1,0,0
7k7yixs2,58,c8jd01l1,2,presurvey,AudioCheck,1769552104,1,0,0
7k7yixs2,47,ti3gczd7,12,mock,Phase3,1769552107,1,0,0
7k7yixs2,47,ti3gczd7,13,mock,Discussion,1769552114,1,0,0
7k7yixs2,52,3o1twd3t,19,mock,DiscussionGRPWaitPage,1769552114,2,0,1
7k7yixs2,47,ti3gczd7,19,mock,DiscussionGRPWaitPage,1769552114,2,0,1
7k7yixs2,43,ptnl55xx,19,mock,DiscussionGRPWaitPage,1769552114,2,0,1
7k7yixs2,54,fxb0n5pa,19,mock,DiscussionGRPWaitPage,1769552114,2,0,1
7k7yixs2,52,3o1twd3t,24,mock,Discussion,1769552118,2,0,0
7k7yixs2,47,ti3gczd7,24,mock,Discussion,1769552119,2,0,0
7k7yixs2,54,fxb0n5pa,24,mock,Discussion,1769552122,2,0,0
7k7yixs2,43,ptnl55xx,24,mock,Discussion,1769552128,2,0,0
7k7yixs2,52,3o1twd3t,30,mock,DiscussionGRPWaitPage,1769552128,3,0,1
7k7yixs2,47,ti3gczd7,30,mock,DiscussionGRPWaitPage,1769552128,3,0,1
7k7yixs2,43,ptnl55xx,30,mock,DiscussionGRPWaitPage,1769552128,3,0,1
7k7yixs2,54,fxb0n5pa,30,mock,DiscussionGRPWaitPage,1769552128,3,0,1
7k7yixs2,54,fxb0n5pa,35,mock,Discussion,1769552137,3,0,0
7k7yixs2,43,ptnl55xx,35,mock,Discussion,1769552138,3,0,0
7k7yixs2,52,3o1twd3t,35,mock,Discussion,1769552144,3,0,0
7k7yixs2,47,ti3gczd7,35,mock,Discussion,1769552151,3,0,0
7k7yixs2,54,fxb0n5pa,41,mock,DiscussionGRPWaitPage,1769552151,4,0,1
7k7yixs2,52,3o1twd3t,41,mock,DiscussionGRPWaitPage,1769552151,4,0,1
7k7yixs2,47,ti3gczd7,41,mock,DiscussionGRPWaitPage,1769552151,4,0,1
7k7yixs2,43,ptnl55xx,41,mock,DiscussionGRPWaitPage,1769552151,4,0,1
7k7yixs2,52,3o1twd3t,46,mock,Discussion,1769552153,4,0,0
7k7yixs2,54,fxb0n5pa,46,mock,Discussion,1769552158,4,0,0
7k7yixs2,43,ptnl55xx,46,mock,Discussion,1769552163,4,0,0
7k7yixs2,47,ti3gczd7,46,mock,Discussion,1769552172,4,0,0
7k7yixs2,47,ti3gczd7,52,mock,DiscussionGRPWaitPage,1769552172,5,0,1
7k7yixs2,43,ptnl55xx,52,mock,DiscussionGRPWaitPage,1769552172,5,0,1
7k7yixs2,52,3o1twd3t,52,mock,DiscussionGRPWaitPage,1769552172,5,0,1
7k7yixs2,54,fxb0n5pa,52,mock,DiscussionGRPWaitPage,1769552172,5,0,1
7k7yixs2,52,3o1twd3t,57,mock,Discussion,1769552175,5,0,0
7k7yixs2,47,ti3gczd7,57,mock,Discussion,1769552175,5,0,0
7k7yixs2,58,c8jd01l1,3,presurvey,Scenario,1769552177,1,0,0
7k7yixs2,54,fxb0n5pa,57,mock,Discussion,1769552177,5,0,0
7k7yixs2,43,ptnl55xx,57,mock,Discussion,1769552183,5,0,0
7k7yixs2,52,3o1twd3t,63,mock,DiscussionGRPWaitPage,1769552183,6,0,1
7k7yixs2,47,ti3gczd7,63,mock,DiscussionGRPWaitPage,1769552183,6,0,1
7k7yixs2,43,ptnl55xx,63,mock,DiscussionGRPWaitPage,1769552183,6,0,1
7k7yixs2,54,fxb0n5pa,63,mock,DiscussionGRPWaitPage,1769552183,6,0,1
7k7yixs2,43,ptnl55xx,68,mock,Discussion,1769552187,6,0,0
7k7yixs2,52,3o1twd3t,68,mock,Discussion,1769552188,6,0,0
7k7yixs2,54,fxb0n5pa,68,mock,Discussion,1769552189,6,0,0
7k7yixs2,47,ti3gczd7,68,mock,Discussion,1769552191,6,0,0
7k7yixs2,52,3o1twd3t,74,mock,DiscussionGRPWaitPage,1769552191,7,0,1
7k7yixs2,47,ti3gczd7,74,mock,DiscussionGRPWaitPage,1769552191,7,0,1
7k7yixs2,43,ptnl55xx,74,mock,DiscussionGRPWaitPage,1769552191,7,0,1
7k7yixs2,54,fxb0n5pa,74,mock,DiscussionGRPWaitPage,1769552191,7,0,1
7k7yixs2,47,ti3gczd7,79,mock,Discussion,1769552192,7,0,0
7k7yixs2,54,fxb0n5pa,79,mock,Discussion,1769552195,7,0,0
7k7yixs2,59,r0mvo2us,0,,InitializeParticipant,1769552198,1,0,0
7k7yixs2,43,ptnl55xx,79,mock,Discussion,1769552199,7,0,0
7k7yixs2,52,3o1twd3t,79,mock,Discussion,1769552203,7,0,0
7k7yixs2,52,3o1twd3t,85,mock,DiscussionGRPWaitPage,1769552203,8,0,1
7k7yixs2,47,ti3gczd7,85,mock,DiscussionGRPWaitPage,1769552203,8,0,1
7k7yixs2,43,ptnl55xx,85,mock,DiscussionGRPWaitPage,1769552203,8,0,1
7k7yixs2,54,fxb0n5pa,85,mock,DiscussionGRPWaitPage,1769552203,8,0,1
7k7yixs2,54,fxb0n5pa,90,mock,Discussion,1769552206,8,0,0
7k7yixs2,43,ptnl55xx,90,mock,Discussion,1769552208,8,0,0
7k7yixs2,47,ti3gczd7,90,mock,Discussion,1769552208,8,0,0
7k7yixs2,60,4cle3mm4,0,,InitializeParticipant,1769552210,1,0,0
7k7yixs2,52,3o1twd3t,90,mock,Discussion,1769552218,8,0,0
7k7yixs2,52,3o1twd3t,96,mock,DiscussionGRPWaitPage,1769552218,9,0,1
7k7yixs2,47,ti3gczd7,96,mock,DiscussionGRPWaitPage,1769552218,9,0,1
7k7yixs2,43,ptnl55xx,96,mock,DiscussionGRPWaitPage,1769552218,9,0,1
7k7yixs2,54,fxb0n5pa,96,mock,DiscussionGRPWaitPage,1769552218,9,0,1
7k7yixs2,52,3o1twd3t,101,mock,Discussion,1769552220,9,0,0
7k7yixs2,54,fxb0n5pa,101,mock,Discussion,1769552222,9,0,0
7k7yixs2,61,7jrlpm8w,0,,InitializeParticipant,1769552223,1,0,0
7k7yixs2,47,ti3gczd7,101,mock,Discussion,1769552223,9,0,0
7k7yixs2,43,ptnl55xx,101,mock,Discussion,1769552225,9,0,0
7k7yixs2,52,3o1twd3t,107,mock,DiscussionGRPWaitPage,1769552225,10,0,1
7k7yixs2,47,ti3gczd7,107,mock,DiscussionGRPWaitPage,1769552225,10,0,1
7k7yixs2,43,ptnl55xx,107,mock,DiscussionGRPWaitPage,1769552225,10,0,1
7k7yixs2,54,fxb0n5pa,107,mock,DiscussionGRPWaitPage,1769552225,10,0,1
7k7yixs2,52,3o1twd3t,112,mock,Discussion,1769552226,10,0,0
7k7yixs2,47,ti3gczd7,112,mock,Discussion,1769552228,10,0,0
7k7yixs2,59,r0mvo2us,1,presurvey,Introduction,1769552229,1,0,0
7k7yixs2,54,fxb0n5pa,112,mock,Discussion,1769552229,10,0,0
7k7yixs2,43,ptnl55xx,112,mock,Discussion,1769552230,10,0,0
7k7yixs2,52,3o1twd3t,118,mock,DiscussionGRPWaitPage,1769552230,11,0,1
7k7yixs2,47,ti3gczd7,118,mock,DiscussionGRPWaitPage,1769552230,11,0,1
7k7yixs2,43,ptnl55xx,118,mock,DiscussionGRPWaitPage,1769552230,11,0,1
7k7yixs2,54,fxb0n5pa,118,mock,DiscussionGRPWaitPage,1769552230,11,0,1
7k7yixs2,52,3o1twd3t,123,mock,Discussion,1769552232,11,0,0
7k7yixs2,47,ti3gczd7,123,mock,Discussion,1769552234,11,0,0
7k7yixs2,43,ptnl55xx,123,mock,Discussion,1769552235,11,0,0
7k7yixs2,54,fxb0n5pa,123,mock,Discussion,1769552236,11,0,0
7k7yixs2,43,ptnl55xx,129,mock,DiscussionGRPWaitPage,1769552236,12,0,1
7k7yixs2,52,3o1twd3t,129,mock,DiscussionGRPWaitPage,1769552236,12,0,1
7k7yixs2,47,ti3gczd7,129,mock,DiscussionGRPWaitPage,1769552236,12,0,1
7k7yixs2,54,fxb0n5pa,129,mock,DiscussionGRPWaitPage,1769552236,12,0,1
7k7yixs2,52,3o1twd3t,134,mock,Discussion,1769552237,12,0,0
7k7yixs2,47,ti3gczd7,134,mock,Discussion,1769552239,12,0,0
7k7yixs2,54,fxb0n5pa,134,mock,Discussion,1769552241,12,0,0
7k7yixs2,43,ptnl55xx,134,mock,Discussion,1769552241,12,0,0
7k7yixs2,52,3o1twd3t,140,mock,DiscussionGRPWaitPage,1769552242,13,0,1
7k7yixs2,47,ti3gczd7,140,mock,DiscussionGRPWaitPage,1769552242,13,0,1
7k7yixs2,54,fxb0n5pa,140,mock,DiscussionGRPWaitPage,1769552242,13,0,1
7k7yixs2,43,ptnl55xx,140,mock,DiscussionGRPWaitPage,1769552242,13,0,1
7k7yixs2,52,3o1twd3t,145,mock,Discussion,1769552243,13,0,0
7k7yixs2,59,r0mvo2us,2,presurvey,AudioCheck,1769552244,1,0,0
7k7yixs2,47,ti3gczd7,145,mock,Discussion,1769552245,13,0,0
7k7yixs2,43,ptnl55xx,145,mock,Discussion,1769552245,13,0,0
7k7yixs2,54,fxb0n5pa,145,mock,Discussion,1769552245,13,0,0
7k7yixs2,52,3o1twd3t,151,mock,DiscussionGRPWaitPage,1769552245,14,0,1
7k7yixs2,47,ti3gczd7,151,mock,DiscussionGRPWaitPage,1769552245,14,0,1
7k7yixs2,43,ptnl55xx,151,mock,DiscussionGRPWaitPage,1769552245,14,0,1
7k7yixs2,54,fxb0n5pa,151,mock,DiscussionGRPWaitPage,1769552245,14,0,1
7k7yixs2,52,3o1twd3t,156,mock,Discussion,1769552246,14,0,0
7k7yixs2,61,7jrlpm8w,1,presurvey,Introduction,1769552247,1,0,0
7k7yixs2,47,ti3gczd7,156,mock,Discussion,1769552248,14,0,0
7k7yixs2,43,ptnl55xx,156,mock,Discussion,1769552250,14,0,0
7k7yixs2,54,fxb0n5pa,156,mock,Discussion,1769552251,14,0,0
7k7yixs2,52,3o1twd3t,162,mock,DiscussionGRPWaitPage,1769552251,15,0,1
7k7yixs2,47,ti3gczd7,162,mock,DiscussionGRPWaitPage,1769552251,15,0,1
7k7yixs2,43,ptnl55xx,162,mock,DiscussionGRPWaitPage,1769552251,15,0,1
7k7yixs2,54,fxb0n5pa,162,mock,DiscussionGRPWaitPage,1769552251,15,0,1
7k7yixs2,52,3o1twd3t,167,mock,Discussion,1769552253,15,0,0
7k7yixs2,47,ti3gczd7,167,mock,Discussion,1769552254,15,0,0
7k7yixs2,43,ptnl55xx,167,mock,Discussion,1769552254,15,0,0
7k7yixs2,54,fxb0n5pa,167,mock,Discussion,1769552255,15,0,0
7k7yixs2,52,3o1twd3t,173,mock,DiscussionGRPWaitPage,1769552255,16,0,1
7k7yixs2,47,ti3gczd7,173,mock,DiscussionGRPWaitPage,1769552255,16,0,1
7k7yixs2,43,ptnl55xx,173,mock,DiscussionGRPWaitPage,1769552255,16,0,1
7k7yixs2,54,fxb0n5pa,173,mock,DiscussionGRPWaitPage,1769552255,16,0,1
7k7yixs2,52,3o1twd3t,178,mock,Discussion,1769552256,16,0,0
7k7yixs2,47,ti3gczd7,178,mock,Discussion,1769552258,16,0,0
7k7yixs2,43,ptnl55xx,178,mock,Discussion,1769552258,16,0,0
7k7yixs2,54,fxb0n5pa,178,mock,Discussion,1769552259,16,0,0
7k7yixs2,52,3o1twd3t,184,mock,DiscussionGRPWaitPage,1769552260,17,0,1
7k7yixs2,47,ti3gczd7,184,mock,DiscussionGRPWaitPage,1769552260,17,0,1
7k7yixs2,43,ptnl55xx,184,mock,DiscussionGRPWaitPage,1769552260,17,0,1
7k7yixs2,54,fxb0n5pa,184,mock,DiscussionGRPWaitPage,1769552260,17,0,1
7k7yixs2,52,3o1twd3t,189,mock,Discussion,1769552261,17,0,0
7k7yixs2,47,ti3gczd7,189,mock,Discussion,1769552262,17,0,0
7k7yixs2,43,ptnl55xx,189,mock,Discussion,1769552263,17,0,0
7k7yixs2,54,fxb0n5pa,189,mock,Discussion,1769552264,17,0,0
7k7yixs2,52,3o1twd3t,195,mock,DiscussionGRPWaitPage,1769552264,18,0,1
7k7yixs2,47,ti3gczd7,195,mock,DiscussionGRPWaitPage,1769552264,18,0,1
7k7yixs2,43,ptnl55xx,195,mock,DiscussionGRPWaitPage,1769552264,18,0,1
7k7yixs2,54,fxb0n5pa,195,mock,DiscussionGRPWaitPage,1769552264,18,0,1
7k7yixs2,52,3o1twd3t,200,mock,Discussion,1769552265,18,0,0
7k7yixs2,43,ptnl55xx,200,mock,Discussion,1769552266,18,0,0
7k7yixs2,47,ti3gczd7,200,mock,Discussion,1769552266,18,0,0
7k7yixs2,58,c8jd01l1,4,presurvey,Commitment,1769552267,1,0,0
7k7yixs2,61,7jrlpm8w,2,presurvey,AudioCheck,1769552267,1,0,0
7k7yixs2,54,fxb0n5pa,200,mock,Discussion,1769552268,18,0,0
7k7yixs2,52,3o1twd3t,206,mock,DiscussionGRPWaitPage,1769552268,19,0,1
7k7yixs2,47,ti3gczd7,206,mock,DiscussionGRPWaitPage,1769552268,19,0,1
7k7yixs2,43,ptnl55xx,206,mock,DiscussionGRPWaitPage,1769552268,19,0,1
7k7yixs2,54,fxb0n5pa,206,mock,DiscussionGRPWaitPage,1769552268,19,0,1
7k7yixs2,47,ti3gczd7,211,mock,Discussion,1769552270,19,0,0
7k7yixs2,43,ptnl55xx,211,mock,Discussion,1769552270,19,0,0
7k7yixs2,52,3o1twd3t,211,mock,Discussion,1769552271,19,0,0
7k7yixs2,54,fxb0n5pa,211,mock,Discussion,1769552272,19,0,0
7k7yixs2,43,ptnl55xx,217,mock,DiscussionGRPWaitPage,1769552272,20,0,1
7k7yixs2,52,3o1twd3t,217,mock,DiscussionGRPWaitPage,1769552272,20,0,1
7k7yixs2,47,ti3gczd7,217,mock,DiscussionGRPWaitPage,1769552272,20,0,1
7k7yixs2,54,fxb0n5pa,217,mock,DiscussionGRPWaitPage,1769552272,20,0,1
7k7yixs2,43,ptnl55xx,222,mock,Discussion,1769552274,20,0,0
7k7yixs2,47,ti3gczd7,222,mock,Discussion,1769552274,20,0,0
7k7yixs2,52,3o1twd3t,222,mock,Discussion,1769552274,20,0,0
7k7yixs2,54,fxb0n5pa,222,mock,Discussion,1769552276,20,0,0
7k7yixs2,43,ptnl55xx,223,mock,FinalRoundWaitPage,1769552276,20,0,1
7k7yixs2,52,3o1twd3t,223,mock,FinalRoundWaitPage,1769552276,20,0,1
7k7yixs2,47,ti3gczd7,223,mock,FinalRoundWaitPage,1769552276,20,0,1
7k7yixs2,54,fxb0n5pa,223,mock,FinalRoundWaitPage,1769552276,20,0,1
7k7yixs2,59,r0mvo2us,3,presurvey,Scenario,1769552280,1,0,0
7k7yixs2,43,ptnl55xx,224,mock,FinalRound,1769552283,20,0,0
7k7yixs2,52,3o1twd3t,224,mock,FinalRound,1769552284,20,0,0
7k7yixs2,54,fxb0n5pa,224,mock,FinalRound,1769552284,20,0,0
7k7yixs2,47,ti3gczd7,224,mock,FinalRound,1769552285,20,0,0
7k7yixs2,61,7jrlpm8w,3,presurvey,Scenario,1769552294,1,0,0
7k7yixs2,62,dubz731t,0,,InitializeParticipant,1769552657,1,0,0
7k7yixs2,62,dubz731t,1,presurvey,Introduction,1769552661,1,0,0
7k7yixs2,62,dubz731t,2,presurvey,AudioCheck,1769552680,1,0,0
7k7yixs2,63,wcb20sg6,0,,InitializeParticipant,1769552692,1,0,0
7k7yixs2,63,wcb20sg6,1,presurvey,Introduction,1769552696,1,0,0
7k7yixs2,63,wcb20sg6,2,presurvey,AudioCheck,1769552717,1,0,0
7k7yixs2,63,wcb20sg6,3,presurvey,Scenario,1769552756,1,0,0
7k7yixs2,62,dubz731t,3,presurvey,Scenario,1769552765,1,0,0
7k7yixs2,64,b3j1gbq3,0,,InitializeParticipant,1769552779,1,0,0
7k7yixs2,64,b3j1gbq3,1,presurvey,Introduction,1769552783,1,0,0
7k7yixs2,64,b3j1gbq3,2,presurvey,AudioCheck,1769552792,1,0,0
7k7yixs2,63,wcb20sg6,4,presurvey,Commitment,1769552806,1,0,0
7k7yixs2,66,anlo6y32,0,,InitializeParticipant,1769552920,1,0,0
7k7yixs2,65,xdzb67qw,0,,InitializeParticipant,1769552920,1,0,0
7k7yixs2,66,anlo6y32,1,presurvey,Introduction,1769552926,1,0,0
7k7yixs2,65,xdzb67qw,1,presurvey,Introduction,1769552932,1,0,0
7k7yixs2,65,xdzb67qw,2,presurvey,AudioCheck,1769552957,1,0,0
7k7yixs2,66,anlo6y32,2,presurvey,AudioCheck,1769552958,1,0,0
7k7yixs2,65,xdzb67qw,3,presurvey,Scenario,1769552981,1,0,0
7k7yixs2,65,xdzb67qw,4,presurvey,Commitment,1769552998,1,0,0
7k7yixs2,66,anlo6y32,3,presurvey,Scenario,1769553001,1,0,0
7k7yixs2,67,150mmjpu,0,,InitializeParticipant,1769553013,1,0,0
7k7yixs2,68,zoa5282r,0,,InitializeParticipant,1769553023,1,0,0
7k7yixs2,68,zoa5282r,1,presurvey,Introduction,1769553046,1,0,0
7k7yixs2,67,150mmjpu,1,presurvey,Introduction,1769553064,1,0,0
7k7yixs2,68,zoa5282r,2,presurvey,AudioCheck,1769553069,1,0,0
7k7yixs2,67,150mmjpu,2,presurvey,AudioCheck,1769553095,1,0,0
7k7yixs2,68,zoa5282r,3,presurvey,Scenario,1769553124,1,0,0
7k7yixs2,67,150mmjpu,3,presurvey,Scenario,1769553139,1,0,0
7k7yixs2,67,150mmjpu,4,presurvey,Commitment,1769553192,1,0,0
7k7yixs2,69,wc3zxmt3,0,,InitializeParticipant,1769553411,1,0,0
7k7yixs2,69,wc3zxmt3,1,presurvey,Introduction,1769553429,1,0,0
7k7yixs2,58,c8jd01l1,5,mock,GroupingWaitPage,1769553469,1,0,1
7k7yixs2,58,c8jd01l1,6,mock,GroupSizeWaitPage,1769553469,1,0,1
7k7yixs2,69,wc3zxmt3,2,presurvey,AudioCheck,1769553473,1,0,0
7k7yixs2,58,c8jd01l1,7,mock,AttentionCheck,1769553478,1,0,0
7k7yixs2,69,wc3zxmt3,3,presurvey,Scenario,1769553568,1,0,0
7k7yixs2,70,ei5vymc2,0,,InitializeParticipant,1769553581,1,0,0
7k7yixs2,70,ei5vymc2,1,presurvey,Introduction,1769553599,1,0,0
7k7yixs2,71,4qq8a7yq,0,,InitializeParticipant,1769553609,1,0,0
7k7yixs2,69,wc3zxmt3,4,presurvey,Commitment,1769553624,1,0,0
7k7yixs2,72,pjsq25fd,0,,InitializeParticipant,1769553640,1,0,0
7k7yixs2,71,4qq8a7yq,1,presurvey,Introduction,1769553643,1,0,0
7k7yixs2,72,pjsq25fd,1,presurvey,Introduction,1769553644,1,0,0
7k7yixs2,70,ei5vymc2,2,presurvey,AudioCheck,1769553654,1,0,0
7k7yixs2,72,pjsq25fd,2,presurvey,AudioCheck,1769553655,1,0,0
7k7yixs2,71,4qq8a7yq,2,presurvey,AudioCheck,1769553673,1,0,0
7k7yixs2,72,pjsq25fd,3,presurvey,Scenario,1769553675,1,0,0
7k7yixs2,70,ei5vymc2,3,presurvey,Scenario,1769553707,1,0,0
7k7yixs2,71,4qq8a7yq,3,presurvey,Scenario,1769553719,1,0,0
7k7yixs2,73,ge3i38b6,0,,InitializeParticipant,1769553729,1,0,0
7k7yixs2,73,ge3i38b6,1,presurvey,Introduction,1769553732,1,0,0
7k7yixs2,73,ge3i38b6,2,presurvey,AudioCheck,1769553748,1,0,0
7k7yixs2,73,ge3i38b6,3,presurvey,Scenario,1769553773,1,0,0
7k7yixs2,73,ge3i38b6,4,presurvey,Commitment,1769553786,1,0,0
7k7yixs2,74,36xxal04,0,,InitializeParticipant,1769553822,1,0,0
7k7yixs2,74,36xxal04,1,presurvey,Introduction,1769553841,1,0,0
7k7yixs2,75,v1e4xigp,0,,InitializeParticipant,1769553883,1,0,0
7k7yixs2,74,36xxal04,2,presurvey,AudioCheck,1769553889,1,0,0
7k7yixs2,76,xipgk4hs,0,,InitializeParticipant,1769553893,1,0,0
7k7yixs2,77,mrtfd1l2,0,,InitializeParticipant,1769553900,1,0,0
7k7yixs2,75,v1e4xigp,1,presurvey,Introduction,1769553904,1,0,0
7k7yixs2,77,mrtfd1l2,1,presurvey,Introduction,1769553908,1,0,0
7k7yixs2,78,9uvf4c81,0,,InitializeParticipant,1769553920,1,0,0
7k7yixs2,77,mrtfd1l2,2,presurvey,AudioCheck,1769553922,1,0,0
7k7yixs2,78,9uvf4c81,1,presurvey,Introduction,1769553925,1,0,0
7k7yixs2,75,v1e4xigp,2,presurvey,AudioCheck,1769553934,1,0,0
7k7yixs2,78,9uvf4c81,2,presurvey,AudioCheck,1769553935,1,0,0
7k7yixs2,77,mrtfd1l2,3,presurvey,Scenario,1769553949,1,0,0
7k7yixs2,78,9uvf4c81,3,presurvey,Scenario,1769553954,1,0,0
7k7yixs2,79,5c7bq2ii,0,,InitializeParticipant,1769553971,1,0,0
7k7yixs2,74,36xxal04,3,presurvey,Scenario,1769553975,1,0,0
7k7yixs2,77,mrtfd1l2,4,presurvey,Commitment,1769553978,1,0,0
7k7yixs2,79,5c7bq2ii,1,presurvey,Introduction,1769553993,1,0,0
7k7yixs2,80,t7m5se74,0,,InitializeParticipant,1769553995,1,0,0
7k7yixs2,63,wcb20sg6,5,mock,GroupingWaitPage,1769554009,1,0,1
7k7yixs2,63,wcb20sg6,6,mock,GroupSizeWaitPage,1769554010,1,0,1
7k7yixs2,63,wcb20sg6,7,mock,AttentionCheck,1769554018,1,0,0
7k7yixs2,79,5c7bq2ii,2,presurvey,AudioCheck,1769554019,1,0,0
7k7yixs2,76,xipgk4hs,1,presurvey,Introduction,1769554025,1,0,0
7k7yixs2,79,5c7bq2ii,3,presurvey,Scenario,1769554043,1,0,0
7k7yixs2,80,t7m5se74,1,presurvey,Introduction,1769554052,1,0,0
7k7yixs2,75,v1e4xigp,3,presurvey,Scenario,1769554065,1,0,0
7k7yixs2,81,sk7o0ax0,0,,InitializeParticipant,1769554068,1,0,0
7k7yixs2,82,fjmfv7hu,0,,InitializeParticipant,1769554108,1,0,0
7k7yixs2,82,fjmfv7hu,1,presurvey,Introduction,1769554112,1,0,0
7k7yixs2,75,v1e4xigp,4,presurvey,Commitment,1769554113,1,0,0
7k7yixs2,81,sk7o0ax0,1,presurvey,Introduction,1769554117,1,0,0
7k7yixs2,76,xipgk4hs,2,presurvey,AudioCheck,1769554125,1,0,0
7k7yixs2,82,fjmfv7hu,2,presurvey,AudioCheck,1769554128,1,0,0
7k7yixs2,80,t7m5se74,2,presurvey,AudioCheck,1769554136,1,0,0
7k7yixs2,81,sk7o0ax0,2,presurvey,AudioCheck,1769554152,1,0,0
7k7yixs2,65,xdzb67qw,5,mock,GroupingWaitPage,1769554199,1,0,1
7k7yixs2,65,xdzb67qw,6,mock,GroupSizeWaitPage,1769554199,1,0,1
7k7yixs2,65,xdzb67qw,7,mock,AttentionCheck,1769554236,1,1,0
7k7yixs2,76,xipgk4hs,3,presurvey,Scenario,1769554243,1,0,0
7k7yixs2,83,25kgh63b,0,,InitializeParticipant,1769554245,1,0,0
7k7yixs2,81,sk7o0ax0,3,presurvey,Scenario,1769554257,1,0,0
7k7yixs2,83,25kgh63b,1,presurvey,Introduction,1769554260,1,0,0
7k7yixs2,83,25kgh63b,2,presurvey,AudioCheck,1769554277,1,0,0
7k7yixs2,80,t7m5se74,3,presurvey,Scenario,1769554336,1,0,0
7k7yixs2,76,xipgk4hs,4,presurvey,Commitment,1769554355,1,0,0
7k7yixs2,67,150mmjpu,5,mock,GroupingWaitPage,1769554356,1,0,1
7k7yixs2,69,wc3zxmt3,5,mock,GroupingWaitPage,1769554356,1,0,1
7k7yixs2,75,v1e4xigp,5,mock,GroupingWaitPage,1769554356,1,0,1
7k7yixs2,76,xipgk4hs,5,mock,GroupingWaitPage,1769554356,1,0,1
7k7yixs2,67,150mmjpu,6,mock,GroupSizeWaitPage,1769554357,1,0,1
7k7yixs2,69,wc3zxmt3,6,mock,GroupSizeWaitPage,1769554357,1,0,1
7k7yixs2,75,v1e4xigp,6,mock,GroupSizeWaitPage,1769554357,1,0,1
7k7yixs2,76,xipgk4hs,6,mock,GroupSizeWaitPage,1769554357,1,0,1
7k7yixs2,75,v1e4xigp,8,mock,DiscussionGRPWaitPage,1769554359,1,0,1
7k7yixs2,69,wc3zxmt3,8,mock,DiscussionGRPWaitPage,1769554359,1,0,1
7k7yixs2,67,150mmjpu,8,mock,DiscussionGRPWaitPage,1769554359,1,0,1
7k7yixs2,76,xipgk4hs,8,mock,DiscussionGRPWaitPage,1769554359,1,0,1
7k7yixs2,84,1otluo5q,0,,InitializeParticipant,1769554372,1,0,0
7k7yixs2,69,wc3zxmt3,12,mock,Phase3,1769554373,1,0,0
7k7yixs2,75,v1e4xigp,12,mock,Phase3,1769554373,1,0,0
7k7yixs2,75,v1e4xigp,13,mock,Discussion,1769554377,1,0,0
7k7yixs2,67,150mmjpu,12,mock,Phase3,1769554390,1,0,0
7k7yixs2,69,wc3zxmt3,13,mock,Discussion,1769554395,1,0,0
7k7yixs2,84,1otluo5q,1,presurvey,Introduction,1769554399,1,0,0
7k7yixs2,67,150mmjpu,13,mock,Discussion,1769554400,1,0,0
7k7yixs2,85,286r1xei,0,,InitializeParticipant,1769554404,1,0,0
7k7yixs2,76,xipgk4hs,12,mock,Phase3,1769554405,1,1,0
7k7yixs2,85,286r1xei,1,presurvey,Introduction,1769554408,1,0,0
7k7yixs2,84,1otluo5q,2,presurvey,AudioCheck,1769554422,1,0,0
7k7yixs2,85,286r1xei,2,presurvey,AudioCheck,1769554422,1,0,0
7k7yixs2,76,xipgk4hs,13,mock,Discussion,1769554423,1,0,0
7k7yixs2,75,v1e4xigp,19,mock,DiscussionGRPWaitPage,1769554424,2,0,1
7k7yixs2,69,wc3zxmt3,19,mock,DiscussionGRPWaitPage,1769554424,2,0,1
7k7yixs2,67,150mmjpu,19,mock,DiscussionGRPWaitPage,1769554424,2,0,1
7k7yixs2,76,xipgk4hs,19,mock,DiscussionGRPWaitPage,1769554424,2,0,1
7k7yixs2,75,v1e4xigp,24,mock,Discussion,1769554428,2,0,0
7k7yixs2,80,t7m5se74,4,presurvey,Commitment,1769554430,1,0,0
7k7yixs2,67,150mmjpu,24,mock,Discussion,1769554433,2,0,0
7k7yixs2,69,wc3zxmt3,24,mock,Discussion,1769554434,2,0,0
7k7yixs2,76,xipgk4hs,24,mock,Discussion,1769554443,2,0,0
7k7yixs2,75,v1e4xigp,30,mock,DiscussionGRPWaitPage,1769554443,3,0,1
7k7yixs2,69,wc3zxmt3,30,mock,DiscussionGRPWaitPage,1769554443,3,0,1
7k7yixs2,67,150mmjpu,30,mock,DiscussionGRPWaitPage,1769554443,3,0,1
7k7yixs2,76,xipgk4hs,30,mock,DiscussionGRPWaitPage,1769554443,3,0,1
7k7yixs2,84,1otluo5q,3,presurvey,Scenario,1769554447,1,0,0
7k7yixs2,67,150mmjpu,35,mock,Discussion,1769554449,3,0,0
7k7yixs2,85,286r1xei,3,presurvey,Scenario,1769554450,1,0,0
7k7yixs2,69,wc3zxmt3,35,mock,Discussion,1769554452,3,0,0
7k7yixs2,75,v1e4xigp,35,mock,Discussion,1769554453,3,0,0
7k7yixs2,76,xipgk4hs,35,mock,Discussion,1769554463,3,0,0
7k7yixs2,75,v1e4xigp,41,mock,DiscussionGRPWaitPage,1769554464,4,0,1
7k7yixs2,69,wc3zxmt3,41,mock,DiscussionGRPWaitPage,1769554464,4,0,1
7k7yixs2,67,150mmjpu,41,mock,DiscussionGRPWaitPage,1769554464,4,0,1
7k7yixs2,76,xipgk4hs,41,mock,DiscussionGRPWaitPage,1769554464,4,0,1
7k7yixs2,67,150mmjpu,46,mock,Discussion,1769554467,4,0,0
7k7yixs2,75,v1e4xigp,46,mock,Discussion,1769554469,4,0,0
7k7yixs2,69,wc3zxmt3,46,mock,Discussion,1769554470,4,0,0
7k7yixs2,76,xipgk4hs,46,mock,Discussion,1769554481,4,0,0
7k7yixs2,69,wc3zxmt3,52,mock,DiscussionGRPWaitPage,1769554482,5,0,1
7k7yixs2,75,v1e4xigp,52,mock,DiscussionGRPWaitPage,1769554482,5,0,1
7k7yixs2,67,150mmjpu,52,mock,DiscussionGRPWaitPage,1769554482,5,0,1
7k7yixs2,76,xipgk4hs,52,mock,DiscussionGRPWaitPage,1769554482,5,0,1
7k7yixs2,67,150mmjpu,57,mock,Discussion,1769554485,5,0,0
7k7yixs2,75,v1e4xigp,57,mock,Discussion,1769554486,5,0,0
7k7yixs2,69,wc3zxmt3,57,mock,Discussion,1769554489,5,0,0
7k7yixs2,86,bti7obyj,0,,InitializeParticipant,1769554507,1,0,0
7k7yixs2,76,xipgk4hs,57,mock,Discussion,1769554510,5,0,0
7k7yixs2,67,150mmjpu,63,mock,DiscussionGRPWaitPage,1769554510,6,0,1
7k7yixs2,75,v1e4xigp,63,mock,DiscussionGRPWaitPage,1769554510,6,0,1
7k7yixs2,69,wc3zxmt3,63,mock,DiscussionGRPWaitPage,1769554510,6,0,1
7k7yixs2,76,xipgk4hs,63,mock,DiscussionGRPWaitPage,1769554510,6,0,1
7k7yixs2,67,150mmjpu,68,mock,Discussion,1769554514,6,0,0
7k7yixs2,69,wc3zxmt3,68,mock,Discussion,1769554514,6,0,0
7k7yixs2,75,v1e4xigp,68,mock,Discussion,1769554515,6,0,0
7k7yixs2,76,xipgk4hs,68,mock,Discussion,1769554521,6,0,0
7k7yixs2,75,v1e4xigp,74,mock,DiscussionGRPWaitPage,1769554521,7,0,1
7k7yixs2,69,wc3zxmt3,74,mock,DiscussionGRPWaitPage,1769554521,7,0,1
7k7yixs2,67,150mmjpu,74,mock,DiscussionGRPWaitPage,1769554521,7,0,1
7k7yixs2,76,xipgk4hs,74,mock,DiscussionGRPWaitPage,1769554521,7,0,1
7k7yixs2,67,150mmjpu,79,mock,Discussion,1769554524,7,0,0
7k7yixs2,75,v1e4xigp,79,mock,Discussion,1769554528,7,0,0
7k7yixs2,69,wc3zxmt3,79,mock,Discussion,1769554528,7,0,0
7k7yixs2,86,bti7obyj,1,presurvey,Introduction,1769554532,1,0,0
7k7yixs2,82,fjmfv7hu,3,presurvey,Scenario,1769554534,1,0,0
7k7yixs2,76,xipgk4hs,79,mock,Discussion,1769554536,7,0,0
7k7yixs2,75,v1e4xigp,85,mock,DiscussionGRPWaitPage,1769554536,8,0,1
7k7yixs2,69,wc3zxmt3,85,mock,DiscussionGRPWaitPage,1769554536,8,0,1
7k7yixs2,67,150mmjpu,85,mock,DiscussionGRPWaitPage,1769554536,8,0,1
7k7yixs2,76,xipgk4hs,85,mock,DiscussionGRPWaitPage,1769554536,8,0,1
7k7yixs2,67,150mmjpu,90,mock,Discussion,1769554539,8,0,0
7k7yixs2,69,wc3zxmt3,90,mock,Discussion,1769554539,8,0,0
7k7yixs2,75,v1e4xigp,90,mock,Discussion,1769554546,8,0,0
7k7yixs2,76,xipgk4hs,90,mock,Discussion,1769554547,8,0,0
7k7yixs2,75,v1e4xigp,96,mock,DiscussionGRPWaitPage,1769554548,9,0,1
7k7yixs2,69,wc3zxmt3,96,mock,DiscussionGRPWaitPage,1769554548,9,0,1
7k7yixs2,67,150mmjpu,96,mock,DiscussionGRPWaitPage,1769554548,9,0,1
7k7yixs2,76,xipgk4hs,96,mock,DiscussionGRPWaitPage,1769554548,9,0,1
7k7yixs2,86,bti7obyj,2,presurvey,AudioCheck,1769554549,1,0,0
7k7yixs2,67,150mmjpu,101,mock,Discussion,1769554550,9,0,0
7k7yixs2,69,wc3zxmt3,101,mock,Discussion,1769554552,9,0,0
7k7yixs2,87,1xpl5z8j,0,,InitializeParticipant,1769554553,1,0,0
7k7yixs2,75,v1e4xigp,101,mock,Discussion,1769554553,9,0,0
7k7yixs2,82,fjmfv7hu,4,presurvey,Commitment,1769554559,1,0,0
7k7yixs2,76,xipgk4hs,101,mock,Discussion,1769554563,9,0,0
7k7yixs2,75,v1e4xigp,107,mock,DiscussionGRPWaitPage,1769554564,10,0,1
7k7yixs2,69,wc3zxmt3,107,mock,DiscussionGRPWaitPage,1769554564,10,0,1
7k7yixs2,67,150mmjpu,107,mock,DiscussionGRPWaitPage,1769554564,10,0,1
7k7yixs2,76,xipgk4hs,107,mock,DiscussionGRPWaitPage,1769554564,10,0,1
7k7yixs2,87,1xpl5z8j,1,presurvey,Introduction,1769554566,1,0,0
7k7yixs2,67,150mmjpu,112,mock,Discussion,1769554566,10,0,0
7k7yixs2,75,v1e4xigp,112,mock,Discussion,1769554566,10,0,0
7k7yixs2,69,wc3zxmt3,112,mock,Discussion,1769554567,10,0,0
7k7yixs2,86,bti7obyj,3,presurvey,Scenario,1769554573,1,0,0
7k7yixs2,76,xipgk4hs,112,mock,Discussion,1769554574,10,0,0
7k7yixs2,75,v1e4xigp,118,mock,DiscussionGRPWaitPage,1769554574,11,0,1
7k7yixs2,69,wc3zxmt3,118,mock,DiscussionGRPWaitPage,1769554574,11,0,1
7k7yixs2,67,150mmjpu,118,mock,DiscussionGRPWaitPage,1769554574,11,0,1
7k7yixs2,76,xipgk4hs,118,mock,DiscussionGRPWaitPage,1769554574,11,0,1
7k7yixs2,75,v1e4xigp,123,mock,Discussion,1769554576,11,0,0
7k7yixs2,67,150mmjpu,123,mock,Discussion,1769554577,11,0,0
7k7yixs2,87,1xpl5z8j,2,presurvey,AudioCheck,1769554578,1,0,0
7k7yixs2,69,wc3zxmt3,123,mock,Discussion,1769554581,11,0,0
7k7yixs2,76,xipgk4hs,123,mock,Discussion,1769554586,11,0,0
7k7yixs2,75,v1e4xigp,129,mock,DiscussionGRPWaitPage,1769554586,12,0,1
7k7yixs2,69,wc3zxmt3,129,mock,DiscussionGRPWaitPage,1769554586,12,0,1
7k7yixs2,67,150mmjpu,129,mock,DiscussionGRPWaitPage,1769554586,12,0,1
7k7yixs2,76,xipgk4hs,129,mock,DiscussionGRPWaitPage,1769554586,12,0,1
7k7yixs2,67,150mmjpu,134,mock,Discussion,1769554589,12,0,0
7k7yixs2,75,v1e4xigp,134,mock,Discussion,1769554590,12,0,0
7k7yixs2,69,wc3zxmt3,134,mock,Discussion,1769554591,12,0,0
7k7yixs2,76,xipgk4hs,134,mock,Discussion,1769554595,12,0,0
7k7yixs2,67,150mmjpu,140,mock,DiscussionGRPWaitPage,1769554595,13,0,1
7k7yixs2,75,v1e4xigp,140,mock,DiscussionGRPWaitPage,1769554595,13,0,1
7k7yixs2,69,wc3zxmt3,140,mock,DiscussionGRPWaitPage,1769554595,13,0,1
7k7yixs2,76,xipgk4hs,140,mock,DiscussionGRPWaitPage,1769554595,13,0,1
7k7yixs2,67,150mmjpu,145,mock,Discussion,1769554598,13,0,0
7k7yixs2,86,bti7obyj,4,presurvey,Commitment,1769554598,1,0,0
7k7yixs2,75,v1e4xigp,145,mock,Discussion,1769554598,13,0,0
7k7yixs2,88,hd5c0ipm,0,,InitializeParticipant,1769554598,1,0,0
7k7yixs2,69,wc3zxmt3,145,mock,Discussion,1769554599,13,0,0
7k7yixs2,87,1xpl5z8j,3,presurvey,Scenario,1769554602,1,0,0
7k7yixs2,76,xipgk4hs,145,mock,Discussion,1769554604,13,0,0
7k7yixs2,75,v1e4xigp,151,mock,DiscussionGRPWaitPage,1769554605,14,0,1
7k7yixs2,69,wc3zxmt3,151,mock,DiscussionGRPWaitPage,1769554605,14,0,1
7k7yixs2,67,150mmjpu,151,mock,DiscussionGRPWaitPage,1769554605,14,0,1
7k7yixs2,76,xipgk4hs,151,mock,DiscussionGRPWaitPage,1769554605,14,0,1
7k7yixs2,69,wc3zxmt3,156,mock,Discussion,1769554608,14,0,0
7k7yixs2,67,150mmjpu,156,mock,Discussion,1769554608,14,0,0
7k7yixs2,75,v1e4xigp,156,mock,Discussion,1769554610,14,0,0
7k7yixs2,89,dyo1rup9,0,,InitializeParticipant,1769554610,1,0,0
7k7yixs2,76,xipgk4hs,156,mock,Discussion,1769554612,14,0,0
7k7yixs2,75,v1e4xigp,162,mock,DiscussionGRPWaitPage,1769554613,15,0,1
7k7yixs2,69,wc3zxmt3,162,mock,DiscussionGRPWaitPage,1769554613,15,0,1
7k7yixs2,67,150mmjpu,162,mock,DiscussionGRPWaitPage,1769554613,15,0,1
7k7yixs2,76,xipgk4hs,162,mock,DiscussionGRPWaitPage,1769554613,15,0,1
7k7yixs2,88,hd5c0ipm,1,presurvey,Introduction,1769554613,1,0,0
7k7yixs2,69,wc3zxmt3,167,mock,Discussion,1769554615,15,0,0
7k7yixs2,67,150mmjpu,167,mock,Discussion,1769554616,15,0,0
7k7yixs2,76,xipgk4hs,167,mock,Discussion,1769554625,15,0,0
7k7yixs2,75,v1e4xigp,167,mock,Discussion,1769554632,15,0,0
7k7yixs2,75,v1e4xigp,173,mock,DiscussionGRPWaitPage,1769554632,16,0,1
7k7yixs2,69,wc3zxmt3,173,mock,DiscussionGRPWaitPage,1769554632,16,0,1
7k7yixs2,67,150mmjpu,173,mock,DiscussionGRPWaitPage,1769554632,16,0,1
7k7yixs2,76,xipgk4hs,173,mock,DiscussionGRPWaitPage,1769554632,16,0,1
7k7yixs2,75,v1e4xigp,178,mock,Discussion,1769554634,16,0,0
7k7yixs2,67,150mmjpu,178,mock,Discussion,1769554634,16,0,0
7k7yixs2,69,wc3zxmt3,178,mock,Discussion,1769554637,16,0,0
7k7yixs2,76,xipgk4hs,178,mock,Discussion,1769554645,16,0,0
7k7yixs2,69,wc3zxmt3,184,mock,DiscussionGRPWaitPage,1769554645,17,0,1
7k7yixs2,67,150mmjpu,184,mock,DiscussionGRPWaitPage,1769554645,17,0,1
7k7yixs2,76,xipgk4hs,184,mock,DiscussionGRPWaitPage,1769554645,17,0,1
7k7yixs2,75,v1e4xigp,184,mock,DiscussionGRPWaitPage,1769554645,17,0,1
7k7yixs2,67,150mmjpu,189,mock,Discussion,1769554647,17,0,0
7k7yixs2,69,wc3zxmt3,189,mock,Discussion,1769554649,17,0,0
7k7yixs2,75,v1e4xigp,189,mock,Discussion,1769554650,17,0,0
7k7yixs2,76,xipgk4hs,189,mock,Discussion,1769554655,17,0,0
7k7yixs2,67,150mmjpu,195,mock,DiscussionGRPWaitPage,1769554656,18,0,1
7k7yixs2,76,xipgk4hs,195,mock,DiscussionGRPWaitPage,1769554656,18,0,1
7k7yixs2,75,v1e4xigp,195,mock,DiscussionGRPWaitPage,1769554656,18,0,1
7k7yixs2,69,wc3zxmt3,195,mock,DiscussionGRPWaitPage,1769554656,18,0,1
7k7yixs2,75,v1e4xigp,200,mock,Discussion,1769554658,18,0,0
7k7yixs2,67,150mmjpu,200,mock,Discussion,1769554658,18,0,0
7k7yixs2,69,wc3zxmt3,200,mock,Discussion,1769554659,18,0,0
7k7yixs2,76,xipgk4hs,200,mock,Discussion,1769554662,18,0,0
7k7yixs2,67,150mmjpu,206,mock,DiscussionGRPWaitPage,1769554663,19,0,1
7k7yixs2,76,xipgk4hs,206,mock,DiscussionGRPWaitPage,1769554663,19,0,1
7k7yixs2,75,v1e4xigp,206,mock,DiscussionGRPWaitPage,1769554663,19,0,1
7k7yixs2,69,wc3zxmt3,206,mock,DiscussionGRPWaitPage,1769554663,19,0,1
7k7yixs2,75,v1e4xigp,211,mock,Discussion,1769554665,19,0,0
7k7yixs2,69,wc3zxmt3,211,mock,Discussion,1769554666,19,0,0
7k7yixs2,67,150mmjpu,211,mock,Discussion,1769554666,19,0,0
7k7yixs2,76,xipgk4hs,211,mock,Discussion,1769554671,19,0,0
7k7yixs2,75,v1e4xigp,217,mock,DiscussionGRPWaitPage,1769554672,20,0,1
7k7yixs2,69,wc3zxmt3,217,mock,DiscussionGRPWaitPage,1769554672,20,0,1
7k7yixs2,67,150mmjpu,217,mock,DiscussionGRPWaitPage,1769554672,20,0,1
7k7yixs2,76,xipgk4hs,217,mock,DiscussionGRPWaitPage,1769554672,20,0,1
7k7yixs2,67,150mmjpu,222,mock,Discussion,1769554674,20,0,0
7k7yixs2,88,hd5c0ipm,2,presurvey,AudioCheck,1769554674,1,0,0
7k7yixs2,75,v1e4xigp,222,mock,Discussion,1769554675,20,0,0
7k7yixs2,69,wc3zxmt3,222,mock,Discussion,1769554677,20,0,0
7k7yixs2,76,xipgk4hs,222,mock,Discussion,1769554681,20,0,0
7k7yixs2,67,150mmjpu,223,mock,FinalRoundWaitPage,1769554681,20,0,1
7k7yixs2,75,v1e4xigp,223,mock,FinalRoundWaitPage,1769554681,20,0,1
7k7yixs2,69,wc3zxmt3,223,mock,FinalRoundWaitPage,1769554681,20,0,1
7k7yixs2,76,xipgk4hs,223,mock,FinalRoundWaitPage,1769554681,20,0,1
7k7yixs2,75,v1e4xigp,224,mock,FinalRound,1769554687,20,0,0
7k7yixs2,69,wc3zxmt3,224,mock,FinalRound,1769554690,20,0,0
7k7yixs2,67,150mmjpu,224,mock,FinalRound,1769554691,20,0,0
7k7yixs2,89,dyo1rup9,1,presurvey,Introduction,1769554699,1,0,0
7k7yixs2,76,xipgk4hs,224,mock,FinalRound,1769554702,20,0,0
7k7yixs2,89,dyo1rup9,2,presurvey,AudioCheck,1769554715,1,0,0
7k7yixs2,88,hd5c0ipm,3,presurvey,Scenario,1769554724,1,0,0
7k7yixs2,89,dyo1rup9,3,presurvey,Scenario,1769554749,1,0,0
7k7yixs2,89,dyo1rup9,4,presurvey,Commitment,1769554764,1,0,0
7k7yixs2,88,hd5c0ipm,4,presurvey,Commitment,1769554772,1,0,0
7k7yixs2,90,ccjki9kz,0,,InitializeParticipant,1769554823,1,0,0
7k7yixs2,90,ccjki9kz,1,presurvey,Introduction,1769554861,1,0,0
7k7yixs2,91,3s1ugk3p,0,,InitializeParticipant,1769554862,1,0,0
7k7yixs2,91,3s1ugk3p,1,presurvey,Introduction,1769554888,1,0,0
7k7yixs2,90,ccjki9kz,2,presurvey,AudioCheck,1769554898,1,0,0
7k7yixs2,91,3s1ugk3p,2,presurvey,AudioCheck,1769554922,1,0,0
7k7yixs2,91,3s1ugk3p,3,presurvey,Scenario,1769554950,1,0,0
7k7yixs2,90,ccjki9kz,3,presurvey,Scenario,1769554955,1,0,0
7k7yixs2,91,3s1ugk3p,4,presurvey,Commitment,1769554995,1,0,0
7k7yixs2,77,mrtfd1l2,5,mock,GroupingWaitPage,1769554996,1,0,1
7k7yixs2,80,t7m5se74,5,mock,GroupingWaitPage,1769554996,1,0,1
7k7yixs2,82,fjmfv7hu,5,mock,GroupingWaitPage,1769554996,1,0,1
7k7yixs2,91,3s1ugk3p,5,mock,GroupingWaitPage,1769554996,1,0,1
7k7yixs2,77,mrtfd1l2,6,mock,GroupSizeWaitPage,1769554996,1,0,1
7k7yixs2,80,t7m5se74,6,mock,GroupSizeWaitPage,1769554996,1,0,1
7k7yixs2,82,fjmfv7hu,6,mock,GroupSizeWaitPage,1769554996,1,0,1
7k7yixs2,91,3s1ugk3p,6,mock,GroupSizeWaitPage,1769554996,1,0,1
7k7yixs2,82,fjmfv7hu,8,mock,DiscussionGRPWaitPage,1769554996,1,0,1
7k7yixs2,77,mrtfd1l2,8,mock,DiscussionGRPWaitPage,1769554996,1,0,1
7k7yixs2,80,t7m5se74,8,mock,DiscussionGRPWaitPage,1769554996,1,0,1
7k7yixs2,91,3s1ugk3p,8,mock,DiscussionGRPWaitPage,1769554996,1,0,1
7k7yixs2,77,mrtfd1l2,12,mock,Phase3,1769555003,1,0,0
7k7yixs2,80,t7m5se74,12,mock,Phase3,1769555005,1,0,0
7k7yixs2,90,ccjki9kz,4,presurvey,Commitment,1769555008,1,0,0
7k7yixs2,80,t7m5se74,13,mock,Discussion,1769555015,1,0,0
7k7yixs2,77,mrtfd1l2,13,mock,Discussion,1769555015,1,0,0
7k7yixs2,91,3s1ugk3p,12,mock,Phase3,1769555017,1,0,0
7k7yixs2,82,fjmfv7hu,12,mock,Phase3,1769555023,1,0,0
7k7yixs2,82,fjmfv7hu,13,mock,Discussion,1769555035,1,0,0
7k7yixs2,91,3s1ugk3p,13,mock,Discussion,1769555057,1,0,0
7k7yixs2,82,fjmfv7hu,19,mock,DiscussionGRPWaitPage,1769555057,2,0,1
7k7yixs2,77,mrtfd1l2,19,mock,DiscussionGRPWaitPage,1769555057,2,0,1
7k7yixs2,80,t7m5se74,19,mock,DiscussionGRPWaitPage,1769555057,2,0,1
7k7yixs2,91,3s1ugk3p,19,mock,DiscussionGRPWaitPage,1769555057,2,0,1
7k7yixs2,80,t7m5se74,24,mock,Discussion,1769555068,2,0,0
7k7yixs2,82,fjmfv7hu,24,mock,Discussion,1769555070,2,0,0
7k7yixs2,77,mrtfd1l2,24,mock,Discussion,1769555072,2,0,0
7k7yixs2,91,3s1ugk3p,24,mock,Discussion,1769555088,2,0,0
7k7yixs2,82,fjmfv7hu,30,mock,DiscussionGRPWaitPage,1769555088,3,0,1
7k7yixs2,77,mrtfd1l2,30,mock,DiscussionGRPWaitPage,1769555088,3,0,1
7k7yixs2,80,t7m5se74,30,mock,DiscussionGRPWaitPage,1769555088,3,0,1
7k7yixs2,91,3s1ugk3p,30,mock,DiscussionGRPWaitPage,1769555088,3,0,1
7k7yixs2,77,mrtfd1l2,35,mock,Discussion,1769555093,3,0,0
7k7yixs2,92,g3ecm5xr,0,,InitializeParticipant,1769555097,1,0,0
7k7yixs2,80,t7m5se74,35,mock,Discussion,1769555097,3,0,0
7k7yixs2,82,fjmfv7hu,35,mock,Discussion,1769555102,3,0,0
7k7yixs2,93,e9x7rdqf,0,,InitializeParticipant,1769555104,1,0,0
7k7yixs2,94,5e98v871,0,,InitializeParticipant,1769555110,1,0,0
7k7yixs2,91,3s1ugk3p,35,mock,Discussion,1769555110,3,0,0
7k7yixs2,82,fjmfv7hu,41,mock,DiscussionGRPWaitPage,1769555110,4,0,1
7k7yixs2,77,mrtfd1l2,41,mock,DiscussionGRPWaitPage,1769555110,4,0,1
7k7yixs2,80,t7m5se74,41,mock,DiscussionGRPWaitPage,1769555110,4,0,1
7k7yixs2,91,3s1ugk3p,41,mock,DiscussionGRPWaitPage,1769555110,4,0,1
7k7yixs2,82,fjmfv7hu,46,mock,Discussion,1769555114,4,0,0
7k7yixs2,77,mrtfd1l2,46,mock,Discussion,1769555115,4,0,0
7k7yixs2,80,t7m5se74,46,mock,Discussion,1769555116,4,0,0
7k7yixs2,91,3s1ugk3p,46,mock,Discussion,1769555117,4,0,0
7k7yixs2,82,fjmfv7hu,52,mock,DiscussionGRPWaitPage,1769555117,5,0,1
7k7yixs2,77,mrtfd1l2,52,mock,DiscussionGRPWaitPage,1769555117,5,0,1
7k7yixs2,80,t7m5se74,52,mock,DiscussionGRPWaitPage,1769555117,5,0,1
7k7yixs2,91,3s1ugk3p,52,mock,DiscussionGRPWaitPage,1769555117,5,0,1
7k7yixs2,94,5e98v871,1,presurvey,Introduction,1769555119,1,0,0
7k7yixs2,77,mrtfd1l2,57,mock,Discussion,1769555121,5,0,0
7k7yixs2,82,fjmfv7hu,57,mock,Discussion,1769555123,5,0,0
7k7yixs2,80,t7m5se74,57,mock,Discussion,1769555124,5,0,0
7k7yixs2,92,g3ecm5xr,1,presurvey,Introduction,1769555124,1,0,0
7k7yixs2,91,3s1ugk3p,57,mock,Discussion,1769555127,5,0,0
7k7yixs2,82,fjmfv7hu,63,mock,DiscussionGRPWaitPage,1769555128,6,0,1
7k7yixs2,77,mrtfd1l2,63,mock,DiscussionGRPWaitPage,1769555128,6,0,1
7k7yixs2,80,t7m5se74,63,mock,DiscussionGRPWaitPage,1769555128,6,0,1
7k7yixs2,91,3s1ugk3p,63,mock,DiscussionGRPWaitPage,1769555128,6,0,1
7k7yixs2,82,fjmfv7hu,68,mock,Discussion,1769555130,6,0,0
7k7yixs2,94,5e98v871,2,presurvey,AudioCheck,1769555131,1,0,0
7k7yixs2,77,mrtfd1l2,68,mock,Discussion,1769555132,6,0,0
7k7yixs2,80,t7m5se74,68,mock,Discussion,1769555133,6,0,0
7k7yixs2,91,3s1ugk3p,68,mock,Discussion,1769555138,6,0,0
7k7yixs2,82,fjmfv7hu,74,mock,DiscussionGRPWaitPage,1769555138,7,0,1
7k7yixs2,77,mrtfd1l2,74,mock,DiscussionGRPWaitPage,1769555138,7,0,1
7k7yixs2,80,t7m5se74,74,mock,DiscussionGRPWaitPage,1769555138,7,0,1
7k7yixs2,91,3s1ugk3p,74,mock,DiscussionGRPWaitPage,1769555138,7,0,1
7k7yixs2,77,mrtfd1l2,79,mock,Discussion,1769555142,7,0,0
7k7yixs2,80,t7m5se74,79,mock,Discussion,1769555144,7,0,0
7k7yixs2,82,fjmfv7hu,79,mock,Discussion,1769555144,7,0,0
7k7yixs2,91,3s1ugk3p,79,mock,Discussion,1769555145,7,0,0
7k7yixs2,91,3s1ugk3p,85,mock,DiscussionGRPWaitPage,1769555145,8,0,1
7k7yixs2,82,fjmfv7hu,85,mock,DiscussionGRPWaitPage,1769555145,8,0,1
7k7yixs2,77,mrtfd1l2,85,mock,DiscussionGRPWaitPage,1769555145,8,0,1
7k7yixs2,80,t7m5se74,85,mock,DiscussionGRPWaitPage,1769555145,8,0,1
7k7yixs2,82,fjmfv7hu,90,mock,Discussion,1769555146,8,0,0
7k7yixs2,77,mrtfd1l2,90,mock,Discussion,1769555149,8,0,0
7k7yixs2,80,t7m5se74,90,mock,Discussion,1769555155,8,0,0
7k7yixs2,94,5e98v871,3,presurvey,Scenario,1769555155,1,0,0
7k7yixs2,91,3s1ugk3p,90,mock,Discussion,1769555157,8,0,0
7k7yixs2,82,fjmfv7hu,96,mock,DiscussionGRPWaitPage,1769555157,9,0,1
7k7yixs2,77,mrtfd1l2,96,mock,DiscussionGRPWaitPage,1769555157,9,0,1
7k7yixs2,80,t7m5se74,96,mock,DiscussionGRPWaitPage,1769555157,9,0,1
7k7yixs2,91,3s1ugk3p,96,mock,DiscussionGRPWaitPage,1769555157,9,0,1
7k7yixs2,77,mrtfd1l2,101,mock,Discussion,1769555160,9,0,0
7k7yixs2,80,t7m5se74,101,mock,Discussion,1769555162,9,0,0
7k7yixs2,91,3s1ugk3p,101,mock,Discussion,1769555163,9,0,0
7k7yixs2,82,fjmfv7hu,101,mock,Discussion,1769555167,9,0,0
7k7yixs2,82,fjmfv7hu,107,mock,DiscussionGRPWaitPage,1769555167,10,0,1
7k7yixs2,77,mrtfd1l2,107,mock,DiscussionGRPWaitPage,1769555167,10,0,1
7k7yixs2,80,t7m5se74,107,mock,DiscussionGRPWaitPage,1769555167,10,0,1
7k7yixs2,91,3s1ugk3p,107,mock,DiscussionGRPWaitPage,1769555167,10,0,1
7k7yixs2,95,mk70ckxd,0,,InitializeParticipant,1769555168,1,0,0
7k7yixs2,82,fjmfv7hu,112,mock,Discussion,1769555169,10,0,0
7k7yixs2,77,mrtfd1l2,112,mock,Discussion,1769555170,10,0,0
7k7yixs2,91,3s1ugk3p,112,mock,Discussion,1769555172,10,0,0
7k7yixs2,80,t7m5se74,112,mock,Discussion,1769555173,10,0,0
7k7yixs2,82,fjmfv7hu,118,mock,DiscussionGRPWaitPage,1769555174,11,0,1
7k7yixs2,77,mrtfd1l2,118,mock,DiscussionGRPWaitPage,1769555174,11,0,1
7k7yixs2,80,t7m5se74,118,mock,DiscussionGRPWaitPage,1769555174,11,0,1
7k7yixs2,91,3s1ugk3p,118,mock,DiscussionGRPWaitPage,1769555174,11,0,1
7k7yixs2,82,fjmfv7hu,123,mock,Discussion,1769555176,11,0,0
7k7yixs2,77,mrtfd1l2,123,mock,Discussion,1769555176,11,0,0
7k7yixs2,80,t7m5se74,123,mock,Discussion,1769555179,11,0,0
7k7yixs2,95,mk70ckxd,1,presurvey,Introduction,1769555183,1,0,0
7k7yixs2,92,g3ecm5xr,2,presurvey,AudioCheck,1769555185,1,0,0
7k7yixs2,94,5e98v871,4,presurvey,Commitment,1769555187,1,0,0
7k7yixs2,96,vr7ohd8b,0,,InitializeParticipant,1769555191,1,0,0
7k7yixs2,91,3s1ugk3p,123,mock,Discussion,1769555205,11,1,0
7k7yixs2,82,fjmfv7hu,129,mock,DiscussionGRPWaitPage,1769555206,12,0,1
7k7yixs2,80,t7m5se74,129,mock,DiscussionGRPWaitPage,1769555206,12,0,1
7k7yixs2,77,mrtfd1l2,129,mock,DiscussionGRPWaitPage,1769555206,12,0,1
7k7yixs2,91,3s1ugk3p,129,mock,DiscussionGRPWaitPage,1769555206,12,0,1
7k7yixs2,95,mk70ckxd,2,presurvey,AudioCheck,1769555207,1,0,0
7k7yixs2,96,vr7ohd8b,1,presurvey,Introduction,1769555208,1,0,0
7k7yixs2,77,mrtfd1l2,134,mock,Discussion,1769555209,12,0,0
7k7yixs2,80,t7m5se74,134,mock,Discussion,1769555209,12,0,0
7k7yixs2,91,3s1ugk3p,134,mock,Discussion,1769555211,12,0,0
7k7yixs2,82,fjmfv7hu,134,mock,Discussion,1769555213,12,0,0
7k7yixs2,82,fjmfv7hu,140,mock,DiscussionGRPWaitPage,1769555214,13,0,1
7k7yixs2,77,mrtfd1l2,140,mock,DiscussionGRPWaitPage,1769555214,13,0,1
7k7yixs2,80,t7m5se74,140,mock,DiscussionGRPWaitPage,1769555214,13,0,1
7k7yixs2,91,3s1ugk3p,140,mock,DiscussionGRPWaitPage,1769555214,13,0,1
7k7yixs2,82,fjmfv7hu,145,mock,Discussion,1769555215,13,0,0
7k7yixs2,77,mrtfd1l2,145,mock,Discussion,1769555217,13,0,0
7k7yixs2,80,t7m5se74,145,mock,Discussion,1769555219,13,0,0
7k7yixs2,91,3s1ugk3p,145,mock,Discussion,1769555219,13,0,0
7k7yixs2,82,fjmfv7hu,151,mock,DiscussionGRPWaitPage,1769555220,14,0,1
7k7yixs2,77,mrtfd1l2,151,mock,DiscussionGRPWaitPage,1769555220,14,0,1
7k7yixs2,80,t7m5se74,151,mock,DiscussionGRPWaitPage,1769555220,14,0,1
7k7yixs2,91,3s1ugk3p,151,mock,DiscussionGRPWaitPage,1769555220,14,0,1
7k7yixs2,77,mrtfd1l2,156,mock,Discussion,1769555223,14,0,0
7k7yixs2,91,3s1ugk3p,156,mock,Discussion,1769555225,14,0,0
7k7yixs2,82,fjmfv7hu,156,mock,Discussion,1769555226,14,0,0
7k7yixs2,80,t7m5se74,156,mock,Discussion,1769555227,14,0,0
7k7yixs2,82,fjmfv7hu,162,mock,DiscussionGRPWaitPage,1769555228,15,0,1
7k7yixs2,91,3s1ugk3p,162,mock,DiscussionGRPWaitPage,1769555228,15,0,1
7k7yixs2,77,mrtfd1l2,162,mock,DiscussionGRPWaitPage,1769555228,15,0,1
7k7yixs2,80,t7m5se74,162,mock,DiscussionGRPWaitPage,1769555228,15,0,1
7k7yixs2,77,mrtfd1l2,167,mock,Discussion,1769555230,15,0,0
7k7yixs2,82,fjmfv7hu,167,mock,Discussion,1769555230,15,0,0
7k7yixs2,97,g8v0vrlm,0,,InitializeParticipant,1769555232,1,0,0
7k7yixs2,80,t7m5se74,167,mock,Discussion,1769555234,15,0,0
7k7yixs2,96,vr7ohd8b,2,presurvey,AudioCheck,1769555237,1,0,0
7k7yixs2,98,x822y7hl,0,,InitializeParticipant,1769555239,1,0,0
7k7yixs2,98,x822y7hl,1,presurvey,Introduction,1769555242,1,0,0
7k7yixs2,91,3s1ugk3p,167,mock,Discussion,1769555259,15,1,0
7k7yixs2,82,fjmfv7hu,173,mock,DiscussionGRPWaitPage,1769555259,16,0,1
7k7yixs2,77,mrtfd1l2,173,mock,DiscussionGRPWaitPage,1769555259,16,0,1
7k7yixs2,80,t7m5se74,173,mock,DiscussionGRPWaitPage,1769555259,16,0,1
7k7yixs2,91,3s1ugk3p,173,mock,DiscussionGRPWaitPage,1769555259,16,0,1
7k7yixs2,98,x822y7hl,2,presurvey,AudioCheck,1769555260,1,0,0
7k7yixs2,95,mk70ckxd,3,presurvey,Scenario,1769555261,1,0,0
7k7yixs2,80,t7m5se74,178,mock,Discussion,1769555263,16,0,0
7k7yixs2,77,mrtfd1l2,178,mock,Discussion,1769555263,16,0,0
7k7yixs2,82,fjmfv7hu,178,mock,Discussion,1769555263,16,0,0
7k7yixs2,91,3s1ugk3p,178,mock,Discussion,1769555263,16,0,0
7k7yixs2,82,fjmfv7hu,184,mock,DiscussionGRPWaitPage,1769555264,17,0,1
7k7yixs2,77,mrtfd1l2,184,mock,DiscussionGRPWaitPage,1769555264,17,0,1
7k7yixs2,80,t7m5se74,184,mock,DiscussionGRPWaitPage,1769555264,17,0,1
7k7yixs2,91,3s1ugk3p,184,mock,DiscussionGRPWaitPage,1769555264,17,0,1
7k7yixs2,82,fjmfv7hu,189,mock,Discussion,1769555267,17,0,0
7k7yixs2,77,mrtfd1l2,189,mock,Discussion,1769555267,17,0,0
7k7yixs2,92,g3ecm5xr,3,presurvey,Scenario,1769555269,1,0,0
7k7yixs2,91,3s1ugk3p,189,mock,Discussion,1769555269,17,0,0
7k7yixs2,80,t7m5se74,189,mock,Discussion,1769555269,17,0,0
7k7yixs2,82,fjmfv7hu,195,mock,DiscussionGRPWaitPage,1769555269,18,0,1
7k7yixs2,77,mrtfd1l2,195,mock,DiscussionGRPWaitPage,1769555269,18,0,1
7k7yixs2,80,t7m5se74,195,mock,DiscussionGRPWaitPage,1769555269,18,0,1
7k7yixs2,91,3s1ugk3p,195,mock,DiscussionGRPWaitPage,1769555269,18,0,1
7k7yixs2,82,fjmfv7hu,200,mock,Discussion,1769555271,18,0,0
7k7yixs2,80,t7m5se74,200,mock,Discussion,1769555272,18,0,0
7k7yixs2,77,mrtfd1l2,200,mock,Discussion,1769555272,18,0,0
7k7yixs2,97,g8v0vrlm,1,presurvey,Introduction,1769555274,1,0,0
7k7yixs2,83,25kgh63b,3,presurvey,Scenario,1769555285,1,0,0
7k7yixs2,98,x822y7hl,3,presurvey,Scenario,1769555297,1,0,0
7k7yixs2,91,3s1ugk3p,200,mock,Discussion,1769555301,18,1,0
7k7yixs2,82,fjmfv7hu,206,mock,DiscussionGRPWaitPage,1769555301,19,0,1
7k7yixs2,77,mrtfd1l2,206,mock,DiscussionGRPWaitPage,1769555301,19,0,1
7k7yixs2,80,t7m5se74,206,mock,DiscussionGRPWaitPage,1769555301,19,0,1
7k7yixs2,91,3s1ugk3p,206,mock,DiscussionGRPWaitPage,1769555301,19,0,1
7k7yixs2,80,t7m5se74,211,mock,Discussion,1769555304,19,0,0
7k7yixs2,77,mrtfd1l2,211,mock,Discussion,1769555305,19,0,0
7k7yixs2,93,e9x7rdqf,1,presurvey,Introduction,1769555306,1,0,0
7k7yixs2,82,fjmfv7hu,211,mock,Discussion,1769555309,19,0,0
7k7yixs2,97,g8v0vrlm,2,presurvey,AudioCheck,1769555311,1,0,0
7k7yixs2,91,3s1ugk3p,211,mock,Discussion,1769555324,19,0,0
7k7yixs2,82,fjmfv7hu,217,mock,DiscussionGRPWaitPage,1769555325,20,0,1
7k7yixs2,77,mrtfd1l2,217,mock,DiscussionGRPWaitPage,1769555325,20,0,1
7k7yixs2,80,t7m5se74,217,mock,DiscussionGRPWaitPage,1769555325,20,0,1
7k7yixs2,91,3s1ugk3p,217,mock,DiscussionGRPWaitPage,1769555325,20,0,1
7k7yixs2,82,fjmfv7hu,222,mock,Discussion,1769555327,20,0,0
7k7yixs2,77,mrtfd1l2,222,mock,Discussion,1769555328,20,0,0
7k7yixs2,91,3s1ugk3p,222,mock,Discussion,1769555329,20,0,0
7k7yixs2,80,t7m5se74,222,mock,Discussion,1769555329,20,0,0
7k7yixs2,91,3s1ugk3p,223,mock,FinalRoundWaitPage,1769555329,20,0,1
7k7yixs2,80,t7m5se74,223,mock,FinalRoundWaitPage,1769555329,20,0,1
7k7yixs2,82,fjmfv7hu,223,mock,FinalRoundWaitPage,1769555329,20,0,1
7k7yixs2,77,mrtfd1l2,223,mock,FinalRoundWaitPage,1769555329,20,0,1
7k7yixs2,92,g3ecm5xr,4,presurvey,Commitment,1769555331,1,0,0
7k7yixs2,82,fjmfv7hu,224,mock,FinalRound,1769555335,20,0,0
7k7yixs2,99,mh38kpdw,0,,InitializeParticipant,1769555336,1,0,0
7k7yixs2,80,t7m5se74,224,mock,FinalRound,1769555336,20,0,0
7k7yixs2,77,mrtfd1l2,224,mock,FinalRound,1769555337,20,0,0
7k7yixs2,91,3s1ugk3p,224,mock,FinalRound,1769555339,20,0,0
7k7yixs2,97,g8v0vrlm,3,presurvey,Scenario,1769555351,1,0,0
7k7yixs2,93,e9x7rdqf,2,presurvey,AudioCheck,1769555353,1,0,0
7k7yixs2,99,mh38kpdw,1,presurvey,Introduction,1769555354,1,0,0
7k7yixs2,96,vr7ohd8b,3,presurvey,Scenario,1769555392,1,0,0
7k7yixs2,93,e9x7rdqf,3,presurvey,Scenario,1769555415,1,0,0
7k7yixs2,100,dshs58g8,0,,InitializeParticipant,1769555450,1,0,0
7k7yixs2,100,dshs58g8,1,presurvey,Introduction,1769555483,1,0,0
7k7yixs2,93,e9x7rdqf,4,presurvey,Commitment,1769555508,1,0,0
7k7yixs2,101,8zuu0dmc,0,,InitializeParticipant,1769555509,1,0,0
7k7yixs2,90,ccjki9kz,5,mock,GroupingWaitPage,1769555513,1,0,1
7k7yixs2,92,g3ecm5xr,5,mock,GroupingWaitPage,1769555513,1,0,1
7k7yixs2,93,e9x7rdqf,5,mock,GroupingWaitPage,1769555513,1,0,1
7k7yixs2,94,5e98v871,5,mock,GroupingWaitPage,1769555513,1,0,1
7k7yixs2,90,ccjki9kz,6,mock,GroupSizeWaitPage,1769555514,1,0,1
7k7yixs2,92,g3ecm5xr,6,mock,GroupSizeWaitPage,1769555514,1,0,1
7k7yixs2,93,e9x7rdqf,6,mock,GroupSizeWaitPage,1769555514,1,0,1
7k7yixs2,94,5e98v871,6,mock,GroupSizeWaitPage,1769555514,1,0,1
7k7yixs2,92,g3ecm5xr,8,mock,DiscussionGRPWaitPage,1769555514,1,0,1
7k7yixs2,93,e9x7rdqf,8,mock,DiscussionGRPWaitPage,1769555514,1,0,1
7k7yixs2,90,ccjki9kz,8,mock,DiscussionGRPWaitPage,1769555514,1,0,1
7k7yixs2,94,5e98v871,8,mock,DiscussionGRPWaitPage,1769555514,1,0,1
7k7yixs2,92,g3ecm5xr,12,mock,Phase3,1769555523,1,0,0
7k7yixs2,100,dshs58g8,2,presurvey,AudioCheck,1769555524,1,0,0
7k7yixs2,101,8zuu0dmc,1,presurvey,Introduction,1769555525,1,0,0
7k7yixs2,102,qio03tml,0,,InitializeParticipant,1769555527,1,0,0
7k7yixs2,90,ccjki9kz,12,mock,Phase3,1769555529,1,0,0
7k7yixs2,94,5e98v871,12,mock,Phase3,1769555531,1,0,0
7k7yixs2,99,mh38kpdw,2,presurvey,AudioCheck,1769555531,1,0,0
7k7yixs2,102,qio03tml,1,presurvey,Introduction,1769555532,1,0,0
7k7yixs2,94,5e98v871,13,mock,Discussion,1769555536,1,0,0
7k7yixs2,92,g3ecm5xr,13,mock,Discussion,1769555537,1,0,0
7k7yixs2,90,ccjki9kz,13,mock,Discussion,1769555538,1,0,0
7k7yixs2,101,8zuu0dmc,2,presurvey,AudioCheck,1769555541,1,0,0
7k7yixs2,100,dshs58g8,3,presurvey,Scenario,1769555559,1,0,0
7k7yixs2,93,e9x7rdqf,12,mock,Phase3,1769555561,1,1,0
7k7yixs2,103,ihbi32t7,0,,InitializeParticipant,1769555568,1,0,0
7k7yixs2,102,qio03tml,2,presurvey,AudioCheck,1769555569,1,0,0
7k7yixs2,93,e9x7rdqf,13,mock,Discussion,1769555573,1,0,0
7k7yixs2,92,g3ecm5xr,19,mock,DiscussionGRPWaitPage,1769555574,2,0,1
7k7yixs2,93,e9x7rdqf,19,mock,DiscussionGRPWaitPage,1769555574,2,0,1
7k7yixs2,90,ccjki9kz,19,mock,DiscussionGRPWaitPage,1769555574,2,0,1
7k7yixs2,94,5e98v871,19,mock,DiscussionGRPWaitPage,1769555574,2,0,1
7k7yixs2,103,ihbi32t7,1,presurvey,Introduction,1769555574,1,0,0
7k7yixs2,94,5e98v871,24,mock,Discussion,1769555578,2,0,0
7k7yixs2,90,ccjki9kz,24,mock,Discussion,1769555588,2,0,0
7k7yixs2,99,mh38kpdw,3,presurvey,Scenario,1769555590,1,0,0
7k7yixs2,103,ihbi32t7,2,presurvey,AudioCheck,1769555592,1,0,0
7k7yixs2,93,e9x7rdqf,24,mock,Discussion,1769555599,2,0,0
7k7yixs2,92,g3ecm5xr,24,mock,Discussion,1769555609,2,0,0
7k7yixs2,92,g3ecm5xr,30,mock,DiscussionGRPWaitPage,1769555609,3,0,1
7k7yixs2,93,e9x7rdqf,30,mock,DiscussionGRPWaitPage,1769555609,3,0,1
7k7yixs2,90,ccjki9kz,30,mock,DiscussionGRPWaitPage,1769555609,3,0,1
7k7yixs2,94,5e98v871,30,mock,DiscussionGRPWaitPage,1769555609,3,0,1
7k7yixs2,101,8zuu0dmc,3,presurvey,Scenario,1769555612,1,0,0
7k7yixs2,94,5e98v871,35,mock,Discussion,1769555613,3,0,0
7k7yixs2,90,ccjki9kz,35,mock,Discussion,1769555616,3,0,0
7k7yixs2,92,g3ecm5xr,35,mock,Discussion,1769555623,3,0,0
7k7yixs2,93,e9x7rdqf,35,mock,Discussion,1769555627,3,0,0
7k7yixs2,92,g3ecm5xr,41,mock,DiscussionGRPWaitPage,1769555628,4,0,1
7k7yixs2,93,e9x7rdqf,41,mock,DiscussionGRPWaitPage,1769555628,4,0,1
7k7yixs2,90,ccjki9kz,41,mock,DiscussionGRPWaitPage,1769555628,4,0,1
7k7yixs2,94,5e98v871,41,mock,DiscussionGRPWaitPage,1769555628,4,0,1
7k7yixs2,90,ccjki9kz,46,mock,Discussion,1769555632,4,0,0
7k7yixs2,94,5e98v871,46,mock,Discussion,1769555632,4,0,0
7k7yixs2,92,g3ecm5xr,46,mock,Discussion,1769555634,4,0,0
7k7yixs2,93,e9x7rdqf,46,mock,Discussion,1769555636,4,0,0
7k7yixs2,92,g3ecm5xr,52,mock,DiscussionGRPWaitPage,1769555637,5,0,1
7k7yixs2,93,e9x7rdqf,52,mock,DiscussionGRPWaitPage,1769555637,5,0,1
7k7yixs2,90,ccjki9kz,52,mock,DiscussionGRPWaitPage,1769555637,5,0,1
7k7yixs2,94,5e98v871,52,mock,DiscussionGRPWaitPage,1769555637,5,0,1
7k7yixs2,101,8zuu0dmc,4,presurvey,Commitment,1769555641,1,0,0
7k7yixs2,90,ccjki9kz,57,mock,Discussion,1769555643,5,0,0
7k7yixs2,93,e9x7rdqf,57,mock,Discussion,1769555643,5,0,0
7k7yixs2,92,g3ecm5xr,57,mock,Discussion,1769555644,5,0,0
7k7yixs2,94,5e98v871,57,mock,Discussion,1769555644,5,0,0
7k7yixs2,92,g3ecm5xr,63,mock,DiscussionGRPWaitPage,1769555644,6,0,1
7k7yixs2,93,e9x7rdqf,63,mock,DiscussionGRPWaitPage,1769555644,6,0,1
7k7yixs2,90,ccjki9kz,63,mock,DiscussionGRPWaitPage,1769555644,6,0,1
7k7yixs2,94,5e98v871,63,mock,DiscussionGRPWaitPage,1769555644,6,0,1
7k7yixs2,94,5e98v871,68,mock,Discussion,1769555646,6,0,0
7k7yixs2,90,ccjki9kz,68,mock,Discussion,1769555648,6,0,0
7k7yixs2,92,g3ecm5xr,68,mock,Discussion,1769555651,6,0,0
7k7yixs2,93,e9x7rdqf,68,mock,Discussion,1769555661,6,0,0
7k7yixs2,90,ccjki9kz,74,mock,DiscussionGRPWaitPage,1769555661,7,0,1
7k7yixs2,94,5e98v871,74,mock,DiscussionGRPWaitPage,1769555661,7,0,1
7k7yixs2,92,g3ecm5xr,74,mock,DiscussionGRPWaitPage,1769555661,7,0,1
7k7yixs2,93,e9x7rdqf,74,mock,DiscussionGRPWaitPage,1769555661,7,0,1
7k7yixs2,90,ccjki9kz,79,mock,Discussion,1769555665,7,0,0
7k7yixs2,94,5e98v871,79,mock,Discussion,1769555666,7,0,0
7k7yixs2,92,g3ecm5xr,79,mock,Discussion,1769555667,7,0,0
7k7yixs2,93,e9x7rdqf,79,mock,Discussion,1769555676,7,0,0
7k7yixs2,90,ccjki9kz,85,mock,DiscussionGRPWaitPage,1769555676,8,0,1
7k7yixs2,92,g3ecm5xr,85,mock,DiscussionGRPWaitPage,1769555676,8,0,1
7k7yixs2,93,e9x7rdqf,85,mock,DiscussionGRPWaitPage,1769555676,8,0,1
7k7yixs2,94,5e98v871,85,mock,DiscussionGRPWaitPage,1769555676,8,0,1
7k7yixs2,90,ccjki9kz,90,mock,Discussion,1769555680,8,0,0
7k7yixs2,94,5e98v871,90,mock,Discussion,1769555681,8,0,0
7k7yixs2,92,g3ecm5xr,90,mock,Discussion,1769555682,8,0,0
7k7yixs2,93,e9x7rdqf,90,mock,Discussion,1769555682,8,0,0
7k7yixs2,92,g3ecm5xr,96,mock,DiscussionGRPWaitPage,1769555682,9,0,1
7k7yixs2,93,e9x7rdqf,96,mock,DiscussionGRPWaitPage,1769555682,9,0,1
7k7yixs2,90,ccjki9kz,96,mock,DiscussionGRPWaitPage,1769555682,9,0,1
7k7yixs2,94,5e98v871,96,mock,DiscussionGRPWaitPage,1769555682,9,0,1
7k7yixs2,103,ihbi32t7,3,presurvey,Scenario,1769555683,1,0,0
7k7yixs2,90,ccjki9kz,101,mock,Discussion,1769555686,9,0,0
7k7yixs2,94,5e98v871,101,mock,Discussion,1769555686,9,0,0
7k7yixs2,92,g3ecm5xr,101,mock,Discussion,1769555687,9,0,0
7k7yixs2,93,e9x7rdqf,101,mock,Discussion,1769555700,9,0,0
7k7yixs2,92,g3ecm5xr,107,mock,DiscussionGRPWaitPage,1769555700,10,0,1
7k7yixs2,93,e9x7rdqf,107,mock,DiscussionGRPWaitPage,1769555700,10,0,1
7k7yixs2,90,ccjki9kz,107,mock,DiscussionGRPWaitPage,1769555700,10,0,1
7k7yixs2,94,5e98v871,107,mock,DiscussionGRPWaitPage,1769555700,10,0,1
7k7yixs2,90,ccjki9kz,112,mock,Discussion,1769555704,10,0,0
7k7yixs2,92,g3ecm5xr,112,mock,Discussion,1769555705,10,0,0
7k7yixs2,94,5e98v871,112,mock,Discussion,1769555706,10,0,0
7k7yixs2,103,ihbi32t7,4,presurvey,Commitment,1769555722,1,0,0
7k7yixs2,93,e9x7rdqf,112,mock,Discussion,1769555731,10,1,0
7k7yixs2,92,g3ecm5xr,118,mock,DiscussionGRPWaitPage,1769555732,11,0,1
7k7yixs2,93,e9x7rdqf,118,mock,DiscussionGRPWaitPage,1769555732,11,0,1
7k7yixs2,90,ccjki9kz,118,mock,DiscussionGRPWaitPage,1769555732,11,0,1
7k7yixs2,94,5e98v871,118,mock,DiscussionGRPWaitPage,1769555732,11,0,1
7k7yixs2,94,5e98v871,123,mock,Discussion,1769555734,11,0,0
7k7yixs2,90,ccjki9kz,123,mock,Discussion,1769555735,11,0,0
7k7yixs2,92,g3ecm5xr,123,mock,Discussion,1769555736,11,0,0
7k7yixs2,93,e9x7rdqf,123,mock,Discussion,1769555737,11,0,0
7k7yixs2,92,g3ecm5xr,129,mock,DiscussionGRPWaitPage,1769555737,12,0,1
7k7yixs2,93,e9x7rdqf,129,mock,DiscussionGRPWaitPage,1769555737,12,0,1
7k7yixs2,90,ccjki9kz,129,mock,DiscussionGRPWaitPage,1769555737,12,0,1
7k7yixs2,94,5e98v871,129,mock,DiscussionGRPWaitPage,1769555737,12,0,1
7k7yixs2,102,qio03tml,3,presurvey,Scenario,1769555739,1,0,0
7k7yixs2,94,5e98v871,134,mock,Discussion,1769555741,12,0,0
7k7yixs2,90,ccjki9kz,134,mock,Discussion,1769555741,12,0,0
7k7yixs2,92,g3ecm5xr,134,mock,Discussion,1769555742,12,0,0
7k7yixs2,93,e9x7rdqf,134,mock,Discussion,1769555743,12,0,0
7k7yixs2,93,e9x7rdqf,140,mock,DiscussionGRPWaitPage,1769555743,13,0,1
7k7yixs2,90,ccjki9kz,140,mock,DiscussionGRPWaitPage,1769555743,13,0,1
7k7yixs2,94,5e98v871,140,mock,DiscussionGRPWaitPage,1769555743,13,0,1
7k7yixs2,92,g3ecm5xr,140,mock,DiscussionGRPWaitPage,1769555743,13,0,1
7k7yixs2,90,ccjki9kz,145,mock,Discussion,1769555746,13,0,0
7k7yixs2,93,e9x7rdqf,145,mock,Discussion,1769555746,13,0,0
7k7yixs2,94,5e98v871,145,mock,Discussion,1769555747,13,0,0
7k7yixs2,92,g3ecm5xr,145,mock,Discussion,1769555748,13,0,0
7k7yixs2,92,g3ecm5xr,151,mock,DiscussionGRPWaitPage,1769555748,14,0,1
7k7yixs2,93,e9x7rdqf,151,mock,DiscussionGRPWaitPage,1769555748,14,0,1
7k7yixs2,90,ccjki9kz,151,mock,DiscussionGRPWaitPage,1769555748,14,0,1
7k7yixs2,94,5e98v871,151,mock,DiscussionGRPWaitPage,1769555748,14,0,1
7k7yixs2,90,ccjki9kz,156,mock,Discussion,1769555751,14,0,0
7k7yixs2,92,g3ecm5xr,156,mock,Discussion,1769555753,14,0,0
7k7yixs2,93,e9x7rdqf,156,mock,Discussion,1769555753,14,0,0
7k7yixs2,94,5e98v871,156,mock,Discussion,1769555758,14,0,0
7k7yixs2,92,g3ecm5xr,162,mock,DiscussionGRPWaitPage,1769555758,15,0,1
7k7yixs2,93,e9x7rdqf,162,mock,DiscussionGRPWaitPage,1769555758,15,0,1
7k7yixs2,94,5e98v871,162,mock,DiscussionGRPWaitPage,1769555758,15,0,1
7k7yixs2,90,ccjki9kz,162,mock,DiscussionGRPWaitPage,1769555758,15,0,1
7k7yixs2,90,ccjki9kz,167,mock,Discussion,1769555761,15,0,0
7k7yixs2,94,5e98v871,167,mock,Discussion,1769555761,15,0,0
7k7yixs2,92,g3ecm5xr,167,mock,Discussion,1769555763,15,0,0
7k7yixs2,93,e9x7rdqf,167,mock,Discussion,1769555763,15,0,0
7k7yixs2,92,g3ecm5xr,173,mock,DiscussionGRPWaitPage,1769555763,16,0,1
7k7yixs2,93,e9x7rdqf,173,mock,DiscussionGRPWaitPage,1769555763,16,0,1
7k7yixs2,90,ccjki9kz,173,mock,DiscussionGRPWaitPage,1769555763,16,0,1
7k7yixs2,94,5e98v871,173,mock,DiscussionGRPWaitPage,1769555763,16,0,1
7k7yixs2,90,ccjki9kz,178,mock,Discussion,1769555766,16,0,0
7k7yixs2,94,5e98v871,178,mock,Discussion,1769555766,16,0,0
7k7yixs2,93,e9x7rdqf,178,mock,Discussion,1769555767,16,0,0
7k7yixs2,92,g3ecm5xr,178,mock,Discussion,1769555768,16,0,0
7k7yixs2,92,g3ecm5xr,184,mock,DiscussionGRPWaitPage,1769555768,17,0,1
7k7yixs2,93,e9x7rdqf,184,mock,DiscussionGRPWaitPage,1769555768,17,0,1
7k7yixs2,90,ccjki9kz,184,mock,DiscussionGRPWaitPage,1769555768,17,0,1
7k7yixs2,94,5e98v871,184,mock,DiscussionGRPWaitPage,1769555768,17,0,1
7k7yixs2,94,5e98v871,189,mock,Discussion,1769555771,17,0,0
7k7yixs2,90,ccjki9kz,189,mock,Discussion,1769555771,17,0,0
7k7yixs2,92,g3ecm5xr,189,mock,Discussion,1769555774,17,0,0
7k7yixs2,93,e9x7rdqf,189,mock,Discussion,1769555774,17,0,0
7k7yixs2,92,g3ecm5xr,195,mock,DiscussionGRPWaitPage,1769555774,18,0,1
7k7yixs2,93,e9x7rdqf,195,mock,DiscussionGRPWaitPage,1769555774,18,0,1
7k7yixs2,90,ccjki9kz,195,mock,DiscussionGRPWaitPage,1769555774,18,0,1
7k7yixs2,94,5e98v871,195,mock,DiscussionGRPWaitPage,1769555774,18,0,1
7k7yixs2,90,ccjki9kz,200,mock,Discussion,1769555776,18,0,0
7k7yixs2,94,5e98v871,200,mock,Discussion,1769555778,18,0,0
7k7yixs2,104,bnz1xhnw,0,,InitializeParticipant,1769555778,1,0,0
7k7yixs2,92,g3ecm5xr,200,mock,Discussion,1769555779,18,0,0
7k7yixs2,93,e9x7rdqf,200,mock,Discussion,1769555779,18,0,0
7k7yixs2,94,5e98v871,206,mock,DiscussionGRPWaitPage,1769555780,19,0,1
7k7yixs2,92,g3ecm5xr,206,mock,DiscussionGRPWaitPage,1769555780,19,0,1
7k7yixs2,93,e9x7rdqf,206,mock,DiscussionGRPWaitPage,1769555780,19,0,1
7k7yixs2,90,ccjki9kz,206,mock,DiscussionGRPWaitPage,1769555780,19,0,1
7k7yixs2,90,ccjki9kz,211,mock,Discussion,1769555782,19,0,0
7k7yixs2,93,e9x7rdqf,211,mock,Discussion,1769555784,19,0,0
7k7yixs2,92,g3ecm5xr,211,mock,Discussion,1769555786,19,0,0
7k7yixs2,94,5e98v871,211,mock,Discussion,1769555786,19,0,0
7k7yixs2,92,g3ecm5xr,217,mock,DiscussionGRPWaitPage,1769555786,20,0,1
7k7yixs2,93,e9x7rdqf,217,mock,DiscussionGRPWaitPage,1769555786,20,0,1
7k7yixs2,90,ccjki9kz,217,mock,DiscussionGRPWaitPage,1769555786,20,0,1
7k7yixs2,94,5e98v871,217,mock,DiscussionGRPWaitPage,1769555786,20,0,1
7k7yixs2,90,ccjki9kz,222,mock,Discussion,1769555789,20,0,0
7k7yixs2,94,5e98v871,222,mock,Discussion,1769555789,20,0,0
7k7yixs2,92,g3ecm5xr,222,mock,Discussion,1769555790,20,0,0
7k7yixs2,93,e9x7rdqf,222,mock,Discussion,1769555791,20,0,0
7k7yixs2,93,e9x7rdqf,223,mock,FinalRoundWaitPage,1769555791,20,0,1
7k7yixs2,92,g3ecm5xr,223,mock,FinalRoundWaitPage,1769555791,20,0,1
7k7yixs2,90,ccjki9kz,223,mock,FinalRoundWaitPage,1769555791,20,0,1
7k7yixs2,94,5e98v871,223,mock,FinalRoundWaitPage,1769555791,20,0,1
7k7yixs2,94,5e98v871,224,mock,FinalRound,1769555797,20,0,0
7k7yixs2,86,bti7obyj,5,mock,GroupingWaitPage,1769555799,1,0,1
7k7yixs2,104,bnz1xhnw,1,presurvey,Introduction,1769555799,1,0,0
7k7yixs2,86,bti7obyj,6,mock,GroupSizeWaitPage,1769555799,1,0,1
7k7yixs2,90,ccjki9kz,224,mock,FinalRound,1769555799,20,0,0
7k7yixs2,92,g3ecm5xr,224,mock,FinalRound,1769555802,20,0,0
7k7yixs2,93,e9x7rdqf,224,mock,FinalRound,1769555803,20,0,0
7k7yixs2,86,bti7obyj,7,mock,AttentionCheck,1769555808,1,0,0
7k7yixs2,104,bnz1xhnw,2,presurvey,AudioCheck,1769555817,1,0,0
7k7yixs2,104,bnz1xhnw,3,presurvey,Scenario,1769555885,1,0,0
7k7yixs2,88,hd5c0ipm,5,mock,GroupingWaitPage,1769555979,1,0,1
7k7yixs2,88,hd5c0ipm,6,mock,GroupSizeWaitPage,1769555979,1,0,1
7k7yixs2,88,hd5c0ipm,7,mock,AttentionCheck,1769555989,1,0,0
7k7yixs2,105,aghly69k,0,,InitializeParticipant,1769556030,1,0,0
7k7yixs2,105,aghly69k,1,presurvey,Introduction,1769556032,1,0,0
7k7yixs2,106,yxmmyvjp,0,,InitializeParticipant,1769556052,1,0,0
7k7yixs2,106,yxmmyvjp,1,presurvey,Introduction,1769556059,1,0,0
7k7yixs2,106,yxmmyvjp,2,presurvey,AudioCheck,1769556086,1,0,0
7k7yixs2,107,idcirs8m,0,,InitializeParticipant,1769556145,1,0,0
7k7yixs2,106,yxmmyvjp,3,presurvey,Scenario,1769556151,1,0,0
7k7yixs2,108,gdtonek3,0,,InitializeParticipant,1769556164,1,0,0
7k7yixs2,107,idcirs8m,1,presurvey,Introduction,1769556178,1,0,0
7k7yixs2,108,gdtonek3,1,presurvey,Introduction,1769556181,1,0,0
7k7yixs2,108,gdtonek3,2,presurvey,AudioCheck,1769556203,1,0,0
7k7yixs2,107,idcirs8m,2,presurvey,AudioCheck,1769556204,1,0,0
7k7yixs2,107,idcirs8m,3,presurvey,Scenario,1769556238,1,0,0
7k7yixs2,108,gdtonek3,3,presurvey,Scenario,1769556245,1,0,0
7k7yixs2,108,gdtonek3,4,presurvey,Commitment,1769556289,1,0,0
7k7yixs2,107,idcirs8m,4,presurvey,Commitment,1769556296,1,0,0
7k7yixs2,109,qv4y8v0y,0,,InitializeParticipant,1769556302,1,0,0
7k7yixs2,109,qv4y8v0y,1,presurvey,Introduction,1769556308,1,0,0
7k7yixs2,109,qv4y8v0y,2,presurvey,AudioCheck,1769556324,1,0,0
7k7yixs2,109,qv4y8v0y,3,presurvey,Scenario,1769556345,1,0,0
7k7yixs2,110,hcalsivi,0,,InitializeParticipant,1769556640,1,0,0
7k7yixs2,110,hcalsivi,1,presurvey,Introduction,1769556644,1,0,0
7k7yixs2,111,urgsjm0e,0,,InitializeParticipant,1769556650,1,0,0
7k7yixs2,110,hcalsivi,2,presurvey,AudioCheck,1769556675,1,0,0
7k7yixs2,110,hcalsivi,3,presurvey,Scenario,1769556695,1,0,0
7k7yixs2,110,hcalsivi,4,presurvey,Commitment,1769556708,1,0,0
7k7yixs2,111,urgsjm0e,1,presurvey,Introduction,1769556734,1,0,0
7k7yixs2,111,urgsjm0e,2,presurvey,AudioCheck,1769556793,1,0,0
7k7yixs2,101,8zuu0dmc,5,mock,GroupingWaitPage,1769556844,1,0,1
7k7yixs2,101,8zuu0dmc,6,mock,GroupSizeWaitPage,1769556844,1,0,1
7k7yixs2,101,8zuu0dmc,7,mock,AttentionCheck,1769556852,1,0,0
7k7yixs2,112,qoir90zh,0,,InitializeParticipant,1769556875,1,0,0
7k7yixs2,112,qoir90zh,1,presurvey,Introduction,1769556892,1,0,0
7k7yixs2,113,9fxu2k8q,0,,InitializeParticipant,1769556908,1,0,0
7k7yixs2,112,qoir90zh,2,presurvey,AudioCheck,1769556914,1,0,0
7k7yixs2,111,urgsjm0e,3,presurvey,Scenario,1769556921,1,0,0
7k7yixs2,103,ihbi32t7,5,mock,GroupingWaitPage,1769556925,1,0,1
7k7yixs2,103,ihbi32t7,6,mock,GroupSizeWaitPage,1769556925,1,0,1
7k7yixs2,103,ihbi32t7,7,mock,AttentionCheck,1769556938,1,0,0
7k7yixs2,113,9fxu2k8q,1,presurvey,Introduction,1769556946,1,0,0
7k7yixs2,113,9fxu2k8q,2,presurvey,AudioCheck,1769556977,1,0,0
7k7yixs2,112,qoir90zh,3,presurvey,Scenario,1769556985,1,0,0
7k7yixs2,113,9fxu2k8q,3,presurvey,Scenario,1769557036,1,0,0
14qdxr79,1,r8vn1rfj,0,,InitializeParticipant,1769629346,1,0,0
14qdxr79,1,r8vn1rfj,1,presurvey,Introduction,1769629363,1,0,0
14qdxr79,1,r8vn1rfj,2,presurvey,AudioCheck,1769629405,1,0,0
14qdxr79,1,r8vn1rfj,3,presurvey,Scenario,1769629430,1,0,0
14qdxr79,1,r8vn1rfj,4,presurvey,Commitment,1769629455,1,0,0
14qdxr79,2,x4019bnf,0,,InitializeParticipant,1769629504,1,0,0
14qdxr79,2,x4019bnf,1,presurvey,Introduction,1769629589,1,0,0
14qdxr79,2,x4019bnf,2,presurvey,AudioCheck,1769629778,1,0,0
14qdxr79,3,nnk23eo9,0,,InitializeParticipant,1769629889,1,0,0
14qdxr79,3,nnk23eo9,1,presurvey,Introduction,1769629924,1,0,0
14qdxr79,3,nnk23eo9,2,presurvey,AudioCheck,1769629971,1,0,0
14qdxr79,3,nnk23eo9,3,presurvey,Scenario,1769630032,1,0,0
14qdxr79,2,x4019bnf,3,presurvey,Scenario,1769630067,1,0,0
14qdxr79,3,nnk23eo9,4,presurvey,Commitment,1769630089,1,0,0
14qdxr79,2,x4019bnf,4,presurvey,Commitment,1769630123,1,0,0
14qdxr79,4,iwhchl4r,0,,InitializeParticipant,1769630198,1,0,0
14qdxr79,4,iwhchl4r,1,presurvey,Introduction,1769630215,1,0,0
14qdxr79,4,iwhchl4r,2,presurvey,AudioCheck,1769630231,1,0,0
14qdxr79,4,iwhchl4r,3,presurvey,Scenario,1769630280,1,0,0
14qdxr79,5,x5uw13u3,0,,InitializeParticipant,1769630457,1,0,0
14qdxr79,5,x5uw13u3,1,presurvey,Introduction,1769630462,1,0,0
14qdxr79,5,x5uw13u3,2,presurvey,AudioCheck,1769630509,1,0,0
14qdxr79,5,x5uw13u3,3,presurvey,Scenario,1769630542,1,0,0
14qdxr79,5,x5uw13u3,4,presurvey,Commitment,1769630573,1,0,0
14qdxr79,6,nyqz2mz2,0,,InitializeParticipant,1769630775,1,0,0
14qdxr79,1,r8vn1rfj,5,mock_N08_N04_Aonly,GroupingWaitPage,1769630818,1,0,1
14qdxr79,1,r8vn1rfj,6,mock_N08_N04_Aonly,GroupSizeWaitPage,1769630819,1,0,1
14qdxr79,6,nyqz2mz2,1,presurvey,Introduction,1769630849,1,0,0
14qdxr79,6,nyqz2mz2,2,presurvey,AudioCheck,1769630866,1,0,0
14qdxr79,6,nyqz2mz2,3,presurvey,Scenario,1769630919,1,0,0
14qdxr79,7,tem02trf,0,,InitializeParticipant,1769631037,1,0,0
14qdxr79,7,tem02trf,1,presurvey,Introduction,1769631076,1,0,0
14qdxr79,7,tem02trf,2,presurvey,AudioCheck,1769631108,1,0,0
14qdxr79,7,tem02trf,3,presurvey,Scenario,1769631170,1,0,0
14qdxr79,8,1lozkn91,0,,InitializeParticipant,1769631222,1,0,0
14qdxr79,8,1lozkn91,1,presurvey,Introduction,1769631230,1,0,0
14qdxr79,8,1lozkn91,2,presurvey,AudioCheck,1769631241,1,0,0
14qdxr79,3,nnk23eo9,5,mock_N08_N04_Aonly,GroupingWaitPage,1769631243,1,0,1
14qdxr79,3,nnk23eo9,6,mock_N08_N04_Aonly,GroupSizeWaitPage,1769631243,1,0,1
14qdxr79,3,nnk23eo9,7,mock_N08_N04_Aonly,AttentionCheck,1769631249,1,0,0
14qdxr79,8,1lozkn91,3,presurvey,Scenario,1769631278,1,0,0
14qdxr79,2,x4019bnf,5,mock_N08_N04_Aonly,GroupingWaitPage,1769631281,1,0,1
14qdxr79,2,x4019bnf,6,mock_N08_N04_Aonly,GroupSizeWaitPage,1769631281,1,0,1
14qdxr79,2,x4019bnf,7,mock_N08_N04_Aonly,AttentionCheck,1769631293,1,0,0
14qdxr79,9,r0rct25d,0,,InitializeParticipant,1769631393,1,0,0
14qdxr79,9,r0rct25d,1,presurvey,Introduction,1769631403,1,0,0
14qdxr79,9,r0rct25d,2,presurvey,AudioCheck,1769631425,1,0,0
14qdxr79,9,r0rct25d,3,presurvey,Scenario,1769631437,1,0,0
14qdxr79,9,r0rct25d,4,presurvey,Commitment,1769631449,1,0,0
14qdxr79,10,8tshm5fe,0,,InitializeParticipant,1769632593,1,0,0
14qdxr79,9,r0rct25d,5,mock_N08_N04_Aonly,GroupingWaitPage,1769632602,1,0,1
14qdxr79,9,r0rct25d,6,mock_N08_N04_Aonly,GroupSizeWaitPage,1769632602,1,0,1
14qdxr79,10,8tshm5fe,1,presurvey,Introduction,1769632604,1,0,0
14qdxr79,10,8tshm5fe,2,presurvey,AudioCheck,1769632614,1,0,0
14qdxr79,9,r0rct25d,7,mock_N08_N04_Aonly,AttentionCheck,1769632618,1,0,0
14qdxr79,10,8tshm5fe,3,presurvey,Scenario,1769632636,1,0,0
14qdxr79,10,8tshm5fe,4,presurvey,Commitment,1769632659,1,0,0
14qdxr79,11,fl7rk5xg,0,,InitializeParticipant,1769632723,1,0,0
14qdxr79,11,fl7rk5xg,1,presurvey,Introduction,1769632739,1,0,0
14qdxr79,12,ahs5jgzm,0,,InitializeParticipant,1769632887,1,0,0
14qdxr79,12,ahs5jgzm,1,presurvey,Introduction,1769632893,1,0,0
14qdxr79,12,ahs5jgzm,2,presurvey,AudioCheck,1769632923,1,0,0
14qdxr79,13,g0g9omc0,0,,InitializeParticipant,1769632943,1,0,0
14qdxr79,12,ahs5jgzm,3,presurvey,Scenario,1769632952,1,0,0
14qdxr79,13,g0g9omc0,1,presurvey,Introduction,1769632958,1,0,0
14qdxr79,13,g0g9omc0,2,presurvey,AudioCheck,1769632973,1,0,0
14qdxr79,13,g0g9omc0,3,presurvey,Scenario,1769632999,1,0,0
14qdxr79,13,g0g9omc0,4,presurvey,Commitment,1769633030,1,0,0
14qdxr79,14,rd18qqlw,0,,InitializeParticipant,1769633205,1,0,0
14qdxr79,14,rd18qqlw,1,presurvey,Introduction,1769633243,1,0,0
14qdxr79,14,rd18qqlw,2,presurvey,AudioCheck,1769633273,1,0,0
14qdxr79,14,rd18qqlw,3,presurvey,Scenario,1769633323,1,0,0
14qdxr79,15,s750uvw9,0,,InitializeParticipant,1769633491,1,0,0
14qdxr79,15,s750uvw9,1,presurvey,Introduction,1769633513,1,0,0
14qdxr79,15,s750uvw9,2,presurvey,AudioCheck,1769633537,1,0,0
14qdxr79,16,8ozm1mr6,0,,InitializeParticipant,1769633543,1,0,0
14qdxr79,16,8ozm1mr6,1,presurvey,Introduction,1769633554,1,0,0
14qdxr79,17,ry9654k0,0,,InitializeParticipant,1769633564,1,0,0
14qdxr79,17,ry9654k0,1,presurvey,Introduction,1769633566,1,0,0
14qdxr79,17,ry9654k0,2,presurvey,AudioCheck,1769633575,1,0,0
14qdxr79,16,8ozm1mr6,2,presurvey,AudioCheck,1769633575,1,0,0
14qdxr79,17,ry9654k0,3,presurvey,Scenario,1769633586,1,0,0
14qdxr79,17,ry9654k0,4,presurvey,Commitment,1769633592,1,0,0
14qdxr79,16,8ozm1mr6,3,presurvey,Scenario,1769633600,1,0,0
14qdxr79,18,x187s77k,0,,InitializeParticipant,1769633607,1,0,0
14qdxr79,18,x187s77k,1,presurvey,Introduction,1769633610,1,0,0
14qdxr79,16,8ozm1mr6,4,presurvey,Commitment,1769633629,1,0,0
14qdxr79,18,x187s77k,2,presurvey,AudioCheck,1769633635,1,0,0
14qdxr79,18,x187s77k,3,presurvey,Scenario,1769633672,1,0,0
14qdxr79,15,s750uvw9,3,presurvey,Scenario,1769633678,1,0,0
14qdxr79,18,x187s77k,4,presurvey,Commitment,1769633723,1,0,0
14qdxr79,19,7nayshbo,0,,InitializeParticipant,1769633756,1,0,0
14qdxr79,19,7nayshbo,1,presurvey,Introduction,1769633762,1,0,0
14qdxr79,19,7nayshbo,2,presurvey,AudioCheck,1769633790,1,0,0
14qdxr79,19,7nayshbo,3,presurvey,Scenario,1769633822,1,0,0
14qdxr79,20,rg6v8t66,0,,InitializeParticipant,1769633911,1,0,0
14qdxr79,20,rg6v8t66,1,presurvey,Introduction,1769633917,1,0,0
14qdxr79,21,qfy00ogq,0,,InitializeParticipant,1769633957,1,0,0
14qdxr79,20,rg6v8t66,2,presurvey,AudioCheck,1769633959,1,0,0
14qdxr79,22,pd7wuoc9,0,,InitializeParticipant,1769633984,1,0,0
14qdxr79,21,qfy00ogq,1,presurvey,Introduction,1769633997,1,0,0
14qdxr79,22,pd7wuoc9,1,presurvey,Introduction,1769634008,1,0,0
14qdxr79,21,qfy00ogq,2,presurvey,AudioCheck,1769634035,1,0,0
14qdxr79,22,pd7wuoc9,2,presurvey,AudioCheck,1769634041,1,0,0
14qdxr79,21,qfy00ogq,3,presurvey,Scenario,1769634079,1,0,0
14qdxr79,22,pd7wuoc9,3,presurvey,Scenario,1769634089,1,0,0
14qdxr79,13,g0g9omc0,5,mock_N08_N04_Aonly,GroupingWaitPage,1769634179,1,0,1
14qdxr79,13,g0g9omc0,6,mock_N08_N04_Aonly,GroupSizeWaitPage,1769634179,1,0,1
14qdxr79,13,g0g9omc0,7,mock_N08_N04_Aonly,AttentionCheck,1769634215,1,1,0
14qdxr79,23,3uf8iaud,0,,InitializeParticipant,1769634263,1,0,0
14qdxr79,23,3uf8iaud,1,presurvey,Introduction,1769634284,1,0,0
14qdxr79,24,qslr9het,0,,InitializeParticipant,1769634446,1,0,0
14qdxr79,24,qslr9het,1,presurvey,Introduction,1769634497,1,0,0
14qdxr79,24,qslr9het,2,presurvey,AudioCheck,1769634556,1,0,0
14qdxr79,25,4cgheejz,0,,InitializeParticipant,1769634618,1,0,0
14qdxr79,24,qslr9het,3,presurvey,Scenario,1769634669,1,0,0
14qdxr79,25,4cgheejz,1,presurvey,Introduction,1769634672,1,0,0
14qdxr79,25,4cgheejz,2,presurvey,AudioCheck,1769634698,1,0,0
14qdxr79,23,3uf8iaud,2,presurvey,AudioCheck,1769634742,1,0,0
14qdxr79,25,4cgheejz,3,presurvey,Scenario,1769634862,1,0,0
14qdxr79,26,luhm1yse,0,,InitializeParticipant,1769634870,1,0,0
14qdxr79,26,luhm1yse,1,presurvey,Introduction,1769634885,1,0,0
14qdxr79,27,2fiq5qgv,0,,InitializeParticipant,1769634894,1,0,0
14qdxr79,18,x187s77k,5,mock_N08_N04_Aonly,GroupingWaitPage,1769634924,1,0,1
14qdxr79,18,x187s77k,6,mock_N08_N04_Aonly,GroupSizeWaitPage,1769634924,1,0,1
14qdxr79,26,luhm1yse,2,presurvey,AudioCheck,1769634929,1,0,0
14qdxr79,18,x187s77k,7,mock_N08_N04_Aonly,AttentionCheck,1769634935,1,0,0
14qdxr79,26,luhm1yse,3,presurvey,Scenario,1769635000,1,0,0
14qdxr79,26,luhm1yse,4,presurvey,Commitment,1769635067,1,0,0
14qdxr79,28,e53c67bj,0,,InitializeParticipant,1769635128,1,0,0
14qdxr79,28,e53c67bj,1,presurvey,Introduction,1769635133,1,0,0
14qdxr79,28,e53c67bj,2,presurvey,AudioCheck,1769635164,1,0,0
14qdxr79,28,e53c67bj,3,presurvey,Scenario,1769635199,1,0,0
14qdxr79,29,5zjwb34u,0,,InitializeParticipant,1769635455,1,0,0
14qdxr79,29,5zjwb34u,1,presurvey,Introduction,1769635462,1,0,0
14qdxr79,29,5zjwb34u,2,presurvey,AudioCheck,1769635488,1,0,0
14qdxr79,29,5zjwb34u,3,presurvey,Scenario,1769635521,1,0,0
14qdxr79,29,5zjwb34u,4,presurvey,Commitment,1769635550,1,0,0
14qdxr79,30,60p9y9qn,0,,InitializeParticipant,1769635726,1,0,0
14qdxr79,30,60p9y9qn,1,presurvey,Introduction,1769635747,1,0,0
14qdxr79,30,60p9y9qn,2,presurvey,AudioCheck,1769635797,1,0,0
14qdxr79,30,60p9y9qn,3,presurvey,Scenario,1769635852,1,0,0
14qdxr79,30,60p9y9qn,4,presurvey,Commitment,1769635949,1,0,0
14qdxr79,31,dkqjx5hr,0,,InitializeParticipant,1769636094,1,0,0
14qdxr79,31,dkqjx5hr,1,presurvey,Introduction,1769636107,1,0,0
14qdxr79,31,dkqjx5hr,2,presurvey,AudioCheck,1769636132,1,0,0
14qdxr79,31,dkqjx5hr,3,presurvey,Scenario,1769636179,1,0,0
14qdxr79,31,dkqjx5hr,4,presurvey,Commitment,1769636251,1,0,0
14qdxr79,32,i9nvc6mv,0,,InitializeParticipant,1769636252,1,0,0
14qdxr79,26,luhm1yse,5,mock_N08_N04_Aonly,GroupingWaitPage,1769636272,1,0,1
14qdxr79,26,luhm1yse,6,mock_N08_N04_Aonly,GroupSizeWaitPage,1769636272,1,0,1
14qdxr79,26,luhm1yse,7,mock_N08_N04_Aonly,AttentionCheck,1769636280,1,0,0
14qdxr79,32,i9nvc6mv,1,presurvey,Introduction,1769636317,1,0,0
14qdxr79,33,d4zqdcoh,0,,InitializeParticipant,1769636433,1,0,0
14qdxr79,33,d4zqdcoh,1,presurvey,Introduction,1769636437,1,0,0
14qdxr79,34,rbylytiv,0,,InitializeParticipant,1769636442,1,0,0
14qdxr79,33,d4zqdcoh,2,presurvey,AudioCheck,1769636455,1,0,0
14qdxr79,34,rbylytiv,1,presurvey,Introduction,1769636476,1,0,0
14qdxr79,35,gjvtp2al,0,,InitializeParticipant,1769636490,1,0,0
14qdxr79,33,d4zqdcoh,3,presurvey,Scenario,1769636491,1,0,0
14qdxr79,34,rbylytiv,2,presurvey,AudioCheck,1769636494,1,0,0
14qdxr79,35,gjvtp2al,1,presurvey,Introduction,1769636523,1,0,0
14qdxr79,33,d4zqdcoh,4,presurvey,Commitment,1769636523,1,0,0
14qdxr79,34,rbylytiv,3,presurvey,Scenario,1769636553,1,0,0
14qdxr79,35,gjvtp2al,2,presurvey,AudioCheck,1769636558,1,0,0
14qdxr79,35,gjvtp2al,3,presurvey,Scenario,1769636618,1,0,0
14qdxr79,34,rbylytiv,4,presurvey,Commitment,1769636638,1,0,0
14qdxr79,35,gjvtp2al,4,presurvey,Commitment,1769636669,1,0,0
14qdxr79,36,um3z54jw,0,,InitializeParticipant,1769636690,1,0,0
14qdxr79,36,um3z54jw,1,presurvey,Introduction,1769636697,1,0,0
14qdxr79,36,um3z54jw,2,presurvey,AudioCheck,1769636708,1,0,0
14qdxr79,36,um3z54jw,3,presurvey,Scenario,1769636728,1,0,0
14qdxr79,29,5zjwb34u,5,mock_N08_N04_Aonly,GroupingWaitPage,1769636753,1,0,1
14qdxr79,29,5zjwb34u,6,mock_N08_N04_Aonly,GroupSizeWaitPage,1769636753,1,0,1
14qdxr79,29,5zjwb34u,7,mock_N08_N04_Aonly,AttentionCheck,1769636759,1,0,0
14qdxr79,37,mqjssx06,0,,InitializeParticipant,1769636931,1,0,0
14qdxr79,37,mqjssx06,1,presurvey,Introduction,1769636989,1,0,0
14qdxr79,37,mqjssx06,2,presurvey,AudioCheck,1769637055,1,0,0
14qdxr79,38,efp8m5l0,0,,InitializeParticipant,1769637061,1,0,0
14qdxr79,38,efp8m5l0,1,presurvey,Introduction,1769637067,1,0,0
14qdxr79,39,zc2u90bn,0,,InitializeParticipant,1769637069,1,0,0
14qdxr79,39,zc2u90bn,1,presurvey,Introduction,1769637072,1,0,0
14qdxr79,39,zc2u90bn,2,presurvey,AudioCheck,1769637090,1,0,0
14qdxr79,39,zc2u90bn,3,presurvey,Scenario,1769637116,1,0,0
14qdxr79,37,mqjssx06,3,presurvey,Scenario,1769637119,1,0,0
14qdxr79,38,efp8m5l0,2,presurvey,AudioCheck,1769637131,1,0,0
14qdxr79,30,60p9y9qn,5,mock_N08_N04_Aonly,GroupingWaitPage,1769637150,1,0,1
14qdxr79,30,60p9y9qn,6,mock_N08_N04_Aonly,GroupSizeWaitPage,1769637151,1,0,1
14qdxr79,30,60p9y9qn,7,mock_N08_N04_Aonly,AttentionCheck,1769637171,1,0,0
14qdxr79,38,efp8m5l0,3,presurvey,Scenario,1769637185,1,0,0
14qdxr79,40,t4g0psbf,0,,InitializeParticipant,1769637215,1,0,0
14qdxr79,41,0bhmddaz,0,,InitializeParticipant,1769637219,1,0,0
14qdxr79,38,efp8m5l0,4,presurvey,Commitment,1769637229,1,0,0
14qdxr79,40,t4g0psbf,1,presurvey,Introduction,1769637241,1,0,0
14qdxr79,40,t4g0psbf,2,presurvey,AudioCheck,1769637270,1,0,0
14qdxr79,41,0bhmddaz,1,presurvey,Introduction,1769637296,1,0,0
14qdxr79,40,t4g0psbf,3,presurvey,Scenario,1769637306,1,0,0
14qdxr79,40,t4g0psbf,4,presurvey,Commitment,1769637373,1,0,0
14qdxr79,41,0bhmddaz,2,presurvey,AudioCheck,1769637393,1,0,0
14qdxr79,31,dkqjx5hr,5,mock_N08_N04_Aonly,GroupingWaitPage,1769637394,1,0,1
14qdxr79,31,dkqjx5hr,6,mock_N08_N04_Aonly,GroupSizeWaitPage,1769637395,1,0,1
14qdxr79,31,dkqjx5hr,7,mock_N08_N04_Aonly,AttentionCheck,1769637402,1,0,0
14qdxr79,42,xph6cp9n,0,,InitializeParticipant,1769637422,1,0,0
14qdxr79,42,xph6cp9n,1,presurvey,Introduction,1769637426,1,0,0
14qdxr79,42,xph6cp9n,2,presurvey,AudioCheck,1769637438,1,0,0
14qdxr79,41,0bhmddaz,3,presurvey,Scenario,1769637477,1,0,0
14qdxr79,42,xph6cp9n,3,presurvey,Scenario,1769637480,1,0,0
14qdxr79,43,9ijdqj5n,0,,InitializeParticipant,1769637641,1,0,0
14qdxr79,43,9ijdqj5n,1,presurvey,Introduction,1769637645,1,0,0
14qdxr79,44,5ldug91w,0,,InitializeParticipant,1769637647,1,0,0
14qdxr79,44,5ldug91w,1,presurvey,Introduction,1769637651,1,0,0
14qdxr79,43,9ijdqj5n,2,presurvey,AudioCheck,1769637654,1,0,0
14qdxr79,43,9ijdqj5n,3,presurvey,Scenario,1769637679,1,0,0
14qdxr79,43,9ijdqj5n,4,presurvey,Commitment,1769637705,1,0,0
14qdxr79,33,d4zqdcoh,5,mock_N08_N04_Aonly,GroupingWaitPage,1769637724,1,0,1
14qdxr79,33,d4zqdcoh,6,mock_N08_N04_Aonly,GroupSizeWaitPage,1769637724,1,0,1
14qdxr79,33,d4zqdcoh,7,mock_N08_N04_Aonly,AttentionCheck,1769637730,1,0,0
14qdxr79,34,rbylytiv,5,mock_N08_N04_Aonly,GroupingWaitPage,1769637782,1,0,1
14qdxr79,34,rbylytiv,6,mock_N08_N04_Aonly,GroupSizeWaitPage,1769637782,1,0,1
14qdxr79,34,rbylytiv,7,mock_N08_N04_Aonly,AttentionCheck,1769637793,1,0,0
14qdxr79,35,gjvtp2al,5,mock_N08_N04_Aonly,GroupingWaitPage,1769637823,1,0,1
14qdxr79,35,gjvtp2al,6,mock_N08_N04_Aonly,GroupSizeWaitPage,1769637823,1,0,1
14qdxr79,35,gjvtp2al,7,mock_N08_N04_Aonly,AttentionCheck,1769637830,1,0,0
14qdxr79,45,8mlcigvx,0,,InitializeParticipant,1769637843,1,0,0
14qdxr79,46,l2st5xxc,0,,InitializeParticipant,1769637868,1,0,0
14qdxr79,46,l2st5xxc,1,presurvey,Introduction,1769637886,1,0,0
14qdxr79,47,9zlou6ku,0,,InitializeParticipant,1769637891,1,0,0
14qdxr79,45,8mlcigvx,1,presurvey,Introduction,1769637897,1,0,0
14qdxr79,45,8mlcigvx,2,presurvey,AudioCheck,1769637949,1,0,0
14qdxr79,47,9zlou6ku,1,presurvey,Introduction,1769637962,1,0,0
14qdxr79,47,9zlou6ku,2,presurvey,AudioCheck,1769637983,1,0,0
14qdxr79,44,5ldug91w,2,presurvey,AudioCheck,1769637983,1,0,0
14qdxr79,44,5ldug91w,3,presurvey,Scenario,1769637999,1,0,0
14qdxr79,44,5ldug91w,4,presurvey,Commitment,1769638012,1,0,0
14qdxr79,48,537d0ry4,0,,InitializeParticipant,1769638063,1,0,0
14qdxr79,48,537d0ry4,1,presurvey,Introduction,1769638069,1,0,0
14qdxr79,47,9zlou6ku,3,presurvey,Scenario,1769638073,1,0,0
14qdxr79,48,537d0ry4,2,presurvey,AudioCheck,1769638086,1,0,0
14qdxr79,45,8mlcigvx,3,presurvey,Scenario,1769638101,1,0,0
14qdxr79,49,41tt7gjt,0,,InitializeParticipant,1769638156,1,0,0
14qdxr79,45,8mlcigvx,4,presurvey,Commitment,1769638165,1,0,0
14qdxr79,49,41tt7gjt,1,presurvey,Introduction,1769638166,1,0,0
14qdxr79,48,537d0ry4,3,presurvey,Scenario,1769638168,1,0,0
14qdxr79,49,41tt7gjt,2,presurvey,AudioCheck,1769638280,1,0,0
14qdxr79,49,41tt7gjt,3,presurvey,Scenario,1769638316,1,0,0
14qdxr79,49,41tt7gjt,4,presurvey,Commitment,1769638379,1,0,0
14qdxr79,38,efp8m5l0,5,mock_N08_N04_Aonly,GroupingWaitPage,1769638433,1,0,1
14qdxr79,38,efp8m5l0,6,mock_N08_N04_Aonly,GroupSizeWaitPage,1769638434,1,0,1
14qdxr79,38,efp8m5l0,7,mock_N08_N04_Aonly,AttentionCheck,1769638451,1,0,0
14qdxr79,40,t4g0psbf,5,mock_N08_N04_Aonly,GroupingWaitPage,1769638514,1,0,1
14qdxr79,40,t4g0psbf,6,mock_N08_N04_Aonly,GroupSizeWaitPage,1769638515,1,0,1
14qdxr79,40,t4g0psbf,7,mock_N08_N04_Aonly,AttentionCheck,1769638522,1,0,0
14qdxr79,50,5calluyv,0,,InitializeParticipant,1769638591,1,0,0
14qdxr79,50,5calluyv,1,presurvey,Introduction,1769638611,1,0,0
14qdxr79,50,5calluyv,2,presurvey,AudioCheck,1769638658,1,0,0
14qdxr79,51,twc5o3t1,0,,InitializeParticipant,1769638743,1,0,0
14qdxr79,50,5calluyv,3,presurvey,Scenario,1769638749,1,0,0
14qdxr79,51,twc5o3t1,1,presurvey,Introduction,1769638756,1,0,0
14qdxr79,51,twc5o3t1,2,presurvey,AudioCheck,1769638773,1,0,0
14qdxr79,51,twc5o3t1,3,presurvey,Scenario,1769638810,1,0,0
14qdxr79,51,twc5o3t1,4,presurvey,Commitment,1769638849,1,0,0
14qdxr79,52,dfn3pm2y,0,,InitializeParticipant,1769638853,1,0,0
14qdxr79,52,dfn3pm2y,1,presurvey,Introduction,1769638855,1,0,0
14qdxr79,52,dfn3pm2y,2,presurvey,AudioCheck,1769638875,1,0,0
14qdxr79,43,9ijdqj5n,5,mock_N08_N04_Aonly,GroupingWaitPage,1769638911,1,0,1
14qdxr79,43,9ijdqj5n,6,mock_N08_N04_Aonly,GroupSizeWaitPage,1769638911,1,0,1
14qdxr79,43,9ijdqj5n,7,mock_N08_N04_Aonly,AttentionCheck,1769638918,1,0,0
14qdxr79,52,dfn3pm2y,3,presurvey,Scenario,1769638923,1,0,0
14qdxr79,52,dfn3pm2y,4,presurvey,Commitment,1769638960,1,0,0
14qdxr79,53,ozs21wc7,0,,InitializeParticipant,1769639033,1,0,0
14qdxr79,53,ozs21wc7,1,presurvey,Introduction,1769639085,1,0,0
14qdxr79,54,yjdcbjja,0,,InitializeParticipant,1769639098,1,0,0
14qdxr79,54,yjdcbjja,1,presurvey,Introduction,1769639105,1,0,0
14qdxr79,53,ozs21wc7,2,presurvey,AudioCheck,1769639149,1,0,0
14qdxr79,53,ozs21wc7,3,presurvey,Scenario,1769639232,1,0,0
14qdxr79,55,0wh0iqry,0,,InitializeParticipant,1769639274,1,0,0
14qdxr79,55,0wh0iqry,1,presurvey,Introduction,1769639287,1,0,0
14qdxr79,45,8mlcigvx,5,mock_N08_N04_Aonly,GroupingWaitPage,1769639310,1,0,1
14qdxr79,55,0wh0iqry,2,presurvey,AudioCheck,1769639310,1,0,0
14qdxr79,45,8mlcigvx,6,mock_N08_N04_Aonly,GroupSizeWaitPage,1769639311,1,0,1
14qdxr79,45,8mlcigvx,7,mock_N08_N04_Aonly,AttentionCheck,1769639325,1,0,0
14qdxr79,53,ozs21wc7,4,presurvey,Commitment,1769639345,1,0,0
14qdxr79,56,yb8m1639,0,,InitializeParticipant,1769639380,1,0,0
14qdxr79,55,0wh0iqry,3,presurvey,Scenario,1769639385,1,0,0
14qdxr79,56,yb8m1639,1,presurvey,Introduction,1769639387,1,0,0
14qdxr79,56,yb8m1639,2,presurvey,AudioCheck,1769639437,1,0,0
14qdxr79,56,yb8m1639,3,presurvey,Scenario,1769639477,1,0,0
14qdxr79,56,yb8m1639,4,presurvey,Commitment,1769639516,1,0,0
14qdxr79,49,41tt7gjt,5,mock_N08_N04_Aonly,GroupingWaitPage,1769639520,1,0,1
14qdxr79,49,41tt7gjt,6,mock_N08_N04_Aonly,GroupSizeWaitPage,1769639521,1,0,1
14qdxr79,49,41tt7gjt,7,mock_N08_N04_Aonly,AttentionCheck,1769639525,1,0,0
14qdxr79,57,ttqw9zsp,0,,InitializeParticipant,1769639654,1,0,0
14qdxr79,57,ttqw9zsp,1,presurvey,Introduction,1769639657,1,0,0
14qdxr79,57,ttqw9zsp,2,presurvey,AudioCheck,1769639671,1,0,0
14qdxr79,57,ttqw9zsp,3,presurvey,Scenario,1769639692,1,0,0
14qdxr79,57,ttqw9zsp,4,presurvey,Commitment,1769639725,1,0,0
14qdxr79,58,t5i6jo3r,0,,InitializeParticipant,1769639816,1,0,0
14qdxr79,58,t5i6jo3r,1,presurvey,Introduction,1769639830,1,0,0
14qdxr79,58,t5i6jo3r,2,presurvey,AudioCheck,1769639885,1,0,0
14qdxr79,59,1dqqufps,0,,InitializeParticipant,1769639892,1,0,0
14qdxr79,58,t5i6jo3r,3,presurvey,Scenario,1769639901,1,0,0
14qdxr79,59,1dqqufps,1,presurvey,Introduction,1769639907,1,0,0
14qdxr79,58,t5i6jo3r,4,presurvey,Commitment,1769639922,1,0,0
14qdxr79,51,twc5o3t1,5,mock_N08_N04_Aonly,GroupingWaitPage,1769639990,1,0,1
14qdxr79,51,twc5o3t1,6,mock_N08_N04_Aonly,GroupSizeWaitPage,1769639990,1,0,1
14qdxr79,51,twc5o3t1,7,mock_N08_N04_Aonly,AttentionCheck,1769639997,1,0,0
14qdxr79,59,1dqqufps,2,presurvey,AudioCheck,1769640000,1,0,0
14qdxr79,60,zjxy46rm,0,,InitializeParticipant,1769640032,1,0,0
14qdxr79,60,zjxy46rm,1,presurvey,Introduction,1769640041,1,0,0
14qdxr79,60,zjxy46rm,2,presurvey,AudioCheck,1769640055,1,0,0
14qdxr79,61,vq6ry6ib,0,,InitializeParticipant,1769640094,1,0,0
14qdxr79,60,zjxy46rm,3,presurvey,Scenario,1769640097,1,0,0
14qdxr79,61,vq6ry6ib,1,presurvey,Introduction,1769640111,1,0,0
14qdxr79,59,1dqqufps,3,presurvey,Scenario,1769640118,1,0,0
14qdxr79,60,zjxy46rm,4,presurvey,Commitment,1769640142,1,0,0
14qdxr79,52,dfn3pm2y,5,mock_N08_N04_Aonly,GroupingWaitPage,1769640161,1,0,1
14qdxr79,52,dfn3pm2y,6,mock_N08_N04_Aonly,GroupSizeWaitPage,1769640161,1,0,1
14qdxr79,61,vq6ry6ib,2,presurvey,AudioCheck,1769640162,1,0,0
14qdxr79,52,dfn3pm2y,7,mock_N08_N04_Aonly,AttentionCheck,1769640171,1,0,0
14qdxr79,61,vq6ry6ib,3,presurvey,Scenario,1769640201,1,0,0
14qdxr79,59,1dqqufps,4,presurvey,Commitment,1769640219,1,0,0
14qdxr79,61,vq6ry6ib,4,presurvey,Commitment,1769640230,1,0,0
14qdxr79,44,5ldug91w,5,mock_N08_N04_Aonly,GroupingWaitPage,1769640411,1,0,1
14qdxr79,44,5ldug91w,6,mock_N08_N04_Aonly,GroupSizeWaitPage,1769640411,1,0,1
14qdxr79,53,ozs21wc7,5,mock_N08_N04_Aonly,GroupingWaitPage,1769640491,1,0,1
14qdxr79,53,ozs21wc7,6,mock_N08_N04_Aonly,GroupSizeWaitPage,1769640491,1,0,1
14qdxr79,53,ozs21wc7,7,mock_N08_N04_Aonly,AttentionCheck,1769640502,1,0,0
14qdxr79,57,ttqw9zsp,5,mock_N08_N04_Aonly,GroupingWaitPage,1769640929,1,0,1
14qdxr79,57,ttqw9zsp,6,mock_N08_N04_Aonly,GroupSizeWaitPage,1769640929,1,0,1
14qdxr79,57,ttqw9zsp,7,mock_N08_N04_Aonly,AttentionCheck,1769640933,1,0,0
14qdxr79,58,t5i6jo3r,5,mock_N08_N04_Aonly,GroupingWaitPage,1769641066,1,0,1
14qdxr79,58,t5i6jo3r,6,mock_N08_N04_Aonly,GroupSizeWaitPage,1769641066,1,0,1
14qdxr79,58,t5i6jo3r,7,mock_N08_N04_Aonly,AttentionCheck,1769641070,1,0,0
14qdxr79,60,zjxy46rm,5,mock_N08_N04_Aonly,GroupingWaitPage,1769641292,1,0,1
np0octxz,1,bld4ct0r,0,,InitializeParticipant,1769717539,1,0,0
np0octxz,1,bld4ct0r,1,presurvey,Introduction,1769717545,1,0,0
np0octxz,1,bld4ct0r,2,presurvey,AudioCheck,1769717568,1,0,0
np0octxz,2,vxdkxrtq,0,,InitializeParticipant,1769717735,1,0,0
np0octxz,2,vxdkxrtq,1,presurvey,Introduction,1769717737,1,0,0
np0octxz,2,vxdkxrtq,2,presurvey,AudioCheck,1769717757,1,0,0
np0octxz,2,vxdkxrtq,3,presurvey,Scenario,1769717783,1,0,0
np0octxz,3,jievo8tf,0,,InitializeParticipant,1769717868,1,0,0
np0octxz,3,jievo8tf,1,presurvey,Introduction,1769717886,1,0,0
np0octxz,4,kbw7zk89,0,,InitializeParticipant,1769717898,1,0,0
np0octxz,3,jievo8tf,2,presurvey,AudioCheck,1769717902,1,0,0
np0octxz,5,qtgr231o,0,,InitializeParticipant,1769717931,1,0,0
np0octxz,3,jievo8tf,3,presurvey,Scenario,1769717944,1,0,0
np0octxz,5,qtgr231o,1,presurvey,Introduction,1769717958,1,0,0
np0octxz,4,kbw7zk89,1,presurvey,Introduction,1769717967,1,0,0
np0octxz,3,jievo8tf,4,presurvey,Commitment,1769717976,1,0,0
np0octxz,5,qtgr231o,2,presurvey,AudioCheck,1769717992,1,0,0
np0octxz,4,kbw7zk89,2,presurvey,AudioCheck,1769717996,1,0,0
np0octxz,6,hdxgmtok,0,,InitializeParticipant,1769718014,1,0,0
np0octxz,6,hdxgmtok,1,presurvey,Introduction,1769718045,1,0,0
np0octxz,5,qtgr231o,3,presurvey,Scenario,1769718049,1,0,0
np0octxz,6,hdxgmtok,2,presurvey,AudioCheck,1769718067,1,0,0
np0octxz,4,kbw7zk89,3,presurvey,Scenario,1769718074,1,0,0
np0octxz,5,qtgr231o,4,presurvey,Commitment,1769718087,1,0,0
np0octxz,6,hdxgmtok,3,presurvey,Scenario,1769718100,1,0,0
np0octxz,7,sf1em8y9,0,,InitializeParticipant,1769718102,1,0,0
np0octxz,7,sf1em8y9,1,presurvey,Introduction,1769718133,1,0,0
np0octxz,6,hdxgmtok,4,presurvey,Commitment,1769718150,1,0,0
np0octxz,7,sf1em8y9,2,presurvey,AudioCheck,1769718157,1,0,0
np0octxz,7,sf1em8y9,3,presurvey,Scenario,1769718190,1,0,0
np0octxz,7,sf1em8y9,4,presurvey,Commitment,1769718237,1,0,0
np0octxz,8,7b2hvj9s,0,,InitializeParticipant,1769718268,1,0,0
np0octxz,8,7b2hvj9s,1,presurvey,Introduction,1769718294,1,0,0
np0octxz,8,7b2hvj9s,2,presurvey,AudioCheck,1769718303,1,0,0
np0octxz,8,7b2hvj9s,3,presurvey,Scenario,1769718330,1,0,0
np0octxz,9,usos0zfz,0,,InitializeParticipant,1769718613,1,0,0
np0octxz,9,usos0zfz,1,presurvey,Introduction,1769718620,1,0,0
np0octxz,9,usos0zfz,2,presurvey,AudioCheck,1769718637,1,0,0
np0octxz,9,usos0zfz,3,presurvey,Scenario,1769718663,1,0,0
np0octxz,10,9tfq48hy,0,,InitializeParticipant,1769718711,1,0,0
np0octxz,10,9tfq48hy,1,presurvey,Introduction,1769718724,1,0,0
np0octxz,11,c0j5f7e0,0,,InitializeParticipant,1769718727,1,0,0
np0octxz,10,9tfq48hy,2,presurvey,AudioCheck,1769718738,1,0,0
np0octxz,10,9tfq48hy,3,presurvey,Scenario,1769718767,1,0,0
np0octxz,10,9tfq48hy,4,presurvey,Commitment,1769718793,1,0,0
np0octxz,11,c0j5f7e0,1,presurvey,Introduction,1769718812,1,0,0
np0octxz,11,c0j5f7e0,2,presurvey,AudioCheck,1769718837,1,0,0
np0octxz,11,c0j5f7e0,3,presurvey,Scenario,1769718942,1,0,0
np0octxz,3,jievo8tf,5,mock_N08_N04_Aonly,GroupingWaitPage,1769719121,1,0,1
np0octxz,3,jievo8tf,6,mock_N08_N04_Aonly,GroupSizeWaitPage,1769719121,1,0,1
np0octxz,3,jievo8tf,7,mock_N08_N04_Aonly,AttentionCheck,1769719127,1,0,0
np0octxz,5,qtgr231o,5,mock_N08_N04_Aonly,GroupingWaitPage,1769719237,1,0,1
np0octxz,5,qtgr231o,6,mock_N08_N04_Aonly,GroupSizeWaitPage,1769719238,1,0,1
np0octxz,5,qtgr231o,7,mock_N08_N04_Aonly,AttentionCheck,1769719244,1,0,0
np0octxz,12,slfrv2lm,0,,InitializeParticipant,1769719245,1,0,0
np0octxz,12,slfrv2lm,1,presurvey,Introduction,1769719257,1,0,0
np0octxz,6,hdxgmtok,5,mock_N08_N04_Aonly,GroupingWaitPage,1769719299,1,0,1
np0octxz,6,hdxgmtok,6,mock_N08_N04_Aonly,GroupSizeWaitPage,1769719299,1,0,1
np0octxz,6,hdxgmtok,7,mock_N08_N04_Aonly,AttentionCheck,1769719305,1,0,0
np0octxz,12,slfrv2lm,2,presurvey,AudioCheck,1769719314,1,0,0
np0octxz,12,slfrv2lm,3,presurvey,Scenario,1769719377,1,0,0
np0octxz,7,sf1em8y9,5,mock_N08_N04_Aonly,GroupingWaitPage,1769719447,1,0,1
np0octxz,7,sf1em8y9,6,mock_N08_N04_Aonly,GroupSizeWaitPage,1769719447,1,0,1
np0octxz,7,sf1em8y9,7,mock_N08_N04_Aonly,AttentionCheck,1769719455,1,0,0
0vti371b,1,ajt6f6iv,0,,InitializeParticipant,1769889819,1,0,0
0vti371b,2,qx125syt,0,,InitializeParticipant,1769889833,1,0,0
0vti371b,1,ajt6f6iv,1,presurvey,Introduction,1769889839,1,0,0
0vti371b,1,ajt6f6iv,2,presurvey,AudioCheck,1769889854,1,0,0
0vti371b,2,qx125syt,1,presurvey,Introduction,1769889869,1,0,0
0vti371b,1,ajt6f6iv,3,presurvey,Scenario,1769889888,1,0,0
0vti371b,2,qx125syt,2,presurvey,AudioCheck,1769889888,1,0,0
0vti371b,3,qn1kq84l,0,,InitializeParticipant,1769889896,1,0,0
0vti371b,3,qn1kq84l,1,presurvey,Introduction,1769889906,1,0,0
0vti371b,2,qx125syt,3,presurvey,Scenario,1769889918,1,0,0
0vti371b,1,ajt6f6iv,4,presurvey,Commitment,1769889921,1,0,0
0vti371b,2,qx125syt,4,presurvey,Commitment,1769889971,1,0,0
0vti371b,3,qn1kq84l,2,presurvey,AudioCheck,1769889974,1,0,0
0vti371b,4,nnq380gz,0,,InitializeParticipant,1769890006,1,0,0
0vti371b,5,y531a3ah,0,,InitializeParticipant,1769890014,1,0,0
0vti371b,5,y531a3ah,1,presurvey,Introduction,1769890029,1,0,0
0vti371b,5,y531a3ah,2,presurvey,AudioCheck,1769890055,1,0,0
0vti371b,4,nnq380gz,1,presurvey,Introduction,1769890063,1,0,0
0vti371b,5,y531a3ah,3,presurvey,Scenario,1769890109,1,0,0
0vti371b,3,qn1kq84l,3,presurvey,Scenario,1769890117,1,0,0
0vti371b,4,nnq380gz,2,presurvey,AudioCheck,1769890117,1,0,0
0vti371b,6,r58py8sc,0,,InitializeParticipant,1769890122,1,0,0
0vti371b,6,r58py8sc,1,presurvey,Introduction,1769890145,1,0,0
0vti371b,6,r58py8sc,2,presurvey,AudioCheck,1769890174,1,0,0
0vti371b,4,nnq380gz,3,presurvey,Scenario,1769890179,1,0,0
0vti371b,6,r58py8sc,3,presurvey,Scenario,1769890200,1,0,0
0vti371b,3,qn1kq84l,4,presurvey,Commitment,1769890210,1,0,0
0vti371b,7,se2ma4u4,0,,InitializeParticipant,1769890214,1,0,0
0vti371b,6,r58py8sc,4,presurvey,Commitment,1769890221,1,0,0
0vti371b,8,hrr4e9s9,0,,InitializeParticipant,1769890374,1,0,0
0vti371b,8,hrr4e9s9,1,presurvey,Introduction,1769890393,1,0,0
0vti371b,8,hrr4e9s9,2,presurvey,AudioCheck,1769890461,1,0,0
0vti371b,9,cwotxodl,0,,InitializeParticipant,1769890466,1,0,0
0vti371b,10,rdzxjykn,0,,InitializeParticipant,1769890539,1,0,0
0vti371b,10,rdzxjykn,1,presurvey,Introduction,1769890542,1,0,0
0vti371b,8,hrr4e9s9,3,presurvey,Scenario,1769890543,1,0,0
0vti371b,10,rdzxjykn,2,presurvey,AudioCheck,1769890567,1,0,0
0vti371b,10,rdzxjykn,3,presurvey,Scenario,1769890603,1,0,0
0vti371b,11,y2ku10f0,0,,InitializeParticipant,1769890696,1,0,0
0vti371b,11,y2ku10f0,1,presurvey,Introduction,1769890716,1,0,0
0vti371b,11,y2ku10f0,2,presurvey,AudioCheck,1769890746,1,0,0
0vti371b,11,y2ku10f0,3,presurvey,Scenario,1769890787,1,0,0
0vti371b,12,gf53q6r3,0,,InitializeParticipant,1769890818,1,0,0
0vti371b,12,gf53q6r3,1,presurvey,Introduction,1769890824,1,0,0
0vti371b,8,hrr4e9s9,4,presurvey,Commitment,1769890837,1,0,0
0vti371b,12,gf53q6r3,2,presurvey,AudioCheck,1769890838,1,0,0
0vti371b,13,fponrvbc,0,,InitializeParticipant,1769890841,1,0,0
0vti371b,9,cwotxodl,1,presurvey,Introduction,1769890869,1,0,0
0vti371b,12,gf53q6r3,3,presurvey,Scenario,1769890875,1,0,0
0vti371b,9,cwotxodl,2,presurvey,AudioCheck,1769890904,1,0,0
0vti371b,13,fponrvbc,1,presurvey,Introduction,1769890906,1,0,0
0vti371b,14,971c8lj4,0,,InitializeParticipant,1769890910,1,0,0
0vti371b,14,971c8lj4,1,presurvey,Introduction,1769890926,1,0,0
0vti371b,14,971c8lj4,2,presurvey,AudioCheck,1769890939,1,0,0
0vti371b,13,fponrvbc,2,presurvey,AudioCheck,1769890939,1,0,0
0vti371b,14,971c8lj4,3,presurvey,Scenario,1769890967,1,0,0
0vti371b,9,cwotxodl,3,presurvey,Scenario,1769890984,1,0,0
0vti371b,13,fponrvbc,3,presurvey,Scenario,1769890985,1,0,0
0vti371b,14,971c8lj4,4,presurvey,Commitment,1769891000,1,0,0
0vti371b,15,uqbk7bn0,0,,InitializeParticipant,1769891054,1,0,0
0vti371b,13,fponrvbc,4,presurvey,Commitment,1769891067,1,0,0
0vti371b,1,ajt6f6iv,5,mock_N08_N04_Aonly,GroupingWaitPage,1769891114,1,0,1
0vti371b,1,ajt6f6iv,6,mock_N08_N04_Aonly,GroupSizeWaitPage,1769891114,1,0,1
0vti371b,1,ajt6f6iv,7,mock_N08_N04_Aonly,AttentionCheck,1769891118,1,0,0
0vti371b,15,uqbk7bn0,1,presurvey,Introduction,1769891127,1,0,0
0vti371b,16,3nqpin4c,0,,InitializeParticipant,1769891159,1,0,0
0vti371b,17,uy6paeqf,0,,InitializeParticipant,1769891172,1,0,0
0vti371b,16,3nqpin4c,1,presurvey,Introduction,1769891179,1,0,0
0vti371b,18,d0pi01vz,0,,InitializeParticipant,1769891185,1,0,0
0vti371b,17,uy6paeqf,1,presurvey,Introduction,1769891192,1,0,0
0vti371b,16,3nqpin4c,2,presurvey,AudioCheck,1769891214,1,0,0
0vti371b,17,uy6paeqf,2,presurvey,AudioCheck,1769891227,1,0,0
0vti371b,16,3nqpin4c,3,presurvey,Scenario,1769891241,1,0,0
0vti371b,15,uqbk7bn0,2,presurvey,AudioCheck,1769891246,1,0,0
0vti371b,19,6bs1mxjp,0,,InitializeParticipant,1769891265,1,0,0
0vti371b,17,uy6paeqf,3,presurvey,Scenario,1769891265,1,0,0
0vti371b,18,d0pi01vz,1,presurvey,Introduction,1769891267,1,0,0
0vti371b,20,b2dbd3gr,0,,InitializeParticipant,1769891268,1,0,0
0vti371b,19,6bs1mxjp,1,presurvey,Introduction,1769891289,1,0,0
0vti371b,18,d0pi01vz,2,presurvey,AudioCheck,1769891303,1,0,0
0vti371b,19,6bs1mxjp,2,presurvey,AudioCheck,1769891303,1,0,0
0vti371b,20,b2dbd3gr,1,presurvey,Introduction,1769891318,1,0,0
0vti371b,19,6bs1mxjp,3,presurvey,Scenario,1769891326,1,0,0
0vti371b,18,d0pi01vz,3,presurvey,Scenario,1769891344,1,0,0
0vti371b,3,qn1kq84l,5,mock_N08_N04_Aonly,GroupingWaitPage,1769891351,1,0,1
0vti371b,3,qn1kq84l,6,mock_N08_N04_Aonly,GroupSizeWaitPage,1769891351,1,0,1
0vti371b,20,b2dbd3gr,2,presurvey,AudioCheck,1769891354,1,0,0
0vti371b,3,qn1kq84l,7,mock_N08_N04_Aonly,AttentionCheck,1769891361,1,0,0
0vti371b,19,6bs1mxjp,4,presurvey,Commitment,1769891363,1,0,0
0vti371b,6,r58py8sc,5,mock_N08_N04_Aonly,GroupingWaitPage,1769891364,1,0,1
0vti371b,6,r58py8sc,6,mock_N08_N04_Aonly,GroupSizeWaitPage,1769891365,1,0,1
0vti371b,6,r58py8sc,7,mock_N08_N04_Aonly,AttentionCheck,1769891371,1,0,0
0vti371b,21,i3wx3gdg,0,,InitializeParticipant,1769891387,1,0,0
0vti371b,22,h6nz6hj6,0,,InitializeParticipant,1769891395,1,0,0
0vti371b,20,b2dbd3gr,3,presurvey,Scenario,1769891417,1,0,0
0vti371b,22,h6nz6hj6,1,presurvey,Introduction,1769891418,1,0,0
0vti371b,15,uqbk7bn0,3,presurvey,Scenario,1769891421,1,0,0
0vti371b,23,kn3a9orn,0,,InitializeParticipant,1769891425,1,0,0
0vti371b,21,i3wx3gdg,1,presurvey,Introduction,1769891430,1,0,0
0vti371b,23,kn3a9orn,1,presurvey,Introduction,1769891431,1,0,0
0vti371b,22,h6nz6hj6,2,presurvey,AudioCheck,1769891441,1,0,0
0vti371b,24,aur3uj5r,0,,InitializeParticipant,1769891447,1,0,0
0vti371b,23,kn3a9orn,2,presurvey,AudioCheck,1769891451,1,0,0
0vti371b,21,i3wx3gdg,2,presurvey,AudioCheck,1769891462,1,0,0
0vti371b,20,b2dbd3gr,4,presurvey,Commitment,1769891466,1,0,0
0vti371b,24,aur3uj5r,1,presurvey,Introduction,1769891473,1,0,0
0vti371b,18,d0pi01vz,4,presurvey,Commitment,1769891477,1,0,0
0vti371b,25,udzitnwp,0,,InitializeParticipant,1769891485,1,0,0
0vti371b,22,h6nz6hj6,3,presurvey,Scenario,1769891486,1,0,0
0vti371b,23,kn3a9orn,3,presurvey,Scenario,1769891488,1,0,0
0vti371b,25,udzitnwp,1,presurvey,Introduction,1769891497,1,0,0
0vti371b,21,i3wx3gdg,3,presurvey,Scenario,1769891498,1,0,0
0vti371b,24,aur3uj5r,2,presurvey,AudioCheck,1769891513,1,0,0
0vti371b,23,kn3a9orn,4,presurvey,Commitment,1769891524,1,0,0
0vti371b,21,i3wx3gdg,4,presurvey,Commitment,1769891540,1,0,0
0vti371b,25,udzitnwp,2,presurvey,AudioCheck,1769891560,1,0,0
0vti371b,25,udzitnwp,3,presurvey,Scenario,1769891632,1,0,0
0vti371b,24,aur3uj5r,3,presurvey,Scenario,1769891648,1,0,0
0vti371b,25,udzitnwp,4,presurvey,Commitment,1769891710,1,0,0
0vti371b,24,aur3uj5r,4,presurvey,Commitment,1769891744,1,0,0
0vti371b,26,xusn45f7,0,,InitializeParticipant,1769891961,1,0,0
0vti371b,26,xusn45f7,1,presurvey,Introduction,1769891969,1,0,0
0vti371b,8,hrr4e9s9,5,mock_N08_N04_Aonly,GroupingWaitPage,1769891978,1,0,1
0vti371b,8,hrr4e9s9,6,mock_N08_N04_Aonly,GroupSizeWaitPage,1769891979,1,0,1
0vti371b,8,hrr4e9s9,7,mock_N08_N04_Aonly,AttentionCheck,1769891989,1,0,0
0vti371b,26,xusn45f7,2,presurvey,AudioCheck,1769891991,1,0,0
0vti371b,26,xusn45f7,3,presurvey,Scenario,1769892016,1,0,0
0vti371b,27,ovbzwc33,0,,InitializeParticipant,1769892088,1,0,0
0vti371b,27,ovbzwc33,1,presurvey,Introduction,1769892131,1,0,0
0vti371b,14,971c8lj4,5,mock_N08_N04_Aonly,GroupingWaitPage,1769892140,1,0,1
0vti371b,14,971c8lj4,6,mock_N08_N04_Aonly,GroupSizeWaitPage,1769892141,1,0,1
0vti371b,14,971c8lj4,7,mock_N08_N04_Aonly,AttentionCheck,1769892147,1,0,0
0vti371b,27,ovbzwc33,2,presurvey,AudioCheck,1769892182,1,0,0
0vti371b,13,fponrvbc,5,mock_N08_N04_Aonly,GroupingWaitPage,1769892209,1,0,1
0vti371b,13,fponrvbc,6,mock_N08_N04_Aonly,GroupSizeWaitPage,1769892210,1,0,1
0vti371b,28,3urd861k,0,,InitializeParticipant,1769892213,1,0,0
0vti371b,28,3urd861k,1,presurvey,Introduction,1769892220,1,0,0
0vti371b,13,fponrvbc,7,mock_N08_N04_Aonly,AttentionCheck,1769892221,1,0,0
0vti371b,28,3urd861k,2,presurvey,AudioCheck,1769892242,1,0,0
0vti371b,29,3j4a8wp6,0,,InitializeParticipant,1769892290,1,0,0
0vti371b,30,2dk5ivey,0,,InitializeParticipant,1769892292,1,0,0
0vti371b,29,3j4a8wp6,1,presurvey,Introduction,1769892296,1,0,0
0vti371b,28,3urd861k,3,presurvey,Scenario,1769892335,1,0,0
0vti371b,29,3j4a8wp6,2,presurvey,AudioCheck,1769892340,1,0,0
0vti371b,27,ovbzwc33,3,presurvey,Scenario,1769892344,1,0,0
0vti371b,29,3j4a8wp6,3,presurvey,Scenario,1769892425,1,0,0
0vti371b,27,ovbzwc33,4,presurvey,Commitment,1769892447,1,0,0
0vti371b,29,3j4a8wp6,4,presurvey,Commitment,1769892474,1,0,0
0vti371b,19,6bs1mxjp,5,mock_N08_N04_Aonly,GroupingWaitPage,1769892505,1,0,1
0vti371b,19,6bs1mxjp,6,mock_N08_N04_Aonly,GroupSizeWaitPage,1769892505,1,0,1
0vti371b,19,6bs1mxjp,7,mock_N08_N04_Aonly,AttentionCheck,1769892511,1,0,0
0vti371b,20,b2dbd3gr,5,mock_N08_N04_Aonly,GroupingWaitPage,1769892606,1,0,1
0vti371b,20,b2dbd3gr,6,mock_N08_N04_Aonly,GroupSizeWaitPage,1769892606,1,0,1
0vti371b,20,b2dbd3gr,7,mock_N08_N04_Aonly,AttentionCheck,1769892613,1,0,0
0vti371b,18,d0pi01vz,5,mock_N08_N04_Aonly,GroupingWaitPage,1769892619,1,0,1
0vti371b,18,d0pi01vz,6,mock_N08_N04_Aonly,GroupSizeWaitPage,1769892619,1,0,1
0vti371b,18,d0pi01vz,7,mock_N08_N04_Aonly,AttentionCheck,1769892628,1,0,0
0vti371b,23,kn3a9orn,5,mock_N08_N04_Aonly,GroupingWaitPage,1769892665,1,0,1
0vti371b,23,kn3a9orn,6,mock_N08_N04_Aonly,GroupSizeWaitPage,1769892666,1,0,1
0vti371b,23,kn3a9orn,7,mock_N08_N04_Aonly,AttentionCheck,1769892674,1,0,0
0vti371b,21,i3wx3gdg,5,mock_N08_N04_Aonly,GroupingWaitPage,1769892741,1,0,1
0vti371b,21,i3wx3gdg,6,mock_N08_N04_Aonly,GroupSizeWaitPage,1769892741,1,0,1
0vti371b,21,i3wx3gdg,7,mock_N08_N04_Aonly,AttentionCheck,1769892747,1,0,0
0vti371b,31,e5yamee6,0,,InitializeParticipant,1769892804,1,0,0
0vti371b,25,udzitnwp,5,mock_N08_N04_Aonly,GroupingWaitPage,1769892854,1,0,1
0vti371b,25,udzitnwp,6,mock_N08_N04_Aonly,GroupSizeWaitPage,1769892854,1,0,1
0vti371b,25,udzitnwp,7,mock_N08_N04_Aonly,AttentionCheck,1769892866,1,0,0
0vti371b,24,aur3uj5r,5,mock_N08_N04_Aonly,GroupingWaitPage,1769892888,1,0,1
0vti371b,24,aur3uj5r,6,mock_N08_N04_Aonly,GroupSizeWaitPage,1769892888,1,0,1
0vti371b,31,e5yamee6,1,presurvey,Introduction,1769892888,1,0,0
0vti371b,24,aur3uj5r,7,mock_N08_N04_Aonly,AttentionCheck,1769892904,1,0,0
0vti371b,32,c99pwfi5,0,,InitializeParticipant,1769892943,1,0,0
0vti371b,32,c99pwfi5,1,presurvey,Introduction,1769892961,1,0,0
0vti371b,33,mf0h08yi,0,,InitializeParticipant,1769892962,1,0,0
0vti371b,33,mf0h08yi,1,presurvey,Introduction,1769892978,1,0,0
0vti371b,32,c99pwfi5,2,presurvey,AudioCheck,1769892989,1,0,0
0vti371b,33,mf0h08yi,2,presurvey,AudioCheck,1769892999,1,0,0
0vti371b,33,mf0h08yi,3,presurvey,Scenario,1769893036,1,0,0
0vti371b,31,e5yamee6,2,presurvey,AudioCheck,1769893049,1,0,0
0vti371b,32,c99pwfi5,3,presurvey,Scenario,1769893051,1,0,0
0vti371b,34,qri34el6,0,,InitializeParticipant,1769893073,1,0,0
0vti371b,31,e5yamee6,3,presurvey,Scenario,1769893143,1,0,0
0vti371b,34,qri34el6,1,presurvey,Introduction,1769893184,1,0,0
0vti371b,34,qri34el6,2,presurvey,AudioCheck,1769893213,1,0,0
0vti371b,35,g599jwkg,0,,InitializeParticipant,1769893215,1,0,0
0vti371b,35,g599jwkg,1,presurvey,Introduction,1769893226,1,0,0
0vti371b,35,g599jwkg,2,presurvey,AudioCheck,1769893251,1,0,0
0vti371b,35,g599jwkg,3,presurvey,Scenario,1769893301,1,0,0
0vti371b,31,e5yamee6,4,presurvey,Commitment,1769893311,1,0,0
0vti371b,36,ywhtr0oq,0,,InitializeParticipant,1769893313,1,0,0
0vti371b,34,qri34el6,3,presurvey,Scenario,1769893346,1,0,0
0vti371b,36,ywhtr0oq,1,presurvey,Introduction,1769893359,1,0,0
0vti371b,34,qri34el6,4,presurvey,Commitment,1769893369,1,0,0
0vti371b,36,ywhtr0oq,2,presurvey,AudioCheck,1769893395,1,0,0
0vti371b,37,j80g9ery,0,,InitializeParticipant,1769893444,1,0,0
0vti371b,36,ywhtr0oq,3,presurvey,Scenario,1769893445,1,0,0
0vti371b,37,j80g9ery,1,presurvey,Introduction,1769893478,1,0,0
0vti371b,37,j80g9ery,2,presurvey,AudioCheck,1769893525,1,0,0
0vti371b,27,ovbzwc33,5,mock_N08_N04_Aonly,GroupingWaitPage,1769893592,1,0,1
0vti371b,27,ovbzwc33,6,mock_N08_N04_Aonly,GroupSizeWaitPage,1769893592,1,0,1
0vti371b,37,j80g9ery,3,presurvey,Scenario,1769893593,1,0,0
0vti371b,27,ovbzwc33,7,mock_N08_N04_Aonly,AttentionCheck,1769893630,1,1,0
0vti371b,38,s7tflgfe,0,,InitializeParticipant,1769893675,1,0,0
0vti371b,38,s7tflgfe,1,presurvey,Introduction,1769893679,1,0,0
0vti371b,29,3j4a8wp6,5,mock_N08_N04_Aonly,GroupingWaitPage,1769893689,1,0,1
0vti371b,29,3j4a8wp6,6,mock_N08_N04_Aonly,GroupSizeWaitPage,1769893690,1,0,1
0vti371b,29,3j4a8wp6,7,mock_N08_N04_Aonly,AttentionCheck,1769893699,1,0,0
0vti371b,39,knivd81b,0,,InitializeParticipant,1769893702,1,0,0
0vti371b,38,s7tflgfe,2,presurvey,AudioCheck,1769893702,1,0,0
0vti371b,39,knivd81b,1,presurvey,Introduction,1769893712,1,0,0
0vti371b,39,knivd81b,2,presurvey,AudioCheck,1769893731,1,0,0
0vti371b,38,s7tflgfe,3,presurvey,Scenario,1769893742,1,0,0
0vti371b,39,knivd81b,3,presurvey,Scenario,1769893783,1,0,0
0vti371b,40,6a9un4hh,0,,InitializeParticipant,1769893998,1,0,0
0vti371b,40,6a9un4hh,1,presurvey,Introduction,1769894009,1,0,0
0vti371b,40,6a9un4hh,2,presurvey,AudioCheck,1769894030,1,0,0
0vti371b,41,5fu7ec4u,0,,InitializeParticipant,1769894047,1,0,0
0vti371b,40,6a9un4hh,3,presurvey,Scenario,1769894051,1,0,0
0vti371b,42,ljl93h0h,0,,InitializeParticipant,1769894067,1,0,0
0vti371b,41,5fu7ec4u,1,presurvey,Introduction,1769894074,1,0,0
0vti371b,42,ljl93h0h,1,presurvey,Introduction,1769894083,1,0,0
0vti371b,41,5fu7ec4u,2,presurvey,AudioCheck,1769894097,1,0,0
0vti371b,42,ljl93h0h,2,presurvey,AudioCheck,1769894101,1,0,0
0vti371b,41,5fu7ec4u,3,presurvey,Scenario,1769894126,1,0,0
0vti371b,42,ljl93h0h,3,presurvey,Scenario,1769894133,1,0,0
0vti371b,43,d6xtu8qc,0,,InitializeParticipant,1769894136,1,0,0
0vti371b,41,5fu7ec4u,4,presurvey,Commitment,1769894158,1,0,0
0vti371b,44,nmghm9bb,0,,InitializeParticipant,1769894174,1,0,0
0vti371b,45,tm5td9ov,0,,InitializeParticipant,1769894175,1,0,0
0vti371b,45,tm5td9ov,1,presurvey,Introduction,1769894180,1,0,0
0vti371b,44,nmghm9bb,1,presurvey,Introduction,1769894181,1,0,0
0vti371b,45,tm5td9ov,2,presurvey,AudioCheck,1769894199,1,0,0
0vti371b,43,d6xtu8qc,1,presurvey,Introduction,1769894203,1,0,0
0vti371b,44,nmghm9bb,2,presurvey,AudioCheck,1769894205,1,0,0
0vti371b,46,h6y41ueo,0,,InitializeParticipant,1769894229,1,0,0
0vti371b,45,tm5td9ov,3,presurvey,Scenario,1769894233,1,0,0
0vti371b,43,d6xtu8qc,2,presurvey,AudioCheck,1769894235,1,0,0
0vti371b,44,nmghm9bb,3,presurvey,Scenario,1769894235,1,0,0
0vti371b,46,h6y41ueo,1,presurvey,Introduction,1769894236,1,0,0
0vti371b,46,h6y41ueo,2,presurvey,AudioCheck,1769894251,1,0,0
0vti371b,47,9u0kog70,0,,InitializeParticipant,1769894260,1,0,0
0vti371b,47,9u0kog70,1,presurvey,Introduction,1769894265,1,0,0
0vti371b,44,nmghm9bb,4,presurvey,Commitment,1769894281,1,0,0
0vti371b,46,h6y41ueo,3,presurvey,Scenario,1769894284,1,0,0
0vti371b,47,9u0kog70,2,presurvey,AudioCheck,1769894286,1,0,0
0vti371b,43,d6xtu8qc,3,presurvey,Scenario,1769894288,1,0,0
0vti371b,47,9u0kog70,3,presurvey,Scenario,1769894317,1,0,0
0vti371b,43,d6xtu8qc,4,presurvey,Commitment,1769894341,1,0,0
0vti371b,47,9u0kog70,4,presurvey,Commitment,1769894361,1,0,0
0vti371b,48,6b7wo6tr,0,,InitializeParticipant,1769894435,1,0,0
0vti371b,49,xkedsdd4,0,,InitializeParticipant,1769894446,1,0,0
0vti371b,49,xkedsdd4,1,presurvey,Introduction,1769894458,1,0,0
0vti371b,48,6b7wo6tr,1,presurvey,Introduction,1769894474,1,0,0
0vti371b,50,ry093fys,0,,InitializeParticipant,1769894483,1,0,0
0vti371b,50,ry093fys,1,presurvey,Introduction,1769894487,1,0,0
0vti371b,48,6b7wo6tr,2,presurvey,AudioCheck,1769894509,1,0,0
0vti371b,49,xkedsdd4,2,presurvey,AudioCheck,1769894511,1,0,0
0vti371b,50,ry093fys,2,presurvey,AudioCheck,1769894511,1,0,0
0vti371b,48,6b7wo6tr,3,presurvey,Scenario,1769894539,1,0,0
0vti371b,50,ry093fys,3,presurvey,Scenario,1769894547,1,0,0
0vti371b,49,xkedsdd4,3,presurvey,Scenario,1769894555,1,0,0
0vti371b,48,6b7wo6tr,4,presurvey,Commitment,1769894574,1,0,0
0vti371b,49,xkedsdd4,4,presurvey,Commitment,1769894601,1,0,0
0vti371b,51,7s3h3gt4,0,,InitializeParticipant,1769894663,1,0,0
0vti371b,52,4hwcd76d,0,,InitializeParticipant,1769894754,1,0,0
0vti371b,52,4hwcd76d,1,presurvey,Introduction,1769894790,1,0,0
0vti371b,52,4hwcd76d,2,presurvey,AudioCheck,1769894839,1,0,0
0vti371b,53,goh65pgp,0,,InitializeParticipant,1769894840,1,0,0
0vti371b,53,goh65pgp,1,presurvey,Introduction,1769894843,1,0,0
0vti371b,53,goh65pgp,2,presurvey,AudioCheck,1769894862,1,0,0
0vti371b,52,4hwcd76d,3,presurvey,Scenario,1769894867,1,0,0
0vti371b,53,goh65pgp,3,presurvey,Scenario,1769894890,1,0,0
0vti371b,53,goh65pgp,4,presurvey,Commitment,1769894917,1,0,0
0vti371b,52,4hwcd76d,4,presurvey,Commitment,1769894920,1,0,0
0vti371b,54,pqfjcdp4,0,,InitializeParticipant,1769894947,1,0,0
0vti371b,54,pqfjcdp4,1,presurvey,Introduction,1769894954,1,0,0
0vti371b,51,7s3h3gt4,1,presurvey,Introduction,1769894969,1,0,0
0vti371b,55,53cpr54f,0,,InitializeParticipant,1769894988,1,0,0
0vti371b,56,jnx1k7vg,0,,InitializeParticipant,1769894993,1,0,0
0vti371b,56,jnx1k7vg,1,presurvey,Introduction,1769894998,1,0,0
0vti371b,55,53cpr54f,1,presurvey,Introduction,1769895024,1,0,0
0vti371b,57,5z6nwl5q,0,,InitializeParticipant,1769895035,1,0,0
0vti371b,57,5z6nwl5q,1,presurvey,Introduction,1769895041,1,0,0
0vti371b,57,5z6nwl5q,2,presurvey,AudioCheck,1769895059,1,0,0
0vti371b,54,pqfjcdp4,2,presurvey,AudioCheck,1769895081,1,0,0
0vti371b,57,5z6nwl5q,3,presurvey,Scenario,1769895095,1,0,0
0vti371b,54,pqfjcdp4,3,presurvey,Scenario,1769895100,1,0,0
0vti371b,58,gkdjan1r,0,,InitializeParticipant,1769895108,1,0,0
0vti371b,56,jnx1k7vg,2,presurvey,AudioCheck,1769895114,1,0,0
0vti371b,55,53cpr54f,2,presurvey,AudioCheck,1769895119,1,0,0
0vti371b,51,7s3h3gt4,2,presurvey,AudioCheck,1769895121,1,0,0
0vti371b,58,gkdjan1r,1,presurvey,Introduction,1769895121,1,0,0
0vti371b,54,pqfjcdp4,4,presurvey,Commitment,1769895125,1,0,0
0vti371b,41,5fu7ec4u,5,mock_N08_N04_Aonly,GroupingWaitPage,1769895125,1,0,1
0vti371b,43,d6xtu8qc,5,mock_N08_N04_Aonly,GroupingWaitPage,1769895125,1,0,1
0vti371b,44,nmghm9bb,5,mock_N08_N04_Aonly,GroupingWaitPage,1769895125,1,0,1
0vti371b,47,9u0kog70,5,mock_N08_N04_Aonly,GroupingWaitPage,1769895125,1,0,1
0vti371b,48,6b7wo6tr,5,mock_N08_N04_Aonly,GroupingWaitPage,1769895125,1,0,1
0vti371b,52,4hwcd76d,5,mock_N08_N04_Aonly,GroupingWaitPage,1769895125,1,0,1
0vti371b,53,goh65pgp,5,mock_N08_N04_Aonly,GroupingWaitPage,1769895125,1,0,1
0vti371b,54,pqfjcdp4,5,mock_N08_N04_Aonly,GroupingWaitPage,1769895125,1,0,1
0vti371b,59,q561nmuk,0,,InitializeParticipant,1769895128,1,0,0
0vti371b,41,5fu7ec4u,6,mock_N08_N04_Aonly,GroupSizeWaitPage,1769895131,1,0,1
0vti371b,43,d6xtu8qc,6,mock_N08_N04_Aonly,GroupSizeWaitPage,1769895131,1,0,1
0vti371b,44,nmghm9bb,6,mock_N08_N04_Aonly,GroupSizeWaitPage,1769895131,1,0,1
0vti371b,47,9u0kog70,6,mock_N08_N04_Aonly,GroupSizeWaitPage,1769895131,1,0,1
0vti371b,48,6b7wo6tr,6,mock_N08_N04_Aonly,GroupSizeWaitPage,1769895131,1,0,1
0vti371b,52,4hwcd76d,6,mock_N08_N04_Aonly,GroupSizeWaitPage,1769895131,1,0,1
0vti371b,53,goh65pgp,6,mock_N08_N04_Aonly,GroupSizeWaitPage,1769895131,1,0,1
0vti371b,54,pqfjcdp4,6,mock_N08_N04_Aonly,GroupSizeWaitPage,1769895131,1,0,1
0vti371b,41,5fu7ec4u,8,mock_N08_N04_Aonly,DiscussionGRPWaitPage,1769895131,1,0,1
0vti371b,48,6b7wo6tr,8,mock_N08_N04_Aonly,DiscussionGRPWaitPage,1769895131,1,0,1
0vti371b,53,goh65pgp,8,mock_N08_N04_Aonly,DiscussionGRPWaitPage,1769895131,1,0,1
0vti371b,47,9u0kog70,8,mock_N08_N04_Aonly,DiscussionGRPWaitPage,1769895131,1,0,1
0vti371b,52,4hwcd76d,8,mock_N08_N04_Aonly,DiscussionGRPWaitPage,1769895131,1,0,1
0vti371b,43,d6xtu8qc,8,mock_N08_N04_Aonly,DiscussionGRPWaitPage,1769895131,1,0,1
0vti371b,44,nmghm9bb,8,mock_N08_N04_Aonly,DiscussionGRPWaitPage,1769895131,1,0,1
0vti371b,54,pqfjcdp4,8,mock_N08_N04_Aonly,DiscussionGRPWaitPage,1769895131,1,0,1
0vti371b,59,q561nmuk,1,presurvey,Introduction,1769895131,1,0,0
0vti371b,58,gkdjan1r,2,presurvey,AudioCheck,1769895147,1,0,0
0vti371b,41,5fu7ec4u,9,mock_N08_N04_Aonly,Nudge,1769895147,1,0,0
0vti371b,53,goh65pgp,9,mock_N08_N04_Aonly,Nudge,1769895149,1,0,0
0vti371b,54,pqfjcdp4,9,mock_N08_N04_Aonly,Nudge,1769895151,1,0,0
0vti371b,52,4hwcd76d,9,mock_N08_N04_Aonly,Nudge,1769895151,1,0,0
0vti371b,59,q561nmuk,2,presurvey,AudioCheck,1769895153,1,0,0
0vti371b,47,9u0kog70,9,mock_N08_N04_Aonly,Nudge,1769895153,1,0,0
0vti371b,44,nmghm9bb,9,mock_N08_N04_Aonly,Nudge,1769895156,1,0,0
0vti371b,41,5fu7ec4u,10,mock_N08_N04_Aonly,NudgeTraining,1769895156,1,0,0
0vti371b,48,6b7wo6tr,9,mock_N08_N04_Aonly,Nudge,1769895159,1,0,0
0vti371b,54,pqfjcdp4,10,mock_N08_N04_Aonly,NudgeTraining,1769895159,1,0,0
0vti371b,41,5fu7ec4u,11,mock_N08_N04_Aonly,NudgeTrainingLast,1769895163,1,0,0
0vti371b,56,jnx1k7vg,3,presurvey,Scenario,1769895164,1,0,0
0vti371b,53,goh65pgp,10,mock_N08_N04_Aonly,NudgeTraining,1769895165,1,0,0
0vti371b,54,pqfjcdp4,11,mock_N08_N04_Aonly,NudgeTrainingLast,1769895165,1,0,0
0vti371b,51,7s3h3gt4,3,presurvey,Scenario,1769895167,1,0,0
0vti371b,52,4hwcd76d,10,mock_N08_N04_Aonly,NudgeTraining,1769895169,1,0,0
0vti371b,55,53cpr54f,3,presurvey,Scenario,1769895170,1,0,0
0vti371b,44,nmghm9bb,10,mock_N08_N04_Aonly,NudgeTraining,1769895172,1,0,0
0vti371b,53,goh65pgp,11,mock_N08_N04_Aonly,NudgeTrainingLast,1769895172,1,0,0
0vti371b,47,9u0kog70,10,mock_N08_N04_Aonly,NudgeTraining,1769895172,1,0,0
0vti371b,41,5fu7ec4u,12,mock_N08_N04_Aonly,Phase3,1769895174,1,0,0
0vti371b,52,4hwcd76d,11,mock_N08_N04_Aonly,NudgeTrainingLast,1769895178,1,0,0
0vti371b,44,nmghm9bb,11,mock_N08_N04_Aonly,NudgeTrainingLast,1769895180,1,0,0
0vti371b,48,6b7wo6tr,10,mock_N08_N04_Aonly,NudgeTraining,1769895181,1,0,0
0vti371b,56,jnx1k7vg,4,presurvey,Commitment,1769895182,1,0,0
0vti371b,60,hgtwkgf7,0,,InitializeParticipant,1769895185,1,0,0
0vti371b,47,9u0kog70,11,mock_N08_N04_Aonly,NudgeTrainingLast,1769895187,1,0,0
0vti371b,54,pqfjcdp4,12,mock_N08_N04_Aonly,Phase3,1769895187,1,0,0
0vti371b,41,5fu7ec4u,13,mock_N08_N04_Aonly,Discussion,1769895189,1,0,0
0vti371b,53,goh65pgp,12,mock_N08_N04_Aonly,Phase3,1769895192,1,0,0
0vti371b,59,q561nmuk,3,presurvey,Scenario,1769895192,1,0,0
0vti371b,48,6b7wo6tr,11,mock_N08_N04_Aonly,NudgeTrainingLast,1769895192,1,0,0
0vti371b,43,d6xtu8qc,9,mock_N08_N04_Aonly,Nudge,1769895193,1,0,0
0vti371b,52,4hwcd76d,12,mock_N08_N04_Aonly,Phase3,1769895196,1,0,0
0vti371b,54,pqfjcdp4,13,mock_N08_N04_Aonly,Discussion,1769895196,1,0,0
0vti371b,44,nmghm9bb,12,mock_N08_N04_Aonly,Phase3,1769895196,1,0,0
0vti371b,47,9u0kog70,12,mock_N08_N04_Aonly,Phase3,1769895197,1,0,0
0vti371b,48,6b7wo6tr,12,mock_N08_N04_Aonly,Phase3,1769895199,1,0,0
0vti371b,58,gkdjan1r,3,presurvey,Scenario,1769895201,1,0,0
0vti371b,53,goh65pgp,13,mock_N08_N04_Aonly,Discussion,1769895201,1,0,0
0vti371b,52,4hwcd76d,13,mock_N08_N04_Aonly,Discussion,1769895207,1,0,0
0vti371b,60,hgtwkgf7,1,presurvey,Introduction,1769895208,1,0,0
0vti371b,47,9u0kog70,13,mock_N08_N04_Aonly,Discussion,1769895211,1,0,0
0vti371b,44,nmghm9bb,13,mock_N08_N04_Aonly,Discussion,1769895216,1,0,0
0vti371b,48,6b7wo6tr,13,mock_N08_N04_Aonly,Discussion,1769895226,1,0,0
0vti371b,43,d6xtu8qc,10,mock_N08_N04_Aonly,NudgeTraining,1769895228,1,0,0
0vti371b,60,hgtwkgf7,2,presurvey,AudioCheck,1769895233,1,0,0
0vti371b,59,q561nmuk,4,presurvey,Commitment,1769895233,1,0,0
0vti371b,43,d6xtu8qc,11,mock_N08_N04_Aonly,NudgeTrainingLast,1769895239,1,0,0
0vti371b,55,53cpr54f,4,presurvey,Commitment,1769895250,1,0,0
0vti371b,60,hgtwkgf7,3,presurvey,Scenario,1769895260,1,0,0
0vti371b,51,7s3h3gt4,4,presurvey,Commitment,1769895262,1,0,0
0vti371b,43,d6xtu8qc,12,mock_N08_N04_Aonly,Phase3,1769895269,1,0,0
0vti371b,43,d6xtu8qc,13,mock_N08_N04_Aonly,Discussion,1769895290,1,0,0
0vti371b,41,5fu7ec4u,19,mock_N08_N04_Aonly,DiscussionGRPWaitPage,1769895290,2,0,1
0vti371b,54,pqfjcdp4,19,mock_N08_N04_Aonly,DiscussionGRPWaitPage,1769895290,2,0,1
0vti371b,48,6b7wo6tr,19,mock_N08_N04_Aonly,DiscussionGRPWaitPage,1769895290,2,0,1
0vti371b,53,goh65pgp,19,mock_N08_N04_Aonly,DiscussionGRPWaitPage,1769895290,2,0,1
0vti371b,47,9u0kog70,19,mock_N08_N04_Aonly,DiscussionGRPWaitPage,1769895290,2,0,1
0vti371b,52,4hwcd76d,19,mock_N08_N04_Aonly,DiscussionGRPWaitPage,1769895290,2,0,1
0vti371b,43,d6xtu8qc,19,mock_N08_N04_Aonly,DiscussionGRPWaitPage,1769895290,2,0,1
0vti371b,44,nmghm9bb,19,mock_N08_N04_Aonly,DiscussionGRPWaitPage,1769895290,2,0,1
0vti371b,53,goh65pgp,24,mock_N08_N04_Aonly,Discussion,1769895298,2,0,0
0vti371b,41,5fu7ec4u,24,mock_N08_N04_Aonly,Discussion,1769895298,2,0,0
0vti371b,52,4hwcd76d,24,mock_N08_N04_Aonly,Discussion,1769895299,2,0,0
0vti371b,48,6b7wo6tr,24,mock_N08_N04_Aonly,Discussion,1769895299,2,0,0
0vti371b,54,pqfjcdp4,24,mock_N08_N04_Aonly,Discussion,1769895301,2,0,0
0vti371b,58,gkdjan1r,4,presurvey,Commitment,1769895302,1,0,0
0vti371b,44,nmghm9bb,24,mock_N08_N04_Aonly,Discussion,1769895304,2,0,0
0vti371b,43,d6xtu8qc,24,mock_N08_N04_Aonly,Discussion,1769895314,2,0,0
0vti371b,47,9u0kog70,24,mock_N08_N04_Aonly,Discussion,1769895316,2,0,0
0vti371b,41,5fu7ec4u,30,mock_N08_N04_Aonly,DiscussionGRPWaitPage,1769895317,3,0,1
0vti371b,48,6b7wo6tr,30,mock_N08_N04_Aonly,DiscussionGRPWaitPage,1769895317,3,0,1
0vti371b,47,9u0kog70,30,mock_N08_N04_Aonly,DiscussionGRPWaitPage,1769895317,3,0,1
0vti371b,53,goh65pgp,30,mock_N08_N04_Aonly,DiscussionGRPWaitPage,1769895317,3,0,1
0vti371b,52,4hwcd76d,30,mock_N08_N04_Aonly,DiscussionGRPWaitPage,1769895317,3,0,1
0vti371b,43,d6xtu8qc,30,mock_N08_N04_Aonly,DiscussionGRPWaitPage,1769895317,3,0,1
0vti371b,44,nmghm9bb,30,mock_N08_N04_Aonly,DiscussionGRPWaitPage,1769895317,3,0,1
0vti371b,54,pqfjcdp4,30,mock_N08_N04_Aonly,DiscussionGRPWaitPage,1769895317,3,0,1
0vti371b,41,5fu7ec4u,35,mock_N08_N04_Aonly,Discussion,1769895321,3,0,0
0vti371b,52,4hwcd76d,35,mock_N08_N04_Aonly,Discussion,1769895323,3,0,0
0vti371b,53,goh65pgp,35,mock_N08_N04_Aonly,Discussion,1769895323,3,0,0
0vti371b,43,d6xtu8qc,35,mock_N08_N04_Aonly,Discussion,1769895325,3,0,0
0vti371b,54,pqfjcdp4,35,mock_N08_N04_Aonly,Discussion,1769895327,3,0,0
0vti371b,44,nmghm9bb,35,mock_N08_N04_Aonly,Discussion,1769895328,3,0,0
0vti371b,47,9u0kog70,35,mock_N08_N04_Aonly,Discussion,1769895330,3,0,0
0vti371b,61,8cpvz3gs,0,,InitializeParticipant,1769895333,1,0,0
0vti371b,48,6b7wo6tr,35,mock_N08_N04_Aonly,Discussion,1769895337,3,0,0
0vti371b,41,5fu7ec4u,41,mock_N08_N04_Aonly,DiscussionGRPWaitPage,1769895337,4,0,1
0vti371b,48,6b7wo6tr,41,mock_N08_N04_Aonly,DiscussionGRPWaitPage,1769895337,4,0,1
0vti371b,53,goh65pgp,41,mock_N08_N04_Aonly,DiscussionGRPWaitPage,1769895337,4,0,1
0vti371b,47,9u0kog70,41,mock_N08_N04_Aonly,DiscussionGRPWaitPage,1769895337,4,0,1
0vti371b,52,4hwcd76d,41,mock_N08_N04_Aonly,DiscussionGRPWaitPage,1769895337,4,0,1
0vti371b,43,d6xtu8qc,41,mock_N08_N04_Aonly,DiscussionGRPWaitPage,1769895337,4,0,1
0vti371b,44,nmghm9bb,41,mock_N08_N04_Aonly,DiscussionGRPWaitPage,1769895337,4,0,1
0vti371b,54,pqfjcdp4,41,mock_N08_N04_Aonly,DiscussionGRPWaitPage,1769895337,4,0,1
0vti371b,53,goh65pgp,46,mock_N08_N04_Aonly,Discussion,1769895342,4,0,0
0vti371b,54,pqfjcdp4,46,mock_N08_N04_Aonly,Discussion,1769895343,4,0,0
0vti371b,41,5fu7ec4u,46,mock_N08_N04_Aonly,Discussion,1769895343,4,0,0
0vti371b,52,4hwcd76d,46,mock_N08_N04_Aonly,Discussion,1769895344,4,0,0
0vti371b,47,9u0kog70,46,mock_N08_N04_Aonly,Discussion,1769895344,4,0,0
0vti371b,44,nmghm9bb,46,mock_N08_N04_Aonly,Discussion,1769895344,4,0,0
0vti371b,43,d6xtu8qc,46,mock_N08_N04_Aonly,Discussion,1769895345,4,0,0
0vti371b,48,6b7wo6tr,46,mock_N08_N04_Aonly,Discussion,1769895352,4,0,0
0vti371b,48,6b7wo6tr,52,mock_N08_N04_Aonly,DiscussionGRPWaitPage,1769895352,5,0,1
0vti371b,53,goh65pgp,52,mock_N08_N04_Aonly,DiscussionGRPWaitPage,1769895352,5,0,1
0vti371b,47,9u0kog70,52,mock_N08_N04_Aonly,DiscussionGRPWaitPage,1769895352,5,0,1
0vti371b,52,4hwcd76d,52,mock_N08_N04_Aonly,DiscussionGRPWaitPage,1769895352,5,0,1
0vti371b,41,5fu7ec4u,52,mock_N08_N04_Aonly,DiscussionGRPWaitPage,1769895352,5,0,1
0vti371b,43,d6xtu8qc,52,mock_N08_N04_Aonly,DiscussionGRPWaitPage,1769895352,5,0,1
0vti371b,44,nmghm9bb,52,mock_N08_N04_Aonly,DiscussionGRPWaitPage,1769895352,5,0,1
0vti371b,54,pqfjcdp4,52,mock_N08_N04_Aonly,DiscussionGRPWaitPage,1769895352,5,0,1
0vti371b,52,4hwcd76d,57,mock_N08_N04_Aonly,Discussion,1769895356,5,0,0
0vti371b,43,d6xtu8qc,57,mock_N08_N04_Aonly,Discussion,1769895356,5,0,0
0vti371b,53,goh65pgp,57,mock_N08_N04_Aonly,Discussion,1769895356,5,0,0
0vti371b,48,6b7wo6tr,57,mock_N08_N04_Aonly,Discussion,1769895358,5,0,0
0vti371b,41,5fu7ec4u,57,mock_N08_N04_Aonly,Discussion,1769895358,5,0,0
0vti371b,54,pqfjcdp4,57,mock_N08_N04_Aonly,Discussion,1769895359,5,0,0
0vti371b,47,9u0kog70,57,mock_N08_N04_Aonly,Discussion,1769895361,5,0,0
0vti371b,44,nmghm9bb,57,mock_N08_N04_Aonly,Discussion,1769895363,5,0,0
0vti371b,41,5fu7ec4u,63,mock_N08_N04_Aonly,DiscussionGRPWaitPage,1769895363,6,0,1
0vti371b,48,6b7wo6tr,63,mock_N08_N04_Aonly,DiscussionGRPWaitPage,1769895363,6,0,1
0vti371b,53,goh65pgp,63,mock_N08_N04_Aonly,DiscussionGRPWaitPage,1769895363,6,0,1
0vti371b,47,9u0kog70,63,mock_N08_N04_Aonly,DiscussionGRPWaitPage,1769895363,6,0,1
0vti371b,52,4hwcd76d,63,mock_N08_N04_Aonly,DiscussionGRPWaitPage,1769895363,6,0,1
0vti371b,43,d6xtu8qc,63,mock_N08_N04_Aonly,DiscussionGRPWaitPage,1769895363,6,0,1
0vti371b,44,nmghm9bb,63,mock_N08_N04_Aonly,DiscussionGRPWaitPage,1769895363,6,0,1
0vti371b,54,pqfjcdp4,63,mock_N08_N04_Aonly,DiscussionGRPWaitPage,1769895363,6,0,1
0vti371b,61,8cpvz3gs,1,presurvey,Introduction,1769895365,1,0,0
0vti371b,41,5fu7ec4u,68,mock_N08_N04_Aonly,Discussion,1769895367,6,0,0
0vti371b,54,pqfjcdp4,68,mock_N08_N04_Aonly,Discussion,1769895367,6,0,0
0vti371b,53,goh65pgp,68,mock_N08_N04_Aonly,Discussion,1769895367,6,0,0
0vti371b,43,d6xtu8qc,68,mock_N08_N04_Aonly,Discussion,1769895369,6,0,0
0vti371b,52,4hwcd76d,68,mock_N08_N04_Aonly,Discussion,1769895370,6,0,0
0vti371b,47,9u0kog70,68,mock_N08_N04_Aonly,Discussion,1769895370,6,0,0
0vti371b,44,nmghm9bb,68,mock_N08_N04_Aonly,Discussion,1769895374,6,0,0
0vti371b,62,ljrwycpu,0,,InitializeParticipant,1769895375,1,0,0
0vti371b,48,6b7wo6tr,68,mock_N08_N04_Aonly,Discussion,1769895383,6,0,0
0vti371b,48,6b7wo6tr,74,mock_N08_N04_Aonly,DiscussionGRPWaitPage,1769895383,7,0,1
0vti371b,53,goh65pgp,74,mock_N08_N04_Aonly,DiscussionGRPWaitPage,1769895383,7,0,1
0vti371b,47,9u0kog70,74,mock_N08_N04_Aonly,DiscussionGRPWaitPage,1769895383,7,0,1
0vti371b,52,4hwcd76d,74,mock_N08_N04_Aonly,DiscussionGRPWaitPage,1769895383,7,0,1
0vti371b,41,5fu7ec4u,74,mock_N08_N04_Aonly,DiscussionGRPWaitPage,1769895383,7,0,1
0vti371b,43,d6xtu8qc,74,mock_N08_N04_Aonly,DiscussionGRPWaitPage,1769895383,7,0,1
0vti371b,44,nmghm9bb,74,mock_N08_N04_Aonly,DiscussionGRPWaitPage,1769895383,7,0,1
0vti371b,54,pqfjcdp4,74,mock_N08_N04_Aonly,DiscussionGRPWaitPage,1769895383,7,0,1
0vti371b,41,5fu7ec4u,79,mock_N08_N04_Aonly,Discussion,1769895386,7,0,0
0vti371b,43,d6xtu8qc,79,mock_N08_N04_Aonly,Discussion,1769895387,7,0,0
0vti371b,52,4hwcd76d,79,mock_N08_N04_Aonly,Discussion,1769895387,7,0,0
0vti371b,53,goh65pgp,79,mock_N08_N04_Aonly,Discussion,1769895388,7,0,0
0vti371b,54,pqfjcdp4,79,mock_N08_N04_Aonly,Discussion,1769895388,7,0,0
0vti371b,61,8cpvz3gs,2,presurvey,AudioCheck,1769895388,1,0,0
0vti371b,48,6b7wo6tr,79,mock_N08_N04_Aonly,Discussion,1769895389,7,0,0
0vti371b,47,9u0kog70,79,mock_N08_N04_Aonly,Discussion,1769895390,7,0,0
0vti371b,44,nmghm9bb,79,mock_N08_N04_Aonly,Discussion,1769895390,7,0,0
0vti371b,41,5fu7ec4u,85,mock_N08_N04_Aonly,DiscussionGRPWaitPage,1769895390,8,0,1
0vti371b,48,6b7wo6tr,85,mock_N08_N04_Aonly,DiscussionGRPWaitPage,1769895390,8,0,1
0vti371b,47,9u0kog70,85,mock_N08_N04_Aonly,DiscussionGRPWaitPage,1769895390,8,0,1
0vti371b,53,goh65pgp,85,mock_N08_N04_Aonly,DiscussionGRPWaitPage,1769895390,8,0,1
0vti371b,52,4hwcd76d,85,mock_N08_N04_Aonly,DiscussionGRPWaitPage,1769895390,8,0,1
0vti371b,43,d6xtu8qc,85,mock_N08_N04_Aonly,DiscussionGRPWaitPage,1769895390,8,0,1
0vti371b,44,nmghm9bb,85,mock_N08_N04_Aonly,DiscussionGRPWaitPage,1769895390,8,0,1
0vti371b,54,pqfjcdp4,85,mock_N08_N04_Aonly,DiscussionGRPWaitPage,1769895390,8,0,1
0vti371b,41,5fu7ec4u,90,mock_N08_N04_Aonly,Discussion,1769895393,8,0,0
0vti371b,52,4hwcd76d,90,mock_N08_N04_Aonly,Discussion,1769895393,8,0,0
0vti371b,54,pqfjcdp4,90,mock_N08_N04_Aonly,Discussion,1769895394,8,0,0
0vti371b,43,d6xtu8qc,90,mock_N08_N04_Aonly,Discussion,1769895394,8,0,0
0vti371b,53,goh65pgp,90,mock_N08_N04_Aonly,Discussion,1769895394,8,0,0
0vti371b,44,nmghm9bb,90,mock_N08_N04_Aonly,Discussion,1769895395,8,0,0
0vti371b,47,9u0kog70,90,mock_N08_N04_Aonly,Discussion,1769895396,8,0,0
0vti371b,62,ljrwycpu,1,presurvey,Introduction,1769895421,1,0,0
0vti371b,48,6b7wo6tr,90,mock_N08_N04_Aonly,Discussion,1769895422,8,1,0
0vti371b,41,5fu7ec4u,96,mock_N08_N04_Aonly,DiscussionGRPWaitPage,1769895422,9,0,1
0vti371b,48,6b7wo6tr,96,mock_N08_N04_Aonly,DiscussionGRPWaitPage,1769895422,9,0,1
0vti371b,53,goh65pgp,96,mock_N08_N04_Aonly,DiscussionGRPWaitPage,1769895422,9,0,1
0vti371b,47,9u0kog70,96,mock_N08_N04_Aonly,DiscussionGRPWaitPage,1769895422,9,0,1
0vti371b,52,4hwcd76d,96,mock_N08_N04_Aonly,DiscussionGRPWaitPage,1769895422,9,0,1
0vti371b,43,d6xtu8qc,96,mock_N08_N04_Aonly,DiscussionGRPWaitPage,1769895422,9,0,1
0vti371b,44,nmghm9bb,96,mock_N08_N04_Aonly,DiscussionGRPWaitPage,1769895422,9,0,1
0vti371b,54,pqfjcdp4,96,mock_N08_N04_Aonly,DiscussionGRPWaitPage,1769895422,9,0,1
0vti371b,53,goh65pgp,101,mock_N08_N04_Aonly,Discussion,1769895425,9,0,0
0vti371b,41,5fu7ec4u,101,mock_N08_N04_Aonly,Discussion,1769895426,9,0,0
0vti371b,52,4hwcd76d,101,mock_N08_N04_Aonly,Discussion,1769895428,9,0,0
0vti371b,54,pqfjcdp4,101,mock_N08_N04_Aonly,Discussion,1769895428,9,0,0
0vti371b,43,d6xtu8qc,101,mock_N08_N04_Aonly,Discussion,1769895428,9,0,0
0vti371b,63,dljqf89b,0,,InitializeParticipant,1769895428,1,0,0
0vti371b,44,nmghm9bb,101,mock_N08_N04_Aonly,Discussion,1769895428,9,0,0
0vti371b,47,9u0kog70,101,mock_N08_N04_Aonly,Discussion,1769895430,9,0,0
0vti371b,48,6b7wo6tr,101,mock_N08_N04_Aonly,Discussion,1769895430,9,0,0
0vti371b,41,5fu7ec4u,107,mock_N08_N04_Aonly,DiscussionGRPWaitPage,1769895430,10,0,1
0vti371b,48,6b7wo6tr,107,mock_N08_N04_Aonly,DiscussionGRPWaitPage,1769895430,10,0,1
0vti371b,47,9u0kog70,107,mock_N08_N04_Aonly,DiscussionGRPWaitPage,1769895430,10,0,1
0vti371b,53,goh65pgp,107,mock_N08_N04_Aonly,DiscussionGRPWaitPage,1769895430,10,0,1
0vti371b,52,4hwcd76d,107,mock_N08_N04_Aonly,DiscussionGRPWaitPage,1769895430,10,0,1
0vti371b,43,d6xtu8qc,107,mock_N08_N04_Aonly,DiscussionGRPWaitPage,1769895430,10,0,1
0vti371b,44,nmghm9bb,107,mock_N08_N04_Aonly,DiscussionGRPWaitPage,1769895430,10,0,1
0vti371b,54,pqfjcdp4,107,mock_N08_N04_Aonly,DiscussionGRPWaitPage,1769895430,10,0,1
0vti371b,64,yt1jy2b9,0,,InitializeParticipant,1769895432,1,0,0
0vti371b,63,dljqf89b,1,presurvey,Introduction,1769895433,1,0,0
0vti371b,47,9u0kog70,112,mock_N08_N04_Aonly,Discussion,1769895434,10,0,0
0vti371b,53,goh65pgp,112,mock_N08_N04_Aonly,Discussion,1769895434,10,0,0
0vti371b,52,4hwcd76d,112,mock_N08_N04_Aonly,Discussion,1769895434,10,0,0
0vti371b,41,5fu7ec4u,112,mock_N08_N04_Aonly,Discussion,1769895435,10,0,0
0vti371b,54,pqfjcdp4,112,mock_N08_N04_Aonly,Discussion,1769895435,10,0,0
0vti371b,44,nmghm9bb,112,mock_N08_N04_Aonly,Discussion,1769895436,10,0,0
0vti371b,43,d6xtu8qc,112,mock_N08_N04_Aonly,Discussion,1769895436,10,0,0
0vti371b,61,8cpvz3gs,3,presurvey,Scenario,1769895437,1,0,0
0vti371b,48,6b7wo6tr,112,mock_N08_N04_Aonly,Discussion,1769895437,10,0,0
0vti371b,41,5fu7ec4u,118,mock_N08_N04_Aonly,DiscussionGRPWaitPage,1769895438,11,0,1
0vti371b,48,6b7wo6tr,118,mock_N08_N04_Aonly,DiscussionGRPWaitPage,1769895438,11,0,1
0vti371b,53,goh65pgp,118,mock_N08_N04_Aonly,DiscussionGRPWaitPage,1769895438,11,0,1
0vti371b,47,9u0kog70,118,mock_N08_N04_Aonly,DiscussionGRPWaitPage,1769895438,11,0,1
0vti371b,52,4hwcd76d,118,mock_N08_N04_Aonly,DiscussionGRPWaitPage,1769895438,11,0,1
0vti371b,43,d6xtu8qc,118,mock_N08_N04_Aonly,DiscussionGRPWaitPage,1769895438,11,0,1
0vti371b,44,nmghm9bb,118,mock_N08_N04_Aonly,DiscussionGRPWaitPage,1769895438,11,0,1
0vti371b,54,pqfjcdp4,118,mock_N08_N04_Aonly,DiscussionGRPWaitPage,1769895438,11,0,1
0vti371b,43,d6xtu8qc,123,mock_N08_N04_Aonly,Discussion,1769895440,11,0,0
0vti371b,41,5fu7ec4u,123,mock_N08_N04_Aonly,Discussion,1769895441,11,0,0
0vti371b,52,4hwcd76d,123,mock_N08_N04_Aonly,Discussion,1769895442,11,0,0
0vti371b,48,6b7wo6tr,123,mock_N08_N04_Aonly,Discussion,1769895442,11,0,0
0vti371b,54,pqfjcdp4,123,mock_N08_N04_Aonly,Discussion,1769895442,11,0,0
0vti371b,47,9u0kog70,123,mock_N08_N04_Aonly,Discussion,1769895444,11,0,0
0vti371b,44,nmghm9bb,123,mock_N08_N04_Aonly,Discussion,1769895444,11,0,0
0vti371b,53,goh65pgp,123,mock_N08_N04_Aonly,Discussion,1769895446,11,0,0
0vti371b,41,5fu7ec4u,129,mock_N08_N04_Aonly,DiscussionGRPWaitPage,1769895446,12,0,1
0vti371b,48,6b7wo6tr,129,mock_N08_N04_Aonly,DiscussionGRPWaitPage,1769895446,12,0,1
0vti371b,53,goh65pgp,129,mock_N08_N04_Aonly,DiscussionGRPWaitPage,1769895446,12,0,1
0vti371b,47,9u0kog70,129,mock_N08_N04_Aonly,DiscussionGRPWaitPage,1769895446,12,0,1
0vti371b,52,4hwcd76d,129,mock_N08_N04_Aonly,DiscussionGRPWaitPage,1769895446,12,0,1
0vti371b,43,d6xtu8qc,129,mock_N08_N04_Aonly,DiscussionGRPWaitPage,1769895446,12,0,1
0vti371b,44,nmghm9bb,129,mock_N08_N04_Aonly,DiscussionGRPWaitPage,1769895446,12,0,1
0vti371b,54,pqfjcdp4,129,mock_N08_N04_Aonly,DiscussionGRPWaitPage,1769895446,12,0,1
0vti371b,64,yt1jy2b9,1,presurvey,Introduction,1769895449,1,0,0
0vti371b,43,d6xtu8qc,134,mock_N08_N04_Aonly,Discussion,1769895450,12,0,0
0vti371b,54,pqfjcdp4,134,mock_N08_N04_Aonly,Discussion,1769895450,12,0,0
0vti371b,53,goh65pgp,134,mock_N08_N04_Aonly,Discussion,1769895450,12,0,0
0vti371b,41,5fu7ec4u,134,mock_N08_N04_Aonly,Discussion,1769895450,12,0,0
0vti371b,44,nmghm9bb,134,mock_N08_N04_Aonly,Discussion,1769895451,12,0,0
0vti371b,47,9u0kog70,134,mock_N08_N04_Aonly,Discussion,1769895451,12,0,0
0vti371b,62,ljrwycpu,2,presurvey,AudioCheck,1769895462,1,0,0
0vti371b,52,4hwcd76d,134,mock_N08_N04_Aonly,Discussion,1769895466,12,0,0
0vti371b,64,yt1jy2b9,2,presurvey,AudioCheck,1769895468,1,0,0
0vti371b,48,6b7wo6tr,134,mock_N08_N04_Aonly,Discussion,1769895470,12,0,0
0vti371b,41,5fu7ec4u,140,mock_N08_N04_Aonly,DiscussionGRPWaitPage,1769895470,13,0,1
0vti371b,48,6b7wo6tr,140,mock_N08_N04_Aonly,DiscussionGRPWaitPage,1769895470,13,0,1
0vti371b,53,goh65pgp,140,mock_N08_N04_Aonly,DiscussionGRPWaitPage,1769895470,13,0,1
0vti371b,47,9u0kog70,140,mock_N08_N04_Aonly,DiscussionGRPWaitPage,1769895470,13,0,1
0vti371b,52,4hwcd76d,140,mock_N08_N04_Aonly,DiscussionGRPWaitPage,1769895470,13,0,1
0vti371b,43,d6xtu8qc,140,mock_N08_N04_Aonly,DiscussionGRPWaitPage,1769895470,13,0,1
0vti371b,44,nmghm9bb,140,mock_N08_N04_Aonly,DiscussionGRPWaitPage,1769895470,13,0,1
0vti371b,54,pqfjcdp4,140,mock_N08_N04_Aonly,DiscussionGRPWaitPage,1769895470,13,0,1
0vti371b,63,dljqf89b,2,presurvey,AudioCheck,1769895472,1,0,0
0vti371b,43,d6xtu8qc,145,mock_N08_N04_Aonly,Discussion,1769895474,13,0,0
0vti371b,41,5fu7ec4u,145,mock_N08_N04_Aonly,Discussion,1769895474,13,0,0
0vti371b,53,goh65pgp,145,mock_N08_N04_Aonly,Discussion,1769895474,13,0,0
0vti371b,44,nmghm9bb,145,mock_N08_N04_Aonly,Discussion,1769895475,13,0,0
0vti371b,47,9u0kog70,145,mock_N08_N04_Aonly,Discussion,1769895477,13,0,0
0vti371b,54,pqfjcdp4,145,mock_N08_N04_Aonly,Discussion,1769895477,13,0,0
0vti371b,48,6b7wo6tr,145,mock_N08_N04_Aonly,Discussion,1769895477,13,0,0
0vti371b,61,8cpvz3gs,4,presurvey,Commitment,1769895487,1,0,0
0vti371b,52,4hwcd76d,145,mock_N08_N04_Aonly,Discussion,1769895491,13,0,0
0vti371b,48,6b7wo6tr,151,mock_N08_N04_Aonly,DiscussionGRPWaitPage,1769895495,14,0,1
0vti371b,47,9u0kog70,151,mock_N08_N04_Aonly,DiscussionGRPWaitPage,1769895495,14,0,1
0vti371b,52,4hwcd76d,151,mock_N08_N04_Aonly,DiscussionGRPWaitPage,1769895495,14,0,1
0vti371b,53,goh65pgp,151,mock_N08_N04_Aonly,DiscussionGRPWaitPage,1769895495,14,0,1
0vti371b,54,pqfjcdp4,151,mock_N08_N04_Aonly,DiscussionGRPWaitPage,1769895495,14,0,1
0vti371b,41,5fu7ec4u,151,mock_N08_N04_Aonly,DiscussionGRPWaitPage,1769895495,14,0,1
0vti371b,43,d6xtu8qc,151,mock_N08_N04_Aonly,DiscussionGRPWaitPage,1769895495,14,0,1
0vti371b,44,nmghm9bb,151,mock_N08_N04_Aonly,DiscussionGRPWaitPage,1769895495,14,0,1
0vti371b,62,ljrwycpu,3,presurvey,Scenario,1769895496,1,0,0
0vti371b,43,d6xtu8qc,156,mock_N08_N04_Aonly,Discussion,1769895498,14,0,0
0vti371b,41,5fu7ec4u,156,mock_N08_N04_Aonly,Discussion,1769895499,14,0,0
0vti371b,44,nmghm9bb,156,mock_N08_N04_Aonly,Discussion,1769895499,14,0,0
0vti371b,53,goh65pgp,156,mock_N08_N04_Aonly,Discussion,1769895499,14,0,0
0vti371b,54,pqfjcdp4,156,mock_N08_N04_Aonly,Discussion,1769895500,14,0,0
0vti371b,47,9u0kog70,156,mock_N08_N04_Aonly,Discussion,1769895500,14,0,0
0vti371b,48,6b7wo6tr,156,mock_N08_N04_Aonly,Discussion,1769895503,14,0,0
0vti371b,52,4hwcd76d,156,mock_N08_N04_Aonly,Discussion,1769895505,14,0,0
0vti371b,41,5fu7ec4u,162,mock_N08_N04_Aonly,DiscussionGRPWaitPage,1769895510,15,0,1
0vti371b,43,d6xtu8qc,162,mock_N08_N04_Aonly,DiscussionGRPWaitPage,1769895510,15,0,1
0vti371b,44,nmghm9bb,162,mock_N08_N04_Aonly,DiscussionGRPWaitPage,1769895510,15,0,1
0vti371b,54,pqfjcdp4,162,mock_N08_N04_Aonly,DiscussionGRPWaitPage,1769895510,15,0,1
0vti371b,48,6b7wo6tr,162,mock_N08_N04_Aonly,DiscussionGRPWaitPage,1769895510,15,0,1
0vti371b,53,goh65pgp,162,mock_N08_N04_Aonly,DiscussionGRPWaitPage,1769895510,15,0,1
0vti371b,47,9u0kog70,162,mock_N08_N04_Aonly,DiscussionGRPWaitPage,1769895510,15,0,1
0vti371b,52,4hwcd76d,162,mock_N08_N04_Aonly,DiscussionGRPWaitPage,1769895510,15,0,1
0vti371b,41,5fu7ec4u,167,mock_N08_N04_Aonly,Discussion,1769895513,15,0,0
0vti371b,43,d6xtu8qc,167,mock_N08_N04_Aonly,Discussion,1769895513,15,0,0
0vti371b,44,nmghm9bb,167,mock_N08_N04_Aonly,Discussion,1769895514,15,0,0
0vti371b,53,goh65pgp,167,mock_N08_N04_Aonly,Discussion,1769895514,15,0,0
0vti371b,47,9u0kog70,167,mock_N08_N04_Aonly,Discussion,1769895517,15,0,0
0vti371b,52,4hwcd76d,167,mock_N08_N04_Aonly,Discussion,1769895518,15,0,0
0vti371b,64,yt1jy2b9,3,presurvey,Scenario,1769895523,1,0,0
0vti371b,48,6b7wo6tr,167,mock_N08_N04_Aonly,Discussion,1769895535,15,0,0
0vti371b,54,pqfjcdp4,167,mock_N08_N04_Aonly,Discussion,1769895535,15,0,0
0vti371b,41,5fu7ec4u,173,mock_N08_N04_Aonly,DiscussionGRPWaitPage,1769895535,16,0,1
0vti371b,48,6b7wo6tr,173,mock_N08_N04_Aonly,DiscussionGRPWaitPage,1769895535,16,0,1
0vti371b,53,goh65pgp,173,mock_N08_N04_Aonly,DiscussionGRPWaitPage,1769895535,16,0,1
0vti371b,47,9u0kog70,173,mock_N08_N04_Aonly,DiscussionGRPWaitPage,1769895535,16,0,1
0vti371b,52,4hwcd76d,173,mock_N08_N04_Aonly,DiscussionGRPWaitPage,1769895535,16,0,1
0vti371b,43,d6xtu8qc,173,mock_N08_N04_Aonly,DiscussionGRPWaitPage,1769895535,16,0,1
0vti371b,44,nmghm9bb,173,mock_N08_N04_Aonly,DiscussionGRPWaitPage,1769895535,16,0,1
0vti371b,54,pqfjcdp4,173,mock_N08_N04_Aonly,DiscussionGRPWaitPage,1769895535,16,0,1
0vti371b,41,5fu7ec4u,178,mock_N08_N04_Aonly,Discussion,1769895538,16,0,0
0vti371b,64,yt1jy2b9,4,presurvey,Commitment,1769895538,1,0,0
0vti371b,43,d6xtu8qc,178,mock_N08_N04_Aonly,Discussion,1769895538,16,0,0
0vti371b,44,nmghm9bb,178,mock_N08_N04_Aonly,Discussion,1769895539,16,0,0
0vti371b,54,pqfjcdp4,178,mock_N08_N04_Aonly,Discussion,1769895539,16,0,0
0vti371b,52,4hwcd76d,178,mock_N08_N04_Aonly,Discussion,1769895540,16,0,0
0vti371b,53,goh65pgp,178,mock_N08_N04_Aonly,Discussion,1769895540,16,0,0
0vti371b,47,9u0kog70,178,mock_N08_N04_Aonly,Discussion,1769895541,16,0,0
0vti371b,48,6b7wo6tr,178,mock_N08_N04_Aonly,Discussion,1769895543,16,0,0
0vti371b,41,5fu7ec4u,184,mock_N08_N04_Aonly,DiscussionGRPWaitPage,1769895544,17,0,1
0vti371b,48,6b7wo6tr,184,mock_N08_N04_Aonly,DiscussionGRPWaitPage,1769895544,17,0,1
0vti371b,53,goh65pgp,184,mock_N08_N04_Aonly,DiscussionGRPWaitPage,1769895544,17,0,1
0vti371b,47,9u0kog70,184,mock_N08_N04_Aonly,DiscussionGRPWaitPage,1769895544,17,0,1
0vti371b,52,4hwcd76d,184,mock_N08_N04_Aonly,DiscussionGRPWaitPage,1769895544,17,0,1
0vti371b,43,d6xtu8qc,184,mock_N08_N04_Aonly,DiscussionGRPWaitPage,1769895544,17,0,1
0vti371b,44,nmghm9bb,184,mock_N08_N04_Aonly,DiscussionGRPWaitPage,1769895544,17,0,1
0vti371b,54,pqfjcdp4,184,mock_N08_N04_Aonly,DiscussionGRPWaitPage,1769895544,17,0,1
0vti371b,43,d6xtu8qc,189,mock_N08_N04_Aonly,Discussion,1769895547,17,0,0
0vti371b,41,5fu7ec4u,189,mock_N08_N04_Aonly,Discussion,1769895547,17,0,0
0vti371b,53,goh65pgp,189,mock_N08_N04_Aonly,Discussion,1769895548,17,0,0
0vti371b,54,pqfjcdp4,189,mock_N08_N04_Aonly,Discussion,1769895548,17,0,0
0vti371b,44,nmghm9bb,189,mock_N08_N04_Aonly,Discussion,1769895548,17,0,0
0vti371b,48,6b7wo6tr,189,mock_N08_N04_Aonly,Discussion,1769895549,17,0,0
0vti371b,52,4hwcd76d,189,mock_N08_N04_Aonly,Discussion,1769895550,17,0,0
0vti371b,47,9u0kog70,189,mock_N08_N04_Aonly,Discussion,1769895550,17,0,0
0vti371b,41,5fu7ec4u,195,mock_N08_N04_Aonly,DiscussionGRPWaitPage,1769895551,18,0,1
0vti371b,48,6b7wo6tr,195,mock_N08_N04_Aonly,DiscussionGRPWaitPage,1769895551,18,0,1
0vti371b,47,9u0kog70,195,mock_N08_N04_Aonly,DiscussionGRPWaitPage,1769895551,18,0,1
0vti371b,53,goh65pgp,195,mock_N08_N04_Aonly,DiscussionGRPWaitPage,1769895551,18,0,1
0vti371b,52,4hwcd76d,195,mock_N08_N04_Aonly,DiscussionGRPWaitPage,1769895551,18,0,1
0vti371b,43,d6xtu8qc,195,mock_N08_N04_Aonly,DiscussionGRPWaitPage,1769895551,18,0,1
0vti371b,44,nmghm9bb,195,mock_N08_N04_Aonly,DiscussionGRPWaitPage,1769895551,18,0,1
0vti371b,54,pqfjcdp4,195,mock_N08_N04_Aonly,DiscussionGRPWaitPage,1769895551,18,0,1
0vti371b,62,ljrwycpu,4,presurvey,Commitment,1769895553,1,0,0
0vti371b,41,5fu7ec4u,200,mock_N08_N04_Aonly,Discussion,1769895553,18,0,0
0vti371b,53,goh65pgp,200,mock_N08_N04_Aonly,Discussion,1769895554,18,0,0
0vti371b,43,d6xtu8qc,200,mock_N08_N04_Aonly,Discussion,1769895554,18,0,0
0vti371b,47,9u0kog70,200,mock_N08_N04_Aonly,Discussion,1769895554,18,0,0
0vti371b,54,pqfjcdp4,200,mock_N08_N04_Aonly,Discussion,1769895555,18,0,0
0vti371b,52,4hwcd76d,200,mock_N08_N04_Aonly,Discussion,1769895555,18,0,0
0vti371b,44,nmghm9bb,200,mock_N08_N04_Aonly,Discussion,1769895556,18,0,0
0vti371b,48,6b7wo6tr,200,mock_N08_N04_Aonly,Discussion,1769895564,18,0,0
0vti371b,41,5fu7ec4u,206,mock_N08_N04_Aonly,DiscussionGRPWaitPage,1769895565,19,0,1
0vti371b,48,6b7wo6tr,206,mock_N08_N04_Aonly,DiscussionGRPWaitPage,1769895565,19,0,1
0vti371b,53,goh65pgp,206,mock_N08_N04_Aonly,DiscussionGRPWaitPage,1769895565,19,0,1
0vti371b,47,9u0kog70,206,mock_N08_N04_Aonly,DiscussionGRPWaitPage,1769895565,19,0,1
0vti371b,52,4hwcd76d,206,mock_N08_N04_Aonly,DiscussionGRPWaitPage,1769895565,19,0,1
0vti371b,43,d6xtu8qc,206,mock_N08_N04_Aonly,DiscussionGRPWaitPage,1769895565,19,0,1
0vti371b,44,nmghm9bb,206,mock_N08_N04_Aonly,DiscussionGRPWaitPage,1769895565,19,0,1
0vti371b,54,pqfjcdp4,206,mock_N08_N04_Aonly,DiscussionGRPWaitPage,1769895565,19,0,1
0vti371b,41,5fu7ec4u,211,mock_N08_N04_Aonly,Discussion,1769895567,19,0,0
0vti371b,53,goh65pgp,211,mock_N08_N04_Aonly,Discussion,1769895568,19,0,0
0vti371b,52,4hwcd76d,211,mock_N08_N04_Aonly,Discussion,1769895568,19,0,0
0vti371b,44,nmghm9bb,211,mock_N08_N04_Aonly,Discussion,1769895568,19,0,0
0vti371b,43,d6xtu8qc,211,mock_N08_N04_Aonly,Discussion,1769895570,19,0,0
0vti371b,47,9u0kog70,211,mock_N08_N04_Aonly,Discussion,1769895571,19,0,0
0vti371b,54,pqfjcdp4,211,mock_N08_N04_Aonly,Discussion,1769895571,19,0,0
0vti371b,48,6b7wo6tr,211,mock_N08_N04_Aonly,Discussion,1769895571,19,0,0
0vti371b,41,5fu7ec4u,217,mock_N08_N04_Aonly,DiscussionGRPWaitPage,1769895571,20,0,1
0vti371b,48,6b7wo6tr,217,mock_N08_N04_Aonly,DiscussionGRPWaitPage,1769895571,20,0,1
0vti371b,47,9u0kog70,217,mock_N08_N04_Aonly,DiscussionGRPWaitPage,1769895571,20,0,1
0vti371b,53,goh65pgp,217,mock_N08_N04_Aonly,DiscussionGRPWaitPage,1769895571,20,0,1
0vti371b,52,4hwcd76d,217,mock_N08_N04_Aonly,DiscussionGRPWaitPage,1769895571,20,0,1
0vti371b,43,d6xtu8qc,217,mock_N08_N04_Aonly,DiscussionGRPWaitPage,1769895571,20,0,1
0vti371b,44,nmghm9bb,217,mock_N08_N04_Aonly,DiscussionGRPWaitPage,1769895571,20,0,1
0vti371b,54,pqfjcdp4,217,mock_N08_N04_Aonly,DiscussionGRPWaitPage,1769895571,20,0,1
0vti371b,41,5fu7ec4u,222,mock_N08_N04_Aonly,Discussion,1769895574,20,0,0
0vti371b,44,nmghm9bb,222,mock_N08_N04_Aonly,Discussion,1769895574,20,0,0
0vti371b,53,goh65pgp,222,mock_N08_N04_Aonly,Discussion,1769895574,20,0,0
0vti371b,54,pqfjcdp4,222,mock_N08_N04_Aonly,Discussion,1769895575,20,0,0
0vti371b,52,4hwcd76d,222,mock_N08_N04_Aonly,Discussion,1769895575,20,0,0
0vti371b,48,6b7wo6tr,222,mock_N08_N04_Aonly,Discussion,1769895575,20,0,0
0vti371b,43,d6xtu8qc,222,mock_N08_N04_Aonly,Discussion,1769895576,20,0,0
0vti371b,47,9u0kog70,222,mock_N08_N04_Aonly,Discussion,1769895580,20,0,0
0vti371b,41,5fu7ec4u,223,mock_N08_N04_Aonly,FinalRoundWaitPage,1769895580,20,0,1
0vti371b,47,9u0kog70,223,mock_N08_N04_Aonly,FinalRoundWaitPage,1769895580,20,0,1
0vti371b,48,6b7wo6tr,223,mock_N08_N04_Aonly,FinalRoundWaitPage,1769895580,20,0,1
0vti371b,53,goh65pgp,223,mock_N08_N04_Aonly,FinalRoundWaitPage,1769895580,20,0,1
0vti371b,44,nmghm9bb,223,mock_N08_N04_Aonly,FinalRoundWaitPage,1769895580,20,0,1
0vti371b,54,pqfjcdp4,223,mock_N08_N04_Aonly,FinalRoundWaitPage,1769895580,20,0,1
0vti371b,52,4hwcd76d,223,mock_N08_N04_Aonly,FinalRoundWaitPage,1769895580,20,0,1
0vti371b,43,d6xtu8qc,223,mock_N08_N04_Aonly,FinalRoundWaitPage,1769895580,20,0,1
0vti371b,53,goh65pgp,224,mock_N08_N04_Aonly,FinalRound,1769895584,20,0,0
0vti371b,44,nmghm9bb,224,mock_N08_N04_Aonly,FinalRound,1769895587,20,0,0
0vti371b,52,4hwcd76d,224,mock_N08_N04_Aonly,FinalRound,1769895587,20,0,0
0vti371b,43,d6xtu8qc,224,mock_N08_N04_Aonly,FinalRound,1769895588,20,0,0
0vti371b,54,pqfjcdp4,224,mock_N08_N04_Aonly,FinalRound,1769895589,20,0,0
0vti371b,47,9u0kog70,224,mock_N08_N04_Aonly,FinalRound,1769895589,20,0,0
0vti371b,41,5fu7ec4u,224,mock_N08_N04_Aonly,FinalRound,1769895591,20,0,0
0vti371b,48,6b7wo6tr,224,mock_N08_N04_Aonly,FinalRound,1769895607,20,0,0
0vti371b,65,7aj7mmnk,0,,InitializeParticipant,1769895771,1,0,0
0vti371b,65,7aj7mmnk,1,presurvey,Introduction,1769895784,1,0,0
0vti371b,66,zx7bg142,0,,InitializeParticipant,1769895897,1,0,0
0vti371b,66,zx7bg142,1,presurvey,Introduction,1769895903,1,0,0
0vti371b,66,zx7bg142,2,presurvey,AudioCheck,1769895922,1,0,0
0vti371b,67,0othqvlq,0,,InitializeParticipant,1769895923,1,0,0
0vti371b,67,0othqvlq,1,presurvey,Introduction,1769895941,1,0,0
0vti371b,66,zx7bg142,3,presurvey,Scenario,1769895954,1,0,0
0vti371b,67,0othqvlq,2,presurvey,AudioCheck,1769895957,1,0,0
0vti371b,67,0othqvlq,3,presurvey,Scenario,1769896003,1,0,0
0vti371b,63,dljqf89b,3,presurvey,Scenario,1769896036,1,0,0
0vti371b,67,0othqvlq,4,presurvey,Commitment,1769896042,1,0,0
0vti371b,68,bcgnzihs,0,,InitializeParticipant,1769896054,1,0,0
0vti371b,68,bcgnzihs,1,presurvey,Introduction,1769896058,1,0,0
0vti371b,69,xxb6wqk0,0,,InitializeParticipant,1769896065,1,0,0
0vti371b,69,xxb6wqk0,1,presurvey,Introduction,1769896069,1,0,0
0vti371b,68,bcgnzihs,2,presurvey,AudioCheck,1769896077,1,0,0
0vti371b,69,xxb6wqk0,2,presurvey,AudioCheck,1769896088,1,0,0
0vti371b,69,xxb6wqk0,3,presurvey,Scenario,1769896109,1,0,0
0vti371b,68,bcgnzihs,3,presurvey,Scenario,1769896126,1,0,0
0vti371b,63,dljqf89b,4,presurvey,Commitment,1769896131,1,0,0
0vti371b,69,xxb6wqk0,4,presurvey,Commitment,1769896133,1,0,0
0vti371b,58,gkdjan1r,5,mock_N08_N04_Aonly,GroupingWaitPage,1769896324,1,0,1
0vti371b,59,q561nmuk,5,mock_N08_N04_Aonly,GroupingWaitPage,1769896324,1,0,1
0vti371b,61,8cpvz3gs,5,mock_N08_N04_Aonly,GroupingWaitPage,1769896324,1,0,1
0vti371b,64,yt1jy2b9,5,mock_N08_N04_Aonly,GroupingWaitPage,1769896324,1,0,1
0vti371b,56,jnx1k7vg,5,mock_N08_N04_Aonly,GroupingWaitPage,1769896324,1,0,1
0vti371b,63,dljqf89b,5,mock_N08_N04_Aonly,GroupingWaitPage,1769896324,1,0,1
0vti371b,67,0othqvlq,5,mock_N08_N04_Aonly,GroupingWaitPage,1769896324,1,0,1
0vti371b,69,xxb6wqk0,5,mock_N08_N04_Aonly,GroupingWaitPage,1769896324,1,0,1
0vti371b,58,gkdjan1r,6,mock_N08_N04_Aonly,GroupSizeWaitPage,1769896325,1,0,1
0vti371b,59,q561nmuk,6,mock_N08_N04_Aonly,GroupSizeWaitPage,1769896325,1,0,1
0vti371b,61,8cpvz3gs,6,mock_N08_N04_Aonly,GroupSizeWaitPage,1769896325,1,0,1
0vti371b,64,yt1jy2b9,6,mock_N08_N04_Aonly,GroupSizeWaitPage,1769896325,1,0,1
0vti371b,56,jnx1k7vg,6,mock_N08_N04_Aonly,GroupSizeWaitPage,1769896325,1,0,1
0vti371b,63,dljqf89b,6,mock_N08_N04_Aonly,GroupSizeWaitPage,1769896325,1,0,1
0vti371b,67,0othqvlq,6,mock_N08_N04_Aonly,GroupSizeWaitPage,1769896325,1,0,1
0vti371b,69,xxb6wqk0,6,mock_N08_N04_Aonly,GroupSizeWaitPage,1769896325,1,0,1
0vti371b,63,dljqf89b,8,mock_N08_N04_Aonly,DiscussionGRPWaitPage,1769896326,1,0,1
0vti371b,56,jnx1k7vg,8,mock_N08_N04_Aonly,DiscussionGRPWaitPage,1769896326,1,0,1
0vti371b,67,0othqvlq,8,mock_N08_N04_Aonly,DiscussionGRPWaitPage,1769896326,1,0,1
0vti371b,69,xxb6wqk0,8,mock_N08_N04_Aonly,DiscussionGRPWaitPage,1769896326,1,0,1
0vti371b,61,8cpvz3gs,8,mock_N08_N04_Aonly,DiscussionGRPWaitPage,1769896326,1,0,1
0vti371b,58,gkdjan1r,8,mock_N08_N04_Aonly,DiscussionGRPWaitPage,1769896326,1,0,1
0vti371b,59,q561nmuk,8,mock_N08_N04_Aonly,DiscussionGRPWaitPage,1769896326,1,0,1
0vti371b,64,yt1jy2b9,8,mock_N08_N04_Aonly,DiscussionGRPWaitPage,1769896326,1,0,1
0vti371b,59,q561nmuk,9,mock_N08_N04_Aonly,Nudge,1769896341,1,0,0
0vti371b,69,xxb6wqk0,9,mock_N08_N04_Aonly,Nudge,1769896341,1,0,0
0vti371b,56,jnx1k7vg,9,mock_N08_N04_Aonly,Nudge,1769896343,1,0,0
0vti371b,64,yt1jy2b9,9,mock_N08_N04_Aonly,Nudge,1769896343,1,0,0
0vti371b,61,8cpvz3gs,9,mock_N08_N04_Aonly,Nudge,1769896349,1,0,0
0vti371b,69,xxb6wqk0,10,mock_N08_N04_Aonly,NudgeTraining,1769896350,1,0,0
0vti371b,56,jnx1k7vg,10,mock_N08_N04_Aonly,NudgeTraining,1769896350,1,0,0
0vti371b,63,dljqf89b,9,mock_N08_N04_Aonly,Nudge,1769896353,1,0,0
0vti371b,67,0othqvlq,9,mock_N08_N04_Aonly,Nudge,1769896354,1,0,0
0vti371b,58,gkdjan1r,9,mock_N08_N04_Aonly,Nudge,1769896354,1,0,0
0vti371b,69,xxb6wqk0,11,mock_N08_N04_Aonly,NudgeTrainingLast,1769896355,1,0,0
0vti371b,56,jnx1k7vg,11,mock_N08_N04_Aonly,NudgeTrainingLast,1769896357,1,0,0
0vti371b,59,q561nmuk,10,mock_N08_N04_Aonly,NudgeTraining,1769896360,1,0,0
0vti371b,69,xxb6wqk0,12,mock_N08_N04_Aonly,Phase3,1769896361,1,0,0
0vti371b,64,yt1jy2b9,10,mock_N08_N04_Aonly,NudgeTraining,1769896363,1,0,0
0vti371b,70,fcsfngaq,0,,InitializeParticipant,1769896367,1,0,0
0vti371b,59,q561nmuk,11,mock_N08_N04_Aonly,NudgeTrainingLast,1769896370,1,0,0
0vti371b,56,jnx1k7vg,12,mock_N08_N04_Aonly,Phase3,1769896371,1,0,0
0vti371b,61,8cpvz3gs,10,mock_N08_N04_Aonly,NudgeTraining,1769896372,1,0,0
0vti371b,63,dljqf89b,10,mock_N08_N04_Aonly,NudgeTraining,1769896373,1,0,0
0vti371b,70,fcsfngaq,1,presurvey,Introduction,1769896373,1,0,0
0vti371b,67,0othqvlq,10,mock_N08_N04_Aonly,NudgeTraining,1769896375,1,0,0
0vti371b,56,jnx1k7vg,13,mock_N08_N04_Aonly,Discussion,1769896376,1,0,0
0vti371b,63,dljqf89b,11,mock_N08_N04_Aonly,NudgeTrainingLast,1769896379,1,0,0
0vti371b,64,yt1jy2b9,11,mock_N08_N04_Aonly,NudgeTrainingLast,1769896379,1,0,0
0vti371b,69,xxb6wqk0,13,mock_N08_N04_Aonly,Discussion,1769896382,1,0,0
0vti371b,58,gkdjan1r,10,mock_N08_N04_Aonly,NudgeTraining,1769896383,1,0,0
0vti371b,67,0othqvlq,11,mock_N08_N04_Aonly,NudgeTrainingLast,1769896383,1,0,0
0vti371b,59,q561nmuk,12,mock_N08_N04_Aonly,Phase3,1769896386,1,0,0
0vti371b,67,0othqvlq,12,mock_N08_N04_Aonly,Phase3,1769896390,1,0,0
0vti371b,55,53cpr54f,5,mock_N08_N04_Aonly,GroupingWaitPage,1769896391,1,0,1
0vti371b,61,8cpvz3gs,11,mock_N08_N04_Aonly,NudgeTrainingLast,1769896391,1,0,0
0vti371b,55,53cpr54f,6,mock_N08_N04_Aonly,GroupSizeWaitPage,1769896391,1,0,1
0vti371b,71,dpdfeaqd,0,,InitializeParticipant,1769896391,1,0,0
0vti371b,70,fcsfngaq,2,presurvey,AudioCheck,1769896395,1,0,0
0vti371b,59,q561nmuk,13,mock_N08_N04_Aonly,Discussion,1769896397,1,0,0
0vti371b,58,gkdjan1r,11,mock_N08_N04_Aonly,NudgeTrainingLast,1769896400,1,0,0
0vti371b,64,yt1jy2b9,12,mock_N08_N04_Aonly,Phase3,1769896401,1,0,0
0vti371b,71,dpdfeaqd,1,presurvey,Introduction,1769896401,1,0,0
0vti371b,63,dljqf89b,12,mock_N08_N04_Aonly,Phase3,1769896406,1,0,0
0vti371b,64,yt1jy2b9,13,mock_N08_N04_Aonly,Discussion,1769896410,1,0,0
0vti371b,67,0othqvlq,13,mock_N08_N04_Aonly,Discussion,1769896410,1,0,0
0vti371b,51,7s3h3gt4,5,mock_N08_N04_Aonly,GroupingWaitPage,1769896412,1,0,1
0vti371b,51,7s3h3gt4,6,mock_N08_N04_Aonly,GroupSizeWaitPage,1769896412,1,0,1
0vti371b,55,53cpr54f,7,mock_N08_N04_Aonly,AttentionCheck,1769896413,1,0,0
0vti371b,61,8cpvz3gs,12,mock_N08_N04_Aonly,Phase3,1769896414,1,0,0
0vti371b,63,dljqf89b,13,mock_N08_N04_Aonly,Discussion,1769896415,1,0,0
0vti371b,63,dljqf89b,19,mock_N08_N04_Aonly,DiscussionGRPWaitPage,1769896415,2,0,1
0vti371b,67,0othqvlq,19,mock_N08_N04_Aonly,DiscussionGRPWaitPage,1769896415,2,0,1
0vti371b,69,xxb6wqk0,19,mock_N08_N04_Aonly,DiscussionGRPWaitPage,1769896415,2,0,1
0vti371b,56,jnx1k7vg,19,mock_N08_N04_Aonly,DiscussionGRPWaitPage,1769896415,2,0,1
0vti371b,51,7s3h3gt4,7,mock_N08_N04_Aonly,AttentionCheck,1769896418,1,0,0
0vti371b,56,jnx1k7vg,24,mock_N08_N04_Aonly,Discussion,1769896421,2,0,0
0vti371b,72,bk4tkhvt,0,,InitializeParticipant,1769896421,1,0,0
0vti371b,63,dljqf89b,24,mock_N08_N04_Aonly,Discussion,1769896427,2,0,0
0vti371b,61,8cpvz3gs,13,mock_N08_N04_Aonly,Discussion,1769896427,1,0,0
0vti371b,58,gkdjan1r,12,mock_N08_N04_Aonly,Phase3,1769896432,1,0,0
0vti371b,67,0othqvlq,24,mock_N08_N04_Aonly,Discussion,1769896433,2,0,0
0vti371b,71,dpdfeaqd,2,presurvey,AudioCheck,1769896435,1,0,0
0vti371b,69,xxb6wqk0,24,mock_N08_N04_Aonly,Discussion,1769896437,2,0,0
0vti371b,63,dljqf89b,30,mock_N08_N04_Aonly,DiscussionGRPWaitPage,1769896437,3,0,1
0vti371b,67,0othqvlq,30,mock_N08_N04_Aonly,DiscussionGRPWaitPage,1769896437,3,0,1
0vti371b,69,xxb6wqk0,30,mock_N08_N04_Aonly,DiscussionGRPWaitPage,1769896437,3,0,1
0vti371b,56,jnx1k7vg,30,mock_N08_N04_Aonly,DiscussionGRPWaitPage,1769896437,3,0,1
0vti371b,69,xxb6wqk0,35,mock_N08_N04_Aonly,Discussion,1769896444,3,0,0
0vti371b,56,jnx1k7vg,35,mock_N08_N04_Aonly,Discussion,1769896444,3,0,0
0vti371b,72,bk4tkhvt,1,presurvey,Introduction,1769896448,1,0,0
0vti371b,67,0othqvlq,35,mock_N08_N04_Aonly,Discussion,1769896448,3,0,0
0vti371b,73,wkaoyqu9,0,,InitializeParticipant,1769896453,1,0,0
0vti371b,58,gkdjan1r,13,mock_N08_N04_Aonly,Discussion,1769896454,1,0,0
0vti371b,61,8cpvz3gs,19,mock_N08_N04_Aonly,DiscussionGRPWaitPage,1769896454,2,0,1
0vti371b,58,gkdjan1r,19,mock_N08_N04_Aonly,DiscussionGRPWaitPage,1769896454,2,0,1
0vti371b,59,q561nmuk,19,mock_N08_N04_Aonly,DiscussionGRPWaitPage,1769896454,2,0,1
0vti371b,64,yt1jy2b9,19,mock_N08_N04_Aonly,DiscussionGRPWaitPage,1769896454,2,0,1
0vti371b,63,dljqf89b,35,mock_N08_N04_Aonly,Discussion,1769896455,3,0,0
0vti371b,63,dljqf89b,41,mock_N08_N04_Aonly,DiscussionGRPWaitPage,1769896455,4,0,1
0vti371b,67,0othqvlq,41,mock_N08_N04_Aonly,DiscussionGRPWaitPage,1769896455,4,0,1
0vti371b,69,xxb6wqk0,41,mock_N08_N04_Aonly,DiscussionGRPWaitPage,1769896455,4,0,1
0vti371b,56,jnx1k7vg,41,mock_N08_N04_Aonly,DiscussionGRPWaitPage,1769896455,4,0,1
0vti371b,73,wkaoyqu9,1,presurvey,Introduction,1769896456,1,0,0
0vti371b,56,jnx1k7vg,46,mock_N08_N04_Aonly,Discussion,1769896459,4,0,0
0vti371b,59,q561nmuk,24,mock_N08_N04_Aonly,Discussion,1769896462,2,0,0
0vti371b,63,dljqf89b,46,mock_N08_N04_Aonly,Discussion,1769896463,4,0,0
0vti371b,67,0othqvlq,46,mock_N08_N04_Aonly,Discussion,1769896463,4,0,0
0vti371b,61,8cpvz3gs,24,mock_N08_N04_Aonly,Discussion,1769896464,2,0,0
0vti371b,72,bk4tkhvt,2,presurvey,AudioCheck,1769896467,1,0,0
0vti371b,71,dpdfeaqd,3,presurvey,Scenario,1769896468,1,0,0
0vti371b,64,yt1jy2b9,24,mock_N08_N04_Aonly,Discussion,1769896470,2,0,0
0vti371b,73,wkaoyqu9,2,presurvey,AudioCheck,1769896470,1,0,0
0vti371b,58,gkdjan1r,24,mock_N08_N04_Aonly,Discussion,1769896472,2,0,0
0vti371b,61,8cpvz3gs,30,mock_N08_N04_Aonly,DiscussionGRPWaitPage,1769896472,3,0,1
0vti371b,58,gkdjan1r,30,mock_N08_N04_Aonly,DiscussionGRPWaitPage,1769896472,3,0,1
0vti371b,59,q561nmuk,30,mock_N08_N04_Aonly,DiscussionGRPWaitPage,1769896472,3,0,1
0vti371b,64,yt1jy2b9,30,mock_N08_N04_Aonly,DiscussionGRPWaitPage,1769896472,3,0,1
0vti371b,69,xxb6wqk0,46,mock_N08_N04_Aonly,Discussion,1769896474,4,0,0
0vti371b,63,dljqf89b,52,mock_N08_N04_Aonly,DiscussionGRPWaitPage,1769896474,5,0,1
0vti371b,67,0othqvlq,52,mock_N08_N04_Aonly,DiscussionGRPWaitPage,1769896474,5,0,1
0vti371b,69,xxb6wqk0,52,mock_N08_N04_Aonly,DiscussionGRPWaitPage,1769896474,5,0,1
0vti371b,56,jnx1k7vg,52,mock_N08_N04_Aonly,DiscussionGRPWaitPage,1769896474,5,0,1
0vti371b,69,xxb6wqk0,57,mock_N08_N04_Aonly,Discussion,1769896476,5,0,0
0vti371b,63,dljqf89b,57,mock_N08_N04_Aonly,Discussion,1769896478,5,0,0
0vti371b,61,8cpvz3gs,35,mock_N08_N04_Aonly,Discussion,1769896478,3,0,0
0vti371b,59,q561nmuk,35,mock_N08_N04_Aonly,Discussion,1769896479,3,0,0
0vti371b,67,0othqvlq,57,mock_N08_N04_Aonly,Discussion,1769896479,5,0,0
0vti371b,56,jnx1k7vg,57,mock_N08_N04_Aonly,Discussion,1769896480,5,0,0
0vti371b,63,dljqf89b,63,mock_N08_N04_Aonly,DiscussionGRPWaitPage,1769896480,6,0,1
0vti371b,67,0othqvlq,63,mock_N08_N04_Aonly,DiscussionGRPWaitPage,1769896480,6,0,1
0vti371b,69,xxb6wqk0,63,mock_N08_N04_Aonly,DiscussionGRPWaitPage,1769896480,6,0,1
0vti371b,56,jnx1k7vg,63,mock_N08_N04_Aonly,DiscussionGRPWaitPage,1769896480,6,0,1
0vti371b,64,yt1jy2b9,35,mock_N08_N04_Aonly,Discussion,1769896483,3,0,0
0vti371b,56,jnx1k7vg,68,mock_N08_N04_Aonly,Discussion,1769896484,6,0,0
0vti371b,58,gkdjan1r,35,mock_N08_N04_Aonly,Discussion,1769896484,3,0,0
0vti371b,61,8cpvz3gs,41,mock_N08_N04_Aonly,DiscussionGRPWaitPage,1769896484,4,0,1
0vti371b,58,gkdjan1r,41,mock_N08_N04_Aonly,DiscussionGRPWaitPage,1769896484,4,0,1
0vti371b,59,q561nmuk,41,mock_N08_N04_Aonly,DiscussionGRPWaitPage,1769896484,4,0,1
0vti371b,64,yt1jy2b9,41,mock_N08_N04_Aonly,DiscussionGRPWaitPage,1769896484,4,0,1
0vti371b,67,0othqvlq,68,mock_N08_N04_Aonly,Discussion,1769896488,6,0,0
0vti371b,59,q561nmuk,46,mock_N08_N04_Aonly,Discussion,1769896488,4,0,0
0vti371b,63,dljqf89b,68,mock_N08_N04_Aonly,Discussion,1769896490,6,0,0
0vti371b,69,xxb6wqk0,68,mock_N08_N04_Aonly,Discussion,1769896491,6,0,0
0vti371b,63,dljqf89b,74,mock_N08_N04_Aonly,DiscussionGRPWaitPage,1769896491,7,0,1
0vti371b,67,0othqvlq,74,mock_N08_N04_Aonly,DiscussionGRPWaitPage,1769896491,7,0,1
0vti371b,69,xxb6wqk0,74,mock_N08_N04_Aonly,DiscussionGRPWaitPage,1769896491,7,0,1
0vti371b,56,jnx1k7vg,74,mock_N08_N04_Aonly,DiscussionGRPWaitPage,1769896491,7,0,1
0vti371b,58,gkdjan1r,46,mock_N08_N04_Aonly,Discussion,1769896493,4,0,0
0vti371b,69,xxb6wqk0,79,mock_N08_N04_Aonly,Discussion,1769896493,7,0,0
0vti371b,61,8cpvz3gs,46,mock_N08_N04_Aonly,Discussion,1769896494,4,0,0
0vti371b,67,0othqvlq,79,mock_N08_N04_Aonly,Discussion,1769896494,7,0,0
0vti371b,64,yt1jy2b9,46,mock_N08_N04_Aonly,Discussion,1769896494,4,0,0
0vti371b,61,8cpvz3gs,52,mock_N08_N04_Aonly,DiscussionGRPWaitPage,1769896495,5,0,1
0vti371b,58,gkdjan1r,52,mock_N08_N04_Aonly,DiscussionGRPWaitPage,1769896495,5,0,1
0vti371b,59,q561nmuk,52,mock_N08_N04_Aonly,DiscussionGRPWaitPage,1769896495,5,0,1
0vti371b,64,yt1jy2b9,52,mock_N08_N04_Aonly,DiscussionGRPWaitPage,1769896495,5,0,1
0vti371b,56,jnx1k7vg,79,mock_N08_N04_Aonly,Discussion,1769896496,7,0,0
0vti371b,63,dljqf89b,79,mock_N08_N04_Aonly,Discussion,1769896496,7,0,0
0vti371b,63,dljqf89b,85,mock_N08_N04_Aonly,DiscussionGRPWaitPage,1769896496,8,0,1
0vti371b,67,0othqvlq,85,mock_N08_N04_Aonly,DiscussionGRPWaitPage,1769896496,8,0,1
0vti371b,69,xxb6wqk0,85,mock_N08_N04_Aonly,DiscussionGRPWaitPage,1769896496,8,0,1
0vti371b,56,jnx1k7vg,85,mock_N08_N04_Aonly,DiscussionGRPWaitPage,1769896496,8,0,1
0vti371b,59,q561nmuk,57,mock_N08_N04_Aonly,Discussion,1769896498,5,0,0
0vti371b,73,wkaoyqu9,3,presurvey,Scenario,1769896498,1,0,0
0vti371b,67,0othqvlq,90,mock_N08_N04_Aonly,Discussion,1769896500,8,0,0
0vti371b,56,jnx1k7vg,90,mock_N08_N04_Aonly,Discussion,1769896501,8,0,0
0vti371b,64,yt1jy2b9,57,mock_N08_N04_Aonly,Discussion,1769896501,5,0,0
0vti371b,63,dljqf89b,90,mock_N08_N04_Aonly,Discussion,1769896502,8,0,0
0vti371b,61,8cpvz3gs,57,mock_N08_N04_Aonly,Discussion,1769896502,5,0,0
0vti371b,58,gkdjan1r,57,mock_N08_N04_Aonly,Discussion,1769896503,5,0,0
0vti371b,61,8cpvz3gs,63,mock_N08_N04_Aonly,DiscussionGRPWaitPage,1769896504,6,0,1
0vti371b,58,gkdjan1r,63,mock_N08_N04_Aonly,DiscussionGRPWaitPage,1769896504,6,0,1
0vti371b,59,q561nmuk,63,mock_N08_N04_Aonly,DiscussionGRPWaitPage,1769896504,6,0,1
0vti371b,64,yt1jy2b9,63,mock_N08_N04_Aonly,DiscussionGRPWaitPage,1769896504,6,0,1
0vti371b,69,xxb6wqk0,90,mock_N08_N04_Aonly,Discussion,1769896506,8,0,0
0vti371b,63,dljqf89b,96,mock_N08_N04_Aonly,DiscussionGRPWaitPage,1769896506,9,0,1
0vti371b,67,0othqvlq,96,mock_N08_N04_Aonly,DiscussionGRPWaitPage,1769896506,9,0,1
0vti371b,69,xxb6wqk0,96,mock_N08_N04_Aonly,DiscussionGRPWaitPage,1769896506,9,0,1
0vti371b,56,jnx1k7vg,96,mock_N08_N04_Aonly,DiscussionGRPWaitPage,1769896506,9,0,1
0vti371b,59,q561nmuk,68,mock_N08_N04_Aonly,Discussion,1769896507,6,0,0
0vti371b,69,xxb6wqk0,101,mock_N08_N04_Aonly,Discussion,1769896507,9,0,0
0vti371b,73,wkaoyqu9,4,presurvey,Commitment,1769896508,1,0,0
0vti371b,61,8cpvz3gs,68,mock_N08_N04_Aonly,Discussion,1769896509,6,0,0
0vti371b,56,jnx1k7vg,101,mock_N08_N04_Aonly,Discussion,1769896509,9,0,0
0vti371b,72,bk4tkhvt,3,presurvey,Scenario,1769896510,1,0,0
0vti371b,64,yt1jy2b9,68,mock_N08_N04_Aonly,Discussion,1769896511,6,0,0
0vti371b,63,dljqf89b,101,mock_N08_N04_Aonly,Discussion,1769896514,9,0,0
0vti371b,67,0othqvlq,101,mock_N08_N04_Aonly,Discussion,1769896515,9,0,0
0vti371b,63,dljqf89b,107,mock_N08_N04_Aonly,DiscussionGRPWaitPage,1769896515,10,0,1
0vti371b,67,0othqvlq,107,mock_N08_N04_Aonly,DiscussionGRPWaitPage,1769896515,10,0,1
0vti371b,69,xxb6wqk0,107,mock_N08_N04_Aonly,DiscussionGRPWaitPage,1769896515,10,0,1
0vti371b,56,jnx1k7vg,107,mock_N08_N04_Aonly,DiscussionGRPWaitPage,1769896515,10,0,1
0vti371b,58,gkdjan1r,68,mock_N08_N04_Aonly,Discussion,1769896517,6,0,0
0vti371b,61,8cpvz3gs,74,mock_N08_N04_Aonly,DiscussionGRPWaitPage,1769896517,7,0,1
0vti371b,58,gkdjan1r,74,mock_N08_N04_Aonly,DiscussionGRPWaitPage,1769896517,7,0,1
0vti371b,59,q561nmuk,74,mock_N08_N04_Aonly,DiscussionGRPWaitPage,1769896517,7,0,1
0vti371b,64,yt1jy2b9,74,mock_N08_N04_Aonly,DiscussionGRPWaitPage,1769896517,7,0,1
0vti371b,69,xxb6wqk0,112,mock_N08_N04_Aonly,Discussion,1769896518,10,0,0
0vti371b,59,q561nmuk,79,mock_N08_N04_Aonly,Discussion,1769896520,7,0,0
0vti371b,64,yt1jy2b9,79,mock_N08_N04_Aonly,Discussion,1769896521,7,0,0
0vti371b,56,jnx1k7vg,112,mock_N08_N04_Aonly,Discussion,1769896521,10,0,0
0vti371b,61,8cpvz3gs,79,mock_N08_N04_Aonly,Discussion,1769896522,7,0,0
0vti371b,74,3b2m5xz0,0,,InitializeParticipant,1769896522,1,0,0
0vti371b,58,gkdjan1r,79,mock_N08_N04_Aonly,Discussion,1769896524,7,0,0
0vti371b,59,q561nmuk,85,mock_N08_N04_Aonly,DiscussionGRPWaitPage,1769896524,8,0,1
0vti371b,64,yt1jy2b9,85,mock_N08_N04_Aonly,DiscussionGRPWaitPage,1769896524,8,0,1
0vti371b,61,8cpvz3gs,85,mock_N08_N04_Aonly,DiscussionGRPWaitPage,1769896524,8,0,1
0vti371b,58,gkdjan1r,85,mock_N08_N04_Aonly,DiscussionGRPWaitPage,1769896524,8,0,1
0vti371b,63,dljqf89b,112,mock_N08_N04_Aonly,Discussion,1769896524,10,0,0
0vti371b,67,0othqvlq,112,mock_N08_N04_Aonly,Discussion,1769896525,10,0,0
0vti371b,63,dljqf89b,118,mock_N08_N04_Aonly,DiscussionGRPWaitPage,1769896526,11,0,1
0vti371b,67,0othqvlq,118,mock_N08_N04_Aonly,DiscussionGRPWaitPage,1769896526,11,0,1
0vti371b,69,xxb6wqk0,118,mock_N08_N04_Aonly,DiscussionGRPWaitPage,1769896526,11,0,1
0vti371b,56,jnx1k7vg,118,mock_N08_N04_Aonly,DiscussionGRPWaitPage,1769896526,11,0,1
0vti371b,59,q561nmuk,90,mock_N08_N04_Aonly,Discussion,1769896527,8,0,0
0vti371b,69,xxb6wqk0,123,mock_N08_N04_Aonly,Discussion,1769896528,11,0,0
0vti371b,64,yt1jy2b9,90,mock_N08_N04_Aonly,Discussion,1769896529,8,0,0
0vti371b,58,gkdjan1r,90,mock_N08_N04_Aonly,Discussion,1769896529,8,0,0
0vti371b,56,jnx1k7vg,123,mock_N08_N04_Aonly,Discussion,1769896530,11,0,0
0vti371b,67,0othqvlq,123,mock_N08_N04_Aonly,Discussion,1769896531,11,0,0
0vti371b,61,8cpvz3gs,90,mock_N08_N04_Aonly,Discussion,1769896531,8,0,0
0vti371b,61,8cpvz3gs,96,mock_N08_N04_Aonly,DiscussionGRPWaitPage,1769896531,9,0,1
0vti371b,58,gkdjan1r,96,mock_N08_N04_Aonly,DiscussionGRPWaitPage,1769896531,9,0,1
0vti371b,59,q561nmuk,96,mock_N08_N04_Aonly,DiscussionGRPWaitPage,1769896531,9,0,1
0vti371b,64,yt1jy2b9,96,mock_N08_N04_Aonly,DiscussionGRPWaitPage,1769896531,9,0,1
0vti371b,63,dljqf89b,123,mock_N08_N04_Aonly,Discussion,1769896533,11,0,0
0vti371b,63,dljqf89b,129,mock_N08_N04_Aonly,DiscussionGRPWaitPage,1769896534,12,0,1
0vti371b,67,0othqvlq,129,mock_N08_N04_Aonly,DiscussionGRPWaitPage,1769896534,12,0,1
0vti371b,69,xxb6wqk0,129,mock_N08_N04_Aonly,DiscussionGRPWaitPage,1769896534,12,0,1
0vti371b,56,jnx1k7vg,129,mock_N08_N04_Aonly,DiscussionGRPWaitPage,1769896534,12,0,1
0vti371b,70,fcsfngaq,3,presurvey,Scenario,1769896534,1,0,0
0vti371b,59,q561nmuk,101,mock_N08_N04_Aonly,Discussion,1769896534,9,0,0
0vti371b,69,xxb6wqk0,134,mock_N08_N04_Aonly,Discussion,1769896536,12,0,0
0vti371b,58,gkdjan1r,101,mock_N08_N04_Aonly,Discussion,1769896536,9,0,0
0vti371b,64,yt1jy2b9,101,mock_N08_N04_Aonly,Discussion,1769896538,9,0,0
0vti371b,56,jnx1k7vg,134,mock_N08_N04_Aonly,Discussion,1769896539,12,0,0
0vti371b,63,dljqf89b,134,mock_N08_N04_Aonly,Discussion,1769896540,12,0,0
0vti371b,67,0othqvlq,134,mock_N08_N04_Aonly,Discussion,1769896540,12,0,0
0vti371b,63,dljqf89b,140,mock_N08_N04_Aonly,DiscussionGRPWaitPage,1769896541,13,0,1
0vti371b,67,0othqvlq,140,mock_N08_N04_Aonly,DiscussionGRPWaitPage,1769896541,13,0,1
0vti371b,69,xxb6wqk0,140,mock_N08_N04_Aonly,DiscussionGRPWaitPage,1769896541,13,0,1
0vti371b,56,jnx1k7vg,140,mock_N08_N04_Aonly,DiscussionGRPWaitPage,1769896541,13,0,1
0vti371b,61,8cpvz3gs,101,mock_N08_N04_Aonly,Discussion,1769896541,9,0,0
0vti371b,61,8cpvz3gs,107,mock_N08_N04_Aonly,DiscussionGRPWaitPage,1769896541,10,0,1
0vti371b,58,gkdjan1r,107,mock_N08_N04_Aonly,DiscussionGRPWaitPage,1769896541,10,0,1
0vti371b,59,q561nmuk,107,mock_N08_N04_Aonly,DiscussionGRPWaitPage,1769896541,10,0,1
0vti371b,64,yt1jy2b9,107,mock_N08_N04_Aonly,DiscussionGRPWaitPage,1769896541,10,0,1
0vti371b,63,dljqf89b,145,mock_N08_N04_Aonly,Discussion,1769896544,13,0,0
0vti371b,69,xxb6wqk0,145,mock_N08_N04_Aonly,Discussion,1769896544,13,0,0
0vti371b,56,jnx1k7vg,145,mock_N08_N04_Aonly,Discussion,1769896545,13,0,0
0vti371b,59,q561nmuk,112,mock_N08_N04_Aonly,Discussion,1769896545,10,0,0
0vti371b,61,8cpvz3gs,112,mock_N08_N04_Aonly,Discussion,1769896547,10,0,0
0vti371b,64,yt1jy2b9,112,mock_N08_N04_Aonly,Discussion,1769896547,10,0,0
0vti371b,58,gkdjan1r,112,mock_N08_N04_Aonly,Discussion,1769896548,10,0,0
0vti371b,61,8cpvz3gs,118,mock_N08_N04_Aonly,DiscussionGRPWaitPage,1769896548,11,0,1
0vti371b,58,gkdjan1r,118,mock_N08_N04_Aonly,DiscussionGRPWaitPage,1769896548,11,0,1
0vti371b,59,q561nmuk,118,mock_N08_N04_Aonly,DiscussionGRPWaitPage,1769896548,11,0,1
0vti371b,64,yt1jy2b9,118,mock_N08_N04_Aonly,DiscussionGRPWaitPage,1769896548,11,0,1
0vti371b,67,0othqvlq,145,mock_N08_N04_Aonly,Discussion,1769896550,13,0,0
0vti371b,59,q561nmuk,123,mock_N08_N04_Aonly,Discussion,1769896550,11,0,0
0vti371b,63,dljqf89b,151,mock_N08_N04_Aonly,DiscussionGRPWaitPage,1769896550,14,0,1
0vti371b,67,0othqvlq,151,mock_N08_N04_Aonly,DiscussionGRPWaitPage,1769896550,14,0,1
0vti371b,56,jnx1k7vg,151,mock_N08_N04_Aonly,DiscussionGRPWaitPage,1769896550,14,0,1
0vti371b,69,xxb6wqk0,151,mock_N08_N04_Aonly,DiscussionGRPWaitPage,1769896550,14,0,1
0vti371b,64,yt1jy2b9,123,mock_N08_N04_Aonly,Discussion,1769896551,11,0,0
0vti371b,61,8cpvz3gs,123,mock_N08_N04_Aonly,Discussion,1769896553,11,0,0
0vti371b,63,dljqf89b,156,mock_N08_N04_Aonly,Discussion,1769896553,14,0,0
0vti371b,58,gkdjan1r,123,mock_N08_N04_Aonly,Discussion,1769896554,11,0,0
0vti371b,61,8cpvz3gs,129,mock_N08_N04_Aonly,DiscussionGRPWaitPage,1769896554,12,0,1
0vti371b,58,gkdjan1r,129,mock_N08_N04_Aonly,DiscussionGRPWaitPage,1769896554,12,0,1
0vti371b,59,q561nmuk,129,mock_N08_N04_Aonly,DiscussionGRPWaitPage,1769896554,12,0,1
0vti371b,64,yt1jy2b9,129,mock_N08_N04_Aonly,DiscussionGRPWaitPage,1769896554,12,0,1
0vti371b,56,jnx1k7vg,156,mock_N08_N04_Aonly,Discussion,1769896555,14,0,0
0vti371b,67,0othqvlq,156,mock_N08_N04_Aonly,Discussion,1769896556,14,0,0
0vti371b,69,xxb6wqk0,156,mock_N08_N04_Aonly,Discussion,1769896557,14,0,0
0vti371b,63,dljqf89b,162,mock_N08_N04_Aonly,DiscussionGRPWaitPage,1769896557,15,0,1
0vti371b,67,0othqvlq,162,mock_N08_N04_Aonly,DiscussionGRPWaitPage,1769896557,15,0,1
0vti371b,69,xxb6wqk0,162,mock_N08_N04_Aonly,DiscussionGRPWaitPage,1769896557,15,0,1
0vti371b,56,jnx1k7vg,162,mock_N08_N04_Aonly,DiscussionGRPWaitPage,1769896557,15,0,1
0vti371b,61,8cpvz3gs,134,mock_N08_N04_Aonly,Discussion,1769896558,12,0,0
0vti371b,69,xxb6wqk0,167,mock_N08_N04_Aonly,Discussion,1769896559,15,0,0
0vti371b,59,q561nmuk,134,mock_N08_N04_Aonly,Discussion,1769896559,12,0,0
0vti371b,64,yt1jy2b9,134,mock_N08_N04_Aonly,Discussion,1769896559,12,0,0
0vti371b,72,bk4tkhvt,4,presurvey,Commitment,1769896560,1,0,0
0vti371b,63,dljqf89b,167,mock_N08_N04_Aonly,Discussion,1769896560,15,0,0
0vti371b,58,gkdjan1r,134,mock_N08_N04_Aonly,Discussion,1769896561,12,0,0
0vti371b,56,jnx1k7vg,167,mock_N08_N04_Aonly,Discussion,1769896561,15,0,0
0vti371b,61,8cpvz3gs,140,mock_N08_N04_Aonly,DiscussionGRPWaitPage,1769896561,13,0,1
0vti371b,58,gkdjan1r,140,mock_N08_N04_Aonly,DiscussionGRPWaitPage,1769896561,13,0,1
0vti371b,59,q561nmuk,140,mock_N08_N04_Aonly,DiscussionGRPWaitPage,1769896561,13,0,1
0vti371b,64,yt1jy2b9,140,mock_N08_N04_Aonly,DiscussionGRPWaitPage,1769896561,13,0,1
0vti371b,67,0othqvlq,167,mock_N08_N04_Aonly,Discussion,1769896562,15,0,0
0vti371b,56,jnx1k7vg,173,mock_N08_N04_Aonly,DiscussionGRPWaitPage,1769896562,16,0,1
0vti371b,69,xxb6wqk0,173,mock_N08_N04_Aonly,DiscussionGRPWaitPage,1769896562,16,0,1
0vti371b,63,dljqf89b,173,mock_N08_N04_Aonly,DiscussionGRPWaitPage,1769896562,16,0,1
0vti371b,67,0othqvlq,173,mock_N08_N04_Aonly,DiscussionGRPWaitPage,1769896562,16,0,1
0vti371b,70,fcsfngaq,4,presurvey,Commitment,1769896563,1,0,0
0vti371b,59,q561nmuk,145,mock_N08_N04_Aonly,Discussion,1769896563,13,0,0
0vti371b,69,xxb6wqk0,178,mock_N08_N04_Aonly,Discussion,1769896565,16,0,0
0vti371b,56,jnx1k7vg,178,mock_N08_N04_Aonly,Discussion,1769896566,16,0,0
0vti371b,58,gkdjan1r,145,mock_N08_N04_Aonly,Discussion,1769896566,13,0,0
0vti371b,64,yt1jy2b9,145,mock_N08_N04_Aonly,Discussion,1769896567,13,0,0
0vti371b,61,8cpvz3gs,145,mock_N08_N04_Aonly,Discussion,1769896568,13,0,0
0vti371b,61,8cpvz3gs,151,mock_N08_N04_Aonly,DiscussionGRPWaitPage,1769896568,14,0,1
0vti371b,58,gkdjan1r,151,mock_N08_N04_Aonly,DiscussionGRPWaitPage,1769896568,14,0,1
0vti371b,59,q561nmuk,151,mock_N08_N04_Aonly,DiscussionGRPWaitPage,1769896568,14,0,1
0vti371b,64,yt1jy2b9,151,mock_N08_N04_Aonly,DiscussionGRPWaitPage,1769896568,14,0,1
0vti371b,59,q561nmuk,156,mock_N08_N04_Aonly,Discussion,1769896570,14,0,0
0vti371b,67,0othqvlq,178,mock_N08_N04_Aonly,Discussion,1769896571,16,0,0
0vti371b,63,dljqf89b,178,mock_N08_N04_Aonly,Discussion,1769896571,16,0,0
0vti371b,63,dljqf89b,184,mock_N08_N04_Aonly,DiscussionGRPWaitPage,1769896572,17,0,1
0vti371b,67,0othqvlq,184,mock_N08_N04_Aonly,DiscussionGRPWaitPage,1769896572,17,0,1
0vti371b,69,xxb6wqk0,184,mock_N08_N04_Aonly,DiscussionGRPWaitPage,1769896572,17,0,1
0vti371b,56,jnx1k7vg,184,mock_N08_N04_Aonly,DiscussionGRPWaitPage,1769896572,17,0,1
0vti371b,61,8cpvz3gs,156,mock_N08_N04_Aonly,Discussion,1769896572,14,0,0
0vti371b,69,xxb6wqk0,189,mock_N08_N04_Aonly,Discussion,1769896574,17,0,0
0vti371b,58,gkdjan1r,156,mock_N08_N04_Aonly,Discussion,1769896574,14,0,0
0vti371b,64,yt1jy2b9,156,mock_N08_N04_Aonly,Discussion,1769896574,14,0,0
0vti371b,61,8cpvz3gs,162,mock_N08_N04_Aonly,DiscussionGRPWaitPage,1769896574,15,0,1
0vti371b,58,gkdjan1r,162,mock_N08_N04_Aonly,DiscussionGRPWaitPage,1769896574,15,0,1
0vti371b,59,q561nmuk,162,mock_N08_N04_Aonly,DiscussionGRPWaitPage,1769896574,15,0,1
0vti371b,64,yt1jy2b9,162,mock_N08_N04_Aonly,DiscussionGRPWaitPage,1769896574,15,0,1
0vti371b,63,dljqf89b,189,mock_N08_N04_Aonly,Discussion,1769896574,17,0,0
0vti371b,67,0othqvlq,189,mock_N08_N04_Aonly,Discussion,1769896575,17,0,0
0vti371b,56,jnx1k7vg,189,mock_N08_N04_Aonly,Discussion,1769896575,17,0,0
0vti371b,63,dljqf89b,195,mock_N08_N04_Aonly,DiscussionGRPWaitPage,1769896575,18,0,1
0vti371b,67,0othqvlq,195,mock_N08_N04_Aonly,DiscussionGRPWaitPage,1769896575,18,0,1
0vti371b,69,xxb6wqk0,195,mock_N08_N04_Aonly,DiscussionGRPWaitPage,1769896575,18,0,1
0vti371b,56,jnx1k7vg,195,mock_N08_N04_Aonly,DiscussionGRPWaitPage,1769896575,18,0,1
0vti371b,59,q561nmuk,167,mock_N08_N04_Aonly,Discussion,1769896577,15,0,0
0vti371b,69,xxb6wqk0,200,mock_N08_N04_Aonly,Discussion,1769896578,18,0,0
0vti371b,61,8cpvz3gs,167,mock_N08_N04_Aonly,Discussion,1769896579,15,0,0
0vti371b,58,gkdjan1r,167,mock_N08_N04_Aonly,Discussion,1769896579,15,0,0
0vti371b,56,jnx1k7vg,200,mock_N08_N04_Aonly,Discussion,1769896579,18,0,0
0vti371b,67,0othqvlq,200,mock_N08_N04_Aonly,Discussion,1769896580,18,0,0
0vti371b,64,yt1jy2b9,167,mock_N08_N04_Aonly,Discussion,1769896580,15,0,0
0vti371b,63,dljqf89b,200,mock_N08_N04_Aonly,Discussion,1769896580,18,0,0
0vti371b,58,gkdjan1r,173,mock_N08_N04_Aonly,DiscussionGRPWaitPage,1769896580,16,0,1
0vti371b,59,q561nmuk,173,mock_N08_N04_Aonly,DiscussionGRPWaitPage,1769896580,16,0,1
0vti371b,61,8cpvz3gs,173,mock_N08_N04_Aonly,DiscussionGRPWaitPage,1769896580,16,0,1
0vti371b,64,yt1jy2b9,173,mock_N08_N04_Aonly,DiscussionGRPWaitPage,1769896580,16,0,1
0vti371b,63,dljqf89b,206,mock_N08_N04_Aonly,DiscussionGRPWaitPage,1769896581,19,0,1
0vti371b,67,0othqvlq,206,mock_N08_N04_Aonly,DiscussionGRPWaitPage,1769896581,19,0,1
0vti371b,69,xxb6wqk0,206,mock_N08_N04_Aonly,DiscussionGRPWaitPage,1769896581,19,0,1
0vti371b,56,jnx1k7vg,206,mock_N08_N04_Aonly,DiscussionGRPWaitPage,1769896581,19,0,1
0vti371b,69,xxb6wqk0,211,mock_N08_N04_Aonly,Discussion,1769896582,19,0,0
0vti371b,63,dljqf89b,211,mock_N08_N04_Aonly,Discussion,1769896583,19,0,0
0vti371b,56,jnx1k7vg,211,mock_N08_N04_Aonly,Discussion,1769896583,19,0,0
0vti371b,61,8cpvz3gs,178,mock_N08_N04_Aonly,Discussion,1769896584,16,0,0
0vti371b,67,0othqvlq,211,mock_N08_N04_Aonly,Discussion,1769896584,19,0,0
0vti371b,63,dljqf89b,217,mock_N08_N04_Aonly,DiscussionGRPWaitPage,1769896585,20,0,1
0vti371b,67,0othqvlq,217,mock_N08_N04_Aonly,DiscussionGRPWaitPage,1769896585,20,0,1
0vti371b,69,xxb6wqk0,217,mock_N08_N04_Aonly,DiscussionGRPWaitPage,1769896585,20,0,1
0vti371b,56,jnx1k7vg,217,mock_N08_N04_Aonly,DiscussionGRPWaitPage,1769896585,20,0,1
0vti371b,64,yt1jy2b9,178,mock_N08_N04_Aonly,Discussion,1769896585,16,0,0
0vti371b,58,gkdjan1r,178,mock_N08_N04_Aonly,Discussion,1769896586,16,0,0
0vti371b,69,xxb6wqk0,222,mock_N08_N04_Aonly,Discussion,1769896587,20,0,0
0vti371b,63,dljqf89b,222,mock_N08_N04_Aonly,Discussion,1769896588,20,0,0
0vti371b,59,q561nmuk,178,mock_N08_N04_Aonly,Discussion,1769896588,16,0,0
0vti371b,61,8cpvz3gs,184,mock_N08_N04_Aonly,DiscussionGRPWaitPage,1769896588,17,0,1
0vti371b,58,gkdjan1r,184,mock_N08_N04_Aonly,DiscussionGRPWaitPage,1769896588,17,0,1
0vti371b,59,q561nmuk,184,mock_N08_N04_Aonly,DiscussionGRPWaitPage,1769896588,17,0,1
0vti371b,64,yt1jy2b9,184,mock_N08_N04_Aonly,DiscussionGRPWaitPage,1769896588,17,0,1
0vti371b,56,jnx1k7vg,222,mock_N08_N04_Aonly,Discussion,1769896588,20,0,0
0vti371b,67,0othqvlq,222,mock_N08_N04_Aonly,Discussion,1769896589,20,0,0
0vti371b,63,dljqf89b,223,mock_N08_N04_Aonly,FinalRoundWaitPage,1769896589,20,0,1
0vti371b,69,xxb6wqk0,223,mock_N08_N04_Aonly,FinalRoundWaitPage,1769896589,20,0,1
0vti371b,56,jnx1k7vg,223,mock_N08_N04_Aonly,FinalRoundWaitPage,1769896589,20,0,1
0vti371b,67,0othqvlq,223,mock_N08_N04_Aonly,FinalRoundWaitPage,1769896589,20,0,1
0vti371b,58,gkdjan1r,189,mock_N08_N04_Aonly,Discussion,1769896592,17,0,0
0vti371b,59,q561nmuk,189,mock_N08_N04_Aonly,Discussion,1769896594,17,0,0
0vti371b,64,yt1jy2b9,189,mock_N08_N04_Aonly,Discussion,1769896594,17,0,0
0vti371b,69,xxb6wqk0,224,mock_N08_N04_Aonly,FinalRound,1769896595,20,0,0
0vti371b,63,dljqf89b,224,mock_N08_N04_Aonly,FinalRound,1769896596,20,0,0
0vti371b,67,0othqvlq,224,mock_N08_N04_Aonly,FinalRound,1769896596,20,0,0
0vti371b,61,8cpvz3gs,189,mock_N08_N04_Aonly,Discussion,1769896596,17,0,0
0vti371b,56,jnx1k7vg,224,mock_N08_N04_Aonly,FinalRound,1769896596,20,0,0
0vti371b,61,8cpvz3gs,195,mock_N08_N04_Aonly,DiscussionGRPWaitPage,1769896597,18,0,1
0vti371b,58,gkdjan1r,195,mock_N08_N04_Aonly,DiscussionGRPWaitPage,1769896597,18,0,1
0vti371b,59,q561nmuk,195,mock_N08_N04_Aonly,DiscussionGRPWaitPage,1769896597,18,0,1
0vti371b,64,yt1jy2b9,195,mock_N08_N04_Aonly,DiscussionGRPWaitPage,1769896597,18,0,1
0vti371b,59,q561nmuk,200,mock_N08_N04_Aonly,Discussion,1769896599,18,0,0
0vti371b,64,yt1jy2b9,200,mock_N08_N04_Aonly,Discussion,1769896600,18,0,0
0vti371b,61,8cpvz3gs,200,mock_N08_N04_Aonly,Discussion,1769896601,18,0,0
0vti371b,58,gkdjan1r,200,mock_N08_N04_Aonly,Discussion,1769896601,18,0,0
0vti371b,61,8cpvz3gs,206,mock_N08_N04_Aonly,DiscussionGRPWaitPage,1769896602,19,0,1
0vti371b,58,gkdjan1r,206,mock_N08_N04_Aonly,DiscussionGRPWaitPage,1769896602,19,0,1
0vti371b,59,q561nmuk,206,mock_N08_N04_Aonly,DiscussionGRPWaitPage,1769896602,19,0,1
0vti371b,64,yt1jy2b9,206,mock_N08_N04_Aonly,DiscussionGRPWaitPage,1769896602,19,0,1
0vti371b,64,yt1jy2b9,211,mock_N08_N04_Aonly,Discussion,1769896605,19,0,0
0vti371b,59,q561nmuk,211,mock_N08_N04_Aonly,Discussion,1769896605,19,0,0
0vti371b,58,gkdjan1r,211,mock_N08_N04_Aonly,Discussion,1769896606,19,0,0
0vti371b,61,8cpvz3gs,211,mock_N08_N04_Aonly,Discussion,1769896607,19,0,0
0vti371b,61,8cpvz3gs,217,mock_N08_N04_Aonly,DiscussionGRPWaitPage,1769896607,20,0,1
0vti371b,58,gkdjan1r,217,mock_N08_N04_Aonly,DiscussionGRPWaitPage,1769896607,20,0,1
0vti371b,59,q561nmuk,217,mock_N08_N04_Aonly,DiscussionGRPWaitPage,1769896607,20,0,1
0vti371b,64,yt1jy2b9,217,mock_N08_N04_Aonly,DiscussionGRPWaitPage,1769896607,20,0,1
0vti371b,64,yt1jy2b9,222,mock_N08_N04_Aonly,Discussion,1769896610,20,0,0
0vti371b,59,q561nmuk,222,mock_N08_N04_Aonly,Discussion,1769896610,20,0,0
0vti371b,61,8cpvz3gs,222,mock_N08_N04_Aonly,Discussion,1769896610,20,0,0
0vti371b,58,gkdjan1r,222,mock_N08_N04_Aonly,Discussion,1769896611,20,0,0
0vti371b,58,gkdjan1r,223,mock_N08_N04_Aonly,FinalRoundWaitPage,1769896611,20,0,1
0vti371b,61,8cpvz3gs,223,mock_N08_N04_Aonly,FinalRoundWaitPage,1769896611,20,0,1
0vti371b,64,yt1jy2b9,223,mock_N08_N04_Aonly,FinalRoundWaitPage,1769896611,20,0,1
0vti371b,59,q561nmuk,223,mock_N08_N04_Aonly,FinalRoundWaitPage,1769896611,20,0,1
0vti371b,59,q561nmuk,224,mock_N08_N04_Aonly,FinalRound,1769896615,20,0,0
0vti371b,64,yt1jy2b9,224,mock_N08_N04_Aonly,FinalRound,1769896618,20,0,0
0vti371b,58,gkdjan1r,224,mock_N08_N04_Aonly,FinalRound,1769896618,20,0,0
0vti371b,61,8cpvz3gs,224,mock_N08_N04_Aonly,FinalRound,1769896621,20,0,0
0vti371b,62,ljrwycpu,5,mock_N08_N04_Aonly,GroupingWaitPage,1769896698,1,0,1
0vti371b,62,ljrwycpu,6,mock_N08_N04_Aonly,GroupSizeWaitPage,1769896698,1,0,1
0vti371b,62,ljrwycpu,7,mock_N08_N04_Aonly,AttentionCheck,1769896706,1,0,0
0vti371b,75,yikgexyt,0,,InitializeParticipant,1769896721,1,0,0
0vti371b,76,tqera5vc,0,,InitializeParticipant,1769896735,1,0,0
0vti371b,75,yikgexyt,1,presurvey,Introduction,1769896739,1,0,0
0vti371b,76,tqera5vc,1,presurvey,Introduction,1769896741,1,0,0
0vti371b,77,si5f6kzm,0,,InitializeParticipant,1769896743,1,0,0
0vti371b,76,tqera5vc,2,presurvey,AudioCheck,1769896756,1,0,0
0vti371b,75,yikgexyt,2,presurvey,AudioCheck,1769896764,1,0,0
0vti371b,76,tqera5vc,3,presurvey,Scenario,1769896780,1,0,0
0vti371b,75,yikgexyt,3,presurvey,Scenario,1769896796,1,0,0
0vti371b,77,si5f6kzm,1,presurvey,Introduction,1769896798,1,0,0
0vti371b,76,tqera5vc,4,presurvey,Commitment,1769896807,1,0,0
0vti371b,77,si5f6kzm,2,presurvey,AudioCheck,1769896831,1,0,0
0vti371b,78,ms7msyat,0,,InitializeParticipant,1769896879,1,0,0
0vti371b,79,jn2au34e,0,,InitializeParticipant,1769896885,1,0,0
0vti371b,79,jn2au34e,1,presurvey,Introduction,1769896892,1,0,0
0vti371b,78,ms7msyat,1,presurvey,Introduction,1769896894,1,0,0
0vti371b,77,si5f6kzm,3,presurvey,Scenario,1769896905,1,0,0
0vti371b,79,jn2au34e,2,presurvey,AudioCheck,1769896905,1,0,0
0vti371b,80,xgh7zmld,0,,InitializeParticipant,1769896911,1,0,0
0vti371b,78,ms7msyat,2,presurvey,AudioCheck,1769896919,1,0,0
0vti371b,80,xgh7zmld,1,presurvey,Introduction,1769896945,1,0,0
0vti371b,78,ms7msyat,3,presurvey,Scenario,1769896955,1,0,0
0vti371b,80,xgh7zmld,2,presurvey,AudioCheck,1769896982,1,0,0
0vti371b,77,si5f6kzm,4,presurvey,Commitment,1769896991,1,0,0
0vti371b,81,zqz8ew96,0,,InitializeParticipant,1769897018,1,0,0
0vti371b,81,zqz8ew96,1,presurvey,Introduction,1769897034,1,0,0
0vti371b,80,xgh7zmld,3,presurvey,Scenario,1769897053,1,0,0
0vti371b,81,zqz8ew96,2,presurvey,AudioCheck,1769897062,1,0,0
0vti371b,81,zqz8ew96,3,presurvey,Scenario,1769897092,1,0,0
0vti371b,82,04ycjb1q,0,,InitializeParticipant,1769897253,1,0,0
0vti371b,82,04ycjb1q,1,presurvey,Introduction,1769897256,1,0,0
0vti371b,82,04ycjb1q,2,presurvey,AudioCheck,1769897274,1,0,0
0vti371b,82,04ycjb1q,3,presurvey,Scenario,1769897318,1,0,0
0vti371b,83,ksz5pf83,0,,InitializeParticipant,1769897322,1,0,0
0vti371b,83,ksz5pf83,1,presurvey,Introduction,1769897333,1,0,0
0vti371b,82,04ycjb1q,4,presurvey,Commitment,1769897348,1,0,0
0vti371b,83,ksz5pf83,2,presurvey,AudioCheck,1769897367,1,0,0
0vti371b,84,ml2rumva,0,,InitializeParticipant,1769897396,1,0,0
0vti371b,83,ksz5pf83,3,presurvey,Scenario,1769897398,1,0,0
0vti371b,84,ml2rumva,1,presurvey,Introduction,1769897402,1,0,0
0vti371b,84,ml2rumva,2,presurvey,AudioCheck,1769897421,1,0,0
0vti371b,84,ml2rumva,3,presurvey,Scenario,1769897450,1,0,0
0vti371b,85,wfe8n7gg,0,,InitializeParticipant,1769897541,1,0,0
0vti371b,85,wfe8n7gg,1,presurvey,Introduction,1769897548,1,0,0
0vti371b,85,wfe8n7gg,2,presurvey,AudioCheck,1769897595,1,0,0
0vti371b,86,nr4gonme,0,,InitializeParticipant,1769897637,1,0,0
0vti371b,86,nr4gonme,1,presurvey,Introduction,1769897640,1,0,0
0vti371b,73,wkaoyqu9,5,mock_N08_N04_Aonly,GroupingWaitPage,1769897650,1,0,1
0vti371b,73,wkaoyqu9,6,mock_N08_N04_Aonly,GroupSizeWaitPage,1769897650,1,0,1
0vti371b,86,nr4gonme,2,presurvey,AudioCheck,1769897662,1,0,0
0vti371b,73,wkaoyqu9,7,mock_N08_N04_Aonly,AttentionCheck,1769897666,1,0,0
0vti371b,86,nr4gonme,3,presurvey,Scenario,1769897702,1,0,0
0vti371b,72,bk4tkhvt,5,mock_N08_N04_Aonly,GroupingWaitPage,1769897709,1,0,1
0vti371b,70,fcsfngaq,5,mock_N08_N04_Aonly,GroupingWaitPage,1769897709,1,0,1
0vti371b,72,bk4tkhvt,6,mock_N08_N04_Aonly,GroupSizeWaitPage,1769897710,1,0,1
0vti371b,70,fcsfngaq,6,mock_N08_N04_Aonly,GroupSizeWaitPage,1769897710,1,0,1
0vti371b,70,fcsfngaq,7,mock_N08_N04_Aonly,AttentionCheck,1769897718,1,0,0
0vti371b,72,bk4tkhvt,7,mock_N08_N04_Aonly,AttentionCheck,1769897719,1,0,0
0vti371b,86,nr4gonme,4,presurvey,Commitment,1769897731,1,0,0
0vti371b,85,wfe8n7gg,3,presurvey,Scenario,1769897736,1,0,0
0vti371b,87,cunhnw1v,0,,InitializeParticipant,1769897765,1,0,0
0vti371b,87,cunhnw1v,1,presurvey,Introduction,1769897769,1,0,0
0vti371b,87,cunhnw1v,2,presurvey,AudioCheck,1769897788,1,0,0
0vti371b,88,uxtl3adj,0,,InitializeParticipant,1769897883,1,0,0
0vti371b,89,cynm1lpe,0,,InitializeParticipant,1769897884,1,0,0
0vti371b,88,uxtl3adj,1,presurvey,Introduction,1769897889,1,0,0
0vti371b,89,cynm1lpe,1,presurvey,Introduction,1769897895,1,0,0
0vti371b,88,uxtl3adj,2,presurvey,AudioCheck,1769897912,1,0,0
0vti371b,89,cynm1lpe,2,presurvey,AudioCheck,1769897915,1,0,0
0vti371b,87,cunhnw1v,3,presurvey,Scenario,1769897921,1,0,0
0vti371b,87,cunhnw1v,4,presurvey,Commitment,1769897936,1,0,0
0vti371b,88,uxtl3adj,3,presurvey,Scenario,1769897937,1,0,0
0vti371b,76,tqera5vc,5,mock_N08_N04_Aonly,GroupingWaitPage,1769897950,1,0,1
0vti371b,76,tqera5vc,6,mock_N08_N04_Aonly,GroupSizeWaitPage,1769897950,1,0,1
0vti371b,76,tqera5vc,7,mock_N08_N04_Aonly,AttentionCheck,1769897957,1,0,0
0vti371b,89,cynm1lpe,3,presurvey,Scenario,1769897960,1,0,0
0vti371b,90,sc381fhy,0,,InitializeParticipant,1769897970,1,0,0
0vti371b,88,uxtl3adj,4,presurvey,Commitment,1769897978,1,0,0
0vti371b,90,sc381fhy,1,presurvey,Introduction,1769898002,1,0,0
0vti371b,91,twsfelgz,0,,InitializeParticipant,1769898011,1,0,0
0vti371b,92,gsjdccok,0,,InitializeParticipant,1769898012,1,0,0
0vti371b,93,titikevz,0,,InitializeParticipant,1769898012,1,0,0
0vti371b,92,gsjdccok,1,presurvey,Introduction,1769898021,1,0,0
0vti371b,90,sc381fhy,2,presurvey,AudioCheck,1769898050,1,0,0
0vti371b,93,titikevz,1,presurvey,Introduction,1769898057,1,0,0
0vti371b,92,gsjdccok,2,presurvey,AudioCheck,1769898075,1,0,0
0vti371b,91,twsfelgz,1,presurvey,Introduction,1769898080,1,0,0
0vti371b,93,titikevz,2,presurvey,AudioCheck,1769898093,1,0,0
0vti371b,90,sc381fhy,3,presurvey,Scenario,1769898102,1,0,0
0vti371b,91,twsfelgz,2,presurvey,AudioCheck,1769898105,1,0,0
0vti371b,77,si5f6kzm,5,mock_N08_N04_Aonly,GroupingWaitPage,1769898138,1,0,1
0vti371b,77,si5f6kzm,6,mock_N08_N04_Aonly,GroupSizeWaitPage,1769898139,1,0,1
0vti371b,77,si5f6kzm,7,mock_N08_N04_Aonly,AttentionCheck,1769898151,1,0,0
0vti371b,93,titikevz,3,presurvey,Scenario,1769898155,1,0,0
0vti371b,91,twsfelgz,3,presurvey,Scenario,1769898163,1,0,0
0vti371b,90,sc381fhy,4,presurvey,Commitment,1769898168,1,0,0
0vti371b,92,gsjdccok,3,presurvey,Scenario,1769898219,1,0,0
0vti371b,82,04ycjb1q,5,mock_N08_N04_Aonly,GroupingWaitPage,1769898493,1,0,1
0vti371b,82,04ycjb1q,6,mock_N08_N04_Aonly,GroupSizeWaitPage,1769898493,1,0,1
0vti371b,94,tiedd87h,0,,InitializeParticipant,1769898515,1,0,0
0vti371b,94,tiedd87h,1,presurvey,Introduction,1769898518,1,0,0
0vti371b,82,04ycjb1q,7,mock_N08_N04_Aonly,AttentionCheck,1769898526,1,0,0
0vti371b,95,rwqoc3in,0,,InitializeParticipant,1769898595,1,0,0
0vti371b,95,rwqoc3in,1,presurvey,Introduction,1769898614,1,0,0
0vti371b,95,rwqoc3in,2,presurvey,AudioCheck,1769898642,1,0,0
0vti371b,96,ky0qlswp,0,,InitializeParticipant,1769898661,1,0,0
0vti371b,95,rwqoc3in,3,presurvey,Scenario,1769898672,1,0,0
0vti371b,96,ky0qlswp,1,presurvey,Introduction,1769898674,1,0,0
0vti371b,97,bepxy53g,0,,InitializeParticipant,1769898687,1,0,0
0vti371b,96,ky0qlswp,2,presurvey,AudioCheck,1769898701,1,0,0
0vti371b,97,bepxy53g,1,presurvey,Introduction,1769898702,1,0,0
0vti371b,95,rwqoc3in,4,presurvey,Commitment,1769898704,1,0,0
0vti371b,97,bepxy53g,2,presurvey,AudioCheck,1769898719,1,0,0
0vti371b,98,bcvfndyu,0,,InitializeParticipant,1769898732,1,0,0
0vti371b,99,yweadypa,0,,InitializeParticipant,1769898733,1,0,0
0vti371b,99,yweadypa,1,presurvey,Introduction,1769898740,1,0,0
0vti371b,100,1iqyrlrx,0,,InitializeParticipant,1769898748,1,0,0
0vti371b,97,bepxy53g,3,presurvey,Scenario,1769898757,1,0,0
0vti371b,98,bcvfndyu,1,presurvey,Introduction,1769898761,1,0,0
0vti371b,99,yweadypa,2,presurvey,AudioCheck,1769898761,1,0,0
0vti371b,100,1iqyrlrx,1,presurvey,Introduction,1769898784,1,0,0
0vti371b,99,yweadypa,3,presurvey,Scenario,1769898790,1,0,0
0vti371b,98,bcvfndyu,2,presurvey,AudioCheck,1769898792,1,0,0
0vti371b,96,ky0qlswp,3,presurvey,Scenario,1769898792,1,0,0
0vti371b,97,bepxy53g,4,presurvey,Commitment,1769898799,1,0,0
0vti371b,100,1iqyrlrx,2,presurvey,AudioCheck,1769898799,1,0,0
0vti371b,100,1iqyrlrx,3,presurvey,Scenario,1769898839,1,0,0
0vti371b,98,bcvfndyu,3,presurvey,Scenario,1769898859,1,0,0
0vti371b,86,nr4gonme,5,mock_N08_N04_Aonly,GroupingWaitPage,1769898872,1,0,1
0vti371b,86,nr4gonme,6,mock_N08_N04_Aonly,GroupSizeWaitPage,1769898873,1,0,1
0vti371b,100,1iqyrlrx,4,presurvey,Commitment,1769898874,1,0,0
0vti371b,86,nr4gonme,7,mock_N08_N04_Aonly,AttentionCheck,1769898876,1,0,0
0vti371b,101,fbt032n8,0,,InitializeParticipant,1769898884,1,0,0
0vti371b,101,fbt032n8,1,presurvey,Introduction,1769898899,1,0,0
0vti371b,101,fbt032n8,2,presurvey,AudioCheck,1769898918,1,0,0
0vti371b,102,meoi5ry8,0,,InitializeParticipant,1769898937,1,0,0
0vti371b,102,meoi5ry8,1,presurvey,Introduction,1769898940,1,0,0
0vti371b,98,bcvfndyu,4,presurvey,Commitment,1769898956,1,0,0
0vti371b,102,meoi5ry8,2,presurvey,AudioCheck,1769898956,1,0,0
0vti371b,101,fbt032n8,3,presurvey,Scenario,1769898968,1,0,0
0vti371b,103,opz8t1y7,0,,InitializeParticipant,1769898970,1,0,0
0vti371b,102,meoi5ry8,3,presurvey,Scenario,1769898979,1,0,0
0vti371b,103,opz8t1y7,1,presurvey,Introduction,1769898993,1,0,0
0vti371b,102,meoi5ry8,4,presurvey,Commitment,1769899005,1,0,0
0vti371b,101,fbt032n8,4,presurvey,Commitment,1769899012,1,0,0
0vti371b,104,66vnht7j,0,,InitializeParticipant,1769899062,1,0,0
0vti371b,87,cunhnw1v,5,mock_N08_N04_Aonly,GroupingWaitPage,1769899077,1,0,1
0vti371b,87,cunhnw1v,6,mock_N08_N04_Aonly,GroupSizeWaitPage,1769899078,1,0,1
0vti371b,87,cunhnw1v,7,mock_N08_N04_Aonly,AttentionCheck,1769899082,1,0,0
0vti371b,104,66vnht7j,1,presurvey,Introduction,1769899105,1,0,0
0vti371b,104,66vnht7j,2,presurvey,AudioCheck,1769899140,1,0,0
0vti371b,105,l0frb3mj,0,,InitializeParticipant,1769899159,1,0,0
0vti371b,105,l0frb3mj,1,presurvey,Introduction,1769899164,1,0,0
0vti371b,104,66vnht7j,3,presurvey,Scenario,1769899196,1,0,0
0vti371b,105,l0frb3mj,2,presurvey,AudioCheck,1769899198,1,0,0
0vti371b,105,l0frb3mj,3,presurvey,Scenario,1769899236,1,0,0
0vti371b,90,sc381fhy,5,mock_N08_N04_Aonly,GroupingWaitPage,1769899309,1,0,1
0vti371b,90,sc381fhy,6,mock_N08_N04_Aonly,GroupSizeWaitPage,1769899310,1,0,1
0vti371b,90,sc381fhy,7,mock_N08_N04_Aonly,AttentionCheck,1769899316,1,0,0
0vti371b,106,3hwpdop8,0,,InitializeParticipant,1769899377,1,0,0
0vti371b,107,mprzzfhc,0,,InitializeParticipant,1769899410,1,0,0
0vti371b,106,3hwpdop8,1,presurvey,Introduction,1769899419,1,0,0
0vti371b,106,3hwpdop8,2,presurvey,AudioCheck,1769899438,1,0,0
0vti371b,107,mprzzfhc,1,presurvey,Introduction,1769899453,1,0,0
0vti371b,106,3hwpdop8,3,presurvey,Scenario,1769899472,1,0,0
0vti371b,107,mprzzfhc,2,presurvey,AudioCheck,1769899513,1,0,0
0vti371b,108,enejitek,0,,InitializeParticipant,1769899545,1,0,0
0vti371b,108,enejitek,1,presurvey,Introduction,1769899553,1,0,0
0vti371b,106,3hwpdop8,4,presurvey,Commitment,1769899565,1,0,0
0vti371b,107,mprzzfhc,3,presurvey,Scenario,1769899578,1,0,0
0vti371b,108,enejitek,2,presurvey,AudioCheck,1769899581,1,0,0
0vti371b,108,enejitek,3,presurvey,Scenario,1769899661,1,0,0
0vti371b,108,enejitek,4,presurvey,Commitment,1769899724,1,0,0
0vti371b,109,bt37snb2,0,,InitializeParticipant,1769899767,1,0,0
0vti371b,109,bt37snb2,1,presurvey,Introduction,1769899810,1,0,0
0vti371b,109,bt37snb2,2,presurvey,AudioCheck,1769899834,1,0,0
0vti371b,95,rwqoc3in,5,mock_N08_N04_Aonly,GroupingWaitPage,1769899845,1,0,1
0vti371b,95,rwqoc3in,6,mock_N08_N04_Aonly,GroupSizeWaitPage,1769899845,1,0,1
0vti371b,95,rwqoc3in,7,mock_N08_N04_Aonly,AttentionCheck,1769899852,1,0,0
0vti371b,97,bepxy53g,5,mock_N08_N04_Aonly,GroupingWaitPage,1769899939,1,0,1
0vti371b,97,bepxy53g,6,mock_N08_N04_Aonly,GroupSizeWaitPage,1769899940,1,0,1
0vti371b,97,bepxy53g,7,mock_N08_N04_Aonly,AttentionCheck,1769899956,1,0,0
0vti371b,109,bt37snb2,3,presurvey,Scenario,1769900005,1,0,0
0vti371b,100,1iqyrlrx,5,mock_N08_N04_Aonly,GroupingWaitPage,1769900015,1,0,1
0vti371b,100,1iqyrlrx,6,mock_N08_N04_Aonly,GroupSizeWaitPage,1769900015,1,0,1
0vti371b,100,1iqyrlrx,7,mock_N08_N04_Aonly,AttentionCheck,1769900028,1,0,0
0vti371b,102,meoi5ry8,5,mock_N08_N04_Aonly,GroupingWaitPage,1769900146,1,0,1
0vti371b,102,meoi5ry8,6,mock_N08_N04_Aonly,GroupSizeWaitPage,1769900147,1,0,1
0vti371b,102,meoi5ry8,7,mock_N08_N04_Aonly,AttentionCheck,1769900155,1,0,0
0vti371b,98,bcvfndyu,5,mock_N08_N04_Aonly,GroupingWaitPage,1769900157,1,0,1
0vti371b,98,bcvfndyu,6,mock_N08_N04_Aonly,GroupSizeWaitPage,1769900157,1,0,1
0vti371b,110,qx7uudsz,0,,InitializeParticipant,1769900157,1,0,0
0vti371b,110,qx7uudsz,1,presurvey,Introduction,1769900175,1,0,0
0vti371b,98,bcvfndyu,7,mock_N08_N04_Aonly,AttentionCheck,1769900176,1,0,0
0vti371b,110,qx7uudsz,2,presurvey,AudioCheck,1769900185,1,0,0
0vti371b,110,qx7uudsz,3,presurvey,Scenario,1769900202,1,0,0
0vti371b,110,qx7uudsz,4,presurvey,Commitment,1769900222,1,0,0
0vti371b,101,fbt032n8,5,mock_N08_N04_Aonly,GroupingWaitPage,1769900316,1,0,1
0vti371b,101,fbt032n8,6,mock_N08_N04_Aonly,GroupSizeWaitPage,1769900316,1,0,1
0vti371b,111,miqf85vw,0,,InitializeParticipant,1769900356,1,0,0
0vti371b,111,miqf85vw,1,presurvey,Introduction,1769900365,1,0,0
0vti371b,111,miqf85vw,2,presurvey,AudioCheck,1769900390,1,0,0
0vti371b,112,a38qdqeo,0,,InitializeParticipant,1769900431,1,0,0
0vti371b,112,a38qdqeo,1,presurvey,Introduction,1769900448,1,0,0
0vti371b,112,a38qdqeo,2,presurvey,AudioCheck,1769900472,1,0,0
0vti371b,111,miqf85vw,3,presurvey,Scenario,1769900487,1,0,0
0vti371b,113,dr8ktk8y,0,,InitializeParticipant,1769900492,1,0,0
0vti371b,113,dr8ktk8y,1,presurvey,Introduction,1769900496,1,0,0
0vti371b,112,a38qdqeo,3,presurvey,Scenario,1769900505,1,0,0
0vti371b,113,dr8ktk8y,2,presurvey,AudioCheck,1769900523,1,0,0
0vti371b,111,miqf85vw,4,presurvey,Commitment,1769900531,1,0,0
0vti371b,112,a38qdqeo,4,presurvey,Commitment,1769900550,1,0,0
0vti371b,113,dr8ktk8y,3,presurvey,Scenario,1769900556,1,0,0
0vti371b,114,o63gbxur,0,,InitializeParticipant,1769900561,1,0,0
0vti371b,114,o63gbxur,1,presurvey,Introduction,1769900566,1,0,0
0vti371b,114,o63gbxur,2,presurvey,AudioCheck,1769900585,1,0,0
0vti371b,115,262mktgo,0,,InitializeParticipant,1769900586,1,0,0
0vti371b,114,o63gbxur,3,presurvey,Scenario,1769900641,1,0,0
0vti371b,115,262mktgo,1,presurvey,Introduction,1769900642,1,0,0
0vti371b,115,262mktgo,2,presurvey,AudioCheck,1769900655,1,0,0
0vti371b,116,cu3us9wf,0,,InitializeParticipant,1769900656,1,0,0
0vti371b,116,cu3us9wf,1,presurvey,Introduction,1769900680,1,0,0
0vti371b,116,cu3us9wf,2,presurvey,AudioCheck,1769900722,1,0,0
0vti371b,114,o63gbxur,4,presurvey,Commitment,1769900723,1,0,0
0vti371b,115,262mktgo,3,presurvey,Scenario,1769900728,1,0,0
0vti371b,115,262mktgo,4,presurvey,Commitment,1769900757,1,0,0
0vti371b,116,cu3us9wf,3,presurvey,Scenario,1769900770,1,0,0
0vti371b,117,byst9tqw,0,,InitializeParticipant,1769900800,1,0,0
0vti371b,108,enejitek,5,mock_N08_N04_Aonly,GroupingWaitPage,1769900867,1,0,1
0vti371b,108,enejitek,6,mock_N08_N04_Aonly,GroupSizeWaitPage,1769900867,1,0,1
0vti371b,108,enejitek,7,mock_N08_N04_Aonly,AttentionCheck,1769900880,1,0,0
0vti371b,118,ji8s8gb1,0,,InitializeParticipant,1769900904,1,0,0
0vti371b,118,ji8s8gb1,1,presurvey,Introduction,1769900943,1,0,0
0vti371b,118,ji8s8gb1,2,presurvey,AudioCheck,1769900971,1,0,0
0vti371b,119,f2dq7up5,0,,InitializeParticipant,1769900971,1,0,0
0vti371b,119,f2dq7up5,1,presurvey,Introduction,1769900976,1,0,0
0vti371b,119,f2dq7up5,2,presurvey,AudioCheck,1769900995,1,0,0
0vti371b,120,rde0tq8i,0,,InitializeParticipant,1769900995,1,0,0
0vti371b,121,he0e26us,0,,InitializeParticipant,1769900997,1,0,0
0vti371b,122,62xf68fo,0,,InitializeParticipant,1769901013,1,0,0
0vti371b,118,ji8s8gb1,3,presurvey,Scenario,1769901014,1,0,0
0vti371b,121,he0e26us,1,presurvey,Introduction,1769901016,1,0,0
0vti371b,120,rde0tq8i,1,presurvey,Introduction,1769901016,1,0,0
0vti371b,121,he0e26us,2,presurvey,AudioCheck,1769901028,1,0,0
0vti371b,119,f2dq7up5,3,presurvey,Scenario,1769901034,1,0,0
0vti371b,120,rde0tq8i,2,presurvey,AudioCheck,1769901038,1,0,0
0vti371b,121,he0e26us,3,presurvey,Scenario,1769901079,1,0,0
0vti371b,122,62xf68fo,1,presurvey,Introduction,1769901081,1,0,0
0vti371b,120,rde0tq8i,3,presurvey,Scenario,1769901100,1,0,0
0vti371b,117,byst9tqw,1,presurvey,Introduction,1769901105,1,0,0
0vti371b,122,62xf68fo,2,presurvey,AudioCheck,1769901122,1,0,0
0vti371b,117,byst9tqw,2,presurvey,AudioCheck,1769901148,1,0,0
0vti371b,123,lccoa440,0,,InitializeParticipant,1769901157,1,0,0
0vti371b,123,lccoa440,1,presurvey,Introduction,1769901165,1,0,0
0vti371b,123,lccoa440,2,presurvey,AudioCheck,1769901182,1,0,0
0vti371b,117,byst9tqw,3,presurvey,Scenario,1769901192,1,0,0
0vti371b,122,62xf68fo,3,presurvey,Scenario,1769901213,1,0,0
0vti371b,123,lccoa440,3,presurvey,Scenario,1769901215,1,0,0
0vti371b,110,qx7uudsz,5,mock_N08_N04_Aonly,GroupingWaitPage,1769901369,1,0,1
0vti371b,111,miqf85vw,5,mock_N08_N04_Aonly,GroupingWaitPage,1769901369,1,0,1
0vti371b,112,a38qdqeo,5,mock_N08_N04_Aonly,GroupingWaitPage,1769901369,1,0,1
0vti371b,115,262mktgo,5,mock_N08_N04_Aonly,GroupingWaitPage,1769901369,1,0,1
0vti371b,110,qx7uudsz,6,mock_N08_N04_Aonly,GroupSizeWaitPage,1769901369,1,0,1
0vti371b,111,miqf85vw,6,mock_N08_N04_Aonly,GroupSizeWaitPage,1769901369,1,0,1
0vti371b,112,a38qdqeo,6,mock_N08_N04_Aonly,GroupSizeWaitPage,1769901369,1,0,1
0vti371b,115,262mktgo,6,mock_N08_N04_Aonly,GroupSizeWaitPage,1769901369,1,0,1
0vti371b,110,qx7uudsz,8,mock_N08_N04_Aonly,DiscussionGRPWaitPage,1769901369,1,0,1
0vti371b,111,miqf85vw,8,mock_N08_N04_Aonly,DiscussionGRPWaitPage,1769901369,1,0,1
0vti371b,112,a38qdqeo,8,mock_N08_N04_Aonly,DiscussionGRPWaitPage,1769901369,1,0,1
0vti371b,115,262mktgo,8,mock_N08_N04_Aonly,DiscussionGRPWaitPage,1769901369,1,0,1
0vti371b,110,qx7uudsz,9,mock_N08_N04_Aonly,Nudge,1769901388,1,0,0
0vti371b,115,262mktgo,9,mock_N08_N04_Aonly,Nudge,1769901392,1,0,0
0vti371b,111,miqf85vw,9,mock_N08_N04_Aonly,Nudge,1769901395,1,0,0
0vti371b,115,262mktgo,10,mock_N08_N04_Aonly,NudgeTraining,1769901396,1,0,0
0vti371b,110,qx7uudsz,10,mock_N08_N04_Aonly,NudgeTraining,1769901398,1,0,0
0vti371b,112,a38qdqeo,9,mock_N08_N04_Aonly,Nudge,1769901398,1,0,0
0vti371b,110,qx7uudsz,11,mock_N08_N04_Aonly,NudgeTrainingLast,1769901402,1,0,0
0vti371b,111,miqf85vw,10,mock_N08_N04_Aonly,NudgeTraining,1769901407,1,0,0
0vti371b,110,qx7uudsz,12,mock_N08_N04_Aonly,Phase3,1769901410,1,0,0
0vti371b,112,a38qdqeo,10,mock_N08_N04_Aonly,NudgeTraining,1769901413,1,0,0
0vti371b,111,miqf85vw,11,mock_N08_N04_Aonly,NudgeTrainingLast,1769901414,1,0,0
0vti371b,115,262mktgo,11,mock_N08_N04_Aonly,NudgeTrainingLast,1769901419,1,0,0
0vti371b,112,a38qdqeo,11,mock_N08_N04_Aonly,NudgeTrainingLast,1769901421,1,0,0
0vti371b,110,qx7uudsz,13,mock_N08_N04_Aonly,Discussion,1769901422,1,0,0
0vti371b,115,262mktgo,12,mock_N08_N04_Aonly,Phase3,1769901435,1,0,0
0vti371b,111,miqf85vw,12,mock_N08_N04_Aonly,Phase3,1769901435,1,0,0
0vti371b,112,a38qdqeo,12,mock_N08_N04_Aonly,Phase3,1769901440,1,0,0
0vti371b,112,a38qdqeo,13,mock_N08_N04_Aonly,Discussion,1769901448,1,0,0
0vti371b,124,j3rd8yuc,0,,InitializeParticipant,1769901449,1,0,0
0vti371b,111,miqf85vw,13,mock_N08_N04_Aonly,Discussion,1769901450,1,0,0
0vti371b,115,262mktgo,13,mock_N08_N04_Aonly,Discussion,1769901455,1,0,0
0vti371b,111,miqf85vw,19,mock_N08_N04_Aonly,DiscussionGRPWaitPage,1769901455,2,0,1
0vti371b,112,a38qdqeo,19,mock_N08_N04_Aonly,DiscussionGRPWaitPage,1769901455,2,0,1
0vti371b,115,262mktgo,19,mock_N08_N04_Aonly,DiscussionGRPWaitPage,1769901455,2,0,1
0vti371b,110,qx7uudsz,19,mock_N08_N04_Aonly,DiscussionGRPWaitPage,1769901455,2,0,1
0vti371b,112,a38qdqeo,24,mock_N08_N04_Aonly,Discussion,1769901459,2,0,0
0vti371b,115,262mktgo,24,mock_N08_N04_Aonly,Discussion,1769901463,2,0,0
0vti371b,111,miqf85vw,24,mock_N08_N04_Aonly,Discussion,1769901464,2,0,0
0vti371b,110,qx7uudsz,24,mock_N08_N04_Aonly,Discussion,1769901467,2,0,0
0vti371b,110,qx7uudsz,30,mock_N08_N04_Aonly,DiscussionGRPWaitPage,1769901467,3,0,1
0vti371b,112,a38qdqeo,30,mock_N08_N04_Aonly,DiscussionGRPWaitPage,1769901467,3,0,1
0vti371b,115,262mktgo,30,mock_N08_N04_Aonly,DiscussionGRPWaitPage,1769901467,3,0,1
0vti371b,111,miqf85vw,30,mock_N08_N04_Aonly,DiscussionGRPWaitPage,1769901467,3,0,1
0vti371b,112,a38qdqeo,35,mock_N08_N04_Aonly,Discussion,1769901470,3,0,0
0vti371b,110,qx7uudsz,35,mock_N08_N04_Aonly,Discussion,1769901471,3,0,0
0vti371b,115,262mktgo,35,mock_N08_N04_Aonly,Discussion,1769901472,3,0,0
0vti371b,111,miqf85vw,35,mock_N08_N04_Aonly,Discussion,1769901476,3,0,0
0vti371b,110,qx7uudsz,41,mock_N08_N04_Aonly,DiscussionGRPWaitPage,1769901476,4,0,1
0vti371b,115,262mktgo,41,mock_N08_N04_Aonly,DiscussionGRPWaitPage,1769901476,4,0,1
0vti371b,111,miqf85vw,41,mock_N08_N04_Aonly,DiscussionGRPWaitPage,1769901476,4,0,1
0vti371b,112,a38qdqeo,41,mock_N08_N04_Aonly,DiscussionGRPWaitPage,1769901476,4,0,1
0vti371b,115,262mktgo,46,mock_N08_N04_Aonly,Discussion,1769901479,4,0,0
0vti371b,112,a38qdqeo,46,mock_N08_N04_Aonly,Discussion,1769901479,4,0,0
0vti371b,110,qx7uudsz,46,mock_N08_N04_Aonly,Discussion,1769901480,4,0,0
0vti371b,124,j3rd8yuc,1,presurvey,Introduction,1769901482,1,0,0
0vti371b,111,miqf85vw,46,mock_N08_N04_Aonly,Discussion,1769901482,4,0,0
0vti371b,110,qx7uudsz,52,mock_N08_N04_Aonly,DiscussionGRPWaitPage,1769901482,5,0,1
0vti371b,111,miqf85vw,52,mock_N08_N04_Aonly,DiscussionGRPWaitPage,1769901482,5,0,1
0vti371b,112,a38qdqeo,52,mock_N08_N04_Aonly,DiscussionGRPWaitPage,1769901482,5,0,1
0vti371b,115,262mktgo,52,mock_N08_N04_Aonly,DiscussionGRPWaitPage,1769901482,5,0,1
0vti371b,115,262mktgo,57,mock_N08_N04_Aonly,Discussion,1769901485,5,0,0
0vti371b,110,qx7uudsz,57,mock_N08_N04_Aonly,Discussion,1769901485,5,0,0
0vti371b,112,a38qdqeo,57,mock_N08_N04_Aonly,Discussion,1769901487,5,0,0
0vti371b,111,miqf85vw,57,mock_N08_N04_Aonly,Discussion,1769901487,5,0,0
0vti371b,110,qx7uudsz,63,mock_N08_N04_Aonly,DiscussionGRPWaitPage,1769901487,6,0,1
0vti371b,111,miqf85vw,63,mock_N08_N04_Aonly,DiscussionGRPWaitPage,1769901487,6,0,1
0vti371b,112,a38qdqeo,63,mock_N08_N04_Aonly,DiscussionGRPWaitPage,1769901487,6,0,1
0vti371b,115,262mktgo,63,mock_N08_N04_Aonly,DiscussionGRPWaitPage,1769901487,6,0,1
0vti371b,112,a38qdqeo,68,mock_N08_N04_Aonly,Discussion,1769901489,6,0,0
0vti371b,115,262mktgo,68,mock_N08_N04_Aonly,Discussion,1769901489,6,0,0
0vti371b,111,miqf85vw,68,mock_N08_N04_Aonly,Discussion,1769901490,6,0,0
0vti371b,110,qx7uudsz,68,mock_N08_N04_Aonly,Discussion,1769901491,6,0,0
0vti371b,110,qx7uudsz,74,mock_N08_N04_Aonly,DiscussionGRPWaitPage,1769901491,7,0,1
0vti371b,111,miqf85vw,74,mock_N08_N04_Aonly,DiscussionGRPWaitPage,1769901491,7,0,1
0vti371b,112,a38qdqeo,74,mock_N08_N04_Aonly,DiscussionGRPWaitPage,1769901491,7,0,1
0vti371b,115,262mktgo,74,mock_N08_N04_Aonly,DiscussionGRPWaitPage,1769901491,7,0,1
0vti371b,115,262mktgo,79,mock_N08_N04_Aonly,Discussion,1769901493,7,0,0
0vti371b,125,ainks5lk,0,,InitializeParticipant,1769901493,1,0,0
0vti371b,112,a38qdqeo,79,mock_N08_N04_Aonly,Discussion,1769901494,7,0,0
0vti371b,110,qx7uudsz,79,mock_N08_N04_Aonly,Discussion,1769901494,7,0,0
0vti371b,111,miqf85vw,79,mock_N08_N04_Aonly,Discussion,1769901496,7,0,0
0vti371b,110,qx7uudsz,85,mock_N08_N04_Aonly,DiscussionGRPWaitPage,1769901496,8,0,1
0vti371b,111,miqf85vw,85,mock_N08_N04_Aonly,DiscussionGRPWaitPage,1769901496,8,0,1
0vti371b,112,a38qdqeo,85,mock_N08_N04_Aonly,DiscussionGRPWaitPage,1769901496,8,0,1
0vti371b,115,262mktgo,85,mock_N08_N04_Aonly,DiscussionGRPWaitPage,1769901496,8,0,1
0vti371b,110,qx7uudsz,90,mock_N08_N04_Aonly,Discussion,1769901498,8,0,0
0vti371b,112,a38qdqeo,90,mock_N08_N04_Aonly,Discussion,1769901498,8,0,0
0vti371b,115,262mktgo,90,mock_N08_N04_Aonly,Discussion,1769901498,8,0,0
0vti371b,124,j3rd8yuc,2,presurvey,AudioCheck,1769901499,1,0,0
0vti371b,111,miqf85vw,90,mock_N08_N04_Aonly,Discussion,1769901499,8,0,0
0vti371b,110,qx7uudsz,96,mock_N08_N04_Aonly,DiscussionGRPWaitPage,1769901499,9,0,1
0vti371b,112,a38qdqeo,96,mock_N08_N04_Aonly,DiscussionGRPWaitPage,1769901499,9,0,1
0vti371b,115,262mktgo,96,mock_N08_N04_Aonly,DiscussionGRPWaitPage,1769901499,9,0,1
0vti371b,111,miqf85vw,96,mock_N08_N04_Aonly,DiscussionGRPWaitPage,1769901499,9,0,1
0vti371b,110,qx7uudsz,101,mock_N08_N04_Aonly,Discussion,1769901501,9,0,0
0vti371b,112,a38qdqeo,101,mock_N08_N04_Aonly,Discussion,1769901501,9,0,0
0vti371b,115,262mktgo,101,mock_N08_N04_Aonly,Discussion,1769901501,9,0,0
0vti371b,111,miqf85vw,101,mock_N08_N04_Aonly,Discussion,1769901502,9,0,0
0vti371b,111,miqf85vw,107,mock_N08_N04_Aonly,DiscussionGRPWaitPage,1769901502,10,0,1
0vti371b,112,a38qdqeo,107,mock_N08_N04_Aonly,DiscussionGRPWaitPage,1769901502,10,0,1
0vti371b,115,262mktgo,107,mock_N08_N04_Aonly,DiscussionGRPWaitPage,1769901502,10,0,1
0vti371b,110,qx7uudsz,107,mock_N08_N04_Aonly,DiscussionGRPWaitPage,1769901502,10,0,1
0vti371b,125,ainks5lk,1,presurvey,Introduction,1769901503,1,0,0
0vti371b,115,262mktgo,112,mock_N08_N04_Aonly,Discussion,1769901504,10,0,0
0vti371b,112,a38qdqeo,112,mock_N08_N04_Aonly,Discussion,1769901504,10,0,0
0vti371b,111,miqf85vw,112,mock_N08_N04_Aonly,Discussion,1769901505,10,0,0
0vti371b,110,qx7uudsz,112,mock_N08_N04_Aonly,Discussion,1769901505,10,0,0
0vti371b,110,qx7uudsz,118,mock_N08_N04_Aonly,DiscussionGRPWaitPage,1769901505,11,0,1
0vti371b,115,262mktgo,118,mock_N08_N04_Aonly,DiscussionGRPWaitPage,1769901505,11,0,1
0vti371b,111,miqf85vw,118,mock_N08_N04_Aonly,DiscussionGRPWaitPage,1769901505,11,0,1
0vti371b,112,a38qdqeo,118,mock_N08_N04_Aonly,DiscussionGRPWaitPage,1769901505,11,0,1
0vti371b,115,262mktgo,123,mock_N08_N04_Aonly,Discussion,1769901507,11,0,0
0vti371b,110,qx7uudsz,123,mock_N08_N04_Aonly,Discussion,1769901508,11,0,0
0vti371b,111,miqf85vw,123,mock_N08_N04_Aonly,Discussion,1769901508,11,0,0
0vti371b,112,a38qdqeo,123,mock_N08_N04_Aonly,Discussion,1769901509,11,0,0
0vti371b,110,qx7uudsz,129,mock_N08_N04_Aonly,DiscussionGRPWaitPage,1769901509,12,0,1
0vti371b,111,miqf85vw,129,mock_N08_N04_Aonly,DiscussionGRPWaitPage,1769901509,12,0,1
0vti371b,112,a38qdqeo,129,mock_N08_N04_Aonly,DiscussionGRPWaitPage,1769901509,12,0,1
0vti371b,115,262mktgo,129,mock_N08_N04_Aonly,DiscussionGRPWaitPage,1769901509,12,0,1
0vti371b,110,qx7uudsz,134,mock_N08_N04_Aonly,Discussion,1769901511,12,0,0
0vti371b,115,262mktgo,134,mock_N08_N04_Aonly,Discussion,1769901512,12,0,0
0vti371b,112,a38qdqeo,134,mock_N08_N04_Aonly,Discussion,1769901512,12,0,0
0vti371b,111,miqf85vw,134,mock_N08_N04_Aonly,Discussion,1769901513,12,0,0
0vti371b,110,qx7uudsz,140,mock_N08_N04_Aonly,DiscussionGRPWaitPage,1769901513,13,0,1
0vti371b,111,miqf85vw,140,mock_N08_N04_Aonly,DiscussionGRPWaitPage,1769901513,13,0,1
0vti371b,112,a38qdqeo,140,mock_N08_N04_Aonly,DiscussionGRPWaitPage,1769901513,13,0,1
0vti371b,115,262mktgo,140,mock_N08_N04_Aonly,DiscussionGRPWaitPage,1769901513,13,0,1
0vti371b,115,262mktgo,145,mock_N08_N04_Aonly,Discussion,1769901515,13,0,0
0vti371b,110,qx7uudsz,145,mock_N08_N04_Aonly,Discussion,1769901515,13,0,0
0vti371b,111,miqf85vw,145,mock_N08_N04_Aonly,Discussion,1769901516,13,0,0
0vti371b,112,a38qdqeo,145,mock_N08_N04_Aonly,Discussion,1769901516,13,0,0
0vti371b,111,miqf85vw,151,mock_N08_N04_Aonly,DiscussionGRPWaitPage,1769901516,14,0,1
0vti371b,112,a38qdqeo,151,mock_N08_N04_Aonly,DiscussionGRPWaitPage,1769901516,14,0,1
0vti371b,115,262mktgo,151,mock_N08_N04_Aonly,DiscussionGRPWaitPage,1769901516,14,0,1
0vti371b,110,qx7uudsz,151,mock_N08_N04_Aonly,DiscussionGRPWaitPage,1769901516,14,0,1
0vti371b,115,262mktgo,156,mock_N08_N04_Aonly,Discussion,1769901517,14,0,0
0vti371b,111,miqf85vw,156,mock_N08_N04_Aonly,Discussion,1769901518,14,0,0
0vti371b,112,a38qdqeo,156,mock_N08_N04_Aonly,Discussion,1769901519,14,0,0
0vti371b,110,qx7uudsz,156,mock_N08_N04_Aonly,Discussion,1769901520,14,0,0
0vti371b,110,qx7uudsz,162,mock_N08_N04_Aonly,DiscussionGRPWaitPage,1769901521,15,0,1
0vti371b,111,miqf85vw,162,mock_N08_N04_Aonly,DiscussionGRPWaitPage,1769901521,15,0,1
0vti371b,112,a38qdqeo,162,mock_N08_N04_Aonly,DiscussionGRPWaitPage,1769901521,15,0,1
0vti371b,115,262mktgo,162,mock_N08_N04_Aonly,DiscussionGRPWaitPage,1769901521,15,0,1
0vti371b,125,ainks5lk,2,presurvey,AudioCheck,1769901522,1,0,0
0vti371b,110,qx7uudsz,167,mock_N08_N04_Aonly,Discussion,1769901522,15,0,0
0vti371b,115,262mktgo,167,mock_N08_N04_Aonly,Discussion,1769901522,15,0,0
0vti371b,112,a38qdqeo,167,mock_N08_N04_Aonly,Discussion,1769901524,15,0,0
0vti371b,111,miqf85vw,167,mock_N08_N04_Aonly,Discussion,1769901526,15,0,0
0vti371b,110,qx7uudsz,173,mock_N08_N04_Aonly,DiscussionGRPWaitPage,1769901526,16,0,1
0vti371b,111,miqf85vw,173,mock_N08_N04_Aonly,DiscussionGRPWaitPage,1769901526,16,0,1
0vti371b,112,a38qdqeo,173,mock_N08_N04_Aonly,DiscussionGRPWaitPage,1769901526,16,0,1
0vti371b,115,262mktgo,173,mock_N08_N04_Aonly,DiscussionGRPWaitPage,1769901526,16,0,1
0vti371b,115,262mktgo,178,mock_N08_N04_Aonly,Discussion,1769901527,16,0,0
0vti371b,110,qx7uudsz,178,mock_N08_N04_Aonly,Discussion,1769901527,16,0,0
0vti371b,112,a38qdqeo,178,mock_N08_N04_Aonly,Discussion,1769901528,16,0,0
0vti371b,111,miqf85vw,178,mock_N08_N04_Aonly,Discussion,1769901529,16,0,0
0vti371b,112,a38qdqeo,184,mock_N08_N04_Aonly,DiscussionGRPWaitPage,1769901529,17,0,1
0vti371b,111,miqf85vw,184,mock_N08_N04_Aonly,DiscussionGRPWaitPage,1769901529,17,0,1
0vti371b,110,qx7uudsz,184,mock_N08_N04_Aonly,DiscussionGRPWaitPage,1769901529,17,0,1
0vti371b,115,262mktgo,184,mock_N08_N04_Aonly,DiscussionGRPWaitPage,1769901529,17,0,1
0vti371b,115,262mktgo,189,mock_N08_N04_Aonly,Discussion,1769901531,17,0,0
0vti371b,110,qx7uudsz,189,mock_N08_N04_Aonly,Discussion,1769901531,17,0,0
0vti371b,112,a38qdqeo,189,mock_N08_N04_Aonly,Discussion,1769901531,17,0,0
0vti371b,111,miqf85vw,189,mock_N08_N04_Aonly,Discussion,1769901532,17,0,0
0vti371b,110,qx7uudsz,195,mock_N08_N04_Aonly,DiscussionGRPWaitPage,1769901532,18,0,1
0vti371b,111,miqf85vw,195,mock_N08_N04_Aonly,DiscussionGRPWaitPage,1769901532,18,0,1
0vti371b,112,a38qdqeo,195,mock_N08_N04_Aonly,DiscussionGRPWaitPage,1769901532,18,0,1
0vti371b,115,262mktgo,195,mock_N08_N04_Aonly,DiscussionGRPWaitPage,1769901532,18,0,1
0vti371b,110,qx7uudsz,200,mock_N08_N04_Aonly,Discussion,1769901534,18,0,0
0vti371b,115,262mktgo,200,mock_N08_N04_Aonly,Discussion,1769901534,18,0,0
0vti371b,112,a38qdqeo,200,mock_N08_N04_Aonly,Discussion,1769901534,18,0,0
0vti371b,111,miqf85vw,200,mock_N08_N04_Aonly,Discussion,1769901536,18,0,0
0vti371b,110,qx7uudsz,206,mock_N08_N04_Aonly,DiscussionGRPWaitPage,1769901536,19,0,1
0vti371b,111,miqf85vw,206,mock_N08_N04_Aonly,DiscussionGRPWaitPage,1769901536,19,0,1
0vti371b,112,a38qdqeo,206,mock_N08_N04_Aonly,DiscussionGRPWaitPage,1769901536,19,0,1
0vti371b,115,262mktgo,206,mock_N08_N04_Aonly,DiscussionGRPWaitPage,1769901536,19,0,1
0vti371b,110,qx7uudsz,211,mock_N08_N04_Aonly,Discussion,1769901537,19,0,0
0vti371b,112,a38qdqeo,211,mock_N08_N04_Aonly,Discussion,1769901538,19,0,0
0vti371b,115,262mktgo,211,mock_N08_N04_Aonly,Discussion,1769901538,19,0,0
0vti371b,111,miqf85vw,211,mock_N08_N04_Aonly,Discussion,1769901540,19,0,0
0vti371b,110,qx7uudsz,217,mock_N08_N04_Aonly,DiscussionGRPWaitPage,1769901540,20,0,1
0vti371b,111,miqf85vw,217,mock_N08_N04_Aonly,DiscussionGRPWaitPage,1769901540,20,0,1
0vti371b,112,a38qdqeo,217,mock_N08_N04_Aonly,DiscussionGRPWaitPage,1769901540,20,0,1
0vti371b,115,262mktgo,217,mock_N08_N04_Aonly,DiscussionGRPWaitPage,1769901540,20,0,1
0vti371b,110,qx7uudsz,222,mock_N08_N04_Aonly,Discussion,1769901541,20,0,0
0vti371b,112,a38qdqeo,222,mock_N08_N04_Aonly,Discussion,1769901542,20,0,0
0vti371b,115,262mktgo,222,mock_N08_N04_Aonly,Discussion,1769901542,20,0,0
0vti371b,111,miqf85vw,222,mock_N08_N04_Aonly,Discussion,1769901543,20,0,0
0vti371b,115,262mktgo,223,mock_N08_N04_Aonly,FinalRoundWaitPage,1769901543,20,0,1
0vti371b,111,miqf85vw,223,mock_N08_N04_Aonly,FinalRoundWaitPage,1769901543,20,0,1
0vti371b,110,qx7uudsz,223,mock_N08_N04_Aonly,FinalRoundWaitPage,1769901543,20,0,1
0vti371b,112,a38qdqeo,223,mock_N08_N04_Aonly,FinalRoundWaitPage,1769901543,20,0,1
0vti371b,110,qx7uudsz,224,mock_N08_N04_Aonly,FinalRound,1769901547,20,0,0
0vti371b,111,miqf85vw,224,mock_N08_N04_Aonly,FinalRound,1769901549,20,0,0
0vti371b,112,a38qdqeo,224,mock_N08_N04_Aonly,FinalRound,1769901551,20,0,0
0vti371b,115,262mktgo,224,mock_N08_N04_Aonly,FinalRound,1769901551,20,0,0
0vti371b,124,j3rd8yuc,3,presurvey,Scenario,1769901554,1,0,0
0vti371b,126,razidkzp,0,,InitializeParticipant,1769901595,1,0,0
0vti371b,127,zukcvehy,0,,InitializeParticipant,1769901635,1,0,0
0vti371b,125,ainks5lk,3,presurvey,Scenario,1769901636,1,0,0
0vti371b,127,zukcvehy,1,presurvey,Introduction,1769901638,1,0,0
0vti371b,127,zukcvehy,2,presurvey,AudioCheck,1769901658,1,0,0
0vti371b,128,jipg6ebo,0,,InitializeParticipant,1769901674,1,0,0
0vti371b,128,jipg6ebo,1,presurvey,Introduction,1769901682,1,0,0
0vti371b,127,zukcvehy,3,presurvey,Scenario,1769901682,1,0,0
0vti371b,126,razidkzp,1,presurvey,Introduction,1769901702,1,0,0
0vti371b,127,zukcvehy,4,presurvey,Commitment,1769901711,1,0,0
0vti371b,128,jipg6ebo,2,presurvey,AudioCheck,1769901716,1,0,0
0vti371b,126,razidkzp,2,presurvey,AudioCheck,1769901728,1,0,0
0vti371b,128,jipg6ebo,3,presurvey,Scenario,1769901749,1,0,0
0vti371b,128,jipg6ebo,4,presurvey,Commitment,1769901787,1,0,0
0vti371b,126,razidkzp,3,presurvey,Scenario,1769901874,1,0,0
0vti371b,126,razidkzp,4,presurvey,Commitment,1769901907,1,0,0
0vti371b,114,o63gbxur,5,mock_N08_N04_Aonly,GroupingWaitPage,1769901927,1,0,1
0vti371b,114,o63gbxur,6,mock_N08_N04_Aonly,GroupSizeWaitPage,1769901927,1,0,1
0vti371b,114,o63gbxur,7,mock_N08_N04_Aonly,AttentionCheck,1769901939,1,0,0
0vti371b,129,sec5e5gh,0,,InitializeParticipant,1769901950,1,0,0
0vti371b,129,sec5e5gh,1,presurvey,Introduction,1769902027,1,0,0
0vti371b,129,sec5e5gh,2,presurvey,AudioCheck,1769902226,1,0,0
0vti371b,129,sec5e5gh,3,presurvey,Scenario,1769902258,1,0,0
0vti371b,129,sec5e5gh,4,presurvey,Commitment,1769902300,1,0,0
0vti371b,130,7npjsn2e,0,,InitializeParticipant,1769902412,1,0,0
0vti371b,130,7npjsn2e,1,presurvey,Introduction,1769902416,1,0,0
0vti371b,131,9mxdx9pe,0,,InitializeParticipant,1769902416,1,0,0
0vti371b,131,9mxdx9pe,1,presurvey,Introduction,1769902422,1,0,0
0vti371b,131,9mxdx9pe,2,presurvey,AudioCheck,1769902441,1,0,0
0vti371b,130,7npjsn2e,2,presurvey,AudioCheck,1769902444,1,0,0
0vti371b,131,9mxdx9pe,3,presurvey,Scenario,1769902469,1,0,0
0vti371b,130,7npjsn2e,3,presurvey,Scenario,1769902474,1,0,0
0vti371b,131,9mxdx9pe,4,presurvey,Commitment,1769902487,1,0,0
0vti371b,130,7npjsn2e,4,presurvey,Commitment,1769902504,1,0,0
0vti371b,132,k6t530bq,0,,InitializeParticipant,1769902567,1,0,0
0vti371b,132,k6t530bq,1,presurvey,Introduction,1769902571,1,0,0
0vti371b,132,k6t530bq,2,presurvey,AudioCheck,1769902594,1,0,0
0vti371b,132,k6t530bq,3,presurvey,Scenario,1769902622,1,0,0
0vti371b,133,erxwi4fq,0,,InitializeParticipant,1769902678,1,0,0
0vti371b,134,zzz8lpkp,0,,InitializeParticipant,1769902715,1,0,0
0vti371b,133,erxwi4fq,1,presurvey,Introduction,1769902729,1,0,0
0vti371b,134,zzz8lpkp,1,presurvey,Introduction,1769902752,1,0,0
0vti371b,133,erxwi4fq,2,presurvey,AudioCheck,1769902754,1,0,0
0vti371b,135,y72380pj,0,,InitializeParticipant,1769902767,1,0,0
0vti371b,134,zzz8lpkp,2,presurvey,AudioCheck,1769902770,1,0,0
0vti371b,136,ibo3za0l,0,,InitializeParticipant,1769902780,1,0,0
0vti371b,133,erxwi4fq,3,presurvey,Scenario,1769902789,1,0,0
0vti371b,136,ibo3za0l,1,presurvey,Introduction,1769902821,1,0,0
0vti371b,134,zzz8lpkp,3,presurvey,Scenario,1769902836,1,0,0
0vti371b,133,erxwi4fq,4,presurvey,Commitment,1769902841,1,0,0
0vti371b,135,y72380pj,1,presurvey,Introduction,1769902845,1,0,0
0vti371b,135,y72380pj,2,presurvey,AudioCheck,1769902872,1,0,0
0vti371b,136,ibo3za0l,2,presurvey,AudioCheck,1769902885,1,0,0
0vti371b,127,zukcvehy,5,mock_N08_N04_Aonly,GroupingWaitPage,1769902915,1,0,1
0vti371b,127,zukcvehy,6,mock_N08_N04_Aonly,GroupSizeWaitPage,1769902916,1,0,1
0vti371b,137,si400wme,0,,InitializeParticipant,1769902920,1,0,0
0vti371b,128,jipg6ebo,5,mock_N08_N04_Aonly,GroupingWaitPage,1769902928,1,0,1
0vti371b,128,jipg6ebo,6,mock_N08_N04_Aonly,GroupSizeWaitPage,1769902928,1,0,1
0vti371b,137,si400wme,1,presurvey,Introduction,1769902929,1,0,0
0vti371b,127,zukcvehy,7,mock_N08_N04_Aonly,AttentionCheck,1769902930,1,0,0
0vti371b,128,jipg6ebo,7,mock_N08_N04_Aonly,AttentionCheck,1769902940,1,0,0
0vti371b,137,si400wme,2,presurvey,AudioCheck,1769902950,1,0,0
0vti371b,136,ibo3za0l,3,presurvey,Scenario,1769902955,1,0,0
0vti371b,135,y72380pj,3,presurvey,Scenario,1769902989,1,0,0
0vti371b,126,razidkzp,5,mock_N08_N04_Aonly,GroupingWaitPage,1769903108,1,0,1
0vti371b,126,razidkzp,6,mock_N08_N04_Aonly,GroupSizeWaitPage,1769903110,1,0,1
0vti371b,126,razidkzp,7,mock_N08_N04_Aonly,AttentionCheck,1769903120,1,0,0
0vti371b,138,o20p2xk3,0,,InitializeParticipant,1769903137,1,0,0
0vti371b,138,o20p2xk3,1,presurvey,Introduction,1769903160,1,0,0
0vti371b,138,o20p2xk3,2,presurvey,AudioCheck,1769903181,1,0,0
0vti371b,139,tmsh2r1q,0,,InitializeParticipant,1769903207,1,0,0
0vti371b,139,tmsh2r1q,1,presurvey,Introduction,1769903219,1,0,0
0vti371b,138,o20p2xk3,3,presurvey,Scenario,1769903220,1,0,0
0vti371b,139,tmsh2r1q,2,presurvey,AudioCheck,1769903251,1,0,0
0vti371b,139,tmsh2r1q,3,presurvey,Scenario,1769903327,1,0,0
0vti371b,129,sec5e5gh,5,mock_N08_N04_Aonly,GroupingWaitPage,1769903446,1,0,1
0vti371b,129,sec5e5gh,6,mock_N08_N04_Aonly,GroupSizeWaitPage,1769903446,1,0,1
0vti371b,129,sec5e5gh,7,mock_N08_N04_Aonly,AttentionCheck,1769903453,1,0,0
0vti371b,131,9mxdx9pe,5,mock_N08_N04_Aonly,GroupingWaitPage,1769903630,1,0,1
0vti371b,131,9mxdx9pe,6,mock_N08_N04_Aonly,GroupSizeWaitPage,1769903631,1,0,1
0vti371b,131,9mxdx9pe,7,mock_N08_N04_Aonly,AttentionCheck,1769903636,1,0,0
0vti371b,130,7npjsn2e,5,mock_N08_N04_Aonly,GroupingWaitPage,1769903648,1,0,1
0vti371b,130,7npjsn2e,6,mock_N08_N04_Aonly,GroupSizeWaitPage,1769903649,1,0,1
0vti371b,140,g0y7n6eh,0,,InitializeParticipant,1769903675,1,0,0
0vti371b,130,7npjsn2e,7,mock_N08_N04_Aonly,AttentionCheck,1769903676,1,0,0
0vti371b,140,g0y7n6eh,1,presurvey,Introduction,1769903678,1,0,0
0vti371b,140,g0y7n6eh,2,presurvey,AudioCheck,1769903692,1,0,0
0vti371b,140,g0y7n6eh,3,presurvey,Scenario,1769903727,1,0,0
0vti371b,140,g0y7n6eh,4,presurvey,Commitment,1769903758,1,0,0
0vti371b,141,j7ft02cv,0,,InitializeParticipant,1769903787,1,0,0
0vti371b,141,j7ft02cv,1,presurvey,Introduction,1769903791,1,0,0
0vti371b,142,4i3m9f3j,0,,InitializeParticipant,1769903821,1,0,0
0vti371b,142,4i3m9f3j,1,presurvey,Introduction,1769903829,1,0,0
0vti371b,142,4i3m9f3j,2,presurvey,AudioCheck,1769903864,1,0,0
0vti371b,141,j7ft02cv,2,presurvey,AudioCheck,1769903876,1,0,0
0vti371b,141,j7ft02cv,3,presurvey,Scenario,1769903912,1,0,0
0vti371b,143,0hea2w4c,0,,InitializeParticipant,1769903913,1,0,0
0vti371b,142,4i3m9f3j,3,presurvey,Scenario,1769903918,1,0,0
0vti371b,143,0hea2w4c,1,presurvey,Introduction,1769903919,1,0,0
0vti371b,143,0hea2w4c,2,presurvey,AudioCheck,1769903946,1,0,0
0vti371b,141,j7ft02cv,4,presurvey,Commitment,1769903954,1,0,0
0vti371b,133,erxwi4fq,5,mock_N08_N04_Aonly,GroupingWaitPage,1769903982,1,0,1
0vti371b,133,erxwi4fq,6,mock_N08_N04_Aonly,GroupSizeWaitPage,1769903983,1,0,1
0vti371b,133,erxwi4fq,7,mock_N08_N04_Aonly,AttentionCheck,1769903987,1,0,0
0vti371b,142,4i3m9f3j,4,presurvey,Commitment,1769904018,1,0,0
0vti371b,143,0hea2w4c,3,presurvey,Scenario,1769904033,1,0,0
0vti371b,143,0hea2w4c,4,presurvey,Commitment,1769904068,1,0,0
0vti371b,144,iiw2qs38,0,,InitializeParticipant,1769904112,1,0,0
0vti371b,145,erpodcs7,0,,InitializeParticipant,1769904137,1,0,0
0vti371b,145,erpodcs7,1,presurvey,Introduction,1769904139,1,0,0
0vti371b,145,erpodcs7,2,presurvey,AudioCheck,1769904148,1,0,0
0vti371b,145,erpodcs7,3,presurvey,Scenario,1769904172,1,0,0
0vti371b,144,iiw2qs38,1,presurvey,Introduction,1769904207,1,0,0
0vti371b,146,816koebr,0,,InitializeParticipant,1769904231,1,0,0
0vti371b,146,816koebr,1,presurvey,Introduction,1769904262,1,0,0
0vti371b,144,iiw2qs38,2,presurvey,AudioCheck,1769904277,1,0,0
0vti371b,146,816koebr,2,presurvey,AudioCheck,1769904279,1,0,0
0vti371b,145,erpodcs7,4,presurvey,Commitment,1769904316,1,0,0
0vti371b,147,ih8p2wio,0,,InitializeParticipant,1769904334,1,0,0
0vti371b,147,ih8p2wio,1,presurvey,Introduction,1769904339,1,0,0
0vti371b,146,816koebr,3,presurvey,Scenario,1769904344,1,0,0
0vti371b,144,iiw2qs38,3,presurvey,Scenario,1769904358,1,0,0
0vti371b,147,ih8p2wio,2,presurvey,AudioCheck,1769904360,1,0,0
0vti371b,148,ql988086,0,,InitializeParticipant,1769904381,1,0,0
0vti371b,147,ih8p2wio,3,presurvey,Scenario,1769904411,1,0,0
0vti371b,148,ql988086,1,presurvey,Introduction,1769904415,1,0,0
0vti371b,144,iiw2qs38,4,presurvey,Commitment,1769904421,1,0,0
0vti371b,147,ih8p2wio,4,presurvey,Commitment,1769904472,1,0,0
0vti371b,148,ql988086,2,presurvey,AudioCheck,1769904474,1,0,0
0vti371b,148,ql988086,3,presurvey,Scenario,1769904574,1,0,0
0vti371b,149,n06cwqrw,0,,InitializeParticipant,1769904627,1,0,0
0vti371b,150,t2yhc9z4,0,,InitializeParticipant,1769904661,1,0,0
0vti371b,149,n06cwqrw,1,presurvey,Introduction,1769904663,1,0,0
0vti371b,150,t2yhc9z4,1,presurvey,Introduction,1769904672,1,0,0
0vti371b,151,crzztkuo,0,,InitializeParticipant,1769904695,1,0,0
0vti371b,151,crzztkuo,1,presurvey,Introduction,1769904698,1,0,0
0vti371b,150,t2yhc9z4,2,presurvey,AudioCheck,1769904700,1,0,0
0vti371b,149,n06cwqrw,2,presurvey,AudioCheck,1769904700,1,0,0
0vti371b,151,crzztkuo,2,presurvey,AudioCheck,1769904715,1,0,0
0vti371b,150,t2yhc9z4,3,presurvey,Scenario,1769904736,1,0,0
0vti371b,151,crzztkuo,3,presurvey,Scenario,1769904742,1,0,0
0vti371b,149,n06cwqrw,3,presurvey,Scenario,1769904771,1,0,0
0vti371b,151,crzztkuo,4,presurvey,Commitment,1769904774,1,0,0
0vti371b,150,t2yhc9z4,4,presurvey,Commitment,1769904788,1,0,0
0vti371b,149,n06cwqrw,4,presurvey,Commitment,1769904840,1,0,0
0vti371b,140,g0y7n6eh,5,mock_N08_N04_Aonly,GroupingWaitPage,1769904900,1,0,1
0vti371b,143,0hea2w4c,5,mock_N08_N04_Aonly,GroupingWaitPage,1769904900,1,0,1
0vti371b,147,ih8p2wio,5,mock_N08_N04_Aonly,GroupingWaitPage,1769904900,1,0,1
0vti371b,151,crzztkuo,5,mock_N08_N04_Aonly,GroupingWaitPage,1769904900,1,0,1
0vti371b,140,g0y7n6eh,6,mock_N08_N04_Aonly,GroupSizeWaitPage,1769904901,1,0,1
0vti371b,143,0hea2w4c,6,mock_N08_N04_Aonly,GroupSizeWaitPage,1769904901,1,0,1
0vti371b,147,ih8p2wio,6,mock_N08_N04_Aonly,GroupSizeWaitPage,1769904901,1,0,1
0vti371b,151,crzztkuo,6,mock_N08_N04_Aonly,GroupSizeWaitPage,1769904901,1,0,1
0vti371b,140,g0y7n6eh,8,mock_N08_N04_Aonly,DiscussionGRPWaitPage,1769904901,1,0,1
0vti371b,151,crzztkuo,8,mock_N08_N04_Aonly,DiscussionGRPWaitPage,1769904901,1,0,1
0vti371b,147,ih8p2wio,8,mock_N08_N04_Aonly,DiscussionGRPWaitPage,1769904901,1,0,1
0vti371b,143,0hea2w4c,8,mock_N08_N04_Aonly,DiscussionGRPWaitPage,1769904901,1,0,1
0vti371b,140,g0y7n6eh,9,mock_N08_N04_Aonly,Nudge,1769904923,1,0,0
0vti371b,151,crzztkuo,9,mock_N08_N04_Aonly,Nudge,1769904927,1,0,0
0vti371b,143,0hea2w4c,9,mock_N08_N04_Aonly,Nudge,1769904927,1,0,0
0vti371b,151,crzztkuo,10,mock_N08_N04_Aonly,NudgeTraining,1769904928,1,0,0
0vti371b,147,ih8p2wio,9,mock_N08_N04_Aonly,Nudge,1769904928,1,0,0
0vti371b,143,0hea2w4c,10,mock_N08_N04_Aonly,NudgeTraining,1769904935,1,0,0
0vti371b,140,g0y7n6eh,10,mock_N08_N04_Aonly,NudgeTraining,1769904936,1,0,0
0vti371b,151,crzztkuo,11,mock_N08_N04_Aonly,NudgeTrainingLast,1769904939,1,0,0
0vti371b,143,0hea2w4c,11,mock_N08_N04_Aonly,NudgeTrainingLast,1769904940,1,0,0
0vti371b,147,ih8p2wio,10,mock_N08_N04_Aonly,NudgeTraining,1769904943,1,0,0
0vti371b,140,g0y7n6eh,11,mock_N08_N04_Aonly,NudgeTrainingLast,1769904946,1,0,0
0vti371b,151,crzztkuo,12,mock_N08_N04_Aonly,Phase3,1769904959,1,0,0
0vti371b,143,0hea2w4c,12,mock_N08_N04_Aonly,Phase3,1769904960,1,0,0
0vti371b,152,oodikwot,0,,InitializeParticipant,1769904961,1,0,0
0vti371b,147,ih8p2wio,11,mock_N08_N04_Aonly,NudgeTrainingLast,1769904963,1,0,0
0vti371b,140,g0y7n6eh,12,mock_N08_N04_Aonly,Phase3,1769904964,1,0,0
0vti371b,152,oodikwot,1,presurvey,Introduction,1769904966,1,0,0
0vti371b,151,crzztkuo,13,mock_N08_N04_Aonly,Discussion,1769904969,1,0,0
0vti371b,147,ih8p2wio,12,mock_N08_N04_Aonly,Phase3,1769904971,1,0,0
0vti371b,140,g0y7n6eh,13,mock_N08_N04_Aonly,Discussion,1769904973,1,0,0
0vti371b,143,0hea2w4c,13,mock_N08_N04_Aonly,Discussion,1769904975,1,0,0
0vti371b,148,ql988086,4,presurvey,Commitment,1769904980,1,0,0
0vti371b,153,vzrqgmjr,0,,InitializeParticipant,1769904993,1,0,0
0vti371b,153,vzrqgmjr,1,presurvey,Introduction,1769904998,1,0,0
0vti371b,147,ih8p2wio,13,mock_N08_N04_Aonly,Discussion,1769904999,1,0,0
0vti371b,151,crzztkuo,19,mock_N08_N04_Aonly,DiscussionGRPWaitPage,1769904999,2,0,1
0vti371b,140,g0y7n6eh,19,mock_N08_N04_Aonly,DiscussionGRPWaitPage,1769904999,2,0,1
0vti371b,147,ih8p2wio,19,mock_N08_N04_Aonly,DiscussionGRPWaitPage,1769904999,2,0,1
0vti371b,143,0hea2w4c,19,mock_N08_N04_Aonly,DiscussionGRPWaitPage,1769904999,2,0,1
0vti371b,151,crzztkuo,24,mock_N08_N04_Aonly,Discussion,1769905006,2,0,0
0vti371b,143,0hea2w4c,24,mock_N08_N04_Aonly,Discussion,1769905007,2,0,0
0vti371b,147,ih8p2wio,24,mock_N08_N04_Aonly,Discussion,1769905008,2,0,0
0vti371b,140,g0y7n6eh,24,mock_N08_N04_Aonly,Discussion,1769905009,2,0,0
0vti371b,140,g0y7n6eh,30,mock_N08_N04_Aonly,DiscussionGRPWaitPage,1769905009,3,0,1
0vti371b,151,crzztkuo,30,mock_N08_N04_Aonly,DiscussionGRPWaitPage,1769905009,3,0,1
0vti371b,147,ih8p2wio,30,mock_N08_N04_Aonly,DiscussionGRPWaitPage,1769905009,3,0,1
0vti371b,143,0hea2w4c,30,mock_N08_N04_Aonly,DiscussionGRPWaitPage,1769905009,3,0,1
0vti371b,153,vzrqgmjr,2,presurvey,AudioCheck,1769905012,1,0,0
0vti371b,151,crzztkuo,35,mock_N08_N04_Aonly,Discussion,1769905016,3,0,0
0vti371b,147,ih8p2wio,35,mock_N08_N04_Aonly,Discussion,1769905016,3,0,0
0vti371b,140,g0y7n6eh,35,mock_N08_N04_Aonly,Discussion,1769905017,3,0,0
0vti371b,143,0hea2w4c,35,mock_N08_N04_Aonly,Discussion,1769905019,3,0,0
0vti371b,151,crzztkuo,41,mock_N08_N04_Aonly,DiscussionGRPWaitPage,1769905020,4,0,1
0vti371b,140,g0y7n6eh,41,mock_N08_N04_Aonly,DiscussionGRPWaitPage,1769905020,4,0,1
0vti371b,147,ih8p2wio,41,mock_N08_N04_Aonly,DiscussionGRPWaitPage,1769905020,4,0,1
0vti371b,143,0hea2w4c,41,mock_N08_N04_Aonly,DiscussionGRPWaitPage,1769905020,4,0,1
0vti371b,143,0hea2w4c,46,mock_N08_N04_Aonly,Discussion,1769905024,4,0,0
0vti371b,151,crzztkuo,46,mock_N08_N04_Aonly,Discussion,1769905025,4,0,0
0vti371b,140,g0y7n6eh,46,mock_N08_N04_Aonly,Discussion,1769905026,4,0,0
0vti371b,147,ih8p2wio,46,mock_N08_N04_Aonly,Discussion,1769905031,4,0,0
0vti371b,140,g0y7n6eh,52,mock_N08_N04_Aonly,DiscussionGRPWaitPage,1769905031,5,0,1
0vti371b,151,crzztkuo,52,mock_N08_N04_Aonly,DiscussionGRPWaitPage,1769905031,5,0,1
0vti371b,147,ih8p2wio,52,mock_N08_N04_Aonly,DiscussionGRPWaitPage,1769905031,5,0,1
0vti371b,143,0hea2w4c,52,mock_N08_N04_Aonly,DiscussionGRPWaitPage,1769905031,5,0,1
0vti371b,153,vzrqgmjr,3,presurvey,Scenario,1769905033,1,0,0
0vti371b,143,0hea2w4c,57,mock_N08_N04_Aonly,Discussion,1769905035,5,0,0
0vti371b,151,crzztkuo,57,mock_N08_N04_Aonly,Discussion,1769905035,5,0,0
0vti371b,147,ih8p2wio,57,mock_N08_N04_Aonly,Discussion,1769905035,5,0,0
0vti371b,140,g0y7n6eh,57,mock_N08_N04_Aonly,Discussion,1769905037,5,0,0
0vti371b,151,crzztkuo,63,mock_N08_N04_Aonly,DiscussionGRPWaitPage,1769905037,6,0,1
0vti371b,140,g0y7n6eh,63,mock_N08_N04_Aonly,DiscussionGRPWaitPage,1769905037,6,0,1
0vti371b,147,ih8p2wio,63,mock_N08_N04_Aonly,DiscussionGRPWaitPage,1769905037,6,0,1
0vti371b,143,0hea2w4c,63,mock_N08_N04_Aonly,DiscussionGRPWaitPage,1769905037,6,0,1
0vti371b,140,g0y7n6eh,68,mock_N08_N04_Aonly,Discussion,1769905041,6,0,0
0vti371b,143,0hea2w4c,68,mock_N08_N04_Aonly,Discussion,1769905042,6,0,0
0vti371b,151,crzztkuo,68,mock_N08_N04_Aonly,Discussion,1769905043,6,0,0
0vti371b,154,w9gaoj3b,0,,InitializeParticipant,1769905043,1,0,0
0vti371b,147,ih8p2wio,68,mock_N08_N04_Aonly,Discussion,1769905045,6,0,0
0vti371b,140,g0y7n6eh,74,mock_N08_N04_Aonly,DiscussionGRPWaitPage,1769905045,7,0,1
0vti371b,151,crzztkuo,74,mock_N08_N04_Aonly,DiscussionGRPWaitPage,1769905045,7,0,1
0vti371b,147,ih8p2wio,74,mock_N08_N04_Aonly,DiscussionGRPWaitPage,1769905045,7,0,1
0vti371b,143,0hea2w4c,74,mock_N08_N04_Aonly,DiscussionGRPWaitPage,1769905045,7,0,1
0vti371b,151,crzztkuo,79,mock_N08_N04_Aonly,Discussion,1769905049,7,0,0
0vti371b,143,0hea2w4c,79,mock_N08_N04_Aonly,Discussion,1769905049,7,0,0
0vti371b,140,g0y7n6eh,79,mock_N08_N04_Aonly,Discussion,1769905049,7,0,0
0vti371b,147,ih8p2wio,79,mock_N08_N04_Aonly,Discussion,1769905052,7,0,0
0vti371b,151,crzztkuo,85,mock_N08_N04_Aonly,DiscussionGRPWaitPage,1769905053,8,0,1
0vti371b,140,g0y7n6eh,85,mock_N08_N04_Aonly,DiscussionGRPWaitPage,1769905053,8,0,1
0vti371b,147,ih8p2wio,85,mock_N08_N04_Aonly,DiscussionGRPWaitPage,1769905053,8,0,1
0vti371b,143,0hea2w4c,85,mock_N08_N04_Aonly,DiscussionGRPWaitPage,1769905053,8,0,1
0vti371b,151,crzztkuo,90,mock_N08_N04_Aonly,Discussion,1769905055,8,0,0
0vti371b,147,ih8p2wio,90,mock_N08_N04_Aonly,Discussion,1769905057,8,0,0
0vti371b,140,g0y7n6eh,90,mock_N08_N04_Aonly,Discussion,1769905058,8,0,0
0vti371b,143,0hea2w4c,90,mock_N08_N04_Aonly,Discussion,1769905058,8,0,0
0vti371b,151,crzztkuo,96,mock_N08_N04_Aonly,DiscussionGRPWaitPage,1769905058,9,0,1
0vti371b,140,g0y7n6eh,96,mock_N08_N04_Aonly,DiscussionGRPWaitPage,1769905058,9,0,1
0vti371b,147,ih8p2wio,96,mock_N08_N04_Aonly,DiscussionGRPWaitPage,1769905058,9,0,1
0vti371b,143,0hea2w4c,96,mock_N08_N04_Aonly,DiscussionGRPWaitPage,1769905058,9,0,1
0vti371b,151,crzztkuo,101,mock_N08_N04_Aonly,Discussion,1769905061,9,0,0
0vti371b,147,ih8p2wio,101,mock_N08_N04_Aonly,Discussion,1769905062,9,0,0
0vti371b,143,0hea2w4c,101,mock_N08_N04_Aonly,Discussion,1769905063,9,0,0
0vti371b,140,g0y7n6eh,101,mock_N08_N04_Aonly,Discussion,1769905063,9,0,0
0vti371b,140,g0y7n6eh,107,mock_N08_N04_Aonly,DiscussionGRPWaitPage,1769905064,10,0,1
0vti371b,151,crzztkuo,107,mock_N08_N04_Aonly,DiscussionGRPWaitPage,1769905064,10,0,1
0vti371b,147,ih8p2wio,107,mock_N08_N04_Aonly,DiscussionGRPWaitPage,1769905064,10,0,1
0vti371b,143,0hea2w4c,107,mock_N08_N04_Aonly,DiscussionGRPWaitPage,1769905064,10,0,1
0vti371b,143,0hea2w4c,112,mock_N08_N04_Aonly,Discussion,1769905067,10,0,0
0vti371b,151,crzztkuo,112,mock_N08_N04_Aonly,Discussion,1769905067,10,0,0
0vti371b,140,g0y7n6eh,112,mock_N08_N04_Aonly,Discussion,1769905067,10,0,0
0vti371b,147,ih8p2wio,112,mock_N08_N04_Aonly,Discussion,1769905068,10,0,0
0vti371b,151,crzztkuo,118,mock_N08_N04_Aonly,DiscussionGRPWaitPage,1769905068,11,0,1
0vti371b,140,g0y7n6eh,118,mock_N08_N04_Aonly,DiscussionGRPWaitPage,1769905068,11,0,1
0vti371b,147,ih8p2wio,118,mock_N08_N04_Aonly,DiscussionGRPWaitPage,1769905068,11,0,1
0vti371b,143,0hea2w4c,118,mock_N08_N04_Aonly,DiscussionGRPWaitPage,1769905068,11,0,1
0vti371b,140,g0y7n6eh,123,mock_N08_N04_Aonly,Discussion,1769905071,11,0,0
0vti371b,147,ih8p2wio,123,mock_N08_N04_Aonly,Discussion,1769905071,11,0,0
0vti371b,151,crzztkuo,123,mock_N08_N04_Aonly,Discussion,1769905071,11,0,0
0vti371b,154,w9gaoj3b,1,presurvey,Introduction,1769905072,1,0,0
0vti371b,143,0hea2w4c,123,mock_N08_N04_Aonly,Discussion,1769905073,11,0,0
0vti371b,151,crzztkuo,129,mock_N08_N04_Aonly,DiscussionGRPWaitPage,1769905073,12,0,1
0vti371b,140,g0y7n6eh,129,mock_N08_N04_Aonly,DiscussionGRPWaitPage,1769905073,12,0,1
0vti371b,147,ih8p2wio,129,mock_N08_N04_Aonly,DiscussionGRPWaitPage,1769905073,12,0,1
0vti371b,143,0hea2w4c,129,mock_N08_N04_Aonly,DiscussionGRPWaitPage,1769905073,12,0,1
0vti371b,151,crzztkuo,134,mock_N08_N04_Aonly,Discussion,1769905076,12,0,0
0vti371b,143,0hea2w4c,134,mock_N08_N04_Aonly,Discussion,1769905076,12,0,0
0vti371b,140,g0y7n6eh,134,mock_N08_N04_Aonly,Discussion,1769905077,12,0,0
0vti371b,147,ih8p2wio,134,mock_N08_N04_Aonly,Discussion,1769905077,12,0,0
0vti371b,140,g0y7n6eh,140,mock_N08_N04_Aonly,DiscussionGRPWaitPage,1769905078,13,0,1
0vti371b,151,crzztkuo,140,mock_N08_N04_Aonly,DiscussionGRPWaitPage,1769905078,13,0,1
0vti371b,147,ih8p2wio,140,mock_N08_N04_Aonly,DiscussionGRPWaitPage,1769905078,13,0,1
0vti371b,143,0hea2w4c,140,mock_N08_N04_Aonly,DiscussionGRPWaitPage,1769905078,13,0,1
0vti371b,151,crzztkuo,145,mock_N08_N04_Aonly,Discussion,1769905080,13,0,0
0vti371b,143,0hea2w4c,145,mock_N08_N04_Aonly,Discussion,1769905080,13,0,0
0vti371b,140,g0y7n6eh,145,mock_N08_N04_Aonly,Discussion,1769905081,13,0,0
0vti371b,147,ih8p2wio,145,mock_N08_N04_Aonly,Discussion,1769905082,13,0,0
0vti371b,151,crzztkuo,151,mock_N08_N04_Aonly,DiscussionGRPWaitPage,1769905082,14,0,1
0vti371b,140,g0y7n6eh,151,mock_N08_N04_Aonly,DiscussionGRPWaitPage,1769905082,14,0,1
0vti371b,147,ih8p2wio,151,mock_N08_N04_Aonly,DiscussionGRPWaitPage,1769905082,14,0,1
0vti371b,143,0hea2w4c,151,mock_N08_N04_Aonly,DiscussionGRPWaitPage,1769905082,14,0,1
0vti371b,151,crzztkuo,156,mock_N08_N04_Aonly,Discussion,1769905084,14,0,0
0vti371b,143,0hea2w4c,156,mock_N08_N04_Aonly,Discussion,1769905085,14,0,0
0vti371b,147,ih8p2wio,156,mock_N08_N04_Aonly,Discussion,1769905086,14,0,0
0vti371b,140,g0y7n6eh,156,mock_N08_N04_Aonly,Discussion,1769905088,14,0,0
0vti371b,155,ey74dra7,0,,InitializeParticipant,1769905088,1,0,0
0vti371b,152,oodikwot,2,presurvey,AudioCheck,1769905088,1,0,0
0vti371b,151,crzztkuo,162,mock_N08_N04_Aonly,DiscussionGRPWaitPage,1769905088,15,0,1
0vti371b,140,g0y7n6eh,162,mock_N08_N04_Aonly,DiscussionGRPWaitPage,1769905088,15,0,1
0vti371b,147,ih8p2wio,162,mock_N08_N04_Aonly,DiscussionGRPWaitPage,1769905088,15,0,1
0vti371b,143,0hea2w4c,162,mock_N08_N04_Aonly,DiscussionGRPWaitPage,1769905088,15,0,1
0vti371b,140,g0y7n6eh,167,mock_N08_N04_Aonly,Discussion,1769905090,15,0,0
0vti371b,155,ey74dra7,1,presurvey,Introduction,1769905092,1,0,0
0vti371b,147,ih8p2wio,167,mock_N08_N04_Aonly,Discussion,1769905092,15,0,0
0vti371b,151,crzztkuo,167,mock_N08_N04_Aonly,Discussion,1769905093,15,0,0
0vti371b,143,0hea2w4c,167,mock_N08_N04_Aonly,Discussion,1769905093,15,0,0
0vti371b,151,crzztkuo,173,mock_N08_N04_Aonly,DiscussionGRPWaitPage,1769905093,16,0,1
0vti371b,140,g0y7n6eh,173,mock_N08_N04_Aonly,DiscussionGRPWaitPage,1769905093,16,0,1
0vti371b,147,ih8p2wio,173,mock_N08_N04_Aonly,DiscussionGRPWaitPage,1769905093,16,0,1
0vti371b,143,0hea2w4c,173,mock_N08_N04_Aonly,DiscussionGRPWaitPage,1769905093,16,0,1
0vti371b,143,0hea2w4c,178,mock_N08_N04_Aonly,Discussion,1769905095,16,0,0
0vti371b,151,crzztkuo,178,mock_N08_N04_Aonly,Discussion,1769905096,16,0,0
0vti371b,147,ih8p2wio,178,mock_N08_N04_Aonly,Discussion,1769905096,16,0,0
0vti371b,140,g0y7n6eh,178,mock_N08_N04_Aonly,Discussion,1769905097,16,0,0
0vti371b,140,g0y7n6eh,184,mock_N08_N04_Aonly,DiscussionGRPWaitPage,1769905098,17,0,1
0vti371b,151,crzztkuo,184,mock_N08_N04_Aonly,DiscussionGRPWaitPage,1769905098,17,0,1
0vti371b,147,ih8p2wio,184,mock_N08_N04_Aonly,DiscussionGRPWaitPage,1769905098,17,0,1
0vti371b,143,0hea2w4c,184,mock_N08_N04_Aonly,DiscussionGRPWaitPage,1769905098,17,0,1
0vti371b,140,g0y7n6eh,189,mock_N08_N04_Aonly,Discussion,1769905099,17,0,0
0vti371b,143,0hea2w4c,189,mock_N08_N04_Aonly,Discussion,1769905100,17,0,0
0vti371b,147,ih8p2wio,189,mock_N08_N04_Aonly,Discussion,1769905101,17,0,0
0vti371b,151,crzztkuo,189,mock_N08_N04_Aonly,Discussion,1769905102,17,0,0
0vti371b,151,crzztkuo,195,mock_N08_N04_Aonly,DiscussionGRPWaitPage,1769905102,18,0,1
0vti371b,140,g0y7n6eh,195,mock_N08_N04_Aonly,DiscussionGRPWaitPage,1769905102,18,0,1
0vti371b,147,ih8p2wio,195,mock_N08_N04_Aonly,DiscussionGRPWaitPage,1769905102,18,0,1
0vti371b,143,0hea2w4c,195,mock_N08_N04_Aonly,DiscussionGRPWaitPage,1769905102,18,0,1
0vti371b,140,g0y7n6eh,200,mock_N08_N04_Aonly,Discussion,1769905105,18,0,0
0vti371b,143,0hea2w4c,200,mock_N08_N04_Aonly,Discussion,1769905105,18,0,0
0vti371b,147,ih8p2wio,200,mock_N08_N04_Aonly,Discussion,1769905105,18,0,0
0vti371b,155,ey74dra7,2,presurvey,AudioCheck,1769905105,1,0,0
0vti371b,151,crzztkuo,200,mock_N08_N04_Aonly,Discussion,1769905106,18,0,0
0vti371b,151,crzztkuo,206,mock_N08_N04_Aonly,DiscussionGRPWaitPage,1769905106,19,0,1
0vti371b,140,g0y7n6eh,206,mock_N08_N04_Aonly,DiscussionGRPWaitPage,1769905106,19,0,1
0vti371b,147,ih8p2wio,206,mock_N08_N04_Aonly,DiscussionGRPWaitPage,1769905106,19,0,1
0vti371b,143,0hea2w4c,206,mock_N08_N04_Aonly,DiscussionGRPWaitPage,1769905106,19,0,1
0vti371b,140,g0y7n6eh,211,mock_N08_N04_Aonly,Discussion,1769905109,19,0,0
0vti371b,147,ih8p2wio,211,mock_N08_N04_Aonly,Discussion,1769905109,19,0,0
0vti371b,151,crzztkuo,211,mock_N08_N04_Aonly,Discussion,1769905110,19,0,0
0vti371b,143,0hea2w4c,211,mock_N08_N04_Aonly,Discussion,1769905111,19,0,0
0vti371b,151,crzztkuo,217,mock_N08_N04_Aonly,DiscussionGRPWaitPage,1769905111,20,0,1
0vti371b,140,g0y7n6eh,217,mock_N08_N04_Aonly,DiscussionGRPWaitPage,1769905111,20,0,1
0vti371b,147,ih8p2wio,217,mock_N08_N04_Aonly,DiscussionGRPWaitPage,1769905111,20,0,1
0vti371b,143,0hea2w4c,217,mock_N08_N04_Aonly,DiscussionGRPWaitPage,1769905111,20,0,1
0vti371b,143,0hea2w4c,222,mock_N08_N04_Aonly,Discussion,1769905113,20,0,0
0vti371b,140,g0y7n6eh,222,mock_N08_N04_Aonly,Discussion,1769905113,20,0,0
0vti371b,147,ih8p2wio,222,mock_N08_N04_Aonly,Discussion,1769905115,20,0,0
0vti371b,151,crzztkuo,222,mock_N08_N04_Aonly,Discussion,1769905116,20,0,0
0vti371b,143,0hea2w4c,223,mock_N08_N04_Aonly,FinalRoundWaitPage,1769905116,20,0,1
0vti371b,140,g0y7n6eh,223,mock_N08_N04_Aonly,FinalRoundWaitPage,1769905116,20,0,1
0vti371b,147,ih8p2wio,223,mock_N08_N04_Aonly,FinalRoundWaitPage,1769905116,20,0,1
0vti371b,151,crzztkuo,223,mock_N08_N04_Aonly,FinalRoundWaitPage,1769905116,20,0,1
0vti371b,154,w9gaoj3b,2,presurvey,AudioCheck,1769905118,1,0,0
0vti371b,151,crzztkuo,224,mock_N08_N04_Aonly,FinalRound,1769905122,20,0,0
0vti371b,143,0hea2w4c,224,mock_N08_N04_Aonly,FinalRound,1769905122,20,0,0
0vti371b,147,ih8p2wio,224,mock_N08_N04_Aonly,FinalRound,1769905124,20,0,0
0vti371b,140,g0y7n6eh,224,mock_N08_N04_Aonly,FinalRound,1769905124,20,0,0
0vti371b,154,w9gaoj3b,3,presurvey,Scenario,1769905140,1,0,0
0vti371b,141,j7ft02cv,5,mock_N08_N04_Aonly,GroupingWaitPage,1769905155,1,0,1
0vti371b,141,j7ft02cv,6,mock_N08_N04_Aonly,GroupSizeWaitPage,1769905155,1,0,1
0vti371b,141,j7ft02cv,7,mock_N08_N04_Aonly,AttentionCheck,1769905159,1,0,0
0vti371b,152,oodikwot,3,presurvey,Scenario,1769905163,1,0,0
0vti371b,154,w9gaoj3b,4,presurvey,Commitment,1769905204,1,0,0
0vti371b,152,oodikwot,4,presurvey,Commitment,1769905241,1,0,0
0vti371b,145,erpodcs7,5,mock_N08_N04_Aonly,GroupingWaitPage,1769905457,1,0,1
0vti371b,145,erpodcs7,6,mock_N08_N04_Aonly,GroupSizeWaitPage,1769905457,1,0,1
0vti371b,145,erpodcs7,7,mock_N08_N04_Aonly,AttentionCheck,1769905466,1,0,0
0vti371b,144,iiw2qs38,5,mock_N08_N04_Aonly,GroupingWaitPage,1769905622,1,0,1
0vti371b,144,iiw2qs38,6,mock_N08_N04_Aonly,GroupSizeWaitPage,1769905623,1,0,1
0vti371b,144,iiw2qs38,7,mock_N08_N04_Aonly,AttentionCheck,1769905628,1,0,0
0vti371b,150,t2yhc9z4,5,mock_N08_N04_Aonly,GroupingWaitPage,1769905934,1,0,1
0vti371b,150,t2yhc9z4,6,mock_N08_N04_Aonly,GroupSizeWaitPage,1769905934,1,0,1
0vti371b,150,t2yhc9z4,7,mock_N08_N04_Aonly,AttentionCheck,1769905940,1,0,0
0vti371b,149,n06cwqrw,5,mock_N08_N04_Aonly,GroupingWaitPage,1769905994,1,0,1
0vti371b,149,n06cwqrw,6,mock_N08_N04_Aonly,GroupSizeWaitPage,1769905994,1,0,1
0vti371b,149,n06cwqrw,7,mock_N08_N04_Aonly,AttentionCheck,1769905998,1,0,0
0vti371b,148,ql988086,5,mock_N08_N04_Aonly,GroupingWaitPage,1769906128,1,0,1
0vti371b,148,ql988086,6,mock_N08_N04_Aonly,GroupSizeWaitPage,1769906129,1,0,1
0vti371b,148,ql988086,7,mock_N08_N04_Aonly,AttentionCheck,1769906147,1,0,0
0vti371b,152,oodikwot,5,mock_N08_N04_Aonly,GroupingWaitPage,1769906384,1,0,1
8k5q6qx1,1,w87fjt8y,0,,InitializeParticipant,1769980387,1,0,0
8k5q6qx1,1,w87fjt8y,1,presurvey,Introduction,1769980428,1,0,0
8k5q6qx1,1,w87fjt8y,2,presurvey,AudioCheck,1769980475,1,0,0
8k5q6qx1,1,w87fjt8y,3,presurvey,Scenario,1769980506,1,0,0
8k5q6qx1,2,t7y3swis,0,,InitializeParticipant,1769980541,1,0,0
8k5q6qx1,1,w87fjt8y,4,presurvey,Commitment,1769980556,1,0,0
8k5q6qx1,3,pskpnbb0,0,,InitializeParticipant,1769980617,1,0,0
8k5q6qx1,3,pskpnbb0,1,presurvey,Introduction,1769980638,1,0,0
8k5q6qx1,4,9cb6b4if,0,,InitializeParticipant,1769980654,1,0,0
8k5q6qx1,3,pskpnbb0,2,presurvey,AudioCheck,1769980656,1,0,0
8k5q6qx1,4,9cb6b4if,1,presurvey,Introduction,1769980666,1,0,0
8k5q6qx1,2,t7y3swis,1,presurvey,Introduction,1769980684,1,0,0
8k5q6qx1,4,9cb6b4if,2,presurvey,AudioCheck,1769980685,1,0,0
8k5q6qx1,3,pskpnbb0,3,presurvey,Scenario,1769980696,1,0,0
8k5q6qx1,2,t7y3swis,2,presurvey,AudioCheck,1769980707,1,0,0
8k5q6qx1,4,9cb6b4if,3,presurvey,Scenario,1769980717,1,0,0
8k5q6qx1,4,9cb6b4if,4,presurvey,Commitment,1769980742,1,0,0
8k5q6qx1,2,t7y3swis,3,presurvey,Scenario,1769980824,1,0,0
8k5q6qx1,5,u3pli1jl,0,,InitializeParticipant,1769981069,1,0,0
8k5q6qx1,5,u3pli1jl,1,presurvey,Introduction,1769981109,1,0,0
8k5q6qx1,5,u3pli1jl,2,presurvey,AudioCheck,1769981131,1,0,0
8k5q6qx1,5,u3pli1jl,3,presurvey,Scenario,1769981191,1,0,0
8k5q6qx1,5,u3pli1jl,4,presurvey,Commitment,1769981236,1,0,0
8k5q6qx1,6,pv6i5y1c,0,,InitializeParticipant,1769981393,1,0,0
8k5q6qx1,7,ca4utvox,0,,InitializeParticipant,1769981395,1,0,0
8k5q6qx1,7,ca4utvox,1,presurvey,Introduction,1769981404,1,0,0
8k5q6qx1,6,pv6i5y1c,1,presurvey,Introduction,1769981427,1,0,0
8k5q6qx1,7,ca4utvox,2,presurvey,AudioCheck,1769981436,1,0,0
8k5q6qx1,6,pv6i5y1c,2,presurvey,AudioCheck,1769981477,1,0,0
8k5q6qx1,7,ca4utvox,3,presurvey,Scenario,1769981484,1,0,0
8k5q6qx1,6,pv6i5y1c,3,presurvey,Scenario,1769981514,1,0,0
8k5q6qx1,7,ca4utvox,4,presurvey,Commitment,1769981554,1,0,0
8k5q6qx1,1,w87fjt8y,5,mock_N08_N04_Aonly,GroupingWaitPage,1769981699,1,0,1
8k5q6qx1,1,w87fjt8y,6,mock_N08_N04_Aonly,GroupSizeWaitPage,1769981699,1,0,1
8k5q6qx1,1,w87fjt8y,7,mock_N08_N04_Aonly,AttentionCheck,1769981704,1,0,0
8k5q6qx1,4,9cb6b4if,5,mock_N08_N04_Aonly,GroupingWaitPage,1769981884,1,0,1
8k5q6qx1,4,9cb6b4if,6,mock_N08_N04_Aonly,GroupSizeWaitPage,1769981884,1,0,1
8k5q6qx1,4,9cb6b4if,7,mock_N08_N04_Aonly,AttentionCheck,1769981888,1,0,0
