session_code,participant_id_in_session,participant_code,page_index,app_name,page_name,epoch_time_completed,round_number,timeout_happened,is_wait_page
d0aqd33o,1,twzrubi1,0,,InitializeParticipant,1772632830,1,0,0
d0aqd33o,1,twzrubi1,1,presurvey_part1,Introduction,1772632835,1,0,0
d0aqd33o,1,twzrubi1,2,presurvey_part1,TimeSelection,1772632840,1,0,0
9d4ijb45,1,ybe7skhw,0,,InitializeParticipant,1772633679,1,0,0
9d4ijb45,2,0r1mafxa,0,,InitializeParticipant,1772633701,1,0,0
9d4ijb45,3,bjljm9ij,0,,InitializeParticipant,1772633710,1,0,0
9d4ijb45,4,kwqc1gwx,0,,InitializeParticipant,1772633711,1,0,0
9d4ijb45,1,ybe7skhw,1,presurvey_part1,Introduction,1772633723,1,0,0
9d4ijb45,2,0r1mafxa,1,presurvey_part1,Introduction,1772633731,1,0,0
9d4ijb45,4,kwqc1gwx,1,presurvey_part1,Introduction,1772633740,1,0,0
9d4ijb45,1,ybe7skhw,2,presurvey_part1,TimeSelection,1772633749,1,0,0
9d4ijb45,5,fx47i880,0,,InitializeParticipant,1772633758,1,0,0
9d4ijb45,2,0r1mafxa,2,presurvey_part1,TimeSelection,1772633774,1,0,0
9d4ijb45,3,bjljm9ij,1,presurvey_part1,Introduction,1772633776,1,0,0
9d4ijb45,6,vnn58k6i,0,,InitializeParticipant,1772633781,1,0,0
9d4ijb45,1,ybe7skhw,3,presurvey_part1,AudioCheck,1772633789,1,0,0
9d4ijb45,5,fx47i880,1,presurvey_part1,Introduction,1772633797,1,0,0
9d4ijb45,3,bjljm9ij,2,presurvey_part1,TimeSelection,1772633800,1,0,0
9d4ijb45,6,vnn58k6i,1,presurvey_part1,Introduction,1772633800,1,0,0
9d4ijb45,1,ybe7skhw,4,presurvey_part1,NeighborhoodInstruction,1772633806,1,0,0
9d4ijb45,7,3lamwigl,0,,InitializeParticipant,1772633810,1,0,0
9d4ijb45,2,0r1mafxa,3,presurvey_part1,AudioCheck,1772633812,1,0,0
9d4ijb45,8,vxgyohcf,0,,InitializeParticipant,1772633817,1,0,0
9d4ijb45,5,fx47i880,2,presurvey_part1,TimeSelection,1772633820,1,0,0
9d4ijb45,3,bjljm9ij,3,presurvey_part1,AudioCheck,1772633820,1,0,0
9d4ijb45,2,0r1mafxa,4,presurvey_part1,NeighborhoodInstruction,1772633835,1,0,0
9d4ijb45,3,bjljm9ij,4,presurvey_part1,NeighborhoodInstruction,1772633836,1,0,0
9d4ijb45,8,vxgyohcf,1,presurvey_part1,Introduction,1772633837,1,0,0
9d4ijb45,1,ybe7skhw,5,presurvey_part1,Scenario,1772633838,1,0,0
9d4ijb45,9,f4rprmdf,0,,InitializeParticipant,1772633840,1,0,0
9d4ijb45,5,fx47i880,3,presurvey_part1,AudioCheck,1772633846,1,0,0
9d4ijb45,1,ybe7skhw,6,Pay_phase1,Reminder,1772633847,1,0,0
9d4ijb45,10,1nax5dka,0,,InitializeParticipant,1772633851,1,0,0
9d4ijb45,9,f4rprmdf,1,presurvey_part1,Introduction,1772633855,1,0,0
9d4ijb45,2,0r1mafxa,5,presurvey_part1,Scenario,1772633865,1,0,0
9d4ijb45,11,1m3zp2c5,0,,InitializeParticipant,1772633865,1,0,0
9d4ijb45,9,f4rprmdf,2,presurvey_part1,TimeSelection,1772633870,1,0,0
9d4ijb45,3,bjljm9ij,5,presurvey_part1,Scenario,1772633876,1,0,0
9d4ijb45,3,bjljm9ij,6,Pay_phase1,Reminder,1772633881,1,0,0
9d4ijb45,9,f4rprmdf,3,presurvey_part1,AudioCheck,1772633886,1,0,0
9d4ijb45,9,f4rprmdf,4,presurvey_part1,NeighborhoodInstruction,1772633889,1,0,0
9d4ijb45,9,f4rprmdf,5,presurvey_part1,Scenario,1772633901,1,0,0
9d4ijb45,5,fx47i880,4,presurvey_part1,NeighborhoodInstruction,1772633901,1,0,0
9d4ijb45,9,f4rprmdf,6,Pay_phase1,Reminder,1772633904,1,0,0
9d4ijb45,11,1m3zp2c5,1,presurvey_part1,Introduction,1772633910,1,0,0
9d4ijb45,10,1nax5dka,1,presurvey_part1,Introduction,1772633911,1,0,0
9d4ijb45,12,ws0ytdmy,0,,InitializeParticipant,1772633924,1,0,0
9d4ijb45,7,3lamwigl,1,presurvey_part1,Introduction,1772633927,1,0,0
9d4ijb45,10,1nax5dka,2,presurvey_part1,TimeSelection,1772633930,1,0,0
9d4ijb45,13,xb70w5oi,0,,InitializeParticipant,1772633937,1,0,0
9d4ijb45,5,fx47i880,5,presurvey_part1,Scenario,1772633940,1,0,0
9d4ijb45,11,1m3zp2c5,2,presurvey_part1,TimeSelection,1772633941,1,0,0
9d4ijb45,14,8gt03nse,0,,InitializeParticipant,1772633943,1,0,0
9d4ijb45,5,fx47i880,6,Pay_phase1,Reminder,1772633947,1,0,0
9d4ijb45,12,ws0ytdmy,1,presurvey_part1,Introduction,1772633949,1,0,0
9d4ijb45,15,446su6ef,0,,InitializeParticipant,1772633957,1,0,0
9d4ijb45,11,1m3zp2c5,3,presurvey_part1,AudioCheck,1772633964,1,0,0
9d4ijb45,12,ws0ytdmy,2,presurvey_part1,TimeSelection,1772633973,1,0,0
9d4ijb45,11,1m3zp2c5,4,presurvey_part1,NeighborhoodInstruction,1772633987,1,0,0
9d4ijb45,12,ws0ytdmy,3,presurvey_part1,AudioCheck,1772633990,1,0,0
9d4ijb45,14,8gt03nse,1,presurvey_part1,Introduction,1772633991,1,0,0
9d4ijb45,15,446su6ef,1,presurvey_part1,Introduction,1772633996,1,0,0
9d4ijb45,12,ws0ytdmy,4,presurvey_part1,NeighborhoodInstruction,1772634005,1,0,0
9d4ijb45,14,8gt03nse,2,presurvey_part1,TimeSelection,1772634012,1,0,0
9d4ijb45,7,3lamwigl,2,presurvey_part1,TimeSelection,1772634019,1,0,0
9d4ijb45,12,ws0ytdmy,5,presurvey_part1,Scenario,1772634030,1,0,0
9d4ijb45,14,8gt03nse,3,presurvey_part1,AudioCheck,1772634036,1,0,0
9d4ijb45,12,ws0ytdmy,6,Pay_phase1,Reminder,1772634037,1,0,0
9d4ijb45,16,n4vgn8x7,0,,InitializeParticipant,1772634049,1,0,0
9d4ijb45,15,446su6ef,2,presurvey_part1,TimeSelection,1772634050,1,0,0
9d4ijb45,7,3lamwigl,3,presurvey_part1,AudioCheck,1772634050,1,0,0
9d4ijb45,11,1m3zp2c5,5,presurvey_part1,Scenario,1772634056,1,0,0
9d4ijb45,14,8gt03nse,4,presurvey_part1,NeighborhoodInstruction,1772634059,1,0,0
9d4ijb45,15,446su6ef,3,presurvey_part1,AudioCheck,1772634071,1,0,0
9d4ijb45,11,1m3zp2c5,6,Pay_phase1,Reminder,1772634078,1,0,0
9d4ijb45,16,n4vgn8x7,1,presurvey_part1,Introduction,1772634080,1,0,0
9d4ijb45,7,3lamwigl,4,presurvey_part1,NeighborhoodInstruction,1772634084,1,0,0
9d4ijb45,14,8gt03nse,5,presurvey_part1,Scenario,1772634087,1,0,0
9d4ijb45,15,446su6ef,4,presurvey_part1,NeighborhoodInstruction,1772634092,1,0,0
9d4ijb45,14,8gt03nse,6,Pay_phase1,Reminder,1772634094,1,0,0
9d4ijb45,16,n4vgn8x7,2,presurvey_part1,TimeSelection,1772634099,1,0,0
9d4ijb45,16,n4vgn8x7,3,presurvey_part1,AudioCheck,1772634112,1,0,0
9d4ijb45,7,3lamwigl,5,presurvey_part1,Scenario,1772634120,1,0,0
9d4ijb45,15,446su6ef,5,presurvey_part1,Scenario,1772634123,1,0,0
9d4ijb45,16,n4vgn8x7,4,presurvey_part1,NeighborhoodInstruction,1772634126,1,0,0
9d4ijb45,15,446su6ef,6,Pay_phase1,Reminder,1772634137,1,0,0
9d4ijb45,17,jprmuu0a,0,,InitializeParticipant,1772634139,1,0,0
9d4ijb45,18,5thawzw9,0,,InitializeParticipant,1772634139,1,0,0
9d4ijb45,16,n4vgn8x7,5,presurvey_part1,Scenario,1772634149,1,0,0
9d4ijb45,18,5thawzw9,1,presurvey_part1,Introduction,1772634155,1,0,0
9d4ijb45,16,n4vgn8x7,6,Pay_phase1,Reminder,1772634156,1,0,0
9d4ijb45,18,5thawzw9,2,presurvey_part1,TimeSelection,1772634166,1,0,0
9d4ijb45,17,jprmuu0a,1,presurvey_part1,Introduction,1772634178,1,0,0
9d4ijb45,19,3yw5fgm8,0,,InitializeParticipant,1772634210,1,0,0
9d4ijb45,17,jprmuu0a,2,presurvey_part1,TimeSelection,1772634220,1,0,0
9d4ijb45,20,qtrpqhi6,0,,InitializeParticipant,1772634223,1,0,0
9d4ijb45,19,3yw5fgm8,1,presurvey_part1,Introduction,1772634227,1,0,0
9d4ijb45,21,dsi7cns4,0,,InitializeParticipant,1772634235,1,0,0
9d4ijb45,17,jprmuu0a,3,presurvey_part1,AudioCheck,1772634242,1,0,0
9d4ijb45,19,3yw5fgm8,2,presurvey_part1,TimeSelection,1772634251,1,0,0
9d4ijb45,20,qtrpqhi6,1,presurvey_part1,Introduction,1772634259,1,0,0
9d4ijb45,17,jprmuu0a,4,presurvey_part1,NeighborhoodInstruction,1772634264,1,0,0
9d4ijb45,21,dsi7cns4,1,presurvey_part1,Introduction,1772634271,1,0,0
9d4ijb45,20,qtrpqhi6,2,presurvey_part1,TimeSelection,1772634271,1,0,0
9d4ijb45,19,3yw5fgm8,3,presurvey_part1,AudioCheck,1772634280,1,0,0
9d4ijb45,18,5thawzw9,3,presurvey_part1,AudioCheck,1772634280,1,0,0
9d4ijb45,21,dsi7cns4,2,presurvey_part1,TimeSelection,1772634287,1,0,0
9d4ijb45,18,5thawzw9,4,presurvey_part1,NeighborhoodInstruction,1772634289,1,0,0
9d4ijb45,20,qtrpqhi6,3,presurvey_part1,AudioCheck,1772634292,1,0,0
9d4ijb45,22,7bkitt00,0,,InitializeParticipant,1772634294,1,0,0
9d4ijb45,23,9roui0qw,0,,InitializeParticipant,1772634303,1,0,0
9d4ijb45,21,dsi7cns4,3,presurvey_part1,AudioCheck,1772634305,1,0,0
9d4ijb45,19,3yw5fgm8,4,presurvey_part1,NeighborhoodInstruction,1772634305,1,0,0
9d4ijb45,18,5thawzw9,5,presurvey_part1,Scenario,1772634306,1,0,0
9d4ijb45,24,os1m155r,0,,InitializeParticipant,1772634315,1,0,0
9d4ijb45,21,dsi7cns4,4,presurvey_part1,NeighborhoodInstruction,1772634317,1,0,0
9d4ijb45,20,qtrpqhi6,4,presurvey_part1,NeighborhoodInstruction,1772634324,1,0,0
9d4ijb45,23,9roui0qw,1,presurvey_part1,Introduction,1772634331,1,0,0
9d4ijb45,25,b30kyczs,0,,InitializeParticipant,1772634332,1,0,0
9d4ijb45,21,dsi7cns4,5,presurvey_part1,Scenario,1772634335,1,0,0
9d4ijb45,26,0albrdqx,0,,InitializeParticipant,1772634338,1,0,0
9d4ijb45,19,3yw5fgm8,5,presurvey_part1,Scenario,1772634344,1,0,0
9d4ijb45,21,dsi7cns4,6,Pay_phase1,Reminder,1772634347,1,0,0
9d4ijb45,19,3yw5fgm8,6,Pay_phase1,Reminder,1772634350,1,0,0
9d4ijb45,17,jprmuu0a,5,presurvey_part1,Scenario,1772634354,1,0,0
9d4ijb45,20,qtrpqhi6,5,presurvey_part1,Scenario,1772634358,1,0,0
9d4ijb45,23,9roui0qw,2,presurvey_part1,TimeSelection,1772634360,1,0,0
9d4ijb45,27,w4dh6pkc,0,,InitializeParticipant,1772634367,1,0,0
9d4ijb45,17,jprmuu0a,6,Pay_phase1,Reminder,1772634371,1,0,0
9d4ijb45,23,9roui0qw,3,presurvey_part1,AudioCheck,1772634374,1,0,0
9d4ijb45,28,jtwp2dt8,0,,InitializeParticipant,1772634377,1,0,0
9d4ijb45,24,os1m155r,1,presurvey_part1,Introduction,1772634388,1,0,0
9d4ijb45,23,9roui0qw,4,presurvey_part1,NeighborhoodInstruction,1772634400,1,0,0
9d4ijb45,29,9qtl1bqi,0,,InitializeParticipant,1772634401,1,0,0
9d4ijb45,30,1bpn6r08,0,,InitializeParticipant,1772634402,1,0,0
9d4ijb45,26,0albrdqx,1,presurvey_part1,Introduction,1772634420,1,0,0
9d4ijb45,23,9roui0qw,5,presurvey_part1,Scenario,1772634428,1,0,0
9d4ijb45,30,1bpn6r08,1,presurvey_part1,Introduction,1772634446,1,0,0
9d4ijb45,24,os1m155r,2,presurvey_part1,TimeSelection,1772634447,1,0,0
9d4ijb45,26,0albrdqx,2,presurvey_part1,TimeSelection,1772634462,1,0,0
9d4ijb45,24,os1m155r,3,presurvey_part1,AudioCheck,1772634477,1,0,0
9d4ijb45,26,0albrdqx,3,presurvey_part1,AudioCheck,1772634490,1,0,0
9d4ijb45,31,l4xowvxk,0,,InitializeParticipant,1772634492,1,0,0
9d4ijb45,24,os1m155r,4,presurvey_part1,NeighborhoodInstruction,1772634502,1,0,0
9d4ijb45,32,v2l265os,0,,InitializeParticipant,1772634505,1,0,0
9d4ijb45,31,l4xowvxk,1,presurvey_part1,Introduction,1772634506,1,0,0
9d4ijb45,26,0albrdqx,4,presurvey_part1,NeighborhoodInstruction,1772634509,1,0,0
9d4ijb45,24,os1m155r,5,presurvey_part1,Scenario,1772634523,1,0,0
9d4ijb45,31,l4xowvxk,2,presurvey_part1,TimeSelection,1772634523,1,0,0
9d4ijb45,33,h360cjo7,0,,InitializeParticipant,1772634534,1,0,0
9d4ijb45,34,rgq7dhct,0,,InitializeParticipant,1772634537,1,0,0
9d4ijb45,32,v2l265os,1,presurvey_part1,Introduction,1772634537,1,0,0
9d4ijb45,31,l4xowvxk,3,presurvey_part1,AudioCheck,1772634538,1,0,0
9d4ijb45,26,0albrdqx,5,presurvey_part1,Scenario,1772634539,1,0,0
9d4ijb45,31,l4xowvxk,4,presurvey_part1,NeighborhoodInstruction,1772634544,1,0,0
9d4ijb45,29,9qtl1bqi,1,presurvey_part1,Introduction,1772634549,1,0,0
9d4ijb45,31,l4xowvxk,5,presurvey_part1,Scenario,1772634566,1,0,0
9d4ijb45,34,rgq7dhct,1,presurvey_part1,Introduction,1772634575,1,0,0
9d4ijb45,34,rgq7dhct,2,presurvey_part1,TimeSelection,1772634585,1,0,0
9d4ijb45,35,83crhib2,0,,InitializeParticipant,1772634588,1,0,0
9d4ijb45,34,rgq7dhct,3,presurvey_part1,AudioCheck,1772634597,1,0,0
9d4ijb45,36,1yez9on8,0,,InitializeParticipant,1772634605,1,0,0
9d4ijb45,37,3dm20j2g,0,,InitializeParticipant,1772634606,1,0,0
9d4ijb45,33,h360cjo7,1,presurvey_part1,Introduction,1772634607,1,0,0
9d4ijb45,38,02a0pp98,0,,InitializeParticipant,1772634615,1,0,0
9d4ijb45,39,11h3tp93,0,,InitializeParticipant,1772634617,1,0,0
9d4ijb45,34,rgq7dhct,4,presurvey_part1,NeighborhoodInstruction,1772634622,1,0,0
9d4ijb45,38,02a0pp98,1,presurvey_part1,Introduction,1772634631,1,0,0
9d4ijb45,36,1yez9on8,1,presurvey_part1,Introduction,1772634632,1,0,0
9d4ijb45,39,11h3tp93,1,presurvey_part1,Introduction,1772634634,1,0,0
9d4ijb45,33,h360cjo7,2,presurvey_part1,TimeSelection,1772634635,1,0,0
9d4ijb45,34,rgq7dhct,5,presurvey_part1,Scenario,1772634635,1,0,0
9d4ijb45,35,83crhib2,1,presurvey_part1,Introduction,1772634636,1,0,0
9d4ijb45,34,rgq7dhct,6,Pay_phase1,Reminder,1772634637,1,0,0
9d4ijb45,22,7bkitt00,1,presurvey_part1,Introduction,1772634638,1,0,0
9d4ijb45,40,cpty9qm6,0,,InitializeParticipant,1772634650,1,0,0
9d4ijb45,36,1yez9on8,2,presurvey_part1,TimeSelection,1772634651,1,0,0
9d4ijb45,41,4bg3m19b,0,,InitializeParticipant,1772634652,1,0,0
9d4ijb45,39,11h3tp93,2,presurvey_part1,TimeSelection,1772634654,1,0,0
9d4ijb45,33,h360cjo7,3,presurvey_part1,AudioCheck,1772634661,1,0,0
9d4ijb45,37,3dm20j2g,1,presurvey_part1,Introduction,1772634666,1,0,0
9d4ijb45,36,1yez9on8,3,presurvey_part1,AudioCheck,1772634669,1,0,0
9d4ijb45,33,h360cjo7,4,presurvey_part1,NeighborhoodInstruction,1772634673,1,0,0
9d4ijb45,42,73lp3te9,0,,InitializeParticipant,1772634673,1,0,0
9d4ijb45,22,7bkitt00,2,presurvey_part1,TimeSelection,1772634690,1,0,0
9d4ijb45,40,cpty9qm6,1,presurvey_part1,Introduction,1772634696,1,0,0
9d4ijb45,36,1yez9on8,4,presurvey_part1,NeighborhoodInstruction,1772634702,1,0,0
9d4ijb45,33,h360cjo7,5,presurvey_part1,Scenario,1772634702,1,0,0
9d4ijb45,40,cpty9qm6,2,presurvey_part1,TimeSelection,1772634711,1,0,0
9d4ijb45,22,7bkitt00,3,presurvey_part1,AudioCheck,1772634715,1,0,0
9d4ijb45,43,gawrgyhp,0,,InitializeParticipant,1772634717,1,0,0
9d4ijb45,44,sjpjpswl,0,,InitializeParticipant,1772634717,1,0,0
9d4ijb45,41,4bg3m19b,1,presurvey_part1,Introduction,1772634718,1,0,0
9d4ijb45,37,3dm20j2g,2,presurvey_part1,TimeSelection,1772634725,1,0,0
9d4ijb45,41,4bg3m19b,2,presurvey_part1,TimeSelection,1772634730,1,0,0
9d4ijb45,45,y583qbox,0,,InitializeParticipant,1772634731,1,0,0
9d4ijb45,36,1yez9on8,5,presurvey_part1,Scenario,1772634732,1,0,0
9d4ijb45,40,cpty9qm6,3,presurvey_part1,AudioCheck,1772634733,1,0,0
9d4ijb45,22,7bkitt00,4,presurvey_part1,NeighborhoodInstruction,1772634733,1,0,0
9d4ijb45,39,11h3tp93,3,presurvey_part1,AudioCheck,1772634734,1,0,0
9d4ijb45,43,gawrgyhp,1,presurvey_part1,Introduction,1772634734,1,0,0
9d4ijb45,45,y583qbox,1,presurvey_part1,Introduction,1772634738,1,0,0
9d4ijb45,39,11h3tp93,4,presurvey_part1,NeighborhoodInstruction,1772634747,1,0,0
9d4ijb45,30,1bpn6r08,2,presurvey_part1,TimeSelection,1772634749,1,0,0
9d4ijb45,45,y583qbox,2,presurvey_part1,TimeSelection,1772634750,1,0,0
9d4ijb45,37,3dm20j2g,3,presurvey_part1,AudioCheck,1772634753,1,0,0
9d4ijb45,43,gawrgyhp,2,presurvey_part1,TimeSelection,1772634753,1,0,0
9d4ijb45,36,1yez9on8,6,Pay_phase1,Reminder,1772634754,1,0,0
9d4ijb45,46,plrphavv,0,,InitializeParticipant,1772634755,1,0,0
9d4ijb45,47,swvfant3,0,,InitializeParticipant,1772634757,1,0,0
9d4ijb45,41,4bg3m19b,3,presurvey_part1,AudioCheck,1772634758,1,0,0
9d4ijb45,29,9qtl1bqi,2,presurvey_part1,TimeSelection,1772634765,1,0,0
9d4ijb45,47,swvfant3,1,presurvey_part1,Introduction,1772634765,1,0,0
9d4ijb45,45,y583qbox,3,presurvey_part1,AudioCheck,1772634765,1,0,0
9d4ijb45,22,7bkitt00,5,presurvey_part1,Scenario,1772634766,1,0,0
9d4ijb45,48,ziwxahlx,0,,InitializeParticipant,1772634767,1,0,0
9d4ijb45,40,cpty9qm6,4,presurvey_part1,NeighborhoodInstruction,1772634772,1,0,0
9d4ijb45,39,11h3tp93,5,presurvey_part1,Scenario,1772634773,1,0,0
9d4ijb45,43,gawrgyhp,3,presurvey_part1,AudioCheck,1772634779,1,0,0
9d4ijb45,47,swvfant3,2,presurvey_part1,TimeSelection,1772634782,1,0,0
9d4ijb45,41,4bg3m19b,4,presurvey_part1,NeighborhoodInstruction,1772634784,1,0,0
9d4ijb45,43,gawrgyhp,4,presurvey_part1,NeighborhoodInstruction,1772634786,1,0,0
9d4ijb45,37,3dm20j2g,4,presurvey_part1,NeighborhoodInstruction,1772634792,1,0,0
9d4ijb45,47,swvfant3,3,presurvey_part1,AudioCheck,1772634793,1,0,0
9d4ijb45,47,swvfant3,4,presurvey_part1,NeighborhoodInstruction,1772634799,1,0,0
9d4ijb45,30,1bpn6r08,3,presurvey_part1,AudioCheck,1772634800,1,0,0
9d4ijb45,29,9qtl1bqi,3,presurvey_part1,AudioCheck,1772634804,1,0,0
9d4ijb45,39,11h3tp93,6,Pay_phase1,Reminder,1772634806,1,0,0
9d4ijb45,49,ebkogc6o,0,,InitializeParticipant,1772634806,1,0,0
9d4ijb45,46,plrphavv,1,presurvey_part1,Introduction,1772634807,1,0,0
9d4ijb45,45,y583qbox,4,presurvey_part1,NeighborhoodInstruction,1772634808,1,0,0
9d4ijb45,43,gawrgyhp,5,presurvey_part1,Scenario,1772634814,1,0,0
9d4ijb45,30,1bpn6r08,4,presurvey_part1,NeighborhoodInstruction,1772634815,1,0,0
9d4ijb45,43,gawrgyhp,6,Pay_phase1,Reminder,1772634816,1,0,0
9d4ijb45,45,y583qbox,5,presurvey_part1,Scenario,1772634818,1,0,0
9d4ijb45,47,swvfant3,5,presurvey_part1,Scenario,1772634819,1,0,0
9d4ijb45,41,4bg3m19b,5,presurvey_part1,Scenario,1772634820,1,0,0
9d4ijb45,50,sqqfpwex,0,,InitializeParticipant,1772634821,1,0,0
9d4ijb45,47,swvfant3,6,Pay_phase1,Reminder,1772634822,1,0,0
9d4ijb45,29,9qtl1bqi,4,presurvey_part1,NeighborhoodInstruction,1772634824,1,0,0
9d4ijb45,51,0m9nlfj7,0,,InitializeParticipant,1772634824,1,0,0
9d4ijb45,40,cpty9qm6,5,presurvey_part1,Scenario,1772634825,1,0,0
9d4ijb45,45,y583qbox,6,Pay_phase1,Reminder,1772634825,1,0,0
9d4ijb45,49,ebkogc6o,1,presurvey_part1,Introduction,1772634829,1,0,0
9d4ijb45,50,sqqfpwex,1,presurvey_part1,Introduction,1772634843,1,0,0
9d4ijb45,30,1bpn6r08,5,presurvey_part1,Scenario,1772634844,1,0,0
9d4ijb45,29,9qtl1bqi,5,presurvey_part1,Scenario,1772634847,1,0,0
9d4ijb45,46,plrphavv,2,presurvey_part1,TimeSelection,1772634848,1,0,0
9d4ijb45,37,3dm20j2g,5,presurvey_part1,Scenario,1772634849,1,0,0
9d4ijb45,29,9qtl1bqi,6,Pay_phase1,Reminder,1772634852,1,0,0
9d4ijb45,52,28gw3tlf,0,,InitializeParticipant,1772634854,1,0,0
9d4ijb45,37,3dm20j2g,6,Pay_phase1,Reminder,1772634855,1,0,0
9d4ijb45,49,ebkogc6o,2,presurvey_part1,TimeSelection,1772634857,1,0,0
9d4ijb45,53,t18u8ted,0,,InitializeParticipant,1772634858,1,0,0
9d4ijb45,51,0m9nlfj7,1,presurvey_part1,Introduction,1772634861,1,0,0
9d4ijb45,54,ki7fk4s0,0,,InitializeParticipant,1772634863,1,0,0
9d4ijb45,46,plrphavv,3,presurvey_part1,AudioCheck,1772634871,1,0,0
9d4ijb45,55,f54xthml,0,,InitializeParticipant,1772634873,1,0,0
9d4ijb45,49,ebkogc6o,3,presurvey_part1,AudioCheck,1772634876,1,0,0
9d4ijb45,53,t18u8ted,1,presurvey_part1,Introduction,1772634877,1,0,0
9d4ijb45,56,lcl0ts92,0,,InitializeParticipant,1772634880,1,0,0
9d4ijb45,52,28gw3tlf,1,presurvey_part1,Introduction,1772634880,1,0,0
9d4ijb45,54,ki7fk4s0,1,presurvey_part1,Introduction,1772634882,1,0,0
9d4ijb45,50,sqqfpwex,2,presurvey_part1,TimeSelection,1772634886,1,0,0
9d4ijb45,46,plrphavv,4,presurvey_part1,NeighborhoodInstruction,1772634892,1,0,0
9d4ijb45,53,t18u8ted,2,presurvey_part1,TimeSelection,1772634897,1,0,0
9d4ijb45,49,ebkogc6o,4,presurvey_part1,NeighborhoodInstruction,1772634901,1,0,0
9d4ijb45,51,0m9nlfj7,2,presurvey_part1,TimeSelection,1772634904,1,0,0
9d4ijb45,52,28gw3tlf,2,presurvey_part1,TimeSelection,1772634904,1,0,0
9d4ijb45,57,sbqpfinc,0,,InitializeParticipant,1772634904,1,0,0
9d4ijb45,56,lcl0ts92,1,presurvey_part1,Introduction,1772634909,1,0,0
9d4ijb45,58,4gt2fcei,0,,InitializeParticipant,1772634914,1,0,0
9d4ijb45,54,ki7fk4s0,2,presurvey_part1,TimeSelection,1772634914,1,0,0
9d4ijb45,46,plrphavv,5,presurvey_part1,Scenario,1772634919,1,0,0
9d4ijb45,52,28gw3tlf,3,presurvey_part1,AudioCheck,1772634920,1,0,0
9d4ijb45,59,nhr04evq,0,,InitializeParticipant,1772634920,1,0,0
9d4ijb45,53,t18u8ted,3,presurvey_part1,AudioCheck,1772634921,1,0,0
9d4ijb45,60,ur0imi6m,0,,InitializeParticipant,1772634924,1,0,0
9d4ijb45,50,sqqfpwex,3,presurvey_part1,AudioCheck,1772634925,1,0,0
9d4ijb45,46,plrphavv,6,Pay_phase1,Reminder,1772634926,1,0,0
9d4ijb45,53,t18u8ted,4,presurvey_part1,NeighborhoodInstruction,1772634927,1,0,0
9d4ijb45,52,28gw3tlf,4,presurvey_part1,NeighborhoodInstruction,1772634928,1,0,0
9d4ijb45,51,0m9nlfj7,3,presurvey_part1,AudioCheck,1772634930,1,0,0
9d4ijb45,49,ebkogc6o,5,presurvey_part1,Scenario,1772634936,1,0,0
9d4ijb45,50,sqqfpwex,4,presurvey_part1,NeighborhoodInstruction,1772634942,1,0,0
9d4ijb45,59,nhr04evq,1,presurvey_part1,Introduction,1772634946,1,0,0
9d4ijb45,56,lcl0ts92,2,presurvey_part1,TimeSelection,1772634946,1,0,0
9d4ijb45,51,0m9nlfj7,4,presurvey_part1,NeighborhoodInstruction,1772634947,1,0,0
9d4ijb45,55,f54xthml,1,presurvey_part1,Introduction,1772634947,1,0,0
9d4ijb45,54,ki7fk4s0,3,presurvey_part1,AudioCheck,1772634947,1,0,0
9d4ijb45,58,4gt2fcei,1,presurvey_part1,Introduction,1772634952,1,0,0
9d4ijb45,52,28gw3tlf,5,presurvey_part1,Scenario,1772634955,1,0,0
9d4ijb45,54,ki7fk4s0,4,presurvey_part1,NeighborhoodInstruction,1772634955,1,0,0
9d4ijb45,60,ur0imi6m,1,presurvey_part1,Introduction,1772634956,1,0,0
9d4ijb45,53,t18u8ted,5,presurvey_part1,Scenario,1772634960,1,0,0
9d4ijb45,61,w4ykz5dt,0,,InitializeParticipant,1772634967,1,0,0
9d4ijb45,56,lcl0ts92,3,presurvey_part1,AudioCheck,1772634971,1,0,0
9d4ijb45,55,f54xthml,2,presurvey_part1,TimeSelection,1772634975,1,0,0
9d4ijb45,60,ur0imi6m,2,presurvey_part1,TimeSelection,1772634976,1,0,0
9d4ijb45,61,w4ykz5dt,1,presurvey_part1,Introduction,1772634977,1,0,0
9d4ijb45,50,sqqfpwex,5,presurvey_part1,Scenario,1772634982,1,0,0
9d4ijb45,62,hbox43q9,0,,InitializeParticipant,1772634983,1,0,0
9d4ijb45,54,ki7fk4s0,5,presurvey_part1,Scenario,1772634989,1,0,0
9d4ijb45,56,lcl0ts92,4,presurvey_part1,NeighborhoodInstruction,1772634990,1,0,0
9d4ijb45,61,w4ykz5dt,2,presurvey_part1,TimeSelection,1772634990,1,0,0
9d4ijb45,51,0m9nlfj7,5,presurvey_part1,Scenario,1772634991,1,0,0
9d4ijb45,60,ur0imi6m,3,presurvey_part1,AudioCheck,1772634992,1,0,0
9d4ijb45,50,sqqfpwex,6,Pay_phase1,Reminder,1772635000,1,0,0
9d4ijb45,59,nhr04evq,2,presurvey_part1,TimeSelection,1772635000,1,0,0
9d4ijb45,61,w4ykz5dt,3,presurvey_part1,AudioCheck,1772635008,1,0,0
9d4ijb45,60,ur0imi6m,4,presurvey_part1,NeighborhoodInstruction,1772635009,1,0,0
9d4ijb45,63,ekna80ke,0,,InitializeParticipant,1772635010,1,0,0
9d4ijb45,59,nhr04evq,3,presurvey_part1,AudioCheck,1772635017,1,0,0
9d4ijb45,56,lcl0ts92,5,presurvey_part1,Scenario,1772635018,1,0,0
9d4ijb45,55,f54xthml,3,presurvey_part1,AudioCheck,1772635020,1,0,0
9d4ijb45,58,4gt2fcei,2,presurvey_part1,TimeSelection,1772635021,1,0,0
9d4ijb45,61,w4ykz5dt,4,presurvey_part1,NeighborhoodInstruction,1772635022,1,0,0
9d4ijb45,64,khc2cocn,0,,InitializeParticipant,1772635024,1,0,0
9d4ijb45,56,lcl0ts92,6,Pay_phase1,Reminder,1772635026,1,0,0
9d4ijb45,59,nhr04evq,4,presurvey_part1,NeighborhoodInstruction,1772635029,1,0,0
9d4ijb45,55,f54xthml,4,presurvey_part1,NeighborhoodInstruction,1772635034,1,0,0
9d4ijb45,64,khc2cocn,1,presurvey_part1,Introduction,1772635040,1,0,0
9d4ijb45,60,ur0imi6m,5,presurvey_part1,Scenario,1772635050,1,0,0
9d4ijb45,65,qbz03ewm,0,,InitializeParticipant,1772635051,1,0,0
9d4ijb45,60,ur0imi6m,6,Pay_phase1,Reminder,1772635053,1,0,0
9d4ijb45,59,nhr04evq,5,presurvey_part1,Scenario,1772635056,1,0,0
9d4ijb45,61,w4ykz5dt,5,presurvey_part1,Scenario,1772635057,1,0,0
9d4ijb45,65,qbz03ewm,1,presurvey_part1,Introduction,1772635060,1,0,0
9d4ijb45,66,bb9apmhg,0,,InitializeParticipant,1772635065,1,0,0
9d4ijb45,67,ipgj2aul,0,,InitializeParticipant,1772635066,1,0,0
9d4ijb45,59,nhr04evq,6,Pay_phase1,Reminder,1772635069,1,0,0
9d4ijb45,55,f54xthml,5,presurvey_part1,Scenario,1772635082,1,0,0
9d4ijb45,62,hbox43q9,1,presurvey_part1,Introduction,1772635087,1,0,0
9d4ijb45,65,qbz03ewm,2,presurvey_part1,TimeSelection,1772635091,1,0,0
9d4ijb45,55,f54xthml,6,Pay_phase1,Reminder,1772635092,1,0,0
9d4ijb45,63,ekna80ke,1,presurvey_part1,Introduction,1772635096,1,0,0
9d4ijb45,66,bb9apmhg,1,presurvey_part1,Introduction,1772635098,1,0,0
9d4ijb45,62,hbox43q9,2,presurvey_part1,TimeSelection,1772635109,1,0,0
9d4ijb45,65,qbz03ewm,3,presurvey_part1,AudioCheck,1772635109,1,0,0
9d4ijb45,67,ipgj2aul,1,presurvey_part1,Introduction,1772635117,1,0,0
9d4ijb45,66,bb9apmhg,2,presurvey_part1,TimeSelection,1772635118,1,0,0
9d4ijb45,62,hbox43q9,3,presurvey_part1,AudioCheck,1772635131,1,0,0
9d4ijb45,68,x5buy7io,0,,InitializeParticipant,1772635133,1,0,0
9d4ijb45,65,qbz03ewm,4,presurvey_part1,NeighborhoodInstruction,1772635133,1,0,0
9d4ijb45,67,ipgj2aul,2,presurvey_part1,TimeSelection,1772635143,1,0,0
9d4ijb45,66,bb9apmhg,3,presurvey_part1,AudioCheck,1772635147,1,0,0
9d4ijb45,62,hbox43q9,4,presurvey_part1,NeighborhoodInstruction,1772635150,1,0,0
9d4ijb45,65,qbz03ewm,5,presurvey_part1,Scenario,1772635159,1,0,0
9d4ijb45,66,bb9apmhg,4,presurvey_part1,NeighborhoodInstruction,1772635160,1,0,0
9d4ijb45,69,03yp5jeg,0,,InitializeParticipant,1772635165,1,0,0
9d4ijb45,67,ipgj2aul,3,presurvey_part1,AudioCheck,1772635174,1,0,0
9d4ijb45,69,03yp5jeg,1,presurvey_part1,Introduction,1772635175,1,0,0
9d4ijb45,62,hbox43q9,5,presurvey_part1,Scenario,1772635176,1,0,0
9d4ijb45,66,bb9apmhg,5,presurvey_part1,Scenario,1772635180,1,0,0
9d4ijb45,66,bb9apmhg,6,Pay_phase1,Reminder,1772635182,1,0,0
9d4ijb45,62,hbox43q9,6,Pay_phase1,Reminder,1772635185,1,0,0
9d4ijb45,58,4gt2fcei,3,presurvey_part1,AudioCheck,1772635190,1,0,0
9d4ijb45,63,ekna80ke,2,presurvey_part1,TimeSelection,1772635196,1,0,0
9d4ijb45,58,4gt2fcei,4,presurvey_part1,NeighborhoodInstruction,1772635201,1,0,0
9d4ijb45,69,03yp5jeg,2,presurvey_part1,TimeSelection,1772635206,1,0,0
9d4ijb45,69,03yp5jeg,3,presurvey_part1,AudioCheck,1772635218,1,0,0
9d4ijb45,67,ipgj2aul,4,presurvey_part1,NeighborhoodInstruction,1772635222,1,0,0
9d4ijb45,69,03yp5jeg,4,presurvey_part1,NeighborhoodInstruction,1772635222,1,0,0
9d4ijb45,63,ekna80ke,3,presurvey_part1,AudioCheck,1772635223,1,0,0
9d4ijb45,70,h7uh4mos,0,,InitializeParticipant,1772635235,1,0,0
9d4ijb45,69,03yp5jeg,5,presurvey_part1,Scenario,1772635243,1,0,0
9d4ijb45,69,03yp5jeg,6,Pay_phase1,Reminder,1772635245,1,0,0
9d4ijb45,63,ekna80ke,4,presurvey_part1,NeighborhoodInstruction,1772635249,1,0,0
9d4ijb45,71,9b5ms5qz,0,,InitializeParticipant,1772635250,1,0,0
9d4ijb45,72,tdpk3lyp,0,,InitializeParticipant,1772635252,1,0,0
9d4ijb45,67,ipgj2aul,5,presurvey_part1,Scenario,1772635252,1,0,0
9d4ijb45,73,q3ixbrmi,0,,InitializeParticipant,1772635256,1,0,0
9d4ijb45,67,ipgj2aul,6,Pay_phase1,Reminder,1772635257,1,0,0
9d4ijb45,74,575fjb3s,0,,InitializeParticipant,1772635258,1,0,0
9d4ijb45,58,4gt2fcei,5,presurvey_part1,Scenario,1772635273,1,0,0
9d4ijb45,58,4gt2fcei,6,Pay_phase1,Reminder,1772635277,1,0,0
9d4ijb45,68,x5buy7io,1,presurvey_part1,Introduction,1772635283,1,0,0
9d4ijb45,71,9b5ms5qz,1,presurvey_part1,Introduction,1772635290,1,0,0
9d4ijb45,63,ekna80ke,5,presurvey_part1,Scenario,1772635293,1,0,0
9d4ijb45,63,ekna80ke,6,Pay_phase1,Reminder,1772635306,1,0,0
9d4ijb45,75,c6xnk6ww,0,,InitializeParticipant,1772635311,1,0,0
9d4ijb45,76,waq8qr8u,0,,InitializeParticipant,1772635312,1,0,0
9d4ijb45,74,575fjb3s,1,presurvey_part1,Introduction,1772635313,1,0,0
9d4ijb45,77,m2zlg8eg,0,,InitializeParticipant,1772635337,1,0,0
9d4ijb45,75,c6xnk6ww,1,presurvey_part1,Introduction,1772635338,1,0,0
9d4ijb45,78,5urh3ys9,0,,InitializeParticipant,1772635351,1,0,0
9d4ijb45,76,waq8qr8u,1,presurvey_part1,Introduction,1772635364,1,0,0
9d4ijb45,68,x5buy7io,2,presurvey_part1,TimeSelection,1772635372,1,0,0
9d4ijb45,77,m2zlg8eg,1,presurvey_part1,Introduction,1772635385,1,0,0
9d4ijb45,75,c6xnk6ww,2,presurvey_part1,TimeSelection,1772635390,1,0,0
9d4ijb45,78,5urh3ys9,1,presurvey_part1,Introduction,1772635398,1,0,0
9d4ijb45,76,waq8qr8u,2,presurvey_part1,TimeSelection,1772635404,1,0,0
9d4ijb45,77,m2zlg8eg,2,presurvey_part1,TimeSelection,1772635410,1,0,0
9d4ijb45,75,c6xnk6ww,3,presurvey_part1,AudioCheck,1772635413,1,0,0
9d4ijb45,77,m2zlg8eg,3,presurvey_part1,AudioCheck,1772635426,1,0,0
9d4ijb45,79,fxfbpbkg,0,,InitializeParticipant,1772635431,1,0,0
9d4ijb45,68,x5buy7io,3,presurvey_part1,AudioCheck,1772635433,1,0,0
9d4ijb45,75,c6xnk6ww,4,presurvey_part1,NeighborhoodInstruction,1772635434,1,0,0
9d4ijb45,80,8zuqmq91,0,,InitializeParticipant,1772635440,1,0,0
9d4ijb45,76,waq8qr8u,3,presurvey_part1,AudioCheck,1772635441,1,0,0
9d4ijb45,81,nds3dsqv,0,,InitializeParticipant,1772635444,1,0,0
9d4ijb45,68,x5buy7io,4,presurvey_part1,NeighborhoodInstruction,1772635451,1,0,0
9d4ijb45,77,m2zlg8eg,4,presurvey_part1,NeighborhoodInstruction,1772635453,1,0,0
9d4ijb45,80,8zuqmq91,1,presurvey_part1,Introduction,1772635456,1,0,0
9d4ijb45,74,575fjb3s,2,presurvey_part1,TimeSelection,1772635470,1,0,0
9d4ijb45,79,fxfbpbkg,1,presurvey_part1,Introduction,1772635477,1,0,0
9d4ijb45,80,8zuqmq91,2,presurvey_part1,TimeSelection,1772635478,1,0,0
9d4ijb45,82,d06v8x0b,0,,InitializeParticipant,1772635482,1,0,0
9d4ijb45,81,nds3dsqv,1,presurvey_part1,Introduction,1772635485,1,0,0
9d4ijb45,76,waq8qr8u,4,presurvey_part1,NeighborhoodInstruction,1772635490,1,0,0
9d4ijb45,83,nb7wfmm5,0,,InitializeParticipant,1772635491,1,0,0
9d4ijb45,68,x5buy7io,5,presurvey_part1,Scenario,1772635492,1,0,0
9d4ijb45,80,8zuqmq91,3,presurvey_part1,AudioCheck,1772635496,1,0,0
9d4ijb45,77,m2zlg8eg,5,presurvey_part1,Scenario,1772635497,1,0,0
9d4ijb45,79,fxfbpbkg,2,presurvey_part1,TimeSelection,1772635499,1,0,0
9d4ijb45,68,x5buy7io,6,Pay_phase1,Reminder,1772635500,1,0,0
9d4ijb45,75,c6xnk6ww,5,presurvey_part1,Scenario,1772635500,1,0,0
9d4ijb45,74,575fjb3s,3,presurvey_part1,AudioCheck,1772635503,1,0,0
9d4ijb45,80,8zuqmq91,4,presurvey_part1,NeighborhoodInstruction,1772635504,1,0,0
9d4ijb45,81,nds3dsqv,2,presurvey_part1,TimeSelection,1772635506,1,0,0
9d4ijb45,75,c6xnk6ww,6,Pay_phase1,Reminder,1772635509,1,0,0
9d4ijb45,79,fxfbpbkg,3,presurvey_part1,AudioCheck,1772635515,1,0,0
9d4ijb45,80,8zuqmq91,5,presurvey_part1,Scenario,1772635525,1,0,0
9d4ijb45,81,nds3dsqv,3,presurvey_part1,AudioCheck,1772635525,1,0,0
9d4ijb45,77,m2zlg8eg,6,Pay_phase1,Reminder,1772635526,1,0,0
9d4ijb45,74,575fjb3s,4,presurvey_part1,NeighborhoodInstruction,1772635533,1,0,0
9d4ijb45,81,nds3dsqv,4,presurvey_part1,NeighborhoodInstruction,1772635541,1,0,0
9d4ijb45,84,nbzer8e5,0,,InitializeParticipant,1772635543,1,0,0
9d4ijb45,83,nb7wfmm5,1,presurvey_part1,Introduction,1772635543,1,0,0
9d4ijb45,76,waq8qr8u,5,presurvey_part1,Scenario,1772635547,1,0,0
9d4ijb45,79,fxfbpbkg,4,presurvey_part1,NeighborhoodInstruction,1772635547,1,0,0
9d4ijb45,76,waq8qr8u,6,Pay_phase1,Reminder,1772635564,1,0,0
9d4ijb45,84,nbzer8e5,1,presurvey_part1,Introduction,1772635576,1,0,0
9d4ijb45,85,aks2kmxg,0,,InitializeParticipant,1772635584,1,0,0
9d4ijb45,83,nb7wfmm5,2,presurvey_part1,TimeSelection,1772635587,1,0,0
9d4ijb45,86,jqbyja3m,0,,InitializeParticipant,1772635589,1,0,0
9d4ijb45,85,aks2kmxg,1,presurvey_part1,Introduction,1772635600,1,0,0
9d4ijb45,81,nds3dsqv,5,presurvey_part1,Scenario,1772635600,1,0,0
9d4ijb45,81,nds3dsqv,6,Pay_phase1,Reminder,1772635606,1,0,0
9d4ijb45,86,jqbyja3m,1,presurvey_part1,Introduction,1772635616,1,0,0
9d4ijb45,83,nb7wfmm5,3,presurvey_part1,AudioCheck,1772635631,1,0,0
9d4ijb45,85,aks2kmxg,2,presurvey_part1,TimeSelection,1772635638,1,0,0
9d4ijb45,85,aks2kmxg,3,presurvey_part1,AudioCheck,1772635653,1,0,0
9d4ijb45,79,fxfbpbkg,5,presurvey_part1,Scenario,1772635663,1,0,0
9d4ijb45,85,aks2kmxg,4,presurvey_part1,NeighborhoodInstruction,1772635663,1,0,0
9d4ijb45,83,nb7wfmm5,4,presurvey_part1,NeighborhoodInstruction,1772635673,1,0,0
9d4ijb45,87,thf9cwmn,0,,InitializeParticipant,1772635678,1,0,0
9d4ijb45,85,aks2kmxg,5,presurvey_part1,Scenario,1772635682,1,0,0
9d4ijb45,88,izo20hko,0,,InitializeParticipant,1772635684,1,0,0
9d4ijb45,74,575fjb3s,5,presurvey_part1,Scenario,1772635692,1,0,0
9d4ijb45,85,aks2kmxg,6,Pay_phase1,Reminder,1772635693,1,0,0
9d4ijb45,89,mfd9nopj,0,,InitializeParticipant,1772635694,1,0,0
9d4ijb45,74,575fjb3s,6,Pay_phase1,Reminder,1772635707,1,0,0
9d4ijb45,83,nb7wfmm5,5,presurvey_part1,Scenario,1772635725,1,0,0
9d4ijb45,86,jqbyja3m,2,presurvey_part1,TimeSelection,1772635764,1,0,0
9d4ijb45,87,thf9cwmn,1,presurvey_part1,Introduction,1772635767,1,0,0
9d4ijb45,90,rdlij5yz,0,,InitializeParticipant,1772635776,1,0,0
9d4ijb45,90,rdlij5yz,1,presurvey_part1,Introduction,1772635811,1,0,0
9d4ijb45,87,thf9cwmn,2,presurvey_part1,TimeSelection,1772635817,1,0,0
9d4ijb45,91,rf9axm4f,0,,InitializeParticipant,1772635818,1,0,0
9d4ijb45,90,rdlij5yz,2,presurvey_part1,TimeSelection,1772635823,1,0,0
9d4ijb45,92,kh168lul,0,,InitializeParticipant,1772635829,1,0,0
9d4ijb45,90,rdlij5yz,3,presurvey_part1,AudioCheck,1772635840,1,0,0
9d4ijb45,90,rdlij5yz,4,presurvey_part1,NeighborhoodInstruction,1772635850,1,0,0
9d4ijb45,93,1mqteged,0,,InitializeParticipant,1772635854,1,0,0
9d4ijb45,87,thf9cwmn,3,presurvey_part1,AudioCheck,1772635855,1,0,0
9d4ijb45,91,rf9axm4f,1,presurvey_part1,Introduction,1772635861,1,0,0
9d4ijb45,90,rdlij5yz,5,presurvey_part1,Scenario,1772635864,1,0,0
9d4ijb45,92,kh168lul,1,presurvey_part1,Introduction,1772635868,1,0,0
9d4ijb45,90,rdlij5yz,6,Pay_phase1,Reminder,1772635875,1,0,0
9d4ijb45,87,thf9cwmn,4,presurvey_part1,NeighborhoodInstruction,1772635880,1,0,0
9d4ijb45,92,kh168lul,2,presurvey_part1,TimeSelection,1772635881,1,0,0
9d4ijb45,86,jqbyja3m,3,presurvey_part1,AudioCheck,1772635893,1,0,0
9d4ijb45,94,4xsen3uf,0,,InitializeParticipant,1772635899,1,0,0
9d4ijb45,92,kh168lul,3,presurvey_part1,AudioCheck,1772635901,1,0,0
9d4ijb45,91,rf9axm4f,2,presurvey_part1,TimeSelection,1772635902,1,0,0
9d4ijb45,86,jqbyja3m,4,presurvey_part1,NeighborhoodInstruction,1772635903,1,0,0
9d4ijb45,87,thf9cwmn,5,presurvey_part1,Scenario,1772635909,1,0,0
9d4ijb45,92,kh168lul,4,presurvey_part1,NeighborhoodInstruction,1772635911,1,0,0
9d4ijb45,94,4xsen3uf,1,presurvey_part1,Introduction,1772635916,1,0,0
9d4ijb45,95,7ig9gf7v,0,,InitializeParticipant,1772635920,1,0,0
9d4ijb45,91,rf9axm4f,3,presurvey_part1,AudioCheck,1772635921,1,0,0
9d4ijb45,87,thf9cwmn,6,Pay_phase1,Reminder,1772635922,1,0,0
9d4ijb45,92,kh168lul,5,presurvey_part1,Scenario,1772635936,1,0,0
9d4ijb45,92,kh168lul,6,Pay_phase1,Reminder,1772635939,1,0,0
9d4ijb45,91,rf9axm4f,4,presurvey_part1,NeighborhoodInstruction,1772635943,1,0,0
9d4ijb45,86,jqbyja3m,5,presurvey_part1,Scenario,1772635959,1,0,0
9d4ijb45,96,u87c31op,0,,InitializeParticipant,1772635959,1,0,0
9d4ijb45,96,u87c31op,1,presurvey_part1,Introduction,1772635973,1,0,0
9d4ijb45,93,1mqteged,1,presurvey_part1,Introduction,1772635986,1,0,0
9d4ijb45,96,u87c31op,2,presurvey_part1,TimeSelection,1772636000,1,0,0
9d4ijb45,91,rf9axm4f,5,presurvey_part1,Scenario,1772636011,1,0,0
9d4ijb45,95,7ig9gf7v,1,presurvey_part1,Introduction,1772636018,1,0,0
9d4ijb45,97,leabidw9,0,,InitializeParticipant,1772636028,1,0,0
9d4ijb45,96,u87c31op,3,presurvey_part1,AudioCheck,1772636031,1,0,0
9d4ijb45,97,leabidw9,1,presurvey_part1,Introduction,1772636046,1,0,0
9d4ijb45,93,1mqteged,2,presurvey_part1,TimeSelection,1772636052,1,0,0
9d4ijb45,95,7ig9gf7v,2,presurvey_part1,TimeSelection,1772636052,1,0,0
9d4ijb45,97,leabidw9,2,presurvey_part1,TimeSelection,1772636068,1,0,0
9d4ijb45,96,u87c31op,4,presurvey_part1,NeighborhoodInstruction,1772636071,1,0,0
9d4ijb45,98,ebh8hrq5,0,,InitializeParticipant,1772636072,1,0,0
9d4ijb45,99,z0didzlc,0,,InitializeParticipant,1772636073,1,0,0
9d4ijb45,97,leabidw9,3,presurvey_part1,AudioCheck,1772636085,1,0,0
9d4ijb45,93,1mqteged,3,presurvey_part1,AudioCheck,1772636100,1,0,0
9d4ijb45,97,leabidw9,4,presurvey_part1,NeighborhoodInstruction,1772636102,1,0,0
9d4ijb45,96,u87c31op,5,presurvey_part1,Scenario,1772636116,1,0,0
9d4ijb45,96,u87c31op,6,Pay_phase1,Reminder,1772636125,1,0,0
9d4ijb45,97,leabidw9,5,presurvey_part1,Scenario,1772636132,1,0,0
9d4ijb45,93,1mqteged,4,presurvey_part1,NeighborhoodInstruction,1772636132,1,0,0
9d4ijb45,97,leabidw9,6,Pay_phase1,Reminder,1772636135,1,0,0
9d4ijb45,98,ebh8hrq5,1,presurvey_part1,Introduction,1772636146,1,0,0
9d4ijb45,95,7ig9gf7v,3,presurvey_part1,AudioCheck,1772636171,1,0,0
9d4ijb45,100,8pzyor4f,0,,InitializeParticipant,1772636174,1,0,0
9d4ijb45,100,8pzyor4f,1,presurvey_part1,Introduction,1772636180,1,0,0
9d4ijb45,93,1mqteged,5,presurvey_part1,Scenario,1772636180,1,0,0
9d4ijb45,95,7ig9gf7v,4,presurvey_part1,NeighborhoodInstruction,1772636187,1,0,0
9d4ijb45,98,ebh8hrq5,2,presurvey_part1,TimeSelection,1772636190,1,0,0
9d4ijb45,101,dfousg8g,0,,InitializeParticipant,1772636199,1,0,0
9d4ijb45,100,8pzyor4f,2,presurvey_part1,TimeSelection,1772636205,1,0,0
9d4ijb45,100,8pzyor4f,3,presurvey_part1,AudioCheck,1772636218,1,0,0
9d4ijb45,98,ebh8hrq5,3,presurvey_part1,AudioCheck,1772636222,1,0,0
9d4ijb45,95,7ig9gf7v,5,presurvey_part1,Scenario,1772636230,1,0,0
9d4ijb45,100,8pzyor4f,4,presurvey_part1,NeighborhoodInstruction,1772636237,1,0,0
9d4ijb45,98,ebh8hrq5,4,presurvey_part1,NeighborhoodInstruction,1772636241,1,0,0
9d4ijb45,93,1mqteged,6,Pay_phase1,Reminder,1772636250,1,0,0
9d4ijb45,98,ebh8hrq5,5,presurvey_part1,Scenario,1772636263,1,0,0
9d4ijb45,100,8pzyor4f,5,presurvey_part1,Scenario,1772636271,1,0,0
9d4ijb45,98,ebh8hrq5,6,Pay_phase1,Reminder,1772636280,1,0,0
9d4ijb45,102,ljanlw5h,0,,InitializeParticipant,1772636283,1,0,0
9d4ijb45,103,l5f9xbqr,0,,InitializeParticipant,1772636286,1,0,0
9d4ijb45,95,7ig9gf7v,6,Pay_phase1,Reminder,1772636287,1,0,0
9d4ijb45,102,ljanlw5h,1,presurvey_part1,Introduction,1772636304,1,0,0
9d4ijb45,103,l5f9xbqr,1,presurvey_part1,Introduction,1772636310,1,0,0
9d4ijb45,102,ljanlw5h,2,presurvey_part1,TimeSelection,1772636316,1,0,0
9d4ijb45,101,dfousg8g,1,presurvey_part1,Introduction,1772636322,1,0,0
9d4ijb45,102,ljanlw5h,3,presurvey_part1,AudioCheck,1772636329,1,0,0
9d4ijb45,102,ljanlw5h,4,presurvey_part1,NeighborhoodInstruction,1772636339,1,0,0
9d4ijb45,101,dfousg8g,2,presurvey_part1,TimeSelection,1772636358,1,0,0
9d4ijb45,102,ljanlw5h,5,presurvey_part1,Scenario,1772636366,1,0,0
9d4ijb45,101,dfousg8g,3,presurvey_part1,AudioCheck,1772636391,1,0,0
9d4ijb45,104,ztyoemmn,0,,InitializeParticipant,1772636452,1,0,0
9d4ijb45,101,dfousg8g,4,presurvey_part1,NeighborhoodInstruction,1772636454,1,0,0
9d4ijb45,104,ztyoemmn,1,presurvey_part1,Introduction,1772636485,1,0,0
9d4ijb45,101,dfousg8g,5,presurvey_part1,Scenario,1772636495,1,0,0
9d4ijb45,105,bgjn8mat,0,,InitializeParticipant,1772636496,1,0,0
9d4ijb45,101,dfousg8g,6,Pay_phase1,Reminder,1772636505,1,0,0
9d4ijb45,105,bgjn8mat,1,presurvey_part1,Introduction,1772636510,1,0,0
9d4ijb45,106,0e8pp1nh,0,,InitializeParticipant,1772636558,1,0,0
9d4ijb45,106,0e8pp1nh,1,presurvey_part1,Introduction,1772636585,1,0,0
9d4ijb45,106,0e8pp1nh,2,presurvey_part1,TimeSelection,1772636609,1,0,0
9d4ijb45,107,1rd0t0ce,0,,InitializeParticipant,1772636621,1,0,0
9d4ijb45,106,0e8pp1nh,3,presurvey_part1,AudioCheck,1772636665,1,0,0
9d4ijb45,107,1rd0t0ce,1,presurvey_part1,Introduction,1772636670,1,0,0
9d4ijb45,108,s1fr62to,0,,InitializeParticipant,1772636675,1,0,0
9d4ijb45,106,0e8pp1nh,4,presurvey_part1,NeighborhoodInstruction,1772636680,1,0,0
9d4ijb45,109,fv6538we,0,,InitializeParticipant,1772636696,1,0,0
9d4ijb45,106,0e8pp1nh,5,presurvey_part1,Scenario,1772636714,1,0,0
9d4ijb45,106,0e8pp1nh,6,Pay_phase1,Reminder,1772636722,1,0,0
9d4ijb45,108,s1fr62to,1,presurvey_part1,Introduction,1772636739,1,0,0
9d4ijb45,109,fv6538we,1,presurvey_part1,Introduction,1772636747,1,0,0
9d4ijb45,110,701idzgm,0,,InitializeParticipant,1772636748,1,0,0
9d4ijb45,109,fv6538we,2,presurvey_part1,TimeSelection,1772636763,1,0,0
9d4ijb45,108,s1fr62to,2,presurvey_part1,TimeSelection,1772636763,1,0,0
9d4ijb45,110,701idzgm,1,presurvey_part1,Introduction,1772636774,1,0,0
9d4ijb45,109,fv6538we,3,presurvey_part1,AudioCheck,1772636786,1,0,0
9d4ijb45,108,s1fr62to,3,presurvey_part1,AudioCheck,1772636799,1,0,0
9d4ijb45,110,701idzgm,2,presurvey_part1,TimeSelection,1772636801,1,0,0
9d4ijb45,108,s1fr62to,4,presurvey_part1,NeighborhoodInstruction,1772636805,1,0,0
9d4ijb45,109,fv6538we,4,presurvey_part1,NeighborhoodInstruction,1772636808,1,0,0
9d4ijb45,109,fv6538we,5,presurvey_part1,Scenario,1772636818,1,0,0
9d4ijb45,108,s1fr62to,5,presurvey_part1,Scenario,1772636827,1,0,0
9d4ijb45,108,s1fr62to,6,Pay_phase1,Reminder,1772636830,1,0,0
9d4ijb45,110,701idzgm,3,presurvey_part1,AudioCheck,1772636837,1,0,0
9d4ijb45,111,rb91hsh3,0,,InitializeParticipant,1772636838,1,0,0
9d4ijb45,111,rb91hsh3,1,presurvey_part1,Introduction,1772636849,1,0,0
9d4ijb45,112,zk6v01sx,0,,InitializeParticipant,1772636872,1,0,0
9d4ijb45,110,701idzgm,4,presurvey_part1,NeighborhoodInstruction,1772636886,1,0,0
9d4ijb45,113,dlsr98o2,0,,InitializeParticipant,1772636894,1,0,0
9d4ijb45,113,dlsr98o2,1,presurvey_part1,Introduction,1772636941,1,0,0
9d4ijb45,113,dlsr98o2,2,presurvey_part1,TimeSelection,1772636953,1,0,0
9d4ijb45,113,dlsr98o2,3,presurvey_part1,AudioCheck,1772636971,1,0,0
9d4ijb45,110,701idzgm,5,presurvey_part1,Scenario,1772636975,1,0,0
9d4ijb45,113,dlsr98o2,4,presurvey_part1,NeighborhoodInstruction,1772636986,1,0,0
9d4ijb45,114,xgxjki4n,0,,InitializeParticipant,1772636987,1,0,0
9d4ijb45,114,xgxjki4n,1,presurvey_part1,Introduction,1772636995,1,0,0
9d4ijb45,113,dlsr98o2,5,presurvey_part1,Scenario,1772636998,1,0,0
9d4ijb45,113,dlsr98o2,6,Pay_phase1,Reminder,1772637001,1,0,0
9d4ijb45,114,xgxjki4n,2,presurvey_part1,TimeSelection,1772637013,1,0,0
9d4ijb45,112,zk6v01sx,1,presurvey_part1,Introduction,1772637014,1,0,0
9d4ijb45,114,xgxjki4n,3,presurvey_part1,AudioCheck,1772637024,1,0,0
9d4ijb45,114,xgxjki4n,4,presurvey_part1,NeighborhoodInstruction,1772637053,1,0,0
9d4ijb45,115,q03so9ck,0,,InitializeParticipant,1772637054,1,0,0
9d4ijb45,112,zk6v01sx,2,presurvey_part1,TimeSelection,1772637060,1,0,0
9d4ijb45,114,xgxjki4n,5,presurvey_part1,Scenario,1772637073,1,0,0
9d4ijb45,112,zk6v01sx,3,presurvey_part1,AudioCheck,1772637100,1,0,0
9d4ijb45,112,zk6v01sx,4,presurvey_part1,NeighborhoodInstruction,1772637131,1,0,0
9d4ijb45,116,lm4a5b79,0,,InitializeParticipant,1772637164,1,0,0
9d4ijb45,115,q03so9ck,1,presurvey_part1,Introduction,1772637175,1,0,0
9d4ijb45,112,zk6v01sx,5,presurvey_part1,Scenario,1772637182,1,0,0
9d4ijb45,112,zk6v01sx,6,Pay_phase1,Reminder,1772637201,1,0,0
9d4ijb45,117,fu4riul4,0,,InitializeParticipant,1772637204,1,0,0
9d4ijb45,118,mgqq8ach,0,,InitializeParticipant,1772637226,1,0,0
9d4ijb45,117,fu4riul4,1,presurvey_part1,Introduction,1772637237,1,0,0
9d4ijb45,119,81xcevhl,0,,InitializeParticipant,1772637274,1,0,0
9d4ijb45,118,mgqq8ach,1,presurvey_part1,Introduction,1772637277,1,0,0
9d4ijb45,115,q03so9ck,2,presurvey_part1,TimeSelection,1772637287,1,0,0
9d4ijb45,119,81xcevhl,1,presurvey_part1,Introduction,1772637288,1,0,0
9d4ijb45,118,mgqq8ach,2,presurvey_part1,TimeSelection,1772637291,1,0,0
9d4ijb45,117,fu4riul4,2,presurvey_part1,TimeSelection,1772637311,1,0,0
9d4ijb45,119,81xcevhl,2,presurvey_part1,TimeSelection,1772637314,1,0,0
9d4ijb45,118,mgqq8ach,3,presurvey_part1,AudioCheck,1772637315,1,0,0
9d4ijb45,118,mgqq8ach,4,presurvey_part1,NeighborhoodInstruction,1772637338,1,0,0
9d4ijb45,119,81xcevhl,3,presurvey_part1,AudioCheck,1772637360,1,0,0
9d4ijb45,118,mgqq8ach,5,presurvey_part1,Scenario,1772637366,1,0,0
9d4ijb45,120,79yhikco,0,,InitializeParticipant,1772637382,1,0,0
9d4ijb45,118,mgqq8ach,6,Pay_phase1,Reminder,1772637382,1,0,0
9d4ijb45,119,81xcevhl,4,presurvey_part1,NeighborhoodInstruction,1772637383,1,0,0
9d4ijb45,120,79yhikco,1,presurvey_part1,Introduction,1772637393,1,0,0
9d4ijb45,119,81xcevhl,5,presurvey_part1,Scenario,1772637408,1,0,0
9d4ijb45,117,fu4riul4,3,presurvey_part1,AudioCheck,1772637415,1,0,0
9d4ijb45,120,79yhikco,2,presurvey_part1,TimeSelection,1772637433,1,0,0
9d4ijb45,120,79yhikco,3,presurvey_part1,AudioCheck,1772637451,1,0,0
9d4ijb45,120,79yhikco,4,presurvey_part1,NeighborhoodInstruction,1772637461,1,0,0
9d4ijb45,120,79yhikco,5,presurvey_part1,Scenario,1772637485,1,0,0
9d4ijb45,117,fu4riul4,4,presurvey_part1,NeighborhoodInstruction,1772637499,1,0,0
9d4ijb45,117,fu4riul4,5,presurvey_part1,Scenario,1772637675,1,0,0
9d4ijb45,121,vz1hl62l,0,,InitializeParticipant,1772637700,1,0,0
9d4ijb45,117,fu4riul4,6,Pay_phase1,Reminder,1772637725,1,0,0
9d4ijb45,121,vz1hl62l,1,presurvey_part1,Introduction,1772637736,1,0,0
9d4ijb45,122,a98fl4rc,0,,InitializeParticipant,1772637846,1,0,0
9d4ijb45,122,a98fl4rc,1,presurvey_part1,Introduction,1772637890,1,0,0
9d4ijb45,123,zwhepp77,0,,InitializeParticipant,1772637911,1,0,0
9d4ijb45,123,zwhepp77,1,presurvey_part1,Introduction,1772637922,1,0,0
9d4ijb45,122,a98fl4rc,2,presurvey_part1,TimeSelection,1772637927,1,0,0
9d4ijb45,123,zwhepp77,2,presurvey_part1,TimeSelection,1772637930,1,0,0
9d4ijb45,122,a98fl4rc,3,presurvey_part1,AudioCheck,1772637952,1,0,0
9d4ijb45,124,vy235b53,0,,InitializeParticipant,1772637953,1,0,0
9d4ijb45,125,lmg7pt6l,0,,InitializeParticipant,1772637955,1,0,0
9d4ijb45,125,lmg7pt6l,1,presurvey_part1,Introduction,1772637984,1,0,0
9d4ijb45,126,fw3petdf,0,,InitializeParticipant,1772638005,1,0,0
9d4ijb45,126,fw3petdf,1,presurvey_part1,Introduction,1772638014,1,0,0
9d4ijb45,127,lvuh8mp2,0,,InitializeParticipant,1772638021,1,0,0
9d4ijb45,126,fw3petdf,2,presurvey_part1,TimeSelection,1772638025,1,0,0
9d4ijb45,124,vy235b53,1,presurvey_part1,Introduction,1772638026,1,0,0
9d4ijb45,126,fw3petdf,3,presurvey_part1,AudioCheck,1772638036,1,0,0
9d4ijb45,126,fw3petdf,4,presurvey_part1,NeighborhoodInstruction,1772638040,1,0,0
9d4ijb45,122,a98fl4rc,4,presurvey_part1,NeighborhoodInstruction,1772638041,1,0,0
9d4ijb45,126,fw3petdf,5,presurvey_part1,Scenario,1772638045,1,0,0
9d4ijb45,128,nhmxzca6,0,,InitializeParticipant,1772638049,1,0,0
9d4ijb45,122,a98fl4rc,5,presurvey_part1,Scenario,1772638067,1,0,0
9d4ijb45,122,a98fl4rc,6,Pay_phase1,Reminder,1772638075,1,0,0
9d4ijb45,128,nhmxzca6,1,presurvey_part1,Introduction,1772638097,1,0,0
9d4ijb45,129,d96oqbc4,0,,InitializeParticipant,1772638107,1,0,0
9d4ijb45,128,nhmxzca6,2,presurvey_part1,TimeSelection,1772638124,1,0,0
9d4ijb45,129,d96oqbc4,1,presurvey_part1,Introduction,1772638146,1,0,0
9d4ijb45,128,nhmxzca6,3,presurvey_part1,AudioCheck,1772638161,1,0,0
9d4ijb45,129,d96oqbc4,2,presurvey_part1,TimeSelection,1772638201,1,0,0
9d4ijb45,129,d96oqbc4,3,presurvey_part1,AudioCheck,1772638243,1,0,0
9d4ijb45,128,nhmxzca6,4,presurvey_part1,NeighborhoodInstruction,1772638246,1,0,0
9d4ijb45,129,d96oqbc4,4,presurvey_part1,NeighborhoodInstruction,1772638271,1,0,0
9d4ijb45,128,nhmxzca6,5,presurvey_part1,Scenario,1772638292,1,0,0
9d4ijb45,129,d96oqbc4,5,presurvey_part1,Scenario,1772638311,1,0,0
9d4ijb45,129,d96oqbc4,6,Pay_phase1,Reminder,1772638314,1,0,0
9d4ijb45,130,h0rc0tkl,0,,InitializeParticipant,1772638341,1,0,0
9d4ijb45,130,h0rc0tkl,1,presurvey_part1,Introduction,1772638368,1,0,0
9d4ijb45,131,iz6cyoji,0,,InitializeParticipant,1772638382,1,0,0
9d4ijb45,131,iz6cyoji,1,presurvey_part1,Introduction,1772638426,1,0,0
9d4ijb45,127,lvuh8mp2,1,presurvey_part1,Introduction,1772638443,1,0,0
9d4ijb45,132,9o23q2zg,0,,InitializeParticipant,1772638456,1,0,0
9d4ijb45,131,iz6cyoji,2,presurvey_part1,TimeSelection,1772638478,1,0,0
9d4ijb45,133,6euzpkeo,0,,InitializeParticipant,1772638493,1,0,0
9d4ijb45,132,9o23q2zg,1,presurvey_part1,Introduction,1772638513,1,0,0
9d4ijb45,134,snt7zkat,0,,InitializeParticipant,1772638518,1,0,0
9d4ijb45,132,9o23q2zg,2,presurvey_part1,TimeSelection,1772638520,1,0,0
9d4ijb45,132,9o23q2zg,3,presurvey_part1,AudioCheck,1772638532,1,0,0
9d4ijb45,132,9o23q2zg,4,presurvey_part1,NeighborhoodInstruction,1772638538,1,0,0
9d4ijb45,134,snt7zkat,1,presurvey_part1,Introduction,1772638543,1,0,0
9d4ijb45,132,9o23q2zg,5,presurvey_part1,Scenario,1772638550,1,0,0
9d4ijb45,132,9o23q2zg,6,Pay_phase1,Reminder,1772638556,1,0,0
9d4ijb45,134,snt7zkat,2,presurvey_part1,TimeSelection,1772638556,1,0,0
9d4ijb45,134,snt7zkat,3,presurvey_part1,AudioCheck,1772638582,1,0,0
9d4ijb45,131,iz6cyoji,3,presurvey_part1,AudioCheck,1772638603,1,0,0
9d4ijb45,135,rln9uxp7,0,,InitializeParticipant,1772638610,1,0,0
9d4ijb45,134,snt7zkat,4,presurvey_part1,NeighborhoodInstruction,1772638626,1,0,0
9d4ijb45,131,iz6cyoji,4,presurvey_part1,NeighborhoodInstruction,1772638649,1,0,0
9d4ijb45,134,snt7zkat,5,presurvey_part1,Scenario,1772638658,1,0,0
9d4ijb45,127,lvuh8mp2,2,presurvey_part1,TimeSelection,1772638667,1,0,0
9d4ijb45,134,snt7zkat,6,Pay_phase1,Reminder,1772638669,1,0,0
9d4ijb45,131,iz6cyoji,5,presurvey_part1,Scenario,1772638710,1,0,0
9d4ijb45,131,iz6cyoji,6,Pay_phase1,Reminder,1772638721,1,0,0
9d4ijb45,127,lvuh8mp2,3,presurvey_part1,AudioCheck,1772638759,1,0,0
9d4ijb45,136,r13ibi4d,0,,InitializeParticipant,1772638795,1,0,0
9d4ijb45,137,uo8f8gd3,0,,InitializeParticipant,1772638808,1,0,0
9d4ijb45,136,r13ibi4d,1,presurvey_part1,Introduction,1772638809,1,0,0
9d4ijb45,127,lvuh8mp2,4,presurvey_part1,NeighborhoodInstruction,1772638833,1,0,0
9d4ijb45,136,r13ibi4d,2,presurvey_part1,TimeSelection,1772638837,1,0,0
9d4ijb45,136,r13ibi4d,3,presurvey_part1,AudioCheck,1772638852,1,0,0
9d4ijb45,138,4f790hsi,0,,InitializeParticipant,1772638861,1,0,0
9d4ijb45,137,uo8f8gd3,1,presurvey_part1,Introduction,1772638862,1,0,0
9d4ijb45,137,uo8f8gd3,2,presurvey_part1,TimeSelection,1772638876,1,0,0
9d4ijb45,136,r13ibi4d,4,presurvey_part1,NeighborhoodInstruction,1772638879,1,0,0
9d4ijb45,138,4f790hsi,1,presurvey_part1,Introduction,1772638905,1,0,0
9d4ijb45,137,uo8f8gd3,3,presurvey_part1,AudioCheck,1772638911,1,0,0
9d4ijb45,139,hmycbkyp,0,,InitializeParticipant,1772638917,1,0,0
9d4ijb45,136,r13ibi4d,5,presurvey_part1,Scenario,1772638919,1,0,0
9d4ijb45,127,lvuh8mp2,5,presurvey_part1,Scenario,1772638926,1,0,0
9d4ijb45,136,r13ibi4d,6,Pay_phase1,Reminder,1772638932,1,0,0
9d4ijb45,138,4f790hsi,2,presurvey_part1,TimeSelection,1772638938,1,0,0
9d4ijb45,127,lvuh8mp2,6,Pay_phase1,Reminder,1772638965,1,0,0
9d4ijb45,139,hmycbkyp,1,presurvey_part1,Introduction,1772638977,1,0,0
9d4ijb45,138,4f790hsi,3,presurvey_part1,AudioCheck,1772639004,1,0,0
9d4ijb45,137,uo8f8gd3,4,presurvey_part1,NeighborhoodInstruction,1772639012,1,0,0
9d4ijb45,138,4f790hsi,4,presurvey_part1,NeighborhoodInstruction,1772639033,1,0,0
9d4ijb45,137,uo8f8gd3,5,presurvey_part1,Scenario,1772639046,1,0,0
9d4ijb45,137,uo8f8gd3,6,Pay_phase1,Reminder,1772639055,1,0,0
9d4ijb45,139,hmycbkyp,2,presurvey_part1,TimeSelection,1772639061,1,0,0
9d4ijb45,138,4f790hsi,5,presurvey_part1,Scenario,1772639068,1,0,0
9d4ijb45,138,4f790hsi,6,Pay_phase1,Reminder,1772639079,1,0,0
9d4ijb45,139,hmycbkyp,3,presurvey_part1,AudioCheck,1772639145,1,0,0
9d4ijb45,139,hmycbkyp,4,presurvey_part1,NeighborhoodInstruction,1772639227,1,0,0
9d4ijb45,139,hmycbkyp,5,presurvey_part1,Scenario,1772639296,1,0,0
9d4ijb45,139,hmycbkyp,6,Pay_phase1,Reminder,1772639318,1,0,0
9d4ijb45,140,20lah2cw,0,,InitializeParticipant,1772639378,1,0,0
9d4ijb45,140,20lah2cw,1,presurvey_part1,Introduction,1772639406,1,0,0
9d4ijb45,140,20lah2cw,2,presurvey_part1,TimeSelection,1772639425,1,0,0
9d4ijb45,141,xedkq277,0,,InitializeParticipant,1772639486,1,0,0
9d4ijb45,141,xedkq277,1,presurvey_part1,Introduction,1772639506,1,0,0
9d4ijb45,140,20lah2cw,3,presurvey_part1,AudioCheck,1772639611,1,0,0
9d4ijb45,140,20lah2cw,4,presurvey_part1,NeighborhoodInstruction,1772639627,1,0,0
9d4ijb45,140,20lah2cw,5,presurvey_part1,Scenario,1772639652,1,0,0
9d4ijb45,142,90imuar9,0,,InitializeParticipant,1772639689,1,0,0
9d4ijb45,142,90imuar9,1,presurvey_part1,Introduction,1772639731,1,0,0
9d4ijb45,142,90imuar9,2,presurvey_part1,TimeSelection,1772639761,1,0,0
9d4ijb45,142,90imuar9,3,presurvey_part1,AudioCheck,1772639782,1,0,0
9d4ijb45,143,p9yjvx6j,0,,InitializeParticipant,1772639791,1,0,0
9d4ijb45,143,p9yjvx6j,1,presurvey_part1,Introduction,1772639804,1,0,0
9d4ijb45,143,p9yjvx6j,2,presurvey_part1,TimeSelection,1772639825,1,0,0
9d4ijb45,142,90imuar9,4,presurvey_part1,NeighborhoodInstruction,1772639833,1,0,0
9d4ijb45,143,p9yjvx6j,3,presurvey_part1,AudioCheck,1772639837,1,0,0
9d4ijb45,143,p9yjvx6j,4,presurvey_part1,NeighborhoodInstruction,1772639847,1,0,0
9d4ijb45,143,p9yjvx6j,5,presurvey_part1,Scenario,1772639863,1,0,0
9d4ijb45,143,p9yjvx6j,6,Pay_phase1,Reminder,1772639865,1,0,0
9d4ijb45,142,90imuar9,5,presurvey_part1,Scenario,1772639871,1,0,0
9d4ijb45,144,6llfoheb,0,,InitializeParticipant,1772639885,1,0,0
9d4ijb45,144,6llfoheb,1,presurvey_part1,Introduction,1772639892,1,0,0
9d4ijb45,145,aeljc3g1,0,,InitializeParticipant,1772640252,1,0,0
9d4ijb45,145,aeljc3g1,1,presurvey_part1,Introduction,1772640275,1,0,0
9d4ijb45,146,n70ccd3r,0,,InitializeParticipant,1772640390,1,0,0
9d4ijb45,146,n70ccd3r,1,presurvey_part1,Introduction,1772640456,1,0,0
9d4ijb45,146,n70ccd3r,2,presurvey_part1,TimeSelection,1772640504,1,0,0
9d4ijb45,146,n70ccd3r,3,presurvey_part1,AudioCheck,1772640524,1,0,0
9d4ijb45,146,n70ccd3r,4,presurvey_part1,NeighborhoodInstruction,1772640568,1,0,0
9d4ijb45,146,n70ccd3r,5,presurvey_part1,Scenario,1772640601,1,0,0
9d4ijb45,146,n70ccd3r,6,Pay_phase1,Reminder,1772640620,1,0,0
9d4ijb45,147,9go7y1kn,0,,InitializeParticipant,1772640897,1,0,0
9d4ijb45,147,9go7y1kn,1,presurvey_part1,Introduction,1772640914,1,0,0
9d4ijb45,147,9go7y1kn,2,presurvey_part1,TimeSelection,1772640951,1,0,0
9d4ijb45,147,9go7y1kn,3,presurvey_part1,AudioCheck,1772640969,1,0,0
9d4ijb45,147,9go7y1kn,4,presurvey_part1,NeighborhoodInstruction,1772640983,1,0,0
9d4ijb45,147,9go7y1kn,5,presurvey_part1,Scenario,1772641032,1,0,0
9d4ijb45,148,2qiyv2f4,0,,InitializeParticipant,1772641135,1,0,0
9d4ijb45,149,2rcqs84e,0,,InitializeParticipant,1772641159,1,0,0
9d4ijb45,148,2qiyv2f4,1,presurvey_part1,Introduction,1772641169,1,0,0
9d4ijb45,149,2rcqs84e,1,presurvey_part1,Introduction,1772641179,1,0,0
9d4ijb45,150,5zraoy83,0,,InitializeParticipant,1772641189,1,0,0
9d4ijb45,150,5zraoy83,1,presurvey_part1,Introduction,1772641194,1,0,0
9d4ijb45,149,2rcqs84e,2,presurvey_part1,TimeSelection,1772641200,1,0,0
9d4ijb45,148,2qiyv2f4,2,presurvey_part1,TimeSelection,1772641212,1,0,0
9d4ijb45,150,5zraoy83,2,presurvey_part1,TimeSelection,1772641218,1,0,0
9d4ijb45,149,2rcqs84e,3,presurvey_part1,AudioCheck,1772641221,1,0,0
9d4ijb45,148,2qiyv2f4,3,presurvey_part1,AudioCheck,1772641227,1,0,0
9d4ijb45,150,5zraoy83,3,presurvey_part1,AudioCheck,1772641234,1,0,0
9d4ijb45,150,5zraoy83,4,presurvey_part1,NeighborhoodInstruction,1772641237,1,0,0
9d4ijb45,148,2qiyv2f4,4,presurvey_part1,NeighborhoodInstruction,1772641237,1,0,0
9d4ijb45,149,2rcqs84e,4,presurvey_part1,NeighborhoodInstruction,1772641244,1,0,0
9d4ijb45,150,5zraoy83,5,presurvey_part1,Scenario,1772641247,1,0,0
9d4ijb45,150,5zraoy83,6,Pay_phase1,Reminder,1772641250,1,0,0
9d4ijb45,148,2qiyv2f4,5,presurvey_part1,Scenario,1772641259,1,0,0
9d4ijb45,149,2rcqs84e,5,presurvey_part1,Scenario,1772641271,1,0,0
9d4ijb45,151,migi8jdn,0,,InitializeParticipant,1772641283,1,0,0
9d4ijb45,151,migi8jdn,1,presurvey_part1,Introduction,1772641342,1,0,0
9d4ijb45,151,migi8jdn,2,presurvey_part1,TimeSelection,1772641392,1,0,0
9d4ijb45,151,migi8jdn,3,presurvey_part1,AudioCheck,1772641416,1,0,0
9d4ijb45,151,migi8jdn,4,presurvey_part1,NeighborhoodInstruction,1772641439,1,0,0
9d4ijb45,151,migi8jdn,5,presurvey_part1,Scenario,1772641491,1,0,0
9d4ijb45,151,migi8jdn,6,Pay_phase1,Reminder,1772641513,1,0,0
9d4ijb45,152,ch5ay2uv,0,,InitializeParticipant,1772641530,1,0,0
9d4ijb45,152,ch5ay2uv,1,presurvey_part1,Introduction,1772641592,1,0,0
9d4ijb45,152,ch5ay2uv,2,presurvey_part1,TimeSelection,1772641615,1,0,0
9d4ijb45,152,ch5ay2uv,3,presurvey_part1,AudioCheck,1772641643,1,0,0
9d4ijb45,152,ch5ay2uv,4,presurvey_part1,NeighborhoodInstruction,1772641678,1,0,0
9d4ijb45,152,ch5ay2uv,5,presurvey_part1,Scenario,1772641710,1,0,0
9d4ijb45,152,ch5ay2uv,6,Pay_phase1,Reminder,1772641733,1,0,0
9d4ijb45,153,ibj0gd0c,0,,InitializeParticipant,1772642117,1,0,0
9d4ijb45,153,ibj0gd0c,1,presurvey_part1,Introduction,1772642145,1,0,0
9d4ijb45,154,5st9szgq,0,,InitializeParticipant,1772642188,1,0,0
9d4ijb45,155,a8ejnu0i,0,,InitializeParticipant,1772642194,1,0,0
9d4ijb45,154,5st9szgq,1,presurvey_part1,Introduction,1772642208,1,0,0
9d4ijb45,153,ibj0gd0c,2,presurvey_part1,TimeSelection,1772642212,1,0,0
9d4ijb45,154,5st9szgq,2,presurvey_part1,TimeSelection,1772642217,1,0,0
9d4ijb45,154,5st9szgq,3,presurvey_part1,AudioCheck,1772642229,1,0,0
9d4ijb45,154,5st9szgq,4,presurvey_part1,NeighborhoodInstruction,1772642230,1,0,0
9d4ijb45,154,5st9szgq,5,presurvey_part1,Scenario,1772642236,1,0,0
9d4ijb45,156,nvw4cmss,0,,InitializeParticipant,1772642237,1,0,0
9d4ijb45,154,5st9szgq,6,Pay_phase1,Reminder,1772642239,1,0,0
9d4ijb45,157,g671cw9h,0,,InitializeParticipant,1772642244,1,0,0
9d4ijb45,155,a8ejnu0i,1,presurvey_part1,Introduction,1772642249,1,0,0
9d4ijb45,157,g671cw9h,1,presurvey_part1,Introduction,1772642272,1,0,0
9d4ijb45,156,nvw4cmss,1,presurvey_part1,Introduction,1772642278,1,0,0
9d4ijb45,153,ibj0gd0c,3,presurvey_part1,AudioCheck,1772642287,1,0,0
9d4ijb45,156,nvw4cmss,2,presurvey_part1,TimeSelection,1772642295,1,0,0
9d4ijb45,153,ibj0gd0c,4,presurvey_part1,NeighborhoodInstruction,1772642308,1,0,0
9d4ijb45,157,g671cw9h,2,presurvey_part1,TimeSelection,1772642315,1,0,0
9d4ijb45,156,nvw4cmss,3,presurvey_part1,AudioCheck,1772642322,1,0,0
9d4ijb45,155,a8ejnu0i,2,presurvey_part1,TimeSelection,1772642325,1,0,0
9d4ijb45,157,g671cw9h,3,presurvey_part1,AudioCheck,1772642328,1,0,0
9d4ijb45,156,nvw4cmss,4,presurvey_part1,NeighborhoodInstruction,1772642336,1,0,0
9d4ijb45,157,g671cw9h,4,presurvey_part1,NeighborhoodInstruction,1772642342,1,0,0
9d4ijb45,155,a8ejnu0i,3,presurvey_part1,AudioCheck,1772642353,1,0,0
9d4ijb45,153,ibj0gd0c,5,presurvey_part1,Scenario,1772642358,1,0,0
9d4ijb45,157,g671cw9h,5,presurvey_part1,Scenario,1772642361,1,0,0
9d4ijb45,155,a8ejnu0i,4,presurvey_part1,NeighborhoodInstruction,1772642365,1,0,0
9d4ijb45,157,g671cw9h,6,Pay_phase1,Reminder,1772642371,1,0,0
9d4ijb45,156,nvw4cmss,5,presurvey_part1,Scenario,1772642380,1,0,0
9d4ijb45,156,nvw4cmss,6,Pay_phase1,Reminder,1772642397,1,0,0
9d4ijb45,155,a8ejnu0i,5,presurvey_part1,Scenario,1772642424,1,0,0
9d4ijb45,155,a8ejnu0i,6,Pay_phase1,Reminder,1772642459,1,0,0
9d4ijb45,158,mbmfxqif,0,,InitializeParticipant,1772642541,1,0,0
9d4ijb45,158,mbmfxqif,1,presurvey_part1,Introduction,1772642607,1,0,0
9d4ijb45,158,mbmfxqif,2,presurvey_part1,TimeSelection,1772642627,1,0,0
9d4ijb45,159,tvxqitcn,0,,InitializeParticipant,1772642646,1,0,0
9d4ijb45,158,mbmfxqif,3,presurvey_part1,AudioCheck,1772642716,1,0,0
9d4ijb45,158,mbmfxqif,4,presurvey_part1,NeighborhoodInstruction,1772642768,1,0,0
9d4ijb45,158,mbmfxqif,5,presurvey_part1,Scenario,1772642850,1,0,0
9d4ijb45,160,b88cwckv,0,,InitializeParticipant,1772642872,1,0,0
9d4ijb45,159,tvxqitcn,1,presurvey_part1,Introduction,1772642890,1,0,0
9d4ijb45,160,b88cwckv,1,presurvey_part1,Introduction,1772642906,1,0,0
9d4ijb45,159,tvxqitcn,2,presurvey_part1,TimeSelection,1772642929,1,0,0
9d4ijb45,160,b88cwckv,2,presurvey_part1,TimeSelection,1772642939,1,0,0
9d4ijb45,160,b88cwckv,3,presurvey_part1,AudioCheck,1772642954,1,0,0
9d4ijb45,160,b88cwckv,4,presurvey_part1,NeighborhoodInstruction,1772642961,1,0,0
9d4ijb45,159,tvxqitcn,3,presurvey_part1,AudioCheck,1772642962,1,0,0
9d4ijb45,160,b88cwckv,5,presurvey_part1,Scenario,1772642988,1,0,0
9d4ijb45,160,b88cwckv,6,Pay_phase1,Reminder,1772642991,1,0,0
9d4ijb45,159,tvxqitcn,4,presurvey_part1,NeighborhoodInstruction,1772643004,1,0,0
9d4ijb45,159,tvxqitcn,5,presurvey_part1,Scenario,1772643030,1,0,0
9d4ijb45,161,upv6vbla,0,,InitializeParticipant,1772643034,1,0,0
9d4ijb45,159,tvxqitcn,6,Pay_phase1,Reminder,1772643045,1,0,0
9d4ijb45,162,jwovw8gp,0,,InitializeParticipant,1772643071,1,0,0
9d4ijb45,162,jwovw8gp,1,presurvey_part1,Introduction,1772643128,1,0,0
9d4ijb45,163,b7xoc7qu,0,,InitializeParticipant,1772643265,1,0,0
9d4ijb45,163,b7xoc7qu,1,presurvey_part1,Introduction,1772643324,1,0,0
9d4ijb45,163,b7xoc7qu,2,presurvey_part1,TimeSelection,1772643360,1,0,0
9d4ijb45,163,b7xoc7qu,3,presurvey_part1,AudioCheck,1772643380,1,0,0
9d4ijb45,163,b7xoc7qu,4,presurvey_part1,NeighborhoodInstruction,1772643395,1,0,0
9d4ijb45,163,b7xoc7qu,5,presurvey_part1,Scenario,1772643427,1,0,0
9d4ijb45,164,vnd1pmv5,0,,InitializeParticipant,1772643531,1,0,0
9d4ijb45,164,vnd1pmv5,1,presurvey_part1,Introduction,1772643540,1,0,0
9d4ijb45,164,vnd1pmv5,2,presurvey_part1,TimeSelection,1772643549,1,0,0
9d4ijb45,164,vnd1pmv5,3,presurvey_part1,AudioCheck,1772643564,1,0,0
9d4ijb45,164,vnd1pmv5,4,presurvey_part1,NeighborhoodInstruction,1772643566,1,0,0
9d4ijb45,165,r4xosjyx,0,,InitializeParticipant,1772643572,1,0,0
9d4ijb45,164,vnd1pmv5,5,presurvey_part1,Scenario,1772643584,1,0,0
9d4ijb45,165,r4xosjyx,1,presurvey_part1,Introduction,1772643596,1,0,0
9d4ijb45,166,j4t36j07,0,,InitializeParticipant,1772643600,1,0,0
9d4ijb45,165,r4xosjyx,2,presurvey_part1,TimeSelection,1772643620,1,0,0
9d4ijb45,166,j4t36j07,1,presurvey_part1,Introduction,1772643636,1,0,0
9d4ijb45,165,r4xosjyx,3,presurvey_part1,AudioCheck,1772643647,1,0,0
9d4ijb45,165,r4xosjyx,4,presurvey_part1,NeighborhoodInstruction,1772643676,1,0,0
9d4ijb45,166,j4t36j07,2,presurvey_part1,TimeSelection,1772643681,1,0,0
9d4ijb45,166,j4t36j07,3,presurvey_part1,AudioCheck,1772643702,1,0,0
9d4ijb45,166,j4t36j07,4,presurvey_part1,NeighborhoodInstruction,1772643725,1,0,0
9d4ijb45,165,r4xosjyx,5,presurvey_part1,Scenario,1772643732,1,0,0
9d4ijb45,165,r4xosjyx,6,Pay_phase1,Reminder,1772643736,1,0,0
9d4ijb45,166,j4t36j07,5,presurvey_part1,Scenario,1772643750,1,0,0
9d4ijb45,166,j4t36j07,6,Pay_phase1,Reminder,1772643757,1,0,0
9d4ijb45,167,dvwpy7po,0,,InitializeParticipant,1772643893,1,0,0
9d4ijb45,167,dvwpy7po,1,presurvey_part1,Introduction,1772643950,1,0,0
9d4ijb45,167,dvwpy7po,2,presurvey_part1,TimeSelection,1772643964,1,0,0
9d4ijb45,167,dvwpy7po,3,presurvey_part1,AudioCheck,1772643982,1,0,0
9d4ijb45,167,dvwpy7po,4,presurvey_part1,NeighborhoodInstruction,1772643990,1,0,0
9d4ijb45,167,dvwpy7po,5,presurvey_part1,Scenario,1772644018,1,0,0
9d4ijb45,167,dvwpy7po,6,Pay_phase1,Reminder,1772644025,1,0,0
9d4ijb45,168,w1ej4nk8,0,,InitializeParticipant,1772644065,1,0,0
9d4ijb45,169,mbg64azc,0,,InitializeParticipant,1772644271,1,0,0
9d4ijb45,169,mbg64azc,1,presurvey_part1,Introduction,1772644296,1,0,0
9d4ijb45,170,7sj399e4,0,,InitializeParticipant,1772644311,1,0,0
9d4ijb45,169,mbg64azc,2,presurvey_part1,TimeSelection,1772644315,1,0,0
9d4ijb45,170,7sj399e4,1,presurvey_part1,Introduction,1772644324,1,0,0
9d4ijb45,169,mbg64azc,3,presurvey_part1,AudioCheck,1772644334,1,0,0
9d4ijb45,169,mbg64azc,4,presurvey_part1,NeighborhoodInstruction,1772644349,1,0,0
9d4ijb45,170,7sj399e4,2,presurvey_part1,TimeSelection,1772644354,1,0,0
9d4ijb45,169,mbg64azc,5,presurvey_part1,Scenario,1772644368,1,0,0
9d4ijb45,170,7sj399e4,3,presurvey_part1,AudioCheck,1772644368,1,0,0
9d4ijb45,169,mbg64azc,6,Pay_phase1,Reminder,1772644371,1,0,0
9d4ijb45,170,7sj399e4,4,presurvey_part1,NeighborhoodInstruction,1772644379,1,0,0
9d4ijb45,170,7sj399e4,5,presurvey_part1,Scenario,1772644409,1,0,0
9d4ijb45,171,3pi4xugi,0,,InitializeParticipant,1772644426,1,0,0
9d4ijb45,171,3pi4xugi,1,presurvey_part1,Introduction,1772644466,1,0,0
9d4ijb45,171,3pi4xugi,2,presurvey_part1,TimeSelection,1772644496,1,0,0
9d4ijb45,171,3pi4xugi,3,presurvey_part1,AudioCheck,1772644514,1,0,0
9d4ijb45,171,3pi4xugi,4,presurvey_part1,NeighborhoodInstruction,1772644523,1,0,0
9d4ijb45,171,3pi4xugi,5,presurvey_part1,Scenario,1772644540,1,0,0
9d4ijb45,171,3pi4xugi,6,Pay_phase1,Reminder,1772644543,1,0,0
9d4ijb45,172,by8dd31c,0,,InitializeParticipant,1772645186,1,0,0
9d4ijb45,172,by8dd31c,1,presurvey_part1,Introduction,1772645244,1,0,0
9d4ijb45,172,by8dd31c,2,presurvey_part1,TimeSelection,1772645260,1,0,0
9d4ijb45,172,by8dd31c,3,presurvey_part1,AudioCheck,1772645276,1,0,0
9d4ijb45,173,gnjmmqnp,0,,InitializeParticipant,1772645319,1,0,0
9d4ijb45,174,1sncn5yp,0,,InitializeParticipant,1772645369,1,0,0
9d4ijb45,173,gnjmmqnp,1,presurvey_part1,Introduction,1772645373,1,0,0
9d4ijb45,174,1sncn5yp,1,presurvey_part1,Introduction,1772645423,1,0,0
9d4ijb45,173,gnjmmqnp,2,presurvey_part1,TimeSelection,1772645441,1,0,0
9d4ijb45,172,by8dd31c,4,presurvey_part1,NeighborhoodInstruction,1772645460,1,0,0
9d4ijb45,174,1sncn5yp,2,presurvey_part1,TimeSelection,1772645468,1,0,0
9d4ijb45,173,gnjmmqnp,3,presurvey_part1,AudioCheck,1772645481,1,0,0
9d4ijb45,174,1sncn5yp,3,presurvey_part1,AudioCheck,1772645507,1,0,0
9d4ijb45,174,1sncn5yp,4,presurvey_part1,NeighborhoodInstruction,1772645545,1,0,0
9d4ijb45,174,1sncn5yp,5,presurvey_part1,Scenario,1772645593,1,0,0
9d4ijb45,172,by8dd31c,5,presurvey_part1,Scenario,1772645594,1,0,0
9d4ijb45,174,1sncn5yp,6,Pay_phase1,Reminder,1772645601,1,0,0
9d4ijb45,175,jrwv5emd,0,,InitializeParticipant,1772645605,1,0,0
9d4ijb45,176,u5akwn3o,0,,InitializeParticipant,1772645619,1,0,0
9d4ijb45,176,u5akwn3o,1,presurvey_part1,Introduction,1772645632,1,0,0
9d4ijb45,175,jrwv5emd,1,presurvey_part1,Introduction,1772645636,1,0,0
9d4ijb45,176,u5akwn3o,2,presurvey_part1,TimeSelection,1772645663,1,0,0
9d4ijb45,175,jrwv5emd,2,presurvey_part1,TimeSelection,1772645673,1,0,0
9d4ijb45,176,u5akwn3o,3,presurvey_part1,AudioCheck,1772645676,1,0,0
9d4ijb45,175,jrwv5emd,3,presurvey_part1,AudioCheck,1772645690,1,0,0
9d4ijb45,175,jrwv5emd,4,presurvey_part1,NeighborhoodInstruction,1772645706,1,0,0
9d4ijb45,177,kr8glna4,0,,InitializeParticipant,1772645732,1,0,0
9d4ijb45,175,jrwv5emd,5,presurvey_part1,Scenario,1772645736,1,0,0
9d4ijb45,176,u5akwn3o,4,presurvey_part1,NeighborhoodInstruction,1772645743,1,0,0
9d4ijb45,176,u5akwn3o,5,presurvey_part1,Scenario,1772645770,1,0,0
9d4ijb45,176,u5akwn3o,6,Pay_phase1,Reminder,1772645773,1,0,0
9d4ijb45,177,kr8glna4,1,presurvey_part1,Introduction,1772645827,1,0,0
9d4ijb45,178,todpg1m5,0,,InitializeParticipant,1772645843,1,0,0
9d4ijb45,178,todpg1m5,1,presurvey_part1,Introduction,1772645877,1,0,0
9d4ijb45,177,kr8glna4,2,presurvey_part1,TimeSelection,1772645904,1,0,0
9d4ijb45,178,todpg1m5,2,presurvey_part1,TimeSelection,1772645909,1,0,0
9d4ijb45,179,0jhz42ws,0,,InitializeParticipant,1772645933,1,0,0
9d4ijb45,177,kr8glna4,3,presurvey_part1,AudioCheck,1772645938,1,0,0
9d4ijb45,179,0jhz42ws,1,presurvey_part1,Introduction,1772645945,1,0,0
9d4ijb45,178,todpg1m5,3,presurvey_part1,AudioCheck,1772645957,1,0,0
9d4ijb45,177,kr8glna4,4,presurvey_part1,NeighborhoodInstruction,1772645961,1,0,0
9d4ijb45,179,0jhz42ws,2,presurvey_part1,TimeSelection,1772645962,1,0,0
9d4ijb45,179,0jhz42ws,3,presurvey_part1,AudioCheck,1772645977,1,0,0
9d4ijb45,179,0jhz42ws,4,presurvey_part1,NeighborhoodInstruction,1772645989,1,0,0
9d4ijb45,178,todpg1m5,4,presurvey_part1,NeighborhoodInstruction,1772645995,1,0,0
9d4ijb45,179,0jhz42ws,5,presurvey_part1,Scenario,1772646010,1,0,0
9d4ijb45,179,0jhz42ws,6,Pay_phase1,Reminder,1772646023,1,0,0
9d4ijb45,177,kr8glna4,5,presurvey_part1,Scenario,1772646030,1,0,0
9d4ijb45,177,kr8glna4,6,Pay_phase1,Reminder,1772646043,1,0,0
9d4ijb45,178,todpg1m5,5,presurvey_part1,Scenario,1772646052,1,0,0
9d4ijb45,178,todpg1m5,6,Pay_phase1,Reminder,1772646061,1,0,0
9d4ijb45,180,7vaf77jh,0,,InitializeParticipant,1772646080,1,0,0
9d4ijb45,180,7vaf77jh,1,presurvey_part1,Introduction,1772646106,1,0,0
9d4ijb45,181,irmuf5dg,0,,InitializeParticipant,1772646119,1,0,0
9d4ijb45,180,7vaf77jh,2,presurvey_part1,TimeSelection,1772646125,1,0,0
9d4ijb45,181,irmuf5dg,1,presurvey_part1,Introduction,1772646137,1,0,0
9d4ijb45,180,7vaf77jh,3,presurvey_part1,AudioCheck,1772646154,1,0,0
9d4ijb45,180,7vaf77jh,4,presurvey_part1,NeighborhoodInstruction,1772646181,1,0,0
9d4ijb45,180,7vaf77jh,5,presurvey_part1,Scenario,1772646209,1,0,0
9d4ijb45,182,bwxhfz2f,0,,InitializeParticipant,1772646215,1,0,0
9d4ijb45,183,viet5au4,0,,InitializeParticipant,1772646217,1,0,0
9d4ijb45,181,irmuf5dg,2,presurvey_part1,TimeSelection,1772646230,1,0,0
9d4ijb45,180,7vaf77jh,6,Pay_phase1,Reminder,1772646232,1,0,0
9d4ijb45,181,irmuf5dg,3,presurvey_part1,AudioCheck,1772646245,1,0,0
9d4ijb45,183,viet5au4,1,presurvey_part1,Introduction,1772646245,1,0,0
9d4ijb45,181,irmuf5dg,4,presurvey_part1,NeighborhoodInstruction,1772646257,1,0,0
9d4ijb45,182,bwxhfz2f,1,presurvey_part1,Introduction,1772646259,1,0,0
9d4ijb45,183,viet5au4,2,presurvey_part1,TimeSelection,1772646264,1,0,0
9d4ijb45,181,irmuf5dg,5,presurvey_part1,Scenario,1772646281,1,0,0
9d4ijb45,183,viet5au4,3,presurvey_part1,AudioCheck,1772646289,1,0,0
9d4ijb45,181,irmuf5dg,6,Pay_phase1,Reminder,1772646295,1,0,0
9d4ijb45,183,viet5au4,4,presurvey_part1,NeighborhoodInstruction,1772646315,1,0,0
9d4ijb45,183,viet5au4,5,presurvey_part1,Scenario,1772646357,1,0,0
9d4ijb45,184,pmqxegsd,0,,InitializeParticipant,1772646455,1,0,0
9d4ijb45,185,k6j1hmj6,0,,InitializeParticipant,1772646475,1,0,0
9d4ijb45,184,pmqxegsd,1,presurvey_part1,Introduction,1772646488,1,0,0
9d4ijb45,185,k6j1hmj6,1,presurvey_part1,Introduction,1772646492,1,0,0
9d4ijb45,186,zzrvg0i6,0,,InitializeParticipant,1772646495,1,0,0
9d4ijb45,187,ial2gzrx,0,,InitializeParticipant,1772646497,1,0,0
9d4ijb45,188,k2osikvs,0,,InitializeParticipant,1772646505,1,0,0
9d4ijb45,185,k6j1hmj6,2,presurvey_part1,TimeSelection,1772646517,1,0,0
9d4ijb45,188,k2osikvs,1,presurvey_part1,Introduction,1772646530,1,0,0
9d4ijb45,185,k6j1hmj6,3,presurvey_part1,AudioCheck,1772646535,1,0,0
9d4ijb45,189,qxjjg5f4,0,,InitializeParticipant,1772646537,1,0,0
9d4ijb45,184,pmqxegsd,2,presurvey_part1,TimeSelection,1772646549,1,0,0
9d4ijb45,185,k6j1hmj6,4,presurvey_part1,NeighborhoodInstruction,1772646551,1,0,0
9d4ijb45,186,zzrvg0i6,1,presurvey_part1,Introduction,1772646572,1,0,0
9d4ijb45,185,k6j1hmj6,5,presurvey_part1,Scenario,1772646573,1,0,0
9d4ijb45,190,ifwgq8m9,0,,InitializeParticipant,1772646575,1,0,0
9d4ijb45,184,pmqxegsd,3,presurvey_part1,AudioCheck,1772646580,1,0,0
9d4ijb45,185,k6j1hmj6,6,Pay_phase1,Reminder,1772646587,1,0,0
9d4ijb45,191,mwd0je6n,0,,InitializeParticipant,1772646588,1,0,0
9d4ijb45,187,ial2gzrx,1,presurvey_part1,Introduction,1772646590,1,0,0
9d4ijb45,192,4he4tb68,0,,InitializeParticipant,1772646598,1,0,0
9d4ijb45,191,mwd0je6n,1,presurvey_part1,Introduction,1772646608,1,0,0
9d4ijb45,187,ial2gzrx,2,presurvey_part1,TimeSelection,1772646613,1,0,0
9d4ijb45,184,pmqxegsd,4,presurvey_part1,NeighborhoodInstruction,1772646615,1,0,0
9d4ijb45,187,ial2gzrx,3,presurvey_part1,AudioCheck,1772646625,1,0,0
9d4ijb45,191,mwd0je6n,2,presurvey_part1,TimeSelection,1772646628,1,0,0
9d4ijb45,191,mwd0je6n,3,presurvey_part1,AudioCheck,1772646642,1,0,0
9d4ijb45,184,pmqxegsd,5,presurvey_part1,Scenario,1772646658,1,0,0
9d4ijb45,191,mwd0je6n,4,presurvey_part1,NeighborhoodInstruction,1772646664,1,0,0
9d4ijb45,189,qxjjg5f4,1,presurvey_part1,Introduction,1772646669,1,0,0
9d4ijb45,184,pmqxegsd,6,Pay_phase1,Reminder,1772646669,1,0,0
9d4ijb45,187,ial2gzrx,4,presurvey_part1,NeighborhoodInstruction,1772646679,1,0,0
9d4ijb45,191,mwd0je6n,5,presurvey_part1,Scenario,1772646689,1,0,0
9d4ijb45,191,mwd0je6n,6,Pay_phase1,Reminder,1772646692,1,0,0
9d4ijb45,189,qxjjg5f4,2,presurvey_part1,TimeSelection,1772646698,1,0,0
9d4ijb45,193,84sbg7a6,0,,InitializeParticipant,1772646724,1,0,0
9d4ijb45,189,qxjjg5f4,3,presurvey_part1,AudioCheck,1772646733,1,0,0
9d4ijb45,189,qxjjg5f4,4,presurvey_part1,NeighborhoodInstruction,1772646756,1,0,0
9d4ijb45,193,84sbg7a6,1,presurvey_part1,Introduction,1772646782,1,0,0
9d4ijb45,189,qxjjg5f4,5,presurvey_part1,Scenario,1772646809,1,0,0
9d4ijb45,189,qxjjg5f4,6,Pay_phase1,Reminder,1772646814,1,0,0
9d4ijb45,193,84sbg7a6,2,presurvey_part1,TimeSelection,1772646836,1,0,0
9d4ijb45,193,84sbg7a6,3,presurvey_part1,AudioCheck,1772646860,1,0,0
9d4ijb45,193,84sbg7a6,4,presurvey_part1,NeighborhoodInstruction,1772646872,1,0,0
9d4ijb45,194,7adf7e0p,0,,InitializeParticipant,1772646896,1,0,0
9d4ijb45,193,84sbg7a6,5,presurvey_part1,Scenario,1772646898,1,0,0
9d4ijb45,187,ial2gzrx,5,presurvey_part1,Scenario,1772646912,1,0,0
9d4ijb45,195,dhspove7,0,,InitializeParticipant,1772646921,1,0,0
9d4ijb45,195,dhspove7,1,presurvey_part1,Introduction,1772646934,1,0,0
9d4ijb45,195,dhspove7,2,presurvey_part1,TimeSelection,1772646970,1,0,0
9d4ijb45,194,7adf7e0p,1,presurvey_part1,Introduction,1772646985,1,0,0
9d4ijb45,195,dhspove7,3,presurvey_part1,AudioCheck,1772646988,1,0,0
9d4ijb45,196,q6cuseme,0,,InitializeParticipant,1772647018,1,0,0
9d4ijb45,197,dz7ms2ft,0,,InitializeParticipant,1772647047,1,0,0
9d4ijb45,196,q6cuseme,1,presurvey_part1,Introduction,1772647048,1,0,0
9d4ijb45,194,7adf7e0p,2,presurvey_part1,TimeSelection,1772647062,1,0,0
9d4ijb45,197,dz7ms2ft,1,presurvey_part1,Introduction,1772647076,1,0,0
9d4ijb45,194,7adf7e0p,3,presurvey_part1,AudioCheck,1772647104,1,0,0
9d4ijb45,196,q6cuseme,2,presurvey_part1,TimeSelection,1772647105,1,0,0
9d4ijb45,198,udc0mue9,0,,InitializeParticipant,1772647116,1,0,0
9d4ijb45,197,dz7ms2ft,2,presurvey_part1,TimeSelection,1772647117,1,0,0
9d4ijb45,196,q6cuseme,3,presurvey_part1,AudioCheck,1772647132,1,0,0
9d4ijb45,197,dz7ms2ft,3,presurvey_part1,AudioCheck,1772647139,1,0,0
9d4ijb45,194,7adf7e0p,4,presurvey_part1,NeighborhoodInstruction,1772647143,1,0,0
9d4ijb45,198,udc0mue9,1,presurvey_part1,Introduction,1772647144,1,0,0
9d4ijb45,196,q6cuseme,4,presurvey_part1,NeighborhoodInstruction,1772647160,1,0,0
9d4ijb45,197,dz7ms2ft,4,presurvey_part1,NeighborhoodInstruction,1772647165,1,0,0
9d4ijb45,192,4he4tb68,1,presurvey_part1,Introduction,1772647173,1,0,0
9d4ijb45,199,7zhpeqgo,0,,InitializeParticipant,1772647187,1,0,0
9d4ijb45,200,a49kv7ra,0,,InitializeParticipant,1772647194,1,0,0
9d4ijb45,201,gusyqzm0,0,,InitializeParticipant,1772647205,1,0,0
9d4ijb45,197,dz7ms2ft,5,presurvey_part1,Scenario,1772647205,1,0,0
9d4ijb45,198,udc0mue9,2,presurvey_part1,TimeSelection,1772647208,1,0,0
9d4ijb45,202,iwjxgqiz,0,,InitializeParticipant,1772647213,1,0,0
9d4ijb45,197,dz7ms2ft,6,Pay_phase1,Reminder,1772647213,1,0,0
9d4ijb45,196,q6cuseme,5,presurvey_part1,Scenario,1772647218,1,0,0
9d4ijb45,198,udc0mue9,3,presurvey_part1,AudioCheck,1772647221,1,0,0
9d4ijb45,194,7adf7e0p,5,presurvey_part1,Scenario,1772647226,1,0,0
9d4ijb45,200,a49kv7ra,1,presurvey_part1,Introduction,1772647226,1,0,0
9d4ijb45,202,iwjxgqiz,1,presurvey_part1,Introduction,1772647227,1,0,0
9d4ijb45,196,q6cuseme,6,Pay_phase1,Reminder,1772647228,1,0,0
9d4ijb45,198,udc0mue9,4,presurvey_part1,NeighborhoodInstruction,1772647229,1,0,0
9d4ijb45,194,7adf7e0p,6,Pay_phase1,Reminder,1772647235,1,0,0
9d4ijb45,200,a49kv7ra,2,presurvey_part1,TimeSelection,1772647240,1,0,0
9d4ijb45,198,udc0mue9,5,presurvey_part1,Scenario,1772647244,1,0,0
9d4ijb45,199,7zhpeqgo,1,presurvey_part1,Introduction,1772647256,1,0,0
9d4ijb45,200,a49kv7ra,3,presurvey_part1,AudioCheck,1772647266,1,0,0
9d4ijb45,200,a49kv7ra,4,presurvey_part1,NeighborhoodInstruction,1772647276,1,0,0
9d4ijb45,200,a49kv7ra,5,presurvey_part1,Scenario,1772647288,1,0,0
9d4ijb45,200,a49kv7ra,6,Pay_phase1,Reminder,1772647291,1,0,0
9d4ijb45,192,4he4tb68,2,presurvey_part1,TimeSelection,1772647301,1,0,0
9d4ijb45,203,vmv1iq5l,0,,InitializeParticipant,1772647306,1,0,0
9d4ijb45,204,7yapgqba,0,,InitializeParticipant,1772647353,1,0,0
9d4ijb45,203,vmv1iq5l,1,presurvey_part1,Introduction,1772647359,1,0,0
9d4ijb45,205,0sq5p3jx,0,,InitializeParticipant,1772647376,1,0,0
9d4ijb45,192,4he4tb68,3,presurvey_part1,AudioCheck,1772647377,1,0,0
9d4ijb45,204,7yapgqba,1,presurvey_part1,Introduction,1772647381,1,0,0
9d4ijb45,205,0sq5p3jx,1,presurvey_part1,Introduction,1772647389,1,0,0
9d4ijb45,204,7yapgqba,2,presurvey_part1,TimeSelection,1772647400,1,0,0
9d4ijb45,205,0sq5p3jx,2,presurvey_part1,TimeSelection,1772647414,1,0,0
9d4ijb45,204,7yapgqba,3,presurvey_part1,AudioCheck,1772647423,1,0,0
9d4ijb45,205,0sq5p3jx,3,presurvey_part1,AudioCheck,1772647431,1,0,0
9d4ijb45,206,2tcsq99x,0,,InitializeParticipant,1772647432,1,0,0
9d4ijb45,207,309ffamr,0,,InitializeParticipant,1772647437,1,0,0
9d4ijb45,192,4he4tb68,4,presurvey_part1,NeighborhoodInstruction,1772647439,1,0,0
9d4ijb45,205,0sq5p3jx,4,presurvey_part1,NeighborhoodInstruction,1772647442,1,0,0
9d4ijb45,204,7yapgqba,4,presurvey_part1,NeighborhoodInstruction,1772647443,1,0,0
9d4ijb45,208,so62nw8b,0,,InitializeParticipant,1772647452,1,0,0
9d4ijb45,207,309ffamr,1,presurvey_part1,Introduction,1772647465,1,0,0
9d4ijb45,205,0sq5p3jx,5,presurvey_part1,Scenario,1772647466,1,0,0
9d4ijb45,204,7yapgqba,5,presurvey_part1,Scenario,1772647472,1,0,0
9d4ijb45,209,u6vuk1et,0,,InitializeParticipant,1772647475,1,0,0
9d4ijb45,208,so62nw8b,1,presurvey_part1,Introduction,1772647478,1,0,0
9d4ijb45,206,2tcsq99x,1,presurvey_part1,Introduction,1772647491,1,0,0
9d4ijb45,207,309ffamr,2,presurvey_part1,TimeSelection,1772647491,1,0,0
9d4ijb45,208,so62nw8b,2,presurvey_part1,TimeSelection,1772647502,1,0,0
9d4ijb45,207,309ffamr,3,presurvey_part1,AudioCheck,1772647504,1,0,0
9d4ijb45,208,so62nw8b,3,presurvey_part1,AudioCheck,1772647513,1,0,0
9d4ijb45,209,u6vuk1et,1,presurvey_part1,Introduction,1772647513,1,0,0
9d4ijb45,192,4he4tb68,5,presurvey_part1,Scenario,1772647520,1,0,0
9d4ijb45,208,so62nw8b,4,presurvey_part1,NeighborhoodInstruction,1772647523,1,0,0
9d4ijb45,207,309ffamr,4,presurvey_part1,NeighborhoodInstruction,1772647523,1,0,0
9d4ijb45,209,u6vuk1et,2,presurvey_part1,TimeSelection,1772647530,1,0,0
9d4ijb45,210,krbs0ph3,0,,InitializeParticipant,1772647531,1,0,0
9d4ijb45,206,2tcsq99x,2,presurvey_part1,TimeSelection,1772647535,1,0,0
9d4ijb45,208,so62nw8b,5,presurvey_part1,Scenario,1772647536,1,0,0
9d4ijb45,208,so62nw8b,6,Pay_phase1,Reminder,1772647541,1,0,0
9d4ijb45,207,309ffamr,5,presurvey_part1,Scenario,1772647542,1,0,0
9d4ijb45,207,309ffamr,6,Pay_phase1,Reminder,1772647545,1,0,0
9d4ijb45,192,4he4tb68,6,Pay_phase1,Reminder,1772647550,1,0,0
9d4ijb45,210,krbs0ph3,1,presurvey_part1,Introduction,1772647566,1,0,0
9d4ijb45,206,2tcsq99x,3,presurvey_part1,AudioCheck,1772647568,1,0,0
9d4ijb45,209,u6vuk1et,3,presurvey_part1,AudioCheck,1772647582,1,0,0
9d4ijb45,211,v8cnatic,0,,InitializeParticipant,1772647588,1,0,0
9d4ijb45,206,2tcsq99x,4,presurvey_part1,NeighborhoodInstruction,1772647594,1,0,0
9d4ijb45,209,u6vuk1et,4,presurvey_part1,NeighborhoodInstruction,1772647602,1,0,0
9d4ijb45,210,krbs0ph3,2,presurvey_part1,TimeSelection,1772647619,1,0,0
9d4ijb45,209,u6vuk1et,5,presurvey_part1,Scenario,1772647631,1,0,0
9d4ijb45,210,krbs0ph3,3,presurvey_part1,AudioCheck,1772647632,1,0,0
9d4ijb45,206,2tcsq99x,5,presurvey_part1,Scenario,1772647643,1,0,0
9d4ijb45,210,krbs0ph3,4,presurvey_part1,NeighborhoodInstruction,1772647645,1,0,0
9d4ijb45,209,u6vuk1et,6,Pay_phase1,Reminder,1772647647,1,0,0
9d4ijb45,212,fhmtsxa4,0,,InitializeParticipant,1772647665,1,0,0
9d4ijb45,211,v8cnatic,1,presurvey_part1,Introduction,1772647666,1,0,0
9d4ijb45,210,krbs0ph3,5,presurvey_part1,Scenario,1772647668,1,0,0
9d4ijb45,212,fhmtsxa4,1,presurvey_part1,Introduction,1772647684,1,0,0
9d4ijb45,213,9gz9va3e,0,,InitializeParticipant,1772647688,1,0,0
9d4ijb45,211,v8cnatic,2,presurvey_part1,TimeSelection,1772647713,1,0,0
9d4ijb45,214,deb3tcwa,0,,InitializeParticipant,1772647747,1,0,0
9d4ijb45,213,9gz9va3e,1,presurvey_part1,Introduction,1772647763,1,0,0
9d4ijb45,213,9gz9va3e,2,presurvey_part1,TimeSelection,1772647777,1,0,0
9d4ijb45,212,fhmtsxa4,2,presurvey_part1,TimeSelection,1772647789,1,0,0
9d4ijb45,211,v8cnatic,3,presurvey_part1,AudioCheck,1772647795,1,0,0
9d4ijb45,213,9gz9va3e,3,presurvey_part1,AudioCheck,1772647796,1,0,0
9d4ijb45,213,9gz9va3e,4,presurvey_part1,NeighborhoodInstruction,1772647811,1,0,0
9d4ijb45,214,deb3tcwa,1,presurvey_part1,Introduction,1772647822,1,0,0
9d4ijb45,212,fhmtsxa4,3,presurvey_part1,AudioCheck,1772647847,1,0,0
9d4ijb45,213,9gz9va3e,5,presurvey_part1,Scenario,1772647848,1,0,0
9d4ijb45,214,deb3tcwa,2,presurvey_part1,TimeSelection,1772647855,1,0,0
9d4ijb45,211,v8cnatic,4,presurvey_part1,NeighborhoodInstruction,1772647856,1,0,0
9d4ijb45,215,f9xg8uvn,0,,InitializeParticipant,1772647887,1,0,0
9d4ijb45,212,fhmtsxa4,4,presurvey_part1,NeighborhoodInstruction,1772647893,1,0,0
9d4ijb45,214,deb3tcwa,3,presurvey_part1,AudioCheck,1772647911,1,0,0
9d4ijb45,215,f9xg8uvn,1,presurvey_part1,Introduction,1772647912,1,0,0
9d4ijb45,216,vtspx3bs,0,,InitializeParticipant,1772647924,1,0,0
9d4ijb45,215,f9xg8uvn,2,presurvey_part1,TimeSelection,1772647931,1,0,0
9d4ijb45,214,deb3tcwa,4,presurvey_part1,NeighborhoodInstruction,1772647933,1,0,0
9d4ijb45,216,vtspx3bs,1,presurvey_part1,Introduction,1772647933,1,0,0
9d4ijb45,211,v8cnatic,5,presurvey_part1,Scenario,1772647938,1,0,0
9d4ijb45,215,f9xg8uvn,3,presurvey_part1,AudioCheck,1772647954,1,0,0
9d4ijb45,217,7lqts72d,0,,InitializeParticipant,1772647964,1,0,0
9d4ijb45,214,deb3tcwa,5,presurvey_part1,Scenario,1772647965,1,0,0
9d4ijb45,215,f9xg8uvn,4,presurvey_part1,NeighborhoodInstruction,1772647966,1,0,0
9d4ijb45,216,vtspx3bs,2,presurvey_part1,TimeSelection,1772647968,1,0,0
9d4ijb45,218,uszraxn1,0,,InitializeParticipant,1772647980,1,0,0
9d4ijb45,212,fhmtsxa4,5,presurvey_part1,Scenario,1772647987,1,0,0
9d4ijb45,216,vtspx3bs,3,presurvey_part1,AudioCheck,1772647996,1,0,0
9d4ijb45,218,uszraxn1,1,presurvey_part1,Introduction,1772647997,1,0,0
9d4ijb45,214,deb3tcwa,6,Pay_phase1,Reminder,1772648002,1,0,0
9d4ijb45,212,fhmtsxa4,6,Pay_phase1,Reminder,1772648004,1,0,0
9d4ijb45,219,2c3o11kp,0,,InitializeParticipant,1772648006,1,0,0
9d4ijb45,215,f9xg8uvn,5,presurvey_part1,Scenario,1772648007,1,0,0
9d4ijb45,215,f9xg8uvn,6,Pay_phase1,Reminder,1772648012,1,0,0
9d4ijb45,218,uszraxn1,2,presurvey_part1,TimeSelection,1772648037,1,0,0
9d4ijb45,218,uszraxn1,3,presurvey_part1,AudioCheck,1772648049,1,0,0
9d4ijb45,216,vtspx3bs,4,presurvey_part1,NeighborhoodInstruction,1772648071,1,0,0
9d4ijb45,218,uszraxn1,4,presurvey_part1,NeighborhoodInstruction,1772648072,1,0,0
9d4ijb45,216,vtspx3bs,5,presurvey_part1,Scenario,1772648115,1,0,0
9d4ijb45,216,vtspx3bs,6,Pay_phase1,Reminder,1772648124,1,0,0
9d4ijb45,211,v8cnatic,6,Pay_phase1,Reminder,1772648130,1,0,0
9d4ijb45,218,uszraxn1,5,presurvey_part1,Scenario,1772648159,1,0,0
9d4ijb45,220,9dg4ogvz,0,,InitializeParticipant,1772648161,1,0,0
9d4ijb45,220,9dg4ogvz,1,presurvey_part1,Introduction,1772648176,1,0,0
9d4ijb45,220,9dg4ogvz,2,presurvey_part1,TimeSelection,1772648192,1,0,0
9d4ijb45,220,9dg4ogvz,3,presurvey_part1,AudioCheck,1772648219,1,0,0
9d4ijb45,219,2c3o11kp,1,presurvey_part1,Introduction,1772648222,1,0,0
9d4ijb45,220,9dg4ogvz,4,presurvey_part1,NeighborhoodInstruction,1772648231,1,0,0
9d4ijb45,221,ijp8nzzj,0,,InitializeParticipant,1772648248,1,0,0
9d4ijb45,220,9dg4ogvz,5,presurvey_part1,Scenario,1772648254,1,0,0
9d4ijb45,220,9dg4ogvz,6,Pay_phase1,Reminder,1772648258,1,0,0
9d4ijb45,219,2c3o11kp,2,presurvey_part1,TimeSelection,1772648267,1,0,0
9d4ijb45,221,ijp8nzzj,1,presurvey_part1,Introduction,1772648279,1,0,0
9d4ijb45,221,ijp8nzzj,2,presurvey_part1,TimeSelection,1772648291,1,0,0
9d4ijb45,219,2c3o11kp,3,presurvey_part1,AudioCheck,1772648302,1,0,0
9d4ijb45,222,aaqyu7v0,0,,InitializeParticipant,1772648339,1,0,0
9d4ijb45,219,2c3o11kp,4,presurvey_part1,NeighborhoodInstruction,1772648342,1,0,0
9d4ijb45,222,aaqyu7v0,1,presurvey_part1,Introduction,1772648369,1,0,0
9d4ijb45,219,2c3o11kp,5,presurvey_part1,Scenario,1772648370,1,0,0
9d4ijb45,221,ijp8nzzj,3,presurvey_part1,AudioCheck,1772648379,1,0,0
9d4ijb45,223,tea9ckw1,0,,InitializeParticipant,1772648389,1,0,0
9d4ijb45,221,ijp8nzzj,4,presurvey_part1,NeighborhoodInstruction,1772648390,1,0,0
9d4ijb45,221,ijp8nzzj,5,presurvey_part1,Scenario,1772648412,1,0,0
9d4ijb45,221,ijp8nzzj,6,Pay_phase1,Reminder,1772648414,1,0,0
9d4ijb45,224,qwd4q438,0,,InitializeParticipant,1772648432,1,0,0
9d4ijb45,219,2c3o11kp,6,Pay_phase1,Reminder,1772648479,1,0,0
9d4ijb45,225,nbxmcgoy,0,,InitializeParticipant,1772648494,1,0,0
9d4ijb45,226,qgr2dvb0,0,,InitializeParticipant,1772648535,1,0,0
9d4ijb45,225,nbxmcgoy,1,presurvey_part1,Introduction,1772648535,1,0,0
9d4ijb45,227,4oigcn0g,0,,InitializeParticipant,1772648535,1,0,0
9d4ijb45,227,4oigcn0g,1,presurvey_part1,Introduction,1772648548,1,0,0
9d4ijb45,226,qgr2dvb0,1,presurvey_part1,Introduction,1772648551,1,0,0
9d4ijb45,224,qwd4q438,1,presurvey_part1,Introduction,1772648554,1,0,0
9d4ijb45,228,g279yzy3,0,,InitializeParticipant,1772648559,1,0,0
9d4ijb45,227,4oigcn0g,2,presurvey_part1,TimeSelection,1772648563,1,0,0
9d4ijb45,226,qgr2dvb0,2,presurvey_part1,TimeSelection,1772648578,1,0,0
9d4ijb45,227,4oigcn0g,3,presurvey_part1,AudioCheck,1772648581,1,0,0
9d4ijb45,227,4oigcn0g,4,presurvey_part1,NeighborhoodInstruction,1772648584,1,0,0
9d4ijb45,226,qgr2dvb0,3,presurvey_part1,AudioCheck,1772648598,1,0,0
9d4ijb45,227,4oigcn0g,5,presurvey_part1,Scenario,1772648603,1,0,0
9d4ijb45,227,4oigcn0g,6,Pay_phase1,Reminder,1772648608,1,0,0
9d4ijb45,225,nbxmcgoy,2,presurvey_part1,TimeSelection,1772648611,1,0,0
9d4ijb45,229,0smv1s60,0,,InitializeParticipant,1772648631,1,0,0
9d4ijb45,225,nbxmcgoy,3,presurvey_part1,AudioCheck,1772648636,1,0,0
9d4ijb45,228,g279yzy3,1,presurvey_part1,Introduction,1772648653,1,0,0
9d4ijb45,225,nbxmcgoy,4,presurvey_part1,NeighborhoodInstruction,1772648654,1,0,0
9d4ijb45,226,qgr2dvb0,4,presurvey_part1,NeighborhoodInstruction,1772648666,1,0,0
9d4ijb45,229,0smv1s60,1,presurvey_part1,Introduction,1772648674,1,0,0
9d4ijb45,228,g279yzy3,2,presurvey_part1,TimeSelection,1772648676,1,0,0
9d4ijb45,226,qgr2dvb0,5,presurvey_part1,Scenario,1772648689,1,0,0
9d4ijb45,225,nbxmcgoy,5,presurvey_part1,Scenario,1772648695,1,0,0
9d4ijb45,228,g279yzy3,3,presurvey_part1,AudioCheck,1772648701,1,0,0
9d4ijb45,225,nbxmcgoy,6,Pay_phase1,Reminder,1772648703,1,0,0
9d4ijb45,230,47l4jrc7,0,,InitializeParticipant,1772648723,1,0,0
9d4ijb45,228,g279yzy3,4,presurvey_part1,NeighborhoodInstruction,1772648724,1,0,0
9d4ijb45,231,zyyqphn2,0,,InitializeParticipant,1772648736,1,0,0
9d4ijb45,229,0smv1s60,2,presurvey_part1,TimeSelection,1772648743,1,0,0
9d4ijb45,231,zyyqphn2,1,presurvey_part1,Introduction,1772648744,1,0,0
9d4ijb45,230,47l4jrc7,1,presurvey_part1,Introduction,1772648749,1,0,0
9d4ijb45,231,zyyqphn2,2,presurvey_part1,TimeSelection,1772648770,1,0,0
9d4ijb45,228,g279yzy3,5,presurvey_part1,Scenario,1772648771,1,0,0
9d4ijb45,232,zly79dzn,0,,InitializeParticipant,1772648774,1,0,0
9d4ijb45,229,0smv1s60,3,presurvey_part1,AudioCheck,1772648781,1,0,0
9d4ijb45,228,g279yzy3,6,Pay_phase1,Reminder,1772648781,1,0,0
9d4ijb45,233,vj1bdoo7,0,,InitializeParticipant,1772648791,1,0,0
9d4ijb45,234,df4jby46,0,,InitializeParticipant,1772648794,1,0,0
9d4ijb45,232,zly79dzn,1,presurvey_part1,Introduction,1772648798,1,0,0
9d4ijb45,231,zyyqphn2,3,presurvey_part1,AudioCheck,1772648806,1,0,0
9d4ijb45,229,0smv1s60,4,presurvey_part1,NeighborhoodInstruction,1772648808,1,0,0
9d4ijb45,234,df4jby46,1,presurvey_part1,Introduction,1772648821,1,0,0
9d4ijb45,233,vj1bdoo7,1,presurvey_part1,Introduction,1772648823,1,0,0
9d4ijb45,235,fth5bd6k,0,,InitializeParticipant,1772648843,1,0,0
9d4ijb45,236,kv5hzb35,0,,InitializeParticipant,1772648851,1,0,0
9d4ijb45,229,0smv1s60,5,presurvey_part1,Scenario,1772648853,1,0,0
9d4ijb45,233,vj1bdoo7,2,presurvey_part1,TimeSelection,1772648857,1,0,0
9d4ijb45,235,fth5bd6k,1,presurvey_part1,Introduction,1772648857,1,0,0
9d4ijb45,236,kv5hzb35,1,presurvey_part1,Introduction,1772648866,1,0,0
9d4ijb45,235,fth5bd6k,2,presurvey_part1,TimeSelection,1772648867,1,0,0
9d4ijb45,236,kv5hzb35,2,presurvey_part1,TimeSelection,1772648875,1,0,0
9d4ijb45,229,0smv1s60,6,Pay_phase1,Reminder,1772648876,1,0,0
9d4ijb45,234,df4jby46,2,presurvey_part1,TimeSelection,1772648878,1,0,0
9d4ijb45,233,vj1bdoo7,3,presurvey_part1,AudioCheck,1772648881,1,0,0
9d4ijb45,237,vih6zqkv,0,,InitializeParticipant,1772648881,1,0,0
9d4ijb45,238,dnc53hbr,0,,InitializeParticipant,1772648882,1,0,0
9d4ijb45,236,kv5hzb35,3,presurvey_part1,AudioCheck,1772648886,1,0,0
9d4ijb45,233,vj1bdoo7,4,presurvey_part1,NeighborhoodInstruction,1772648891,1,0,0
9d4ijb45,239,2279ikn0,0,,InitializeParticipant,1772648892,1,0,0
9d4ijb45,236,kv5hzb35,4,presurvey_part1,NeighborhoodInstruction,1772648901,1,0,0
9d4ijb45,235,fth5bd6k,3,presurvey_part1,AudioCheck,1772648902,1,0,0
9d4ijb45,234,df4jby46,3,presurvey_part1,AudioCheck,1772648903,1,0,0
9d4ijb45,235,fth5bd6k,4,presurvey_part1,NeighborhoodInstruction,1772648912,1,0,0
9d4ijb45,234,df4jby46,4,presurvey_part1,NeighborhoodInstruction,1772648913,1,0,0
9d4ijb45,236,kv5hzb35,5,presurvey_part1,Scenario,1772648920,1,0,0
9d4ijb45,232,zly79dzn,2,presurvey_part1,TimeSelection,1772648921,1,0,0
9d4ijb45,239,2279ikn0,1,presurvey_part1,Introduction,1772648925,1,0,0
9d4ijb45,235,fth5bd6k,5,presurvey_part1,Scenario,1772648932,1,0,0
9d4ijb45,235,fth5bd6k,6,Pay_phase1,Reminder,1772648935,1,0,0
9d4ijb45,233,vj1bdoo7,5,presurvey_part1,Scenario,1772648941,1,0,0
9d4ijb45,238,dnc53hbr,1,presurvey_part1,Introduction,1772648942,1,0,0
9d4ijb45,234,df4jby46,5,presurvey_part1,Scenario,1772648951,1,0,0
9d4ijb45,233,vj1bdoo7,6,Pay_phase1,Reminder,1772648955,1,0,0
9d4ijb45,239,2279ikn0,2,presurvey_part1,TimeSelection,1772648958,1,0,0
9d4ijb45,234,df4jby46,6,Pay_phase1,Reminder,1772648971,1,0,0
9d4ijb45,239,2279ikn0,3,presurvey_part1,AudioCheck,1772648972,1,0,0
9d4ijb45,232,zly79dzn,3,presurvey_part1,AudioCheck,1772648977,1,0,0
9d4ijb45,239,2279ikn0,4,presurvey_part1,NeighborhoodInstruction,1772648980,1,0,0
9d4ijb45,240,lh9kef12,0,,InitializeParticipant,1772648988,1,0,0
9d4ijb45,238,dnc53hbr,2,presurvey_part1,TimeSelection,1772648993,1,0,0
9d4ijb45,239,2279ikn0,5,presurvey_part1,Scenario,1772649004,1,0,0
9d4ijb45,240,lh9kef12,1,presurvey_part1,Introduction,1772649005,1,0,0
9d4ijb45,240,lh9kef12,2,presurvey_part1,TimeSelection,1772649011,1,0,0
9d4ijb45,240,lh9kef12,3,presurvey_part1,AudioCheck,1772649023,1,0,0
9d4ijb45,240,lh9kef12,4,presurvey_part1,NeighborhoodInstruction,1772649024,1,0,0
9d4ijb45,232,zly79dzn,4,presurvey_part1,NeighborhoodInstruction,1772649028,1,0,0
9d4ijb45,238,dnc53hbr,3,presurvey_part1,AudioCheck,1772649039,1,0,0
9d4ijb45,240,lh9kef12,5,presurvey_part1,Scenario,1772649046,1,0,0
9d4ijb45,240,lh9kef12,6,Pay_phase1,Reminder,1772649047,1,0,0
9d4ijb45,232,zly79dzn,5,presurvey_part1,Scenario,1772649069,1,0,0
9d4ijb45,238,dnc53hbr,4,presurvey_part1,NeighborhoodInstruction,1772649074,1,0,0
9d4ijb45,238,dnc53hbr,5,presurvey_part1,Scenario,1772649139,1,0,0
9d4ijb45,241,8wda8mx1,0,,InitializeParticipant,1772649215,1,0,0
9d4ijb45,242,d6vsqxzc,0,,InitializeParticipant,1772649302,1,0,0
9d4ijb45,243,eqbmlwb2,0,,InitializeParticipant,1772649313,1,0,0
9d4ijb45,244,zbkyz7v2,0,,InitializeParticipant,1772649314,1,0,0
9d4ijb45,242,d6vsqxzc,1,presurvey_part1,Introduction,1772649318,1,0,0
9d4ijb45,245,lvr6yhvj,0,,InitializeParticipant,1772649327,1,0,0
9d4ijb45,243,eqbmlwb2,1,presurvey_part1,Introduction,1772649332,1,0,0
9d4ijb45,246,vcxzaxwo,0,,InitializeParticipant,1772649363,1,0,0
9d4ijb45,247,gnsrtkqg,0,,InitializeParticipant,1772649372,1,0,0
9d4ijb45,243,eqbmlwb2,2,presurvey_part1,TimeSelection,1772649376,1,0,0
9d4ijb45,243,eqbmlwb2,3,presurvey_part1,AudioCheck,1772649388,1,0,0
9d4ijb45,247,gnsrtkqg,1,presurvey_part1,Introduction,1772649393,1,0,0
9d4ijb45,246,vcxzaxwo,1,presurvey_part1,Introduction,1772649397,1,0,0
9d4ijb45,244,zbkyz7v2,1,presurvey_part1,Introduction,1772649408,1,0,0
9d4ijb45,248,iftaa9uc,0,,InitializeParticipant,1772649409,1,0,0
9d4ijb45,247,gnsrtkqg,2,presurvey_part1,TimeSelection,1772649411,1,0,0
9d4ijb45,242,d6vsqxzc,2,presurvey_part1,TimeSelection,1772649414,1,0,0
9d4ijb45,243,eqbmlwb2,4,presurvey_part1,NeighborhoodInstruction,1772649418,1,0,0
9d4ijb45,249,2qu6295k,0,,InitializeParticipant,1772649420,1,0,0
9d4ijb45,244,zbkyz7v2,2,presurvey_part1,TimeSelection,1772649423,1,0,0
9d4ijb45,247,gnsrtkqg,3,presurvey_part1,AudioCheck,1772649424,1,0,0
9d4ijb45,242,d6vsqxzc,3,presurvey_part1,AudioCheck,1772649425,1,0,0
9d4ijb45,242,d6vsqxzc,4,presurvey_part1,NeighborhoodInstruction,1772649428,1,0,0
9d4ijb45,247,gnsrtkqg,4,presurvey_part1,NeighborhoodInstruction,1772649437,1,0,0
9d4ijb45,244,zbkyz7v2,3,presurvey_part1,AudioCheck,1772649442,1,0,0
9d4ijb45,250,aptg0gmx,0,,InitializeParticipant,1772649447,1,0,0
9d4ijb45,242,d6vsqxzc,5,presurvey_part1,Scenario,1772649451,1,0,0
9d4ijb45,242,d6vsqxzc,6,Pay_phase1,Reminder,1772649454,1,0,0
9d4ijb45,247,gnsrtkqg,5,presurvey_part1,Scenario,1772649459,1,0,0
9d4ijb45,247,gnsrtkqg,6,Pay_phase1,Reminder,1772649464,1,0,0
9d4ijb45,243,eqbmlwb2,5,presurvey_part1,Scenario,1772649476,1,0,0
9d4ijb45,243,eqbmlwb2,6,Pay_phase1,Reminder,1772649482,1,0,0
9d4ijb45,251,zjfo284z,0,,InitializeParticipant,1772649496,1,0,0
9d4ijb45,250,aptg0gmx,1,presurvey_part1,Introduction,1772649504,1,0,0
9d4ijb45,244,zbkyz7v2,4,presurvey_part1,NeighborhoodInstruction,1772649515,1,0,0
9d4ijb45,251,zjfo284z,1,presurvey_part1,Introduction,1772649531,1,0,0
9d4ijb45,250,aptg0gmx,2,presurvey_part1,TimeSelection,1772649546,1,0,0
9d4ijb45,251,zjfo284z,2,presurvey_part1,TimeSelection,1772649569,1,0,0
9d4ijb45,245,lvr6yhvj,1,presurvey_part1,Introduction,1772649574,1,0,0
9d4ijb45,250,aptg0gmx,3,presurvey_part1,AudioCheck,1772649583,1,0,0
9d4ijb45,252,wgjzrhmd,0,,InitializeParticipant,1772649592,1,0,0
9d4ijb45,252,wgjzrhmd,1,presurvey_part1,Introduction,1772649602,1,0,0
9d4ijb45,253,aqtpq1fe,0,,InitializeParticipant,1772649622,1,0,0
9d4ijb45,251,zjfo284z,3,presurvey_part1,AudioCheck,1772649624,1,0,0
9d4ijb45,245,lvr6yhvj,2,presurvey_part1,TimeSelection,1772649624,1,0,0
9d4ijb45,250,aptg0gmx,4,presurvey_part1,NeighborhoodInstruction,1772649627,1,0,0
9d4ijb45,254,j32fleyr,0,,InitializeParticipant,1772649639,1,0,0
9d4ijb45,255,3o49oysz,0,,InitializeParticipant,1772649639,1,0,0
9d4ijb45,251,zjfo284z,4,presurvey_part1,NeighborhoodInstruction,1772649651,1,0,0
9d4ijb45,253,aqtpq1fe,1,presurvey_part1,Introduction,1772649654,1,0,0
9d4ijb45,245,lvr6yhvj,3,presurvey_part1,AudioCheck,1772649655,1,0,0
9d4ijb45,255,3o49oysz,1,presurvey_part1,Introduction,1772649659,1,0,0
9d4ijb45,255,3o49oysz,2,presurvey_part1,TimeSelection,1772649685,1,0,0
9d4ijb45,251,zjfo284z,5,presurvey_part1,Scenario,1772649691,1,0,0
9d4ijb45,256,vpje0q8m,0,,InitializeParticipant,1772649707,1,0,0
9d4ijb45,254,j32fleyr,1,presurvey_part1,Introduction,1772649711,1,0,0
9d4ijb45,255,3o49oysz,3,presurvey_part1,AudioCheck,1772649712,1,0,0
9d4ijb45,257,508pi5p1,0,,InitializeParticipant,1772649729,1,0,0
9d4ijb45,256,vpje0q8m,1,presurvey_part1,Introduction,1772649751,1,0,0
9d4ijb45,255,3o49oysz,4,presurvey_part1,NeighborhoodInstruction,1772649753,1,0,0
9d4ijb45,258,x8lp5ez6,0,,InitializeParticipant,1772649760,1,0,0
9d4ijb45,254,j32fleyr,2,presurvey_part1,TimeSelection,1772649775,1,0,0
9d4ijb45,259,aq45k8ca,0,,InitializeParticipant,1772649776,1,0,0
9d4ijb45,244,zbkyz7v2,5,presurvey_part1,Scenario,1772649779,1,0,0
9d4ijb45,256,vpje0q8m,2,presurvey_part1,TimeSelection,1772649789,1,0,0
9d4ijb45,258,x8lp5ez6,1,presurvey_part1,Introduction,1772649790,1,0,0
9d4ijb45,244,zbkyz7v2,6,Pay_phase1,Reminder,1772649793,1,0,0
9d4ijb45,254,j32fleyr,3,presurvey_part1,AudioCheck,1772649796,1,0,0
9d4ijb45,255,3o49oysz,5,presurvey_part1,Scenario,1772649800,1,0,0
9d4ijb45,258,x8lp5ez6,2,presurvey_part1,TimeSelection,1772649805,1,0,0
9d4ijb45,256,vpje0q8m,3,presurvey_part1,AudioCheck,1772649807,1,0,0
9d4ijb45,255,3o49oysz,6,Pay_phase1,Reminder,1772649813,1,0,0
9d4ijb45,254,j32fleyr,4,presurvey_part1,NeighborhoodInstruction,1772649815,1,0,0
9d4ijb45,259,aq45k8ca,1,presurvey_part1,Introduction,1772649834,1,0,0
9d4ijb45,256,vpje0q8m,4,presurvey_part1,NeighborhoodInstruction,1772649834,1,0,0
9d4ijb45,260,5ku33u7e,0,,InitializeParticipant,1772649846,1,0,0
9d4ijb45,261,xtmq8agm,0,,InitializeParticipant,1772649850,1,0,0
9d4ijb45,254,j32fleyr,5,presurvey_part1,Scenario,1772649852,1,0,0
9d4ijb45,256,vpje0q8m,5,presurvey_part1,Scenario,1772649855,1,0,0
9d4ijb45,256,vpje0q8m,6,Pay_phase1,Reminder,1772649863,1,0,0
9d4ijb45,254,j32fleyr,6,Pay_phase1,Reminder,1772649870,1,0,0
9d4ijb45,258,x8lp5ez6,3,presurvey_part1,AudioCheck,1772649872,1,0,0
9d4ijb45,259,aq45k8ca,2,presurvey_part1,TimeSelection,1772649880,1,0,0
9d4ijb45,258,x8lp5ez6,4,presurvey_part1,NeighborhoodInstruction,1772649892,1,0,0
9d4ijb45,259,aq45k8ca,3,presurvey_part1,AudioCheck,1772649905,1,0,0
9d4ijb45,258,x8lp5ez6,5,presurvey_part1,Scenario,1772649916,1,0,0
9d4ijb45,258,x8lp5ez6,6,Pay_phase1,Reminder,1772649921,1,0,0
9d4ijb45,259,aq45k8ca,4,presurvey_part1,NeighborhoodInstruction,1772649930,1,0,0
9d4ijb45,245,lvr6yhvj,4,presurvey_part1,NeighborhoodInstruction,1772649938,1,0,0
9d4ijb45,259,aq45k8ca,5,presurvey_part1,Scenario,1772649967,1,0,0
9d4ijb45,245,lvr6yhvj,5,presurvey_part1,Scenario,1772649971,1,0,0
9d4ijb45,259,aq45k8ca,6,Pay_phase1,Reminder,1772649989,1,0,0
9d4ijb45,245,lvr6yhvj,6,Pay_phase1,Reminder,1772649998,1,0,0
9d4ijb45,261,xtmq8agm,1,presurvey_part1,Introduction,1772650050,1,0,0
9d4ijb45,257,508pi5p1,1,presurvey_part1,Introduction,1772650073,1,0,0
9d4ijb45,261,xtmq8agm,2,presurvey_part1,TimeSelection,1772650094,1,0,0
9d4ijb45,262,qpgilaa4,0,,InitializeParticipant,1772650132,1,0,0
9d4ijb45,261,xtmq8agm,3,presurvey_part1,AudioCheck,1772650150,1,0,0
9d4ijb45,257,508pi5p1,2,presurvey_part1,TimeSelection,1772650183,1,0,0
9d4ijb45,263,pcbbj2lo,0,,InitializeParticipant,1772650192,1,0,0
9d4ijb45,262,qpgilaa4,1,presurvey_part1,Introduction,1772650194,1,0,0
9d4ijb45,262,qpgilaa4,2,presurvey_part1,TimeSelection,1772650209,1,0,0
9d4ijb45,261,xtmq8agm,4,presurvey_part1,NeighborhoodInstruction,1772650226,1,0,0
9d4ijb45,262,qpgilaa4,3,presurvey_part1,AudioCheck,1772650231,1,0,0
9d4ijb45,262,qpgilaa4,4,presurvey_part1,NeighborhoodInstruction,1772650240,1,0,0
9d4ijb45,257,508pi5p1,3,presurvey_part1,AudioCheck,1772650240,1,0,0
9d4ijb45,262,qpgilaa4,5,presurvey_part1,Scenario,1772650262,1,0,0
9d4ijb45,262,qpgilaa4,6,Pay_phase1,Reminder,1772650266,1,0,0
9d4ijb45,257,508pi5p1,4,presurvey_part1,NeighborhoodInstruction,1772650328,1,0,0
9d4ijb45,264,b88iv41w,0,,InitializeParticipant,1772650340,1,0,0
9d4ijb45,264,b88iv41w,1,presurvey_part1,Introduction,1772650348,1,0,0
9d4ijb45,261,xtmq8agm,5,presurvey_part1,Scenario,1772650351,1,0,0
9d4ijb45,264,b88iv41w,2,presurvey_part1,TimeSelection,1772650366,1,0,0
9d4ijb45,264,b88iv41w,3,presurvey_part1,AudioCheck,1772650379,1,0,0
9d4ijb45,265,1ojmaf3i,0,,InitializeParticipant,1772650380,1,0,0
9d4ijb45,266,ccl3p619,0,,InitializeParticipant,1772650386,1,0,0
9d4ijb45,265,1ojmaf3i,1,presurvey_part1,Introduction,1772650398,1,0,0
9d4ijb45,267,h1qoegjf,0,,InitializeParticipant,1772650398,1,0,0
9d4ijb45,261,xtmq8agm,6,Pay_phase1,Reminder,1772650402,1,0,0
9d4ijb45,266,ccl3p619,1,presurvey_part1,Introduction,1772650413,1,0,0
9d4ijb45,268,aubsvza1,0,,InitializeParticipant,1772650417,1,0,0
9d4ijb45,265,1ojmaf3i,2,presurvey_part1,TimeSelection,1772650423,1,0,0
9d4ijb45,267,h1qoegjf,1,presurvey_part1,Introduction,1772650434,1,0,0
9d4ijb45,265,1ojmaf3i,3,presurvey_part1,AudioCheck,1772650442,1,0,0
9d4ijb45,267,h1qoegjf,2,presurvey_part1,TimeSelection,1772650447,1,0,0
9d4ijb45,268,aubsvza1,1,presurvey_part1,Introduction,1772650450,1,0,0
9d4ijb45,269,ut2opd82,0,,InitializeParticipant,1772650454,1,0,0
9d4ijb45,266,ccl3p619,2,presurvey_part1,TimeSelection,1772650462,1,0,0
9d4ijb45,267,h1qoegjf,3,presurvey_part1,AudioCheck,1772650465,1,0,0
9d4ijb45,257,508pi5p1,5,presurvey_part1,Scenario,1772650465,1,0,0
9d4ijb45,265,1ojmaf3i,4,presurvey_part1,NeighborhoodInstruction,1772650466,1,0,0
9d4ijb45,264,b88iv41w,4,presurvey_part1,NeighborhoodInstruction,1772650469,1,0,0
9d4ijb45,269,ut2opd82,1,presurvey_part1,Introduction,1772650470,1,0,0
9d4ijb45,266,ccl3p619,3,presurvey_part1,AudioCheck,1772650476,1,0,0
9d4ijb45,269,ut2opd82,2,presurvey_part1,TimeSelection,1772650480,1,0,0
9d4ijb45,268,aubsvza1,2,presurvey_part1,TimeSelection,1772650481,1,0,0
9d4ijb45,270,drgx2tgy,0,,InitializeParticipant,1772650485,1,0,0
9d4ijb45,267,h1qoegjf,4,presurvey_part1,NeighborhoodInstruction,1772650489,1,0,0
9d4ijb45,264,b88iv41w,5,presurvey_part1,Scenario,1772650489,1,0,0
9d4ijb45,268,aubsvza1,3,presurvey_part1,AudioCheck,1772650495,1,0,0
9d4ijb45,269,ut2opd82,3,presurvey_part1,AudioCheck,1772650496,1,0,0
9d4ijb45,266,ccl3p619,4,presurvey_part1,NeighborhoodInstruction,1772650497,1,0,0
9d4ijb45,269,ut2opd82,4,presurvey_part1,NeighborhoodInstruction,1772650499,1,0,0
9d4ijb45,268,aubsvza1,4,presurvey_part1,NeighborhoodInstruction,1772650502,1,0,0
9d4ijb45,271,4t8m80ww,0,,InitializeParticipant,1772650519,1,0,0
9d4ijb45,268,aubsvza1,5,presurvey_part1,Scenario,1772650522,1,0,0
9d4ijb45,265,1ojmaf3i,5,presurvey_part1,Scenario,1772650529,1,0,0
9d4ijb45,267,h1qoegjf,5,presurvey_part1,Scenario,1772650531,1,0,0
9d4ijb45,268,aubsvza1,6,Pay_phase1,Reminder,1772650532,1,0,0
9d4ijb45,265,1ojmaf3i,6,Pay_phase1,Reminder,1772650539,1,0,0
9d4ijb45,266,ccl3p619,5,presurvey_part1,Scenario,1772650539,1,0,0
9d4ijb45,267,h1qoegjf,6,Pay_phase1,Reminder,1772650548,1,0,0
9d4ijb45,269,ut2opd82,5,presurvey_part1,Scenario,1772650548,1,0,0
9d4ijb45,269,ut2opd82,6,Pay_phase1,Reminder,1772650551,1,0,0
9d4ijb45,271,4t8m80ww,1,presurvey_part1,Introduction,1772650555,1,0,0
9d4ijb45,272,zju2ybto,0,,InitializeParticipant,1772650557,1,0,0
9d4ijb45,272,zju2ybto,1,presurvey_part1,Introduction,1772650575,1,0,0
9d4ijb45,271,4t8m80ww,2,presurvey_part1,TimeSelection,1772650587,1,0,0
9d4ijb45,273,r32nz7ou,0,,InitializeParticipant,1772650612,1,0,0
9d4ijb45,273,r32nz7ou,1,presurvey_part1,Introduction,1772650624,1,0,0
9d4ijb45,271,4t8m80ww,3,presurvey_part1,AudioCheck,1772650625,1,0,0
9d4ijb45,274,g46otlkc,0,,InitializeParticipant,1772650644,1,0,0
9d4ijb45,273,r32nz7ou,2,presurvey_part1,TimeSelection,1772650649,1,0,0
9d4ijb45,271,4t8m80ww,4,presurvey_part1,NeighborhoodInstruction,1772650650,1,0,0
9d4ijb45,275,135o1rlg,0,,InitializeParticipant,1772650654,1,0,0
9d4ijb45,273,r32nz7ou,3,presurvey_part1,AudioCheck,1772650658,1,0,0
9d4ijb45,270,drgx2tgy,1,presurvey_part1,Introduction,1772650661,1,0,0
9d4ijb45,271,4t8m80ww,5,presurvey_part1,Scenario,1772650678,1,0,0
9d4ijb45,275,135o1rlg,1,presurvey_part1,Introduction,1772650683,1,0,0
9d4ijb45,271,4t8m80ww,6,Pay_phase1,Reminder,1772650688,1,0,0
9d4ijb45,276,veiceg73,0,,InitializeParticipant,1772650688,1,0,0
9d4ijb45,273,r32nz7ou,4,presurvey_part1,NeighborhoodInstruction,1772650691,1,0,0
9d4ijb45,274,g46otlkc,1,presurvey_part1,Introduction,1772650693,1,0,0
9d4ijb45,277,qy9o3yze,0,,InitializeParticipant,1772650694,1,0,0
9d4ijb45,275,135o1rlg,2,presurvey_part1,TimeSelection,1772650721,1,0,0
9d4ijb45,274,g46otlkc,2,presurvey_part1,TimeSelection,1772650723,1,0,0
9d4ijb45,273,r32nz7ou,5,presurvey_part1,Scenario,1772650725,1,0,0
9d4ijb45,273,r32nz7ou,6,Pay_phase1,Reminder,1772650730,1,0,0
9d4ijb45,270,drgx2tgy,2,presurvey_part1,TimeSelection,1772650733,1,0,0
9d4ijb45,277,qy9o3yze,1,presurvey_part1,Introduction,1772650734,1,0,0
9d4ijb45,275,135o1rlg,3,presurvey_part1,AudioCheck,1772650751,1,0,0
9d4ijb45,274,g46otlkc,3,presurvey_part1,AudioCheck,1772650755,1,0,0
9d4ijb45,274,g46otlkc,4,presurvey_part1,NeighborhoodInstruction,1772650767,1,0,0
9d4ijb45,277,qy9o3yze,2,presurvey_part1,TimeSelection,1772650767,1,0,0
9d4ijb45,278,26mdcemu,0,,InitializeParticipant,1772650779,1,0,0
9d4ijb45,279,0e9w9g16,0,,InitializeParticipant,1772650782,1,0,0
9d4ijb45,275,135o1rlg,4,presurvey_part1,NeighborhoodInstruction,1772650786,1,0,0
9d4ijb45,274,g46otlkc,5,presurvey_part1,Scenario,1772650795,1,0,0
9d4ijb45,280,5z279tn0,0,,InitializeParticipant,1772650797,1,0,0
9d4ijb45,279,0e9w9g16,1,presurvey_part1,Introduction,1772650797,1,0,0
9d4ijb45,277,qy9o3yze,3,presurvey_part1,AudioCheck,1772650801,1,0,0
9d4ijb45,274,g46otlkc,6,Pay_phase1,Reminder,1772650804,1,0,0
9d4ijb45,270,drgx2tgy,3,presurvey_part1,AudioCheck,1772650807,1,0,0
9d4ijb45,281,nazs07ps,0,,InitializeParticipant,1772650811,1,0,0
9d4ijb45,276,veiceg73,1,presurvey_part1,Introduction,1772650813,1,0,0
9d4ijb45,279,0e9w9g16,2,presurvey_part1,TimeSelection,1772650815,1,0,0
9d4ijb45,278,26mdcemu,1,presurvey_part1,Introduction,1772650821,1,0,0
9d4ijb45,279,0e9w9g16,3,presurvey_part1,AudioCheck,1772650827,1,0,0
9d4ijb45,282,z3qfh7vu,0,,InitializeParticipant,1772650833,1,0,0
9d4ijb45,279,0e9w9g16,4,presurvey_part1,NeighborhoodInstruction,1772650837,1,0,0
9d4ijb45,278,26mdcemu,2,presurvey_part1,TimeSelection,1772650840,1,0,0
9d4ijb45,275,135o1rlg,5,presurvey_part1,Scenario,1772650852,1,0,0
9d4ijb45,277,qy9o3yze,4,presurvey_part1,NeighborhoodInstruction,1772650861,1,0,0
9d4ijb45,270,drgx2tgy,4,presurvey_part1,NeighborhoodInstruction,1772650867,1,0,0
9d4ijb45,279,0e9w9g16,5,presurvey_part1,Scenario,1772650868,1,0,0
9d4ijb45,279,0e9w9g16,6,Pay_phase1,Reminder,1772650873,1,0,0
9d4ijb45,278,26mdcemu,3,presurvey_part1,AudioCheck,1772650887,1,0,0
9d4ijb45,277,qy9o3yze,5,presurvey_part1,Scenario,1772650902,1,0,0
9d4ijb45,277,qy9o3yze,6,Pay_phase1,Reminder,1772650918,1,0,0
9d4ijb45,281,nazs07ps,1,presurvey_part1,Introduction,1772650924,1,0,0
9d4ijb45,278,26mdcemu,4,presurvey_part1,NeighborhoodInstruction,1772650936,1,0,0
9d4ijb45,276,veiceg73,2,presurvey_part1,TimeSelection,1772650939,1,0,0
9d4ijb45,276,veiceg73,3,presurvey_part1,AudioCheck,1772650963,1,0,0
9d4ijb45,270,drgx2tgy,5,presurvey_part1,Scenario,1772650969,1,0,0
9d4ijb45,278,26mdcemu,5,presurvey_part1,Scenario,1772650969,1,0,0
9d4ijb45,276,veiceg73,4,presurvey_part1,NeighborhoodInstruction,1772650977,1,0,0
9d4ijb45,281,nazs07ps,2,presurvey_part1,TimeSelection,1772650994,1,0,0
9d4ijb45,281,nazs07ps,3,presurvey_part1,AudioCheck,1772651019,1,0,0
9d4ijb45,276,veiceg73,5,presurvey_part1,Scenario,1772651020,1,0,0
9d4ijb45,283,h3r8gmva,0,,InitializeParticipant,1772651031,1,0,0
9d4ijb45,281,nazs07ps,4,presurvey_part1,NeighborhoodInstruction,1772651041,1,0,0
9d4ijb45,283,h3r8gmva,1,presurvey_part1,Introduction,1772651056,1,0,0
9d4ijb45,276,veiceg73,6,Pay_phase1,Reminder,1772651071,1,0,0
9d4ijb45,281,nazs07ps,5,presurvey_part1,Scenario,1772651078,1,0,0
9d4ijb45,284,qhg1lkzf,0,,InitializeParticipant,1772651217,1,0,0
9d4ijb45,284,qhg1lkzf,1,presurvey_part1,Introduction,1772651230,1,0,0
9d4ijb45,284,qhg1lkzf,2,presurvey_part1,TimeSelection,1772651248,1,0,0
9d4ijb45,284,qhg1lkzf,3,presurvey_part1,AudioCheck,1772651264,1,0,0
9d4ijb45,285,w1ji08l4,0,,InitializeParticipant,1772651298,1,0,0
9d4ijb45,284,qhg1lkzf,4,presurvey_part1,NeighborhoodInstruction,1772651303,1,0,0
9d4ijb45,285,w1ji08l4,1,presurvey_part1,Introduction,1772651309,1,0,0
9d4ijb45,286,9gw1gzw4,0,,InitializeParticipant,1772651314,1,0,0
9d4ijb45,287,ntzuadz7,0,,InitializeParticipant,1772651333,1,0,0
9d4ijb45,284,qhg1lkzf,5,presurvey_part1,Scenario,1772651334,1,0,0
9d4ijb45,288,dqdnqs3a,0,,InitializeParticipant,1772651339,1,0,0
9d4ijb45,284,qhg1lkzf,6,Pay_phase1,Reminder,1772651342,1,0,0
9d4ijb45,289,53j6vslo,0,,InitializeParticipant,1772651343,1,0,0
9d4ijb45,288,dqdnqs3a,1,presurvey_part1,Introduction,1772651345,1,0,0
9d4ijb45,289,53j6vslo,1,presurvey_part1,Introduction,1772651357,1,0,0
9d4ijb45,290,4uqkmufl,0,,InitializeParticipant,1772651364,1,0,0
9d4ijb45,288,dqdnqs3a,2,presurvey_part1,TimeSelection,1772651369,1,0,0
9d4ijb45,289,53j6vslo,2,presurvey_part1,TimeSelection,1772651372,1,0,0
9d4ijb45,291,dcgfcecm,0,,InitializeParticipant,1772651374,1,0,0
9d4ijb45,290,4uqkmufl,1,presurvey_part1,Introduction,1772651376,1,0,0
9d4ijb45,289,53j6vslo,3,presurvey_part1,AudioCheck,1772651391,1,0,0
9d4ijb45,286,9gw1gzw4,1,presurvey_part1,Introduction,1772651393,1,0,0
9d4ijb45,288,dqdnqs3a,3,presurvey_part1,AudioCheck,1772651393,1,0,0
9d4ijb45,289,53j6vslo,4,presurvey_part1,NeighborhoodInstruction,1772651398,1,0,0
9d4ijb45,290,4uqkmufl,2,presurvey_part1,TimeSelection,1772651400,1,0,0
9d4ijb45,288,dqdnqs3a,4,presurvey_part1,NeighborhoodInstruction,1772651411,1,0,0
9d4ijb45,286,9gw1gzw4,2,presurvey_part1,TimeSelection,1772651419,1,0,0
9d4ijb45,290,4uqkmufl,3,presurvey_part1,AudioCheck,1772651419,1,0,0
9d4ijb45,289,53j6vslo,5,presurvey_part1,Scenario,1772651420,1,0,0
9d4ijb45,292,oqjsl73j,0,,InitializeParticipant,1772651426,1,0,0
9d4ijb45,290,4uqkmufl,4,presurvey_part1,NeighborhoodInstruction,1772651433,1,0,0
9d4ijb45,286,9gw1gzw4,3,presurvey_part1,AudioCheck,1772651438,1,0,0
9d4ijb45,288,dqdnqs3a,5,presurvey_part1,Scenario,1772651445,1,0,0
9d4ijb45,287,ntzuadz7,1,presurvey_part1,Introduction,1772651459,1,0,0
9d4ijb45,286,9gw1gzw4,4,presurvey_part1,NeighborhoodInstruction,1772651462,1,0,0
9d4ijb45,290,4uqkmufl,5,presurvey_part1,Scenario,1772651463,1,0,0
9d4ijb45,291,dcgfcecm,1,presurvey_part1,Introduction,1772651464,1,0,0
9d4ijb45,290,4uqkmufl,6,Pay_phase1,Reminder,1772651470,1,0,0
9d4ijb45,291,dcgfcecm,2,presurvey_part1,TimeSelection,1772651491,1,0,0
9d4ijb45,286,9gw1gzw4,5,presurvey_part1,Scenario,1772651495,1,0,0
9d4ijb45,293,9bf99s2m,0,,InitializeParticipant,1772651498,1,0,0
9d4ijb45,294,yexxp2cs,0,,InitializeParticipant,1772651505,1,0,0
9d4ijb45,295,0a2kb2cu,0,,InitializeParticipant,1772651508,1,0,0
9d4ijb45,295,0a2kb2cu,1,presurvey_part1,Introduction,1772651516,1,0,0
9d4ijb45,296,8m9teiaz,0,,InitializeParticipant,1772651520,1,0,0
9d4ijb45,297,wf9yw7gr,0,,InitializeParticipant,1772651526,1,0,0
9d4ijb45,298,mqhetzl3,0,,InitializeParticipant,1772651531,1,0,0
9d4ijb45,295,0a2kb2cu,2,presurvey_part1,TimeSelection,1772651532,1,0,0
9d4ijb45,298,mqhetzl3,1,presurvey_part1,Introduction,1772651541,1,0,0
9d4ijb45,296,8m9teiaz,1,presurvey_part1,Introduction,1772651550,1,0,0
9d4ijb45,291,dcgfcecm,3,presurvey_part1,AudioCheck,1772651550,1,0,0
9d4ijb45,293,9bf99s2m,1,presurvey_part1,Introduction,1772651551,1,0,0
9d4ijb45,298,mqhetzl3,2,presurvey_part1,TimeSelection,1772651552,1,0,0
9d4ijb45,295,0a2kb2cu,3,presurvey_part1,AudioCheck,1772651554,1,0,0
9d4ijb45,287,ntzuadz7,2,presurvey_part1,TimeSelection,1772651563,1,0,0
9d4ijb45,295,0a2kb2cu,4,presurvey_part1,NeighborhoodInstruction,1772651569,1,0,0
9d4ijb45,293,9bf99s2m,2,presurvey_part1,TimeSelection,1772651570,1,0,0
9d4ijb45,298,mqhetzl3,3,presurvey_part1,AudioCheck,1772651572,1,0,0
9d4ijb45,296,8m9teiaz,2,presurvey_part1,TimeSelection,1772651576,1,0,0
9d4ijb45,295,0a2kb2cu,5,presurvey_part1,Scenario,1772651586,1,0,0
9d4ijb45,298,mqhetzl3,4,presurvey_part1,NeighborhoodInstruction,1772651589,1,0,0
9d4ijb45,297,wf9yw7gr,1,presurvey_part1,Introduction,1772651596,1,0,0
9d4ijb45,293,9bf99s2m,3,presurvey_part1,AudioCheck,1772651603,1,0,0
9d4ijb45,287,ntzuadz7,3,presurvey_part1,AudioCheck,1772651605,1,0,0
9d4ijb45,299,en84ajqh,0,,InitializeParticipant,1772651608,1,0,0
9d4ijb45,298,mqhetzl3,5,presurvey_part1,Scenario,1772651614,1,0,0
9d4ijb45,299,en84ajqh,1,presurvey_part1,Introduction,1772651614,1,0,0
9d4ijb45,287,ntzuadz7,4,presurvey_part1,NeighborhoodInstruction,1772651617,1,0,0
9d4ijb45,296,8m9teiaz,3,presurvey_part1,AudioCheck,1772651617,1,0,0
9d4ijb45,293,9bf99s2m,4,presurvey_part1,NeighborhoodInstruction,1772651629,1,0,0
9d4ijb45,291,dcgfcecm,4,presurvey_part1,NeighborhoodInstruction,1772651634,1,0,0
9d4ijb45,299,en84ajqh,2,presurvey_part1,TimeSelection,1772651651,1,0,0
9d4ijb45,300,jnbuhdw7,0,,InitializeParticipant,1772651651,1,0,0
9d4ijb45,296,8m9teiaz,4,presurvey_part1,NeighborhoodInstruction,1772651651,1,0,0
9d4ijb45,293,9bf99s2m,5,presurvey_part1,Scenario,1772651662,1,0,0
9d4ijb45,299,en84ajqh,3,presurvey_part1,AudioCheck,1772651663,1,0,0
9d4ijb45,300,jnbuhdw7,1,presurvey_part1,Introduction,1772651665,1,0,0
9d4ijb45,287,ntzuadz7,5,presurvey_part1,Scenario,1772651669,1,0,0
9d4ijb45,299,en84ajqh,4,presurvey_part1,NeighborhoodInstruction,1772651674,1,0,0
9d4ijb45,291,dcgfcecm,5,presurvey_part1,Scenario,1772651678,1,0,0
9d4ijb45,301,0kdeuig5,0,,InitializeParticipant,1772651685,1,0,0
9d4ijb45,300,jnbuhdw7,2,presurvey_part1,TimeSelection,1772651688,1,0,0
9d4ijb45,299,en84ajqh,5,presurvey_part1,Scenario,1772651697,1,0,0
9d4ijb45,300,jnbuhdw7,3,presurvey_part1,AudioCheck,1772651699,1,0,0
9d4ijb45,296,8m9teiaz,5,presurvey_part1,Scenario,1772651699,1,0,0
9d4ijb45,299,en84ajqh,6,Pay_phase1,Reminder,1772651700,1,0,0
9d4ijb45,291,dcgfcecm,6,Pay_phase1,Reminder,1772651702,1,0,0
9d4ijb45,300,jnbuhdw7,4,presurvey_part1,NeighborhoodInstruction,1772651713,1,0,0
9d4ijb45,302,uqfa3wnf,0,,InitializeParticipant,1772651718,1,0,0
9d4ijb45,301,0kdeuig5,1,presurvey_part1,Introduction,1772651730,1,0,0
9d4ijb45,300,jnbuhdw7,5,presurvey_part1,Scenario,1772651734,1,0,0
9d4ijb45,302,uqfa3wnf,1,presurvey_part1,Introduction,1772651738,1,0,0
9d4ijb45,301,0kdeuig5,2,presurvey_part1,TimeSelection,1772651795,1,0,0
9d4ijb45,303,0g6977j0,0,,InitializeParticipant,1772651819,1,0,0
9d4ijb45,301,0kdeuig5,3,presurvey_part1,AudioCheck,1772651831,1,0,0
9d4ijb45,301,0kdeuig5,4,presurvey_part1,NeighborhoodInstruction,1772651856,1,0,0
9d4ijb45,301,0kdeuig5,5,presurvey_part1,Scenario,1772651891,1,0,0
9d4ijb45,304,axpyc2sb,0,,InitializeParticipant,1772651891,1,0,0
9d4ijb45,301,0kdeuig5,6,Pay_phase1,Reminder,1772651896,1,0,0
9d4ijb45,305,qt1zh1ta,0,,InitializeParticipant,1772651897,1,0,0
9d4ijb45,303,0g6977j0,1,presurvey_part1,Introduction,1772651901,1,0,0
9d4ijb45,303,0g6977j0,2,presurvey_part1,TimeSelection,1772651910,1,0,0
9d4ijb45,305,qt1zh1ta,1,presurvey_part1,Introduction,1772651915,1,0,0
9d4ijb45,306,14ocawg9,0,,InitializeParticipant,1772651924,1,0,0
9d4ijb45,303,0g6977j0,3,presurvey_part1,AudioCheck,1772651935,1,0,0
9d4ijb45,306,14ocawg9,1,presurvey_part1,Introduction,1772651951,1,0,0
9d4ijb45,303,0g6977j0,4,presurvey_part1,NeighborhoodInstruction,1772651954,1,0,0
9d4ijb45,304,axpyc2sb,1,presurvey_part1,Introduction,1772651972,1,0,0
9d4ijb45,303,0g6977j0,5,presurvey_part1,Scenario,1772651983,1,0,0
9d4ijb45,306,14ocawg9,2,presurvey_part1,TimeSelection,1772651984,1,0,0
9d4ijb45,303,0g6977j0,6,Pay_phase1,Reminder,1772651994,1,0,0
9d4ijb45,304,axpyc2sb,2,presurvey_part1,TimeSelection,1772652017,1,0,0
9d4ijb45,307,ov7x3cb1,0,,InitializeParticipant,1772652022,1,0,0
9d4ijb45,308,e3vpzrwq,0,,InitializeParticipant,1772652030,1,0,0
9d4ijb45,304,axpyc2sb,3,presurvey_part1,AudioCheck,1772652065,1,0,0
9d4ijb45,304,axpyc2sb,4,presurvey_part1,NeighborhoodInstruction,1772652075,1,0,0
9d4ijb45,308,e3vpzrwq,1,presurvey_part1,Introduction,1772652081,1,0,0
9d4ijb45,304,axpyc2sb,5,presurvey_part1,Scenario,1772652098,1,0,0
9d4ijb45,309,p8g50keh,0,,InitializeParticipant,1772652100,1,0,0
9d4ijb45,310,aouqtm4x,0,,InitializeParticipant,1772652110,1,0,0
9d4ijb45,304,axpyc2sb,6,Pay_phase1,Reminder,1772652134,1,0,0
9d4ijb45,311,zhavm0kw,0,,InitializeParticipant,1772652138,1,0,0
9d4ijb45,312,zamahkg9,0,,InitializeParticipant,1772652142,1,0,0
9d4ijb45,310,aouqtm4x,1,presurvey_part1,Introduction,1772652142,1,0,0
9d4ijb45,307,ov7x3cb1,1,presurvey_part1,Introduction,1772652146,1,0,0
9d4ijb45,311,zhavm0kw,1,presurvey_part1,Introduction,1772652172,1,0,0
9d4ijb45,306,14ocawg9,3,presurvey_part1,AudioCheck,1772652175,1,0,0
9d4ijb45,311,zhavm0kw,2,presurvey_part1,TimeSelection,1772652178,1,0,0
9d4ijb45,313,szflzln8,0,,InitializeParticipant,1772652186,1,0,0
9d4ijb45,311,zhavm0kw,3,presurvey_part1,AudioCheck,1772652198,1,0,0
9d4ijb45,311,zhavm0kw,4,presurvey_part1,NeighborhoodInstruction,1772652213,1,0,0
9d4ijb45,306,14ocawg9,4,presurvey_part1,NeighborhoodInstruction,1772652218,1,0,0
9d4ijb45,311,zhavm0kw,5,presurvey_part1,Scenario,1772652236,1,0,0
9d4ijb45,311,zhavm0kw,6,Pay_phase1,Reminder,1772652239,1,0,0
9d4ijb45,306,14ocawg9,5,presurvey_part1,Scenario,1772652253,1,0,0
9d4ijb45,314,8kuf2ua2,0,,InitializeParticipant,1772652253,1,0,0
9d4ijb45,312,zamahkg9,1,presurvey_part1,Introduction,1772652257,1,0,0
9d4ijb45,314,8kuf2ua2,1,presurvey_part1,Introduction,1772652264,1,0,0
9d4ijb45,307,ov7x3cb1,2,presurvey_part1,TimeSelection,1772652266,1,0,0
9d4ijb45,312,zamahkg9,2,presurvey_part1,TimeSelection,1772652273,1,0,0
9d4ijb45,314,8kuf2ua2,2,presurvey_part1,TimeSelection,1772652282,1,0,0
9d4ijb45,314,8kuf2ua2,3,presurvey_part1,AudioCheck,1772652293,1,0,0
9d4ijb45,308,e3vpzrwq,2,presurvey_part1,TimeSelection,1772652297,1,0,0
9d4ijb45,314,8kuf2ua2,4,presurvey_part1,NeighborhoodInstruction,1772652308,1,0,0
9d4ijb45,312,zamahkg9,3,presurvey_part1,AudioCheck,1772652313,1,0,0
9d4ijb45,315,pt0q0q1p,0,,InitializeParticipant,1772652323,1,0,0
9d4ijb45,314,8kuf2ua2,5,presurvey_part1,Scenario,1772652328,1,0,0
9d4ijb45,307,ov7x3cb1,3,presurvey_part1,AudioCheck,1772652353,1,0,0
9d4ijb45,315,pt0q0q1p,1,presurvey_part1,Introduction,1772652359,1,0,0
9d4ijb45,316,zgo8lipq,0,,InitializeParticipant,1772652370,1,0,0
9d4ijb45,316,zgo8lipq,1,presurvey_part1,Introduction,1772652381,1,0,0
9d4ijb45,307,ov7x3cb1,4,presurvey_part1,NeighborhoodInstruction,1772652393,1,0,0
9d4ijb45,315,pt0q0q1p,2,presurvey_part1,TimeSelection,1772652395,1,0,0
9d4ijb45,317,tweozfyt,0,,InitializeParticipant,1772652397,1,0,0
9d4ijb45,317,tweozfyt,1,presurvey_part1,Introduction,1772652407,1,0,0
9d4ijb45,316,zgo8lipq,2,presurvey_part1,TimeSelection,1772652411,1,0,0
9d4ijb45,315,pt0q0q1p,3,presurvey_part1,AudioCheck,1772652417,1,0,0
9d4ijb45,308,e3vpzrwq,3,presurvey_part1,AudioCheck,1772652423,1,0,0
9d4ijb45,316,zgo8lipq,3,presurvey_part1,AudioCheck,1772652423,1,0,0
9d4ijb45,312,zamahkg9,4,presurvey_part1,NeighborhoodInstruction,1772652429,1,0,0
9d4ijb45,317,tweozfyt,2,presurvey_part1,TimeSelection,1772652431,1,0,0
9d4ijb45,315,pt0q0q1p,4,presurvey_part1,NeighborhoodInstruction,1772652431,1,0,0
9d4ijb45,316,zgo8lipq,4,presurvey_part1,NeighborhoodInstruction,1772652431,1,0,0
9d4ijb45,318,1nws9w3t,0,,InitializeParticipant,1772652443,1,0,0
9d4ijb45,312,zamahkg9,5,presurvey_part1,Scenario,1772652455,1,0,0
9d4ijb45,317,tweozfyt,3,presurvey_part1,AudioCheck,1772652457,1,0,0
9d4ijb45,308,e3vpzrwq,4,presurvey_part1,NeighborhoodInstruction,1772652457,1,0,0
9d4ijb45,317,tweozfyt,4,presurvey_part1,NeighborhoodInstruction,1772652462,1,0,0
9d4ijb45,316,zgo8lipq,5,presurvey_part1,Scenario,1772652462,1,0,0
9d4ijb45,316,zgo8lipq,6,Pay_phase1,Reminder,1772652466,1,0,0
9d4ijb45,315,pt0q0q1p,5,presurvey_part1,Scenario,1772652466,1,0,0
9d4ijb45,317,tweozfyt,5,presurvey_part1,Scenario,1772652472,1,0,0
9d4ijb45,317,tweozfyt,6,Pay_phase1,Reminder,1772652476,1,0,0
9d4ijb45,315,pt0q0q1p,6,Pay_phase1,Reminder,1772652479,1,0,0
9d4ijb45,319,g5xzep01,0,,InitializeParticipant,1772652483,1,0,0
9d4ijb45,320,47y37sw6,0,,InitializeParticipant,1772652497,1,0,0
9d4ijb45,320,47y37sw6,1,presurvey_part1,Introduction,1772652521,1,0,0
9d4ijb45,307,ov7x3cb1,5,presurvey_part1,Scenario,1772652530,1,0,0
9d4ijb45,320,47y37sw6,2,presurvey_part1,TimeSelection,1772652540,1,0,0
9d4ijb45,318,1nws9w3t,1,presurvey_part1,Introduction,1772652574,1,0,0
9d4ijb45,320,47y37sw6,3,presurvey_part1,AudioCheck,1772652578,1,0,0
9d4ijb45,318,1nws9w3t,2,presurvey_part1,TimeSelection,1772652586,1,0,0
9d4ijb45,321,ethck4q1,0,,InitializeParticipant,1772652591,1,0,0
9d4ijb45,320,47y37sw6,4,presurvey_part1,NeighborhoodInstruction,1772652598,1,0,0
9d4ijb45,322,h6t4g9fc,0,,InitializeParticipant,1772652602,1,0,0
9d4ijb45,318,1nws9w3t,3,presurvey_part1,AudioCheck,1772652611,1,0,0
9d4ijb45,321,ethck4q1,1,presurvey_part1,Introduction,1772652620,1,0,0
9d4ijb45,312,zamahkg9,6,Pay_phase1,Reminder,1772652625,1,0,0
9d4ijb45,320,47y37sw6,5,presurvey_part1,Scenario,1772652627,1,0,0
9d4ijb45,320,47y37sw6,6,Pay_phase1,Reminder,1772652632,1,0,0
9d4ijb45,308,e3vpzrwq,5,presurvey_part1,Scenario,1772652648,1,0,0
9d4ijb45,322,h6t4g9fc,1,presurvey_part1,Introduction,1772652653,1,0,0
9d4ijb45,318,1nws9w3t,4,presurvey_part1,NeighborhoodInstruction,1772652655,1,0,0
9d4ijb45,322,h6t4g9fc,2,presurvey_part1,TimeSelection,1772652678,1,0,0
9d4ijb45,318,1nws9w3t,5,presurvey_part1,Scenario,1772652692,1,0,0
9d4ijb45,323,slkfwmrq,0,,InitializeParticipant,1772652748,1,0,0
9d4ijb45,324,j08l293k,0,,InitializeParticipant,1772652766,1,0,0
9d4ijb45,324,j08l293k,1,presurvey_part1,Introduction,1772652783,1,0,0
9d4ijb45,324,j08l293k,2,presurvey_part1,TimeSelection,1772652801,1,0,0
9d4ijb45,325,p6juoqlu,0,,InitializeParticipant,1772652805,1,0,0
9d4ijb45,324,j08l293k,3,presurvey_part1,AudioCheck,1772652812,1,0,0
9d4ijb45,324,j08l293k,4,presurvey_part1,NeighborhoodInstruction,1772652823,1,0,0
9d4ijb45,324,j08l293k,5,presurvey_part1,Scenario,1772652843,1,0,0
9d4ijb45,324,j08l293k,6,Pay_phase1,Reminder,1772652857,1,0,0
9d4ijb45,325,p6juoqlu,1,presurvey_part1,Introduction,1772652922,1,0,0
9d4ijb45,321,ethck4q1,2,presurvey_part1,TimeSelection,1772652935,1,0,0
9d4ijb45,326,6o9h4dsl,0,,InitializeParticipant,1772652938,1,0,0
9d4ijb45,326,6o9h4dsl,1,presurvey_part1,Introduction,1772652953,1,0,0
9d4ijb45,327,8pe1io8w,0,,InitializeParticipant,1772652968,1,0,0
9d4ijb45,326,6o9h4dsl,2,presurvey_part1,TimeSelection,1772652988,1,0,0
9d4ijb45,327,8pe1io8w,1,presurvey_part1,Introduction,1772652994,1,0,0
9d4ijb45,328,ba2nirsk,0,,InitializeParticipant,1772653005,1,0,0
9d4ijb45,328,ba2nirsk,1,presurvey_part1,Introduction,1772653028,1,0,0
9d4ijb45,328,ba2nirsk,2,presurvey_part1,TimeSelection,1772653066,1,0,0
9d4ijb45,329,ikw2gmuo,0,,InitializeParticipant,1772653067,1,0,0
9d4ijb45,330,fkyj55er,0,,InitializeParticipant,1772653068,1,0,0
9d4ijb45,328,ba2nirsk,3,presurvey_part1,AudioCheck,1772653081,1,0,0
9d4ijb45,329,ikw2gmuo,1,presurvey_part1,Introduction,1772653093,1,0,0
9d4ijb45,328,ba2nirsk,4,presurvey_part1,NeighborhoodInstruction,1772653094,1,0,0
9d4ijb45,329,ikw2gmuo,2,presurvey_part1,TimeSelection,1772653107,1,0,0
9d4ijb45,330,fkyj55er,1,presurvey_part1,Introduction,1772653110,1,0,0
9d4ijb45,328,ba2nirsk,5,presurvey_part1,Scenario,1772653114,1,0,0
9d4ijb45,329,ikw2gmuo,3,presurvey_part1,AudioCheck,1772653125,1,0,0
9d4ijb45,329,ikw2gmuo,4,presurvey_part1,NeighborhoodInstruction,1772653147,1,0,0
9d4ijb45,329,ikw2gmuo,5,presurvey_part1,Scenario,1772653177,1,0,0
9d4ijb45,329,ikw2gmuo,6,Pay_phase1,Reminder,1772653179,1,0,0
9d4ijb45,331,byb14730,0,,InitializeParticipant,1772653225,1,0,0
9d4ijb45,332,x18qr2sv,0,,InitializeParticipant,1772653240,1,0,0
9d4ijb45,331,byb14730,1,presurvey_part1,Introduction,1772653250,1,0,0
9d4ijb45,331,byb14730,2,presurvey_part1,TimeSelection,1772653275,1,0,0
9d4ijb45,327,8pe1io8w,2,presurvey_part1,TimeSelection,1772653275,1,0,0
9d4ijb45,333,bm5iq5qc,0,,InitializeParticipant,1772653285,1,0,0
9d4ijb45,332,x18qr2sv,1,presurvey_part1,Introduction,1772653287,1,0,0
9d4ijb45,331,byb14730,3,presurvey_part1,AudioCheck,1772653292,1,0,0
9d4ijb45,332,x18qr2sv,2,presurvey_part1,TimeSelection,1772653313,1,0,0
9d4ijb45,331,byb14730,4,presurvey_part1,NeighborhoodInstruction,1772653318,1,0,0
9d4ijb45,334,iz5gyc64,0,,InitializeParticipant,1772653341,1,0,0
9d4ijb45,327,8pe1io8w,3,presurvey_part1,AudioCheck,1772653356,1,0,0
9d4ijb45,332,x18qr2sv,3,presurvey_part1,AudioCheck,1772653370,1,0,0
9d4ijb45,331,byb14730,5,presurvey_part1,Scenario,1772653383,1,0,0
9d4ijb45,327,8pe1io8w,4,presurvey_part1,NeighborhoodInstruction,1772653384,1,0,0
9d4ijb45,335,h4hnura5,0,,InitializeParticipant,1772653384,1,0,0
9d4ijb45,334,iz5gyc64,1,presurvey_part1,Introduction,1772653392,1,0,0
9d4ijb45,331,byb14730,6,Pay_phase1,Reminder,1772653394,1,0,0
9d4ijb45,335,h4hnura5,1,presurvey_part1,Introduction,1772653408,1,0,0
9d4ijb45,334,iz5gyc64,2,presurvey_part1,TimeSelection,1772653439,1,0,0
9d4ijb45,327,8pe1io8w,5,presurvey_part1,Scenario,1772653461,1,0,0
9d4ijb45,336,4o3a6fmi,0,,InitializeParticipant,1772653477,1,0,0
9d4ijb45,336,4o3a6fmi,1,presurvey_part1,Introduction,1772653492,1,0,0
9d4ijb45,334,iz5gyc64,3,presurvey_part1,AudioCheck,1772653508,1,0,0
9d4ijb45,337,smr7mrxd,0,,InitializeParticipant,1772653523,1,0,0
9d4ijb45,336,4o3a6fmi,2,presurvey_part1,TimeSelection,1772653524,1,0,0
9d4ijb45,334,iz5gyc64,4,presurvey_part1,NeighborhoodInstruction,1772653535,1,0,0
9d4ijb45,336,4o3a6fmi,3,presurvey_part1,AudioCheck,1772653542,1,0,0
9d4ijb45,338,pwge00su,0,,InitializeParticipant,1772653542,1,0,0
9d4ijb45,336,4o3a6fmi,4,presurvey_part1,NeighborhoodInstruction,1772653559,1,0,0
9d4ijb45,338,pwge00su,1,presurvey_part1,Introduction,1772653567,1,0,0
9d4ijb45,334,iz5gyc64,5,presurvey_part1,Scenario,1772653569,1,0,0
9d4ijb45,339,n0rxcnfb,0,,InitializeParticipant,1772653576,1,0,0
9d4ijb45,336,4o3a6fmi,5,presurvey_part1,Scenario,1772653587,1,0,0
9d4ijb45,336,4o3a6fmi,6,Pay_phase1,Reminder,1772653590,1,0,0
9d4ijb45,338,pwge00su,2,presurvey_part1,TimeSelection,1772653591,1,0,0
9d4ijb45,339,n0rxcnfb,1,presurvey_part1,Introduction,1772653608,1,0,0
9d4ijb45,340,5d2zn6tc,0,,InitializeParticipant,1772653610,1,0,0
9d4ijb45,338,pwge00su,3,presurvey_part1,AudioCheck,1772653611,1,0,0
9d4ijb45,334,iz5gyc64,6,Pay_phase1,Reminder,1772653622,1,0,0
9d4ijb45,340,5d2zn6tc,1,presurvey_part1,Introduction,1772653628,1,0,0
9d4ijb45,341,cmh83ezm,0,,InitializeParticipant,1772653631,1,0,0
9d4ijb45,342,5jujy9ra,0,,InitializeParticipant,1772653633,1,0,0
9d4ijb45,338,pwge00su,4,presurvey_part1,NeighborhoodInstruction,1772653636,1,0,0
9d4ijb45,339,n0rxcnfb,2,presurvey_part1,TimeSelection,1772653637,1,0,0
9d4ijb45,321,ethck4q1,3,presurvey_part1,AudioCheck,1772653640,1,0,0
9d4ijb45,340,5d2zn6tc,2,presurvey_part1,TimeSelection,1772653650,1,0,0
9d4ijb45,342,5jujy9ra,1,presurvey_part1,Introduction,1772653654,1,0,0
9d4ijb45,341,cmh83ezm,1,presurvey_part1,Introduction,1772653658,1,0,0
9d4ijb45,339,n0rxcnfb,3,presurvey_part1,AudioCheck,1772653670,1,0,0
9d4ijb45,340,5d2zn6tc,3,presurvey_part1,AudioCheck,1772653673,1,0,0
9d4ijb45,321,ethck4q1,4,presurvey_part1,NeighborhoodInstruction,1772653677,1,0,0
9d4ijb45,341,cmh83ezm,2,presurvey_part1,TimeSelection,1772653680,1,0,0
9d4ijb45,338,pwge00su,5,presurvey_part1,Scenario,1772653684,1,0,0
9d4ijb45,338,pwge00su,6,Pay_phase1,Reminder,1772653690,1,0,0
9d4ijb45,342,5jujy9ra,2,presurvey_part1,TimeSelection,1772653690,1,0,0
9d4ijb45,339,n0rxcnfb,4,presurvey_part1,NeighborhoodInstruction,1772653691,1,0,0
9d4ijb45,341,cmh83ezm,3,presurvey_part1,AudioCheck,1772653691,1,0,0
9d4ijb45,340,5d2zn6tc,4,presurvey_part1,NeighborhoodInstruction,1772653698,1,0,0
9d4ijb45,341,cmh83ezm,4,presurvey_part1,NeighborhoodInstruction,1772653709,1,0,0
9d4ijb45,321,ethck4q1,5,presurvey_part1,Scenario,1772653713,1,0,0
9d4ijb45,339,n0rxcnfb,5,presurvey_part1,Scenario,1772653722,1,0,0
9d4ijb45,340,5d2zn6tc,5,presurvey_part1,Scenario,1772653723,1,0,0
9d4ijb45,321,ethck4q1,6,Pay_phase1,Reminder,1772653726,1,0,0
9d4ijb45,342,5jujy9ra,3,presurvey_part1,AudioCheck,1772653730,1,0,0
9d4ijb45,341,cmh83ezm,5,presurvey_part1,Scenario,1772653732,1,0,0
9d4ijb45,342,5jujy9ra,4,presurvey_part1,NeighborhoodInstruction,1772653760,1,0,0
9d4ijb45,332,x18qr2sv,4,presurvey_part1,NeighborhoodInstruction,1772653820,1,0,0
9d4ijb45,342,5jujy9ra,5,presurvey_part1,Scenario,1772653860,1,0,0
9d4ijb45,343,nuot20yw,0,,InitializeParticipant,1772653883,1,0,0
9d4ijb45,343,nuot20yw,1,presurvey_part1,Introduction,1772653898,1,0,0
9d4ijb45,343,nuot20yw,2,presurvey_part1,TimeSelection,1772653915,1,0,0
9d4ijb45,343,nuot20yw,3,presurvey_part1,AudioCheck,1772653930,1,0,0
9d4ijb45,343,nuot20yw,4,presurvey_part1,NeighborhoodInstruction,1772653951,1,0,0
9d4ijb45,344,n206uc3x,0,,InitializeParticipant,1772653975,1,0,0
9d4ijb45,343,nuot20yw,5,presurvey_part1,Scenario,1772653977,1,0,0
9d4ijb45,345,3317cnj4,0,,InitializeParticipant,1772654000,1,0,0
9d4ijb45,346,k7xuuaip,0,,InitializeParticipant,1772654022,1,0,0
9d4ijb45,346,k7xuuaip,1,presurvey_part1,Introduction,1772654054,1,0,0
9d4ijb45,345,3317cnj4,1,presurvey_part1,Introduction,1772654055,1,0,0
9d4ijb45,332,x18qr2sv,5,presurvey_part1,Scenario,1772654122,1,0,0
9d4ijb45,347,41hgl6u8,0,,InitializeParticipant,1772654136,1,0,0
9d4ijb45,344,n206uc3x,1,presurvey_part1,Introduction,1772654216,1,0,0
9d4ijb45,348,pzpimgg2,0,,InitializeParticipant,1772654243,1,0,0
9d4ijb45,344,n206uc3x,2,presurvey_part1,TimeSelection,1772654254,1,0,0
9d4ijb45,348,pzpimgg2,1,presurvey_part1,Introduction,1772654287,1,0,0
9d4ijb45,344,n206uc3x,3,presurvey_part1,AudioCheck,1772654288,1,0,0
9d4ijb45,344,n206uc3x,4,presurvey_part1,NeighborhoodInstruction,1772654309,1,0,0
9d4ijb45,348,pzpimgg2,2,presurvey_part1,TimeSelection,1772654312,1,0,0
9d4ijb45,348,pzpimgg2,3,presurvey_part1,AudioCheck,1772654333,1,0,0
9d4ijb45,348,pzpimgg2,4,presurvey_part1,NeighborhoodInstruction,1772654351,1,0,0
9d4ijb45,349,l3e6z861,0,,InitializeParticipant,1772654354,1,0,0
9d4ijb45,348,pzpimgg2,5,presurvey_part1,Scenario,1772654367,1,0,0
9d4ijb45,348,pzpimgg2,6,Pay_phase1,Reminder,1772654370,1,0,0
9d4ijb45,349,l3e6z861,1,presurvey_part1,Introduction,1772654389,1,0,0
9d4ijb45,349,l3e6z861,2,presurvey_part1,TimeSelection,1772654419,1,0,0
9d4ijb45,349,l3e6z861,3,presurvey_part1,AudioCheck,1772654450,1,0,0
9d4ijb45,350,is8afikg,0,,InitializeParticipant,1772654484,1,0,0
9d4ijb45,351,vkc6xlfc,0,,InitializeParticipant,1772654499,1,0,0
9d4ijb45,350,is8afikg,1,presurvey_part1,Introduction,1772654509,1,0,0
9d4ijb45,352,nrcljhae,0,,InitializeParticipant,1772654510,1,0,0
9d4ijb45,350,is8afikg,2,presurvey_part1,TimeSelection,1772654560,1,0,0
9d4ijb45,353,sfwty43o,0,,InitializeParticipant,1772654589,1,0,0
9d4ijb45,349,l3e6z861,4,presurvey_part1,NeighborhoodInstruction,1772654592,1,0,0
9d4ijb45,350,is8afikg,3,presurvey_part1,AudioCheck,1772654612,1,0,0
9d4ijb45,344,n206uc3x,5,presurvey_part1,Scenario,1772654615,1,0,0
9d4ijb45,349,l3e6z861,5,presurvey_part1,Scenario,1772654625,1,0,0
9d4ijb45,344,n206uc3x,6,Pay_phase1,Reminder,1772654628,1,0,0
9d4ijb45,354,zrnqo6fq,0,,InitializeParticipant,1772654633,1,0,0
9d4ijb45,353,sfwty43o,1,presurvey_part1,Introduction,1772654643,1,0,0
9d4ijb45,354,zrnqo6fq,1,presurvey_part1,Introduction,1772654644,1,0,0
9d4ijb45,353,sfwty43o,2,presurvey_part1,TimeSelection,1772654682,1,0,0
9d4ijb45,355,0oz1frt9,0,,InitializeParticipant,1772654689,1,0,0
9d4ijb45,356,jo22gltf,0,,InitializeParticipant,1772654700,1,0,0
9d4ijb45,353,sfwty43o,3,presurvey_part1,AudioCheck,1772654713,1,0,0
9d4ijb45,350,is8afikg,4,presurvey_part1,NeighborhoodInstruction,1772654722,1,0,0
9d4ijb45,356,jo22gltf,1,presurvey_part1,Introduction,1772654727,1,0,0
9d4ijb45,355,0oz1frt9,1,presurvey_part1,Introduction,1772654742,1,0,0
9d4ijb45,357,8znadfxh,0,,InitializeParticipant,1772654754,1,0,0
9d4ijb45,358,45vn4p6p,0,,InitializeParticipant,1772654755,1,0,0
9d4ijb45,353,sfwty43o,4,presurvey_part1,NeighborhoodInstruction,1772654757,1,0,0
9d4ijb45,350,is8afikg,5,presurvey_part1,Scenario,1772654767,1,0,0
9d4ijb45,357,8znadfxh,1,presurvey_part1,Introduction,1772654773,1,0,0
9d4ijb45,350,is8afikg,6,Pay_phase1,Reminder,1772654777,1,0,0
9d4ijb45,358,45vn4p6p,1,presurvey_part1,Introduction,1772654787,1,0,0
9d4ijb45,358,45vn4p6p,2,presurvey_part1,TimeSelection,1772654803,1,0,0
9d4ijb45,355,0oz1frt9,2,presurvey_part1,TimeSelection,1772654804,1,0,0
9d4ijb45,353,sfwty43o,5,presurvey_part1,Scenario,1772654808,1,0,0
9d4ijb45,358,45vn4p6p,3,presurvey_part1,AudioCheck,1772654825,1,0,0
9d4ijb45,355,0oz1frt9,3,presurvey_part1,AudioCheck,1772654834,1,0,0
9d4ijb45,359,wcyu4879,0,,InitializeParticipant,1772654845,1,0,0
9d4ijb45,358,45vn4p6p,4,presurvey_part1,NeighborhoodInstruction,1772654846,1,0,0
9d4ijb45,355,0oz1frt9,4,presurvey_part1,NeighborhoodInstruction,1772654854,1,0,0
9d4ijb45,359,wcyu4879,1,presurvey_part1,Introduction,1772654866,1,0,0
9d4ijb45,358,45vn4p6p,5,presurvey_part1,Scenario,1772654884,1,0,0
9d4ijb45,355,0oz1frt9,5,presurvey_part1,Scenario,1772654894,1,0,0
9d4ijb45,359,wcyu4879,2,presurvey_part1,TimeSelection,1772654895,1,0,0
9d4ijb45,358,45vn4p6p,6,Pay_phase1,Reminder,1772654903,1,0,0
9d4ijb45,359,wcyu4879,3,presurvey_part1,AudioCheck,1772654917,1,0,0
9d4ijb45,359,wcyu4879,4,presurvey_part1,NeighborhoodInstruction,1772654924,1,0,0
9d4ijb45,359,wcyu4879,5,presurvey_part1,Scenario,1772654937,1,0,0
9d4ijb45,360,lcyryh84,0,,InitializeParticipant,1772654945,1,0,0
9d4ijb45,361,voakg2lx,0,,InitializeParticipant,1772654952,1,0,0
9d4ijb45,362,92o466bd,0,,InitializeParticipant,1772654965,1,0,0
9d4ijb45,363,6ft779u7,0,,InitializeParticipant,1772654969,1,0,0
9d4ijb45,360,lcyryh84,1,presurvey_part1,Introduction,1772654982,1,0,0
9d4ijb45,363,6ft779u7,1,presurvey_part1,Introduction,1772654993,1,0,0
9d4ijb45,362,92o466bd,1,presurvey_part1,Introduction,1772654997,1,0,0
9d4ijb45,364,wqa9c4kh,0,,InitializeParticipant,1772655001,1,0,0
9d4ijb45,365,zfkf3rxb,0,,InitializeParticipant,1772655005,1,0,0
9d4ijb45,360,lcyryh84,2,presurvey_part1,TimeSelection,1772655006,1,0,0
9d4ijb45,366,c0demvb6,0,,InitializeParticipant,1772655012,1,0,0
9d4ijb45,363,6ft779u7,2,presurvey_part1,TimeSelection,1772655012,1,0,0
9d4ijb45,365,zfkf3rxb,1,presurvey_part1,Introduction,1772655021,1,0,0
9d4ijb45,367,kj1d6ico,0,,InitializeParticipant,1772655033,1,0,0
9d4ijb45,368,usckzmer,0,,InitializeParticipant,1772655037,1,0,0
9d4ijb45,367,kj1d6ico,1,presurvey_part1,Introduction,1772655038,1,0,0
9d4ijb45,363,6ft779u7,3,presurvey_part1,AudioCheck,1772655040,1,0,0
9d4ijb45,365,zfkf3rxb,2,presurvey_part1,TimeSelection,1772655042,1,0,0
9d4ijb45,366,c0demvb6,1,presurvey_part1,Introduction,1772655045,1,0,0
9d4ijb45,364,wqa9c4kh,1,presurvey_part1,Introduction,1772655051,1,0,0
9d4ijb45,362,92o466bd,2,presurvey_part1,TimeSelection,1772655053,1,0,0
9d4ijb45,368,usckzmer,1,presurvey_part1,Introduction,1772655058,1,0,0
9d4ijb45,367,kj1d6ico,2,presurvey_part1,TimeSelection,1772655062,1,0,0
9d4ijb45,369,3l2g0h6d,0,,InitializeParticipant,1772655068,1,0,0
9d4ijb45,366,c0demvb6,2,presurvey_part1,TimeSelection,1772655074,1,0,0
9d4ijb45,364,wqa9c4kh,2,presurvey_part1,TimeSelection,1772655077,1,0,0
9d4ijb45,365,zfkf3rxb,3,presurvey_part1,AudioCheck,1772655078,1,0,0
9d4ijb45,367,kj1d6ico,3,presurvey_part1,AudioCheck,1772655081,1,0,0
9d4ijb45,368,usckzmer,2,presurvey_part1,TimeSelection,1772655081,1,0,0
9d4ijb45,367,kj1d6ico,4,presurvey_part1,NeighborhoodInstruction,1772655083,1,0,0
9d4ijb45,370,gkj1370d,0,,InitializeParticipant,1772655087,1,0,0
9d4ijb45,366,c0demvb6,3,presurvey_part1,AudioCheck,1772655091,1,0,0
9d4ijb45,369,3l2g0h6d,1,presurvey_part1,Introduction,1772655093,1,0,0
9d4ijb45,364,wqa9c4kh,3,presurvey_part1,AudioCheck,1772655099,1,0,0
9d4ijb45,365,zfkf3rxb,4,presurvey_part1,NeighborhoodInstruction,1772655105,1,0,0
9d4ijb45,367,kj1d6ico,5,presurvey_part1,Scenario,1772655106,1,0,0
9d4ijb45,371,g9yqcf65,0,,InitializeParticipant,1772655110,1,0,0
9d4ijb45,368,usckzmer,3,presurvey_part1,AudioCheck,1772655112,1,0,0
9d4ijb45,370,gkj1370d,1,presurvey_part1,Introduction,1772655118,1,0,0
9d4ijb45,366,c0demvb6,4,presurvey_part1,NeighborhoodInstruction,1772655118,1,0,0
9d4ijb45,367,kj1d6ico,6,Pay_phase1,Reminder,1772655121,1,0,0
9d4ijb45,364,wqa9c4kh,4,presurvey_part1,NeighborhoodInstruction,1772655124,1,0,0
9d4ijb45,369,3l2g0h6d,2,presurvey_part1,TimeSelection,1772655124,1,0,0
9d4ijb45,362,92o466bd,3,presurvey_part1,AudioCheck,1772655126,1,0,0
9d4ijb45,368,usckzmer,4,presurvey_part1,NeighborhoodInstruction,1772655131,1,0,0
9d4ijb45,365,zfkf3rxb,5,presurvey_part1,Scenario,1772655143,1,0,0
9d4ijb45,365,zfkf3rxb,6,Pay_phase1,Reminder,1772655148,1,0,0
9d4ijb45,369,3l2g0h6d,3,presurvey_part1,AudioCheck,1772655151,1,0,0
9d4ijb45,371,g9yqcf65,1,presurvey_part1,Introduction,1772655151,1,0,0
9d4ijb45,370,gkj1370d,2,presurvey_part1,TimeSelection,1772655151,1,0,0
9d4ijb45,366,c0demvb6,5,presurvey_part1,Scenario,1772655156,1,0,0
9d4ijb45,370,gkj1370d,3,presurvey_part1,AudioCheck,1772655162,1,0,0
9d4ijb45,371,g9yqcf65,2,presurvey_part1,TimeSelection,1772655163,1,0,0
9d4ijb45,368,usckzmer,5,presurvey_part1,Scenario,1772655163,1,0,0
9d4ijb45,366,c0demvb6,6,Pay_phase1,Reminder,1772655165,1,0,0
9d4ijb45,362,92o466bd,4,presurvey_part1,NeighborhoodInstruction,1772655174,1,0,0
9d4ijb45,370,gkj1370d,4,presurvey_part1,NeighborhoodInstruction,1772655179,1,0,0
9d4ijb45,363,6ft779u7,4,presurvey_part1,NeighborhoodInstruction,1772655182,1,0,0
9d4ijb45,369,3l2g0h6d,4,presurvey_part1,NeighborhoodInstruction,1772655184,1,0,0
9d4ijb45,371,g9yqcf65,3,presurvey_part1,AudioCheck,1772655185,1,0,0
9d4ijb45,364,wqa9c4kh,5,presurvey_part1,Scenario,1772655196,1,0,0
9d4ijb45,371,g9yqcf65,4,presurvey_part1,NeighborhoodInstruction,1772655196,1,0,0
9d4ijb45,370,gkj1370d,5,presurvey_part1,Scenario,1772655206,1,0,0
9d4ijb45,371,g9yqcf65,5,presurvey_part1,Scenario,1772655218,1,0,0
9d4ijb45,362,92o466bd,5,presurvey_part1,Scenario,1772655223,1,0,0
9d4ijb45,369,3l2g0h6d,5,presurvey_part1,Scenario,1772655226,1,0,0
9d4ijb45,363,6ft779u7,5,presurvey_part1,Scenario,1772655229,1,0,0
9d4ijb45,369,3l2g0h6d,6,Pay_phase1,Reminder,1772655232,1,0,0
9d4ijb45,363,6ft779u7,6,Pay_phase1,Reminder,1772655238,1,0,0
9d4ijb45,360,lcyryh84,3,presurvey_part1,AudioCheck,1772655363,1,0,0
9d4ijb45,372,zkthmos4,0,,InitializeParticipant,1772655503,1,0,0
9d4ijb45,372,zkthmos4,1,presurvey_part1,Introduction,1772655518,1,0,0
9d4ijb45,373,4s68n9ud,0,,InitializeParticipant,1772655534,1,0,0
9d4ijb45,372,zkthmos4,2,presurvey_part1,TimeSelection,1772655551,1,0,0
9d4ijb45,372,zkthmos4,3,presurvey_part1,AudioCheck,1772655568,1,0,0
9d4ijb45,372,zkthmos4,4,presurvey_part1,NeighborhoodInstruction,1772655586,1,0,0
9d4ijb45,374,7sgfz3k9,0,,InitializeParticipant,1772655587,1,0,0
9d4ijb45,374,7sgfz3k9,1,presurvey_part1,Introduction,1772655599,1,0,0
9d4ijb45,373,4s68n9ud,1,presurvey_part1,Introduction,1772655601,1,0,0
9d4ijb45,372,zkthmos4,5,presurvey_part1,Scenario,1772655620,1,0,0
9d4ijb45,372,zkthmos4,6,Pay_phase1,Reminder,1772655624,1,0,0
9d4ijb45,373,4s68n9ud,2,presurvey_part1,TimeSelection,1772655632,1,0,0
9d4ijb45,373,4s68n9ud,3,presurvey_part1,AudioCheck,1772655657,1,0,0
9d4ijb45,375,spn5fyyl,0,,InitializeParticipant,1772655664,1,0,0
9d4ijb45,373,4s68n9ud,4,presurvey_part1,NeighborhoodInstruction,1772655690,1,0,0
9d4ijb45,375,spn5fyyl,1,presurvey_part1,Introduction,1772655710,1,0,0
9d4ijb45,373,4s68n9ud,5,presurvey_part1,Scenario,1772655739,1,0,0
9d4ijb45,375,spn5fyyl,2,presurvey_part1,TimeSelection,1772655743,1,0,0
9d4ijb45,375,spn5fyyl,3,presurvey_part1,AudioCheck,1772655774,1,0,0
9d4ijb45,375,spn5fyyl,4,presurvey_part1,NeighborhoodInstruction,1772655818,1,0,0
9d4ijb45,375,spn5fyyl,5,presurvey_part1,Scenario,1772655849,1,0,0
9d4ijb45,375,spn5fyyl,6,Pay_phase1,Reminder,1772655860,1,0,0
9d4ijb45,376,zkgiyy63,0,,InitializeParticipant,1772655879,1,0,0
9d4ijb45,376,zkgiyy63,1,presurvey_part1,Introduction,1772655892,1,0,0
9d4ijb45,376,zkgiyy63,2,presurvey_part1,TimeSelection,1772655912,1,0,0
9d4ijb45,376,zkgiyy63,3,presurvey_part1,AudioCheck,1772655923,1,0,0
9d4ijb45,376,zkgiyy63,4,presurvey_part1,NeighborhoodInstruction,1772655929,1,0,0
9d4ijb45,377,hgsog0cw,0,,InitializeParticipant,1772655943,1,0,0
9d4ijb45,378,fipkjz1i,0,,InitializeParticipant,1772655945,1,0,0
9d4ijb45,376,zkgiyy63,5,presurvey_part1,Scenario,1772655952,1,0,0
9d4ijb45,376,zkgiyy63,6,Pay_phase1,Reminder,1772655961,1,0,0
9d4ijb45,378,fipkjz1i,1,presurvey_part1,Introduction,1772655963,1,0,0
9d4ijb45,378,fipkjz1i,2,presurvey_part1,TimeSelection,1772655979,1,0,0
9d4ijb45,379,4phvz6h9,0,,InitializeParticipant,1772656021,1,0,0
9d4ijb45,379,4phvz6h9,1,presurvey_part1,Introduction,1772656027,1,0,0
9d4ijb45,379,4phvz6h9,2,presurvey_part1,TimeSelection,1772656039,1,0,0
9d4ijb45,378,fipkjz1i,3,presurvey_part1,AudioCheck,1772656039,1,0,0
9d4ijb45,380,vk4muhbz,0,,InitializeParticipant,1772656050,1,0,0
9d4ijb45,379,4phvz6h9,3,presurvey_part1,AudioCheck,1772656055,1,0,0
9d4ijb45,378,fipkjz1i,4,presurvey_part1,NeighborhoodInstruction,1772656060,1,0,0
9d4ijb45,380,vk4muhbz,1,presurvey_part1,Introduction,1772656064,1,0,0
9d4ijb45,379,4phvz6h9,4,presurvey_part1,NeighborhoodInstruction,1772656067,1,0,0
9d4ijb45,380,vk4muhbz,2,presurvey_part1,TimeSelection,1772656084,1,0,0
9d4ijb45,380,vk4muhbz,3,presurvey_part1,AudioCheck,1772656093,1,0,0
9d4ijb45,379,4phvz6h9,5,presurvey_part1,Scenario,1772656093,1,0,0
9d4ijb45,379,4phvz6h9,6,Pay_phase1,Reminder,1772656095,1,0,0
9d4ijb45,378,fipkjz1i,5,presurvey_part1,Scenario,1772656113,1,0,0
9d4ijb45,381,ckl0ra1r,0,,InitializeParticipant,1772656115,1,0,0
9d4ijb45,380,vk4muhbz,4,presurvey_part1,NeighborhoodInstruction,1772656121,1,0,0
9d4ijb45,382,qnwlzifh,0,,InitializeParticipant,1772656131,1,0,0
9d4ijb45,380,vk4muhbz,5,presurvey_part1,Scenario,1772656137,1,0,0
9d4ijb45,383,88l4rept,0,,InitializeParticipant,1772656142,1,0,0
9d4ijb45,380,vk4muhbz,6,Pay_phase1,Reminder,1772656147,1,0,0
9d4ijb45,378,fipkjz1i,6,Pay_phase1,Reminder,1772656150,1,0,0
9d4ijb45,384,r0z8b975,0,,InitializeParticipant,1772656159,1,0,0
9d4ijb45,384,r0z8b975,1,presurvey_part1,Introduction,1772656199,1,0,0
9d4ijb45,382,qnwlzifh,1,presurvey_part1,Introduction,1772656207,1,0,0
9d4ijb45,382,qnwlzifh,2,presurvey_part1,TimeSelection,1772656229,1,0,0
9d4ijb45,381,ckl0ra1r,1,presurvey_part1,Introduction,1772656232,1,0,0
9d4ijb45,382,qnwlzifh,3,presurvey_part1,AudioCheck,1772656241,1,0,0
9d4ijb45,382,qnwlzifh,4,presurvey_part1,NeighborhoodInstruction,1772656267,1,0,0
9d4ijb45,381,ckl0ra1r,2,presurvey_part1,TimeSelection,1772656293,1,0,0
9d4ijb45,382,qnwlzifh,5,presurvey_part1,Scenario,1772656302,1,0,0
9d4ijb45,382,qnwlzifh,6,Pay_phase1,Reminder,1772656305,1,0,0
9d4ijb45,385,43osxtqu,0,,InitializeParticipant,1772656336,1,0,0
9d4ijb45,381,ckl0ra1r,3,presurvey_part1,AudioCheck,1772656350,1,0,0
9d4ijb45,386,xaq053vp,0,,InitializeParticipant,1772656352,1,0,0
9d4ijb45,386,xaq053vp,1,presurvey_part1,Introduction,1772656359,1,0,0
9d4ijb45,385,43osxtqu,1,presurvey_part1,Introduction,1772656360,1,0,0
9d4ijb45,386,xaq053vp,2,presurvey_part1,TimeSelection,1772656367,1,0,0
9d4ijb45,387,l6g2qxnt,0,,InitializeParticipant,1772656382,1,0,0
9d4ijb45,387,l6g2qxnt,1,presurvey_part1,Introduction,1772656393,1,0,0
9d4ijb45,386,xaq053vp,3,presurvey_part1,AudioCheck,1772656393,1,0,0
9d4ijb45,381,ckl0ra1r,4,presurvey_part1,NeighborhoodInstruction,1772656396,1,0,0
9d4ijb45,386,xaq053vp,4,presurvey_part1,NeighborhoodInstruction,1772656396,1,0,0
9d4ijb45,388,b4p5f2co,0,,InitializeParticipant,1772656412,1,0,0
9d4ijb45,386,xaq053vp,5,presurvey_part1,Scenario,1772656421,1,0,0
9d4ijb45,388,b4p5f2co,1,presurvey_part1,Introduction,1772656421,1,0,0
9d4ijb45,389,1wnn8ftz,0,,InitializeParticipant,1772656440,1,0,0
9d4ijb45,381,ckl0ra1r,5,presurvey_part1,Scenario,1772656460,1,0,0
9d4ijb45,389,1wnn8ftz,1,presurvey_part1,Introduction,1772656491,1,0,0
9d4ijb45,388,b4p5f2co,2,presurvey_part1,TimeSelection,1772656492,1,0,0
9d4ijb45,389,1wnn8ftz,2,presurvey_part1,TimeSelection,1772656523,1,0,0
9d4ijb45,388,b4p5f2co,3,presurvey_part1,AudioCheck,1772656525,1,0,0
9d4ijb45,390,ob4r60m8,0,,InitializeParticipant,1772656535,1,0,0
9d4ijb45,388,b4p5f2co,4,presurvey_part1,NeighborhoodInstruction,1772656538,1,0,0
9d4ijb45,391,gly3188b,0,,InitializeParticipant,1772656564,1,0,0
9d4ijb45,389,1wnn8ftz,3,presurvey_part1,AudioCheck,1772656567,1,0,0
9d4ijb45,388,b4p5f2co,5,presurvey_part1,Scenario,1772656576,1,0,0
9d4ijb45,391,gly3188b,1,presurvey_part1,Introduction,1772656579,1,0,0
9d4ijb45,390,ob4r60m8,1,presurvey_part1,Introduction,1772656581,1,0,0
9d4ijb45,388,b4p5f2co,6,Pay_phase1,Reminder,1772656585,1,0,0
9d4ijb45,391,gly3188b,2,presurvey_part1,TimeSelection,1772656599,1,0,0
9d4ijb45,389,1wnn8ftz,4,presurvey_part1,NeighborhoodInstruction,1772656603,1,0,0
9d4ijb45,391,gly3188b,3,presurvey_part1,AudioCheck,1772656631,1,0,0
9d4ijb45,390,ob4r60m8,2,presurvey_part1,TimeSelection,1772656633,1,0,0
9d4ijb45,392,gahy5ztu,0,,InitializeParticipant,1772656638,1,0,0
9d4ijb45,389,1wnn8ftz,5,presurvey_part1,Scenario,1772656653,1,0,0
9d4ijb45,393,tk7kh2ew,0,,InitializeParticipant,1772656654,1,0,0
9d4ijb45,391,gly3188b,4,presurvey_part1,NeighborhoodInstruction,1772656657,1,0,0
9d4ijb45,390,ob4r60m8,3,presurvey_part1,AudioCheck,1772656665,1,0,0
9d4ijb45,394,id8d7vcf,0,,InitializeParticipant,1772656674,1,0,0
9d4ijb45,392,gahy5ztu,1,presurvey_part1,Introduction,1772656675,1,0,0
9d4ijb45,391,gly3188b,5,presurvey_part1,Scenario,1772656685,1,0,0
9d4ijb45,395,vpm2vh81,0,,InitializeParticipant,1772656699,1,0,0
9d4ijb45,396,6i5cbncv,0,,InitializeParticipant,1772656709,1,0,0
9d4ijb45,397,4qud3l4j,0,,InitializeParticipant,1772656715,1,0,0
9d4ijb45,395,vpm2vh81,1,presurvey_part1,Introduction,1772656716,1,0,0
9d4ijb45,394,id8d7vcf,1,presurvey_part1,Introduction,1772656721,1,0,0
9d4ijb45,398,nhp4eru7,0,,InitializeParticipant,1772656725,1,0,0
9d4ijb45,390,ob4r60m8,4,presurvey_part1,NeighborhoodInstruction,1772656725,1,0,0
9d4ijb45,399,cb8gqaik,0,,InitializeParticipant,1772656729,1,0,0
9d4ijb45,396,6i5cbncv,1,presurvey_part1,Introduction,1772656730,1,0,0
9d4ijb45,394,id8d7vcf,2,presurvey_part1,TimeSelection,1772656741,1,0,0
9d4ijb45,395,vpm2vh81,2,presurvey_part1,TimeSelection,1772656750,1,0,0
9d4ijb45,398,nhp4eru7,1,presurvey_part1,Introduction,1772656752,1,0,0
9d4ijb45,396,6i5cbncv,2,presurvey_part1,TimeSelection,1772656762,1,0,0
9d4ijb45,395,vpm2vh81,3,presurvey_part1,AudioCheck,1772656762,1,0,0
9d4ijb45,395,vpm2vh81,4,presurvey_part1,NeighborhoodInstruction,1772656768,1,0,0
9d4ijb45,394,id8d7vcf,3,presurvey_part1,AudioCheck,1772656779,1,0,0
9d4ijb45,394,id8d7vcf,4,presurvey_part1,NeighborhoodInstruction,1772656783,1,0,0
9d4ijb45,395,vpm2vh81,5,presurvey_part1,Scenario,1772656787,1,0,0
9d4ijb45,390,ob4r60m8,5,presurvey_part1,Scenario,1772656789,1,0,0
9d4ijb45,395,vpm2vh81,6,Pay_phase1,Reminder,1772656793,1,0,0
9d4ijb45,396,6i5cbncv,3,presurvey_part1,AudioCheck,1772656794,1,0,0
9d4ijb45,398,nhp4eru7,2,presurvey_part1,TimeSelection,1772656797,1,0,0
9d4ijb45,396,6i5cbncv,4,presurvey_part1,NeighborhoodInstruction,1772656813,1,0,0
9d4ijb45,400,k4nz1vmv,0,,InitializeParticipant,1772656830,1,0,0
9d4ijb45,401,oxmvn3le,0,,InitializeParticipant,1772656833,1,0,0
9d4ijb45,400,k4nz1vmv,1,presurvey_part1,Introduction,1772656837,1,0,0
9d4ijb45,402,2pcwdm2a,0,,InitializeParticipant,1772656838,1,0,0
9d4ijb45,396,6i5cbncv,5,presurvey_part1,Scenario,1772656839,1,0,0
9d4ijb45,401,oxmvn3le,1,presurvey_part1,Introduction,1772656841,1,0,0
9d4ijb45,400,k4nz1vmv,2,presurvey_part1,TimeSelection,1772656846,1,0,0
9d4ijb45,390,ob4r60m8,6,Pay_phase1,Reminder,1772656847,1,0,0
9d4ijb45,396,6i5cbncv,6,Pay_phase1,Reminder,1772656856,1,0,0
9d4ijb45,400,k4nz1vmv,3,presurvey_part1,AudioCheck,1772656857,1,0,0
9d4ijb45,401,oxmvn3le,2,presurvey_part1,TimeSelection,1772656859,1,0,0
9d4ijb45,394,id8d7vcf,5,presurvey_part1,Scenario,1772656870,1,0,0
9d4ijb45,401,oxmvn3le,3,presurvey_part1,AudioCheck,1772656872,1,0,0
9d4ijb45,403,fo0ycg29,0,,InitializeParticipant,1772656884,1,0,0
9d4ijb45,401,oxmvn3le,4,presurvey_part1,NeighborhoodInstruction,1772656886,1,0,0
9d4ijb45,400,k4nz1vmv,4,presurvey_part1,NeighborhoodInstruction,1772656897,1,0,0
9d4ijb45,403,fo0ycg29,1,presurvey_part1,Introduction,1772656908,1,0,0
9d4ijb45,401,oxmvn3le,5,presurvey_part1,Scenario,1772656908,1,0,0
9d4ijb45,401,oxmvn3le,6,Pay_phase1,Reminder,1772656911,1,0,0
9d4ijb45,400,k4nz1vmv,5,presurvey_part1,Scenario,1772656912,1,0,0
9d4ijb45,400,k4nz1vmv,6,Pay_phase1,Reminder,1772656917,1,0,0
9d4ijb45,404,f9ph219w,0,,InitializeParticipant,1772656982,1,0,0
9d4ijb45,404,f9ph219w,1,presurvey_part1,Introduction,1772657001,1,0,0
9d4ijb45,398,nhp4eru7,3,presurvey_part1,AudioCheck,1772657036,1,0,0
9d4ijb45,404,f9ph219w,2,presurvey_part1,TimeSelection,1772657044,1,0,0
9d4ijb45,404,f9ph219w,3,presurvey_part1,AudioCheck,1772657067,1,0,0
9d4ijb45,405,i114xyjv,0,,InitializeParticipant,1772657072,1,0,0
9d4ijb45,398,nhp4eru7,4,presurvey_part1,NeighborhoodInstruction,1772657072,1,0,0
9d4ijb45,405,i114xyjv,1,presurvey_part1,Introduction,1772657088,1,0,0
9d4ijb45,404,f9ph219w,4,presurvey_part1,NeighborhoodInstruction,1772657095,1,0,0
9d4ijb45,406,23rd5999,0,,InitializeParticipant,1772657099,1,0,0
9d4ijb45,407,iwt3owxs,0,,InitializeParticipant,1772657103,1,0,0
9d4ijb45,408,9fgqa4rm,0,,InitializeParticipant,1772657106,1,0,0
9d4ijb45,398,nhp4eru7,5,presurvey_part1,Scenario,1772657111,1,0,0
9d4ijb45,407,iwt3owxs,1,presurvey_part1,Introduction,1772657119,1,0,0
9d4ijb45,398,nhp4eru7,6,Pay_phase1,Reminder,1772657126,1,0,0
9d4ijb45,404,f9ph219w,5,presurvey_part1,Scenario,1772657132,1,0,0
9d4ijb45,404,f9ph219w,6,Pay_phase1,Reminder,1772657141,1,0,0
9d4ijb45,409,vbaewtnd,0,,InitializeParticipant,1772657143,1,0,0
9d4ijb45,407,iwt3owxs,2,presurvey_part1,TimeSelection,1772657143,1,0,0
9d4ijb45,410,p9klagal,0,,InitializeParticipant,1772657156,1,0,0
9d4ijb45,407,iwt3owxs,3,presurvey_part1,AudioCheck,1772657160,1,0,0
9d4ijb45,411,is1r9eb6,0,,InitializeParticipant,1772657171,1,0,0
9d4ijb45,407,iwt3owxs,4,presurvey_part1,NeighborhoodInstruction,1772657180,1,0,0
9d4ijb45,412,st3j26go,0,,InitializeParticipant,1772657187,1,0,0
9d4ijb45,413,7nxqsefd,0,,InitializeParticipant,1772657206,1,0,0
9d4ijb45,407,iwt3owxs,5,presurvey_part1,Scenario,1772657213,1,0,0
9d4ijb45,414,txeqo9f5,0,,InitializeParticipant,1772657222,1,0,0
9d4ijb45,409,vbaewtnd,1,presurvey_part1,Introduction,1772657226,1,0,0
9d4ijb45,413,7nxqsefd,1,presurvey_part1,Introduction,1772657229,1,0,0
9d4ijb45,415,rz7nlsw0,0,,InitializeParticipant,1772657269,1,0,0
9d4ijb45,411,is1r9eb6,1,presurvey_part1,Introduction,1772657283,1,0,0
9d4ijb45,415,rz7nlsw0,1,presurvey_part1,Introduction,1772657312,1,0,0
9d4ijb45,416,asth0zzh,0,,InitializeParticipant,1772657322,1,0,0
9d4ijb45,415,rz7nlsw0,2,presurvey_part1,TimeSelection,1772657334,1,0,0
9d4ijb45,417,0zb23xbc,0,,InitializeParticipant,1772657337,1,0,0
9d4ijb45,415,rz7nlsw0,3,presurvey_part1,AudioCheck,1772657347,1,0,0
9d4ijb45,409,vbaewtnd,2,presurvey_part1,TimeSelection,1772657348,1,0,0
9d4ijb45,415,rz7nlsw0,4,presurvey_part1,NeighborhoodInstruction,1772657362,1,0,0
9d4ijb45,414,txeqo9f5,1,presurvey_part1,Introduction,1772657366,1,0,0
9d4ijb45,414,txeqo9f5,2,presurvey_part1,TimeSelection,1772657378,1,0,0
9d4ijb45,415,rz7nlsw0,5,presurvey_part1,Scenario,1772657381,1,0,0
9d4ijb45,417,0zb23xbc,1,presurvey_part1,Introduction,1772657390,1,0,0
9d4ijb45,418,56e2vqk7,0,,InitializeParticipant,1772657390,1,0,0
9d4ijb45,419,tqvbkaci,0,,InitializeParticipant,1772657393,1,0,0
9d4ijb45,414,txeqo9f5,3,presurvey_part1,AudioCheck,1772657398,1,0,0
9d4ijb45,416,asth0zzh,1,presurvey_part1,Introduction,1772657400,1,0,0
9d4ijb45,417,0zb23xbc,2,presurvey_part1,TimeSelection,1772657406,1,0,0
9d4ijb45,414,txeqo9f5,4,presurvey_part1,NeighborhoodInstruction,1772657422,1,0,0
9d4ijb45,416,asth0zzh,2,presurvey_part1,TimeSelection,1772657423,1,0,0
9d4ijb45,409,vbaewtnd,3,presurvey_part1,AudioCheck,1772657424,1,0,0
9d4ijb45,417,0zb23xbc,3,presurvey_part1,AudioCheck,1772657433,1,0,0
9d4ijb45,420,g5eb4ft9,0,,InitializeParticipant,1772657448,1,0,0
9d4ijb45,420,g5eb4ft9,1,presurvey_part1,Introduction,1772657456,1,0,0
9d4ijb45,417,0zb23xbc,4,presurvey_part1,NeighborhoodInstruction,1772657459,1,0,0
9d4ijb45,414,txeqo9f5,5,presurvey_part1,Scenario,1772657487,1,0,0
9d4ijb45,416,asth0zzh,3,presurvey_part1,AudioCheck,1772657492,1,0,0
9d4ijb45,409,vbaewtnd,4,presurvey_part1,NeighborhoodInstruction,1772657493,1,0,0
9d4ijb45,421,6ynuns2n,0,,InitializeParticipant,1772657500,1,0,0
9d4ijb45,422,qte0jedj,0,,InitializeParticipant,1772657504,1,0,0
9d4ijb45,422,qte0jedj,1,presurvey_part1,Introduction,1772657513,1,0,0
9d4ijb45,420,g5eb4ft9,2,presurvey_part1,TimeSelection,1772657514,1,0,0
9d4ijb45,416,asth0zzh,4,presurvey_part1,NeighborhoodInstruction,1772657519,1,0,0
9d4ijb45,417,0zb23xbc,5,presurvey_part1,Scenario,1772657520,1,0,0
9d4ijb45,422,qte0jedj,2,presurvey_part1,TimeSelection,1772657527,1,0,0
9d4ijb45,423,5utjynu8,0,,InitializeParticipant,1772657535,1,0,0
9d4ijb45,420,g5eb4ft9,3,presurvey_part1,AudioCheck,1772657537,1,0,0
9d4ijb45,422,qte0jedj,3,presurvey_part1,AudioCheck,1772657540,1,0,0
9d4ijb45,422,qte0jedj,4,presurvey_part1,NeighborhoodInstruction,1772657551,1,0,0
9d4ijb45,420,g5eb4ft9,4,presurvey_part1,NeighborhoodInstruction,1772657556,1,0,0
9d4ijb45,416,asth0zzh,5,presurvey_part1,Scenario,1772657565,1,0,0
9d4ijb45,423,5utjynu8,1,presurvey_part1,Introduction,1772657567,1,0,0
9d4ijb45,422,qte0jedj,5,presurvey_part1,Scenario,1772657570,1,0,0
9d4ijb45,416,asth0zzh,6,Pay_phase1,Reminder,1772657572,1,0,0
9d4ijb45,422,qte0jedj,6,Pay_phase1,Reminder,1772657574,1,0,0
9d4ijb45,424,ixcne5t7,0,,InitializeParticipant,1772657591,1,0,0
9d4ijb45,409,vbaewtnd,5,presurvey_part1,Scenario,1772657596,1,0,0
9d4ijb45,409,vbaewtnd,6,Pay_phase1,Reminder,1772657628,1,0,0
9d4ijb45,425,zyz3m1qs,0,,InitializeParticipant,1772657646,1,0,0
9d4ijb45,426,fcw8p52u,0,,InitializeParticipant,1772657648,1,0,0
9d4ijb45,427,9mv1a81f,0,,InitializeParticipant,1772657652,1,0,0
9d4ijb45,418,56e2vqk7,1,presurvey_part1,Introduction,1772657659,1,0,0
9d4ijb45,425,zyz3m1qs,1,presurvey_part1,Introduction,1772657663,1,0,0
9d4ijb45,425,zyz3m1qs,2,presurvey_part1,TimeSelection,1772657680,1,0,0
9d4ijb45,418,56e2vqk7,2,presurvey_part1,TimeSelection,1772657687,1,0,0
9d4ijb45,425,zyz3m1qs,3,presurvey_part1,AudioCheck,1772657704,1,0,0
9d4ijb45,420,g5eb4ft9,5,presurvey_part1,Scenario,1772657709,1,0,0
9d4ijb45,420,g5eb4ft9,6,Pay_phase1,Reminder,1772657712,1,0,0
9d4ijb45,427,9mv1a81f,1,presurvey_part1,Introduction,1772657717,1,0,0
9d4ijb45,425,zyz3m1qs,4,presurvey_part1,NeighborhoodInstruction,1772657719,1,0,0
9d4ijb45,428,vdgz3tnr,0,,InitializeParticipant,1772657723,1,0,0
9d4ijb45,418,56e2vqk7,3,presurvey_part1,AudioCheck,1772657741,1,0,0
9d4ijb45,429,lvoy1io8,0,,InitializeParticipant,1772657743,1,0,0
9d4ijb45,425,zyz3m1qs,5,presurvey_part1,Scenario,1772657752,1,0,0
9d4ijb45,427,9mv1a81f,2,presurvey_part1,TimeSelection,1772657753,1,0,0
9d4ijb45,430,j8ie09rc,0,,InitializeParticipant,1772657757,1,0,0
9d4ijb45,425,zyz3m1qs,6,Pay_phase1,Reminder,1772657758,1,0,0
9d4ijb45,424,ixcne5t7,1,presurvey_part1,Introduction,1772657761,1,0,0
9d4ijb45,426,fcw8p52u,1,presurvey_part1,Introduction,1772657767,1,0,0
9d4ijb45,427,9mv1a81f,3,presurvey_part1,AudioCheck,1772657777,1,0,0
9d4ijb45,429,lvoy1io8,1,presurvey_part1,Introduction,1772657781,1,0,0
9d4ijb45,429,lvoy1io8,2,presurvey_part1,TimeSelection,1772657803,1,0,0
9d4ijb45,431,ffcdlgpe,0,,InitializeParticipant,1772657806,1,0,0
9d4ijb45,426,fcw8p52u,2,presurvey_part1,TimeSelection,1772657808,1,0,0
9d4ijb45,430,j8ie09rc,1,presurvey_part1,Introduction,1772657818,1,0,0
9d4ijb45,427,9mv1a81f,4,presurvey_part1,NeighborhoodInstruction,1772657821,1,0,0
9d4ijb45,429,lvoy1io8,3,presurvey_part1,AudioCheck,1772657825,1,0,0
9d4ijb45,432,dmnzn5h9,0,,InitializeParticipant,1772657827,1,0,0
9d4ijb45,431,ffcdlgpe,1,presurvey_part1,Introduction,1772657835,1,0,0
9d4ijb45,433,69wiqgjq,0,,InitializeParticipant,1772657835,1,0,0
9d4ijb45,426,fcw8p52u,3,presurvey_part1,AudioCheck,1772657839,1,0,0
9d4ijb45,429,lvoy1io8,4,presurvey_part1,NeighborhoodInstruction,1772657846,1,0,0
9d4ijb45,427,9mv1a81f,5,presurvey_part1,Scenario,1772657858,1,0,0
9d4ijb45,431,ffcdlgpe,2,presurvey_part1,TimeSelection,1772657861,1,0,0
9d4ijb45,433,69wiqgjq,1,presurvey_part1,Introduction,1772657875,1,0,0
9d4ijb45,429,lvoy1io8,5,presurvey_part1,Scenario,1772657882,1,0,0
9d4ijb45,426,fcw8p52u,4,presurvey_part1,NeighborhoodInstruction,1772657888,1,0,0
9d4ijb45,429,lvoy1io8,6,Pay_phase1,Reminder,1772657891,1,0,0
9d4ijb45,432,dmnzn5h9,1,presurvey_part1,Introduction,1772657896,1,0,0
9d4ijb45,430,j8ie09rc,2,presurvey_part1,TimeSelection,1772657898,1,0,0
9d4ijb45,434,bywr9ckt,0,,InitializeParticipant,1772657920,1,0,0
9d4ijb45,431,ffcdlgpe,3,presurvey_part1,AudioCheck,1772657928,1,0,0
9d4ijb45,430,j8ie09rc,3,presurvey_part1,AudioCheck,1772657931,1,0,0
9d4ijb45,427,9mv1a81f,6,Pay_phase1,Reminder,1772657942,1,0,0
9d4ijb45,433,69wiqgjq,2,presurvey_part1,TimeSelection,1772657944,1,0,0
9d4ijb45,426,fcw8p52u,5,presurvey_part1,Scenario,1772657953,1,0,0
9d4ijb45,431,ffcdlgpe,4,presurvey_part1,NeighborhoodInstruction,1772657956,1,0,0
9d4ijb45,432,dmnzn5h9,2,presurvey_part1,TimeSelection,1772657960,1,0,0
9d4ijb45,434,bywr9ckt,1,presurvey_part1,Introduction,1772657970,1,0,0
9d4ijb45,430,j8ie09rc,4,presurvey_part1,NeighborhoodInstruction,1772657974,1,0,0
9d4ijb45,435,0gtv4e8g,0,,InitializeParticipant,1772657976,1,0,0
9d4ijb45,432,dmnzn5h9,3,presurvey_part1,AudioCheck,1772657981,1,0,0
9d4ijb45,436,kl5z69cr,0,,InitializeParticipant,1772657981,1,0,0
9d4ijb45,433,69wiqgjq,3,presurvey_part1,AudioCheck,1772657981,1,0,0
9d4ijb45,434,bywr9ckt,2,presurvey_part1,TimeSelection,1772657996,1,0,0
9d4ijb45,437,cl8dotkj,0,,InitializeParticipant,1772657998,1,0,0
9d4ijb45,433,69wiqgjq,4,presurvey_part1,NeighborhoodInstruction,1772658000,1,0,0
9d4ijb45,432,dmnzn5h9,4,presurvey_part1,NeighborhoodInstruction,1772658003,1,0,0
9d4ijb45,438,b0lms2fl,0,,InitializeParticipant,1772658007,1,0,0
9d4ijb45,431,ffcdlgpe,5,presurvey_part1,Scenario,1772658015,1,0,0
9d4ijb45,434,bywr9ckt,3,presurvey_part1,AudioCheck,1772658016,1,0,0
9d4ijb45,439,aof54m2d,0,,InitializeParticipant,1772658022,1,0,0
9d4ijb45,435,0gtv4e8g,1,presurvey_part1,Introduction,1772658023,1,0,0
9d4ijb45,433,69wiqgjq,5,presurvey_part1,Scenario,1772658026,1,0,0
9d4ijb45,431,ffcdlgpe,6,Pay_phase1,Reminder,1772658031,1,0,0
9d4ijb45,432,dmnzn5h9,5,presurvey_part1,Scenario,1772658037,1,0,0
9d4ijb45,434,bywr9ckt,4,presurvey_part1,NeighborhoodInstruction,1772658040,1,0,0
9d4ijb45,430,j8ie09rc,5,presurvey_part1,Scenario,1772658043,1,0,0
9d4ijb45,433,69wiqgjq,6,Pay_phase1,Reminder,1772658045,1,0,0
9d4ijb45,436,kl5z69cr,1,presurvey_part1,Introduction,1772658048,1,0,0
9d4ijb45,440,wnzll918,0,,InitializeParticipant,1772658068,1,0,0
9d4ijb45,435,0gtv4e8g,2,presurvey_part1,TimeSelection,1772658069,1,0,0
9d4ijb45,436,kl5z69cr,2,presurvey_part1,TimeSelection,1772658087,1,0,0
9d4ijb45,434,bywr9ckt,5,presurvey_part1,Scenario,1772658088,1,0,0
9d4ijb45,437,cl8dotkj,1,presurvey_part1,Introduction,1772658091,1,0,0
9d4ijb45,441,u7j8r0lt,0,,InitializeParticipant,1772658091,1,0,0
9d4ijb45,435,0gtv4e8g,3,presurvey_part1,AudioCheck,1772658101,1,0,0
9d4ijb45,437,cl8dotkj,2,presurvey_part1,TimeSelection,1772658109,1,0,0
9d4ijb45,432,dmnzn5h9,6,Pay_phase1,Reminder,1772658118,1,0,0
9d4ijb45,436,kl5z69cr,3,presurvey_part1,AudioCheck,1772658135,1,0,0
9d4ijb45,437,cl8dotkj,3,presurvey_part1,AudioCheck,1772658136,1,0,0
9d4ijb45,437,cl8dotkj,4,presurvey_part1,NeighborhoodInstruction,1772658151,1,0,0
9d4ijb45,442,nijilg1c,0,,InitializeParticipant,1772658159,1,0,0
9d4ijb45,435,0gtv4e8g,4,presurvey_part1,NeighborhoodInstruction,1772658160,1,0,0
9d4ijb45,443,icbnzwzb,0,,InitializeParticipant,1772658167,1,0,0
9d4ijb45,439,aof54m2d,1,presurvey_part1,Introduction,1772658168,1,0,0
9d4ijb45,437,cl8dotkj,5,presurvey_part1,Scenario,1772658181,1,0,0
9d4ijb45,443,icbnzwzb,1,presurvey_part1,Introduction,1772658188,1,0,0
9d4ijb45,443,icbnzwzb,2,presurvey_part1,TimeSelection,1772658209,1,0,0
9d4ijb45,444,o0squ9sm,0,,InitializeParticipant,1772658214,1,0,0
9d4ijb45,445,rqp13c4b,0,,InitializeParticipant,1772658226,1,0,0
9d4ijb45,443,icbnzwzb,3,presurvey_part1,AudioCheck,1772658227,1,0,0
9d4ijb45,436,kl5z69cr,4,presurvey_part1,NeighborhoodInstruction,1772658233,1,0,0
9d4ijb45,443,icbnzwzb,4,presurvey_part1,NeighborhoodInstruction,1772658234,1,0,0
9d4ijb45,446,0e9s8j28,0,,InitializeParticipant,1772658243,1,0,0
9d4ijb45,445,rqp13c4b,1,presurvey_part1,Introduction,1772658257,1,0,0
9d4ijb45,443,icbnzwzb,5,presurvey_part1,Scenario,1772658258,1,0,0
9d4ijb45,443,icbnzwzb,6,Pay_phase1,Reminder,1772658260,1,0,0
9d4ijb45,439,aof54m2d,2,presurvey_part1,TimeSelection,1772658265,1,0,0
9d4ijb45,445,rqp13c4b,2,presurvey_part1,TimeSelection,1772658267,1,0,0
9d4ijb45,440,wnzll918,1,presurvey_part1,Introduction,1772658269,1,0,0
9d4ijb45,444,o0squ9sm,1,presurvey_part1,Introduction,1772658280,1,0,0
9d4ijb45,436,kl5z69cr,5,presurvey_part1,Scenario,1772658282,1,0,0
9d4ijb45,445,rqp13c4b,3,presurvey_part1,AudioCheck,1772658285,1,0,0
9d4ijb45,436,kl5z69cr,6,Pay_phase1,Reminder,1772658296,1,0,0
9d4ijb45,445,rqp13c4b,4,presurvey_part1,NeighborhoodInstruction,1772658299,1,0,0
9d4ijb45,447,4zu3ywq4,0,,InitializeParticipant,1772658303,1,0,0
9d4ijb45,439,aof54m2d,3,presurvey_part1,AudioCheck,1772658317,1,0,0
9d4ijb45,444,o0squ9sm,2,presurvey_part1,TimeSelection,1772658323,1,0,0
9d4ijb45,435,0gtv4e8g,5,presurvey_part1,Scenario,1772658327,1,0,0
9d4ijb45,446,0e9s8j28,1,presurvey_part1,Introduction,1772658327,1,0,0
9d4ijb45,445,rqp13c4b,5,presurvey_part1,Scenario,1772658338,1,0,0
9d4ijb45,445,rqp13c4b,6,Pay_phase1,Reminder,1772658340,1,0,0
9d4ijb45,435,0gtv4e8g,6,Pay_phase1,Reminder,1772658343,1,0,0
9d4ijb45,448,lei681rz,0,,InitializeParticipant,1772658353,1,0,0
9d4ijb45,449,56crd6fz,0,,InitializeParticipant,1772658354,1,0,0
9d4ijb45,444,o0squ9sm,3,presurvey_part1,AudioCheck,1772658357,1,0,0
9d4ijb45,450,kc8v46cs,0,,InitializeParticipant,1772658363,1,0,0
9d4ijb45,449,56crd6fz,1,presurvey_part1,Introduction,1772658364,1,0,0
9d4ijb45,451,0qw6e0q8,0,,InitializeParticipant,1772658370,1,0,0
9d4ijb45,449,56crd6fz,2,presurvey_part1,TimeSelection,1772658375,1,0,0
9d4ijb45,440,wnzll918,2,presurvey_part1,TimeSelection,1772658376,1,0,0
9d4ijb45,452,i4g949mk,0,,InitializeParticipant,1772658379,1,0,0
9d4ijb45,446,0e9s8j28,2,presurvey_part1,TimeSelection,1772658390,1,0,0
9d4ijb45,444,o0squ9sm,4,presurvey_part1,NeighborhoodInstruction,1772658391,1,0,0
9d4ijb45,448,lei681rz,1,presurvey_part1,Introduction,1772658391,1,0,0
9d4ijb45,451,0qw6e0q8,1,presurvey_part1,Introduction,1772658396,1,0,0
9d4ijb45,450,kc8v46cs,1,presurvey_part1,Introduction,1772658398,1,0,0
9d4ijb45,449,56crd6fz,3,presurvey_part1,AudioCheck,1772658399,1,0,0
9d4ijb45,448,lei681rz,2,presurvey_part1,TimeSelection,1772658407,1,0,0
9d4ijb45,452,i4g949mk,1,presurvey_part1,Introduction,1772658408,1,0,0
9d4ijb45,451,0qw6e0q8,2,presurvey_part1,TimeSelection,1772658409,1,0,0
9d4ijb45,451,0qw6e0q8,3,presurvey_part1,AudioCheck,1772658424,1,0,0
9d4ijb45,449,56crd6fz,4,presurvey_part1,NeighborhoodInstruction,1772658426,1,0,0
9d4ijb45,448,lei681rz,3,presurvey_part1,AudioCheck,1772658426,1,0,0
9d4ijb45,452,i4g949mk,2,presurvey_part1,TimeSelection,1772658427,1,0,0
9d4ijb45,453,7hqzcr92,0,,InitializeParticipant,1772658430,1,0,0
9d4ijb45,451,0qw6e0q8,4,presurvey_part1,NeighborhoodInstruction,1772658433,1,0,0
9d4ijb45,446,0e9s8j28,3,presurvey_part1,AudioCheck,1772658434,1,0,0
9d4ijb45,448,lei681rz,4,presurvey_part1,NeighborhoodInstruction,1772658445,1,0,0
9d4ijb45,450,kc8v46cs,2,presurvey_part1,TimeSelection,1772658448,1,0,0
9d4ijb45,451,0qw6e0q8,5,presurvey_part1,Scenario,1772658449,1,0,0
9d4ijb45,453,7hqzcr92,1,presurvey_part1,Introduction,1772658451,1,0,0
9d4ijb45,449,56crd6fz,5,presurvey_part1,Scenario,1772658451,1,0,0
9d4ijb45,449,56crd6fz,6,Pay_phase1,Reminder,1772658457,1,0,0
9d4ijb45,444,o0squ9sm,5,presurvey_part1,Scenario,1772658459,1,0,0
9d4ijb45,452,i4g949mk,3,presurvey_part1,AudioCheck,1772658463,1,0,0
9d4ijb45,450,kc8v46cs,3,presurvey_part1,AudioCheck,1772658469,1,0,0
9d4ijb45,444,o0squ9sm,6,Pay_phase1,Reminder,1772658469,1,0,0
9d4ijb45,453,7hqzcr92,2,presurvey_part1,TimeSelection,1772658482,1,0,0
9d4ijb45,454,6ffrxm4t,0,,InitializeParticipant,1772658483,1,0,0
9d4ijb45,448,lei681rz,5,presurvey_part1,Scenario,1772658486,1,0,0
9d4ijb45,455,yxtorufh,0,,InitializeParticipant,1772658486,1,0,0
9d4ijb45,439,aof54m2d,4,presurvey_part1,NeighborhoodInstruction,1772658488,1,0,0
9d4ijb45,452,i4g949mk,4,presurvey_part1,NeighborhoodInstruction,1772658489,1,0,0
9d4ijb45,450,kc8v46cs,4,presurvey_part1,NeighborhoodInstruction,1772658492,1,0,0
9d4ijb45,448,lei681rz,6,Pay_phase1,Reminder,1772658494,1,0,0
9d4ijb45,453,7hqzcr92,3,presurvey_part1,AudioCheck,1772658499,1,0,0
9d4ijb45,456,yip3q1wg,0,,InitializeParticipant,1772658506,1,0,0
9d4ijb45,454,6ffrxm4t,1,presurvey_part1,Introduction,1772658515,1,0,0
9d4ijb45,453,7hqzcr92,4,presurvey_part1,NeighborhoodInstruction,1772658522,1,0,0
9d4ijb45,446,0e9s8j28,4,presurvey_part1,NeighborhoodInstruction,1772658523,1,0,0
9d4ijb45,457,t7c656p9,0,,InitializeParticipant,1772658525,1,0,0
9d4ijb45,450,kc8v46cs,5,presurvey_part1,Scenario,1772658533,1,0,0
9d4ijb45,439,aof54m2d,5,presurvey_part1,Scenario,1772658536,1,0,0
9d4ijb45,452,i4g949mk,5,presurvey_part1,Scenario,1772658539,1,0,0
9d4ijb45,456,yip3q1wg,1,presurvey_part1,Introduction,1772658540,1,0,0
9d4ijb45,454,6ffrxm4t,2,presurvey_part1,TimeSelection,1772658541,1,0,0
9d4ijb45,453,7hqzcr92,5,presurvey_part1,Scenario,1772658547,1,0,0
9d4ijb45,440,wnzll918,3,presurvey_part1,AudioCheck,1772658549,1,0,0
9d4ijb45,457,t7c656p9,1,presurvey_part1,Introduction,1772658551,1,0,0
9d4ijb45,450,kc8v46cs,6,Pay_phase1,Reminder,1772658552,1,0,0
9d4ijb45,458,nou0nbca,0,,InitializeParticipant,1772658553,1,0,0
9d4ijb45,452,i4g949mk,6,Pay_phase1,Reminder,1772658555,1,0,0
9d4ijb45,453,7hqzcr92,6,Pay_phase1,Reminder,1772658555,1,0,0
9d4ijb45,457,t7c656p9,2,presurvey_part1,TimeSelection,1772658569,1,0,0
9d4ijb45,454,6ffrxm4t,3,presurvey_part1,AudioCheck,1772658572,1,0,0
9d4ijb45,440,wnzll918,4,presurvey_part1,NeighborhoodInstruction,1772658580,1,0,0
9d4ijb45,459,1xcvmuyt,0,,InitializeParticipant,1772658581,1,0,0
9d4ijb45,446,0e9s8j28,5,presurvey_part1,Scenario,1772658583,1,0,0
9d4ijb45,458,nou0nbca,1,presurvey_part1,Introduction,1772658587,1,0,0
9d4ijb45,457,t7c656p9,3,presurvey_part1,AudioCheck,1772658590,1,0,0
9d4ijb45,454,6ffrxm4t,4,presurvey_part1,NeighborhoodInstruction,1772658596,1,0,0
9d4ijb45,457,t7c656p9,4,presurvey_part1,NeighborhoodInstruction,1772658604,1,0,0
9d4ijb45,440,wnzll918,5,presurvey_part1,Scenario,1772658619,1,0,0
9d4ijb45,440,wnzll918,6,Pay_phase1,Reminder,1772658624,1,0,0
9d4ijb45,457,t7c656p9,5,presurvey_part1,Scenario,1772658628,1,0,0
9d4ijb45,446,0e9s8j28,6,Pay_phase1,Reminder,1772658630,1,0,0
9d4ijb45,457,t7c656p9,6,Pay_phase1,Reminder,1772658631,1,0,0
9d4ijb45,458,nou0nbca,2,presurvey_part1,TimeSelection,1772658635,1,0,0
9d4ijb45,460,anbqdpm3,0,,InitializeParticipant,1772658667,1,0,0
9d4ijb45,461,njzumfyl,0,,InitializeParticipant,1772658695,1,0,0
9d4ijb45,454,6ffrxm4t,5,presurvey_part1,Scenario,1772658696,1,0,0
9d4ijb45,460,anbqdpm3,1,presurvey_part1,Introduction,1772658700,1,0,0
9d4ijb45,454,6ffrxm4t,6,Pay_phase1,Reminder,1772658700,1,0,0
9d4ijb45,460,anbqdpm3,2,presurvey_part1,TimeSelection,1772658741,1,0,0
9d4ijb45,461,njzumfyl,1,presurvey_part1,Introduction,1772658765,1,0,0
9d4ijb45,458,nou0nbca,3,presurvey_part1,AudioCheck,1772658778,1,0,0
9d4ijb45,460,anbqdpm3,3,presurvey_part1,AudioCheck,1772658792,1,0,0
9d4ijb45,455,yxtorufh,1,presurvey_part1,Introduction,1772658812,1,0,0
9d4ijb45,460,anbqdpm3,4,presurvey_part1,NeighborhoodInstruction,1772658817,1,0,0
9d4ijb45,455,yxtorufh,2,presurvey_part1,TimeSelection,1772658858,1,0,0
9d4ijb45,462,v8nfufl5,0,,InitializeParticipant,1772658862,1,0,0
9d4ijb45,460,anbqdpm3,5,presurvey_part1,Scenario,1772658864,1,0,0
9d4ijb45,463,qvmr6f9g,0,,InitializeParticipant,1772658874,1,0,0
9d4ijb45,460,anbqdpm3,6,Pay_phase1,Reminder,1772658896,1,0,0
9d4ijb45,463,qvmr6f9g,1,presurvey_part1,Introduction,1772658905,1,0,0
9d4ijb45,455,yxtorufh,3,presurvey_part1,AudioCheck,1772658913,1,0,0
9d4ijb45,463,qvmr6f9g,2,presurvey_part1,TimeSelection,1772658931,1,0,0
9d4ijb45,464,j3r8twkv,0,,InitializeParticipant,1772658950,1,0,0
9d4ijb45,463,qvmr6f9g,3,presurvey_part1,AudioCheck,1772658951,1,0,0
9d4ijb45,462,v8nfufl5,1,presurvey_part1,Introduction,1772658958,1,0,0
9d4ijb45,463,qvmr6f9g,4,presurvey_part1,NeighborhoodInstruction,1772658965,1,0,0
9d4ijb45,455,yxtorufh,4,presurvey_part1,NeighborhoodInstruction,1772658966,1,0,0
9d4ijb45,465,rhq2wb5l,0,,InitializeParticipant,1772658966,1,0,0
9d4ijb45,463,qvmr6f9g,5,presurvey_part1,Scenario,1772658986,1,0,0
9d4ijb45,465,rhq2wb5l,1,presurvey_part1,Introduction,1772658998,1,0,0
9d4ijb45,464,j3r8twkv,1,presurvey_part1,Introduction,1772659018,1,0,0
9d4ijb45,465,rhq2wb5l,2,presurvey_part1,TimeSelection,1772659020,1,0,0
9d4ijb45,465,rhq2wb5l,3,presurvey_part1,AudioCheck,1772659048,1,0,0
9d4ijb45,464,j3r8twkv,2,presurvey_part1,TimeSelection,1772659048,1,0,0
9d4ijb45,466,lj6857xf,0,,InitializeParticipant,1772659049,1,0,0
9d4ijb45,455,yxtorufh,5,presurvey_part1,Scenario,1772659053,1,0,0
9d4ijb45,465,rhq2wb5l,4,presurvey_part1,NeighborhoodInstruction,1772659057,1,0,0
9d4ijb45,464,j3r8twkv,3,presurvey_part1,AudioCheck,1772659061,1,0,0
9d4ijb45,464,j3r8twkv,4,presurvey_part1,NeighborhoodInstruction,1772659072,1,0,0
9d4ijb45,455,yxtorufh,6,Pay_phase1,Reminder,1772659076,1,0,0
9d4ijb45,465,rhq2wb5l,5,presurvey_part1,Scenario,1772659080,1,0,0
9d4ijb45,462,v8nfufl5,2,presurvey_part1,TimeSelection,1772659088,1,0,0
9d4ijb45,465,rhq2wb5l,6,Pay_phase1,Reminder,1772659092,1,0,0
9d4ijb45,464,j3r8twkv,5,presurvey_part1,Scenario,1772659097,1,0,0
9d4ijb45,466,lj6857xf,1,presurvey_part1,Introduction,1772659107,1,0,0
9d4ijb45,467,pg353nnk,0,,InitializeParticipant,1772659123,1,0,0
9d4ijb45,462,v8nfufl5,3,presurvey_part1,AudioCheck,1772659135,1,0,0
9d4ijb45,468,0olyn3m3,0,,InitializeParticipant,1772659154,1,0,0
9d4ijb45,466,lj6857xf,2,presurvey_part1,TimeSelection,1772659163,1,0,0
9d4ijb45,468,0olyn3m3,1,presurvey_part1,Introduction,1772659165,1,0,0
9d4ijb45,462,v8nfufl5,4,presurvey_part1,NeighborhoodInstruction,1772659179,1,0,0
9d4ijb45,466,lj6857xf,3,presurvey_part1,AudioCheck,1772659184,1,0,0
9d4ijb45,466,lj6857xf,4,presurvey_part1,NeighborhoodInstruction,1772659188,1,0,0
9d4ijb45,469,9m5g0js6,0,,InitializeParticipant,1772659221,1,0,0
9d4ijb45,470,4h42rsri,0,,InitializeParticipant,1772659228,1,0,0
9d4ijb45,469,9m5g0js6,1,presurvey_part1,Introduction,1772659231,1,0,0
9d4ijb45,462,v8nfufl5,5,presurvey_part1,Scenario,1772659235,1,0,0
9d4ijb45,466,lj6857xf,5,presurvey_part1,Scenario,1772659245,1,0,0
9d4ijb45,469,9m5g0js6,2,presurvey_part1,TimeSelection,1772659252,1,0,0
9d4ijb45,470,4h42rsri,1,presurvey_part1,Introduction,1772659259,1,0,0
9d4ijb45,469,9m5g0js6,3,presurvey_part1,AudioCheck,1772659262,1,0,0
9d4ijb45,469,9m5g0js6,4,presurvey_part1,NeighborhoodInstruction,1772659267,1,0,0
9d4ijb45,469,9m5g0js6,5,presurvey_part1,Scenario,1772659284,1,0,0
9d4ijb45,469,9m5g0js6,6,Pay_phase1,Reminder,1772659287,1,0,0
9d4ijb45,471,uupr7l0d,0,,InitializeParticipant,1772659319,1,0,0
9d4ijb45,471,uupr7l0d,1,presurvey_part1,Introduction,1772659327,1,0,0
9d4ijb45,471,uupr7l0d,2,presurvey_part1,TimeSelection,1772659340,1,0,0
9d4ijb45,472,ibiqf66o,0,,InitializeParticipant,1772659355,1,0,0
9d4ijb45,471,uupr7l0d,3,presurvey_part1,AudioCheck,1772659358,1,0,0
9d4ijb45,471,uupr7l0d,4,presurvey_part1,NeighborhoodInstruction,1772659366,1,0,0
9d4ijb45,471,uupr7l0d,5,presurvey_part1,Scenario,1772659388,1,0,0
9d4ijb45,472,ibiqf66o,1,presurvey_part1,Introduction,1772659396,1,0,0
9d4ijb45,473,1bd833ya,0,,InitializeParticipant,1772659400,1,0,0
9d4ijb45,474,0vfmrn6q,0,,InitializeParticipant,1772659443,1,0,0
9d4ijb45,475,ectvujb9,0,,InitializeParticipant,1772659492,1,0,0
9d4ijb45,475,ectvujb9,1,presurvey_part1,Introduction,1772659526,1,0,0
9d4ijb45,476,pmeeuhb3,0,,InitializeParticipant,1772659530,1,0,0
9d4ijb45,475,ectvujb9,2,presurvey_part1,TimeSelection,1772659548,1,0,0
9d4ijb45,475,ectvujb9,3,presurvey_part1,AudioCheck,1772659577,1,0,0
9d4ijb45,475,ectvujb9,4,presurvey_part1,NeighborhoodInstruction,1772659599,1,0,0
9d4ijb45,477,fexq3le2,0,,InitializeParticipant,1772659618,1,0,0
9d4ijb45,476,pmeeuhb3,1,presurvey_part1,Introduction,1772659625,1,0,0
9d4ijb45,475,ectvujb9,5,presurvey_part1,Scenario,1772659631,1,0,0
9d4ijb45,478,hbqf8hkw,0,,InitializeParticipant,1772659645,1,0,0
9d4ijb45,479,kekx33aw,0,,InitializeParticipant,1772659661,1,0,0
9d4ijb45,480,7k8t8p4i,0,,InitializeParticipant,1772659661,1,0,0
9d4ijb45,478,hbqf8hkw,1,presurvey_part1,Introduction,1772659669,1,0,0
9d4ijb45,479,kekx33aw,1,presurvey_part1,Introduction,1772659683,1,0,0
9d4ijb45,481,col6xqbc,0,,InitializeParticipant,1772659688,1,0,0
9d4ijb45,480,7k8t8p4i,1,presurvey_part1,Introduction,1772659690,1,0,0
9d4ijb45,481,col6xqbc,1,presurvey_part1,Introduction,1772659707,1,0,0
9d4ijb45,482,pd156o5j,0,,InitializeParticipant,1772659710,1,0,0
9d4ijb45,478,hbqf8hkw,2,presurvey_part1,TimeSelection,1772659717,1,0,0
9d4ijb45,479,kekx33aw,2,presurvey_part1,TimeSelection,1772659720,1,0,0
9d4ijb45,479,kekx33aw,3,presurvey_part1,AudioCheck,1772659735,1,0,0
9d4ijb45,477,fexq3le2,1,presurvey_part1,Introduction,1772659748,1,0,0
9d4ijb45,481,col6xqbc,2,presurvey_part1,TimeSelection,1772659753,1,0,0
9d4ijb45,481,col6xqbc,3,presurvey_part1,AudioCheck,1772659770,1,0,0
9d4ijb45,483,0m5rp38m,0,,InitializeParticipant,1772659776,1,0,0
9d4ijb45,481,col6xqbc,4,presurvey_part1,NeighborhoodInstruction,1772659780,1,0,0
9d4ijb45,484,tts4mvgp,0,,InitializeParticipant,1772659781,1,0,0
9d4ijb45,479,kekx33aw,4,presurvey_part1,NeighborhoodInstruction,1772659783,1,0,0
9d4ijb45,478,hbqf8hkw,3,presurvey_part1,AudioCheck,1772659793,1,0,0
9d4ijb45,481,col6xqbc,5,presurvey_part1,Scenario,1772659800,1,0,0
9d4ijb45,483,0m5rp38m,1,presurvey_part1,Introduction,1772659800,1,0,0
9d4ijb45,484,tts4mvgp,1,presurvey_part1,Introduction,1772659802,1,0,0
9d4ijb45,481,col6xqbc,6,Pay_phase1,Reminder,1772659803,1,0,0
9d4ijb45,485,s0esexsm,0,,InitializeParticipant,1772659803,1,0,0
9d4ijb45,478,hbqf8hkw,4,presurvey_part1,NeighborhoodInstruction,1772659807,1,0,0
9d4ijb45,484,tts4mvgp,2,presurvey_part1,TimeSelection,1772659817,1,0,0
9d4ijb45,479,kekx33aw,5,presurvey_part1,Scenario,1772659819,1,0,0
9d4ijb45,483,0m5rp38m,2,presurvey_part1,TimeSelection,1772659822,1,0,0
9d4ijb45,479,kekx33aw,6,Pay_phase1,Reminder,1772659827,1,0,0
9d4ijb45,484,tts4mvgp,3,presurvey_part1,AudioCheck,1772659831,1,0,0
9d4ijb45,478,hbqf8hkw,5,presurvey_part1,Scenario,1772659835,1,0,0
9d4ijb45,485,s0esexsm,1,presurvey_part1,Introduction,1772659839,1,0,0
9d4ijb45,484,tts4mvgp,4,presurvey_part1,NeighborhoodInstruction,1772659845,1,0,0
9d4ijb45,483,0m5rp38m,3,presurvey_part1,AudioCheck,1772659847,1,0,0
9d4ijb45,485,s0esexsm,2,presurvey_part1,TimeSelection,1772659870,1,0,0
9d4ijb45,486,tgbmd0vk,0,,InitializeParticipant,1772659871,1,0,0
9d4ijb45,484,tts4mvgp,5,presurvey_part1,Scenario,1772659889,1,0,0
9d4ijb45,484,tts4mvgp,6,Pay_phase1,Reminder,1772659891,1,0,0
9d4ijb45,485,s0esexsm,3,presurvey_part1,AudioCheck,1772659893,1,0,0
9d4ijb45,483,0m5rp38m,4,presurvey_part1,NeighborhoodInstruction,1772659894,1,0,0
9d4ijb45,485,s0esexsm,4,presurvey_part1,NeighborhoodInstruction,1772659908,1,0,0
9d4ijb45,483,0m5rp38m,5,presurvey_part1,Scenario,1772659931,1,0,0
9d4ijb45,485,s0esexsm,5,presurvey_part1,Scenario,1772659943,1,0,0
9d4ijb45,487,gitpcx0s,0,,InitializeParticipant,1772659947,1,0,0
9d4ijb45,483,0m5rp38m,6,Pay_phase1,Reminder,1772659952,1,0,0
9d4ijb45,485,s0esexsm,6,Pay_phase1,Reminder,1772659954,1,0,0
9d4ijb45,488,tr087h5v,0,,InitializeParticipant,1772659974,1,0,0
9d4ijb45,489,ayeikdm0,0,,InitializeParticipant,1772659994,1,0,0
9d4ijb45,489,ayeikdm0,1,presurvey_part1,Introduction,1772660006,1,0,0
9d4ijb45,488,tr087h5v,1,presurvey_part1,Introduction,1772660017,1,0,0
9d4ijb45,488,tr087h5v,2,presurvey_part1,TimeSelection,1772660036,1,0,0
9d4ijb45,490,ds8feqws,0,,InitializeParticipant,1772660048,1,0,0
9d4ijb45,488,tr087h5v,3,presurvey_part1,AudioCheck,1772660051,1,0,0
9d4ijb45,489,ayeikdm0,2,presurvey_part1,TimeSelection,1772660053,1,0,0
9d4ijb45,488,tr087h5v,4,presurvey_part1,NeighborhoodInstruction,1772660071,1,0,0
9d4ijb45,489,ayeikdm0,3,presurvey_part1,AudioCheck,1772660079,1,0,0
9d4ijb45,491,a8ebeeya,0,,InitializeParticipant,1772660090,1,0,0
9d4ijb45,488,tr087h5v,5,presurvey_part1,Scenario,1772660091,1,0,0
9d4ijb45,490,ds8feqws,1,presurvey_part1,Introduction,1772660094,1,0,0
9d4ijb45,492,lfmxnsml,0,,InitializeParticipant,1772660103,1,0,0
9d4ijb45,489,ayeikdm0,4,presurvey_part1,NeighborhoodInstruction,1772660108,1,0,0
9d4ijb45,490,ds8feqws,2,presurvey_part1,TimeSelection,1772660119,1,0,0
9d4ijb45,492,lfmxnsml,1,presurvey_part1,Introduction,1772660124,1,0,0
9d4ijb45,492,lfmxnsml,2,presurvey_part1,TimeSelection,1772660147,1,0,0
9d4ijb45,489,ayeikdm0,5,presurvey_part1,Scenario,1772660153,1,0,0
9d4ijb45,492,lfmxnsml,3,presurvey_part1,AudioCheck,1772660163,1,0,0
9d4ijb45,493,fsqhzt69,0,,InitializeParticipant,1772660168,1,0,0
9d4ijb45,490,ds8feqws,3,presurvey_part1,AudioCheck,1772660173,1,0,0
9d4ijb45,489,ayeikdm0,6,Pay_phase1,Reminder,1772660176,1,0,0
9d4ijb45,492,lfmxnsml,4,presurvey_part1,NeighborhoodInstruction,1772660177,1,0,0
9d4ijb45,492,lfmxnsml,5,presurvey_part1,Scenario,1772660196,1,0,0
9d4ijb45,492,lfmxnsml,6,Pay_phase1,Reminder,1772660199,1,0,0
9d4ijb45,494,ptepocxn,0,,InitializeParticipant,1772660272,1,0,0
9d4ijb45,495,l30d04e1,0,,InitializeParticipant,1772660292,1,0,0
9d4ijb45,496,0rfsfris,0,,InitializeParticipant,1772660308,1,0,0
9d4ijb45,497,tjb9qc2l,0,,InitializeParticipant,1772660338,1,0,0
9d4ijb45,497,tjb9qc2l,1,presurvey_part1,Introduction,1772660359,1,0,0
9d4ijb45,495,l30d04e1,1,presurvey_part1,Introduction,1772660399,1,0,0
9d4ijb45,498,4lcycc7f,0,,InitializeParticipant,1772660416,1,0,0
9d4ijb45,495,l30d04e1,2,presurvey_part1,TimeSelection,1772660467,1,0,0
9d4ijb45,499,v2wobxmj,0,,InitializeParticipant,1772660467,1,0,0
9d4ijb45,500,akohr0a9,0,,InitializeParticipant,1772660472,1,0,0
9d4ijb45,500,akohr0a9,1,presurvey_part1,Introduction,1772660483,1,0,0
9d4ijb45,498,4lcycc7f,1,presurvey_part1,Introduction,1772660491,1,0,0
9d4ijb45,495,l30d04e1,3,presurvey_part1,AudioCheck,1772660502,1,0,0
9d4ijb45,499,v2wobxmj,1,presurvey_part1,Introduction,1772660520,1,0,0
9d4ijb45,501,pq737da4,0,,InitializeParticipant,1772660525,1,0,0
9d4ijb45,495,l30d04e1,4,presurvey_part1,NeighborhoodInstruction,1772660527,1,0,0
9d4ijb45,499,v2wobxmj,2,presurvey_part1,TimeSelection,1772660545,1,0,0
9d4ijb45,502,phskjasb,0,,InitializeParticipant,1772660572,1,0,0
9d4ijb45,495,l30d04e1,5,presurvey_part1,Scenario,1772660585,1,0,0
9d4ijb45,502,phskjasb,1,presurvey_part1,Introduction,1772660602,1,0,0
9d4ijb45,503,i2vamptm,0,,InitializeParticipant,1772660606,1,0,0
9d4ijb45,499,v2wobxmj,3,presurvey_part1,AudioCheck,1772660612,1,0,0
9d4ijb45,504,x51ghper,0,,InitializeParticipant,1772660626,1,0,0
9d4ijb45,499,v2wobxmj,4,presurvey_part1,NeighborhoodInstruction,1772660641,1,0,0
9d4ijb45,503,i2vamptm,1,presurvey_part1,Introduction,1772660648,1,0,0
9d4ijb45,505,h1o0mb15,0,,InitializeParticipant,1772660651,1,0,0
9d4ijb45,502,phskjasb,2,presurvey_part1,TimeSelection,1772660656,1,0,0
9d4ijb45,505,h1o0mb15,1,presurvey_part1,Introduction,1772660663,1,0,0
9d4ijb45,499,v2wobxmj,5,presurvey_part1,Scenario,1772660668,1,0,0
9d4ijb45,502,phskjasb,3,presurvey_part1,AudioCheck,1772660685,1,0,0
9d4ijb45,503,i2vamptm,2,presurvey_part1,TimeSelection,1772660686,1,0,0
9d4ijb45,505,h1o0mb15,2,presurvey_part1,TimeSelection,1772660701,1,0,0
9d4ijb45,504,x51ghper,1,presurvey_part1,Introduction,1772660714,1,0,0
9d4ijb45,502,phskjasb,4,presurvey_part1,NeighborhoodInstruction,1772660717,1,0,0
9d4ijb45,506,eaavhvh7,0,,InitializeParticipant,1772660722,1,0,0
9d4ijb45,505,h1o0mb15,3,presurvey_part1,AudioCheck,1772660727,1,0,0
9d4ijb45,503,i2vamptm,3,presurvey_part1,AudioCheck,1772660727,1,0,0
9d4ijb45,505,h1o0mb15,4,presurvey_part1,NeighborhoodInstruction,1772660736,1,0,0
9d4ijb45,503,i2vamptm,4,presurvey_part1,NeighborhoodInstruction,1772660748,1,0,0
9d4ijb45,502,phskjasb,5,presurvey_part1,Scenario,1772660750,1,0,0
9d4ijb45,504,x51ghper,2,presurvey_part1,TimeSelection,1772660760,1,0,0
9d4ijb45,507,l0nyd2la,0,,InitializeParticipant,1772660767,1,0,0
9d4ijb45,506,eaavhvh7,1,presurvey_part1,Introduction,1772660774,1,0,0
9d4ijb45,504,x51ghper,3,presurvey_part1,AudioCheck,1772660777,1,0,0
9d4ijb45,504,x51ghper,4,presurvey_part1,NeighborhoodInstruction,1772660794,1,0,0
9d4ijb45,505,h1o0mb15,5,presurvey_part1,Scenario,1772660798,1,0,0
9d4ijb45,503,i2vamptm,5,presurvey_part1,Scenario,1772660807,1,0,0
9d4ijb45,503,i2vamptm,6,Pay_phase1,Reminder,1772660818,1,0,0
9d4ijb45,508,sdvlul3a,0,,InitializeParticipant,1772660858,1,0,0
9d4ijb45,509,hl22ayew,0,,InitializeParticipant,1772660868,1,0,0
9d4ijb45,504,x51ghper,5,presurvey_part1,Scenario,1772660881,1,0,0
9d4ijb45,504,x51ghper,6,Pay_phase1,Reminder,1772660891,1,0,0
9d4ijb45,510,kqhc7ket,0,,InitializeParticipant,1772660894,1,0,0
9d4ijb45,511,jd4aslpv,0,,InitializeParticipant,1772660901,1,0,0
9d4ijb45,508,sdvlul3a,1,presurvey_part1,Introduction,1772660904,1,0,0
9d4ijb45,512,zv1muskl,0,,InitializeParticipant,1772660905,1,0,0
9d4ijb45,513,27pngjyt,0,,InitializeParticipant,1772660912,1,0,0
9d4ijb45,506,eaavhvh7,2,presurvey_part1,TimeSelection,1772660912,1,0,0
9d4ijb45,510,kqhc7ket,1,presurvey_part1,Introduction,1772660914,1,0,0
9d4ijb45,508,sdvlul3a,2,presurvey_part1,TimeSelection,1772660930,1,0,0
9d4ijb45,511,jd4aslpv,1,presurvey_part1,Introduction,1772660933,1,0,0
9d4ijb45,512,zv1muskl,1,presurvey_part1,Introduction,1772660933,1,0,0
9d4ijb45,513,27pngjyt,1,presurvey_part1,Introduction,1772660938,1,0,0
9d4ijb45,510,kqhc7ket,2,presurvey_part1,TimeSelection,1772660941,1,0,0
9d4ijb45,509,hl22ayew,1,presurvey_part1,Introduction,1772660942,1,0,0
9d4ijb45,508,sdvlul3a,3,presurvey_part1,AudioCheck,1772660956,1,0,0
9d4ijb45,514,zsbxj9s7,0,,InitializeParticipant,1772660959,1,0,0
9d4ijb45,508,sdvlul3a,4,presurvey_part1,NeighborhoodInstruction,1772660961,1,0,0
9d4ijb45,510,kqhc7ket,3,presurvey_part1,AudioCheck,1772660963,1,0,0
9d4ijb45,511,jd4aslpv,2,presurvey_part1,TimeSelection,1772660974,1,0,0
9d4ijb45,514,zsbxj9s7,1,presurvey_part1,Introduction,1772660975,1,0,0
9d4ijb45,508,sdvlul3a,5,presurvey_part1,Scenario,1772660980,1,0,0
9d4ijb45,513,27pngjyt,2,presurvey_part1,TimeSelection,1772660981,1,0,0
9d4ijb45,508,sdvlul3a,6,Pay_phase1,Reminder,1772660986,1,0,0
9d4ijb45,510,kqhc7ket,4,presurvey_part1,NeighborhoodInstruction,1772660993,1,0,0
9d4ijb45,511,jd4aslpv,3,presurvey_part1,AudioCheck,1772660996,1,0,0
9d4ijb45,511,jd4aslpv,4,presurvey_part1,NeighborhoodInstruction,1772661008,1,0,0
9d4ijb45,513,27pngjyt,3,presurvey_part1,AudioCheck,1772661008,1,0,0
9d4ijb45,506,eaavhvh7,3,presurvey_part1,AudioCheck,1772661012,1,0,0
9d4ijb45,515,ms8wzmx2,0,,InitializeParticipant,1772661022,1,0,0
9d4ijb45,510,kqhc7ket,5,presurvey_part1,Scenario,1772661027,1,0,0
9d4ijb45,509,hl22ayew,2,presurvey_part1,TimeSelection,1772661027,1,0,0
9d4ijb45,510,kqhc7ket,6,Pay_phase1,Reminder,1772661043,1,0,0
9d4ijb45,516,s1etkwdm,0,,InitializeParticipant,1772661043,1,0,0
9d4ijb45,513,27pngjyt,4,presurvey_part1,NeighborhoodInstruction,1772661044,1,0,0
9d4ijb45,511,jd4aslpv,5,presurvey_part1,Scenario,1772661056,1,0,0
9d4ijb45,515,ms8wzmx2,1,presurvey_part1,Introduction,1772661059,1,0,0
9d4ijb45,516,s1etkwdm,1,presurvey_part1,Introduction,1772661069,1,0,0
9d4ijb45,511,jd4aslpv,6,Pay_phase1,Reminder,1772661071,1,0,0
9d4ijb45,513,27pngjyt,5,presurvey_part1,Scenario,1772661081,1,0,0
9d4ijb45,509,hl22ayew,3,presurvey_part1,AudioCheck,1772661097,1,0,0
9d4ijb45,516,s1etkwdm,2,presurvey_part1,TimeSelection,1772661105,1,0,0
9d4ijb45,517,1so1p4qi,0,,InitializeParticipant,1772661132,1,0,0
9d4ijb45,518,42riq3ou,0,,InitializeParticipant,1772661140,1,0,0
9d4ijb45,516,s1etkwdm,3,presurvey_part1,AudioCheck,1772661143,1,0,0
9d4ijb45,518,42riq3ou,1,presurvey_part1,Introduction,1772661146,1,0,0
9d4ijb45,517,1so1p4qi,1,presurvey_part1,Introduction,1772661174,1,0,0
9d4ijb45,516,s1etkwdm,4,presurvey_part1,NeighborhoodInstruction,1772661176,1,0,0
9d4ijb45,513,27pngjyt,6,Pay_phase1,Reminder,1772661204,1,0,0
9d4ijb45,516,s1etkwdm,5,presurvey_part1,Scenario,1772661213,1,0,0
9d4ijb45,517,1so1p4qi,2,presurvey_part1,TimeSelection,1772661215,1,0,0
9d4ijb45,516,s1etkwdm,6,Pay_phase1,Reminder,1772661216,1,0,0
9d4ijb45,517,1so1p4qi,3,presurvey_part1,AudioCheck,1772661238,1,0,0
9d4ijb45,509,hl22ayew,4,presurvey_part1,NeighborhoodInstruction,1772661242,1,0,0
9d4ijb45,517,1so1p4qi,4,presurvey_part1,NeighborhoodInstruction,1772661253,1,0,0
9d4ijb45,517,1so1p4qi,5,presurvey_part1,Scenario,1772661290,1,0,0
9d4ijb45,519,o7p75ows,0,,InitializeParticipant,1772661332,1,0,0
9d4ijb45,520,y48rain4,0,,InitializeParticipant,1772661361,1,0,0
9d4ijb45,519,o7p75ows,1,presurvey_part1,Introduction,1772661384,1,0,0
9d4ijb45,520,y48rain4,1,presurvey_part1,Introduction,1772661387,1,0,0
9d4ijb45,519,o7p75ows,2,presurvey_part1,TimeSelection,1772661400,1,0,0
9d4ijb45,509,hl22ayew,5,presurvey_part1,Scenario,1772661407,1,0,0
9d4ijb45,521,j93qiu29,0,,InitializeParticipant,1772661419,1,0,0
9d4ijb45,521,j93qiu29,1,presurvey_part1,Introduction,1772661449,1,0,0
9d4ijb45,521,j93qiu29,2,presurvey_part1,TimeSelection,1772661472,1,0,0
9d4ijb45,521,j93qiu29,3,presurvey_part1,AudioCheck,1772661487,1,0,0
9d4ijb45,522,2knoe042,0,,InitializeParticipant,1772661494,1,0,0
9d4ijb45,521,j93qiu29,4,presurvey_part1,NeighborhoodInstruction,1772661514,1,0,0
9d4ijb45,523,5u6sdb2q,0,,InitializeParticipant,1772661531,1,0,0
9d4ijb45,521,j93qiu29,5,presurvey_part1,Scenario,1772661539,1,0,0
9d4ijb45,524,df9x5wdx,0,,InitializeParticipant,1772661542,1,0,0
9d4ijb45,525,1j6npqfm,0,,InitializeParticipant,1772661544,1,0,0
9d4ijb45,526,1pnbiv7q,0,,InitializeParticipant,1772661546,1,0,0
9d4ijb45,523,5u6sdb2q,1,presurvey_part1,Introduction,1772661550,1,0,0
9d4ijb45,524,df9x5wdx,1,presurvey_part1,Introduction,1772661555,1,0,0
9d4ijb45,523,5u6sdb2q,2,presurvey_part1,TimeSelection,1772661562,1,0,0
9d4ijb45,526,1pnbiv7q,1,presurvey_part1,Introduction,1772661566,1,0,0
9d4ijb45,527,mff7vbrp,0,,InitializeParticipant,1772661571,1,0,0
9d4ijb45,524,df9x5wdx,2,presurvey_part1,TimeSelection,1772661579,1,0,0
9d4ijb45,526,1pnbiv7q,2,presurvey_part1,TimeSelection,1772661584,1,0,0
9d4ijb45,523,5u6sdb2q,3,presurvey_part1,AudioCheck,1772661584,1,0,0
9d4ijb45,519,o7p75ows,3,presurvey_part1,AudioCheck,1772661595,1,0,0
9d4ijb45,523,5u6sdb2q,4,presurvey_part1,NeighborhoodInstruction,1772661598,1,0,0
9d4ijb45,524,df9x5wdx,3,presurvey_part1,AudioCheck,1772661599,1,0,0
9d4ijb45,526,1pnbiv7q,3,presurvey_part1,AudioCheck,1772661603,1,0,0
9d4ijb45,519,o7p75ows,4,presurvey_part1,NeighborhoodInstruction,1772661608,1,0,0
9d4ijb45,524,df9x5wdx,4,presurvey_part1,NeighborhoodInstruction,1772661609,1,0,0
9d4ijb45,528,emrn75yn,0,,InitializeParticipant,1772661619,1,0,0
9d4ijb45,529,urjwdela,0,,InitializeParticipant,1772661621,1,0,0
9d4ijb45,530,7kp2vutf,0,,InitializeParticipant,1772661622,1,0,0
9d4ijb45,523,5u6sdb2q,5,presurvey_part1,Scenario,1772661624,1,0,0
9d4ijb45,531,0pcysfmv,0,,InitializeParticipant,1772661625,1,0,0
9d4ijb45,519,o7p75ows,5,presurvey_part1,Scenario,1772661628,1,0,0
9d4ijb45,528,emrn75yn,1,presurvey_part1,Introduction,1772661632,1,0,0
9d4ijb45,529,urjwdela,1,presurvey_part1,Introduction,1772661634,1,0,0
9d4ijb45,519,o7p75ows,6,Pay_phase1,Reminder,1772661636,1,0,0
9d4ijb45,524,df9x5wdx,5,presurvey_part1,Scenario,1772661637,1,0,0
9d4ijb45,526,1pnbiv7q,4,presurvey_part1,NeighborhoodInstruction,1772661645,1,0,0
9d4ijb45,530,7kp2vutf,1,presurvey_part1,Introduction,1772661645,1,0,0
9d4ijb45,529,urjwdela,2,presurvey_part1,TimeSelection,1772661653,1,0,0
9d4ijb45,507,l0nyd2la,1,presurvey_part1,Introduction,1772661657,1,0,0
9d4ijb45,531,0pcysfmv,1,presurvey_part1,Introduction,1772661657,1,0,0
9d4ijb45,529,urjwdela,3,presurvey_part1,AudioCheck,1772661661,1,0,0
9d4ijb45,525,1j6npqfm,1,presurvey_part1,Introduction,1772661666,1,0,0
9d4ijb45,529,urjwdela,4,presurvey_part1,NeighborhoodInstruction,1772661668,1,0,0
9d4ijb45,530,7kp2vutf,2,presurvey_part1,TimeSelection,1772661677,1,0,0
9d4ijb45,529,urjwdela,5,presurvey_part1,Scenario,1772661684,1,0,0
9d4ijb45,506,eaavhvh7,4,presurvey_part1,NeighborhoodInstruction,1772661698,1,0,0
9d4ijb45,530,7kp2vutf,3,presurvey_part1,AudioCheck,1772661700,1,0,0
9d4ijb45,507,l0nyd2la,2,presurvey_part1,TimeSelection,1772661702,1,0,0
9d4ijb45,532,s6xor1zd,0,,InitializeParticipant,1772661712,1,0,0
9d4ijb45,507,l0nyd2la,3,presurvey_part1,AudioCheck,1772661716,1,0,0
9d4ijb45,530,7kp2vutf,4,presurvey_part1,NeighborhoodInstruction,1772661721,1,0,0
9d4ijb45,506,eaavhvh7,5,presurvey_part1,Scenario,1772661725,1,0,0
9d4ijb45,507,l0nyd2la,4,presurvey_part1,NeighborhoodInstruction,1772661729,1,0,0
9d4ijb45,533,3d8ikrep,0,,InitializeParticipant,1772661729,1,0,0
9d4ijb45,532,s6xor1zd,1,presurvey_part1,Introduction,1772661733,1,0,0
9d4ijb45,525,1j6npqfm,2,presurvey_part1,TimeSelection,1772661734,1,0,0
9d4ijb45,534,cqyhgltc,0,,InitializeParticipant,1772661743,1,0,0
9d4ijb45,507,l0nyd2la,5,presurvey_part1,Scenario,1772661749,1,0,0
9d4ijb45,530,7kp2vutf,5,presurvey_part1,Scenario,1772661754,1,0,0
9d4ijb45,530,7kp2vutf,6,Pay_phase1,Reminder,1772661757,1,0,0
9d4ijb45,525,1j6npqfm,3,presurvey_part1,AudioCheck,1772661758,1,0,0
9d4ijb45,526,1pnbiv7q,5,presurvey_part1,Scenario,1772661759,1,0,0
9d4ijb45,532,s6xor1zd,2,presurvey_part1,TimeSelection,1772661772,1,0,0
9d4ijb45,535,jsgq5o09,0,,InitializeParticipant,1772661783,1,0,0
9d4ijb45,533,3d8ikrep,1,presurvey_part1,Introduction,1772661789,1,0,0
9d4ijb45,536,27g4bja4,0,,InitializeParticipant,1772661794,1,0,0
9d4ijb45,532,s6xor1zd,3,presurvey_part1,AudioCheck,1772661805,1,0,0
9d4ijb45,534,cqyhgltc,1,presurvey_part1,Introduction,1772661813,1,0,0
9d4ijb45,525,1j6npqfm,4,presurvey_part1,NeighborhoodInstruction,1772661820,1,0,0
9d4ijb45,532,s6xor1zd,4,presurvey_part1,NeighborhoodInstruction,1772661826,1,0,0
9d4ijb45,537,0mqpqgcj,0,,InitializeParticipant,1772661844,1,0,0
9d4ijb45,536,27g4bja4,1,presurvey_part1,Introduction,1772661847,1,0,0
9d4ijb45,538,nn4oxjem,0,,InitializeParticipant,1772661860,1,0,0
9d4ijb45,525,1j6npqfm,5,presurvey_part1,Scenario,1772661864,1,0,0
9d4ijb45,536,27g4bja4,2,presurvey_part1,TimeSelection,1772661874,1,0,0
9d4ijb45,539,98817jum,0,,InitializeParticipant,1772661876,1,0,0
9d4ijb45,540,du57njqp,0,,InitializeParticipant,1772661879,1,0,0
9d4ijb45,532,s6xor1zd,5,presurvey_part1,Scenario,1772661880,1,0,0
9d4ijb45,532,s6xor1zd,6,Pay_phase1,Reminder,1772661885,1,0,0
9d4ijb45,533,3d8ikrep,2,presurvey_part1,TimeSelection,1772661885,1,0,0
9d4ijb45,541,vlivfc4j,0,,InitializeParticipant,1772661894,1,0,0
9d4ijb45,540,du57njqp,1,presurvey_part1,Introduction,1772661901,1,0,0
9d4ijb45,536,27g4bja4,3,presurvey_part1,AudioCheck,1772661907,1,0,0
9d4ijb45,533,3d8ikrep,3,presurvey_part1,AudioCheck,1772661909,1,0,0
9d4ijb45,542,thk50d47,0,,InitializeParticipant,1772661926,1,0,0
9d4ijb45,536,27g4bja4,4,presurvey_part1,NeighborhoodInstruction,1772661931,1,0,0
9d4ijb45,540,du57njqp,2,presurvey_part1,TimeSelection,1772661939,1,0,0
9d4ijb45,543,gw2zco1w,0,,InitializeParticipant,1772661945,1,0,0
9d4ijb45,542,thk50d47,1,presurvey_part1,Introduction,1772661949,1,0,0
9d4ijb45,544,zduizgn7,0,,InitializeParticipant,1772661952,1,0,0
9d4ijb45,543,gw2zco1w,1,presurvey_part1,Introduction,1772661964,1,0,0
9d4ijb45,545,ulmcqwor,0,,InitializeParticipant,1772661966,1,0,0
9d4ijb45,542,thk50d47,2,presurvey_part1,TimeSelection,1772661969,1,0,0
9d4ijb45,536,27g4bja4,5,presurvey_part1,Scenario,1772661969,1,0,0
9d4ijb45,544,zduizgn7,1,presurvey_part1,Introduction,1772661978,1,0,0
9d4ijb45,536,27g4bja4,6,Pay_phase1,Reminder,1772661979,1,0,0
9d4ijb45,533,3d8ikrep,4,presurvey_part1,NeighborhoodInstruction,1772661980,1,0,0
9d4ijb45,542,thk50d47,3,presurvey_part1,AudioCheck,1772662000,1,0,0
9d4ijb45,543,gw2zco1w,2,presurvey_part1,TimeSelection,1772662001,1,0,0
9d4ijb45,533,3d8ikrep,5,presurvey_part1,Scenario,1772662004,1,0,0
9d4ijb45,540,du57njqp,3,presurvey_part1,AudioCheck,1772662011,1,0,0
9d4ijb45,533,3d8ikrep,6,Pay_phase1,Reminder,1772662011,1,0,0
9d4ijb45,543,gw2zco1w,3,presurvey_part1,AudioCheck,1772662021,1,0,0
9d4ijb45,542,thk50d47,4,presurvey_part1,NeighborhoodInstruction,1772662021,1,0,0
9d4ijb45,545,ulmcqwor,1,presurvey_part1,Introduction,1772662022,1,0,0
9d4ijb45,540,du57njqp,4,presurvey_part1,NeighborhoodInstruction,1772662033,1,0,0
9d4ijb45,543,gw2zco1w,4,presurvey_part1,NeighborhoodInstruction,1772662042,1,0,0
9d4ijb45,540,du57njqp,5,presurvey_part1,Scenario,1772662049,1,0,0
9d4ijb45,535,jsgq5o09,1,presurvey_part1,Introduction,1772662052,1,0,0
9d4ijb45,540,du57njqp,6,Pay_phase1,Reminder,1772662056,1,0,0
9d4ijb45,542,thk50d47,5,presurvey_part1,Scenario,1772662062,1,0,0
9d4ijb45,543,gw2zco1w,5,presurvey_part1,Scenario,1772662085,1,0,0
9d4ijb45,535,jsgq5o09,2,presurvey_part1,TimeSelection,1772662092,1,0,0
9d4ijb45,544,zduizgn7,2,presurvey_part1,TimeSelection,1772662096,1,0,0
9d4ijb45,544,zduizgn7,3,presurvey_part1,AudioCheck,1772662110,1,0,0
9d4ijb45,535,jsgq5o09,3,presurvey_part1,AudioCheck,1772662118,1,0,0
9d4ijb45,546,ugevgkit,0,,InitializeParticipant,1772662150,1,0,0
9d4ijb45,545,ulmcqwor,2,presurvey_part1,TimeSelection,1772662150,1,0,0
9d4ijb45,544,zduizgn7,4,presurvey_part1,NeighborhoodInstruction,1772662161,1,0,0
9d4ijb45,545,ulmcqwor,3,presurvey_part1,AudioCheck,1772662170,1,0,0
9d4ijb45,546,ugevgkit,1,presurvey_part1,Introduction,1772662171,1,0,0
9d4ijb45,544,zduizgn7,5,presurvey_part1,Scenario,1772662186,1,0,0
9d4ijb45,546,ugevgkit,2,presurvey_part1,TimeSelection,1772662202,1,0,0
9d4ijb45,535,jsgq5o09,4,presurvey_part1,NeighborhoodInstruction,1772662206,1,0,0
9d4ijb45,545,ulmcqwor,4,presurvey_part1,NeighborhoodInstruction,1772662207,1,0,0
9d4ijb45,546,ugevgkit,3,presurvey_part1,AudioCheck,1772662217,1,0,0
9d4ijb45,546,ugevgkit,4,presurvey_part1,NeighborhoodInstruction,1772662227,1,0,0
9d4ijb45,547,8f7xh4r4,0,,InitializeParticipant,1772662227,1,0,0
9d4ijb45,545,ulmcqwor,5,presurvey_part1,Scenario,1772662238,1,0,0
9d4ijb45,547,8f7xh4r4,1,presurvey_part1,Introduction,1772662253,1,0,0
9d4ijb45,546,ugevgkit,5,presurvey_part1,Scenario,1772662256,1,0,0
9d4ijb45,538,nn4oxjem,1,presurvey_part1,Introduction,1772662261,1,0,0
9d4ijb45,547,8f7xh4r4,2,presurvey_part1,TimeSelection,1772662278,1,0,0
9d4ijb45,547,8f7xh4r4,3,presurvey_part1,AudioCheck,1772662290,1,0,0
9d4ijb45,547,8f7xh4r4,4,presurvey_part1,NeighborhoodInstruction,1772662294,1,0,0
9d4ijb45,538,nn4oxjem,2,presurvey_part1,TimeSelection,1772662301,1,0,0
9d4ijb45,547,8f7xh4r4,5,presurvey_part1,Scenario,1772662311,1,0,0
9d4ijb45,547,8f7xh4r4,6,Pay_phase1,Reminder,1772662314,1,0,0
9d4ijb45,538,nn4oxjem,3,presurvey_part1,AudioCheck,1772662331,1,0,0
9d4ijb45,548,mcv64cd0,0,,InitializeParticipant,1772662362,1,0,0
9d4ijb45,548,mcv64cd0,1,presurvey_part1,Introduction,1772662374,1,0,0
9d4ijb45,535,jsgq5o09,5,presurvey_part1,Scenario,1772662380,1,0,0
9d4ijb45,538,nn4oxjem,4,presurvey_part1,NeighborhoodInstruction,1772662382,1,0,0
9d4ijb45,548,mcv64cd0,2,presurvey_part1,TimeSelection,1772662385,1,0,0
9d4ijb45,535,jsgq5o09,6,Pay_phase1,Reminder,1772662397,1,0,0
9d4ijb45,548,mcv64cd0,3,presurvey_part1,AudioCheck,1772662397,1,0,0
9d4ijb45,548,mcv64cd0,4,presurvey_part1,NeighborhoodInstruction,1772662415,1,0,0
9d4ijb45,538,nn4oxjem,5,presurvey_part1,Scenario,1772662438,1,0,0
9d4ijb45,548,mcv64cd0,5,presurvey_part1,Scenario,1772662441,1,0,0
9d4ijb45,545,ulmcqwor,6,Pay_phase1,Reminder,1772662442,1,0,0
9d4ijb45,548,mcv64cd0,6,Pay_phase1,Reminder,1772662450,1,0,0
9d4ijb45,549,j7cskl89,0,,InitializeParticipant,1772662461,1,0,0
9d4ijb45,549,j7cskl89,1,presurvey_part1,Introduction,1772662486,1,0,0
9d4ijb45,550,an9hq17q,0,,InitializeParticipant,1772662501,1,0,0
9d4ijb45,549,j7cskl89,2,presurvey_part1,TimeSelection,1772662501,1,0,0
9d4ijb45,550,an9hq17q,1,presurvey_part1,Introduction,1772662511,1,0,0
9d4ijb45,549,j7cskl89,3,presurvey_part1,AudioCheck,1772662513,1,0,0
9d4ijb45,549,j7cskl89,4,presurvey_part1,NeighborhoodInstruction,1772662530,1,0,0
9d4ijb45,549,j7cskl89,5,presurvey_part1,Scenario,1772662566,1,0,0
9d4ijb45,549,j7cskl89,6,Pay_phase1,Reminder,1772662569,1,0,0
9d4ijb45,551,uz6s4rq8,0,,InitializeParticipant,1772662610,1,0,0
9d4ijb45,552,450js7gn,0,,InitializeParticipant,1772662616,1,0,0
9d4ijb45,552,450js7gn,1,presurvey_part1,Introduction,1772662641,1,0,0
9d4ijb45,552,450js7gn,2,presurvey_part1,TimeSelection,1772662670,1,0,0
9d4ijb45,552,450js7gn,3,presurvey_part1,AudioCheck,1772662688,1,0,0
9d4ijb45,552,450js7gn,4,presurvey_part1,NeighborhoodInstruction,1772662700,1,0,0
9d4ijb45,553,qbv2bzu4,0,,InitializeParticipant,1772662734,1,0,0
9d4ijb45,554,hme2jz9r,0,,InitializeParticipant,1772662735,1,0,0
9d4ijb45,555,cqrf0g6f,0,,InitializeParticipant,1772662737,1,0,0
9d4ijb45,552,450js7gn,5,presurvey_part1,Scenario,1772662738,1,0,0
9d4ijb45,556,65wif9p3,0,,InitializeParticipant,1772662738,1,0,0
9d4ijb45,557,1pfi95bx,0,,InitializeParticipant,1772662746,1,0,0
9d4ijb45,558,9er0gjr2,0,,InitializeParticipant,1772662751,1,0,0
9d4ijb45,555,cqrf0g6f,1,presurvey_part1,Introduction,1772662763,1,0,0
9d4ijb45,553,qbv2bzu4,1,presurvey_part1,Introduction,1772662774,1,0,0
9d4ijb45,559,xc4629k6,0,,InitializeParticipant,1772662775,1,0,0
9d4ijb45,554,hme2jz9r,1,presurvey_part1,Introduction,1772662775,1,0,0
9d4ijb45,556,65wif9p3,1,presurvey_part1,Introduction,1772662776,1,0,0
9d4ijb45,554,hme2jz9r,2,presurvey_part1,TimeSelection,1772662786,1,0,0
9d4ijb45,556,65wif9p3,2,presurvey_part1,TimeSelection,1772662792,1,0,0
9d4ijb45,555,cqrf0g6f,2,presurvey_part1,TimeSelection,1772662793,1,0,0
9d4ijb45,557,1pfi95bx,1,presurvey_part1,Introduction,1772662803,1,0,0
9d4ijb45,554,hme2jz9r,3,presurvey_part1,AudioCheck,1772662809,1,0,0
9d4ijb45,560,5z6e8x0a,0,,InitializeParticipant,1772662813,1,0,0
9d4ijb45,559,xc4629k6,1,presurvey_part1,Introduction,1772662813,1,0,0
9d4ijb45,556,65wif9p3,3,presurvey_part1,AudioCheck,1772662813,1,0,0
9d4ijb45,555,cqrf0g6f,3,presurvey_part1,AudioCheck,1772662824,1,0,0
9d4ijb45,554,hme2jz9r,4,presurvey_part1,NeighborhoodInstruction,1772662827,1,0,0
9d4ijb45,553,qbv2bzu4,2,presurvey_part1,TimeSelection,1772662835,1,0,0
9d4ijb45,555,cqrf0g6f,4,presurvey_part1,NeighborhoodInstruction,1772662837,1,0,0
9d4ijb45,554,hme2jz9r,5,presurvey_part1,Scenario,1772662842,1,0,0
9d4ijb45,557,1pfi95bx,2,presurvey_part1,TimeSelection,1772662842,1,0,0
9d4ijb45,560,5z6e8x0a,1,presurvey_part1,Introduction,1772662843,1,0,0
9d4ijb45,554,hme2jz9r,6,Pay_phase1,Reminder,1772662845,1,0,0
9d4ijb45,556,65wif9p3,4,presurvey_part1,NeighborhoodInstruction,1772662848,1,0,0
9d4ijb45,555,cqrf0g6f,5,presurvey_part1,Scenario,1772662865,1,0,0
9d4ijb45,555,cqrf0g6f,6,Pay_phase1,Reminder,1772662870,1,0,0
9d4ijb45,560,5z6e8x0a,2,presurvey_part1,TimeSelection,1772662883,1,0,0
9d4ijb45,557,1pfi95bx,3,presurvey_part1,AudioCheck,1772662891,1,0,0
9d4ijb45,556,65wif9p3,5,presurvey_part1,Scenario,1772662899,1,0,0
9d4ijb45,561,vpinlwgy,0,,InitializeParticipant,1772662901,1,0,0
9d4ijb45,556,65wif9p3,6,Pay_phase1,Reminder,1772662906,1,0,0
9d4ijb45,553,qbv2bzu4,3,presurvey_part1,AudioCheck,1772662907,1,0,0
9d4ijb45,560,5z6e8x0a,3,presurvey_part1,AudioCheck,1772662913,1,0,0
9d4ijb45,561,vpinlwgy,1,presurvey_part1,Introduction,1772662925,1,0,0
9d4ijb45,560,5z6e8x0a,4,presurvey_part1,NeighborhoodInstruction,1772662939,1,0,0
9d4ijb45,561,vpinlwgy,2,presurvey_part1,TimeSelection,1772662940,1,0,0
9d4ijb45,561,vpinlwgy,3,presurvey_part1,AudioCheck,1772662952,1,0,0
9d4ijb45,557,1pfi95bx,4,presurvey_part1,NeighborhoodInstruction,1772662961,1,0,0
9d4ijb45,560,5z6e8x0a,5,presurvey_part1,Scenario,1772662962,1,0,0
9d4ijb45,561,vpinlwgy,4,presurvey_part1,NeighborhoodInstruction,1772662963,1,0,0
9d4ijb45,561,vpinlwgy,5,presurvey_part1,Scenario,1772662971,1,0,0
9d4ijb45,561,vpinlwgy,6,Pay_phase1,Reminder,1772662977,1,0,0
9d4ijb45,560,5z6e8x0a,6,Pay_phase1,Reminder,1772662979,1,0,0
9d4ijb45,557,1pfi95bx,5,presurvey_part1,Scenario,1772663038,1,0,0
9d4ijb45,557,1pfi95bx,6,Pay_phase1,Reminder,1772663050,1,0,0
9d4ijb45,562,pq2qbyu6,0,,InitializeParticipant,1772663076,1,0,0
9d4ijb45,563,3zkbh16u,0,,InitializeParticipant,1772663097,1,0,0
9d4ijb45,564,7svfuwab,0,,InitializeParticipant,1772663097,1,0,0
9d4ijb45,562,pq2qbyu6,1,presurvey_part1,Introduction,1772663112,1,0,0
9d4ijb45,565,v8vdo6nl,0,,InitializeParticipant,1772663115,1,0,0
9d4ijb45,566,i4mkd9qp,0,,InitializeParticipant,1772663147,1,0,0
9d4ijb45,566,i4mkd9qp,1,presurvey_part1,Introduction,1772663170,1,0,0
9d4ijb45,565,v8vdo6nl,1,presurvey_part1,Introduction,1772663177,1,0,0
9d4ijb45,553,qbv2bzu4,4,presurvey_part1,NeighborhoodInstruction,1772663182,1,0,0
9d4ijb45,565,v8vdo6nl,2,presurvey_part1,TimeSelection,1772663188,1,0,0
9d4ijb45,567,hz73t5h4,0,,InitializeParticipant,1772663194,1,0,0
9d4ijb45,568,iv7jetrw,0,,InitializeParticipant,1772663201,1,0,0
9d4ijb45,567,hz73t5h4,1,presurvey_part1,Introduction,1772663203,1,0,0
9d4ijb45,565,v8vdo6nl,3,presurvey_part1,AudioCheck,1772663206,1,0,0
9d4ijb45,567,hz73t5h4,2,presurvey_part1,TimeSelection,1772663217,1,0,0
9d4ijb45,565,v8vdo6nl,4,presurvey_part1,NeighborhoodInstruction,1772663223,1,0,0
9d4ijb45,566,i4mkd9qp,2,presurvey_part1,TimeSelection,1772663225,1,0,0
9d4ijb45,569,vpsozl9r,0,,InitializeParticipant,1772663232,1,0,0
9d4ijb45,567,hz73t5h4,3,presurvey_part1,AudioCheck,1772663234,1,0,0
9d4ijb45,570,lin6ry3w,0,,InitializeParticipant,1772663251,1,0,0
9d4ijb45,567,hz73t5h4,4,presurvey_part1,NeighborhoodInstruction,1772663254,1,0,0
9d4ijb45,553,qbv2bzu4,5,presurvey_part1,Scenario,1772663257,1,0,0
9d4ijb45,566,i4mkd9qp,3,presurvey_part1,AudioCheck,1772663259,1,0,0
9d4ijb45,565,v8vdo6nl,5,presurvey_part1,Scenario,1772663265,1,0,0
9d4ijb45,569,vpsozl9r,1,presurvey_part1,Introduction,1772663266,1,0,0
9d4ijb45,566,i4mkd9qp,4,presurvey_part1,NeighborhoodInstruction,1772663270,1,0,0
9d4ijb45,567,hz73t5h4,5,presurvey_part1,Scenario,1772663279,1,0,0
9d4ijb45,567,hz73t5h4,6,Pay_phase1,Reminder,1772663282,1,0,0
9d4ijb45,566,i4mkd9qp,5,presurvey_part1,Scenario,1772663296,1,0,0
9d4ijb45,569,vpsozl9r,2,presurvey_part1,TimeSelection,1772663304,1,0,0
9d4ijb45,571,839ii875,0,,InitializeParticipant,1772663321,1,0,0
9d4ijb45,569,vpsozl9r,3,presurvey_part1,AudioCheck,1772663336,1,0,0
9d4ijb45,572,lp272oaw,0,,InitializeParticipant,1772663353,1,0,0
9d4ijb45,572,lp272oaw,1,presurvey_part1,Introduction,1772663360,1,0,0
9d4ijb45,568,iv7jetrw,1,presurvey_part1,Introduction,1772663361,1,0,0
9d4ijb45,569,vpsozl9r,4,presurvey_part1,NeighborhoodInstruction,1772663364,1,0,0
9d4ijb45,573,nfcfudm7,0,,InitializeParticipant,1772663382,1,0,0
9d4ijb45,573,nfcfudm7,1,presurvey_part1,Introduction,1772663395,1,0,0
9d4ijb45,571,839ii875,1,presurvey_part1,Introduction,1772663400,1,0,0
9d4ijb45,569,vpsozl9r,5,presurvey_part1,Scenario,1772663402,1,0,0
9d4ijb45,568,iv7jetrw,2,presurvey_part1,TimeSelection,1772663406,1,0,0
9d4ijb45,572,lp272oaw,2,presurvey_part1,TimeSelection,1772663418,1,0,0
9d4ijb45,569,vpsozl9r,6,Pay_phase1,Reminder,1772663428,1,0,0
9d4ijb45,574,qxhjyz91,0,,InitializeParticipant,1772663437,1,0,0
9d4ijb45,573,nfcfudm7,2,presurvey_part1,TimeSelection,1772663452,1,0,0
9d4ijb45,572,lp272oaw,3,presurvey_part1,AudioCheck,1772663452,1,0,0
9d4ijb45,573,nfcfudm7,3,presurvey_part1,AudioCheck,1772663468,1,0,0
9d4ijb45,574,qxhjyz91,1,presurvey_part1,Introduction,1772663470,1,0,0
9d4ijb45,568,iv7jetrw,3,presurvey_part1,AudioCheck,1772663470,1,0,0
9d4ijb45,571,839ii875,2,presurvey_part1,TimeSelection,1772663484,1,0,0
9d4ijb45,575,93op7ule,0,,InitializeParticipant,1772663484,1,0,0
9d4ijb45,575,93op7ule,1,presurvey_part1,Introduction,1772663509,1,0,0
9d4ijb45,572,lp272oaw,4,presurvey_part1,NeighborhoodInstruction,1772663513,1,0,0
9d4ijb45,573,nfcfudm7,4,presurvey_part1,NeighborhoodInstruction,1772663518,1,0,0
9d4ijb45,574,qxhjyz91,2,presurvey_part1,TimeSelection,1772663520,1,0,0
9d4ijb45,575,93op7ule,2,presurvey_part1,TimeSelection,1772663526,1,0,0
9d4ijb45,568,iv7jetrw,4,presurvey_part1,NeighborhoodInstruction,1772663534,1,0,0
9d4ijb45,574,qxhjyz91,3,presurvey_part1,AudioCheck,1772663538,1,0,0
9d4ijb45,575,93op7ule,3,presurvey_part1,AudioCheck,1772663538,1,0,0
9d4ijb45,573,nfcfudm7,5,presurvey_part1,Scenario,1772663540,1,0,0
9d4ijb45,575,93op7ule,4,presurvey_part1,NeighborhoodInstruction,1772663546,1,0,0
9d4ijb45,571,839ii875,3,presurvey_part1,AudioCheck,1772663557,1,0,0
9d4ijb45,576,m5ov2c28,0,,InitializeParticipant,1772663563,1,0,0
9d4ijb45,575,93op7ule,5,presurvey_part1,Scenario,1772663570,1,0,0
9d4ijb45,574,qxhjyz91,4,presurvey_part1,NeighborhoodInstruction,1772663571,1,0,0
9d4ijb45,574,qxhjyz91,5,presurvey_part1,Scenario,1772663594,1,0,0
9d4ijb45,574,qxhjyz91,6,Pay_phase1,Reminder,1772663599,1,0,0
9d4ijb45,571,839ii875,4,presurvey_part1,NeighborhoodInstruction,1772663606,1,0,0
9d4ijb45,568,iv7jetrw,5,presurvey_part1,Scenario,1772663608,1,0,0
9d4ijb45,572,lp272oaw,5,presurvey_part1,Scenario,1772663636,1,0,0
9d4ijb45,572,lp272oaw,6,Pay_phase1,Reminder,1772663651,1,0,0
9d4ijb45,571,839ii875,5,presurvey_part1,Scenario,1772663659,1,0,0
9d4ijb45,577,46g7jqqv,0,,InitializeParticipant,1772663671,1,0,0
9d4ijb45,578,ehfq1zf1,0,,InitializeParticipant,1772663681,1,0,0
9d4ijb45,579,ls0d9e26,0,,InitializeParticipant,1772663693,1,0,0
9d4ijb45,579,ls0d9e26,1,presurvey_part1,Introduction,1772663723,1,0,0
9d4ijb45,577,46g7jqqv,1,presurvey_part1,Introduction,1772663751,1,0,0
9d4ijb45,580,115d8df3,0,,InitializeParticipant,1772663758,1,0,0
9d4ijb45,577,46g7jqqv,2,presurvey_part1,TimeSelection,1772663784,1,0,0
9d4ijb45,577,46g7jqqv,3,presurvey_part1,AudioCheck,1772663816,1,0,0
9d4ijb45,577,46g7jqqv,4,presurvey_part1,NeighborhoodInstruction,1772663898,1,0,0
9d4ijb45,581,l2rzdt05,0,,InitializeParticipant,1772663928,1,0,0
9d4ijb45,577,46g7jqqv,5,presurvey_part1,Scenario,1772663937,1,0,0
9d4ijb45,582,t4aegffr,0,,InitializeParticipant,1772663982,1,0,0
9d4ijb45,583,ii8nvogv,0,,InitializeParticipant,1772664018,1,0,0
9d4ijb45,583,ii8nvogv,1,presurvey_part1,Introduction,1772664028,1,0,0
9d4ijb45,584,sj3memll,0,,InitializeParticipant,1772664030,1,0,0
9d4ijb45,583,ii8nvogv,2,presurvey_part1,TimeSelection,1772664045,1,0,0
9d4ijb45,584,sj3memll,1,presurvey_part1,Introduction,1772664055,1,0,0
9d4ijb45,583,ii8nvogv,3,presurvey_part1,AudioCheck,1772664061,1,0,0
9d4ijb45,585,mpmd08yj,0,,InitializeParticipant,1772664063,1,0,0
9d4ijb45,583,ii8nvogv,4,presurvey_part1,NeighborhoodInstruction,1772664067,1,0,0
9d4ijb45,584,sj3memll,2,presurvey_part1,TimeSelection,1772664071,1,0,0
9d4ijb45,584,sj3memll,3,presurvey_part1,AudioCheck,1772664085,1,0,0
9d4ijb45,585,mpmd08yj,1,presurvey_part1,Introduction,1772664087,1,0,0
9d4ijb45,584,sj3memll,4,presurvey_part1,NeighborhoodInstruction,1772664097,1,0,0
9d4ijb45,584,sj3memll,5,presurvey_part1,Scenario,1772664116,1,0,0
9d4ijb45,577,46g7jqqv,6,Pay_phase1,Reminder,1772664126,1,0,0
9d4ijb45,585,mpmd08yj,2,presurvey_part1,TimeSelection,1772664142,1,0,0
9d4ijb45,583,ii8nvogv,5,presurvey_part1,Scenario,1772664147,1,0,0
9d4ijb45,586,jcg2jwet,0,,InitializeParticipant,1772664149,1,0,0
9d4ijb45,585,mpmd08yj,3,presurvey_part1,AudioCheck,1772664161,1,0,0
9d4ijb45,585,mpmd08yj,4,presurvey_part1,NeighborhoodInstruction,1772664168,1,0,0
9d4ijb45,585,mpmd08yj,5,presurvey_part1,Scenario,1772664177,1,0,0
9d4ijb45,585,mpmd08yj,6,Pay_phase1,Reminder,1772664188,1,0,0
9d4ijb45,586,jcg2jwet,1,presurvey_part1,Introduction,1772664253,1,0,0
9d4ijb45,587,qdsbb9cn,0,,InitializeParticipant,1772664253,1,0,0
9d4ijb45,587,qdsbb9cn,1,presurvey_part1,Introduction,1772664280,1,0,0
9d4ijb45,587,qdsbb9cn,2,presurvey_part1,TimeSelection,1772664288,1,0,0
9d4ijb45,588,a4am7zuf,0,,InitializeParticipant,1772664292,1,0,0
9d4ijb45,586,jcg2jwet,2,presurvey_part1,TimeSelection,1772664295,1,0,0
9d4ijb45,589,fs9t655k,0,,InitializeParticipant,1772664300,1,0,0
9d4ijb45,587,qdsbb9cn,3,presurvey_part1,AudioCheck,1772664315,1,0,0
9d4ijb45,590,6vy7k8qg,0,,InitializeParticipant,1772664317,1,0,0
9d4ijb45,586,jcg2jwet,3,presurvey_part1,AudioCheck,1772664322,1,0,0
9d4ijb45,586,jcg2jwet,4,presurvey_part1,NeighborhoodInstruction,1772664343,1,0,0
9d4ijb45,586,jcg2jwet,5,presurvey_part1,Scenario,1772664386,1,0,0
9d4ijb45,586,jcg2jwet,6,Pay_phase1,Reminder,1772664393,1,0,0
9d4ijb45,588,a4am7zuf,1,presurvey_part1,Introduction,1772664418,1,0,0
9d4ijb45,587,qdsbb9cn,4,presurvey_part1,NeighborhoodInstruction,1772664420,1,0,0
9d4ijb45,590,6vy7k8qg,1,presurvey_part1,Introduction,1772664421,1,0,0
9d4ijb45,591,75grz7h6,0,,InitializeParticipant,1772664446,1,0,0
9d4ijb45,588,a4am7zuf,2,presurvey_part1,TimeSelection,1772664452,1,0,0
9d4ijb45,587,qdsbb9cn,5,presurvey_part1,Scenario,1772664478,1,0,0
9d4ijb45,592,a8aw81b6,0,,InitializeParticipant,1772664479,1,0,0
9d4ijb45,593,6cb1d44d,0,,InitializeParticipant,1772664481,1,0,0
9d4ijb45,588,a4am7zuf,3,presurvey_part1,AudioCheck,1772664486,1,0,0
9d4ijb45,590,6vy7k8qg,2,presurvey_part1,TimeSelection,1772664486,1,0,0
9d4ijb45,588,a4am7zuf,4,presurvey_part1,NeighborhoodInstruction,1772664502,1,0,0
9d4ijb45,592,a8aw81b6,1,presurvey_part1,Introduction,1772664506,1,0,0
9d4ijb45,590,6vy7k8qg,3,presurvey_part1,AudioCheck,1772664517,1,0,0
9d4ijb45,593,6cb1d44d,1,presurvey_part1,Introduction,1772664532,1,0,0
9d4ijb45,588,a4am7zuf,5,presurvey_part1,Scenario,1772664542,1,0,0
9d4ijb45,588,a4am7zuf,6,Pay_phase1,Reminder,1772664547,1,0,0
9d4ijb45,590,6vy7k8qg,4,presurvey_part1,NeighborhoodInstruction,1772664553,1,0,0
9d4ijb45,590,6vy7k8qg,5,presurvey_part1,Scenario,1772664597,1,0,0
9d4ijb45,593,6cb1d44d,2,presurvey_part1,TimeSelection,1772664597,1,0,0
9d4ijb45,593,6cb1d44d,3,presurvey_part1,AudioCheck,1772664631,1,0,0
9d4ijb45,593,6cb1d44d,4,presurvey_part1,NeighborhoodInstruction,1772664648,1,0,0
9d4ijb45,593,6cb1d44d,5,presurvey_part1,Scenario,1772664707,1,0,0
9d4ijb45,593,6cb1d44d,6,Pay_phase1,Reminder,1772664717,1,0,0
9d4ijb45,591,75grz7h6,1,presurvey_part1,Introduction,1772664719,1,0,0
9d4ijb45,594,1lt5t1wl,0,,InitializeParticipant,1772664733,1,0,0
9d4ijb45,595,rxt58fwr,0,,InitializeParticipant,1772664750,1,0,0
9d4ijb45,596,ozlgwk7f,0,,InitializeParticipant,1772664751,1,0,0
9d4ijb45,597,osj7f9a2,0,,InitializeParticipant,1772664751,1,0,0
9d4ijb45,594,1lt5t1wl,1,presurvey_part1,Introduction,1772664753,1,0,0
9d4ijb45,594,1lt5t1wl,2,presurvey_part1,TimeSelection,1772664799,1,0,0
9d4ijb45,598,9ekad59p,0,,InitializeParticipant,1772664809,1,0,0
9d4ijb45,594,1lt5t1wl,3,presurvey_part1,AudioCheck,1772664823,1,0,0
9d4ijb45,598,9ekad59p,1,presurvey_part1,Introduction,1772664824,1,0,0
9d4ijb45,599,r80ure3r,0,,InitializeParticipant,1772664838,1,0,0
9d4ijb45,598,9ekad59p,2,presurvey_part1,TimeSelection,1772664841,1,0,0
9d4ijb45,594,1lt5t1wl,4,presurvey_part1,NeighborhoodInstruction,1772664847,1,0,0
9d4ijb45,598,9ekad59p,3,presurvey_part1,AudioCheck,1772664851,1,0,0
9d4ijb45,594,1lt5t1wl,5,presurvey_part1,Scenario,1772664876,1,0,0
9d4ijb45,594,1lt5t1wl,6,Pay_phase1,Reminder,1772664887,1,0,0
9d4ijb45,600,x8tz0eqj,0,,InitializeParticipant,1772664902,1,0,0
9d4ijb45,598,9ekad59p,4,presurvey_part1,NeighborhoodInstruction,1772664910,1,0,0
9d4ijb45,598,9ekad59p,5,presurvey_part1,Scenario,1772664922,1,0,0
9d4ijb45,601,prcaa0dl,0,,InitializeParticipant,1772664947,1,0,0
9d4ijb45,602,r8616mo7,0,,InitializeParticipant,1772664948,1,0,0
9d4ijb45,596,ozlgwk7f,1,presurvey_part1,Introduction,1772664955,1,0,0
9d4ijb45,602,r8616mo7,1,presurvey_part1,Introduction,1772664963,1,0,0
9d4ijb45,602,r8616mo7,2,presurvey_part1,TimeSelection,1772664980,1,0,0
9d4ijb45,601,prcaa0dl,1,presurvey_part1,Introduction,1772665014,1,0,0
9d4ijb45,603,oh2jpwke,0,,InitializeParticipant,1772665017,1,0,0
9d4ijb45,604,fonhcm54,0,,InitializeParticipant,1772665030,1,0,0
9d4ijb45,601,prcaa0dl,2,presurvey_part1,TimeSelection,1772665031,1,0,0
9d4ijb45,596,ozlgwk7f,2,presurvey_part1,TimeSelection,1772665031,1,0,0
9d4ijb45,602,r8616mo7,3,presurvey_part1,AudioCheck,1772665039,1,0,0
9d4ijb45,602,r8616mo7,4,presurvey_part1,NeighborhoodInstruction,1772665043,1,0,0
9d4ijb45,603,oh2jpwke,1,presurvey_part1,Introduction,1772665052,1,0,0
9d4ijb45,604,fonhcm54,1,presurvey_part1,Introduction,1772665064,1,0,0
9d4ijb45,602,r8616mo7,5,presurvey_part1,Scenario,1772665064,1,0,0
9d4ijb45,596,ozlgwk7f,3,presurvey_part1,AudioCheck,1772665064,1,0,0
9d4ijb45,602,r8616mo7,6,Pay_phase1,Reminder,1772665067,1,0,0
9d4ijb45,601,prcaa0dl,3,presurvey_part1,AudioCheck,1772665077,1,0,0
9d4ijb45,604,fonhcm54,2,presurvey_part1,TimeSelection,1772665110,1,0,0
9d4ijb45,601,prcaa0dl,4,presurvey_part1,NeighborhoodInstruction,1772665115,1,0,0
9d4ijb45,603,oh2jpwke,2,presurvey_part1,TimeSelection,1772665121,1,0,0
9d4ijb45,605,io5r88jf,0,,InitializeParticipant,1772665137,1,0,0
9d4ijb45,606,pr6jr2i2,0,,InitializeParticipant,1772665143,1,0,0
9d4ijb45,604,fonhcm54,3,presurvey_part1,AudioCheck,1772665155,1,0,0
9d4ijb45,603,oh2jpwke,3,presurvey_part1,AudioCheck,1772665159,1,0,0
9d4ijb45,604,fonhcm54,4,presurvey_part1,NeighborhoodInstruction,1772665164,1,0,0
9d4ijb45,601,prcaa0dl,5,presurvey_part1,Scenario,1772665169,1,0,0
9d4ijb45,601,prcaa0dl,6,Pay_phase1,Reminder,1772665176,1,0,0
9d4ijb45,606,pr6jr2i2,1,presurvey_part1,Introduction,1772665177,1,0,0
9d4ijb45,603,oh2jpwke,4,presurvey_part1,NeighborhoodInstruction,1772665180,1,0,0
9d4ijb45,604,fonhcm54,5,presurvey_part1,Scenario,1772665180,1,0,0
9d4ijb45,604,fonhcm54,6,Pay_phase1,Reminder,1772665184,1,0,0
9d4ijb45,607,u9zqm6ux,0,,InitializeParticipant,1772665187,1,0,0
9d4ijb45,607,u9zqm6ux,1,presurvey_part1,Introduction,1772665205,1,0,0
9d4ijb45,603,oh2jpwke,5,presurvey_part1,Scenario,1772665222,1,0,0
9d4ijb45,607,u9zqm6ux,2,presurvey_part1,TimeSelection,1772665238,1,0,0
9d4ijb45,608,4wqt81hi,0,,InitializeParticipant,1772665240,1,0,0
9d4ijb45,609,1ncynjw9,0,,InitializeParticipant,1772665250,1,0,0
9d4ijb45,610,b7hcza35,0,,InitializeParticipant,1772665253,1,0,0
9d4ijb45,609,1ncynjw9,1,presurvey_part1,Introduction,1772665256,1,0,0
9d4ijb45,608,4wqt81hi,1,presurvey_part1,Introduction,1772665262,1,0,0
9d4ijb45,611,5646bas6,0,,InitializeParticipant,1772665269,1,0,0
9d4ijb45,609,1ncynjw9,2,presurvey_part1,TimeSelection,1772665270,1,0,0
9d4ijb45,607,u9zqm6ux,3,presurvey_part1,AudioCheck,1772665273,1,0,0
9d4ijb45,612,tsftznuf,0,,InitializeParticipant,1772665277,1,0,0
9d4ijb45,613,8k7eyjv5,0,,InitializeParticipant,1772665277,1,0,0
9d4ijb45,610,b7hcza35,1,presurvey_part1,Introduction,1772665280,1,0,0
9d4ijb45,609,1ncynjw9,3,presurvey_part1,AudioCheck,1772665282,1,0,0
9d4ijb45,614,xp08h36m,0,,InitializeParticipant,1772665287,1,0,0
9d4ijb45,609,1ncynjw9,4,presurvey_part1,NeighborhoodInstruction,1772665294,1,0,0
9d4ijb45,612,tsftznuf,1,presurvey_part1,Introduction,1772665296,1,0,0
9d4ijb45,614,xp08h36m,1,presurvey_part1,Introduction,1772665304,1,0,0
9d4ijb45,605,io5r88jf,1,presurvey_part1,Introduction,1772665305,1,0,0
9d4ijb45,610,b7hcza35,2,presurvey_part1,TimeSelection,1772665306,1,0,0
9d4ijb45,608,4wqt81hi,2,presurvey_part1,TimeSelection,1772665306,1,0,0
9d4ijb45,609,1ncynjw9,5,presurvey_part1,Scenario,1772665315,1,0,0
9d4ijb45,609,1ncynjw9,6,Pay_phase1,Reminder,1772665318,1,0,0
9d4ijb45,614,xp08h36m,2,presurvey_part1,TimeSelection,1772665320,1,0,0
9d4ijb45,610,b7hcza35,3,presurvey_part1,AudioCheck,1772665324,1,0,0
9d4ijb45,608,4wqt81hi,3,presurvey_part1,AudioCheck,1772665327,1,0,0
9d4ijb45,614,xp08h36m,3,presurvey_part1,AudioCheck,1772665340,1,0,0
9d4ijb45,610,b7hcza35,4,presurvey_part1,NeighborhoodInstruction,1772665341,1,0,0
9d4ijb45,608,4wqt81hi,4,presurvey_part1,NeighborhoodInstruction,1772665349,1,0,0
9d4ijb45,614,xp08h36m,4,presurvey_part1,NeighborhoodInstruction,1772665351,1,0,0
9d4ijb45,605,io5r88jf,2,presurvey_part1,TimeSelection,1772665360,1,0,0
9d4ijb45,613,8k7eyjv5,1,presurvey_part1,Introduction,1772665365,1,0,0
9d4ijb45,610,b7hcza35,5,presurvey_part1,Scenario,1772665369,1,0,0
9d4ijb45,615,5r6wdo3d,0,,InitializeParticipant,1772665375,1,0,0
9d4ijb45,614,xp08h36m,5,presurvey_part1,Scenario,1772665376,1,0,0
9d4ijb45,608,4wqt81hi,5,presurvey_part1,Scenario,1772665380,1,0,0
9d4ijb45,614,xp08h36m,6,Pay_phase1,Reminder,1772665381,1,0,0
9d4ijb45,605,io5r88jf,3,presurvey_part1,AudioCheck,1772665385,1,0,0
9d4ijb45,616,rui83jmo,0,,InitializeParticipant,1772665398,1,0,0
9d4ijb45,608,4wqt81hi,6,Pay_phase1,Reminder,1772665399,1,0,0
9d4ijb45,617,98wyxgpr,0,,InitializeParticipant,1772665429,1,0,0
9d4ijb45,596,ozlgwk7f,4,presurvey_part1,NeighborhoodInstruction,1772665430,1,0,0
9d4ijb45,618,qw1cykek,0,,InitializeParticipant,1772665465,1,0,0
9d4ijb45,617,98wyxgpr,1,presurvey_part1,Introduction,1772665479,1,0,0
9d4ijb45,596,ozlgwk7f,5,presurvey_part1,Scenario,1772665485,1,0,0
9d4ijb45,605,io5r88jf,4,presurvey_part1,NeighborhoodInstruction,1772665488,1,0,0
9d4ijb45,619,7bozwk04,0,,InitializeParticipant,1772665491,1,0,0
9d4ijb45,596,ozlgwk7f,6,Pay_phase1,Reminder,1772665501,1,0,0
9d4ijb45,617,98wyxgpr,2,presurvey_part1,TimeSelection,1772665508,1,0,0
9d4ijb45,620,diif3qko,0,,InitializeParticipant,1772665510,1,0,0
9d4ijb45,618,qw1cykek,1,presurvey_part1,Introduction,1772665522,1,0,0
9d4ijb45,619,7bozwk04,1,presurvey_part1,Introduction,1772665527,1,0,0
9d4ijb45,618,qw1cykek,2,presurvey_part1,TimeSelection,1772665544,1,0,0
9d4ijb45,620,diif3qko,1,presurvey_part1,Introduction,1772665561,1,0,0
9d4ijb45,618,qw1cykek,3,presurvey_part1,AudioCheck,1772665568,1,0,0
9d4ijb45,619,7bozwk04,2,presurvey_part1,TimeSelection,1772665570,1,0,0
9d4ijb45,621,29nmk4pn,0,,InitializeParticipant,1772665593,1,0,0
9d4ijb45,620,diif3qko,2,presurvey_part1,TimeSelection,1772665599,1,0,0
9d4ijb45,619,7bozwk04,3,presurvey_part1,AudioCheck,1772665605,1,0,0
9d4ijb45,605,io5r88jf,5,presurvey_part1,Scenario,1772665619,1,0,0
9d4ijb45,619,7bozwk04,4,presurvey_part1,NeighborhoodInstruction,1772665620,1,0,0
9d4ijb45,620,diif3qko,3,presurvey_part1,AudioCheck,1772665633,1,0,0
9d4ijb45,621,29nmk4pn,1,presurvey_part1,Introduction,1772665654,1,0,0
9d4ijb45,622,iwmc8fgm,0,,InitializeParticipant,1772665655,1,0,0
9d4ijb45,605,io5r88jf,6,Pay_phase1,Reminder,1772665656,1,0,0
9d4ijb45,619,7bozwk04,5,presurvey_part1,Scenario,1772665672,1,0,0
9d4ijb45,622,iwmc8fgm,1,presurvey_part1,Introduction,1772665673,1,0,0
9d4ijb45,620,diif3qko,4,presurvey_part1,NeighborhoodInstruction,1772665675,1,0,0
9d4ijb45,621,29nmk4pn,2,presurvey_part1,TimeSelection,1772665683,1,0,0
9d4ijb45,622,iwmc8fgm,2,presurvey_part1,TimeSelection,1772665693,1,0,0
9d4ijb45,623,0igmt6ok,0,,InitializeParticipant,1772665701,1,0,0
9d4ijb45,623,0igmt6ok,1,presurvey_part1,Introduction,1772665711,1,0,0
9d4ijb45,622,iwmc8fgm,3,presurvey_part1,AudioCheck,1772665715,1,0,0
9d4ijb45,621,29nmk4pn,3,presurvey_part1,AudioCheck,1772665718,1,0,0
9d4ijb45,620,diif3qko,5,presurvey_part1,Scenario,1772665718,1,0,0
9d4ijb45,622,iwmc8fgm,4,presurvey_part1,NeighborhoodInstruction,1772665735,1,0,0
9d4ijb45,621,29nmk4pn,4,presurvey_part1,NeighborhoodInstruction,1772665747,1,0,0
9d4ijb45,622,iwmc8fgm,5,presurvey_part1,Scenario,1772665772,1,0,0
9d4ijb45,622,iwmc8fgm,6,Pay_phase1,Reminder,1772665786,1,0,0
9d4ijb45,624,idmwjpiu,0,,InitializeParticipant,1772665800,1,0,0
9d4ijb45,621,29nmk4pn,5,presurvey_part1,Scenario,1772665816,1,0,0
9d4ijb45,621,29nmk4pn,6,Pay_phase1,Reminder,1772665829,1,0,0
9d4ijb45,625,sd8sw4i4,0,,InitializeParticipant,1772665847,1,0,0
9d4ijb45,624,idmwjpiu,1,presurvey_part1,Introduction,1772665851,1,0,0
9d4ijb45,625,sd8sw4i4,1,presurvey_part1,Introduction,1772665864,1,0,0
9d4ijb45,625,sd8sw4i4,2,presurvey_part1,TimeSelection,1772665878,1,0,0
9d4ijb45,625,sd8sw4i4,3,presurvey_part1,AudioCheck,1772665892,1,0,0
9d4ijb45,625,sd8sw4i4,4,presurvey_part1,NeighborhoodInstruction,1772665903,1,0,0
9d4ijb45,624,idmwjpiu,2,presurvey_part1,TimeSelection,1772665912,1,0,0
9d4ijb45,625,sd8sw4i4,5,presurvey_part1,Scenario,1772665932,1,0,0
9d4ijb45,625,sd8sw4i4,6,Pay_phase1,Reminder,1772665942,1,0,0
9d4ijb45,626,bwgiim0e,0,,InitializeParticipant,1772665950,1,0,0
9d4ijb45,624,idmwjpiu,3,presurvey_part1,AudioCheck,1772665951,1,0,0
9d4ijb45,624,idmwjpiu,4,presurvey_part1,NeighborhoodInstruction,1772665961,1,0,0
9d4ijb45,627,2vxsxb29,0,,InitializeParticipant,1772665996,1,0,0
9d4ijb45,624,idmwjpiu,5,presurvey_part1,Scenario,1772666013,1,0,0
9d4ijb45,628,hzw2v190,0,,InitializeParticipant,1772666015,1,0,0
9d4ijb45,629,g8urfb0r,0,,InitializeParticipant,1772666016,1,0,0
9d4ijb45,626,bwgiim0e,1,presurvey_part1,Introduction,1772666028,1,0,0
9d4ijb45,627,2vxsxb29,1,presurvey_part1,Introduction,1772666074,1,0,0
9d4ijb45,629,g8urfb0r,1,presurvey_part1,Introduction,1772666079,1,0,0
9d4ijb45,630,namy7z50,0,,InitializeParticipant,1772666093,1,0,0
9d4ijb45,628,hzw2v190,1,presurvey_part1,Introduction,1772666097,1,0,0
9d4ijb45,629,g8urfb0r,2,presurvey_part1,TimeSelection,1772666103,1,0,0
9d4ijb45,631,ceyggz6b,0,,InitializeParticipant,1772666103,1,0,0
9d4ijb45,632,3j0465o6,0,,InitializeParticipant,1772666108,1,0,0
9d4ijb45,633,33tad1d9,0,,InitializeParticipant,1772666115,1,0,0
9d4ijb45,631,ceyggz6b,1,presurvey_part1,Introduction,1772666121,1,0,0
9d4ijb45,627,2vxsxb29,2,presurvey_part1,TimeSelection,1772666122,1,0,0
9d4ijb45,630,namy7z50,1,presurvey_part1,Introduction,1772666128,1,0,0
9d4ijb45,633,33tad1d9,1,presurvey_part1,Introduction,1772666140,1,0,0
9d4ijb45,631,ceyggz6b,2,presurvey_part1,TimeSelection,1772666145,1,0,0
9d4ijb45,630,namy7z50,2,presurvey_part1,TimeSelection,1772666150,1,0,0
9d4ijb45,628,hzw2v190,2,presurvey_part1,TimeSelection,1772666158,1,0,0
9d4ijb45,627,2vxsxb29,3,presurvey_part1,AudioCheck,1772666159,1,0,0
9d4ijb45,630,namy7z50,3,presurvey_part1,AudioCheck,1772666162,1,0,0
9d4ijb45,629,g8urfb0r,3,presurvey_part1,AudioCheck,1772666166,1,0,0
9d4ijb45,631,ceyggz6b,3,presurvey_part1,AudioCheck,1772666170,1,0,0
9d4ijb45,633,33tad1d9,2,presurvey_part1,TimeSelection,1772666175,1,0,0
9d4ijb45,627,2vxsxb29,4,presurvey_part1,NeighborhoodInstruction,1772666182,1,0,0
9d4ijb45,630,namy7z50,4,presurvey_part1,NeighborhoodInstruction,1772666186,1,0,0
9d4ijb45,631,ceyggz6b,4,presurvey_part1,NeighborhoodInstruction,1772666187,1,0,0
9d4ijb45,629,g8urfb0r,4,presurvey_part1,NeighborhoodInstruction,1772666196,1,0,0
9d4ijb45,633,33tad1d9,3,presurvey_part1,AudioCheck,1772666201,1,0,0
9d4ijb45,628,hzw2v190,3,presurvey_part1,AudioCheck,1772666203,1,0,0
9d4ijb45,631,ceyggz6b,5,presurvey_part1,Scenario,1772666217,1,0,0
9d4ijb45,633,33tad1d9,4,presurvey_part1,NeighborhoodInstruction,1772666218,1,0,0
9d4ijb45,628,hzw2v190,4,presurvey_part1,NeighborhoodInstruction,1772666220,1,0,0
9d4ijb45,627,2vxsxb29,5,presurvey_part1,Scenario,1772666225,1,0,0
9d4ijb45,630,namy7z50,5,presurvey_part1,Scenario,1772666229,1,0,0
9d4ijb45,629,g8urfb0r,5,presurvey_part1,Scenario,1772666233,1,0,0
9d4ijb45,630,namy7z50,6,Pay_phase1,Reminder,1772666243,1,0,0
9d4ijb45,633,33tad1d9,5,presurvey_part1,Scenario,1772666250,1,0,0
9d4ijb45,634,ih94exil,0,,InitializeParticipant,1772666297,1,0,0
9d4ijb45,634,ih94exil,1,presurvey_part1,Introduction,1772666313,1,0,0
9d4ijb45,635,89v1p0lx,0,,InitializeParticipant,1772666339,1,0,0
9d4ijb45,635,89v1p0lx,1,presurvey_part1,Introduction,1772666350,1,0,0
9d4ijb45,636,st6u71g2,0,,InitializeParticipant,1772666359,1,0,0
9d4ijb45,637,2krunlg1,0,,InitializeParticipant,1772666363,1,0,0
9d4ijb45,636,st6u71g2,1,presurvey_part1,Introduction,1772666394,1,0,0
9d4ijb45,628,hzw2v190,5,presurvey_part1,Scenario,1772666397,1,0,0
9d4ijb45,628,hzw2v190,6,Pay_phase1,Reminder,1772666404,1,0,0
9d4ijb45,638,o3gend0e,0,,InitializeParticipant,1772666429,1,0,0
9d4ijb45,636,st6u71g2,2,presurvey_part1,TimeSelection,1772666438,1,0,0
9d4ijb45,637,2krunlg1,1,presurvey_part1,Introduction,1772666458,1,0,0
9d4ijb45,636,st6u71g2,3,presurvey_part1,AudioCheck,1772666461,1,0,0
9d4ijb45,639,pxjhovpr,0,,InitializeParticipant,1772666465,1,0,0
9d4ijb45,599,r80ure3r,1,presurvey_part1,Introduction,1772666469,1,0,0
9d4ijb45,639,pxjhovpr,1,presurvey_part1,Introduction,1772666485,1,0,0
9d4ijb45,638,o3gend0e,1,presurvey_part1,Introduction,1772666487,1,0,0
9d4ijb45,636,st6u71g2,4,presurvey_part1,NeighborhoodInstruction,1772666496,1,0,0
9d4ijb45,640,klektuwf,0,,InitializeParticipant,1772666497,1,0,0
9d4ijb45,599,r80ure3r,2,presurvey_part1,TimeSelection,1772666499,1,0,0
9d4ijb45,639,pxjhovpr,2,presurvey_part1,TimeSelection,1772666503,1,0,0
9d4ijb45,637,2krunlg1,2,presurvey_part1,TimeSelection,1772666511,1,0,0
9d4ijb45,639,pxjhovpr,3,presurvey_part1,AudioCheck,1772666520,1,0,0
9d4ijb45,638,o3gend0e,2,presurvey_part1,TimeSelection,1772666528,1,0,0
9d4ijb45,637,2krunlg1,3,presurvey_part1,AudioCheck,1772666530,1,0,0
9d4ijb45,639,pxjhovpr,4,presurvey_part1,NeighborhoodInstruction,1772666531,1,0,0
9d4ijb45,599,r80ure3r,3,presurvey_part1,AudioCheck,1772666532,1,0,0
9d4ijb45,636,st6u71g2,5,presurvey_part1,Scenario,1772666543,1,0,0
9d4ijb45,639,pxjhovpr,5,presurvey_part1,Scenario,1772666546,1,0,0
9d4ijb45,639,pxjhovpr,6,Pay_phase1,Reminder,1772666556,1,0,0
9d4ijb45,640,klektuwf,1,presurvey_part1,Introduction,1772666557,1,0,0
9d4ijb45,637,2krunlg1,4,presurvey_part1,NeighborhoodInstruction,1772666560,1,0,0
9d4ijb45,641,3wcpf6ms,0,,InitializeParticipant,1772666567,1,0,0
9d4ijb45,599,r80ure3r,4,presurvey_part1,NeighborhoodInstruction,1772666580,1,0,0
9d4ijb45,636,st6u71g2,6,Pay_phase1,Reminder,1772666584,1,0,0
9d4ijb45,642,k7i3hycv,0,,InitializeParticipant,1772666596,1,0,0
9d4ijb45,641,3wcpf6ms,1,presurvey_part1,Introduction,1772666596,1,0,0
9d4ijb45,637,2krunlg1,5,presurvey_part1,Scenario,1772666599,1,0,0
9d4ijb45,640,klektuwf,2,presurvey_part1,TimeSelection,1772666609,1,0,0
9d4ijb45,642,k7i3hycv,1,presurvey_part1,Introduction,1772666614,1,0,0
9d4ijb45,640,klektuwf,3,presurvey_part1,AudioCheck,1772666629,1,0,0
9d4ijb45,641,3wcpf6ms,2,presurvey_part1,TimeSelection,1772666636,1,0,0
9d4ijb45,643,4svgqgoz,0,,InitializeParticipant,1772666637,1,0,0
9d4ijb45,599,r80ure3r,5,presurvey_part1,Scenario,1772666640,1,0,0
9d4ijb45,643,4svgqgoz,1,presurvey_part1,Introduction,1772666656,1,0,0
9d4ijb45,599,r80ure3r,6,Pay_phase1,Reminder,1772666670,1,0,0
9d4ijb45,641,3wcpf6ms,3,presurvey_part1,AudioCheck,1772666686,1,0,0
9d4ijb45,640,klektuwf,4,presurvey_part1,NeighborhoodInstruction,1772666696,1,0,0
9d4ijb45,641,3wcpf6ms,4,presurvey_part1,NeighborhoodInstruction,1772666722,1,0,0
9d4ijb45,640,klektuwf,5,presurvey_part1,Scenario,1772666733,1,0,0
9d4ijb45,640,klektuwf,6,Pay_phase1,Reminder,1772666742,1,0,0
9d4ijb45,641,3wcpf6ms,5,presurvey_part1,Scenario,1772666769,1,0,0
9d4ijb45,644,7jfs3vo6,0,,InitializeParticipant,1772666780,1,0,0
9d4ijb45,645,on2k9q8i,0,,InitializeParticipant,1772666782,1,0,0
9d4ijb45,646,mklfsg0p,0,,InitializeParticipant,1772666806,1,0,0
9d4ijb45,646,mklfsg0p,1,presurvey_part1,Introduction,1772666819,1,0,0
9d4ijb45,647,1p9e3ync,0,,InitializeParticipant,1772666833,1,0,0
9d4ijb45,647,1p9e3ync,1,presurvey_part1,Introduction,1772666876,1,0,0
9d4ijb45,648,lwdpimgq,0,,InitializeParticipant,1772666884,1,0,0
9d4ijb45,649,klw32ub3,0,,InitializeParticipant,1772666888,1,0,0
9d4ijb45,650,vh3geg3b,0,,InitializeParticipant,1772666900,1,0,0
9d4ijb45,648,lwdpimgq,1,presurvey_part1,Introduction,1772666903,1,0,0
9d4ijb45,648,lwdpimgq,2,presurvey_part1,TimeSelection,1772666916,1,0,0
9d4ijb45,651,vclgejg0,0,,InitializeParticipant,1772666926,1,0,0
9d4ijb45,650,vh3geg3b,1,presurvey_part1,Introduction,1772666929,1,0,0
9d4ijb45,647,1p9e3ync,2,presurvey_part1,TimeSelection,1772666932,1,0,0
9d4ijb45,649,klw32ub3,1,presurvey_part1,Introduction,1772666932,1,0,0
9d4ijb45,648,lwdpimgq,3,presurvey_part1,AudioCheck,1772666949,1,0,0
9d4ijb45,652,1irghk2q,0,,InitializeParticipant,1772666958,1,0,0
9d4ijb45,648,lwdpimgq,4,presurvey_part1,NeighborhoodInstruction,1772666969,1,0,0
9d4ijb45,653,kncu3d5j,0,,InitializeParticipant,1772666975,1,0,0
9d4ijb45,654,i0d7ibpk,0,,InitializeParticipant,1772666985,1,0,0
9d4ijb45,649,klw32ub3,2,presurvey_part1,TimeSelection,1772666993,1,0,0
9d4ijb45,647,1p9e3ync,3,presurvey_part1,AudioCheck,1772666993,1,0,0
9d4ijb45,651,vclgejg0,1,presurvey_part1,Introduction,1772666998,1,0,0
9d4ijb45,648,lwdpimgq,5,presurvey_part1,Scenario,1772666998,1,0,0
9d4ijb45,655,s5uaj22k,0,,InitializeParticipant,1772667008,1,0,0
9d4ijb45,647,1p9e3ync,4,presurvey_part1,NeighborhoodInstruction,1772667019,1,0,0
9d4ijb45,649,klw32ub3,3,presurvey_part1,AudioCheck,1772667024,1,0,0
9d4ijb45,656,evt67ooa,0,,InitializeParticipant,1772667033,1,0,0
9d4ijb45,651,vclgejg0,2,presurvey_part1,TimeSelection,1772667034,1,0,0
9d4ijb45,644,7jfs3vo6,1,presurvey_part1,Introduction,1772667041,1,0,0
9d4ijb45,654,i0d7ibpk,1,presurvey_part1,Introduction,1772667043,1,0,0
9d4ijb45,650,vh3geg3b,2,presurvey_part1,TimeSelection,1772667046,1,0,0
9d4ijb45,649,klw32ub3,4,presurvey_part1,NeighborhoodInstruction,1772667049,1,0,0
9d4ijb45,650,vh3geg3b,3,presurvey_part1,AudioCheck,1772667059,1,0,0
9d4ijb45,650,vh3geg3b,4,presurvey_part1,NeighborhoodInstruction,1772667062,1,0,0
9d4ijb45,656,evt67ooa,1,presurvey_part1,Introduction,1772667063,1,0,0
9d4ijb45,647,1p9e3ync,5,presurvey_part1,Scenario,1772667065,1,0,0
9d4ijb45,651,vclgejg0,3,presurvey_part1,AudioCheck,1772667068,1,0,0
9d4ijb45,650,vh3geg3b,5,presurvey_part1,Scenario,1772667069,1,0,0
9d4ijb45,654,i0d7ibpk,2,presurvey_part1,TimeSelection,1772667071,1,0,0
9d4ijb45,657,mj0ccsek,0,,InitializeParticipant,1772667073,1,0,0
9d4ijb45,650,vh3geg3b,6,Pay_phase1,Reminder,1772667075,1,0,0
9d4ijb45,652,1irghk2q,1,presurvey_part1,Introduction,1772667085,1,0,0
9d4ijb45,644,7jfs3vo6,2,presurvey_part1,TimeSelection,1772667091,1,0,0
9d4ijb45,658,75xgpopv,0,,InitializeParticipant,1772667094,1,0,0
9d4ijb45,649,klw32ub3,5,presurvey_part1,Scenario,1772667097,1,0,0
9d4ijb45,655,s5uaj22k,1,presurvey_part1,Introduction,1772667109,1,0,0
9d4ijb45,644,7jfs3vo6,3,presurvey_part1,AudioCheck,1772667112,1,0,0
9d4ijb45,657,mj0ccsek,1,presurvey_part1,Introduction,1772667112,1,0,0
9d4ijb45,654,i0d7ibpk,3,presurvey_part1,AudioCheck,1772667115,1,0,0
9d4ijb45,659,wmfl7eus,0,,InitializeParticipant,1772667116,1,0,0
9d4ijb45,652,1irghk2q,2,presurvey_part1,TimeSelection,1772667121,1,0,0
9d4ijb45,651,vclgejg0,4,presurvey_part1,NeighborhoodInstruction,1772667124,1,0,0
9d4ijb45,659,wmfl7eus,1,presurvey_part1,Introduction,1772667134,1,0,0
9d4ijb45,658,75xgpopv,1,presurvey_part1,Introduction,1772667137,1,0,0
9d4ijb45,652,1irghk2q,3,presurvey_part1,AudioCheck,1772667147,1,0,0
9d4ijb45,655,s5uaj22k,2,presurvey_part1,TimeSelection,1772667149,1,0,0
9d4ijb45,658,75xgpopv,2,presurvey_part1,TimeSelection,1772667153,1,0,0
9d4ijb45,654,i0d7ibpk,4,presurvey_part1,NeighborhoodInstruction,1772667162,1,0,0
9d4ijb45,655,s5uaj22k,3,presurvey_part1,AudioCheck,1772667170,1,0,0
9d4ijb45,652,1irghk2q,4,presurvey_part1,NeighborhoodInstruction,1772667172,1,0,0
9d4ijb45,659,wmfl7eus,2,presurvey_part1,TimeSelection,1772667173,1,0,0
9d4ijb45,658,75xgpopv,3,presurvey_part1,AudioCheck,1772667177,1,0,0
9d4ijb45,660,26t8gdud,0,,InitializeParticipant,1772667183,1,0,0
9d4ijb45,659,wmfl7eus,3,presurvey_part1,AudioCheck,1772667189,1,0,0
9d4ijb45,655,s5uaj22k,4,presurvey_part1,NeighborhoodInstruction,1772667194,1,0,0
9d4ijb45,654,i0d7ibpk,5,presurvey_part1,Scenario,1772667197,1,0,0
9d4ijb45,652,1irghk2q,5,presurvey_part1,Scenario,1772667199,1,0,0
9d4ijb45,653,kncu3d5j,1,presurvey_part1,Introduction,1772667201,1,0,0
9d4ijb45,658,75xgpopv,4,presurvey_part1,NeighborhoodInstruction,1772667203,1,0,0
9d4ijb45,661,6o9py55e,0,,InitializeParticipant,1772667203,1,0,0
9d4ijb45,651,vclgejg0,5,presurvey_part1,Scenario,1772667207,1,0,0
9d4ijb45,659,wmfl7eus,4,presurvey_part1,NeighborhoodInstruction,1772667211,1,0,0
9d4ijb45,652,1irghk2q,6,Pay_phase1,Reminder,1772667212,1,0,0
9d4ijb45,644,7jfs3vo6,4,presurvey_part1,NeighborhoodInstruction,1772667220,1,0,0
9d4ijb45,660,26t8gdud,1,presurvey_part1,Introduction,1772667221,1,0,0
9d4ijb45,651,vclgejg0,6,Pay_phase1,Reminder,1772667222,1,0,0
9d4ijb45,658,75xgpopv,5,presurvey_part1,Scenario,1772667229,1,0,0
9d4ijb45,662,sfcm6gs8,0,,InitializeParticipant,1772667229,1,0,0
9d4ijb45,661,6o9py55e,1,presurvey_part1,Introduction,1772667234,1,0,0
9d4ijb45,655,s5uaj22k,5,presurvey_part1,Scenario,1772667238,1,0,0
9d4ijb45,655,s5uaj22k,6,Pay_phase1,Reminder,1772667243,1,0,0
9d4ijb45,658,75xgpopv,6,Pay_phase1,Reminder,1772667260,1,0,0
9d4ijb45,663,fvqso9o3,0,,InitializeParticipant,1772667264,1,0,0
9d4ijb45,662,sfcm6gs8,1,presurvey_part1,Introduction,1772667266,1,0,0
9d4ijb45,644,7jfs3vo6,5,presurvey_part1,Scenario,1772667266,1,0,0
9d4ijb45,661,6o9py55e,2,presurvey_part1,TimeSelection,1772667270,1,0,0
9d4ijb45,644,7jfs3vo6,6,Pay_phase1,Reminder,1772667283,1,0,0
9d4ijb45,661,6o9py55e,3,presurvey_part1,AudioCheck,1772667285,1,0,0
9d4ijb45,663,fvqso9o3,1,presurvey_part1,Introduction,1772667290,1,0,0
9d4ijb45,661,6o9py55e,4,presurvey_part1,NeighborhoodInstruction,1772667298,1,0,0
9d4ijb45,664,n05l9n97,0,,InitializeParticipant,1772667306,1,0,0
9d4ijb45,665,uof6coey,0,,InitializeParticipant,1772667317,1,0,0
9d4ijb45,664,n05l9n97,1,presurvey_part1,Introduction,1772667320,1,0,0
9d4ijb45,661,6o9py55e,5,presurvey_part1,Scenario,1772667328,1,0,0
9d4ijb45,662,sfcm6gs8,2,presurvey_part1,TimeSelection,1772667331,1,0,0
9d4ijb45,659,wmfl7eus,5,presurvey_part1,Scenario,1772667334,1,0,0
9d4ijb45,656,evt67ooa,2,presurvey_part1,TimeSelection,1772667335,1,0,0
9d4ijb45,666,15mkhooc,0,,InitializeParticipant,1772667335,1,0,0
9d4ijb45,661,6o9py55e,6,Pay_phase1,Reminder,1772667336,1,0,0
9d4ijb45,653,kncu3d5j,2,presurvey_part1,TimeSelection,1772667349,1,0,0
9d4ijb45,662,sfcm6gs8,3,presurvey_part1,AudioCheck,1772667356,1,0,0
9d4ijb45,664,n05l9n97,2,presurvey_part1,TimeSelection,1772667362,1,0,0
9d4ijb45,659,wmfl7eus,6,Pay_phase1,Reminder,1772667363,1,0,0
9d4ijb45,663,fvqso9o3,2,presurvey_part1,TimeSelection,1772667371,1,0,0
9d4ijb45,662,sfcm6gs8,4,presurvey_part1,NeighborhoodInstruction,1772667374,1,0,0
9d4ijb45,666,15mkhooc,1,presurvey_part1,Introduction,1772667374,1,0,0
9d4ijb45,656,evt67ooa,3,presurvey_part1,AudioCheck,1772667377,1,0,0
9d4ijb45,664,n05l9n97,3,presurvey_part1,AudioCheck,1772667379,1,0,0
9d4ijb45,663,fvqso9o3,3,presurvey_part1,AudioCheck,1772667383,1,0,0
9d4ijb45,663,fvqso9o3,4,presurvey_part1,NeighborhoodInstruction,1772667386,1,0,0
9d4ijb45,653,kncu3d5j,3,presurvey_part1,AudioCheck,1772667396,1,0,0
9d4ijb45,662,sfcm6gs8,5,presurvey_part1,Scenario,1772667400,1,0,0
9d4ijb45,665,uof6coey,1,presurvey_part1,Introduction,1772667405,1,0,0
9d4ijb45,656,evt67ooa,4,presurvey_part1,NeighborhoodInstruction,1772667406,1,0,0
9d4ijb45,664,n05l9n97,4,presurvey_part1,NeighborhoodInstruction,1772667409,1,0,0
9d4ijb45,667,5rtaybd4,0,,InitializeParticipant,1772667417,1,0,0
9d4ijb45,668,5a3fwxh9,0,,InitializeParticipant,1772667418,1,0,0
9d4ijb45,666,15mkhooc,2,presurvey_part1,TimeSelection,1772667421,1,0,0
9d4ijb45,663,fvqso9o3,5,presurvey_part1,Scenario,1772667428,1,0,0
9d4ijb45,663,fvqso9o3,6,Pay_phase1,Reminder,1772667430,1,0,0
9d4ijb45,669,ay5rst9u,0,,InitializeParticipant,1772667433,1,0,0
9d4ijb45,665,uof6coey,2,presurvey_part1,TimeSelection,1772667434,1,0,0
9d4ijb45,656,evt67ooa,5,presurvey_part1,Scenario,1772667443,1,0,0
9d4ijb45,664,n05l9n97,5,presurvey_part1,Scenario,1772667454,1,0,0
9d4ijb45,668,5a3fwxh9,1,presurvey_part1,Introduction,1772667460,1,0,0
9d4ijb45,669,ay5rst9u,1,presurvey_part1,Introduction,1772667460,1,0,0
9d4ijb45,656,evt67ooa,6,Pay_phase1,Reminder,1772667462,1,0,0
9d4ijb45,653,kncu3d5j,4,presurvey_part1,NeighborhoodInstruction,1772667465,1,0,0
9d4ijb45,668,5a3fwxh9,2,presurvey_part1,TimeSelection,1772667476,1,0,0
9d4ijb45,670,7dajb2of,0,,InitializeParticipant,1772667477,1,0,0
9d4ijb45,664,n05l9n97,6,Pay_phase1,Reminder,1772667478,1,0,0
9d4ijb45,666,15mkhooc,3,presurvey_part1,AudioCheck,1772667481,1,0,0
9d4ijb45,665,uof6coey,3,presurvey_part1,AudioCheck,1772667486,1,0,0
9d4ijb45,669,ay5rst9u,2,presurvey_part1,TimeSelection,1772667506,1,0,0
9d4ijb45,671,e4ce3ngb,0,,InitializeParticipant,1772667519,1,0,0
9d4ijb45,667,5rtaybd4,1,presurvey_part1,Introduction,1772667524,1,0,0
9d4ijb45,666,15mkhooc,4,presurvey_part1,NeighborhoodInstruction,1772667528,1,0,0
9d4ijb45,653,kncu3d5j,5,presurvey_part1,Scenario,1772667535,1,0,0
9d4ijb45,672,vk41769o,0,,InitializeParticipant,1772667535,1,0,0
9d4ijb45,669,ay5rst9u,3,presurvey_part1,AudioCheck,1772667537,1,0,0
9d4ijb45,671,e4ce3ngb,1,presurvey_part1,Introduction,1772667541,1,0,0
9d4ijb45,665,uof6coey,4,presurvey_part1,NeighborhoodInstruction,1772667546,1,0,0
9d4ijb45,667,5rtaybd4,2,presurvey_part1,TimeSelection,1772667558,1,0,0
9d4ijb45,670,7dajb2of,1,presurvey_part1,Introduction,1772667559,1,0,0
9d4ijb45,671,e4ce3ngb,2,presurvey_part1,TimeSelection,1772667562,1,0,0
9d4ijb45,669,ay5rst9u,4,presurvey_part1,NeighborhoodInstruction,1772667564,1,0,0
9d4ijb45,673,uwifc1kh,0,,InitializeParticipant,1772667566,1,0,0
9d4ijb45,671,e4ce3ngb,3,presurvey_part1,AudioCheck,1772667576,1,0,0
9d4ijb45,667,5rtaybd4,3,presurvey_part1,AudioCheck,1772667587,1,0,0
9d4ijb45,671,e4ce3ngb,4,presurvey_part1,NeighborhoodInstruction,1772667593,1,0,0
9d4ijb45,665,uof6coey,5,presurvey_part1,Scenario,1772667600,1,0,0
9d4ijb45,665,uof6coey,6,Pay_phase1,Reminder,1772667604,1,0,0
9d4ijb45,673,uwifc1kh,1,presurvey_part1,Introduction,1772667610,1,0,0
9d4ijb45,670,7dajb2of,2,presurvey_part1,TimeSelection,1772667611,1,0,0
9d4ijb45,674,k7vm80za,0,,InitializeParticipant,1772667611,1,0,0
9d4ijb45,675,n4sjqk5w,0,,InitializeParticipant,1772667617,1,0,0
9d4ijb45,667,5rtaybd4,4,presurvey_part1,NeighborhoodInstruction,1772667624,1,0,0
9d4ijb45,676,iqvhv0rh,0,,InitializeParticipant,1772667630,1,0,0
9d4ijb45,673,uwifc1kh,2,presurvey_part1,TimeSelection,1772667638,1,0,0
9d4ijb45,675,n4sjqk5w,1,presurvey_part1,Introduction,1772667647,1,0,0
9d4ijb45,670,7dajb2of,3,presurvey_part1,AudioCheck,1772667648,1,0,0
9d4ijb45,677,1bwk7rhv,0,,InitializeParticipant,1772667655,1,0,0
9d4ijb45,675,n4sjqk5w,2,presurvey_part1,TimeSelection,1772667664,1,0,0
9d4ijb45,676,iqvhv0rh,1,presurvey_part1,Introduction,1772667665,1,0,0
9d4ijb45,673,uwifc1kh,3,presurvey_part1,AudioCheck,1772667668,1,0,0
9d4ijb45,667,5rtaybd4,5,presurvey_part1,Scenario,1772667677,1,0,0
9d4ijb45,669,ay5rst9u,5,presurvey_part1,Scenario,1772667681,1,0,0
9d4ijb45,677,1bwk7rhv,1,presurvey_part1,Introduction,1772667694,1,0,0
9d4ijb45,670,7dajb2of,4,presurvey_part1,NeighborhoodInstruction,1772667694,1,0,0
9d4ijb45,675,n4sjqk5w,3,presurvey_part1,AudioCheck,1772667694,1,0,0
9d4ijb45,671,e4ce3ngb,5,presurvey_part1,Scenario,1772667695,1,0,0
9d4ijb45,673,uwifc1kh,4,presurvey_part1,NeighborhoodInstruction,1772667695,1,0,0
9d4ijb45,675,n4sjqk5w,4,presurvey_part1,NeighborhoodInstruction,1772667699,1,0,0
9d4ijb45,674,k7vm80za,1,presurvey_part1,Introduction,1772667703,1,0,0
9d4ijb45,669,ay5rst9u,6,Pay_phase1,Reminder,1772667704,1,0,0
9d4ijb45,653,kncu3d5j,6,Pay_phase1,Reminder,1772667708,1,0,0
9d4ijb45,671,e4ce3ngb,6,Pay_phase1,Reminder,1772667715,1,0,0
9d4ijb45,677,1bwk7rhv,2,presurvey_part1,TimeSelection,1772667718,1,0,0
9d4ijb45,675,n4sjqk5w,5,presurvey_part1,Scenario,1772667720,1,0,0
9d4ijb45,675,n4sjqk5w,6,Pay_phase1,Reminder,1772667725,1,0,0
9d4ijb45,673,uwifc1kh,5,presurvey_part1,Scenario,1772667728,1,0,0
9d4ijb45,666,15mkhooc,5,presurvey_part1,Scenario,1772667731,1,0,0
9d4ijb45,666,15mkhooc,6,Pay_phase1,Reminder,1772667740,1,0,0
9d4ijb45,677,1bwk7rhv,3,presurvey_part1,AudioCheck,1772667744,1,0,0
9d4ijb45,674,k7vm80za,2,presurvey_part1,TimeSelection,1772667754,1,0,0
9d4ijb45,677,1bwk7rhv,4,presurvey_part1,NeighborhoodInstruction,1772667757,1,0,0
9d4ijb45,678,4nnizbp9,0,,InitializeParticipant,1772667761,1,0,0
9d4ijb45,670,7dajb2of,5,presurvey_part1,Scenario,1772667774,1,0,0
9d4ijb45,677,1bwk7rhv,5,presurvey_part1,Scenario,1772667787,1,0,0
9d4ijb45,677,1bwk7rhv,6,Pay_phase1,Reminder,1772667792,1,0,0
9d4ijb45,676,iqvhv0rh,2,presurvey_part1,TimeSelection,1772667798,1,0,0
9d4ijb45,678,4nnizbp9,1,presurvey_part1,Introduction,1772667813,1,0,0
9d4ijb45,674,k7vm80za,3,presurvey_part1,AudioCheck,1772667846,1,0,0
9d4ijb45,615,5r6wdo3d,1,presurvey_part1,Introduction,1772667849,1,0,0
9d4ijb45,676,iqvhv0rh,3,presurvey_part1,AudioCheck,1772667854,1,0,0
9d4ijb45,679,us7iq92m,0,,InitializeParticipant,1772667859,1,0,0
9d4ijb45,680,3wgrwkq4,0,,InitializeParticipant,1772667868,1,0,0
9d4ijb45,674,k7vm80za,4,presurvey_part1,NeighborhoodInstruction,1772667869,1,0,0
9d4ijb45,678,4nnizbp9,2,presurvey_part1,TimeSelection,1772667874,1,0,0
9d4ijb45,681,na1m609n,0,,InitializeParticipant,1772667884,1,0,0
9d4ijb45,676,iqvhv0rh,4,presurvey_part1,NeighborhoodInstruction,1772667888,1,0,0
9d4ijb45,615,5r6wdo3d,2,presurvey_part1,TimeSelection,1772667900,1,0,0
9d4ijb45,680,3wgrwkq4,1,presurvey_part1,Introduction,1772667911,1,0,0
9d4ijb45,678,4nnizbp9,3,presurvey_part1,AudioCheck,1772667916,1,0,0
9d4ijb45,676,iqvhv0rh,5,presurvey_part1,Scenario,1772667920,1,0,0
9d4ijb45,681,na1m609n,1,presurvey_part1,Introduction,1772667922,1,0,0
9d4ijb45,615,5r6wdo3d,3,presurvey_part1,AudioCheck,1772667927,1,0,0
9d4ijb45,676,iqvhv0rh,6,Pay_phase1,Reminder,1772667931,1,0,0
9d4ijb45,682,m2nj45cq,0,,InitializeParticipant,1772667937,1,0,0
9d4ijb45,682,m2nj45cq,1,presurvey_part1,Introduction,1772667947,1,0,0
9d4ijb45,615,5r6wdo3d,4,presurvey_part1,NeighborhoodInstruction,1772667953,1,0,0
9d4ijb45,678,4nnizbp9,4,presurvey_part1,NeighborhoodInstruction,1772667954,1,0,0
9d4ijb45,681,na1m609n,2,presurvey_part1,TimeSelection,1772667960,1,0,0
9d4ijb45,683,82voabfh,0,,InitializeParticipant,1772667980,1,0,0
9d4ijb45,684,udywjmwm,0,,InitializeParticipant,1772667980,1,0,0
9d4ijb45,674,k7vm80za,5,presurvey_part1,Scenario,1772667982,1,0,0
9d4ijb45,681,na1m609n,3,presurvey_part1,AudioCheck,1772667983,1,0,0
9d4ijb45,680,3wgrwkq4,2,presurvey_part1,TimeSelection,1772667990,1,0,0
9d4ijb45,681,na1m609n,4,presurvey_part1,NeighborhoodInstruction,1772667991,1,0,0
9d4ijb45,678,4nnizbp9,5,presurvey_part1,Scenario,1772667997,1,0,0
9d4ijb45,674,k7vm80za,6,Pay_phase1,Reminder,1772668004,1,0,0
9d4ijb45,683,82voabfh,1,presurvey_part1,Introduction,1772668005,1,0,0
9d4ijb45,684,udywjmwm,1,presurvey_part1,Introduction,1772668018,1,0,0
9d4ijb45,615,5r6wdo3d,5,presurvey_part1,Scenario,1772668019,1,0,0
9d4ijb45,681,na1m609n,5,presurvey_part1,Scenario,1772668021,1,0,0
9d4ijb45,678,4nnizbp9,6,Pay_phase1,Reminder,1772668025,1,0,0
9d4ijb45,680,3wgrwkq4,3,presurvey_part1,AudioCheck,1772668027,1,0,0
9d4ijb45,685,onuszng6,0,,InitializeParticipant,1772668033,1,0,0
9d4ijb45,686,di39sn9e,0,,InitializeParticipant,1772668038,1,0,0
9d4ijb45,684,udywjmwm,2,presurvey_part1,TimeSelection,1772668045,1,0,0
9d4ijb45,685,onuszng6,1,presurvey_part1,Introduction,1772668048,1,0,0
9d4ijb45,685,onuszng6,2,presurvey_part1,TimeSelection,1772668058,1,0,0
9d4ijb45,687,c2prw90v,0,,InitializeParticipant,1772668059,1,0,0
9d4ijb45,685,onuszng6,3,presurvey_part1,AudioCheck,1772668069,1,0,0
9d4ijb45,685,onuszng6,4,presurvey_part1,NeighborhoodInstruction,1772668071,1,0,0
9d4ijb45,687,c2prw90v,1,presurvey_part1,Introduction,1772668076,1,0,0
9d4ijb45,685,onuszng6,5,presurvey_part1,Scenario,1772668083,1,0,0
9d4ijb45,688,arqjbibz,0,,InitializeParticipant,1772668085,1,0,0
9d4ijb45,680,3wgrwkq4,4,presurvey_part1,NeighborhoodInstruction,1772668092,1,0,0
9d4ijb45,685,onuszng6,6,Pay_phase1,Reminder,1772668098,1,0,0
9d4ijb45,688,arqjbibz,1,presurvey_part1,Introduction,1772668099,1,0,0
9d4ijb45,687,c2prw90v,2,presurvey_part1,TimeSelection,1772668112,1,0,0
9d4ijb45,688,arqjbibz,2,presurvey_part1,TimeSelection,1772668121,1,0,0
9d4ijb45,615,5r6wdo3d,6,Pay_phase1,Reminder,1772668124,1,0,0
9d4ijb45,682,m2nj45cq,2,presurvey_part1,TimeSelection,1772668135,1,0,0
9d4ijb45,687,c2prw90v,3,presurvey_part1,AudioCheck,1772668138,1,0,0
9d4ijb45,680,3wgrwkq4,5,presurvey_part1,Scenario,1772668139,1,0,0
9d4ijb45,689,bzxf6wxw,0,,InitializeParticipant,1772668143,1,0,0
9d4ijb45,688,arqjbibz,3,presurvey_part1,AudioCheck,1772668146,1,0,0
9d4ijb45,688,arqjbibz,4,presurvey_part1,NeighborhoodInstruction,1772668149,1,0,0
9d4ijb45,682,m2nj45cq,3,presurvey_part1,AudioCheck,1772668150,1,0,0
9d4ijb45,687,c2prw90v,4,presurvey_part1,NeighborhoodInstruction,1772668151,1,0,0
9d4ijb45,682,m2nj45cq,4,presurvey_part1,NeighborhoodInstruction,1772668156,1,0,0
9d4ijb45,690,mrn1temo,0,,InitializeParticipant,1772668161,1,0,0
9d4ijb45,691,ja4jmqaj,0,,InitializeParticipant,1772668161,1,0,0
9d4ijb45,688,arqjbibz,5,presurvey_part1,Scenario,1772668165,1,0,0
9d4ijb45,686,di39sn9e,1,presurvey_part1,Introduction,1772668166,1,0,0
9d4ijb45,687,c2prw90v,5,presurvey_part1,Scenario,1772668169,1,0,0
9d4ijb45,689,bzxf6wxw,1,presurvey_part1,Introduction,1772668172,1,0,0
9d4ijb45,687,c2prw90v,6,Pay_phase1,Reminder,1772668174,1,0,0
9d4ijb45,682,m2nj45cq,5,presurvey_part1,Scenario,1772668179,1,0,0
9d4ijb45,692,m251i9a2,0,,InitializeParticipant,1772668180,1,0,0
9d4ijb45,682,m2nj45cq,6,Pay_phase1,Reminder,1772668182,1,0,0
9d4ijb45,690,mrn1temo,1,presurvey_part1,Introduction,1772668189,1,0,0
9d4ijb45,686,di39sn9e,2,presurvey_part1,TimeSelection,1772668194,1,0,0
9d4ijb45,689,bzxf6wxw,2,presurvey_part1,TimeSelection,1772668200,1,0,0
9d4ijb45,691,ja4jmqaj,1,presurvey_part1,Introduction,1772668202,1,0,0
9d4ijb45,692,m251i9a2,1,presurvey_part1,Introduction,1772668203,1,0,0
9d4ijb45,691,ja4jmqaj,2,presurvey_part1,TimeSelection,1772668223,1,0,0
9d4ijb45,690,mrn1temo,2,presurvey_part1,TimeSelection,1772668227,1,0,0
9d4ijb45,689,bzxf6wxw,3,presurvey_part1,AudioCheck,1772668239,1,0,0
9d4ijb45,686,di39sn9e,3,presurvey_part1,AudioCheck,1772668244,1,0,0
9d4ijb45,689,bzxf6wxw,4,presurvey_part1,NeighborhoodInstruction,1772668251,1,0,0
9d4ijb45,690,mrn1temo,3,presurvey_part1,AudioCheck,1772668260,1,0,0
9d4ijb45,691,ja4jmqaj,3,presurvey_part1,AudioCheck,1772668261,1,0,0
9d4ijb45,689,bzxf6wxw,5,presurvey_part1,Scenario,1772668273,1,0,0
9d4ijb45,686,di39sn9e,4,presurvey_part1,NeighborhoodInstruction,1772668277,1,0,0
9d4ijb45,691,ja4jmqaj,4,presurvey_part1,NeighborhoodInstruction,1772668281,1,0,0
9d4ijb45,690,mrn1temo,4,presurvey_part1,NeighborhoodInstruction,1772668291,1,0,0
9d4ijb45,691,ja4jmqaj,5,presurvey_part1,Scenario,1772668313,1,0,0
9d4ijb45,686,di39sn9e,5,presurvey_part1,Scenario,1772668329,1,0,0
9d4ijb45,690,mrn1temo,5,presurvey_part1,Scenario,1772668340,1,0,0
9d4ijb45,686,di39sn9e,6,Pay_phase1,Reminder,1772668343,1,0,0
9d4ijb45,693,zxcwpj24,0,,InitializeParticipant,1772668349,1,0,0
9d4ijb45,693,zxcwpj24,1,presurvey_part1,Introduction,1772668375,1,0,0
9d4ijb45,690,mrn1temo,6,Pay_phase1,Reminder,1772668441,1,0,0
9d4ijb45,694,411kl3wo,0,,InitializeParticipant,1772668492,1,0,0
9d4ijb45,695,l17fkspi,0,,InitializeParticipant,1772668523,1,0,0
9d4ijb45,696,eqeunily,0,,InitializeParticipant,1772668558,1,0,0
9d4ijb45,695,l17fkspi,1,presurvey_part1,Introduction,1772668562,1,0,0
9d4ijb45,694,411kl3wo,1,presurvey_part1,Introduction,1772668567,1,0,0
9d4ijb45,696,eqeunily,1,presurvey_part1,Introduction,1772668568,1,0,0
9d4ijb45,694,411kl3wo,2,presurvey_part1,TimeSelection,1772668582,1,0,0
9d4ijb45,695,l17fkspi,2,presurvey_part1,TimeSelection,1772668602,1,0,0
9d4ijb45,694,411kl3wo,3,presurvey_part1,AudioCheck,1772668607,1,0,0
9d4ijb45,696,eqeunily,2,presurvey_part1,TimeSelection,1772668611,1,0,0
9d4ijb45,695,l17fkspi,3,presurvey_part1,AudioCheck,1772668622,1,0,0
9d4ijb45,696,eqeunily,3,presurvey_part1,AudioCheck,1772668627,1,0,0
9d4ijb45,696,eqeunily,4,presurvey_part1,NeighborhoodInstruction,1772668633,1,0,0
9d4ijb45,695,l17fkspi,4,presurvey_part1,NeighborhoodInstruction,1772668643,1,0,0
9d4ijb45,694,411kl3wo,4,presurvey_part1,NeighborhoodInstruction,1772668650,1,0,0
9d4ijb45,696,eqeunily,5,presurvey_part1,Scenario,1772668652,1,0,0
9d4ijb45,696,eqeunily,6,Pay_phase1,Reminder,1772668658,1,0,0
9d4ijb45,695,l17fkspi,5,presurvey_part1,Scenario,1772668678,1,0,0
9d4ijb45,694,411kl3wo,5,presurvey_part1,Scenario,1772668691,1,0,0
9d4ijb45,697,32vihadx,0,,InitializeParticipant,1772668863,1,0,0
9d4ijb45,697,32vihadx,1,presurvey_part1,Introduction,1772668923,1,0,0
9d4ijb45,698,77657ehx,0,,InitializeParticipant,1772668964,1,0,0
9d4ijb45,698,77657ehx,1,presurvey_part1,Introduction,1772669013,1,0,0
9d4ijb45,699,dexax1q7,0,,InitializeParticipant,1772669031,1,0,0
9d4ijb45,698,77657ehx,2,presurvey_part1,TimeSelection,1772669044,1,0,0
9d4ijb45,698,77657ehx,3,presurvey_part1,AudioCheck,1772669080,1,0,0
9d4ijb45,699,dexax1q7,1,presurvey_part1,Introduction,1772669086,1,0,0
9d4ijb45,698,77657ehx,4,presurvey_part1,NeighborhoodInstruction,1772669106,1,0,0
9d4ijb45,699,dexax1q7,2,presurvey_part1,TimeSelection,1772669108,1,0,0
9d4ijb45,699,dexax1q7,3,presurvey_part1,AudioCheck,1772669133,1,0,0
9d4ijb45,698,77657ehx,5,presurvey_part1,Scenario,1772669137,1,0,0
9d4ijb45,699,dexax1q7,4,presurvey_part1,NeighborhoodInstruction,1772669168,1,0,0
9d4ijb45,700,6gv0whjh,0,,InitializeParticipant,1772669182,1,0,0
9d4ijb45,699,dexax1q7,5,presurvey_part1,Scenario,1772669197,1,0,0
9d4ijb45,699,dexax1q7,6,Pay_phase1,Reminder,1772669208,1,0,0
9d4ijb45,700,6gv0whjh,1,presurvey_part1,Introduction,1772669243,1,0,0
9d4ijb45,700,6gv0whjh,2,presurvey_part1,TimeSelection,1772669291,1,0,0
9d4ijb45,700,6gv0whjh,3,presurvey_part1,AudioCheck,1772669328,1,0,0
9d4ijb45,700,6gv0whjh,4,presurvey_part1,NeighborhoodInstruction,1772669365,1,0,0
9d4ijb45,700,6gv0whjh,5,presurvey_part1,Scenario,1772669408,1,0,0
9d4ijb45,701,tmt0xam5,0,,InitializeParticipant,1772669433,1,0,0
9d4ijb45,701,tmt0xam5,1,presurvey_part1,Introduction,1772669465,1,0,0
9d4ijb45,701,tmt0xam5,2,presurvey_part1,TimeSelection,1772669485,1,0,0
9d4ijb45,701,tmt0xam5,3,presurvey_part1,AudioCheck,1772669505,1,0,0
9d4ijb45,701,tmt0xam5,4,presurvey_part1,NeighborhoodInstruction,1772669536,1,0,0
9d4ijb45,702,0r075fs3,0,,InitializeParticipant,1772669551,1,0,0
9d4ijb45,702,0r075fs3,1,presurvey_part1,Introduction,1772669568,1,0,0
9d4ijb45,701,tmt0xam5,5,presurvey_part1,Scenario,1772669588,1,0,0
9d4ijb45,703,dv985gf9,0,,InitializeParticipant,1772669608,1,0,0
9d4ijb45,702,0r075fs3,2,presurvey_part1,TimeSelection,1772669615,1,0,0
9d4ijb45,702,0r075fs3,3,presurvey_part1,AudioCheck,1772669635,1,0,0
9d4ijb45,703,dv985gf9,1,presurvey_part1,Introduction,1772669648,1,0,0
9d4ijb45,702,0r075fs3,4,presurvey_part1,NeighborhoodInstruction,1772669663,1,0,0
9d4ijb45,703,dv985gf9,2,presurvey_part1,TimeSelection,1772669682,1,0,0
9d4ijb45,702,0r075fs3,5,presurvey_part1,Scenario,1772669700,1,0,0
9d4ijb45,703,dv985gf9,3,presurvey_part1,AudioCheck,1772669713,1,0,0
9d4ijb45,702,0r075fs3,6,Pay_phase1,Reminder,1772669723,1,0,0
9d4ijb45,703,dv985gf9,4,presurvey_part1,NeighborhoodInstruction,1772669736,1,0,0
9d4ijb45,703,dv985gf9,5,presurvey_part1,Scenario,1772669761,1,0,0
9d4ijb45,704,zph6e3zy,0,,InitializeParticipant,1772669807,1,0,0
9d4ijb45,705,emwx4bxv,0,,InitializeParticipant,1772669856,1,0,0
9d4ijb45,704,zph6e3zy,1,presurvey_part1,Introduction,1772669883,1,0,0
9d4ijb45,706,j801svgm,0,,InitializeParticipant,1772669892,1,0,0
9d4ijb45,705,emwx4bxv,1,presurvey_part1,Introduction,1772669910,1,0,0
9d4ijb45,707,ito95tla,0,,InitializeParticipant,1772669910,1,0,0
9d4ijb45,707,ito95tla,1,presurvey_part1,Introduction,1772669921,1,0,0
9d4ijb45,708,dbuwjisf,0,,InitializeParticipant,1772669988,1,0,0
9d4ijb45,705,emwx4bxv,2,presurvey_part1,TimeSelection,1772670027,1,0,0
9d4ijb45,706,j801svgm,1,presurvey_part1,Introduction,1772670038,1,0,0
9d4ijb45,705,emwx4bxv,3,presurvey_part1,AudioCheck,1772670044,1,0,0
9d4ijb45,709,k61udpdv,0,,InitializeParticipant,1772670082,1,0,0
9d4ijb45,708,dbuwjisf,1,presurvey_part1,Introduction,1772670092,1,0,0
9d4ijb45,706,j801svgm,2,presurvey_part1,TimeSelection,1772670105,1,0,0
9d4ijb45,708,dbuwjisf,2,presurvey_part1,TimeSelection,1772670121,1,0,0
9d4ijb45,709,k61udpdv,1,presurvey_part1,Introduction,1772670122,1,0,0
9d4ijb45,710,7hekdic5,0,,InitializeParticipant,1772670127,1,0,0
9d4ijb45,709,k61udpdv,2,presurvey_part1,TimeSelection,1772670137,1,0,0
9d4ijb45,710,7hekdic5,1,presurvey_part1,Introduction,1772670144,1,0,0
9d4ijb45,708,dbuwjisf,3,presurvey_part1,AudioCheck,1772670145,1,0,0
9d4ijb45,705,emwx4bxv,4,presurvey_part1,NeighborhoodInstruction,1772670148,1,0,0
9d4ijb45,706,j801svgm,3,presurvey_part1,AudioCheck,1772670152,1,0,0
9d4ijb45,708,dbuwjisf,4,presurvey_part1,NeighborhoodInstruction,1772670166,1,0,0
9d4ijb45,711,pw8dzo05,0,,InitializeParticipant,1772670174,1,0,0
9d4ijb45,709,k61udpdv,3,presurvey_part1,AudioCheck,1772670178,1,0,0
9d4ijb45,709,k61udpdv,4,presurvey_part1,NeighborhoodInstruction,1772670205,1,0,0
9d4ijb45,708,dbuwjisf,5,presurvey_part1,Scenario,1772670207,1,0,0
9d4ijb45,705,emwx4bxv,5,presurvey_part1,Scenario,1772670231,1,0,0
9d4ijb45,706,j801svgm,4,presurvey_part1,NeighborhoodInstruction,1772670234,1,0,0
9d4ijb45,709,k61udpdv,5,presurvey_part1,Scenario,1772670239,1,0,0
9d4ijb45,712,e6ngem78,0,,InitializeParticipant,1772670259,1,0,0
9d4ijb45,705,emwx4bxv,6,Pay_phase1,Reminder,1772670271,1,0,0
9d4ijb45,713,dht3mpnp,0,,InitializeParticipant,1772670277,1,0,0
9d4ijb45,709,k61udpdv,6,Pay_phase1,Reminder,1772670278,1,0,0
9d4ijb45,708,dbuwjisf,6,Pay_phase1,Reminder,1772670287,1,0,0
9d4ijb45,714,cz8w84c5,0,,InitializeParticipant,1772670295,1,0,0
9d4ijb45,715,czh90dlf,0,,InitializeParticipant,1772670297,1,0,0
9d4ijb45,712,e6ngem78,1,presurvey_part1,Introduction,1772670298,1,0,0
9d4ijb45,714,cz8w84c5,1,presurvey_part1,Introduction,1772670307,1,0,0
9d4ijb45,713,dht3mpnp,1,presurvey_part1,Introduction,1772670309,1,0,0
9d4ijb45,714,cz8w84c5,2,presurvey_part1,TimeSelection,1772670320,1,0,0
9d4ijb45,712,e6ngem78,2,presurvey_part1,TimeSelection,1772670322,1,0,0
9d4ijb45,715,czh90dlf,1,presurvey_part1,Introduction,1772670323,1,0,0
9d4ijb45,716,uwvc4g5w,0,,InitializeParticipant,1772670331,1,0,0
9d4ijb45,714,cz8w84c5,3,presurvey_part1,AudioCheck,1772670333,1,0,0
9d4ijb45,714,cz8w84c5,4,presurvey_part1,NeighborhoodInstruction,1772670341,1,0,0
9d4ijb45,713,dht3mpnp,2,presurvey_part1,TimeSelection,1772670343,1,0,0
9d4ijb45,712,e6ngem78,3,presurvey_part1,AudioCheck,1772670347,1,0,0
9d4ijb45,706,j801svgm,5,presurvey_part1,Scenario,1772670348,1,0,0
9d4ijb45,714,cz8w84c5,5,presurvey_part1,Scenario,1772670352,1,0,0
9d4ijb45,715,czh90dlf,2,presurvey_part1,TimeSelection,1772670353,1,0,0
9d4ijb45,713,dht3mpnp,3,presurvey_part1,AudioCheck,1772670358,1,0,0
9d4ijb45,716,uwvc4g5w,1,presurvey_part1,Introduction,1772670365,1,0,0
9d4ijb45,717,mzcxv6wu,0,,InitializeParticipant,1772670372,1,0,0
9d4ijb45,712,e6ngem78,4,presurvey_part1,NeighborhoodInstruction,1772670380,1,0,0
9d4ijb45,716,uwvc4g5w,2,presurvey_part1,TimeSelection,1772670380,1,0,0
9d4ijb45,706,j801svgm,6,Pay_phase1,Reminder,1772670381,1,0,0
9d4ijb45,715,czh90dlf,3,presurvey_part1,AudioCheck,1772670398,1,0,0
9d4ijb45,716,uwvc4g5w,3,presurvey_part1,AudioCheck,1772670413,1,0,0
9d4ijb45,715,czh90dlf,4,presurvey_part1,NeighborhoodInstruction,1772670420,1,0,0
9d4ijb45,712,e6ngem78,5,presurvey_part1,Scenario,1772670423,1,0,0
9d4ijb45,718,kmjpgoxx,0,,InitializeParticipant,1772670436,1,0,0
9d4ijb45,719,ze9rch40,0,,InitializeParticipant,1772670441,1,0,0
9d4ijb45,716,uwvc4g5w,4,presurvey_part1,NeighborhoodInstruction,1772670442,1,0,0
9d4ijb45,718,kmjpgoxx,1,presurvey_part1,Introduction,1772670456,1,0,0
9d4ijb45,715,czh90dlf,5,presurvey_part1,Scenario,1772670460,1,0,0
9d4ijb45,715,czh90dlf,6,Pay_phase1,Reminder,1772670466,1,0,0
9d4ijb45,718,kmjpgoxx,2,presurvey_part1,TimeSelection,1772670478,1,0,0
9d4ijb45,716,uwvc4g5w,5,presurvey_part1,Scenario,1772670480,1,0,0
9d4ijb45,720,o0lwhu0y,0,,InitializeParticipant,1772670481,1,0,0
9d4ijb45,719,ze9rch40,1,presurvey_part1,Introduction,1772670511,1,0,0
9d4ijb45,720,o0lwhu0y,1,presurvey_part1,Introduction,1772670514,1,0,0
9d4ijb45,719,ze9rch40,2,presurvey_part1,TimeSelection,1772670520,1,0,0
9d4ijb45,720,o0lwhu0y,2,presurvey_part1,TimeSelection,1772670540,1,0,0
9d4ijb45,719,ze9rch40,3,presurvey_part1,AudioCheck,1772670553,1,0,0
9d4ijb45,720,o0lwhu0y,3,presurvey_part1,AudioCheck,1772670561,1,0,0
9d4ijb45,717,mzcxv6wu,1,presurvey_part1,Introduction,1772670564,1,0,0
9d4ijb45,721,vauwnclz,0,,InitializeParticipant,1772670567,1,0,0
9d4ijb45,722,yzh2mrdn,0,,InitializeParticipant,1772670570,1,0,0
9d4ijb45,719,ze9rch40,4,presurvey_part1,NeighborhoodInstruction,1772670572,1,0,0
9d4ijb45,720,o0lwhu0y,4,presurvey_part1,NeighborhoodInstruction,1772670583,1,0,0
9d4ijb45,684,udywjmwm,3,presurvey_part1,AudioCheck,1772670624,1,0,0
9d4ijb45,719,ze9rch40,5,presurvey_part1,Scenario,1772670624,1,0,0
9d4ijb45,719,ze9rch40,6,Pay_phase1,Reminder,1772670636,1,0,0
9d4ijb45,720,o0lwhu0y,5,presurvey_part1,Scenario,1772670644,1,0,0
9d4ijb45,684,udywjmwm,4,presurvey_part1,NeighborhoodInstruction,1772670667,1,0,0
9d4ijb45,722,yzh2mrdn,1,presurvey_part1,Introduction,1772670690,1,0,0
9d4ijb45,722,yzh2mrdn,2,presurvey_part1,TimeSelection,1772670721,1,0,0
9d4ijb45,723,5l7uywzl,0,,InitializeParticipant,1772670722,1,0,0
9d4ijb45,684,udywjmwm,5,presurvey_part1,Scenario,1772670735,1,0,0
9d4ijb45,723,5l7uywzl,1,presurvey_part1,Introduction,1772670737,1,0,0
9d4ijb45,684,udywjmwm,6,Pay_phase1,Reminder,1772670741,1,0,0
9d4ijb45,722,yzh2mrdn,3,presurvey_part1,AudioCheck,1772670768,1,0,0
9d4ijb45,722,yzh2mrdn,4,presurvey_part1,NeighborhoodInstruction,1772670821,1,0,0
9d4ijb45,724,ncl6462b,0,,InitializeParticipant,1772670824,1,0,0
9d4ijb45,722,yzh2mrdn,5,presurvey_part1,Scenario,1772670848,1,0,0
9d4ijb45,725,hit5jyh5,0,,InitializeParticipant,1772670852,1,0,0
9d4ijb45,724,ncl6462b,1,presurvey_part1,Introduction,1772670863,1,0,0
9d4ijb45,725,hit5jyh5,1,presurvey_part1,Introduction,1772670870,1,0,0
9d4ijb45,725,hit5jyh5,2,presurvey_part1,TimeSelection,1772670888,1,0,0
9d4ijb45,724,ncl6462b,2,presurvey_part1,TimeSelection,1772670906,1,0,0
9d4ijb45,726,x7wiqvgv,0,,InitializeParticipant,1772670908,1,0,0
9d4ijb45,725,hit5jyh5,3,presurvey_part1,AudioCheck,1772670914,1,0,0
9d4ijb45,724,ncl6462b,3,presurvey_part1,AudioCheck,1772670929,1,0,0
9d4ijb45,725,hit5jyh5,4,presurvey_part1,NeighborhoodInstruction,1772670943,1,0,0
9d4ijb45,727,uenipike,0,,InitializeParticipant,1772670944,1,0,0
9d4ijb45,724,ncl6462b,4,presurvey_part1,NeighborhoodInstruction,1772670953,1,0,0
9d4ijb45,722,yzh2mrdn,6,Pay_phase1,Reminder,1772670956,1,0,0
9d4ijb45,725,hit5jyh5,5,presurvey_part1,Scenario,1772670973,1,0,0
9d4ijb45,727,uenipike,1,presurvey_part1,Introduction,1772670975,1,0,0
9d4ijb45,725,hit5jyh5,6,Pay_phase1,Reminder,1772670981,1,0,0
9d4ijb45,727,uenipike,2,presurvey_part1,TimeSelection,1772671024,1,0,0
9d4ijb45,726,x7wiqvgv,1,presurvey_part1,Introduction,1772671029,1,0,0
9d4ijb45,724,ncl6462b,5,presurvey_part1,Scenario,1772671029,1,0,0
9d4ijb45,724,ncl6462b,6,Pay_phase1,Reminder,1772671036,1,0,0
9d4ijb45,728,uwsuyun5,0,,InitializeParticipant,1772671063,1,0,0
9d4ijb45,729,cals0o3p,0,,InitializeParticipant,1772671070,1,0,0
9d4ijb45,730,e0qu87vj,0,,InitializeParticipant,1772671072,1,0,0
9d4ijb45,726,x7wiqvgv,2,presurvey_part1,TimeSelection,1772671099,1,0,0
9d4ijb45,727,uenipike,3,presurvey_part1,AudioCheck,1772671108,1,0,0
9d4ijb45,731,zl0ku613,0,,InitializeParticipant,1772671112,1,0,0
9d4ijb45,730,e0qu87vj,1,presurvey_part1,Introduction,1772671126,1,0,0
9d4ijb45,729,cals0o3p,1,presurvey_part1,Introduction,1772671129,1,0,0
9d4ijb45,731,zl0ku613,1,presurvey_part1,Introduction,1772671136,1,0,0
9d4ijb45,726,x7wiqvgv,3,presurvey_part1,AudioCheck,1772671146,1,0,0
9d4ijb45,732,6mjcc34t,0,,InitializeParticipant,1772671146,1,0,0
9d4ijb45,731,zl0ku613,2,presurvey_part1,TimeSelection,1772671152,1,0,0
9d4ijb45,729,cals0o3p,2,presurvey_part1,TimeSelection,1772671159,1,0,0
9d4ijb45,731,zl0ku613,3,presurvey_part1,AudioCheck,1772671166,1,0,0
9d4ijb45,732,6mjcc34t,1,presurvey_part1,Introduction,1772671169,1,0,0
9d4ijb45,730,e0qu87vj,2,presurvey_part1,TimeSelection,1772671173,1,0,0
9d4ijb45,726,x7wiqvgv,4,presurvey_part1,NeighborhoodInstruction,1772671178,1,0,0
9d4ijb45,731,zl0ku613,4,presurvey_part1,NeighborhoodInstruction,1772671184,1,0,0
9d4ijb45,729,cals0o3p,3,presurvey_part1,AudioCheck,1772671200,1,0,0
9d4ijb45,730,e0qu87vj,3,presurvey_part1,AudioCheck,1772671202,1,0,0
9d4ijb45,731,zl0ku613,5,presurvey_part1,Scenario,1772671218,1,0,0
9d4ijb45,730,e0qu87vj,4,presurvey_part1,NeighborhoodInstruction,1772671231,1,0,0
9d4ijb45,726,x7wiqvgv,5,presurvey_part1,Scenario,1772671237,1,0,0
9d4ijb45,729,cals0o3p,4,presurvey_part1,NeighborhoodInstruction,1772671247,1,0,0
9d4ijb45,726,x7wiqvgv,6,Pay_phase1,Reminder,1772671254,1,0,0
9d4ijb45,727,uenipike,4,presurvey_part1,NeighborhoodInstruction,1772671258,1,0,0
9d4ijb45,733,96ddmu5o,0,,InitializeParticipant,1772671275,1,0,0
9d4ijb45,727,uenipike,5,presurvey_part1,Scenario,1772671290,1,0,0
9d4ijb45,734,fb7ut5r5,0,,InitializeParticipant,1772671293,1,0,0
9d4ijb45,730,e0qu87vj,5,presurvey_part1,Scenario,1772671298,1,0,0
9d4ijb45,733,96ddmu5o,1,presurvey_part1,Introduction,1772671305,1,0,0
9d4ijb45,729,cals0o3p,5,presurvey_part1,Scenario,1772671309,1,0,0
9d4ijb45,735,ywsnjeb7,0,,InitializeParticipant,1772671325,1,0,0
9d4ijb45,729,cals0o3p,6,Pay_phase1,Reminder,1772671329,1,0,0
9d4ijb45,733,96ddmu5o,2,presurvey_part1,TimeSelection,1772671332,1,0,0
9d4ijb45,736,1lu4h36s,0,,InitializeParticipant,1772671334,1,0,0
9d4ijb45,737,nv5a6hb8,0,,InitializeParticipant,1772671335,1,0,0
9d4ijb45,736,1lu4h36s,1,presurvey_part1,Introduction,1772671346,1,0,0
9d4ijb45,733,96ddmu5o,3,presurvey_part1,AudioCheck,1772671359,1,0,0
9d4ijb45,738,oobsvyft,0,,InitializeParticipant,1772671369,1,0,0
9d4ijb45,736,1lu4h36s,2,presurvey_part1,TimeSelection,1772671371,1,0,0
9d4ijb45,733,96ddmu5o,4,presurvey_part1,NeighborhoodInstruction,1772671381,1,0,0
9d4ijb45,733,96ddmu5o,5,presurvey_part1,Scenario,1772671403,1,0,0
9d4ijb45,736,1lu4h36s,3,presurvey_part1,AudioCheck,1772671417,1,0,0
9d4ijb45,739,psrky75l,0,,InitializeParticipant,1772671430,1,0,0
9d4ijb45,736,1lu4h36s,4,presurvey_part1,NeighborhoodInstruction,1772671430,1,0,0
9d4ijb45,736,1lu4h36s,5,presurvey_part1,Scenario,1772671451,1,0,0
9d4ijb45,737,nv5a6hb8,1,presurvey_part1,Introduction,1772671490,1,0,0
9d4ijb45,737,nv5a6hb8,2,presurvey_part1,TimeSelection,1772671502,1,0,0
9d4ijb45,737,nv5a6hb8,3,presurvey_part1,AudioCheck,1772671513,1,0,0
9d4ijb45,739,psrky75l,1,presurvey_part1,Introduction,1772671534,1,0,0
9d4ijb45,740,l1ftednu,0,,InitializeParticipant,1772671541,1,0,0
9d4ijb45,737,nv5a6hb8,4,presurvey_part1,NeighborhoodInstruction,1772671548,1,0,0
9d4ijb45,741,2syitvhe,0,,InitializeParticipant,1772671549,1,0,0
9d4ijb45,740,l1ftednu,1,presurvey_part1,Introduction,1772671565,1,0,0
9d4ijb45,741,2syitvhe,1,presurvey_part1,Introduction,1772671612,1,0,0
9d4ijb45,741,2syitvhe,2,presurvey_part1,TimeSelection,1772671620,1,0,0
9d4ijb45,741,2syitvhe,3,presurvey_part1,AudioCheck,1772671634,1,0,0
9d4ijb45,741,2syitvhe,4,presurvey_part1,NeighborhoodInstruction,1772671651,1,0,0
9d4ijb45,741,2syitvhe,5,presurvey_part1,Scenario,1772671685,1,0,0
9d4ijb45,741,2syitvhe,6,Pay_phase1,Reminder,1772671700,1,0,0
9d4ijb45,742,kdgekc2d,0,,InitializeParticipant,1772671723,1,0,0
9d4ijb45,737,nv5a6hb8,5,presurvey_part1,Scenario,1772671741,1,0,0
9d4ijb45,734,fb7ut5r5,1,presurvey_part1,Introduction,1772671754,1,0,0
9d4ijb45,742,kdgekc2d,1,presurvey_part1,Introduction,1772671798,1,0,0
9d4ijb45,742,kdgekc2d,2,presurvey_part1,TimeSelection,1772671811,1,0,0
9d4ijb45,742,kdgekc2d,3,presurvey_part1,AudioCheck,1772671828,1,0,0
9d4ijb45,742,kdgekc2d,4,presurvey_part1,NeighborhoodInstruction,1772671836,1,0,0
9d4ijb45,743,eu5s77dr,0,,InitializeParticipant,1772671850,1,0,0
9d4ijb45,743,eu5s77dr,1,presurvey_part1,Introduction,1772671869,1,0,0
9d4ijb45,734,fb7ut5r5,2,presurvey_part1,TimeSelection,1772671872,1,0,0
9d4ijb45,742,kdgekc2d,5,presurvey_part1,Scenario,1772671876,1,0,0
9d4ijb45,744,mt32vmy0,0,,InitializeParticipant,1772671887,1,0,0
9d4ijb45,745,0xuuyjo0,0,,InitializeParticipant,1772671896,1,0,0
9d4ijb45,743,eu5s77dr,2,presurvey_part1,TimeSelection,1772671909,1,0,0
9d4ijb45,734,fb7ut5r5,3,presurvey_part1,AudioCheck,1772671909,1,0,0
9d4ijb45,744,mt32vmy0,1,presurvey_part1,Introduction,1772671912,1,0,0
9d4ijb45,743,eu5s77dr,3,presurvey_part1,AudioCheck,1772671934,1,0,0
9d4ijb45,744,mt32vmy0,2,presurvey_part1,TimeSelection,1772671937,1,0,0
9d4ijb45,744,mt32vmy0,3,presurvey_part1,AudioCheck,1772671953,1,0,0
9d4ijb45,745,0xuuyjo0,1,presurvey_part1,Introduction,1772671953,1,0,0
9d4ijb45,743,eu5s77dr,4,presurvey_part1,NeighborhoodInstruction,1772671955,1,0,0
9d4ijb45,734,fb7ut5r5,4,presurvey_part1,NeighborhoodInstruction,1772671958,1,0,0
9d4ijb45,744,mt32vmy0,4,presurvey_part1,NeighborhoodInstruction,1772671970,1,0,0
9d4ijb45,745,0xuuyjo0,2,presurvey_part1,TimeSelection,1772671978,1,0,0
9d4ijb45,743,eu5s77dr,5,presurvey_part1,Scenario,1772671982,1,0,0
9d4ijb45,743,eu5s77dr,6,Pay_phase1,Reminder,1772671985,1,0,0
9d4ijb45,744,mt32vmy0,5,presurvey_part1,Scenario,1772671998,1,0,0
9d4ijb45,746,lgfqnipx,0,,InitializeParticipant,1772672007,1,0,0
9d4ijb45,734,fb7ut5r5,5,presurvey_part1,Scenario,1772672008,1,0,0
9d4ijb45,745,0xuuyjo0,3,presurvey_part1,AudioCheck,1772672030,1,0,0
9d4ijb45,747,g1mwf2vf,0,,InitializeParticipant,1772672040,1,0,0
9d4ijb45,734,fb7ut5r5,6,Pay_phase1,Reminder,1772672062,1,0,0
9d4ijb45,747,g1mwf2vf,1,presurvey_part1,Introduction,1772672067,1,0,0
9d4ijb45,746,lgfqnipx,1,presurvey_part1,Introduction,1772672067,1,0,0
9d4ijb45,745,0xuuyjo0,4,presurvey_part1,NeighborhoodInstruction,1772672069,1,0,0
9d4ijb45,747,g1mwf2vf,2,presurvey_part1,TimeSelection,1772672085,1,0,0
9d4ijb45,747,g1mwf2vf,3,presurvey_part1,AudioCheck,1772672098,1,0,0
9d4ijb45,745,0xuuyjo0,5,presurvey_part1,Scenario,1772672115,1,0,0
9d4ijb45,748,zm3scmgd,0,,InitializeParticipant,1772672131,1,0,0
9d4ijb45,749,xsseas7n,0,,InitializeParticipant,1772672135,1,0,0
9d4ijb45,747,g1mwf2vf,4,presurvey_part1,NeighborhoodInstruction,1772672136,1,0,0
9d4ijb45,750,91hqaunt,0,,InitializeParticipant,1772672140,1,0,0
9d4ijb45,749,xsseas7n,1,presurvey_part1,Introduction,1772672158,1,0,0
9d4ijb45,747,g1mwf2vf,5,presurvey_part1,Scenario,1772672170,1,0,0
9d4ijb45,749,xsseas7n,2,presurvey_part1,TimeSelection,1772672176,1,0,0
9d4ijb45,747,g1mwf2vf,6,Pay_phase1,Reminder,1772672178,1,0,0
9d4ijb45,748,zm3scmgd,1,presurvey_part1,Introduction,1772672188,1,0,0
9d4ijb45,750,91hqaunt,1,presurvey_part1,Introduction,1772672189,1,0,0
9d4ijb45,749,xsseas7n,3,presurvey_part1,AudioCheck,1772672191,1,0,0
9d4ijb45,749,xsseas7n,4,presurvey_part1,NeighborhoodInstruction,1772672202,1,0,0
9d4ijb45,750,91hqaunt,2,presurvey_part1,TimeSelection,1772672206,1,0,0
9d4ijb45,748,zm3scmgd,2,presurvey_part1,TimeSelection,1772672229,1,0,0
9d4ijb45,751,ftih2t82,0,,InitializeParticipant,1772672229,1,0,0
9d4ijb45,749,xsseas7n,5,presurvey_part1,Scenario,1772672235,1,0,0
9d4ijb45,750,91hqaunt,3,presurvey_part1,AudioCheck,1772672247,1,0,0
9d4ijb45,752,7mxkey49,0,,InitializeParticipant,1772672249,1,0,0
9d4ijb45,748,zm3scmgd,3,presurvey_part1,AudioCheck,1772672253,1,0,0
9d4ijb45,750,91hqaunt,4,presurvey_part1,NeighborhoodInstruction,1772672268,1,0,0
9d4ijb45,748,zm3scmgd,4,presurvey_part1,NeighborhoodInstruction,1772672269,1,0,0
9d4ijb45,751,ftih2t82,1,presurvey_part1,Introduction,1772672279,1,0,0
9d4ijb45,752,7mxkey49,1,presurvey_part1,Introduction,1772672287,1,0,0
9d4ijb45,753,41czl2wx,0,,InitializeParticipant,1772672290,1,0,0
9d4ijb45,748,zm3scmgd,5,presurvey_part1,Scenario,1772672298,1,0,0
9d4ijb45,750,91hqaunt,5,presurvey_part1,Scenario,1772672304,1,0,0
9d4ijb45,751,ftih2t82,2,presurvey_part1,TimeSelection,1772672307,1,0,0
9d4ijb45,754,u1bc8u32,0,,InitializeParticipant,1772672308,1,0,0
9d4ijb45,753,41czl2wx,1,presurvey_part1,Introduction,1772672311,1,0,0
9d4ijb45,750,91hqaunt,6,Pay_phase1,Reminder,1772672316,1,0,0
9d4ijb45,754,u1bc8u32,1,presurvey_part1,Introduction,1772672318,1,0,0
9d4ijb45,755,d8dnei2q,0,,InitializeParticipant,1772672335,1,0,0
9d4ijb45,752,7mxkey49,2,presurvey_part1,TimeSelection,1772672337,1,0,0
9d4ijb45,754,u1bc8u32,2,presurvey_part1,TimeSelection,1772672340,1,0,0
9d4ijb45,751,ftih2t82,3,presurvey_part1,AudioCheck,1772672342,1,0,0
9d4ijb45,746,lgfqnipx,2,presurvey_part1,TimeSelection,1772672343,1,0,0
9d4ijb45,753,41czl2wx,2,presurvey_part1,TimeSelection,1772672345,1,0,0
9d4ijb45,753,41czl2wx,3,presurvey_part1,AudioCheck,1772672361,1,0,0
9d4ijb45,754,u1bc8u32,3,presurvey_part1,AudioCheck,1772672363,1,0,0
9d4ijb45,751,ftih2t82,4,presurvey_part1,NeighborhoodInstruction,1772672367,1,0,0
9d4ijb45,756,hlg127fd,0,,InitializeParticipant,1772672370,1,0,0
9d4ijb45,755,d8dnei2q,1,presurvey_part1,Introduction,1772672374,1,0,0
9d4ijb45,752,7mxkey49,3,presurvey_part1,AudioCheck,1772672378,1,0,0
9d4ijb45,753,41czl2wx,4,presurvey_part1,NeighborhoodInstruction,1772672381,1,0,0
9d4ijb45,746,lgfqnipx,3,presurvey_part1,AudioCheck,1772672389,1,0,0
9d4ijb45,754,u1bc8u32,4,presurvey_part1,NeighborhoodInstruction,1772672391,1,0,0
9d4ijb45,752,7mxkey49,4,presurvey_part1,NeighborhoodInstruction,1772672392,1,0,0
9d4ijb45,755,d8dnei2q,2,presurvey_part1,TimeSelection,1772672402,1,0,0
9d4ijb45,751,ftih2t82,5,presurvey_part1,Scenario,1772672403,1,0,0
9d4ijb45,757,z5cas2id,0,,InitializeParticipant,1772672405,1,0,0
9d4ijb45,751,ftih2t82,6,Pay_phase1,Reminder,1772672413,1,0,0
9d4ijb45,753,41czl2wx,5,presurvey_part1,Scenario,1772672418,1,0,0
9d4ijb45,755,d8dnei2q,3,presurvey_part1,AudioCheck,1772672418,1,0,0
9d4ijb45,754,u1bc8u32,5,presurvey_part1,Scenario,1772672424,1,0,0
9d4ijb45,753,41czl2wx,6,Pay_phase1,Reminder,1772672425,1,0,0
9d4ijb45,746,lgfqnipx,4,presurvey_part1,NeighborhoodInstruction,1772672428,1,0,0
9d4ijb45,754,u1bc8u32,6,Pay_phase1,Reminder,1772672435,1,0,0
9d4ijb45,755,d8dnei2q,4,presurvey_part1,NeighborhoodInstruction,1772672435,1,0,0
9d4ijb45,757,z5cas2id,1,presurvey_part1,Introduction,1772672455,1,0,0
9d4ijb45,755,d8dnei2q,5,presurvey_part1,Scenario,1772672474,1,0,0
9d4ijb45,746,lgfqnipx,5,presurvey_part1,Scenario,1772672479,1,0,0
9d4ijb45,755,d8dnei2q,6,Pay_phase1,Reminder,1772672481,1,0,0
9d4ijb45,746,lgfqnipx,6,Pay_phase1,Reminder,1772672491,1,0,0
9d4ijb45,752,7mxkey49,5,presurvey_part1,Scenario,1772672492,1,0,0
9d4ijb45,757,z5cas2id,2,presurvey_part1,TimeSelection,1772672511,1,0,0
9d4ijb45,758,z9elo0f5,0,,InitializeParticipant,1772672523,1,0,0
9d4ijb45,752,7mxkey49,6,Pay_phase1,Reminder,1772672538,1,0,0
9d4ijb45,757,z5cas2id,3,presurvey_part1,AudioCheck,1772672568,1,0,0
9d4ijb45,738,oobsvyft,1,presurvey_part1,Introduction,1772672573,1,0,0
9d4ijb45,759,391ulqqr,0,,InitializeParticipant,1772672581,1,0,0
9d4ijb45,738,oobsvyft,2,presurvey_part1,TimeSelection,1772672600,1,0,0
9d4ijb45,759,391ulqqr,1,presurvey_part1,Introduction,1772672601,1,0,0
9d4ijb45,757,z5cas2id,4,presurvey_part1,NeighborhoodInstruction,1772672609,1,0,0
9d4ijb45,760,0ph77grz,0,,InitializeParticipant,1772672611,1,0,0
9d4ijb45,738,oobsvyft,3,presurvey_part1,AudioCheck,1772672625,1,0,0
9d4ijb45,759,391ulqqr,2,presurvey_part1,TimeSelection,1772672631,1,0,0
9d4ijb45,738,oobsvyft,4,presurvey_part1,NeighborhoodInstruction,1772672645,1,0,0
9d4ijb45,759,391ulqqr,3,presurvey_part1,AudioCheck,1772672648,1,0,0
9d4ijb45,757,z5cas2id,5,presurvey_part1,Scenario,1772672650,1,0,0
9d4ijb45,761,fu1wqncs,0,,InitializeParticipant,1772672656,1,0,0
9d4ijb45,760,0ph77grz,1,presurvey_part1,Introduction,1772672657,1,0,0
9d4ijb45,759,391ulqqr,4,presurvey_part1,NeighborhoodInstruction,1772672658,1,0,0
9d4ijb45,738,oobsvyft,5,presurvey_part1,Scenario,1772672675,1,0,0
9d4ijb45,762,uemmbpru,0,,InitializeParticipant,1772672678,1,0,0
9d4ijb45,757,z5cas2id,6,Pay_phase1,Reminder,1772672682,1,0,0
9d4ijb45,763,5posp7m8,0,,InitializeParticipant,1772672685,1,0,0
9d4ijb45,760,0ph77grz,2,presurvey_part1,TimeSelection,1772672685,1,0,0
9d4ijb45,759,391ulqqr,5,presurvey_part1,Scenario,1772672692,1,0,0
9d4ijb45,762,uemmbpru,1,presurvey_part1,Introduction,1772672699,1,0,0
9d4ijb45,764,oq5lfli0,0,,InitializeParticipant,1772672704,1,0,0
9d4ijb45,760,0ph77grz,3,presurvey_part1,AudioCheck,1772672708,1,0,0
9d4ijb45,738,oobsvyft,6,Pay_phase1,Reminder,1772672710,1,0,0
9d4ijb45,759,391ulqqr,6,Pay_phase1,Reminder,1772672714,1,0,0
9d4ijb45,762,uemmbpru,2,presurvey_part1,TimeSelection,1772672719,1,0,0
9d4ijb45,761,fu1wqncs,1,presurvey_part1,Introduction,1772672724,1,0,0
9d4ijb45,760,0ph77grz,4,presurvey_part1,NeighborhoodInstruction,1772672727,1,0,0
9d4ijb45,762,uemmbpru,3,presurvey_part1,AudioCheck,1772672730,1,0,0
9d4ijb45,764,oq5lfli0,1,presurvey_part1,Introduction,1772672735,1,0,0
9d4ijb45,762,uemmbpru,4,presurvey_part1,NeighborhoodInstruction,1772672739,1,0,0
9d4ijb45,765,weqohkr3,0,,InitializeParticipant,1772672746,1,0,0
9d4ijb45,762,uemmbpru,5,presurvey_part1,Scenario,1772672755,1,0,0
9d4ijb45,762,uemmbpru,6,Pay_phase1,Reminder,1772672759,1,0,0
9d4ijb45,760,0ph77grz,5,presurvey_part1,Scenario,1772672762,1,0,0
9d4ijb45,766,et3lu62n,0,,InitializeParticipant,1772672762,1,0,0
9d4ijb45,761,fu1wqncs,2,presurvey_part1,TimeSelection,1772672763,1,0,0
9d4ijb45,765,weqohkr3,1,presurvey_part1,Introduction,1772672781,1,0,0
9d4ijb45,765,weqohkr3,2,presurvey_part1,TimeSelection,1772672794,1,0,0
9d4ijb45,761,fu1wqncs,3,presurvey_part1,AudioCheck,1772672809,1,0,0
9d4ijb45,766,et3lu62n,1,presurvey_part1,Introduction,1772672811,1,0,0
9d4ijb45,765,weqohkr3,3,presurvey_part1,AudioCheck,1772672813,1,0,0
9d4ijb45,761,fu1wqncs,4,presurvey_part1,NeighborhoodInstruction,1772672831,1,0,0
9d4ijb45,765,weqohkr3,4,presurvey_part1,NeighborhoodInstruction,1772672831,1,0,0
9d4ijb45,766,et3lu62n,2,presurvey_part1,TimeSelection,1772672845,1,0,0
9d4ijb45,765,weqohkr3,5,presurvey_part1,Scenario,1772672856,1,0,0
9d4ijb45,765,weqohkr3,6,Pay_phase1,Reminder,1772672861,1,0,0
9d4ijb45,766,et3lu62n,3,presurvey_part1,AudioCheck,1772672873,1,0,0
9d4ijb45,761,fu1wqncs,5,presurvey_part1,Scenario,1772672880,1,0,0
9d4ijb45,761,fu1wqncs,6,Pay_phase1,Reminder,1772672892,1,0,0
9d4ijb45,767,ayep8qfs,0,,InitializeParticipant,1772672903,1,0,0
9d4ijb45,766,et3lu62n,4,presurvey_part1,NeighborhoodInstruction,1772672928,1,0,0
9d4ijb45,768,efstw4n5,0,,InitializeParticipant,1772672964,1,0,0
9d4ijb45,769,cry60muz,0,,InitializeParticipant,1772672978,1,0,0
9d4ijb45,766,et3lu62n,5,presurvey_part1,Scenario,1772672990,1,0,0
9d4ijb45,768,efstw4n5,1,presurvey_part1,Introduction,1772672990,1,0,0
9d4ijb45,769,cry60muz,1,presurvey_part1,Introduction,1772673006,1,0,0
9d4ijb45,767,ayep8qfs,1,presurvey_part1,Introduction,1772673012,1,0,0
9d4ijb45,768,efstw4n5,2,presurvey_part1,TimeSelection,1772673013,1,0,0
9d4ijb45,768,efstw4n5,3,presurvey_part1,AudioCheck,1772673023,1,0,0
9d4ijb45,769,cry60muz,2,presurvey_part1,TimeSelection,1772673037,1,0,0
9d4ijb45,768,efstw4n5,4,presurvey_part1,NeighborhoodInstruction,1772673042,1,0,0
9d4ijb45,767,ayep8qfs,2,presurvey_part1,TimeSelection,1772673045,1,0,0
9d4ijb45,768,efstw4n5,5,presurvey_part1,Scenario,1772673057,1,0,0
9d4ijb45,768,efstw4n5,6,Pay_phase1,Reminder,1772673059,1,0,0
9d4ijb45,769,cry60muz,3,presurvey_part1,AudioCheck,1772673061,1,0,0
9d4ijb45,769,cry60muz,4,presurvey_part1,NeighborhoodInstruction,1772673068,1,0,0
9d4ijb45,767,ayep8qfs,3,presurvey_part1,AudioCheck,1772673070,1,0,0
9d4ijb45,769,cry60muz,5,presurvey_part1,Scenario,1772673096,1,0,0
9d4ijb45,770,2j4pi66d,0,,InitializeParticipant,1772673134,1,0,0
9d4ijb45,767,ayep8qfs,4,presurvey_part1,NeighborhoodInstruction,1772673138,1,0,0
9d4ijb45,770,2j4pi66d,1,presurvey_part1,Introduction,1772673163,1,0,0
9d4ijb45,770,2j4pi66d,2,presurvey_part1,TimeSelection,1772673175,1,0,0
9d4ijb45,770,2j4pi66d,3,presurvey_part1,AudioCheck,1772673186,1,0,0
9d4ijb45,767,ayep8qfs,5,presurvey_part1,Scenario,1772673186,1,0,0
9d4ijb45,770,2j4pi66d,4,presurvey_part1,NeighborhoodInstruction,1772673204,1,0,0
9d4ijb45,770,2j4pi66d,5,presurvey_part1,Scenario,1772673231,1,0,0
9d4ijb45,771,3ke17lxs,0,,InitializeParticipant,1772673356,1,0,0
9d4ijb45,771,3ke17lxs,1,presurvey_part1,Introduction,1772673366,1,0,0
9d4ijb45,771,3ke17lxs,2,presurvey_part1,TimeSelection,1772673408,1,0,0
9d4ijb45,772,53scnq1h,0,,InitializeParticipant,1772673417,1,0,0
9d4ijb45,773,oyy7bnhh,0,,InitializeParticipant,1772673462,1,0,0
9d4ijb45,774,yv40t2c2,0,,InitializeParticipant,1772673485,1,0,0
9d4ijb45,773,oyy7bnhh,1,presurvey_part1,Introduction,1772673500,1,0,0
9d4ijb45,773,oyy7bnhh,2,presurvey_part1,TimeSelection,1772673513,1,0,0
9d4ijb45,775,1e3n5g53,0,,InitializeParticipant,1772673523,1,0,0
9d4ijb45,773,oyy7bnhh,3,presurvey_part1,AudioCheck,1772673530,1,0,0
9d4ijb45,773,oyy7bnhh,4,presurvey_part1,NeighborhoodInstruction,1772673535,1,0,0
9d4ijb45,773,oyy7bnhh,5,presurvey_part1,Scenario,1772673545,1,0,0
9d4ijb45,773,oyy7bnhh,6,Pay_phase1,Reminder,1772673548,1,0,0
9d4ijb45,776,d53d9kw2,0,,InitializeParticipant,1772673570,1,0,0
9d4ijb45,774,yv40t2c2,1,presurvey_part1,Introduction,1772673611,1,0,0
9d4ijb45,776,d53d9kw2,1,presurvey_part1,Introduction,1772673625,1,0,0
9d4ijb45,776,d53d9kw2,2,presurvey_part1,TimeSelection,1772673663,1,0,0
9d4ijb45,774,yv40t2c2,2,presurvey_part1,TimeSelection,1772673674,1,0,0
9d4ijb45,774,yv40t2c2,3,presurvey_part1,AudioCheck,1772673699,1,0,0
9d4ijb45,776,d53d9kw2,3,presurvey_part1,AudioCheck,1772673702,1,0,0
9d4ijb45,774,yv40t2c2,4,presurvey_part1,NeighborhoodInstruction,1772673714,1,0,0
9d4ijb45,777,uqzfx332,0,,InitializeParticipant,1772673730,1,0,0
9d4ijb45,777,uqzfx332,1,presurvey_part1,Introduction,1772673747,1,0,0
9d4ijb45,776,d53d9kw2,4,presurvey_part1,NeighborhoodInstruction,1772673766,1,0,0
9d4ijb45,777,uqzfx332,2,presurvey_part1,TimeSelection,1772673775,1,0,0
9d4ijb45,778,09pz8vrl,0,,InitializeParticipant,1772673783,1,0,0
9d4ijb45,777,uqzfx332,3,presurvey_part1,AudioCheck,1772673790,1,0,0
9d4ijb45,774,yv40t2c2,5,presurvey_part1,Scenario,1772673794,1,0,0
9d4ijb45,778,09pz8vrl,1,presurvey_part1,Introduction,1772673809,1,0,0
9d4ijb45,777,uqzfx332,4,presurvey_part1,NeighborhoodInstruction,1772673821,1,0,0
9d4ijb45,779,61cwwxv5,0,,InitializeParticipant,1772673823,1,0,0
9d4ijb45,778,09pz8vrl,2,presurvey_part1,TimeSelection,1772673828,1,0,0
9d4ijb45,774,yv40t2c2,6,Pay_phase1,Reminder,1772673830,1,0,0
9d4ijb45,776,d53d9kw2,5,presurvey_part1,Scenario,1772673836,1,0,0
9d4ijb45,778,09pz8vrl,3,presurvey_part1,AudioCheck,1772673844,1,0,0
9d4ijb45,778,09pz8vrl,4,presurvey_part1,NeighborhoodInstruction,1772673852,1,0,0
9d4ijb45,777,uqzfx332,5,presurvey_part1,Scenario,1772673870,1,0,0
9d4ijb45,778,09pz8vrl,5,presurvey_part1,Scenario,1772673879,1,0,0
9d4ijb45,778,09pz8vrl,6,Pay_phase1,Reminder,1772673882,1,0,0
9d4ijb45,780,pf4dms38,0,,InitializeParticipant,1772673930,1,0,0
9d4ijb45,781,fv3ww206,0,,InitializeParticipant,1772673947,1,0,0
9d4ijb45,781,fv3ww206,1,presurvey_part1,Introduction,1772673965,1,0,0
9d4ijb45,781,fv3ww206,2,presurvey_part1,TimeSelection,1772673992,1,0,0
9d4ijb45,782,okpzlgbd,0,,InitializeParticipant,1772673997,1,0,0
9d4ijb45,781,fv3ww206,3,presurvey_part1,AudioCheck,1772674004,1,0,0
9d4ijb45,781,fv3ww206,4,presurvey_part1,NeighborhoodInstruction,1772674012,1,0,0
9d4ijb45,780,pf4dms38,1,presurvey_part1,Introduction,1772674014,1,0,0
9d4ijb45,780,pf4dms38,2,presurvey_part1,TimeSelection,1772674031,1,0,0
9d4ijb45,783,wxlp71qy,0,,InitializeParticipant,1772674037,1,0,0
9d4ijb45,780,pf4dms38,3,presurvey_part1,AudioCheck,1772674041,1,0,0
9d4ijb45,780,pf4dms38,4,presurvey_part1,NeighborhoodInstruction,1772674046,1,0,0
9d4ijb45,783,wxlp71qy,1,presurvey_part1,Introduction,1772674047,1,0,0
9d4ijb45,780,pf4dms38,5,presurvey_part1,Scenario,1772674066,1,0,0
9d4ijb45,781,fv3ww206,5,presurvey_part1,Scenario,1772674096,1,0,0
9d4ijb45,784,dlc6pwr2,0,,InitializeParticipant,1772674181,1,0,0
9d4ijb45,784,dlc6pwr2,1,presurvey_part1,Introduction,1772674212,1,0,0
9d4ijb45,785,1wnp9sxc,0,,InitializeParticipant,1772674225,1,0,0
9d4ijb45,785,1wnp9sxc,1,presurvey_part1,Introduction,1772674235,1,0,0
9d4ijb45,786,jyz3z496,0,,InitializeParticipant,1772674261,1,0,0
9d4ijb45,787,j8657jqe,0,,InitializeParticipant,1772674267,1,0,0
9d4ijb45,786,jyz3z496,1,presurvey_part1,Introduction,1772674335,1,0,0
9d4ijb45,788,wn65uu7l,0,,InitializeParticipant,1772674357,1,0,0
9d4ijb45,788,wn65uu7l,1,presurvey_part1,Introduction,1772674395,1,0,0
9d4ijb45,789,vtgndfo5,0,,InitializeParticipant,1772674416,1,0,0
9d4ijb45,789,vtgndfo5,1,presurvey_part1,Introduction,1772674434,1,0,0
9d4ijb45,788,wn65uu7l,2,presurvey_part1,TimeSelection,1772674446,1,0,0
9d4ijb45,789,vtgndfo5,2,presurvey_part1,TimeSelection,1772674474,1,0,0
9d4ijb45,789,vtgndfo5,3,presurvey_part1,AudioCheck,1772674493,1,0,0
9d4ijb45,789,vtgndfo5,4,presurvey_part1,NeighborhoodInstruction,1772674519,1,0,0
9d4ijb45,789,vtgndfo5,5,presurvey_part1,Scenario,1772674535,1,0,0
9d4ijb45,790,tpnr8bqi,0,,InitializeParticipant,1772674603,1,0,0
9d4ijb45,791,h943wb5i,0,,InitializeParticipant,1772674662,1,0,0
9d4ijb45,790,tpnr8bqi,1,presurvey_part1,Introduction,1772674665,1,0,0
9d4ijb45,790,tpnr8bqi,2,presurvey_part1,TimeSelection,1772674682,1,0,0
9d4ijb45,790,tpnr8bqi,3,presurvey_part1,AudioCheck,1772674708,1,0,0
9d4ijb45,790,tpnr8bqi,4,presurvey_part1,NeighborhoodInstruction,1772674742,1,0,0
9d4ijb45,791,h943wb5i,1,presurvey_part1,Introduction,1772674755,1,0,0
9d4ijb45,790,tpnr8bqi,5,presurvey_part1,Scenario,1772674783,1,0,0
9d4ijb45,791,h943wb5i,2,presurvey_part1,TimeSelection,1772674796,1,0,0
9d4ijb45,792,7i70oeao,0,,InitializeParticipant,1772674812,1,0,0
9d4ijb45,792,7i70oeao,1,presurvey_part1,Introduction,1772674821,1,0,0
9d4ijb45,791,h943wb5i,3,presurvey_part1,AudioCheck,1772674823,1,0,0
9d4ijb45,793,uc34kpk3,0,,InitializeParticipant,1772674824,1,0,0
9d4ijb45,792,7i70oeao,2,presurvey_part1,TimeSelection,1772674845,1,0,0
9d4ijb45,791,h943wb5i,4,presurvey_part1,NeighborhoodInstruction,1772674845,1,0,0
9d4ijb45,793,uc34kpk3,1,presurvey_part1,Introduction,1772674846,1,0,0
9d4ijb45,794,mta27tm8,0,,InitializeParticipant,1772674846,1,0,0
9d4ijb45,795,u6d6kgmr,0,,InitializeParticipant,1772674865,1,0,0
9d4ijb45,792,7i70oeao,3,presurvey_part1,AudioCheck,1772674869,1,0,0
9d4ijb45,792,7i70oeao,4,presurvey_part1,NeighborhoodInstruction,1772674890,1,0,0
9d4ijb45,791,h943wb5i,5,presurvey_part1,Scenario,1772674896,1,0,0
9d4ijb45,794,mta27tm8,1,presurvey_part1,Introduction,1772674909,1,0,0
9d4ijb45,795,u6d6kgmr,1,presurvey_part1,Introduction,1772674910,1,0,0
9d4ijb45,792,7i70oeao,5,presurvey_part1,Scenario,1772674939,1,0,0
9d4ijb45,794,mta27tm8,2,presurvey_part1,TimeSelection,1772674952,1,0,0
9d4ijb45,795,u6d6kgmr,2,presurvey_part1,TimeSelection,1772674974,1,0,0
9d4ijb45,796,fcdug613,0,,InitializeParticipant,1772674977,1,0,0
9d4ijb45,794,mta27tm8,3,presurvey_part1,AudioCheck,1772674989,1,0,0
9d4ijb45,796,fcdug613,1,presurvey_part1,Introduction,1772674997,1,0,0
9d4ijb45,795,u6d6kgmr,3,presurvey_part1,AudioCheck,1772675000,1,0,0
9d4ijb45,796,fcdug613,2,presurvey_part1,TimeSelection,1772675009,1,0,0
9d4ijb45,795,u6d6kgmr,4,presurvey_part1,NeighborhoodInstruction,1772675026,1,0,0
9d4ijb45,794,mta27tm8,4,presurvey_part1,NeighborhoodInstruction,1772675034,1,0,0
9d4ijb45,797,80g64wos,0,,InitializeParticipant,1772675036,1,0,0
9d4ijb45,798,zypsgbzw,0,,InitializeParticipant,1772675041,1,0,0
9d4ijb45,795,u6d6kgmr,5,presurvey_part1,Scenario,1772675069,1,0,0
9d4ijb45,797,80g64wos,1,presurvey_part1,Introduction,1772675082,1,0,0
9d4ijb45,794,mta27tm8,5,presurvey_part1,Scenario,1772675113,1,0,0
9d4ijb45,797,80g64wos,2,presurvey_part1,TimeSelection,1772675119,1,0,0
9d4ijb45,794,mta27tm8,6,Pay_phase1,Reminder,1772675131,1,0,0
9d4ijb45,797,80g64wos,3,presurvey_part1,AudioCheck,1772675138,1,0,0
9d4ijb45,799,3ok2egwf,0,,InitializeParticipant,1772675160,1,0,0
9d4ijb45,797,80g64wos,4,presurvey_part1,NeighborhoodInstruction,1772675167,1,0,0
9d4ijb45,797,80g64wos,5,presurvey_part1,Scenario,1772675191,1,0,0
9d4ijb45,799,3ok2egwf,1,presurvey_part1,Introduction,1772675212,1,0,0
9d4ijb45,800,ahvezydm,0,,InitializeParticipant,1772675225,1,0,0
9d4ijb45,799,3ok2egwf,2,presurvey_part1,TimeSelection,1772675232,1,0,0
9d4ijb45,799,3ok2egwf,3,presurvey_part1,AudioCheck,1772675264,1,0,0
9d4ijb45,801,ab3v5vio,0,,InitializeParticipant,1772675280,1,0,0
9d4ijb45,800,ahvezydm,1,presurvey_part1,Introduction,1772675281,1,0,0
9d4ijb45,799,3ok2egwf,4,presurvey_part1,NeighborhoodInstruction,1772675290,1,0,0
9d4ijb45,799,3ok2egwf,5,presurvey_part1,Scenario,1772675334,1,0,0
9d4ijb45,800,ahvezydm,2,presurvey_part1,TimeSelection,1772675340,1,0,0
9d4ijb45,802,73usbq10,0,,InitializeParticipant,1772675346,1,0,0
9d4ijb45,802,73usbq10,1,presurvey_part1,Introduction,1772675354,1,0,0
9d4ijb45,801,ab3v5vio,1,presurvey_part1,Introduction,1772675361,1,0,0
9d4ijb45,803,ekds36tk,0,,InitializeParticipant,1772675365,1,0,0
9d4ijb45,800,ahvezydm,3,presurvey_part1,AudioCheck,1772675371,1,0,0
9d4ijb45,801,ab3v5vio,2,presurvey_part1,TimeSelection,1772675379,1,0,0
9d4ijb45,803,ekds36tk,1,presurvey_part1,Introduction,1772675385,1,0,0
9d4ijb45,801,ab3v5vio,3,presurvey_part1,AudioCheck,1772675399,1,0,0
9d4ijb45,800,ahvezydm,4,presurvey_part1,NeighborhoodInstruction,1772675410,1,0,0
9d4ijb45,801,ab3v5vio,4,presurvey_part1,NeighborhoodInstruction,1772675411,1,0,0
9d4ijb45,804,aneqhyis,0,,InitializeParticipant,1772675416,1,0,0
9d4ijb45,805,8esxkh9l,0,,InitializeParticipant,1772675422,1,0,0
9d4ijb45,804,aneqhyis,1,presurvey_part1,Introduction,1772675424,1,0,0
9d4ijb45,801,ab3v5vio,5,presurvey_part1,Scenario,1772675430,1,0,0
9d4ijb45,803,ekds36tk,2,presurvey_part1,TimeSelection,1772675431,1,0,0
9d4ijb45,800,ahvezydm,5,presurvey_part1,Scenario,1772675444,1,0,0
9d4ijb45,804,aneqhyis,2,presurvey_part1,TimeSelection,1772675455,1,0,0
9d4ijb45,802,73usbq10,2,presurvey_part1,TimeSelection,1772675462,1,0,0
9d4ijb45,800,ahvezydm,6,Pay_phase1,Reminder,1772675462,1,0,0
9d4ijb45,806,sbx2dauw,0,,InitializeParticipant,1772675463,1,0,0
9d4ijb45,805,8esxkh9l,1,presurvey_part1,Introduction,1772675464,1,0,0
9d4ijb45,803,ekds36tk,3,presurvey_part1,AudioCheck,1772675465,1,0,0
9d4ijb45,804,aneqhyis,3,presurvey_part1,AudioCheck,1772675468,1,0,0
9d4ijb45,804,aneqhyis,4,presurvey_part1,NeighborhoodInstruction,1772675470,1,0,0
9d4ijb45,804,aneqhyis,5,presurvey_part1,Scenario,1772675483,1,0,0
9d4ijb45,807,aqa8b039,0,,InitializeParticipant,1772675487,1,0,0
9d4ijb45,804,aneqhyis,6,Pay_phase1,Reminder,1772675487,1,0,0
9d4ijb45,803,ekds36tk,4,presurvey_part1,NeighborhoodInstruction,1772675500,1,0,0
9d4ijb45,805,8esxkh9l,2,presurvey_part1,TimeSelection,1772675500,1,0,0
9d4ijb45,806,sbx2dauw,1,presurvey_part1,Introduction,1772675504,1,0,0
9d4ijb45,805,8esxkh9l,3,presurvey_part1,AudioCheck,1772675523,1,0,0
9d4ijb45,807,aqa8b039,1,presurvey_part1,Introduction,1772675524,1,0,0
9d4ijb45,806,sbx2dauw,2,presurvey_part1,TimeSelection,1772675526,1,0,0
9d4ijb45,808,oizeo9wi,0,,InitializeParticipant,1772675536,1,0,0
9d4ijb45,806,sbx2dauw,3,presurvey_part1,AudioCheck,1772675537,1,0,0
9d4ijb45,805,8esxkh9l,4,presurvey_part1,NeighborhoodInstruction,1772675543,1,0,0
9d4ijb45,803,ekds36tk,5,presurvey_part1,Scenario,1772675548,1,0,0
9d4ijb45,809,f4gox9x6,0,,InitializeParticipant,1772675561,1,0,0
9d4ijb45,808,oizeo9wi,1,presurvey_part1,Introduction,1772675566,1,0,0
9d4ijb45,806,sbx2dauw,4,presurvey_part1,NeighborhoodInstruction,1772675566,1,0,0
9d4ijb45,805,8esxkh9l,5,presurvey_part1,Scenario,1772675574,1,0,0
9d4ijb45,808,oizeo9wi,2,presurvey_part1,TimeSelection,1772675591,1,0,0
9d4ijb45,806,sbx2dauw,5,presurvey_part1,Scenario,1772675592,1,0,0
9d4ijb45,810,lqeewj6f,0,,InitializeParticipant,1772675600,1,0,0
9d4ijb45,808,oizeo9wi,3,presurvey_part1,AudioCheck,1772675601,1,0,0
9d4ijb45,811,njnwbuec,0,,InitializeParticipant,1772675609,1,0,0
9d4ijb45,808,oizeo9wi,4,presurvey_part1,NeighborhoodInstruction,1772675609,1,0,0
9d4ijb45,812,knhhefgf,0,,InitializeParticipant,1772675616,1,0,0
9d4ijb45,813,kfrjj19n,0,,InitializeParticipant,1772675619,1,0,0
9d4ijb45,808,oizeo9wi,5,presurvey_part1,Scenario,1772675630,1,0,0
9d4ijb45,808,oizeo9wi,6,Pay_phase1,Reminder,1772675639,1,0,0
9d4ijb45,814,m93jkial,0,,InitializeParticipant,1772675654,1,0,0
9d4ijb45,815,wae53ob1,0,,InitializeParticipant,1772675673,1,0,0
9d4ijb45,816,kpkz454c,0,,InitializeParticipant,1772675677,1,0,0
9d4ijb45,811,njnwbuec,1,presurvey_part1,Introduction,1772675678,1,0,0
9d4ijb45,815,wae53ob1,1,presurvey_part1,Introduction,1772675679,1,0,0
9d4ijb45,815,wae53ob1,2,presurvey_part1,TimeSelection,1772675690,1,0,0
9d4ijb45,812,knhhefgf,1,presurvey_part1,Introduction,1772675693,1,0,0
9d4ijb45,815,wae53ob1,3,presurvey_part1,AudioCheck,1772675703,1,0,0
9d4ijb45,811,njnwbuec,2,presurvey_part1,TimeSelection,1772675712,1,0,0
9d4ijb45,815,wae53ob1,4,presurvey_part1,NeighborhoodInstruction,1772675713,1,0,0
9d4ijb45,812,knhhefgf,2,presurvey_part1,TimeSelection,1772675719,1,0,0
9d4ijb45,813,kfrjj19n,1,presurvey_part1,Introduction,1772675725,1,0,0
9d4ijb45,802,73usbq10,3,presurvey_part1,AudioCheck,1772675727,1,0,0
9d4ijb45,815,wae53ob1,5,presurvey_part1,Scenario,1772675734,1,0,0
9d4ijb45,815,wae53ob1,6,Pay_phase1,Reminder,1772675737,1,0,0
9d4ijb45,816,kpkz454c,1,presurvey_part1,Introduction,1772675739,1,0,0
9d4ijb45,812,knhhefgf,3,presurvey_part1,AudioCheck,1772675748,1,0,0
9d4ijb45,816,kpkz454c,2,presurvey_part1,TimeSelection,1772675755,1,0,0
9d4ijb45,811,njnwbuec,3,presurvey_part1,AudioCheck,1772675759,1,0,0
9d4ijb45,816,kpkz454c,3,presurvey_part1,AudioCheck,1772675769,1,0,0
9d4ijb45,802,73usbq10,4,presurvey_part1,NeighborhoodInstruction,1772675771,1,0,0
9d4ijb45,812,knhhefgf,4,presurvey_part1,NeighborhoodInstruction,1772675773,1,0,0
9d4ijb45,816,kpkz454c,4,presurvey_part1,NeighborhoodInstruction,1772675775,1,0,0
9d4ijb45,811,njnwbuec,4,presurvey_part1,NeighborhoodInstruction,1772675779,1,0,0
9d4ijb45,816,kpkz454c,5,presurvey_part1,Scenario,1772675790,1,0,0
9d4ijb45,817,uw5657as,0,,InitializeParticipant,1772675792,1,0,0
9d4ijb45,812,knhhefgf,5,presurvey_part1,Scenario,1772675801,1,0,0
9d4ijb45,802,73usbq10,5,presurvey_part1,Scenario,1772675803,1,0,0
9d4ijb45,812,knhhefgf,6,Pay_phase1,Reminder,1772675807,1,0,0
9d4ijb45,802,73usbq10,6,Pay_phase1,Reminder,1772675818,1,0,0
9d4ijb45,811,njnwbuec,5,presurvey_part1,Scenario,1772675819,1,0,0
9d4ijb45,817,uw5657as,1,presurvey_part1,Introduction,1772675820,1,0,0
9d4ijb45,813,kfrjj19n,2,presurvey_part1,TimeSelection,1772675829,1,0,0
9d4ijb45,817,uw5657as,2,presurvey_part1,TimeSelection,1772675842,1,0,0
9d4ijb45,818,57gltygr,0,,InitializeParticipant,1772675850,1,0,0
9d4ijb45,817,uw5657as,3,presurvey_part1,AudioCheck,1772675854,1,0,0
9d4ijb45,813,kfrjj19n,3,presurvey_part1,AudioCheck,1772675864,1,0,0
9d4ijb45,817,uw5657as,4,presurvey_part1,NeighborhoodInstruction,1772675871,1,0,0
9d4ijb45,817,uw5657as,5,presurvey_part1,Scenario,1772675893,1,0,0
9d4ijb45,813,kfrjj19n,4,presurvey_part1,NeighborhoodInstruction,1772675919,1,0,0
9d4ijb45,819,53oyzv61,0,,InitializeParticipant,1772675931,1,0,0
9d4ijb45,818,57gltygr,1,presurvey_part1,Introduction,1772675937,1,0,0
9d4ijb45,819,53oyzv61,1,presurvey_part1,Introduction,1772675952,1,0,0
9d4ijb45,820,wnh1d8t6,0,,InitializeParticipant,1772675955,1,0,0
9d4ijb45,813,kfrjj19n,5,presurvey_part1,Scenario,1772675969,1,0,0
9d4ijb45,818,57gltygr,2,presurvey_part1,TimeSelection,1772675972,1,0,0
9d4ijb45,820,wnh1d8t6,1,presurvey_part1,Introduction,1772675985,1,0,0
9d4ijb45,820,wnh1d8t6,2,presurvey_part1,TimeSelection,1772676025,1,0,0
9d4ijb45,818,57gltygr,3,presurvey_part1,AudioCheck,1772676029,1,0,0
9d4ijb45,821,yr9kqybe,0,,InitializeParticipant,1772676053,1,0,0
9d4ijb45,820,wnh1d8t6,3,presurvey_part1,AudioCheck,1772676079,1,0,0
9d4ijb45,821,yr9kqybe,1,presurvey_part1,Introduction,1772676103,1,0,0
9d4ijb45,820,wnh1d8t6,4,presurvey_part1,NeighborhoodInstruction,1772676118,1,0,0
9d4ijb45,818,57gltygr,4,presurvey_part1,NeighborhoodInstruction,1772676130,1,0,0
9d4ijb45,821,yr9kqybe,2,presurvey_part1,TimeSelection,1772676172,1,0,0
9d4ijb45,820,wnh1d8t6,5,presurvey_part1,Scenario,1772676190,1,0,0
9d4ijb45,820,wnh1d8t6,6,Pay_phase1,Reminder,1772676200,1,0,0
9d4ijb45,818,57gltygr,5,presurvey_part1,Scenario,1772676204,1,0,0
9d4ijb45,821,yr9kqybe,3,presurvey_part1,AudioCheck,1772676248,1,0,0
9d4ijb45,822,gth5jcco,0,,InitializeParticipant,1772676282,1,0,0
9d4ijb45,821,yr9kqybe,4,presurvey_part1,NeighborhoodInstruction,1772676295,1,0,0
9d4ijb45,822,gth5jcco,1,presurvey_part1,Introduction,1772676305,1,0,0
9d4ijb45,821,yr9kqybe,5,presurvey_part1,Scenario,1772676388,1,0,0
9d4ijb45,823,till8o6j,0,,InitializeParticipant,1772676428,1,0,0
9d4ijb45,823,till8o6j,1,presurvey_part1,Introduction,1772676601,1,0,0
9d4ijb45,823,till8o6j,2,presurvey_part1,TimeSelection,1772676715,1,0,0
9d4ijb45,823,till8o6j,3,presurvey_part1,AudioCheck,1772676763,1,0,0
9d4ijb45,823,till8o6j,4,presurvey_part1,NeighborhoodInstruction,1772676791,1,0,0
9d4ijb45,823,till8o6j,5,presurvey_part1,Scenario,1772676859,1,0,0
9d4ijb45,824,4m96pwuq,0,,InitializeParticipant,1772676888,1,0,0
9d4ijb45,823,till8o6j,6,Pay_phase1,Reminder,1772676902,1,0,0
9d4ijb45,824,4m96pwuq,1,presurvey_part1,Introduction,1772676934,1,0,0
9d4ijb45,824,4m96pwuq,2,presurvey_part1,TimeSelection,1772676972,1,0,0
9d4ijb45,824,4m96pwuq,3,presurvey_part1,AudioCheck,1772677001,1,0,0
9d4ijb45,825,irvruu8i,0,,InitializeParticipant,1772677071,1,0,0
9d4ijb45,825,irvruu8i,1,presurvey_part1,Introduction,1772677100,1,0,0
9d4ijb45,825,irvruu8i,2,presurvey_part1,TimeSelection,1772677115,1,0,0
9d4ijb45,824,4m96pwuq,4,presurvey_part1,NeighborhoodInstruction,1772677120,1,0,0
9d4ijb45,825,irvruu8i,3,presurvey_part1,AudioCheck,1772677130,1,0,0
9d4ijb45,825,irvruu8i,4,presurvey_part1,NeighborhoodInstruction,1772677140,1,0,0
9d4ijb45,825,irvruu8i,5,presurvey_part1,Scenario,1772677164,1,0,0
9d4ijb45,825,irvruu8i,6,Pay_phase1,Reminder,1772677169,1,0,0
9d4ijb45,824,4m96pwuq,5,presurvey_part1,Scenario,1772677176,1,0,0
9d4ijb45,824,4m96pwuq,6,Pay_phase1,Reminder,1772677192,1,0,0
9d4ijb45,826,37y240cy,0,,InitializeParticipant,1772678864,1,0,0
9d4ijb45,827,5wxdv91d,0,,InitializeParticipant,1772679100,1,0,0
9d4ijb45,827,5wxdv91d,1,presurvey_part1,Introduction,1772679137,1,0,0
9d4ijb45,827,5wxdv91d,2,presurvey_part1,TimeSelection,1772679154,1,0,0
9d4ijb45,827,5wxdv91d,3,presurvey_part1,AudioCheck,1772679171,1,0,0
9d4ijb45,827,5wxdv91d,4,presurvey_part1,NeighborhoodInstruction,1772679200,1,0,0
9d4ijb45,827,5wxdv91d,5,presurvey_part1,Scenario,1772679234,1,0,0
9d4ijb45,827,5wxdv91d,6,Pay_phase1,Reminder,1772679240,1,0,0
9d4ijb45,828,rqrmp9w3,0,,InitializeParticipant,1772683661,1,0,0
9d4ijb45,828,rqrmp9w3,1,presurvey_part1,Introduction,1772683688,1,0,0
9d4ijb45,828,rqrmp9w3,2,presurvey_part1,TimeSelection,1772683736,1,0,0
9d4ijb45,828,rqrmp9w3,3,presurvey_part1,AudioCheck,1772683771,1,0,0
9d4ijb45,828,rqrmp9w3,4,presurvey_part1,NeighborhoodInstruction,1772683801,1,0,0
9d4ijb45,828,rqrmp9w3,5,presurvey_part1,Scenario,1772683861,1,0,0
9d4ijb45,829,m2mk2le6,0,,InitializeParticipant,1772683897,1,0,0
9d4ijb45,829,m2mk2le6,1,presurvey_part1,Introduction,1772683956,1,0,0
9d4ijb45,829,m2mk2le6,2,presurvey_part1,TimeSelection,1772683965,1,0,0
9d4ijb45,829,m2mk2le6,3,presurvey_part1,AudioCheck,1772683996,1,0,0
9d4ijb45,829,m2mk2le6,4,presurvey_part1,NeighborhoodInstruction,1772684020,1,0,0
9d4ijb45,829,m2mk2le6,5,presurvey_part1,Scenario,1772684047,1,0,0
9d4ijb45,829,m2mk2le6,6,Pay_phase1,Reminder,1772684050,1,0,0
9d4ijb45,830,xw0pdm8d,0,,InitializeParticipant,1772689136,1,0,0
9d4ijb45,830,xw0pdm8d,1,presurvey_part1,Introduction,1772689170,1,0,0
9d4ijb45,830,xw0pdm8d,2,presurvey_part1,TimeSelection,1772689193,1,0,0
9d4ijb45,830,xw0pdm8d,3,presurvey_part1,AudioCheck,1772689208,1,0,0
9d4ijb45,830,xw0pdm8d,4,presurvey_part1,NeighborhoodInstruction,1772689283,1,0,0
9d4ijb45,830,xw0pdm8d,5,presurvey_part1,Scenario,1772689316,1,0,0
9d4ijb45,831,306s5tvs,0,,InitializeParticipant,1772689452,1,0,0
9d4ijb45,831,306s5tvs,1,presurvey_part1,Introduction,1772689468,1,0,0
9d4ijb45,831,306s5tvs,2,presurvey_part1,TimeSelection,1772689558,1,0,0
9d4ijb45,831,306s5tvs,3,presurvey_part1,AudioCheck,1772689664,1,0,0
9d4ijb45,832,cp7jgelc,0,,InitializeParticipant,1772700973,1,0,0
9d4ijb45,833,sqwisw92,0,,InitializeParticipant,1772701014,1,0,0
9d4ijb45,833,sqwisw92,1,presurvey_part1,Introduction,1772701033,1,0,0
9d4ijb45,834,htm8ligc,0,,InitializeParticipant,1772701104,1,0,0
9d4ijb45,834,htm8ligc,1,presurvey_part1,Introduction,1772701120,1,0,0
9d4ijb45,833,sqwisw92,2,presurvey_part1,TimeSelection,1772701146,1,0,0
9d4ijb45,835,wbn36wwn,0,,InitializeParticipant,1772701162,1,0,0
9d4ijb45,833,sqwisw92,3,presurvey_part1,AudioCheck,1772701167,1,0,0
9d4ijb45,833,sqwisw92,4,presurvey_part1,NeighborhoodInstruction,1772701181,1,0,0
9d4ijb45,835,wbn36wwn,1,presurvey_part1,Introduction,1772701202,1,0,0
9d4ijb45,836,3fswogfu,0,,InitializeParticipant,1772701206,1,0,0
9d4ijb45,837,6w3yhon5,0,,InitializeParticipant,1772701212,1,0,0
9d4ijb45,835,wbn36wwn,2,presurvey_part1,TimeSelection,1772701218,1,0,0
9d4ijb45,833,sqwisw92,5,presurvey_part1,Scenario,1772701220,1,0,0
9d4ijb45,838,y2k3ys7m,0,,InitializeParticipant,1772701226,1,0,0
9d4ijb45,837,6w3yhon5,1,presurvey_part1,Introduction,1772701236,1,0,0
9d4ijb45,835,wbn36wwn,3,presurvey_part1,AudioCheck,1772701236,1,0,0
9d4ijb45,836,3fswogfu,1,presurvey_part1,Introduction,1772701237,1,0,0
9d4ijb45,833,sqwisw92,6,Pay_phase1,Reminder,1772701237,1,0,0
9d4ijb45,838,y2k3ys7m,1,presurvey_part1,Introduction,1772701238,1,0,0
9d4ijb45,835,wbn36wwn,4,presurvey_part1,NeighborhoodInstruction,1772701248,1,0,0
9d4ijb45,839,4e5h9ujt,0,,InitializeParticipant,1772701262,1,0,0
9d4ijb45,837,6w3yhon5,2,presurvey_part1,TimeSelection,1772701263,1,0,0
9d4ijb45,836,3fswogfu,2,presurvey_part1,TimeSelection,1772701266,1,0,0
9d4ijb45,835,wbn36wwn,5,presurvey_part1,Scenario,1772701270,1,0,0
9d4ijb45,835,wbn36wwn,6,Pay_phase1,Reminder,1772701278,1,0,0
9d4ijb45,837,6w3yhon5,3,presurvey_part1,AudioCheck,1772701284,1,0,0
9d4ijb45,838,y2k3ys7m,2,presurvey_part1,TimeSelection,1772701287,1,0,0
9d4ijb45,836,3fswogfu,3,presurvey_part1,AudioCheck,1772701296,1,0,0
9d4ijb45,837,6w3yhon5,4,presurvey_part1,NeighborhoodInstruction,1772701328,1,0,0
9d4ijb45,838,y2k3ys7m,3,presurvey_part1,AudioCheck,1772701330,1,0,0
9d4ijb45,840,w7oluywo,0,,InitializeParticipant,1772701344,1,0,0
9d4ijb45,839,4e5h9ujt,1,presurvey_part1,Introduction,1772701359,1,0,0
9d4ijb45,837,6w3yhon5,5,presurvey_part1,Scenario,1772701367,1,0,0
9d4ijb45,838,y2k3ys7m,4,presurvey_part1,NeighborhoodInstruction,1772701369,1,0,0
9d4ijb45,836,3fswogfu,4,presurvey_part1,NeighborhoodInstruction,1772701397,1,0,0
9d4ijb45,839,4e5h9ujt,2,presurvey_part1,TimeSelection,1772701403,1,0,0
9d4ijb45,838,y2k3ys7m,5,presurvey_part1,Scenario,1772701428,1,0,0
9d4ijb45,836,3fswogfu,5,presurvey_part1,Scenario,1772701429,1,0,0
9d4ijb45,839,4e5h9ujt,3,presurvey_part1,AudioCheck,1772701433,1,0,0
9d4ijb45,838,y2k3ys7m,6,Pay_phase1,Reminder,1772701436,1,0,0
9d4ijb45,839,4e5h9ujt,4,presurvey_part1,NeighborhoodInstruction,1772701462,1,0,0
9d4ijb45,840,w7oluywo,1,presurvey_part1,Introduction,1772701495,1,0,0
9d4ijb45,839,4e5h9ujt,5,presurvey_part1,Scenario,1772701528,1,0,0
9d4ijb45,839,4e5h9ujt,6,Pay_phase1,Reminder,1772701553,1,0,0
9d4ijb45,840,w7oluywo,2,presurvey_part1,TimeSelection,1772701564,1,0,0
9d4ijb45,841,i6q7r93j,0,,InitializeParticipant,1772701584,1,0,0
9d4ijb45,840,w7oluywo,3,presurvey_part1,AudioCheck,1772701598,1,0,0
9d4ijb45,842,qzpkwakk,0,,InitializeParticipant,1772701603,1,0,0
9d4ijb45,843,swxh9epz,0,,InitializeParticipant,1772701624,1,0,0
9d4ijb45,840,w7oluywo,4,presurvey_part1,NeighborhoodInstruction,1772701639,1,0,0
9d4ijb45,843,swxh9epz,1,presurvey_part1,Introduction,1772701656,1,0,0
9d4ijb45,840,w7oluywo,5,presurvey_part1,Scenario,1772701682,1,0,0
9d4ijb45,840,w7oluywo,6,Pay_phase1,Reminder,1772701708,1,0,0
9d4ijb45,842,qzpkwakk,1,presurvey_part1,Introduction,1772701714,1,0,0
9d4ijb45,844,cvg9usew,0,,InitializeParticipant,1772701751,1,0,0
9d4ijb45,843,swxh9epz,2,presurvey_part1,TimeSelection,1772701758,1,0,0
9d4ijb45,845,5vtplczz,0,,InitializeParticipant,1772701766,1,0,0
9d4ijb45,843,swxh9epz,3,presurvey_part1,AudioCheck,1772701792,1,0,0
9d4ijb45,845,5vtplczz,1,presurvey_part1,Introduction,1772701801,1,0,0
9d4ijb45,844,cvg9usew,1,presurvey_part1,Introduction,1772701809,1,0,0
9d4ijb45,843,swxh9epz,4,presurvey_part1,NeighborhoodInstruction,1772701836,1,0,0
9d4ijb45,844,cvg9usew,2,presurvey_part1,TimeSelection,1772701857,1,0,0
9d4ijb45,843,swxh9epz,5,presurvey_part1,Scenario,1772701873,1,0,0
9d4ijb45,844,cvg9usew,3,presurvey_part1,AudioCheck,1772701898,1,0,0
9d4ijb45,842,qzpkwakk,2,presurvey_part1,TimeSelection,1772701899,1,0,0
9d4ijb45,843,swxh9epz,6,Pay_phase1,Reminder,1772701901,1,0,0
9d4ijb45,844,cvg9usew,4,presurvey_part1,NeighborhoodInstruction,1772701932,1,0,0
9d4ijb45,844,cvg9usew,5,presurvey_part1,Scenario,1772701990,1,0,0
9d4ijb45,844,cvg9usew,6,Pay_phase1,Reminder,1772702017,1,0,0
9d4ijb45,846,h7ulswlk,0,,InitializeParticipant,1772702149,1,0,0
9d4ijb45,847,qdaijglb,0,,InitializeParticipant,1772702192,1,0,0
9d4ijb45,847,qdaijglb,1,presurvey_part1,Introduction,1772702217,1,0,0
9d4ijb45,846,h7ulswlk,1,presurvey_part1,Introduction,1772702221,1,0,0
9d4ijb45,847,qdaijglb,2,presurvey_part1,TimeSelection,1772702231,1,0,0
9d4ijb45,847,qdaijglb,3,presurvey_part1,AudioCheck,1772702249,1,0,0
9d4ijb45,847,qdaijglb,4,presurvey_part1,NeighborhoodInstruction,1772702261,1,0,0
9d4ijb45,846,h7ulswlk,2,presurvey_part1,TimeSelection,1772702283,1,0,0
9d4ijb45,847,qdaijglb,5,presurvey_part1,Scenario,1772702286,1,0,0
9d4ijb45,842,qzpkwakk,3,presurvey_part1,AudioCheck,1772702302,1,0,0
9d4ijb45,846,h7ulswlk,3,presurvey_part1,AudioCheck,1772702343,1,0,0
9d4ijb45,846,h7ulswlk,4,presurvey_part1,NeighborhoodInstruction,1772702397,1,0,0
9d4ijb45,848,lvidcxtf,0,,InitializeParticipant,1772702433,1,0,0
9d4ijb45,846,h7ulswlk,5,presurvey_part1,Scenario,1772702462,1,0,0
9d4ijb45,848,lvidcxtf,1,presurvey_part1,Introduction,1772702477,1,0,0
9d4ijb45,848,lvidcxtf,2,presurvey_part1,TimeSelection,1772702494,1,0,0
9d4ijb45,848,lvidcxtf,3,presurvey_part1,AudioCheck,1772702513,1,0,0
9d4ijb45,848,lvidcxtf,4,presurvey_part1,NeighborhoodInstruction,1772702530,1,0,0
9d4ijb45,842,qzpkwakk,4,presurvey_part1,NeighborhoodInstruction,1772702547,1,0,0
9d4ijb45,848,lvidcxtf,5,presurvey_part1,Scenario,1772702552,1,0,0
9d4ijb45,842,qzpkwakk,5,presurvey_part1,Scenario,1772702645,1,0,0
9d4ijb45,849,29f9h2r7,0,,InitializeParticipant,1772702778,1,0,0
9d4ijb45,850,njlgkemw,0,,InitializeParticipant,1772702792,1,0,0
9d4ijb45,850,njlgkemw,1,presurvey_part1,Introduction,1772702833,1,0,0
9d4ijb45,849,29f9h2r7,1,presurvey_part1,Introduction,1772702839,1,0,0
9d4ijb45,850,njlgkemw,2,presurvey_part1,TimeSelection,1772702876,1,0,0
9d4ijb45,850,njlgkemw,3,presurvey_part1,AudioCheck,1772702913,1,0,0
9d4ijb45,851,ncy9zmab,0,,InitializeParticipant,1772702929,1,0,0
9d4ijb45,850,njlgkemw,4,presurvey_part1,NeighborhoodInstruction,1772702936,1,0,0
9d4ijb45,851,ncy9zmab,1,presurvey_part1,Introduction,1772702943,1,0,0
9d4ijb45,851,ncy9zmab,2,presurvey_part1,TimeSelection,1772702969,1,0,0
9d4ijb45,851,ncy9zmab,3,presurvey_part1,AudioCheck,1772703008,1,0,0
9d4ijb45,852,wktjbxyn,0,,InitializeParticipant,1772703013,1,0,0
9d4ijb45,851,ncy9zmab,4,presurvey_part1,NeighborhoodInstruction,1772703032,1,0,0
9d4ijb45,853,vuktm88h,0,,InitializeParticipant,1772703062,1,0,0
9d4ijb45,850,njlgkemw,5,presurvey_part1,Scenario,1772703063,1,0,0
9d4ijb45,850,njlgkemw,6,Pay_phase1,Reminder,1772703070,1,0,0
9d4ijb45,854,ibaqggl5,0,,InitializeParticipant,1772703086,1,0,0
9d4ijb45,854,ibaqggl5,1,presurvey_part1,Introduction,1772703099,1,0,0
9d4ijb45,853,vuktm88h,1,presurvey_part1,Introduction,1772703104,1,0,0
9d4ijb45,853,vuktm88h,2,presurvey_part1,TimeSelection,1772703116,1,0,0
9d4ijb45,851,ncy9zmab,5,presurvey_part1,Scenario,1772703117,1,0,0
9d4ijb45,851,ncy9zmab,6,Pay_phase1,Reminder,1772703134,1,0,0
9d4ijb45,853,vuktm88h,3,presurvey_part1,AudioCheck,1772703137,1,0,0
9d4ijb45,854,ibaqggl5,2,presurvey_part1,TimeSelection,1772703140,1,0,0
9d4ijb45,853,vuktm88h,4,presurvey_part1,NeighborhoodInstruction,1772703148,1,0,0
9d4ijb45,855,gzebvo9g,0,,InitializeParticipant,1772703153,1,0,0
9d4ijb45,853,vuktm88h,5,presurvey_part1,Scenario,1772703168,1,0,0
9d4ijb45,852,wktjbxyn,1,presurvey_part1,Introduction,1772703169,1,0,0
9d4ijb45,854,ibaqggl5,3,presurvey_part1,AudioCheck,1772703171,1,0,0
9d4ijb45,853,vuktm88h,6,Pay_phase1,Reminder,1772703175,1,0,0
9d4ijb45,855,gzebvo9g,1,presurvey_part1,Introduction,1772703182,1,0,0
9d4ijb45,854,ibaqggl5,4,presurvey_part1,NeighborhoodInstruction,1772703183,1,0,0
9d4ijb45,855,gzebvo9g,2,presurvey_part1,TimeSelection,1772703194,1,0,0
9d4ijb45,852,wktjbxyn,2,presurvey_part1,TimeSelection,1772703207,1,0,0
9d4ijb45,854,ibaqggl5,5,presurvey_part1,Scenario,1772703211,1,0,0
9d4ijb45,854,ibaqggl5,6,Pay_phase1,Reminder,1772703214,1,0,0
9d4ijb45,855,gzebvo9g,3,presurvey_part1,AudioCheck,1772703223,1,0,0
9d4ijb45,855,gzebvo9g,4,presurvey_part1,NeighborhoodInstruction,1772703258,1,0,0
9d4ijb45,856,tame5cnf,0,,InitializeParticipant,1772703298,1,0,0
9d4ijb45,852,wktjbxyn,3,presurvey_part1,AudioCheck,1772703313,1,0,0
9d4ijb45,855,gzebvo9g,5,presurvey_part1,Scenario,1772703314,1,0,0
9d4ijb45,857,rxnovcgy,0,,InitializeParticipant,1772703354,1,0,0
9d4ijb45,852,wktjbxyn,4,presurvey_part1,NeighborhoodInstruction,1772703357,1,0,0
9d4ijb45,856,tame5cnf,1,presurvey_part1,Introduction,1772703402,1,0,0
9d4ijb45,852,wktjbxyn,5,presurvey_part1,Scenario,1772703414,1,0,0
9d4ijb45,852,wktjbxyn,6,Pay_phase1,Reminder,1772703425,1,0,0
9d4ijb45,858,cb47vk5u,0,,InitializeParticipant,1772703441,1,0,0
9d4ijb45,856,tame5cnf,2,presurvey_part1,TimeSelection,1772703455,1,0,0
9d4ijb45,859,k33t8hfc,0,,InitializeParticipant,1772703475,1,0,0
9d4ijb45,859,k33t8hfc,1,presurvey_part1,Introduction,1772703485,1,0,0
9d4ijb45,856,tame5cnf,3,presurvey_part1,AudioCheck,1772703493,1,0,0
9d4ijb45,858,cb47vk5u,1,presurvey_part1,Introduction,1772703510,1,0,0
9d4ijb45,856,tame5cnf,4,presurvey_part1,NeighborhoodInstruction,1772703518,1,0,0
9d4ijb45,856,tame5cnf,5,presurvey_part1,Scenario,1772703568,1,0,0
9d4ijb45,856,tame5cnf,6,Pay_phase1,Reminder,1772703584,1,0,0
9d4ijb45,858,cb47vk5u,2,presurvey_part1,TimeSelection,1772703612,1,0,0
9d4ijb45,858,cb47vk5u,3,presurvey_part1,AudioCheck,1772703635,1,0,0
9d4ijb45,858,cb47vk5u,4,presurvey_part1,NeighborhoodInstruction,1772703717,1,0,0
9d4ijb45,858,cb47vk5u,5,presurvey_part1,Scenario,1772703769,1,0,0
9d4ijb45,858,cb47vk5u,6,Pay_phase1,Reminder,1772703777,1,0,0
9d4ijb45,860,usnm311q,0,,InitializeParticipant,1772703899,1,0,0
9d4ijb45,860,usnm311q,1,presurvey_part1,Introduction,1772703919,1,0,0
9d4ijb45,860,usnm311q,2,presurvey_part1,TimeSelection,1772703957,1,0,0
9d4ijb45,860,usnm311q,3,presurvey_part1,AudioCheck,1772703982,1,0,0
9d4ijb45,860,usnm311q,4,presurvey_part1,NeighborhoodInstruction,1772703997,1,0,0
9d4ijb45,860,usnm311q,5,presurvey_part1,Scenario,1772704034,1,0,0
9d4ijb45,860,usnm311q,6,Pay_phase1,Reminder,1772704041,1,0,0
9d4ijb45,861,ixmvk22m,0,,InitializeParticipant,1772704055,1,0,0
9d4ijb45,861,ixmvk22m,1,presurvey_part1,Introduction,1772704116,1,0,0
9d4ijb45,861,ixmvk22m,2,presurvey_part1,TimeSelection,1772704150,1,0,0
9d4ijb45,861,ixmvk22m,3,presurvey_part1,AudioCheck,1772704169,1,0,0
9d4ijb45,861,ixmvk22m,4,presurvey_part1,NeighborhoodInstruction,1772704180,1,0,0
9d4ijb45,861,ixmvk22m,5,presurvey_part1,Scenario,1772704216,1,0,0
9d4ijb45,861,ixmvk22m,6,Pay_phase1,Reminder,1772704244,1,0,0
9d4ijb45,862,6m17j47l,0,,InitializeParticipant,1772704670,1,0,0
9d4ijb45,862,6m17j47l,1,presurvey_part1,Introduction,1772704692,1,0,0
9d4ijb45,862,6m17j47l,2,presurvey_part1,TimeSelection,1772704732,1,0,0
9d4ijb45,863,ny83wb85,0,,InitializeParticipant,1772704759,1,0,0
9d4ijb45,862,6m17j47l,3,presurvey_part1,AudioCheck,1772704760,1,0,0
9d4ijb45,862,6m17j47l,4,presurvey_part1,NeighborhoodInstruction,1772704786,1,0,0
9d4ijb45,863,ny83wb85,1,presurvey_part1,Introduction,1772704796,1,0,0
9d4ijb45,862,6m17j47l,5,presurvey_part1,Scenario,1772704816,1,0,0
9d4ijb45,862,6m17j47l,6,Pay_phase1,Reminder,1772704841,1,0,0
9d4ijb45,864,dg66zlk1,0,,InitializeParticipant,1772704937,1,0,0
9d4ijb45,864,dg66zlk1,1,presurvey_part1,Introduction,1772704962,1,0,0
9d4ijb45,865,k051whis,0,,InitializeParticipant,1772704990,1,0,0
9d4ijb45,864,dg66zlk1,2,presurvey_part1,TimeSelection,1772704994,1,0,0
9d4ijb45,864,dg66zlk1,3,presurvey_part1,AudioCheck,1772705017,1,0,0
9d4ijb45,864,dg66zlk1,4,presurvey_part1,NeighborhoodInstruction,1772705044,1,0,0
9d4ijb45,865,k051whis,1,presurvey_part1,Introduction,1772705070,1,0,0
9d4ijb45,866,5ntudw50,0,,InitializeParticipant,1772705078,1,0,0
9d4ijb45,866,5ntudw50,1,presurvey_part1,Introduction,1772705086,1,0,0
9d4ijb45,864,dg66zlk1,5,presurvey_part1,Scenario,1772705093,1,0,0
9d4ijb45,864,dg66zlk1,6,Pay_phase1,Reminder,1772705101,1,0,0
9d4ijb45,867,7a2419uz,0,,InitializeParticipant,1772705105,1,0,0
9d4ijb45,868,27anzd4h,0,,InitializeParticipant,1772705107,1,0,0
9d4ijb45,866,5ntudw50,2,presurvey_part1,TimeSelection,1772705108,1,0,0
9d4ijb45,868,27anzd4h,1,presurvey_part1,Introduction,1772705122,1,0,0
9d4ijb45,866,5ntudw50,3,presurvey_part1,AudioCheck,1772705126,1,0,0
9d4ijb45,868,27anzd4h,2,presurvey_part1,TimeSelection,1772705132,1,0,0
9d4ijb45,866,5ntudw50,4,presurvey_part1,NeighborhoodInstruction,1772705133,1,0,0
9d4ijb45,865,k051whis,2,presurvey_part1,TimeSelection,1772705151,1,0,0
9d4ijb45,866,5ntudw50,5,presurvey_part1,Scenario,1772705151,1,0,0
9d4ijb45,868,27anzd4h,3,presurvey_part1,AudioCheck,1772705152,1,0,0
9d4ijb45,866,5ntudw50,6,Pay_phase1,Reminder,1772705153,1,0,0
9d4ijb45,867,7a2419uz,1,presurvey_part1,Introduction,1772705157,1,0,0
9d4ijb45,868,27anzd4h,4,presurvey_part1,NeighborhoodInstruction,1772705158,1,0,0
9d4ijb45,868,27anzd4h,5,presurvey_part1,Scenario,1772705190,1,0,0
9d4ijb45,865,k051whis,3,presurvey_part1,AudioCheck,1772705195,1,0,0
9d4ijb45,867,7a2419uz,2,presurvey_part1,TimeSelection,1772705210,1,0,0
9d4ijb45,865,k051whis,4,presurvey_part1,NeighborhoodInstruction,1772705227,1,0,0
9d4ijb45,867,7a2419uz,3,presurvey_part1,AudioCheck,1772705241,1,0,0
9d4ijb45,865,k051whis,5,presurvey_part1,Scenario,1772705288,1,0,0
9d4ijb45,865,k051whis,6,Pay_phase1,Reminder,1772705304,1,0,0
9d4ijb45,867,7a2419uz,4,presurvey_part1,NeighborhoodInstruction,1772705317,1,0,0
9d4ijb45,867,7a2419uz,5,presurvey_part1,Scenario,1772705414,1,0,0
9d4ijb45,869,7d74ze2c,0,,InitializeParticipant,1772705883,1,0,0
9d4ijb45,869,7d74ze2c,1,presurvey_part1,Introduction,1772705918,1,0,0
9d4ijb45,869,7d74ze2c,2,presurvey_part1,TimeSelection,1772705938,1,0,0
9d4ijb45,869,7d74ze2c,3,presurvey_part1,AudioCheck,1772705952,1,0,0
9d4ijb45,869,7d74ze2c,4,presurvey_part1,NeighborhoodInstruction,1772705971,1,0,0
9d4ijb45,869,7d74ze2c,5,presurvey_part1,Scenario,1772705991,1,0,0
9d4ijb45,870,o3105yve,0,,InitializeParticipant,1772705994,1,0,0
9d4ijb45,869,7d74ze2c,6,Pay_phase1,Reminder,1772705997,1,0,0
9d4ijb45,870,o3105yve,1,presurvey_part1,Introduction,1772706036,1,0,0
9d4ijb45,871,wblzuedn,0,,InitializeParticipant,1772706055,1,0,0
9d4ijb45,872,ombn6byq,0,,InitializeParticipant,1772706077,1,0,0
9d4ijb45,873,2hmkisvm,0,,InitializeParticipant,1772706078,1,0,0
9d4ijb45,872,ombn6byq,1,presurvey_part1,Introduction,1772706102,1,0,0
9d4ijb45,872,ombn6byq,2,presurvey_part1,TimeSelection,1772706115,1,0,0
9d4ijb45,872,ombn6byq,3,presurvey_part1,AudioCheck,1772706133,1,0,0
9d4ijb45,872,ombn6byq,4,presurvey_part1,NeighborhoodInstruction,1772706139,1,0,0
9d4ijb45,873,2hmkisvm,1,presurvey_part1,Introduction,1772706150,1,0,0
9d4ijb45,872,ombn6byq,5,presurvey_part1,Scenario,1772706156,1,0,0
9d4ijb45,871,wblzuedn,1,presurvey_part1,Introduction,1772706157,1,0,0
9d4ijb45,874,w5bzto12,0,,InitializeParticipant,1772706180,1,0,0
9d4ijb45,875,kfmerb4d,0,,InitializeParticipant,1772706196,1,0,0
9d4ijb45,871,wblzuedn,2,presurvey_part1,TimeSelection,1772706214,1,0,0
9d4ijb45,875,kfmerb4d,1,presurvey_part1,Introduction,1772706222,1,0,0
9d4ijb45,873,2hmkisvm,2,presurvey_part1,TimeSelection,1772706261,1,0,0
9d4ijb45,871,wblzuedn,3,presurvey_part1,AudioCheck,1772706262,1,0,0
9d4ijb45,871,wblzuedn,4,presurvey_part1,NeighborhoodInstruction,1772706288,1,0,0
9d4ijb45,873,2hmkisvm,3,presurvey_part1,AudioCheck,1772706294,1,0,0
9d4ijb45,873,2hmkisvm,4,presurvey_part1,NeighborhoodInstruction,1772706330,1,0,0
9d4ijb45,876,ttrs6yc2,0,,InitializeParticipant,1772706332,1,0,0
9d4ijb45,871,wblzuedn,5,presurvey_part1,Scenario,1772706344,1,0,0
9d4ijb45,871,wblzuedn,6,Pay_phase1,Reminder,1772706355,1,0,0
9d4ijb45,873,2hmkisvm,5,presurvey_part1,Scenario,1772706407,1,0,0
9d4ijb45,873,2hmkisvm,6,Pay_phase1,Reminder,1772706435,1,0,0
9d4ijb45,874,w5bzto12,1,presurvey_part1,Introduction,1772706475,1,0,0
9d4ijb45,874,w5bzto12,2,presurvey_part1,TimeSelection,1772706529,1,0,0
9d4ijb45,874,w5bzto12,3,presurvey_part1,AudioCheck,1772706567,1,0,0
9d4ijb45,874,w5bzto12,4,presurvey_part1,NeighborhoodInstruction,1772706588,1,0,0
9d4ijb45,874,w5bzto12,5,presurvey_part1,Scenario,1772706635,1,0,0
9d4ijb45,874,w5bzto12,6,Pay_phase1,Reminder,1772706641,1,0,0
9d4ijb45,877,jrfdk6an,0,,InitializeParticipant,1772706728,1,0,0
9d4ijb45,878,yh9ghhxl,0,,InitializeParticipant,1772706808,1,0,0
9d4ijb45,878,yh9ghhxl,1,presurvey_part1,Introduction,1772706817,1,0,0
9d4ijb45,879,sc437td1,0,,InitializeParticipant,1772706862,1,0,0
9d4ijb45,879,sc437td1,1,presurvey_part1,Introduction,1772706912,1,0,0
9d4ijb45,880,qnfn14ws,0,,InitializeParticipant,1772706921,1,0,0
9d4ijb45,880,qnfn14ws,1,presurvey_part1,Introduction,1772706941,1,0,0
9d4ijb45,881,ttzkjkjg,0,,InitializeParticipant,1772707070,1,0,0
9d4ijb45,881,ttzkjkjg,1,presurvey_part1,Introduction,1772707088,1,0,0
9d4ijb45,882,nea92yvf,0,,InitializeParticipant,1772707122,1,0,0
9d4ijb45,882,nea92yvf,1,presurvey_part1,Introduction,1772707141,1,0,0
9d4ijb45,881,ttzkjkjg,2,presurvey_part1,TimeSelection,1772707225,1,0,0
9d4ijb45,881,ttzkjkjg,3,presurvey_part1,AudioCheck,1772707265,1,0,0
9d4ijb45,883,0djzoyi4,0,,InitializeParticipant,1772707360,1,0,0
9d4ijb45,883,0djzoyi4,1,presurvey_part1,Introduction,1772707391,1,0,0
9d4ijb45,881,ttzkjkjg,4,presurvey_part1,NeighborhoodInstruction,1772707392,1,0,0
9d4ijb45,883,0djzoyi4,2,presurvey_part1,TimeSelection,1772707427,1,0,0
9d4ijb45,881,ttzkjkjg,5,presurvey_part1,Scenario,1772707436,1,0,0
9d4ijb45,883,0djzoyi4,3,presurvey_part1,AudioCheck,1772707449,1,0,0
9d4ijb45,883,0djzoyi4,4,presurvey_part1,NeighborhoodInstruction,1772707473,1,0,0
9d4ijb45,883,0djzoyi4,5,presurvey_part1,Scenario,1772707505,1,0,0
9d4ijb45,884,iy6p4k1r,0,,InitializeParticipant,1772707663,1,0,0
9d4ijb45,884,iy6p4k1r,1,presurvey_part1,Introduction,1772707711,1,0,0
9d4ijb45,885,unb64837,0,,InitializeParticipant,1772707729,1,0,0
9d4ijb45,884,iy6p4k1r,2,presurvey_part1,TimeSelection,1772707736,1,0,0
9d4ijb45,885,unb64837,1,presurvey_part1,Introduction,1772707782,1,0,0
9d4ijb45,884,iy6p4k1r,3,presurvey_part1,AudioCheck,1772707783,1,0,0
9d4ijb45,884,iy6p4k1r,4,presurvey_part1,NeighborhoodInstruction,1772707816,1,0,0
9d4ijb45,885,unb64837,2,presurvey_part1,TimeSelection,1772707816,1,0,0
9d4ijb45,884,iy6p4k1r,5,presurvey_part1,Scenario,1772707859,1,0,0
9d4ijb45,885,unb64837,3,presurvey_part1,AudioCheck,1772707860,1,0,0
9d4ijb45,885,unb64837,4,presurvey_part1,NeighborhoodInstruction,1772707886,1,0,0
9d4ijb45,884,iy6p4k1r,6,Pay_phase1,Reminder,1772707892,1,0,0
9d4ijb45,885,unb64837,5,presurvey_part1,Scenario,1772707935,1,0,0
9d4ijb45,886,6976fld5,0,,InitializeParticipant,1772707951,1,0,0
9d4ijb45,886,6976fld5,1,presurvey_part1,Introduction,1772708001,1,0,0
9d4ijb45,886,6976fld5,2,presurvey_part1,TimeSelection,1772708020,1,0,0
9d4ijb45,886,6976fld5,3,presurvey_part1,AudioCheck,1772708058,1,0,0
9d4ijb45,886,6976fld5,4,presurvey_part1,NeighborhoodInstruction,1772708101,1,0,0
9d4ijb45,887,5bsxdhbt,0,,InitializeParticipant,1772708173,1,0,0
9d4ijb45,886,6976fld5,5,presurvey_part1,Scenario,1772708188,1,0,0
9d4ijb45,888,2slpgl7d,0,,InitializeParticipant,1772708313,1,0,0
9d4ijb45,888,2slpgl7d,1,presurvey_part1,Introduction,1772708326,1,0,0
9d4ijb45,888,2slpgl7d,2,presurvey_part1,TimeSelection,1772708347,1,0,0
9d4ijb45,888,2slpgl7d,3,presurvey_part1,AudioCheck,1772708358,1,0,0
9d4ijb45,888,2slpgl7d,4,presurvey_part1,NeighborhoodInstruction,1772708363,1,0,0
9d4ijb45,888,2slpgl7d,5,presurvey_part1,Scenario,1772708386,1,0,0
9d4ijb45,888,2slpgl7d,6,Pay_phase1,Reminder,1772708389,1,0,0
9d4ijb45,889,k2ibqpej,0,,InitializeParticipant,1772708445,1,0,0
9d4ijb45,889,k2ibqpej,1,presurvey_part1,Introduction,1772708557,1,0,0
9d4ijb45,889,k2ibqpej,2,presurvey_part1,TimeSelection,1772708604,1,0,0
9d4ijb45,889,k2ibqpej,3,presurvey_part1,AudioCheck,1772708648,1,0,0
9d4ijb45,889,k2ibqpej,4,presurvey_part1,NeighborhoodInstruction,1772708676,1,0,0
9d4ijb45,889,k2ibqpej,5,presurvey_part1,Scenario,1772708843,1,0,0
9d4ijb45,890,q5jic9oa,0,,InitializeParticipant,1772708843,1,0,0
9d4ijb45,890,q5jic9oa,1,presurvey_part1,Introduction,1772708882,1,0,0
9d4ijb45,891,oligr61f,0,,InitializeParticipant,1772708993,1,0,0
9d4ijb45,891,oligr61f,1,presurvey_part1,Introduction,1772709041,1,0,0
9d4ijb45,891,oligr61f,2,presurvey_part1,TimeSelection,1772709129,1,0,0
9d4ijb45,891,oligr61f,3,presurvey_part1,AudioCheck,1772709183,1,0,0
9d4ijb45,891,oligr61f,4,presurvey_part1,NeighborhoodInstruction,1772709312,1,0,0
9d4ijb45,892,53tely4m,0,,InitializeParticipant,1772709341,1,0,0
9d4ijb45,891,oligr61f,5,presurvey_part1,Scenario,1772709425,1,0,0
9d4ijb45,892,53tely4m,1,presurvey_part1,Introduction,1772709449,1,0,0
9d4ijb45,892,53tely4m,2,presurvey_part1,TimeSelection,1772709480,1,0,0
9d4ijb45,892,53tely4m,3,presurvey_part1,AudioCheck,1772709503,1,0,0
9d4ijb45,892,53tely4m,4,presurvey_part1,NeighborhoodInstruction,1772709561,1,0,0
9d4ijb45,893,7aaub4jm,0,,InitializeParticipant,1772709567,1,0,0
9d4ijb45,893,7aaub4jm,1,presurvey_part1,Introduction,1772709585,1,0,0
9d4ijb45,893,7aaub4jm,2,presurvey_part1,TimeSelection,1772709607,1,0,0
9d4ijb45,892,53tely4m,5,presurvey_part1,Scenario,1772709607,1,0,0
9d4ijb45,893,7aaub4jm,3,presurvey_part1,AudioCheck,1772709649,1,0,0
9d4ijb45,893,7aaub4jm,4,presurvey_part1,NeighborhoodInstruction,1772709656,1,0,0
9d4ijb45,893,7aaub4jm,5,presurvey_part1,Scenario,1772709687,1,0,0
9d4ijb45,893,7aaub4jm,6,Pay_phase1,Reminder,1772709694,1,0,0
9d4ijb45,894,y2xcvt1v,0,,InitializeParticipant,1772709800,1,0,0
9d4ijb45,894,y2xcvt1v,1,presurvey_part1,Introduction,1772709810,1,0,0
9d4ijb45,894,y2xcvt1v,2,presurvey_part1,TimeSelection,1772709830,1,0,0
9d4ijb45,894,y2xcvt1v,3,presurvey_part1,AudioCheck,1772709857,1,0,0
9d4ijb45,894,y2xcvt1v,4,presurvey_part1,NeighborhoodInstruction,1772709878,1,0,0
9d4ijb45,894,y2xcvt1v,5,presurvey_part1,Scenario,1772709904,1,0,0
9d4ijb45,895,byvzyq8t,0,,InitializeParticipant,1772710067,1,0,0
9d4ijb45,895,byvzyq8t,1,presurvey_part1,Introduction,1772710087,1,0,0
9d4ijb45,895,byvzyq8t,2,presurvey_part1,TimeSelection,1772710100,1,0,0
9d4ijb45,895,byvzyq8t,3,presurvey_part1,AudioCheck,1772710114,1,0,0
9d4ijb45,896,7rkh1629,0,,InitializeParticipant,1772710116,1,0,0
9d4ijb45,897,cf49iemc,0,,InitializeParticipant,1772710128,1,0,0
9d4ijb45,896,7rkh1629,1,presurvey_part1,Introduction,1772710141,1,0,0
9d4ijb45,895,byvzyq8t,4,presurvey_part1,NeighborhoodInstruction,1772710146,1,0,0
9d4ijb45,896,7rkh1629,2,presurvey_part1,TimeSelection,1772710158,1,0,0
9d4ijb45,895,byvzyq8t,5,presurvey_part1,Scenario,1772710189,1,0,0
9d4ijb45,896,7rkh1629,3,presurvey_part1,AudioCheck,1772710193,1,0,0
9d4ijb45,895,byvzyq8t,6,Pay_phase1,Reminder,1772710201,1,0,0
9d4ijb45,897,cf49iemc,1,presurvey_part1,Introduction,1772710223,1,0,0
9d4ijb45,896,7rkh1629,4,presurvey_part1,NeighborhoodInstruction,1772710239,1,0,0
9d4ijb45,897,cf49iemc,2,presurvey_part1,TimeSelection,1772710252,1,0,0
9d4ijb45,896,7rkh1629,5,presurvey_part1,Scenario,1772710259,1,0,0
9d4ijb45,897,cf49iemc,3,presurvey_part1,AudioCheck,1772710270,1,0,0
9d4ijb45,897,cf49iemc,4,presurvey_part1,NeighborhoodInstruction,1772710291,1,0,0
9d4ijb45,897,cf49iemc,5,presurvey_part1,Scenario,1772710325,1,0,0
9d4ijb45,897,cf49iemc,6,Pay_phase1,Reminder,1772710368,1,0,0
9d4ijb45,898,x98lvt0k,0,,InitializeParticipant,1772710374,1,0,0
9d4ijb45,899,dz80jz2t,0,,InitializeParticipant,1772710526,1,0,0
9d4ijb45,899,dz80jz2t,1,presurvey_part1,Introduction,1772710548,1,0,0
9d4ijb45,899,dz80jz2t,2,presurvey_part1,TimeSelection,1772710569,1,0,0
9d4ijb45,899,dz80jz2t,3,presurvey_part1,AudioCheck,1772710624,1,0,0
9d4ijb45,900,bymwco3v,0,,InitializeParticipant,1772710627,1,0,0
9d4ijb45,901,41mws5o6,0,,InitializeParticipant,1772710964,1,0,0
9d4ijb45,901,41mws5o6,1,presurvey_part1,Introduction,1772710999,1,0,0
9d4ijb45,901,41mws5o6,2,presurvey_part1,TimeSelection,1772711019,1,0,0
9d4ijb45,901,41mws5o6,3,presurvey_part1,AudioCheck,1772711051,1,0,0
9d4ijb45,901,41mws5o6,4,presurvey_part1,NeighborhoodInstruction,1772711081,1,0,0
9d4ijb45,901,41mws5o6,5,presurvey_part1,Scenario,1772711097,1,0,0
9d4ijb45,902,2h3vj9m7,0,,InitializeParticipant,1772711332,1,0,0
9d4ijb45,902,2h3vj9m7,1,presurvey_part1,Introduction,1772711389,1,0,0
9d4ijb45,903,ga6anxs3,0,,InitializeParticipant,1772711403,1,0,0
9d4ijb45,904,9gj5vg7d,0,,InitializeParticipant,1772711557,1,0,0
9d4ijb45,905,47wvzaqb,0,,InitializeParticipant,1772711608,1,0,0
9d4ijb45,905,47wvzaqb,1,presurvey_part1,Introduction,1772711623,1,0,0
9d4ijb45,906,cffa6anj,0,,InitializeParticipant,1772711641,1,0,0
9d4ijb45,905,47wvzaqb,2,presurvey_part1,TimeSelection,1772711661,1,0,0
9d4ijb45,907,wmzti5av,0,,InitializeParticipant,1772711663,1,0,0
9d4ijb45,906,cffa6anj,1,presurvey_part1,Introduction,1772711667,1,0,0
9d4ijb45,905,47wvzaqb,3,presurvey_part1,AudioCheck,1772711680,1,0,0
9d4ijb45,907,wmzti5av,1,presurvey_part1,Introduction,1772711691,1,0,0
9d4ijb45,906,cffa6anj,2,presurvey_part1,TimeSelection,1772711692,1,0,0
9d4ijb45,905,47wvzaqb,4,presurvey_part1,NeighborhoodInstruction,1772711693,1,0,0
9d4ijb45,908,itcg67no,0,,InitializeParticipant,1772711706,1,0,0
9d4ijb45,906,cffa6anj,3,presurvey_part1,AudioCheck,1772711710,1,0,0
9d4ijb45,905,47wvzaqb,5,presurvey_part1,Scenario,1772711724,1,0,0
9d4ijb45,905,47wvzaqb,6,Pay_phase1,Reminder,1772711729,1,0,0
9d4ijb45,906,cffa6anj,4,presurvey_part1,NeighborhoodInstruction,1772711747,1,0,0
9d4ijb45,906,cffa6anj,5,presurvey_part1,Scenario,1772711788,1,0,0
9d4ijb45,909,sqqqnpku,0,,InitializeParticipant,1772711833,1,0,0
9d4ijb45,908,itcg67no,1,presurvey_part1,Introduction,1772711866,1,0,0
9d4ijb45,909,sqqqnpku,1,presurvey_part1,Introduction,1772711872,1,0,0
9d4ijb45,909,sqqqnpku,2,presurvey_part1,TimeSelection,1772711894,1,0,0
9d4ijb45,909,sqqqnpku,3,presurvey_part1,AudioCheck,1772711920,1,0,0
9d4ijb45,909,sqqqnpku,4,presurvey_part1,NeighborhoodInstruction,1772711967,1,0,0
9d4ijb45,908,itcg67no,2,presurvey_part1,TimeSelection,1772711988,1,0,0
9d4ijb45,910,qap1uxgc,0,,InitializeParticipant,1772711998,1,0,0
9d4ijb45,909,sqqqnpku,5,presurvey_part1,Scenario,1772712015,1,0,0
9d4ijb45,909,sqqqnpku,6,Pay_phase1,Reminder,1772712017,1,0,0
9d4ijb45,908,itcg67no,3,presurvey_part1,AudioCheck,1772712042,1,0,0
9d4ijb45,908,itcg67no,4,presurvey_part1,NeighborhoodInstruction,1772712123,1,0,0
9d4ijb45,908,itcg67no,5,presurvey_part1,Scenario,1772712245,1,0,0
9d4ijb45,911,xcd5o9gp,0,,InitializeParticipant,1772712393,1,0,0
9d4ijb45,911,xcd5o9gp,1,presurvey_part1,Introduction,1772712412,1,0,0
9d4ijb45,911,xcd5o9gp,2,presurvey_part1,TimeSelection,1772712433,1,0,0
9d4ijb45,911,xcd5o9gp,3,presurvey_part1,AudioCheck,1772712444,1,0,0
9d4ijb45,911,xcd5o9gp,4,presurvey_part1,NeighborhoodInstruction,1772712455,1,0,0
9d4ijb45,911,xcd5o9gp,5,presurvey_part1,Scenario,1772712479,1,0,0
9d4ijb45,911,xcd5o9gp,6,Pay_phase1,Reminder,1772712482,1,0,0
9d4ijb45,912,ww0sdc7u,0,,InitializeParticipant,1772712824,1,0,0
9d4ijb45,912,ww0sdc7u,1,presurvey_part1,Introduction,1772712864,1,0,0
9d4ijb45,912,ww0sdc7u,2,presurvey_part1,TimeSelection,1772712918,1,0,0
9d4ijb45,913,acd0zsp7,0,,InitializeParticipant,1772712935,1,0,0
9d4ijb45,912,ww0sdc7u,3,presurvey_part1,AudioCheck,1772712943,1,0,0
9d4ijb45,913,acd0zsp7,1,presurvey_part1,Introduction,1772712966,1,0,0
9d4ijb45,912,ww0sdc7u,4,presurvey_part1,NeighborhoodInstruction,1772712986,1,0,0
9d4ijb45,912,ww0sdc7u,5,presurvey_part1,Scenario,1772713033,1,0,0
9d4ijb45,913,acd0zsp7,2,presurvey_part1,TimeSelection,1772713039,1,0,0
9d4ijb45,913,acd0zsp7,3,presurvey_part1,AudioCheck,1772713076,1,0,0
9d4ijb45,914,xykjw10d,0,,InitializeParticipant,1772713100,1,0,0
9d4ijb45,915,suftppu5,0,,InitializeParticipant,1772713113,1,0,0
9d4ijb45,915,suftppu5,1,presurvey_part1,Introduction,1772713168,1,0,0
9d4ijb45,913,acd0zsp7,4,presurvey_part1,NeighborhoodInstruction,1772713190,1,0,0
9d4ijb45,916,rp0grs46,0,,InitializeParticipant,1772713196,1,0,0
9d4ijb45,915,suftppu5,2,presurvey_part1,TimeSelection,1772713210,1,0,0
9d4ijb45,915,suftppu5,3,presurvey_part1,AudioCheck,1772713234,1,0,0
9d4ijb45,915,suftppu5,4,presurvey_part1,NeighborhoodInstruction,1772713247,1,0,0
9d4ijb45,913,acd0zsp7,5,presurvey_part1,Scenario,1772713267,1,0,0
9d4ijb45,915,suftppu5,5,presurvey_part1,Scenario,1772713289,1,0,0
9d4ijb45,917,002rltav,0,,InitializeParticipant,1772713307,1,0,0
9d4ijb45,917,002rltav,1,presurvey_part1,Introduction,1772713320,1,0,0
9d4ijb45,915,suftppu5,6,Pay_phase1,Reminder,1772713322,1,0,0
9d4ijb45,917,002rltav,2,presurvey_part1,TimeSelection,1772713343,1,0,0
9d4ijb45,918,6zoorx92,0,,InitializeParticipant,1772713420,1,0,0
9d4ijb45,918,6zoorx92,1,presurvey_part1,Introduction,1772713509,1,0,0
9d4ijb45,919,w1324mjy,0,,InitializeParticipant,1772714020,1,0,0
9d4ijb45,920,o2336p9p,0,,InitializeParticipant,1772714039,1,0,0
9d4ijb45,920,o2336p9p,1,presurvey_part1,Introduction,1772714052,1,0,0
9d4ijb45,919,w1324mjy,1,presurvey_part1,Introduction,1772714082,1,0,0
9d4ijb45,920,o2336p9p,2,presurvey_part1,TimeSelection,1772714099,1,0,0
9d4ijb45,921,hls8y1yg,0,,InitializeParticipant,1772714104,1,0,0
9d4ijb45,919,w1324mjy,2,presurvey_part1,TimeSelection,1772714113,1,0,0
9d4ijb45,919,w1324mjy,3,presurvey_part1,AudioCheck,1772714134,1,0,0
9d4ijb45,919,w1324mjy,4,presurvey_part1,NeighborhoodInstruction,1772714147,1,0,0
9d4ijb45,922,u8dxvprf,0,,InitializeParticipant,1772714157,1,0,0
9d4ijb45,922,u8dxvprf,1,presurvey_part1,Introduction,1772714178,1,0,0
9d4ijb45,921,hls8y1yg,1,presurvey_part1,Introduction,1772714178,1,0,0
9d4ijb45,919,w1324mjy,5,presurvey_part1,Scenario,1772714179,1,0,0
9d4ijb45,919,w1324mjy,6,Pay_phase1,Reminder,1772714200,1,0,0
9d4ijb45,921,hls8y1yg,2,presurvey_part1,TimeSelection,1772714205,1,0,0
9d4ijb45,920,o2336p9p,3,presurvey_part1,AudioCheck,1772714206,1,0,0
9d4ijb45,920,o2336p9p,4,presurvey_part1,NeighborhoodInstruction,1772714220,1,0,0
9d4ijb45,921,hls8y1yg,3,presurvey_part1,AudioCheck,1772714222,1,0,0
9d4ijb45,922,u8dxvprf,2,presurvey_part1,TimeSelection,1772714224,1,0,0
9d4ijb45,921,hls8y1yg,4,presurvey_part1,NeighborhoodInstruction,1772714237,1,0,0
9d4ijb45,923,syamk0tx,0,,InitializeParticipant,1772714239,1,0,0
9d4ijb45,920,o2336p9p,5,presurvey_part1,Scenario,1772714257,1,0,0
9d4ijb45,921,hls8y1yg,5,presurvey_part1,Scenario,1772714267,1,0,0
9d4ijb45,923,syamk0tx,1,presurvey_part1,Introduction,1772714274,1,0,0
9d4ijb45,922,u8dxvprf,3,presurvey_part1,AudioCheck,1772714276,1,0,0
9d4ijb45,921,hls8y1yg,6,Pay_phase1,Reminder,1772714284,1,0,0
9d4ijb45,922,u8dxvprf,4,presurvey_part1,NeighborhoodInstruction,1772714284,1,0,0
9d4ijb45,923,syamk0tx,2,presurvey_part1,TimeSelection,1772714304,1,0,0
9d4ijb45,922,u8dxvprf,5,presurvey_part1,Scenario,1772714324,1,0,0
9d4ijb45,922,u8dxvprf,6,Pay_phase1,Reminder,1772714343,1,0,0
9d4ijb45,923,syamk0tx,3,presurvey_part1,AudioCheck,1772714344,1,0,0
9d4ijb45,923,syamk0tx,4,presurvey_part1,NeighborhoodInstruction,1772714369,1,0,0
9d4ijb45,924,k3m4yydl,0,,InitializeParticipant,1772714377,1,0,0
9d4ijb45,925,1k71p1ru,0,,InitializeParticipant,1772714389,1,0,0
9d4ijb45,925,1k71p1ru,1,presurvey_part1,Introduction,1772714407,1,0,0
9d4ijb45,924,k3m4yydl,1,presurvey_part1,Introduction,1772714422,1,0,0
9d4ijb45,926,vahigvvr,0,,InitializeParticipant,1772714436,1,0,0
9d4ijb45,926,vahigvvr,1,presurvey_part1,Introduction,1772714457,1,0,0
9d4ijb45,926,vahigvvr,2,presurvey_part1,TimeSelection,1772714471,1,0,0
9d4ijb45,923,syamk0tx,5,presurvey_part1,Scenario,1772714491,1,0,0
9d4ijb45,926,vahigvvr,3,presurvey_part1,AudioCheck,1772714498,1,0,0
9d4ijb45,923,syamk0tx,6,Pay_phase1,Reminder,1772714505,1,0,0
9d4ijb45,926,vahigvvr,4,presurvey_part1,NeighborhoodInstruction,1772714519,1,0,0
9d4ijb45,926,vahigvvr,5,presurvey_part1,Scenario,1772714545,1,0,0
9d4ijb45,926,vahigvvr,6,Pay_phase1,Reminder,1772714554,1,0,0
9d4ijb45,927,2u5jlr4p,0,,InitializeParticipant,1772714753,1,0,0
9d4ijb45,928,39j64y5x,0,,InitializeParticipant,1772714754,1,0,0
9d4ijb45,928,39j64y5x,1,presurvey_part1,Introduction,1772714794,1,0,0
9d4ijb45,929,2zit41cs,0,,InitializeParticipant,1772714796,1,0,0
9d4ijb45,927,2u5jlr4p,1,presurvey_part1,Introduction,1772714801,1,0,0
9d4ijb45,928,39j64y5x,2,presurvey_part1,TimeSelection,1772714812,1,0,0
9d4ijb45,928,39j64y5x,3,presurvey_part1,AudioCheck,1772714836,1,0,0
9d4ijb45,927,2u5jlr4p,2,presurvey_part1,TimeSelection,1772714841,1,0,0
9d4ijb45,928,39j64y5x,4,presurvey_part1,NeighborhoodInstruction,1772714855,1,0,0
9d4ijb45,929,2zit41cs,1,presurvey_part1,Introduction,1772714858,1,0,0
9d4ijb45,927,2u5jlr4p,3,presurvey_part1,AudioCheck,1772714873,1,0,0
9d4ijb45,929,2zit41cs,2,presurvey_part1,TimeSelection,1772714874,1,0,0
9d4ijb45,928,39j64y5x,5,presurvey_part1,Scenario,1772714891,1,0,0
9d4ijb45,930,t1wjdsfh,0,,InitializeParticipant,1772714893,1,0,0
9d4ijb45,927,2u5jlr4p,4,presurvey_part1,NeighborhoodInstruction,1772714908,1,0,0
9d4ijb45,928,39j64y5x,6,Pay_phase1,Reminder,1772714909,1,0,0
9d4ijb45,929,2zit41cs,3,presurvey_part1,AudioCheck,1772714918,1,0,0
9d4ijb45,930,t1wjdsfh,1,presurvey_part1,Introduction,1772714937,1,0,0
9d4ijb45,931,ndv791c5,0,,InitializeParticipant,1772714939,1,0,0
9d4ijb45,929,2zit41cs,4,presurvey_part1,NeighborhoodInstruction,1772714975,1,0,0
9d4ijb45,932,ogu3qbc8,0,,InitializeParticipant,1772714977,1,0,0
9d4ijb45,933,euvaw6jf,0,,InitializeParticipant,1772714986,1,0,0
9d4ijb45,930,t1wjdsfh,2,presurvey_part1,TimeSelection,1772714991,1,0,0
9d4ijb45,927,2u5jlr4p,5,presurvey_part1,Scenario,1772714997,1,0,0
9d4ijb45,933,euvaw6jf,1,presurvey_part1,Introduction,1772714998,1,0,0
9d4ijb45,933,euvaw6jf,2,presurvey_part1,TimeSelection,1772715016,1,0,0
9d4ijb45,929,2zit41cs,5,presurvey_part1,Scenario,1772715026,1,0,0
9d4ijb45,933,euvaw6jf,3,presurvey_part1,AudioCheck,1772715029,1,0,0
9d4ijb45,933,euvaw6jf,4,presurvey_part1,NeighborhoodInstruction,1772715041,1,0,0
9d4ijb45,930,t1wjdsfh,3,presurvey_part1,AudioCheck,1772715045,1,0,0
9d4ijb45,929,2zit41cs,6,Pay_phase1,Reminder,1772715045,1,0,0
9d4ijb45,932,ogu3qbc8,1,presurvey_part1,Introduction,1772715055,1,0,0
9d4ijb45,933,euvaw6jf,5,presurvey_part1,Scenario,1772715074,1,0,0
9d4ijb45,933,euvaw6jf,6,Pay_phase1,Reminder,1772715078,1,0,0
9d4ijb45,927,2u5jlr4p,6,Pay_phase1,Reminder,1772715086,1,0,0
9d4ijb45,930,t1wjdsfh,4,presurvey_part1,NeighborhoodInstruction,1772715090,1,0,0
9d4ijb45,932,ogu3qbc8,2,presurvey_part1,TimeSelection,1772715090,1,0,0
9d4ijb45,934,ntsv7qo0,0,,InitializeParticipant,1772715115,1,0,0
9d4ijb45,930,t1wjdsfh,5,presurvey_part1,Scenario,1772715145,1,0,0
9d4ijb45,934,ntsv7qo0,1,presurvey_part1,Introduction,1772715164,1,0,0
9d4ijb45,932,ogu3qbc8,3,presurvey_part1,AudioCheck,1772715167,1,0,0
9d4ijb45,930,t1wjdsfh,6,Pay_phase1,Reminder,1772715174,1,0,0
9d4ijb45,932,ogu3qbc8,4,presurvey_part1,NeighborhoodInstruction,1772715214,1,0,0
9d4ijb45,932,ogu3qbc8,5,presurvey_part1,Scenario,1772715317,1,0,0
9d4ijb45,932,ogu3qbc8,6,Pay_phase1,Reminder,1772715338,1,0,0
9d4ijb45,935,vt3pg7zg,0,,InitializeParticipant,1772715377,1,0,0
9d4ijb45,935,vt3pg7zg,1,presurvey_part1,Introduction,1772715394,1,0,0
9d4ijb45,936,zdao3i5y,0,,InitializeParticipant,1772715443,1,0,0
9d4ijb45,935,vt3pg7zg,2,presurvey_part1,TimeSelection,1772715518,1,0,0
9d4ijb45,935,vt3pg7zg,3,presurvey_part1,AudioCheck,1772715537,1,0,0
9d4ijb45,935,vt3pg7zg,4,presurvey_part1,NeighborhoodInstruction,1772715591,1,0,0
9d4ijb45,937,podu7gr9,0,,InitializeParticipant,1772715625,1,0,0
9d4ijb45,937,podu7gr9,1,presurvey_part1,Introduction,1772715650,1,0,0
9d4ijb45,935,vt3pg7zg,5,presurvey_part1,Scenario,1772715652,1,0,0
9d4ijb45,938,22laysi0,0,,InitializeParticipant,1772715807,1,0,0
9d4ijb45,938,22laysi0,1,presurvey_part1,Introduction,1772715822,1,0,0
9d4ijb45,938,22laysi0,2,presurvey_part1,TimeSelection,1772715860,1,0,0
9d4ijb45,938,22laysi0,3,presurvey_part1,AudioCheck,1772715876,1,0,0
9d4ijb45,939,c89mvtuq,0,,InitializeParticipant,1772715884,1,0,0
9d4ijb45,939,c89mvtuq,1,presurvey_part1,Introduction,1772715893,1,0,0
9d4ijb45,938,22laysi0,4,presurvey_part1,NeighborhoodInstruction,1772715895,1,0,0
9d4ijb45,938,22laysi0,5,presurvey_part1,Scenario,1772715932,1,0,0
9d4ijb45,939,c89mvtuq,2,presurvey_part1,TimeSelection,1772715940,1,0,0
9d4ijb45,938,22laysi0,6,Pay_phase1,Reminder,1772715943,1,0,0
9d4ijb45,940,4lw3ijal,0,,InitializeParticipant,1772715961,1,0,0
9d4ijb45,939,c89mvtuq,3,presurvey_part1,AudioCheck,1772715965,1,0,0
9d4ijb45,940,4lw3ijal,1,presurvey_part1,Introduction,1772715976,1,0,0
9d4ijb45,939,c89mvtuq,4,presurvey_part1,NeighborhoodInstruction,1772715982,1,0,0
9d4ijb45,939,c89mvtuq,5,presurvey_part1,Scenario,1772716012,1,0,0
9d4ijb45,939,c89mvtuq,6,Pay_phase1,Reminder,1772716023,1,0,0
9d4ijb45,941,8kbai3zk,0,,InitializeParticipant,1772716032,1,0,0
9d4ijb45,941,8kbai3zk,1,presurvey_part1,Introduction,1772716091,1,0,0
9d4ijb45,941,8kbai3zk,2,presurvey_part1,TimeSelection,1772716130,1,0,0
9d4ijb45,941,8kbai3zk,3,presurvey_part1,AudioCheck,1772716161,1,0,0
9d4ijb45,941,8kbai3zk,4,presurvey_part1,NeighborhoodInstruction,1772716198,1,0,0
9d4ijb45,941,8kbai3zk,5,presurvey_part1,Scenario,1772716261,1,0,0
9d4ijb45,942,uo1abw13,0,,InitializeParticipant,1772716347,1,0,0
9d4ijb45,942,uo1abw13,1,presurvey_part1,Introduction,1772716366,1,0,0
9d4ijb45,942,uo1abw13,2,presurvey_part1,TimeSelection,1772716411,1,0,0
9d4ijb45,942,uo1abw13,3,presurvey_part1,AudioCheck,1772716423,1,0,0
9d4ijb45,942,uo1abw13,4,presurvey_part1,NeighborhoodInstruction,1772716458,1,0,0
9d4ijb45,942,uo1abw13,5,presurvey_part1,Scenario,1772716478,1,0,0
9d4ijb45,943,2k2hr0hz,0,,InitializeParticipant,1772716538,1,0,0
9d4ijb45,943,2k2hr0hz,1,presurvey_part1,Introduction,1772716548,1,0,0
9d4ijb45,944,8yi3wpei,0,,InitializeParticipant,1772716554,1,0,0
9d4ijb45,943,2k2hr0hz,2,presurvey_part1,TimeSelection,1772716570,1,0,0
9d4ijb45,943,2k2hr0hz,3,presurvey_part1,AudioCheck,1772716591,1,0,0
9d4ijb45,944,8yi3wpei,1,presurvey_part1,Introduction,1772716591,1,0,0
9d4ijb45,943,2k2hr0hz,4,presurvey_part1,NeighborhoodInstruction,1772716602,1,0,0
9d4ijb45,943,2k2hr0hz,5,presurvey_part1,Scenario,1772716637,1,0,0
9d4ijb45,943,2k2hr0hz,6,Pay_phase1,Reminder,1772716641,1,0,0
9d4ijb45,945,c8fn1u85,0,,InitializeParticipant,1772716772,1,0,0
9d4ijb45,946,si4bu3b2,0,,InitializeParticipant,1772716879,1,0,0
9d4ijb45,947,sv0vih96,0,,InitializeParticipant,1772716934,1,0,0
9d4ijb45,948,zn3szgw2,0,,InitializeParticipant,1772716965,1,0,0
9d4ijb45,947,sv0vih96,1,presurvey_part1,Introduction,1772716976,1,0,0
9d4ijb45,946,si4bu3b2,1,presurvey_part1,Introduction,1772716977,1,0,0
9d4ijb45,947,sv0vih96,2,presurvey_part1,TimeSelection,1772716996,1,0,0
9d4ijb45,948,zn3szgw2,1,presurvey_part1,Introduction,1772717007,1,0,0
9d4ijb45,947,sv0vih96,3,presurvey_part1,AudioCheck,1772717012,1,0,0
9d4ijb45,947,sv0vih96,4,presurvey_part1,NeighborhoodInstruction,1772717034,1,0,0
9d4ijb45,948,zn3szgw2,2,presurvey_part1,TimeSelection,1772717037,1,0,0
9d4ijb45,947,sv0vih96,5,presurvey_part1,Scenario,1772717064,1,0,0
9d4ijb45,947,sv0vih96,6,Pay_phase1,Reminder,1772717077,1,0,0
9d4ijb45,948,zn3szgw2,3,presurvey_part1,AudioCheck,1772717079,1,0,0
9d4ijb45,949,req5xd0r,0,,InitializeParticipant,1772717090,1,0,0
9d4ijb45,948,zn3szgw2,4,presurvey_part1,NeighborhoodInstruction,1772717099,1,0,0
9d4ijb45,949,req5xd0r,1,presurvey_part1,Introduction,1772717113,1,0,0
9d4ijb45,948,zn3szgw2,5,presurvey_part1,Scenario,1772717124,1,0,0
9d4ijb45,948,zn3szgw2,6,Pay_phase1,Reminder,1772717141,1,0,0
9d4ijb45,949,req5xd0r,2,presurvey_part1,TimeSelection,1772717151,1,0,0
9d4ijb45,949,req5xd0r,3,presurvey_part1,AudioCheck,1772717180,1,0,0
9d4ijb45,949,req5xd0r,4,presurvey_part1,NeighborhoodInstruction,1772717189,1,0,0
9d4ijb45,949,req5xd0r,5,presurvey_part1,Scenario,1772717207,1,0,0
9d4ijb45,950,lk5s0q0k,0,,InitializeParticipant,1772717209,1,0,0
9d4ijb45,949,req5xd0r,6,Pay_phase1,Reminder,1772717214,1,0,0
9d4ijb45,945,c8fn1u85,1,presurvey_part1,Introduction,1772717261,1,0,0
9d4ijb45,945,c8fn1u85,2,presurvey_part1,TimeSelection,1772717285,1,0,0
9d4ijb45,951,hlb5woud,0,,InitializeParticipant,1772717305,1,0,0
9d4ijb45,950,lk5s0q0k,1,presurvey_part1,Introduction,1772717311,1,0,0
9d4ijb45,945,c8fn1u85,3,presurvey_part1,AudioCheck,1772717312,1,0,0
9d4ijb45,952,eb2wfn3m,0,,InitializeParticipant,1772717314,1,0,0
9d4ijb45,950,lk5s0q0k,2,presurvey_part1,TimeSelection,1772717331,1,0,0
9d4ijb45,952,eb2wfn3m,1,presurvey_part1,Introduction,1772717332,1,0,0
9d4ijb45,945,c8fn1u85,4,presurvey_part1,NeighborhoodInstruction,1772717337,1,0,0
9d4ijb45,951,hlb5woud,1,presurvey_part1,Introduction,1772717344,1,0,0
9d4ijb45,952,eb2wfn3m,2,presurvey_part1,TimeSelection,1772717349,1,0,0
9d4ijb45,950,lk5s0q0k,3,presurvey_part1,AudioCheck,1772717350,1,0,0
9d4ijb45,951,hlb5woud,2,presurvey_part1,TimeSelection,1772717361,1,0,0
9d4ijb45,950,lk5s0q0k,4,presurvey_part1,NeighborhoodInstruction,1772717374,1,0,0
9d4ijb45,945,c8fn1u85,5,presurvey_part1,Scenario,1772717377,1,0,0
9d4ijb45,951,hlb5woud,3,presurvey_part1,AudioCheck,1772717378,1,0,0
9d4ijb45,945,c8fn1u85,6,Pay_phase1,Reminder,1772717390,1,0,0
9d4ijb45,953,w2wsobsl,0,,InitializeParticipant,1772717391,1,0,0
9d4ijb45,951,hlb5woud,4,presurvey_part1,NeighborhoodInstruction,1772717392,1,0,0
9d4ijb45,952,eb2wfn3m,3,presurvey_part1,AudioCheck,1772717396,1,0,0
9d4ijb45,950,lk5s0q0k,5,presurvey_part1,Scenario,1772717400,1,0,0
9d4ijb45,952,eb2wfn3m,4,presurvey_part1,NeighborhoodInstruction,1772717414,1,0,0
9d4ijb45,951,hlb5woud,5,presurvey_part1,Scenario,1772717427,1,0,0
9d4ijb45,950,lk5s0q0k,6,Pay_phase1,Reminder,1772717430,1,0,0
9d4ijb45,951,hlb5woud,6,Pay_phase1,Reminder,1772717437,1,0,0
9d4ijb45,952,eb2wfn3m,5,presurvey_part1,Scenario,1772717447,1,0,0
9d4ijb45,953,w2wsobsl,1,presurvey_part1,Introduction,1772717448,1,0,0
9d4ijb45,953,w2wsobsl,2,presurvey_part1,TimeSelection,1772717481,1,0,0
9d4ijb45,953,w2wsobsl,3,presurvey_part1,AudioCheck,1772717511,1,0,0
9d4ijb45,954,o0opb86k,0,,InitializeParticipant,1772717523,1,0,0
9d4ijb45,953,w2wsobsl,4,presurvey_part1,NeighborhoodInstruction,1772717544,1,0,0
9d4ijb45,954,o0opb86k,1,presurvey_part1,Introduction,1772717552,1,0,0
9d4ijb45,953,w2wsobsl,5,presurvey_part1,Scenario,1772717588,1,0,0
9d4ijb45,954,o0opb86k,2,presurvey_part1,TimeSelection,1772717595,1,0,0
9d4ijb45,953,w2wsobsl,6,Pay_phase1,Reminder,1772717598,1,0,0
9d4ijb45,954,o0opb86k,3,presurvey_part1,AudioCheck,1772717614,1,0,0
9d4ijb45,954,o0opb86k,4,presurvey_part1,NeighborhoodInstruction,1772717625,1,0,0
9d4ijb45,955,3mct3pvj,0,,InitializeParticipant,1772717663,1,0,0
9d4ijb45,954,o0opb86k,5,presurvey_part1,Scenario,1772717664,1,0,0
9d4ijb45,955,3mct3pvj,1,presurvey_part1,Introduction,1772717694,1,0,0
9d4ijb45,955,3mct3pvj,2,presurvey_part1,TimeSelection,1772717726,1,0,0
9d4ijb45,955,3mct3pvj,3,presurvey_part1,AudioCheck,1772717769,1,0,0
9d4ijb45,955,3mct3pvj,4,presurvey_part1,NeighborhoodInstruction,1772717789,1,0,0
9d4ijb45,956,x82lct5g,0,,InitializeParticipant,1772717829,1,0,0
9d4ijb45,955,3mct3pvj,5,presurvey_part1,Scenario,1772717833,1,0,0
9d4ijb45,956,x82lct5g,1,presurvey_part1,Introduction,1772717851,1,0,0
9d4ijb45,957,88hlq1kp,0,,InitializeParticipant,1772717873,1,0,0
9d4ijb45,958,fhmhhxhr,0,,InitializeParticipant,1772717937,1,0,0
9d4ijb45,957,88hlq1kp,1,presurvey_part1,Introduction,1772717942,1,0,0
9d4ijb45,957,88hlq1kp,2,presurvey_part1,TimeSelection,1772717992,1,0,0
9d4ijb45,958,fhmhhxhr,1,presurvey_part1,Introduction,1772717993,1,0,0
9d4ijb45,957,88hlq1kp,3,presurvey_part1,AudioCheck,1772718019,1,0,0
9d4ijb45,957,88hlq1kp,4,presurvey_part1,NeighborhoodInstruction,1772718046,1,0,0
9d4ijb45,957,88hlq1kp,5,presurvey_part1,Scenario,1772718098,1,0,0
9d4ijb45,957,88hlq1kp,6,Pay_phase1,Reminder,1772718104,1,0,0
9d4ijb45,959,1lax4j5v,0,,InitializeParticipant,1772718169,1,0,0
9d4ijb45,959,1lax4j5v,1,presurvey_part1,Introduction,1772718185,1,0,0
9d4ijb45,959,1lax4j5v,2,presurvey_part1,TimeSelection,1772718220,1,0,0
9d4ijb45,960,s2l4tf99,0,,InitializeParticipant,1772718232,1,0,0
9d4ijb45,961,lvzo1xze,0,,InitializeParticipant,1772718255,1,0,0
9d4ijb45,959,1lax4j5v,3,presurvey_part1,AudioCheck,1772718266,1,0,0
9d4ijb45,961,lvzo1xze,1,presurvey_part1,Introduction,1772718267,1,0,0
9d4ijb45,961,lvzo1xze,2,presurvey_part1,TimeSelection,1772718274,1,0,0
9d4ijb45,961,lvzo1xze,3,presurvey_part1,AudioCheck,1772718298,1,0,0
9d4ijb45,959,1lax4j5v,4,presurvey_part1,NeighborhoodInstruction,1772718366,1,0,0
9d4ijb45,962,3rlqwdo0,0,,InitializeParticipant,1772718448,1,0,0
9d4ijb45,959,1lax4j5v,5,presurvey_part1,Scenario,1772718458,1,0,0
9d4ijb45,959,1lax4j5v,6,Pay_phase1,Reminder,1772718481,1,0,0
9d4ijb45,962,3rlqwdo0,1,presurvey_part1,Introduction,1772718556,1,0,0
9d4ijb45,963,1ro1gg4q,0,,InitializeParticipant,1772718569,1,0,0
9d4ijb45,964,9ckxrbcq,0,,InitializeParticipant,1772718580,1,0,0
9d4ijb45,963,1ro1gg4q,1,presurvey_part1,Introduction,1772718586,1,0,0
9d4ijb45,962,3rlqwdo0,2,presurvey_part1,TimeSelection,1772718586,1,0,0
9d4ijb45,964,9ckxrbcq,1,presurvey_part1,Introduction,1772718598,1,0,0
9d4ijb45,962,3rlqwdo0,3,presurvey_part1,AudioCheck,1772718614,1,0,0
9d4ijb45,963,1ro1gg4q,2,presurvey_part1,TimeSelection,1772718619,1,0,0
9d4ijb45,964,9ckxrbcq,2,presurvey_part1,TimeSelection,1772718622,1,0,0
9d4ijb45,965,8wlo3mds,0,,InitializeParticipant,1772718626,1,0,0
9d4ijb45,964,9ckxrbcq,3,presurvey_part1,AudioCheck,1772718634,1,0,0
9d4ijb45,963,1ro1gg4q,3,presurvey_part1,AudioCheck,1772718641,1,0,0
9d4ijb45,962,3rlqwdo0,4,presurvey_part1,NeighborhoodInstruction,1772718646,1,0,0
9d4ijb45,965,8wlo3mds,1,presurvey_part1,Introduction,1772718646,1,0,0
9d4ijb45,964,9ckxrbcq,4,presurvey_part1,NeighborhoodInstruction,1772718651,1,0,0
9d4ijb45,963,1ro1gg4q,4,presurvey_part1,NeighborhoodInstruction,1772718653,1,0,0
9d4ijb45,965,8wlo3mds,2,presurvey_part1,TimeSelection,1772718659,1,0,0
9d4ijb45,964,9ckxrbcq,5,presurvey_part1,Scenario,1772718676,1,0,0
9d4ijb45,963,1ro1gg4q,5,presurvey_part1,Scenario,1772718679,1,0,0
9d4ijb45,964,9ckxrbcq,6,Pay_phase1,Reminder,1772718684,1,0,0
9d4ijb45,965,8wlo3mds,3,presurvey_part1,AudioCheck,1772718684,1,0,0
9d4ijb45,965,8wlo3mds,4,presurvey_part1,NeighborhoodInstruction,1772718690,1,0,0
9d4ijb45,962,3rlqwdo0,5,presurvey_part1,Scenario,1772718693,1,0,0
9d4ijb45,963,1ro1gg4q,6,Pay_phase1,Reminder,1772718697,1,0,0
9d4ijb45,965,8wlo3mds,5,presurvey_part1,Scenario,1772718757,1,0,0
9d4ijb45,962,3rlqwdo0,6,Pay_phase1,Reminder,1772718774,1,0,0
9d4ijb45,966,58a3v6hc,0,,InitializeParticipant,1772718858,1,0,0
9d4ijb45,967,u26jgd8b,0,,InitializeParticipant,1772718861,1,0,0
9d4ijb45,968,i60ypimg,0,,InitializeParticipant,1772718869,1,0,0
9d4ijb45,967,u26jgd8b,1,presurvey_part1,Introduction,1772718887,1,0,0
9d4ijb45,967,u26jgd8b,2,presurvey_part1,TimeSelection,1772718898,1,0,0
9d4ijb45,969,biryn98e,0,,InitializeParticipant,1772718913,1,0,0
9d4ijb45,967,u26jgd8b,3,presurvey_part1,AudioCheck,1772718931,1,0,0
9d4ijb45,967,u26jgd8b,4,presurvey_part1,NeighborhoodInstruction,1772718941,1,0,0
9d4ijb45,967,u26jgd8b,5,presurvey_part1,Scenario,1772718950,1,0,0
9d4ijb45,967,u26jgd8b,6,Pay_phase1,Reminder,1772718952,1,0,0
9d4ijb45,969,biryn98e,1,presurvey_part1,Introduction,1772718955,1,0,0
9d4ijb45,969,biryn98e,2,presurvey_part1,TimeSelection,1772718988,1,0,0
9d4ijb45,969,biryn98e,5,presurvey_part1,Scenario,1772719137,1,0,0
9d4ijb45,969,biryn98e,6,Pay_phase1,Reminder,1772719142,1,0,0
9d4ijb45,970,don6bjlv,0,,InitializeParticipant,1772719229,1,0,0
9d4ijb45,971,pe5m01bq,0,,InitializeParticipant,1772719562,1,0,0
9d4ijb45,972,58rsbufp,0,,InitializeParticipant,1772719568,1,0,0
9d4ijb45,971,pe5m01bq,1,presurvey_part1,Introduction,1772719585,1,0,0
9d4ijb45,972,58rsbufp,1,presurvey_part1,Introduction,1772719606,1,0,0
9d4ijb45,972,58rsbufp,2,presurvey_part1,TimeSelection,1772719619,1,0,0
9d4ijb45,973,mqmq7gca,0,,InitializeParticipant,1772719643,1,0,0
9d4ijb45,972,58rsbufp,3,presurvey_part1,AudioCheck,1772719654,1,0,0
9d4ijb45,973,mqmq7gca,1,presurvey_part1,Introduction,1772719666,1,0,0
9d4ijb45,972,58rsbufp,4,presurvey_part1,NeighborhoodInstruction,1772719686,1,0,0
9d4ijb45,972,58rsbufp,5,presurvey_part1,Scenario,1772719727,1,0,0
9d4ijb45,973,mqmq7gca,2,presurvey_part1,TimeSelection,1772719732,1,0,0
9d4ijb45,972,58rsbufp,6,Pay_phase1,Reminder,1772719741,1,0,0
9d4ijb45,973,mqmq7gca,3,presurvey_part1,AudioCheck,1772719846,1,0,0
9d4ijb45,974,mga6ja1w,0,,InitializeParticipant,1772720004,1,0,0
9d4ijb45,974,mga6ja1w,1,presurvey_part1,Introduction,1772720012,1,0,0
9d4ijb45,975,y0xl3sh5,0,,InitializeParticipant,1772720019,1,0,0
9d4ijb45,974,mga6ja1w,2,presurvey_part1,TimeSelection,1772720046,1,0,0
9d4ijb45,974,mga6ja1w,3,presurvey_part1,AudioCheck,1772720066,1,0,0
9d4ijb45,974,mga6ja1w,4,presurvey_part1,NeighborhoodInstruction,1772720072,1,0,0
9d4ijb45,975,y0xl3sh5,1,presurvey_part1,Introduction,1772720086,1,0,0
9d4ijb45,974,mga6ja1w,5,presurvey_part1,Scenario,1772720089,1,0,0
9d4ijb45,974,mga6ja1w,6,Pay_phase1,Reminder,1772720100,1,0,0
9d4ijb45,975,y0xl3sh5,2,presurvey_part1,TimeSelection,1772720105,1,0,0
9d4ijb45,975,y0xl3sh5,3,presurvey_part1,AudioCheck,1772720121,1,0,0
9d4ijb45,975,y0xl3sh5,4,presurvey_part1,NeighborhoodInstruction,1772720146,1,0,0
9d4ijb45,976,c4l6mpru,0,,InitializeParticipant,1772720191,1,0,0
9d4ijb45,975,y0xl3sh5,5,presurvey_part1,Scenario,1772720200,1,0,0
9d4ijb45,975,y0xl3sh5,6,Pay_phase1,Reminder,1772720216,1,0,0
9d4ijb45,976,c4l6mpru,1,presurvey_part1,Introduction,1772720223,1,0,0
9d4ijb45,976,c4l6mpru,2,presurvey_part1,TimeSelection,1772720231,1,0,0
9d4ijb45,976,c4l6mpru,3,presurvey_part1,AudioCheck,1772720250,1,0,0
9d4ijb45,976,c4l6mpru,4,presurvey_part1,NeighborhoodInstruction,1772720271,1,0,0
9d4ijb45,976,c4l6mpru,5,presurvey_part1,Scenario,1772720297,1,0,0
detzh953,1,q0xcfi1g,0,,InitializeParticipant,1772807053,1,0,0
detzh953,2,3jkoof5k,0,,InitializeParticipant,1772807053,1,0,0
detzh953,3,csmxzone,0,,InitializeParticipant,1772807053,1,0,0
detzh953,4,y8jlmug5,0,,InitializeParticipant,1772807053,1,0,0
detzh953,5,puc2heob,0,,InitializeParticipant,1772807053,1,0,0
detzh953,6,dk9sm8su,0,,InitializeParticipant,1772807053,1,0,0
detzh953,1,q0xcfi1g,1,presurvey,Introduction,1772807053,1,0,0
detzh953,2,3jkoof5k,1,presurvey,Introduction,1772807053,1,0,0
detzh953,7,tdnmka0y,0,,InitializeParticipant,1772807053,1,0,0
detzh953,3,csmxzone,1,presurvey,Introduction,1772807053,1,0,0
detzh953,4,y8jlmug5,1,presurvey,Introduction,1772807053,1,0,0
detzh953,5,puc2heob,1,presurvey,Introduction,1772807053,1,0,0
detzh953,8,zb4detai,0,,InitializeParticipant,1772807053,1,0,0
detzh953,6,dk9sm8su,1,presurvey,Introduction,1772807054,1,0,0
detzh953,9,7nt544on,0,,InitializeParticipant,1772807054,1,0,0
detzh953,1,q0xcfi1g,2,presurvey,AudioCheck,1772807054,1,0,0
detzh953,2,3jkoof5k,2,presurvey,AudioCheck,1772807054,1,0,0
detzh953,7,tdnmka0y,1,presurvey,Introduction,1772807054,1,0,0
detzh953,3,csmxzone,2,presurvey,AudioCheck,1772807054,1,0,0
detzh953,10,etc2lwfb,0,,InitializeParticipant,1772807054,1,0,0
detzh953,4,y8jlmug5,2,presurvey,AudioCheck,1772807054,1,0,0
detzh953,5,puc2heob,2,presurvey,AudioCheck,1772807054,1,0,0
detzh953,8,zb4detai,1,presurvey,Introduction,1772807054,1,0,0
detzh953,6,dk9sm8su,2,presurvey,AudioCheck,1772807054,1,0,0
detzh953,11,3u6nfh9s,0,,InitializeParticipant,1772807055,1,0,0
detzh953,9,7nt544on,1,presurvey,Introduction,1772807055,1,0,0
detzh953,7,tdnmka0y,2,presurvey,AudioCheck,1772807055,1,0,0
detzh953,12,eo67n0eq,0,,InitializeParticipant,1772807055,1,0,0
detzh953,3,csmxzone,3,presurvey,Demographics,1772807055,1,0,0
detzh953,10,etc2lwfb,1,presurvey,Introduction,1772807055,1,0,0
detzh953,4,y8jlmug5,3,presurvey,Demographics,1772807055,1,0,0
detzh953,5,puc2heob,3,presurvey,Demographics,1772807055,1,0,0
detzh953,1,q0xcfi1g,3,presurvey,Demographics,1772807055,1,0,0
detzh953,2,3jkoof5k,3,presurvey,Demographics,1772807056,1,0,0
detzh953,8,zb4detai,2,presurvey,AudioCheck,1772807056,1,0,0
detzh953,6,dk9sm8su,3,presurvey,Demographics,1772807056,1,0,0
detzh953,13,4q13kd5w,0,,InitializeParticipant,1772807056,1,0,0
detzh953,11,3u6nfh9s,1,presurvey,Introduction,1772807056,1,0,0
detzh953,9,7nt544on,2,presurvey,AudioCheck,1772807056,1,0,0
detzh953,14,ye5fa0tj,0,,InitializeParticipant,1772807056,1,0,0
detzh953,7,tdnmka0y,3,presurvey,Demographics,1772807056,1,0,0
detzh953,12,eo67n0eq,1,presurvey,Introduction,1772807056,1,0,0
detzh953,3,csmxzone,4,presurvey,NeighborhoodInstruction,1772807057,1,0,0
detzh953,10,etc2lwfb,2,presurvey,AudioCheck,1772807057,1,0,0
detzh953,4,y8jlmug5,4,presurvey,NeighborhoodInstruction,1772807057,1,0,0
detzh953,5,puc2heob,4,presurvey,NeighborhoodInstruction,1772807057,1,0,0
detzh953,1,q0xcfi1g,4,presurvey,NeighborhoodInstruction,1772807057,1,0,0
detzh953,2,3jkoof5k,4,presurvey,NeighborhoodInstruction,1772807057,1,0,0
detzh953,8,zb4detai,3,presurvey,Demographics,1772807057,1,0,0
detzh953,15,16w6qo2b,0,,InitializeParticipant,1772807057,1,0,0
detzh953,6,dk9sm8su,4,presurvey,NeighborhoodInstruction,1772807057,1,0,0
detzh953,13,4q13kd5w,1,presurvey,Introduction,1772807057,1,0,0
detzh953,11,3u6nfh9s,2,presurvey,AudioCheck,1772807058,1,0,0
detzh953,9,7nt544on,3,presurvey,Demographics,1772807058,1,0,0
detzh953,16,k26u666c,0,,InitializeParticipant,1772807058,1,0,0
detzh953,14,ye5fa0tj,1,presurvey,Introduction,1772807058,1,0,0
detzh953,7,tdnmka0y,4,presurvey,NeighborhoodInstruction,1772807058,1,0,0
detzh953,12,eo67n0eq,2,presurvey,AudioCheck,1772807058,1,0,0
detzh953,3,csmxzone,5,presurvey,Training,1772807058,1,0,0
detzh953,10,etc2lwfb,3,presurvey,Demographics,1772807058,1,0,0
detzh953,4,y8jlmug5,5,presurvey,Training,1772807058,1,0,0
detzh953,5,puc2heob,5,presurvey,Training,1772807058,1,0,0
detzh953,1,q0xcfi1g,5,presurvey,Training,1772807058,1,0,0
detzh953,2,3jkoof5k,5,presurvey,Training,1772807059,1,0,0
detzh953,8,zb4detai,4,presurvey,NeighborhoodInstruction,1772807059,1,0,0
detzh953,17,mkyuljlt,0,,InitializeParticipant,1772807059,1,0,0
detzh953,6,dk9sm8su,5,presurvey,Training,1772807059,1,0,0
detzh953,15,16w6qo2b,1,presurvey,Introduction,1772807059,1,0,0
detzh953,13,4q13kd5w,2,presurvey,AudioCheck,1772807059,1,0,0
detzh953,11,3u6nfh9s,3,presurvey,Demographics,1772807059,1,0,0
detzh953,9,7nt544on,4,presurvey,NeighborhoodInstruction,1772807059,1,0,0
detzh953,18,0wisseoh,0,,InitializeParticipant,1772807060,1,0,0
detzh953,16,k26u666c,1,presurvey,Introduction,1772807060,1,0,0
detzh953,14,ye5fa0tj,2,presurvey,AudioCheck,1772807060,1,0,0
detzh953,7,tdnmka0y,5,presurvey,Training,1772807060,1,0,0
detzh953,12,eo67n0eq,3,presurvey,Demographics,1772807060,1,0,0
detzh953,3,csmxzone,6,presurvey,TrainingNeighbor_1,1772807060,1,0,0
detzh953,10,etc2lwfb,4,presurvey,NeighborhoodInstruction,1772807060,1,0,0
detzh953,4,y8jlmug5,6,presurvey,TrainingNeighbor_1,1772807060,1,0,0
detzh953,5,puc2heob,6,presurvey,TrainingNeighbor_1,1772807060,1,0,0
detzh953,1,q0xcfi1g,6,presurvey,TrainingNeighbor_1,1772807060,1,0,0
detzh953,2,3jkoof5k,6,presurvey,TrainingNeighbor_1,1772807061,1,0,0
detzh953,19,l4dgm86g,0,,InitializeParticipant,1772807061,1,0,0
detzh953,8,zb4detai,5,presurvey,Training,1772807061,1,0,0
detzh953,17,mkyuljlt,1,presurvey,Introduction,1772807061,1,0,0
detzh953,6,dk9sm8su,6,presurvey,TrainingNeighbor_1,1772807061,1,0,0
detzh953,15,16w6qo2b,2,presurvey,AudioCheck,1772807061,1,0,0
detzh953,13,4q13kd5w,3,presurvey,Demographics,1772807061,1,0,0
detzh953,11,3u6nfh9s,4,presurvey,NeighborhoodInstruction,1772807061,1,0,0
detzh953,9,7nt544on,5,presurvey,Training,1772807061,1,0,0
detzh953,20,332pmai4,0,,InitializeParticipant,1772807062,1,0,0
detzh953,18,0wisseoh,1,presurvey,Introduction,1772807062,1,0,0
detzh953,16,k26u666c,2,presurvey,AudioCheck,1772807062,1,0,0
detzh953,14,ye5fa0tj,3,presurvey,Demographics,1772807062,1,0,0
detzh953,7,tdnmka0y,6,presurvey,TrainingNeighbor_1,1772807062,1,0,0
detzh953,12,eo67n0eq,4,presurvey,NeighborhoodInstruction,1772807062,1,0,0
detzh953,10,etc2lwfb,5,presurvey,Training,1772807062,1,0,0
detzh953,3,csmxzone,10,presurvey,ExperimentInstruction,1772807062,1,0,0
detzh953,4,y8jlmug5,10,presurvey,ExperimentInstruction,1772807062,1,0,0
detzh953,5,puc2heob,10,presurvey,ExperimentInstruction,1772807062,1,0,0
detzh953,1,q0xcfi1g,10,presurvey,ExperimentInstruction,1772807062,1,0,0
detzh953,21,kqq0qp9d,0,,InitializeParticipant,1772807062,1,0,0
detzh953,2,3jkoof5k,10,presurvey,ExperimentInstruction,1772807062,1,0,0
detzh953,8,zb4detai,6,presurvey,TrainingNeighbor_1,1772807063,1,0,0
detzh953,19,l4dgm86g,1,presurvey,Introduction,1772807063,1,0,0
detzh953,17,mkyuljlt,2,presurvey,AudioCheck,1772807063,1,0,0
detzh953,6,dk9sm8su,10,presurvey,ExperimentInstruction,1772807063,1,0,0
detzh953,15,16w6qo2b,3,presurvey,Demographics,1772807063,1,0,0
detzh953,13,4q13kd5w,4,presurvey,NeighborhoodInstruction,1772807063,1,0,0
detzh953,11,3u6nfh9s,5,presurvey,Training,1772807063,1,0,0
detzh953,9,7nt544on,6,presurvey,TrainingNeighbor_1,1772807064,1,0,0
detzh953,22,5gbdftiq,0,,InitializeParticipant,1772807064,1,0,0
detzh953,20,332pmai4,1,presurvey,Introduction,1772807064,1,0,0
detzh953,18,0wisseoh,2,presurvey,AudioCheck,1772807064,1,0,0
detzh953,16,k26u666c,3,presurvey,Demographics,1772807064,1,0,0
detzh953,14,ye5fa0tj,4,presurvey,NeighborhoodInstruction,1772807064,1,0,0
detzh953,7,tdnmka0y,10,presurvey,ExperimentInstruction,1772807064,1,0,0
detzh953,12,eo67n0eq,5,presurvey,Training,1772807064,1,0,0
detzh953,10,etc2lwfb,6,presurvey,TrainingNeighbor_1,1772807064,1,0,0
detzh953,3,csmxzone,11,presurvey,Scenario,1772807065,1,0,0
detzh953,4,y8jlmug5,11,presurvey,Scenario,1772807065,1,0,0
detzh953,5,puc2heob,11,presurvey,Scenario,1772807065,1,0,0
detzh953,23,01umkyke,0,,InitializeParticipant,1772807065,1,0,0
detzh953,1,q0xcfi1g,11,presurvey,Scenario,1772807065,1,0,0
detzh953,2,3jkoof5k,11,presurvey,Scenario,1772807065,1,0,0
detzh953,21,kqq0qp9d,1,presurvey,Introduction,1772807065,1,0,0
detzh953,8,zb4detai,10,presurvey,ExperimentInstruction,1772807065,1,0,0
detzh953,19,l4dgm86g,2,presurvey,AudioCheck,1772807065,1,0,0
detzh953,17,mkyuljlt,3,presurvey,Demographics,1772807065,1,0,0
detzh953,6,dk9sm8su,11,presurvey,Scenario,1772807065,1,0,0
detzh953,15,16w6qo2b,4,presurvey,NeighborhoodInstruction,1772807065,1,0,0
detzh953,13,4q13kd5w,5,presurvey,Training,1772807066,1,0,0
detzh953,11,3u6nfh9s,6,presurvey,TrainingNeighbor_1,1772807066,1,0,0
detzh953,24,dkxk8pv4,0,,InitializeParticipant,1772807066,1,0,0
detzh953,9,7nt544on,10,presurvey,ExperimentInstruction,1772807066,1,0,0
detzh953,22,5gbdftiq,1,presurvey,Introduction,1772807066,1,0,0
detzh953,20,332pmai4,2,presurvey,AudioCheck,1772807066,1,0,0
detzh953,18,0wisseoh,3,presurvey,Demographics,1772807067,1,0,0
detzh953,16,k26u666c,4,presurvey,NeighborhoodInstruction,1772807067,1,0,0
detzh953,14,ye5fa0tj,5,presurvey,Training,1772807067,1,0,0
detzh953,7,tdnmka0y,11,presurvey,Scenario,1772807067,1,0,0
detzh953,12,eo67n0eq,6,presurvey,TrainingNeighbor_1,1772807067,1,0,0
detzh953,10,etc2lwfb,10,presurvey,ExperimentInstruction,1772807067,1,0,0
detzh953,3,csmxzone,12,presurvey,Commitment,1772807067,1,0,0
detzh953,4,y8jlmug5,12,presurvey,Commitment,1772807067,1,0,0
detzh953,25,2h4ojlnp,0,,InitializeParticipant,1772807067,1,0,0
detzh953,5,puc2heob,12,presurvey,Commitment,1772807067,1,0,0
detzh953,23,01umkyke,1,presurvey,Introduction,1772807067,1,0,0
detzh953,1,q0xcfi1g,12,presurvey,Commitment,1772807067,1,0,0
detzh953,2,3jkoof5k,12,presurvey,Commitment,1772807067,1,0,0
detzh953,8,zb4detai,11,presurvey,Scenario,1772807068,1,0,0
detzh953,21,kqq0qp9d,2,presurvey,AudioCheck,1772807068,1,0,0
detzh953,19,l4dgm86g,3,presurvey,Demographics,1772807068,1,0,0
detzh953,17,mkyuljlt,4,presurvey,NeighborhoodInstruction,1772807068,1,0,0
detzh953,6,dk9sm8su,12,presurvey,Commitment,1772807068,1,0,0
detzh953,15,16w6qo2b,5,presurvey,Training,1772807068,1,0,0
detzh953,13,4q13kd5w,6,presurvey,TrainingNeighbor_1,1772807068,1,0,0
detzh953,11,3u6nfh9s,10,presurvey,ExperimentInstruction,1772807069,1,0,0
detzh953,26,v0vbvjin,0,,InitializeParticipant,1772807069,1,0,0
detzh953,5,puc2heob,13,mock_N08_N04_Aonly,GroupingWaitPage,1772807070,1,0,1
detzh953,24,dkxk8pv4,1,presurvey,Introduction,1772807070,1,0,0
detzh953,9,7nt544on,11,presurvey,Scenario,1772807070,1,0,0
detzh953,1,q0xcfi1g,13,mock_N08_N04_Aonly,GroupingWaitPage,1772807071,1,0,1
detzh953,2,3jkoof5k,13,mock_N08_N04_Aonly,GroupingWaitPage,1772807071,1,0,1
detzh953,3,csmxzone,13,mock_N08_N04_Aonly,GroupingWaitPage,1772807071,1,0,1
detzh953,4,y8jlmug5,13,mock_N08_N04_Aonly,GroupingWaitPage,1772807071,1,0,1
detzh953,22,5gbdftiq,2,presurvey,AudioCheck,1772807072,1,0,0
detzh953,20,332pmai4,3,presurvey,Demographics,1772807072,1,0,0
detzh953,6,dk9sm8su,13,mock_N08_N04_Aonly,GroupingWaitPage,1772807073,1,0,1
detzh953,18,0wisseoh,4,presurvey,NeighborhoodInstruction,1772807073,1,0,0
detzh953,16,k26u666c,5,presurvey,Training,1772807073,1,0,0
detzh953,14,ye5fa0tj,6,presurvey,TrainingNeighbor_1,1772807073,1,0,0
detzh953,7,tdnmka0y,12,presurvey,Commitment,1772807073,1,0,0
detzh953,12,eo67n0eq,10,presurvey,ExperimentInstruction,1772807073,1,0,0
detzh953,10,etc2lwfb,11,presurvey,Scenario,1772807073,1,0,0
detzh953,27,c7vhjn9l,0,,InitializeParticipant,1772807073,1,0,0
detzh953,25,2h4ojlnp,1,presurvey,Introduction,1772807073,1,0,0
detzh953,5,puc2heob,14,mock_N08_N04_Aonly,GroupSizeWaitPage,1772807073,1,0,1
detzh953,23,01umkyke,2,presurvey,AudioCheck,1772807073,1,0,0
detzh953,8,zb4detai,12,presurvey,Commitment,1772807074,1,0,0
detzh953,21,kqq0qp9d,3,presurvey,Demographics,1772807074,1,0,0
detzh953,19,l4dgm86g,4,presurvey,NeighborhoodInstruction,1772807074,1,0,0
detzh953,17,mkyuljlt,5,presurvey,Training,1772807074,1,0,0
detzh953,6,dk9sm8su,14,mock_N08_N04_Aonly,GroupSizeWaitPage,1772807074,1,0,1
detzh953,15,16w6qo2b,6,presurvey,TrainingNeighbor_1,1772807074,1,0,0
detzh953,7,tdnmka0y,13,mock_N08_N04_Aonly,GroupingWaitPage,1772807075,1,0,1
detzh953,13,4q13kd5w,10,presurvey,ExperimentInstruction,1772807075,1,0,0
detzh953,28,lxde1ekn,0,,InitializeParticipant,1772807075,1,0,0
detzh953,11,3u6nfh9s,11,presurvey,Scenario,1772807075,1,0,0
detzh953,26,v0vbvjin,1,presurvey,Introduction,1772807075,1,0,0
detzh953,24,dkxk8pv4,2,presurvey,AudioCheck,1772807076,1,0,0
detzh953,9,7nt544on,12,presurvey,Commitment,1772807076,1,0,0
detzh953,29,yxh98q9k,0,,InitializeParticipant,1772807076,1,0,0
detzh953,30,06x9h2xe,0,,InitializeParticipant,1772807076,1,0,0
detzh953,31,1yl037gh,0,,InitializeParticipant,1772807076,1,0,0
detzh953,32,g1oerodk,0,,InitializeParticipant,1772807076,1,0,0
detzh953,33,fr6lgo7h,0,,InitializeParticipant,1772807076,1,0,0
detzh953,34,brq05fze,0,,InitializeParticipant,1772807076,1,0,0
detzh953,35,m5f83q1p,0,,InitializeParticipant,1772807076,1,0,0
detzh953,36,tlmed4np,0,,InitializeParticipant,1772807076,1,0,0
detzh953,37,74efatce,0,,InitializeParticipant,1772807076,1,0,0
detzh953,38,9dzck4tl,0,,InitializeParticipant,1772807076,1,0,0
detzh953,39,di93bbre,0,,InitializeParticipant,1772807076,1,0,0
detzh953,40,qo2v92em,0,,InitializeParticipant,1772807076,1,0,0
detzh953,22,5gbdftiq,3,presurvey,Demographics,1772807076,1,0,0
detzh953,8,zb4detai,13,mock_N08_N04_Aonly,GroupingWaitPage,1772807077,1,0,1
detzh953,20,332pmai4,4,presurvey,NeighborhoodInstruction,1772807077,1,0,0
detzh953,18,0wisseoh,5,presurvey,Training,1772807077,1,0,0
detzh953,16,k26u666c,6,presurvey,TrainingNeighbor_1,1772807077,1,0,0
detzh953,14,ye5fa0tj,10,presurvey,ExperimentInstruction,1772807077,1,0,0
detzh953,7,tdnmka0y,14,mock_N08_N04_Aonly,GroupSizeWaitPage,1772807077,1,0,1
detzh953,12,eo67n0eq,11,presurvey,Scenario,1772807077,1,0,0
detzh953,10,etc2lwfb,12,presurvey,Commitment,1772807077,1,0,0
detzh953,27,c7vhjn9l,1,presurvey,Introduction,1772807077,1,0,0
detzh953,25,2h4ojlnp,2,presurvey,AudioCheck,1772807078,1,0,0
detzh953,23,01umkyke,3,presurvey,Demographics,1772807078,1,0,0
detzh953,8,zb4detai,14,mock_N08_N04_Aonly,GroupSizeWaitPage,1772807079,1,0,1
detzh953,21,kqq0qp9d,4,presurvey,NeighborhoodInstruction,1772807079,1,0,0
detzh953,19,l4dgm86g,5,presurvey,Training,1772807079,1,0,0
detzh953,17,mkyuljlt,6,presurvey,TrainingNeighbor_1,1772807079,1,0,0
detzh953,15,16w6qo2b,10,presurvey,ExperimentInstruction,1772807079,1,0,0
detzh953,13,4q13kd5w,11,presurvey,Scenario,1772807079,1,0,0
detzh953,28,lxde1ekn,1,presurvey,Introduction,1772807079,1,0,0
detzh953,11,3u6nfh9s,12,presurvey,Commitment,1772807079,1,0,0
detzh953,26,v0vbvjin,2,presurvey,AudioCheck,1772807080,1,0,0
detzh953,24,dkxk8pv4,3,presurvey,Demographics,1772807080,1,0,0
detzh953,29,yxh98q9k,1,presurvey,Introduction,1772807080,1,0,0
detzh953,30,06x9h2xe,1,presurvey,Introduction,1772807080,1,0,0
detzh953,31,1yl037gh,1,presurvey,Introduction,1772807080,1,0,0
detzh953,32,g1oerodk,1,presurvey,Introduction,1772807080,1,0,0
detzh953,33,fr6lgo7h,1,presurvey,Introduction,1772807080,1,0,0
detzh953,34,brq05fze,1,presurvey,Introduction,1772807080,1,0,0
detzh953,35,m5f83q1p,1,presurvey,Introduction,1772807080,1,0,0
detzh953,36,tlmed4np,1,presurvey,Introduction,1772807080,1,0,0
detzh953,37,74efatce,1,presurvey,Introduction,1772807080,1,0,0
detzh953,38,9dzck4tl,1,presurvey,Introduction,1772807080,1,0,0
detzh953,1,q0xcfi1g,14,mock_N08_N04_Aonly,GroupSizeWaitPage,1772807080,1,0,1
detzh953,2,3jkoof5k,14,mock_N08_N04_Aonly,GroupSizeWaitPage,1772807080,1,0,1
detzh953,3,csmxzone,14,mock_N08_N04_Aonly,GroupSizeWaitPage,1772807080,1,0,1
detzh953,4,y8jlmug5,14,mock_N08_N04_Aonly,GroupSizeWaitPage,1772807080,1,0,1
detzh953,22,5gbdftiq,4,presurvey,NeighborhoodInstruction,1772807081,1,0,0
detzh953,39,di93bbre,1,presurvey,Introduction,1772807081,1,0,0
detzh953,40,qo2v92em,1,presurvey,Introduction,1772807081,1,0,0
detzh953,6,dk9sm8su,15,mock_N08_N04_Aonly,AttentionCheck,1772807081,1,0,0
detzh953,20,332pmai4,5,presurvey,Training,1772807083,1,0,0
detzh953,18,0wisseoh,6,presurvey,TrainingNeighbor_1,1772807083,1,0,0
detzh953,16,k26u666c,10,presurvey,ExperimentInstruction,1772807083,1,0,0
detzh953,14,ye5fa0tj,11,presurvey,Scenario,1772807083,1,0,0
detzh953,12,eo67n0eq,12,presurvey,Commitment,1772807083,1,0,0
detzh953,27,c7vhjn9l,2,presurvey,AudioCheck,1772807084,1,0,0
detzh953,25,2h4ojlnp,3,presurvey,Demographics,1772807084,1,0,0
detzh953,23,01umkyke,4,presurvey,NeighborhoodInstruction,1772807084,1,0,0
detzh953,2,3jkoof5k,16,mock_N08_N04_Aonly,DiscussionGRPWaitPage,1772807085,1,0,1
detzh953,1,q0xcfi1g,16,mock_N08_N04_Aonly,DiscussionGRPWaitPage,1772807085,1,0,1
detzh953,4,y8jlmug5,16,mock_N08_N04_Aonly,DiscussionGRPWaitPage,1772807085,1,0,1
detzh953,3,csmxzone,16,mock_N08_N04_Aonly,DiscussionGRPWaitPage,1772807085,1,0,1
detzh953,6,dk9sm8su,234,Pay,Feedback,1772807085,1,0,0
detzh953,21,kqq0qp9d,5,presurvey,Training,1772807085,1,0,0
detzh953,19,l4dgm86g,6,presurvey,TrainingNeighbor_1,1772807085,1,0,0
detzh953,17,mkyuljlt,10,presurvey,ExperimentInstruction,1772807085,1,0,0
detzh953,15,16w6qo2b,11,presurvey,Scenario,1772807086,1,0,0
detzh953,9,7nt544on,13,mock_N08_N04_Aonly,GroupingWaitPage,1772807087,1,0,1
detzh953,10,etc2lwfb,13,mock_N08_N04_Aonly,GroupingWaitPage,1772807087,1,0,1
detzh953,11,3u6nfh9s,13,mock_N08_N04_Aonly,GroupingWaitPage,1772807087,1,0,1
detzh953,12,eo67n0eq,13,mock_N08_N04_Aonly,GroupingWaitPage,1772807087,1,0,1
detzh953,13,4q13kd5w,12,presurvey,Commitment,1772807087,1,0,0
detzh953,28,lxde1ekn,2,presurvey,AudioCheck,1772807087,1,0,0
detzh953,26,v0vbvjin,3,presurvey,Demographics,1772807087,1,0,0
detzh953,6,dk9sm8su,235,Pay,MyPage,1772807087,1,0,0
detzh953,24,dkxk8pv4,4,presurvey,NeighborhoodInstruction,1772807087,1,0,0
detzh953,29,yxh98q9k,2,presurvey,AudioCheck,1772807087,1,0,0
detzh953,31,1yl037gh,2,presurvey,AudioCheck,1772807087,1,0,0
detzh953,32,g1oerodk,2,presurvey,AudioCheck,1772807088,1,0,0
detzh953,33,fr6lgo7h,2,presurvey,AudioCheck,1772807088,1,0,0
detzh953,30,06x9h2xe,2,presurvey,AudioCheck,1772807088,1,0,0
detzh953,34,brq05fze,2,presurvey,AudioCheck,1772807088,1,0,0
detzh953,35,m5f83q1p,2,presurvey,AudioCheck,1772807088,1,0,0
detzh953,36,tlmed4np,2,presurvey,AudioCheck,1772807088,1,0,0
detzh953,37,74efatce,2,presurvey,AudioCheck,1772807088,1,0,0
detzh953,38,9dzck4tl,2,presurvey,AudioCheck,1772807088,1,0,0
detzh953,22,5gbdftiq,5,presurvey,Training,1772807088,1,0,0
detzh953,39,di93bbre,2,presurvey,AudioCheck,1772807088,1,0,0
detzh953,40,qo2v92em,2,presurvey,AudioCheck,1772807088,1,0,0
detzh953,1,q0xcfi1g,17,mock_N08_N04_Aonly,Nudge,1772810960,1,0,0
detzh953,1,q0xcfi1g,18,mock_N08_N04_Aonly,NudgeTraining,1772810961,1,0,0
detzh953,1,q0xcfi1g,19,mock_N08_N04_Aonly,NudgeTrainingLast,1772810961,1,0,0
detzh953,1,q0xcfi1g,20,mock_N08_N04_Aonly,Phase3,1772810961,1,0,0
detzh953,1,q0xcfi1g,21,mock_N08_N04_Aonly,Discussion,1772810961,1,0,0
detzh953,2,3jkoof5k,17,mock_N08_N04_Aonly,Nudge,1772811004,1,0,0
detzh953,2,3jkoof5k,18,mock_N08_N04_Aonly,NudgeTraining,1772811005,1,0,0
detzh953,2,3jkoof5k,19,mock_N08_N04_Aonly,NudgeTrainingLast,1772811005,1,0,0
detzh953,2,3jkoof5k,20,mock_N08_N04_Aonly,Phase3,1772811005,1,0,0
detzh953,2,3jkoof5k,21,mock_N08_N04_Aonly,Discussion,1772811005,1,0,0
detzh953,3,csmxzone,17,mock_N08_N04_Aonly,Nudge,1772811009,1,0,0
detzh953,3,csmxzone,18,mock_N08_N04_Aonly,NudgeTraining,1772811009,1,0,0
detzh953,3,csmxzone,19,mock_N08_N04_Aonly,NudgeTrainingLast,1772811009,1,0,0
detzh953,3,csmxzone,20,mock_N08_N04_Aonly,Phase3,1772811009,1,0,0
detzh953,3,csmxzone,21,mock_N08_N04_Aonly,Discussion,1772811010,1,0,0
detzh953,4,y8jlmug5,17,mock_N08_N04_Aonly,Nudge,1772811011,1,0,0
detzh953,4,y8jlmug5,18,mock_N08_N04_Aonly,NudgeTraining,1772811011,1,0,0
detzh953,4,y8jlmug5,19,mock_N08_N04_Aonly,NudgeTrainingLast,1772811012,1,0,0
detzh953,4,y8jlmug5,20,mock_N08_N04_Aonly,Phase3,1772811012,1,0,0
detzh953,4,y8jlmug5,21,mock_N08_N04_Aonly,Discussion,1772811012,1,0,0
detzh953,4,y8jlmug5,27,mock_N08_N04_Aonly,DiscussionGRPWaitPage,1772811013,2,0,1
detzh953,2,3jkoof5k,27,mock_N08_N04_Aonly,DiscussionGRPWaitPage,1772811013,2,0,1
detzh953,3,csmxzone,27,mock_N08_N04_Aonly,DiscussionGRPWaitPage,1772811013,2,0,1
detzh953,1,q0xcfi1g,27,mock_N08_N04_Aonly,DiscussionGRPWaitPage,1772811013,2,0,1
detzh953,4,y8jlmug5,32,mock_N08_N04_Aonly,Discussion,1772811014,2,0,0
detzh953,2,3jkoof5k,32,mock_N08_N04_Aonly,Discussion,1772811014,2,0,0
detzh953,3,csmxzone,32,mock_N08_N04_Aonly,Discussion,1772811015,2,0,0
detzh953,1,q0xcfi1g,32,mock_N08_N04_Aonly,Discussion,1772811015,2,0,0
detzh953,4,y8jlmug5,38,mock_N08_N04_Aonly,DiscussionGRPWaitPage,1772811015,3,0,1
detzh953,2,3jkoof5k,38,mock_N08_N04_Aonly,DiscussionGRPWaitPage,1772811015,3,0,1
detzh953,3,csmxzone,38,mock_N08_N04_Aonly,DiscussionGRPWaitPage,1772811015,3,0,1
detzh953,1,q0xcfi1g,38,mock_N08_N04_Aonly,DiscussionGRPWaitPage,1772811015,3,0,1
detzh953,2,3jkoof5k,43,mock_N08_N04_Aonly,Discussion,1772811016,3,0,0
detzh953,3,csmxzone,43,mock_N08_N04_Aonly,Discussion,1772811017,3,0,0
detzh953,1,q0xcfi1g,43,mock_N08_N04_Aonly,Discussion,1772811017,3,0,0
detzh953,4,y8jlmug5,43,mock_N08_N04_Aonly,Discussion,1772811017,3,0,0
detzh953,4,y8jlmug5,49,mock_N08_N04_Aonly,DiscussionGRPWaitPage,1772811018,4,0,1
detzh953,2,3jkoof5k,49,mock_N08_N04_Aonly,DiscussionGRPWaitPage,1772811018,4,0,1
detzh953,3,csmxzone,49,mock_N08_N04_Aonly,DiscussionGRPWaitPage,1772811018,4,0,1
detzh953,1,q0xcfi1g,49,mock_N08_N04_Aonly,DiscussionGRPWaitPage,1772811018,4,0,1
detzh953,2,3jkoof5k,54,mock_N08_N04_Aonly,Discussion,1772811019,4,0,0
detzh953,3,csmxzone,54,mock_N08_N04_Aonly,Discussion,1772811019,4,0,0
detzh953,1,q0xcfi1g,54,mock_N08_N04_Aonly,Discussion,1772811019,4,0,0
detzh953,4,y8jlmug5,54,mock_N08_N04_Aonly,Discussion,1772811019,4,0,0
detzh953,4,y8jlmug5,60,mock_N08_N04_Aonly,DiscussionGRPWaitPage,1772811020,5,0,1
detzh953,2,3jkoof5k,60,mock_N08_N04_Aonly,DiscussionGRPWaitPage,1772811020,5,0,1
detzh953,3,csmxzone,60,mock_N08_N04_Aonly,DiscussionGRPWaitPage,1772811020,5,0,1
detzh953,1,q0xcfi1g,60,mock_N08_N04_Aonly,DiscussionGRPWaitPage,1772811020,5,0,1
detzh953,2,3jkoof5k,65,mock_N08_N04_Aonly,Discussion,1772811021,5,0,0
detzh953,3,csmxzone,65,mock_N08_N04_Aonly,Discussion,1772811021,5,0,0
detzh953,1,q0xcfi1g,65,mock_N08_N04_Aonly,Discussion,1772811021,5,0,0
detzh953,4,y8jlmug5,65,mock_N08_N04_Aonly,Discussion,1772811022,5,0,0
detzh953,2,3jkoof5k,71,mock_N08_N04_Aonly,DiscussionGRPWaitPage,1772811022,6,0,1
detzh953,3,csmxzone,71,mock_N08_N04_Aonly,DiscussionGRPWaitPage,1772811022,6,0,1
detzh953,1,q0xcfi1g,71,mock_N08_N04_Aonly,DiscussionGRPWaitPage,1772811022,6,0,1
detzh953,4,y8jlmug5,71,mock_N08_N04_Aonly,DiscussionGRPWaitPage,1772811022,6,0,1
detzh953,2,3jkoof5k,76,mock_N08_N04_Aonly,Discussion,1772811023,6,0,0
detzh953,3,csmxzone,76,mock_N08_N04_Aonly,Discussion,1772811024,6,0,0
detzh953,1,q0xcfi1g,76,mock_N08_N04_Aonly,Discussion,1772811024,6,0,0
detzh953,4,y8jlmug5,76,mock_N08_N04_Aonly,Discussion,1772811024,6,0,0
detzh953,4,y8jlmug5,82,mock_N08_N04_Aonly,DiscussionGRPWaitPage,1772811025,7,0,1
detzh953,2,3jkoof5k,82,mock_N08_N04_Aonly,DiscussionGRPWaitPage,1772811025,7,0,1
detzh953,3,csmxzone,82,mock_N08_N04_Aonly,DiscussionGRPWaitPage,1772811025,7,0,1
detzh953,1,q0xcfi1g,82,mock_N08_N04_Aonly,DiscussionGRPWaitPage,1772811025,7,0,1
detzh953,2,3jkoof5k,87,mock_N08_N04_Aonly,Discussion,1772811026,7,0,0
detzh953,3,csmxzone,87,mock_N08_N04_Aonly,Discussion,1772811026,7,0,0
detzh953,1,q0xcfi1g,87,mock_N08_N04_Aonly,Discussion,1772811026,7,0,0
detzh953,4,y8jlmug5,87,mock_N08_N04_Aonly,Discussion,1772811026,7,0,0
detzh953,4,y8jlmug5,93,mock_N08_N04_Aonly,DiscussionGRPWaitPage,1772811027,8,0,1
detzh953,2,3jkoof5k,93,mock_N08_N04_Aonly,DiscussionGRPWaitPage,1772811027,8,0,1
detzh953,3,csmxzone,93,mock_N08_N04_Aonly,DiscussionGRPWaitPage,1772811027,8,0,1
detzh953,1,q0xcfi1g,93,mock_N08_N04_Aonly,DiscussionGRPWaitPage,1772811027,8,0,1
detzh953,2,3jkoof5k,98,mock_N08_N04_Aonly,Discussion,1772811028,8,0,0
detzh953,3,csmxzone,98,mock_N08_N04_Aonly,Discussion,1772811028,8,0,0
detzh953,1,q0xcfi1g,98,mock_N08_N04_Aonly,Discussion,1772811028,8,0,0
detzh953,4,y8jlmug5,98,mock_N08_N04_Aonly,Discussion,1772811029,8,0,0
detzh953,1,q0xcfi1g,104,mock_N08_N04_Aonly,DiscussionGRPWaitPage,1772811029,9,0,1
detzh953,4,y8jlmug5,104,mock_N08_N04_Aonly,DiscussionGRPWaitPage,1772811029,9,0,1
detzh953,3,csmxzone,104,mock_N08_N04_Aonly,DiscussionGRPWaitPage,1772811029,9,0,1
detzh953,2,3jkoof5k,104,mock_N08_N04_Aonly,DiscussionGRPWaitPage,1772811029,9,0,1
detzh953,2,3jkoof5k,109,mock_N08_N04_Aonly,Discussion,1772811030,9,0,0
detzh953,3,csmxzone,109,mock_N08_N04_Aonly,Discussion,1772811030,9,0,0
detzh953,1,q0xcfi1g,109,mock_N08_N04_Aonly,Discussion,1772811031,9,0,0
detzh953,4,y8jlmug5,109,mock_N08_N04_Aonly,Discussion,1772811031,9,0,0
detzh953,4,y8jlmug5,115,mock_N08_N04_Aonly,DiscussionGRPWaitPage,1772811031,10,0,1
detzh953,2,3jkoof5k,115,mock_N08_N04_Aonly,DiscussionGRPWaitPage,1772811031,10,0,1
detzh953,3,csmxzone,115,mock_N08_N04_Aonly,DiscussionGRPWaitPage,1772811031,10,0,1
detzh953,1,q0xcfi1g,115,mock_N08_N04_Aonly,DiscussionGRPWaitPage,1772811031,10,0,1
detzh953,2,3jkoof5k,120,mock_N08_N04_Aonly,Discussion,1772811032,10,0,0
detzh953,3,csmxzone,120,mock_N08_N04_Aonly,Discussion,1772811033,10,0,0
detzh953,1,q0xcfi1g,120,mock_N08_N04_Aonly,Discussion,1772811033,10,0,0
detzh953,4,y8jlmug5,120,mock_N08_N04_Aonly,Discussion,1772811033,10,0,0
detzh953,3,csmxzone,126,mock_N08_N04_Aonly,DiscussionGRPWaitPage,1772811034,11,0,1
detzh953,1,q0xcfi1g,126,mock_N08_N04_Aonly,DiscussionGRPWaitPage,1772811034,11,0,1
detzh953,2,3jkoof5k,126,mock_N08_N04_Aonly,DiscussionGRPWaitPage,1772811034,11,0,1
detzh953,4,y8jlmug5,126,mock_N08_N04_Aonly,DiscussionGRPWaitPage,1772811034,11,0,1
detzh953,2,3jkoof5k,131,mock_N08_N04_Aonly,Discussion,1772811035,11,0,0
detzh953,3,csmxzone,131,mock_N08_N04_Aonly,Discussion,1772811035,11,0,0
detzh953,1,q0xcfi1g,131,mock_N08_N04_Aonly,Discussion,1772811035,11,0,0
detzh953,4,y8jlmug5,131,mock_N08_N04_Aonly,Discussion,1772811035,11,0,0
detzh953,1,q0xcfi1g,137,mock_N08_N04_Aonly,DiscussionGRPWaitPage,1772811036,12,0,1
detzh953,4,y8jlmug5,137,mock_N08_N04_Aonly,DiscussionGRPWaitPage,1772811036,12,0,1
detzh953,2,3jkoof5k,137,mock_N08_N04_Aonly,DiscussionGRPWaitPage,1772811036,12,0,1
detzh953,3,csmxzone,137,mock_N08_N04_Aonly,DiscussionGRPWaitPage,1772811036,12,0,1
detzh953,2,3jkoof5k,142,mock_N08_N04_Aonly,Discussion,1772811037,12,0,0
detzh953,3,csmxzone,142,mock_N08_N04_Aonly,Discussion,1772811037,12,0,0
detzh953,1,q0xcfi1g,142,mock_N08_N04_Aonly,Discussion,1772811038,12,0,0
detzh953,4,y8jlmug5,142,mock_N08_N04_Aonly,Discussion,1772811038,12,0,0
detzh953,4,y8jlmug5,148,mock_N08_N04_Aonly,DiscussionGRPWaitPage,1772811038,13,0,1
detzh953,2,3jkoof5k,148,mock_N08_N04_Aonly,DiscussionGRPWaitPage,1772811038,13,0,1
detzh953,3,csmxzone,148,mock_N08_N04_Aonly,DiscussionGRPWaitPage,1772811038,13,0,1
detzh953,1,q0xcfi1g,148,mock_N08_N04_Aonly,DiscussionGRPWaitPage,1772811038,13,0,1
detzh953,2,3jkoof5k,153,mock_N08_N04_Aonly,Discussion,1772811039,13,0,0
detzh953,3,csmxzone,153,mock_N08_N04_Aonly,Discussion,1772811040,13,0,0
detzh953,1,q0xcfi1g,153,mock_N08_N04_Aonly,Discussion,1772811040,13,0,0
detzh953,4,y8jlmug5,153,mock_N08_N04_Aonly,Discussion,1772811040,13,0,0
detzh953,4,y8jlmug5,159,mock_N08_N04_Aonly,DiscussionGRPWaitPage,1772811041,14,0,1
detzh953,2,3jkoof5k,159,mock_N08_N04_Aonly,DiscussionGRPWaitPage,1772811041,14,0,1
detzh953,3,csmxzone,159,mock_N08_N04_Aonly,DiscussionGRPWaitPage,1772811041,14,0,1
detzh953,1,q0xcfi1g,159,mock_N08_N04_Aonly,DiscussionGRPWaitPage,1772811041,14,0,1
detzh953,2,3jkoof5k,164,mock_N08_N04_Aonly,Discussion,1772811041,14,0,0
detzh953,3,csmxzone,164,mock_N08_N04_Aonly,Discussion,1772811042,14,0,0
detzh953,1,q0xcfi1g,164,mock_N08_N04_Aonly,Discussion,1772811042,14,0,0
detzh953,4,y8jlmug5,164,mock_N08_N04_Aonly,Discussion,1772811042,14,0,0
detzh953,1,q0xcfi1g,170,mock_N08_N04_Aonly,DiscussionGRPWaitPage,1772811042,15,0,1
detzh953,4,y8jlmug5,170,mock_N08_N04_Aonly,DiscussionGRPWaitPage,1772811042,15,0,1
detzh953,2,3jkoof5k,170,mock_N08_N04_Aonly,DiscussionGRPWaitPage,1772811042,15,0,1
detzh953,3,csmxzone,170,mock_N08_N04_Aonly,DiscussionGRPWaitPage,1772811042,15,0,1
detzh953,2,3jkoof5k,175,mock_N08_N04_Aonly,Discussion,1772811043,15,0,0
detzh953,3,csmxzone,175,mock_N08_N04_Aonly,Discussion,1772811043,15,0,0
detzh953,1,q0xcfi1g,175,mock_N08_N04_Aonly,Discussion,1772811043,15,0,0
detzh953,4,y8jlmug5,175,mock_N08_N04_Aonly,Discussion,1772811044,15,0,0
detzh953,4,y8jlmug5,181,mock_N08_N04_Aonly,DiscussionGRPWaitPage,1772811044,16,0,1
detzh953,2,3jkoof5k,181,mock_N08_N04_Aonly,DiscussionGRPWaitPage,1772811044,16,0,1
detzh953,3,csmxzone,181,mock_N08_N04_Aonly,DiscussionGRPWaitPage,1772811044,16,0,1
detzh953,1,q0xcfi1g,181,mock_N08_N04_Aonly,DiscussionGRPWaitPage,1772811044,16,0,1
detzh953,2,3jkoof5k,186,mock_N08_N04_Aonly,Discussion,1772811045,16,0,0
detzh953,3,csmxzone,186,mock_N08_N04_Aonly,Discussion,1772811045,16,0,0
detzh953,1,q0xcfi1g,186,mock_N08_N04_Aonly,Discussion,1772811046,16,0,0
detzh953,4,y8jlmug5,186,mock_N08_N04_Aonly,Discussion,1772811046,16,0,0
detzh953,3,csmxzone,192,mock_N08_N04_Aonly,DiscussionGRPWaitPage,1772811046,17,0,1
detzh953,4,y8jlmug5,192,mock_N08_N04_Aonly,DiscussionGRPWaitPage,1772811046,17,0,1
detzh953,2,3jkoof5k,192,mock_N08_N04_Aonly,DiscussionGRPWaitPage,1772811046,17,0,1
detzh953,1,q0xcfi1g,192,mock_N08_N04_Aonly,DiscussionGRPWaitPage,1772811046,17,0,1
detzh953,2,3jkoof5k,197,mock_N08_N04_Aonly,Discussion,1772811047,17,0,0
detzh953,3,csmxzone,197,mock_N08_N04_Aonly,Discussion,1772811047,17,0,0
detzh953,1,q0xcfi1g,197,mock_N08_N04_Aonly,Discussion,1772811047,17,0,0
detzh953,4,y8jlmug5,197,mock_N08_N04_Aonly,Discussion,1772811048,17,0,0
detzh953,4,y8jlmug5,203,mock_N08_N04_Aonly,DiscussionGRPWaitPage,1772811048,18,0,1
detzh953,2,3jkoof5k,203,mock_N08_N04_Aonly,DiscussionGRPWaitPage,1772811048,18,0,1
detzh953,3,csmxzone,203,mock_N08_N04_Aonly,DiscussionGRPWaitPage,1772811048,18,0,1
detzh953,1,q0xcfi1g,203,mock_N08_N04_Aonly,DiscussionGRPWaitPage,1772811048,18,0,1
detzh953,2,3jkoof5k,208,mock_N08_N04_Aonly,Discussion,1772811049,18,0,0
detzh953,3,csmxzone,208,mock_N08_N04_Aonly,Discussion,1772811049,18,0,0
qabwue95,1,6vaslj72,0,,InitializeParticipant,1772917248,1,0,0
qabwue95,2,bp44q7fq,0,,InitializeParticipant,1772917274,1,0,0
qabwue95,1,6vaslj72,1,presurvey,Introduction,1772917275,1,0,0
qabwue95,2,bp44q7fq,1,presurvey,Introduction,1772917277,1,0,0
qabwue95,3,noe4scie,0,,InitializeParticipant,1772917279,1,0,0
qabwue95,2,bp44q7fq,2,presurvey,AudioCheck,1772917290,1,0,0
qabwue95,1,6vaslj72,2,presurvey,AudioCheck,1772917294,1,0,0
qabwue95,2,bp44q7fq,3,presurvey,Demographics,1772917299,1,0,0
qabwue95,3,noe4scie,1,presurvey,Introduction,1772917301,1,0,0
qabwue95,1,6vaslj72,3,presurvey,Demographics,1772917306,1,0,0
qabwue95,3,noe4scie,2,presurvey,AudioCheck,1772917310,1,0,0
qabwue95,2,bp44q7fq,4,presurvey,NeighborhoodInstruction,1772917310,1,0,0
qabwue95,4,fvfjp27u,0,,InitializeParticipant,1772917310,1,0,0
qabwue95,2,bp44q7fq,5,presurvey,Training,1772917321,1,0,0
qabwue95,5,lgvioc7u,0,,InitializeParticipant,1772917325,1,0,0
qabwue95,3,noe4scie,3,presurvey,Demographics,1772917325,1,0,0
qabwue95,6,7eeb1hya,0,,InitializeParticipant,1772917327,1,0,0
qabwue95,7,zud4fkqg,0,,InitializeParticipant,1772917331,1,0,0
qabwue95,4,fvfjp27u,1,presurvey,Introduction,1772917333,1,0,0
qabwue95,3,noe4scie,4,presurvey,NeighborhoodInstruction,1772917334,1,0,0
qabwue95,7,zud4fkqg,1,presurvey,Introduction,1772917336,1,0,0
qabwue95,5,lgvioc7u,1,presurvey,Introduction,1772917338,1,0,0
qabwue95,2,bp44q7fq,6,presurvey,TrainingNeighbor_1,1772917341,1,0,0
qabwue95,1,6vaslj72,4,presurvey,NeighborhoodInstruction,1772917342,1,0,0
qabwue95,8,8g3rej37,0,,InitializeParticipant,1772917342,1,0,0
qabwue95,2,bp44q7fq,10,presurvey,ExperimentInstruction,1772917346,1,0,0
qabwue95,8,8g3rej37,1,presurvey,Introduction,1772917350,1,0,0
qabwue95,7,zud4fkqg,2,presurvey,AudioCheck,1772917350,1,0,0
qabwue95,4,fvfjp27u,2,presurvey,AudioCheck,1772917353,1,0,0
qabwue95,3,noe4scie,5,presurvey,Training,1772917354,1,0,0
qabwue95,2,bp44q7fq,11,presurvey,Scenario,1772917356,1,0,0
qabwue95,9,rcjlxm4b,0,,InitializeParticipant,1772917357,1,0,0
qabwue95,7,zud4fkqg,3,presurvey,Demographics,1772917362,1,0,0
qabwue95,10,rv2c8fta,0,,InitializeParticipant,1772917364,1,0,0
qabwue95,5,lgvioc7u,2,presurvey,AudioCheck,1772917365,1,0,0
qabwue95,10,rv2c8fta,1,presurvey,Introduction,1772917368,1,0,0
qabwue95,8,8g3rej37,2,presurvey,AudioCheck,1772917369,1,0,0
qabwue95,4,fvfjp27u,3,presurvey,Demographics,1772917370,1,0,0
qabwue95,7,zud4fkqg,4,presurvey,NeighborhoodInstruction,1772917371,1,0,0
qabwue95,2,bp44q7fq,12,presurvey,Commitment,1772917376,1,0,0
qabwue95,11,2bn5gray,0,,InitializeParticipant,1772917377,1,0,0
qabwue95,1,6vaslj72,5,presurvey,Training,1772917378,1,0,0
qabwue95,10,rv2c8fta,2,presurvey,AudioCheck,1772917380,1,0,0
qabwue95,5,lgvioc7u,3,presurvey,Demographics,1772917383,1,0,0
qabwue95,8,8g3rej37,3,presurvey,Demographics,1772917383,1,0,0
qabwue95,12,2wdnh6ha,0,,InitializeParticipant,1772917384,1,0,0
qabwue95,4,fvfjp27u,4,presurvey,NeighborhoodInstruction,1772917388,1,0,0
qabwue95,13,d7xwr2zj,0,,InitializeParticipant,1772917390,1,0,0
qabwue95,8,8g3rej37,4,presurvey,NeighborhoodInstruction,1772917392,1,0,0
qabwue95,14,964202x1,0,,InitializeParticipant,1772917393,1,0,0
qabwue95,3,noe4scie,6,presurvey,TrainingNeighbor_1,1772917394,1,0,0
qabwue95,10,rv2c8fta,3,presurvey,Demographics,1772917394,1,0,0
qabwue95,5,lgvioc7u,4,presurvey,NeighborhoodInstruction,1772917394,1,0,0
qabwue95,12,2wdnh6ha,1,presurvey,Introduction,1772917398,1,0,0
qabwue95,11,2bn5gray,1,presurvey,Introduction,1772917401,1,0,0
qabwue95,13,d7xwr2zj,1,presurvey,Introduction,1772917406,1,0,0
qabwue95,8,8g3rej37,5,presurvey,Training,1772917407,1,0,0
qabwue95,15,zevqc7nc,0,,InitializeParticipant,1772917408,1,0,0
qabwue95,6,7eeb1hya,1,presurvey,Introduction,1772917409,1,0,0
qabwue95,9,rcjlxm4b,1,presurvey,Introduction,1772917415,1,0,0
qabwue95,3,noe4scie,7,presurvey,TrainingNeighbor_2,1772917415,1,0,0
qabwue95,7,zud4fkqg,5,presurvey,Training,1772917415,1,0,0
qabwue95,4,fvfjp27u,5,presurvey,Training,1772917415,1,0,0
qabwue95,11,2bn5gray,2,presurvey,AudioCheck,1772917415,1,0,0
qabwue95,12,2wdnh6ha,2,presurvey,AudioCheck,1772917417,1,0,0
qabwue95,15,zevqc7nc,1,presurvey,Introduction,1772917420,1,0,0
qabwue95,16,3yv708gu,0,,InitializeParticipant,1772917423,1,0,0
qabwue95,14,964202x1,1,presurvey,Introduction,1772917425,1,0,0
qabwue95,17,clmlo1qv,0,,InitializeParticipant,1772917425,1,0,0
qabwue95,3,noe4scie,10,presurvey,ExperimentInstruction,1772917425,1,0,0
qabwue95,12,2wdnh6ha,3,presurvey,Demographics,1772917425,1,0,0
qabwue95,11,2bn5gray,3,presurvey,Demographics,1772917428,1,0,0
qabwue95,17,clmlo1qv,1,presurvey,Introduction,1772917428,1,0,0
qabwue95,1,6vaslj72,6,presurvey,TrainingNeighbor_1,1772917431,1,0,0
qabwue95,9,rcjlxm4b,2,presurvey,AudioCheck,1772917433,1,0,0
qabwue95,12,2wdnh6ha,4,presurvey,NeighborhoodInstruction,1772917434,1,0,0
qabwue95,8,8g3rej37,6,presurvey,TrainingNeighbor_1,1772917439,1,0,0
qabwue95,4,fvfjp27u,6,presurvey,TrainingNeighbor_1,1772917440,1,0,0
qabwue95,7,zud4fkqg,6,presurvey,TrainingNeighbor_1,1772917441,1,0,0
qabwue95,17,clmlo1qv,2,presurvey,AudioCheck,1772917441,1,0,0
qabwue95,11,2bn5gray,4,presurvey,NeighborhoodInstruction,1772917442,1,0,0
qabwue95,16,3yv708gu,1,presurvey,Introduction,1772917442,1,0,0
qabwue95,5,lgvioc7u,5,presurvey,Training,1772917445,1,0,0
qabwue95,4,fvfjp27u,10,presurvey,ExperimentInstruction,1772917446,1,0,0
qabwue95,8,8g3rej37,10,presurvey,ExperimentInstruction,1772917446,1,0,0
qabwue95,13,d7xwr2zj,2,presurvey,AudioCheck,1772917447,1,0,0
qabwue95,1,6vaslj72,10,presurvey,ExperimentInstruction,1772917447,1,0,0
qabwue95,15,zevqc7nc,2,presurvey,AudioCheck,1772917448,1,0,0
qabwue95,7,zud4fkqg,7,presurvey,TrainingNeighbor_2,1772917448,1,0,0
qabwue95,14,964202x1,2,presurvey,AudioCheck,1772917450,1,0,0
qabwue95,17,clmlo1qv,3,presurvey,Demographics,1772917451,1,0,0
qabwue95,7,zud4fkqg,10,presurvey,ExperimentInstruction,1772917451,1,0,0
qabwue95,9,rcjlxm4b,3,presurvey,Demographics,1772917452,1,0,0
qabwue95,17,clmlo1qv,4,presurvey,NeighborhoodInstruction,1772917454,1,0,0
qabwue95,3,noe4scie,11,presurvey,Scenario,1772917456,1,0,0
qabwue95,8,8g3rej37,11,presurvey,Scenario,1772917456,1,0,0
qabwue95,17,clmlo1qv,5,presurvey,Training,1772917460,1,0,0
qabwue95,15,zevqc7nc,3,presurvey,Demographics,1772917462,1,0,0
qabwue95,18,z3usyrlh,0,,InitializeParticipant,1772917462,1,0,0
qabwue95,14,964202x1,3,presurvey,Demographics,1772917466,1,0,0
qabwue95,19,6ol136kx,0,,InitializeParticipant,1772917466,1,0,0
qabwue95,12,2wdnh6ha,5,presurvey,Training,1772917470,1,0,0
qabwue95,4,fvfjp27u,11,presurvey,Scenario,1772917470,1,0,0
qabwue95,18,z3usyrlh,1,presurvey,Introduction,1772917472,1,0,0
qabwue95,19,6ol136kx,1,presurvey,Introduction,1772917473,1,0,0
qabwue95,20,g5x5lrcp,0,,InitializeParticipant,1772917475,1,0,0
qabwue95,7,zud4fkqg,11,presurvey,Scenario,1772917475,1,0,0
qabwue95,14,964202x1,4,presurvey,NeighborhoodInstruction,1772917477,1,0,0
qabwue95,21,3eufkx93,0,,InitializeParticipant,1772917478,1,0,0
qabwue95,8,8g3rej37,12,presurvey,Commitment,1772917479,1,0,0
qabwue95,9,rcjlxm4b,4,presurvey,NeighborhoodInstruction,1772917481,1,0,0
qabwue95,21,3eufkx93,1,presurvey,Introduction,1772917484,1,0,0
qabwue95,1,6vaslj72,11,presurvey,Scenario,1772917484,1,0,0
qabwue95,3,noe4scie,12,presurvey,Commitment,1772917492,1,0,0
qabwue95,11,2bn5gray,5,presurvey,Training,1772917494,1,0,0
qabwue95,17,clmlo1qv,6,presurvey,TrainingNeighbor_1,1772917495,1,0,0
qabwue95,19,6ol136kx,2,presurvey,AudioCheck,1772917495,1,0,0
qabwue95,22,wnf4vgmv,0,,InitializeParticipant,1772917496,1,0,0
qabwue95,15,zevqc7nc,4,presurvey,NeighborhoodInstruction,1772917497,1,0,0
qabwue95,17,clmlo1qv,10,presurvey,ExperimentInstruction,1772917498,1,0,0
qabwue95,16,3yv708gu,2,presurvey,AudioCheck,1772917498,1,0,0
qabwue95,13,d7xwr2zj,3,presurvey,Demographics,1772917501,1,0,0
qabwue95,18,z3usyrlh,2,presurvey,AudioCheck,1772917502,1,0,0
qabwue95,12,2wdnh6ha,6,presurvey,TrainingNeighbor_1,1772917505,1,0,0
qabwue95,14,964202x1,5,presurvey,Training,1772917505,1,0,0
qabwue95,5,lgvioc7u,6,presurvey,TrainingNeighbor_1,1772917507,1,0,0
qabwue95,7,zud4fkqg,12,presurvey,Commitment,1772917508,1,0,0
qabwue95,19,6ol136kx,3,presurvey,Demographics,1772917510,1,0,0
qabwue95,16,3yv708gu,3,presurvey,Demographics,1772917511,1,0,0
qabwue95,17,clmlo1qv,11,presurvey,Scenario,1772917511,1,0,0
qabwue95,20,g5x5lrcp,1,presurvey,Introduction,1772917517,1,0,0
qabwue95,21,3eufkx93,2,presurvey,AudioCheck,1772917517,1,0,0
qabwue95,19,6ol136kx,4,presurvey,NeighborhoodInstruction,1772917517,1,0,0
qabwue95,4,fvfjp27u,12,presurvey,Commitment,1772917520,1,0,0
qabwue95,15,zevqc7nc,5,presurvey,Training,1772917520,1,0,0
qabwue95,5,lgvioc7u,10,presurvey,ExperimentInstruction,1772917522,1,0,0
qabwue95,18,z3usyrlh,3,presurvey,Demographics,1772917523,1,0,0
qabwue95,23,xmxe7cb5,0,,InitializeParticipant,1772917529,1,0,0
qabwue95,24,i0m86jmx,0,,InitializeParticipant,1772917531,1,0,0
qabwue95,23,xmxe7cb5,1,presurvey,Introduction,1772917532,1,0,0
qabwue95,25,l6p41yuh,0,,InitializeParticipant,1772917537,1,0,0
qabwue95,11,2bn5gray,6,presurvey,TrainingNeighbor_1,1772917539,1,0,0
qabwue95,19,6ol136kx,5,presurvey,Training,1772917540,1,0,0
qabwue95,26,7ewhvjxk,0,,InitializeParticipant,1772917541,1,0,0
qabwue95,20,g5x5lrcp,2,presurvey,AudioCheck,1772917541,1,0,0
qabwue95,1,6vaslj72,12,presurvey,Commitment,1772917542,1,0,0
qabwue95,27,yieq8wyr,0,,InitializeParticipant,1772917544,1,0,0
qabwue95,12,2wdnh6ha,7,presurvey,TrainingNeighbor_2,1772917544,1,0,0
qabwue95,13,d7xwr2zj,4,presurvey,NeighborhoodInstruction,1772917544,1,0,0
qabwue95,21,3eufkx93,3,presurvey,Demographics,1772917545,1,0,0
qabwue95,16,3yv708gu,4,presurvey,NeighborhoodInstruction,1772917546,1,0,0
qabwue95,26,7ewhvjxk,1,presurvey,Introduction,1772917546,1,0,0
qabwue95,24,i0m86jmx,1,presurvey,Introduction,1772917548,1,0,0
qabwue95,21,3eufkx93,4,presurvey,NeighborhoodInstruction,1772917551,1,0,0
qabwue95,12,2wdnh6ha,10,presurvey,ExperimentInstruction,1772917551,1,0,0
qabwue95,23,xmxe7cb5,2,presurvey,AudioCheck,1772917551,1,0,0
qabwue95,20,g5x5lrcp,3,presurvey,Demographics,1772917552,1,0,0
qabwue95,11,2bn5gray,10,presurvey,ExperimentInstruction,1772917555,1,0,0
qabwue95,22,wnf4vgmv,1,presurvey,Introduction,1772917556,1,0,0
qabwue95,18,z3usyrlh,4,presurvey,NeighborhoodInstruction,1772917557,1,0,0
qabwue95,28,d420p1zn,0,,InitializeParticipant,1772917559,1,0,0
qabwue95,21,3eufkx93,5,presurvey,Training,1772917559,1,0,0
qabwue95,23,xmxe7cb5,3,presurvey,Demographics,1772917560,1,0,0
qabwue95,27,yieq8wyr,1,presurvey,Introduction,1772917563,1,0,0
qabwue95,23,xmxe7cb5,4,presurvey,NeighborhoodInstruction,1772917569,1,0,0
qabwue95,19,6ol136kx,6,presurvey,TrainingNeighbor_1,1772917571,1,0,0
qabwue95,15,zevqc7nc,6,presurvey,TrainingNeighbor_1,1772917571,1,0,0
qabwue95,20,g5x5lrcp,4,presurvey,NeighborhoodInstruction,1772917572,1,0,0
qabwue95,28,d420p1zn,1,presurvey,Introduction,1772917573,1,0,0
qabwue95,14,964202x1,6,presurvey,TrainingNeighbor_1,1772917573,1,0,0
qabwue95,26,7ewhvjxk,2,presurvey,AudioCheck,1772917574,1,0,0
qabwue95,16,3yv708gu,5,presurvey,Training,1772917574,1,0,0
qabwue95,12,2wdnh6ha,11,presurvey,Scenario,1772917576,1,0,0
qabwue95,19,6ol136kx,10,presurvey,ExperimentInstruction,1772917581,1,0,0
qabwue95,5,lgvioc7u,11,presurvey,Scenario,1772917581,1,0,0
qabwue95,28,d420p1zn,2,presurvey,AudioCheck,1772917581,1,0,0
qabwue95,23,xmxe7cb5,5,presurvey,Training,1772917581,1,0,0
qabwue95,22,wnf4vgmv,2,presurvey,AudioCheck,1772917582,1,0,0
qabwue95,27,yieq8wyr,2,presurvey,AudioCheck,1772917584,1,0,0
qabwue95,14,964202x1,10,presurvey,ExperimentInstruction,1772917584,1,0,0
qabwue95,9,rcjlxm4b,5,presurvey,Training,1772917585,1,0,0
qabwue95,29,jnfxlqli,0,,InitializeParticipant,1772917586,1,0,0
qabwue95,11,2bn5gray,11,presurvey,Scenario,1772917588,1,0,0
qabwue95,28,d420p1zn,3,presurvey,Demographics,1772917590,1,0,0
qabwue95,29,jnfxlqli,1,presurvey,Introduction,1772917592,1,0,0
qabwue95,20,g5x5lrcp,5,presurvey,Training,1772917593,1,0,0
qabwue95,22,wnf4vgmv,3,presurvey,Demographics,1772917594,1,0,0
qabwue95,15,zevqc7nc,7,presurvey,TrainingNeighbor_2,1772917595,1,0,0
qabwue95,23,xmxe7cb5,6,presurvey,TrainingNeighbor_1,1772917596,1,0,0
qabwue95,18,z3usyrlh,5,presurvey,Training,1772917598,1,0,0
qabwue95,19,6ol136kx,11,presurvey,Scenario,1772917600,1,0,0
qabwue95,23,xmxe7cb5,10,presurvey,ExperimentInstruction,1772917603,1,0,0
qabwue95,27,yieq8wyr,3,presurvey,Demographics,1772917603,1,0,0
qabwue95,28,d420p1zn,4,presurvey,NeighborhoodInstruction,1772917605,1,0,0
qabwue95,15,zevqc7nc,10,presurvey,ExperimentInstruction,1772917605,1,0,0
qabwue95,22,wnf4vgmv,4,presurvey,NeighborhoodInstruction,1772917607,1,0,0
qabwue95,25,l6p41yuh,1,presurvey,Introduction,1772917608,1,0,0
qabwue95,16,3yv708gu,6,presurvey,TrainingNeighbor_1,1772917608,1,0,0
qabwue95,21,3eufkx93,6,presurvey,TrainingNeighbor_1,1772917613,1,0,0
qabwue95,14,964202x1,11,presurvey,Scenario,1772917617,1,0,0
qabwue95,24,i0m86jmx,2,presurvey,AudioCheck,1772917619,1,0,0
qabwue95,19,6ol136kx,12,presurvey,Commitment,1772917622,1,0,0
qabwue95,21,3eufkx93,7,presurvey,TrainingNeighbor_2,1772917624,1,0,0
qabwue95,20,g5x5lrcp,6,presurvey,TrainingNeighbor_1,1772917625,1,0,0
qabwue95,5,lgvioc7u,12,presurvey,Commitment,1772917627,1,0,0
qabwue95,23,xmxe7cb5,11,presurvey,Scenario,1772917629,1,0,0
qabwue95,20,g5x5lrcp,10,presurvey,ExperimentInstruction,1772917631,1,0,0
qabwue95,21,3eufkx93,10,presurvey,ExperimentInstruction,1772917632,1,0,0
qabwue95,29,jnfxlqli,2,presurvey,AudioCheck,1772917636,1,0,0
qabwue95,28,d420p1zn,5,presurvey,Training,1772917636,1,0,0
qabwue95,22,wnf4vgmv,5,presurvey,Training,1772917638,1,0,0
qabwue95,15,zevqc7nc,11,presurvey,Scenario,1772917638,1,0,0
qabwue95,11,2bn5gray,12,presurvey,Commitment,1772917639,1,0,0
qabwue95,27,yieq8wyr,4,presurvey,NeighborhoodInstruction,1772917640,1,0,0
qabwue95,23,xmxe7cb5,12,presurvey,Commitment,1772917644,1,0,0
qabwue95,13,d7xwr2zj,5,presurvey,Training,1772917645,1,0,0
qabwue95,10,rv2c8fta,4,presurvey,NeighborhoodInstruction,1772917646,1,0,0
qabwue95,29,jnfxlqli,3,presurvey,Demographics,1772917648,1,0,0
qabwue95,24,i0m86jmx,3,presurvey,Demographics,1772917655,1,0,0
qabwue95,26,7ewhvjxk,3,presurvey,Demographics,1772917659,1,0,0
qabwue95,21,3eufkx93,11,presurvey,Scenario,1772917660,1,0,0
qabwue95,10,rv2c8fta,5,presurvey,Training,1772917660,1,0,0
qabwue95,14,964202x1,12,presurvey,Commitment,1772917661,1,0,0
qabwue95,25,l6p41yuh,2,presurvey,AudioCheck,1772917663,1,0,0
qabwue95,27,yieq8wyr,5,presurvey,Training,1772917667,1,0,0
qabwue95,18,z3usyrlh,6,presurvey,TrainingNeighbor_1,1772917668,1,0,0
qabwue95,9,rcjlxm4b,6,presurvey,TrainingNeighbor_1,1772917669,1,0,0
qabwue95,29,jnfxlqli,4,presurvey,NeighborhoodInstruction,1772917676,1,0,0
qabwue95,10,rv2c8fta,6,presurvey,TrainingNeighbor_1,1772917676,1,0,0
qabwue95,22,wnf4vgmv,6,presurvey,TrainingNeighbor_1,1772917676,1,0,0
qabwue95,18,z3usyrlh,10,presurvey,ExperimentInstruction,1772917677,1,0,0
qabwue95,10,rv2c8fta,10,presurvey,ExperimentInstruction,1772917680,1,0,0
qabwue95,15,zevqc7nc,12,presurvey,Commitment,1772917681,1,0,0
qabwue95,22,wnf4vgmv,10,presurvey,ExperimentInstruction,1772917683,1,0,0
qabwue95,20,g5x5lrcp,11,presurvey,Scenario,1772917684,1,0,0
qabwue95,24,i0m86jmx,4,presurvey,NeighborhoodInstruction,1772917688,1,0,0
qabwue95,25,l6p41yuh,3,presurvey,Demographics,1772917692,1,0,0
qabwue95,10,rv2c8fta,11,presurvey,Scenario,1772917693,1,0,0
qabwue95,28,d420p1zn,6,presurvey,TrainingNeighbor_1,1772917699,1,0,0
qabwue95,29,jnfxlqli,5,presurvey,Training,1772917700,1,0,0
qabwue95,9,rcjlxm4b,10,presurvey,ExperimentInstruction,1772917702,1,0,0
qabwue95,28,d420p1zn,10,presurvey,ExperimentInstruction,1772917703,1,0,0
qabwue95,22,wnf4vgmv,11,presurvey,Scenario,1772917707,1,0,0
qabwue95,28,d420p1zn,11,presurvey,Scenario,1772917722,1,0,0
qabwue95,29,jnfxlqli,6,presurvey,TrainingNeighbor_1,1772917722,1,0,0
qabwue95,18,z3usyrlh,11,presurvey,Scenario,1772917724,1,0,0
qabwue95,13,d7xwr2zj,6,presurvey,TrainingNeighbor_1,1772917726,1,0,0
qabwue95,25,l6p41yuh,4,presurvey,NeighborhoodInstruction,1772917727,1,0,0
qabwue95,24,i0m86jmx,5,presurvey,Training,1772917730,1,0,0
qabwue95,27,yieq8wyr,6,presurvey,TrainingNeighbor_1,1772917731,1,0,0
qabwue95,21,3eufkx93,12,presurvey,Commitment,1772917734,1,0,0
qabwue95,20,g5x5lrcp,12,presurvey,Commitment,1772917737,1,0,0
qabwue95,29,jnfxlqli,10,presurvey,ExperimentInstruction,1772917739,1,0,0
qabwue95,22,wnf4vgmv,12,presurvey,Commitment,1772917739,1,0,0
qabwue95,13,d7xwr2zj,10,presurvey,ExperimentInstruction,1772917742,1,0,0
qabwue95,27,yieq8wyr,10,presurvey,ExperimentInstruction,1772917743,1,0,0
qabwue95,28,d420p1zn,12,presurvey,Commitment,1772917745,1,0,0
qabwue95,29,jnfxlqli,11,presurvey,Scenario,1772917765,1,0,0
qabwue95,24,i0m86jmx,6,presurvey,TrainingNeighbor_1,1772917768,1,0,0
qabwue95,27,yieq8wyr,11,presurvey,Scenario,1772917769,1,0,0
qabwue95,16,3yv708gu,7,presurvey,TrainingNeighbor_2,1772917776,1,0,0
qabwue95,16,3yv708gu,10,presurvey,ExperimentInstruction,1772917782,1,0,0
qabwue95,24,i0m86jmx,10,presurvey,ExperimentInstruction,1772917784,1,0,0
qabwue95,9,rcjlxm4b,11,presurvey,Scenario,1772917784,1,0,0
qabwue95,18,z3usyrlh,12,presurvey,Commitment,1772917788,1,0,0
qabwue95,29,jnfxlqli,12,presurvey,Commitment,1772917791,1,0,0
qabwue95,13,d7xwr2zj,11,presurvey,Scenario,1772917797,1,0,0
qabwue95,27,yieq8wyr,12,presurvey,Commitment,1772917813,1,0,0
qabwue95,16,3yv708gu,11,presurvey,Scenario,1772917815,1,0,0
qabwue95,25,l6p41yuh,5,presurvey,Training,1772917837,1,0,0
qabwue95,16,3yv708gu,12,presurvey,Commitment,1772917858,1,0,0
qabwue95,13,d7xwr2zj,12,presurvey,Commitment,1772917866,1,0,0
qabwue95,24,i0m86jmx,11,presurvey,Scenario,1772917882,1,0,0
qabwue95,9,rcjlxm4b,12,presurvey,Commitment,1772917889,1,0,0
qabwue95,25,l6p41yuh,6,presurvey,TrainingNeighbor_1,1772917920,1,0,0
qabwue95,25,l6p41yuh,10,presurvey,ExperimentInstruction,1772917948,1,0,0
qabwue95,26,7ewhvjxk,4,presurvey,NeighborhoodInstruction,1772917987,1,0,0
qabwue95,30,j5s1gk99,0,,InitializeParticipant,1772918023,1,0,0
qabwue95,30,j5s1gk99,1,presurvey,Introduction,1772918046,1,0,0
qabwue95,30,j5s1gk99,2,presurvey,AudioCheck,1772918076,1,0,0
qabwue95,30,j5s1gk99,3,presurvey,Demographics,1772918093,1,0,0
qabwue95,30,j5s1gk99,4,presurvey,NeighborhoodInstruction,1772918109,1,0,0
qabwue95,31,7teov5gp,0,,InitializeParticipant,1772918138,1,0,0
qabwue95,31,7teov5gp,1,presurvey,Introduction,1772918142,1,0,0
qabwue95,30,j5s1gk99,5,presurvey,Training,1772918149,1,0,0
qabwue95,31,7teov5gp,2,presurvey,AudioCheck,1772918159,1,0,0
qabwue95,31,7teov5gp,3,presurvey,Demographics,1772918172,1,0,0
qabwue95,31,7teov5gp,4,presurvey,NeighborhoodInstruction,1772918184,1,0,0
qabwue95,31,7teov5gp,5,presurvey,Training,1772918221,1,0,0
qabwue95,25,l6p41yuh,11,presurvey,Scenario,1772918222,1,0,0
qabwue95,30,j5s1gk99,6,presurvey,TrainingNeighbor_1,1772918240,1,0,0
qabwue95,31,7teov5gp,6,presurvey,TrainingNeighbor_1,1772918254,1,0,0
qabwue95,31,7teov5gp,10,presurvey,ExperimentInstruction,1772918266,1,0,0
qabwue95,30,j5s1gk99,7,presurvey,TrainingNeighbor_2,1772918271,1,0,0
qabwue95,30,j5s1gk99,10,presurvey,ExperimentInstruction,1772918284,1,0,0
qabwue95,31,7teov5gp,11,presurvey,Scenario,1772918294,1,0,0
qabwue95,26,7ewhvjxk,5,presurvey,Training,1772918305,1,0,0
qabwue95,30,j5s1gk99,11,presurvey,Scenario,1772918310,1,0,0
qabwue95,30,j5s1gk99,12,presurvey,Commitment,1772918381,1,0,0
qabwue95,32,mevnsbuc,0,,InitializeParticipant,1772918415,1,0,0
qabwue95,32,mevnsbuc,1,presurvey,Introduction,1772918451,1,0,0
qabwue95,26,7ewhvjxk,6,presurvey,TrainingNeighbor_1,1772918488,1,0,0
qabwue95,32,mevnsbuc,2,presurvey,AudioCheck,1772918490,1,0,0
qabwue95,26,7ewhvjxk,7,presurvey,TrainingNeighbor_2,1772918512,1,0,0
qabwue95,32,mevnsbuc,3,presurvey,Demographics,1772918526,1,0,0
qabwue95,26,7ewhvjxk,8,presurvey,AttentionCheck,1772918533,1,0,0
qabwue95,26,7ewhvjxk,9,presurvey,TrainingNeighbor_3,1772918598,1,0,0
qabwue95,1,6vaslj72,13,mock_N08_N04_Aonly,GroupingWaitPage,1772918623,1,0,1
qabwue95,8,8g3rej37,13,mock_N08_N04_Aonly,GroupingWaitPage,1772918623,1,0,1
qabwue95,14,964202x1,13,mock_N08_N04_Aonly,GroupingWaitPage,1772918623,1,0,1
qabwue95,30,j5s1gk99,13,mock_N08_N04_Aonly,GroupingWaitPage,1772918623,1,0,1
qabwue95,1,6vaslj72,14,mock_N08_N04_Aonly,GroupSizeWaitPage,1772918626,1,0,1
qabwue95,8,8g3rej37,14,mock_N08_N04_Aonly,GroupSizeWaitPage,1772918626,1,0,1
qabwue95,14,964202x1,14,mock_N08_N04_Aonly,GroupSizeWaitPage,1772918626,1,0,1
qabwue95,30,j5s1gk99,14,mock_N08_N04_Aonly,GroupSizeWaitPage,1772918626,1,0,1
qabwue95,14,964202x1,16,mock_N08_N04_Aonly,DiscussionGRPWaitPage,1772918627,1,0,1
qabwue95,1,6vaslj72,16,mock_N08_N04_Aonly,DiscussionGRPWaitPage,1772918627,1,0,1
qabwue95,30,j5s1gk99,16,mock_N08_N04_Aonly,DiscussionGRPWaitPage,1772918627,1,0,1
qabwue95,8,8g3rej37,16,mock_N08_N04_Aonly,DiscussionGRPWaitPage,1772918627,1,0,1
qabwue95,3,noe4scie,13,mock_N08_N04_Aonly,GroupingWaitPage,1772918635,1,0,1
qabwue95,3,noe4scie,14,mock_N08_N04_Aonly,GroupSizeWaitPage,1772918637,1,0,1
qabwue95,3,noe4scie,15,mock_N08_N04_Aonly,AttentionCheck,1772918642,1,0,0
qabwue95,8,8g3rej37,17,mock_N08_N04_Aonly,Nudge,1772918645,1,0,0
qabwue95,7,zud4fkqg,13,mock_N08_N04_Aonly,GroupingWaitPage,1772918651,1,0,1
qabwue95,7,zud4fkqg,14,mock_N08_N04_Aonly,GroupSizeWaitPage,1772918653,1,0,1
qabwue95,30,j5s1gk99,17,mock_N08_N04_Aonly,Nudge,1772918655,1,0,0
qabwue95,1,6vaslj72,17,mock_N08_N04_Aonly,Nudge,1772918656,1,0,0
qabwue95,8,8g3rej37,18,mock_N08_N04_Aonly,NudgeTraining,1772918657,1,0,0
qabwue95,7,zud4fkqg,15,mock_N08_N04_Aonly,AttentionCheck,1772918658,1,0,0
qabwue95,14,964202x1,17,mock_N08_N04_Aonly,Nudge,1772918659,1,0,0
qabwue95,4,fvfjp27u,13,mock_N08_N04_Aonly,GroupingWaitPage,1772918662,1,0,1
qabwue95,8,8g3rej37,19,mock_N08_N04_Aonly,NudgeTrainingLast,1772918664,1,0,0
qabwue95,4,fvfjp27u,14,mock_N08_N04_Aonly,GroupSizeWaitPage,1772918664,1,0,1
qabwue95,1,6vaslj72,18,mock_N08_N04_Aonly,NudgeTraining,1772918669,1,0,0
qabwue95,8,8g3rej37,20,mock_N08_N04_Aonly,Phase3,1772918675,1,0,0
qabwue95,30,j5s1gk99,18,mock_N08_N04_Aonly,NudgeTraining,1772918675,1,0,0
qabwue95,14,964202x1,18,mock_N08_N04_Aonly,NudgeTraining,1772918676,1,0,0
qabwue95,1,6vaslj72,19,mock_N08_N04_Aonly,NudgeTrainingLast,1772918677,1,0,0
qabwue95,4,fvfjp27u,15,mock_N08_N04_Aonly,AttentionCheck,1772918682,1,0,0
qabwue95,30,j5s1gk99,19,mock_N08_N04_Aonly,NudgeTrainingLast,1772918686,1,0,0
qabwue95,14,964202x1,19,mock_N08_N04_Aonly,NudgeTrainingLast,1772918687,1,0,0
qabwue95,8,8g3rej37,21,mock_N08_N04_Aonly,Discussion,1772918690,1,0,0
qabwue95,1,6vaslj72,20,mock_N08_N04_Aonly,Phase3,1772918699,1,0,0
qabwue95,14,964202x1,20,mock_N08_N04_Aonly,Phase3,1772918703,1,0,0
qabwue95,14,964202x1,21,mock_N08_N04_Aonly,Discussion,1772918720,1,0,0
qabwue95,1,6vaslj72,21,mock_N08_N04_Aonly,Discussion,1772918721,1,0,0
qabwue95,30,j5s1gk99,20,mock_N08_N04_Aonly,Phase3,1772918732,1,1,0
qabwue95,30,j5s1gk99,21,mock_N08_N04_Aonly,Discussion,1772918754,1,0,0
qabwue95,14,964202x1,27,mock_N08_N04_Aonly,DiscussionGRPWaitPage,1772918755,2,0,1
qabwue95,1,6vaslj72,27,mock_N08_N04_Aonly,DiscussionGRPWaitPage,1772918755,2,0,1
qabwue95,30,j5s1gk99,27,mock_N08_N04_Aonly,DiscussionGRPWaitPage,1772918755,2,0,1
qabwue95,8,8g3rej37,27,mock_N08_N04_Aonly,DiscussionGRPWaitPage,1772918755,2,0,1
qabwue95,30,j5s1gk99,32,mock_N08_N04_Aonly,Discussion,1772918762,2,0,0
qabwue95,19,6ol136kx,13,mock_N08_N04_Aonly,GroupingWaitPage,1772918763,1,0,1
qabwue95,19,6ol136kx,14,mock_N08_N04_Aonly,GroupSizeWaitPage,1772918765,1,0,1
qabwue95,1,6vaslj72,32,mock_N08_N04_Aonly,Discussion,1772918766,2,0,0
qabwue95,14,964202x1,32,mock_N08_N04_Aonly,Discussion,1772918766,2,0,0
qabwue95,8,8g3rej37,32,mock_N08_N04_Aonly,Discussion,1772918768,2,0,0
qabwue95,14,964202x1,38,mock_N08_N04_Aonly,DiscussionGRPWaitPage,1772918769,3,0,1
qabwue95,1,6vaslj72,38,mock_N08_N04_Aonly,DiscussionGRPWaitPage,1772918769,3,0,1
qabwue95,30,j5s1gk99,38,mock_N08_N04_Aonly,DiscussionGRPWaitPage,1772918769,3,0,1
qabwue95,8,8g3rej37,38,mock_N08_N04_Aonly,DiscussionGRPWaitPage,1772918769,3,0,1
qabwue95,19,6ol136kx,15,mock_N08_N04_Aonly,AttentionCheck,1772918770,1,0,0
qabwue95,5,lgvioc7u,13,mock_N08_N04_Aonly,GroupingWaitPage,1772918772,1,0,1
qabwue95,5,lgvioc7u,14,mock_N08_N04_Aonly,GroupSizeWaitPage,1772918775,1,0,1
qabwue95,14,964202x1,43,mock_N08_N04_Aonly,Discussion,1772918776,3,0,0
qabwue95,8,8g3rej37,43,mock_N08_N04_Aonly,Discussion,1772918778,3,0,0
qabwue95,1,6vaslj72,43,mock_N08_N04_Aonly,Discussion,1772918780,3,0,0
qabwue95,30,j5s1gk99,43,mock_N08_N04_Aonly,Discussion,1772918782,3,0,0
qabwue95,14,964202x1,49,mock_N08_N04_Aonly,DiscussionGRPWaitPage,1772918782,4,0,1
qabwue95,1,6vaslj72,49,mock_N08_N04_Aonly,DiscussionGRPWaitPage,1772918782,4,0,1
qabwue95,30,j5s1gk99,49,mock_N08_N04_Aonly,DiscussionGRPWaitPage,1772918782,4,0,1
qabwue95,8,8g3rej37,49,mock_N08_N04_Aonly,DiscussionGRPWaitPage,1772918782,4,0,1
qabwue95,5,lgvioc7u,15,mock_N08_N04_Aonly,AttentionCheck,1772918782,1,0,0
qabwue95,11,2bn5gray,13,mock_N08_N04_Aonly,GroupingWaitPage,1772918785,1,0,1
qabwue95,16,3yv708gu,13,mock_N08_N04_Aonly,GroupingWaitPage,1772918785,1,0,1
qabwue95,23,xmxe7cb5,13,mock_N08_N04_Aonly,GroupingWaitPage,1772918785,1,0,1
qabwue95,27,yieq8wyr,13,mock_N08_N04_Aonly,GroupingWaitPage,1772918785,1,0,1
qabwue95,28,d420p1zn,13,mock_N08_N04_Aonly,GroupingWaitPage,1772918785,1,0,1
qabwue95,16,3yv708gu,14,mock_N08_N04_Aonly,GroupSizeWaitPage,1772918786,1,0,1
qabwue95,23,xmxe7cb5,14,mock_N08_N04_Aonly,GroupSizeWaitPage,1772918786,1,0,1
qabwue95,27,yieq8wyr,14,mock_N08_N04_Aonly,GroupSizeWaitPage,1772918786,1,0,1
qabwue95,28,d420p1zn,14,mock_N08_N04_Aonly,GroupSizeWaitPage,1772918786,1,0,1
qabwue95,11,2bn5gray,14,mock_N08_N04_Aonly,GroupSizeWaitPage,1772918786,1,0,1
qabwue95,14,964202x1,54,mock_N08_N04_Aonly,Discussion,1772918787,4,0,0
qabwue95,23,xmxe7cb5,16,mock_N08_N04_Aonly,DiscussionGRPWaitPage,1772918787,1,0,1
qabwue95,16,3yv708gu,16,mock_N08_N04_Aonly,DiscussionGRPWaitPage,1772918787,1,0,1
qabwue95,27,yieq8wyr,16,mock_N08_N04_Aonly,DiscussionGRPWaitPage,1772918787,1,0,1
qabwue95,28,d420p1zn,16,mock_N08_N04_Aonly,DiscussionGRPWaitPage,1772918787,1,0,1
qabwue95,1,6vaslj72,54,mock_N08_N04_Aonly,Discussion,1772918788,4,0,0
qabwue95,8,8g3rej37,54,mock_N08_N04_Aonly,Discussion,1772918788,4,0,0
qabwue95,30,j5s1gk99,54,mock_N08_N04_Aonly,Discussion,1772918788,4,0,0
qabwue95,14,964202x1,60,mock_N08_N04_Aonly,DiscussionGRPWaitPage,1772918788,5,0,1
qabwue95,1,6vaslj72,60,mock_N08_N04_Aonly,DiscussionGRPWaitPage,1772918788,5,0,1
qabwue95,30,j5s1gk99,60,mock_N08_N04_Aonly,DiscussionGRPWaitPage,1772918788,5,0,1
qabwue95,8,8g3rej37,60,mock_N08_N04_Aonly,DiscussionGRPWaitPage,1772918788,5,0,1
qabwue95,1,6vaslj72,65,mock_N08_N04_Aonly,Discussion,1772918792,5,0,0
qabwue95,14,964202x1,65,mock_N08_N04_Aonly,Discussion,1772918793,5,0,0
qabwue95,8,8g3rej37,65,mock_N08_N04_Aonly,Discussion,1772918794,5,0,0
qabwue95,11,2bn5gray,15,mock_N08_N04_Aonly,AttentionCheck,1772918794,1,0,0
qabwue95,23,xmxe7cb5,17,mock_N08_N04_Aonly,Nudge,1772918796,1,0,0
qabwue95,23,xmxe7cb5,18,mock_N08_N04_Aonly,NudgeTraining,1772918799,1,0,0
qabwue95,30,j5s1gk99,65,mock_N08_N04_Aonly,Discussion,1772918800,5,0,0
qabwue95,14,964202x1,71,mock_N08_N04_Aonly,DiscussionGRPWaitPage,1772918800,6,0,1
qabwue95,1,6vaslj72,71,mock_N08_N04_Aonly,DiscussionGRPWaitPage,1772918800,6,0,1
qabwue95,30,j5s1gk99,71,mock_N08_N04_Aonly,DiscussionGRPWaitPage,1772918800,6,0,1
qabwue95,8,8g3rej37,71,mock_N08_N04_Aonly,DiscussionGRPWaitPage,1772918800,6,0,1
qabwue95,23,xmxe7cb5,19,mock_N08_N04_Aonly,NudgeTrainingLast,1772918801,1,0,0
qabwue95,28,d420p1zn,17,mock_N08_N04_Aonly,Nudge,1772918802,1,0,0
qabwue95,1,6vaslj72,76,mock_N08_N04_Aonly,Discussion,1772918803,6,0,0
qabwue95,14,964202x1,76,mock_N08_N04_Aonly,Discussion,1772918804,6,0,0
qabwue95,8,8g3rej37,76,mock_N08_N04_Aonly,Discussion,1772918804,6,0,0
qabwue95,30,j5s1gk99,76,mock_N08_N04_Aonly,Discussion,1772918806,6,0,0
qabwue95,1,6vaslj72,82,mock_N08_N04_Aonly,DiscussionGRPWaitPage,1772918807,7,0,1
qabwue95,14,964202x1,82,mock_N08_N04_Aonly,DiscussionGRPWaitPage,1772918807,7,0,1
qabwue95,30,j5s1gk99,82,mock_N08_N04_Aonly,DiscussionGRPWaitPage,1772918807,7,0,1
qabwue95,8,8g3rej37,82,mock_N08_N04_Aonly,DiscussionGRPWaitPage,1772918807,7,0,1
qabwue95,23,xmxe7cb5,20,mock_N08_N04_Aonly,Phase3,1772918810,1,0,0
qabwue95,8,8g3rej37,87,mock_N08_N04_Aonly,Discussion,1772918811,7,0,0
qabwue95,14,964202x1,87,mock_N08_N04_Aonly,Discussion,1772918811,7,0,0
qabwue95,30,j5s1gk99,87,mock_N08_N04_Aonly,Discussion,1772918812,7,0,0
qabwue95,27,yieq8wyr,17,mock_N08_N04_Aonly,Nudge,1772918816,1,0,0
qabwue95,1,6vaslj72,87,mock_N08_N04_Aonly,Discussion,1772918817,7,0,0
qabwue95,14,964202x1,93,mock_N08_N04_Aonly,DiscussionGRPWaitPage,1772918818,8,0,1
qabwue95,1,6vaslj72,93,mock_N08_N04_Aonly,DiscussionGRPWaitPage,1772918818,8,0,1
qabwue95,30,j5s1gk99,93,mock_N08_N04_Aonly,DiscussionGRPWaitPage,1772918818,8,0,1
qabwue95,8,8g3rej37,93,mock_N08_N04_Aonly,DiscussionGRPWaitPage,1772918818,8,0,1
qabwue95,28,d420p1zn,18,mock_N08_N04_Aonly,NudgeTraining,1772918820,1,0,0
qabwue95,14,964202x1,98,mock_N08_N04_Aonly,Discussion,1772918822,8,0,0
qabwue95,23,xmxe7cb5,21,mock_N08_N04_Aonly,Discussion,1772918822,1,0,0
qabwue95,30,j5s1gk99,98,mock_N08_N04_Aonly,Discussion,1772918823,8,0,0
qabwue95,8,8g3rej37,98,mock_N08_N04_Aonly,Discussion,1772918824,8,0,0
qabwue95,15,zevqc7nc,13,mock_N08_N04_Aonly,GroupingWaitPage,1772918827,1,0,1
qabwue95,1,6vaslj72,98,mock_N08_N04_Aonly,Discussion,1772918828,8,0,0
qabwue95,14,964202x1,104,mock_N08_N04_Aonly,DiscussionGRPWaitPage,1772918828,9,0,1
qabwue95,1,6vaslj72,104,mock_N08_N04_Aonly,DiscussionGRPWaitPage,1772918828,9,0,1
qabwue95,30,j5s1gk99,104,mock_N08_N04_Aonly,DiscussionGRPWaitPage,1772918828,9,0,1
qabwue95,8,8g3rej37,104,mock_N08_N04_Aonly,DiscussionGRPWaitPage,1772918828,9,0,1
qabwue95,15,zevqc7nc,14,mock_N08_N04_Aonly,GroupSizeWaitPage,1772918828,1,0,1
qabwue95,28,d420p1zn,19,mock_N08_N04_Aonly,NudgeTrainingLast,1772918830,1,0,0
qabwue95,30,j5s1gk99,109,mock_N08_N04_Aonly,Discussion,1772918831,9,0,0
qabwue95,8,8g3rej37,109,mock_N08_N04_Aonly,Discussion,1772918832,9,0,0
qabwue95,27,yieq8wyr,18,mock_N08_N04_Aonly,NudgeTraining,1772918833,1,0,0
qabwue95,14,964202x1,109,mock_N08_N04_Aonly,Discussion,1772918834,9,0,0
qabwue95,1,6vaslj72,109,mock_N08_N04_Aonly,Discussion,1772918835,9,0,0
qabwue95,14,964202x1,115,mock_N08_N04_Aonly,DiscussionGRPWaitPage,1772918835,10,0,1
qabwue95,1,6vaslj72,115,mock_N08_N04_Aonly,DiscussionGRPWaitPage,1772918835,10,0,1
qabwue95,30,j5s1gk99,115,mock_N08_N04_Aonly,DiscussionGRPWaitPage,1772918835,10,0,1
qabwue95,8,8g3rej37,115,mock_N08_N04_Aonly,DiscussionGRPWaitPage,1772918835,10,0,1
qabwue95,15,zevqc7nc,15,mock_N08_N04_Aonly,AttentionCheck,1772918835,1,0,0
qabwue95,27,yieq8wyr,19,mock_N08_N04_Aonly,NudgeTrainingLast,1772918837,1,0,0
qabwue95,16,3yv708gu,17,mock_N08_N04_Aonly,Nudge,1772918838,1,0,0
qabwue95,30,j5s1gk99,120,mock_N08_N04_Aonly,Discussion,1772918840,10,0,0
qabwue95,14,964202x1,120,mock_N08_N04_Aonly,Discussion,1772918840,10,0,0
qabwue95,28,d420p1zn,20,mock_N08_N04_Aonly,Phase3,1772918840,1,0,0
qabwue95,8,8g3rej37,120,mock_N08_N04_Aonly,Discussion,1772918841,10,0,0
qabwue95,1,6vaslj72,120,mock_N08_N04_Aonly,Discussion,1772918842,10,0,0
qabwue95,14,964202x1,126,mock_N08_N04_Aonly,DiscussionGRPWaitPage,1772918843,11,0,1
qabwue95,1,6vaslj72,126,mock_N08_N04_Aonly,DiscussionGRPWaitPage,1772918843,11,0,1
qabwue95,30,j5s1gk99,126,mock_N08_N04_Aonly,DiscussionGRPWaitPage,1772918843,11,0,1
qabwue95,8,8g3rej37,126,mock_N08_N04_Aonly,DiscussionGRPWaitPage,1772918843,11,0,1
qabwue95,27,yieq8wyr,20,mock_N08_N04_Aonly,Phase3,1772918845,1,0,0
qabwue95,30,j5s1gk99,131,mock_N08_N04_Aonly,Discussion,1772918846,11,0,0
qabwue95,14,964202x1,131,mock_N08_N04_Aonly,Discussion,1772918846,11,0,0
qabwue95,1,6vaslj72,131,mock_N08_N04_Aonly,Discussion,1772918848,11,0,0
qabwue95,8,8g3rej37,131,mock_N08_N04_Aonly,Discussion,1772918849,11,0,0
qabwue95,14,964202x1,137,mock_N08_N04_Aonly,DiscussionGRPWaitPage,1772918849,12,0,1
qabwue95,1,6vaslj72,137,mock_N08_N04_Aonly,DiscussionGRPWaitPage,1772918849,12,0,1
qabwue95,30,j5s1gk99,137,mock_N08_N04_Aonly,DiscussionGRPWaitPage,1772918849,12,0,1
qabwue95,8,8g3rej37,137,mock_N08_N04_Aonly,DiscussionGRPWaitPage,1772918849,12,0,1
qabwue95,30,j5s1gk99,142,mock_N08_N04_Aonly,Discussion,1772918852,12,0,0
qabwue95,14,964202x1,142,mock_N08_N04_Aonly,Discussion,1772918852,12,0,0
qabwue95,1,6vaslj72,142,mock_N08_N04_Aonly,Discussion,1772918853,12,0,0
qabwue95,28,d420p1zn,21,mock_N08_N04_Aonly,Discussion,1772918854,1,0,0
qabwue95,16,3yv708gu,18,mock_N08_N04_Aonly,NudgeTraining,1772918857,1,0,0
qabwue95,8,8g3rej37,142,mock_N08_N04_Aonly,Discussion,1772918858,12,0,0
qabwue95,14,964202x1,148,mock_N08_N04_Aonly,DiscussionGRPWaitPage,1772918858,13,0,1
qabwue95,1,6vaslj72,148,mock_N08_N04_Aonly,DiscussionGRPWaitPage,1772918858,13,0,1
qabwue95,8,8g3rej37,148,mock_N08_N04_Aonly,DiscussionGRPWaitPage,1772918858,13,0,1
qabwue95,30,j5s1gk99,148,mock_N08_N04_Aonly,DiscussionGRPWaitPage,1772918858,13,0,1
qabwue95,1,6vaslj72,153,mock_N08_N04_Aonly,Discussion,1772918861,13,0,0
qabwue95,30,j5s1gk99,153,mock_N08_N04_Aonly,Discussion,1772918861,13,0,0
qabwue95,14,964202x1,153,mock_N08_N04_Aonly,Discussion,1772918862,13,0,0
qabwue95,8,8g3rej37,153,mock_N08_N04_Aonly,Discussion,1772918863,13,0,0
qabwue95,14,964202x1,159,mock_N08_N04_Aonly,DiscussionGRPWaitPage,1772918864,14,0,1
qabwue95,1,6vaslj72,159,mock_N08_N04_Aonly,DiscussionGRPWaitPage,1772918864,14,0,1
qabwue95,30,j5s1gk99,159,mock_N08_N04_Aonly,DiscussionGRPWaitPage,1772918864,14,0,1
qabwue95,8,8g3rej37,159,mock_N08_N04_Aonly,DiscussionGRPWaitPage,1772918864,14,0,1
qabwue95,14,964202x1,164,mock_N08_N04_Aonly,Discussion,1772918866,14,0,0
qabwue95,30,j5s1gk99,164,mock_N08_N04_Aonly,Discussion,1772918866,14,0,0
qabwue95,1,6vaslj72,164,mock_N08_N04_Aonly,Discussion,1772918867,14,0,0
qabwue95,8,8g3rej37,164,mock_N08_N04_Aonly,Discussion,1772918867,14,0,0
qabwue95,14,964202x1,170,mock_N08_N04_Aonly,DiscussionGRPWaitPage,1772918868,15,0,1
qabwue95,1,6vaslj72,170,mock_N08_N04_Aonly,DiscussionGRPWaitPage,1772918868,15,0,1
qabwue95,30,j5s1gk99,170,mock_N08_N04_Aonly,DiscussionGRPWaitPage,1772918868,15,0,1
qabwue95,8,8g3rej37,170,mock_N08_N04_Aonly,DiscussionGRPWaitPage,1772918868,15,0,1
qabwue95,30,j5s1gk99,175,mock_N08_N04_Aonly,Discussion,1772918870,15,0,0
qabwue95,14,964202x1,175,mock_N08_N04_Aonly,Discussion,1772918870,15,0,0
qabwue95,8,8g3rej37,175,mock_N08_N04_Aonly,Discussion,1772918871,15,0,0
qabwue95,27,yieq8wyr,21,mock_N08_N04_Aonly,Discussion,1772918872,1,0,0
qabwue95,1,6vaslj72,175,mock_N08_N04_Aonly,Discussion,1772918875,15,0,0
qabwue95,16,3yv708gu,19,mock_N08_N04_Aonly,NudgeTrainingLast,1772918875,1,0,0
qabwue95,14,964202x1,181,mock_N08_N04_Aonly,DiscussionGRPWaitPage,1772918875,16,0,1
qabwue95,1,6vaslj72,181,mock_N08_N04_Aonly,DiscussionGRPWaitPage,1772918875,16,0,1
qabwue95,30,j5s1gk99,181,mock_N08_N04_Aonly,DiscussionGRPWaitPage,1772918875,16,0,1
qabwue95,8,8g3rej37,181,mock_N08_N04_Aonly,DiscussionGRPWaitPage,1772918875,16,0,1
qabwue95,21,3eufkx93,13,mock_N08_N04_Aonly,GroupingWaitPage,1772918876,1,0,1
qabwue95,21,3eufkx93,14,mock_N08_N04_Aonly,GroupSizeWaitPage,1772918877,1,0,1
qabwue95,14,964202x1,186,mock_N08_N04_Aonly,Discussion,1772918878,16,0,0
qabwue95,30,j5s1gk99,186,mock_N08_N04_Aonly,Discussion,1772918878,16,0,0
qabwue95,8,8g3rej37,186,mock_N08_N04_Aonly,Discussion,1772918878,16,0,0
qabwue95,22,wnf4vgmv,13,mock_N08_N04_Aonly,GroupingWaitPage,1772918881,1,0,1
qabwue95,22,wnf4vgmv,14,mock_N08_N04_Aonly,GroupSizeWaitPage,1772918881,1,0,1
qabwue95,1,6vaslj72,186,mock_N08_N04_Aonly,Discussion,1772918882,16,0,0
qabwue95,14,964202x1,192,mock_N08_N04_Aonly,DiscussionGRPWaitPage,1772918882,17,0,1
qabwue95,1,6vaslj72,192,mock_N08_N04_Aonly,DiscussionGRPWaitPage,1772918882,17,0,1
qabwue95,30,j5s1gk99,192,mock_N08_N04_Aonly,DiscussionGRPWaitPage,1772918882,17,0,1
qabwue95,8,8g3rej37,192,mock_N08_N04_Aonly,DiscussionGRPWaitPage,1772918882,17,0,1
qabwue95,16,3yv708gu,20,mock_N08_N04_Aonly,Phase3,1772918883,1,0,0
qabwue95,8,8g3rej37,197,mock_N08_N04_Aonly,Discussion,1772918885,17,0,0
qabwue95,14,964202x1,197,mock_N08_N04_Aonly,Discussion,1772918885,17,0,0
qabwue95,30,j5s1gk99,197,mock_N08_N04_Aonly,Discussion,1772918885,17,0,0
qabwue95,1,6vaslj72,197,mock_N08_N04_Aonly,Discussion,1772918888,17,0,0
qabwue95,14,964202x1,203,mock_N08_N04_Aonly,DiscussionGRPWaitPage,1772918888,18,0,1
qabwue95,1,6vaslj72,203,mock_N08_N04_Aonly,DiscussionGRPWaitPage,1772918888,18,0,1
qabwue95,30,j5s1gk99,203,mock_N08_N04_Aonly,DiscussionGRPWaitPage,1772918888,18,0,1
qabwue95,8,8g3rej37,203,mock_N08_N04_Aonly,DiscussionGRPWaitPage,1772918888,18,0,1
qabwue95,22,wnf4vgmv,15,mock_N08_N04_Aonly,AttentionCheck,1772918889,1,0,0
qabwue95,30,j5s1gk99,208,mock_N08_N04_Aonly,Discussion,1772918890,18,0,0
qabwue95,14,964202x1,208,mock_N08_N04_Aonly,Discussion,1772918891,18,0,0
qabwue95,8,8g3rej37,208,mock_N08_N04_Aonly,Discussion,1772918891,18,0,0
qabwue95,1,6vaslj72,208,mock_N08_N04_Aonly,Discussion,1772918893,18,0,0
qabwue95,14,964202x1,214,mock_N08_N04_Aonly,DiscussionGRPWaitPage,1772918893,19,0,1
qabwue95,1,6vaslj72,214,mock_N08_N04_Aonly,DiscussionGRPWaitPage,1772918893,19,0,1
qabwue95,30,j5s1gk99,214,mock_N08_N04_Aonly,DiscussionGRPWaitPage,1772918893,19,0,1
qabwue95,8,8g3rej37,214,mock_N08_N04_Aonly,DiscussionGRPWaitPage,1772918893,19,0,1
qabwue95,30,j5s1gk99,219,mock_N08_N04_Aonly,Discussion,1772918895,19,0,0
qabwue95,14,964202x1,219,mock_N08_N04_Aonly,Discussion,1772918896,19,0,0
qabwue95,8,8g3rej37,219,mock_N08_N04_Aonly,Discussion,1772918897,19,0,0
qabwue95,1,6vaslj72,219,mock_N08_N04_Aonly,Discussion,1772918898,19,0,0
qabwue95,21,3eufkx93,15,mock_N08_N04_Aonly,AttentionCheck,1772918899,1,0,0
qabwue95,14,964202x1,225,mock_N08_N04_Aonly,DiscussionGRPWaitPage,1772918901,20,0,1
qabwue95,30,j5s1gk99,225,mock_N08_N04_Aonly,DiscussionGRPWaitPage,1772918901,20,0,1
qabwue95,8,8g3rej37,225,mock_N08_N04_Aonly,DiscussionGRPWaitPage,1772918901,20,0,1
qabwue95,1,6vaslj72,225,mock_N08_N04_Aonly,DiscussionGRPWaitPage,1772918901,20,0,1
qabwue95,30,j5s1gk99,230,mock_N08_N04_Aonly,Discussion,1772918903,20,0,0
qabwue95,33,f9fg581i,0,,InitializeParticipant,1772918903,1,0,0
qabwue95,14,964202x1,230,mock_N08_N04_Aonly,Discussion,1772918903,20,0,0
qabwue95,8,8g3rej37,230,mock_N08_N04_Aonly,Discussion,1772918904,20,0,0
qabwue95,1,6vaslj72,230,mock_N08_N04_Aonly,Discussion,1772918906,20,0,0
qabwue95,14,964202x1,231,mock_N08_N04_Aonly,FinalRoundWaitPage,1772918906,20,0,1
qabwue95,1,6vaslj72,231,mock_N08_N04_Aonly,FinalRoundWaitPage,1772918906,20,0,1
qabwue95,8,8g3rej37,231,mock_N08_N04_Aonly,FinalRoundWaitPage,1772918906,20,0,1
qabwue95,30,j5s1gk99,231,mock_N08_N04_Aonly,FinalRoundWaitPage,1772918906,20,0,1
qabwue95,8,8g3rej37,232,mock_N08_N04_Aonly,FinalRound,1772918912,20,0,0
qabwue95,1,6vaslj72,232,mock_N08_N04_Aonly,FinalRound,1772918915,20,0,0
qabwue95,14,964202x1,232,mock_N08_N04_Aonly,FinalRound,1772918915,20,0,0
qabwue95,30,j5s1gk99,232,mock_N08_N04_Aonly,FinalRound,1772918916,20,0,0
qabwue95,18,z3usyrlh,13,mock_N08_N04_Aonly,GroupingWaitPage,1772918930,1,0,1
qabwue95,18,z3usyrlh,14,mock_N08_N04_Aonly,GroupSizeWaitPage,1772918931,1,0,1
qabwue95,16,3yv708gu,21,mock_N08_N04_Aonly,Discussion,1772918931,1,0,0
qabwue95,28,d420p1zn,27,mock_N08_N04_Aonly,DiscussionGRPWaitPage,1772918932,2,0,1
qabwue95,23,xmxe7cb5,27,mock_N08_N04_Aonly,DiscussionGRPWaitPage,1772918932,2,0,1
qabwue95,16,3yv708gu,27,mock_N08_N04_Aonly,DiscussionGRPWaitPage,1772918932,2,0,1
qabwue95,27,yieq8wyr,27,mock_N08_N04_Aonly,DiscussionGRPWaitPage,1772918932,2,0,1
qabwue95,33,f9fg581i,1,presurvey,Introduction,1772918938,1,0,0
qabwue95,20,g5x5lrcp,13,mock_N08_N04_Aonly,GroupingWaitPage,1772918939,1,0,1
qabwue95,20,g5x5lrcp,14,mock_N08_N04_Aonly,GroupSizeWaitPage,1772918939,1,0,1
qabwue95,18,z3usyrlh,15,mock_N08_N04_Aonly,AttentionCheck,1772918939,1,0,0
qabwue95,16,3yv708gu,32,mock_N08_N04_Aonly,Discussion,1772918942,2,0,0
qabwue95,23,xmxe7cb5,32,mock_N08_N04_Aonly,Discussion,1772918942,2,0,0
qabwue95,20,g5x5lrcp,15,mock_N08_N04_Aonly,AttentionCheck,1772918949,1,0,0
qabwue95,27,yieq8wyr,32,mock_N08_N04_Aonly,Discussion,1772918951,2,0,0
qabwue95,28,d420p1zn,32,mock_N08_N04_Aonly,Discussion,1772918951,2,0,0
qabwue95,28,d420p1zn,38,mock_N08_N04_Aonly,DiscussionGRPWaitPage,1772918952,3,0,1
qabwue95,23,xmxe7cb5,38,mock_N08_N04_Aonly,DiscussionGRPWaitPage,1772918952,3,0,1
qabwue95,16,3yv708gu,38,mock_N08_N04_Aonly,DiscussionGRPWaitPage,1772918952,3,0,1
qabwue95,27,yieq8wyr,38,mock_N08_N04_Aonly,DiscussionGRPWaitPage,1772918952,3,0,1
qabwue95,28,d420p1zn,43,mock_N08_N04_Aonly,Discussion,1772918954,3,0,0
qabwue95,23,xmxe7cb5,43,mock_N08_N04_Aonly,Discussion,1772918960,3,0,0
qabwue95,27,yieq8wyr,43,mock_N08_N04_Aonly,Discussion,1772918963,3,0,0
qabwue95,16,3yv708gu,43,mock_N08_N04_Aonly,Discussion,1772918965,3,0,0
qabwue95,28,d420p1zn,49,mock_N08_N04_Aonly,DiscussionGRPWaitPage,1772918965,4,0,1
qabwue95,23,xmxe7cb5,49,mock_N08_N04_Aonly,DiscussionGRPWaitPage,1772918965,4,0,1
qabwue95,16,3yv708gu,49,mock_N08_N04_Aonly,DiscussionGRPWaitPage,1772918965,4,0,1
qabwue95,27,yieq8wyr,49,mock_N08_N04_Aonly,DiscussionGRPWaitPage,1772918965,4,0,1
qabwue95,33,f9fg581i,2,presurvey,AudioCheck,1772918966,1,0,0
qabwue95,28,d420p1zn,54,mock_N08_N04_Aonly,Discussion,1772918971,4,0,0
qabwue95,23,xmxe7cb5,54,mock_N08_N04_Aonly,Discussion,1772918974,4,0,0
qabwue95,16,3yv708gu,54,mock_N08_N04_Aonly,Discussion,1772918980,4,0,0
qabwue95,27,yieq8wyr,54,mock_N08_N04_Aonly,Discussion,1772918981,4,0,0
qabwue95,28,d420p1zn,60,mock_N08_N04_Aonly,DiscussionGRPWaitPage,1772918981,5,0,1
qabwue95,23,xmxe7cb5,60,mock_N08_N04_Aonly,DiscussionGRPWaitPage,1772918981,5,0,1
qabwue95,16,3yv708gu,60,mock_N08_N04_Aonly,DiscussionGRPWaitPage,1772918981,5,0,1
qabwue95,27,yieq8wyr,60,mock_N08_N04_Aonly,DiscussionGRPWaitPage,1772918981,5,0,1
qabwue95,33,f9fg581i,3,presurvey,Demographics,1772918983,1,0,0
qabwue95,16,3yv708gu,65,mock_N08_N04_Aonly,Discussion,1772918986,5,0,0
qabwue95,23,xmxe7cb5,65,mock_N08_N04_Aonly,Discussion,1772918988,5,0,0
qabwue95,27,yieq8wyr,65,mock_N08_N04_Aonly,Discussion,1772918991,5,0,0
qabwue95,28,d420p1zn,65,mock_N08_N04_Aonly,Discussion,1772918995,5,0,0
qabwue95,28,d420p1zn,71,mock_N08_N04_Aonly,DiscussionGRPWaitPage,1772918996,6,0,1
qabwue95,23,xmxe7cb5,71,mock_N08_N04_Aonly,DiscussionGRPWaitPage,1772918996,6,0,1
qabwue95,16,3yv708gu,71,mock_N08_N04_Aonly,DiscussionGRPWaitPage,1772918996,6,0,1
qabwue95,27,yieq8wyr,71,mock_N08_N04_Aonly,DiscussionGRPWaitPage,1772918996,6,0,1
qabwue95,29,jnfxlqli,13,mock_N08_N04_Aonly,GroupingWaitPage,1772918998,1,0,1
qabwue95,28,d420p1zn,76,mock_N08_N04_Aonly,Discussion,1772918998,6,0,0
qabwue95,29,jnfxlqli,14,mock_N08_N04_Aonly,GroupSizeWaitPage,1772918998,1,0,1
qabwue95,23,xmxe7cb5,76,mock_N08_N04_Aonly,Discussion,1772919001,6,0,0
qabwue95,34,ob5r83kc,0,,InitializeParticipant,1772919002,1,0,0
qabwue95,16,3yv708gu,76,mock_N08_N04_Aonly,Discussion,1772919002,6,0,0
qabwue95,33,f9fg581i,4,presurvey,NeighborhoodInstruction,1772919003,1,0,0
qabwue95,27,yieq8wyr,76,mock_N08_N04_Aonly,Discussion,1772919005,6,0,0
qabwue95,28,d420p1zn,82,mock_N08_N04_Aonly,DiscussionGRPWaitPage,1772919005,7,0,1
qabwue95,27,yieq8wyr,82,mock_N08_N04_Aonly,DiscussionGRPWaitPage,1772919005,7,0,1
qabwue95,23,xmxe7cb5,82,mock_N08_N04_Aonly,DiscussionGRPWaitPage,1772919005,7,0,1
qabwue95,16,3yv708gu,82,mock_N08_N04_Aonly,DiscussionGRPWaitPage,1772919005,7,0,1
qabwue95,29,jnfxlqli,15,mock_N08_N04_Aonly,AttentionCheck,1772919011,1,0,0
qabwue95,27,yieq8wyr,87,mock_N08_N04_Aonly,Discussion,1772919014,7,0,0
qabwue95,16,3yv708gu,87,mock_N08_N04_Aonly,Discussion,1772919014,7,0,0
qabwue95,23,xmxe7cb5,87,mock_N08_N04_Aonly,Discussion,1772919014,7,0,0
qabwue95,28,d420p1zn,87,mock_N08_N04_Aonly,Discussion,1772919017,7,0,0
qabwue95,28,d420p1zn,93,mock_N08_N04_Aonly,DiscussionGRPWaitPage,1772919018,8,0,1
qabwue95,23,xmxe7cb5,93,mock_N08_N04_Aonly,DiscussionGRPWaitPage,1772919018,8,0,1
qabwue95,16,3yv708gu,93,mock_N08_N04_Aonly,DiscussionGRPWaitPage,1772919018,8,0,1
qabwue95,27,yieq8wyr,93,mock_N08_N04_Aonly,DiscussionGRPWaitPage,1772919018,8,0,1
qabwue95,28,d420p1zn,98,mock_N08_N04_Aonly,Discussion,1772919019,8,0,0
qabwue95,23,xmxe7cb5,98,mock_N08_N04_Aonly,Discussion,1772919022,8,0,0
qabwue95,27,yieq8wyr,98,mock_N08_N04_Aonly,Discussion,1772919024,8,0,0
qabwue95,16,3yv708gu,98,mock_N08_N04_Aonly,Discussion,1772919024,8,0,0
qabwue95,23,xmxe7cb5,104,mock_N08_N04_Aonly,DiscussionGRPWaitPage,1772919024,9,0,1
qabwue95,27,yieq8wyr,104,mock_N08_N04_Aonly,DiscussionGRPWaitPage,1772919024,9,0,1
qabwue95,28,d420p1zn,104,mock_N08_N04_Aonly,DiscussionGRPWaitPage,1772919024,9,0,1
qabwue95,16,3yv708gu,104,mock_N08_N04_Aonly,DiscussionGRPWaitPage,1772919024,9,0,1
qabwue95,23,xmxe7cb5,109,mock_N08_N04_Aonly,Discussion,1772919027,9,0,0
qabwue95,27,yieq8wyr,109,mock_N08_N04_Aonly,Discussion,1772919028,9,0,0
qabwue95,28,d420p1zn,109,mock_N08_N04_Aonly,Discussion,1772919029,9,0,0
qabwue95,16,3yv708gu,109,mock_N08_N04_Aonly,Discussion,1772919030,9,0,0
qabwue95,28,d420p1zn,115,mock_N08_N04_Aonly,DiscussionGRPWaitPage,1772919030,10,0,1
qabwue95,23,xmxe7cb5,115,mock_N08_N04_Aonly,DiscussionGRPWaitPage,1772919030,10,0,1
qabwue95,16,3yv708gu,115,mock_N08_N04_Aonly,DiscussionGRPWaitPage,1772919030,10,0,1
qabwue95,27,yieq8wyr,115,mock_N08_N04_Aonly,DiscussionGRPWaitPage,1772919030,10,0,1
qabwue95,28,d420p1zn,120,mock_N08_N04_Aonly,Discussion,1772919033,10,0,0
qabwue95,23,xmxe7cb5,120,mock_N08_N04_Aonly,Discussion,1772919034,10,0,0
qabwue95,16,3yv708gu,120,mock_N08_N04_Aonly,Discussion,1772919035,10,0,0
qabwue95,9,rcjlxm4b,13,mock_N08_N04_Aonly,GroupingWaitPage,1772919038,1,0,1
qabwue95,9,rcjlxm4b,14,mock_N08_N04_Aonly,GroupSizeWaitPage,1772919038,1,0,1
qabwue95,33,f9fg581i,5,presurvey,Training,1772919039,1,0,0
qabwue95,27,yieq8wyr,120,mock_N08_N04_Aonly,Discussion,1772919040,10,0,0
qabwue95,28,d420p1zn,126,mock_N08_N04_Aonly,DiscussionGRPWaitPage,1772919041,11,0,1
qabwue95,23,xmxe7cb5,126,mock_N08_N04_Aonly,DiscussionGRPWaitPage,1772919041,11,0,1
qabwue95,16,3yv708gu,126,mock_N08_N04_Aonly,DiscussionGRPWaitPage,1772919041,11,0,1
qabwue95,27,yieq8wyr,126,mock_N08_N04_Aonly,DiscussionGRPWaitPage,1772919041,11,0,1
qabwue95,9,rcjlxm4b,15,mock_N08_N04_Aonly,AttentionCheck,1772919044,1,0,0
qabwue95,16,3yv708gu,131,mock_N08_N04_Aonly,Discussion,1772919046,11,0,0
qabwue95,27,yieq8wyr,131,mock_N08_N04_Aonly,Discussion,1772919046,11,0,0
qabwue95,23,xmxe7cb5,131,mock_N08_N04_Aonly,Discussion,1772919046,11,0,0
qabwue95,28,d420p1zn,131,mock_N08_N04_Aonly,Discussion,1772919047,11,0,0
qabwue95,23,xmxe7cb5,137,mock_N08_N04_Aonly,DiscussionGRPWaitPage,1772919047,12,0,1
qabwue95,16,3yv708gu,137,mock_N08_N04_Aonly,DiscussionGRPWaitPage,1772919047,12,0,1
qabwue95,27,yieq8wyr,137,mock_N08_N04_Aonly,DiscussionGRPWaitPage,1772919047,12,0,1
qabwue95,28,d420p1zn,137,mock_N08_N04_Aonly,DiscussionGRPWaitPage,1772919047,12,0,1
qabwue95,28,d420p1zn,142,mock_N08_N04_Aonly,Discussion,1772919049,12,0,0
qabwue95,23,xmxe7cb5,142,mock_N08_N04_Aonly,Discussion,1772919049,12,0,0
qabwue95,27,yieq8wyr,142,mock_N08_N04_Aonly,Discussion,1772919050,12,0,0
qabwue95,16,3yv708gu,142,mock_N08_N04_Aonly,Discussion,1772919052,12,0,0
qabwue95,16,3yv708gu,148,mock_N08_N04_Aonly,DiscussionGRPWaitPage,1772919052,13,0,1
qabwue95,23,xmxe7cb5,148,mock_N08_N04_Aonly,DiscussionGRPWaitPage,1772919052,13,0,1
qabwue95,27,yieq8wyr,148,mock_N08_N04_Aonly,DiscussionGRPWaitPage,1772919052,13,0,1
qabwue95,28,d420p1zn,148,mock_N08_N04_Aonly,DiscussionGRPWaitPage,1772919052,13,0,1
qabwue95,23,xmxe7cb5,153,mock_N08_N04_Aonly,Discussion,1772919055,13,0,0
qabwue95,28,d420p1zn,153,mock_N08_N04_Aonly,Discussion,1772919055,13,0,0
qabwue95,16,3yv708gu,153,mock_N08_N04_Aonly,Discussion,1772919056,13,0,0
qabwue95,27,yieq8wyr,153,mock_N08_N04_Aonly,Discussion,1772919058,13,0,0
qabwue95,28,d420p1zn,159,mock_N08_N04_Aonly,DiscussionGRPWaitPage,1772919058,14,0,1
qabwue95,23,xmxe7cb5,159,mock_N08_N04_Aonly,DiscussionGRPWaitPage,1772919058,14,0,1
qabwue95,16,3yv708gu,159,mock_N08_N04_Aonly,DiscussionGRPWaitPage,1772919058,14,0,1
qabwue95,27,yieq8wyr,159,mock_N08_N04_Aonly,DiscussionGRPWaitPage,1772919058,14,0,1
qabwue95,23,xmxe7cb5,164,mock_N08_N04_Aonly,Discussion,1772919060,14,0,0
qabwue95,27,yieq8wyr,164,mock_N08_N04_Aonly,Discussion,1772919061,14,0,0
qabwue95,28,d420p1zn,164,mock_N08_N04_Aonly,Discussion,1772919063,14,0,0
qabwue95,16,3yv708gu,164,mock_N08_N04_Aonly,Discussion,1772919064,14,0,0
qabwue95,28,d420p1zn,170,mock_N08_N04_Aonly,DiscussionGRPWaitPage,1772919065,15,0,1
qabwue95,16,3yv708gu,170,mock_N08_N04_Aonly,DiscussionGRPWaitPage,1772919065,15,0,1
qabwue95,23,xmxe7cb5,170,mock_N08_N04_Aonly,DiscussionGRPWaitPage,1772919065,15,0,1
qabwue95,27,yieq8wyr,170,mock_N08_N04_Aonly,DiscussionGRPWaitPage,1772919065,15,0,1
qabwue95,23,xmxe7cb5,175,mock_N08_N04_Aonly,Discussion,1772919066,15,0,0
qabwue95,28,d420p1zn,175,mock_N08_N04_Aonly,Discussion,1772919066,15,0,0
qabwue95,27,yieq8wyr,175,mock_N08_N04_Aonly,Discussion,1772919070,15,0,0
qabwue95,16,3yv708gu,175,mock_N08_N04_Aonly,Discussion,1772919071,15,0,0
qabwue95,28,d420p1zn,181,mock_N08_N04_Aonly,DiscussionGRPWaitPage,1772919071,16,0,1
qabwue95,23,xmxe7cb5,181,mock_N08_N04_Aonly,DiscussionGRPWaitPage,1772919071,16,0,1
qabwue95,16,3yv708gu,181,mock_N08_N04_Aonly,DiscussionGRPWaitPage,1772919071,16,0,1
qabwue95,27,yieq8wyr,181,mock_N08_N04_Aonly,DiscussionGRPWaitPage,1772919071,16,0,1
qabwue95,28,d420p1zn,186,mock_N08_N04_Aonly,Discussion,1772919073,16,0,0
qabwue95,23,xmxe7cb5,186,mock_N08_N04_Aonly,Discussion,1772919074,16,0,0
qabwue95,27,yieq8wyr,186,mock_N08_N04_Aonly,Discussion,1772919075,16,0,0
qabwue95,16,3yv708gu,186,mock_N08_N04_Aonly,Discussion,1772919077,16,0,0
qabwue95,16,3yv708gu,192,mock_N08_N04_Aonly,DiscussionGRPWaitPage,1772919077,17,0,1
qabwue95,23,xmxe7cb5,192,mock_N08_N04_Aonly,DiscussionGRPWaitPage,1772919077,17,0,1
qabwue95,27,yieq8wyr,192,mock_N08_N04_Aonly,DiscussionGRPWaitPage,1772919077,17,0,1
qabwue95,28,d420p1zn,192,mock_N08_N04_Aonly,DiscussionGRPWaitPage,1772919077,17,0,1
qabwue95,23,xmxe7cb5,197,mock_N08_N04_Aonly,Discussion,1772919080,17,0,0
qabwue95,28,d420p1zn,197,mock_N08_N04_Aonly,Discussion,1772919082,17,0,0
qabwue95,16,3yv708gu,197,mock_N08_N04_Aonly,Discussion,1772919082,17,0,0
qabwue95,27,yieq8wyr,197,mock_N08_N04_Aonly,Discussion,1772919084,17,0,0
qabwue95,28,d420p1zn,203,mock_N08_N04_Aonly,DiscussionGRPWaitPage,1772919084,18,0,1
qabwue95,23,xmxe7cb5,203,mock_N08_N04_Aonly,DiscussionGRPWaitPage,1772919084,18,0,1
qabwue95,16,3yv708gu,203,mock_N08_N04_Aonly,DiscussionGRPWaitPage,1772919084,18,0,1
qabwue95,27,yieq8wyr,203,mock_N08_N04_Aonly,DiscussionGRPWaitPage,1772919084,18,0,1
qabwue95,23,xmxe7cb5,208,mock_N08_N04_Aonly,Discussion,1772919086,18,0,0
qabwue95,28,d420p1zn,208,mock_N08_N04_Aonly,Discussion,1772919086,18,0,0
qabwue95,27,yieq8wyr,208,mock_N08_N04_Aonly,Discussion,1772919090,18,0,0
qabwue95,16,3yv708gu,208,mock_N08_N04_Aonly,Discussion,1772919092,18,0,0
qabwue95,28,d420p1zn,214,mock_N08_N04_Aonly,DiscussionGRPWaitPage,1772919092,19,0,1
qabwue95,23,xmxe7cb5,214,mock_N08_N04_Aonly,DiscussionGRPWaitPage,1772919092,19,0,1
qabwue95,16,3yv708gu,214,mock_N08_N04_Aonly,DiscussionGRPWaitPage,1772919092,19,0,1
qabwue95,27,yieq8wyr,214,mock_N08_N04_Aonly,DiscussionGRPWaitPage,1772919092,19,0,1
qabwue95,28,d420p1zn,219,mock_N08_N04_Aonly,Discussion,1772919095,19,0,0
qabwue95,23,xmxe7cb5,219,mock_N08_N04_Aonly,Discussion,1772919095,19,0,0
qabwue95,16,3yv708gu,219,mock_N08_N04_Aonly,Discussion,1772919098,19,0,0
qabwue95,27,yieq8wyr,219,mock_N08_N04_Aonly,Discussion,1772919100,19,0,0
qabwue95,28,d420p1zn,225,mock_N08_N04_Aonly,DiscussionGRPWaitPage,1772919101,20,0,1
qabwue95,23,xmxe7cb5,225,mock_N08_N04_Aonly,DiscussionGRPWaitPage,1772919101,20,0,1
qabwue95,16,3yv708gu,225,mock_N08_N04_Aonly,DiscussionGRPWaitPage,1772919101,20,0,1
qabwue95,27,yieq8wyr,225,mock_N08_N04_Aonly,DiscussionGRPWaitPage,1772919101,20,0,1
qabwue95,27,yieq8wyr,230,mock_N08_N04_Aonly,Discussion,1772919103,20,0,0
qabwue95,34,ob5r83kc,1,presurvey,Introduction,1772919104,1,0,0
qabwue95,35,oafvv297,0,,InitializeParticipant,1772919104,1,0,0
qabwue95,23,xmxe7cb5,230,mock_N08_N04_Aonly,Discussion,1772919104,20,0,0
qabwue95,28,d420p1zn,230,mock_N08_N04_Aonly,Discussion,1772919105,20,0,0
qabwue95,33,f9fg581i,6,presurvey,TrainingNeighbor_1,1772919106,1,0,0
qabwue95,16,3yv708gu,230,mock_N08_N04_Aonly,Discussion,1772919108,20,0,0
qabwue95,35,oafvv297,1,presurvey,Introduction,1772919108,1,0,0
qabwue95,28,d420p1zn,231,mock_N08_N04_Aonly,FinalRoundWaitPage,1772919108,20,0,1
qabwue95,27,yieq8wyr,231,mock_N08_N04_Aonly,FinalRoundWaitPage,1772919108,20,0,1
qabwue95,23,xmxe7cb5,231,mock_N08_N04_Aonly,FinalRoundWaitPage,1772919108,20,0,1
qabwue95,16,3yv708gu,231,mock_N08_N04_Aonly,FinalRoundWaitPage,1772919108,20,0,1
qabwue95,28,d420p1zn,232,mock_N08_N04_Aonly,FinalRound,1772919117,20,0,0
qabwue95,23,xmxe7cb5,232,mock_N08_N04_Aonly,FinalRound,1772919119,20,0,0
qabwue95,35,oafvv297,2,presurvey,AudioCheck,1772919119,1,0,0
qabwue95,27,yieq8wyr,232,mock_N08_N04_Aonly,FinalRound,1772919121,20,0,0
qabwue95,16,3yv708gu,232,mock_N08_N04_Aonly,FinalRound,1772919122,20,0,0
qabwue95,33,f9fg581i,7,presurvey,TrainingNeighbor_2,1772919126,1,0,0
qabwue95,33,f9fg581i,8,presurvey,AttentionCheck,1772919143,1,0,0
qabwue95,34,ob5r83kc,2,presurvey,AudioCheck,1772919149,1,0,0
qabwue95,33,f9fg581i,9,presurvey,TrainingNeighbor_3,1772919153,1,0,0
qabwue95,35,oafvv297,3,presurvey,Demographics,1772919153,1,0,0
qabwue95,33,f9fg581i,10,presurvey,ExperimentInstruction,1772919171,1,0,0
qabwue95,34,ob5r83kc,3,presurvey,Demographics,1772919173,1,0,0
qabwue95,33,f9fg581i,11,presurvey,Scenario,1772919201,1,0,0
qabwue95,35,oafvv297,4,presurvey,NeighborhoodInstruction,1772919217,1,0,0
qabwue95,36,eh4zivjc,0,,InitializeParticipant,1772919256,1,0,0
qabwue95,34,ob5r83kc,4,presurvey,NeighborhoodInstruction,1772919262,1,0,0
qabwue95,35,oafvv297,5,presurvey,Training,1772919263,1,0,0
qabwue95,33,f9fg581i,12,presurvey,Commitment,1772919264,1,0,0
qabwue95,36,eh4zivjc,1,presurvey,Introduction,1772919296,1,0,0
qabwue95,37,c5a56x83,0,,InitializeParticipant,1772919318,1,0,0
qabwue95,34,ob5r83kc,5,presurvey,Training,1772919320,1,0,0
qabwue95,36,eh4zivjc,2,presurvey,AudioCheck,1772919332,1,0,0
qabwue95,37,c5a56x83,1,presurvey,Introduction,1772919341,1,0,0
qabwue95,36,eh4zivjc,3,presurvey,Demographics,1772919355,1,0,0
qabwue95,35,oafvv297,6,presurvey,TrainingNeighbor_1,1772919365,1,0,0
qabwue95,38,9dgniybd,0,,InitializeParticipant,1772919375,1,0,0
qabwue95,35,oafvv297,7,presurvey,TrainingNeighbor_2,1772919378,1,0,0
qabwue95,37,c5a56x83,2,presurvey,AudioCheck,1772919382,1,0,0
qabwue95,35,oafvv297,10,presurvey,ExperimentInstruction,1772919382,1,0,0
qabwue95,36,eh4zivjc,4,presurvey,NeighborhoodInstruction,1772919383,1,0,0
qabwue95,39,p9dvoy13,0,,InitializeParticipant,1772919405,1,0,0
qabwue95,38,9dgniybd,1,presurvey,Introduction,1772919407,1,0,0
qabwue95,37,c5a56x83,3,presurvey,Demographics,1772919408,1,0,0
qabwue95,39,p9dvoy13,1,presurvey,Introduction,1772919417,1,0,0
qabwue95,36,eh4zivjc,5,presurvey,Training,1772919421,1,0,0
qabwue95,37,c5a56x83,4,presurvey,NeighborhoodInstruction,1772919426,1,0,0
qabwue95,35,oafvv297,11,presurvey,Scenario,1772919445,1,0,0
qabwue95,38,9dgniybd,2,presurvey,AudioCheck,1772919446,1,0,0
qabwue95,38,9dgniybd,3,presurvey,Demographics,1772919460,1,0,0
qabwue95,37,c5a56x83,5,presurvey,Training,1772919466,1,0,0
qabwue95,38,9dgniybd,4,presurvey,NeighborhoodInstruction,1772919472,1,0,0
qabwue95,36,eh4zivjc,6,presurvey,TrainingNeighbor_1,1772919475,1,0,0
qabwue95,40,ms4zqq1z,0,,InitializeParticipant,1772919477,1,0,0
qabwue95,34,ob5r83kc,6,presurvey,TrainingNeighbor_1,1772919478,1,0,0
qabwue95,39,p9dvoy13,2,presurvey,AudioCheck,1772919484,1,0,0
qabwue95,38,9dgniybd,5,presurvey,Training,1772919484,1,0,0
qabwue95,40,ms4zqq1z,1,presurvey,Introduction,1772919486,1,0,0
qabwue95,36,eh4zivjc,7,presurvey,TrainingNeighbor_2,1772919497,1,0,0
qabwue95,37,c5a56x83,6,presurvey,TrainingNeighbor_1,1772919501,1,0,0
qabwue95,40,ms4zqq1z,2,presurvey,AudioCheck,1772919506,1,0,0
qabwue95,39,p9dvoy13,3,presurvey,Demographics,1772919510,1,0,0
qabwue95,37,c5a56x83,10,presurvey,ExperimentInstruction,1772919518,1,0,0
qabwue95,36,eh4zivjc,10,presurvey,ExperimentInstruction,1772919521,1,0,0
qabwue95,40,ms4zqq1z,3,presurvey,Demographics,1772919523,1,0,0
qabwue95,35,oafvv297,12,presurvey,Commitment,1772919526,1,0,0
qabwue95,37,c5a56x83,11,presurvey,Scenario,1772919547,1,0,0
qabwue95,40,ms4zqq1z,4,presurvey,NeighborhoodInstruction,1772919550,1,0,0
qabwue95,39,p9dvoy13,4,presurvey,NeighborhoodInstruction,1772919555,1,0,0
qabwue95,38,9dgniybd,6,presurvey,TrainingNeighbor_1,1772919556,1,0,0
qabwue95,34,ob5r83kc,10,presurvey,ExperimentInstruction,1772919559,1,0,0
qabwue95,38,9dgniybd,7,presurvey,TrainingNeighbor_2,1772919564,1,0,0
qabwue95,36,eh4zivjc,11,presurvey,Scenario,1772919576,1,0,0
qabwue95,39,p9dvoy13,5,presurvey,Training,1772919590,1,0,0
qabwue95,38,9dgniybd,10,presurvey,ExperimentInstruction,1772919592,1,0,0
qabwue95,37,c5a56x83,12,presurvey,Commitment,1772919598,1,0,0
qabwue95,40,ms4zqq1z,5,presurvey,Training,1772919600,1,0,0
qabwue95,41,2uzr0xma,0,,InitializeParticipant,1772919617,1,0,0
qabwue95,34,ob5r83kc,11,presurvey,Scenario,1772919625,1,0,0
qabwue95,39,p9dvoy13,6,presurvey,TrainingNeighbor_1,1772919627,1,0,0
qabwue95,38,9dgniybd,11,presurvey,Scenario,1772919636,1,0,0
qabwue95,41,2uzr0xma,1,presurvey,Introduction,1772919649,1,0,0
qabwue95,40,ms4zqq1z,6,presurvey,TrainingNeighbor_1,1772919658,1,0,0
qabwue95,41,2uzr0xma,2,presurvey,AudioCheck,1772919669,1,0,0
qabwue95,40,ms4zqq1z,10,presurvey,ExperimentInstruction,1772919681,1,0,0
qabwue95,41,2uzr0xma,3,presurvey,Demographics,1772919682,1,0,0
qabwue95,41,2uzr0xma,4,presurvey,NeighborhoodInstruction,1772919706,1,0,0
qabwue95,40,ms4zqq1z,11,presurvey,Scenario,1772919716,1,0,0
qabwue95,34,ob5r83kc,12,presurvey,Commitment,1772919732,1,0,0
qabwue95,39,p9dvoy13,10,presurvey,ExperimentInstruction,1772919735,1,0,0
qabwue95,41,2uzr0xma,5,presurvey,Training,1772919739,1,0,0
qabwue95,41,2uzr0xma,6,presurvey,TrainingNeighbor_1,1772919787,1,0,0
qabwue95,39,p9dvoy13,11,presurvey,Scenario,1772919791,1,0,0
qabwue95,41,2uzr0xma,7,presurvey,TrainingNeighbor_2,1772919796,1,0,0
qabwue95,42,p2rufx12,0,,InitializeParticipant,1772919803,1,0,0
qabwue95,41,2uzr0xma,10,presurvey,ExperimentInstruction,1772919811,1,0,0
qabwue95,42,p2rufx12,1,presurvey,Introduction,1772919821,1,0,0
qabwue95,39,p9dvoy13,12,presurvey,Commitment,1772919829,1,0,0
qabwue95,42,p2rufx12,2,presurvey,AudioCheck,1772919843,1,0,0
qabwue95,41,2uzr0xma,11,presurvey,Scenario,1772919852,1,0,0
qabwue95,42,p2rufx12,3,presurvey,Demographics,1772919859,1,0,0
qabwue95,42,p2rufx12,4,presurvey,NeighborhoodInstruction,1772919882,1,0,0
qabwue95,42,p2rufx12,5,presurvey,Training,1772919912,1,0,0
qabwue95,42,p2rufx12,6,presurvey,TrainingNeighbor_1,1772919935,1,0,0
qabwue95,43,gv3cfk6x,0,,InitializeParticipant,1772919940,1,0,0
qabwue95,42,p2rufx12,10,presurvey,ExperimentInstruction,1772919944,1,0,0
qabwue95,43,gv3cfk6x,1,presurvey,Introduction,1772919945,1,0,0
qabwue95,43,gv3cfk6x,2,presurvey,AudioCheck,1772919955,1,0,0
qabwue95,43,gv3cfk6x,3,presurvey,Demographics,1772919964,1,0,0
qabwue95,43,gv3cfk6x,4,presurvey,NeighborhoodInstruction,1772919973,1,0,0
qabwue95,42,p2rufx12,11,presurvey,Scenario,1772919977,1,0,0
qabwue95,43,gv3cfk6x,5,presurvey,Training,1772919992,1,0,0
qabwue95,43,gv3cfk6x,6,presurvey,TrainingNeighbor_1,1772920012,1,0,0
qabwue95,43,gv3cfk6x,10,presurvey,ExperimentInstruction,1772920018,1,0,0
qabwue95,43,gv3cfk6x,11,presurvey,Scenario,1772920035,1,0,0
qabwue95,44,qi76ynjs,0,,InitializeParticipant,1772920037,1,0,0
qabwue95,45,3ak4wdcn,0,,InitializeParticipant,1772920049,1,0,0
qabwue95,44,qi76ynjs,1,presurvey,Introduction,1772920054,1,0,0
qabwue95,45,3ak4wdcn,1,presurvey,Introduction,1772920056,1,0,0
qabwue95,44,qi76ynjs,2,presurvey,AudioCheck,1772920067,1,0,0
qabwue95,45,3ak4wdcn,2,presurvey,AudioCheck,1772920083,1,0,0
qabwue95,44,qi76ynjs,3,presurvey,Demographics,1772920085,1,0,0
qabwue95,43,gv3cfk6x,12,presurvey,Commitment,1772920086,1,0,0
qabwue95,44,qi76ynjs,4,presurvey,NeighborhoodInstruction,1772920093,1,0,0
qabwue95,45,3ak4wdcn,3,presurvey,Demographics,1772920097,1,0,0
qabwue95,46,sgerilfw,0,,InitializeParticipant,1772920130,1,0,0
qabwue95,46,sgerilfw,1,presurvey,Introduction,1772920137,1,0,0
qabwue95,44,qi76ynjs,5,presurvey,Training,1772920156,1,0,0
qabwue95,45,3ak4wdcn,4,presurvey,NeighborhoodInstruction,1772920160,1,0,0
qabwue95,46,sgerilfw,2,presurvey,AudioCheck,1772920174,1,0,0
qabwue95,47,qs51j73m,0,,InitializeParticipant,1772920175,1,0,0
qabwue95,44,qi76ynjs,6,presurvey,TrainingNeighbor_1,1772920193,1,0,0
qabwue95,44,qi76ynjs,10,presurvey,ExperimentInstruction,1772920204,1,0,0
qabwue95,46,sgerilfw,3,presurvey,Demographics,1772920206,1,0,0
qabwue95,44,qi76ynjs,11,presurvey,Scenario,1772920230,1,0,0
qabwue95,46,sgerilfw,4,presurvey,NeighborhoodInstruction,1772920233,1,0,0
qabwue95,45,3ak4wdcn,5,presurvey,Training,1772920236,1,0,0
qabwue95,47,qs51j73m,1,presurvey,Introduction,1772920265,1,0,0
qabwue95,46,sgerilfw,5,presurvey,Training,1772920277,1,0,0
qabwue95,44,qi76ynjs,12,presurvey,Commitment,1772920284,1,0,0
qabwue95,48,ct42ssxy,0,,InitializeParticipant,1772920310,1,0,0
qabwue95,46,sgerilfw,6,presurvey,TrainingNeighbor_1,1772920310,1,0,0
qabwue95,48,ct42ssxy,1,presurvey,Introduction,1772920317,1,0,0
qabwue95,45,3ak4wdcn,6,presurvey,TrainingNeighbor_1,1772920326,1,0,0
qabwue95,46,sgerilfw,10,presurvey,ExperimentInstruction,1772920334,1,0,0
qabwue95,45,3ak4wdcn,7,presurvey,TrainingNeighbor_2,1772920335,1,0,0
qabwue95,48,ct42ssxy,2,presurvey,AudioCheck,1772920339,1,0,0
qabwue95,48,ct42ssxy,3,presurvey,Demographics,1772920351,1,0,0
qabwue95,48,ct42ssxy,4,presurvey,NeighborhoodInstruction,1772920361,1,0,0
qabwue95,45,3ak4wdcn,10,presurvey,ExperimentInstruction,1772920362,1,0,0
qabwue95,48,ct42ssxy,5,presurvey,Training,1772920375,1,0,0
qabwue95,46,sgerilfw,11,presurvey,Scenario,1772920378,1,0,0
qabwue95,48,ct42ssxy,6,presurvey,TrainingNeighbor_1,1772920390,1,0,0
qabwue95,48,ct42ssxy,10,presurvey,ExperimentInstruction,1772920394,1,0,0
qabwue95,47,qs51j73m,2,presurvey,AudioCheck,1772920398,1,0,0
qabwue95,48,ct42ssxy,11,presurvey,Scenario,1772920417,1,0,0
qabwue95,33,f9fg581i,13,mock_N08_N04_Aonly,GroupingWaitPage,1772920420,1,0,1
qabwue95,34,ob5r83kc,13,mock_N08_N04_Aonly,GroupingWaitPage,1772920420,1,0,1
qabwue95,39,p9dvoy13,13,mock_N08_N04_Aonly,GroupingWaitPage,1772920420,1,0,1
qabwue95,44,qi76ynjs,13,mock_N08_N04_Aonly,GroupingWaitPage,1772920420,1,0,1
qabwue95,47,qs51j73m,3,presurvey,Demographics,1772920420,1,0,0
qabwue95,33,f9fg581i,14,mock_N08_N04_Aonly,GroupSizeWaitPage,1772920424,1,0,1
qabwue95,34,ob5r83kc,14,mock_N08_N04_Aonly,GroupSizeWaitPage,1772920424,1,0,1
qabwue95,39,p9dvoy13,14,mock_N08_N04_Aonly,GroupSizeWaitPage,1772920424,1,0,1
qabwue95,44,qi76ynjs,14,mock_N08_N04_Aonly,GroupSizeWaitPage,1772920424,1,0,1
qabwue95,44,qi76ynjs,16,mock_N08_N04_Aonly,DiscussionGRPWaitPage,1772920425,1,0,1
qabwue95,33,f9fg581i,16,mock_N08_N04_Aonly,DiscussionGRPWaitPage,1772920425,1,0,1
qabwue95,34,ob5r83kc,16,mock_N08_N04_Aonly,DiscussionGRPWaitPage,1772920425,1,0,1
qabwue95,39,p9dvoy13,16,mock_N08_N04_Aonly,DiscussionGRPWaitPage,1772920425,1,0,1
qabwue95,48,ct42ssxy,12,presurvey,Commitment,1772920439,1,0,0
qabwue95,33,f9fg581i,17,mock_N08_N04_Aonly,Nudge,1772920446,1,0,0
qabwue95,44,qi76ynjs,17,mock_N08_N04_Aonly,Nudge,1772920451,1,0,0
qabwue95,33,f9fg581i,18,mock_N08_N04_Aonly,NudgeTraining,1772920453,1,0,0
qabwue95,34,ob5r83kc,17,mock_N08_N04_Aonly,Nudge,1772920460,1,0,0
qabwue95,33,f9fg581i,19,mock_N08_N04_Aonly,NudgeTrainingLast,1772920464,1,0,0
qabwue95,39,p9dvoy13,17,mock_N08_N04_Aonly,Nudge,1772920467,1,0,0
qabwue95,45,3ak4wdcn,11,presurvey,Scenario,1772920470,1,0,0
qabwue95,44,qi76ynjs,18,mock_N08_N04_Aonly,NudgeTraining,1772920474,1,0,0
qabwue95,34,ob5r83kc,18,mock_N08_N04_Aonly,NudgeTraining,1772920474,1,0,0
qabwue95,39,p9dvoy13,18,mock_N08_N04_Aonly,NudgeTraining,1772920483,1,0,0
qabwue95,34,ob5r83kc,19,mock_N08_N04_Aonly,NudgeTrainingLast,1772920489,1,0,0
qabwue95,33,f9fg581i,20,mock_N08_N04_Aonly,Phase3,1772920489,1,0,0
qabwue95,44,qi76ynjs,19,mock_N08_N04_Aonly,NudgeTrainingLast,1772920493,1,0,0
qabwue95,39,p9dvoy13,19,mock_N08_N04_Aonly,NudgeTrainingLast,1772920499,1,0,0
qabwue95,33,f9fg581i,21,mock_N08_N04_Aonly,Discussion,1772920500,1,0,0
qabwue95,39,p9dvoy13,20,mock_N08_N04_Aonly,Phase3,1772920515,1,0,0
qabwue95,44,qi76ynjs,20,mock_N08_N04_Aonly,Phase3,1772920520,1,0,0
qabwue95,47,qs51j73m,4,presurvey,NeighborhoodInstruction,1772920524,1,0,0
qabwue95,44,qi76ynjs,21,mock_N08_N04_Aonly,Discussion,1772920529,1,0,0
qabwue95,39,p9dvoy13,21,mock_N08_N04_Aonly,Discussion,1772920534,1,0,0
qabwue95,34,ob5r83kc,20,mock_N08_N04_Aonly,Phase3,1772920535,1,1,0
qabwue95,49,c5lbskqi,0,,InitializeParticipant,1772920542,1,0,0
qabwue95,49,c5lbskqi,1,presurvey,Introduction,1772920556,1,0,0
qabwue95,50,3g1e1ful,0,,InitializeParticipant,1772920568,1,0,0
qabwue95,49,c5lbskqi,2,presurvey,AudioCheck,1772920574,1,0,0
qabwue95,34,ob5r83kc,21,mock_N08_N04_Aonly,Discussion,1772920582,1,0,0
qabwue95,33,f9fg581i,27,mock_N08_N04_Aonly,DiscussionGRPWaitPage,1772920583,2,0,1
qabwue95,34,ob5r83kc,27,mock_N08_N04_Aonly,DiscussionGRPWaitPage,1772920583,2,0,1
qabwue95,39,p9dvoy13,27,mock_N08_N04_Aonly,DiscussionGRPWaitPage,1772920583,2,0,1
qabwue95,44,qi76ynjs,27,mock_N08_N04_Aonly,DiscussionGRPWaitPage,1772920583,2,0,1
qabwue95,50,3g1e1ful,1,presurvey,Introduction,1772920583,1,0,0
qabwue95,49,c5lbskqi,3,presurvey,Demographics,1772920586,1,0,0
qabwue95,33,f9fg581i,32,mock_N08_N04_Aonly,Discussion,1772920590,2,0,0
qabwue95,34,ob5r83kc,32,mock_N08_N04_Aonly,Discussion,1772920595,2,0,0
qabwue95,44,qi76ynjs,32,mock_N08_N04_Aonly,Discussion,1772920596,2,0,0
qabwue95,49,c5lbskqi,4,presurvey,NeighborhoodInstruction,1772920598,1,0,0
qabwue95,50,3g1e1ful,2,presurvey,AudioCheck,1772920610,1,0,0
qabwue95,51,yr86uvp0,0,,InitializeParticipant,1772920622,1,0,0
qabwue95,51,yr86uvp0,1,presurvey,Introduction,1772920628,1,0,0
qabwue95,39,p9dvoy13,32,mock_N08_N04_Aonly,Discussion,1772920629,2,1,0
qabwue95,44,qi76ynjs,38,mock_N08_N04_Aonly,DiscussionGRPWaitPage,1772920630,3,0,1
qabwue95,33,f9fg581i,38,mock_N08_N04_Aonly,DiscussionGRPWaitPage,1772920630,3,0,1
qabwue95,34,ob5r83kc,38,mock_N08_N04_Aonly,DiscussionGRPWaitPage,1772920630,3,0,1
qabwue95,39,p9dvoy13,38,mock_N08_N04_Aonly,DiscussionGRPWaitPage,1772920630,3,0,1
qabwue95,44,qi76ynjs,43,mock_N08_N04_Aonly,Discussion,1772920637,3,0,0
qabwue95,47,qs51j73m,5,presurvey,Training,1772920638,1,0,0
qabwue95,49,c5lbskqi,5,presurvey,Training,1772920642,1,0,0
qabwue95,34,ob5r83kc,43,mock_N08_N04_Aonly,Discussion,1772920645,3,0,0
qabwue95,39,p9dvoy13,43,mock_N08_N04_Aonly,Discussion,1772920645,3,0,0
qabwue95,33,f9fg581i,43,mock_N08_N04_Aonly,Discussion,1772920646,3,0,0
qabwue95,44,qi76ynjs,49,mock_N08_N04_Aonly,DiscussionGRPWaitPage,1772920646,4,0,1
qabwue95,33,f9fg581i,49,mock_N08_N04_Aonly,DiscussionGRPWaitPage,1772920646,4,0,1
qabwue95,34,ob5r83kc,49,mock_N08_N04_Aonly,DiscussionGRPWaitPage,1772920646,4,0,1
qabwue95,39,p9dvoy13,49,mock_N08_N04_Aonly,DiscussionGRPWaitPage,1772920646,4,0,1
qabwue95,50,3g1e1ful,3,presurvey,Demographics,1772920650,1,0,0
qabwue95,44,qi76ynjs,54,mock_N08_N04_Aonly,Discussion,1772920650,4,0,0
qabwue95,33,f9fg581i,54,mock_N08_N04_Aonly,Discussion,1772920654,4,0,0
qabwue95,34,ob5r83kc,54,mock_N08_N04_Aonly,Discussion,1772920656,4,0,0
qabwue95,50,3g1e1ful,4,presurvey,NeighborhoodInstruction,1772920659,1,0,0
qabwue95,39,p9dvoy13,54,mock_N08_N04_Aonly,Discussion,1772920663,4,0,0
qabwue95,44,qi76ynjs,60,mock_N08_N04_Aonly,DiscussionGRPWaitPage,1772920664,5,0,1
qabwue95,39,p9dvoy13,60,mock_N08_N04_Aonly,DiscussionGRPWaitPage,1772920664,5,0,1
qabwue95,33,f9fg581i,60,mock_N08_N04_Aonly,DiscussionGRPWaitPage,1772920664,5,0,1
qabwue95,34,ob5r83kc,60,mock_N08_N04_Aonly,DiscussionGRPWaitPage,1772920664,5,0,1
qabwue95,35,oafvv297,13,mock_N08_N04_Aonly,GroupingWaitPage,1772920667,1,0,1
qabwue95,35,oafvv297,14,mock_N08_N04_Aonly,GroupSizeWaitPage,1772920667,1,0,1
qabwue95,44,qi76ynjs,65,mock_N08_N04_Aonly,Discussion,1772920669,5,0,0
qabwue95,33,f9fg581i,65,mock_N08_N04_Aonly,Discussion,1772920670,5,0,0
qabwue95,34,ob5r83kc,65,mock_N08_N04_Aonly,Discussion,1772920671,5,0,0
qabwue95,49,c5lbskqi,6,presurvey,TrainingNeighbor_1,1772920677,1,0,0
qabwue95,35,oafvv297,15,mock_N08_N04_Aonly,AttentionCheck,1772920678,1,0,0
qabwue95,39,p9dvoy13,65,mock_N08_N04_Aonly,Discussion,1772920683,5,0,0
qabwue95,33,f9fg581i,71,mock_N08_N04_Aonly,DiscussionGRPWaitPage,1772920684,6,0,1
qabwue95,44,qi76ynjs,71,mock_N08_N04_Aonly,DiscussionGRPWaitPage,1772920684,6,0,1
qabwue95,34,ob5r83kc,71,mock_N08_N04_Aonly,DiscussionGRPWaitPage,1772920684,6,0,1
qabwue95,39,p9dvoy13,71,mock_N08_N04_Aonly,DiscussionGRPWaitPage,1772920684,6,0,1
qabwue95,49,c5lbskqi,10,presurvey,ExperimentInstruction,1772920684,1,0,0
qabwue95,44,qi76ynjs,76,mock_N08_N04_Aonly,Discussion,1772920688,6,0,0
qabwue95,33,f9fg581i,76,mock_N08_N04_Aonly,Discussion,1772920689,6,0,0
qabwue95,34,ob5r83kc,76,mock_N08_N04_Aonly,Discussion,1772920691,6,0,0
qabwue95,39,p9dvoy13,76,mock_N08_N04_Aonly,Discussion,1772920700,6,0,0
qabwue95,44,qi76ynjs,82,mock_N08_N04_Aonly,DiscussionGRPWaitPage,1772920701,7,0,1
qabwue95,33,f9fg581i,82,mock_N08_N04_Aonly,DiscussionGRPWaitPage,1772920701,7,0,1
qabwue95,34,ob5r83kc,82,mock_N08_N04_Aonly,DiscussionGRPWaitPage,1772920701,7,0,1
qabwue95,39,p9dvoy13,82,mock_N08_N04_Aonly,DiscussionGRPWaitPage,1772920701,7,0,1
qabwue95,44,qi76ynjs,87,mock_N08_N04_Aonly,Discussion,1772920703,7,0,0
qabwue95,33,f9fg581i,87,mock_N08_N04_Aonly,Discussion,1772920706,7,0,0
qabwue95,34,ob5r83kc,87,mock_N08_N04_Aonly,Discussion,1772920707,7,0,0
qabwue95,49,c5lbskqi,11,presurvey,Scenario,1772920713,1,0,0
qabwue95,47,qs51j73m,6,presurvey,TrainingNeighbor_1,1772920719,1,0,0
qabwue95,50,3g1e1ful,5,presurvey,Training,1772920722,1,0,0
qabwue95,39,p9dvoy13,87,mock_N08_N04_Aonly,Discussion,1772920726,7,0,0
qabwue95,44,qi76ynjs,93,mock_N08_N04_Aonly,DiscussionGRPWaitPage,1772920727,8,0,1
qabwue95,39,p9dvoy13,93,mock_N08_N04_Aonly,DiscussionGRPWaitPage,1772920727,8,0,1
qabwue95,33,f9fg581i,93,mock_N08_N04_Aonly,DiscussionGRPWaitPage,1772920727,8,0,1
qabwue95,34,ob5r83kc,93,mock_N08_N04_Aonly,DiscussionGRPWaitPage,1772920727,8,0,1
qabwue95,44,qi76ynjs,98,mock_N08_N04_Aonly,Discussion,1772920730,8,0,0
qabwue95,39,p9dvoy13,98,mock_N08_N04_Aonly,Discussion,1772920731,8,0,0
qabwue95,33,f9fg581i,98,mock_N08_N04_Aonly,Discussion,1772920732,8,0,0
qabwue95,34,ob5r83kc,98,mock_N08_N04_Aonly,Discussion,1772920734,8,0,0
qabwue95,44,qi76ynjs,104,mock_N08_N04_Aonly,DiscussionGRPWaitPage,1772920735,9,0,1
qabwue95,33,f9fg581i,104,mock_N08_N04_Aonly,DiscussionGRPWaitPage,1772920735,9,0,1
qabwue95,34,ob5r83kc,104,mock_N08_N04_Aonly,DiscussionGRPWaitPage,1772920735,9,0,1
qabwue95,39,p9dvoy13,104,mock_N08_N04_Aonly,DiscussionGRPWaitPage,1772920735,9,0,1
qabwue95,44,qi76ynjs,109,mock_N08_N04_Aonly,Discussion,1772920738,9,0,0
qabwue95,33,f9fg581i,109,mock_N08_N04_Aonly,Discussion,1772920740,9,0,0
qabwue95,37,c5a56x83,13,mock_N08_N04_Aonly,GroupingWaitPage,1772920741,1,0,1
qabwue95,37,c5a56x83,14,mock_N08_N04_Aonly,GroupSizeWaitPage,1772920741,1,0,1
qabwue95,39,p9dvoy13,109,mock_N08_N04_Aonly,Discussion,1772920743,9,0,0
qabwue95,34,ob5r83kc,109,mock_N08_N04_Aonly,Discussion,1772920744,9,0,0
qabwue95,33,f9fg581i,115,mock_N08_N04_Aonly,DiscussionGRPWaitPage,1772920744,10,0,1
qabwue95,34,ob5r83kc,115,mock_N08_N04_Aonly,DiscussionGRPWaitPage,1772920744,10,0,1
qabwue95,44,qi76ynjs,115,mock_N08_N04_Aonly,DiscussionGRPWaitPage,1772920744,10,0,1
qabwue95,39,p9dvoy13,115,mock_N08_N04_Aonly,DiscussionGRPWaitPage,1772920744,10,0,1
qabwue95,33,f9fg581i,120,mock_N08_N04_Aonly,Discussion,1772920748,10,0,0
qabwue95,44,qi76ynjs,120,mock_N08_N04_Aonly,Discussion,1772920749,10,0,0
qabwue95,37,c5a56x83,15,mock_N08_N04_Aonly,AttentionCheck,1772920749,1,0,0
qabwue95,34,ob5r83kc,120,mock_N08_N04_Aonly,Discussion,1772920754,10,0,0
qabwue95,49,c5lbskqi,12,presurvey,Commitment,1772920754,1,0,0
qabwue95,47,qs51j73m,7,presurvey,TrainingNeighbor_2,1772920757,1,0,0
qabwue95,50,3g1e1ful,6,presurvey,TrainingNeighbor_1,1772920759,1,0,0
qabwue95,47,qs51j73m,10,presurvey,ExperimentInstruction,1772920767,1,0,0
qabwue95,39,p9dvoy13,120,mock_N08_N04_Aonly,Discussion,1772920767,10,0,0
qabwue95,44,qi76ynjs,126,mock_N08_N04_Aonly,DiscussionGRPWaitPage,1772920768,11,0,1
qabwue95,33,f9fg581i,126,mock_N08_N04_Aonly,DiscussionGRPWaitPage,1772920768,11,0,1
qabwue95,34,ob5r83kc,126,mock_N08_N04_Aonly,DiscussionGRPWaitPage,1772920768,11,0,1
qabwue95,39,p9dvoy13,126,mock_N08_N04_Aonly,DiscussionGRPWaitPage,1772920768,11,0,1
qabwue95,44,qi76ynjs,131,mock_N08_N04_Aonly,Discussion,1772920773,11,0,0
qabwue95,33,f9fg581i,131,mock_N08_N04_Aonly,Discussion,1772920773,11,0,0
qabwue95,39,p9dvoy13,131,mock_N08_N04_Aonly,Discussion,1772920774,11,0,0
qabwue95,34,ob5r83kc,131,mock_N08_N04_Aonly,Discussion,1772920781,11,0,0
qabwue95,44,qi76ynjs,137,mock_N08_N04_Aonly,DiscussionGRPWaitPage,1772920782,12,0,1
qabwue95,33,f9fg581i,137,mock_N08_N04_Aonly,DiscussionGRPWaitPage,1772920782,12,0,1
qabwue95,34,ob5r83kc,137,mock_N08_N04_Aonly,DiscussionGRPWaitPage,1772920782,12,0,1
qabwue95,39,p9dvoy13,137,mock_N08_N04_Aonly,DiscussionGRPWaitPage,1772920782,12,0,1
qabwue95,44,qi76ynjs,142,mock_N08_N04_Aonly,Discussion,1772920785,12,0,0
qabwue95,52,c71grgjw,0,,InitializeParticipant,1772920785,1,0,0
qabwue95,34,ob5r83kc,142,mock_N08_N04_Aonly,Discussion,1772920786,12,0,0
qabwue95,39,p9dvoy13,142,mock_N08_N04_Aonly,Discussion,1772920786,12,0,0
qabwue95,33,f9fg581i,142,mock_N08_N04_Aonly,Discussion,1772920789,12,0,0
qabwue95,44,qi76ynjs,148,mock_N08_N04_Aonly,DiscussionGRPWaitPage,1772920789,13,0,1
qabwue95,33,f9fg581i,148,mock_N08_N04_Aonly,DiscussionGRPWaitPage,1772920789,13,0,1
qabwue95,34,ob5r83kc,148,mock_N08_N04_Aonly,DiscussionGRPWaitPage,1772920789,13,0,1
qabwue95,39,p9dvoy13,148,mock_N08_N04_Aonly,DiscussionGRPWaitPage,1772920789,13,0,1
qabwue95,44,qi76ynjs,153,mock_N08_N04_Aonly,Discussion,1772920791,13,0,0
qabwue95,33,f9fg581i,153,mock_N08_N04_Aonly,Discussion,1772920793,13,0,0
qabwue95,39,p9dvoy13,153,mock_N08_N04_Aonly,Discussion,1772920794,13,0,0
qabwue95,34,ob5r83kc,153,mock_N08_N04_Aonly,Discussion,1772920796,13,0,0
qabwue95,33,f9fg581i,159,mock_N08_N04_Aonly,DiscussionGRPWaitPage,1772920796,14,0,1
qabwue95,34,ob5r83kc,159,mock_N08_N04_Aonly,DiscussionGRPWaitPage,1772920796,14,0,1
qabwue95,44,qi76ynjs,159,mock_N08_N04_Aonly,DiscussionGRPWaitPage,1772920796,14,0,1
qabwue95,39,p9dvoy13,159,mock_N08_N04_Aonly,DiscussionGRPWaitPage,1772920796,14,0,1
qabwue95,44,qi76ynjs,164,mock_N08_N04_Aonly,Discussion,1772920799,14,0,0
qabwue95,33,f9fg581i,164,mock_N08_N04_Aonly,Discussion,1772920800,14,0,0
qabwue95,39,p9dvoy13,164,mock_N08_N04_Aonly,Discussion,1772920804,14,0,0
qabwue95,34,ob5r83kc,164,mock_N08_N04_Aonly,Discussion,1772920806,14,0,0
qabwue95,44,qi76ynjs,170,mock_N08_N04_Aonly,DiscussionGRPWaitPage,1772920807,15,0,1
qabwue95,39,p9dvoy13,170,mock_N08_N04_Aonly,DiscussionGRPWaitPage,1772920807,15,0,1
qabwue95,33,f9fg581i,170,mock_N08_N04_Aonly,DiscussionGRPWaitPage,1772920807,15,0,1
qabwue95,34,ob5r83kc,170,mock_N08_N04_Aonly,DiscussionGRPWaitPage,1772920807,15,0,1
qabwue95,44,qi76ynjs,175,mock_N08_N04_Aonly,Discussion,1772920809,15,0,0
qabwue95,39,p9dvoy13,175,mock_N08_N04_Aonly,Discussion,1772920811,15,0,0
qabwue95,33,f9fg581i,175,mock_N08_N04_Aonly,Discussion,1772920812,15,0,0
qabwue95,34,ob5r83kc,175,mock_N08_N04_Aonly,Discussion,1772920815,15,0,0
qabwue95,44,qi76ynjs,181,mock_N08_N04_Aonly,DiscussionGRPWaitPage,1772920816,16,0,1
qabwue95,33,f9fg581i,181,mock_N08_N04_Aonly,DiscussionGRPWaitPage,1772920816,16,0,1
qabwue95,34,ob5r83kc,181,mock_N08_N04_Aonly,DiscussionGRPWaitPage,1772920816,16,0,1
qabwue95,39,p9dvoy13,181,mock_N08_N04_Aonly,DiscussionGRPWaitPage,1772920816,16,0,1
qabwue95,44,qi76ynjs,186,mock_N08_N04_Aonly,Discussion,1772920818,16,0,0
qabwue95,33,f9fg581i,186,mock_N08_N04_Aonly,Discussion,1772920819,16,0,0
qabwue95,39,p9dvoy13,186,mock_N08_N04_Aonly,Discussion,1772920821,16,0,0
qabwue95,34,ob5r83kc,186,mock_N08_N04_Aonly,Discussion,1772920824,16,0,0
qabwue95,44,qi76ynjs,192,mock_N08_N04_Aonly,DiscussionGRPWaitPage,1772920825,17,0,1
qabwue95,33,f9fg581i,192,mock_N08_N04_Aonly,DiscussionGRPWaitPage,1772920825,17,0,1
qabwue95,34,ob5r83kc,192,mock_N08_N04_Aonly,DiscussionGRPWaitPage,1772920825,17,0,1
qabwue95,39,p9dvoy13,192,mock_N08_N04_Aonly,DiscussionGRPWaitPage,1772920825,17,0,1
qabwue95,44,qi76ynjs,197,mock_N08_N04_Aonly,Discussion,1772920827,17,0,0
qabwue95,33,f9fg581i,197,mock_N08_N04_Aonly,Discussion,1772920828,17,0,0
qabwue95,34,ob5r83kc,197,mock_N08_N04_Aonly,Discussion,1772920830,17,0,0
qabwue95,39,p9dvoy13,197,mock_N08_N04_Aonly,Discussion,1772920831,17,0,0
qabwue95,44,qi76ynjs,203,mock_N08_N04_Aonly,DiscussionGRPWaitPage,1772920832,18,0,1
qabwue95,33,f9fg581i,203,mock_N08_N04_Aonly,DiscussionGRPWaitPage,1772920832,18,0,1
qabwue95,34,ob5r83kc,203,mock_N08_N04_Aonly,DiscussionGRPWaitPage,1772920832,18,0,1
qabwue95,39,p9dvoy13,203,mock_N08_N04_Aonly,DiscussionGRPWaitPage,1772920832,18,0,1
qabwue95,44,qi76ynjs,208,mock_N08_N04_Aonly,Discussion,1772920834,18,0,0
qabwue95,33,f9fg581i,208,mock_N08_N04_Aonly,Discussion,1772920835,18,0,0
qabwue95,34,ob5r83kc,208,mock_N08_N04_Aonly,Discussion,1772920840,18,0,0
qabwue95,39,p9dvoy13,208,mock_N08_N04_Aonly,Discussion,1772920842,18,0,0
qabwue95,44,qi76ynjs,214,mock_N08_N04_Aonly,DiscussionGRPWaitPage,1772920842,19,0,1
qabwue95,33,f9fg581i,214,mock_N08_N04_Aonly,DiscussionGRPWaitPage,1772920842,19,0,1
qabwue95,34,ob5r83kc,214,mock_N08_N04_Aonly,DiscussionGRPWaitPage,1772920842,19,0,1
qabwue95,39,p9dvoy13,214,mock_N08_N04_Aonly,DiscussionGRPWaitPage,1772920842,19,0,1
qabwue95,44,qi76ynjs,219,mock_N08_N04_Aonly,Discussion,1772920844,19,0,0
qabwue95,33,f9fg581i,219,mock_N08_N04_Aonly,Discussion,1772920846,19,0,0
qabwue95,39,p9dvoy13,219,mock_N08_N04_Aonly,Discussion,1772920848,19,0,0
qabwue95,34,ob5r83kc,219,mock_N08_N04_Aonly,Discussion,1772920860,19,0,0
qabwue95,44,qi76ynjs,225,mock_N08_N04_Aonly,DiscussionGRPWaitPage,1772920861,20,0,1
qabwue95,33,f9fg581i,225,mock_N08_N04_Aonly,DiscussionGRPWaitPage,1772920861,20,0,1
qabwue95,34,ob5r83kc,225,mock_N08_N04_Aonly,DiscussionGRPWaitPage,1772920861,20,0,1
qabwue95,39,p9dvoy13,225,mock_N08_N04_Aonly,DiscussionGRPWaitPage,1772920861,20,0,1
qabwue95,47,qs51j73m,11,presurvey,Scenario,1772920861,1,0,0
qabwue95,44,qi76ynjs,230,mock_N08_N04_Aonly,Discussion,1772920863,20,0,0
qabwue95,39,p9dvoy13,230,mock_N08_N04_Aonly,Discussion,1772920866,20,0,0
qabwue95,33,f9fg581i,230,mock_N08_N04_Aonly,Discussion,1772920866,20,0,0
qabwue95,34,ob5r83kc,230,mock_N08_N04_Aonly,Discussion,1772920872,20,0,0
qabwue95,44,qi76ynjs,231,mock_N08_N04_Aonly,FinalRoundWaitPage,1772920872,20,0,1
qabwue95,34,ob5r83kc,231,mock_N08_N04_Aonly,FinalRoundWaitPage,1772920872,20,0,1
qabwue95,39,p9dvoy13,231,mock_N08_N04_Aonly,FinalRoundWaitPage,1772920872,20,0,1
qabwue95,33,f9fg581i,231,mock_N08_N04_Aonly,FinalRoundWaitPage,1772920872,20,0,1
qabwue95,50,3g1e1ful,10,presurvey,ExperimentInstruction,1772920876,1,0,0
qabwue95,44,qi76ynjs,232,mock_N08_N04_Aonly,FinalRound,1772920880,20,0,0
qabwue95,33,f9fg581i,232,mock_N08_N04_Aonly,FinalRound,1772920882,20,0,0
qabwue95,53,1leofcy2,0,,InitializeParticipant,1772920883,1,0,0
qabwue95,34,ob5r83kc,232,mock_N08_N04_Aonly,FinalRound,1772920888,20,0,0
qabwue95,53,1leofcy2,1,presurvey,Introduction,1772920889,1,0,0
qabwue95,39,p9dvoy13,232,mock_N08_N04_Aonly,FinalRound,1772920895,20,0,0
qabwue95,53,1leofcy2,2,presurvey,AudioCheck,1772920901,1,0,0
qabwue95,54,b90j9ncr,0,,InitializeParticipant,1772920912,1,0,0
qabwue95,53,1leofcy2,3,presurvey,Demographics,1772920915,1,0,0
qabwue95,50,3g1e1ful,11,presurvey,Scenario,1772920916,1,0,0
qabwue95,53,1leofcy2,4,presurvey,NeighborhoodInstruction,1772920921,1,0,0
qabwue95,54,b90j9ncr,1,presurvey,Introduction,1772920933,1,0,0
qabwue95,53,1leofcy2,5,presurvey,Training,1772920950,1,0,0
qabwue95,55,rywj5df4,0,,InitializeParticipant,1772920953,1,0,0
qabwue95,54,b90j9ncr,2,presurvey,AudioCheck,1772920956,1,0,0
qabwue95,54,b90j9ncr,3,presurvey,Demographics,1772920973,1,0,0
qabwue95,56,ayuhhl2a,0,,InitializeParticipant,1772920978,1,0,0
qabwue95,54,b90j9ncr,4,presurvey,NeighborhoodInstruction,1772920985,1,0,0
qabwue95,56,ayuhhl2a,1,presurvey,Introduction,1772920995,1,0,0
qabwue95,53,1leofcy2,6,presurvey,TrainingNeighbor_1,1772920995,1,0,0
qabwue95,53,1leofcy2,7,presurvey,TrainingNeighbor_2,1772921000,1,0,0
qabwue95,53,1leofcy2,10,presurvey,ExperimentInstruction,1772921004,1,0,0
qabwue95,56,ayuhhl2a,2,presurvey,AudioCheck,1772921023,1,0,0
qabwue95,53,1leofcy2,11,presurvey,Scenario,1772921030,1,0,0
qabwue95,54,b90j9ncr,5,presurvey,Training,1772921031,1,0,0
qabwue95,56,ayuhhl2a,3,presurvey,Demographics,1772921044,1,0,0
qabwue95,47,qs51j73m,12,presurvey,Commitment,1772921058,1,0,0
qabwue95,54,b90j9ncr,6,presurvey,TrainingNeighbor_1,1772921066,1,0,0
qabwue95,56,ayuhhl2a,4,presurvey,NeighborhoodInstruction,1772921068,1,0,0
qabwue95,53,1leofcy2,12,presurvey,Commitment,1772921069,1,0,0
qabwue95,57,knag9906,0,,InitializeParticipant,1772921083,1,0,0
qabwue95,55,rywj5df4,1,presurvey,Introduction,1772921092,1,0,0
qabwue95,54,b90j9ncr,10,presurvey,ExperimentInstruction,1772921103,1,0,0
qabwue95,56,ayuhhl2a,5,presurvey,Training,1772921113,1,0,0
qabwue95,55,rywj5df4,2,presurvey,AudioCheck,1772921120,1,0,0
qabwue95,58,876aje1k,0,,InitializeParticipant,1772921130,1,0,0
qabwue95,54,b90j9ncr,11,presurvey,Scenario,1772921131,1,0,0
qabwue95,58,876aje1k,1,presurvey,Introduction,1772921133,1,0,0
qabwue95,57,knag9906,1,presurvey,Introduction,1772921141,1,0,0
qabwue95,58,876aje1k,2,presurvey,AudioCheck,1772921148,1,0,0
qabwue95,58,876aje1k,3,presurvey,Demographics,1772921163,1,0,0
qabwue95,55,rywj5df4,3,presurvey,Demographics,1772921172,1,0,0
qabwue95,59,ozkw6k2s,0,,InitializeParticipant,1772921177,1,0,0
qabwue95,57,knag9906,2,presurvey,AudioCheck,1772921177,1,0,0
qabwue95,59,ozkw6k2s,1,presurvey,Introduction,1772921179,1,0,0
qabwue95,56,ayuhhl2a,6,presurvey,TrainingNeighbor_1,1772921181,1,0,0
qabwue95,58,876aje1k,4,presurvey,NeighborhoodInstruction,1772921190,1,0,0
qabwue95,59,ozkw6k2s,2,presurvey,AudioCheck,1772921193,1,0,0
qabwue95,57,knag9906,3,presurvey,Demographics,1772921204,1,0,0
qabwue95,56,ayuhhl2a,10,presurvey,ExperimentInstruction,1772921204,1,0,0
qabwue95,54,b90j9ncr,12,presurvey,Commitment,1772921205,1,0,0
qabwue95,58,876aje1k,5,presurvey,Training,1772921210,1,0,0
qabwue95,55,rywj5df4,4,presurvey,NeighborhoodInstruction,1772921211,1,0,0
qabwue95,59,ozkw6k2s,3,presurvey,Demographics,1772921214,1,0,0
qabwue95,43,gv3cfk6x,13,mock_N08_N04_Aonly,GroupingWaitPage,1772921227,1,0,1
qabwue95,43,gv3cfk6x,14,mock_N08_N04_Aonly,GroupSizeWaitPage,1772921228,1,0,1
qabwue95,43,gv3cfk6x,15,mock_N08_N04_Aonly,AttentionCheck,1772921235,1,0,0
qabwue95,58,876aje1k,6,presurvey,TrainingNeighbor_1,1772921239,1,0,0
qabwue95,57,knag9906,4,presurvey,NeighborhoodInstruction,1772921240,1,0,0
qabwue95,56,ayuhhl2a,11,presurvey,Scenario,1772921245,1,0,0
qabwue95,58,876aje1k,10,presurvey,ExperimentInstruction,1772921249,1,0,0
qabwue95,60,gv9knnhz,0,,InitializeParticipant,1772921262,1,0,0
qabwue95,13,d7xwr2zj,13,mock_N08_N04_Aonly,GroupingWaitPage,1772921264,1,0,1
qabwue95,13,d7xwr2zj,14,mock_N08_N04_Aonly,GroupSizeWaitPage,1772921265,1,0,1
qabwue95,61,t0m6mxda,0,,InitializeParticipant,1772921274,1,0,0
qabwue95,55,rywj5df4,5,presurvey,Training,1772921276,1,0,0
qabwue95,61,t0m6mxda,1,presurvey,Introduction,1772921278,1,0,0
qabwue95,57,knag9906,5,presurvey,Training,1772921280,1,0,0
qabwue95,58,876aje1k,11,presurvey,Scenario,1772921281,1,0,0
qabwue95,60,gv9knnhz,1,presurvey,Introduction,1772921296,1,0,0
qabwue95,61,t0m6mxda,2,presurvey,AudioCheck,1772921303,1,0,0
qabwue95,61,t0m6mxda,3,presurvey,Demographics,1772921310,1,0,0
qabwue95,60,gv9knnhz,2,presurvey,AudioCheck,1772921312,1,0,0
qabwue95,58,876aje1k,12,presurvey,Commitment,1772921317,1,0,0
qabwue95,60,gv9knnhz,3,presurvey,Demographics,1772921322,1,0,0
qabwue95,61,t0m6mxda,4,presurvey,NeighborhoodInstruction,1772921324,1,0,0
qabwue95,60,gv9knnhz,4,presurvey,NeighborhoodInstruction,1772921335,1,0,0
qabwue95,61,t0m6mxda,5,presurvey,Training,1772921336,1,0,0
qabwue95,57,knag9906,6,presurvey,TrainingNeighbor_1,1772921339,1,0,0
qabwue95,57,knag9906,7,presurvey,TrainingNeighbor_2,1772921352,1,0,0
qabwue95,55,rywj5df4,6,presurvey,TrainingNeighbor_1,1772921359,1,0,0
qabwue95,57,knag9906,10,presurvey,ExperimentInstruction,1772921373,1,0,0
qabwue95,62,sbi6w6ax,0,,InitializeParticipant,1772921374,1,0,0
qabwue95,60,gv9knnhz,5,presurvey,Training,1772921375,1,0,0
qabwue95,61,t0m6mxda,6,presurvey,TrainingNeighbor_1,1772921376,1,0,0
qabwue95,61,t0m6mxda,10,presurvey,ExperimentInstruction,1772921379,1,0,0
qabwue95,62,sbi6w6ax,1,presurvey,Introduction,1772921382,1,0,0
qabwue95,61,t0m6mxda,11,presurvey,Scenario,1772921401,1,0,0
qabwue95,60,gv9knnhz,6,presurvey,TrainingNeighbor_1,1772921407,1,0,0
qabwue95,62,sbi6w6ax,2,presurvey,AudioCheck,1772921407,1,0,0
qabwue95,63,c8v29lhc,0,,InitializeParticipant,1772921407,1,0,0
qabwue95,60,gv9knnhz,10,presurvey,ExperimentInstruction,1772921413,1,0,0
qabwue95,55,rywj5df4,10,presurvey,ExperimentInstruction,1772921414,1,0,0
qabwue95,62,sbi6w6ax,3,presurvey,Demographics,1772921426,1,0,0
qabwue95,63,c8v29lhc,1,presurvey,Introduction,1772921428,1,0,0
qabwue95,60,gv9knnhz,11,presurvey,Scenario,1772921431,1,0,0
qabwue95,64,gsu9ltpr,0,,InitializeParticipant,1772921441,1,0,0
qabwue95,57,knag9906,11,presurvey,Scenario,1772921442,1,0,0
qabwue95,60,gv9knnhz,12,presurvey,Commitment,1772921457,1,0,0
qabwue95,62,sbi6w6ax,4,presurvey,NeighborhoodInstruction,1772921463,1,0,0
qabwue95,64,gsu9ltpr,1,presurvey,Introduction,1772921464,1,0,0
qabwue95,59,ozkw6k2s,4,presurvey,NeighborhoodInstruction,1772921477,1,0,0
qabwue95,64,gsu9ltpr,2,presurvey,AudioCheck,1772921496,1,0,0
qabwue95,55,rywj5df4,11,presurvey,Scenario,1772921515,1,0,0
qabwue95,64,gsu9ltpr,3,presurvey,Demographics,1772921520,1,0,0
qabwue95,63,c8v29lhc,2,presurvey,AudioCheck,1772921520,1,0,0
qabwue95,62,sbi6w6ax,5,presurvey,Training,1772921530,1,0,0
qabwue95,64,gsu9ltpr,4,presurvey,NeighborhoodInstruction,1772921538,1,0,0
qabwue95,62,sbi6w6ax,6,presurvey,TrainingNeighbor_1,1772921583,1,0,0
qabwue95,62,sbi6w6ax,10,presurvey,ExperimentInstruction,1772921591,1,0,0
qabwue95,59,ozkw6k2s,5,presurvey,Training,1772921614,1,0,0
qabwue95,48,ct42ssxy,13,mock_N08_N04_Aonly,GroupingWaitPage,1772921641,1,0,1
qabwue95,48,ct42ssxy,14,mock_N08_N04_Aonly,GroupSizeWaitPage,1772921641,1,0,1
qabwue95,62,sbi6w6ax,11,presurvey,Scenario,1772921642,1,0,0
qabwue95,48,ct42ssxy,15,mock_N08_N04_Aonly,AttentionCheck,1772921646,1,0,0
qabwue95,59,ozkw6k2s,6,presurvey,TrainingNeighbor_1,1772921657,1,0,0
qabwue95,62,sbi6w6ax,12,presurvey,Commitment,1772921673,1,0,0
qabwue95,65,k0kkf8k6,0,,InitializeParticipant,1772921880,1,0,0
qabwue95,65,k0kkf8k6,1,presurvey,Introduction,1772921892,1,0,0
qabwue95,49,c5lbskqi,13,mock_N08_N04_Aonly,GroupingWaitPage,1772921897,1,0,1
qabwue95,49,c5lbskqi,14,mock_N08_N04_Aonly,GroupSizeWaitPage,1772921897,1,0,1
qabwue95,49,c5lbskqi,15,mock_N08_N04_Aonly,AttentionCheck,1772921904,1,0,0
qabwue95,65,k0kkf8k6,2,presurvey,AudioCheck,1772921925,1,0,0
qabwue95,65,k0kkf8k6,3,presurvey,Demographics,1772921963,1,0,0
qabwue95,66,yr6idqtd,0,,InitializeParticipant,1772921986,1,0,0
qabwue95,66,yr6idqtd,1,presurvey,Introduction,1772921997,1,0,0
qabwue95,66,yr6idqtd,2,presurvey,AudioCheck,1772922012,1,0,0
qabwue95,65,k0kkf8k6,4,presurvey,NeighborhoodInstruction,1772922018,1,0,0
qabwue95,66,yr6idqtd,3,presurvey,Demographics,1772922022,1,0,0
qabwue95,66,yr6idqtd,4,presurvey,NeighborhoodInstruction,1772922039,1,0,0
qabwue95,66,yr6idqtd,5,presurvey,Training,1772922050,1,0,0
qabwue95,65,k0kkf8k6,5,presurvey,Training,1772922053,1,0,0
qabwue95,67,adu63d18,0,,InitializeParticipant,1772922075,1,0,0
qabwue95,67,adu63d18,1,presurvey,Introduction,1772922078,1,0,0
qabwue95,65,k0kkf8k6,6,presurvey,TrainingNeighbor_1,1772922086,1,0,0
qabwue95,66,yr6idqtd,6,presurvey,TrainingNeighbor_1,1772922091,1,0,0
qabwue95,65,k0kkf8k6,10,presurvey,ExperimentInstruction,1772922095,1,0,0
qabwue95,66,yr6idqtd,7,presurvey,TrainingNeighbor_2,1772922095,1,0,0
qabwue95,67,adu63d18,2,presurvey,AudioCheck,1772922096,1,0,0
qabwue95,67,adu63d18,3,presurvey,Demographics,1772922107,1,0,0
qabwue95,66,yr6idqtd,8,presurvey,AttentionCheck,1772922108,1,0,0
qabwue95,66,yr6idqtd,9,presurvey,TrainingNeighbor_3,1772922117,1,0,0
qabwue95,67,adu63d18,4,presurvey,NeighborhoodInstruction,1772922120,1,0,0
qabwue95,65,k0kkf8k6,11,presurvey,Scenario,1772922120,1,0,0
qabwue95,68,hucyawax,0,,InitializeParticipant,1772922134,1,0,0
qabwue95,67,adu63d18,5,presurvey,Training,1772922143,1,0,0
qabwue95,68,hucyawax,1,presurvey,Introduction,1772922144,1,0,0
qabwue95,67,adu63d18,6,presurvey,TrainingNeighbor_1,1772922167,1,0,0
qabwue95,68,hucyawax,2,presurvey,AudioCheck,1772922172,1,0,0
qabwue95,67,adu63d18,10,presurvey,ExperimentInstruction,1772922172,1,0,0
qabwue95,68,hucyawax,3,presurvey,Demographics,1772922194,1,0,0
qabwue95,67,adu63d18,11,presurvey,Scenario,1772922194,1,0,0
qabwue95,47,qs51j73m,13,mock_N08_N04_Aonly,GroupingWaitPage,1772922199,1,0,1
qabwue95,47,qs51j73m,14,mock_N08_N04_Aonly,GroupSizeWaitPage,1772922200,1,0,1
qabwue95,47,qs51j73m,15,mock_N08_N04_Aonly,AttentionCheck,1772922205,1,0,0
qabwue95,68,hucyawax,4,presurvey,NeighborhoodInstruction,1772922220,1,0,0
qabwue95,67,adu63d18,12,presurvey,Commitment,1772922226,1,0,0
qabwue95,69,3cjt8fi9,0,,InitializeParticipant,1772922258,1,0,0
qabwue95,69,3cjt8fi9,1,presurvey,Introduction,1772922266,1,0,0
qabwue95,68,hucyawax,5,presurvey,Training,1772922266,1,0,0
qabwue95,68,hucyawax,6,presurvey,TrainingNeighbor_1,1772922310,1,0,0
qabwue95,68,hucyawax,7,presurvey,TrainingNeighbor_2,1772922316,1,0,0
qabwue95,69,3cjt8fi9,2,presurvey,AudioCheck,1772922319,1,0,0
qabwue95,68,hucyawax,10,presurvey,ExperimentInstruction,1772922322,1,0,0
qabwue95,70,yt8t9ze3,0,,InitializeParticipant,1772922351,1,0,0
qabwue95,70,yt8t9ze3,1,presurvey,Introduction,1772922369,1,0,0
qabwue95,68,hucyawax,11,presurvey,Scenario,1772922385,1,0,0
qabwue95,70,yt8t9ze3,2,presurvey,AudioCheck,1772922388,1,0,0
qabwue95,69,3cjt8fi9,3,presurvey,Demographics,1772922389,1,0,0
qabwue95,70,yt8t9ze3,3,presurvey,Demographics,1772922405,1,0,0
qabwue95,54,b90j9ncr,13,mock_N08_N04_Aonly,GroupingWaitPage,1772922409,1,0,1
qabwue95,54,b90j9ncr,14,mock_N08_N04_Aonly,GroupSizeWaitPage,1772922410,1,0,1
qabwue95,54,b90j9ncr,15,mock_N08_N04_Aonly,AttentionCheck,1772922419,1,0,0
qabwue95,69,3cjt8fi9,4,presurvey,NeighborhoodInstruction,1772922423,1,0,0
qabwue95,70,yt8t9ze3,4,presurvey,NeighborhoodInstruction,1772922423,1,0,0
qabwue95,71,nazt0nzw,0,,InitializeParticipant,1772922452,1,0,0
qabwue95,69,3cjt8fi9,5,presurvey,Training,1772922457,1,0,0
qabwue95,70,yt8t9ze3,5,presurvey,Training,1772922458,1,0,0
qabwue95,58,876aje1k,13,mock_N08_N04_Aonly,GroupingWaitPage,1772922460,1,0,1
qabwue95,58,876aje1k,14,mock_N08_N04_Aonly,GroupSizeWaitPage,1772922461,1,0,1
qabwue95,58,876aje1k,15,mock_N08_N04_Aonly,AttentionCheck,1772922465,1,0,0
qabwue95,71,nazt0nzw,1,presurvey,Introduction,1772922467,1,0,0
qabwue95,71,nazt0nzw,2,presurvey,AudioCheck,1772922478,1,0,0
qabwue95,70,yt8t9ze3,6,presurvey,TrainingNeighbor_1,1772922485,1,0,0
qabwue95,71,nazt0nzw,3,presurvey,Demographics,1772922495,1,0,0
qabwue95,70,yt8t9ze3,10,presurvey,ExperimentInstruction,1772922498,1,0,0
qabwue95,69,3cjt8fi9,6,presurvey,TrainingNeighbor_1,1772922560,1,0,0
qabwue95,70,yt8t9ze3,11,presurvey,Scenario,1772922563,1,0,0
qabwue95,72,62ivi3eo,0,,InitializeParticipant,1772922576,1,0,0
qabwue95,70,yt8t9ze3,12,presurvey,Commitment,1772922604,1,0,0
qabwue95,69,3cjt8fi9,10,presurvey,ExperimentInstruction,1772922608,1,0,0
qabwue95,73,d5u8fb2t,0,,InitializeParticipant,1772922681,1,0,0
qabwue95,71,nazt0nzw,4,presurvey,NeighborhoodInstruction,1772922687,1,0,0
qabwue95,73,d5u8fb2t,1,presurvey,Introduction,1772922689,1,0,0
qabwue95,69,3cjt8fi9,11,presurvey,Scenario,1772922692,1,0,0
qabwue95,73,d5u8fb2t,2,presurvey,AudioCheck,1772922703,1,0,0
qabwue95,73,d5u8fb2t,3,presurvey,Demographics,1772922720,1,0,0
qabwue95,73,d5u8fb2t,4,presurvey,NeighborhoodInstruction,1772922722,1,0,0
qabwue95,69,3cjt8fi9,12,presurvey,Commitment,1772922762,1,0,0
qabwue95,71,nazt0nzw,5,presurvey,Training,1772922773,1,0,0
qabwue95,71,nazt0nzw,6,presurvey,TrainingNeighbor_1,1772922791,1,0,0
qabwue95,71,nazt0nzw,10,presurvey,ExperimentInstruction,1772922795,1,0,0
qabwue95,62,sbi6w6ax,13,mock_N08_N04_Aonly,GroupingWaitPage,1772922815,1,0,1
qabwue95,62,sbi6w6ax,14,mock_N08_N04_Aonly,GroupSizeWaitPage,1772922816,1,0,1
qabwue95,71,nazt0nzw,11,presurvey,Scenario,1772922816,1,0,0
qabwue95,62,sbi6w6ax,15,mock_N08_N04_Aonly,AttentionCheck,1772922825,1,0,0
qabwue95,73,d5u8fb2t,5,presurvey,Training,1772922843,1,0,0
qabwue95,71,nazt0nzw,12,presurvey,Commitment,1772922871,1,0,0
qabwue95,73,d5u8fb2t,6,presurvey,TrainingNeighbor_1,1772922871,1,0,0
qabwue95,73,d5u8fb2t,7,presurvey,TrainingNeighbor_2,1772922878,1,0,0
qabwue95,73,d5u8fb2t,10,presurvey,ExperimentInstruction,1772922881,1,0,0
qabwue95,73,d5u8fb2t,11,presurvey,Scenario,1772922901,1,0,0
qabwue95,74,xmlqjxxw,0,,InitializeParticipant,1772923089,1,0,0
qabwue95,74,xmlqjxxw,1,presurvey,Introduction,1772923106,1,0,0
qabwue95,74,xmlqjxxw,2,presurvey,AudioCheck,1772923125,1,0,0
qabwue95,74,xmlqjxxw,3,presurvey,Demographics,1772923140,1,0,0
qabwue95,74,xmlqjxxw,4,presurvey,NeighborhoodInstruction,1772923177,1,0,0
qabwue95,74,xmlqjxxw,5,presurvey,Training,1772923221,1,0,0
qabwue95,74,xmlqjxxw,6,presurvey,TrainingNeighbor_1,1772923254,1,0,0
qabwue95,74,xmlqjxxw,10,presurvey,ExperimentInstruction,1772923263,1,0,0
qabwue95,75,dm20anuv,0,,InitializeParticipant,1772923287,1,0,0
qabwue95,75,dm20anuv,1,presurvey,Introduction,1772923291,1,0,0
qabwue95,75,dm20anuv,2,presurvey,AudioCheck,1772923312,1,0,0
qabwue95,75,dm20anuv,3,presurvey,Demographics,1772923322,1,0,0
qabwue95,74,xmlqjxxw,11,presurvey,Scenario,1772923327,1,0,0
qabwue95,75,dm20anuv,4,presurvey,NeighborhoodInstruction,1772923328,1,0,0
qabwue95,75,dm20anuv,5,presurvey,Training,1772923352,1,0,0
qabwue95,75,dm20anuv,6,presurvey,TrainingNeighbor_1,1772923370,1,0,0
qabwue95,75,dm20anuv,7,presurvey,TrainingNeighbor_2,1772923380,1,0,0
qabwue95,74,xmlqjxxw,12,presurvey,Commitment,1772923380,1,0,0
qabwue95,75,dm20anuv,10,presurvey,ExperimentInstruction,1772923389,1,0,0
qabwue95,75,dm20anuv,11,presurvey,Scenario,1772923414,1,0,0
qabwue95,67,adu63d18,13,mock_N08_N04_Aonly,GroupingWaitPage,1772923428,1,0,1
qabwue95,67,adu63d18,14,mock_N08_N04_Aonly,GroupSizeWaitPage,1772923428,1,0,1
qabwue95,75,dm20anuv,12,presurvey,Commitment,1772923441,1,0,0
qabwue95,67,adu63d18,15,mock_N08_N04_Aonly,AttentionCheck,1772923442,1,0,0
qabwue95,76,7raf23qp,0,,InitializeParticipant,1772923539,1,0,0
qabwue95,76,7raf23qp,1,presurvey,Introduction,1772923557,1,0,0
qabwue95,77,z3fjzp6y,0,,InitializeParticipant,1772923564,1,0,0
qabwue95,77,z3fjzp6y,1,presurvey,Introduction,1772923567,1,0,0
qabwue95,76,7raf23qp,2,presurvey,AudioCheck,1772923575,1,0,0
qabwue95,77,z3fjzp6y,2,presurvey,AudioCheck,1772923579,1,0,0
qabwue95,77,z3fjzp6y,3,presurvey,Demographics,1772923587,1,0,0
qabwue95,77,z3fjzp6y,4,presurvey,NeighborhoodInstruction,1772923596,1,0,0
qabwue95,76,7raf23qp,3,presurvey,Demographics,1772923596,1,0,0
qabwue95,76,7raf23qp,4,presurvey,NeighborhoodInstruction,1772923604,1,0,0
qabwue95,77,z3fjzp6y,5,presurvey,Training,1772923610,1,0,0
qabwue95,76,7raf23qp,5,presurvey,Training,1772923622,1,0,0
qabwue95,76,7raf23qp,6,presurvey,TrainingNeighbor_1,1772923657,1,0,0
qabwue95,77,z3fjzp6y,6,presurvey,TrainingNeighbor_1,1772923657,1,0,0
qabwue95,77,z3fjzp6y,10,presurvey,ExperimentInstruction,1772923659,1,0,0
qabwue95,76,7raf23qp,10,presurvey,ExperimentInstruction,1772923659,1,0,0
qabwue95,77,z3fjzp6y,11,presurvey,Scenario,1772923690,1,0,0
qabwue95,76,7raf23qp,11,presurvey,Scenario,1772923693,1,0,0
qabwue95,70,yt8t9ze3,13,mock_N08_N04_Aonly,GroupingWaitPage,1772923752,1,0,1
qabwue95,70,yt8t9ze3,14,mock_N08_N04_Aonly,GroupSizeWaitPage,1772923753,1,0,1
qabwue95,70,yt8t9ze3,15,mock_N08_N04_Aonly,AttentionCheck,1772923762,1,0,0
qabwue95,78,7apxj1ag,0,,InitializeParticipant,1772923779,1,0,0
qabwue95,78,7apxj1ag,1,presurvey,Introduction,1772923784,1,0,0
qabwue95,78,7apxj1ag,2,presurvey,AudioCheck,1772923802,1,0,0
qabwue95,78,7apxj1ag,3,presurvey,Demographics,1772923812,1,0,0
qabwue95,78,7apxj1ag,4,presurvey,NeighborhoodInstruction,1772923825,1,0,0
qabwue95,79,hd97x0bp,0,,InitializeParticipant,1772924053,1,0,0
qabwue95,79,hd97x0bp,1,presurvey,Introduction,1772924056,1,0,0
qabwue95,79,hd97x0bp,2,presurvey,AudioCheck,1772924065,1,0,0
qabwue95,79,hd97x0bp,3,presurvey,Demographics,1772924074,1,0,0
qabwue95,71,nazt0nzw,13,mock_N08_N04_Aonly,GroupingWaitPage,1772924078,1,0,1
qabwue95,71,nazt0nzw,14,mock_N08_N04_Aonly,GroupSizeWaitPage,1772924078,1,0,1
qabwue95,79,hd97x0bp,4,presurvey,NeighborhoodInstruction,1772924079,1,0,0
qabwue95,71,nazt0nzw,15,mock_N08_N04_Aonly,AttentionCheck,1772924085,1,0,0
qabwue95,79,hd97x0bp,5,presurvey,Training,1772924097,1,0,0
qabwue95,79,hd97x0bp,6,presurvey,TrainingNeighbor_1,1772924119,1,0,0
qabwue95,79,hd97x0bp,10,presurvey,ExperimentInstruction,1772924123,1,0,0
qabwue95,79,hd97x0bp,11,presurvey,Scenario,1772924136,1,0,0
qabwue95,79,hd97x0bp,12,presurvey,Commitment,1772924157,1,0,0
qabwue95,80,kwwsj1mr,0,,InitializeParticipant,1772924519,1,0,0
qabwue95,80,kwwsj1mr,1,presurvey,Introduction,1772924570,1,0,0
qabwue95,80,kwwsj1mr,2,presurvey,AudioCheck,1772924595,1,0,0
qabwue95,80,kwwsj1mr,3,presurvey,Demographics,1772924626,1,0,0
qabwue95,75,dm20anuv,13,mock_N08_N04_Aonly,GroupingWaitPage,1772924642,1,0,1
qabwue95,75,dm20anuv,14,mock_N08_N04_Aonly,GroupSizeWaitPage,1772924643,1,0,1
qabwue95,75,dm20anuv,15,mock_N08_N04_Aonly,AttentionCheck,1772924649,1,0,0
qabwue95,80,kwwsj1mr,4,presurvey,NeighborhoodInstruction,1772924660,1,0,0
qabwue95,80,kwwsj1mr,5,presurvey,Training,1772924706,1,0,0
qabwue95,80,kwwsj1mr,6,presurvey,TrainingNeighbor_1,1772924774,1,0,0
qabwue95,80,kwwsj1mr,10,presurvey,ExperimentInstruction,1772924801,1,0,0
qabwue95,80,kwwsj1mr,11,presurvey,Scenario,1772924854,1,0,0
qabwue95,81,j4xxg94y,0,,InitializeParticipant,1772924920,1,0,0
qabwue95,82,8b5hxvhb,0,,InitializeParticipant,1772925112,1,0,0
qabwue95,83,n2bhmptm,0,,InitializeParticipant,1772925114,1,0,0
qabwue95,82,8b5hxvhb,1,presurvey,Introduction,1772925116,1,0,0
qabwue95,83,n2bhmptm,1,presurvey,Introduction,1772925130,1,0,0
qabwue95,81,j4xxg94y,1,presurvey,Introduction,1772925133,1,0,0
qabwue95,83,n2bhmptm,2,presurvey,AudioCheck,1772925139,1,0,0
qabwue95,83,n2bhmptm,3,presurvey,Demographics,1772925148,1,0,0
qabwue95,83,n2bhmptm,4,presurvey,NeighborhoodInstruction,1772925152,1,0,0
qabwue95,83,n2bhmptm,5,presurvey,Training,1772925155,1,0,0
qabwue95,82,8b5hxvhb,2,presurvey,AudioCheck,1772925157,1,0,0
qabwue95,83,n2bhmptm,6,presurvey,TrainingNeighbor_1,1772925166,1,0,0
qabwue95,83,n2bhmptm,10,presurvey,ExperimentInstruction,1772925168,1,0,0
qabwue95,81,j4xxg94y,2,presurvey,AudioCheck,1772925170,1,0,0
qabwue95,82,8b5hxvhb,3,presurvey,Demographics,1772925171,1,0,0
qabwue95,83,n2bhmptm,11,presurvey,Scenario,1772925174,1,0,0
qabwue95,83,n2bhmptm,12,presurvey,Commitment,1772925184,1,0,0
qabwue95,82,8b5hxvhb,4,presurvey,NeighborhoodInstruction,1772925206,1,0,0
qabwue95,82,8b5hxvhb,5,presurvey,Training,1772925228,1,0,0
qabwue95,84,7zep6t5j,0,,InitializeParticipant,1772925252,1,0,0
qabwue95,82,8b5hxvhb,6,presurvey,TrainingNeighbor_1,1772925265,1,0,0
qabwue95,82,8b5hxvhb,10,presurvey,ExperimentInstruction,1772925271,1,0,0
qabwue95,84,7zep6t5j,1,presurvey,Introduction,1772925281,1,0,0
qabwue95,84,7zep6t5j,2,presurvey,AudioCheck,1772925299,1,0,0
qabwue95,79,hd97x0bp,13,mock_N08_N04_Aonly,GroupingWaitPage,1772925307,1,0,1
qabwue95,79,hd97x0bp,14,mock_N08_N04_Aonly,GroupSizeWaitPage,1772925307,1,0,1
qabwue95,79,hd97x0bp,15,mock_N08_N04_Aonly,AttentionCheck,1772925311,1,0,0
qabwue95,82,8b5hxvhb,11,presurvey,Scenario,1772925315,1,0,0
qabwue95,84,7zep6t5j,3,presurvey,Demographics,1772925319,1,0,0
qabwue95,84,7zep6t5j,4,presurvey,NeighborhoodInstruction,1772925336,1,0,0
qabwue95,84,7zep6t5j,5,presurvey,Training,1772925367,1,0,0
qabwue95,81,j4xxg94y,3,presurvey,Demographics,1772925379,1,0,0
qabwue95,84,7zep6t5j,6,presurvey,TrainingNeighbor_1,1772925390,1,0,0
qabwue95,84,7zep6t5j,10,presurvey,ExperimentInstruction,1772925405,1,0,0
qabwue95,84,7zep6t5j,11,presurvey,Scenario,1772925436,1,0,0
qabwue95,85,gjg8bozv,0,,InitializeParticipant,1772925440,1,0,0
qabwue95,85,gjg8bozv,1,presurvey,Introduction,1772925461,1,0,0
qabwue95,85,gjg8bozv,2,presurvey,AudioCheck,1772925489,1,0,0
qabwue95,85,gjg8bozv,3,presurvey,Demographics,1772925507,1,0,0
qabwue95,81,j4xxg94y,4,presurvey,NeighborhoodInstruction,1772925530,1,0,0
qabwue95,85,gjg8bozv,4,presurvey,NeighborhoodInstruction,1772925565,1,0,0
qabwue95,86,2k6cehtb,0,,InitializeParticipant,1772925572,1,0,0
qabwue95,86,2k6cehtb,1,presurvey,Introduction,1772925575,1,0,0
qabwue95,86,2k6cehtb,2,presurvey,AudioCheck,1772925584,1,0,0
qabwue95,86,2k6cehtb,3,presurvey,Demographics,1772925594,1,0,0
qabwue95,86,2k6cehtb,4,presurvey,NeighborhoodInstruction,1772925606,1,0,0
qabwue95,85,gjg8bozv,5,presurvey,Training,1772925615,1,0,0
qabwue95,86,2k6cehtb,5,presurvey,Training,1772925626,1,0,0
qabwue95,86,2k6cehtb,6,presurvey,TrainingNeighbor_1,1772925654,1,0,0
qabwue95,87,9niz9auy,0,,InitializeParticipant,1772925660,1,0,0
qabwue95,86,2k6cehtb,7,presurvey,TrainingNeighbor_2,1772925663,1,0,0
qabwue95,86,2k6cehtb,10,presurvey,ExperimentInstruction,1772925668,1,0,0
qabwue95,87,9niz9auy,1,presurvey,Introduction,1772925669,1,0,0
qabwue95,87,9niz9auy,2,presurvey,AudioCheck,1772925678,1,0,0
qabwue95,87,9niz9auy,3,presurvey,Demographics,1772925688,1,0,0
qabwue95,86,2k6cehtb,11,presurvey,Scenario,1772925688,1,0,0
qabwue95,87,9niz9auy,4,presurvey,NeighborhoodInstruction,1772925693,1,0,0
qabwue95,87,9niz9auy,5,presurvey,Training,1772925709,1,0,0
qabwue95,86,2k6cehtb,12,presurvey,Commitment,1772925720,1,0,0
qabwue95,87,9niz9auy,6,presurvey,TrainingNeighbor_1,1772925768,1,0,0
qabwue95,85,gjg8bozv,6,presurvey,TrainingNeighbor_1,1772925774,1,0,0
qabwue95,87,9niz9auy,10,presurvey,ExperimentInstruction,1772925776,1,0,0
qabwue95,88,szxodblw,0,,InitializeParticipant,1772925815,1,0,0
qabwue95,87,9niz9auy,11,presurvey,Scenario,1772925829,1,0,0
qabwue95,88,szxodblw,1,presurvey,Introduction,1772925870,1,0,0
qabwue95,88,szxodblw,2,presurvey,AudioCheck,1772925887,1,0,0
qabwue95,88,szxodblw,3,presurvey,Demographics,1772925907,1,0,0
qabwue95,88,szxodblw,4,presurvey,NeighborhoodInstruction,1772925923,1,0,0
qabwue95,88,szxodblw,5,presurvey,Training,1772925955,1,0,0
qabwue95,88,szxodblw,6,presurvey,TrainingNeighbor_1,1772925980,1,0,0
qabwue95,88,szxodblw,10,presurvey,ExperimentInstruction,1772925997,1,0,0
qabwue95,88,szxodblw,11,presurvey,Scenario,1772926025,1,0,0
qabwue95,88,szxodblw,12,presurvey,Commitment,1772926047,1,0,0
qabwue95,89,7d4qn1lw,0,,InitializeParticipant,1772926106,1,0,0
qabwue95,90,0x4yj367,0,,InitializeParticipant,1772926141,1,0,0
qabwue95,90,0x4yj367,1,presurvey,Introduction,1772926149,1,0,0
qabwue95,90,0x4yj367,2,presurvey,AudioCheck,1772926161,1,0,0
qabwue95,89,7d4qn1lw,1,presurvey,Introduction,1772926173,1,0,0
qabwue95,90,0x4yj367,3,presurvey,Demographics,1772926184,1,0,0
qabwue95,91,vtlxwyja,0,,InitializeParticipant,1772926226,1,0,0
qabwue95,91,vtlxwyja,1,presurvey,Introduction,1772926231,1,0,0
qabwue95,91,vtlxwyja,2,presurvey,AudioCheck,1772926268,1,0,0
qabwue95,89,7d4qn1lw,2,presurvey,AudioCheck,1772926275,1,0,0
qabwue95,91,vtlxwyja,3,presurvey,Demographics,1772926280,1,0,0
qabwue95,89,7d4qn1lw,3,presurvey,Demographics,1772926300,1,0,0
qabwue95,92,pbmrhg4b,0,,InitializeParticipant,1772926326,1,0,0
qabwue95,89,7d4qn1lw,4,presurvey,NeighborhoodInstruction,1772926337,1,0,0
qabwue95,91,vtlxwyja,4,presurvey,NeighborhoodInstruction,1772926362,1,0,0
qabwue95,90,0x4yj367,4,presurvey,NeighborhoodInstruction,1772926369,1,0,0
qabwue95,89,7d4qn1lw,5,presurvey,Training,1772926372,1,0,0
qabwue95,81,j4xxg94y,5,presurvey,Training,1772926381,1,0,0
qabwue95,83,n2bhmptm,13,mock_N08_N04_Aonly,GroupingWaitPage,1772926385,1,0,1
qabwue95,83,n2bhmptm,14,mock_N08_N04_Aonly,GroupSizeWaitPage,1772926386,1,0,1
qabwue95,91,vtlxwyja,5,presurvey,Training,1772926394,1,0,0
qabwue95,93,vwoethh5,0,,InitializeParticipant,1772926403,1,0,0
qabwue95,90,0x4yj367,5,presurvey,Training,1772926414,1,0,0
qabwue95,93,vwoethh5,1,presurvey,Introduction,1772926416,1,0,0
qabwue95,83,n2bhmptm,15,mock_N08_N04_Aonly,AttentionCheck,1772926421,1,1,0
qabwue95,81,j4xxg94y,6,presurvey,TrainingNeighbor_1,1772926430,1,0,0
qabwue95,91,vtlxwyja,6,presurvey,TrainingNeighbor_1,1772926433,1,0,0
qabwue95,93,vwoethh5,2,presurvey,AudioCheck,1772926435,1,0,0
qabwue95,91,vtlxwyja,10,presurvey,ExperimentInstruction,1772926440,1,0,0
qabwue95,89,7d4qn1lw,6,presurvey,TrainingNeighbor_1,1772926444,1,0,0
qabwue95,93,vwoethh5,3,presurvey,Demographics,1772926445,1,0,0
qabwue95,90,0x4yj367,6,presurvey,TrainingNeighbor_1,1772926446,1,0,0
qabwue95,90,0x4yj367,10,presurvey,ExperimentInstruction,1772926451,1,0,0
qabwue95,81,j4xxg94y,7,presurvey,TrainingNeighbor_2,1772926455,1,0,0
qabwue95,89,7d4qn1lw,10,presurvey,ExperimentInstruction,1772926460,1,0,0
qabwue95,81,j4xxg94y,8,presurvey,AttentionCheck,1772926470,1,0,0
qabwue95,91,vtlxwyja,11,presurvey,Scenario,1772926485,1,0,0
qabwue95,81,j4xxg94y,9,presurvey,TrainingNeighbor_3,1772926491,1,0,0
qabwue95,90,0x4yj367,11,presurvey,Scenario,1772926495,1,0,0
qabwue95,81,j4xxg94y,10,presurvey,ExperimentInstruction,1772926500,1,0,0
qabwue95,93,vwoethh5,4,presurvey,NeighborhoodInstruction,1772926513,1,0,0
qabwue95,94,d2z0bmi7,0,,InitializeParticipant,1772926513,1,0,0
qabwue95,93,vwoethh5,5,presurvey,Training,1772926530,1,0,0
qabwue95,81,j4xxg94y,11,presurvey,Scenario,1772926538,1,0,0
qabwue95,94,d2z0bmi7,1,presurvey,Introduction,1772926548,1,0,0
qabwue95,90,0x4yj367,12,presurvey,Commitment,1772926548,1,0,0
qabwue95,93,vwoethh5,6,presurvey,TrainingNeighbor_1,1772926552,1,0,0
qabwue95,93,vwoethh5,7,presurvey,TrainingNeighbor_2,1772926557,1,0,0
qabwue95,93,vwoethh5,10,presurvey,ExperimentInstruction,1772926568,1,0,0
qabwue95,94,d2z0bmi7,2,presurvey,AudioCheck,1772926576,1,0,0
qabwue95,81,j4xxg94y,12,presurvey,Commitment,1772926584,1,0,0
qabwue95,93,vwoethh5,11,presurvey,Scenario,1772926584,1,0,0
qabwue95,94,d2z0bmi7,3,presurvey,Demographics,1772926617,1,0,0
qabwue95,95,9kae8bs5,0,,InitializeParticipant,1772926638,1,0,0
qabwue95,95,9kae8bs5,1,presurvey,Introduction,1772926642,1,0,0
qabwue95,94,d2z0bmi7,4,presurvey,NeighborhoodInstruction,1772926655,1,0,0
qabwue95,95,9kae8bs5,2,presurvey,AudioCheck,1772926671,1,0,0
qabwue95,95,9kae8bs5,3,presurvey,Demographics,1772926706,1,0,0
qabwue95,94,d2z0bmi7,5,presurvey,Training,1772926749,1,0,0
qabwue95,95,9kae8bs5,4,presurvey,NeighborhoodInstruction,1772926768,1,0,0
qabwue95,94,d2z0bmi7,6,presurvey,TrainingNeighbor_1,1772926791,1,0,0
qabwue95,89,7d4qn1lw,11,presurvey,Scenario,1772926805,1,0,0
qabwue95,95,9kae8bs5,5,presurvey,Training,1772926821,1,0,0
qabwue95,94,d2z0bmi7,10,presurvey,ExperimentInstruction,1772926848,1,0,0
qabwue95,94,d2z0bmi7,11,presurvey,Scenario,1772926903,1,0,0
qabwue95,95,9kae8bs5,6,presurvey,TrainingNeighbor_1,1772926907,1,0,0
qabwue95,95,9kae8bs5,7,presurvey,TrainingNeighbor_2,1772926920,1,0,0
qabwue95,95,9kae8bs5,8,presurvey,AttentionCheck,1772926933,1,0,0
qabwue95,96,6vjlard9,0,,InitializeParticipant,1772926969,1,0,0
qabwue95,95,9kae8bs5,9,presurvey,TrainingNeighbor_3,1772926992,1,0,0
qabwue95,96,6vjlard9,1,presurvey,Introduction,1772926997,1,0,0
qabwue95,97,95eyvcf6,0,,InitializeParticipant,1772927141,1,0,0
qabwue95,97,95eyvcf6,1,presurvey,Introduction,1772927153,1,0,0
qabwue95,96,6vjlard9,2,presurvey,AudioCheck,1772927164,1,0,0
qabwue95,97,95eyvcf6,2,presurvey,AudioCheck,1772927170,1,0,0
qabwue95,97,95eyvcf6,3,presurvey,Demographics,1772927191,1,0,0
qabwue95,88,szxodblw,13,mock_N08_N04_Aonly,GroupingWaitPage,1772927193,1,0,1
qabwue95,88,szxodblw,14,mock_N08_N04_Aonly,GroupSizeWaitPage,1772927194,1,0,1
qabwue95,88,szxodblw,15,mock_N08_N04_Aonly,AttentionCheck,1772927203,1,0,0
qabwue95,97,95eyvcf6,4,presurvey,NeighborhoodInstruction,1772927208,1,0,0
qabwue95,96,6vjlard9,3,presurvey,Demographics,1772927213,1,0,0
qabwue95,97,95eyvcf6,5,presurvey,Training,1772927233,1,0,0
qabwue95,97,95eyvcf6,6,presurvey,TrainingNeighbor_1,1772927293,1,0,0
qabwue95,98,94xtah5s,0,,InitializeParticipant,1772927303,1,0,0
qabwue95,97,95eyvcf6,7,presurvey,TrainingNeighbor_2,1772927304,1,0,0
qabwue95,97,95eyvcf6,10,presurvey,ExperimentInstruction,1772927312,1,0,0
qabwue95,96,6vjlard9,4,presurvey,NeighborhoodInstruction,1772927320,1,0,0
qabwue95,97,95eyvcf6,11,presurvey,Scenario,1772927358,1,0,0
qabwue95,99,npjx07yl,0,,InitializeParticipant,1772927379,1,0,0
qabwue95,97,95eyvcf6,12,presurvey,Commitment,1772927394,1,0,0
qabwue95,100,0zyv1ms2,0,,InitializeParticipant,1772927398,1,0,0
qabwue95,100,0zyv1ms2,1,presurvey,Introduction,1772927402,1,0,0
qabwue95,99,npjx07yl,1,presurvey,Introduction,1772927404,1,0,0
qabwue95,101,9flyv3ra,0,,InitializeParticipant,1772927409,1,0,0
qabwue95,100,0zyv1ms2,2,presurvey,AudioCheck,1772927414,1,0,0
qabwue95,99,npjx07yl,2,presurvey,AudioCheck,1772927416,1,0,0
qabwue95,99,npjx07yl,3,presurvey,Demographics,1772927425,1,0,0
qabwue95,100,0zyv1ms2,3,presurvey,Demographics,1772927429,1,0,0
qabwue95,99,npjx07yl,4,presurvey,NeighborhoodInstruction,1772927434,1,0,0
qabwue95,100,0zyv1ms2,4,presurvey,NeighborhoodInstruction,1772927445,1,0,0
qabwue95,101,9flyv3ra,1,presurvey,Introduction,1772927450,1,0,0
qabwue95,99,npjx07yl,5,presurvey,Training,1772927454,1,0,0
qabwue95,96,6vjlard9,5,presurvey,Training,1772927457,1,0,0
qabwue95,100,0zyv1ms2,5,presurvey,Training,1772927465,1,0,0
qabwue95,99,npjx07yl,6,presurvey,TrainingNeighbor_1,1772927470,1,0,0
qabwue95,99,npjx07yl,10,presurvey,ExperimentInstruction,1772927474,1,0,0
qabwue95,100,0zyv1ms2,6,presurvey,TrainingNeighbor_1,1772927478,1,0,0
qabwue95,100,0zyv1ms2,7,presurvey,TrainingNeighbor_2,1772927482,1,0,0
qabwue95,100,0zyv1ms2,8,presurvey,AttentionCheck,1772927490,1,0,0
qabwue95,101,9flyv3ra,2,presurvey,AudioCheck,1772927491,1,0,0
qabwue95,100,0zyv1ms2,9,presurvey,TrainingNeighbor_3,1772927497,1,0,0
qabwue95,99,npjx07yl,11,presurvey,Scenario,1772927500,1,0,0
qabwue95,101,9flyv3ra,3,presurvey,Demographics,1772927512,1,0,0
qabwue95,96,6vjlard9,6,presurvey,TrainingNeighbor_1,1772927522,1,0,0
qabwue95,96,6vjlard9,10,presurvey,ExperimentInstruction,1772927548,1,0,0
qabwue95,101,9flyv3ra,4,presurvey,NeighborhoodInstruction,1772927548,1,0,0
qabwue95,96,6vjlard9,11,presurvey,Scenario,1772927588,1,0,0
qabwue95,101,9flyv3ra,5,presurvey,Training,1772927602,1,0,0
qabwue95,96,6vjlard9,12,presurvey,Commitment,1772927627,1,0,0
qabwue95,101,9flyv3ra,6,presurvey,TrainingNeighbor_1,1772927674,1,0,0
qabwue95,90,0x4yj367,13,mock_N08_N04_Aonly,GroupingWaitPage,1772927691,1,0,1
qabwue95,90,0x4yj367,14,mock_N08_N04_Aonly,GroupSizeWaitPage,1772927692,1,0,1
qabwue95,101,9flyv3ra,7,presurvey,TrainingNeighbor_2,1772927693,1,0,0
qabwue95,102,yvthkxyf,0,,InitializeParticipant,1772927697,1,0,0
qabwue95,90,0x4yj367,15,mock_N08_N04_Aonly,AttentionCheck,1772927697,1,0,0
qabwue95,101,9flyv3ra,10,presurvey,ExperimentInstruction,1772927708,1,0,0
qabwue95,103,s3a4h1h6,0,,InitializeParticipant,1772927713,1,0,0
qabwue95,103,s3a4h1h6,1,presurvey,Introduction,1772927729,1,0,0
qabwue95,102,yvthkxyf,1,presurvey,Introduction,1772927737,1,0,0
qabwue95,102,yvthkxyf,2,presurvey,AudioCheck,1772927758,1,0,0
qabwue95,101,9flyv3ra,11,presurvey,Scenario,1772927759,1,0,0
qabwue95,102,yvthkxyf,3,presurvey,Demographics,1772927781,1,0,0
qabwue95,104,04g51bkj,0,,InitializeParticipant,1772927781,1,0,0
qabwue95,81,j4xxg94y,13,mock_N08_N04_Aonly,GroupingWaitPage,1772927790,1,0,1
qabwue95,81,j4xxg94y,14,mock_N08_N04_Aonly,GroupSizeWaitPage,1772927790,1,0,1
qabwue95,105,g5sgi6tm,0,,InitializeParticipant,1772927798,1,0,0
qabwue95,104,04g51bkj,1,presurvey,Introduction,1772927800,1,0,0
qabwue95,102,yvthkxyf,4,presurvey,NeighborhoodInstruction,1772927802,1,0,0
qabwue95,81,j4xxg94y,15,mock_N08_N04_Aonly,AttentionCheck,1772927802,1,0,0
qabwue95,104,04g51bkj,2,presurvey,AudioCheck,1772927819,1,0,0
qabwue95,103,s3a4h1h6,2,presurvey,AudioCheck,1772927820,1,0,0
qabwue95,106,7ktcrk8n,0,,InitializeParticipant,1772927831,1,0,0
qabwue95,105,g5sgi6tm,1,presurvey,Introduction,1772927835,1,0,0
qabwue95,104,04g51bkj,3,presurvey,Demographics,1772927836,1,0,0
qabwue95,102,yvthkxyf,5,presurvey,Training,1772927850,1,0,0
qabwue95,105,g5sgi6tm,2,presurvey,AudioCheck,1772927855,1,0,0
qabwue95,104,04g51bkj,4,presurvey,NeighborhoodInstruction,1772927855,1,0,0
qabwue95,103,s3a4h1h6,3,presurvey,Demographics,1772927861,1,0,0
qabwue95,105,g5sgi6tm,3,presurvey,Demographics,1772927872,1,0,0
qabwue95,104,04g51bkj,5,presurvey,Training,1772927884,1,0,0
qabwue95,102,yvthkxyf,6,presurvey,TrainingNeighbor_1,1772927897,1,0,0
qabwue95,105,g5sgi6tm,4,presurvey,NeighborhoodInstruction,1772927900,1,0,0
qabwue95,107,mg8cycpo,0,,InitializeParticipant,1772927903,1,0,0
qabwue95,108,ka96d0jk,0,,InitializeParticipant,1772927905,1,0,0
qabwue95,102,yvthkxyf,7,presurvey,TrainingNeighbor_2,1772927906,1,0,0
qabwue95,107,mg8cycpo,1,presurvey,Introduction,1772927916,1,0,0
qabwue95,108,ka96d0jk,1,presurvey,Introduction,1772927917,1,0,0
qabwue95,102,yvthkxyf,10,presurvey,ExperimentInstruction,1772927917,1,0,0
qabwue95,103,s3a4h1h6,4,presurvey,NeighborhoodInstruction,1772927919,1,0,0
qabwue95,105,g5sgi6tm,5,presurvey,Training,1772927929,1,0,0
qabwue95,107,mg8cycpo,2,presurvey,AudioCheck,1772927930,1,0,0
qabwue95,108,ka96d0jk,2,presurvey,AudioCheck,1772927936,1,0,0
qabwue95,108,ka96d0jk,3,presurvey,Demographics,1772927951,1,0,0
qabwue95,109,zvqbbzde,0,,InitializeParticipant,1772927953,1,0,0
qabwue95,107,mg8cycpo,3,presurvey,Demographics,1772927953,1,0,0
qabwue95,104,04g51bkj,6,presurvey,TrainingNeighbor_1,1772927961,1,0,0
qabwue95,107,mg8cycpo,4,presurvey,NeighborhoodInstruction,1772927963,1,0,0
qabwue95,104,04g51bkj,10,presurvey,ExperimentInstruction,1772927970,1,0,0
qabwue95,108,ka96d0jk,4,presurvey,NeighborhoodInstruction,1772927973,1,0,0
qabwue95,105,g5sgi6tm,6,presurvey,TrainingNeighbor_1,1772927978,1,0,0
qabwue95,110,obz7gvbr,0,,InitializeParticipant,1772927982,1,0,0
qabwue95,110,obz7gvbr,1,presurvey,Introduction,1772927987,1,0,0
qabwue95,105,g5sgi6tm,7,presurvey,TrainingNeighbor_2,1772927992,1,0,0
qabwue95,102,yvthkxyf,11,presurvey,Scenario,1772927997,1,0,0
qabwue95,105,g5sgi6tm,10,presurvey,ExperimentInstruction,1772928000,1,0,0
qabwue95,108,ka96d0jk,5,presurvey,Training,1772928000,1,0,0
qabwue95,107,mg8cycpo,5,presurvey,Training,1772928002,1,0,0
qabwue95,110,obz7gvbr,2,presurvey,AudioCheck,1772928003,1,0,0
qabwue95,104,04g51bkj,11,presurvey,Scenario,1772928010,1,0,0
qabwue95,103,s3a4h1h6,5,presurvey,Training,1772928013,1,0,0
qabwue95,107,mg8cycpo,6,presurvey,TrainingNeighbor_1,1772928034,1,0,0
qabwue95,111,phhcxgvy,0,,InitializeParticipant,1772928036,1,0,0
qabwue95,106,7ktcrk8n,1,presurvey,Introduction,1772928039,1,0,0
qabwue95,105,g5sgi6tm,11,presurvey,Scenario,1772928041,1,0,0
qabwue95,111,phhcxgvy,1,presurvey,Introduction,1772928044,1,0,0
qabwue95,112,6so9ph5d,0,,InitializeParticipant,1772928045,1,0,0
qabwue95,107,mg8cycpo,10,presurvey,ExperimentInstruction,1772928047,1,0,0
qabwue95,108,ka96d0jk,6,presurvey,TrainingNeighbor_1,1772928054,1,0,0
qabwue95,104,04g51bkj,12,presurvey,Commitment,1772928058,1,0,0
qabwue95,111,phhcxgvy,2,presurvey,AudioCheck,1772928060,1,0,0
qabwue95,109,zvqbbzde,1,presurvey,Introduction,1772928068,1,0,0
qabwue95,108,ka96d0jk,7,presurvey,TrainingNeighbor_2,1772928068,1,0,0
qabwue95,108,ka96d0jk,10,presurvey,ExperimentInstruction,1772928072,1,0,0
qabwue95,112,6so9ph5d,1,presurvey,Introduction,1772928074,1,0,0
qabwue95,111,phhcxgvy,3,presurvey,Demographics,1772928074,1,0,0
qabwue95,107,mg8cycpo,11,presurvey,Scenario,1772928074,1,0,0
qabwue95,106,7ktcrk8n,2,presurvey,AudioCheck,1772928087,1,0,0
qabwue95,112,6so9ph5d,2,presurvey,AudioCheck,1772928094,1,0,0
qabwue95,108,ka96d0jk,11,presurvey,Scenario,1772928096,1,0,0
qabwue95,111,phhcxgvy,4,presurvey,NeighborhoodInstruction,1772928103,1,0,0
qabwue95,113,3x5bxhtb,0,,InitializeParticipant,1772928111,1,0,0
qabwue95,113,3x5bxhtb,1,presurvey,Introduction,1772928115,1,0,0
qabwue95,112,6so9ph5d,3,presurvey,Demographics,1772928120,1,0,0
qabwue95,108,ka96d0jk,12,presurvey,Commitment,1772928125,1,0,0
qabwue95,113,3x5bxhtb,2,presurvey,AudioCheck,1772928125,1,0,0
qabwue95,109,zvqbbzde,2,presurvey,AudioCheck,1772928128,1,0,0
qabwue95,113,3x5bxhtb,3,presurvey,Demographics,1772928141,1,0,0
qabwue95,113,3x5bxhtb,4,presurvey,NeighborhoodInstruction,1772928144,1,0,0
qabwue95,109,zvqbbzde,3,presurvey,Demographics,1772928145,1,0,0
qabwue95,111,phhcxgvy,5,presurvey,Training,1772928146,1,0,0
qabwue95,106,7ktcrk8n,3,presurvey,Demographics,1772928170,1,0,0
qabwue95,112,6so9ph5d,4,presurvey,NeighborhoodInstruction,1772928181,1,0,0
qabwue95,106,7ktcrk8n,4,presurvey,NeighborhoodInstruction,1772928182,1,0,0
qabwue95,111,phhcxgvy,6,presurvey,TrainingNeighbor_1,1772928189,1,0,0
qabwue95,110,obz7gvbr,3,presurvey,Demographics,1772928190,1,0,0
qabwue95,111,phhcxgvy,7,presurvey,TrainingNeighbor_2,1772928194,1,0,0
qabwue95,111,phhcxgvy,10,presurvey,ExperimentInstruction,1772928203,1,0,0
qabwue95,113,3x5bxhtb,5,presurvey,Training,1772928208,1,0,0
qabwue95,103,s3a4h1h6,6,presurvey,TrainingNeighbor_1,1772928210,1,0,0
qabwue95,110,obz7gvbr,4,presurvey,NeighborhoodInstruction,1772928214,1,0,0
qabwue95,112,6so9ph5d,5,presurvey,Training,1772928224,1,0,0
qabwue95,110,obz7gvbr,5,presurvey,Training,1772928238,1,0,0
qabwue95,111,phhcxgvy,11,presurvey,Scenario,1772928257,1,0,0
qabwue95,110,obz7gvbr,6,presurvey,TrainingNeighbor_1,1772928262,1,0,0
qabwue95,112,6so9ph5d,6,presurvey,TrainingNeighbor_1,1772928265,1,0,0
qabwue95,110,obz7gvbr,7,presurvey,TrainingNeighbor_2,1772928269,1,0,0
qabwue95,114,te05vlzu,0,,InitializeParticipant,1772928274,1,0,0
qabwue95,112,6so9ph5d,7,presurvey,TrainingNeighbor_2,1772928277,1,0,0
qabwue95,110,obz7gvbr,10,presurvey,ExperimentInstruction,1772928278,1,0,0
qabwue95,114,te05vlzu,1,presurvey,Introduction,1772928282,1,0,0
qabwue95,112,6so9ph5d,10,presurvey,ExperimentInstruction,1772928288,1,0,0
qabwue95,110,obz7gvbr,11,presurvey,Scenario,1772928308,1,0,0
qabwue95,113,3x5bxhtb,6,presurvey,TrainingNeighbor_1,1772928315,1,0,0
qabwue95,111,phhcxgvy,12,presurvey,Commitment,1772928316,1,0,0
qabwue95,112,6so9ph5d,11,presurvey,Scenario,1772928330,1,0,0
qabwue95,113,3x5bxhtb,10,presurvey,ExperimentInstruction,1772928336,1,0,0
qabwue95,110,obz7gvbr,12,presurvey,Commitment,1772928343,1,0,0
qabwue95,115,762r1ohi,0,,InitializeParticipant,1772928346,1,0,0
qabwue95,116,9vkimdo9,0,,InitializeParticipant,1772928351,1,0,0
qabwue95,115,762r1ohi,1,presurvey,Introduction,1772928353,1,0,0
qabwue95,103,s3a4h1h6,7,presurvey,TrainingNeighbor_2,1772928358,1,0,0
qabwue95,113,3x5bxhtb,11,presurvey,Scenario,1772928363,1,0,0
qabwue95,103,s3a4h1h6,8,presurvey,AttentionCheck,1772928379,1,0,0
qabwue95,115,762r1ohi,2,presurvey,AudioCheck,1772928390,1,0,0
qabwue95,109,zvqbbzde,4,presurvey,NeighborhoodInstruction,1772928401,1,0,0
qabwue95,103,s3a4h1h6,9,presurvey,TrainingNeighbor_3,1772928407,1,0,0
qabwue95,115,762r1ohi,3,presurvey,Demographics,1772928410,1,0,0
qabwue95,115,762r1ohi,4,presurvey,NeighborhoodInstruction,1772928432,1,0,0
qabwue95,113,3x5bxhtb,12,presurvey,Commitment,1772928440,1,0,0
qabwue95,109,zvqbbzde,5,presurvey,Training,1772928441,1,0,0
qabwue95,115,762r1ohi,5,presurvey,Training,1772928469,1,0,0
qabwue95,115,762r1ohi,6,presurvey,TrainingNeighbor_1,1772928506,1,0,0
qabwue95,115,762r1ohi,7,presurvey,TrainingNeighbor_2,1772928518,1,0,0
qabwue95,115,762r1ohi,10,presurvey,ExperimentInstruction,1772928526,1,0,0
qabwue95,96,6vjlard9,13,mock_N08_N04_Aonly,GroupingWaitPage,1772928537,1,0,1
qabwue95,97,95eyvcf6,13,mock_N08_N04_Aonly,GroupingWaitPage,1772928537,1,0,1
qabwue95,108,ka96d0jk,13,mock_N08_N04_Aonly,GroupingWaitPage,1772928537,1,0,1
qabwue95,110,obz7gvbr,13,mock_N08_N04_Aonly,GroupingWaitPage,1772928537,1,0,1
qabwue95,96,6vjlard9,14,mock_N08_N04_Aonly,GroupSizeWaitPage,1772928538,1,0,1
qabwue95,97,95eyvcf6,14,mock_N08_N04_Aonly,GroupSizeWaitPage,1772928538,1,0,1
qabwue95,108,ka96d0jk,14,mock_N08_N04_Aonly,GroupSizeWaitPage,1772928538,1,0,1
qabwue95,110,obz7gvbr,14,mock_N08_N04_Aonly,GroupSizeWaitPage,1772928538,1,0,1
qabwue95,108,ka96d0jk,16,mock_N08_N04_Aonly,DiscussionGRPWaitPage,1772928538,1,0,1
qabwue95,97,95eyvcf6,16,mock_N08_N04_Aonly,DiscussionGRPWaitPage,1772928538,1,0,1
qabwue95,96,6vjlard9,16,mock_N08_N04_Aonly,DiscussionGRPWaitPage,1772928538,1,0,1
qabwue95,110,obz7gvbr,16,mock_N08_N04_Aonly,DiscussionGRPWaitPage,1772928538,1,0,1
qabwue95,110,obz7gvbr,17,mock_N08_N04_Aonly,Nudge,1772928558,1,0,0
qabwue95,97,95eyvcf6,17,mock_N08_N04_Aonly,Nudge,1772928560,1,0,0
qabwue95,117,ulfvi923,0,,InitializeParticipant,1772928563,1,0,0
qabwue95,118,tp778ivq,0,,InitializeParticipant,1772928564,1,0,0
qabwue95,115,762r1ohi,11,presurvey,Scenario,1772928565,1,0,0
qabwue95,97,95eyvcf6,18,mock_N08_N04_Aonly,NudgeTraining,1772928571,1,0,0
qabwue95,118,tp778ivq,1,presurvey,Introduction,1772928573,1,0,0
qabwue95,117,ulfvi923,1,presurvey,Introduction,1772928582,1,0,0
qabwue95,108,ka96d0jk,17,mock_N08_N04_Aonly,Nudge,1772928586,1,0,0
qabwue95,97,95eyvcf6,19,mock_N08_N04_Aonly,NudgeTrainingLast,1772928586,1,0,0
qabwue95,119,lbc00r4e,0,,InitializeParticipant,1772928587,1,0,0
qabwue95,96,6vjlard9,17,mock_N08_N04_Aonly,Nudge,1772928594,1,0,0
qabwue95,97,95eyvcf6,20,mock_N08_N04_Aonly,Phase3,1772928597,1,0,0
qabwue95,119,lbc00r4e,1,presurvey,Introduction,1772928597,1,0,0
qabwue95,108,ka96d0jk,18,mock_N08_N04_Aonly,NudgeTraining,1772928602,1,0,0
qabwue95,118,tp778ivq,2,presurvey,AudioCheck,1772928605,1,0,0
qabwue95,115,762r1ohi,12,presurvey,Commitment,1772928607,1,0,0
qabwue95,97,95eyvcf6,21,mock_N08_N04_Aonly,Discussion,1772928613,1,0,0
qabwue95,96,6vjlard9,18,mock_N08_N04_Aonly,NudgeTraining,1772928616,1,0,0
qabwue95,108,ka96d0jk,19,mock_N08_N04_Aonly,NudgeTrainingLast,1772928620,1,0,0
qabwue95,109,zvqbbzde,6,presurvey,TrainingNeighbor_1,1772928632,1,0,0
qabwue95,119,lbc00r4e,2,presurvey,AudioCheck,1772928635,1,0,0
qabwue95,96,6vjlard9,19,mock_N08_N04_Aonly,NudgeTrainingLast,1772928638,1,0,0
qabwue95,109,zvqbbzde,10,presurvey,ExperimentInstruction,1772928639,1,0,0
qabwue95,118,tp778ivq,3,presurvey,Demographics,1772928639,1,0,0
qabwue95,118,tp778ivq,4,presurvey,NeighborhoodInstruction,1772928644,1,0,0
qabwue95,117,ulfvi923,2,presurvey,AudioCheck,1772928648,1,0,0
qabwue95,110,obz7gvbr,18,mock_N08_N04_Aonly,NudgeTraining,1772928648,1,1,0
qabwue95,108,ka96d0jk,20,mock_N08_N04_Aonly,Phase3,1772928654,1,0,0
qabwue95,110,obz7gvbr,19,mock_N08_N04_Aonly,NudgeTrainingLast,1772928661,1,0,0
qabwue95,96,6vjlard9,20,mock_N08_N04_Aonly,Phase3,1772928662,1,0,0
qabwue95,110,obz7gvbr,20,mock_N08_N04_Aonly,Phase3,1772928671,1,0,0
qabwue95,118,tp778ivq,5,presurvey,Training,1772928672,1,0,0
qabwue95,119,lbc00r4e,3,presurvey,Demographics,1772928676,1,0,0
qabwue95,110,obz7gvbr,21,mock_N08_N04_Aonly,Discussion,1772928677,1,0,0
qabwue95,53,1leofcy2,13,mock_N08_N04_Aonly,GroupingWaitPage,1772928679,1,0,1
qabwue95,53,1leofcy2,14,mock_N08_N04_Aonly,GroupSizeWaitPage,1772928680,1,0,1
qabwue95,117,ulfvi923,3,presurvey,Demographics,1772928683,1,0,0
qabwue95,108,ka96d0jk,21,mock_N08_N04_Aonly,Discussion,1772928684,1,0,0
qabwue95,96,6vjlard9,21,mock_N08_N04_Aonly,Discussion,1772928695,1,0,0
qabwue95,108,ka96d0jk,27,mock_N08_N04_Aonly,DiscussionGRPWaitPage,1772928696,2,0,1
qabwue95,97,95eyvcf6,27,mock_N08_N04_Aonly,DiscussionGRPWaitPage,1772928696,2,0,1
qabwue95,96,6vjlard9,27,mock_N08_N04_Aonly,DiscussionGRPWaitPage,1772928696,2,0,1
qabwue95,110,obz7gvbr,27,mock_N08_N04_Aonly,DiscussionGRPWaitPage,1772928696,2,0,1
qabwue95,119,lbc00r4e,4,presurvey,NeighborhoodInstruction,1772928702,1,0,0
qabwue95,110,obz7gvbr,32,mock_N08_N04_Aonly,Discussion,1772928710,2,0,0
qabwue95,120,g9xlliyy,0,,InitializeParticipant,1772928717,1,0,0
qabwue95,120,g9xlliyy,1,presurvey,Introduction,1772928722,1,0,0
qabwue95,96,6vjlard9,32,mock_N08_N04_Aonly,Discussion,1772928727,2,0,0
qabwue95,108,ka96d0jk,32,mock_N08_N04_Aonly,Discussion,1772928733,2,0,0
qabwue95,120,g9xlliyy,2,presurvey,AudioCheck,1772928737,1,0,0
qabwue95,118,tp778ivq,6,presurvey,TrainingNeighbor_1,1772928738,1,0,0
qabwue95,97,95eyvcf6,32,mock_N08_N04_Aonly,Discussion,1772928750,2,1,0
qabwue95,110,obz7gvbr,38,mock_N08_N04_Aonly,DiscussionGRPWaitPage,1772928750,3,0,1
qabwue95,108,ka96d0jk,38,mock_N08_N04_Aonly,DiscussionGRPWaitPage,1772928750,3,0,1
qabwue95,97,95eyvcf6,38,mock_N08_N04_Aonly,DiscussionGRPWaitPage,1772928750,3,0,1
qabwue95,96,6vjlard9,38,mock_N08_N04_Aonly,DiscussionGRPWaitPage,1772928750,3,0,1
qabwue95,121,nzo67v1y,0,,InitializeParticipant,1772928752,1,0,0
qabwue95,118,tp778ivq,7,presurvey,TrainingNeighbor_2,1772928753,1,0,0
qabwue95,120,g9xlliyy,3,presurvey,Demographics,1772928756,1,0,0
qabwue95,110,obz7gvbr,43,mock_N08_N04_Aonly,Discussion,1772928758,3,0,0
qabwue95,121,nzo67v1y,1,presurvey,Introduction,1772928769,1,0,0
qabwue95,118,tp778ivq,10,presurvey,ExperimentInstruction,1772928772,1,0,0
qabwue95,120,g9xlliyy,4,presurvey,NeighborhoodInstruction,1772928775,1,0,0
qabwue95,119,lbc00r4e,5,presurvey,Training,1772928779,1,0,0
qabwue95,118,tp778ivq,11,presurvey,Scenario,1772928784,1,0,0
qabwue95,108,ka96d0jk,43,mock_N08_N04_Aonly,Discussion,1772928789,3,0,0
qabwue95,96,6vjlard9,43,mock_N08_N04_Aonly,Discussion,1772928792,3,0,0
qabwue95,106,7ktcrk8n,5,presurvey,Training,1772928794,1,0,0
qabwue95,121,nzo67v1y,2,presurvey,AudioCheck,1772928795,1,0,0
qabwue95,117,ulfvi923,4,presurvey,NeighborhoodInstruction,1772928798,1,0,0
qabwue95,120,g9xlliyy,5,presurvey,Training,1772928800,1,0,0
qabwue95,97,95eyvcf6,43,mock_N08_N04_Aonly,Discussion,1772928804,3,1,0
qabwue95,96,6vjlard9,49,mock_N08_N04_Aonly,DiscussionGRPWaitPage,1772928805,4,0,1
qabwue95,108,ka96d0jk,49,mock_N08_N04_Aonly,DiscussionGRPWaitPage,1772928805,4,0,1
qabwue95,97,95eyvcf6,49,mock_N08_N04_Aonly,DiscussionGRPWaitPage,1772928805,4,0,1
qabwue95,110,obz7gvbr,49,mock_N08_N04_Aonly,DiscussionGRPWaitPage,1772928805,4,0,1
qabwue95,121,nzo67v1y,3,presurvey,Demographics,1772928813,1,0,0
qabwue95,110,obz7gvbr,54,mock_N08_N04_Aonly,Discussion,1772928814,4,0,0
qabwue95,109,zvqbbzde,11,presurvey,Scenario,1772928817,1,0,0
qabwue95,120,g9xlliyy,6,presurvey,TrainingNeighbor_1,1772928829,1,0,0
qabwue95,108,ka96d0jk,54,mock_N08_N04_Aonly,Discussion,1772928831,4,0,0
qabwue95,120,g9xlliyy,10,presurvey,ExperimentInstruction,1772928836,1,0,0
qabwue95,96,6vjlard9,54,mock_N08_N04_Aonly,Discussion,1772928836,4,0,0
qabwue95,121,nzo67v1y,4,presurvey,NeighborhoodInstruction,1772928839,1,0,0
qabwue95,117,ulfvi923,5,presurvey,Training,1772928841,1,0,0
qabwue95,119,lbc00r4e,6,presurvey,TrainingNeighbor_1,1772928850,1,0,0
qabwue95,119,lbc00r4e,7,presurvey,TrainingNeighbor_2,1772928859,1,0,0
qabwue95,97,95eyvcf6,54,mock_N08_N04_Aonly,Discussion,1772928859,4,1,0
qabwue95,108,ka96d0jk,60,mock_N08_N04_Aonly,DiscussionGRPWaitPage,1772928860,5,0,1
qabwue95,97,95eyvcf6,60,mock_N08_N04_Aonly,DiscussionGRPWaitPage,1772928860,5,0,1
qabwue95,96,6vjlard9,60,mock_N08_N04_Aonly,DiscussionGRPWaitPage,1772928860,5,0,1
qabwue95,110,obz7gvbr,60,mock_N08_N04_Aonly,DiscussionGRPWaitPage,1772928860,5,0,1
qabwue95,118,tp778ivq,12,presurvey,Commitment,1772928866,1,0,0
qabwue95,120,g9xlliyy,11,presurvey,Scenario,1772928869,1,0,0
qabwue95,110,obz7gvbr,65,mock_N08_N04_Aonly,Discussion,1772928874,5,0,0
qabwue95,108,ka96d0jk,65,mock_N08_N04_Aonly,Discussion,1772928874,5,0,0
qabwue95,121,nzo67v1y,5,presurvey,Training,1772928874,1,0,0
qabwue95,119,lbc00r4e,8,presurvey,AttentionCheck,1772928878,1,0,0
qabwue95,106,7ktcrk8n,6,presurvey,TrainingNeighbor_1,1772928882,1,0,0
qabwue95,96,6vjlard9,65,mock_N08_N04_Aonly,Discussion,1772928887,5,0,0
qabwue95,106,7ktcrk8n,7,presurvey,TrainingNeighbor_2,1772928895,1,0,0
qabwue95,97,95eyvcf6,65,mock_N08_N04_Aonly,Discussion,1772928896,5,1,0
qabwue95,108,ka96d0jk,71,mock_N08_N04_Aonly,DiscussionGRPWaitPage,1772928896,6,0,1
qabwue95,97,95eyvcf6,71,mock_N08_N04_Aonly,DiscussionGRPWaitPage,1772928896,6,0,1
qabwue95,96,6vjlard9,71,mock_N08_N04_Aonly,DiscussionGRPWaitPage,1772928896,6,0,1
qabwue95,110,obz7gvbr,71,mock_N08_N04_Aonly,DiscussionGRPWaitPage,1772928896,6,0,1
qabwue95,119,lbc00r4e,9,presurvey,TrainingNeighbor_3,1772928899,1,0,0
qabwue95,106,7ktcrk8n,10,presurvey,ExperimentInstruction,1772928905,1,0,0
qabwue95,110,obz7gvbr,76,mock_N08_N04_Aonly,Discussion,1772928907,6,0,0
qabwue95,121,nzo67v1y,6,presurvey,TrainingNeighbor_1,1772928912,1,0,0
qabwue95,108,ka96d0jk,76,mock_N08_N04_Aonly,Discussion,1772928914,6,0,0
qabwue95,121,nzo67v1y,7,presurvey,TrainingNeighbor_2,1772928919,1,0,0
qabwue95,96,6vjlard9,76,mock_N08_N04_Aonly,Discussion,1772928925,6,0,0
qabwue95,121,nzo67v1y,10,presurvey,ExperimentInstruction,1772928932,1,0,0
qabwue95,97,95eyvcf6,76,mock_N08_N04_Aonly,Discussion,1772928936,6,1,0
qabwue95,108,ka96d0jk,82,mock_N08_N04_Aonly,DiscussionGRPWaitPage,1772928936,7,0,1
qabwue95,97,95eyvcf6,82,mock_N08_N04_Aonly,DiscussionGRPWaitPage,1772928936,7,0,1
qabwue95,96,6vjlard9,82,mock_N08_N04_Aonly,DiscussionGRPWaitPage,1772928936,7,0,1
qabwue95,110,obz7gvbr,82,mock_N08_N04_Aonly,DiscussionGRPWaitPage,1772928936,7,0,1
qabwue95,110,obz7gvbr,87,mock_N08_N04_Aonly,Discussion,1772928946,7,0,0
qabwue95,108,ka96d0jk,87,mock_N08_N04_Aonly,Discussion,1772928958,7,0,0
qabwue95,96,6vjlard9,87,mock_N08_N04_Aonly,Discussion,1772928962,7,0,0
qabwue95,121,nzo67v1y,11,presurvey,Scenario,1772928963,1,0,0
qabwue95,106,7ktcrk8n,11,presurvey,Scenario,1772928966,1,0,0
qabwue95,97,95eyvcf6,87,mock_N08_N04_Aonly,Discussion,1772928972,7,1,0
qabwue95,108,ka96d0jk,93,mock_N08_N04_Aonly,DiscussionGRPWaitPage,1772928972,8,0,1
qabwue95,97,95eyvcf6,93,mock_N08_N04_Aonly,DiscussionGRPWaitPage,1772928972,8,0,1
qabwue95,96,6vjlard9,93,mock_N08_N04_Aonly,DiscussionGRPWaitPage,1772928972,8,0,1
qabwue95,110,obz7gvbr,93,mock_N08_N04_Aonly,DiscussionGRPWaitPage,1772928972,8,0,1
qabwue95,110,obz7gvbr,98,mock_N08_N04_Aonly,Discussion,1772928978,8,0,0
qabwue95,108,ka96d0jk,98,mock_N08_N04_Aonly,Discussion,1772928985,8,0,0
qabwue95,106,7ktcrk8n,12,presurvey,Commitment,1772929003,1,0,0
qabwue95,96,6vjlard9,98,mock_N08_N04_Aonly,Discussion,1772929005,8,1,0
qabwue95,97,95eyvcf6,98,mock_N08_N04_Aonly,Discussion,1772929009,8,1,0
qabwue95,108,ka96d0jk,104,mock_N08_N04_Aonly,DiscussionGRPWaitPage,1772929009,9,0,1
qabwue95,97,95eyvcf6,104,mock_N08_N04_Aonly,DiscussionGRPWaitPage,1772929009,9,0,1
qabwue95,96,6vjlard9,104,mock_N08_N04_Aonly,DiscussionGRPWaitPage,1772929009,9,0,1
qabwue95,110,obz7gvbr,104,mock_N08_N04_Aonly,DiscussionGRPWaitPage,1772929009,9,0,1
qabwue95,110,obz7gvbr,109,mock_N08_N04_Aonly,Discussion,1772929013,9,0,0
qabwue95,108,ka96d0jk,109,mock_N08_N04_Aonly,Discussion,1772929028,9,0,0
qabwue95,96,6vjlard9,109,mock_N08_N04_Aonly,Discussion,1772929034,9,0,0
qabwue95,97,95eyvcf6,109,mock_N08_N04_Aonly,Discussion,1772929048,9,1,0
qabwue95,96,6vjlard9,115,mock_N08_N04_Aonly,DiscussionGRPWaitPage,1772929049,10,0,1
qabwue95,108,ka96d0jk,115,mock_N08_N04_Aonly,DiscussionGRPWaitPage,1772929049,10,0,1
qabwue95,97,95eyvcf6,115,mock_N08_N04_Aonly,DiscussionGRPWaitPage,1772929049,10,0,1
qabwue95,110,obz7gvbr,115,mock_N08_N04_Aonly,DiscussionGRPWaitPage,1772929049,10,0,1
qabwue95,110,obz7gvbr,120,mock_N08_N04_Aonly,Discussion,1772929053,10,0,0
qabwue95,108,ka96d0jk,120,mock_N08_N04_Aonly,Discussion,1772929073,10,0,0
qabwue95,96,6vjlard9,120,mock_N08_N04_Aonly,Discussion,1772929075,10,0,0
qabwue95,97,95eyvcf6,120,mock_N08_N04_Aonly,Discussion,1772929085,10,1,0
qabwue95,96,6vjlard9,126,mock_N08_N04_Aonly,DiscussionGRPWaitPage,1772929085,11,0,1
qabwue95,108,ka96d0jk,126,mock_N08_N04_Aonly,DiscussionGRPWaitPage,1772929085,11,0,1
qabwue95,97,95eyvcf6,126,mock_N08_N04_Aonly,DiscussionGRPWaitPage,1772929085,11,0,1
qabwue95,110,obz7gvbr,126,mock_N08_N04_Aonly,DiscussionGRPWaitPage,1772929085,11,0,1
qabwue95,122,r2kcbgky,0,,InitializeParticipant,1772929089,1,0,0
qabwue95,110,obz7gvbr,131,mock_N08_N04_Aonly,Discussion,1772929093,11,0,0
qabwue95,122,r2kcbgky,1,presurvey,Introduction,1772929106,1,0,0
qabwue95,108,ka96d0jk,131,mock_N08_N04_Aonly,Discussion,1772929106,11,0,0
qabwue95,96,6vjlard9,131,mock_N08_N04_Aonly,Discussion,1772929113,11,0,0
qabwue95,122,r2kcbgky,2,presurvey,AudioCheck,1772929118,1,0,0
qabwue95,97,95eyvcf6,131,mock_N08_N04_Aonly,Discussion,1772929122,11,1,0
qabwue95,108,ka96d0jk,137,mock_N08_N04_Aonly,DiscussionGRPWaitPage,1772929122,12,0,1
qabwue95,97,95eyvcf6,137,mock_N08_N04_Aonly,DiscussionGRPWaitPage,1772929122,12,0,1
qabwue95,96,6vjlard9,137,mock_N08_N04_Aonly,DiscussionGRPWaitPage,1772929122,12,0,1
qabwue95,110,obz7gvbr,137,mock_N08_N04_Aonly,DiscussionGRPWaitPage,1772929122,12,0,1
qabwue95,122,r2kcbgky,3,presurvey,Demographics,1772929130,1,0,0
qabwue95,110,obz7gvbr,142,mock_N08_N04_Aonly,Discussion,1772929131,12,0,0
qabwue95,122,r2kcbgky,4,presurvey,NeighborhoodInstruction,1772929142,1,0,0
qabwue95,108,ka96d0jk,142,mock_N08_N04_Aonly,Discussion,1772929147,12,0,0
qabwue95,96,6vjlard9,142,mock_N08_N04_Aonly,Discussion,1772929148,12,0,0
qabwue95,122,r2kcbgky,5,presurvey,Training,1772929160,1,0,0
qabwue95,97,95eyvcf6,142,mock_N08_N04_Aonly,Discussion,1772929161,12,1,0
qabwue95,108,ka96d0jk,148,mock_N08_N04_Aonly,DiscussionGRPWaitPage,1772929162,13,0,1
qabwue95,97,95eyvcf6,148,mock_N08_N04_Aonly,DiscussionGRPWaitPage,1772929162,13,0,1
qabwue95,96,6vjlard9,148,mock_N08_N04_Aonly,DiscussionGRPWaitPage,1772929162,13,0,1
qabwue95,110,obz7gvbr,148,mock_N08_N04_Aonly,DiscussionGRPWaitPage,1772929162,13,0,1
qabwue95,110,obz7gvbr,153,mock_N08_N04_Aonly,Discussion,1772929168,13,0,0
qabwue95,108,ka96d0jk,153,mock_N08_N04_Aonly,Discussion,1772929177,13,0,0
qabwue95,96,6vjlard9,153,mock_N08_N04_Aonly,Discussion,1772929190,13,0,0
qabwue95,122,r2kcbgky,6,presurvey,TrainingNeighbor_1,1772929195,1,0,0
qabwue95,104,04g51bkj,13,mock_N08_N04_Aonly,GroupingWaitPage,1772929199,1,0,1
qabwue95,97,95eyvcf6,153,mock_N08_N04_Aonly,Discussion,1772929199,13,1,0
qabwue95,96,6vjlard9,159,mock_N08_N04_Aonly,DiscussionGRPWaitPage,1772929200,14,0,1
qabwue95,108,ka96d0jk,159,mock_N08_N04_Aonly,DiscussionGRPWaitPage,1772929200,14,0,1
qabwue95,97,95eyvcf6,159,mock_N08_N04_Aonly,DiscussionGRPWaitPage,1772929200,14,0,1
qabwue95,110,obz7gvbr,159,mock_N08_N04_Aonly,DiscussionGRPWaitPage,1772929200,14,0,1
qabwue95,104,04g51bkj,14,mock_N08_N04_Aonly,GroupSizeWaitPage,1772929200,1,0,1
qabwue95,122,r2kcbgky,10,presurvey,ExperimentInstruction,1772929201,1,0,0
qabwue95,104,04g51bkj,15,mock_N08_N04_Aonly,AttentionCheck,1772929206,1,0,0
qabwue95,110,obz7gvbr,164,mock_N08_N04_Aonly,Discussion,1772929209,14,0,0
qabwue95,108,ka96d0jk,164,mock_N08_N04_Aonly,Discussion,1772929223,14,0,0
qabwue95,96,6vjlard9,164,mock_N08_N04_Aonly,Discussion,1772929226,14,0,0
qabwue95,122,r2kcbgky,11,presurvey,Scenario,1772929232,1,0,0
qabwue95,123,kbz8qsgf,0,,InitializeParticipant,1772929232,1,0,0
qabwue95,97,95eyvcf6,164,mock_N08_N04_Aonly,Discussion,1772929239,14,1,0
qabwue95,108,ka96d0jk,170,mock_N08_N04_Aonly,DiscussionGRPWaitPage,1772929240,15,0,1
qabwue95,96,6vjlard9,170,mock_N08_N04_Aonly,DiscussionGRPWaitPage,1772929240,15,0,1
qabwue95,97,95eyvcf6,170,mock_N08_N04_Aonly,DiscussionGRPWaitPage,1772929240,15,0,1
qabwue95,110,obz7gvbr,170,mock_N08_N04_Aonly,DiscussionGRPWaitPage,1772929240,15,0,1
qabwue95,110,obz7gvbr,175,mock_N08_N04_Aonly,Discussion,1772929244,15,0,0
qabwue95,123,kbz8qsgf,1,presurvey,Introduction,1772929258,1,0,0
qabwue95,108,ka96d0jk,175,mock_N08_N04_Aonly,Discussion,1772929259,15,0,0
qabwue95,96,6vjlard9,175,mock_N08_N04_Aonly,Discussion,1772929266,15,0,0
qabwue95,122,r2kcbgky,12,presurvey,Commitment,1772929273,1,0,0
qabwue95,97,95eyvcf6,175,mock_N08_N04_Aonly,Discussion,1772929276,15,1,0
qabwue95,108,ka96d0jk,181,mock_N08_N04_Aonly,DiscussionGRPWaitPage,1772929276,16,0,1
qabwue95,110,obz7gvbr,181,mock_N08_N04_Aonly,DiscussionGRPWaitPage,1772929276,16,0,1
qabwue95,97,95eyvcf6,181,mock_N08_N04_Aonly,DiscussionGRPWaitPage,1772929276,16,0,1
qabwue95,96,6vjlard9,181,mock_N08_N04_Aonly,DiscussionGRPWaitPage,1772929276,16,0,1
qabwue95,110,obz7gvbr,186,mock_N08_N04_Aonly,Discussion,1772929280,16,0,0
qabwue95,124,wi0kivef,0,,InitializeParticipant,1772929281,1,0,0
qabwue95,108,ka96d0jk,186,mock_N08_N04_Aonly,Discussion,1772929298,16,0,0
qabwue95,96,6vjlard9,186,mock_N08_N04_Aonly,Discussion,1772929303,16,0,0
qabwue95,125,wzr4ftms,0,,InitializeParticipant,1772929311,1,0,0
qabwue95,124,wi0kivef,1,presurvey,Introduction,1772929311,1,0,0
qabwue95,97,95eyvcf6,186,mock_N08_N04_Aonly,Discussion,1772929315,16,1,0
qabwue95,125,wzr4ftms,1,presurvey,Introduction,1772929315,1,0,0
qabwue95,108,ka96d0jk,192,mock_N08_N04_Aonly,DiscussionGRPWaitPage,1772929316,17,0,1
qabwue95,97,95eyvcf6,192,mock_N08_N04_Aonly,DiscussionGRPWaitPage,1772929316,17,0,1
qabwue95,96,6vjlard9,192,mock_N08_N04_Aonly,DiscussionGRPWaitPage,1772929316,17,0,1
qabwue95,110,obz7gvbr,192,mock_N08_N04_Aonly,DiscussionGRPWaitPage,1772929316,17,0,1
qabwue95,110,obz7gvbr,197,mock_N08_N04_Aonly,Discussion,1772929326,17,0,0
qabwue95,108,ka96d0jk,197,mock_N08_N04_Aonly,Discussion,1772929331,17,0,0
qabwue95,125,wzr4ftms,2,presurvey,AudioCheck,1772929337,1,0,0
qabwue95,96,6vjlard9,197,mock_N08_N04_Aonly,Discussion,1772929343,17,0,0
qabwue95,124,wi0kivef,2,presurvey,AudioCheck,1772929346,1,0,0
qabwue95,97,95eyvcf6,197,mock_N08_N04_Aonly,Discussion,1772929352,17,1,0
qabwue95,97,95eyvcf6,203,mock_N08_N04_Aonly,DiscussionGRPWaitPage,1772929352,18,0,1
qabwue95,108,ka96d0jk,203,mock_N08_N04_Aonly,DiscussionGRPWaitPage,1772929352,18,0,1
qabwue95,96,6vjlard9,203,mock_N08_N04_Aonly,DiscussionGRPWaitPage,1772929352,18,0,1
qabwue95,110,obz7gvbr,203,mock_N08_N04_Aonly,DiscussionGRPWaitPage,1772929352,18,0,1
qabwue95,124,wi0kivef,3,presurvey,Demographics,1772929357,1,0,0
qabwue95,110,obz7gvbr,208,mock_N08_N04_Aonly,Discussion,1772929358,18,0,0
qabwue95,125,wzr4ftms,3,presurvey,Demographics,1772929361,1,0,0
qabwue95,124,wi0kivef,4,presurvey,NeighborhoodInstruction,1772929369,1,0,0
qabwue95,108,ka96d0jk,208,mock_N08_N04_Aonly,Discussion,1772929370,18,0,0
qabwue95,126,k8t6015x,0,,InitializeParticipant,1772929374,1,0,0
qabwue95,96,6vjlard9,208,mock_N08_N04_Aonly,Discussion,1772929380,18,0,0
qabwue95,97,95eyvcf6,208,mock_N08_N04_Aonly,Discussion,1772929392,18,1,0
qabwue95,96,6vjlard9,214,mock_N08_N04_Aonly,DiscussionGRPWaitPage,1772929392,19,0,1
qabwue95,108,ka96d0jk,214,mock_N08_N04_Aonly,DiscussionGRPWaitPage,1772929392,19,0,1
qabwue95,97,95eyvcf6,214,mock_N08_N04_Aonly,DiscussionGRPWaitPage,1772929392,19,0,1
qabwue95,110,obz7gvbr,214,mock_N08_N04_Aonly,DiscussionGRPWaitPage,1772929392,19,0,1
qabwue95,126,k8t6015x,1,presurvey,Introduction,1772929392,1,0,0
qabwue95,124,wi0kivef,5,presurvey,Training,1772929393,1,0,0
qabwue95,110,obz7gvbr,219,mock_N08_N04_Aonly,Discussion,1772929401,19,0,0
qabwue95,125,wzr4ftms,4,presurvey,NeighborhoodInstruction,1772929402,1,0,0
qabwue95,108,ka96d0jk,219,mock_N08_N04_Aonly,Discussion,1772929403,19,0,0
qabwue95,124,wi0kivef,6,presurvey,TrainingNeighbor_1,1772929415,1,0,0
qabwue95,96,6vjlard9,219,mock_N08_N04_Aonly,Discussion,1772929419,19,0,0
qabwue95,124,wi0kivef,10,presurvey,ExperimentInstruction,1772929423,1,0,0
qabwue95,126,k8t6015x,2,presurvey,AudioCheck,1772929423,1,0,0
qabwue95,127,vo0ebux0,0,,InitializeParticipant,1772929423,1,0,0
qabwue95,127,vo0ebux0,1,presurvey,Introduction,1772929426,1,0,0
qabwue95,97,95eyvcf6,219,mock_N08_N04_Aonly,Discussion,1772929428,19,1,0
qabwue95,108,ka96d0jk,225,mock_N08_N04_Aonly,DiscussionGRPWaitPage,1772929428,20,0,1
qabwue95,110,obz7gvbr,225,mock_N08_N04_Aonly,DiscussionGRPWaitPage,1772929428,20,0,1
qabwue95,97,95eyvcf6,225,mock_N08_N04_Aonly,DiscussionGRPWaitPage,1772929428,20,0,1
qabwue95,96,6vjlard9,225,mock_N08_N04_Aonly,DiscussionGRPWaitPage,1772929428,20,0,1
qabwue95,110,obz7gvbr,230,mock_N08_N04_Aonly,Discussion,1772929434,20,0,0
qabwue95,126,k8t6015x,3,presurvey,Demographics,1772929436,1,0,0
qabwue95,127,vo0ebux0,2,presurvey,AudioCheck,1772929437,1,0,0
qabwue95,128,2g4ykbc4,0,,InitializeParticipant,1772929440,1,0,0
qabwue95,108,ka96d0jk,230,mock_N08_N04_Aonly,Discussion,1772929445,20,0,0
qabwue95,128,2g4ykbc4,1,presurvey,Introduction,1772929447,1,0,0
qabwue95,127,vo0ebux0,3,presurvey,Demographics,1772929448,1,0,0
qabwue95,125,wzr4ftms,5,presurvey,Training,1772929450,1,0,0
qabwue95,126,k8t6015x,4,presurvey,NeighborhoodInstruction,1772929457,1,0,0
qabwue95,111,phhcxgvy,13,mock_N08_N04_Aonly,GroupingWaitPage,1772929460,1,0,1
qabwue95,111,phhcxgvy,14,mock_N08_N04_Aonly,GroupSizeWaitPage,1772929461,1,0,1
qabwue95,124,wi0kivef,11,presurvey,Scenario,1772929461,1,0,0
qabwue95,96,6vjlard9,230,mock_N08_N04_Aonly,Discussion,1772929466,20,1,0
qabwue95,127,vo0ebux0,4,presurvey,NeighborhoodInstruction,1772929466,1,0,0
qabwue95,129,o4het3hy,0,,InitializeParticipant,1772929467,1,0,0
qabwue95,97,95eyvcf6,230,mock_N08_N04_Aonly,Discussion,1772929467,20,1,0
qabwue95,110,obz7gvbr,231,mock_N08_N04_Aonly,FinalRoundWaitPage,1772929467,20,0,1
qabwue95,97,95eyvcf6,231,mock_N08_N04_Aonly,FinalRoundWaitPage,1772929467,20,0,1
qabwue95,96,6vjlard9,231,mock_N08_N04_Aonly,FinalRoundWaitPage,1772929467,20,0,1
qabwue95,108,ka96d0jk,231,mock_N08_N04_Aonly,FinalRoundWaitPage,1772929467,20,0,1
qabwue95,111,phhcxgvy,15,mock_N08_N04_Aonly,AttentionCheck,1772929468,1,0,0
qabwue95,110,obz7gvbr,232,mock_N08_N04_Aonly,FinalRound,1772929476,20,0,0
qabwue95,126,k8t6015x,5,presurvey,Training,1772929486,1,0,0
qabwue95,108,ka96d0jk,232,mock_N08_N04_Aonly,FinalRound,1772929488,20,0,0
qabwue95,127,vo0ebux0,5,presurvey,Training,1772929501,1,0,0
qabwue95,96,6vjlard9,232,mock_N08_N04_Aonly,FinalRound,1772929501,20,0,0
qabwue95,127,vo0ebux0,6,presurvey,TrainingNeighbor_1,1772929524,1,0,0
qabwue95,125,wzr4ftms,6,presurvey,TrainingNeighbor_1,1772929530,1,0,0
qabwue95,126,k8t6015x,6,presurvey,TrainingNeighbor_1,1772929533,1,0,0
qabwue95,127,vo0ebux0,10,presurvey,ExperimentInstruction,1772929533,1,0,0
qabwue95,125,wzr4ftms,7,presurvey,TrainingNeighbor_2,1772929541,1,0,0
qabwue95,125,wzr4ftms,10,presurvey,ExperimentInstruction,1772929545,1,0,0
qabwue95,128,2g4ykbc4,2,presurvey,AudioCheck,1772929550,1,0,0
qabwue95,127,vo0ebux0,11,presurvey,Scenario,1772929562,1,0,0
qabwue95,129,o4het3hy,1,presurvey,Introduction,1772929567,1,0,0
qabwue95,128,2g4ykbc4,3,presurvey,Demographics,1772929572,1,0,0
qabwue95,126,k8t6015x,7,presurvey,TrainingNeighbor_2,1772929580,1,0,0
qabwue95,125,wzr4ftms,11,presurvey,Scenario,1772929585,1,0,0
qabwue95,126,k8t6015x,10,presurvey,ExperimentInstruction,1772929597,1,0,0
qabwue95,130,6soo772x,0,,InitializeParticipant,1772929599,1,0,0
qabwue95,129,o4het3hy,2,presurvey,AudioCheck,1772929600,1,0,0
qabwue95,130,6soo772x,1,presurvey,Introduction,1772929603,1,0,0
qabwue95,130,6soo772x,2,presurvey,AudioCheck,1772929611,1,0,0
qabwue95,125,wzr4ftms,12,presurvey,Commitment,1772929615,1,0,0
qabwue95,130,6soo772x,3,presurvey,Demographics,1772929620,1,0,0
qabwue95,126,k8t6015x,11,presurvey,Scenario,1772929626,1,0,0
qabwue95,130,6soo772x,4,presurvey,NeighborhoodInstruction,1772929627,1,0,0
qabwue95,129,o4het3hy,3,presurvey,Demographics,1772929630,1,0,0
qabwue95,113,3x5bxhtb,13,mock_N08_N04_Aonly,GroupingWaitPage,1772929642,1,0,1
qabwue95,113,3x5bxhtb,14,mock_N08_N04_Aonly,GroupSizeWaitPage,1772929642,1,0,1
qabwue95,130,6soo772x,5,presurvey,Training,1772929646,1,0,0
qabwue95,128,2g4ykbc4,4,presurvey,NeighborhoodInstruction,1772929650,1,0,0
qabwue95,113,3x5bxhtb,15,mock_N08_N04_Aonly,AttentionCheck,1772929650,1,0,0
qabwue95,129,o4het3hy,4,presurvey,NeighborhoodInstruction,1772929673,1,0,0
qabwue95,126,k8t6015x,12,presurvey,Commitment,1772929682,1,0,0
qabwue95,130,6soo772x,6,presurvey,TrainingNeighbor_1,1772929687,1,0,0
qabwue95,128,2g4ykbc4,5,presurvey,Training,1772929689,1,0,0
qabwue95,130,6soo772x,10,presurvey,ExperimentInstruction,1772929695,1,0,0
qabwue95,130,6soo772x,11,presurvey,Scenario,1772929711,1,0,0
qabwue95,115,762r1ohi,13,mock_N08_N04_Aonly,GroupingWaitPage,1772929750,1,0,1
qabwue95,115,762r1ohi,14,mock_N08_N04_Aonly,GroupSizeWaitPage,1772929751,1,0,1
qabwue95,115,762r1ohi,15,mock_N08_N04_Aonly,AttentionCheck,1772929761,1,0,0
qabwue95,129,o4het3hy,5,presurvey,Training,1772929780,1,0,0
qabwue95,128,2g4ykbc4,6,presurvey,TrainingNeighbor_1,1772929780,1,0,0
qabwue95,128,2g4ykbc4,10,presurvey,ExperimentInstruction,1772929796,1,0,0
qabwue95,129,o4het3hy,6,presurvey,TrainingNeighbor_1,1772929810,1,0,0
qabwue95,131,hv88yg4b,0,,InitializeParticipant,1772929810,1,0,0
qabwue95,129,o4het3hy,7,presurvey,TrainingNeighbor_2,1772929824,1,0,0
qabwue95,128,2g4ykbc4,11,presurvey,Scenario,1772929845,1,0,0
qabwue95,131,hv88yg4b,1,presurvey,Introduction,1772929856,1,0,0
qabwue95,129,o4het3hy,10,presurvey,ExperimentInstruction,1772929878,1,0,0
qabwue95,131,hv88yg4b,2,presurvey,AudioCheck,1772929902,1,0,0
qabwue95,132,74ftkvjn,0,,InitializeParticipant,1772929904,1,0,0
qabwue95,132,74ftkvjn,1,presurvey,Introduction,1772929914,1,0,0
qabwue95,129,o4het3hy,11,presurvey,Scenario,1772929919,1,0,0
qabwue95,131,hv88yg4b,3,presurvey,Demographics,1772929922,1,0,0
qabwue95,132,74ftkvjn,2,presurvey,AudioCheck,1772929948,1,0,0
qabwue95,132,74ftkvjn,3,presurvey,Demographics,1772929957,1,0,0
qabwue95,131,hv88yg4b,4,presurvey,NeighborhoodInstruction,1772929958,1,0,0
qabwue95,129,o4het3hy,12,presurvey,Commitment,1772929961,1,0,0
qabwue95,132,74ftkvjn,4,presurvey,NeighborhoodInstruction,1772929989,1,0,0
qabwue95,131,hv88yg4b,5,presurvey,Training,1772930011,1,0,0
qabwue95,132,74ftkvjn,5,presurvey,Training,1772930030,1,0,0
qabwue95,133,83pwipij,0,,InitializeParticipant,1772930035,1,0,0
qabwue95,134,lw6u9ode,0,,InitializeParticipant,1772930043,1,0,0
qabwue95,133,83pwipij,1,presurvey,Introduction,1772930051,1,0,0
qabwue95,133,83pwipij,2,presurvey,AudioCheck,1772930061,1,0,0
qabwue95,135,9vogigeb,0,,InitializeParticipant,1772930067,1,0,0
qabwue95,134,lw6u9ode,1,presurvey,Introduction,1772930070,1,0,0
qabwue95,133,83pwipij,3,presurvey,Demographics,1772930072,1,0,0
qabwue95,118,tp778ivq,13,mock_N08_N04_Aonly,GroupingWaitPage,1772930074,1,0,1
qabwue95,118,tp778ivq,14,mock_N08_N04_Aonly,GroupSizeWaitPage,1772930074,1,0,1
qabwue95,131,hv88yg4b,6,presurvey,TrainingNeighbor_1,1772930077,1,0,0
qabwue95,132,74ftkvjn,6,presurvey,TrainingNeighbor_1,1772930078,1,0,0
qabwue95,135,9vogigeb,1,presurvey,Introduction,1772930081,1,0,0
qabwue95,133,83pwipij,4,presurvey,NeighborhoodInstruction,1772930082,1,0,0
qabwue95,118,tp778ivq,15,mock_N08_N04_Aonly,AttentionCheck,1772930085,1,0,0
qabwue95,132,74ftkvjn,10,presurvey,ExperimentInstruction,1772930092,1,0,0
qabwue95,136,6nwvsvb9,0,,InitializeParticipant,1772930097,1,0,0
qabwue95,131,hv88yg4b,10,presurvey,ExperimentInstruction,1772930099,1,0,0
qabwue95,135,9vogigeb,2,presurvey,AudioCheck,1772930110,1,0,0
qabwue95,133,83pwipij,5,presurvey,Training,1772930116,1,0,0
qabwue95,135,9vogigeb,3,presurvey,Demographics,1772930120,1,0,0
qabwue95,134,lw6u9ode,2,presurvey,AudioCheck,1772930121,1,0,0
qabwue95,133,83pwipij,6,presurvey,TrainingNeighbor_1,1772930128,1,0,0
qabwue95,137,qy8o6eic,0,,InitializeParticipant,1772930131,1,0,0
qabwue95,133,83pwipij,10,presurvey,ExperimentInstruction,1772930132,1,0,0
qabwue95,138,uvi5qxwb,0,,InitializeParticipant,1772930135,1,0,0
qabwue95,137,qy8o6eic,1,presurvey,Introduction,1772930139,1,0,0
qabwue95,134,lw6u9ode,3,presurvey,Demographics,1772930144,1,0,0
qabwue95,133,83pwipij,11,presurvey,Scenario,1772930145,1,0,0
qabwue95,135,9vogigeb,4,presurvey,NeighborhoodInstruction,1772930145,1,0,0
qabwue95,106,7ktcrk8n,13,mock_N08_N04_Aonly,GroupingWaitPage,1772930147,1,0,1
qabwue95,131,hv88yg4b,11,presurvey,Scenario,1772930147,1,0,0
qabwue95,106,7ktcrk8n,14,mock_N08_N04_Aonly,GroupSizeWaitPage,1772930147,1,0,1
qabwue95,137,qy8o6eic,2,presurvey,AudioCheck,1772930153,1,0,0
qabwue95,132,74ftkvjn,11,presurvey,Scenario,1772930154,1,0,0
qabwue95,106,7ktcrk8n,15,mock_N08_N04_Aonly,AttentionCheck,1772930156,1,0,0
qabwue95,133,83pwipij,12,presurvey,Commitment,1772930169,1,0,0
qabwue95,137,qy8o6eic,3,presurvey,Demographics,1772930171,1,0,0
qabwue95,136,6nwvsvb9,1,presurvey,Introduction,1772930171,1,0,0
qabwue95,135,9vogigeb,5,presurvey,Training,1772930173,1,0,0
qabwue95,136,6nwvsvb9,2,presurvey,AudioCheck,1772930192,1,0,0
qabwue95,138,uvi5qxwb,1,presurvey,Introduction,1772930193,1,0,0
qabwue95,135,9vogigeb,6,presurvey,TrainingNeighbor_1,1772930196,1,0,0
qabwue95,137,qy8o6eic,4,presurvey,NeighborhoodInstruction,1772930198,1,0,0
qabwue95,135,9vogigeb,10,presurvey,ExperimentInstruction,1772930203,1,0,0
qabwue95,134,lw6u9ode,4,presurvey,NeighborhoodInstruction,1772930217,1,0,0
qabwue95,136,6nwvsvb9,3,presurvey,Demographics,1772930219,1,0,0
qabwue95,138,uvi5qxwb,2,presurvey,AudioCheck,1772930221,1,0,0
qabwue95,138,uvi5qxwb,3,presurvey,Demographics,1772930230,1,0,0
qabwue95,135,9vogigeb,11,presurvey,Scenario,1772930232,1,0,0
qabwue95,131,hv88yg4b,12,presurvey,Commitment,1772930237,1,0,0
qabwue95,137,qy8o6eic,5,presurvey,Training,1772930237,1,0,0
qabwue95,136,6nwvsvb9,4,presurvey,NeighborhoodInstruction,1772930245,1,0,0
qabwue95,132,74ftkvjn,12,presurvey,Commitment,1772930260,1,0,0
qabwue95,137,qy8o6eic,6,presurvey,TrainingNeighbor_1,1772930263,1,0,0
qabwue95,139,xg4ueyr0,0,,InitializeParticipant,1772930263,1,0,0
qabwue95,138,uvi5qxwb,4,presurvey,NeighborhoodInstruction,1772930265,1,0,0
qabwue95,134,lw6u9ode,5,presurvey,Training,1772930268,1,0,0
qabwue95,137,qy8o6eic,7,presurvey,TrainingNeighbor_2,1772930272,1,0,0
qabwue95,137,qy8o6eic,10,presurvey,ExperimentInstruction,1772930277,1,0,0
qabwue95,136,6nwvsvb9,5,presurvey,Training,1772930286,1,0,0
qabwue95,140,4xp7gk5j,0,,InitializeParticipant,1772930300,1,0,0
qabwue95,137,qy8o6eic,11,presurvey,Scenario,1772930303,1,0,0
qabwue95,140,4xp7gk5j,1,presurvey,Introduction,1772930309,1,0,0
qabwue95,139,xg4ueyr0,1,presurvey,Introduction,1772930312,1,0,0
qabwue95,134,lw6u9ode,6,presurvey,TrainingNeighbor_1,1772930326,1,0,0
qabwue95,136,6nwvsvb9,6,presurvey,TrainingNeighbor_1,1772930326,1,0,0
qabwue95,140,4xp7gk5j,2,presurvey,AudioCheck,1772930329,1,0,0
qabwue95,138,uvi5qxwb,5,presurvey,Training,1772930331,1,0,0
qabwue95,137,qy8o6eic,12,presurvey,Commitment,1772930348,1,0,0
qabwue95,140,4xp7gk5j,3,presurvey,Demographics,1772930348,1,0,0
qabwue95,134,lw6u9ode,7,presurvey,TrainingNeighbor_2,1772930349,1,0,0
qabwue95,136,6nwvsvb9,7,presurvey,TrainingNeighbor_2,1772930351,1,0,0
qabwue95,138,uvi5qxwb,6,presurvey,TrainingNeighbor_1,1772930358,1,0,0
qabwue95,134,lw6u9ode,10,presurvey,ExperimentInstruction,1772930363,1,0,0
qabwue95,140,4xp7gk5j,4,presurvey,NeighborhoodInstruction,1772930364,1,0,0
qabwue95,139,xg4ueyr0,2,presurvey,AudioCheck,1772930366,1,0,0
qabwue95,136,6nwvsvb9,8,presurvey,AttentionCheck,1772930369,1,0,0
qabwue95,141,w4b9h55z,0,,InitializeParticipant,1772930370,1,0,0
qabwue95,142,vw221noe,0,,InitializeParticipant,1772930374,1,0,0
qabwue95,141,w4b9h55z,1,presurvey,Introduction,1772930375,1,0,0
qabwue95,142,vw221noe,1,presurvey,Introduction,1772930379,1,0,0
qabwue95,139,xg4ueyr0,3,presurvey,Demographics,1772930381,1,0,0
qabwue95,141,w4b9h55z,2,presurvey,AudioCheck,1772930385,1,0,0
qabwue95,136,6nwvsvb9,9,presurvey,TrainingNeighbor_3,1772930386,1,0,0
qabwue95,134,lw6u9ode,11,presurvey,Scenario,1772930390,1,0,0
qabwue95,138,uvi5qxwb,10,presurvey,ExperimentInstruction,1772930393,1,0,0
qabwue95,141,w4b9h55z,3,presurvey,Demographics,1772930394,1,0,0
qabwue95,142,vw221noe,2,presurvey,AudioCheck,1772930400,1,0,0
qabwue95,141,w4b9h55z,4,presurvey,NeighborhoodInstruction,1772930400,1,0,0
qabwue95,139,xg4ueyr0,4,presurvey,NeighborhoodInstruction,1772930412,1,0,0
qabwue95,140,4xp7gk5j,5,presurvey,Training,1772930413,1,0,0
qabwue95,122,r2kcbgky,13,mock_N08_N04_Aonly,GroupingWaitPage,1772930415,1,0,1
qabwue95,122,r2kcbgky,14,mock_N08_N04_Aonly,GroupSizeWaitPage,1772930416,1,0,1
qabwue95,142,vw221noe,3,presurvey,Demographics,1772930418,1,0,0
qabwue95,143,4r4frra3,0,,InitializeParticipant,1772930419,1,0,0
qabwue95,141,w4b9h55z,5,presurvey,Training,1772930420,1,0,0
qabwue95,144,hpv5qmtd,0,,InitializeParticipant,1772930423,1,0,0
qabwue95,122,r2kcbgky,15,mock_N08_N04_Aonly,AttentionCheck,1772930425,1,0,0
qabwue95,142,vw221noe,4,presurvey,NeighborhoodInstruction,1772930428,1,0,0
qabwue95,138,uvi5qxwb,11,presurvey,Scenario,1772930432,1,0,0
qabwue95,142,vw221noe,5,presurvey,Training,1772930443,1,0,0
qabwue95,144,hpv5qmtd,1,presurvey,Introduction,1772930450,1,0,0
qabwue95,143,4r4frra3,1,presurvey,Introduction,1772930453,1,0,0
qabwue95,141,w4b9h55z,6,presurvey,TrainingNeighbor_1,1772930457,1,0,0
qabwue95,141,w4b9h55z,10,presurvey,ExperimentInstruction,1772930459,1,0,0
qabwue95,144,hpv5qmtd,2,presurvey,AudioCheck,1772930469,1,0,0
qabwue95,143,4r4frra3,2,presurvey,AudioCheck,1772930470,1,0,0
qabwue95,142,vw221noe,6,presurvey,TrainingNeighbor_1,1772930479,1,0,0
qabwue95,144,hpv5qmtd,3,presurvey,Demographics,1772930481,1,0,0
qabwue95,141,w4b9h55z,11,presurvey,Scenario,1772930484,1,0,0
qabwue95,142,vw221noe,10,presurvey,ExperimentInstruction,1772930488,1,0,0
qabwue95,140,4xp7gk5j,6,presurvey,TrainingNeighbor_1,1772930488,1,0,0
qabwue95,143,4r4frra3,3,presurvey,Demographics,1772930488,1,0,0
qabwue95,139,xg4ueyr0,5,presurvey,Training,1772930491,1,0,0
qabwue95,144,hpv5qmtd,4,presurvey,NeighborhoodInstruction,1772930499,1,0,0
qabwue95,140,4xp7gk5j,7,presurvey,TrainingNeighbor_2,1772930512,1,0,0
qabwue95,142,vw221noe,11,presurvey,Scenario,1772930513,1,0,0
qabwue95,144,hpv5qmtd,5,presurvey,Training,1772930526,1,0,0
qabwue95,140,4xp7gk5j,10,presurvey,ExperimentInstruction,1772930533,1,0,0
qabwue95,139,xg4ueyr0,6,presurvey,TrainingNeighbor_1,1772930542,1,0,0
qabwue95,144,hpv5qmtd,6,presurvey,TrainingNeighbor_1,1772930551,1,0,0
qabwue95,139,xg4ueyr0,10,presurvey,ExperimentInstruction,1772930555,1,0,0
qabwue95,144,hpv5qmtd,10,presurvey,ExperimentInstruction,1772930556,1,0,0
qabwue95,143,4r4frra3,4,presurvey,NeighborhoodInstruction,1772930558,1,0,0
qabwue95,140,4xp7gk5j,11,presurvey,Scenario,1772930568,1,0,0
qabwue95,138,uvi5qxwb,12,presurvey,Commitment,1772930574,1,0,0
qabwue95,144,hpv5qmtd,11,presurvey,Scenario,1772930577,1,0,0
qabwue95,143,4r4frra3,5,presurvey,Training,1772930584,1,0,0
qabwue95,139,xg4ueyr0,11,presurvey,Scenario,1772930594,1,0,0
qabwue95,144,hpv5qmtd,12,presurvey,Commitment,1772930600,1,0,0
qabwue95,143,4r4frra3,6,presurvey,TrainingNeighbor_1,1772930636,1,0,0
qabwue95,140,4xp7gk5j,12,presurvey,Commitment,1772930637,1,0,0
qabwue95,143,4r4frra3,7,presurvey,TrainingNeighbor_2,1772930642,1,0,0
qabwue95,143,4r4frra3,10,presurvey,ExperimentInstruction,1772930652,1,0,0
qabwue95,125,wzr4ftms,13,mock_N08_N04_Aonly,GroupingWaitPage,1772930655,1,0,1
qabwue95,129,o4het3hy,13,mock_N08_N04_Aonly,GroupingWaitPage,1772930655,1,0,1
qabwue95,131,hv88yg4b,13,mock_N08_N04_Aonly,GroupingWaitPage,1772930655,1,0,1
qabwue95,133,83pwipij,13,mock_N08_N04_Aonly,GroupingWaitPage,1772930655,1,0,1
qabwue95,137,qy8o6eic,13,mock_N08_N04_Aonly,GroupingWaitPage,1772930655,1,0,1
qabwue95,138,uvi5qxwb,13,mock_N08_N04_Aonly,GroupingWaitPage,1772930655,1,0,1
qabwue95,140,4xp7gk5j,13,mock_N08_N04_Aonly,GroupingWaitPage,1772930655,1,0,1
qabwue95,144,hpv5qmtd,13,mock_N08_N04_Aonly,GroupingWaitPage,1772930655,1,0,1
qabwue95,125,wzr4ftms,14,mock_N08_N04_Aonly,GroupSizeWaitPage,1772930656,1,0,1
qabwue95,129,o4het3hy,14,mock_N08_N04_Aonly,GroupSizeWaitPage,1772930656,1,0,1
qabwue95,131,hv88yg4b,14,mock_N08_N04_Aonly,GroupSizeWaitPage,1772930656,1,0,1
qabwue95,133,83pwipij,14,mock_N08_N04_Aonly,GroupSizeWaitPage,1772930656,1,0,1
qabwue95,137,qy8o6eic,14,mock_N08_N04_Aonly,GroupSizeWaitPage,1772930656,1,0,1
qabwue95,138,uvi5qxwb,14,mock_N08_N04_Aonly,GroupSizeWaitPage,1772930656,1,0,1
qabwue95,140,4xp7gk5j,14,mock_N08_N04_Aonly,GroupSizeWaitPage,1772930656,1,0,1
qabwue95,144,hpv5qmtd,14,mock_N08_N04_Aonly,GroupSizeWaitPage,1772930656,1,0,1
qabwue95,125,wzr4ftms,16,mock_N08_N04_Aonly,DiscussionGRPWaitPage,1772930658,1,0,1
qabwue95,131,hv88yg4b,16,mock_N08_N04_Aonly,DiscussionGRPWaitPage,1772930658,1,0,1
qabwue95,133,83pwipij,16,mock_N08_N04_Aonly,DiscussionGRPWaitPage,1772930658,1,0,1
qabwue95,129,o4het3hy,16,mock_N08_N04_Aonly,DiscussionGRPWaitPage,1772930658,1,0,1
qabwue95,138,uvi5qxwb,16,mock_N08_N04_Aonly,DiscussionGRPWaitPage,1772930658,1,0,1
qabwue95,137,qy8o6eic,16,mock_N08_N04_Aonly,DiscussionGRPWaitPage,1772930658,1,0,1
qabwue95,140,4xp7gk5j,16,mock_N08_N04_Aonly,DiscussionGRPWaitPage,1772930658,1,0,1
qabwue95,144,hpv5qmtd,16,mock_N08_N04_Aonly,DiscussionGRPWaitPage,1772930658,1,0,1
qabwue95,133,83pwipij,17,mock_N08_N04_Aonly,Nudge,1772930672,1,0,0
qabwue95,144,hpv5qmtd,17,mock_N08_N04_Aonly,Nudge,1772930672,1,0,0
qabwue95,125,wzr4ftms,17,mock_N08_N04_Aonly,Nudge,1772930676,1,0,0
qabwue95,137,qy8o6eic,17,mock_N08_N04_Aonly,Nudge,1772930684,1,0,0
qabwue95,133,83pwipij,18,mock_N08_N04_Aonly,NudgeTraining,1772930684,1,0,0
qabwue95,138,uvi5qxwb,17,mock_N08_N04_Aonly,Nudge,1772930686,1,0,0
qabwue95,131,hv88yg4b,17,mock_N08_N04_Aonly,Nudge,1772930686,1,0,0
qabwue95,140,4xp7gk5j,17,mock_N08_N04_Aonly,Nudge,1772930690,1,0,0
qabwue95,133,83pwipij,19,mock_N08_N04_Aonly,NudgeTrainingLast,1772930692,1,0,0
qabwue95,144,hpv5qmtd,18,mock_N08_N04_Aonly,NudgeTraining,1772930693,1,0,0
qabwue95,138,uvi5qxwb,18,mock_N08_N04_Aonly,NudgeTraining,1772930693,1,0,0
qabwue95,131,hv88yg4b,18,mock_N08_N04_Aonly,NudgeTraining,1772930696,1,0,0
qabwue95,125,wzr4ftms,18,mock_N08_N04_Aonly,NudgeTraining,1772930696,1,0,0
qabwue95,137,qy8o6eic,18,mock_N08_N04_Aonly,NudgeTraining,1772930699,1,0,0
qabwue95,140,4xp7gk5j,18,mock_N08_N04_Aonly,NudgeTraining,1772930701,1,0,0
qabwue95,144,hpv5qmtd,19,mock_N08_N04_Aonly,NudgeTrainingLast,1772930702,1,0,0
qabwue95,138,uvi5qxwb,19,mock_N08_N04_Aonly,NudgeTrainingLast,1772930702,1,0,0
qabwue95,129,o4het3hy,17,mock_N08_N04_Aonly,Nudge,1772930704,1,0,0
qabwue95,133,83pwipij,20,mock_N08_N04_Aonly,Phase3,1772930706,1,0,0
qabwue95,125,wzr4ftms,19,mock_N08_N04_Aonly,NudgeTrainingLast,1772930707,1,0,0
qabwue95,140,4xp7gk5j,19,mock_N08_N04_Aonly,NudgeTrainingLast,1772930711,1,0,0
qabwue95,138,uvi5qxwb,20,mock_N08_N04_Aonly,Phase3,1772930713,1,0,0
qabwue95,133,83pwipij,21,mock_N08_N04_Aonly,Discussion,1772930715,1,0,0
qabwue95,125,wzr4ftms,20,mock_N08_N04_Aonly,Phase3,1772930717,1,0,0
qabwue95,143,4r4frra3,11,presurvey,Scenario,1772930721,1,0,0
qabwue95,137,qy8o6eic,19,mock_N08_N04_Aonly,NudgeTrainingLast,1772930722,1,0,0
qabwue95,144,hpv5qmtd,20,mock_N08_N04_Aonly,Phase3,1772930725,1,0,0
qabwue95,129,o4het3hy,18,mock_N08_N04_Aonly,NudgeTraining,1772930726,1,0,0
qabwue95,140,4xp7gk5j,20,mock_N08_N04_Aonly,Phase3,1772930727,1,0,0
qabwue95,138,uvi5qxwb,21,mock_N08_N04_Aonly,Discussion,1772930727,1,0,0
qabwue95,131,hv88yg4b,19,mock_N08_N04_Aonly,NudgeTrainingLast,1772930729,1,0,0
qabwue95,137,qy8o6eic,20,mock_N08_N04_Aonly,Phase3,1772930731,1,0,0
qabwue95,125,wzr4ftms,21,mock_N08_N04_Aonly,Discussion,1772930732,1,0,0
qabwue95,144,hpv5qmtd,21,mock_N08_N04_Aonly,Discussion,1772930733,1,0,0
qabwue95,129,o4het3hy,19,mock_N08_N04_Aonly,NudgeTrainingLast,1772930735,1,0,0
qabwue95,129,o4het3hy,20,mock_N08_N04_Aonly,Phase3,1772930744,1,0,0
qabwue95,140,4xp7gk5j,21,mock_N08_N04_Aonly,Discussion,1772930748,1,0,0
qabwue95,137,qy8o6eic,21,mock_N08_N04_Aonly,Discussion,1772930753,1,0,0
qabwue95,129,o4het3hy,21,mock_N08_N04_Aonly,Discussion,1772930754,1,0,0
qabwue95,143,4r4frra3,12,presurvey,Commitment,1772930763,1,0,0
qabwue95,131,hv88yg4b,20,mock_N08_N04_Aonly,Phase3,1772930774,1,1,0
qabwue95,131,hv88yg4b,21,mock_N08_N04_Aonly,Discussion,1772930786,1,0,0
qabwue95,129,o4het3hy,27,mock_N08_N04_Aonly,DiscussionGRPWaitPage,1772930787,2,0,1
qabwue95,131,hv88yg4b,27,mock_N08_N04_Aonly,DiscussionGRPWaitPage,1772930787,2,0,1
qabwue95,133,83pwipij,27,mock_N08_N04_Aonly,DiscussionGRPWaitPage,1772930787,2,0,1
qabwue95,138,uvi5qxwb,27,mock_N08_N04_Aonly,DiscussionGRPWaitPage,1772930787,2,0,1
qabwue95,125,wzr4ftms,27,mock_N08_N04_Aonly,DiscussionGRPWaitPage,1772930787,2,0,1
qabwue95,137,qy8o6eic,27,mock_N08_N04_Aonly,DiscussionGRPWaitPage,1772930787,2,0,1
qabwue95,140,4xp7gk5j,27,mock_N08_N04_Aonly,DiscussionGRPWaitPage,1772930787,2,0,1
qabwue95,144,hpv5qmtd,27,mock_N08_N04_Aonly,DiscussionGRPWaitPage,1772930787,2,0,1
qabwue95,133,83pwipij,32,mock_N08_N04_Aonly,Discussion,1772930795,2,0,0
qabwue95,131,hv88yg4b,32,mock_N08_N04_Aonly,Discussion,1772930796,2,0,0
qabwue95,138,uvi5qxwb,32,mock_N08_N04_Aonly,Discussion,1772930797,2,0,0
qabwue95,137,qy8o6eic,32,mock_N08_N04_Aonly,Discussion,1772930798,2,0,0
qabwue95,140,4xp7gk5j,32,mock_N08_N04_Aonly,Discussion,1772930799,2,0,0
qabwue95,129,o4het3hy,32,mock_N08_N04_Aonly,Discussion,1772930800,2,0,0
qabwue95,144,hpv5qmtd,32,mock_N08_N04_Aonly,Discussion,1772930801,2,0,0
qabwue95,125,wzr4ftms,32,mock_N08_N04_Aonly,Discussion,1772930811,2,0,0
qabwue95,129,o4het3hy,38,mock_N08_N04_Aonly,DiscussionGRPWaitPage,1772930811,3,0,1
qabwue95,131,hv88yg4b,38,mock_N08_N04_Aonly,DiscussionGRPWaitPage,1772930811,3,0,1
qabwue95,137,qy8o6eic,38,mock_N08_N04_Aonly,DiscussionGRPWaitPage,1772930811,3,0,1
qabwue95,133,83pwipij,38,mock_N08_N04_Aonly,DiscussionGRPWaitPage,1772930811,3,0,1
qabwue95,138,uvi5qxwb,38,mock_N08_N04_Aonly,DiscussionGRPWaitPage,1772930811,3,0,1
qabwue95,125,wzr4ftms,38,mock_N08_N04_Aonly,DiscussionGRPWaitPage,1772930811,3,0,1
qabwue95,140,4xp7gk5j,38,mock_N08_N04_Aonly,DiscussionGRPWaitPage,1772930811,3,0,1
qabwue95,144,hpv5qmtd,38,mock_N08_N04_Aonly,DiscussionGRPWaitPage,1772930811,3,0,1
qabwue95,131,hv88yg4b,43,mock_N08_N04_Aonly,Discussion,1772930817,3,0,0
qabwue95,137,qy8o6eic,43,mock_N08_N04_Aonly,Discussion,1772930818,3,0,0
qabwue95,133,83pwipij,43,mock_N08_N04_Aonly,Discussion,1772930820,3,0,0
qabwue95,138,uvi5qxwb,43,mock_N08_N04_Aonly,Discussion,1772930821,3,0,0
qabwue95,140,4xp7gk5j,43,mock_N08_N04_Aonly,Discussion,1772930822,3,0,0
qabwue95,144,hpv5qmtd,43,mock_N08_N04_Aonly,Discussion,1772930822,3,0,0
qabwue95,125,wzr4ftms,43,mock_N08_N04_Aonly,Discussion,1772930828,3,0,0
qabwue95,129,o4het3hy,43,mock_N08_N04_Aonly,Discussion,1772930836,3,0,0
qabwue95,129,o4het3hy,49,mock_N08_N04_Aonly,DiscussionGRPWaitPage,1772930837,4,0,1
qabwue95,131,hv88yg4b,49,mock_N08_N04_Aonly,DiscussionGRPWaitPage,1772930837,4,0,1
qabwue95,137,qy8o6eic,49,mock_N08_N04_Aonly,DiscussionGRPWaitPage,1772930837,4,0,1
qabwue95,133,83pwipij,49,mock_N08_N04_Aonly,DiscussionGRPWaitPage,1772930837,4,0,1
qabwue95,138,uvi5qxwb,49,mock_N08_N04_Aonly,DiscussionGRPWaitPage,1772930837,4,0,1
qabwue95,125,wzr4ftms,49,mock_N08_N04_Aonly,DiscussionGRPWaitPage,1772930837,4,0,1
qabwue95,140,4xp7gk5j,49,mock_N08_N04_Aonly,DiscussionGRPWaitPage,1772930837,4,0,1
qabwue95,144,hpv5qmtd,49,mock_N08_N04_Aonly,DiscussionGRPWaitPage,1772930837,4,0,1
qabwue95,138,uvi5qxwb,54,mock_N08_N04_Aonly,Discussion,1772930842,4,0,0
qabwue95,133,83pwipij,54,mock_N08_N04_Aonly,Discussion,1772930843,4,0,0
qabwue95,131,hv88yg4b,54,mock_N08_N04_Aonly,Discussion,1772930844,4,0,0
qabwue95,137,qy8o6eic,54,mock_N08_N04_Aonly,Discussion,1772930844,4,0,0
qabwue95,144,hpv5qmtd,54,mock_N08_N04_Aonly,Discussion,1772930845,4,0,0
qabwue95,140,4xp7gk5j,54,mock_N08_N04_Aonly,Discussion,1772930846,4,0,0
qabwue95,129,o4het3hy,54,mock_N08_N04_Aonly,Discussion,1772930849,4,0,0
qabwue95,125,wzr4ftms,54,mock_N08_N04_Aonly,Discussion,1772930854,4,0,0
qabwue95,125,wzr4ftms,60,mock_N08_N04_Aonly,DiscussionGRPWaitPage,1772930854,5,0,1
qabwue95,129,o4het3hy,60,mock_N08_N04_Aonly,DiscussionGRPWaitPage,1772930854,5,0,1
qabwue95,131,hv88yg4b,60,mock_N08_N04_Aonly,DiscussionGRPWaitPage,1772930854,5,0,1
qabwue95,133,83pwipij,60,mock_N08_N04_Aonly,DiscussionGRPWaitPage,1772930854,5,0,1
qabwue95,138,uvi5qxwb,60,mock_N08_N04_Aonly,DiscussionGRPWaitPage,1772930854,5,0,1
qabwue95,137,qy8o6eic,60,mock_N08_N04_Aonly,DiscussionGRPWaitPage,1772930854,5,0,1
qabwue95,140,4xp7gk5j,60,mock_N08_N04_Aonly,DiscussionGRPWaitPage,1772930854,5,0,1
qabwue95,144,hpv5qmtd,60,mock_N08_N04_Aonly,DiscussionGRPWaitPage,1772930854,5,0,1
qabwue95,125,wzr4ftms,65,mock_N08_N04_Aonly,Discussion,1772930858,5,0,0
qabwue95,133,83pwipij,65,mock_N08_N04_Aonly,Discussion,1772930858,5,0,0
qabwue95,137,qy8o6eic,65,mock_N08_N04_Aonly,Discussion,1772930859,5,0,0
qabwue95,129,o4het3hy,65,mock_N08_N04_Aonly,Discussion,1772930860,5,0,0
qabwue95,144,hpv5qmtd,65,mock_N08_N04_Aonly,Discussion,1772930861,5,0,0
qabwue95,140,4xp7gk5j,65,mock_N08_N04_Aonly,Discussion,1772930863,5,0,0
qabwue95,138,uvi5qxwb,65,mock_N08_N04_Aonly,Discussion,1772930864,5,0,0
qabwue95,131,hv88yg4b,65,mock_N08_N04_Aonly,Discussion,1772930865,5,0,0
qabwue95,129,o4het3hy,71,mock_N08_N04_Aonly,DiscussionGRPWaitPage,1772930866,6,0,1
qabwue95,131,hv88yg4b,71,mock_N08_N04_Aonly,DiscussionGRPWaitPage,1772930866,6,0,1
qabwue95,133,83pwipij,71,mock_N08_N04_Aonly,DiscussionGRPWaitPage,1772930866,6,0,1
qabwue95,138,uvi5qxwb,71,mock_N08_N04_Aonly,DiscussionGRPWaitPage,1772930866,6,0,1
qabwue95,125,wzr4ftms,71,mock_N08_N04_Aonly,DiscussionGRPWaitPage,1772930866,6,0,1
qabwue95,137,qy8o6eic,71,mock_N08_N04_Aonly,DiscussionGRPWaitPage,1772930866,6,0,1
qabwue95,140,4xp7gk5j,71,mock_N08_N04_Aonly,DiscussionGRPWaitPage,1772930866,6,0,1
qabwue95,144,hpv5qmtd,71,mock_N08_N04_Aonly,DiscussionGRPWaitPage,1772930866,6,0,1
qabwue95,144,hpv5qmtd,76,mock_N08_N04_Aonly,Discussion,1772930871,6,0,0
qabwue95,133,83pwipij,76,mock_N08_N04_Aonly,Discussion,1772930872,6,0,0
qabwue95,137,qy8o6eic,76,mock_N08_N04_Aonly,Discussion,1772930872,6,0,0
qabwue95,140,4xp7gk5j,76,mock_N08_N04_Aonly,Discussion,1772930872,6,0,0
qabwue95,138,uvi5qxwb,76,mock_N08_N04_Aonly,Discussion,1772930873,6,0,0
qabwue95,129,o4het3hy,76,mock_N08_N04_Aonly,Discussion,1772930873,6,0,0
qabwue95,131,hv88yg4b,76,mock_N08_N04_Aonly,Discussion,1772930874,6,0,0
qabwue95,125,wzr4ftms,76,mock_N08_N04_Aonly,Discussion,1772930876,6,0,0
qabwue95,129,o4het3hy,82,mock_N08_N04_Aonly,DiscussionGRPWaitPage,1772930876,7,0,1
qabwue95,131,hv88yg4b,82,mock_N08_N04_Aonly,DiscussionGRPWaitPage,1772930876,7,0,1
qabwue95,133,83pwipij,82,mock_N08_N04_Aonly,DiscussionGRPWaitPage,1772930876,7,0,1
qabwue95,125,wzr4ftms,82,mock_N08_N04_Aonly,DiscussionGRPWaitPage,1772930876,7,0,1
qabwue95,138,uvi5qxwb,82,mock_N08_N04_Aonly,DiscussionGRPWaitPage,1772930876,7,0,1
qabwue95,137,qy8o6eic,82,mock_N08_N04_Aonly,DiscussionGRPWaitPage,1772930876,7,0,1
qabwue95,140,4xp7gk5j,82,mock_N08_N04_Aonly,DiscussionGRPWaitPage,1772930876,7,0,1
qabwue95,144,hpv5qmtd,82,mock_N08_N04_Aonly,DiscussionGRPWaitPage,1772930876,7,0,1
qabwue95,140,4xp7gk5j,87,mock_N08_N04_Aonly,Discussion,1772930881,7,0,0
qabwue95,137,qy8o6eic,87,mock_N08_N04_Aonly,Discussion,1772930882,7,0,0
qabwue95,138,uvi5qxwb,87,mock_N08_N04_Aonly,Discussion,1772930883,7,0,0
qabwue95,131,hv88yg4b,87,mock_N08_N04_Aonly,Discussion,1772930883,7,0,0
qabwue95,129,o4het3hy,87,mock_N08_N04_Aonly,Discussion,1772930883,7,0,0
qabwue95,144,hpv5qmtd,87,mock_N08_N04_Aonly,Discussion,1772930884,7,0,0
qabwue95,133,83pwipij,87,mock_N08_N04_Aonly,Discussion,1772930885,7,0,0
qabwue95,125,wzr4ftms,87,mock_N08_N04_Aonly,Discussion,1772930887,7,0,0
qabwue95,129,o4het3hy,93,mock_N08_N04_Aonly,DiscussionGRPWaitPage,1772930887,8,0,1
qabwue95,131,hv88yg4b,93,mock_N08_N04_Aonly,DiscussionGRPWaitPage,1772930887,8,0,1
qabwue95,138,uvi5qxwb,93,mock_N08_N04_Aonly,DiscussionGRPWaitPage,1772930887,8,0,1
qabwue95,133,83pwipij,93,mock_N08_N04_Aonly,DiscussionGRPWaitPage,1772930887,8,0,1
qabwue95,125,wzr4ftms,93,mock_N08_N04_Aonly,DiscussionGRPWaitPage,1772930887,8,0,1
qabwue95,137,qy8o6eic,93,mock_N08_N04_Aonly,DiscussionGRPWaitPage,1772930887,8,0,1
qabwue95,140,4xp7gk5j,93,mock_N08_N04_Aonly,DiscussionGRPWaitPage,1772930887,8,0,1
qabwue95,144,hpv5qmtd,93,mock_N08_N04_Aonly,DiscussionGRPWaitPage,1772930887,8,0,1
qabwue95,140,4xp7gk5j,98,mock_N08_N04_Aonly,Discussion,1772930891,8,0,0
qabwue95,137,qy8o6eic,98,mock_N08_N04_Aonly,Discussion,1772930892,8,0,0
qabwue95,125,wzr4ftms,98,mock_N08_N04_Aonly,Discussion,1772930892,8,0,0
qabwue95,138,uvi5qxwb,98,mock_N08_N04_Aonly,Discussion,1772930894,8,0,0
qabwue95,129,o4het3hy,98,mock_N08_N04_Aonly,Discussion,1772930894,8,0,0
qabwue95,126,k8t6015x,13,mock_N08_N04_Aonly,GroupingWaitPage,1772930895,1,0,1
qabwue95,131,hv88yg4b,98,mock_N08_N04_Aonly,Discussion,1772930896,8,0,0
qabwue95,144,hpv5qmtd,98,mock_N08_N04_Aonly,Discussion,1772930896,8,0,0
qabwue95,133,83pwipij,98,mock_N08_N04_Aonly,Discussion,1772930896,8,0,0
qabwue95,125,wzr4ftms,104,mock_N08_N04_Aonly,DiscussionGRPWaitPage,1772930897,9,0,1
qabwue95,129,o4het3hy,104,mock_N08_N04_Aonly,DiscussionGRPWaitPage,1772930897,9,0,1
qabwue95,131,hv88yg4b,104,mock_N08_N04_Aonly,DiscussionGRPWaitPage,1772930897,9,0,1
qabwue95,133,83pwipij,104,mock_N08_N04_Aonly,DiscussionGRPWaitPage,1772930897,9,0,1
qabwue95,138,uvi5qxwb,104,mock_N08_N04_Aonly,DiscussionGRPWaitPage,1772930897,9,0,1
qabwue95,137,qy8o6eic,104,mock_N08_N04_Aonly,DiscussionGRPWaitPage,1772930897,9,0,1
qabwue95,140,4xp7gk5j,104,mock_N08_N04_Aonly,DiscussionGRPWaitPage,1772930897,9,0,1
qabwue95,144,hpv5qmtd,104,mock_N08_N04_Aonly,DiscussionGRPWaitPage,1772930897,9,0,1
qabwue95,126,k8t6015x,14,mock_N08_N04_Aonly,GroupSizeWaitPage,1772930897,1,0,1
qabwue95,138,uvi5qxwb,109,mock_N08_N04_Aonly,Discussion,1772930900,9,0,0
qabwue95,133,83pwipij,109,mock_N08_N04_Aonly,Discussion,1772930900,9,0,0
qabwue95,140,4xp7gk5j,109,mock_N08_N04_Aonly,Discussion,1772930901,9,0,0
qabwue95,137,qy8o6eic,109,mock_N08_N04_Aonly,Discussion,1772930901,9,0,0
qabwue95,125,wzr4ftms,109,mock_N08_N04_Aonly,Discussion,1772930901,9,0,0
qabwue95,144,hpv5qmtd,109,mock_N08_N04_Aonly,Discussion,1772930902,9,0,0
qabwue95,131,hv88yg4b,109,mock_N08_N04_Aonly,Discussion,1772930902,9,0,0
qabwue95,145,3qeufgwh,0,,InitializeParticipant,1772930902,1,0,0
qabwue95,126,k8t6015x,15,mock_N08_N04_Aonly,AttentionCheck,1772930903,1,0,0
qabwue95,129,o4het3hy,109,mock_N08_N04_Aonly,Discussion,1772930906,9,0,0
qabwue95,129,o4het3hy,115,mock_N08_N04_Aonly,DiscussionGRPWaitPage,1772930906,10,0,1
qabwue95,138,uvi5qxwb,115,mock_N08_N04_Aonly,DiscussionGRPWaitPage,1772930906,10,0,1
qabwue95,140,4xp7gk5j,115,mock_N08_N04_Aonly,DiscussionGRPWaitPage,1772930906,10,0,1
qabwue95,144,hpv5qmtd,115,mock_N08_N04_Aonly,DiscussionGRPWaitPage,1772930906,10,0,1
qabwue95,131,hv88yg4b,115,mock_N08_N04_Aonly,DiscussionGRPWaitPage,1772930906,10,0,1
qabwue95,133,83pwipij,115,mock_N08_N04_Aonly,DiscussionGRPWaitPage,1772930906,10,0,1
qabwue95,125,wzr4ftms,115,mock_N08_N04_Aonly,DiscussionGRPWaitPage,1772930906,10,0,1
qabwue95,137,qy8o6eic,115,mock_N08_N04_Aonly,DiscussionGRPWaitPage,1772930906,10,0,1
qabwue95,140,4xp7gk5j,120,mock_N08_N04_Aonly,Discussion,1772930910,10,0,0
qabwue95,129,o4het3hy,120,mock_N08_N04_Aonly,Discussion,1772930910,10,0,0
qabwue95,137,qy8o6eic,120,mock_N08_N04_Aonly,Discussion,1772930910,10,0,0
qabwue95,131,hv88yg4b,120,mock_N08_N04_Aonly,Discussion,1772930911,10,0,0
qabwue95,133,83pwipij,120,mock_N08_N04_Aonly,Discussion,1772930912,10,0,0
qabwue95,144,hpv5qmtd,120,mock_N08_N04_Aonly,Discussion,1772930912,10,0,0
qabwue95,138,uvi5qxwb,120,mock_N08_N04_Aonly,Discussion,1772930913,10,0,0
qabwue95,145,3qeufgwh,1,presurvey,Introduction,1772930913,1,0,0
qabwue95,125,wzr4ftms,120,mock_N08_N04_Aonly,Discussion,1772930914,10,0,0
qabwue95,129,o4het3hy,126,mock_N08_N04_Aonly,DiscussionGRPWaitPage,1772930915,11,0,1
qabwue95,131,hv88yg4b,126,mock_N08_N04_Aonly,DiscussionGRPWaitPage,1772930915,11,0,1
qabwue95,138,uvi5qxwb,126,mock_N08_N04_Aonly,DiscussionGRPWaitPage,1772930915,11,0,1
qabwue95,137,qy8o6eic,126,mock_N08_N04_Aonly,DiscussionGRPWaitPage,1772930915,11,0,1
qabwue95,140,4xp7gk5j,126,mock_N08_N04_Aonly,DiscussionGRPWaitPage,1772930915,11,0,1
qabwue95,144,hpv5qmtd,126,mock_N08_N04_Aonly,DiscussionGRPWaitPage,1772930915,11,0,1
qabwue95,133,83pwipij,126,mock_N08_N04_Aonly,DiscussionGRPWaitPage,1772930915,11,0,1
qabwue95,125,wzr4ftms,126,mock_N08_N04_Aonly,DiscussionGRPWaitPage,1772930915,11,0,1
qabwue95,125,wzr4ftms,131,mock_N08_N04_Aonly,Discussion,1772930917,11,0,0
qabwue95,138,uvi5qxwb,131,mock_N08_N04_Aonly,Discussion,1772930918,11,0,0
qabwue95,140,4xp7gk5j,131,mock_N08_N04_Aonly,Discussion,1772930919,11,0,0
qabwue95,137,qy8o6eic,131,mock_N08_N04_Aonly,Discussion,1772930919,11,0,0
qabwue95,131,hv88yg4b,131,mock_N08_N04_Aonly,Discussion,1772930920,11,0,0
qabwue95,144,hpv5qmtd,131,mock_N08_N04_Aonly,Discussion,1772930922,11,0,0
qabwue95,133,83pwipij,131,mock_N08_N04_Aonly,Discussion,1772930926,11,0,0
qabwue95,129,o4het3hy,131,mock_N08_N04_Aonly,Discussion,1772930927,11,0,0
qabwue95,129,o4het3hy,137,mock_N08_N04_Aonly,DiscussionGRPWaitPage,1772930928,12,0,1
qabwue95,131,hv88yg4b,137,mock_N08_N04_Aonly,DiscussionGRPWaitPage,1772930928,12,0,1
qabwue95,125,wzr4ftms,137,mock_N08_N04_Aonly,DiscussionGRPWaitPage,1772930928,12,0,1
qabwue95,133,83pwipij,137,mock_N08_N04_Aonly,DiscussionGRPWaitPage,1772930928,12,0,1
qabwue95,138,uvi5qxwb,137,mock_N08_N04_Aonly,DiscussionGRPWaitPage,1772930928,12,0,1
qabwue95,137,qy8o6eic,137,mock_N08_N04_Aonly,DiscussionGRPWaitPage,1772930928,12,0,1
qabwue95,140,4xp7gk5j,137,mock_N08_N04_Aonly,DiscussionGRPWaitPage,1772930928,12,0,1
qabwue95,144,hpv5qmtd,137,mock_N08_N04_Aonly,DiscussionGRPWaitPage,1772930928,12,0,1
qabwue95,125,wzr4ftms,142,mock_N08_N04_Aonly,Discussion,1772930932,12,0,0
qabwue95,137,qy8o6eic,142,mock_N08_N04_Aonly,Discussion,1772930932,12,0,0
qabwue95,131,hv88yg4b,142,mock_N08_N04_Aonly,Discussion,1772930933,12,0,0
qabwue95,129,o4het3hy,142,mock_N08_N04_Aonly,Discussion,1772930933,12,0,0
qabwue95,140,4xp7gk5j,142,mock_N08_N04_Aonly,Discussion,1772930934,12,0,0
qabwue95,144,hpv5qmtd,142,mock_N08_N04_Aonly,Discussion,1772930934,12,0,0
qabwue95,145,3qeufgwh,2,presurvey,AudioCheck,1772930935,1,0,0
qabwue95,133,83pwipij,142,mock_N08_N04_Aonly,Discussion,1772930935,12,0,0
qabwue95,138,uvi5qxwb,142,mock_N08_N04_Aonly,Discussion,1772930938,12,0,0
qabwue95,129,o4het3hy,148,mock_N08_N04_Aonly,DiscussionGRPWaitPage,1772930938,13,0,1
qabwue95,131,hv88yg4b,148,mock_N08_N04_Aonly,DiscussionGRPWaitPage,1772930938,13,0,1
qabwue95,133,83pwipij,148,mock_N08_N04_Aonly,DiscussionGRPWaitPage,1772930938,13,0,1
qabwue95,138,uvi5qxwb,148,mock_N08_N04_Aonly,DiscussionGRPWaitPage,1772930938,13,0,1
qabwue95,125,wzr4ftms,148,mock_N08_N04_Aonly,DiscussionGRPWaitPage,1772930938,13,0,1
qabwue95,137,qy8o6eic,148,mock_N08_N04_Aonly,DiscussionGRPWaitPage,1772930938,13,0,1
qabwue95,140,4xp7gk5j,148,mock_N08_N04_Aonly,DiscussionGRPWaitPage,1772930938,13,0,1
qabwue95,144,hpv5qmtd,148,mock_N08_N04_Aonly,DiscussionGRPWaitPage,1772930938,13,0,1
qabwue95,125,wzr4ftms,153,mock_N08_N04_Aonly,Discussion,1772930943,13,0,0
qabwue95,129,o4het3hy,153,mock_N08_N04_Aonly,Discussion,1772930943,13,0,0
qabwue95,137,qy8o6eic,153,mock_N08_N04_Aonly,Discussion,1772930943,13,0,0
qabwue95,131,hv88yg4b,153,mock_N08_N04_Aonly,Discussion,1772930943,13,0,0
qabwue95,140,4xp7gk5j,153,mock_N08_N04_Aonly,Discussion,1772930944,13,0,0
qabwue95,144,hpv5qmtd,153,mock_N08_N04_Aonly,Discussion,1772930944,13,0,0
qabwue95,133,83pwipij,153,mock_N08_N04_Aonly,Discussion,1772930946,13,0,0
qabwue95,138,uvi5qxwb,153,mock_N08_N04_Aonly,Discussion,1772930947,13,0,0
qabwue95,129,o4het3hy,159,mock_N08_N04_Aonly,DiscussionGRPWaitPage,1772930947,14,0,1
qabwue95,131,hv88yg4b,159,mock_N08_N04_Aonly,DiscussionGRPWaitPage,1772930947,14,0,1
qabwue95,138,uvi5qxwb,159,mock_N08_N04_Aonly,DiscussionGRPWaitPage,1772930947,14,0,1
qabwue95,137,qy8o6eic,159,mock_N08_N04_Aonly,DiscussionGRPWaitPage,1772930947,14,0,1
qabwue95,140,4xp7gk5j,159,mock_N08_N04_Aonly,DiscussionGRPWaitPage,1772930947,14,0,1
qabwue95,144,hpv5qmtd,159,mock_N08_N04_Aonly,DiscussionGRPWaitPage,1772930947,14,0,1
qabwue95,133,83pwipij,159,mock_N08_N04_Aonly,DiscussionGRPWaitPage,1772930947,14,0,1
qabwue95,125,wzr4ftms,159,mock_N08_N04_Aonly,DiscussionGRPWaitPage,1772930947,14,0,1
qabwue95,145,3qeufgwh,3,presurvey,Demographics,1772930948,1,0,0
qabwue95,133,83pwipij,164,mock_N08_N04_Aonly,Discussion,1772930951,14,0,0
qabwue95,131,hv88yg4b,164,mock_N08_N04_Aonly,Discussion,1772930951,14,0,0
qabwue95,125,wzr4ftms,164,mock_N08_N04_Aonly,Discussion,1772930952,14,0,0
qabwue95,138,uvi5qxwb,164,mock_N08_N04_Aonly,Discussion,1772930952,14,0,0
qabwue95,144,hpv5qmtd,164,mock_N08_N04_Aonly,Discussion,1772930952,14,0,0
qabwue95,137,qy8o6eic,164,mock_N08_N04_Aonly,Discussion,1772930952,14,0,0
qabwue95,140,4xp7gk5j,164,mock_N08_N04_Aonly,Discussion,1772930953,14,0,0
qabwue95,129,o4het3hy,164,mock_N08_N04_Aonly,Discussion,1772930960,14,0,0
qabwue95,129,o4het3hy,170,mock_N08_N04_Aonly,DiscussionGRPWaitPage,1772930961,15,0,1
qabwue95,131,hv88yg4b,170,mock_N08_N04_Aonly,DiscussionGRPWaitPage,1772930961,15,0,1
qabwue95,138,uvi5qxwb,170,mock_N08_N04_Aonly,DiscussionGRPWaitPage,1772930961,15,0,1
qabwue95,137,qy8o6eic,170,mock_N08_N04_Aonly,DiscussionGRPWaitPage,1772930961,15,0,1
qabwue95,140,4xp7gk5j,170,mock_N08_N04_Aonly,DiscussionGRPWaitPage,1772930961,15,0,1
qabwue95,144,hpv5qmtd,170,mock_N08_N04_Aonly,DiscussionGRPWaitPage,1772930961,15,0,1
qabwue95,133,83pwipij,170,mock_N08_N04_Aonly,DiscussionGRPWaitPage,1772930961,15,0,1
qabwue95,125,wzr4ftms,170,mock_N08_N04_Aonly,DiscussionGRPWaitPage,1772930961,15,0,1
qabwue95,138,uvi5qxwb,175,mock_N08_N04_Aonly,Discussion,1772930964,15,0,0
qabwue95,125,wzr4ftms,175,mock_N08_N04_Aonly,Discussion,1772930965,15,0,0
qabwue95,131,hv88yg4b,175,mock_N08_N04_Aonly,Discussion,1772930965,15,0,0
qabwue95,137,qy8o6eic,175,mock_N08_N04_Aonly,Discussion,1772930965,15,0,0
qabwue95,140,4xp7gk5j,175,mock_N08_N04_Aonly,Discussion,1772930965,15,0,0
qabwue95,145,3qeufgwh,4,presurvey,NeighborhoodInstruction,1772930967,1,0,0
qabwue95,133,83pwipij,175,mock_N08_N04_Aonly,Discussion,1772930968,15,0,0
qabwue95,144,hpv5qmtd,175,mock_N08_N04_Aonly,Discussion,1772930970,15,0,0
qabwue95,129,o4het3hy,175,mock_N08_N04_Aonly,Discussion,1772930978,15,0,0
qabwue95,129,o4het3hy,181,mock_N08_N04_Aonly,DiscussionGRPWaitPage,1772930979,16,0,1
qabwue95,125,wzr4ftms,181,mock_N08_N04_Aonly,DiscussionGRPWaitPage,1772930979,16,0,1
qabwue95,131,hv88yg4b,181,mock_N08_N04_Aonly,DiscussionGRPWaitPage,1772930979,16,0,1
qabwue95,133,83pwipij,181,mock_N08_N04_Aonly,DiscussionGRPWaitPage,1772930979,16,0,1
qabwue95,138,uvi5qxwb,181,mock_N08_N04_Aonly,DiscussionGRPWaitPage,1772930979,16,0,1
qabwue95,137,qy8o6eic,181,mock_N08_N04_Aonly,DiscussionGRPWaitPage,1772930979,16,0,1
qabwue95,140,4xp7gk5j,181,mock_N08_N04_Aonly,DiscussionGRPWaitPage,1772930979,16,0,1
qabwue95,144,hpv5qmtd,181,mock_N08_N04_Aonly,DiscussionGRPWaitPage,1772930979,16,0,1
qabwue95,138,uvi5qxwb,186,mock_N08_N04_Aonly,Discussion,1772930982,16,0,0
qabwue95,125,wzr4ftms,186,mock_N08_N04_Aonly,Discussion,1772930983,16,0,0
qabwue95,137,qy8o6eic,186,mock_N08_N04_Aonly,Discussion,1772930984,16,0,0
qabwue95,144,hpv5qmtd,186,mock_N08_N04_Aonly,Discussion,1772930985,16,0,0
qabwue95,140,4xp7gk5j,186,mock_N08_N04_Aonly,Discussion,1772930985,16,0,0
qabwue95,133,83pwipij,186,mock_N08_N04_Aonly,Discussion,1772930985,16,0,0
qabwue95,131,hv88yg4b,186,mock_N08_N04_Aonly,Discussion,1772930985,16,0,0
qabwue95,129,o4het3hy,186,mock_N08_N04_Aonly,Discussion,1772930993,16,0,0
qabwue95,125,wzr4ftms,192,mock_N08_N04_Aonly,DiscussionGRPWaitPage,1772930994,17,0,1
qabwue95,129,o4het3hy,192,mock_N08_N04_Aonly,DiscussionGRPWaitPage,1772930994,17,0,1
qabwue95,131,hv88yg4b,192,mock_N08_N04_Aonly,DiscussionGRPWaitPage,1772930994,17,0,1
qabwue95,133,83pwipij,192,mock_N08_N04_Aonly,DiscussionGRPWaitPage,1772930994,17,0,1
qabwue95,138,uvi5qxwb,192,mock_N08_N04_Aonly,DiscussionGRPWaitPage,1772930994,17,0,1
qabwue95,137,qy8o6eic,192,mock_N08_N04_Aonly,DiscussionGRPWaitPage,1772930994,17,0,1
qabwue95,140,4xp7gk5j,192,mock_N08_N04_Aonly,DiscussionGRPWaitPage,1772930994,17,0,1
qabwue95,144,hpv5qmtd,192,mock_N08_N04_Aonly,DiscussionGRPWaitPage,1772930994,17,0,1
qabwue95,144,hpv5qmtd,197,mock_N08_N04_Aonly,Discussion,1772930998,17,0,0
qabwue95,125,wzr4ftms,197,mock_N08_N04_Aonly,Discussion,1772930998,17,0,0
qabwue95,131,hv88yg4b,197,mock_N08_N04_Aonly,Discussion,1772930998,17,0,0
qabwue95,145,3qeufgwh,5,presurvey,Training,1772930998,1,0,0
qabwue95,140,4xp7gk5j,197,mock_N08_N04_Aonly,Discussion,1772930999,17,0,0
qabwue95,137,qy8o6eic,197,mock_N08_N04_Aonly,Discussion,1772930999,17,0,0
qabwue95,138,uvi5qxwb,197,mock_N08_N04_Aonly,Discussion,1772931000,17,0,0
qabwue95,129,o4het3hy,197,mock_N08_N04_Aonly,Discussion,1772931000,17,0,0
qabwue95,133,83pwipij,197,mock_N08_N04_Aonly,Discussion,1772931002,17,0,0
qabwue95,129,o4het3hy,203,mock_N08_N04_Aonly,DiscussionGRPWaitPage,1772931003,18,0,1
qabwue95,131,hv88yg4b,203,mock_N08_N04_Aonly,DiscussionGRPWaitPage,1772931003,18,0,1
qabwue95,133,83pwipij,203,mock_N08_N04_Aonly,DiscussionGRPWaitPage,1772931003,18,0,1
qabwue95,138,uvi5qxwb,203,mock_N08_N04_Aonly,DiscussionGRPWaitPage,1772931003,18,0,1
qabwue95,125,wzr4ftms,203,mock_N08_N04_Aonly,DiscussionGRPWaitPage,1772931003,18,0,1
qabwue95,137,qy8o6eic,203,mock_N08_N04_Aonly,DiscussionGRPWaitPage,1772931003,18,0,1
qabwue95,140,4xp7gk5j,203,mock_N08_N04_Aonly,DiscussionGRPWaitPage,1772931003,18,0,1
qabwue95,144,hpv5qmtd,203,mock_N08_N04_Aonly,DiscussionGRPWaitPage,1772931003,18,0,1
qabwue95,133,83pwipij,208,mock_N08_N04_Aonly,Discussion,1772931007,18,0,0
qabwue95,137,qy8o6eic,208,mock_N08_N04_Aonly,Discussion,1772931007,18,0,0
qabwue95,140,4xp7gk5j,208,mock_N08_N04_Aonly,Discussion,1772931008,18,0,0
qabwue95,125,wzr4ftms,208,mock_N08_N04_Aonly,Discussion,1772931008,18,0,0
qabwue95,131,hv88yg4b,208,mock_N08_N04_Aonly,Discussion,1772931008,18,0,0
qabwue95,144,hpv5qmtd,208,mock_N08_N04_Aonly,Discussion,1772931009,18,0,0
qabwue95,138,uvi5qxwb,208,mock_N08_N04_Aonly,Discussion,1772931011,18,0,0
qabwue95,129,o4het3hy,208,mock_N08_N04_Aonly,Discussion,1772931021,18,0,0
qabwue95,129,o4het3hy,214,mock_N08_N04_Aonly,DiscussionGRPWaitPage,1772931021,19,0,1
qabwue95,131,hv88yg4b,214,mock_N08_N04_Aonly,DiscussionGRPWaitPage,1772931021,19,0,1
qabwue95,138,uvi5qxwb,214,mock_N08_N04_Aonly,DiscussionGRPWaitPage,1772931021,19,0,1
qabwue95,137,qy8o6eic,214,mock_N08_N04_Aonly,DiscussionGRPWaitPage,1772931021,19,0,1
qabwue95,140,4xp7gk5j,214,mock_N08_N04_Aonly,DiscussionGRPWaitPage,1772931021,19,0,1
qabwue95,144,hpv5qmtd,214,mock_N08_N04_Aonly,DiscussionGRPWaitPage,1772931021,19,0,1
qabwue95,133,83pwipij,214,mock_N08_N04_Aonly,DiscussionGRPWaitPage,1772931021,19,0,1
qabwue95,125,wzr4ftms,214,mock_N08_N04_Aonly,DiscussionGRPWaitPage,1772931021,19,0,1
qabwue95,125,wzr4ftms,219,mock_N08_N04_Aonly,Discussion,1772931025,19,0,0
qabwue95,140,4xp7gk5j,219,mock_N08_N04_Aonly,Discussion,1772931025,19,0,0
qabwue95,137,qy8o6eic,219,mock_N08_N04_Aonly,Discussion,1772931026,19,0,0
qabwue95,144,hpv5qmtd,219,mock_N08_N04_Aonly,Discussion,1772931026,19,0,0
qabwue95,133,83pwipij,219,mock_N08_N04_Aonly,Discussion,1772931027,19,0,0
qabwue95,131,hv88yg4b,219,mock_N08_N04_Aonly,Discussion,1772931027,19,0,0
qabwue95,129,o4het3hy,219,mock_N08_N04_Aonly,Discussion,1772931030,19,0,0
qabwue95,138,uvi5qxwb,219,mock_N08_N04_Aonly,Discussion,1772931036,19,0,0
qabwue95,129,o4het3hy,225,mock_N08_N04_Aonly,DiscussionGRPWaitPage,1772931036,20,0,1
qabwue95,125,wzr4ftms,225,mock_N08_N04_Aonly,DiscussionGRPWaitPage,1772931036,20,0,1
qabwue95,131,hv88yg4b,225,mock_N08_N04_Aonly,DiscussionGRPWaitPage,1772931036,20,0,1
qabwue95,133,83pwipij,225,mock_N08_N04_Aonly,DiscussionGRPWaitPage,1772931036,20,0,1
qabwue95,138,uvi5qxwb,225,mock_N08_N04_Aonly,DiscussionGRPWaitPage,1772931036,20,0,1
qabwue95,137,qy8o6eic,225,mock_N08_N04_Aonly,DiscussionGRPWaitPage,1772931036,20,0,1
qabwue95,140,4xp7gk5j,225,mock_N08_N04_Aonly,DiscussionGRPWaitPage,1772931036,20,0,1
qabwue95,144,hpv5qmtd,225,mock_N08_N04_Aonly,DiscussionGRPWaitPage,1772931036,20,0,1
qabwue95,138,uvi5qxwb,230,mock_N08_N04_Aonly,Discussion,1772931038,20,0,0
qabwue95,144,hpv5qmtd,230,mock_N08_N04_Aonly,Discussion,1772931040,20,0,0
qabwue95,140,4xp7gk5j,230,mock_N08_N04_Aonly,Discussion,1772931040,20,0,0
qabwue95,125,wzr4ftms,230,mock_N08_N04_Aonly,Discussion,1772931040,20,0,0
qabwue95,131,hv88yg4b,230,mock_N08_N04_Aonly,Discussion,1772931041,20,0,0
qabwue95,145,3qeufgwh,6,presurvey,TrainingNeighbor_1,1772931042,1,0,0
qabwue95,133,83pwipij,230,mock_N08_N04_Aonly,Discussion,1772931043,20,0,0
qabwue95,137,qy8o6eic,230,mock_N08_N04_Aonly,Discussion,1772931043,20,0,0
qabwue95,129,o4het3hy,230,mock_N08_N04_Aonly,Discussion,1772931051,20,0,0
qabwue95,129,o4het3hy,231,mock_N08_N04_Aonly,FinalRoundWaitPage,1772931051,20,0,1
qabwue95,125,wzr4ftms,231,mock_N08_N04_Aonly,FinalRoundWaitPage,1772931051,20,0,1
qabwue95,137,qy8o6eic,231,mock_N08_N04_Aonly,FinalRoundWaitPage,1772931051,20,0,1
qabwue95,131,hv88yg4b,231,mock_N08_N04_Aonly,FinalRoundWaitPage,1772931051,20,0,1
qabwue95,133,83pwipij,231,mock_N08_N04_Aonly,FinalRoundWaitPage,1772931051,20,0,1
qabwue95,140,4xp7gk5j,231,mock_N08_N04_Aonly,FinalRoundWaitPage,1772931051,20,0,1
qabwue95,138,uvi5qxwb,231,mock_N08_N04_Aonly,FinalRoundWaitPage,1772931051,20,0,1
qabwue95,144,hpv5qmtd,231,mock_N08_N04_Aonly,FinalRoundWaitPage,1772931051,20,0,1
qabwue95,140,4xp7gk5j,232,mock_N08_N04_Aonly,FinalRound,1772931057,20,0,0
qabwue95,138,uvi5qxwb,232,mock_N08_N04_Aonly,FinalRound,1772931059,20,0,0
qabwue95,131,hv88yg4b,232,mock_N08_N04_Aonly,FinalRound,1772931059,20,0,0
qabwue95,137,qy8o6eic,232,mock_N08_N04_Aonly,FinalRound,1772931059,20,0,0
qabwue95,125,wzr4ftms,232,mock_N08_N04_Aonly,FinalRound,1772931059,20,0,0
qabwue95,145,3qeufgwh,7,presurvey,TrainingNeighbor_2,1772931060,1,0,0
qabwue95,133,83pwipij,232,mock_N08_N04_Aonly,FinalRound,1772931061,20,0,0
qabwue95,144,hpv5qmtd,232,mock_N08_N04_Aonly,FinalRound,1772931061,20,0,0
qabwue95,145,3qeufgwh,10,presurvey,ExperimentInstruction,1772931064,1,0,0
qabwue95,129,o4het3hy,232,mock_N08_N04_Aonly,FinalRound,1772931071,20,0,0
qabwue95,145,3qeufgwh,11,presurvey,Scenario,1772931101,1,0,0
qabwue95,145,3qeufgwh,12,presurvey,Commitment,1772931129,1,0,0
qabwue95,146,iq3l7v2j,0,,InitializeParticipant,1772931410,1,0,0
qabwue95,146,iq3l7v2j,1,presurvey,Introduction,1772931428,1,0,0
qabwue95,146,iq3l7v2j,2,presurvey,AudioCheck,1772931480,1,0,0
qabwue95,146,iq3l7v2j,3,presurvey,Demographics,1772931558,1,0,0
qabwue95,147,jdboelho,0,,InitializeParticipant,1772931565,1,0,0
qabwue95,147,jdboelho,1,presurvey,Introduction,1772931575,1,0,0
qabwue95,147,jdboelho,2,presurvey,AudioCheck,1772931606,1,0,0
qabwue95,147,jdboelho,3,presurvey,Demographics,1772931632,1,0,0
qabwue95,147,jdboelho,4,presurvey,NeighborhoodInstruction,1772931645,1,0,0
qabwue95,146,iq3l7v2j,4,presurvey,NeighborhoodInstruction,1772931649,1,0,0
qabwue95,147,jdboelho,5,presurvey,Training,1772931747,1,0,0
qabwue95,146,iq3l7v2j,5,presurvey,Training,1772931747,1,0,0
qabwue95,147,jdboelho,6,presurvey,TrainingNeighbor_1,1772931768,1,0,0
qabwue95,147,jdboelho,10,presurvey,ExperimentInstruction,1772931778,1,0,0
