session_code,participant_id_in_session,participant_code,page_index,app_name,page_name,epoch_time_completed,round_number,timeout_happened,is_wait_page
sh41e27h,1,zejvkj5w,0,,InitializeParticipant,1760733356,1,0,0
sh41e27h,1,zejvkj5w,1,presurvey,Introduction,1760733359,1,0,0
sh41e27h,1,zejvkj5w,2,presurvey,AudioCheck,1760733374,1,0,0
sh41e27h,1,zejvkj5w,3,presurvey,Demographics,1760733384,1,0,0
sh41e27h,1,zejvkj5w,4,presurvey,NeighborhoodInstruction,1760733396,1,0,0
sh41e27h,1,zejvkj5w,5,presurvey,Training,1760733414,1,0,0
sh41e27h,1,zejvkj5w,6,presurvey,TrainingNeighbor_1,1760733441,1,0,0
sh41e27h,1,zejvkj5w,10,presurvey,ExperimentInstruction,1760733444,1,0,0
sh41e27h,2,4fvxir8v,0,,InitializeParticipant,1760733448,1,0,0
sh41e27h,3,gyn2uh8x,0,,InitializeParticipant,1760733460,1,0,0
sh41e27h,1,zejvkj5w,11,presurvey,Scenario,1760733469,1,0,0
sh41e27h,2,4fvxir8v,1,presurvey,Introduction,1760733477,1,0,0
sh41e27h,1,zejvkj5w,12,presurvey,Commitment,1760733489,1,0,0
sh41e27h,2,4fvxir8v,2,presurvey,AudioCheck,1760733504,1,0,0
sh41e27h,2,4fvxir8v,3,presurvey,Demographics,1760733518,1,0,0
sh41e27h,4,r4sjc9gp,0,,InitializeParticipant,1760733569,1,0,0
sh41e27h,5,42v3rbmu,0,,InitializeParticipant,1760733608,1,0,0
sh41e27h,6,fytskbt5,0,,InitializeParticipant,1760733608,1,0,0
sh41e27h,5,42v3rbmu,1,presurvey,Introduction,1760733614,1,0,0
sh41e27h,2,4fvxir8v,4,presurvey,NeighborhoodInstruction,1760733616,1,0,0
sh41e27h,5,42v3rbmu,2,presurvey,AudioCheck,1760733638,1,0,0
sh41e27h,6,fytskbt5,1,presurvey,Introduction,1760733642,1,0,0
sh41e27h,2,4fvxir8v,5,presurvey,Training,1760733650,1,0,0
sh41e27h,5,42v3rbmu,3,presurvey,Demographics,1760733653,1,0,0
sh41e27h,5,42v3rbmu,4,presurvey,NeighborhoodInstruction,1760733673,1,0,0
sh41e27h,6,fytskbt5,2,presurvey,AudioCheck,1760733684,1,0,0
sh41e27h,2,4fvxir8v,6,presurvey,TrainingNeighbor_1,1760733688,1,0,0
sh41e27h,2,4fvxir8v,7,presurvey,TrainingNeighbor_2,1760733699,1,0,0
sh41e27h,6,fytskbt5,3,presurvey,Demographics,1760733705,1,0,0
sh41e27h,5,42v3rbmu,5,presurvey,Training,1760733708,1,0,0
sh41e27h,2,4fvxir8v,10,presurvey,ExperimentInstruction,1760733713,1,0,0
sh41e27h,2,4fvxir8v,11,presurvey,Scenario,1760733735,1,0,0
sh41e27h,4,r4sjc9gp,1,presurvey,Introduction,1760733749,1,0,0
sh41e27h,5,42v3rbmu,6,presurvey,TrainingNeighbor_1,1760733757,1,0,0
sh41e27h,5,42v3rbmu,7,presurvey,TrainingNeighbor_2,1760733767,1,0,0
sh41e27h,4,r4sjc9gp,2,presurvey,AudioCheck,1760733773,1,0,0
sh41e27h,5,42v3rbmu,10,presurvey,ExperimentInstruction,1760733775,1,0,0
sh41e27h,6,fytskbt5,4,presurvey,NeighborhoodInstruction,1760733778,1,0,0
sh41e27h,4,r4sjc9gp,3,presurvey,Demographics,1760733785,1,0,0
sh41e27h,4,r4sjc9gp,4,presurvey,NeighborhoodInstruction,1760733801,1,0,0
sh41e27h,7,1xnd47jx,0,,InitializeParticipant,1760733804,1,0,0
sh41e27h,7,1xnd47jx,1,presurvey,Introduction,1760733807,1,0,0
sh41e27h,5,42v3rbmu,11,presurvey,Scenario,1760733813,1,0,0
sh41e27h,3,gyn2uh8x,1,presurvey,Introduction,1760733815,1,0,0
sh41e27h,7,1xnd47jx,2,presurvey,AudioCheck,1760733824,1,0,0
sh41e27h,2,4fvxir8v,12,presurvey,Commitment,1760733831,1,0,0
sh41e27h,7,1xnd47jx,3,presurvey,Demographics,1760733833,1,0,0
sh41e27h,4,r4sjc9gp,5,presurvey,Training,1760733839,1,0,0
sh41e27h,3,gyn2uh8x,2,presurvey,AudioCheck,1760733841,1,0,0
sh41e27h,7,1xnd47jx,4,presurvey,NeighborhoodInstruction,1760733844,1,0,0
sh41e27h,3,gyn2uh8x,3,presurvey,Demographics,1760733854,1,0,0
sh41e27h,6,fytskbt5,5,presurvey,Training,1760733862,1,0,0
sh41e27h,7,1xnd47jx,5,presurvey,Training,1760733865,1,0,0
sh41e27h,4,r4sjc9gp,6,presurvey,TrainingNeighbor_1,1760733882,1,0,0
sh41e27h,7,1xnd47jx,6,presurvey,TrainingNeighbor_1,1760733884,1,0,0
sh41e27h,3,gyn2uh8x,4,presurvey,NeighborhoodInstruction,1760733891,1,0,0
sh41e27h,7,1xnd47jx,10,presurvey,ExperimentInstruction,1760733891,1,0,0
sh41e27h,4,r4sjc9gp,10,presurvey,ExperimentInstruction,1760733897,1,0,0
sh41e27h,3,gyn2uh8x,5,presurvey,Training,1760733925,1,0,0
sh41e27h,7,1xnd47jx,11,presurvey,Scenario,1760733925,1,0,0
sh41e27h,7,1xnd47jx,12,presurvey,Commitment,1760733940,1,0,0
sh41e27h,4,r4sjc9gp,11,presurvey,Scenario,1760733947,1,0,0
sh41e27h,3,gyn2uh8x,6,presurvey,TrainingNeighbor_1,1760733947,1,0,0
sh41e27h,3,gyn2uh8x,10,presurvey,ExperimentInstruction,1760733956,1,0,0
sh41e27h,8,ujs5h6s7,0,,InitializeParticipant,1760733957,1,0,0
sh41e27h,6,fytskbt5,6,presurvey,TrainingNeighbor_1,1760733964,1,0,0
sh41e27h,9,y6t4od6j,0,,InitializeParticipant,1760733966,1,0,0
sh41e27h,8,ujs5h6s7,1,presurvey,Introduction,1760733983,1,0,0
sh41e27h,3,gyn2uh8x,11,presurvey,Scenario,1760733985,1,0,0
sh41e27h,9,y6t4od6j,1,presurvey,Introduction,1760733994,1,0,0
sh41e27h,8,ujs5h6s7,2,presurvey,AudioCheck,1760734002,1,0,0
sh41e27h,8,ujs5h6s7,3,presurvey,Demographics,1760734014,1,0,0
sh41e27h,6,fytskbt5,7,presurvey,TrainingNeighbor_2,1760734029,1,0,0
sh41e27h,8,ujs5h6s7,4,presurvey,NeighborhoodInstruction,1760734033,1,0,0
sh41e27h,9,y6t4od6j,2,presurvey,AudioCheck,1760734034,1,0,0
sh41e27h,6,fytskbt5,8,presurvey,AttentionCheck,1760734047,1,0,0
sh41e27h,9,y6t4od6j,3,presurvey,Demographics,1760734053,1,0,0
sh41e27h,8,ujs5h6s7,5,presurvey,Training,1760734054,1,0,0
sh41e27h,10,gq259bfp,0,,InitializeParticipant,1760734061,1,0,0
sh41e27h,11,94zcrd5c,0,,InitializeParticipant,1760734069,1,0,0
sh41e27h,8,ujs5h6s7,6,presurvey,TrainingNeighbor_1,1760734080,1,0,0
sh41e27h,9,y6t4od6j,4,presurvey,NeighborhoodInstruction,1760734081,1,0,0
sh41e27h,8,ujs5h6s7,10,presurvey,ExperimentInstruction,1760734086,1,0,0
sh41e27h,10,gq259bfp,1,presurvey,Introduction,1760734104,1,0,0
sh41e27h,11,94zcrd5c,1,presurvey,Introduction,1760734104,1,0,0
sh41e27h,8,ujs5h6s7,11,presurvey,Scenario,1760734117,1,0,0
sh41e27h,9,y6t4od6j,5,presurvey,Training,1760734124,1,0,0
sh41e27h,11,94zcrd5c,2,presurvey,AudioCheck,1760734124,1,0,0
sh41e27h,12,k33xkxyd,0,,InitializeParticipant,1760734139,1,0,0
sh41e27h,11,94zcrd5c,3,presurvey,Demographics,1760734140,1,0,0
sh41e27h,10,gq259bfp,2,presurvey,AudioCheck,1760734141,1,0,0
sh41e27h,12,k33xkxyd,1,presurvey,Introduction,1760734146,1,0,0
sh41e27h,9,y6t4od6j,6,presurvey,TrainingNeighbor_1,1760734157,1,0,0
sh41e27h,10,gq259bfp,3,presurvey,Demographics,1760734160,1,0,0
sh41e27h,9,y6t4od6j,10,presurvey,ExperimentInstruction,1760734167,1,0,0
sh41e27h,11,94zcrd5c,4,presurvey,NeighborhoodInstruction,1760734167,1,0,0
sh41e27h,12,k33xkxyd,2,presurvey,AudioCheck,1760734171,1,0,0
sh41e27h,6,fytskbt5,9,presurvey,TrainingNeighbor_3,1760734175,1,0,0
sh41e27h,12,k33xkxyd,3,presurvey,Demographics,1760734182,1,0,0
sh41e27h,11,94zcrd5c,5,presurvey,Training,1760734191,1,0,0
sh41e27h,10,gq259bfp,4,presurvey,NeighborhoodInstruction,1760734206,1,0,0
sh41e27h,11,94zcrd5c,6,presurvey,TrainingNeighbor_1,1760734218,1,0,0
sh41e27h,9,y6t4od6j,11,presurvey,Scenario,1760734218,1,0,0
sh41e27h,12,k33xkxyd,4,presurvey,NeighborhoodInstruction,1760734220,1,0,0
sh41e27h,11,94zcrd5c,10,presurvey,ExperimentInstruction,1760734230,1,0,0
sh41e27h,10,gq259bfp,5,presurvey,Training,1760734254,1,0,0
sh41e27h,11,94zcrd5c,11,presurvey,Scenario,1760734259,1,0,0
sh41e27h,12,k33xkxyd,5,presurvey,Training,1760734260,1,0,0
sh41e27h,9,y6t4od6j,12,presurvey,Commitment,1760734277,1,0,0
sh41e27h,13,h11bg2n2,0,,InitializeParticipant,1760734300,1,0,0
sh41e27h,12,k33xkxyd,6,presurvey,TrainingNeighbor_1,1760734301,1,0,0
sh41e27h,11,94zcrd5c,12,presurvey,Commitment,1760734308,1,0,0
sh41e27h,2,4fvxir8v,13,mock,GroupingWaitPage,1760734309,1,0,1
sh41e27h,7,1xnd47jx,13,mock,GroupingWaitPage,1760734309,1,0,1
sh41e27h,9,y6t4od6j,13,mock,GroupingWaitPage,1760734309,1,0,1
sh41e27h,11,94zcrd5c,13,mock,GroupingWaitPage,1760734309,1,0,1
sh41e27h,2,4fvxir8v,14,mock,GroupSizeWaitPage,1760734310,1,0,1
sh41e27h,7,1xnd47jx,14,mock,GroupSizeWaitPage,1760734310,1,0,1
sh41e27h,9,y6t4od6j,14,mock,GroupSizeWaitPage,1760734310,1,0,1
sh41e27h,11,94zcrd5c,14,mock,GroupSizeWaitPage,1760734310,1,0,1
sh41e27h,9,y6t4od6j,16,mock,DiscussionGRPWaitPage,1760734311,1,0,1
sh41e27h,7,1xnd47jx,16,mock,DiscussionGRPWaitPage,1760734311,1,0,1
sh41e27h,2,4fvxir8v,16,mock,DiscussionGRPWaitPage,1760734311,1,0,1
sh41e27h,11,94zcrd5c,16,mock,DiscussionGRPWaitPage,1760734311,1,0,1
sh41e27h,12,k33xkxyd,10,presurvey,ExperimentInstruction,1760734320,1,0,0
sh41e27h,2,4fvxir8v,17,mock,Nudge,1760734324,1,0,0
sh41e27h,11,94zcrd5c,17,mock,Nudge,1760734329,1,0,0
sh41e27h,7,1xnd47jx,17,mock,Nudge,1760734331,1,0,0
sh41e27h,2,4fvxir8v,18,mock,NudgeTraining,1760734332,1,0,0
sh41e27h,10,gq259bfp,6,presurvey,TrainingNeighbor_1,1760734332,1,0,0
sh41e27h,13,h11bg2n2,1,presurvey,Introduction,1760734334,1,0,0
sh41e27h,9,y6t4od6j,17,mock,Nudge,1760734335,1,0,0
sh41e27h,11,94zcrd5c,18,mock,NudgeTraining,1760734337,1,0,0
sh41e27h,2,4fvxir8v,19,mock,NudgeTrainingLast,1760734340,1,0,0
sh41e27h,10,gq259bfp,10,presurvey,ExperimentInstruction,1760734344,1,0,0
sh41e27h,9,y6t4od6j,18,mock,NudgeTraining,1760734345,1,0,0
sh41e27h,7,1xnd47jx,18,mock,NudgeTraining,1760734346,1,0,0
sh41e27h,9,y6t4od6j,19,mock,NudgeTrainingLast,1760734352,1,0,0
sh41e27h,12,k33xkxyd,11,presurvey,Scenario,1760734353,1,0,0
sh41e27h,7,1xnd47jx,19,mock,NudgeTrainingLast,1760734358,1,0,0
sh41e27h,2,4fvxir8v,20,mock,Phase3,1760734360,1,0,0
sh41e27h,14,tly6b0vv,0,,InitializeParticipant,1760734361,1,0,0
sh41e27h,9,y6t4od6j,20,mock,Phase3,1760734362,1,0,0
sh41e27h,2,4fvxir8v,21,mock,Discussion,1760734367,1,0,0
sh41e27h,13,h11bg2n2,2,presurvey,AudioCheck,1760734368,1,0,0
sh41e27h,7,1xnd47jx,20,mock,Phase3,1760734369,1,0,0
sh41e27h,15,47pusxq3,0,,InitializeParticipant,1760734369,1,0,0
sh41e27h,9,y6t4od6j,21,mock,Discussion,1760734378,1,0,0
sh41e27h,7,1xnd47jx,21,mock,Discussion,1760734379,1,0,0
sh41e27h,14,tly6b0vv,1,presurvey,Introduction,1760734381,1,0,0
sh41e27h,10,gq259bfp,11,presurvey,Scenario,1760734388,1,0,0
sh41e27h,14,tly6b0vv,2,presurvey,AudioCheck,1760734422,1,0,0
sh41e27h,11,94zcrd5c,19,mock,NudgeTrainingLast,1760734428,1,1,0
sh41e27h,14,tly6b0vv,3,presurvey,Demographics,1760734436,1,0,0
sh41e27h,4,r4sjc9gp,12,presurvey,Commitment,1760734436,1,0,0
sh41e27h,13,h11bg2n2,3,presurvey,Demographics,1760734444,1,0,0
sh41e27h,11,94zcrd5c,20,mock,Phase3,1760734451,1,0,0
sh41e27h,15,47pusxq3,1,presurvey,Introduction,1760734454,1,0,0
sh41e27h,11,94zcrd5c,21,mock,Discussion,1760734462,1,0,0
sh41e27h,9,y6t4od6j,27,mock,DiscussionGRPWaitPage,1760734462,2,0,1
sh41e27h,7,1xnd47jx,27,mock,DiscussionGRPWaitPage,1760734462,2,0,1
sh41e27h,2,4fvxir8v,27,mock,DiscussionGRPWaitPage,1760734462,2,0,1
sh41e27h,11,94zcrd5c,27,mock,DiscussionGRPWaitPage,1760734462,2,0,1
sh41e27h,10,gq259bfp,12,presurvey,Commitment,1760734464,1,0,0
sh41e27h,11,94zcrd5c,32,mock,Discussion,1760734468,2,0,0
sh41e27h,2,4fvxir8v,32,mock,Discussion,1760734468,2,0,0
sh41e27h,9,y6t4od6j,32,mock,Discussion,1760734472,2,0,0
sh41e27h,7,1xnd47jx,32,mock,Discussion,1760734474,2,0,0
sh41e27h,9,y6t4od6j,38,mock,DiscussionGRPWaitPage,1760734475,3,0,1
sh41e27h,7,1xnd47jx,38,mock,DiscussionGRPWaitPage,1760734475,3,0,1
sh41e27h,2,4fvxir8v,38,mock,DiscussionGRPWaitPage,1760734475,3,0,1
sh41e27h,11,94zcrd5c,38,mock,DiscussionGRPWaitPage,1760734475,3,0,1
sh41e27h,2,4fvxir8v,43,mock,Discussion,1760734478,3,0,0
sh41e27h,11,94zcrd5c,43,mock,Discussion,1760734481,3,0,0
sh41e27h,9,y6t4od6j,43,mock,Discussion,1760734481,3,0,0
sh41e27h,7,1xnd47jx,43,mock,Discussion,1760734486,3,0,0
sh41e27h,9,y6t4od6j,49,mock,DiscussionGRPWaitPage,1760734487,4,0,1
sh41e27h,7,1xnd47jx,49,mock,DiscussionGRPWaitPage,1760734487,4,0,1
sh41e27h,2,4fvxir8v,49,mock,DiscussionGRPWaitPage,1760734487,4,0,1
sh41e27h,11,94zcrd5c,49,mock,DiscussionGRPWaitPage,1760734487,4,0,1
sh41e27h,14,tly6b0vv,4,presurvey,NeighborhoodInstruction,1760734487,1,0,0
sh41e27h,11,94zcrd5c,54,mock,Discussion,1760734489,4,0,0
sh41e27h,9,y6t4od6j,54,mock,Discussion,1760734491,4,0,0
sh41e27h,2,4fvxir8v,54,mock,Discussion,1760734495,4,0,0
sh41e27h,7,1xnd47jx,54,mock,Discussion,1760734495,4,0,0
sh41e27h,9,y6t4od6j,60,mock,DiscussionGRPWaitPage,1760734495,5,0,1
sh41e27h,7,1xnd47jx,60,mock,DiscussionGRPWaitPage,1760734495,5,0,1
sh41e27h,2,4fvxir8v,60,mock,DiscussionGRPWaitPage,1760734495,5,0,1
sh41e27h,11,94zcrd5c,60,mock,DiscussionGRPWaitPage,1760734495,5,0,1
sh41e27h,13,h11bg2n2,4,presurvey,NeighborhoodInstruction,1760734497,1,0,0
sh41e27h,7,1xnd47jx,65,mock,Discussion,1760734499,5,0,0
sh41e27h,11,94zcrd5c,65,mock,Discussion,1760734499,5,0,0
sh41e27h,2,4fvxir8v,65,mock,Discussion,1760734500,5,0,0
sh41e27h,9,y6t4od6j,65,mock,Discussion,1760734500,5,0,0
sh41e27h,9,y6t4od6j,71,mock,DiscussionGRPWaitPage,1760734500,6,0,1
sh41e27h,7,1xnd47jx,71,mock,DiscussionGRPWaitPage,1760734500,6,0,1
sh41e27h,2,4fvxir8v,71,mock,DiscussionGRPWaitPage,1760734500,6,0,1
sh41e27h,11,94zcrd5c,71,mock,DiscussionGRPWaitPage,1760734500,6,0,1
sh41e27h,11,94zcrd5c,76,mock,Discussion,1760734503,6,0,0
sh41e27h,7,1xnd47jx,76,mock,Discussion,1760734504,6,0,0
sh41e27h,2,4fvxir8v,76,mock,Discussion,1760734505,6,0,0
sh41e27h,9,y6t4od6j,76,mock,Discussion,1760734505,6,0,0
sh41e27h,9,y6t4od6j,82,mock,DiscussionGRPWaitPage,1760734505,7,0,1
sh41e27h,7,1xnd47jx,82,mock,DiscussionGRPWaitPage,1760734505,7,0,1
sh41e27h,2,4fvxir8v,82,mock,DiscussionGRPWaitPage,1760734505,7,0,1
sh41e27h,11,94zcrd5c,82,mock,DiscussionGRPWaitPage,1760734505,7,0,1
sh41e27h,11,94zcrd5c,87,mock,Discussion,1760734508,7,0,0
sh41e27h,15,47pusxq3,2,presurvey,AudioCheck,1760734508,1,0,0
sh41e27h,7,1xnd47jx,87,mock,Discussion,1760734508,7,0,0
sh41e27h,9,y6t4od6j,87,mock,Discussion,1760734511,7,0,0
sh41e27h,2,4fvxir8v,87,mock,Discussion,1760734511,7,0,0
sh41e27h,9,y6t4od6j,93,mock,DiscussionGRPWaitPage,1760734511,8,0,1
sh41e27h,7,1xnd47jx,93,mock,DiscussionGRPWaitPage,1760734511,8,0,1
sh41e27h,2,4fvxir8v,93,mock,DiscussionGRPWaitPage,1760734511,8,0,1
sh41e27h,11,94zcrd5c,93,mock,DiscussionGRPWaitPage,1760734511,8,0,1
sh41e27h,11,94zcrd5c,98,mock,Discussion,1760734513,8,0,0
sh41e27h,9,y6t4od6j,98,mock,Discussion,1760734515,8,0,0
sh41e27h,16,3j8tj8tl,0,,InitializeParticipant,1760734515,1,0,0
sh41e27h,2,4fvxir8v,98,mock,Discussion,1760734516,8,0,0
sh41e27h,7,1xnd47jx,98,mock,Discussion,1760734517,8,0,0
sh41e27h,9,y6t4od6j,104,mock,DiscussionGRPWaitPage,1760734517,9,0,1
sh41e27h,7,1xnd47jx,104,mock,DiscussionGRPWaitPage,1760734517,9,0,1
sh41e27h,2,4fvxir8v,104,mock,DiscussionGRPWaitPage,1760734517,9,0,1
sh41e27h,11,94zcrd5c,104,mock,DiscussionGRPWaitPage,1760734517,9,0,1
sh41e27h,16,3j8tj8tl,1,presurvey,Introduction,1760734518,1,0,0
sh41e27h,11,94zcrd5c,109,mock,Discussion,1760734519,9,0,0
sh41e27h,2,4fvxir8v,109,mock,Discussion,1760734521,9,0,0
sh41e27h,15,47pusxq3,3,presurvey,Demographics,1760734521,1,0,0
sh41e27h,7,1xnd47jx,109,mock,Discussion,1760734521,9,0,0
sh41e27h,9,y6t4od6j,109,mock,Discussion,1760734522,9,0,0
sh41e27h,9,y6t4od6j,115,mock,DiscussionGRPWaitPage,1760734522,10,0,1
sh41e27h,7,1xnd47jx,115,mock,DiscussionGRPWaitPage,1760734522,10,0,1
sh41e27h,2,4fvxir8v,115,mock,DiscussionGRPWaitPage,1760734522,10,0,1
sh41e27h,11,94zcrd5c,115,mock,DiscussionGRPWaitPage,1760734522,10,0,1
sh41e27h,11,94zcrd5c,120,mock,Discussion,1760734524,10,0,0
sh41e27h,2,4fvxir8v,120,mock,Discussion,1760734525,10,0,0
sh41e27h,7,1xnd47jx,120,mock,Discussion,1760734525,10,0,0
sh41e27h,9,y6t4od6j,120,mock,Discussion,1760734526,10,0,0
sh41e27h,9,y6t4od6j,126,mock,DiscussionGRPWaitPage,1760734526,11,0,1
sh41e27h,7,1xnd47jx,126,mock,DiscussionGRPWaitPage,1760734526,11,0,1
sh41e27h,2,4fvxir8v,126,mock,DiscussionGRPWaitPage,1760734526,11,0,1
sh41e27h,11,94zcrd5c,126,mock,DiscussionGRPWaitPage,1760734526,11,0,1
sh41e27h,11,94zcrd5c,131,mock,Discussion,1760734528,11,0,0
sh41e27h,7,1xnd47jx,131,mock,Discussion,1760734528,11,0,0
sh41e27h,2,4fvxir8v,131,mock,Discussion,1760734529,11,0,0
sh41e27h,9,y6t4od6j,131,mock,Discussion,1760734530,11,0,0
sh41e27h,9,y6t4od6j,137,mock,DiscussionGRPWaitPage,1760734530,12,0,1
sh41e27h,7,1xnd47jx,137,mock,DiscussionGRPWaitPage,1760734530,12,0,1
sh41e27h,2,4fvxir8v,137,mock,DiscussionGRPWaitPage,1760734530,12,0,1
sh41e27h,11,94zcrd5c,137,mock,DiscussionGRPWaitPage,1760734530,12,0,1
sh41e27h,14,tly6b0vv,5,presurvey,Training,1760734532,1,0,0
sh41e27h,11,94zcrd5c,142,mock,Discussion,1760734532,12,0,0
sh41e27h,7,1xnd47jx,142,mock,Discussion,1760734533,12,0,0
sh41e27h,2,4fvxir8v,142,mock,Discussion,1760734533,12,0,0
sh41e27h,9,y6t4od6j,142,mock,Discussion,1760734534,12,0,0
sh41e27h,16,3j8tj8tl,2,presurvey,AudioCheck,1760734534,1,0,0
sh41e27h,9,y6t4od6j,148,mock,DiscussionGRPWaitPage,1760734534,13,0,1
sh41e27h,7,1xnd47jx,148,mock,DiscussionGRPWaitPage,1760734534,13,0,1
sh41e27h,2,4fvxir8v,148,mock,DiscussionGRPWaitPage,1760734534,13,0,1
sh41e27h,11,94zcrd5c,148,mock,DiscussionGRPWaitPage,1760734534,13,0,1
sh41e27h,11,94zcrd5c,153,mock,Discussion,1760734536,13,0,0
sh41e27h,2,4fvxir8v,153,mock,Discussion,1760734537,13,0,0
sh41e27h,9,y6t4od6j,153,mock,Discussion,1760734539,13,0,0
sh41e27h,7,1xnd47jx,153,mock,Discussion,1760734540,13,0,0
sh41e27h,9,y6t4od6j,159,mock,DiscussionGRPWaitPage,1760734541,14,0,1
sh41e27h,7,1xnd47jx,159,mock,DiscussionGRPWaitPage,1760734541,14,0,1
sh41e27h,2,4fvxir8v,159,mock,DiscussionGRPWaitPage,1760734541,14,0,1
sh41e27h,11,94zcrd5c,159,mock,DiscussionGRPWaitPage,1760734541,14,0,1
sh41e27h,16,3j8tj8tl,3,presurvey,Demographics,1760734541,1,0,0
sh41e27h,11,94zcrd5c,164,mock,Discussion,1760734542,14,0,0
sh41e27h,9,y6t4od6j,164,mock,Discussion,1760734544,14,0,0
sh41e27h,7,1xnd47jx,164,mock,Discussion,1760734544,14,0,0
sh41e27h,13,h11bg2n2,5,presurvey,Training,1760734544,1,0,0
sh41e27h,2,4fvxir8v,164,mock,Discussion,1760734545,14,0,0
sh41e27h,9,y6t4od6j,170,mock,DiscussionGRPWaitPage,1760734545,15,0,1
sh41e27h,7,1xnd47jx,170,mock,DiscussionGRPWaitPage,1760734545,15,0,1
sh41e27h,2,4fvxir8v,170,mock,DiscussionGRPWaitPage,1760734545,15,0,1
sh41e27h,11,94zcrd5c,170,mock,DiscussionGRPWaitPage,1760734545,15,0,1
sh41e27h,11,94zcrd5c,175,mock,Discussion,1760734547,15,0,0
sh41e27h,7,1xnd47jx,175,mock,Discussion,1760734547,15,0,0
sh41e27h,9,y6t4od6j,175,mock,Discussion,1760734548,15,0,0
sh41e27h,2,4fvxir8v,175,mock,Discussion,1760734549,15,0,0
sh41e27h,9,y6t4od6j,181,mock,DiscussionGRPWaitPage,1760734549,16,0,1
sh41e27h,7,1xnd47jx,181,mock,DiscussionGRPWaitPage,1760734549,16,0,1
sh41e27h,2,4fvxir8v,181,mock,DiscussionGRPWaitPage,1760734549,16,0,1
sh41e27h,11,94zcrd5c,181,mock,DiscussionGRPWaitPage,1760734549,16,0,1
sh41e27h,11,94zcrd5c,186,mock,Discussion,1760734551,16,0,0
sh41e27h,2,4fvxir8v,186,mock,Discussion,1760734552,16,0,0
sh41e27h,9,y6t4od6j,186,mock,Discussion,1760734553,16,0,0
sh41e27h,7,1xnd47jx,186,mock,Discussion,1760734554,16,0,0
sh41e27h,9,y6t4od6j,192,mock,DiscussionGRPWaitPage,1760734554,17,0,1
sh41e27h,7,1xnd47jx,192,mock,DiscussionGRPWaitPage,1760734554,17,0,1
sh41e27h,2,4fvxir8v,192,mock,DiscussionGRPWaitPage,1760734554,17,0,1
sh41e27h,11,94zcrd5c,192,mock,DiscussionGRPWaitPage,1760734554,17,0,1
sh41e27h,11,94zcrd5c,197,mock,Discussion,1760734556,17,0,0
sh41e27h,7,1xnd47jx,197,mock,Discussion,1760734558,17,0,0
sh41e27h,9,y6t4od6j,197,mock,Discussion,1760734559,17,0,0
sh41e27h,2,4fvxir8v,197,mock,Discussion,1760734560,17,0,0
sh41e27h,17,f9vjzmj4,0,,InitializeParticipant,1760734560,1,0,0
sh41e27h,9,y6t4od6j,203,mock,DiscussionGRPWaitPage,1760734560,18,0,1
sh41e27h,7,1xnd47jx,203,mock,DiscussionGRPWaitPage,1760734560,18,0,1
sh41e27h,2,4fvxir8v,203,mock,DiscussionGRPWaitPage,1760734560,18,0,1
sh41e27h,11,94zcrd5c,203,mock,DiscussionGRPWaitPage,1760734560,18,0,1
sh41e27h,11,94zcrd5c,208,mock,Discussion,1760734562,18,0,0
sh41e27h,2,4fvxir8v,208,mock,Discussion,1760734563,18,0,0
sh41e27h,7,1xnd47jx,208,mock,Discussion,1760734563,18,0,0
sh41e27h,9,y6t4od6j,208,mock,Discussion,1760734564,18,0,0
sh41e27h,9,y6t4od6j,214,mock,DiscussionGRPWaitPage,1760734565,19,0,1
sh41e27h,7,1xnd47jx,214,mock,DiscussionGRPWaitPage,1760734565,19,0,1
sh41e27h,2,4fvxir8v,214,mock,DiscussionGRPWaitPage,1760734565,19,0,1
sh41e27h,11,94zcrd5c,214,mock,DiscussionGRPWaitPage,1760734565,19,0,1
sh41e27h,11,94zcrd5c,219,mock,Discussion,1760734566,19,0,0
sh41e27h,9,y6t4od6j,219,mock,Discussion,1760734568,19,0,0
sh41e27h,7,1xnd47jx,219,mock,Discussion,1760734568,19,0,0
sh41e27h,2,4fvxir8v,219,mock,Discussion,1760734571,19,0,0
sh41e27h,9,y6t4od6j,225,mock,DiscussionGRPWaitPage,1760734571,20,0,1
sh41e27h,7,1xnd47jx,225,mock,DiscussionGRPWaitPage,1760734571,20,0,1
sh41e27h,2,4fvxir8v,225,mock,DiscussionGRPWaitPage,1760734571,20,0,1
sh41e27h,11,94zcrd5c,225,mock,DiscussionGRPWaitPage,1760734571,20,0,1
sh41e27h,11,94zcrd5c,230,mock,Discussion,1760734573,20,0,0
sh41e27h,9,y6t4od6j,230,mock,Discussion,1760734575,20,0,0
sh41e27h,2,4fvxir8v,230,mock,Discussion,1760734575,20,0,0
sh41e27h,7,1xnd47jx,230,mock,Discussion,1760734575,20,0,0
sh41e27h,7,1xnd47jx,231,mock,FinalRoundWaitPage,1760734575,20,0,1
sh41e27h,9,y6t4od6j,231,mock,FinalRoundWaitPage,1760734575,20,0,1
sh41e27h,11,94zcrd5c,231,mock,FinalRoundWaitPage,1760734575,20,0,1
sh41e27h,2,4fvxir8v,231,mock,FinalRoundWaitPage,1760734575,20,0,1
sh41e27h,14,tly6b0vv,6,presurvey,TrainingNeighbor_1,1760734575,1,0,0
sh41e27h,7,1xnd47jx,232,mock,FinalRound,1760734581,20,0,0
sh41e27h,2,4fvxir8v,232,mock,FinalRound,1760734582,20,0,0
sh41e27h,9,y6t4od6j,232,mock,FinalRound,1760734583,20,0,0
sh41e27h,11,94zcrd5c,232,mock,FinalRound,1760734584,20,0,0
sh41e27h,14,tly6b0vv,10,presurvey,ExperimentInstruction,1760734588,1,0,0
sh41e27h,13,h11bg2n2,6,presurvey,TrainingNeighbor_1,1760734604,1,0,0
sh41e27h,14,tly6b0vv,11,presurvey,Scenario,1760734644,1,0,0
sh41e27h,13,h11bg2n2,7,presurvey,TrainingNeighbor_2,1760734650,1,0,0
sh41e27h,17,f9vjzmj4,1,presurvey,Introduction,1760734662,1,0,0
sh41e27h,13,h11bg2n2,8,presurvey,AttentionCheck,1760734666,1,0,0
sh41e27h,17,f9vjzmj4,2,presurvey,AudioCheck,1760734678,1,0,0
sh41e27h,18,i8xp3l3t,0,,InitializeParticipant,1760734693,1,0,0
sh41e27h,1,zejvkj5w,13,mock,GroupingWaitPage,1760734695,1,0,1
sh41e27h,1,zejvkj5w,14,mock,GroupSizeWaitPage,1760734696,1,0,1
sh41e27h,1,zejvkj5w,15,mock,AttentionCheck,1760734700,1,0,0
sh41e27h,18,i8xp3l3t,1,presurvey,Introduction,1760734713,1,0,0
sh41e27h,15,47pusxq3,4,presurvey,NeighborhoodInstruction,1760734716,1,0,0
sh41e27h,14,tly6b0vv,12,presurvey,Commitment,1760734716,1,0,0
sh41e27h,13,h11bg2n2,9,presurvey,TrainingNeighbor_3,1760734729,1,0,0
sh41e27h,18,i8xp3l3t,2,presurvey,AudioCheck,1760734735,1,0,0
sh41e27h,17,f9vjzmj4,3,presurvey,Demographics,1760734751,1,0,0
sh41e27h,18,i8xp3l3t,3,presurvey,Demographics,1760734753,1,0,0
sh41e27h,15,47pusxq3,5,presurvey,Training,1760734758,1,0,0
sh41e27h,18,i8xp3l3t,4,presurvey,NeighborhoodInstruction,1760734785,1,0,0
sh41e27h,18,i8xp3l3t,5,presurvey,Training,1760734819,1,0,0
sh41e27h,18,i8xp3l3t,6,presurvey,TrainingNeighbor_1,1760734856,1,0,0
sh41e27h,18,i8xp3l3t,10,presurvey,ExperimentInstruction,1760734877,1,0,0
sh41e27h,17,f9vjzmj4,4,presurvey,NeighborhoodInstruction,1760734881,1,0,0
sh41e27h,19,knzgifvm,0,,InitializeParticipant,1760734910,1,0,0
sh41e27h,18,i8xp3l3t,11,presurvey,Scenario,1760734911,1,0,0
sh41e27h,17,f9vjzmj4,5,presurvey,Training,1760734914,1,0,0
sh41e27h,15,47pusxq3,6,presurvey,TrainingNeighbor_1,1760734939,1,0,0
sh41e27h,17,f9vjzmj4,6,presurvey,TrainingNeighbor_1,1760734946,1,0,0
sh41e27h,17,f9vjzmj4,7,presurvey,TrainingNeighbor_2,1760734949,1,0,0
sh41e27h,17,f9vjzmj4,10,presurvey,ExperimentInstruction,1760734956,1,0,0
sh41e27h,19,knzgifvm,1,presurvey,Introduction,1760734965,1,0,0
sh41e27h,17,f9vjzmj4,11,presurvey,Scenario,1760734989,1,0,0
sh41e27h,19,knzgifvm,2,presurvey,AudioCheck,1760734999,1,0,0
sh41e27h,20,5p9geimi,0,,InitializeParticipant,1760735001,1,0,0
sh41e27h,20,5p9geimi,1,presurvey,Introduction,1760735011,1,0,0
sh41e27h,21,bi3ol81c,0,,InitializeParticipant,1760735012,1,0,0
sh41e27h,19,knzgifvm,3,presurvey,Demographics,1760735017,1,0,0
sh41e27h,17,f9vjzmj4,12,presurvey,Commitment,1760735026,1,0,0
sh41e27h,20,5p9geimi,2,presurvey,AudioCheck,1760735047,1,0,0
sh41e27h,21,bi3ol81c,1,presurvey,Introduction,1760735048,1,0,0
sh41e27h,20,5p9geimi,3,presurvey,Demographics,1760735070,1,0,0
sh41e27h,22,r7y1dwaq,0,,InitializeParticipant,1760735082,1,0,0
sh41e27h,22,r7y1dwaq,1,presurvey,Introduction,1760735096,1,0,0
sh41e27h,23,ykcxd390,0,,InitializeParticipant,1760735098,1,0,0
sh41e27h,20,5p9geimi,4,presurvey,NeighborhoodInstruction,1760735104,1,0,0
sh41e27h,21,bi3ol81c,2,presurvey,AudioCheck,1760735115,1,0,0
sh41e27h,24,brw0d3cl,0,,InitializeParticipant,1760735118,1,0,0
sh41e27h,24,brw0d3cl,1,presurvey,Introduction,1760735133,1,0,0
sh41e27h,23,ykcxd390,1,presurvey,Introduction,1760735136,1,0,0
sh41e27h,22,r7y1dwaq,2,presurvey,AudioCheck,1760735138,1,0,0
sh41e27h,20,5p9geimi,5,presurvey,Training,1760735147,1,0,0
sh41e27h,25,q7mwr99t,0,,InitializeParticipant,1760735153,1,0,0
sh41e27h,22,r7y1dwaq,3,presurvey,Demographics,1760735154,1,0,0
sh41e27h,19,knzgifvm,4,presurvey,NeighborhoodInstruction,1760735162,1,0,0
sh41e27h,24,brw0d3cl,2,presurvey,AudioCheck,1760735163,1,0,0
sh41e27h,23,ykcxd390,2,presurvey,AudioCheck,1760735164,1,0,0
sh41e27h,24,brw0d3cl,3,presurvey,Demographics,1760735171,1,0,0
sh41e27h,25,q7mwr99t,1,presurvey,Introduction,1760735172,1,0,0
sh41e27h,23,ykcxd390,3,presurvey,Demographics,1760735177,1,0,0
sh41e27h,24,brw0d3cl,4,presurvey,NeighborhoodInstruction,1760735182,1,0,0
sh41e27h,20,5p9geimi,6,presurvey,TrainingNeighbor_1,1760735185,1,0,0
sh41e27h,26,hjkdu3rn,0,,InitializeParticipant,1760735189,1,0,0
sh41e27h,24,brw0d3cl,5,presurvey,Training,1760735197,1,0,0
sh41e27h,20,5p9geimi,10,presurvey,ExperimentInstruction,1760735205,1,0,0
sh41e27h,15,47pusxq3,10,presurvey,ExperimentInstruction,1760735207,1,0,0
sh41e27h,25,q7mwr99t,2,presurvey,AudioCheck,1760735209,1,0,0
sh41e27h,23,ykcxd390,4,presurvey,NeighborhoodInstruction,1760735218,1,0,0
sh41e27h,24,brw0d3cl,6,presurvey,TrainingNeighbor_1,1760735219,1,0,0
sh41e27h,19,knzgifvm,5,presurvey,Training,1760735220,1,0,0
sh41e27h,24,brw0d3cl,10,presurvey,ExperimentInstruction,1760735224,1,0,0
sh41e27h,25,q7mwr99t,3,presurvey,Demographics,1760735224,1,0,0
sh41e27h,24,brw0d3cl,11,presurvey,Scenario,1760735243,1,0,0
sh41e27h,25,q7mwr99t,4,presurvey,NeighborhoodInstruction,1760735245,1,0,0
sh41e27h,20,5p9geimi,11,presurvey,Scenario,1760735248,1,0,0
sh41e27h,22,r7y1dwaq,4,presurvey,NeighborhoodInstruction,1760735266,1,0,0
sh41e27h,23,ykcxd390,5,presurvey,Training,1760735268,1,0,0
sh41e27h,19,knzgifvm,6,presurvey,TrainingNeighbor_1,1760735269,1,0,0
sh41e27h,25,q7mwr99t,5,presurvey,Training,1760735282,1,0,0
sh41e27h,19,knzgifvm,10,presurvey,ExperimentInstruction,1760735285,1,0,0
sh41e27h,21,bi3ol81c,3,presurvey,Demographics,1760735296,1,0,0
sh41e27h,22,r7y1dwaq,5,presurvey,Training,1760735304,1,0,0
sh41e27h,15,47pusxq3,11,presurvey,Scenario,1760735310,1,0,0
sh41e27h,20,5p9geimi,12,presurvey,Commitment,1760735312,1,0,0
sh41e27h,25,q7mwr99t,6,presurvey,TrainingNeighbor_1,1760735314,1,0,0
sh41e27h,27,yfi5e2qe,0,,InitializeParticipant,1760735322,1,0,0
sh41e27h,25,q7mwr99t,10,presurvey,ExperimentInstruction,1760735322,1,0,0
sh41e27h,23,ykcxd390,6,presurvey,TrainingNeighbor_1,1760735339,1,0,0
sh41e27h,27,yfi5e2qe,1,presurvey,Introduction,1760735340,1,0,0
sh41e27h,21,bi3ol81c,4,presurvey,NeighborhoodInstruction,1760735345,1,0,0
sh41e27h,23,ykcxd390,10,presurvey,ExperimentInstruction,1760735353,1,0,0
sh41e27h,22,r7y1dwaq,6,presurvey,TrainingNeighbor_1,1760735357,1,0,0
sh41e27h,19,knzgifvm,11,presurvey,Scenario,1760735369,1,0,0
sh41e27h,27,yfi5e2qe,2,presurvey,AudioCheck,1760735374,1,0,0
sh41e27h,25,q7mwr99t,11,presurvey,Scenario,1760735385,1,0,0
sh41e27h,22,r7y1dwaq,7,presurvey,TrainingNeighbor_2,1760735392,1,0,0
sh41e27h,22,r7y1dwaq,8,presurvey,AttentionCheck,1760735411,1,0,0
sh41e27h,27,yfi5e2qe,3,presurvey,Demographics,1760735413,1,0,0
sh41e27h,23,ykcxd390,11,presurvey,Scenario,1760735415,1,0,0
sh41e27h,22,r7y1dwaq,9,presurvey,TrainingNeighbor_3,1760735432,1,0,0
sh41e27h,19,knzgifvm,12,presurvey,Commitment,1760735435,1,0,0
sh41e27h,4,r4sjc9gp,13,mock,GroupingWaitPage,1760735440,1,0,1
sh41e27h,10,gq259bfp,13,mock,GroupingWaitPage,1760735440,1,0,1
sh41e27h,14,tly6b0vv,13,mock,GroupingWaitPage,1760735440,1,0,1
sh41e27h,19,knzgifvm,13,mock,GroupingWaitPage,1760735440,1,0,1
sh41e27h,4,r4sjc9gp,14,mock,GroupSizeWaitPage,1760735441,1,0,1
sh41e27h,10,gq259bfp,14,mock,GroupSizeWaitPage,1760735441,1,0,1
sh41e27h,14,tly6b0vv,14,mock,GroupSizeWaitPage,1760735441,1,0,1
sh41e27h,19,knzgifvm,14,mock,GroupSizeWaitPage,1760735441,1,0,1
sh41e27h,10,gq259bfp,16,mock,DiscussionGRPWaitPage,1760735442,1,0,1
sh41e27h,4,r4sjc9gp,16,mock,DiscussionGRPWaitPage,1760735442,1,0,1
sh41e27h,14,tly6b0vv,16,mock,DiscussionGRPWaitPage,1760735442,1,0,1
sh41e27h,19,knzgifvm,16,mock,DiscussionGRPWaitPage,1760735442,1,0,1
sh41e27h,4,r4sjc9gp,17,mock,Nudge,1760735458,1,0,0
sh41e27h,10,gq259bfp,17,mock,Nudge,1760735460,1,0,0
sh41e27h,27,yfi5e2qe,4,presurvey,NeighborhoodInstruction,1760735460,1,0,0
sh41e27h,19,knzgifvm,17,mock,Nudge,1760735464,1,0,0
sh41e27h,4,r4sjc9gp,18,mock,NudgeTraining,1760735471,1,0,0
sh41e27h,10,gq259bfp,18,mock,NudgeTraining,1760735473,1,0,0
sh41e27h,19,knzgifvm,18,mock,NudgeTraining,1760735481,1,0,0
sh41e27h,10,gq259bfp,19,mock,NudgeTrainingLast,1760735481,1,0,0
sh41e27h,26,hjkdu3rn,1,presurvey,Introduction,1760735484,1,0,0
sh41e27h,25,q7mwr99t,12,presurvey,Commitment,1760735486,1,0,0
sh41e27h,14,tly6b0vv,17,mock,Nudge,1760735488,1,0,0
sh41e27h,4,r4sjc9gp,19,mock,NudgeTrainingLast,1760735489,1,0,0
sh41e27h,19,knzgifvm,19,mock,NudgeTrainingLast,1760735489,1,0,0
sh41e27h,27,yfi5e2qe,5,presurvey,Training,1760735491,1,0,0
sh41e27h,14,tly6b0vv,18,mock,NudgeTraining,1760735498,1,0,0
sh41e27h,28,wkixoxmv,0,,InitializeParticipant,1760735502,1,0,0
sh41e27h,10,gq259bfp,20,mock,Phase3,1760735503,1,0,0
sh41e27h,28,wkixoxmv,1,presurvey,Introduction,1760735510,1,0,0
sh41e27h,14,tly6b0vv,19,mock,NudgeTrainingLast,1760735511,1,0,0
sh41e27h,10,gq259bfp,21,mock,Discussion,1760735514,1,0,0
sh41e27h,4,r4sjc9gp,20,mock,Phase3,1760735515,1,0,0
sh41e27h,29,fqqqffen,0,,InitializeParticipant,1760735515,1,0,0
sh41e27h,29,fqqqffen,1,presurvey,Introduction,1760735521,1,0,0
sh41e27h,4,r4sjc9gp,21,mock,Discussion,1760735522,1,0,0
sh41e27h,19,knzgifvm,20,mock,Phase3,1760735522,1,0,0
sh41e27h,28,wkixoxmv,2,presurvey,AudioCheck,1760735524,1,0,0
sh41e27h,26,hjkdu3rn,2,presurvey,AudioCheck,1760735527,1,0,0
sh41e27h,28,wkixoxmv,3,presurvey,Demographics,1760735533,1,0,0
sh41e27h,19,knzgifvm,21,mock,Discussion,1760735537,1,0,0
sh41e27h,29,fqqqffen,2,presurvey,AudioCheck,1760735538,1,0,0
sh41e27h,26,hjkdu3rn,3,presurvey,Demographics,1760735540,1,0,0
sh41e27h,28,wkixoxmv,4,presurvey,NeighborhoodInstruction,1760735547,1,0,0
sh41e27h,29,fqqqffen,3,presurvey,Demographics,1760735547,1,0,0
sh41e27h,27,yfi5e2qe,6,presurvey,TrainingNeighbor_1,1760735548,1,0,0
sh41e27h,30,actvs5hb,0,,InitializeParticipant,1760735553,1,0,0
sh41e27h,14,tly6b0vv,20,mock,Phase3,1760735557,1,1,0
sh41e27h,29,fqqqffen,4,presurvey,NeighborhoodInstruction,1760735565,1,0,0
sh41e27h,27,yfi5e2qe,10,presurvey,ExperimentInstruction,1760735565,1,0,0
sh41e27h,14,tly6b0vv,21,mock,Discussion,1760735570,1,0,0
sh41e27h,14,tly6b0vv,27,mock,DiscussionGRPWaitPage,1760735570,2,0,1
sh41e27h,10,gq259bfp,27,mock,DiscussionGRPWaitPage,1760735570,2,0,1
sh41e27h,4,r4sjc9gp,27,mock,DiscussionGRPWaitPage,1760735570,2,0,1
sh41e27h,19,knzgifvm,27,mock,DiscussionGRPWaitPage,1760735570,2,0,1
sh41e27h,10,gq259bfp,32,mock,Discussion,1760735578,2,0,0
sh41e27h,4,r4sjc9gp,32,mock,Discussion,1760735579,2,0,0
sh41e27h,28,wkixoxmv,5,presurvey,Training,1760735580,1,0,0
sh41e27h,14,tly6b0vv,32,mock,Discussion,1760735581,2,0,0
sh41e27h,19,knzgifvm,32,mock,Discussion,1760735582,2,0,0
sh41e27h,14,tly6b0vv,38,mock,DiscussionGRPWaitPage,1760735582,3,0,1
sh41e27h,10,gq259bfp,38,mock,DiscussionGRPWaitPage,1760735582,3,0,1
sh41e27h,4,r4sjc9gp,38,mock,DiscussionGRPWaitPage,1760735582,3,0,1
sh41e27h,19,knzgifvm,38,mock,DiscussionGRPWaitPage,1760735582,3,0,1
sh41e27h,4,r4sjc9gp,43,mock,Discussion,1760735586,3,0,0
sh41e27h,21,bi3ol81c,5,presurvey,Training,1760735589,1,0,0
sh41e27h,10,gq259bfp,43,mock,Discussion,1760735590,3,0,0
sh41e27h,29,fqqqffen,5,presurvey,Training,1760735590,1,0,0
sh41e27h,14,tly6b0vv,43,mock,Discussion,1760735591,3,0,0
sh41e27h,19,knzgifvm,43,mock,Discussion,1760735596,3,0,0
sh41e27h,14,tly6b0vv,49,mock,DiscussionGRPWaitPage,1760735597,4,0,1
sh41e27h,10,gq259bfp,49,mock,DiscussionGRPWaitPage,1760735597,4,0,1
sh41e27h,4,r4sjc9gp,49,mock,DiscussionGRPWaitPage,1760735597,4,0,1
sh41e27h,19,knzgifvm,49,mock,DiscussionGRPWaitPage,1760735597,4,0,1
sh41e27h,28,wkixoxmv,6,presurvey,TrainingNeighbor_1,1760735601,1,0,0
sh41e27h,10,gq259bfp,54,mock,Discussion,1760735601,4,0,0
sh41e27h,4,r4sjc9gp,54,mock,Discussion,1760735601,4,0,0
sh41e27h,27,yfi5e2qe,11,presurvey,Scenario,1760735602,1,0,0
sh41e27h,28,wkixoxmv,10,presurvey,ExperimentInstruction,1760735604,1,0,0
sh41e27h,14,tly6b0vv,54,mock,Discussion,1760735604,4,0,0
sh41e27h,19,knzgifvm,54,mock,Discussion,1760735607,4,0,0
sh41e27h,14,tly6b0vv,60,mock,DiscussionGRPWaitPage,1760735607,5,0,1
sh41e27h,10,gq259bfp,60,mock,DiscussionGRPWaitPage,1760735607,5,0,1
sh41e27h,4,r4sjc9gp,60,mock,DiscussionGRPWaitPage,1760735607,5,0,1
sh41e27h,19,knzgifvm,60,mock,DiscussionGRPWaitPage,1760735607,5,0,1
sh41e27h,31,dzrog691,0,,InitializeParticipant,1760735610,1,0,0
sh41e27h,10,gq259bfp,65,mock,Discussion,1760735612,5,0,0
sh41e27h,4,r4sjc9gp,65,mock,Discussion,1760735612,5,0,0
sh41e27h,14,tly6b0vv,65,mock,Discussion,1760735613,5,0,0
sh41e27h,19,knzgifvm,65,mock,Discussion,1760735614,5,0,0
sh41e27h,14,tly6b0vv,71,mock,DiscussionGRPWaitPage,1760735615,6,0,1
sh41e27h,10,gq259bfp,71,mock,DiscussionGRPWaitPage,1760735615,6,0,1
sh41e27h,4,r4sjc9gp,71,mock,DiscussionGRPWaitPage,1760735615,6,0,1
sh41e27h,19,knzgifvm,71,mock,DiscussionGRPWaitPage,1760735615,6,0,1
sh41e27h,29,fqqqffen,6,presurvey,TrainingNeighbor_1,1760735616,1,0,0
sh41e27h,10,gq259bfp,76,mock,Discussion,1760735619,6,0,0
sh41e27h,14,tly6b0vv,76,mock,Discussion,1760735619,6,0,0
sh41e27h,4,r4sjc9gp,76,mock,Discussion,1760735621,6,0,0
sh41e27h,29,fqqqffen,10,presurvey,ExperimentInstruction,1760735622,1,0,0
sh41e27h,19,knzgifvm,76,mock,Discussion,1760735624,6,0,0
sh41e27h,14,tly6b0vv,82,mock,DiscussionGRPWaitPage,1760735624,7,0,1
sh41e27h,10,gq259bfp,82,mock,DiscussionGRPWaitPage,1760735624,7,0,1
sh41e27h,4,r4sjc9gp,82,mock,DiscussionGRPWaitPage,1760735624,7,0,1
sh41e27h,19,knzgifvm,82,mock,DiscussionGRPWaitPage,1760735624,7,0,1
sh41e27h,19,knzgifvm,87,mock,Discussion,1760735628,7,0,0
sh41e27h,14,tly6b0vv,87,mock,Discussion,1760735628,7,0,0
sh41e27h,10,gq259bfp,87,mock,Discussion,1760735629,7,0,0
sh41e27h,4,r4sjc9gp,87,mock,Discussion,1760735629,7,0,0
sh41e27h,14,tly6b0vv,93,mock,DiscussionGRPWaitPage,1760735629,8,0,1
sh41e27h,10,gq259bfp,93,mock,DiscussionGRPWaitPage,1760735629,8,0,1
sh41e27h,4,r4sjc9gp,93,mock,DiscussionGRPWaitPage,1760735629,8,0,1
sh41e27h,19,knzgifvm,93,mock,DiscussionGRPWaitPage,1760735629,8,0,1
sh41e27h,32,l501yc2h,0,,InitializeParticipant,1760735631,1,0,0
sh41e27h,10,gq259bfp,98,mock,Discussion,1760735634,8,0,0
sh41e27h,14,tly6b0vv,98,mock,Discussion,1760735634,8,0,0
sh41e27h,19,knzgifvm,98,mock,Discussion,1760735639,8,0,0
sh41e27h,4,r4sjc9gp,98,mock,Discussion,1760735645,8,0,0
sh41e27h,14,tly6b0vv,104,mock,DiscussionGRPWaitPage,1760735646,9,0,1
sh41e27h,10,gq259bfp,104,mock,DiscussionGRPWaitPage,1760735646,9,0,1
sh41e27h,4,r4sjc9gp,104,mock,DiscussionGRPWaitPage,1760735646,9,0,1
sh41e27h,19,knzgifvm,104,mock,DiscussionGRPWaitPage,1760735646,9,0,1
sh41e27h,29,fqqqffen,11,presurvey,Scenario,1760735648,1,0,0
sh41e27h,28,wkixoxmv,11,presurvey,Scenario,1760735650,1,0,0
sh41e27h,32,l501yc2h,1,presurvey,Introduction,1760735650,1,0,0
sh41e27h,4,r4sjc9gp,109,mock,Discussion,1760735650,9,0,0
sh41e27h,14,tly6b0vv,109,mock,Discussion,1760735650,9,0,0
sh41e27h,26,hjkdu3rn,4,presurvey,NeighborhoodInstruction,1760735651,1,0,0
sh41e27h,10,gq259bfp,109,mock,Discussion,1760735651,9,0,0
sh41e27h,19,knzgifvm,109,mock,Discussion,1760735652,9,0,0
sh41e27h,10,gq259bfp,115,mock,DiscussionGRPWaitPage,1760735653,10,0,1
sh41e27h,4,r4sjc9gp,115,mock,DiscussionGRPWaitPage,1760735653,10,0,1
sh41e27h,19,knzgifvm,115,mock,DiscussionGRPWaitPage,1760735653,10,0,1
sh41e27h,14,tly6b0vv,115,mock,DiscussionGRPWaitPage,1760735653,10,0,1
sh41e27h,4,r4sjc9gp,120,mock,Discussion,1760735655,10,0,0
sh41e27h,14,tly6b0vv,120,mock,Discussion,1760735656,10,0,0
sh41e27h,31,dzrog691,1,presurvey,Introduction,1760735657,1,0,0
sh41e27h,10,gq259bfp,120,mock,Discussion,1760735657,10,0,0
sh41e27h,19,knzgifvm,120,mock,Discussion,1760735660,10,0,0
sh41e27h,14,tly6b0vv,126,mock,DiscussionGRPWaitPage,1760735660,11,0,1
sh41e27h,10,gq259bfp,126,mock,DiscussionGRPWaitPage,1760735660,11,0,1
sh41e27h,4,r4sjc9gp,126,mock,DiscussionGRPWaitPage,1760735660,11,0,1
sh41e27h,19,knzgifvm,126,mock,DiscussionGRPWaitPage,1760735660,11,0,1
sh41e27h,4,r4sjc9gp,131,mock,Discussion,1760735664,11,0,0
sh41e27h,14,tly6b0vv,131,mock,Discussion,1760735664,11,0,0
sh41e27h,10,gq259bfp,131,mock,Discussion,1760735665,11,0,0
sh41e27h,30,actvs5hb,1,presurvey,Introduction,1760735666,1,0,0
sh41e27h,28,wkixoxmv,12,presurvey,Commitment,1760735667,1,0,0
sh41e27h,19,knzgifvm,131,mock,Discussion,1760735667,11,0,0
sh41e27h,19,knzgifvm,137,mock,DiscussionGRPWaitPage,1760735667,12,0,1
sh41e27h,4,r4sjc9gp,137,mock,DiscussionGRPWaitPage,1760735667,12,0,1
sh41e27h,14,tly6b0vv,137,mock,DiscussionGRPWaitPage,1760735667,12,0,1
sh41e27h,10,gq259bfp,137,mock,DiscussionGRPWaitPage,1760735667,12,0,1
sh41e27h,4,r4sjc9gp,142,mock,Discussion,1760735671,12,0,0
sh41e27h,14,tly6b0vv,142,mock,Discussion,1760735671,12,0,0
sh41e27h,21,bi3ol81c,6,presurvey,TrainingNeighbor_1,1760735672,1,0,0
sh41e27h,19,knzgifvm,142,mock,Discussion,1760735672,12,0,0
sh41e27h,10,gq259bfp,142,mock,Discussion,1760735673,12,0,0
sh41e27h,14,tly6b0vv,148,mock,DiscussionGRPWaitPage,1760735673,13,0,1
sh41e27h,10,gq259bfp,148,mock,DiscussionGRPWaitPage,1760735673,13,0,1
sh41e27h,4,r4sjc9gp,148,mock,DiscussionGRPWaitPage,1760735673,13,0,1
sh41e27h,19,knzgifvm,148,mock,DiscussionGRPWaitPage,1760735673,13,0,1
sh41e27h,14,tly6b0vv,153,mock,Discussion,1760735677,13,0,0
sh41e27h,4,r4sjc9gp,153,mock,Discussion,1760735677,13,0,0
sh41e27h,10,gq259bfp,153,mock,Discussion,1760735678,13,0,0
sh41e27h,19,knzgifvm,153,mock,Discussion,1760735679,13,0,0
sh41e27h,14,tly6b0vv,159,mock,DiscussionGRPWaitPage,1760735680,14,0,1
sh41e27h,10,gq259bfp,159,mock,DiscussionGRPWaitPage,1760735680,14,0,1
sh41e27h,4,r4sjc9gp,159,mock,DiscussionGRPWaitPage,1760735680,14,0,1
sh41e27h,19,knzgifvm,159,mock,DiscussionGRPWaitPage,1760735680,14,0,1
sh41e27h,21,bi3ol81c,7,presurvey,TrainingNeighbor_2,1760735681,1,0,0
sh41e27h,31,dzrog691,2,presurvey,AudioCheck,1760735683,1,0,0
sh41e27h,4,r4sjc9gp,164,mock,Discussion,1760735683,14,0,0
sh41e27h,14,tly6b0vv,164,mock,Discussion,1760735683,14,0,0
sh41e27h,10,gq259bfp,164,mock,Discussion,1760735684,14,0,0
sh41e27h,19,knzgifvm,164,mock,Discussion,1760735685,14,0,0
sh41e27h,14,tly6b0vv,170,mock,DiscussionGRPWaitPage,1760735685,15,0,1
sh41e27h,10,gq259bfp,170,mock,DiscussionGRPWaitPage,1760735685,15,0,1
sh41e27h,4,r4sjc9gp,170,mock,DiscussionGRPWaitPage,1760735685,15,0,1
sh41e27h,19,knzgifvm,170,mock,DiscussionGRPWaitPage,1760735685,15,0,1
sh41e27h,4,r4sjc9gp,175,mock,Discussion,1760735688,15,0,0
sh41e27h,14,tly6b0vv,175,mock,Discussion,1760735688,15,0,0
sh41e27h,32,l501yc2h,2,presurvey,AudioCheck,1760735689,1,0,0
sh41e27h,10,gq259bfp,175,mock,Discussion,1760735689,15,0,0
sh41e27h,27,yfi5e2qe,12,presurvey,Commitment,1760735689,1,0,0
sh41e27h,19,knzgifvm,175,mock,Discussion,1760735690,15,0,0
sh41e27h,14,tly6b0vv,181,mock,DiscussionGRPWaitPage,1760735690,16,0,1
sh41e27h,10,gq259bfp,181,mock,DiscussionGRPWaitPage,1760735690,16,0,1
sh41e27h,4,r4sjc9gp,181,mock,DiscussionGRPWaitPage,1760735690,16,0,1
sh41e27h,19,knzgifvm,181,mock,DiscussionGRPWaitPage,1760735690,16,0,1
sh41e27h,21,bi3ol81c,8,presurvey,AttentionCheck,1760735693,1,0,0
sh41e27h,14,tly6b0vv,186,mock,Discussion,1760735694,16,0,0
sh41e27h,10,gq259bfp,186,mock,Discussion,1760735694,16,0,0
sh41e27h,31,dzrog691,3,presurvey,Demographics,1760735694,1,0,0
sh41e27h,19,knzgifvm,186,mock,Discussion,1760735695,16,0,0
sh41e27h,32,l501yc2h,3,presurvey,Demographics,1760735707,1,0,0
sh41e27h,30,actvs5hb,2,presurvey,AudioCheck,1760735716,1,0,0
sh41e27h,26,hjkdu3rn,5,presurvey,Training,1760735717,1,0,0
sh41e27h,21,bi3ol81c,9,presurvey,TrainingNeighbor_3,1760735720,1,0,0
sh41e27h,4,r4sjc9gp,186,mock,Discussion,1760735722,16,0,0
sh41e27h,31,dzrog691,4,presurvey,NeighborhoodInstruction,1760735722,1,0,0
sh41e27h,19,knzgifvm,192,mock,DiscussionGRPWaitPage,1760735722,17,0,1
sh41e27h,14,tly6b0vv,192,mock,DiscussionGRPWaitPage,1760735722,17,0,1
sh41e27h,10,gq259bfp,192,mock,DiscussionGRPWaitPage,1760735722,17,0,1
sh41e27h,4,r4sjc9gp,192,mock,DiscussionGRPWaitPage,1760735722,17,0,1
sh41e27h,4,r4sjc9gp,197,mock,Discussion,1760735725,17,0,0
sh41e27h,14,tly6b0vv,197,mock,Discussion,1760735725,17,0,0
sh41e27h,10,gq259bfp,197,mock,Discussion,1760735727,17,0,0
sh41e27h,19,knzgifvm,197,mock,Discussion,1760735729,17,0,0
sh41e27h,14,tly6b0vv,203,mock,DiscussionGRPWaitPage,1760735729,18,0,1
sh41e27h,10,gq259bfp,203,mock,DiscussionGRPWaitPage,1760735729,18,0,1
sh41e27h,4,r4sjc9gp,203,mock,DiscussionGRPWaitPage,1760735729,18,0,1
sh41e27h,19,knzgifvm,203,mock,DiscussionGRPWaitPage,1760735729,18,0,1
sh41e27h,4,r4sjc9gp,208,mock,Discussion,1760735731,18,0,0
sh41e27h,14,tly6b0vv,208,mock,Discussion,1760735732,18,0,0
sh41e27h,33,k43up3ve,0,,InitializeParticipant,1760735733,1,0,0
sh41e27h,10,gq259bfp,208,mock,Discussion,1760735733,18,0,0
sh41e27h,19,knzgifvm,208,mock,Discussion,1760735734,18,0,0
sh41e27h,14,tly6b0vv,214,mock,DiscussionGRPWaitPage,1760735734,19,0,1
sh41e27h,10,gq259bfp,214,mock,DiscussionGRPWaitPage,1760735734,19,0,1
sh41e27h,4,r4sjc9gp,214,mock,DiscussionGRPWaitPage,1760735734,19,0,1
sh41e27h,19,knzgifvm,214,mock,DiscussionGRPWaitPage,1760735734,19,0,1
sh41e27h,4,r4sjc9gp,219,mock,Discussion,1760735736,19,0,0
sh41e27h,30,actvs5hb,3,presurvey,Demographics,1760735737,1,0,0
sh41e27h,14,tly6b0vv,219,mock,Discussion,1760735737,19,0,0
sh41e27h,10,gq259bfp,219,mock,Discussion,1760735738,19,0,0
sh41e27h,19,knzgifvm,219,mock,Discussion,1760735738,19,0,0
sh41e27h,14,tly6b0vv,225,mock,DiscussionGRPWaitPage,1760735739,20,0,1
sh41e27h,10,gq259bfp,225,mock,DiscussionGRPWaitPage,1760735739,20,0,1
sh41e27h,4,r4sjc9gp,225,mock,DiscussionGRPWaitPage,1760735739,20,0,1
sh41e27h,19,knzgifvm,225,mock,DiscussionGRPWaitPage,1760735739,20,0,1
sh41e27h,4,r4sjc9gp,230,mock,Discussion,1760735741,20,0,0
sh41e27h,14,tly6b0vv,230,mock,Discussion,1760735742,20,0,0
sh41e27h,10,gq259bfp,230,mock,Discussion,1760735743,20,0,0
sh41e27h,19,knzgifvm,230,mock,Discussion,1760735743,20,0,0
sh41e27h,32,l501yc2h,4,presurvey,NeighborhoodInstruction,1760735744,1,0,0
sh41e27h,10,gq259bfp,231,mock,FinalRoundWaitPage,1760735744,20,0,1
sh41e27h,19,knzgifvm,231,mock,FinalRoundWaitPage,1760735744,20,0,1
sh41e27h,4,r4sjc9gp,231,mock,FinalRoundWaitPage,1760735744,20,0,1
sh41e27h,14,tly6b0vv,231,mock,FinalRoundWaitPage,1760735744,20,0,1
sh41e27h,34,cxonukh5,0,,InitializeParticipant,1760735745,1,0,0
sh41e27h,34,cxonukh5,1,presurvey,Introduction,1760735748,1,0,0
sh41e27h,33,k43up3ve,1,presurvey,Introduction,1760735750,1,0,0
sh41e27h,14,tly6b0vv,232,mock,FinalRound,1760735751,20,0,0
sh41e27h,19,knzgifvm,232,mock,FinalRound,1760735752,20,0,0
sh41e27h,10,gq259bfp,232,mock,FinalRound,1760735752,20,0,0
sh41e27h,26,hjkdu3rn,6,presurvey,TrainingNeighbor_1,1760735752,1,0,0
sh41e27h,31,dzrog691,5,presurvey,Training,1760735763,1,0,0
sh41e27h,4,r4sjc9gp,232,mock,FinalRound,1760735763,20,0,0
sh41e27h,34,cxonukh5,2,presurvey,AudioCheck,1760735765,1,0,0
sh41e27h,26,hjkdu3rn,7,presurvey,TrainingNeighbor_2,1760735769,1,0,0
sh41e27h,33,k43up3ve,2,presurvey,AudioCheck,1760735769,1,0,0
sh41e27h,34,cxonukh5,3,presurvey,Demographics,1760735774,1,0,0
sh41e27h,33,k43up3ve,3,presurvey,Demographics,1760735780,1,0,0
sh41e27h,26,hjkdu3rn,8,presurvey,AttentionCheck,1760735782,1,0,0
sh41e27h,34,cxonukh5,4,presurvey,NeighborhoodInstruction,1760735785,1,0,0
sh41e27h,30,actvs5hb,4,presurvey,NeighborhoodInstruction,1760735787,1,0,0
sh41e27h,34,cxonukh5,5,presurvey,Training,1760735797,1,0,0
sh41e27h,33,k43up3ve,4,presurvey,NeighborhoodInstruction,1760735799,1,0,0
sh41e27h,34,cxonukh5,6,presurvey,TrainingNeighbor_1,1760735820,1,0,0
sh41e27h,31,dzrog691,6,presurvey,TrainingNeighbor_1,1760735821,1,0,0
sh41e27h,34,cxonukh5,10,presurvey,ExperimentInstruction,1760735825,1,0,0
sh41e27h,33,k43up3ve,5,presurvey,Training,1760735833,1,0,0
sh41e27h,26,hjkdu3rn,9,presurvey,TrainingNeighbor_3,1760735834,1,0,0
sh41e27h,32,l501yc2h,5,presurvey,Training,1760735835,1,0,0
sh41e27h,31,dzrog691,10,presurvey,ExperimentInstruction,1760735837,1,0,0
sh41e27h,34,cxonukh5,11,presurvey,Scenario,1760735850,1,0,0
sh41e27h,26,hjkdu3rn,10,presurvey,ExperimentInstruction,1760735853,1,0,0
sh41e27h,33,k43up3ve,6,presurvey,TrainingNeighbor_1,1760735861,1,0,0
sh41e27h,30,actvs5hb,5,presurvey,Training,1760735865,1,0,0
sh41e27h,33,k43up3ve,10,presurvey,ExperimentInstruction,1760735865,1,0,0
sh41e27h,31,dzrog691,11,presurvey,Scenario,1760735870,1,0,0
sh41e27h,34,cxonukh5,12,presurvey,Commitment,1760735871,1,0,0
sh41e27h,33,k43up3ve,11,presurvey,Scenario,1760735889,1,0,0
sh41e27h,32,l501yc2h,6,presurvey,TrainingNeighbor_1,1760735912,1,0,0
sh41e27h,26,hjkdu3rn,11,presurvey,Scenario,1760735915,1,0,0
sh41e27h,31,dzrog691,12,presurvey,Commitment,1760735917,1,0,0
sh41e27h,27,yfi5e2qe,13,mock,GroupingWaitPage,1760735918,1,0,1
sh41e27h,28,wkixoxmv,13,mock,GroupingWaitPage,1760735918,1,0,1
sh41e27h,31,dzrog691,13,mock,GroupingWaitPage,1760735918,1,0,1
sh41e27h,34,cxonukh5,13,mock,GroupingWaitPage,1760735918,1,0,1
sh41e27h,27,yfi5e2qe,14,mock,GroupSizeWaitPage,1760735918,1,0,1
sh41e27h,28,wkixoxmv,14,mock,GroupSizeWaitPage,1760735918,1,0,1
sh41e27h,31,dzrog691,14,mock,GroupSizeWaitPage,1760735918,1,0,1
sh41e27h,34,cxonukh5,14,mock,GroupSizeWaitPage,1760735918,1,0,1
sh41e27h,34,cxonukh5,16,mock,DiscussionGRPWaitPage,1760735918,1,0,1
sh41e27h,28,wkixoxmv,16,mock,DiscussionGRPWaitPage,1760735918,1,0,1
sh41e27h,31,dzrog691,16,mock,DiscussionGRPWaitPage,1760735918,1,0,1
sh41e27h,27,yfi5e2qe,16,mock,DiscussionGRPWaitPage,1760735918,1,0,1
sh41e27h,33,k43up3ve,12,presurvey,Commitment,1760735927,1,0,0
sh41e27h,34,cxonukh5,17,mock,Nudge,1760735929,1,0,0
sh41e27h,34,cxonukh5,18,mock,NudgeTraining,1760735934,1,0,0
sh41e27h,28,wkixoxmv,17,mock,Nudge,1760735935,1,0,0
sh41e27h,31,dzrog691,17,mock,Nudge,1760735935,1,0,0
sh41e27h,34,cxonukh5,19,mock,NudgeTrainingLast,1760735943,1,0,0
sh41e27h,27,yfi5e2qe,17,mock,Nudge,1760735943,1,0,0
sh41e27h,30,actvs5hb,6,presurvey,TrainingNeighbor_1,1760735947,1,0,0
sh41e27h,34,cxonukh5,20,mock,Phase3,1760735950,1,0,0
sh41e27h,28,wkixoxmv,18,mock,NudgeTraining,1760735951,1,0,0
sh41e27h,31,dzrog691,18,mock,NudgeTraining,1760735951,1,0,0
sh41e27h,34,cxonukh5,21,mock,Discussion,1760735954,1,0,0
sh41e27h,28,wkixoxmv,19,mock,NudgeTrainingLast,1760735957,1,0,0
sh41e27h,27,yfi5e2qe,18,mock,NudgeTraining,1760735958,1,0,0
sh41e27h,26,hjkdu3rn,12,presurvey,Commitment,1760735963,1,0,0
sh41e27h,28,wkixoxmv,20,mock,Phase3,1760735970,1,0,0
sh41e27h,28,wkixoxmv,21,mock,Discussion,1760735979,1,0,0
sh41e27h,27,yfi5e2qe,19,mock,NudgeTrainingLast,1760735979,1,0,0
sh41e27h,30,actvs5hb,10,presurvey,ExperimentInstruction,1760735990,1,0,0
sh41e27h,32,l501yc2h,7,presurvey,TrainingNeighbor_2,1760735994,1,0,0
sh41e27h,27,yfi5e2qe,20,mock,Phase3,1760735995,1,0,0
sh41e27h,32,l501yc2h,8,presurvey,AttentionCheck,1760736013,1,0,0
sh41e27h,35,8ilvqs8y,0,,InitializeParticipant,1760736016,1,0,0
sh41e27h,27,yfi5e2qe,21,mock,Discussion,1760736020,1,0,0
sh41e27h,31,dzrog691,19,mock,NudgeTrainingLast,1760736042,1,1,0
sh41e27h,36,4vm6tphc,0,,InitializeParticipant,1760736046,1,0,0
sh41e27h,35,8ilvqs8y,1,presurvey,Introduction,1760736049,1,0,0
sh41e27h,30,actvs5hb,11,presurvey,Scenario,1760736059,1,0,0
sh41e27h,32,l501yc2h,9,presurvey,TrainingNeighbor_3,1760736062,1,0,0
sh41e27h,31,dzrog691,20,mock,Phase3,1760736073,1,0,0
sh41e27h,35,8ilvqs8y,2,presurvey,AudioCheck,1760736076,1,0,0
sh41e27h,31,dzrog691,21,mock,Discussion,1760736084,1,0,0
sh41e27h,34,cxonukh5,27,mock,DiscussionGRPWaitPage,1760736084,2,0,1
sh41e27h,28,wkixoxmv,27,mock,DiscussionGRPWaitPage,1760736084,2,0,1
sh41e27h,31,dzrog691,27,mock,DiscussionGRPWaitPage,1760736084,2,0,1
sh41e27h,27,yfi5e2qe,27,mock,DiscussionGRPWaitPage,1760736084,2,0,1
sh41e27h,37,w7imlhtj,0,,InitializeParticipant,1760736087,1,0,0
sh41e27h,36,4vm6tphc,1,presurvey,Introduction,1760736090,1,0,0
sh41e27h,35,8ilvqs8y,3,presurvey,Demographics,1760736092,1,0,0
sh41e27h,28,wkixoxmv,32,mock,Discussion,1760736092,2,0,0
sh41e27h,31,dzrog691,32,mock,Discussion,1760736093,2,0,0
sh41e27h,37,w7imlhtj,1,presurvey,Introduction,1760736096,1,0,0
sh41e27h,34,cxonukh5,32,mock,Discussion,1760736099,2,0,0
sh41e27h,38,1a4ylxgd,0,,InitializeParticipant,1760736103,1,0,0
sh41e27h,37,w7imlhtj,2,presurvey,AudioCheck,1760736108,1,0,0
sh41e27h,38,1a4ylxgd,1,presurvey,Introduction,1760736114,1,0,0
sh41e27h,37,w7imlhtj,3,presurvey,Demographics,1760736117,1,0,0
sh41e27h,27,yfi5e2qe,32,mock,Discussion,1760736118,2,0,0
sh41e27h,34,cxonukh5,38,mock,DiscussionGRPWaitPage,1760736118,3,0,1
sh41e27h,28,wkixoxmv,38,mock,DiscussionGRPWaitPage,1760736118,3,0,1
sh41e27h,31,dzrog691,38,mock,DiscussionGRPWaitPage,1760736118,3,0,1
sh41e27h,27,yfi5e2qe,38,mock,DiscussionGRPWaitPage,1760736118,3,0,1
sh41e27h,34,cxonukh5,43,mock,Discussion,1760736124,3,0,0
sh41e27h,37,w7imlhtj,4,presurvey,NeighborhoodInstruction,1760736126,1,0,0
sh41e27h,27,yfi5e2qe,43,mock,Discussion,1760736128,3,0,0
sh41e27h,36,4vm6tphc,2,presurvey,AudioCheck,1760736129,1,0,0
sh41e27h,38,1a4ylxgd,2,presurvey,AudioCheck,1760736132,1,0,0
sh41e27h,31,dzrog691,43,mock,Discussion,1760736133,3,0,0
sh41e27h,37,w7imlhtj,5,presurvey,Training,1760736138,1,0,0
sh41e27h,35,8ilvqs8y,4,presurvey,NeighborhoodInstruction,1760736138,1,0,0
sh41e27h,28,wkixoxmv,43,mock,Discussion,1760736143,3,0,0
sh41e27h,34,cxonukh5,49,mock,DiscussionGRPWaitPage,1760736143,4,0,1
sh41e27h,28,wkixoxmv,49,mock,DiscussionGRPWaitPage,1760736143,4,0,1
sh41e27h,31,dzrog691,49,mock,DiscussionGRPWaitPage,1760736143,4,0,1
sh41e27h,27,yfi5e2qe,49,mock,DiscussionGRPWaitPage,1760736143,4,0,1
sh41e27h,38,1a4ylxgd,3,presurvey,Demographics,1760736147,1,0,0
sh41e27h,28,wkixoxmv,54,mock,Discussion,1760736147,4,0,0
sh41e27h,31,dzrog691,54,mock,Discussion,1760736149,4,0,0
sh41e27h,36,4vm6tphc,3,presurvey,Demographics,1760736150,1,0,0
sh41e27h,37,w7imlhtj,6,presurvey,TrainingNeighbor_1,1760736151,1,0,0
sh41e27h,27,yfi5e2qe,54,mock,Discussion,1760736151,4,0,0
sh41e27h,34,cxonukh5,54,mock,Discussion,1760736152,4,0,0
sh41e27h,34,cxonukh5,60,mock,DiscussionGRPWaitPage,1760736152,5,0,1
sh41e27h,28,wkixoxmv,60,mock,DiscussionGRPWaitPage,1760736152,5,0,1
sh41e27h,31,dzrog691,60,mock,DiscussionGRPWaitPage,1760736152,5,0,1
sh41e27h,27,yfi5e2qe,60,mock,DiscussionGRPWaitPage,1760736152,5,0,1
sh41e27h,34,cxonukh5,65,mock,Discussion,1760736155,5,0,0
sh41e27h,37,w7imlhtj,7,presurvey,TrainingNeighbor_2,1760736156,1,0,0
sh41e27h,27,yfi5e2qe,65,mock,Discussion,1760736158,5,0,0
sh41e27h,31,dzrog691,65,mock,Discussion,1760736163,5,0,0
sh41e27h,28,wkixoxmv,65,mock,Discussion,1760736170,5,0,0
sh41e27h,34,cxonukh5,71,mock,DiscussionGRPWaitPage,1760736170,6,0,1
sh41e27h,28,wkixoxmv,71,mock,DiscussionGRPWaitPage,1760736170,6,0,1
sh41e27h,31,dzrog691,71,mock,DiscussionGRPWaitPage,1760736170,6,0,1
sh41e27h,27,yfi5e2qe,71,mock,DiscussionGRPWaitPage,1760736170,6,0,1
sh41e27h,37,w7imlhtj,8,presurvey,AttentionCheck,1760736170,1,0,0
sh41e27h,36,4vm6tphc,4,presurvey,NeighborhoodInstruction,1760736173,1,0,0
sh41e27h,31,dzrog691,76,mock,Discussion,1760736173,6,0,0
sh41e27h,28,wkixoxmv,76,mock,Discussion,1760736175,6,0,0
sh41e27h,35,8ilvqs8y,5,presurvey,Training,1760736176,1,0,0
sh41e27h,34,cxonukh5,76,mock,Discussion,1760736176,6,0,0
sh41e27h,27,yfi5e2qe,76,mock,Discussion,1760736177,6,0,0
sh41e27h,34,cxonukh5,82,mock,DiscussionGRPWaitPage,1760736177,7,0,1
sh41e27h,28,wkixoxmv,82,mock,DiscussionGRPWaitPage,1760736177,7,0,1
sh41e27h,31,dzrog691,82,mock,DiscussionGRPWaitPage,1760736177,7,0,1
sh41e27h,27,yfi5e2qe,82,mock,DiscussionGRPWaitPage,1760736177,7,0,1
sh41e27h,37,w7imlhtj,9,presurvey,TrainingNeighbor_3,1760736180,1,0,0
sh41e27h,28,wkixoxmv,87,mock,Discussion,1760736182,7,0,0
sh41e27h,31,dzrog691,87,mock,Discussion,1760736182,7,0,0
sh41e27h,38,1a4ylxgd,4,presurvey,NeighborhoodInstruction,1760736182,1,0,0
sh41e27h,34,cxonukh5,87,mock,Discussion,1760736183,7,0,0
sh41e27h,27,yfi5e2qe,87,mock,Discussion,1760736183,7,0,0
sh41e27h,34,cxonukh5,93,mock,DiscussionGRPWaitPage,1760736183,8,0,1
sh41e27h,28,wkixoxmv,93,mock,DiscussionGRPWaitPage,1760736183,8,0,1
sh41e27h,31,dzrog691,93,mock,DiscussionGRPWaitPage,1760736183,8,0,1
sh41e27h,27,yfi5e2qe,93,mock,DiscussionGRPWaitPage,1760736183,8,0,1
sh41e27h,28,wkixoxmv,98,mock,Discussion,1760736186,8,0,0
sh41e27h,31,dzrog691,98,mock,Discussion,1760736186,8,0,0
sh41e27h,34,cxonukh5,98,mock,Discussion,1760736188,8,0,0
sh41e27h,27,yfi5e2qe,98,mock,Discussion,1760736189,8,0,0
sh41e27h,34,cxonukh5,104,mock,DiscussionGRPWaitPage,1760736189,9,0,1
sh41e27h,28,wkixoxmv,104,mock,DiscussionGRPWaitPage,1760736189,9,0,1
sh41e27h,31,dzrog691,104,mock,DiscussionGRPWaitPage,1760736189,9,0,1
sh41e27h,27,yfi5e2qe,104,mock,DiscussionGRPWaitPage,1760736189,9,0,1
sh41e27h,31,dzrog691,109,mock,Discussion,1760736191,9,0,0
sh41e27h,34,cxonukh5,109,mock,Discussion,1760736192,9,0,0
sh41e27h,28,wkixoxmv,109,mock,Discussion,1760736192,9,0,0
sh41e27h,27,yfi5e2qe,109,mock,Discussion,1760736195,9,0,0
sh41e27h,34,cxonukh5,115,mock,DiscussionGRPWaitPage,1760736196,10,0,1
sh41e27h,28,wkixoxmv,115,mock,DiscussionGRPWaitPage,1760736196,10,0,1
sh41e27h,31,dzrog691,115,mock,DiscussionGRPWaitPage,1760736196,10,0,1
sh41e27h,27,yfi5e2qe,115,mock,DiscussionGRPWaitPage,1760736196,10,0,1
sh41e27h,31,dzrog691,120,mock,Discussion,1760736197,10,0,0
sh41e27h,28,wkixoxmv,120,mock,Discussion,1760736198,10,0,0
sh41e27h,34,cxonukh5,120,mock,Discussion,1760736199,10,0,0
sh41e27h,27,yfi5e2qe,120,mock,Discussion,1760736201,10,0,0
sh41e27h,34,cxonukh5,126,mock,DiscussionGRPWaitPage,1760736201,11,0,1
sh41e27h,28,wkixoxmv,126,mock,DiscussionGRPWaitPage,1760736201,11,0,1
sh41e27h,31,dzrog691,126,mock,DiscussionGRPWaitPage,1760736201,11,0,1
sh41e27h,27,yfi5e2qe,126,mock,DiscussionGRPWaitPage,1760736201,11,0,1
sh41e27h,31,dzrog691,131,mock,Discussion,1760736203,11,0,0
sh41e27h,34,cxonukh5,131,mock,Discussion,1760736204,11,0,0
sh41e27h,28,wkixoxmv,131,mock,Discussion,1760736204,11,0,0
sh41e27h,27,yfi5e2qe,131,mock,Discussion,1760736207,11,0,0
sh41e27h,27,yfi5e2qe,137,mock,DiscussionGRPWaitPage,1760736207,12,0,1
sh41e27h,34,cxonukh5,137,mock,DiscussionGRPWaitPage,1760736207,12,0,1
sh41e27h,28,wkixoxmv,137,mock,DiscussionGRPWaitPage,1760736207,12,0,1
sh41e27h,31,dzrog691,137,mock,DiscussionGRPWaitPage,1760736207,12,0,1
sh41e27h,31,dzrog691,142,mock,Discussion,1760736209,12,0,0
sh41e27h,34,cxonukh5,142,mock,Discussion,1760736209,12,0,0
sh41e27h,28,wkixoxmv,142,mock,Discussion,1760736209,12,0,0
sh41e27h,27,yfi5e2qe,142,mock,Discussion,1760736212,12,0,0
sh41e27h,34,cxonukh5,148,mock,DiscussionGRPWaitPage,1760736213,13,0,1
sh41e27h,28,wkixoxmv,148,mock,DiscussionGRPWaitPage,1760736213,13,0,1
sh41e27h,27,yfi5e2qe,148,mock,DiscussionGRPWaitPage,1760736213,13,0,1
sh41e27h,31,dzrog691,148,mock,DiscussionGRPWaitPage,1760736213,13,0,1
sh41e27h,31,dzrog691,153,mock,Discussion,1760736214,13,0,0
sh41e27h,34,cxonukh5,153,mock,Discussion,1760736214,13,0,0
sh41e27h,28,wkixoxmv,153,mock,Discussion,1760736215,13,0,0
sh41e27h,38,1a4ylxgd,5,presurvey,Training,1760736217,1,0,0
sh41e27h,27,yfi5e2qe,153,mock,Discussion,1760736218,13,0,0
sh41e27h,34,cxonukh5,159,mock,DiscussionGRPWaitPage,1760736218,14,0,1
sh41e27h,28,wkixoxmv,159,mock,DiscussionGRPWaitPage,1760736218,14,0,1
sh41e27h,31,dzrog691,159,mock,DiscussionGRPWaitPage,1760736218,14,0,1
sh41e27h,27,yfi5e2qe,159,mock,DiscussionGRPWaitPage,1760736218,14,0,1
sh41e27h,34,cxonukh5,164,mock,Discussion,1760736220,14,0,0
sh41e27h,31,dzrog691,164,mock,Discussion,1760736220,14,0,0
sh41e27h,28,wkixoxmv,164,mock,Discussion,1760736220,14,0,0
sh41e27h,17,f9vjzmj4,13,mock,GroupingWaitPage,1760736228,1,0,1
sh41e27h,27,yfi5e2qe,164,mock,Discussion,1760736228,14,0,0
sh41e27h,34,cxonukh5,170,mock,DiscussionGRPWaitPage,1760736228,15,0,1
sh41e27h,28,wkixoxmv,170,mock,DiscussionGRPWaitPage,1760736228,15,0,1
sh41e27h,31,dzrog691,170,mock,DiscussionGRPWaitPage,1760736228,15,0,1
sh41e27h,27,yfi5e2qe,170,mock,DiscussionGRPWaitPage,1760736228,15,0,1
sh41e27h,17,f9vjzmj4,14,mock,GroupSizeWaitPage,1760736229,1,0,1
sh41e27h,36,4vm6tphc,5,presurvey,Training,1760736229,1,0,0
sh41e27h,31,dzrog691,175,mock,Discussion,1760736230,15,0,0
sh41e27h,34,cxonukh5,175,mock,Discussion,1760736230,15,0,0
sh41e27h,28,wkixoxmv,175,mock,Discussion,1760736231,15,0,0
sh41e27h,39,8mkm5wx7,0,,InitializeParticipant,1760736233,1,0,0
sh41e27h,17,f9vjzmj4,15,mock,AttentionCheck,1760736234,1,0,0
sh41e27h,27,yfi5e2qe,175,mock,Discussion,1760736235,15,0,0
sh41e27h,34,cxonukh5,181,mock,DiscussionGRPWaitPage,1760736236,16,0,1
sh41e27h,28,wkixoxmv,181,mock,DiscussionGRPWaitPage,1760736236,16,0,1
sh41e27h,31,dzrog691,181,mock,DiscussionGRPWaitPage,1760736236,16,0,1
sh41e27h,27,yfi5e2qe,181,mock,DiscussionGRPWaitPage,1760736236,16,0,1
sh41e27h,35,8ilvqs8y,6,presurvey,TrainingNeighbor_1,1760736236,1,0,0
sh41e27h,34,cxonukh5,186,mock,Discussion,1760736238,16,0,0
sh41e27h,31,dzrog691,186,mock,Discussion,1760736238,16,0,0
sh41e27h,28,wkixoxmv,186,mock,Discussion,1760736238,16,0,0
sh41e27h,39,8mkm5wx7,1,presurvey,Introduction,1760736241,1,0,0
sh41e27h,40,hzv7bu5u,0,,InitializeParticipant,1760736245,1,0,0
sh41e27h,27,yfi5e2qe,186,mock,Discussion,1760736247,16,0,0
sh41e27h,27,yfi5e2qe,192,mock,DiscussionGRPWaitPage,1760736247,17,0,1
sh41e27h,34,cxonukh5,192,mock,DiscussionGRPWaitPage,1760736247,17,0,1
sh41e27h,28,wkixoxmv,192,mock,DiscussionGRPWaitPage,1760736247,17,0,1
sh41e27h,31,dzrog691,192,mock,DiscussionGRPWaitPage,1760736247,17,0,1
sh41e27h,41,xbg2t7pq,0,,InitializeParticipant,1760736248,1,0,0
sh41e27h,31,dzrog691,197,mock,Discussion,1760736249,17,0,0
sh41e27h,28,wkixoxmv,197,mock,Discussion,1760736249,17,0,0
sh41e27h,34,cxonukh5,197,mock,Discussion,1760736250,17,0,0
sh41e27h,27,yfi5e2qe,197,mock,Discussion,1760736252,17,0,0
sh41e27h,34,cxonukh5,203,mock,DiscussionGRPWaitPage,1760736252,18,0,1
sh41e27h,28,wkixoxmv,203,mock,DiscussionGRPWaitPage,1760736252,18,0,1
sh41e27h,31,dzrog691,203,mock,DiscussionGRPWaitPage,1760736252,18,0,1
sh41e27h,27,yfi5e2qe,203,mock,DiscussionGRPWaitPage,1760736252,18,0,1
sh41e27h,38,1a4ylxgd,6,presurvey,TrainingNeighbor_1,1760736253,1,0,0
sh41e27h,35,8ilvqs8y,10,presurvey,ExperimentInstruction,1760736254,1,0,0
sh41e27h,34,cxonukh5,208,mock,Discussion,1760736255,18,0,0
sh41e27h,31,dzrog691,208,mock,Discussion,1760736255,18,0,0
sh41e27h,28,wkixoxmv,208,mock,Discussion,1760736255,18,0,0
sh41e27h,38,1a4ylxgd,7,presurvey,TrainingNeighbor_2,1760736257,1,0,0
sh41e27h,27,yfi5e2qe,208,mock,Discussion,1760736258,18,0,0
sh41e27h,34,cxonukh5,214,mock,DiscussionGRPWaitPage,1760736258,19,0,1
sh41e27h,28,wkixoxmv,214,mock,DiscussionGRPWaitPage,1760736258,19,0,1
sh41e27h,31,dzrog691,214,mock,DiscussionGRPWaitPage,1760736258,19,0,1
sh41e27h,27,yfi5e2qe,214,mock,DiscussionGRPWaitPage,1760736258,19,0,1
sh41e27h,31,dzrog691,219,mock,Discussion,1760736260,19,0,0
sh41e27h,34,cxonukh5,219,mock,Discussion,1760736260,19,0,0
sh41e27h,28,wkixoxmv,219,mock,Discussion,1760736261,19,0,0
sh41e27h,42,ax8nlpdv,0,,InitializeParticipant,1760736263,1,0,0
sh41e27h,27,yfi5e2qe,219,mock,Discussion,1760736263,19,0,0
sh41e27h,34,cxonukh5,225,mock,DiscussionGRPWaitPage,1760736263,20,0,1
sh41e27h,28,wkixoxmv,225,mock,DiscussionGRPWaitPage,1760736263,20,0,1
sh41e27h,31,dzrog691,225,mock,DiscussionGRPWaitPage,1760736263,20,0,1
sh41e27h,27,yfi5e2qe,225,mock,DiscussionGRPWaitPage,1760736263,20,0,1
sh41e27h,34,cxonukh5,230,mock,Discussion,1760736265,20,0,0
sh41e27h,28,wkixoxmv,230,mock,Discussion,1760736266,20,0,0
sh41e27h,31,dzrog691,230,mock,Discussion,1760736266,20,0,0
sh41e27h,38,1a4ylxgd,8,presurvey,AttentionCheck,1760736267,1,0,0
sh41e27h,27,yfi5e2qe,230,mock,Discussion,1760736271,20,0,0
sh41e27h,28,wkixoxmv,231,mock,FinalRoundWaitPage,1760736271,20,0,1
sh41e27h,34,cxonukh5,231,mock,FinalRoundWaitPage,1760736271,20,0,1
sh41e27h,31,dzrog691,231,mock,FinalRoundWaitPage,1760736271,20,0,1
sh41e27h,27,yfi5e2qe,231,mock,FinalRoundWaitPage,1760736271,20,0,1
sh41e27h,42,ax8nlpdv,1,presurvey,Introduction,1760736275,1,0,0
sh41e27h,34,cxonukh5,232,mock,FinalRound,1760736276,20,0,0
sh41e27h,36,4vm6tphc,6,presurvey,TrainingNeighbor_1,1760736277,1,0,0
sh41e27h,28,wkixoxmv,232,mock,FinalRound,1760736277,20,0,0
sh41e27h,38,1a4ylxgd,9,presurvey,TrainingNeighbor_3,1760736278,1,0,0
sh41e27h,31,dzrog691,232,mock,FinalRound,1760736280,20,0,0
sh41e27h,27,yfi5e2qe,232,mock,FinalRound,1760736281,20,0,0
sh41e27h,41,xbg2t7pq,1,presurvey,Introduction,1760736281,1,0,0
sh41e27h,39,8mkm5wx7,2,presurvey,AudioCheck,1760736289,1,0,0
sh41e27h,35,8ilvqs8y,11,presurvey,Scenario,1760736294,1,0,0
sh41e27h,42,ax8nlpdv,2,presurvey,AudioCheck,1760736299,1,0,0
sh41e27h,36,4vm6tphc,7,presurvey,TrainingNeighbor_2,1760736302,1,0,0
sh41e27h,39,8mkm5wx7,3,presurvey,Demographics,1760736308,1,0,0
sh41e27h,42,ax8nlpdv,3,presurvey,Demographics,1760736313,1,0,0
sh41e27h,40,hzv7bu5u,1,presurvey,Introduction,1760736313,1,0,0
sh41e27h,43,atf4gn5z,0,,InitializeParticipant,1760736317,1,0,0
sh41e27h,36,4vm6tphc,8,presurvey,AttentionCheck,1760736319,1,0,0
sh41e27h,42,ax8nlpdv,4,presurvey,NeighborhoodInstruction,1760736322,1,0,0
sh41e27h,39,8mkm5wx7,4,presurvey,NeighborhoodInstruction,1760736330,1,0,0
sh41e27h,36,4vm6tphc,9,presurvey,TrainingNeighbor_3,1760736339,1,0,0
sh41e27h,43,atf4gn5z,1,presurvey,Introduction,1760736344,1,0,0
sh41e27h,41,xbg2t7pq,2,presurvey,AudioCheck,1760736347,1,0,0
sh41e27h,44,wrgbys6q,0,,InitializeParticipant,1760736351,1,0,0
sh41e27h,42,ax8nlpdv,5,presurvey,Training,1760736355,1,0,0
sh41e27h,45,hd51vcjw,0,,InitializeParticipant,1760736357,1,0,0
sh41e27h,39,8mkm5wx7,5,presurvey,Training,1760736357,1,0,0
sh41e27h,44,wrgbys6q,1,presurvey,Introduction,1760736360,1,0,0
sh41e27h,45,hd51vcjw,1,presurvey,Introduction,1760736362,1,0,0
sh41e27h,43,atf4gn5z,2,presurvey,AudioCheck,1760736362,1,0,0
sh41e27h,41,xbg2t7pq,3,presurvey,Demographics,1760736369,1,0,0
sh41e27h,40,hzv7bu5u,2,presurvey,AudioCheck,1760736370,1,0,0
sh41e27h,45,hd51vcjw,2,presurvey,AudioCheck,1760736372,1,0,0
sh41e27h,43,atf4gn5z,3,presurvey,Demographics,1760736373,1,0,0
sh41e27h,46,8dxid0og,0,,InitializeParticipant,1760736379,1,0,0
sh41e27h,45,hd51vcjw,3,presurvey,Demographics,1760736380,1,0,0
sh41e27h,42,ax8nlpdv,6,presurvey,TrainingNeighbor_1,1760736383,1,0,0
sh41e27h,47,mfyvpey4,0,,InitializeParticipant,1760736389,1,0,0
sh41e27h,44,wrgbys6q,2,presurvey,AudioCheck,1760736394,1,0,0
sh41e27h,39,8mkm5wx7,6,presurvey,TrainingNeighbor_1,1760736394,1,0,0
sh41e27h,47,mfyvpey4,1,presurvey,Introduction,1760736394,1,0,0
sh41e27h,43,atf4gn5z,4,presurvey,NeighborhoodInstruction,1760736396,1,0,0
sh41e27h,42,ax8nlpdv,10,presurvey,ExperimentInstruction,1760736396,1,0,0
sh41e27h,39,8mkm5wx7,10,presurvey,ExperimentInstruction,1760736403,1,0,0
sh41e27h,45,hd51vcjw,4,presurvey,NeighborhoodInstruction,1760736403,1,0,0
sh41e27h,46,8dxid0og,1,presurvey,Introduction,1760736403,1,0,0
sh41e27h,40,hzv7bu5u,3,presurvey,Demographics,1760736404,1,0,0
sh41e27h,47,mfyvpey4,2,presurvey,AudioCheck,1760736410,1,0,0
sh41e27h,40,hzv7bu5u,4,presurvey,NeighborhoodInstruction,1760736411,1,0,0
sh41e27h,46,8dxid0og,2,presurvey,AudioCheck,1760736418,1,0,0
sh41e27h,44,wrgbys6q,3,presurvey,Demographics,1760736418,1,0,0
sh41e27h,43,atf4gn5z,5,presurvey,Training,1760736422,1,0,0
sh41e27h,47,mfyvpey4,3,presurvey,Demographics,1760736426,1,0,0
sh41e27h,46,8dxid0og,3,presurvey,Demographics,1760736428,1,0,0
sh41e27h,47,mfyvpey4,4,presurvey,NeighborhoodInstruction,1760736437,1,0,0
sh41e27h,46,8dxid0og,4,presurvey,NeighborhoodInstruction,1760736447,1,0,0
sh41e27h,43,atf4gn5z,6,presurvey,TrainingNeighbor_1,1760736447,1,0,0
sh41e27h,39,8mkm5wx7,11,presurvey,Scenario,1760736447,1,0,0
sh41e27h,43,atf4gn5z,10,presurvey,ExperimentInstruction,1760736453,1,0,0
sh41e27h,42,ax8nlpdv,11,presurvey,Scenario,1760736455,1,0,0
sh41e27h,44,wrgbys6q,4,presurvey,NeighborhoodInstruction,1760736458,1,0,0
sh41e27h,48,og1ntiaf,0,,InitializeParticipant,1760736464,1,0,0
sh41e27h,47,mfyvpey4,5,presurvey,Training,1760736464,1,0,0
sh41e27h,44,wrgbys6q,5,presurvey,Training,1760736468,1,0,0
sh41e27h,49,lrrq13bw,0,,InitializeParticipant,1760736483,1,0,0
sh41e27h,43,atf4gn5z,11,presurvey,Scenario,1760736484,1,0,0
sh41e27h,41,xbg2t7pq,4,presurvey,NeighborhoodInstruction,1760736486,1,0,0
sh41e27h,47,mfyvpey4,6,presurvey,TrainingNeighbor_1,1760736489,1,0,0
sh41e27h,50,luecayd8,0,,InitializeParticipant,1760736491,1,0,0
sh41e27h,49,lrrq13bw,1,presurvey,Introduction,1760736493,1,0,0
sh41e27h,47,mfyvpey4,10,presurvey,ExperimentInstruction,1760736493,1,0,0
sh41e27h,40,hzv7bu5u,5,presurvey,Training,1760736496,1,0,0
sh41e27h,51,4sacqxtl,0,,InitializeParticipant,1760736499,1,0,0
sh41e27h,46,8dxid0og,5,presurvey,Training,1760736505,1,0,0
sh41e27h,48,og1ntiaf,1,presurvey,Introduction,1760736515,1,0,0
sh41e27h,47,mfyvpey4,11,presurvey,Scenario,1760736518,1,0,0
sh41e27h,20,5p9geimi,13,mock,GroupingWaitPage,1760736520,1,0,1
sh41e27h,20,5p9geimi,14,mock,GroupSizeWaitPage,1760736520,1,0,1
sh41e27h,41,xbg2t7pq,5,presurvey,Training,1760736528,1,0,0
sh41e27h,20,5p9geimi,15,mock,AttentionCheck,1760736529,1,0,0
sh41e27h,46,8dxid0og,6,presurvey,TrainingNeighbor_1,1760736536,1,0,0
sh41e27h,43,atf4gn5z,12,presurvey,Commitment,1760736537,1,0,0
sh41e27h,46,8dxid0og,10,presurvey,ExperimentInstruction,1760736545,1,0,0
sh41e27h,48,og1ntiaf,2,presurvey,AudioCheck,1760736552,1,0,0
sh41e27h,46,8dxid0og,11,presurvey,Scenario,1760736566,1,0,0
sh41e27h,51,4sacqxtl,1,presurvey,Introduction,1760736569,1,0,0
sh41e27h,46,8dxid0og,12,presurvey,Commitment,1760736600,1,0,0
sh41e27h,41,xbg2t7pq,6,presurvey,TrainingNeighbor_1,1760736606,1,0,0
sh41e27h,40,hzv7bu5u,6,presurvey,TrainingNeighbor_1,1760736618,1,0,0
sh41e27h,40,hzv7bu5u,7,presurvey,TrainingNeighbor_2,1760736622,1,0,0
sh41e27h,40,hzv7bu5u,10,presurvey,ExperimentInstruction,1760736625,1,0,0
sh41e27h,41,xbg2t7pq,7,presurvey,TrainingNeighbor_2,1760736640,1,0,0
sh41e27h,51,4sacqxtl,2,presurvey,AudioCheck,1760736646,1,0,0
sh41e27h,52,fou2o7jt,0,,InitializeParticipant,1760736659,1,0,0
sh41e27h,42,ax8nlpdv,12,presurvey,Commitment,1760736661,1,0,0
sh41e27h,33,k43up3ve,13,mock,GroupingWaitPage,1760736662,1,0,1
sh41e27h,42,ax8nlpdv,13,mock,GroupingWaitPage,1760736662,1,0,1
sh41e27h,43,atf4gn5z,13,mock,GroupingWaitPage,1760736662,1,0,1
sh41e27h,46,8dxid0og,13,mock,GroupingWaitPage,1760736662,1,0,1
sh41e27h,33,k43up3ve,14,mock,GroupSizeWaitPage,1760736663,1,0,1
sh41e27h,42,ax8nlpdv,14,mock,GroupSizeWaitPage,1760736663,1,0,1
sh41e27h,43,atf4gn5z,14,mock,GroupSizeWaitPage,1760736663,1,0,1
sh41e27h,46,8dxid0og,14,mock,GroupSizeWaitPage,1760736663,1,0,1
sh41e27h,46,8dxid0og,16,mock,DiscussionGRPWaitPage,1760736666,1,0,1
sh41e27h,42,ax8nlpdv,16,mock,DiscussionGRPWaitPage,1760736666,1,0,1
sh41e27h,43,atf4gn5z,16,mock,DiscussionGRPWaitPage,1760736666,1,0,1
sh41e27h,33,k43up3ve,16,mock,DiscussionGRPWaitPage,1760736666,1,0,1
sh41e27h,41,xbg2t7pq,8,presurvey,AttentionCheck,1760736666,1,0,0
sh41e27h,51,4sacqxtl,3,presurvey,Demographics,1760736668,1,0,0
sh41e27h,53,xfd1lnk9,0,,InitializeParticipant,1760736671,1,0,0
sh41e27h,46,8dxid0og,17,mock,Nudge,1760736677,1,0,0
sh41e27h,33,k43up3ve,17,mock,Nudge,1760736679,1,0,0
sh41e27h,46,8dxid0og,18,mock,NudgeTraining,1760736684,1,0,0
sh41e27h,53,xfd1lnk9,1,presurvey,Introduction,1760736686,1,0,0
sh41e27h,43,atf4gn5z,17,mock,Nudge,1760736687,1,0,0
sh41e27h,33,k43up3ve,18,mock,NudgeTraining,1760736689,1,0,0
sh41e27h,46,8dxid0og,19,mock,NudgeTrainingLast,1760736692,1,0,0
sh41e27h,52,fou2o7jt,1,presurvey,Introduction,1760736694,1,0,0
sh41e27h,43,atf4gn5z,18,mock,NudgeTraining,1760736697,1,0,0
sh41e27h,33,k43up3ve,19,mock,NudgeTrainingLast,1760736701,1,0,0
sh41e27h,41,xbg2t7pq,9,presurvey,TrainingNeighbor_3,1760736706,1,0,0
sh41e27h,46,8dxid0og,20,mock,Phase3,1760736708,1,0,0
sh41e27h,53,xfd1lnk9,2,presurvey,AudioCheck,1760736708,1,0,0
sh41e27h,49,lrrq13bw,2,presurvey,AudioCheck,1760736708,1,0,0
sh41e27h,42,ax8nlpdv,17,mock,Nudge,1760736709,1,0,0
sh41e27h,43,atf4gn5z,19,mock,NudgeTrainingLast,1760736714,1,0,0
sh41e27h,46,8dxid0og,21,mock,Discussion,1760736716,1,0,0
sh41e27h,42,ax8nlpdv,18,mock,NudgeTraining,1760736716,1,0,0
sh41e27h,52,fou2o7jt,2,presurvey,AudioCheck,1760736721,1,0,0
sh41e27h,33,k43up3ve,20,mock,Phase3,1760736722,1,0,0
sh41e27h,53,xfd1lnk9,3,presurvey,Demographics,1760736723,1,0,0
sh41e27h,49,lrrq13bw,3,presurvey,Demographics,1760736731,1,0,0
sh41e27h,43,atf4gn5z,20,mock,Phase3,1760736735,1,0,0
sh41e27h,33,k43up3ve,21,mock,Discussion,1760736735,1,0,0
sh41e27h,42,ax8nlpdv,19,mock,NudgeTrainingLast,1760736739,1,0,0
sh41e27h,52,fou2o7jt,3,presurvey,Demographics,1760736739,1,0,0
sh41e27h,53,xfd1lnk9,4,presurvey,NeighborhoodInstruction,1760736742,1,0,0
sh41e27h,43,atf4gn5z,21,mock,Discussion,1760736745,1,0,0
sh41e27h,42,ax8nlpdv,20,mock,Phase3,1760736749,1,0,0
sh41e27h,54,6j0nu87g,0,,InitializeParticipant,1760736751,1,0,0
sh41e27h,42,ax8nlpdv,21,mock,Discussion,1760736755,1,0,0
sh41e27h,43,atf4gn5z,27,mock,DiscussionGRPWaitPage,1760736756,2,0,1
sh41e27h,33,k43up3ve,27,mock,DiscussionGRPWaitPage,1760736756,2,0,1
sh41e27h,46,8dxid0og,27,mock,DiscussionGRPWaitPage,1760736756,2,0,1
sh41e27h,42,ax8nlpdv,27,mock,DiscussionGRPWaitPage,1760736756,2,0,1
sh41e27h,46,8dxid0og,32,mock,Discussion,1760736759,2,0,0
sh41e27h,42,ax8nlpdv,32,mock,Discussion,1760736764,2,0,0
sh41e27h,43,atf4gn5z,32,mock,Discussion,1760736764,2,0,0
sh41e27h,33,k43up3ve,32,mock,Discussion,1760736765,2,0,0
sh41e27h,42,ax8nlpdv,38,mock,DiscussionGRPWaitPage,1760736765,3,0,1
sh41e27h,33,k43up3ve,38,mock,DiscussionGRPWaitPage,1760736765,3,0,1
sh41e27h,46,8dxid0og,38,mock,DiscussionGRPWaitPage,1760736765,3,0,1
sh41e27h,43,atf4gn5z,38,mock,DiscussionGRPWaitPage,1760736765,3,0,1
sh41e27h,42,ax8nlpdv,43,mock,Discussion,1760736769,3,0,0
sh41e27h,43,atf4gn5z,43,mock,Discussion,1760736769,3,0,0
sh41e27h,54,6j0nu87g,1,presurvey,Introduction,1760736769,1,0,0
sh41e27h,46,8dxid0og,43,mock,Discussion,1760736770,3,0,0
sh41e27h,51,4sacqxtl,4,presurvey,NeighborhoodInstruction,1760736770,1,0,0
sh41e27h,53,xfd1lnk9,5,presurvey,Training,1760736771,1,0,0
sh41e27h,33,k43up3ve,43,mock,Discussion,1760736772,3,0,0
sh41e27h,46,8dxid0og,49,mock,DiscussionGRPWaitPage,1760736772,4,0,1
sh41e27h,42,ax8nlpdv,49,mock,DiscussionGRPWaitPage,1760736772,4,0,1
sh41e27h,43,atf4gn5z,49,mock,DiscussionGRPWaitPage,1760736772,4,0,1
sh41e27h,33,k43up3ve,49,mock,DiscussionGRPWaitPage,1760736772,4,0,1
sh41e27h,46,8dxid0og,54,mock,Discussion,1760736775,4,0,0
sh41e27h,42,ax8nlpdv,54,mock,Discussion,1760736775,4,0,0
sh41e27h,43,atf4gn5z,54,mock,Discussion,1760736778,4,0,0
sh41e27h,33,k43up3ve,54,mock,Discussion,1760736780,4,0,0
sh41e27h,46,8dxid0og,60,mock,DiscussionGRPWaitPage,1760736781,5,0,1
sh41e27h,42,ax8nlpdv,60,mock,DiscussionGRPWaitPage,1760736781,5,0,1
sh41e27h,43,atf4gn5z,60,mock,DiscussionGRPWaitPage,1760736781,5,0,1
sh41e27h,33,k43up3ve,60,mock,DiscussionGRPWaitPage,1760736781,5,0,1
sh41e27h,42,ax8nlpdv,65,mock,Discussion,1760736783,5,0,0
sh41e27h,46,8dxid0og,65,mock,Discussion,1760736783,5,0,0
sh41e27h,33,k43up3ve,65,mock,Discussion,1760736785,5,0,0
sh41e27h,43,atf4gn5z,65,mock,Discussion,1760736786,5,0,0
sh41e27h,46,8dxid0og,71,mock,DiscussionGRPWaitPage,1760736786,6,0,1
sh41e27h,42,ax8nlpdv,71,mock,DiscussionGRPWaitPage,1760736786,6,0,1
sh41e27h,43,atf4gn5z,71,mock,DiscussionGRPWaitPage,1760736786,6,0,1
sh41e27h,33,k43up3ve,71,mock,DiscussionGRPWaitPage,1760736786,6,0,1
sh41e27h,46,8dxid0og,76,mock,Discussion,1760736788,6,0,0
sh41e27h,42,ax8nlpdv,76,mock,Discussion,1760736789,6,0,0
sh41e27h,43,atf4gn5z,76,mock,Discussion,1760736791,6,0,0
sh41e27h,33,k43up3ve,76,mock,Discussion,1760736792,6,0,0
sh41e27h,46,8dxid0og,82,mock,DiscussionGRPWaitPage,1760736792,7,0,1
sh41e27h,42,ax8nlpdv,82,mock,DiscussionGRPWaitPage,1760736792,7,0,1
sh41e27h,43,atf4gn5z,82,mock,DiscussionGRPWaitPage,1760736792,7,0,1
sh41e27h,33,k43up3ve,82,mock,DiscussionGRPWaitPage,1760736792,7,0,1
sh41e27h,42,ax8nlpdv,87,mock,Discussion,1760736794,7,0,0
sh41e27h,54,6j0nu87g,2,presurvey,AudioCheck,1760736795,1,0,0
sh41e27h,33,k43up3ve,87,mock,Discussion,1760736795,7,0,0
sh41e27h,46,8dxid0og,87,mock,Discussion,1760736797,7,0,0
sh41e27h,43,atf4gn5z,87,mock,Discussion,1760736797,7,0,0
sh41e27h,33,k43up3ve,93,mock,DiscussionGRPWaitPage,1760736798,8,0,1
sh41e27h,46,8dxid0og,93,mock,DiscussionGRPWaitPage,1760736798,8,0,1
sh41e27h,42,ax8nlpdv,93,mock,DiscussionGRPWaitPage,1760736798,8,0,1
sh41e27h,43,atf4gn5z,93,mock,DiscussionGRPWaitPage,1760736798,8,0,1
sh41e27h,46,8dxid0og,98,mock,Discussion,1760736800,8,0,0
sh41e27h,33,k43up3ve,98,mock,Discussion,1760736801,8,0,0
sh41e27h,42,ax8nlpdv,98,mock,Discussion,1760736801,8,0,0
sh41e27h,43,atf4gn5z,98,mock,Discussion,1760736802,8,0,0
sh41e27h,46,8dxid0og,104,mock,DiscussionGRPWaitPage,1760736802,9,0,1
sh41e27h,42,ax8nlpdv,104,mock,DiscussionGRPWaitPage,1760736802,9,0,1
sh41e27h,43,atf4gn5z,104,mock,DiscussionGRPWaitPage,1760736802,9,0,1
sh41e27h,33,k43up3ve,104,mock,DiscussionGRPWaitPage,1760736802,9,0,1
sh41e27h,49,lrrq13bw,4,presurvey,NeighborhoodInstruction,1760736804,1,0,0
sh41e27h,46,8dxid0og,109,mock,Discussion,1760736804,9,0,0
sh41e27h,42,ax8nlpdv,109,mock,Discussion,1760736805,9,0,0
sh41e27h,33,k43up3ve,109,mock,Discussion,1760736806,9,0,0
sh41e27h,43,atf4gn5z,109,mock,Discussion,1760736806,9,0,0
sh41e27h,46,8dxid0og,115,mock,DiscussionGRPWaitPage,1760736806,10,0,1
sh41e27h,42,ax8nlpdv,115,mock,DiscussionGRPWaitPage,1760736806,10,0,1
sh41e27h,43,atf4gn5z,115,mock,DiscussionGRPWaitPage,1760736806,10,0,1
sh41e27h,33,k43up3ve,115,mock,DiscussionGRPWaitPage,1760736806,10,0,1
sh41e27h,46,8dxid0og,120,mock,Discussion,1760736808,10,0,0
sh41e27h,43,atf4gn5z,120,mock,Discussion,1760736809,10,0,0
sh41e27h,52,fou2o7jt,4,presurvey,NeighborhoodInstruction,1760736809,1,0,0
sh41e27h,33,k43up3ve,120,mock,Discussion,1760736811,10,0,0
sh41e27h,42,ax8nlpdv,120,mock,Discussion,1760736811,10,0,0
sh41e27h,46,8dxid0og,126,mock,DiscussionGRPWaitPage,1760736811,11,0,1
sh41e27h,42,ax8nlpdv,126,mock,DiscussionGRPWaitPage,1760736811,11,0,1
sh41e27h,43,atf4gn5z,126,mock,DiscussionGRPWaitPage,1760736811,11,0,1
sh41e27h,33,k43up3ve,126,mock,DiscussionGRPWaitPage,1760736811,11,0,1
sh41e27h,46,8dxid0og,131,mock,Discussion,1760736813,11,0,0
sh41e27h,33,k43up3ve,131,mock,Discussion,1760736814,11,0,0
sh41e27h,43,atf4gn5z,131,mock,Discussion,1760736814,11,0,0
sh41e27h,42,ax8nlpdv,131,mock,Discussion,1760736814,11,0,0
sh41e27h,46,8dxid0og,137,mock,DiscussionGRPWaitPage,1760736814,12,0,1
sh41e27h,42,ax8nlpdv,137,mock,DiscussionGRPWaitPage,1760736814,12,0,1
sh41e27h,43,atf4gn5z,137,mock,DiscussionGRPWaitPage,1760736814,12,0,1
sh41e27h,33,k43up3ve,137,mock,DiscussionGRPWaitPage,1760736814,12,0,1
sh41e27h,43,atf4gn5z,142,mock,Discussion,1760736816,12,0,0
sh41e27h,54,6j0nu87g,3,presurvey,Demographics,1760736816,1,0,0
sh41e27h,46,8dxid0og,142,mock,Discussion,1760736816,12,0,0
sh41e27h,42,ax8nlpdv,142,mock,Discussion,1760736817,12,0,0
sh41e27h,49,lrrq13bw,5,presurvey,Training,1760736818,1,0,0
sh41e27h,33,k43up3ve,142,mock,Discussion,1760736818,12,0,0
sh41e27h,33,k43up3ve,148,mock,DiscussionGRPWaitPage,1760736818,13,0,1
sh41e27h,46,8dxid0og,148,mock,DiscussionGRPWaitPage,1760736818,13,0,1
sh41e27h,42,ax8nlpdv,148,mock,DiscussionGRPWaitPage,1760736818,13,0,1
sh41e27h,43,atf4gn5z,148,mock,DiscussionGRPWaitPage,1760736818,13,0,1
sh41e27h,55,wtokksq8,0,,InitializeParticipant,1760736820,1,0,0
sh41e27h,46,8dxid0og,153,mock,Discussion,1760736821,13,0,0
sh41e27h,33,k43up3ve,153,mock,Discussion,1760736821,13,0,0
sh41e27h,43,atf4gn5z,153,mock,Discussion,1760736822,13,0,0
sh41e27h,53,xfd1lnk9,6,presurvey,TrainingNeighbor_1,1760736826,1,0,0
sh41e27h,42,ax8nlpdv,153,mock,Discussion,1760736828,13,0,0
sh41e27h,46,8dxid0og,159,mock,DiscussionGRPWaitPage,1760736828,14,0,1
sh41e27h,42,ax8nlpdv,159,mock,DiscussionGRPWaitPage,1760736828,14,0,1
sh41e27h,43,atf4gn5z,159,mock,DiscussionGRPWaitPage,1760736828,14,0,1
sh41e27h,33,k43up3ve,159,mock,DiscussionGRPWaitPage,1760736828,14,0,1
sh41e27h,55,wtokksq8,1,presurvey,Introduction,1760736829,1,0,0
sh41e27h,46,8dxid0og,164,mock,Discussion,1760736831,14,0,0
sh41e27h,43,atf4gn5z,164,mock,Discussion,1760736831,14,0,0
sh41e27h,33,k43up3ve,164,mock,Discussion,1760736833,14,0,0
sh41e27h,42,ax8nlpdv,164,mock,Discussion,1760736833,14,0,0
sh41e27h,46,8dxid0og,170,mock,DiscussionGRPWaitPage,1760736834,15,0,1
sh41e27h,43,atf4gn5z,170,mock,DiscussionGRPWaitPage,1760736834,15,0,1
sh41e27h,33,k43up3ve,170,mock,DiscussionGRPWaitPage,1760736834,15,0,1
sh41e27h,42,ax8nlpdv,170,mock,DiscussionGRPWaitPage,1760736834,15,0,1
sh41e27h,46,8dxid0og,175,mock,Discussion,1760736836,15,0,0
sh41e27h,43,atf4gn5z,175,mock,Discussion,1760736837,15,0,0
sh41e27h,42,ax8nlpdv,175,mock,Discussion,1760736837,15,0,0
sh41e27h,33,k43up3ve,175,mock,Discussion,1760736837,15,0,0
sh41e27h,46,8dxid0og,181,mock,DiscussionGRPWaitPage,1760736838,16,0,1
sh41e27h,42,ax8nlpdv,181,mock,DiscussionGRPWaitPage,1760736838,16,0,1
sh41e27h,43,atf4gn5z,181,mock,DiscussionGRPWaitPage,1760736838,16,0,1
sh41e27h,33,k43up3ve,181,mock,DiscussionGRPWaitPage,1760736838,16,0,1
sh41e27h,54,6j0nu87g,4,presurvey,NeighborhoodInstruction,1760736839,1,0,0
sh41e27h,46,8dxid0og,186,mock,Discussion,1760736840,16,0,0
sh41e27h,33,k43up3ve,186,mock,Discussion,1760736840,16,0,0
sh41e27h,43,atf4gn5z,186,mock,Discussion,1760736841,16,0,0
sh41e27h,42,ax8nlpdv,186,mock,Discussion,1760736842,16,0,0
sh41e27h,46,8dxid0og,192,mock,DiscussionGRPWaitPage,1760736842,17,0,1
sh41e27h,42,ax8nlpdv,192,mock,DiscussionGRPWaitPage,1760736842,17,0,1
sh41e27h,43,atf4gn5z,192,mock,DiscussionGRPWaitPage,1760736842,17,0,1
sh41e27h,33,k43up3ve,192,mock,DiscussionGRPWaitPage,1760736842,17,0,1
sh41e27h,53,xfd1lnk9,7,presurvey,TrainingNeighbor_2,1760736842,1,0,0
sh41e27h,33,k43up3ve,197,mock,Discussion,1760736845,17,0,0
sh41e27h,43,atf4gn5z,197,mock,Discussion,1760736845,17,0,0
sh41e27h,46,8dxid0og,197,mock,Discussion,1760736845,17,0,0
sh41e27h,51,4sacqxtl,5,presurvey,Training,1760736847,1,0,0
sh41e27h,42,ax8nlpdv,197,mock,Discussion,1760736847,17,0,0
sh41e27h,33,k43up3ve,203,mock,DiscussionGRPWaitPage,1760736847,18,0,1
sh41e27h,46,8dxid0og,203,mock,DiscussionGRPWaitPage,1760736847,18,0,1
sh41e27h,42,ax8nlpdv,203,mock,DiscussionGRPWaitPage,1760736847,18,0,1
sh41e27h,43,atf4gn5z,203,mock,DiscussionGRPWaitPage,1760736847,18,0,1
sh41e27h,55,wtokksq8,2,presurvey,AudioCheck,1760736848,1,0,0
sh41e27h,43,atf4gn5z,208,mock,Discussion,1760736850,18,0,0
sh41e27h,33,k43up3ve,208,mock,Discussion,1760736850,18,0,0
sh41e27h,53,xfd1lnk9,10,presurvey,ExperimentInstruction,1760736850,1,0,0
sh41e27h,46,8dxid0og,208,mock,Discussion,1760736850,18,0,0
sh41e27h,42,ax8nlpdv,208,mock,Discussion,1760736853,18,0,0
sh41e27h,46,8dxid0og,214,mock,DiscussionGRPWaitPage,1760736853,19,0,1
sh41e27h,42,ax8nlpdv,214,mock,DiscussionGRPWaitPage,1760736853,19,0,1
sh41e27h,43,atf4gn5z,214,mock,DiscussionGRPWaitPage,1760736853,19,0,1
sh41e27h,33,k43up3ve,214,mock,DiscussionGRPWaitPage,1760736853,19,0,1
sh41e27h,43,atf4gn5z,219,mock,Discussion,1760736855,19,0,0
sh41e27h,46,8dxid0og,219,mock,Discussion,1760736856,19,0,0
sh41e27h,33,k43up3ve,219,mock,Discussion,1760736856,19,0,0
sh41e27h,42,ax8nlpdv,219,mock,Discussion,1760736858,19,0,0
sh41e27h,46,8dxid0og,225,mock,DiscussionGRPWaitPage,1760736858,20,0,1
sh41e27h,42,ax8nlpdv,225,mock,DiscussionGRPWaitPage,1760736858,20,0,1
sh41e27h,43,atf4gn5z,225,mock,DiscussionGRPWaitPage,1760736858,20,0,1
sh41e27h,33,k43up3ve,225,mock,DiscussionGRPWaitPage,1760736858,20,0,1
sh41e27h,55,wtokksq8,3,presurvey,Demographics,1760736858,1,0,0
sh41e27h,33,k43up3ve,230,mock,Discussion,1760736861,20,0,0
sh41e27h,43,atf4gn5z,230,mock,Discussion,1760736861,20,0,0
sh41e27h,42,ax8nlpdv,230,mock,Discussion,1760736861,20,0,0
sh41e27h,46,8dxid0og,230,mock,Discussion,1760736862,20,0,0
sh41e27h,46,8dxid0og,231,mock,FinalRoundWaitPage,1760736862,20,0,1
sh41e27h,33,k43up3ve,231,mock,FinalRoundWaitPage,1760736862,20,0,1
sh41e27h,43,atf4gn5z,231,mock,FinalRoundWaitPage,1760736862,20,0,1
sh41e27h,42,ax8nlpdv,231,mock,FinalRoundWaitPage,1760736862,20,0,1
sh41e27h,52,fou2o7jt,5,presurvey,Training,1760736862,1,0,0
sh41e27h,56,1qdlsm94,0,,InitializeParticipant,1760736865,1,0,0
sh41e27h,42,ax8nlpdv,232,mock,FinalRound,1760736869,20,0,0
sh41e27h,46,8dxid0og,232,mock,FinalRound,1760736869,20,0,0
sh41e27h,33,k43up3ve,232,mock,FinalRound,1760736869,20,0,0
sh41e27h,55,wtokksq8,4,presurvey,NeighborhoodInstruction,1760736870,1,0,0
sh41e27h,43,atf4gn5z,232,mock,FinalRound,1760736871,20,0,0
sh41e27h,54,6j0nu87g,5,presurvey,Training,1760736872,1,0,0
sh41e27h,56,1qdlsm94,1,presurvey,Introduction,1760736875,1,0,0
sh41e27h,40,hzv7bu5u,11,presurvey,Scenario,1760736884,1,0,0
sh41e27h,53,xfd1lnk9,11,presurvey,Scenario,1760736890,1,0,0
sh41e27h,51,4sacqxtl,6,presurvey,TrainingNeighbor_1,1760736894,1,0,0
sh41e27h,49,lrrq13bw,6,presurvey,TrainingNeighbor_1,1760736894,1,0,0
sh41e27h,54,6j0nu87g,6,presurvey,TrainingNeighbor_1,1760736899,1,0,0
sh41e27h,55,wtokksq8,5,presurvey,Training,1760736900,1,0,0
sh41e27h,57,lnnxjgtv,0,,InitializeParticipant,1760736900,1,0,0
sh41e27h,57,lnnxjgtv,1,presurvey,Introduction,1760736904,1,0,0
sh41e27h,51,4sacqxtl,10,presurvey,ExperimentInstruction,1760736905,1,0,0
sh41e27h,52,fou2o7jt,6,presurvey,TrainingNeighbor_1,1760736907,1,0,0
sh41e27h,40,hzv7bu5u,12,presurvey,Commitment,1760736907,1,0,0
sh41e27h,49,lrrq13bw,10,presurvey,ExperimentInstruction,1760736916,1,0,0
sh41e27h,55,wtokksq8,6,presurvey,TrainingNeighbor_1,1760736917,1,0,0
sh41e27h,55,wtokksq8,10,presurvey,ExperimentInstruction,1760736925,1,0,0
sh41e27h,58,eiq1g4ik,0,,InitializeParticipant,1760736933,1,0,0
sh41e27h,52,fou2o7jt,10,presurvey,ExperimentInstruction,1760736945,1,0,0
sh41e27h,54,6j0nu87g,7,presurvey,TrainingNeighbor_2,1760736948,1,0,0
sh41e27h,57,lnnxjgtv,2,presurvey,AudioCheck,1760736950,1,0,0
sh41e27h,55,wtokksq8,11,presurvey,Scenario,1760736961,1,0,0
sh41e27h,54,6j0nu87g,10,presurvey,ExperimentInstruction,1760736963,1,0,0
sh41e27h,59,sebxqrhl,0,,InitializeParticipant,1760736963,1,0,0
sh41e27h,51,4sacqxtl,11,presurvey,Scenario,1760736965,1,0,0
sh41e27h,59,sebxqrhl,1,presurvey,Introduction,1760736969,1,0,0
sh41e27h,56,1qdlsm94,2,presurvey,AudioCheck,1760736969,1,0,0
sh41e27h,57,lnnxjgtv,3,presurvey,Demographics,1760736969,1,0,0
sh41e27h,57,lnnxjgtv,4,presurvey,NeighborhoodInstruction,1760736985,1,0,0
sh41e27h,49,lrrq13bw,11,presurvey,Scenario,1760736989,1,0,0
sh41e27h,60,zwgf7se9,0,,InitializeParticipant,1760736992,1,0,0
sh41e27h,59,sebxqrhl,2,presurvey,AudioCheck,1760736994,1,0,0
sh41e27h,61,ggiikj2u,0,,InitializeParticipant,1760736995,1,0,0
sh41e27h,56,1qdlsm94,3,presurvey,Demographics,1760736997,1,0,0
sh41e27h,61,ggiikj2u,1,presurvey,Introduction,1760737002,1,0,0
sh41e27h,52,fou2o7jt,11,presurvey,Scenario,1760737003,1,0,0
sh41e27h,59,sebxqrhl,3,presurvey,Demographics,1760737006,1,0,0
sh41e27h,54,6j0nu87g,11,presurvey,Scenario,1760737013,1,0,0
sh41e27h,57,lnnxjgtv,5,presurvey,Training,1760737015,1,0,0
sh41e27h,61,ggiikj2u,2,presurvey,AudioCheck,1760737023,1,0,0
sh41e27h,56,1qdlsm94,4,presurvey,NeighborhoodInstruction,1760737037,1,0,0
sh41e27h,61,ggiikj2u,3,presurvey,Demographics,1760737040,1,0,0
sh41e27h,57,lnnxjgtv,6,presurvey,TrainingNeighbor_1,1760737042,1,0,0
sh41e27h,59,sebxqrhl,4,presurvey,NeighborhoodInstruction,1760737042,1,0,0
sh41e27h,57,lnnxjgtv,10,presurvey,ExperimentInstruction,1760737045,1,0,0
sh41e27h,60,zwgf7se9,1,presurvey,Introduction,1760737049,1,0,0
sh41e27h,54,6j0nu87g,12,presurvey,Commitment,1760737058,1,0,0
sh41e27h,61,ggiikj2u,4,presurvey,NeighborhoodInstruction,1760737060,1,0,0
sh41e27h,62,lr92gzu8,0,,InitializeParticipant,1760737061,1,0,0
sh41e27h,63,3btnb9ti,0,,InitializeParticipant,1760737068,1,0,0
sh41e27h,62,lr92gzu8,1,presurvey,Introduction,1760737069,1,0,0
sh41e27h,64,xo2c9pmg,0,,InitializeParticipant,1760737072,1,0,0
sh41e27h,57,lnnxjgtv,11,presurvey,Scenario,1760737074,1,0,0
sh41e27h,63,3btnb9ti,1,presurvey,Introduction,1760737079,1,0,0
sh41e27h,64,xo2c9pmg,1,presurvey,Introduction,1760737079,1,0,0
sh41e27h,56,1qdlsm94,5,presurvey,Training,1760737084,1,0,0
sh41e27h,59,sebxqrhl,5,presurvey,Training,1760737089,1,0,0
sh41e27h,62,lr92gzu8,2,presurvey,AudioCheck,1760737090,1,0,0
sh41e27h,58,eiq1g4ik,1,presurvey,Introduction,1760737091,1,0,0
sh41e27h,65,kzgwhmsz,0,,InitializeParticipant,1760737100,1,0,0
sh41e27h,64,xo2c9pmg,2,presurvey,AudioCheck,1760737103,1,0,0
sh41e27h,65,kzgwhmsz,1,presurvey,Introduction,1760737103,1,0,0
sh41e27h,62,lr92gzu8,3,presurvey,Demographics,1760737104,1,0,0
sh41e27h,66,kcaboy6o,0,,InitializeParticipant,1760737112,1,0,0
sh41e27h,65,kzgwhmsz,2,presurvey,AudioCheck,1760737114,1,0,0
sh41e27h,64,xo2c9pmg,3,presurvey,Demographics,1760737117,1,0,0
sh41e27h,61,ggiikj2u,5,presurvey,Training,1760737118,1,0,0
sh41e27h,57,lnnxjgtv,12,presurvey,Commitment,1760737120,1,0,0
sh41e27h,65,kzgwhmsz,3,presurvey,Demographics,1760737123,1,0,0
sh41e27h,62,lr92gzu8,4,presurvey,NeighborhoodInstruction,1760737123,1,0,0
sh41e27h,67,ote2z1ym,0,,InitializeParticipant,1760737124,1,0,0
sh41e27h,58,eiq1g4ik,2,presurvey,AudioCheck,1760737124,1,0,0
sh41e27h,66,kcaboy6o,1,presurvey,Introduction,1760737129,1,0,0
sh41e27h,65,kzgwhmsz,4,presurvey,NeighborhoodInstruction,1760737132,1,0,0
sh41e27h,59,sebxqrhl,6,presurvey,TrainingNeighbor_1,1760737133,1,0,0
sh41e27h,58,eiq1g4ik,3,presurvey,Demographics,1760737135,1,0,0
sh41e27h,64,xo2c9pmg,4,presurvey,NeighborhoodInstruction,1760737136,1,0,0
sh41e27h,56,1qdlsm94,6,presurvey,TrainingNeighbor_1,1760737139,1,0,0
sh41e27h,62,lr92gzu8,5,presurvey,Training,1760737147,1,0,0
sh41e27h,67,ote2z1ym,1,presurvey,Introduction,1760737148,1,0,0
sh41e27h,66,kcaboy6o,2,presurvey,AudioCheck,1760737149,1,0,0
sh41e27h,58,eiq1g4ik,4,presurvey,NeighborhoodInstruction,1760737150,1,0,0
sh41e27h,63,3btnb9ti,2,presurvey,AudioCheck,1760737153,1,0,0
sh41e27h,56,1qdlsm94,10,presurvey,ExperimentInstruction,1760737159,1,0,0
sh41e27h,61,ggiikj2u,6,presurvey,TrainingNeighbor_1,1760737160,1,0,0
sh41e27h,65,kzgwhmsz,5,presurvey,Training,1760737162,1,0,0
sh41e27h,61,ggiikj2u,10,presurvey,ExperimentInstruction,1760737167,1,0,0
sh41e27h,66,kcaboy6o,3,presurvey,Demographics,1760737170,1,0,0
sh41e27h,67,ote2z1ym,2,presurvey,AudioCheck,1760737170,1,0,0
sh41e27h,62,lr92gzu8,6,presurvey,TrainingNeighbor_1,1760737172,1,0,0
sh41e27h,26,hjkdu3rn,13,mock,GroupingWaitPage,1760737172,1,0,1
sh41e27h,26,hjkdu3rn,14,mock,GroupSizeWaitPage,1760737172,1,0,1
sh41e27h,63,3btnb9ti,3,presurvey,Demographics,1760737174,1,0,0
sh41e27h,64,xo2c9pmg,5,presurvey,Training,1760737175,1,0,0
sh41e27h,58,eiq1g4ik,5,presurvey,Training,1760737176,1,0,0
sh41e27h,62,lr92gzu8,10,presurvey,ExperimentInstruction,1760737178,1,0,0
sh41e27h,65,kzgwhmsz,6,presurvey,TrainingNeighbor_1,1760737179,1,0,0
sh41e27h,26,hjkdu3rn,15,mock,AttentionCheck,1760737179,1,0,0
sh41e27h,65,kzgwhmsz,10,presurvey,ExperimentInstruction,1760737184,1,0,0
sh41e27h,67,ote2z1ym,3,presurvey,Demographics,1760737192,1,0,0
sh41e27h,68,eyp591qg,0,,InitializeParticipant,1760737193,1,0,0
sh41e27h,69,fme9an72,0,,InitializeParticipant,1760737196,1,0,0
sh41e27h,60,zwgf7se9,2,presurvey,AudioCheck,1760737200,1,0,0
sh41e27h,65,kzgwhmsz,11,presurvey,Scenario,1760737208,1,0,0
sh41e27h,61,ggiikj2u,11,presurvey,Scenario,1760737208,1,0,0
sh41e27h,68,eyp591qg,1,presurvey,Introduction,1760737210,1,0,0
sh41e27h,60,zwgf7se9,3,presurvey,Demographics,1760737213,1,0,0
sh41e27h,56,1qdlsm94,11,presurvey,Scenario,1760737214,1,0,0
sh41e27h,69,fme9an72,1,presurvey,Introduction,1760737214,1,0,0
sh41e27h,62,lr92gzu8,11,presurvey,Scenario,1760737215,1,0,0
sh41e27h,63,3btnb9ti,4,presurvey,NeighborhoodInstruction,1760737218,1,0,0
sh41e27h,58,eiq1g4ik,6,presurvey,TrainingNeighbor_1,1760737218,1,0,0
sh41e27h,64,xo2c9pmg,6,presurvey,TrainingNeighbor_1,1760737223,1,0,0
sh41e27h,65,kzgwhmsz,12,presurvey,Commitment,1760737224,1,0,0
sh41e27h,58,eiq1g4ik,10,presurvey,ExperimentInstruction,1760737230,1,0,0
sh41e27h,64,xo2c9pmg,10,presurvey,ExperimentInstruction,1760737231,1,0,0
sh41e27h,69,fme9an72,2,presurvey,AudioCheck,1760737233,1,0,0
sh41e27h,60,zwgf7se9,4,presurvey,NeighborhoodInstruction,1760737236,1,0,0
sh41e27h,69,fme9an72,3,presurvey,Demographics,1760737244,1,0,0
sh41e27h,59,sebxqrhl,7,presurvey,TrainingNeighbor_2,1760737246,1,0,0
sh41e27h,61,ggiikj2u,12,presurvey,Commitment,1760737254,1,0,0
sh41e27h,67,ote2z1ym,4,presurvey,NeighborhoodInstruction,1760737254,1,0,0
sh41e27h,66,kcaboy6o,4,presurvey,NeighborhoodInstruction,1760737256,1,0,0
sh41e27h,58,eiq1g4ik,11,presurvey,Scenario,1760737257,1,0,0
sh41e27h,69,fme9an72,4,presurvey,NeighborhoodInstruction,1760737259,1,0,0
sh41e27h,64,xo2c9pmg,11,presurvey,Scenario,1760737265,1,0,0
sh41e27h,59,sebxqrhl,10,presurvey,ExperimentInstruction,1760737266,1,0,0
sh41e27h,69,fme9an72,5,presurvey,Training,1760737280,1,0,0
sh41e27h,66,kcaboy6o,5,presurvey,Training,1760737292,1,0,0
sh41e27h,63,3btnb9ti,5,presurvey,Training,1760737294,1,0,0
sh41e27h,56,1qdlsm94,12,presurvey,Commitment,1760737296,1,0,0
sh41e27h,69,fme9an72,6,presurvey,TrainingNeighbor_1,1760737299,1,0,0
sh41e27h,60,zwgf7se9,5,presurvey,Training,1760737301,1,0,0
sh41e27h,69,fme9an72,10,presurvey,ExperimentInstruction,1760737308,1,0,0
sh41e27h,64,xo2c9pmg,12,presurvey,Commitment,1760737308,1,0,0
sh41e27h,66,kcaboy6o,6,presurvey,TrainingNeighbor_1,1760737314,1,0,0
sh41e27h,66,kcaboy6o,10,presurvey,ExperimentInstruction,1760737319,1,0,0
sh41e27h,67,ote2z1ym,5,presurvey,Training,1760737320,1,0,0
sh41e27h,69,fme9an72,11,presurvey,Scenario,1760737324,1,0,0
sh41e27h,70,3kb31vzv,0,,InitializeParticipant,1760737327,1,0,0
sh41e27h,60,zwgf7se9,6,presurvey,TrainingNeighbor_1,1760737329,1,0,0
sh41e27h,63,3btnb9ti,6,presurvey,TrainingNeighbor_1,1760737339,1,0,0
sh41e27h,70,3kb31vzv,1,presurvey,Introduction,1760737343,1,0,0
sh41e27h,60,zwgf7se9,10,presurvey,ExperimentInstruction,1760737344,1,0,0
sh41e27h,59,sebxqrhl,11,presurvey,Scenario,1760737346,1,0,0
sh41e27h,66,kcaboy6o,11,presurvey,Scenario,1760737346,1,0,0
sh41e27h,69,fme9an72,12,presurvey,Commitment,1760737350,1,0,0
sh41e27h,63,3btnb9ti,10,presurvey,ExperimentInstruction,1760737359,1,0,0
sh41e27h,70,3kb31vzv,2,presurvey,AudioCheck,1760737360,1,0,0
sh41e27h,66,kcaboy6o,12,presurvey,Commitment,1760737363,1,0,0
sh41e27h,70,3kb31vzv,3,presurvey,Demographics,1760737372,1,0,0
sh41e27h,71,nq9t1jlk,0,,InitializeParticipant,1760737374,1,0,0
sh41e27h,71,nq9t1jlk,1,presurvey,Introduction,1760737380,1,0,0
sh41e27h,59,sebxqrhl,12,presurvey,Commitment,1760737387,1,0,0
sh41e27h,70,3kb31vzv,4,presurvey,NeighborhoodInstruction,1760737388,1,0,0
sh41e27h,67,ote2z1ym,6,presurvey,TrainingNeighbor_1,1760737397,1,0,0
sh41e27h,63,3btnb9ti,11,presurvey,Scenario,1760737400,1,0,0
sh41e27h,71,nq9t1jlk,2,presurvey,AudioCheck,1760737403,1,0,0
sh41e27h,67,ote2z1ym,7,presurvey,TrainingNeighbor_2,1760737404,1,0,0
sh41e27h,70,3kb31vzv,5,presurvey,Training,1760737411,1,0,0
sh41e27h,72,pfpma2f4,0,,InitializeParticipant,1760737412,1,0,0
sh41e27h,72,pfpma2f4,1,presurvey,Introduction,1760737421,1,0,0
sh41e27h,67,ote2z1ym,10,presurvey,ExperimentInstruction,1760737423,1,0,0
sh41e27h,71,nq9t1jlk,3,presurvey,Demographics,1760737423,1,0,0
sh41e27h,73,f155nmrv,0,,InitializeParticipant,1760737423,1,0,0
sh41e27h,74,axi5rqyc,0,,InitializeParticipant,1760737429,1,0,0
sh41e27h,71,nq9t1jlk,4,presurvey,NeighborhoodInstruction,1760737437,1,0,0
sh41e27h,70,3kb31vzv,6,presurvey,TrainingNeighbor_1,1760737438,1,0,0
sh41e27h,70,3kb31vzv,10,presurvey,ExperimentInstruction,1760737449,1,0,0
sh41e27h,74,axi5rqyc,1,presurvey,Introduction,1760737450,1,0,0
sh41e27h,71,nq9t1jlk,5,presurvey,Training,1760737461,1,0,0
sh41e27h,67,ote2z1ym,11,presurvey,Scenario,1760737462,1,0,0
sh41e27h,72,pfpma2f4,2,presurvey,AudioCheck,1760737469,1,0,0
sh41e27h,70,3kb31vzv,11,presurvey,Scenario,1760737470,1,0,0
sh41e27h,72,pfpma2f4,3,presurvey,Demographics,1760737484,1,0,0
sh41e27h,60,zwgf7se9,11,presurvey,Scenario,1760737489,1,0,0
sh41e27h,71,nq9t1jlk,6,presurvey,TrainingNeighbor_1,1760737499,1,0,0
sh41e27h,74,axi5rqyc,2,presurvey,AudioCheck,1760737501,1,0,0
sh41e27h,70,3kb31vzv,12,presurvey,Commitment,1760737506,1,0,0
sh41e27h,56,1qdlsm94,13,mock,GroupingWaitPage,1760737508,1,0,1
sh41e27h,64,xo2c9pmg,13,mock,GroupingWaitPage,1760737508,1,0,1
sh41e27h,66,kcaboy6o,13,mock,GroupingWaitPage,1760737508,1,0,1
sh41e27h,69,fme9an72,13,mock,GroupingWaitPage,1760737508,1,0,1
sh41e27h,56,1qdlsm94,14,mock,GroupSizeWaitPage,1760737509,1,0,1
sh41e27h,64,xo2c9pmg,14,mock,GroupSizeWaitPage,1760737509,1,0,1
sh41e27h,66,kcaboy6o,14,mock,GroupSizeWaitPage,1760737509,1,0,1
sh41e27h,69,fme9an72,14,mock,GroupSizeWaitPage,1760737509,1,0,1
sh41e27h,64,xo2c9pmg,16,mock,DiscussionGRPWaitPage,1760737510,1,0,1
sh41e27h,69,fme9an72,16,mock,DiscussionGRPWaitPage,1760737510,1,0,1
sh41e27h,66,kcaboy6o,16,mock,DiscussionGRPWaitPage,1760737510,1,0,1
sh41e27h,56,1qdlsm94,16,mock,DiscussionGRPWaitPage,1760737510,1,0,1
sh41e27h,75,jwr6ddw3,0,,InitializeParticipant,1760737514,1,0,0
sh41e27h,74,axi5rqyc,3,presurvey,Demographics,1760737518,1,0,0
sh41e27h,69,fme9an72,17,mock,Nudge,1760737521,1,0,0
sh41e27h,64,xo2c9pmg,17,mock,Nudge,1760737522,1,0,0
sh41e27h,69,fme9an72,18,mock,NudgeTraining,1760737528,1,0,0
sh41e27h,71,nq9t1jlk,7,presurvey,TrainingNeighbor_2,1760737533,1,0,0
sh41e27h,56,1qdlsm94,17,mock,Nudge,1760737534,1,0,0
sh41e27h,69,fme9an72,19,mock,NudgeTrainingLast,1760737535,1,0,0
sh41e27h,64,xo2c9pmg,18,mock,NudgeTraining,1760737540,1,0,0
sh41e27h,71,nq9t1jlk,10,presurvey,ExperimentInstruction,1760737543,1,0,0
sh41e27h,64,xo2c9pmg,19,mock,NudgeTrainingLast,1760737543,1,0,0
sh41e27h,75,jwr6ddw3,1,presurvey,Introduction,1760737544,1,0,0
sh41e27h,69,fme9an72,20,mock,Phase3,1760737548,1,0,0
sh41e27h,56,1qdlsm94,18,mock,NudgeTraining,1760737557,1,0,0
sh41e27h,69,fme9an72,21,mock,Discussion,1760737557,1,0,0
sh41e27h,64,xo2c9pmg,20,mock,Phase3,1760737561,1,0,0
sh41e27h,74,axi5rqyc,4,presurvey,NeighborhoodInstruction,1760737561,1,0,0
sh41e27h,64,xo2c9pmg,21,mock,Discussion,1760737564,1,0,0
sh41e27h,66,kcaboy6o,17,mock,Nudge,1760737565,1,0,0
sh41e27h,71,nq9t1jlk,11,presurvey,Scenario,1760737572,1,0,0
sh41e27h,56,1qdlsm94,19,mock,NudgeTrainingLast,1760737575,1,0,0
sh41e27h,66,kcaboy6o,18,mock,NudgeTraining,1760737581,1,0,0
sh41e27h,74,axi5rqyc,5,presurvey,Training,1760737584,1,0,0
sh41e27h,66,kcaboy6o,19,mock,NudgeTrainingLast,1760737586,1,0,0
sh41e27h,66,kcaboy6o,20,mock,Phase3,1760737593,1,0,0
sh41e27h,72,pfpma2f4,4,presurvey,NeighborhoodInstruction,1760737598,1,0,0
sh41e27h,66,kcaboy6o,21,mock,Discussion,1760737601,1,0,0
sh41e27h,74,axi5rqyc,6,presurvey,TrainingNeighbor_1,1760737610,1,0,0
sh41e27h,56,1qdlsm94,20,mock,Phase3,1760737611,1,0,0
sh41e27h,56,1qdlsm94,21,mock,Discussion,1760737628,1,0,0
sh41e27h,64,xo2c9pmg,27,mock,DiscussionGRPWaitPage,1760737629,2,0,1
sh41e27h,69,fme9an72,27,mock,DiscussionGRPWaitPage,1760737629,2,0,1
sh41e27h,66,kcaboy6o,27,mock,DiscussionGRPWaitPage,1760737629,2,0,1
sh41e27h,56,1qdlsm94,27,mock,DiscussionGRPWaitPage,1760737629,2,0,1
sh41e27h,66,kcaboy6o,32,mock,Discussion,1760737634,2,0,0
sh41e27h,64,xo2c9pmg,32,mock,Discussion,1760737634,2,0,0
sh41e27h,69,fme9an72,32,mock,Discussion,1760737637,2,0,0
sh41e27h,72,pfpma2f4,5,presurvey,Training,1760737641,1,0,0
sh41e27h,56,1qdlsm94,32,mock,Discussion,1760737641,2,0,0
sh41e27h,64,xo2c9pmg,38,mock,DiscussionGRPWaitPage,1760737642,3,0,1
sh41e27h,69,fme9an72,38,mock,DiscussionGRPWaitPage,1760737642,3,0,1
sh41e27h,66,kcaboy6o,38,mock,DiscussionGRPWaitPage,1760737642,3,0,1
sh41e27h,56,1qdlsm94,38,mock,DiscussionGRPWaitPage,1760737642,3,0,1
sh41e27h,56,1qdlsm94,43,mock,Discussion,1760737646,3,0,0
sh41e27h,64,xo2c9pmg,43,mock,Discussion,1760737646,3,0,0
sh41e27h,74,axi5rqyc,7,presurvey,TrainingNeighbor_2,1760737646,1,0,0
sh41e27h,69,fme9an72,43,mock,Discussion,1760737649,3,0,0
sh41e27h,66,kcaboy6o,43,mock,Discussion,1760737652,3,0,0
sh41e27h,56,1qdlsm94,49,mock,DiscussionGRPWaitPage,1760737652,4,0,1
sh41e27h,64,xo2c9pmg,49,mock,DiscussionGRPWaitPage,1760737652,4,0,1
sh41e27h,69,fme9an72,49,mock,DiscussionGRPWaitPage,1760737652,4,0,1
sh41e27h,66,kcaboy6o,49,mock,DiscussionGRPWaitPage,1760737652,4,0,1
sh41e27h,64,xo2c9pmg,54,mock,Discussion,1760737655,4,0,0
sh41e27h,66,kcaboy6o,54,mock,Discussion,1760737656,4,0,0
sh41e27h,45,hd51vcjw,5,presurvey,Training,1760737658,1,0,0
sh41e27h,56,1qdlsm94,54,mock,Discussion,1760737658,4,0,0
sh41e27h,69,fme9an72,54,mock,Discussion,1760737659,4,0,0
sh41e27h,64,xo2c9pmg,60,mock,DiscussionGRPWaitPage,1760737659,5,0,1
sh41e27h,69,fme9an72,60,mock,DiscussionGRPWaitPage,1760737659,5,0,1
sh41e27h,66,kcaboy6o,60,mock,DiscussionGRPWaitPage,1760737659,5,0,1
sh41e27h,56,1qdlsm94,60,mock,DiscussionGRPWaitPage,1760737659,5,0,1
sh41e27h,64,xo2c9pmg,65,mock,Discussion,1760737663,5,0,0
sh41e27h,69,fme9an72,65,mock,Discussion,1760737665,5,0,0
sh41e27h,74,axi5rqyc,10,presurvey,ExperimentInstruction,1760737665,1,0,0
sh41e27h,66,kcaboy6o,65,mock,Discussion,1760737667,5,0,0
sh41e27h,56,1qdlsm94,65,mock,Discussion,1760737669,5,0,0
sh41e27h,64,xo2c9pmg,71,mock,DiscussionGRPWaitPage,1760737670,6,0,1
sh41e27h,69,fme9an72,71,mock,DiscussionGRPWaitPage,1760737670,6,0,1
sh41e27h,66,kcaboy6o,71,mock,DiscussionGRPWaitPage,1760737670,6,0,1
sh41e27h,56,1qdlsm94,71,mock,DiscussionGRPWaitPage,1760737670,6,0,1
sh41e27h,64,xo2c9pmg,76,mock,Discussion,1760737673,6,0,0
sh41e27h,56,1qdlsm94,76,mock,Discussion,1760737674,6,0,0
sh41e27h,69,fme9an72,76,mock,Discussion,1760737675,6,0,0
sh41e27h,66,kcaboy6o,76,mock,Discussion,1760737676,6,0,0
sh41e27h,64,xo2c9pmg,82,mock,DiscussionGRPWaitPage,1760737676,7,0,1
sh41e27h,69,fme9an72,82,mock,DiscussionGRPWaitPage,1760737676,7,0,1
sh41e27h,66,kcaboy6o,82,mock,DiscussionGRPWaitPage,1760737676,7,0,1
sh41e27h,56,1qdlsm94,82,mock,DiscussionGRPWaitPage,1760737676,7,0,1
sh41e27h,45,hd51vcjw,6,presurvey,TrainingNeighbor_1,1760737679,1,0,0
sh41e27h,56,1qdlsm94,87,mock,Discussion,1760737680,7,0,0
sh41e27h,64,xo2c9pmg,87,mock,Discussion,1760737681,7,0,0
sh41e27h,69,fme9an72,87,mock,Discussion,1760737682,7,0,0
sh41e27h,66,kcaboy6o,87,mock,Discussion,1760737682,7,0,0
sh41e27h,64,xo2c9pmg,93,mock,DiscussionGRPWaitPage,1760737682,8,0,1
sh41e27h,69,fme9an72,93,mock,DiscussionGRPWaitPage,1760737682,8,0,1
sh41e27h,66,kcaboy6o,93,mock,DiscussionGRPWaitPage,1760737682,8,0,1
sh41e27h,56,1qdlsm94,93,mock,DiscussionGRPWaitPage,1760737682,8,0,1
sh41e27h,64,xo2c9pmg,98,mock,Discussion,1760737684,8,0,0
sh41e27h,56,1qdlsm94,98,mock,Discussion,1760737685,8,0,0
sh41e27h,45,hd51vcjw,10,presurvey,ExperimentInstruction,1760737685,1,0,0
sh41e27h,66,kcaboy6o,98,mock,Discussion,1760737687,8,0,0
sh41e27h,69,fme9an72,98,mock,Discussion,1760737688,8,0,0
sh41e27h,56,1qdlsm94,104,mock,DiscussionGRPWaitPage,1760737688,9,0,1
sh41e27h,64,xo2c9pmg,104,mock,DiscussionGRPWaitPage,1760737688,9,0,1
sh41e27h,69,fme9an72,104,mock,DiscussionGRPWaitPage,1760737688,9,0,1
sh41e27h,66,kcaboy6o,104,mock,DiscussionGRPWaitPage,1760737688,9,0,1
sh41e27h,64,xo2c9pmg,109,mock,Discussion,1760737691,9,0,0
sh41e27h,56,1qdlsm94,109,mock,Discussion,1760737692,9,0,0
sh41e27h,69,fme9an72,109,mock,Discussion,1760737693,9,0,0
sh41e27h,66,kcaboy6o,109,mock,Discussion,1760737695,9,0,0
sh41e27h,64,xo2c9pmg,115,mock,DiscussionGRPWaitPage,1760737695,10,0,1
sh41e27h,69,fme9an72,115,mock,DiscussionGRPWaitPage,1760737695,10,0,1
sh41e27h,66,kcaboy6o,115,mock,DiscussionGRPWaitPage,1760737695,10,0,1
sh41e27h,56,1qdlsm94,115,mock,DiscussionGRPWaitPage,1760737695,10,0,1
sh41e27h,76,ly49b1go,0,,InitializeParticipant,1760737696,1,0,0
sh41e27h,64,xo2c9pmg,120,mock,Discussion,1760737697,10,0,0
sh41e27h,56,1qdlsm94,120,mock,Discussion,1760737698,10,0,0
sh41e27h,69,fme9an72,120,mock,Discussion,1760737700,10,0,0
sh41e27h,66,kcaboy6o,120,mock,Discussion,1760737703,10,0,0
sh41e27h,64,xo2c9pmg,126,mock,DiscussionGRPWaitPage,1760737703,11,0,1
sh41e27h,69,fme9an72,126,mock,DiscussionGRPWaitPage,1760737703,11,0,1
sh41e27h,66,kcaboy6o,126,mock,DiscussionGRPWaitPage,1760737703,11,0,1
sh41e27h,56,1qdlsm94,126,mock,DiscussionGRPWaitPage,1760737703,11,0,1
sh41e27h,64,xo2c9pmg,131,mock,Discussion,1760737706,11,0,0
sh41e27h,45,hd51vcjw,11,presurvey,Scenario,1760737707,1,0,0
sh41e27h,56,1qdlsm94,131,mock,Discussion,1760737709,11,0,0
sh41e27h,69,fme9an72,131,mock,Discussion,1760737710,11,0,0
sh41e27h,77,esgolj4x,0,,InitializeParticipant,1760737711,1,0,0
sh41e27h,66,kcaboy6o,131,mock,Discussion,1760737712,11,0,0
sh41e27h,64,xo2c9pmg,137,mock,DiscussionGRPWaitPage,1760737712,12,0,1
sh41e27h,69,fme9an72,137,mock,DiscussionGRPWaitPage,1760737712,12,0,1
sh41e27h,66,kcaboy6o,137,mock,DiscussionGRPWaitPage,1760737712,12,0,1
sh41e27h,56,1qdlsm94,137,mock,DiscussionGRPWaitPage,1760737712,12,0,1
sh41e27h,64,xo2c9pmg,142,mock,Discussion,1760737714,12,0,0
sh41e27h,69,fme9an72,142,mock,Discussion,1760737717,12,0,0
sh41e27h,56,1qdlsm94,142,mock,Discussion,1760737717,12,0,0
sh41e27h,72,pfpma2f4,6,presurvey,TrainingNeighbor_1,1760737723,1,0,0
sh41e27h,66,kcaboy6o,142,mock,Discussion,1760737724,12,0,0
sh41e27h,66,kcaboy6o,148,mock,DiscussionGRPWaitPage,1760737725,13,0,1
sh41e27h,56,1qdlsm94,148,mock,DiscussionGRPWaitPage,1760737725,13,0,1
sh41e27h,64,xo2c9pmg,148,mock,DiscussionGRPWaitPage,1760737725,13,0,1
sh41e27h,69,fme9an72,148,mock,DiscussionGRPWaitPage,1760737725,13,0,1
sh41e27h,64,xo2c9pmg,153,mock,Discussion,1760737727,13,0,0
sh41e27h,56,1qdlsm94,153,mock,Discussion,1760737728,13,0,0
sh41e27h,77,esgolj4x,1,presurvey,Introduction,1760737729,1,0,0
sh41e27h,66,kcaboy6o,153,mock,Discussion,1760737732,13,0,0
sh41e27h,69,fme9an72,153,mock,Discussion,1760737734,13,0,0
sh41e27h,56,1qdlsm94,159,mock,DiscussionGRPWaitPage,1760737735,14,0,1
sh41e27h,64,xo2c9pmg,159,mock,DiscussionGRPWaitPage,1760737735,14,0,1
sh41e27h,69,fme9an72,159,mock,DiscussionGRPWaitPage,1760737735,14,0,1
sh41e27h,66,kcaboy6o,159,mock,DiscussionGRPWaitPage,1760737735,14,0,1
sh41e27h,64,xo2c9pmg,164,mock,Discussion,1760737737,14,0,0
sh41e27h,56,1qdlsm94,164,mock,Discussion,1760737738,14,0,0
sh41e27h,69,fme9an72,164,mock,Discussion,1760737740,14,0,0
sh41e27h,78,jahaoru5,0,,InitializeParticipant,1760737741,1,0,0
sh41e27h,66,kcaboy6o,164,mock,Discussion,1760737742,14,0,0
sh41e27h,64,xo2c9pmg,170,mock,DiscussionGRPWaitPage,1760737742,15,0,1
sh41e27h,69,fme9an72,170,mock,DiscussionGRPWaitPage,1760737742,15,0,1
sh41e27h,66,kcaboy6o,170,mock,DiscussionGRPWaitPage,1760737742,15,0,1
sh41e27h,56,1qdlsm94,170,mock,DiscussionGRPWaitPage,1760737742,15,0,1
sh41e27h,74,axi5rqyc,11,presurvey,Scenario,1760737744,1,0,0
sh41e27h,64,xo2c9pmg,175,mock,Discussion,1760737746,15,0,0
sh41e27h,56,1qdlsm94,175,mock,Discussion,1760737746,15,0,0
sh41e27h,69,fme9an72,175,mock,Discussion,1760737746,15,0,0
sh41e27h,66,kcaboy6o,175,mock,Discussion,1760737761,15,0,0
sh41e27h,64,xo2c9pmg,181,mock,DiscussionGRPWaitPage,1760737761,16,0,1
sh41e27h,69,fme9an72,181,mock,DiscussionGRPWaitPage,1760737761,16,0,1
sh41e27h,66,kcaboy6o,181,mock,DiscussionGRPWaitPage,1760737761,16,0,1
sh41e27h,56,1qdlsm94,181,mock,DiscussionGRPWaitPage,1760737761,16,0,1
sh41e27h,56,1qdlsm94,186,mock,Discussion,1760737765,16,0,0
sh41e27h,64,xo2c9pmg,186,mock,Discussion,1760737766,16,0,0
sh41e27h,69,fme9an72,186,mock,Discussion,1760737766,16,0,0
sh41e27h,77,esgolj4x,2,presurvey,AudioCheck,1760737776,1,0,0
sh41e27h,76,ly49b1go,1,presurvey,Introduction,1760737778,1,0,0
sh41e27h,66,kcaboy6o,186,mock,Discussion,1760737784,16,0,0
sh41e27h,64,xo2c9pmg,192,mock,DiscussionGRPWaitPage,1760737784,17,0,1
sh41e27h,69,fme9an72,192,mock,DiscussionGRPWaitPage,1760737784,17,0,1
sh41e27h,66,kcaboy6o,192,mock,DiscussionGRPWaitPage,1760737784,17,0,1
sh41e27h,56,1qdlsm94,192,mock,DiscussionGRPWaitPage,1760737784,17,0,1
sh41e27h,64,xo2c9pmg,197,mock,Discussion,1760737786,17,0,0
sh41e27h,56,1qdlsm94,197,mock,Discussion,1760737789,17,0,0
sh41e27h,69,fme9an72,197,mock,Discussion,1760737790,17,0,0
sh41e27h,78,jahaoru5,1,presurvey,Introduction,1760737793,1,0,0
sh41e27h,75,jwr6ddw3,2,presurvey,AudioCheck,1760737795,1,0,0
sh41e27h,66,kcaboy6o,197,mock,Discussion,1760737800,17,0,0
sh41e27h,69,fme9an72,203,mock,DiscussionGRPWaitPage,1760737800,18,0,1
sh41e27h,64,xo2c9pmg,203,mock,DiscussionGRPWaitPage,1760737800,18,0,1
sh41e27h,66,kcaboy6o,203,mock,DiscussionGRPWaitPage,1760737800,18,0,1
sh41e27h,56,1qdlsm94,203,mock,DiscussionGRPWaitPage,1760737800,18,0,1
sh41e27h,64,xo2c9pmg,208,mock,Discussion,1760737804,18,0,0
sh41e27h,77,esgolj4x,3,presurvey,Demographics,1760737804,1,0,0
sh41e27h,66,kcaboy6o,208,mock,Discussion,1760737804,18,0,0
sh41e27h,69,fme9an72,208,mock,Discussion,1760737806,18,0,0
sh41e27h,56,1qdlsm94,208,mock,Discussion,1760737807,18,0,0
sh41e27h,56,1qdlsm94,214,mock,DiscussionGRPWaitPage,1760737807,19,0,1
sh41e27h,64,xo2c9pmg,214,mock,DiscussionGRPWaitPage,1760737807,19,0,1
sh41e27h,69,fme9an72,214,mock,DiscussionGRPWaitPage,1760737807,19,0,1
sh41e27h,66,kcaboy6o,214,mock,DiscussionGRPWaitPage,1760737807,19,0,1
sh41e27h,64,xo2c9pmg,219,mock,Discussion,1760737811,19,0,0
sh41e27h,66,kcaboy6o,219,mock,Discussion,1760737813,19,0,0
sh41e27h,69,fme9an72,219,mock,Discussion,1760737813,19,0,0
sh41e27h,56,1qdlsm94,219,mock,Discussion,1760737813,19,0,0
sh41e27h,64,xo2c9pmg,225,mock,DiscussionGRPWaitPage,1760737813,20,0,1
sh41e27h,69,fme9an72,225,mock,DiscussionGRPWaitPage,1760737813,20,0,1
sh41e27h,66,kcaboy6o,225,mock,DiscussionGRPWaitPage,1760737813,20,0,1
sh41e27h,56,1qdlsm94,225,mock,DiscussionGRPWaitPage,1760737813,20,0,1
sh41e27h,69,fme9an72,230,mock,Discussion,1760737818,20,0,0
sh41e27h,56,1qdlsm94,230,mock,Discussion,1760737818,20,0,0
sh41e27h,66,kcaboy6o,230,mock,Discussion,1760737818,20,0,0
sh41e27h,64,xo2c9pmg,230,mock,Discussion,1760737819,20,0,0
sh41e27h,64,xo2c9pmg,231,mock,FinalRoundWaitPage,1760737819,20,0,1
sh41e27h,69,fme9an72,231,mock,FinalRoundWaitPage,1760737819,20,0,1
sh41e27h,56,1qdlsm94,231,mock,FinalRoundWaitPage,1760737819,20,0,1
sh41e27h,66,kcaboy6o,231,mock,FinalRoundWaitPage,1760737819,20,0,1
sh41e27h,64,xo2c9pmg,232,mock,FinalRound,1760737824,20,0,0
sh41e27h,66,kcaboy6o,232,mock,FinalRound,1760737825,20,0,0
sh41e27h,69,fme9an72,232,mock,FinalRound,1760737827,20,0,0
sh41e27h,56,1qdlsm94,232,mock,FinalRound,1760737831,20,0,0
sh41e27h,78,jahaoru5,2,presurvey,AudioCheck,1760737846,1,0,0
sh41e27h,72,pfpma2f4,10,presurvey,ExperimentInstruction,1760737846,1,0,0
sh41e27h,78,jahaoru5,3,presurvey,Demographics,1760737860,1,0,0
sh41e27h,77,esgolj4x,4,presurvey,NeighborhoodInstruction,1760737860,1,0,0
sh41e27h,76,ly49b1go,2,presurvey,AudioCheck,1760737867,1,0,0
sh41e27h,76,ly49b1go,3,presurvey,Demographics,1760737890,1,0,0
sh41e27h,72,pfpma2f4,11,presurvey,Scenario,1760737890,1,0,0
sh41e27h,73,f155nmrv,1,presurvey,Introduction,1760737902,1,0,0
sh41e27h,78,jahaoru5,4,presurvey,NeighborhoodInstruction,1760737906,1,0,0
sh41e27h,79,9ecx6hcy,0,,InitializeParticipant,1760737910,1,0,0
sh41e27h,79,9ecx6hcy,1,presurvey,Introduction,1760737917,1,0,0
sh41e27h,77,esgolj4x,5,presurvey,Training,1760737918,1,0,0
sh41e27h,80,hy0zpeyx,0,,InitializeParticipant,1760737920,1,0,0
sh41e27h,81,2uz8mfsm,0,,InitializeParticipant,1760737926,1,0,0
sh41e27h,81,2uz8mfsm,1,presurvey,Introduction,1760737929,1,0,0
sh41e27h,81,2uz8mfsm,2,presurvey,AudioCheck,1760737942,1,0,0
sh41e27h,76,ly49b1go,4,presurvey,NeighborhoodInstruction,1760737953,1,0,0
sh41e27h,81,2uz8mfsm,3,presurvey,Demographics,1760737954,1,0,0
sh41e27h,79,9ecx6hcy,2,presurvey,AudioCheck,1760737957,1,0,0
sh41e27h,78,jahaoru5,5,presurvey,Training,1760737960,1,0,0
sh41e27h,81,2uz8mfsm,4,presurvey,NeighborhoodInstruction,1760737962,1,0,0
sh41e27h,73,f155nmrv,2,presurvey,AudioCheck,1760737969,1,0,0
sh41e27h,79,9ecx6hcy,3,presurvey,Demographics,1760737977,1,0,0
sh41e27h,81,2uz8mfsm,5,presurvey,Training,1760737981,1,0,0
sh41e27h,73,f155nmrv,3,presurvey,Demographics,1760737986,1,0,0
sh41e27h,81,2uz8mfsm,6,presurvey,TrainingNeighbor_1,1760737996,1,0,0
sh41e27h,77,esgolj4x,6,presurvey,TrainingNeighbor_1,1760737997,1,0,0
sh41e27h,81,2uz8mfsm,10,presurvey,ExperimentInstruction,1760738001,1,0,0
sh41e27h,82,uyza41u5,0,,InitializeParticipant,1760738004,1,0,0
sh41e27h,82,uyza41u5,1,presurvey,Introduction,1760738007,1,0,0
sh41e27h,78,jahaoru5,6,presurvey,TrainingNeighbor_1,1760738012,1,0,0
sh41e27h,83,nn3xr79q,0,,InitializeParticipant,1760738018,1,0,0
sh41e27h,76,ly49b1go,5,presurvey,Training,1760738019,1,0,0
sh41e27h,81,2uz8mfsm,11,presurvey,Scenario,1760738019,1,0,0
sh41e27h,73,f155nmrv,4,presurvey,NeighborhoodInstruction,1760738024,1,0,0
sh41e27h,82,uyza41u5,2,presurvey,AudioCheck,1760738024,1,0,0
sh41e27h,79,9ecx6hcy,4,presurvey,NeighborhoodInstruction,1760738024,1,0,0
sh41e27h,78,jahaoru5,10,presurvey,ExperimentInstruction,1760738025,1,0,0
sh41e27h,82,uyza41u5,3,presurvey,Demographics,1760738031,1,0,0
sh41e27h,75,jwr6ddw3,3,presurvey,Demographics,1760738037,1,0,0
sh41e27h,82,uyza41u5,4,presurvey,NeighborhoodInstruction,1760738045,1,0,0
sh41e27h,77,esgolj4x,7,presurvey,TrainingNeighbor_2,1760738068,1,0,0
sh41e27h,78,jahaoru5,11,presurvey,Scenario,1760738074,1,0,0
sh41e27h,79,9ecx6hcy,5,presurvey,Training,1760738083,1,0,0
sh41e27h,77,esgolj4x,8,presurvey,AttentionCheck,1760738084,1,0,0
sh41e27h,73,f155nmrv,5,presurvey,Training,1760738092,1,0,0
sh41e27h,82,uyza41u5,5,presurvey,Training,1760738099,1,0,0
sh41e27h,82,uyza41u5,6,presurvey,TrainingNeighbor_1,1760738127,1,0,0
sh41e27h,77,esgolj4x,9,presurvey,TrainingNeighbor_3,1760738128,1,0,0
sh41e27h,76,ly49b1go,6,presurvey,TrainingNeighbor_1,1760738130,1,0,0
sh41e27h,82,uyza41u5,10,presurvey,ExperimentInstruction,1760738132,1,0,0
sh41e27h,82,uyza41u5,11,presurvey,Scenario,1760738153,1,0,0
sh41e27h,75,jwr6ddw3,4,presurvey,NeighborhoodInstruction,1760738155,1,0,0
sh41e27h,73,f155nmrv,6,presurvey,TrainingNeighbor_1,1760738174,1,0,0
sh41e27h,83,nn3xr79q,1,presurvey,Introduction,1760738236,1,0,0
sh41e27h,84,wvb52pv0,0,,InitializeParticipant,1760738240,1,0,0
sh41e27h,84,wvb52pv0,1,presurvey,Introduction,1760738242,1,0,0
sh41e27h,85,waa2gz7t,0,,InitializeParticipant,1760738249,1,0,0
sh41e27h,86,lrbld78i,0,,InitializeParticipant,1760738264,1,0,0
sh41e27h,87,2hkem8bg,0,,InitializeParticipant,1760738266,1,0,0
sh41e27h,86,lrbld78i,1,presurvey,Introduction,1760738270,1,0,0
sh41e27h,73,f155nmrv,7,presurvey,TrainingNeighbor_2,1760738270,1,0,0
sh41e27h,54,6j0nu87g,13,mock,GroupingWaitPage,1760738271,1,0,1
sh41e27h,54,6j0nu87g,14,mock,GroupSizeWaitPage,1760738271,1,0,1
sh41e27h,54,6j0nu87g,15,mock,AttentionCheck,1760738278,1,0,0
sh41e27h,73,f155nmrv,8,presurvey,AttentionCheck,1760738288,1,0,0
sh41e27h,86,lrbld78i,2,presurvey,AudioCheck,1760738289,1,0,0
sh41e27h,87,2hkem8bg,1,presurvey,Introduction,1760738290,1,0,0
sh41e27h,76,ly49b1go,7,presurvey,TrainingNeighbor_2,1760738292,1,0,0
sh41e27h,86,lrbld78i,3,presurvey,Demographics,1760738309,1,0,0
sh41e27h,75,jwr6ddw3,5,presurvey,Training,1760738309,1,0,0
sh41e27h,73,f155nmrv,9,presurvey,TrainingNeighbor_3,1760738324,1,0,0
sh41e27h,76,ly49b1go,10,presurvey,ExperimentInstruction,1760738332,1,0,0
sh41e27h,88,158t7f8i,0,,InitializeParticipant,1760738335,1,0,0
sh41e27h,73,f155nmrv,10,presurvey,ExperimentInstruction,1760738336,1,0,0
sh41e27h,87,2hkem8bg,2,presurvey,AudioCheck,1760738338,1,0,0
sh41e27h,83,nn3xr79q,2,presurvey,AudioCheck,1760738341,1,0,0
sh41e27h,88,158t7f8i,1,presurvey,Introduction,1760738342,1,0,0
sh41e27h,89,1llaqheu,0,,InitializeParticipant,1760738348,1,0,0
sh41e27h,87,2hkem8bg,3,presurvey,Demographics,1760738357,1,0,0
sh41e27h,90,6hz406qu,0,,InitializeParticipant,1760738371,1,0,0
sh41e27h,90,6hz406qu,1,presurvey,Introduction,1760738376,1,0,0
sh41e27h,87,2hkem8bg,4,presurvey,NeighborhoodInstruction,1760738384,1,0,0
sh41e27h,91,4lyvu00z,0,,InitializeParticipant,1760738387,1,0,0
sh41e27h,89,1llaqheu,1,presurvey,Introduction,1760738389,1,0,0
sh41e27h,90,6hz406qu,2,presurvey,AudioCheck,1760738392,1,0,0
sh41e27h,92,8wngn1rs,0,,InitializeParticipant,1760738394,1,0,0
sh41e27h,83,nn3xr79q,3,presurvey,Demographics,1760738398,1,0,0
sh41e27h,91,4lyvu00z,1,presurvey,Introduction,1760738410,1,0,0
sh41e27h,87,2hkem8bg,5,presurvey,Training,1760738412,1,0,0
sh41e27h,89,1llaqheu,2,presurvey,AudioCheck,1760738414,1,0,0
sh41e27h,73,f155nmrv,11,presurvey,Scenario,1760738414,1,0,0
sh41e27h,92,8wngn1rs,1,presurvey,Introduction,1760738416,1,0,0
sh41e27h,85,waa2gz7t,1,presurvey,Introduction,1760738425,1,0,0
sh41e27h,89,1llaqheu,3,presurvey,Demographics,1760738427,1,0,0
sh41e27h,92,8wngn1rs,2,presurvey,AudioCheck,1760738434,1,0,0
sh41e27h,75,jwr6ddw3,6,presurvey,TrainingNeighbor_1,1760738439,1,0,0
sh41e27h,91,4lyvu00z,2,presurvey,AudioCheck,1760738442,1,0,0
sh41e27h,92,8wngn1rs,3,presurvey,Demographics,1760738445,1,0,0
sh41e27h,89,1llaqheu,4,presurvey,NeighborhoodInstruction,1760738455,1,0,0
sh41e27h,91,4lyvu00z,3,presurvey,Demographics,1760738455,1,0,0
sh41e27h,61,ggiikj2u,13,mock,GroupingWaitPage,1760738460,1,0,1
sh41e27h,61,ggiikj2u,14,mock,GroupSizeWaitPage,1760738460,1,0,1
sh41e27h,87,2hkem8bg,6,presurvey,TrainingNeighbor_1,1760738460,1,0,0
sh41e27h,92,8wngn1rs,4,presurvey,NeighborhoodInstruction,1760738461,1,0,0
sh41e27h,75,jwr6ddw3,10,presurvey,ExperimentInstruction,1760738461,1,0,0
sh41e27h,85,waa2gz7t,2,presurvey,AudioCheck,1760738463,1,0,0
sh41e27h,61,ggiikj2u,15,mock,AttentionCheck,1760738469,1,0,0
sh41e27h,91,4lyvu00z,4,presurvey,NeighborhoodInstruction,1760738474,1,0,0
sh41e27h,92,8wngn1rs,5,presurvey,Training,1760738477,1,0,0
sh41e27h,73,f155nmrv,12,presurvey,Commitment,1760738480,1,0,0
sh41e27h,76,ly49b1go,11,presurvey,Scenario,1760738481,1,0,0
sh41e27h,85,waa2gz7t,3,presurvey,Demographics,1760738490,1,0,0
sh41e27h,87,2hkem8bg,7,presurvey,TrainingNeighbor_2,1760738495,1,0,0
sh41e27h,92,8wngn1rs,6,presurvey,TrainingNeighbor_1,1760738499,1,0,0
sh41e27h,91,4lyvu00z,5,presurvey,Training,1760738502,1,0,0
sh41e27h,92,8wngn1rs,10,presurvey,ExperimentInstruction,1760738508,1,0,0
sh41e27h,87,2hkem8bg,10,presurvey,ExperimentInstruction,1760738518,1,0,0
sh41e27h,85,waa2gz7t,4,presurvey,NeighborhoodInstruction,1760738520,1,0,0
sh41e27h,92,8wngn1rs,11,presurvey,Scenario,1760738533,1,0,0
sh41e27h,91,4lyvu00z,6,presurvey,TrainingNeighbor_1,1760738535,1,0,0
sh41e27h,91,4lyvu00z,10,presurvey,ExperimentInstruction,1760738544,1,0,0
sh41e27h,87,2hkem8bg,11,presurvey,Scenario,1760738550,1,0,0
sh41e27h,85,waa2gz7t,5,presurvey,Training,1760738555,1,0,0
sh41e27h,90,6hz406qu,3,presurvey,Demographics,1760738557,1,0,0
sh41e27h,90,6hz406qu,4,presurvey,NeighborhoodInstruction,1760738564,1,0,0
sh41e27h,86,lrbld78i,4,presurvey,NeighborhoodInstruction,1760738572,1,0,0
sh41e27h,92,8wngn1rs,12,presurvey,Commitment,1760738580,1,0,0
sh41e27h,90,6hz406qu,5,presurvey,Training,1760738583,1,0,0
sh41e27h,89,1llaqheu,5,presurvey,Training,1760738600,1,0,0
sh41e27h,83,nn3xr79q,4,presurvey,NeighborhoodInstruction,1760738603,1,0,0
sh41e27h,91,4lyvu00z,11,presurvey,Scenario,1760738606,1,0,0
sh41e27h,90,6hz406qu,6,presurvey,TrainingNeighbor_1,1760738613,1,0,0
sh41e27h,90,6hz406qu,10,presurvey,ExperimentInstruction,1760738616,1,0,0
sh41e27h,85,waa2gz7t,6,presurvey,TrainingNeighbor_1,1760738619,1,0,0
sh41e27h,86,lrbld78i,5,presurvey,Training,1760738630,1,0,0
sh41e27h,89,1llaqheu,6,presurvey,TrainingNeighbor_1,1760738632,1,0,0
sh41e27h,76,ly49b1go,12,presurvey,Commitment,1760738635,1,0,0
sh41e27h,91,4lyvu00z,12,presurvey,Commitment,1760738648,1,0,0
sh41e27h,85,waa2gz7t,10,presurvey,ExperimentInstruction,1760738652,1,0,0
sh41e27h,90,6hz406qu,11,presurvey,Scenario,1760738652,1,0,0
sh41e27h,85,waa2gz7t,11,presurvey,Scenario,1760738689,1,0,0
sh41e27h,75,jwr6ddw3,11,presurvey,Scenario,1760738693,1,0,0
sh41e27h,89,1llaqheu,7,presurvey,TrainingNeighbor_2,1760738699,1,0,0
sh41e27h,70,3kb31vzv,13,mock,GroupingWaitPage,1760738707,1,0,1
sh41e27h,70,3kb31vzv,14,mock,GroupSizeWaitPage,1760738708,1,0,1
sh41e27h,89,1llaqheu,10,presurvey,ExperimentInstruction,1760738708,1,0,0
sh41e27h,70,3kb31vzv,15,mock,AttentionCheck,1760738713,1,0,0
sh41e27h,83,nn3xr79q,5,presurvey,Training,1760738722,1,0,0
sh41e27h,89,1llaqheu,11,presurvey,Scenario,1760738758,1,0,0
sh41e27h,86,lrbld78i,6,presurvey,TrainingNeighbor_1,1760738771,1,0,0
sh41e27h,86,lrbld78i,7,presurvey,TrainingNeighbor_2,1760738780,1,0,0
sh41e27h,86,lrbld78i,8,presurvey,AttentionCheck,1760738792,1,0,0
sh41e27h,75,jwr6ddw3,12,presurvey,Commitment,1760738805,1,0,0
sh41e27h,86,lrbld78i,9,presurvey,TrainingNeighbor_3,1760738812,1,0,0
sh41e27h,83,nn3xr79q,6,presurvey,TrainingNeighbor_1,1760739031,1,0,0
sh41e27h,88,158t7f8i,2,presurvey,AudioCheck,1760739060,1,0,0
sh41e27h,88,158t7f8i,3,presurvey,Demographics,1760739077,1,0,0
sh41e27h,88,158t7f8i,4,presurvey,NeighborhoodInstruction,1760739113,1,0,0
sh41e27h,88,158t7f8i,5,presurvey,Training,1760739117,1,0,0
sh41e27h,88,158t7f8i,6,presurvey,TrainingNeighbor_1,1760739170,1,0,0
sh41e27h,83,nn3xr79q,10,presurvey,ExperimentInstruction,1760739191,1,0,0
sh41e27h,88,158t7f8i,7,presurvey,TrainingNeighbor_2,1760739208,1,0,0
sh41e27h,88,158t7f8i,8,presurvey,AttentionCheck,1760739223,1,0,0
sh41e27h,88,158t7f8i,9,presurvey,TrainingNeighbor_3,1760739283,1,0,0
sh41e27h,83,nn3xr79q,11,presurvey,Scenario,1760739539,1,0,0
sh41e27h,73,f155nmrv,13,mock,GroupingWaitPage,1760739681,1,0,1
sh41e27h,73,f155nmrv,14,mock,GroupSizeWaitPage,1760739681,1,0,1
sh41e27h,73,f155nmrv,15,mock,AttentionCheck,1760739697,1,0,0
sh41e27h,83,nn3xr79q,12,presurvey,Commitment,1760739761,1,0,0
sh41e27h,76,ly49b1go,13,mock,GroupingWaitPage,1760739836,1,0,1
sh41e27h,76,ly49b1go,14,mock,GroupSizeWaitPage,1760739837,1,0,1
sh41e27h,91,4lyvu00z,13,mock,GroupingWaitPage,1760739849,1,0,1
sh41e27h,91,4lyvu00z,14,mock,GroupSizeWaitPage,1760739850,1,0,1
sh41e27h,76,ly49b1go,15,mock,AttentionCheck,1760739851,1,0,0
sh41e27h,91,4lyvu00z,15,mock,AttentionCheck,1760739856,1,0,0
sh41e27h,75,jwr6ddw3,13,mock,GroupingWaitPage,1760740017,1,0,1
sh41e27h,75,jwr6ddw3,14,mock,GroupSizeWaitPage,1760740018,1,0,1
sh41e27h,75,jwr6ddw3,15,mock,AttentionCheck,1760740026,1,0,0
sh41e27h,83,nn3xr79q,13,mock,GroupingWaitPage,1760740969,1,0,1
