session_code,participant_id_in_session,participant_code,page_index,app_name,page_name,epoch_time_completed,round_number,timeout_happened,is_wait_page
y8jib0yx,1,f30lk5at,0,,InitializeParticipant,1773237457,1,0,0
y8jib0yx,2,e0k3zazm,0,,InitializeParticipant,1773237617,1,0,0
y8jib0yx,3,daump1d8,0,,InitializeParticipant,1773237864,1,0,0
y8jib0yx,4,sob5vij8,0,,InitializeParticipant,1773237890,1,0,0
y8jib0yx,3,daump1d8,1,presurvey_part1b,Introduction,1773237895,1,0,0
y8jib0yx,4,sob5vij8,1,presurvey_part1b,Introduction,1773237916,1,0,0
y8jib0yx,5,ho6tonp7,0,,InitializeParticipant,1773237917,1,0,0
y8jib0yx,3,daump1d8,2,presurvey_part1b,TimeSelection,1773237924,1,0,0
y8jib0yx,3,daump1d8,3,presurvey_part1b,AudioCheck,1773237949,1,0,0
y8jib0yx,4,sob5vij8,2,presurvey_part1b,TimeSelection,1773237950,1,0,0
y8jib0yx,3,daump1d8,4,presurvey_part1b,NeighborhoodInstruction,1773237971,1,0,0
y8jib0yx,3,daump1d8,5,presurvey_part1b,Scenario,1773238009,1,0,0
y8jib0yx,3,daump1d8,6,Pay_phase1,Reminder,1773238024,1,0,0
y8jib0yx,5,ho6tonp7,1,presurvey_part1b,Introduction,1773238052,1,0,0
y8jib0yx,5,ho6tonp7,2,presurvey_part1b,TimeSelection,1773238079,1,0,0
y8jib0yx,6,2egp79dw,0,,InitializeParticipant,1773238097,1,0,0
y8jib0yx,5,ho6tonp7,3,presurvey_part1b,AudioCheck,1773238113,1,0,0
y8jib0yx,6,2egp79dw,1,presurvey_part1b,Introduction,1773238127,1,0,0
y8jib0yx,6,2egp79dw,2,presurvey_part1b,TimeSelection,1773238146,1,0,0
y8jib0yx,5,ho6tonp7,4,presurvey_part1b,NeighborhoodInstruction,1773238153,1,0,0
y8jib0yx,6,2egp79dw,3,presurvey_part1b,AudioCheck,1773238169,1,0,0
y8jib0yx,5,ho6tonp7,5,presurvey_part1b,Scenario,1773238205,1,0,0
y8jib0yx,6,2egp79dw,4,presurvey_part1b,NeighborhoodInstruction,1773238316,1,0,0
y8jib0yx,6,2egp79dw,5,presurvey_part1b,Scenario,1773238354,1,0,0
y8jib0yx,7,6fzgu88s,0,,InitializeParticipant,1773238427,1,0,0
y8jib0yx,7,6fzgu88s,1,presurvey_part1b,Introduction,1773238446,1,0,0
y8jib0yx,7,6fzgu88s,2,presurvey_part1b,TimeSelection,1773238474,1,0,0
y8jib0yx,7,6fzgu88s,3,presurvey_part1b,AudioCheck,1773238503,1,0,0
y8jib0yx,7,6fzgu88s,4,presurvey_part1b,NeighborhoodInstruction,1773238514,1,0,0
y8jib0yx,7,6fzgu88s,5,presurvey_part1b,Scenario,1773238563,1,0,0
y8jib0yx,7,6fzgu88s,6,Pay_phase1,Reminder,1773238577,1,0,0
y8jib0yx,8,rrvopk6c,0,,InitializeParticipant,1773238755,1,0,0
y8jib0yx,8,rrvopk6c,1,presurvey_part1b,Introduction,1773238763,1,0,0
y8jib0yx,8,rrvopk6c,2,presurvey_part1b,TimeSelection,1773238775,1,0,0
y8jib0yx,8,rrvopk6c,3,presurvey_part1b,AudioCheck,1773238787,1,0,0
y8jib0yx,8,rrvopk6c,4,presurvey_part1b,NeighborhoodInstruction,1773238807,1,0,0
y8jib0yx,8,rrvopk6c,5,presurvey_part1b,Scenario,1773238835,1,0,0
y8jib0yx,8,rrvopk6c,6,Pay_phase1,Reminder,1773238837,1,0,0
y8jib0yx,9,hck2mt18,0,,InitializeParticipant,1773238843,1,0,0
y8jib0yx,9,hck2mt18,1,presurvey_part1b,Introduction,1773238866,1,0,0
y8jib0yx,9,hck2mt18,2,presurvey_part1b,TimeSelection,1773238876,1,0,0
y8jib0yx,9,hck2mt18,3,presurvey_part1b,AudioCheck,1773238951,1,0,0
y8jib0yx,10,ogidm4oa,0,,InitializeParticipant,1773238961,1,0,0
y8jib0yx,11,5yuertrm,0,,InitializeParticipant,1773238970,1,0,0
y8jib0yx,9,hck2mt18,4,presurvey_part1b,NeighborhoodInstruction,1773238990,1,0,0
y8jib0yx,11,5yuertrm,1,presurvey_part1b,Introduction,1773238992,1,0,0
y8jib0yx,12,1wlpfqvg,0,,InitializeParticipant,1773239014,1,0,0
y8jib0yx,12,1wlpfqvg,1,presurvey_part1b,Introduction,1773239035,1,0,0
y8jib0yx,9,hck2mt18,5,presurvey_part1b,Scenario,1773239036,1,0,0
y8jib0yx,9,hck2mt18,6,Pay_phase1,Reminder,1773239038,1,0,0
y8jib0yx,12,1wlpfqvg,2,presurvey_part1b,TimeSelection,1773239057,1,0,0
y8jib0yx,13,nkvk2ja6,0,,InitializeParticipant,1773239065,1,0,0
y8jib0yx,12,1wlpfqvg,3,presurvey_part1b,AudioCheck,1773239081,1,0,0
y8jib0yx,13,nkvk2ja6,1,presurvey_part1b,Introduction,1773239094,1,0,0
y8jib0yx,13,nkvk2ja6,2,presurvey_part1b,TimeSelection,1773239113,1,0,0
y8jib0yx,13,nkvk2ja6,3,presurvey_part1b,AudioCheck,1773239136,1,0,0
y8jib0yx,13,nkvk2ja6,4,presurvey_part1b,NeighborhoodInstruction,1773239144,1,0,0
y8jib0yx,14,nxfdmnja,0,,InitializeParticipant,1773239168,1,0,0
y8jib0yx,15,l3a8ckq4,0,,InitializeParticipant,1773239178,1,0,0
y8jib0yx,13,nkvk2ja6,5,presurvey_part1b,Scenario,1773239191,1,0,0
y8jib0yx,14,nxfdmnja,1,presurvey_part1b,Introduction,1773239217,1,0,0
y8jib0yx,16,eck6ergx,0,,InitializeParticipant,1773239240,1,0,0
y8jib0yx,14,nxfdmnja,2,presurvey_part1b,TimeSelection,1773239261,1,0,0
y8jib0yx,14,nxfdmnja,3,presurvey_part1b,AudioCheck,1773239278,1,0,0
y8jib0yx,17,17uja9gu,0,,InitializeParticipant,1773239290,1,0,0
y8jib0yx,18,qq7flpp3,0,,InitializeParticipant,1773239321,1,0,0
y8jib0yx,14,nxfdmnja,4,presurvey_part1b,NeighborhoodInstruction,1773239325,1,0,0
y8jib0yx,16,eck6ergx,1,presurvey_part1b,Introduction,1773239348,1,0,0
y8jib0yx,16,eck6ergx,2,presurvey_part1b,TimeSelection,1773239369,1,0,0
y8jib0yx,14,nxfdmnja,5,presurvey_part1b,Scenario,1773239380,1,0,0
y8jib0yx,15,l3a8ckq4,1,presurvey_part1b,Introduction,1773239393,1,0,0
y8jib0yx,16,eck6ergx,3,presurvey_part1b,AudioCheck,1773239414,1,0,0
y8jib0yx,19,6jpwqmja,0,,InitializeParticipant,1773239438,1,0,0
y8jib0yx,16,eck6ergx,4,presurvey_part1b,NeighborhoodInstruction,1773239438,1,0,0
y8jib0yx,20,wyp8qb01,0,,InitializeParticipant,1773239440,1,0,0
y8jib0yx,15,l3a8ckq4,2,presurvey_part1b,TimeSelection,1773239443,1,0,0
y8jib0yx,16,eck6ergx,5,presurvey_part1b,Scenario,1773239473,1,0,0
y8jib0yx,20,wyp8qb01,1,presurvey_part1b,Introduction,1773239475,1,0,0
y8jib0yx,21,tp83itgh,0,,InitializeParticipant,1773239475,1,0,0
y8jib0yx,16,eck6ergx,6,Pay_phase1,Reminder,1773239482,1,0,0
y8jib0yx,15,l3a8ckq4,3,presurvey_part1b,AudioCheck,1773239485,1,0,0
y8jib0yx,21,tp83itgh,1,presurvey_part1b,Introduction,1773239490,1,0,0
y8jib0yx,21,tp83itgh,2,presurvey_part1b,TimeSelection,1773239495,1,0,0
y8jib0yx,19,6jpwqmja,1,presurvey_part1b,Introduction,1773239505,1,0,0
y8jib0yx,21,tp83itgh,3,presurvey_part1b,AudioCheck,1773239508,1,0,0
y8jib0yx,20,wyp8qb01,2,presurvey_part1b,TimeSelection,1773239517,1,0,0
y8jib0yx,22,pfw0hnoo,0,,InitializeParticipant,1773239528,1,0,0
y8jib0yx,19,6jpwqmja,2,presurvey_part1b,TimeSelection,1773239529,1,0,0
y8jib0yx,22,pfw0hnoo,1,presurvey_part1b,Introduction,1773239538,1,0,0
y8jib0yx,15,l3a8ckq4,4,presurvey_part1b,NeighborhoodInstruction,1773239547,1,0,0
y8jib0yx,22,pfw0hnoo,2,presurvey_part1b,TimeSelection,1773239549,1,0,0
y8jib0yx,23,ke26s0ky,0,,InitializeParticipant,1773239551,1,0,0
y8jib0yx,21,tp83itgh,4,presurvey_part1b,NeighborhoodInstruction,1773239555,1,0,0
y8jib0yx,19,6jpwqmja,3,presurvey_part1b,AudioCheck,1773239583,1,0,0
y8jib0yx,21,tp83itgh,5,presurvey_part1b,Scenario,1773239584,1,0,0
y8jib0yx,22,pfw0hnoo,3,presurvey_part1b,AudioCheck,1773239592,1,0,0
y8jib0yx,22,pfw0hnoo,4,presurvey_part1b,NeighborhoodInstruction,1773239599,1,0,0
y8jib0yx,22,pfw0hnoo,5,presurvey_part1b,Scenario,1773239615,1,0,0
y8jib0yx,19,6jpwqmja,4,presurvey_part1b,NeighborhoodInstruction,1773239616,1,0,0
y8jib0yx,22,pfw0hnoo,6,Pay_phase1,Reminder,1773239618,1,0,0
y8jib0yx,15,l3a8ckq4,5,presurvey_part1b,Scenario,1773239634,1,0,0
y8jib0yx,24,1bbfh2va,0,,InitializeParticipant,1773239642,1,0,0
y8jib0yx,19,6jpwqmja,5,presurvey_part1b,Scenario,1773239655,1,0,0
y8jib0yx,15,l3a8ckq4,6,Pay_phase1,Reminder,1773239669,1,0,0
y8jib0yx,20,wyp8qb01,3,presurvey_part1b,AudioCheck,1773239691,1,0,0
y8jib0yx,25,hl713cgq,0,,InitializeParticipant,1773239696,1,0,0
y8jib0yx,20,wyp8qb01,4,presurvey_part1b,NeighborhoodInstruction,1773239899,1,0,0
y8jib0yx,20,wyp8qb01,5,presurvey_part1b,Scenario,1773239959,1,0,0
y8jib0yx,26,g3uh1onf,0,,InitializeParticipant,1773239966,1,0,0
y8jib0yx,20,wyp8qb01,6,Pay_phase1,Reminder,1773239982,1,0,0
y8jib0yx,26,g3uh1onf,1,presurvey_part1b,Introduction,1773239988,1,0,0
y8jib0yx,26,g3uh1onf,2,presurvey_part1b,TimeSelection,1773240004,1,0,0
y8jib0yx,26,g3uh1onf,3,presurvey_part1b,AudioCheck,1773240016,1,0,0
y8jib0yx,26,g3uh1onf,4,presurvey_part1b,NeighborhoodInstruction,1773240028,1,0,0
y8jib0yx,26,g3uh1onf,5,presurvey_part1b,Scenario,1773240043,1,0,0
y8jib0yx,27,okc2syl2,0,,InitializeParticipant,1773240079,1,0,0
y8jib0yx,27,okc2syl2,1,presurvey_part1b,Introduction,1773240130,1,0,0
y8jib0yx,27,okc2syl2,2,presurvey_part1b,TimeSelection,1773240178,1,0,0
y8jib0yx,27,okc2syl2,3,presurvey_part1b,AudioCheck,1773240219,1,0,0
y8jib0yx,27,okc2syl2,4,presurvey_part1b,NeighborhoodInstruction,1773240268,1,0,0
y8jib0yx,28,e9suha81,0,,InitializeParticipant,1773240303,1,0,0
y8jib0yx,27,okc2syl2,5,presurvey_part1b,Scenario,1773240313,1,0,0
y8jib0yx,28,e9suha81,1,presurvey_part1b,Introduction,1773240323,1,0,0
y8jib0yx,27,okc2syl2,6,Pay_phase1,Reminder,1773240324,1,0,0
y8jib0yx,28,e9suha81,2,presurvey_part1b,TimeSelection,1773240395,1,0,0
y8jib0yx,28,e9suha81,3,presurvey_part1b,AudioCheck,1773240433,1,0,0
y8jib0yx,28,e9suha81,4,presurvey_part1b,NeighborhoodInstruction,1773240515,1,0,0
y8jib0yx,28,e9suha81,5,presurvey_part1b,Scenario,1773240568,1,0,0
y8jib0yx,29,ha86zkmz,0,,InitializeParticipant,1773240572,1,0,0
y8jib0yx,29,ha86zkmz,1,presurvey_part1b,Introduction,1773240601,1,0,0
y8jib0yx,30,19761cva,0,,InitializeParticipant,1773240713,1,0,0
y8jib0yx,29,ha86zkmz,2,presurvey_part1b,TimeSelection,1773240716,1,0,0
y8jib0yx,31,9cw5hvx7,0,,InitializeParticipant,1773240745,1,0,0
y8jib0yx,32,y43arxc0,0,,InitializeParticipant,1773240749,1,0,0
y8jib0yx,31,9cw5hvx7,1,presurvey_part1b,Introduction,1773240755,1,0,0
y8jib0yx,29,ha86zkmz,3,presurvey_part1b,AudioCheck,1773240762,1,0,0
y8jib0yx,31,9cw5hvx7,2,presurvey_part1b,TimeSelection,1773240767,1,0,0
y8jib0yx,32,y43arxc0,1,presurvey_part1b,Introduction,1773240767,1,0,0
y8jib0yx,32,y43arxc0,2,presurvey_part1b,TimeSelection,1773240785,1,0,0
y8jib0yx,31,9cw5hvx7,3,presurvey_part1b,AudioCheck,1773240792,1,0,0
y8jib0yx,31,9cw5hvx7,4,presurvey_part1b,NeighborhoodInstruction,1773240800,1,0,0
y8jib0yx,31,9cw5hvx7,5,presurvey_part1b,Scenario,1773240814,1,0,0
y8jib0yx,32,y43arxc0,3,presurvey_part1b,AudioCheck,1773240822,1,0,0
y8jib0yx,32,y43arxc0,4,presurvey_part1b,NeighborhoodInstruction,1773240842,1,0,0
y8jib0yx,29,ha86zkmz,4,presurvey_part1b,NeighborhoodInstruction,1773240855,1,0,0
y8jib0yx,33,ykwuryns,0,,InitializeParticipant,1773240868,1,0,0
y8jib0yx,32,y43arxc0,5,presurvey_part1b,Scenario,1773240871,1,0,0
y8jib0yx,32,y43arxc0,6,Pay_phase1,Reminder,1773240875,1,0,0
y8jib0yx,29,ha86zkmz,5,presurvey_part1b,Scenario,1773240925,1,0,0
y8jib0yx,34,k1u0ofiv,0,,InitializeParticipant,1773241036,1,0,0
y8jib0yx,34,k1u0ofiv,1,presurvey_part1b,Introduction,1773241069,1,0,0
y8jib0yx,35,db42b1dr,0,,InitializeParticipant,1773241160,1,0,0
y8jib0yx,35,db42b1dr,1,presurvey_part1b,Introduction,1773241182,1,0,0
y8jib0yx,36,9pt2mep5,0,,InitializeParticipant,1773241196,1,0,0
y8jib0yx,37,a7etpvz0,0,,InitializeParticipant,1773241211,1,0,0
y8jib0yx,36,9pt2mep5,1,presurvey_part1b,Introduction,1773241213,1,0,0
y8jib0yx,38,g68zxeqk,0,,InitializeParticipant,1773241257,1,0,0
y8jib0yx,37,a7etpvz0,1,presurvey_part1b,Introduction,1773241271,1,0,0
y8jib0yx,38,g68zxeqk,1,presurvey_part1b,Introduction,1773241276,1,0,0
y8jib0yx,36,9pt2mep5,2,presurvey_part1b,TimeSelection,1773241288,1,0,0
y8jib0yx,38,g68zxeqk,2,presurvey_part1b,TimeSelection,1773241292,1,0,0
y8jib0yx,37,a7etpvz0,2,presurvey_part1b,TimeSelection,1773241318,1,0,0
y8jib0yx,38,g68zxeqk,3,presurvey_part1b,AudioCheck,1773241330,1,0,0
y8jib0yx,36,9pt2mep5,3,presurvey_part1b,AudioCheck,1773241337,1,0,0
y8jib0yx,37,a7etpvz0,3,presurvey_part1b,AudioCheck,1773241341,1,0,0
y8jib0yx,38,g68zxeqk,4,presurvey_part1b,NeighborhoodInstruction,1773241352,1,0,0
y8jib0yx,38,g68zxeqk,5,presurvey_part1b,Scenario,1773241397,1,0,0
y8jib0yx,37,a7etpvz0,4,presurvey_part1b,NeighborhoodInstruction,1773241400,1,0,0
y8jib0yx,38,g68zxeqk,6,Pay_phase1,Reminder,1773241401,1,0,0
y8jib0yx,36,9pt2mep5,4,presurvey_part1b,NeighborhoodInstruction,1773241402,1,0,0
y8jib0yx,39,5aqfc2c7,0,,InitializeParticipant,1773241418,1,0,0
y8jib0yx,39,5aqfc2c7,1,presurvey_part1b,Introduction,1773241445,1,0,0
y8jib0yx,37,a7etpvz0,5,presurvey_part1b,Scenario,1773241456,1,0,0
y8jib0yx,39,5aqfc2c7,2,presurvey_part1b,TimeSelection,1773241465,1,0,0
y8jib0yx,40,lhm1nmaq,0,,InitializeParticipant,1773241476,1,0,0
y8jib0yx,39,5aqfc2c7,3,presurvey_part1b,AudioCheck,1773241485,1,0,0
y8jib0yx,40,lhm1nmaq,1,presurvey_part1b,Introduction,1773241502,1,0,0
y8jib0yx,41,ltvgdiol,0,,InitializeParticipant,1773241510,1,0,0
y8jib0yx,39,5aqfc2c7,4,presurvey_part1b,NeighborhoodInstruction,1773241512,1,0,0
y8jib0yx,40,lhm1nmaq,2,presurvey_part1b,TimeSelection,1773241518,1,0,0
y8jib0yx,40,lhm1nmaq,3,presurvey_part1b,AudioCheck,1773241556,1,0,0
y8jib0yx,39,5aqfc2c7,5,presurvey_part1b,Scenario,1773241557,1,0,0
y8jib0yx,41,ltvgdiol,1,presurvey_part1b,Introduction,1773241564,1,0,0
y8jib0yx,39,5aqfc2c7,6,Pay_phase1,Reminder,1773241577,1,0,0
y8jib0yx,40,lhm1nmaq,4,presurvey_part1b,NeighborhoodInstruction,1773241589,1,0,0
y8jib0yx,36,9pt2mep5,5,presurvey_part1b,Scenario,1773241596,1,0,0
y8jib0yx,36,9pt2mep5,6,Pay_phase1,Reminder,1773241627,1,0,0
y8jib0yx,40,lhm1nmaq,5,presurvey_part1b,Scenario,1773241655,1,0,0
y8jib0yx,40,lhm1nmaq,6,Pay_phase1,Reminder,1773241668,1,0,0
y8jib0yx,42,xhn6b8lx,0,,InitializeParticipant,1773241683,1,0,0
y8jib0yx,42,xhn6b8lx,1,presurvey_part1b,Introduction,1773241710,1,0,0
y8jib0yx,42,xhn6b8lx,2,presurvey_part1b,TimeSelection,1773241733,1,0,0
y8jib0yx,42,xhn6b8lx,3,presurvey_part1b,AudioCheck,1773241762,1,0,0
y8jib0yx,42,xhn6b8lx,4,presurvey_part1b,NeighborhoodInstruction,1773241793,1,0,0
y8jib0yx,43,st4lubnh,0,,InitializeParticipant,1773241827,1,0,0
y8jib0yx,42,xhn6b8lx,5,presurvey_part1b,Scenario,1773241833,1,0,0
y8jib0yx,43,st4lubnh,1,presurvey_part1b,Introduction,1773241847,1,0,0
y8jib0yx,44,ud148b4c,0,,InitializeParticipant,1773241985,1,0,0
y8jib0yx,45,3sghjbte,0,,InitializeParticipant,1773242021,1,0,0
y8jib0yx,45,3sghjbte,1,presurvey_part1b,Introduction,1773242041,1,0,0
y8jib0yx,45,3sghjbte,2,presurvey_part1b,TimeSelection,1773242058,1,0,0
y8jib0yx,46,ivvl6uw0,0,,InitializeParticipant,1773242094,1,0,0
y8jib0yx,45,3sghjbte,3,presurvey_part1b,AudioCheck,1773242095,1,0,0
y8jib0yx,47,n8vkyfn8,0,,InitializeParticipant,1773242105,1,0,0
y8jib0yx,45,3sghjbte,4,presurvey_part1b,NeighborhoodInstruction,1773242110,1,0,0
y8jib0yx,45,3sghjbte,5,presurvey_part1b,Scenario,1773242151,1,0,0
y8jib0yx,46,ivvl6uw0,1,presurvey_part1b,Introduction,1773242152,1,0,0
y8jib0yx,48,yzs7g12c,0,,InitializeParticipant,1773242171,1,0,0
y8jib0yx,49,6txf4km1,0,,InitializeParticipant,1773242181,1,0,0
y8jib0yx,49,6txf4km1,1,presurvey_part1b,Introduction,1773242204,1,0,0
y8jib0yx,47,n8vkyfn8,1,presurvey_part1b,Introduction,1773242207,1,0,0
y8jib0yx,48,yzs7g12c,1,presurvey_part1b,Introduction,1773242222,1,0,0
y8jib0yx,48,yzs7g12c,2,presurvey_part1b,TimeSelection,1773242234,1,0,0
y8jib0yx,50,fbnznvg8,0,,InitializeParticipant,1773242236,1,0,0
y8jib0yx,49,6txf4km1,2,presurvey_part1b,TimeSelection,1773242248,1,0,0
y8jib0yx,48,yzs7g12c,3,presurvey_part1b,AudioCheck,1773242250,1,0,0
y8jib0yx,48,yzs7g12c,4,presurvey_part1b,NeighborhoodInstruction,1773242264,1,0,0
y8jib0yx,49,6txf4km1,3,presurvey_part1b,AudioCheck,1773242273,1,0,0
y8jib0yx,51,doos988s,0,,InitializeParticipant,1773242275,1,0,0
y8jib0yx,50,fbnznvg8,1,presurvey_part1b,Introduction,1773242292,1,0,0
y8jib0yx,48,yzs7g12c,5,presurvey_part1b,Scenario,1773242298,1,0,0
y8jib0yx,49,6txf4km1,4,presurvey_part1b,NeighborhoodInstruction,1773242299,1,0,0
y8jib0yx,47,n8vkyfn8,2,presurvey_part1b,TimeSelection,1773242305,1,0,0
y8jib0yx,48,yzs7g12c,6,Pay_phase1,Reminder,1773242315,1,0,0
y8jib0yx,52,m64h26uz,0,,InitializeParticipant,1773242323,1,0,0
y8jib0yx,50,fbnznvg8,2,presurvey_part1b,TimeSelection,1773242326,1,0,0
y8jib0yx,47,n8vkyfn8,3,presurvey_part1b,AudioCheck,1773242335,1,0,0
y8jib0yx,50,fbnznvg8,3,presurvey_part1b,AudioCheck,1773242376,1,0,0
y8jib0yx,52,m64h26uz,1,presurvey_part1b,Introduction,1773242376,1,0,0
y8jib0yx,47,n8vkyfn8,4,presurvey_part1b,NeighborhoodInstruction,1773242382,1,0,0
y8jib0yx,52,m64h26uz,2,presurvey_part1b,TimeSelection,1773242404,1,0,0
y8jib0yx,50,fbnznvg8,4,presurvey_part1b,NeighborhoodInstruction,1773242410,1,0,0
y8jib0yx,52,m64h26uz,3,presurvey_part1b,AudioCheck,1773242424,1,0,0
y8jib0yx,49,6txf4km1,5,presurvey_part1b,Scenario,1773242426,1,0,0
y8jib0yx,52,m64h26uz,4,presurvey_part1b,NeighborhoodInstruction,1773242437,1,0,0
y8jib0yx,52,m64h26uz,5,presurvey_part1b,Scenario,1773242465,1,0,0
y8jib0yx,50,fbnznvg8,5,presurvey_part1b,Scenario,1773242471,1,0,0
y8jib0yx,50,fbnznvg8,6,Pay_phase1,Reminder,1773242485,1,0,0
y8jib0yx,47,n8vkyfn8,5,presurvey_part1b,Scenario,1773242514,1,0,0
y8jib0yx,53,vv07u314,0,,InitializeParticipant,1773242630,1,0,0
y8jib0yx,53,vv07u314,1,presurvey_part1b,Introduction,1773242675,1,0,0
y8jib0yx,53,vv07u314,2,presurvey_part1b,TimeSelection,1773242698,1,0,0
y8jib0yx,53,vv07u314,3,presurvey_part1b,AudioCheck,1773242722,1,0,0
y8jib0yx,54,am85tfjt,0,,InitializeParticipant,1773242731,1,0,0
y8jib0yx,54,am85tfjt,1,presurvey_part1b,Introduction,1773242752,1,0,0
y8jib0yx,55,tzsinpq7,0,,InitializeParticipant,1773242766,1,0,0
y8jib0yx,54,am85tfjt,2,presurvey_part1b,TimeSelection,1773242773,1,0,0
y8jib0yx,54,am85tfjt,3,presurvey_part1b,AudioCheck,1773242785,1,0,0
y8jib0yx,55,tzsinpq7,1,presurvey_part1b,Introduction,1773242787,1,0,0
y8jib0yx,54,am85tfjt,4,presurvey_part1b,NeighborhoodInstruction,1773242794,1,0,0
y8jib0yx,54,am85tfjt,5,presurvey_part1b,Scenario,1773242818,1,0,0
y8jib0yx,54,am85tfjt,6,Pay_phase1,Reminder,1773242823,1,0,0
y8jib0yx,53,vv07u314,4,presurvey_part1b,NeighborhoodInstruction,1773242845,1,0,0
y8jib0yx,53,vv07u314,5,presurvey_part1b,Scenario,1773242871,1,0,0
y8jib0yx,53,vv07u314,6,Pay_phase1,Reminder,1773242880,1,0,0
y8jib0yx,56,f9bf83mv,0,,InitializeParticipant,1773243106,1,0,0
y8jib0yx,57,ayb79f5f,0,,InitializeParticipant,1773243221,1,0,0
y8jib0yx,56,f9bf83mv,1,presurvey_part1b,Introduction,1773243242,1,0,0
y8jib0yx,57,ayb79f5f,1,presurvey_part1b,Introduction,1773243244,1,0,0
y8jib0yx,58,uixm2y5n,0,,InitializeParticipant,1773243269,1,0,0
y8jib0yx,57,ayb79f5f,2,presurvey_part1b,TimeSelection,1773243276,1,0,0
y8jib0yx,56,f9bf83mv,2,presurvey_part1b,TimeSelection,1773243291,1,0,0
y8jib0yx,59,zy6dia8j,0,,InitializeParticipant,1773243306,1,0,0
y8jib0yx,57,ayb79f5f,3,presurvey_part1b,AudioCheck,1773243315,1,0,0
y8jib0yx,59,zy6dia8j,1,presurvey_part1b,Introduction,1773243327,1,0,0
y8jib0yx,57,ayb79f5f,4,presurvey_part1b,NeighborhoodInstruction,1773243332,1,0,0
y8jib0yx,59,zy6dia8j,2,presurvey_part1b,TimeSelection,1773243354,1,0,0
y8jib0yx,56,f9bf83mv,3,presurvey_part1b,AudioCheck,1773243357,1,0,0
y8jib0yx,59,zy6dia8j,3,presurvey_part1b,AudioCheck,1773243375,1,0,0
y8jib0yx,60,zjhu9i4q,0,,InitializeParticipant,1773243388,1,0,0
y8jib0yx,59,zy6dia8j,4,presurvey_part1b,NeighborhoodInstruction,1773243395,1,0,0
y8jib0yx,56,f9bf83mv,4,presurvey_part1b,NeighborhoodInstruction,1773243395,1,0,0
y8jib0yx,57,ayb79f5f,5,presurvey_part1b,Scenario,1773243421,1,0,0
y8jib0yx,59,zy6dia8j,5,presurvey_part1b,Scenario,1773243424,1,0,0
y8jib0yx,57,ayb79f5f,6,Pay_phase1,Reminder,1773243441,1,0,0
y8jib0yx,60,zjhu9i4q,1,presurvey_part1b,Introduction,1773243453,1,0,0
y8jib0yx,60,zjhu9i4q,2,presurvey_part1b,TimeSelection,1773243476,1,0,0
y8jib0yx,60,zjhu9i4q,3,presurvey_part1b,AudioCheck,1773243504,1,0,0
y8jib0yx,56,f9bf83mv,5,presurvey_part1b,Scenario,1773243512,1,0,0
y8jib0yx,56,f9bf83mv,6,Pay_phase1,Reminder,1773243531,1,0,0
y8jib0yx,60,zjhu9i4q,4,presurvey_part1b,NeighborhoodInstruction,1773243537,1,0,0
y8jib0yx,61,p1b37xc7,0,,InitializeParticipant,1773243568,1,0,0
y8jib0yx,62,udes3471,0,,InitializeParticipant,1773243570,1,0,0
y8jib0yx,63,pi84nqo7,0,,InitializeParticipant,1773243585,1,0,0
y8jib0yx,60,zjhu9i4q,5,presurvey_part1b,Scenario,1773243593,1,0,0
y8jib0yx,61,p1b37xc7,1,presurvey_part1b,Introduction,1773243595,1,0,0
y8jib0yx,64,qdw8l1bk,0,,InitializeParticipant,1773243596,1,0,0
y8jib0yx,63,pi84nqo7,1,presurvey_part1b,Introduction,1773243603,1,0,0
y8jib0yx,60,zjhu9i4q,6,Pay_phase1,Reminder,1773243605,1,0,0
y8jib0yx,64,qdw8l1bk,1,presurvey_part1b,Introduction,1773243609,1,0,0
y8jib0yx,63,pi84nqo7,2,presurvey_part1b,TimeSelection,1773243618,1,0,0
y8jib0yx,65,6d6o9221,0,,InitializeParticipant,1773243627,1,0,0
y8jib0yx,63,pi84nqo7,3,presurvey_part1b,AudioCheck,1773243628,1,0,0
y8jib0yx,64,qdw8l1bk,2,presurvey_part1b,TimeSelection,1773243630,1,0,0
y8jib0yx,66,644rh8pm,0,,InitializeParticipant,1773243641,1,0,0
y8jib0yx,63,pi84nqo7,4,presurvey_part1b,NeighborhoodInstruction,1773243643,1,0,0
y8jib0yx,64,qdw8l1bk,3,presurvey_part1b,AudioCheck,1773243659,1,0,0
y8jib0yx,66,644rh8pm,1,presurvey_part1b,Introduction,1773243661,1,0,0
y8jib0yx,64,qdw8l1bk,4,presurvey_part1b,NeighborhoodInstruction,1773243672,1,0,0
y8jib0yx,63,pi84nqo7,5,presurvey_part1b,Scenario,1773243675,1,0,0
y8jib0yx,63,pi84nqo7,6,Pay_phase1,Reminder,1773243677,1,0,0
y8jib0yx,61,p1b37xc7,2,presurvey_part1b,TimeSelection,1773243686,1,0,0
y8jib0yx,67,jngs38jl,0,,InitializeParticipant,1773243715,1,0,0
y8jib0yx,64,qdw8l1bk,5,presurvey_part1b,Scenario,1773243720,1,0,0
y8jib0yx,61,p1b37xc7,3,presurvey_part1b,AudioCheck,1773243726,1,0,0
y8jib0yx,64,qdw8l1bk,6,Pay_phase1,Reminder,1773243733,1,0,0
y8jib0yx,61,p1b37xc7,4,presurvey_part1b,NeighborhoodInstruction,1773243847,1,0,0
y8jib0yx,61,p1b37xc7,5,presurvey_part1b,Scenario,1773243884,1,0,0
y8jib0yx,61,p1b37xc7,6,Pay_phase1,Reminder,1773243891,1,0,0
y8jib0yx,68,6h49cww2,0,,InitializeParticipant,1773244040,1,0,0
y8jib0yx,69,m1h8nbtf,0,,InitializeParticipant,1773244064,1,0,0
y8jib0yx,70,d2ar4t0r,0,,InitializeParticipant,1773244139,1,0,0
y8jib0yx,70,d2ar4t0r,1,presurvey_part1b,Introduction,1773244173,1,0,0
y8jib0yx,71,q9s8m5z8,0,,InitializeParticipant,1773244246,1,0,0
y8jib0yx,71,q9s8m5z8,1,presurvey_part1b,Introduction,1773244274,1,0,0
y8jib0yx,71,q9s8m5z8,2,presurvey_part1b,TimeSelection,1773244303,1,0,0
y8jib0yx,72,ahpmow0d,0,,InitializeParticipant,1773244307,1,0,0
y8jib0yx,72,ahpmow0d,1,presurvey_part1b,Introduction,1773244315,1,0,0
y8jib0yx,71,q9s8m5z8,3,presurvey_part1b,AudioCheck,1773244324,1,0,0
y8jib0yx,71,q9s8m5z8,4,presurvey_part1b,NeighborhoodInstruction,1773244336,1,0,0
y8jib0yx,71,q9s8m5z8,5,presurvey_part1b,Scenario,1773244402,1,0,0
y8jib0yx,69,m1h8nbtf,1,presurvey_part1b,Introduction,1773244533,1,0,0
y8jib0yx,73,cgyq60tg,0,,InitializeParticipant,1773244538,1,0,0
y8jib0yx,69,m1h8nbtf,2,presurvey_part1b,TimeSelection,1773244544,1,0,0
y8jib0yx,69,m1h8nbtf,3,presurvey_part1b,AudioCheck,1773244567,1,0,0
y8jib0yx,73,cgyq60tg,1,presurvey_part1b,Introduction,1773244572,1,0,0
y8jib0yx,73,cgyq60tg,2,presurvey_part1b,TimeSelection,1773244611,1,0,0
y8jib0yx,69,m1h8nbtf,4,presurvey_part1b,NeighborhoodInstruction,1773244617,1,0,0
y8jib0yx,73,cgyq60tg,3,presurvey_part1b,AudioCheck,1773244630,1,0,0
y8jib0yx,73,cgyq60tg,4,presurvey_part1b,NeighborhoodInstruction,1773244653,1,0,0
y8jib0yx,69,m1h8nbtf,5,presurvey_part1b,Scenario,1773244657,1,0,0
y8jib0yx,74,ooo94mac,0,,InitializeParticipant,1773244667,1,0,0
y8jib0yx,69,m1h8nbtf,6,Pay_phase1,Reminder,1773244677,1,0,0
y8jib0yx,73,cgyq60tg,5,presurvey_part1b,Scenario,1773244689,1,0,0
y8jib0yx,74,ooo94mac,1,presurvey_part1b,Introduction,1773244690,1,0,0
y8jib0yx,62,udes3471,1,presurvey_part1b,Introduction,1773244736,1,0,0
y8jib0yx,62,udes3471,2,presurvey_part1b,TimeSelection,1773244745,1,0,0
y8jib0yx,75,typ19csb,0,,InitializeParticipant,1773244795,1,0,0
y8jib0yx,75,typ19csb,1,presurvey_part1b,Introduction,1773244814,1,0,0
y8jib0yx,75,typ19csb,2,presurvey_part1b,TimeSelection,1773244826,1,0,0
y8jib0yx,75,typ19csb,3,presurvey_part1b,AudioCheck,1773244856,1,0,0
y8jib0yx,75,typ19csb,4,presurvey_part1b,NeighborhoodInstruction,1773244867,1,0,0
y8jib0yx,75,typ19csb,5,presurvey_part1b,Scenario,1773244883,1,0,0
y8jib0yx,75,typ19csb,6,Pay_phase1,Reminder,1773244889,1,0,0
y8jib0yx,62,udes3471,3,presurvey_part1b,AudioCheck,1773244928,1,0,0
y8jib0yx,62,udes3471,4,presurvey_part1b,NeighborhoodInstruction,1773244929,1,0,0
y8jib0yx,62,udes3471,5,presurvey_part1b,Scenario,1773244944,1,0,0
y8jib0yx,62,udes3471,6,Pay_phase1,Reminder,1773244945,1,0,0
y8jib0yx,76,2hov1xq4,0,,InitializeParticipant,1773245159,1,0,0
y8jib0yx,77,vyp0qs92,0,,InitializeParticipant,1773245265,1,0,0
y8jib0yx,78,3tjvh1ek,0,,InitializeParticipant,1773245367,1,0,0
y8jib0yx,79,iv4y6vqs,0,,InitializeParticipant,1773245481,1,0,0
y8jib0yx,79,iv4y6vqs,1,presurvey_part1b,Introduction,1773245489,1,0,0
y8jib0yx,79,iv4y6vqs,2,presurvey_part1b,TimeSelection,1773245504,1,0,0
y8jib0yx,79,iv4y6vqs,3,presurvey_part1b,AudioCheck,1773245526,1,0,0
y8jib0yx,79,iv4y6vqs,4,presurvey_part1b,NeighborhoodInstruction,1773245546,1,0,0
y8jib0yx,76,2hov1xq4,1,presurvey_part1b,Introduction,1773245562,1,0,0
y8jib0yx,79,iv4y6vqs,5,presurvey_part1b,Scenario,1773245572,1,0,0
y8jib0yx,79,iv4y6vqs,6,Pay_phase1,Reminder,1773245576,1,0,0
y8jib0yx,76,2hov1xq4,2,presurvey_part1b,TimeSelection,1773245584,1,0,0
y8jib0yx,76,2hov1xq4,3,presurvey_part1b,AudioCheck,1773245609,1,0,0
y8jib0yx,76,2hov1xq4,4,presurvey_part1b,NeighborhoodInstruction,1773245642,1,0,0
y8jib0yx,80,9ojy4zjs,0,,InitializeParticipant,1773245756,1,0,0
y8jib0yx,80,9ojy4zjs,1,presurvey_part1b,Introduction,1773245765,1,0,0
y8jib0yx,76,2hov1xq4,5,presurvey_part1b,Scenario,1773245842,1,0,0
y8jib0yx,76,2hov1xq4,6,Pay_phase1,Reminder,1773245851,1,0,0
y8jib0yx,81,e26uvtn3,0,,InitializeParticipant,1773245906,1,0,0
y8jib0yx,81,e26uvtn3,1,presurvey_part1b,Introduction,1773245939,1,0,0
y8jib0yx,81,e26uvtn3,2,presurvey_part1b,TimeSelection,1773245964,1,0,0
y8jib0yx,81,e26uvtn3,3,presurvey_part1b,AudioCheck,1773245991,1,0,0
y8jib0yx,82,3y2s62rd,0,,InitializeParticipant,1773246009,1,0,0
y8jib0yx,81,e26uvtn3,4,presurvey_part1b,NeighborhoodInstruction,1773246013,1,0,0
y8jib0yx,81,e26uvtn3,5,presurvey_part1b,Scenario,1773246043,1,0,0
y8jib0yx,82,3y2s62rd,1,presurvey_part1b,Introduction,1773246045,1,0,0
y8jib0yx,82,3y2s62rd,2,presurvey_part1b,TimeSelection,1773246053,1,0,0
y8jib0yx,83,1f6pc1et,0,,InitializeParticipant,1773246381,1,0,0
y8jib0yx,83,1f6pc1et,1,presurvey_part1b,Introduction,1773246391,1,0,0
y8jib0yx,83,1f6pc1et,2,presurvey_part1b,TimeSelection,1773246408,1,0,0
y8jib0yx,83,1f6pc1et,3,presurvey_part1b,AudioCheck,1773246431,1,0,0
y8jib0yx,84,pppjikvg,0,,InitializeParticipant,1773246437,1,0,0
y8jib0yx,83,1f6pc1et,4,presurvey_part1b,NeighborhoodInstruction,1773246445,1,0,0
y8jib0yx,85,jqlrqy4g,0,,InitializeParticipant,1773246457,1,0,0
y8jib0yx,83,1f6pc1et,5,presurvey_part1b,Scenario,1773246470,1,0,0
y8jib0yx,83,1f6pc1et,6,Pay_phase1,Reminder,1773246477,1,0,0
y8jib0yx,84,pppjikvg,1,presurvey_part1b,Introduction,1773246489,1,0,0
y8jib0yx,85,jqlrqy4g,1,presurvey_part1b,Introduction,1773246496,1,0,0
y8jib0yx,84,pppjikvg,2,presurvey_part1b,TimeSelection,1773246516,1,0,0
y8jib0yx,84,pppjikvg,3,presurvey_part1b,AudioCheck,1773246531,1,0,0
y8jib0yx,84,pppjikvg,4,presurvey_part1b,NeighborhoodInstruction,1773246539,1,0,0
y8jib0yx,84,pppjikvg,5,presurvey_part1b,Scenario,1773246561,1,0,0
y8jib0yx,84,pppjikvg,6,Pay_phase1,Reminder,1773246571,1,0,0
y8jib0yx,85,jqlrqy4g,2,presurvey_part1b,TimeSelection,1773246592,1,0,0
y8jib0yx,86,lxu8jl0r,0,,InitializeParticipant,1773246731,1,0,0
y8jib0yx,86,lxu8jl0r,1,presurvey_part1b,Introduction,1773246803,1,0,0
y8jib0yx,86,lxu8jl0r,2,presurvey_part1b,TimeSelection,1773246812,1,0,0
y8jib0yx,86,lxu8jl0r,3,presurvey_part1b,AudioCheck,1773246858,1,0,0
y8jib0yx,87,3j0ma132,0,,InitializeParticipant,1773246880,1,0,0
y8jib0yx,86,lxu8jl0r,4,presurvey_part1b,NeighborhoodInstruction,1773246919,1,0,0
y8jib0yx,86,lxu8jl0r,5,presurvey_part1b,Scenario,1773246991,1,0,0
y8jib0yx,88,sgky5j6n,0,,InitializeParticipant,1773247346,1,0,0
y8jib0yx,89,wyewz62a,0,,InitializeParticipant,1773247427,1,0,0
y8jib0yx,89,wyewz62a,1,presurvey_part1b,Introduction,1773247433,1,0,0
y8jib0yx,89,wyewz62a,2,presurvey_part1b,TimeSelection,1773247450,1,0,0
y8jib0yx,89,wyewz62a,3,presurvey_part1b,AudioCheck,1773247464,1,0,0
y8jib0yx,90,jhqusu31,0,,InitializeParticipant,1773247637,1,0,0
y8jib0yx,90,jhqusu31,1,presurvey_part1b,Introduction,1773247656,1,0,0
y8jib0yx,91,5buvadt1,0,,InitializeParticipant,1773247662,1,0,0
y8jib0yx,90,jhqusu31,2,presurvey_part1b,TimeSelection,1773247671,1,0,0
y8jib0yx,90,jhqusu31,3,presurvey_part1b,AudioCheck,1773247697,1,0,0
y8jib0yx,92,pw0jtxhk,0,,InitializeParticipant,1773247700,1,0,0
y8jib0yx,90,jhqusu31,4,presurvey_part1b,NeighborhoodInstruction,1773247704,1,0,0
y8jib0yx,90,jhqusu31,5,presurvey_part1b,Scenario,1773247718,1,0,0
y8jib0yx,90,jhqusu31,6,Pay_phase1,Reminder,1773247734,1,0,0
y8jib0yx,91,5buvadt1,1,presurvey_part1b,Introduction,1773247739,1,0,0
y8jib0yx,89,wyewz62a,4,presurvey_part1b,NeighborhoodInstruction,1773247764,1,0,0
y8jib0yx,91,5buvadt1,2,presurvey_part1b,TimeSelection,1773247776,1,0,0
y8jib0yx,89,wyewz62a,5,presurvey_part1b,Scenario,1773247779,1,0,0
y8jib0yx,89,wyewz62a,6,Pay_phase1,Reminder,1773247790,1,0,0
y8jib0yx,88,sgky5j6n,1,presurvey_part1b,Introduction,1773247793,1,0,0
y8jib0yx,91,5buvadt1,3,presurvey_part1b,AudioCheck,1773247822,1,0,0
y8jib0yx,93,0thaksao,0,,InitializeParticipant,1773247823,1,0,0
y8jib0yx,88,sgky5j6n,2,presurvey_part1b,TimeSelection,1773247839,1,0,0
y8jib0yx,88,sgky5j6n,3,presurvey_part1b,AudioCheck,1773247862,1,0,0
y8jib0yx,91,5buvadt1,4,presurvey_part1b,NeighborhoodInstruction,1773247867,1,0,0
y8jib0yx,91,5buvadt1,5,presurvey_part1b,Scenario,1773247899,1,0,0
y8jib0yx,93,0thaksao,1,presurvey_part1b,Introduction,1773247906,1,0,0
y8jib0yx,94,bplshbrl,0,,InitializeParticipant,1773247922,1,0,0
y8jib0yx,88,sgky5j6n,4,presurvey_part1b,NeighborhoodInstruction,1773247941,1,0,0
y8jib0yx,94,bplshbrl,1,presurvey_part1b,Introduction,1773247982,1,0,0
y8jib0yx,88,sgky5j6n,5,presurvey_part1b,Scenario,1773248015,1,0,0
y8jib0yx,94,bplshbrl,2,presurvey_part1b,TimeSelection,1773248030,1,0,0
y8jib0yx,94,bplshbrl,3,presurvey_part1b,AudioCheck,1773248074,1,0,0
y8jib0yx,88,sgky5j6n,6,Pay_phase1,Reminder,1773248093,1,0,0
y8jib0yx,94,bplshbrl,4,presurvey_part1b,NeighborhoodInstruction,1773248119,1,0,0
y8jib0yx,94,bplshbrl,5,presurvey_part1b,Scenario,1773248246,1,0,0
y8jib0yx,95,mlrdok0r,0,,InitializeParticipant,1773248350,1,0,0
y8jib0yx,95,mlrdok0r,1,presurvey_part1b,Introduction,1773248364,1,0,0
y8jib0yx,95,mlrdok0r,2,presurvey_part1b,TimeSelection,1773248379,1,0,0
y8jib0yx,95,mlrdok0r,3,presurvey_part1b,AudioCheck,1773248393,1,0,0
y8jib0yx,95,mlrdok0r,4,presurvey_part1b,NeighborhoodInstruction,1773248402,1,0,0
y8jib0yx,95,mlrdok0r,5,presurvey_part1b,Scenario,1773248424,1,0,0
y8jib0yx,95,mlrdok0r,6,Pay_phase1,Reminder,1773248425,1,0,0
y8jib0yx,96,lrvqm6wf,0,,InitializeParticipant,1773248463,1,0,0
y8jib0yx,96,lrvqm6wf,1,presurvey_part1b,Introduction,1773248570,1,0,0
y8jib0yx,97,s612q19e,0,,InitializeParticipant,1773248578,1,0,0
y8jib0yx,97,s612q19e,1,presurvey_part1b,Introduction,1773248596,1,0,0
y8jib0yx,98,4cs6brhx,0,,InitializeParticipant,1773248605,1,0,0
y8jib0yx,99,jojz43gm,0,,InitializeParticipant,1773248608,1,0,0
y8jib0yx,97,s612q19e,2,presurvey_part1b,TimeSelection,1773248616,1,0,0
y8jib0yx,100,i7z9lhhs,0,,InitializeParticipant,1773248624,1,0,0
y8jib0yx,97,s612q19e,3,presurvey_part1b,AudioCheck,1773248632,1,0,0
y8jib0yx,99,jojz43gm,1,presurvey_part1b,Introduction,1773248637,1,0,0
y8jib0yx,97,s612q19e,4,presurvey_part1b,NeighborhoodInstruction,1773248647,1,0,0
y8jib0yx,100,i7z9lhhs,1,presurvey_part1b,Introduction,1773248655,1,0,0
y8jib0yx,99,jojz43gm,2,presurvey_part1b,TimeSelection,1773248662,1,0,0
y8jib0yx,100,i7z9lhhs,2,presurvey_part1b,TimeSelection,1773248663,1,0,0
y8jib0yx,97,s612q19e,5,presurvey_part1b,Scenario,1773248671,1,0,0
y8jib0yx,97,s612q19e,6,Pay_phase1,Reminder,1773248675,1,0,0
y8jib0yx,99,jojz43gm,3,presurvey_part1b,AudioCheck,1773248675,1,0,0
y8jib0yx,99,jojz43gm,4,presurvey_part1b,NeighborhoodInstruction,1773248689,1,0,0
y8jib0yx,98,4cs6brhx,1,presurvey_part1b,Introduction,1773248709,1,0,0
y8jib0yx,99,jojz43gm,5,presurvey_part1b,Scenario,1773248716,1,0,0
y8jib0yx,101,2ab2gobd,0,,InitializeParticipant,1773248718,1,0,0
y8jib0yx,99,jojz43gm,6,Pay_phase1,Reminder,1773248721,1,0,0
y8jib0yx,101,2ab2gobd,1,presurvey_part1b,Introduction,1773248751,1,0,0
y8jib0yx,101,2ab2gobd,2,presurvey_part1b,TimeSelection,1773248781,1,0,0
y8jib0yx,101,2ab2gobd,3,presurvey_part1b,AudioCheck,1773248799,1,0,0
y8jib0yx,101,2ab2gobd,4,presurvey_part1b,NeighborhoodInstruction,1773248809,1,0,0
y8jib0yx,101,2ab2gobd,5,presurvey_part1b,Scenario,1773248831,1,0,0
y8jib0yx,101,2ab2gobd,6,Pay_phase1,Reminder,1773248837,1,0,0
y8jib0yx,102,5qzu9iy0,0,,InitializeParticipant,1773249265,1,0,0
y8jib0yx,102,5qzu9iy0,1,presurvey_part1b,Introduction,1773249286,1,0,0
y8jib0yx,102,5qzu9iy0,2,presurvey_part1b,TimeSelection,1773249308,1,0,0
y8jib0yx,103,cqfcja4m,0,,InitializeParticipant,1773249435,1,0,0
y8jib0yx,104,7xqqk4j8,0,,InitializeParticipant,1773249437,1,0,0
y8jib0yx,105,3mavftd1,0,,InitializeParticipant,1773249447,1,0,0
y8jib0yx,106,x69tv0y5,0,,InitializeParticipant,1773249448,1,0,0
y8jib0yx,102,5qzu9iy0,3,presurvey_part1b,AudioCheck,1773249457,1,0,0
y8jib0yx,103,cqfcja4m,1,presurvey_part1b,Introduction,1773249463,1,0,0
y8jib0yx,106,x69tv0y5,1,presurvey_part1b,Introduction,1773249465,1,0,0
y8jib0yx,106,x69tv0y5,2,presurvey_part1b,TimeSelection,1773249478,1,0,0
y8jib0yx,106,x69tv0y5,3,presurvey_part1b,AudioCheck,1773249490,1,0,0
y8jib0yx,106,x69tv0y5,4,presurvey_part1b,NeighborhoodInstruction,1773249505,1,0,0
y8jib0yx,106,x69tv0y5,5,presurvey_part1b,Scenario,1773249543,1,0,0
y8jib0yx,106,x69tv0y5,6,Pay_phase1,Reminder,1773249547,1,0,0
y8jib0yx,107,svnohjb1,0,,InitializeParticipant,1773249704,1,0,0
y8jib0yx,108,pgs23v76,0,,InitializeParticipant,1773249865,1,0,0
y8jib0yx,107,svnohjb1,1,presurvey_part1b,Introduction,1773249916,1,0,0
y8jib0yx,109,ovb7q02q,0,,InitializeParticipant,1773249979,1,0,0
y8jib0yx,109,ovb7q02q,1,presurvey_part1b,Introduction,1773250022,1,0,0
y8jib0yx,102,5qzu9iy0,4,presurvey_part1b,NeighborhoodInstruction,1773250053,1,0,0
y8jib0yx,109,ovb7q02q,2,presurvey_part1b,TimeSelection,1773250067,1,0,0
y8jib0yx,102,5qzu9iy0,5,presurvey_part1b,Scenario,1773250095,1,0,0
y8jib0yx,109,ovb7q02q,3,presurvey_part1b,AudioCheck,1773250100,1,0,0
y8jib0yx,102,5qzu9iy0,6,Pay_phase1,Reminder,1773250114,1,0,0
y8jib0yx,109,ovb7q02q,4,presurvey_part1b,NeighborhoodInstruction,1773250131,1,0,0
y8jib0yx,109,ovb7q02q,5,presurvey_part1b,Scenario,1773250182,1,0,0
y8jib0yx,110,xws7cgd8,0,,InitializeParticipant,1773250232,1,0,0
y8jib0yx,110,xws7cgd8,1,presurvey_part1b,Introduction,1773250249,1,0,0
y8jib0yx,110,xws7cgd8,2,presurvey_part1b,TimeSelection,1773250261,1,0,0
y8jib0yx,110,xws7cgd8,3,presurvey_part1b,AudioCheck,1773250274,1,0,0
y8jib0yx,110,xws7cgd8,4,presurvey_part1b,NeighborhoodInstruction,1773250314,1,0,0
y8jib0yx,110,xws7cgd8,5,presurvey_part1b,Scenario,1773250332,1,0,0
y8jib0yx,110,xws7cgd8,6,Pay_phase1,Reminder,1773250342,1,0,0
y8jib0yx,111,rmjcn9pr,0,,InitializeParticipant,1773250391,1,0,0
y8jib0yx,112,53nafbb3,0,,InitializeParticipant,1773250418,1,0,0
y8jib0yx,113,whkmhftr,0,,InitializeParticipant,1773250443,1,0,0
y8jib0yx,112,53nafbb3,1,presurvey_part1b,Introduction,1773250444,1,0,0
y8jib0yx,111,rmjcn9pr,1,presurvey_part1b,Introduction,1773250460,1,0,0
y8jib0yx,112,53nafbb3,2,presurvey_part1b,TimeSelection,1773250466,1,0,0
y8jib0yx,113,whkmhftr,1,presurvey_part1b,Introduction,1773250472,1,0,0
y8jib0yx,112,53nafbb3,3,presurvey_part1b,AudioCheck,1773250482,1,0,0
y8jib0yx,113,whkmhftr,2,presurvey_part1b,TimeSelection,1773250484,1,0,0
y8jib0yx,111,rmjcn9pr,2,presurvey_part1b,TimeSelection,1773250500,1,0,0
y8jib0yx,113,whkmhftr,3,presurvey_part1b,AudioCheck,1773250502,1,0,0
y8jib0yx,112,53nafbb3,4,presurvey_part1b,NeighborhoodInstruction,1773250504,1,0,0
y8jib0yx,113,whkmhftr,4,presurvey_part1b,NeighborhoodInstruction,1773250509,1,0,0
y8jib0yx,111,rmjcn9pr,3,presurvey_part1b,AudioCheck,1773250520,1,0,0
y8jib0yx,113,whkmhftr,5,presurvey_part1b,Scenario,1773250521,1,0,0
y8jib0yx,112,53nafbb3,5,presurvey_part1b,Scenario,1773250527,1,0,0
y8jib0yx,114,anhaa5mi,0,,InitializeParticipant,1773250529,1,0,0
y8jib0yx,113,whkmhftr,6,Pay_phase1,Reminder,1773250532,1,0,0
y8jib0yx,112,53nafbb3,6,Pay_phase1,Reminder,1773250539,1,0,0
y8jib0yx,115,z78s3c3l,0,,InitializeParticipant,1773250545,1,0,0
y8jib0yx,114,anhaa5mi,1,presurvey_part1b,Introduction,1773250565,1,0,0
y8jib0yx,111,rmjcn9pr,4,presurvey_part1b,NeighborhoodInstruction,1773250567,1,0,0
y8jib0yx,114,anhaa5mi,2,presurvey_part1b,TimeSelection,1773250580,1,0,0
y8jib0yx,114,anhaa5mi,3,presurvey_part1b,AudioCheck,1773250603,1,0,0
y8jib0yx,116,y9307sbq,0,,InitializeParticipant,1773250605,1,0,0
y8jib0yx,114,anhaa5mi,4,presurvey_part1b,NeighborhoodInstruction,1773250618,1,0,0
y8jib0yx,111,rmjcn9pr,5,presurvey_part1b,Scenario,1773250631,1,0,0
y8jib0yx,114,anhaa5mi,5,presurvey_part1b,Scenario,1773250656,1,0,0
y8jib0yx,117,xbcz1j4q,0,,InitializeParticipant,1773250727,1,0,0
y8jib0yx,117,xbcz1j4q,1,presurvey_part1b,Introduction,1773250753,1,0,0
y8jib0yx,118,0h68c7sr,0,,InitializeParticipant,1773250775,1,0,0
y8jib0yx,119,d2xklks1,0,,InitializeParticipant,1773250792,1,0,0
y8jib0yx,120,uwpnff4q,0,,InitializeParticipant,1773250794,1,0,0
y8jib0yx,118,0h68c7sr,1,presurvey_part1b,Introduction,1773250809,1,0,0
y8jib0yx,119,d2xklks1,1,presurvey_part1b,Introduction,1773250828,1,0,0
y8jib0yx,120,uwpnff4q,1,presurvey_part1b,Introduction,1773250844,1,0,0
y8jib0yx,120,uwpnff4q,2,presurvey_part1b,TimeSelection,1773250874,1,0,0
y8jib0yx,121,7az02zil,0,,InitializeParticipant,1773250883,1,0,0
y8jib0yx,120,uwpnff4q,3,presurvey_part1b,AudioCheck,1773250929,1,0,0
y8jib0yx,122,3do80ewp,0,,InitializeParticipant,1773250939,1,0,0
y8jib0yx,121,7az02zil,1,presurvey_part1b,Introduction,1773250944,1,0,0
y8jib0yx,122,3do80ewp,1,presurvey_part1b,Introduction,1773250960,1,0,0
y8jib0yx,121,7az02zil,2,presurvey_part1b,TimeSelection,1773250967,1,0,0
y8jib0yx,120,uwpnff4q,4,presurvey_part1b,NeighborhoodInstruction,1773250993,1,0,0
y8jib0yx,121,7az02zil,3,presurvey_part1b,AudioCheck,1773251016,1,0,0
y8jib0yx,121,7az02zil,4,presurvey_part1b,NeighborhoodInstruction,1773251026,1,0,0
y8jib0yx,121,7az02zil,5,presurvey_part1b,Scenario,1773251058,1,0,0
y8jib0yx,121,7az02zil,6,Pay_phase1,Reminder,1773251061,1,0,0
y8jib0yx,123,5mks3n6g,0,,InitializeParticipant,1773251064,1,0,0
y8jib0yx,120,uwpnff4q,5,presurvey_part1b,Scenario,1773251077,1,0,0
y8jib0yx,124,px1rl8oh,0,,InitializeParticipant,1773251085,1,0,0
y8jib0yx,120,uwpnff4q,6,Pay_phase1,Reminder,1773251085,1,0,0
y8jib0yx,124,px1rl8oh,1,presurvey_part1b,Introduction,1773251090,1,0,0
y8jib0yx,123,5mks3n6g,1,presurvey_part1b,Introduction,1773251093,1,0,0
y8jib0yx,124,px1rl8oh,2,presurvey_part1b,TimeSelection,1773251097,1,0,0
y8jib0yx,124,px1rl8oh,3,presurvey_part1b,AudioCheck,1773251112,1,0,0
y8jib0yx,124,px1rl8oh,4,presurvey_part1b,NeighborhoodInstruction,1773251117,1,0,0
y8jib0yx,124,px1rl8oh,5,presurvey_part1b,Scenario,1773251129,1,0,0
y8jib0yx,125,wo5u80dd,0,,InitializeParticipant,1773251155,1,0,0
y8jib0yx,125,wo5u80dd,1,presurvey_part1b,Introduction,1773251187,1,0,0
y8jib0yx,124,px1rl8oh,6,Pay_phase1,Reminder,1773251249,1,0,0
y8jib0yx,126,pcu49zfp,0,,InitializeParticipant,1773251261,1,0,0
y8jib0yx,127,921ltvaz,0,,InitializeParticipant,1773251262,1,0,0
y8jib0yx,128,74elxqiv,0,,InitializeParticipant,1773251276,1,0,0
y8jib0yx,129,7315d2s6,0,,InitializeParticipant,1773251279,1,0,0
y8jib0yx,127,921ltvaz,1,presurvey_part1b,Introduction,1773251288,1,0,0
y8jib0yx,127,921ltvaz,2,presurvey_part1b,TimeSelection,1773251303,1,0,0
y8jib0yx,126,pcu49zfp,1,presurvey_part1b,Introduction,1773251312,1,0,0
y8jib0yx,129,7315d2s6,1,presurvey_part1b,Introduction,1773251322,1,0,0
y8jib0yx,127,921ltvaz,3,presurvey_part1b,AudioCheck,1773251324,1,0,0
y8jib0yx,126,pcu49zfp,2,presurvey_part1b,TimeSelection,1773251337,1,0,0
y8jib0yx,127,921ltvaz,4,presurvey_part1b,NeighborhoodInstruction,1773251354,1,0,0
y8jib0yx,126,pcu49zfp,3,presurvey_part1b,AudioCheck,1773251358,1,0,0
y8jib0yx,126,pcu49zfp,4,presurvey_part1b,NeighborhoodInstruction,1773251383,1,0,0
y8jib0yx,127,921ltvaz,5,presurvey_part1b,Scenario,1773251384,1,0,0
y8jib0yx,126,pcu49zfp,5,presurvey_part1b,Scenario,1773251410,1,0,0
y8jib0yx,126,pcu49zfp,6,Pay_phase1,Reminder,1773251413,1,0,0
y8jib0yx,130,0vlfh7eh,0,,InitializeParticipant,1773251430,1,0,0
y8jib0yx,131,pppsul1z,0,,InitializeParticipant,1773251493,1,0,0
y8jib0yx,132,z01y0zp5,0,,InitializeParticipant,1773251528,1,0,0
y8jib0yx,132,z01y0zp5,1,presurvey_part1b,Introduction,1773251556,1,0,0
y8jib0yx,132,z01y0zp5,2,presurvey_part1b,TimeSelection,1773251571,1,0,0
y8jib0yx,132,z01y0zp5,3,presurvey_part1b,AudioCheck,1773251587,1,0,0
y8jib0yx,132,z01y0zp5,4,presurvey_part1b,NeighborhoodInstruction,1773251608,1,0,0
y8jib0yx,133,1l6ezc91,0,,InitializeParticipant,1773251631,1,0,0
y8jib0yx,132,z01y0zp5,5,presurvey_part1b,Scenario,1773251635,1,0,0
y8jib0yx,134,7sk63d5f,0,,InitializeParticipant,1773251649,1,0,0
y8jib0yx,133,1l6ezc91,1,presurvey_part1b,Introduction,1773251656,1,0,0
y8jib0yx,133,1l6ezc91,2,presurvey_part1b,TimeSelection,1773251674,1,0,0
y8jib0yx,134,7sk63d5f,1,presurvey_part1b,Introduction,1773251678,1,0,0
y8jib0yx,133,1l6ezc91,3,presurvey_part1b,AudioCheck,1773251684,1,0,0
y8jib0yx,133,1l6ezc91,4,presurvey_part1b,NeighborhoodInstruction,1773251695,1,0,0
y8jib0yx,134,7sk63d5f,2,presurvey_part1b,TimeSelection,1773251712,1,0,0
y8jib0yx,133,1l6ezc91,5,presurvey_part1b,Scenario,1773251727,1,0,0
y8jib0yx,133,1l6ezc91,6,Pay_phase1,Reminder,1773251730,1,0,0
y8jib0yx,134,7sk63d5f,3,presurvey_part1b,AudioCheck,1773251733,1,0,0
y8jib0yx,135,4u1pfhyb,0,,InitializeParticipant,1773251756,1,0,0
y8jib0yx,134,7sk63d5f,4,presurvey_part1b,NeighborhoodInstruction,1773251778,1,0,0
y8jib0yx,136,8g0tzn08,0,,InitializeParticipant,1773251794,1,0,0
y8jib0yx,134,7sk63d5f,5,presurvey_part1b,Scenario,1773251819,1,0,0
y8jib0yx,135,4u1pfhyb,1,presurvey_part1b,Introduction,1773251827,1,0,0
y8jib0yx,134,7sk63d5f,6,Pay_phase1,Reminder,1773251843,1,0,0
y8jib0yx,136,8g0tzn08,1,presurvey_part1b,Introduction,1773251873,1,0,0
y8jib0yx,136,8g0tzn08,2,presurvey_part1b,TimeSelection,1773251892,1,0,0
y8jib0yx,137,9tg9lrqa,0,,InitializeParticipant,1773251892,1,0,0
y8jib0yx,136,8g0tzn08,3,presurvey_part1b,AudioCheck,1773251923,1,0,0
y8jib0yx,138,yn0cjesv,0,,InitializeParticipant,1773251931,1,0,0
y8jib0yx,137,9tg9lrqa,1,presurvey_part1b,Introduction,1773251933,1,0,0
y8jib0yx,136,8g0tzn08,4,presurvey_part1b,NeighborhoodInstruction,1773251952,1,0,0
y8jib0yx,138,yn0cjesv,1,presurvey_part1b,Introduction,1773251956,1,0,0
y8jib0yx,136,8g0tzn08,5,presurvey_part1b,Scenario,1773252005,1,0,0
y8jib0yx,136,8g0tzn08,6,Pay_phase1,Reminder,1773252011,1,0,0
y8jib0yx,139,9jpuz8qk,0,,InitializeParticipant,1773252227,1,0,0
y8jib0yx,140,7tv4qraa,0,,InitializeParticipant,1773252318,1,0,0
y8jib0yx,141,2mahbumq,0,,InitializeParticipant,1773252323,1,0,0
y8jib0yx,140,7tv4qraa,1,presurvey_part1b,Introduction,1773252332,1,0,0
y8jib0yx,140,7tv4qraa,2,presurvey_part1b,TimeSelection,1773252347,1,0,0
y8jib0yx,140,7tv4qraa,3,presurvey_part1b,AudioCheck,1773252360,1,0,0
y8jib0yx,140,7tv4qraa,4,presurvey_part1b,NeighborhoodInstruction,1773252371,1,0,0
y8jib0yx,140,7tv4qraa,5,presurvey_part1b,Scenario,1773252406,1,0,0
y8jib0yx,140,7tv4qraa,6,Pay_phase1,Reminder,1773252410,1,0,0
y8jib0yx,141,2mahbumq,1,presurvey_part1b,Introduction,1773252421,1,0,0
y8jib0yx,141,2mahbumq,2,presurvey_part1b,TimeSelection,1773252593,1,0,0
y8jib0yx,141,2mahbumq,3,presurvey_part1b,AudioCheck,1773252616,1,0,0
y8jib0yx,142,6bu915p8,0,,InitializeParticipant,1773252622,1,0,0
y8jib0yx,141,2mahbumq,4,presurvey_part1b,NeighborhoodInstruction,1773252627,1,0,0
y8jib0yx,142,6bu915p8,1,presurvey_part1b,Introduction,1773252643,1,0,0
y8jib0yx,143,z11piwv6,0,,InitializeParticipant,1773252649,1,0,0
y8jib0yx,141,2mahbumq,5,presurvey_part1b,Scenario,1773252657,1,0,0
y8jib0yx,141,2mahbumq,6,Pay_phase1,Reminder,1773252666,1,0,0
y8jib0yx,144,to8cdcjb,0,,InitializeParticipant,1773252685,1,0,0
y8jib0yx,143,z11piwv6,1,presurvey_part1b,Introduction,1773252692,1,0,0
y8jib0yx,145,yf8zzd16,0,,InitializeParticipant,1773252698,1,0,0
y8jib0yx,142,6bu915p8,2,presurvey_part1b,TimeSelection,1773252704,1,0,0
y8jib0yx,144,to8cdcjb,1,presurvey_part1b,Introduction,1773252720,1,0,0
y8jib0yx,145,yf8zzd16,1,presurvey_part1b,Introduction,1773252723,1,0,0
y8jib0yx,142,6bu915p8,3,presurvey_part1b,AudioCheck,1773252724,1,0,0
y8jib0yx,146,vdwlmhzc,0,,InitializeParticipant,1773252730,1,0,0
y8jib0yx,142,6bu915p8,4,presurvey_part1b,NeighborhoodInstruction,1773252736,1,0,0
y8jib0yx,144,to8cdcjb,2,presurvey_part1b,TimeSelection,1773252751,1,0,0
y8jib0yx,145,yf8zzd16,2,presurvey_part1b,TimeSelection,1773252757,1,0,0
y8jib0yx,144,to8cdcjb,3,presurvey_part1b,AudioCheck,1773252764,1,0,0
y8jib0yx,146,vdwlmhzc,1,presurvey_part1b,Introduction,1773252778,1,0,0
y8jib0yx,145,yf8zzd16,3,presurvey_part1b,AudioCheck,1773252779,1,0,0
y8jib0yx,144,to8cdcjb,4,presurvey_part1b,NeighborhoodInstruction,1773252780,1,0,0
y8jib0yx,147,cnaxxmxi,0,,InitializeParticipant,1773252785,1,0,0
y8jib0yx,142,6bu915p8,5,presurvey_part1b,Scenario,1773252804,1,0,0
y8jib0yx,144,to8cdcjb,5,presurvey_part1b,Scenario,1773252806,1,0,0
y8jib0yx,147,cnaxxmxi,1,presurvey_part1b,Introduction,1773252809,1,0,0
y8jib0yx,145,yf8zzd16,4,presurvey_part1b,NeighborhoodInstruction,1773252814,1,0,0
y8jib0yx,146,vdwlmhzc,2,presurvey_part1b,TimeSelection,1773252821,1,0,0
y8jib0yx,144,to8cdcjb,6,Pay_phase1,Reminder,1773252821,1,0,0
y8jib0yx,147,cnaxxmxi,2,presurvey_part1b,TimeSelection,1773252822,1,0,0
y8jib0yx,147,cnaxxmxi,3,presurvey_part1b,AudioCheck,1773252844,1,0,0
y8jib0yx,146,vdwlmhzc,3,presurvey_part1b,AudioCheck,1773252844,1,0,0
y8jib0yx,145,yf8zzd16,5,presurvey_part1b,Scenario,1773252846,1,0,0
y8jib0yx,145,yf8zzd16,6,Pay_phase1,Reminder,1773252857,1,0,0
y8jib0yx,147,cnaxxmxi,4,presurvey_part1b,NeighborhoodInstruction,1773252865,1,0,0
y8jib0yx,146,vdwlmhzc,4,presurvey_part1b,NeighborhoodInstruction,1773252875,1,0,0
y8jib0yx,147,cnaxxmxi,5,presurvey_part1b,Scenario,1773252891,1,0,0
y8jib0yx,147,cnaxxmxi,6,Pay_phase1,Reminder,1773252909,1,0,0
y8jib0yx,146,vdwlmhzc,5,presurvey_part1b,Scenario,1773252922,1,0,0
y8jib0yx,148,yp6t6cqe,0,,InitializeParticipant,1773252952,1,0,0
y8jib0yx,149,d0hyfmqt,0,,InitializeParticipant,1773252971,1,0,0
y8jib0yx,148,yp6t6cqe,1,presurvey_part1b,Introduction,1773252978,1,0,0
y8jib0yx,149,d0hyfmqt,1,presurvey_part1b,Introduction,1773253047,1,0,0
y8jib0yx,150,i0y2ja14,0,,InitializeParticipant,1773253053,1,0,0
y8jib0yx,149,d0hyfmqt,2,presurvey_part1b,TimeSelection,1773253067,1,0,0
y8jib0yx,150,i0y2ja14,1,presurvey_part1b,Introduction,1773253079,1,0,0
y8jib0yx,149,d0hyfmqt,3,presurvey_part1b,AudioCheck,1773253092,1,0,0
y8jib0yx,151,nat5ntc2,0,,InitializeParticipant,1773253116,1,0,0
y8jib0yx,149,d0hyfmqt,4,presurvey_part1b,NeighborhoodInstruction,1773253117,1,0,0
y8jib0yx,152,qvzig9v2,0,,InitializeParticipant,1773253130,1,0,0
y8jib0yx,149,d0hyfmqt,5,presurvey_part1b,Scenario,1773253149,1,0,0
y8jib0yx,152,qvzig9v2,1,presurvey_part1b,Introduction,1773253151,1,0,0
y8jib0yx,151,nat5ntc2,1,presurvey_part1b,Introduction,1773253153,1,0,0
y8jib0yx,151,nat5ntc2,2,presurvey_part1b,TimeSelection,1773253187,1,0,0
y8jib0yx,151,nat5ntc2,3,presurvey_part1b,AudioCheck,1773253205,1,0,0
y8jib0yx,153,sp4pgtd9,0,,InitializeParticipant,1773253277,1,0,0
y8jib0yx,154,80r8uttl,0,,InitializeParticipant,1773253284,1,0,0
y8jib0yx,151,nat5ntc2,4,presurvey_part1b,NeighborhoodInstruction,1773253294,1,0,0
y8jib0yx,153,sp4pgtd9,1,presurvey_part1b,Introduction,1773253295,1,0,0
y8jib0yx,153,sp4pgtd9,2,presurvey_part1b,TimeSelection,1773253302,1,0,0
y8jib0yx,153,sp4pgtd9,3,presurvey_part1b,AudioCheck,1773253319,1,0,0
y8jib0yx,155,jmpqwssq,0,,InitializeParticipant,1773253331,1,0,0
y8jib0yx,154,80r8uttl,1,presurvey_part1b,Introduction,1773253333,1,0,0
y8jib0yx,153,sp4pgtd9,4,presurvey_part1b,NeighborhoodInstruction,1773253345,1,0,0
y8jib0yx,155,jmpqwssq,1,presurvey_part1b,Introduction,1773253346,1,0,0
y8jib0yx,155,jmpqwssq,2,presurvey_part1b,TimeSelection,1773253354,1,0,0
y8jib0yx,143,z11piwv6,2,presurvey_part1b,TimeSelection,1773253367,1,0,0
y8jib0yx,153,sp4pgtd9,5,presurvey_part1b,Scenario,1773253372,1,0,0
y8jib0yx,154,80r8uttl,2,presurvey_part1b,TimeSelection,1773253375,1,0,0
y8jib0yx,156,ngh5ut2c,0,,InitializeParticipant,1773253378,1,0,0
y8jib0yx,143,z11piwv6,3,presurvey_part1b,AudioCheck,1773253388,1,0,0
y8jib0yx,143,z11piwv6,4,presurvey_part1b,NeighborhoodInstruction,1773253397,1,0,0
y8jib0yx,151,nat5ntc2,5,presurvey_part1b,Scenario,1773253401,1,0,0
y8jib0yx,154,80r8uttl,3,presurvey_part1b,AudioCheck,1773253417,1,0,0
y8jib0yx,143,z11piwv6,5,presurvey_part1b,Scenario,1773253418,1,0,0
y8jib0yx,156,ngh5ut2c,1,presurvey_part1b,Introduction,1773253419,1,0,0
y8jib0yx,143,z11piwv6,6,Pay_phase1,Reminder,1773253421,1,0,0
y8jib0yx,157,ak1wqsc7,0,,InitializeParticipant,1773253431,1,0,0
y8jib0yx,157,ak1wqsc7,1,presurvey_part1b,Introduction,1773253435,1,0,0
y8jib0yx,154,80r8uttl,4,presurvey_part1b,NeighborhoodInstruction,1773253447,1,0,0
y8jib0yx,156,ngh5ut2c,2,presurvey_part1b,TimeSelection,1773253449,1,0,0
y8jib0yx,157,ak1wqsc7,2,presurvey_part1b,TimeSelection,1773253456,1,0,0
y8jib0yx,158,7rvkee2k,0,,InitializeParticipant,1773253467,1,0,0
y8jib0yx,157,ak1wqsc7,3,presurvey_part1b,AudioCheck,1773253471,1,0,0
y8jib0yx,157,ak1wqsc7,4,presurvey_part1b,NeighborhoodInstruction,1773253475,1,0,0
y8jib0yx,159,ytqz5tyd,0,,InitializeParticipant,1773253476,1,0,0
y8jib0yx,160,z3y1i86e,0,,InitializeParticipant,1773253476,1,0,0
y8jib0yx,154,80r8uttl,5,presurvey_part1b,Scenario,1773253482,1,0,0
y8jib0yx,156,ngh5ut2c,3,presurvey_part1b,AudioCheck,1773253488,1,0,0
y8jib0yx,161,2tve09zh,0,,InitializeParticipant,1773253495,1,0,0
y8jib0yx,160,z3y1i86e,1,presurvey_part1b,Introduction,1773253495,1,0,0
y8jib0yx,157,ak1wqsc7,5,presurvey_part1b,Scenario,1773253498,1,0,0
y8jib0yx,157,ak1wqsc7,6,Pay_phase1,Reminder,1773253508,1,0,0
y8jib0yx,160,z3y1i86e,2,presurvey_part1b,TimeSelection,1773253518,1,0,0
y8jib0yx,156,ngh5ut2c,4,presurvey_part1b,NeighborhoodInstruction,1773253521,1,0,0
y8jib0yx,159,ytqz5tyd,1,presurvey_part1b,Introduction,1773253531,1,0,0
y8jib0yx,160,z3y1i86e,3,presurvey_part1b,AudioCheck,1773253534,1,0,0
y8jib0yx,162,d3l3s73a,0,,InitializeParticipant,1773253537,1,0,0
y8jib0yx,159,ytqz5tyd,2,presurvey_part1b,TimeSelection,1773253546,1,0,0
y8jib0yx,160,z3y1i86e,4,presurvey_part1b,NeighborhoodInstruction,1773253556,1,0,0
y8jib0yx,162,d3l3s73a,1,presurvey_part1b,Introduction,1773253559,1,0,0
y8jib0yx,156,ngh5ut2c,5,presurvey_part1b,Scenario,1773253572,1,0,0
y8jib0yx,159,ytqz5tyd,3,presurvey_part1b,AudioCheck,1773253573,1,0,0
y8jib0yx,160,z3y1i86e,5,presurvey_part1b,Scenario,1773253580,1,0,0
y8jib0yx,156,ngh5ut2c,6,Pay_phase1,Reminder,1773253593,1,0,0
y8jib0yx,162,d3l3s73a,2,presurvey_part1b,TimeSelection,1773253599,1,0,0
y8jib0yx,159,ytqz5tyd,4,presurvey_part1b,NeighborhoodInstruction,1773253601,1,0,0
y8jib0yx,162,d3l3s73a,3,presurvey_part1b,AudioCheck,1773253615,1,0,0
y8jib0yx,163,0fz92cz2,0,,InitializeParticipant,1773253632,1,0,0
y8jib0yx,162,d3l3s73a,4,presurvey_part1b,NeighborhoodInstruction,1773253632,1,0,0
y8jib0yx,159,ytqz5tyd,5,presurvey_part1b,Scenario,1773253634,1,0,0
y8jib0yx,161,2tve09zh,1,presurvey_part1b,Introduction,1773253634,1,0,0
y8jib0yx,159,ytqz5tyd,6,Pay_phase1,Reminder,1773253650,1,0,0
y8jib0yx,164,hcxvtg0g,0,,InitializeParticipant,1773253651,1,0,0
y8jib0yx,165,i6mgl580,0,,InitializeParticipant,1773253660,1,0,0
y8jib0yx,162,d3l3s73a,5,presurvey_part1b,Scenario,1773253661,1,0,0
y8jib0yx,161,2tve09zh,2,presurvey_part1b,TimeSelection,1773253679,1,0,0
y8jib0yx,162,d3l3s73a,6,Pay_phase1,Reminder,1773253682,1,0,0
y8jib0yx,165,i6mgl580,1,presurvey_part1b,Introduction,1773253684,1,0,0
y8jib0yx,164,hcxvtg0g,1,presurvey_part1b,Introduction,1773253693,1,0,0
y8jib0yx,163,0fz92cz2,1,presurvey_part1b,Introduction,1773253694,1,0,0
y8jib0yx,165,i6mgl580,2,presurvey_part1b,TimeSelection,1773253716,1,0,0
y8jib0yx,165,i6mgl580,3,presurvey_part1b,AudioCheck,1773253742,1,0,0
y8jib0yx,161,2tve09zh,3,presurvey_part1b,AudioCheck,1773253758,1,0,0
y8jib0yx,165,i6mgl580,4,presurvey_part1b,NeighborhoodInstruction,1773253764,1,0,0
y8jib0yx,166,a3ggoeof,0,,InitializeParticipant,1773253772,1,0,0
y8jib0yx,167,0e1kur1t,0,,InitializeParticipant,1773253777,1,0,0
y8jib0yx,163,0fz92cz2,2,presurvey_part1b,TimeSelection,1773253786,1,0,0
y8jib0yx,168,ckwghwyu,0,,InitializeParticipant,1773253791,1,0,0
y8jib0yx,167,0e1kur1t,1,presurvey_part1b,Introduction,1773253794,1,0,0
y8jib0yx,166,a3ggoeof,1,presurvey_part1b,Introduction,1773253794,1,0,0
y8jib0yx,165,i6mgl580,5,presurvey_part1b,Scenario,1773253796,1,0,0
y8jib0yx,161,2tve09zh,4,presurvey_part1b,NeighborhoodInstruction,1773253802,1,0,0
y8jib0yx,168,ckwghwyu,1,presurvey_part1b,Introduction,1773253805,1,0,0
y8jib0yx,168,ckwghwyu,2,presurvey_part1b,TimeSelection,1773253816,1,0,0
y8jib0yx,163,0fz92cz2,3,presurvey_part1b,AudioCheck,1773253817,1,0,0
y8jib0yx,166,a3ggoeof,2,presurvey_part1b,TimeSelection,1773253818,1,0,0
y8jib0yx,168,ckwghwyu,3,presurvey_part1b,AudioCheck,1773253835,1,0,0
y8jib0yx,168,ckwghwyu,4,presurvey_part1b,NeighborhoodInstruction,1773253837,1,0,0
y8jib0yx,169,dpcc3hk5,0,,InitializeParticipant,1773253837,1,0,0
y8jib0yx,169,dpcc3hk5,1,presurvey_part1b,Introduction,1773253848,1,0,0
y8jib0yx,163,0fz92cz2,4,presurvey_part1b,NeighborhoodInstruction,1773253850,1,0,0
y8jib0yx,166,a3ggoeof,3,presurvey_part1b,AudioCheck,1773253853,1,0,0
y8jib0yx,168,ckwghwyu,5,presurvey_part1b,Scenario,1773253854,1,0,0
y8jib0yx,168,ckwghwyu,6,Pay_phase1,Reminder,1773253856,1,0,0
y8jib0yx,170,q6nes3hs,0,,InitializeParticipant,1773253859,1,0,0
y8jib0yx,166,a3ggoeof,4,presurvey_part1b,NeighborhoodInstruction,1773253881,1,0,0
y8jib0yx,161,2tve09zh,5,presurvey_part1b,Scenario,1773253884,1,0,0
y8jib0yx,163,0fz92cz2,5,presurvey_part1b,Scenario,1773253892,1,0,0
y8jib0yx,171,laaf8n8l,0,,InitializeParticipant,1773253904,1,0,0
y8jib0yx,172,35asytcu,0,,InitializeParticipant,1773253913,1,0,0
y8jib0yx,173,c3zentvj,0,,InitializeParticipant,1773253913,1,0,0
y8jib0yx,171,laaf8n8l,1,presurvey_part1b,Introduction,1773253916,1,0,0
y8jib0yx,166,a3ggoeof,5,presurvey_part1b,Scenario,1773253922,1,0,0
y8jib0yx,166,a3ggoeof,6,Pay_phase1,Reminder,1773253925,1,0,0
y8jib0yx,172,35asytcu,1,presurvey_part1b,Introduction,1773253940,1,0,0
y8jib0yx,171,laaf8n8l,2,presurvey_part1b,TimeSelection,1773253946,1,0,0
y8jib0yx,174,l4xugknj,0,,InitializeParticipant,1773253949,1,0,0
y8jib0yx,173,c3zentvj,1,presurvey_part1b,Introduction,1773253964,1,0,0
y8jib0yx,171,laaf8n8l,3,presurvey_part1b,AudioCheck,1773253972,1,0,0
y8jib0yx,174,l4xugknj,1,presurvey_part1b,Introduction,1773253972,1,0,0
y8jib0yx,175,399w0xda,0,,InitializeParticipant,1773253977,1,0,0
y8jib0yx,176,a31y6zxx,0,,InitializeParticipant,1773253982,1,0,0
y8jib0yx,177,okm8x3bh,0,,InitializeParticipant,1773253989,1,0,0
y8jib0yx,178,su3q1h7o,0,,InitializeParticipant,1773254000,1,0,0
y8jib0yx,171,laaf8n8l,4,presurvey_part1b,NeighborhoodInstruction,1773254004,1,0,0
y8jib0yx,178,su3q1h7o,1,presurvey_part1b,Introduction,1773254011,1,0,0
y8jib0yx,172,35asytcu,2,presurvey_part1b,TimeSelection,1773254022,1,0,0
y8jib0yx,179,u1ycr8wn,0,,InitializeParticipant,1773254027,1,0,0
y8jib0yx,176,a31y6zxx,1,presurvey_part1b,Introduction,1773254029,1,0,0
y8jib0yx,178,su3q1h7o,2,presurvey_part1b,TimeSelection,1773254031,1,0,0
y8jib0yx,175,399w0xda,1,presurvey_part1b,Introduction,1773254041,1,0,0
y8jib0yx,178,su3q1h7o,3,presurvey_part1b,AudioCheck,1773254043,1,0,0
y8jib0yx,178,su3q1h7o,4,presurvey_part1b,NeighborhoodInstruction,1773254054,1,0,0
y8jib0yx,177,okm8x3bh,1,presurvey_part1b,Introduction,1773254061,1,0,0
y8jib0yx,175,399w0xda,2,presurvey_part1b,TimeSelection,1773254062,1,0,0
y8jib0yx,180,ad2xrjmv,0,,InitializeParticipant,1773254069,1,0,0
y8jib0yx,179,u1ycr8wn,1,presurvey_part1b,Introduction,1773254071,1,0,0
y8jib0yx,178,su3q1h7o,5,presurvey_part1b,Scenario,1773254079,1,0,0
y8jib0yx,177,okm8x3bh,2,presurvey_part1b,TimeSelection,1773254084,1,0,0
y8jib0yx,175,399w0xda,3,presurvey_part1b,AudioCheck,1773254085,1,0,0
y8jib0yx,178,su3q1h7o,6,Pay_phase1,Reminder,1773254088,1,0,0
y8jib0yx,179,u1ycr8wn,2,presurvey_part1b,TimeSelection,1773254109,1,0,0
y8jib0yx,180,ad2xrjmv,1,presurvey_part1b,Introduction,1773254111,1,0,0
y8jib0yx,175,399w0xda,4,presurvey_part1b,NeighborhoodInstruction,1773254114,1,0,0
y8jib0yx,171,laaf8n8l,5,presurvey_part1b,Scenario,1773254119,1,0,0
y8jib0yx,177,okm8x3bh,3,presurvey_part1b,AudioCheck,1773254122,1,0,0
y8jib0yx,171,laaf8n8l,6,Pay_phase1,Reminder,1773254126,1,0,0
y8jib0yx,179,u1ycr8wn,3,presurvey_part1b,AudioCheck,1773254141,1,0,0
y8jib0yx,179,u1ycr8wn,4,presurvey_part1b,NeighborhoodInstruction,1773254156,1,0,0
y8jib0yx,175,399w0xda,5,presurvey_part1b,Scenario,1773254158,1,0,0
y8jib0yx,181,d24q8trx,0,,InitializeParticipant,1773254168,1,0,0
y8jib0yx,179,u1ycr8wn,5,presurvey_part1b,Scenario,1773254177,1,0,0
y8jib0yx,181,d24q8trx,1,presurvey_part1b,Introduction,1773254179,1,0,0
y8jib0yx,179,u1ycr8wn,6,Pay_phase1,Reminder,1773254183,1,0,0
y8jib0yx,177,okm8x3bh,4,presurvey_part1b,NeighborhoodInstruction,1773254198,1,0,0
y8jib0yx,182,v2kqvv8h,0,,InitializeParticipant,1773254236,1,0,0
y8jib0yx,177,okm8x3bh,5,presurvey_part1b,Scenario,1773254241,1,0,0
y8jib0yx,183,46rue2bh,0,,InitializeParticipant,1773254330,1,0,0
y8jib0yx,184,jhifgkpg,0,,InitializeParticipant,1773254350,1,0,0
y8jib0yx,185,mol1vp35,0,,InitializeParticipant,1773254360,1,0,0
y8jib0yx,183,46rue2bh,1,presurvey_part1b,Introduction,1773254389,1,0,0
y8jib0yx,185,mol1vp35,1,presurvey_part1b,Introduction,1773254391,1,0,0
y8jib0yx,184,jhifgkpg,1,presurvey_part1b,Introduction,1773254405,1,0,0
y8jib0yx,185,mol1vp35,2,presurvey_part1b,TimeSelection,1773254410,1,0,0
y8jib0yx,186,ra3i23gp,0,,InitializeParticipant,1773254422,1,0,0
y8jib0yx,184,jhifgkpg,2,presurvey_part1b,TimeSelection,1773254426,1,0,0
y8jib0yx,183,46rue2bh,2,presurvey_part1b,TimeSelection,1773254426,1,0,0
y8jib0yx,185,mol1vp35,3,presurvey_part1b,AudioCheck,1773254426,1,0,0
y8jib0yx,187,j1ogla2p,0,,InitializeParticipant,1773254429,1,0,0
y8jib0yx,185,mol1vp35,4,presurvey_part1b,NeighborhoodInstruction,1773254445,1,0,0
y8jib0yx,184,jhifgkpg,3,presurvey_part1b,AudioCheck,1773254454,1,0,0
y8jib0yx,185,mol1vp35,5,presurvey_part1b,Scenario,1773254462,1,0,0
y8jib0yx,185,mol1vp35,6,Pay_phase1,Reminder,1773254465,1,0,0
y8jib0yx,183,46rue2bh,3,presurvey_part1b,AudioCheck,1773254469,1,0,0
y8jib0yx,184,jhifgkpg,4,presurvey_part1b,NeighborhoodInstruction,1773254485,1,0,0
y8jib0yx,187,j1ogla2p,1,presurvey_part1b,Introduction,1773254485,1,0,0
y8jib0yx,187,j1ogla2p,2,presurvey_part1b,TimeSelection,1773254522,1,0,0
y8jib0yx,184,jhifgkpg,5,presurvey_part1b,Scenario,1773254523,1,0,0
y8jib0yx,188,j58rlmcr,0,,InitializeParticipant,1773254543,1,0,0
y8jib0yx,187,j1ogla2p,3,presurvey_part1b,AudioCheck,1773254573,1,0,0
y8jib0yx,189,o6jtjoy0,0,,InitializeParticipant,1773254593,1,0,0
y8jib0yx,187,j1ogla2p,4,presurvey_part1b,NeighborhoodInstruction,1773254603,1,0,0
y8jib0yx,184,jhifgkpg,6,Pay_phase1,Reminder,1773254613,1,0,0
y8jib0yx,190,2vf41ra8,0,,InitializeParticipant,1773254625,1,0,0
y8jib0yx,187,j1ogla2p,5,presurvey_part1b,Scenario,1773254629,1,0,0
y8jib0yx,189,o6jtjoy0,1,presurvey_part1b,Introduction,1773254635,1,0,0
y8jib0yx,190,2vf41ra8,1,presurvey_part1b,Introduction,1773254640,1,0,0
y8jib0yx,187,j1ogla2p,6,Pay_phase1,Reminder,1773254641,1,0,0
y8jib0yx,191,d7js4qk1,0,,InitializeParticipant,1773254648,1,0,0
y8jib0yx,190,2vf41ra8,2,presurvey_part1b,TimeSelection,1773254655,1,0,0
y8jib0yx,191,d7js4qk1,1,presurvey_part1b,Introduction,1773254664,1,0,0
y8jib0yx,189,o6jtjoy0,2,presurvey_part1b,TimeSelection,1773254669,1,0,0
y8jib0yx,190,2vf41ra8,3,presurvey_part1b,AudioCheck,1773254669,1,0,0
y8jib0yx,192,k9t58lgs,0,,InitializeParticipant,1773254677,1,0,0
y8jib0yx,191,d7js4qk1,2,presurvey_part1b,TimeSelection,1773254680,1,0,0
y8jib0yx,190,2vf41ra8,4,presurvey_part1b,NeighborhoodInstruction,1773254684,1,0,0
y8jib0yx,189,o6jtjoy0,3,presurvey_part1b,AudioCheck,1773254692,1,0,0
y8jib0yx,188,j58rlmcr,1,presurvey_part1b,Introduction,1773254694,1,0,0
y8jib0yx,192,k9t58lgs,1,presurvey_part1b,Introduction,1773254696,1,0,0
y8jib0yx,191,d7js4qk1,3,presurvey_part1b,AudioCheck,1773254698,1,0,0
y8jib0yx,191,d7js4qk1,4,presurvey_part1b,NeighborhoodInstruction,1773254700,1,0,0
y8jib0yx,189,o6jtjoy0,4,presurvey_part1b,NeighborhoodInstruction,1773254708,1,0,0
y8jib0yx,190,2vf41ra8,5,presurvey_part1b,Scenario,1773254715,1,0,0
y8jib0yx,191,d7js4qk1,5,presurvey_part1b,Scenario,1773254717,1,0,0
y8jib0yx,190,2vf41ra8,6,Pay_phase1,Reminder,1773254722,1,0,0
y8jib0yx,191,d7js4qk1,6,Pay_phase1,Reminder,1773254724,1,0,0
y8jib0yx,192,k9t58lgs,2,presurvey_part1b,TimeSelection,1773254726,1,0,0
y8jib0yx,193,cei2c8ni,0,,InitializeParticipant,1773254727,1,0,0
y8jib0yx,192,k9t58lgs,3,presurvey_part1b,AudioCheck,1773254747,1,0,0
y8jib0yx,189,o6jtjoy0,5,presurvey_part1b,Scenario,1773254758,1,0,0
y8jib0yx,189,o6jtjoy0,6,Pay_phase1,Reminder,1773254763,1,0,0
y8jib0yx,192,k9t58lgs,4,presurvey_part1b,NeighborhoodInstruction,1773254769,1,0,0
y8jib0yx,194,a4dofcy5,0,,InitializeParticipant,1773254784,1,0,0
y8jib0yx,195,ujx0bw4y,0,,InitializeParticipant,1773254787,1,0,0
y8jib0yx,196,b6kiz0re,0,,InitializeParticipant,1773254791,1,0,0
y8jib0yx,192,k9t58lgs,5,presurvey_part1b,Scenario,1773254803,1,0,0
y8jib0yx,195,ujx0bw4y,1,presurvey_part1b,Introduction,1773254805,1,0,0
y8jib0yx,192,k9t58lgs,6,Pay_phase1,Reminder,1773254812,1,0,0
y8jib0yx,183,46rue2bh,4,presurvey_part1b,NeighborhoodInstruction,1773254832,1,0,0
y8jib0yx,197,cs3ssrc8,0,,InitializeParticipant,1773254847,1,0,0
y8jib0yx,198,srg50pkb,0,,InitializeParticipant,1773254869,1,0,0
y8jib0yx,198,srg50pkb,1,presurvey_part1b,Introduction,1773254887,1,0,0
y8jib0yx,196,b6kiz0re,1,presurvey_part1b,Introduction,1773254893,1,0,0
y8jib0yx,198,srg50pkb,2,presurvey_part1b,TimeSelection,1773254927,1,0,0
y8jib0yx,196,b6kiz0re,2,presurvey_part1b,TimeSelection,1773254938,1,0,0
y8jib0yx,198,srg50pkb,3,presurvey_part1b,AudioCheck,1773254944,1,0,0
y8jib0yx,183,46rue2bh,5,presurvey_part1b,Scenario,1773254952,1,0,0
y8jib0yx,198,srg50pkb,4,presurvey_part1b,NeighborhoodInstruction,1773254965,1,0,0
y8jib0yx,196,b6kiz0re,3,presurvey_part1b,AudioCheck,1773254972,1,0,0
y8jib0yx,199,h598pz1b,0,,InitializeParticipant,1773254979,1,0,0
y8jib0yx,200,orppd1c5,0,,InitializeParticipant,1773254991,1,0,0
y8jib0yx,199,h598pz1b,1,presurvey_part1b,Introduction,1773255002,1,0,0
y8jib0yx,198,srg50pkb,5,presurvey_part1b,Scenario,1773255010,1,0,0
y8jib0yx,196,b6kiz0re,4,presurvey_part1b,NeighborhoodInstruction,1773255014,1,0,0
y8jib0yx,198,srg50pkb,6,Pay_phase1,Reminder,1773255026,1,0,0
y8jib0yx,199,h598pz1b,2,presurvey_part1b,TimeSelection,1773255030,1,0,0
y8jib0yx,200,orppd1c5,1,presurvey_part1b,Introduction,1773255039,1,0,0
y8jib0yx,199,h598pz1b,3,presurvey_part1b,AudioCheck,1773255054,1,0,0
y8jib0yx,196,b6kiz0re,5,presurvey_part1b,Scenario,1773255057,1,0,0
y8jib0yx,200,orppd1c5,2,presurvey_part1b,TimeSelection,1773255057,1,0,0
y8jib0yx,199,h598pz1b,4,presurvey_part1b,NeighborhoodInstruction,1773255070,1,0,0
y8jib0yx,196,b6kiz0re,6,Pay_phase1,Reminder,1773255104,1,0,0
y8jib0yx,200,orppd1c5,3,presurvey_part1b,AudioCheck,1773255109,1,0,0
y8jib0yx,199,h598pz1b,5,presurvey_part1b,Scenario,1773255116,1,0,0
y8jib0yx,200,orppd1c5,4,presurvey_part1b,NeighborhoodInstruction,1773255149,1,0,0
y8jib0yx,200,orppd1c5,5,presurvey_part1b,Scenario,1773255214,1,0,0
y8jib0yx,201,7z0cango,0,,InitializeParticipant,1773255281,1,0,0
y8jib0yx,202,vudumc9h,0,,InitializeParticipant,1773255303,1,0,0
y8jib0yx,200,orppd1c5,6,Pay_phase1,Reminder,1773255306,1,0,0
y8jib0yx,201,7z0cango,1,presurvey_part1b,Introduction,1773255316,1,0,0
y8jib0yx,203,e5vb9j9t,0,,InitializeParticipant,1773255346,1,0,0
y8jib0yx,201,7z0cango,2,presurvey_part1b,TimeSelection,1773255351,1,0,0
y8jib0yx,204,sinj1kku,0,,InitializeParticipant,1773255366,1,0,0
y8jib0yx,201,7z0cango,3,presurvey_part1b,AudioCheck,1773255369,1,0,0
y8jib0yx,203,e5vb9j9t,1,presurvey_part1b,Introduction,1773255378,1,0,0
y8jib0yx,204,sinj1kku,1,presurvey_part1b,Introduction,1773255381,1,0,0
y8jib0yx,201,7z0cango,4,presurvey_part1b,NeighborhoodInstruction,1773255387,1,0,0
y8jib0yx,205,sjtbq2gk,0,,InitializeParticipant,1773255389,1,0,0
y8jib0yx,203,e5vb9j9t,2,presurvey_part1b,TimeSelection,1773255406,1,0,0
y8jib0yx,206,0keepk5t,0,,InitializeParticipant,1773255429,1,0,0
y8jib0yx,203,e5vb9j9t,3,presurvey_part1b,AudioCheck,1773255450,1,0,0
y8jib0yx,201,7z0cango,5,presurvey_part1b,Scenario,1773255451,1,0,0
y8jib0yx,201,7z0cango,6,Pay_phase1,Reminder,1773255455,1,0,0
y8jib0yx,203,e5vb9j9t,4,presurvey_part1b,NeighborhoodInstruction,1773255470,1,0,0
y8jib0yx,207,16m7ol5v,0,,InitializeParticipant,1773255472,1,0,0
y8jib0yx,206,0keepk5t,1,presurvey_part1b,Introduction,1773255478,1,0,0
y8jib0yx,207,16m7ol5v,1,presurvey_part1b,Introduction,1773255491,1,0,0
y8jib0yx,208,qihw0vfh,0,,InitializeParticipant,1773255496,1,0,0
y8jib0yx,205,sjtbq2gk,1,presurvey_part1b,Introduction,1773255506,1,0,0
y8jib0yx,203,e5vb9j9t,5,presurvey_part1b,Scenario,1773255507,1,0,0
y8jib0yx,208,qihw0vfh,1,presurvey_part1b,Introduction,1773255516,1,0,0
y8jib0yx,209,l4xe2tth,0,,InitializeParticipant,1773255519,1,0,0
y8jib0yx,210,mdyqsfkf,0,,InitializeParticipant,1773255521,1,0,0
y8jib0yx,208,qihw0vfh,2,presurvey_part1b,TimeSelection,1773255524,1,0,0
y8jib0yx,208,qihw0vfh,3,presurvey_part1b,AudioCheck,1773255539,1,0,0
y8jib0yx,208,qihw0vfh,4,presurvey_part1b,NeighborhoodInstruction,1773255547,1,0,0
y8jib0yx,210,mdyqsfkf,1,presurvey_part1b,Introduction,1773255547,1,0,0
y8jib0yx,208,qihw0vfh,5,presurvey_part1b,Scenario,1773255562,1,0,0
y8jib0yx,210,mdyqsfkf,2,presurvey_part1b,TimeSelection,1773255564,1,0,0
y8jib0yx,210,mdyqsfkf,3,presurvey_part1b,AudioCheck,1773255585,1,0,0
y8jib0yx,205,sjtbq2gk,2,presurvey_part1b,TimeSelection,1773255596,1,0,0
y8jib0yx,211,zjchf91k,0,,InitializeParticipant,1773255600,1,0,0
y8jib0yx,210,mdyqsfkf,4,presurvey_part1b,NeighborhoodInstruction,1773255602,1,0,0
y8jib0yx,212,y991jp4r,0,,InitializeParticipant,1773255611,1,0,0
y8jib0yx,205,sjtbq2gk,3,presurvey_part1b,AudioCheck,1773255617,1,0,0
y8jib0yx,210,mdyqsfkf,5,presurvey_part1b,Scenario,1773255631,1,0,0
y8jib0yx,213,j4uirkry,0,,InitializeParticipant,1773255638,1,0,0
y8jib0yx,214,sbzgerm4,0,,InitializeParticipant,1773255646,1,0,0
y8jib0yx,213,j4uirkry,1,presurvey_part1b,Introduction,1773255659,1,0,0
y8jib0yx,211,zjchf91k,1,presurvey_part1b,Introduction,1773255661,1,0,0
y8jib0yx,205,sjtbq2gk,4,presurvey_part1b,NeighborhoodInstruction,1773255680,1,0,0
y8jib0yx,211,zjchf91k,2,presurvey_part1b,TimeSelection,1773255689,1,0,0
y8jib0yx,215,012oq82p,0,,InitializeParticipant,1773255692,1,0,0
y8jib0yx,205,sjtbq2gk,5,presurvey_part1b,Scenario,1773255718,1,0,0
y8jib0yx,214,sbzgerm4,1,presurvey_part1b,Introduction,1773255725,1,0,0
y8jib0yx,205,sjtbq2gk,6,Pay_phase1,Reminder,1773255735,1,0,0
y8jib0yx,211,zjchf91k,3,presurvey_part1b,AudioCheck,1773255736,1,0,0
y8jib0yx,213,j4uirkry,2,presurvey_part1b,TimeSelection,1773255743,1,0,0
y8jib0yx,216,3v6mypcy,0,,InitializeParticipant,1773255757,1,0,0
y8jib0yx,211,zjchf91k,4,presurvey_part1b,NeighborhoodInstruction,1773255772,1,0,0
y8jib0yx,217,vobh0pbn,0,,InitializeParticipant,1773255779,1,0,0
y8jib0yx,214,sbzgerm4,2,presurvey_part1b,TimeSelection,1773255781,1,0,0
y8jib0yx,213,j4uirkry,3,presurvey_part1b,AudioCheck,1773255787,1,0,0
y8jib0yx,211,zjchf91k,5,presurvey_part1b,Scenario,1773255835,1,0,0
y8jib0yx,214,sbzgerm4,3,presurvey_part1b,AudioCheck,1773255844,1,0,0
y8jib0yx,214,sbzgerm4,4,presurvey_part1b,NeighborhoodInstruction,1773255877,1,0,0
y8jib0yx,218,ydhylnrh,0,,InitializeParticipant,1773255887,1,0,0
y8jib0yx,213,j4uirkry,4,presurvey_part1b,NeighborhoodInstruction,1773255891,1,0,0
y8jib0yx,218,ydhylnrh,1,presurvey_part1b,Introduction,1773255898,1,0,0
y8jib0yx,213,j4uirkry,5,presurvey_part1b,Scenario,1773255926,1,0,0
y8jib0yx,214,sbzgerm4,5,presurvey_part1b,Scenario,1773255929,1,0,0
y8jib0yx,219,qkozdfn4,0,,InitializeParticipant,1773255939,1,0,0
y8jib0yx,219,qkozdfn4,1,presurvey_part1b,Introduction,1773255967,1,0,0
y8jib0yx,216,3v6mypcy,1,presurvey_part1b,Introduction,1773255980,1,0,0
y8jib0yx,219,qkozdfn4,2,presurvey_part1b,TimeSelection,1773255986,1,0,0
y8jib0yx,220,r67ft7or,0,,InitializeParticipant,1773255987,1,0,0
y8jib0yx,219,qkozdfn4,3,presurvey_part1b,AudioCheck,1773256013,1,0,0
y8jib0yx,216,3v6mypcy,2,presurvey_part1b,TimeSelection,1773256031,1,0,0
y8jib0yx,219,qkozdfn4,4,presurvey_part1b,NeighborhoodInstruction,1773256032,1,0,0
y8jib0yx,219,qkozdfn4,5,presurvey_part1b,Scenario,1773256067,1,0,0
y8jib0yx,221,1l0u8ev9,0,,InitializeParticipant,1773256067,1,0,0
y8jib0yx,219,qkozdfn4,6,Pay_phase1,Reminder,1773256075,1,0,0
y8jib0yx,221,1l0u8ev9,1,presurvey_part1b,Introduction,1773256095,1,0,0
y8jib0yx,222,aadgxhns,0,,InitializeParticipant,1773256172,1,0,0
y8jib0yx,223,n24db5hs,0,,InitializeParticipant,1773256185,1,0,0
y8jib0yx,224,45kyfg8b,0,,InitializeParticipant,1773256189,1,0,0
y8jib0yx,222,aadgxhns,1,presurvey_part1b,Introduction,1773256190,1,0,0
y8jib0yx,225,7jpuu7yx,0,,InitializeParticipant,1773256201,1,0,0
y8jib0yx,223,n24db5hs,1,presurvey_part1b,Introduction,1773256206,1,0,0
y8jib0yx,222,aadgxhns,2,presurvey_part1b,TimeSelection,1773256207,1,0,0
y8jib0yx,226,ipr28t75,0,,InitializeParticipant,1773256217,1,0,0
y8jib0yx,225,7jpuu7yx,1,presurvey_part1b,Introduction,1773256218,1,0,0
y8jib0yx,223,n24db5hs,2,presurvey_part1b,TimeSelection,1773256222,1,0,0
y8jib0yx,222,aadgxhns,3,presurvey_part1b,AudioCheck,1773256226,1,0,0
y8jib0yx,225,7jpuu7yx,2,presurvey_part1b,TimeSelection,1773256232,1,0,0
y8jib0yx,222,aadgxhns,4,presurvey_part1b,NeighborhoodInstruction,1773256234,1,0,0
y8jib0yx,223,n24db5hs,3,presurvey_part1b,AudioCheck,1773256236,1,0,0
y8jib0yx,226,ipr28t75,1,presurvey_part1b,Introduction,1773256244,1,0,0
y8jib0yx,225,7jpuu7yx,3,presurvey_part1b,AudioCheck,1773256252,1,0,0
y8jib0yx,227,xcvbnuab,0,,InitializeParticipant,1773256253,1,0,0
y8jib0yx,223,n24db5hs,4,presurvey_part1b,NeighborhoodInstruction,1773256255,1,0,0
y8jib0yx,228,1cvr9nx4,0,,InitializeParticipant,1773256255,1,0,0
y8jib0yx,226,ipr28t75,2,presurvey_part1b,TimeSelection,1773256259,1,0,0
y8jib0yx,225,7jpuu7yx,4,presurvey_part1b,NeighborhoodInstruction,1773256260,1,0,0
y8jib0yx,222,aadgxhns,5,presurvey_part1b,Scenario,1773256263,1,0,0
y8jib0yx,216,3v6mypcy,3,presurvey_part1b,AudioCheck,1773256266,1,0,0
y8jib0yx,222,aadgxhns,6,Pay_phase1,Reminder,1773256270,1,0,0
y8jib0yx,226,ipr28t75,3,presurvey_part1b,AudioCheck,1773256283,1,0,0
y8jib0yx,225,7jpuu7yx,5,presurvey_part1b,Scenario,1773256284,1,0,0
y8jib0yx,223,n24db5hs,5,presurvey_part1b,Scenario,1773256287,1,0,0
y8jib0yx,225,7jpuu7yx,6,Pay_phase1,Reminder,1773256291,1,0,0
y8jib0yx,223,n24db5hs,6,Pay_phase1,Reminder,1773256293,1,0,0
y8jib0yx,226,ipr28t75,4,presurvey_part1b,NeighborhoodInstruction,1773256296,1,0,0
y8jib0yx,228,1cvr9nx4,1,presurvey_part1b,Introduction,1773256296,1,0,0
y8jib0yx,226,ipr28t75,5,presurvey_part1b,Scenario,1773256322,1,0,0
y8jib0yx,227,xcvbnuab,1,presurvey_part1b,Introduction,1773256324,1,0,0
y8jib0yx,226,ipr28t75,6,Pay_phase1,Reminder,1773256326,1,0,0
y8jib0yx,228,1cvr9nx4,2,presurvey_part1b,TimeSelection,1773256329,1,0,0
y8jib0yx,229,sezbw71x,0,,InitializeParticipant,1773256335,1,0,0
y8jib0yx,230,elamtpbl,0,,InitializeParticipant,1773256354,1,0,0
y8jib0yx,228,1cvr9nx4,3,presurvey_part1b,AudioCheck,1773256360,1,0,0
y8jib0yx,229,sezbw71x,1,presurvey_part1b,Introduction,1773256367,1,0,0
y8jib0yx,229,sezbw71x,2,presurvey_part1b,TimeSelection,1773256379,1,0,0
y8jib0yx,228,1cvr9nx4,4,presurvey_part1b,NeighborhoodInstruction,1773256386,1,0,0
y8jib0yx,231,5ll0mkus,0,,InitializeParticipant,1773256390,1,0,0
y8jib0yx,232,9547m71u,0,,InitializeParticipant,1773256398,1,0,0
y8jib0yx,227,xcvbnuab,2,presurvey_part1b,TimeSelection,1773256399,1,0,0
y8jib0yx,229,sezbw71x,3,presurvey_part1b,AudioCheck,1773256402,1,0,0
y8jib0yx,229,sezbw71x,4,presurvey_part1b,NeighborhoodInstruction,1773256413,1,0,0
y8jib0yx,232,9547m71u,1,presurvey_part1b,Introduction,1773256424,1,0,0
y8jib0yx,232,9547m71u,2,presurvey_part1b,TimeSelection,1773256430,1,0,0
y8jib0yx,231,5ll0mkus,1,presurvey_part1b,Introduction,1773256430,1,0,0
y8jib0yx,228,1cvr9nx4,5,presurvey_part1b,Scenario,1773256441,1,0,0
y8jib0yx,232,9547m71u,3,presurvey_part1b,AudioCheck,1773256442,1,0,0
y8jib0yx,232,9547m71u,4,presurvey_part1b,NeighborhoodInstruction,1773256457,1,0,0
y8jib0yx,227,xcvbnuab,3,presurvey_part1b,AudioCheck,1773256459,1,0,0
y8jib0yx,231,5ll0mkus,2,presurvey_part1b,TimeSelection,1773256462,1,0,0
y8jib0yx,229,sezbw71x,5,presurvey_part1b,Scenario,1773256466,1,0,0
y8jib0yx,229,sezbw71x,6,Pay_phase1,Reminder,1773256469,1,0,0
y8jib0yx,232,9547m71u,5,presurvey_part1b,Scenario,1773256484,1,0,0
y8jib0yx,227,xcvbnuab,4,presurvey_part1b,NeighborhoodInstruction,1773256494,1,0,0
y8jib0yx,231,5ll0mkus,3,presurvey_part1b,AudioCheck,1773256494,1,0,0
y8jib0yx,231,5ll0mkus,4,presurvey_part1b,NeighborhoodInstruction,1773256507,1,0,0
y8jib0yx,233,frqi31fz,0,,InitializeParticipant,1773256523,1,0,0
y8jib0yx,216,3v6mypcy,4,presurvey_part1b,NeighborhoodInstruction,1773256533,1,0,0
y8jib0yx,231,5ll0mkus,5,presurvey_part1b,Scenario,1773256535,1,0,0
y8jib0yx,233,frqi31fz,1,presurvey_part1b,Introduction,1773256541,1,0,0
y8jib0yx,227,xcvbnuab,5,presurvey_part1b,Scenario,1773256543,1,0,0
y8jib0yx,231,5ll0mkus,6,Pay_phase1,Reminder,1773256544,1,0,0
y8jib0yx,233,frqi31fz,2,presurvey_part1b,TimeSelection,1773256547,1,0,0
y8jib0yx,227,xcvbnuab,6,Pay_phase1,Reminder,1773256560,1,0,0
y8jib0yx,233,frqi31fz,3,presurvey_part1b,AudioCheck,1773256569,1,0,0
y8jib0yx,216,3v6mypcy,5,presurvey_part1b,Scenario,1773256588,1,0,0
y8jib0yx,234,q8p5tcne,0,,InitializeParticipant,1773256690,1,0,0
y8jib0yx,234,q8p5tcne,1,presurvey_part1b,Introduction,1773256702,1,0,0
y8jib0yx,234,q8p5tcne,2,presurvey_part1b,TimeSelection,1773256740,1,0,0
y8jib0yx,235,v13bo3zm,0,,InitializeParticipant,1773256752,1,0,0
y8jib0yx,234,q8p5tcne,3,presurvey_part1b,AudioCheck,1773256762,1,0,0
y8jib0yx,235,v13bo3zm,1,presurvey_part1b,Introduction,1773256771,1,0,0
y8jib0yx,236,wgta9bpv,0,,InitializeParticipant,1773256777,1,0,0
y8jib0yx,237,wwabaa7u,0,,InitializeParticipant,1773256789,1,0,0
y8jib0yx,234,q8p5tcne,4,presurvey_part1b,NeighborhoodInstruction,1773256795,1,0,0
y8jib0yx,236,wgta9bpv,1,presurvey_part1b,Introduction,1773256798,1,0,0
y8jib0yx,235,v13bo3zm,2,presurvey_part1b,TimeSelection,1773256800,1,0,0
y8jib0yx,236,wgta9bpv,2,presurvey_part1b,TimeSelection,1773256808,1,0,0
y8jib0yx,235,v13bo3zm,3,presurvey_part1b,AudioCheck,1773256821,1,0,0
y8jib0yx,237,wwabaa7u,1,presurvey_part1b,Introduction,1773256824,1,0,0
y8jib0yx,236,wgta9bpv,3,presurvey_part1b,AudioCheck,1773256826,1,0,0
y8jib0yx,236,wgta9bpv,4,presurvey_part1b,NeighborhoodInstruction,1773256831,1,0,0
y8jib0yx,234,q8p5tcne,5,presurvey_part1b,Scenario,1773256842,1,0,0
y8jib0yx,237,wwabaa7u,2,presurvey_part1b,TimeSelection,1773256844,1,0,0
y8jib0yx,235,v13bo3zm,4,presurvey_part1b,NeighborhoodInstruction,1773256846,1,0,0
y8jib0yx,237,wwabaa7u,3,presurvey_part1b,AudioCheck,1773256869,1,0,0
y8jib0yx,238,2t62sbou,0,,InitializeParticipant,1773256876,1,0,0
y8jib0yx,236,wgta9bpv,5,presurvey_part1b,Scenario,1773256885,1,0,0
y8jib0yx,237,wwabaa7u,4,presurvey_part1b,NeighborhoodInstruction,1773256891,1,0,0
y8jib0yx,235,v13bo3zm,5,presurvey_part1b,Scenario,1773256895,1,0,0
y8jib0yx,235,v13bo3zm,6,Pay_phase1,Reminder,1773256905,1,0,0
y8jib0yx,237,wwabaa7u,5,presurvey_part1b,Scenario,1773256920,1,0,0
y8jib0yx,238,2t62sbou,1,presurvey_part1b,Introduction,1773256921,1,0,0
y8jib0yx,239,9a3pwb8y,0,,InitializeParticipant,1773256930,1,0,0
y8jib0yx,237,wwabaa7u,6,Pay_phase1,Reminder,1773256940,1,0,0
y8jib0yx,238,2t62sbou,2,presurvey_part1b,TimeSelection,1773256942,1,0,0
y8jib0yx,240,35sg3ulp,0,,InitializeParticipant,1773256947,1,0,0
y8jib0yx,239,9a3pwb8y,1,presurvey_part1b,Introduction,1773256959,1,0,0
y8jib0yx,241,lpa71pc2,0,,InitializeParticipant,1773256977,1,0,0
y8jib0yx,238,2t62sbou,3,presurvey_part1b,AudioCheck,1773256979,1,0,0
y8jib0yx,239,9a3pwb8y,2,presurvey_part1b,TimeSelection,1773256989,1,0,0
y8jib0yx,238,2t62sbou,4,presurvey_part1b,NeighborhoodInstruction,1773257005,1,0,0
y8jib0yx,239,9a3pwb8y,3,presurvey_part1b,AudioCheck,1773257005,1,0,0
y8jib0yx,239,9a3pwb8y,4,presurvey_part1b,NeighborhoodInstruction,1773257034,1,0,0
y8jib0yx,242,t1tuwk2a,0,,InitializeParticipant,1773257057,1,0,0
y8jib0yx,239,9a3pwb8y,5,presurvey_part1b,Scenario,1773257067,1,0,0
y8jib0yx,238,2t62sbou,5,presurvey_part1b,Scenario,1773257092,1,0,0
y8jib0yx,238,2t62sbou,6,Pay_phase1,Reminder,1773257098,1,0,0
y8jib0yx,243,8gq3fzez,0,,InitializeParticipant,1773257158,1,0,0
y8jib0yx,244,3ch5c4uz,0,,InitializeParticipant,1773257167,1,0,0
y8jib0yx,243,8gq3fzez,1,presurvey_part1b,Introduction,1773257195,1,0,0
y8jib0yx,245,bf872jaw,0,,InitializeParticipant,1773257215,1,0,0
y8jib0yx,244,3ch5c4uz,1,presurvey_part1b,Introduction,1773257220,1,0,0
y8jib0yx,245,bf872jaw,1,presurvey_part1b,Introduction,1773257229,1,0,0
y8jib0yx,244,3ch5c4uz,2,presurvey_part1b,TimeSelection,1773257247,1,0,0
y8jib0yx,246,dwsyqp2z,0,,InitializeParticipant,1773257253,1,0,0
y8jib0yx,244,3ch5c4uz,3,presurvey_part1b,AudioCheck,1773257268,1,0,0
y8jib0yx,244,3ch5c4uz,4,presurvey_part1b,NeighborhoodInstruction,1773257292,1,0,0
y8jib0yx,247,uoigeye5,0,,InitializeParticipant,1773257299,1,0,0
y8jib0yx,247,uoigeye5,1,presurvey_part1b,Introduction,1773257309,1,0,0
y8jib0yx,246,dwsyqp2z,1,presurvey_part1b,Introduction,1773257315,1,0,0
y8jib0yx,244,3ch5c4uz,5,presurvey_part1b,Scenario,1773257321,1,0,0
y8jib0yx,247,uoigeye5,2,presurvey_part1b,TimeSelection,1773257323,1,0,0
y8jib0yx,248,8mmsbxsc,0,,InitializeParticipant,1773257328,1,0,0
y8jib0yx,249,a97419xw,0,,InitializeParticipant,1773257339,1,0,0
y8jib0yx,247,uoigeye5,3,presurvey_part1b,AudioCheck,1773257346,1,0,0
y8jib0yx,248,8mmsbxsc,1,presurvey_part1b,Introduction,1773257346,1,0,0
y8jib0yx,245,bf872jaw,2,presurvey_part1b,TimeSelection,1773257359,1,0,0
y8jib0yx,247,uoigeye5,4,presurvey_part1b,NeighborhoodInstruction,1773257370,1,0,0
y8jib0yx,245,bf872jaw,3,presurvey_part1b,AudioCheck,1773257382,1,0,0
y8jib0yx,247,uoigeye5,5,presurvey_part1b,Scenario,1773257396,1,0,0
y8jib0yx,250,g54bjh1d,0,,InitializeParticipant,1773257397,1,0,0
y8jib0yx,250,g54bjh1d,1,presurvey_part1b,Introduction,1773257430,1,0,0
y8jib0yx,245,bf872jaw,4,presurvey_part1b,NeighborhoodInstruction,1773257443,1,0,0
y8jib0yx,249,a97419xw,1,presurvey_part1b,Introduction,1773257445,1,0,0
y8jib0yx,245,bf872jaw,5,presurvey_part1b,Scenario,1773257459,1,0,0
y8jib0yx,251,rtfkeasg,0,,InitializeParticipant,1773257465,1,0,0
y8jib0yx,251,rtfkeasg,1,presurvey_part1b,Introduction,1773257482,1,0,0
y8jib0yx,249,a97419xw,2,presurvey_part1b,TimeSelection,1773257485,1,0,0
y8jib0yx,250,g54bjh1d,2,presurvey_part1b,TimeSelection,1773257489,1,0,0
y8jib0yx,250,g54bjh1d,3,presurvey_part1b,AudioCheck,1773257527,1,0,0
y8jib0yx,245,bf872jaw,6,Pay_phase1,Reminder,1773257548,1,0,0
y8jib0yx,252,wbdzzwxv,0,,InitializeParticipant,1773257554,1,0,0
y8jib0yx,251,rtfkeasg,2,presurvey_part1b,TimeSelection,1773257556,1,0,0
y8jib0yx,251,rtfkeasg,3,presurvey_part1b,AudioCheck,1773257570,1,0,0
y8jib0yx,252,wbdzzwxv,1,presurvey_part1b,Introduction,1773257584,1,0,0
y8jib0yx,251,rtfkeasg,4,presurvey_part1b,NeighborhoodInstruction,1773257584,1,0,0
y8jib0yx,251,rtfkeasg,5,presurvey_part1b,Scenario,1773257602,1,0,0
y8jib0yx,250,g54bjh1d,4,presurvey_part1b,NeighborhoodInstruction,1773257611,1,0,0
y8jib0yx,249,a97419xw,3,presurvey_part1b,AudioCheck,1773257614,1,0,0
y8jib0yx,253,jir73zkq,0,,InitializeParticipant,1773257616,1,0,0
y8jib0yx,252,wbdzzwxv,2,presurvey_part1b,TimeSelection,1773257620,1,0,0
y8jib0yx,249,a97419xw,4,presurvey_part1b,NeighborhoodInstruction,1773257631,1,0,0
y8jib0yx,250,g54bjh1d,5,presurvey_part1b,Scenario,1773257639,1,0,0
y8jib0yx,253,jir73zkq,1,presurvey_part1b,Introduction,1773257641,1,0,0
y8jib0yx,250,g54bjh1d,6,Pay_phase1,Reminder,1773257653,1,0,0
y8jib0yx,254,337ehye1,0,,InitializeParticipant,1773257653,1,0,0
y8jib0yx,249,a97419xw,5,presurvey_part1b,Scenario,1773257669,1,0,0
y8jib0yx,252,wbdzzwxv,3,presurvey_part1b,AudioCheck,1773257673,1,0,0
y8jib0yx,249,a97419xw,6,Pay_phase1,Reminder,1773257683,1,0,0
y8jib0yx,254,337ehye1,1,presurvey_part1b,Introduction,1773257697,1,0,0
y8jib0yx,255,cnaskhmp,0,,InitializeParticipant,1773257720,1,0,0
y8jib0yx,252,wbdzzwxv,4,presurvey_part1b,NeighborhoodInstruction,1773257729,1,0,0
y8jib0yx,255,cnaskhmp,1,presurvey_part1b,Introduction,1773257730,1,0,0
y8jib0yx,255,cnaskhmp,2,presurvey_part1b,TimeSelection,1773257739,1,0,0
y8jib0yx,252,wbdzzwxv,5,presurvey_part1b,Scenario,1773257753,1,0,0
y8jib0yx,255,cnaskhmp,3,presurvey_part1b,AudioCheck,1773257756,1,0,0
y8jib0yx,252,wbdzzwxv,6,Pay_phase1,Reminder,1773257770,1,0,0
y8jib0yx,233,frqi31fz,4,presurvey_part1b,NeighborhoodInstruction,1773257775,1,0,0
y8jib0yx,256,qo6br50d,0,,InitializeParticipant,1773257776,1,0,0
y8jib0yx,255,cnaskhmp,4,presurvey_part1b,NeighborhoodInstruction,1773257782,1,0,0
y8jib0yx,256,qo6br50d,1,presurvey_part1b,Introduction,1773257795,1,0,0
y8jib0yx,233,frqi31fz,5,presurvey_part1b,Scenario,1773257799,1,0,0
y8jib0yx,233,frqi31fz,6,Pay_phase1,Reminder,1773257801,1,0,0
y8jib0yx,256,qo6br50d,2,presurvey_part1b,TimeSelection,1773257809,1,0,0
y8jib0yx,254,337ehye1,2,presurvey_part1b,TimeSelection,1773257810,1,0,0
y8jib0yx,255,cnaskhmp,5,presurvey_part1b,Scenario,1773257812,1,0,0
y8jib0yx,257,bn5sv3pg,0,,InitializeParticipant,1773257816,1,0,0
y8jib0yx,255,cnaskhmp,6,Pay_phase1,Reminder,1773257826,1,0,0
y8jib0yx,256,qo6br50d,3,presurvey_part1b,AudioCheck,1773257828,1,0,0
y8jib0yx,258,xz61hq98,0,,InitializeParticipant,1773257844,1,0,0
y8jib0yx,257,bn5sv3pg,1,presurvey_part1b,Introduction,1773257864,1,0,0
y8jib0yx,258,xz61hq98,1,presurvey_part1b,Introduction,1773257867,1,0,0
y8jib0yx,258,xz61hq98,2,presurvey_part1b,TimeSelection,1773257876,1,0,0
y8jib0yx,256,qo6br50d,4,presurvey_part1b,NeighborhoodInstruction,1773257890,1,0,0
y8jib0yx,258,xz61hq98,3,presurvey_part1b,AudioCheck,1773257897,1,0,0
y8jib0yx,259,49knmh6i,0,,InitializeParticipant,1773257908,1,0,0
y8jib0yx,258,xz61hq98,4,presurvey_part1b,NeighborhoodInstruction,1773257917,1,0,0
y8jib0yx,256,qo6br50d,5,presurvey_part1b,Scenario,1773257922,1,0,0
y8jib0yx,254,337ehye1,3,presurvey_part1b,AudioCheck,1773257923,1,0,0
y8jib0yx,256,qo6br50d,6,Pay_phase1,Reminder,1773257925,1,0,0
y8jib0yx,259,49knmh6i,1,presurvey_part1b,Introduction,1773257953,1,0,0
y8jib0yx,258,xz61hq98,5,presurvey_part1b,Scenario,1773257955,1,0,0
y8jib0yx,260,rpex6ybv,0,,InitializeParticipant,1773257962,1,0,0
y8jib0yx,258,xz61hq98,6,Pay_phase1,Reminder,1773257962,1,0,0
y8jib0yx,254,337ehye1,4,presurvey_part1b,NeighborhoodInstruction,1773258025,1,0,0
y8jib0yx,261,6xrgvv9x,0,,InitializeParticipant,1773258153,1,0,0
y8jib0yx,262,ddyf4lzu,0,,InitializeParticipant,1773258171,1,0,0
y8jib0yx,263,l97iji05,0,,InitializeParticipant,1773258171,1,0,0
y8jib0yx,254,337ehye1,5,presurvey_part1b,Scenario,1773258179,1,0,0
y8jib0yx,262,ddyf4lzu,1,presurvey_part1b,Introduction,1773258184,1,0,0
y8jib0yx,263,l97iji05,1,presurvey_part1b,Introduction,1773258199,1,0,0
y8jib0yx,254,337ehye1,6,Pay_phase1,Reminder,1773258202,1,0,0
y8jib0yx,263,l97iji05,2,presurvey_part1b,TimeSelection,1773258211,1,0,0
y8jib0yx,264,hp4qzffc,0,,InitializeParticipant,1773258215,1,0,0
y8jib0yx,264,hp4qzffc,1,presurvey_part1b,Introduction,1773258261,1,0,0
y8jib0yx,264,hp4qzffc,2,presurvey_part1b,TimeSelection,1773258268,1,0,0
y8jib0yx,263,l97iji05,3,presurvey_part1b,AudioCheck,1773258274,1,0,0
y8jib0yx,264,hp4qzffc,3,presurvey_part1b,AudioCheck,1773258278,1,0,0
y8jib0yx,261,6xrgvv9x,1,presurvey_part1b,Introduction,1773258293,1,0,0
y8jib0yx,264,hp4qzffc,4,presurvey_part1b,NeighborhoodInstruction,1773258294,1,0,0
y8jib0yx,263,l97iji05,4,presurvey_part1b,NeighborhoodInstruction,1773258302,1,0,0
y8jib0yx,261,6xrgvv9x,2,presurvey_part1b,TimeSelection,1773258323,1,0,0
y8jib0yx,264,hp4qzffc,5,presurvey_part1b,Scenario,1773258323,1,0,0
y8jib0yx,264,hp4qzffc,6,Pay_phase1,Reminder,1773258327,1,0,0
y8jib0yx,263,l97iji05,5,presurvey_part1b,Scenario,1773258368,1,0,0
y8jib0yx,261,6xrgvv9x,3,presurvey_part1b,AudioCheck,1773258382,1,0,0
y8jib0yx,265,sypzkuu9,0,,InitializeParticipant,1773258424,1,0,0
y8jib0yx,266,n28nsi13,0,,InitializeParticipant,1773258436,1,0,0
y8jib0yx,267,fydoml60,0,,InitializeParticipant,1773258465,1,0,0
y8jib0yx,268,kpikamkv,0,,InitializeParticipant,1773258479,1,0,0
y8jib0yx,267,fydoml60,1,presurvey_part1b,Introduction,1773258486,1,0,0
y8jib0yx,268,kpikamkv,1,presurvey_part1b,Introduction,1773258505,1,0,0
y8jib0yx,261,6xrgvv9x,4,presurvey_part1b,NeighborhoodInstruction,1773258508,1,0,0
y8jib0yx,269,emdhi3zj,0,,InitializeParticipant,1773258516,1,0,0
y8jib0yx,266,n28nsi13,1,presurvey_part1b,Introduction,1773258517,1,0,0
y8jib0yx,268,kpikamkv,2,presurvey_part1b,TimeSelection,1773258520,1,0,0
y8jib0yx,270,kdh0d8yj,0,,InitializeParticipant,1773258526,1,0,0
y8jib0yx,271,489jr2zn,0,,InitializeParticipant,1773258529,1,0,0
y8jib0yx,268,kpikamkv,3,presurvey_part1b,AudioCheck,1773258537,1,0,0
y8jib0yx,270,kdh0d8yj,1,presurvey_part1b,Introduction,1773258570,1,0,0
y8jib0yx,268,kpikamkv,4,presurvey_part1b,NeighborhoodInstruction,1773258572,1,0,0
y8jib0yx,266,n28nsi13,2,presurvey_part1b,TimeSelection,1773258580,1,0,0
y8jib0yx,261,6xrgvv9x,5,presurvey_part1b,Scenario,1773258589,1,0,0
y8jib0yx,261,6xrgvv9x,6,Pay_phase1,Reminder,1773258599,1,0,0
y8jib0yx,270,kdh0d8yj,2,presurvey_part1b,TimeSelection,1773258602,1,0,0
y8jib0yx,268,kpikamkv,5,presurvey_part1b,Scenario,1773258608,1,0,0
y8jib0yx,268,kpikamkv,6,Pay_phase1,Reminder,1773258620,1,0,0
y8jib0yx,270,kdh0d8yj,3,presurvey_part1b,AudioCheck,1773258658,1,0,0
y8jib0yx,270,kdh0d8yj,4,presurvey_part1b,NeighborhoodInstruction,1773258684,1,0,0
y8jib0yx,270,kdh0d8yj,5,presurvey_part1b,Scenario,1773258716,1,0,0
y8jib0yx,270,kdh0d8yj,6,Pay_phase1,Reminder,1773258729,1,0,0
y8jib0yx,272,mb6o485t,0,,InitializeParticipant,1773258792,1,0,0
y8jib0yx,272,mb6o485t,1,presurvey_part1b,Introduction,1773258825,1,0,0
y8jib0yx,272,mb6o485t,2,presurvey_part1b,TimeSelection,1773258877,1,0,0
y8jib0yx,272,mb6o485t,3,presurvey_part1b,AudioCheck,1773258904,1,0,0
y8jib0yx,273,wausiyp9,0,,InitializeParticipant,1773258917,1,0,0
y8jib0yx,272,mb6o485t,4,presurvey_part1b,NeighborhoodInstruction,1773258925,1,0,0
y8jib0yx,272,mb6o485t,5,presurvey_part1b,Scenario,1773258967,1,0,0
y8jib0yx,273,wausiyp9,1,presurvey_part1b,Introduction,1773258979,1,0,0
y8jib0yx,272,mb6o485t,6,Pay_phase1,Reminder,1773258981,1,0,0
y8jib0yx,274,w2zhv7ql,0,,InitializeParticipant,1773259019,1,0,0
y8jib0yx,275,1cdfqtrt,0,,InitializeParticipant,1773259020,1,0,0
y8jib0yx,274,w2zhv7ql,1,presurvey_part1b,Introduction,1773259042,1,0,0
y8jib0yx,275,1cdfqtrt,1,presurvey_part1b,Introduction,1773259055,1,0,0
y8jib0yx,274,w2zhv7ql,2,presurvey_part1b,TimeSelection,1773259063,1,0,0
y8jib0yx,276,rjhwceq7,0,,InitializeParticipant,1773259066,1,0,0
y8jib0yx,275,1cdfqtrt,2,presurvey_part1b,TimeSelection,1773259085,1,0,0
y8jib0yx,274,w2zhv7ql,3,presurvey_part1b,AudioCheck,1773259089,1,0,0
y8jib0yx,275,1cdfqtrt,3,presurvey_part1b,AudioCheck,1773259116,1,0,0
y8jib0yx,274,w2zhv7ql,4,presurvey_part1b,NeighborhoodInstruction,1773259117,1,0,0
y8jib0yx,277,vxxoul5d,0,,InitializeParticipant,1773259118,1,0,0
y8jib0yx,275,1cdfqtrt,4,presurvey_part1b,NeighborhoodInstruction,1773259126,1,0,0
y8jib0yx,277,vxxoul5d,1,presurvey_part1b,Introduction,1773259144,1,0,0
y8jib0yx,275,1cdfqtrt,5,presurvey_part1b,Scenario,1773259155,1,0,0
y8jib0yx,277,vxxoul5d,2,presurvey_part1b,TimeSelection,1773259160,1,0,0
y8jib0yx,274,w2zhv7ql,5,presurvey_part1b,Scenario,1773259166,1,0,0
y8jib0yx,275,1cdfqtrt,6,Pay_phase1,Reminder,1773259167,1,0,0
y8jib0yx,277,vxxoul5d,3,presurvey_part1b,AudioCheck,1773259172,1,0,0
y8jib0yx,279,f9irzd2h,0,,InitializeParticipant,1773259172,1,0,0
y8jib0yx,278,b7dhch73,0,,InitializeParticipant,1773259176,1,0,0
y8jib0yx,280,21edt8r8,0,,InitializeParticipant,1773259184,1,0,0
y8jib0yx,277,vxxoul5d,4,presurvey_part1b,NeighborhoodInstruction,1773259188,1,0,0
y8jib0yx,281,ose2dgto,0,,InitializeParticipant,1773259194,1,0,0
y8jib0yx,274,w2zhv7ql,6,Pay_phase1,Reminder,1773259198,1,0,0
y8jib0yx,277,vxxoul5d,5,presurvey_part1b,Scenario,1773259221,1,0,0
y8jib0yx,277,vxxoul5d,6,Pay_phase1,Reminder,1773259228,1,0,0
y8jib0yx,281,ose2dgto,1,presurvey_part1b,Introduction,1773259229,1,0,0
y8jib0yx,281,ose2dgto,2,presurvey_part1b,TimeSelection,1773259260,1,0,0
y8jib0yx,280,21edt8r8,1,presurvey_part1b,Introduction,1773259288,1,0,0
y8jib0yx,281,ose2dgto,3,presurvey_part1b,AudioCheck,1773259293,1,0,0
y8jib0yx,281,ose2dgto,4,presurvey_part1b,NeighborhoodInstruction,1773259316,1,0,0
y8jib0yx,281,ose2dgto,5,presurvey_part1b,Scenario,1773259344,1,0,0
y8jib0yx,282,fgsf1ol2,0,,InitializeParticipant,1773259358,1,0,0
y8jib0yx,281,ose2dgto,6,Pay_phase1,Reminder,1773259366,1,0,0
y8jib0yx,283,l0jhm5qk,0,,InitializeParticipant,1773259400,1,0,0
y8jib0yx,283,l0jhm5qk,1,presurvey_part1b,Introduction,1773259419,1,0,0
y8jib0yx,284,xw3mjr8b,0,,InitializeParticipant,1773259498,1,0,0
y8jib0yx,284,xw3mjr8b,1,presurvey_part1b,Introduction,1773259525,1,0,0
y8jib0yx,285,9uv0ouk2,0,,InitializeParticipant,1773259546,1,0,0
y8jib0yx,286,l557hdhn,0,,InitializeParticipant,1773259617,1,0,0
y8jib0yx,286,l557hdhn,1,presurvey_part1b,Introduction,1773259636,1,0,0
y8jib0yx,287,rdpntrk4,0,,InitializeParticipant,1773259654,1,0,0
y8jib0yx,286,l557hdhn,2,presurvey_part1b,TimeSelection,1773259655,1,0,0
y8jib0yx,286,l557hdhn,3,presurvey_part1b,AudioCheck,1773259668,1,0,0
y8jib0yx,288,zri0wsd7,0,,InitializeParticipant,1773259668,1,0,0
y8jib0yx,287,rdpntrk4,1,presurvey_part1b,Introduction,1773259675,1,0,0
y8jib0yx,286,l557hdhn,4,presurvey_part1b,NeighborhoodInstruction,1773259677,1,0,0
y8jib0yx,289,ze5w7hi7,0,,InitializeParticipant,1773259684,1,0,0
y8jib0yx,287,rdpntrk4,2,presurvey_part1b,TimeSelection,1773259693,1,0,0
y8jib0yx,286,l557hdhn,5,presurvey_part1b,Scenario,1773259701,1,0,0
y8jib0yx,286,l557hdhn,6,Pay_phase1,Reminder,1773259704,1,0,0
y8jib0yx,290,p3tqgvyg,0,,InitializeParticipant,1773259707,1,0,0
y8jib0yx,287,rdpntrk4,3,presurvey_part1b,AudioCheck,1773259720,1,0,0
y8jib0yx,291,suk23r6v,0,,InitializeParticipant,1773259728,1,0,0
y8jib0yx,287,rdpntrk4,4,presurvey_part1b,NeighborhoodInstruction,1773259737,1,0,0
y8jib0yx,290,p3tqgvyg,1,presurvey_part1b,Introduction,1773259741,1,0,0
y8jib0yx,291,suk23r6v,1,presurvey_part1b,Introduction,1773259747,1,0,0
y8jib0yx,289,ze5w7hi7,1,presurvey_part1b,Introduction,1773259752,1,0,0
y8jib0yx,291,suk23r6v,2,presurvey_part1b,TimeSelection,1773259757,1,0,0
y8jib0yx,291,suk23r6v,3,presurvey_part1b,AudioCheck,1773259778,1,0,0
y8jib0yx,287,rdpntrk4,5,presurvey_part1b,Scenario,1773259779,1,0,0
y8jib0yx,292,cywh7obc,0,,InitializeParticipant,1773259786,1,0,0
y8jib0yx,291,suk23r6v,4,presurvey_part1b,NeighborhoodInstruction,1773259795,1,0,0
y8jib0yx,289,ze5w7hi7,2,presurvey_part1b,TimeSelection,1773259800,1,0,0
y8jib0yx,293,fvtax7gx,0,,InitializeParticipant,1773259808,1,0,0
y8jib0yx,294,uvxlp2br,0,,InitializeParticipant,1773259808,1,0,0
y8jib0yx,291,suk23r6v,5,presurvey_part1b,Scenario,1773259826,1,0,0
y8jib0yx,291,suk23r6v,6,Pay_phase1,Reminder,1773259829,1,0,0
y8jib0yx,289,ze5w7hi7,3,presurvey_part1b,AudioCheck,1773259841,1,0,0
y8jib0yx,293,fvtax7gx,1,presurvey_part1b,Introduction,1773259842,1,0,0
y8jib0yx,295,xoo4lenx,0,,InitializeParticipant,1773259858,1,0,0
y8jib0yx,296,3e9gygmz,0,,InitializeParticipant,1773259859,1,0,0
y8jib0yx,293,fvtax7gx,2,presurvey_part1b,TimeSelection,1773259865,1,0,0
y8jib0yx,294,uvxlp2br,1,presurvey_part1b,Introduction,1773259866,1,0,0
y8jib0yx,297,jkedj510,0,,InitializeParticipant,1773259874,1,0,0
y8jib0yx,295,xoo4lenx,1,presurvey_part1b,Introduction,1773259880,1,0,0
y8jib0yx,289,ze5w7hi7,4,presurvey_part1b,NeighborhoodInstruction,1773259880,1,0,0
y8jib0yx,293,fvtax7gx,3,presurvey_part1b,AudioCheck,1773259897,1,0,0
y8jib0yx,295,xoo4lenx,2,presurvey_part1b,TimeSelection,1773259905,1,0,0
y8jib0yx,298,zysnuofy,0,,InitializeParticipant,1773259917,1,0,0
y8jib0yx,295,xoo4lenx,3,presurvey_part1b,AudioCheck,1773259924,1,0,0
y8jib0yx,289,ze5w7hi7,5,presurvey_part1b,Scenario,1773259925,1,0,0
y8jib0yx,293,fvtax7gx,4,presurvey_part1b,NeighborhoodInstruction,1773259931,1,0,0
y8jib0yx,299,w7t3l2cm,0,,InitializeParticipant,1773259936,1,0,0
y8jib0yx,295,xoo4lenx,4,presurvey_part1b,NeighborhoodInstruction,1773259944,1,0,0
y8jib0yx,296,3e9gygmz,1,presurvey_part1b,Introduction,1773259947,1,0,0
y8jib0yx,295,xoo4lenx,5,presurvey_part1b,Scenario,1773259966,1,0,0
y8jib0yx,295,xoo4lenx,6,Pay_phase1,Reminder,1773259972,1,0,0
y8jib0yx,293,fvtax7gx,5,presurvey_part1b,Scenario,1773259978,1,0,0
y8jib0yx,298,zysnuofy,1,presurvey_part1b,Introduction,1773259989,1,0,0
y8jib0yx,298,zysnuofy,2,presurvey_part1b,TimeSelection,1773260021,1,0,0
y8jib0yx,300,ydu7mvb3,0,,InitializeParticipant,1773260032,1,0,0
y8jib0yx,298,zysnuofy,3,presurvey_part1b,AudioCheck,1773260043,1,0,0
y8jib0yx,300,ydu7mvb3,1,presurvey_part1b,Introduction,1773260052,1,0,0
y8jib0yx,300,ydu7mvb3,2,presurvey_part1b,TimeSelection,1773260070,1,0,0
y8jib0yx,298,zysnuofy,4,presurvey_part1b,NeighborhoodInstruction,1773260091,1,0,0
y8jib0yx,300,ydu7mvb3,3,presurvey_part1b,AudioCheck,1773260094,1,0,0
y8jib0yx,289,ze5w7hi7,6,Pay_phase1,Reminder,1773260099,1,0,0
y8jib0yx,300,ydu7mvb3,4,presurvey_part1b,NeighborhoodInstruction,1773260113,1,0,0
y8jib0yx,301,w8tdw1t4,0,,InitializeParticipant,1773260120,1,0,0
y8jib0yx,300,ydu7mvb3,5,presurvey_part1b,Scenario,1773260133,1,0,0
y8jib0yx,298,zysnuofy,5,presurvey_part1b,Scenario,1773260147,1,0,0
y8jib0yx,301,w8tdw1t4,1,presurvey_part1b,Introduction,1773260161,1,0,0
y8jib0yx,298,zysnuofy,6,Pay_phase1,Reminder,1773260170,1,0,0
y8jib0yx,302,gf3zren2,0,,InitializeParticipant,1773260200,1,0,0
y8jib0yx,303,w00864rw,0,,InitializeParticipant,1773260208,1,0,0
y8jib0yx,304,l7f8cwrs,0,,InitializeParticipant,1773260232,1,0,0
y8jib0yx,303,w00864rw,1,presurvey_part1b,Introduction,1773260233,1,0,0
y8jib0yx,302,gf3zren2,1,presurvey_part1b,Introduction,1773260236,1,0,0
y8jib0yx,304,l7f8cwrs,1,presurvey_part1b,Introduction,1773260244,1,0,0
y8jib0yx,304,l7f8cwrs,2,presurvey_part1b,TimeSelection,1773260259,1,0,0
y8jib0yx,304,l7f8cwrs,3,presurvey_part1b,AudioCheck,1773260268,1,0,0
y8jib0yx,305,tq3587xn,0,,InitializeParticipant,1773260272,1,0,0
y8jib0yx,304,l7f8cwrs,4,presurvey_part1b,NeighborhoodInstruction,1773260277,1,0,0
y8jib0yx,304,l7f8cwrs,5,presurvey_part1b,Scenario,1773260296,1,0,0
y8jib0yx,304,l7f8cwrs,6,Pay_phase1,Reminder,1773260298,1,0,0
y8jib0yx,306,kmpz07lb,0,,InitializeParticipant,1773260309,1,0,0
y8jib0yx,306,kmpz07lb,1,presurvey_part1b,Introduction,1773260340,1,0,0
y8jib0yx,306,kmpz07lb,2,presurvey_part1b,TimeSelection,1773260361,1,0,0
y8jib0yx,296,3e9gygmz,2,presurvey_part1b,TimeSelection,1773260364,1,0,0
y8jib0yx,306,kmpz07lb,3,presurvey_part1b,AudioCheck,1773260382,1,0,0
y8jib0yx,296,3e9gygmz,3,presurvey_part1b,AudioCheck,1773260393,1,0,0
y8jib0yx,306,kmpz07lb,4,presurvey_part1b,NeighborhoodInstruction,1773260411,1,0,0
y8jib0yx,307,zbg7amz6,0,,InitializeParticipant,1773260427,1,0,0
y8jib0yx,306,kmpz07lb,5,presurvey_part1b,Scenario,1773260435,1,0,0
y8jib0yx,296,3e9gygmz,4,presurvey_part1b,NeighborhoodInstruction,1773260442,1,0,0
y8jib0yx,296,3e9gygmz,5,presurvey_part1b,Scenario,1773260477,1,0,0
y8jib0yx,308,qld5nifx,0,,InitializeParticipant,1773260492,1,0,0
y8jib0yx,306,kmpz07lb,6,Pay_phase1,Reminder,1773260499,1,0,0
y8jib0yx,305,tq3587xn,1,presurvey_part1b,Introduction,1773260531,1,0,0
y8jib0yx,305,tq3587xn,2,presurvey_part1b,TimeSelection,1773260547,1,0,0
y8jib0yx,305,tq3587xn,3,presurvey_part1b,AudioCheck,1773260566,1,0,0
y8jib0yx,308,qld5nifx,1,presurvey_part1b,Introduction,1773260570,1,0,0
y8jib0yx,305,tq3587xn,4,presurvey_part1b,NeighborhoodInstruction,1773260578,1,0,0
y8jib0yx,308,qld5nifx,2,presurvey_part1b,TimeSelection,1773260588,1,0,0
y8jib0yx,305,tq3587xn,5,presurvey_part1b,Scenario,1773260595,1,0,0
y8jib0yx,309,nhxxwhaw,0,,InitializeParticipant,1773260598,1,0,0
y8jib0yx,309,nhxxwhaw,1,presurvey_part1b,Introduction,1773260614,1,0,0
y8jib0yx,308,qld5nifx,3,presurvey_part1b,AudioCheck,1773260616,1,0,0
y8jib0yx,308,qld5nifx,4,presurvey_part1b,NeighborhoodInstruction,1773260637,1,0,0
y8jib0yx,310,7el17j9t,0,,InitializeParticipant,1773260673,1,0,0
y8jib0yx,308,qld5nifx,5,presurvey_part1b,Scenario,1773260685,1,0,0
y8jib0yx,308,qld5nifx,6,Pay_phase1,Reminder,1773260690,1,0,0
y8jib0yx,310,7el17j9t,1,presurvey_part1b,Introduction,1773260710,1,0,0
y8jib0yx,311,zwwhgary,0,,InitializeParticipant,1773260728,1,0,0
y8jib0yx,310,7el17j9t,2,presurvey_part1b,TimeSelection,1773260728,1,0,0
y8jib0yx,312,dgq30rft,0,,InitializeParticipant,1773260741,1,0,0
y8jib0yx,310,7el17j9t,3,presurvey_part1b,AudioCheck,1773260746,1,0,0
y8jib0yx,313,3ald7n6o,0,,InitializeParticipant,1773260752,1,0,0
y8jib0yx,314,3awqsjpc,0,,InitializeParticipant,1773260768,1,0,0
y8jib0yx,314,3awqsjpc,1,presurvey_part1b,Introduction,1773260781,1,0,0
y8jib0yx,313,3ald7n6o,1,presurvey_part1b,Introduction,1773260784,1,0,0
y8jib0yx,312,dgq30rft,1,presurvey_part1b,Introduction,1773260814,1,0,0
y8jib0yx,314,3awqsjpc,2,presurvey_part1b,TimeSelection,1773260816,1,0,0
y8jib0yx,313,3ald7n6o,2,presurvey_part1b,TimeSelection,1773260827,1,0,0
y8jib0yx,310,7el17j9t,4,presurvey_part1b,NeighborhoodInstruction,1773260836,1,0,0
y8jib0yx,312,dgq30rft,2,presurvey_part1b,TimeSelection,1773260841,1,0,0
y8jib0yx,314,3awqsjpc,3,presurvey_part1b,AudioCheck,1773260859,1,0,0
y8jib0yx,312,dgq30rft,3,presurvey_part1b,AudioCheck,1773260860,1,0,0
y8jib0yx,310,7el17j9t,5,presurvey_part1b,Scenario,1773260863,1,0,0
y8jib0yx,310,7el17j9t,6,Pay_phase1,Reminder,1773260875,1,0,0
y8jib0yx,314,3awqsjpc,4,presurvey_part1b,NeighborhoodInstruction,1773260892,1,0,0
y8jib0yx,312,dgq30rft,4,presurvey_part1b,NeighborhoodInstruction,1773260896,1,0,0
y8jib0yx,314,3awqsjpc,5,presurvey_part1b,Scenario,1773260921,1,0,0
y8jib0yx,314,3awqsjpc,6,Pay_phase1,Reminder,1773260927,1,0,0
y8jib0yx,312,dgq30rft,5,presurvey_part1b,Scenario,1773260933,1,0,0
y8jib0yx,312,dgq30rft,6,Pay_phase1,Reminder,1773260947,1,0,0
y8jib0yx,315,boou4rh8,0,,InitializeParticipant,1773260977,1,0,0
y8jib0yx,315,boou4rh8,1,presurvey_part1b,Introduction,1773260998,1,0,0
y8jib0yx,315,boou4rh8,2,presurvey_part1b,TimeSelection,1773261040,1,0,0
y8jib0yx,315,boou4rh8,3,presurvey_part1b,AudioCheck,1773261092,1,0,0
y8jib0yx,316,4u4enwqi,0,,InitializeParticipant,1773261103,1,0,0
y8jib0yx,317,1gczlc6d,0,,InitializeParticipant,1773261103,1,0,0
y8jib0yx,317,1gczlc6d,1,presurvey_part1b,Introduction,1773261121,1,0,0
y8jib0yx,318,yv04jdaj,0,,InitializeParticipant,1773261123,1,0,0
y8jib0yx,317,1gczlc6d,2,presurvey_part1b,TimeSelection,1773261131,1,0,0
y8jib0yx,319,pahv8czy,0,,InitializeParticipant,1773261131,1,0,0
y8jib0yx,315,boou4rh8,4,presurvey_part1b,NeighborhoodInstruction,1773261138,1,0,0
y8jib0yx,316,4u4enwqi,1,presurvey_part1b,Introduction,1773261143,1,0,0
y8jib0yx,317,1gczlc6d,3,presurvey_part1b,AudioCheck,1773261150,1,0,0
y8jib0yx,320,akcwljg2,0,,InitializeParticipant,1773261151,1,0,0
y8jib0yx,321,wcjkq6lk,0,,InitializeParticipant,1773261159,1,0,0
y8jib0yx,317,1gczlc6d,4,presurvey_part1b,NeighborhoodInstruction,1773261161,1,0,0
y8jib0yx,318,yv04jdaj,1,presurvey_part1b,Introduction,1773261162,1,0,0
y8jib0yx,319,pahv8czy,1,presurvey_part1b,Introduction,1773261167,1,0,0
y8jib0yx,321,wcjkq6lk,1,presurvey_part1b,Introduction,1773261180,1,0,0
y8jib0yx,317,1gczlc6d,5,presurvey_part1b,Scenario,1773261180,1,0,0
y8jib0yx,316,4u4enwqi,2,presurvey_part1b,TimeSelection,1773261183,1,0,0
y8jib0yx,317,1gczlc6d,6,Pay_phase1,Reminder,1773261184,1,0,0
y8jib0yx,318,yv04jdaj,2,presurvey_part1b,TimeSelection,1773261189,1,0,0
y8jib0yx,320,akcwljg2,1,presurvey_part1b,Introduction,1773261189,1,0,0
y8jib0yx,321,wcjkq6lk,2,presurvey_part1b,TimeSelection,1773261193,1,0,0
y8jib0yx,315,boou4rh8,5,presurvey_part1b,Scenario,1773261193,1,0,0
y8jib0yx,315,boou4rh8,6,Pay_phase1,Reminder,1773261203,1,0,0
y8jib0yx,318,yv04jdaj,3,presurvey_part1b,AudioCheck,1773261205,1,0,0
y8jib0yx,316,4u4enwqi,3,presurvey_part1b,AudioCheck,1773261207,1,0,0
y8jib0yx,321,wcjkq6lk,3,presurvey_part1b,AudioCheck,1773261212,1,0,0
y8jib0yx,318,yv04jdaj,4,presurvey_part1b,NeighborhoodInstruction,1773261214,1,0,0
y8jib0yx,320,akcwljg2,2,presurvey_part1b,TimeSelection,1773261222,1,0,0
y8jib0yx,316,4u4enwqi,4,presurvey_part1b,NeighborhoodInstruction,1773261225,1,0,0
y8jib0yx,318,yv04jdaj,5,presurvey_part1b,Scenario,1773261234,1,0,0
y8jib0yx,320,akcwljg2,3,presurvey_part1b,AudioCheck,1773261235,1,0,0
y8jib0yx,321,wcjkq6lk,4,presurvey_part1b,NeighborhoodInstruction,1773261236,1,0,0
y8jib0yx,316,4u4enwqi,5,presurvey_part1b,Scenario,1773261250,1,0,0
y8jib0yx,316,4u4enwqi,6,Pay_phase1,Reminder,1773261253,1,0,0
y8jib0yx,320,akcwljg2,4,presurvey_part1b,NeighborhoodInstruction,1773261257,1,0,0
y8jib0yx,321,wcjkq6lk,5,presurvey_part1b,Scenario,1773261261,1,0,0
y8jib0yx,321,wcjkq6lk,6,Pay_phase1,Reminder,1773261265,1,0,0
y8jib0yx,320,akcwljg2,5,presurvey_part1b,Scenario,1773261291,1,0,0
y8jib0yx,322,p4d6h9oh,0,,InitializeParticipant,1773261338,1,0,0
y8jib0yx,313,3ald7n6o,3,presurvey_part1b,AudioCheck,1773261348,1,0,0
y8jib0yx,323,a5is0f8h,0,,InitializeParticipant,1773261357,1,0,0
y8jib0yx,313,3ald7n6o,4,presurvey_part1b,NeighborhoodInstruction,1773261362,1,0,0
y8jib0yx,311,zwwhgary,1,presurvey_part1b,Introduction,1773261365,1,0,0
y8jib0yx,324,wjrhnhgu,0,,InitializeParticipant,1773261365,1,0,0
y8jib0yx,324,wjrhnhgu,1,presurvey_part1b,Introduction,1773261381,1,0,0
y8jib0yx,324,wjrhnhgu,2,presurvey_part1b,TimeSelection,1773261393,1,0,0
y8jib0yx,313,3ald7n6o,5,presurvey_part1b,Scenario,1773261393,1,0,0
y8jib0yx,322,p4d6h9oh,1,presurvey_part1b,Introduction,1773261394,1,0,0
y8jib0yx,313,3ald7n6o,6,Pay_phase1,Reminder,1773261396,1,0,0
y8jib0yx,323,a5is0f8h,1,presurvey_part1b,Introduction,1773261402,1,0,0
y8jib0yx,324,wjrhnhgu,3,presurvey_part1b,AudioCheck,1773261415,1,0,0
y8jib0yx,324,wjrhnhgu,4,presurvey_part1b,NeighborhoodInstruction,1773261434,1,0,0
y8jib0yx,311,zwwhgary,2,presurvey_part1b,TimeSelection,1773261447,1,0,0
y8jib0yx,324,wjrhnhgu,5,presurvey_part1b,Scenario,1773261458,1,0,0
y8jib0yx,324,wjrhnhgu,6,Pay_phase1,Reminder,1773261462,1,0,0
y8jib0yx,325,l74x7hoh,0,,InitializeParticipant,1773261515,1,0,0
y8jib0yx,325,l74x7hoh,1,presurvey_part1b,Introduction,1773261539,1,0,0
y8jib0yx,325,l74x7hoh,2,presurvey_part1b,TimeSelection,1773261552,1,0,0
y8jib0yx,325,l74x7hoh,3,presurvey_part1b,AudioCheck,1773261566,1,0,0
y8jib0yx,311,zwwhgary,3,presurvey_part1b,AudioCheck,1773261566,1,0,0
y8jib0yx,325,l74x7hoh,4,presurvey_part1b,NeighborhoodInstruction,1773261590,1,0,0
y8jib0yx,326,x3xgd8wf,0,,InitializeParticipant,1773261602,1,0,0
y8jib0yx,311,zwwhgary,4,presurvey_part1b,NeighborhoodInstruction,1773261617,1,0,0
y8jib0yx,326,x3xgd8wf,1,presurvey_part1b,Introduction,1773261618,1,0,0
y8jib0yx,325,l74x7hoh,5,presurvey_part1b,Scenario,1773261620,1,0,0
y8jib0yx,327,hs8z5s96,0,,InitializeParticipant,1773261621,1,0,0
y8jib0yx,326,x3xgd8wf,2,presurvey_part1b,TimeSelection,1773261626,1,0,0
y8jib0yx,325,l74x7hoh,6,Pay_phase1,Reminder,1773261632,1,0,0
y8jib0yx,327,hs8z5s96,1,presurvey_part1b,Introduction,1773261642,1,0,0
y8jib0yx,328,wf4qdkig,0,,InitializeParticipant,1773261658,1,0,0
y8jib0yx,327,hs8z5s96,2,presurvey_part1b,TimeSelection,1773261667,1,0,0
y8jib0yx,311,zwwhgary,5,presurvey_part1b,Scenario,1773261685,1,0,0
y8jib0yx,328,wf4qdkig,1,presurvey_part1b,Introduction,1773261685,1,0,0
y8jib0yx,327,hs8z5s96,3,presurvey_part1b,AudioCheck,1773261692,1,0,0
y8jib0yx,328,wf4qdkig,2,presurvey_part1b,TimeSelection,1773261694,1,0,0
y8jib0yx,329,1hitql2l,0,,InitializeParticipant,1773261699,1,0,0
y8jib0yx,327,hs8z5s96,4,presurvey_part1b,NeighborhoodInstruction,1773261710,1,0,0
y8jib0yx,328,wf4qdkig,3,presurvey_part1b,AudioCheck,1773261713,1,0,0
y8jib0yx,329,1hitql2l,1,presurvey_part1b,Introduction,1773261721,1,0,0
y8jib0yx,328,wf4qdkig,4,presurvey_part1b,NeighborhoodInstruction,1773261732,1,0,0
y8jib0yx,327,hs8z5s96,5,presurvey_part1b,Scenario,1773261736,1,0,0
y8jib0yx,328,wf4qdkig,5,presurvey_part1b,Scenario,1773261767,1,0,0
y8jib0yx,330,z8tjnkxl,0,,InitializeParticipant,1773261768,1,0,0
y8jib0yx,330,z8tjnkxl,1,presurvey_part1b,Introduction,1773261799,1,0,0
y8jib0yx,331,tzmjnk75,0,,InitializeParticipant,1773261801,1,0,0
y8jib0yx,332,djp6cq66,0,,InitializeParticipant,1773261806,1,0,0
y8jib0yx,332,djp6cq66,1,presurvey_part1b,Introduction,1773261836,1,0,0
y8jib0yx,330,z8tjnkxl,2,presurvey_part1b,TimeSelection,1773261852,1,0,0
y8jib0yx,332,djp6cq66,2,presurvey_part1b,TimeSelection,1773261856,1,0,0
y8jib0yx,332,djp6cq66,3,presurvey_part1b,AudioCheck,1773261873,1,0,0
y8jib0yx,332,djp6cq66,4,presurvey_part1b,NeighborhoodInstruction,1773261888,1,0,0
y8jib0yx,333,mb12taox,0,,InitializeParticipant,1773261889,1,0,0
y8jib0yx,333,mb12taox,1,presurvey_part1b,Introduction,1773261911,1,0,0
y8jib0yx,332,djp6cq66,5,presurvey_part1b,Scenario,1773261920,1,0,0
y8jib0yx,334,suyjllt7,0,,InitializeParticipant,1773261925,1,0,0
y8jib0yx,333,mb12taox,2,presurvey_part1b,TimeSelection,1773261927,1,0,0
y8jib0yx,334,suyjllt7,1,presurvey_part1b,Introduction,1773261933,1,0,0
y8jib0yx,332,djp6cq66,6,Pay_phase1,Reminder,1773261935,1,0,0
y8jib0yx,334,suyjllt7,2,presurvey_part1b,TimeSelection,1773261945,1,0,0
y8jib0yx,335,wolr64s6,0,,InitializeParticipant,1773261947,1,0,0
y8jib0yx,334,suyjllt7,3,presurvey_part1b,AudioCheck,1773261957,1,0,0
y8jib0yx,335,wolr64s6,1,presurvey_part1b,Introduction,1773261961,1,0,0
y8jib0yx,334,suyjllt7,4,presurvey_part1b,NeighborhoodInstruction,1773261964,1,0,0
y8jib0yx,336,wuv43jku,0,,InitializeParticipant,1773261971,1,0,0
y8jib0yx,334,suyjllt7,5,presurvey_part1b,Scenario,1773261983,1,0,0
y8jib0yx,333,mb12taox,3,presurvey_part1b,AudioCheck,1773261986,1,0,0
y8jib0yx,333,mb12taox,4,presurvey_part1b,NeighborhoodInstruction,1773262008,1,0,0
y8jib0yx,336,wuv43jku,1,presurvey_part1b,Introduction,1773262011,1,0,0
y8jib0yx,330,z8tjnkxl,3,presurvey_part1b,AudioCheck,1773262019,1,0,0
y8jib0yx,336,wuv43jku,2,presurvey_part1b,TimeSelection,1773262044,1,0,0
y8jib0yx,337,3gf6b5eo,0,,InitializeParticipant,1773262047,1,0,0
y8jib0yx,333,mb12taox,5,presurvey_part1b,Scenario,1773262048,1,0,0
y8jib0yx,337,3gf6b5eo,1,presurvey_part1b,Introduction,1773262054,1,0,0
y8jib0yx,333,mb12taox,6,Pay_phase1,Reminder,1773262058,1,0,0
y8jib0yx,337,3gf6b5eo,2,presurvey_part1b,TimeSelection,1773262066,1,0,0
y8jib0yx,338,uritqo27,0,,InitializeParticipant,1773262078,1,0,0
y8jib0yx,336,wuv43jku,3,presurvey_part1b,AudioCheck,1773262096,1,0,0
y8jib0yx,339,pjgxxmco,0,,InitializeParticipant,1773262117,1,0,0
y8jib0yx,336,wuv43jku,4,presurvey_part1b,NeighborhoodInstruction,1773262133,1,0,0
y8jib0yx,330,z8tjnkxl,4,presurvey_part1b,NeighborhoodInstruction,1773262139,1,0,0
y8jib0yx,339,pjgxxmco,1,presurvey_part1b,Introduction,1773262171,1,0,0
y8jib0yx,336,wuv43jku,5,presurvey_part1b,Scenario,1773262171,1,0,0
y8jib0yx,330,z8tjnkxl,5,presurvey_part1b,Scenario,1773262182,1,0,0
y8jib0yx,338,uritqo27,1,presurvey_part1b,Introduction,1773262184,1,0,0
y8jib0yx,340,d7xtvp4l,0,,InitializeParticipant,1773262192,1,0,0
y8jib0yx,330,z8tjnkxl,6,Pay_phase1,Reminder,1773262202,1,0,0
y8jib0yx,341,knb7zn2e,0,,InitializeParticipant,1773262221,1,0,0
y8jib0yx,342,d3qh2rs0,0,,InitializeParticipant,1773262226,1,0,0
y8jib0yx,338,uritqo27,2,presurvey_part1b,TimeSelection,1773262226,1,0,0
y8jib0yx,340,d7xtvp4l,1,presurvey_part1b,Introduction,1773262228,1,0,0
y8jib0yx,338,uritqo27,3,presurvey_part1b,AudioCheck,1773262241,1,0,0
y8jib0yx,340,d7xtvp4l,2,presurvey_part1b,TimeSelection,1773262249,1,0,0
y8jib0yx,343,yd3s6049,0,,InitializeParticipant,1773262254,1,0,0
y8jib0yx,342,d3qh2rs0,1,presurvey_part1b,Introduction,1773262262,1,0,0
y8jib0yx,341,knb7zn2e,1,presurvey_part1b,Introduction,1773262263,1,0,0
y8jib0yx,339,pjgxxmco,2,presurvey_part1b,TimeSelection,1773262267,1,0,0
y8jib0yx,340,d7xtvp4l,3,presurvey_part1b,AudioCheck,1773262274,1,0,0
y8jib0yx,338,uritqo27,4,presurvey_part1b,NeighborhoodInstruction,1773262278,1,0,0
y8jib0yx,344,7fgrsy3z,0,,InitializeParticipant,1773262279,1,0,0
y8jib0yx,341,knb7zn2e,2,presurvey_part1b,TimeSelection,1773262287,1,0,0
y8jib0yx,342,d3qh2rs0,2,presurvey_part1b,TimeSelection,1773262289,1,0,0
y8jib0yx,340,d7xtvp4l,4,presurvey_part1b,NeighborhoodInstruction,1773262299,1,0,0
y8jib0yx,344,7fgrsy3z,1,presurvey_part1b,Introduction,1773262309,1,0,0
y8jib0yx,342,d3qh2rs0,3,presurvey_part1b,AudioCheck,1773262310,1,0,0
y8jib0yx,338,uritqo27,5,presurvey_part1b,Scenario,1773262313,1,0,0
y8jib0yx,339,pjgxxmco,3,presurvey_part1b,AudioCheck,1773262314,1,0,0
y8jib0yx,345,3ku7hzrl,0,,InitializeParticipant,1773262322,1,0,0
y8jib0yx,342,d3qh2rs0,4,presurvey_part1b,NeighborhoodInstruction,1773262324,1,0,0
y8jib0yx,344,7fgrsy3z,2,presurvey_part1b,TimeSelection,1773262336,1,0,0
y8jib0yx,340,d7xtvp4l,5,presurvey_part1b,Scenario,1773262346,1,0,0
y8jib0yx,341,knb7zn2e,3,presurvey_part1b,AudioCheck,1773262349,1,0,0
y8jib0yx,346,jljp8yzn,0,,InitializeParticipant,1773262350,1,0,0
y8jib0yx,344,7fgrsy3z,3,presurvey_part1b,AudioCheck,1773262353,1,0,0
y8jib0yx,342,d3qh2rs0,5,presurvey_part1b,Scenario,1773262356,1,0,0
y8jib0yx,342,d3qh2rs0,6,Pay_phase1,Reminder,1773262364,1,0,0
y8jib0yx,339,pjgxxmco,4,presurvey_part1b,NeighborhoodInstruction,1773262366,1,0,0
y8jib0yx,340,d7xtvp4l,6,Pay_phase1,Reminder,1773262373,1,0,0
y8jib0yx,344,7fgrsy3z,4,presurvey_part1b,NeighborhoodInstruction,1773262384,1,0,0
y8jib0yx,346,jljp8yzn,1,presurvey_part1b,Introduction,1773262402,1,0,0
y8jib0yx,347,yxo3ia8n,0,,InitializeParticipant,1773262410,1,0,0
y8jib0yx,339,pjgxxmco,5,presurvey_part1b,Scenario,1773262416,1,0,0
y8jib0yx,341,knb7zn2e,4,presurvey_part1b,NeighborhoodInstruction,1773262417,1,0,0
y8jib0yx,348,l6t09tlx,0,,InitializeParticipant,1773262425,1,0,0
y8jib0yx,344,7fgrsy3z,5,presurvey_part1b,Scenario,1773262429,1,0,0
y8jib0yx,347,yxo3ia8n,1,presurvey_part1b,Introduction,1773262434,1,0,0
y8jib0yx,339,pjgxxmco,6,Pay_phase1,Reminder,1773262436,1,0,0
y8jib0yx,344,7fgrsy3z,6,Pay_phase1,Reminder,1773262436,1,0,0
y8jib0yx,346,jljp8yzn,2,presurvey_part1b,TimeSelection,1773262448,1,0,0
y8jib0yx,347,yxo3ia8n,2,presurvey_part1b,TimeSelection,1773262451,1,0,0
y8jib0yx,348,l6t09tlx,1,presurvey_part1b,Introduction,1773262458,1,0,0
y8jib0yx,347,yxo3ia8n,3,presurvey_part1b,AudioCheck,1773262467,1,0,0
y8jib0yx,349,nx69czes,0,,InitializeParticipant,1773262468,1,0,0
y8jib0yx,346,jljp8yzn,3,presurvey_part1b,AudioCheck,1773262477,1,0,0
y8jib0yx,341,knb7zn2e,5,presurvey_part1b,Scenario,1773262490,1,0,0
y8jib0yx,350,90xajozl,0,,InitializeParticipant,1773262498,1,0,0
y8jib0yx,351,u52lc8us,0,,InitializeParticipant,1773262524,1,0,0
y8jib0yx,347,yxo3ia8n,4,presurvey_part1b,NeighborhoodInstruction,1773262529,1,0,0
y8jib0yx,346,jljp8yzn,4,presurvey_part1b,NeighborhoodInstruction,1773262539,1,0,0
y8jib0yx,352,umtpj25v,0,,InitializeParticipant,1773262546,1,0,0
y8jib0yx,347,yxo3ia8n,5,presurvey_part1b,Scenario,1773262569,1,0,0
y8jib0yx,349,nx69czes,1,presurvey_part1b,Introduction,1773262576,1,0,0
y8jib0yx,351,u52lc8us,1,presurvey_part1b,Introduction,1773262594,1,0,0
y8jib0yx,353,dgq1osz3,0,,InitializeParticipant,1773262601,1,0,0
y8jib0yx,347,yxo3ia8n,6,Pay_phase1,Reminder,1773262606,1,0,0
y8jib0yx,349,nx69czes,2,presurvey_part1b,TimeSelection,1773262620,1,0,0
y8jib0yx,346,jljp8yzn,5,presurvey_part1b,Scenario,1773262626,1,0,0
y8jib0yx,351,u52lc8us,2,presurvey_part1b,TimeSelection,1773262641,1,0,0
y8jib0yx,353,dgq1osz3,1,presurvey_part1b,Introduction,1773262646,1,0,0
y8jib0yx,352,umtpj25v,1,presurvey_part1b,Introduction,1773262651,1,0,0
y8jib0yx,353,dgq1osz3,2,presurvey_part1b,TimeSelection,1773262658,1,0,0
y8jib0yx,351,u52lc8us,3,presurvey_part1b,AudioCheck,1773262665,1,0,0
y8jib0yx,353,dgq1osz3,3,presurvey_part1b,AudioCheck,1773262672,1,0,0
y8jib0yx,346,jljp8yzn,6,Pay_phase1,Reminder,1773262674,1,0,0
y8jib0yx,349,nx69czes,3,presurvey_part1b,AudioCheck,1773262681,1,0,0
y8jib0yx,353,dgq1osz3,4,presurvey_part1b,NeighborhoodInstruction,1773262682,1,0,0
y8jib0yx,354,ennvwnlo,0,,InitializeParticipant,1773262695,1,0,0
y8jib0yx,351,u52lc8us,4,presurvey_part1b,NeighborhoodInstruction,1773262697,1,0,0
y8jib0yx,352,umtpj25v,2,presurvey_part1b,TimeSelection,1773262697,1,0,0
y8jib0yx,353,dgq1osz3,5,presurvey_part1b,Scenario,1773262697,1,0,0
y8jib0yx,353,dgq1osz3,6,Pay_phase1,Reminder,1773262702,1,0,0
y8jib0yx,354,ennvwnlo,1,presurvey_part1b,Introduction,1773262719,1,0,0
y8jib0yx,351,u52lc8us,5,presurvey_part1b,Scenario,1773262738,1,0,0
y8jib0yx,352,umtpj25v,3,presurvey_part1b,AudioCheck,1773262744,1,0,0
y8jib0yx,351,u52lc8us,6,Pay_phase1,Reminder,1773262755,1,0,0
y8jib0yx,349,nx69czes,4,presurvey_part1b,NeighborhoodInstruction,1773262784,1,0,0
y8jib0yx,352,umtpj25v,4,presurvey_part1b,NeighborhoodInstruction,1773262803,1,0,0
y8jib0yx,354,ennvwnlo,2,presurvey_part1b,TimeSelection,1773262814,1,0,0
y8jib0yx,352,umtpj25v,5,presurvey_part1b,Scenario,1773262862,1,0,0
y8jib0yx,354,ennvwnlo,3,presurvey_part1b,AudioCheck,1773262865,1,0,0
y8jib0yx,354,ennvwnlo,4,presurvey_part1b,NeighborhoodInstruction,1773262871,1,0,0
y8jib0yx,355,n3lbubl4,0,,InitializeParticipant,1773262878,1,0,0
y8jib0yx,356,nf57kfr1,0,,InitializeParticipant,1773262884,1,0,0
y8jib0yx,356,nf57kfr1,1,presurvey_part1b,Introduction,1773262892,1,0,0
y8jib0yx,349,nx69czes,5,presurvey_part1b,Scenario,1773262894,1,0,0
y8jib0yx,352,umtpj25v,6,Pay_phase1,Reminder,1773262894,1,0,0
y8jib0yx,354,ennvwnlo,5,presurvey_part1b,Scenario,1773262896,1,0,0
y8jib0yx,356,nf57kfr1,2,presurvey_part1b,TimeSelection,1773262904,1,0,0
y8jib0yx,357,cg47agcr,0,,InitializeParticipant,1773262908,1,0,0
y8jib0yx,354,ennvwnlo,6,Pay_phase1,Reminder,1773262909,1,0,0
y8jib0yx,355,n3lbubl4,1,presurvey_part1b,Introduction,1773262916,1,0,0
y8jib0yx,356,nf57kfr1,3,presurvey_part1b,AudioCheck,1773262927,1,0,0
y8jib0yx,356,nf57kfr1,4,presurvey_part1b,NeighborhoodInstruction,1773262940,1,0,0
y8jib0yx,358,3wd4gzvu,0,,InitializeParticipant,1773262941,1,0,0
y8jib0yx,359,sqbiscaz,0,,InitializeParticipant,1773262943,1,0,0
y8jib0yx,359,sqbiscaz,1,presurvey_part1b,Introduction,1773262963,1,0,0
y8jib0yx,358,3wd4gzvu,1,presurvey_part1b,Introduction,1773262964,1,0,0
y8jib0yx,356,nf57kfr1,5,presurvey_part1b,Scenario,1773262965,1,0,0
y8jib0yx,357,cg47agcr,1,presurvey_part1b,Introduction,1773262976,1,0,0
y8jib0yx,358,3wd4gzvu,2,presurvey_part1b,TimeSelection,1773262985,1,0,0
y8jib0yx,358,3wd4gzvu,3,presurvey_part1b,AudioCheck,1773262998,1,0,0
y8jib0yx,357,cg47agcr,2,presurvey_part1b,TimeSelection,1773263002,1,0,0
y8jib0yx,356,nf57kfr1,6,Pay_phase1,Reminder,1773263004,1,0,0
y8jib0yx,357,cg47agcr,3,presurvey_part1b,AudioCheck,1773263022,1,0,0
y8jib0yx,349,nx69czes,6,Pay_phase1,Reminder,1773263031,1,0,0
y8jib0yx,357,cg47agcr,4,presurvey_part1b,NeighborhoodInstruction,1773263054,1,0,0
y8jib0yx,358,3wd4gzvu,4,presurvey_part1b,NeighborhoodInstruction,1773263058,1,0,0
y8jib0yx,360,6fcmuemh,0,,InitializeParticipant,1773263070,1,0,0
y8jib0yx,358,3wd4gzvu,5,presurvey_part1b,Scenario,1773263081,1,0,0
y8jib0yx,358,3wd4gzvu,6,Pay_phase1,Reminder,1773263085,1,0,0
y8jib0yx,361,hlnyx9td,0,,InitializeParticipant,1773263091,1,0,0
y8jib0yx,357,cg47agcr,5,presurvey_part1b,Scenario,1773263095,1,0,0
y8jib0yx,361,hlnyx9td,1,presurvey_part1b,Introduction,1773263117,1,0,0
y8jib0yx,362,x44c15oh,0,,InitializeParticipant,1773263120,1,0,0
y8jib0yx,362,x44c15oh,1,presurvey_part1b,Introduction,1773263150,1,0,0
y8jib0yx,362,x44c15oh,2,presurvey_part1b,TimeSelection,1773263161,1,0,0
y8jib0yx,362,x44c15oh,3,presurvey_part1b,AudioCheck,1773263173,1,0,0
y8jib0yx,361,hlnyx9td,2,presurvey_part1b,TimeSelection,1773263187,1,0,0
y8jib0yx,362,x44c15oh,4,presurvey_part1b,NeighborhoodInstruction,1773263195,1,0,0
y8jib0yx,361,hlnyx9td,3,presurvey_part1b,AudioCheck,1773263212,1,0,0
y8jib0yx,362,x44c15oh,5,presurvey_part1b,Scenario,1773263218,1,0,0
y8jib0yx,362,x44c15oh,6,Pay_phase1,Reminder,1773263225,1,0,0
y8jib0yx,361,hlnyx9td,4,presurvey_part1b,NeighborhoodInstruction,1773263285,1,0,0
y8jib0yx,363,wyixiwzm,0,,InitializeParticipant,1773263309,1,0,0
y8jib0yx,363,wyixiwzm,1,presurvey_part1b,Introduction,1773263320,1,0,0
y8jib0yx,364,svsuy9cs,0,,InitializeParticipant,1773263320,1,0,0
y8jib0yx,365,8b17k3ho,0,,InitializeParticipant,1773263329,1,0,0
y8jib0yx,363,wyixiwzm,2,presurvey_part1b,TimeSelection,1773263335,1,0,0
y8jib0yx,365,8b17k3ho,1,presurvey_part1b,Introduction,1773263348,1,0,0
y8jib0yx,364,svsuy9cs,1,presurvey_part1b,Introduction,1773263350,1,0,0
y8jib0yx,363,wyixiwzm,3,presurvey_part1b,AudioCheck,1773263351,1,0,0
y8jib0yx,361,hlnyx9td,5,presurvey_part1b,Scenario,1773263361,1,0,0
y8jib0yx,363,wyixiwzm,4,presurvey_part1b,NeighborhoodInstruction,1773263361,1,0,0
y8jib0yx,364,svsuy9cs,2,presurvey_part1b,TimeSelection,1773263362,1,0,0
y8jib0yx,365,8b17k3ho,2,presurvey_part1b,TimeSelection,1773263377,1,0,0
y8jib0yx,363,wyixiwzm,5,presurvey_part1b,Scenario,1773263378,1,0,0
y8jib0yx,365,8b17k3ho,3,presurvey_part1b,AudioCheck,1773263393,1,0,0
y8jib0yx,365,8b17k3ho,4,presurvey_part1b,NeighborhoodInstruction,1773263415,1,0,0
y8jib0yx,366,agxfzggo,0,,InitializeParticipant,1773263417,1,0,0
y8jib0yx,364,svsuy9cs,3,presurvey_part1b,AudioCheck,1773263423,1,0,0
y8jib0yx,365,8b17k3ho,5,presurvey_part1b,Scenario,1773263443,1,0,0
y8jib0yx,364,svsuy9cs,4,presurvey_part1b,NeighborhoodInstruction,1773263452,1,0,0
y8jib0yx,366,agxfzggo,1,presurvey_part1b,Introduction,1773263474,1,0,0
y8jib0yx,366,agxfzggo,2,presurvey_part1b,TimeSelection,1773263503,1,0,0
y8jib0yx,364,svsuy9cs,5,presurvey_part1b,Scenario,1773263515,1,0,0
y8jib0yx,364,svsuy9cs,6,Pay_phase1,Reminder,1773263522,1,0,0
y8jib0yx,366,agxfzggo,3,presurvey_part1b,AudioCheck,1773263540,1,0,0
y8jib0yx,366,agxfzggo,4,presurvey_part1b,NeighborhoodInstruction,1773263557,1,0,0
y8jib0yx,367,vxkzujww,0,,InitializeParticipant,1773263574,1,0,0
y8jib0yx,366,agxfzggo,5,presurvey_part1b,Scenario,1773263611,1,0,0
y8jib0yx,367,vxkzujww,1,presurvey_part1b,Introduction,1773263619,1,0,0
y8jib0yx,366,agxfzggo,6,Pay_phase1,Reminder,1773263623,1,0,0
y8jib0yx,368,51k9fc6q,0,,InitializeParticipant,1773263635,1,0,0
y8jib0yx,369,3pxm2i6n,0,,InitializeParticipant,1773263689,1,0,0
y8jib0yx,368,51k9fc6q,1,presurvey_part1b,Introduction,1773263720,1,0,0
y8jib0yx,369,3pxm2i6n,1,presurvey_part1b,Introduction,1773263734,1,0,0
y8jib0yx,370,jtm6s76u,0,,InitializeParticipant,1773263741,1,0,0
y8jib0yx,368,51k9fc6q,2,presurvey_part1b,TimeSelection,1773263745,1,0,0
y8jib0yx,369,3pxm2i6n,2,presurvey_part1b,TimeSelection,1773263754,1,0,0
y8jib0yx,368,51k9fc6q,3,presurvey_part1b,AudioCheck,1773263765,1,0,0
y8jib0yx,369,3pxm2i6n,3,presurvey_part1b,AudioCheck,1773263781,1,0,0
y8jib0yx,370,jtm6s76u,1,presurvey_part1b,Introduction,1773263785,1,0,0
y8jib0yx,370,jtm6s76u,2,presurvey_part1b,TimeSelection,1773263799,1,0,0
y8jib0yx,368,51k9fc6q,4,presurvey_part1b,NeighborhoodInstruction,1773263803,1,0,0
y8jib0yx,369,3pxm2i6n,4,presurvey_part1b,NeighborhoodInstruction,1773263810,1,0,0
y8jib0yx,370,jtm6s76u,3,presurvey_part1b,AudioCheck,1773263819,1,0,0
y8jib0yx,370,jtm6s76u,4,presurvey_part1b,NeighborhoodInstruction,1773263841,1,0,0
y8jib0yx,368,51k9fc6q,5,presurvey_part1b,Scenario,1773263845,1,0,0
y8jib0yx,369,3pxm2i6n,5,presurvey_part1b,Scenario,1773263854,1,0,0
y8jib0yx,369,3pxm2i6n,6,Pay_phase1,Reminder,1773263869,1,0,0
y8jib0yx,370,jtm6s76u,5,presurvey_part1b,Scenario,1773263875,1,0,0
y8jib0yx,371,uw0ultd0,0,,InitializeParticipant,1773264036,1,0,0
y8jib0yx,372,fwm6jfv8,0,,InitializeParticipant,1773264059,1,0,0
y8jib0yx,371,uw0ultd0,1,presurvey_part1b,Introduction,1773264067,1,0,0
y8jib0yx,372,fwm6jfv8,1,presurvey_part1b,Introduction,1773264095,1,0,0
y8jib0yx,373,c78pwih3,0,,InitializeParticipant,1773264098,1,0,0
y8jib0yx,372,fwm6jfv8,2,presurvey_part1b,TimeSelection,1773264120,1,0,0
y8jib0yx,374,bxw4e2r8,0,,InitializeParticipant,1773264135,1,0,0
y8jib0yx,372,fwm6jfv8,3,presurvey_part1b,AudioCheck,1773264144,1,0,0
y8jib0yx,373,c78pwih3,1,presurvey_part1b,Introduction,1773264149,1,0,0
y8jib0yx,372,fwm6jfv8,4,presurvey_part1b,NeighborhoodInstruction,1773264160,1,0,0
y8jib0yx,373,c78pwih3,2,presurvey_part1b,TimeSelection,1773264168,1,0,0
y8jib0yx,374,bxw4e2r8,1,presurvey_part1b,Introduction,1773264186,1,0,0
y8jib0yx,372,fwm6jfv8,5,presurvey_part1b,Scenario,1773264187,1,0,0
y8jib0yx,373,c78pwih3,3,presurvey_part1b,AudioCheck,1773264187,1,0,0
y8jib0yx,372,fwm6jfv8,6,Pay_phase1,Reminder,1773264201,1,0,0
y8jib0yx,373,c78pwih3,4,presurvey_part1b,NeighborhoodInstruction,1773264209,1,0,0
y8jib0yx,375,t0pw5l2o,0,,InitializeParticipant,1773264282,1,0,0
y8jib0yx,376,l5oywmqd,0,,InitializeParticipant,1773264291,1,0,0
y8jib0yx,375,t0pw5l2o,1,presurvey_part1b,Introduction,1773264310,1,0,0
y8jib0yx,377,k2l8hhei,0,,InitializeParticipant,1773264314,1,0,0
y8jib0yx,375,t0pw5l2o,2,presurvey_part1b,TimeSelection,1773264333,1,0,0
y8jib0yx,375,t0pw5l2o,3,presurvey_part1b,AudioCheck,1773264348,1,0,0
y8jib0yx,375,t0pw5l2o,4,presurvey_part1b,NeighborhoodInstruction,1773264364,1,0,0
y8jib0yx,375,t0pw5l2o,5,presurvey_part1b,Scenario,1773264397,1,0,0
y8jib0yx,378,350qwn57,0,,InitializeParticipant,1773264398,1,0,0
y8jib0yx,375,t0pw5l2o,6,Pay_phase1,Reminder,1773264400,1,0,0
y8jib0yx,379,43wnqvsr,0,,InitializeParticipant,1773264409,1,0,0
y8jib0yx,379,43wnqvsr,1,presurvey_part1b,Introduction,1773264433,1,0,0
y8jib0yx,380,wl9cqjm3,0,,InitializeParticipant,1773264501,1,0,0
y8jib0yx,380,wl9cqjm3,1,presurvey_part1b,Introduction,1773264540,1,0,0
y8jib0yx,380,wl9cqjm3,2,presurvey_part1b,TimeSelection,1773264555,1,0,0
y8jib0yx,380,wl9cqjm3,3,presurvey_part1b,AudioCheck,1773264572,1,0,0
y8jib0yx,380,wl9cqjm3,4,presurvey_part1b,NeighborhoodInstruction,1773264612,1,0,0
y8jib0yx,381,vyw09imx,0,,InitializeParticipant,1773264632,1,0,0
y8jib0yx,380,wl9cqjm3,5,presurvey_part1b,Scenario,1773264639,1,0,0
y8jib0yx,381,vyw09imx,1,presurvey_part1b,Introduction,1773264648,1,0,0
y8jib0yx,382,31tyws56,0,,InitializeParticipant,1773264707,1,0,0
y8jib0yx,373,c78pwih3,5,presurvey_part1b,Scenario,1773264765,1,0,0
y8jib0yx,383,o4wzn9to,0,,InitializeParticipant,1773264782,1,0,0
y8jib0yx,384,gwogq5s0,0,,InitializeParticipant,1773264821,1,0,0
y8jib0yx,384,gwogq5s0,1,presurvey_part1b,Introduction,1773264889,1,0,0
y8jib0yx,378,350qwn57,1,presurvey_part1b,Introduction,1773264907,1,0,0
y8jib0yx,378,350qwn57,2,presurvey_part1b,TimeSelection,1773264988,1,0,0
y8jib0yx,385,d9r4oyrc,0,,InitializeParticipant,1773264995,1,0,0
y8jib0yx,385,d9r4oyrc,1,presurvey_part1b,Introduction,1773265021,1,0,0
y8jib0yx,386,khe93kcy,0,,InitializeParticipant,1773265028,1,0,0
y8jib0yx,386,khe93kcy,1,presurvey_part1b,Introduction,1773265040,1,0,0
y8jib0yx,385,d9r4oyrc,2,presurvey_part1b,TimeSelection,1773265062,1,0,0
y8jib0yx,387,7bup8poq,0,,InitializeParticipant,1773265066,1,0,0
y8jib0yx,388,yxat4ej1,0,,InitializeParticipant,1773265068,1,0,0
y8jib0yx,388,yxat4ej1,1,presurvey_part1b,Introduction,1773265084,1,0,0
y8jib0yx,387,7bup8poq,1,presurvey_part1b,Introduction,1773265089,1,0,0
y8jib0yx,388,yxat4ej1,2,presurvey_part1b,TimeSelection,1773265097,1,0,0
y8jib0yx,378,350qwn57,3,presurvey_part1b,AudioCheck,1773265097,1,0,0
y8jib0yx,385,d9r4oyrc,3,presurvey_part1b,AudioCheck,1773265104,1,0,0
y8jib0yx,389,45z4wpxe,0,,InitializeParticipant,1773265110,1,0,0
y8jib0yx,389,45z4wpxe,1,presurvey_part1b,Introduction,1773265127,1,0,0
y8jib0yx,388,yxat4ej1,3,presurvey_part1b,AudioCheck,1773265133,1,0,0
y8jib0yx,385,d9r4oyrc,4,presurvey_part1b,NeighborhoodInstruction,1773265176,1,0,0
y8jib0yx,378,350qwn57,4,presurvey_part1b,NeighborhoodInstruction,1773265198,1,0,0
y8jib0yx,390,srnedpc4,0,,InitializeParticipant,1773265215,1,0,0
y8jib0yx,390,srnedpc4,1,presurvey_part1b,Introduction,1773265252,1,0,0
y8jib0yx,391,5ubw65ql,0,,InitializeParticipant,1773265258,1,0,0
y8jib0yx,385,d9r4oyrc,5,presurvey_part1b,Scenario,1773265264,1,0,0
y8jib0yx,391,5ubw65ql,1,presurvey_part1b,Introduction,1773265296,1,0,0
y8jib0yx,385,d9r4oyrc,6,Pay_phase1,Reminder,1773265298,1,0,0
y8jib0yx,390,srnedpc4,2,presurvey_part1b,TimeSelection,1773265300,1,0,0
y8jib0yx,390,srnedpc4,3,presurvey_part1b,AudioCheck,1773265316,1,0,0
y8jib0yx,390,srnedpc4,4,presurvey_part1b,NeighborhoodInstruction,1773265330,1,0,0
y8jib0yx,390,srnedpc4,5,presurvey_part1b,Scenario,1773265357,1,0,0
y8jib0yx,378,350qwn57,5,presurvey_part1b,Scenario,1773265360,1,0,0
y8jib0yx,390,srnedpc4,6,Pay_phase1,Reminder,1773265363,1,0,0
y8jib0yx,392,k0m0t4u7,0,,InitializeParticipant,1773265377,1,0,0
y8jib0yx,392,k0m0t4u7,1,presurvey_part1b,Introduction,1773265423,1,0,0
y8jib0yx,393,6na8reos,0,,InitializeParticipant,1773265494,1,0,0
y8jib0yx,394,zb4lzr4d,0,,InitializeParticipant,1773265524,1,0,0
y8jib0yx,395,bieu5ncu,0,,InitializeParticipant,1773265526,1,0,0
y8jib0yx,395,bieu5ncu,1,presurvey_part1b,Introduction,1773265553,1,0,0
y8jib0yx,396,i2crjgha,0,,InitializeParticipant,1773265562,1,0,0
y8jib0yx,397,gnzt0ixv,0,,InitializeParticipant,1773265571,1,0,0
y8jib0yx,398,u1wpadoz,0,,InitializeParticipant,1773265573,1,0,0
y8jib0yx,396,i2crjgha,1,presurvey_part1b,Introduction,1773265592,1,0,0
y8jib0yx,397,gnzt0ixv,1,presurvey_part1b,Introduction,1773265593,1,0,0
y8jib0yx,396,i2crjgha,2,presurvey_part1b,TimeSelection,1773265614,1,0,0
y8jib0yx,397,gnzt0ixv,2,presurvey_part1b,TimeSelection,1773265627,1,0,0
y8jib0yx,396,i2crjgha,3,presurvey_part1b,AudioCheck,1773265632,1,0,0
y8jib0yx,398,u1wpadoz,1,presurvey_part1b,Introduction,1773265640,1,0,0
y8jib0yx,396,i2crjgha,4,presurvey_part1b,NeighborhoodInstruction,1773265652,1,0,0
y8jib0yx,398,u1wpadoz,2,presurvey_part1b,TimeSelection,1773265659,1,0,0
y8jib0yx,398,u1wpadoz,3,presurvey_part1b,AudioCheck,1773265688,1,0,0
y8jib0yx,396,i2crjgha,5,presurvey_part1b,Scenario,1773265712,1,0,0
y8jib0yx,398,u1wpadoz,4,presurvey_part1b,NeighborhoodInstruction,1773265718,1,0,0
y8jib0yx,396,i2crjgha,6,Pay_phase1,Reminder,1773265735,1,0,0
y8jib0yx,398,u1wpadoz,5,presurvey_part1b,Scenario,1773265745,1,0,0
y8jib0yx,399,t4qzrpdm,0,,InitializeParticipant,1773265782,1,0,0
y8jib0yx,398,u1wpadoz,6,Pay_phase1,Reminder,1773265789,1,0,0
y8jib0yx,400,81g1m0fz,0,,InitializeParticipant,1773265917,1,0,0
y8jib0yx,400,81g1m0fz,1,presurvey_part1b,Introduction,1773265957,1,0,0
y8jib0yx,401,bsxyi0gc,0,,InitializeParticipant,1773265973,1,0,0
y8jib0yx,400,81g1m0fz,2,presurvey_part1b,TimeSelection,1773265989,1,0,0
y8jib0yx,401,bsxyi0gc,1,presurvey_part1b,Introduction,1773265995,1,0,0
y8jib0yx,402,ptpcpn7s,0,,InitializeParticipant,1773266026,1,0,0
y8jib0yx,400,81g1m0fz,3,presurvey_part1b,AudioCheck,1773266029,1,0,0
y8jib0yx,400,81g1m0fz,4,presurvey_part1b,NeighborhoodInstruction,1773266048,1,0,0
y8jib0yx,403,xjxgtket,0,,InitializeParticipant,1773266051,1,0,0
y8jib0yx,403,xjxgtket,1,presurvey_part1b,Introduction,1773266070,1,0,0
y8jib0yx,400,81g1m0fz,5,presurvey_part1b,Scenario,1773266082,1,0,0
y8jib0yx,400,81g1m0fz,6,Pay_phase1,Reminder,1773266099,1,0,0
y8jib0yx,404,4lw99j0t,0,,InitializeParticipant,1773266114,1,0,0
y8jib0yx,404,4lw99j0t,1,presurvey_part1b,Introduction,1773266119,1,0,0
y8jib0yx,405,gqdm78ri,0,,InitializeParticipant,1773266184,1,0,0
y8jib0yx,406,pdgvlk11,0,,InitializeParticipant,1773266202,1,0,0
y8jib0yx,407,jklx3wmz,0,,InitializeParticipant,1773266208,1,0,0
y8jib0yx,405,gqdm78ri,1,presurvey_part1b,Introduction,1773266217,1,0,0
y8jib0yx,406,pdgvlk11,1,presurvey_part1b,Introduction,1773266219,1,0,0
y8jib0yx,406,pdgvlk11,2,presurvey_part1b,TimeSelection,1773266234,1,0,0
y8jib0yx,407,jklx3wmz,1,presurvey_part1b,Introduction,1773266236,1,0,0
y8jib0yx,407,jklx3wmz,2,presurvey_part1b,TimeSelection,1773266254,1,0,0
y8jib0yx,406,pdgvlk11,3,presurvey_part1b,AudioCheck,1773266274,1,0,0
y8jib0yx,408,3tt51mfx,0,,InitializeParticipant,1773266275,1,0,0
y8jib0yx,407,jklx3wmz,3,presurvey_part1b,AudioCheck,1773266279,1,0,0
y8jib0yx,405,gqdm78ri,2,presurvey_part1b,TimeSelection,1773266280,1,0,0
y8jib0yx,408,3tt51mfx,1,presurvey_part1b,Introduction,1773266284,1,0,0
y8jib0yx,405,gqdm78ri,3,presurvey_part1b,AudioCheck,1773266296,1,0,0
y8jib0yx,405,gqdm78ri,4,presurvey_part1b,NeighborhoodInstruction,1773266309,1,0,0
y8jib0yx,407,jklx3wmz,4,presurvey_part1b,NeighborhoodInstruction,1773266314,1,0,0
y8jib0yx,406,pdgvlk11,4,presurvey_part1b,NeighborhoodInstruction,1773266327,1,0,0
y8jib0yx,405,gqdm78ri,5,presurvey_part1b,Scenario,1773266337,1,0,0
y8jib0yx,407,jklx3wmz,5,presurvey_part1b,Scenario,1773266342,1,0,0
y8jib0yx,408,3tt51mfx,2,presurvey_part1b,TimeSelection,1773266346,1,0,0
y8jib0yx,408,3tt51mfx,3,presurvey_part1b,AudioCheck,1773266361,1,0,0
y8jib0yx,409,s2e66bfv,0,,InitializeParticipant,1773266362,1,0,0
y8jib0yx,406,pdgvlk11,5,presurvey_part1b,Scenario,1773266368,1,0,0
y8jib0yx,408,3tt51mfx,4,presurvey_part1b,NeighborhoodInstruction,1773266379,1,0,0
y8jib0yx,409,s2e66bfv,1,presurvey_part1b,Introduction,1773266386,1,0,0
y8jib0yx,408,3tt51mfx,5,presurvey_part1b,Scenario,1773266408,1,0,0
y8jib0yx,409,s2e66bfv,2,presurvey_part1b,TimeSelection,1773266412,1,0,0
y8jib0yx,408,3tt51mfx,6,Pay_phase1,Reminder,1773266413,1,0,0
y8jib0yx,410,2s11vk2f,0,,InitializeParticipant,1773266420,1,0,0
y8jib0yx,409,s2e66bfv,3,presurvey_part1b,AudioCheck,1773266445,1,0,0
y8jib0yx,409,s2e66bfv,4,presurvey_part1b,NeighborhoodInstruction,1773266466,1,0,0
y8jib0yx,410,2s11vk2f,1,presurvey_part1b,Introduction,1773266471,1,0,0
y8jib0yx,410,2s11vk2f,2,presurvey_part1b,TimeSelection,1773266495,1,0,0
y8jib0yx,409,s2e66bfv,5,presurvey_part1b,Scenario,1773266508,1,0,0
y8jib0yx,410,2s11vk2f,3,presurvey_part1b,AudioCheck,1773266513,1,0,0
y8jib0yx,409,s2e66bfv,6,Pay_phase1,Reminder,1773266516,1,0,0
y8jib0yx,410,2s11vk2f,4,presurvey_part1b,NeighborhoodInstruction,1773266543,1,0,0
y8jib0yx,410,2s11vk2f,5,presurvey_part1b,Scenario,1773266577,1,0,0
y8jib0yx,410,2s11vk2f,6,Pay_phase1,Reminder,1773266581,1,0,0
y8jib0yx,411,asj8mo82,0,,InitializeParticipant,1773266682,1,0,0
y8jib0yx,411,asj8mo82,1,presurvey_part1b,Introduction,1773266710,1,0,0
y8jib0yx,411,asj8mo82,2,presurvey_part1b,TimeSelection,1773266733,1,0,0
y8jib0yx,412,tewm9cwo,0,,InitializeParticipant,1773266735,1,0,0
y8jib0yx,411,asj8mo82,3,presurvey_part1b,AudioCheck,1773266754,1,0,0
y8jib0yx,412,tewm9cwo,1,presurvey_part1b,Introduction,1773266777,1,0,0
y8jib0yx,413,h4mzhrqk,0,,InitializeParticipant,1773266823,1,0,0
y8jib0yx,414,aae7lknb,0,,InitializeParticipant,1773266894,1,0,0
y8jib0yx,413,h4mzhrqk,1,presurvey_part1b,Introduction,1773266927,1,0,0
y8jib0yx,411,asj8mo82,4,presurvey_part1b,NeighborhoodInstruction,1773266929,1,0,0
y8jib0yx,411,asj8mo82,5,presurvey_part1b,Scenario,1773266955,1,0,0
y8jib0yx,415,bat13n9u,0,,InitializeParticipant,1773266956,1,0,0
y8jib0yx,414,aae7lknb,1,presurvey_part1b,Introduction,1773266960,1,0,0
y8jib0yx,413,h4mzhrqk,2,presurvey_part1b,TimeSelection,1773266960,1,0,0
y8jib0yx,411,asj8mo82,6,Pay_phase1,Reminder,1773266963,1,0,0
y8jib0yx,416,o86pldp6,0,,InitializeParticipant,1773266985,1,0,0
y8jib0yx,417,80o8zxoj,0,,InitializeParticipant,1773266985,1,0,0
y8jib0yx,413,h4mzhrqk,3,presurvey_part1b,AudioCheck,1773266991,1,0,0
y8jib0yx,414,aae7lknb,2,presurvey_part1b,TimeSelection,1773266994,1,0,0
y8jib0yx,415,bat13n9u,1,presurvey_part1b,Introduction,1773266995,1,0,0
y8jib0yx,416,o86pldp6,1,presurvey_part1b,Introduction,1773267006,1,0,0
y8jib0yx,418,vrun69qi,0,,InitializeParticipant,1773267014,1,0,0
y8jib0yx,414,aae7lknb,3,presurvey_part1b,AudioCheck,1773267022,1,0,0
y8jib0yx,415,bat13n9u,2,presurvey_part1b,TimeSelection,1773267041,1,0,0
y8jib0yx,418,vrun69qi,1,presurvey_part1b,Introduction,1773267045,1,0,0
y8jib0yx,414,aae7lknb,4,presurvey_part1b,NeighborhoodInstruction,1773267048,1,0,0
y8jib0yx,418,vrun69qi,2,presurvey_part1b,TimeSelection,1773267069,1,0,0
y8jib0yx,418,vrun69qi,3,presurvey_part1b,AudioCheck,1773267091,1,0,0
y8jib0yx,414,aae7lknb,5,presurvey_part1b,Scenario,1773267092,1,0,0
y8jib0yx,415,bat13n9u,3,presurvey_part1b,AudioCheck,1773267112,1,0,0
y8jib0yx,413,h4mzhrqk,4,presurvey_part1b,NeighborhoodInstruction,1773267124,1,0,0
y8jib0yx,418,vrun69qi,4,presurvey_part1b,NeighborhoodInstruction,1773267127,1,0,0
y8jib0yx,415,bat13n9u,4,presurvey_part1b,NeighborhoodInstruction,1773267135,1,0,0
y8jib0yx,418,vrun69qi,5,presurvey_part1b,Scenario,1773267160,1,0,0
y8jib0yx,419,a1gmn23d,0,,InitializeParticipant,1773267161,1,0,0
y8jib0yx,420,z5kjv1e8,0,,InitializeParticipant,1773267170,1,0,0
y8jib0yx,421,885y34xa,0,,InitializeParticipant,1773267171,1,0,0
y8jib0yx,415,bat13n9u,5,presurvey_part1b,Scenario,1773267178,1,0,0
y8jib0yx,420,z5kjv1e8,1,presurvey_part1b,Introduction,1773267188,1,0,0
y8jib0yx,422,p93cmv4s,0,,InitializeParticipant,1773267195,1,0,0
y8jib0yx,413,h4mzhrqk,5,presurvey_part1b,Scenario,1773267195,1,0,0
y8jib0yx,419,a1gmn23d,1,presurvey_part1b,Introduction,1773267198,1,0,0
y8jib0yx,420,z5kjv1e8,2,presurvey_part1b,TimeSelection,1773267205,1,0,0
y8jib0yx,419,a1gmn23d,2,presurvey_part1b,TimeSelection,1773267213,1,0,0
y8jib0yx,422,p93cmv4s,1,presurvey_part1b,Introduction,1773267223,1,0,0
y8jib0yx,420,z5kjv1e8,3,presurvey_part1b,AudioCheck,1773267241,1,0,0
y8jib0yx,422,p93cmv4s,2,presurvey_part1b,TimeSelection,1773267246,1,0,0
y8jib0yx,413,h4mzhrqk,6,Pay_phase1,Reminder,1773267260,1,0,0
y8jib0yx,422,p93cmv4s,3,presurvey_part1b,AudioCheck,1773267273,1,0,0
y8jib0yx,420,z5kjv1e8,4,presurvey_part1b,NeighborhoodInstruction,1773267278,1,0,0
y8jib0yx,419,a1gmn23d,3,presurvey_part1b,AudioCheck,1773267284,1,0,0
y8jib0yx,421,885y34xa,1,presurvey_part1b,Introduction,1773267295,1,0,0
y8jib0yx,422,p93cmv4s,4,presurvey_part1b,NeighborhoodInstruction,1773267307,1,0,0
y8jib0yx,420,z5kjv1e8,5,presurvey_part1b,Scenario,1773267308,1,0,0
y8jib0yx,420,z5kjv1e8,6,Pay_phase1,Reminder,1773267311,1,0,0
y8jib0yx,421,885y34xa,2,presurvey_part1b,TimeSelection,1773267332,1,0,0
y8jib0yx,422,p93cmv4s,5,presurvey_part1b,Scenario,1773267347,1,0,0
y8jib0yx,419,a1gmn23d,4,presurvey_part1b,NeighborhoodInstruction,1773267347,1,0,0
y8jib0yx,421,885y34xa,3,presurvey_part1b,AudioCheck,1773267372,1,0,0
y8jib0yx,421,885y34xa,4,presurvey_part1b,NeighborhoodInstruction,1773267409,1,0,0
y8jib0yx,419,a1gmn23d,5,presurvey_part1b,Scenario,1773267412,1,0,0
y8jib0yx,421,885y34xa,5,presurvey_part1b,Scenario,1773267470,1,0,0
y8jib0yx,421,885y34xa,6,Pay_phase1,Reminder,1773267733,1,0,0
y8jib0yx,423,t9t3x9re,0,,InitializeParticipant,1773267752,1,0,0
y8jib0yx,424,20ht31y8,0,,InitializeParticipant,1773267783,1,0,0
y8jib0yx,424,20ht31y8,1,presurvey_part1b,Introduction,1773267799,1,0,0
y8jib0yx,425,preyhdfe,0,,InitializeParticipant,1773267879,1,0,0
y8jib0yx,426,chxuzze4,0,,InitializeParticipant,1773267889,1,0,0
y8jib0yx,426,chxuzze4,1,presurvey_part1b,Introduction,1773267910,1,0,0
y8jib0yx,427,dc37qxaj,0,,InitializeParticipant,1773267933,1,0,0
y8jib0yx,428,lmb4rm2m,0,,InitializeParticipant,1773268014,1,0,0
y8jib0yx,425,preyhdfe,1,presurvey_part1b,Introduction,1773268026,1,0,0
y8jib0yx,429,wisfikdn,0,,InitializeParticipant,1773268041,1,0,0
y8jib0yx,428,lmb4rm2m,1,presurvey_part1b,Introduction,1773268049,1,0,0
y8jib0yx,429,wisfikdn,1,presurvey_part1b,Introduction,1773268055,1,0,0
y8jib0yx,425,preyhdfe,2,presurvey_part1b,TimeSelection,1773268060,1,0,0
y8jib0yx,428,lmb4rm2m,2,presurvey_part1b,TimeSelection,1773268068,1,0,0
y8jib0yx,428,lmb4rm2m,3,presurvey_part1b,AudioCheck,1773268092,1,0,0
y8jib0yx,430,a0ltc8c0,0,,InitializeParticipant,1773268119,1,0,0
y8jib0yx,425,preyhdfe,3,presurvey_part1b,AudioCheck,1773268123,1,0,0
y8jib0yx,428,lmb4rm2m,4,presurvey_part1b,NeighborhoodInstruction,1773268193,1,0,0
y8jib0yx,431,jgx6n4zp,0,,InitializeParticipant,1773268198,1,0,0
y8jib0yx,425,preyhdfe,4,presurvey_part1b,NeighborhoodInstruction,1773268230,1,0,0
y8jib0yx,428,lmb4rm2m,5,presurvey_part1b,Scenario,1773268267,1,0,0
y8jib0yx,432,pvg7yy9q,0,,InitializeParticipant,1773268273,1,0,0
y8jib0yx,432,pvg7yy9q,1,presurvey_part1b,Introduction,1773268302,1,0,0
y8jib0yx,433,b28trn44,0,,InitializeParticipant,1773268317,1,0,0
y8jib0yx,432,pvg7yy9q,2,presurvey_part1b,TimeSelection,1773268336,1,0,0
y8jib0yx,432,pvg7yy9q,3,presurvey_part1b,AudioCheck,1773268358,1,0,0
y8jib0yx,432,pvg7yy9q,4,presurvey_part1b,NeighborhoodInstruction,1773268374,1,0,0
y8jib0yx,425,preyhdfe,5,presurvey_part1b,Scenario,1773268385,1,0,0
y8jib0yx,432,pvg7yy9q,5,presurvey_part1b,Scenario,1773268414,1,0,0
y8jib0yx,432,pvg7yy9q,6,Pay_phase1,Reminder,1773268422,1,0,0
y8jib0yx,434,3qv2su4k,0,,InitializeParticipant,1773268429,1,0,0
y8jib0yx,434,3qv2su4k,1,presurvey_part1b,Introduction,1773268574,1,0,0
y8jib0yx,434,3qv2su4k,2,presurvey_part1b,TimeSelection,1773268608,1,0,0
y8jib0yx,435,bae9hei3,0,,InitializeParticipant,1773268619,1,0,0
y8jib0yx,434,3qv2su4k,3,presurvey_part1b,AudioCheck,1773268629,1,0,0
y8jib0yx,434,3qv2su4k,4,presurvey_part1b,NeighborhoodInstruction,1773268656,1,0,0
y8jib0yx,436,yhw0o92e,0,,InitializeParticipant,1773268659,1,0,0
y8jib0yx,435,bae9hei3,1,presurvey_part1b,Introduction,1773268666,1,0,0
y8jib0yx,435,bae9hei3,2,presurvey_part1b,TimeSelection,1773268685,1,0,0
y8jib0yx,435,bae9hei3,3,presurvey_part1b,AudioCheck,1773268699,1,0,0
y8jib0yx,435,bae9hei3,4,presurvey_part1b,NeighborhoodInstruction,1773268721,1,0,0
y8jib0yx,435,bae9hei3,5,presurvey_part1b,Scenario,1773268744,1,0,0
y8jib0yx,434,3qv2su4k,5,presurvey_part1b,Scenario,1773268763,1,0,0
y8jib0yx,437,qkm2gcp5,0,,InitializeParticipant,1773268768,1,0,0
y8jib0yx,437,qkm2gcp5,1,presurvey_part1b,Introduction,1773268792,1,0,0
y8jib0yx,437,qkm2gcp5,2,presurvey_part1b,TimeSelection,1773268808,1,0,0
y8jib0yx,437,qkm2gcp5,3,presurvey_part1b,AudioCheck,1773268833,1,0,0
y8jib0yx,437,qkm2gcp5,4,presurvey_part1b,NeighborhoodInstruction,1773268841,1,0,0
y8jib0yx,437,qkm2gcp5,5,presurvey_part1b,Scenario,1773268890,1,0,0
y8jib0yx,437,qkm2gcp5,6,Pay_phase1,Reminder,1773268891,1,0,0
y8jib0yx,438,dq3ekkcr,0,,InitializeParticipant,1773268973,1,0,0
y8jib0yx,439,at5wviol,0,,InitializeParticipant,1773268991,1,0,0
y8jib0yx,438,dq3ekkcr,1,presurvey_part1b,Introduction,1773269000,1,0,0
y8jib0yx,439,at5wviol,1,presurvey_part1b,Introduction,1773269019,1,0,0
y8jib0yx,440,i2ns5ohs,0,,InitializeParticipant,1773269025,1,0,0
y8jib0yx,438,dq3ekkcr,2,presurvey_part1b,TimeSelection,1773269036,1,0,0
y8jib0yx,438,dq3ekkcr,3,presurvey_part1b,AudioCheck,1773269045,1,0,0
y8jib0yx,440,i2ns5ohs,1,presurvey_part1b,Introduction,1773269053,1,0,0
y8jib0yx,438,dq3ekkcr,4,presurvey_part1b,NeighborhoodInstruction,1773269061,1,0,0
y8jib0yx,438,dq3ekkcr,5,presurvey_part1b,Scenario,1773269086,1,0,0
y8jib0yx,440,i2ns5ohs,2,presurvey_part1b,TimeSelection,1773269097,1,0,0
y8jib0yx,440,i2ns5ohs,3,presurvey_part1b,AudioCheck,1773269128,1,0,0
y8jib0yx,440,i2ns5ohs,4,presurvey_part1b,NeighborhoodInstruction,1773269132,1,0,0
y8jib0yx,440,i2ns5ohs,5,presurvey_part1b,Scenario,1773269163,1,0,0
y8jib0yx,440,i2ns5ohs,6,Pay_phase1,Reminder,1773269167,1,0,0
y8jib0yx,441,zg3yrkte,0,,InitializeParticipant,1773269297,1,0,0
y8jib0yx,441,zg3yrkte,1,presurvey_part1b,Introduction,1773269330,1,0,0
y8jib0yx,441,zg3yrkte,2,presurvey_part1b,TimeSelection,1773269360,1,0,0
y8jib0yx,442,9i4tys2a,0,,InitializeParticipant,1773269366,1,0,0
y8jib0yx,441,zg3yrkte,3,presurvey_part1b,AudioCheck,1773269379,1,0,0
y8jib0yx,441,zg3yrkte,4,presurvey_part1b,NeighborhoodInstruction,1773269395,1,0,0
y8jib0yx,442,9i4tys2a,1,presurvey_part1b,Introduction,1773269408,1,0,0
y8jib0yx,443,1gbb444n,0,,InitializeParticipant,1773269419,1,0,0
y8jib0yx,443,1gbb444n,1,presurvey_part1b,Introduction,1773269432,1,0,0
y8jib0yx,444,w8w7yfhf,0,,InitializeParticipant,1773269433,1,0,0
y8jib0yx,443,1gbb444n,2,presurvey_part1b,TimeSelection,1773269440,1,0,0
y8jib0yx,443,1gbb444n,3,presurvey_part1b,AudioCheck,1773269450,1,0,0
y8jib0yx,443,1gbb444n,4,presurvey_part1b,NeighborhoodInstruction,1773269453,1,0,0
y8jib0yx,444,w8w7yfhf,1,presurvey_part1b,Introduction,1773269466,1,0,0
y8jib0yx,443,1gbb444n,5,presurvey_part1b,Scenario,1773269470,1,0,0
y8jib0yx,445,omhxdus3,0,,InitializeParticipant,1773269470,1,0,0
y8jib0yx,446,hknpi39x,0,,InitializeParticipant,1773269474,1,0,0
y8jib0yx,444,w8w7yfhf,2,presurvey_part1b,TimeSelection,1773269493,1,0,0
y8jib0yx,446,hknpi39x,1,presurvey_part1b,Introduction,1773269498,1,0,0
y8jib0yx,441,zg3yrkte,5,presurvey_part1b,Scenario,1773269506,1,0,0
y8jib0yx,444,w8w7yfhf,3,presurvey_part1b,AudioCheck,1773269523,1,0,0
y8jib0yx,445,omhxdus3,1,presurvey_part1b,Introduction,1773269545,1,0,0
y8jib0yx,444,w8w7yfhf,4,presurvey_part1b,NeighborhoodInstruction,1773269554,1,0,0
y8jib0yx,447,pca403kk,0,,InitializeParticipant,1773269554,1,0,0
y8jib0yx,447,pca403kk,1,presurvey_part1b,Introduction,1773269579,1,0,0
y8jib0yx,444,w8w7yfhf,5,presurvey_part1b,Scenario,1773269586,1,0,0
y8jib0yx,446,hknpi39x,2,presurvey_part1b,TimeSelection,1773269588,1,0,0
y8jib0yx,444,w8w7yfhf,6,Pay_phase1,Reminder,1773269592,1,0,0
y8jib0yx,441,zg3yrkte,6,Pay_phase1,Reminder,1773269594,1,0,0
y8jib0yx,445,omhxdus3,2,presurvey_part1b,TimeSelection,1773269595,1,0,0
y8jib0yx,448,gf8yfg5h,0,,InitializeParticipant,1773269601,1,0,0
y8jib0yx,447,pca403kk,2,presurvey_part1b,TimeSelection,1773269607,1,0,0
y8jib0yx,448,gf8yfg5h,1,presurvey_part1b,Introduction,1773269610,1,0,0
y8jib0yx,446,hknpi39x,3,presurvey_part1b,AudioCheck,1773269629,1,0,0
y8jib0yx,445,omhxdus3,3,presurvey_part1b,AudioCheck,1773269630,1,0,0
y8jib0yx,448,gf8yfg5h,2,presurvey_part1b,TimeSelection,1773269642,1,0,0
y8jib0yx,448,gf8yfg5h,3,presurvey_part1b,AudioCheck,1773269653,1,0,0
y8jib0yx,445,omhxdus3,4,presurvey_part1b,NeighborhoodInstruction,1773269659,1,0,0
y8jib0yx,446,hknpi39x,4,presurvey_part1b,NeighborhoodInstruction,1773269671,1,0,0
y8jib0yx,448,gf8yfg5h,4,presurvey_part1b,NeighborhoodInstruction,1773269677,1,0,0
y8jib0yx,448,gf8yfg5h,5,presurvey_part1b,Scenario,1773269689,1,0,0
y8jib0yx,448,gf8yfg5h,6,Pay_phase1,Reminder,1773269691,1,0,0
y8jib0yx,445,omhxdus3,5,presurvey_part1b,Scenario,1773269707,1,0,0
y8jib0yx,447,pca403kk,3,presurvey_part1b,AudioCheck,1773269713,1,0,0
y8jib0yx,446,hknpi39x,5,presurvey_part1b,Scenario,1773269725,1,0,0
y8jib0yx,446,hknpi39x,6,Pay_phase1,Reminder,1773269737,1,0,0
y8jib0yx,447,pca403kk,4,presurvey_part1b,NeighborhoodInstruction,1773269744,1,0,0
y8jib0yx,449,uelidu3s,0,,InitializeParticipant,1773269842,1,0,0
y8jib0yx,450,5cluqp6w,0,,InitializeParticipant,1773269874,1,0,0
y8jib0yx,447,pca403kk,5,presurvey_part1b,Scenario,1773269889,1,0,0
y8jib0yx,449,uelidu3s,1,presurvey_part1b,Introduction,1773269892,1,0,0
y8jib0yx,450,5cluqp6w,1,presurvey_part1b,Introduction,1773269895,1,0,0
y8jib0yx,447,pca403kk,6,Pay_phase1,Reminder,1773269896,1,0,0
y8jib0yx,450,5cluqp6w,2,presurvey_part1b,TimeSelection,1773269911,1,0,0
y8jib0yx,449,uelidu3s,2,presurvey_part1b,TimeSelection,1773269915,1,0,0
y8jib0yx,450,5cluqp6w,3,presurvey_part1b,AudioCheck,1773269927,1,0,0
y8jib0yx,450,5cluqp6w,4,presurvey_part1b,NeighborhoodInstruction,1773269933,1,0,0
y8jib0yx,449,uelidu3s,3,presurvey_part1b,AudioCheck,1773269937,1,0,0
y8jib0yx,450,5cluqp6w,5,presurvey_part1b,Scenario,1773269966,1,0,0
y8jib0yx,450,5cluqp6w,6,Pay_phase1,Reminder,1773269969,1,0,0
y8jib0yx,449,uelidu3s,4,presurvey_part1b,NeighborhoodInstruction,1773269970,1,0,0
y8jib0yx,449,uelidu3s,5,presurvey_part1b,Scenario,1773270009,1,0,0
y8jib0yx,449,uelidu3s,6,Pay_phase1,Reminder,1773270019,1,0,0
y8jib0yx,451,h1gbja9z,0,,InitializeParticipant,1773270162,1,0,0
y8jib0yx,451,h1gbja9z,1,presurvey_part1b,Introduction,1773270197,1,0,0
y8jib0yx,451,h1gbja9z,2,presurvey_part1b,TimeSelection,1773270213,1,0,0
y8jib0yx,451,h1gbja9z,3,presurvey_part1b,AudioCheck,1773270230,1,0,0
y8jib0yx,451,h1gbja9z,4,presurvey_part1b,NeighborhoodInstruction,1773270248,1,0,0
y8jib0yx,451,h1gbja9z,5,presurvey_part1b,Scenario,1773270289,1,0,0
y8jib0yx,451,h1gbja9z,6,Pay_phase1,Reminder,1773270293,1,0,0
y8jib0yx,452,wrmc3p0j,0,,InitializeParticipant,1773270625,1,0,0
y8jib0yx,453,9zaufem7,0,,InitializeParticipant,1773270647,1,0,0
y8jib0yx,452,wrmc3p0j,1,presurvey_part1b,Introduction,1773270655,1,0,0
y8jib0yx,453,9zaufem7,1,presurvey_part1b,Introduction,1773270673,1,0,0
y8jib0yx,452,wrmc3p0j,2,presurvey_part1b,TimeSelection,1773270680,1,0,0
y8jib0yx,454,w7s52itq,0,,InitializeParticipant,1773270681,1,0,0
y8jib0yx,453,9zaufem7,2,presurvey_part1b,TimeSelection,1773270681,1,0,0
y8jib0yx,452,wrmc3p0j,3,presurvey_part1b,AudioCheck,1773270697,1,0,0
y8jib0yx,453,9zaufem7,3,presurvey_part1b,AudioCheck,1773270705,1,0,0
y8jib0yx,453,9zaufem7,4,presurvey_part1b,NeighborhoodInstruction,1773270716,1,0,0
y8jib0yx,452,wrmc3p0j,4,presurvey_part1b,NeighborhoodInstruction,1773270724,1,0,0
y8jib0yx,453,9zaufem7,5,presurvey_part1b,Scenario,1773270743,1,0,0
y8jib0yx,453,9zaufem7,6,Pay_phase1,Reminder,1773270747,1,0,0
y8jib0yx,454,w7s52itq,1,presurvey_part1b,Introduction,1773270761,1,0,0
y8jib0yx,454,w7s52itq,2,presurvey_part1b,TimeSelection,1773270772,1,0,0
y8jib0yx,452,wrmc3p0j,5,presurvey_part1b,Scenario,1773270797,1,0,0
y8jib0yx,452,wrmc3p0j,6,Pay_phase1,Reminder,1773270803,1,0,0
y8jib0yx,454,w7s52itq,3,presurvey_part1b,AudioCheck,1773270808,1,0,0
y8jib0yx,454,w7s52itq,4,presurvey_part1b,NeighborhoodInstruction,1773270841,1,0,0
y8jib0yx,455,ksi6d4p6,0,,InitializeParticipant,1773270842,1,0,0
y8jib0yx,454,w7s52itq,5,presurvey_part1b,Scenario,1773271022,1,0,0
y8jib0yx,456,sleg3kaf,0,,InitializeParticipant,1773271202,1,0,0
y8jib0yx,457,fp9oid1v,0,,InitializeParticipant,1773271228,1,0,0
y8jib0yx,458,mbev2v7m,0,,InitializeParticipant,1773271325,1,0,0
y8jib0yx,459,nb5cojcf,0,,InitializeParticipant,1773271355,1,0,0
y8jib0yx,458,mbev2v7m,1,presurvey_part1b,Introduction,1773271371,1,0,0
y8jib0yx,459,nb5cojcf,1,presurvey_part1b,Introduction,1773271389,1,0,0
y8jib0yx,458,mbev2v7m,2,presurvey_part1b,TimeSelection,1773271392,1,0,0
y8jib0yx,458,mbev2v7m,3,presurvey_part1b,AudioCheck,1773271412,1,0,0
y8jib0yx,460,l8c3xd0e,0,,InitializeParticipant,1773271414,1,0,0
y8jib0yx,459,nb5cojcf,2,presurvey_part1b,TimeSelection,1773271418,1,0,0
y8jib0yx,461,x2thbpwo,0,,InitializeParticipant,1773271428,1,0,0
y8jib0yx,460,l8c3xd0e,1,presurvey_part1b,Introduction,1773271465,1,0,0
y8jib0yx,462,gw9wea7v,0,,InitializeParticipant,1773271479,1,0,0
y8jib0yx,462,gw9wea7v,1,presurvey_part1b,Introduction,1773271493,1,0,0
y8jib0yx,460,l8c3xd0e,2,presurvey_part1b,TimeSelection,1773271494,1,0,0
y8jib0yx,460,l8c3xd0e,3,presurvey_part1b,AudioCheck,1773271520,1,0,0
y8jib0yx,460,l8c3xd0e,4,presurvey_part1b,NeighborhoodInstruction,1773271550,1,0,0
y8jib0yx,458,mbev2v7m,4,presurvey_part1b,NeighborhoodInstruction,1773271555,1,0,0
y8jib0yx,459,nb5cojcf,3,presurvey_part1b,AudioCheck,1773271578,1,0,0
y8jib0yx,458,mbev2v7m,5,presurvey_part1b,Scenario,1773271580,1,0,0
y8jib0yx,458,mbev2v7m,6,Pay_phase1,Reminder,1773271590,1,0,0
y8jib0yx,460,l8c3xd0e,5,presurvey_part1b,Scenario,1773271597,1,0,0
y8jib0yx,460,l8c3xd0e,6,Pay_phase1,Reminder,1773271616,1,0,0
y8jib0yx,459,nb5cojcf,4,presurvey_part1b,NeighborhoodInstruction,1773271643,1,0,0
y8jib0yx,459,nb5cojcf,5,presurvey_part1b,Scenario,1773271679,1,0,0
y8jib0yx,463,2zj0s5lm,0,,InitializeParticipant,1773271709,1,0,0
y8jib0yx,464,9p7t56ap,0,,InitializeParticipant,1773271781,1,0,0
y8jib0yx,463,2zj0s5lm,1,presurvey_part1b,Introduction,1773271800,1,0,0
y8jib0yx,465,26nvzg3y,0,,InitializeParticipant,1773271967,1,0,0
y8jib0yx,466,lskuw1rm,0,,InitializeParticipant,1773272025,1,0,0
y8jib0yx,467,96u7814g,0,,InitializeParticipant,1773272027,1,0,0
y8jib0yx,466,lskuw1rm,1,presurvey_part1b,Introduction,1773272039,1,0,0
y8jib0yx,465,26nvzg3y,1,presurvey_part1b,Introduction,1773272042,1,0,0
y8jib0yx,465,26nvzg3y,2,presurvey_part1b,TimeSelection,1773272056,1,0,0
y8jib0yx,468,em6u49o6,0,,InitializeParticipant,1773272063,1,0,0
y8jib0yx,467,96u7814g,1,presurvey_part1b,Introduction,1773272069,1,0,0
y8jib0yx,466,lskuw1rm,2,presurvey_part1b,TimeSelection,1773272074,1,0,0
y8jib0yx,465,26nvzg3y,3,presurvey_part1b,AudioCheck,1773272076,1,0,0
y8jib0yx,468,em6u49o6,1,presurvey_part1b,Introduction,1773272086,1,0,0
y8jib0yx,465,26nvzg3y,4,presurvey_part1b,NeighborhoodInstruction,1773272102,1,0,0
y8jib0yx,466,lskuw1rm,3,presurvey_part1b,AudioCheck,1773272102,1,0,0
y8jib0yx,468,em6u49o6,2,presurvey_part1b,TimeSelection,1773272133,1,0,0
y8jib0yx,469,2sf48p14,0,,InitializeParticipant,1773272136,1,0,0
y8jib0yx,465,26nvzg3y,5,presurvey_part1b,Scenario,1773272137,1,0,0
y8jib0yx,466,lskuw1rm,4,presurvey_part1b,NeighborhoodInstruction,1773272145,1,0,0
y8jib0yx,465,26nvzg3y,6,Pay_phase1,Reminder,1773272146,1,0,0
y8jib0yx,468,em6u49o6,3,presurvey_part1b,AudioCheck,1773272149,1,0,0
y8jib0yx,470,eq73892d,0,,InitializeParticipant,1773272152,1,0,0
y8jib0yx,471,wpww2twh,0,,InitializeParticipant,1773272162,1,0,0
y8jib0yx,471,wpww2twh,1,presurvey_part1b,Introduction,1773272173,1,0,0
y8jib0yx,470,eq73892d,1,presurvey_part1b,Introduction,1773272173,1,0,0
y8jib0yx,468,em6u49o6,4,presurvey_part1b,NeighborhoodInstruction,1773272175,1,0,0
y8jib0yx,471,wpww2twh,2,presurvey_part1b,TimeSelection,1773272186,1,0,0
y8jib0yx,468,em6u49o6,5,presurvey_part1b,Scenario,1773272201,1,0,0
y8jib0yx,471,wpww2twh,3,presurvey_part1b,AudioCheck,1773272205,1,0,0
y8jib0yx,466,lskuw1rm,5,presurvey_part1b,Scenario,1773272207,1,0,0
y8jib0yx,468,em6u49o6,6,Pay_phase1,Reminder,1773272211,1,0,0
y8jib0yx,469,2sf48p14,1,presurvey_part1b,Introduction,1773272212,1,0,0
y8jib0yx,472,kvnj5spo,0,,InitializeParticipant,1773272212,1,0,0
y8jib0yx,471,wpww2twh,4,presurvey_part1b,NeighborhoodInstruction,1773272213,1,0,0
y8jib0yx,469,2sf48p14,2,presurvey_part1b,TimeSelection,1773272221,1,0,0
y8jib0yx,471,wpww2twh,5,presurvey_part1b,Scenario,1773272233,1,0,0
y8jib0yx,472,kvnj5spo,1,presurvey_part1b,Introduction,1773272236,1,0,0
y8jib0yx,472,kvnj5spo,2,presurvey_part1b,TimeSelection,1773272254,1,0,0
y8jib0yx,469,2sf48p14,3,presurvey_part1b,AudioCheck,1773272258,1,0,0
y8jib0yx,469,2sf48p14,4,presurvey_part1b,NeighborhoodInstruction,1773272283,1,0,0
y8jib0yx,472,kvnj5spo,3,presurvey_part1b,AudioCheck,1773272286,1,0,0
y8jib0yx,472,kvnj5spo,4,presurvey_part1b,NeighborhoodInstruction,1773272305,1,0,0
y8jib0yx,469,2sf48p14,5,presurvey_part1b,Scenario,1773272309,1,0,0
y8jib0yx,472,kvnj5spo,5,presurvey_part1b,Scenario,1773272333,1,0,0
y8jib0yx,473,m9e3ala1,0,,InitializeParticipant,1773272334,1,0,0
y8jib0yx,472,kvnj5spo,6,Pay_phase1,Reminder,1773272339,1,0,0
y8jib0yx,474,ykzndwyz,0,,InitializeParticipant,1773272345,1,0,0
y8jib0yx,473,m9e3ala1,1,presurvey_part1b,Introduction,1773272348,1,0,0
y8jib0yx,474,ykzndwyz,1,presurvey_part1b,Introduction,1773272354,1,0,0
y8jib0yx,474,ykzndwyz,2,presurvey_part1b,TimeSelection,1773272392,1,0,0
y8jib0yx,474,ykzndwyz,3,presurvey_part1b,AudioCheck,1773272416,1,0,0
y8jib0yx,474,ykzndwyz,4,presurvey_part1b,NeighborhoodInstruction,1773272443,1,0,0
y8jib0yx,474,ykzndwyz,5,presurvey_part1b,Scenario,1773272476,1,0,0
y8jib0yx,475,8tup0nqf,0,,InitializeParticipant,1773272507,1,0,0
y8jib0yx,475,8tup0nqf,1,presurvey_part1b,Introduction,1773272519,1,0,0
y8jib0yx,476,36siqdna,0,,InitializeParticipant,1773272526,1,0,0
y8jib0yx,475,8tup0nqf,2,presurvey_part1b,TimeSelection,1773272534,1,0,0
y8jib0yx,477,sp2u74kj,0,,InitializeParticipant,1773272542,1,0,0
y8jib0yx,476,36siqdna,1,presurvey_part1b,Introduction,1773272543,1,0,0
y8jib0yx,475,8tup0nqf,3,presurvey_part1b,AudioCheck,1773272546,1,0,0
y8jib0yx,476,36siqdna,2,presurvey_part1b,TimeSelection,1773272552,1,0,0
y8jib0yx,477,sp2u74kj,1,presurvey_part1b,Introduction,1773272553,1,0,0
y8jib0yx,477,sp2u74kj,2,presurvey_part1b,TimeSelection,1773272561,1,0,0
y8jib0yx,476,36siqdna,3,presurvey_part1b,AudioCheck,1773272575,1,0,0
y8jib0yx,476,36siqdna,4,presurvey_part1b,NeighborhoodInstruction,1773272589,1,0,0
y8jib0yx,478,q9rb84ed,0,,InitializeParticipant,1773272592,1,0,0
y8jib0yx,475,8tup0nqf,4,presurvey_part1b,NeighborhoodInstruction,1773272595,1,0,0
y8jib0yx,476,36siqdna,5,presurvey_part1b,Scenario,1773272615,1,0,0
y8jib0yx,475,8tup0nqf,5,presurvey_part1b,Scenario,1773272617,1,0,0
y8jib0yx,476,36siqdna,6,Pay_phase1,Reminder,1773272618,1,0,0
y8jib0yx,478,q9rb84ed,1,presurvey_part1b,Introduction,1773272637,1,0,0
y8jib0yx,477,sp2u74kj,3,presurvey_part1b,AudioCheck,1773272638,1,0,0
y8jib0yx,477,sp2u74kj,4,presurvey_part1b,NeighborhoodInstruction,1773272654,1,0,0
y8jib0yx,478,q9rb84ed,2,presurvey_part1b,TimeSelection,1773272660,1,0,0
y8jib0yx,478,q9rb84ed,3,presurvey_part1b,AudioCheck,1773272685,1,0,0
y8jib0yx,477,sp2u74kj,5,presurvey_part1b,Scenario,1773272689,1,0,0
y8jib0yx,477,sp2u74kj,6,Pay_phase1,Reminder,1773272692,1,0,0
y8jib0yx,478,q9rb84ed,4,presurvey_part1b,NeighborhoodInstruction,1773272703,1,0,0
y8jib0yx,478,q9rb84ed,5,presurvey_part1b,Scenario,1773272747,1,0,0
y8jib0yx,479,53gdavey,0,,InitializeParticipant,1773272938,1,0,0
y8jib0yx,479,53gdavey,1,presurvey_part1b,Introduction,1773272979,1,0,0
y8jib0yx,479,53gdavey,2,presurvey_part1b,TimeSelection,1773272993,1,0,0
y8jib0yx,479,53gdavey,3,presurvey_part1b,AudioCheck,1773273023,1,0,0
y8jib0yx,480,97u9vu0u,0,,InitializeParticipant,1773273038,1,0,0
y8jib0yx,481,ccmeed7v,0,,InitializeParticipant,1773273038,1,0,0
y8jib0yx,479,53gdavey,4,presurvey_part1b,NeighborhoodInstruction,1773273042,1,0,0
y8jib0yx,480,97u9vu0u,1,presurvey_part1b,Introduction,1773273059,1,0,0
y8jib0yx,481,ccmeed7v,1,presurvey_part1b,Introduction,1773273067,1,0,0
y8jib0yx,479,53gdavey,5,presurvey_part1b,Scenario,1773273085,1,0,0
y8jib0yx,479,53gdavey,6,Pay_phase1,Reminder,1773273093,1,0,0
y8jib0yx,481,ccmeed7v,2,presurvey_part1b,TimeSelection,1773273099,1,0,0
y8jib0yx,480,97u9vu0u,2,presurvey_part1b,TimeSelection,1773273101,1,0,0
y8jib0yx,481,ccmeed7v,3,presurvey_part1b,AudioCheck,1773273125,1,0,0
y8jib0yx,482,y15whfrm,0,,InitializeParticipant,1773273139,1,0,0
y8jib0yx,481,ccmeed7v,4,presurvey_part1b,NeighborhoodInstruction,1773273144,1,0,0
y8jib0yx,483,c69vcc6t,0,,InitializeParticipant,1773273150,1,0,0
y8jib0yx,484,a2n69785,0,,InitializeParticipant,1773273176,1,0,0
y8jib0yx,482,y15whfrm,1,presurvey_part1b,Introduction,1773273178,1,0,0
y8jib0yx,484,a2n69785,1,presurvey_part1b,Introduction,1773273188,1,0,0
y8jib0yx,483,c69vcc6t,1,presurvey_part1b,Introduction,1773273205,1,0,0
y8jib0yx,481,ccmeed7v,5,presurvey_part1b,Scenario,1773273206,1,0,0
y8jib0yx,484,a2n69785,2,presurvey_part1b,TimeSelection,1773273206,1,0,0
y8jib0yx,483,c69vcc6t,2,presurvey_part1b,TimeSelection,1773273218,1,0,0
y8jib0yx,484,a2n69785,3,presurvey_part1b,AudioCheck,1773273224,1,0,0
y8jib0yx,480,97u9vu0u,3,presurvey_part1b,AudioCheck,1773273227,1,0,0
y8jib0yx,484,a2n69785,4,presurvey_part1b,NeighborhoodInstruction,1773273241,1,0,0
y8jib0yx,482,y15whfrm,2,presurvey_part1b,TimeSelection,1773273242,1,0,0
y8jib0yx,482,y15whfrm,3,presurvey_part1b,AudioCheck,1773273257,1,0,0
y8jib0yx,484,a2n69785,5,presurvey_part1b,Scenario,1773273267,1,0,0
y8jib0yx,484,a2n69785,6,Pay_phase1,Reminder,1773273270,1,0,0
y8jib0yx,482,y15whfrm,4,presurvey_part1b,NeighborhoodInstruction,1773273280,1,0,0
y8jib0yx,480,97u9vu0u,4,presurvey_part1b,NeighborhoodInstruction,1773273282,1,0,0
y8jib0yx,483,c69vcc6t,3,presurvey_part1b,AudioCheck,1773273308,1,0,0
y8jib0yx,482,y15whfrm,5,presurvey_part1b,Scenario,1773273312,1,0,0
y8jib0yx,482,y15whfrm,6,Pay_phase1,Reminder,1773273321,1,0,0
y8jib0yx,480,97u9vu0u,5,presurvey_part1b,Scenario,1773273367,1,0,0
y8jib0yx,483,c69vcc6t,4,presurvey_part1b,NeighborhoodInstruction,1773273372,1,0,0
y8jib0yx,480,97u9vu0u,6,Pay_phase1,Reminder,1773273391,1,0,0
y8jib0yx,485,hnf1hso9,0,,InitializeParticipant,1773273449,1,0,0
y8jib0yx,483,c69vcc6t,5,presurvey_part1b,Scenario,1773273497,1,0,0
y8jib0yx,486,tf565arg,0,,InitializeParticipant,1773273511,1,0,0
y8jib0yx,485,hnf1hso9,1,presurvey_part1b,Introduction,1773273532,1,0,0
y8jib0yx,485,hnf1hso9,2,presurvey_part1b,TimeSelection,1773273549,1,0,0
y8jib0yx,485,hnf1hso9,3,presurvey_part1b,AudioCheck,1773273574,1,0,0
y8jib0yx,485,hnf1hso9,4,presurvey_part1b,NeighborhoodInstruction,1773273624,1,0,0
y8jib0yx,485,hnf1hso9,5,presurvey_part1b,Scenario,1773273671,1,0,0
y8jib0yx,485,hnf1hso9,6,Pay_phase1,Reminder,1773273680,1,0,0
y8jib0yx,487,d6ywj6lv,0,,InitializeParticipant,1773273846,1,0,0
y8jib0yx,487,d6ywj6lv,1,presurvey_part1b,Introduction,1773273854,1,0,0
y8jib0yx,488,kroevmgj,0,,InitializeParticipant,1773273959,1,0,0
y8jib0yx,488,kroevmgj,1,presurvey_part1b,Introduction,1773273965,1,0,0
y8jib0yx,489,bu9f7cro,0,,InitializeParticipant,1773273969,1,0,0
y8jib0yx,489,bu9f7cro,1,presurvey_part1b,Introduction,1773273988,1,0,0
y8jib0yx,489,bu9f7cro,2,presurvey_part1b,TimeSelection,1773274012,1,0,0
y8jib0yx,489,bu9f7cro,3,presurvey_part1b,AudioCheck,1773274050,1,0,0
y8jib0yx,490,d1r4377i,0,,InitializeParticipant,1773274092,1,0,0
y8jib0yx,491,ukt2bv90,0,,InitializeParticipant,1773274165,1,0,0
y8jib0yx,492,83t3d7nm,0,,InitializeParticipant,1773274178,1,0,0
y8jib0yx,491,ukt2bv90,1,presurvey_part1b,Introduction,1773274183,1,0,0
y8jib0yx,491,ukt2bv90,2,presurvey_part1b,TimeSelection,1773274192,1,0,0
y8jib0yx,490,d1r4377i,1,presurvey_part1b,Introduction,1773274201,1,0,0
y8jib0yx,491,ukt2bv90,3,presurvey_part1b,AudioCheck,1773274204,1,0,0
y8jib0yx,491,ukt2bv90,4,presurvey_part1b,NeighborhoodInstruction,1773274213,1,0,0
y8jib0yx,492,83t3d7nm,1,presurvey_part1b,Introduction,1773274226,1,0,0
y8jib0yx,491,ukt2bv90,5,presurvey_part1b,Scenario,1773274246,1,0,0
y8jib0yx,491,ukt2bv90,6,Pay_phase1,Reminder,1773274248,1,0,0
y8jib0yx,492,83t3d7nm,2,presurvey_part1b,TimeSelection,1773274273,1,0,0
y8jib0yx,490,d1r4377i,2,presurvey_part1b,TimeSelection,1773274276,1,0,0
y8jib0yx,493,rgcrhbhz,0,,InitializeParticipant,1773274282,1,0,0
y8jib0yx,494,8cqs3vhr,0,,InitializeParticipant,1773274285,1,0,0
y8jib0yx,490,d1r4377i,3,presurvey_part1b,AudioCheck,1773274291,1,0,0
y8jib0yx,492,83t3d7nm,3,presurvey_part1b,AudioCheck,1773274296,1,0,0
y8jib0yx,490,d1r4377i,4,presurvey_part1b,NeighborhoodInstruction,1773274305,1,0,0
y8jib0yx,494,8cqs3vhr,1,presurvey_part1b,Introduction,1773274308,1,0,0
y8jib0yx,494,8cqs3vhr,2,presurvey_part1b,TimeSelection,1773274317,1,0,0
y8jib0yx,492,83t3d7nm,4,presurvey_part1b,NeighborhoodInstruction,1773274317,1,0,0
y8jib0yx,495,ywh2wx15,0,,InitializeParticipant,1773274323,1,0,0
y8jib0yx,489,bu9f7cro,4,presurvey_part1b,NeighborhoodInstruction,1773274337,1,0,0
y8jib0yx,496,p4dmelyz,0,,InitializeParticipant,1773274356,1,0,0
y8jib0yx,494,8cqs3vhr,3,presurvey_part1b,AudioCheck,1773274357,1,0,0
y8jib0yx,490,d1r4377i,5,presurvey_part1b,Scenario,1773274369,1,0,0
y8jib0yx,490,d1r4377i,6,Pay_phase1,Reminder,1773274380,1,0,0
y8jib0yx,495,ywh2wx15,1,presurvey_part1b,Introduction,1773274381,1,0,0
y8jib0yx,494,8cqs3vhr,4,presurvey_part1b,NeighborhoodInstruction,1773274383,1,0,0
y8jib0yx,489,bu9f7cro,5,presurvey_part1b,Scenario,1773274390,1,0,0
y8jib0yx,492,83t3d7nm,5,presurvey_part1b,Scenario,1773274397,1,0,0
y8jib0yx,495,ywh2wx15,2,presurvey_part1b,TimeSelection,1773274398,1,0,0
y8jib0yx,489,bu9f7cro,6,Pay_phase1,Reminder,1773274411,1,0,0
y8jib0yx,492,83t3d7nm,6,Pay_phase1,Reminder,1773274411,1,0,0
y8jib0yx,495,ywh2wx15,3,presurvey_part1b,AudioCheck,1773274412,1,0,0
y8jib0yx,494,8cqs3vhr,5,presurvey_part1b,Scenario,1773274427,1,0,0
y8jib0yx,494,8cqs3vhr,6,Pay_phase1,Reminder,1773274434,1,0,0
y8jib0yx,495,ywh2wx15,4,presurvey_part1b,NeighborhoodInstruction,1773274436,1,0,0
y8jib0yx,495,ywh2wx15,5,presurvey_part1b,Scenario,1773274473,1,0,0
y8jib0yx,495,ywh2wx15,6,Pay_phase1,Reminder,1773274481,1,0,0
y8jib0yx,497,b90ivplj,0,,InitializeParticipant,1773274518,1,0,0
y8jib0yx,497,b90ivplj,1,presurvey_part1b,Introduction,1773274566,1,0,0
y8jib0yx,498,zq1xmhur,0,,InitializeParticipant,1773274574,1,0,0
y8jib0yx,499,y6ff6r3x,0,,InitializeParticipant,1773274580,1,0,0
y8jib0yx,497,b90ivplj,2,presurvey_part1b,TimeSelection,1773274590,1,0,0
y8jib0yx,499,y6ff6r3x,1,presurvey_part1b,Introduction,1773274592,1,0,0
y8jib0yx,500,r6taknk8,0,,InitializeParticipant,1773274597,1,0,0
y8jib0yx,498,zq1xmhur,1,presurvey_part1b,Introduction,1773274612,1,0,0
y8jib0yx,499,y6ff6r3x,2,presurvey_part1b,TimeSelection,1773274612,1,0,0
y8jib0yx,499,y6ff6r3x,3,presurvey_part1b,AudioCheck,1773274626,1,0,0
y8jib0yx,500,r6taknk8,1,presurvey_part1b,Introduction,1773274633,1,0,0
y8jib0yx,499,y6ff6r3x,4,presurvey_part1b,NeighborhoodInstruction,1773274639,1,0,0
y8jib0yx,497,b90ivplj,3,presurvey_part1b,AudioCheck,1773274647,1,0,0
y8jib0yx,499,y6ff6r3x,5,presurvey_part1b,Scenario,1773274657,1,0,0
y8jib0yx,498,zq1xmhur,2,presurvey_part1b,TimeSelection,1773274666,1,0,0
y8jib0yx,497,b90ivplj,4,presurvey_part1b,NeighborhoodInstruction,1773274672,1,0,0
y8jib0yx,498,zq1xmhur,3,presurvey_part1b,AudioCheck,1773274694,1,0,0
y8jib0yx,498,zq1xmhur,4,presurvey_part1b,NeighborhoodInstruction,1773274722,1,0,0
wfyoxf04,1,esecqeaw,0,,InitializeParticipant,1773309385,1,0,0
wfyoxf04,2,dd3j97xp,0,,InitializeParticipant,1773394235,1,0,0
putqe1fs,1,xaoxihm9,0,,InitializeParticipant,1773432088,1,0,0
putqe1fs,2,t110pl3d,0,,InitializeParticipant,1773432100,1,0,0
putqe1fs,3,9g2uie4m,0,,InitializeParticipant,1773432100,1,0,0
putqe1fs,1,xaoxihm9,1,presurvey,Introduction,1773432104,1,0,0
putqe1fs,4,00u1s724,0,,InitializeParticipant,1773432105,1,0,0
putqe1fs,2,t110pl3d,1,presurvey,Introduction,1773432111,1,0,0
putqe1fs,5,zykbnuy8,0,,InitializeParticipant,1773432116,1,0,0
putqe1fs,1,xaoxihm9,2,presurvey,AudioCheck,1773432117,1,0,0
putqe1fs,2,t110pl3d,2,presurvey,AudioCheck,1773432121,1,0,0
putqe1fs,4,00u1s724,1,presurvey,Introduction,1773432125,1,0,0
putqe1fs,1,xaoxihm9,3,presurvey,Demographics,1773432126,1,0,0
putqe1fs,2,t110pl3d,3,presurvey,Demographics,1773432133,1,0,0
putqe1fs,1,xaoxihm9,4,presurvey,NeighborhoodInstruction,1773432142,1,0,0
putqe1fs,3,9g2uie4m,1,presurvey,Introduction,1773432145,1,0,0
putqe1fs,4,00u1s724,2,presurvey,AudioCheck,1773432146,1,0,0
putqe1fs,2,t110pl3d,4,presurvey,NeighborhoodInstruction,1773432149,1,0,0
putqe1fs,6,3g2r1vq6,0,,InitializeParticipant,1773432151,1,0,0
putqe1fs,3,9g2uie4m,2,presurvey,AudioCheck,1773432154,1,0,0
putqe1fs,6,3g2r1vq6,1,presurvey,Introduction,1773432157,1,0,0
putqe1fs,5,zykbnuy8,1,presurvey,Introduction,1773432160,1,0,0
putqe1fs,3,9g2uie4m,3,presurvey,Demographics,1773432163,1,0,0
putqe1fs,7,zfarzlke,0,,InitializeParticipant,1773432164,1,0,0
putqe1fs,4,00u1s724,3,presurvey,Demographics,1773432165,1,0,0
putqe1fs,6,3g2r1vq6,2,presurvey,AudioCheck,1773432171,1,0,0
putqe1fs,5,zykbnuy8,2,presurvey,AudioCheck,1773432172,1,0,0
putqe1fs,3,9g2uie4m,4,presurvey,NeighborhoodInstruction,1773432173,1,0,0
putqe1fs,8,f48he392,0,,InitializeParticipant,1773432174,1,0,0
putqe1fs,2,t110pl3d,5,presurvey,Training,1773432174,1,0,0
putqe1fs,1,xaoxihm9,5,presurvey,Training,1773432175,1,0,0
putqe1fs,9,b36hz95r,0,,InitializeParticipant,1773432176,1,0,0
putqe1fs,10,dujhh6gj,0,,InitializeParticipant,1773432179,1,0,0
putqe1fs,11,wycjhtr7,0,,InitializeParticipant,1773432180,1,0,0
putqe1fs,8,f48he392,1,presurvey,Introduction,1773432189,1,0,0
putqe1fs,6,3g2r1vq6,3,presurvey,Demographics,1773432190,1,0,0
putqe1fs,9,b36hz95r,1,presurvey,Introduction,1773432190,1,0,0
putqe1fs,3,9g2uie4m,5,presurvey,Training,1773432192,1,0,0
putqe1fs,11,wycjhtr7,1,presurvey,Introduction,1773432199,1,0,0
putqe1fs,12,8t4l8q72,0,,InitializeParticipant,1773432200,1,0,0
putqe1fs,7,zfarzlke,1,presurvey,Introduction,1773432201,1,0,0
putqe1fs,9,b36hz95r,2,presurvey,AudioCheck,1773432202,1,0,0
putqe1fs,13,zelj24od,0,,InitializeParticipant,1773432204,1,0,0
putqe1fs,8,f48he392,2,presurvey,AudioCheck,1773432205,1,0,0
putqe1fs,2,t110pl3d,6,presurvey,TrainingNeighbor_1,1773432207,1,0,0
putqe1fs,9,b36hz95r,3,presurvey,Demographics,1773432212,1,0,0
putqe1fs,3,9g2uie4m,6,presurvey,TrainingNeighbor_1,1773432212,1,0,0
putqe1fs,2,t110pl3d,10,presurvey,ExperimentInstruction,1773432212,1,0,0
putqe1fs,6,3g2r1vq6,4,presurvey,NeighborhoodInstruction,1773432214,1,0,0
putqe1fs,3,9g2uie4m,7,presurvey,TrainingNeighbor_2,1773432216,1,0,0
putqe1fs,10,dujhh6gj,1,presurvey,Introduction,1773432217,1,0,0
putqe1fs,13,zelj24od,1,presurvey,Introduction,1773432218,1,0,0
putqe1fs,3,9g2uie4m,10,presurvey,ExperimentInstruction,1773432219,1,0,0
putqe1fs,14,dk57t40i,0,,InitializeParticipant,1773432220,1,0,0
putqe1fs,4,00u1s724,4,presurvey,NeighborhoodInstruction,1773432220,1,0,0
putqe1fs,1,xaoxihm9,6,presurvey,TrainingNeighbor_1,1773432222,1,0,0
putqe1fs,7,zfarzlke,2,presurvey,AudioCheck,1773432223,1,0,0
putqe1fs,8,f48he392,3,presurvey,Demographics,1773432225,1,0,0
putqe1fs,9,b36hz95r,4,presurvey,NeighborhoodInstruction,1773432227,1,0,0
putqe1fs,1,xaoxihm9,10,presurvey,ExperimentInstruction,1773432227,1,0,0
putqe1fs,2,t110pl3d,11,presurvey,Scenario,1773432232,1,0,0
putqe1fs,9,b36hz95r,5,presurvey,Training,1773432233,1,0,0
putqe1fs,12,8t4l8q72,1,presurvey,Introduction,1773432233,1,0,0
putqe1fs,10,dujhh6gj,2,presurvey,AudioCheck,1773432235,1,0,0
putqe1fs,8,f48he392,4,presurvey,NeighborhoodInstruction,1773432237,1,0,0
putqe1fs,6,3g2r1vq6,5,presurvey,Training,1773432242,1,0,0
putqe1fs,5,zykbnuy8,3,presurvey,Demographics,1773432243,1,0,0
putqe1fs,13,zelj24od,2,presurvey,AudioCheck,1773432244,1,0,0
putqe1fs,10,dujhh6gj,3,presurvey,Demographics,1773432246,1,0,0
putqe1fs,7,zfarzlke,3,presurvey,Demographics,1773432248,1,0,0
putqe1fs,15,pnyju1mb,0,,InitializeParticipant,1773432250,1,0,0
putqe1fs,5,zykbnuy8,4,presurvey,NeighborhoodInstruction,1773432255,1,0,0
putqe1fs,15,pnyju1mb,1,presurvey,Introduction,1773432256,1,0,0
putqe1fs,13,zelj24od,3,presurvey,Demographics,1773432259,1,0,0
putqe1fs,2,t110pl3d,12,presurvey,Commitment,1773432260,1,0,0
putqe1fs,11,wycjhtr7,2,presurvey,AudioCheck,1773432261,1,0,0
putqe1fs,10,dujhh6gj,4,presurvey,NeighborhoodInstruction,1773432265,1,0,0
putqe1fs,16,raefwpjj,0,,InitializeParticipant,1773432265,1,0,0
putqe1fs,1,xaoxihm9,11,presurvey,Scenario,1773432266,1,0,0
putqe1fs,9,b36hz95r,6,presurvey,TrainingNeighbor_1,1773432270,1,0,0
putqe1fs,8,f48he392,5,presurvey,Training,1773432270,1,0,0
putqe1fs,15,pnyju1mb,2,presurvey,AudioCheck,1773432273,1,0,0
putqe1fs,6,3g2r1vq6,6,presurvey,TrainingNeighbor_1,1773432275,1,0,0
putqe1fs,9,b36hz95r,10,presurvey,ExperimentInstruction,1773432277,1,0,0
putqe1fs,7,zfarzlke,4,presurvey,NeighborhoodInstruction,1773432280,1,0,0
putqe1fs,6,3g2r1vq6,7,presurvey,TrainingNeighbor_2,1773432283,1,0,0
putqe1fs,15,pnyju1mb,3,presurvey,Demographics,1773432285,1,0,0
putqe1fs,14,dk57t40i,1,presurvey,Introduction,1773432287,1,0,0
putqe1fs,16,raefwpjj,1,presurvey,Introduction,1773432287,1,0,0
putqe1fs,12,8t4l8q72,2,presurvey,AudioCheck,1773432290,1,0,0
putqe1fs,15,pnyju1mb,4,presurvey,NeighborhoodInstruction,1773432293,1,0,0
putqe1fs,5,zykbnuy8,5,presurvey,Training,1773432295,1,0,0
putqe1fs,6,3g2r1vq6,10,presurvey,ExperimentInstruction,1773432295,1,0,0
putqe1fs,8,f48he392,6,presurvey,TrainingNeighbor_1,1773432299,1,0,0
putqe1fs,9,b36hz95r,11,presurvey,Scenario,1773432299,1,0,0
putqe1fs,1,xaoxihm9,12,presurvey,Commitment,1773432302,1,0,0
putqe1fs,11,wycjhtr7,3,presurvey,Demographics,1773432303,1,0,0
putqe1fs,8,f48he392,10,presurvey,ExperimentInstruction,1773432304,1,0,0
putqe1fs,4,00u1s724,5,presurvey,Training,1773432308,1,0,0
putqe1fs,16,raefwpjj,2,presurvey,AudioCheck,1773432312,1,0,0
putqe1fs,15,pnyju1mb,5,presurvey,Training,1773432312,1,0,0
putqe1fs,12,8t4l8q72,3,presurvey,Demographics,1773432313,1,0,0
putqe1fs,10,dujhh6gj,5,presurvey,Training,1773432316,1,0,0
putqe1fs,7,zfarzlke,5,presurvey,Training,1773432317,1,0,0
putqe1fs,6,3g2r1vq6,11,presurvey,Scenario,1773432320,1,0,0
putqe1fs,8,f48he392,11,presurvey,Scenario,1773432321,1,0,0
putqe1fs,5,zykbnuy8,6,presurvey,TrainingNeighbor_1,1773432323,1,0,0
putqe1fs,13,zelj24od,4,presurvey,NeighborhoodInstruction,1773432324,1,0,0
putqe1fs,14,dk57t40i,2,presurvey,AudioCheck,1773432326,1,0,0
putqe1fs,16,raefwpjj,3,presurvey,Demographics,1773432326,1,0,0
putqe1fs,9,b36hz95r,12,presurvey,Commitment,1773432330,1,0,0
putqe1fs,5,zykbnuy8,10,presurvey,ExperimentInstruction,1773432330,1,0,0
putqe1fs,16,raefwpjj,4,presurvey,NeighborhoodInstruction,1773432342,1,0,0
putqe1fs,10,dujhh6gj,6,presurvey,TrainingNeighbor_1,1773432343,1,0,0
putqe1fs,5,zykbnuy8,11,presurvey,Scenario,1773432344,1,0,0
putqe1fs,3,9g2uie4m,11,presurvey,Scenario,1773432347,1,0,0
putqe1fs,15,pnyju1mb,6,presurvey,TrainingNeighbor_1,1773432347,1,0,0
putqe1fs,8,f48he392,12,presurvey,Commitment,1773432349,1,0,0
putqe1fs,10,dujhh6gj,10,presurvey,ExperimentInstruction,1773432352,1,0,0
putqe1fs,14,dk57t40i,3,presurvey,Demographics,1773432358,1,0,0
putqe1fs,15,pnyju1mb,7,presurvey,TrainingNeighbor_2,1773432359,1,0,0
putqe1fs,11,wycjhtr7,4,presurvey,NeighborhoodInstruction,1773432364,1,0,0
putqe1fs,15,pnyju1mb,10,presurvey,ExperimentInstruction,1773432365,1,0,0
putqe1fs,7,zfarzlke,6,presurvey,TrainingNeighbor_1,1773432371,1,0,0
putqe1fs,13,zelj24od,5,presurvey,Training,1773432373,1,0,0
putqe1fs,6,3g2r1vq6,12,presurvey,Commitment,1773432374,1,0,0
putqe1fs,12,8t4l8q72,4,presurvey,NeighborhoodInstruction,1773432376,1,0,0
putqe1fs,4,00u1s724,6,presurvey,TrainingNeighbor_1,1773432377,1,0,0
putqe1fs,15,pnyju1mb,11,presurvey,Scenario,1773432381,1,0,0
putqe1fs,10,dujhh6gj,11,presurvey,Scenario,1773432382,1,0,0
putqe1fs,16,raefwpjj,5,presurvey,Training,1773432385,1,0,0
putqe1fs,5,zykbnuy8,12,presurvey,Commitment,1773432389,1,0,0
putqe1fs,7,zfarzlke,10,presurvey,ExperimentInstruction,1773432393,1,0,0
putqe1fs,17,at5opyce,0,,InitializeParticipant,1773432395,1,0,0
putqe1fs,14,dk57t40i,4,presurvey,NeighborhoodInstruction,1773432400,1,0,0
putqe1fs,17,at5opyce,1,presurvey,Introduction,1773432401,1,0,0
putqe1fs,4,00u1s724,10,presurvey,ExperimentInstruction,1773432404,1,0,0
putqe1fs,3,9g2uie4m,12,presurvey,Commitment,1773432407,1,0,0
putqe1fs,17,at5opyce,2,presurvey,AudioCheck,1773432411,1,0,0
putqe1fs,16,raefwpjj,6,presurvey,TrainingNeighbor_1,1773432412,1,0,0
putqe1fs,15,pnyju1mb,12,presurvey,Commitment,1773432416,1,0,0
putqe1fs,17,at5opyce,3,presurvey,Demographics,1773432420,1,0,0
putqe1fs,16,raefwpjj,10,presurvey,ExperimentInstruction,1773432422,1,0,0
putqe1fs,13,zelj24od,6,presurvey,TrainingNeighbor_1,1773432425,1,0,0
putqe1fs,10,dujhh6gj,12,presurvey,Commitment,1773432426,1,0,0
putqe1fs,7,zfarzlke,11,presurvey,Scenario,1773432427,1,0,0
putqe1fs,17,at5opyce,4,presurvey,NeighborhoodInstruction,1773432433,1,0,0
putqe1fs,4,00u1s724,11,presurvey,Scenario,1773432441,1,0,0
putqe1fs,13,zelj24od,7,presurvey,TrainingNeighbor_2,1773432442,1,0,0
putqe1fs,13,zelj24od,10,presurvey,ExperimentInstruction,1773432449,1,0,0
putqe1fs,16,raefwpjj,11,presurvey,Scenario,1773432455,1,0,0
putqe1fs,14,dk57t40i,5,presurvey,Training,1773432465,1,0,0
putqe1fs,12,8t4l8q72,5,presurvey,Training,1773432465,1,0,0
putqe1fs,18,8y8nqxu3,0,,InitializeParticipant,1773432466,1,0,0
putqe1fs,17,at5opyce,5,presurvey,Training,1773432468,1,0,0
putqe1fs,18,8y8nqxu3,1,presurvey,Introduction,1773432471,1,0,0
putqe1fs,11,wycjhtr7,5,presurvey,Training,1773432473,1,0,0
putqe1fs,19,vg2gg3l0,0,,InitializeParticipant,1773432483,1,0,0
putqe1fs,18,8y8nqxu3,2,presurvey,AudioCheck,1773432483,1,0,0
putqe1fs,13,zelj24od,11,presurvey,Scenario,1773432489,1,0,0
putqe1fs,19,vg2gg3l0,1,presurvey,Introduction,1773432491,1,0,0
putqe1fs,7,zfarzlke,12,presurvey,Commitment,1773432493,1,0,0
putqe1fs,18,8y8nqxu3,3,presurvey,Demographics,1773432494,1,0,0
putqe1fs,17,at5opyce,6,presurvey,TrainingNeighbor_1,1773432495,1,0,0
putqe1fs,17,at5opyce,7,presurvey,TrainingNeighbor_2,1773432498,1,0,0
putqe1fs,19,vg2gg3l0,2,presurvey,AudioCheck,1773432503,1,0,0
putqe1fs,17,at5opyce,10,presurvey,ExperimentInstruction,1773432510,1,0,0
putqe1fs,19,vg2gg3l0,3,presurvey,Demographics,1773432513,1,0,0
putqe1fs,4,00u1s724,12,presurvey,Commitment,1773432519,1,0,0
putqe1fs,13,zelj24od,12,presurvey,Commitment,1773432520,1,0,0
putqe1fs,19,vg2gg3l0,4,presurvey,NeighborhoodInstruction,1773432520,1,0,0
putqe1fs,18,8y8nqxu3,4,presurvey,NeighborhoodInstruction,1773432522,1,0,0
putqe1fs,17,at5opyce,11,presurvey,Scenario,1773432526,1,0,0
putqe1fs,12,8t4l8q72,6,presurvey,TrainingNeighbor_1,1773432526,1,0,0
putqe1fs,14,dk57t40i,6,presurvey,TrainingNeighbor_1,1773432532,1,0,0
putqe1fs,18,8y8nqxu3,5,presurvey,Training,1773432544,1,0,0
putqe1fs,17,at5opyce,12,presurvey,Commitment,1773432545,1,0,0
putqe1fs,20,5z46s4r3,0,,InitializeParticipant,1773432551,1,0,0
putqe1fs,14,dk57t40i,7,presurvey,TrainingNeighbor_2,1773432554,1,0,0
putqe1fs,19,vg2gg3l0,5,presurvey,Training,1773432556,1,0,0
putqe1fs,12,8t4l8q72,10,presurvey,ExperimentInstruction,1773432564,1,0,0
putqe1fs,18,8y8nqxu3,6,presurvey,TrainingNeighbor_1,1773432568,1,0,0
putqe1fs,11,wycjhtr7,6,presurvey,TrainingNeighbor_1,1773432572,1,0,0
putqe1fs,18,8y8nqxu3,7,presurvey,TrainingNeighbor_2,1773432575,1,0,0
putqe1fs,18,8y8nqxu3,10,presurvey,ExperimentInstruction,1773432578,1,0,0
putqe1fs,14,dk57t40i,8,presurvey,AttentionCheck,1773432579,1,0,0
putqe1fs,20,5z46s4r3,1,presurvey,Introduction,1773432579,1,0,0
putqe1fs,19,vg2gg3l0,6,presurvey,TrainingNeighbor_1,1773432584,1,0,0
putqe1fs,20,5z46s4r3,2,presurvey,AudioCheck,1773432593,1,0,0
putqe1fs,18,8y8nqxu3,11,presurvey,Scenario,1773432597,1,0,0
putqe1fs,19,vg2gg3l0,10,presurvey,ExperimentInstruction,1773432601,1,0,0
putqe1fs,18,8y8nqxu3,12,presurvey,Commitment,1773432618,1,0,0
putqe1fs,19,vg2gg3l0,11,presurvey,Scenario,1773432619,1,0,0
putqe1fs,20,5z46s4r3,3,presurvey,Demographics,1773432621,1,0,0
putqe1fs,21,kn703uqk,0,,InitializeParticipant,1773432623,1,0,0
putqe1fs,12,8t4l8q72,11,presurvey,Scenario,1773432627,1,0,0
putqe1fs,11,wycjhtr7,10,presurvey,ExperimentInstruction,1773432628,1,0,0
putqe1fs,21,kn703uqk,1,presurvey,Introduction,1773432631,1,0,0
putqe1fs,22,51egor4j,0,,InitializeParticipant,1773432640,1,0,0
putqe1fs,19,vg2gg3l0,12,presurvey,Commitment,1773432641,1,0,0
putqe1fs,20,5z46s4r3,4,presurvey,NeighborhoodInstruction,1773432642,1,0,0
putqe1fs,21,kn703uqk,2,presurvey,AudioCheck,1773432649,1,0,0
putqe1fs,14,dk57t40i,9,presurvey,TrainingNeighbor_3,1773432659,1,0,0
putqe1fs,22,51egor4j,1,presurvey,Introduction,1773432662,1,0,0
putqe1fs,21,kn703uqk,3,presurvey,Demographics,1773432663,1,0,0
putqe1fs,21,kn703uqk,4,presurvey,NeighborhoodInstruction,1773432668,1,0,0
putqe1fs,20,5z46s4r3,5,presurvey,Training,1773432673,1,0,0
putqe1fs,22,51egor4j,2,presurvey,AudioCheck,1773432675,1,0,0
putqe1fs,23,ue8zrjpf,0,,InitializeParticipant,1773432681,1,0,0
putqe1fs,22,51egor4j,3,presurvey,Demographics,1773432688,1,0,0
putqe1fs,23,ue8zrjpf,1,presurvey,Introduction,1773432689,1,0,0
putqe1fs,22,51egor4j,4,presurvey,NeighborhoodInstruction,1773432699,1,0,0
putqe1fs,21,kn703uqk,5,presurvey,Training,1773432700,1,0,0
putqe1fs,11,wycjhtr7,11,presurvey,Scenario,1773432702,1,0,0
putqe1fs,23,ue8zrjpf,2,presurvey,AudioCheck,1773432705,1,0,0
putqe1fs,23,ue8zrjpf,3,presurvey,Demographics,1773432714,1,0,0
putqe1fs,22,51egor4j,5,presurvey,Training,1773432719,1,0,0
putqe1fs,12,8t4l8q72,12,presurvey,Commitment,1773432719,1,0,0
putqe1fs,20,5z46s4r3,6,presurvey,TrainingNeighbor_1,1773432720,1,0,0
putqe1fs,23,ue8zrjpf,4,presurvey,NeighborhoodInstruction,1773432741,1,0,0
putqe1fs,22,51egor4j,6,presurvey,TrainingNeighbor_1,1773432745,1,0,0
putqe1fs,22,51egor4j,10,presurvey,ExperimentInstruction,1773432751,1,0,0
putqe1fs,23,ue8zrjpf,5,presurvey,Training,1773432762,1,0,0
putqe1fs,22,51egor4j,11,presurvey,Scenario,1773432769,1,0,0
putqe1fs,23,ue8zrjpf,6,presurvey,TrainingNeighbor_1,1773432786,1,0,0
putqe1fs,23,ue8zrjpf,10,presurvey,ExperimentInstruction,1773432790,1,0,0
putqe1fs,23,ue8zrjpf,11,presurvey,Scenario,1773432820,1,0,0
putqe1fs,11,wycjhtr7,12,presurvey,Commitment,1773432822,1,0,0
putqe1fs,20,5z46s4r3,7,presurvey,TrainingNeighbor_2,1773432852,1,0,0
putqe1fs,23,ue8zrjpf,12,presurvey,Commitment,1773432854,1,0,0
putqe1fs,20,5z46s4r3,10,presurvey,ExperimentInstruction,1773432867,1,0,0
putqe1fs,20,5z46s4r3,11,presurvey,Scenario,1773432895,1,0,0
putqe1fs,24,7p8ejsqi,0,,InitializeParticipant,1773432908,1,0,0
putqe1fs,24,7p8ejsqi,1,presurvey,Introduction,1773432924,1,0,0
putqe1fs,24,7p8ejsqi,2,presurvey,AudioCheck,1773432935,1,0,0
putqe1fs,24,7p8ejsqi,3,presurvey,Demographics,1773432949,1,0,0
putqe1fs,20,5z46s4r3,12,presurvey,Commitment,1773432955,1,0,0
putqe1fs,24,7p8ejsqi,4,presurvey,NeighborhoodInstruction,1773432957,1,0,0
putqe1fs,24,7p8ejsqi,5,presurvey,Training,1773432970,1,0,0
putqe1fs,21,kn703uqk,6,presurvey,TrainingNeighbor_1,1773432989,1,0,0
putqe1fs,24,7p8ejsqi,6,presurvey,TrainingNeighbor_1,1773432994,1,0,0
putqe1fs,24,7p8ejsqi,10,presurvey,ExperimentInstruction,1773433004,1,0,0
putqe1fs,21,kn703uqk,7,presurvey,TrainingNeighbor_2,1773433025,1,0,0
putqe1fs,24,7p8ejsqi,11,presurvey,Scenario,1773433025,1,0,0
putqe1fs,21,kn703uqk,10,presurvey,ExperimentInstruction,1773433030,1,0,0
putqe1fs,21,kn703uqk,11,presurvey,Scenario,1773433057,1,0,0
putqe1fs,24,7p8ejsqi,12,presurvey,Commitment,1773433058,1,0,0
putqe1fs,25,0q4rc6rv,0,,InitializeParticipant,1773433079,1,0,0
putqe1fs,21,kn703uqk,12,presurvey,Commitment,1773433097,1,0,0
putqe1fs,26,h0ura75t,0,,InitializeParticipant,1773433283,1,0,0
putqe1fs,26,h0ura75t,1,presurvey,Introduction,1773433292,1,0,0
putqe1fs,26,h0ura75t,2,presurvey,AudioCheck,1773433309,1,0,0
putqe1fs,26,h0ura75t,3,presurvey,Demographics,1773433326,1,0,0
putqe1fs,27,1dt0mr2f,0,,InitializeParticipant,1773433329,1,0,0
putqe1fs,26,h0ura75t,4,presurvey,NeighborhoodInstruction,1773433335,1,0,0
putqe1fs,27,1dt0mr2f,1,presurvey,Introduction,1773433348,1,0,0
putqe1fs,25,0q4rc6rv,1,presurvey,Introduction,1773433359,1,0,0
putqe1fs,28,zggu0odl,0,,InitializeParticipant,1773433362,1,0,0
putqe1fs,27,1dt0mr2f,2,presurvey,AudioCheck,1773433362,1,0,0
putqe1fs,26,h0ura75t,5,presurvey,Training,1773433366,1,0,0
putqe1fs,28,zggu0odl,1,presurvey,Introduction,1773433378,1,0,0
putqe1fs,27,1dt0mr2f,3,presurvey,Demographics,1773433378,1,0,0
putqe1fs,25,0q4rc6rv,2,presurvey,AudioCheck,1773433385,1,0,0
putqe1fs,28,zggu0odl,2,presurvey,AudioCheck,1773433387,1,0,0
putqe1fs,27,1dt0mr2f,4,presurvey,NeighborhoodInstruction,1773433390,1,0,0
putqe1fs,26,h0ura75t,6,presurvey,TrainingNeighbor_1,1773433394,1,0,0
putqe1fs,28,zggu0odl,3,presurvey,Demographics,1773433396,1,0,0
putqe1fs,25,0q4rc6rv,3,presurvey,Demographics,1773433400,1,0,0
putqe1fs,3,9g2uie4m,13,mock_N08_N04_Aonly,GroupingWaitPage,1773433402,1,0,1
putqe1fs,5,zykbnuy8,13,mock_N08_N04_Aonly,GroupingWaitPage,1773433402,1,0,1
putqe1fs,12,8t4l8q72,13,mock_N08_N04_Aonly,GroupingWaitPage,1773433402,1,0,1
putqe1fs,21,kn703uqk,13,mock_N08_N04_Aonly,GroupingWaitPage,1773433402,1,0,1
putqe1fs,2,t110pl3d,13,mock_N08_N04_Aonly,GroupingWaitPage,1773433403,1,0,1
putqe1fs,8,f48he392,13,mock_N08_N04_Aonly,GroupingWaitPage,1773433403,1,0,1
putqe1fs,18,8y8nqxu3,13,mock_N08_N04_Aonly,GroupingWaitPage,1773433403,1,0,1
putqe1fs,20,5z46s4r3,13,mock_N08_N04_Aonly,GroupingWaitPage,1773433403,1,0,1
putqe1fs,3,9g2uie4m,14,mock_N08_N04_Aonly,GroupSizeWaitPage,1773433405,1,0,1
putqe1fs,5,zykbnuy8,14,mock_N08_N04_Aonly,GroupSizeWaitPage,1773433405,1,0,1
putqe1fs,12,8t4l8q72,14,mock_N08_N04_Aonly,GroupSizeWaitPage,1773433405,1,0,1
putqe1fs,21,kn703uqk,14,mock_N08_N04_Aonly,GroupSizeWaitPage,1773433405,1,0,1
putqe1fs,2,t110pl3d,14,mock_N08_N04_Aonly,GroupSizeWaitPage,1773433406,1,0,1
putqe1fs,8,f48he392,14,mock_N08_N04_Aonly,GroupSizeWaitPage,1773433406,1,0,1
putqe1fs,18,8y8nqxu3,14,mock_N08_N04_Aonly,GroupSizeWaitPage,1773433406,1,0,1
putqe1fs,20,5z46s4r3,14,mock_N08_N04_Aonly,GroupSizeWaitPage,1773433406,1,0,1
putqe1fs,21,kn703uqk,16,mock_N08_N04_Aonly,DiscussionGRPWaitPage,1773433406,1,0,1
putqe1fs,3,9g2uie4m,16,mock_N08_N04_Aonly,DiscussionGRPWaitPage,1773433406,1,0,1
putqe1fs,12,8t4l8q72,16,mock_N08_N04_Aonly,DiscussionGRPWaitPage,1773433406,1,0,1
putqe1fs,5,zykbnuy8,16,mock_N08_N04_Aonly,DiscussionGRPWaitPage,1773433406,1,0,1
putqe1fs,18,8y8nqxu3,16,mock_N08_N04_Aonly,DiscussionGRPWaitPage,1773433406,1,0,1
putqe1fs,8,f48he392,16,mock_N08_N04_Aonly,DiscussionGRPWaitPage,1773433406,1,0,1
putqe1fs,2,t110pl3d,16,mock_N08_N04_Aonly,DiscussionGRPWaitPage,1773433406,1,0,1
putqe1fs,20,5z46s4r3,16,mock_N08_N04_Aonly,DiscussionGRPWaitPage,1773433406,1,0,1
putqe1fs,28,zggu0odl,4,presurvey,NeighborhoodInstruction,1773433407,1,0,0
putqe1fs,27,1dt0mr2f,5,presurvey,Training,1773433414,1,0,0
putqe1fs,8,f48he392,17,mock_N08_N04_Aonly,Nudge,1773433416,1,0,0
putqe1fs,5,zykbnuy8,17,mock_N08_N04_Aonly,Nudge,1773433421,1,0,0
putqe1fs,3,9g2uie4m,17,mock_N08_N04_Aonly,Nudge,1773433422,1,0,0
putqe1fs,18,8y8nqxu3,17,mock_N08_N04_Aonly,Nudge,1773433422,1,0,0
putqe1fs,2,t110pl3d,17,mock_N08_N04_Aonly,Nudge,1773433422,1,0,0
putqe1fs,8,f48he392,18,mock_N08_N04_Aonly,NudgeTraining,1773433423,1,0,0
putqe1fs,26,h0ura75t,10,presurvey,ExperimentInstruction,1773433427,1,0,0
putqe1fs,18,8y8nqxu3,18,mock_N08_N04_Aonly,NudgeTraining,1773433429,1,0,0
putqe1fs,3,9g2uie4m,18,mock_N08_N04_Aonly,NudgeTraining,1773433429,1,0,0
putqe1fs,2,t110pl3d,18,mock_N08_N04_Aonly,NudgeTraining,1773433430,1,0,0
putqe1fs,8,f48he392,19,mock_N08_N04_Aonly,NudgeTrainingLast,1773433430,1,0,0
putqe1fs,18,8y8nqxu3,19,mock_N08_N04_Aonly,NudgeTrainingLast,1773433432,1,0,0
putqe1fs,5,zykbnuy8,18,mock_N08_N04_Aonly,NudgeTraining,1773433433,1,0,0
putqe1fs,20,5z46s4r3,17,mock_N08_N04_Aonly,Nudge,1773433433,1,0,0
putqe1fs,28,zggu0odl,5,presurvey,Training,1773433435,1,0,0
putqe1fs,2,t110pl3d,19,mock_N08_N04_Aonly,NudgeTrainingLast,1773433436,1,0,0
putqe1fs,8,f48he392,20,mock_N08_N04_Aonly,Phase3,1773433438,1,0,0
putqe1fs,21,kn703uqk,17,mock_N08_N04_Aonly,Nudge,1773433440,1,0,0
putqe1fs,3,9g2uie4m,19,mock_N08_N04_Aonly,NudgeTrainingLast,1773433440,1,0,0
putqe1fs,8,f48he392,21,mock_N08_N04_Aonly,Discussion,1773433443,1,0,0
putqe1fs,2,t110pl3d,20,mock_N08_N04_Aonly,Phase3,1773433443,1,0,0
putqe1fs,27,1dt0mr2f,6,presurvey,TrainingNeighbor_1,1773433443,1,0,0
putqe1fs,1,xaoxihm9,13,mock_N08_N04_Aonly,GroupingWaitPage,1773433445,1,0,1
putqe1fs,1,xaoxihm9,14,mock_N08_N04_Aonly,GroupSizeWaitPage,1773433446,1,0,1
putqe1fs,26,h0ura75t,11,presurvey,Scenario,1773433448,1,0,0
putqe1fs,2,t110pl3d,21,mock_N08_N04_Aonly,Discussion,1773433448,1,0,0
putqe1fs,20,5z46s4r3,18,mock_N08_N04_Aonly,NudgeTraining,1773433448,1,0,0
putqe1fs,5,zykbnuy8,19,mock_N08_N04_Aonly,NudgeTrainingLast,1773433448,1,0,0
putqe1fs,1,xaoxihm9,15,mock_N08_N04_Aonly,AttentionCheck,1773433450,1,0,0
putqe1fs,27,1dt0mr2f,10,presurvey,ExperimentInstruction,1773433452,1,0,0
putqe1fs,18,8y8nqxu3,20,mock_N08_N04_Aonly,Phase3,1773433452,1,0,0
putqe1fs,21,kn703uqk,18,mock_N08_N04_Aonly,NudgeTraining,1773433453,1,0,0
putqe1fs,25,0q4rc6rv,4,presurvey,NeighborhoodInstruction,1773433456,1,0,0
putqe1fs,28,zggu0odl,6,presurvey,TrainingNeighbor_1,1773433460,1,0,0
putqe1fs,18,8y8nqxu3,21,mock_N08_N04_Aonly,Discussion,1773433460,1,0,0
putqe1fs,20,5z46s4r3,19,mock_N08_N04_Aonly,NudgeTrainingLast,1773433461,1,0,0
putqe1fs,12,8t4l8q72,17,mock_N08_N04_Aonly,Nudge,1773433462,1,0,0
putqe1fs,28,zggu0odl,10,presurvey,ExperimentInstruction,1773433464,1,0,0
putqe1fs,21,kn703uqk,19,mock_N08_N04_Aonly,NudgeTrainingLast,1773433466,1,0,0
putqe1fs,3,9g2uie4m,20,mock_N08_N04_Aonly,Phase3,1773433470,1,0,0
putqe1fs,5,zykbnuy8,20,mock_N08_N04_Aonly,Phase3,1773433470,1,0,0
putqe1fs,9,b36hz95r,13,mock_N08_N04_Aonly,GroupingWaitPage,1773433473,1,0,1
putqe1fs,9,b36hz95r,14,mock_N08_N04_Aonly,GroupSizeWaitPage,1773433474,1,0,1
putqe1fs,9,b36hz95r,15,mock_N08_N04_Aonly,AttentionCheck,1773433479,1,0,0
putqe1fs,28,zggu0odl,11,presurvey,Scenario,1773433480,1,0,0
putqe1fs,27,1dt0mr2f,11,presurvey,Scenario,1773433481,1,0,0
putqe1fs,21,kn703uqk,20,mock_N08_N04_Aonly,Phase3,1773433482,1,0,0
putqe1fs,5,zykbnuy8,21,mock_N08_N04_Aonly,Discussion,1773433485,1,0,0
putqe1fs,26,h0ura75t,12,presurvey,Commitment,1773433485,1,0,0
putqe1fs,3,9g2uie4m,21,mock_N08_N04_Aonly,Discussion,1773433486,1,0,0
putqe1fs,20,5z46s4r3,20,mock_N08_N04_Aonly,Phase3,1773433487,1,0,0
putqe1fs,12,8t4l8q72,18,mock_N08_N04_Aonly,NudgeTraining,1773433491,1,0,0
putqe1fs,21,kn703uqk,21,mock_N08_N04_Aonly,Discussion,1773433502,1,0,0
putqe1fs,12,8t4l8q72,19,mock_N08_N04_Aonly,NudgeTrainingLast,1773433504,1,0,0
putqe1fs,11,wycjhtr7,13,mock_N08_N04_Aonly,GroupingWaitPage,1773433515,1,0,1
putqe1fs,15,pnyju1mb,13,mock_N08_N04_Aonly,GroupingWaitPage,1773433515,1,0,1
putqe1fs,23,ue8zrjpf,13,mock_N08_N04_Aonly,GroupingWaitPage,1773433515,1,0,1
putqe1fs,26,h0ura75t,13,mock_N08_N04_Aonly,GroupingWaitPage,1773433515,1,0,1
putqe1fs,20,5z46s4r3,21,mock_N08_N04_Aonly,Discussion,1773433515,1,0,0
putqe1fs,18,8y8nqxu3,27,mock_N08_N04_Aonly,DiscussionGRPWaitPage,1773433516,2,0,1
putqe1fs,8,f48he392,27,mock_N08_N04_Aonly,DiscussionGRPWaitPage,1773433516,2,0,1
putqe1fs,2,t110pl3d,27,mock_N08_N04_Aonly,DiscussionGRPWaitPage,1773433516,2,0,1
putqe1fs,20,5z46s4r3,27,mock_N08_N04_Aonly,DiscussionGRPWaitPage,1773433516,2,0,1
putqe1fs,11,wycjhtr7,14,mock_N08_N04_Aonly,GroupSizeWaitPage,1773433517,1,0,1
putqe1fs,15,pnyju1mb,14,mock_N08_N04_Aonly,GroupSizeWaitPage,1773433517,1,0,1
putqe1fs,23,ue8zrjpf,14,mock_N08_N04_Aonly,GroupSizeWaitPage,1773433517,1,0,1
putqe1fs,26,h0ura75t,14,mock_N08_N04_Aonly,GroupSizeWaitPage,1773433517,1,0,1
putqe1fs,15,pnyju1mb,16,mock_N08_N04_Aonly,DiscussionGRPWaitPage,1773433517,1,0,1
putqe1fs,11,wycjhtr7,16,mock_N08_N04_Aonly,DiscussionGRPWaitPage,1773433517,1,0,1
putqe1fs,23,ue8zrjpf,16,mock_N08_N04_Aonly,DiscussionGRPWaitPage,1773433517,1,0,1
putqe1fs,26,h0ura75t,16,mock_N08_N04_Aonly,DiscussionGRPWaitPage,1773433517,1,0,1
putqe1fs,27,1dt0mr2f,12,presurvey,Commitment,1773433520,1,0,0
putqe1fs,2,t110pl3d,32,mock_N08_N04_Aonly,Discussion,1773433522,2,0,0
putqe1fs,8,f48he392,32,mock_N08_N04_Aonly,Discussion,1773433522,2,0,0
putqe1fs,18,8y8nqxu3,32,mock_N08_N04_Aonly,Discussion,1773433525,2,0,0
putqe1fs,29,249tja4p,0,,InitializeParticipant,1773433530,1,0,0
putqe1fs,29,249tja4p,1,presurvey,Introduction,1773433534,1,0,0
putqe1fs,23,ue8zrjpf,17,mock_N08_N04_Aonly,Nudge,1773433535,1,0,0
putqe1fs,15,pnyju1mb,17,mock_N08_N04_Aonly,Nudge,1773433537,1,0,0
putqe1fs,26,h0ura75t,17,mock_N08_N04_Aonly,Nudge,1773433539,1,0,0
putqe1fs,12,8t4l8q72,20,mock_N08_N04_Aonly,Phase3,1773433539,1,0,0
putqe1fs,25,0q4rc6rv,5,presurvey,Training,1773433541,1,0,0
putqe1fs,29,249tja4p,2,presurvey,AudioCheck,1773433542,1,0,0
putqe1fs,20,5z46s4r3,32,mock_N08_N04_Aonly,Discussion,1773433545,2,0,0
putqe1fs,23,ue8zrjpf,18,mock_N08_N04_Aonly,NudgeTraining,1773433545,1,0,0
putqe1fs,18,8y8nqxu3,38,mock_N08_N04_Aonly,DiscussionGRPWaitPage,1773433545,3,0,1
putqe1fs,20,5z46s4r3,38,mock_N08_N04_Aonly,DiscussionGRPWaitPage,1773433545,3,0,1
putqe1fs,8,f48he392,38,mock_N08_N04_Aonly,DiscussionGRPWaitPage,1773433545,3,0,1
putqe1fs,2,t110pl3d,38,mock_N08_N04_Aonly,DiscussionGRPWaitPage,1773433545,3,0,1
putqe1fs,15,pnyju1mb,18,mock_N08_N04_Aonly,NudgeTraining,1773433548,1,0,0
putqe1fs,2,t110pl3d,43,mock_N08_N04_Aonly,Discussion,1773433549,3,0,0
putqe1fs,23,ue8zrjpf,19,mock_N08_N04_Aonly,NudgeTrainingLast,1773433551,1,0,0
putqe1fs,11,wycjhtr7,17,mock_N08_N04_Aonly,Nudge,1773433552,1,0,0
putqe1fs,8,f48he392,43,mock_N08_N04_Aonly,Discussion,1773433552,3,0,0
putqe1fs,18,8y8nqxu3,43,mock_N08_N04_Aonly,Discussion,1773433556,3,0,0
putqe1fs,26,h0ura75t,18,mock_N08_N04_Aonly,NudgeTraining,1773433557,1,0,0
putqe1fs,15,pnyju1mb,19,mock_N08_N04_Aonly,NudgeTrainingLast,1773433558,1,0,0
putqe1fs,20,5z46s4r3,43,mock_N08_N04_Aonly,Discussion,1773433563,3,0,0
putqe1fs,18,8y8nqxu3,49,mock_N08_N04_Aonly,DiscussionGRPWaitPage,1773433563,4,0,1
putqe1fs,8,f48he392,49,mock_N08_N04_Aonly,DiscussionGRPWaitPage,1773433563,4,0,1
putqe1fs,2,t110pl3d,49,mock_N08_N04_Aonly,DiscussionGRPWaitPage,1773433563,4,0,1
putqe1fs,20,5z46s4r3,49,mock_N08_N04_Aonly,DiscussionGRPWaitPage,1773433563,4,0,1
putqe1fs,23,ue8zrjpf,20,mock_N08_N04_Aonly,Phase3,1773433567,1,0,0
putqe1fs,2,t110pl3d,54,mock_N08_N04_Aonly,Discussion,1773433568,4,0,0
putqe1fs,8,f48he392,54,mock_N08_N04_Aonly,Discussion,1773433568,4,0,0
putqe1fs,26,h0ura75t,19,mock_N08_N04_Aonly,NudgeTrainingLast,1773433569,1,0,0
putqe1fs,10,dujhh6gj,13,mock_N08_N04_Aonly,GroupingWaitPage,1773433571,1,0,1
putqe1fs,10,dujhh6gj,14,mock_N08_N04_Aonly,GroupSizeWaitPage,1773433572,1,0,1
putqe1fs,15,pnyju1mb,20,mock_N08_N04_Aonly,Phase3,1773433572,1,0,0
putqe1fs,23,ue8zrjpf,21,mock_N08_N04_Aonly,Discussion,1773433573,1,0,0
putqe1fs,28,zggu0odl,12,presurvey,Commitment,1773433575,1,0,0
putqe1fs,20,5z46s4r3,54,mock_N08_N04_Aonly,Discussion,1773433575,4,0,0
putqe1fs,6,3g2r1vq6,13,mock_N08_N04_Aonly,GroupingWaitPage,1773433575,1,0,1
putqe1fs,6,3g2r1vq6,14,mock_N08_N04_Aonly,GroupSizeWaitPage,1773433576,1,0,1
putqe1fs,10,dujhh6gj,15,mock_N08_N04_Aonly,AttentionCheck,1773433578,1,0,0
putqe1fs,11,wycjhtr7,18,mock_N08_N04_Aonly,NudgeTraining,1773433580,1,0,0
putqe1fs,6,3g2r1vq6,15,mock_N08_N04_Aonly,AttentionCheck,1773433580,1,0,0
putqe1fs,25,0q4rc6rv,6,presurvey,TrainingNeighbor_1,1773433585,1,0,0
putqe1fs,18,8y8nqxu3,54,mock_N08_N04_Aonly,Discussion,1773433586,4,0,0
putqe1fs,18,8y8nqxu3,60,mock_N08_N04_Aonly,DiscussionGRPWaitPage,1773433586,5,0,1
putqe1fs,8,f48he392,60,mock_N08_N04_Aonly,DiscussionGRPWaitPage,1773433586,5,0,1
putqe1fs,2,t110pl3d,60,mock_N08_N04_Aonly,DiscussionGRPWaitPage,1773433586,5,0,1
putqe1fs,20,5z46s4r3,60,mock_N08_N04_Aonly,DiscussionGRPWaitPage,1773433586,5,0,1
putqe1fs,12,8t4l8q72,21,mock_N08_N04_Aonly,Discussion,1773433587,1,0,0
putqe1fs,21,kn703uqk,27,mock_N08_N04_Aonly,DiscussionGRPWaitPage,1773433587,2,0,1
putqe1fs,3,9g2uie4m,27,mock_N08_N04_Aonly,DiscussionGRPWaitPage,1773433587,2,0,1
putqe1fs,12,8t4l8q72,27,mock_N08_N04_Aonly,DiscussionGRPWaitPage,1773433587,2,0,1
putqe1fs,5,zykbnuy8,27,mock_N08_N04_Aonly,DiscussionGRPWaitPage,1773433587,2,0,1
putqe1fs,15,pnyju1mb,21,mock_N08_N04_Aonly,Discussion,1773433589,1,0,0
putqe1fs,26,h0ura75t,20,mock_N08_N04_Aonly,Phase3,1773433589,1,0,0
putqe1fs,18,8y8nqxu3,65,mock_N08_N04_Aonly,Discussion,1773433590,5,0,0
putqe1fs,2,t110pl3d,65,mock_N08_N04_Aonly,Discussion,1773433590,5,0,0
putqe1fs,8,f48he392,65,mock_N08_N04_Aonly,Discussion,1773433592,5,0,0
putqe1fs,3,9g2uie4m,32,mock_N08_N04_Aonly,Discussion,1773433595,2,0,0
putqe1fs,5,zykbnuy8,32,mock_N08_N04_Aonly,Discussion,1773433601,2,0,0
putqe1fs,20,5z46s4r3,65,mock_N08_N04_Aonly,Discussion,1773433602,5,0,0
putqe1fs,8,f48he392,71,mock_N08_N04_Aonly,DiscussionGRPWaitPage,1773433602,6,0,1
putqe1fs,2,t110pl3d,71,mock_N08_N04_Aonly,DiscussionGRPWaitPage,1773433602,6,0,1
putqe1fs,18,8y8nqxu3,71,mock_N08_N04_Aonly,DiscussionGRPWaitPage,1773433602,6,0,1
putqe1fs,20,5z46s4r3,71,mock_N08_N04_Aonly,DiscussionGRPWaitPage,1773433602,6,0,1
putqe1fs,21,kn703uqk,32,mock_N08_N04_Aonly,Discussion,1773433606,2,0,0
putqe1fs,2,t110pl3d,76,mock_N08_N04_Aonly,Discussion,1773433606,6,0,0
putqe1fs,8,f48he392,76,mock_N08_N04_Aonly,Discussion,1773433607,6,0,0
putqe1fs,12,8t4l8q72,32,mock_N08_N04_Aonly,Discussion,1773433610,2,0,0
putqe1fs,21,kn703uqk,38,mock_N08_N04_Aonly,DiscussionGRPWaitPage,1773433610,3,0,1
putqe1fs,3,9g2uie4m,38,mock_N08_N04_Aonly,DiscussionGRPWaitPage,1773433610,3,0,1
putqe1fs,12,8t4l8q72,38,mock_N08_N04_Aonly,DiscussionGRPWaitPage,1773433610,3,0,1
putqe1fs,5,zykbnuy8,38,mock_N08_N04_Aonly,DiscussionGRPWaitPage,1773433610,3,0,1
putqe1fs,11,wycjhtr7,19,mock_N08_N04_Aonly,NudgeTrainingLast,1773433612,1,0,0
putqe1fs,18,8y8nqxu3,76,mock_N08_N04_Aonly,Discussion,1773433614,6,0,0
putqe1fs,26,h0ura75t,21,mock_N08_N04_Aonly,Discussion,1773433614,1,0,0
putqe1fs,3,9g2uie4m,43,mock_N08_N04_Aonly,Discussion,1773433616,3,0,0
putqe1fs,20,5z46s4r3,76,mock_N08_N04_Aonly,Discussion,1773433617,6,0,0
putqe1fs,18,8y8nqxu3,82,mock_N08_N04_Aonly,DiscussionGRPWaitPage,1773433617,7,0,1
putqe1fs,8,f48he392,82,mock_N08_N04_Aonly,DiscussionGRPWaitPage,1773433617,7,0,1
putqe1fs,2,t110pl3d,82,mock_N08_N04_Aonly,DiscussionGRPWaitPage,1773433617,7,0,1
putqe1fs,20,5z46s4r3,82,mock_N08_N04_Aonly,DiscussionGRPWaitPage,1773433617,7,0,1
putqe1fs,5,zykbnuy8,43,mock_N08_N04_Aonly,Discussion,1773433619,3,0,0
putqe1fs,2,t110pl3d,87,mock_N08_N04_Aonly,Discussion,1773433621,7,0,0
putqe1fs,18,8y8nqxu3,87,mock_N08_N04_Aonly,Discussion,1773433621,7,0,0
putqe1fs,8,f48he392,87,mock_N08_N04_Aonly,Discussion,1773433622,7,0,0
putqe1fs,25,0q4rc6rv,7,presurvey,TrainingNeighbor_2,1773433623,1,0,0
putqe1fs,21,kn703uqk,43,mock_N08_N04_Aonly,Discussion,1773433626,3,0,0
putqe1fs,20,5z46s4r3,87,mock_N08_N04_Aonly,Discussion,1773433630,7,0,0
putqe1fs,18,8y8nqxu3,93,mock_N08_N04_Aonly,DiscussionGRPWaitPage,1773433630,8,0,1
putqe1fs,8,f48he392,93,mock_N08_N04_Aonly,DiscussionGRPWaitPage,1773433630,8,0,1
putqe1fs,2,t110pl3d,93,mock_N08_N04_Aonly,DiscussionGRPWaitPage,1773433630,8,0,1
putqe1fs,20,5z46s4r3,93,mock_N08_N04_Aonly,DiscussionGRPWaitPage,1773433630,8,0,1
putqe1fs,12,8t4l8q72,43,mock_N08_N04_Aonly,Discussion,1773433633,3,0,0
putqe1fs,21,kn703uqk,49,mock_N08_N04_Aonly,DiscussionGRPWaitPage,1773433633,4,0,1
putqe1fs,3,9g2uie4m,49,mock_N08_N04_Aonly,DiscussionGRPWaitPage,1773433633,4,0,1
putqe1fs,12,8t4l8q72,49,mock_N08_N04_Aonly,DiscussionGRPWaitPage,1773433633,4,0,1
putqe1fs,5,zykbnuy8,49,mock_N08_N04_Aonly,DiscussionGRPWaitPage,1773433633,4,0,1
putqe1fs,18,8y8nqxu3,98,mock_N08_N04_Aonly,Discussion,1773433635,8,0,0
putqe1fs,8,f48he392,98,mock_N08_N04_Aonly,Discussion,1773433635,8,0,0
putqe1fs,7,zfarzlke,13,mock_N08_N04_Aonly,GroupingWaitPage,1773433635,1,0,1
putqe1fs,2,t110pl3d,98,mock_N08_N04_Aonly,Discussion,1773433635,8,0,0
putqe1fs,25,0q4rc6rv,10,presurvey,ExperimentInstruction,1773433636,1,0,0
putqe1fs,7,zfarzlke,14,mock_N08_N04_Aonly,GroupSizeWaitPage,1773433636,1,0,1
putqe1fs,5,zykbnuy8,54,mock_N08_N04_Aonly,Discussion,1773433642,4,0,0
putqe1fs,3,9g2uie4m,54,mock_N08_N04_Aonly,Discussion,1773433644,4,0,0
putqe1fs,20,5z46s4r3,98,mock_N08_N04_Aonly,Discussion,1773433644,8,0,0
putqe1fs,18,8y8nqxu3,104,mock_N08_N04_Aonly,DiscussionGRPWaitPage,1773433644,9,0,1
putqe1fs,8,f48he392,104,mock_N08_N04_Aonly,DiscussionGRPWaitPage,1773433644,9,0,1
putqe1fs,2,t110pl3d,104,mock_N08_N04_Aonly,DiscussionGRPWaitPage,1773433644,9,0,1
putqe1fs,20,5z46s4r3,104,mock_N08_N04_Aonly,DiscussionGRPWaitPage,1773433644,9,0,1
putqe1fs,12,8t4l8q72,54,mock_N08_N04_Aonly,Discussion,1773433646,4,0,0
putqe1fs,18,8y8nqxu3,109,mock_N08_N04_Aonly,Discussion,1773433649,9,0,0
putqe1fs,8,f48he392,109,mock_N08_N04_Aonly,Discussion,1773433649,9,0,0
putqe1fs,7,zfarzlke,15,mock_N08_N04_Aonly,AttentionCheck,1773433649,1,0,0
putqe1fs,2,t110pl3d,109,mock_N08_N04_Aonly,Discussion,1773433650,9,0,0
putqe1fs,20,5z46s4r3,109,mock_N08_N04_Aonly,Discussion,1773433657,9,0,0
putqe1fs,11,wycjhtr7,20,mock_N08_N04_Aonly,Phase3,1773433657,1,1,0
putqe1fs,18,8y8nqxu3,115,mock_N08_N04_Aonly,DiscussionGRPWaitPage,1773433657,10,0,1
putqe1fs,8,f48he392,115,mock_N08_N04_Aonly,DiscussionGRPWaitPage,1773433657,10,0,1
putqe1fs,2,t110pl3d,115,mock_N08_N04_Aonly,DiscussionGRPWaitPage,1773433657,10,0,1
putqe1fs,20,5z46s4r3,115,mock_N08_N04_Aonly,DiscussionGRPWaitPage,1773433657,10,0,1
putqe1fs,18,8y8nqxu3,120,mock_N08_N04_Aonly,Discussion,1773433661,10,0,0
putqe1fs,2,t110pl3d,120,mock_N08_N04_Aonly,Discussion,1773433661,10,0,0
putqe1fs,8,f48he392,120,mock_N08_N04_Aonly,Discussion,1773433661,10,0,0
putqe1fs,21,kn703uqk,54,mock_N08_N04_Aonly,Discussion,1773433663,4,0,0
putqe1fs,21,kn703uqk,60,mock_N08_N04_Aonly,DiscussionGRPWaitPage,1773433663,5,0,1
putqe1fs,3,9g2uie4m,60,mock_N08_N04_Aonly,DiscussionGRPWaitPage,1773433663,5,0,1
putqe1fs,12,8t4l8q72,60,mock_N08_N04_Aonly,DiscussionGRPWaitPage,1773433663,5,0,1
putqe1fs,5,zykbnuy8,60,mock_N08_N04_Aonly,DiscussionGRPWaitPage,1773433663,5,0,1
putqe1fs,4,00u1s724,13,mock_N08_N04_Aonly,GroupingWaitPage,1773433668,1,0,1
putqe1fs,13,zelj24od,13,mock_N08_N04_Aonly,GroupingWaitPage,1773433669,1,0,1
putqe1fs,21,kn703uqk,65,mock_N08_N04_Aonly,Discussion,1773433669,5,0,0
putqe1fs,13,zelj24od,14,mock_N08_N04_Aonly,GroupSizeWaitPage,1773433670,1,0,1
putqe1fs,4,00u1s724,14,mock_N08_N04_Aonly,GroupSizeWaitPage,1773433670,1,0,1
putqe1fs,20,5z46s4r3,120,mock_N08_N04_Aonly,Discussion,1773433670,10,0,0
putqe1fs,3,9g2uie4m,65,mock_N08_N04_Aonly,Discussion,1773433670,5,0,0
putqe1fs,20,5z46s4r3,126,mock_N08_N04_Aonly,DiscussionGRPWaitPage,1773433670,11,0,1
putqe1fs,18,8y8nqxu3,126,mock_N08_N04_Aonly,DiscussionGRPWaitPage,1773433670,11,0,1
putqe1fs,8,f48he392,126,mock_N08_N04_Aonly,DiscussionGRPWaitPage,1773433670,11,0,1
putqe1fs,2,t110pl3d,126,mock_N08_N04_Aonly,DiscussionGRPWaitPage,1773433670,11,0,1
putqe1fs,5,zykbnuy8,65,mock_N08_N04_Aonly,Discussion,1773433672,5,0,0
putqe1fs,18,8y8nqxu3,131,mock_N08_N04_Aonly,Discussion,1773433674,11,0,0
putqe1fs,2,t110pl3d,131,mock_N08_N04_Aonly,Discussion,1773433675,11,0,0
putqe1fs,8,f48he392,131,mock_N08_N04_Aonly,Discussion,1773433675,11,0,0
putqe1fs,4,00u1s724,15,mock_N08_N04_Aonly,AttentionCheck,1773433680,1,0,0
putqe1fs,13,zelj24od,15,mock_N08_N04_Aonly,AttentionCheck,1773433682,1,0,0
putqe1fs,25,0q4rc6rv,11,presurvey,Scenario,1773433686,1,0,0
putqe1fs,12,8t4l8q72,65,mock_N08_N04_Aonly,Discussion,1773433686,5,0,0
putqe1fs,20,5z46s4r3,131,mock_N08_N04_Aonly,Discussion,1773433686,11,0,0
putqe1fs,21,kn703uqk,71,mock_N08_N04_Aonly,DiscussionGRPWaitPage,1773433686,6,0,1
putqe1fs,3,9g2uie4m,71,mock_N08_N04_Aonly,DiscussionGRPWaitPage,1773433686,6,0,1
putqe1fs,12,8t4l8q72,71,mock_N08_N04_Aonly,DiscussionGRPWaitPage,1773433686,6,0,1
putqe1fs,5,zykbnuy8,71,mock_N08_N04_Aonly,DiscussionGRPWaitPage,1773433686,6,0,1
putqe1fs,30,u0rm122k,0,,InitializeParticipant,1773433686,1,0,0
putqe1fs,18,8y8nqxu3,137,mock_N08_N04_Aonly,DiscussionGRPWaitPage,1773433687,12,0,1
putqe1fs,8,f48he392,137,mock_N08_N04_Aonly,DiscussionGRPWaitPage,1773433687,12,0,1
putqe1fs,2,t110pl3d,137,mock_N08_N04_Aonly,DiscussionGRPWaitPage,1773433687,12,0,1
putqe1fs,20,5z46s4r3,137,mock_N08_N04_Aonly,DiscussionGRPWaitPage,1773433687,12,0,1
putqe1fs,2,t110pl3d,142,mock_N08_N04_Aonly,Discussion,1773433689,12,0,0
putqe1fs,18,8y8nqxu3,142,mock_N08_N04_Aonly,Discussion,1773433690,12,0,0
putqe1fs,17,at5opyce,13,mock_N08_N04_Aonly,GroupingWaitPage,1773433690,1,0,1
putqe1fs,8,f48he392,142,mock_N08_N04_Aonly,Discussion,1773433691,12,0,0
putqe1fs,17,at5opyce,14,mock_N08_N04_Aonly,GroupSizeWaitPage,1773433691,1,0,1
putqe1fs,21,kn703uqk,76,mock_N08_N04_Aonly,Discussion,1773433692,6,0,0
putqe1fs,17,at5opyce,15,mock_N08_N04_Aonly,AttentionCheck,1773433695,1,0,0
putqe1fs,5,zykbnuy8,76,mock_N08_N04_Aonly,Discussion,1773433696,6,0,0
putqe1fs,3,9g2uie4m,76,mock_N08_N04_Aonly,Discussion,1773433699,6,0,0
putqe1fs,20,5z46s4r3,142,mock_N08_N04_Aonly,Discussion,1773433700,12,0,0
putqe1fs,18,8y8nqxu3,148,mock_N08_N04_Aonly,DiscussionGRPWaitPage,1773433701,13,0,1
putqe1fs,8,f48he392,148,mock_N08_N04_Aonly,DiscussionGRPWaitPage,1773433701,13,0,1
putqe1fs,2,t110pl3d,148,mock_N08_N04_Aonly,DiscussionGRPWaitPage,1773433701,13,0,1
putqe1fs,20,5z46s4r3,148,mock_N08_N04_Aonly,DiscussionGRPWaitPage,1773433701,13,0,1
putqe1fs,2,t110pl3d,153,mock_N08_N04_Aonly,Discussion,1773433703,13,0,0
putqe1fs,18,8y8nqxu3,153,mock_N08_N04_Aonly,Discussion,1773433703,13,0,0
putqe1fs,8,f48he392,153,mock_N08_N04_Aonly,Discussion,1773433704,13,0,0
putqe1fs,12,8t4l8q72,76,mock_N08_N04_Aonly,Discussion,1773433706,6,0,0
putqe1fs,21,kn703uqk,82,mock_N08_N04_Aonly,DiscussionGRPWaitPage,1773433706,7,0,1
putqe1fs,3,9g2uie4m,82,mock_N08_N04_Aonly,DiscussionGRPWaitPage,1773433706,7,0,1
putqe1fs,12,8t4l8q72,82,mock_N08_N04_Aonly,DiscussionGRPWaitPage,1773433706,7,0,1
putqe1fs,5,zykbnuy8,82,mock_N08_N04_Aonly,DiscussionGRPWaitPage,1773433706,7,0,1
putqe1fs,11,wycjhtr7,21,mock_N08_N04_Aonly,Discussion,1773433708,1,0,0
putqe1fs,15,pnyju1mb,27,mock_N08_N04_Aonly,DiscussionGRPWaitPage,1773433708,2,0,1
putqe1fs,11,wycjhtr7,27,mock_N08_N04_Aonly,DiscussionGRPWaitPage,1773433708,2,0,1
putqe1fs,23,ue8zrjpf,27,mock_N08_N04_Aonly,DiscussionGRPWaitPage,1773433708,2,0,1
putqe1fs,26,h0ura75t,27,mock_N08_N04_Aonly,DiscussionGRPWaitPage,1773433708,2,0,1
putqe1fs,20,5z46s4r3,153,mock_N08_N04_Aonly,Discussion,1773433713,13,0,0
putqe1fs,18,8y8nqxu3,159,mock_N08_N04_Aonly,DiscussionGRPWaitPage,1773433713,14,0,1
putqe1fs,8,f48he392,159,mock_N08_N04_Aonly,DiscussionGRPWaitPage,1773433713,14,0,1
putqe1fs,2,t110pl3d,159,mock_N08_N04_Aonly,DiscussionGRPWaitPage,1773433713,14,0,1
putqe1fs,20,5z46s4r3,159,mock_N08_N04_Aonly,DiscussionGRPWaitPage,1773433713,14,0,1
putqe1fs,21,kn703uqk,87,mock_N08_N04_Aonly,Discussion,1773433714,7,0,0
putqe1fs,23,ue8zrjpf,32,mock_N08_N04_Aonly,Discussion,1773433715,2,0,0
putqe1fs,5,zykbnuy8,87,mock_N08_N04_Aonly,Discussion,1773433715,7,0,0
putqe1fs,18,8y8nqxu3,164,mock_N08_N04_Aonly,Discussion,1773433716,14,0,0
putqe1fs,2,t110pl3d,164,mock_N08_N04_Aonly,Discussion,1773433716,14,0,0
putqe1fs,8,f48he392,164,mock_N08_N04_Aonly,Discussion,1773433717,14,0,0
putqe1fs,15,pnyju1mb,32,mock_N08_N04_Aonly,Discussion,1773433717,2,0,0
putqe1fs,12,8t4l8q72,87,mock_N08_N04_Aonly,Discussion,1773433719,7,0,0
putqe1fs,3,9g2uie4m,87,mock_N08_N04_Aonly,Discussion,1773433721,7,0,0
putqe1fs,21,kn703uqk,93,mock_N08_N04_Aonly,DiscussionGRPWaitPage,1773433721,8,0,1
putqe1fs,5,zykbnuy8,93,mock_N08_N04_Aonly,DiscussionGRPWaitPage,1773433721,8,0,1
putqe1fs,3,9g2uie4m,93,mock_N08_N04_Aonly,DiscussionGRPWaitPage,1773433721,8,0,1
putqe1fs,12,8t4l8q72,93,mock_N08_N04_Aonly,DiscussionGRPWaitPage,1773433721,8,0,1
putqe1fs,26,h0ura75t,32,mock_N08_N04_Aonly,Discussion,1773433722,2,0,0
putqe1fs,31,mp49apcy,0,,InitializeParticipant,1773433722,1,0,0
putqe1fs,30,u0rm122k,1,presurvey,Introduction,1773433722,1,0,0
putqe1fs,20,5z46s4r3,164,mock_N08_N04_Aonly,Discussion,1773433726,14,0,0
putqe1fs,20,5z46s4r3,170,mock_N08_N04_Aonly,DiscussionGRPWaitPage,1773433726,15,0,1
putqe1fs,18,8y8nqxu3,170,mock_N08_N04_Aonly,DiscussionGRPWaitPage,1773433726,15,0,1
putqe1fs,8,f48he392,170,mock_N08_N04_Aonly,DiscussionGRPWaitPage,1773433726,15,0,1
putqe1fs,2,t110pl3d,170,mock_N08_N04_Aonly,DiscussionGRPWaitPage,1773433726,15,0,1
putqe1fs,31,mp49apcy,1,presurvey,Introduction,1773433727,1,0,0
putqe1fs,32,28tw0yk5,0,,InitializeParticipant,1773433727,1,0,0
putqe1fs,2,t110pl3d,175,mock_N08_N04_Aonly,Discussion,1773433728,15,0,0
putqe1fs,5,zykbnuy8,98,mock_N08_N04_Aonly,Discussion,1773433728,8,0,0
putqe1fs,3,9g2uie4m,98,mock_N08_N04_Aonly,Discussion,1773433729,8,0,0
putqe1fs,18,8y8nqxu3,175,mock_N08_N04_Aonly,Discussion,1773433730,15,0,0
putqe1fs,8,f48he392,175,mock_N08_N04_Aonly,Discussion,1773433730,15,0,0
putqe1fs,11,wycjhtr7,32,mock_N08_N04_Aonly,Discussion,1773433731,2,0,0
putqe1fs,15,pnyju1mb,38,mock_N08_N04_Aonly,DiscussionGRPWaitPage,1773433731,3,0,1
putqe1fs,11,wycjhtr7,38,mock_N08_N04_Aonly,DiscussionGRPWaitPage,1773433731,3,0,1
putqe1fs,23,ue8zrjpf,38,mock_N08_N04_Aonly,DiscussionGRPWaitPage,1773433731,3,0,1
putqe1fs,26,h0ura75t,38,mock_N08_N04_Aonly,DiscussionGRPWaitPage,1773433731,3,0,1
putqe1fs,30,u0rm122k,2,presurvey,AudioCheck,1773433731,1,0,0
putqe1fs,21,kn703uqk,98,mock_N08_N04_Aonly,Discussion,1773433732,8,0,0
putqe1fs,25,0q4rc6rv,12,presurvey,Commitment,1773433736,1,0,0
putqe1fs,11,wycjhtr7,43,mock_N08_N04_Aonly,Discussion,1773433737,3,0,0
putqe1fs,12,8t4l8q72,98,mock_N08_N04_Aonly,Discussion,1773433738,8,0,0
putqe1fs,21,kn703uqk,104,mock_N08_N04_Aonly,DiscussionGRPWaitPage,1773433738,9,0,1
putqe1fs,3,9g2uie4m,104,mock_N08_N04_Aonly,DiscussionGRPWaitPage,1773433738,9,0,1
putqe1fs,12,8t4l8q72,104,mock_N08_N04_Aonly,DiscussionGRPWaitPage,1773433738,9,0,1
putqe1fs,5,zykbnuy8,104,mock_N08_N04_Aonly,DiscussionGRPWaitPage,1773433738,9,0,1
putqe1fs,31,mp49apcy,2,presurvey,AudioCheck,1773433739,1,0,0
putqe1fs,30,u0rm122k,3,presurvey,Demographics,1773433740,1,0,0
putqe1fs,23,ue8zrjpf,43,mock_N08_N04_Aonly,Discussion,1773433741,3,0,0
putqe1fs,20,5z46s4r3,175,mock_N08_N04_Aonly,Discussion,1773433741,15,0,0
putqe1fs,26,h0ura75t,43,mock_N08_N04_Aonly,Discussion,1773433741,3,0,0
putqe1fs,18,8y8nqxu3,181,mock_N08_N04_Aonly,DiscussionGRPWaitPage,1773433742,16,0,1
putqe1fs,8,f48he392,181,mock_N08_N04_Aonly,DiscussionGRPWaitPage,1773433742,16,0,1
putqe1fs,2,t110pl3d,181,mock_N08_N04_Aonly,DiscussionGRPWaitPage,1773433742,16,0,1
putqe1fs,20,5z46s4r3,181,mock_N08_N04_Aonly,DiscussionGRPWaitPage,1773433742,16,0,1
putqe1fs,3,9g2uie4m,109,mock_N08_N04_Aonly,Discussion,1773433743,9,0,0
putqe1fs,2,t110pl3d,186,mock_N08_N04_Aonly,Discussion,1773433744,16,0,0
putqe1fs,8,f48he392,186,mock_N08_N04_Aonly,Discussion,1773433745,16,0,0
putqe1fs,21,kn703uqk,109,mock_N08_N04_Aonly,Discussion,1773433745,9,0,0
putqe1fs,5,zykbnuy8,109,mock_N08_N04_Aonly,Discussion,1773433746,9,0,0
putqe1fs,18,8y8nqxu3,186,mock_N08_N04_Aonly,Discussion,1773433747,16,0,0
putqe1fs,31,mp49apcy,3,presurvey,Demographics,1773433749,1,0,0
putqe1fs,20,5z46s4r3,186,mock_N08_N04_Aonly,Discussion,1773433752,16,0,0
putqe1fs,32,28tw0yk5,1,presurvey,Introduction,1773433752,1,0,0
putqe1fs,18,8y8nqxu3,192,mock_N08_N04_Aonly,DiscussionGRPWaitPage,1773433752,17,0,1
putqe1fs,8,f48he392,192,mock_N08_N04_Aonly,DiscussionGRPWaitPage,1773433752,17,0,1
putqe1fs,2,t110pl3d,192,mock_N08_N04_Aonly,DiscussionGRPWaitPage,1773433752,17,0,1
putqe1fs,20,5z46s4r3,192,mock_N08_N04_Aonly,DiscussionGRPWaitPage,1773433752,17,0,1
putqe1fs,30,u0rm122k,4,presurvey,NeighborhoodInstruction,1773433752,1,0,0
putqe1fs,31,mp49apcy,4,presurvey,NeighborhoodInstruction,1773433754,1,0,0
putqe1fs,18,8y8nqxu3,197,mock_N08_N04_Aonly,Discussion,1773433755,17,0,0
putqe1fs,8,f48he392,197,mock_N08_N04_Aonly,Discussion,1773433756,17,0,0
putqe1fs,2,t110pl3d,197,mock_N08_N04_Aonly,Discussion,1773433757,17,0,0
putqe1fs,12,8t4l8q72,109,mock_N08_N04_Aonly,Discussion,1773433758,9,0,0
putqe1fs,21,kn703uqk,115,mock_N08_N04_Aonly,DiscussionGRPWaitPage,1773433758,10,0,1
putqe1fs,3,9g2uie4m,115,mock_N08_N04_Aonly,DiscussionGRPWaitPage,1773433758,10,0,1
putqe1fs,12,8t4l8q72,115,mock_N08_N04_Aonly,DiscussionGRPWaitPage,1773433758,10,0,1
putqe1fs,5,zykbnuy8,115,mock_N08_N04_Aonly,DiscussionGRPWaitPage,1773433758,10,0,1
putqe1fs,32,28tw0yk5,2,presurvey,AudioCheck,1773433761,1,0,0
putqe1fs,20,5z46s4r3,197,mock_N08_N04_Aonly,Discussion,1773433765,17,0,0
putqe1fs,18,8y8nqxu3,203,mock_N08_N04_Aonly,DiscussionGRPWaitPage,1773433766,18,0,1
putqe1fs,8,f48he392,203,mock_N08_N04_Aonly,DiscussionGRPWaitPage,1773433766,18,0,1
putqe1fs,2,t110pl3d,203,mock_N08_N04_Aonly,DiscussionGRPWaitPage,1773433766,18,0,1
putqe1fs,20,5z46s4r3,203,mock_N08_N04_Aonly,DiscussionGRPWaitPage,1773433766,18,0,1
putqe1fs,5,zykbnuy8,120,mock_N08_N04_Aonly,Discussion,1773433766,10,0,0
putqe1fs,3,9g2uie4m,120,mock_N08_N04_Aonly,Discussion,1773433766,10,0,0
putqe1fs,21,kn703uqk,120,mock_N08_N04_Aonly,Discussion,1773433766,10,0,0
putqe1fs,8,f48he392,208,mock_N08_N04_Aonly,Discussion,1773433769,18,0,0
putqe1fs,2,t110pl3d,208,mock_N08_N04_Aonly,Discussion,1773433770,18,0,0
putqe1fs,18,8y8nqxu3,208,mock_N08_N04_Aonly,Discussion,1773433771,18,0,0
putqe1fs,12,8t4l8q72,120,mock_N08_N04_Aonly,Discussion,1773433773,10,0,0
putqe1fs,21,kn703uqk,126,mock_N08_N04_Aonly,DiscussionGRPWaitPage,1773433773,11,0,1
putqe1fs,3,9g2uie4m,126,mock_N08_N04_Aonly,DiscussionGRPWaitPage,1773433773,11,0,1
putqe1fs,12,8t4l8q72,126,mock_N08_N04_Aonly,DiscussionGRPWaitPage,1773433773,11,0,1
putqe1fs,5,zykbnuy8,126,mock_N08_N04_Aonly,DiscussionGRPWaitPage,1773433773,11,0,1
putqe1fs,31,mp49apcy,5,presurvey,Training,1773433773,1,0,0
putqe1fs,30,u0rm122k,5,presurvey,Training,1773433776,1,0,0
putqe1fs,32,28tw0yk5,3,presurvey,Demographics,1773433776,1,0,0
putqe1fs,20,5z46s4r3,208,mock_N08_N04_Aonly,Discussion,1773433778,18,0,0
putqe1fs,8,f48he392,214,mock_N08_N04_Aonly,DiscussionGRPWaitPage,1773433778,19,0,1
putqe1fs,2,t110pl3d,214,mock_N08_N04_Aonly,DiscussionGRPWaitPage,1773433778,19,0,1
putqe1fs,20,5z46s4r3,214,mock_N08_N04_Aonly,DiscussionGRPWaitPage,1773433778,19,0,1
putqe1fs,18,8y8nqxu3,214,mock_N08_N04_Aonly,DiscussionGRPWaitPage,1773433778,19,0,1
putqe1fs,5,zykbnuy8,131,mock_N08_N04_Aonly,Discussion,1773433779,11,0,0
putqe1fs,21,kn703uqk,131,mock_N08_N04_Aonly,Discussion,1773433780,11,0,0
putqe1fs,3,9g2uie4m,131,mock_N08_N04_Aonly,Discussion,1773433780,11,0,0
putqe1fs,32,28tw0yk5,4,presurvey,NeighborhoodInstruction,1773433781,1,0,0
putqe1fs,2,t110pl3d,219,mock_N08_N04_Aonly,Discussion,1773433781,19,0,0
putqe1fs,8,f48he392,219,mock_N08_N04_Aonly,Discussion,1773433781,19,0,0
putqe1fs,19,vg2gg3l0,13,mock_N08_N04_Aonly,GroupingWaitPage,1773433783,1,0,1
putqe1fs,18,8y8nqxu3,219,mock_N08_N04_Aonly,Discussion,1773433783,19,0,0
putqe1fs,19,vg2gg3l0,14,mock_N08_N04_Aonly,GroupSizeWaitPage,1773433784,1,0,1
putqe1fs,32,28tw0yk5,5,presurvey,Training,1773433790,1,0,0
putqe1fs,19,vg2gg3l0,15,mock_N08_N04_Aonly,AttentionCheck,1773433791,1,0,0
putqe1fs,20,5z46s4r3,219,mock_N08_N04_Aonly,Discussion,1773433793,19,0,0
putqe1fs,31,mp49apcy,6,presurvey,TrainingNeighbor_1,1773433793,1,0,0
putqe1fs,12,8t4l8q72,131,mock_N08_N04_Aonly,Discussion,1773433793,11,0,0
putqe1fs,21,kn703uqk,137,mock_N08_N04_Aonly,DiscussionGRPWaitPage,1773433793,12,0,1
putqe1fs,3,9g2uie4m,137,mock_N08_N04_Aonly,DiscussionGRPWaitPage,1773433793,12,0,1
putqe1fs,12,8t4l8q72,137,mock_N08_N04_Aonly,DiscussionGRPWaitPage,1773433793,12,0,1
putqe1fs,5,zykbnuy8,137,mock_N08_N04_Aonly,DiscussionGRPWaitPage,1773433793,12,0,1
putqe1fs,18,8y8nqxu3,225,mock_N08_N04_Aonly,DiscussionGRPWaitPage,1773433793,20,0,1
putqe1fs,8,f48he392,225,mock_N08_N04_Aonly,DiscussionGRPWaitPage,1773433793,20,0,1
putqe1fs,2,t110pl3d,225,mock_N08_N04_Aonly,DiscussionGRPWaitPage,1773433793,20,0,1
putqe1fs,20,5z46s4r3,225,mock_N08_N04_Aonly,DiscussionGRPWaitPage,1773433793,20,0,1
putqe1fs,15,pnyju1mb,43,mock_N08_N04_Aonly,Discussion,1773433794,3,1,0
putqe1fs,15,pnyju1mb,49,mock_N08_N04_Aonly,DiscussionGRPWaitPage,1773433794,4,0,1
putqe1fs,11,wycjhtr7,49,mock_N08_N04_Aonly,DiscussionGRPWaitPage,1773433794,4,0,1
putqe1fs,23,ue8zrjpf,49,mock_N08_N04_Aonly,DiscussionGRPWaitPage,1773433794,4,0,1
putqe1fs,26,h0ura75t,49,mock_N08_N04_Aonly,DiscussionGRPWaitPage,1773433794,4,0,1
putqe1fs,2,t110pl3d,230,mock_N08_N04_Aonly,Discussion,1773433795,20,0,0
putqe1fs,18,8y8nqxu3,230,mock_N08_N04_Aonly,Discussion,1773433796,20,0,0
putqe1fs,8,f48he392,230,mock_N08_N04_Aonly,Discussion,1773433796,20,0,0
putqe1fs,31,mp49apcy,10,presurvey,ExperimentInstruction,1773433796,1,0,0
putqe1fs,30,u0rm122k,6,presurvey,TrainingNeighbor_1,1773433797,1,0,0
putqe1fs,23,ue8zrjpf,54,mock_N08_N04_Aonly,Discussion,1773433799,4,0,0
putqe1fs,5,zykbnuy8,142,mock_N08_N04_Aonly,Discussion,1773433800,12,0,0
putqe1fs,3,9g2uie4m,142,mock_N08_N04_Aonly,Discussion,1773433800,12,0,0
putqe1fs,21,kn703uqk,142,mock_N08_N04_Aonly,Discussion,1773433801,12,0,0
putqe1fs,30,u0rm122k,10,presurvey,ExperimentInstruction,1773433801,1,0,0
putqe1fs,12,8t4l8q72,142,mock_N08_N04_Aonly,Discussion,1773433805,12,0,0
putqe1fs,20,5z46s4r3,230,mock_N08_N04_Aonly,Discussion,1773433805,20,0,0
putqe1fs,21,kn703uqk,148,mock_N08_N04_Aonly,DiscussionGRPWaitPage,1773433806,13,0,1
putqe1fs,3,9g2uie4m,148,mock_N08_N04_Aonly,DiscussionGRPWaitPage,1773433806,13,0,1
putqe1fs,12,8t4l8q72,148,mock_N08_N04_Aonly,DiscussionGRPWaitPage,1773433806,13,0,1
putqe1fs,5,zykbnuy8,148,mock_N08_N04_Aonly,DiscussionGRPWaitPage,1773433806,13,0,1
putqe1fs,20,5z46s4r3,231,mock_N08_N04_Aonly,FinalRoundWaitPage,1773433806,20,0,1
putqe1fs,2,t110pl3d,231,mock_N08_N04_Aonly,FinalRoundWaitPage,1773433806,20,0,1
putqe1fs,18,8y8nqxu3,231,mock_N08_N04_Aonly,FinalRoundWaitPage,1773433806,20,0,1
putqe1fs,8,f48he392,231,mock_N08_N04_Aonly,FinalRoundWaitPage,1773433806,20,0,1
putqe1fs,3,9g2uie4m,153,mock_N08_N04_Aonly,Discussion,1773433808,13,0,0
putqe1fs,26,h0ura75t,54,mock_N08_N04_Aonly,Discussion,1773433809,4,0,0
putqe1fs,2,t110pl3d,232,mock_N08_N04_Aonly,FinalRound,1773433812,20,0,0
putqe1fs,8,f48he392,232,mock_N08_N04_Aonly,FinalRound,1773433813,20,0,0
putqe1fs,5,zykbnuy8,153,mock_N08_N04_Aonly,Discussion,1773433814,13,0,0
putqe1fs,21,kn703uqk,153,mock_N08_N04_Aonly,Discussion,1773433814,13,0,0
putqe1fs,31,mp49apcy,11,presurvey,Scenario,1773433814,1,0,0
putqe1fs,30,u0rm122k,11,presurvey,Scenario,1773433814,1,0,0
putqe1fs,12,8t4l8q72,153,mock_N08_N04_Aonly,Discussion,1773433816,13,0,0
putqe1fs,21,kn703uqk,159,mock_N08_N04_Aonly,DiscussionGRPWaitPage,1773433816,14,0,1
putqe1fs,3,9g2uie4m,159,mock_N08_N04_Aonly,DiscussionGRPWaitPage,1773433816,14,0,1
putqe1fs,12,8t4l8q72,159,mock_N08_N04_Aonly,DiscussionGRPWaitPage,1773433816,14,0,1
putqe1fs,5,zykbnuy8,159,mock_N08_N04_Aonly,DiscussionGRPWaitPage,1773433816,14,0,1
putqe1fs,20,5z46s4r3,232,mock_N08_N04_Aonly,FinalRound,1773433816,20,0,0
putqe1fs,11,wycjhtr7,54,mock_N08_N04_Aonly,Discussion,1773433817,4,0,0
putqe1fs,18,8y8nqxu3,232,mock_N08_N04_Aonly,FinalRound,1773433819,20,0,0
putqe1fs,3,9g2uie4m,164,mock_N08_N04_Aonly,Discussion,1773433820,14,0,0
putqe1fs,5,zykbnuy8,164,mock_N08_N04_Aonly,Discussion,1773433821,14,0,0
putqe1fs,21,kn703uqk,164,mock_N08_N04_Aonly,Discussion,1773433822,14,0,0
putqe1fs,12,8t4l8q72,164,mock_N08_N04_Aonly,Discussion,1773433827,14,0,0
putqe1fs,21,kn703uqk,170,mock_N08_N04_Aonly,DiscussionGRPWaitPage,1773433827,15,0,1
putqe1fs,3,9g2uie4m,170,mock_N08_N04_Aonly,DiscussionGRPWaitPage,1773433827,15,0,1
putqe1fs,12,8t4l8q72,170,mock_N08_N04_Aonly,DiscussionGRPWaitPage,1773433827,15,0,1
putqe1fs,5,zykbnuy8,170,mock_N08_N04_Aonly,DiscussionGRPWaitPage,1773433827,15,0,1
putqe1fs,3,9g2uie4m,175,mock_N08_N04_Aonly,Discussion,1773433829,15,0,0
putqe1fs,21,kn703uqk,175,mock_N08_N04_Aonly,Discussion,1773433832,15,0,0
putqe1fs,5,zykbnuy8,175,mock_N08_N04_Aonly,Discussion,1773433832,15,0,0
putqe1fs,32,28tw0yk5,6,presurvey,TrainingNeighbor_1,1773433836,1,0,0
putqe1fs,12,8t4l8q72,175,mock_N08_N04_Aonly,Discussion,1773433839,15,0,0
putqe1fs,32,28tw0yk5,10,presurvey,ExperimentInstruction,1773433839,1,0,0
putqe1fs,21,kn703uqk,181,mock_N08_N04_Aonly,DiscussionGRPWaitPage,1773433840,16,0,1
putqe1fs,3,9g2uie4m,181,mock_N08_N04_Aonly,DiscussionGRPWaitPage,1773433840,16,0,1
putqe1fs,12,8t4l8q72,181,mock_N08_N04_Aonly,DiscussionGRPWaitPage,1773433840,16,0,1
putqe1fs,5,zykbnuy8,181,mock_N08_N04_Aonly,DiscussionGRPWaitPage,1773433840,16,0,1
putqe1fs,3,9g2uie4m,186,mock_N08_N04_Aonly,Discussion,1773433842,16,0,0
putqe1fs,31,mp49apcy,12,presurvey,Commitment,1773433845,1,0,0
putqe1fs,5,zykbnuy8,186,mock_N08_N04_Aonly,Discussion,1773433845,16,0,0
putqe1fs,21,kn703uqk,186,mock_N08_N04_Aonly,Discussion,1773433847,16,0,0
putqe1fs,15,pnyju1mb,54,mock_N08_N04_Aonly,Discussion,1773433848,4,1,0
putqe1fs,15,pnyju1mb,60,mock_N08_N04_Aonly,DiscussionGRPWaitPage,1773433849,5,0,1
putqe1fs,11,wycjhtr7,60,mock_N08_N04_Aonly,DiscussionGRPWaitPage,1773433849,5,0,1
putqe1fs,23,ue8zrjpf,60,mock_N08_N04_Aonly,DiscussionGRPWaitPage,1773433849,5,0,1
putqe1fs,26,h0ura75t,60,mock_N08_N04_Aonly,DiscussionGRPWaitPage,1773433849,5,0,1
putqe1fs,32,28tw0yk5,11,presurvey,Scenario,1773433850,1,0,0
putqe1fs,12,8t4l8q72,186,mock_N08_N04_Aonly,Discussion,1773433858,16,0,0
putqe1fs,21,kn703uqk,192,mock_N08_N04_Aonly,DiscussionGRPWaitPage,1773433858,17,0,1
putqe1fs,3,9g2uie4m,192,mock_N08_N04_Aonly,DiscussionGRPWaitPage,1773433858,17,0,1
putqe1fs,12,8t4l8q72,192,mock_N08_N04_Aonly,DiscussionGRPWaitPage,1773433858,17,0,1
putqe1fs,5,zykbnuy8,192,mock_N08_N04_Aonly,DiscussionGRPWaitPage,1773433858,17,0,1
putqe1fs,3,9g2uie4m,197,mock_N08_N04_Aonly,Discussion,1773433861,17,0,0
putqe1fs,21,kn703uqk,197,mock_N08_N04_Aonly,Discussion,1773433863,17,0,0
putqe1fs,11,wycjhtr7,65,mock_N08_N04_Aonly,Discussion,1773433864,5,0,0
putqe1fs,5,zykbnuy8,197,mock_N08_N04_Aonly,Discussion,1773433865,17,0,0
putqe1fs,26,h0ura75t,65,mock_N08_N04_Aonly,Discussion,1773433865,5,0,0
putqe1fs,12,8t4l8q72,197,mock_N08_N04_Aonly,Discussion,1773433870,17,0,0
putqe1fs,21,kn703uqk,203,mock_N08_N04_Aonly,DiscussionGRPWaitPage,1773433871,18,0,1
putqe1fs,3,9g2uie4m,203,mock_N08_N04_Aonly,DiscussionGRPWaitPage,1773433871,18,0,1
putqe1fs,12,8t4l8q72,203,mock_N08_N04_Aonly,DiscussionGRPWaitPage,1773433871,18,0,1
putqe1fs,5,zykbnuy8,203,mock_N08_N04_Aonly,DiscussionGRPWaitPage,1773433871,18,0,1
putqe1fs,23,ue8zrjpf,65,mock_N08_N04_Aonly,Discussion,1773433871,5,0,0
putqe1fs,3,9g2uie4m,208,mock_N08_N04_Aonly,Discussion,1773433874,18,0,0
putqe1fs,5,zykbnuy8,208,mock_N08_N04_Aonly,Discussion,1773433877,18,0,0
putqe1fs,12,8t4l8q72,208,mock_N08_N04_Aonly,Discussion,1773433878,18,0,0
putqe1fs,21,kn703uqk,208,mock_N08_N04_Aonly,Discussion,1773433880,18,0,0
putqe1fs,21,kn703uqk,214,mock_N08_N04_Aonly,DiscussionGRPWaitPage,1773433880,19,0,1
putqe1fs,3,9g2uie4m,214,mock_N08_N04_Aonly,DiscussionGRPWaitPage,1773433880,19,0,1
putqe1fs,12,8t4l8q72,214,mock_N08_N04_Aonly,DiscussionGRPWaitPage,1773433880,19,0,1
putqe1fs,5,zykbnuy8,214,mock_N08_N04_Aonly,DiscussionGRPWaitPage,1773433880,19,0,1
putqe1fs,3,9g2uie4m,219,mock_N08_N04_Aonly,Discussion,1773433883,19,0,0
putqe1fs,15,pnyju1mb,65,mock_N08_N04_Aonly,Discussion,1773433885,5,1,0
putqe1fs,21,kn703uqk,219,mock_N08_N04_Aonly,Discussion,1773433885,19,0,0
putqe1fs,15,pnyju1mb,71,mock_N08_N04_Aonly,DiscussionGRPWaitPage,1773433885,6,0,1
putqe1fs,11,wycjhtr7,71,mock_N08_N04_Aonly,DiscussionGRPWaitPage,1773433885,6,0,1
putqe1fs,23,ue8zrjpf,71,mock_N08_N04_Aonly,DiscussionGRPWaitPage,1773433885,6,0,1
putqe1fs,26,h0ura75t,71,mock_N08_N04_Aonly,DiscussionGRPWaitPage,1773433885,6,0,1
putqe1fs,5,zykbnuy8,219,mock_N08_N04_Aonly,Discussion,1773433886,19,0,0
putqe1fs,23,ue8zrjpf,76,mock_N08_N04_Aonly,Discussion,1773433893,6,0,0
putqe1fs,11,wycjhtr7,76,mock_N08_N04_Aonly,Discussion,1773433897,6,0,0
putqe1fs,33,pf1gze4n,0,,InitializeParticipant,1773433898,1,0,0
putqe1fs,12,8t4l8q72,219,mock_N08_N04_Aonly,Discussion,1773433901,19,0,0
putqe1fs,21,kn703uqk,225,mock_N08_N04_Aonly,DiscussionGRPWaitPage,1773433902,20,0,1
putqe1fs,3,9g2uie4m,225,mock_N08_N04_Aonly,DiscussionGRPWaitPage,1773433902,20,0,1
putqe1fs,12,8t4l8q72,225,mock_N08_N04_Aonly,DiscussionGRPWaitPage,1773433902,20,0,1
putqe1fs,5,zykbnuy8,225,mock_N08_N04_Aonly,DiscussionGRPWaitPage,1773433902,20,0,1
putqe1fs,3,9g2uie4m,230,mock_N08_N04_Aonly,Discussion,1773433904,20,0,0
putqe1fs,5,zykbnuy8,230,mock_N08_N04_Aonly,Discussion,1773433907,20,0,0
putqe1fs,26,h0ura75t,76,mock_N08_N04_Aonly,Discussion,1773433907,6,0,0
putqe1fs,21,kn703uqk,230,mock_N08_N04_Aonly,Discussion,1773433907,20,0,0
putqe1fs,34,np76l6je,0,,InitializeParticipant,1773433910,1,0,0
putqe1fs,33,pf1gze4n,1,presurvey,Introduction,1773433912,1,0,0
putqe1fs,12,8t4l8q72,230,mock_N08_N04_Aonly,Discussion,1773433913,20,0,0
putqe1fs,21,kn703uqk,231,mock_N08_N04_Aonly,FinalRoundWaitPage,1773433913,20,0,1
putqe1fs,3,9g2uie4m,231,mock_N08_N04_Aonly,FinalRoundWaitPage,1773433913,20,0,1
putqe1fs,5,zykbnuy8,231,mock_N08_N04_Aonly,FinalRoundWaitPage,1773433913,20,0,1
putqe1fs,12,8t4l8q72,231,mock_N08_N04_Aonly,FinalRoundWaitPage,1773433913,20,0,1
putqe1fs,34,np76l6je,1,presurvey,Introduction,1773433914,1,0,0
putqe1fs,5,zykbnuy8,232,mock_N08_N04_Aonly,FinalRound,1773433920,20,0,0
putqe1fs,3,9g2uie4m,232,mock_N08_N04_Aonly,FinalRound,1773433921,20,0,0
putqe1fs,30,u0rm122k,12,presurvey,Commitment,1773433922,1,0,0
putqe1fs,21,kn703uqk,232,mock_N08_N04_Aonly,FinalRound,1773433924,20,0,0
putqe1fs,15,pnyju1mb,76,mock_N08_N04_Aonly,Discussion,1773433924,6,1,0
putqe1fs,15,pnyju1mb,82,mock_N08_N04_Aonly,DiscussionGRPWaitPage,1773433925,7,0,1
putqe1fs,11,wycjhtr7,82,mock_N08_N04_Aonly,DiscussionGRPWaitPage,1773433925,7,0,1
putqe1fs,23,ue8zrjpf,82,mock_N08_N04_Aonly,DiscussionGRPWaitPage,1773433925,7,0,1
putqe1fs,26,h0ura75t,82,mock_N08_N04_Aonly,DiscussionGRPWaitPage,1773433925,7,0,1
putqe1fs,34,np76l6je,2,presurvey,AudioCheck,1773433928,1,0,0
putqe1fs,23,ue8zrjpf,87,mock_N08_N04_Aonly,Discussion,1773433930,7,0,0
putqe1fs,12,8t4l8q72,232,mock_N08_N04_Aonly,FinalRound,1773433930,20,0,0
putqe1fs,33,pf1gze4n,2,presurvey,AudioCheck,1773433931,1,0,0
putqe1fs,11,wycjhtr7,87,mock_N08_N04_Aonly,Discussion,1773433931,7,0,0
putqe1fs,26,h0ura75t,87,mock_N08_N04_Aonly,Discussion,1773433939,7,0,0
putqe1fs,34,np76l6je,3,presurvey,Demographics,1773433943,1,0,0
putqe1fs,33,pf1gze4n,3,presurvey,Demographics,1773433944,1,0,0
putqe1fs,34,np76l6je,4,presurvey,NeighborhoodInstruction,1773433953,1,0,0
putqe1fs,33,pf1gze4n,4,presurvey,NeighborhoodInstruction,1773433956,1,0,0
putqe1fs,15,pnyju1mb,87,mock_N08_N04_Aonly,Discussion,1773433961,7,1,0
putqe1fs,15,pnyju1mb,93,mock_N08_N04_Aonly,DiscussionGRPWaitPage,1773433961,8,0,1
putqe1fs,11,wycjhtr7,93,mock_N08_N04_Aonly,DiscussionGRPWaitPage,1773433961,8,0,1
putqe1fs,23,ue8zrjpf,93,mock_N08_N04_Aonly,DiscussionGRPWaitPage,1773433961,8,0,1
putqe1fs,26,h0ura75t,93,mock_N08_N04_Aonly,DiscussionGRPWaitPage,1773433961,8,0,1
putqe1fs,26,h0ura75t,98,mock_N08_N04_Aonly,Discussion,1773433967,8,0,0
putqe1fs,34,np76l6je,5,presurvey,Training,1773433968,1,0,0
putqe1fs,11,wycjhtr7,98,mock_N08_N04_Aonly,Discussion,1773433970,8,0,0
putqe1fs,23,ue8zrjpf,98,mock_N08_N04_Aonly,Discussion,1773433971,8,0,0
putqe1fs,15,pnyju1mb,98,mock_N08_N04_Aonly,Discussion,1773433997,8,1,0
putqe1fs,15,pnyju1mb,104,mock_N08_N04_Aonly,DiscussionGRPWaitPage,1773433997,9,0,1
putqe1fs,11,wycjhtr7,104,mock_N08_N04_Aonly,DiscussionGRPWaitPage,1773433997,9,0,1
putqe1fs,23,ue8zrjpf,104,mock_N08_N04_Aonly,DiscussionGRPWaitPage,1773433997,9,0,1
putqe1fs,26,h0ura75t,104,mock_N08_N04_Aonly,DiscussionGRPWaitPage,1773433997,9,0,1
putqe1fs,34,np76l6je,6,presurvey,TrainingNeighbor_1,1773434000,1,0,0
putqe1fs,11,wycjhtr7,109,mock_N08_N04_Aonly,Discussion,1773434007,9,0,0
putqe1fs,34,np76l6je,7,presurvey,TrainingNeighbor_2,1773434008,1,0,0
putqe1fs,23,ue8zrjpf,109,mock_N08_N04_Aonly,Discussion,1773434009,9,0,0
putqe1fs,26,h0ura75t,109,mock_N08_N04_Aonly,Discussion,1773434009,9,0,0
putqe1fs,34,np76l6je,10,presurvey,ExperimentInstruction,1773434020,1,0,0
putqe1fs,15,pnyju1mb,109,mock_N08_N04_Aonly,Discussion,1773434036,9,1,0
putqe1fs,15,pnyju1mb,115,mock_N08_N04_Aonly,DiscussionGRPWaitPage,1773434037,10,0,1
putqe1fs,11,wycjhtr7,115,mock_N08_N04_Aonly,DiscussionGRPWaitPage,1773434037,10,0,1
putqe1fs,23,ue8zrjpf,115,mock_N08_N04_Aonly,DiscussionGRPWaitPage,1773434037,10,0,1
putqe1fs,26,h0ura75t,115,mock_N08_N04_Aonly,DiscussionGRPWaitPage,1773434037,10,0,1
putqe1fs,35,mvu02r9w,0,,InitializeParticipant,1773434039,1,0,0
putqe1fs,35,mvu02r9w,1,presurvey,Introduction,1773434041,1,0,0
putqe1fs,26,h0ura75t,120,mock_N08_N04_Aonly,Discussion,1773434042,10,0,0
putqe1fs,11,wycjhtr7,120,mock_N08_N04_Aonly,Discussion,1773434043,10,0,0
putqe1fs,23,ue8zrjpf,120,mock_N08_N04_Aonly,Discussion,1773434045,10,0,0
putqe1fs,34,np76l6je,11,presurvey,Scenario,1773434047,1,0,0
putqe1fs,35,mvu02r9w,2,presurvey,AudioCheck,1773434061,1,0,0
putqe1fs,15,pnyju1mb,120,mock_N08_N04_Aonly,Discussion,1773434073,10,1,0
putqe1fs,15,pnyju1mb,126,mock_N08_N04_Aonly,DiscussionGRPWaitPage,1773434073,11,0,1
putqe1fs,11,wycjhtr7,126,mock_N08_N04_Aonly,DiscussionGRPWaitPage,1773434073,11,0,1
putqe1fs,23,ue8zrjpf,126,mock_N08_N04_Aonly,DiscussionGRPWaitPage,1773434073,11,0,1
putqe1fs,26,h0ura75t,126,mock_N08_N04_Aonly,DiscussionGRPWaitPage,1773434073,11,0,1
putqe1fs,35,mvu02r9w,3,presurvey,Demographics,1773434079,1,0,0
putqe1fs,11,wycjhtr7,131,mock_N08_N04_Aonly,Discussion,1773434083,11,0,0
putqe1fs,23,ue8zrjpf,131,mock_N08_N04_Aonly,Discussion,1773434083,11,0,0
putqe1fs,26,h0ura75t,131,mock_N08_N04_Aonly,Discussion,1773434086,11,0,0
putqe1fs,34,np76l6je,12,presurvey,Commitment,1773434086,1,0,0
putqe1fs,15,pnyju1mb,131,mock_N08_N04_Aonly,Discussion,1773434109,11,1,0
putqe1fs,15,pnyju1mb,137,mock_N08_N04_Aonly,DiscussionGRPWaitPage,1773434109,12,0,1
putqe1fs,11,wycjhtr7,137,mock_N08_N04_Aonly,DiscussionGRPWaitPage,1773434109,12,0,1
putqe1fs,23,ue8zrjpf,137,mock_N08_N04_Aonly,DiscussionGRPWaitPage,1773434109,12,0,1
putqe1fs,26,h0ura75t,137,mock_N08_N04_Aonly,DiscussionGRPWaitPage,1773434109,12,0,1
putqe1fs,35,mvu02r9w,4,presurvey,NeighborhoodInstruction,1773434110,1,0,0
putqe1fs,36,h64lpuoq,0,,InitializeParticipant,1773434110,1,0,0
putqe1fs,23,ue8zrjpf,142,mock_N08_N04_Aonly,Discussion,1773434114,12,0,0
putqe1fs,36,h64lpuoq,1,presurvey,Introduction,1773434116,1,0,0
putqe1fs,11,wycjhtr7,142,mock_N08_N04_Aonly,Discussion,1773434116,12,0,0
putqe1fs,26,h0ura75t,142,mock_N08_N04_Aonly,Discussion,1773434119,12,0,0
putqe1fs,36,h64lpuoq,2,presurvey,AudioCheck,1773434127,1,0,0
putqe1fs,36,h64lpuoq,3,presurvey,Demographics,1773434136,1,0,0
putqe1fs,37,7fj2ms05,0,,InitializeParticipant,1773434137,1,0,0
putqe1fs,38,bas9wimv,0,,InitializeParticipant,1773434138,1,0,0
putqe1fs,38,bas9wimv,1,presurvey,Introduction,1773434141,1,0,0
putqe1fs,36,h64lpuoq,4,presurvey,NeighborhoodInstruction,1773434141,1,0,0
putqe1fs,15,pnyju1mb,142,mock_N08_N04_Aonly,Discussion,1773434148,12,1,0
putqe1fs,15,pnyju1mb,148,mock_N08_N04_Aonly,DiscussionGRPWaitPage,1773434148,13,0,1
putqe1fs,11,wycjhtr7,148,mock_N08_N04_Aonly,DiscussionGRPWaitPage,1773434148,13,0,1
putqe1fs,23,ue8zrjpf,148,mock_N08_N04_Aonly,DiscussionGRPWaitPage,1773434148,13,0,1
putqe1fs,26,h0ura75t,148,mock_N08_N04_Aonly,DiscussionGRPWaitPage,1773434148,13,0,1
putqe1fs,37,7fj2ms05,1,presurvey,Introduction,1773434151,1,0,0
putqe1fs,23,ue8zrjpf,153,mock_N08_N04_Aonly,Discussion,1773434155,13,0,0
putqe1fs,26,h0ura75t,153,mock_N08_N04_Aonly,Discussion,1773434155,13,0,0
putqe1fs,11,wycjhtr7,153,mock_N08_N04_Aonly,Discussion,1773434156,13,0,0
putqe1fs,35,mvu02r9w,5,presurvey,Training,1773434162,1,0,0
putqe1fs,38,bas9wimv,2,presurvey,AudioCheck,1773434163,1,0,0
putqe1fs,37,7fj2ms05,2,presurvey,AudioCheck,1773434166,1,0,0
putqe1fs,36,h64lpuoq,5,presurvey,Training,1773434170,1,0,0
putqe1fs,38,bas9wimv,3,presurvey,Demographics,1773434174,1,0,0
putqe1fs,37,7fj2ms05,3,presurvey,Demographics,1773434181,1,0,0
putqe1fs,38,bas9wimv,4,presurvey,NeighborhoodInstruction,1773434182,1,0,0
putqe1fs,15,pnyju1mb,153,mock_N08_N04_Aonly,Discussion,1773434185,13,1,0
putqe1fs,15,pnyju1mb,159,mock_N08_N04_Aonly,DiscussionGRPWaitPage,1773434185,14,0,1
putqe1fs,11,wycjhtr7,159,mock_N08_N04_Aonly,DiscussionGRPWaitPage,1773434185,14,0,1
putqe1fs,23,ue8zrjpf,159,mock_N08_N04_Aonly,DiscussionGRPWaitPage,1773434185,14,0,1
putqe1fs,26,h0ura75t,159,mock_N08_N04_Aonly,DiscussionGRPWaitPage,1773434185,14,0,1
putqe1fs,23,ue8zrjpf,164,mock_N08_N04_Aonly,Discussion,1773434189,14,0,0
putqe1fs,26,h0ura75t,164,mock_N08_N04_Aonly,Discussion,1773434190,14,0,0
putqe1fs,11,wycjhtr7,164,mock_N08_N04_Aonly,Discussion,1773434196,14,0,0
putqe1fs,38,bas9wimv,5,presurvey,Training,1773434200,1,0,0
putqe1fs,24,7p8ejsqi,13,mock_N08_N04_Aonly,GroupingWaitPage,1773434201,1,0,1
putqe1fs,24,7p8ejsqi,14,mock_N08_N04_Aonly,GroupSizeWaitPage,1773434201,1,0,1
putqe1fs,37,7fj2ms05,4,presurvey,NeighborhoodInstruction,1773434207,1,0,0
putqe1fs,36,h64lpuoq,6,presurvey,TrainingNeighbor_1,1773434208,1,0,0
putqe1fs,36,h64lpuoq,7,presurvey,TrainingNeighbor_2,1773434218,1,0,0
putqe1fs,15,pnyju1mb,164,mock_N08_N04_Aonly,Discussion,1773434221,14,1,0
putqe1fs,15,pnyju1mb,170,mock_N08_N04_Aonly,DiscussionGRPWaitPage,1773434221,15,0,1
putqe1fs,11,wycjhtr7,170,mock_N08_N04_Aonly,DiscussionGRPWaitPage,1773434221,15,0,1
putqe1fs,26,h0ura75t,170,mock_N08_N04_Aonly,DiscussionGRPWaitPage,1773434221,15,0,1
putqe1fs,23,ue8zrjpf,170,mock_N08_N04_Aonly,DiscussionGRPWaitPage,1773434221,15,0,1
putqe1fs,38,bas9wimv,6,presurvey,TrainingNeighbor_1,1773434223,1,0,0
putqe1fs,23,ue8zrjpf,175,mock_N08_N04_Aonly,Discussion,1773434226,15,0,0
putqe1fs,11,wycjhtr7,175,mock_N08_N04_Aonly,Discussion,1773434227,15,0,0
putqe1fs,36,h64lpuoq,10,presurvey,ExperimentInstruction,1773434228,1,0,0
putqe1fs,37,7fj2ms05,5,presurvey,Training,1773434231,1,0,0
putqe1fs,26,h0ura75t,175,mock_N08_N04_Aonly,Discussion,1773434233,15,0,0
putqe1fs,24,7p8ejsqi,15,mock_N08_N04_Aonly,AttentionCheck,1773434234,1,0,0
putqe1fs,38,bas9wimv,7,presurvey,TrainingNeighbor_2,1773434235,1,0,0
putqe1fs,36,h64lpuoq,11,presurvey,Scenario,1773434244,1,0,0
putqe1fs,38,bas9wimv,8,presurvey,AttentionCheck,1773434249,1,0,0
putqe1fs,37,7fj2ms05,6,presurvey,TrainingNeighbor_1,1773434258,1,0,0
putqe1fs,15,pnyju1mb,175,mock_N08_N04_Aonly,Discussion,1773434260,15,1,0
putqe1fs,15,pnyju1mb,181,mock_N08_N04_Aonly,DiscussionGRPWaitPage,1773434261,16,0,1
putqe1fs,11,wycjhtr7,181,mock_N08_N04_Aonly,DiscussionGRPWaitPage,1773434261,16,0,1
putqe1fs,23,ue8zrjpf,181,mock_N08_N04_Aonly,DiscussionGRPWaitPage,1773434261,16,0,1
putqe1fs,26,h0ura75t,181,mock_N08_N04_Aonly,DiscussionGRPWaitPage,1773434261,16,0,1
putqe1fs,11,wycjhtr7,186,mock_N08_N04_Aonly,Discussion,1773434266,16,0,0
putqe1fs,23,ue8zrjpf,186,mock_N08_N04_Aonly,Discussion,1773434266,16,0,0
putqe1fs,36,h64lpuoq,12,presurvey,Commitment,1773434267,1,0,0
putqe1fs,38,bas9wimv,9,presurvey,TrainingNeighbor_3,1773434267,1,0,0
putqe1fs,37,7fj2ms05,7,presurvey,TrainingNeighbor_2,1773434271,1,0,0
putqe1fs,26,h0ura75t,186,mock_N08_N04_Aonly,Discussion,1773434274,16,0,0
putqe1fs,37,7fj2ms05,10,presurvey,ExperimentInstruction,1773434279,1,0,0
putqe1fs,35,mvu02r9w,6,presurvey,TrainingNeighbor_1,1773434287,1,0,0
putqe1fs,15,pnyju1mb,186,mock_N08_N04_Aonly,Discussion,1773434297,16,1,0
putqe1fs,15,pnyju1mb,192,mock_N08_N04_Aonly,DiscussionGRPWaitPage,1773434297,17,0,1
putqe1fs,11,wycjhtr7,192,mock_N08_N04_Aonly,DiscussionGRPWaitPage,1773434297,17,0,1
putqe1fs,23,ue8zrjpf,192,mock_N08_N04_Aonly,DiscussionGRPWaitPage,1773434297,17,0,1
putqe1fs,26,h0ura75t,192,mock_N08_N04_Aonly,DiscussionGRPWaitPage,1773434297,17,0,1
putqe1fs,23,ue8zrjpf,197,mock_N08_N04_Aonly,Discussion,1773434300,17,0,0
putqe1fs,26,h0ura75t,197,mock_N08_N04_Aonly,Discussion,1773434302,17,0,0
putqe1fs,11,wycjhtr7,197,mock_N08_N04_Aonly,Discussion,1773434303,17,0,0
putqe1fs,37,7fj2ms05,11,presurvey,Scenario,1773434308,1,0,0
putqe1fs,35,mvu02r9w,10,presurvey,ExperimentInstruction,1773434330,1,0,0
putqe1fs,15,pnyju1mb,197,mock_N08_N04_Aonly,Discussion,1773434333,17,1,0
putqe1fs,15,pnyju1mb,203,mock_N08_N04_Aonly,DiscussionGRPWaitPage,1773434333,18,0,1
putqe1fs,11,wycjhtr7,203,mock_N08_N04_Aonly,DiscussionGRPWaitPage,1773434333,18,0,1
putqe1fs,23,ue8zrjpf,203,mock_N08_N04_Aonly,DiscussionGRPWaitPage,1773434333,18,0,1
putqe1fs,26,h0ura75t,203,mock_N08_N04_Aonly,DiscussionGRPWaitPage,1773434333,18,0,1
putqe1fs,11,wycjhtr7,208,mock_N08_N04_Aonly,Discussion,1773434339,18,0,0
putqe1fs,26,h0ura75t,208,mock_N08_N04_Aonly,Discussion,1773434340,18,0,0
putqe1fs,23,ue8zrjpf,208,mock_N08_N04_Aonly,Discussion,1773434340,18,0,0
putqe1fs,15,pnyju1mb,208,mock_N08_N04_Aonly,Discussion,1773434372,18,1,0
putqe1fs,15,pnyju1mb,214,mock_N08_N04_Aonly,DiscussionGRPWaitPage,1773434372,19,0,1
putqe1fs,11,wycjhtr7,214,mock_N08_N04_Aonly,DiscussionGRPWaitPage,1773434372,19,0,1
putqe1fs,26,h0ura75t,214,mock_N08_N04_Aonly,DiscussionGRPWaitPage,1773434372,19,0,1
putqe1fs,23,ue8zrjpf,214,mock_N08_N04_Aonly,DiscussionGRPWaitPage,1773434372,19,0,1
putqe1fs,35,mvu02r9w,11,presurvey,Scenario,1773434374,1,0,0
putqe1fs,23,ue8zrjpf,219,mock_N08_N04_Aonly,Discussion,1773434378,19,0,0
putqe1fs,26,h0ura75t,219,mock_N08_N04_Aonly,Discussion,1773434379,19,0,0
putqe1fs,11,wycjhtr7,219,mock_N08_N04_Aonly,Discussion,1773434379,19,0,0
putqe1fs,15,pnyju1mb,219,mock_N08_N04_Aonly,Discussion,1773434409,19,1,0
putqe1fs,15,pnyju1mb,225,mock_N08_N04_Aonly,DiscussionGRPWaitPage,1773434409,20,0,1
putqe1fs,11,wycjhtr7,225,mock_N08_N04_Aonly,DiscussionGRPWaitPage,1773434409,20,0,1
putqe1fs,23,ue8zrjpf,225,mock_N08_N04_Aonly,DiscussionGRPWaitPage,1773434409,20,0,1
putqe1fs,26,h0ura75t,225,mock_N08_N04_Aonly,DiscussionGRPWaitPage,1773434409,20,0,1
putqe1fs,11,wycjhtr7,230,mock_N08_N04_Aonly,Discussion,1773434413,20,0,0
putqe1fs,26,h0ura75t,230,mock_N08_N04_Aonly,Discussion,1773434415,20,0,0
putqe1fs,23,ue8zrjpf,230,mock_N08_N04_Aonly,Discussion,1773434416,20,0,0
putqe1fs,35,mvu02r9w,12,presurvey,Commitment,1773434438,1,0,0
putqe1fs,15,pnyju1mb,230,mock_N08_N04_Aonly,Discussion,1773434445,20,1,0
putqe1fs,15,pnyju1mb,231,mock_N08_N04_Aonly,FinalRoundWaitPage,1773434445,20,0,1
putqe1fs,23,ue8zrjpf,231,mock_N08_N04_Aonly,FinalRoundWaitPage,1773434445,20,0,1
putqe1fs,11,wycjhtr7,231,mock_N08_N04_Aonly,FinalRoundWaitPage,1773434445,20,0,1
putqe1fs,26,h0ura75t,231,mock_N08_N04_Aonly,FinalRoundWaitPage,1773434445,20,0,1
putqe1fs,26,h0ura75t,232,mock_N08_N04_Aonly,FinalRound,1773434455,20,0,0
putqe1fs,11,wycjhtr7,232,mock_N08_N04_Aonly,FinalRound,1773434461,20,0,0
putqe1fs,23,ue8zrjpf,232,mock_N08_N04_Aonly,FinalRound,1773434462,20,0,0
putqe1fs,25,0q4rc6rv,13,mock_N08_N04_Aonly,GroupingWaitPage,1773434663,1,0,1
putqe1fs,27,1dt0mr2f,13,mock_N08_N04_Aonly,GroupingWaitPage,1773434663,1,0,1
putqe1fs,28,zggu0odl,13,mock_N08_N04_Aonly,GroupingWaitPage,1773434663,1,0,1
putqe1fs,35,mvu02r9w,13,mock_N08_N04_Aonly,GroupingWaitPage,1773434663,1,0,1
putqe1fs,25,0q4rc6rv,14,mock_N08_N04_Aonly,GroupSizeWaitPage,1773434664,1,0,1
putqe1fs,27,1dt0mr2f,14,mock_N08_N04_Aonly,GroupSizeWaitPage,1773434664,1,0,1
putqe1fs,28,zggu0odl,14,mock_N08_N04_Aonly,GroupSizeWaitPage,1773434664,1,0,1
putqe1fs,35,mvu02r9w,14,mock_N08_N04_Aonly,GroupSizeWaitPage,1773434664,1,0,1
putqe1fs,35,mvu02r9w,16,mock_N08_N04_Aonly,DiscussionGRPWaitPage,1773434664,1,0,1
putqe1fs,28,zggu0odl,16,mock_N08_N04_Aonly,DiscussionGRPWaitPage,1773434664,1,0,1
putqe1fs,27,1dt0mr2f,16,mock_N08_N04_Aonly,DiscussionGRPWaitPage,1773434664,1,0,1
putqe1fs,25,0q4rc6rv,16,mock_N08_N04_Aonly,DiscussionGRPWaitPage,1773434664,1,0,1
putqe1fs,39,qpv5u55e,0,,InitializeParticipant,1773434669,1,0,0
putqe1fs,35,mvu02r9w,17,mock_N08_N04_Aonly,Nudge,1773434678,1,0,0
putqe1fs,39,qpv5u55e,1,presurvey,Introduction,1773434678,1,0,0
putqe1fs,28,zggu0odl,17,mock_N08_N04_Aonly,Nudge,1773434679,1,0,0
putqe1fs,27,1dt0mr2f,17,mock_N08_N04_Aonly,Nudge,1773434686,1,0,0
putqe1fs,28,zggu0odl,18,mock_N08_N04_Aonly,NudgeTraining,1773434687,1,0,0
putqe1fs,35,mvu02r9w,18,mock_N08_N04_Aonly,NudgeTraining,1773434691,1,0,0
putqe1fs,28,zggu0odl,19,mock_N08_N04_Aonly,NudgeTrainingLast,1773434697,1,0,0
putqe1fs,27,1dt0mr2f,18,mock_N08_N04_Aonly,NudgeTraining,1773434697,1,0,0
putqe1fs,39,qpv5u55e,2,presurvey,AudioCheck,1773434701,1,0,0
putqe1fs,35,mvu02r9w,19,mock_N08_N04_Aonly,NudgeTrainingLast,1773434703,1,0,0
putqe1fs,25,0q4rc6rv,17,mock_N08_N04_Aonly,Nudge,1773434705,1,0,0
putqe1fs,28,zggu0odl,20,mock_N08_N04_Aonly,Phase3,1773434708,1,0,0
putqe1fs,27,1dt0mr2f,19,mock_N08_N04_Aonly,NudgeTrainingLast,1773434711,1,0,0
putqe1fs,39,qpv5u55e,3,presurvey,Demographics,1773434718,1,0,0
putqe1fs,28,zggu0odl,21,mock_N08_N04_Aonly,Discussion,1773434721,1,0,0
putqe1fs,35,mvu02r9w,20,mock_N08_N04_Aonly,Phase3,1773434721,1,0,0
putqe1fs,27,1dt0mr2f,20,mock_N08_N04_Aonly,Phase3,1773434723,1,0,0
putqe1fs,25,0q4rc6rv,18,mock_N08_N04_Aonly,NudgeTraining,1773434726,1,0,0
putqe1fs,39,qpv5u55e,4,presurvey,NeighborhoodInstruction,1773434731,1,0,0
putqe1fs,27,1dt0mr2f,21,mock_N08_N04_Aonly,Discussion,1773434732,1,0,0
putqe1fs,35,mvu02r9w,21,mock_N08_N04_Aonly,Discussion,1773434735,1,0,0
putqe1fs,39,qpv5u55e,5,presurvey,Training,1773434738,1,0,0
putqe1fs,25,0q4rc6rv,19,mock_N08_N04_Aonly,NudgeTrainingLast,1773434747,1,0,0
putqe1fs,25,0q4rc6rv,20,mock_N08_N04_Aonly,Phase3,1773434774,1,0,0
putqe1fs,25,0q4rc6rv,21,mock_N08_N04_Aonly,Discussion,1773434799,1,0,0
putqe1fs,35,mvu02r9w,27,mock_N08_N04_Aonly,DiscussionGRPWaitPage,1773434800,2,0,1
putqe1fs,28,zggu0odl,27,mock_N08_N04_Aonly,DiscussionGRPWaitPage,1773434800,2,0,1
putqe1fs,27,1dt0mr2f,27,mock_N08_N04_Aonly,DiscussionGRPWaitPage,1773434800,2,0,1
putqe1fs,25,0q4rc6rv,27,mock_N08_N04_Aonly,DiscussionGRPWaitPage,1773434800,2,0,1
putqe1fs,39,qpv5u55e,6,presurvey,TrainingNeighbor_1,1773434805,1,0,0
putqe1fs,27,1dt0mr2f,32,mock_N08_N04_Aonly,Discussion,1773434811,2,0,0
putqe1fs,25,0q4rc6rv,32,mock_N08_N04_Aonly,Discussion,1773434814,2,0,0
putqe1fs,28,zggu0odl,32,mock_N08_N04_Aonly,Discussion,1773434816,2,0,0
putqe1fs,39,qpv5u55e,7,presurvey,TrainingNeighbor_2,1773434818,1,0,0
putqe1fs,39,qpv5u55e,10,presurvey,ExperimentInstruction,1773434824,1,0,0
putqe1fs,35,mvu02r9w,32,mock_N08_N04_Aonly,Discussion,1773434832,2,0,0
putqe1fs,27,1dt0mr2f,38,mock_N08_N04_Aonly,DiscussionGRPWaitPage,1773434832,3,0,1
putqe1fs,25,0q4rc6rv,38,mock_N08_N04_Aonly,DiscussionGRPWaitPage,1773434832,3,0,1
putqe1fs,35,mvu02r9w,38,mock_N08_N04_Aonly,DiscussionGRPWaitPage,1773434832,3,0,1
putqe1fs,28,zggu0odl,38,mock_N08_N04_Aonly,DiscussionGRPWaitPage,1773434832,3,0,1
putqe1fs,28,zggu0odl,43,mock_N08_N04_Aonly,Discussion,1773434839,3,0,0
putqe1fs,35,mvu02r9w,43,mock_N08_N04_Aonly,Discussion,1773434839,3,0,0
putqe1fs,25,0q4rc6rv,43,mock_N08_N04_Aonly,Discussion,1773434840,3,0,0
putqe1fs,27,1dt0mr2f,43,mock_N08_N04_Aonly,Discussion,1773434841,3,0,0
putqe1fs,35,mvu02r9w,49,mock_N08_N04_Aonly,DiscussionGRPWaitPage,1773434841,4,0,1
putqe1fs,28,zggu0odl,49,mock_N08_N04_Aonly,DiscussionGRPWaitPage,1773434841,4,0,1
putqe1fs,27,1dt0mr2f,49,mock_N08_N04_Aonly,DiscussionGRPWaitPage,1773434841,4,0,1
putqe1fs,25,0q4rc6rv,49,mock_N08_N04_Aonly,DiscussionGRPWaitPage,1773434841,4,0,1
putqe1fs,35,mvu02r9w,54,mock_N08_N04_Aonly,Discussion,1773434846,4,0,0
putqe1fs,27,1dt0mr2f,54,mock_N08_N04_Aonly,Discussion,1773434847,4,0,0
putqe1fs,28,zggu0odl,54,mock_N08_N04_Aonly,Discussion,1773434847,4,0,0
putqe1fs,25,0q4rc6rv,54,mock_N08_N04_Aonly,Discussion,1773434849,4,0,0
putqe1fs,25,0q4rc6rv,60,mock_N08_N04_Aonly,DiscussionGRPWaitPage,1773434850,5,0,1
putqe1fs,35,mvu02r9w,60,mock_N08_N04_Aonly,DiscussionGRPWaitPage,1773434850,5,0,1
putqe1fs,28,zggu0odl,60,mock_N08_N04_Aonly,DiscussionGRPWaitPage,1773434850,5,0,1
putqe1fs,27,1dt0mr2f,60,mock_N08_N04_Aonly,DiscussionGRPWaitPage,1773434850,5,0,1
putqe1fs,35,mvu02r9w,65,mock_N08_N04_Aonly,Discussion,1773434855,5,0,0
putqe1fs,27,1dt0mr2f,65,mock_N08_N04_Aonly,Discussion,1773434855,5,0,0
putqe1fs,28,zggu0odl,65,mock_N08_N04_Aonly,Discussion,1773434856,5,0,0
putqe1fs,39,qpv5u55e,11,presurvey,Scenario,1773434858,1,0,0
putqe1fs,25,0q4rc6rv,65,mock_N08_N04_Aonly,Discussion,1773434862,5,0,0
putqe1fs,35,mvu02r9w,71,mock_N08_N04_Aonly,DiscussionGRPWaitPage,1773434862,6,0,1
putqe1fs,28,zggu0odl,71,mock_N08_N04_Aonly,DiscussionGRPWaitPage,1773434862,6,0,1
putqe1fs,27,1dt0mr2f,71,mock_N08_N04_Aonly,DiscussionGRPWaitPage,1773434862,6,0,1
putqe1fs,25,0q4rc6rv,71,mock_N08_N04_Aonly,DiscussionGRPWaitPage,1773434862,6,0,1
putqe1fs,28,zggu0odl,76,mock_N08_N04_Aonly,Discussion,1773434866,6,0,0
putqe1fs,35,mvu02r9w,76,mock_N08_N04_Aonly,Discussion,1773434867,6,0,0
putqe1fs,25,0q4rc6rv,76,mock_N08_N04_Aonly,Discussion,1773434871,6,0,0
putqe1fs,27,1dt0mr2f,76,mock_N08_N04_Aonly,Discussion,1773434872,6,0,0
putqe1fs,35,mvu02r9w,82,mock_N08_N04_Aonly,DiscussionGRPWaitPage,1773434872,7,0,1
putqe1fs,28,zggu0odl,82,mock_N08_N04_Aonly,DiscussionGRPWaitPage,1773434872,7,0,1
putqe1fs,27,1dt0mr2f,82,mock_N08_N04_Aonly,DiscussionGRPWaitPage,1773434872,7,0,1
putqe1fs,25,0q4rc6rv,82,mock_N08_N04_Aonly,DiscussionGRPWaitPage,1773434872,7,0,1
putqe1fs,28,zggu0odl,87,mock_N08_N04_Aonly,Discussion,1773434875,7,0,0
putqe1fs,27,1dt0mr2f,87,mock_N08_N04_Aonly,Discussion,1773434876,7,0,0
putqe1fs,35,mvu02r9w,87,mock_N08_N04_Aonly,Discussion,1773434877,7,0,0
putqe1fs,25,0q4rc6rv,87,mock_N08_N04_Aonly,Discussion,1773434878,7,0,0
putqe1fs,35,mvu02r9w,93,mock_N08_N04_Aonly,DiscussionGRPWaitPage,1773434878,8,0,1
putqe1fs,28,zggu0odl,93,mock_N08_N04_Aonly,DiscussionGRPWaitPage,1773434878,8,0,1
putqe1fs,27,1dt0mr2f,93,mock_N08_N04_Aonly,DiscussionGRPWaitPage,1773434878,8,0,1
putqe1fs,25,0q4rc6rv,93,mock_N08_N04_Aonly,DiscussionGRPWaitPage,1773434878,8,0,1
putqe1fs,35,mvu02r9w,98,mock_N08_N04_Aonly,Discussion,1773434881,8,0,0
putqe1fs,25,0q4rc6rv,98,mock_N08_N04_Aonly,Discussion,1773434883,8,0,0
putqe1fs,27,1dt0mr2f,98,mock_N08_N04_Aonly,Discussion,1773434884,8,0,0
putqe1fs,28,zggu0odl,98,mock_N08_N04_Aonly,Discussion,1773434888,8,0,0
putqe1fs,35,mvu02r9w,104,mock_N08_N04_Aonly,DiscussionGRPWaitPage,1773434888,9,0,1
putqe1fs,28,zggu0odl,104,mock_N08_N04_Aonly,DiscussionGRPWaitPage,1773434888,9,0,1
putqe1fs,27,1dt0mr2f,104,mock_N08_N04_Aonly,DiscussionGRPWaitPage,1773434888,9,0,1
putqe1fs,25,0q4rc6rv,104,mock_N08_N04_Aonly,DiscussionGRPWaitPage,1773434888,9,0,1
putqe1fs,28,zggu0odl,109,mock_N08_N04_Aonly,Discussion,1773434892,9,0,0
putqe1fs,27,1dt0mr2f,109,mock_N08_N04_Aonly,Discussion,1773434892,9,0,0
putqe1fs,35,mvu02r9w,109,mock_N08_N04_Aonly,Discussion,1773434892,9,0,0
putqe1fs,25,0q4rc6rv,109,mock_N08_N04_Aonly,Discussion,1773434894,9,0,0
putqe1fs,35,mvu02r9w,115,mock_N08_N04_Aonly,DiscussionGRPWaitPage,1773434894,10,0,1
putqe1fs,28,zggu0odl,115,mock_N08_N04_Aonly,DiscussionGRPWaitPage,1773434894,10,0,1
putqe1fs,27,1dt0mr2f,115,mock_N08_N04_Aonly,DiscussionGRPWaitPage,1773434894,10,0,1
putqe1fs,25,0q4rc6rv,115,mock_N08_N04_Aonly,DiscussionGRPWaitPage,1773434894,10,0,1
putqe1fs,35,mvu02r9w,120,mock_N08_N04_Aonly,Discussion,1773434897,10,0,0
putqe1fs,28,zggu0odl,120,mock_N08_N04_Aonly,Discussion,1773434897,10,0,0
putqe1fs,25,0q4rc6rv,120,mock_N08_N04_Aonly,Discussion,1773434898,10,0,0
putqe1fs,27,1dt0mr2f,120,mock_N08_N04_Aonly,Discussion,1773434900,10,0,0
putqe1fs,35,mvu02r9w,126,mock_N08_N04_Aonly,DiscussionGRPWaitPage,1773434900,11,0,1
putqe1fs,28,zggu0odl,126,mock_N08_N04_Aonly,DiscussionGRPWaitPage,1773434900,11,0,1
putqe1fs,27,1dt0mr2f,126,mock_N08_N04_Aonly,DiscussionGRPWaitPage,1773434900,11,0,1
putqe1fs,25,0q4rc6rv,126,mock_N08_N04_Aonly,DiscussionGRPWaitPage,1773434900,11,0,1
putqe1fs,28,zggu0odl,131,mock_N08_N04_Aonly,Discussion,1773434902,11,0,0
putqe1fs,27,1dt0mr2f,131,mock_N08_N04_Aonly,Discussion,1773434904,11,0,0
putqe1fs,35,mvu02r9w,131,mock_N08_N04_Aonly,Discussion,1773434910,11,0,0
putqe1fs,25,0q4rc6rv,131,mock_N08_N04_Aonly,Discussion,1773434913,11,0,0
putqe1fs,35,mvu02r9w,137,mock_N08_N04_Aonly,DiscussionGRPWaitPage,1773434914,12,0,1
putqe1fs,28,zggu0odl,137,mock_N08_N04_Aonly,DiscussionGRPWaitPage,1773434914,12,0,1
putqe1fs,27,1dt0mr2f,137,mock_N08_N04_Aonly,DiscussionGRPWaitPage,1773434914,12,0,1
putqe1fs,25,0q4rc6rv,137,mock_N08_N04_Aonly,DiscussionGRPWaitPage,1773434914,12,0,1
putqe1fs,28,zggu0odl,142,mock_N08_N04_Aonly,Discussion,1773434917,12,0,0
putqe1fs,27,1dt0mr2f,142,mock_N08_N04_Aonly,Discussion,1773434918,12,0,0
putqe1fs,35,mvu02r9w,142,mock_N08_N04_Aonly,Discussion,1773434923,12,0,0
putqe1fs,25,0q4rc6rv,142,mock_N08_N04_Aonly,Discussion,1773434923,12,0,0
putqe1fs,35,mvu02r9w,148,mock_N08_N04_Aonly,DiscussionGRPWaitPage,1773434924,13,0,1
putqe1fs,28,zggu0odl,148,mock_N08_N04_Aonly,DiscussionGRPWaitPage,1773434924,13,0,1
putqe1fs,27,1dt0mr2f,148,mock_N08_N04_Aonly,DiscussionGRPWaitPage,1773434924,13,0,1
putqe1fs,25,0q4rc6rv,148,mock_N08_N04_Aonly,DiscussionGRPWaitPage,1773434924,13,0,1
putqe1fs,35,mvu02r9w,153,mock_N08_N04_Aonly,Discussion,1773434928,13,0,0
putqe1fs,28,zggu0odl,153,mock_N08_N04_Aonly,Discussion,1773434928,13,0,0
putqe1fs,27,1dt0mr2f,153,mock_N08_N04_Aonly,Discussion,1773434928,13,0,0
putqe1fs,25,0q4rc6rv,153,mock_N08_N04_Aonly,Discussion,1773434932,13,0,0
putqe1fs,35,mvu02r9w,159,mock_N08_N04_Aonly,DiscussionGRPWaitPage,1773434933,14,0,1
putqe1fs,28,zggu0odl,159,mock_N08_N04_Aonly,DiscussionGRPWaitPage,1773434933,14,0,1
putqe1fs,27,1dt0mr2f,159,mock_N08_N04_Aonly,DiscussionGRPWaitPage,1773434933,14,0,1
putqe1fs,25,0q4rc6rv,159,mock_N08_N04_Aonly,DiscussionGRPWaitPage,1773434933,14,0,1
putqe1fs,28,zggu0odl,164,mock_N08_N04_Aonly,Discussion,1773434935,14,0,0
putqe1fs,35,mvu02r9w,164,mock_N08_N04_Aonly,Discussion,1773434935,14,0,0
putqe1fs,27,1dt0mr2f,164,mock_N08_N04_Aonly,Discussion,1773434937,14,0,0
putqe1fs,25,0q4rc6rv,164,mock_N08_N04_Aonly,Discussion,1773434937,14,0,0
putqe1fs,35,mvu02r9w,170,mock_N08_N04_Aonly,DiscussionGRPWaitPage,1773434938,15,0,1
putqe1fs,25,0q4rc6rv,170,mock_N08_N04_Aonly,DiscussionGRPWaitPage,1773434938,15,0,1
putqe1fs,28,zggu0odl,170,mock_N08_N04_Aonly,DiscussionGRPWaitPage,1773434938,15,0,1
putqe1fs,27,1dt0mr2f,170,mock_N08_N04_Aonly,DiscussionGRPWaitPage,1773434938,15,0,1
putqe1fs,28,zggu0odl,175,mock_N08_N04_Aonly,Discussion,1773434940,15,0,0
putqe1fs,35,mvu02r9w,175,mock_N08_N04_Aonly,Discussion,1773434942,15,0,0
putqe1fs,27,1dt0mr2f,175,mock_N08_N04_Aonly,Discussion,1773434943,15,0,0
putqe1fs,25,0q4rc6rv,175,mock_N08_N04_Aonly,Discussion,1773434943,15,0,0
putqe1fs,35,mvu02r9w,181,mock_N08_N04_Aonly,DiscussionGRPWaitPage,1773434944,16,0,1
putqe1fs,28,zggu0odl,181,mock_N08_N04_Aonly,DiscussionGRPWaitPage,1773434944,16,0,1
putqe1fs,27,1dt0mr2f,181,mock_N08_N04_Aonly,DiscussionGRPWaitPage,1773434944,16,0,1
putqe1fs,25,0q4rc6rv,181,mock_N08_N04_Aonly,DiscussionGRPWaitPage,1773434944,16,0,1
putqe1fs,28,zggu0odl,186,mock_N08_N04_Aonly,Discussion,1773434947,16,0,0
putqe1fs,27,1dt0mr2f,186,mock_N08_N04_Aonly,Discussion,1773434948,16,0,0
putqe1fs,35,mvu02r9w,186,mock_N08_N04_Aonly,Discussion,1773434949,16,0,0
putqe1fs,25,0q4rc6rv,186,mock_N08_N04_Aonly,Discussion,1773434950,16,0,0
putqe1fs,35,mvu02r9w,192,mock_N08_N04_Aonly,DiscussionGRPWaitPage,1773434950,17,0,1
putqe1fs,28,zggu0odl,192,mock_N08_N04_Aonly,DiscussionGRPWaitPage,1773434950,17,0,1
putqe1fs,27,1dt0mr2f,192,mock_N08_N04_Aonly,DiscussionGRPWaitPage,1773434950,17,0,1
putqe1fs,25,0q4rc6rv,192,mock_N08_N04_Aonly,DiscussionGRPWaitPage,1773434950,17,0,1
putqe1fs,28,zggu0odl,197,mock_N08_N04_Aonly,Discussion,1773434953,17,0,0
putqe1fs,27,1dt0mr2f,197,mock_N08_N04_Aonly,Discussion,1773434954,17,0,0
putqe1fs,35,mvu02r9w,197,mock_N08_N04_Aonly,Discussion,1773434956,17,0,0
putqe1fs,25,0q4rc6rv,197,mock_N08_N04_Aonly,Discussion,1773434959,17,0,0
putqe1fs,35,mvu02r9w,203,mock_N08_N04_Aonly,DiscussionGRPWaitPage,1773434960,18,0,1
putqe1fs,28,zggu0odl,203,mock_N08_N04_Aonly,DiscussionGRPWaitPage,1773434960,18,0,1
putqe1fs,27,1dt0mr2f,203,mock_N08_N04_Aonly,DiscussionGRPWaitPage,1773434960,18,0,1
putqe1fs,25,0q4rc6rv,203,mock_N08_N04_Aonly,DiscussionGRPWaitPage,1773434960,18,0,1
putqe1fs,28,zggu0odl,208,mock_N08_N04_Aonly,Discussion,1773434962,18,0,0
putqe1fs,35,mvu02r9w,208,mock_N08_N04_Aonly,Discussion,1773434963,18,0,0
putqe1fs,27,1dt0mr2f,208,mock_N08_N04_Aonly,Discussion,1773434965,18,0,0
putqe1fs,25,0q4rc6rv,208,mock_N08_N04_Aonly,Discussion,1773434965,18,0,0
putqe1fs,25,0q4rc6rv,214,mock_N08_N04_Aonly,DiscussionGRPWaitPage,1773434966,19,0,1
putqe1fs,27,1dt0mr2f,214,mock_N08_N04_Aonly,DiscussionGRPWaitPage,1773434966,19,0,1
putqe1fs,35,mvu02r9w,214,mock_N08_N04_Aonly,DiscussionGRPWaitPage,1773434966,19,0,1
putqe1fs,28,zggu0odl,214,mock_N08_N04_Aonly,DiscussionGRPWaitPage,1773434966,19,0,1
putqe1fs,28,zggu0odl,219,mock_N08_N04_Aonly,Discussion,1773434968,19,0,0
putqe1fs,27,1dt0mr2f,219,mock_N08_N04_Aonly,Discussion,1773434969,19,0,0
putqe1fs,35,mvu02r9w,219,mock_N08_N04_Aonly,Discussion,1773434974,19,0,0
putqe1fs,25,0q4rc6rv,219,mock_N08_N04_Aonly,Discussion,1773434975,19,0,0
putqe1fs,35,mvu02r9w,225,mock_N08_N04_Aonly,DiscussionGRPWaitPage,1773434975,20,0,1
putqe1fs,28,zggu0odl,225,mock_N08_N04_Aonly,DiscussionGRPWaitPage,1773434975,20,0,1
putqe1fs,27,1dt0mr2f,225,mock_N08_N04_Aonly,DiscussionGRPWaitPage,1773434975,20,0,1
putqe1fs,25,0q4rc6rv,225,mock_N08_N04_Aonly,DiscussionGRPWaitPage,1773434975,20,0,1
putqe1fs,27,1dt0mr2f,230,mock_N08_N04_Aonly,Discussion,1773434978,20,0,0
putqe1fs,35,mvu02r9w,230,mock_N08_N04_Aonly,Discussion,1773434983,20,0,0
putqe1fs,25,0q4rc6rv,230,mock_N08_N04_Aonly,Discussion,1773434983,20,0,0
putqe1fs,28,zggu0odl,230,mock_N08_N04_Aonly,Discussion,1773434984,20,0,0
putqe1fs,27,1dt0mr2f,231,mock_N08_N04_Aonly,FinalRoundWaitPage,1773434984,20,0,1
putqe1fs,35,mvu02r9w,231,mock_N08_N04_Aonly,FinalRoundWaitPage,1773434984,20,0,1
putqe1fs,25,0q4rc6rv,231,mock_N08_N04_Aonly,FinalRoundWaitPage,1773434984,20,0,1
putqe1fs,28,zggu0odl,231,mock_N08_N04_Aonly,FinalRoundWaitPage,1773434984,20,0,1
putqe1fs,25,0q4rc6rv,232,mock_N08_N04_Aonly,FinalRound,1773434991,20,0,0
putqe1fs,27,1dt0mr2f,232,mock_N08_N04_Aonly,FinalRound,1773434991,20,0,0
putqe1fs,35,mvu02r9w,232,mock_N08_N04_Aonly,FinalRound,1773434993,20,0,0
putqe1fs,28,zggu0odl,232,mock_N08_N04_Aonly,FinalRound,1773434993,20,0,0
putqe1fs,40,s2c6hzg8,0,,InitializeParticipant,1773435028,1,0,0
putqe1fs,31,mp49apcy,13,mock_N08_N04_Aonly,GroupingWaitPage,1773435047,1,0,1
putqe1fs,31,mp49apcy,14,mock_N08_N04_Aonly,GroupSizeWaitPage,1773435048,1,0,1
putqe1fs,31,mp49apcy,15,mock_N08_N04_Aonly,AttentionCheck,1773435055,1,0,0
putqe1fs,30,u0rm122k,13,mock_N08_N04_Aonly,GroupingWaitPage,1773435068,1,0,1
putqe1fs,30,u0rm122k,14,mock_N08_N04_Aonly,GroupSizeWaitPage,1773435068,1,0,1
putqe1fs,30,u0rm122k,15,mock_N08_N04_Aonly,AttentionCheck,1773435071,1,0,0
putqe1fs,40,s2c6hzg8,1,presurvey,Introduction,1773435087,1,0,0
putqe1fs,40,s2c6hzg8,2,presurvey,AudioCheck,1773435136,1,0,0
putqe1fs,41,1d9kurba,0,,InitializeParticipant,1773435140,1,0,0
putqe1fs,41,1d9kurba,1,presurvey,Introduction,1773435144,1,0,0
putqe1fs,41,1d9kurba,2,presurvey,AudioCheck,1773435176,1,0,0
putqe1fs,40,s2c6hzg8,3,presurvey,Demographics,1773435179,1,0,0
putqe1fs,41,1d9kurba,3,presurvey,Demographics,1773435185,1,0,0
putqe1fs,41,1d9kurba,4,presurvey,NeighborhoodInstruction,1773435199,1,0,0
putqe1fs,41,1d9kurba,5,presurvey,Training,1773435211,1,0,0
putqe1fs,41,1d9kurba,6,presurvey,TrainingNeighbor_1,1773435228,1,0,0
putqe1fs,34,np76l6je,13,mock_N08_N04_Aonly,GroupingWaitPage,1773435232,1,0,1
putqe1fs,41,1d9kurba,10,presurvey,ExperimentInstruction,1773435232,1,0,0
putqe1fs,34,np76l6je,14,mock_N08_N04_Aonly,GroupSizeWaitPage,1773435232,1,0,1
putqe1fs,34,np76l6je,15,mock_N08_N04_Aonly,AttentionCheck,1773435236,1,0,0
putqe1fs,41,1d9kurba,11,presurvey,Scenario,1773435247,1,0,0
putqe1fs,42,dl4lfp3i,0,,InitializeParticipant,1773435278,1,0,0
putqe1fs,42,dl4lfp3i,1,presurvey,Introduction,1773435282,1,0,0
putqe1fs,40,s2c6hzg8,4,presurvey,NeighborhoodInstruction,1773435282,1,0,0
putqe1fs,42,dl4lfp3i,2,presurvey,AudioCheck,1773435300,1,0,0
putqe1fs,43,xlkd170q,0,,InitializeParticipant,1773435311,1,0,0
putqe1fs,42,dl4lfp3i,3,presurvey,Demographics,1773435315,1,0,0
putqe1fs,42,dl4lfp3i,4,presurvey,NeighborhoodInstruction,1773435317,1,0,0
putqe1fs,42,dl4lfp3i,5,presurvey,Training,1773435321,1,0,0
putqe1fs,40,s2c6hzg8,5,presurvey,Training,1773435332,1,0,0
putqe1fs,43,xlkd170q,1,presurvey,Introduction,1773435336,1,0,0
putqe1fs,44,3g40wyss,0,,InitializeParticipant,1773435341,1,0,0
putqe1fs,44,3g40wyss,1,presurvey,Introduction,1773435350,1,0,0
putqe1fs,43,xlkd170q,2,presurvey,AudioCheck,1773435354,1,0,0
putqe1fs,44,3g40wyss,2,presurvey,AudioCheck,1773435369,1,0,0
putqe1fs,43,xlkd170q,3,presurvey,Demographics,1773435369,1,0,0
putqe1fs,43,xlkd170q,4,presurvey,NeighborhoodInstruction,1773435384,1,0,0
putqe1fs,44,3g40wyss,3,presurvey,Demographics,1773435394,1,0,0
putqe1fs,45,o1pgi1vl,0,,InitializeParticipant,1773435401,1,0,0
putqe1fs,44,3g40wyss,4,presurvey,NeighborhoodInstruction,1773435412,1,0,0
putqe1fs,43,xlkd170q,5,presurvey,Training,1773435420,1,0,0
putqe1fs,45,o1pgi1vl,1,presurvey,Introduction,1773435433,1,0,0
putqe1fs,44,3g40wyss,5,presurvey,Training,1773435439,1,0,0
putqe1fs,43,xlkd170q,6,presurvey,TrainingNeighbor_1,1773435447,1,0,0
putqe1fs,43,xlkd170q,10,presurvey,ExperimentInstruction,1773435455,1,0,0
putqe1fs,45,o1pgi1vl,2,presurvey,AudioCheck,1773435470,1,0,0
putqe1fs,40,s2c6hzg8,6,presurvey,TrainingNeighbor_1,1773435473,1,0,0
putqe1fs,44,3g40wyss,6,presurvey,TrainingNeighbor_1,1773435477,1,0,0
putqe1fs,43,xlkd170q,11,presurvey,Scenario,1773435486,1,0,0
putqe1fs,46,wuyoq7co,0,,InitializeParticipant,1773435493,1,0,0
putqe1fs,44,3g40wyss,10,presurvey,ExperimentInstruction,1773435493,1,0,0
putqe1fs,47,nndm71dm,0,,InitializeParticipant,1773435494,1,0,0
putqe1fs,40,s2c6hzg8,10,presurvey,ExperimentInstruction,1773435494,1,0,0
putqe1fs,44,3g40wyss,11,presurvey,Scenario,1773435528,1,0,0
putqe1fs,47,nndm71dm,1,presurvey,Introduction,1773435539,1,0,0
putqe1fs,45,o1pgi1vl,3,presurvey,Demographics,1773435543,1,0,0
putqe1fs,40,s2c6hzg8,11,presurvey,Scenario,1773435555,1,0,0
putqe1fs,45,o1pgi1vl,4,presurvey,NeighborhoodInstruction,1773435566,1,0,0
putqe1fs,46,wuyoq7co,1,presurvey,Introduction,1773435593,1,0,0
putqe1fs,44,3g40wyss,12,presurvey,Commitment,1773435603,1,0,0
putqe1fs,40,s2c6hzg8,12,presurvey,Commitment,1773435615,1,0,0
putqe1fs,45,o1pgi1vl,5,presurvey,Training,1773435615,1,0,0
putqe1fs,46,wuyoq7co,2,presurvey,AudioCheck,1773435624,1,0,0
putqe1fs,48,zczlga7h,0,,InitializeParticipant,1773435650,1,0,0
putqe1fs,46,wuyoq7co,3,presurvey,Demographics,1773435656,1,0,0
putqe1fs,48,zczlga7h,1,presurvey,Introduction,1773435664,1,0,0
putqe1fs,48,zczlga7h,2,presurvey,AudioCheck,1773435684,1,0,0
putqe1fs,45,o1pgi1vl,6,presurvey,TrainingNeighbor_1,1773435698,1,0,0
putqe1fs,48,zczlga7h,3,presurvey,Demographics,1773435700,1,0,0
putqe1fs,46,wuyoq7co,4,presurvey,NeighborhoodInstruction,1773435708,1,0,0
putqe1fs,48,zczlga7h,4,presurvey,NeighborhoodInstruction,1773435717,1,0,0
putqe1fs,48,zczlga7h,5,presurvey,Training,1773435746,1,0,0
putqe1fs,45,o1pgi1vl,7,presurvey,TrainingNeighbor_2,1773435757,1,0,0
putqe1fs,46,wuyoq7co,5,presurvey,Training,1773435760,1,0,0
putqe1fs,45,o1pgi1vl,10,presurvey,ExperimentInstruction,1773435776,1,0,0
putqe1fs,48,zczlga7h,6,presurvey,TrainingNeighbor_1,1773435783,1,0,0
putqe1fs,49,skp0elhr,0,,InitializeParticipant,1773435787,1,0,0
putqe1fs,48,zczlga7h,7,presurvey,TrainingNeighbor_2,1773435788,1,0,0
putqe1fs,49,skp0elhr,1,presurvey,Introduction,1773435790,1,0,0
putqe1fs,48,zczlga7h,10,presurvey,ExperimentInstruction,1773435796,1,0,0
putqe1fs,49,skp0elhr,2,presurvey,AudioCheck,1773435813,1,0,0
putqe1fs,45,o1pgi1vl,11,presurvey,Scenario,1773435819,1,0,0
putqe1fs,48,zczlga7h,11,presurvey,Scenario,1773435826,1,0,0
putqe1fs,46,wuyoq7co,6,presurvey,TrainingNeighbor_1,1773435853,1,0,0
putqe1fs,46,wuyoq7co,10,presurvey,ExperimentInstruction,1773435879,1,0,0
putqe1fs,45,o1pgi1vl,12,presurvey,Commitment,1773435894,1,0,0
putqe1fs,50,xrm3n8mc,0,,InitializeParticipant,1773435908,1,0,0
putqe1fs,50,xrm3n8mc,1,presurvey,Introduction,1773435941,1,0,0
putqe1fs,46,wuyoq7co,11,presurvey,Scenario,1773435942,1,0,0
putqe1fs,51,c8fpepan,0,,InitializeParticipant,1773435969,1,0,0
putqe1fs,46,wuyoq7co,12,presurvey,Commitment,1773435969,1,0,0
putqe1fs,51,c8fpepan,1,presurvey,Introduction,1773435979,1,0,0
putqe1fs,50,xrm3n8mc,2,presurvey,AudioCheck,1773435984,1,0,0
putqe1fs,51,c8fpepan,2,presurvey,AudioCheck,1773435991,1,0,0
putqe1fs,52,j9bnzhgp,0,,InitializeParticipant,1773435995,1,0,0
putqe1fs,51,c8fpepan,3,presurvey,Demographics,1773436003,1,0,0
putqe1fs,52,j9bnzhgp,1,presurvey,Introduction,1773436012,1,0,0
putqe1fs,51,c8fpepan,4,presurvey,NeighborhoodInstruction,1773436013,1,0,0
putqe1fs,50,xrm3n8mc,3,presurvey,Demographics,1773436028,1,0,0
putqe1fs,51,c8fpepan,5,presurvey,Training,1773436038,1,0,0
putqe1fs,52,j9bnzhgp,2,presurvey,AudioCheck,1773436050,1,0,0
putqe1fs,52,j9bnzhgp,3,presurvey,Demographics,1773436061,1,0,0
putqe1fs,51,c8fpepan,6,presurvey,TrainingNeighbor_1,1773436064,1,0,0
putqe1fs,51,c8fpepan,10,presurvey,ExperimentInstruction,1773436067,1,0,0
putqe1fs,52,j9bnzhgp,4,presurvey,NeighborhoodInstruction,1773436087,1,0,0
putqe1fs,51,c8fpepan,11,presurvey,Scenario,1773436109,1,0,0
putqe1fs,50,xrm3n8mc,4,presurvey,NeighborhoodInstruction,1773436115,1,0,0
putqe1fs,52,j9bnzhgp,5,presurvey,Training,1773436121,1,0,0
putqe1fs,52,j9bnzhgp,6,presurvey,TrainingNeighbor_1,1773436168,1,0,0
putqe1fs,52,j9bnzhgp,7,presurvey,TrainingNeighbor_2,1773436174,1,0,0
putqe1fs,52,j9bnzhgp,10,presurvey,ExperimentInstruction,1773436177,1,0,0
putqe1fs,53,3xl7ie2b,0,,InitializeParticipant,1773436178,1,0,0
putqe1fs,53,3xl7ie2b,1,presurvey,Introduction,1773436181,1,0,0
putqe1fs,53,3xl7ie2b,2,presurvey,AudioCheck,1773436196,1,0,0
putqe1fs,53,3xl7ie2b,3,presurvey,Demographics,1773436207,1,0,0
putqe1fs,53,3xl7ie2b,4,presurvey,NeighborhoodInstruction,1773436211,1,0,0
putqe1fs,52,j9bnzhgp,11,presurvey,Scenario,1773436222,1,0,0
putqe1fs,50,xrm3n8mc,5,presurvey,Training,1773436235,1,0,0
putqe1fs,50,xrm3n8mc,6,presurvey,TrainingNeighbor_1,1773436324,1,0,0
putqe1fs,50,xrm3n8mc,7,presurvey,TrainingNeighbor_2,1773436345,1,0,0
putqe1fs,54,awmkp8hu,0,,InitializeParticipant,1773436355,1,0,0
putqe1fs,54,awmkp8hu,1,presurvey,Introduction,1773436366,1,0,0
putqe1fs,50,xrm3n8mc,8,presurvey,AttentionCheck,1773436371,1,0,0
putqe1fs,54,awmkp8hu,2,presurvey,AudioCheck,1773436385,1,0,0
putqe1fs,400,3cslxzgu,0,,InitializeParticipant,1773436387,1,0,0
putqe1fs,400,3cslxzgu,1,presurvey,Introduction,1773436402,1,0,0
putqe1fs,54,awmkp8hu,3,presurvey,Demographics,1773436409,1,0,0
putqe1fs,400,3cslxzgu,2,presurvey,AudioCheck,1773436417,1,0,0
putqe1fs,54,awmkp8hu,4,presurvey,NeighborhoodInstruction,1773436421,1,0,0
putqe1fs,50,xrm3n8mc,9,presurvey,TrainingNeighbor_3,1773436422,1,0,0
putqe1fs,54,awmkp8hu,5,presurvey,Training,1773436470,1,0,0
putqe1fs,55,mbc0i82z,0,,InitializeParticipant,1773436480,1,0,0
putqe1fs,54,awmkp8hu,6,presurvey,TrainingNeighbor_1,1773436564,1,0,0
putqe1fs,54,awmkp8hu,7,presurvey,TrainingNeighbor_2,1773436580,1,0,0
putqe1fs,54,awmkp8hu,10,presurvey,ExperimentInstruction,1773436599,1,0,0
putqe1fs,54,awmkp8hu,11,presurvey,Scenario,1773436673,1,0,0
putqe1fs,54,awmkp8hu,12,presurvey,Commitment,1773436736,1,0,0
putqe1fs,44,3g40wyss,13,mock_N08_N04_Aonly,GroupingWaitPage,1773436744,1,0,1
putqe1fs,44,3g40wyss,14,mock_N08_N04_Aonly,GroupSizeWaitPage,1773436744,1,0,1
putqe1fs,44,3g40wyss,15,mock_N08_N04_Aonly,AttentionCheck,1773436751,1,0,0
putqe1fs,40,s2c6hzg8,13,mock_N08_N04_Aonly,GroupingWaitPage,1773436758,1,0,1
putqe1fs,40,s2c6hzg8,14,mock_N08_N04_Aonly,GroupSizeWaitPage,1773436759,1,0,1
putqe1fs,40,s2c6hzg8,15,mock_N08_N04_Aonly,AttentionCheck,1773436766,1,0,0
putqe1fs,56,k9h6os0n,0,,InitializeParticipant,1773436980,1,0,0
putqe1fs,56,k9h6os0n,1,presurvey,Introduction,1773437010,1,0,0
putqe1fs,56,k9h6os0n,2,presurvey,AudioCheck,1773437027,1,0,0
putqe1fs,56,k9h6os0n,3,presurvey,Demographics,1773437041,1,0,0
putqe1fs,45,o1pgi1vl,13,mock_N08_N04_Aonly,GroupingWaitPage,1773437043,1,0,1
putqe1fs,45,o1pgi1vl,14,mock_N08_N04_Aonly,GroupSizeWaitPage,1773437043,1,0,1
putqe1fs,45,o1pgi1vl,15,mock_N08_N04_Aonly,AttentionCheck,1773437050,1,0,0
putqe1fs,56,k9h6os0n,4,presurvey,NeighborhoodInstruction,1773437101,1,0,0
putqe1fs,46,wuyoq7co,13,mock_N08_N04_Aonly,GroupingWaitPage,1773437120,1,0,1
putqe1fs,46,wuyoq7co,14,mock_N08_N04_Aonly,GroupSizeWaitPage,1773437120,1,0,1
putqe1fs,56,k9h6os0n,5,presurvey,Training,1773437124,1,0,0
putqe1fs,46,wuyoq7co,15,mock_N08_N04_Aonly,AttentionCheck,1773437124,1,0,0
putqe1fs,56,k9h6os0n,6,presurvey,TrainingNeighbor_1,1773437144,1,0,0
putqe1fs,56,k9h6os0n,10,presurvey,ExperimentInstruction,1773437150,1,0,0
putqe1fs,57,qrwgsviq,0,,InitializeParticipant,1773437169,1,0,0
putqe1fs,57,qrwgsviq,1,presurvey,Introduction,1773437172,1,0,0
putqe1fs,56,k9h6os0n,11,presurvey,Scenario,1773437173,1,0,0
putqe1fs,57,qrwgsviq,2,presurvey,AudioCheck,1773437183,1,0,0
putqe1fs,57,qrwgsviq,3,presurvey,Demographics,1773437197,1,0,0
putqe1fs,57,qrwgsviq,4,presurvey,NeighborhoodInstruction,1773437199,1,0,0
putqe1fs,57,qrwgsviq,5,presurvey,Training,1773437203,1,0,0
putqe1fs,57,qrwgsviq,6,presurvey,TrainingNeighbor_1,1773437209,1,0,0
putqe1fs,57,qrwgsviq,7,presurvey,TrainingNeighbor_2,1773437214,1,0,0
putqe1fs,57,qrwgsviq,10,presurvey,ExperimentInstruction,1773437218,1,0,0
putqe1fs,57,qrwgsviq,11,presurvey,Scenario,1773437231,1,0,0
putqe1fs,57,qrwgsviq,12,presurvey,Commitment,1773437251,1,0,0
putqe1fs,58,oi71jxa2,0,,InitializeParticipant,1773437287,1,0,0
putqe1fs,59,3f9r0x4d,0,,InitializeParticipant,1773437297,1,0,0
putqe1fs,58,oi71jxa2,1,presurvey,Introduction,1773437308,1,0,0
putqe1fs,58,oi71jxa2,2,presurvey,AudioCheck,1773437326,1,0,0
putqe1fs,58,oi71jxa2,3,presurvey,Demographics,1773437336,1,0,0
putqe1fs,59,3f9r0x4d,1,presurvey,Introduction,1773437352,1,0,0
putqe1fs,59,3f9r0x4d,2,presurvey,AudioCheck,1773437375,1,0,0
putqe1fs,60,oysf6sbe,0,,InitializeParticipant,1773437383,1,0,0
putqe1fs,58,oi71jxa2,4,presurvey,NeighborhoodInstruction,1773437384,1,0,0
putqe1fs,61,0sns0ahw,0,,InitializeParticipant,1773437385,1,0,0
putqe1fs,60,oysf6sbe,1,presurvey,Introduction,1773437386,1,0,0
putqe1fs,60,oysf6sbe,2,presurvey,AudioCheck,1773437398,1,0,0
putqe1fs,61,0sns0ahw,1,presurvey,Introduction,1773437399,1,0,0
putqe1fs,62,ri1610fe,0,,InitializeParticipant,1773437406,1,0,0
putqe1fs,61,0sns0ahw,2,presurvey,AudioCheck,1773437417,1,0,0
putqe1fs,62,ri1610fe,1,presurvey,Introduction,1773437423,1,0,0
putqe1fs,60,oysf6sbe,3,presurvey,Demographics,1773437424,1,0,0
putqe1fs,61,0sns0ahw,3,presurvey,Demographics,1773437433,1,0,0
putqe1fs,60,oysf6sbe,4,presurvey,NeighborhoodInstruction,1773437445,1,0,0
putqe1fs,61,0sns0ahw,4,presurvey,NeighborhoodInstruction,1773437454,1,0,0
putqe1fs,58,oi71jxa2,5,presurvey,Training,1773437462,1,0,0
putqe1fs,62,ri1610fe,2,presurvey,AudioCheck,1773437470,1,0,0
putqe1fs,60,oysf6sbe,5,presurvey,Training,1773437479,1,0,0
putqe1fs,61,0sns0ahw,5,presurvey,Training,1773437486,1,0,0
putqe1fs,62,ri1610fe,3,presurvey,Demographics,1773437488,1,0,0
putqe1fs,58,oi71jxa2,6,presurvey,TrainingNeighbor_1,1773437493,1,0,0
putqe1fs,61,0sns0ahw,6,presurvey,TrainingNeighbor_1,1773437515,1,0,0
putqe1fs,60,oysf6sbe,6,presurvey,TrainingNeighbor_1,1773437515,1,0,0
putqe1fs,62,ri1610fe,4,presurvey,NeighborhoodInstruction,1773437516,1,0,0
putqe1fs,60,oysf6sbe,10,presurvey,ExperimentInstruction,1773437520,1,0,0
putqe1fs,63,1akhmtot,0,,InitializeParticipant,1773437525,1,0,0
putqe1fs,58,oi71jxa2,10,presurvey,ExperimentInstruction,1773437526,1,0,0
putqe1fs,63,1akhmtot,1,presurvey,Introduction,1773437532,1,0,0
putqe1fs,63,1akhmtot,2,presurvey,AudioCheck,1773437547,1,0,0
putqe1fs,62,ri1610fe,5,presurvey,Training,1773437558,1,0,0
putqe1fs,59,3f9r0x4d,3,presurvey,Demographics,1773437561,1,0,0
putqe1fs,63,1akhmtot,3,presurvey,Demographics,1773437573,1,0,0
putqe1fs,63,1akhmtot,4,presurvey,NeighborhoodInstruction,1773437594,1,0,0
putqe1fs,58,oi71jxa2,11,presurvey,Scenario,1773437597,1,0,0
putqe1fs,59,3f9r0x4d,4,presurvey,NeighborhoodInstruction,1773437597,1,0,0
putqe1fs,60,oysf6sbe,11,presurvey,Scenario,1773437607,1,0,0
putqe1fs,62,ri1610fe,6,presurvey,TrainingNeighbor_1,1773437611,1,0,0
putqe1fs,58,oi71jxa2,12,presurvey,Commitment,1773437625,1,0,0
putqe1fs,63,1akhmtot,5,presurvey,Training,1773437627,1,0,0
putqe1fs,399,rhsse7ps,0,,InitializeParticipant,1773437630,1,0,0
putqe1fs,59,3f9r0x4d,5,presurvey,Training,1773437632,1,0,0
putqe1fs,399,rhsse7ps,1,presurvey,Introduction,1773437634,1,0,0
putqe1fs,62,ri1610fe,7,presurvey,TrainingNeighbor_2,1773437640,1,0,0
putqe1fs,399,rhsse7ps,2,presurvey,AudioCheck,1773437643,1,0,0
putqe1fs,399,rhsse7ps,3,presurvey,Demographics,1773437655,1,0,0
putqe1fs,62,ri1610fe,10,presurvey,ExperimentInstruction,1773437661,1,0,0
putqe1fs,63,1akhmtot,6,presurvey,TrainingNeighbor_1,1773437672,1,0,0
putqe1fs,63,1akhmtot,7,presurvey,TrainingNeighbor_2,1773437678,1,0,0
putqe1fs,399,rhsse7ps,4,presurvey,NeighborhoodInstruction,1773437685,1,0,0
putqe1fs,63,1akhmtot,10,presurvey,ExperimentInstruction,1773437692,1,0,0
putqe1fs,399,rhsse7ps,5,presurvey,Training,1773437700,1,0,0
putqe1fs,62,ri1610fe,11,presurvey,Scenario,1773437724,1,0,0
putqe1fs,59,3f9r0x4d,6,presurvey,TrainingNeighbor_1,1773437728,1,0,0
putqe1fs,399,rhsse7ps,6,presurvey,TrainingNeighbor_1,1773437728,1,0,0
putqe1fs,63,1akhmtot,11,presurvey,Scenario,1773437730,1,0,0
putqe1fs,399,rhsse7ps,10,presurvey,ExperimentInstruction,1773437731,1,0,0
putqe1fs,63,1akhmtot,12,presurvey,Commitment,1773437781,1,0,0
putqe1fs,59,3f9r0x4d,10,presurvey,ExperimentInstruction,1773437803,1,0,0
putqe1fs,59,3f9r0x4d,11,presurvey,Scenario,1773437845,1,0,0
putqe1fs,64,wukq9rsf,0,,InitializeParticipant,1773437879,1,0,0
putqe1fs,64,wukq9rsf,1,presurvey,Introduction,1773437893,1,0,0
putqe1fs,64,wukq9rsf,2,presurvey,AudioCheck,1773437913,1,0,0
putqe1fs,399,rhsse7ps,11,presurvey,Scenario,1773437922,1,0,0
putqe1fs,64,wukq9rsf,3,presurvey,Demographics,1773437935,1,0,0
putqe1fs,399,rhsse7ps,12,presurvey,Commitment,1773437936,1,0,0
putqe1fs,54,awmkp8hu,13,mock_N08_N04_Aonly,GroupingWaitPage,1773437936,1,0,1
putqe1fs,399,rhsse7ps,13,mock_N08_N04_Aonly,GroupingWaitPage,1773437936,1,0,1
putqe1fs,57,qrwgsviq,13,mock_N08_N04_Aonly,GroupingWaitPage,1773437936,1,0,1
putqe1fs,58,oi71jxa2,13,mock_N08_N04_Aonly,GroupingWaitPage,1773437936,1,0,1
putqe1fs,59,3f9r0x4d,12,presurvey,Commitment,1773437937,1,0,0
putqe1fs,54,awmkp8hu,14,mock_N08_N04_Aonly,GroupSizeWaitPage,1773437937,1,0,1
putqe1fs,399,rhsse7ps,14,mock_N08_N04_Aonly,GroupSizeWaitPage,1773437937,1,0,1
putqe1fs,57,qrwgsviq,14,mock_N08_N04_Aonly,GroupSizeWaitPage,1773437937,1,0,1
putqe1fs,58,oi71jxa2,14,mock_N08_N04_Aonly,GroupSizeWaitPage,1773437937,1,0,1
putqe1fs,54,awmkp8hu,16,mock_N08_N04_Aonly,DiscussionGRPWaitPage,1773437937,1,0,1
putqe1fs,399,rhsse7ps,16,mock_N08_N04_Aonly,DiscussionGRPWaitPage,1773437937,1,0,1
putqe1fs,57,qrwgsviq,16,mock_N08_N04_Aonly,DiscussionGRPWaitPage,1773437937,1,0,1
putqe1fs,58,oi71jxa2,16,mock_N08_N04_Aonly,DiscussionGRPWaitPage,1773437937,1,0,1
putqe1fs,399,rhsse7ps,17,mock_N08_N04_Aonly,Nudge,1773437947,1,0,0
putqe1fs,64,wukq9rsf,4,presurvey,NeighborhoodInstruction,1773437952,1,0,0
putqe1fs,57,qrwgsviq,17,mock_N08_N04_Aonly,Nudge,1773437960,1,0,0
putqe1fs,58,oi71jxa2,17,mock_N08_N04_Aonly,Nudge,1773437961,1,0,0
putqe1fs,58,oi71jxa2,18,mock_N08_N04_Aonly,NudgeTraining,1773437969,1,0,0
putqe1fs,64,wukq9rsf,5,presurvey,Training,1773437971,1,0,0
putqe1fs,54,awmkp8hu,17,mock_N08_N04_Aonly,Nudge,1773437973,1,0,0
putqe1fs,399,rhsse7ps,18,mock_N08_N04_Aonly,NudgeTraining,1773437973,1,0,0
putqe1fs,58,oi71jxa2,19,mock_N08_N04_Aonly,NudgeTrainingLast,1773437974,1,0,0
putqe1fs,57,qrwgsviq,18,mock_N08_N04_Aonly,NudgeTraining,1773437976,1,0,0
putqe1fs,54,awmkp8hu,18,mock_N08_N04_Aonly,NudgeTraining,1773437979,1,0,0
putqe1fs,399,rhsse7ps,19,mock_N08_N04_Aonly,NudgeTrainingLast,1773437981,1,0,0
putqe1fs,54,awmkp8hu,19,mock_N08_N04_Aonly,NudgeTrainingLast,1773437981,1,0,0
putqe1fs,57,qrwgsviq,19,mock_N08_N04_Aonly,NudgeTrainingLast,1773437985,1,0,0
putqe1fs,399,rhsse7ps,20,mock_N08_N04_Aonly,Phase3,1773437987,1,0,0
putqe1fs,58,oi71jxa2,20,mock_N08_N04_Aonly,Phase3,1773437988,1,0,0
putqe1fs,58,oi71jxa2,21,mock_N08_N04_Aonly,Discussion,1773437995,1,0,0
putqe1fs,399,rhsse7ps,21,mock_N08_N04_Aonly,Discussion,1773437996,1,0,0
putqe1fs,57,qrwgsviq,20,mock_N08_N04_Aonly,Phase3,1773437997,1,0,0
putqe1fs,64,wukq9rsf,6,presurvey,TrainingNeighbor_1,1773438013,1,0,0
putqe1fs,57,qrwgsviq,21,mock_N08_N04_Aonly,Discussion,1773438016,1,0,0
putqe1fs,64,wukq9rsf,10,presurvey,ExperimentInstruction,1773438016,1,0,0
putqe1fs,54,awmkp8hu,20,mock_N08_N04_Aonly,Phase3,1773438018,1,0,0
putqe1fs,54,awmkp8hu,21,mock_N08_N04_Aonly,Discussion,1773438026,1,0,0
putqe1fs,57,qrwgsviq,27,mock_N08_N04_Aonly,DiscussionGRPWaitPage,1773438027,2,0,1
putqe1fs,399,rhsse7ps,27,mock_N08_N04_Aonly,DiscussionGRPWaitPage,1773438027,2,0,1
putqe1fs,54,awmkp8hu,27,mock_N08_N04_Aonly,DiscussionGRPWaitPage,1773438027,2,0,1
putqe1fs,58,oi71jxa2,27,mock_N08_N04_Aonly,DiscussionGRPWaitPage,1773438027,2,0,1
putqe1fs,399,rhsse7ps,32,mock_N08_N04_Aonly,Discussion,1773438031,2,0,0
putqe1fs,58,oi71jxa2,32,mock_N08_N04_Aonly,Discussion,1773438033,2,0,0
putqe1fs,57,qrwgsviq,32,mock_N08_N04_Aonly,Discussion,1773438037,2,0,0
putqe1fs,64,wukq9rsf,11,presurvey,Scenario,1773438037,1,0,0
putqe1fs,54,awmkp8hu,32,mock_N08_N04_Aonly,Discussion,1773438040,2,0,0
putqe1fs,57,qrwgsviq,38,mock_N08_N04_Aonly,DiscussionGRPWaitPage,1773438040,3,0,1
putqe1fs,54,awmkp8hu,38,mock_N08_N04_Aonly,DiscussionGRPWaitPage,1773438040,3,0,1
putqe1fs,58,oi71jxa2,38,mock_N08_N04_Aonly,DiscussionGRPWaitPage,1773438040,3,0,1
putqe1fs,399,rhsse7ps,38,mock_N08_N04_Aonly,DiscussionGRPWaitPage,1773438040,3,0,1
putqe1fs,399,rhsse7ps,43,mock_N08_N04_Aonly,Discussion,1773438045,3,0,0
putqe1fs,58,oi71jxa2,43,mock_N08_N04_Aonly,Discussion,1773438047,3,0,0
putqe1fs,54,awmkp8hu,43,mock_N08_N04_Aonly,Discussion,1773438049,3,0,0
putqe1fs,57,qrwgsviq,43,mock_N08_N04_Aonly,Discussion,1773438059,3,0,0
putqe1fs,54,awmkp8hu,49,mock_N08_N04_Aonly,DiscussionGRPWaitPage,1773438059,4,0,1
putqe1fs,399,rhsse7ps,49,mock_N08_N04_Aonly,DiscussionGRPWaitPage,1773438059,4,0,1
putqe1fs,57,qrwgsviq,49,mock_N08_N04_Aonly,DiscussionGRPWaitPage,1773438059,4,0,1
putqe1fs,58,oi71jxa2,49,mock_N08_N04_Aonly,DiscussionGRPWaitPage,1773438059,4,0,1
putqe1fs,58,oi71jxa2,54,mock_N08_N04_Aonly,Discussion,1773438063,4,0,0
putqe1fs,399,rhsse7ps,54,mock_N08_N04_Aonly,Discussion,1773438064,4,0,0
putqe1fs,57,qrwgsviq,54,mock_N08_N04_Aonly,Discussion,1773438065,4,0,0
putqe1fs,54,awmkp8hu,54,mock_N08_N04_Aonly,Discussion,1773438066,4,0,0
putqe1fs,57,qrwgsviq,60,mock_N08_N04_Aonly,DiscussionGRPWaitPage,1773438066,5,0,1
putqe1fs,399,rhsse7ps,60,mock_N08_N04_Aonly,DiscussionGRPWaitPage,1773438066,5,0,1
putqe1fs,54,awmkp8hu,60,mock_N08_N04_Aonly,DiscussionGRPWaitPage,1773438066,5,0,1
putqe1fs,58,oi71jxa2,60,mock_N08_N04_Aonly,DiscussionGRPWaitPage,1773438066,5,0,1
putqe1fs,399,rhsse7ps,65,mock_N08_N04_Aonly,Discussion,1773438069,5,0,0
putqe1fs,58,oi71jxa2,65,mock_N08_N04_Aonly,Discussion,1773438070,5,0,0
putqe1fs,57,qrwgsviq,65,mock_N08_N04_Aonly,Discussion,1773438071,5,0,0
putqe1fs,54,awmkp8hu,65,mock_N08_N04_Aonly,Discussion,1773438074,5,0,0
putqe1fs,57,qrwgsviq,71,mock_N08_N04_Aonly,DiscussionGRPWaitPage,1773438074,6,0,1
putqe1fs,399,rhsse7ps,71,mock_N08_N04_Aonly,DiscussionGRPWaitPage,1773438074,6,0,1
putqe1fs,54,awmkp8hu,71,mock_N08_N04_Aonly,DiscussionGRPWaitPage,1773438074,6,0,1
putqe1fs,58,oi71jxa2,71,mock_N08_N04_Aonly,DiscussionGRPWaitPage,1773438074,6,0,1
putqe1fs,399,rhsse7ps,76,mock_N08_N04_Aonly,Discussion,1773438078,6,0,0
putqe1fs,57,qrwgsviq,76,mock_N08_N04_Aonly,Discussion,1773438078,6,0,0
putqe1fs,54,awmkp8hu,76,mock_N08_N04_Aonly,Discussion,1773438080,6,0,0
putqe1fs,58,oi71jxa2,76,mock_N08_N04_Aonly,Discussion,1773438080,6,0,0
putqe1fs,57,qrwgsviq,82,mock_N08_N04_Aonly,DiscussionGRPWaitPage,1773438080,7,0,1
putqe1fs,54,awmkp8hu,82,mock_N08_N04_Aonly,DiscussionGRPWaitPage,1773438080,7,0,1
putqe1fs,58,oi71jxa2,82,mock_N08_N04_Aonly,DiscussionGRPWaitPage,1773438080,7,0,1
putqe1fs,399,rhsse7ps,82,mock_N08_N04_Aonly,DiscussionGRPWaitPage,1773438080,7,0,1
putqe1fs,399,rhsse7ps,87,mock_N08_N04_Aonly,Discussion,1773438082,7,0,0
putqe1fs,57,qrwgsviq,87,mock_N08_N04_Aonly,Discussion,1773438083,7,0,0
putqe1fs,58,oi71jxa2,87,mock_N08_N04_Aonly,Discussion,1773438084,7,0,0
putqe1fs,54,awmkp8hu,87,mock_N08_N04_Aonly,Discussion,1773438089,7,0,0
putqe1fs,54,awmkp8hu,93,mock_N08_N04_Aonly,DiscussionGRPWaitPage,1773438089,8,0,1
putqe1fs,399,rhsse7ps,93,mock_N08_N04_Aonly,DiscussionGRPWaitPage,1773438089,8,0,1
putqe1fs,57,qrwgsviq,93,mock_N08_N04_Aonly,DiscussionGRPWaitPage,1773438089,8,0,1
putqe1fs,58,oi71jxa2,93,mock_N08_N04_Aonly,DiscussionGRPWaitPage,1773438089,8,0,1
putqe1fs,399,rhsse7ps,98,mock_N08_N04_Aonly,Discussion,1773438091,8,0,0
putqe1fs,58,oi71jxa2,98,mock_N08_N04_Aonly,Discussion,1773438091,8,0,0
putqe1fs,57,qrwgsviq,98,mock_N08_N04_Aonly,Discussion,1773438093,8,0,0
putqe1fs,54,awmkp8hu,98,mock_N08_N04_Aonly,Discussion,1773438093,8,0,0
putqe1fs,57,qrwgsviq,104,mock_N08_N04_Aonly,DiscussionGRPWaitPage,1773438093,9,0,1
putqe1fs,399,rhsse7ps,104,mock_N08_N04_Aonly,DiscussionGRPWaitPage,1773438093,9,0,1
putqe1fs,54,awmkp8hu,104,mock_N08_N04_Aonly,DiscussionGRPWaitPage,1773438093,9,0,1
putqe1fs,58,oi71jxa2,104,mock_N08_N04_Aonly,DiscussionGRPWaitPage,1773438093,9,0,1
putqe1fs,58,oi71jxa2,109,mock_N08_N04_Aonly,Discussion,1773438096,9,0,0
putqe1fs,57,qrwgsviq,109,mock_N08_N04_Aonly,Discussion,1773438096,9,0,0
putqe1fs,399,rhsse7ps,109,mock_N08_N04_Aonly,Discussion,1773438099,9,0,0
putqe1fs,54,awmkp8hu,109,mock_N08_N04_Aonly,Discussion,1773438101,9,0,0
putqe1fs,57,qrwgsviq,115,mock_N08_N04_Aonly,DiscussionGRPWaitPage,1773438102,10,0,1
putqe1fs,399,rhsse7ps,115,mock_N08_N04_Aonly,DiscussionGRPWaitPage,1773438102,10,0,1
putqe1fs,54,awmkp8hu,115,mock_N08_N04_Aonly,DiscussionGRPWaitPage,1773438102,10,0,1
putqe1fs,58,oi71jxa2,115,mock_N08_N04_Aonly,DiscussionGRPWaitPage,1773438102,10,0,1
putqe1fs,399,rhsse7ps,120,mock_N08_N04_Aonly,Discussion,1773438104,10,0,0
putqe1fs,58,oi71jxa2,120,mock_N08_N04_Aonly,Discussion,1773438104,10,0,0
putqe1fs,57,qrwgsviq,120,mock_N08_N04_Aonly,Discussion,1773438105,10,0,0
putqe1fs,54,awmkp8hu,120,mock_N08_N04_Aonly,Discussion,1773438108,10,0,0
putqe1fs,57,qrwgsviq,126,mock_N08_N04_Aonly,DiscussionGRPWaitPage,1773438108,11,0,1
putqe1fs,54,awmkp8hu,126,mock_N08_N04_Aonly,DiscussionGRPWaitPage,1773438108,11,0,1
putqe1fs,58,oi71jxa2,126,mock_N08_N04_Aonly,DiscussionGRPWaitPage,1773438108,11,0,1
putqe1fs,399,rhsse7ps,126,mock_N08_N04_Aonly,DiscussionGRPWaitPage,1773438108,11,0,1
putqe1fs,399,rhsse7ps,131,mock_N08_N04_Aonly,Discussion,1773438110,11,0,0
putqe1fs,57,qrwgsviq,131,mock_N08_N04_Aonly,Discussion,1773438110,11,0,0
putqe1fs,58,oi71jxa2,131,mock_N08_N04_Aonly,Discussion,1773438111,11,0,0
putqe1fs,54,awmkp8hu,131,mock_N08_N04_Aonly,Discussion,1773438115,11,0,0
putqe1fs,54,awmkp8hu,137,mock_N08_N04_Aonly,DiscussionGRPWaitPage,1773438115,12,0,1
putqe1fs,399,rhsse7ps,137,mock_N08_N04_Aonly,DiscussionGRPWaitPage,1773438115,12,0,1
putqe1fs,57,qrwgsviq,137,mock_N08_N04_Aonly,DiscussionGRPWaitPage,1773438115,12,0,1
putqe1fs,58,oi71jxa2,137,mock_N08_N04_Aonly,DiscussionGRPWaitPage,1773438115,12,0,1
putqe1fs,399,rhsse7ps,142,mock_N08_N04_Aonly,Discussion,1773438117,12,0,0
putqe1fs,57,qrwgsviq,142,mock_N08_N04_Aonly,Discussion,1773438118,12,0,0
putqe1fs,58,oi71jxa2,142,mock_N08_N04_Aonly,Discussion,1773438118,12,0,0
putqe1fs,54,awmkp8hu,142,mock_N08_N04_Aonly,Discussion,1773438119,12,0,0
putqe1fs,57,qrwgsviq,148,mock_N08_N04_Aonly,DiscussionGRPWaitPage,1773438119,13,0,1
putqe1fs,399,rhsse7ps,148,mock_N08_N04_Aonly,DiscussionGRPWaitPage,1773438119,13,0,1
putqe1fs,54,awmkp8hu,148,mock_N08_N04_Aonly,DiscussionGRPWaitPage,1773438119,13,0,1
putqe1fs,58,oi71jxa2,148,mock_N08_N04_Aonly,DiscussionGRPWaitPage,1773438119,13,0,1
putqe1fs,399,rhsse7ps,153,mock_N08_N04_Aonly,Discussion,1773438121,13,0,0
putqe1fs,57,qrwgsviq,153,mock_N08_N04_Aonly,Discussion,1773438122,13,0,0
putqe1fs,58,oi71jxa2,153,mock_N08_N04_Aonly,Discussion,1773438122,13,0,0
putqe1fs,54,awmkp8hu,153,mock_N08_N04_Aonly,Discussion,1773438123,13,0,0
putqe1fs,57,qrwgsviq,159,mock_N08_N04_Aonly,DiscussionGRPWaitPage,1773438124,14,0,1
putqe1fs,399,rhsse7ps,159,mock_N08_N04_Aonly,DiscussionGRPWaitPage,1773438124,14,0,1
putqe1fs,58,oi71jxa2,159,mock_N08_N04_Aonly,DiscussionGRPWaitPage,1773438124,14,0,1
putqe1fs,54,awmkp8hu,159,mock_N08_N04_Aonly,DiscussionGRPWaitPage,1773438124,14,0,1
putqe1fs,399,rhsse7ps,164,mock_N08_N04_Aonly,Discussion,1773438125,14,0,0
putqe1fs,57,qrwgsviq,164,mock_N08_N04_Aonly,Discussion,1773438126,14,0,0
putqe1fs,54,awmkp8hu,164,mock_N08_N04_Aonly,Discussion,1773438126,14,0,0
putqe1fs,58,oi71jxa2,164,mock_N08_N04_Aonly,Discussion,1773438128,14,0,0
putqe1fs,57,qrwgsviq,170,mock_N08_N04_Aonly,DiscussionGRPWaitPage,1773438128,15,0,1
putqe1fs,399,rhsse7ps,170,mock_N08_N04_Aonly,DiscussionGRPWaitPage,1773438128,15,0,1
putqe1fs,58,oi71jxa2,170,mock_N08_N04_Aonly,DiscussionGRPWaitPage,1773438128,15,0,1
putqe1fs,54,awmkp8hu,170,mock_N08_N04_Aonly,DiscussionGRPWaitPage,1773438128,15,0,1
putqe1fs,57,qrwgsviq,175,mock_N08_N04_Aonly,Discussion,1773438130,15,0,0
putqe1fs,399,rhsse7ps,175,mock_N08_N04_Aonly,Discussion,1773438131,15,0,0
putqe1fs,54,awmkp8hu,175,mock_N08_N04_Aonly,Discussion,1773438133,15,0,0
putqe1fs,58,oi71jxa2,175,mock_N08_N04_Aonly,Discussion,1773438133,15,0,0
putqe1fs,399,rhsse7ps,181,mock_N08_N04_Aonly,DiscussionGRPWaitPage,1773438133,16,0,1
putqe1fs,57,qrwgsviq,181,mock_N08_N04_Aonly,DiscussionGRPWaitPage,1773438133,16,0,1
putqe1fs,54,awmkp8hu,181,mock_N08_N04_Aonly,DiscussionGRPWaitPage,1773438133,16,0,1
putqe1fs,58,oi71jxa2,181,mock_N08_N04_Aonly,DiscussionGRPWaitPage,1773438133,16,0,1
putqe1fs,399,rhsse7ps,186,mock_N08_N04_Aonly,Discussion,1773438135,16,0,0
putqe1fs,54,awmkp8hu,186,mock_N08_N04_Aonly,Discussion,1773438136,16,0,0
putqe1fs,58,oi71jxa2,186,mock_N08_N04_Aonly,Discussion,1773438136,16,0,0
putqe1fs,57,qrwgsviq,186,mock_N08_N04_Aonly,Discussion,1773438136,16,0,0
putqe1fs,57,qrwgsviq,192,mock_N08_N04_Aonly,DiscussionGRPWaitPage,1773438136,17,0,1
putqe1fs,399,rhsse7ps,192,mock_N08_N04_Aonly,DiscussionGRPWaitPage,1773438136,17,0,1
putqe1fs,54,awmkp8hu,192,mock_N08_N04_Aonly,DiscussionGRPWaitPage,1773438136,17,0,1
putqe1fs,58,oi71jxa2,192,mock_N08_N04_Aonly,DiscussionGRPWaitPage,1773438136,17,0,1
putqe1fs,58,oi71jxa2,197,mock_N08_N04_Aonly,Discussion,1773438139,17,0,0
putqe1fs,57,qrwgsviq,197,mock_N08_N04_Aonly,Discussion,1773438139,17,0,0
putqe1fs,54,awmkp8hu,197,mock_N08_N04_Aonly,Discussion,1773438139,17,0,0
putqe1fs,65,x5ngkupp,0,,InitializeParticipant,1773438143,1,0,0
putqe1fs,399,rhsse7ps,197,mock_N08_N04_Aonly,Discussion,1773438144,17,0,0
putqe1fs,57,qrwgsviq,203,mock_N08_N04_Aonly,DiscussionGRPWaitPage,1773438144,18,0,1
putqe1fs,399,rhsse7ps,203,mock_N08_N04_Aonly,DiscussionGRPWaitPage,1773438144,18,0,1
putqe1fs,54,awmkp8hu,203,mock_N08_N04_Aonly,DiscussionGRPWaitPage,1773438144,18,0,1
putqe1fs,58,oi71jxa2,203,mock_N08_N04_Aonly,DiscussionGRPWaitPage,1773438144,18,0,1
putqe1fs,399,rhsse7ps,208,mock_N08_N04_Aonly,Discussion,1773438146,18,0,0
putqe1fs,58,oi71jxa2,208,mock_N08_N04_Aonly,Discussion,1773438146,18,0,0
putqe1fs,57,qrwgsviq,208,mock_N08_N04_Aonly,Discussion,1773438147,18,0,0
putqe1fs,54,awmkp8hu,208,mock_N08_N04_Aonly,Discussion,1773438147,18,0,0
putqe1fs,399,rhsse7ps,214,mock_N08_N04_Aonly,DiscussionGRPWaitPage,1773438148,19,0,1
putqe1fs,57,qrwgsviq,214,mock_N08_N04_Aonly,DiscussionGRPWaitPage,1773438148,19,0,1
putqe1fs,54,awmkp8hu,214,mock_N08_N04_Aonly,DiscussionGRPWaitPage,1773438148,19,0,1
putqe1fs,58,oi71jxa2,214,mock_N08_N04_Aonly,DiscussionGRPWaitPage,1773438148,19,0,1
putqe1fs,399,rhsse7ps,219,mock_N08_N04_Aonly,Discussion,1773438150,19,0,0
putqe1fs,57,qrwgsviq,219,mock_N08_N04_Aonly,Discussion,1773438150,19,0,0
putqe1fs,58,oi71jxa2,219,mock_N08_N04_Aonly,Discussion,1773438151,19,0,0
putqe1fs,54,awmkp8hu,219,mock_N08_N04_Aonly,Discussion,1773438153,19,0,0
putqe1fs,65,x5ngkupp,1,presurvey,Introduction,1773438153,1,0,0
putqe1fs,399,rhsse7ps,225,mock_N08_N04_Aonly,DiscussionGRPWaitPage,1773438154,20,0,1
putqe1fs,57,qrwgsviq,225,mock_N08_N04_Aonly,DiscussionGRPWaitPage,1773438154,20,0,1
putqe1fs,54,awmkp8hu,225,mock_N08_N04_Aonly,DiscussionGRPWaitPage,1773438154,20,0,1
putqe1fs,58,oi71jxa2,225,mock_N08_N04_Aonly,DiscussionGRPWaitPage,1773438154,20,0,1
putqe1fs,399,rhsse7ps,230,mock_N08_N04_Aonly,Discussion,1773438155,20,0,0
putqe1fs,58,oi71jxa2,230,mock_N08_N04_Aonly,Discussion,1773438157,20,0,0
putqe1fs,57,qrwgsviq,230,mock_N08_N04_Aonly,Discussion,1773438158,20,0,0
putqe1fs,54,awmkp8hu,230,mock_N08_N04_Aonly,Discussion,1773438158,20,0,0
putqe1fs,399,rhsse7ps,231,mock_N08_N04_Aonly,FinalRoundWaitPage,1773438158,20,0,1
putqe1fs,58,oi71jxa2,231,mock_N08_N04_Aonly,FinalRoundWaitPage,1773438158,20,0,1
putqe1fs,57,qrwgsviq,231,mock_N08_N04_Aonly,FinalRoundWaitPage,1773438158,20,0,1
putqe1fs,54,awmkp8hu,231,mock_N08_N04_Aonly,FinalRoundWaitPage,1773438158,20,0,1
putqe1fs,54,awmkp8hu,232,mock_N08_N04_Aonly,FinalRound,1773438161,20,0,0
putqe1fs,399,rhsse7ps,232,mock_N08_N04_Aonly,FinalRound,1773438162,20,0,0
putqe1fs,57,qrwgsviq,232,mock_N08_N04_Aonly,FinalRound,1773438165,20,0,0
putqe1fs,58,oi71jxa2,232,mock_N08_N04_Aonly,FinalRound,1773438168,20,0,0
putqe1fs,65,x5ngkupp,2,presurvey,AudioCheck,1773438185,1,0,0
putqe1fs,65,x5ngkupp,3,presurvey,Demographics,1773438204,1,0,0
putqe1fs,65,x5ngkupp,4,presurvey,NeighborhoodInstruction,1773438219,1,0,0
putqe1fs,65,x5ngkupp,5,presurvey,Training,1773438236,1,0,0
putqe1fs,65,x5ngkupp,6,presurvey,TrainingNeighbor_1,1773438263,1,0,0
putqe1fs,65,x5ngkupp,10,presurvey,ExperimentInstruction,1773438269,1,0,0
putqe1fs,66,rb3y1v7j,0,,InitializeParticipant,1773438284,1,0,0
putqe1fs,66,rb3y1v7j,1,presurvey,Introduction,1773438288,1,0,0
putqe1fs,65,x5ngkupp,11,presurvey,Scenario,1773438291,1,0,0
putqe1fs,65,x5ngkupp,12,presurvey,Commitment,1773438313,1,0,0
putqe1fs,66,rb3y1v7j,2,presurvey,AudioCheck,1773438339,1,0,0
putqe1fs,66,rb3y1v7j,3,presurvey,Demographics,1773438369,1,0,0
putqe1fs,67,nhwnvo7r,0,,InitializeParticipant,1773438439,1,0,0
putqe1fs,68,h7dyiuja,0,,InitializeParticipant,1773438447,1,0,0
putqe1fs,69,9a5r7k6c,0,,InitializeParticipant,1773438455,1,0,0
putqe1fs,67,nhwnvo7r,1,presurvey,Introduction,1773438459,1,0,0
putqe1fs,68,h7dyiuja,1,presurvey,Introduction,1773438462,1,0,0
putqe1fs,69,9a5r7k6c,1,presurvey,Introduction,1773438462,1,0,0
putqe1fs,68,h7dyiuja,2,presurvey,AudioCheck,1773438485,1,0,0
putqe1fs,67,nhwnvo7r,2,presurvey,AudioCheck,1773438494,1,0,0
putqe1fs,69,9a5r7k6c,2,presurvey,AudioCheck,1773438495,1,0,0
putqe1fs,68,h7dyiuja,3,presurvey,Demographics,1773438497,1,0,0
putqe1fs,67,nhwnvo7r,3,presurvey,Demographics,1773438509,1,0,0
putqe1fs,70,nciw93i9,0,,InitializeParticipant,1773438511,1,0,0
putqe1fs,69,9a5r7k6c,3,presurvey,Demographics,1773438515,1,0,0
putqe1fs,68,h7dyiuja,4,presurvey,NeighborhoodInstruction,1773438519,1,0,0
putqe1fs,67,nhwnvo7r,4,presurvey,NeighborhoodInstruction,1773438522,1,0,0
putqe1fs,69,9a5r7k6c,4,presurvey,NeighborhoodInstruction,1773438531,1,0,0
putqe1fs,67,nhwnvo7r,5,presurvey,Training,1773438542,1,0,0
putqe1fs,69,9a5r7k6c,5,presurvey,Training,1773438551,1,0,0
putqe1fs,68,h7dyiuja,5,presurvey,Training,1773438558,1,0,0
putqe1fs,67,nhwnvo7r,6,presurvey,TrainingNeighbor_1,1773438567,1,0,0
putqe1fs,67,nhwnvo7r,10,presurvey,ExperimentInstruction,1773438572,1,0,0
putqe1fs,69,9a5r7k6c,6,presurvey,TrainingNeighbor_1,1773438579,1,0,0
putqe1fs,70,nciw93i9,1,presurvey,Introduction,1773438587,1,0,0
putqe1fs,69,9a5r7k6c,10,presurvey,ExperimentInstruction,1773438588,1,0,0
putqe1fs,70,nciw93i9,2,presurvey,AudioCheck,1773438598,1,0,0
putqe1fs,67,nhwnvo7r,11,presurvey,Scenario,1773438599,1,0,0
putqe1fs,68,h7dyiuja,6,presurvey,TrainingNeighbor_1,1773438603,1,0,0
putqe1fs,70,nciw93i9,3,presurvey,Demographics,1773438605,1,0,0
putqe1fs,70,nciw93i9,4,presurvey,NeighborhoodInstruction,1773438607,1,0,0
putqe1fs,68,h7dyiuja,10,presurvey,ExperimentInstruction,1773438608,1,0,0
putqe1fs,69,9a5r7k6c,11,presurvey,Scenario,1773438612,1,0,0
putqe1fs,70,nciw93i9,5,presurvey,Training,1773438622,1,0,0
putqe1fs,67,nhwnvo7r,12,presurvey,Commitment,1773438626,1,0,0
putqe1fs,70,nciw93i9,6,presurvey,TrainingNeighbor_1,1773438627,1,0,0
putqe1fs,68,h7dyiuja,11,presurvey,Scenario,1773438637,1,0,0
putqe1fs,71,13rgbyih,0,,InitializeParticipant,1773438641,1,0,0
putqe1fs,66,rb3y1v7j,4,presurvey,NeighborhoodInstruction,1773438643,1,0,0
putqe1fs,71,13rgbyih,1,presurvey,Introduction,1773438655,1,0,0
putqe1fs,71,13rgbyih,2,presurvey,AudioCheck,1773438686,1,0,0
putqe1fs,71,13rgbyih,3,presurvey,Demographics,1773438701,1,0,0
putqe1fs,71,13rgbyih,4,presurvey,NeighborhoodInstruction,1773438738,1,0,0
putqe1fs,70,nciw93i9,7,presurvey,TrainingNeighbor_2,1773438742,1,0,0
putqe1fs,70,nciw93i9,10,presurvey,ExperimentInstruction,1773438743,1,0,0
putqe1fs,70,nciw93i9,11,presurvey,Scenario,1773438752,1,0,0
putqe1fs,72,6jzar97k,0,,InitializeParticipant,1773438752,1,0,0
putqe1fs,70,nciw93i9,12,presurvey,Commitment,1773438759,1,0,0
putqe1fs,72,6jzar97k,1,presurvey,Introduction,1773438778,1,0,0
putqe1fs,71,13rgbyih,5,presurvey,Training,1773438785,1,0,0
putqe1fs,66,rb3y1v7j,5,presurvey,Training,1773438797,1,0,0
putqe1fs,72,6jzar97k,2,presurvey,AudioCheck,1773438814,1,0,0
putqe1fs,72,6jzar97k,3,presurvey,Demographics,1773438833,1,0,0
putqe1fs,71,13rgbyih,6,presurvey,TrainingNeighbor_1,1773438848,1,0,0
putqe1fs,71,13rgbyih,7,presurvey,TrainingNeighbor_2,1773438880,1,0,0
putqe1fs,73,d3mzsq6t,0,,InitializeParticipant,1773438894,1,0,0
putqe1fs,71,13rgbyih,10,presurvey,ExperimentInstruction,1773438898,1,0,0
putqe1fs,73,d3mzsq6t,1,presurvey,Introduction,1773438900,1,0,0
putqe1fs,73,d3mzsq6t,2,presurvey,AudioCheck,1773438910,1,0,0
putqe1fs,72,6jzar97k,4,presurvey,NeighborhoodInstruction,1773438919,1,0,0
putqe1fs,73,d3mzsq6t,3,presurvey,Demographics,1773438920,1,0,0
putqe1fs,73,d3mzsq6t,4,presurvey,NeighborhoodInstruction,1773438926,1,0,0
putqe1fs,66,rb3y1v7j,6,presurvey,TrainingNeighbor_1,1773438931,1,0,0
putqe1fs,73,d3mzsq6t,5,presurvey,Training,1773438941,1,0,0
putqe1fs,73,d3mzsq6t,6,presurvey,TrainingNeighbor_1,1773438954,1,0,0
putqe1fs,73,d3mzsq6t,10,presurvey,ExperimentInstruction,1773438962,1,0,0
putqe1fs,73,d3mzsq6t,11,presurvey,Scenario,1773438979,1,0,0
putqe1fs,71,13rgbyih,11,presurvey,Scenario,1773438980,1,0,0
putqe1fs,72,6jzar97k,5,presurvey,Training,1773438984,1,0,0
putqe1fs,73,d3mzsq6t,12,presurvey,Commitment,1773438994,1,0,0
putqe1fs,74,gvaxzvg8,0,,InitializeParticipant,1773439039,1,0,0
putqe1fs,75,ieg31045,0,,InitializeParticipant,1773439045,1,0,0
putqe1fs,74,gvaxzvg8,1,presurvey,Introduction,1773439056,1,0,0
putqe1fs,74,gvaxzvg8,2,presurvey,AudioCheck,1773439069,1,0,0
putqe1fs,59,3f9r0x4d,13,mock_N08_N04_Aonly,GroupingWaitPage,1773439078,1,0,1
putqe1fs,74,gvaxzvg8,3,presurvey,Demographics,1773439078,1,0,0
putqe1fs,59,3f9r0x4d,14,mock_N08_N04_Aonly,GroupSizeWaitPage,1773439079,1,0,1
putqe1fs,72,6jzar97k,6,presurvey,TrainingNeighbor_1,1773439083,1,0,0
putqe1fs,59,3f9r0x4d,15,mock_N08_N04_Aonly,AttentionCheck,1773439084,1,0,0
putqe1fs,66,rb3y1v7j,10,presurvey,ExperimentInstruction,1773439091,1,0,0
putqe1fs,76,d9rdjvht,0,,InitializeParticipant,1773439092,1,0,0
putqe1fs,76,d9rdjvht,1,presurvey,Introduction,1773439098,1,0,0
putqe1fs,72,6jzar97k,10,presurvey,ExperimentInstruction,1773439105,1,0,0
putqe1fs,75,ieg31045,1,presurvey,Introduction,1773439112,1,0,0
putqe1fs,74,gvaxzvg8,4,presurvey,NeighborhoodInstruction,1773439124,1,0,0
putqe1fs,76,d9rdjvht,2,presurvey,AudioCheck,1773439127,1,0,0
putqe1fs,76,d9rdjvht,3,presurvey,Demographics,1773439140,1,0,0
putqe1fs,75,ieg31045,2,presurvey,AudioCheck,1773439145,1,0,0
putqe1fs,76,d9rdjvht,4,presurvey,NeighborhoodInstruction,1773439149,1,0,0
putqe1fs,74,gvaxzvg8,5,presurvey,Training,1773439156,1,0,0
putqe1fs,66,rb3y1v7j,11,presurvey,Scenario,1773439160,1,0,0
putqe1fs,75,ieg31045,3,presurvey,Demographics,1773439166,1,0,0
putqe1fs,77,6le7qo5d,0,,InitializeParticipant,1773439168,1,0,0
putqe1fs,77,6le7qo5d,1,presurvey,Introduction,1773439172,1,0,0
putqe1fs,72,6jzar97k,11,presurvey,Scenario,1773439173,1,0,0
putqe1fs,74,gvaxzvg8,6,presurvey,TrainingNeighbor_1,1773439183,1,0,0
putqe1fs,75,ieg31045,4,presurvey,NeighborhoodInstruction,1773439185,1,0,0
putqe1fs,77,6le7qo5d,2,presurvey,AudioCheck,1773439190,1,0,0
putqe1fs,74,gvaxzvg8,10,presurvey,ExperimentInstruction,1773439193,1,0,0
putqe1fs,77,6le7qo5d,3,presurvey,Demographics,1773439210,1,0,0
putqe1fs,74,gvaxzvg8,11,presurvey,Scenario,1773439226,1,0,0
putqe1fs,75,ieg31045,5,presurvey,Training,1773439230,1,0,0
putqe1fs,77,6le7qo5d,4,presurvey,NeighborhoodInstruction,1773439239,1,0,0
putqe1fs,72,6jzar97k,12,presurvey,Commitment,1773439253,1,0,0
putqe1fs,77,6le7qo5d,5,presurvey,Training,1773439268,1,0,0
putqe1fs,75,ieg31045,6,presurvey,TrainingNeighbor_1,1773439276,1,0,0
putqe1fs,75,ieg31045,7,presurvey,TrainingNeighbor_2,1773439287,1,0,0
putqe1fs,75,ieg31045,10,presurvey,ExperimentInstruction,1773439296,1,0,0
putqe1fs,78,wrezmi48,0,,InitializeParticipant,1773439298,1,0,0
putqe1fs,77,6le7qo5d,6,presurvey,TrainingNeighbor_1,1773439305,1,0,0
putqe1fs,77,6le7qo5d,10,presurvey,ExperimentInstruction,1773439310,1,0,0
putqe1fs,78,wrezmi48,1,presurvey,Introduction,1773439322,1,0,0
putqe1fs,78,wrezmi48,2,presurvey,AudioCheck,1773439343,1,0,0
putqe1fs,75,ieg31045,11,presurvey,Scenario,1773439346,1,0,0
putqe1fs,77,6le7qo5d,11,presurvey,Scenario,1773439351,1,0,0
putqe1fs,78,wrezmi48,3,presurvey,Demographics,1773439360,1,0,0
putqe1fs,66,rb3y1v7j,12,presurvey,Commitment,1773439375,1,0,0
putqe1fs,78,wrezmi48,4,presurvey,NeighborhoodInstruction,1773439389,1,0,0
putqe1fs,77,6le7qo5d,12,presurvey,Commitment,1773439396,1,0,0
putqe1fs,78,wrezmi48,5,presurvey,Training,1773439404,1,0,0
putqe1fs,75,ieg31045,12,presurvey,Commitment,1773439437,1,0,0
putqe1fs,78,wrezmi48,6,presurvey,TrainingNeighbor_1,1773439451,1,0,0
putqe1fs,65,x5ngkupp,13,mock_N08_N04_Aonly,GroupingWaitPage,1773439455,1,0,1
putqe1fs,65,x5ngkupp,14,mock_N08_N04_Aonly,GroupSizeWaitPage,1773439456,1,0,1
putqe1fs,78,wrezmi48,7,presurvey,TrainingNeighbor_2,1773439460,1,0,0
putqe1fs,79,5tx5760k,0,,InitializeParticipant,1773439463,1,0,0
putqe1fs,80,cfiwamkb,0,,InitializeParticipant,1773439464,1,0,0
putqe1fs,79,5tx5760k,1,presurvey,Introduction,1773439467,1,0,0
putqe1fs,65,x5ngkupp,15,mock_N08_N04_Aonly,AttentionCheck,1773439467,1,0,0
putqe1fs,79,5tx5760k,2,presurvey,AudioCheck,1773439483,1,0,0
putqe1fs,78,wrezmi48,10,presurvey,ExperimentInstruction,1773439484,1,0,0
putqe1fs,81,dpvip2ea,0,,InitializeParticipant,1773439493,1,0,0
putqe1fs,79,5tx5760k,3,presurvey,Demographics,1773439493,1,0,0
putqe1fs,81,dpvip2ea,1,presurvey,Introduction,1773439499,1,0,0
putqe1fs,79,5tx5760k,4,presurvey,NeighborhoodInstruction,1773439504,1,0,0
putqe1fs,81,dpvip2ea,2,presurvey,AudioCheck,1773439517,1,0,0
putqe1fs,79,5tx5760k,5,presurvey,Training,1773439523,1,0,0
putqe1fs,81,dpvip2ea,3,presurvey,Demographics,1773439530,1,0,0
putqe1fs,81,dpvip2ea,4,presurvey,NeighborhoodInstruction,1773439535,1,0,0
putqe1fs,78,wrezmi48,11,presurvey,Scenario,1773439535,1,0,0
putqe1fs,79,5tx5760k,6,presurvey,TrainingNeighbor_1,1773439543,1,0,0
putqe1fs,81,dpvip2ea,5,presurvey,Training,1773439544,1,0,0
putqe1fs,79,5tx5760k,10,presurvey,ExperimentInstruction,1773439547,1,0,0
putqe1fs,81,dpvip2ea,6,presurvey,TrainingNeighbor_1,1773439564,1,0,0
putqe1fs,79,5tx5760k,11,presurvey,Scenario,1773439567,1,0,0
putqe1fs,81,dpvip2ea,7,presurvey,TrainingNeighbor_2,1773439590,1,0,0
putqe1fs,81,dpvip2ea,10,presurvey,ExperimentInstruction,1773439594,1,0,0
putqe1fs,81,dpvip2ea,11,presurvey,Scenario,1773439617,1,0,0
putqe1fs,67,nhwnvo7r,13,mock_N08_N04_Aonly,GroupingWaitPage,1773439771,1,0,1
putqe1fs,67,nhwnvo7r,14,mock_N08_N04_Aonly,GroupSizeWaitPage,1773439771,1,0,1
putqe1fs,67,nhwnvo7r,15,mock_N08_N04_Aonly,AttentionCheck,1773439780,1,0,0
putqe1fs,82,ybwcvl4i,0,,InitializeParticipant,1773439794,1,0,0
putqe1fs,82,ybwcvl4i,1,presurvey,Introduction,1773439798,1,0,0
putqe1fs,82,ybwcvl4i,2,presurvey,AudioCheck,1773439811,1,0,0
putqe1fs,82,ybwcvl4i,3,presurvey,Demographics,1773439822,1,0,0
putqe1fs,82,ybwcvl4i,4,presurvey,NeighborhoodInstruction,1773439832,1,0,0
putqe1fs,82,ybwcvl4i,5,presurvey,Training,1773439847,1,0,0
putqe1fs,82,ybwcvl4i,6,presurvey,TrainingNeighbor_1,1773439885,1,0,0
putqe1fs,82,ybwcvl4i,7,presurvey,TrainingNeighbor_2,1773439889,1,0,0
putqe1fs,82,ybwcvl4i,10,presurvey,ExperimentInstruction,1773439894,1,0,0
putqe1fs,82,ybwcvl4i,11,presurvey,Scenario,1773439927,1,0,0
putqe1fs,83,xnujsvax,0,,InitializeParticipant,1773439951,1,0,0
putqe1fs,82,ybwcvl4i,12,presurvey,Commitment,1773439972,1,0,0
putqe1fs,84,t5k28875,0,,InitializeParticipant,1773439997,1,0,0
putqe1fs,84,t5k28875,1,presurvey,Introduction,1773440001,1,0,0
putqe1fs,83,xnujsvax,1,presurvey,Introduction,1773440005,1,0,0
putqe1fs,84,t5k28875,2,presurvey,AudioCheck,1773440015,1,0,0
putqe1fs,84,t5k28875,3,presurvey,Demographics,1773440025,1,0,0
putqe1fs,84,t5k28875,4,presurvey,NeighborhoodInstruction,1773440028,1,0,0
putqe1fs,85,vxip3w9q,0,,InitializeParticipant,1773440037,1,0,0
putqe1fs,85,vxip3w9q,1,presurvey,Introduction,1773440048,1,0,0
putqe1fs,84,t5k28875,5,presurvey,Training,1773440060,1,0,0
putqe1fs,83,xnujsvax,2,presurvey,AudioCheck,1773440073,1,0,0
putqe1fs,85,vxip3w9q,2,presurvey,AudioCheck,1773440080,1,0,0
putqe1fs,84,t5k28875,6,presurvey,TrainingNeighbor_1,1773440082,1,0,0
putqe1fs,85,vxip3w9q,3,presurvey,Demographics,1773440099,1,0,0
putqe1fs,84,t5k28875,10,presurvey,ExperimentInstruction,1773440108,1,0,0
putqe1fs,85,vxip3w9q,4,presurvey,NeighborhoodInstruction,1773440114,1,0,0
putqe1fs,84,t5k28875,11,presurvey,Scenario,1773440124,1,0,0
putqe1fs,73,d3mzsq6t,13,mock_N08_N04_Aonly,GroupingWaitPage,1773440135,1,0,1
putqe1fs,73,d3mzsq6t,14,mock_N08_N04_Aonly,GroupSizeWaitPage,1773440136,1,0,1
putqe1fs,85,vxip3w9q,5,presurvey,Training,1773440136,1,0,0
putqe1fs,83,xnujsvax,3,presurvey,Demographics,1773440140,1,0,0
putqe1fs,73,d3mzsq6t,15,mock_N08_N04_Aonly,AttentionCheck,1773440142,1,0,0
putqe1fs,86,v0c2xvzb,0,,InitializeParticipant,1773440152,1,0,0
putqe1fs,86,v0c2xvzb,1,presurvey,Introduction,1773440158,1,0,0
putqe1fs,84,t5k28875,12,presurvey,Commitment,1773440162,1,0,0
putqe1fs,85,vxip3w9q,6,presurvey,TrainingNeighbor_1,1773440166,1,0,0
putqe1fs,85,vxip3w9q,10,presurvey,ExperimentInstruction,1773440174,1,0,0
putqe1fs,86,v0c2xvzb,2,presurvey,AudioCheck,1773440195,1,0,0
putqe1fs,85,vxip3w9q,11,presurvey,Scenario,1773440199,1,0,0
putqe1fs,85,vxip3w9q,12,presurvey,Commitment,1773440229,1,0,0
putqe1fs,83,xnujsvax,4,presurvey,NeighborhoodInstruction,1773440238,1,0,0
putqe1fs,87,vwbmc8dz,0,,InitializeParticipant,1773440301,1,0,0
putqe1fs,87,vwbmc8dz,1,presurvey,Introduction,1773440308,1,0,0
putqe1fs,87,vwbmc8dz,2,presurvey,AudioCheck,1773440324,1,0,0
putqe1fs,87,vwbmc8dz,3,presurvey,Demographics,1773440344,1,0,0
putqe1fs,88,5jthjneu,0,,InitializeParticipant,1773440347,1,0,0
putqe1fs,87,vwbmc8dz,4,presurvey,NeighborhoodInstruction,1773440362,1,0,0
putqe1fs,87,vwbmc8dz,5,presurvey,Training,1773440379,1,0,0
putqe1fs,88,5jthjneu,1,presurvey,Introduction,1773440390,1,0,0
putqe1fs,87,vwbmc8dz,6,presurvey,TrainingNeighbor_1,1773440408,1,0,0
putqe1fs,88,5jthjneu,2,presurvey,AudioCheck,1773440416,1,0,0
putqe1fs,87,vwbmc8dz,7,presurvey,TrainingNeighbor_2,1773440420,1,0,0
putqe1fs,87,vwbmc8dz,10,presurvey,ExperimentInstruction,1773440426,1,0,0
putqe1fs,88,5jthjneu,3,presurvey,Demographics,1773440427,1,0,0
putqe1fs,87,vwbmc8dz,11,presurvey,Scenario,1773440444,1,0,0
putqe1fs,72,6jzar97k,13,mock_N08_N04_Aonly,GroupingWaitPage,1773440454,1,0,1
putqe1fs,72,6jzar97k,14,mock_N08_N04_Aonly,GroupSizeWaitPage,1773440454,1,0,1
putqe1fs,87,vwbmc8dz,12,presurvey,Commitment,1773440463,1,0,0
putqe1fs,72,6jzar97k,15,mock_N08_N04_Aonly,AttentionCheck,1773440464,1,0,0
putqe1fs,88,5jthjneu,4,presurvey,NeighborhoodInstruction,1773440490,1,0,0
putqe1fs,88,5jthjneu,5,presurvey,Training,1773440528,1,0,0
putqe1fs,89,ddumw2oo,0,,InitializeParticipant,1773440534,1,0,0
putqe1fs,89,ddumw2oo,1,presurvey,Introduction,1773440559,1,0,0
putqe1fs,66,rb3y1v7j,13,mock_N08_N04_Aonly,GroupingWaitPage,1773440561,1,0,1
putqe1fs,66,rb3y1v7j,14,mock_N08_N04_Aonly,GroupSizeWaitPage,1773440561,1,0,1
putqe1fs,83,xnujsvax,5,presurvey,Training,1773440563,1,0,0
putqe1fs,88,5jthjneu,6,presurvey,TrainingNeighbor_1,1773440574,1,0,0
putqe1fs,66,rb3y1v7j,15,mock_N08_N04_Aonly,AttentionCheck,1773440576,1,0,0
putqe1fs,89,ddumw2oo,2,presurvey,AudioCheck,1773440580,1,0,0
putqe1fs,88,5jthjneu,10,presurvey,ExperimentInstruction,1773440581,1,0,0
putqe1fs,77,6le7qo5d,13,mock_N08_N04_Aonly,GroupingWaitPage,1773440599,1,0,1
putqe1fs,89,ddumw2oo,3,presurvey,Demographics,1773440599,1,0,0
putqe1fs,77,6le7qo5d,14,mock_N08_N04_Aonly,GroupSizeWaitPage,1773440599,1,0,1
putqe1fs,77,6le7qo5d,15,mock_N08_N04_Aonly,AttentionCheck,1773440604,1,0,0
putqe1fs,89,ddumw2oo,4,presurvey,NeighborhoodInstruction,1773440624,1,0,0
putqe1fs,90,p3eg16cg,0,,InitializeParticipant,1773440625,1,0,0
putqe1fs,75,ieg31045,13,mock_N08_N04_Aonly,GroupingWaitPage,1773440640,1,0,1
putqe1fs,75,ieg31045,14,mock_N08_N04_Aonly,GroupSizeWaitPage,1773440640,1,0,1
putqe1fs,90,p3eg16cg,1,presurvey,Introduction,1773440642,1,0,0
putqe1fs,75,ieg31045,15,mock_N08_N04_Aonly,AttentionCheck,1773440646,1,0,0
putqe1fs,89,ddumw2oo,5,presurvey,Training,1773440652,1,0,0
putqe1fs,90,p3eg16cg,2,presurvey,AudioCheck,1773440658,1,0,0
putqe1fs,90,p3eg16cg,3,presurvey,Demographics,1773440680,1,0,0
putqe1fs,89,ddumw2oo,6,presurvey,TrainingNeighbor_1,1773440692,1,0,0
putqe1fs,90,p3eg16cg,4,presurvey,NeighborhoodInstruction,1773440696,1,0,0
putqe1fs,89,ddumw2oo,10,presurvey,ExperimentInstruction,1773440711,1,0,0
putqe1fs,90,p3eg16cg,5,presurvey,Training,1773440731,1,0,0
putqe1fs,88,5jthjneu,11,presurvey,Scenario,1773440743,1,0,0
putqe1fs,89,ddumw2oo,11,presurvey,Scenario,1773440747,1,0,0
putqe1fs,90,p3eg16cg,6,presurvey,TrainingNeighbor_1,1773440780,1,0,0
putqe1fs,88,5jthjneu,12,presurvey,Commitment,1773440784,1,0,0
putqe1fs,90,p3eg16cg,10,presurvey,ExperimentInstruction,1773440793,1,0,0
putqe1fs,89,ddumw2oo,12,presurvey,Commitment,1773440793,1,0,0
putqe1fs,91,vev9oydp,0,,InitializeParticipant,1773440810,1,0,0
putqe1fs,91,vev9oydp,1,presurvey,Introduction,1773440817,1,0,0
putqe1fs,91,vev9oydp,2,presurvey,AudioCheck,1773440841,1,0,0
putqe1fs,91,vev9oydp,3,presurvey,Demographics,1773440863,1,0,0
putqe1fs,91,vev9oydp,4,presurvey,NeighborhoodInstruction,1773440889,1,0,0
putqe1fs,91,vev9oydp,5,presurvey,Training,1773440916,1,0,0
putqe1fs,91,vev9oydp,6,presurvey,TrainingNeighbor_1,1773440967,1,0,0
putqe1fs,91,vev9oydp,7,presurvey,TrainingNeighbor_2,1773440982,1,0,0
putqe1fs,91,vev9oydp,10,presurvey,ExperimentInstruction,1773440992,1,0,0
putqe1fs,90,p3eg16cg,11,presurvey,Scenario,1773440993,1,0,0
putqe1fs,91,vev9oydp,11,presurvey,Scenario,1773441026,1,0,0
putqe1fs,92,lb1566y7,0,,InitializeParticipant,1773441034,1,0,0
putqe1fs,92,lb1566y7,1,presurvey,Introduction,1773441043,1,0,0
putqe1fs,83,xnujsvax,6,presurvey,TrainingNeighbor_1,1773441066,1,0,0
putqe1fs,92,lb1566y7,2,presurvey,AudioCheck,1773441069,1,0,0
putqe1fs,93,iukll8az,0,,InitializeParticipant,1773441086,1,0,0
putqe1fs,92,lb1566y7,3,presurvey,Demographics,1773441091,1,0,0
putqe1fs,93,iukll8az,1,presurvey,Introduction,1773441102,1,0,0
putqe1fs,82,ybwcvl4i,13,mock_N08_N04_Aonly,GroupingWaitPage,1773441113,1,0,1
putqe1fs,82,ybwcvl4i,14,mock_N08_N04_Aonly,GroupSizeWaitPage,1773441114,1,0,1
putqe1fs,94,iaho6tyu,0,,InitializeParticipant,1773441115,1,0,0
putqe1fs,82,ybwcvl4i,15,mock_N08_N04_Aonly,AttentionCheck,1773441120,1,0,0
putqe1fs,94,iaho6tyu,1,presurvey,Introduction,1773441123,1,0,0
putqe1fs,93,iukll8az,2,presurvey,AudioCheck,1773441124,1,0,0
putqe1fs,92,lb1566y7,4,presurvey,NeighborhoodInstruction,1773441125,1,0,0
putqe1fs,94,iaho6tyu,2,presurvey,AudioCheck,1773441136,1,0,0
putqe1fs,93,iukll8az,3,presurvey,Demographics,1773441139,1,0,0
putqe1fs,94,iaho6tyu,3,presurvey,Demographics,1773441144,1,0,0
putqe1fs,94,iaho6tyu,4,presurvey,NeighborhoodInstruction,1773441147,1,0,0
putqe1fs,83,xnujsvax,7,presurvey,TrainingNeighbor_2,1773441155,1,0,0
putqe1fs,92,lb1566y7,5,presurvey,Training,1773441183,1,0,0
putqe1fs,92,lb1566y7,6,presurvey,TrainingNeighbor_1,1773441225,1,0,0
putqe1fs,92,lb1566y7,7,presurvey,TrainingNeighbor_2,1773441231,1,0,0
putqe1fs,92,lb1566y7,10,presurvey,ExperimentInstruction,1773441254,1,0,0
putqe1fs,83,xnujsvax,10,presurvey,ExperimentInstruction,1773441286,1,0,0
putqe1fs,95,vm8zzk2r,0,,InitializeParticipant,1773441287,1,0,0
putqe1fs,92,lb1566y7,11,presurvey,Scenario,1773441299,1,0,0
putqe1fs,84,t5k28875,13,mock_N08_N04_Aonly,GroupingWaitPage,1773441307,1,0,1
putqe1fs,84,t5k28875,14,mock_N08_N04_Aonly,GroupSizeWaitPage,1773441308,1,0,1
putqe1fs,84,t5k28875,15,mock_N08_N04_Aonly,AttentionCheck,1773441316,1,0,0
putqe1fs,95,vm8zzk2r,1,presurvey,Introduction,1773441339,1,0,0
putqe1fs,96,na979as1,0,,InitializeParticipant,1773441351,1,0,0
putqe1fs,96,na979as1,1,presurvey,Introduction,1773441355,1,0,0
putqe1fs,92,lb1566y7,12,presurvey,Commitment,1773441361,1,0,0
putqe1fs,95,vm8zzk2r,2,presurvey,AudioCheck,1773441365,1,0,0
putqe1fs,96,na979as1,2,presurvey,AudioCheck,1773441369,1,0,0
putqe1fs,85,vxip3w9q,13,mock_N08_N04_Aonly,GroupingWaitPage,1773441369,1,0,1
putqe1fs,85,vxip3w9q,14,mock_N08_N04_Aonly,GroupSizeWaitPage,1773441370,1,0,1
putqe1fs,85,vxip3w9q,15,mock_N08_N04_Aonly,AttentionCheck,1773441375,1,0,0
putqe1fs,96,na979as1,3,presurvey,Demographics,1773441379,1,0,0
putqe1fs,97,bgfhnd1z,0,,InitializeParticipant,1773441381,1,0,0
putqe1fs,96,na979as1,4,presurvey,NeighborhoodInstruction,1773441382,1,0,0
putqe1fs,97,bgfhnd1z,1,presurvey,Introduction,1773441386,1,0,0
putqe1fs,95,vm8zzk2r,3,presurvey,Demographics,1773441393,1,0,0
putqe1fs,96,na979as1,5,presurvey,Training,1773441398,1,0,0
putqe1fs,97,bgfhnd1z,2,presurvey,AudioCheck,1773441400,1,0,0
putqe1fs,96,na979as1,6,presurvey,TrainingNeighbor_1,1773441408,1,0,0
putqe1fs,96,na979as1,10,presurvey,ExperimentInstruction,1773441412,1,0,0
putqe1fs,97,bgfhnd1z,3,presurvey,Demographics,1773441415,1,0,0
putqe1fs,95,vm8zzk2r,4,presurvey,NeighborhoodInstruction,1773441428,1,0,0
putqe1fs,97,bgfhnd1z,4,presurvey,NeighborhoodInstruction,1773441436,1,0,0
putqe1fs,96,na979as1,11,presurvey,Scenario,1773441445,1,0,0
putqe1fs,98,1qx267ly,0,,InitializeParticipant,1773441454,1,0,0
putqe1fs,93,iukll8az,4,presurvey,NeighborhoodInstruction,1773441454,1,0,0
putqe1fs,98,1qx267ly,1,presurvey,Introduction,1773441457,1,0,0
putqe1fs,96,na979as1,12,presurvey,Commitment,1773441457,1,0,0
putqe1fs,97,bgfhnd1z,5,presurvey,Training,1773441465,1,0,0
putqe1fs,98,1qx267ly,2,presurvey,AudioCheck,1773441468,1,0,0
putqe1fs,83,xnujsvax,11,presurvey,Scenario,1773441469,1,0,0
putqe1fs,99,0t26jbu0,0,,InitializeParticipant,1773441472,1,0,0
putqe1fs,98,1qx267ly,3,presurvey,Demographics,1773441480,1,0,0
putqe1fs,98,1qx267ly,4,presurvey,NeighborhoodInstruction,1773441488,1,0,0
putqe1fs,93,iukll8az,5,presurvey,Training,1773441489,1,0,0
putqe1fs,97,bgfhnd1z,6,presurvey,TrainingNeighbor_1,1773441496,1,0,0
putqe1fs,95,vm8zzk2r,5,presurvey,Training,1773441497,1,0,0
putqe1fs,97,bgfhnd1z,10,presurvey,ExperimentInstruction,1773441500,1,0,0
putqe1fs,99,0t26jbu0,1,presurvey,Introduction,1773441502,1,0,0
putqe1fs,98,1qx267ly,5,presurvey,Training,1773441505,1,0,0
putqe1fs,97,bgfhnd1z,11,presurvey,Scenario,1773441525,1,0,0
putqe1fs,99,0t26jbu0,2,presurvey,AudioCheck,1773441526,1,0,0
putqe1fs,98,1qx267ly,6,presurvey,TrainingNeighbor_1,1773441529,1,0,0
putqe1fs,98,1qx267ly,10,presurvey,ExperimentInstruction,1773441535,1,0,0
putqe1fs,100,kzybp1q7,0,,InitializeParticipant,1773441536,1,0,0
putqe1fs,99,0t26jbu0,3,presurvey,Demographics,1773441541,1,0,0
putqe1fs,93,iukll8az,6,presurvey,TrainingNeighbor_1,1773441554,1,0,0
putqe1fs,97,bgfhnd1z,12,presurvey,Commitment,1773441555,1,0,0
putqe1fs,100,kzybp1q7,1,presurvey,Introduction,1773441557,1,0,0
putqe1fs,95,vm8zzk2r,6,presurvey,TrainingNeighbor_1,1773441559,1,0,0
putqe1fs,98,1qx267ly,11,presurvey,Scenario,1773441563,1,0,0
putqe1fs,95,vm8zzk2r,7,presurvey,TrainingNeighbor_2,1773441566,1,0,0
putqe1fs,99,0t26jbu0,4,presurvey,NeighborhoodInstruction,1773441574,1,0,0
putqe1fs,93,iukll8az,10,presurvey,ExperimentInstruction,1773441578,1,0,0
putqe1fs,100,kzybp1q7,2,presurvey,AudioCheck,1773441582,1,0,0
putqe1fs,95,vm8zzk2r,8,presurvey,AttentionCheck,1773441584,1,0,0
putqe1fs,95,vm8zzk2r,9,presurvey,TrainingNeighbor_3,1773441600,1,0,0
putqe1fs,95,vm8zzk2r,10,presurvey,ExperimentInstruction,1773441606,1,0,0
putqe1fs,87,vwbmc8dz,13,mock_N08_N04_Aonly,GroupingWaitPage,1773441607,1,0,1
putqe1fs,87,vwbmc8dz,14,mock_N08_N04_Aonly,GroupSizeWaitPage,1773441608,1,0,1
putqe1fs,100,kzybp1q7,3,presurvey,Demographics,1773441609,1,0,0
putqe1fs,87,vwbmc8dz,15,mock_N08_N04_Aonly,AttentionCheck,1773441620,1,0,0
putqe1fs,100,kzybp1q7,4,presurvey,NeighborhoodInstruction,1773441631,1,0,0
putqe1fs,99,0t26jbu0,5,presurvey,Training,1773441638,1,0,0
putqe1fs,101,01rn3x6y,0,,InitializeParticipant,1773441645,1,0,0
putqe1fs,101,01rn3x6y,1,presurvey,Introduction,1773441649,1,0,0
putqe1fs,101,01rn3x6y,2,presurvey,AudioCheck,1773441660,1,0,0
putqe1fs,100,kzybp1q7,5,presurvey,Training,1773441661,1,0,0
putqe1fs,101,01rn3x6y,3,presurvey,Demographics,1773441669,1,0,0
putqe1fs,95,vm8zzk2r,11,presurvey,Scenario,1773441674,1,0,0
putqe1fs,93,iukll8az,11,presurvey,Scenario,1773441677,1,0,0
putqe1fs,99,0t26jbu0,6,presurvey,TrainingNeighbor_1,1773441682,1,0,0
putqe1fs,101,01rn3x6y,4,presurvey,NeighborhoodInstruction,1773441687,1,0,0
putqe1fs,99,0t26jbu0,10,presurvey,ExperimentInstruction,1773441695,1,0,0
putqe1fs,102,hltd4wqz,0,,InitializeParticipant,1773441695,1,0,0
putqe1fs,102,hltd4wqz,1,presurvey,Introduction,1773441697,1,0,0
putqe1fs,100,kzybp1q7,6,presurvey,TrainingNeighbor_1,1773441707,1,0,0
putqe1fs,102,hltd4wqz,2,presurvey,AudioCheck,1773441710,1,0,0
putqe1fs,101,01rn3x6y,5,presurvey,Training,1773441713,1,0,0
putqe1fs,102,hltd4wqz,3,presurvey,Demographics,1773441717,1,0,0
putqe1fs,100,kzybp1q7,7,presurvey,TrainingNeighbor_2,1773441724,1,0,0
putqe1fs,102,hltd4wqz,4,presurvey,NeighborhoodInstruction,1773441728,1,0,0
putqe1fs,99,0t26jbu0,11,presurvey,Scenario,1773441728,1,0,0
putqe1fs,100,kzybp1q7,10,presurvey,ExperimentInstruction,1773441732,1,0,0
putqe1fs,102,hltd4wqz,5,presurvey,Training,1773441734,1,0,0
putqe1fs,101,01rn3x6y,6,presurvey,TrainingNeighbor_1,1773441742,1,0,0
putqe1fs,101,01rn3x6y,10,presurvey,ExperimentInstruction,1773441748,1,0,0
putqe1fs,101,01rn3x6y,11,presurvey,Scenario,1773441773,1,0,0
putqe1fs,100,kzybp1q7,11,presurvey,Scenario,1773441782,1,0,0
putqe1fs,102,hltd4wqz,6,presurvey,TrainingNeighbor_1,1773441804,1,0,0
putqe1fs,101,01rn3x6y,12,presurvey,Commitment,1773441806,1,0,0
putqe1fs,102,hltd4wqz,10,presurvey,ExperimentInstruction,1773441806,1,0,0
putqe1fs,100,kzybp1q7,12,presurvey,Commitment,1773441811,1,0,0
putqe1fs,102,hltd4wqz,11,presurvey,Scenario,1773441814,1,0,0
putqe1fs,102,hltd4wqz,12,presurvey,Commitment,1773441829,1,0,0
putqe1fs,103,jir744t1,0,,InitializeParticipant,1773441863,1,0,0
putqe1fs,103,jir744t1,1,presurvey,Introduction,1773441881,1,0,0
putqe1fs,103,jir744t1,2,presurvey,AudioCheck,1773441929,1,0,0
putqe1fs,89,ddumw2oo,13,mock_N08_N04_Aonly,GroupingWaitPage,1773441942,1,0,1
putqe1fs,89,ddumw2oo,14,mock_N08_N04_Aonly,GroupSizeWaitPage,1773441942,1,0,1
putqe1fs,89,ddumw2oo,15,mock_N08_N04_Aonly,AttentionCheck,1773441950,1,0,0
putqe1fs,103,jir744t1,3,presurvey,Demographics,1773441952,1,0,0
putqe1fs,104,zvihuwzz,0,,InitializeParticipant,1773441973,1,0,0
putqe1fs,104,zvihuwzz,1,presurvey,Introduction,1773441986,1,0,0
putqe1fs,88,5jthjneu,13,mock_N08_N04_Aonly,GroupingWaitPage,1773441989,1,0,1
putqe1fs,88,5jthjneu,14,mock_N08_N04_Aonly,GroupSizeWaitPage,1773441990,1,0,1
putqe1fs,88,5jthjneu,15,mock_N08_N04_Aonly,AttentionCheck,1773441997,1,0,0
putqe1fs,103,jir744t1,4,presurvey,NeighborhoodInstruction,1773441999,1,0,0
putqe1fs,104,zvihuwzz,2,presurvey,AudioCheck,1773442011,1,0,0
putqe1fs,104,zvihuwzz,3,presurvey,Demographics,1773442043,1,0,0
putqe1fs,104,zvihuwzz,4,presurvey,NeighborhoodInstruction,1773442052,1,0,0
putqe1fs,103,jir744t1,5,presurvey,Training,1773442068,1,0,0
putqe1fs,104,zvihuwzz,5,presurvey,Training,1773442078,1,0,0
putqe1fs,105,giql1pqp,0,,InitializeParticipant,1773442079,1,0,0
putqe1fs,104,zvihuwzz,6,presurvey,TrainingNeighbor_1,1773442097,1,0,0
putqe1fs,105,giql1pqp,1,presurvey,Introduction,1773442104,1,0,0
putqe1fs,104,zvihuwzz,7,presurvey,TrainingNeighbor_2,1773442118,1,0,0
putqe1fs,103,jir744t1,6,presurvey,TrainingNeighbor_1,1773442138,1,0,0
putqe1fs,104,zvihuwzz,10,presurvey,ExperimentInstruction,1773442138,1,0,0
putqe1fs,105,giql1pqp,2,presurvey,AudioCheck,1773442147,1,0,0
putqe1fs,103,jir744t1,10,presurvey,ExperimentInstruction,1773442149,1,0,0
putqe1fs,104,zvihuwzz,11,presurvey,Scenario,1773442163,1,0,0
putqe1fs,105,giql1pqp,3,presurvey,Demographics,1773442166,1,0,0
putqe1fs,105,giql1pqp,4,presurvey,NeighborhoodInstruction,1773442188,1,0,0
putqe1fs,103,jir744t1,11,presurvey,Scenario,1773442201,1,0,0
putqe1fs,106,ofek7hsb,0,,InitializeParticipant,1773442201,1,0,0
putqe1fs,107,z29s1zly,0,,InitializeParticipant,1773442205,1,0,0
putqe1fs,104,zvihuwzz,12,presurvey,Commitment,1773442207,1,0,0
putqe1fs,106,ofek7hsb,1,presurvey,Introduction,1773442229,1,0,0
putqe1fs,105,giql1pqp,5,presurvey,Training,1773442233,1,0,0
putqe1fs,103,jir744t1,12,presurvey,Commitment,1773442246,1,0,0
putqe1fs,106,ofek7hsb,2,presurvey,AudioCheck,1773442250,1,0,0
putqe1fs,106,ofek7hsb,3,presurvey,Demographics,1773442261,1,0,0
putqe1fs,107,z29s1zly,1,presurvey,Introduction,1773442267,1,0,0
putqe1fs,105,giql1pqp,6,presurvey,TrainingNeighbor_1,1773442274,1,0,0
putqe1fs,106,ofek7hsb,4,presurvey,NeighborhoodInstruction,1773442281,1,0,0
putqe1fs,105,giql1pqp,7,presurvey,TrainingNeighbor_2,1773442282,1,0,0
putqe1fs,107,z29s1zly,2,presurvey,AudioCheck,1773442286,1,0,0
putqe1fs,105,giql1pqp,10,presurvey,ExperimentInstruction,1773442289,1,0,0
putqe1fs,107,z29s1zly,3,presurvey,Demographics,1773442297,1,0,0
putqe1fs,106,ofek7hsb,5,presurvey,Training,1773442304,1,0,0
putqe1fs,108,ovuh3vse,0,,InitializeParticipant,1773442318,1,0,0
putqe1fs,107,z29s1zly,4,presurvey,NeighborhoodInstruction,1773442319,1,0,0
putqe1fs,105,giql1pqp,11,presurvey,Scenario,1773442320,1,0,0
putqe1fs,109,d5zf947d,0,,InitializeParticipant,1773442323,1,0,0
putqe1fs,107,z29s1zly,5,presurvey,Training,1773442341,1,0,0
putqe1fs,106,ofek7hsb,6,presurvey,TrainingNeighbor_1,1773442342,1,0,0
putqe1fs,109,d5zf947d,1,presurvey,Introduction,1773442343,1,0,0
putqe1fs,106,ofek7hsb,10,presurvey,ExperimentInstruction,1773442356,1,0,0
putqe1fs,109,d5zf947d,2,presurvey,AudioCheck,1773442362,1,0,0
putqe1fs,110,0qkuhtw6,0,,InitializeParticipant,1773442363,1,0,0
putqe1fs,107,z29s1zly,6,presurvey,TrainingNeighbor_1,1773442369,1,0,0
putqe1fs,109,d5zf947d,3,presurvey,Demographics,1773442375,1,0,0
putqe1fs,107,z29s1zly,10,presurvey,ExperimentInstruction,1773442379,1,0,0
putqe1fs,106,ofek7hsb,11,presurvey,Scenario,1773442382,1,0,0
putqe1fs,107,z29s1zly,11,presurvey,Scenario,1773442404,1,0,0
putqe1fs,108,ovuh3vse,1,presurvey,Introduction,1773442414,1,0,0
putqe1fs,106,ofek7hsb,12,presurvey,Commitment,1773442417,1,0,0
putqe1fs,92,lb1566y7,13,mock_N08_N04_Aonly,GroupingWaitPage,1773442418,1,0,1
putqe1fs,96,na979as1,13,mock_N08_N04_Aonly,GroupingWaitPage,1773442418,1,0,1
putqe1fs,97,bgfhnd1z,13,mock_N08_N04_Aonly,GroupingWaitPage,1773442418,1,0,1
putqe1fs,100,kzybp1q7,13,mock_N08_N04_Aonly,GroupingWaitPage,1773442418,1,0,1
putqe1fs,101,01rn3x6y,13,mock_N08_N04_Aonly,GroupingWaitPage,1773442418,1,0,1
putqe1fs,102,hltd4wqz,13,mock_N08_N04_Aonly,GroupingWaitPage,1773442418,1,0,1
putqe1fs,103,jir744t1,13,mock_N08_N04_Aonly,GroupingWaitPage,1773442418,1,0,1
putqe1fs,106,ofek7hsb,13,mock_N08_N04_Aonly,GroupingWaitPage,1773442418,1,0,1
putqe1fs,92,lb1566y7,14,mock_N08_N04_Aonly,GroupSizeWaitPage,1773442418,1,0,1
putqe1fs,96,na979as1,14,mock_N08_N04_Aonly,GroupSizeWaitPage,1773442418,1,0,1
putqe1fs,97,bgfhnd1z,14,mock_N08_N04_Aonly,GroupSizeWaitPage,1773442418,1,0,1
putqe1fs,100,kzybp1q7,14,mock_N08_N04_Aonly,GroupSizeWaitPage,1773442418,1,0,1
putqe1fs,101,01rn3x6y,14,mock_N08_N04_Aonly,GroupSizeWaitPage,1773442418,1,0,1
putqe1fs,102,hltd4wqz,14,mock_N08_N04_Aonly,GroupSizeWaitPage,1773442418,1,0,1
putqe1fs,103,jir744t1,14,mock_N08_N04_Aonly,GroupSizeWaitPage,1773442418,1,0,1
putqe1fs,106,ofek7hsb,14,mock_N08_N04_Aonly,GroupSizeWaitPage,1773442418,1,0,1
putqe1fs,92,lb1566y7,16,mock_N08_N04_Aonly,DiscussionGRPWaitPage,1773442419,1,0,1
putqe1fs,97,bgfhnd1z,16,mock_N08_N04_Aonly,DiscussionGRPWaitPage,1773442419,1,0,1
putqe1fs,103,jir744t1,16,mock_N08_N04_Aonly,DiscussionGRPWaitPage,1773442419,1,0,1
putqe1fs,106,ofek7hsb,16,mock_N08_N04_Aonly,DiscussionGRPWaitPage,1773442419,1,0,1
putqe1fs,96,na979as1,16,mock_N08_N04_Aonly,DiscussionGRPWaitPage,1773442419,1,0,1
putqe1fs,100,kzybp1q7,16,mock_N08_N04_Aonly,DiscussionGRPWaitPage,1773442419,1,0,1
putqe1fs,101,01rn3x6y,16,mock_N08_N04_Aonly,DiscussionGRPWaitPage,1773442419,1,0,1
putqe1fs,102,hltd4wqz,16,mock_N08_N04_Aonly,DiscussionGRPWaitPage,1773442419,1,0,1
putqe1fs,102,hltd4wqz,20,mock_N08_N04_Aonly,Phase3,1773442426,1,0,0
putqe1fs,110,0qkuhtw6,1,presurvey,Introduction,1773442426,1,0,0
putqe1fs,96,na979as1,20,mock_N08_N04_Aonly,Phase3,1773442427,1,0,0
putqe1fs,102,hltd4wqz,21,mock_N08_N04_Aonly,Discussion,1773442428,1,0,0
putqe1fs,96,na979as1,21,mock_N08_N04_Aonly,Discussion,1773442431,1,0,0
putqe1fs,109,d5zf947d,4,presurvey,NeighborhoodInstruction,1773442433,1,0,0
putqe1fs,101,01rn3x6y,20,mock_N08_N04_Aonly,Phase3,1773442434,1,0,0
putqe1fs,92,lb1566y7,20,mock_N08_N04_Aonly,Phase3,1773442435,1,0,0
putqe1fs,103,jir744t1,20,mock_N08_N04_Aonly,Phase3,1773442435,1,0,0
putqe1fs,97,bgfhnd1z,20,mock_N08_N04_Aonly,Phase3,1773442436,1,0,0
putqe1fs,100,kzybp1q7,20,mock_N08_N04_Aonly,Phase3,1773442443,1,0,0
putqe1fs,107,z29s1zly,12,presurvey,Commitment,1773442443,1,0,0
putqe1fs,106,ofek7hsb,20,mock_N08_N04_Aonly,Phase3,1773442444,1,0,0
putqe1fs,101,01rn3x6y,21,mock_N08_N04_Aonly,Discussion,1773442445,1,0,0
putqe1fs,103,jir744t1,21,mock_N08_N04_Aonly,Discussion,1773442445,1,0,0
putqe1fs,97,bgfhnd1z,21,mock_N08_N04_Aonly,Discussion,1773442446,1,0,0
putqe1fs,106,ofek7hsb,21,mock_N08_N04_Aonly,Discussion,1773442452,1,0,0
putqe1fs,92,lb1566y7,21,mock_N08_N04_Aonly,Discussion,1773442456,1,0,0
putqe1fs,100,kzybp1q7,21,mock_N08_N04_Aonly,Discussion,1773442460,1,0,0
putqe1fs,92,lb1566y7,27,mock_N08_N04_Aonly,DiscussionGRPWaitPage,1773442460,2,0,1
putqe1fs,97,bgfhnd1z,27,mock_N08_N04_Aonly,DiscussionGRPWaitPage,1773442460,2,0,1
putqe1fs,103,jir744t1,27,mock_N08_N04_Aonly,DiscussionGRPWaitPage,1773442460,2,0,1
putqe1fs,106,ofek7hsb,27,mock_N08_N04_Aonly,DiscussionGRPWaitPage,1773442460,2,0,1
putqe1fs,96,na979as1,27,mock_N08_N04_Aonly,DiscussionGRPWaitPage,1773442460,2,0,1
putqe1fs,100,kzybp1q7,27,mock_N08_N04_Aonly,DiscussionGRPWaitPage,1773442460,2,0,1
putqe1fs,101,01rn3x6y,27,mock_N08_N04_Aonly,DiscussionGRPWaitPage,1773442460,2,0,1
putqe1fs,102,hltd4wqz,27,mock_N08_N04_Aonly,DiscussionGRPWaitPage,1773442460,2,0,1
putqe1fs,102,hltd4wqz,32,mock_N08_N04_Aonly,Discussion,1773442464,2,0,0
putqe1fs,101,01rn3x6y,32,mock_N08_N04_Aonly,Discussion,1773442465,2,0,0
putqe1fs,110,0qkuhtw6,2,presurvey,AudioCheck,1773442468,1,0,0
putqe1fs,106,ofek7hsb,32,mock_N08_N04_Aonly,Discussion,1773442469,2,0,0
putqe1fs,96,na979as1,32,mock_N08_N04_Aonly,Discussion,1773442471,2,0,0
putqe1fs,103,jir744t1,32,mock_N08_N04_Aonly,Discussion,1773442472,2,0,0
putqe1fs,92,lb1566y7,32,mock_N08_N04_Aonly,Discussion,1773442473,2,0,0
putqe1fs,97,bgfhnd1z,32,mock_N08_N04_Aonly,Discussion,1773442474,2,0,0
putqe1fs,100,kzybp1q7,32,mock_N08_N04_Aonly,Discussion,1773442476,2,0,0
putqe1fs,109,d5zf947d,5,presurvey,Training,1773442476,1,0,0
putqe1fs,92,lb1566y7,38,mock_N08_N04_Aonly,DiscussionGRPWaitPage,1773442476,3,0,1
putqe1fs,97,bgfhnd1z,38,mock_N08_N04_Aonly,DiscussionGRPWaitPage,1773442476,3,0,1
putqe1fs,103,jir744t1,38,mock_N08_N04_Aonly,DiscussionGRPWaitPage,1773442476,3,0,1
putqe1fs,106,ofek7hsb,38,mock_N08_N04_Aonly,DiscussionGRPWaitPage,1773442476,3,0,1
putqe1fs,101,01rn3x6y,38,mock_N08_N04_Aonly,DiscussionGRPWaitPage,1773442476,3,0,1
putqe1fs,102,hltd4wqz,38,mock_N08_N04_Aonly,DiscussionGRPWaitPage,1773442476,3,0,1
putqe1fs,96,na979as1,38,mock_N08_N04_Aonly,DiscussionGRPWaitPage,1773442476,3,0,1
putqe1fs,100,kzybp1q7,38,mock_N08_N04_Aonly,DiscussionGRPWaitPage,1773442476,3,0,1
putqe1fs,102,hltd4wqz,43,mock_N08_N04_Aonly,Discussion,1773442480,3,0,0
putqe1fs,101,01rn3x6y,43,mock_N08_N04_Aonly,Discussion,1773442480,3,0,0
putqe1fs,97,bgfhnd1z,43,mock_N08_N04_Aonly,Discussion,1773442483,3,0,0
putqe1fs,100,kzybp1q7,43,mock_N08_N04_Aonly,Discussion,1773442483,3,0,0
putqe1fs,96,na979as1,43,mock_N08_N04_Aonly,Discussion,1773442484,3,0,0
putqe1fs,106,ofek7hsb,43,mock_N08_N04_Aonly,Discussion,1773442484,3,0,0
putqe1fs,92,lb1566y7,43,mock_N08_N04_Aonly,Discussion,1773442484,3,0,0
putqe1fs,103,jir744t1,43,mock_N08_N04_Aonly,Discussion,1773442486,3,0,0
putqe1fs,92,lb1566y7,49,mock_N08_N04_Aonly,DiscussionGRPWaitPage,1773442487,4,0,1
putqe1fs,97,bgfhnd1z,49,mock_N08_N04_Aonly,DiscussionGRPWaitPage,1773442487,4,0,1
putqe1fs,103,jir744t1,49,mock_N08_N04_Aonly,DiscussionGRPWaitPage,1773442487,4,0,1
putqe1fs,106,ofek7hsb,49,mock_N08_N04_Aonly,DiscussionGRPWaitPage,1773442487,4,0,1
putqe1fs,96,na979as1,49,mock_N08_N04_Aonly,DiscussionGRPWaitPage,1773442487,4,0,1
putqe1fs,100,kzybp1q7,49,mock_N08_N04_Aonly,DiscussionGRPWaitPage,1773442487,4,0,1
putqe1fs,101,01rn3x6y,49,mock_N08_N04_Aonly,DiscussionGRPWaitPage,1773442487,4,0,1
putqe1fs,102,hltd4wqz,49,mock_N08_N04_Aonly,DiscussionGRPWaitPage,1773442487,4,0,1
putqe1fs,110,0qkuhtw6,3,presurvey,Demographics,1773442487,1,0,0
putqe1fs,101,01rn3x6y,54,mock_N08_N04_Aonly,Discussion,1773442490,4,0,0
putqe1fs,102,hltd4wqz,54,mock_N08_N04_Aonly,Discussion,1773442491,4,0,0
putqe1fs,97,bgfhnd1z,54,mock_N08_N04_Aonly,Discussion,1773442492,4,0,0
putqe1fs,106,ofek7hsb,54,mock_N08_N04_Aonly,Discussion,1773442492,4,0,0
putqe1fs,103,jir744t1,54,mock_N08_N04_Aonly,Discussion,1773442494,4,0,0
putqe1fs,96,na979as1,54,mock_N08_N04_Aonly,Discussion,1773442496,4,0,0
putqe1fs,111,uh00o7n4,0,,InitializeParticipant,1773442497,1,0,0
putqe1fs,92,lb1566y7,54,mock_N08_N04_Aonly,Discussion,1773442497,4,0,0
putqe1fs,100,kzybp1q7,54,mock_N08_N04_Aonly,Discussion,1773442498,4,0,0
putqe1fs,92,lb1566y7,60,mock_N08_N04_Aonly,DiscussionGRPWaitPage,1773442498,5,0,1
putqe1fs,97,bgfhnd1z,60,mock_N08_N04_Aonly,DiscussionGRPWaitPage,1773442498,5,0,1
putqe1fs,103,jir744t1,60,mock_N08_N04_Aonly,DiscussionGRPWaitPage,1773442498,5,0,1
putqe1fs,106,ofek7hsb,60,mock_N08_N04_Aonly,DiscussionGRPWaitPage,1773442498,5,0,1
putqe1fs,96,na979as1,60,mock_N08_N04_Aonly,DiscussionGRPWaitPage,1773442498,5,0,1
putqe1fs,100,kzybp1q7,60,mock_N08_N04_Aonly,DiscussionGRPWaitPage,1773442498,5,0,1
putqe1fs,101,01rn3x6y,60,mock_N08_N04_Aonly,DiscussionGRPWaitPage,1773442498,5,0,1
putqe1fs,102,hltd4wqz,60,mock_N08_N04_Aonly,DiscussionGRPWaitPage,1773442498,5,0,1
putqe1fs,102,hltd4wqz,65,mock_N08_N04_Aonly,Discussion,1773442500,5,0,0
putqe1fs,112,41cy25nn,0,,InitializeParticipant,1773442501,1,0,0
putqe1fs,100,kzybp1q7,65,mock_N08_N04_Aonly,Discussion,1773442501,5,0,0
putqe1fs,96,na979as1,65,mock_N08_N04_Aonly,Discussion,1773442502,5,0,0
putqe1fs,101,01rn3x6y,65,mock_N08_N04_Aonly,Discussion,1773442502,5,0,0
putqe1fs,97,bgfhnd1z,65,mock_N08_N04_Aonly,Discussion,1773442502,5,0,0
putqe1fs,103,jir744t1,65,mock_N08_N04_Aonly,Discussion,1773442503,5,0,0
putqe1fs,106,ofek7hsb,65,mock_N08_N04_Aonly,Discussion,1773442504,5,0,0
putqe1fs,92,lb1566y7,65,mock_N08_N04_Aonly,Discussion,1773442504,5,0,0
putqe1fs,92,lb1566y7,71,mock_N08_N04_Aonly,DiscussionGRPWaitPage,1773442504,6,0,1
putqe1fs,97,bgfhnd1z,71,mock_N08_N04_Aonly,DiscussionGRPWaitPage,1773442504,6,0,1
putqe1fs,103,jir744t1,71,mock_N08_N04_Aonly,DiscussionGRPWaitPage,1773442504,6,0,1
putqe1fs,106,ofek7hsb,71,mock_N08_N04_Aonly,DiscussionGRPWaitPage,1773442504,6,0,1
putqe1fs,96,na979as1,71,mock_N08_N04_Aonly,DiscussionGRPWaitPage,1773442504,6,0,1
putqe1fs,100,kzybp1q7,71,mock_N08_N04_Aonly,DiscussionGRPWaitPage,1773442504,6,0,1
putqe1fs,101,01rn3x6y,71,mock_N08_N04_Aonly,DiscussionGRPWaitPage,1773442504,6,0,1
putqe1fs,102,hltd4wqz,71,mock_N08_N04_Aonly,DiscussionGRPWaitPage,1773442504,6,0,1
putqe1fs,112,41cy25nn,1,presurvey,Introduction,1773442506,1,0,0
putqe1fs,100,kzybp1q7,76,mock_N08_N04_Aonly,Discussion,1773442508,6,0,0
putqe1fs,96,na979as1,76,mock_N08_N04_Aonly,Discussion,1773442509,6,0,0
putqe1fs,97,bgfhnd1z,76,mock_N08_N04_Aonly,Discussion,1773442510,6,0,0
putqe1fs,106,ofek7hsb,76,mock_N08_N04_Aonly,Discussion,1773442510,6,0,0
putqe1fs,101,01rn3x6y,76,mock_N08_N04_Aonly,Discussion,1773442510,6,0,0
putqe1fs,92,lb1566y7,76,mock_N08_N04_Aonly,Discussion,1773442510,6,0,0
putqe1fs,103,jir744t1,76,mock_N08_N04_Aonly,Discussion,1773442511,6,0,0
putqe1fs,111,uh00o7n4,1,presurvey,Introduction,1773442513,1,0,0
putqe1fs,102,hltd4wqz,76,mock_N08_N04_Aonly,Discussion,1773442513,6,0,0
putqe1fs,92,lb1566y7,82,mock_N08_N04_Aonly,DiscussionGRPWaitPage,1773442513,7,0,1
putqe1fs,97,bgfhnd1z,82,mock_N08_N04_Aonly,DiscussionGRPWaitPage,1773442513,7,0,1
putqe1fs,103,jir744t1,82,mock_N08_N04_Aonly,DiscussionGRPWaitPage,1773442513,7,0,1
putqe1fs,106,ofek7hsb,82,mock_N08_N04_Aonly,DiscussionGRPWaitPage,1773442513,7,0,1
putqe1fs,101,01rn3x6y,82,mock_N08_N04_Aonly,DiscussionGRPWaitPage,1773442513,7,0,1
putqe1fs,102,hltd4wqz,82,mock_N08_N04_Aonly,DiscussionGRPWaitPage,1773442513,7,0,1
putqe1fs,96,na979as1,82,mock_N08_N04_Aonly,DiscussionGRPWaitPage,1773442513,7,0,1
putqe1fs,100,kzybp1q7,82,mock_N08_N04_Aonly,DiscussionGRPWaitPage,1773442513,7,0,1
putqe1fs,108,ovuh3vse,2,presurvey,AudioCheck,1773442514,1,0,0
putqe1fs,102,hltd4wqz,87,mock_N08_N04_Aonly,Discussion,1773442515,7,0,0
putqe1fs,103,jir744t1,87,mock_N08_N04_Aonly,Discussion,1773442517,7,0,0
putqe1fs,92,lb1566y7,87,mock_N08_N04_Aonly,Discussion,1773442517,7,0,0
putqe1fs,100,kzybp1q7,87,mock_N08_N04_Aonly,Discussion,1773442518,7,0,0
putqe1fs,101,01rn3x6y,87,mock_N08_N04_Aonly,Discussion,1773442518,7,0,0
putqe1fs,106,ofek7hsb,87,mock_N08_N04_Aonly,Discussion,1773442518,7,0,0
putqe1fs,97,bgfhnd1z,87,mock_N08_N04_Aonly,Discussion,1773442519,7,0,0
putqe1fs,96,na979as1,87,mock_N08_N04_Aonly,Discussion,1773442523,7,0,0
putqe1fs,92,lb1566y7,93,mock_N08_N04_Aonly,DiscussionGRPWaitPage,1773442523,8,0,1
putqe1fs,97,bgfhnd1z,93,mock_N08_N04_Aonly,DiscussionGRPWaitPage,1773442523,8,0,1
putqe1fs,96,na979as1,93,mock_N08_N04_Aonly,DiscussionGRPWaitPage,1773442523,8,0,1
putqe1fs,103,jir744t1,93,mock_N08_N04_Aonly,DiscussionGRPWaitPage,1773442523,8,0,1
putqe1fs,106,ofek7hsb,93,mock_N08_N04_Aonly,DiscussionGRPWaitPage,1773442523,8,0,1
putqe1fs,100,kzybp1q7,93,mock_N08_N04_Aonly,DiscussionGRPWaitPage,1773442523,8,0,1
putqe1fs,101,01rn3x6y,93,mock_N08_N04_Aonly,DiscussionGRPWaitPage,1773442523,8,0,1
putqe1fs,102,hltd4wqz,93,mock_N08_N04_Aonly,DiscussionGRPWaitPage,1773442523,8,0,1
putqe1fs,109,d5zf947d,6,presurvey,TrainingNeighbor_1,1773442526,1,0,0
putqe1fs,101,01rn3x6y,98,mock_N08_N04_Aonly,Discussion,1773442527,8,0,0
putqe1fs,103,jir744t1,98,mock_N08_N04_Aonly,Discussion,1773442527,8,0,0
putqe1fs,106,ofek7hsb,98,mock_N08_N04_Aonly,Discussion,1773442528,8,0,0
putqe1fs,100,kzybp1q7,98,mock_N08_N04_Aonly,Discussion,1773442528,8,0,0
putqe1fs,96,na979as1,98,mock_N08_N04_Aonly,Discussion,1773442528,8,0,0
putqe1fs,102,hltd4wqz,98,mock_N08_N04_Aonly,Discussion,1773442528,8,0,0
putqe1fs,92,lb1566y7,98,mock_N08_N04_Aonly,Discussion,1773442528,8,0,0
putqe1fs,108,ovuh3vse,3,presurvey,Demographics,1773442529,1,0,0
putqe1fs,97,bgfhnd1z,98,mock_N08_N04_Aonly,Discussion,1773442529,8,0,0
putqe1fs,92,lb1566y7,104,mock_N08_N04_Aonly,DiscussionGRPWaitPage,1773442530,9,0,1
putqe1fs,97,bgfhnd1z,104,mock_N08_N04_Aonly,DiscussionGRPWaitPage,1773442530,9,0,1
putqe1fs,103,jir744t1,104,mock_N08_N04_Aonly,DiscussionGRPWaitPage,1773442530,9,0,1
putqe1fs,106,ofek7hsb,104,mock_N08_N04_Aonly,DiscussionGRPWaitPage,1773442530,9,0,1
putqe1fs,96,na979as1,104,mock_N08_N04_Aonly,DiscussionGRPWaitPage,1773442530,9,0,1
putqe1fs,100,kzybp1q7,104,mock_N08_N04_Aonly,DiscussionGRPWaitPage,1773442530,9,0,1
putqe1fs,101,01rn3x6y,104,mock_N08_N04_Aonly,DiscussionGRPWaitPage,1773442530,9,0,1
putqe1fs,102,hltd4wqz,104,mock_N08_N04_Aonly,DiscussionGRPWaitPage,1773442530,9,0,1
putqe1fs,101,01rn3x6y,109,mock_N08_N04_Aonly,Discussion,1773442532,9,0,0
putqe1fs,97,bgfhnd1z,109,mock_N08_N04_Aonly,Discussion,1773442534,9,0,0
putqe1fs,103,jir744t1,109,mock_N08_N04_Aonly,Discussion,1773442534,9,0,0
putqe1fs,100,kzybp1q7,109,mock_N08_N04_Aonly,Discussion,1773442535,9,0,0
putqe1fs,92,lb1566y7,109,mock_N08_N04_Aonly,Discussion,1773442536,9,0,0
putqe1fs,106,ofek7hsb,109,mock_N08_N04_Aonly,Discussion,1773442537,9,0,0
putqe1fs,96,na979as1,109,mock_N08_N04_Aonly,Discussion,1773442538,9,0,0
putqe1fs,102,hltd4wqz,109,mock_N08_N04_Aonly,Discussion,1773442538,9,0,0
putqe1fs,92,lb1566y7,115,mock_N08_N04_Aonly,DiscussionGRPWaitPage,1773442539,10,0,1
putqe1fs,97,bgfhnd1z,115,mock_N08_N04_Aonly,DiscussionGRPWaitPage,1773442539,10,0,1
putqe1fs,103,jir744t1,115,mock_N08_N04_Aonly,DiscussionGRPWaitPage,1773442539,10,0,1
putqe1fs,106,ofek7hsb,115,mock_N08_N04_Aonly,DiscussionGRPWaitPage,1773442539,10,0,1
putqe1fs,96,na979as1,115,mock_N08_N04_Aonly,DiscussionGRPWaitPage,1773442539,10,0,1
putqe1fs,100,kzybp1q7,115,mock_N08_N04_Aonly,DiscussionGRPWaitPage,1773442539,10,0,1
putqe1fs,101,01rn3x6y,115,mock_N08_N04_Aonly,DiscussionGRPWaitPage,1773442539,10,0,1
putqe1fs,102,hltd4wqz,115,mock_N08_N04_Aonly,DiscussionGRPWaitPage,1773442539,10,0,1
putqe1fs,109,d5zf947d,7,presurvey,TrainingNeighbor_2,1773442540,1,0,0
putqe1fs,101,01rn3x6y,120,mock_N08_N04_Aonly,Discussion,1773442541,10,0,0
putqe1fs,112,41cy25nn,2,presurvey,AudioCheck,1773442542,1,0,0
putqe1fs,103,jir744t1,120,mock_N08_N04_Aonly,Discussion,1773442542,10,0,0
putqe1fs,106,ofek7hsb,120,mock_N08_N04_Aonly,Discussion,1773442543,10,0,0
putqe1fs,97,bgfhnd1z,120,mock_N08_N04_Aonly,Discussion,1773442543,10,0,0
putqe1fs,102,hltd4wqz,120,mock_N08_N04_Aonly,Discussion,1773442543,10,0,0
putqe1fs,100,kzybp1q7,120,mock_N08_N04_Aonly,Discussion,1773442544,10,0,0
putqe1fs,111,uh00o7n4,2,presurvey,AudioCheck,1773442544,1,0,0
putqe1fs,96,na979as1,120,mock_N08_N04_Aonly,Discussion,1773442544,10,0,0
putqe1fs,92,lb1566y7,120,mock_N08_N04_Aonly,Discussion,1773442545,10,0,0
putqe1fs,109,d5zf947d,10,presurvey,ExperimentInstruction,1773442545,1,0,0
putqe1fs,92,lb1566y7,126,mock_N08_N04_Aonly,DiscussionGRPWaitPage,1773442545,11,0,1
putqe1fs,97,bgfhnd1z,126,mock_N08_N04_Aonly,DiscussionGRPWaitPage,1773442545,11,0,1
putqe1fs,96,na979as1,126,mock_N08_N04_Aonly,DiscussionGRPWaitPage,1773442545,11,0,1
putqe1fs,103,jir744t1,126,mock_N08_N04_Aonly,DiscussionGRPWaitPage,1773442545,11,0,1
putqe1fs,106,ofek7hsb,126,mock_N08_N04_Aonly,DiscussionGRPWaitPage,1773442545,11,0,1
putqe1fs,100,kzybp1q7,126,mock_N08_N04_Aonly,DiscussionGRPWaitPage,1773442545,11,0,1
putqe1fs,101,01rn3x6y,126,mock_N08_N04_Aonly,DiscussionGRPWaitPage,1773442545,11,0,1
putqe1fs,102,hltd4wqz,126,mock_N08_N04_Aonly,DiscussionGRPWaitPage,1773442545,11,0,1
putqe1fs,101,01rn3x6y,131,mock_N08_N04_Aonly,Discussion,1773442548,11,0,0
putqe1fs,92,lb1566y7,131,mock_N08_N04_Aonly,Discussion,1773442548,11,0,0
putqe1fs,96,na979as1,131,mock_N08_N04_Aonly,Discussion,1773442549,11,0,0
putqe1fs,103,jir744t1,131,mock_N08_N04_Aonly,Discussion,1773442550,11,0,0
putqe1fs,100,kzybp1q7,131,mock_N08_N04_Aonly,Discussion,1773442550,11,0,0
putqe1fs,97,bgfhnd1z,131,mock_N08_N04_Aonly,Discussion,1773442550,11,0,0
putqe1fs,106,ofek7hsb,131,mock_N08_N04_Aonly,Discussion,1773442551,11,0,0
putqe1fs,108,ovuh3vse,4,presurvey,NeighborhoodInstruction,1773442554,1,0,0
putqe1fs,110,0qkuhtw6,4,presurvey,NeighborhoodInstruction,1773442556,1,0,0
putqe1fs,112,41cy25nn,3,presurvey,Demographics,1773442560,1,0,0
putqe1fs,113,qimoaeyy,0,,InitializeParticipant,1773442561,1,0,0
putqe1fs,102,hltd4wqz,131,mock_N08_N04_Aonly,Discussion,1773442562,11,0,0
putqe1fs,92,lb1566y7,137,mock_N08_N04_Aonly,DiscussionGRPWaitPage,1773442562,12,0,1
putqe1fs,97,bgfhnd1z,137,mock_N08_N04_Aonly,DiscussionGRPWaitPage,1773442562,12,0,1
putqe1fs,96,na979as1,137,mock_N08_N04_Aonly,DiscussionGRPWaitPage,1773442562,12,0,1
putqe1fs,103,jir744t1,137,mock_N08_N04_Aonly,DiscussionGRPWaitPage,1773442562,12,0,1
putqe1fs,106,ofek7hsb,137,mock_N08_N04_Aonly,DiscussionGRPWaitPage,1773442562,12,0,1
putqe1fs,100,kzybp1q7,137,mock_N08_N04_Aonly,DiscussionGRPWaitPage,1773442562,12,0,1
putqe1fs,101,01rn3x6y,137,mock_N08_N04_Aonly,DiscussionGRPWaitPage,1773442562,12,0,1
putqe1fs,102,hltd4wqz,137,mock_N08_N04_Aonly,DiscussionGRPWaitPage,1773442562,12,0,1
putqe1fs,102,hltd4wqz,142,mock_N08_N04_Aonly,Discussion,1773442564,12,0,0
putqe1fs,112,41cy25nn,4,presurvey,NeighborhoodInstruction,1773442565,1,0,0
putqe1fs,101,01rn3x6y,142,mock_N08_N04_Aonly,Discussion,1773442565,12,0,0
putqe1fs,97,bgfhnd1z,142,mock_N08_N04_Aonly,Discussion,1773442566,12,0,0
putqe1fs,92,lb1566y7,142,mock_N08_N04_Aonly,Discussion,1773442567,12,0,0
putqe1fs,100,kzybp1q7,142,mock_N08_N04_Aonly,Discussion,1773442567,12,0,0
putqe1fs,103,jir744t1,142,mock_N08_N04_Aonly,Discussion,1773442568,12,0,0
putqe1fs,96,na979as1,142,mock_N08_N04_Aonly,Discussion,1773442570,12,0,0
putqe1fs,106,ofek7hsb,142,mock_N08_N04_Aonly,Discussion,1773442572,12,0,0
putqe1fs,92,lb1566y7,148,mock_N08_N04_Aonly,DiscussionGRPWaitPage,1773442572,13,0,1
putqe1fs,97,bgfhnd1z,148,mock_N08_N04_Aonly,DiscussionGRPWaitPage,1773442572,13,0,1
putqe1fs,106,ofek7hsb,148,mock_N08_N04_Aonly,DiscussionGRPWaitPage,1773442572,13,0,1
putqe1fs,96,na979as1,148,mock_N08_N04_Aonly,DiscussionGRPWaitPage,1773442572,13,0,1
putqe1fs,100,kzybp1q7,148,mock_N08_N04_Aonly,DiscussionGRPWaitPage,1773442572,13,0,1
putqe1fs,101,01rn3x6y,148,mock_N08_N04_Aonly,DiscussionGRPWaitPage,1773442572,13,0,1
putqe1fs,102,hltd4wqz,148,mock_N08_N04_Aonly,DiscussionGRPWaitPage,1773442572,13,0,1
putqe1fs,103,jir744t1,148,mock_N08_N04_Aonly,DiscussionGRPWaitPage,1773442572,13,0,1
putqe1fs,113,qimoaeyy,1,presurvey,Introduction,1773442573,1,0,0
putqe1fs,101,01rn3x6y,153,mock_N08_N04_Aonly,Discussion,1773442574,13,0,0
putqe1fs,92,lb1566y7,153,mock_N08_N04_Aonly,Discussion,1773442574,13,0,0
putqe1fs,97,bgfhnd1z,153,mock_N08_N04_Aonly,Discussion,1773442575,13,0,0
putqe1fs,100,kzybp1q7,153,mock_N08_N04_Aonly,Discussion,1773442576,13,0,0
putqe1fs,108,ovuh3vse,5,presurvey,Training,1773442578,1,0,0
putqe1fs,96,na979as1,153,mock_N08_N04_Aonly,Discussion,1773442578,13,0,0
putqe1fs,103,jir744t1,153,mock_N08_N04_Aonly,Discussion,1773442579,13,0,0
putqe1fs,106,ofek7hsb,153,mock_N08_N04_Aonly,Discussion,1773442580,13,0,0
putqe1fs,109,d5zf947d,11,presurvey,Scenario,1773442582,1,0,0
putqe1fs,113,qimoaeyy,2,presurvey,AudioCheck,1773442586,1,0,0
putqe1fs,102,hltd4wqz,153,mock_N08_N04_Aonly,Discussion,1773442590,13,0,0
putqe1fs,92,lb1566y7,159,mock_N08_N04_Aonly,DiscussionGRPWaitPage,1773442590,14,0,1
putqe1fs,97,bgfhnd1z,159,mock_N08_N04_Aonly,DiscussionGRPWaitPage,1773442590,14,0,1
putqe1fs,103,jir744t1,159,mock_N08_N04_Aonly,DiscussionGRPWaitPage,1773442590,14,0,1
putqe1fs,106,ofek7hsb,159,mock_N08_N04_Aonly,DiscussionGRPWaitPage,1773442590,14,0,1
putqe1fs,96,na979as1,159,mock_N08_N04_Aonly,DiscussionGRPWaitPage,1773442590,14,0,1
putqe1fs,100,kzybp1q7,159,mock_N08_N04_Aonly,DiscussionGRPWaitPage,1773442590,14,0,1
putqe1fs,101,01rn3x6y,159,mock_N08_N04_Aonly,DiscussionGRPWaitPage,1773442590,14,0,1
putqe1fs,102,hltd4wqz,159,mock_N08_N04_Aonly,DiscussionGRPWaitPage,1773442590,14,0,1
putqe1fs,110,0qkuhtw6,5,presurvey,Training,1773442591,1,0,0
putqe1fs,102,hltd4wqz,164,mock_N08_N04_Aonly,Discussion,1773442592,14,0,0
putqe1fs,101,01rn3x6y,164,mock_N08_N04_Aonly,Discussion,1773442593,14,0,0
putqe1fs,97,bgfhnd1z,164,mock_N08_N04_Aonly,Discussion,1773442594,14,0,0
putqe1fs,96,na979as1,164,mock_N08_N04_Aonly,Discussion,1773442594,14,0,0
putqe1fs,92,lb1566y7,164,mock_N08_N04_Aonly,Discussion,1773442595,14,0,0
putqe1fs,100,kzybp1q7,164,mock_N08_N04_Aonly,Discussion,1773442595,14,0,0
putqe1fs,103,jir744t1,164,mock_N08_N04_Aonly,Discussion,1773442595,14,0,0
putqe1fs,106,ofek7hsb,164,mock_N08_N04_Aonly,Discussion,1773442596,14,0,0
putqe1fs,92,lb1566y7,170,mock_N08_N04_Aonly,DiscussionGRPWaitPage,1773442596,15,0,1
putqe1fs,97,bgfhnd1z,170,mock_N08_N04_Aonly,DiscussionGRPWaitPage,1773442596,15,0,1
putqe1fs,103,jir744t1,170,mock_N08_N04_Aonly,DiscussionGRPWaitPage,1773442596,15,0,1
putqe1fs,106,ofek7hsb,170,mock_N08_N04_Aonly,DiscussionGRPWaitPage,1773442596,15,0,1
putqe1fs,96,na979as1,170,mock_N08_N04_Aonly,DiscussionGRPWaitPage,1773442596,15,0,1
putqe1fs,100,kzybp1q7,170,mock_N08_N04_Aonly,DiscussionGRPWaitPage,1773442596,15,0,1
putqe1fs,101,01rn3x6y,170,mock_N08_N04_Aonly,DiscussionGRPWaitPage,1773442596,15,0,1
putqe1fs,102,hltd4wqz,170,mock_N08_N04_Aonly,DiscussionGRPWaitPage,1773442596,15,0,1
putqe1fs,114,gzh8jotc,0,,InitializeParticipant,1773442597,1,0,0
putqe1fs,112,41cy25nn,5,presurvey,Training,1773442597,1,0,0
putqe1fs,101,01rn3x6y,175,mock_N08_N04_Aonly,Discussion,1773442598,15,0,0
putqe1fs,100,kzybp1q7,175,mock_N08_N04_Aonly,Discussion,1773442599,15,0,0
putqe1fs,97,bgfhnd1z,175,mock_N08_N04_Aonly,Discussion,1773442599,15,0,0
putqe1fs,103,jir744t1,175,mock_N08_N04_Aonly,Discussion,1773442600,15,0,0
putqe1fs,92,lb1566y7,175,mock_N08_N04_Aonly,Discussion,1773442601,15,0,0
putqe1fs,106,ofek7hsb,175,mock_N08_N04_Aonly,Discussion,1773442601,15,0,0
putqe1fs,111,uh00o7n4,3,presurvey,Demographics,1773442602,1,0,0
putqe1fs,115,lq5sr799,0,,InitializeParticipant,1773442604,1,0,0
putqe1fs,96,na979as1,175,mock_N08_N04_Aonly,Discussion,1773442607,15,0,0
putqe1fs,116,g43n0ctq,0,,InitializeParticipant,1773442610,1,0,0
putqe1fs,108,ovuh3vse,6,presurvey,TrainingNeighbor_1,1773442614,1,0,0
putqe1fs,102,hltd4wqz,175,mock_N08_N04_Aonly,Discussion,1773442615,15,0,0
putqe1fs,92,lb1566y7,181,mock_N08_N04_Aonly,DiscussionGRPWaitPage,1773442615,16,0,1
putqe1fs,96,na979as1,181,mock_N08_N04_Aonly,DiscussionGRPWaitPage,1773442615,16,0,1
putqe1fs,103,jir744t1,181,mock_N08_N04_Aonly,DiscussionGRPWaitPage,1773442615,16,0,1
putqe1fs,97,bgfhnd1z,181,mock_N08_N04_Aonly,DiscussionGRPWaitPage,1773442615,16,0,1
putqe1fs,106,ofek7hsb,181,mock_N08_N04_Aonly,DiscussionGRPWaitPage,1773442615,16,0,1
putqe1fs,100,kzybp1q7,181,mock_N08_N04_Aonly,DiscussionGRPWaitPage,1773442615,16,0,1
putqe1fs,101,01rn3x6y,181,mock_N08_N04_Aonly,DiscussionGRPWaitPage,1773442615,16,0,1
putqe1fs,102,hltd4wqz,181,mock_N08_N04_Aonly,DiscussionGRPWaitPage,1773442615,16,0,1
putqe1fs,92,lb1566y7,186,mock_N08_N04_Aonly,Discussion,1773442618,16,0,0
putqe1fs,97,bgfhnd1z,186,mock_N08_N04_Aonly,Discussion,1773442619,16,0,0
putqe1fs,101,01rn3x6y,186,mock_N08_N04_Aonly,Discussion,1773442620,16,0,0
putqe1fs,102,hltd4wqz,186,mock_N08_N04_Aonly,Discussion,1773442620,16,0,0
putqe1fs,96,na979as1,186,mock_N08_N04_Aonly,Discussion,1773442620,16,0,0
putqe1fs,100,kzybp1q7,186,mock_N08_N04_Aonly,Discussion,1773442620,16,0,0
putqe1fs,103,jir744t1,186,mock_N08_N04_Aonly,Discussion,1773442621,16,0,0
putqe1fs,114,gzh8jotc,1,presurvey,Introduction,1773442621,1,0,0
putqe1fs,106,ofek7hsb,186,mock_N08_N04_Aonly,Discussion,1773442623,16,0,0
putqe1fs,92,lb1566y7,192,mock_N08_N04_Aonly,DiscussionGRPWaitPage,1773442623,17,0,1
putqe1fs,101,01rn3x6y,192,mock_N08_N04_Aonly,DiscussionGRPWaitPage,1773442623,17,0,1
putqe1fs,102,hltd4wqz,192,mock_N08_N04_Aonly,DiscussionGRPWaitPage,1773442623,17,0,1
putqe1fs,97,bgfhnd1z,192,mock_N08_N04_Aonly,DiscussionGRPWaitPage,1773442623,17,0,1
putqe1fs,103,jir744t1,192,mock_N08_N04_Aonly,DiscussionGRPWaitPage,1773442623,17,0,1
putqe1fs,106,ofek7hsb,192,mock_N08_N04_Aonly,DiscussionGRPWaitPage,1773442623,17,0,1
putqe1fs,96,na979as1,192,mock_N08_N04_Aonly,DiscussionGRPWaitPage,1773442623,17,0,1
putqe1fs,100,kzybp1q7,192,mock_N08_N04_Aonly,DiscussionGRPWaitPage,1773442623,17,0,1
putqe1fs,113,qimoaeyy,3,presurvey,Demographics,1773442623,1,0,0
putqe1fs,92,lb1566y7,197,mock_N08_N04_Aonly,Discussion,1773442625,17,0,0
putqe1fs,101,01rn3x6y,197,mock_N08_N04_Aonly,Discussion,1773442625,17,0,0
putqe1fs,100,kzybp1q7,197,mock_N08_N04_Aonly,Discussion,1773442627,17,0,0
putqe1fs,97,bgfhnd1z,197,mock_N08_N04_Aonly,Discussion,1773442627,17,0,0
putqe1fs,103,jir744t1,197,mock_N08_N04_Aonly,Discussion,1773442627,17,0,0
putqe1fs,102,hltd4wqz,197,mock_N08_N04_Aonly,Discussion,1773442627,17,0,0
putqe1fs,106,ofek7hsb,197,mock_N08_N04_Aonly,Discussion,1773442628,17,0,0
putqe1fs,96,na979as1,197,mock_N08_N04_Aonly,Discussion,1773442629,17,0,0
putqe1fs,103,jir744t1,203,mock_N08_N04_Aonly,DiscussionGRPWaitPage,1773442629,18,0,1
putqe1fs,106,ofek7hsb,203,mock_N08_N04_Aonly,DiscussionGRPWaitPage,1773442629,18,0,1
putqe1fs,92,lb1566y7,203,mock_N08_N04_Aonly,DiscussionGRPWaitPage,1773442629,18,0,1
putqe1fs,97,bgfhnd1z,203,mock_N08_N04_Aonly,DiscussionGRPWaitPage,1773442629,18,0,1
putqe1fs,96,na979as1,203,mock_N08_N04_Aonly,DiscussionGRPWaitPage,1773442629,18,0,1
putqe1fs,100,kzybp1q7,203,mock_N08_N04_Aonly,DiscussionGRPWaitPage,1773442629,18,0,1
putqe1fs,101,01rn3x6y,203,mock_N08_N04_Aonly,DiscussionGRPWaitPage,1773442629,18,0,1
putqe1fs,102,hltd4wqz,203,mock_N08_N04_Aonly,DiscussionGRPWaitPage,1773442629,18,0,1
putqe1fs,116,g43n0ctq,1,presurvey,Introduction,1773442630,1,0,0
putqe1fs,92,lb1566y7,208,mock_N08_N04_Aonly,Discussion,1773442633,18,0,0
putqe1fs,97,bgfhnd1z,208,mock_N08_N04_Aonly,Discussion,1773442633,18,0,0
putqe1fs,102,hltd4wqz,208,mock_N08_N04_Aonly,Discussion,1773442633,18,0,0
putqe1fs,96,na979as1,208,mock_N08_N04_Aonly,Discussion,1773442633,18,0,0
putqe1fs,114,gzh8jotc,2,presurvey,AudioCheck,1773442633,1,0,0
putqe1fs,117,vrus6agn,0,,InitializeParticipant,1773442634,1,0,0
putqe1fs,101,01rn3x6y,208,mock_N08_N04_Aonly,Discussion,1773442634,18,0,0
putqe1fs,106,ofek7hsb,208,mock_N08_N04_Aonly,Discussion,1773442635,18,0,0
putqe1fs,100,kzybp1q7,208,mock_N08_N04_Aonly,Discussion,1773442635,18,0,0
putqe1fs,113,qimoaeyy,4,presurvey,NeighborhoodInstruction,1773442636,1,0,0
putqe1fs,103,jir744t1,208,mock_N08_N04_Aonly,Discussion,1773442636,18,0,0
putqe1fs,92,lb1566y7,214,mock_N08_N04_Aonly,DiscussionGRPWaitPage,1773442636,19,0,1
putqe1fs,103,jir744t1,214,mock_N08_N04_Aonly,DiscussionGRPWaitPage,1773442636,19,0,1
putqe1fs,106,ofek7hsb,214,mock_N08_N04_Aonly,DiscussionGRPWaitPage,1773442636,19,0,1
putqe1fs,102,hltd4wqz,214,mock_N08_N04_Aonly,DiscussionGRPWaitPage,1773442636,19,0,1
putqe1fs,97,bgfhnd1z,214,mock_N08_N04_Aonly,DiscussionGRPWaitPage,1773442636,19,0,1
putqe1fs,96,na979as1,214,mock_N08_N04_Aonly,DiscussionGRPWaitPage,1773442636,19,0,1
putqe1fs,100,kzybp1q7,214,mock_N08_N04_Aonly,DiscussionGRPWaitPage,1773442636,19,0,1
putqe1fs,101,01rn3x6y,214,mock_N08_N04_Aonly,DiscussionGRPWaitPage,1773442636,19,0,1
putqe1fs,110,0qkuhtw6,6,presurvey,TrainingNeighbor_1,1773442636,1,0,0
putqe1fs,115,lq5sr799,1,presurvey,Introduction,1773442637,1,0,0
putqe1fs,102,hltd4wqz,219,mock_N08_N04_Aonly,Discussion,1773442638,19,0,0
putqe1fs,101,01rn3x6y,219,mock_N08_N04_Aonly,Discussion,1773442638,19,0,0
putqe1fs,92,lb1566y7,219,mock_N08_N04_Aonly,Discussion,1773442638,19,0,0
putqe1fs,97,bgfhnd1z,219,mock_N08_N04_Aonly,Discussion,1773442639,19,0,0
putqe1fs,96,na979as1,219,mock_N08_N04_Aonly,Discussion,1773442640,19,0,0
putqe1fs,100,kzybp1q7,219,mock_N08_N04_Aonly,Discussion,1773442641,19,0,0
putqe1fs,103,jir744t1,219,mock_N08_N04_Aonly,Discussion,1773442643,19,0,0
putqe1fs,117,vrus6agn,1,presurvey,Introduction,1773442645,1,0,0
putqe1fs,106,ofek7hsb,219,mock_N08_N04_Aonly,Discussion,1773442647,19,0,0
putqe1fs,92,lb1566y7,225,mock_N08_N04_Aonly,DiscussionGRPWaitPage,1773442647,20,0,1
putqe1fs,96,na979as1,225,mock_N08_N04_Aonly,DiscussionGRPWaitPage,1773442647,20,0,1
putqe1fs,97,bgfhnd1z,225,mock_N08_N04_Aonly,DiscussionGRPWaitPage,1773442647,20,0,1
putqe1fs,103,jir744t1,225,mock_N08_N04_Aonly,DiscussionGRPWaitPage,1773442647,20,0,1
putqe1fs,106,ofek7hsb,225,mock_N08_N04_Aonly,DiscussionGRPWaitPage,1773442647,20,0,1
putqe1fs,100,kzybp1q7,225,mock_N08_N04_Aonly,DiscussionGRPWaitPage,1773442647,20,0,1
putqe1fs,101,01rn3x6y,225,mock_N08_N04_Aonly,DiscussionGRPWaitPage,1773442647,20,0,1
putqe1fs,102,hltd4wqz,225,mock_N08_N04_Aonly,DiscussionGRPWaitPage,1773442647,20,0,1
putqe1fs,114,gzh8jotc,3,presurvey,Demographics,1773442647,1,0,0
putqe1fs,102,hltd4wqz,230,mock_N08_N04_Aonly,Discussion,1773442649,20,0,0
putqe1fs,92,lb1566y7,230,mock_N08_N04_Aonly,Discussion,1773442649,20,0,0
putqe1fs,101,01rn3x6y,230,mock_N08_N04_Aonly,Discussion,1773442650,20,0,0
putqe1fs,97,bgfhnd1z,230,mock_N08_N04_Aonly,Discussion,1773442650,20,0,0
putqe1fs,100,kzybp1q7,230,mock_N08_N04_Aonly,Discussion,1773442650,20,0,0
putqe1fs,110,0qkuhtw6,10,presurvey,ExperimentInstruction,1773442651,1,0,0
putqe1fs,103,jir744t1,230,mock_N08_N04_Aonly,Discussion,1773442651,20,0,0
putqe1fs,96,na979as1,230,mock_N08_N04_Aonly,Discussion,1773442651,20,0,0
putqe1fs,106,ofek7hsb,230,mock_N08_N04_Aonly,Discussion,1773442652,20,0,0
putqe1fs,96,na979as1,231,mock_N08_N04_Aonly,FinalRoundWaitPage,1773442653,20,0,1
putqe1fs,92,lb1566y7,231,mock_N08_N04_Aonly,FinalRoundWaitPage,1773442653,20,0,1
putqe1fs,102,hltd4wqz,231,mock_N08_N04_Aonly,FinalRoundWaitPage,1773442653,20,0,1
putqe1fs,101,01rn3x6y,231,mock_N08_N04_Aonly,FinalRoundWaitPage,1773442653,20,0,1
putqe1fs,97,bgfhnd1z,231,mock_N08_N04_Aonly,FinalRoundWaitPage,1773442653,20,0,1
putqe1fs,100,kzybp1q7,231,mock_N08_N04_Aonly,FinalRoundWaitPage,1773442653,20,0,1
putqe1fs,103,jir744t1,231,mock_N08_N04_Aonly,FinalRoundWaitPage,1773442653,20,0,1
putqe1fs,106,ofek7hsb,231,mock_N08_N04_Aonly,FinalRoundWaitPage,1773442653,20,0,1
putqe1fs,115,lq5sr799,2,presurvey,AudioCheck,1773442653,1,0,0
putqe1fs,102,hltd4wqz,232,mock_N08_N04_Aonly,FinalRound,1773442656,20,0,0
putqe1fs,108,ovuh3vse,10,presurvey,ExperimentInstruction,1773442658,1,0,0
putqe1fs,97,bgfhnd1z,232,mock_N08_N04_Aonly,FinalRound,1773442659,20,0,0
putqe1fs,101,01rn3x6y,232,mock_N08_N04_Aonly,FinalRound,1773442659,20,0,0
putqe1fs,100,kzybp1q7,232,mock_N08_N04_Aonly,FinalRound,1773442659,20,0,0
putqe1fs,106,ofek7hsb,232,mock_N08_N04_Aonly,FinalRound,1773442659,20,0,0
putqe1fs,96,na979as1,232,mock_N08_N04_Aonly,FinalRound,1773442660,20,0,0
putqe1fs,103,jir744t1,232,mock_N08_N04_Aonly,FinalRound,1773442661,20,0,0
putqe1fs,92,lb1566y7,232,mock_N08_N04_Aonly,FinalRound,1773442662,20,0,0
putqe1fs,115,lq5sr799,3,presurvey,Demographics,1773442663,1,0,0
putqe1fs,118,94vzidkt,0,,InitializeParticipant,1773442663,1,0,0
putqe1fs,114,gzh8jotc,4,presurvey,NeighborhoodInstruction,1773442663,1,0,0
putqe1fs,112,41cy25nn,6,presurvey,TrainingNeighbor_1,1773442667,1,0,0
putqe1fs,115,lq5sr799,4,presurvey,NeighborhoodInstruction,1773442673,1,0,0
putqe1fs,114,gzh8jotc,5,presurvey,Training,1773442674,1,0,0
putqe1fs,113,qimoaeyy,5,presurvey,Training,1773442674,1,0,0
putqe1fs,117,vrus6agn,2,presurvey,AudioCheck,1773442676,1,0,0
putqe1fs,119,pel44744,0,,InitializeParticipant,1773442680,1,0,0
putqe1fs,110,0qkuhtw6,11,presurvey,Scenario,1773442684,1,0,0
putqe1fs,120,687jtsuf,0,,InitializeParticipant,1773442689,1,0,0
putqe1fs,108,ovuh3vse,11,presurvey,Scenario,1773442697,1,0,0
putqe1fs,117,vrus6agn,3,presurvey,Demographics,1773442700,1,0,0
putqe1fs,119,pel44744,1,presurvey,Introduction,1773442700,1,0,0
putqe1fs,115,lq5sr799,5,presurvey,Training,1773442700,1,0,0
putqe1fs,118,94vzidkt,1,presurvey,Introduction,1773442701,1,0,0
putqe1fs,112,41cy25nn,10,presurvey,ExperimentInstruction,1773442703,1,0,0
putqe1fs,120,687jtsuf,1,presurvey,Introduction,1773442704,1,0,0
putqe1fs,114,gzh8jotc,6,presurvey,TrainingNeighbor_1,1773442716,1,0,0
putqe1fs,120,687jtsuf,2,presurvey,AudioCheck,1773442717,1,0,0
putqe1fs,114,gzh8jotc,10,presurvey,ExperimentInstruction,1773442725,1,0,0
putqe1fs,119,pel44744,2,presurvey,AudioCheck,1773442726,1,0,0
putqe1fs,113,qimoaeyy,6,presurvey,TrainingNeighbor_1,1773442732,1,0,0
putqe1fs,120,687jtsuf,3,presurvey,Demographics,1773442732,1,0,0
putqe1fs,119,pel44744,3,presurvey,Demographics,1773442739,1,0,0
putqe1fs,117,vrus6agn,4,presurvey,NeighborhoodInstruction,1773442744,1,0,0
putqe1fs,113,qimoaeyy,7,presurvey,TrainingNeighbor_2,1773442744,1,0,0
putqe1fs,112,41cy25nn,11,presurvey,Scenario,1773442747,1,0,0
putqe1fs,113,qimoaeyy,10,presurvey,ExperimentInstruction,1773442750,1,0,0
putqe1fs,114,gzh8jotc,11,presurvey,Scenario,1773442751,1,0,0
putqe1fs,118,94vzidkt,2,presurvey,AudioCheck,1773442758,1,0,0
putqe1fs,119,pel44744,4,presurvey,NeighborhoodInstruction,1773442759,1,0,0
putqe1fs,113,qimoaeyy,11,presurvey,Scenario,1773442766,1,0,0
putqe1fs,115,lq5sr799,6,presurvey,TrainingNeighbor_1,1773442772,1,0,0
putqe1fs,114,gzh8jotc,12,presurvey,Commitment,1773442779,1,0,0
putqe1fs,117,vrus6agn,5,presurvey,Training,1773442779,1,0,0
putqe1fs,119,pel44744,5,presurvey,Training,1773442779,1,0,0
putqe1fs,121,mn4f7qsu,0,,InitializeParticipant,1773442781,1,0,0
putqe1fs,115,lq5sr799,10,presurvey,ExperimentInstruction,1773442784,1,0,0
putqe1fs,118,94vzidkt,3,presurvey,Demographics,1773442787,1,0,0
putqe1fs,122,yipvkmzb,0,,InitializeParticipant,1773442800,1,0,0
putqe1fs,119,pel44744,6,presurvey,TrainingNeighbor_1,1773442802,1,0,0
putqe1fs,121,mn4f7qsu,1,presurvey,Introduction,1773442805,1,0,0
putqe1fs,115,lq5sr799,11,presurvey,Scenario,1773442810,1,0,0
putqe1fs,119,pel44744,10,presurvey,ExperimentInstruction,1773442811,1,0,0
putqe1fs,123,b93wmkch,0,,InitializeParticipant,1773442823,1,0,0
putqe1fs,112,41cy25nn,12,presurvey,Commitment,1773442823,1,0,0
putqe1fs,118,94vzidkt,4,presurvey,NeighborhoodInstruction,1773442824,1,0,0
putqe1fs,124,4zpvkiin,0,,InitializeParticipant,1773442826,1,0,0
putqe1fs,119,pel44744,11,presurvey,Scenario,1773442836,1,0,0
putqe1fs,117,vrus6agn,6,presurvey,TrainingNeighbor_1,1773442837,1,0,0
putqe1fs,121,mn4f7qsu,2,presurvey,AudioCheck,1773442837,1,0,0
putqe1fs,123,b93wmkch,1,presurvey,Introduction,1773442839,1,0,0
putqe1fs,122,yipvkmzb,1,presurvey,Introduction,1773442839,1,0,0
putqe1fs,117,vrus6agn,7,presurvey,TrainingNeighbor_2,1773442849,1,0,0
putqe1fs,123,b93wmkch,2,presurvey,AudioCheck,1773442850,1,0,0
putqe1fs,122,yipvkmzb,2,presurvey,AudioCheck,1773442851,1,0,0
putqe1fs,115,lq5sr799,12,presurvey,Commitment,1773442852,1,0,0
putqe1fs,122,yipvkmzb,3,presurvey,Demographics,1773442860,1,0,0
putqe1fs,123,b93wmkch,3,presurvey,Demographics,1773442863,1,0,0
putqe1fs,117,vrus6agn,8,presurvey,AttentionCheck,1773442863,1,0,0
putqe1fs,120,687jtsuf,4,presurvey,NeighborhoodInstruction,1773442873,1,0,0
putqe1fs,119,pel44744,12,presurvey,Commitment,1773442873,1,0,0
putqe1fs,122,yipvkmzb,4,presurvey,NeighborhoodInstruction,1773442873,1,0,0
putqe1fs,125,96fp7hor,0,,InitializeParticipant,1773442877,1,0,0
putqe1fs,117,vrus6agn,9,presurvey,TrainingNeighbor_3,1773442882,1,0,0
putqe1fs,124,4zpvkiin,1,presurvey,Introduction,1773442886,1,0,0
putqe1fs,123,b93wmkch,4,presurvey,NeighborhoodInstruction,1773442886,1,0,0
putqe1fs,121,mn4f7qsu,3,presurvey,Demographics,1773442891,1,0,0
putqe1fs,118,94vzidkt,5,presurvey,Training,1773442895,1,0,0
putqe1fs,125,96fp7hor,1,presurvey,Introduction,1773442896,1,0,0
putqe1fs,122,yipvkmzb,5,presurvey,Training,1773442897,1,0,0
putqe1fs,121,mn4f7qsu,4,presurvey,NeighborhoodInstruction,1773442905,1,0,0
putqe1fs,125,96fp7hor,2,presurvey,AudioCheck,1773442908,1,0,0
putqe1fs,126,7t59vhh5,0,,InitializeParticipant,1773442910,1,0,0
putqe1fs,126,7t59vhh5,1,presurvey,Introduction,1773442914,1,0,0
putqe1fs,123,b93wmkch,5,presurvey,Training,1773442918,1,0,0
putqe1fs,125,96fp7hor,3,presurvey,Demographics,1773442925,1,0,0
putqe1fs,122,yipvkmzb,6,presurvey,TrainingNeighbor_1,1773442926,1,0,0
putqe1fs,126,7t59vhh5,2,presurvey,AudioCheck,1773442927,1,0,0
putqe1fs,127,s6ol37xv,0,,InitializeParticipant,1773442935,1,0,0
putqe1fs,121,mn4f7qsu,5,presurvey,Training,1773442936,1,0,0
putqe1fs,122,yipvkmzb,7,presurvey,TrainingNeighbor_2,1773442937,1,0,0
putqe1fs,126,7t59vhh5,3,presurvey,Demographics,1773442940,1,0,0
putqe1fs,122,yipvkmzb,10,presurvey,ExperimentInstruction,1773442941,1,0,0
putqe1fs,124,4zpvkiin,2,presurvey,AudioCheck,1773442942,1,0,0
putqe1fs,120,687jtsuf,5,presurvey,Training,1773442950,1,0,0
putqe1fs,127,s6ol37xv,1,presurvey,Introduction,1773442953,1,0,0
putqe1fs,125,96fp7hor,4,presurvey,NeighborhoodInstruction,1773442954,1,0,0
putqe1fs,126,7t59vhh5,4,presurvey,NeighborhoodInstruction,1773442959,1,0,0
putqe1fs,122,yipvkmzb,11,presurvey,Scenario,1773442962,1,0,0
putqe1fs,123,b93wmkch,6,presurvey,TrainingNeighbor_1,1773442963,1,0,0
putqe1fs,123,b93wmkch,10,presurvey,ExperimentInstruction,1773442972,1,0,0
putqe1fs,121,mn4f7qsu,6,presurvey,TrainingNeighbor_1,1773442978,1,0,0
putqe1fs,120,687jtsuf,6,presurvey,TrainingNeighbor_1,1773442981,1,0,0
putqe1fs,126,7t59vhh5,5,presurvey,Training,1773442983,1,0,0
putqe1fs,125,96fp7hor,5,presurvey,Training,1773442985,1,0,0
putqe1fs,120,687jtsuf,10,presurvey,ExperimentInstruction,1773442989,1,0,0
putqe1fs,127,s6ol37xv,2,presurvey,AudioCheck,1773442994,1,0,0
putqe1fs,123,b93wmkch,11,presurvey,Scenario,1773443004,1,0,0
putqe1fs,121,mn4f7qsu,10,presurvey,ExperimentInstruction,1773443007,1,0,0
putqe1fs,118,94vzidkt,6,presurvey,TrainingNeighbor_1,1773443008,1,0,0
putqe1fs,126,7t59vhh5,6,presurvey,TrainingNeighbor_1,1773443012,1,0,0
putqe1fs,126,7t59vhh5,7,presurvey,TrainingNeighbor_2,1773443018,1,0,0
putqe1fs,120,687jtsuf,11,presurvey,Scenario,1773443020,1,0,0
putqe1fs,127,s6ol37xv,3,presurvey,Demographics,1773443025,1,0,0
putqe1fs,126,7t59vhh5,10,presurvey,ExperimentInstruction,1773443027,1,0,0
putqe1fs,125,96fp7hor,6,presurvey,TrainingNeighbor_1,1773443027,1,0,0
putqe1fs,122,yipvkmzb,12,presurvey,Commitment,1773443027,1,0,0
putqe1fs,118,94vzidkt,7,presurvey,TrainingNeighbor_2,1773443028,1,0,0
putqe1fs,128,7q97ekm2,0,,InitializeParticipant,1773443029,1,0,0
putqe1fs,125,96fp7hor,10,presurvey,ExperimentInstruction,1773443035,1,0,0
putqe1fs,121,mn4f7qsu,11,presurvey,Scenario,1773443035,1,0,0
putqe1fs,118,94vzidkt,10,presurvey,ExperimentInstruction,1773443039,1,0,0
putqe1fs,128,7q97ekm2,1,presurvey,Introduction,1773443047,1,0,0
putqe1fs,129,swtkynos,0,,InitializeParticipant,1773443047,1,0,0
putqe1fs,129,swtkynos,1,presurvey,Introduction,1773443055,1,0,0
putqe1fs,128,7q97ekm2,2,presurvey,AudioCheck,1773443062,1,0,0
putqe1fs,127,s6ol37xv,4,presurvey,NeighborhoodInstruction,1773443068,1,0,0
putqe1fs,126,7t59vhh5,11,presurvey,Scenario,1773443071,1,0,0
putqe1fs,118,94vzidkt,11,presurvey,Scenario,1773443074,1,0,0
putqe1fs,125,96fp7hor,11,presurvey,Scenario,1773443080,1,0,0
putqe1fs,128,7q97ekm2,3,presurvey,Demographics,1773443083,1,0,0
putqe1fs,128,7q97ekm2,4,presurvey,NeighborhoodInstruction,1773443085,1,0,0
putqe1fs,121,mn4f7qsu,12,presurvey,Commitment,1773443086,1,0,0
putqe1fs,127,s6ol37xv,5,presurvey,Training,1773443094,1,0,0
putqe1fs,129,swtkynos,2,presurvey,AudioCheck,1773443115,1,0,0
putqe1fs,128,7q97ekm2,5,presurvey,Training,1773443120,1,0,0
putqe1fs,126,7t59vhh5,12,presurvey,Commitment,1773443122,1,0,0
putqe1fs,130,3x5s6yln,0,,InitializeParticipant,1773443127,1,0,0
putqe1fs,127,s6ol37xv,6,presurvey,TrainingNeighbor_1,1773443129,1,0,0
putqe1fs,118,94vzidkt,12,presurvey,Commitment,1773443130,1,0,0
putqe1fs,130,3x5s6yln,1,presurvey,Introduction,1773443138,1,0,0
putqe1fs,129,swtkynos,3,presurvey,Demographics,1773443139,1,0,0
putqe1fs,128,7q97ekm2,6,presurvey,TrainingNeighbor_1,1773443147,1,0,0
putqe1fs,130,3x5s6yln,2,presurvey,AudioCheck,1773443151,1,0,0
putqe1fs,130,3x5s6yln,3,presurvey,Demographics,1773443160,1,0,0
putqe1fs,130,3x5s6yln,4,presurvey,NeighborhoodInstruction,1773443169,1,0,0
putqe1fs,128,7q97ekm2,10,presurvey,ExperimentInstruction,1773443183,1,0,0
putqe1fs,127,s6ol37xv,10,presurvey,ExperimentInstruction,1773443188,1,0,0
putqe1fs,131,sur89pxl,0,,InitializeParticipant,1773443193,1,0,0
putqe1fs,130,3x5s6yln,5,presurvey,Training,1773443193,1,0,0
putqe1fs,131,sur89pxl,1,presurvey,Introduction,1773443202,1,0,0
putqe1fs,127,s6ol37xv,11,presurvey,Scenario,1773443208,1,0,0
putqe1fs,128,7q97ekm2,11,presurvey,Scenario,1773443210,1,0,0
putqe1fs,129,swtkynos,4,presurvey,NeighborhoodInstruction,1773443219,1,0,0
putqe1fs,132,w7wubvia,0,,InitializeParticipant,1773443226,1,0,0
putqe1fs,132,w7wubvia,1,presurvey,Introduction,1773443233,1,0,0
putqe1fs,130,3x5s6yln,6,presurvey,TrainingNeighbor_1,1773443234,1,0,0
putqe1fs,127,s6ol37xv,12,presurvey,Commitment,1773443239,1,0,0
putqe1fs,130,3x5s6yln,7,presurvey,TrainingNeighbor_2,1773443242,1,0,0
putqe1fs,130,3x5s6yln,10,presurvey,ExperimentInstruction,1773443249,1,0,0
putqe1fs,132,w7wubvia,2,presurvey,AudioCheck,1773443259,1,0,0
putqe1fs,129,swtkynos,5,presurvey,Training,1773443266,1,0,0
putqe1fs,130,3x5s6yln,11,presurvey,Scenario,1773443273,1,0,0
putqe1fs,132,w7wubvia,3,presurvey,Demographics,1773443285,1,0,0
putqe1fs,132,w7wubvia,4,presurvey,NeighborhoodInstruction,1773443295,1,0,0
putqe1fs,132,w7wubvia,5,presurvey,Training,1773443328,1,0,0
putqe1fs,129,swtkynos,6,presurvey,TrainingNeighbor_1,1773443350,1,0,0
putqe1fs,132,w7wubvia,6,presurvey,TrainingNeighbor_1,1773443363,1,0,0
putqe1fs,132,w7wubvia,10,presurvey,ExperimentInstruction,1773443366,1,0,0
putqe1fs,129,swtkynos,10,presurvey,ExperimentInstruction,1773443374,1,0,0
putqe1fs,133,xzn47sg3,0,,InitializeParticipant,1773443407,1,0,0
putqe1fs,132,w7wubvia,11,presurvey,Scenario,1773443408,1,0,0
putqe1fs,133,xzn47sg3,1,presurvey,Introduction,1773443414,1,0,0
putqe1fs,129,swtkynos,11,presurvey,Scenario,1773443421,1,0,0
putqe1fs,129,swtkynos,12,presurvey,Commitment,1773443497,1,0,0
putqe1fs,134,bir4wxoi,0,,InitializeParticipant,1773443550,1,0,0
putqe1fs,134,bir4wxoi,1,presurvey,Introduction,1773443559,1,0,0
putqe1fs,132,w7wubvia,12,presurvey,Commitment,1773443570,1,0,0
putqe1fs,107,z29s1zly,13,mock_N08_N04_Aonly,GroupingWaitPage,1773443587,1,0,1
putqe1fs,107,z29s1zly,14,mock_N08_N04_Aonly,GroupSizeWaitPage,1773443589,1,0,1
putqe1fs,107,z29s1zly,15,mock_N08_N04_Aonly,AttentionCheck,1773443591,1,0,0
putqe1fs,134,bir4wxoi,2,presurvey,AudioCheck,1773443595,1,0,0
putqe1fs,114,gzh8jotc,13,mock_N08_N04_Aonly,GroupingWaitPage,1773443629,1,0,1
putqe1fs,115,lq5sr799,13,mock_N08_N04_Aonly,GroupingWaitPage,1773443629,1,0,1
putqe1fs,119,pel44744,13,mock_N08_N04_Aonly,GroupingWaitPage,1773443629,1,0,1
putqe1fs,121,mn4f7qsu,13,mock_N08_N04_Aonly,GroupingWaitPage,1773443629,1,0,1
putqe1fs,122,yipvkmzb,13,mock_N08_N04_Aonly,GroupingWaitPage,1773443629,1,0,1
putqe1fs,126,7t59vhh5,13,mock_N08_N04_Aonly,GroupingWaitPage,1773443629,1,0,1
putqe1fs,127,s6ol37xv,13,mock_N08_N04_Aonly,GroupingWaitPage,1773443629,1,0,1
putqe1fs,129,swtkynos,13,mock_N08_N04_Aonly,GroupingWaitPage,1773443629,1,0,1
putqe1fs,114,gzh8jotc,14,mock_N08_N04_Aonly,GroupSizeWaitPage,1773443630,1,0,1
putqe1fs,115,lq5sr799,14,mock_N08_N04_Aonly,GroupSizeWaitPage,1773443630,1,0,1
putqe1fs,119,pel44744,14,mock_N08_N04_Aonly,GroupSizeWaitPage,1773443630,1,0,1
putqe1fs,121,mn4f7qsu,14,mock_N08_N04_Aonly,GroupSizeWaitPage,1773443630,1,0,1
putqe1fs,122,yipvkmzb,14,mock_N08_N04_Aonly,GroupSizeWaitPage,1773443630,1,0,1
putqe1fs,126,7t59vhh5,14,mock_N08_N04_Aonly,GroupSizeWaitPage,1773443630,1,0,1
putqe1fs,127,s6ol37xv,14,mock_N08_N04_Aonly,GroupSizeWaitPage,1773443630,1,0,1
putqe1fs,129,swtkynos,14,mock_N08_N04_Aonly,GroupSizeWaitPage,1773443630,1,0,1
putqe1fs,115,lq5sr799,16,mock_N08_N04_Aonly,DiscussionGRPWaitPage,1773443631,1,0,1
putqe1fs,121,mn4f7qsu,16,mock_N08_N04_Aonly,DiscussionGRPWaitPage,1773443631,1,0,1
putqe1fs,126,7t59vhh5,16,mock_N08_N04_Aonly,DiscussionGRPWaitPage,1773443631,1,0,1
putqe1fs,129,swtkynos,16,mock_N08_N04_Aonly,DiscussionGRPWaitPage,1773443631,1,0,1
putqe1fs,114,gzh8jotc,16,mock_N08_N04_Aonly,DiscussionGRPWaitPage,1773443631,1,0,1
putqe1fs,119,pel44744,16,mock_N08_N04_Aonly,DiscussionGRPWaitPage,1773443631,1,0,1
putqe1fs,122,yipvkmzb,16,mock_N08_N04_Aonly,DiscussionGRPWaitPage,1773443631,1,0,1
putqe1fs,127,s6ol37xv,16,mock_N08_N04_Aonly,DiscussionGRPWaitPage,1773443631,1,0,1
putqe1fs,134,bir4wxoi,3,presurvey,Demographics,1773443640,1,0,0
putqe1fs,126,7t59vhh5,20,mock_N08_N04_Aonly,Phase3,1773443641,1,0,0
putqe1fs,127,s6ol37xv,20,mock_N08_N04_Aonly,Phase3,1773443643,1,0,0
putqe1fs,122,yipvkmzb,20,mock_N08_N04_Aonly,Phase3,1773443649,1,0,0
putqe1fs,114,gzh8jotc,20,mock_N08_N04_Aonly,Phase3,1773443650,1,0,0
putqe1fs,126,7t59vhh5,21,mock_N08_N04_Aonly,Discussion,1773443651,1,0,0
putqe1fs,127,s6ol37xv,21,mock_N08_N04_Aonly,Discussion,1773443653,1,0,0
putqe1fs,129,swtkynos,20,mock_N08_N04_Aonly,Phase3,1773443654,1,0,0
putqe1fs,121,mn4f7qsu,20,mock_N08_N04_Aonly,Phase3,1773443654,1,0,0
putqe1fs,115,lq5sr799,20,mock_N08_N04_Aonly,Phase3,1773443657,1,0,0
putqe1fs,122,yipvkmzb,21,mock_N08_N04_Aonly,Discussion,1773443658,1,0,0
putqe1fs,114,gzh8jotc,21,mock_N08_N04_Aonly,Discussion,1773443659,1,0,0
putqe1fs,115,lq5sr799,21,mock_N08_N04_Aonly,Discussion,1773443666,1,0,0
putqe1fs,119,pel44744,20,mock_N08_N04_Aonly,Phase3,1773443667,1,0,0
putqe1fs,134,bir4wxoi,4,presurvey,NeighborhoodInstruction,1773443673,1,0,0
putqe1fs,129,swtkynos,21,mock_N08_N04_Aonly,Discussion,1773443674,1,0,0
putqe1fs,119,pel44744,21,mock_N08_N04_Aonly,Discussion,1773443678,1,0,0
putqe1fs,121,mn4f7qsu,21,mock_N08_N04_Aonly,Discussion,1773443685,1,0,0
putqe1fs,129,swtkynos,27,mock_N08_N04_Aonly,DiscussionGRPWaitPage,1773443686,2,0,1
putqe1fs,115,lq5sr799,27,mock_N08_N04_Aonly,DiscussionGRPWaitPage,1773443686,2,0,1
putqe1fs,121,mn4f7qsu,27,mock_N08_N04_Aonly,DiscussionGRPWaitPage,1773443686,2,0,1
putqe1fs,126,7t59vhh5,27,mock_N08_N04_Aonly,DiscussionGRPWaitPage,1773443686,2,0,1
putqe1fs,114,gzh8jotc,27,mock_N08_N04_Aonly,DiscussionGRPWaitPage,1773443686,2,0,1
putqe1fs,119,pel44744,27,mock_N08_N04_Aonly,DiscussionGRPWaitPage,1773443686,2,0,1
putqe1fs,122,yipvkmzb,27,mock_N08_N04_Aonly,DiscussionGRPWaitPage,1773443686,2,0,1
putqe1fs,127,s6ol37xv,27,mock_N08_N04_Aonly,DiscussionGRPWaitPage,1773443686,2,0,1
putqe1fs,127,s6ol37xv,32,mock_N08_N04_Aonly,Discussion,1773443690,2,0,0
putqe1fs,119,pel44744,32,mock_N08_N04_Aonly,Discussion,1773443696,2,0,0
putqe1fs,122,yipvkmzb,32,mock_N08_N04_Aonly,Discussion,1773443696,2,0,0
putqe1fs,126,7t59vhh5,32,mock_N08_N04_Aonly,Discussion,1773443701,2,0,0
putqe1fs,114,gzh8jotc,32,mock_N08_N04_Aonly,Discussion,1773443701,2,0,0
putqe1fs,129,swtkynos,32,mock_N08_N04_Aonly,Discussion,1773443702,2,0,0
putqe1fs,121,mn4f7qsu,32,mock_N08_N04_Aonly,Discussion,1773443708,2,0,0
putqe1fs,115,lq5sr799,32,mock_N08_N04_Aonly,Discussion,1773443711,2,0,0
putqe1fs,115,lq5sr799,38,mock_N08_N04_Aonly,DiscussionGRPWaitPage,1773443712,3,0,1
putqe1fs,121,mn4f7qsu,38,mock_N08_N04_Aonly,DiscussionGRPWaitPage,1773443712,3,0,1
putqe1fs,126,7t59vhh5,38,mock_N08_N04_Aonly,DiscussionGRPWaitPage,1773443712,3,0,1
putqe1fs,129,swtkynos,38,mock_N08_N04_Aonly,DiscussionGRPWaitPage,1773443712,3,0,1
putqe1fs,114,gzh8jotc,38,mock_N08_N04_Aonly,DiscussionGRPWaitPage,1773443712,3,0,1
putqe1fs,119,pel44744,38,mock_N08_N04_Aonly,DiscussionGRPWaitPage,1773443712,3,0,1
putqe1fs,122,yipvkmzb,38,mock_N08_N04_Aonly,DiscussionGRPWaitPage,1773443712,3,0,1
putqe1fs,127,s6ol37xv,38,mock_N08_N04_Aonly,DiscussionGRPWaitPage,1773443712,3,0,1
putqe1fs,127,s6ol37xv,43,mock_N08_N04_Aonly,Discussion,1773443716,3,0,0
putqe1fs,114,gzh8jotc,43,mock_N08_N04_Aonly,Discussion,1773443716,3,0,0
putqe1fs,115,lq5sr799,43,mock_N08_N04_Aonly,Discussion,1773443717,3,0,0
putqe1fs,126,7t59vhh5,43,mock_N08_N04_Aonly,Discussion,1773443718,3,0,0
putqe1fs,122,yipvkmzb,43,mock_N08_N04_Aonly,Discussion,1773443722,3,0,0
putqe1fs,121,mn4f7qsu,43,mock_N08_N04_Aonly,Discussion,1773443726,3,0,0
putqe1fs,119,pel44744,43,mock_N08_N04_Aonly,Discussion,1773443728,3,0,0
putqe1fs,129,swtkynos,43,mock_N08_N04_Aonly,Discussion,1773443731,3,0,0
putqe1fs,129,swtkynos,49,mock_N08_N04_Aonly,DiscussionGRPWaitPage,1773443731,4,0,1
putqe1fs,127,s6ol37xv,49,mock_N08_N04_Aonly,DiscussionGRPWaitPage,1773443731,4,0,1
putqe1fs,115,lq5sr799,49,mock_N08_N04_Aonly,DiscussionGRPWaitPage,1773443731,4,0,1
putqe1fs,121,mn4f7qsu,49,mock_N08_N04_Aonly,DiscussionGRPWaitPage,1773443731,4,0,1
putqe1fs,126,7t59vhh5,49,mock_N08_N04_Aonly,DiscussionGRPWaitPage,1773443731,4,0,1
putqe1fs,114,gzh8jotc,49,mock_N08_N04_Aonly,DiscussionGRPWaitPage,1773443731,4,0,1
putqe1fs,119,pel44744,49,mock_N08_N04_Aonly,DiscussionGRPWaitPage,1773443731,4,0,1
putqe1fs,122,yipvkmzb,49,mock_N08_N04_Aonly,DiscussionGRPWaitPage,1773443731,4,0,1
putqe1fs,127,s6ol37xv,54,mock_N08_N04_Aonly,Discussion,1773443735,4,0,0
putqe1fs,134,bir4wxoi,5,presurvey,Training,1773443735,1,0,0
putqe1fs,114,gzh8jotc,54,mock_N08_N04_Aonly,Discussion,1773443736,4,0,0
putqe1fs,115,lq5sr799,54,mock_N08_N04_Aonly,Discussion,1773443737,4,0,0
putqe1fs,119,pel44744,54,mock_N08_N04_Aonly,Discussion,1773443737,4,0,0
putqe1fs,122,yipvkmzb,54,mock_N08_N04_Aonly,Discussion,1773443738,4,0,0
putqe1fs,126,7t59vhh5,54,mock_N08_N04_Aonly,Discussion,1773443743,4,0,0
putqe1fs,129,swtkynos,54,mock_N08_N04_Aonly,Discussion,1773443744,4,0,0
putqe1fs,121,mn4f7qsu,54,mock_N08_N04_Aonly,Discussion,1773443745,4,0,0
putqe1fs,129,swtkynos,60,mock_N08_N04_Aonly,DiscussionGRPWaitPage,1773443746,5,0,1
putqe1fs,115,lq5sr799,60,mock_N08_N04_Aonly,DiscussionGRPWaitPage,1773443746,5,0,1
putqe1fs,121,mn4f7qsu,60,mock_N08_N04_Aonly,DiscussionGRPWaitPage,1773443746,5,0,1
putqe1fs,126,7t59vhh5,60,mock_N08_N04_Aonly,DiscussionGRPWaitPage,1773443746,5,0,1
putqe1fs,114,gzh8jotc,60,mock_N08_N04_Aonly,DiscussionGRPWaitPage,1773443746,5,0,1
putqe1fs,119,pel44744,60,mock_N08_N04_Aonly,DiscussionGRPWaitPage,1773443746,5,0,1
putqe1fs,122,yipvkmzb,60,mock_N08_N04_Aonly,DiscussionGRPWaitPage,1773443746,5,0,1
putqe1fs,127,s6ol37xv,60,mock_N08_N04_Aonly,DiscussionGRPWaitPage,1773443746,5,0,1
putqe1fs,126,7t59vhh5,65,mock_N08_N04_Aonly,Discussion,1773443749,5,0,0
putqe1fs,115,lq5sr799,65,mock_N08_N04_Aonly,Discussion,1773443749,5,0,0
putqe1fs,114,gzh8jotc,65,mock_N08_N04_Aonly,Discussion,1773443750,5,0,0
putqe1fs,122,yipvkmzb,65,mock_N08_N04_Aonly,Discussion,1773443751,5,0,0
putqe1fs,127,s6ol37xv,65,mock_N08_N04_Aonly,Discussion,1773443753,5,0,0
putqe1fs,129,swtkynos,65,mock_N08_N04_Aonly,Discussion,1773443755,5,0,0
putqe1fs,121,mn4f7qsu,65,mock_N08_N04_Aonly,Discussion,1773443756,5,0,0
putqe1fs,119,pel44744,65,mock_N08_N04_Aonly,Discussion,1773443758,5,0,0
putqe1fs,122,yipvkmzb,71,mock_N08_N04_Aonly,DiscussionGRPWaitPage,1773443758,6,0,1
putqe1fs,127,s6ol37xv,71,mock_N08_N04_Aonly,DiscussionGRPWaitPage,1773443758,6,0,1
putqe1fs,115,lq5sr799,71,mock_N08_N04_Aonly,DiscussionGRPWaitPage,1773443758,6,0,1
putqe1fs,121,mn4f7qsu,71,mock_N08_N04_Aonly,DiscussionGRPWaitPage,1773443758,6,0,1
putqe1fs,126,7t59vhh5,71,mock_N08_N04_Aonly,DiscussionGRPWaitPage,1773443758,6,0,1
putqe1fs,129,swtkynos,71,mock_N08_N04_Aonly,DiscussionGRPWaitPage,1773443758,6,0,1
putqe1fs,114,gzh8jotc,71,mock_N08_N04_Aonly,DiscussionGRPWaitPage,1773443758,6,0,1
putqe1fs,119,pel44744,71,mock_N08_N04_Aonly,DiscussionGRPWaitPage,1773443758,6,0,1
putqe1fs,115,lq5sr799,76,mock_N08_N04_Aonly,Discussion,1773443761,6,0,0
putqe1fs,122,yipvkmzb,76,mock_N08_N04_Aonly,Discussion,1773443763,6,0,0
putqe1fs,127,s6ol37xv,76,mock_N08_N04_Aonly,Discussion,1773443763,6,0,0
putqe1fs,114,gzh8jotc,76,mock_N08_N04_Aonly,Discussion,1773443763,6,0,0
putqe1fs,129,swtkynos,76,mock_N08_N04_Aonly,Discussion,1773443766,6,0,0
putqe1fs,119,pel44744,76,mock_N08_N04_Aonly,Discussion,1773443769,6,0,0
putqe1fs,126,7t59vhh5,76,mock_N08_N04_Aonly,Discussion,1773443770,6,0,0
putqe1fs,121,mn4f7qsu,76,mock_N08_N04_Aonly,Discussion,1773443770,6,0,0
putqe1fs,115,lq5sr799,82,mock_N08_N04_Aonly,DiscussionGRPWaitPage,1773443771,7,0,1
putqe1fs,114,gzh8jotc,82,mock_N08_N04_Aonly,DiscussionGRPWaitPage,1773443771,7,0,1
putqe1fs,121,mn4f7qsu,82,mock_N08_N04_Aonly,DiscussionGRPWaitPage,1773443771,7,0,1
putqe1fs,126,7t59vhh5,82,mock_N08_N04_Aonly,DiscussionGRPWaitPage,1773443771,7,0,1
putqe1fs,129,swtkynos,82,mock_N08_N04_Aonly,DiscussionGRPWaitPage,1773443771,7,0,1
putqe1fs,119,pel44744,82,mock_N08_N04_Aonly,DiscussionGRPWaitPage,1773443771,7,0,1
putqe1fs,122,yipvkmzb,82,mock_N08_N04_Aonly,DiscussionGRPWaitPage,1773443771,7,0,1
putqe1fs,127,s6ol37xv,82,mock_N08_N04_Aonly,DiscussionGRPWaitPage,1773443771,7,0,1
putqe1fs,126,7t59vhh5,87,mock_N08_N04_Aonly,Discussion,1773443774,7,0,0
putqe1fs,114,gzh8jotc,87,mock_N08_N04_Aonly,Discussion,1773443777,7,0,0
putqe1fs,127,s6ol37xv,87,mock_N08_N04_Aonly,Discussion,1773443777,7,0,0
putqe1fs,122,yipvkmzb,87,mock_N08_N04_Aonly,Discussion,1773443777,7,0,0
putqe1fs,129,swtkynos,87,mock_N08_N04_Aonly,Discussion,1773443777,7,0,0
putqe1fs,115,lq5sr799,87,mock_N08_N04_Aonly,Discussion,1773443778,7,0,0
putqe1fs,121,mn4f7qsu,87,mock_N08_N04_Aonly,Discussion,1773443780,7,0,0
putqe1fs,134,bir4wxoi,6,presurvey,TrainingNeighbor_1,1773443789,1,0,0
putqe1fs,119,pel44744,87,mock_N08_N04_Aonly,Discussion,1773443790,7,0,0
putqe1fs,115,lq5sr799,93,mock_N08_N04_Aonly,DiscussionGRPWaitPage,1773443791,8,0,1
putqe1fs,121,mn4f7qsu,93,mock_N08_N04_Aonly,DiscussionGRPWaitPage,1773443791,8,0,1
putqe1fs,126,7t59vhh5,93,mock_N08_N04_Aonly,DiscussionGRPWaitPage,1773443791,8,0,1
putqe1fs,129,swtkynos,93,mock_N08_N04_Aonly,DiscussionGRPWaitPage,1773443791,8,0,1
putqe1fs,122,yipvkmzb,93,mock_N08_N04_Aonly,DiscussionGRPWaitPage,1773443791,8,0,1
putqe1fs,127,s6ol37xv,93,mock_N08_N04_Aonly,DiscussionGRPWaitPage,1773443791,8,0,1
putqe1fs,114,gzh8jotc,93,mock_N08_N04_Aonly,DiscussionGRPWaitPage,1773443791,8,0,1
putqe1fs,119,pel44744,93,mock_N08_N04_Aonly,DiscussionGRPWaitPage,1773443791,8,0,1
putqe1fs,126,7t59vhh5,98,mock_N08_N04_Aonly,Discussion,1773443794,8,0,0
putqe1fs,114,gzh8jotc,98,mock_N08_N04_Aonly,Discussion,1773443795,8,0,0
putqe1fs,119,pel44744,98,mock_N08_N04_Aonly,Discussion,1773443795,8,0,0
putqe1fs,115,lq5sr799,98,mock_N08_N04_Aonly,Discussion,1773443796,8,0,0
putqe1fs,122,yipvkmzb,98,mock_N08_N04_Aonly,Discussion,1773443797,8,0,0
putqe1fs,127,s6ol37xv,98,mock_N08_N04_Aonly,Discussion,1773443798,8,0,0
putqe1fs,121,mn4f7qsu,98,mock_N08_N04_Aonly,Discussion,1773443801,8,0,0
putqe1fs,134,bir4wxoi,7,presurvey,TrainingNeighbor_2,1773443801,1,0,0
putqe1fs,129,swtkynos,98,mock_N08_N04_Aonly,Discussion,1773443804,8,0,0
putqe1fs,114,gzh8jotc,104,mock_N08_N04_Aonly,DiscussionGRPWaitPage,1773443804,9,0,1
putqe1fs,119,pel44744,104,mock_N08_N04_Aonly,DiscussionGRPWaitPage,1773443804,9,0,1
putqe1fs,122,yipvkmzb,104,mock_N08_N04_Aonly,DiscussionGRPWaitPage,1773443804,9,0,1
putqe1fs,129,swtkynos,104,mock_N08_N04_Aonly,DiscussionGRPWaitPage,1773443804,9,0,1
putqe1fs,127,s6ol37xv,104,mock_N08_N04_Aonly,DiscussionGRPWaitPage,1773443804,9,0,1
putqe1fs,115,lq5sr799,104,mock_N08_N04_Aonly,DiscussionGRPWaitPage,1773443804,9,0,1
putqe1fs,121,mn4f7qsu,104,mock_N08_N04_Aonly,DiscussionGRPWaitPage,1773443804,9,0,1
putqe1fs,126,7t59vhh5,104,mock_N08_N04_Aonly,DiscussionGRPWaitPage,1773443804,9,0,1
putqe1fs,126,7t59vhh5,109,mock_N08_N04_Aonly,Discussion,1773443807,9,0,0
putqe1fs,127,s6ol37xv,109,mock_N08_N04_Aonly,Discussion,1773443807,9,0,0
putqe1fs,122,yipvkmzb,109,mock_N08_N04_Aonly,Discussion,1773443810,9,0,0
putqe1fs,121,mn4f7qsu,109,mock_N08_N04_Aonly,Discussion,1773443811,9,0,0
putqe1fs,114,gzh8jotc,109,mock_N08_N04_Aonly,Discussion,1773443812,9,0,0
putqe1fs,119,pel44744,109,mock_N08_N04_Aonly,Discussion,1773443812,9,0,0
putqe1fs,115,lq5sr799,109,mock_N08_N04_Aonly,Discussion,1773443812,9,0,0
putqe1fs,129,swtkynos,109,mock_N08_N04_Aonly,Discussion,1773443812,9,0,0
putqe1fs,129,swtkynos,115,mock_N08_N04_Aonly,DiscussionGRPWaitPage,1773443813,10,0,1
putqe1fs,115,lq5sr799,115,mock_N08_N04_Aonly,DiscussionGRPWaitPage,1773443813,10,0,1
putqe1fs,121,mn4f7qsu,115,mock_N08_N04_Aonly,DiscussionGRPWaitPage,1773443813,10,0,1
putqe1fs,126,7t59vhh5,115,mock_N08_N04_Aonly,DiscussionGRPWaitPage,1773443813,10,0,1
putqe1fs,114,gzh8jotc,115,mock_N08_N04_Aonly,DiscussionGRPWaitPage,1773443813,10,0,1
putqe1fs,119,pel44744,115,mock_N08_N04_Aonly,DiscussionGRPWaitPage,1773443813,10,0,1
putqe1fs,122,yipvkmzb,115,mock_N08_N04_Aonly,DiscussionGRPWaitPage,1773443813,10,0,1
putqe1fs,127,s6ol37xv,115,mock_N08_N04_Aonly,DiscussionGRPWaitPage,1773443813,10,0,1
putqe1fs,115,lq5sr799,120,mock_N08_N04_Aonly,Discussion,1773443815,10,0,0
putqe1fs,122,yipvkmzb,120,mock_N08_N04_Aonly,Discussion,1773443817,10,0,0
putqe1fs,127,s6ol37xv,120,mock_N08_N04_Aonly,Discussion,1773443818,10,0,0
putqe1fs,114,gzh8jotc,120,mock_N08_N04_Aonly,Discussion,1773443818,10,0,0
putqe1fs,119,pel44744,120,mock_N08_N04_Aonly,Discussion,1773443818,10,0,0
putqe1fs,129,swtkynos,120,mock_N08_N04_Aonly,Discussion,1773443819,10,0,0
putqe1fs,126,7t59vhh5,120,mock_N08_N04_Aonly,Discussion,1773443819,10,0,0
putqe1fs,121,mn4f7qsu,120,mock_N08_N04_Aonly,Discussion,1773443820,10,0,0
putqe1fs,115,lq5sr799,126,mock_N08_N04_Aonly,DiscussionGRPWaitPage,1773443820,11,0,1
putqe1fs,121,mn4f7qsu,126,mock_N08_N04_Aonly,DiscussionGRPWaitPage,1773443820,11,0,1
putqe1fs,126,7t59vhh5,126,mock_N08_N04_Aonly,DiscussionGRPWaitPage,1773443820,11,0,1
putqe1fs,129,swtkynos,126,mock_N08_N04_Aonly,DiscussionGRPWaitPage,1773443820,11,0,1
putqe1fs,114,gzh8jotc,126,mock_N08_N04_Aonly,DiscussionGRPWaitPage,1773443820,11,0,1
putqe1fs,119,pel44744,126,mock_N08_N04_Aonly,DiscussionGRPWaitPage,1773443820,11,0,1
putqe1fs,122,yipvkmzb,126,mock_N08_N04_Aonly,DiscussionGRPWaitPage,1773443820,11,0,1
putqe1fs,127,s6ol37xv,126,mock_N08_N04_Aonly,DiscussionGRPWaitPage,1773443820,11,0,1
putqe1fs,126,7t59vhh5,131,mock_N08_N04_Aonly,Discussion,1773443823,11,0,0
putqe1fs,115,lq5sr799,131,mock_N08_N04_Aonly,Discussion,1773443823,11,0,0
putqe1fs,127,s6ol37xv,131,mock_N08_N04_Aonly,Discussion,1773443823,11,0,0
putqe1fs,119,pel44744,131,mock_N08_N04_Aonly,Discussion,1773443824,11,0,0
putqe1fs,122,yipvkmzb,131,mock_N08_N04_Aonly,Discussion,1773443824,11,0,0
putqe1fs,135,lm97yzb0,0,,InitializeParticipant,1773443825,1,0,0
putqe1fs,114,gzh8jotc,131,mock_N08_N04_Aonly,Discussion,1773443825,11,0,0
putqe1fs,129,swtkynos,131,mock_N08_N04_Aonly,Discussion,1773443827,11,0,0
putqe1fs,121,mn4f7qsu,131,mock_N08_N04_Aonly,Discussion,1773443828,11,0,0
putqe1fs,115,lq5sr799,137,mock_N08_N04_Aonly,DiscussionGRPWaitPage,1773443828,12,0,1
putqe1fs,121,mn4f7qsu,137,mock_N08_N04_Aonly,DiscussionGRPWaitPage,1773443828,12,0,1
putqe1fs,126,7t59vhh5,137,mock_N08_N04_Aonly,DiscussionGRPWaitPage,1773443828,12,0,1
putqe1fs,129,swtkynos,137,mock_N08_N04_Aonly,DiscussionGRPWaitPage,1773443828,12,0,1
putqe1fs,114,gzh8jotc,137,mock_N08_N04_Aonly,DiscussionGRPWaitPage,1773443828,12,0,1
putqe1fs,119,pel44744,137,mock_N08_N04_Aonly,DiscussionGRPWaitPage,1773443828,12,0,1
putqe1fs,122,yipvkmzb,137,mock_N08_N04_Aonly,DiscussionGRPWaitPage,1773443828,12,0,1
putqe1fs,127,s6ol37xv,137,mock_N08_N04_Aonly,DiscussionGRPWaitPage,1773443828,12,0,1
putqe1fs,115,lq5sr799,142,mock_N08_N04_Aonly,Discussion,1773443831,12,0,0
putqe1fs,127,s6ol37xv,142,mock_N08_N04_Aonly,Discussion,1773443831,12,0,0
putqe1fs,126,7t59vhh5,142,mock_N08_N04_Aonly,Discussion,1773443832,12,0,0
putqe1fs,122,yipvkmzb,142,mock_N08_N04_Aonly,Discussion,1773443833,12,0,0
putqe1fs,119,pel44744,142,mock_N08_N04_Aonly,Discussion,1773443833,12,0,0
putqe1fs,114,gzh8jotc,142,mock_N08_N04_Aonly,Discussion,1773443833,12,0,0
putqe1fs,121,mn4f7qsu,142,mock_N08_N04_Aonly,Discussion,1773443834,12,0,0
putqe1fs,129,swtkynos,142,mock_N08_N04_Aonly,Discussion,1773443835,12,0,0
putqe1fs,115,lq5sr799,148,mock_N08_N04_Aonly,DiscussionGRPWaitPage,1773443835,13,0,1
putqe1fs,121,mn4f7qsu,148,mock_N08_N04_Aonly,DiscussionGRPWaitPage,1773443835,13,0,1
putqe1fs,126,7t59vhh5,148,mock_N08_N04_Aonly,DiscussionGRPWaitPage,1773443835,13,0,1
putqe1fs,129,swtkynos,148,mock_N08_N04_Aonly,DiscussionGRPWaitPage,1773443835,13,0,1
putqe1fs,114,gzh8jotc,148,mock_N08_N04_Aonly,DiscussionGRPWaitPage,1773443835,13,0,1
putqe1fs,119,pel44744,148,mock_N08_N04_Aonly,DiscussionGRPWaitPage,1773443835,13,0,1
putqe1fs,122,yipvkmzb,148,mock_N08_N04_Aonly,DiscussionGRPWaitPage,1773443835,13,0,1
putqe1fs,127,s6ol37xv,148,mock_N08_N04_Aonly,DiscussionGRPWaitPage,1773443835,13,0,1
putqe1fs,127,s6ol37xv,153,mock_N08_N04_Aonly,Discussion,1773443838,13,0,0
putqe1fs,126,7t59vhh5,153,mock_N08_N04_Aonly,Discussion,1773443838,13,0,0
putqe1fs,114,gzh8jotc,153,mock_N08_N04_Aonly,Discussion,1773443840,13,0,0
putqe1fs,129,swtkynos,153,mock_N08_N04_Aonly,Discussion,1773443840,13,0,0
putqe1fs,121,mn4f7qsu,153,mock_N08_N04_Aonly,Discussion,1773443840,13,0,0
putqe1fs,115,lq5sr799,153,mock_N08_N04_Aonly,Discussion,1773443841,13,0,0
putqe1fs,136,cc5bwxlx,0,,InitializeParticipant,1773443841,1,0,0
putqe1fs,122,yipvkmzb,153,mock_N08_N04_Aonly,Discussion,1773443842,13,0,0
putqe1fs,137,3d1j3rpy,0,,InitializeParticipant,1773443850,1,0,0
putqe1fs,137,3d1j3rpy,1,presurvey,Introduction,1773443853,1,0,0
putqe1fs,119,pel44744,153,mock_N08_N04_Aonly,Discussion,1773443855,13,0,0
putqe1fs,115,lq5sr799,159,mock_N08_N04_Aonly,DiscussionGRPWaitPage,1773443855,14,0,1
putqe1fs,126,7t59vhh5,159,mock_N08_N04_Aonly,DiscussionGRPWaitPage,1773443855,14,0,1
putqe1fs,129,swtkynos,159,mock_N08_N04_Aonly,DiscussionGRPWaitPage,1773443855,14,0,1
putqe1fs,121,mn4f7qsu,159,mock_N08_N04_Aonly,DiscussionGRPWaitPage,1773443855,14,0,1
putqe1fs,114,gzh8jotc,159,mock_N08_N04_Aonly,DiscussionGRPWaitPage,1773443855,14,0,1
putqe1fs,119,pel44744,159,mock_N08_N04_Aonly,DiscussionGRPWaitPage,1773443855,14,0,1
putqe1fs,122,yipvkmzb,159,mock_N08_N04_Aonly,DiscussionGRPWaitPage,1773443855,14,0,1
putqe1fs,127,s6ol37xv,159,mock_N08_N04_Aonly,DiscussionGRPWaitPage,1773443855,14,0,1
putqe1fs,127,s6ol37xv,164,mock_N08_N04_Aonly,Discussion,1773443857,14,0,0
putqe1fs,126,7t59vhh5,164,mock_N08_N04_Aonly,Discussion,1773443857,14,0,0
putqe1fs,122,yipvkmzb,164,mock_N08_N04_Aonly,Discussion,1773443860,14,0,0
putqe1fs,119,pel44744,164,mock_N08_N04_Aonly,Discussion,1773443860,14,0,0
putqe1fs,121,mn4f7qsu,164,mock_N08_N04_Aonly,Discussion,1773443860,14,0,0
putqe1fs,114,gzh8jotc,164,mock_N08_N04_Aonly,Discussion,1773443862,14,0,0
putqe1fs,129,swtkynos,164,mock_N08_N04_Aonly,Discussion,1773443862,14,0,0
putqe1fs,115,lq5sr799,164,mock_N08_N04_Aonly,Discussion,1773443864,14,0,0
putqe1fs,115,lq5sr799,170,mock_N08_N04_Aonly,DiscussionGRPWaitPage,1773443864,15,0,1
putqe1fs,121,mn4f7qsu,170,mock_N08_N04_Aonly,DiscussionGRPWaitPage,1773443864,15,0,1
putqe1fs,126,7t59vhh5,170,mock_N08_N04_Aonly,DiscussionGRPWaitPage,1773443864,15,0,1
putqe1fs,129,swtkynos,170,mock_N08_N04_Aonly,DiscussionGRPWaitPage,1773443864,15,0,1
putqe1fs,114,gzh8jotc,170,mock_N08_N04_Aonly,DiscussionGRPWaitPage,1773443864,15,0,1
putqe1fs,119,pel44744,170,mock_N08_N04_Aonly,DiscussionGRPWaitPage,1773443864,15,0,1
putqe1fs,122,yipvkmzb,170,mock_N08_N04_Aonly,DiscussionGRPWaitPage,1773443864,15,0,1
putqe1fs,127,s6ol37xv,170,mock_N08_N04_Aonly,DiscussionGRPWaitPage,1773443864,15,0,1
putqe1fs,136,cc5bwxlx,1,presurvey,Introduction,1773443866,1,0,0
putqe1fs,126,7t59vhh5,175,mock_N08_N04_Aonly,Discussion,1773443867,15,0,0
putqe1fs,127,s6ol37xv,175,mock_N08_N04_Aonly,Discussion,1773443867,15,0,0
putqe1fs,115,lq5sr799,175,mock_N08_N04_Aonly,Discussion,1773443868,15,0,0
putqe1fs,119,pel44744,175,mock_N08_N04_Aonly,Discussion,1773443868,15,0,0
putqe1fs,137,3d1j3rpy,2,presurvey,AudioCheck,1773443868,1,0,0
putqe1fs,114,gzh8jotc,175,mock_N08_N04_Aonly,Discussion,1773443869,15,0,0
putqe1fs,121,mn4f7qsu,175,mock_N08_N04_Aonly,Discussion,1773443869,15,0,0
putqe1fs,122,yipvkmzb,175,mock_N08_N04_Aonly,Discussion,1773443869,15,0,0
putqe1fs,129,swtkynos,175,mock_N08_N04_Aonly,Discussion,1773443871,15,0,0
putqe1fs,115,lq5sr799,181,mock_N08_N04_Aonly,DiscussionGRPWaitPage,1773443871,16,0,1
putqe1fs,121,mn4f7qsu,181,mock_N08_N04_Aonly,DiscussionGRPWaitPage,1773443871,16,0,1
putqe1fs,126,7t59vhh5,181,mock_N08_N04_Aonly,DiscussionGRPWaitPage,1773443871,16,0,1
putqe1fs,129,swtkynos,181,mock_N08_N04_Aonly,DiscussionGRPWaitPage,1773443871,16,0,1
putqe1fs,114,gzh8jotc,181,mock_N08_N04_Aonly,DiscussionGRPWaitPage,1773443871,16,0,1
putqe1fs,119,pel44744,181,mock_N08_N04_Aonly,DiscussionGRPWaitPage,1773443871,16,0,1
putqe1fs,122,yipvkmzb,181,mock_N08_N04_Aonly,DiscussionGRPWaitPage,1773443871,16,0,1
putqe1fs,127,s6ol37xv,181,mock_N08_N04_Aonly,DiscussionGRPWaitPage,1773443871,16,0,1
putqe1fs,126,7t59vhh5,186,mock_N08_N04_Aonly,Discussion,1773443873,16,0,0
putqe1fs,127,s6ol37xv,186,mock_N08_N04_Aonly,Discussion,1773443874,16,0,0
putqe1fs,114,gzh8jotc,186,mock_N08_N04_Aonly,Discussion,1773443874,16,0,0
putqe1fs,138,gd8kwdbl,0,,InitializeParticipant,1773443876,1,0,0
putqe1fs,122,yipvkmzb,186,mock_N08_N04_Aonly,Discussion,1773443876,16,0,0
putqe1fs,121,mn4f7qsu,186,mock_N08_N04_Aonly,Discussion,1773443876,16,0,0
putqe1fs,115,lq5sr799,186,mock_N08_N04_Aonly,Discussion,1773443876,16,0,0
putqe1fs,134,bir4wxoi,10,presurvey,ExperimentInstruction,1773443877,1,0,0
putqe1fs,129,swtkynos,186,mock_N08_N04_Aonly,Discussion,1773443877,16,0,0
putqe1fs,119,pel44744,186,mock_N08_N04_Aonly,Discussion,1773443879,16,0,0
putqe1fs,129,swtkynos,192,mock_N08_N04_Aonly,DiscussionGRPWaitPage,1773443880,17,0,1
putqe1fs,127,s6ol37xv,192,mock_N08_N04_Aonly,DiscussionGRPWaitPage,1773443880,17,0,1
putqe1fs,115,lq5sr799,192,mock_N08_N04_Aonly,DiscussionGRPWaitPage,1773443880,17,0,1
putqe1fs,121,mn4f7qsu,192,mock_N08_N04_Aonly,DiscussionGRPWaitPage,1773443880,17,0,1
putqe1fs,126,7t59vhh5,192,mock_N08_N04_Aonly,DiscussionGRPWaitPage,1773443880,17,0,1
putqe1fs,114,gzh8jotc,192,mock_N08_N04_Aonly,DiscussionGRPWaitPage,1773443880,17,0,1
putqe1fs,119,pel44744,192,mock_N08_N04_Aonly,DiscussionGRPWaitPage,1773443880,17,0,1
putqe1fs,122,yipvkmzb,192,mock_N08_N04_Aonly,DiscussionGRPWaitPage,1773443880,17,0,1
putqe1fs,126,7t59vhh5,197,mock_N08_N04_Aonly,Discussion,1773443882,17,0,0
putqe1fs,127,s6ol37xv,197,mock_N08_N04_Aonly,Discussion,1773443883,17,0,0
putqe1fs,119,pel44744,197,mock_N08_N04_Aonly,Discussion,1773443883,17,0,0
putqe1fs,114,gzh8jotc,197,mock_N08_N04_Aonly,Discussion,1773443883,17,0,0
putqe1fs,122,yipvkmzb,197,mock_N08_N04_Aonly,Discussion,1773443885,17,0,0
putqe1fs,115,lq5sr799,197,mock_N08_N04_Aonly,Discussion,1773443885,17,0,0
putqe1fs,129,swtkynos,197,mock_N08_N04_Aonly,Discussion,1773443885,17,0,0
putqe1fs,121,mn4f7qsu,197,mock_N08_N04_Aonly,Discussion,1773443886,17,0,0
putqe1fs,114,gzh8jotc,203,mock_N08_N04_Aonly,DiscussionGRPWaitPage,1773443887,18,0,1
putqe1fs,115,lq5sr799,203,mock_N08_N04_Aonly,DiscussionGRPWaitPage,1773443887,18,0,1
putqe1fs,121,mn4f7qsu,203,mock_N08_N04_Aonly,DiscussionGRPWaitPage,1773443887,18,0,1
putqe1fs,126,7t59vhh5,203,mock_N08_N04_Aonly,DiscussionGRPWaitPage,1773443887,18,0,1
putqe1fs,129,swtkynos,203,mock_N08_N04_Aonly,DiscussionGRPWaitPage,1773443887,18,0,1
putqe1fs,119,pel44744,203,mock_N08_N04_Aonly,DiscussionGRPWaitPage,1773443887,18,0,1
putqe1fs,122,yipvkmzb,203,mock_N08_N04_Aonly,DiscussionGRPWaitPage,1773443887,18,0,1
putqe1fs,127,s6ol37xv,203,mock_N08_N04_Aonly,DiscussionGRPWaitPage,1773443887,18,0,1
putqe1fs,137,3d1j3rpy,3,presurvey,Demographics,1773443887,1,0,0
putqe1fs,115,lq5sr799,208,mock_N08_N04_Aonly,Discussion,1773443888,18,0,0
putqe1fs,127,s6ol37xv,208,mock_N08_N04_Aonly,Discussion,1773443888,18,0,0
putqe1fs,126,7t59vhh5,208,mock_N08_N04_Aonly,Discussion,1773443888,18,0,0
putqe1fs,137,3d1j3rpy,4,presurvey,NeighborhoodInstruction,1773443890,1,0,0
putqe1fs,122,yipvkmzb,208,mock_N08_N04_Aonly,Discussion,1773443890,18,0,0
putqe1fs,119,pel44744,208,mock_N08_N04_Aonly,Discussion,1773443890,18,0,0
putqe1fs,114,gzh8jotc,208,mock_N08_N04_Aonly,Discussion,1773443890,18,0,0
putqe1fs,139,1pocy6ht,0,,InitializeParticipant,1773443891,1,0,0
putqe1fs,121,mn4f7qsu,208,mock_N08_N04_Aonly,Discussion,1773443892,18,0,0
putqe1fs,129,swtkynos,208,mock_N08_N04_Aonly,Discussion,1773443893,18,0,0
putqe1fs,115,lq5sr799,214,mock_N08_N04_Aonly,DiscussionGRPWaitPage,1773443894,19,0,1
putqe1fs,121,mn4f7qsu,214,mock_N08_N04_Aonly,DiscussionGRPWaitPage,1773443894,19,0,1
putqe1fs,126,7t59vhh5,214,mock_N08_N04_Aonly,DiscussionGRPWaitPage,1773443894,19,0,1
putqe1fs,129,swtkynos,214,mock_N08_N04_Aonly,DiscussionGRPWaitPage,1773443894,19,0,1
putqe1fs,114,gzh8jotc,214,mock_N08_N04_Aonly,DiscussionGRPWaitPage,1773443894,19,0,1
putqe1fs,119,pel44744,214,mock_N08_N04_Aonly,DiscussionGRPWaitPage,1773443894,19,0,1
putqe1fs,122,yipvkmzb,214,mock_N08_N04_Aonly,DiscussionGRPWaitPage,1773443894,19,0,1
putqe1fs,127,s6ol37xv,214,mock_N08_N04_Aonly,DiscussionGRPWaitPage,1773443894,19,0,1
putqe1fs,126,7t59vhh5,219,mock_N08_N04_Aonly,Discussion,1773443896,19,0,0
putqe1fs,127,s6ol37xv,219,mock_N08_N04_Aonly,Discussion,1773443896,19,0,0
putqe1fs,136,cc5bwxlx,2,presurvey,AudioCheck,1773443896,1,0,0
putqe1fs,114,gzh8jotc,219,mock_N08_N04_Aonly,Discussion,1773443896,19,0,0
putqe1fs,119,pel44744,219,mock_N08_N04_Aonly,Discussion,1773443898,19,0,0
putqe1fs,139,1pocy6ht,1,presurvey,Introduction,1773443898,1,0,0
putqe1fs,129,swtkynos,219,mock_N08_N04_Aonly,Discussion,1773443898,19,0,0
putqe1fs,137,3d1j3rpy,5,presurvey,Training,1773443899,1,0,0
putqe1fs,121,mn4f7qsu,219,mock_N08_N04_Aonly,Discussion,1773443899,19,0,0
putqe1fs,122,yipvkmzb,219,mock_N08_N04_Aonly,Discussion,1773443899,19,0,0
putqe1fs,115,lq5sr799,219,mock_N08_N04_Aonly,Discussion,1773443899,19,0,0
putqe1fs,115,lq5sr799,225,mock_N08_N04_Aonly,DiscussionGRPWaitPage,1773443899,20,0,1
putqe1fs,126,7t59vhh5,225,mock_N08_N04_Aonly,DiscussionGRPWaitPage,1773443899,20,0,1
putqe1fs,129,swtkynos,225,mock_N08_N04_Aonly,DiscussionGRPWaitPage,1773443899,20,0,1
putqe1fs,127,s6ol37xv,225,mock_N08_N04_Aonly,DiscussionGRPWaitPage,1773443899,20,0,1
putqe1fs,121,mn4f7qsu,225,mock_N08_N04_Aonly,DiscussionGRPWaitPage,1773443899,20,0,1
putqe1fs,114,gzh8jotc,225,mock_N08_N04_Aonly,DiscussionGRPWaitPage,1773443899,20,0,1
putqe1fs,119,pel44744,225,mock_N08_N04_Aonly,DiscussionGRPWaitPage,1773443899,20,0,1
putqe1fs,122,yipvkmzb,225,mock_N08_N04_Aonly,DiscussionGRPWaitPage,1773443899,20,0,1
putqe1fs,138,gd8kwdbl,1,presurvey,Introduction,1773443901,1,0,0
putqe1fs,127,s6ol37xv,230,mock_N08_N04_Aonly,Discussion,1773443901,20,0,0
putqe1fs,115,lq5sr799,230,mock_N08_N04_Aonly,Discussion,1773443901,20,0,0
putqe1fs,126,7t59vhh5,230,mock_N08_N04_Aonly,Discussion,1773443902,20,0,0
putqe1fs,122,yipvkmzb,230,mock_N08_N04_Aonly,Discussion,1773443903,20,0,0
putqe1fs,119,pel44744,230,mock_N08_N04_Aonly,Discussion,1773443904,20,0,0
putqe1fs,114,gzh8jotc,230,mock_N08_N04_Aonly,Discussion,1773443905,20,0,0
putqe1fs,121,mn4f7qsu,230,mock_N08_N04_Aonly,Discussion,1773443905,20,0,0
putqe1fs,129,swtkynos,230,mock_N08_N04_Aonly,Discussion,1773443905,20,0,0
putqe1fs,115,lq5sr799,231,mock_N08_N04_Aonly,FinalRoundWaitPage,1773443906,20,0,1
putqe1fs,129,swtkynos,231,mock_N08_N04_Aonly,FinalRoundWaitPage,1773443906,20,0,1
putqe1fs,126,7t59vhh5,231,mock_N08_N04_Aonly,FinalRoundWaitPage,1773443906,20,0,1
putqe1fs,127,s6ol37xv,231,mock_N08_N04_Aonly,FinalRoundWaitPage,1773443906,20,0,1
putqe1fs,122,yipvkmzb,231,mock_N08_N04_Aonly,FinalRoundWaitPage,1773443906,20,0,1
putqe1fs,119,pel44744,231,mock_N08_N04_Aonly,FinalRoundWaitPage,1773443906,20,0,1
putqe1fs,114,gzh8jotc,231,mock_N08_N04_Aonly,FinalRoundWaitPage,1773443906,20,0,1
putqe1fs,121,mn4f7qsu,231,mock_N08_N04_Aonly,FinalRoundWaitPage,1773443906,20,0,1
putqe1fs,126,7t59vhh5,232,mock_N08_N04_Aonly,FinalRound,1773443912,20,0,0
putqe1fs,137,3d1j3rpy,6,presurvey,TrainingNeighbor_1,1773443912,1,0,0
putqe1fs,136,cc5bwxlx,3,presurvey,Demographics,1773443913,1,0,0
putqe1fs,122,yipvkmzb,232,mock_N08_N04_Aonly,FinalRound,1773443913,20,0,0
putqe1fs,119,pel44744,232,mock_N08_N04_Aonly,FinalRound,1773443913,20,0,0
putqe1fs,114,gzh8jotc,232,mock_N08_N04_Aonly,FinalRound,1773443914,20,0,0
putqe1fs,127,s6ol37xv,232,mock_N08_N04_Aonly,FinalRound,1773443914,20,0,0
putqe1fs,115,lq5sr799,232,mock_N08_N04_Aonly,FinalRound,1773443915,20,0,0
putqe1fs,129,swtkynos,232,mock_N08_N04_Aonly,FinalRound,1773443915,20,0,0
putqe1fs,137,3d1j3rpy,10,presurvey,ExperimentInstruction,1773443916,1,0,0
putqe1fs,121,mn4f7qsu,232,mock_N08_N04_Aonly,FinalRound,1773443917,20,0,0
putqe1fs,138,gd8kwdbl,2,presurvey,AudioCheck,1773443917,1,0,0
putqe1fs,138,gd8kwdbl,3,presurvey,Demographics,1773443934,1,0,0
putqe1fs,140,lgkokedn,0,,InitializeParticipant,1773443945,1,0,0
putqe1fs,138,gd8kwdbl,4,presurvey,NeighborhoodInstruction,1773443947,1,0,0
putqe1fs,140,lgkokedn,1,presurvey,Introduction,1773443951,1,0,0
putqe1fs,139,1pocy6ht,2,presurvey,AudioCheck,1773443964,1,0,0
putqe1fs,112,41cy25nn,13,mock_N08_N04_Aonly,GroupingWaitPage,1773443969,1,0,1
putqe1fs,112,41cy25nn,14,mock_N08_N04_Aonly,GroupSizeWaitPage,1773443970,1,0,1
putqe1fs,138,gd8kwdbl,5,presurvey,Training,1773443971,1,0,0
putqe1fs,139,1pocy6ht,3,presurvey,Demographics,1773443976,1,0,0
putqe1fs,140,lgkokedn,2,presurvey,AudioCheck,1773443982,1,0,0
putqe1fs,112,41cy25nn,15,mock_N08_N04_Aonly,AttentionCheck,1773443987,1,0,0
putqe1fs,137,3d1j3rpy,11,presurvey,Scenario,1773443995,1,0,0
putqe1fs,138,gd8kwdbl,6,presurvey,TrainingNeighbor_1,1773444010,1,0,0
putqe1fs,139,1pocy6ht,4,presurvey,NeighborhoodInstruction,1773444012,1,0,0
putqe1fs,140,lgkokedn,3,presurvey,Demographics,1773444012,1,0,0
putqe1fs,138,gd8kwdbl,7,presurvey,TrainingNeighbor_2,1773444021,1,0,0
putqe1fs,137,3d1j3rpy,12,presurvey,Commitment,1773444030,1,0,0
putqe1fs,139,1pocy6ht,5,presurvey,Training,1773444032,1,0,0
putqe1fs,138,gd8kwdbl,8,presurvey,AttentionCheck,1773444032,1,0,0
putqe1fs,138,gd8kwdbl,9,presurvey,TrainingNeighbor_3,1773444041,1,0,0
putqe1fs,140,lgkokedn,4,presurvey,NeighborhoodInstruction,1773444046,1,0,0
putqe1fs,139,1pocy6ht,6,presurvey,TrainingNeighbor_1,1773444047,1,0,0
putqe1fs,139,1pocy6ht,10,presurvey,ExperimentInstruction,1773444068,1,0,0
putqe1fs,134,bir4wxoi,11,presurvey,Scenario,1773444069,1,0,0
putqe1fs,139,1pocy6ht,11,presurvey,Scenario,1773444096,1,0,0
putqe1fs,140,lgkokedn,5,presurvey,Training,1773444097,1,0,0
putqe1fs,139,1pocy6ht,12,presurvey,Commitment,1773444124,1,0,0
putqe1fs,136,cc5bwxlx,4,presurvey,NeighborhoodInstruction,1773444133,1,0,0
putqe1fs,140,lgkokedn,6,presurvey,TrainingNeighbor_1,1773444136,1,0,0
putqe1fs,140,lgkokedn,10,presurvey,ExperimentInstruction,1773444141,1,0,0
putqe1fs,134,bir4wxoi,12,presurvey,Commitment,1773444148,1,0,0
putqe1fs,136,cc5bwxlx,5,presurvey,Training,1773444171,1,0,0
putqe1fs,141,phketjm3,0,,InitializeParticipant,1773444196,1,0,0
putqe1fs,136,cc5bwxlx,6,presurvey,TrainingNeighbor_1,1773444219,1,0,0
putqe1fs,136,cc5bwxlx,10,presurvey,ExperimentInstruction,1773444224,1,0,0
putqe1fs,140,lgkokedn,11,presurvey,Scenario,1773444230,1,0,0
putqe1fs,142,ox15lfaf,0,,InitializeParticipant,1773444255,1,0,0
putqe1fs,141,phketjm3,1,presurvey,Introduction,1773444258,1,0,0
putqe1fs,142,ox15lfaf,1,presurvey,Introduction,1773444259,1,0,0
putqe1fs,118,94vzidkt,13,mock_N08_N04_Aonly,GroupingWaitPage,1773444271,1,0,1
putqe1fs,118,94vzidkt,14,mock_N08_N04_Aonly,GroupSizeWaitPage,1773444271,1,0,1
putqe1fs,142,ox15lfaf,2,presurvey,AudioCheck,1773444278,1,0,0
putqe1fs,118,94vzidkt,15,mock_N08_N04_Aonly,AttentionCheck,1773444281,1,0,0
putqe1fs,141,phketjm3,2,presurvey,AudioCheck,1773444283,1,0,0
putqe1fs,136,cc5bwxlx,11,presurvey,Scenario,1773444284,1,0,0
putqe1fs,142,ox15lfaf,3,presurvey,Demographics,1773444287,1,0,0
putqe1fs,141,phketjm3,3,presurvey,Demographics,1773444297,1,0,0
putqe1fs,141,phketjm3,4,presurvey,NeighborhoodInstruction,1773444310,1,0,0
putqe1fs,142,ox15lfaf,4,presurvey,NeighborhoodInstruction,1773444329,1,0,0
putqe1fs,141,phketjm3,5,presurvey,Training,1773444339,1,0,0
putqe1fs,143,2qahrtr6,0,,InitializeParticipant,1773444346,1,0,0
putqe1fs,143,2qahrtr6,1,presurvey,Introduction,1773444351,1,0,0
putqe1fs,143,2qahrtr6,2,presurvey,AudioCheck,1773444365,1,0,0
putqe1fs,141,phketjm3,6,presurvey,TrainingNeighbor_1,1773444368,1,0,0
putqe1fs,143,2qahrtr6,3,presurvey,Demographics,1773444375,1,0,0
putqe1fs,141,phketjm3,10,presurvey,ExperimentInstruction,1773444377,1,0,0
putqe1fs,142,ox15lfaf,5,presurvey,Training,1773444379,1,0,0
putqe1fs,143,2qahrtr6,4,presurvey,NeighborhoodInstruction,1773444385,1,0,0
putqe1fs,141,phketjm3,11,presurvey,Scenario,1773444398,1,0,0
putqe1fs,142,ox15lfaf,6,presurvey,TrainingNeighbor_1,1773444418,1,0,0
putqe1fs,142,ox15lfaf,10,presurvey,ExperimentInstruction,1773444423,1,0,0
putqe1fs,141,phketjm3,12,presurvey,Commitment,1773444438,1,0,0
putqe1fs,142,ox15lfaf,11,presurvey,Scenario,1773444463,1,0,0
putqe1fs,143,2qahrtr6,5,presurvey,Training,1773444482,1,0,0
putqe1fs,143,2qahrtr6,6,presurvey,TrainingNeighbor_1,1773444533,1,0,0
putqe1fs,143,2qahrtr6,7,presurvey,TrainingNeighbor_2,1773444551,1,0,0
putqe1fs,143,2qahrtr6,10,presurvey,ExperimentInstruction,1773444556,1,0,0
putqe1fs,143,2qahrtr6,11,presurvey,Scenario,1773444592,1,0,0
putqe1fs,143,2qahrtr6,12,presurvey,Commitment,1773444615,1,0,0
putqe1fs,144,2w0r9b2a,0,,InitializeParticipant,1773444644,1,0,0
putqe1fs,144,2w0r9b2a,1,presurvey,Introduction,1773444656,1,0,0
putqe1fs,144,2w0r9b2a,2,presurvey,AudioCheck,1773444692,1,0,0
putqe1fs,144,2w0r9b2a,3,presurvey,Demographics,1773444729,1,0,0
putqe1fs,145,y1o1ik14,0,,InitializeParticipant,1773444749,1,0,0
putqe1fs,144,2w0r9b2a,4,presurvey,NeighborhoodInstruction,1773444761,1,0,0
putqe1fs,136,cc5bwxlx,12,presurvey,Commitment,1773444773,1,0,0
putqe1fs,132,w7wubvia,13,mock_N08_N04_Aonly,GroupingWaitPage,1773444777,1,0,1
putqe1fs,132,w7wubvia,14,mock_N08_N04_Aonly,GroupSizeWaitPage,1773444777,1,0,1
putqe1fs,145,y1o1ik14,1,presurvey,Introduction,1773444809,1,0,0
putqe1fs,132,w7wubvia,15,mock_N08_N04_Aonly,AttentionCheck,1773444813,1,1,0
putqe1fs,145,y1o1ik14,2,presurvey,AudioCheck,1773444829,1,0,0
putqe1fs,146,jtnko24v,0,,InitializeParticipant,1773444832,1,0,0
putqe1fs,147,mv2j50hn,0,,InitializeParticipant,1773444837,1,0,0
putqe1fs,147,mv2j50hn,1,presurvey,Introduction,1773444849,1,0,0
putqe1fs,145,y1o1ik14,3,presurvey,Demographics,1773444850,1,0,0
putqe1fs,147,mv2j50hn,2,presurvey,AudioCheck,1773444862,1,0,0
putqe1fs,146,jtnko24v,1,presurvey,Introduction,1773444871,1,0,0
putqe1fs,147,mv2j50hn,3,presurvey,Demographics,1773444874,1,0,0
putqe1fs,145,y1o1ik14,4,presurvey,NeighborhoodInstruction,1773444880,1,0,0
putqe1fs,148,3xjdttcj,0,,InitializeParticipant,1773444886,1,0,0
putqe1fs,148,3xjdttcj,1,presurvey,Introduction,1773444892,1,0,0
putqe1fs,147,mv2j50hn,4,presurvey,NeighborhoodInstruction,1773444895,1,0,0
putqe1fs,145,y1o1ik14,5,presurvey,Training,1773444905,1,0,0
putqe1fs,146,jtnko24v,2,presurvey,AudioCheck,1773444905,1,0,0
putqe1fs,148,3xjdttcj,2,presurvey,AudioCheck,1773444907,1,0,0
putqe1fs,147,mv2j50hn,5,presurvey,Training,1773444913,1,0,0
putqe1fs,146,jtnko24v,3,presurvey,Demographics,1773444923,1,0,0
putqe1fs,147,mv2j50hn,6,presurvey,TrainingNeighbor_1,1773444931,1,0,0
putqe1fs,148,3xjdttcj,3,presurvey,Demographics,1773444933,1,0,0
putqe1fs,147,mv2j50hn,10,presurvey,ExperimentInstruction,1773444936,1,0,0
putqe1fs,148,3xjdttcj,4,presurvey,NeighborhoodInstruction,1773444944,1,0,0
putqe1fs,148,3xjdttcj,5,presurvey,Training,1773444954,1,0,0
putqe1fs,135,lm97yzb0,1,presurvey,Introduction,1773444954,1,0,0
putqe1fs,144,2w0r9b2a,5,presurvey,Training,1773444955,1,0,0
putqe1fs,147,mv2j50hn,11,presurvey,Scenario,1773444959,1,0,0
putqe1fs,146,jtnko24v,4,presurvey,NeighborhoodInstruction,1773444960,1,0,0
putqe1fs,145,y1o1ik14,6,presurvey,TrainingNeighbor_1,1773444974,1,0,0
putqe1fs,135,lm97yzb0,2,presurvey,AudioCheck,1773444975,1,0,0
putqe1fs,147,mv2j50hn,12,presurvey,Commitment,1773444978,1,0,0
putqe1fs,135,lm97yzb0,3,presurvey,Demographics,1773444991,1,0,0
putqe1fs,145,y1o1ik14,7,presurvey,TrainingNeighbor_2,1773444991,1,0,0
putqe1fs,148,3xjdttcj,6,presurvey,TrainingNeighbor_1,1773445002,1,0,0
putqe1fs,149,h2nu5ofk,0,,InitializeParticipant,1773445012,1,0,0
putqe1fs,145,y1o1ik14,10,presurvey,ExperimentInstruction,1773445017,1,0,0
putqe1fs,148,3xjdttcj,7,presurvey,TrainingNeighbor_2,1773445018,1,0,0
putqe1fs,150,zlc8ypyx,0,,InitializeParticipant,1773445018,1,0,0
putqe1fs,150,zlc8ypyx,1,presurvey,Introduction,1773445025,1,0,0
putqe1fs,148,3xjdttcj,10,presurvey,ExperimentInstruction,1773445025,1,0,0
putqe1fs,146,jtnko24v,5,presurvey,Training,1773445032,1,0,0
putqe1fs,144,2w0r9b2a,6,presurvey,TrainingNeighbor_1,1773445043,1,0,0
putqe1fs,150,zlc8ypyx,2,presurvey,AudioCheck,1773445045,1,0,0
putqe1fs,150,zlc8ypyx,3,presurvey,Demographics,1773445062,1,0,0
putqe1fs,144,2w0r9b2a,7,presurvey,TrainingNeighbor_2,1773445071,1,0,0
putqe1fs,148,3xjdttcj,11,presurvey,Scenario,1773445073,1,0,0
putqe1fs,146,jtnko24v,6,presurvey,TrainingNeighbor_1,1773445075,1,0,0
putqe1fs,150,zlc8ypyx,4,presurvey,NeighborhoodInstruction,1773445080,1,0,0
putqe1fs,146,jtnko24v,7,presurvey,TrainingNeighbor_2,1773445085,1,0,0
putqe1fs,144,2w0r9b2a,8,presurvey,AttentionCheck,1773445091,1,0,0
putqe1fs,148,3xjdttcj,12,presurvey,Commitment,1773445094,1,0,0
putqe1fs,146,jtnko24v,10,presurvey,ExperimentInstruction,1773445104,1,0,0
putqe1fs,151,e6g6na19,0,,InitializeParticipant,1773445107,1,0,0
putqe1fs,145,y1o1ik14,11,presurvey,Scenario,1773445111,1,0,0
putqe1fs,150,zlc8ypyx,5,presurvey,Training,1773445129,1,0,0
putqe1fs,144,2w0r9b2a,9,presurvey,TrainingNeighbor_3,1773445142,1,0,0
putqe1fs,144,2w0r9b2a,10,presurvey,ExperimentInstruction,1773445151,1,0,0
putqe1fs,146,jtnko24v,11,presurvey,Scenario,1773445163,1,0,0
putqe1fs,150,zlc8ypyx,6,presurvey,TrainingNeighbor_1,1773445183,1,0,0
putqe1fs,150,zlc8ypyx,10,presurvey,ExperimentInstruction,1773445196,1,0,0
putqe1fs,144,2w0r9b2a,11,presurvey,Scenario,1773445219,1,0,0
putqe1fs,137,3d1j3rpy,13,mock_N08_N04_Aonly,GroupingWaitPage,1773445232,1,0,1
putqe1fs,137,3d1j3rpy,14,mock_N08_N04_Aonly,GroupSizeWaitPage,1773445233,1,0,1
putqe1fs,137,3d1j3rpy,15,mock_N08_N04_Aonly,AttentionCheck,1773445238,1,0,0
putqe1fs,150,zlc8ypyx,11,presurvey,Scenario,1773445241,1,0,0
putqe1fs,139,1pocy6ht,13,mock_N08_N04_Aonly,GroupingWaitPage,1773445266,1,0,1
putqe1fs,139,1pocy6ht,14,mock_N08_N04_Aonly,GroupSizeWaitPage,1773445267,1,0,1
putqe1fs,139,1pocy6ht,15,mock_N08_N04_Aonly,AttentionCheck,1773445275,1,0,0
putqe1fs,134,bir4wxoi,13,mock_N08_N04_Aonly,GroupingWaitPage,1773445291,1,0,1
putqe1fs,134,bir4wxoi,14,mock_N08_N04_Aonly,GroupSizeWaitPage,1773445292,1,0,1
putqe1fs,152,ex1v27op,0,,InitializeParticipant,1773445309,1,0,0
putqe1fs,144,2w0r9b2a,12,presurvey,Commitment,1773445315,1,0,0
putqe1fs,134,bir4wxoi,15,mock_N08_N04_Aonly,AttentionCheck,1773445316,1,0,0
putqe1fs,153,1xwzdaj3,0,,InitializeParticipant,1773445358,1,0,0
putqe1fs,153,1xwzdaj3,1,presurvey,Introduction,1773445369,1,0,0
putqe1fs,154,v40b5qiy,0,,InitializeParticipant,1773445380,1,0,0
putqe1fs,154,v40b5qiy,1,presurvey,Introduction,1773445383,1,0,0
putqe1fs,154,v40b5qiy,2,presurvey,AudioCheck,1773445404,1,0,0
putqe1fs,154,v40b5qiy,3,presurvey,Demographics,1773445414,1,0,0
putqe1fs,154,v40b5qiy,4,presurvey,NeighborhoodInstruction,1773445416,1,0,0
putqe1fs,153,1xwzdaj3,2,presurvey,AudioCheck,1773445425,1,0,0
putqe1fs,154,v40b5qiy,5,presurvey,Training,1773445432,1,0,0
putqe1fs,154,v40b5qiy,6,presurvey,TrainingNeighbor_1,1773445441,1,0,0
putqe1fs,154,v40b5qiy,10,presurvey,ExperimentInstruction,1773445443,1,0,0
putqe1fs,153,1xwzdaj3,3,presurvey,Demographics,1773445456,1,0,0
putqe1fs,154,v40b5qiy,11,presurvey,Scenario,1773445457,1,0,0
putqe1fs,155,f18ni7oy,0,,InitializeParticipant,1773445460,1,0,0
putqe1fs,156,mb467uy0,0,,InitializeParticipant,1773445492,1,0,0
putqe1fs,155,f18ni7oy,1,presurvey,Introduction,1773445514,1,0,0
putqe1fs,153,1xwzdaj3,4,presurvey,NeighborhoodInstruction,1773445518,1,0,0
putqe1fs,156,mb467uy0,1,presurvey,Introduction,1773445522,1,0,0
putqe1fs,155,f18ni7oy,2,presurvey,AudioCheck,1773445535,1,0,0
putqe1fs,156,mb467uy0,2,presurvey,AudioCheck,1773445535,1,0,0
putqe1fs,152,ex1v27op,1,presurvey,Introduction,1773445540,1,0,0
putqe1fs,156,mb467uy0,3,presurvey,Demographics,1773445549,1,0,0
putqe1fs,155,f18ni7oy,3,presurvey,Demographics,1773445550,1,0,0
putqe1fs,153,1xwzdaj3,5,presurvey,Training,1773445570,1,0,0
putqe1fs,156,mb467uy0,4,presurvey,NeighborhoodInstruction,1773445570,1,0,0
putqe1fs,157,vfge1iis,0,,InitializeParticipant,1773445578,1,0,0
putqe1fs,141,phketjm3,13,mock_N08_N04_Aonly,GroupingWaitPage,1773445581,1,0,1
putqe1fs,141,phketjm3,14,mock_N08_N04_Aonly,GroupSizeWaitPage,1773445581,1,0,1
putqe1fs,157,vfge1iis,1,presurvey,Introduction,1773445585,1,0,0
putqe1fs,141,phketjm3,15,mock_N08_N04_Aonly,AttentionCheck,1773445587,1,0,0
putqe1fs,155,f18ni7oy,4,presurvey,NeighborhoodInstruction,1773445592,1,0,0
putqe1fs,156,mb467uy0,5,presurvey,Training,1773445603,1,0,0
putqe1fs,157,vfge1iis,2,presurvey,AudioCheck,1773445622,1,0,0
putqe1fs,158,0lhdae10,0,,InitializeParticipant,1773445626,1,0,0
putqe1fs,155,f18ni7oy,5,presurvey,Training,1773445628,1,0,0
putqe1fs,158,0lhdae10,1,presurvey,Introduction,1773445630,1,0,0
putqe1fs,152,ex1v27op,2,presurvey,AudioCheck,1773445639,1,0,0
putqe1fs,156,mb467uy0,6,presurvey,TrainingNeighbor_1,1773445647,1,0,0
putqe1fs,158,0lhdae10,2,presurvey,AudioCheck,1773445648,1,0,0
putqe1fs,157,vfge1iis,3,presurvey,Demographics,1773445648,1,0,0
putqe1fs,156,mb467uy0,7,presurvey,TrainingNeighbor_2,1773445654,1,0,0
putqe1fs,155,f18ni7oy,6,presurvey,TrainingNeighbor_1,1773445661,1,0,0
putqe1fs,158,0lhdae10,3,presurvey,Demographics,1773445666,1,0,0
putqe1fs,152,ex1v27op,3,presurvey,Demographics,1773445666,1,0,0
putqe1fs,157,vfge1iis,4,presurvey,NeighborhoodInstruction,1773445672,1,0,0
putqe1fs,155,f18ni7oy,10,presurvey,ExperimentInstruction,1773445678,1,0,0
putqe1fs,153,1xwzdaj3,6,presurvey,TrainingNeighbor_1,1773445681,1,0,0
putqe1fs,156,mb467uy0,8,presurvey,AttentionCheck,1773445681,1,0,0
putqe1fs,158,0lhdae10,4,presurvey,NeighborhoodInstruction,1773445686,1,0,0
putqe1fs,152,ex1v27op,4,presurvey,NeighborhoodInstruction,1773445692,1,0,0
putqe1fs,157,vfge1iis,5,presurvey,Training,1773445701,1,0,0
putqe1fs,156,mb467uy0,9,presurvey,TrainingNeighbor_3,1773445710,1,0,0
putqe1fs,158,0lhdae10,5,presurvey,Training,1773445714,1,0,0
putqe1fs,152,ex1v27op,5,presurvey,Training,1773445722,1,0,0
putqe1fs,153,1xwzdaj3,10,presurvey,ExperimentInstruction,1773445723,1,0,0
putqe1fs,155,f18ni7oy,11,presurvey,Scenario,1773445728,1,0,0
putqe1fs,152,ex1v27op,6,presurvey,TrainingNeighbor_1,1773445743,1,0,0
putqe1fs,157,vfge1iis,6,presurvey,TrainingNeighbor_1,1773445756,1,0,0
putqe1fs,152,ex1v27op,7,presurvey,TrainingNeighbor_2,1773445757,1,0,0
putqe1fs,152,ex1v27op,10,presurvey,ExperimentInstruction,1773445760,1,0,0
putqe1fs,157,vfge1iis,7,presurvey,TrainingNeighbor_2,1773445762,1,0,0
putqe1fs,158,0lhdae10,6,presurvey,TrainingNeighbor_1,1773445766,1,0,0
putqe1fs,157,vfge1iis,10,presurvey,ExperimentInstruction,1773445766,1,0,0
putqe1fs,143,2qahrtr6,13,mock_N08_N04_Aonly,GroupingWaitPage,1773445769,1,0,1
putqe1fs,143,2qahrtr6,14,mock_N08_N04_Aonly,GroupSizeWaitPage,1773445769,1,0,1
putqe1fs,158,0lhdae10,10,presurvey,ExperimentInstruction,1773445772,1,0,0
putqe1fs,143,2qahrtr6,15,mock_N08_N04_Aonly,AttentionCheck,1773445775,1,0,0
putqe1fs,152,ex1v27op,11,presurvey,Scenario,1773445781,1,0,0
putqe1fs,155,f18ni7oy,12,presurvey,Commitment,1773445789,1,0,0
putqe1fs,158,0lhdae10,11,presurvey,Scenario,1773445807,1,0,0
putqe1fs,153,1xwzdaj3,11,presurvey,Scenario,1773445839,1,0,0
putqe1fs,135,lm97yzb0,4,presurvey,NeighborhoodInstruction,1773445843,1,0,0
putqe1fs,157,vfge1iis,11,presurvey,Scenario,1773445844,1,0,0
putqe1fs,158,0lhdae10,12,presurvey,Commitment,1773445853,1,0,0
putqe1fs,159,2cocijzs,0,,InitializeParticipant,1773445868,1,0,0
putqe1fs,159,2cocijzs,1,presurvey,Introduction,1773445879,1,0,0
putqe1fs,135,lm97yzb0,5,presurvey,Training,1773445895,1,0,0
putqe1fs,159,2cocijzs,2,presurvey,AudioCheck,1773445899,1,0,0
putqe1fs,160,0x1n6l2b,0,,InitializeParticipant,1773445915,1,0,0
putqe1fs,159,2cocijzs,3,presurvey,Demographics,1773445925,1,0,0
putqe1fs,159,2cocijzs,4,presurvey,NeighborhoodInstruction,1773445938,1,0,0
putqe1fs,160,0x1n6l2b,1,presurvey,Introduction,1773445946,1,0,0
putqe1fs,159,2cocijzs,5,presurvey,Training,1773445955,1,0,0
putqe1fs,160,0x1n6l2b,2,presurvey,AudioCheck,1773445967,1,0,0
putqe1fs,153,1xwzdaj3,12,presurvey,Commitment,1773445967,1,0,0
putqe1fs,135,lm97yzb0,6,presurvey,TrainingNeighbor_1,1773445975,1,0,0
putqe1fs,160,0x1n6l2b,3,presurvey,Demographics,1773445984,1,0,0
putqe1fs,159,2cocijzs,6,presurvey,TrainingNeighbor_1,1773445990,1,0,0
putqe1fs,159,2cocijzs,7,presurvey,TrainingNeighbor_2,1773445994,1,0,0
putqe1fs,135,lm97yzb0,7,presurvey,TrainingNeighbor_2,1773445995,1,0,0
putqe1fs,160,0x1n6l2b,4,presurvey,NeighborhoodInstruction,1773445999,1,0,0
putqe1fs,159,2cocijzs,10,presurvey,ExperimentInstruction,1773446001,1,0,0
putqe1fs,135,lm97yzb0,10,presurvey,ExperimentInstruction,1773446019,1,0,0
putqe1fs,161,p6nk8m32,0,,InitializeParticipant,1773446023,1,0,0
putqe1fs,159,2cocijzs,11,presurvey,Scenario,1773446027,1,0,0
putqe1fs,160,0x1n6l2b,5,presurvey,Training,1773446031,1,0,0
putqe1fs,161,p6nk8m32,1,presurvey,Introduction,1773446038,1,0,0
putqe1fs,162,dk89xt17,0,,InitializeParticipant,1773446048,1,0,0
putqe1fs,162,dk89xt17,1,presurvey,Introduction,1773446051,1,0,0
putqe1fs,161,p6nk8m32,2,presurvey,AudioCheck,1773446062,1,0,0
putqe1fs,159,2cocijzs,12,presurvey,Commitment,1773446063,1,0,0
putqe1fs,160,0x1n6l2b,6,presurvey,TrainingNeighbor_1,1773446071,1,0,0
putqe1fs,162,dk89xt17,2,presurvey,AudioCheck,1773446071,1,0,0
putqe1fs,160,0x1n6l2b,10,presurvey,ExperimentInstruction,1773446077,1,0,0
putqe1fs,161,p6nk8m32,3,presurvey,Demographics,1773446080,1,0,0
putqe1fs,135,lm97yzb0,11,presurvey,Scenario,1773446083,1,0,0
putqe1fs,161,p6nk8m32,4,presurvey,NeighborhoodInstruction,1773446087,1,0,0
putqe1fs,163,6ga4gqyb,0,,InitializeParticipant,1773446090,1,0,0
putqe1fs,162,dk89xt17,3,presurvey,Demographics,1773446090,1,0,0
putqe1fs,163,6ga4gqyb,1,presurvey,Introduction,1773446093,1,0,0
putqe1fs,162,dk89xt17,4,presurvey,NeighborhoodInstruction,1773446096,1,0,0
putqe1fs,163,6ga4gqyb,2,presurvey,AudioCheck,1773446103,1,0,0
putqe1fs,162,dk89xt17,5,presurvey,Training,1773446107,1,0,0
putqe1fs,160,0x1n6l2b,11,presurvey,Scenario,1773446111,1,0,0
putqe1fs,163,6ga4gqyb,3,presurvey,Demographics,1773446114,1,0,0
putqe1fs,161,p6nk8m32,5,presurvey,Training,1773446114,1,0,0
putqe1fs,147,mv2j50hn,13,mock_N08_N04_Aonly,GroupingWaitPage,1773446119,1,0,1
putqe1fs,147,mv2j50hn,14,mock_N08_N04_Aonly,GroupSizeWaitPage,1773446120,1,0,1
putqe1fs,163,6ga4gqyb,4,presurvey,NeighborhoodInstruction,1773446121,1,0,0
putqe1fs,162,dk89xt17,6,presurvey,TrainingNeighbor_1,1773446125,1,0,0
putqe1fs,163,6ga4gqyb,5,presurvey,Training,1773446126,1,0,0
putqe1fs,147,mv2j50hn,15,mock_N08_N04_Aonly,AttentionCheck,1773446126,1,0,0
putqe1fs,162,dk89xt17,10,presurvey,ExperimentInstruction,1773446128,1,0,0
putqe1fs,163,6ga4gqyb,6,presurvey,TrainingNeighbor_1,1773446135,1,0,0
putqe1fs,163,6ga4gqyb,10,presurvey,ExperimentInstruction,1773446138,1,0,0
putqe1fs,164,tko6nbm9,0,,InitializeParticipant,1773446142,1,0,0
putqe1fs,161,p6nk8m32,6,presurvey,TrainingNeighbor_1,1773446147,1,0,0
putqe1fs,161,p6nk8m32,10,presurvey,ExperimentInstruction,1773446153,1,0,0
putqe1fs,163,6ga4gqyb,11,presurvey,Scenario,1773446157,1,0,0
putqe1fs,162,dk89xt17,11,presurvey,Scenario,1773446157,1,0,0
putqe1fs,163,6ga4gqyb,12,presurvey,Commitment,1773446169,1,0,0
putqe1fs,162,dk89xt17,12,presurvey,Commitment,1773446174,1,0,0
putqe1fs,161,p6nk8m32,11,presurvey,Scenario,1773446178,1,0,0
putqe1fs,148,3xjdttcj,13,mock_N08_N04_Aonly,GroupingWaitPage,1773446236,1,0,1
putqe1fs,148,3xjdttcj,14,mock_N08_N04_Aonly,GroupSizeWaitPage,1773446237,1,0,1
putqe1fs,148,3xjdttcj,15,mock_N08_N04_Aonly,AttentionCheck,1773446249,1,0,0
putqe1fs,164,tko6nbm9,1,presurvey,Introduction,1773446274,1,0,0
putqe1fs,164,tko6nbm9,2,presurvey,AudioCheck,1773446305,1,0,0
putqe1fs,165,wkrieaoe,0,,InitializeParticipant,1773446343,1,0,0
putqe1fs,164,tko6nbm9,3,presurvey,Demographics,1773446354,1,0,0
putqe1fs,164,tko6nbm9,4,presurvey,NeighborhoodInstruction,1773446369,1,0,0
putqe1fs,165,wkrieaoe,1,presurvey,Introduction,1773446370,1,0,0
putqe1fs,164,tko6nbm9,5,presurvey,Training,1773446385,1,0,0
putqe1fs,165,wkrieaoe,2,presurvey,AudioCheck,1773446436,1,0,0
putqe1fs,164,tko6nbm9,6,presurvey,TrainingNeighbor_1,1773446447,1,0,0
putqe1fs,165,wkrieaoe,3,presurvey,Demographics,1773446450,1,0,0
putqe1fs,166,z6gc29sb,0,,InitializeParticipant,1773446465,1,0,0
putqe1fs,166,z6gc29sb,1,presurvey,Introduction,1773446481,1,0,0
putqe1fs,144,2w0r9b2a,13,mock_N08_N04_Aonly,GroupingWaitPage,1773446518,1,0,1
putqe1fs,144,2w0r9b2a,14,mock_N08_N04_Aonly,GroupSizeWaitPage,1773446519,1,0,1
putqe1fs,144,2w0r9b2a,15,mock_N08_N04_Aonly,AttentionCheck,1773446528,1,0,0
putqe1fs,164,tko6nbm9,10,presurvey,ExperimentInstruction,1773446530,1,0,0
putqe1fs,165,wkrieaoe,4,presurvey,NeighborhoodInstruction,1773446548,1,0,0
putqe1fs,166,z6gc29sb,2,presurvey,AudioCheck,1773446568,1,0,0
putqe1fs,164,tko6nbm9,11,presurvey,Scenario,1773446577,1,0,0
putqe1fs,165,wkrieaoe,5,presurvey,Training,1773446596,1,0,0
putqe1fs,164,tko6nbm9,12,presurvey,Commitment,1773446601,1,0,0
putqe1fs,167,sxtrmjm6,0,,InitializeParticipant,1773446629,1,0,0
putqe1fs,165,wkrieaoe,6,presurvey,TrainingNeighbor_1,1773446650,1,0,0
putqe1fs,165,wkrieaoe,10,presurvey,ExperimentInstruction,1773446667,1,0,0
putqe1fs,167,sxtrmjm6,1,presurvey,Introduction,1773446670,1,0,0
putqe1fs,167,sxtrmjm6,2,presurvey,AudioCheck,1773446680,1,0,0
putqe1fs,167,sxtrmjm6,3,presurvey,Demographics,1773446691,1,0,0
putqe1fs,167,sxtrmjm6,4,presurvey,NeighborhoodInstruction,1773446703,1,0,0
putqe1fs,165,wkrieaoe,11,presurvey,Scenario,1773446710,1,0,0
putqe1fs,168,4iw3s1w8,0,,InitializeParticipant,1773446714,1,0,0
putqe1fs,167,sxtrmjm6,5,presurvey,Training,1773446717,1,0,0
putqe1fs,165,wkrieaoe,12,presurvey,Commitment,1773446729,1,0,0
putqe1fs,167,sxtrmjm6,6,presurvey,TrainingNeighbor_1,1773446739,1,0,0
putqe1fs,167,sxtrmjm6,10,presurvey,ExperimentInstruction,1773446746,1,0,0
putqe1fs,168,4iw3s1w8,1,presurvey,Introduction,1773446754,1,0,0
putqe1fs,167,sxtrmjm6,11,presurvey,Scenario,1773446775,1,0,0
putqe1fs,168,4iw3s1w8,2,presurvey,AudioCheck,1773446777,1,0,0
putqe1fs,168,4iw3s1w8,3,presurvey,Demographics,1773446795,1,0,0
putqe1fs,167,sxtrmjm6,12,presurvey,Commitment,1773446800,1,0,0
putqe1fs,168,4iw3s1w8,4,presurvey,NeighborhoodInstruction,1773446823,1,0,0
putqe1fs,168,4iw3s1w8,5,presurvey,Training,1773446848,1,0,0
putqe1fs,168,4iw3s1w8,6,presurvey,TrainingNeighbor_1,1773446882,1,0,0
putqe1fs,168,4iw3s1w8,10,presurvey,ExperimentInstruction,1773446887,1,0,0
putqe1fs,168,4iw3s1w8,11,presurvey,Scenario,1773446928,1,0,0
putqe1fs,155,f18ni7oy,13,mock_N08_N04_Aonly,GroupingWaitPage,1773446933,1,0,1
putqe1fs,155,f18ni7oy,14,mock_N08_N04_Aonly,GroupSizeWaitPage,1773446933,1,0,1
putqe1fs,155,f18ni7oy,15,mock_N08_N04_Aonly,AttentionCheck,1773446940,1,0,0
putqe1fs,168,4iw3s1w8,12,presurvey,Commitment,1773446978,1,0,0
putqe1fs,153,1xwzdaj3,13,mock_N08_N04_Aonly,GroupingWaitPage,1773447170,1,0,1
putqe1fs,153,1xwzdaj3,14,mock_N08_N04_Aonly,GroupSizeWaitPage,1773447170,1,0,1
putqe1fs,153,1xwzdaj3,15,mock_N08_N04_Aonly,AttentionCheck,1773447190,1,0,0
putqe1fs,159,2cocijzs,13,mock_N08_N04_Aonly,GroupingWaitPage,1773447206,1,0,1
putqe1fs,159,2cocijzs,14,mock_N08_N04_Aonly,GroupSizeWaitPage,1773447206,1,0,1
putqe1fs,159,2cocijzs,15,mock_N08_N04_Aonly,AttentionCheck,1773447220,1,0,0
putqe1fs,169,e9zqu4jk,0,,InitializeParticipant,1773447228,1,0,0
putqe1fs,169,e9zqu4jk,1,presurvey,Introduction,1773447232,1,0,0
putqe1fs,170,grswifig,0,,InitializeParticipant,1773447286,1,0,0
putqe1fs,170,grswifig,1,presurvey,Introduction,1773447292,1,0,0
putqe1fs,163,6ga4gqyb,13,mock_N08_N04_Aonly,GroupingWaitPage,1773447317,1,0,1
putqe1fs,162,dk89xt17,13,mock_N08_N04_Aonly,GroupingWaitPage,1773447317,1,0,1
putqe1fs,162,dk89xt17,14,mock_N08_N04_Aonly,GroupSizeWaitPage,1773447318,1,0,1
putqe1fs,163,6ga4gqyb,14,mock_N08_N04_Aonly,GroupSizeWaitPage,1773447318,1,0,1
putqe1fs,169,e9zqu4jk,2,presurvey,AudioCheck,1773447318,1,0,0
putqe1fs,163,6ga4gqyb,15,mock_N08_N04_Aonly,AttentionCheck,1773447320,1,0,0
putqe1fs,162,dk89xt17,15,mock_N08_N04_Aonly,AttentionCheck,1773447330,1,0,0
putqe1fs,169,e9zqu4jk,3,presurvey,Demographics,1773447332,1,0,0
putqe1fs,170,grswifig,2,presurvey,AudioCheck,1773447334,1,0,0
putqe1fs,169,e9zqu4jk,4,presurvey,NeighborhoodInstruction,1773447336,1,0,0
putqe1fs,169,e9zqu4jk,5,presurvey,Training,1773447348,1,0,0
putqe1fs,170,grswifig,3,presurvey,Demographics,1773447352,1,0,0
putqe1fs,170,grswifig,4,presurvey,NeighborhoodInstruction,1773447367,1,0,0
putqe1fs,169,e9zqu4jk,6,presurvey,TrainingNeighbor_1,1773447379,1,0,0
putqe1fs,169,e9zqu4jk,7,presurvey,TrainingNeighbor_2,1773447383,1,0,0
putqe1fs,169,e9zqu4jk,8,presurvey,AttentionCheck,1773447395,1,0,0
putqe1fs,169,e9zqu4jk,9,presurvey,TrainingNeighbor_3,1773447406,1,0,0
putqe1fs,169,e9zqu4jk,10,presurvey,ExperimentInstruction,1773447411,1,0,0
putqe1fs,169,e9zqu4jk,11,presurvey,Scenario,1773447430,1,0,0
putqe1fs,170,grswifig,5,presurvey,Training,1773447457,1,0,0
putqe1fs,171,qbss21oa,0,,InitializeParticipant,1773447464,1,0,0
putqe1fs,171,qbss21oa,1,presurvey,Introduction,1773447476,1,0,0
putqe1fs,171,qbss21oa,2,presurvey,AudioCheck,1773447509,1,0,0
putqe1fs,171,qbss21oa,3,presurvey,Demographics,1773447544,1,0,0
putqe1fs,170,grswifig,6,presurvey,TrainingNeighbor_1,1773447558,1,0,0
putqe1fs,170,grswifig,10,presurvey,ExperimentInstruction,1773447567,1,0,0
putqe1fs,171,qbss21oa,4,presurvey,NeighborhoodInstruction,1773447607,1,0,0
putqe1fs,172,k38t7rh2,0,,InitializeParticipant,1773447607,1,0,0
putqe1fs,172,k38t7rh2,1,presurvey,Introduction,1773447621,1,0,0
putqe1fs,172,k38t7rh2,2,presurvey,AudioCheck,1773447647,1,0,0
putqe1fs,170,grswifig,11,presurvey,Scenario,1773447660,1,0,0
putqe1fs,171,qbss21oa,5,presurvey,Training,1773447670,1,0,0
putqe1fs,170,grswifig,12,presurvey,Commitment,1773447677,1,0,0
putqe1fs,172,k38t7rh2,3,presurvey,Demographics,1773447682,1,0,0
putqe1fs,171,qbss21oa,6,presurvey,TrainingNeighbor_1,1773447723,1,0,0
putqe1fs,171,qbss21oa,10,presurvey,ExperimentInstruction,1773447730,1,0,0
putqe1fs,164,tko6nbm9,13,mock_N08_N04_Aonly,GroupingWaitPage,1773447742,1,0,1
putqe1fs,164,tko6nbm9,14,mock_N08_N04_Aonly,GroupSizeWaitPage,1773447743,1,0,1
putqe1fs,164,tko6nbm9,15,mock_N08_N04_Aonly,AttentionCheck,1773447753,1,0,0
putqe1fs,173,5r27j7z4,0,,InitializeParticipant,1773447792,1,0,0
putqe1fs,171,qbss21oa,11,presurvey,Scenario,1773447795,1,0,0
putqe1fs,174,xiy24445,0,,InitializeParticipant,1773447814,1,0,0
putqe1fs,173,5r27j7z4,1,presurvey,Introduction,1773447829,1,0,0
putqe1fs,171,qbss21oa,12,presurvey,Commitment,1773447848,1,0,0
putqe1fs,173,5r27j7z4,2,presurvey,AudioCheck,1773447854,1,0,0
putqe1fs,172,k38t7rh2,4,presurvey,NeighborhoodInstruction,1773447858,1,0,0
putqe1fs,165,wkrieaoe,13,mock_N08_N04_Aonly,GroupingWaitPage,1773447877,1,0,1
putqe1fs,165,wkrieaoe,14,mock_N08_N04_Aonly,GroupSizeWaitPage,1773447877,1,0,1
putqe1fs,165,wkrieaoe,15,mock_N08_N04_Aonly,AttentionCheck,1773447883,1,0,0
putqe1fs,173,5r27j7z4,3,presurvey,Demographics,1773447894,1,0,0
putqe1fs,175,6saiuxs5,0,,InitializeParticipant,1773447900,1,0,0
putqe1fs,172,k38t7rh2,5,presurvey,Training,1773447902,1,0,0
putqe1fs,175,6saiuxs5,1,presurvey,Introduction,1773447904,1,0,0
putqe1fs,175,6saiuxs5,2,presurvey,AudioCheck,1773447914,1,0,0
putqe1fs,175,6saiuxs5,3,presurvey,Demographics,1773447935,1,0,0
putqe1fs,173,5r27j7z4,4,presurvey,NeighborhoodInstruction,1773447941,1,0,0
putqe1fs,172,k38t7rh2,6,presurvey,TrainingNeighbor_1,1773447942,1,0,0
putqe1fs,167,sxtrmjm6,13,mock_N08_N04_Aonly,GroupingWaitPage,1773447944,1,0,1
putqe1fs,175,6saiuxs5,4,presurvey,NeighborhoodInstruction,1773447945,1,0,0
putqe1fs,167,sxtrmjm6,14,mock_N08_N04_Aonly,GroupSizeWaitPage,1773447946,1,0,1
putqe1fs,167,sxtrmjm6,15,mock_N08_N04_Aonly,AttentionCheck,1773447953,1,0,0
putqe1fs,175,6saiuxs5,5,presurvey,Training,1773447963,1,0,0
putqe1fs,175,6saiuxs5,6,presurvey,TrainingNeighbor_1,1773447979,1,0,0
putqe1fs,175,6saiuxs5,10,presurvey,ExperimentInstruction,1773447985,1,0,0
putqe1fs,175,6saiuxs5,11,presurvey,Scenario,1773448006,1,0,0
putqe1fs,173,5r27j7z4,5,presurvey,Training,1773448012,1,0,0
putqe1fs,172,k38t7rh2,10,presurvey,ExperimentInstruction,1773448015,1,0,0
putqe1fs,176,5mv18gqw,0,,InitializeParticipant,1773448025,1,0,0
putqe1fs,172,k38t7rh2,11,presurvey,Scenario,1773448046,1,0,0
putqe1fs,176,5mv18gqw,1,presurvey,Introduction,1773448046,1,0,0
putqe1fs,176,5mv18gqw,2,presurvey,AudioCheck,1773448060,1,0,0
putqe1fs,173,5r27j7z4,6,presurvey,TrainingNeighbor_1,1773448061,1,0,0
putqe1fs,173,5r27j7z4,7,presurvey,TrainingNeighbor_2,1773448067,1,0,0
putqe1fs,176,5mv18gqw,3,presurvey,Demographics,1773448074,1,0,0
putqe1fs,173,5r27j7z4,8,presurvey,AttentionCheck,1773448082,1,0,0
putqe1fs,176,5mv18gqw,4,presurvey,NeighborhoodInstruction,1773448084,1,0,0
putqe1fs,177,5ejptytq,0,,InitializeParticipant,1773448088,1,0,0
putqe1fs,173,5r27j7z4,9,presurvey,TrainingNeighbor_3,1773448101,1,0,0
putqe1fs,176,5mv18gqw,5,presurvey,Training,1773448110,1,0,0
putqe1fs,178,q885edwe,0,,InitializeParticipant,1773448118,1,0,0
putqe1fs,168,4iw3s1w8,13,mock_N08_N04_Aonly,GroupingWaitPage,1773448120,1,0,1
putqe1fs,168,4iw3s1w8,14,mock_N08_N04_Aonly,GroupSizeWaitPage,1773448120,1,0,1
putqe1fs,178,q885edwe,1,presurvey,Introduction,1773448123,1,0,0
putqe1fs,168,4iw3s1w8,15,mock_N08_N04_Aonly,AttentionCheck,1773448123,1,0,0
putqe1fs,176,5mv18gqw,6,presurvey,TrainingNeighbor_1,1773448128,1,0,0
putqe1fs,176,5mv18gqw,10,presurvey,ExperimentInstruction,1773448138,1,0,0
putqe1fs,178,q885edwe,2,presurvey,AudioCheck,1773448149,1,0,0
putqe1fs,176,5mv18gqw,11,presurvey,Scenario,1773448155,1,0,0
putqe1fs,173,5r27j7z4,10,presurvey,ExperimentInstruction,1773448158,1,0,0
putqe1fs,177,5ejptytq,1,presurvey,Introduction,1773448158,1,0,0
putqe1fs,179,2c0pn2g5,0,,InitializeParticipant,1773448167,1,0,0
putqe1fs,174,xiy24445,1,presurvey,Introduction,1773448167,1,0,0
putqe1fs,179,2c0pn2g5,1,presurvey,Introduction,1773448179,1,0,0
putqe1fs,178,q885edwe,3,presurvey,Demographics,1773448185,1,0,0
putqe1fs,178,q885edwe,4,presurvey,NeighborhoodInstruction,1773448190,1,0,0
putqe1fs,172,k38t7rh2,12,presurvey,Commitment,1773448191,1,0,0
putqe1fs,178,q885edwe,5,presurvey,Training,1773448197,1,0,0
putqe1fs,174,xiy24445,2,presurvey,AudioCheck,1773448206,1,0,0
putqe1fs,178,q885edwe,6,presurvey,TrainingNeighbor_1,1773448215,1,0,0
putqe1fs,177,5ejptytq,2,presurvey,AudioCheck,1773448216,1,0,0
putqe1fs,178,q885edwe,10,presurvey,ExperimentInstruction,1773448219,1,0,0
putqe1fs,173,5r27j7z4,11,presurvey,Scenario,1773448221,1,0,0
putqe1fs,179,2c0pn2g5,2,presurvey,AudioCheck,1773448231,1,0,0
putqe1fs,174,xiy24445,3,presurvey,Demographics,1773448235,1,0,0
putqe1fs,178,q885edwe,11,presurvey,Scenario,1773448237,1,0,0
putqe1fs,180,zz8g7fej,0,,InitializeParticipant,1773448241,1,0,0
putqe1fs,177,5ejptytq,3,presurvey,Demographics,1773448254,1,0,0
putqe1fs,179,2c0pn2g5,3,presurvey,Demographics,1773448273,1,0,0
putqe1fs,177,5ejptytq,4,presurvey,NeighborhoodInstruction,1773448279,1,0,0
putqe1fs,180,zz8g7fej,1,presurvey,Introduction,1773448281,1,0,0
putqe1fs,179,2c0pn2g5,4,presurvey,NeighborhoodInstruction,1773448286,1,0,0
putqe1fs,179,2c0pn2g5,5,presurvey,Training,1773448309,1,0,0
putqe1fs,177,5ejptytq,5,presurvey,Training,1773448310,1,0,0
putqe1fs,174,xiy24445,4,presurvey,NeighborhoodInstruction,1773448319,1,0,0
putqe1fs,80,cfiwamkb,1,presurvey,Introduction,1773448332,1,0,0
putqe1fs,173,5r27j7z4,12,presurvey,Commitment,1773448335,1,0,0
putqe1fs,80,cfiwamkb,2,presurvey,AudioCheck,1773448355,1,0,0
putqe1fs,177,5ejptytq,6,presurvey,TrainingNeighbor_1,1773448357,1,0,0
putqe1fs,180,zz8g7fej,2,presurvey,AudioCheck,1773448363,1,0,0
putqe1fs,179,2c0pn2g5,6,presurvey,TrainingNeighbor_1,1773448365,1,0,0
putqe1fs,174,xiy24445,5,presurvey,Training,1773448373,1,0,0
putqe1fs,177,5ejptytq,10,presurvey,ExperimentInstruction,1773448374,1,0,0
putqe1fs,80,cfiwamkb,3,presurvey,Demographics,1773448398,1,0,0
putqe1fs,179,2c0pn2g5,10,presurvey,ExperimentInstruction,1773448399,1,0,0
putqe1fs,80,cfiwamkb,4,presurvey,NeighborhoodInstruction,1773448428,1,0,0
putqe1fs,174,xiy24445,6,presurvey,TrainingNeighbor_1,1773448434,1,0,0
putqe1fs,177,5ejptytq,11,presurvey,Scenario,1773448439,1,0,0
putqe1fs,179,2c0pn2g5,11,presurvey,Scenario,1773448448,1,0,0
putqe1fs,80,cfiwamkb,5,presurvey,Training,1773448463,1,0,0
putqe1fs,174,xiy24445,10,presurvey,ExperimentInstruction,1773448463,1,0,0
putqe1fs,179,2c0pn2g5,12,presurvey,Commitment,1773448493,1,0,0
putqe1fs,177,5ejptytq,12,presurvey,Commitment,1773448506,1,0,0
putqe1fs,180,zz8g7fej,3,presurvey,Demographics,1773448521,1,0,0
putqe1fs,80,cfiwamkb,6,presurvey,TrainingNeighbor_1,1773448549,1,0,0
putqe1fs,174,xiy24445,11,presurvey,Scenario,1773448550,1,0,0
putqe1fs,181,bocb3nu9,0,,InitializeParticipant,1773448555,1,0,0
putqe1fs,181,bocb3nu9,1,presurvey,Introduction,1773448561,1,0,0
putqe1fs,180,zz8g7fej,4,presurvey,NeighborhoodInstruction,1773448572,1,0,0
putqe1fs,80,cfiwamkb,10,presurvey,ExperimentInstruction,1773448576,1,0,0
putqe1fs,181,bocb3nu9,2,presurvey,AudioCheck,1773448584,1,0,0
putqe1fs,181,bocb3nu9,3,presurvey,Demographics,1773448594,1,0,0
putqe1fs,80,cfiwamkb,11,presurvey,Scenario,1773448624,1,0,0
putqe1fs,180,zz8g7fej,5,presurvey,Training,1773448655,1,0,0
putqe1fs,181,bocb3nu9,4,presurvey,NeighborhoodInstruction,1773448673,1,0,0
putqe1fs,181,bocb3nu9,5,presurvey,Training,1773448702,1,0,0
putqe1fs,80,cfiwamkb,12,presurvey,Commitment,1773448709,1,0,0
putqe1fs,180,zz8g7fej,6,presurvey,TrainingNeighbor_1,1773448723,1,0,0
putqe1fs,180,zz8g7fej,10,presurvey,ExperimentInstruction,1773448749,1,0,0
putqe1fs,181,bocb3nu9,6,presurvey,TrainingNeighbor_1,1773448762,1,0,0
putqe1fs,182,49cvnj8h,0,,InitializeParticipant,1773448767,1,0,0
putqe1fs,181,bocb3nu9,7,presurvey,TrainingNeighbor_2,1773448774,1,0,0
putqe1fs,182,49cvnj8h,1,presurvey,Introduction,1773448775,1,0,0
putqe1fs,181,bocb3nu9,10,presurvey,ExperimentInstruction,1773448784,1,0,0
putqe1fs,182,49cvnj8h,2,presurvey,AudioCheck,1773448791,1,0,0
putqe1fs,182,49cvnj8h,3,presurvey,Demographics,1773448802,1,0,0
putqe1fs,183,4yvnp6dp,0,,InitializeParticipant,1773448809,1,0,0
putqe1fs,184,ouc8b5vj,0,,InitializeParticipant,1773448815,1,0,0
putqe1fs,80,cfiwamkb,13,mock_N08_N04_Aonly,GroupingWaitPage,1773448818,1,0,1
putqe1fs,170,grswifig,13,mock_N08_N04_Aonly,GroupingWaitPage,1773448818,1,0,1
putqe1fs,171,qbss21oa,13,mock_N08_N04_Aonly,GroupingWaitPage,1773448818,1,0,1
putqe1fs,173,5r27j7z4,13,mock_N08_N04_Aonly,GroupingWaitPage,1773448818,1,0,1
putqe1fs,180,zz8g7fej,11,presurvey,Scenario,1773448818,1,0,0
putqe1fs,80,cfiwamkb,14,mock_N08_N04_Aonly,GroupSizeWaitPage,1773448819,1,0,1
putqe1fs,170,grswifig,14,mock_N08_N04_Aonly,GroupSizeWaitPage,1773448819,1,0,1
putqe1fs,171,qbss21oa,14,mock_N08_N04_Aonly,GroupSizeWaitPage,1773448819,1,0,1
putqe1fs,173,5r27j7z4,14,mock_N08_N04_Aonly,GroupSizeWaitPage,1773448819,1,0,1
putqe1fs,80,cfiwamkb,16,mock_N08_N04_Aonly,DiscussionGRPWaitPage,1773448820,1,0,1
putqe1fs,171,qbss21oa,16,mock_N08_N04_Aonly,DiscussionGRPWaitPage,1773448820,1,0,1
putqe1fs,170,grswifig,16,mock_N08_N04_Aonly,DiscussionGRPWaitPage,1773448820,1,0,1
putqe1fs,173,5r27j7z4,16,mock_N08_N04_Aonly,DiscussionGRPWaitPage,1773448820,1,0,1
putqe1fs,181,bocb3nu9,11,presurvey,Scenario,1773448824,1,0,0
putqe1fs,173,5r27j7z4,17,mock_N08_N04_Aonly,Nudge,1773448840,1,0,0
putqe1fs,183,4yvnp6dp,1,presurvey,Introduction,1773448849,1,0,0
putqe1fs,170,grswifig,17,mock_N08_N04_Aonly,Nudge,1773448853,1,0,0
putqe1fs,173,5r27j7z4,18,mock_N08_N04_Aonly,NudgeTraining,1773448854,1,0,0
putqe1fs,80,cfiwamkb,17,mock_N08_N04_Aonly,Nudge,1773448855,1,0,0
putqe1fs,181,bocb3nu9,12,presurvey,Commitment,1773448870,1,0,0
putqe1fs,171,qbss21oa,17,mock_N08_N04_Aonly,Nudge,1773448872,1,0,0
putqe1fs,80,cfiwamkb,18,mock_N08_N04_Aonly,NudgeTraining,1773448875,1,0,0
putqe1fs,80,cfiwamkb,19,mock_N08_N04_Aonly,NudgeTrainingLast,1773448879,1,0,0
putqe1fs,171,qbss21oa,18,mock_N08_N04_Aonly,NudgeTraining,1773448883,1,0,0
putqe1fs,185,t15ypv48,0,,InitializeParticipant,1773448883,1,0,0
putqe1fs,183,4yvnp6dp,2,presurvey,AudioCheck,1773448885,1,0,0
putqe1fs,173,5r27j7z4,19,mock_N08_N04_Aonly,NudgeTrainingLast,1773448888,1,0,0
putqe1fs,185,t15ypv48,1,presurvey,Introduction,1773448889,1,0,0
putqe1fs,171,qbss21oa,19,mock_N08_N04_Aonly,NudgeTrainingLast,1773448889,1,0,0
putqe1fs,80,cfiwamkb,20,mock_N08_N04_Aonly,Phase3,1773448903,1,0,0
putqe1fs,183,4yvnp6dp,3,presurvey,Demographics,1773448903,1,0,0
putqe1fs,80,cfiwamkb,21,mock_N08_N04_Aonly,Discussion,1773448908,1,0,0
putqe1fs,173,5r27j7z4,20,mock_N08_N04_Aonly,Phase3,1773448910,1,0,0
putqe1fs,185,t15ypv48,2,presurvey,AudioCheck,1773448912,1,0,0
putqe1fs,171,qbss21oa,20,mock_N08_N04_Aonly,Phase3,1773448912,1,0,0
putqe1fs,180,zz8g7fej,12,presurvey,Commitment,1773448925,1,0,0
putqe1fs,185,t15ypv48,3,presurvey,Demographics,1773448927,1,0,0
putqe1fs,173,5r27j7z4,21,mock_N08_N04_Aonly,Discussion,1773448929,1,0,0
putqe1fs,183,4yvnp6dp,4,presurvey,NeighborhoodInstruction,1773448931,1,0,0
putqe1fs,171,qbss21oa,21,mock_N08_N04_Aonly,Discussion,1773448931,1,0,0
putqe1fs,170,grswifig,18,mock_N08_N04_Aonly,NudgeTraining,1773448942,1,0,0
putqe1fs,185,t15ypv48,4,presurvey,NeighborhoodInstruction,1773448978,1,0,0
putqe1fs,170,grswifig,19,mock_N08_N04_Aonly,NudgeTrainingLast,1773448981,1,0,0
putqe1fs,170,grswifig,20,mock_N08_N04_Aonly,Phase3,1773448989,1,0,0
putqe1fs,183,4yvnp6dp,5,presurvey,Training,1773449003,1,0,0
putqe1fs,185,t15ypv48,5,presurvey,Training,1773449014,1,0,0
putqe1fs,170,grswifig,21,mock_N08_N04_Aonly,Discussion,1773449020,1,0,0
putqe1fs,80,cfiwamkb,27,mock_N08_N04_Aonly,DiscussionGRPWaitPage,1773449020,2,0,1
putqe1fs,171,qbss21oa,27,mock_N08_N04_Aonly,DiscussionGRPWaitPage,1773449020,2,0,1
putqe1fs,170,grswifig,27,mock_N08_N04_Aonly,DiscussionGRPWaitPage,1773449020,2,0,1
putqe1fs,173,5r27j7z4,27,mock_N08_N04_Aonly,DiscussionGRPWaitPage,1773449020,2,0,1
putqe1fs,80,cfiwamkb,32,mock_N08_N04_Aonly,Discussion,1773449027,2,0,0
putqe1fs,170,grswifig,32,mock_N08_N04_Aonly,Discussion,1773449031,2,0,0
putqe1fs,186,m0q77zm7,0,,InitializeParticipant,1773449034,1,0,0
putqe1fs,173,5r27j7z4,32,mock_N08_N04_Aonly,Discussion,1773449038,2,0,0
putqe1fs,171,qbss21oa,32,mock_N08_N04_Aonly,Discussion,1773449038,2,0,0
putqe1fs,80,cfiwamkb,38,mock_N08_N04_Aonly,DiscussionGRPWaitPage,1773449038,3,0,1
putqe1fs,171,qbss21oa,38,mock_N08_N04_Aonly,DiscussionGRPWaitPage,1773449038,3,0,1
putqe1fs,170,grswifig,38,mock_N08_N04_Aonly,DiscussionGRPWaitPage,1773449038,3,0,1
putqe1fs,173,5r27j7z4,38,mock_N08_N04_Aonly,DiscussionGRPWaitPage,1773449038,3,0,1
putqe1fs,183,4yvnp6dp,6,presurvey,TrainingNeighbor_1,1773449042,1,0,0
putqe1fs,80,cfiwamkb,43,mock_N08_N04_Aonly,Discussion,1773449049,3,0,0
putqe1fs,185,t15ypv48,6,presurvey,TrainingNeighbor_1,1773449052,1,0,0
putqe1fs,171,qbss21oa,43,mock_N08_N04_Aonly,Discussion,1773449053,3,0,0
putqe1fs,170,grswifig,43,mock_N08_N04_Aonly,Discussion,1773449053,3,0,0
putqe1fs,173,5r27j7z4,43,mock_N08_N04_Aonly,Discussion,1773449054,3,0,0
putqe1fs,80,cfiwamkb,49,mock_N08_N04_Aonly,DiscussionGRPWaitPage,1773449055,4,0,1
putqe1fs,171,qbss21oa,49,mock_N08_N04_Aonly,DiscussionGRPWaitPage,1773449055,4,0,1
putqe1fs,170,grswifig,49,mock_N08_N04_Aonly,DiscussionGRPWaitPage,1773449055,4,0,1
putqe1fs,173,5r27j7z4,49,mock_N08_N04_Aonly,DiscussionGRPWaitPage,1773449055,4,0,1
putqe1fs,185,t15ypv48,10,presurvey,ExperimentInstruction,1773449059,1,0,0
putqe1fs,173,5r27j7z4,54,mock_N08_N04_Aonly,Discussion,1773449060,4,0,0
putqe1fs,80,cfiwamkb,54,mock_N08_N04_Aonly,Discussion,1773449060,4,0,0
putqe1fs,171,qbss21oa,54,mock_N08_N04_Aonly,Discussion,1773449064,4,0,0
putqe1fs,170,grswifig,54,mock_N08_N04_Aonly,Discussion,1773449066,4,0,0
putqe1fs,80,cfiwamkb,60,mock_N08_N04_Aonly,DiscussionGRPWaitPage,1773449067,5,0,1
putqe1fs,171,qbss21oa,60,mock_N08_N04_Aonly,DiscussionGRPWaitPage,1773449067,5,0,1
putqe1fs,170,grswifig,60,mock_N08_N04_Aonly,DiscussionGRPWaitPage,1773449067,5,0,1
putqe1fs,173,5r27j7z4,60,mock_N08_N04_Aonly,DiscussionGRPWaitPage,1773449067,5,0,1
putqe1fs,183,4yvnp6dp,10,presurvey,ExperimentInstruction,1773449069,1,0,0
putqe1fs,186,m0q77zm7,1,presurvey,Introduction,1773449070,1,0,0
putqe1fs,80,cfiwamkb,65,mock_N08_N04_Aonly,Discussion,1773449074,5,0,0
putqe1fs,173,5r27j7z4,65,mock_N08_N04_Aonly,Discussion,1773449075,5,0,0
putqe1fs,171,qbss21oa,65,mock_N08_N04_Aonly,Discussion,1773449076,5,0,0
putqe1fs,170,grswifig,65,mock_N08_N04_Aonly,Discussion,1773449080,5,0,0
putqe1fs,80,cfiwamkb,71,mock_N08_N04_Aonly,DiscussionGRPWaitPage,1773449081,6,0,1
putqe1fs,171,qbss21oa,71,mock_N08_N04_Aonly,DiscussionGRPWaitPage,1773449081,6,0,1
putqe1fs,170,grswifig,71,mock_N08_N04_Aonly,DiscussionGRPWaitPage,1773449081,6,0,1
putqe1fs,173,5r27j7z4,71,mock_N08_N04_Aonly,DiscussionGRPWaitPage,1773449081,6,0,1
putqe1fs,80,cfiwamkb,76,mock_N08_N04_Aonly,Discussion,1773449087,6,0,0
putqe1fs,173,5r27j7z4,76,mock_N08_N04_Aonly,Discussion,1773449088,6,0,0
putqe1fs,187,606ik0os,0,,InitializeParticipant,1773449091,1,0,0
putqe1fs,171,qbss21oa,76,mock_N08_N04_Aonly,Discussion,1773449092,6,0,0
putqe1fs,170,grswifig,76,mock_N08_N04_Aonly,Discussion,1773449093,6,0,0
putqe1fs,80,cfiwamkb,82,mock_N08_N04_Aonly,DiscussionGRPWaitPage,1773449094,7,0,1
putqe1fs,171,qbss21oa,82,mock_N08_N04_Aonly,DiscussionGRPWaitPage,1773449094,7,0,1
putqe1fs,170,grswifig,82,mock_N08_N04_Aonly,DiscussionGRPWaitPage,1773449094,7,0,1
putqe1fs,173,5r27j7z4,82,mock_N08_N04_Aonly,DiscussionGRPWaitPage,1773449094,7,0,1
putqe1fs,186,m0q77zm7,2,presurvey,AudioCheck,1773449095,1,0,0
putqe1fs,188,tiizx2ly,0,,InitializeParticipant,1773449100,1,0,0
putqe1fs,80,cfiwamkb,87,mock_N08_N04_Aonly,Discussion,1773449100,7,0,0
putqe1fs,171,qbss21oa,87,mock_N08_N04_Aonly,Discussion,1773449100,7,0,0
putqe1fs,173,5r27j7z4,87,mock_N08_N04_Aonly,Discussion,1773449103,7,0,0
putqe1fs,170,grswifig,87,mock_N08_N04_Aonly,Discussion,1773449103,7,0,0
putqe1fs,80,cfiwamkb,93,mock_N08_N04_Aonly,DiscussionGRPWaitPage,1773449104,8,0,1
putqe1fs,171,qbss21oa,93,mock_N08_N04_Aonly,DiscussionGRPWaitPage,1773449104,8,0,1
putqe1fs,170,grswifig,93,mock_N08_N04_Aonly,DiscussionGRPWaitPage,1773449104,8,0,1
putqe1fs,173,5r27j7z4,93,mock_N08_N04_Aonly,DiscussionGRPWaitPage,1773449104,8,0,1
putqe1fs,173,5r27j7z4,98,mock_N08_N04_Aonly,Discussion,1773449107,8,0,0
putqe1fs,185,t15ypv48,11,presurvey,Scenario,1773449109,1,0,0
putqe1fs,80,cfiwamkb,98,mock_N08_N04_Aonly,Discussion,1773449112,8,0,0
putqe1fs,171,qbss21oa,98,mock_N08_N04_Aonly,Discussion,1773449112,8,0,0
putqe1fs,186,m0q77zm7,3,presurvey,Demographics,1773449112,1,0,0
putqe1fs,187,606ik0os,1,presurvey,Introduction,1773449118,1,0,0
putqe1fs,170,grswifig,98,mock_N08_N04_Aonly,Discussion,1773449119,8,0,0
putqe1fs,171,qbss21oa,104,mock_N08_N04_Aonly,DiscussionGRPWaitPage,1773449120,9,0,1
putqe1fs,80,cfiwamkb,104,mock_N08_N04_Aonly,DiscussionGRPWaitPage,1773449120,9,0,1
putqe1fs,170,grswifig,104,mock_N08_N04_Aonly,DiscussionGRPWaitPage,1773449120,9,0,1
putqe1fs,173,5r27j7z4,104,mock_N08_N04_Aonly,DiscussionGRPWaitPage,1773449120,9,0,1
putqe1fs,173,5r27j7z4,109,mock_N08_N04_Aonly,Discussion,1773449124,9,0,0
putqe1fs,80,cfiwamkb,109,mock_N08_N04_Aonly,Discussion,1773449125,9,0,0
putqe1fs,171,qbss21oa,109,mock_N08_N04_Aonly,Discussion,1773449129,9,0,0
putqe1fs,170,grswifig,109,mock_N08_N04_Aonly,Discussion,1773449130,9,0,0
putqe1fs,80,cfiwamkb,115,mock_N08_N04_Aonly,DiscussionGRPWaitPage,1773449131,10,0,1
putqe1fs,171,qbss21oa,115,mock_N08_N04_Aonly,DiscussionGRPWaitPage,1773449131,10,0,1
putqe1fs,170,grswifig,115,mock_N08_N04_Aonly,DiscussionGRPWaitPage,1773449131,10,0,1
putqe1fs,173,5r27j7z4,115,mock_N08_N04_Aonly,DiscussionGRPWaitPage,1773449131,10,0,1
putqe1fs,173,5r27j7z4,120,mock_N08_N04_Aonly,Discussion,1773449133,10,0,0
putqe1fs,171,qbss21oa,120,mock_N08_N04_Aonly,Discussion,1773449135,10,0,0
putqe1fs,186,m0q77zm7,4,presurvey,NeighborhoodInstruction,1773449136,1,0,0
putqe1fs,80,cfiwamkb,120,mock_N08_N04_Aonly,Discussion,1773449137,10,0,0
putqe1fs,187,606ik0os,2,presurvey,AudioCheck,1773449139,1,0,0
putqe1fs,170,grswifig,120,mock_N08_N04_Aonly,Discussion,1773449140,10,0,0
putqe1fs,80,cfiwamkb,126,mock_N08_N04_Aonly,DiscussionGRPWaitPage,1773449140,11,0,1
putqe1fs,171,qbss21oa,126,mock_N08_N04_Aonly,DiscussionGRPWaitPage,1773449140,11,0,1
putqe1fs,170,grswifig,126,mock_N08_N04_Aonly,DiscussionGRPWaitPage,1773449140,11,0,1
putqe1fs,173,5r27j7z4,126,mock_N08_N04_Aonly,DiscussionGRPWaitPage,1773449140,11,0,1
putqe1fs,170,grswifig,131,mock_N08_N04_Aonly,Discussion,1773449142,11,0,0
putqe1fs,80,cfiwamkb,131,mock_N08_N04_Aonly,Discussion,1773449145,11,0,0
putqe1fs,173,5r27j7z4,131,mock_N08_N04_Aonly,Discussion,1773449146,11,0,0
putqe1fs,171,qbss21oa,131,mock_N08_N04_Aonly,Discussion,1773449148,11,0,0
putqe1fs,80,cfiwamkb,137,mock_N08_N04_Aonly,DiscussionGRPWaitPage,1773449148,12,0,1
putqe1fs,170,grswifig,137,mock_N08_N04_Aonly,DiscussionGRPWaitPage,1773449148,12,0,1
putqe1fs,171,qbss21oa,137,mock_N08_N04_Aonly,DiscussionGRPWaitPage,1773449148,12,0,1
putqe1fs,173,5r27j7z4,137,mock_N08_N04_Aonly,DiscussionGRPWaitPage,1773449148,12,0,1
putqe1fs,173,5r27j7z4,142,mock_N08_N04_Aonly,Discussion,1773449151,12,0,0
putqe1fs,80,cfiwamkb,142,mock_N08_N04_Aonly,Discussion,1773449152,12,0,0
putqe1fs,171,qbss21oa,142,mock_N08_N04_Aonly,Discussion,1773449156,12,0,0
putqe1fs,189,0sjtxrjt,0,,InitializeParticipant,1773449160,1,0,0
putqe1fs,170,grswifig,142,mock_N08_N04_Aonly,Discussion,1773449161,12,0,0
putqe1fs,171,qbss21oa,148,mock_N08_N04_Aonly,DiscussionGRPWaitPage,1773449162,13,0,1
putqe1fs,80,cfiwamkb,148,mock_N08_N04_Aonly,DiscussionGRPWaitPage,1773449162,13,0,1
putqe1fs,170,grswifig,148,mock_N08_N04_Aonly,DiscussionGRPWaitPage,1773449162,13,0,1
putqe1fs,173,5r27j7z4,148,mock_N08_N04_Aonly,DiscussionGRPWaitPage,1773449162,13,0,1
putqe1fs,173,5r27j7z4,153,mock_N08_N04_Aonly,Discussion,1773449165,13,0,0
putqe1fs,80,cfiwamkb,153,mock_N08_N04_Aonly,Discussion,1773449166,13,0,0
putqe1fs,183,4yvnp6dp,11,presurvey,Scenario,1773449166,1,0,0
putqe1fs,171,qbss21oa,153,mock_N08_N04_Aonly,Discussion,1773449169,13,0,0
putqe1fs,186,m0q77zm7,5,presurvey,Training,1773449172,1,0,0
putqe1fs,187,606ik0os,3,presurvey,Demographics,1773449175,1,0,0
putqe1fs,170,grswifig,153,mock_N08_N04_Aonly,Discussion,1773449176,13,0,0
putqe1fs,80,cfiwamkb,159,mock_N08_N04_Aonly,DiscussionGRPWaitPage,1773449177,14,0,1
putqe1fs,171,qbss21oa,159,mock_N08_N04_Aonly,DiscussionGRPWaitPage,1773449177,14,0,1
putqe1fs,170,grswifig,159,mock_N08_N04_Aonly,DiscussionGRPWaitPage,1773449177,14,0,1
putqe1fs,173,5r27j7z4,159,mock_N08_N04_Aonly,DiscussionGRPWaitPage,1773449177,14,0,1
putqe1fs,171,qbss21oa,164,mock_N08_N04_Aonly,Discussion,1773449181,14,0,0
putqe1fs,173,5r27j7z4,164,mock_N08_N04_Aonly,Discussion,1773449181,14,0,0
putqe1fs,80,cfiwamkb,164,mock_N08_N04_Aonly,Discussion,1773449187,14,0,0
putqe1fs,170,grswifig,164,mock_N08_N04_Aonly,Discussion,1773449188,14,0,0
putqe1fs,80,cfiwamkb,170,mock_N08_N04_Aonly,DiscussionGRPWaitPage,1773449189,15,0,1
putqe1fs,171,qbss21oa,170,mock_N08_N04_Aonly,DiscussionGRPWaitPage,1773449189,15,0,1
putqe1fs,170,grswifig,170,mock_N08_N04_Aonly,DiscussionGRPWaitPage,1773449189,15,0,1
putqe1fs,173,5r27j7z4,170,mock_N08_N04_Aonly,DiscussionGRPWaitPage,1773449189,15,0,1
putqe1fs,171,qbss21oa,175,mock_N08_N04_Aonly,Discussion,1773449194,15,0,0
putqe1fs,173,5r27j7z4,175,mock_N08_N04_Aonly,Discussion,1773449196,15,0,0
putqe1fs,80,cfiwamkb,175,mock_N08_N04_Aonly,Discussion,1773449197,15,0,0
putqe1fs,170,grswifig,175,mock_N08_N04_Aonly,Discussion,1773449203,15,0,0
putqe1fs,80,cfiwamkb,181,mock_N08_N04_Aonly,DiscussionGRPWaitPage,1773449204,16,0,1
putqe1fs,171,qbss21oa,181,mock_N08_N04_Aonly,DiscussionGRPWaitPage,1773449204,16,0,1
putqe1fs,170,grswifig,181,mock_N08_N04_Aonly,DiscussionGRPWaitPage,1773449204,16,0,1
putqe1fs,173,5r27j7z4,181,mock_N08_N04_Aonly,DiscussionGRPWaitPage,1773449204,16,0,1
putqe1fs,173,5r27j7z4,186,mock_N08_N04_Aonly,Discussion,1773449206,16,0,0
putqe1fs,171,qbss21oa,186,mock_N08_N04_Aonly,Discussion,1773449209,16,0,0
putqe1fs,186,m0q77zm7,6,presurvey,TrainingNeighbor_1,1773449210,1,0,0
putqe1fs,190,1l5i89e3,0,,InitializeParticipant,1773449210,1,0,0
putqe1fs,80,cfiwamkb,186,mock_N08_N04_Aonly,Discussion,1773449211,16,0,0
putqe1fs,187,606ik0os,4,presurvey,NeighborhoodInstruction,1773449212,1,0,0
putqe1fs,170,grswifig,186,mock_N08_N04_Aonly,Discussion,1773449214,16,0,0
putqe1fs,171,qbss21oa,192,mock_N08_N04_Aonly,DiscussionGRPWaitPage,1773449214,17,0,1
putqe1fs,80,cfiwamkb,192,mock_N08_N04_Aonly,DiscussionGRPWaitPage,1773449214,17,0,1
putqe1fs,170,grswifig,192,mock_N08_N04_Aonly,DiscussionGRPWaitPage,1773449214,17,0,1
putqe1fs,173,5r27j7z4,192,mock_N08_N04_Aonly,DiscussionGRPWaitPage,1773449214,17,0,1
putqe1fs,173,5r27j7z4,197,mock_N08_N04_Aonly,Discussion,1773449218,17,0,0
putqe1fs,80,cfiwamkb,197,mock_N08_N04_Aonly,Discussion,1773449218,17,0,0
putqe1fs,171,qbss21oa,197,mock_N08_N04_Aonly,Discussion,1773449220,17,0,0
putqe1fs,191,jt7owftz,0,,InitializeParticipant,1773449221,1,0,0
putqe1fs,186,m0q77zm7,7,presurvey,TrainingNeighbor_2,1773449222,1,0,0
putqe1fs,170,grswifig,197,mock_N08_N04_Aonly,Discussion,1773449227,17,0,0
putqe1fs,191,jt7owftz,1,presurvey,Introduction,1773449227,1,0,0
putqe1fs,80,cfiwamkb,203,mock_N08_N04_Aonly,DiscussionGRPWaitPage,1773449228,18,0,1
putqe1fs,171,qbss21oa,203,mock_N08_N04_Aonly,DiscussionGRPWaitPage,1773449228,18,0,1
putqe1fs,170,grswifig,203,mock_N08_N04_Aonly,DiscussionGRPWaitPage,1773449228,18,0,1
putqe1fs,173,5r27j7z4,203,mock_N08_N04_Aonly,DiscussionGRPWaitPage,1773449228,18,0,1
putqe1fs,187,606ik0os,5,presurvey,Training,1773449228,1,0,0
putqe1fs,186,m0q77zm7,10,presurvey,ExperimentInstruction,1773449230,1,0,0
putqe1fs,173,5r27j7z4,208,mock_N08_N04_Aonly,Discussion,1773449230,18,0,0
putqe1fs,192,b1br1mlq,0,,InitializeParticipant,1773449231,1,0,0
putqe1fs,193,6smtsinm,0,,InitializeParticipant,1773449231,1,0,0
putqe1fs,171,qbss21oa,208,mock_N08_N04_Aonly,Discussion,1773449234,18,0,0
putqe1fs,193,6smtsinm,1,presurvey,Introduction,1773449234,1,0,0
putqe1fs,80,cfiwamkb,208,mock_N08_N04_Aonly,Discussion,1773449239,18,0,0
putqe1fs,170,grswifig,208,mock_N08_N04_Aonly,Discussion,1773449241,18,0,0
putqe1fs,80,cfiwamkb,214,mock_N08_N04_Aonly,DiscussionGRPWaitPage,1773449241,19,0,1
putqe1fs,171,qbss21oa,214,mock_N08_N04_Aonly,DiscussionGRPWaitPage,1773449241,19,0,1
putqe1fs,170,grswifig,214,mock_N08_N04_Aonly,DiscussionGRPWaitPage,1773449241,19,0,1
putqe1fs,173,5r27j7z4,214,mock_N08_N04_Aonly,DiscussionGRPWaitPage,1773449241,19,0,1
putqe1fs,194,c9uzphjv,0,,InitializeParticipant,1773449243,1,0,0
putqe1fs,194,c9uzphjv,1,presurvey,Introduction,1773449246,1,0,0
putqe1fs,171,qbss21oa,219,mock_N08_N04_Aonly,Discussion,1773449247,19,0,0
putqe1fs,191,jt7owftz,2,presurvey,AudioCheck,1773449247,1,0,0
putqe1fs,173,5r27j7z4,219,mock_N08_N04_Aonly,Discussion,1773449248,19,0,0
putqe1fs,80,cfiwamkb,219,mock_N08_N04_Aonly,Discussion,1773449252,19,0,0
putqe1fs,195,13n0ffm4,0,,InitializeParticipant,1773449252,1,0,0
putqe1fs,170,grswifig,219,mock_N08_N04_Aonly,Discussion,1773449254,19,0,0
putqe1fs,80,cfiwamkb,225,mock_N08_N04_Aonly,DiscussionGRPWaitPage,1773449254,20,0,1
putqe1fs,171,qbss21oa,225,mock_N08_N04_Aonly,DiscussionGRPWaitPage,1773449254,20,0,1
putqe1fs,170,grswifig,225,mock_N08_N04_Aonly,DiscussionGRPWaitPage,1773449254,20,0,1
putqe1fs,173,5r27j7z4,225,mock_N08_N04_Aonly,DiscussionGRPWaitPage,1773449254,20,0,1
putqe1fs,193,6smtsinm,2,presurvey,AudioCheck,1773449255,1,0,0
putqe1fs,173,5r27j7z4,230,mock_N08_N04_Aonly,Discussion,1773449257,20,0,0
putqe1fs,191,jt7owftz,3,presurvey,Demographics,1773449259,1,0,0
putqe1fs,80,cfiwamkb,230,mock_N08_N04_Aonly,Discussion,1773449261,20,0,0
putqe1fs,171,qbss21oa,230,mock_N08_N04_Aonly,Discussion,1773449263,20,0,0
putqe1fs,187,606ik0os,6,presurvey,TrainingNeighbor_1,1773449267,1,0,0
putqe1fs,195,13n0ffm4,1,presurvey,Introduction,1773449268,1,0,0
putqe1fs,170,grswifig,230,mock_N08_N04_Aonly,Discussion,1773449268,20,0,0
putqe1fs,80,cfiwamkb,231,mock_N08_N04_Aonly,FinalRoundWaitPage,1773449269,20,0,1
putqe1fs,171,qbss21oa,231,mock_N08_N04_Aonly,FinalRoundWaitPage,1773449269,20,0,1
putqe1fs,170,grswifig,231,mock_N08_N04_Aonly,FinalRoundWaitPage,1773449269,20,0,1
putqe1fs,173,5r27j7z4,231,mock_N08_N04_Aonly,FinalRoundWaitPage,1773449269,20,0,1
putqe1fs,192,b1br1mlq,1,presurvey,Introduction,1773449269,1,0,0
putqe1fs,193,6smtsinm,3,presurvey,Demographics,1773449271,1,0,0
putqe1fs,191,jt7owftz,4,presurvey,NeighborhoodInstruction,1773449273,1,0,0
putqe1fs,194,c9uzphjv,2,presurvey,AudioCheck,1773449273,1,0,0
putqe1fs,186,m0q77zm7,11,presurvey,Scenario,1773449277,1,0,0
putqe1fs,173,5r27j7z4,232,mock_N08_N04_Aonly,FinalRound,1773449278,20,0,0
putqe1fs,170,grswifig,232,mock_N08_N04_Aonly,FinalRound,1773449280,20,0,0
putqe1fs,188,tiizx2ly,1,presurvey,Introduction,1773449280,1,0,0
putqe1fs,196,1ndru7m1,0,,InitializeParticipant,1773449280,1,0,0
putqe1fs,171,qbss21oa,232,mock_N08_N04_Aonly,FinalRound,1773449281,20,0,0
putqe1fs,195,13n0ffm4,2,presurvey,AudioCheck,1773449283,1,0,0
putqe1fs,80,cfiwamkb,232,mock_N08_N04_Aonly,FinalRound,1773449284,20,0,0
putqe1fs,194,c9uzphjv,3,presurvey,Demographics,1773449286,1,0,0
putqe1fs,187,606ik0os,10,presurvey,ExperimentInstruction,1773449287,1,0,0
putqe1fs,195,13n0ffm4,3,presurvey,Demographics,1773449292,1,0,0
putqe1fs,191,jt7owftz,5,presurvey,Training,1773449292,1,0,0
putqe1fs,184,ouc8b5vj,1,presurvey,Introduction,1773449297,1,0,0
putqe1fs,195,13n0ffm4,4,presurvey,NeighborhoodInstruction,1773449297,1,0,0
putqe1fs,197,81impaa7,0,,InitializeParticipant,1773449305,1,0,0
putqe1fs,194,c9uzphjv,4,presurvey,NeighborhoodInstruction,1773449306,1,0,0
putqe1fs,196,1ndru7m1,1,presurvey,Introduction,1773449308,1,0,0
putqe1fs,184,ouc8b5vj,2,presurvey,AudioCheck,1773449309,1,0,0
putqe1fs,198,a66q3hg0,0,,InitializeParticipant,1773449310,1,0,0
putqe1fs,188,tiizx2ly,2,presurvey,AudioCheck,1773449312,1,0,0
putqe1fs,199,cq1fs71a,0,,InitializeParticipant,1773449316,1,0,0
putqe1fs,195,13n0ffm4,5,presurvey,Training,1773449316,1,0,0
putqe1fs,192,b1br1mlq,2,presurvey,AudioCheck,1773449318,1,0,0
putqe1fs,191,jt7owftz,6,presurvey,TrainingNeighbor_1,1773449323,1,0,0
putqe1fs,197,81impaa7,1,presurvey,Introduction,1773449326,1,0,0
putqe1fs,198,a66q3hg0,1,presurvey,Introduction,1773449328,1,0,0
putqe1fs,188,tiizx2ly,3,presurvey,Demographics,1773449329,1,0,0
putqe1fs,191,jt7owftz,7,presurvey,TrainingNeighbor_2,1773449330,1,0,0
putqe1fs,184,ouc8b5vj,3,presurvey,Demographics,1773449331,1,0,0
putqe1fs,172,k38t7rh2,13,mock_N08_N04_Aonly,GroupingWaitPage,1773449334,1,0,1
putqe1fs,172,k38t7rh2,14,mock_N08_N04_Aonly,GroupSizeWaitPage,1773449335,1,0,1
putqe1fs,194,c9uzphjv,5,presurvey,Training,1773449335,1,0,0
putqe1fs,186,m0q77zm7,12,presurvey,Commitment,1773449335,1,0,0
putqe1fs,191,jt7owftz,10,presurvey,ExperimentInstruction,1773449336,1,0,0
putqe1fs,192,b1br1mlq,3,presurvey,Demographics,1773449338,1,0,0
putqe1fs,198,a66q3hg0,2,presurvey,AudioCheck,1773449339,1,0,0
putqe1fs,196,1ndru7m1,2,presurvey,AudioCheck,1773449342,1,0,0
putqe1fs,172,k38t7rh2,15,mock_N08_N04_Aonly,AttentionCheck,1773449345,1,0,0
putqe1fs,195,13n0ffm4,6,presurvey,TrainingNeighbor_1,1773449347,1,0,0
putqe1fs,199,cq1fs71a,1,presurvey,Introduction,1773449347,1,0,0
putqe1fs,197,81impaa7,2,presurvey,AudioCheck,1773449348,1,0,0
putqe1fs,198,a66q3hg0,3,presurvey,Demographics,1773449351,1,0,0
putqe1fs,198,a66q3hg0,4,presurvey,NeighborhoodInstruction,1773449358,1,0,0
putqe1fs,199,cq1fs71a,2,presurvey,AudioCheck,1773449363,1,0,0
putqe1fs,191,jt7owftz,11,presurvey,Scenario,1773449364,1,0,0
putqe1fs,188,tiizx2ly,4,presurvey,NeighborhoodInstruction,1773449368,1,0,0
putqe1fs,198,a66q3hg0,5,presurvey,Training,1773449368,1,0,0
putqe1fs,196,1ndru7m1,3,presurvey,Demographics,1773449370,1,0,0
putqe1fs,194,c9uzphjv,6,presurvey,TrainingNeighbor_1,1773449370,1,0,0
putqe1fs,197,81impaa7,3,presurvey,Demographics,1773449373,1,0,0
putqe1fs,194,c9uzphjv,10,presurvey,ExperimentInstruction,1773449375,1,0,0
putqe1fs,193,6smtsinm,4,presurvey,NeighborhoodInstruction,1773449376,1,0,0
putqe1fs,195,13n0ffm4,10,presurvey,ExperimentInstruction,1773449377,1,0,0
putqe1fs,199,cq1fs71a,3,presurvey,Demographics,1773449381,1,0,0
putqe1fs,198,a66q3hg0,6,presurvey,TrainingNeighbor_1,1773449386,1,0,0
putqe1fs,199,cq1fs71a,4,presurvey,NeighborhoodInstruction,1773449391,1,0,0
putqe1fs,191,jt7owftz,12,presurvey,Commitment,1773449392,1,0,0
putqe1fs,198,a66q3hg0,10,presurvey,ExperimentInstruction,1773449394,1,0,0
putqe1fs,197,81impaa7,4,presurvey,NeighborhoodInstruction,1773449396,1,0,0
putqe1fs,193,6smtsinm,5,presurvey,Training,1773449398,1,0,0
putqe1fs,196,1ndru7m1,4,presurvey,NeighborhoodInstruction,1773449401,1,0,0
putqe1fs,184,ouc8b5vj,4,presurvey,NeighborhoodInstruction,1773449403,1,0,0
putqe1fs,194,c9uzphjv,11,presurvey,Scenario,1773449410,1,0,0
putqe1fs,199,cq1fs71a,5,presurvey,Training,1773449414,1,0,0
putqe1fs,195,13n0ffm4,11,presurvey,Scenario,1773449416,1,0,0
putqe1fs,198,a66q3hg0,11,presurvey,Scenario,1773449419,1,0,0
putqe1fs,188,tiizx2ly,5,presurvey,Training,1773449423,1,0,0
putqe1fs,187,606ik0os,11,presurvey,Scenario,1773449423,1,0,0
putqe1fs,197,81impaa7,5,presurvey,Training,1773449429,1,0,0
putqe1fs,184,ouc8b5vj,5,presurvey,Training,1773449434,1,0,0
putqe1fs,196,1ndru7m1,5,presurvey,Training,1773449443,1,0,0
putqe1fs,199,cq1fs71a,6,presurvey,TrainingNeighbor_1,1773449449,1,0,0
putqe1fs,199,cq1fs71a,10,presurvey,ExperimentInstruction,1773449451,1,0,0
putqe1fs,194,c9uzphjv,12,presurvey,Commitment,1773449453,1,0,0
putqe1fs,192,b1br1mlq,4,presurvey,NeighborhoodInstruction,1773449457,1,0,0
putqe1fs,193,6smtsinm,6,presurvey,TrainingNeighbor_1,1773449457,1,0,0
putqe1fs,192,b1br1mlq,5,presurvey,Training,1773449462,1,0,0
putqe1fs,193,6smtsinm,7,presurvey,TrainingNeighbor_2,1773449463,1,0,0
putqe1fs,188,tiizx2ly,6,presurvey,TrainingNeighbor_1,1773449468,1,0,0
putqe1fs,184,ouc8b5vj,6,presurvey,TrainingNeighbor_1,1773449474,1,0,0
putqe1fs,188,tiizx2ly,7,presurvey,TrainingNeighbor_2,1773449476,1,0,0
putqe1fs,193,6smtsinm,10,presurvey,ExperimentInstruction,1773449480,1,0,0
putqe1fs,197,81impaa7,6,presurvey,TrainingNeighbor_1,1773449482,1,0,0
putqe1fs,199,cq1fs71a,11,presurvey,Scenario,1773449482,1,0,0
putqe1fs,184,ouc8b5vj,10,presurvey,ExperimentInstruction,1773449483,1,0,0
putqe1fs,188,tiizx2ly,10,presurvey,ExperimentInstruction,1773449486,1,0,0
putqe1fs,199,cq1fs71a,12,presurvey,Commitment,1773449493,1,0,0
putqe1fs,177,5ejptytq,13,mock_N08_N04_Aonly,GroupingWaitPage,1773449494,1,0,1
putqe1fs,179,2c0pn2g5,13,mock_N08_N04_Aonly,GroupingWaitPage,1773449494,1,0,1
putqe1fs,180,zz8g7fej,13,mock_N08_N04_Aonly,GroupingWaitPage,1773449494,1,0,1
putqe1fs,181,bocb3nu9,13,mock_N08_N04_Aonly,GroupingWaitPage,1773449494,1,0,1
putqe1fs,186,m0q77zm7,13,mock_N08_N04_Aonly,GroupingWaitPage,1773449494,1,0,1
putqe1fs,191,jt7owftz,13,mock_N08_N04_Aonly,GroupingWaitPage,1773449494,1,0,1
putqe1fs,194,c9uzphjv,13,mock_N08_N04_Aonly,GroupingWaitPage,1773449494,1,0,1
putqe1fs,199,cq1fs71a,13,mock_N08_N04_Aonly,GroupingWaitPage,1773449494,1,0,1
putqe1fs,197,81impaa7,7,presurvey,TrainingNeighbor_2,1773449494,1,0,0
putqe1fs,177,5ejptytq,14,mock_N08_N04_Aonly,GroupSizeWaitPage,1773449494,1,0,1
putqe1fs,179,2c0pn2g5,14,mock_N08_N04_Aonly,GroupSizeWaitPage,1773449494,1,0,1
putqe1fs,180,zz8g7fej,14,mock_N08_N04_Aonly,GroupSizeWaitPage,1773449494,1,0,1
putqe1fs,181,bocb3nu9,14,mock_N08_N04_Aonly,GroupSizeWaitPage,1773449494,1,0,1
putqe1fs,186,m0q77zm7,14,mock_N08_N04_Aonly,GroupSizeWaitPage,1773449494,1,0,1
putqe1fs,191,jt7owftz,14,mock_N08_N04_Aonly,GroupSizeWaitPage,1773449494,1,0,1
putqe1fs,194,c9uzphjv,14,mock_N08_N04_Aonly,GroupSizeWaitPage,1773449494,1,0,1
putqe1fs,199,cq1fs71a,14,mock_N08_N04_Aonly,GroupSizeWaitPage,1773449494,1,0,1
putqe1fs,180,zz8g7fej,16,mock_N08_N04_Aonly,DiscussionGRPWaitPage,1773449496,1,0,1
putqe1fs,181,bocb3nu9,16,mock_N08_N04_Aonly,DiscussionGRPWaitPage,1773449496,1,0,1
putqe1fs,191,jt7owftz,16,mock_N08_N04_Aonly,DiscussionGRPWaitPage,1773449496,1,0,1
putqe1fs,194,c9uzphjv,16,mock_N08_N04_Aonly,DiscussionGRPWaitPage,1773449496,1,0,1
putqe1fs,177,5ejptytq,16,mock_N08_N04_Aonly,DiscussionGRPWaitPage,1773449496,1,0,1
putqe1fs,179,2c0pn2g5,16,mock_N08_N04_Aonly,DiscussionGRPWaitPage,1773449496,1,0,1
putqe1fs,186,m0q77zm7,16,mock_N08_N04_Aonly,DiscussionGRPWaitPage,1773449496,1,0,1
putqe1fs,199,cq1fs71a,16,mock_N08_N04_Aonly,DiscussionGRPWaitPage,1773449496,1,0,1
putqe1fs,197,81impaa7,10,presurvey,ExperimentInstruction,1773449501,1,0,0
putqe1fs,196,1ndru7m1,6,presurvey,TrainingNeighbor_1,1773449506,1,0,0
putqe1fs,191,jt7owftz,17,mock_N08_N04_Aonly,Nudge,1773449506,1,0,0
putqe1fs,199,cq1fs71a,17,mock_N08_N04_Aonly,Nudge,1773449509,1,0,0
putqe1fs,193,6smtsinm,11,presurvey,Scenario,1773449511,1,0,0
putqe1fs,199,cq1fs71a,18,mock_N08_N04_Aonly,NudgeTraining,1773449515,1,0,0
putqe1fs,177,5ejptytq,17,mock_N08_N04_Aonly,Nudge,1773449517,1,0,0
putqe1fs,181,bocb3nu9,17,mock_N08_N04_Aonly,Nudge,1773449522,1,0,0
putqe1fs,191,jt7owftz,18,mock_N08_N04_Aonly,NudgeTraining,1773449523,1,0,0
putqe1fs,199,cq1fs71a,19,mock_N08_N04_Aonly,NudgeTrainingLast,1773449523,1,0,0
putqe1fs,186,m0q77zm7,17,mock_N08_N04_Aonly,Nudge,1773449524,1,0,0
putqe1fs,196,1ndru7m1,10,presurvey,ExperimentInstruction,1773449526,1,0,0
putqe1fs,186,m0q77zm7,18,mock_N08_N04_Aonly,NudgeTraining,1773449530,1,0,0
putqe1fs,194,c9uzphjv,17,mock_N08_N04_Aonly,Nudge,1773449531,1,0,0
putqe1fs,191,jt7owftz,19,mock_N08_N04_Aonly,NudgeTrainingLast,1773449532,1,0,0
putqe1fs,184,ouc8b5vj,11,presurvey,Scenario,1773449534,1,0,0
putqe1fs,181,bocb3nu9,18,mock_N08_N04_Aonly,NudgeTraining,1773449535,1,0,0
putqe1fs,177,5ejptytq,18,mock_N08_N04_Aonly,NudgeTraining,1773449537,1,0,0
putqe1fs,186,m0q77zm7,19,mock_N08_N04_Aonly,NudgeTrainingLast,1773449537,1,0,0
putqe1fs,179,2c0pn2g5,17,mock_N08_N04_Aonly,Nudge,1773449538,1,0,0
putqe1fs,199,cq1fs71a,20,mock_N08_N04_Aonly,Phase3,1773449539,1,0,0
putqe1fs,181,bocb3nu9,19,mock_N08_N04_Aonly,NudgeTrainingLast,1773449542,1,0,0
putqe1fs,177,5ejptytq,19,mock_N08_N04_Aonly,NudgeTrainingLast,1773449543,1,0,0
putqe1fs,188,tiizx2ly,11,presurvey,Scenario,1773449544,1,0,0
putqe1fs,197,81impaa7,11,presurvey,Scenario,1773449544,1,0,0
putqe1fs,191,jt7owftz,20,mock_N08_N04_Aonly,Phase3,1773449547,1,0,0
putqe1fs,179,2c0pn2g5,18,mock_N08_N04_Aonly,NudgeTraining,1773449550,1,0,0
putqe1fs,199,cq1fs71a,21,mock_N08_N04_Aonly,Discussion,1773449552,1,0,0
putqe1fs,194,c9uzphjv,18,mock_N08_N04_Aonly,NudgeTraining,1773449556,1,0,0
putqe1fs,200,4zg9sizy,0,,InitializeParticipant,1773449557,1,0,0
putqe1fs,200,4zg9sizy,1,presurvey,Introduction,1773449560,1,0,0
putqe1fs,177,5ejptytq,20,mock_N08_N04_Aonly,Phase3,1773449562,1,0,0
putqe1fs,184,ouc8b5vj,12,presurvey,Commitment,1773449562,1,0,0
putqe1fs,186,m0q77zm7,20,mock_N08_N04_Aonly,Phase3,1773449564,1,0,0
putqe1fs,191,jt7owftz,21,mock_N08_N04_Aonly,Discussion,1773449564,1,0,0
putqe1fs,179,2c0pn2g5,19,mock_N08_N04_Aonly,NudgeTrainingLast,1773449569,1,0,0
putqe1fs,177,5ejptytq,21,mock_N08_N04_Aonly,Discussion,1773449570,1,0,0
putqe1fs,200,4zg9sizy,2,presurvey,AudioCheck,1773449572,1,0,0
putqe1fs,181,bocb3nu9,20,mock_N08_N04_Aonly,Phase3,1773449575,1,0,0
putqe1fs,186,m0q77zm7,21,mock_N08_N04_Aonly,Discussion,1773449576,1,0,0
putqe1fs,181,bocb3nu9,21,mock_N08_N04_Aonly,Discussion,1773449589,1,0,0
putqe1fs,200,4zg9sizy,3,presurvey,Demographics,1773449595,1,0,0
putqe1fs,180,zz8g7fej,17,mock_N08_N04_Aonly,Nudge,1773449595,1,1,0
putqe1fs,179,2c0pn2g5,20,mock_N08_N04_Aonly,Phase3,1773449595,1,0,0
putqe1fs,188,tiizx2ly,12,presurvey,Commitment,1773449596,1,0,0
putqe1fs,200,4zg9sizy,4,presurvey,NeighborhoodInstruction,1773449597,1,0,0
putqe1fs,196,1ndru7m1,11,presurvey,Scenario,1773449600,1,0,0
putqe1fs,200,4zg9sizy,5,presurvey,Training,1773449603,1,0,0
putqe1fs,179,2c0pn2g5,21,mock_N08_N04_Aonly,Discussion,1773449605,1,0,0
putqe1fs,201,m8878wrj,0,,InitializeParticipant,1773449606,1,0,0
putqe1fs,201,m8878wrj,1,presurvey,Introduction,1773449609,1,0,0
putqe1fs,202,xpls4b81,0,,InitializeParticipant,1773449611,1,0,0
putqe1fs,201,m8878wrj,2,presurvey,AudioCheck,1773449633,1,0,0
putqe1fs,200,4zg9sizy,6,presurvey,TrainingNeighbor_1,1773449638,1,0,0
putqe1fs,202,xpls4b81,1,presurvey,Introduction,1773449642,1,0,0
putqe1fs,200,4zg9sizy,10,presurvey,ExperimentInstruction,1773449646,1,0,0
putqe1fs,201,m8878wrj,3,presurvey,Demographics,1773449647,1,0,0
putqe1fs,194,c9uzphjv,19,mock_N08_N04_Aonly,NudgeTrainingLast,1773449647,1,1,0
putqe1fs,200,4zg9sizy,11,presurvey,Scenario,1773449653,1,0,0
putqe1fs,196,1ndru7m1,12,presurvey,Commitment,1773449659,1,0,0
putqe1fs,200,4zg9sizy,12,presurvey,Commitment,1773449661,1,0,0
putqe1fs,203,olct3oy5,0,,InitializeParticipant,1773449663,1,0,0
putqe1fs,194,c9uzphjv,20,mock_N08_N04_Aonly,Phase3,1773449666,1,0,0
putqe1fs,201,m8878wrj,4,presurvey,NeighborhoodInstruction,1773449669,1,0,0
putqe1fs,194,c9uzphjv,21,mock_N08_N04_Aonly,Discussion,1773449686,1,0,0
putqe1fs,180,zz8g7fej,18,mock_N08_N04_Aonly,NudgeTraining,1773449694,1,1,0
putqe1fs,201,m8878wrj,5,presurvey,Training,1773449696,1,0,0
putqe1fs,202,xpls4b81,2,presurvey,AudioCheck,1773449715,1,0,0
putqe1fs,201,m8878wrj,6,presurvey,TrainingNeighbor_1,1773449720,1,0,0
putqe1fs,204,b3tsrupv,0,,InitializeParticipant,1773449723,1,0,0
putqe1fs,204,b3tsrupv,1,presurvey,Introduction,1773449730,1,0,0
putqe1fs,201,m8878wrj,10,presurvey,ExperimentInstruction,1773449733,1,0,0
putqe1fs,202,xpls4b81,3,presurvey,Demographics,1773449759,1,0,0
putqe1fs,201,m8878wrj,11,presurvey,Scenario,1773449766,1,0,0
putqe1fs,205,m2xp47k6,0,,InitializeParticipant,1773449780,1,0,0
putqe1fs,202,xpls4b81,4,presurvey,NeighborhoodInstruction,1773449789,1,0,0
putqe1fs,180,zz8g7fej,19,mock_N08_N04_Aonly,NudgeTrainingLast,1773449791,1,1,0
putqe1fs,204,b3tsrupv,2,presurvey,AudioCheck,1773449805,1,0,0
putqe1fs,204,b3tsrupv,3,presurvey,Demographics,1773449827,1,0,0
putqe1fs,205,m2xp47k6,1,presurvey,Introduction,1773449827,1,0,0
putqe1fs,180,zz8g7fej,20,mock_N08_N04_Aonly,Phase3,1773449842,1,1,0
putqe1fs,204,b3tsrupv,4,presurvey,NeighborhoodInstruction,1773449849,1,0,0
putqe1fs,202,xpls4b81,5,presurvey,Training,1773449856,1,0,0
putqe1fs,205,m2xp47k6,2,presurvey,AudioCheck,1773449856,1,0,0
putqe1fs,205,m2xp47k6,3,presurvey,Demographics,1773449875,1,0,0
putqe1fs,204,b3tsrupv,5,presurvey,Training,1773449885,1,0,0
putqe1fs,205,m2xp47k6,4,presurvey,NeighborhoodInstruction,1773449898,1,0,0
putqe1fs,205,m2xp47k6,5,presurvey,Training,1773449930,1,0,0
putqe1fs,180,zz8g7fej,21,mock_N08_N04_Aonly,Discussion,1773449938,1,1,0
putqe1fs,180,zz8g7fej,27,mock_N08_N04_Aonly,DiscussionGRPWaitPage,1773449938,2,0,1
putqe1fs,181,bocb3nu9,27,mock_N08_N04_Aonly,DiscussionGRPWaitPage,1773449938,2,0,1
putqe1fs,191,jt7owftz,27,mock_N08_N04_Aonly,DiscussionGRPWaitPage,1773449938,2,0,1
putqe1fs,194,c9uzphjv,27,mock_N08_N04_Aonly,DiscussionGRPWaitPage,1773449938,2,0,1
putqe1fs,177,5ejptytq,27,mock_N08_N04_Aonly,DiscussionGRPWaitPage,1773449938,2,0,1
putqe1fs,179,2c0pn2g5,27,mock_N08_N04_Aonly,DiscussionGRPWaitPage,1773449938,2,0,1
putqe1fs,186,m0q77zm7,27,mock_N08_N04_Aonly,DiscussionGRPWaitPage,1773449938,2,0,1
putqe1fs,199,cq1fs71a,27,mock_N08_N04_Aonly,DiscussionGRPWaitPage,1773449938,2,0,1
putqe1fs,186,m0q77zm7,32,mock_N08_N04_Aonly,Discussion,1773449947,2,0,0
putqe1fs,181,bocb3nu9,32,mock_N08_N04_Aonly,Discussion,1773449949,2,0,0
putqe1fs,177,5ejptytq,32,mock_N08_N04_Aonly,Discussion,1773449949,2,0,0
putqe1fs,179,2c0pn2g5,32,mock_N08_N04_Aonly,Discussion,1773449953,2,0,0
putqe1fs,194,c9uzphjv,32,mock_N08_N04_Aonly,Discussion,1773449957,2,0,0
putqe1fs,191,jt7owftz,32,mock_N08_N04_Aonly,Discussion,1773449958,2,0,0
putqe1fs,204,b3tsrupv,6,presurvey,TrainingNeighbor_1,1773449966,1,0,0
putqe1fs,199,cq1fs71a,32,mock_N08_N04_Aonly,Discussion,1773449970,2,0,0
putqe1fs,204,b3tsrupv,10,presurvey,ExperimentInstruction,1773449976,1,0,0
putqe1fs,205,m2xp47k6,6,presurvey,TrainingNeighbor_1,1773449977,1,0,0
putqe1fs,205,m2xp47k6,10,presurvey,ExperimentInstruction,1773449990,1,0,0
putqe1fs,180,zz8g7fej,32,mock_N08_N04_Aonly,Discussion,1773449992,2,1,0
putqe1fs,180,zz8g7fej,38,mock_N08_N04_Aonly,DiscussionGRPWaitPage,1773449993,3,0,1
putqe1fs,181,bocb3nu9,38,mock_N08_N04_Aonly,DiscussionGRPWaitPage,1773449993,3,0,1
putqe1fs,191,jt7owftz,38,mock_N08_N04_Aonly,DiscussionGRPWaitPage,1773449993,3,0,1
putqe1fs,194,c9uzphjv,38,mock_N08_N04_Aonly,DiscussionGRPWaitPage,1773449993,3,0,1
putqe1fs,177,5ejptytq,38,mock_N08_N04_Aonly,DiscussionGRPWaitPage,1773449993,3,0,1
putqe1fs,179,2c0pn2g5,38,mock_N08_N04_Aonly,DiscussionGRPWaitPage,1773449993,3,0,1
putqe1fs,186,m0q77zm7,38,mock_N08_N04_Aonly,DiscussionGRPWaitPage,1773449993,3,0,1
putqe1fs,199,cq1fs71a,38,mock_N08_N04_Aonly,DiscussionGRPWaitPage,1773449993,3,0,1
putqe1fs,177,5ejptytq,43,mock_N08_N04_Aonly,Discussion,1773450000,3,0,0
putqe1fs,194,c9uzphjv,43,mock_N08_N04_Aonly,Discussion,1773450001,3,0,0
putqe1fs,199,cq1fs71a,43,mock_N08_N04_Aonly,Discussion,1773450002,3,0,0
putqe1fs,186,m0q77zm7,43,mock_N08_N04_Aonly,Discussion,1773450002,3,0,0
putqe1fs,181,bocb3nu9,43,mock_N08_N04_Aonly,Discussion,1773450003,3,0,0
putqe1fs,202,xpls4b81,6,presurvey,TrainingNeighbor_1,1773450006,1,0,0
putqe1fs,191,jt7owftz,43,mock_N08_N04_Aonly,Discussion,1773450008,3,0,0
putqe1fs,179,2c0pn2g5,43,mock_N08_N04_Aonly,Discussion,1773450014,3,0,0
putqe1fs,204,b3tsrupv,11,presurvey,Scenario,1773450017,1,0,0
putqe1fs,206,szopki0r,0,,InitializeParticipant,1773450025,1,0,0
putqe1fs,205,m2xp47k6,11,presurvey,Scenario,1773450028,1,0,0
putqe1fs,206,szopki0r,1,presurvey,Introduction,1773450037,1,0,0
putqe1fs,180,zz8g7fej,43,mock_N08_N04_Aonly,Discussion,1773450044,3,1,0
putqe1fs,194,c9uzphjv,49,mock_N08_N04_Aonly,DiscussionGRPWaitPage,1773450044,4,0,1
putqe1fs,199,cq1fs71a,49,mock_N08_N04_Aonly,DiscussionGRPWaitPage,1773450044,4,0,1
putqe1fs,180,zz8g7fej,49,mock_N08_N04_Aonly,DiscussionGRPWaitPage,1773450044,4,0,1
putqe1fs,181,bocb3nu9,49,mock_N08_N04_Aonly,DiscussionGRPWaitPage,1773450044,4,0,1
putqe1fs,191,jt7owftz,49,mock_N08_N04_Aonly,DiscussionGRPWaitPage,1773450044,4,0,1
putqe1fs,177,5ejptytq,49,mock_N08_N04_Aonly,DiscussionGRPWaitPage,1773450044,4,0,1
putqe1fs,179,2c0pn2g5,49,mock_N08_N04_Aonly,DiscussionGRPWaitPage,1773450044,4,0,1
putqe1fs,186,m0q77zm7,49,mock_N08_N04_Aonly,DiscussionGRPWaitPage,1773450044,4,0,1
putqe1fs,199,cq1fs71a,54,mock_N08_N04_Aonly,Discussion,1773450048,4,0,0
putqe1fs,194,c9uzphjv,54,mock_N08_N04_Aonly,Discussion,1773450053,4,0,0
putqe1fs,202,xpls4b81,10,presurvey,ExperimentInstruction,1773450053,1,0,0
putqe1fs,191,jt7owftz,54,mock_N08_N04_Aonly,Discussion,1773450053,4,0,0
putqe1fs,181,bocb3nu9,54,mock_N08_N04_Aonly,Discussion,1773450054,4,0,0
putqe1fs,206,szopki0r,2,presurvey,AudioCheck,1773450054,1,0,0
putqe1fs,186,m0q77zm7,54,mock_N08_N04_Aonly,Discussion,1773450054,4,0,0
putqe1fs,177,5ejptytq,54,mock_N08_N04_Aonly,Discussion,1773450054,4,0,0
putqe1fs,179,2c0pn2g5,54,mock_N08_N04_Aonly,Discussion,1773450059,4,0,0
putqe1fs,204,b3tsrupv,12,presurvey,Commitment,1773450061,1,0,0
putqe1fs,206,szopki0r,3,presurvey,Demographics,1773450066,1,0,0
putqe1fs,206,szopki0r,4,presurvey,NeighborhoodInstruction,1773450083,1,0,0
putqe1fs,207,71na19t2,0,,InitializeParticipant,1773450086,1,0,0
putqe1fs,180,zz8g7fej,54,mock_N08_N04_Aonly,Discussion,1773450098,4,1,0
putqe1fs,180,zz8g7fej,60,mock_N08_N04_Aonly,DiscussionGRPWaitPage,1773450098,5,0,1
putqe1fs,177,5ejptytq,60,mock_N08_N04_Aonly,DiscussionGRPWaitPage,1773450098,5,0,1
putqe1fs,181,bocb3nu9,60,mock_N08_N04_Aonly,DiscussionGRPWaitPage,1773450098,5,0,1
putqe1fs,191,jt7owftz,60,mock_N08_N04_Aonly,DiscussionGRPWaitPage,1773450098,5,0,1
putqe1fs,194,c9uzphjv,60,mock_N08_N04_Aonly,DiscussionGRPWaitPage,1773450098,5,0,1
putqe1fs,179,2c0pn2g5,60,mock_N08_N04_Aonly,DiscussionGRPWaitPage,1773450098,5,0,1
putqe1fs,186,m0q77zm7,60,mock_N08_N04_Aonly,DiscussionGRPWaitPage,1773450098,5,0,1
putqe1fs,199,cq1fs71a,60,mock_N08_N04_Aonly,DiscussionGRPWaitPage,1773450098,5,0,1
putqe1fs,177,5ejptytq,65,mock_N08_N04_Aonly,Discussion,1773450104,5,0,0
putqe1fs,191,jt7owftz,65,mock_N08_N04_Aonly,Discussion,1773450104,5,0,0
putqe1fs,186,m0q77zm7,65,mock_N08_N04_Aonly,Discussion,1773450104,5,0,0
putqe1fs,194,c9uzphjv,65,mock_N08_N04_Aonly,Discussion,1773450104,5,0,0
putqe1fs,181,bocb3nu9,65,mock_N08_N04_Aonly,Discussion,1773450108,5,0,0
putqe1fs,206,szopki0r,5,presurvey,Training,1773450113,1,0,0
putqe1fs,199,cq1fs71a,65,mock_N08_N04_Aonly,Discussion,1773450114,5,0,0
putqe1fs,179,2c0pn2g5,65,mock_N08_N04_Aonly,Discussion,1773450118,5,0,0
putqe1fs,207,71na19t2,1,presurvey,Introduction,1773450131,1,0,0
putqe1fs,206,szopki0r,6,presurvey,TrainingNeighbor_1,1773450133,1,0,0
putqe1fs,180,zz8g7fej,65,mock_N08_N04_Aonly,Discussion,1773450135,5,1,0
putqe1fs,180,zz8g7fej,71,mock_N08_N04_Aonly,DiscussionGRPWaitPage,1773450135,6,0,1
putqe1fs,199,cq1fs71a,71,mock_N08_N04_Aonly,DiscussionGRPWaitPage,1773450135,6,0,1
putqe1fs,181,bocb3nu9,71,mock_N08_N04_Aonly,DiscussionGRPWaitPage,1773450135,6,0,1
putqe1fs,191,jt7owftz,71,mock_N08_N04_Aonly,DiscussionGRPWaitPage,1773450135,6,0,1
putqe1fs,194,c9uzphjv,71,mock_N08_N04_Aonly,DiscussionGRPWaitPage,1773450135,6,0,1
putqe1fs,177,5ejptytq,71,mock_N08_N04_Aonly,DiscussionGRPWaitPage,1773450135,6,0,1
putqe1fs,179,2c0pn2g5,71,mock_N08_N04_Aonly,DiscussionGRPWaitPage,1773450135,6,0,1
putqe1fs,186,m0q77zm7,71,mock_N08_N04_Aonly,DiscussionGRPWaitPage,1773450135,6,0,1
putqe1fs,202,xpls4b81,11,presurvey,Scenario,1773450137,1,0,0
putqe1fs,206,szopki0r,10,presurvey,ExperimentInstruction,1773450140,1,0,0
putqe1fs,186,m0q77zm7,76,mock_N08_N04_Aonly,Discussion,1773450141,6,0,0
putqe1fs,199,cq1fs71a,76,mock_N08_N04_Aonly,Discussion,1773450142,6,0,0
putqe1fs,191,jt7owftz,76,mock_N08_N04_Aonly,Discussion,1773450144,6,0,0
putqe1fs,181,bocb3nu9,76,mock_N08_N04_Aonly,Discussion,1773450144,6,0,0
putqe1fs,177,5ejptytq,76,mock_N08_N04_Aonly,Discussion,1773450146,6,0,0
putqe1fs,194,c9uzphjv,76,mock_N08_N04_Aonly,Discussion,1773450146,6,0,0
putqe1fs,179,2c0pn2g5,76,mock_N08_N04_Aonly,Discussion,1773450150,6,0,0
putqe1fs,206,szopki0r,11,presurvey,Scenario,1773450160,1,0,0
putqe1fs,180,zz8g7fej,76,mock_N08_N04_Aonly,Discussion,1773450171,6,1,0
putqe1fs,180,zz8g7fej,82,mock_N08_N04_Aonly,DiscussionGRPWaitPage,1773450172,7,0,1
putqe1fs,191,jt7owftz,82,mock_N08_N04_Aonly,DiscussionGRPWaitPage,1773450172,7,0,1
putqe1fs,194,c9uzphjv,82,mock_N08_N04_Aonly,DiscussionGRPWaitPage,1773450172,7,0,1
putqe1fs,199,cq1fs71a,82,mock_N08_N04_Aonly,DiscussionGRPWaitPage,1773450172,7,0,1
putqe1fs,181,bocb3nu9,82,mock_N08_N04_Aonly,DiscussionGRPWaitPage,1773450172,7,0,1
putqe1fs,177,5ejptytq,82,mock_N08_N04_Aonly,DiscussionGRPWaitPage,1773450172,7,0,1
putqe1fs,179,2c0pn2g5,82,mock_N08_N04_Aonly,DiscussionGRPWaitPage,1773450172,7,0,1
putqe1fs,186,m0q77zm7,82,mock_N08_N04_Aonly,DiscussionGRPWaitPage,1773450172,7,0,1
putqe1fs,194,c9uzphjv,87,mock_N08_N04_Aonly,Discussion,1773450177,7,0,0
putqe1fs,177,5ejptytq,87,mock_N08_N04_Aonly,Discussion,1773450181,7,0,0
putqe1fs,186,m0q77zm7,87,mock_N08_N04_Aonly,Discussion,1773450181,7,0,0
putqe1fs,179,2c0pn2g5,87,mock_N08_N04_Aonly,Discussion,1773450181,7,0,0
putqe1fs,207,71na19t2,2,presurvey,AudioCheck,1773450181,1,0,0
putqe1fs,191,jt7owftz,87,mock_N08_N04_Aonly,Discussion,1773450182,7,0,0
putqe1fs,181,bocb3nu9,87,mock_N08_N04_Aonly,Discussion,1773450183,7,0,0
putqe1fs,199,cq1fs71a,87,mock_N08_N04_Aonly,Discussion,1773450183,7,0,0
putqe1fs,206,szopki0r,12,presurvey,Commitment,1773450192,1,0,0
putqe1fs,207,71na19t2,3,presurvey,Demographics,1773450206,1,0,0
putqe1fs,180,zz8g7fej,87,mock_N08_N04_Aonly,Discussion,1773450208,7,1,0
putqe1fs,180,zz8g7fej,93,mock_N08_N04_Aonly,DiscussionGRPWaitPage,1773450208,8,0,1
putqe1fs,191,jt7owftz,93,mock_N08_N04_Aonly,DiscussionGRPWaitPage,1773450208,8,0,1
putqe1fs,194,c9uzphjv,93,mock_N08_N04_Aonly,DiscussionGRPWaitPage,1773450208,8,0,1
putqe1fs,199,cq1fs71a,93,mock_N08_N04_Aonly,DiscussionGRPWaitPage,1773450208,8,0,1
putqe1fs,181,bocb3nu9,93,mock_N08_N04_Aonly,DiscussionGRPWaitPage,1773450208,8,0,1
putqe1fs,177,5ejptytq,93,mock_N08_N04_Aonly,DiscussionGRPWaitPage,1773450208,8,0,1
putqe1fs,179,2c0pn2g5,93,mock_N08_N04_Aonly,DiscussionGRPWaitPage,1773450208,8,0,1
putqe1fs,186,m0q77zm7,93,mock_N08_N04_Aonly,DiscussionGRPWaitPage,1773450208,8,0,1
putqe1fs,194,c9uzphjv,98,mock_N08_N04_Aonly,Discussion,1773450212,8,0,0
putqe1fs,177,5ejptytq,98,mock_N08_N04_Aonly,Discussion,1773450213,8,0,0
putqe1fs,199,cq1fs71a,98,mock_N08_N04_Aonly,Discussion,1773450215,8,0,0
putqe1fs,186,m0q77zm7,98,mock_N08_N04_Aonly,Discussion,1773450215,8,0,0
putqe1fs,191,jt7owftz,98,mock_N08_N04_Aonly,Discussion,1773450215,8,0,0
putqe1fs,181,bocb3nu9,98,mock_N08_N04_Aonly,Discussion,1773450217,8,0,0
putqe1fs,179,2c0pn2g5,98,mock_N08_N04_Aonly,Discussion,1773450217,8,0,0
putqe1fs,207,71na19t2,4,presurvey,NeighborhoodInstruction,1773450240,1,0,0
putqe1fs,180,zz8g7fej,98,mock_N08_N04_Aonly,Discussion,1773450247,8,1,0
putqe1fs,180,zz8g7fej,104,mock_N08_N04_Aonly,DiscussionGRPWaitPage,1773450248,9,0,1
putqe1fs,181,bocb3nu9,104,mock_N08_N04_Aonly,DiscussionGRPWaitPage,1773450248,9,0,1
putqe1fs,191,jt7owftz,104,mock_N08_N04_Aonly,DiscussionGRPWaitPage,1773450248,9,0,1
putqe1fs,194,c9uzphjv,104,mock_N08_N04_Aonly,DiscussionGRPWaitPage,1773450248,9,0,1
putqe1fs,177,5ejptytq,104,mock_N08_N04_Aonly,DiscussionGRPWaitPage,1773450248,9,0,1
putqe1fs,179,2c0pn2g5,104,mock_N08_N04_Aonly,DiscussionGRPWaitPage,1773450248,9,0,1
putqe1fs,186,m0q77zm7,104,mock_N08_N04_Aonly,DiscussionGRPWaitPage,1773450248,9,0,1
putqe1fs,199,cq1fs71a,104,mock_N08_N04_Aonly,DiscussionGRPWaitPage,1773450248,9,0,1
putqe1fs,191,jt7owftz,109,mock_N08_N04_Aonly,Discussion,1773450254,9,0,0
putqe1fs,181,bocb3nu9,109,mock_N08_N04_Aonly,Discussion,1773450254,9,0,0
putqe1fs,186,m0q77zm7,109,mock_N08_N04_Aonly,Discussion,1773450255,9,0,0
putqe1fs,194,c9uzphjv,109,mock_N08_N04_Aonly,Discussion,1773450256,9,0,0
putqe1fs,177,5ejptytq,109,mock_N08_N04_Aonly,Discussion,1773450257,9,0,0
putqe1fs,199,cq1fs71a,109,mock_N08_N04_Aonly,Discussion,1773450257,9,0,0
putqe1fs,179,2c0pn2g5,109,mock_N08_N04_Aonly,Discussion,1773450263,9,0,0
putqe1fs,180,zz8g7fej,109,mock_N08_N04_Aonly,Discussion,1773450284,9,1,0
putqe1fs,180,zz8g7fej,115,mock_N08_N04_Aonly,DiscussionGRPWaitPage,1773450284,10,0,1
putqe1fs,181,bocb3nu9,115,mock_N08_N04_Aonly,DiscussionGRPWaitPage,1773450284,10,0,1
putqe1fs,191,jt7owftz,115,mock_N08_N04_Aonly,DiscussionGRPWaitPage,1773450284,10,0,1
putqe1fs,194,c9uzphjv,115,mock_N08_N04_Aonly,DiscussionGRPWaitPage,1773450284,10,0,1
putqe1fs,177,5ejptytq,115,mock_N08_N04_Aonly,DiscussionGRPWaitPage,1773450284,10,0,1
putqe1fs,179,2c0pn2g5,115,mock_N08_N04_Aonly,DiscussionGRPWaitPage,1773450284,10,0,1
putqe1fs,186,m0q77zm7,115,mock_N08_N04_Aonly,DiscussionGRPWaitPage,1773450284,10,0,1
putqe1fs,199,cq1fs71a,115,mock_N08_N04_Aonly,DiscussionGRPWaitPage,1773450284,10,0,1
putqe1fs,207,71na19t2,5,presurvey,Training,1773450284,1,0,0
putqe1fs,199,cq1fs71a,120,mock_N08_N04_Aonly,Discussion,1773450288,10,0,0
putqe1fs,186,m0q77zm7,120,mock_N08_N04_Aonly,Discussion,1773450289,10,0,0
putqe1fs,177,5ejptytq,120,mock_N08_N04_Aonly,Discussion,1773450289,10,0,0
putqe1fs,194,c9uzphjv,120,mock_N08_N04_Aonly,Discussion,1773450289,10,0,0
putqe1fs,179,2c0pn2g5,120,mock_N08_N04_Aonly,Discussion,1773450290,10,0,0
putqe1fs,191,jt7owftz,120,mock_N08_N04_Aonly,Discussion,1773450291,10,0,0
putqe1fs,181,bocb3nu9,120,mock_N08_N04_Aonly,Discussion,1773450295,10,0,0
putqe1fs,180,zz8g7fej,120,mock_N08_N04_Aonly,Discussion,1773450323,10,1,0
putqe1fs,194,c9uzphjv,126,mock_N08_N04_Aonly,DiscussionGRPWaitPage,1773450323,11,0,1
putqe1fs,199,cq1fs71a,126,mock_N08_N04_Aonly,DiscussionGRPWaitPage,1773450323,11,0,1
putqe1fs,180,zz8g7fej,126,mock_N08_N04_Aonly,DiscussionGRPWaitPage,1773450323,11,0,1
putqe1fs,181,bocb3nu9,126,mock_N08_N04_Aonly,DiscussionGRPWaitPage,1773450323,11,0,1
putqe1fs,191,jt7owftz,126,mock_N08_N04_Aonly,DiscussionGRPWaitPage,1773450323,11,0,1
putqe1fs,177,5ejptytq,126,mock_N08_N04_Aonly,DiscussionGRPWaitPage,1773450323,11,0,1
putqe1fs,179,2c0pn2g5,126,mock_N08_N04_Aonly,DiscussionGRPWaitPage,1773450323,11,0,1
putqe1fs,186,m0q77zm7,126,mock_N08_N04_Aonly,DiscussionGRPWaitPage,1773450323,11,0,1
putqe1fs,177,5ejptytq,131,mock_N08_N04_Aonly,Discussion,1773450327,11,0,0
putqe1fs,186,m0q77zm7,131,mock_N08_N04_Aonly,Discussion,1773450329,11,0,0
putqe1fs,194,c9uzphjv,131,mock_N08_N04_Aonly,Discussion,1773450330,11,0,0
putqe1fs,179,2c0pn2g5,131,mock_N08_N04_Aonly,Discussion,1773450332,11,0,0
putqe1fs,181,bocb3nu9,131,mock_N08_N04_Aonly,Discussion,1773450333,11,0,0
putqe1fs,199,cq1fs71a,131,mock_N08_N04_Aonly,Discussion,1773450333,11,0,0
putqe1fs,191,jt7owftz,131,mock_N08_N04_Aonly,Discussion,1773450335,11,0,0
putqe1fs,207,71na19t2,6,presurvey,TrainingNeighbor_1,1773450339,1,0,0
putqe1fs,207,71na19t2,7,presurvey,TrainingNeighbor_2,1773450350,1,0,0
putqe1fs,208,g3h61emu,0,,InitializeParticipant,1773450358,1,0,0
putqe1fs,180,zz8g7fej,131,mock_N08_N04_Aonly,Discussion,1773450360,11,1,0
putqe1fs,180,zz8g7fej,137,mock_N08_N04_Aonly,DiscussionGRPWaitPage,1773450360,12,0,1
putqe1fs,191,jt7owftz,137,mock_N08_N04_Aonly,DiscussionGRPWaitPage,1773450360,12,0,1
putqe1fs,194,c9uzphjv,137,mock_N08_N04_Aonly,DiscussionGRPWaitPage,1773450360,12,0,1
putqe1fs,199,cq1fs71a,137,mock_N08_N04_Aonly,DiscussionGRPWaitPage,1773450360,12,0,1
putqe1fs,181,bocb3nu9,137,mock_N08_N04_Aonly,DiscussionGRPWaitPage,1773450360,12,0,1
putqe1fs,177,5ejptytq,137,mock_N08_N04_Aonly,DiscussionGRPWaitPage,1773450360,12,0,1
putqe1fs,179,2c0pn2g5,137,mock_N08_N04_Aonly,DiscussionGRPWaitPage,1773450360,12,0,1
putqe1fs,186,m0q77zm7,137,mock_N08_N04_Aonly,DiscussionGRPWaitPage,1773450360,12,0,1
putqe1fs,208,g3h61emu,1,presurvey,Introduction,1773450362,1,0,0
putqe1fs,177,5ejptytq,142,mock_N08_N04_Aonly,Discussion,1773450363,12,0,0
putqe1fs,186,m0q77zm7,142,mock_N08_N04_Aonly,Discussion,1773450365,12,0,0
putqe1fs,181,bocb3nu9,142,mock_N08_N04_Aonly,Discussion,1773450365,12,0,0
putqe1fs,199,cq1fs71a,142,mock_N08_N04_Aonly,Discussion,1773450365,12,0,0
putqe1fs,194,c9uzphjv,142,mock_N08_N04_Aonly,Discussion,1773450366,12,0,0
putqe1fs,191,jt7owftz,142,mock_N08_N04_Aonly,Discussion,1773450369,12,0,0
putqe1fs,207,71na19t2,8,presurvey,AttentionCheck,1773450370,1,0,0
putqe1fs,208,g3h61emu,2,presurvey,AudioCheck,1773450375,1,0,0
putqe1fs,179,2c0pn2g5,142,mock_N08_N04_Aonly,Discussion,1773450375,12,0,0
putqe1fs,208,g3h61emu,3,presurvey,Demographics,1773450389,1,0,0
putqe1fs,180,zz8g7fej,142,mock_N08_N04_Aonly,Discussion,1773450396,12,1,0
putqe1fs,177,5ejptytq,148,mock_N08_N04_Aonly,DiscussionGRPWaitPage,1773450396,13,0,1
putqe1fs,180,zz8g7fej,148,mock_N08_N04_Aonly,DiscussionGRPWaitPage,1773450396,13,0,1
putqe1fs,181,bocb3nu9,148,mock_N08_N04_Aonly,DiscussionGRPWaitPage,1773450396,13,0,1
putqe1fs,191,jt7owftz,148,mock_N08_N04_Aonly,DiscussionGRPWaitPage,1773450396,13,0,1
putqe1fs,194,c9uzphjv,148,mock_N08_N04_Aonly,DiscussionGRPWaitPage,1773450396,13,0,1
putqe1fs,179,2c0pn2g5,148,mock_N08_N04_Aonly,DiscussionGRPWaitPage,1773450396,13,0,1
putqe1fs,186,m0q77zm7,148,mock_N08_N04_Aonly,DiscussionGRPWaitPage,1773450396,13,0,1
putqe1fs,199,cq1fs71a,148,mock_N08_N04_Aonly,DiscussionGRPWaitPage,1773450396,13,0,1
putqe1fs,199,cq1fs71a,153,mock_N08_N04_Aonly,Discussion,1773450400,13,0,0
putqe1fs,186,m0q77zm7,153,mock_N08_N04_Aonly,Discussion,1773450401,13,0,0
putqe1fs,194,c9uzphjv,153,mock_N08_N04_Aonly,Discussion,1773450402,13,0,0
putqe1fs,177,5ejptytq,153,mock_N08_N04_Aonly,Discussion,1773450402,13,0,0
putqe1fs,181,bocb3nu9,153,mock_N08_N04_Aonly,Discussion,1773450404,13,0,0
putqe1fs,191,jt7owftz,153,mock_N08_N04_Aonly,Discussion,1773450404,13,0,0
putqe1fs,179,2c0pn2g5,153,mock_N08_N04_Aonly,Discussion,1773450405,13,0,0
putqe1fs,207,71na19t2,9,presurvey,TrainingNeighbor_3,1773450419,1,0,0
putqe1fs,208,g3h61emu,4,presurvey,NeighborhoodInstruction,1773450429,1,0,0
putqe1fs,180,zz8g7fej,153,mock_N08_N04_Aonly,Discussion,1773450435,13,1,0
putqe1fs,180,zz8g7fej,159,mock_N08_N04_Aonly,DiscussionGRPWaitPage,1773450436,14,0,1
putqe1fs,191,jt7owftz,159,mock_N08_N04_Aonly,DiscussionGRPWaitPage,1773450436,14,0,1
putqe1fs,194,c9uzphjv,159,mock_N08_N04_Aonly,DiscussionGRPWaitPage,1773450436,14,0,1
putqe1fs,199,cq1fs71a,159,mock_N08_N04_Aonly,DiscussionGRPWaitPage,1773450436,14,0,1
putqe1fs,181,bocb3nu9,159,mock_N08_N04_Aonly,DiscussionGRPWaitPage,1773450436,14,0,1
putqe1fs,177,5ejptytq,159,mock_N08_N04_Aonly,DiscussionGRPWaitPage,1773450436,14,0,1
putqe1fs,179,2c0pn2g5,159,mock_N08_N04_Aonly,DiscussionGRPWaitPage,1773450436,14,0,1
putqe1fs,186,m0q77zm7,159,mock_N08_N04_Aonly,DiscussionGRPWaitPage,1773450436,14,0,1
putqe1fs,207,71na19t2,10,presurvey,ExperimentInstruction,1773450438,1,0,0
putqe1fs,177,5ejptytq,164,mock_N08_N04_Aonly,Discussion,1773450439,14,0,0
putqe1fs,194,c9uzphjv,164,mock_N08_N04_Aonly,Discussion,1773450440,14,0,0
putqe1fs,186,m0q77zm7,164,mock_N08_N04_Aonly,Discussion,1773450443,14,0,0
putqe1fs,179,2c0pn2g5,164,mock_N08_N04_Aonly,Discussion,1773450443,14,0,0
putqe1fs,191,jt7owftz,164,mock_N08_N04_Aonly,Discussion,1773450443,14,0,0
putqe1fs,181,bocb3nu9,164,mock_N08_N04_Aonly,Discussion,1773450443,14,0,0
putqe1fs,199,cq1fs71a,164,mock_N08_N04_Aonly,Discussion,1773450451,14,0,0
putqe1fs,208,g3h61emu,5,presurvey,Training,1773450451,1,0,0
putqe1fs,208,g3h61emu,6,presurvey,TrainingNeighbor_1,1773450465,1,0,0
putqe1fs,208,g3h61emu,10,presurvey,ExperimentInstruction,1773450469,1,0,0
putqe1fs,180,zz8g7fej,164,mock_N08_N04_Aonly,Discussion,1773450472,14,1,0
putqe1fs,194,c9uzphjv,170,mock_N08_N04_Aonly,DiscussionGRPWaitPage,1773450472,15,0,1
putqe1fs,199,cq1fs71a,170,mock_N08_N04_Aonly,DiscussionGRPWaitPage,1773450472,15,0,1
putqe1fs,180,zz8g7fej,170,mock_N08_N04_Aonly,DiscussionGRPWaitPage,1773450472,15,0,1
putqe1fs,181,bocb3nu9,170,mock_N08_N04_Aonly,DiscussionGRPWaitPage,1773450472,15,0,1
putqe1fs,191,jt7owftz,170,mock_N08_N04_Aonly,DiscussionGRPWaitPage,1773450472,15,0,1
putqe1fs,177,5ejptytq,170,mock_N08_N04_Aonly,DiscussionGRPWaitPage,1773450472,15,0,1
putqe1fs,179,2c0pn2g5,170,mock_N08_N04_Aonly,DiscussionGRPWaitPage,1773450472,15,0,1
putqe1fs,186,m0q77zm7,170,mock_N08_N04_Aonly,DiscussionGRPWaitPage,1773450472,15,0,1
putqe1fs,177,5ejptytq,175,mock_N08_N04_Aonly,Discussion,1773450476,15,0,0
putqe1fs,194,c9uzphjv,175,mock_N08_N04_Aonly,Discussion,1773450477,15,0,0
putqe1fs,186,m0q77zm7,175,mock_N08_N04_Aonly,Discussion,1773450477,15,0,0
putqe1fs,199,cq1fs71a,175,mock_N08_N04_Aonly,Discussion,1773450478,15,0,0
putqe1fs,181,bocb3nu9,175,mock_N08_N04_Aonly,Discussion,1773450480,15,0,0
putqe1fs,191,jt7owftz,175,mock_N08_N04_Aonly,Discussion,1773450480,15,0,0
putqe1fs,179,2c0pn2g5,175,mock_N08_N04_Aonly,Discussion,1773450485,15,0,0
putqe1fs,208,g3h61emu,11,presurvey,Scenario,1773450490,1,0,0
putqe1fs,207,71na19t2,11,presurvey,Scenario,1773450504,1,0,0
putqe1fs,180,zz8g7fej,175,mock_N08_N04_Aonly,Discussion,1773450511,15,1,0
putqe1fs,180,zz8g7fej,181,mock_N08_N04_Aonly,DiscussionGRPWaitPage,1773450512,16,0,1
putqe1fs,191,jt7owftz,181,mock_N08_N04_Aonly,DiscussionGRPWaitPage,1773450512,16,0,1
putqe1fs,194,c9uzphjv,181,mock_N08_N04_Aonly,DiscussionGRPWaitPage,1773450512,16,0,1
putqe1fs,199,cq1fs71a,181,mock_N08_N04_Aonly,DiscussionGRPWaitPage,1773450512,16,0,1
putqe1fs,181,bocb3nu9,181,mock_N08_N04_Aonly,DiscussionGRPWaitPage,1773450512,16,0,1
putqe1fs,177,5ejptytq,181,mock_N08_N04_Aonly,DiscussionGRPWaitPage,1773450512,16,0,1
putqe1fs,179,2c0pn2g5,181,mock_N08_N04_Aonly,DiscussionGRPWaitPage,1773450512,16,0,1
putqe1fs,186,m0q77zm7,181,mock_N08_N04_Aonly,DiscussionGRPWaitPage,1773450512,16,0,1
putqe1fs,177,5ejptytq,186,mock_N08_N04_Aonly,Discussion,1773450516,16,0,0
putqe1fs,194,c9uzphjv,186,mock_N08_N04_Aonly,Discussion,1773450517,16,0,0
putqe1fs,181,bocb3nu9,186,mock_N08_N04_Aonly,Discussion,1773450517,16,0,0
putqe1fs,191,jt7owftz,186,mock_N08_N04_Aonly,Discussion,1773450517,16,0,0
putqe1fs,186,m0q77zm7,186,mock_N08_N04_Aonly,Discussion,1773450518,16,0,0
putqe1fs,199,cq1fs71a,186,mock_N08_N04_Aonly,Discussion,1773450520,16,0,0
putqe1fs,179,2c0pn2g5,186,mock_N08_N04_Aonly,Discussion,1773450531,16,0,0
putqe1fs,208,g3h61emu,12,presurvey,Commitment,1773450533,1,0,0
putqe1fs,180,zz8g7fej,186,mock_N08_N04_Aonly,Discussion,1773450548,16,1,0
putqe1fs,180,zz8g7fej,192,mock_N08_N04_Aonly,DiscussionGRPWaitPage,1773450548,17,0,1
putqe1fs,191,jt7owftz,192,mock_N08_N04_Aonly,DiscussionGRPWaitPage,1773450548,17,0,1
putqe1fs,194,c9uzphjv,192,mock_N08_N04_Aonly,DiscussionGRPWaitPage,1773450548,17,0,1
putqe1fs,186,m0q77zm7,192,mock_N08_N04_Aonly,DiscussionGRPWaitPage,1773450548,17,0,1
putqe1fs,199,cq1fs71a,192,mock_N08_N04_Aonly,DiscussionGRPWaitPage,1773450548,17,0,1
putqe1fs,181,bocb3nu9,192,mock_N08_N04_Aonly,DiscussionGRPWaitPage,1773450548,17,0,1
putqe1fs,177,5ejptytq,192,mock_N08_N04_Aonly,DiscussionGRPWaitPage,1773450548,17,0,1
putqe1fs,179,2c0pn2g5,192,mock_N08_N04_Aonly,DiscussionGRPWaitPage,1773450548,17,0,1
putqe1fs,177,5ejptytq,197,mock_N08_N04_Aonly,Discussion,1773450552,17,0,0
putqe1fs,194,c9uzphjv,197,mock_N08_N04_Aonly,Discussion,1773450552,17,0,0
putqe1fs,199,cq1fs71a,197,mock_N08_N04_Aonly,Discussion,1773450553,17,0,0
putqe1fs,186,m0q77zm7,197,mock_N08_N04_Aonly,Discussion,1773450555,17,0,0
putqe1fs,191,jt7owftz,197,mock_N08_N04_Aonly,Discussion,1773450555,17,0,0
putqe1fs,181,bocb3nu9,197,mock_N08_N04_Aonly,Discussion,1773450555,17,0,0
putqe1fs,207,71na19t2,12,presurvey,Commitment,1773450563,1,0,0
putqe1fs,179,2c0pn2g5,197,mock_N08_N04_Aonly,Discussion,1773450567,17,0,0
putqe1fs,180,zz8g7fej,197,mock_N08_N04_Aonly,Discussion,1773450587,17,1,0
putqe1fs,180,zz8g7fej,203,mock_N08_N04_Aonly,DiscussionGRPWaitPage,1773450587,18,0,1
putqe1fs,181,bocb3nu9,203,mock_N08_N04_Aonly,DiscussionGRPWaitPage,1773450587,18,0,1
putqe1fs,191,jt7owftz,203,mock_N08_N04_Aonly,DiscussionGRPWaitPage,1773450587,18,0,1
putqe1fs,194,c9uzphjv,203,mock_N08_N04_Aonly,DiscussionGRPWaitPage,1773450587,18,0,1
putqe1fs,177,5ejptytq,203,mock_N08_N04_Aonly,DiscussionGRPWaitPage,1773450587,18,0,1
putqe1fs,179,2c0pn2g5,203,mock_N08_N04_Aonly,DiscussionGRPWaitPage,1773450587,18,0,1
putqe1fs,186,m0q77zm7,203,mock_N08_N04_Aonly,DiscussionGRPWaitPage,1773450587,18,0,1
putqe1fs,199,cq1fs71a,203,mock_N08_N04_Aonly,DiscussionGRPWaitPage,1773450587,18,0,1
putqe1fs,199,cq1fs71a,208,mock_N08_N04_Aonly,Discussion,1773450593,18,0,0
putqe1fs,194,c9uzphjv,208,mock_N08_N04_Aonly,Discussion,1773450594,18,0,0
putqe1fs,179,2c0pn2g5,208,mock_N08_N04_Aonly,Discussion,1773450596,18,0,0
putqe1fs,177,5ejptytq,208,mock_N08_N04_Aonly,Discussion,1773450597,18,0,0
putqe1fs,191,jt7owftz,208,mock_N08_N04_Aonly,Discussion,1773450599,18,0,0
putqe1fs,186,m0q77zm7,208,mock_N08_N04_Aonly,Discussion,1773450599,18,0,0
putqe1fs,181,bocb3nu9,208,mock_N08_N04_Aonly,Discussion,1773450600,18,0,0
putqe1fs,180,zz8g7fej,208,mock_N08_N04_Aonly,Discussion,1773450624,18,1,0
putqe1fs,180,zz8g7fej,214,mock_N08_N04_Aonly,DiscussionGRPWaitPage,1773450624,19,0,1
putqe1fs,181,bocb3nu9,214,mock_N08_N04_Aonly,DiscussionGRPWaitPage,1773450624,19,0,1
putqe1fs,191,jt7owftz,214,mock_N08_N04_Aonly,DiscussionGRPWaitPage,1773450624,19,0,1
putqe1fs,194,c9uzphjv,214,mock_N08_N04_Aonly,DiscussionGRPWaitPage,1773450624,19,0,1
putqe1fs,177,5ejptytq,214,mock_N08_N04_Aonly,DiscussionGRPWaitPage,1773450624,19,0,1
putqe1fs,179,2c0pn2g5,214,mock_N08_N04_Aonly,DiscussionGRPWaitPage,1773450624,19,0,1
putqe1fs,186,m0q77zm7,214,mock_N08_N04_Aonly,DiscussionGRPWaitPage,1773450624,19,0,1
putqe1fs,199,cq1fs71a,214,mock_N08_N04_Aonly,DiscussionGRPWaitPage,1773450624,19,0,1
putqe1fs,177,5ejptytq,219,mock_N08_N04_Aonly,Discussion,1773450627,19,0,0
putqe1fs,194,c9uzphjv,219,mock_N08_N04_Aonly,Discussion,1773450627,19,0,0
putqe1fs,199,cq1fs71a,219,mock_N08_N04_Aonly,Discussion,1773450628,19,0,0
putqe1fs,186,m0q77zm7,219,mock_N08_N04_Aonly,Discussion,1773450629,19,0,0
putqe1fs,181,bocb3nu9,219,mock_N08_N04_Aonly,Discussion,1773450630,19,0,0
putqe1fs,191,jt7owftz,219,mock_N08_N04_Aonly,Discussion,1773450632,19,0,0
putqe1fs,179,2c0pn2g5,219,mock_N08_N04_Aonly,Discussion,1773450636,19,0,0
putqe1fs,180,zz8g7fej,219,mock_N08_N04_Aonly,Discussion,1773450660,19,1,0
putqe1fs,180,zz8g7fej,225,mock_N08_N04_Aonly,DiscussionGRPWaitPage,1773450660,20,0,1
putqe1fs,191,jt7owftz,225,mock_N08_N04_Aonly,DiscussionGRPWaitPage,1773450660,20,0,1
putqe1fs,194,c9uzphjv,225,mock_N08_N04_Aonly,DiscussionGRPWaitPage,1773450660,20,0,1
putqe1fs,199,cq1fs71a,225,mock_N08_N04_Aonly,DiscussionGRPWaitPage,1773450660,20,0,1
putqe1fs,181,bocb3nu9,225,mock_N08_N04_Aonly,DiscussionGRPWaitPage,1773450660,20,0,1
putqe1fs,177,5ejptytq,225,mock_N08_N04_Aonly,DiscussionGRPWaitPage,1773450660,20,0,1
putqe1fs,179,2c0pn2g5,225,mock_N08_N04_Aonly,DiscussionGRPWaitPage,1773450660,20,0,1
putqe1fs,186,m0q77zm7,225,mock_N08_N04_Aonly,DiscussionGRPWaitPage,1773450660,20,0,1
putqe1fs,194,c9uzphjv,230,mock_N08_N04_Aonly,Discussion,1773450664,20,0,0
putqe1fs,186,m0q77zm7,230,mock_N08_N04_Aonly,Discussion,1773450665,20,0,0
putqe1fs,199,cq1fs71a,230,mock_N08_N04_Aonly,Discussion,1773450666,20,0,0
putqe1fs,181,bocb3nu9,230,mock_N08_N04_Aonly,Discussion,1773450667,20,0,0
putqe1fs,177,5ejptytq,230,mock_N08_N04_Aonly,Discussion,1773450668,20,0,0
putqe1fs,179,2c0pn2g5,230,mock_N08_N04_Aonly,Discussion,1773450670,20,0,0
putqe1fs,191,jt7owftz,230,mock_N08_N04_Aonly,Discussion,1773450672,20,0,0
putqe1fs,180,zz8g7fej,230,mock_N08_N04_Aonly,Discussion,1773450699,20,1,0
putqe1fs,180,zz8g7fej,231,mock_N08_N04_Aonly,FinalRoundWaitPage,1773450699,20,0,1
putqe1fs,191,jt7owftz,231,mock_N08_N04_Aonly,FinalRoundWaitPage,1773450699,20,0,1
putqe1fs,194,c9uzphjv,231,mock_N08_N04_Aonly,FinalRoundWaitPage,1773450699,20,0,1
putqe1fs,199,cq1fs71a,231,mock_N08_N04_Aonly,FinalRoundWaitPage,1773450699,20,0,1
putqe1fs,186,m0q77zm7,231,mock_N08_N04_Aonly,FinalRoundWaitPage,1773450699,20,0,1
putqe1fs,181,bocb3nu9,231,mock_N08_N04_Aonly,FinalRoundWaitPage,1773450699,20,0,1
putqe1fs,177,5ejptytq,231,mock_N08_N04_Aonly,FinalRoundWaitPage,1773450699,20,0,1
putqe1fs,179,2c0pn2g5,231,mock_N08_N04_Aonly,FinalRoundWaitPage,1773450699,20,0,1
putqe1fs,184,ouc8b5vj,13,mock_N08_N04_Aonly,GroupingWaitPage,1773450704,1,0,1
putqe1fs,184,ouc8b5vj,14,mock_N08_N04_Aonly,GroupSizeWaitPage,1773450705,1,0,1
putqe1fs,177,5ejptytq,232,mock_N08_N04_Aonly,FinalRound,1773450705,20,0,0
putqe1fs,184,ouc8b5vj,15,mock_N08_N04_Aonly,AttentionCheck,1773450708,1,0,0
putqe1fs,199,cq1fs71a,232,mock_N08_N04_Aonly,FinalRound,1773450710,20,0,0
putqe1fs,191,jt7owftz,232,mock_N08_N04_Aonly,FinalRound,1773450710,20,0,0
putqe1fs,194,c9uzphjv,232,mock_N08_N04_Aonly,FinalRound,1773450712,20,0,0
putqe1fs,181,bocb3nu9,232,mock_N08_N04_Aonly,FinalRound,1773450712,20,0,0
putqe1fs,186,m0q77zm7,232,mock_N08_N04_Aonly,FinalRound,1773450714,20,0,0
putqe1fs,179,2c0pn2g5,232,mock_N08_N04_Aonly,FinalRound,1773450722,20,0,0
putqe1fs,188,tiizx2ly,13,mock_N08_N04_Aonly,GroupingWaitPage,1773450738,1,0,1
putqe1fs,188,tiizx2ly,14,mock_N08_N04_Aonly,GroupSizeWaitPage,1773450738,1,0,1
putqe1fs,188,tiizx2ly,15,mock_N08_N04_Aonly,AttentionCheck,1773450742,1,0,0
putqe1fs,196,1ndru7m1,13,mock_N08_N04_Aonly,GroupingWaitPage,1773450800,1,0,1
putqe1fs,196,1ndru7m1,14,mock_N08_N04_Aonly,GroupSizeWaitPage,1773450801,1,0,1
putqe1fs,196,1ndru7m1,15,mock_N08_N04_Aonly,AttentionCheck,1773450812,1,0,0
putqe1fs,209,c7wy3l7c,0,,InitializeParticipant,1773450821,1,0,0
putqe1fs,209,c7wy3l7c,1,presurvey,Introduction,1773450825,1,0,0
putqe1fs,209,c7wy3l7c,2,presurvey,AudioCheck,1773450838,1,0,0
putqe1fs,209,c7wy3l7c,3,presurvey,Demographics,1773450854,1,0,0
putqe1fs,210,pp5kz1jo,0,,InitializeParticipant,1773450861,1,0,0
putqe1fs,209,c7wy3l7c,4,presurvey,NeighborhoodInstruction,1773450867,1,0,0
putqe1fs,209,c7wy3l7c,5,presurvey,Training,1773450872,1,0,0
putqe1fs,211,b5yj0bcc,0,,InitializeParticipant,1773450882,1,0,0
putqe1fs,210,pp5kz1jo,1,presurvey,Introduction,1773450883,1,0,0
putqe1fs,209,c7wy3l7c,6,presurvey,TrainingNeighbor_1,1773450896,1,0,0
putqe1fs,211,b5yj0bcc,1,presurvey,Introduction,1773450897,1,0,0
putqe1fs,209,c7wy3l7c,7,presurvey,TrainingNeighbor_2,1773450900,1,0,0
putqe1fs,209,c7wy3l7c,10,presurvey,ExperimentInstruction,1773450902,1,0,0
putqe1fs,211,b5yj0bcc,2,presurvey,AudioCheck,1773450913,1,0,0
putqe1fs,211,b5yj0bcc,3,presurvey,Demographics,1773450927,1,0,0
putqe1fs,209,c7wy3l7c,11,presurvey,Scenario,1773450929,1,0,0
putqe1fs,211,b5yj0bcc,4,presurvey,NeighborhoodInstruction,1773450936,1,0,0
putqe1fs,209,c7wy3l7c,12,presurvey,Commitment,1773450960,1,0,0
putqe1fs,212,r5mjbi6d,0,,InitializeParticipant,1773450981,1,0,0
putqe1fs,212,r5mjbi6d,1,presurvey,Introduction,1773450985,1,0,0
putqe1fs,212,r5mjbi6d,2,presurvey,AudioCheck,1773450995,1,0,0
putqe1fs,212,r5mjbi6d,3,presurvey,Demographics,1773451005,1,0,0
putqe1fs,212,r5mjbi6d,4,presurvey,NeighborhoodInstruction,1773451011,1,0,0
putqe1fs,213,xuyugsao,0,,InitializeParticipant,1773451015,1,0,0
putqe1fs,213,xuyugsao,1,presurvey,Introduction,1773451020,1,0,0
putqe1fs,212,r5mjbi6d,5,presurvey,Training,1773451020,1,0,0
putqe1fs,214,2u7oil8b,0,,InitializeParticipant,1773451027,1,0,0
putqe1fs,212,r5mjbi6d,6,presurvey,TrainingNeighbor_1,1773451037,1,0,0
putqe1fs,213,xuyugsao,2,presurvey,AudioCheck,1773451037,1,0,0
putqe1fs,213,xuyugsao,3,presurvey,Demographics,1773451054,1,0,0
putqe1fs,212,r5mjbi6d,7,presurvey,TrainingNeighbor_2,1773451061,1,0,0
putqe1fs,213,xuyugsao,4,presurvey,NeighborhoodInstruction,1773451063,1,0,0
putqe1fs,212,r5mjbi6d,10,presurvey,ExperimentInstruction,1773451064,1,0,0
putqe1fs,211,b5yj0bcc,5,presurvey,Training,1773451069,1,0,0
putqe1fs,213,xuyugsao,5,presurvey,Training,1773451069,1,0,0
putqe1fs,212,r5mjbi6d,11,presurvey,Scenario,1773451079,1,0,0
putqe1fs,211,b5yj0bcc,6,presurvey,TrainingNeighbor_1,1773451100,1,0,0
putqe1fs,211,b5yj0bcc,10,presurvey,ExperimentInstruction,1773451104,1,0,0
putqe1fs,213,xuyugsao,6,presurvey,TrainingNeighbor_1,1773451106,1,0,0
putqe1fs,213,xuyugsao,10,presurvey,ExperimentInstruction,1773451109,1,0,0
putqe1fs,214,2u7oil8b,1,presurvey,Introduction,1773451124,1,0,0
putqe1fs,215,2sumq9vp,0,,InitializeParticipant,1773451126,1,0,0
putqe1fs,213,xuyugsao,11,presurvey,Scenario,1773451128,1,0,0
putqe1fs,211,b5yj0bcc,11,presurvey,Scenario,1773451148,1,0,0
putqe1fs,216,j7kqfc9c,0,,InitializeParticipant,1773451158,1,0,0
putqe1fs,213,xuyugsao,12,presurvey,Commitment,1773451160,1,0,0
putqe1fs,217,yns5i6u0,0,,InitializeParticipant,1773451168,1,0,0
putqe1fs,214,2u7oil8b,2,presurvey,AudioCheck,1773451173,1,0,0
putqe1fs,217,yns5i6u0,1,presurvey,Introduction,1773451179,1,0,0
putqe1fs,215,2sumq9vp,1,presurvey,Introduction,1773451181,1,0,0
putqe1fs,214,2u7oil8b,3,presurvey,Demographics,1773451193,1,0,0
putqe1fs,204,b3tsrupv,13,mock_N08_N04_Aonly,GroupingWaitPage,1773451203,1,0,1
putqe1fs,217,yns5i6u0,2,presurvey,AudioCheck,1773451203,1,0,0
putqe1fs,204,b3tsrupv,14,mock_N08_N04_Aonly,GroupSizeWaitPage,1773451203,1,0,1
putqe1fs,216,j7kqfc9c,1,presurvey,Introduction,1773451206,1,0,0
putqe1fs,218,6jjw3mgl,0,,InitializeParticipant,1773451210,1,0,0
putqe1fs,204,b3tsrupv,15,mock_N08_N04_Aonly,AttentionCheck,1773451217,1,0,0
putqe1fs,218,6jjw3mgl,1,presurvey,Introduction,1773451219,1,0,0
putqe1fs,211,b5yj0bcc,12,presurvey,Commitment,1773451221,1,0,0
putqe1fs,217,yns5i6u0,3,presurvey,Demographics,1773451223,1,0,0
putqe1fs,216,j7kqfc9c,2,presurvey,AudioCheck,1773451227,1,0,0
putqe1fs,215,2sumq9vp,2,presurvey,AudioCheck,1773451228,1,0,0
putqe1fs,219,uc8g5723,0,,InitializeParticipant,1773451228,1,0,0
putqe1fs,216,j7kqfc9c,3,presurvey,Demographics,1773451238,1,0,0
putqe1fs,219,uc8g5723,1,presurvey,Introduction,1773451238,1,0,0
putqe1fs,218,6jjw3mgl,2,presurvey,AudioCheck,1773451241,1,0,0
putqe1fs,215,2sumq9vp,3,presurvey,Demographics,1773451250,1,0,0
putqe1fs,220,jpwbkiae,0,,InitializeParticipant,1773451250,1,0,0
putqe1fs,219,uc8g5723,2,presurvey,AudioCheck,1773451251,1,0,0
putqe1fs,221,6grnkxoi,0,,InitializeParticipant,1773451252,1,0,0
putqe1fs,218,6jjw3mgl,3,presurvey,Demographics,1773451253,1,0,0
putqe1fs,220,jpwbkiae,1,presurvey,Introduction,1773451253,1,0,0
putqe1fs,219,uc8g5723,3,presurvey,Demographics,1773451263,1,0,0
putqe1fs,218,6jjw3mgl,4,presurvey,NeighborhoodInstruction,1773451266,1,0,0
putqe1fs,217,yns5i6u0,4,presurvey,NeighborhoodInstruction,1773451271,1,0,0
putqe1fs,222,j1cuedcp,0,,InitializeParticipant,1773451278,1,0,0
putqe1fs,222,j1cuedcp,1,presurvey,Introduction,1773451281,1,0,0
putqe1fs,219,uc8g5723,4,presurvey,NeighborhoodInstruction,1773451283,1,0,0
putqe1fs,216,j7kqfc9c,4,presurvey,NeighborhoodInstruction,1773451283,1,0,0
putqe1fs,218,6jjw3mgl,5,presurvey,Training,1773451283,1,0,0
putqe1fs,215,2sumq9vp,4,presurvey,NeighborhoodInstruction,1773451291,1,0,0
putqe1fs,222,j1cuedcp,2,presurvey,AudioCheck,1773451301,1,0,0
putqe1fs,217,yns5i6u0,5,presurvey,Training,1773451306,1,0,0
putqe1fs,216,j7kqfc9c,5,presurvey,Training,1773451307,1,0,0
putqe1fs,220,jpwbkiae,2,presurvey,AudioCheck,1773451308,1,0,0
putqe1fs,218,6jjw3mgl,6,presurvey,TrainingNeighbor_1,1773451310,1,0,0
putqe1fs,222,j1cuedcp,3,presurvey,Demographics,1773451315,1,0,0
putqe1fs,218,6jjw3mgl,10,presurvey,ExperimentInstruction,1773451316,1,0,0
putqe1fs,220,jpwbkiae,3,presurvey,Demographics,1773451321,1,0,0
putqe1fs,222,j1cuedcp,4,presurvey,NeighborhoodInstruction,1773451326,1,0,0
putqe1fs,219,uc8g5723,5,presurvey,Training,1773451327,1,0,0
putqe1fs,220,jpwbkiae,4,presurvey,NeighborhoodInstruction,1773451328,1,0,0
putqe1fs,220,jpwbkiae,5,presurvey,Training,1773451335,1,0,0
putqe1fs,217,yns5i6u0,6,presurvey,TrainingNeighbor_1,1773451342,1,0,0
putqe1fs,218,6jjw3mgl,11,presurvey,Scenario,1773451343,1,0,0
putqe1fs,216,j7kqfc9c,6,presurvey,TrainingNeighbor_1,1773451348,1,0,0
putqe1fs,219,uc8g5723,6,presurvey,TrainingNeighbor_1,1773451348,1,0,0
putqe1fs,217,yns5i6u0,10,presurvey,ExperimentInstruction,1773451350,1,0,0
putqe1fs,219,uc8g5723,10,presurvey,ExperimentInstruction,1773451352,1,0,0
putqe1fs,214,2u7oil8b,4,presurvey,NeighborhoodInstruction,1773451354,1,0,0
putqe1fs,216,j7kqfc9c,10,presurvey,ExperimentInstruction,1773451354,1,0,0
putqe1fs,222,j1cuedcp,5,presurvey,Training,1773451354,1,0,0
putqe1fs,221,6grnkxoi,1,presurvey,Introduction,1773451357,1,0,0
putqe1fs,220,jpwbkiae,6,presurvey,TrainingNeighbor_1,1773451368,1,0,0
putqe1fs,220,jpwbkiae,7,presurvey,TrainingNeighbor_2,1773451375,1,0,0
putqe1fs,215,2sumq9vp,5,presurvey,Training,1773451375,1,0,0
putqe1fs,216,j7kqfc9c,11,presurvey,Scenario,1773451377,1,0,0
putqe1fs,220,jpwbkiae,10,presurvey,ExperimentInstruction,1773451381,1,0,0
putqe1fs,222,j1cuedcp,6,presurvey,TrainingNeighbor_1,1773451389,1,0,0
putqe1fs,222,j1cuedcp,10,presurvey,ExperimentInstruction,1773451393,1,0,0
putqe1fs,223,mhog1icz,0,,InitializeParticipant,1773451397,1,0,0
putqe1fs,219,uc8g5723,11,presurvey,Scenario,1773451398,1,0,0
putqe1fs,216,j7kqfc9c,12,presurvey,Commitment,1773451411,1,0,0
putqe1fs,223,mhog1icz,1,presurvey,Introduction,1773451412,1,0,0
putqe1fs,224,4ysyiqcs,0,,InitializeParticipant,1773451415,1,0,0
putqe1fs,222,j1cuedcp,11,presurvey,Scenario,1773451415,1,0,0
putqe1fs,224,4ysyiqcs,1,presurvey,Introduction,1773451421,1,0,0
putqe1fs,220,jpwbkiae,11,presurvey,Scenario,1773451429,1,0,0
putqe1fs,214,2u7oil8b,5,presurvey,Training,1773451433,1,0,0
putqe1fs,215,2sumq9vp,6,presurvey,TrainingNeighbor_1,1773451433,1,0,0
putqe1fs,217,yns5i6u0,11,presurvey,Scenario,1773451440,1,0,0
putqe1fs,222,j1cuedcp,12,presurvey,Commitment,1773451441,1,0,0
putqe1fs,223,mhog1icz,2,presurvey,AudioCheck,1773451441,1,0,0
putqe1fs,215,2sumq9vp,10,presurvey,ExperimentInstruction,1773451443,1,0,0
putqe1fs,220,jpwbkiae,12,presurvey,Commitment,1773451453,1,0,0
putqe1fs,221,6grnkxoi,2,presurvey,AudioCheck,1773451456,1,0,0
putqe1fs,223,mhog1icz,3,presurvey,Demographics,1773451458,1,0,0
putqe1fs,224,4ysyiqcs,2,presurvey,AudioCheck,1773451460,1,0,0
putqe1fs,225,fpe0fbcj,0,,InitializeParticipant,1773451468,1,0,0
putqe1fs,226,jgfw5kfh,0,,InitializeParticipant,1773451471,1,0,0
putqe1fs,226,jgfw5kfh,1,presurvey,Introduction,1773451479,1,0,0
putqe1fs,224,4ysyiqcs,3,presurvey,Demographics,1773451480,1,0,0
putqe1fs,223,mhog1icz,4,presurvey,NeighborhoodInstruction,1773451486,1,0,0
putqe1fs,214,2u7oil8b,6,presurvey,TrainingNeighbor_1,1773451492,1,0,0
putqe1fs,221,6grnkxoi,3,presurvey,Demographics,1773451492,1,0,0
putqe1fs,226,jgfw5kfh,2,presurvey,AudioCheck,1773451496,1,0,0
putqe1fs,215,2sumq9vp,11,presurvey,Scenario,1773451496,1,0,0
putqe1fs,217,yns5i6u0,12,presurvey,Commitment,1773451504,1,0,0
putqe1fs,223,mhog1icz,5,presurvey,Training,1773451504,1,0,0
putqe1fs,225,fpe0fbcj,1,presurvey,Introduction,1773451518,1,0,0
putqe1fs,226,jgfw5kfh,3,presurvey,Demographics,1773451519,1,0,0
putqe1fs,227,vopatatc,0,,InitializeParticipant,1773451520,1,0,0
putqe1fs,227,vopatatc,1,presurvey,Introduction,1773451525,1,0,0
putqe1fs,223,mhog1icz,6,presurvey,TrainingNeighbor_1,1773451534,1,0,0
putqe1fs,227,vopatatc,2,presurvey,AudioCheck,1773451539,1,0,0
putqe1fs,225,fpe0fbcj,2,presurvey,AudioCheck,1773451543,1,0,0
putqe1fs,223,mhog1icz,10,presurvey,ExperimentInstruction,1773451545,1,0,0
putqe1fs,228,z695fdhw,0,,InitializeParticipant,1773451546,1,0,0
putqe1fs,224,4ysyiqcs,4,presurvey,NeighborhoodInstruction,1773451547,1,0,0
putqe1fs,226,jgfw5kfh,4,presurvey,NeighborhoodInstruction,1773451548,1,0,0
putqe1fs,229,pjyn8zts,0,,InitializeParticipant,1773451551,1,0,0
putqe1fs,228,z695fdhw,1,presurvey,Introduction,1773451553,1,0,0
putqe1fs,227,vopatatc,3,presurvey,Demographics,1773451553,1,0,0
putqe1fs,229,pjyn8zts,1,presurvey,Introduction,1773451558,1,0,0
putqe1fs,225,fpe0fbcj,3,presurvey,Demographics,1773451566,1,0,0
putqe1fs,227,vopatatc,4,presurvey,NeighborhoodInstruction,1773451567,1,0,0
putqe1fs,229,pjyn8zts,2,presurvey,AudioCheck,1773451575,1,0,0
putqe1fs,228,z695fdhw,2,presurvey,AudioCheck,1773451584,1,0,0
putqe1fs,223,mhog1icz,11,presurvey,Scenario,1773451585,1,0,0
putqe1fs,221,6grnkxoi,4,presurvey,NeighborhoodInstruction,1773451588,1,0,0
putqe1fs,226,jgfw5kfh,5,presurvey,Training,1773451588,1,0,0
putqe1fs,227,vopatatc,5,presurvey,Training,1773451588,1,0,0
putqe1fs,225,fpe0fbcj,4,presurvey,NeighborhoodInstruction,1773451588,1,0,0
putqe1fs,229,pjyn8zts,3,presurvey,Demographics,1773451595,1,0,0
putqe1fs,229,pjyn8zts,4,presurvey,NeighborhoodInstruction,1773451604,1,0,0
putqe1fs,228,z695fdhw,3,presurvey,Demographics,1773451606,1,0,0
putqe1fs,214,2u7oil8b,7,presurvey,TrainingNeighbor_2,1773451612,1,0,0
putqe1fs,227,vopatatc,6,presurvey,TrainingNeighbor_1,1773451613,1,0,0
putqe1fs,227,vopatatc,10,presurvey,ExperimentInstruction,1773451620,1,0,0
putqe1fs,228,z695fdhw,4,presurvey,NeighborhoodInstruction,1773451638,1,0,0
putqe1fs,225,fpe0fbcj,5,presurvey,Training,1773451639,1,0,0
putqe1fs,229,pjyn8zts,5,presurvey,Training,1773451643,1,0,0
putqe1fs,224,4ysyiqcs,5,presurvey,Training,1773451645,1,0,0
putqe1fs,227,vopatatc,11,presurvey,Scenario,1773451659,1,0,0
putqe1fs,226,jgfw5kfh,6,presurvey,TrainingNeighbor_1,1773451670,1,0,0
putqe1fs,228,z695fdhw,5,presurvey,Training,1773451676,1,0,0
putqe1fs,207,71na19t2,13,mock_N08_N04_Aonly,GroupingWaitPage,1773451677,1,0,1
putqe1fs,208,g3h61emu,13,mock_N08_N04_Aonly,GroupingWaitPage,1773451677,1,0,1
putqe1fs,216,j7kqfc9c,13,mock_N08_N04_Aonly,GroupingWaitPage,1773451677,1,0,1
putqe1fs,217,yns5i6u0,13,mock_N08_N04_Aonly,GroupingWaitPage,1773451677,1,0,1
putqe1fs,207,71na19t2,14,mock_N08_N04_Aonly,GroupSizeWaitPage,1773451677,1,0,1
putqe1fs,208,g3h61emu,14,mock_N08_N04_Aonly,GroupSizeWaitPage,1773451677,1,0,1
putqe1fs,216,j7kqfc9c,14,mock_N08_N04_Aonly,GroupSizeWaitPage,1773451677,1,0,1
putqe1fs,217,yns5i6u0,14,mock_N08_N04_Aonly,GroupSizeWaitPage,1773451677,1,0,1
putqe1fs,225,fpe0fbcj,6,presurvey,TrainingNeighbor_1,1773451678,1,0,0
putqe1fs,217,yns5i6u0,16,mock_N08_N04_Aonly,DiscussionGRPWaitPage,1773451679,1,0,1
putqe1fs,208,g3h61emu,16,mock_N08_N04_Aonly,DiscussionGRPWaitPage,1773451679,1,0,1
putqe1fs,216,j7kqfc9c,16,mock_N08_N04_Aonly,DiscussionGRPWaitPage,1773451679,1,0,1
putqe1fs,207,71na19t2,16,mock_N08_N04_Aonly,DiscussionGRPWaitPage,1773451679,1,0,1
putqe1fs,226,jgfw5kfh,7,presurvey,TrainingNeighbor_2,1773451685,1,0,0
putqe1fs,225,fpe0fbcj,10,presurvey,ExperimentInstruction,1773451686,1,0,0
putqe1fs,224,4ysyiqcs,6,presurvey,TrainingNeighbor_1,1773451688,1,0,0
putqe1fs,226,jgfw5kfh,10,presurvey,ExperimentInstruction,1773451698,1,0,0
putqe1fs,227,vopatatc,12,presurvey,Commitment,1773451700,1,0,0
putqe1fs,216,j7kqfc9c,17,mock_N08_N04_Aonly,Nudge,1773451701,1,0,0
putqe1fs,207,71na19t2,17,mock_N08_N04_Aonly,Nudge,1773451702,1,0,0
putqe1fs,208,g3h61emu,17,mock_N08_N04_Aonly,Nudge,1773451707,1,0,0
putqe1fs,225,fpe0fbcj,11,presurvey,Scenario,1773451709,1,0,0
putqe1fs,224,4ysyiqcs,10,presurvey,ExperimentInstruction,1773451712,1,0,0
putqe1fs,217,yns5i6u0,17,mock_N08_N04_Aonly,Nudge,1773451713,1,0,0
putqe1fs,229,pjyn8zts,6,presurvey,TrainingNeighbor_1,1773451715,1,0,0
putqe1fs,208,g3h61emu,18,mock_N08_N04_Aonly,NudgeTraining,1773451715,1,0,0
putqe1fs,216,j7kqfc9c,18,mock_N08_N04_Aonly,NudgeTraining,1773451716,1,0,0
putqe1fs,229,pjyn8zts,10,presurvey,ExperimentInstruction,1773451725,1,0,0
putqe1fs,216,j7kqfc9c,19,mock_N08_N04_Aonly,NudgeTrainingLast,1773451726,1,0,0
putqe1fs,217,yns5i6u0,18,mock_N08_N04_Aonly,NudgeTraining,1773451728,1,0,0
putqe1fs,208,g3h61emu,19,mock_N08_N04_Aonly,NudgeTrainingLast,1773451730,1,0,0
putqe1fs,214,2u7oil8b,10,presurvey,ExperimentInstruction,1773451732,1,0,0
putqe1fs,221,6grnkxoi,5,presurvey,Training,1773451735,1,0,0
putqe1fs,207,71na19t2,18,mock_N08_N04_Aonly,NudgeTraining,1773451735,1,0,0
putqe1fs,226,jgfw5kfh,11,presurvey,Scenario,1773451738,1,0,0
putqe1fs,207,71na19t2,19,mock_N08_N04_Aonly,NudgeTrainingLast,1773451744,1,0,0
putqe1fs,216,j7kqfc9c,20,mock_N08_N04_Aonly,Phase3,1773451747,1,0,0
putqe1fs,228,z695fdhw,6,presurvey,TrainingNeighbor_1,1773451747,1,0,0
putqe1fs,207,71na19t2,20,mock_N08_N04_Aonly,Phase3,1773451754,1,0,0
putqe1fs,216,j7kqfc9c,21,mock_N08_N04_Aonly,Discussion,1773451755,1,0,0
putqe1fs,228,z695fdhw,10,presurvey,ExperimentInstruction,1773451755,1,0,0
putqe1fs,229,pjyn8zts,11,presurvey,Scenario,1773451758,1,0,0
putqe1fs,208,g3h61emu,20,mock_N08_N04_Aonly,Phase3,1773451766,1,0,0
putqe1fs,208,g3h61emu,21,mock_N08_N04_Aonly,Discussion,1773451777,1,0,0
putqe1fs,207,71na19t2,21,mock_N08_N04_Aonly,Discussion,1773451783,1,0,0
putqe1fs,214,2u7oil8b,11,presurvey,Scenario,1773451793,1,0,0
putqe1fs,228,z695fdhw,11,presurvey,Scenario,1773451809,1,0,0
putqe1fs,229,pjyn8zts,12,presurvey,Commitment,1773451812,1,0,0
putqe1fs,217,yns5i6u0,19,mock_N08_N04_Aonly,NudgeTrainingLast,1773451813,1,0,0
putqe1fs,217,yns5i6u0,20,mock_N08_N04_Aonly,Phase3,1773451827,1,0,0
putqe1fs,221,6grnkxoi,6,presurvey,TrainingNeighbor_1,1773451832,1,0,0
putqe1fs,217,yns5i6u0,21,mock_N08_N04_Aonly,Discussion,1773451844,1,0,0
putqe1fs,208,g3h61emu,27,mock_N08_N04_Aonly,DiscussionGRPWaitPage,1773451844,2,0,1
putqe1fs,217,yns5i6u0,27,mock_N08_N04_Aonly,DiscussionGRPWaitPage,1773451844,2,0,1
putqe1fs,216,j7kqfc9c,27,mock_N08_N04_Aonly,DiscussionGRPWaitPage,1773451844,2,0,1
putqe1fs,207,71na19t2,27,mock_N08_N04_Aonly,DiscussionGRPWaitPage,1773451844,2,0,1
putqe1fs,208,g3h61emu,32,mock_N08_N04_Aonly,Discussion,1773451849,2,0,0
putqe1fs,216,j7kqfc9c,32,mock_N08_N04_Aonly,Discussion,1773451856,2,0,0
putqe1fs,207,71na19t2,32,mock_N08_N04_Aonly,Discussion,1773451859,2,0,0
putqe1fs,217,yns5i6u0,32,mock_N08_N04_Aonly,Discussion,1773451868,2,0,0
putqe1fs,224,4ysyiqcs,11,presurvey,Scenario,1773451868,1,0,0
putqe1fs,217,yns5i6u0,38,mock_N08_N04_Aonly,DiscussionGRPWaitPage,1773451872,3,0,1
putqe1fs,208,g3h61emu,38,mock_N08_N04_Aonly,DiscussionGRPWaitPage,1773451872,3,0,1
putqe1fs,216,j7kqfc9c,38,mock_N08_N04_Aonly,DiscussionGRPWaitPage,1773451872,3,0,1
putqe1fs,207,71na19t2,38,mock_N08_N04_Aonly,DiscussionGRPWaitPage,1773451872,3,0,1
putqe1fs,228,z695fdhw,12,presurvey,Commitment,1773451876,1,0,0
putqe1fs,208,g3h61emu,43,mock_N08_N04_Aonly,Discussion,1773451877,3,0,0
putqe1fs,217,yns5i6u0,43,mock_N08_N04_Aonly,Discussion,1773451878,3,0,0
putqe1fs,216,j7kqfc9c,43,mock_N08_N04_Aonly,Discussion,1773451882,3,0,0
putqe1fs,207,71na19t2,43,mock_N08_N04_Aonly,Discussion,1773451886,3,0,0
putqe1fs,217,yns5i6u0,49,mock_N08_N04_Aonly,DiscussionGRPWaitPage,1773451886,4,0,1
putqe1fs,208,g3h61emu,49,mock_N08_N04_Aonly,DiscussionGRPWaitPage,1773451886,4,0,1
putqe1fs,216,j7kqfc9c,49,mock_N08_N04_Aonly,DiscussionGRPWaitPage,1773451886,4,0,1
putqe1fs,207,71na19t2,49,mock_N08_N04_Aonly,DiscussionGRPWaitPage,1773451886,4,0,1
putqe1fs,216,j7kqfc9c,54,mock_N08_N04_Aonly,Discussion,1773451891,4,0,0
putqe1fs,208,g3h61emu,54,mock_N08_N04_Aonly,Discussion,1773451892,4,0,0
putqe1fs,207,71na19t2,54,mock_N08_N04_Aonly,Discussion,1773451894,4,0,0
putqe1fs,217,yns5i6u0,54,mock_N08_N04_Aonly,Discussion,1773451901,4,0,0
putqe1fs,217,yns5i6u0,60,mock_N08_N04_Aonly,DiscussionGRPWaitPage,1773451901,5,0,1
putqe1fs,208,g3h61emu,60,mock_N08_N04_Aonly,DiscussionGRPWaitPage,1773451901,5,0,1
putqe1fs,216,j7kqfc9c,60,mock_N08_N04_Aonly,DiscussionGRPWaitPage,1773451901,5,0,1
putqe1fs,207,71na19t2,60,mock_N08_N04_Aonly,DiscussionGRPWaitPage,1773451901,5,0,1
putqe1fs,208,g3h61emu,65,mock_N08_N04_Aonly,Discussion,1773451909,5,0,0
putqe1fs,207,71na19t2,65,mock_N08_N04_Aonly,Discussion,1773451909,5,0,0
putqe1fs,216,j7kqfc9c,65,mock_N08_N04_Aonly,Discussion,1773451910,5,0,0
putqe1fs,217,yns5i6u0,65,mock_N08_N04_Aonly,Discussion,1773451932,5,1,0
putqe1fs,207,71na19t2,71,mock_N08_N04_Aonly,DiscussionGRPWaitPage,1773451932,6,0,1
putqe1fs,208,g3h61emu,71,mock_N08_N04_Aonly,DiscussionGRPWaitPage,1773451932,6,0,1
putqe1fs,216,j7kqfc9c,71,mock_N08_N04_Aonly,DiscussionGRPWaitPage,1773451932,6,0,1
putqe1fs,217,yns5i6u0,71,mock_N08_N04_Aonly,DiscussionGRPWaitPage,1773451932,6,0,1
putqe1fs,221,6grnkxoi,7,presurvey,TrainingNeighbor_2,1773451937,1,0,0
putqe1fs,208,g3h61emu,76,mock_N08_N04_Aonly,Discussion,1773451938,6,0,0
putqe1fs,216,j7kqfc9c,76,mock_N08_N04_Aonly,Discussion,1773451939,6,0,0
putqe1fs,207,71na19t2,76,mock_N08_N04_Aonly,Discussion,1773451941,6,0,0
putqe1fs,217,yns5i6u0,76,mock_N08_N04_Aonly,Discussion,1773451944,6,0,0
putqe1fs,217,yns5i6u0,82,mock_N08_N04_Aonly,DiscussionGRPWaitPage,1773451945,7,0,1
putqe1fs,208,g3h61emu,82,mock_N08_N04_Aonly,DiscussionGRPWaitPage,1773451945,7,0,1
putqe1fs,216,j7kqfc9c,82,mock_N08_N04_Aonly,DiscussionGRPWaitPage,1773451945,7,0,1
putqe1fs,207,71na19t2,82,mock_N08_N04_Aonly,DiscussionGRPWaitPage,1773451945,7,0,1
putqe1fs,217,yns5i6u0,87,mock_N08_N04_Aonly,Discussion,1773451949,7,0,0
putqe1fs,208,g3h61emu,87,mock_N08_N04_Aonly,Discussion,1773451950,7,0,0
putqe1fs,207,71na19t2,87,mock_N08_N04_Aonly,Discussion,1773451951,7,0,0
putqe1fs,216,j7kqfc9c,87,mock_N08_N04_Aonly,Discussion,1773451952,7,0,0
putqe1fs,217,yns5i6u0,93,mock_N08_N04_Aonly,DiscussionGRPWaitPage,1773451952,8,0,1
putqe1fs,208,g3h61emu,93,mock_N08_N04_Aonly,DiscussionGRPWaitPage,1773451952,8,0,1
putqe1fs,216,j7kqfc9c,93,mock_N08_N04_Aonly,DiscussionGRPWaitPage,1773451952,8,0,1
putqe1fs,207,71na19t2,93,mock_N08_N04_Aonly,DiscussionGRPWaitPage,1773451952,8,0,1
putqe1fs,208,g3h61emu,98,mock_N08_N04_Aonly,Discussion,1773451955,8,0,0
putqe1fs,216,j7kqfc9c,98,mock_N08_N04_Aonly,Discussion,1773451957,8,0,0
putqe1fs,207,71na19t2,98,mock_N08_N04_Aonly,Discussion,1773451958,8,0,0
putqe1fs,217,yns5i6u0,98,mock_N08_N04_Aonly,Discussion,1773451961,8,0,0
putqe1fs,217,yns5i6u0,104,mock_N08_N04_Aonly,DiscussionGRPWaitPage,1773451961,9,0,1
putqe1fs,208,g3h61emu,104,mock_N08_N04_Aonly,DiscussionGRPWaitPage,1773451961,9,0,1
putqe1fs,216,j7kqfc9c,104,mock_N08_N04_Aonly,DiscussionGRPWaitPage,1773451961,9,0,1
putqe1fs,207,71na19t2,104,mock_N08_N04_Aonly,DiscussionGRPWaitPage,1773451961,9,0,1
putqe1fs,208,g3h61emu,109,mock_N08_N04_Aonly,Discussion,1773451965,9,0,0
putqe1fs,217,yns5i6u0,109,mock_N08_N04_Aonly,Discussion,1773451968,9,0,0
putqe1fs,207,71na19t2,109,mock_N08_N04_Aonly,Discussion,1773451970,9,0,0
putqe1fs,216,j7kqfc9c,109,mock_N08_N04_Aonly,Discussion,1773451974,9,0,0
putqe1fs,207,71na19t2,115,mock_N08_N04_Aonly,DiscussionGRPWaitPage,1773451974,10,0,1
putqe1fs,216,j7kqfc9c,115,mock_N08_N04_Aonly,DiscussionGRPWaitPage,1773451974,10,0,1
putqe1fs,217,yns5i6u0,115,mock_N08_N04_Aonly,DiscussionGRPWaitPage,1773451974,10,0,1
putqe1fs,208,g3h61emu,115,mock_N08_N04_Aonly,DiscussionGRPWaitPage,1773451974,10,0,1
putqe1fs,217,yns5i6u0,120,mock_N08_N04_Aonly,Discussion,1773451979,10,0,0
putqe1fs,208,g3h61emu,120,mock_N08_N04_Aonly,Discussion,1773451979,10,0,0
putqe1fs,216,j7kqfc9c,120,mock_N08_N04_Aonly,Discussion,1773451980,10,0,0
putqe1fs,207,71na19t2,120,mock_N08_N04_Aonly,Discussion,1773451980,10,0,0
putqe1fs,217,yns5i6u0,126,mock_N08_N04_Aonly,DiscussionGRPWaitPage,1773451980,11,0,1
putqe1fs,208,g3h61emu,126,mock_N08_N04_Aonly,DiscussionGRPWaitPage,1773451980,11,0,1
putqe1fs,216,j7kqfc9c,126,mock_N08_N04_Aonly,DiscussionGRPWaitPage,1773451980,11,0,1
putqe1fs,207,71na19t2,126,mock_N08_N04_Aonly,DiscussionGRPWaitPage,1773451980,11,0,1
putqe1fs,208,g3h61emu,131,mock_N08_N04_Aonly,Discussion,1773451983,11,0,0
putqe1fs,216,j7kqfc9c,131,mock_N08_N04_Aonly,Discussion,1773451984,11,0,0
putqe1fs,217,yns5i6u0,131,mock_N08_N04_Aonly,Discussion,1773451985,11,0,0
putqe1fs,207,71na19t2,131,mock_N08_N04_Aonly,Discussion,1773451987,11,0,0
putqe1fs,217,yns5i6u0,137,mock_N08_N04_Aonly,DiscussionGRPWaitPage,1773451987,12,0,1
putqe1fs,208,g3h61emu,137,mock_N08_N04_Aonly,DiscussionGRPWaitPage,1773451987,12,0,1
putqe1fs,216,j7kqfc9c,137,mock_N08_N04_Aonly,DiscussionGRPWaitPage,1773451987,12,0,1
putqe1fs,207,71na19t2,137,mock_N08_N04_Aonly,DiscussionGRPWaitPage,1773451987,12,0,1
putqe1fs,217,yns5i6u0,142,mock_N08_N04_Aonly,Discussion,1773451990,12,0,0
putqe1fs,216,j7kqfc9c,142,mock_N08_N04_Aonly,Discussion,1773451990,12,0,0
putqe1fs,207,71na19t2,142,mock_N08_N04_Aonly,Discussion,1773451992,12,0,0
putqe1fs,221,6grnkxoi,8,presurvey,AttentionCheck,1773451993,1,0,0
putqe1fs,208,g3h61emu,142,mock_N08_N04_Aonly,Discussion,1773451994,12,0,0
putqe1fs,217,yns5i6u0,148,mock_N08_N04_Aonly,DiscussionGRPWaitPage,1773451994,13,0,1
putqe1fs,208,g3h61emu,148,mock_N08_N04_Aonly,DiscussionGRPWaitPage,1773451994,13,0,1
putqe1fs,216,j7kqfc9c,148,mock_N08_N04_Aonly,DiscussionGRPWaitPage,1773451994,13,0,1
putqe1fs,207,71na19t2,148,mock_N08_N04_Aonly,DiscussionGRPWaitPage,1773451994,13,0,1
putqe1fs,217,yns5i6u0,153,mock_N08_N04_Aonly,Discussion,1773451996,13,0,0
putqe1fs,216,j7kqfc9c,153,mock_N08_N04_Aonly,Discussion,1773451998,13,0,0
putqe1fs,207,71na19t2,153,mock_N08_N04_Aonly,Discussion,1773451999,13,0,0
putqe1fs,208,g3h61emu,153,mock_N08_N04_Aonly,Discussion,1773452001,13,0,0
putqe1fs,217,yns5i6u0,159,mock_N08_N04_Aonly,DiscussionGRPWaitPage,1773452001,14,0,1
putqe1fs,208,g3h61emu,159,mock_N08_N04_Aonly,DiscussionGRPWaitPage,1773452001,14,0,1
putqe1fs,216,j7kqfc9c,159,mock_N08_N04_Aonly,DiscussionGRPWaitPage,1773452001,14,0,1
putqe1fs,207,71na19t2,159,mock_N08_N04_Aonly,DiscussionGRPWaitPage,1773452001,14,0,1
putqe1fs,217,yns5i6u0,164,mock_N08_N04_Aonly,Discussion,1773452003,14,0,0
putqe1fs,208,g3h61emu,164,mock_N08_N04_Aonly,Discussion,1773452003,14,0,0
putqe1fs,216,j7kqfc9c,164,mock_N08_N04_Aonly,Discussion,1773452005,14,0,0
putqe1fs,207,71na19t2,164,mock_N08_N04_Aonly,Discussion,1773452007,14,0,0
putqe1fs,217,yns5i6u0,170,mock_N08_N04_Aonly,DiscussionGRPWaitPage,1773452007,15,0,1
putqe1fs,208,g3h61emu,170,mock_N08_N04_Aonly,DiscussionGRPWaitPage,1773452007,15,0,1
putqe1fs,216,j7kqfc9c,170,mock_N08_N04_Aonly,DiscussionGRPWaitPage,1773452007,15,0,1
putqe1fs,207,71na19t2,170,mock_N08_N04_Aonly,DiscussionGRPWaitPage,1773452007,15,0,1
putqe1fs,208,g3h61emu,175,mock_N08_N04_Aonly,Discussion,1773452010,15,0,0
putqe1fs,217,yns5i6u0,175,mock_N08_N04_Aonly,Discussion,1773452013,15,0,0
putqe1fs,216,j7kqfc9c,175,mock_N08_N04_Aonly,Discussion,1773452013,15,0,0
putqe1fs,207,71na19t2,175,mock_N08_N04_Aonly,Discussion,1773452017,15,0,0
putqe1fs,217,yns5i6u0,181,mock_N08_N04_Aonly,DiscussionGRPWaitPage,1773452017,16,0,1
putqe1fs,208,g3h61emu,181,mock_N08_N04_Aonly,DiscussionGRPWaitPage,1773452017,16,0,1
putqe1fs,216,j7kqfc9c,181,mock_N08_N04_Aonly,DiscussionGRPWaitPage,1773452017,16,0,1
putqe1fs,207,71na19t2,181,mock_N08_N04_Aonly,DiscussionGRPWaitPage,1773452017,16,0,1
putqe1fs,217,yns5i6u0,186,mock_N08_N04_Aonly,Discussion,1773452020,16,0,0
putqe1fs,216,j7kqfc9c,186,mock_N08_N04_Aonly,Discussion,1773452020,16,0,0
putqe1fs,208,g3h61emu,186,mock_N08_N04_Aonly,Discussion,1773452021,16,0,0
putqe1fs,207,71na19t2,186,mock_N08_N04_Aonly,Discussion,1773452022,16,0,0
putqe1fs,207,71na19t2,192,mock_N08_N04_Aonly,DiscussionGRPWaitPage,1773452022,17,0,1
putqe1fs,217,yns5i6u0,192,mock_N08_N04_Aonly,DiscussionGRPWaitPage,1773452022,17,0,1
putqe1fs,208,g3h61emu,192,mock_N08_N04_Aonly,DiscussionGRPWaitPage,1773452022,17,0,1
putqe1fs,216,j7kqfc9c,192,mock_N08_N04_Aonly,DiscussionGRPWaitPage,1773452022,17,0,1
putqe1fs,217,yns5i6u0,197,mock_N08_N04_Aonly,Discussion,1773452025,17,0,0
putqe1fs,208,g3h61emu,197,mock_N08_N04_Aonly,Discussion,1773452026,17,0,0
putqe1fs,207,71na19t2,197,mock_N08_N04_Aonly,Discussion,1773452026,17,0,0
putqe1fs,216,j7kqfc9c,197,mock_N08_N04_Aonly,Discussion,1773452027,17,0,0
putqe1fs,208,g3h61emu,203,mock_N08_N04_Aonly,DiscussionGRPWaitPage,1773452027,18,0,1
putqe1fs,207,71na19t2,203,mock_N08_N04_Aonly,DiscussionGRPWaitPage,1773452027,18,0,1
putqe1fs,216,j7kqfc9c,203,mock_N08_N04_Aonly,DiscussionGRPWaitPage,1773452027,18,0,1
putqe1fs,217,yns5i6u0,203,mock_N08_N04_Aonly,DiscussionGRPWaitPage,1773452027,18,0,1
putqe1fs,217,yns5i6u0,208,mock_N08_N04_Aonly,Discussion,1773452029,18,0,0
putqe1fs,216,j7kqfc9c,208,mock_N08_N04_Aonly,Discussion,1773452031,18,0,0
putqe1fs,207,71na19t2,208,mock_N08_N04_Aonly,Discussion,1773452032,18,0,0
putqe1fs,208,g3h61emu,208,mock_N08_N04_Aonly,Discussion,1773452035,18,0,0
putqe1fs,217,yns5i6u0,214,mock_N08_N04_Aonly,DiscussionGRPWaitPage,1773452036,19,0,1
putqe1fs,208,g3h61emu,214,mock_N08_N04_Aonly,DiscussionGRPWaitPage,1773452036,19,0,1
putqe1fs,216,j7kqfc9c,214,mock_N08_N04_Aonly,DiscussionGRPWaitPage,1773452036,19,0,1
putqe1fs,207,71na19t2,214,mock_N08_N04_Aonly,DiscussionGRPWaitPage,1773452036,19,0,1
putqe1fs,230,8e7174wh,0,,InitializeParticipant,1773452037,1,0,0
putqe1fs,217,yns5i6u0,219,mock_N08_N04_Aonly,Discussion,1773452038,19,0,0
putqe1fs,216,j7kqfc9c,219,mock_N08_N04_Aonly,Discussion,1773452040,19,0,0
putqe1fs,208,g3h61emu,219,mock_N08_N04_Aonly,Discussion,1773452040,19,0,0
putqe1fs,207,71na19t2,219,mock_N08_N04_Aonly,Discussion,1773452041,19,0,0
putqe1fs,217,yns5i6u0,225,mock_N08_N04_Aonly,DiscussionGRPWaitPage,1773452042,20,0,1
putqe1fs,208,g3h61emu,225,mock_N08_N04_Aonly,DiscussionGRPWaitPage,1773452042,20,0,1
putqe1fs,216,j7kqfc9c,225,mock_N08_N04_Aonly,DiscussionGRPWaitPage,1773452042,20,0,1
putqe1fs,207,71na19t2,225,mock_N08_N04_Aonly,DiscussionGRPWaitPage,1773452042,20,0,1
putqe1fs,208,g3h61emu,230,mock_N08_N04_Aonly,Discussion,1773452044,20,0,0
putqe1fs,217,yns5i6u0,230,mock_N08_N04_Aonly,Discussion,1773452045,20,0,0
putqe1fs,216,j7kqfc9c,230,mock_N08_N04_Aonly,Discussion,1773452045,20,0,0
putqe1fs,207,71na19t2,230,mock_N08_N04_Aonly,Discussion,1773452045,20,0,0
putqe1fs,207,71na19t2,231,mock_N08_N04_Aonly,FinalRoundWaitPage,1773452046,20,0,1
putqe1fs,216,j7kqfc9c,231,mock_N08_N04_Aonly,FinalRoundWaitPage,1773452046,20,0,1
putqe1fs,217,yns5i6u0,231,mock_N08_N04_Aonly,FinalRoundWaitPage,1773452046,20,0,1
putqe1fs,208,g3h61emu,231,mock_N08_N04_Aonly,FinalRoundWaitPage,1773452046,20,0,1
putqe1fs,208,g3h61emu,232,mock_N08_N04_Aonly,FinalRound,1773452052,20,0,0
putqe1fs,207,71na19t2,232,mock_N08_N04_Aonly,FinalRound,1773452052,20,0,0
putqe1fs,217,yns5i6u0,232,mock_N08_N04_Aonly,FinalRound,1773452055,20,0,0
putqe1fs,216,j7kqfc9c,232,mock_N08_N04_Aonly,FinalRound,1773452057,20,0,0
putqe1fs,230,8e7174wh,1,presurvey,Introduction,1773452063,1,0,0
putqe1fs,214,2u7oil8b,12,presurvey,Commitment,1773452063,1,0,0
putqe1fs,230,8e7174wh,2,presurvey,AudioCheck,1773452078,1,0,0
putqe1fs,230,8e7174wh,3,presurvey,Demographics,1773452088,1,0,0
putqe1fs,230,8e7174wh,4,presurvey,NeighborhoodInstruction,1773452103,1,0,0
putqe1fs,221,6grnkxoi,9,presurvey,TrainingNeighbor_3,1773452104,1,0,0
putqe1fs,209,c7wy3l7c,13,mock_N08_N04_Aonly,GroupingWaitPage,1773452108,1,0,1
putqe1fs,209,c7wy3l7c,14,mock_N08_N04_Aonly,GroupSizeWaitPage,1773452108,1,0,1
putqe1fs,209,c7wy3l7c,15,mock_N08_N04_Aonly,AttentionCheck,1773452113,1,0,0
putqe1fs,230,8e7174wh,5,presurvey,Training,1773452126,1,0,0
putqe1fs,230,8e7174wh,6,presurvey,TrainingNeighbor_1,1773452148,1,0,0
putqe1fs,230,8e7174wh,10,presurvey,ExperimentInstruction,1773452156,1,0,0
putqe1fs,230,8e7174wh,11,presurvey,Scenario,1773452182,1,0,0
putqe1fs,231,gyn9eexy,0,,InitializeParticipant,1773452216,1,0,0
putqe1fs,230,8e7174wh,12,presurvey,Commitment,1773452223,1,0,0
putqe1fs,231,gyn9eexy,1,presurvey,Introduction,1773452243,1,0,0
putqe1fs,231,gyn9eexy,2,presurvey,AudioCheck,1773452255,1,0,0
putqe1fs,232,euj6dew6,0,,InitializeParticipant,1773452275,1,0,0
putqe1fs,232,euj6dew6,1,presurvey,Introduction,1773452281,1,0,0
putqe1fs,213,xuyugsao,13,mock_N08_N04_Aonly,GroupingWaitPage,1773452304,1,0,1
putqe1fs,213,xuyugsao,14,mock_N08_N04_Aonly,GroupSizeWaitPage,1773452305,1,0,1
putqe1fs,213,xuyugsao,15,mock_N08_N04_Aonly,AttentionCheck,1773452309,1,0,0
putqe1fs,233,9ajhniza,0,,InitializeParticipant,1773452311,1,0,0
putqe1fs,233,9ajhniza,1,presurvey,Introduction,1773452319,1,0,0
putqe1fs,232,euj6dew6,2,presurvey,AudioCheck,1773452328,1,0,0
putqe1fs,232,euj6dew6,3,presurvey,Demographics,1773452356,1,0,0
putqe1fs,232,euj6dew6,4,presurvey,NeighborhoodInstruction,1773452417,1,0,0
putqe1fs,232,euj6dew6,5,presurvey,Training,1773452499,1,0,0
putqe1fs,222,j1cuedcp,13,mock_N08_N04_Aonly,GroupingWaitPage,1773452584,1,0,1
putqe1fs,222,j1cuedcp,14,mock_N08_N04_Aonly,GroupSizeWaitPage,1773452584,1,0,1
putqe1fs,232,euj6dew6,6,presurvey,TrainingNeighbor_1,1773452585,1,0,0
putqe1fs,222,j1cuedcp,15,mock_N08_N04_Aonly,AttentionCheck,1773452619,1,1,0
putqe1fs,232,euj6dew6,7,presurvey,TrainingNeighbor_2,1773452782,1,0,0
putqe1fs,232,euj6dew6,10,presurvey,ExperimentInstruction,1773452796,1,0,0
putqe1fs,227,vopatatc,13,mock_N08_N04_Aonly,GroupingWaitPage,1773452841,1,0,1
putqe1fs,227,vopatatc,14,mock_N08_N04_Aonly,GroupSizeWaitPage,1773452841,1,0,1
putqe1fs,227,vopatatc,15,mock_N08_N04_Aonly,AttentionCheck,1773452877,1,1,0
putqe1fs,232,euj6dew6,11,presurvey,Scenario,1773452951,1,0,0
putqe1fs,229,pjyn8zts,13,mock_N08_N04_Aonly,GroupingWaitPage,1773453015,1,0,1
putqe1fs,229,pjyn8zts,14,mock_N08_N04_Aonly,GroupSizeWaitPage,1773453015,1,0,1
putqe1fs,229,pjyn8zts,15,mock_N08_N04_Aonly,AttentionCheck,1773453033,1,0,0
