session_code,participant_id_in_session,participant_code,page_index,app_name,page_name,epoch_time_completed,round_number,timeout_happened,is_wait_page
vqp8n68f,1,4cqmirkw,0,,InitializeParticipant,1774209778,1,0,0
vqp8n68f,1,4cqmirkw,1,presurvey,Introduction,1774209784,1,0,0
vqp8n68f,2,qiy8ifen,0,,InitializeParticipant,1774209801,1,0,0
vqp8n68f,3,ld9xdiob,0,,InitializeParticipant,1774209813,1,0,0
vqp8n68f,1,4cqmirkw,2,presurvey,AudioCheck,1774209815,1,0,0
vqp8n68f,2,qiy8ifen,1,presurvey,Introduction,1774209819,1,0,0
vqp8n68f,3,ld9xdiob,1,presurvey,Introduction,1774209822,1,0,0
vqp8n68f,4,uvizdbdx,0,,InitializeParticipant,1774209824,1,0,0
vqp8n68f,1,4cqmirkw,3,presurvey,Demographics,1774209832,1,0,0
vqp8n68f,2,qiy8ifen,2,presurvey,AudioCheck,1774209833,1,0,0
vqp8n68f,1,4cqmirkw,4,presurvey,NeighborhoodInstruction,1774209840,1,0,0
vqp8n68f,4,uvizdbdx,1,presurvey,Introduction,1774209841,1,0,0
vqp8n68f,2,qiy8ifen,3,presurvey,Demographics,1774209846,1,0,0
vqp8n68f,5,2lrynem2,0,,InitializeParticipant,1774209850,1,0,0
vqp8n68f,3,ld9xdiob,2,presurvey,AudioCheck,1774209850,1,0,0
vqp8n68f,2,qiy8ifen,4,presurvey,NeighborhoodInstruction,1774209859,1,0,0
vqp8n68f,5,2lrynem2,1,presurvey,Introduction,1774209860,1,0,0
vqp8n68f,6,kbtwurn7,0,,InitializeParticipant,1774209864,1,0,0
vqp8n68f,6,kbtwurn7,1,presurvey,Introduction,1774209867,1,0,0
vqp8n68f,3,ld9xdiob,3,presurvey,Demographics,1774209873,1,0,0
vqp8n68f,7,exz1ao3l,0,,InitializeParticipant,1774209877,1,0,0
vqp8n68f,5,2lrynem2,2,presurvey,AudioCheck,1774209878,1,0,0
vqp8n68f,1,4cqmirkw,5,presurvey,Training,1774209883,1,0,0
vqp8n68f,6,kbtwurn7,2,presurvey,AudioCheck,1774209887,1,0,0
vqp8n68f,8,lk3kpfde,0,,InitializeParticipant,1774209889,1,0,0
vqp8n68f,4,uvizdbdx,2,presurvey,AudioCheck,1774209890,1,0,0
vqp8n68f,2,qiy8ifen,5,presurvey,Training,1774209891,1,0,0
vqp8n68f,7,exz1ao3l,1,presurvey,Introduction,1774209892,1,0,0
vqp8n68f,3,ld9xdiob,4,presurvey,NeighborhoodInstruction,1774209892,1,0,0
vqp8n68f,6,kbtwurn7,3,presurvey,Demographics,1774209897,1,0,0
vqp8n68f,9,mosv73t0,0,,InitializeParticipant,1774209899,1,0,0
vqp8n68f,5,2lrynem2,3,presurvey,Demographics,1774209900,1,0,0
vqp8n68f,8,lk3kpfde,1,presurvey,Introduction,1774209901,1,0,0
vqp8n68f,7,exz1ao3l,2,presurvey,AudioCheck,1774209909,1,0,0
vqp8n68f,10,yojxbloc,0,,InitializeParticipant,1774209914,1,0,0
vqp8n68f,8,lk3kpfde,2,presurvey,AudioCheck,1774209915,1,0,0
vqp8n68f,5,2lrynem2,4,presurvey,NeighborhoodInstruction,1774209917,1,0,0
vqp8n68f,2,qiy8ifen,6,presurvey,TrainingNeighbor_1,1774209922,1,0,0
vqp8n68f,9,mosv73t0,1,presurvey,Introduction,1774209925,1,0,0
vqp8n68f,8,lk3kpfde,3,presurvey,Demographics,1774209927,1,0,0
vqp8n68f,7,exz1ao3l,3,presurvey,Demographics,1774209928,1,0,0
vqp8n68f,10,yojxbloc,1,presurvey,Introduction,1774209929,1,0,0
vqp8n68f,5,2lrynem2,5,presurvey,Training,1774209934,1,0,0
vqp8n68f,3,ld9xdiob,5,presurvey,Training,1774209934,1,0,0
vqp8n68f,2,qiy8ifen,7,presurvey,TrainingNeighbor_2,1774209935,1,0,0
vqp8n68f,2,qiy8ifen,10,presurvey,ExperimentInstruction,1774209941,1,0,0
vqp8n68f,7,exz1ao3l,4,presurvey,NeighborhoodInstruction,1774209944,1,0,0
vqp8n68f,8,lk3kpfde,4,presurvey,NeighborhoodInstruction,1774209944,1,0,0
vqp8n68f,10,yojxbloc,2,presurvey,AudioCheck,1774209945,1,0,0
vqp8n68f,1,4cqmirkw,6,presurvey,TrainingNeighbor_1,1774209946,1,0,0
vqp8n68f,11,8w3p3jg6,0,,InitializeParticipant,1774209954,1,0,0
vqp8n68f,1,4cqmirkw,10,presurvey,ExperimentInstruction,1774209955,1,0,0
vqp8n68f,12,5gg9e4y5,0,,InitializeParticipant,1774209956,1,0,0
vqp8n68f,9,mosv73t0,2,presurvey,AudioCheck,1774209957,1,0,0
vqp8n68f,4,uvizdbdx,3,presurvey,Demographics,1774209962,1,0,0
vqp8n68f,11,8w3p3jg6,1,presurvey,Introduction,1774209963,1,0,0
vqp8n68f,8,lk3kpfde,5,presurvey,Training,1774209966,1,0,0
vqp8n68f,10,yojxbloc,3,presurvey,Demographics,1774209966,1,0,0
vqp8n68f,13,8ibj1g15,0,,InitializeParticipant,1774209968,1,0,0
vqp8n68f,5,2lrynem2,6,presurvey,TrainingNeighbor_1,1774209973,1,0,0
vqp8n68f,1,4cqmirkw,11,presurvey,Scenario,1774209976,1,0,0
vqp8n68f,13,8ibj1g15,1,presurvey,Introduction,1774209977,1,0,0
vqp8n68f,9,mosv73t0,3,presurvey,Demographics,1774209980,1,0,0
vqp8n68f,5,2lrynem2,7,presurvey,TrainingNeighbor_2,1774209981,1,0,0
vqp8n68f,10,yojxbloc,4,presurvey,NeighborhoodInstruction,1774209985,1,0,0
vqp8n68f,9,mosv73t0,4,presurvey,NeighborhoodInstruction,1774209986,1,0,0
vqp8n68f,2,qiy8ifen,11,presurvey,Scenario,1774209992,1,0,0
vqp8n68f,8,lk3kpfde,6,presurvey,TrainingNeighbor_1,1774209995,1,0,0
vqp8n68f,5,2lrynem2,10,presurvey,ExperimentInstruction,1774209995,1,0,0
vqp8n68f,7,exz1ao3l,5,presurvey,Training,1774209995,1,0,0
vqp8n68f,13,8ibj1g15,2,presurvey,AudioCheck,1774209996,1,0,0
vqp8n68f,8,lk3kpfde,10,presurvey,ExperimentInstruction,1774209999,1,0,0
vqp8n68f,11,8w3p3jg6,2,presurvey,AudioCheck,1774209999,1,0,0
vqp8n68f,4,uvizdbdx,4,presurvey,NeighborhoodInstruction,1774210004,1,0,0
vqp8n68f,13,8ibj1g15,3,presurvey,Demographics,1774210008,1,0,0
vqp8n68f,6,kbtwurn7,4,presurvey,NeighborhoodInstruction,1774210008,1,0,0
vqp8n68f,12,5gg9e4y5,1,presurvey,Introduction,1774210012,1,0,0
vqp8n68f,5,2lrynem2,11,presurvey,Scenario,1774210020,1,0,0
vqp8n68f,13,8ibj1g15,4,presurvey,NeighborhoodInstruction,1774210020,1,0,0
vqp8n68f,1,4cqmirkw,12,presurvey,Commitment,1774210023,1,0,0
vqp8n68f,8,lk3kpfde,11,presurvey,Scenario,1774210024,1,0,0
vqp8n68f,14,s7bax27l,0,,InitializeParticipant,1774210024,1,0,0
vqp8n68f,10,yojxbloc,5,presurvey,Training,1774210025,1,0,0
vqp8n68f,6,kbtwurn7,5,presurvey,Training,1774210025,1,0,0
vqp8n68f,7,exz1ao3l,6,presurvey,TrainingNeighbor_1,1774210026,1,0,0
vqp8n68f,12,5gg9e4y5,2,presurvey,AudioCheck,1774210026,1,0,0
vqp8n68f,15,f2xt0xb2,0,,InitializeParticipant,1774210028,1,0,0
vqp8n68f,14,s7bax27l,1,presurvey,Introduction,1774210032,1,0,0
vqp8n68f,15,f2xt0xb2,1,presurvey,Introduction,1774210038,1,0,0
vqp8n68f,12,5gg9e4y5,3,presurvey,Demographics,1774210038,1,0,0
vqp8n68f,11,8w3p3jg6,3,presurvey,Demographics,1774210040,1,0,0
vqp8n68f,13,8ibj1g15,5,presurvey,Training,1774210041,1,0,0
vqp8n68f,7,exz1ao3l,7,presurvey,TrainingNeighbor_2,1774210042,1,0,0
vqp8n68f,7,exz1ao3l,10,presurvey,ExperimentInstruction,1774210045,1,0,0
vqp8n68f,5,2lrynem2,12,presurvey,Commitment,1774210046,1,0,0
vqp8n68f,4,uvizdbdx,5,presurvey,Training,1774210050,1,0,0
vqp8n68f,15,f2xt0xb2,2,presurvey,AudioCheck,1774210051,1,0,0
vqp8n68f,9,mosv73t0,5,presurvey,Training,1774210055,1,0,0
vqp8n68f,16,5ar4141e,0,,InitializeParticipant,1774210059,1,0,0
vqp8n68f,13,8ibj1g15,6,presurvey,TrainingNeighbor_1,1774210060,1,0,0
vqp8n68f,10,yojxbloc,6,presurvey,TrainingNeighbor_1,1774210062,1,0,0
vqp8n68f,13,8ibj1g15,10,presurvey,ExperimentInstruction,1774210065,1,0,0
vqp8n68f,14,s7bax27l,2,presurvey,AudioCheck,1774210068,1,0,0
vqp8n68f,15,f2xt0xb2,3,presurvey,Demographics,1774210068,1,0,0
vqp8n68f,11,8w3p3jg6,4,presurvey,NeighborhoodInstruction,1774210069,1,0,0
vqp8n68f,8,lk3kpfde,12,presurvey,Commitment,1774210074,1,0,0
vqp8n68f,10,yojxbloc,10,presurvey,ExperimentInstruction,1774210077,1,0,0
vqp8n68f,3,ld9xdiob,6,presurvey,TrainingNeighbor_1,1774210084,1,0,0
vqp8n68f,13,8ibj1g15,11,presurvey,Scenario,1774210085,1,0,0
vqp8n68f,14,s7bax27l,3,presurvey,Demographics,1774210089,1,0,0
vqp8n68f,12,5gg9e4y5,4,presurvey,NeighborhoodInstruction,1774210093,1,0,0
vqp8n68f,6,kbtwurn7,6,presurvey,TrainingNeighbor_1,1774210099,1,0,0
vqp8n68f,16,5ar4141e,1,presurvey,Introduction,1774210101,1,0,0
vqp8n68f,10,yojxbloc,11,presurvey,Scenario,1774210103,1,0,0
vqp8n68f,15,f2xt0xb2,4,presurvey,NeighborhoodInstruction,1774210104,1,0,0
vqp8n68f,7,exz1ao3l,11,presurvey,Scenario,1774210104,1,0,0
vqp8n68f,13,8ibj1g15,12,presurvey,Commitment,1774210112,1,0,0
vqp8n68f,9,mosv73t0,6,presurvey,TrainingNeighbor_1,1774210115,1,0,0
vqp8n68f,4,uvizdbdx,6,presurvey,TrainingNeighbor_1,1774210117,1,0,0
vqp8n68f,14,s7bax27l,4,presurvey,NeighborhoodInstruction,1774210118,1,0,0
vqp8n68f,3,ld9xdiob,10,presurvey,ExperimentInstruction,1774210121,1,0,0
vqp8n68f,4,uvizdbdx,10,presurvey,ExperimentInstruction,1774210124,1,0,0
vqp8n68f,12,5gg9e4y5,5,presurvey,Training,1774210131,1,0,0
vqp8n68f,9,mosv73t0,7,presurvey,TrainingNeighbor_2,1774210131,1,0,0
vqp8n68f,16,5ar4141e,2,presurvey,AudioCheck,1774210132,1,0,0
vqp8n68f,7,exz1ao3l,12,presurvey,Commitment,1774210134,1,0,0
vqp8n68f,14,s7bax27l,5,presurvey,Training,1774210143,1,0,0
vqp8n68f,15,f2xt0xb2,5,presurvey,Training,1774210144,1,0,0
vqp8n68f,9,mosv73t0,10,presurvey,ExperimentInstruction,1774210145,1,0,0
vqp8n68f,17,yl85y9ms,0,,InitializeParticipant,1774210149,1,0,0
vqp8n68f,10,yojxbloc,12,presurvey,Commitment,1774210152,1,0,0
vqp8n68f,17,yl85y9ms,1,presurvey,Introduction,1774210162,1,0,0
vqp8n68f,9,mosv73t0,11,presurvey,Scenario,1774210164,1,0,0
vqp8n68f,14,s7bax27l,6,presurvey,TrainingNeighbor_1,1774210167,1,0,0
vqp8n68f,3,ld9xdiob,11,presurvey,Scenario,1774210168,1,0,0
vqp8n68f,4,uvizdbdx,11,presurvey,Scenario,1774210173,1,0,0
vqp8n68f,16,5ar4141e,3,presurvey,Demographics,1774210175,1,0,0
vqp8n68f,15,f2xt0xb2,6,presurvey,TrainingNeighbor_1,1774210175,1,0,0
vqp8n68f,11,8w3p3jg6,5,presurvey,Training,1774210175,1,0,0
vqp8n68f,6,kbtwurn7,7,presurvey,TrainingNeighbor_2,1774210176,1,0,0
vqp8n68f,15,f2xt0xb2,10,presurvey,ExperimentInstruction,1774210179,1,0,0
vqp8n68f,14,s7bax27l,10,presurvey,ExperimentInstruction,1774210180,1,0,0
vqp8n68f,6,kbtwurn7,10,presurvey,ExperimentInstruction,1774210180,1,0,0
vqp8n68f,17,yl85y9ms,2,presurvey,AudioCheck,1774210180,1,0,0
vqp8n68f,12,5gg9e4y5,6,presurvey,TrainingNeighbor_1,1774210193,1,0,0
vqp8n68f,17,yl85y9ms,3,presurvey,Demographics,1774210196,1,0,0
vqp8n68f,9,mosv73t0,12,presurvey,Commitment,1774210197,1,0,0
vqp8n68f,12,5gg9e4y5,7,presurvey,TrainingNeighbor_2,1774210199,1,0,0
vqp8n68f,12,5gg9e4y5,10,presurvey,ExperimentInstruction,1774210204,1,0,0
vqp8n68f,14,s7bax27l,11,presurvey,Scenario,1774210206,1,0,0
vqp8n68f,16,5ar4141e,4,presurvey,NeighborhoodInstruction,1774210209,1,0,0
vqp8n68f,15,f2xt0xb2,11,presurvey,Scenario,1774210215,1,0,0
vqp8n68f,17,yl85y9ms,4,presurvey,NeighborhoodInstruction,1774210219,1,0,0
vqp8n68f,6,kbtwurn7,11,presurvey,Scenario,1774210220,1,0,0
vqp8n68f,12,5gg9e4y5,11,presurvey,Scenario,1774210248,1,0,0
vqp8n68f,15,f2xt0xb2,12,presurvey,Commitment,1774210252,1,0,0
vqp8n68f,17,yl85y9ms,5,presurvey,Training,1774210258,1,0,0
vqp8n68f,12,5gg9e4y5,12,presurvey,Commitment,1774210286,1,0,0
vqp8n68f,16,5ar4141e,5,presurvey,Training,1774210287,1,0,0
vqp8n68f,17,yl85y9ms,6,presurvey,TrainingNeighbor_1,1774210292,1,0,0
vqp8n68f,17,yl85y9ms,10,presurvey,ExperimentInstruction,1774210310,1,0,0
vqp8n68f,18,o40knsjs,0,,InitializeParticipant,1774210313,1,0,0
vqp8n68f,18,o40knsjs,1,presurvey,Introduction,1774210317,1,0,0
vqp8n68f,11,8w3p3jg6,6,presurvey,TrainingNeighbor_1,1774210324,1,0,0
vqp8n68f,11,8w3p3jg6,10,presurvey,ExperimentInstruction,1774210330,1,0,0
vqp8n68f,18,o40knsjs,2,presurvey,AudioCheck,1774210336,1,0,0
vqp8n68f,18,o40knsjs,3,presurvey,Demographics,1774210348,1,0,0
vqp8n68f,17,yl85y9ms,11,presurvey,Scenario,1774210348,1,0,0
vqp8n68f,19,zh61gdiv,0,,InitializeParticipant,1774210359,1,0,0
vqp8n68f,18,o40knsjs,4,presurvey,NeighborhoodInstruction,1774210372,1,0,0
vqp8n68f,20,wt4q1lnq,0,,InitializeParticipant,1774210379,1,0,0
vqp8n68f,16,5ar4141e,6,presurvey,TrainingNeighbor_1,1774210391,1,0,0
vqp8n68f,17,yl85y9ms,12,presurvey,Commitment,1774210396,1,0,0
vqp8n68f,21,qhvm5ccr,0,,InitializeParticipant,1774210396,1,0,0
vqp8n68f,16,5ar4141e,10,presurvey,ExperimentInstruction,1774210405,1,0,0
vqp8n68f,18,o40knsjs,5,presurvey,Training,1774210407,1,0,0
vqp8n68f,21,qhvm5ccr,1,presurvey,Introduction,1774210414,1,0,0
vqp8n68f,21,qhvm5ccr,2,presurvey,AudioCheck,1774210440,1,0,0
vqp8n68f,19,zh61gdiv,1,presurvey,Introduction,1774210452,1,0,0
vqp8n68f,18,o40knsjs,6,presurvey,TrainingNeighbor_1,1774210455,1,0,0
vqp8n68f,21,qhvm5ccr,3,presurvey,Demographics,1774210459,1,0,0
vqp8n68f,16,5ar4141e,11,presurvey,Scenario,1774210463,1,0,0
vqp8n68f,18,o40knsjs,10,presurvey,ExperimentInstruction,1774210465,1,0,0
vqp8n68f,11,8w3p3jg6,11,presurvey,Scenario,1774210466,1,0,0
vqp8n68f,20,wt4q1lnq,1,presurvey,Introduction,1774210469,1,0,0
vqp8n68f,21,qhvm5ccr,4,presurvey,NeighborhoodInstruction,1774210477,1,0,0
vqp8n68f,18,o40knsjs,11,presurvey,Scenario,1774210496,1,0,0
vqp8n68f,19,zh61gdiv,2,presurvey,AudioCheck,1774210501,1,0,0
vqp8n68f,20,wt4q1lnq,2,presurvey,AudioCheck,1774210508,1,0,0
vqp8n68f,21,qhvm5ccr,5,presurvey,Training,1774210508,1,0,0
vqp8n68f,19,zh61gdiv,3,presurvey,Demographics,1774210522,1,0,0
vqp8n68f,18,o40knsjs,12,presurvey,Commitment,1774210525,1,0,0
vqp8n68f,21,qhvm5ccr,6,presurvey,TrainingNeighbor_1,1774210546,1,0,0
vqp8n68f,19,zh61gdiv,4,presurvey,NeighborhoodInstruction,1774210570,1,0,0
vqp8n68f,16,5ar4141e,12,presurvey,Commitment,1774210583,1,0,0
vqp8n68f,21,qhvm5ccr,7,presurvey,TrainingNeighbor_2,1774210585,1,0,0
vqp8n68f,21,qhvm5ccr,10,presurvey,ExperimentInstruction,1774210593,1,0,0
vqp8n68f,19,zh61gdiv,5,presurvey,Training,1774210619,1,0,0
vqp8n68f,21,qhvm5ccr,11,presurvey,Scenario,1774210632,1,0,0
vqp8n68f,21,qhvm5ccr,12,presurvey,Commitment,1774210660,1,0,0
vqp8n68f,20,wt4q1lnq,3,presurvey,Demographics,1774210676,1,0,0
vqp8n68f,20,wt4q1lnq,4,presurvey,NeighborhoodInstruction,1774210685,1,0,0
vqp8n68f,22,bhqodt2c,0,,InitializeParticipant,1774210714,1,0,0
vqp8n68f,19,zh61gdiv,6,presurvey,TrainingNeighbor_1,1774210715,1,0,0
vqp8n68f,22,bhqodt2c,1,presurvey,Introduction,1774210726,1,0,0
vqp8n68f,19,zh61gdiv,7,presurvey,TrainingNeighbor_2,1774210734,1,0,0
vqp8n68f,20,wt4q1lnq,5,presurvey,Training,1774210738,1,0,0
vqp8n68f,22,bhqodt2c,2,presurvey,AudioCheck,1774210743,1,0,0
vqp8n68f,19,zh61gdiv,10,presurvey,ExperimentInstruction,1774210754,1,0,0
vqp8n68f,22,bhqodt2c,3,presurvey,Demographics,1774210760,1,0,0
vqp8n68f,20,wt4q1lnq,6,presurvey,TrainingNeighbor_1,1774210768,1,0,0
vqp8n68f,20,wt4q1lnq,7,presurvey,TrainingNeighbor_2,1774210779,1,0,0
vqp8n68f,22,bhqodt2c,4,presurvey,NeighborhoodInstruction,1774210781,1,0,0
vqp8n68f,20,wt4q1lnq,10,presurvey,ExperimentInstruction,1774210783,1,0,0
vqp8n68f,23,0kfuuu87,0,,InitializeParticipant,1774210786,1,0,0
vqp8n68f,22,bhqodt2c,5,presurvey,Training,1774210801,1,0,0
vqp8n68f,19,zh61gdiv,11,presurvey,Scenario,1774210823,1,0,0
vqp8n68f,20,wt4q1lnq,11,presurvey,Scenario,1774210830,1,0,0
vqp8n68f,23,0kfuuu87,1,presurvey,Introduction,1774210846,1,0,0
vqp8n68f,22,bhqodt2c,6,presurvey,TrainingNeighbor_1,1774210849,1,0,0
vqp8n68f,22,bhqodt2c,7,presurvey,TrainingNeighbor_2,1774210854,1,0,0
vqp8n68f,22,bhqodt2c,10,presurvey,ExperimentInstruction,1774210859,1,0,0
vqp8n68f,24,fel68cm4,0,,InitializeParticipant,1774210865,1,0,0
vqp8n68f,23,0kfuuu87,2,presurvey,AudioCheck,1774210867,1,0,0
vqp8n68f,25,ehn10m93,0,,InitializeParticipant,1774210873,1,0,0
vqp8n68f,24,fel68cm4,1,presurvey,Introduction,1774210878,1,0,0
vqp8n68f,22,bhqodt2c,11,presurvey,Scenario,1774210880,1,0,0
vqp8n68f,25,ehn10m93,1,presurvey,Introduction,1774210881,1,0,0
vqp8n68f,26,hyzowpw5,0,,InitializeParticipant,1774210885,1,0,0
vqp8n68f,23,0kfuuu87,3,presurvey,Demographics,1774210886,1,0,0
vqp8n68f,26,hyzowpw5,1,presurvey,Introduction,1774210897,1,0,0
vqp8n68f,25,ehn10m93,2,presurvey,AudioCheck,1774210898,1,0,0
vqp8n68f,22,bhqodt2c,12,presurvey,Commitment,1774210905,1,0,0
vqp8n68f,23,0kfuuu87,4,presurvey,NeighborhoodInstruction,1774210909,1,0,0
vqp8n68f,26,hyzowpw5,2,presurvey,AudioCheck,1774210916,1,0,0
vqp8n68f,24,fel68cm4,2,presurvey,AudioCheck,1774210925,1,0,0
vqp8n68f,26,hyzowpw5,3,presurvey,Demographics,1774210929,1,0,0
vqp8n68f,20,wt4q1lnq,12,presurvey,Commitment,1774210934,1,0,0
vqp8n68f,27,oeoi0snx,0,,InitializeParticipant,1774210938,1,0,0
vqp8n68f,26,hyzowpw5,4,presurvey,NeighborhoodInstruction,1774210939,1,0,0
vqp8n68f,23,0kfuuu87,5,presurvey,Training,1774210940,1,0,0
vqp8n68f,24,fel68cm4,3,presurvey,Demographics,1774210943,1,0,0
vqp8n68f,27,oeoi0snx,1,presurvey,Introduction,1774210947,1,0,0
vqp8n68f,25,ehn10m93,3,presurvey,Demographics,1774210952,1,0,0
vqp8n68f,26,hyzowpw5,5,presurvey,Training,1774210961,1,0,0
vqp8n68f,23,0kfuuu87,6,presurvey,TrainingNeighbor_1,1774210973,1,0,0
vqp8n68f,25,ehn10m93,4,presurvey,NeighborhoodInstruction,1774210976,1,0,0
vqp8n68f,23,0kfuuu87,10,presurvey,ExperimentInstruction,1774210979,1,0,0
vqp8n68f,27,oeoi0snx,2,presurvey,AudioCheck,1774210983,1,0,0
vqp8n68f,19,zh61gdiv,12,presurvey,Commitment,1774210984,1,0,0
vqp8n68f,26,hyzowpw5,6,presurvey,TrainingNeighbor_1,1774210987,1,0,0
vqp8n68f,26,hyzowpw5,7,presurvey,TrainingNeighbor_2,1774210990,1,0,0
vqp8n68f,26,hyzowpw5,10,presurvey,ExperimentInstruction,1774210995,1,0,0
vqp8n68f,25,ehn10m93,5,presurvey,Training,1774211002,1,0,0
vqp8n68f,27,oeoi0snx,3,presurvey,Demographics,1774211008,1,0,0
vqp8n68f,23,0kfuuu87,11,presurvey,Scenario,1774211017,1,0,0
vqp8n68f,26,hyzowpw5,11,presurvey,Scenario,1774211025,1,0,0
vqp8n68f,27,oeoi0snx,4,presurvey,NeighborhoodInstruction,1774211046,1,0,0
vqp8n68f,25,ehn10m93,6,presurvey,TrainingNeighbor_1,1774211048,1,0,0
vqp8n68f,25,ehn10m93,7,presurvey,TrainingNeighbor_2,1774211056,1,0,0
vqp8n68f,25,ehn10m93,8,presurvey,AttentionCheck,1774211066,1,0,0
vqp8n68f,25,ehn10m93,9,presurvey,TrainingNeighbor_3,1774211074,1,0,0
vqp8n68f,25,ehn10m93,10,presurvey,ExperimentInstruction,1774211081,1,0,0
vqp8n68f,27,oeoi0snx,5,presurvey,Training,1774211099,1,0,0
vqp8n68f,28,yrbozsf2,0,,InitializeParticipant,1774211101,1,0,0
vqp8n68f,28,yrbozsf2,1,presurvey,Introduction,1774211118,1,0,0
vqp8n68f,25,ehn10m93,11,presurvey,Scenario,1774211126,1,0,0
vqp8n68f,29,75pruiln,0,,InitializeParticipant,1774211157,1,0,0
vqp8n68f,7,exz1ao3l,13,mock_N08_N04_Aonly,GroupingWaitPage,1774211165,1,0,1
vqp8n68f,12,5gg9e4y5,13,mock_N08_N04_Aonly,GroupingWaitPage,1774211165,1,0,1
vqp8n68f,19,zh61gdiv,13,mock_N08_N04_Aonly,GroupingWaitPage,1774211165,1,0,1
vqp8n68f,21,qhvm5ccr,13,mock_N08_N04_Aonly,GroupingWaitPage,1774211165,1,0,1
vqp8n68f,10,yojxbloc,13,mock_N08_N04_Aonly,GroupingWaitPage,1774211165,1,0,1
vqp8n68f,16,5ar4141e,13,mock_N08_N04_Aonly,GroupingWaitPage,1774211165,1,0,1
vqp8n68f,17,yl85y9ms,13,mock_N08_N04_Aonly,GroupingWaitPage,1774211165,1,0,1
vqp8n68f,20,wt4q1lnq,13,mock_N08_N04_Aonly,GroupingWaitPage,1774211165,1,0,1
vqp8n68f,1,4cqmirkw,13,mock_N08_N04_Aonly,GroupingWaitPage,1774211166,1,0,1
vqp8n68f,5,2lrynem2,13,mock_N08_N04_Aonly,GroupingWaitPage,1774211166,1,0,1
vqp8n68f,8,lk3kpfde,13,mock_N08_N04_Aonly,GroupingWaitPage,1774211166,1,0,1
vqp8n68f,9,mosv73t0,13,mock_N08_N04_Aonly,GroupingWaitPage,1774211166,1,0,1
vqp8n68f,13,8ibj1g15,13,mock_N08_N04_Aonly,GroupingWaitPage,1774211166,1,0,1
vqp8n68f,15,f2xt0xb2,13,mock_N08_N04_Aonly,GroupingWaitPage,1774211166,1,0,1
vqp8n68f,18,o40knsjs,13,mock_N08_N04_Aonly,GroupingWaitPage,1774211166,1,0,1
vqp8n68f,22,bhqodt2c,13,mock_N08_N04_Aonly,GroupingWaitPage,1774211166,1,0,1
vqp8n68f,1,4cqmirkw,14,mock_N08_N04_Aonly,GroupSizeWaitPage,1774211167,1,0,1
vqp8n68f,5,2lrynem2,14,mock_N08_N04_Aonly,GroupSizeWaitPage,1774211167,1,0,1
vqp8n68f,8,lk3kpfde,14,mock_N08_N04_Aonly,GroupSizeWaitPage,1774211167,1,0,1
vqp8n68f,9,mosv73t0,14,mock_N08_N04_Aonly,GroupSizeWaitPage,1774211167,1,0,1
vqp8n68f,13,8ibj1g15,14,mock_N08_N04_Aonly,GroupSizeWaitPage,1774211167,1,0,1
vqp8n68f,15,f2xt0xb2,14,mock_N08_N04_Aonly,GroupSizeWaitPage,1774211167,1,0,1
vqp8n68f,18,o40knsjs,14,mock_N08_N04_Aonly,GroupSizeWaitPage,1774211167,1,0,1
vqp8n68f,22,bhqodt2c,14,mock_N08_N04_Aonly,GroupSizeWaitPage,1774211167,1,0,1
vqp8n68f,10,yojxbloc,14,mock_N08_N04_Aonly,GroupSizeWaitPage,1774211167,1,0,1
vqp8n68f,16,5ar4141e,14,mock_N08_N04_Aonly,GroupSizeWaitPage,1774211167,1,0,1
vqp8n68f,17,yl85y9ms,14,mock_N08_N04_Aonly,GroupSizeWaitPage,1774211167,1,0,1
vqp8n68f,20,wt4q1lnq,14,mock_N08_N04_Aonly,GroupSizeWaitPage,1774211167,1,0,1
vqp8n68f,7,exz1ao3l,14,mock_N08_N04_Aonly,GroupSizeWaitPage,1774211167,1,0,1
vqp8n68f,12,5gg9e4y5,14,mock_N08_N04_Aonly,GroupSizeWaitPage,1774211167,1,0,1
vqp8n68f,19,zh61gdiv,14,mock_N08_N04_Aonly,GroupSizeWaitPage,1774211167,1,0,1
vqp8n68f,21,qhvm5ccr,14,mock_N08_N04_Aonly,GroupSizeWaitPage,1774211167,1,0,1
vqp8n68f,21,qhvm5ccr,16,mock_N08_N04_Aonly,DiscussionGRPWaitPage,1774211168,1,0,1
vqp8n68f,7,exz1ao3l,16,mock_N08_N04_Aonly,DiscussionGRPWaitPage,1774211168,1,0,1
vqp8n68f,19,zh61gdiv,16,mock_N08_N04_Aonly,DiscussionGRPWaitPage,1774211168,1,0,1
vqp8n68f,12,5gg9e4y5,16,mock_N08_N04_Aonly,DiscussionGRPWaitPage,1774211168,1,0,1
vqp8n68f,10,yojxbloc,16,mock_N08_N04_Aonly,DiscussionGRPWaitPage,1774211169,1,0,1
vqp8n68f,16,5ar4141e,16,mock_N08_N04_Aonly,DiscussionGRPWaitPage,1774211169,1,0,1
vqp8n68f,17,yl85y9ms,16,mock_N08_N04_Aonly,DiscussionGRPWaitPage,1774211169,1,0,1
vqp8n68f,20,wt4q1lnq,16,mock_N08_N04_Aonly,DiscussionGRPWaitPage,1774211169,1,0,1
vqp8n68f,29,75pruiln,1,presurvey,Introduction,1774211169,1,0,0
vqp8n68f,1,4cqmirkw,16,mock_N08_N04_Aonly,DiscussionGRPWaitPage,1774211169,1,0,1
vqp8n68f,5,2lrynem2,16,mock_N08_N04_Aonly,DiscussionGRPWaitPage,1774211169,1,0,1
vqp8n68f,9,mosv73t0,16,mock_N08_N04_Aonly,DiscussionGRPWaitPage,1774211169,1,0,1
vqp8n68f,22,bhqodt2c,16,mock_N08_N04_Aonly,DiscussionGRPWaitPage,1774211169,1,0,1
vqp8n68f,8,lk3kpfde,16,mock_N08_N04_Aonly,DiscussionGRPWaitPage,1774211169,1,0,1
vqp8n68f,13,8ibj1g15,16,mock_N08_N04_Aonly,DiscussionGRPWaitPage,1774211169,1,0,1
vqp8n68f,15,f2xt0xb2,16,mock_N08_N04_Aonly,DiscussionGRPWaitPage,1774211169,1,0,1
vqp8n68f,18,o40knsjs,16,mock_N08_N04_Aonly,DiscussionGRPWaitPage,1774211169,1,0,1
vqp8n68f,28,yrbozsf2,2,presurvey,AudioCheck,1774211170,1,0,0
vqp8n68f,21,qhvm5ccr,20,mock_N08_N04_Aonly,Phase3,1774211176,1,0,0
vqp8n68f,13,8ibj1g15,17,mock_N08_N04_Aonly,Nudge,1774211179,1,0,0
vqp8n68f,20,wt4q1lnq,20,mock_N08_N04_Aonly,Phase3,1774211186,1,0,0
vqp8n68f,8,lk3kpfde,17,mock_N08_N04_Aonly,Nudge,1774211186,1,0,0
vqp8n68f,22,bhqodt2c,17,mock_N08_N04_Aonly,Nudge,1774211186,1,0,0
vqp8n68f,28,yrbozsf2,3,presurvey,Demographics,1774211186,1,0,0
vqp8n68f,1,4cqmirkw,17,mock_N08_N04_Aonly,Nudge,1774211187,1,0,0
vqp8n68f,9,mosv73t0,17,mock_N08_N04_Aonly,Nudge,1774211187,1,0,0
vqp8n68f,19,zh61gdiv,20,mock_N08_N04_Aonly,Phase3,1774211188,1,0,0
vqp8n68f,15,f2xt0xb2,17,mock_N08_N04_Aonly,Nudge,1774211188,1,0,0
vqp8n68f,27,oeoi0snx,6,presurvey,TrainingNeighbor_1,1774211188,1,0,0
vqp8n68f,7,exz1ao3l,20,mock_N08_N04_Aonly,Phase3,1774211189,1,0,0
vqp8n68f,5,2lrynem2,17,mock_N08_N04_Aonly,Nudge,1774211190,1,0,0
vqp8n68f,21,qhvm5ccr,21,mock_N08_N04_Aonly,Discussion,1774211190,1,0,0
vqp8n68f,12,5gg9e4y5,20,mock_N08_N04_Aonly,Phase3,1774211190,1,0,0
vqp8n68f,10,yojxbloc,20,mock_N08_N04_Aonly,Phase3,1774211191,1,0,0
vqp8n68f,13,8ibj1g15,18,mock_N08_N04_Aonly,NudgeTraining,1774211193,1,0,0
vqp8n68f,18,o40knsjs,17,mock_N08_N04_Aonly,Nudge,1774211195,1,0,0
vqp8n68f,10,yojxbloc,21,mock_N08_N04_Aonly,Discussion,1774211197,1,0,0
vqp8n68f,8,lk3kpfde,18,mock_N08_N04_Aonly,NudgeTraining,1774211198,1,0,0
vqp8n68f,22,bhqodt2c,18,mock_N08_N04_Aonly,NudgeTraining,1774211198,1,0,0
vqp8n68f,12,5gg9e4y5,21,mock_N08_N04_Aonly,Discussion,1774211199,1,0,0
vqp8n68f,18,o40knsjs,18,mock_N08_N04_Aonly,NudgeTraining,1774211199,1,0,0
vqp8n68f,9,mosv73t0,18,mock_N08_N04_Aonly,NudgeTraining,1774211199,1,0,0
vqp8n68f,17,yl85y9ms,20,mock_N08_N04_Aonly,Phase3,1774211200,1,0,0
vqp8n68f,15,f2xt0xb2,18,mock_N08_N04_Aonly,NudgeTraining,1774211202,1,0,0
vqp8n68f,5,2lrynem2,18,mock_N08_N04_Aonly,NudgeTraining,1774211204,1,0,0
vqp8n68f,22,bhqodt2c,19,mock_N08_N04_Aonly,NudgeTrainingLast,1774211204,1,0,0
vqp8n68f,20,wt4q1lnq,21,mock_N08_N04_Aonly,Discussion,1774211204,1,0,0
vqp8n68f,1,4cqmirkw,18,mock_N08_N04_Aonly,NudgeTraining,1774211205,1,0,0
vqp8n68f,7,exz1ao3l,21,mock_N08_N04_Aonly,Discussion,1774211205,1,0,0
vqp8n68f,19,zh61gdiv,21,mock_N08_N04_Aonly,Discussion,1774211206,1,0,0
vqp8n68f,21,qhvm5ccr,27,mock_N08_N04_Aonly,DiscussionGRPWaitPage,1774211206,2,0,1
vqp8n68f,7,exz1ao3l,27,mock_N08_N04_Aonly,DiscussionGRPWaitPage,1774211206,2,0,1
vqp8n68f,19,zh61gdiv,27,mock_N08_N04_Aonly,DiscussionGRPWaitPage,1774211206,2,0,1
vqp8n68f,12,5gg9e4y5,27,mock_N08_N04_Aonly,DiscussionGRPWaitPage,1774211206,2,0,1
vqp8n68f,18,o40knsjs,19,mock_N08_N04_Aonly,NudgeTrainingLast,1774211206,1,0,0
vqp8n68f,27,oeoi0snx,10,presurvey,ExperimentInstruction,1774211208,1,0,0
vqp8n68f,13,8ibj1g15,19,mock_N08_N04_Aonly,NudgeTrainingLast,1774211208,1,0,0
vqp8n68f,8,lk3kpfde,19,mock_N08_N04_Aonly,NudgeTrainingLast,1774211210,1,0,0
vqp8n68f,5,2lrynem2,19,mock_N08_N04_Aonly,NudgeTrainingLast,1774211212,1,0,0
vqp8n68f,9,mosv73t0,19,mock_N08_N04_Aonly,NudgeTrainingLast,1774211212,1,0,0
vqp8n68f,15,f2xt0xb2,19,mock_N08_N04_Aonly,NudgeTrainingLast,1774211212,1,0,0
vqp8n68f,12,5gg9e4y5,32,mock_N08_N04_Aonly,Discussion,1774211213,2,0,0
vqp8n68f,22,bhqodt2c,20,mock_N08_N04_Aonly,Phase3,1774211214,1,0,0
vqp8n68f,18,o40knsjs,20,mock_N08_N04_Aonly,Phase3,1774211214,1,0,0
vqp8n68f,13,8ibj1g15,20,mock_N08_N04_Aonly,Phase3,1774211215,1,0,0
vqp8n68f,16,5ar4141e,20,mock_N08_N04_Aonly,Phase3,1774211217,1,1,0
vqp8n68f,28,yrbozsf2,4,presurvey,NeighborhoodInstruction,1774211218,1,0,0
vqp8n68f,21,qhvm5ccr,32,mock_N08_N04_Aonly,Discussion,1774211219,2,0,0
vqp8n68f,7,exz1ao3l,32,mock_N08_N04_Aonly,Discussion,1774211219,2,0,0
vqp8n68f,17,yl85y9ms,21,mock_N08_N04_Aonly,Discussion,1774211221,1,0,0
vqp8n68f,24,fel68cm4,4,presurvey,NeighborhoodInstruction,1774211221,1,0,0
vqp8n68f,1,4cqmirkw,19,mock_N08_N04_Aonly,NudgeTrainingLast,1774211221,1,0,0
vqp8n68f,8,lk3kpfde,20,mock_N08_N04_Aonly,Phase3,1774211223,1,0,0
vqp8n68f,13,8ibj1g15,21,mock_N08_N04_Aonly,Discussion,1774211224,1,0,0
vqp8n68f,5,2lrynem2,20,mock_N08_N04_Aonly,Phase3,1774211224,1,0,0
vqp8n68f,22,bhqodt2c,21,mock_N08_N04_Aonly,Discussion,1774211225,1,0,0
vqp8n68f,15,f2xt0xb2,20,mock_N08_N04_Aonly,Phase3,1774211226,1,0,0
vqp8n68f,19,zh61gdiv,32,mock_N08_N04_Aonly,Discussion,1774211228,2,0,0
vqp8n68f,8,lk3kpfde,21,mock_N08_N04_Aonly,Discussion,1774211228,1,0,0
vqp8n68f,21,qhvm5ccr,38,mock_N08_N04_Aonly,DiscussionGRPWaitPage,1774211229,3,0,1
vqp8n68f,7,exz1ao3l,38,mock_N08_N04_Aonly,DiscussionGRPWaitPage,1774211229,3,0,1
vqp8n68f,19,zh61gdiv,38,mock_N08_N04_Aonly,DiscussionGRPWaitPage,1774211229,3,0,1
vqp8n68f,12,5gg9e4y5,38,mock_N08_N04_Aonly,DiscussionGRPWaitPage,1774211229,3,0,1
vqp8n68f,18,o40knsjs,21,mock_N08_N04_Aonly,Discussion,1774211231,1,0,0
vqp8n68f,7,exz1ao3l,43,mock_N08_N04_Aonly,Discussion,1774211233,3,0,0
vqp8n68f,12,5gg9e4y5,43,mock_N08_N04_Aonly,Discussion,1774211233,3,0,0
vqp8n68f,1,4cqmirkw,20,mock_N08_N04_Aonly,Phase3,1774211233,1,0,0
vqp8n68f,5,2lrynem2,21,mock_N08_N04_Aonly,Discussion,1774211234,1,0,0
vqp8n68f,16,5ar4141e,21,mock_N08_N04_Aonly,Discussion,1774211235,1,0,0
vqp8n68f,10,yojxbloc,27,mock_N08_N04_Aonly,DiscussionGRPWaitPage,1774211236,2,0,1
vqp8n68f,16,5ar4141e,27,mock_N08_N04_Aonly,DiscussionGRPWaitPage,1774211236,2,0,1
vqp8n68f,17,yl85y9ms,27,mock_N08_N04_Aonly,DiscussionGRPWaitPage,1774211236,2,0,1
vqp8n68f,20,wt4q1lnq,27,mock_N08_N04_Aonly,DiscussionGRPWaitPage,1774211236,2,0,1
vqp8n68f,21,qhvm5ccr,43,mock_N08_N04_Aonly,Discussion,1774211242,3,0,0
vqp8n68f,10,yojxbloc,32,mock_N08_N04_Aonly,Discussion,1774211242,2,0,0
vqp8n68f,15,f2xt0xb2,21,mock_N08_N04_Aonly,Discussion,1774211242,1,0,0
vqp8n68f,17,yl85y9ms,32,mock_N08_N04_Aonly,Discussion,1774211243,2,0,0
vqp8n68f,19,zh61gdiv,43,mock_N08_N04_Aonly,Discussion,1774211247,3,0,0
vqp8n68f,21,qhvm5ccr,49,mock_N08_N04_Aonly,DiscussionGRPWaitPage,1774211248,4,0,1
vqp8n68f,7,exz1ao3l,49,mock_N08_N04_Aonly,DiscussionGRPWaitPage,1774211248,4,0,1
vqp8n68f,19,zh61gdiv,49,mock_N08_N04_Aonly,DiscussionGRPWaitPage,1774211248,4,0,1
vqp8n68f,12,5gg9e4y5,49,mock_N08_N04_Aonly,DiscussionGRPWaitPage,1774211248,4,0,1
vqp8n68f,1,4cqmirkw,21,mock_N08_N04_Aonly,Discussion,1774211249,1,0,0
vqp8n68f,20,wt4q1lnq,32,mock_N08_N04_Aonly,Discussion,1774211249,2,0,0
vqp8n68f,16,5ar4141e,32,mock_N08_N04_Aonly,Discussion,1774211249,2,0,0
vqp8n68f,10,yojxbloc,38,mock_N08_N04_Aonly,DiscussionGRPWaitPage,1774211249,3,0,1
vqp8n68f,16,5ar4141e,38,mock_N08_N04_Aonly,DiscussionGRPWaitPage,1774211249,3,0,1
vqp8n68f,17,yl85y9ms,38,mock_N08_N04_Aonly,DiscussionGRPWaitPage,1774211249,3,0,1
vqp8n68f,20,wt4q1lnq,38,mock_N08_N04_Aonly,DiscussionGRPWaitPage,1774211249,3,0,1
vqp8n68f,12,5gg9e4y5,54,mock_N08_N04_Aonly,Discussion,1774211252,4,0,0
vqp8n68f,9,mosv73t0,20,mock_N08_N04_Aonly,Phase3,1774211254,1,0,0
vqp8n68f,19,zh61gdiv,54,mock_N08_N04_Aonly,Discussion,1774211255,4,0,0
vqp8n68f,7,exz1ao3l,54,mock_N08_N04_Aonly,Discussion,1774211256,4,0,0
vqp8n68f,10,yojxbloc,43,mock_N08_N04_Aonly,Discussion,1774211256,3,0,0
vqp8n68f,9,mosv73t0,21,mock_N08_N04_Aonly,Discussion,1774211258,1,0,0
vqp8n68f,1,4cqmirkw,27,mock_N08_N04_Aonly,DiscussionGRPWaitPage,1774211258,2,0,1
vqp8n68f,18,o40knsjs,27,mock_N08_N04_Aonly,DiscussionGRPWaitPage,1774211258,2,0,1
vqp8n68f,5,2lrynem2,27,mock_N08_N04_Aonly,DiscussionGRPWaitPage,1774211258,2,0,1
vqp8n68f,9,mosv73t0,27,mock_N08_N04_Aonly,DiscussionGRPWaitPage,1774211258,2,0,1
vqp8n68f,22,bhqodt2c,27,mock_N08_N04_Aonly,DiscussionGRPWaitPage,1774211258,2,0,1
vqp8n68f,8,lk3kpfde,27,mock_N08_N04_Aonly,DiscussionGRPWaitPage,1774211258,2,0,1
vqp8n68f,13,8ibj1g15,27,mock_N08_N04_Aonly,DiscussionGRPWaitPage,1774211258,2,0,1
vqp8n68f,15,f2xt0xb2,27,mock_N08_N04_Aonly,DiscussionGRPWaitPage,1774211258,2,0,1
vqp8n68f,20,wt4q1lnq,43,mock_N08_N04_Aonly,Discussion,1774211258,3,0,0
vqp8n68f,17,yl85y9ms,43,mock_N08_N04_Aonly,Discussion,1774211261,3,0,0
vqp8n68f,29,75pruiln,2,presurvey,AudioCheck,1774211262,1,0,0
vqp8n68f,16,5ar4141e,43,mock_N08_N04_Aonly,Discussion,1774211262,3,0,0
vqp8n68f,10,yojxbloc,49,mock_N08_N04_Aonly,DiscussionGRPWaitPage,1774211263,4,0,1
vqp8n68f,16,5ar4141e,49,mock_N08_N04_Aonly,DiscussionGRPWaitPage,1774211263,4,0,1
vqp8n68f,20,wt4q1lnq,49,mock_N08_N04_Aonly,DiscussionGRPWaitPage,1774211263,4,0,1
vqp8n68f,17,yl85y9ms,49,mock_N08_N04_Aonly,DiscussionGRPWaitPage,1774211263,4,0,1
vqp8n68f,9,mosv73t0,32,mock_N08_N04_Aonly,Discussion,1774211263,2,0,0
vqp8n68f,13,8ibj1g15,32,mock_N08_N04_Aonly,Discussion,1774211264,2,0,0
vqp8n68f,5,2lrynem2,32,mock_N08_N04_Aonly,Discussion,1774211265,2,0,0
vqp8n68f,20,wt4q1lnq,54,mock_N08_N04_Aonly,Discussion,1774211266,4,0,0
vqp8n68f,8,lk3kpfde,32,mock_N08_N04_Aonly,Discussion,1774211268,2,0,0
vqp8n68f,21,qhvm5ccr,54,mock_N08_N04_Aonly,Discussion,1774211269,4,0,0
vqp8n68f,21,qhvm5ccr,60,mock_N08_N04_Aonly,DiscussionGRPWaitPage,1774211269,5,0,1
vqp8n68f,7,exz1ao3l,60,mock_N08_N04_Aonly,DiscussionGRPWaitPage,1774211269,5,0,1
vqp8n68f,19,zh61gdiv,60,mock_N08_N04_Aonly,DiscussionGRPWaitPage,1774211269,5,0,1
vqp8n68f,12,5gg9e4y5,60,mock_N08_N04_Aonly,DiscussionGRPWaitPage,1774211269,5,0,1
vqp8n68f,1,4cqmirkw,32,mock_N08_N04_Aonly,Discussion,1774211270,2,0,0
vqp8n68f,27,oeoi0snx,11,presurvey,Scenario,1774211270,1,0,0
vqp8n68f,17,yl85y9ms,54,mock_N08_N04_Aonly,Discussion,1774211273,4,0,0
vqp8n68f,16,5ar4141e,54,mock_N08_N04_Aonly,Discussion,1774211273,4,0,0
vqp8n68f,21,qhvm5ccr,65,mock_N08_N04_Aonly,Discussion,1774211273,5,0,0
vqp8n68f,12,5gg9e4y5,65,mock_N08_N04_Aonly,Discussion,1774211273,5,0,0
vqp8n68f,7,exz1ao3l,65,mock_N08_N04_Aonly,Discussion,1774211273,5,0,0
vqp8n68f,22,bhqodt2c,32,mock_N08_N04_Aonly,Discussion,1774211274,2,0,0
vqp8n68f,15,f2xt0xb2,32,mock_N08_N04_Aonly,Discussion,1774211274,2,0,0
vqp8n68f,10,yojxbloc,54,mock_N08_N04_Aonly,Discussion,1774211274,4,0,0
vqp8n68f,10,yojxbloc,60,mock_N08_N04_Aonly,DiscussionGRPWaitPage,1774211275,5,0,1
vqp8n68f,16,5ar4141e,60,mock_N08_N04_Aonly,DiscussionGRPWaitPage,1774211275,5,0,1
vqp8n68f,17,yl85y9ms,60,mock_N08_N04_Aonly,DiscussionGRPWaitPage,1774211275,5,0,1
vqp8n68f,20,wt4q1lnq,60,mock_N08_N04_Aonly,DiscussionGRPWaitPage,1774211275,5,0,1
vqp8n68f,19,zh61gdiv,65,mock_N08_N04_Aonly,Discussion,1774211278,5,0,0
vqp8n68f,21,qhvm5ccr,71,mock_N08_N04_Aonly,DiscussionGRPWaitPage,1774211278,6,0,1
vqp8n68f,7,exz1ao3l,71,mock_N08_N04_Aonly,DiscussionGRPWaitPage,1774211278,6,0,1
vqp8n68f,19,zh61gdiv,71,mock_N08_N04_Aonly,DiscussionGRPWaitPage,1774211278,6,0,1
vqp8n68f,12,5gg9e4y5,71,mock_N08_N04_Aonly,DiscussionGRPWaitPage,1774211278,6,0,1
vqp8n68f,20,wt4q1lnq,65,mock_N08_N04_Aonly,Discussion,1774211278,5,0,0
vqp8n68f,30,7l1x38fm,0,,InitializeParticipant,1774211280,1,0,0
vqp8n68f,7,exz1ao3l,76,mock_N08_N04_Aonly,Discussion,1774211280,6,0,0
vqp8n68f,18,o40knsjs,32,mock_N08_N04_Aonly,Discussion,1774211280,2,0,0
vqp8n68f,1,4cqmirkw,38,mock_N08_N04_Aonly,DiscussionGRPWaitPage,1774211281,3,0,1
vqp8n68f,22,bhqodt2c,38,mock_N08_N04_Aonly,DiscussionGRPWaitPage,1774211281,3,0,1
vqp8n68f,5,2lrynem2,38,mock_N08_N04_Aonly,DiscussionGRPWaitPage,1774211281,3,0,1
vqp8n68f,9,mosv73t0,38,mock_N08_N04_Aonly,DiscussionGRPWaitPage,1774211281,3,0,1
vqp8n68f,8,lk3kpfde,38,mock_N08_N04_Aonly,DiscussionGRPWaitPage,1774211281,3,0,1
vqp8n68f,13,8ibj1g15,38,mock_N08_N04_Aonly,DiscussionGRPWaitPage,1774211281,3,0,1
vqp8n68f,15,f2xt0xb2,38,mock_N08_N04_Aonly,DiscussionGRPWaitPage,1774211281,3,0,1
vqp8n68f,18,o40knsjs,38,mock_N08_N04_Aonly,DiscussionGRPWaitPage,1774211281,3,0,1
vqp8n68f,10,yojxbloc,65,mock_N08_N04_Aonly,Discussion,1774211281,5,0,0
vqp8n68f,21,qhvm5ccr,76,mock_N08_N04_Aonly,Discussion,1774211281,6,0,0
vqp8n68f,17,yl85y9ms,65,mock_N08_N04_Aonly,Discussion,1774211285,5,0,0
vqp8n68f,12,5gg9e4y5,76,mock_N08_N04_Aonly,Discussion,1774211286,6,0,0
vqp8n68f,30,7l1x38fm,1,presurvey,Introduction,1774211286,1,0,0
vqp8n68f,19,zh61gdiv,76,mock_N08_N04_Aonly,Discussion,1774211286,6,0,0
vqp8n68f,5,2lrynem2,43,mock_N08_N04_Aonly,Discussion,1774211287,3,0,0
vqp8n68f,21,qhvm5ccr,82,mock_N08_N04_Aonly,DiscussionGRPWaitPage,1774211287,7,0,1
vqp8n68f,7,exz1ao3l,82,mock_N08_N04_Aonly,DiscussionGRPWaitPage,1774211287,7,0,1
vqp8n68f,19,zh61gdiv,82,mock_N08_N04_Aonly,DiscussionGRPWaitPage,1774211287,7,0,1
vqp8n68f,12,5gg9e4y5,82,mock_N08_N04_Aonly,DiscussionGRPWaitPage,1774211287,7,0,1
vqp8n68f,28,yrbozsf2,5,presurvey,Training,1774211287,1,0,0
vqp8n68f,16,5ar4141e,65,mock_N08_N04_Aonly,Discussion,1774211288,5,0,0
vqp8n68f,13,8ibj1g15,43,mock_N08_N04_Aonly,Discussion,1774211288,3,0,0
vqp8n68f,1,4cqmirkw,43,mock_N08_N04_Aonly,Discussion,1774211288,3,0,0
vqp8n68f,10,yojxbloc,71,mock_N08_N04_Aonly,DiscussionGRPWaitPage,1774211288,6,0,1
vqp8n68f,16,5ar4141e,71,mock_N08_N04_Aonly,DiscussionGRPWaitPage,1774211288,6,0,1
vqp8n68f,17,yl85y9ms,71,mock_N08_N04_Aonly,DiscussionGRPWaitPage,1774211288,6,0,1
vqp8n68f,20,wt4q1lnq,71,mock_N08_N04_Aonly,DiscussionGRPWaitPage,1774211288,6,0,1
vqp8n68f,9,mosv73t0,43,mock_N08_N04_Aonly,Discussion,1774211289,3,0,0
vqp8n68f,7,exz1ao3l,87,mock_N08_N04_Aonly,Discussion,1774211290,7,0,0
vqp8n68f,18,o40knsjs,43,mock_N08_N04_Aonly,Discussion,1774211291,3,0,0
vqp8n68f,21,qhvm5ccr,87,mock_N08_N04_Aonly,Discussion,1774211292,7,0,0
vqp8n68f,16,5ar4141e,76,mock_N08_N04_Aonly,Discussion,1774211292,6,0,0
vqp8n68f,12,5gg9e4y5,87,mock_N08_N04_Aonly,Discussion,1774211292,7,0,0
vqp8n68f,17,yl85y9ms,76,mock_N08_N04_Aonly,Discussion,1774211293,6,0,0
vqp8n68f,19,zh61gdiv,87,mock_N08_N04_Aonly,Discussion,1774211293,7,0,0
vqp8n68f,8,lk3kpfde,43,mock_N08_N04_Aonly,Discussion,1774211293,3,0,0
vqp8n68f,15,f2xt0xb2,43,mock_N08_N04_Aonly,Discussion,1774211293,3,0,0
vqp8n68f,21,qhvm5ccr,93,mock_N08_N04_Aonly,DiscussionGRPWaitPage,1774211294,8,0,1
vqp8n68f,7,exz1ao3l,93,mock_N08_N04_Aonly,DiscussionGRPWaitPage,1774211294,8,0,1
vqp8n68f,19,zh61gdiv,93,mock_N08_N04_Aonly,DiscussionGRPWaitPage,1774211294,8,0,1
vqp8n68f,12,5gg9e4y5,93,mock_N08_N04_Aonly,DiscussionGRPWaitPage,1774211294,8,0,1
vqp8n68f,22,bhqodt2c,43,mock_N08_N04_Aonly,Discussion,1774211294,3,0,0
vqp8n68f,1,4cqmirkw,49,mock_N08_N04_Aonly,DiscussionGRPWaitPage,1774211294,4,0,1
vqp8n68f,13,8ibj1g15,49,mock_N08_N04_Aonly,DiscussionGRPWaitPage,1774211294,4,0,1
vqp8n68f,9,mosv73t0,49,mock_N08_N04_Aonly,DiscussionGRPWaitPage,1774211294,4,0,1
vqp8n68f,22,bhqodt2c,49,mock_N08_N04_Aonly,DiscussionGRPWaitPage,1774211294,4,0,1
vqp8n68f,8,lk3kpfde,49,mock_N08_N04_Aonly,DiscussionGRPWaitPage,1774211294,4,0,1
vqp8n68f,5,2lrynem2,49,mock_N08_N04_Aonly,DiscussionGRPWaitPage,1774211294,4,0,1
vqp8n68f,15,f2xt0xb2,49,mock_N08_N04_Aonly,DiscussionGRPWaitPage,1774211294,4,0,1
vqp8n68f,18,o40knsjs,49,mock_N08_N04_Aonly,DiscussionGRPWaitPage,1774211294,4,0,1
vqp8n68f,10,yojxbloc,76,mock_N08_N04_Aonly,Discussion,1774211295,6,0,0
vqp8n68f,20,wt4q1lnq,76,mock_N08_N04_Aonly,Discussion,1774211295,6,0,0
vqp8n68f,10,yojxbloc,82,mock_N08_N04_Aonly,DiscussionGRPWaitPage,1774211295,7,0,1
vqp8n68f,16,5ar4141e,82,mock_N08_N04_Aonly,DiscussionGRPWaitPage,1774211295,7,0,1
vqp8n68f,17,yl85y9ms,82,mock_N08_N04_Aonly,DiscussionGRPWaitPage,1774211295,7,0,1
vqp8n68f,20,wt4q1lnq,82,mock_N08_N04_Aonly,DiscussionGRPWaitPage,1774211295,7,0,1
vqp8n68f,7,exz1ao3l,98,mock_N08_N04_Aonly,Discussion,1774211296,8,0,0
vqp8n68f,12,5gg9e4y5,98,mock_N08_N04_Aonly,Discussion,1774211297,8,0,0
vqp8n68f,20,wt4q1lnq,87,mock_N08_N04_Aonly,Discussion,1774211297,7,0,0
vqp8n68f,5,2lrynem2,54,mock_N08_N04_Aonly,Discussion,1774211299,4,0,0
vqp8n68f,21,qhvm5ccr,98,mock_N08_N04_Aonly,Discussion,1774211299,8,0,0
vqp8n68f,17,yl85y9ms,87,mock_N08_N04_Aonly,Discussion,1774211300,7,0,0
vqp8n68f,13,8ibj1g15,54,mock_N08_N04_Aonly,Discussion,1774211301,4,0,0
vqp8n68f,16,5ar4141e,87,mock_N08_N04_Aonly,Discussion,1774211301,7,0,0
vqp8n68f,19,zh61gdiv,98,mock_N08_N04_Aonly,Discussion,1774211301,8,0,0
vqp8n68f,21,qhvm5ccr,104,mock_N08_N04_Aonly,DiscussionGRPWaitPage,1774211301,9,0,1
vqp8n68f,7,exz1ao3l,104,mock_N08_N04_Aonly,DiscussionGRPWaitPage,1774211301,9,0,1
vqp8n68f,19,zh61gdiv,104,mock_N08_N04_Aonly,DiscussionGRPWaitPage,1774211301,9,0,1
vqp8n68f,12,5gg9e4y5,104,mock_N08_N04_Aonly,DiscussionGRPWaitPage,1774211301,9,0,1
vqp8n68f,10,yojxbloc,87,mock_N08_N04_Aonly,Discussion,1774211302,7,0,0
vqp8n68f,9,mosv73t0,54,mock_N08_N04_Aonly,Discussion,1774211302,4,0,0
vqp8n68f,10,yojxbloc,93,mock_N08_N04_Aonly,DiscussionGRPWaitPage,1774211302,8,0,1
vqp8n68f,16,5ar4141e,93,mock_N08_N04_Aonly,DiscussionGRPWaitPage,1774211302,8,0,1
vqp8n68f,17,yl85y9ms,93,mock_N08_N04_Aonly,DiscussionGRPWaitPage,1774211302,8,0,1
vqp8n68f,20,wt4q1lnq,93,mock_N08_N04_Aonly,DiscussionGRPWaitPage,1774211302,8,0,1
vqp8n68f,8,lk3kpfde,54,mock_N08_N04_Aonly,Discussion,1774211303,4,0,0
vqp8n68f,20,wt4q1lnq,98,mock_N08_N04_Aonly,Discussion,1774211304,8,0,0
vqp8n68f,22,bhqodt2c,54,mock_N08_N04_Aonly,Discussion,1774211304,4,0,0
vqp8n68f,7,exz1ao3l,109,mock_N08_N04_Aonly,Discussion,1774211304,9,0,0
vqp8n68f,21,qhvm5ccr,109,mock_N08_N04_Aonly,Discussion,1774211304,9,0,0
vqp8n68f,1,4cqmirkw,54,mock_N08_N04_Aonly,Discussion,1774211304,4,0,0
vqp8n68f,12,5gg9e4y5,109,mock_N08_N04_Aonly,Discussion,1774211305,9,0,0
vqp8n68f,15,f2xt0xb2,54,mock_N08_N04_Aonly,Discussion,1774211305,4,0,0
vqp8n68f,17,yl85y9ms,98,mock_N08_N04_Aonly,Discussion,1774211307,8,0,0
vqp8n68f,16,5ar4141e,98,mock_N08_N04_Aonly,Discussion,1774211308,8,0,0
vqp8n68f,19,zh61gdiv,109,mock_N08_N04_Aonly,Discussion,1774211309,9,0,0
vqp8n68f,30,7l1x38fm,2,presurvey,AudioCheck,1774211309,1,0,0
vqp8n68f,21,qhvm5ccr,115,mock_N08_N04_Aonly,DiscussionGRPWaitPage,1774211309,10,0,1
vqp8n68f,7,exz1ao3l,115,mock_N08_N04_Aonly,DiscussionGRPWaitPage,1774211309,10,0,1
vqp8n68f,19,zh61gdiv,115,mock_N08_N04_Aonly,DiscussionGRPWaitPage,1774211309,10,0,1
vqp8n68f,12,5gg9e4y5,115,mock_N08_N04_Aonly,DiscussionGRPWaitPage,1774211309,10,0,1
vqp8n68f,10,yojxbloc,98,mock_N08_N04_Aonly,Discussion,1774211310,8,0,0
vqp8n68f,10,yojxbloc,104,mock_N08_N04_Aonly,DiscussionGRPWaitPage,1774211311,9,0,1
vqp8n68f,16,5ar4141e,104,mock_N08_N04_Aonly,DiscussionGRPWaitPage,1774211311,9,0,1
vqp8n68f,17,yl85y9ms,104,mock_N08_N04_Aonly,DiscussionGRPWaitPage,1774211311,9,0,1
vqp8n68f,20,wt4q1lnq,104,mock_N08_N04_Aonly,DiscussionGRPWaitPage,1774211311,9,0,1
vqp8n68f,7,exz1ao3l,120,mock_N08_N04_Aonly,Discussion,1774211312,10,0,0
vqp8n68f,21,qhvm5ccr,120,mock_N08_N04_Aonly,Discussion,1774211312,10,0,0
vqp8n68f,18,o40knsjs,54,mock_N08_N04_Aonly,Discussion,1774211313,4,0,0
vqp8n68f,20,wt4q1lnq,109,mock_N08_N04_Aonly,Discussion,1774211313,9,0,0
vqp8n68f,1,4cqmirkw,60,mock_N08_N04_Aonly,DiscussionGRPWaitPage,1774211313,5,0,1
vqp8n68f,5,2lrynem2,60,mock_N08_N04_Aonly,DiscussionGRPWaitPage,1774211313,5,0,1
vqp8n68f,9,mosv73t0,60,mock_N08_N04_Aonly,DiscussionGRPWaitPage,1774211313,5,0,1
vqp8n68f,22,bhqodt2c,60,mock_N08_N04_Aonly,DiscussionGRPWaitPage,1774211313,5,0,1
vqp8n68f,8,lk3kpfde,60,mock_N08_N04_Aonly,DiscussionGRPWaitPage,1774211313,5,0,1
vqp8n68f,13,8ibj1g15,60,mock_N08_N04_Aonly,DiscussionGRPWaitPage,1774211313,5,0,1
vqp8n68f,15,f2xt0xb2,60,mock_N08_N04_Aonly,DiscussionGRPWaitPage,1774211313,5,0,1
vqp8n68f,18,o40knsjs,60,mock_N08_N04_Aonly,DiscussionGRPWaitPage,1774211313,5,0,1
vqp8n68f,12,5gg9e4y5,120,mock_N08_N04_Aonly,Discussion,1774211313,10,0,0
vqp8n68f,17,yl85y9ms,109,mock_N08_N04_Aonly,Discussion,1774211313,9,0,0
vqp8n68f,16,5ar4141e,109,mock_N08_N04_Aonly,Discussion,1774211315,9,0,0
vqp8n68f,10,yojxbloc,109,mock_N08_N04_Aonly,Discussion,1774211316,9,0,0
vqp8n68f,10,yojxbloc,115,mock_N08_N04_Aonly,DiscussionGRPWaitPage,1774211316,10,0,1
vqp8n68f,16,5ar4141e,115,mock_N08_N04_Aonly,DiscussionGRPWaitPage,1774211316,10,0,1
vqp8n68f,20,wt4q1lnq,115,mock_N08_N04_Aonly,DiscussionGRPWaitPage,1774211316,10,0,1
vqp8n68f,17,yl85y9ms,115,mock_N08_N04_Aonly,DiscussionGRPWaitPage,1774211316,10,0,1
vqp8n68f,20,wt4q1lnq,120,mock_N08_N04_Aonly,Discussion,1774211317,10,0,0
vqp8n68f,9,mosv73t0,65,mock_N08_N04_Aonly,Discussion,1774211318,5,0,0
vqp8n68f,18,o40knsjs,65,mock_N08_N04_Aonly,Discussion,1774211318,5,0,0
vqp8n68f,15,f2xt0xb2,65,mock_N08_N04_Aonly,Discussion,1774211319,5,0,0
vqp8n68f,19,zh61gdiv,120,mock_N08_N04_Aonly,Discussion,1774211319,10,0,0
vqp8n68f,8,lk3kpfde,65,mock_N08_N04_Aonly,Discussion,1774211320,5,0,0
vqp8n68f,21,qhvm5ccr,126,mock_N08_N04_Aonly,DiscussionGRPWaitPage,1774211320,11,0,1
vqp8n68f,7,exz1ao3l,126,mock_N08_N04_Aonly,DiscussionGRPWaitPage,1774211320,11,0,1
vqp8n68f,19,zh61gdiv,126,mock_N08_N04_Aonly,DiscussionGRPWaitPage,1774211320,11,0,1
vqp8n68f,12,5gg9e4y5,126,mock_N08_N04_Aonly,DiscussionGRPWaitPage,1774211320,11,0,1
vqp8n68f,13,8ibj1g15,65,mock_N08_N04_Aonly,Discussion,1774211321,5,0,0
vqp8n68f,16,5ar4141e,120,mock_N08_N04_Aonly,Discussion,1774211321,10,0,0
vqp8n68f,17,yl85y9ms,120,mock_N08_N04_Aonly,Discussion,1774211322,10,0,0
vqp8n68f,28,yrbozsf2,6,presurvey,TrainingNeighbor_1,1774211322,1,0,0
vqp8n68f,21,qhvm5ccr,131,mock_N08_N04_Aonly,Discussion,1774211322,11,0,0
vqp8n68f,1,4cqmirkw,65,mock_N08_N04_Aonly,Discussion,1774211323,5,0,0
vqp8n68f,10,yojxbloc,120,mock_N08_N04_Aonly,Discussion,1774211323,10,0,0
vqp8n68f,12,5gg9e4y5,131,mock_N08_N04_Aonly,Discussion,1774211323,11,0,0
vqp8n68f,10,yojxbloc,126,mock_N08_N04_Aonly,DiscussionGRPWaitPage,1774211324,11,0,1
vqp8n68f,16,5ar4141e,126,mock_N08_N04_Aonly,DiscussionGRPWaitPage,1774211324,11,0,1
vqp8n68f,20,wt4q1lnq,126,mock_N08_N04_Aonly,DiscussionGRPWaitPage,1774211324,11,0,1
vqp8n68f,17,yl85y9ms,126,mock_N08_N04_Aonly,DiscussionGRPWaitPage,1774211324,11,0,1
vqp8n68f,7,exz1ao3l,131,mock_N08_N04_Aonly,Discussion,1774211324,11,0,0
vqp8n68f,22,bhqodt2c,65,mock_N08_N04_Aonly,Discussion,1774211324,5,0,0
vqp8n68f,30,7l1x38fm,3,presurvey,Demographics,1774211324,1,0,0
vqp8n68f,5,2lrynem2,65,mock_N08_N04_Aonly,Discussion,1774211326,5,0,0
vqp8n68f,1,4cqmirkw,71,mock_N08_N04_Aonly,DiscussionGRPWaitPage,1774211326,6,0,1
vqp8n68f,22,bhqodt2c,71,mock_N08_N04_Aonly,DiscussionGRPWaitPage,1774211326,6,0,1
vqp8n68f,13,8ibj1g15,71,mock_N08_N04_Aonly,DiscussionGRPWaitPage,1774211326,6,0,1
vqp8n68f,5,2lrynem2,71,mock_N08_N04_Aonly,DiscussionGRPWaitPage,1774211326,6,0,1
vqp8n68f,9,mosv73t0,71,mock_N08_N04_Aonly,DiscussionGRPWaitPage,1774211326,6,0,1
vqp8n68f,8,lk3kpfde,71,mock_N08_N04_Aonly,DiscussionGRPWaitPage,1774211326,6,0,1
vqp8n68f,15,f2xt0xb2,71,mock_N08_N04_Aonly,DiscussionGRPWaitPage,1774211326,6,0,1
vqp8n68f,18,o40knsjs,71,mock_N08_N04_Aonly,DiscussionGRPWaitPage,1774211326,6,0,1
vqp8n68f,20,wt4q1lnq,131,mock_N08_N04_Aonly,Discussion,1774211326,11,0,0
vqp8n68f,17,yl85y9ms,131,mock_N08_N04_Aonly,Discussion,1774211328,11,0,0
vqp8n68f,10,yojxbloc,131,mock_N08_N04_Aonly,Discussion,1774211328,11,0,0
vqp8n68f,28,yrbozsf2,10,presurvey,ExperimentInstruction,1774211329,1,0,0
vqp8n68f,19,zh61gdiv,131,mock_N08_N04_Aonly,Discussion,1774211330,11,0,0
vqp8n68f,21,qhvm5ccr,137,mock_N08_N04_Aonly,DiscussionGRPWaitPage,1774211330,12,0,1
vqp8n68f,7,exz1ao3l,137,mock_N08_N04_Aonly,DiscussionGRPWaitPage,1774211330,12,0,1
vqp8n68f,19,zh61gdiv,137,mock_N08_N04_Aonly,DiscussionGRPWaitPage,1774211330,12,0,1
vqp8n68f,12,5gg9e4y5,137,mock_N08_N04_Aonly,DiscussionGRPWaitPage,1774211330,12,0,1
vqp8n68f,16,5ar4141e,131,mock_N08_N04_Aonly,Discussion,1774211330,11,0,0
vqp8n68f,10,yojxbloc,137,mock_N08_N04_Aonly,DiscussionGRPWaitPage,1774211331,12,0,1
vqp8n68f,16,5ar4141e,137,mock_N08_N04_Aonly,DiscussionGRPWaitPage,1774211331,12,0,1
vqp8n68f,17,yl85y9ms,137,mock_N08_N04_Aonly,DiscussionGRPWaitPage,1774211331,12,0,1
vqp8n68f,20,wt4q1lnq,137,mock_N08_N04_Aonly,DiscussionGRPWaitPage,1774211331,12,0,1
vqp8n68f,18,o40knsjs,76,mock_N08_N04_Aonly,Discussion,1774211331,6,0,0
vqp8n68f,1,4cqmirkw,76,mock_N08_N04_Aonly,Discussion,1774211332,6,0,0
vqp8n68f,30,7l1x38fm,4,presurvey,NeighborhoodInstruction,1774211332,1,0,0
vqp8n68f,21,qhvm5ccr,142,mock_N08_N04_Aonly,Discussion,1774211332,12,0,0
vqp8n68f,9,mosv73t0,76,mock_N08_N04_Aonly,Discussion,1774211333,6,0,0
vqp8n68f,13,8ibj1g15,76,mock_N08_N04_Aonly,Discussion,1774211333,6,0,0
vqp8n68f,20,wt4q1lnq,142,mock_N08_N04_Aonly,Discussion,1774211333,12,0,0
vqp8n68f,7,exz1ao3l,142,mock_N08_N04_Aonly,Discussion,1774211333,12,0,0
vqp8n68f,12,5gg9e4y5,142,mock_N08_N04_Aonly,Discussion,1774211334,12,0,0
vqp8n68f,15,f2xt0xb2,76,mock_N08_N04_Aonly,Discussion,1774211334,6,0,0
vqp8n68f,17,yl85y9ms,142,mock_N08_N04_Aonly,Discussion,1774211335,12,0,0
vqp8n68f,16,5ar4141e,142,mock_N08_N04_Aonly,Discussion,1774211335,12,0,0
vqp8n68f,8,lk3kpfde,76,mock_N08_N04_Aonly,Discussion,1774211336,6,0,0
vqp8n68f,22,bhqodt2c,76,mock_N08_N04_Aonly,Discussion,1774211336,6,0,0
vqp8n68f,31,gm90g3j7,0,,InitializeParticipant,1774211337,1,0,0
vqp8n68f,19,zh61gdiv,142,mock_N08_N04_Aonly,Discussion,1774211339,12,0,0
vqp8n68f,21,qhvm5ccr,148,mock_N08_N04_Aonly,DiscussionGRPWaitPage,1774211340,13,0,1
vqp8n68f,7,exz1ao3l,148,mock_N08_N04_Aonly,DiscussionGRPWaitPage,1774211340,13,0,1
vqp8n68f,19,zh61gdiv,148,mock_N08_N04_Aonly,DiscussionGRPWaitPage,1774211340,13,0,1
vqp8n68f,12,5gg9e4y5,148,mock_N08_N04_Aonly,DiscussionGRPWaitPage,1774211340,13,0,1
vqp8n68f,7,exz1ao3l,153,mock_N08_N04_Aonly,Discussion,1774211342,13,0,0
vqp8n68f,12,5gg9e4y5,153,mock_N08_N04_Aonly,Discussion,1774211344,13,0,0
vqp8n68f,10,yojxbloc,142,mock_N08_N04_Aonly,Discussion,1774211344,12,0,0
vqp8n68f,10,yojxbloc,148,mock_N08_N04_Aonly,DiscussionGRPWaitPage,1774211345,13,0,1
vqp8n68f,16,5ar4141e,148,mock_N08_N04_Aonly,DiscussionGRPWaitPage,1774211345,13,0,1
vqp8n68f,17,yl85y9ms,148,mock_N08_N04_Aonly,DiscussionGRPWaitPage,1774211345,13,0,1
vqp8n68f,20,wt4q1lnq,148,mock_N08_N04_Aonly,DiscussionGRPWaitPage,1774211345,13,0,1
vqp8n68f,19,zh61gdiv,153,mock_N08_N04_Aonly,Discussion,1774211346,13,0,0
vqp8n68f,21,qhvm5ccr,153,mock_N08_N04_Aonly,Discussion,1774211346,13,0,0
vqp8n68f,31,gm90g3j7,1,presurvey,Introduction,1774211346,1,0,0
vqp8n68f,21,qhvm5ccr,159,mock_N08_N04_Aonly,DiscussionGRPWaitPage,1774211346,14,0,1
vqp8n68f,7,exz1ao3l,159,mock_N08_N04_Aonly,DiscussionGRPWaitPage,1774211346,14,0,1
vqp8n68f,19,zh61gdiv,159,mock_N08_N04_Aonly,DiscussionGRPWaitPage,1774211346,14,0,1
vqp8n68f,12,5gg9e4y5,159,mock_N08_N04_Aonly,DiscussionGRPWaitPage,1774211346,14,0,1
vqp8n68f,20,wt4q1lnq,153,mock_N08_N04_Aonly,Discussion,1774211347,13,0,0
vqp8n68f,16,5ar4141e,153,mock_N08_N04_Aonly,Discussion,1774211348,13,0,0
vqp8n68f,17,yl85y9ms,153,mock_N08_N04_Aonly,Discussion,1774211349,13,0,0
vqp8n68f,21,qhvm5ccr,164,mock_N08_N04_Aonly,Discussion,1774211349,14,0,0
vqp8n68f,7,exz1ao3l,164,mock_N08_N04_Aonly,Discussion,1774211349,14,0,0
vqp8n68f,12,5gg9e4y5,164,mock_N08_N04_Aonly,Discussion,1774211351,14,0,0
vqp8n68f,5,2lrynem2,76,mock_N08_N04_Aonly,Discussion,1774211351,6,0,0
vqp8n68f,19,zh61gdiv,164,mock_N08_N04_Aonly,Discussion,1774211351,14,0,0
vqp8n68f,21,qhvm5ccr,170,mock_N08_N04_Aonly,DiscussionGRPWaitPage,1774211352,15,0,1
vqp8n68f,7,exz1ao3l,170,mock_N08_N04_Aonly,DiscussionGRPWaitPage,1774211352,15,0,1
vqp8n68f,19,zh61gdiv,170,mock_N08_N04_Aonly,DiscussionGRPWaitPage,1774211352,15,0,1
vqp8n68f,12,5gg9e4y5,170,mock_N08_N04_Aonly,DiscussionGRPWaitPage,1774211352,15,0,1
vqp8n68f,1,4cqmirkw,82,mock_N08_N04_Aonly,DiscussionGRPWaitPage,1774211352,7,0,1
vqp8n68f,22,bhqodt2c,82,mock_N08_N04_Aonly,DiscussionGRPWaitPage,1774211352,7,0,1
vqp8n68f,13,8ibj1g15,82,mock_N08_N04_Aonly,DiscussionGRPWaitPage,1774211352,7,0,1
vqp8n68f,15,f2xt0xb2,82,mock_N08_N04_Aonly,DiscussionGRPWaitPage,1774211352,7,0,1
vqp8n68f,5,2lrynem2,82,mock_N08_N04_Aonly,DiscussionGRPWaitPage,1774211352,7,0,1
vqp8n68f,9,mosv73t0,82,mock_N08_N04_Aonly,DiscussionGRPWaitPage,1774211352,7,0,1
vqp8n68f,8,lk3kpfde,82,mock_N08_N04_Aonly,DiscussionGRPWaitPage,1774211352,7,0,1
vqp8n68f,18,o40knsjs,82,mock_N08_N04_Aonly,DiscussionGRPWaitPage,1774211352,7,0,1
vqp8n68f,10,yojxbloc,153,mock_N08_N04_Aonly,Discussion,1774211354,13,0,0
vqp8n68f,10,yojxbloc,159,mock_N08_N04_Aonly,DiscussionGRPWaitPage,1774211354,14,0,1
vqp8n68f,20,wt4q1lnq,159,mock_N08_N04_Aonly,DiscussionGRPWaitPage,1774211354,14,0,1
vqp8n68f,16,5ar4141e,159,mock_N08_N04_Aonly,DiscussionGRPWaitPage,1774211354,14,0,1
vqp8n68f,17,yl85y9ms,159,mock_N08_N04_Aonly,DiscussionGRPWaitPage,1774211354,14,0,1
vqp8n68f,12,5gg9e4y5,175,mock_N08_N04_Aonly,Discussion,1774211354,15,0,0
vqp8n68f,21,qhvm5ccr,175,mock_N08_N04_Aonly,Discussion,1774211355,15,0,0
vqp8n68f,7,exz1ao3l,175,mock_N08_N04_Aonly,Discussion,1774211356,15,0,0
vqp8n68f,20,wt4q1lnq,164,mock_N08_N04_Aonly,Discussion,1774211356,14,0,0
vqp8n68f,8,lk3kpfde,87,mock_N08_N04_Aonly,Discussion,1774211357,7,0,0
vqp8n68f,19,zh61gdiv,175,mock_N08_N04_Aonly,Discussion,1774211357,15,0,0
vqp8n68f,21,qhvm5ccr,181,mock_N08_N04_Aonly,DiscussionGRPWaitPage,1774211358,16,0,1
vqp8n68f,7,exz1ao3l,181,mock_N08_N04_Aonly,DiscussionGRPWaitPage,1774211358,16,0,1
vqp8n68f,19,zh61gdiv,181,mock_N08_N04_Aonly,DiscussionGRPWaitPage,1774211358,16,0,1
vqp8n68f,12,5gg9e4y5,181,mock_N08_N04_Aonly,DiscussionGRPWaitPage,1774211358,16,0,1
vqp8n68f,16,5ar4141e,164,mock_N08_N04_Aonly,Discussion,1774211358,14,0,0
vqp8n68f,18,o40knsjs,87,mock_N08_N04_Aonly,Discussion,1774211358,7,0,0
vqp8n68f,17,yl85y9ms,164,mock_N08_N04_Aonly,Discussion,1774211358,14,0,0
vqp8n68f,1,4cqmirkw,87,mock_N08_N04_Aonly,Discussion,1774211358,7,0,0
vqp8n68f,22,bhqodt2c,87,mock_N08_N04_Aonly,Discussion,1774211359,7,0,0
vqp8n68f,15,f2xt0xb2,87,mock_N08_N04_Aonly,Discussion,1774211359,7,0,0
vqp8n68f,21,qhvm5ccr,186,mock_N08_N04_Aonly,Discussion,1774211360,16,0,0
vqp8n68f,13,8ibj1g15,87,mock_N08_N04_Aonly,Discussion,1774211360,7,0,0
vqp8n68f,9,mosv73t0,87,mock_N08_N04_Aonly,Discussion,1774211361,7,0,0
vqp8n68f,5,2lrynem2,87,mock_N08_N04_Aonly,Discussion,1774211361,7,0,0
vqp8n68f,1,4cqmirkw,93,mock_N08_N04_Aonly,DiscussionGRPWaitPage,1774211361,8,0,1
vqp8n68f,22,bhqodt2c,93,mock_N08_N04_Aonly,DiscussionGRPWaitPage,1774211361,8,0,1
vqp8n68f,13,8ibj1g15,93,mock_N08_N04_Aonly,DiscussionGRPWaitPage,1774211361,8,0,1
vqp8n68f,5,2lrynem2,93,mock_N08_N04_Aonly,DiscussionGRPWaitPage,1774211361,8,0,1
vqp8n68f,9,mosv73t0,93,mock_N08_N04_Aonly,DiscussionGRPWaitPage,1774211361,8,0,1
vqp8n68f,8,lk3kpfde,93,mock_N08_N04_Aonly,DiscussionGRPWaitPage,1774211361,8,0,1
vqp8n68f,15,f2xt0xb2,93,mock_N08_N04_Aonly,DiscussionGRPWaitPage,1774211361,8,0,1
vqp8n68f,18,o40knsjs,93,mock_N08_N04_Aonly,DiscussionGRPWaitPage,1774211361,8,0,1
vqp8n68f,12,5gg9e4y5,186,mock_N08_N04_Aonly,Discussion,1774211361,16,0,0
vqp8n68f,7,exz1ao3l,186,mock_N08_N04_Aonly,Discussion,1774211362,16,0,0
vqp8n68f,30,7l1x38fm,5,presurvey,Training,1774211364,1,0,0
vqp8n68f,19,zh61gdiv,186,mock_N08_N04_Aonly,Discussion,1774211365,16,0,0
vqp8n68f,21,qhvm5ccr,192,mock_N08_N04_Aonly,DiscussionGRPWaitPage,1774211365,17,0,1
vqp8n68f,7,exz1ao3l,192,mock_N08_N04_Aonly,DiscussionGRPWaitPage,1774211365,17,0,1
vqp8n68f,19,zh61gdiv,192,mock_N08_N04_Aonly,DiscussionGRPWaitPage,1774211365,17,0,1
vqp8n68f,12,5gg9e4y5,192,mock_N08_N04_Aonly,DiscussionGRPWaitPage,1774211365,17,0,1
vqp8n68f,9,mosv73t0,98,mock_N08_N04_Aonly,Discussion,1774211365,8,0,0
vqp8n68f,15,f2xt0xb2,98,mock_N08_N04_Aonly,Discussion,1774211367,8,0,0
vqp8n68f,1,4cqmirkw,98,mock_N08_N04_Aonly,Discussion,1774211367,8,0,0
vqp8n68f,21,qhvm5ccr,197,mock_N08_N04_Aonly,Discussion,1774211368,17,0,0
vqp8n68f,13,8ibj1g15,98,mock_N08_N04_Aonly,Discussion,1774211369,8,0,0
vqp8n68f,10,yojxbloc,164,mock_N08_N04_Aonly,Discussion,1774211369,14,0,0
vqp8n68f,10,yojxbloc,170,mock_N08_N04_Aonly,DiscussionGRPWaitPage,1774211370,15,0,1
vqp8n68f,16,5ar4141e,170,mock_N08_N04_Aonly,DiscussionGRPWaitPage,1774211370,15,0,1
vqp8n68f,17,yl85y9ms,170,mock_N08_N04_Aonly,DiscussionGRPWaitPage,1774211370,15,0,1
vqp8n68f,20,wt4q1lnq,170,mock_N08_N04_Aonly,DiscussionGRPWaitPage,1774211370,15,0,1
vqp8n68f,18,o40knsjs,98,mock_N08_N04_Aonly,Discussion,1774211370,8,0,0
vqp8n68f,12,5gg9e4y5,197,mock_N08_N04_Aonly,Discussion,1774211370,17,0,0
vqp8n68f,5,2lrynem2,98,mock_N08_N04_Aonly,Discussion,1774211371,8,0,0
vqp8n68f,22,bhqodt2c,98,mock_N08_N04_Aonly,Discussion,1774211371,8,0,0
vqp8n68f,8,lk3kpfde,98,mock_N08_N04_Aonly,Discussion,1774211371,8,0,0
vqp8n68f,1,4cqmirkw,104,mock_N08_N04_Aonly,DiscussionGRPWaitPage,1774211371,9,0,1
vqp8n68f,13,8ibj1g15,104,mock_N08_N04_Aonly,DiscussionGRPWaitPage,1774211371,9,0,1
vqp8n68f,15,f2xt0xb2,104,mock_N08_N04_Aonly,DiscussionGRPWaitPage,1774211371,9,0,1
vqp8n68f,5,2lrynem2,104,mock_N08_N04_Aonly,DiscussionGRPWaitPage,1774211371,9,0,1
vqp8n68f,9,mosv73t0,104,mock_N08_N04_Aonly,DiscussionGRPWaitPage,1774211371,9,0,1
vqp8n68f,22,bhqodt2c,104,mock_N08_N04_Aonly,DiscussionGRPWaitPage,1774211371,9,0,1
vqp8n68f,8,lk3kpfde,104,mock_N08_N04_Aonly,DiscussionGRPWaitPage,1774211371,9,0,1
vqp8n68f,18,o40knsjs,104,mock_N08_N04_Aonly,DiscussionGRPWaitPage,1774211371,9,0,1
vqp8n68f,19,zh61gdiv,197,mock_N08_N04_Aonly,Discussion,1774211372,17,0,0
vqp8n68f,17,yl85y9ms,175,mock_N08_N04_Aonly,Discussion,1774211372,15,0,0
vqp8n68f,7,exz1ao3l,197,mock_N08_N04_Aonly,Discussion,1774211372,17,0,0
vqp8n68f,21,qhvm5ccr,203,mock_N08_N04_Aonly,DiscussionGRPWaitPage,1774211373,18,0,1
vqp8n68f,7,exz1ao3l,203,mock_N08_N04_Aonly,DiscussionGRPWaitPage,1774211373,18,0,1
vqp8n68f,19,zh61gdiv,203,mock_N08_N04_Aonly,DiscussionGRPWaitPage,1774211373,18,0,1
vqp8n68f,12,5gg9e4y5,203,mock_N08_N04_Aonly,DiscussionGRPWaitPage,1774211373,18,0,1
vqp8n68f,18,o40knsjs,109,mock_N08_N04_Aonly,Discussion,1774211374,9,0,0
vqp8n68f,16,5ar4141e,175,mock_N08_N04_Aonly,Discussion,1774211375,15,0,0
vqp8n68f,15,f2xt0xb2,109,mock_N08_N04_Aonly,Discussion,1774211375,9,0,0
vqp8n68f,1,4cqmirkw,109,mock_N08_N04_Aonly,Discussion,1774211375,9,0,0
vqp8n68f,20,wt4q1lnq,175,mock_N08_N04_Aonly,Discussion,1774211375,15,0,0
vqp8n68f,22,bhqodt2c,109,mock_N08_N04_Aonly,Discussion,1774211376,9,0,0
vqp8n68f,28,yrbozsf2,11,presurvey,Scenario,1774211376,1,0,0
vqp8n68f,21,qhvm5ccr,208,mock_N08_N04_Aonly,Discussion,1774211376,18,0,0
vqp8n68f,5,2lrynem2,109,mock_N08_N04_Aonly,Discussion,1774211377,9,0,0
vqp8n68f,13,8ibj1g15,109,mock_N08_N04_Aonly,Discussion,1774211377,9,0,0
vqp8n68f,12,5gg9e4y5,208,mock_N08_N04_Aonly,Discussion,1774211377,18,0,0
vqp8n68f,10,yojxbloc,175,mock_N08_N04_Aonly,Discussion,1774211378,15,0,0
vqp8n68f,9,mosv73t0,109,mock_N08_N04_Aonly,Discussion,1774211378,9,0,0
vqp8n68f,10,yojxbloc,181,mock_N08_N04_Aonly,DiscussionGRPWaitPage,1774211378,16,0,1
vqp8n68f,16,5ar4141e,181,mock_N08_N04_Aonly,DiscussionGRPWaitPage,1774211378,16,0,1
vqp8n68f,17,yl85y9ms,181,mock_N08_N04_Aonly,DiscussionGRPWaitPage,1774211378,16,0,1
vqp8n68f,20,wt4q1lnq,181,mock_N08_N04_Aonly,DiscussionGRPWaitPage,1774211378,16,0,1
vqp8n68f,7,exz1ao3l,208,mock_N08_N04_Aonly,Discussion,1774211378,18,0,0
vqp8n68f,8,lk3kpfde,109,mock_N08_N04_Aonly,Discussion,1774211378,9,0,0
vqp8n68f,1,4cqmirkw,115,mock_N08_N04_Aonly,DiscussionGRPWaitPage,1774211379,10,0,1
vqp8n68f,22,bhqodt2c,115,mock_N08_N04_Aonly,DiscussionGRPWaitPage,1774211379,10,0,1
vqp8n68f,13,8ibj1g15,115,mock_N08_N04_Aonly,DiscussionGRPWaitPage,1774211379,10,0,1
vqp8n68f,5,2lrynem2,115,mock_N08_N04_Aonly,DiscussionGRPWaitPage,1774211379,10,0,1
vqp8n68f,9,mosv73t0,115,mock_N08_N04_Aonly,DiscussionGRPWaitPage,1774211379,10,0,1
vqp8n68f,8,lk3kpfde,115,mock_N08_N04_Aonly,DiscussionGRPWaitPage,1774211379,10,0,1
vqp8n68f,15,f2xt0xb2,115,mock_N08_N04_Aonly,DiscussionGRPWaitPage,1774211379,10,0,1
vqp8n68f,18,o40knsjs,115,mock_N08_N04_Aonly,DiscussionGRPWaitPage,1774211379,10,0,1
vqp8n68f,19,zh61gdiv,208,mock_N08_N04_Aonly,Discussion,1774211379,18,0,0
vqp8n68f,21,qhvm5ccr,214,mock_N08_N04_Aonly,DiscussionGRPWaitPage,1774211380,19,0,1
vqp8n68f,7,exz1ao3l,214,mock_N08_N04_Aonly,DiscussionGRPWaitPage,1774211380,19,0,1
vqp8n68f,19,zh61gdiv,214,mock_N08_N04_Aonly,DiscussionGRPWaitPage,1774211380,19,0,1
vqp8n68f,12,5gg9e4y5,214,mock_N08_N04_Aonly,DiscussionGRPWaitPage,1774211380,19,0,1
vqp8n68f,20,wt4q1lnq,186,mock_N08_N04_Aonly,Discussion,1774211380,16,0,0
vqp8n68f,17,yl85y9ms,186,mock_N08_N04_Aonly,Discussion,1774211381,16,0,0
vqp8n68f,16,5ar4141e,186,mock_N08_N04_Aonly,Discussion,1774211382,16,0,0
vqp8n68f,29,75pruiln,3,presurvey,Demographics,1774211382,1,0,0
vqp8n68f,21,qhvm5ccr,219,mock_N08_N04_Aonly,Discussion,1774211382,19,0,0
vqp8n68f,8,lk3kpfde,120,mock_N08_N04_Aonly,Discussion,1774211383,10,0,0
vqp8n68f,18,o40knsjs,120,mock_N08_N04_Aonly,Discussion,1774211383,10,0,0
vqp8n68f,13,8ibj1g15,120,mock_N08_N04_Aonly,Discussion,1774211383,10,0,0
vqp8n68f,12,5gg9e4y5,219,mock_N08_N04_Aonly,Discussion,1774211383,19,0,0
vqp8n68f,7,exz1ao3l,219,mock_N08_N04_Aonly,Discussion,1774211384,19,0,0
vqp8n68f,1,4cqmirkw,120,mock_N08_N04_Aonly,Discussion,1774211384,10,0,0
vqp8n68f,22,bhqodt2c,120,mock_N08_N04_Aonly,Discussion,1774211384,10,0,0
vqp8n68f,9,mosv73t0,120,mock_N08_N04_Aonly,Discussion,1774211385,10,0,0
vqp8n68f,15,f2xt0xb2,120,mock_N08_N04_Aonly,Discussion,1774211385,10,0,0
vqp8n68f,19,zh61gdiv,219,mock_N08_N04_Aonly,Discussion,1774211385,19,0,0
vqp8n68f,21,qhvm5ccr,225,mock_N08_N04_Aonly,DiscussionGRPWaitPage,1774211385,20,0,1
vqp8n68f,7,exz1ao3l,225,mock_N08_N04_Aonly,DiscussionGRPWaitPage,1774211385,20,0,1
vqp8n68f,19,zh61gdiv,225,mock_N08_N04_Aonly,DiscussionGRPWaitPage,1774211385,20,0,1
vqp8n68f,12,5gg9e4y5,225,mock_N08_N04_Aonly,DiscussionGRPWaitPage,1774211385,20,0,1
vqp8n68f,5,2lrynem2,120,mock_N08_N04_Aonly,Discussion,1774211388,10,0,0
vqp8n68f,1,4cqmirkw,126,mock_N08_N04_Aonly,DiscussionGRPWaitPage,1774211388,11,0,1
vqp8n68f,22,bhqodt2c,126,mock_N08_N04_Aonly,DiscussionGRPWaitPage,1774211388,11,0,1
vqp8n68f,13,8ibj1g15,126,mock_N08_N04_Aonly,DiscussionGRPWaitPage,1774211388,11,0,1
vqp8n68f,5,2lrynem2,126,mock_N08_N04_Aonly,DiscussionGRPWaitPage,1774211388,11,0,1
vqp8n68f,9,mosv73t0,126,mock_N08_N04_Aonly,DiscussionGRPWaitPage,1774211388,11,0,1
vqp8n68f,8,lk3kpfde,126,mock_N08_N04_Aonly,DiscussionGRPWaitPage,1774211388,11,0,1
vqp8n68f,15,f2xt0xb2,126,mock_N08_N04_Aonly,DiscussionGRPWaitPage,1774211388,11,0,1
vqp8n68f,18,o40knsjs,126,mock_N08_N04_Aonly,DiscussionGRPWaitPage,1774211388,11,0,1
vqp8n68f,21,qhvm5ccr,230,mock_N08_N04_Aonly,Discussion,1774211388,20,0,0
vqp8n68f,7,exz1ao3l,230,mock_N08_N04_Aonly,Discussion,1774211388,20,0,0
vqp8n68f,12,5gg9e4y5,230,mock_N08_N04_Aonly,Discussion,1774211390,20,0,0
vqp8n68f,18,o40knsjs,131,mock_N08_N04_Aonly,Discussion,1774211391,11,0,0
vqp8n68f,19,zh61gdiv,230,mock_N08_N04_Aonly,Discussion,1774211391,20,0,0
vqp8n68f,21,qhvm5ccr,231,mock_N08_N04_Aonly,FinalRoundWaitPage,1774211392,20,0,1
vqp8n68f,7,exz1ao3l,231,mock_N08_N04_Aonly,FinalRoundWaitPage,1774211392,20,0,1
vqp8n68f,12,5gg9e4y5,231,mock_N08_N04_Aonly,FinalRoundWaitPage,1774211392,20,0,1
vqp8n68f,19,zh61gdiv,231,mock_N08_N04_Aonly,FinalRoundWaitPage,1774211392,20,0,1
vqp8n68f,9,mosv73t0,131,mock_N08_N04_Aonly,Discussion,1774211392,11,0,0
vqp8n68f,10,yojxbloc,186,mock_N08_N04_Aonly,Discussion,1774211392,16,0,0
vqp8n68f,8,lk3kpfde,131,mock_N08_N04_Aonly,Discussion,1774211392,11,0,0
vqp8n68f,10,yojxbloc,192,mock_N08_N04_Aonly,DiscussionGRPWaitPage,1774211392,17,0,1
vqp8n68f,16,5ar4141e,192,mock_N08_N04_Aonly,DiscussionGRPWaitPage,1774211392,17,0,1
vqp8n68f,17,yl85y9ms,192,mock_N08_N04_Aonly,DiscussionGRPWaitPage,1774211392,17,0,1
vqp8n68f,20,wt4q1lnq,192,mock_N08_N04_Aonly,DiscussionGRPWaitPage,1774211392,17,0,1
vqp8n68f,5,2lrynem2,131,mock_N08_N04_Aonly,Discussion,1774211393,11,0,0
vqp8n68f,13,8ibj1g15,131,mock_N08_N04_Aonly,Discussion,1774211393,11,0,0
vqp8n68f,1,4cqmirkw,131,mock_N08_N04_Aonly,Discussion,1774211394,11,0,0
vqp8n68f,20,wt4q1lnq,197,mock_N08_N04_Aonly,Discussion,1774211395,17,0,0
vqp8n68f,22,bhqodt2c,131,mock_N08_N04_Aonly,Discussion,1774211395,11,0,0
vqp8n68f,15,f2xt0xb2,131,mock_N08_N04_Aonly,Discussion,1774211396,11,0,0
vqp8n68f,1,4cqmirkw,137,mock_N08_N04_Aonly,DiscussionGRPWaitPage,1774211396,12,0,1
vqp8n68f,22,bhqodt2c,137,mock_N08_N04_Aonly,DiscussionGRPWaitPage,1774211396,12,0,1
vqp8n68f,5,2lrynem2,137,mock_N08_N04_Aonly,DiscussionGRPWaitPage,1774211396,12,0,1
vqp8n68f,9,mosv73t0,137,mock_N08_N04_Aonly,DiscussionGRPWaitPage,1774211396,12,0,1
vqp8n68f,8,lk3kpfde,137,mock_N08_N04_Aonly,DiscussionGRPWaitPage,1774211396,12,0,1
vqp8n68f,13,8ibj1g15,137,mock_N08_N04_Aonly,DiscussionGRPWaitPage,1774211396,12,0,1
vqp8n68f,15,f2xt0xb2,137,mock_N08_N04_Aonly,DiscussionGRPWaitPage,1774211396,12,0,1
vqp8n68f,18,o40knsjs,137,mock_N08_N04_Aonly,DiscussionGRPWaitPage,1774211396,12,0,1
vqp8n68f,17,yl85y9ms,197,mock_N08_N04_Aonly,Discussion,1774211397,17,0,0
vqp8n68f,29,75pruiln,4,presurvey,NeighborhoodInstruction,1774211397,1,0,0
vqp8n68f,16,5ar4141e,197,mock_N08_N04_Aonly,Discussion,1774211398,17,0,0
vqp8n68f,18,o40knsjs,142,mock_N08_N04_Aonly,Discussion,1774211398,12,0,0
vqp8n68f,21,qhvm5ccr,232,mock_N08_N04_Aonly,FinalRound,1774211399,20,0,0
vqp8n68f,7,exz1ao3l,232,mock_N08_N04_Aonly,FinalRound,1774211399,20,0,0
vqp8n68f,1,4cqmirkw,142,mock_N08_N04_Aonly,Discussion,1774211400,12,0,0
vqp8n68f,9,mosv73t0,142,mock_N08_N04_Aonly,Discussion,1774211400,12,0,0
vqp8n68f,8,lk3kpfde,142,mock_N08_N04_Aonly,Discussion,1774211400,12,0,0
vqp8n68f,12,5gg9e4y5,232,mock_N08_N04_Aonly,FinalRound,1774211400,20,0,0
vqp8n68f,22,bhqodt2c,142,mock_N08_N04_Aonly,Discussion,1774211400,12,0,0
vqp8n68f,5,2lrynem2,142,mock_N08_N04_Aonly,Discussion,1774211401,12,0,0
vqp8n68f,15,f2xt0xb2,142,mock_N08_N04_Aonly,Discussion,1774211402,12,0,0
vqp8n68f,10,yojxbloc,197,mock_N08_N04_Aonly,Discussion,1774211402,17,0,0
vqp8n68f,13,8ibj1g15,142,mock_N08_N04_Aonly,Discussion,1774211402,12,0,0
vqp8n68f,10,yojxbloc,203,mock_N08_N04_Aonly,DiscussionGRPWaitPage,1774211402,18,0,1
vqp8n68f,16,5ar4141e,203,mock_N08_N04_Aonly,DiscussionGRPWaitPage,1774211402,18,0,1
vqp8n68f,17,yl85y9ms,203,mock_N08_N04_Aonly,DiscussionGRPWaitPage,1774211402,18,0,1
vqp8n68f,20,wt4q1lnq,203,mock_N08_N04_Aonly,DiscussionGRPWaitPage,1774211402,18,0,1
vqp8n68f,1,4cqmirkw,148,mock_N08_N04_Aonly,DiscussionGRPWaitPage,1774211402,13,0,1
vqp8n68f,22,bhqodt2c,148,mock_N08_N04_Aonly,DiscussionGRPWaitPage,1774211402,13,0,1
vqp8n68f,13,8ibj1g15,148,mock_N08_N04_Aonly,DiscussionGRPWaitPage,1774211402,13,0,1
vqp8n68f,5,2lrynem2,148,mock_N08_N04_Aonly,DiscussionGRPWaitPage,1774211402,13,0,1
vqp8n68f,9,mosv73t0,148,mock_N08_N04_Aonly,DiscussionGRPWaitPage,1774211402,13,0,1
vqp8n68f,8,lk3kpfde,148,mock_N08_N04_Aonly,DiscussionGRPWaitPage,1774211402,13,0,1
vqp8n68f,15,f2xt0xb2,148,mock_N08_N04_Aonly,DiscussionGRPWaitPage,1774211402,13,0,1
vqp8n68f,18,o40knsjs,148,mock_N08_N04_Aonly,DiscussionGRPWaitPage,1774211402,13,0,1
vqp8n68f,20,wt4q1lnq,208,mock_N08_N04_Aonly,Discussion,1774211405,18,0,0
vqp8n68f,18,o40knsjs,153,mock_N08_N04_Aonly,Discussion,1774211405,13,0,0
vqp8n68f,19,zh61gdiv,232,mock_N08_N04_Aonly,FinalRound,1774211405,20,0,0
vqp8n68f,13,8ibj1g15,153,mock_N08_N04_Aonly,Discussion,1774211406,13,0,0
vqp8n68f,1,4cqmirkw,153,mock_N08_N04_Aonly,Discussion,1774211406,13,0,0
vqp8n68f,32,k9nsan3z,0,,InitializeParticipant,1774211406,1,0,0
vqp8n68f,9,mosv73t0,153,mock_N08_N04_Aonly,Discussion,1774211407,13,0,0
vqp8n68f,10,yojxbloc,208,mock_N08_N04_Aonly,Discussion,1774211407,18,0,0
vqp8n68f,22,bhqodt2c,153,mock_N08_N04_Aonly,Discussion,1774211407,13,0,0
vqp8n68f,16,5ar4141e,208,mock_N08_N04_Aonly,Discussion,1774211408,18,0,0
vqp8n68f,5,2lrynem2,153,mock_N08_N04_Aonly,Discussion,1774211408,13,0,0
vqp8n68f,17,yl85y9ms,208,mock_N08_N04_Aonly,Discussion,1774211408,18,0,0
vqp8n68f,10,yojxbloc,214,mock_N08_N04_Aonly,DiscussionGRPWaitPage,1774211409,19,0,1
vqp8n68f,16,5ar4141e,214,mock_N08_N04_Aonly,DiscussionGRPWaitPage,1774211409,19,0,1
vqp8n68f,17,yl85y9ms,214,mock_N08_N04_Aonly,DiscussionGRPWaitPage,1774211409,19,0,1
vqp8n68f,20,wt4q1lnq,214,mock_N08_N04_Aonly,DiscussionGRPWaitPage,1774211409,19,0,1
vqp8n68f,15,f2xt0xb2,153,mock_N08_N04_Aonly,Discussion,1774211409,13,0,0
vqp8n68f,8,lk3kpfde,153,mock_N08_N04_Aonly,Discussion,1774211409,13,0,0
vqp8n68f,1,4cqmirkw,159,mock_N08_N04_Aonly,DiscussionGRPWaitPage,1774211410,14,0,1
vqp8n68f,5,2lrynem2,159,mock_N08_N04_Aonly,DiscussionGRPWaitPage,1774211410,14,0,1
vqp8n68f,8,lk3kpfde,159,mock_N08_N04_Aonly,DiscussionGRPWaitPage,1774211410,14,0,1
vqp8n68f,22,bhqodt2c,159,mock_N08_N04_Aonly,DiscussionGRPWaitPage,1774211410,14,0,1
vqp8n68f,9,mosv73t0,159,mock_N08_N04_Aonly,DiscussionGRPWaitPage,1774211410,14,0,1
vqp8n68f,13,8ibj1g15,159,mock_N08_N04_Aonly,DiscussionGRPWaitPage,1774211410,14,0,1
vqp8n68f,15,f2xt0xb2,159,mock_N08_N04_Aonly,DiscussionGRPWaitPage,1774211410,14,0,1
vqp8n68f,18,o40knsjs,159,mock_N08_N04_Aonly,DiscussionGRPWaitPage,1774211410,14,0,1
vqp8n68f,20,wt4q1lnq,219,mock_N08_N04_Aonly,Discussion,1774211411,19,0,0
vqp8n68f,18,o40knsjs,164,mock_N08_N04_Aonly,Discussion,1774211412,14,0,0
vqp8n68f,9,mosv73t0,164,mock_N08_N04_Aonly,Discussion,1774211413,14,0,0
vqp8n68f,17,yl85y9ms,219,mock_N08_N04_Aonly,Discussion,1774211414,19,0,0
vqp8n68f,16,5ar4141e,219,mock_N08_N04_Aonly,Discussion,1774211414,19,0,0
vqp8n68f,1,4cqmirkw,164,mock_N08_N04_Aonly,Discussion,1774211414,14,0,0
vqp8n68f,13,8ibj1g15,164,mock_N08_N04_Aonly,Discussion,1774211414,14,0,0
vqp8n68f,8,lk3kpfde,164,mock_N08_N04_Aonly,Discussion,1774211415,14,0,0
vqp8n68f,15,f2xt0xb2,164,mock_N08_N04_Aonly,Discussion,1774211416,14,0,0
vqp8n68f,10,yojxbloc,219,mock_N08_N04_Aonly,Discussion,1774211416,19,0,0
vqp8n68f,5,2lrynem2,164,mock_N08_N04_Aonly,Discussion,1774211417,14,0,0
vqp8n68f,10,yojxbloc,225,mock_N08_N04_Aonly,DiscussionGRPWaitPage,1774211417,20,0,1
vqp8n68f,16,5ar4141e,225,mock_N08_N04_Aonly,DiscussionGRPWaitPage,1774211417,20,0,1
vqp8n68f,17,yl85y9ms,225,mock_N08_N04_Aonly,DiscussionGRPWaitPage,1774211417,20,0,1
vqp8n68f,20,wt4q1lnq,225,mock_N08_N04_Aonly,DiscussionGRPWaitPage,1774211417,20,0,1
vqp8n68f,30,7l1x38fm,6,presurvey,TrainingNeighbor_1,1774211417,1,0,0
vqp8n68f,22,bhqodt2c,164,mock_N08_N04_Aonly,Discussion,1774211417,14,0,0
vqp8n68f,1,4cqmirkw,170,mock_N08_N04_Aonly,DiscussionGRPWaitPage,1774211417,15,0,1
vqp8n68f,5,2lrynem2,170,mock_N08_N04_Aonly,DiscussionGRPWaitPage,1774211417,15,0,1
vqp8n68f,9,mosv73t0,170,mock_N08_N04_Aonly,DiscussionGRPWaitPage,1774211417,15,0,1
vqp8n68f,22,bhqodt2c,170,mock_N08_N04_Aonly,DiscussionGRPWaitPage,1774211417,15,0,1
vqp8n68f,8,lk3kpfde,170,mock_N08_N04_Aonly,DiscussionGRPWaitPage,1774211417,15,0,1
vqp8n68f,13,8ibj1g15,170,mock_N08_N04_Aonly,DiscussionGRPWaitPage,1774211417,15,0,1
vqp8n68f,15,f2xt0xb2,170,mock_N08_N04_Aonly,DiscussionGRPWaitPage,1774211417,15,0,1
vqp8n68f,18,o40knsjs,170,mock_N08_N04_Aonly,DiscussionGRPWaitPage,1774211417,15,0,1
vqp8n68f,18,o40knsjs,175,mock_N08_N04_Aonly,Discussion,1774211420,15,0,0
vqp8n68f,20,wt4q1lnq,230,mock_N08_N04_Aonly,Discussion,1774211421,20,0,0
vqp8n68f,31,gm90g3j7,2,presurvey,AudioCheck,1774211421,1,0,0
vqp8n68f,28,yrbozsf2,12,presurvey,Commitment,1774211421,1,0,0
vqp8n68f,10,yojxbloc,230,mock_N08_N04_Aonly,Discussion,1774211421,20,0,0
vqp8n68f,9,mosv73t0,175,mock_N08_N04_Aonly,Discussion,1774211421,15,0,0
vqp8n68f,8,lk3kpfde,175,mock_N08_N04_Aonly,Discussion,1774211421,15,0,0
vqp8n68f,22,bhqodt2c,175,mock_N08_N04_Aonly,Discussion,1774211421,15,0,0
vqp8n68f,16,5ar4141e,230,mock_N08_N04_Aonly,Discussion,1774211422,20,0,0
vqp8n68f,17,yl85y9ms,230,mock_N08_N04_Aonly,Discussion,1774211422,20,0,0
vqp8n68f,1,4cqmirkw,175,mock_N08_N04_Aonly,Discussion,1774211422,15,0,0
vqp8n68f,16,5ar4141e,231,mock_N08_N04_Aonly,FinalRoundWaitPage,1774211422,20,0,1
vqp8n68f,10,yojxbloc,231,mock_N08_N04_Aonly,FinalRoundWaitPage,1774211422,20,0,1
vqp8n68f,17,yl85y9ms,231,mock_N08_N04_Aonly,FinalRoundWaitPage,1774211422,20,0,1
vqp8n68f,20,wt4q1lnq,231,mock_N08_N04_Aonly,FinalRoundWaitPage,1774211422,20,0,1
vqp8n68f,15,f2xt0xb2,175,mock_N08_N04_Aonly,Discussion,1774211423,15,0,0
vqp8n68f,5,2lrynem2,175,mock_N08_N04_Aonly,Discussion,1774211424,15,0,0
vqp8n68f,13,8ibj1g15,175,mock_N08_N04_Aonly,Discussion,1774211425,15,0,0
vqp8n68f,1,4cqmirkw,181,mock_N08_N04_Aonly,DiscussionGRPWaitPage,1774211426,16,0,1
vqp8n68f,22,bhqodt2c,181,mock_N08_N04_Aonly,DiscussionGRPWaitPage,1774211426,16,0,1
vqp8n68f,13,8ibj1g15,181,mock_N08_N04_Aonly,DiscussionGRPWaitPage,1774211426,16,0,1
vqp8n68f,5,2lrynem2,181,mock_N08_N04_Aonly,DiscussionGRPWaitPage,1774211426,16,0,1
vqp8n68f,9,mosv73t0,181,mock_N08_N04_Aonly,DiscussionGRPWaitPage,1774211426,16,0,1
vqp8n68f,8,lk3kpfde,181,mock_N08_N04_Aonly,DiscussionGRPWaitPage,1774211426,16,0,1
vqp8n68f,15,f2xt0xb2,181,mock_N08_N04_Aonly,DiscussionGRPWaitPage,1774211426,16,0,1
vqp8n68f,18,o40knsjs,181,mock_N08_N04_Aonly,DiscussionGRPWaitPage,1774211426,16,0,1
vqp8n68f,30,7l1x38fm,7,presurvey,TrainingNeighbor_2,1774211428,1,0,0
vqp8n68f,20,wt4q1lnq,232,mock_N08_N04_Aonly,FinalRound,1774211428,20,0,0
vqp8n68f,8,lk3kpfde,186,mock_N08_N04_Aonly,Discussion,1774211429,16,0,0
vqp8n68f,17,yl85y9ms,232,mock_N08_N04_Aonly,FinalRound,1774211429,20,0,0
vqp8n68f,22,bhqodt2c,186,mock_N08_N04_Aonly,Discussion,1774211429,16,0,0
vqp8n68f,10,yojxbloc,232,mock_N08_N04_Aonly,FinalRound,1774211429,20,0,0
vqp8n68f,9,mosv73t0,186,mock_N08_N04_Aonly,Discussion,1774211430,16,0,0
vqp8n68f,15,f2xt0xb2,186,mock_N08_N04_Aonly,Discussion,1774211430,16,0,0
vqp8n68f,13,8ibj1g15,186,mock_N08_N04_Aonly,Discussion,1774211430,16,0,0
vqp8n68f,5,2lrynem2,186,mock_N08_N04_Aonly,Discussion,1774211431,16,0,0
vqp8n68f,30,7l1x38fm,10,presurvey,ExperimentInstruction,1774211433,1,0,0
vqp8n68f,1,4cqmirkw,186,mock_N08_N04_Aonly,Discussion,1774211433,16,0,0
vqp8n68f,16,5ar4141e,232,mock_N08_N04_Aonly,FinalRound,1774211435,20,0,0
vqp8n68f,18,o40knsjs,186,mock_N08_N04_Aonly,Discussion,1774211436,16,0,0
vqp8n68f,1,4cqmirkw,192,mock_N08_N04_Aonly,DiscussionGRPWaitPage,1774211436,17,0,1
vqp8n68f,22,bhqodt2c,192,mock_N08_N04_Aonly,DiscussionGRPWaitPage,1774211436,17,0,1
vqp8n68f,13,8ibj1g15,192,mock_N08_N04_Aonly,DiscussionGRPWaitPage,1774211436,17,0,1
vqp8n68f,5,2lrynem2,192,mock_N08_N04_Aonly,DiscussionGRPWaitPage,1774211436,17,0,1
vqp8n68f,9,mosv73t0,192,mock_N08_N04_Aonly,DiscussionGRPWaitPage,1774211436,17,0,1
vqp8n68f,8,lk3kpfde,192,mock_N08_N04_Aonly,DiscussionGRPWaitPage,1774211436,17,0,1
vqp8n68f,15,f2xt0xb2,192,mock_N08_N04_Aonly,DiscussionGRPWaitPage,1774211436,17,0,1
vqp8n68f,18,o40knsjs,192,mock_N08_N04_Aonly,DiscussionGRPWaitPage,1774211436,17,0,1
vqp8n68f,8,lk3kpfde,197,mock_N08_N04_Aonly,Discussion,1774211439,17,0,0
vqp8n68f,1,4cqmirkw,197,mock_N08_N04_Aonly,Discussion,1774211439,17,0,0
vqp8n68f,18,o40knsjs,197,mock_N08_N04_Aonly,Discussion,1774211439,17,0,0
vqp8n68f,22,bhqodt2c,197,mock_N08_N04_Aonly,Discussion,1774211440,17,0,0
vqp8n68f,13,8ibj1g15,197,mock_N08_N04_Aonly,Discussion,1774211440,17,0,0
vqp8n68f,5,2lrynem2,197,mock_N08_N04_Aonly,Discussion,1774211441,17,0,0
vqp8n68f,15,f2xt0xb2,197,mock_N08_N04_Aonly,Discussion,1774211442,17,0,0
vqp8n68f,9,mosv73t0,197,mock_N08_N04_Aonly,Discussion,1774211444,17,0,0
vqp8n68f,1,4cqmirkw,203,mock_N08_N04_Aonly,DiscussionGRPWaitPage,1774211444,18,0,1
vqp8n68f,22,bhqodt2c,203,mock_N08_N04_Aonly,DiscussionGRPWaitPage,1774211444,18,0,1
vqp8n68f,5,2lrynem2,203,mock_N08_N04_Aonly,DiscussionGRPWaitPage,1774211444,18,0,1
vqp8n68f,9,mosv73t0,203,mock_N08_N04_Aonly,DiscussionGRPWaitPage,1774211444,18,0,1
vqp8n68f,8,lk3kpfde,203,mock_N08_N04_Aonly,DiscussionGRPWaitPage,1774211444,18,0,1
vqp8n68f,13,8ibj1g15,203,mock_N08_N04_Aonly,DiscussionGRPWaitPage,1774211444,18,0,1
vqp8n68f,15,f2xt0xb2,203,mock_N08_N04_Aonly,DiscussionGRPWaitPage,1774211444,18,0,1
vqp8n68f,18,o40knsjs,203,mock_N08_N04_Aonly,DiscussionGRPWaitPage,1774211444,18,0,1
vqp8n68f,32,k9nsan3z,1,presurvey,Introduction,1774211445,1,0,0
vqp8n68f,8,lk3kpfde,208,mock_N08_N04_Aonly,Discussion,1774211447,18,0,0
vqp8n68f,18,o40knsjs,208,mock_N08_N04_Aonly,Discussion,1774211447,18,0,0
vqp8n68f,5,2lrynem2,208,mock_N08_N04_Aonly,Discussion,1774211448,18,0,0
vqp8n68f,22,bhqodt2c,208,mock_N08_N04_Aonly,Discussion,1774211448,18,0,0
vqp8n68f,9,mosv73t0,208,mock_N08_N04_Aonly,Discussion,1774211448,18,0,0
vqp8n68f,15,f2xt0xb2,208,mock_N08_N04_Aonly,Discussion,1774211450,18,0,0
vqp8n68f,13,8ibj1g15,208,mock_N08_N04_Aonly,Discussion,1774211450,18,0,0
vqp8n68f,1,4cqmirkw,208,mock_N08_N04_Aonly,Discussion,1774211451,18,0,0
vqp8n68f,9,mosv73t0,214,mock_N08_N04_Aonly,DiscussionGRPWaitPage,1774211451,19,0,1
vqp8n68f,8,lk3kpfde,214,mock_N08_N04_Aonly,DiscussionGRPWaitPage,1774211451,19,0,1
vqp8n68f,13,8ibj1g15,214,mock_N08_N04_Aonly,DiscussionGRPWaitPage,1774211451,19,0,1
vqp8n68f,1,4cqmirkw,214,mock_N08_N04_Aonly,DiscussionGRPWaitPage,1774211451,19,0,1
vqp8n68f,5,2lrynem2,214,mock_N08_N04_Aonly,DiscussionGRPWaitPage,1774211451,19,0,1
vqp8n68f,18,o40knsjs,214,mock_N08_N04_Aonly,DiscussionGRPWaitPage,1774211451,19,0,1
vqp8n68f,22,bhqodt2c,214,mock_N08_N04_Aonly,DiscussionGRPWaitPage,1774211451,19,0,1
vqp8n68f,15,f2xt0xb2,214,mock_N08_N04_Aonly,DiscussionGRPWaitPage,1774211451,19,0,1
vqp8n68f,33,9j2od68w,0,,InitializeParticipant,1774211452,1,0,0
vqp8n68f,30,7l1x38fm,11,presurvey,Scenario,1774211453,1,0,0
vqp8n68f,22,bhqodt2c,219,mock_N08_N04_Aonly,Discussion,1774211454,19,0,0
vqp8n68f,5,2lrynem2,219,mock_N08_N04_Aonly,Discussion,1774211455,19,0,0
vqp8n68f,9,mosv73t0,219,mock_N08_N04_Aonly,Discussion,1774211455,19,0,0
vqp8n68f,8,lk3kpfde,219,mock_N08_N04_Aonly,Discussion,1774211455,19,0,0
vqp8n68f,18,o40knsjs,219,mock_N08_N04_Aonly,Discussion,1774211455,19,0,0
vqp8n68f,15,f2xt0xb2,219,mock_N08_N04_Aonly,Discussion,1774211455,19,0,0
vqp8n68f,1,4cqmirkw,219,mock_N08_N04_Aonly,Discussion,1774211456,19,0,0
vqp8n68f,13,8ibj1g15,219,mock_N08_N04_Aonly,Discussion,1774211458,19,0,0
vqp8n68f,1,4cqmirkw,225,mock_N08_N04_Aonly,DiscussionGRPWaitPage,1774211458,20,0,1
vqp8n68f,5,2lrynem2,225,mock_N08_N04_Aonly,DiscussionGRPWaitPage,1774211458,20,0,1
vqp8n68f,9,mosv73t0,225,mock_N08_N04_Aonly,DiscussionGRPWaitPage,1774211458,20,0,1
vqp8n68f,22,bhqodt2c,225,mock_N08_N04_Aonly,DiscussionGRPWaitPage,1774211458,20,0,1
vqp8n68f,8,lk3kpfde,225,mock_N08_N04_Aonly,DiscussionGRPWaitPage,1774211458,20,0,1
vqp8n68f,13,8ibj1g15,225,mock_N08_N04_Aonly,DiscussionGRPWaitPage,1774211458,20,0,1
vqp8n68f,15,f2xt0xb2,225,mock_N08_N04_Aonly,DiscussionGRPWaitPage,1774211458,20,0,1
vqp8n68f,18,o40knsjs,225,mock_N08_N04_Aonly,DiscussionGRPWaitPage,1774211458,20,0,1
vqp8n68f,29,75pruiln,5,presurvey,Training,1774211461,1,0,0
vqp8n68f,18,o40knsjs,230,mock_N08_N04_Aonly,Discussion,1774211461,20,0,0
vqp8n68f,9,mosv73t0,230,mock_N08_N04_Aonly,Discussion,1774211461,20,0,0
vqp8n68f,22,bhqodt2c,230,mock_N08_N04_Aonly,Discussion,1774211462,20,0,0
vqp8n68f,15,f2xt0xb2,230,mock_N08_N04_Aonly,Discussion,1774211462,20,0,0
vqp8n68f,5,2lrynem2,230,mock_N08_N04_Aonly,Discussion,1774211462,20,0,0
vqp8n68f,8,lk3kpfde,230,mock_N08_N04_Aonly,Discussion,1774211462,20,0,0
vqp8n68f,1,4cqmirkw,230,mock_N08_N04_Aonly,Discussion,1774211462,20,0,0
vqp8n68f,33,9j2od68w,1,presurvey,Introduction,1774211463,1,0,0
vqp8n68f,13,8ibj1g15,230,mock_N08_N04_Aonly,Discussion,1774211465,20,0,0
vqp8n68f,1,4cqmirkw,231,mock_N08_N04_Aonly,FinalRoundWaitPage,1774211465,20,0,1
vqp8n68f,18,o40knsjs,231,mock_N08_N04_Aonly,FinalRoundWaitPage,1774211465,20,0,1
vqp8n68f,9,mosv73t0,231,mock_N08_N04_Aonly,FinalRoundWaitPage,1774211465,20,0,1
vqp8n68f,22,bhqodt2c,231,mock_N08_N04_Aonly,FinalRoundWaitPage,1774211465,20,0,1
vqp8n68f,15,f2xt0xb2,231,mock_N08_N04_Aonly,FinalRoundWaitPage,1774211465,20,0,1
vqp8n68f,5,2lrynem2,231,mock_N08_N04_Aonly,FinalRoundWaitPage,1774211465,20,0,1
vqp8n68f,8,lk3kpfde,231,mock_N08_N04_Aonly,FinalRoundWaitPage,1774211465,20,0,1
vqp8n68f,13,8ibj1g15,231,mock_N08_N04_Aonly,FinalRoundWaitPage,1774211465,20,0,1
vqp8n68f,31,gm90g3j7,3,presurvey,Demographics,1774211468,1,0,0
vqp8n68f,22,bhqodt2c,232,mock_N08_N04_Aonly,FinalRound,1774211471,20,0,0
vqp8n68f,18,o40knsjs,232,mock_N08_N04_Aonly,FinalRound,1774211472,20,0,0
vqp8n68f,32,k9nsan3z,2,presurvey,AudioCheck,1774211472,1,0,0
vqp8n68f,1,4cqmirkw,232,mock_N08_N04_Aonly,FinalRound,1774211472,20,0,0
vqp8n68f,30,7l1x38fm,12,presurvey,Commitment,1774211473,1,0,0
vqp8n68f,13,8ibj1g15,232,mock_N08_N04_Aonly,FinalRound,1774211473,20,0,0
vqp8n68f,15,f2xt0xb2,232,mock_N08_N04_Aonly,FinalRound,1774211474,20,0,0
vqp8n68f,5,2lrynem2,232,mock_N08_N04_Aonly,FinalRound,1774211475,20,0,0
vqp8n68f,8,lk3kpfde,232,mock_N08_N04_Aonly,FinalRound,1774211476,20,0,0
vqp8n68f,9,mosv73t0,232,mock_N08_N04_Aonly,FinalRound,1774211477,20,0,0
vqp8n68f,33,9j2od68w,2,presurvey,AudioCheck,1774211488,1,0,0
vqp8n68f,31,gm90g3j7,4,presurvey,NeighborhoodInstruction,1774211491,1,0,0
vqp8n68f,32,k9nsan3z,3,presurvey,Demographics,1774211499,1,0,0
vqp8n68f,32,k9nsan3z,4,presurvey,NeighborhoodInstruction,1774211525,1,0,0
vqp8n68f,33,9j2od68w,3,presurvey,Demographics,1774211537,1,0,0
vqp8n68f,31,gm90g3j7,5,presurvey,Training,1774211540,1,0,0
vqp8n68f,29,75pruiln,6,presurvey,TrainingNeighbor_1,1774211545,1,0,0
vqp8n68f,32,k9nsan3z,5,presurvey,Training,1774211556,1,0,0
vqp8n68f,29,75pruiln,7,presurvey,TrainingNeighbor_2,1774211559,1,0,0
vqp8n68f,29,75pruiln,10,presurvey,ExperimentInstruction,1774211563,1,0,0
vqp8n68f,32,k9nsan3z,6,presurvey,TrainingNeighbor_1,1774211597,1,0,0
vqp8n68f,29,75pruiln,11,presurvey,Scenario,1774211611,1,0,0
vqp8n68f,32,k9nsan3z,10,presurvey,ExperimentInstruction,1774211620,1,0,0
vqp8n68f,34,gdwq65b7,0,,InitializeParticipant,1774211623,1,0,0
vqp8n68f,31,gm90g3j7,6,presurvey,TrainingNeighbor_1,1774211638,1,0,0
vqp8n68f,34,gdwq65b7,1,presurvey,Introduction,1774211641,1,0,0
vqp8n68f,31,gm90g3j7,7,presurvey,TrainingNeighbor_2,1774211649,1,0,0
vqp8n68f,32,k9nsan3z,11,presurvey,Scenario,1774211660,1,0,0
vqp8n68f,33,9j2od68w,4,presurvey,NeighborhoodInstruction,1774211663,1,0,0
vqp8n68f,35,rds8c9qc,0,,InitializeParticipant,1774211664,1,0,0
vqp8n68f,31,gm90g3j7,10,presurvey,ExperimentInstruction,1774211674,1,0,0
vqp8n68f,35,rds8c9qc,1,presurvey,Introduction,1774211702,1,0,0
vqp8n68f,34,gdwq65b7,2,presurvey,AudioCheck,1774211702,1,0,0
vqp8n68f,35,rds8c9qc,2,presurvey,AudioCheck,1774211722,1,0,0
vqp8n68f,24,fel68cm4,5,presurvey,Training,1774211728,1,0,0
vqp8n68f,36,kc70lsn4,0,,InitializeParticipant,1774211735,1,0,0
vqp8n68f,35,rds8c9qc,3,presurvey,Demographics,1774211740,1,0,0
vqp8n68f,31,gm90g3j7,11,presurvey,Scenario,1774211750,1,0,0
vqp8n68f,33,9j2od68w,5,presurvey,Training,1774211752,1,0,0
vqp8n68f,35,rds8c9qc,4,presurvey,NeighborhoodInstruction,1774211753,1,0,0
vqp8n68f,36,kc70lsn4,1,presurvey,Introduction,1774211759,1,0,0
vqp8n68f,36,kc70lsn4,2,presurvey,AudioCheck,1774211782,1,0,0
vqp8n68f,37,w87qvt3q,0,,InitializeParticipant,1774211787,1,0,0
vqp8n68f,38,lsc183hw,0,,InitializeParticipant,1774211789,1,0,0
vqp8n68f,24,fel68cm4,6,presurvey,TrainingNeighbor_1,1774211795,1,0,0
vqp8n68f,36,kc70lsn4,3,presurvey,Demographics,1774211797,1,0,0
vqp8n68f,34,gdwq65b7,3,presurvey,Demographics,1774211802,1,0,0
vqp8n68f,33,9j2od68w,6,presurvey,TrainingNeighbor_1,1774211804,1,0,0
vqp8n68f,34,gdwq65b7,4,presurvey,NeighborhoodInstruction,1774211823,1,0,0
vqp8n68f,24,fel68cm4,10,presurvey,ExperimentInstruction,1774211824,1,0,0
vqp8n68f,35,rds8c9qc,5,presurvey,Training,1774211832,1,0,0
vqp8n68f,33,9j2od68w,7,presurvey,TrainingNeighbor_2,1774211834,1,0,0
vqp8n68f,31,gm90g3j7,12,presurvey,Commitment,1774211834,1,0,0
vqp8n68f,33,9j2od68w,10,presurvey,ExperimentInstruction,1774211840,1,0,0
vqp8n68f,36,kc70lsn4,4,presurvey,NeighborhoodInstruction,1774211846,1,0,0
vqp8n68f,35,rds8c9qc,6,presurvey,TrainingNeighbor_1,1774211852,1,0,0
vqp8n68f,39,w31flryk,0,,InitializeParticipant,1774211855,1,0,0
vqp8n68f,35,rds8c9qc,10,presurvey,ExperimentInstruction,1774211857,1,0,0
vqp8n68f,36,kc70lsn4,5,presurvey,Training,1774211859,1,0,0
vqp8n68f,39,w31flryk,1,presurvey,Introduction,1774211870,1,0,0
vqp8n68f,40,x58b1z6z,0,,InitializeParticipant,1774211872,1,0,0
vqp8n68f,33,9j2od68w,11,presurvey,Scenario,1774211875,1,0,0
vqp8n68f,35,rds8c9qc,11,presurvey,Scenario,1774211888,1,0,0
vqp8n68f,36,kc70lsn4,6,presurvey,TrainingNeighbor_1,1774211891,1,0,0
vqp8n68f,24,fel68cm4,11,presurvey,Scenario,1774211892,1,0,0
vqp8n68f,39,w31flryk,2,presurvey,AudioCheck,1774211894,1,0,0
vqp8n68f,36,kc70lsn4,10,presurvey,ExperimentInstruction,1774211901,1,0,0
vqp8n68f,37,w87qvt3q,1,presurvey,Introduction,1774211906,1,0,0
vqp8n68f,39,w31flryk,3,presurvey,Demographics,1774211916,1,0,0
vqp8n68f,41,2rl3p3f7,0,,InitializeParticipant,1774211918,1,0,0
vqp8n68f,36,kc70lsn4,11,presurvey,Scenario,1774211918,1,0,0
vqp8n68f,41,2rl3p3f7,1,presurvey,Introduction,1774211936,1,0,0
vqp8n68f,37,w87qvt3q,2,presurvey,AudioCheck,1774211938,1,0,0
vqp8n68f,37,w87qvt3q,3,presurvey,Demographics,1774211959,1,0,0
vqp8n68f,41,2rl3p3f7,2,presurvey,AudioCheck,1774211963,1,0,0
vqp8n68f,39,w31flryk,4,presurvey,NeighborhoodInstruction,1774211975,1,0,0
vqp8n68f,41,2rl3p3f7,3,presurvey,Demographics,1774211985,1,0,0
vqp8n68f,41,2rl3p3f7,4,presurvey,NeighborhoodInstruction,1774211996,1,0,0
vqp8n68f,34,gdwq65b7,5,presurvey,Training,1774212003,1,0,0
vqp8n68f,37,w87qvt3q,4,presurvey,NeighborhoodInstruction,1774212003,1,0,0
vqp8n68f,41,2rl3p3f7,5,presurvey,Training,1774212019,1,0,0
vqp8n68f,39,w31flryk,5,presurvey,Training,1774212030,1,0,0
vqp8n68f,42,lz7w9i8o,0,,InitializeParticipant,1774212031,1,0,0
vqp8n68f,42,lz7w9i8o,1,presurvey,Introduction,1774212034,1,0,0
vqp8n68f,43,zrzqd5qf,0,,InitializeParticipant,1774212039,1,0,0
vqp8n68f,44,pgc4ghh0,0,,InitializeParticipant,1774212043,1,0,0
vqp8n68f,43,zrzqd5qf,1,presurvey,Introduction,1774212045,1,0,0
vqp8n68f,44,pgc4ghh0,1,presurvey,Introduction,1774212054,1,0,0
vqp8n68f,42,lz7w9i8o,2,presurvey,AudioCheck,1774212058,1,0,0
vqp8n68f,43,zrzqd5qf,2,presurvey,AudioCheck,1774212063,1,0,0
vqp8n68f,37,w87qvt3q,5,presurvey,Training,1774212067,1,0,0
vqp8n68f,41,2rl3p3f7,6,presurvey,TrainingNeighbor_1,1774212073,1,0,0
vqp8n68f,41,2rl3p3f7,7,presurvey,TrainingNeighbor_2,1774212080,1,0,0
vqp8n68f,42,lz7w9i8o,3,presurvey,Demographics,1774212081,1,0,0
vqp8n68f,43,zrzqd5qf,3,presurvey,Demographics,1774212082,1,0,0
vqp8n68f,44,pgc4ghh0,2,presurvey,AudioCheck,1774212086,1,0,0
vqp8n68f,41,2rl3p3f7,10,presurvey,ExperimentInstruction,1774212086,1,0,0
vqp8n68f,39,w31flryk,6,presurvey,TrainingNeighbor_1,1774212088,1,0,0
vqp8n68f,43,zrzqd5qf,4,presurvey,NeighborhoodInstruction,1774212093,1,0,0
vqp8n68f,37,w87qvt3q,6,presurvey,TrainingNeighbor_1,1774212097,1,0,0
vqp8n68f,42,lz7w9i8o,4,presurvey,NeighborhoodInstruction,1774212098,1,0,0
vqp8n68f,39,w31flryk,10,presurvey,ExperimentInstruction,1774212102,1,0,0
vqp8n68f,37,w87qvt3q,10,presurvey,ExperimentInstruction,1774212110,1,0,0
vqp8n68f,40,x58b1z6z,1,presurvey,Introduction,1774212113,1,0,0
vqp8n68f,41,2rl3p3f7,11,presurvey,Scenario,1774212116,1,0,0
vqp8n68f,44,pgc4ghh0,3,presurvey,Demographics,1774212122,1,0,0
vqp8n68f,43,zrzqd5qf,5,presurvey,Training,1774212123,1,0,0
vqp8n68f,41,2rl3p3f7,12,presurvey,Commitment,1774212145,1,0,0
vqp8n68f,42,lz7w9i8o,5,presurvey,Training,1774212146,1,0,0
vqp8n68f,44,pgc4ghh0,4,presurvey,NeighborhoodInstruction,1774212148,1,0,0
vqp8n68f,39,w31flryk,11,presurvey,Scenario,1774212153,1,0,0
vqp8n68f,24,fel68cm4,12,presurvey,Commitment,1774212161,1,0,0
vqp8n68f,43,zrzqd5qf,6,presurvey,TrainingNeighbor_1,1774212161,1,0,0
vqp8n68f,44,pgc4ghh0,5,presurvey,Training,1774212172,1,0,0
vqp8n68f,37,w87qvt3q,11,presurvey,Scenario,1774212174,1,0,0
vqp8n68f,43,zrzqd5qf,10,presurvey,ExperimentInstruction,1774212174,1,0,0
vqp8n68f,42,lz7w9i8o,6,presurvey,TrainingNeighbor_1,1774212204,1,0,0
vqp8n68f,43,zrzqd5qf,11,presurvey,Scenario,1774212208,1,0,0
vqp8n68f,40,x58b1z6z,2,presurvey,AudioCheck,1774212210,1,0,0
vqp8n68f,42,lz7w9i8o,7,presurvey,TrainingNeighbor_2,1774212214,1,0,0
vqp8n68f,42,lz7w9i8o,10,presurvey,ExperimentInstruction,1774212227,1,0,0
vqp8n68f,37,w87qvt3q,12,presurvey,Commitment,1774212234,1,0,0
vqp8n68f,40,x58b1z6z,3,presurvey,Demographics,1774212238,1,0,0
vqp8n68f,45,t4v2d9tx,0,,InitializeParticipant,1774212239,1,0,0
vqp8n68f,44,pgc4ghh0,6,presurvey,TrainingNeighbor_1,1774212254,1,0,0
vqp8n68f,44,pgc4ghh0,7,presurvey,TrainingNeighbor_2,1774212262,1,0,0
vqp8n68f,42,lz7w9i8o,11,presurvey,Scenario,1774212267,1,0,0
vqp8n68f,46,8mgfk7cc,0,,InitializeParticipant,1774212267,1,0,0
vqp8n68f,40,x58b1z6z,4,presurvey,NeighborhoodInstruction,1774212273,1,0,0
vqp8n68f,45,t4v2d9tx,1,presurvey,Introduction,1774212275,1,0,0
vqp8n68f,44,pgc4ghh0,10,presurvey,ExperimentInstruction,1774212279,1,0,0
vqp8n68f,46,8mgfk7cc,1,presurvey,Introduction,1774212283,1,0,0
vqp8n68f,38,lsc183hw,1,presurvey,Introduction,1774212286,1,0,0
vqp8n68f,47,10ozl6l4,0,,InitializeParticipant,1774212292,1,0,0
vqp8n68f,47,10ozl6l4,1,presurvey,Introduction,1774212296,1,0,0
vqp8n68f,42,lz7w9i8o,12,presurvey,Commitment,1774212305,1,0,0
vqp8n68f,46,8mgfk7cc,2,presurvey,AudioCheck,1774212306,1,0,0
vqp8n68f,38,lsc183hw,2,presurvey,AudioCheck,1774212307,1,0,0
vqp8n68f,47,10ozl6l4,2,presurvey,AudioCheck,1774212310,1,0,0
vqp8n68f,46,8mgfk7cc,3,presurvey,Demographics,1774212313,1,0,0
vqp8n68f,38,lsc183hw,3,presurvey,Demographics,1774212320,1,0,0
vqp8n68f,47,10ozl6l4,3,presurvey,Demographics,1774212321,1,0,0
vqp8n68f,47,10ozl6l4,4,presurvey,NeighborhoodInstruction,1774212325,1,0,0
vqp8n68f,46,8mgfk7cc,4,presurvey,NeighborhoodInstruction,1774212326,1,0,0
vqp8n68f,44,pgc4ghh0,11,presurvey,Scenario,1774212348,1,0,0
vqp8n68f,46,8mgfk7cc,5,presurvey,Training,1774212353,1,0,0
vqp8n68f,45,t4v2d9tx,2,presurvey,AudioCheck,1774212356,1,0,0
vqp8n68f,47,10ozl6l4,5,presurvey,Training,1774212361,1,0,0
vqp8n68f,46,8mgfk7cc,6,presurvey,TrainingNeighbor_1,1774212367,1,0,0
vqp8n68f,46,8mgfk7cc,10,presurvey,ExperimentInstruction,1774212369,1,0,0
vqp8n68f,40,x58b1z6z,5,presurvey,Training,1774212374,1,0,0
vqp8n68f,46,8mgfk7cc,11,presurvey,Scenario,1774212378,1,0,0
vqp8n68f,44,pgc4ghh0,12,presurvey,Commitment,1774212381,1,0,0
vqp8n68f,45,t4v2d9tx,3,presurvey,Demographics,1774212385,1,0,0
vqp8n68f,47,10ozl6l4,6,presurvey,TrainingNeighbor_1,1774212389,1,0,0
vqp8n68f,48,qyfx187v,0,,InitializeParticipant,1774212397,1,0,0
vqp8n68f,48,qyfx187v,1,presurvey,Introduction,1774212403,1,0,0
vqp8n68f,47,10ozl6l4,7,presurvey,TrainingNeighbor_2,1774212413,1,0,0
vqp8n68f,47,10ozl6l4,8,presurvey,AttentionCheck,1774212419,1,0,0
vqp8n68f,48,qyfx187v,2,presurvey,AudioCheck,1774212419,1,0,0
vqp8n68f,47,10ozl6l4,9,presurvey,TrainingNeighbor_3,1774212425,1,0,0
vqp8n68f,47,10ozl6l4,10,presurvey,ExperimentInstruction,1774212427,1,0,0
vqp8n68f,48,qyfx187v,3,presurvey,Demographics,1774212433,1,0,0
vqp8n68f,47,10ozl6l4,11,presurvey,Scenario,1774212441,1,0,0
vqp8n68f,48,qyfx187v,4,presurvey,NeighborhoodInstruction,1774212444,1,0,0
vqp8n68f,47,10ozl6l4,12,presurvey,Commitment,1774212454,1,0,0
vqp8n68f,48,qyfx187v,5,presurvey,Training,1774212478,1,0,0
vqp8n68f,38,lsc183hw,4,presurvey,NeighborhoodInstruction,1774212486,1,0,0
vqp8n68f,45,t4v2d9tx,4,presurvey,NeighborhoodInstruction,1774212491,1,0,0
vqp8n68f,48,qyfx187v,6,presurvey,TrainingNeighbor_1,1774212505,1,0,0
vqp8n68f,48,qyfx187v,7,presurvey,TrainingNeighbor_2,1774212513,1,0,0
vqp8n68f,48,qyfx187v,10,presurvey,ExperimentInstruction,1774212524,1,0,0
vqp8n68f,34,gdwq65b7,6,presurvey,TrainingNeighbor_1,1774212528,1,0,0
vqp8n68f,48,qyfx187v,11,presurvey,Scenario,1774212548,1,0,0
vqp8n68f,38,lsc183hw,5,presurvey,Training,1774212549,1,0,0
vqp8n68f,34,gdwq65b7,7,presurvey,TrainingNeighbor_2,1774212558,1,0,0
vqp8n68f,40,x58b1z6z,6,presurvey,TrainingNeighbor_1,1774212565,1,0,0
vqp8n68f,49,b8xlpmy2,0,,InitializeParticipant,1774212567,1,0,0
vqp8n68f,28,yrbozsf2,13,mock_N08_N04_Aonly,GroupingWaitPage,1774212568,1,0,1
vqp8n68f,28,yrbozsf2,14,mock_N08_N04_Aonly,GroupSizeWaitPage,1774212568,1,0,1
vqp8n68f,28,yrbozsf2,15,mock_N08_N04_Aonly,AttentionCheck,1774212577,1,0,0
vqp8n68f,48,qyfx187v,12,presurvey,Commitment,1774212578,1,0,0
vqp8n68f,40,x58b1z6z,10,presurvey,ExperimentInstruction,1774212578,1,0,0
vqp8n68f,38,lsc183hw,6,presurvey,TrainingNeighbor_1,1774212596,1,0,0
vqp8n68f,30,7l1x38fm,13,mock_N08_N04_Aonly,GroupingWaitPage,1774212614,1,0,1
vqp8n68f,31,gm90g3j7,13,mock_N08_N04_Aonly,GroupingWaitPage,1774212614,1,0,1
vqp8n68f,41,2rl3p3f7,13,mock_N08_N04_Aonly,GroupingWaitPage,1774212614,1,0,1
vqp8n68f,47,10ozl6l4,13,mock_N08_N04_Aonly,GroupingWaitPage,1774212614,1,0,1
vqp8n68f,30,7l1x38fm,14,mock_N08_N04_Aonly,GroupSizeWaitPage,1774212614,1,0,1
vqp8n68f,31,gm90g3j7,14,mock_N08_N04_Aonly,GroupSizeWaitPage,1774212614,1,0,1
vqp8n68f,41,2rl3p3f7,14,mock_N08_N04_Aonly,GroupSizeWaitPage,1774212614,1,0,1
vqp8n68f,47,10ozl6l4,14,mock_N08_N04_Aonly,GroupSizeWaitPage,1774212614,1,0,1
vqp8n68f,45,t4v2d9tx,5,presurvey,Training,1774212615,1,0,0
vqp8n68f,47,10ozl6l4,16,mock_N08_N04_Aonly,DiscussionGRPWaitPage,1774212616,1,0,1
vqp8n68f,41,2rl3p3f7,16,mock_N08_N04_Aonly,DiscussionGRPWaitPage,1774212616,1,0,1
vqp8n68f,30,7l1x38fm,16,mock_N08_N04_Aonly,DiscussionGRPWaitPage,1774212616,1,0,1
vqp8n68f,31,gm90g3j7,16,mock_N08_N04_Aonly,DiscussionGRPWaitPage,1774212616,1,0,1
vqp8n68f,38,lsc183hw,10,presurvey,ExperimentInstruction,1774212618,1,0,0
vqp8n68f,49,b8xlpmy2,1,presurvey,Introduction,1774212621,1,0,0
vqp8n68f,47,10ozl6l4,20,mock_N08_N04_Aonly,Phase3,1774212628,1,0,0
vqp8n68f,30,7l1x38fm,20,mock_N08_N04_Aonly,Phase3,1774212631,1,0,0
vqp8n68f,30,7l1x38fm,21,mock_N08_N04_Aonly,Discussion,1774212639,1,0,0
vqp8n68f,47,10ozl6l4,21,mock_N08_N04_Aonly,Discussion,1774212639,1,0,0
vqp8n68f,49,b8xlpmy2,2,presurvey,AudioCheck,1774212642,1,0,0
vqp8n68f,41,2rl3p3f7,20,mock_N08_N04_Aonly,Phase3,1774212643,1,0,0
vqp8n68f,34,gdwq65b7,10,presurvey,ExperimentInstruction,1774212650,1,0,0
vqp8n68f,49,b8xlpmy2,3,presurvey,Demographics,1774212659,1,0,0
vqp8n68f,31,gm90g3j7,20,mock_N08_N04_Aonly,Phase3,1774212664,1,1,0
vqp8n68f,41,2rl3p3f7,21,mock_N08_N04_Aonly,Discussion,1774212667,1,0,0
vqp8n68f,38,lsc183hw,11,presurvey,Scenario,1774212678,1,0,0
vqp8n68f,49,b8xlpmy2,4,presurvey,NeighborhoodInstruction,1774212681,1,0,0
vqp8n68f,31,gm90g3j7,21,mock_N08_N04_Aonly,Discussion,1774212682,1,0,0
vqp8n68f,47,10ozl6l4,27,mock_N08_N04_Aonly,DiscussionGRPWaitPage,1774212683,2,0,1
vqp8n68f,41,2rl3p3f7,27,mock_N08_N04_Aonly,DiscussionGRPWaitPage,1774212683,2,0,1
vqp8n68f,30,7l1x38fm,27,mock_N08_N04_Aonly,DiscussionGRPWaitPage,1774212683,2,0,1
vqp8n68f,31,gm90g3j7,27,mock_N08_N04_Aonly,DiscussionGRPWaitPage,1774212683,2,0,1
vqp8n68f,45,t4v2d9tx,6,presurvey,TrainingNeighbor_1,1774212689,1,0,0
vqp8n68f,30,7l1x38fm,32,mock_N08_N04_Aonly,Discussion,1774212689,2,0,0
vqp8n68f,47,10ozl6l4,32,mock_N08_N04_Aonly,Discussion,1774212698,2,0,0
vqp8n68f,31,gm90g3j7,32,mock_N08_N04_Aonly,Discussion,1774212699,2,0,0
vqp8n68f,41,2rl3p3f7,32,mock_N08_N04_Aonly,Discussion,1774212706,2,0,0
vqp8n68f,47,10ozl6l4,38,mock_N08_N04_Aonly,DiscussionGRPWaitPage,1774212706,3,0,1
vqp8n68f,41,2rl3p3f7,38,mock_N08_N04_Aonly,DiscussionGRPWaitPage,1774212706,3,0,1
vqp8n68f,30,7l1x38fm,38,mock_N08_N04_Aonly,DiscussionGRPWaitPage,1774212706,3,0,1
vqp8n68f,31,gm90g3j7,38,mock_N08_N04_Aonly,DiscussionGRPWaitPage,1774212706,3,0,1
vqp8n68f,30,7l1x38fm,43,mock_N08_N04_Aonly,Discussion,1774212711,3,0,0
vqp8n68f,31,gm90g3j7,43,mock_N08_N04_Aonly,Discussion,1774212717,3,0,0
vqp8n68f,41,2rl3p3f7,43,mock_N08_N04_Aonly,Discussion,1774212722,3,0,0
vqp8n68f,40,x58b1z6z,11,presurvey,Scenario,1774212723,1,0,0
vqp8n68f,47,10ozl6l4,43,mock_N08_N04_Aonly,Discussion,1774212726,3,0,0
vqp8n68f,47,10ozl6l4,49,mock_N08_N04_Aonly,DiscussionGRPWaitPage,1774212726,4,0,1
vqp8n68f,41,2rl3p3f7,49,mock_N08_N04_Aonly,DiscussionGRPWaitPage,1774212726,4,0,1
vqp8n68f,30,7l1x38fm,49,mock_N08_N04_Aonly,DiscussionGRPWaitPage,1774212726,4,0,1
vqp8n68f,31,gm90g3j7,49,mock_N08_N04_Aonly,DiscussionGRPWaitPage,1774212726,4,0,1
vqp8n68f,45,t4v2d9tx,10,presurvey,ExperimentInstruction,1774212726,1,0,0
vqp8n68f,30,7l1x38fm,54,mock_N08_N04_Aonly,Discussion,1774212730,4,0,0
vqp8n68f,47,10ozl6l4,54,mock_N08_N04_Aonly,Discussion,1774212731,4,0,0
vqp8n68f,41,2rl3p3f7,54,mock_N08_N04_Aonly,Discussion,1774212732,4,0,0
vqp8n68f,31,gm90g3j7,54,mock_N08_N04_Aonly,Discussion,1774212734,4,0,0
vqp8n68f,30,7l1x38fm,60,mock_N08_N04_Aonly,DiscussionGRPWaitPage,1774212735,5,0,1
vqp8n68f,31,gm90g3j7,60,mock_N08_N04_Aonly,DiscussionGRPWaitPage,1774212735,5,0,1
vqp8n68f,47,10ozl6l4,60,mock_N08_N04_Aonly,DiscussionGRPWaitPage,1774212735,5,0,1
vqp8n68f,41,2rl3p3f7,60,mock_N08_N04_Aonly,DiscussionGRPWaitPage,1774212735,5,0,1
vqp8n68f,30,7l1x38fm,65,mock_N08_N04_Aonly,Discussion,1774212739,5,0,0
vqp8n68f,31,gm90g3j7,65,mock_N08_N04_Aonly,Discussion,1774212740,5,0,0
vqp8n68f,49,b8xlpmy2,5,presurvey,Training,1774212740,1,0,0
vqp8n68f,41,2rl3p3f7,65,mock_N08_N04_Aonly,Discussion,1774212744,5,0,0
vqp8n68f,47,10ozl6l4,65,mock_N08_N04_Aonly,Discussion,1774212748,5,0,0
vqp8n68f,47,10ozl6l4,71,mock_N08_N04_Aonly,DiscussionGRPWaitPage,1774212748,6,0,1
vqp8n68f,41,2rl3p3f7,71,mock_N08_N04_Aonly,DiscussionGRPWaitPage,1774212748,6,0,1
vqp8n68f,30,7l1x38fm,71,mock_N08_N04_Aonly,DiscussionGRPWaitPage,1774212748,6,0,1
vqp8n68f,31,gm90g3j7,71,mock_N08_N04_Aonly,DiscussionGRPWaitPage,1774212748,6,0,1
vqp8n68f,47,10ozl6l4,76,mock_N08_N04_Aonly,Discussion,1774212751,6,0,0
vqp8n68f,30,7l1x38fm,76,mock_N08_N04_Aonly,Discussion,1774212752,6,0,0
vqp8n68f,31,gm90g3j7,76,mock_N08_N04_Aonly,Discussion,1774212752,6,0,0
vqp8n68f,34,gdwq65b7,11,presurvey,Scenario,1774212755,1,0,0
vqp8n68f,41,2rl3p3f7,76,mock_N08_N04_Aonly,Discussion,1774212756,6,0,0
vqp8n68f,47,10ozl6l4,82,mock_N08_N04_Aonly,DiscussionGRPWaitPage,1774212756,7,0,1
vqp8n68f,41,2rl3p3f7,82,mock_N08_N04_Aonly,DiscussionGRPWaitPage,1774212756,7,0,1
vqp8n68f,30,7l1x38fm,82,mock_N08_N04_Aonly,DiscussionGRPWaitPage,1774212756,7,0,1
vqp8n68f,31,gm90g3j7,82,mock_N08_N04_Aonly,DiscussionGRPWaitPage,1774212756,7,0,1
vqp8n68f,30,7l1x38fm,87,mock_N08_N04_Aonly,Discussion,1774212760,7,0,0
vqp8n68f,31,gm90g3j7,87,mock_N08_N04_Aonly,Discussion,1774212760,7,0,0
vqp8n68f,47,10ozl6l4,87,mock_N08_N04_Aonly,Discussion,1774212762,7,0,0
vqp8n68f,41,2rl3p3f7,87,mock_N08_N04_Aonly,Discussion,1774212771,7,0,0
vqp8n68f,47,10ozl6l4,93,mock_N08_N04_Aonly,DiscussionGRPWaitPage,1774212771,8,0,1
vqp8n68f,41,2rl3p3f7,93,mock_N08_N04_Aonly,DiscussionGRPWaitPage,1774212771,8,0,1
vqp8n68f,30,7l1x38fm,93,mock_N08_N04_Aonly,DiscussionGRPWaitPage,1774212771,8,0,1
vqp8n68f,31,gm90g3j7,93,mock_N08_N04_Aonly,DiscussionGRPWaitPage,1774212771,8,0,1
vqp8n68f,47,10ozl6l4,98,mock_N08_N04_Aonly,Discussion,1774212775,8,0,0
vqp8n68f,31,gm90g3j7,98,mock_N08_N04_Aonly,Discussion,1774212775,8,0,0
vqp8n68f,30,7l1x38fm,98,mock_N08_N04_Aonly,Discussion,1774212776,8,0,0
vqp8n68f,41,2rl3p3f7,98,mock_N08_N04_Aonly,Discussion,1774212776,8,0,0
vqp8n68f,47,10ozl6l4,104,mock_N08_N04_Aonly,DiscussionGRPWaitPage,1774212776,9,0,1
vqp8n68f,41,2rl3p3f7,104,mock_N08_N04_Aonly,DiscussionGRPWaitPage,1774212776,9,0,1
vqp8n68f,30,7l1x38fm,104,mock_N08_N04_Aonly,DiscussionGRPWaitPage,1774212776,9,0,1
vqp8n68f,31,gm90g3j7,104,mock_N08_N04_Aonly,DiscussionGRPWaitPage,1774212776,9,0,1
vqp8n68f,41,2rl3p3f7,109,mock_N08_N04_Aonly,Discussion,1774212779,9,0,0
vqp8n68f,30,7l1x38fm,109,mock_N08_N04_Aonly,Discussion,1774212781,9,0,0
vqp8n68f,47,10ozl6l4,109,mock_N08_N04_Aonly,Discussion,1774212781,9,0,0
vqp8n68f,31,gm90g3j7,109,mock_N08_N04_Aonly,Discussion,1774212781,9,0,0
vqp8n68f,30,7l1x38fm,115,mock_N08_N04_Aonly,DiscussionGRPWaitPage,1774212782,10,0,1
vqp8n68f,31,gm90g3j7,115,mock_N08_N04_Aonly,DiscussionGRPWaitPage,1774212782,10,0,1
vqp8n68f,47,10ozl6l4,115,mock_N08_N04_Aonly,DiscussionGRPWaitPage,1774212782,10,0,1
vqp8n68f,41,2rl3p3f7,115,mock_N08_N04_Aonly,DiscussionGRPWaitPage,1774212782,10,0,1
vqp8n68f,30,7l1x38fm,120,mock_N08_N04_Aonly,Discussion,1774212786,10,0,0
vqp8n68f,47,10ozl6l4,120,mock_N08_N04_Aonly,Discussion,1774212787,10,0,0
vqp8n68f,31,gm90g3j7,120,mock_N08_N04_Aonly,Discussion,1774212787,10,0,0
vqp8n68f,41,2rl3p3f7,120,mock_N08_N04_Aonly,Discussion,1774212793,10,0,0
vqp8n68f,47,10ozl6l4,126,mock_N08_N04_Aonly,DiscussionGRPWaitPage,1774212794,11,0,1
vqp8n68f,41,2rl3p3f7,126,mock_N08_N04_Aonly,DiscussionGRPWaitPage,1774212794,11,0,1
vqp8n68f,30,7l1x38fm,126,mock_N08_N04_Aonly,DiscussionGRPWaitPage,1774212794,11,0,1
vqp8n68f,31,gm90g3j7,126,mock_N08_N04_Aonly,DiscussionGRPWaitPage,1774212794,11,0,1
vqp8n68f,30,7l1x38fm,131,mock_N08_N04_Aonly,Discussion,1774212797,11,0,0
vqp8n68f,31,gm90g3j7,131,mock_N08_N04_Aonly,Discussion,1774212798,11,0,0
vqp8n68f,47,10ozl6l4,131,mock_N08_N04_Aonly,Discussion,1774212799,11,0,0
vqp8n68f,41,2rl3p3f7,131,mock_N08_N04_Aonly,Discussion,1774212799,11,0,0
vqp8n68f,47,10ozl6l4,137,mock_N08_N04_Aonly,DiscussionGRPWaitPage,1774212800,12,0,1
vqp8n68f,41,2rl3p3f7,137,mock_N08_N04_Aonly,DiscussionGRPWaitPage,1774212800,12,0,1
vqp8n68f,30,7l1x38fm,137,mock_N08_N04_Aonly,DiscussionGRPWaitPage,1774212800,12,0,1
vqp8n68f,31,gm90g3j7,137,mock_N08_N04_Aonly,DiscussionGRPWaitPage,1774212800,12,0,1
vqp8n68f,47,10ozl6l4,142,mock_N08_N04_Aonly,Discussion,1774212802,12,0,0
vqp8n68f,30,7l1x38fm,142,mock_N08_N04_Aonly,Discussion,1774212803,12,0,0
vqp8n68f,41,2rl3p3f7,142,mock_N08_N04_Aonly,Discussion,1774212804,12,0,0
vqp8n68f,31,gm90g3j7,142,mock_N08_N04_Aonly,Discussion,1774212805,12,0,0
vqp8n68f,47,10ozl6l4,148,mock_N08_N04_Aonly,DiscussionGRPWaitPage,1774212807,13,0,1
vqp8n68f,41,2rl3p3f7,148,mock_N08_N04_Aonly,DiscussionGRPWaitPage,1774212807,13,0,1
vqp8n68f,30,7l1x38fm,148,mock_N08_N04_Aonly,DiscussionGRPWaitPage,1774212807,13,0,1
vqp8n68f,31,gm90g3j7,148,mock_N08_N04_Aonly,DiscussionGRPWaitPage,1774212807,13,0,1
vqp8n68f,47,10ozl6l4,153,mock_N08_N04_Aonly,Discussion,1774212810,13,0,0
vqp8n68f,31,gm90g3j7,153,mock_N08_N04_Aonly,Discussion,1774212811,13,0,0
vqp8n68f,30,7l1x38fm,153,mock_N08_N04_Aonly,Discussion,1774212811,13,0,0
vqp8n68f,41,2rl3p3f7,153,mock_N08_N04_Aonly,Discussion,1774212812,13,0,0
vqp8n68f,47,10ozl6l4,159,mock_N08_N04_Aonly,DiscussionGRPWaitPage,1774212812,14,0,1
vqp8n68f,41,2rl3p3f7,159,mock_N08_N04_Aonly,DiscussionGRPWaitPage,1774212812,14,0,1
vqp8n68f,30,7l1x38fm,159,mock_N08_N04_Aonly,DiscussionGRPWaitPage,1774212812,14,0,1
vqp8n68f,31,gm90g3j7,159,mock_N08_N04_Aonly,DiscussionGRPWaitPage,1774212812,14,0,1
vqp8n68f,41,2rl3p3f7,164,mock_N08_N04_Aonly,Discussion,1774212816,14,0,0
vqp8n68f,47,10ozl6l4,164,mock_N08_N04_Aonly,Discussion,1774212816,14,0,0
vqp8n68f,31,gm90g3j7,164,mock_N08_N04_Aonly,Discussion,1774212816,14,0,0
vqp8n68f,30,7l1x38fm,164,mock_N08_N04_Aonly,Discussion,1774212817,14,0,0
vqp8n68f,41,2rl3p3f7,170,mock_N08_N04_Aonly,DiscussionGRPWaitPage,1774212817,15,0,1
vqp8n68f,30,7l1x38fm,170,mock_N08_N04_Aonly,DiscussionGRPWaitPage,1774212817,15,0,1
vqp8n68f,31,gm90g3j7,170,mock_N08_N04_Aonly,DiscussionGRPWaitPage,1774212817,15,0,1
vqp8n68f,47,10ozl6l4,170,mock_N08_N04_Aonly,DiscussionGRPWaitPage,1774212817,15,0,1
vqp8n68f,45,t4v2d9tx,11,presurvey,Scenario,1774212819,1,0,0
vqp8n68f,31,gm90g3j7,175,mock_N08_N04_Aonly,Discussion,1774212822,15,0,0
vqp8n68f,47,10ozl6l4,175,mock_N08_N04_Aonly,Discussion,1774212822,15,0,0
vqp8n68f,41,2rl3p3f7,175,mock_N08_N04_Aonly,Discussion,1774212822,15,0,0
vqp8n68f,30,7l1x38fm,175,mock_N08_N04_Aonly,Discussion,1774212823,15,0,0
vqp8n68f,47,10ozl6l4,181,mock_N08_N04_Aonly,DiscussionGRPWaitPage,1774212823,16,0,1
vqp8n68f,41,2rl3p3f7,181,mock_N08_N04_Aonly,DiscussionGRPWaitPage,1774212823,16,0,1
vqp8n68f,30,7l1x38fm,181,mock_N08_N04_Aonly,DiscussionGRPWaitPage,1774212823,16,0,1
vqp8n68f,31,gm90g3j7,181,mock_N08_N04_Aonly,DiscussionGRPWaitPage,1774212823,16,0,1
vqp8n68f,49,b8xlpmy2,6,presurvey,TrainingNeighbor_1,1774212823,1,0,0
vqp8n68f,41,2rl3p3f7,186,mock_N08_N04_Aonly,Discussion,1774212826,16,0,0
vqp8n68f,30,7l1x38fm,186,mock_N08_N04_Aonly,Discussion,1774212827,16,0,0
vqp8n68f,31,gm90g3j7,186,mock_N08_N04_Aonly,Discussion,1774212828,16,0,0
vqp8n68f,47,10ozl6l4,186,mock_N08_N04_Aonly,Discussion,1774212829,16,0,0
vqp8n68f,47,10ozl6l4,192,mock_N08_N04_Aonly,DiscussionGRPWaitPage,1774212829,17,0,1
vqp8n68f,41,2rl3p3f7,192,mock_N08_N04_Aonly,DiscussionGRPWaitPage,1774212829,17,0,1
vqp8n68f,30,7l1x38fm,192,mock_N08_N04_Aonly,DiscussionGRPWaitPage,1774212829,17,0,1
vqp8n68f,31,gm90g3j7,192,mock_N08_N04_Aonly,DiscussionGRPWaitPage,1774212829,17,0,1
vqp8n68f,49,b8xlpmy2,7,presurvey,TrainingNeighbor_2,1774212831,1,0,0
vqp8n68f,41,2rl3p3f7,197,mock_N08_N04_Aonly,Discussion,1774212831,17,0,0
vqp8n68f,30,7l1x38fm,197,mock_N08_N04_Aonly,Discussion,1774212833,17,0,0
vqp8n68f,31,gm90g3j7,197,mock_N08_N04_Aonly,Discussion,1774212835,17,0,0
vqp8n68f,47,10ozl6l4,197,mock_N08_N04_Aonly,Discussion,1774212835,17,0,0
vqp8n68f,47,10ozl6l4,203,mock_N08_N04_Aonly,DiscussionGRPWaitPage,1774212835,18,0,1
vqp8n68f,41,2rl3p3f7,203,mock_N08_N04_Aonly,DiscussionGRPWaitPage,1774212835,18,0,1
vqp8n68f,30,7l1x38fm,203,mock_N08_N04_Aonly,DiscussionGRPWaitPage,1774212835,18,0,1
vqp8n68f,31,gm90g3j7,203,mock_N08_N04_Aonly,DiscussionGRPWaitPage,1774212835,18,0,1
vqp8n68f,47,10ozl6l4,208,mock_N08_N04_Aonly,Discussion,1774212838,18,0,0
vqp8n68f,41,2rl3p3f7,208,mock_N08_N04_Aonly,Discussion,1774212840,18,0,0
vqp8n68f,30,7l1x38fm,208,mock_N08_N04_Aonly,Discussion,1774212841,18,0,0
vqp8n68f,31,gm90g3j7,208,mock_N08_N04_Aonly,Discussion,1774212842,18,0,0
vqp8n68f,47,10ozl6l4,214,mock_N08_N04_Aonly,DiscussionGRPWaitPage,1774212842,19,0,1
vqp8n68f,41,2rl3p3f7,214,mock_N08_N04_Aonly,DiscussionGRPWaitPage,1774212842,19,0,1
vqp8n68f,30,7l1x38fm,214,mock_N08_N04_Aonly,DiscussionGRPWaitPage,1774212842,19,0,1
vqp8n68f,31,gm90g3j7,214,mock_N08_N04_Aonly,DiscussionGRPWaitPage,1774212842,19,0,1
vqp8n68f,47,10ozl6l4,219,mock_N08_N04_Aonly,Discussion,1774212844,19,0,0
vqp8n68f,41,2rl3p3f7,219,mock_N08_N04_Aonly,Discussion,1774212846,19,0,0
vqp8n68f,30,7l1x38fm,219,mock_N08_N04_Aonly,Discussion,1774212848,19,0,0
vqp8n68f,31,gm90g3j7,219,mock_N08_N04_Aonly,Discussion,1774212857,19,0,0
vqp8n68f,30,7l1x38fm,225,mock_N08_N04_Aonly,DiscussionGRPWaitPage,1774212858,20,0,1
vqp8n68f,47,10ozl6l4,225,mock_N08_N04_Aonly,DiscussionGRPWaitPage,1774212858,20,0,1
vqp8n68f,41,2rl3p3f7,225,mock_N08_N04_Aonly,DiscussionGRPWaitPage,1774212858,20,0,1
vqp8n68f,31,gm90g3j7,225,mock_N08_N04_Aonly,DiscussionGRPWaitPage,1774212858,20,0,1
vqp8n68f,30,7l1x38fm,230,mock_N08_N04_Aonly,Discussion,1774212861,20,0,0
vqp8n68f,31,gm90g3j7,230,mock_N08_N04_Aonly,Discussion,1774212862,20,0,0
vqp8n68f,41,2rl3p3f7,230,mock_N08_N04_Aonly,Discussion,1774212864,20,0,0
vqp8n68f,47,10ozl6l4,230,mock_N08_N04_Aonly,Discussion,1774212868,20,0,0
vqp8n68f,47,10ozl6l4,231,mock_N08_N04_Aonly,FinalRoundWaitPage,1774212868,20,0,1
vqp8n68f,41,2rl3p3f7,231,mock_N08_N04_Aonly,FinalRoundWaitPage,1774212868,20,0,1
vqp8n68f,31,gm90g3j7,231,mock_N08_N04_Aonly,FinalRoundWaitPage,1774212868,20,0,1
vqp8n68f,30,7l1x38fm,231,mock_N08_N04_Aonly,FinalRoundWaitPage,1774212868,20,0,1
vqp8n68f,47,10ozl6l4,232,mock_N08_N04_Aonly,FinalRound,1774212875,20,0,0
vqp8n68f,30,7l1x38fm,232,mock_N08_N04_Aonly,FinalRound,1774212877,20,0,0
vqp8n68f,41,2rl3p3f7,232,mock_N08_N04_Aonly,FinalRound,1774212877,20,0,0
vqp8n68f,31,gm90g3j7,232,mock_N08_N04_Aonly,FinalRound,1774212881,20,0,0
vqp8n68f,34,gdwq65b7,12,presurvey,Commitment,1774212886,1,0,0
vqp8n68f,50,530gkkyo,0,,InitializeParticipant,1774212906,1,0,0
vqp8n68f,49,b8xlpmy2,10,presurvey,ExperimentInstruction,1774212927,1,0,0
vqp8n68f,50,530gkkyo,1,presurvey,Introduction,1774212962,1,0,0
vqp8n68f,51,s1r5lhuv,0,,InitializeParticipant,1774212969,1,0,0
vqp8n68f,51,s1r5lhuv,1,presurvey,Introduction,1774212990,1,0,0
vqp8n68f,50,530gkkyo,2,presurvey,AudioCheck,1774212992,1,0,0
vqp8n68f,52,akt980ly,0,,InitializeParticipant,1774213004,1,0,0
vqp8n68f,50,530gkkyo,3,presurvey,Demographics,1774213030,1,0,0
vqp8n68f,51,s1r5lhuv,2,presurvey,AudioCheck,1774213036,1,0,0
vqp8n68f,52,akt980ly,1,presurvey,Introduction,1774213067,1,0,0
vqp8n68f,52,akt980ly,2,presurvey,AudioCheck,1774213107,1,0,0
vqp8n68f,51,s1r5lhuv,3,presurvey,Demographics,1774213117,1,0,0
vqp8n68f,51,s1r5lhuv,4,presurvey,NeighborhoodInstruction,1774213123,1,0,0
vqp8n68f,50,530gkkyo,4,presurvey,NeighborhoodInstruction,1774213127,1,0,0
vqp8n68f,52,akt980ly,3,presurvey,Demographics,1774213130,1,0,0
vqp8n68f,52,akt980ly,4,presurvey,NeighborhoodInstruction,1774213160,1,0,0
vqp8n68f,50,530gkkyo,5,presurvey,Training,1774213174,1,0,0
vqp8n68f,52,akt980ly,5,presurvey,Training,1774213195,1,0,0
vqp8n68f,51,s1r5lhuv,5,presurvey,Training,1774213210,1,0,0
vqp8n68f,50,530gkkyo,6,presurvey,TrainingNeighbor_1,1774213213,1,0,0
vqp8n68f,53,ksrl2elc,0,,InitializeParticipant,1774213214,1,0,0
vqp8n68f,53,ksrl2elc,1,presurvey,Introduction,1774213224,1,0,0
vqp8n68f,50,530gkkyo,7,presurvey,TrainingNeighbor_2,1774213227,1,0,0
vqp8n68f,52,akt980ly,6,presurvey,TrainingNeighbor_1,1774213237,1,0,0
vqp8n68f,50,530gkkyo,8,presurvey,AttentionCheck,1774213253,1,0,0
vqp8n68f,53,ksrl2elc,2,presurvey,AudioCheck,1774213269,1,0,0
vqp8n68f,50,530gkkyo,9,presurvey,TrainingNeighbor_3,1774213271,1,0,0
vqp8n68f,53,ksrl2elc,3,presurvey,Demographics,1774213291,1,0,0
vqp8n68f,52,akt980ly,10,presurvey,ExperimentInstruction,1774213301,1,0,0
vqp8n68f,54,rsa348vs,0,,InitializeParticipant,1774213321,1,0,0
vqp8n68f,54,rsa348vs,1,presurvey,Introduction,1774213334,1,0,0
vqp8n68f,52,akt980ly,11,presurvey,Scenario,1774213338,1,0,0
vqp8n68f,53,ksrl2elc,4,presurvey,NeighborhoodInstruction,1774213341,1,0,0
vqp8n68f,51,s1r5lhuv,6,presurvey,TrainingNeighbor_1,1774213344,1,0,0
vqp8n68f,51,s1r5lhuv,7,presurvey,TrainingNeighbor_2,1774213353,1,0,0
vqp8n68f,54,rsa348vs,2,presurvey,AudioCheck,1774213376,1,0,0
vqp8n68f,51,s1r5lhuv,10,presurvey,ExperimentInstruction,1774213378,1,0,0
vqp8n68f,51,s1r5lhuv,11,presurvey,Scenario,1774213411,1,0,0
vqp8n68f,53,ksrl2elc,5,presurvey,Training,1774213418,1,0,0
vqp8n68f,54,rsa348vs,3,presurvey,Demographics,1774213432,1,0,0
vqp8n68f,55,sab7mpt3,0,,InitializeParticipant,1774213441,1,0,0
vqp8n68f,42,lz7w9i8o,13,mock_N08_N04_Aonly,GroupingWaitPage,1774213449,1,0,1
vqp8n68f,42,lz7w9i8o,14,mock_N08_N04_Aonly,GroupSizeWaitPage,1774213449,1,0,1
vqp8n68f,42,lz7w9i8o,15,mock_N08_N04_Aonly,AttentionCheck,1774213455,1,0,0
vqp8n68f,56,dl92tif5,0,,InitializeParticipant,1774213464,1,0,0
vqp8n68f,55,sab7mpt3,1,presurvey,Introduction,1774213466,1,0,0
vqp8n68f,57,ry45dt3c,0,,InitializeParticipant,1774213474,1,0,0
vqp8n68f,55,sab7mpt3,2,presurvey,AudioCheck,1774213505,1,0,0
vqp8n68f,56,dl92tif5,1,presurvey,Introduction,1774213513,1,0,0
vqp8n68f,55,sab7mpt3,3,presurvey,Demographics,1774213528,1,0,0
vqp8n68f,58,8tnvndkb,0,,InitializeParticipant,1774213529,1,0,0
vqp8n68f,51,s1r5lhuv,12,presurvey,Commitment,1774213531,1,0,0
vqp8n68f,56,dl92tif5,2,presurvey,AudioCheck,1774213532,1,0,0
vqp8n68f,54,rsa348vs,4,presurvey,NeighborhoodInstruction,1774213539,1,0,0
vqp8n68f,53,ksrl2elc,6,presurvey,TrainingNeighbor_1,1774213548,1,0,0
vqp8n68f,56,dl92tif5,3,presurvey,Demographics,1774213553,1,0,0
vqp8n68f,55,sab7mpt3,4,presurvey,NeighborhoodInstruction,1774213574,1,0,0
vqp8n68f,56,dl92tif5,4,presurvey,NeighborhoodInstruction,1774213579,1,0,0
vqp8n68f,44,pgc4ghh0,13,mock_N08_N04_Aonly,GroupingWaitPage,1774213586,1,0,1
vqp8n68f,44,pgc4ghh0,14,mock_N08_N04_Aonly,GroupSizeWaitPage,1774213586,1,0,1
vqp8n68f,44,pgc4ghh0,15,mock_N08_N04_Aonly,AttentionCheck,1774213596,1,0,0
vqp8n68f,53,ksrl2elc,10,presurvey,ExperimentInstruction,1774213597,1,0,0
vqp8n68f,54,rsa348vs,5,presurvey,Training,1774213605,1,0,0
vqp8n68f,58,8tnvndkb,1,presurvey,Introduction,1774213606,1,0,0
vqp8n68f,55,sab7mpt3,5,presurvey,Training,1774213617,1,0,0
vqp8n68f,56,dl92tif5,5,presurvey,Training,1774213624,1,0,0
vqp8n68f,58,8tnvndkb,2,presurvey,AudioCheck,1774213630,1,0,0
vqp8n68f,54,rsa348vs,6,presurvey,TrainingNeighbor_1,1774213641,1,0,0
vqp8n68f,58,8tnvndkb,3,presurvey,Demographics,1774213655,1,0,0
vqp8n68f,56,dl92tif5,6,presurvey,TrainingNeighbor_1,1774213662,1,0,0
vqp8n68f,56,dl92tif5,10,presurvey,ExperimentInstruction,1774213669,1,0,0
vqp8n68f,53,ksrl2elc,11,presurvey,Scenario,1774213674,1,0,0
vqp8n68f,54,rsa348vs,7,presurvey,TrainingNeighbor_2,1774213684,1,0,0
vqp8n68f,59,vw8a8q1a,0,,InitializeParticipant,1774213687,1,0,0
vqp8n68f,58,8tnvndkb,4,presurvey,NeighborhoodInstruction,1774213696,1,0,0
vqp8n68f,56,dl92tif5,11,presurvey,Scenario,1774213704,1,0,0
vqp8n68f,54,rsa348vs,8,presurvey,AttentionCheck,1774213709,1,0,0
vqp8n68f,48,qyfx187v,13,mock_N08_N04_Aonly,GroupingWaitPage,1774213721,1,0,1
vqp8n68f,48,qyfx187v,14,mock_N08_N04_Aonly,GroupSizeWaitPage,1774213722,1,0,1
vqp8n68f,48,qyfx187v,15,mock_N08_N04_Aonly,AttentionCheck,1774213727,1,0,0
vqp8n68f,54,rsa348vs,9,presurvey,TrainingNeighbor_3,1774213730,1,0,0
vqp8n68f,60,0dc66c07,0,,InitializeParticipant,1774213741,1,0,0
vqp8n68f,54,rsa348vs,10,presurvey,ExperimentInstruction,1774213753,1,0,0
vqp8n68f,60,0dc66c07,1,presurvey,Introduction,1774213753,1,0,0
vqp8n68f,58,8tnvndkb,5,presurvey,Training,1774213758,1,0,0
vqp8n68f,60,0dc66c07,2,presurvey,AudioCheck,1774213767,1,0,0
vqp8n68f,61,djhbgwfs,0,,InitializeParticipant,1774213774,1,0,0
vqp8n68f,60,0dc66c07,3,presurvey,Demographics,1774213777,1,0,0
vqp8n68f,55,sab7mpt3,6,presurvey,TrainingNeighbor_1,1774213782,1,0,0
vqp8n68f,54,rsa348vs,11,presurvey,Scenario,1774213783,1,0,0
vqp8n68f,55,sab7mpt3,10,presurvey,ExperimentInstruction,1774213790,1,0,0
vqp8n68f,60,0dc66c07,4,presurvey,NeighborhoodInstruction,1774213792,1,0,0
vqp8n68f,61,djhbgwfs,1,presurvey,Introduction,1774213794,1,0,0
vqp8n68f,57,ry45dt3c,1,presurvey,Introduction,1774213797,1,0,0
vqp8n68f,60,0dc66c07,5,presurvey,Training,1774213816,1,0,0
vqp8n68f,58,8tnvndkb,6,presurvey,TrainingNeighbor_1,1774213819,1,0,0
vqp8n68f,54,rsa348vs,12,presurvey,Commitment,1774213819,1,0,0
vqp8n68f,55,sab7mpt3,11,presurvey,Scenario,1774213837,1,0,0
vqp8n68f,61,djhbgwfs,2,presurvey,AudioCheck,1774213842,1,0,0
vqp8n68f,60,0dc66c07,6,presurvey,TrainingNeighbor_1,1774213846,1,0,0
vqp8n68f,58,8tnvndkb,7,presurvey,TrainingNeighbor_2,1774213852,1,0,0
vqp8n68f,60,0dc66c07,7,presurvey,TrainingNeighbor_2,1774213858,1,0,0
vqp8n68f,57,ry45dt3c,2,presurvey,AudioCheck,1774213866,1,0,0
vqp8n68f,60,0dc66c07,10,presurvey,ExperimentInstruction,1774213870,1,0,0
vqp8n68f,58,8tnvndkb,8,presurvey,AttentionCheck,1774213870,1,0,0
vqp8n68f,61,djhbgwfs,3,presurvey,Demographics,1774213883,1,0,0
vqp8n68f,57,ry45dt3c,3,presurvey,Demographics,1774213890,1,0,0
vqp8n68f,60,0dc66c07,11,presurvey,Scenario,1774213901,1,0,0
vqp8n68f,61,djhbgwfs,4,presurvey,NeighborhoodInstruction,1774213915,1,0,0
vqp8n68f,58,8tnvndkb,9,presurvey,TrainingNeighbor_3,1774213936,1,0,0
vqp8n68f,62,rhzvx71n,0,,InitializeParticipant,1774213943,1,0,0
vqp8n68f,57,ry45dt3c,4,presurvey,NeighborhoodInstruction,1774213948,1,0,0
vqp8n68f,49,b8xlpmy2,11,presurvey,Scenario,1774213957,1,0,0
vqp8n68f,62,rhzvx71n,1,presurvey,Introduction,1774213960,1,0,0
vqp8n68f,58,8tnvndkb,10,presurvey,ExperimentInstruction,1774213965,1,0,0
vqp8n68f,63,8nwcu3wa,0,,InitializeParticipant,1774213967,1,0,0
vqp8n68f,62,rhzvx71n,2,presurvey,AudioCheck,1774213975,1,0,0
vqp8n68f,63,8nwcu3wa,1,presurvey,Introduction,1774213980,1,0,0
vqp8n68f,61,djhbgwfs,5,presurvey,Training,1774213983,1,0,0
vqp8n68f,62,rhzvx71n,3,presurvey,Demographics,1774213994,1,0,0
vqp8n68f,63,8nwcu3wa,2,presurvey,AudioCheck,1774213997,1,0,0
vqp8n68f,63,8nwcu3wa,3,presurvey,Demographics,1774214011,1,0,0
vqp8n68f,58,8tnvndkb,11,presurvey,Scenario,1774214016,1,0,0
vqp8n68f,63,8nwcu3wa,4,presurvey,NeighborhoodInstruction,1774214035,1,0,0
vqp8n68f,57,ry45dt3c,5,presurvey,Training,1774214044,1,0,0
vqp8n68f,62,rhzvx71n,4,presurvey,NeighborhoodInstruction,1774214054,1,0,0
vqp8n68f,61,djhbgwfs,6,presurvey,TrainingNeighbor_1,1774214059,1,0,0
vqp8n68f,61,djhbgwfs,10,presurvey,ExperimentInstruction,1774214061,1,0,0
vqp8n68f,63,8nwcu3wa,5,presurvey,Training,1774214067,1,0,0
vqp8n68f,34,gdwq65b7,13,mock_N08_N04_Aonly,GroupingWaitPage,1774214088,1,0,1
vqp8n68f,34,gdwq65b7,14,mock_N08_N04_Aonly,GroupSizeWaitPage,1774214089,1,0,1
vqp8n68f,34,gdwq65b7,15,mock_N08_N04_Aonly,AttentionCheck,1774214099,1,0,0
vqp8n68f,62,rhzvx71n,5,presurvey,Training,1774214102,1,0,0
vqp8n68f,63,8nwcu3wa,6,presurvey,TrainingNeighbor_1,1774214107,1,0,0
vqp8n68f,63,8nwcu3wa,7,presurvey,TrainingNeighbor_2,1774214117,1,0,0
vqp8n68f,57,ry45dt3c,6,presurvey,TrainingNeighbor_1,1774214121,1,0,0
vqp8n68f,61,djhbgwfs,11,presurvey,Scenario,1774214123,1,0,0
vqp8n68f,63,8nwcu3wa,10,presurvey,ExperimentInstruction,1774214125,1,0,0
vqp8n68f,57,ry45dt3c,10,presurvey,ExperimentInstruction,1774214140,1,0,0
vqp8n68f,63,8nwcu3wa,11,presurvey,Scenario,1774214149,1,0,0
vqp8n68f,62,rhzvx71n,6,presurvey,TrainingNeighbor_1,1774214181,1,0,0
vqp8n68f,62,rhzvx71n,7,presurvey,TrainingNeighbor_2,1774214198,1,0,0
vqp8n68f,62,rhzvx71n,10,presurvey,ExperimentInstruction,1774214221,1,0,0
vqp8n68f,62,rhzvx71n,11,presurvey,Scenario,1774214276,1,0,0
vqp8n68f,57,ry45dt3c,11,presurvey,Scenario,1774214279,1,0,0
vqp8n68f,64,ric5e44a,0,,InitializeParticipant,1774214314,1,0,0
vqp8n68f,64,ric5e44a,1,presurvey,Introduction,1774214336,1,0,0
vqp8n68f,65,7apmfnfc,0,,InitializeParticipant,1774214343,1,0,0
vqp8n68f,62,rhzvx71n,12,presurvey,Commitment,1774214346,1,0,0
vqp8n68f,65,7apmfnfc,1,presurvey,Introduction,1774214350,1,0,0
vqp8n68f,65,7apmfnfc,2,presurvey,AudioCheck,1774214386,1,0,0
vqp8n68f,65,7apmfnfc,3,presurvey,Demographics,1774214401,1,0,0
vqp8n68f,65,7apmfnfc,4,presurvey,NeighborhoodInstruction,1774214454,1,0,0
vqp8n68f,65,7apmfnfc,5,presurvey,Training,1774214509,1,0,0
vqp8n68f,66,y2zzd6ex,2,presurvey,AudioCheck,1774214644,1,0,0
vqp8n68f,66,y2zzd6ex,3,presurvey,Demographics,1774214660,1,0,0
vqp8n68f,65,7apmfnfc,11,presurvey,Scenario,1774214672,1,0,0
vqp8n68f,67,2r2ccek7,0,,InitializeParticipant,1774214675,1,0,0
vqp8n68f,67,2r2ccek7,1,presurvey,Introduction,1774214679,1,0,0
vqp8n68f,66,y2zzd6ex,4,presurvey,NeighborhoodInstruction,1774214688,1,0,0
vqp8n68f,67,2r2ccek7,2,presurvey,AudioCheck,1774214696,1,0,0
vqp8n68f,67,2r2ccek7,3,presurvey,Demographics,1774214708,1,0,0
vqp8n68f,67,2r2ccek7,4,presurvey,NeighborhoodInstruction,1774214712,1,0,0
vqp8n68f,68,4lcld5nl,0,,InitializeParticipant,1774214712,1,0,0
vqp8n68f,69,0w1ypd05,0,,InitializeParticipant,1774214717,1,0,0
vqp8n68f,67,2r2ccek7,5,presurvey,Training,1774214719,1,0,0
vqp8n68f,66,y2zzd6ex,5,presurvey,Training,1774214720,1,0,0
vqp8n68f,69,0w1ypd05,1,presurvey,Introduction,1774214725,1,0,0
vqp8n68f,68,4lcld5nl,1,presurvey,Introduction,1774214729,1,0,0
vqp8n68f,51,s1r5lhuv,13,mock_N08_N04_Aonly,GroupingWaitPage,1774214733,1,0,1
vqp8n68f,51,s1r5lhuv,14,mock_N08_N04_Aonly,GroupSizeWaitPage,1774214734,1,0,1
vqp8n68f,68,4lcld5nl,2,presurvey,AudioCheck,1774214745,1,0,0
vqp8n68f,67,2r2ccek7,6,presurvey,TrainingNeighbor_1,1774214747,1,0,0
vqp8n68f,67,2r2ccek7,10,presurvey,ExperimentInstruction,1774214749,1,0,0
vqp8n68f,51,s1r5lhuv,15,mock_N08_N04_Aonly,AttentionCheck,1774214754,1,0,0
vqp8n68f,66,y2zzd6ex,6,presurvey,TrainingNeighbor_1,1774214759,1,0,0
vqp8n68f,67,2r2ccek7,11,presurvey,Scenario,1774214760,1,0,0
vqp8n68f,67,2r2ccek7,12,presurvey,Commitment,1774214771,1,0,0
vqp8n68f,66,y2zzd6ex,10,presurvey,ExperimentInstruction,1774214774,1,0,0
vqp8n68f,68,4lcld5nl,3,presurvey,Demographics,1774214784,1,0,0
vqp8n68f,69,0w1ypd05,2,presurvey,AudioCheck,1774214803,1,0,0
vqp8n68f,69,0w1ypd05,3,presurvey,Demographics,1774214822,1,0,0
vqp8n68f,68,4lcld5nl,4,presurvey,NeighborhoodInstruction,1774214824,1,0,0
vqp8n68f,69,0w1ypd05,4,presurvey,NeighborhoodInstruction,1774214845,1,0,0
vqp8n68f,68,4lcld5nl,5,presurvey,Training,1774214855,1,0,0
vqp8n68f,69,0w1ypd05,5,presurvey,Training,1774214877,1,0,0
vqp8n68f,66,y2zzd6ex,11,presurvey,Scenario,1774214881,1,0,0
vqp8n68f,68,4lcld5nl,6,presurvey,TrainingNeighbor_1,1774214885,1,0,0
vqp8n68f,68,4lcld5nl,10,presurvey,ExperimentInstruction,1774214899,1,0,0
vqp8n68f,70,zsu1qtzl,0,,InitializeParticipant,1774214904,1,0,0
vqp8n68f,69,0w1ypd05,6,presurvey,TrainingNeighbor_1,1774214916,1,0,0
vqp8n68f,70,zsu1qtzl,1,presurvey,Introduction,1774214925,1,0,0
vqp8n68f,68,4lcld5nl,11,presurvey,Scenario,1774214929,1,0,0
vqp8n68f,69,0w1ypd05,7,presurvey,TrainingNeighbor_2,1774214929,1,0,0
vqp8n68f,70,zsu1qtzl,2,presurvey,AudioCheck,1774214942,1,0,0
vqp8n68f,69,0w1ypd05,10,presurvey,ExperimentInstruction,1774214943,1,0,0
vqp8n68f,70,zsu1qtzl,3,presurvey,Demographics,1774214955,1,0,0
vqp8n68f,70,zsu1qtzl,4,presurvey,NeighborhoodInstruction,1774214973,1,0,0
vqp8n68f,69,0w1ypd05,11,presurvey,Scenario,1774214973,1,0,0
vqp8n68f,68,4lcld5nl,12,presurvey,Commitment,1774214975,1,0,0
vqp8n68f,71,6sm6vw5s,0,,InitializeParticipant,1774214984,1,0,0
vqp8n68f,71,6sm6vw5s,1,presurvey,Introduction,1774214988,1,0,0
vqp8n68f,70,zsu1qtzl,5,presurvey,Training,1774215006,1,0,0
vqp8n68f,71,6sm6vw5s,2,presurvey,AudioCheck,1774215009,1,0,0
vqp8n68f,69,0w1ypd05,12,presurvey,Commitment,1774215015,1,0,0
vqp8n68f,71,6sm6vw5s,3,presurvey,Demographics,1774215025,1,0,0
vqp8n68f,71,6sm6vw5s,4,presurvey,NeighborhoodInstruction,1774215029,1,0,0
vqp8n68f,70,zsu1qtzl,6,presurvey,TrainingNeighbor_1,1774215030,1,0,0
vqp8n68f,71,6sm6vw5s,5,presurvey,Training,1774215036,1,0,0
vqp8n68f,70,zsu1qtzl,10,presurvey,ExperimentInstruction,1774215037,1,0,0
vqp8n68f,71,6sm6vw5s,6,presurvey,TrainingNeighbor_1,1774215047,1,0,0
vqp8n68f,71,6sm6vw5s,10,presurvey,ExperimentInstruction,1774215050,1,0,0
vqp8n68f,71,6sm6vw5s,11,presurvey,Scenario,1774215062,1,0,0
vqp8n68f,70,zsu1qtzl,11,presurvey,Scenario,1774215068,1,0,0
vqp8n68f,70,zsu1qtzl,12,presurvey,Commitment,1774215096,1,0,0
vqp8n68f,72,wmow1s7f,0,,InitializeParticipant,1774215260,1,0,0
vqp8n68f,72,wmow1s7f,1,presurvey,Introduction,1774215266,1,0,0
vqp8n68f,72,wmow1s7f,2,presurvey,AudioCheck,1774215286,1,0,0
vqp8n68f,72,wmow1s7f,3,presurvey,Demographics,1774215298,1,0,0
vqp8n68f,72,wmow1s7f,4,presurvey,NeighborhoodInstruction,1774215313,1,0,0
vqp8n68f,73,1v8a7duo,0,,InitializeParticipant,1774215344,1,0,0
vqp8n68f,73,1v8a7duo,1,presurvey,Introduction,1774215348,1,0,0
vqp8n68f,72,wmow1s7f,5,presurvey,Training,1774215362,1,0,0
vqp8n68f,73,1v8a7duo,2,presurvey,AudioCheck,1774215366,1,0,0
vqp8n68f,73,1v8a7duo,3,presurvey,Demographics,1774215380,1,0,0
vqp8n68f,73,1v8a7duo,4,presurvey,NeighborhoodInstruction,1774215403,1,0,0
vqp8n68f,72,wmow1s7f,6,presurvey,TrainingNeighbor_1,1774215419,1,0,0
vqp8n68f,72,wmow1s7f,7,presurvey,TrainingNeighbor_2,1774215430,1,0,0
vqp8n68f,73,1v8a7duo,5,presurvey,Training,1774215441,1,0,0
vqp8n68f,72,wmow1s7f,10,presurvey,ExperimentInstruction,1774215450,1,0,0
vqp8n68f,74,ri8vij35,0,,InitializeParticipant,1774215471,1,0,0
vqp8n68f,73,1v8a7duo,6,presurvey,TrainingNeighbor_1,1774215482,1,0,0
vqp8n68f,73,1v8a7duo,7,presurvey,TrainingNeighbor_2,1774215490,1,0,0
vqp8n68f,72,wmow1s7f,11,presurvey,Scenario,1774215495,1,0,0
vqp8n68f,73,1v8a7duo,10,presurvey,ExperimentInstruction,1774215497,1,0,0
vqp8n68f,74,ri8vij35,1,presurvey,Introduction,1774215509,1,0,0
vqp8n68f,74,ri8vij35,2,presurvey,AudioCheck,1774215532,1,0,0
vqp8n68f,73,1v8a7duo,11,presurvey,Scenario,1774215537,1,0,0
vqp8n68f,62,rhzvx71n,13,mock_N08_N04_Aonly,GroupingWaitPage,1774215547,1,0,1
vqp8n68f,62,rhzvx71n,14,mock_N08_N04_Aonly,GroupSizeWaitPage,1774215547,1,0,1
vqp8n68f,62,rhzvx71n,15,mock_N08_N04_Aonly,AttentionCheck,1774215552,1,0,0
vqp8n68f,72,wmow1s7f,12,presurvey,Commitment,1774215554,1,0,0
vqp8n68f,74,ri8vij35,3,presurvey,Demographics,1774215565,1,0,0
vqp8n68f,73,1v8a7duo,12,presurvey,Commitment,1774215593,1,0,0
vqp8n68f,74,ri8vij35,4,presurvey,NeighborhoodInstruction,1774215606,1,0,0
vqp8n68f,74,ri8vij35,5,presurvey,Training,1774215661,1,0,0
vqp8n68f,74,ri8vij35,6,presurvey,TrainingNeighbor_1,1774215701,1,0,0
vqp8n68f,74,ri8vij35,10,presurvey,ExperimentInstruction,1774215736,1,0,0
vqp8n68f,74,ri8vij35,11,presurvey,Scenario,1774215778,1,0,0
vqp8n68f,75,b2ungojl,0,,InitializeParticipant,1774215815,1,0,0
vqp8n68f,74,ri8vij35,12,presurvey,Commitment,1774215821,1,0,0
vqp8n68f,76,npfp3pu1,0,,InitializeParticipant,1774215828,1,0,0
vqp8n68f,76,npfp3pu1,1,presurvey,Introduction,1774215832,1,0,0
vqp8n68f,76,npfp3pu1,2,presurvey,AudioCheck,1774215856,1,0,0
vqp8n68f,76,npfp3pu1,3,presurvey,Demographics,1774215875,1,0,0
vqp8n68f,75,b2ungojl,1,presurvey,Introduction,1774215886,1,0,0
vqp8n68f,75,b2ungojl,2,presurvey,AudioCheck,1774215900,1,0,0
vqp8n68f,76,npfp3pu1,4,presurvey,NeighborhoodInstruction,1774215904,1,0,0
vqp8n68f,76,npfp3pu1,5,presurvey,Training,1774215930,1,0,0
vqp8n68f,75,b2ungojl,3,presurvey,Demographics,1774215930,1,0,0
vqp8n68f,77,g8mg8kff,0,,InitializeParticipant,1774215947,1,0,0
vqp8n68f,76,npfp3pu1,6,presurvey,TrainingNeighbor_1,1774215963,1,0,0
vqp8n68f,77,g8mg8kff,1,presurvey,Introduction,1774215971,1,0,0
vqp8n68f,76,npfp3pu1,10,presurvey,ExperimentInstruction,1774215971,1,0,0
vqp8n68f,78,clob1iy3,0,,InitializeParticipant,1774215988,1,0,0
vqp8n68f,77,g8mg8kff,2,presurvey,AudioCheck,1774215990,1,0,0
vqp8n68f,78,clob1iy3,1,presurvey,Introduction,1774215995,1,0,0
vqp8n68f,76,npfp3pu1,11,presurvey,Scenario,1774215997,1,0,0
vqp8n68f,77,g8mg8kff,3,presurvey,Demographics,1774216013,1,0,0
vqp8n68f,78,clob1iy3,2,presurvey,AudioCheck,1774216038,1,0,0
vqp8n68f,77,g8mg8kff,4,presurvey,NeighborhoodInstruction,1774216042,1,0,0
vqp8n68f,78,clob1iy3,3,presurvey,Demographics,1774216051,1,0,0
vqp8n68f,78,clob1iy3,4,presurvey,NeighborhoodInstruction,1774216070,1,0,0
vqp8n68f,79,aak2x45k,0,,InitializeParticipant,1774216070,1,0,0
vqp8n68f,77,g8mg8kff,5,presurvey,Training,1774216076,1,0,0
vqp8n68f,78,clob1iy3,5,presurvey,Training,1774216098,1,0,0
vqp8n68f,68,4lcld5nl,13,mock_N08_N04_Aonly,GroupingWaitPage,1774216116,1,0,1
vqp8n68f,68,4lcld5nl,14,mock_N08_N04_Aonly,GroupSizeWaitPage,1774216116,1,0,1
vqp8n68f,68,4lcld5nl,15,mock_N08_N04_Aonly,AttentionCheck,1774216121,1,0,0
vqp8n68f,77,g8mg8kff,6,presurvey,TrainingNeighbor_1,1774216124,1,0,0
vqp8n68f,78,clob1iy3,6,presurvey,TrainingNeighbor_1,1774216135,1,0,0
vqp8n68f,79,aak2x45k,1,presurvey,Introduction,1774216139,1,0,0
vqp8n68f,78,clob1iy3,7,presurvey,TrainingNeighbor_2,1774216144,1,0,0
vqp8n68f,77,g8mg8kff,10,presurvey,ExperimentInstruction,1774216146,1,0,0
vqp8n68f,78,clob1iy3,10,presurvey,ExperimentInstruction,1774216152,1,0,0
vqp8n68f,69,0w1ypd05,13,mock_N08_N04_Aonly,GroupingWaitPage,1774216156,1,0,1
vqp8n68f,69,0w1ypd05,14,mock_N08_N04_Aonly,GroupSizeWaitPage,1774216157,1,0,1
vqp8n68f,69,0w1ypd05,15,mock_N08_N04_Aonly,AttentionCheck,1774216167,1,0,0
vqp8n68f,78,clob1iy3,11,presurvey,Scenario,1774216185,1,0,0
vqp8n68f,79,aak2x45k,2,presurvey,AudioCheck,1774216201,1,0,0
vqp8n68f,77,g8mg8kff,11,presurvey,Scenario,1774216209,1,0,0
vqp8n68f,80,vmh82yvr,0,,InitializeParticipant,1774216213,1,0,0
vqp8n68f,79,aak2x45k,3,presurvey,Demographics,1774216222,1,0,0
vqp8n68f,80,vmh82yvr,1,presurvey,Introduction,1774216250,1,0,0
vqp8n68f,79,aak2x45k,4,presurvey,NeighborhoodInstruction,1774216269,1,0,0
vqp8n68f,77,g8mg8kff,12,presurvey,Commitment,1774216276,1,0,0
vqp8n68f,80,vmh82yvr,2,presurvey,AudioCheck,1774216278,1,0,0
vqp8n68f,75,b2ungojl,4,presurvey,NeighborhoodInstruction,1774216280,1,0,0
vqp8n68f,80,vmh82yvr,3,presurvey,Demographics,1774216294,1,0,0
vqp8n68f,70,zsu1qtzl,13,mock_N08_N04_Aonly,GroupingWaitPage,1774216297,1,0,1
vqp8n68f,70,zsu1qtzl,14,mock_N08_N04_Aonly,GroupSizeWaitPage,1774216297,1,0,1
vqp8n68f,70,zsu1qtzl,15,mock_N08_N04_Aonly,AttentionCheck,1774216301,1,0,0
vqp8n68f,80,vmh82yvr,4,presurvey,NeighborhoodInstruction,1774216314,1,0,0
vqp8n68f,79,aak2x45k,5,presurvey,Training,1774216339,1,0,0
vqp8n68f,80,vmh82yvr,5,presurvey,Training,1774216343,1,0,0
vqp8n68f,81,5xol58vv,0,,InitializeParticipant,1774216360,1,0,0
vqp8n68f,81,5xol58vv,1,presurvey,Introduction,1774216363,1,0,0
vqp8n68f,75,b2ungojl,5,presurvey,Training,1774216371,1,0,0
vqp8n68f,81,5xol58vv,2,presurvey,AudioCheck,1774216378,1,0,0
vqp8n68f,80,vmh82yvr,6,presurvey,TrainingNeighbor_1,1774216382,1,0,0
vqp8n68f,79,aak2x45k,6,presurvey,TrainingNeighbor_1,1774216383,1,0,0
vqp8n68f,80,vmh82yvr,10,presurvey,ExperimentInstruction,1774216387,1,0,0
vqp8n68f,81,5xol58vv,3,presurvey,Demographics,1774216395,1,0,0
vqp8n68f,81,5xol58vv,4,presurvey,NeighborhoodInstruction,1774216435,1,0,0
vqp8n68f,79,aak2x45k,7,presurvey,TrainingNeighbor_2,1774216441,1,0,0
vqp8n68f,80,vmh82yvr,11,presurvey,Scenario,1774216441,1,0,0
vqp8n68f,81,5xol58vv,5,presurvey,Training,1774216448,1,0,0
vqp8n68f,79,aak2x45k,10,presurvey,ExperimentInstruction,1774216470,1,0,0
vqp8n68f,80,vmh82yvr,12,presurvey,Commitment,1774216476,1,0,0
vqp8n68f,81,5xol58vv,6,presurvey,TrainingNeighbor_1,1774216508,1,0,0
vqp8n68f,81,5xol58vv,10,presurvey,ExperimentInstruction,1774216516,1,0,0
vqp8n68f,79,aak2x45k,11,presurvey,Scenario,1774216528,1,0,0
vqp8n68f,75,b2ungojl,6,presurvey,TrainingNeighbor_1,1774216550,1,0,0
vqp8n68f,81,5xol58vv,11,presurvey,Scenario,1774216554,1,0,0
vqp8n68f,75,b2ungojl,7,presurvey,TrainingNeighbor_2,1774216567,1,0,0
vqp8n68f,82,tybqh4qu,0,,InitializeParticipant,1774216580,1,0,0
vqp8n68f,83,eb2qpiay,0,,InitializeParticipant,1774216599,1,0,0
vqp8n68f,79,aak2x45k,12,presurvey,Commitment,1774216604,1,0,0
vqp8n68f,75,b2ungojl,10,presurvey,ExperimentInstruction,1774216637,1,0,0
vqp8n68f,81,5xol58vv,12,presurvey,Commitment,1774216661,1,0,0
vqp8n68f,83,eb2qpiay,1,presurvey,Introduction,1774216686,1,0,0
vqp8n68f,72,wmow1s7f,13,mock_N08_N04_Aonly,GroupingWaitPage,1774216702,1,0,1
vqp8n68f,72,wmow1s7f,14,mock_N08_N04_Aonly,GroupSizeWaitPage,1774216702,1,0,1
vqp8n68f,83,eb2qpiay,2,presurvey,AudioCheck,1774216707,1,0,0
vqp8n68f,72,wmow1s7f,15,mock_N08_N04_Aonly,AttentionCheck,1774216709,1,0,0
vqp8n68f,83,eb2qpiay,3,presurvey,Demographics,1774216723,1,0,0
vqp8n68f,83,eb2qpiay,4,presurvey,NeighborhoodInstruction,1774216742,1,0,0
vqp8n68f,77,g8mg8kff,13,mock_N08_N04_Aonly,GroupingWaitPage,1774216743,1,0,1
vqp8n68f,80,vmh82yvr,13,mock_N08_N04_Aonly,GroupingWaitPage,1774216743,1,0,1
vqp8n68f,81,5xol58vv,13,mock_N08_N04_Aonly,GroupingWaitPage,1774216743,1,0,1
vqp8n68f,73,1v8a7duo,13,mock_N08_N04_Aonly,GroupingWaitPage,1774216743,1,0,1
vqp8n68f,77,g8mg8kff,14,mock_N08_N04_Aonly,GroupSizeWaitPage,1774216744,1,0,1
vqp8n68f,80,vmh82yvr,14,mock_N08_N04_Aonly,GroupSizeWaitPage,1774216744,1,0,1
vqp8n68f,81,5xol58vv,14,mock_N08_N04_Aonly,GroupSizeWaitPage,1774216744,1,0,1
vqp8n68f,73,1v8a7duo,14,mock_N08_N04_Aonly,GroupSizeWaitPage,1774216744,1,0,1
vqp8n68f,73,1v8a7duo,16,mock_N08_N04_Aonly,DiscussionGRPWaitPage,1774216744,1,0,1
vqp8n68f,80,vmh82yvr,16,mock_N08_N04_Aonly,DiscussionGRPWaitPage,1774216744,1,0,1
vqp8n68f,81,5xol58vv,16,mock_N08_N04_Aonly,DiscussionGRPWaitPage,1774216744,1,0,1
vqp8n68f,77,g8mg8kff,16,mock_N08_N04_Aonly,DiscussionGRPWaitPage,1774216744,1,0,1
vqp8n68f,81,5xol58vv,20,mock_N08_N04_Aonly,Phase3,1774216752,1,0,0
vqp8n68f,80,vmh82yvr,20,mock_N08_N04_Aonly,Phase3,1774216759,1,0,0
vqp8n68f,81,5xol58vv,21,mock_N08_N04_Aonly,Discussion,1774216760,1,0,0
vqp8n68f,73,1v8a7duo,20,mock_N08_N04_Aonly,Phase3,1774216763,1,0,0
vqp8n68f,73,1v8a7duo,21,mock_N08_N04_Aonly,Discussion,1774216773,1,0,0
vqp8n68f,83,eb2qpiay,5,presurvey,Training,1774216775,1,0,0
vqp8n68f,80,vmh82yvr,21,mock_N08_N04_Aonly,Discussion,1774216777,1,0,0
vqp8n68f,77,g8mg8kff,20,mock_N08_N04_Aonly,Phase3,1774216779,1,0,0
vqp8n68f,77,g8mg8kff,21,mock_N08_N04_Aonly,Discussion,1774216793,1,0,0
vqp8n68f,80,vmh82yvr,27,mock_N08_N04_Aonly,DiscussionGRPWaitPage,1774216794,2,0,1
vqp8n68f,81,5xol58vv,27,mock_N08_N04_Aonly,DiscussionGRPWaitPage,1774216794,2,0,1
vqp8n68f,77,g8mg8kff,27,mock_N08_N04_Aonly,DiscussionGRPWaitPage,1774216794,2,0,1
vqp8n68f,73,1v8a7duo,27,mock_N08_N04_Aonly,DiscussionGRPWaitPage,1774216794,2,0,1
vqp8n68f,81,5xol58vv,32,mock_N08_N04_Aonly,Discussion,1774216802,2,0,0
vqp8n68f,83,eb2qpiay,6,presurvey,TrainingNeighbor_1,1774216805,1,0,0
vqp8n68f,73,1v8a7duo,32,mock_N08_N04_Aonly,Discussion,1774216806,2,0,0
vqp8n68f,83,eb2qpiay,10,presurvey,ExperimentInstruction,1774216811,1,0,0
vqp8n68f,80,vmh82yvr,32,mock_N08_N04_Aonly,Discussion,1774216811,2,0,0
vqp8n68f,77,g8mg8kff,32,mock_N08_N04_Aonly,Discussion,1774216812,2,0,0
vqp8n68f,80,vmh82yvr,38,mock_N08_N04_Aonly,DiscussionGRPWaitPage,1774216812,3,0,1
vqp8n68f,81,5xol58vv,38,mock_N08_N04_Aonly,DiscussionGRPWaitPage,1774216812,3,0,1
vqp8n68f,77,g8mg8kff,38,mock_N08_N04_Aonly,DiscussionGRPWaitPage,1774216812,3,0,1
vqp8n68f,73,1v8a7duo,38,mock_N08_N04_Aonly,DiscussionGRPWaitPage,1774216812,3,0,1
vqp8n68f,81,5xol58vv,43,mock_N08_N04_Aonly,Discussion,1774216819,3,0,0
vqp8n68f,73,1v8a7duo,43,mock_N08_N04_Aonly,Discussion,1774216820,3,0,0
vqp8n68f,77,g8mg8kff,43,mock_N08_N04_Aonly,Discussion,1774216827,3,0,0
vqp8n68f,80,vmh82yvr,43,mock_N08_N04_Aonly,Discussion,1774216835,3,0,0
vqp8n68f,80,vmh82yvr,49,mock_N08_N04_Aonly,DiscussionGRPWaitPage,1774216835,4,0,1
vqp8n68f,81,5xol58vv,49,mock_N08_N04_Aonly,DiscussionGRPWaitPage,1774216835,4,0,1
vqp8n68f,77,g8mg8kff,49,mock_N08_N04_Aonly,DiscussionGRPWaitPage,1774216835,4,0,1
vqp8n68f,73,1v8a7duo,49,mock_N08_N04_Aonly,DiscussionGRPWaitPage,1774216835,4,0,1
vqp8n68f,77,g8mg8kff,54,mock_N08_N04_Aonly,Discussion,1774216840,4,0,0
vqp8n68f,81,5xol58vv,54,mock_N08_N04_Aonly,Discussion,1774216842,4,0,0
vqp8n68f,73,1v8a7duo,54,mock_N08_N04_Aonly,Discussion,1774216845,4,0,0
vqp8n68f,80,vmh82yvr,54,mock_N08_N04_Aonly,Discussion,1774216851,4,0,0
vqp8n68f,77,g8mg8kff,60,mock_N08_N04_Aonly,DiscussionGRPWaitPage,1774216851,5,0,1
vqp8n68f,80,vmh82yvr,60,mock_N08_N04_Aonly,DiscussionGRPWaitPage,1774216851,5,0,1
vqp8n68f,81,5xol58vv,60,mock_N08_N04_Aonly,DiscussionGRPWaitPage,1774216851,5,0,1
vqp8n68f,73,1v8a7duo,60,mock_N08_N04_Aonly,DiscussionGRPWaitPage,1774216851,5,0,1
vqp8n68f,77,g8mg8kff,65,mock_N08_N04_Aonly,Discussion,1774216856,5,0,0
vqp8n68f,73,1v8a7duo,65,mock_N08_N04_Aonly,Discussion,1774216858,5,0,0
vqp8n68f,80,vmh82yvr,65,mock_N08_N04_Aonly,Discussion,1774216859,5,0,0
vqp8n68f,81,5xol58vv,65,mock_N08_N04_Aonly,Discussion,1774216861,5,0,0
vqp8n68f,80,vmh82yvr,71,mock_N08_N04_Aonly,DiscussionGRPWaitPage,1774216861,6,0,1
vqp8n68f,73,1v8a7duo,71,mock_N08_N04_Aonly,DiscussionGRPWaitPage,1774216861,6,0,1
vqp8n68f,81,5xol58vv,71,mock_N08_N04_Aonly,DiscussionGRPWaitPage,1774216861,6,0,1
vqp8n68f,77,g8mg8kff,71,mock_N08_N04_Aonly,DiscussionGRPWaitPage,1774216861,6,0,1
vqp8n68f,83,eb2qpiay,11,presurvey,Scenario,1774216863,1,0,0
vqp8n68f,77,g8mg8kff,76,mock_N08_N04_Aonly,Discussion,1774216866,6,0,0
vqp8n68f,81,5xol58vv,76,mock_N08_N04_Aonly,Discussion,1774216866,6,0,0
vqp8n68f,73,1v8a7duo,76,mock_N08_N04_Aonly,Discussion,1774216870,6,0,0
vqp8n68f,80,vmh82yvr,76,mock_N08_N04_Aonly,Discussion,1774216871,6,0,0
vqp8n68f,80,vmh82yvr,82,mock_N08_N04_Aonly,DiscussionGRPWaitPage,1774216871,7,0,1
vqp8n68f,77,g8mg8kff,82,mock_N08_N04_Aonly,DiscussionGRPWaitPage,1774216871,7,0,1
vqp8n68f,81,5xol58vv,82,mock_N08_N04_Aonly,DiscussionGRPWaitPage,1774216871,7,0,1
vqp8n68f,73,1v8a7duo,82,mock_N08_N04_Aonly,DiscussionGRPWaitPage,1774216871,7,0,1
vqp8n68f,81,5xol58vv,87,mock_N08_N04_Aonly,Discussion,1774216875,7,0,0
vqp8n68f,80,vmh82yvr,87,mock_N08_N04_Aonly,Discussion,1774216877,7,0,0
vqp8n68f,77,g8mg8kff,87,mock_N08_N04_Aonly,Discussion,1774216877,7,0,0
vqp8n68f,73,1v8a7duo,87,mock_N08_N04_Aonly,Discussion,1774216880,7,0,0
vqp8n68f,80,vmh82yvr,93,mock_N08_N04_Aonly,DiscussionGRPWaitPage,1774216881,8,0,1
vqp8n68f,81,5xol58vv,93,mock_N08_N04_Aonly,DiscussionGRPWaitPage,1774216881,8,0,1
vqp8n68f,77,g8mg8kff,93,mock_N08_N04_Aonly,DiscussionGRPWaitPage,1774216881,8,0,1
vqp8n68f,73,1v8a7duo,93,mock_N08_N04_Aonly,DiscussionGRPWaitPage,1774216881,8,0,1
vqp8n68f,81,5xol58vv,98,mock_N08_N04_Aonly,Discussion,1774216885,8,0,0
vqp8n68f,73,1v8a7duo,98,mock_N08_N04_Aonly,Discussion,1774216887,8,0,0
vqp8n68f,77,g8mg8kff,98,mock_N08_N04_Aonly,Discussion,1774216887,8,0,0
vqp8n68f,75,b2ungojl,11,presurvey,Scenario,1774216893,1,0,0
vqp8n68f,80,vmh82yvr,98,mock_N08_N04_Aonly,Discussion,1774216896,8,0,0
vqp8n68f,80,vmh82yvr,104,mock_N08_N04_Aonly,DiscussionGRPWaitPage,1774216896,9,0,1
vqp8n68f,81,5xol58vv,104,mock_N08_N04_Aonly,DiscussionGRPWaitPage,1774216896,9,0,1
vqp8n68f,77,g8mg8kff,104,mock_N08_N04_Aonly,DiscussionGRPWaitPage,1774216896,9,0,1
vqp8n68f,73,1v8a7duo,104,mock_N08_N04_Aonly,DiscussionGRPWaitPage,1774216896,9,0,1
vqp8n68f,81,5xol58vv,109,mock_N08_N04_Aonly,Discussion,1774216899,9,0,0
vqp8n68f,80,vmh82yvr,109,mock_N08_N04_Aonly,Discussion,1774216900,9,0,0
vqp8n68f,77,g8mg8kff,109,mock_N08_N04_Aonly,Discussion,1774216900,9,0,0
vqp8n68f,73,1v8a7duo,109,mock_N08_N04_Aonly,Discussion,1774216905,9,0,0
vqp8n68f,80,vmh82yvr,115,mock_N08_N04_Aonly,DiscussionGRPWaitPage,1774216906,10,0,1
vqp8n68f,81,5xol58vv,115,mock_N08_N04_Aonly,DiscussionGRPWaitPage,1774216906,10,0,1
vqp8n68f,77,g8mg8kff,115,mock_N08_N04_Aonly,DiscussionGRPWaitPage,1774216906,10,0,1
vqp8n68f,73,1v8a7duo,115,mock_N08_N04_Aonly,DiscussionGRPWaitPage,1774216906,10,0,1
vqp8n68f,81,5xol58vv,120,mock_N08_N04_Aonly,Discussion,1774216910,10,0,0
vqp8n68f,77,g8mg8kff,120,mock_N08_N04_Aonly,Discussion,1774216912,10,0,0
vqp8n68f,80,vmh82yvr,120,mock_N08_N04_Aonly,Discussion,1774216913,10,0,0
vqp8n68f,73,1v8a7duo,120,mock_N08_N04_Aonly,Discussion,1774216922,10,0,0
vqp8n68f,80,vmh82yvr,126,mock_N08_N04_Aonly,DiscussionGRPWaitPage,1774216922,11,0,1
vqp8n68f,73,1v8a7duo,126,mock_N08_N04_Aonly,DiscussionGRPWaitPage,1774216922,11,0,1
vqp8n68f,81,5xol58vv,126,mock_N08_N04_Aonly,DiscussionGRPWaitPage,1774216922,11,0,1
vqp8n68f,77,g8mg8kff,126,mock_N08_N04_Aonly,DiscussionGRPWaitPage,1774216922,11,0,1
vqp8n68f,73,1v8a7duo,131,mock_N08_N04_Aonly,Discussion,1774216925,11,0,0
vqp8n68f,81,5xol58vv,131,mock_N08_N04_Aonly,Discussion,1774216926,11,0,0
vqp8n68f,80,vmh82yvr,131,mock_N08_N04_Aonly,Discussion,1774216928,11,0,0
vqp8n68f,77,g8mg8kff,131,mock_N08_N04_Aonly,Discussion,1774216929,11,0,0
vqp8n68f,77,g8mg8kff,137,mock_N08_N04_Aonly,DiscussionGRPWaitPage,1774216929,12,0,1
vqp8n68f,80,vmh82yvr,137,mock_N08_N04_Aonly,DiscussionGRPWaitPage,1774216929,12,0,1
vqp8n68f,81,5xol58vv,137,mock_N08_N04_Aonly,DiscussionGRPWaitPage,1774216929,12,0,1
vqp8n68f,73,1v8a7duo,137,mock_N08_N04_Aonly,DiscussionGRPWaitPage,1774216929,12,0,1
vqp8n68f,81,5xol58vv,142,mock_N08_N04_Aonly,Discussion,1774216933,12,0,0
vqp8n68f,80,vmh82yvr,142,mock_N08_N04_Aonly,Discussion,1774216933,12,0,0
vqp8n68f,77,g8mg8kff,142,mock_N08_N04_Aonly,Discussion,1774216934,12,0,0
vqp8n68f,73,1v8a7duo,142,mock_N08_N04_Aonly,Discussion,1774216940,12,0,0
vqp8n68f,80,vmh82yvr,148,mock_N08_N04_Aonly,DiscussionGRPWaitPage,1774216940,13,0,1
vqp8n68f,81,5xol58vv,148,mock_N08_N04_Aonly,DiscussionGRPWaitPage,1774216940,13,0,1
vqp8n68f,77,g8mg8kff,148,mock_N08_N04_Aonly,DiscussionGRPWaitPage,1774216940,13,0,1
vqp8n68f,73,1v8a7duo,148,mock_N08_N04_Aonly,DiscussionGRPWaitPage,1774216940,13,0,1
vqp8n68f,80,vmh82yvr,153,mock_N08_N04_Aonly,Discussion,1774216942,13,0,0
vqp8n68f,81,5xol58vv,153,mock_N08_N04_Aonly,Discussion,1774216942,13,0,0
vqp8n68f,77,g8mg8kff,153,mock_N08_N04_Aonly,Discussion,1774216946,13,0,0
vqp8n68f,73,1v8a7duo,153,mock_N08_N04_Aonly,Discussion,1774216949,13,0,0
vqp8n68f,80,vmh82yvr,159,mock_N08_N04_Aonly,DiscussionGRPWaitPage,1774216950,14,0,1
vqp8n68f,81,5xol58vv,159,mock_N08_N04_Aonly,DiscussionGRPWaitPage,1774216950,14,0,1
vqp8n68f,77,g8mg8kff,159,mock_N08_N04_Aonly,DiscussionGRPWaitPage,1774216950,14,0,1
vqp8n68f,73,1v8a7duo,159,mock_N08_N04_Aonly,DiscussionGRPWaitPage,1774216950,14,0,1
vqp8n68f,77,g8mg8kff,164,mock_N08_N04_Aonly,Discussion,1774216952,14,0,0
vqp8n68f,81,5xol58vv,164,mock_N08_N04_Aonly,Discussion,1774216955,14,0,0
vqp8n68f,80,vmh82yvr,164,mock_N08_N04_Aonly,Discussion,1774216956,14,0,0
vqp8n68f,73,1v8a7duo,164,mock_N08_N04_Aonly,Discussion,1774216962,14,0,0
vqp8n68f,80,vmh82yvr,170,mock_N08_N04_Aonly,DiscussionGRPWaitPage,1774216963,15,0,1
vqp8n68f,81,5xol58vv,170,mock_N08_N04_Aonly,DiscussionGRPWaitPage,1774216963,15,0,1
vqp8n68f,77,g8mg8kff,170,mock_N08_N04_Aonly,DiscussionGRPWaitPage,1774216963,15,0,1
vqp8n68f,73,1v8a7duo,170,mock_N08_N04_Aonly,DiscussionGRPWaitPage,1774216963,15,0,1
vqp8n68f,84,85uqlutl,0,,InitializeParticipant,1774216963,1,0,0
vqp8n68f,77,g8mg8kff,175,mock_N08_N04_Aonly,Discussion,1774216965,15,0,0
vqp8n68f,81,5xol58vv,175,mock_N08_N04_Aonly,Discussion,1774216968,15,0,0
vqp8n68f,80,vmh82yvr,175,mock_N08_N04_Aonly,Discussion,1774216968,15,0,0
vqp8n68f,73,1v8a7duo,175,mock_N08_N04_Aonly,Discussion,1774216975,15,0,0
vqp8n68f,81,5xol58vv,181,mock_N08_N04_Aonly,DiscussionGRPWaitPage,1774216975,16,0,1
vqp8n68f,73,1v8a7duo,181,mock_N08_N04_Aonly,DiscussionGRPWaitPage,1774216975,16,0,1
vqp8n68f,80,vmh82yvr,181,mock_N08_N04_Aonly,DiscussionGRPWaitPage,1774216975,16,0,1
vqp8n68f,77,g8mg8kff,181,mock_N08_N04_Aonly,DiscussionGRPWaitPage,1774216975,16,0,1
vqp8n68f,85,gyypmbah,0,,InitializeParticipant,1774216978,1,0,0
vqp8n68f,80,vmh82yvr,186,mock_N08_N04_Aonly,Discussion,1774216978,16,0,0
vqp8n68f,73,1v8a7duo,186,mock_N08_N04_Aonly,Discussion,1774216980,16,0,0
vqp8n68f,81,5xol58vv,186,mock_N08_N04_Aonly,Discussion,1774216980,16,0,0
vqp8n68f,77,g8mg8kff,186,mock_N08_N04_Aonly,Discussion,1774216981,16,0,0
vqp8n68f,80,vmh82yvr,192,mock_N08_N04_Aonly,DiscussionGRPWaitPage,1774216981,17,0,1
vqp8n68f,81,5xol58vv,192,mock_N08_N04_Aonly,DiscussionGRPWaitPage,1774216981,17,0,1
vqp8n68f,73,1v8a7duo,192,mock_N08_N04_Aonly,DiscussionGRPWaitPage,1774216981,17,0,1
vqp8n68f,77,g8mg8kff,192,mock_N08_N04_Aonly,DiscussionGRPWaitPage,1774216981,17,0,1
vqp8n68f,81,5xol58vv,197,mock_N08_N04_Aonly,Discussion,1774216985,17,0,0
vqp8n68f,80,vmh82yvr,197,mock_N08_N04_Aonly,Discussion,1774216986,17,0,0
vqp8n68f,73,1v8a7duo,197,mock_N08_N04_Aonly,Discussion,1774216987,17,0,0
vqp8n68f,77,g8mg8kff,197,mock_N08_N04_Aonly,Discussion,1774216987,17,0,0
vqp8n68f,80,vmh82yvr,203,mock_N08_N04_Aonly,DiscussionGRPWaitPage,1774216987,18,0,1
vqp8n68f,81,5xol58vv,203,mock_N08_N04_Aonly,DiscussionGRPWaitPage,1774216987,18,0,1
vqp8n68f,77,g8mg8kff,203,mock_N08_N04_Aonly,DiscussionGRPWaitPage,1774216987,18,0,1
vqp8n68f,73,1v8a7duo,203,mock_N08_N04_Aonly,DiscussionGRPWaitPage,1774216987,18,0,1
vqp8n68f,84,85uqlutl,1,presurvey,Introduction,1774216989,1,0,0
vqp8n68f,85,gyypmbah,1,presurvey,Introduction,1774216990,1,0,0
vqp8n68f,81,5xol58vv,208,mock_N08_N04_Aonly,Discussion,1774216990,18,0,0
vqp8n68f,80,vmh82yvr,208,mock_N08_N04_Aonly,Discussion,1774216991,18,0,0
vqp8n68f,73,1v8a7duo,208,mock_N08_N04_Aonly,Discussion,1774216992,18,0,0
vqp8n68f,77,g8mg8kff,208,mock_N08_N04_Aonly,Discussion,1774217002,18,0,0
vqp8n68f,80,vmh82yvr,214,mock_N08_N04_Aonly,DiscussionGRPWaitPage,1774217003,19,0,1
vqp8n68f,81,5xol58vv,214,mock_N08_N04_Aonly,DiscussionGRPWaitPage,1774217003,19,0,1
vqp8n68f,77,g8mg8kff,214,mock_N08_N04_Aonly,DiscussionGRPWaitPage,1774217003,19,0,1
vqp8n68f,73,1v8a7duo,214,mock_N08_N04_Aonly,DiscussionGRPWaitPage,1774217003,19,0,1
vqp8n68f,80,vmh82yvr,219,mock_N08_N04_Aonly,Discussion,1774217005,19,0,0
vqp8n68f,85,gyypmbah,2,presurvey,AudioCheck,1774217006,1,0,0
vqp8n68f,81,5xol58vv,219,mock_N08_N04_Aonly,Discussion,1774217007,19,0,0
vqp8n68f,77,g8mg8kff,219,mock_N08_N04_Aonly,Discussion,1774217012,19,0,0
vqp8n68f,73,1v8a7duo,219,mock_N08_N04_Aonly,Discussion,1774217014,19,0,0
vqp8n68f,80,vmh82yvr,225,mock_N08_N04_Aonly,DiscussionGRPWaitPage,1774217014,20,0,1
vqp8n68f,81,5xol58vv,225,mock_N08_N04_Aonly,DiscussionGRPWaitPage,1774217014,20,0,1
vqp8n68f,77,g8mg8kff,225,mock_N08_N04_Aonly,DiscussionGRPWaitPage,1774217014,20,0,1
vqp8n68f,73,1v8a7duo,225,mock_N08_N04_Aonly,DiscussionGRPWaitPage,1774217014,20,0,1
vqp8n68f,85,gyypmbah,3,presurvey,Demographics,1774217015,1,0,0
vqp8n68f,73,1v8a7duo,230,mock_N08_N04_Aonly,Discussion,1774217016,20,0,0
vqp8n68f,81,5xol58vv,230,mock_N08_N04_Aonly,Discussion,1774217016,20,0,0
vqp8n68f,84,85uqlutl,2,presurvey,AudioCheck,1774217017,1,0,0
vqp8n68f,77,g8mg8kff,230,mock_N08_N04_Aonly,Discussion,1774217018,20,0,0
vqp8n68f,80,vmh82yvr,230,mock_N08_N04_Aonly,Discussion,1774217019,20,0,0
vqp8n68f,81,5xol58vv,231,mock_N08_N04_Aonly,FinalRoundWaitPage,1774217019,20,0,1
vqp8n68f,77,g8mg8kff,231,mock_N08_N04_Aonly,FinalRoundWaitPage,1774217019,20,0,1
vqp8n68f,80,vmh82yvr,231,mock_N08_N04_Aonly,FinalRoundWaitPage,1774217019,20,0,1
vqp8n68f,73,1v8a7duo,231,mock_N08_N04_Aonly,FinalRoundWaitPage,1774217019,20,0,1
vqp8n68f,81,5xol58vv,232,mock_N08_N04_Aonly,FinalRound,1774217026,20,0,0
vqp8n68f,77,g8mg8kff,232,mock_N08_N04_Aonly,FinalRound,1774217026,20,0,0
vqp8n68f,80,vmh82yvr,232,mock_N08_N04_Aonly,FinalRound,1774217027,20,0,0
vqp8n68f,73,1v8a7duo,232,mock_N08_N04_Aonly,FinalRound,1774217028,20,0,0
vqp8n68f,84,85uqlutl,3,presurvey,Demographics,1774217029,1,0,0
vqp8n68f,85,gyypmbah,4,presurvey,NeighborhoodInstruction,1774217032,1,0,0
vqp8n68f,84,85uqlutl,4,presurvey,NeighborhoodInstruction,1774217049,1,0,0
vqp8n68f,85,gyypmbah,5,presurvey,Training,1774217055,1,0,0
vqp8n68f,84,85uqlutl,5,presurvey,Training,1774217074,1,0,0
vqp8n68f,85,gyypmbah,6,presurvey,TrainingNeighbor_1,1774217078,1,0,0
vqp8n68f,85,gyypmbah,10,presurvey,ExperimentInstruction,1774217085,1,0,0
vqp8n68f,84,85uqlutl,6,presurvey,TrainingNeighbor_1,1774217104,1,0,0
vqp8n68f,85,gyypmbah,11,presurvey,Scenario,1774217110,1,0,0
vqp8n68f,86,tnq0fm3f,0,,InitializeParticipant,1774217121,1,0,0
vqp8n68f,86,tnq0fm3f,1,presurvey,Introduction,1774217134,1,0,0
vqp8n68f,84,85uqlutl,7,presurvey,TrainingNeighbor_2,1774217135,1,0,0
vqp8n68f,85,gyypmbah,12,presurvey,Commitment,1774217141,1,0,0
vqp8n68f,84,85uqlutl,10,presurvey,ExperimentInstruction,1774217141,1,0,0
vqp8n68f,86,tnq0fm3f,2,presurvey,AudioCheck,1774217156,1,0,0
vqp8n68f,84,85uqlutl,11,presurvey,Scenario,1774217166,1,0,0
vqp8n68f,86,tnq0fm3f,3,presurvey,Demographics,1774217171,1,0,0
vqp8n68f,87,dr5o3jpx,0,,InitializeParticipant,1774217205,1,0,0
vqp8n68f,87,dr5o3jpx,1,presurvey,Introduction,1774217220,1,0,0
vqp8n68f,87,dr5o3jpx,2,presurvey,AudioCheck,1774217236,1,0,0
vqp8n68f,87,dr5o3jpx,3,presurvey,Demographics,1774217243,1,0,0
vqp8n68f,87,dr5o3jpx,4,presurvey,NeighborhoodInstruction,1774217253,1,0,0
vqp8n68f,86,tnq0fm3f,4,presurvey,NeighborhoodInstruction,1774217270,1,0,0
vqp8n68f,87,dr5o3jpx,5,presurvey,Training,1774217283,1,0,0
vqp8n68f,87,dr5o3jpx,6,presurvey,TrainingNeighbor_1,1774217295,1,0,0
vqp8n68f,86,tnq0fm3f,5,presurvey,Training,1774217299,1,0,0
vqp8n68f,87,dr5o3jpx,10,presurvey,ExperimentInstruction,1774217303,1,0,0
vqp8n68f,87,dr5o3jpx,11,presurvey,Scenario,1774217329,1,0,0
vqp8n68f,87,dr5o3jpx,12,presurvey,Commitment,1774217358,1,0,0
vqp8n68f,88,j0j12m9d,0,,InitializeParticipant,1774217375,1,0,0
vqp8n68f,86,tnq0fm3f,6,presurvey,TrainingNeighbor_1,1774217399,1,0,0
vqp8n68f,88,j0j12m9d,1,presurvey,Introduction,1774217408,1,0,0
vqp8n68f,88,j0j12m9d,2,presurvey,AudioCheck,1774217427,1,0,0
vqp8n68f,86,tnq0fm3f,10,presurvey,ExperimentInstruction,1774217451,1,0,0
vqp8n68f,88,j0j12m9d,3,presurvey,Demographics,1774217462,1,0,0
vqp8n68f,89,nhj1hg89,0,,InitializeParticipant,1774217478,1,0,0
vqp8n68f,88,j0j12m9d,4,presurvey,NeighborhoodInstruction,1774217478,1,0,0
vqp8n68f,86,tnq0fm3f,11,presurvey,Scenario,1774217491,1,0,0
vqp8n68f,88,j0j12m9d,5,presurvey,Training,1774217501,1,0,0
vqp8n68f,88,j0j12m9d,6,presurvey,TrainingNeighbor_1,1774217531,1,0,0
vqp8n68f,88,j0j12m9d,10,presurvey,ExperimentInstruction,1774217537,1,0,0
vqp8n68f,90,ro79e1bu,0,,InitializeParticipant,1774217556,1,0,0
vqp8n68f,88,j0j12m9d,11,presurvey,Scenario,1774217572,1,0,0
vqp8n68f,90,ro79e1bu,1,presurvey,Introduction,1774217576,1,0,0
vqp8n68f,88,j0j12m9d,12,presurvey,Commitment,1774217606,1,0,0
vqp8n68f,86,tnq0fm3f,12,presurvey,Commitment,1774217612,1,0,0
vqp8n68f,89,nhj1hg89,1,presurvey,Introduction,1774217647,1,0,0
vqp8n68f,90,ro79e1bu,2,presurvey,AudioCheck,1774217654,1,0,0
vqp8n68f,91,l0pydd44,0,,InitializeParticipant,1774217657,1,0,0
vqp8n68f,90,ro79e1bu,3,presurvey,Demographics,1774217674,1,0,0
vqp8n68f,89,nhj1hg89,2,presurvey,AudioCheck,1774217701,1,0,0
vqp8n68f,90,ro79e1bu,4,presurvey,NeighborhoodInstruction,1774217702,1,0,0
vqp8n68f,91,l0pydd44,1,presurvey,Introduction,1774217711,1,0,0
vqp8n68f,92,r4904d5o,0,,InitializeParticipant,1774217724,1,0,0
vqp8n68f,92,r4904d5o,1,presurvey,Introduction,1774217732,1,0,0
vqp8n68f,90,ro79e1bu,5,presurvey,Training,1774217739,1,0,0
vqp8n68f,91,l0pydd44,2,presurvey,AudioCheck,1774217749,1,0,0
vqp8n68f,93,a6sdx6no,0,,InitializeParticipant,1774217752,1,0,0
vqp8n68f,90,ro79e1bu,6,presurvey,TrainingNeighbor_1,1774217768,1,0,0
vqp8n68f,91,l0pydd44,3,presurvey,Demographics,1774217769,1,0,0
vqp8n68f,90,ro79e1bu,10,presurvey,ExperimentInstruction,1774217777,1,0,0
vqp8n68f,91,l0pydd44,4,presurvey,NeighborhoodInstruction,1774217790,1,0,0
vqp8n68f,94,kwkg4dn9,0,,InitializeParticipant,1774217797,1,0,0
vqp8n68f,92,r4904d5o,2,presurvey,AudioCheck,1774217801,1,0,0
vqp8n68f,93,a6sdx6no,1,presurvey,Introduction,1774217807,1,0,0
vqp8n68f,90,ro79e1bu,11,presurvey,Scenario,1774217813,1,0,0
vqp8n68f,92,r4904d5o,3,presurvey,Demographics,1774217825,1,0,0
vqp8n68f,91,l0pydd44,5,presurvey,Training,1774217828,1,0,0
vqp8n68f,95,zk370fb7,0,,InitializeParticipant,1774217832,1,0,0
vqp8n68f,92,r4904d5o,4,presurvey,NeighborhoodInstruction,1774217847,1,0,0
vqp8n68f,96,wf5nf2so,0,,InitializeParticipant,1774217849,1,0,0
vqp8n68f,91,l0pydd44,6,presurvey,TrainingNeighbor_1,1774217851,1,0,0
vqp8n68f,91,l0pydd44,10,presurvey,ExperimentInstruction,1774217856,1,0,0
vqp8n68f,96,wf5nf2so,1,presurvey,Introduction,1774217856,1,0,0
vqp8n68f,93,a6sdx6no,2,presurvey,AudioCheck,1774217857,1,0,0
vqp8n68f,94,kwkg4dn9,1,presurvey,Introduction,1774217876,1,0,0
vqp8n68f,92,r4904d5o,5,presurvey,Training,1774217880,1,0,0
vqp8n68f,96,wf5nf2so,2,presurvey,AudioCheck,1774217884,1,0,0
vqp8n68f,97,x5lac1q2,0,,InitializeParticipant,1774217895,1,0,0
vqp8n68f,91,l0pydd44,11,presurvey,Scenario,1774217899,1,0,0
vqp8n68f,96,wf5nf2so,3,presurvey,Demographics,1774217902,1,0,0
vqp8n68f,93,a6sdx6no,3,presurvey,Demographics,1774217903,1,0,0
vqp8n68f,97,x5lac1q2,1,presurvey,Introduction,1774217907,1,0,0
vqp8n68f,92,r4904d5o,6,presurvey,TrainingNeighbor_1,1774217916,1,0,0
vqp8n68f,94,kwkg4dn9,2,presurvey,AudioCheck,1774217925,1,0,0
vqp8n68f,92,r4904d5o,10,presurvey,ExperimentInstruction,1774217928,1,0,0
vqp8n68f,96,wf5nf2so,4,presurvey,NeighborhoodInstruction,1774217933,1,0,0
vqp8n68f,94,kwkg4dn9,3,presurvey,Demographics,1774217948,1,0,0
vqp8n68f,96,wf5nf2so,5,presurvey,Training,1774217957,1,0,0
vqp8n68f,97,x5lac1q2,2,presurvey,AudioCheck,1774217967,1,0,0
vqp8n68f,92,r4904d5o,11,presurvey,Scenario,1774217975,1,0,0
vqp8n68f,97,x5lac1q2,3,presurvey,Demographics,1774217984,1,0,0
vqp8n68f,95,zk370fb7,1,presurvey,Introduction,1774217991,1,0,0
vqp8n68f,97,x5lac1q2,4,presurvey,NeighborhoodInstruction,1774217995,1,0,0
vqp8n68f,94,kwkg4dn9,4,presurvey,NeighborhoodInstruction,1774218002,1,0,0
vqp8n68f,93,a6sdx6no,4,presurvey,NeighborhoodInstruction,1774218003,1,0,0
vqp8n68f,95,zk370fb7,2,presurvey,AudioCheck,1774218005,1,0,0
vqp8n68f,96,wf5nf2so,6,presurvey,TrainingNeighbor_1,1774218011,1,0,0
vqp8n68f,96,wf5nf2so,7,presurvey,TrainingNeighbor_2,1774218022,1,0,0
vqp8n68f,97,x5lac1q2,5,presurvey,Training,1774218023,1,0,0
vqp8n68f,98,qov0hetp,0,,InitializeParticipant,1774218027,1,0,0
vqp8n68f,96,wf5nf2so,10,presurvey,ExperimentInstruction,1774218030,1,0,0
vqp8n68f,92,r4904d5o,12,presurvey,Commitment,1774218030,1,0,0
vqp8n68f,89,nhj1hg89,3,presurvey,Demographics,1774218031,1,0,0
vqp8n68f,98,qov0hetp,1,presurvey,Introduction,1774218034,1,0,0
vqp8n68f,95,zk370fb7,3,presurvey,Demographics,1774218036,1,0,0
vqp8n68f,94,kwkg4dn9,5,presurvey,Training,1774218037,1,0,0
vqp8n68f,99,c07pt1ya,0,,InitializeParticipant,1774218040,1,0,0
vqp8n68f,99,c07pt1ya,1,presurvey,Introduction,1774218043,1,0,0
vqp8n68f,93,a6sdx6no,5,presurvey,Training,1774218053,1,0,0
vqp8n68f,97,x5lac1q2,6,presurvey,TrainingNeighbor_1,1774218054,1,0,0
vqp8n68f,89,nhj1hg89,4,presurvey,NeighborhoodInstruction,1774218058,1,0,0
vqp8n68f,99,c07pt1ya,2,presurvey,AudioCheck,1774218059,1,0,0
vqp8n68f,97,x5lac1q2,10,presurvey,ExperimentInstruction,1774218062,1,0,0
vqp8n68f,82,tybqh4qu,1,presurvey,Introduction,1774218070,1,0,0
vqp8n68f,99,c07pt1ya,3,presurvey,Demographics,1774218073,1,0,0
vqp8n68f,100,ileck9tx,0,,InitializeParticipant,1774218074,1,0,0
vqp8n68f,94,kwkg4dn9,6,presurvey,TrainingNeighbor_1,1774218080,1,0,0
vqp8n68f,97,x5lac1q2,11,presurvey,Scenario,1774218086,1,0,0
vqp8n68f,94,kwkg4dn9,10,presurvey,ExperimentInstruction,1774218089,1,0,0
vqp8n68f,95,zk370fb7,4,presurvey,NeighborhoodInstruction,1774218089,1,0,0
vqp8n68f,101,rbzdnck0,0,,InitializeParticipant,1774218093,1,0,0
vqp8n68f,96,wf5nf2so,11,presurvey,Scenario,1774218094,1,0,0
vqp8n68f,101,rbzdnck0,1,presurvey,Introduction,1774218098,1,0,0
vqp8n68f,100,ileck9tx,1,presurvey,Introduction,1774218123,1,0,0
vqp8n68f,94,kwkg4dn9,11,presurvey,Scenario,1774218123,1,0,0
vqp8n68f,95,zk370fb7,5,presurvey,Training,1774218124,1,0,0
vqp8n68f,99,c07pt1ya,4,presurvey,NeighborhoodInstruction,1774218125,1,0,0
vqp8n68f,93,a6sdx6no,6,presurvey,TrainingNeighbor_1,1774218126,1,0,0
vqp8n68f,96,wf5nf2so,12,presurvey,Commitment,1774218134,1,0,0
vqp8n68f,101,rbzdnck0,2,presurvey,AudioCheck,1774218135,1,0,0
vqp8n68f,99,c07pt1ya,5,presurvey,Training,1774218157,1,0,0
vqp8n68f,93,a6sdx6no,10,presurvey,ExperimentInstruction,1774218160,1,0,0
vqp8n68f,95,zk370fb7,6,presurvey,TrainingNeighbor_1,1774218171,1,0,0
vqp8n68f,101,rbzdnck0,3,presurvey,Demographics,1774218181,1,0,0
vqp8n68f,99,c07pt1ya,6,presurvey,TrainingNeighbor_1,1774218184,1,0,0
vqp8n68f,99,c07pt1ya,10,presurvey,ExperimentInstruction,1774218189,1,0,0
vqp8n68f,100,ileck9tx,2,presurvey,AudioCheck,1774218189,1,0,0
vqp8n68f,95,zk370fb7,10,presurvey,ExperimentInstruction,1774218190,1,0,0
vqp8n68f,101,rbzdnck0,4,presurvey,NeighborhoodInstruction,1774218206,1,0,0
vqp8n68f,99,c07pt1ya,11,presurvey,Scenario,1774218219,1,0,0
vqp8n68f,101,rbzdnck0,5,presurvey,Training,1774218239,1,0,0
vqp8n68f,95,zk370fb7,11,presurvey,Scenario,1774218241,1,0,0
vqp8n68f,93,a6sdx6no,11,presurvey,Scenario,1774218275,1,0,0
vqp8n68f,99,c07pt1ya,12,presurvey,Commitment,1774218277,1,0,0
vqp8n68f,85,gyypmbah,13,mock_N08_N04_Aonly,GroupingWaitPage,1774218282,1,0,1
vqp8n68f,85,gyypmbah,14,mock_N08_N04_Aonly,GroupSizeWaitPage,1774218283,1,0,1
vqp8n68f,85,gyypmbah,15,mock_N08_N04_Aonly,AttentionCheck,1774218287,1,0,0
vqp8n68f,95,zk370fb7,12,presurvey,Commitment,1774218290,1,0,0
vqp8n68f,101,rbzdnck0,6,presurvey,TrainingNeighbor_1,1774218301,1,0,0
vqp8n68f,94,kwkg4dn9,12,presurvey,Commitment,1774218301,1,0,0
vqp8n68f,86,tnq0fm3f,13,mock_N08_N04_Aonly,GroupingWaitPage,1774218302,1,0,1
vqp8n68f,87,dr5o3jpx,13,mock_N08_N04_Aonly,GroupingWaitPage,1774218302,1,0,1
vqp8n68f,88,j0j12m9d,13,mock_N08_N04_Aonly,GroupingWaitPage,1774218302,1,0,1
vqp8n68f,92,r4904d5o,13,mock_N08_N04_Aonly,GroupingWaitPage,1774218302,1,0,1
vqp8n68f,94,kwkg4dn9,13,mock_N08_N04_Aonly,GroupingWaitPage,1774218302,1,0,1
vqp8n68f,95,zk370fb7,13,mock_N08_N04_Aonly,GroupingWaitPage,1774218302,1,0,1
vqp8n68f,96,wf5nf2so,13,mock_N08_N04_Aonly,GroupingWaitPage,1774218302,1,0,1
vqp8n68f,99,c07pt1ya,13,mock_N08_N04_Aonly,GroupingWaitPage,1774218302,1,0,1
vqp8n68f,86,tnq0fm3f,14,mock_N08_N04_Aonly,GroupSizeWaitPage,1774218303,1,0,1
vqp8n68f,87,dr5o3jpx,14,mock_N08_N04_Aonly,GroupSizeWaitPage,1774218303,1,0,1
vqp8n68f,88,j0j12m9d,14,mock_N08_N04_Aonly,GroupSizeWaitPage,1774218303,1,0,1
vqp8n68f,92,r4904d5o,14,mock_N08_N04_Aonly,GroupSizeWaitPage,1774218303,1,0,1
vqp8n68f,94,kwkg4dn9,14,mock_N08_N04_Aonly,GroupSizeWaitPage,1774218303,1,0,1
vqp8n68f,95,zk370fb7,14,mock_N08_N04_Aonly,GroupSizeWaitPage,1774218303,1,0,1
vqp8n68f,96,wf5nf2so,14,mock_N08_N04_Aonly,GroupSizeWaitPage,1774218303,1,0,1
vqp8n68f,99,c07pt1ya,14,mock_N08_N04_Aonly,GroupSizeWaitPage,1774218303,1,0,1
vqp8n68f,86,tnq0fm3f,16,mock_N08_N04_Aonly,DiscussionGRPWaitPage,1774218305,1,0,1
vqp8n68f,87,dr5o3jpx,16,mock_N08_N04_Aonly,DiscussionGRPWaitPage,1774218305,1,0,1
vqp8n68f,95,zk370fb7,16,mock_N08_N04_Aonly,DiscussionGRPWaitPage,1774218305,1,0,1
vqp8n68f,96,wf5nf2so,16,mock_N08_N04_Aonly,DiscussionGRPWaitPage,1774218305,1,0,1
vqp8n68f,88,j0j12m9d,16,mock_N08_N04_Aonly,DiscussionGRPWaitPage,1774218305,1,0,1
vqp8n68f,92,r4904d5o,16,mock_N08_N04_Aonly,DiscussionGRPWaitPage,1774218305,1,0,1
vqp8n68f,94,kwkg4dn9,16,mock_N08_N04_Aonly,DiscussionGRPWaitPage,1774218305,1,0,1
vqp8n68f,99,c07pt1ya,16,mock_N08_N04_Aonly,DiscussionGRPWaitPage,1774218305,1,0,1
vqp8n68f,100,ileck9tx,3,presurvey,Demographics,1774218309,1,0,0
vqp8n68f,87,dr5o3jpx,20,mock_N08_N04_Aonly,Phase3,1774218312,1,0,0
vqp8n68f,94,kwkg4dn9,20,mock_N08_N04_Aonly,Phase3,1774218313,1,0,0
vqp8n68f,96,wf5nf2so,20,mock_N08_N04_Aonly,Phase3,1774218314,1,0,0
vqp8n68f,86,tnq0fm3f,20,mock_N08_N04_Aonly,Phase3,1774218316,1,0,0
vqp8n68f,87,dr5o3jpx,21,mock_N08_N04_Aonly,Discussion,1774218319,1,0,0
vqp8n68f,88,j0j12m9d,20,mock_N08_N04_Aonly,Phase3,1774218323,1,0,0
vqp8n68f,101,rbzdnck0,7,presurvey,TrainingNeighbor_2,1774218326,1,0,0
vqp8n68f,96,wf5nf2so,21,mock_N08_N04_Aonly,Discussion,1774218326,1,0,0
vqp8n68f,88,j0j12m9d,21,mock_N08_N04_Aonly,Discussion,1774218331,1,0,0
vqp8n68f,92,r4904d5o,20,mock_N08_N04_Aonly,Phase3,1774218331,1,0,0
vqp8n68f,94,kwkg4dn9,21,mock_N08_N04_Aonly,Discussion,1774218331,1,0,0
vqp8n68f,99,c07pt1ya,20,mock_N08_N04_Aonly,Phase3,1774218336,1,0,0
vqp8n68f,86,tnq0fm3f,21,mock_N08_N04_Aonly,Discussion,1774218337,1,0,0
vqp8n68f,92,r4904d5o,21,mock_N08_N04_Aonly,Discussion,1774218339,1,0,0
vqp8n68f,95,zk370fb7,20,mock_N08_N04_Aonly,Phase3,1774218341,1,0,0
vqp8n68f,99,c07pt1ya,21,mock_N08_N04_Aonly,Discussion,1774218346,1,0,0
vqp8n68f,101,rbzdnck0,8,presurvey,AttentionCheck,1774218346,1,0,0
vqp8n68f,100,ileck9tx,4,presurvey,NeighborhoodInstruction,1774218356,1,0,0
vqp8n68f,95,zk370fb7,21,mock_N08_N04_Aonly,Discussion,1774218359,1,0,0
vqp8n68f,86,tnq0fm3f,27,mock_N08_N04_Aonly,DiscussionGRPWaitPage,1774218360,2,0,1
vqp8n68f,87,dr5o3jpx,27,mock_N08_N04_Aonly,DiscussionGRPWaitPage,1774218360,2,0,1
vqp8n68f,95,zk370fb7,27,mock_N08_N04_Aonly,DiscussionGRPWaitPage,1774218360,2,0,1
vqp8n68f,96,wf5nf2so,27,mock_N08_N04_Aonly,DiscussionGRPWaitPage,1774218360,2,0,1
vqp8n68f,88,j0j12m9d,27,mock_N08_N04_Aonly,DiscussionGRPWaitPage,1774218360,2,0,1
vqp8n68f,92,r4904d5o,27,mock_N08_N04_Aonly,DiscussionGRPWaitPage,1774218360,2,0,1
vqp8n68f,94,kwkg4dn9,27,mock_N08_N04_Aonly,DiscussionGRPWaitPage,1774218360,2,0,1
vqp8n68f,99,c07pt1ya,27,mock_N08_N04_Aonly,DiscussionGRPWaitPage,1774218360,2,0,1
vqp8n68f,93,a6sdx6no,12,presurvey,Commitment,1774218362,1,0,0
vqp8n68f,88,j0j12m9d,32,mock_N08_N04_Aonly,Discussion,1774218365,2,0,0
vqp8n68f,87,dr5o3jpx,32,mock_N08_N04_Aonly,Discussion,1774218366,2,0,0
vqp8n68f,99,c07pt1ya,32,mock_N08_N04_Aonly,Discussion,1774218367,2,0,0
vqp8n68f,94,kwkg4dn9,32,mock_N08_N04_Aonly,Discussion,1774218374,2,0,0
vqp8n68f,95,zk370fb7,32,mock_N08_N04_Aonly,Discussion,1774218375,2,0,0
vqp8n68f,96,wf5nf2so,32,mock_N08_N04_Aonly,Discussion,1774218380,2,0,0
vqp8n68f,92,r4904d5o,32,mock_N08_N04_Aonly,Discussion,1774218380,2,0,0
vqp8n68f,86,tnq0fm3f,32,mock_N08_N04_Aonly,Discussion,1774218386,2,0,0
vqp8n68f,86,tnq0fm3f,38,mock_N08_N04_Aonly,DiscussionGRPWaitPage,1774218386,3,0,1
vqp8n68f,87,dr5o3jpx,38,mock_N08_N04_Aonly,DiscussionGRPWaitPage,1774218386,3,0,1
vqp8n68f,95,zk370fb7,38,mock_N08_N04_Aonly,DiscussionGRPWaitPage,1774218386,3,0,1
vqp8n68f,96,wf5nf2so,38,mock_N08_N04_Aonly,DiscussionGRPWaitPage,1774218386,3,0,1
vqp8n68f,88,j0j12m9d,38,mock_N08_N04_Aonly,DiscussionGRPWaitPage,1774218386,3,0,1
vqp8n68f,92,r4904d5o,38,mock_N08_N04_Aonly,DiscussionGRPWaitPage,1774218386,3,0,1
vqp8n68f,94,kwkg4dn9,38,mock_N08_N04_Aonly,DiscussionGRPWaitPage,1774218386,3,0,1
vqp8n68f,99,c07pt1ya,38,mock_N08_N04_Aonly,DiscussionGRPWaitPage,1774218386,3,0,1
vqp8n68f,87,dr5o3jpx,43,mock_N08_N04_Aonly,Discussion,1774218389,3,0,0
vqp8n68f,88,j0j12m9d,43,mock_N08_N04_Aonly,Discussion,1774218391,3,0,0
vqp8n68f,99,c07pt1ya,43,mock_N08_N04_Aonly,Discussion,1774218392,3,0,0
vqp8n68f,94,kwkg4dn9,43,mock_N08_N04_Aonly,Discussion,1774218395,3,0,0
vqp8n68f,92,r4904d5o,43,mock_N08_N04_Aonly,Discussion,1774218396,3,0,0
vqp8n68f,95,zk370fb7,43,mock_N08_N04_Aonly,Discussion,1774218401,3,0,0
vqp8n68f,96,wf5nf2so,43,mock_N08_N04_Aonly,Discussion,1774218402,3,0,0
vqp8n68f,101,rbzdnck0,9,presurvey,TrainingNeighbor_3,1774218413,1,0,0
vqp8n68f,100,ileck9tx,5,presurvey,Training,1774218417,1,0,0
vqp8n68f,101,rbzdnck0,10,presurvey,ExperimentInstruction,1774218418,1,0,0
vqp8n68f,86,tnq0fm3f,43,mock_N08_N04_Aonly,Discussion,1774218426,3,0,0
vqp8n68f,86,tnq0fm3f,49,mock_N08_N04_Aonly,DiscussionGRPWaitPage,1774218426,4,0,1
vqp8n68f,99,c07pt1ya,49,mock_N08_N04_Aonly,DiscussionGRPWaitPage,1774218426,4,0,1
vqp8n68f,87,dr5o3jpx,49,mock_N08_N04_Aonly,DiscussionGRPWaitPage,1774218426,4,0,1
vqp8n68f,95,zk370fb7,49,mock_N08_N04_Aonly,DiscussionGRPWaitPage,1774218426,4,0,1
vqp8n68f,96,wf5nf2so,49,mock_N08_N04_Aonly,DiscussionGRPWaitPage,1774218426,4,0,1
vqp8n68f,88,j0j12m9d,49,mock_N08_N04_Aonly,DiscussionGRPWaitPage,1774218426,4,0,1
vqp8n68f,92,r4904d5o,49,mock_N08_N04_Aonly,DiscussionGRPWaitPage,1774218426,4,0,1
vqp8n68f,94,kwkg4dn9,49,mock_N08_N04_Aonly,DiscussionGRPWaitPage,1774218426,4,0,1
vqp8n68f,88,j0j12m9d,54,mock_N08_N04_Aonly,Discussion,1774218430,4,0,0
vqp8n68f,102,eb4fbmq7,0,,InitializeParticipant,1774218431,1,0,0
vqp8n68f,87,dr5o3jpx,54,mock_N08_N04_Aonly,Discussion,1774218431,4,0,0
vqp8n68f,99,c07pt1ya,54,mock_N08_N04_Aonly,Discussion,1774218431,4,0,0
vqp8n68f,92,r4904d5o,54,mock_N08_N04_Aonly,Discussion,1774218434,4,0,0
vqp8n68f,94,kwkg4dn9,54,mock_N08_N04_Aonly,Discussion,1774218436,4,0,0
vqp8n68f,102,eb4fbmq7,1,presurvey,Introduction,1774218437,1,0,0
vqp8n68f,96,wf5nf2so,54,mock_N08_N04_Aonly,Discussion,1774218440,4,0,0
vqp8n68f,95,zk370fb7,54,mock_N08_N04_Aonly,Discussion,1774218441,4,0,0
vqp8n68f,86,tnq0fm3f,54,mock_N08_N04_Aonly,Discussion,1774218456,4,0,0
vqp8n68f,86,tnq0fm3f,60,mock_N08_N04_Aonly,DiscussionGRPWaitPage,1774218456,5,0,1
vqp8n68f,95,zk370fb7,60,mock_N08_N04_Aonly,DiscussionGRPWaitPage,1774218456,5,0,1
vqp8n68f,96,wf5nf2so,60,mock_N08_N04_Aonly,DiscussionGRPWaitPage,1774218456,5,0,1
vqp8n68f,99,c07pt1ya,60,mock_N08_N04_Aonly,DiscussionGRPWaitPage,1774218456,5,0,1
vqp8n68f,87,dr5o3jpx,60,mock_N08_N04_Aonly,DiscussionGRPWaitPage,1774218456,5,0,1
vqp8n68f,88,j0j12m9d,60,mock_N08_N04_Aonly,DiscussionGRPWaitPage,1774218456,5,0,1
vqp8n68f,92,r4904d5o,60,mock_N08_N04_Aonly,DiscussionGRPWaitPage,1774218456,5,0,1
vqp8n68f,94,kwkg4dn9,60,mock_N08_N04_Aonly,DiscussionGRPWaitPage,1774218456,5,0,1
vqp8n68f,87,dr5o3jpx,65,mock_N08_N04_Aonly,Discussion,1774218459,5,0,0
vqp8n68f,88,j0j12m9d,65,mock_N08_N04_Aonly,Discussion,1774218462,5,0,0
vqp8n68f,102,eb4fbmq7,2,presurvey,AudioCheck,1774218463,1,0,0
vqp8n68f,95,zk370fb7,65,mock_N08_N04_Aonly,Discussion,1774218464,5,0,0
vqp8n68f,92,r4904d5o,65,mock_N08_N04_Aonly,Discussion,1774218464,5,0,0
vqp8n68f,99,c07pt1ya,65,mock_N08_N04_Aonly,Discussion,1774218465,5,0,0
vqp8n68f,96,wf5nf2so,65,mock_N08_N04_Aonly,Discussion,1774218469,5,0,0
vqp8n68f,102,eb4fbmq7,3,presurvey,Demographics,1774218476,1,0,0
vqp8n68f,94,kwkg4dn9,65,mock_N08_N04_Aonly,Discussion,1774218477,5,0,0
vqp8n68f,86,tnq0fm3f,65,mock_N08_N04_Aonly,Discussion,1774218486,5,0,0
vqp8n68f,86,tnq0fm3f,71,mock_N08_N04_Aonly,DiscussionGRPWaitPage,1774218487,6,0,1
vqp8n68f,87,dr5o3jpx,71,mock_N08_N04_Aonly,DiscussionGRPWaitPage,1774218487,6,0,1
vqp8n68f,95,zk370fb7,71,mock_N08_N04_Aonly,DiscussionGRPWaitPage,1774218487,6,0,1
vqp8n68f,96,wf5nf2so,71,mock_N08_N04_Aonly,DiscussionGRPWaitPage,1774218487,6,0,1
vqp8n68f,88,j0j12m9d,71,mock_N08_N04_Aonly,DiscussionGRPWaitPage,1774218487,6,0,1
vqp8n68f,92,r4904d5o,71,mock_N08_N04_Aonly,DiscussionGRPWaitPage,1774218487,6,0,1
vqp8n68f,94,kwkg4dn9,71,mock_N08_N04_Aonly,DiscussionGRPWaitPage,1774218487,6,0,1
vqp8n68f,99,c07pt1ya,71,mock_N08_N04_Aonly,DiscussionGRPWaitPage,1774218487,6,0,1
vqp8n68f,102,eb4fbmq7,4,presurvey,NeighborhoodInstruction,1774218489,1,0,0
vqp8n68f,88,j0j12m9d,76,mock_N08_N04_Aonly,Discussion,1774218490,6,0,0
vqp8n68f,99,c07pt1ya,76,mock_N08_N04_Aonly,Discussion,1774218491,6,0,0
vqp8n68f,102,eb4fbmq7,5,presurvey,Training,1774218494,1,0,0
vqp8n68f,94,kwkg4dn9,76,mock_N08_N04_Aonly,Discussion,1774218495,6,0,0
vqp8n68f,95,zk370fb7,76,mock_N08_N04_Aonly,Discussion,1774218496,6,0,0
vqp8n68f,96,wf5nf2so,76,mock_N08_N04_Aonly,Discussion,1774218498,6,0,0
vqp8n68f,87,dr5o3jpx,76,mock_N08_N04_Aonly,Discussion,1774218499,6,0,0
vqp8n68f,92,r4904d5o,76,mock_N08_N04_Aonly,Discussion,1774218500,6,0,0
vqp8n68f,86,tnq0fm3f,76,mock_N08_N04_Aonly,Discussion,1774218504,6,0,0
vqp8n68f,86,tnq0fm3f,82,mock_N08_N04_Aonly,DiscussionGRPWaitPage,1774218504,7,0,1
vqp8n68f,87,dr5o3jpx,82,mock_N08_N04_Aonly,DiscussionGRPWaitPage,1774218504,7,0,1
vqp8n68f,95,zk370fb7,82,mock_N08_N04_Aonly,DiscussionGRPWaitPage,1774218504,7,0,1
vqp8n68f,92,r4904d5o,82,mock_N08_N04_Aonly,DiscussionGRPWaitPage,1774218504,7,0,1
vqp8n68f,94,kwkg4dn9,82,mock_N08_N04_Aonly,DiscussionGRPWaitPage,1774218504,7,0,1
vqp8n68f,96,wf5nf2so,82,mock_N08_N04_Aonly,DiscussionGRPWaitPage,1774218504,7,0,1
vqp8n68f,99,c07pt1ya,82,mock_N08_N04_Aonly,DiscussionGRPWaitPage,1774218504,7,0,1
vqp8n68f,88,j0j12m9d,82,mock_N08_N04_Aonly,DiscussionGRPWaitPage,1774218504,7,0,1
vqp8n68f,99,c07pt1ya,87,mock_N08_N04_Aonly,Discussion,1774218507,7,0,0
vqp8n68f,87,dr5o3jpx,87,mock_N08_N04_Aonly,Discussion,1774218507,7,0,0
vqp8n68f,88,j0j12m9d,87,mock_N08_N04_Aonly,Discussion,1774218509,7,0,0
vqp8n68f,95,zk370fb7,87,mock_N08_N04_Aonly,Discussion,1774218509,7,0,0
vqp8n68f,94,kwkg4dn9,87,mock_N08_N04_Aonly,Discussion,1774218509,7,0,0
vqp8n68f,102,eb4fbmq7,6,presurvey,TrainingNeighbor_1,1774218509,1,0,0
vqp8n68f,92,r4904d5o,87,mock_N08_N04_Aonly,Discussion,1774218511,7,0,0
vqp8n68f,96,wf5nf2so,87,mock_N08_N04_Aonly,Discussion,1774218512,7,0,0
vqp8n68f,86,tnq0fm3f,87,mock_N08_N04_Aonly,Discussion,1774218525,7,0,0
vqp8n68f,86,tnq0fm3f,93,mock_N08_N04_Aonly,DiscussionGRPWaitPage,1774218526,8,0,1
vqp8n68f,87,dr5o3jpx,93,mock_N08_N04_Aonly,DiscussionGRPWaitPage,1774218526,8,0,1
vqp8n68f,95,zk370fb7,93,mock_N08_N04_Aonly,DiscussionGRPWaitPage,1774218526,8,0,1
vqp8n68f,96,wf5nf2so,93,mock_N08_N04_Aonly,DiscussionGRPWaitPage,1774218526,8,0,1
vqp8n68f,88,j0j12m9d,93,mock_N08_N04_Aonly,DiscussionGRPWaitPage,1774218526,8,0,1
vqp8n68f,92,r4904d5o,93,mock_N08_N04_Aonly,DiscussionGRPWaitPage,1774218526,8,0,1
vqp8n68f,94,kwkg4dn9,93,mock_N08_N04_Aonly,DiscussionGRPWaitPage,1774218526,8,0,1
vqp8n68f,99,c07pt1ya,93,mock_N08_N04_Aonly,DiscussionGRPWaitPage,1774218526,8,0,1
vqp8n68f,88,j0j12m9d,98,mock_N08_N04_Aonly,Discussion,1774218529,8,0,0
vqp8n68f,99,c07pt1ya,98,mock_N08_N04_Aonly,Discussion,1774218529,8,0,0
vqp8n68f,87,dr5o3jpx,98,mock_N08_N04_Aonly,Discussion,1774218529,8,0,0
vqp8n68f,95,zk370fb7,98,mock_N08_N04_Aonly,Discussion,1774218529,8,0,0
vqp8n68f,94,kwkg4dn9,98,mock_N08_N04_Aonly,Discussion,1774218532,8,0,0
vqp8n68f,92,r4904d5o,98,mock_N08_N04_Aonly,Discussion,1774218535,8,0,0
vqp8n68f,102,eb4fbmq7,10,presurvey,ExperimentInstruction,1774218536,1,0,0
vqp8n68f,96,wf5nf2so,98,mock_N08_N04_Aonly,Discussion,1774218538,8,0,0
vqp8n68f,86,tnq0fm3f,98,mock_N08_N04_Aonly,Discussion,1774218542,8,0,0
vqp8n68f,86,tnq0fm3f,104,mock_N08_N04_Aonly,DiscussionGRPWaitPage,1774218542,9,0,1
vqp8n68f,87,dr5o3jpx,104,mock_N08_N04_Aonly,DiscussionGRPWaitPage,1774218542,9,0,1
vqp8n68f,95,zk370fb7,104,mock_N08_N04_Aonly,DiscussionGRPWaitPage,1774218542,9,0,1
vqp8n68f,96,wf5nf2so,104,mock_N08_N04_Aonly,DiscussionGRPWaitPage,1774218542,9,0,1
vqp8n68f,88,j0j12m9d,104,mock_N08_N04_Aonly,DiscussionGRPWaitPage,1774218542,9,0,1
vqp8n68f,92,r4904d5o,104,mock_N08_N04_Aonly,DiscussionGRPWaitPage,1774218542,9,0,1
vqp8n68f,94,kwkg4dn9,104,mock_N08_N04_Aonly,DiscussionGRPWaitPage,1774218542,9,0,1
vqp8n68f,99,c07pt1ya,104,mock_N08_N04_Aonly,DiscussionGRPWaitPage,1774218542,9,0,1
vqp8n68f,88,j0j12m9d,109,mock_N08_N04_Aonly,Discussion,1774218546,9,0,0
vqp8n68f,87,dr5o3jpx,109,mock_N08_N04_Aonly,Discussion,1774218546,9,0,0
vqp8n68f,99,c07pt1ya,109,mock_N08_N04_Aonly,Discussion,1774218547,9,0,0
vqp8n68f,96,wf5nf2so,109,mock_N08_N04_Aonly,Discussion,1774218548,9,0,0
vqp8n68f,95,zk370fb7,109,mock_N08_N04_Aonly,Discussion,1774218549,9,0,0
vqp8n68f,94,kwkg4dn9,109,mock_N08_N04_Aonly,Discussion,1774218550,9,0,0
vqp8n68f,100,ileck9tx,6,presurvey,TrainingNeighbor_1,1774218554,1,0,0
vqp8n68f,92,r4904d5o,109,mock_N08_N04_Aonly,Discussion,1774218560,9,0,0
vqp8n68f,86,tnq0fm3f,109,mock_N08_N04_Aonly,Discussion,1774218560,9,0,0
vqp8n68f,86,tnq0fm3f,115,mock_N08_N04_Aonly,DiscussionGRPWaitPage,1774218560,10,0,1
vqp8n68f,99,c07pt1ya,115,mock_N08_N04_Aonly,DiscussionGRPWaitPage,1774218560,10,0,1
vqp8n68f,87,dr5o3jpx,115,mock_N08_N04_Aonly,DiscussionGRPWaitPage,1774218560,10,0,1
vqp8n68f,95,zk370fb7,115,mock_N08_N04_Aonly,DiscussionGRPWaitPage,1774218560,10,0,1
vqp8n68f,96,wf5nf2so,115,mock_N08_N04_Aonly,DiscussionGRPWaitPage,1774218560,10,0,1
vqp8n68f,88,j0j12m9d,115,mock_N08_N04_Aonly,DiscussionGRPWaitPage,1774218560,10,0,1
vqp8n68f,92,r4904d5o,115,mock_N08_N04_Aonly,DiscussionGRPWaitPage,1774218560,10,0,1
vqp8n68f,94,kwkg4dn9,115,mock_N08_N04_Aonly,DiscussionGRPWaitPage,1774218560,10,0,1
vqp8n68f,99,c07pt1ya,120,mock_N08_N04_Aonly,Discussion,1774218563,10,0,0
vqp8n68f,95,zk370fb7,120,mock_N08_N04_Aonly,Discussion,1774218563,10,0,0
vqp8n68f,87,dr5o3jpx,120,mock_N08_N04_Aonly,Discussion,1774218564,10,0,0
vqp8n68f,88,j0j12m9d,120,mock_N08_N04_Aonly,Discussion,1774218564,10,0,0
vqp8n68f,92,r4904d5o,120,mock_N08_N04_Aonly,Discussion,1774218565,10,0,0
vqp8n68f,96,wf5nf2so,120,mock_N08_N04_Aonly,Discussion,1774218565,10,0,0
vqp8n68f,94,kwkg4dn9,120,mock_N08_N04_Aonly,Discussion,1774218567,10,0,0
vqp8n68f,86,tnq0fm3f,120,mock_N08_N04_Aonly,Discussion,1774218571,10,0,0
vqp8n68f,86,tnq0fm3f,126,mock_N08_N04_Aonly,DiscussionGRPWaitPage,1774218572,11,0,1
vqp8n68f,87,dr5o3jpx,126,mock_N08_N04_Aonly,DiscussionGRPWaitPage,1774218572,11,0,1
vqp8n68f,96,wf5nf2so,126,mock_N08_N04_Aonly,DiscussionGRPWaitPage,1774218572,11,0,1
vqp8n68f,99,c07pt1ya,126,mock_N08_N04_Aonly,DiscussionGRPWaitPage,1774218572,11,0,1
vqp8n68f,95,zk370fb7,126,mock_N08_N04_Aonly,DiscussionGRPWaitPage,1774218572,11,0,1
vqp8n68f,88,j0j12m9d,126,mock_N08_N04_Aonly,DiscussionGRPWaitPage,1774218572,11,0,1
vqp8n68f,92,r4904d5o,126,mock_N08_N04_Aonly,DiscussionGRPWaitPage,1774218572,11,0,1
vqp8n68f,94,kwkg4dn9,126,mock_N08_N04_Aonly,DiscussionGRPWaitPage,1774218572,11,0,1
vqp8n68f,95,zk370fb7,131,mock_N08_N04_Aonly,Discussion,1774218575,11,0,0
vqp8n68f,88,j0j12m9d,131,mock_N08_N04_Aonly,Discussion,1774218575,11,0,0
vqp8n68f,99,c07pt1ya,131,mock_N08_N04_Aonly,Discussion,1774218576,11,0,0
vqp8n68f,92,r4904d5o,131,mock_N08_N04_Aonly,Discussion,1774218576,11,0,0
vqp8n68f,96,wf5nf2so,131,mock_N08_N04_Aonly,Discussion,1774218577,11,0,0
vqp8n68f,87,dr5o3jpx,131,mock_N08_N04_Aonly,Discussion,1774218577,11,0,0
vqp8n68f,94,kwkg4dn9,131,mock_N08_N04_Aonly,Discussion,1774218580,11,0,0
vqp8n68f,100,ileck9tx,10,presurvey,ExperimentInstruction,1774218583,1,0,0
vqp8n68f,86,tnq0fm3f,131,mock_N08_N04_Aonly,Discussion,1774218585,11,0,0
vqp8n68f,86,tnq0fm3f,137,mock_N08_N04_Aonly,DiscussionGRPWaitPage,1774218585,12,0,1
vqp8n68f,87,dr5o3jpx,137,mock_N08_N04_Aonly,DiscussionGRPWaitPage,1774218585,12,0,1
vqp8n68f,95,zk370fb7,137,mock_N08_N04_Aonly,DiscussionGRPWaitPage,1774218585,12,0,1
vqp8n68f,96,wf5nf2so,137,mock_N08_N04_Aonly,DiscussionGRPWaitPage,1774218585,12,0,1
vqp8n68f,88,j0j12m9d,137,mock_N08_N04_Aonly,DiscussionGRPWaitPage,1774218585,12,0,1
vqp8n68f,92,r4904d5o,137,mock_N08_N04_Aonly,DiscussionGRPWaitPage,1774218585,12,0,1
vqp8n68f,94,kwkg4dn9,137,mock_N08_N04_Aonly,DiscussionGRPWaitPage,1774218585,12,0,1
vqp8n68f,99,c07pt1ya,137,mock_N08_N04_Aonly,DiscussionGRPWaitPage,1774218585,12,0,1
vqp8n68f,88,j0j12m9d,142,mock_N08_N04_Aonly,Discussion,1774218588,12,0,0
vqp8n68f,95,zk370fb7,142,mock_N08_N04_Aonly,Discussion,1774218588,12,0,0
vqp8n68f,96,wf5nf2so,142,mock_N08_N04_Aonly,Discussion,1774218588,12,0,0
vqp8n68f,99,c07pt1ya,142,mock_N08_N04_Aonly,Discussion,1774218589,12,0,0
vqp8n68f,92,r4904d5o,142,mock_N08_N04_Aonly,Discussion,1774218591,12,0,0
vqp8n68f,87,dr5o3jpx,142,mock_N08_N04_Aonly,Discussion,1774218591,12,0,0
vqp8n68f,86,tnq0fm3f,142,mock_N08_N04_Aonly,Discussion,1774218599,12,0,0
vqp8n68f,94,kwkg4dn9,142,mock_N08_N04_Aonly,Discussion,1774218606,12,0,0
vqp8n68f,94,kwkg4dn9,148,mock_N08_N04_Aonly,DiscussionGRPWaitPage,1774218606,13,0,1
vqp8n68f,99,c07pt1ya,148,mock_N08_N04_Aonly,DiscussionGRPWaitPage,1774218606,13,0,1
vqp8n68f,86,tnq0fm3f,148,mock_N08_N04_Aonly,DiscussionGRPWaitPage,1774218606,13,0,1
vqp8n68f,87,dr5o3jpx,148,mock_N08_N04_Aonly,DiscussionGRPWaitPage,1774218606,13,0,1
vqp8n68f,95,zk370fb7,148,mock_N08_N04_Aonly,DiscussionGRPWaitPage,1774218606,13,0,1
vqp8n68f,96,wf5nf2so,148,mock_N08_N04_Aonly,DiscussionGRPWaitPage,1774218606,13,0,1
vqp8n68f,88,j0j12m9d,148,mock_N08_N04_Aonly,DiscussionGRPWaitPage,1774218606,13,0,1
vqp8n68f,92,r4904d5o,148,mock_N08_N04_Aonly,DiscussionGRPWaitPage,1774218606,13,0,1
vqp8n68f,102,eb4fbmq7,11,presurvey,Scenario,1774218608,1,0,0
vqp8n68f,96,wf5nf2so,153,mock_N08_N04_Aonly,Discussion,1774218612,13,0,0
vqp8n68f,88,j0j12m9d,153,mock_N08_N04_Aonly,Discussion,1774218612,13,0,0
vqp8n68f,99,c07pt1ya,153,mock_N08_N04_Aonly,Discussion,1774218612,13,0,0
vqp8n68f,87,dr5o3jpx,153,mock_N08_N04_Aonly,Discussion,1774218612,13,0,0
vqp8n68f,94,kwkg4dn9,153,mock_N08_N04_Aonly,Discussion,1774218612,13,0,0
vqp8n68f,95,zk370fb7,153,mock_N08_N04_Aonly,Discussion,1774218612,13,0,0
vqp8n68f,92,r4904d5o,153,mock_N08_N04_Aonly,Discussion,1774218612,13,0,0
vqp8n68f,86,tnq0fm3f,153,mock_N08_N04_Aonly,Discussion,1774218626,13,0,0
vqp8n68f,99,c07pt1ya,159,mock_N08_N04_Aonly,DiscussionGRPWaitPage,1774218626,14,0,1
vqp8n68f,86,tnq0fm3f,159,mock_N08_N04_Aonly,DiscussionGRPWaitPage,1774218626,14,0,1
vqp8n68f,87,dr5o3jpx,159,mock_N08_N04_Aonly,DiscussionGRPWaitPage,1774218626,14,0,1
vqp8n68f,95,zk370fb7,159,mock_N08_N04_Aonly,DiscussionGRPWaitPage,1774218626,14,0,1
vqp8n68f,96,wf5nf2so,159,mock_N08_N04_Aonly,DiscussionGRPWaitPage,1774218626,14,0,1
vqp8n68f,88,j0j12m9d,159,mock_N08_N04_Aonly,DiscussionGRPWaitPage,1774218626,14,0,1
vqp8n68f,92,r4904d5o,159,mock_N08_N04_Aonly,DiscussionGRPWaitPage,1774218626,14,0,1
vqp8n68f,94,kwkg4dn9,159,mock_N08_N04_Aonly,DiscussionGRPWaitPage,1774218626,14,0,1
vqp8n68f,99,c07pt1ya,164,mock_N08_N04_Aonly,Discussion,1774218629,14,0,0
vqp8n68f,96,wf5nf2so,164,mock_N08_N04_Aonly,Discussion,1774218629,14,0,0
vqp8n68f,95,zk370fb7,164,mock_N08_N04_Aonly,Discussion,1774218630,14,0,0
vqp8n68f,87,dr5o3jpx,164,mock_N08_N04_Aonly,Discussion,1774218631,14,0,0
vqp8n68f,88,j0j12m9d,164,mock_N08_N04_Aonly,Discussion,1774218632,14,0,0
vqp8n68f,86,tnq0fm3f,164,mock_N08_N04_Aonly,Discussion,1774218633,14,0,0
vqp8n68f,92,r4904d5o,164,mock_N08_N04_Aonly,Discussion,1774218634,14,0,0
vqp8n68f,94,kwkg4dn9,164,mock_N08_N04_Aonly,Discussion,1774218636,14,0,0
vqp8n68f,86,tnq0fm3f,170,mock_N08_N04_Aonly,DiscussionGRPWaitPage,1774218636,15,0,1
vqp8n68f,87,dr5o3jpx,170,mock_N08_N04_Aonly,DiscussionGRPWaitPage,1774218636,15,0,1
vqp8n68f,95,zk370fb7,170,mock_N08_N04_Aonly,DiscussionGRPWaitPage,1774218636,15,0,1
vqp8n68f,96,wf5nf2so,170,mock_N08_N04_Aonly,DiscussionGRPWaitPage,1774218636,15,0,1
vqp8n68f,88,j0j12m9d,170,mock_N08_N04_Aonly,DiscussionGRPWaitPage,1774218636,15,0,1
vqp8n68f,92,r4904d5o,170,mock_N08_N04_Aonly,DiscussionGRPWaitPage,1774218636,15,0,1
vqp8n68f,94,kwkg4dn9,170,mock_N08_N04_Aonly,DiscussionGRPWaitPage,1774218636,15,0,1
vqp8n68f,99,c07pt1ya,170,mock_N08_N04_Aonly,DiscussionGRPWaitPage,1774218636,15,0,1
vqp8n68f,99,c07pt1ya,175,mock_N08_N04_Aonly,Discussion,1774218638,15,0,0
vqp8n68f,96,wf5nf2so,175,mock_N08_N04_Aonly,Discussion,1774218639,15,0,0
vqp8n68f,88,j0j12m9d,175,mock_N08_N04_Aonly,Discussion,1774218639,15,0,0
vqp8n68f,94,kwkg4dn9,175,mock_N08_N04_Aonly,Discussion,1774218640,15,0,0
vqp8n68f,92,r4904d5o,175,mock_N08_N04_Aonly,Discussion,1774218640,15,0,0
vqp8n68f,87,dr5o3jpx,175,mock_N08_N04_Aonly,Discussion,1774218640,15,0,0
vqp8n68f,95,zk370fb7,175,mock_N08_N04_Aonly,Discussion,1774218641,15,0,0
vqp8n68f,86,tnq0fm3f,175,mock_N08_N04_Aonly,Discussion,1774218647,15,0,0
vqp8n68f,86,tnq0fm3f,181,mock_N08_N04_Aonly,DiscussionGRPWaitPage,1774218648,16,0,1
vqp8n68f,87,dr5o3jpx,181,mock_N08_N04_Aonly,DiscussionGRPWaitPage,1774218648,16,0,1
vqp8n68f,95,zk370fb7,181,mock_N08_N04_Aonly,DiscussionGRPWaitPage,1774218648,16,0,1
vqp8n68f,96,wf5nf2so,181,mock_N08_N04_Aonly,DiscussionGRPWaitPage,1774218648,16,0,1
vqp8n68f,88,j0j12m9d,181,mock_N08_N04_Aonly,DiscussionGRPWaitPage,1774218648,16,0,1
vqp8n68f,92,r4904d5o,181,mock_N08_N04_Aonly,DiscussionGRPWaitPage,1774218648,16,0,1
vqp8n68f,94,kwkg4dn9,181,mock_N08_N04_Aonly,DiscussionGRPWaitPage,1774218648,16,0,1
vqp8n68f,99,c07pt1ya,181,mock_N08_N04_Aonly,DiscussionGRPWaitPage,1774218648,16,0,1
vqp8n68f,95,zk370fb7,186,mock_N08_N04_Aonly,Discussion,1774218651,16,0,0
vqp8n68f,88,j0j12m9d,186,mock_N08_N04_Aonly,Discussion,1774218651,16,0,0
vqp8n68f,99,c07pt1ya,186,mock_N08_N04_Aonly,Discussion,1774218651,16,0,0
vqp8n68f,96,wf5nf2so,186,mock_N08_N04_Aonly,Discussion,1774218651,16,0,0
vqp8n68f,87,dr5o3jpx,186,mock_N08_N04_Aonly,Discussion,1774218651,16,0,0
vqp8n68f,92,r4904d5o,186,mock_N08_N04_Aonly,Discussion,1774218653,16,0,0
vqp8n68f,94,kwkg4dn9,186,mock_N08_N04_Aonly,Discussion,1774218657,16,0,0
vqp8n68f,86,tnq0fm3f,186,mock_N08_N04_Aonly,Discussion,1774218662,16,0,0
vqp8n68f,86,tnq0fm3f,192,mock_N08_N04_Aonly,DiscussionGRPWaitPage,1774218663,17,0,1
vqp8n68f,96,wf5nf2so,192,mock_N08_N04_Aonly,DiscussionGRPWaitPage,1774218663,17,0,1
vqp8n68f,87,dr5o3jpx,192,mock_N08_N04_Aonly,DiscussionGRPWaitPage,1774218663,17,0,1
vqp8n68f,95,zk370fb7,192,mock_N08_N04_Aonly,DiscussionGRPWaitPage,1774218663,17,0,1
vqp8n68f,88,j0j12m9d,192,mock_N08_N04_Aonly,DiscussionGRPWaitPage,1774218663,17,0,1
vqp8n68f,92,r4904d5o,192,mock_N08_N04_Aonly,DiscussionGRPWaitPage,1774218663,17,0,1
vqp8n68f,94,kwkg4dn9,192,mock_N08_N04_Aonly,DiscussionGRPWaitPage,1774218663,17,0,1
vqp8n68f,99,c07pt1ya,192,mock_N08_N04_Aonly,DiscussionGRPWaitPage,1774218663,17,0,1
vqp8n68f,100,ileck9tx,11,presurvey,Scenario,1774218665,1,0,0
vqp8n68f,88,j0j12m9d,197,mock_N08_N04_Aonly,Discussion,1774218666,17,0,0
vqp8n68f,96,wf5nf2so,197,mock_N08_N04_Aonly,Discussion,1774218666,17,0,0
vqp8n68f,95,zk370fb7,197,mock_N08_N04_Aonly,Discussion,1774218666,17,0,0
vqp8n68f,99,c07pt1ya,197,mock_N08_N04_Aonly,Discussion,1774218666,17,0,0
vqp8n68f,87,dr5o3jpx,197,mock_N08_N04_Aonly,Discussion,1774218667,17,0,0
vqp8n68f,94,kwkg4dn9,197,mock_N08_N04_Aonly,Discussion,1774218667,17,0,0
vqp8n68f,92,r4904d5o,197,mock_N08_N04_Aonly,Discussion,1774218667,17,0,0
vqp8n68f,86,tnq0fm3f,197,mock_N08_N04_Aonly,Discussion,1774218677,17,0,0
vqp8n68f,86,tnq0fm3f,203,mock_N08_N04_Aonly,DiscussionGRPWaitPage,1774218677,18,0,1
vqp8n68f,87,dr5o3jpx,203,mock_N08_N04_Aonly,DiscussionGRPWaitPage,1774218677,18,0,1
vqp8n68f,95,zk370fb7,203,mock_N08_N04_Aonly,DiscussionGRPWaitPage,1774218677,18,0,1
vqp8n68f,96,wf5nf2so,203,mock_N08_N04_Aonly,DiscussionGRPWaitPage,1774218677,18,0,1
vqp8n68f,88,j0j12m9d,203,mock_N08_N04_Aonly,DiscussionGRPWaitPage,1774218677,18,0,1
vqp8n68f,92,r4904d5o,203,mock_N08_N04_Aonly,DiscussionGRPWaitPage,1774218677,18,0,1
vqp8n68f,94,kwkg4dn9,203,mock_N08_N04_Aonly,DiscussionGRPWaitPage,1774218677,18,0,1
vqp8n68f,99,c07pt1ya,203,mock_N08_N04_Aonly,DiscussionGRPWaitPage,1774218677,18,0,1
vqp8n68f,99,c07pt1ya,208,mock_N08_N04_Aonly,Discussion,1774218680,18,0,0
vqp8n68f,88,j0j12m9d,208,mock_N08_N04_Aonly,Discussion,1774218680,18,0,0
vqp8n68f,94,kwkg4dn9,208,mock_N08_N04_Aonly,Discussion,1774218681,18,0,0
vqp8n68f,96,wf5nf2so,208,mock_N08_N04_Aonly,Discussion,1774218681,18,0,0
vqp8n68f,87,dr5o3jpx,208,mock_N08_N04_Aonly,Discussion,1774218682,18,0,0
vqp8n68f,92,r4904d5o,208,mock_N08_N04_Aonly,Discussion,1774218682,18,0,0
vqp8n68f,95,zk370fb7,208,mock_N08_N04_Aonly,Discussion,1774218683,18,0,0
vqp8n68f,86,tnq0fm3f,208,mock_N08_N04_Aonly,Discussion,1774218697,18,0,0
vqp8n68f,86,tnq0fm3f,214,mock_N08_N04_Aonly,DiscussionGRPWaitPage,1774218697,19,0,1
vqp8n68f,87,dr5o3jpx,214,mock_N08_N04_Aonly,DiscussionGRPWaitPage,1774218697,19,0,1
vqp8n68f,95,zk370fb7,214,mock_N08_N04_Aonly,DiscussionGRPWaitPage,1774218697,19,0,1
vqp8n68f,96,wf5nf2so,214,mock_N08_N04_Aonly,DiscussionGRPWaitPage,1774218697,19,0,1
vqp8n68f,88,j0j12m9d,214,mock_N08_N04_Aonly,DiscussionGRPWaitPage,1774218697,19,0,1
vqp8n68f,92,r4904d5o,214,mock_N08_N04_Aonly,DiscussionGRPWaitPage,1774218697,19,0,1
vqp8n68f,94,kwkg4dn9,214,mock_N08_N04_Aonly,DiscussionGRPWaitPage,1774218697,19,0,1
vqp8n68f,99,c07pt1ya,214,mock_N08_N04_Aonly,DiscussionGRPWaitPage,1774218697,19,0,1
vqp8n68f,88,j0j12m9d,219,mock_N08_N04_Aonly,Discussion,1774218700,19,0,0
vqp8n68f,94,kwkg4dn9,219,mock_N08_N04_Aonly,Discussion,1774218700,19,0,0
vqp8n68f,87,dr5o3jpx,219,mock_N08_N04_Aonly,Discussion,1774218700,19,0,0
vqp8n68f,99,c07pt1ya,219,mock_N08_N04_Aonly,Discussion,1774218700,19,0,0
vqp8n68f,95,zk370fb7,219,mock_N08_N04_Aonly,Discussion,1774218701,19,0,0
vqp8n68f,96,wf5nf2so,219,mock_N08_N04_Aonly,Discussion,1774218701,19,0,0
vqp8n68f,92,r4904d5o,219,mock_N08_N04_Aonly,Discussion,1774218702,19,0,0
vqp8n68f,86,tnq0fm3f,219,mock_N08_N04_Aonly,Discussion,1774218711,19,0,0
vqp8n68f,96,wf5nf2so,225,mock_N08_N04_Aonly,DiscussionGRPWaitPage,1774218712,20,0,1
vqp8n68f,99,c07pt1ya,225,mock_N08_N04_Aonly,DiscussionGRPWaitPage,1774218712,20,0,1
vqp8n68f,86,tnq0fm3f,225,mock_N08_N04_Aonly,DiscussionGRPWaitPage,1774218712,20,0,1
vqp8n68f,87,dr5o3jpx,225,mock_N08_N04_Aonly,DiscussionGRPWaitPage,1774218712,20,0,1
vqp8n68f,95,zk370fb7,225,mock_N08_N04_Aonly,DiscussionGRPWaitPage,1774218712,20,0,1
vqp8n68f,88,j0j12m9d,225,mock_N08_N04_Aonly,DiscussionGRPWaitPage,1774218712,20,0,1
vqp8n68f,92,r4904d5o,225,mock_N08_N04_Aonly,DiscussionGRPWaitPage,1774218712,20,0,1
vqp8n68f,94,kwkg4dn9,225,mock_N08_N04_Aonly,DiscussionGRPWaitPage,1774218712,20,0,1
vqp8n68f,88,j0j12m9d,230,mock_N08_N04_Aonly,Discussion,1774218714,20,0,0
vqp8n68f,95,zk370fb7,230,mock_N08_N04_Aonly,Discussion,1774218715,20,0,0
vqp8n68f,96,wf5nf2so,230,mock_N08_N04_Aonly,Discussion,1774218715,20,0,0
vqp8n68f,87,dr5o3jpx,230,mock_N08_N04_Aonly,Discussion,1774218715,20,0,0
vqp8n68f,92,r4904d5o,230,mock_N08_N04_Aonly,Discussion,1774218716,20,0,0
vqp8n68f,94,kwkg4dn9,230,mock_N08_N04_Aonly,Discussion,1774218717,20,0,0
vqp8n68f,86,tnq0fm3f,230,mock_N08_N04_Aonly,Discussion,1774218720,20,0,0
vqp8n68f,99,c07pt1ya,230,mock_N08_N04_Aonly,Discussion,1774218729,20,0,0
vqp8n68f,96,wf5nf2so,231,mock_N08_N04_Aonly,FinalRoundWaitPage,1774218729,20,0,1
vqp8n68f,99,c07pt1ya,231,mock_N08_N04_Aonly,FinalRoundWaitPage,1774218729,20,0,1
vqp8n68f,92,r4904d5o,231,mock_N08_N04_Aonly,FinalRoundWaitPage,1774218729,20,0,1
vqp8n68f,86,tnq0fm3f,231,mock_N08_N04_Aonly,FinalRoundWaitPage,1774218729,20,0,1
vqp8n68f,87,dr5o3jpx,231,mock_N08_N04_Aonly,FinalRoundWaitPage,1774218729,20,0,1
vqp8n68f,95,zk370fb7,231,mock_N08_N04_Aonly,FinalRoundWaitPage,1774218729,20,0,1
vqp8n68f,94,kwkg4dn9,231,mock_N08_N04_Aonly,FinalRoundWaitPage,1774218729,20,0,1
vqp8n68f,88,j0j12m9d,231,mock_N08_N04_Aonly,FinalRoundWaitPage,1774218729,20,0,1
vqp8n68f,99,c07pt1ya,232,mock_N08_N04_Aonly,FinalRound,1774218737,20,0,0
vqp8n68f,87,dr5o3jpx,232,mock_N08_N04_Aonly,FinalRound,1774218737,20,0,0
vqp8n68f,88,j0j12m9d,232,mock_N08_N04_Aonly,FinalRound,1774218739,20,0,0
vqp8n68f,96,wf5nf2so,232,mock_N08_N04_Aonly,FinalRound,1774218741,20,0,0
vqp8n68f,92,r4904d5o,232,mock_N08_N04_Aonly,FinalRound,1774218741,20,0,0
vqp8n68f,95,zk370fb7,232,mock_N08_N04_Aonly,FinalRound,1774218741,20,0,0
vqp8n68f,86,tnq0fm3f,232,mock_N08_N04_Aonly,FinalRound,1774218743,20,0,0
vqp8n68f,94,kwkg4dn9,232,mock_N08_N04_Aonly,FinalRound,1774218744,20,0,0
vqp8n68f,103,89v1pes0,0,,InitializeParticipant,1774218766,1,0,0
vqp8n68f,104,8th2l9rk,0,,InitializeParticipant,1774218772,1,0,0
vqp8n68f,105,9b544eyr,0,,InitializeParticipant,1774218778,1,0,0
vqp8n68f,100,ileck9tx,12,presurvey,Commitment,1774218778,1,0,0
vqp8n68f,106,8fzvsisy,0,,InitializeParticipant,1774218783,1,0,0
vqp8n68f,105,9b544eyr,1,presurvey,Introduction,1774218787,1,0,0
vqp8n68f,103,89v1pes0,1,presurvey,Introduction,1774218805,1,0,0
vqp8n68f,105,9b544eyr,2,presurvey,AudioCheck,1774218808,1,0,0
vqp8n68f,104,8th2l9rk,1,presurvey,Introduction,1774218823,1,0,0
vqp8n68f,103,89v1pes0,2,presurvey,AudioCheck,1774218830,1,0,0
vqp8n68f,105,9b544eyr,3,presurvey,Demographics,1774218845,1,0,0
vqp8n68f,104,8th2l9rk,2,presurvey,AudioCheck,1774218846,1,0,0
vqp8n68f,103,89v1pes0,3,presurvey,Demographics,1774218847,1,0,0
vqp8n68f,104,8th2l9rk,3,presurvey,Demographics,1774218865,1,0,0
vqp8n68f,107,igquovgu,0,,InitializeParticipant,1774218868,1,0,0
vqp8n68f,105,9b544eyr,4,presurvey,NeighborhoodInstruction,1774218879,1,0,0
vqp8n68f,103,89v1pes0,4,presurvey,NeighborhoodInstruction,1774218881,1,0,0
vqp8n68f,107,igquovgu,1,presurvey,Introduction,1774218881,1,0,0
vqp8n68f,107,igquovgu,2,presurvey,AudioCheck,1774218892,1,0,0
vqp8n68f,105,9b544eyr,5,presurvey,Training,1774218901,1,0,0
vqp8n68f,103,89v1pes0,5,presurvey,Training,1774218906,1,0,0
vqp8n68f,107,igquovgu,3,presurvey,Demographics,1774218906,1,0,0
vqp8n68f,104,8th2l9rk,4,presurvey,NeighborhoodInstruction,1774218908,1,0,0
vqp8n68f,107,igquovgu,4,presurvey,NeighborhoodInstruction,1774218934,1,0,0
vqp8n68f,104,8th2l9rk,5,presurvey,Training,1774218943,1,0,0
vqp8n68f,103,89v1pes0,6,presurvey,TrainingNeighbor_1,1774218944,1,0,0
vqp8n68f,103,89v1pes0,10,presurvey,ExperimentInstruction,1774218954,1,0,0
vqp8n68f,107,igquovgu,5,presurvey,Training,1774218965,1,0,0
vqp8n68f,103,89v1pes0,11,presurvey,Scenario,1774218980,1,0,0
vqp8n68f,107,igquovgu,6,presurvey,TrainingNeighbor_1,1774218987,1,0,0
vqp8n68f,104,8th2l9rk,6,presurvey,TrainingNeighbor_1,1774218988,1,0,0
vqp8n68f,106,8fzvsisy,1,presurvey,Introduction,1774218992,1,0,0
vqp8n68f,107,igquovgu,10,presurvey,ExperimentInstruction,1774218992,1,0,0
vqp8n68f,104,8th2l9rk,10,presurvey,ExperimentInstruction,1774218993,1,0,0
vqp8n68f,107,igquovgu,11,presurvey,Scenario,1774219016,1,0,0
vqp8n68f,104,8th2l9rk,11,presurvey,Scenario,1774219046,1,0,0
vqp8n68f,107,igquovgu,12,presurvey,Commitment,1774219049,1,0,0
vqp8n68f,105,9b544eyr,6,presurvey,TrainingNeighbor_1,1774219106,1,0,0
vqp8n68f,108,98re6cyj,0,,InitializeParticipant,1774219125,1,0,0
vqp8n68f,108,98re6cyj,1,presurvey,Introduction,1774219129,1,0,0
vqp8n68f,108,98re6cyj,2,presurvey,AudioCheck,1774219149,1,0,0
vqp8n68f,109,731bvufh,0,,InitializeParticipant,1774219155,1,0,0
vqp8n68f,108,98re6cyj,3,presurvey,Demographics,1774219164,1,0,0
vqp8n68f,106,8fzvsisy,2,presurvey,AudioCheck,1774219169,1,0,0
vqp8n68f,89,nhj1hg89,5,presurvey,Training,1774219176,1,0,0
vqp8n68f,108,98re6cyj,4,presurvey,NeighborhoodInstruction,1774219178,1,0,0
vqp8n68f,106,8fzvsisy,3,presurvey,Demographics,1774219213,1,0,0
vqp8n68f,108,98re6cyj,5,presurvey,Training,1774219219,1,0,0
vqp8n68f,110,4glf6hyx,0,,InitializeParticipant,1774219220,1,0,0
vqp8n68f,105,9b544eyr,10,presurvey,ExperimentInstruction,1774219245,1,0,0
vqp8n68f,110,4glf6hyx,1,presurvey,Introduction,1774219247,1,0,0
vqp8n68f,108,98re6cyj,6,presurvey,TrainingNeighbor_1,1774219262,1,0,0
vqp8n68f,110,4glf6hyx,2,presurvey,AudioCheck,1774219265,1,0,0
vqp8n68f,108,98re6cyj,7,presurvey,TrainingNeighbor_2,1774219269,1,0,0
vqp8n68f,108,98re6cyj,10,presurvey,ExperimentInstruction,1774219275,1,0,0
vqp8n68f,111,2suvt8xt,0,,InitializeParticipant,1774219289,1,0,0
vqp8n68f,110,4glf6hyx,3,presurvey,Demographics,1774219290,1,0,0
vqp8n68f,111,2suvt8xt,1,presurvey,Introduction,1774219295,1,0,0
vqp8n68f,110,4glf6hyx,4,presurvey,NeighborhoodInstruction,1774219310,1,0,0
vqp8n68f,111,2suvt8xt,2,presurvey,AudioCheck,1774219315,1,0,0
vqp8n68f,112,n64lxrn2,0,,InitializeParticipant,1774219315,1,0,0
vqp8n68f,108,98re6cyj,11,presurvey,Scenario,1774219318,1,0,0
vqp8n68f,111,2suvt8xt,3,presurvey,Demographics,1774219328,1,0,0
vqp8n68f,110,4glf6hyx,5,presurvey,Training,1774219336,1,0,0
vqp8n68f,111,2suvt8xt,4,presurvey,NeighborhoodInstruction,1774219352,1,0,0
vqp8n68f,112,n64lxrn2,1,presurvey,Introduction,1774219354,1,0,0
vqp8n68f,106,8fzvsisy,4,presurvey,NeighborhoodInstruction,1774219365,1,0,0
vqp8n68f,110,4glf6hyx,6,presurvey,TrainingNeighbor_1,1774219382,1,0,0
vqp8n68f,111,2suvt8xt,5,presurvey,Training,1774219386,1,0,0
vqp8n68f,110,4glf6hyx,7,presurvey,TrainingNeighbor_2,1774219387,1,0,0
vqp8n68f,110,4glf6hyx,10,presurvey,ExperimentInstruction,1774219392,1,0,0
vqp8n68f,105,9b544eyr,11,presurvey,Scenario,1774219402,1,0,0
vqp8n68f,112,n64lxrn2,2,presurvey,AudioCheck,1774219424,1,0,0
vqp8n68f,110,4glf6hyx,11,presurvey,Scenario,1774219424,1,0,0
vqp8n68f,111,2suvt8xt,6,presurvey,TrainingNeighbor_1,1774219427,1,0,0
vqp8n68f,111,2suvt8xt,10,presurvey,ExperimentInstruction,1774219432,1,0,0
vqp8n68f,112,n64lxrn2,3,presurvey,Demographics,1774219450,1,0,0
vqp8n68f,113,hru1dq5y,0,,InitializeParticipant,1774219462,1,0,0
vqp8n68f,106,8fzvsisy,5,presurvey,Training,1774219471,1,0,0
vqp8n68f,111,2suvt8xt,11,presurvey,Scenario,1774219473,1,0,0
vqp8n68f,113,hru1dq5y,1,presurvey,Introduction,1774219480,1,0,0
vqp8n68f,113,hru1dq5y,2,presurvey,AudioCheck,1774219512,1,0,0
vqp8n68f,112,n64lxrn2,4,presurvey,NeighborhoodInstruction,1774219528,1,0,0
vqp8n68f,113,hru1dq5y,3,presurvey,Demographics,1774219556,1,0,0
vqp8n68f,106,8fzvsisy,6,presurvey,TrainingNeighbor_1,1774219570,1,0,0
vqp8n68f,113,hru1dq5y,4,presurvey,NeighborhoodInstruction,1774219584,1,0,0
vqp8n68f,112,n64lxrn2,5,presurvey,Training,1774219600,1,0,0
vqp8n68f,89,nhj1hg89,6,presurvey,TrainingNeighbor_1,1774219601,1,0,0
vqp8n68f,113,hru1dq5y,5,presurvey,Training,1774219628,1,0,0
vqp8n68f,89,nhj1hg89,7,presurvey,TrainingNeighbor_2,1774219636,1,0,0
vqp8n68f,89,nhj1hg89,10,presurvey,ExperimentInstruction,1774219643,1,0,0
vqp8n68f,114,uxff15cr,0,,InitializeParticipant,1774219676,1,0,0
vqp8n68f,114,uxff15cr,1,presurvey,Introduction,1774219680,1,0,0
vqp8n68f,113,hru1dq5y,6,presurvey,TrainingNeighbor_1,1774219698,1,0,0
vqp8n68f,106,8fzvsisy,10,presurvey,ExperimentInstruction,1774219698,1,0,0
vqp8n68f,114,uxff15cr,2,presurvey,AudioCheck,1774219703,1,0,0
vqp8n68f,113,hru1dq5y,7,presurvey,TrainingNeighbor_2,1774219705,1,0,0
vqp8n68f,112,n64lxrn2,6,presurvey,TrainingNeighbor_1,1774219705,1,0,0
vqp8n68f,114,uxff15cr,3,presurvey,Demographics,1774219717,1,0,0
vqp8n68f,113,hru1dq5y,10,presurvey,ExperimentInstruction,1774219728,1,0,0
vqp8n68f,114,uxff15cr,4,presurvey,NeighborhoodInstruction,1774219732,1,0,0
vqp8n68f,112,n64lxrn2,7,presurvey,TrainingNeighbor_2,1774219743,1,0,0
vqp8n68f,114,uxff15cr,5,presurvey,Training,1774219752,1,0,0
vqp8n68f,113,hru1dq5y,11,presurvey,Scenario,1774219761,1,0,0
vqp8n68f,114,uxff15cr,6,presurvey,TrainingNeighbor_1,1774219771,1,0,0
vqp8n68f,114,uxff15cr,10,presurvey,ExperimentInstruction,1774219775,1,0,0
vqp8n68f,112,n64lxrn2,8,presurvey,AttentionCheck,1774219796,1,0,0
vqp8n68f,114,uxff15cr,11,presurvey,Scenario,1774219800,1,0,0
vqp8n68f,106,8fzvsisy,11,presurvey,Scenario,1774219803,1,0,0
vqp8n68f,115,y3kkdj55,0,,InitializeParticipant,1774219863,1,0,0
vqp8n68f,89,nhj1hg89,11,presurvey,Scenario,1774219877,1,0,0
vqp8n68f,115,y3kkdj55,1,presurvey,Introduction,1774219884,1,0,0
vqp8n68f,115,y3kkdj55,2,presurvey,AudioCheck,1774219900,1,0,0
vqp8n68f,116,newdxr0y,0,,InitializeParticipant,1774219916,1,0,0
vqp8n68f,89,nhj1hg89,12,presurvey,Commitment,1774219919,1,0,0
vqp8n68f,116,newdxr0y,1,presurvey,Introduction,1774219922,1,0,0
vqp8n68f,115,y3kkdj55,3,presurvey,Demographics,1774219925,1,0,0
vqp8n68f,116,newdxr0y,2,presurvey,AudioCheck,1774219941,1,0,0
vqp8n68f,116,newdxr0y,3,presurvey,Demographics,1774219957,1,0,0
vqp8n68f,115,y3kkdj55,4,presurvey,NeighborhoodInstruction,1774219973,1,0,0
vqp8n68f,116,newdxr0y,4,presurvey,NeighborhoodInstruction,1774219978,1,0,0
vqp8n68f,100,ileck9tx,13,mock_N08_N04_Aonly,GroupingWaitPage,1774219980,1,0,1
vqp8n68f,100,ileck9tx,14,mock_N08_N04_Aonly,GroupSizeWaitPage,1774219980,1,0,1
vqp8n68f,117,p3b8oqbv,0,,InitializeParticipant,1774219984,1,0,0
vqp8n68f,115,y3kkdj55,5,presurvey,Training,1774220005,1,0,0
vqp8n68f,100,ileck9tx,15,mock_N08_N04_Aonly,AttentionCheck,1774220006,1,0,0
vqp8n68f,116,newdxr0y,5,presurvey,Training,1774220008,1,0,0
vqp8n68f,117,p3b8oqbv,1,presurvey,Introduction,1774220019,1,0,0
vqp8n68f,116,newdxr0y,6,presurvey,TrainingNeighbor_1,1774220036,1,0,0
vqp8n68f,117,p3b8oqbv,2,presurvey,AudioCheck,1774220042,1,0,0
vqp8n68f,116,newdxr0y,10,presurvey,ExperimentInstruction,1774220044,1,0,0
vqp8n68f,117,p3b8oqbv,3,presurvey,Demographics,1774220060,1,0,0
vqp8n68f,118,xartt93k,0,,InitializeParticipant,1774220062,1,0,0
vqp8n68f,117,p3b8oqbv,4,presurvey,NeighborhoodInstruction,1774220074,1,0,0
vqp8n68f,116,newdxr0y,11,presurvey,Scenario,1774220075,1,0,0
vqp8n68f,115,y3kkdj55,6,presurvey,TrainingNeighbor_1,1774220085,1,0,0
vqp8n68f,115,y3kkdj55,10,presurvey,ExperimentInstruction,1774220096,1,0,0
vqp8n68f,117,p3b8oqbv,5,presurvey,Training,1774220135,1,0,0
vqp8n68f,118,xartt93k,1,presurvey,Introduction,1774220159,1,0,0
vqp8n68f,115,y3kkdj55,11,presurvey,Scenario,1774220164,1,0,0
vqp8n68f,118,xartt93k,2,presurvey,AudioCheck,1774220172,1,0,0
vqp8n68f,118,xartt93k,3,presurvey,Demographics,1774220185,1,0,0
vqp8n68f,107,igquovgu,13,mock_N08_N04_Aonly,GroupingWaitPage,1774220202,1,0,1
vqp8n68f,107,igquovgu,14,mock_N08_N04_Aonly,GroupSizeWaitPage,1774220202,1,0,1
vqp8n68f,117,p3b8oqbv,6,presurvey,TrainingNeighbor_1,1774220203,1,0,0
vqp8n68f,118,xartt93k,4,presurvey,NeighborhoodInstruction,1774220205,1,0,0
vqp8n68f,119,9jp0tdqb,0,,InitializeParticipant,1774220206,1,0,0
vqp8n68f,107,igquovgu,15,mock_N08_N04_Aonly,AttentionCheck,1774220207,1,0,0
vqp8n68f,115,y3kkdj55,12,presurvey,Commitment,1774220219,1,0,0
vqp8n68f,117,p3b8oqbv,10,presurvey,ExperimentInstruction,1774220220,1,0,0
vqp8n68f,118,xartt93k,5,presurvey,Training,1774220235,1,0,0
vqp8n68f,117,p3b8oqbv,11,presurvey,Scenario,1774220257,1,0,0
vqp8n68f,119,9jp0tdqb,1,presurvey,Introduction,1774220275,1,0,0
vqp8n68f,118,xartt93k,6,presurvey,TrainingNeighbor_1,1774220315,1,0,0
vqp8n68f,120,8yxdhs36,0,,InitializeParticipant,1774220320,1,0,0
vqp8n68f,117,p3b8oqbv,12,presurvey,Commitment,1774220327,1,0,0
vqp8n68f,67,2r2ccek7,13,mock_N08_N04_Aonly,GroupingWaitPage,1774220335,1,0,1
vqp8n68f,67,2r2ccek7,14,mock_N08_N04_Aonly,GroupSizeWaitPage,1774220336,1,0,1
vqp8n68f,118,xartt93k,10,presurvey,ExperimentInstruction,1774220339,1,0,0
vqp8n68f,120,8yxdhs36,1,presurvey,Introduction,1774220340,1,0,0
vqp8n68f,120,8yxdhs36,2,presurvey,AudioCheck,1774220363,1,0,0
vqp8n68f,121,wo2lorjj,0,,InitializeParticipant,1774220372,1,0,0
vqp8n68f,119,9jp0tdqb,2,presurvey,AudioCheck,1774220386,1,0,0
vqp8n68f,120,8yxdhs36,3,presurvey,Demographics,1774220388,1,0,0
vqp8n68f,119,9jp0tdqb,3,presurvey,Demographics,1774220405,1,0,0
vqp8n68f,118,xartt93k,11,presurvey,Scenario,1774220409,1,0,0
vqp8n68f,120,8yxdhs36,4,presurvey,NeighborhoodInstruction,1774220419,1,0,0
vqp8n68f,122,4n4ruhj9,0,,InitializeParticipant,1774220423,1,0,0
vqp8n68f,119,9jp0tdqb,4,presurvey,NeighborhoodInstruction,1774220428,1,0,0
vqp8n68f,122,4n4ruhj9,1,presurvey,Introduction,1774220433,1,0,0
vqp8n68f,121,wo2lorjj,1,presurvey,Introduction,1774220436,1,0,0
vqp8n68f,123,0c8babvz,0,,InitializeParticipant,1774220438,1,0,0
vqp8n68f,124,ggocijrs,0,,InitializeParticipant,1774220443,1,0,0
vqp8n68f,123,0c8babvz,1,presurvey,Introduction,1774220446,1,0,0
vqp8n68f,122,4n4ruhj9,2,presurvey,AudioCheck,1774220446,1,0,0
vqp8n68f,124,ggocijrs,1,presurvey,Introduction,1774220448,1,0,0
vqp8n68f,124,ggocijrs,2,presurvey,AudioCheck,1774220456,1,0,0
vqp8n68f,125,4uek5v4t,0,,InitializeParticipant,1774220457,1,0,0
vqp8n68f,121,wo2lorjj,2,presurvey,AudioCheck,1774220457,1,0,0
vqp8n68f,120,8yxdhs36,5,presurvey,Training,1774220459,1,0,0
vqp8n68f,122,4n4ruhj9,3,presurvey,Demographics,1774220462,1,0,0
vqp8n68f,119,9jp0tdqb,5,presurvey,Training,1774220465,1,0,0
vqp8n68f,125,4uek5v4t,1,presurvey,Introduction,1774220465,1,0,0
vqp8n68f,124,ggocijrs,3,presurvey,Demographics,1774220468,1,0,0
vqp8n68f,124,ggocijrs,4,presurvey,NeighborhoodInstruction,1774220470,1,0,0
vqp8n68f,126,e259pvyz,0,,InitializeParticipant,1774220472,1,0,0
vqp8n68f,126,e259pvyz,1,presurvey,Introduction,1774220476,1,0,0
vqp8n68f,122,4n4ruhj9,4,presurvey,NeighborhoodInstruction,1774220479,1,0,0
vqp8n68f,123,0c8babvz,2,presurvey,AudioCheck,1774220480,1,0,0
vqp8n68f,127,2thghv1d,0,,InitializeParticipant,1774220481,1,0,0
vqp8n68f,128,e1sk3gdk,0,,InitializeParticipant,1774220485,1,0,0
vqp8n68f,129,hta3fql7,0,,InitializeParticipant,1774220486,1,0,0
vqp8n68f,121,wo2lorjj,3,presurvey,Demographics,1774220486,1,0,0
vqp8n68f,124,ggocijrs,5,presurvey,Training,1774220490,1,0,0
vqp8n68f,128,e1sk3gdk,1,presurvey,Introduction,1774220494,1,0,0
vqp8n68f,126,e259pvyz,2,presurvey,AudioCheck,1774220497,1,0,0
vqp8n68f,123,0c8babvz,3,presurvey,Demographics,1774220500,1,0,0
vqp8n68f,120,8yxdhs36,6,presurvey,TrainingNeighbor_1,1774220503,1,0,0
vqp8n68f,124,ggocijrs,6,presurvey,TrainingNeighbor_1,1774220507,1,0,0
vqp8n68f,130,3oes661m,0,,InitializeParticipant,1774220511,1,0,0
vqp8n68f,124,ggocijrs,10,presurvey,ExperimentInstruction,1774220512,1,0,0
vqp8n68f,125,4uek5v4t,2,presurvey,AudioCheck,1774220513,1,0,0
vqp8n68f,127,2thghv1d,1,presurvey,Introduction,1774220514,1,0,0
vqp8n68f,128,e1sk3gdk,2,presurvey,AudioCheck,1774220514,1,0,0
vqp8n68f,122,4n4ruhj9,5,presurvey,Training,1774220515,1,0,0
vqp8n68f,126,e259pvyz,3,presurvey,Demographics,1774220517,1,0,0
vqp8n68f,121,wo2lorjj,4,presurvey,NeighborhoodInstruction,1774220520,1,0,0
vqp8n68f,123,0c8babvz,4,presurvey,NeighborhoodInstruction,1774220520,1,0,0
vqp8n68f,131,c5ye0yi4,0,,InitializeParticipant,1774220536,1,0,0
vqp8n68f,130,3oes661m,1,presurvey,Introduction,1774220537,1,0,0
vqp8n68f,119,9jp0tdqb,6,presurvey,TrainingNeighbor_1,1774220538,1,0,0
vqp8n68f,127,2thghv1d,2,presurvey,AudioCheck,1774220538,1,0,0
vqp8n68f,129,hta3fql7,1,presurvey,Introduction,1774220538,1,0,0
vqp8n68f,126,e259pvyz,4,presurvey,NeighborhoodInstruction,1774220539,1,0,0
vqp8n68f,124,ggocijrs,11,presurvey,Scenario,1774220539,1,0,0
vqp8n68f,125,4uek5v4t,3,presurvey,Demographics,1774220542,1,0,0
vqp8n68f,128,e1sk3gdk,3,presurvey,Demographics,1774220542,1,0,0
vqp8n68f,128,e1sk3gdk,4,presurvey,NeighborhoodInstruction,1774220546,1,0,0
vqp8n68f,132,mjkl4cs7,0,,InitializeParticipant,1774220551,1,0,0
vqp8n68f,123,0c8babvz,5,presurvey,Training,1774220555,1,0,0
vqp8n68f,130,3oes661m,2,presurvey,AudioCheck,1774220555,1,0,0
vqp8n68f,120,8yxdhs36,7,presurvey,TrainingNeighbor_2,1774220555,1,0,0
vqp8n68f,132,mjkl4cs7,1,presurvey,Introduction,1774220556,1,0,0
vqp8n68f,122,4n4ruhj9,6,presurvey,TrainingNeighbor_1,1774220557,1,0,0
vqp8n68f,129,hta3fql7,2,presurvey,AudioCheck,1774220562,1,0,0
vqp8n68f,124,ggocijrs,12,presurvey,Commitment,1774220566,1,0,0
vqp8n68f,119,9jp0tdqb,7,presurvey,TrainingNeighbor_2,1774220566,1,0,0
vqp8n68f,120,8yxdhs36,10,presurvey,ExperimentInstruction,1774220568,1,0,0
vqp8n68f,122,4n4ruhj9,10,presurvey,ExperimentInstruction,1774220572,1,0,0
vqp8n68f,132,mjkl4cs7,2,presurvey,AudioCheck,1774220572,1,0,0
vqp8n68f,125,4uek5v4t,4,presurvey,NeighborhoodInstruction,1774220580,1,0,0
vqp8n68f,126,e259pvyz,5,presurvey,Training,1774220581,1,0,0
vqp8n68f,119,9jp0tdqb,10,presurvey,ExperimentInstruction,1774220581,1,0,0
vqp8n68f,123,0c8babvz,6,presurvey,TrainingNeighbor_1,1774220583,1,0,0
vqp8n68f,130,3oes661m,3,presurvey,Demographics,1774220583,1,0,0
vqp8n68f,131,c5ye0yi4,1,presurvey,Introduction,1774220587,1,0,0
vqp8n68f,132,mjkl4cs7,3,presurvey,Demographics,1774220591,1,0,0
vqp8n68f,123,0c8babvz,10,presurvey,ExperimentInstruction,1774220593,1,0,0
vqp8n68f,121,wo2lorjj,5,presurvey,Training,1774220597,1,0,0
vqp8n68f,120,8yxdhs36,11,presurvey,Scenario,1774220599,1,0,0
vqp8n68f,122,4n4ruhj9,11,presurvey,Scenario,1774220601,1,0,0
vqp8n68f,132,mjkl4cs7,4,presurvey,NeighborhoodInstruction,1774220601,1,0,0
vqp8n68f,129,hta3fql7,3,presurvey,Demographics,1774220604,1,0,0
vqp8n68f,131,c5ye0yi4,2,presurvey,AudioCheck,1774220609,1,0,0
vqp8n68f,126,e259pvyz,6,presurvey,TrainingNeighbor_1,1774220617,1,0,0
vqp8n68f,129,hta3fql7,4,presurvey,NeighborhoodInstruction,1774220620,1,0,0
vqp8n68f,119,9jp0tdqb,11,presurvey,Scenario,1774220622,1,0,0
vqp8n68f,126,e259pvyz,10,presurvey,ExperimentInstruction,1774220627,1,0,0
vqp8n68f,131,c5ye0yi4,3,presurvey,Demographics,1774220628,1,0,0
vqp8n68f,123,0c8babvz,11,presurvey,Scenario,1774220628,1,0,0
vqp8n68f,125,4uek5v4t,5,presurvey,Training,1774220633,1,0,0
vqp8n68f,130,3oes661m,4,presurvey,NeighborhoodInstruction,1774220634,1,0,0
vqp8n68f,122,4n4ruhj9,12,presurvey,Commitment,1774220642,1,0,0
vqp8n68f,121,wo2lorjj,6,presurvey,TrainingNeighbor_1,1774220646,1,0,0
vqp8n68f,132,mjkl4cs7,5,presurvey,Training,1774220648,1,0,0
vqp8n68f,120,8yxdhs36,12,presurvey,Commitment,1774220657,1,0,0
vqp8n68f,126,e259pvyz,11,presurvey,Scenario,1774220660,1,0,0
vqp8n68f,131,c5ye0yi4,4,presurvey,NeighborhoodInstruction,1774220662,1,0,0
vqp8n68f,123,0c8babvz,12,presurvey,Commitment,1774220666,1,0,0
vqp8n68f,130,3oes661m,5,presurvey,Training,1774220673,1,0,0
vqp8n68f,121,wo2lorjj,10,presurvey,ExperimentInstruction,1774220684,1,0,0
vqp8n68f,129,hta3fql7,5,presurvey,Training,1774220696,1,0,0
vqp8n68f,126,e259pvyz,12,presurvey,Commitment,1774220702,1,0,0
vqp8n68f,89,nhj1hg89,13,mock_N08_N04_Aonly,GroupingWaitPage,1774220703,1,0,1
vqp8n68f,115,y3kkdj55,13,mock_N08_N04_Aonly,GroupingWaitPage,1774220703,1,0,1
vqp8n68f,117,p3b8oqbv,13,mock_N08_N04_Aonly,GroupingWaitPage,1774220703,1,0,1
vqp8n68f,120,8yxdhs36,13,mock_N08_N04_Aonly,GroupingWaitPage,1774220703,1,0,1
vqp8n68f,122,4n4ruhj9,13,mock_N08_N04_Aonly,GroupingWaitPage,1774220703,1,0,1
vqp8n68f,123,0c8babvz,13,mock_N08_N04_Aonly,GroupingWaitPage,1774220703,1,0,1
vqp8n68f,124,ggocijrs,13,mock_N08_N04_Aonly,GroupingWaitPage,1774220703,1,0,1
vqp8n68f,126,e259pvyz,13,mock_N08_N04_Aonly,GroupingWaitPage,1774220703,1,0,1
vqp8n68f,89,nhj1hg89,14,mock_N08_N04_Aonly,GroupSizeWaitPage,1774220703,1,0,1
vqp8n68f,115,y3kkdj55,14,mock_N08_N04_Aonly,GroupSizeWaitPage,1774220703,1,0,1
vqp8n68f,117,p3b8oqbv,14,mock_N08_N04_Aonly,GroupSizeWaitPage,1774220703,1,0,1
vqp8n68f,120,8yxdhs36,14,mock_N08_N04_Aonly,GroupSizeWaitPage,1774220703,1,0,1
vqp8n68f,122,4n4ruhj9,14,mock_N08_N04_Aonly,GroupSizeWaitPage,1774220703,1,0,1
vqp8n68f,123,0c8babvz,14,mock_N08_N04_Aonly,GroupSizeWaitPage,1774220703,1,0,1
vqp8n68f,124,ggocijrs,14,mock_N08_N04_Aonly,GroupSizeWaitPage,1774220703,1,0,1
vqp8n68f,126,e259pvyz,14,mock_N08_N04_Aonly,GroupSizeWaitPage,1774220703,1,0,1
vqp8n68f,89,nhj1hg89,16,mock_N08_N04_Aonly,DiscussionGRPWaitPage,1774220705,1,0,1
vqp8n68f,115,y3kkdj55,16,mock_N08_N04_Aonly,DiscussionGRPWaitPage,1774220705,1,0,1
vqp8n68f,120,8yxdhs36,16,mock_N08_N04_Aonly,DiscussionGRPWaitPage,1774220705,1,0,1
vqp8n68f,124,ggocijrs,16,mock_N08_N04_Aonly,DiscussionGRPWaitPage,1774220705,1,0,1
vqp8n68f,117,p3b8oqbv,16,mock_N08_N04_Aonly,DiscussionGRPWaitPage,1774220705,1,0,1
vqp8n68f,122,4n4ruhj9,16,mock_N08_N04_Aonly,DiscussionGRPWaitPage,1774220705,1,0,1
vqp8n68f,123,0c8babvz,16,mock_N08_N04_Aonly,DiscussionGRPWaitPage,1774220705,1,0,1
vqp8n68f,126,e259pvyz,16,mock_N08_N04_Aonly,DiscussionGRPWaitPage,1774220705,1,0,1
vqp8n68f,130,3oes661m,6,presurvey,TrainingNeighbor_1,1774220707,1,0,0
vqp8n68f,131,c5ye0yi4,5,presurvey,Training,1774220709,1,0,0
vqp8n68f,132,mjkl4cs7,6,presurvey,TrainingNeighbor_1,1774220710,1,0,0
vqp8n68f,125,4uek5v4t,6,presurvey,TrainingNeighbor_1,1774220710,1,0,0
vqp8n68f,123,0c8babvz,20,mock_N08_N04_Aonly,Phase3,1774220713,1,0,0
vqp8n68f,117,p3b8oqbv,20,mock_N08_N04_Aonly,Phase3,1774220713,1,0,0
vqp8n68f,130,3oes661m,7,presurvey,TrainingNeighbor_2,1774220714,1,0,0
vqp8n68f,120,8yxdhs36,20,mock_N08_N04_Aonly,Phase3,1774220716,1,0,0
vqp8n68f,130,3oes661m,10,presurvey,ExperimentInstruction,1774220716,1,0,0
vqp8n68f,126,e259pvyz,20,mock_N08_N04_Aonly,Phase3,1774220718,1,0,0
vqp8n68f,132,mjkl4cs7,7,presurvey,TrainingNeighbor_2,1774220718,1,0,0
vqp8n68f,125,4uek5v4t,7,presurvey,TrainingNeighbor_2,1774220718,1,0,0
vqp8n68f,127,2thghv1d,3,presurvey,Demographics,1774220722,1,0,0
vqp8n68f,121,wo2lorjj,11,presurvey,Scenario,1774220722,1,0,0
vqp8n68f,132,mjkl4cs7,10,presurvey,ExperimentInstruction,1774220723,1,0,0
vqp8n68f,115,y3kkdj55,20,mock_N08_N04_Aonly,Phase3,1774220725,1,0,0
vqp8n68f,126,e259pvyz,21,mock_N08_N04_Aonly,Discussion,1774220725,1,0,0
vqp8n68f,123,0c8babvz,21,mock_N08_N04_Aonly,Discussion,1774220726,1,0,0
vqp8n68f,124,ggocijrs,20,mock_N08_N04_Aonly,Phase3,1774220727,1,0,0
vqp8n68f,127,2thghv1d,4,presurvey,NeighborhoodInstruction,1774220729,1,0,0
vqp8n68f,122,4n4ruhj9,20,mock_N08_N04_Aonly,Phase3,1774220731,1,0,0
vqp8n68f,129,hta3fql7,6,presurvey,TrainingNeighbor_1,1774220732,1,0,0
vqp8n68f,120,8yxdhs36,21,mock_N08_N04_Aonly,Discussion,1774220732,1,0,0
vqp8n68f,125,4uek5v4t,10,presurvey,ExperimentInstruction,1774220734,1,0,0
vqp8n68f,124,ggocijrs,21,mock_N08_N04_Aonly,Discussion,1774220736,1,0,0
vqp8n68f,117,p3b8oqbv,21,mock_N08_N04_Aonly,Discussion,1774220736,1,0,0
vqp8n68f,129,hta3fql7,10,presurvey,ExperimentInstruction,1774220740,1,0,0
vqp8n68f,122,4n4ruhj9,21,mock_N08_N04_Aonly,Discussion,1774220740,1,0,0
vqp8n68f,89,nhj1hg89,20,mock_N08_N04_Aonly,Phase3,1774220744,1,0,0
vqp8n68f,115,y3kkdj55,21,mock_N08_N04_Aonly,Discussion,1774220744,1,0,0
vqp8n68f,130,3oes661m,11,presurvey,Scenario,1774220746,1,0,0
vqp8n68f,131,c5ye0yi4,6,presurvey,TrainingNeighbor_1,1774220752,1,0,0
vqp8n68f,131,c5ye0yi4,10,presurvey,ExperimentInstruction,1774220767,1,0,0
vqp8n68f,121,wo2lorjj,12,presurvey,Commitment,1774220772,1,0,0
vqp8n68f,129,hta3fql7,11,presurvey,Scenario,1774220774,1,0,0
vqp8n68f,133,hd06sslt,0,,InitializeParticipant,1774220775,1,0,0
vqp8n68f,133,hd06sslt,1,presurvey,Introduction,1774220781,1,0,0
vqp8n68f,125,4uek5v4t,11,presurvey,Scenario,1774220789,1,0,0
vqp8n68f,133,hd06sslt,2,presurvey,AudioCheck,1774220797,1,0,0
vqp8n68f,132,mjkl4cs7,11,presurvey,Scenario,1774220801,1,0,0
vqp8n68f,131,c5ye0yi4,11,presurvey,Scenario,1774220807,1,0,0
vqp8n68f,133,hd06sslt,3,presurvey,Demographics,1774220813,1,0,0
vqp8n68f,127,2thghv1d,5,presurvey,Training,1774220818,1,0,0
vqp8n68f,130,3oes661m,12,presurvey,Commitment,1774220821,1,0,0
vqp8n68f,89,nhj1hg89,21,mock_N08_N04_Aonly,Discussion,1774220830,1,0,0
vqp8n68f,89,nhj1hg89,27,mock_N08_N04_Aonly,DiscussionGRPWaitPage,1774220830,2,0,1
vqp8n68f,115,y3kkdj55,27,mock_N08_N04_Aonly,DiscussionGRPWaitPage,1774220830,2,0,1
vqp8n68f,120,8yxdhs36,27,mock_N08_N04_Aonly,DiscussionGRPWaitPage,1774220830,2,0,1
vqp8n68f,124,ggocijrs,27,mock_N08_N04_Aonly,DiscussionGRPWaitPage,1774220830,2,0,1
vqp8n68f,117,p3b8oqbv,27,mock_N08_N04_Aonly,DiscussionGRPWaitPage,1774220830,2,0,1
vqp8n68f,122,4n4ruhj9,27,mock_N08_N04_Aonly,DiscussionGRPWaitPage,1774220830,2,0,1
vqp8n68f,123,0c8babvz,27,mock_N08_N04_Aonly,DiscussionGRPWaitPage,1774220830,2,0,1
vqp8n68f,126,e259pvyz,27,mock_N08_N04_Aonly,DiscussionGRPWaitPage,1774220830,2,0,1
vqp8n68f,89,nhj1hg89,32,mock_N08_N04_Aonly,Discussion,1774220838,2,0,0
vqp8n68f,127,2thghv1d,6,presurvey,TrainingNeighbor_1,1774220838,1,0,0
vqp8n68f,129,hta3fql7,12,presurvey,Commitment,1774220841,1,0,0
vqp8n68f,123,0c8babvz,32,mock_N08_N04_Aonly,Discussion,1774220842,2,0,0
vqp8n68f,120,8yxdhs36,32,mock_N08_N04_Aonly,Discussion,1774220844,2,0,0
vqp8n68f,122,4n4ruhj9,32,mock_N08_N04_Aonly,Discussion,1774220844,2,0,0
vqp8n68f,124,ggocijrs,32,mock_N08_N04_Aonly,Discussion,1774220844,2,0,0
vqp8n68f,126,e259pvyz,32,mock_N08_N04_Aonly,Discussion,1774220844,2,0,0
vqp8n68f,117,p3b8oqbv,32,mock_N08_N04_Aonly,Discussion,1774220844,2,0,0
vqp8n68f,127,2thghv1d,10,presurvey,ExperimentInstruction,1774220845,1,0,0
vqp8n68f,131,c5ye0yi4,12,presurvey,Commitment,1774220848,1,0,0
vqp8n68f,133,hd06sslt,4,presurvey,NeighborhoodInstruction,1774220852,1,0,0
vqp8n68f,127,2thghv1d,11,presurvey,Scenario,1774220858,1,0,0
vqp8n68f,115,y3kkdj55,32,mock_N08_N04_Aonly,Discussion,1774220859,2,0,0
vqp8n68f,89,nhj1hg89,38,mock_N08_N04_Aonly,DiscussionGRPWaitPage,1774220859,3,0,1
vqp8n68f,115,y3kkdj55,38,mock_N08_N04_Aonly,DiscussionGRPWaitPage,1774220859,3,0,1
vqp8n68f,120,8yxdhs36,38,mock_N08_N04_Aonly,DiscussionGRPWaitPage,1774220859,3,0,1
vqp8n68f,124,ggocijrs,38,mock_N08_N04_Aonly,DiscussionGRPWaitPage,1774220859,3,0,1
vqp8n68f,117,p3b8oqbv,38,mock_N08_N04_Aonly,DiscussionGRPWaitPage,1774220859,3,0,1
vqp8n68f,122,4n4ruhj9,38,mock_N08_N04_Aonly,DiscussionGRPWaitPage,1774220859,3,0,1
vqp8n68f,123,0c8babvz,38,mock_N08_N04_Aonly,DiscussionGRPWaitPage,1774220859,3,0,1
vqp8n68f,126,e259pvyz,38,mock_N08_N04_Aonly,DiscussionGRPWaitPage,1774220859,3,0,1
vqp8n68f,125,4uek5v4t,12,presurvey,Commitment,1774220859,1,0,0
vqp8n68f,123,0c8babvz,43,mock_N08_N04_Aonly,Discussion,1774220864,3,0,0
vqp8n68f,115,y3kkdj55,43,mock_N08_N04_Aonly,Discussion,1774220866,3,0,0
vqp8n68f,120,8yxdhs36,43,mock_N08_N04_Aonly,Discussion,1774220868,3,0,0
vqp8n68f,126,e259pvyz,43,mock_N08_N04_Aonly,Discussion,1774220869,3,0,0
vqp8n68f,117,p3b8oqbv,43,mock_N08_N04_Aonly,Discussion,1774220870,3,0,0
vqp8n68f,124,ggocijrs,43,mock_N08_N04_Aonly,Discussion,1774220874,3,0,0
vqp8n68f,134,m5g5u6r1,0,,InitializeParticipant,1774220876,1,0,0
vqp8n68f,127,2thghv1d,12,presurvey,Commitment,1774220881,1,0,0
vqp8n68f,122,4n4ruhj9,43,mock_N08_N04_Aonly,Discussion,1774220882,3,0,0
vqp8n68f,134,m5g5u6r1,1,presurvey,Introduction,1774220884,1,0,0
vqp8n68f,133,hd06sslt,5,presurvey,Training,1774220888,1,0,0
vqp8n68f,89,nhj1hg89,43,mock_N08_N04_Aonly,Discussion,1774220899,3,0,0
vqp8n68f,89,nhj1hg89,49,mock_N08_N04_Aonly,DiscussionGRPWaitPage,1774220900,4,0,1
vqp8n68f,115,y3kkdj55,49,mock_N08_N04_Aonly,DiscussionGRPWaitPage,1774220900,4,0,1
vqp8n68f,117,p3b8oqbv,49,mock_N08_N04_Aonly,DiscussionGRPWaitPage,1774220900,4,0,1
vqp8n68f,123,0c8babvz,49,mock_N08_N04_Aonly,DiscussionGRPWaitPage,1774220900,4,0,1
vqp8n68f,126,e259pvyz,49,mock_N08_N04_Aonly,DiscussionGRPWaitPage,1774220900,4,0,1
vqp8n68f,120,8yxdhs36,49,mock_N08_N04_Aonly,DiscussionGRPWaitPage,1774220900,4,0,1
vqp8n68f,124,ggocijrs,49,mock_N08_N04_Aonly,DiscussionGRPWaitPage,1774220900,4,0,1
vqp8n68f,122,4n4ruhj9,49,mock_N08_N04_Aonly,DiscussionGRPWaitPage,1774220900,4,0,1
vqp8n68f,134,m5g5u6r1,2,presurvey,AudioCheck,1774220900,1,0,0
vqp8n68f,123,0c8babvz,54,mock_N08_N04_Aonly,Discussion,1774220904,4,0,0
vqp8n68f,122,4n4ruhj9,54,mock_N08_N04_Aonly,Discussion,1774220904,4,0,0
vqp8n68f,126,e259pvyz,54,mock_N08_N04_Aonly,Discussion,1774220905,4,0,0
vqp8n68f,115,y3kkdj55,54,mock_N08_N04_Aonly,Discussion,1774220907,4,0,0
vqp8n68f,120,8yxdhs36,54,mock_N08_N04_Aonly,Discussion,1774220908,4,0,0
vqp8n68f,117,p3b8oqbv,54,mock_N08_N04_Aonly,Discussion,1774220908,4,0,0
vqp8n68f,124,ggocijrs,54,mock_N08_N04_Aonly,Discussion,1774220909,4,0,0
vqp8n68f,89,nhj1hg89,54,mock_N08_N04_Aonly,Discussion,1774220917,4,0,0
vqp8n68f,89,nhj1hg89,60,mock_N08_N04_Aonly,DiscussionGRPWaitPage,1774220917,5,0,1
vqp8n68f,115,y3kkdj55,60,mock_N08_N04_Aonly,DiscussionGRPWaitPage,1774220917,5,0,1
vqp8n68f,120,8yxdhs36,60,mock_N08_N04_Aonly,DiscussionGRPWaitPage,1774220917,5,0,1
vqp8n68f,124,ggocijrs,60,mock_N08_N04_Aonly,DiscussionGRPWaitPage,1774220917,5,0,1
vqp8n68f,117,p3b8oqbv,60,mock_N08_N04_Aonly,DiscussionGRPWaitPage,1774220917,5,0,1
vqp8n68f,122,4n4ruhj9,60,mock_N08_N04_Aonly,DiscussionGRPWaitPage,1774220917,5,0,1
vqp8n68f,123,0c8babvz,60,mock_N08_N04_Aonly,DiscussionGRPWaitPage,1774220917,5,0,1
vqp8n68f,126,e259pvyz,60,mock_N08_N04_Aonly,DiscussionGRPWaitPage,1774220917,5,0,1
vqp8n68f,122,4n4ruhj9,65,mock_N08_N04_Aonly,Discussion,1774220921,5,0,0
vqp8n68f,115,y3kkdj55,65,mock_N08_N04_Aonly,Discussion,1774220921,5,0,0
vqp8n68f,123,0c8babvz,65,mock_N08_N04_Aonly,Discussion,1774220922,5,0,0
vqp8n68f,120,8yxdhs36,65,mock_N08_N04_Aonly,Discussion,1774220923,5,0,0
vqp8n68f,133,hd06sslt,6,presurvey,TrainingNeighbor_1,1774220923,1,0,0
vqp8n68f,117,p3b8oqbv,65,mock_N08_N04_Aonly,Discussion,1774220923,5,0,0
vqp8n68f,134,m5g5u6r1,3,presurvey,Demographics,1774220925,1,0,0
vqp8n68f,126,e259pvyz,65,mock_N08_N04_Aonly,Discussion,1774220925,5,0,0
vqp8n68f,89,nhj1hg89,65,mock_N08_N04_Aonly,Discussion,1774220928,5,0,0
vqp8n68f,124,ggocijrs,65,mock_N08_N04_Aonly,Discussion,1774220928,5,0,0
vqp8n68f,89,nhj1hg89,71,mock_N08_N04_Aonly,DiscussionGRPWaitPage,1774220928,6,0,1
vqp8n68f,115,y3kkdj55,71,mock_N08_N04_Aonly,DiscussionGRPWaitPage,1774220928,6,0,1
vqp8n68f,120,8yxdhs36,71,mock_N08_N04_Aonly,DiscussionGRPWaitPage,1774220928,6,0,1
vqp8n68f,124,ggocijrs,71,mock_N08_N04_Aonly,DiscussionGRPWaitPage,1774220928,6,0,1
vqp8n68f,117,p3b8oqbv,71,mock_N08_N04_Aonly,DiscussionGRPWaitPage,1774220928,6,0,1
vqp8n68f,122,4n4ruhj9,71,mock_N08_N04_Aonly,DiscussionGRPWaitPage,1774220928,6,0,1
vqp8n68f,123,0c8babvz,71,mock_N08_N04_Aonly,DiscussionGRPWaitPage,1774220928,6,0,1
vqp8n68f,126,e259pvyz,71,mock_N08_N04_Aonly,DiscussionGRPWaitPage,1774220928,6,0,1
vqp8n68f,122,4n4ruhj9,76,mock_N08_N04_Aonly,Discussion,1774220931,6,0,0
vqp8n68f,133,hd06sslt,10,presurvey,ExperimentInstruction,1774220931,1,0,0
vqp8n68f,126,e259pvyz,76,mock_N08_N04_Aonly,Discussion,1774220931,6,0,0
vqp8n68f,115,y3kkdj55,76,mock_N08_N04_Aonly,Discussion,1774220932,6,0,0
vqp8n68f,123,0c8babvz,76,mock_N08_N04_Aonly,Discussion,1774220932,6,0,0
vqp8n68f,135,k7tp7dhv,0,,InitializeParticipant,1774220934,1,0,0
vqp8n68f,117,p3b8oqbv,76,mock_N08_N04_Aonly,Discussion,1774220934,6,0,0
vqp8n68f,124,ggocijrs,76,mock_N08_N04_Aonly,Discussion,1774220934,6,0,0
vqp8n68f,120,8yxdhs36,76,mock_N08_N04_Aonly,Discussion,1774220935,6,0,0
vqp8n68f,89,nhj1hg89,76,mock_N08_N04_Aonly,Discussion,1774220939,6,0,0
vqp8n68f,89,nhj1hg89,82,mock_N08_N04_Aonly,DiscussionGRPWaitPage,1774220940,7,0,1
vqp8n68f,115,y3kkdj55,82,mock_N08_N04_Aonly,DiscussionGRPWaitPage,1774220940,7,0,1
vqp8n68f,120,8yxdhs36,82,mock_N08_N04_Aonly,DiscussionGRPWaitPage,1774220940,7,0,1
vqp8n68f,124,ggocijrs,82,mock_N08_N04_Aonly,DiscussionGRPWaitPage,1774220940,7,0,1
vqp8n68f,117,p3b8oqbv,82,mock_N08_N04_Aonly,DiscussionGRPWaitPage,1774220940,7,0,1
vqp8n68f,122,4n4ruhj9,82,mock_N08_N04_Aonly,DiscussionGRPWaitPage,1774220940,7,0,1
vqp8n68f,123,0c8babvz,82,mock_N08_N04_Aonly,DiscussionGRPWaitPage,1774220940,7,0,1
vqp8n68f,126,e259pvyz,82,mock_N08_N04_Aonly,DiscussionGRPWaitPage,1774220940,7,0,1
vqp8n68f,122,4n4ruhj9,87,mock_N08_N04_Aonly,Discussion,1774220943,7,0,0
vqp8n68f,115,y3kkdj55,87,mock_N08_N04_Aonly,Discussion,1774220944,7,0,0
vqp8n68f,123,0c8babvz,87,mock_N08_N04_Aonly,Discussion,1774220944,7,0,0
vqp8n68f,124,ggocijrs,87,mock_N08_N04_Aonly,Discussion,1774220944,7,0,0
vqp8n68f,117,p3b8oqbv,87,mock_N08_N04_Aonly,Discussion,1774220945,7,0,0
vqp8n68f,120,8yxdhs36,87,mock_N08_N04_Aonly,Discussion,1774220945,7,0,0
vqp8n68f,126,e259pvyz,87,mock_N08_N04_Aonly,Discussion,1774220946,7,0,0
vqp8n68f,89,nhj1hg89,87,mock_N08_N04_Aonly,Discussion,1774220946,7,0,0
vqp8n68f,89,nhj1hg89,93,mock_N08_N04_Aonly,DiscussionGRPWaitPage,1774220946,8,0,1
vqp8n68f,115,y3kkdj55,93,mock_N08_N04_Aonly,DiscussionGRPWaitPage,1774220946,8,0,1
vqp8n68f,120,8yxdhs36,93,mock_N08_N04_Aonly,DiscussionGRPWaitPage,1774220946,8,0,1
vqp8n68f,117,p3b8oqbv,93,mock_N08_N04_Aonly,DiscussionGRPWaitPage,1774220946,8,0,1
vqp8n68f,122,4n4ruhj9,93,mock_N08_N04_Aonly,DiscussionGRPWaitPage,1774220946,8,0,1
vqp8n68f,124,ggocijrs,93,mock_N08_N04_Aonly,DiscussionGRPWaitPage,1774220946,8,0,1
vqp8n68f,123,0c8babvz,93,mock_N08_N04_Aonly,DiscussionGRPWaitPage,1774220946,8,0,1
vqp8n68f,126,e259pvyz,93,mock_N08_N04_Aonly,DiscussionGRPWaitPage,1774220946,8,0,1
vqp8n68f,134,m5g5u6r1,4,presurvey,NeighborhoodInstruction,1774220947,1,0,0
vqp8n68f,122,4n4ruhj9,98,mock_N08_N04_Aonly,Discussion,1774220950,8,0,0
vqp8n68f,115,y3kkdj55,98,mock_N08_N04_Aonly,Discussion,1774220950,8,0,0
vqp8n68f,123,0c8babvz,98,mock_N08_N04_Aonly,Discussion,1774220951,8,0,0
vqp8n68f,124,ggocijrs,98,mock_N08_N04_Aonly,Discussion,1774220952,8,0,0
vqp8n68f,89,nhj1hg89,98,mock_N08_N04_Aonly,Discussion,1774220952,8,0,0
vqp8n68f,117,p3b8oqbv,98,mock_N08_N04_Aonly,Discussion,1774220952,8,0,0
vqp8n68f,126,e259pvyz,98,mock_N08_N04_Aonly,Discussion,1774220953,8,0,0
vqp8n68f,120,8yxdhs36,98,mock_N08_N04_Aonly,Discussion,1774220954,8,0,0
vqp8n68f,89,nhj1hg89,104,mock_N08_N04_Aonly,DiscussionGRPWaitPage,1774220954,9,0,1
vqp8n68f,115,y3kkdj55,104,mock_N08_N04_Aonly,DiscussionGRPWaitPage,1774220954,9,0,1
vqp8n68f,117,p3b8oqbv,104,mock_N08_N04_Aonly,DiscussionGRPWaitPage,1774220954,9,0,1
vqp8n68f,120,8yxdhs36,104,mock_N08_N04_Aonly,DiscussionGRPWaitPage,1774220954,9,0,1
vqp8n68f,124,ggocijrs,104,mock_N08_N04_Aonly,DiscussionGRPWaitPage,1774220954,9,0,1
vqp8n68f,122,4n4ruhj9,104,mock_N08_N04_Aonly,DiscussionGRPWaitPage,1774220954,9,0,1
vqp8n68f,123,0c8babvz,104,mock_N08_N04_Aonly,DiscussionGRPWaitPage,1774220954,9,0,1
vqp8n68f,126,e259pvyz,104,mock_N08_N04_Aonly,DiscussionGRPWaitPage,1774220954,9,0,1
vqp8n68f,115,y3kkdj55,109,mock_N08_N04_Aonly,Discussion,1774220957,9,0,0
vqp8n68f,122,4n4ruhj9,109,mock_N08_N04_Aonly,Discussion,1774220958,9,0,0
vqp8n68f,123,0c8babvz,109,mock_N08_N04_Aonly,Discussion,1774220959,9,0,0
vqp8n68f,120,8yxdhs36,109,mock_N08_N04_Aonly,Discussion,1774220959,9,0,0
vqp8n68f,117,p3b8oqbv,109,mock_N08_N04_Aonly,Discussion,1774220959,9,0,0
vqp8n68f,124,ggocijrs,109,mock_N08_N04_Aonly,Discussion,1774220961,9,0,0
vqp8n68f,135,k7tp7dhv,1,presurvey,Introduction,1774220961,1,0,0
vqp8n68f,126,e259pvyz,109,mock_N08_N04_Aonly,Discussion,1774220962,9,0,0
vqp8n68f,133,hd06sslt,11,presurvey,Scenario,1774220962,1,0,0
vqp8n68f,89,nhj1hg89,109,mock_N08_N04_Aonly,Discussion,1774220977,9,0,0
vqp8n68f,89,nhj1hg89,115,mock_N08_N04_Aonly,DiscussionGRPWaitPage,1774220978,10,0,1
vqp8n68f,115,y3kkdj55,115,mock_N08_N04_Aonly,DiscussionGRPWaitPage,1774220978,10,0,1
vqp8n68f,120,8yxdhs36,115,mock_N08_N04_Aonly,DiscussionGRPWaitPage,1774220978,10,0,1
vqp8n68f,124,ggocijrs,115,mock_N08_N04_Aonly,DiscussionGRPWaitPage,1774220978,10,0,1
vqp8n68f,117,p3b8oqbv,115,mock_N08_N04_Aonly,DiscussionGRPWaitPage,1774220978,10,0,1
vqp8n68f,122,4n4ruhj9,115,mock_N08_N04_Aonly,DiscussionGRPWaitPage,1774220978,10,0,1
vqp8n68f,123,0c8babvz,115,mock_N08_N04_Aonly,DiscussionGRPWaitPage,1774220978,10,0,1
vqp8n68f,126,e259pvyz,115,mock_N08_N04_Aonly,DiscussionGRPWaitPage,1774220978,10,0,1
vqp8n68f,123,0c8babvz,120,mock_N08_N04_Aonly,Discussion,1774220981,10,0,0
vqp8n68f,126,e259pvyz,120,mock_N08_N04_Aonly,Discussion,1774220981,10,0,0
vqp8n68f,115,y3kkdj55,120,mock_N08_N04_Aonly,Discussion,1774220981,10,0,0
vqp8n68f,124,ggocijrs,120,mock_N08_N04_Aonly,Discussion,1774220982,10,0,0
vqp8n68f,122,4n4ruhj9,120,mock_N08_N04_Aonly,Discussion,1774220983,10,0,0
vqp8n68f,120,8yxdhs36,120,mock_N08_N04_Aonly,Discussion,1774220983,10,0,0
vqp8n68f,117,p3b8oqbv,120,mock_N08_N04_Aonly,Discussion,1774220984,10,0,0
vqp8n68f,134,m5g5u6r1,5,presurvey,Training,1774220985,1,0,0
vqp8n68f,135,k7tp7dhv,2,presurvey,AudioCheck,1774220996,1,0,0
vqp8n68f,134,m5g5u6r1,6,presurvey,TrainingNeighbor_1,1774221008,1,0,0
vqp8n68f,89,nhj1hg89,120,mock_N08_N04_Aonly,Discussion,1774221008,10,1,0
vqp8n68f,89,nhj1hg89,126,mock_N08_N04_Aonly,DiscussionGRPWaitPage,1774221008,11,0,1
vqp8n68f,115,y3kkdj55,126,mock_N08_N04_Aonly,DiscussionGRPWaitPage,1774221008,11,0,1
vqp8n68f,120,8yxdhs36,126,mock_N08_N04_Aonly,DiscussionGRPWaitPage,1774221008,11,0,1
vqp8n68f,124,ggocijrs,126,mock_N08_N04_Aonly,DiscussionGRPWaitPage,1774221008,11,0,1
vqp8n68f,117,p3b8oqbv,126,mock_N08_N04_Aonly,DiscussionGRPWaitPage,1774221008,11,0,1
vqp8n68f,122,4n4ruhj9,126,mock_N08_N04_Aonly,DiscussionGRPWaitPage,1774221008,11,0,1
vqp8n68f,123,0c8babvz,126,mock_N08_N04_Aonly,DiscussionGRPWaitPage,1774221008,11,0,1
vqp8n68f,126,e259pvyz,126,mock_N08_N04_Aonly,DiscussionGRPWaitPage,1774221008,11,0,1
vqp8n68f,115,y3kkdj55,131,mock_N08_N04_Aonly,Discussion,1774221011,11,0,0
vqp8n68f,124,ggocijrs,131,mock_N08_N04_Aonly,Discussion,1774221012,11,0,0
vqp8n68f,123,0c8babvz,131,mock_N08_N04_Aonly,Discussion,1774221012,11,0,0
vqp8n68f,126,e259pvyz,131,mock_N08_N04_Aonly,Discussion,1774221013,11,0,0
vqp8n68f,134,m5g5u6r1,10,presurvey,ExperimentInstruction,1774221014,1,0,0
vqp8n68f,122,4n4ruhj9,131,mock_N08_N04_Aonly,Discussion,1774221014,11,0,0
vqp8n68f,117,p3b8oqbv,131,mock_N08_N04_Aonly,Discussion,1774221016,11,0,0
vqp8n68f,120,8yxdhs36,131,mock_N08_N04_Aonly,Discussion,1774221016,11,0,0
vqp8n68f,135,k7tp7dhv,3,presurvey,Demographics,1774221035,1,0,0
vqp8n68f,89,nhj1hg89,131,mock_N08_N04_Aonly,Discussion,1774221039,11,1,0
vqp8n68f,89,nhj1hg89,137,mock_N08_N04_Aonly,DiscussionGRPWaitPage,1774221039,12,0,1
vqp8n68f,115,y3kkdj55,137,mock_N08_N04_Aonly,DiscussionGRPWaitPage,1774221039,12,0,1
vqp8n68f,120,8yxdhs36,137,mock_N08_N04_Aonly,DiscussionGRPWaitPage,1774221039,12,0,1
vqp8n68f,117,p3b8oqbv,137,mock_N08_N04_Aonly,DiscussionGRPWaitPage,1774221039,12,0,1
vqp8n68f,122,4n4ruhj9,137,mock_N08_N04_Aonly,DiscussionGRPWaitPage,1774221039,12,0,1
vqp8n68f,123,0c8babvz,137,mock_N08_N04_Aonly,DiscussionGRPWaitPage,1774221039,12,0,1
vqp8n68f,124,ggocijrs,137,mock_N08_N04_Aonly,DiscussionGRPWaitPage,1774221039,12,0,1
vqp8n68f,126,e259pvyz,137,mock_N08_N04_Aonly,DiscussionGRPWaitPage,1774221039,12,0,1
vqp8n68f,115,y3kkdj55,142,mock_N08_N04_Aonly,Discussion,1774221042,12,0,0
vqp8n68f,122,4n4ruhj9,142,mock_N08_N04_Aonly,Discussion,1774221042,12,0,0
vqp8n68f,120,8yxdhs36,142,mock_N08_N04_Aonly,Discussion,1774221044,12,0,0
vqp8n68f,126,e259pvyz,142,mock_N08_N04_Aonly,Discussion,1774221044,12,0,0
vqp8n68f,123,0c8babvz,142,mock_N08_N04_Aonly,Discussion,1774221045,12,0,0
vqp8n68f,117,p3b8oqbv,142,mock_N08_N04_Aonly,Discussion,1774221045,12,0,0
vqp8n68f,124,ggocijrs,142,mock_N08_N04_Aonly,Discussion,1774221046,12,0,0
vqp8n68f,134,m5g5u6r1,11,presurvey,Scenario,1774221059,1,0,0
vqp8n68f,89,nhj1hg89,142,mock_N08_N04_Aonly,Discussion,1774221070,12,1,0
vqp8n68f,89,nhj1hg89,148,mock_N08_N04_Aonly,DiscussionGRPWaitPage,1774221070,13,0,1
vqp8n68f,115,y3kkdj55,148,mock_N08_N04_Aonly,DiscussionGRPWaitPage,1774221070,13,0,1
vqp8n68f,120,8yxdhs36,148,mock_N08_N04_Aonly,DiscussionGRPWaitPage,1774221070,13,0,1
vqp8n68f,117,p3b8oqbv,148,mock_N08_N04_Aonly,DiscussionGRPWaitPage,1774221070,13,0,1
vqp8n68f,124,ggocijrs,148,mock_N08_N04_Aonly,DiscussionGRPWaitPage,1774221070,13,0,1
vqp8n68f,122,4n4ruhj9,148,mock_N08_N04_Aonly,DiscussionGRPWaitPage,1774221070,13,0,1
vqp8n68f,123,0c8babvz,148,mock_N08_N04_Aonly,DiscussionGRPWaitPage,1774221070,13,0,1
vqp8n68f,126,e259pvyz,148,mock_N08_N04_Aonly,DiscussionGRPWaitPage,1774221070,13,0,1
vqp8n68f,122,4n4ruhj9,153,mock_N08_N04_Aonly,Discussion,1774221073,13,0,0
vqp8n68f,115,y3kkdj55,153,mock_N08_N04_Aonly,Discussion,1774221074,13,0,0
vqp8n68f,120,8yxdhs36,153,mock_N08_N04_Aonly,Discussion,1774221074,13,0,0
vqp8n68f,123,0c8babvz,153,mock_N08_N04_Aonly,Discussion,1774221076,13,0,0
vqp8n68f,126,e259pvyz,153,mock_N08_N04_Aonly,Discussion,1774221076,13,0,0
vqp8n68f,124,ggocijrs,153,mock_N08_N04_Aonly,Discussion,1774221076,13,0,0
vqp8n68f,117,p3b8oqbv,153,mock_N08_N04_Aonly,Discussion,1774221077,13,0,0
vqp8n68f,89,nhj1hg89,153,mock_N08_N04_Aonly,Discussion,1774221088,13,0,0
vqp8n68f,89,nhj1hg89,159,mock_N08_N04_Aonly,DiscussionGRPWaitPage,1774221088,14,0,1
vqp8n68f,115,y3kkdj55,159,mock_N08_N04_Aonly,DiscussionGRPWaitPage,1774221088,14,0,1
vqp8n68f,120,8yxdhs36,159,mock_N08_N04_Aonly,DiscussionGRPWaitPage,1774221088,14,0,1
vqp8n68f,124,ggocijrs,159,mock_N08_N04_Aonly,DiscussionGRPWaitPage,1774221088,14,0,1
vqp8n68f,117,p3b8oqbv,159,mock_N08_N04_Aonly,DiscussionGRPWaitPage,1774221088,14,0,1
vqp8n68f,122,4n4ruhj9,159,mock_N08_N04_Aonly,DiscussionGRPWaitPage,1774221088,14,0,1
vqp8n68f,123,0c8babvz,159,mock_N08_N04_Aonly,DiscussionGRPWaitPage,1774221088,14,0,1
vqp8n68f,126,e259pvyz,159,mock_N08_N04_Aonly,DiscussionGRPWaitPage,1774221088,14,0,1
vqp8n68f,124,ggocijrs,164,mock_N08_N04_Aonly,Discussion,1774221091,14,0,0
vqp8n68f,115,y3kkdj55,164,mock_N08_N04_Aonly,Discussion,1774221092,14,0,0
vqp8n68f,122,4n4ruhj9,164,mock_N08_N04_Aonly,Discussion,1774221092,14,0,0
vqp8n68f,120,8yxdhs36,164,mock_N08_N04_Aonly,Discussion,1774221093,14,0,0
vqp8n68f,126,e259pvyz,164,mock_N08_N04_Aonly,Discussion,1774221093,14,0,0
vqp8n68f,117,p3b8oqbv,164,mock_N08_N04_Aonly,Discussion,1774221094,14,0,0
vqp8n68f,123,0c8babvz,164,mock_N08_N04_Aonly,Discussion,1774221094,14,0,0
vqp8n68f,89,nhj1hg89,164,mock_N08_N04_Aonly,Discussion,1774221097,14,0,0
vqp8n68f,123,0c8babvz,170,mock_N08_N04_Aonly,DiscussionGRPWaitPage,1774221097,15,0,1
vqp8n68f,89,nhj1hg89,170,mock_N08_N04_Aonly,DiscussionGRPWaitPage,1774221097,15,0,1
vqp8n68f,115,y3kkdj55,170,mock_N08_N04_Aonly,DiscussionGRPWaitPage,1774221097,15,0,1
vqp8n68f,120,8yxdhs36,170,mock_N08_N04_Aonly,DiscussionGRPWaitPage,1774221097,15,0,1
vqp8n68f,117,p3b8oqbv,170,mock_N08_N04_Aonly,DiscussionGRPWaitPage,1774221097,15,0,1
vqp8n68f,122,4n4ruhj9,170,mock_N08_N04_Aonly,DiscussionGRPWaitPage,1774221097,15,0,1
vqp8n68f,124,ggocijrs,170,mock_N08_N04_Aonly,DiscussionGRPWaitPage,1774221097,15,0,1
vqp8n68f,126,e259pvyz,170,mock_N08_N04_Aonly,DiscussionGRPWaitPage,1774221097,15,0,1
vqp8n68f,124,ggocijrs,175,mock_N08_N04_Aonly,Discussion,1774221099,15,0,0
vqp8n68f,122,4n4ruhj9,175,mock_N08_N04_Aonly,Discussion,1774221100,15,0,0
vqp8n68f,120,8yxdhs36,175,mock_N08_N04_Aonly,Discussion,1774221101,15,0,0
vqp8n68f,115,y3kkdj55,175,mock_N08_N04_Aonly,Discussion,1774221101,15,0,0
vqp8n68f,89,nhj1hg89,175,mock_N08_N04_Aonly,Discussion,1774221101,15,0,0
vqp8n68f,126,e259pvyz,175,mock_N08_N04_Aonly,Discussion,1774221102,15,0,0
vqp8n68f,117,p3b8oqbv,175,mock_N08_N04_Aonly,Discussion,1774221102,15,0,0
vqp8n68f,123,0c8babvz,175,mock_N08_N04_Aonly,Discussion,1774221107,15,0,0
vqp8n68f,89,nhj1hg89,181,mock_N08_N04_Aonly,DiscussionGRPWaitPage,1774221107,16,0,1
vqp8n68f,115,y3kkdj55,181,mock_N08_N04_Aonly,DiscussionGRPWaitPage,1774221107,16,0,1
vqp8n68f,120,8yxdhs36,181,mock_N08_N04_Aonly,DiscussionGRPWaitPage,1774221107,16,0,1
vqp8n68f,124,ggocijrs,181,mock_N08_N04_Aonly,DiscussionGRPWaitPage,1774221107,16,0,1
vqp8n68f,117,p3b8oqbv,181,mock_N08_N04_Aonly,DiscussionGRPWaitPage,1774221107,16,0,1
vqp8n68f,122,4n4ruhj9,181,mock_N08_N04_Aonly,DiscussionGRPWaitPage,1774221107,16,0,1
vqp8n68f,123,0c8babvz,181,mock_N08_N04_Aonly,DiscussionGRPWaitPage,1774221107,16,0,1
vqp8n68f,126,e259pvyz,181,mock_N08_N04_Aonly,DiscussionGRPWaitPage,1774221107,16,0,1
vqp8n68f,124,ggocijrs,186,mock_N08_N04_Aonly,Discussion,1774221110,16,0,0
vqp8n68f,122,4n4ruhj9,186,mock_N08_N04_Aonly,Discussion,1774221110,16,0,0
vqp8n68f,115,y3kkdj55,186,mock_N08_N04_Aonly,Discussion,1774221110,16,0,0
vqp8n68f,117,p3b8oqbv,186,mock_N08_N04_Aonly,Discussion,1774221110,16,0,0
vqp8n68f,126,e259pvyz,186,mock_N08_N04_Aonly,Discussion,1774221111,16,0,0
vqp8n68f,120,8yxdhs36,186,mock_N08_N04_Aonly,Discussion,1774221112,16,0,0
vqp8n68f,123,0c8babvz,186,mock_N08_N04_Aonly,Discussion,1774221113,16,0,0
vqp8n68f,135,k7tp7dhv,4,presurvey,NeighborhoodInstruction,1774221123,1,0,0
vqp8n68f,89,nhj1hg89,186,mock_N08_N04_Aonly,Discussion,1774221135,16,0,0
vqp8n68f,89,nhj1hg89,192,mock_N08_N04_Aonly,DiscussionGRPWaitPage,1774221135,17,0,1
vqp8n68f,115,y3kkdj55,192,mock_N08_N04_Aonly,DiscussionGRPWaitPage,1774221135,17,0,1
vqp8n68f,120,8yxdhs36,192,mock_N08_N04_Aonly,DiscussionGRPWaitPage,1774221135,17,0,1
vqp8n68f,124,ggocijrs,192,mock_N08_N04_Aonly,DiscussionGRPWaitPage,1774221135,17,0,1
vqp8n68f,117,p3b8oqbv,192,mock_N08_N04_Aonly,DiscussionGRPWaitPage,1774221135,17,0,1
vqp8n68f,122,4n4ruhj9,192,mock_N08_N04_Aonly,DiscussionGRPWaitPage,1774221135,17,0,1
vqp8n68f,123,0c8babvz,192,mock_N08_N04_Aonly,DiscussionGRPWaitPage,1774221135,17,0,1
vqp8n68f,126,e259pvyz,192,mock_N08_N04_Aonly,DiscussionGRPWaitPage,1774221135,17,0,1
vqp8n68f,122,4n4ruhj9,197,mock_N08_N04_Aonly,Discussion,1774221137,17,0,0
vqp8n68f,89,nhj1hg89,197,mock_N08_N04_Aonly,Discussion,1774221138,17,0,0
vqp8n68f,117,p3b8oqbv,197,mock_N08_N04_Aonly,Discussion,1774221138,17,0,0
vqp8n68f,115,y3kkdj55,197,mock_N08_N04_Aonly,Discussion,1774221138,17,0,0
vqp8n68f,120,8yxdhs36,197,mock_N08_N04_Aonly,Discussion,1774221139,17,0,0
vqp8n68f,123,0c8babvz,197,mock_N08_N04_Aonly,Discussion,1774221139,17,0,0
vqp8n68f,124,ggocijrs,197,mock_N08_N04_Aonly,Discussion,1774221139,17,0,0
vqp8n68f,126,e259pvyz,197,mock_N08_N04_Aonly,Discussion,1774221140,17,0,0
vqp8n68f,89,nhj1hg89,203,mock_N08_N04_Aonly,DiscussionGRPWaitPage,1774221141,18,0,1
vqp8n68f,115,y3kkdj55,203,mock_N08_N04_Aonly,DiscussionGRPWaitPage,1774221141,18,0,1
vqp8n68f,120,8yxdhs36,203,mock_N08_N04_Aonly,DiscussionGRPWaitPage,1774221141,18,0,1
vqp8n68f,124,ggocijrs,203,mock_N08_N04_Aonly,DiscussionGRPWaitPage,1774221141,18,0,1
vqp8n68f,117,p3b8oqbv,203,mock_N08_N04_Aonly,DiscussionGRPWaitPage,1774221141,18,0,1
vqp8n68f,122,4n4ruhj9,203,mock_N08_N04_Aonly,DiscussionGRPWaitPage,1774221141,18,0,1
vqp8n68f,123,0c8babvz,203,mock_N08_N04_Aonly,DiscussionGRPWaitPage,1774221141,18,0,1
vqp8n68f,126,e259pvyz,203,mock_N08_N04_Aonly,DiscussionGRPWaitPage,1774221141,18,0,1
vqp8n68f,122,4n4ruhj9,208,mock_N08_N04_Aonly,Discussion,1774221143,18,0,0
vqp8n68f,126,e259pvyz,208,mock_N08_N04_Aonly,Discussion,1774221143,18,0,0
vqp8n68f,124,ggocijrs,208,mock_N08_N04_Aonly,Discussion,1774221143,18,0,0
vqp8n68f,115,y3kkdj55,208,mock_N08_N04_Aonly,Discussion,1774221144,18,0,0
vqp8n68f,123,0c8babvz,208,mock_N08_N04_Aonly,Discussion,1774221144,18,0,0
vqp8n68f,117,p3b8oqbv,208,mock_N08_N04_Aonly,Discussion,1774221145,18,0,0
vqp8n68f,120,8yxdhs36,208,mock_N08_N04_Aonly,Discussion,1774221145,18,0,0
vqp8n68f,89,nhj1hg89,208,mock_N08_N04_Aonly,Discussion,1774221149,18,0,0
vqp8n68f,89,nhj1hg89,214,mock_N08_N04_Aonly,DiscussionGRPWaitPage,1774221149,19,0,1
vqp8n68f,115,y3kkdj55,214,mock_N08_N04_Aonly,DiscussionGRPWaitPage,1774221149,19,0,1
vqp8n68f,120,8yxdhs36,214,mock_N08_N04_Aonly,DiscussionGRPWaitPage,1774221149,19,0,1
vqp8n68f,124,ggocijrs,214,mock_N08_N04_Aonly,DiscussionGRPWaitPage,1774221149,19,0,1
vqp8n68f,117,p3b8oqbv,214,mock_N08_N04_Aonly,DiscussionGRPWaitPage,1774221149,19,0,1
vqp8n68f,122,4n4ruhj9,214,mock_N08_N04_Aonly,DiscussionGRPWaitPage,1774221149,19,0,1
vqp8n68f,123,0c8babvz,214,mock_N08_N04_Aonly,DiscussionGRPWaitPage,1774221149,19,0,1
vqp8n68f,126,e259pvyz,214,mock_N08_N04_Aonly,DiscussionGRPWaitPage,1774221149,19,0,1
vqp8n68f,126,e259pvyz,219,mock_N08_N04_Aonly,Discussion,1774221152,19,0,0
vqp8n68f,122,4n4ruhj9,219,mock_N08_N04_Aonly,Discussion,1774221152,19,0,0
vqp8n68f,123,0c8babvz,219,mock_N08_N04_Aonly,Discussion,1774221153,19,0,0
vqp8n68f,117,p3b8oqbv,219,mock_N08_N04_Aonly,Discussion,1774221153,19,0,0
vqp8n68f,120,8yxdhs36,219,mock_N08_N04_Aonly,Discussion,1774221153,19,0,0
vqp8n68f,124,ggocijrs,219,mock_N08_N04_Aonly,Discussion,1774221153,19,0,0
vqp8n68f,136,z11h15tl,0,,InitializeParticipant,1774221157,1,0,0
vqp8n68f,115,y3kkdj55,219,mock_N08_N04_Aonly,Discussion,1774221157,19,0,0
vqp8n68f,136,z11h15tl,1,presurvey,Introduction,1774221160,1,0,0
vqp8n68f,89,nhj1hg89,219,mock_N08_N04_Aonly,Discussion,1774221167,19,0,0
vqp8n68f,124,ggocijrs,225,mock_N08_N04_Aonly,DiscussionGRPWaitPage,1774221168,20,0,1
vqp8n68f,117,p3b8oqbv,225,mock_N08_N04_Aonly,DiscussionGRPWaitPage,1774221168,20,0,1
vqp8n68f,122,4n4ruhj9,225,mock_N08_N04_Aonly,DiscussionGRPWaitPage,1774221168,20,0,1
vqp8n68f,123,0c8babvz,225,mock_N08_N04_Aonly,DiscussionGRPWaitPage,1774221168,20,0,1
vqp8n68f,126,e259pvyz,225,mock_N08_N04_Aonly,DiscussionGRPWaitPage,1774221168,20,0,1
vqp8n68f,89,nhj1hg89,225,mock_N08_N04_Aonly,DiscussionGRPWaitPage,1774221168,20,0,1
vqp8n68f,115,y3kkdj55,225,mock_N08_N04_Aonly,DiscussionGRPWaitPage,1774221168,20,0,1
vqp8n68f,120,8yxdhs36,225,mock_N08_N04_Aonly,DiscussionGRPWaitPage,1774221168,20,0,1
vqp8n68f,122,4n4ruhj9,230,mock_N08_N04_Aonly,Discussion,1774221170,20,0,0
vqp8n68f,117,p3b8oqbv,230,mock_N08_N04_Aonly,Discussion,1774221170,20,0,0
vqp8n68f,120,8yxdhs36,230,mock_N08_N04_Aonly,Discussion,1774221171,20,0,0
vqp8n68f,115,y3kkdj55,230,mock_N08_N04_Aonly,Discussion,1774221171,20,0,0
vqp8n68f,123,0c8babvz,230,mock_N08_N04_Aonly,Discussion,1774221173,20,0,0
vqp8n68f,126,e259pvyz,230,mock_N08_N04_Aonly,Discussion,1774221174,20,0,0
vqp8n68f,124,ggocijrs,230,mock_N08_N04_Aonly,Discussion,1774221174,20,0,0
vqp8n68f,136,z11h15tl,2,presurvey,AudioCheck,1774221176,1,0,0
vqp8n68f,89,nhj1hg89,230,mock_N08_N04_Aonly,Discussion,1774221180,20,0,0
vqp8n68f,126,e259pvyz,231,mock_N08_N04_Aonly,FinalRoundWaitPage,1774221180,20,0,1
vqp8n68f,124,ggocijrs,231,mock_N08_N04_Aonly,FinalRoundWaitPage,1774221180,20,0,1
vqp8n68f,117,p3b8oqbv,231,mock_N08_N04_Aonly,FinalRoundWaitPage,1774221180,20,0,1
vqp8n68f,89,nhj1hg89,231,mock_N08_N04_Aonly,FinalRoundWaitPage,1774221180,20,0,1
vqp8n68f,120,8yxdhs36,231,mock_N08_N04_Aonly,FinalRoundWaitPage,1774221180,20,0,1
vqp8n68f,122,4n4ruhj9,231,mock_N08_N04_Aonly,FinalRoundWaitPage,1774221180,20,0,1
vqp8n68f,115,y3kkdj55,231,mock_N08_N04_Aonly,FinalRoundWaitPage,1774221180,20,0,1
vqp8n68f,123,0c8babvz,231,mock_N08_N04_Aonly,FinalRoundWaitPage,1774221180,20,0,1
vqp8n68f,135,k7tp7dhv,5,presurvey,Training,1774221182,1,0,0
vqp8n68f,136,z11h15tl,3,presurvey,Demographics,1774221185,1,0,0
vqp8n68f,124,ggocijrs,232,mock_N08_N04_Aonly,FinalRound,1774221187,20,0,0
vqp8n68f,122,4n4ruhj9,232,mock_N08_N04_Aonly,FinalRound,1774221187,20,0,0
vqp8n68f,120,8yxdhs36,232,mock_N08_N04_Aonly,FinalRound,1774221188,20,0,0
vqp8n68f,117,p3b8oqbv,232,mock_N08_N04_Aonly,FinalRound,1774221188,20,0,0
vqp8n68f,126,e259pvyz,232,mock_N08_N04_Aonly,FinalRound,1774221189,20,0,0
vqp8n68f,115,y3kkdj55,232,mock_N08_N04_Aonly,FinalRound,1774221190,20,0,0
vqp8n68f,123,0c8babvz,232,mock_N08_N04_Aonly,FinalRound,1774221195,20,0,0
vqp8n68f,136,z11h15tl,4,presurvey,NeighborhoodInstruction,1774221200,1,0,0
vqp8n68f,89,nhj1hg89,232,mock_N08_N04_Aonly,FinalRound,1774221211,20,0,0
vqp8n68f,136,z11h15tl,5,presurvey,Training,1774221263,1,0,0
vqp8n68f,135,k7tp7dhv,6,presurvey,TrainingNeighbor_1,1774221275,1,0,0
vqp8n68f,137,nmwn20ck,0,,InitializeParticipant,1774221282,1,0,0
vqp8n68f,135,k7tp7dhv,7,presurvey,TrainingNeighbor_2,1774221294,1,0,0
vqp8n68f,136,z11h15tl,6,presurvey,TrainingNeighbor_1,1774221297,1,0,0
vqp8n68f,136,z11h15tl,10,presurvey,ExperimentInstruction,1774221303,1,0,0
vqp8n68f,135,k7tp7dhv,10,presurvey,ExperimentInstruction,1774221311,1,0,0
vqp8n68f,137,nmwn20ck,1,presurvey,Introduction,1774221325,1,0,0
vqp8n68f,136,z11h15tl,11,presurvey,Scenario,1774221328,1,0,0
vqp8n68f,137,nmwn20ck,2,presurvey,AudioCheck,1774221341,1,0,0
vqp8n68f,138,m887otbw,0,,InitializeParticipant,1774221350,1,0,0
vqp8n68f,137,nmwn20ck,3,presurvey,Demographics,1774221354,1,0,0
vqp8n68f,138,m887otbw,1,presurvey,Introduction,1774221360,1,0,0
vqp8n68f,135,k7tp7dhv,11,presurvey,Scenario,1774221361,1,0,0
vqp8n68f,136,z11h15tl,12,presurvey,Commitment,1774221368,1,0,0
vqp8n68f,138,m887otbw,2,presurvey,AudioCheck,1774221374,1,0,0
vqp8n68f,137,nmwn20ck,4,presurvey,NeighborhoodInstruction,1774221381,1,0,0
vqp8n68f,138,m887otbw,3,presurvey,Demographics,1774221385,1,0,0
vqp8n68f,138,m887otbw,4,presurvey,NeighborhoodInstruction,1774221406,1,0,0
vqp8n68f,137,nmwn20ck,5,presurvey,Training,1774221421,1,0,0
vqp8n68f,137,nmwn20ck,6,presurvey,TrainingNeighbor_1,1774221439,1,0,0
vqp8n68f,138,m887otbw,5,presurvey,Training,1774221441,1,0,0
vqp8n68f,137,nmwn20ck,7,presurvey,TrainingNeighbor_2,1774221449,1,0,0
vqp8n68f,137,nmwn20ck,10,presurvey,ExperimentInstruction,1774221452,1,0,0
vqp8n68f,139,7btinip8,0,,InitializeParticipant,1774221464,1,0,0
vqp8n68f,138,m887otbw,6,presurvey,TrainingNeighbor_1,1774221466,1,0,0
vqp8n68f,138,m887otbw,10,presurvey,ExperimentInstruction,1774221473,1,0,0
vqp8n68f,138,m887otbw,11,presurvey,Scenario,1774221496,1,0,0
vqp8n68f,137,nmwn20ck,11,presurvey,Scenario,1774221499,1,0,0
vqp8n68f,140,z7ww13lw,0,,InitializeParticipant,1774221502,1,0,0
vqp8n68f,137,nmwn20ck,12,presurvey,Commitment,1774221526,1,0,0
vqp8n68f,140,z7ww13lw,1,presurvey,Introduction,1774221539,1,0,0
vqp8n68f,140,z7ww13lw,2,presurvey,AudioCheck,1774221553,1,0,0
vqp8n68f,140,z7ww13lw,3,presurvey,Demographics,1774221565,1,0,0
vqp8n68f,140,z7ww13lw,4,presurvey,NeighborhoodInstruction,1774221578,1,0,0
vqp8n68f,140,z7ww13lw,5,presurvey,Training,1774221606,1,0,0
vqp8n68f,141,iom6j1p5,0,,InitializeParticipant,1774221639,1,0,0
vqp8n68f,141,iom6j1p5,1,presurvey,Introduction,1774221643,1,0,0
vqp8n68f,140,z7ww13lw,6,presurvey,TrainingNeighbor_1,1774221661,1,0,0
vqp8n68f,141,iom6j1p5,2,presurvey,AudioCheck,1774221663,1,0,0
vqp8n68f,140,z7ww13lw,10,presurvey,ExperimentInstruction,1774221672,1,0,0
vqp8n68f,141,iom6j1p5,3,presurvey,Demographics,1774221675,1,0,0
vqp8n68f,141,iom6j1p5,4,presurvey,NeighborhoodInstruction,1774221687,1,0,0
vqp8n68f,140,z7ww13lw,11,presurvey,Scenario,1774221697,1,0,0
vqp8n68f,141,iom6j1p5,5,presurvey,Training,1774221709,1,0,0
vqp8n68f,141,iom6j1p5,6,presurvey,TrainingNeighbor_1,1774221725,1,0,0
vqp8n68f,141,iom6j1p5,10,presurvey,ExperimentInstruction,1774221732,1,0,0
vqp8n68f,142,xrvuz1wy,0,,InitializeParticipant,1774221744,1,0,0
vqp8n68f,142,xrvuz1wy,1,presurvey,Introduction,1774221747,1,0,0
vqp8n68f,141,iom6j1p5,11,presurvey,Scenario,1774221760,1,0,0
vqp8n68f,142,xrvuz1wy,2,presurvey,AudioCheck,1774221774,1,0,0
vqp8n68f,142,xrvuz1wy,3,presurvey,Demographics,1774221786,1,0,0
vqp8n68f,141,iom6j1p5,12,presurvey,Commitment,1774221802,1,0,0
vqp8n68f,142,xrvuz1wy,4,presurvey,NeighborhoodInstruction,1774221810,1,0,0
vqp8n68f,142,xrvuz1wy,5,presurvey,Training,1774221821,1,0,0
vqp8n68f,142,xrvuz1wy,6,presurvey,TrainingNeighbor_1,1774221837,1,0,0
vqp8n68f,142,xrvuz1wy,10,presurvey,ExperimentInstruction,1774221844,1,0,0
vqp8n68f,143,4rl6p0g6,0,,InitializeParticipant,1774221846,1,0,0
vqp8n68f,142,xrvuz1wy,11,presurvey,Scenario,1774221858,1,0,0
vqp8n68f,143,4rl6p0g6,1,presurvey,Introduction,1774221891,1,0,0
vqp8n68f,143,4rl6p0g6,2,presurvey,AudioCheck,1774221910,1,0,0
vqp8n68f,121,wo2lorjj,13,mock_N08_N04_Aonly,GroupingWaitPage,1774221913,1,0,1
vqp8n68f,121,wo2lorjj,14,mock_N08_N04_Aonly,GroupSizeWaitPage,1774221913,1,0,1
vqp8n68f,121,wo2lorjj,15,mock_N08_N04_Aonly,AttentionCheck,1774221925,1,0,0
vqp8n68f,143,4rl6p0g6,3,presurvey,Demographics,1774221934,1,0,0
vqp8n68f,143,4rl6p0g6,4,presurvey,NeighborhoodInstruction,1774221952,1,0,0
vqp8n68f,143,4rl6p0g6,5,presurvey,Training,1774221987,1,0,0
vqp8n68f,129,hta3fql7,13,mock_N08_N04_Aonly,GroupingWaitPage,1774221988,1,0,1
vqp8n68f,131,c5ye0yi4,13,mock_N08_N04_Aonly,GroupingWaitPage,1774221988,1,0,1
vqp8n68f,129,hta3fql7,14,mock_N08_N04_Aonly,GroupSizeWaitPage,1774221988,1,0,1
vqp8n68f,131,c5ye0yi4,14,mock_N08_N04_Aonly,GroupSizeWaitPage,1774221989,1,0,1
vqp8n68f,131,c5ye0yi4,15,mock_N08_N04_Aonly,AttentionCheck,1774221994,1,0,0
vqp8n68f,129,hta3fql7,15,mock_N08_N04_Aonly,AttentionCheck,1774221996,1,0,0
vqp8n68f,127,2thghv1d,13,mock_N08_N04_Aonly,GroupingWaitPage,1774222024,1,0,1
vqp8n68f,127,2thghv1d,14,mock_N08_N04_Aonly,GroupSizeWaitPage,1774222024,1,0,1
vqp8n68f,143,4rl6p0g6,6,presurvey,TrainingNeighbor_1,1774222030,1,0,0
vqp8n68f,127,2thghv1d,15,mock_N08_N04_Aonly,AttentionCheck,1774222030,1,0,0
vqp8n68f,143,4rl6p0g6,7,presurvey,TrainingNeighbor_2,1774222048,1,0,0
vqp8n68f,143,4rl6p0g6,10,presurvey,ExperimentInstruction,1774222056,1,0,0
vqp8n68f,143,4rl6p0g6,11,presurvey,Scenario,1774222083,1,0,0
vqp8n68f,139,7btinip8,1,presurvey,Introduction,1774222243,1,0,0
vqp8n68f,139,7btinip8,2,presurvey,AudioCheck,1774222261,1,0,0
vqp8n68f,139,7btinip8,3,presurvey,Demographics,1774222277,1,0,0
